{"type":"FeatureCollection","features":[{"type":"Feature","properties":{"wkr_nr":1,"wkr_name":"Flensburg - Schleswig","state_name":"Schleswig-Holstein","elected_party":"cdu","elected_party_share":0.4251,"zweitstimme_top_party":"cdu","zweitstimme_top_share":0.3819,"turnout":0.717132860970107,"eligible_voters":226944.0,"erststimme_top6":[["cdu",0.4251],["spd",0.372],["gruene",0.0778],["linke_pds",0.0463],["afd",0.0326],["piraten",0.0213]],"zweitstimme_top6":[["cdu",0.3819],["spd",0.3262],["gruene",0.0979],["linke_pds",0.0566],["fdp",0.0502],["afd",0.0409]]},"geometry":{"type":"Polygon","coordinates":[[[9.981352257350586,54.64238910873818],[9.9684030415001,54.6450029570894],[9.898616845946993,54.61761933714342],[9.760876285346974,54.55722574044929],[9.718082262791604,54.528629173056196],[9.673099709554,54.51533472613596],[9.674674769051695,54.49290125522229],[9.631711734802876,54.473043232334454],[9.641851994405684,54.45375768867343],[9.569107128010426,54.43249671964856],[9.552532976302517,54.42045841017491],[9.546650184350376,54.39982866620957],[9.565554349128973,54.3727271641052],[9.555221890191868,54.35739654011387],[9.474525530852699,54.33714942900116],[9.415612311738961,54.34634043665903],[9.389599600097059,54.32431788708576],[9.402456327668224,54.32355789341051],[9.393854938973902,54.288843925329516],[9.304522149844864,54.2714785136815],[9.286899708795179,54.275726056756696],[9.26033936644235,54.3043654258769],[9.260186719490532,54.309361496592494],[9.274391411461357,54.30833964087139],[9.277805060401104,54.32466539511308],[9.249867176090675,54.34040409803167],[9.219793189492846,54.34617914279102],[9.22979254463398,54.33866686822907],[9.225521789786523,54.32253674153908],[9.200142528694093,54.321399502419574],[9.175840980126214,54.33467126394887],[9.172456206898683,54.3485890306017],[9.212763028311214,54.38406609306302],[9.240449763672801,54.37312476776374],[9.26389844633258,54.3728147809953],[9.26485666167922,54.39961203565792],[9.323828374936797,54.44230872229739],[9.327096574701262,54.45586004735475],[9.28093936695945,54.514923996640825],[9.304172150442648,54.530718507393566],[9.310895608891581,54.55955242632192],[9.255539069479653,54.588628276321145],[9.222776710862684,54.64780788885882],[9.187315142441008,54.66065898523451],[9.166196957013145,54.691455908498675],[9.091981387451554,54.69337996762545],[9.062899537748446,54.700973020234144],[9.082338412348424,54.709995712748864],[9.081611889144154,54.75676301766056],[9.1106903192794,54.768492589839276],[9.120196170452692,54.78820778049311],[9.09910640090734,54.81501402715421],[9.113179131113743,54.87369168219291],[9.14292999960863,54.873028796597524],[9.240259560896801,54.84997794651005],[9.235836639320937,54.83115681178704],[9.250097010006185,54.80965089166875],[9.34646908614568,54.80668111520379],[9.373865596964595,54.82112229797067],[9.382842176033819,54.839135109903424],[9.40830990274784,54.84263402433405],[9.4346868458867,54.82709087490943],[9.437445539352929,54.82797328646855],[9.482709619491217,54.837034623505026],[9.59242059953627,54.88702408321986],[9.628910585766418,54.87969683334207],[9.604871274531428,54.854846775819524],[9.677146246258266,54.83792918463947],[9.7476450285667,54.82409851653088],[9.849826366330594,54.75481276213134],[9.8769371189317,54.75296603453383],[9.91012012667377,54.797511831007164],[9.957105904988987,54.77964261753089],[9.989734472637306,54.717562605831354],[10.036644429924822,54.687102198668235],[10.030831644890005,54.636462517601366],[9.981352257350586,54.64238910873818]]]}},{"type":"Feature","properties":{"wkr_nr":2,"wkr_name":"Nordfriesland - Dithmarschen Nord","state_name":"Schleswig-Holstein","elected_party":"cdu","elected_party_share":0.498,"zweitstimme_top_party":"cdu","zweitstimme_top_share":0.4336,"turnout":0.706462130123485,"eligible_voters":186177.0,"erststimme_top6":[["cdu",0.498],["spd",0.3212],["gruene",0.0652],["linke_pds",0.0358],["afd",0.0306],["fdp",0.0244]],"zweitstimme_top6":[["cdu",0.4336],["spd",0.2967],["gruene",0.0811],["fdp",0.064],["linke_pds",0.0441],["afd",0.0384]]},"geometry":{"type":"MultiPolygon","coordinates":[[[[8.914112692676422,54.47009950421112],[8.877790053164782,54.45937204675943],[8.807022237507212,54.470597627066056],[8.81319774136895,54.50338085005417],[8.865352785581297,54.52376290775121],[8.887032558298296,54.519542933455966],[8.945164737433977,54.514542054397616],[8.949103773531508,54.50047549393033],[8.914112692676422,54.47009950421112]]],[[[8.668845095841416,54.49456843008404],[8.626236403793364,54.489214977646824],[8.593288402280841,54.50818771775161],[8.591828932747786,54.53232283979995],[8.683207774772356,54.55341214048949],[8.70683324993669,54.55205308292623],[8.702986488190856,54.545437628594996],[8.668845095841416,54.49456843008404]]],[[[8.573243984641248,54.565157975908896],[8.563156477054367,54.55717039783373],[8.508805681363821,54.576872476156815],[8.558266723481067,54.57775469859421],[8.573243984641248,54.565157975908896]]],[[[8.646937008847543,54.639292121414094],[8.551921479888199,54.620607917083966],[8.528872872020049,54.62710700050187],[8.539795345153738,54.636156435830635],[8.643213460223398,54.65068420906785],[8.66345233564773,54.66314739369454],[8.660474896676655,54.64659016723607],[8.646937008847543,54.639292121414094]]],[[[8.709074620322944,54.67417101585561],[8.683900001979264,54.67226551870589],[8.710092200561045,54.690271095244036],[8.721086749595193,54.68574160182876],[8.709074620322944,54.67417101585561]]],[[[8.401731731584045,54.626484352664576],[8.374042180897515,54.61166490310565],[8.346368746952923,54.61259528869798],[8.29577134741216,54.65928245240908],[8.30356099135529,54.68316756020597],[8.349019568689076,54.709507777748094],[8.360075864586525,54.70987984073423],[8.338953518993852,54.69496433213593],[8.361465897515398,54.648872089622444],[8.401731731584045,54.626484352664576]]],[[[8.596731940869763,54.7186775592831],[8.566935649556596,54.68078847409496],[8.485185914282884,54.6806252590552],[8.396927189148526,54.70548022964354],[8.404837375649329,54.730031655496155],[8.427290994428988,54.746033124856],[8.548886655121072,54.75397225077562],[8.583230929787774,54.74450400684719],[8.596731940869763,54.7186775592831]]],[[[8.63752317127332,54.91131535298276],[8.727879774582531,54.89273851667761],[8.824196197196926,54.90685667672705],[8.860041912558344,54.89683093039497],[8.894937403441673,54.90397516037803],[8.947880565454241,54.90254227844738],[9.04837436649051,54.87193774926973],[9.1131791311138,54.87369168219289],[9.09910640090731,54.815014027154234],[9.12019617045275,54.788207780493124],[9.110690319279444,54.76849258983931],[9.081611889144154,54.75676301766055],[9.082338412348463,54.709995712748835],[9.062899537748477,54.70097302023416],[9.091981387451499,54.69337996762543],[9.16619695701316,54.69145590849866],[9.18731514244095,54.660658985234484],[9.222776710862675,54.64780788885882],[9.255539069479692,54.58862827632117],[9.310895608891546,54.55955242632194],[9.304172150442653,54.530718507393594],[9.280939366959398,54.51492399664085],[9.327096574701219,54.45586004735475],[9.32382837493676,54.44230872229739],[9.264856661679254,54.39961203565792],[9.263898446332593,54.372814780995256],[9.240449763672753,54.373124767763734],[9.212763028311272,54.38406609306301],[9.172456206898683,54.3485890306017],[9.17584098012627,54.33467126394886],[9.200142528694068,54.32139950241959],[9.225521789786546,54.32253674153908],[9.229792544634037,54.338666868229076],[9.21979318949286,54.346179142791016],[9.249867176090703,54.340404098031684],[9.27780506040109,54.32466539511311],[9.274391411461393,54.30833964087143],[9.260186719490553,54.30936149659253],[9.260339366442322,54.304365425876895],[9.286899708795229,54.275726056756724],[9.304522149844923,54.27147851368154],[9.393854938973892,54.288843925329516],[9.444426026026534,54.2422130938944],[9.429689263393593,54.20727366919402],[9.331009643680003,54.18868304909476],[9.24519222873854,54.18819677776866],[9.229870287257961,54.15242792401848],[9.179508444839641,54.157968801808835],[9.139985675887846,54.13462732784917],[9.065867085563454,54.13107944902136],[8.986560270715419,54.14414219575644],[8.932360841772843,54.123811891570085],[8.908491063708073,54.135268932669106],[8.865693783772796,54.1225795959763],[8.83889121682982,54.132241041263455],[8.80935813191189,54.17089026969719],[8.840398372067693,54.222566171078],[8.841552032970894,54.266006926845954],[8.841053749731149,54.279993635424205],[8.822089478704518,54.29157710168853],[8.78210962402129,54.280846811280625],[8.758820745150814,54.291108258088485],[8.705889714909066,54.28830304147726],[8.67904322301811,54.27097894562428],[8.691449133948318,54.26845035578201],[8.674257671857186,54.26662684107183],[8.590174772018402,54.29216513529184],[8.578747546723985,54.30738886391909],[8.596907712941483,54.349898416150864],[8.612087300448447,54.35476304530696],[8.61338570682264,54.345846774344615],[8.63424901843499,54.33758407976211],[8.69144378789309,54.35585447996291],[8.690955728774924,54.373849083491834],[8.665663326254982,54.36938598903207],[8.648964563301455,54.379013884669426],[8.660586118099285,54.395597217799896],[8.809462016285611,54.409754771119864],[8.872527751677996,54.40550775872055],[8.911572531507012,54.416880852899936],[8.96679643468396,54.45558360845813],[9.00182774000422,54.462648044220415],[9.016996909948109,54.4853462180089],[8.991006369816311,54.52355658239298],[8.939297647045018,54.546259448053185],[8.90513802228805,54.59076402045349],[8.88587482301393,54.608935621159084],[8.846596149970813,54.625478464715535],[8.830540364452622,54.651919593634545],[8.753872699293025,54.68197429244007],[8.749913826913557,54.71331063165291],[8.715331874678608,54.73731688603167],[8.685835526600956,54.791540371649454],[8.657534877902059,54.795853936240995],[8.6449668401605,54.81854381191305],[8.60863824268337,54.84113195763378],[8.613467569703566,54.87831556782098],[8.637191495642785,54.89612391653285],[8.63752317127332,54.91131535298276]]],[[[8.4451080884066,55.050320531289266],[8.463943645546644,55.045823693064406],[8.44708848228822,55.04283919927515],[8.42915425935803,55.04883852212511],[8.395453812483469,55.04568456269636],[8.399506014279854,55.03519254044481],[8.426878836418897,55.03283970373677],[8.439610601662299,55.01815469728948],[8.379346073171806,54.99660266864587],[8.352728762929319,54.96786205224248],[8.361916822406904,54.910138484187925],[8.376148392241255,54.89420671292451],[8.422698823179898,54.87812012336678],[8.489094724936443,54.87595726106201],[8.414497947031471,54.84727094439191],[8.340910653416248,54.88166481037953],[8.306358603623993,54.858531058661605],[8.293500883368043,54.826990777084774],[8.293212719035795,54.73631548674302],[8.277838512255698,54.759303358614225],[8.295516977353925,54.90528928980339],[8.396015656378362,55.05202162044207],[8.415687411728655,55.05717405817425],[8.4451080884066,55.050320531289266]]]]}},{"type":"Feature","properties":{"wkr_nr":3,"wkr_name":"Steinburg - Dithmarschen Süd","state_name":"Schleswig-Holstein","elected_party":"cdu","elected_party_share":0.4538,"zweitstimme_top_party":"cdu","zweitstimme_top_share":0.4194,"turnout":0.715262178112499,"eligible_voters":176731.0,"erststimme_top6":[["cdu",0.4538],["spd",0.3401],["gruene",0.0511],["fdp",0.0506],["linke_pds",0.0393],["afd",0.0358]],"zweitstimme_top6":[["cdu",0.4194],["spd",0.3001],["gruene",0.0759],["fdp",0.0615],["linke_pds",0.0503],["afd",0.044]]},"geometry":{"type":"MultiPolygon","coordinates":[[[[8.698911328241193,54.0454703587946],[8.68947823655034,54.04319352945063],[8.67207001071926,54.0575666438334],[8.690952670503327,54.073058638097116],[8.700642623332682,54.07026271607873],[8.691130606575609,54.061347111093916],[8.698911328241193,54.0454703587946]]],[[[9.44209682191969,54.17376111710023],[9.304165275616306,54.125622680166956],[9.313917185833143,54.11868912123051],[9.312458537460333,54.063270535591215],[9.408599153989373,54.067722124087126],[9.473246508156967,54.090980230065654],[9.570509939093744,54.09220858985568],[9.605090539693384,54.04881666967274],[9.804565408814915,54.05044868517467],[9.819764820145577,54.04074894215641],[9.815770608476976,54.023893727353],[9.85622371704213,54.01954537563509],[9.86544415769234,54.01171450411395],[9.898895901333178,54.010245737715145],[9.94444548408464,54.02173893819625],[9.967851381396134,54.02107775284211],[10.016846330643094,53.968028571586956],[10.056397936197262,53.97072463349357],[10.05068296987095,53.954388520267365],[10.03235185933002,53.94864166066231],[10.035283265503937,53.92988553950139],[10.008171958366626,53.935091422803886],[9.988437486586601,53.92862398078455],[9.94746767597006,53.89432700287795],[9.927300761232038,53.88763831963087],[9.910221826230005,53.88698957228089],[9.884762555635428,53.900676698438275],[9.826793420080925,53.88123410626851],[9.856654248769397,53.86834519464435],[9.875616111837687,53.83077950623295],[9.865162885195794,53.82103964148936],[9.763639681543934,53.87290247236298],[9.751625240775088,53.89301455028135],[9.653812386741924,53.884818699437666],[9.647755054789869,53.87416583442571],[9.674807379268685,53.84290562779495],[9.642291049386868,53.77328738164792],[9.564264758807514,53.75152657950294],[9.583623250543882,53.722034333011095],[9.48585609033495,53.707644017857675],[9.423271119299747,53.74009575580495],[9.319466827106536,53.850834202223595],[9.230951302023598,53.87781798303029],[9.19974598537664,53.88009652182628],[9.022459423516109,53.87929020965966],[9.017635848856848,53.90468043881414],[8.977959742693077,53.8957776594232],[8.92265571573112,53.92032689353961],[8.867148781528911,53.99124343762369],[8.819536134468207,54.025108421823255],[8.879298751612502,54.04609818478208],[8.94689550936163,54.03205762914056],[8.977248146478523,54.04100894732902],[8.98525536289293,54.062240746815085],[8.948884578494795,54.09396150930012],[8.932360841772843,54.123811891570085],[8.986560270715419,54.14414219575644],[9.065867085563454,54.13107944902136],[9.139985675887846,54.13462732784917],[9.179508444839641,54.157968801808835],[9.229870287257961,54.15242792401848],[9.24519222873854,54.18819677776866],[9.331009643680003,54.18868304909476],[9.429689263393593,54.20727366919402],[9.44209682191969,54.17376111710023]]]]}},{"type":"Feature","properties":{"wkr_nr":4,"wkr_name":"Rendsburg-Eckernförde","state_name":"Schleswig-Holstein","elected_party":"cdu","elected_party_share":0.4517,"zweitstimme_top_party":"cdu","zweitstimme_top_share":0.4079,"turnout":0.752039939065776,"eligible_voters":198903.0,"erststimme_top6":[["cdu",0.4517],["spd",0.3679],["gruene",0.0697],["afd",0.0344],["linke_pds",0.0332],["fdp",0.0186]],"zweitstimme_top6":[["cdu",0.4079],["spd",0.3153],["gruene",0.0926],["fdp",0.0549],["afd",0.0439],["linke_pds",0.0436]]},"geometry":{"type":"Polygon","coordinates":[[[9.981352257350586,54.64238910873818],[10.030831644890005,54.636462517601366],[10.026718682171433,54.55013476431635],[9.998693939143923,54.52212709561533],[9.967669521352928,54.50398604608905],[9.885616799305783,54.478157789566644],[9.832617922190567,54.47333695513943],[9.868107469130234,54.447649911889535],[9.91297711138068,54.45220838332022],[9.924196092557555,54.46222959560601],[10.134170789114835,54.484244266555436],[10.193934247566439,54.45575786107612],[10.168731267171305,54.432785289023286],[10.14643326396883,54.41080025850502],[10.137903553116427,54.412668365381116],[10.10307353489181,54.42449419504416],[10.083544377375125,54.416038469959005],[10.073781622745539,54.40381698768236],[10.086793457908891,54.39621329414522],[10.070447281446764,54.371026871978266],[10.070721460944457,54.343746173569194],[10.055719750881412,54.33381469370395],[10.043167303487666,54.323207071376395],[10.048283551198962,54.29838333088898],[10.123642023127926,54.25555883743956],[10.097449632577334,54.23942818642055],[10.11936543617662,54.23309190142783],[10.129478700254829,54.21201989681395],[10.118251734586021,54.13183794759665],[10.034907411833043,54.12890829416266],[9.99668786340071,54.14837880678547],[9.980446941852044,54.14762315500053],[9.929435213174996,54.10249557012539],[9.944445484084655,54.02173893819628],[9.89889590133318,54.01024573771513],[9.865444157692382,54.01171450411395],[9.856223717042086,54.01954537563506],[9.815770608476996,54.02389372735297],[9.819764820145611,54.0407489421564],[9.804565408814927,54.050448685174636],[9.605090539693363,54.04881666967274],[9.5705099390937,54.09220858985567],[9.473246508156949,54.090980230065654],[9.408599153989364,54.0677221240871],[9.31245853746027,54.063270535591215],[9.313917185833084,54.11868912123051],[9.304165275616329,54.12562268016698],[9.44209682191973,54.17376111710024],[9.429689263393596,54.20727366919401],[9.444426026026477,54.242213093894385],[9.393854938973902,54.288843925329516],[9.402456327668224,54.32355789341051],[9.389599600097059,54.32431788708576],[9.415612311738961,54.34634043665903],[9.474525530852699,54.33714942900116],[9.555221890191868,54.35739654011387],[9.565554349128973,54.3727271641052],[9.546650184350376,54.39982866620957],[9.552532976302517,54.42045841017491],[9.569107128010426,54.43249671964856],[9.641851994405684,54.45375768867343],[9.631711734802876,54.473043232334454],[9.674674769051695,54.49290125522229],[9.673099709554,54.51533472613596],[9.718082262791604,54.528629173056196],[9.760876285346974,54.55722574044929],[9.898616845946993,54.61761933714342],[9.9684030415001,54.6450029570894],[9.981352257350586,54.64238910873818]]]}},{"type":"Feature","properties":{"wkr_nr":5,"wkr_name":"Kiel","state_name":"Schleswig-Holstein","elected_party":"spd","elected_party_share":0.4301,"zweitstimme_top_party":"spd","zweitstimme_top_share":0.3467,"turnout":0.71355417724356,"eligible_voters":205243.0,"erststimme_top6":[["spd",0.4301],["cdu",0.331],["gruene",0.0997],["linke_pds",0.0526],["afd",0.0279],["piraten",0.0247]],"zweitstimme_top6":[["spd",0.3467],["cdu",0.3028],["gruene",0.1407],["linke_pds",0.0691],["fdp",0.0532],["afd",0.0371]]},"geometry":{"type":"Polygon","coordinates":[[[10.137903553116427,54.412668365381116],[10.14643326396883,54.41080025850502],[10.168731267171305,54.432785289023286],[10.188435810497706,54.411839292750045],[10.189298216122193,54.39163782534074],[10.163349662007123,54.37996709155543],[10.151882862193249,54.36301733793166],[10.174269861655535,54.34565539882904],[10.206008479891194,54.3409876821259],[10.217639722546847,54.32983456604683],[10.209680619215778,54.280195017723145],[10.18387897571342,54.25320365134672],[10.158880605692808,54.25909707317121],[10.123642023127926,54.25555883743956],[10.048283551198962,54.29838333088898],[10.043167303487666,54.323207071376395],[10.055719750881412,54.33381469370395],[10.070721460944457,54.343746173569194],[10.070447281446764,54.371026871978266],[10.086793457908891,54.39621329414522],[10.073781622745539,54.40381698768236],[10.083544377375125,54.416038469959005],[10.10307353489181,54.42449419504416],[10.137903553116427,54.412668365381116]]]}},{"type":"Feature","properties":{"wkr_nr":6,"wkr_name":"Plön - Neumünster","state_name":"Schleswig-Holstein","elected_party":"cdu","elected_party_share":0.4372,"zweitstimme_top_party":"cdu","zweitstimme_top_share":0.3877,"turnout":0.727301340230964,"eligible_voters":174746.0,"erststimme_top6":[["cdu",0.4372],["spd",0.3754],["gruene",0.0636],["afd",0.0386],["linke_pds",0.0375],["fdp",0.0185]],"zweitstimme_top6":[["cdu",0.3877],["spd",0.3273],["gruene",0.0922],["fdp",0.0535],["linke_pds",0.0477],["afd",0.047]]},"geometry":{"type":"Polygon","coordinates":[[[10.174269861655535,54.34565539882904],[10.226585851332782,54.41172670497943],[10.320071251445448,54.43530486047835],[10.396763814387564,54.4235902025904],[10.47169270479435,54.39309365203],[10.606453736373137,54.36103289375341],[10.637180072486428,54.34834659930437],[10.683403163032208,54.31133025246528],[10.713955740745286,54.30506775897216],[10.718569805521236,54.272760383936564],[10.72922439857154,54.269834373126166],[10.714591281733853,54.212096990994624],[10.676402024891951,54.19122349629008],[10.670994442613408,54.20680647055674],[10.641680513545545,54.222060206464064],[10.57845262844722,54.23185556334675],[10.549526357832601,54.21832293970141],[10.525346580231606,54.185855907923255],[10.497824503449063,54.185205184565255],[10.483235999767627,54.17747203223291],[10.489274795073122,54.15876028509196],[10.515715394894034,54.139956283985065],[10.541301719448118,54.13379049280831],[10.537474873932915,54.12218578969137],[10.48133289772999,54.118602487232124],[10.437217120055427,54.12637160984452],[10.422364674696844,54.11570413830177],[10.427968885197537,54.09278797000448],[10.417203306591853,54.08233894558595],[10.419192852218604,54.0721385325622],[10.373412419522866,54.07277810817946],[10.357378919156607,54.08284369380881],[10.354676278362644,54.10774239506118],[10.2868685259229,54.100004760347126],[10.197572062978484,54.07028509567334],[10.123373600749174,54.057708599559554],[10.154906427569038,54.03065242388148],[10.2317473776757,54.02800431108625],[10.259885179723153,54.03495428082185],[10.284170129689794,54.024590196043256],[10.294137559765337,53.99669189097311],[10.278921901370634,53.99183182423111],[10.249841974772739,54.00598189773743],[10.228071737910714,54.00738456366332],[10.203249801455554,53.97394292550246],[10.14012930874326,53.972557446574584],[10.035283265503912,53.92988553950141],[10.032351859329994,53.948641660662325],[10.050682969870993,53.95438852026737],[10.056397936197271,53.970724633493575],[10.016846330643142,53.968028571586956],[9.96785138139616,54.021077752842075],[9.944445484084655,54.02173893819628],[9.929435213174996,54.10249557012539],[9.980446941852044,54.14762315500053],[9.99668786340071,54.14837880678547],[10.034907411833043,54.12890829416266],[10.118251734586021,54.13183794759665],[10.129478700254829,54.21201989681395],[10.11936543617662,54.23309190142783],[10.097449632577334,54.23942818642055],[10.123642023127926,54.25555883743956],[10.158880605692808,54.25909707317121],[10.18387897571342,54.25320365134672],[10.209680619215778,54.280195017723145],[10.217639722546847,54.32983456604683],[10.206008479891194,54.3409876821259],[10.174269861655535,54.34565539882904]]]}},{"type":"Feature","properties":{"wkr_nr":7,"wkr_name":"Pinneberg","state_name":"Schleswig-Holstein","elected_party":"cdu","elected_party_share":0.4538,"zweitstimme_top_party":"cdu","zweitstimme_top_share":0.406,"turnout":0.759963499002589,"eligible_voters":235610.0,"erststimme_top6":[["cdu",0.4538],["spd",0.3609],["gruene",0.0639],["linke_pds",0.0394],["afd",0.0382],["fdp",0.0186]],"zweitstimme_top6":[["cdu",0.406],["spd",0.3122],["gruene",0.0862],["fdp",0.0556],["linke_pds",0.0502],["afd",0.0478]]},"geometry":{"type":"MultiPolygon","coordinates":[[[[9.892232088800501,53.75223182623294],[9.926605670505126,53.75041027687218],[9.971673948538365,53.770026896155954],[9.983380674033407,53.759571500568384],[9.94376802990151,53.70319290641967],[9.937061108126203,53.67737683736446],[9.945513414226525,53.652735217142755],[9.925177860166503,53.65305730505036],[9.906758705162412,53.652478986723054],[9.905726675637373,53.6417411093184],[9.869282043531978,53.61363422198578],[9.824403272832017,53.58417007677228],[9.79129125385059,53.60124089795278],[9.788928485744822,53.61061765588812],[9.770548253561573,53.61602133817526],[9.770070555272662,53.62761590859814],[9.760028666337726,53.62429942737325],[9.730114645747904,53.55764700126341],[9.675765281547097,53.56466087805532],[9.55061904570974,53.616027851631436],[9.52072239544437,53.67291786355402],[9.507762919503541,53.69124572927028],[9.48585609033495,53.707644017857675],[9.583623250543882,53.722034333011095],[9.564264758807514,53.75152657950294],[9.642291049386868,53.77328738164792],[9.674807379268685,53.84290562779495],[9.647755054789869,53.87416583442571],[9.653812386741924,53.884818699437666],[9.751625240775088,53.89301455028135],[9.763639681543934,53.87290247236298],[9.865162885195794,53.82103964148936],[9.880555075812364,53.812107612459066],[9.892232088800501,53.75223182623294]]],[[[7.891763380801653,54.1930439224802],[7.902604559357357,54.18640242850071],[7.919828450691575,54.18990548580063],[7.92138676002495,54.18400201168672],[7.907847125661892,54.16890391685204],[7.890820927852768,54.169889842215184],[7.875941616592991,54.18783583240398],[7.891763380801653,54.1930439224802]]]]}},{"type":"Feature","properties":{"wkr_nr":8,"wkr_name":"Segeberg - Stormarn-Mitte","state_name":"Schleswig-Holstein","elected_party":"cdu","elected_party_share":0.4543,"zweitstimme_top_party":"cdu","zweitstimme_top_share":0.4084,"turnout":0.750286603340976,"eligible_voters":244240.0,"erststimme_top6":[["cdu",0.4543],["spd",0.3526],["gruene",0.0614],["linke_pds",0.0386],["afd",0.0379],["fdp",0.0205]],"zweitstimme_top6":[["cdu",0.4084],["spd",0.3012],["gruene",0.0864],["fdp",0.0575],["linke_pds",0.0502],["afd",0.0497]]},"geometry":{"type":"Polygon","coordinates":[[[10.354676278362644,54.10774239506118],[10.357378919156607,54.08284369380881],[10.373412419522866,54.07277810817946],[10.419192852218604,54.0721385325622],[10.417203306591853,54.08233894558595],[10.453846224258982,54.06002250954255],[10.484594963355953,54.058424798126794],[10.502633377132842,54.07241380799595],[10.563544050571874,54.068304881355814],[10.555488724076357,54.030609161013146],[10.539385876132103,54.01819961398054],[10.501778199497242,54.027168001626585],[10.45483535091999,53.991788796845114],[10.519728103646102,53.982916284520165],[10.553597637928824,53.93694155176573],[10.534013544407342,53.918675452906605],[10.50215607665896,53.90896312638319],[10.502157781292368,53.90180820823986],[10.430374326484362,53.898758591530566],[10.443975535051159,53.88685313497105],[10.395778225223323,53.861841012546684],[10.473788727853519,53.7862127589353],[10.473582151823619,53.76691580254098],[10.39704349926825,53.7378920232145],[10.400328247291489,53.728658961018674],[10.44554032896964,53.72371107873117],[10.442871148260963,53.70020349359136],[10.410354868040375,53.70229687918628],[10.404036367622421,53.67400221325443],[10.314893162616539,53.68239304760441],[10.314779592125399,53.697195656165384],[10.288387934582385,53.70509023572427],[10.197102323364474,53.68061157128927],[10.171955800839834,53.68088737058552],[10.171541823313978,53.668695578465304],[10.15576360950284,53.66991156599681],[10.146022280083216,53.675669316986074],[10.19166464227351,53.72274430956348],[10.186462001379251,53.731125707140606],[10.164765521367524,53.739431160978306],[10.123506031541362,53.717113060778686],[10.081979890462254,53.720422713659744],[10.070807524478457,53.710003278428175],[10.078996231390168,53.70390226205433],[10.065872394223579,53.68495251363274],[9.999585055059173,53.681516040951486],[9.987398383136043,53.64906216785381],[9.977562997488752,53.648216313799466],[9.945513414226486,53.65273521714274],[9.93706110812617,53.67737683736446],[9.943768029901504,53.70319290641965],[9.983380674033443,53.759571500568384],[9.971673948538365,53.77002689615594],[9.926605670505111,53.75041027687218],[9.892232088800451,53.75223182623294],[9.880555075812307,53.812107612459066],[9.865162885195794,53.82103964148938],[9.875616111837651,53.83077950623292],[9.856654248769367,53.86834519464432],[9.826793420080909,53.88123410626849],[9.884762555635456,53.900676698438254],[9.910221826229977,53.88698957228086],[9.927300761232052,53.887638319630845],[9.94746767597003,53.894327002877915],[9.988437486586557,53.92862398078458],[10.008171958366615,53.935091422803936],[10.035283265503912,53.92988553950141],[10.14012930874326,53.972557446574584],[10.203249801455554,53.97394292550246],[10.228071737910714,54.00738456366332],[10.249841974772739,54.00598189773743],[10.278921901370634,53.99183182423111],[10.294137559765337,53.99669189097311],[10.284170129689794,54.024590196043256],[10.259885179723153,54.03495428082185],[10.2317473776757,54.02800431108625],[10.154906427569038,54.03065242388148],[10.123373600749174,54.057708599559554],[10.197572062978484,54.07028509567334],[10.2868685259229,54.100004760347126],[10.354676278362644,54.10774239506118]]]}},{"type":"Feature","properties":{"wkr_nr":9,"wkr_name":"Ostholstein - Stormarn-Nord","state_name":"Schleswig-Holstein","elected_party":"cdu","elected_party_share":0.4585,"zweitstimme_top_party":"cdu","zweitstimme_top_share":0.4116,"turnout":0.7329048671829,"eligible_voters":180022.0,"erststimme_top6":[["cdu",0.4585],["spd",0.3708],["gruene",0.0548],["afd",0.0376],["linke_pds",0.0343],["fdp",0.0227]],"zweitstimme_top6":[["cdu",0.4116],["spd",0.3152],["gruene",0.0804],["fdp",0.0616],["afd",0.0496],["linke_pds",0.0434]]},"geometry":{"type":"MultiPolygon","coordinates":[[[[11.120190580464142,54.370524085411155],[11.07195513978723,54.3420447785549],[11.092816502768295,54.19780048775324],[10.982335063070954,54.150770679747254],[10.881097920932703,54.089189878645705],[10.864519251867096,54.08453655796935],[10.814693458695002,54.09283846194968],[10.754586422032954,54.05440659765956],[10.752099934108985,54.036350026347414],[10.785948255015652,53.998065521691956],[10.840974719635012,53.99187632351182],[10.817396638644565,53.93724270235209],[10.802610046873163,53.929847177892924],[10.701851340656702,53.91242377454316],[10.63216218987817,53.88903770465967],[10.578053900767852,53.89863040001678],[10.570774984819312,53.88143890729275],[10.590838587445791,53.854336533909546],[10.621823184142691,53.847541725146876],[10.55430272456287,53.8268987239527],[10.58218905394863,53.80476946905036],[10.539252077780187,53.78055446105274],[10.533547448028257,53.762673799824455],[10.503555186942792,53.75346041045067],[10.473582151823653,53.76691580254093],[10.473788727853492,53.786212758935314],[10.395778225223378,53.86184101254673],[10.443975535051196,53.88685313497106],[10.430374326484396,53.898758591530566],[10.502157781292427,53.90180820823986],[10.502156076659004,53.90896312638321],[10.534013544407387,53.91867545290662],[10.553597637928851,53.93694155176573],[10.519728103646072,53.982916284520144],[10.454835350919982,53.9917887968451],[10.501778199497267,54.027168001626585],[10.539385876132139,54.01819961398052],[10.555488724076293,54.030609161013146],[10.563544050571858,54.068304881355765],[10.50263337713279,54.07241380799597],[10.48459496335601,54.05842479812678],[10.453846224259006,54.06002250954253],[10.417203306591853,54.08233894558595],[10.42796888519758,54.09278797000447],[10.422364674696794,54.115704138301815],[10.437217120055454,54.12637160984449],[10.481332897730042,54.11860248723211],[10.537474873932968,54.12218578969134],[10.541301719448152,54.133790492808295],[10.515715394893991,54.13995628398507],[10.4892747950731,54.158760285091965],[10.483235999767675,54.1774720322329],[10.497824503449035,54.185205184565255],[10.52534658023165,54.18585590792328],[10.549526357832564,54.21832293970139],[10.578452628447218,54.231855563346734],[10.641680513545555,54.22206020646408],[10.670994442613381,54.20680647055674],[10.676402024891901,54.19122349629008],[10.714591281733858,54.212096990994596],[10.729224398571564,54.26983437312618],[10.718569805521236,54.27276038393661],[10.71395574074524,54.30506775897215],[10.795169450693066,54.314182834430575],[10.930032200968654,54.38222932160453],[11.014382224370028,54.377038489108806],[11.005611239148244,54.37298759297297],[11.02243152842326,54.36763962614327],[11.074781207130808,54.37552217813991],[11.09125932484482,54.39233712349199],[11.117417180469442,54.39406493639808],[11.13071407374418,54.38768329271025],[11.120190580464142,54.370524085411155]]],[[[11.23321657955196,54.50669699183074],[11.312491711160508,54.402000363244596],[11.228719941867402,54.412220085212425],[11.186574538996569,54.408839749020025],[11.177661566151759,54.401987214775865],[11.11987513215607,54.403497864045605],[11.095375633196179,54.409338687126855],[11.094701066718581,54.44591866195103],[11.063844704551615,54.45286731972249],[11.024975429578332,54.445185456078896],[11.02146585201117,54.43748367446848],[11.014066954656744,54.439744276286554],[11.006302569270968,54.443881538650636],[11.017917050198552,54.495344142678896],[11.065556713683595,54.53544388227252],[11.170692294889273,54.52091179458648],[11.203084668234927,54.50802481252433],[11.23321657955196,54.50669699183074]]]]}},{"type":"Feature","properties":{"wkr_nr":10,"wkr_name":"Herzogtum Lauenburg - Stormarn-Süd","state_name":"Schleswig-Holstein","elected_party":"cdu","elected_party_share":0.4521,"zweitstimme_top_party":"cdu","zweitstimme_top_share":0.4057,"turnout":0.758452604484015,"eligible_voters":241257.0,"erststimme_top6":[["cdu",0.4521],["spd",0.3462],["gruene",0.0705],["afd",0.0461],["linke_pds",0.0377],["fdp",0.0215]],"zweitstimme_top6":[["cdu",0.4057],["spd",0.2973],["gruene",0.0914],["fdp",0.06],["afd",0.0563],["linke_pds",0.0494]]},"geometry":{"type":"Polygon","coordinates":[[[10.733256524491768,53.82775672450628],[10.763914799394009,53.809868457134236],[10.773380242435314,53.792420870988096],[10.758286038372244,53.74757905340942],[10.807305170267165,53.73856270414583],[10.810581843687736,53.72029772682138],[10.849520546682488,53.701716050803064],[10.887268234935231,53.705651543008116],[10.92030913973918,53.69887343477545],[10.941680482091101,53.6845112641011],[10.952427367238421,53.647624096541634],[10.929144930310517,53.628854946492666],[10.924422643040693,53.58363224246619],[10.911276968528865,53.5720344100961],[10.826941124793668,53.56708880997573],[10.832087782073849,53.542638099770684],[10.756114449920975,53.48334472756291],[10.701779696907087,53.478247912226756],[10.6930208559652,53.45526446572029],[10.651686496415516,53.46140853960314],[10.63523506050951,53.45570726010712],[10.595101831508902,53.36453252308063],[10.567896147248874,53.36223064210269],[10.469251343195426,53.38577244417367],[10.372302441812053,53.42564768050033],[10.33398443210377,53.424661680026695],[10.307981720848181,53.433289543084584],[10.325289763377512,53.44984757214347],[10.312235146994855,53.45216405363143],[10.309558172005053,53.44295515468465],[10.299322979700989,53.4434208969175],[10.238486298357886,53.48262255138164],[10.236700599858558,53.49631642132726],[10.162401539043973,53.522429651562945],[10.148459223424844,53.54600839211514],[10.160303200870054,53.557612075732045],[10.147636524962214,53.564654787939716],[10.152434389342147,53.577898196164405],[10.196894208925368,53.60017286112309],[10.221970589311857,53.633636328392285],[10.171541823313978,53.668695578465304],[10.171955800839834,53.68088737058552],[10.197102323364474,53.68061157128927],[10.288387934582385,53.70509023572427],[10.314779592125399,53.697195656165384],[10.314893162616539,53.68239304760441],[10.404036367622421,53.67400221325443],[10.450533690365864,53.634648455147364],[10.497405324836123,53.63088786836812],[10.545278662820012,53.69893151958924],[10.57973784739666,53.7153739643287],[10.597999944265938,53.71919530899127],[10.612789805636568,53.70861529261836],[10.60047423720751,53.69978978454662],[10.67997459017779,53.683492644551265],[10.691711034781184,53.69834244929567],[10.67263100785942,53.73150717861602],[10.712996564767659,53.78762205072752],[10.730019155566923,53.800819304209696],[10.716744803601756,53.81881104629643],[10.733256524491768,53.82775672450628]]]}},{"type":"Feature","properties":{"wkr_nr":11,"wkr_name":"Lübeck","state_name":"Schleswig-Holstein","elected_party":"spd","elected_party_share":0.407,"zweitstimme_top_party":"cdu","zweitstimme_top_share":0.3425,"turnout":0.685515300429303,"eligible_voters":181923.0,"erststimme_top6":[["spd",0.407],["cdu",0.3646],["gruene",0.0769],["linke_pds",0.0541],["afd",0.0337],["fdp",0.024]],"zweitstimme_top6":[["cdu",0.3425],["spd",0.3414],["gruene",0.1106],["linke_pds",0.0647],["fdp",0.0475],["afd",0.0432]]},"geometry":{"type":"Polygon","coordinates":[[[10.578053900767818,53.8986304000168],[10.632162189878143,53.88903770465969],[10.701851340656658,53.91242377454318],[10.802610046873154,53.929847177892924],[10.817396638644613,53.937242702352115],[10.840974719635001,53.99187632351178],[10.875981791853272,53.987731912945726],[10.892391493153234,53.95657964124043],[10.903566100106435,53.95672804187559],[10.915517397661992,53.92523735055407],[10.96300094263903,53.907139030931575],[10.909628908368376,53.89775358514892],[10.883060843091135,53.92436089528932],[10.7719251876824,53.8737117792046],[10.748090505471104,53.85166829784329],[10.763914799394009,53.809868457134236],[10.733256524491768,53.82775672450628],[10.716744803601756,53.81881104629643],[10.730019155566923,53.800819304209696],[10.712996564767659,53.78762205072752],[10.67263100785942,53.73150717861602],[10.691711034781184,53.69834244929567],[10.67997459017779,53.683492644551265],[10.60047423720751,53.69978978454662],[10.612789805636568,53.70861529261836],[10.597999944265938,53.71919530899127],[10.57973784739666,53.7153739643287],[10.545278662820012,53.69893151958924],[10.497405324836123,53.63088786836812],[10.450533690365864,53.634648455147364],[10.404036367622421,53.67400221325443],[10.410354868040375,53.70229687918628],[10.442871148260963,53.70020349359136],[10.44554032896964,53.72371107873117],[10.400328247291489,53.728658961018674],[10.39704349926825,53.7378920232145],[10.473582151823619,53.76691580254098],[10.503555186942748,53.753460410450636],[10.533547448028253,53.76267379982445],[10.539252077780153,53.78055446105277],[10.582189053948658,53.80476946905037],[10.55430272456293,53.82689872395273],[10.621823184142636,53.84754172514691],[10.590838587445742,53.854336533909546],[10.570774984819353,53.88143890729277],[10.578053900767818,53.8986304000168]]]}},{"type":"Feature","properties":{"wkr_nr":12,"wkr_name":"Schwerin - Ludwigslust-Parchim I - Nordwestmecklenburg I","state_name":"Mecklenburg-Vorpommern","elected_party":"cdu","elected_party_share":0.3899,"zweitstimme_top_party":"cdu","zweitstimme_top_share":0.4033,"turnout":0.67500885695339,"eligible_voters":220166.0,"erststimme_top6":[["cdu",0.3899],["spd",0.2592],["linke_pds",0.2218],["gruene",0.0356],["npd",0.0337],["piraten",0.0229]],"zweitstimme_top6":[["cdu",0.4033],["spd",0.2155],["linke_pds",0.2039],["afd",0.0528],["gruene",0.0446],["npd",0.0268]]},"geometry":{"type":"Polygon","coordinates":[[[10.763914799394009,53.809868457134236],[10.748090505471104,53.85166829784329],[10.7719251876824,53.8737117792046],[10.883060843091135,53.92436089528932],[10.909628908368376,53.89775358514892],[10.96300094263903,53.907139030931575],[10.915517397661992,53.92523735055407],[10.903566100106435,53.95672804187559],[10.975804390292268,53.98488743411746],[10.988327792849345,53.94932823148075],[11.004635018645327,53.94046145812636],[11.048509146441761,53.944447603450016],[11.052228131863137,53.90826225099252],[11.03539108056141,53.893472644956475],[11.081968276970294,53.850914303504695],[11.066912767943636,53.81196711623106],[11.082749524699754,53.80150673194177],[11.182472547055665,53.79504868091615],[11.19111904378957,53.77888295878921],[11.260053301389192,53.76334492448233],[11.328698441371955,53.759515030911516],[11.385439896227936,53.77722005382397],[11.423018564101943,53.76942205558519],[11.434630022196432,53.750265565526725],[11.493206554822708,53.752858277848496],[11.498699510019454,53.72329080848581],[11.484148582998243,53.695410854461485],[11.46472505233521,53.68317379224442],[11.486109928814983,53.66512075688523],[11.484202451782046,53.634503276129365],[11.503655426738767,53.621938075121335],[11.50485615039,53.60575563775354],[11.48793746533415,53.5796683457307],[11.44920841573044,53.57303797788645],[11.467294869944146,53.55686268783473],[11.461548975571965,53.55023068377171],[11.477530982398466,53.494891253336],[11.469055243894292,53.45499982831724],[11.546434570699104,53.4465962223909],[11.555603706900131,53.45840398783076],[11.544205916336168,53.46732915411487],[11.578414239059581,53.48545204781412],[11.608861850524669,53.46619136208596],[11.639876872658853,53.46204298195394],[11.619391644367322,53.43219728240948],[11.628575504516286,53.410116005884205],[11.680521346802244,53.391403456757686],[11.7166453768587,53.31047206084531],[11.767461941616938,53.30946312802109],[11.79057279241069,53.294865022433726],[11.780060884975047,53.28994742476554],[11.784921092113835,53.275447016012784],[11.796689106503734,53.27322526663121],[11.821598629911612,53.27770814652535],[11.81962743429569,53.28911503407062],[11.840435106553178,53.293996627402045],[11.847917879644456,53.27100727633344],[11.81403373853687,53.253860028589614],[11.829354690160647,53.228767796363144],[11.728866031817985,53.2172179226073],[11.71810665810585,53.23150282383049],[11.690777910289567,53.2412693012616],[11.620310957939767,53.23816693947735],[11.556164047094745,53.20463314408355],[11.565807695362611,53.164641294315224],[11.548787869866521,53.130670426973936],[11.534615393192622,53.124946703716866],[11.483343989521638,53.128982991788924],[11.459827615004256,53.140432670727016],[11.404905597183882,53.13714750048434],[11.391752193671262,53.11045655017188],[11.268649623844535,53.1206214323847],[11.238731596299791,53.141012647639165],[11.179706896726808,53.15104065938366],[11.171405353846842,53.15860460426306],[11.189245704691084,53.16573666851415],[11.192434637628432,53.182431187920194],[11.137358246285084,53.19244416796634],[11.080481676549828,53.220282089120246],[10.987689984605925,53.33353477854376],[10.91680453790792,53.34527068252327],[10.887349045022322,53.32410519071918],[10.83667400412948,53.30533083309055],[10.782966672321274,53.31957203369616],[10.701786628916238,53.37078042499821],[10.617028091659398,53.37081848966313],[10.595101831508902,53.36453252308063],[10.63523506050951,53.45570726010712],[10.651686496415516,53.46140853960314],[10.6930208559652,53.45526446572029],[10.701779696907087,53.478247912226756],[10.756114449920975,53.48334472756291],[10.832087782073849,53.542638099770684],[10.826941124793668,53.56708880997573],[10.911276968528865,53.5720344100961],[10.924422643040693,53.58363224246619],[10.929144930310517,53.628854946492666],[10.952427367238421,53.647624096541634],[10.941680482091101,53.6845112641011],[10.92030913973918,53.69887343477545],[10.887268234935231,53.705651543008116],[10.849520546682488,53.701716050803064],[10.810581843687736,53.72029772682138],[10.807305170267165,53.73856270414583],[10.758286038372244,53.74757905340942],[10.773380242435314,53.792420870988096],[10.763914799394009,53.809868457134236]]]}},{"type":"Feature","properties":{"wkr_nr":13,"wkr_name":"Ludwigslust-Parchim II - Nordwestmecklenburg II - Landkreis Rostock I","state_name":"Mecklenburg-Vorpommern","elected_party":"cdu","elected_party_share":0.4296,"zweitstimme_top_party":"cdu","zweitstimme_top_share":0.4211,"turnout":0.656395949774137,"eligible_voters":208976.0,"erststimme_top6":[["cdu",0.4296],["linke_pds",0.2286],["spd",0.2278],["gruene",0.0344],["npd",0.0315],["piraten",0.022]],"zweitstimme_top6":[["cdu",0.4211],["linke_pds",0.2131],["spd",0.1971],["afd",0.0528],["gruene",0.0403],["npd",0.0256]]},"geometry":{"type":"MultiPolygon","coordinates":[[[[11.497704570761309,54.01402195500799],[11.456442396040108,53.956853047084365],[11.44291870913542,53.97000558566379],[11.446826142548836,53.99861827006362],[11.42881073972766,53.985597652683325],[11.425767159203835,53.963129686233096],[11.382604647024188,53.970729719192875],[11.375925697596552,53.99242256658538],[11.405248992370439,54.0089395294948],[11.475841889070795,54.0245371034139],[11.495655364092736,54.020990792140296],[11.497704570761309,54.01402195500799]]],[[[11.97600116100945,54.146853650611014],[12.018734135885259,54.12907991028255],[12.02109606562177,54.12313481130694],[11.999621131813639,54.11675543656746],[11.987270966863722,54.08863890199023],[11.99935195177156,54.055567675885456],[11.971059161082398,54.037729287748455],[12.015644751248963,53.99283340868567],[11.998616035828556,53.96270562572998],[11.93948377538165,53.95935402475201],[11.924127885251616,53.97423796768323],[11.927362153236052,53.984507371127116],[11.879575320222415,53.968098130239014],[11.846020418203464,53.943423558845474],[11.795082925782179,53.942267736223656],[11.804811167870746,53.91842428748441],[11.79790220516863,53.891869150187375],[11.764569175171925,53.87043079738763],[11.760671310180333,53.833532165274974],[11.765736837787108,53.82402949245944],[11.801798879332663,53.81816031616969],[11.810443277156033,53.79285943718268],[11.791606857666753,53.77812993592587],[11.796766402806629,53.77075824341533],[11.904873498785886,53.73235650509773],[11.91742646361818,53.74040422595638],[11.978830260586802,53.74354636761435],[12.021903709634069,53.71234712565022],[12.050972256513907,53.66600296537471],[12.082616862469553,53.64660304224346],[12.140601248414168,53.63535673712006],[12.19834232923146,53.641898821446894],[12.209520681171151,53.60256503000418],[12.304805614192787,53.56757945875782],[12.289689973224876,53.51707081823224],[12.329425461358863,53.4780453458843],[12.361675713802562,53.479638411040085],[12.322334585200156,53.45293428812437],[12.300225500903528,53.4258654369402],[12.295870384187861,53.38849977354338],[12.275038883975869,53.378960567675094],[12.290307757646016,53.35489868967908],[12.338091571879058,53.34216050609834],[12.344820544060216,53.33344031155313],[12.331594435458179,53.317911147768555],[12.32295193429308,53.32165838873991],[12.290909803054937,53.32823580061316],[12.258533750607162,53.32424097072478],[12.229562162922827,53.35817879314856],[12.109143196240538,53.34374386155681],[12.081485004684533,53.346521985653816],[12.078775439780966,53.36714355930273],[12.061408217693801,53.37150448012427],[12.046316243553928,53.37019235546012],[12.056539351117848,53.349693474425166],[12.013205843721227,53.334551688165],[12.017154318816699,53.299282647623066],[11.973990978365544,53.297633670209656],[11.948548234085328,53.27195307077827],[11.892728190699943,53.27282758701374],[11.866298758594224,53.25533639989366],[11.814033738536821,53.253860028589614],[11.847917879644509,53.27100727633341],[11.840435106553128,53.293996627402045],[11.819627434295656,53.28911503407065],[11.821598629911604,53.27770814652536],[11.796689106503695,53.27322526663118],[11.784921092113827,53.275447016012784],[11.78006088497506,53.289947424765536],[11.790572792410705,53.294865022433754],[11.767461941616988,53.30946312802108],[11.716645376858729,53.31047206084531],[11.680521346802216,53.391403456757665],[11.62857550451624,53.410116005884255],[11.6193916443673,53.43219728240947],[11.639876872658819,53.46204298195396],[11.608861850524658,53.466191362085965],[11.578414239059633,53.485452047814114],[11.544205916336146,53.46732915411486],[11.555603706900087,53.45840398783076],[11.54643457069916,53.44659622239091],[11.469055243894305,53.45499982831721],[11.477530982398495,53.494891253336],[11.461548975571908,53.55023068377172],[11.467294869944167,53.55686268783474],[11.449208415730475,53.57303797788641],[11.487937465334173,53.5796683457307],[11.504856150389958,53.605755637753546],[11.50365542673871,53.62193807512134],[11.484202451782037,53.63450327612936],[11.486109928814992,53.66512075688523],[11.464725052335199,53.6831737922444],[11.484148582998182,53.695410854461485],[11.498699510019467,53.7232908084858],[11.493206554822724,53.752858277848524],[11.434630022196432,53.75026556552673],[11.423018564101953,53.76942205558517],[11.385439896227899,53.77722005382395],[11.32869844137191,53.759515030911565],[11.260053301389199,53.76334492448229],[11.191119043789577,53.778882958789225],[11.18247254705568,53.79504868091614],[11.08274952469976,53.80150673194177],[11.066912767943629,53.81196711623107],[11.081968276970267,53.850914303504716],[11.035391080561471,53.893472644956454],[11.052228131863139,53.90826225099254],[11.048509146441715,53.94444760345004],[11.004635018645327,53.94046145812636],[10.988327792849322,53.949328231480735],[10.975804390292248,53.98488743411746],[11.045681421475686,54.00728056345692],[11.181488975816736,54.01500109384046],[11.205003281544851,53.98953829866312],[11.246606860757817,53.97214631793815],[11.242950829398477,53.948390090157645],[11.257957702435508,53.93498400628495],[11.285973506192752,53.93042151930847],[11.345543575860766,53.94789902032657],[11.448144842160266,53.90491331674369],[11.475815128613812,53.9288370975087],[11.491998020757528,53.99266437029408],[11.507527303815472,54.01026979800894],[11.56096543183012,54.02784049412359],[11.6118923322697,54.0685915563563],[11.623370022890262,54.08744611259809],[11.59791875152101,54.08596428482873],[11.539901213155364,54.05592603383041],[11.529572413333037,54.046551356734795],[11.514196751366919,54.03996927983099],[11.510767624502604,54.05433014518152],[11.52402293302681,54.07107538656113],[11.553512077964958,54.09393334887599],[11.59621263905608,54.10227408587275],[11.662432361075206,54.142583236596536],[11.692160459409676,54.15394806628324],[11.846748941400918,54.14588111668129],[11.987381188934714,54.17260444292073],[11.97600116100945,54.146853650611014]]]]}},{"type":"Feature","properties":{"wkr_nr":14,"wkr_name":"Rostock - Landkreis Rostock II","state_name":"Mecklenburg-Vorpommern","elected_party":"cdu","elected_party_share":0.3507,"zweitstimme_top_party":"cdu","zweitstimme_top_share":0.3793,"turnout":0.682582575876008,"eligible_voters":223885.0,"erststimme_top6":[["cdu",0.3507],["linke_pds",0.3074],["spd",0.1831],["gruene",0.0747],["npd",0.022],["piraten",0.0217]],"zweitstimme_top6":[["cdu",0.3793],["linke_pds",0.2374],["spd",0.1924],["gruene",0.0655],["afd",0.0544],["piraten",0.0238]]},"geometry":{"type":"Polygon","coordinates":[[[11.987381188934744,54.172604442920765],[11.998213389816685,54.17482166993386],[12.069013184335263,54.16412340082305],[12.07687441035505,54.15924218387987],[12.08108140365232,54.1265927197794],[12.11194656528874,54.09477486985803],[12.15240706014175,54.094902350154705],[12.128030441918463,54.1061184539115],[12.117475150100288,54.138199668426616],[12.124695796089394,54.155724781223526],[12.13648887672246,54.183691633926756],[12.141602546867238,54.19573342866597],[12.19882654511801,54.24492522481602],[12.285553415943127,54.275725285866265],[12.283236451752916,54.26592604061622],[12.310480217059018,54.250330426744846],[12.312164673045515,54.23921332494348],[12.359537408498609,54.208957240091365],[12.385956098565371,54.114105987318574],[12.423092030430881,54.11646956459945],[12.483477870210466,54.09723686653391],[12.556256871286378,54.09291217839237],[12.628080762550876,54.06774247363469],[12.658688759183716,54.04663553401154],[12.617717667373158,54.005301572057654],[12.577386126465987,54.01343012762534],[12.53940454046729,54.00357278788317],[12.559901691347614,53.99328126360106],[12.552106185191864,53.97800975112164],[12.51376335661001,53.966058331284366],[12.514762968149526,53.9507415047647],[12.48006904578216,53.95767878104251],[12.474919317586023,53.97042623422292],[12.44170232252624,53.98546958917505],[12.401191183990703,53.9817315727974],[12.369793121574208,53.9593937060914],[12.344670433294034,53.96531945029209],[12.335281469235241,53.9806965765532],[12.344381813232168,53.98762062949766],[12.329664585113123,54.001178341477555],[12.281688359736483,53.97218145372674],[12.29670733459572,53.95608481102659],[12.28787901511088,53.95398712068705],[12.196141750305102,53.97934340882372],[12.16280048300935,53.931050878652364],[12.17864237422253,53.911152702629515],[12.175665211427281,53.89260241758581],[12.12198585565553,53.89805886212918],[12.111304807928503,53.86493171926684],[12.099497738718552,53.86011708326506],[12.030538422290853,53.884860989128015],[12.036221030660464,53.90196325841253],[12.00152069374166,53.913336424611295],[11.99236758499268,53.91010906799223],[11.978600990962622,53.92808465965497],[12.006108767031169,53.956560427443],[11.998616035828599,53.96270562572995],[12.01564475124893,53.99283340868568],[11.971059161082419,54.03772928774843],[11.999351951771503,54.055567675885484],[11.987270966863722,54.08863890199023],[11.999621131813596,54.1167554365675],[12.021096065621744,54.12313481130692],[12.018734135885284,54.12907991028252],[11.976001161009421,54.146853650610986],[11.987381188934744,54.172604442920765]]]}},{"type":"Feature","properties":{"wkr_nr":15,"wkr_name":"Vorpommern-Rügen - Vorpommern-Greifswald I","state_name":"Mecklenburg-Vorpommern","elected_party":"cdu","elected_party_share":0.5624,"zweitstimme_top_party":"cdu","zweitstimme_top_share":0.4496,"turnout":0.642771969944463,"eligible_voters":244880.0,"erststimme_top6":[["cdu",0.5624],["linke_pds",0.1926],["spd",0.14],["gruene",0.0305],["npd",0.0256],["piraten",0.0241]],"zweitstimme_top6":[["cdu",0.4496],["linke_pds",0.206],["spd",0.146],["afd",0.0656],["gruene",0.0476],["fdp",0.0262]]},"geometry":{"type":"MultiPolygon","coordinates":[[[[12.541987618908646,54.459005230538715],[12.631072758960146,54.447400078396235],[12.958330651717983,54.441452162433094],[12.909817823589645,54.41917224896607],[12.878196004444455,54.41512786605125],[12.83201177599468,54.4224680662642],[12.791575579222476,54.415280316281816],[12.74127597388095,54.41488011038669],[12.722171863595001,54.42315595333075],[12.696685307889565,54.42506139401992],[12.63884157113257,54.42520189269851],[12.577786764626644,54.403311536935384],[12.578493903829845,54.395728593299644],[12.525826019750628,54.38034774022491],[12.441127853127922,54.3725860106974],[12.420891121635464,54.36415423308946],[12.416695765363833,54.337561161825235],[12.382789594883086,54.310687749140406],[12.370002828418789,54.309546093365505],[12.363846774392279,54.29151537545683],[12.36303457021979,54.26702761434915],[12.400028903707382,54.25083727937045],[12.459636388331289,54.24888344617918],[12.418472594662488,54.25888337401293],[12.408607083375315,54.27869860835748],[12.432645432128378,54.29596045662004],[12.478464960000908,54.304291353248814],[12.47282727238742,54.329727683421716],[12.527673517257819,54.33431024574831],[12.551398285505227,54.35609292900098],[12.539786900941763,54.361830347970226],[12.652678157097201,54.38215382464345],[12.671830159251936,54.390885372196955],[12.660329387633109,54.39859889600315],[12.672756806910334,54.40604826225603],[12.702163470767603,54.40118883968898],[12.721785540408648,54.37115967729129],[12.768507831686808,54.3712455184844],[12.786008857902686,54.395579924197264],[12.808882739997408,54.350579762288575],[12.845887805068354,54.35074972126789],[12.87938362384803,54.36608870702284],[12.897521221536724,54.40017455352115],[13.019008484777757,54.43889482136813],[13.033569443548643,54.43414702566068],[13.025511205430833,54.39784273194553],[13.090676489679074,54.36256270437623],[13.0762381465121,54.34551042694903],[13.103407697205268,54.282690803675806],[13.148225950629818,54.260827660289486],[13.186968419957054,54.26595683395209],[13.216530804977413,54.24895256522538],[13.286499080248937,54.23486533609233],[13.319015520365113,54.193487095662135],[13.336244587913598,54.17652066986535],[13.31670957400875,54.159753128861574],[13.393475854641096,54.18101035600215],[13.41984435168516,54.172696680241785],[13.414011444190967,54.16265685248896],[13.379786053983988,54.151746048269786],[13.381433645902872,54.14510297287618],[13.406062430918348,54.147860182221436],[13.42578704199042,54.13978347604158],[13.45734674986714,54.0918448570289],[13.500911866191624,54.08546650673909],[13.501619051485788,54.06564789131646],[13.537205830262218,54.04701228653763],[13.466628000457922,54.02999788286282],[13.434464113564793,54.04071478662799],[13.421947388374464,54.019021016181725],[13.434320122108835,54.00018093891898],[13.402575487395966,53.96511637062568],[13.241515151064673,54.03552692600474],[13.232560561792855,54.05573059237484],[13.206756980383586,54.034739207466735],[13.156728284393422,54.02173877860546],[13.107414962663663,54.03037960544667],[13.110664434881716,54.03864542338517],[13.100175172956353,54.03976487780931],[12.98613837670385,54.00419334977516],[12.957399408795702,54.003862359822264],[12.870379649405438,53.97296503621023],[12.807263025172992,54.005264549528704],[12.745101785925778,54.03395329257092],[12.715128866523022,54.019132087691204],[12.666396063162892,54.04460181788351],[12.658688759183763,54.04663553401157],[12.62808076255088,54.06774247363466],[12.5562568712864,54.09291217839237],[12.483477870210436,54.09723686653388],[12.423092030430887,54.11646956459941],[12.38595609856542,54.114105987318574],[12.359537408498635,54.208957240091365],[12.312164673045563,54.239213324943464],[12.310480217058961,54.250330426744874],[12.283236451752954,54.26592604061619],[12.285553415943172,54.27572528586629],[12.341202745480771,54.30103070274293],[12.405419190398925,54.37530870993659],[12.444731137091429,54.39988994047095],[12.500043428538492,54.469282159602706],[12.507121743492192,54.47928320050963],[12.514373589518174,54.4805289070187],[12.514215028483898,54.47755207476923],[12.513406521173843,54.47362198578022],[12.541987618908646,54.459005230538715]]],[[[13.089763802211115,54.49620680175907],[13.06491714397714,54.46032588422277],[13.060525428088775,54.46759957893658],[13.097399368999456,54.55463887157522],[13.098665515365917,54.589919074416684],[13.119432526717235,54.60338739611833],[13.1467528188442,54.601704794664585],[13.146357286894874,54.592884035780514],[13.139079208938602,54.59068803852888],[13.110798761076714,54.584127700432354],[13.116873002143757,54.53846461270238],[13.089763802211115,54.49620680175907]]],[[[13.38971357408141,54.650717665615026],[13.376082470764244,54.633170827159425],[13.391509506853707,54.599001958246056],[13.416426265540746,54.58060783084101],[13.46310843282159,54.57010959334741],[13.635080628224133,54.58487753193328],[13.679718078998242,54.562538660039166],[13.682033999070349,54.541813637012574],[13.668070446121442,54.52056879746178],[13.580104548177179,54.480983223492345],[13.570717897629097,54.45509067045023],[13.611424074622919,54.404787452752856],[13.625950647779817,54.39883740164976],[13.663249553508127,54.401555392531506],[13.703998119399875,54.38149459354639],[13.730915978223521,54.352691894067796],[13.741124409516638,54.33620655415133],[13.71785619196353,54.310457077545614],[13.723585626113639,54.27478412692367],[13.710636955248349,54.27048803551521],[13.687642379679794,54.280520318847465],[13.701203189566971,54.28443109708863],[13.696762650570173,54.29294196325026],[13.666555365556743,54.29125193578643],[13.667946305652077,54.30626961953324],[13.703666214821329,54.32148454502063],[13.675204430067856,54.351042305356074],[13.635879425104685,54.344198508109095],[13.507053190955034,54.34397033834243],[13.483534949699925,54.335730018910425],[13.353362555408491,54.2652297807907],[13.358790151813606,54.249336506685026],[13.39320351869742,54.26499029151714],[13.417557147358703,54.25433818007109],[13.42382121012337,54.23804986980547],[13.394963570377074,54.22381807043839],[13.321091564502378,54.245185270451096],[13.3355835488222,54.278521017856704],[13.269923836207129,54.253297693154614],[13.255252358551944,54.25675314903299],[13.209379372228492,54.27013126351203],[13.188592580763947,54.293727403290525],[13.141079845692062,54.28090021660923],[13.140840598563814,54.29629222088623],[13.153895629333926,54.304700540738416],[13.114795233890908,54.33227673829066],[13.129244844848575,54.37208276555445],[13.220591883440308,54.36804789887997],[13.262252053810581,54.3838609547824],[13.243639513821169,54.40716342541029],[13.1964162339494,54.424774992289805],[13.150434700547324,54.42268477283267],[13.171247460435234,54.45391823081412],[13.250209114319551,54.464083339470264],[13.269932849027526,54.4809432156604],[13.229748572559066,54.504091541164286],[13.169664297867824,54.50595139792],[13.154539161348133,54.54084957722368],[13.24472761765092,54.55522373435411],[13.291612599005527,54.533578955282024],[13.291318254995545,54.52157312036605],[13.3063213867934,54.51452736818845],[13.312409696745656,54.5245215480572],[13.296785985898268,54.55153591606217],[13.35878871731449,54.58061524452803],[13.369443980244977,54.57688145732126],[13.352777413000585,54.55487907802246],[13.34814358394813,54.51867750780174],[13.359535017806726,54.523971312501715],[13.370185003614022,54.52962315411206],[13.387517929706316,54.53821908841053],[13.393464684427414,54.538684302110994],[13.414669544526586,54.51853599617385],[13.406146839998213,54.506913356031816],[13.41304405773266,54.494280906747484],[13.468323333888206,54.48117166212644],[13.502938368470387,54.480673568443684],[13.512217004983599,54.559179997152974],[13.44444637764015,54.55180739738446],[13.406360498957424,54.5723884070874],[13.382833758870017,54.58082960345198],[13.3670718690883,54.61279981229024],[13.309266049265444,54.57527913855589],[13.248893354613815,54.55977537332992],[13.256442899793848,54.58959902378173],[13.283622982293151,54.619365072105104],[13.285769854052324,54.64023640311928],[13.2641817008316,54.64361522752413],[13.23118549679869,54.61634161048362],[13.223975386241769,54.59216277912188],[13.171763774917652,54.559842916198214],[13.161485201256074,54.55879766232317],[13.163759556597698,54.56727588596472],[13.190993635213516,54.59705938484993],[13.222742126864995,54.6327982164112],[13.278205065378877,54.67088306260835],[13.37752285521566,54.68420443040746],[13.432907747070303,54.68277533008463],[13.427026194837186,54.6594442818228],[13.38971357408141,54.650717665615026]]]]}},{"type":"Feature","properties":{"wkr_nr":16,"wkr_name":"Mecklenburgische Seenplatte I - Vorpommern-Greifswald II","state_name":"Mecklenburg-Vorpommern","elected_party":"cdu","elected_party_share":0.4591,"zweitstimme_top_party":"cdu","zweitstimme_top_share":0.4494,"turnout":0.635914740933749,"eligible_voters":234110.0,"erststimme_top6":[["cdu",0.4591],["linke_pds",0.2394],["spd",0.1565],["npd",0.0584],["piraten",0.0262],["gruene",0.023]],"zweitstimme_top6":[["cdu",0.4494],["linke_pds",0.2163],["spd",0.1476],["afd",0.0605],["npd",0.0462],["gruene",0.0274]]},"geometry":{"type":"MultiPolygon","coordinates":[[[[13.750130316945402,54.02635310587186],[13.795454598777825,53.99621153305292],[13.833909860382384,53.98514118459913],[13.914490612558696,53.92238753320664],[13.806284847595682,53.85972673493977],[13.815897434416872,53.844423263751125],[13.853500412753228,53.84275399357568],[13.899178989774668,53.8037291491211],[13.925859398944983,53.79843907098319],[13.96845181320486,53.77383150761163],[14.105342775931573,53.73993695541062],[14.183038436696162,53.73529041073921],[14.229348046775808,53.76086311899343],[14.266286740936737,53.749486456528295],[14.272101087848036,53.73824396754253],[14.214741576433687,53.7033621995504],[14.245058827489038,53.693758500536944],[14.268063572177292,53.69819142565078],[14.284183983819116,53.682114123271404],[14.284601230364014,53.63432701242008],[14.310403266739137,53.619087133715425],[14.306402202165113,53.543821602679486],[14.327809477050735,53.50328857276882],[14.35469171442716,53.47891268482323],[14.412329732753202,53.32860599355227],[14.395857230095828,53.328814782082084],[14.374943689697389,53.31488676311267],[14.348229996914464,53.309710134322756],[14.316445387380423,53.31202613167261],[14.301085190021093,53.285943589840294],[14.263273027980985,53.276794391327144],[14.265604255989915,53.259548800723664],[14.211239121092893,53.25494368785723],[14.176653447491429,53.262222875722074],[14.09901289436868,53.26195606013756],[14.113700337315004,53.285913136310405],[14.189372835161539,53.33143082852396],[14.229029596544983,53.366083723330696],[14.24313331276058,53.39456143873877],[14.235645492543822,53.42923377371578],[14.22435407941327,53.43446055950703],[14.205037631473258,53.42297957861782],[14.177740441803287,53.42259597024592],[14.121553331049645,53.44175598107392],[14.10491363713007,53.42242973601344],[14.0561089536406,53.41232624998672],[14.04533171254275,53.429399706903034],[14.00194045167563,53.43495043855151],[13.936250259403929,53.42881311343493],[13.910405410565907,53.43602723552473],[13.91567747222023,53.457651503224646],[13.875450874397789,53.47351216991636],[13.879425067842496,53.50408643719951],[13.859214139989446,53.51154207104477],[13.822787384552782,53.52252155776099],[13.800178216203882,53.545162164871755],[13.799504785544153,53.55897202302823],[13.790987328363187,53.5579608855143],[13.778464445169872,53.513441634626496],[13.799721047409761,53.500788998663644],[13.82737807068627,53.49850659955057],[13.81246994528208,53.48325774963084],[13.780935996864555,53.47388648420879],[13.747217557088605,53.481359951412564],[13.708855941886975,53.47783345727097],[13.645495873115815,53.44564733539389],[13.616788848144251,53.413095296345666],[13.550756143405726,53.39890561627399],[13.556737029503372,53.376171200301286],[13.534164378974644,53.364635424043584],[13.525566397017238,53.36723541408494],[13.51667721325172,53.35173999424771],[13.523215777040772,53.32010073363457],[13.485204543466315,53.29209655863027],[13.438269812174168,53.28720885899085],[13.40451339349379,53.245821617226106],[13.38714533243649,53.24428769152176],[13.359419736911711,53.277941372796434],[13.302352519580742,53.279960003897486],[13.274395888260418,53.26453363212637],[13.25271955286209,53.262083524750885],[13.233479907059207,53.255476339892105],[13.20539142822347,53.26932245192568],[13.238241391968389,53.28386556752297],[13.264154042153859,53.317706715430226],[13.3075919066544,53.31702951550028],[13.335489533285259,53.306256341830725],[13.341478750236167,53.31784332044285],[13.325094894036082,53.33440601210092],[13.33444040339656,53.37045382772455],[13.359477651987596,53.373937050475995],[13.371747357432772,53.39427949529646],[13.397032219173251,53.392175254664686],[13.42157828594085,53.40224978892206],[13.376124513610208,53.436993233330405],[13.28588942780735,53.4234046231875],[13.273084853630266,53.44044515157038],[13.23767953591455,53.44973280686391],[13.226242326000763,53.433900312711],[13.142313956858857,53.45005326351283],[13.135792542941942,53.457536784999775],[13.177825481272247,53.498234883029035],[13.15341612243624,53.55051139939631],[13.141860207761253,53.56009246982016],[13.089895829462723,53.55848617124669],[13.091867659300812,53.57468367096035],[13.140394527856717,53.5953492473569],[13.19366909911827,53.600755417028296],[13.249093968978853,53.61686176798435],[13.268187985377162,53.66193934150494],[13.391795549543717,53.69660319396425],[13.413979974116472,53.70955656040229],[13.431753057451935,53.75166551979772],[13.375386932927308,53.76702273117752],[13.352092015145788,53.785901836813174],[13.392900849438231,53.81544121882498],[13.39698367853703,53.83090996126841],[13.37854269978579,53.84497863399327],[13.337341473744786,53.84896989849887],[13.304038097616894,53.82399343582914],[13.232661560781738,53.80772592651591],[13.185891758380077,53.837888939934025],[13.18200380350306,53.860840767025024],[13.214457178273733,53.90913496812575],[13.193138640626573,53.93130728102506],[13.154792628301486,53.94422447625684],[13.122160100203988,53.937346528828],[13.08926123071182,53.94552563389326],[12.98613837670385,54.00419334977516],[13.100175172956353,54.03976487780931],[13.110664434881716,54.03864542338517],[13.107414962663663,54.03037960544667],[13.156728284393422,54.02173877860546],[13.206756980383586,54.034739207466735],[13.232560561792855,54.05573059237484],[13.241515151064673,54.03552692600474],[13.402575487395966,53.96511637062568],[13.434320122108835,54.00018093891898],[13.421947388374464,54.019021016181725],[13.434464113564793,54.04071478662799],[13.466628000457922,54.02999788286282],[13.537205830262218,54.04701228653763],[13.501619051485788,54.06564789131646],[13.500911866191624,54.08546650673909],[13.476452751275787,54.11643973016015],[13.492221471503152,54.12531475543664],[13.627349330815996,54.14108758987441],[13.701136351350167,54.1730452324865],[13.71819953090263,54.164451634456746],[13.705903526382794,54.159421294201294],[13.708759268759286,54.14619074964233],[13.729637313685213,54.1394420744417],[13.803532464805508,54.09673181992106],[13.781727401550018,54.047761211816166],[13.750130316945402,54.02635310587186]]],[[[13.88999511603557,54.09229379547588],[14.014086878529143,54.05365844481647],[14.22661912728364,53.92826652755042],[14.212747579398583,53.90051220748655],[14.213811660234263,53.86683398718622],[14.186381243056962,53.873065284291926],[14.062400087235588,53.86946068472337],[14.040638773865156,53.87438957090817],[13.992099155047072,53.850880957162424],[13.940781840124323,53.84395533220368],[13.931237491637726,53.84921581968702],[13.946771073274618,53.8497340989241],[13.953940530439699,53.86057583128265],[13.930214410612562,53.87120610887211],[13.913732005408592,53.85008338218755],[13.880382176030828,53.84043267878502],[13.82692072112447,53.85747817776431],[13.84081729671914,53.87209851223822],[13.923742772339372,53.8910302382742],[13.937995991184753,53.90956938640577],[13.922908529034869,53.950992503169104],[13.895395051536905,53.9674307824427],[13.905801139949501,53.99022578173283],[13.94179730120879,53.99533938257606],[13.963818988487917,53.9904853526207],[13.965789486109175,53.9697314175904],[13.949859395260773,53.95901873184134],[13.95902511297399,53.934993489920366],[13.969420521295227,53.95701163627614],[13.988189972825653,53.96240274060657],[14.041744295651368,53.947717769624866],[14.047662048871775,53.99772145207173],[14.03506150916154,54.015796722114935],[13.968852521001912,54.060164250767194],[13.911675149005028,54.064896375789495],[13.934332855611734,54.02836940160204],[13.926076879105057,54.01637912053664],[13.855953676850806,54.00207176937419],[13.854106471400303,54.015246750042685],[13.880156209498065,54.03973029471608],[13.854512104770563,54.04871385315926],[13.821237397549805,54.037888026759596],[13.800731971802383,54.018876873782375],[13.769753035699576,54.01985300422274],[13.765773839096328,54.0314847010806],[13.791169656257829,54.04961966148325],[13.813560061775087,54.09870141417939],[13.756213169100825,54.13730704536965],[13.75190016044854,54.16081585176789],[13.778337415703227,54.17325233249911],[13.803370704305797,54.17327662974983],[13.829097906673674,54.13715186901151],[13.88999511603557,54.09229379547588]]]]}},{"type":"Feature","properties":{"wkr_nr":17,"wkr_name":"Mecklenburgische Seenplatte II - Landkreis Rostock III","state_name":"Mecklenburg-Vorpommern","elected_party":"cdu","elected_party_share":0.4703,"zweitstimme_top_party":"cdu","zweitstimme_top_share":0.4509,"turnout":0.625717917764121,"eligible_voters":218688.0,"erststimme_top6":[["cdu",0.4703],["linke_pds",0.2266],["spd",0.1873],["npd",0.0317],["gruene",0.0306],["piraten",0.0199]],"zweitstimme_top6":[["cdu",0.4509],["linke_pds",0.2151],["spd",0.1715],["afd",0.0508],["gruene",0.0334],["npd",0.0268]]},"geometry":{"type":"Polygon","coordinates":[[[13.431753057451939,53.75166551979769],[13.4139799741165,53.70955656040231],[13.391795549543716,53.696603193964265],[13.268187985377095,53.6619393415049],[13.249093968978814,53.61686176798436],[13.193669099118296,53.60075541702828],[13.140394527856753,53.59534924735687],[13.09186765930076,53.57468367096031],[13.089895829462739,53.55848617124669],[13.141860207761288,53.56009246982017],[13.153416122436198,53.550511399396335],[13.177825481272219,53.498234883029035],[13.13579254294194,53.457536784999746],[13.14231395685882,53.450053263512835],[13.226242326000733,53.43390031271101],[13.237679535914532,53.449732806863935],[13.273084853630321,53.44044515157038],[13.285889427807302,53.42340462318746],[13.376124513610156,53.43699323333038],[13.421578285940887,53.402249788922084],[13.39703221917329,53.392175254664735],[13.371747357432788,53.39427949529642],[13.359477651987653,53.37393705047604],[13.334440403396519,53.37045382772453],[13.32509489403605,53.334406012100914],[13.341478750236117,53.317843320442805],[13.335489533285251,53.30625634183075],[13.307591906654393,53.31702951550024],[13.264154042153894,53.317706715430205],[13.238241391968366,53.283865567523],[13.205391428223518,53.26932245192565],[13.233479907059163,53.255476339892105],[13.252719552862049,53.26208352475088],[13.241126826133309,53.236974632502594],[13.229620698102773,53.217282915309575],[13.205654684239391,53.22004518183459],[13.182836830512157,53.25152154528054],[13.110715864467775,53.23992932850681],[13.10625741254119,53.215176735795694],[13.042724710301561,53.19670669746348],[12.98461618388399,53.16452889341711],[12.941689762595002,53.17382749103863],[12.978982499545403,53.19060178029364],[12.964144232297912,53.20007945957749],[12.90552638637317,53.193650291695945],[12.87870251407528,53.17994112993767],[12.845910773405308,53.200974870032624],[12.76341561660209,53.18911697297672],[12.743305200627788,53.223493008230804],[12.665270237881074,53.23185873270598],[12.674739317599684,53.24831390168494],[12.66625566496607,53.25382777921568],[12.598746111368415,53.247705509345934],[12.529583229032017,53.265012884944746],[12.500622363690658,53.26193795974052],[12.497699253284063,53.254897413651264],[12.444700447212941,53.25212622704604],[12.398503233821678,53.29405951998327],[12.33159443545816,53.317911147768555],[12.344820544060212,53.333440311553176],[12.33809157187902,53.34216050609833],[12.29030775764598,53.35489868967906],[12.275038883975926,53.378960567675094],[12.295870384187904,53.38849977354341],[12.300225500903563,53.42586543694018],[12.322334585200212,53.452934288124375],[12.361675713802617,53.4796384110401],[12.329425461358865,53.47804534588432],[12.289689973224855,53.51707081823223],[12.304805614192778,53.5675794587578],[12.209520681171105,53.602565030004186],[12.198342329231428,53.641898821446865],[12.14060124841422,53.63535673712009],[12.082616862469592,53.64660304224344],[12.050972256513962,53.66600296537469],[12.021903709634124,53.71234712565023],[11.978830260586827,53.74354636761432],[11.917426463618149,53.7404042259564],[11.90487349878589,53.73235650509775],[11.79676640280663,53.77075824341534],[11.79160685766677,53.77812993592588],[11.810443277156034,53.79285943718272],[11.801798879332686,53.81816031616971],[11.765736837787049,53.82402949245944],[11.760671310180339,53.83353216527497],[11.764569175171959,53.8704307973876],[11.797902205168633,53.8918691501874],[11.804811167870731,53.91842428748442],[11.79508292578212,53.94226773622363],[11.846020418203498,53.94342355884548],[11.879575320222388,53.968098130238985],[11.927362153236068,53.98450737112712],[11.924127885251632,53.9742379676832],[11.939483775381703,53.95935402475204],[11.998616035828599,53.96270562572995],[12.006108767031169,53.956560427443],[11.978600990962622,53.92808465965497],[11.99236758499268,53.91010906799223],[12.00152069374166,53.913336424611295],[12.036221030660464,53.90196325841253],[12.030538422290853,53.884860989128015],[12.099497738718552,53.86011708326506],[12.111304807928503,53.86493171926684],[12.12198585565553,53.89805886212918],[12.175665211427281,53.89260241758581],[12.17864237422253,53.911152702629515],[12.16280048300935,53.931050878652364],[12.196141750305102,53.97934340882372],[12.28787901511088,53.95398712068705],[12.29670733459572,53.95608481102659],[12.281688359736483,53.97218145372674],[12.329664585113123,54.001178341477555],[12.344381813232168,53.98762062949766],[12.335281469235241,53.9806965765532],[12.344670433294034,53.96531945029209],[12.369793121574208,53.9593937060914],[12.401191183990703,53.9817315727974],[12.44170232252624,53.98546958917505],[12.474919317586023,53.97042623422292],[12.48006904578216,53.95767878104251],[12.514762968149526,53.9507415047647],[12.51376335661001,53.966058331284366],[12.552106185191864,53.97800975112164],[12.559901691347614,53.99328126360106],[12.53940454046729,54.00357278788317],[12.577386126465987,54.01343012762534],[12.617717667373158,54.005301572057654],[12.658688759183716,54.04663553401154],[12.666396063162862,54.04460181788351],[12.715128866523013,54.01913208769121],[12.745101785925812,54.0339532925709],[12.807263025173041,54.00526454952868],[12.87037964940543,53.972965036210226],[12.957399408795746,54.00386235982224],[12.986138376703863,54.00419334977516],[13.089261230711804,53.94552563389323],[13.122160100203972,53.93734652882797],[13.154792628301456,53.94422447625683],[13.193138640626552,53.93130728102507],[13.214457178273763,53.90913496812571],[13.182003803503111,53.86084076702504],[13.18589175838009,53.83788893993401],[13.232661560781748,53.80772592651589],[13.304038097616871,53.82399343582914],[13.337341473744726,53.848969898498886],[13.37854269978573,53.84497863399329],[13.396983678537016,53.83090996126841],[13.392900849438288,53.81544121882501],[13.352092015145738,53.785901836813174],[13.375386932927292,53.76702273117755],[13.431753057451939,53.75166551979769]]]}},{"type":"Feature","properties":{"wkr_nr":18,"wkr_name":"Hamburg-Mitte","state_name":"Hamburg","elected_party":"spd","elected_party_share":0.3915,"zweitstimme_top_party":"spd","zweitstimme_top_share":0.3352,"turnout":0.655858009359111,"eligible_voters":256862.0,"erststimme_top6":[["spd",0.3915],["cdu",0.2816],["gruene",0.1201],["linke_pds",0.0945],["piraten",0.0345],["afd",0.0333]],"zweitstimme_top6":[["spd",0.3352],["cdu",0.2704],["gruene",0.1362],["linke_pds",0.109],["afd",0.0432],["fdp",0.0389]]},"geometry":{"type":"Polygon","coordinates":[[[10.037884441099223,53.60866362122744],[10.042577114570692,53.607161500836874],[10.075042529529938,53.58910760240322],[10.07210877713921,53.56140692013677],[10.147636524962214,53.564654787939716],[10.160303200870054,53.557612075732045],[10.148459223424844,53.54600839211514],[10.162401539043973,53.522429651562945],[10.110252686406378,53.52594285420562],[10.0662448627966,53.501060898693936],[10.019787595648973,53.51954839782819],[9.907010940492498,53.51264219798605],[9.841786240850404,53.515587083012505],[9.817230910746781,53.52843497102456],[9.771954789559693,53.54335787509115],[9.774264156963355,53.554162978683465],[9.887481608734834,53.54140366347289],[9.950214494804964,53.54165964628824],[9.965653586202102,53.56357186917006],[9.976486763530678,53.56357425033259],[10.003938359388636,53.57538312054846],[10.032449886363814,53.58483143299249],[10.037884441099223,53.60866362122744]]]}},{"type":"Feature","properties":{"wkr_nr":19,"wkr_name":"Hamburg-Altona","state_name":"Hamburg","elected_party":"spd","elected_party_share":0.3491,"zweitstimme_top_party":"spd","zweitstimme_top_share":0.2975,"turnout":0.743297807151924,"eligible_voters":182776.0,"erststimme_top6":[["spd",0.3491],["cdu",0.3245],["gruene",0.1368],["linke_pds",0.1024],["afd",0.023],["piraten",0.0224]],"zweitstimme_top6":[["spd",0.2975],["cdu",0.2944],["gruene",0.1649],["linke_pds",0.108],["fdp",0.0547],["afd",0.0321]]},"geometry":{"type":"Polygon","coordinates":[[[9.788928485744774,53.61061765588815],[9.791291253850645,53.60124089795274],[9.82440327283206,53.5841700767723],[9.869282043531944,53.61363422198578],[9.930371615119112,53.57317660256524],[9.965653586202102,53.56357186917006],[9.950214494804964,53.54165964628824],[9.887481608734834,53.54140366347289],[9.774264156963355,53.554162978683465],[9.730114645747891,53.55764700126344],[9.76002866633768,53.62429942737323],[9.770070555272648,53.62761590859816],[9.770548253561559,53.61602133817526],[9.788928485744774,53.61061765588815]]]}},{"type":"Feature","properties":{"wkr_nr":20,"wkr_name":"Hamburg-Eimsbüttel","state_name":"Hamburg","elected_party":"spd","elected_party_share":0.3755,"zweitstimme_top_party":"spd","zweitstimme_top_share":0.3141,"turnout":0.753978458360559,"eligible_voters":189772.0,"erststimme_top6":[["spd",0.3755],["cdu",0.3331],["gruene",0.1301],["linke_pds",0.0688],["afd",0.0285],["piraten",0.0237]],"zweitstimme_top6":[["spd",0.3141],["cdu",0.3106],["gruene",0.1558],["linke_pds",0.0857],["fdp",0.0516],["afd",0.0367]]},"geometry":{"type":"Polygon","coordinates":[[[9.925177860166498,53.653057305050346],[9.945513414226486,53.65273521714274],[9.977562997488752,53.648216313799466],[9.985312420749672,53.638720161439885],[9.959799661358902,53.61363264167184],[9.969522224280174,53.58315683872771],[9.976479860271757,53.578643051220226],[9.993760219208035,53.585042550293615],[10.003938359388636,53.57538312054846],[9.976486763530678,53.56357425033259],[9.965653586202102,53.56357186917006],[9.930371615119112,53.57317660256524],[9.869282043531944,53.61363422198578],[9.90572667563739,53.6417411093184],[9.906758705162378,53.65247898672308],[9.925177860166498,53.653057305050346]]]}},{"type":"Feature","properties":{"wkr_nr":21,"wkr_name":"Hamburg-Nord","state_name":"Hamburg","elected_party":"cdu","elected_party_share":0.3972,"zweitstimme_top_party":"cdu","zweitstimme_top_share":0.3647,"turnout":0.773991615680943,"eligible_voters":211824.0,"erststimme_top6":[["cdu",0.3972],["spd",0.3477],["gruene",0.1192],["linke_pds",0.047],["afd",0.0352],["fdp",0.0242]],"zweitstimme_top6":[["cdu",0.3647],["spd",0.3019],["gruene",0.1253],["linke_pds",0.0653],["fdp",0.0631],["afd",0.0414]]},"geometry":{"type":"Polygon","coordinates":[[[10.070807524478457,53.710003278428175],[10.081979890462254,53.720422713659744],[10.123506031541362,53.717113060778686],[10.164765521367524,53.739431160978306],[10.186462001379251,53.731125707140606],[10.19166464227351,53.72274430956348],[10.146022280083216,53.675669316986074],[10.139803983875932,53.64315562046804],[10.078788037869929,53.63179897629524],[10.049233049466304,53.6188937940629],[10.042577114570692,53.607161500836874],[10.037884441099223,53.60866362122744],[10.032449886363814,53.58483143299249],[10.003938359388636,53.57538312054846],[9.993760219208035,53.585042550293615],[9.976479860271757,53.578643051220226],[9.969522224280174,53.58315683872771],[9.959799661358902,53.61363264167184],[9.985312420749672,53.638720161439885],[9.977562997488752,53.648216313799466],[9.987398383136043,53.64906216785381],[9.999585055059173,53.681516040951486],[10.065872394223579,53.68495251363274],[10.078996231390168,53.70390226205433],[10.070807524478457,53.710003278428175]]]}},{"type":"Feature","properties":{"wkr_nr":22,"wkr_name":"Hamburg-Wandsbek","state_name":"Hamburg","elected_party":"spd","elected_party_share":0.3997,"zweitstimme_top_party":"cdu","zweitstimme_top_share":0.3484,"turnout":0.672554925341755,"eligible_voters":218797.0,"erststimme_top6":[["spd",0.3997],["cdu",0.3719],["linke_pds",0.0661],["gruene",0.0642],["afd",0.0415],["piraten",0.0229]],"zweitstimme_top6":[["cdu",0.3484],["spd",0.3463],["gruene",0.0871],["linke_pds",0.0762],["afd",0.0488],["fdp",0.0451]]},"geometry":{"type":"Polygon","coordinates":[[[10.146022280083216,53.675669316986074],[10.15576360950284,53.66991156599681],[10.171541823313978,53.668695578465304],[10.221970589311857,53.633636328392285],[10.196894208925368,53.60017286112309],[10.152434389342147,53.577898196164405],[10.147636524962214,53.564654787939716],[10.07210877713921,53.56140692013677],[10.075042529529938,53.58910760240322],[10.042577114570692,53.607161500836874],[10.049233049466304,53.6188937940629],[10.078788037869929,53.63179897629524],[10.139803983875932,53.64315562046804],[10.146022280083216,53.675669316986074]]]}},{"type":"Feature","properties":{"wkr_nr":23,"wkr_name":"Hamburg-Bergedorf - Harburg","state_name":"Hamburg","elected_party":"spd","elected_party_share":0.4044,"zweitstimme_top_party":"spd","zweitstimme_top_share":0.3504,"turnout":0.643138173935382,"eligible_voters":221887.0,"erststimme_top6":[["spd",0.4044],["cdu",0.3559],["linke_pds",0.0753],["gruene",0.0646],["afd",0.0387],["piraten",0.0227]],"zweitstimme_top6":[["spd",0.3504],["cdu",0.3377],["gruene",0.0918],["linke_pds",0.084],["afd",0.0471],["fdp",0.0352]]},"geometry":{"type":"Polygon","coordinates":[[[9.771954789559693,53.54335787509115],[9.817230910746781,53.52843497102456],[9.841786240850404,53.515587083012505],[9.907010940492498,53.51264219798605],[10.019787595648973,53.51954839782819],[10.0662448627966,53.501060898693936],[10.110252686406378,53.52594285420562],[10.162401539043973,53.522429651562945],[10.236700599858558,53.49631642132726],[10.238486298357886,53.48262255138164],[10.299322979700989,53.4434208969175],[10.309558172005053,53.44295515468465],[10.312235146994855,53.45216405363143],[10.325289763377512,53.44984757214347],[10.307981720848181,53.433289543084584],[10.26011333121087,53.41847358320304],[10.235940852590234,53.39512986002588],[10.177563321262625,53.396118249729035],[10.051144317012719,53.46369024440984],[10.02938127718712,53.43487810771506],[9.9764586177351,53.41447583346065],[9.959080798320302,53.42686409982762],[9.931103882116874,53.42161277489388],[9.898672261065936,53.4579277998985],[9.856058981182597,53.43515013240068],[9.800230236561815,53.46932501665447],[9.782633946412624,53.496717124552134],[9.769614219975383,53.50501491000445],[9.771954789559693,53.54335787509115]]]}},{"type":"Feature","properties":{"wkr_nr":24,"wkr_name":"Aurich - Emden","state_name":"Niedersachsen","elected_party":"spd","elected_party_share":0.5025,"zweitstimme_top_party":"spd","zweitstimme_top_share":0.4382,"turnout":0.70295884013048,"eligible_voters":190987.0,"erststimme_top6":[["spd",0.5025],["cdu",0.3237],["gruene",0.0956],["linke_pds",0.0483],["fdp",0.0158],["freie_wahler",0.0142]],"zweitstimme_top6":[["spd",0.4382],["cdu",0.3246],["gruene",0.0832],["linke_pds",0.0497],["fdp",0.0326],["afd",0.0312]]},"geometry":{"type":"MultiPolygon","coordinates":[[[[6.89129831271654,53.63176021552908],[6.898452223137665,53.626233675189816],[6.873937481094994,53.62761737890612],[6.862498022147427,53.64546710648648],[6.89189662865053,53.65432986767327],[6.906111241231153,53.65168695236222],[6.909325588140628,53.64481124860425],[6.89129831271654,53.63176021552908]]],[[[7.480552758289247,53.683214754715095],[7.519385239061258,53.670590165652975],[7.555624190525959,53.67444824871227],[7.511976626882661,53.66325853307597],[7.491969197106331,53.64945051613296],[7.509904152470291,53.62376793578536],[7.431831404651908,53.6230165872413],[7.420889036730876,53.61773158951898],[7.408410446632767,53.583830992876905],[7.413463295204934,53.540405657347534],[7.428985275459983,53.532687118562905],[7.523844195036864,53.55080592324776],[7.649390920268114,53.56150829459692],[7.662739322390813,53.536399820648235],[7.648140023888392,53.52639474959526],[7.677621204085677,53.50266951275741],[7.678724781079448,53.47539429790229],[7.694599127554182,53.46511447167557],[7.736193480469779,53.472615114772026],[7.744442100819975,53.456430202279726],[7.731732054715143,53.454524574056954],[7.735489657629027,53.440019468133215],[7.776399184819843,53.43773943047533],[7.815920857019075,53.37526305010393],[7.679535477350794,53.34477368235173],[7.597641278767045,53.33918486984319],[7.486824006904724,53.37050583652585],[7.460364612275219,53.36925171303397],[7.412179102901344,53.34823772973718],[7.363507013798114,53.35882215086583],[7.352781484805451,53.36895614171454],[7.347138943340042,53.358681281653595],[7.307525265061193,53.350009091759986],[7.302143195513923,53.32330619477685],[7.224626345650364,53.33329324571315],[7.027208912817715,53.33645821844069],[6.999188355541819,53.35995050671745],[7.015143786244563,53.37964604711829],[7.029085713809916,53.4838698239899],[7.054144867425906,53.504531240249214],[7.032776471681738,53.52977598115014],[7.036943774975132,53.53812292671517],[7.080194259574154,53.52335749047043],[7.105548691628878,53.50311802005347],[7.152102983511858,53.534112014134614],[7.134624535794551,53.55118470496969],[7.087002879564614,53.5711987037747],[7.091012178509867,53.58006101418591],[7.163158372104508,53.62816918228431],[7.243247945661562,53.668656255728976],[7.310800727791626,53.68279196425453],[7.376592164828492,53.68259371615283],[7.480552758289247,53.683214754715095]]],[[[7.092809014039018,53.68434932321135],[7.093508989843072,53.67656092128],[6.985870468291775,53.67554749154458],[6.890393089767848,53.66444961655917],[6.873047235016633,53.66996594410839],[7.062525456660532,53.68584220675876],[7.092809014039018,53.68434932321135]]],[[[7.269402586856206,53.70432270545715],[7.152630889107098,53.69651079919394],[7.138244311941042,53.709248200930794],[7.206891130797072,53.72272288248362],[7.330939092382089,53.72603104367164],[7.347237081747227,53.71883356079568],[7.269402586856206,53.70432270545715]]],[[[7.436751825748172,53.72096853641602],[7.38801417478629,53.71976691466709],[7.359424344953387,53.7279985146011],[7.39413118893031,53.736167473105006],[7.430943801014645,53.731703509155246],[7.436751825748172,53.72096853641602]]]]}},{"type":"Feature","properties":{"wkr_nr":25,"wkr_name":"Unterems","state_name":"Niedersachsen","elected_party":"cdu","elected_party_share":0.5473,"zweitstimme_top_party":"cdu","zweitstimme_top_share":0.4877,"turnout":0.717227129012303,"eligible_voters":232784.0,"erststimme_top6":[["cdu",0.5473],["spd",0.3118],["gruene",0.0512],["linke_pds",0.039],["fdp",0.026],["freie_wahler",0.011]],"zweitstimme_top6":[["cdu",0.4877],["spd",0.309],["gruene",0.0575],["linke_pds",0.041],["fdp",0.0395],["afd",0.0295]]},"geometry":{"type":"MultiPolygon","coordinates":[[[[7.363507013798114,53.35882215086583],[7.412179102901344,53.34823772973718],[7.460364612275219,53.36925171303397],[7.486824006904724,53.37050583652585],[7.597641278767045,53.33918486984319],[7.679535477350794,53.34477368235173],[7.815920857019075,53.37526305010393],[7.835626922447749,53.36234503728065],[7.87134360364304,53.37544362337476],[7.885132446586431,53.351639609686565],[7.850328564152559,53.29434943251729],[7.700572984837051,53.21666495129792],[7.718520847472925,53.179082290265505],[7.665520617468201,53.17777269491613],[7.641048076330235,53.18541090092527],[7.643688674021067,53.148157448921765],[7.611831732955194,53.05826621959548],[7.711851043413359,53.0159858721713],[7.72310641029337,52.972876032364645],[7.716034068534076,52.968394863181246],[7.743204621823211,52.94664026088686],[7.831633214461238,52.92133216118341],[7.783654561234131,52.87289532416956],[7.713221035667508,52.85092882969907],[7.684223603844749,52.79852544103449],[7.622999247583711,52.793464179064635],[7.554384633719545,52.76444592975482],[7.476728872657496,52.74721815494046],[7.462644807102849,52.73458043086501],[7.443445733564912,52.74112237292413],[7.42192893042941,52.76574980121587],[7.382382882661782,52.7601788535867],[7.362690460151937,52.745662387110634],[7.342501662330703,52.74574309738925],[7.330455908965937,52.76022938189119],[7.267820041446329,52.76768262930072],[7.257975071590573,52.76338443338838],[7.272082696388733,52.76143539092292],[7.258175071380288,52.75242537369522],[7.217217906383834,52.735763403956796],[7.140525572309006,52.729698412963664],[7.134480466953201,52.69372368443155],[7.163556436770017,52.693162449109934],[7.191124936780257,52.65459049569464],[7.132776742040627,52.646953078035864],[7.122548774957403,52.6024754248529],[7.139336685871049,52.5884487796512],[7.095349252083871,52.59007561724915],[7.033699962094403,52.61823442737212],[6.995376939106452,52.60631206304076],[7.005620575666335,52.639190013498],[7.040194798837961,52.632855786750326],[7.05418110108289,52.643911198387364],[7.071979459868687,52.81089540367485],[7.09239447618637,52.838213841482634],[7.087063062952021,52.85044914074642],[7.181781802652227,52.94131458272505],[7.209351112222142,53.000337188745576],[7.202258512347408,53.112934596240414],[7.18286321712331,53.12163753900493],[7.178900108741824,53.13800354159617],[7.216360216818033,53.19587341963694],[7.209241695631307,53.243878539866344],[7.227812535901393,53.25853826468515],[7.245451470897533,53.3193314127306],[7.294540354550665,53.31749089724089],[7.302143195513923,53.32330619477685],[7.307525265061193,53.350009091759986],[7.347138943340042,53.358681281653595],[7.352781484805451,53.36895614171454],[7.363507013798114,53.35882215086583]]],[[[6.757296439890172,53.56807176143153],[6.748732526080491,53.557628829810014],[6.709159497926133,53.55926065683006],[6.665151079070928,53.57833165703482],[6.654092771737121,53.59286502771318],[6.659003809971212,53.60049051444727],[6.752511885114069,53.61956830634916],[6.811310929824336,53.59941032167073],[6.75194362944664,53.59584042206034],[6.721406111627088,53.58219435294143],[6.757296439890172,53.56807176143153]]]]}},{"type":"Feature","properties":{"wkr_nr":26,"wkr_name":"Friesland - Wilhelmshaven - Wittmund","state_name":"Niedersachsen","elected_party":"spd","elected_party_share":0.4414,"zweitstimme_top_party":"cdu","zweitstimme_top_share":0.3836,"turnout":0.705989454518665,"eligible_voters":190034.0,"erststimme_top6":[["spd",0.4414],["cdu",0.3966],["gruene",0.0559],["linke_pds",0.0511],["fdp",0.0229],["freie_wahler",0.0193]],"zweitstimme_top6":[["cdu",0.3836],["spd",0.3626],["gruene",0.0735],["linke_pds",0.0515],["fdp",0.0428],["afd",0.0414]]},"geometry":{"type":"MultiPolygon","coordinates":[[[[8.02876173997332,53.70803394660574],[8.022696144729846,53.68482064160953],[8.042458500188797,53.640962663420126],[8.072295127803947,53.64629352314906],[8.089913468323342,53.63781224205891],[8.170947921550084,53.53605759203576],[8.161000509481937,53.51811650017593],[8.146322425683135,53.51329457888916],[8.090321500749502,53.50051648830268],[8.058843682117471,53.50782340497249],[8.065427350004546,53.473672729923514],[8.085451430775173,53.452945292638276],[8.098917856252841,53.444703546554365],[8.121651707733088,53.45237423453468],[8.147584022826987,53.45108127593852],[8.196517361099808,53.40890945679936],[8.203262050176981,53.3681675818747],[8.174044057556243,53.35403189003351],[8.125602437163462,53.33012572432495],[8.063652299785886,53.3419316725787],[8.032515130337295,53.32122596942757],[8.030239567218928,53.31037799498871],[8.006114397559875,53.307781374372574],[7.970421817636375,53.30473755501259],[7.941861200247498,53.3307635212946],[7.885132446586431,53.351639609686565],[7.87134360364304,53.37544362337476],[7.835626922447749,53.36234503728065],[7.815920857019075,53.37526305010393],[7.776399184819843,53.43773943047533],[7.735489657629027,53.440019468133215],[7.731732054715143,53.454524574056954],[7.744442100819975,53.456430202279726],[7.736193480469779,53.472615114772026],[7.694599127554182,53.46511447167557],[7.678724781079448,53.47539429790229],[7.677621204085677,53.50266951275741],[7.648140023888392,53.52639474959526],[7.662739322390813,53.536399820648235],[7.649390920268114,53.56150829459692],[7.523844195036864,53.55080592324776],[7.428985275459983,53.532687118562905],[7.413463295204934,53.540405657347534],[7.408410446632767,53.583830992876905],[7.420889036730876,53.61773158951898],[7.431831404651908,53.6230165872413],[7.509904152470291,53.62376793578536],[7.491969197106331,53.64945051613296],[7.511976626882661,53.66325853307597],[7.555624190525959,53.67444824871227],[7.688040344371395,53.70107271504765],[7.760227884593769,53.70147253464478],[7.811592881245022,53.71163031482289],[7.96545546107363,53.71616527551084],[8.02876173997332,53.70803394660574]]],[[[7.496821930883936,53.72649298447987],[7.465353804266418,53.72350737909087],[7.463429559002548,53.74221587106937],[7.487724175842137,53.75708432032488],[7.594599156041527,53.75869872607029],[7.627522129225417,53.75394827306428],[7.630162928198612,53.746403213898915],[7.514491059503539,53.74364060373337],[7.496821930883936,53.72649298447987]]],[[[8.014835422504815,53.777158951606566],[8.021496150851899,53.745104297802015],[8.006726810383489,53.750489552923256],[7.997251565312662,53.76899027279111],[8.008805921114483,53.78133580320297],[8.014835422504815,53.777158951606566]]],[[[7.695883273184262,53.76430585078864],[7.681873886850378,53.752085759797744],[7.666566879557291,53.75765940316088],[7.68931218677617,53.77906842665634],[7.742930087399305,53.77991089306249],[7.787544283068073,53.78000381938461],[7.816622187158898,53.770986906193485],[7.695883273184262,53.76430585078864]]],[[[7.935662761720588,53.79049486251023],[7.970158744363464,53.77975295780779],[7.968494058964901,53.77463442350806],[7.877764330153703,53.78853492741238],[7.863194823378755,53.777967319457716],[7.848274802518504,53.78657600858452],[7.861189412210347,53.793773449865725],[7.935662761720588,53.79049486251023]]]]}},{"type":"Feature","properties":{"wkr_nr":27,"wkr_name":"Oldenburg - Ammerland","state_name":"Niedersachsen","elected_party":"spd","elected_party_share":0.3742,"zweitstimme_top_party":"cdu","zweitstimme_top_share":0.352,"turnout":0.741997831304529,"eligible_voters":220409.0,"erststimme_top6":[["spd",0.3742],["cdu",0.3679],["gruene",0.1147],["linke_pds",0.0544],["afd",0.034],["fdp",0.0245]],"zweitstimme_top6":[["cdu",0.352],["spd",0.326],["gruene",0.1244],["linke_pds",0.0649],["fdp",0.0506],["afd",0.0421]]},"geometry":{"type":"Polygon","coordinates":[[[7.885132446586468,53.35163960968656],[7.941861200247462,53.3307635212946],[7.970421817636383,53.30473755501258],[8.006114397559818,53.30778137437253],[8.030239567218914,53.310377994988684],[8.03251513033726,53.321225969427545],[8.063652299785936,53.34193167257868],[8.125602437163481,53.33012572432492],[8.17404405755623,53.35403189003351],[8.164363937393615,53.3406137099889],[8.171948432564152,53.32263829007564],[8.210300859245235,53.30426490354679],[8.251952969563941,53.30028882424337],[8.266843241880482,53.28474888928427],[8.31614978947715,53.19684690383738],[8.303887154830667,53.18899498793568],[8.292534848378589,53.18063295143612],[8.312346021849892,53.15301727250803],[8.289157365380246,53.13150723362477],[8.28027009834855,53.0973316521102],[8.224394899756897,53.08300883162193],[8.19505935067494,53.092357690311935],[8.174210224324716,53.10930796310952],[8.129724379606088,53.10783961075917],[8.071146452623239,53.08966857192634],[8.051273618507153,53.06002866295461],[8.015951330079377,53.07383004072598],[7.964265945945708,53.07565027943615],[7.901356029665705,53.11963962466637],[7.884790924851398,53.109965658458954],[7.840734297858947,53.14158308058533],[7.8513474634829,53.147089168896194],[7.846692365954558,53.1635312964044],[7.818669332209453,53.174518592533474],[7.790799997173226,53.17845215358589],[7.748308438534243,53.17269585757434],[7.71852084747289,53.17908229026549],[7.700572984837017,53.216664951297936],[7.850328564152524,53.29434943251732],[7.885132446586468,53.35163960968656]]]}},{"type":"Feature","properties":{"wkr_nr":28,"wkr_name":"Delmenhorst - Wesermarsch - Oldenburg-Land","state_name":"Niedersachsen","elected_party":"cdu","elected_party_share":0.3974,"zweitstimme_top_party":"cdu","zweitstimme_top_share":0.3895,"turnout":0.714468270104822,"eligible_voters":227719.0,"erststimme_top6":[["cdu",0.3974],["spd",0.3938],["gruene",0.0609],["linke_pds",0.0453],["afd",0.0329],["fdp",0.0328]],"zweitstimme_top6":[["cdu",0.3895],["spd",0.3411],["gruene",0.0812],["linke_pds",0.0548],["fdp",0.05],["afd",0.0395]]},"geometry":{"type":"Polygon","coordinates":[[[8.552371085588081,53.51619043874269],[8.510402290165283,53.49899141426643],[8.492767267745672,53.47526861027034],[8.499589708078606,53.367455956571774],[8.48081015063042,53.24242239613078],[8.484762379529936,53.222603052102635],[8.509081059842023,53.19865004027417],[8.61997215312667,53.16705417902591],[8.653874006720079,53.10876010928966],[8.710009339533887,53.072284422923794],[8.712224585990489,53.04445316455696],[8.690450109487706,53.03888090742254],[8.657381204479108,53.00896765909002],[8.642881196516814,52.976887658952236],[8.654202495355042,52.9647622003433],[8.68531309718187,52.96195475922655],[8.693353959210805,52.91905216345042],[8.64540586032544,52.91192800256368],[8.643087547226303,52.86106080974103],[8.625958024802967,52.850167526789626],[8.543169958459146,52.830786431040316],[8.546793768146822,52.8190089177808],[8.516684043937543,52.805483829015174],[8.480698706344173,52.79770951009185],[8.460300876342867,52.80109917035944],[8.473022059305142,52.82325216692678],[8.414779676415376,52.82449787024063],[8.396472927906544,52.832027552585636],[8.403063203662196,52.849205526842226],[8.318629376081455,52.87794152517353],[8.258971392482183,52.87398129558296],[8.22509980092882,52.87031238947952],[8.15840800653444,52.904709311661485],[8.157571886800383,52.92485044543805],[8.125017550583035,52.936907824698444],[8.114660113682797,52.96707713458656],[8.124255729356317,52.999006080391105],[8.051273618507153,53.06002866295461],[8.071146452623239,53.08966857192634],[8.129724379606088,53.10783961075917],[8.174210224324716,53.10930796310952],[8.19505935067494,53.092357690311935],[8.224394899756897,53.08300883162193],[8.28027009834855,53.0973316521102],[8.289157365380246,53.13150723362477],[8.312346021849892,53.15301727250803],[8.292534848378589,53.18063295143612],[8.303887154830667,53.18899498793568],[8.31614978947715,53.19684690383738],[8.266843241880482,53.28474888928427],[8.251952969563941,53.30028882424337],[8.210300859245235,53.30426490354679],[8.171948432564152,53.32263829007564],[8.164363937393615,53.3406137099889],[8.17404405755623,53.35403189003351],[8.203262050176985,53.368167581874715],[8.196517361099858,53.40890945679939],[8.230898084803028,53.39864782848674],[8.259754191219077,53.40178754083699],[8.290448877731137,53.42304145950944],[8.313883696520788,53.45587794260212],[8.310738513331774,53.52188362404955],[8.23144049292919,53.52129425886794],[8.242389804612232,53.58117832302924],[8.268998273233878,53.60371359204832],[8.305472064683189,53.616253231062316],[8.325130544086027,53.615383998744875],[8.348459690845722,53.60667411245525],[8.384011018783463,53.57424441745672],[8.463988770071376,53.55285795692158],[8.517039809890637,53.55022566031468],[8.548752557068992,53.53898130190174],[8.555692134124858,53.52586423617063],[8.54671289048243,53.520887496540134],[8.552371085588081,53.51619043874269]]]}},{"type":"Feature","properties":{"wkr_nr":29,"wkr_name":"Cuxhaven - Stade II","state_name":"Niedersachsen","elected_party":"cdu","elected_party_share":0.4676,"zweitstimme_top_party":"cdu","zweitstimme_top_share":0.4391,"turnout":0.730926241739501,"eligible_voters":187640.0,"erststimme_top6":[["cdu",0.4676],["spd",0.3641],["gruene",0.0614],["linke_pds",0.0361],["afd",0.0297],["piraten",0.0156]],"zweitstimme_top6":[["cdu",0.4391],["spd",0.3349],["gruene",0.0705],["linke_pds",0.0459],["fdp",0.0362],["afd",0.035]]},"geometry":{"type":"Polygon","coordinates":[[[9.022459423516075,53.87929020965968],[9.199745985376634,53.880096521826324],[9.230951302023541,53.877817983030255],[9.319466827106549,53.85083420222358],[9.423271119299795,53.74009575580497],[9.485856090334927,53.707644017857646],[9.50776291950357,53.691245729270264],[9.396738056874746,53.649326239535],[9.419457026939737,53.62696682476333],[9.392128888064104,53.605782753426354],[9.374538716253305,53.57111782067231],[9.282801986566298,53.523051326020216],[9.247104645500334,53.53970649696323],[9.211423040567237,53.540989216875694],[9.204049142508426,53.53209928880448],[9.185331934708021,53.53171669787071],[9.159407413358364,53.55551889727061],[9.14840127943395,53.5923454683651],[9.114862989458114,53.555239448526365],[9.076573386964036,53.567144949563364],[9.013086551519383,53.55575833828898],[8.978923597377019,53.557044514381495],[8.966962083451143,53.53066338755316],[8.933097741318425,53.536342828098],[8.895673169347091,53.51978341947515],[8.94097869969338,53.50852858612337],[8.973513898386999,53.46896323310693],[8.966717543671079,53.455609631184736],[8.951270694045249,53.457034054000445],[8.907216680676783,53.43839764462141],[8.95365238357064,53.411729623966764],[8.90581915717952,53.38932039237632],[8.911219603097177,53.3798274071817],[8.868600474853528,53.395298107392755],[8.792771058638682,53.38393126386563],[8.759185537079937,53.36725622138361],[8.747870975158206,53.35746537091622],[8.770637407057682,53.321452548399314],[8.627504206051047,53.28166526187464],[8.563626456718637,53.29725499713925],[8.544319349099066,53.284968133819625],[8.50380566297746,53.29403709808368],[8.517598788731323,53.32510132268129],[8.499589708078606,53.367455956571774],[8.492767267745672,53.47526861027034],[8.510402290165283,53.49899141426643],[8.552371085588081,53.51619043874269],[8.575368393154363,53.498819362286476],[8.571453485542811,53.48755263093296],[8.60650177743206,53.48411567093429],[8.650448838408607,53.51102825672876],[8.618752902563047,53.57457393044521],[8.652114121350017,53.60239297305386],[8.62353480084238,53.60564158676914],[8.590845964840335,53.59433631140327],[8.53519995296718,53.60725587919978],[8.520106209970061,53.60635276683408],[8.483988166744638,53.65658884842483],[8.483745602733558,53.695080277652856],[8.56632770638612,53.84582662644381],[8.615224337341463,53.88197789148912],[8.684005698308448,53.89191923334197],[8.693941514847694,53.87680431125929],[8.797817974032426,53.832937449679044],[8.907279459398659,53.82805770593974],[8.978698659071227,53.84043379071027],[9.02285751439346,53.83538435145092],[8.994647040630555,53.87251071640375],[9.022459423516075,53.87929020965968]]]}},{"type":"Feature","properties":{"wkr_nr":30,"wkr_name":"Stade I - Rotenburg II","state_name":"Niedersachsen","elected_party":"cdu","elected_party_share":0.4761,"zweitstimme_top_party":"cdu","zweitstimme_top_share":0.4472,"turnout":0.744421875480873,"eligible_voters":194958.0,"erststimme_top6":[["cdu",0.4761],["spd",0.3411],["gruene",0.0632],["afd",0.0391],["linke_pds",0.0339],["fdp",0.0174]],"zweitstimme_top6":[["cdu",0.4472],["spd",0.3093],["gruene",0.0777],["afd",0.0453],["fdp",0.0418],["linke_pds",0.0418]]},"geometry":{"type":"Polygon","coordinates":[[[9.50776291950357,53.691245729270264],[9.520722395444308,53.672917863554005],[9.5506190457097,53.61602785163147],[9.675765281547154,53.56466087805535],[9.730114645747891,53.55764700126344],[9.774264156963355,53.554162978683465],[9.771954789559693,53.54335787509115],[9.769614219975383,53.50501491000445],[9.761003005263591,53.48458653127975],[9.771805665718736,53.4805180513696],[9.783223609285315,53.440494865286],[9.705221325886622,53.41575968085522],[9.651200844603986,53.409112550157715],[9.562601356558822,53.3376100465289],[9.601307651485877,53.29952555336949],[9.601430800204577,53.25924606134416],[9.525850893841497,53.249863626656705],[9.479479868937005,53.23223838355159],[9.446586172160869,53.23870106174587],[9.440556202521618,53.24657007629851],[9.365757779866623,53.20441836876054],[9.36040171753347,53.18505552159172],[9.340266081434457,53.175537355837015],[9.31900825288822,53.17877399966264],[9.305447474692647,53.19207352142708],[9.249191938468424,53.184281024448104],[9.219174944429069,53.194035382889304],[9.219652237304016,53.21122083332776],[9.188564874308994,53.20815160703042],[9.17574539851802,53.18443833361757],[9.16624391086981,53.176059053393985],[9.144878139349833,53.16905298340987],[9.109240132275273,53.144109514319176],[9.07136724091723,53.15124898139478],[9.02842479182249,53.19605628905364],[9.025568313219896,53.246709749860514],[8.993252302469077,53.27004922787631],[9.012147210810753,53.30014847461648],[8.997927434451103,53.32310679834302],[8.97288669624527,53.337668066309504],[8.964737242242277,53.334916696517546],[8.940601755569363,53.36576571445981],[8.907535421956508,53.37398391312753],[8.911219603097177,53.3798274071817],[8.90581915717952,53.38932039237632],[8.95365238357064,53.411729623966764],[8.907216680676783,53.43839764462141],[8.951270694045249,53.457034054000445],[8.966717543671079,53.455609631184736],[8.973513898386999,53.46896323310693],[8.94097869969338,53.50852858612337],[8.895673169347091,53.51978341947515],[8.933097741318425,53.536342828098],[8.966962083451143,53.53066338755316],[8.978923597377019,53.557044514381495],[9.013086551519383,53.55575833828898],[9.076573386964036,53.567144949563364],[9.114862989458114,53.555239448526365],[9.14840127943395,53.5923454683651],[9.159407413358364,53.55551889727061],[9.185331934708021,53.53171669787071],[9.204049142508426,53.53209928880448],[9.211423040567237,53.540989216875694],[9.247104645500334,53.53970649696323],[9.282801986566298,53.523051326020216],[9.374538716253305,53.57111782067231],[9.392128888064104,53.605782753426354],[9.419457026939737,53.62696682476333],[9.396738056874746,53.649326239535],[9.50776291950357,53.691245729270264]]]}},{"type":"Feature","properties":{"wkr_nr":31,"wkr_name":"Mittelems","state_name":"Niedersachsen","elected_party":"cdu","elected_party_share":0.5904,"zweitstimme_top_party":"cdu","zweitstimme_top_share":0.5609,"turnout":0.747394223221999,"eligible_voters":228051.0,"erststimme_top6":[["cdu",0.5904],["spd",0.2896],["gruene",0.0497],["linke_pds",0.0269],["afd",0.0224],["fdp",0.0158]],"zweitstimme_top6":[["cdu",0.5609],["spd",0.2604],["gruene",0.0541],["fdp",0.0416],["linke_pds",0.0302],["afd",0.0256]]},"geometry":{"type":"Polygon","coordinates":[[[7.68422360384476,52.79852544103454],[7.688296889811234,52.792252242283624],[7.714287121206848,52.76650913989589],[7.647968502954993,52.73879246879948],[7.635043101440057,52.72595523906723],[7.689599786554568,52.679661625738824],[7.694948443168271,52.663417410149094],[7.613450292131229,52.6244327501521],[7.607776868697832,52.615197709018794],[7.622042739016277,52.58357613415661],[7.607992608301861,52.473984783516904],[7.570851151251171,52.43208477304507],[7.604049475135732,52.42104420066618],[7.575485347912271,52.382827989839186],[7.462589444788504,52.34161318200655],[7.380254683912127,52.30536359600817],[7.361823160084545,52.28835991895561],[7.316826729810457,52.28013003348759],[7.297211947105373,52.26380444596247],[7.155790134150681,52.2665974293024],[7.122103159231689,52.26114869384502],[7.099126370413805,52.2428401543618],[7.065748398092186,52.24128892075275],[7.042615867913504,52.25614357165084],[7.026209368965374,52.28754782724947],[7.072210822943805,52.35219419813565],[7.072550560989726,52.37307035354696],[7.058681743181024,52.395979973035566],[7.035933202740205,52.40236050764019],[7.01077293749873,52.429202851099376],[6.992065114391047,52.467150852120916],[6.978001939589172,52.4650929954989],[6.962549947063635,52.44373243183837],[6.942050373568333,52.43542284732869],[6.86184622128245,52.451440465485184],[6.853663831333506,52.45936389782539],[6.753052564716405,52.46384755047235],[6.697739305830537,52.48632822190739],[6.705407261214752,52.520317519144804],[6.681230355317421,52.55269950177458],[6.71594119610665,52.54875299180659],[6.766520001408054,52.56231202034382],[6.719554677659793,52.58883095051713],[6.727078329455074,52.6148415209079],[6.709771224243866,52.62778741279037],[6.742459495861207,52.6456624879653],[6.784605312268268,52.65265956441155],[6.819192130765161,52.647845935524735],[6.896622165683565,52.651645396489556],[6.91895431014326,52.64010283927328],[6.953469159152943,52.63913744900066],[6.974965200974186,52.64619319624115],[7.005620575666295,52.639190013497966],[6.995376939106409,52.60631206304079],[7.033699962094425,52.618234427372094],[7.095349252083829,52.590075617249155],[7.139336685871055,52.58844877965121],[7.122548774957424,52.6024754248529],[7.132776742040574,52.646953078035835],[7.191124936780197,52.65459049569463],[7.163556436769973,52.693162449109906],[7.134480466953188,52.69372368443155],[7.140525572308955,52.729698412963685],[7.217217906383849,52.7357634039568],[7.258175071380337,52.75242537369522],[7.272082696388731,52.76143539092292],[7.257975071590598,52.76338443338842],[7.267820041446327,52.767682629300744],[7.330455908965999,52.76022938189121],[7.342501662330744,52.74574309738924],[7.362690460151887,52.74566238711067],[7.382382882661821,52.76017885358673],[7.421928930429466,52.765749801215826],[7.443445733564937,52.7411223729241],[7.462644807102868,52.73458043086499],[7.476728872657517,52.74721815494048],[7.554384633719526,52.76444592975479],[7.62299924758375,52.79346417906467],[7.68422360384476,52.79852544103454]]]}},{"type":"Feature","properties":{"wkr_nr":32,"wkr_name":"Cloppenburg - Vechta","state_name":"Niedersachsen","elected_party":"cdu","elected_party_share":0.663,"zweitstimme_top_party":"cdu","zweitstimme_top_share":0.6319,"turnout":0.710906148867314,"eligible_voters":216300.0,"erststimme_top6":[["cdu",0.663],["spd",0.2128],["gruene",0.0374],["linke_pds",0.0251],["afd",0.0213],["fdp",0.0185]],"zweitstimme_top6":[["cdu",0.6319],["spd",0.1977],["fdp",0.0464],["gruene",0.0425],["linke_pds",0.0279],["afd",0.0234]]},"geometry":{"type":"Polygon","coordinates":[[[7.665520617468207,53.177772694916136],[7.71852084747289,53.17908229026549],[7.748308438534243,53.17269585757434],[7.790799997173226,53.17845215358589],[7.818669332209453,53.174518592533474],[7.846692365954558,53.1635312964044],[7.8513474634829,53.147089168896194],[7.840734297858947,53.14158308058533],[7.884790924851398,53.109965658458954],[7.901356029665705,53.11963962466637],[7.964265945945708,53.07565027943615],[8.015951330079377,53.07383004072598],[8.051273618507153,53.06002866295461],[8.124255729356317,52.999006080391105],[8.114660113682797,52.96707713458656],[8.125017550583035,52.936907824698444],[8.157571886800383,52.92485044543805],[8.15840800653444,52.904709311661485],[8.22509980092882,52.87031238947952],[8.258971392482183,52.87398129558296],[8.318629376081455,52.87794152517353],[8.403063203662196,52.849205526842226],[8.396472927906544,52.832027552585636],[8.414779676415376,52.82449787024063],[8.473022059305142,52.82325216692678],[8.460300876342867,52.80109917035944],[8.450582487823713,52.786307701322535],[8.471374004921636,52.73513432782669],[8.44662485015596,52.723087599382545],[8.410386252032161,52.72358890840816],[8.309133925747497,52.68419133137926],[8.294161915598593,52.65063940308195],[8.312285713202128,52.58311988240762],[8.3398867781062,52.5695202268995],[8.35015142629066,52.551568040660555],[8.340259363976664,52.53973012040714],[8.313265922344167,52.53447149682733],[8.308420993351653,52.499223921544306],[8.24182087106063,52.48042395361413],[8.201629398225897,52.476812700243556],[8.159379982623445,52.433178996259635],[8.098029657455415,52.446519809880115],[8.061024573642348,52.4437343597196],[8.062623463746661,52.50286408985563],[8.023085650030076,52.53394624988767],[8.043428067581015,52.56629366120431],[8.041637923563805,52.58889746688651],[8.072431252721772,52.59737627998197],[8.080533863087515,52.62488236145618],[8.072591417488695,52.64503553163003],[8.051150195877764,52.65134378550399],[8.01819166321692,52.683986773350526],[7.973163895683489,52.69467393208295],[7.918382432757646,52.68005335815731],[7.854361921328181,52.70925913717055],[7.803923465995124,52.69993941428879],[7.764364466847844,52.67744970767806],[7.689599786554568,52.679661625738824],[7.635043101440057,52.72595523906723],[7.647968502954993,52.73879246879948],[7.714287121206848,52.76650913989589],[7.688296889811234,52.792252242283624],[7.68422360384476,52.79852544103454],[7.713221035667467,52.85092882969907],[7.783654561234068,52.87289532416958],[7.83163321446128,52.92133216118341],[7.743204621823195,52.94664026088683],[7.716034068534055,52.96839486318125],[7.723106410293406,52.97287603236461],[7.711851043413351,53.01598587217135],[7.611831732955205,53.05826621959551],[7.643688674021033,53.14815744892173],[7.641048076330284,53.185410900925255],[7.665520617468207,53.177772694916136]]]}},{"type":"Feature","properties":{"wkr_nr":33,"wkr_name":"Diepholz - Nienburg I","state_name":"Niedersachsen","elected_party":"cdu","elected_party_share":0.4747,"zweitstimme_top_party":"cdu","zweitstimme_top_share":0.4351,"turnout":0.73719425987975,"eligible_voters":193097.0,"erststimme_top6":[["cdu",0.4747],["spd",0.3342],["gruene",0.0756],["linke_pds",0.035],["afd",0.0254],["fdp",0.0199]],"zweitstimme_top6":[["cdu",0.4351],["spd",0.3148],["gruene",0.0819],["fdp",0.0491],["linke_pds",0.0451],["afd",0.0343]]},"geometry":{"type":"Polygon","coordinates":[[[8.712224585990489,53.04445316455696],[8.734040278496106,53.03441817951808],[8.77234402176776,53.047095367754956],[8.778658994732144,53.03973229409116],[8.916066987549124,53.01109058338676],[8.92760108889972,53.00929095318481],[8.932111915874243,52.99212213833871],[8.909079144231189,52.98229352565226],[8.906272166588005,52.95814543356302],[8.95259437847473,52.88920730251743],[8.983970596931455,52.893942044063984],[9.002754597323039,52.924573279063665],[9.024791796168014,52.92700849970941],[9.061469943750192,52.92298542154918],[9.116041330698868,52.89692845178726],[9.155583383912443,52.89302828277944],[9.21020536016543,52.87532279024445],[9.193834636673044,52.814865322711945],[9.297294307799005,52.80106277656126],[9.30455317047685,52.77477718773477],[9.325704012050792,52.76761322858988],[9.31706277119583,52.75895536726898],[9.299284927198531,52.726267565719574],[9.280330884620481,52.741105672334704],[9.2933991878299,52.75999785279829],[9.285711298258494,52.76902103116529],[9.249187908949423,52.74542639419545],[9.16149685905637,52.73001513553854],[9.117144688276635,52.73432682430067],[9.039482850929561,52.719389345020325],[9.022654430800335,52.71604904693714],[9.029799763895408,52.692119081143524],[9.00416411373143,52.652221865093395],[8.985056268728862,52.65813327859993],[8.93592086492975,52.63559765489598],[8.872428887947216,52.62260744583338],[8.873109349955259,52.606727250342374],[8.901027641132917,52.59786063040518],[8.89805292914784,52.58861990887691],[8.935686961605818,52.572441034293284],[8.951073957596908,52.555906424139906],[8.94380275743422,52.49901717414939],[8.99422332531672,52.480219722128766],[8.999358253817935,52.457382290320055],[8.937691642889376,52.40207144845334],[8.853522634552228,52.38938133303336],[8.787474431339547,52.398897464157535],[8.74630097373163,52.38774032493761],[8.708168330747718,52.398899459559175],[8.70299448490398,52.500494433370484],[8.667947544585497,52.519805150774125],[8.652139110889289,52.53151982046166],[8.558772244092543,52.50047119170336],[8.509023803603167,52.514680291365764],[8.460227879000485,52.49079771038961],[8.454221635493406,52.46096119862575],[8.43007240282068,52.44780387551224],[8.361065563922484,52.443070296207146],[8.348310282079236,52.452556941306206],[8.296855028509121,52.45641429054768],[8.308420993351653,52.499223921544306],[8.313265922344167,52.53447149682733],[8.340259363976664,52.53973012040714],[8.35015142629066,52.551568040660555],[8.3398867781062,52.5695202268995],[8.312285713202128,52.58311988240762],[8.294161915598593,52.65063940308195],[8.309133925747497,52.68419133137926],[8.410386252032161,52.72358890840816],[8.44662485015596,52.723087599382545],[8.471374004921636,52.73513432782669],[8.450582487823713,52.786307701322535],[8.460300876342867,52.80109917035944],[8.480698706344173,52.79770951009185],[8.516684043937543,52.805483829015174],[8.546793768146822,52.8190089177808],[8.543169958459146,52.830786431040316],[8.625958024802967,52.850167526789626],[8.643087547226303,52.86106080974103],[8.64540586032544,52.91192800256368],[8.693353959210805,52.91905216345042],[8.68531309718187,52.96195475922655],[8.654202495355042,52.9647622003433],[8.642881196516814,52.976887658952236],[8.657381204479108,53.00896765909002],[8.690450109487706,53.03888090742254],[8.712224585990489,53.04445316455696]]]}},{"type":"Feature","properties":{"wkr_nr":34,"wkr_name":"Osterholz - Verden","state_name":"Niedersachsen","elected_party":"cdu","elected_party_share":0.4405,"zweitstimme_top_party":"cdu","zweitstimme_top_share":0.3997,"turnout":0.748402989005541,"eligible_voters":193643.0,"erststimme_top6":[["cdu",0.4405],["spd",0.3741],["gruene",0.0678],["linke_pds",0.0502],["afd",0.0314],["piraten",0.0175]],"zweitstimme_top6":[["cdu",0.3997],["spd",0.3311],["gruene",0.0957],["linke_pds",0.0559],["afd",0.0383],["fdp",0.0366]]},"geometry":{"type":"Polygon","coordinates":[[[8.868600474853528,53.395298107392755],[8.911219603097177,53.3798274071817],[8.907535421956508,53.37398391312753],[8.940601755569363,53.36576571445981],[8.964737242242277,53.334916696517546],[8.97288669624527,53.337668066309504],[8.997927434451103,53.32310679834302],[9.012147210810753,53.30014847461648],[8.993252302469077,53.27004922787631],[9.025568313219896,53.246709749860514],[9.02842479182249,53.19605628905364],[9.07136724091723,53.15124898139478],[9.109240132275273,53.144109514319176],[9.144878139349833,53.16905298340987],[9.16624391086981,53.176059053393985],[9.17574539851802,53.18443833361757],[9.193941865867231,53.17270264359476],[9.193782062493819,53.147315798629954],[9.181752884662453,53.11614576214795],[9.152738582403874,53.09647203827408],[9.187636194451862,53.04765082198672],[9.203998590338188,53.03605791027625],[9.227109974457546,53.03981586559541],[9.340436723035278,53.014139448112225],[9.350127796839487,53.00389769454071],[9.336786470333605,52.98745470406948],[9.370044621778963,52.984830444213046],[9.437574479851268,53.00293385784923],[9.457716688891987,52.989135221987986],[9.463995011886336,52.96917766658633],[9.454560131498845,52.91697314350617],[9.416514414164011,52.89355134743622],[9.414145519573763,52.878884857060235],[9.377985990437416,52.854317317128086],[9.390724355915175,52.83303676577933],[9.366732222836484,52.8207984415362],[9.344095823149168,52.82639690196042],[9.330205876789906,52.81613846134064],[9.350237972960924,52.80066957213422],[9.325704012050792,52.76761322858988],[9.30455317047685,52.77477718773477],[9.297294307799005,52.80106277656126],[9.193834636673044,52.814865322711945],[9.21020536016543,52.87532279024445],[9.155583383912443,52.89302828277944],[9.116041330698868,52.89692845178726],[9.061469943750192,52.92298542154918],[9.024791796168014,52.92700849970941],[9.002754597323039,52.924573279063665],[8.983970596931455,52.893942044063984],[8.95259437847473,52.88920730251743],[8.906272166588005,52.95814543356302],[8.909079144231189,52.98229352565226],[8.932111915874243,52.99212213833871],[8.92760108889972,53.00929095318481],[8.916066987549124,53.01109058338676],[8.968043928893428,53.038629792725274],[8.961248146951514,53.10423261151525],[8.948154723613891,53.116131374365104],[8.9835771488252,53.12564996321863],[8.971486494228978,53.13434549885067],[8.939980909947792,53.152033815487904],[8.865070316808142,53.13162052446583],[8.825961248786294,53.16326466819167],[8.77507673740516,53.15846447110464],[8.728340639196496,53.18035515106098],[8.652386137769149,53.186051826372115],[8.626392353725448,53.197499676785675],[8.593322309423405,53.184911287604976],[8.581070754181722,53.19262293797586],[8.59969403843781,53.212377187413566],[8.5785107842443,53.217244176050514],[8.554276043636824,53.2083616744135],[8.517412460876054,53.22833342372499],[8.486022992728081,53.22737894074382],[8.48081015063042,53.24242239613078],[8.499589708078606,53.367455956571774],[8.517598788731323,53.32510132268129],[8.50380566297746,53.29403709808368],[8.544319349099066,53.284968133819625],[8.563626456718637,53.29725499713925],[8.627504206051047,53.28166526187464],[8.770637407057682,53.321452548399314],[8.747870975158206,53.35746537091622],[8.759185537079937,53.36725622138361],[8.792771058638682,53.38393126386563],[8.868600474853528,53.395298107392755]]]}},{"type":"Feature","properties":{"wkr_nr":35,"wkr_name":"Rotenburg I - Heidekreis","state_name":"Niedersachsen","elected_party":"cdu","elected_party_share":0.4481,"zweitstimme_top_party":"cdu","zweitstimme_top_share":0.4364,"turnout":0.731668523295228,"eligible_voters":167867.0,"erststimme_top6":[["cdu",0.4481],["spd",0.4057],["gruene",0.0496],["linke_pds",0.0392],["fdp",0.0173],["piraten",0.0154]],"zweitstimme_top6":[["cdu",0.4364],["spd",0.3121],["gruene",0.0848],["linke_pds",0.0457],["fdp",0.0405],["afd",0.0376]]},"geometry":{"type":"Polygon","coordinates":[[[9.601430800204577,53.25924606134416],[9.602153365500943,53.25734290498391],[9.622560500399032,53.22735488370219],[9.682687972401737,53.21933191268443],[9.728427041028466,53.21416525937607],[9.75163121677769,53.19973386537701],[9.798949604741875,53.18691721872479],[9.833182403046388,53.20255000332498],[9.857349996101187,53.20321402542223],[9.887533741765733,53.1951465747526],[9.913177199109246,53.173900203917945],[9.984684021472866,53.17928667016307],[10.048433305447263,53.1517045787284],[10.075384484008143,53.12898023067671],[10.108081605675281,53.11071662040288],[10.101038879293563,53.08934191267666],[10.07276425250505,53.07359501170768],[10.04561643836841,53.0690193260235],[10.041321801097236,53.05242635928857],[10.069131030289451,53.04319925221764],[10.145726208931007,53.04711352595415],[10.164537685168826,53.04186200062445],[10.153372719267624,53.05647567593372],[10.176385286559094,53.075012089295825],[10.198440099746449,53.07879404057033],[10.19954993662539,53.06933537676961],[10.212367454122095,53.06779442878289],[10.21872893842483,53.02469603150475],[10.155438371097384,53.02722537899396],[10.157895171841894,53.01378253506166],[10.191645275431549,53.0148800658899],[10.215966064248326,53.00755295296335],[10.223461667935691,52.95442631457127],[10.237138215724068,52.93624899190153],[10.190379470554106,52.922886457524136],[10.191483515914957,52.93005902676923],[10.162787871045541,52.936965145760894],[10.104049356775382,52.90306438233637],[10.083380548626424,52.90801626019364],[9.980096576708142,52.87011739272684],[9.882429446336124,52.90556684058535],[9.864112017152246,52.90077395944309],[9.839970978385784,52.873584181741414],[9.857834776286793,52.84108657011689],[9.832700263336022,52.830557857301514],[9.822340153011774,52.79268631561366],[9.831577462289841,52.74618280805727],[9.751344548119787,52.73242775000328],[9.759565493529823,52.71654261410583],[9.73355118978427,52.698131792987795],[9.74601841091404,52.652043567939224],[9.735162056059664,52.63823553394897],[9.713914494849911,52.632468302432244],[9.704577028241864,52.602915434215795],[9.667030554265137,52.600219298363065],[9.646180767113318,52.608568031367774],[9.63470964106948,52.62582162833191],[9.64026811315629,52.63530703416354],[9.585345045387374,52.66479208492465],[9.588011300251154,52.67400449596736],[9.56860072949151,52.67520487514273],[9.53962560476645,52.67180275670104],[9.534586626848181,52.66009832422282],[9.510954238683565,52.67881218215341],[9.511868124694642,52.701291246705026],[9.48144957907438,52.70496860009279],[9.480802934657312,52.7268429579636],[9.369109004617231,52.73037343533302],[9.348098744212644,52.714935634961336],[9.331408024701059,52.71508305240757],[9.321906121612994,52.72086159087173],[9.34383411367577,52.72870984764051],[9.341535748215561,52.75173534096679],[9.31706277119583,52.75895536726898],[9.325704012050792,52.76761322858988],[9.350237972960924,52.80066957213422],[9.330205876789906,52.81613846134064],[9.344095823149168,52.82639690196042],[9.366732222836484,52.8207984415362],[9.390724355915175,52.83303676577933],[9.377985990437416,52.854317317128086],[9.414145519573763,52.878884857060235],[9.416514414164011,52.89355134743622],[9.454560131498845,52.91697314350617],[9.463995011886336,52.96917766658633],[9.457716688891987,52.989135221987986],[9.437574479851268,53.00293385784923],[9.370044621778963,52.984830444213046],[9.336786470333605,52.98745470406948],[9.350127796839487,53.00389769454071],[9.340436723035278,53.014139448112225],[9.227109974457546,53.03981586559541],[9.203998590338188,53.03605791027625],[9.187636194451862,53.04765082198672],[9.152738582403874,53.09647203827408],[9.181752884662453,53.11614576214795],[9.193782062493819,53.147315798629954],[9.193941865867231,53.17270264359476],[9.17574539851802,53.18443833361757],[9.188564874308994,53.20815160703042],[9.219652237304016,53.21122083332776],[9.219174944429069,53.194035382889304],[9.249191938468424,53.184281024448104],[9.305447474692647,53.19207352142708],[9.31900825288822,53.17877399966264],[9.340266081434457,53.175537355837015],[9.36040171753347,53.18505552159172],[9.365757779866623,53.20441836876054],[9.440556202521618,53.24657007629851],[9.446586172160869,53.23870106174587],[9.479479868937005,53.23223838355159],[9.525850893841497,53.249863626656705],[9.601430800204577,53.25924606134416]]]}},{"type":"Feature","properties":{"wkr_nr":36,"wkr_name":"Harburg","state_name":"Niedersachsen","elected_party":"cdu","elected_party_share":0.4522,"zweitstimme_top_party":"cdu","zweitstimme_top_share":0.4281,"turnout":0.784266330007801,"eligible_voters":194856.0,"erststimme_top6":[["cdu",0.4522],["spd",0.3164],["gruene",0.071],["afd",0.0575],["linke_pds",0.0361],["fdp",0.0338]],"zweitstimme_top6":[["cdu",0.4281],["spd",0.2831],["gruene",0.0929],["afd",0.0598],["fdp",0.0487],["linke_pds",0.0438]]},"geometry":{"type":"Polygon","coordinates":[[[9.769614219975383,53.50501491000445],[9.782633946412624,53.496717124552134],[9.800230236561815,53.46932501665447],[9.856058981182597,53.43515013240068],[9.898672261065936,53.4579277998985],[9.931103882116874,53.42161277489388],[9.959080798320302,53.42686409982762],[9.9764586177351,53.41447583346065],[10.02938127718712,53.43487810771506],[10.051144317012719,53.46369024440984],[10.177563321262625,53.396118249729035],[10.235940852590234,53.39512986002588],[10.26011333121087,53.41847358320304],[10.307981720848181,53.433289543084584],[10.33398443210377,53.424661680026695],[10.372302441812053,53.42564768050033],[10.469251343195426,53.38577244417367],[10.440322484702845,53.35551201599438],[10.37291175885959,53.36246280037989],[10.324471453028266,53.35927099973663],[10.325796761914404,53.336646383810475],[10.263064463085852,53.3272391849629],[10.226537097787622,53.31385353973169],[10.212483208410758,53.2934183908614],[10.249230216076574,53.281691648465284],[10.257488703143352,53.25964038340219],[10.226960375127213,53.24753999929175],[10.211966864191373,53.25135997250792],[10.204129267956034,53.234781112393364],[10.233826737329426,53.20450884681006],[10.23217659948114,53.193429137664964],[10.181524485505443,53.18080974949997],[10.167631727610292,53.1897463842713],[10.111607836266339,53.17035036193001],[10.108741079822629,53.15719793212436],[10.075384484008143,53.12898023067671],[10.048433305447263,53.1517045787284],[9.984684021472866,53.17928667016307],[9.913177199109246,53.173900203917945],[9.887533741765733,53.1951465747526],[9.857349996101187,53.20321402542223],[9.833182403046388,53.20255000332498],[9.798949604741875,53.18691721872479],[9.75163121677769,53.19973386537701],[9.728427041028466,53.21416525937607],[9.682687972401737,53.21933191268443],[9.622560500399032,53.22735488370219],[9.602153365500943,53.25734290498391],[9.601430800204577,53.25924606134416],[9.601307651485877,53.29952555336949],[9.562601356558822,53.3376100465289],[9.651200844603986,53.409112550157715],[9.705221325886622,53.41575968085522],[9.783223609285315,53.440494865286],[9.771805665718736,53.4805180513696],[9.761003005263591,53.48458653127975],[9.769614219975383,53.50501491000445]]]}},{"type":"Feature","properties":{"wkr_nr":37,"wkr_name":"Lüchow-Dannenberg - Lüneburg","state_name":"Niedersachsen","elected_party":"cdu","elected_party_share":0.3982,"zweitstimme_top_party":"cdu","zweitstimme_top_share":0.3682,"turnout":0.745935924140974,"eligible_voters":179069.0,"erststimme_top6":[["cdu",0.3982],["spd",0.3365],["gruene",0.1204],["linke_pds",0.0589],["afd",0.0373],["piraten",0.0218]],"zweitstimme_top6":[["cdu",0.3682],["spd",0.2901],["gruene",0.1427],["linke_pds",0.0695],["afd",0.0442],["fdp",0.0399]]},"geometry":{"type":"Polygon","coordinates":[[[10.567896147248874,53.36223064210269],[10.595101831508902,53.36453252308063],[10.617028091659398,53.37081848966313],[10.701786628916238,53.37078042499821],[10.782966672321274,53.31957203369616],[10.83667400412948,53.30533083309055],[10.887349045022322,53.32410519071918],[10.91680453790792,53.34527068252327],[10.987689984605925,53.33353477854376],[11.080481676549828,53.220282089120246],[11.137358246285084,53.19244416796634],[11.192434637628432,53.182431187920194],[11.189245704691084,53.16573666851415],[11.171405353846842,53.15860460426306],[11.179706896726808,53.15104065938366],[11.238731596299791,53.141012647639165],[11.268649623844535,53.1206214323847],[11.270248305070615,53.10123044626292],[11.340256724904881,53.05560893279468],[11.400481523987688,53.07281546603498],[11.45491925775716,53.07877797195029],[11.505860088999052,53.0497250627653],[11.596173866717624,53.03628034896954],[11.555636882781483,52.99860296415598],[11.512383406027729,53.00726268634735],[11.492348754751198,52.959533089478974],[11.504592143924583,52.941128095179955],[11.470842953569472,52.93895109471332],[11.406571977619505,52.90407544562611],[11.29579804373103,52.8751707043542],[11.239884606904532,52.8795175424355],[11.218782081267536,52.897997909996214],[11.156283854645984,52.90608086744566],[11.11062640088578,52.8955595018338],[11.06934232552625,52.90962397536149],[11.001678908429964,52.911081706060784],[10.986189746273924,52.882723877944485],[10.93957634429658,52.85277462530973],[10.841955892272766,52.85196752439492],[10.804426594437578,52.89779858277415],[10.851247906538772,52.9373140459727],[10.860289194663299,52.95595585426304],[10.841221583231395,52.97966285783042],[10.892363959014654,52.998614874441614],[10.890426360676798,53.01767086860633],[10.84115650917159,53.057186944316314],[10.833228834679675,53.07703734916612],[10.799156892128888,53.09309647326366],[10.76770866096147,53.0972763948906],[10.754736063213716,53.1233507369387],[10.71442236249764,53.145302682800754],[10.632703916620335,53.1589854884632],[10.629102325018975,53.173629283444235],[10.66046665276571,53.17711779541174],[10.658901963697023,53.19005237191205],[10.601843505092377,53.18505671160336],[10.581392838373898,53.17043636333454],[10.537880398337043,53.17405152404054],[10.53404591134202,53.18897636481496],[10.501727669138903,53.19580098550196],[10.446752431123937,53.17400990264833],[10.399331931560178,53.14032644864425],[10.389177830094281,53.1133874025297],[10.329102621568403,53.11447236513638],[10.313740008698417,53.089212646082316],[10.259843863799972,53.08782945673686],[10.212367454122095,53.06779442878289],[10.19954993662539,53.06933537676961],[10.198440099746449,53.07879404057033],[10.176385286559094,53.075012089295825],[10.153372719267624,53.05647567593372],[10.145726208931007,53.04711352595415],[10.069131030289451,53.04319925221764],[10.041321801097236,53.05242635928857],[10.04561643836841,53.0690193260235],[10.07276425250505,53.07359501170768],[10.101038879293563,53.08934191267666],[10.108081605675281,53.11071662040288],[10.075384484008143,53.12898023067671],[10.108741079822629,53.15719793212436],[10.111607836266339,53.17035036193001],[10.167631727610292,53.1897463842713],[10.181524485505443,53.18080974949997],[10.23217659948114,53.193429137664964],[10.233826737329426,53.20450884681006],[10.204129267956034,53.234781112393364],[10.211966864191373,53.25135997250792],[10.226960375127213,53.24753999929175],[10.257488703143352,53.25964038340219],[10.249230216076574,53.281691648465284],[10.212483208410758,53.2934183908614],[10.226537097787622,53.31385353973169],[10.263064463085852,53.3272391849629],[10.325796761914404,53.336646383810475],[10.324471453028266,53.35927099973663],[10.37291175885959,53.36246280037989],[10.440322484702845,53.35551201599438],[10.469251343195426,53.38577244417367],[10.567896147248874,53.36223064210269]]]}},{"type":"Feature","properties":{"wkr_nr":38,"wkr_name":"Osnabrück-Land","state_name":"Niedersachsen","elected_party":"cdu","elected_party_share":0.531,"zweitstimme_top_party":"cdu","zweitstimme_top_share":0.4799,"turnout":0.733314095943948,"eligible_voters":197532.0,"erststimme_top6":[["cdu",0.531],["spd",0.3232],["gruene",0.0581],["linke_pds",0.036],["fdp",0.0177],["piraten",0.0176]],"zweitstimme_top6":[["cdu",0.4799],["spd",0.2937],["gruene",0.0769],["fdp",0.0459],["linke_pds",0.0402],["afd",0.0282]]},"geometry":{"type":"Polygon","coordinates":[[[7.689599786554568,52.679661625738824],[7.764364466847844,52.67744970767806],[7.803923465995124,52.69993941428879],[7.854361921328181,52.70925913717055],[7.918382432757646,52.68005335815731],[7.973163895683489,52.69467393208295],[8.01819166321692,52.683986773350526],[8.051150195877764,52.65134378550399],[8.072591417488695,52.64503553163003],[8.080533863087515,52.62488236145618],[8.072431252721772,52.59737627998197],[8.041637923563805,52.58889746688651],[8.043428067581015,52.56629366120431],[8.023085650030076,52.53394624988767],[8.062623463746661,52.50286408985563],[8.061024573642348,52.4437343597196],[8.098029657455415,52.446519809880115],[8.159379982623445,52.433178996259635],[8.201629398225897,52.476812700243556],[8.24182087106063,52.48042395361413],[8.308420993351653,52.499223921544306],[8.296855028509121,52.45641429054768],[8.315215957646512,52.40493949094353],[8.39399565276669,52.384131185812095],[8.43643249017762,52.36181959707372],[8.46281860046049,52.317105787410796],[8.466070811414623,52.26764824157433],[8.442537615433972,52.21452014766661],[8.465466012826825,52.19597367251315],[8.515059124416272,52.18510204653954],[8.478530371745263,52.158491191630034],[8.451507203807012,52.154734805299306],[8.410300224652794,52.13604370383985],[8.410446943271822,52.11538040872745],[8.369393607739397,52.112861466992086],[8.323818754063604,52.12591510068536],[8.310708500172378,52.118258585277175],[8.285319919707078,52.12547245376863],[8.286251560155488,52.13283183052171],[8.267750166473368,52.13200284296315],[8.220021998940586,52.10532674955206],[8.193612749211342,52.07303908072091],[8.157548301058899,52.076019420495435],[8.097150601142172,52.057751249006316],[8.092000505878016,52.06385500699439],[8.031275898265413,52.0680785213731],[7.980479097081904,52.0361904432144],[7.916820568392612,52.05191804547497],[7.884836413556425,52.0835832852583],[8.007829011063423,52.11536963900073],[8.003016790369536,52.15578388828457],[8.017404486083151,52.159185970009936],[8.016961428955463,52.172000241436805],[8.044996244995893,52.17624513308792],[8.095571316273992,52.16785658047761],[8.130003092922042,52.177783909480866],[8.149382266956078,52.214910236433994],[8.132023244157415,52.23176651348173],[8.139173547516528,52.2631869295908],[8.156915053297977,52.2653098375134],[8.180215732501024,52.282233083424636],[8.20817916790522,52.29431355286423],[8.20130618472667,52.31463260103184],[8.168640022832466,52.322172453926065],[8.17234978680929,52.35212391210917],[8.127488809956374,52.37199871426029],[8.061670038846534,52.35992529693214],[7.952336435534972,52.37181827985482],[7.936846383865086,52.364954034279556],[7.891683522108287,52.380846126053],[7.842027015445133,52.36874963790975],[7.806683388887206,52.371438687174496],[7.713644463557136,52.40102527291623],[7.688306649894742,52.45374352724517],[7.658404509581216,52.458798026159904],[7.607992608301861,52.473984783516904],[7.622042739016277,52.58357613415661],[7.607776868697832,52.615197709018794],[7.613450292131229,52.6244327501521],[7.694948443168271,52.663417410149094],[7.689599786554568,52.679661625738824]]]}},{"type":"Feature","properties":{"wkr_nr":39,"wkr_name":"Stadt Osnabrück","state_name":"Niedersachsen","elected_party":"cdu","elected_party_share":0.4571,"zweitstimme_top_party":"cdu","zweitstimme_top_share":0.4303,"turnout":0.735412987628134,"eligible_voters":194231.0,"erststimme_top6":[["cdu",0.4571],["spd",0.3481],["gruene",0.0892],["linke_pds",0.0414],["fdp",0.0279],["piraten",0.022]],"zweitstimme_top6":[["cdu",0.4303],["spd",0.3052],["gruene",0.109],["linke_pds",0.0509],["fdp",0.0416],["afd",0.0267]]},"geometry":{"type":"Polygon","coordinates":[[[7.936846383865086,52.364954034279556],[7.952336435534972,52.37181827985482],[8.061670038846534,52.35992529693214],[8.127488809956374,52.37199871426029],[8.17234978680929,52.35212391210917],[8.168640022832466,52.322172453926065],[8.20130618472667,52.31463260103184],[8.20817916790522,52.29431355286423],[8.180215732501024,52.282233083424636],[8.156915053297977,52.2653098375134],[8.139173547516528,52.2631869295908],[8.132023244157415,52.23176651348173],[8.149382266956078,52.214910236433994],[8.130003092922042,52.177783909480866],[8.095571316273992,52.16785658047761],[8.044996244995893,52.17624513308792],[8.016961428955463,52.172000241436805],[7.933907446037864,52.17687508992694],[7.908115907470997,52.18990576568517],[7.899838899788737,52.208089466923305],[7.940609439787846,52.26556339162961],[7.957045608220108,52.27277260337931],[7.932154680398943,52.287978871095966],[7.931188831012356,52.29820569457707],[7.97790194814754,52.3118680833005],[7.965073136274478,52.32428767957677],[7.948384786488365,52.33480914834262],[7.936846383865086,52.364954034279556]]]}},{"type":"Feature","properties":{"wkr_nr":40,"wkr_name":"Nienburg II - Schaumburg","state_name":"Niedersachsen","elected_party":"spd","elected_party_share":0.4465,"zweitstimme_top_party":"cdu","zweitstimme_top_share":0.4002,"turnout":0.723523587890665,"eligible_voters":195948.0,"erststimme_top6":[["spd",0.4465],["cdu",0.4159],["gruene",0.0583],["linke_pds",0.0331],["piraten",0.0192],["fdp",0.0139]],"zweitstimme_top6":[["cdu",0.4002],["spd",0.363],["gruene",0.0809],["linke_pds",0.0427],["afd",0.0392],["fdp",0.0355]]},"geometry":{"type":"Polygon","coordinates":[[[9.2933991878299,52.75999785279829],[9.280330884620481,52.741105672334704],[9.299284927198531,52.726267565719574],[9.31706277119583,52.75895536726898],[9.341535748215561,52.75173534096679],[9.34383411367577,52.72870984764051],[9.321906121612994,52.72086159087173],[9.331408024701059,52.71508305240757],[9.348098744212644,52.714935634961336],[9.369109004617231,52.73037343533302],[9.480802934657312,52.7268429579636],[9.48144957907438,52.70496860009279],[9.511868124694642,52.701291246705026],[9.510954238683565,52.67881218215341],[9.534586626848181,52.66009832422282],[9.535026963180014,52.63425650622702],[9.523142515624873,52.62362638477095],[9.470351608049947,52.63746197075156],[9.426033828776754,52.6174273386075],[9.354217739143834,52.60648569863474],[9.343071464350336,52.60252289982137],[9.340897675176814,52.58872535822486],[9.374366492931921,52.56848523230933],[9.370533810588062,52.561729747965245],[9.277188873125684,52.54738982322421],[9.238112915531424,52.528983664224285],[9.261299344862548,52.508083801670104],[9.272526591640808,52.45421005255176],[9.287219382461018,52.438046609736546],[9.346733807447677,52.44418471963437],[9.393571762241736,52.43393417961964],[9.335893124132905,52.41503596348566],[9.318149114860725,52.40217934634316],[9.317579196917272,52.39037189497968],[9.327632566054511,52.383291947487166],[9.411045872066843,52.404679608961835],[9.428734246506211,52.36354697043971],[9.438499164821051,52.363813278125235],[9.411673406512072,52.33647431873113],[9.409131025156684,52.297949660175476],[9.426776534744983,52.27936341217545],[9.449346183672391,52.27409501970637],[9.440621476386411,52.260050768572086],[9.355471652537648,52.22365526333117],[9.317429717195761,52.21632111213833],[9.287668842838084,52.22074869835158],[9.217424977326726,52.19563834306524],[9.161986435899285,52.188535263371314],[9.16160844411606,52.17310640377801],[9.19293461795166,52.1431931126379],[9.18437758681456,52.119275712235485],[9.155278030146443,52.09778661788716],[9.143770804700159,52.099589259963956],[9.159441110289542,52.11948535337873],[9.145490928783435,52.13447132936028],[9.072090036021544,52.14479522400446],[9.038953822307345,52.13969423920142],[9.017592876274188,52.14773789763791],[9.005835786884887,52.18094994292884],[8.985903185138541,52.194653254965225],[9.045551247276318,52.18311257103191],[9.051552786201878,52.22019695724781],[9.077071166694637,52.23370397653628],[8.974636206739731,52.262541229628575],[8.963564931735055,52.27891554565257],[8.987882687346767,52.28765007507975],[8.99847166376854,52.32577690386294],[9.085437419241499,52.35610199272871],[9.12545188411022,52.41260768702517],[9.094568215765818,52.44321023358112],[9.10301078074002,52.456714488514294],[9.13832467259833,52.47544496821343],[9.13390220239886,52.484060543436364],[9.053139123270924,52.50072554062855],[9.024187227351314,52.478231054073674],[9.016997589495267,52.45999628420197],[8.999358253817935,52.457382290320055],[8.99422332531672,52.480219722128766],[8.94380275743422,52.49901717414939],[8.951073957596908,52.555906424139906],[8.935686961605818,52.572441034293284],[8.89805292914784,52.58861990887691],[8.901027641132917,52.59786063040518],[8.873109349955259,52.606727250342374],[8.872428887947216,52.62260744583338],[8.93592086492975,52.63559765489598],[8.985056268728862,52.65813327859993],[9.00416411373143,52.652221865093395],[9.029799763895408,52.692119081143524],[9.022654430800335,52.71604904693714],[9.039482850929561,52.719389345020325],[9.117144688276635,52.73432682430067],[9.16149685905637,52.73001513553854],[9.249187908949423,52.74542639419545],[9.285711298258494,52.76902103116529],[9.2933991878299,52.75999785279829]]]}},{"type":"Feature","properties":{"wkr_nr":41,"wkr_name":"Stadt Hannover I","state_name":"Niedersachsen","elected_party":"spd","elected_party_share":0.4353,"zweitstimme_top_party":"spd","zweitstimme_top_share":0.355,"turnout":0.717013946400769,"eligible_voters":181122.0,"erststimme_top6":[["spd",0.4353],["cdu",0.3645],["gruene",0.0772],["linke_pds",0.0503],["afd",0.0317],["piraten",0.019]],"zweitstimme_top6":[["spd",0.355],["cdu",0.3352],["gruene",0.1228],["linke_pds",0.0624],["fdp",0.0472],["afd",0.0364]]},"geometry":{"type":"Polygon","coordinates":[[[9.781677855758783,52.450050194309505],[9.820141746439267,52.44844975092239],[9.850399841243371,52.42722666334788],[9.888835478032364,52.42240267905482],[9.887881671065855,52.416641654746094],[9.894797821513146,52.36117235570574],[9.872720265094046,52.34929772842209],[9.86545353984526,52.34471214911521],[9.847730262549378,52.350811251821895],[9.84491795044893,52.37665944277815],[9.826280270287526,52.38024946037109],[9.770026712707189,52.36514089478562],[9.757689463676106,52.379294960897],[9.725887638676634,52.379784504408136],[9.718966348342375,52.39700444903595],[9.665458430083106,52.39815398089317],[9.64144228600111,52.41147365992719],[9.630664488934165,52.405635941704496],[9.624504853670235,52.39432638412565],[9.60887956975733,52.39403159699541],[9.611252330190363,52.409585885487786],[9.612780583336361,52.42085295628255],[9.647563181883887,52.43271082262165],[9.763721332582342,52.42730425868775],[9.771858693391065,52.45378218357695],[9.781677855758783,52.450050194309505]]]}},{"type":"Feature","properties":{"wkr_nr":42,"wkr_name":"Stadt Hannover II","state_name":"Niedersachsen","elected_party":"spd","elected_party_share":0.4283,"zweitstimme_top_party":"spd","zweitstimme_top_share":0.3467,"turnout":0.731089217579482,"eligible_voters":193157.0,"erststimme_top6":[["spd",0.4283],["cdu",0.3386],["gruene",0.1021],["linke_pds",0.0621],["afd",0.0273],["piraten",0.0211]],"zweitstimme_top6":[["spd",0.3467],["cdu",0.2993],["gruene",0.1548],["linke_pds",0.0799],["fdp",0.043],["afd",0.0341]]},"geometry":{"type":"Polygon","coordinates":[[[9.665458430083106,52.39815398089317],[9.718966348342375,52.39700444903595],[9.725887638676634,52.379784504408136],[9.757689463676106,52.379294960897],[9.770026712707189,52.36514089478562],[9.826280270287526,52.38024946037109],[9.84491795044893,52.37665944277815],[9.847730262549378,52.350811251821895],[9.86545353984526,52.34471214911521],[9.872720265094046,52.34929772842209],[9.884106676350804,52.3425864724307],[9.878906168556956,52.32601964427937],[9.850236295498993,52.30416430593055],[9.740543670625796,52.334615254279534],[9.679291378490646,52.31265354510363],[9.648121192065386,52.36123068730541],[9.665458430083106,52.39815398089317]]]}},{"type":"Feature","properties":{"wkr_nr":43,"wkr_name":"Hannover-Land I","state_name":"Niedersachsen","elected_party":"cdu","elected_party_share":0.4429,"zweitstimme_top_party":"cdu","zweitstimme_top_share":0.4127,"turnout":0.758436685684358,"eligible_voters":232941.0,"erststimme_top6":[["cdu",0.4429],["spd",0.3853],["gruene",0.0499],["linke_pds",0.0355],["afd",0.0308],["fdp",0.0257]],"zweitstimme_top6":[["cdu",0.4127],["spd",0.3307],["gruene",0.0817],["fdp",0.0498],["linke_pds",0.0453],["afd",0.0402]]},"geometry":{"type":"Polygon","coordinates":[[[9.534586626848181,52.66009832422282],[9.53962560476645,52.67180275670104],[9.56860072949151,52.67520487514273],[9.588011300251154,52.67400449596736],[9.585345045387374,52.66479208492465],[9.64026811315629,52.63530703416354],[9.63470964106948,52.62582162833191],[9.646180767113318,52.608568031367774],[9.667030554265137,52.600219298363065],[9.704577028241864,52.602915434215795],[9.713914494849911,52.632468302432244],[9.735162056059664,52.63823553394897],[9.793505453323538,52.619128087059536],[9.824482393705777,52.59706936369108],[9.8786206001375,52.60540832968331],[9.913091675670543,52.59211570255995],[9.9664494348299,52.5899836970001],[9.985906642488267,52.5752668815428],[9.973504869968682,52.54882706072449],[9.987094440250265,52.53623506900249],[10.076200105658852,52.53559042681463],[10.080482320872727,52.525727182492794],[10.054359343716516,52.49567030490946],[10.101661130181975,52.44765292719054],[10.082682338243611,52.40910047672289],[10.047038548652012,52.40758216831283],[10.004672393321597,52.42437747491842],[9.948633837140443,52.42987540458978],[9.887881671065855,52.416641654746094],[9.888835478032364,52.42240267905482],[9.850399841243371,52.42722666334788],[9.820141746439267,52.44844975092239],[9.781677855758783,52.450050194309505],[9.771858693391065,52.45378218357695],[9.763721332582342,52.42730425868775],[9.647563181883887,52.43271082262165],[9.612780583336361,52.42085295628255],[9.611252330190363,52.409585885487786],[9.60887956975733,52.39403159699541],[9.592299417152976,52.40841959400795],[9.502467732831134,52.416068404530584],[9.477316760930972,52.38721868786923],[9.438499164821051,52.363813278125235],[9.428734246506211,52.36354697043971],[9.411045872066843,52.404679608961835],[9.327632566054511,52.383291947487166],[9.317579196917272,52.39037189497968],[9.318149114860725,52.40217934634316],[9.335893124132905,52.41503596348566],[9.393571762241736,52.43393417961964],[9.346733807447677,52.44418471963437],[9.287219382461018,52.438046609736546],[9.272526591640808,52.45421005255176],[9.261299344862548,52.508083801670104],[9.238112915531424,52.528983664224285],[9.277188873125684,52.54738982322421],[9.370533810588062,52.561729747965245],[9.374366492931921,52.56848523230933],[9.340897675176814,52.58872535822486],[9.343071464350336,52.60252289982137],[9.354217739143834,52.60648569863474],[9.426033828776754,52.6174273386075],[9.470351608049947,52.63746197075156],[9.523142515624873,52.62362638477095],[9.535026963180014,52.63425650622702],[9.534586626848181,52.66009832422282]]]}},{"type":"Feature","properties":{"wkr_nr":44,"wkr_name":"Celle - Uelzen","state_name":"Niedersachsen","elected_party":"cdu","elected_party_share":0.4847,"zweitstimme_top_party":"cdu","zweitstimme_top_share":0.4404,"turnout":0.729535267203939,"eligible_voters":215285.0,"erststimme_top6":[["cdu",0.4847],["spd",0.3424],["gruene",0.0615],["afd",0.0424],["linke_pds",0.0364],["fdp",0.0134]],"zweitstimme_top6":[["cdu",0.4404],["spd",0.3014],["gruene",0.0775],["afd",0.0496],["linke_pds",0.0455],["fdp",0.0416]]},"geometry":{"type":"MultiPolygon","coordinates":[[[[10.15337271926761,53.05647567593373],[10.164537685168819,53.041862000624484],[10.145726208931018,53.04711352595412],[10.15337271926761,53.05647567593373]]],[[[10.537880398337093,53.17405152404054],[10.581392838373882,53.17043636333457],[10.601843505092377,53.18505671160335],[10.658901963696989,53.19005237191204],[10.660466652765697,53.17711779541171],[10.62910232501896,53.1736292834442],[10.632703916620292,53.1589854884632],[10.714422362497645,53.145302682800725],[10.754736063213745,53.123350736938676],[10.767708660961521,53.0972763948906],[10.799156892128925,53.09309647326366],[10.833228834679625,53.07703734916612],[10.841156509171617,53.05718694431631],[10.8904263606768,53.017670868606366],[10.892363959014663,52.99861487444162],[10.841221583231428,52.97966285783041],[10.86028919466327,52.95595585426307],[10.85124790653881,52.93731404597266],[10.804426594437592,52.89779858277415],[10.841955892272745,52.851967524394944],[10.765414355238436,52.84149636456185],[10.759750766469201,52.79609357033697],[10.700528075474322,52.782014623719185],[10.670185825449465,52.76495390456547],[10.6333824999635,52.77643209592406],[10.557329421397462,52.83002148748648],[10.524557842219577,52.832307684350596],[10.4595895537662,52.80919002928952],[10.444543380482779,52.81566593429738],[10.399761693434783,52.775500713454406],[10.403489785474918,52.75919133478032],[10.373130629343223,52.732183817688345],[10.378333121756969,52.68921849181221],[10.405595866518286,52.65776589084441],[10.394964339839646,52.6444568881489],[10.398911774328333,52.62047514592997],[10.416589282534542,52.60635582267227],[10.410916632514985,52.56583722853816],[10.397360507643068,52.5560313543889],[10.324919123955603,52.54239570551586],[10.259410967571919,52.518162308976166],[10.272936718747845,52.51006580042196],[10.266199844274512,52.488367686921514],[10.177441770383359,52.513253141101956],[10.171496199972413,52.50405769843293],[10.133083336539018,52.50220460608757],[10.092687873529757,52.520007959968815],[10.080482320872711,52.52572718249277],[10.076200105658833,52.53559042681466],[9.987094440250221,52.53623506900251],[9.97350486996874,52.548827060724506],[9.985906642488272,52.575266881542795],[9.96644943482993,52.5899836970001],[9.913091675670577,52.59211570255993],[9.878620600137454,52.605408329683314],[9.824482393705736,52.59706936369108],[9.793505453323558,52.619128087059536],[9.735162056059622,52.638235533948965],[9.746018410914049,52.65204356793918],[9.733551189784325,52.69813179298782],[9.759565493529834,52.716542614105876],[9.7513445481198,52.732427750003275],[9.831577462289832,52.74618280805729],[9.822340153011794,52.792686315613686],[9.83270026333607,52.83055785730153],[9.857834776286813,52.841086570116865],[9.839970978385827,52.87358418174143],[9.86411201715221,52.900773959443114],[9.882429446336129,52.90556684058532],[9.980096576708142,52.87011739272684],[10.083380548626442,52.908016260193655],[10.104049356775382,52.903064382336346],[10.162787871045555,52.93696514576087],[10.191483515914959,52.93005902676922],[10.190379470554152,52.922886457524136],[10.237138215724123,52.93624899190149],[10.22346166793575,52.95442631457129],[10.21596606424837,53.00755295296337],[10.191645275431513,53.01488006588989],[10.157895171841837,53.01378253506169],[10.155438371097436,53.02722537899401],[10.218728938424773,53.02469603150475],[10.212367454122093,53.06779442878287],[10.259843863800027,53.08782945673691],[10.313740008698364,53.08921264608232],[10.329102621568396,53.1144723651364],[10.389177830094338,53.1133874025297],[10.39933193156022,53.14032644864425],[10.446752431123965,53.174009902648336],[10.50172766913886,53.19580098550198],[10.534045911342059,53.18897636481495],[10.537880398337093,53.17405152404054]]]]}},{"type":"Feature","properties":{"wkr_nr":45,"wkr_name":"Gifhorn - Peine","state_name":"Niedersachsen","elected_party":"spd","elected_party_share":0.4325,"zweitstimme_top_party":"cdu","zweitstimme_top_share":0.4016,"turnout":0.745392532312111,"eligible_voters":217256.0,"erststimme_top6":[["spd",0.4325],["cdu",0.4206],["gruene",0.0479],["linke_pds",0.0425],["piraten",0.0191],["fdp",0.0141]],"zweitstimme_top6":[["cdu",0.4016],["spd",0.3607],["gruene",0.0739],["linke_pds",0.0472],["afd",0.0361],["fdp",0.0352]]},"geometry":{"type":"Polygon","coordinates":[[[10.444543380482736,52.8156659342974],[10.459589553766152,52.809190029289496],[10.52455784221959,52.83230768435057],[10.557329421397469,52.8300214874865],[10.633382499963547,52.77643209592407],[10.670185825449417,52.76495390456547],[10.700528075474367,52.782014623719185],[10.759750766469148,52.796093570336936],[10.755698500874145,52.78463211688179],[10.796677244086334,52.71431343715408],[10.838250804891635,52.695369052667836],[10.902900060582589,52.63288635939139],[10.85779608565887,52.62615586055645],[10.831956283321675,52.61430438585223],[10.706725178274004,52.60090797429829],[10.69901651107811,52.57451425572854],[10.727740578340764,52.556187621648434],[10.726223148689286,52.53933044063546],[10.644548419571459,52.474685234658686],[10.673766187056911,52.46232559799878],[10.648536344646097,52.44239115159105],[10.671046952897282,52.379658504394556],[10.615236472232382,52.38446806392428],[10.604496813969142,52.37387413143227],[10.6220562168145,52.35495135884252],[10.609508137042653,52.34403883199415],[10.612523521854047,52.34833151747886],[10.569267331570503,52.35150373514485],[10.548033036338014,52.33146105340373],[10.526495567511297,52.32717764162468],[10.537083584676243,52.34611211604518],[10.524963592076436,52.35256039157798],[10.476888750380631,52.35194742836717],[10.485014665895106,52.321592254697116],[10.44145112554756,52.32199015097165],[10.424347884955333,52.33016889808302],[10.411743388189967,52.318107266877234],[10.423430140280336,52.311649384935976],[10.434831448894887,52.25794137520265],[10.429320236913767,52.22184514366164],[10.374055822812055,52.20272034816907],[10.366732919801304,52.18718287755491],[10.346495403232765,52.176072359694295],[10.28412907839157,52.1750185793065],[10.256981108052063,52.18335502517055],[10.263660020374074,52.1883142925986],[10.248972828513713,52.2126123830888],[10.18361195935281,52.234442877526774],[9.99834939799798,52.23034451047808],[9.999654867346925,52.25715117340628],[10.028670396262157,52.26360514642713],[10.033961645118318,52.28390740613351],[10.034065084692536,52.29146218323893],[10.07829172520346,52.30321843581974],[10.082882429236768,52.33930690900758],[10.096457314044411,52.34178787304393],[10.11719529562313,52.32160552768079],[10.131802909558767,52.328474891827],[10.155882277626699,52.36135780115775],[10.129877358152472,52.39385967484203],[10.18076105929945,52.39641503642814],[10.197599947892888,52.40679815358744],[10.207061510610007,52.429305715092674],[10.291365950440532,52.44787210013158],[10.27778405025416,52.48625956805559],[10.289073397478166,52.506305007159355],[10.272936718747797,52.51006580042199],[10.259410967571919,52.518162308976194],[10.324919123955638,52.54239570551587],[10.397360507643125,52.556031354388935],[10.410916632515002,52.56583722853814],[10.416589282534567,52.60635582267227],[10.398911774328377,52.62047514593],[10.394964339839623,52.64445688814889],[10.405595866518237,52.65776589084441],[10.378333121757032,52.68921849181221],[10.373130629343272,52.73218381768833],[10.403489785474946,52.759191334780304],[10.399761693434783,52.7755007134544],[10.444543380482736,52.8156659342974]]]}},{"type":"Feature","properties":{"wkr_nr":46,"wkr_name":"Hameln-Pyrmont - Holzminden","state_name":"Niedersachsen","elected_party":"spd","elected_party_share":0.4234,"zweitstimme_top_party":"cdu","zweitstimme_top_share":0.3748,"turnout":0.717986248567559,"eligible_voters":191980.0,"erststimme_top6":[["spd",0.4234],["cdu",0.3957],["gruene",0.0604],["linke_pds",0.0465],["afd",0.0366],["piraten",0.019]],"zweitstimme_top6":[["cdu",0.3748],["spd",0.3636],["gruene",0.0841],["linke_pds",0.053],["fdp",0.044],["afd",0.0408]]},"geometry":{"type":"MultiPolygon","coordinates":[[[[9.660825222166578,51.56229887014784],[9.648775655091331,51.550995732537054],[9.628546889809964,51.56701978444407],[9.626669655146161,51.58193447031226],[9.672107266772143,51.56831321530417],[9.660825222166578,51.56229887014784]]],[[[9.512459890654158,51.697459016339785],[9.59049896234466,51.62907283708901],[9.508018419141925,51.626730638867585],[9.49184710572498,51.634884955596476],[9.495185919814116,51.65690949904879],[9.464871529372822,51.653878605639306],[9.495024663596928,51.65848220508812],[9.502483970138277,51.64958052411645],[9.531878453626977,51.66121985310324],[9.512459890654158,51.697459016339785]]],[[[9.56633817784439,51.69872072962192],[9.621840995612004,51.68006826213946],[9.684554930043214,51.68353950838633],[9.72887561771347,51.694516165501206],[9.73372429362181,51.706347945059704],[9.7634562018075,51.65416595314968],[9.752310640164968,51.63644774642388],[9.747361146558278,51.642887617901145],[9.734947525826305,51.63727844236581],[9.730999457937084,51.61365441556891],[9.68524333456334,51.58197384244448],[9.637832155366636,51.608904173252114],[9.631732225390753,51.634169413848944],[9.613260649718633,51.632581290522275],[9.568861928112728,51.678547190206274],[9.545325338147528,51.685786657888244],[9.525881847802168,51.72109227206362],[9.56633817784439,51.69872072962192]]],[[[9.490706408706851,52.24380528595635],[9.516867361263326,52.212208580077466],[9.496476774057788,52.16670714454172],[9.52761512260757,52.15997558358667],[9.556848748761551,52.16758419689068],[9.628944269134447,52.13114024693401],[9.662230328615678,52.08913005427887],[9.64358420442676,52.05468419408965],[9.652332801067244,52.036787502763],[9.634131490065894,51.986405674044725],[9.646932226986415,51.964594819661386],[9.674202972075149,51.961051759826226],[9.721379357554438,51.97980918582945],[9.758679170826863,51.98305209294114],[9.894582742495386,51.906276651000596],[9.806491659652115,51.88409182083397],[9.784000477332508,51.86442054994445],[9.728267874598927,51.880516542525115],[9.704957962873888,51.87747462179442],[9.646599780331908,51.82125039396881],[9.579683701366232,51.78981272619347],[9.557518633439347,51.74010613947841],[9.52063153492737,51.73389509453285],[9.440457880102587,51.695719607861406],[9.423138270418185,51.67327195444897],[9.428653023804676,51.65109587787074],[9.416862891707753,51.64674711674176],[9.3745603875042,51.64993169309745],[9.40188658831712,51.70230986418742],[9.375265849823633,51.74373515455746],[9.448960487969469,51.79470742954989],[9.433958494662752,51.80484282690113],[9.433967003873075,51.83801981803325],[9.45615760645162,51.86093223402875],[9.405657587679721,51.85527069500173],[9.36293077607895,51.86486850303406],[9.33206776385447,51.854542843805646],[9.346157139267927,51.89545770472261],[9.332063875024906,51.91693324590939],[9.308849189750568,51.92264350720441],[9.292935742489265,51.921029824544014],[9.272951641128328,51.93089477220858],[9.27076994672742,51.95451308230608],[9.28627721937491,51.95707625020384],[9.273736321709862,51.974137096151104],[9.216767591734639,51.9739338854853],[9.19585475425119,51.963562074491314],[9.179030610244864,51.979945465408385],[9.19594237611248,52.01034883241611],[9.173673631723835,52.040376574853504],[9.17440778551958,52.060234503185605],[9.191583777526152,52.070516697788044],[9.155278030146402,52.09778661788712],[9.184377586814504,52.119275712235456],[9.192934617951678,52.1431931126379],[9.161608444116027,52.173106403778036],[9.161986435899276,52.18853526337133],[9.217424977326719,52.19563834306521],[9.287668842838125,52.22074869835159],[9.317429717195804,52.21632111213835],[9.355471652537696,52.22365526333118],[9.44062147638639,52.260050768572086],[9.449346183672391,52.27409501970636],[9.464560909347211,52.25523559701436],[9.490706408706851,52.24380528595635]]]]}},{"type":"Feature","properties":{"wkr_nr":47,"wkr_name":"Hannover-Land II","state_name":"Niedersachsen","elected_party":"spd","elected_party_share":0.4336,"zweitstimme_top_party":"cdu","zweitstimme_top_share":0.3842,"turnout":0.761048879201694,"eligible_voters":240409.0,"erststimme_top6":[["spd",0.4336],["cdu",0.4188],["gruene",0.0521],["linke_pds",0.0406],["piraten",0.0174],["fdp",0.0142]],"zweitstimme_top6":[["cdu",0.3842],["spd",0.3595],["gruene",0.0894],["linke_pds",0.0478],["fdp",0.0399],["afd",0.0384]]},"geometry":{"type":"Polygon","coordinates":[[[9.887881671065855,52.416641654746094],[9.948633837140443,52.42987540458978],[10.004672393321597,52.42437747491842],[10.047038548652012,52.40758216831283],[10.082682338243611,52.40910047672289],[10.101661130181975,52.44765292719054],[10.054359343716516,52.49567030490946],[10.080482320872727,52.525727182492794],[10.09268787352971,52.52000795996882],[10.133083336539055,52.50220460608757],[10.171496199972351,52.50405769843294],[10.17744177038338,52.51325314110193],[10.266199844274569,52.488367686921514],[10.272936718747797,52.51006580042199],[10.289073397478166,52.506305007159355],[10.27778405025416,52.48625956805559],[10.291365950440532,52.44787210013158],[10.207061510610007,52.429305715092674],[10.197599947892888,52.40679815358744],[10.18076105929945,52.39641503642814],[10.129877358152472,52.39385967484203],[10.155882277626699,52.36135780115775],[10.131802909558767,52.328474891827],[10.11719529562313,52.32160552768079],[10.096457314044411,52.34178787304393],[10.082882429236768,52.33930690900758],[10.07829172520346,52.30321843581974],[10.034065084692536,52.29146218323893],[10.033961645118318,52.28390740613351],[10.006338583742929,52.295514297803386],[9.972686883963734,52.29364994224519],[9.899310662451693,52.26103113580389],[9.84273894366522,52.26529684086379],[9.792014896748835,52.25141873305903],[9.769763950366691,52.230691873226505],[9.799898154135045,52.23463119659807],[9.818607300242075,52.22918342073307],[9.803089558438364,52.19738709877942],[9.77674596068436,52.17374449464714],[9.762575092437332,52.17082113818627],[9.727937649002817,52.199830856670715],[9.695871685029855,52.1974738895186],[9.686334643006441,52.189813173285366],[9.727604474337156,52.170364644548236],[9.720320080541017,52.15828636149672],[9.692927792008218,52.13614683774317],[9.628944269134413,52.13114024693401],[9.5568487487615,52.16758419689071],[9.527615122607521,52.15997558358665],[9.496476774057767,52.16670714454168],[9.516867361263317,52.212208580077494],[9.490706408706812,52.24380528595636],[9.464560909347197,52.25523559701435],[9.449346183672391,52.27409501970637],[9.426776534744983,52.27936341217545],[9.409131025156684,52.297949660175476],[9.411673406512072,52.33647431873113],[9.438499164821051,52.363813278125235],[9.477316760930972,52.38721868786923],[9.502467732831134,52.416068404530584],[9.592299417152976,52.40841959400795],[9.60887956975733,52.39403159699541],[9.624504853670235,52.39432638412565],[9.630664488934165,52.405635941704496],[9.64144228600111,52.41147365992719],[9.665458430083106,52.39815398089317],[9.648121192065386,52.36123068730541],[9.679291378490646,52.31265354510363],[9.740543670625796,52.334615254279534],[9.850236295498993,52.30416430593055],[9.878906168556956,52.32601964427937],[9.884106676350804,52.3425864724307],[9.872720265094046,52.34929772842209],[9.894797821513146,52.36117235570574],[9.887881671065855,52.416641654746094]]]}},{"type":"Feature","properties":{"wkr_nr":48,"wkr_name":"Hildesheim","state_name":"Niedersachsen","elected_party":"cdu","elected_party_share":0.4229,"zweitstimme_top_party":"cdu","zweitstimme_top_share":0.3868,"turnout":0.750536273005087,"eligible_voters":219571.0,"erststimme_top6":[["cdu",0.4229],["spd",0.4126],["gruene",0.0848],["linke_pds",0.0487],["npd",0.0156],["fdp",0.0153]],"zweitstimme_top6":[["cdu",0.3868],["spd",0.3639],["gruene",0.0895],["linke_pds",0.0498],["afd",0.0344],["fdp",0.0343]]},"geometry":{"type":"Polygon","coordinates":[[[10.006338583742929,52.295514297803386],[10.033961645118318,52.28390740613351],[10.028670396262157,52.26360514642713],[9.999654867346925,52.25715117340628],[9.99834939799798,52.23034451047808],[10.18361195935281,52.234442877526774],[10.248972828513713,52.2126123830888],[10.263660020374074,52.1883142925986],[10.256981108052063,52.18335502517055],[10.233994018308893,52.170248163536655],[10.233744522584454,52.177875869909],[10.206244300334788,52.178385396952066],[10.17970259119838,52.147753087969335],[10.177369547029988,52.104196031253196],[10.199933090929502,52.06285644460881],[10.204629379318371,52.00701253325153],[10.19404022178811,52.000486454711286],[10.206008126772709,51.96685154056138],[10.196524930758802,51.9577150525525],[10.08711945009707,51.95984774159686],[10.072039674832121,51.940635199640546],[10.079483841736021,51.93512980554966],[10.065485595968621,51.92733055348738],[10.032672550333709,51.94752069053063],[9.992193116433237,51.938183702070646],[10.00874002437802,51.908337115192204],[9.969069920057567,51.89692310466422],[9.939406922728741,51.90749947628363],[9.894582742495347,51.906276651000596],[9.758679170826905,51.983052092941165],[9.721379357554488,51.97980918582947],[9.67420297207519,51.961051759826226],[9.646932226986374,51.964594819661386],[9.634131490065881,51.986405674044704],[9.652332801067294,52.03678750276298],[9.64358420442674,52.054684194089624],[9.662230328615655,52.08913005427885],[9.628944269134413,52.13114024693401],[9.692927792008218,52.13614683774317],[9.720320080541017,52.15828636149672],[9.727604474337156,52.170364644548236],[9.686334643006441,52.189813173285366],[9.695871685029855,52.1974738895186],[9.727937649002817,52.199830856670715],[9.762575092437332,52.17082113818627],[9.77674596068436,52.17374449464714],[9.803089558438364,52.19738709877942],[9.818607300242075,52.22918342073307],[9.799898154135045,52.23463119659807],[9.769763950366691,52.230691873226505],[9.792014896748835,52.25141873305903],[9.84273894366522,52.26529684086379],[9.899310662451693,52.26103113580389],[9.972686883963734,52.29364994224519],[10.006338583742929,52.295514297803386]]]}},{"type":"Feature","properties":{"wkr_nr":49,"wkr_name":"Salzgitter - Wolfenbüttel","state_name":"Niedersachsen","elected_party":"spd","elected_party_share":0.466,"zweitstimme_top_party":"spd","zweitstimme_top_share":0.3926,"turnout":0.730173692521173,"eligible_voters":208990.0,"erststimme_top6":[["spd",0.466],["cdu",0.3705],["gruene",0.0441],["linke_pds",0.0434],["afd",0.0302],["piraten",0.0141]],"zweitstimme_top6":[["spd",0.3926],["cdu",0.3573],["gruene",0.0734],["linke_pds",0.0564],["afd",0.0396],["fdp",0.0343]]},"geometry":{"type":"Polygon","coordinates":[[[10.429320236913767,52.22184514366164],[10.439627160766005,52.20298704668529],[10.476981377301279,52.20412536225569],[10.50676679679143,52.18688628552899],[10.5383658672193,52.193201519877576],[10.597718857559194,52.22265941380082],[10.600540132628526,52.25103143016915],[10.642972065714305,52.29557511458354],[10.715624906278867,52.30322174411238],[10.731976986361383,52.29319780758536],[10.728374151926314,52.26204102282996],[10.76829508371143,52.223519742331725],[10.840133294801442,52.182641375198024],[10.885437753806576,52.17964329566785],[10.888609771589012,52.1599615349148],[10.870259136398158,52.12280791503121],[10.839386015563793,52.11670525079694],[10.793862272554154,52.079642541080005],[10.801438460776987,52.04751100885569],[10.702967269176659,52.04986369455277],[10.656346620733194,52.04241166294043],[10.655487819270768,52.024700564521815],[10.62724019598434,52.00795965377217],[10.57504008157977,52.01086297033825],[10.560613585487983,52.00398292288729],[10.534312405236639,51.977617250329914],[10.500012559041835,51.9804016938259],[10.483354988739196,51.99166961333906],[10.458164601624869,51.97276690881849],[10.415904227238414,51.965438215561555],[10.368033078425961,51.968312655599966],[10.347495801275691,51.957476740044285],[10.348919131526964,51.94867967894018],[10.372728085995977,51.94292232863089],[10.391635758292189,51.920894794179475],[10.382130727550573,51.894933374340404],[10.35794469123321,51.88683633602433],[10.36939890292706,51.918145976816035],[10.347560027188702,51.92276357343914],[10.324884760639321,51.91296434874571],[10.326447720349652,51.89746090079568],[10.303794655862355,51.89384200469477],[10.282902447303233,51.908547319366996],[10.280619911339686,51.904803030031196],[10.279271876168377,51.90287774033959],[10.278370997872473,51.90122687379141],[10.275241853797443,51.89930570916054],[10.274824922470998,51.903990125049596],[10.274152768726792,51.909525902700125],[10.304193408216634,51.919127136156646],[10.31603093259207,51.93272864388195],[10.293793840764529,51.94667458653678],[10.258538902799392,51.94980610177152],[10.20931483148371,51.93187226753418],[10.194421505042731,51.8358800749048],[10.20282080306429,51.826586939164734],[10.170515068518588,51.81309053488758],[10.181704980356395,51.83782089380442],[10.143168210785815,51.82978238301834],[10.112525544344043,51.84663291804557],[10.118373085684688,51.87233641231665],[10.105382513356513,51.902703837229716],[10.065485595968621,51.92733055348738],[10.079483841736021,51.93512980554966],[10.072039674832121,51.940635199640546],[10.08711945009707,51.95984774159686],[10.196524930758802,51.9577150525525],[10.206008126772709,51.96685154056138],[10.19404022178811,52.000486454711286],[10.204629379318371,52.00701253325153],[10.199933090929502,52.06285644460881],[10.177369547029988,52.104196031253196],[10.17970259119838,52.147753087969335],[10.206244300334788,52.178385396952066],[10.233744522584454,52.177875869909],[10.233994018308893,52.170248163536655],[10.256981108052063,52.18335502517055],[10.28412907839157,52.1750185793065],[10.346495403232765,52.176072359694295],[10.366732919801304,52.18718287755491],[10.374055822812055,52.20272034816907],[10.429320236913767,52.22184514366164]]]}},{"type":"Feature","properties":{"wkr_nr":50,"wkr_name":"Braunschweig","state_name":"Niedersachsen","elected_party":"spd","elected_party_share":0.436,"zweitstimme_top_party":"cdu","zweitstimme_top_share":0.3403,"turnout":0.741758213406674,"eligible_voters":193799.0,"erststimme_top6":[["spd",0.436],["cdu",0.3498],["gruene",0.0712],["linke_pds",0.0501],["piraten",0.0282],["afd",0.0274]],"zweitstimme_top6":[["cdu",0.3403],["spd",0.3355],["gruene",0.1238],["linke_pds",0.067],["fdp",0.0437],["afd",0.0358]]},"geometry":{"type":"Polygon","coordinates":[[[10.429320236913767,52.22184514366164],[10.434831448894887,52.25794137520265],[10.423430140280336,52.311649384935976],[10.411743388189967,52.318107266877234],[10.424347884955333,52.33016889808302],[10.44145112554756,52.32199015097165],[10.485014665895106,52.321592254697116],[10.476888750380631,52.35194742836717],[10.524963592076436,52.35256039157798],[10.537083584676243,52.34611211604518],[10.526495567511297,52.32717764162468],[10.548033036338014,52.33146105340373],[10.569267331570503,52.35150373514485],[10.612523521854047,52.34833151747886],[10.609508137042653,52.34403883199415],[10.614812398075042,52.310477794218315],[10.642972065714305,52.29557511458354],[10.600540132628526,52.25103143016915],[10.597718857559194,52.22265941380082],[10.5383658672193,52.193201519877576],[10.50676679679143,52.18688628552899],[10.476981377301279,52.20412536225569],[10.439627160766005,52.20298704668529],[10.429320236913767,52.22184514366164]]]}},{"type":"Feature","properties":{"wkr_nr":51,"wkr_name":"Helmstedt - Wolfsburg","state_name":"Niedersachsen","elected_party":"cdu","elected_party_share":0.4474,"zweitstimme_top_party":"cdu","zweitstimme_top_share":0.4112,"turnout":0.711052420968387,"eligible_voters":187425.0,"erststimme_top6":[["cdu",0.4474],["spd",0.387],["gruene",0.0508],["linke_pds",0.0436],["piraten",0.0226],["npd",0.0198]],"zweitstimme_top6":[["cdu",0.4112],["spd",0.3478],["gruene",0.0683],["linke_pds",0.0489],["afd",0.0371],["fdp",0.0364]]},"geometry":{"type":"Polygon","coordinates":[[[10.902900060582589,52.63288635939139],[10.908807605369901,52.62675394741106],[10.926765054711785,52.60921629314867],[10.945210633576492,52.620318895838494],[10.976957812352296,52.6241984414233],[10.97290045245018,52.603907153362734],[10.940699738433397,52.589800588133606],[10.93711519857551,52.568096684683425],[10.959367089862823,52.53488050251483],[11.008655402097038,52.49743833118289],[10.959241949964882,52.49765311685264],[10.950049259076428,52.49558550879938],[10.934634911610713,52.471868586252576],[10.933926992181867,52.46042961924987],[11.018707663098713,52.39700427218403],[11.069589300030934,52.37468824546043],[11.068472328733568,52.35550866192908],[11.055504048998582,52.34936768598191],[10.983948351425427,52.34210065149037],[11.036365268762086,52.31043972982643],[11.037819426219377,52.3018777808608],[11.011698449748767,52.28876183780169],[11.085563279919855,52.22866909604529],[11.074897077073087,52.219671301128024],[11.02606496729036,52.21044337917785],[11.014528239990002,52.19509725801984],[11.018455391996376,52.17880098550136],[11.061525648809079,52.16828473060135],[11.060297928029804,52.15405624303247],[11.038316777726779,52.13417177509212],[10.975916934249266,52.105665493581554],[10.942617940736952,52.10338274197407],[10.944437365760749,52.09253365765815],[10.969496266240007,52.08696718333465],[10.964091466292606,52.05693511613326],[10.946823383860739,52.05885899099864],[10.8810880834593,52.059196147790026],[10.801438460776987,52.04751100885569],[10.793862272554154,52.079642541080005],[10.839386015563793,52.11670525079694],[10.870259136398158,52.12280791503121],[10.888609771589012,52.1599615349148],[10.885437753806576,52.17964329566785],[10.840133294801442,52.182641375198024],[10.76829508371143,52.223519742331725],[10.728374151926314,52.26204102282996],[10.731976986361383,52.29319780758536],[10.715624906278867,52.30322174411238],[10.642972065714305,52.29557511458354],[10.614812398075042,52.310477794218315],[10.609508137042653,52.34403883199415],[10.6220562168145,52.35495135884252],[10.604496813969142,52.37387413143227],[10.615236472232382,52.38446806392428],[10.671046952897282,52.379658504394556],[10.648536344646097,52.44239115159105],[10.673766187056911,52.46232559799878],[10.644548419571459,52.474685234658686],[10.726223148689286,52.53933044063546],[10.727740578340764,52.556187621648434],[10.69901651107811,52.57451425572854],[10.706725178274004,52.60090797429829],[10.831956283321675,52.61430438585223],[10.85779608565887,52.62615586055645],[10.902900060582589,52.63288635939139]]]}},{"type":"Feature","properties":{"wkr_nr":52,"wkr_name":"Goslar - Northeim - Osterode","state_name":"Niedersachsen","elected_party":"spd","elected_party_share":0.4237,"zweitstimme_top_party":"spd","zweitstimme_top_share":0.3802,"turnout":0.717336098429752,"eligible_voters":208311.0,"erststimme_top6":[["spd",0.4237],["cdu",0.4204],["gruene",0.0533],["linke_pds",0.0463],["piraten",0.0162],["fdp",0.0153]],"zweitstimme_top6":[["spd",0.3802],["cdu",0.3787],["gruene",0.0689],["linke_pds",0.0508],["fdp",0.0414],["afd",0.0389]]},"geometry":{"type":"Polygon","coordinates":[[[10.569233424018151,51.677420933820336],[10.538989300163664,51.66855263886946],[10.457330318034591,51.63116632845432],[10.404131483090259,51.62403297327499],[10.384774961129834,51.646606248977314],[10.33554894974543,51.67261587180882],[10.328660185084637,51.67828481157884],[10.267797256423938,51.62415578490873],[10.29630928416468,51.610674151443064],[10.264669444429476,51.61346628749167],[10.218011252891154,51.63247643062894],[10.195814188058682,51.62489108679536],[10.161378349606826,51.64660172678065],[10.112621610237117,51.61908520731396],[9.95635154385942,51.613779309280076],[9.927105261798701,51.60121079013026],[9.870391545597782,51.612992740570846],[9.7962514608814,51.608503238825236],[9.730999457937118,51.613654415568924],[9.734947525826318,51.63727844236583],[9.74736114655823,51.64288761790116],[9.752310640164962,51.63644774642388],[9.763456201807507,51.654165953149715],[9.733724293621773,51.70634794505974],[9.72887561771349,51.694516165501156],[9.684554930043252,51.68353950838637],[9.621840995612033,51.68006826213945],[9.56633817784439,51.698720729621954],[9.525881847802134,51.72109227206366],[9.545325338147578,51.685786657888244],[9.568861928112769,51.678547190206295],[9.613260649718676,51.63258129052228],[9.590498962344672,51.62907283708898],[9.512459890654206,51.697459016339785],[9.531878453626957,51.66121985310323],[9.502483970138325,51.64958052411645],[9.49502466359689,51.65848220508815],[9.46487152937277,51.65387860563929],[9.439999362394012,51.65057884909861],[9.416862891707781,51.64674711674172],[9.428653023804621,51.651095877870766],[9.423138270418185,51.67327195444898],[9.440457880102539,51.69571960786143],[9.520631534927402,51.73389509453287],[9.55751863343929,51.74010613947841],[9.579683701366275,51.78981272619347],[9.646599780331885,51.82125039396881],[9.704957962873888,51.87747462179441],[9.72826787459894,51.880516542525136],[9.784000477332562,51.86442054994446],[9.80649165965215,51.88409182083396],[9.894582742495347,51.906276651000596],[9.939406922728741,51.90749947628363],[9.969069920057567,51.89692310466422],[10.00874002437802,51.908337115192204],[9.992193116433237,51.938183702070646],[10.032672550333709,51.94752069053063],[10.065485595968621,51.92733055348738],[10.105382513356513,51.902703837229716],[10.118373085684688,51.87233641231665],[10.112525544344043,51.84663291804557],[10.143168210785815,51.82978238301834],[10.181704980356395,51.83782089380442],[10.170515068518588,51.81309053488758],[10.20282080306429,51.826586939164734],[10.194421505042731,51.8358800749048],[10.20931483148371,51.93187226753418],[10.258538902799392,51.94980610177152],[10.293793840764529,51.94667458653678],[10.31603093259207,51.93272864388195],[10.304193408216634,51.919127136156646],[10.274152768726792,51.909525902700125],[10.274824922470998,51.903990125049596],[10.275241853797443,51.89930570916054],[10.278370997872473,51.90122687379141],[10.279271876168377,51.90287774033959],[10.280619911339686,51.904803030031196],[10.282902447303233,51.908547319366996],[10.303794655862355,51.89384200469477],[10.326447720349652,51.89746090079568],[10.324884760639321,51.91296434874571],[10.347560027188702,51.92276357343914],[10.36939890292706,51.918145976816035],[10.35794469123321,51.88683633602433],[10.382130727550573,51.894933374340404],[10.391635758292189,51.920894794179475],[10.372728085995977,51.94292232863089],[10.348919131526964,51.94867967894018],[10.347495801275691,51.957476740044285],[10.368033078425961,51.968312655599966],[10.415904227238414,51.965438215561555],[10.458164601624869,51.97276690881849],[10.483354988739196,51.99166961333906],[10.500012559041835,51.9804016938259],[10.534312405236639,51.977617250329914],[10.560613585487983,52.00398292288729],[10.585304972633798,51.975736074711286],[10.60614626889439,51.97734999210856],[10.645460247516759,51.952999894714885],[10.613291993235107,51.938448815418305],[10.613138802601117,51.92080942938608],[10.648122518038209,51.9079538738001],[10.650663489527128,51.8916533619024],[10.632646670591878,51.87273797221617],[10.578015350098553,51.8481920766124],[10.579121962381397,51.78196756777067],[10.652950166533893,51.71831842235845],[10.670511343485826,51.666693502135615],[10.70133904049152,51.64109970926789],[10.677312012429072,51.6383157991083],[10.671443292602893,51.629186258213],[10.639527059547413,51.62126627477855],[10.631990343179723,51.60360159304502],[10.638582392242526,51.58422808731123],[10.666146496298158,51.57805257908606],[10.660510441717458,51.56077474326854],[10.637041636656473,51.56223979641555],[10.611949456261785,51.57900719473993],[10.594208311868547,51.57459507747885],[10.564828428348537,51.61045062813598],[10.584685469416884,51.61559452210411],[10.538205023625943,51.61894599133538],[10.49214279431858,51.6000339485573],[10.470938880266843,51.62277325870485],[10.569233424018151,51.677420933820336]]]}},{"type":"Feature","properties":{"wkr_nr":53,"wkr_name":"Göttingen","state_name":"Niedersachsen","elected_party":"spd","elected_party_share":0.404,"zweitstimme_top_party":"cdu","zweitstimme_top_share":0.3591,"turnout":0.746566892688945,"eligible_voters":222102.0,"erststimme_top6":[["spd",0.404],["cdu",0.3818],["gruene",0.1022],["linke_pds",0.0524],["piraten",0.0196],["fdp",0.0161]],"zweitstimme_top6":[["cdu",0.3591],["spd",0.3312],["gruene",0.1222],["linke_pds",0.0635],["fdp",0.0406],["afd",0.0373]]},"geometry":{"type":"Polygon","coordinates":[[[10.569233424018151,51.677420933820336],[10.470938880266843,51.62277325870485],[10.49214279431858,51.6000339485573],[10.538205023625943,51.61894599133538],[10.584685469416884,51.61559452210411],[10.564828428348537,51.61045062813598],[10.594208311868547,51.57459507747885],[10.562483122193523,51.55767973115627],[10.519286988077939,51.55356400140984],[10.491498169643533,51.574203761197204],[10.427205097130814,51.5921587876251],[10.390061970602675,51.586089029182766],[10.37671017579996,51.56014221935048],[10.364733191565433,51.55603258246999],[10.368486464062022,51.545121875477996],[10.342563201144376,51.52002827230872],[10.299757866632143,51.498809879516664],[10.237860136716872,51.47752145036319],[10.205424058046614,51.48661480122141],[10.19023596198113,51.480576705663374],[10.174205207158943,51.446032739066446],[10.152643845922976,51.430080470093],[10.081358754275975,51.43472165004529],[9.925446040018635,51.37659961446856],[9.930999291473617,51.391685808516534],[9.91083972214197,51.40650763308373],[9.901737494682571,51.418870675612155],[9.80085398072919,51.40981890550096],[9.780998388657027,51.38960875099139],[9.725625130188071,51.3708652332246],[9.708827379197967,51.356115162473486],[9.736629741609754,51.329122742073274],[9.771248502225985,51.33760716464673],[9.77360982163127,51.32290647392493],[9.767938947143772,51.30671012772277],[9.732001234878682,51.29507259628564],[9.568057029683924,51.340073407682276],[9.557593989777711,51.35117735659067],[9.549567289450081,51.35887086181912],[9.550699049246916,51.36197914574347],[9.57613083873681,51.37005815777262],[9.55838450140656,51.38148211781023],[9.578051636526162,51.40214352868057],[9.603789323479827,51.403123403003555],[9.63129333787348,51.405376219776116],[9.644299847391057,51.418533494276645],[9.62773405451316,51.4454369361568],[9.626729244951115,51.475991236445054],[9.584855655215774,51.51854999514641],[9.624882053655622,51.5483225710772],[9.648775655091294,51.55099573253704],[9.660825222166608,51.56229887014784],[9.672107266772127,51.56831321530417],[9.685243334563381,51.581973842444434],[9.730999457937118,51.613654415568924],[9.7962514608814,51.608503238825236],[9.870391545597782,51.612992740570846],[9.927105261798701,51.60121079013026],[9.95635154385942,51.613779309280076],[10.112621610237117,51.61908520731396],[10.161378349606826,51.64660172678065],[10.195814188058682,51.62489108679536],[10.218011252891154,51.63247643062894],[10.264669444429476,51.61346628749167],[10.29630928416468,51.610674151443064],[10.267797256423938,51.62415578490873],[10.328660185084637,51.67828481157884],[10.33554894974543,51.67261587180882],[10.384774961129834,51.646606248977314],[10.404131483090259,51.62403297327499],[10.457330318034591,51.63116632845432],[10.538989300163664,51.66855263886946],[10.569233424018151,51.677420933820336]]]}},{"type":"Feature","properties":{"wkr_nr":54,"wkr_name":"Bremen I","state_name":"Bremen","elected_party":"spd","elected_party_share":0.3792,"zweitstimme_top_party":"spd","zweitstimme_top_share":0.3312,"turnout":0.7192132435772,"eligible_voters":256547.0,"erststimme_top6":[["spd",0.3792],["cdu",0.3026],["gruene",0.1389],["linke_pds",0.0833],["afd",0.0293],["piraten",0.0266]],"zweitstimme_top6":[["spd",0.3312],["cdu",0.3024],["gruene",0.1393],["linke_pds",0.1013],["fdp",0.0392],["afd",0.0343]]},"geometry":{"type":"Polygon","coordinates":[[[8.865070316808142,53.13162052446583],[8.939980909947792,53.152033815487904],[8.971486494228978,53.13434549885067],[8.9835771488252,53.12564996321863],[8.948154723613891,53.116131374365104],[8.961248146951514,53.10423261151525],[8.968043928893428,53.038629792725274],[8.916066987549124,53.01109058338676],[8.778658994732144,53.03973229409116],[8.77234402176776,53.047095367754956],[8.734040278496106,53.03441817951808],[8.712224585990489,53.04445316455696],[8.710009339533887,53.072284422923794],[8.776005501866253,53.07002615198252],[8.814223171828573,53.08888058860719],[8.865070316808142,53.13162052446583]]]}},{"type":"Feature","properties":{"wkr_nr":55,"wkr_name":"Bremen II - Bremerhaven","state_name":"Bremen","elected_party":"spd","elected_party_share":0.439,"zweitstimme_top_party":"spd","zweitstimme_top_share":0.3865,"turnout":0.653434590541896,"eligible_voters":227276.0,"erststimme_top6":[["spd",0.439],["cdu",0.2873],["linke_pds",0.0911],["gruene",0.0842],["afd",0.0371],["piraten",0.0272]],"zweitstimme_top6":[["spd",0.3865],["cdu",0.2808],["linke_pds",0.1008],["gruene",0.0993],["afd",0.0412],["fdp",0.0275]]},"geometry":{"type":"MultiPolygon","coordinates":[[[[8.480810150630434,53.242422396130735],[8.486022992728145,53.22737894074386],[8.517412460876107,53.22833342372504],[8.554276043636852,53.2083616744135],[8.578510784244278,53.217244176050535],[8.599694038437823,53.21237718741361],[8.58107075418175,53.19262293797582],[8.593322309423414,53.18491128760495],[8.626392353725477,53.19749967678567],[8.652386137769097,53.18605182637209],[8.728340639196448,53.18035515106097],[8.775076737405167,53.15846447110464],[8.825961248786351,53.16326466819167],[8.865070316808186,53.131620524465795],[8.814223171828555,53.0888805886072],[8.776005501866296,53.07002615198255],[8.710009339533928,53.07228442292382],[8.653874006720065,53.10876010928968],[8.619972153126648,53.16705417902588],[8.509081059841975,53.198650040274146],[8.484762379529968,53.22260305210265],[8.480810150630434,53.242422396130735]]],[[[8.535199952967222,53.60725587919977],[8.590845964840335,53.59433631140329],[8.623534800842389,53.60564158676909],[8.652114121350065,53.60239297305389],[8.618752902563088,53.57457393044522],[8.650448838408595,53.51102825672872],[8.606501777432053,53.48411567093427],[8.571453485542845,53.487552630932974],[8.575368393154344,53.4988193622865],[8.552371085588119,53.51619043874267],[8.546712890482452,53.52088749654015],[8.567985074592931,53.52632746483249],[8.494600754402793,53.60382066272482],[8.520106209970091,53.60635276683406],[8.535199952967222,53.60725587919977]]]]}},{"type":"Feature","properties":{"wkr_nr":56,"wkr_name":"Prignitz - Ostprignitz-Ruppin - Havelland I","state_name":"Brandenburg","elected_party":"cdu","elected_party_share":0.3353,"zweitstimme_top_party":"cdu","zweitstimme_top_share":0.3649,"turnout":0.63892168437623,"eligible_voters":162624.0,"erststimme_top6":[["cdu",0.3353],["spd",0.2956],["linke_pds",0.241],["other",0.0343],["npd",0.0278],["gruene",0.0274]],"zweitstimme_top6":[["cdu",0.3649],["spd",0.2508],["linke_pds",0.2255],["afd",0.0466],["gruene",0.0346],["npd",0.0228]]},"geometry":{"type":"Polygon","coordinates":[[[12.33159443545816,53.317911147768555],[12.398503233821678,53.29405951998327],[12.444700447212941,53.25212622704604],[12.497699253284063,53.254897413651264],[12.500622363690658,53.26193795974052],[12.529583229032017,53.265012884944746],[12.598746111368415,53.247705509345934],[12.66625566496607,53.25382777921568],[12.674739317599684,53.24831390168494],[12.665270237881074,53.23185873270598],[12.743305200627788,53.223493008230804],[12.76341561660209,53.18911697297672],[12.845910773405308,53.200974870032624],[12.87870251407528,53.17994112993767],[12.90552638637317,53.193650291695945],[12.964144232297912,53.20007945957749],[12.978982499545403,53.19060178029364],[12.941689762595002,53.17382749103863],[12.98461618388399,53.16452889341711],[13.012373999192908,53.1451312247836],[12.990985631793702,53.129508144392034],[12.96299116227976,53.1329926940306],[12.93807426249893,53.105130447109254],[12.944789275332836,53.0886130527783],[13.02595964374432,53.070531601840216],[13.022992476315505,53.031579587360866],[13.006397318451684,52.998722130636196],[13.047648835830191,52.9768943574304],[13.053696585316844,52.9574785114817],[13.04525092654389,52.91705999838295],[13.017844867992869,52.906010232324185],[13.024439243575637,52.878716894925326],[13.039537378059064,52.87527597816311],[13.038352817729448,52.85489728884662],[13.015507149111546,52.86581962615146],[12.974415849485878,52.86238830763975],[12.984992484755315,52.82848427893616],[12.979696974054743,52.817969432014046],[12.920152942181474,52.79413299085898],[12.910530906158668,52.772399734922715],[12.92239452642093,52.77029646484609],[12.921308822905123,52.745549956557575],[12.865769613623948,52.722833776161856],[12.880755417175974,52.71878859215138],[12.865925212069595,52.711240136536674],[12.82499999521776,52.70823444943622],[12.828906596367577,52.69503260438743],[12.83129921982182,52.68470947462292],[12.767588455400425,52.695394144949134],[12.764428619614197,52.656738398784256],[12.741096368593002,52.63941301929559],[12.73296042692771,52.61494209207707],[12.694874999940165,52.59481439422656],[12.656280569897765,52.619245073540355],[12.629883890500835,52.62464589124559],[12.60340288716856,52.654412659652856],[12.544130240062119,52.68407050805914],[12.524347455441509,52.69289287598096],[12.50159826241712,52.677337582080895],[12.479527755904051,52.69516969469178],[12.463951636926573,52.71178109288897],[12.435303463641723,52.684840570701624],[12.394938416988534,52.66413607234815],[12.238613424604448,52.66540985754732],[12.197091298440965,52.718814782458686],[12.212272653664773,52.773019367693294],[12.22364885087318,52.78532813636829],[12.247443721835394,52.79195961201334],[12.251497497130432,52.80951068807913],[12.232750316999683,52.860247423855064],[12.199403343808306,52.871442839166875],[12.132482191993063,52.85582112360287],[12.11989569365176,52.87543803826887],[12.127289816827918,52.88981664735067],[12.080988158365356,52.882208941421446],[12.020385227143713,52.88841247179277],[11.981941169053558,52.87607203204188],[11.836820086253672,52.90938467222218],[11.823030489226129,52.9230325015533],[11.84684183280831,52.94013781026943],[11.84323183857854,52.95333134384837],[11.785485168906698,52.96123819578524],[11.744900087709796,52.98836377898035],[11.691508960691541,52.978901780164236],[11.678605317045067,53.00750027303815],[11.643792593968104,53.00535375003252],[11.625490226123206,53.014155174055496],[11.641148205717618,53.0377603502209],[11.623050800344394,53.041932007202696],[11.596173866717624,53.03628034896954],[11.505860088999052,53.0497250627653],[11.45491925775716,53.07877797195029],[11.400481523987688,53.07281546603498],[11.340256724904881,53.05560893279468],[11.270248305070615,53.10123044626292],[11.268649623844535,53.1206214323847],[11.391752193671262,53.11045655017188],[11.404905597183882,53.13714750048434],[11.459827615004256,53.140432670727016],[11.483343989521638,53.128982991788924],[11.534615393192622,53.124946703716866],[11.548787869866521,53.130670426973936],[11.565807695362611,53.164641294315224],[11.556164047094745,53.20463314408355],[11.620310957939767,53.23816693947735],[11.690777910289567,53.2412693012616],[11.71810665810585,53.23150282383049],[11.728866031817985,53.2172179226073],[11.829354690160647,53.228767796363144],[11.81403373853687,53.253860028589614],[11.866298758594176,53.255336399893686],[11.89272819069995,53.272827587013765],[11.948548234085358,53.27195307077829],[11.973990978365508,53.297633670209656],[12.01715431881665,53.299282647623066],[12.013205843721234,53.334551688165],[12.056539351117891,53.349693474425166],[12.046316243553962,53.37019235546009],[12.061408217693808,53.37150448012428],[12.078775439780957,53.3671435593027],[12.08148500468458,53.34652198565381],[12.109143196240595,53.343743861556824],[12.229562162922837,53.35817879314854],[12.25853375060721,53.32424097072475],[12.290909803054877,53.32823580061318],[12.322951934293114,53.32165838873988],[12.33159443545816,53.317911147768555]]]}},{"type":"Feature","properties":{"wkr_nr":57,"wkr_name":"Uckermark - Barnim I","state_name":"Brandenburg","elected_party":"cdu","elected_party_share":0.3888,"zweitstimme_top_party":"cdu","zweitstimme_top_share":0.3677,"turnout":0.628043985670956,"eligible_voters":160234.0,"erststimme_top6":[["cdu",0.3888],["linke_pds",0.26],["spd",0.2353],["npd",0.0342],["gruene",0.0286],["piraten",0.0249]],"zweitstimme_top6":[["cdu",0.3677],["linke_pds",0.2383],["spd",0.2272],["afd",0.0483],["gruene",0.0362],["npd",0.0266]]},"geometry":{"type":"Polygon","coordinates":[[[13.252719552862049,53.26208352475088],[13.274395888260443,53.26453363212637],[13.30235251958079,53.279960003897465],[13.359419736911754,53.277941372796434],[13.387145332436486,53.24428769152173],[13.404513393493769,53.24582161722612],[13.438269812174145,53.28720885899084],[13.485204543466299,53.292096558630234],[13.52321577704075,53.32010073363457],[13.51667721325174,53.351739994247694],[13.525566397017245,53.36723541408496],[13.534164378974605,53.36463542404361],[13.55673702950342,53.376171200301286],[13.55075614340575,53.39890561627397],[13.616788848144228,53.41309529634569],[13.645495873115777,53.44564733539392],[13.708855941887013,53.477833457270975],[13.747217557088597,53.48135995141257],[13.780935996864558,53.473886484208805],[13.81246994528207,53.48325774963081],[13.827378070686255,53.498506599550566],[13.799721047409799,53.500788998663644],[13.778464445169918,53.513441634626545],[13.790987328363189,53.55796088551431],[13.799504785544121,53.55897202302826],[13.80017821620382,53.545162164871755],[13.822787384552841,53.52252155776099],[13.85921413998944,53.51154207104479],[13.879425067842526,53.50408643719951],[13.87545087439773,53.47351216991638],[13.915677472220288,53.45765150322465],[13.910405410565879,53.43602723552473],[13.936250259403884,53.428813113434906],[14.001940451675672,53.434950438551525],[14.045331712542781,53.42939970690301],[14.056108953640578,53.41232624998673],[14.10491363713011,53.422429736013434],[14.121553331049652,53.44175598107387],[14.17774044180326,53.42259597024592],[14.20503763147328,53.42297957861785],[14.22435407941325,53.434460559507045],[14.235645492543794,53.42923377371578],[14.243133312760605,53.3945614387388],[14.229029596544946,53.3660837233307],[14.18937283516152,53.331430828523935],[14.113700337315034,53.28591313631042],[14.099012894368716,53.261956060137564],[14.176653447491418,53.26222287572209],[14.211239121092953,53.25494368785725],[14.265604255989956,53.259548800723664],[14.263273027980974,53.276794391327165],[14.301085190021059,53.2859435898403],[14.316445387380401,53.31202613167263],[14.348229996914426,53.30971013432278],[14.374943689697329,53.314886763112625],[14.39585723009587,53.32881478208209],[14.412329732753262,53.32860599355227],[14.406966490255712,53.30881044221419],[14.42100022978326,53.276268287496016],[14.444804009303128,53.274299238812205],[14.449880143653392,53.26028820923932],[14.377480471094158,53.202150786550455],[14.366649951111103,53.17023405529662],[14.387237374889992,53.14206715040689],[14.353807303398938,53.05993098868794],[14.262344781798173,53.00565925619147],[14.144469313138439,52.96084036662561],[14.156579796620596,52.89554820912367],[14.126163678119106,52.903577668702525],[14.05982323777468,52.89668302428791],[14.060540855087984,52.868286367159904],[14.096712270100827,52.8683898757668],[14.095345188833546,52.85636523009962],[14.021461344878206,52.84712204619756],[14.001578197773323,52.855063930196316],[13.95272088405245,52.827429953433175],[13.923339631534823,52.79515101870948],[13.862018152434825,52.78759097062871],[13.840583963902528,52.820252316331384],[13.731545181907016,52.819907176109425],[13.706253066742098,52.81199549096009],[13.659458586874894,52.81046873015013],[13.634239190913588,52.80043857981592],[13.651042357244942,52.83142725239201],[13.647122360761125,52.85369436466416],[13.622171520427173,52.88149600090463],[13.61232505068669,52.88626304044042],[13.58006343996046,52.8551738417028],[13.512031185587045,52.866783862927974],[13.506302277959977,52.87371361007635],[13.462478001948634,52.885407555178],[13.475271982597022,52.897692310099984],[13.472584280613674,52.91834878070525],[13.448954366167925,52.91911174231337],[13.453545640295735,52.912366112960214],[13.427958528282883,52.906430543527605],[13.40738328928244,52.913660426366405],[13.397365075158184,52.933092811832225],[13.4525963796393,52.9648100693177],[13.481723454642669,52.96392593941797],[13.513757283259416,52.97382332601862],[13.518286703648716,52.98876792907608],[13.491087512153568,52.98731000064065],[13.501037118309693,52.99639334927321],[13.485390502527094,53.008767161706494],[13.435506844294757,53.02397635260939],[13.406088435097331,53.02500037600321],[13.4150406102339,53.058487961481816],[13.390228800033082,53.0596888540488],[13.297386851666218,53.1271219556425],[13.300629384474984,53.17951963392465],[13.282685784449333,53.187263775910125],[13.241126826133309,53.236974632502594],[13.252719552862049,53.26208352475088]]]}},{"type":"Feature","properties":{"wkr_nr":58,"wkr_name":"Oberhavel - Havelland II","state_name":"Brandenburg","elected_party":"cdu","elected_party_share":0.3746,"zweitstimme_top_party":"cdu","zweitstimme_top_share":0.3621,"turnout":0.707513980519014,"eligible_voters":250706.0,"erststimme_top6":[["cdu",0.3746],["spd",0.2802],["linke_pds",0.196],["gruene",0.049],["npd",0.0338],["piraten",0.0304]],"zweitstimme_top6":[["cdu",0.3621],["spd",0.2384],["linke_pds",0.1835],["afd",0.0671],["gruene",0.0565],["fdp",0.0293]]},"geometry":{"type":"Polygon","coordinates":[[[13.182836830512157,53.25152154528054],[13.205654684239391,53.22004518183459],[13.229620698102773,53.217282915309575],[13.241126826133309,53.236974632502594],[13.282685784449333,53.187263775910125],[13.300629384474984,53.17951963392465],[13.297386851666218,53.1271219556425],[13.390228800033082,53.0596888540488],[13.4150406102339,53.058487961481816],[13.406088435097331,53.02500037600321],[13.435506844294757,53.02397635260939],[13.485390502527094,53.008767161706494],[13.501037118309693,52.99639334927321],[13.491087512153568,52.98731000064065],[13.518286703648716,52.98876792907608],[13.513757283259416,52.97382332601862],[13.481723454642669,52.96392593941797],[13.4525963796393,52.9648100693177],[13.397365075158184,52.933092811832225],[13.40738328928244,52.913660426366405],[13.427958528282883,52.906430543527605],[13.453545640295735,52.912366112960214],[13.448954366167925,52.91911174231337],[13.472584280613674,52.91834878070525],[13.475271982597022,52.897692310099984],[13.462478001948634,52.885407555178],[13.506302277959977,52.87371361007635],[13.472952488033904,52.87751193515133],[13.469744177286056,52.8709297165046],[13.527468493516656,52.81712249237294],[13.451848615456981,52.806049552633056],[13.423359278353296,52.79648844553801],[13.4050759059509,52.77802529556016],[13.421032887011233,52.71087283566944],[13.391933425063227,52.68151561049294],[13.414134706783857,52.66795087113804],[13.39830370212374,52.64760358895885],[13.368589217345267,52.626319350772505],[13.311026500376192,52.62750219690924],[13.298488115584034,52.652944851111975],[13.280685953261099,52.660184743434364],[13.281910165849705,52.640912049281816],[13.263765665273755,52.627501840565955],[13.221297927121658,52.62830929013091],[13.201795777042744,52.607055436217216],[13.217215300432468,52.5875860802058],[13.19969008132612,52.58889377759962],[13.164465765897983,52.59875148267208],[13.128495227629754,52.58725993678524],[13.132003183939528,52.579099980735336],[13.14859235579484,52.58332583348743],[13.153004438213518,52.57267086487845],[13.1457010977329,52.55336618743976],[13.127822956472004,52.55245883551716],[13.116683937539738,52.523715811844006],[13.1170609643949,52.51766656504868],[13.143258897549783,52.5201180100096],[13.167658620343781,52.508529044540396],[13.156846620206291,52.50064005132295],[13.138545757605584,52.50310772336657],[13.097002834291976,52.493715569507096],[13.09516171301159,52.47002325336158],[13.059271913152708,52.460356338668376],[13.008868455498035,52.5099190911762],[13.00086530036864,52.516171415928504],[12.935952392432764,52.50133325367926],[12.934171654087935,52.489541747289586],[12.887400414918169,52.46406506857709],[12.893762442982133,52.46072620168221],[12.863226782537112,52.45960758673003],[12.81251016836836,52.47062275175752],[12.74376960222438,52.45911626784084],[12.749918263117667,52.51005942329465],[12.715990590968396,52.525942897051166],[12.724018876018517,52.54010112286393],[12.690556682102603,52.55015285008039],[12.65170966341869,52.563998241016755],[12.666910087812488,52.586086594995784],[12.694874999940165,52.59481439422656],[12.73296042692771,52.61494209207707],[12.741096368593002,52.63941301929559],[12.764428619614197,52.656738398784256],[12.767588455400425,52.695394144949134],[12.83129921982182,52.68470947462292],[12.828906596367577,52.69503260438743],[12.82499999521776,52.70823444943622],[12.865925212069595,52.711240136536674],[12.880755417175974,52.71878859215138],[12.865769613623948,52.722833776161856],[12.921308822905123,52.745549956557575],[12.92239452642093,52.77029646484609],[12.910530906158668,52.772399734922715],[12.920152942181474,52.79413299085898],[12.979696974054743,52.817969432014046],[12.984992484755315,52.82848427893616],[12.974415849485878,52.86238830763975],[13.015507149111546,52.86581962615146],[13.038352817729448,52.85489728884662],[13.039537378059064,52.87527597816311],[13.024439243575637,52.878716894925326],[13.017844867992869,52.906010232324185],[13.04525092654389,52.91705999838295],[13.053696585316844,52.9574785114817],[13.047648835830191,52.9768943574304],[13.006397318451684,52.998722130636196],[13.022992476315505,53.031579587360866],[13.02595964374432,53.070531601840216],[12.944789275332836,53.0886130527783],[12.93807426249893,53.105130447109254],[12.96299116227976,53.1329926940306],[12.990985631793702,53.129508144392034],[13.012373999192908,53.1451312247836],[12.98461618388399,53.16452889341711],[13.042724710301561,53.19670669746348],[13.10625741254119,53.215176735795694],[13.110715864467775,53.23992932850681],[13.182836830512157,53.25152154528054]]]}},{"type":"Feature","properties":{"wkr_nr":59,"wkr_name":"Märkisch-Oderland - Barnim II","state_name":"Brandenburg","elected_party":"cdu","elected_party_share":0.3401,"zweitstimme_top_party":"cdu","zweitstimme_top_share":0.323,"turnout":0.695965148678567,"eligible_voters":251583.0,"erststimme_top6":[["cdu",0.3401],["linke_pds",0.3294],["spd",0.203],["gruene",0.0343],["npd",0.0339],["piraten",0.0268]],"zweitstimme_top6":[["cdu",0.323],["linke_pds",0.2626],["spd",0.2179],["afd",0.0641],["gruene",0.0421],["npd",0.0248]]},"geometry":{"type":"Polygon","coordinates":[[[14.126163678119106,52.903577668702525],[14.156579796620596,52.89554820912367],[14.158688885166539,52.87579113608543],[14.123227102564027,52.84351629721435],[14.131686248925567,52.82712280977525],[14.212739842984817,52.81816454232641],[14.278765354232952,52.77435494581485],[14.351233084356961,52.75087145275242],[14.461968832025754,52.66351303141918],[14.597023471978877,52.60971405631253],[14.63788338912078,52.57439291407066],[14.604389215519479,52.53305468979574],[14.61216946479073,52.511420280204696],[14.63445533043068,52.498773639556994],[14.632680592851003,52.48904739596454],[14.586900348096515,52.44895296108577],[14.550394089720733,52.434095294609094],[14.53435005270067,52.395430569307166],[14.430300561089945,52.39460410726807],[14.42318302584841,52.373869593316556],[14.369340640660438,52.38754565258462],[14.354650825885129,52.38122811919508],[14.319136447067594,52.387732320573065],[14.28053138598646,52.40914129329536],[14.272322384708147,52.4572719857107],[14.228521155741044,52.490798130864015],[14.188455362286888,52.49913983023542],[14.18290650875218,52.47513456967786],[14.167262789763472,52.4668189308443],[14.095659097940288,52.45430953486829],[14.074244874501403,52.481363821317665],[14.03107647104888,52.47199246347294],[14.00673613344639,52.44620564545491],[13.989996223412632,52.46381582310919],[13.942258800449766,52.4781608398162],[13.899447229196259,52.47427924159904],[13.871466635372931,52.45278671428105],[13.825407652592105,52.44041121959169],[13.765156047333702,52.447127038714086],[13.741035266068872,52.48708167385666],[13.712518552519736,52.500944645279006],[13.689209637852402,52.501260710711364],[13.668028405389,52.474697940974686],[13.642674495511754,52.4799974171218],[13.611510145779103,52.471492111357804],[13.640463741631113,52.517092421285646],[13.613733571024381,52.53904675153601],[13.610331980734298,52.545977784500096],[13.586068098803318,52.549709456826655],[13.582667387779551,52.56745217089973],[13.56977737533202,52.56747895116964],[13.553395268168607,52.58595056786972],[13.50697362200208,52.595168486202624],[13.496725768074167,52.60517505460942],[13.51064137258428,52.64531760514111],[13.47571122837725,52.670714294896975],[13.474650713654134,52.67610091482072],[13.451518801137388,52.66295952657075],[13.432789261931719,52.638067626827194],[13.39830370212374,52.64760358895885],[13.414134706783857,52.66795087113804],[13.391933425063227,52.68151561049294],[13.421032887011233,52.71087283566944],[13.4050759059509,52.77802529556016],[13.423359278353296,52.79648844553801],[13.451848615456981,52.806049552633056],[13.527468493516656,52.81712249237294],[13.469744177286056,52.8709297165046],[13.472952488033904,52.87751193515133],[13.506302277959977,52.87371361007635],[13.512031185587045,52.866783862927974],[13.58006343996046,52.8551738417028],[13.61232505068669,52.88626304044042],[13.622171520427173,52.88149600090463],[13.647122360761125,52.85369436466416],[13.651042357244942,52.83142725239201],[13.634239190913588,52.80043857981592],[13.659458586874894,52.81046873015013],[13.706253066742098,52.81199549096009],[13.731545181907016,52.819907176109425],[13.840583963902528,52.820252316331384],[13.862018152434825,52.78759097062871],[13.923339631534823,52.79515101870948],[13.95272088405245,52.827429953433175],[14.001578197773323,52.855063930196316],[14.021461344878206,52.84712204619756],[14.095345188833546,52.85636523009962],[14.096712270100827,52.8683898757668],[14.060540855087984,52.868286367159904],[14.05982323777468,52.89668302428791],[14.126163678119106,52.903577668702525]]]}},{"type":"Feature","properties":{"wkr_nr":60,"wkr_name":"Brandenburg an der Havel - Potsdam-Mittelmark I - Havelland III - Teltow-Fläming I","state_name":"Brandenburg","elected_party":"spd","elected_party_share":0.3311,"zweitstimme_top_party":"cdu","zweitstimme_top_share":0.3402,"turnout":0.6500884751903,"eligible_voters":191014.0,"erststimme_top6":[["spd",0.3311],["cdu",0.3283],["linke_pds",0.238],["npd",0.0326],["piraten",0.025],["gruene",0.0242]],"zweitstimme_top6":[["cdu",0.3402],["spd",0.2624],["linke_pds",0.2289],["afd",0.0486],["gruene",0.0375],["npd",0.0261]]},"geometry":{"type":"Polygon","coordinates":[[[12.238613424604448,52.66540985754732],[12.394938416988534,52.66413607234815],[12.435303463641723,52.684840570701624],[12.463951636926573,52.71178109288897],[12.479527755904051,52.69516969469178],[12.50159826241712,52.677337582080895],[12.524347455441509,52.69289287598096],[12.544130240062119,52.68407050805914],[12.60340288716856,52.654412659652856],[12.629883890500835,52.62464589124559],[12.656280569897765,52.619245073540355],[12.694874999940165,52.59481439422656],[12.666910087812488,52.586086594995784],[12.65170966341869,52.563998241016755],[12.690556682102603,52.55015285008039],[12.724018876018517,52.54010112286393],[12.715990590968396,52.525942897051166],[12.749918263117667,52.51005942329465],[12.74376960222438,52.45911626784084],[12.81251016836836,52.47062275175752],[12.863226782537112,52.45960758673003],[12.855173750217036,52.40469728497355],[12.808851502962174,52.4123637091661],[12.808476205001272,52.379000964266496],[12.823974045250152,52.37530291140613],[12.819040993289612,52.302395651122055],[12.896992881923053,52.29677904144351],[12.909560729277034,52.27350437257167],[12.96599966075363,52.29591910779872],[12.976863693472094,52.30733314578682],[13.044694982740678,52.275208674224],[13.042930524042266,52.239980612781736],[13.102104170997762,52.225228397033696],[13.08131889382429,52.19553672243161],[12.997253566293647,52.153758537183926],[12.958577709688226,52.14355173303675],[12.995289021093697,52.093872785768376],[13.054748831141376,52.08141798154509],[13.125619946688337,52.08502354081846],[13.154606095658334,52.0691219142251],[13.175174925665761,52.035935013855614],[13.23358639044643,51.989457747427814],[13.183227780291912,51.95619735077765],[13.144128396865515,51.967726685287396],[13.119646231729128,51.96280281153141],[13.095936563515801,51.93916333779247],[13.08499034683352,51.87388615125215],[13.080242852017665,51.86726592474215],[13.036205865159262,51.87251061159419],[13.026941307743321,51.8810660734444],[13.037466148764207,51.88025706949424],[13.045252362359475,51.90036413144178],[12.990447136459622,51.90424143665452],[12.95972699565079,51.93489945767393],[12.91830733598267,51.93926794183859],[12.91536166038851,51.9313641677703],[12.898344169094655,51.928102940440475],[12.85241169216107,51.935389584476674],[12.844489731675704,51.967144637168325],[12.776467884438604,51.96478204520886],[12.769720855835143,51.97902217279921],[12.669895438921774,52.01273968016513],[12.655180271169511,52.0129516856548],[12.644635522729445,51.9942396347857],[12.61523036169169,51.98232878890984],[12.539425080598692,51.98518109304514],[12.535593768068452,52.0032140275032],[12.49486160111258,52.01087863113004],[12.480127936910312,52.03313749182355],[12.46018790727846,52.03468939831606],[12.447764839028066,52.01641899792238],[12.423686125605027,52.02171734678835],[12.376713520667009,52.04532029361236],[12.357412427643933,52.047602531270016],[12.318109479791845,52.089814788173086],[12.291876861662324,52.101012451770835],[12.275811398897853,52.10372264309317],[12.215902914885715,52.17037296465766],[12.246942372470148,52.21018290837798],[12.279418902398863,52.217064179624685],[12.292955151067932,52.22845403136098],[12.245221307057845,52.24951959965907],[12.26296128832777,52.29537302271775],[12.308779553598146,52.34572975298329],[12.292904044873186,52.423495521083844],[12.31738550033444,52.454004586703796],[12.318424173897009,52.49487312145516],[12.23076349575794,52.51526518946619],[12.221481423485807,52.500317552779435],[12.203481195334348,52.497481405945265],[12.184568821147343,52.496026667745355],[12.171210063852852,52.50626361638918],[12.143361062310323,52.53573113117236],[12.174433832780153,52.58003052558518],[12.175159065007923,52.60457261907834],[12.190385960743328,52.620193476524506],[12.23025885077075,52.629683306866255],[12.238613424604448,52.66540985754732]]]}},{"type":"Feature","properties":{"wkr_nr":61,"wkr_name":"Potsdam - Potsdam-Mittelmark II - Teltow-Fläming II","state_name":"Brandenburg","elected_party":"cdu","elected_party_share":0.326,"zweitstimme_top_party":"cdu","zweitstimme_top_share":0.3138,"turnout":0.744354851886345,"eligible_voters":244812.0,"erststimme_top6":[["cdu",0.326],["spd",0.3219],["linke_pds",0.2005],["gruene",0.072],["piraten",0.0304],["fdp",0.0179]],"zweitstimme_top6":[["cdu",0.3138],["spd",0.2486],["linke_pds",0.2073],["gruene",0.0903],["afd",0.0572],["fdp",0.0328]]},"geometry":{"type":"Polygon","coordinates":[[[13.139445464127093,52.262626052289235],[13.117160781075821,52.257136456933175],[13.102104170997762,52.225228397033696],[13.042930524042266,52.239980612781736],[13.044694982740678,52.275208674224],[12.976863693472094,52.30733314578682],[12.96599966075363,52.29591910779872],[12.909560729277034,52.27350437257167],[12.896992881923053,52.29677904144351],[12.819040993289612,52.302395651122055],[12.823974045250152,52.37530291140613],[12.808476205001272,52.379000964266496],[12.808851502962174,52.4123637091661],[12.855173750217036,52.40469728497355],[12.863226782537112,52.45960758673003],[12.893762442982133,52.46072620168221],[12.887400414918169,52.46406506857709],[12.934171654087935,52.489541747289586],[12.935952392432764,52.50133325367926],[13.00086530036864,52.516171415928504],[13.008868455498035,52.5099190911762],[13.059271913152708,52.460356338668376],[13.09516171301159,52.47002325336158],[13.097002834291976,52.493715569507096],[13.138545757605584,52.50310772336657],[13.156846620206291,52.50064005132295],[13.110493591451752,52.46640099750355],[13.122132971922065,52.43922216544852],[13.087372436975155,52.419678449525115],[13.089494607145971,52.41216197784855],[13.12503606573921,52.396750609582845],[13.166758825684656,52.395023146895376],[13.159981187335479,52.40265948075344],[13.22516561373721,52.42079865642654],[13.24418095946295,52.421096992952876],[13.248945189687548,52.406074484323135],[13.27331657735534,52.40428760612068],[13.297263843728416,52.41264395452405],[13.311999061441949,52.39955880310732],[13.342699331304903,52.41140641497209],[13.386767713551441,52.38822319473079],[13.387816734330704,52.37858744208331],[13.343451394406529,52.31722071814836],[13.346853471655601,52.301793537516055],[13.384328630338747,52.286817445934524],[13.361675520875815,52.255912285356324],[13.296947490350494,52.24954224628069],[13.242900225802767,52.2720670415143],[13.203264111602664,52.27181048596258],[13.18136463125953,52.26146101123591],[13.190319303235972,52.255105615919184],[13.18356943868536,52.24964984704494],[13.152216662585564,52.24506932328623],[13.139445464127093,52.262626052289235]]]}},{"type":"Feature","properties":{"wkr_nr":62,"wkr_name":"Dahme-Spreewald - Teltow-Fläming III - Oberspreewald-Lausitz I","state_name":"Brandenburg","elected_party":"cdu","elected_party_share":0.3704,"zweitstimme_top_party":"cdu","zweitstimme_top_share":0.3477,"turnout":0.703867366602432,"eligible_voters":240784.0,"erststimme_top6":[["cdu",0.3704],["spd",0.2716],["linke_pds",0.2186],["gruene",0.0381],["npd",0.0336],["piraten",0.0261]],"zweitstimme_top6":[["cdu",0.3477],["spd",0.227],["linke_pds",0.2181],["afd",0.0637],["gruene",0.0446],["fdp",0.0272]]},"geometry":{"type":"Polygon","coordinates":[[[13.139445464127093,52.262626052289235],[13.152216662585564,52.24506932328623],[13.18356943868536,52.24964984704494],[13.190319303235972,52.255105615919184],[13.18136463125953,52.26146101123591],[13.203264111602664,52.27181048596258],[13.242900225802767,52.2720670415143],[13.296947490350494,52.24954224628069],[13.361675520875815,52.255912285356324],[13.384328630338747,52.286817445934524],[13.346853471655601,52.301793537516055],[13.343451394406529,52.31722071814836],[13.387816734330704,52.37858744208331],[13.419478515009676,52.37626722454956],[13.427182190118257,52.38608158521615],[13.418825061415031,52.40944866682286],[13.467174742096335,52.421369644157934],[13.478772731145243,52.39982713872365],[13.516519955636339,52.402410214334516],[13.537021542320732,52.40039455411907],[13.537153648852618,52.389401576726556],[13.594121396739904,52.392679857407515],[13.642817392792516,52.37791261338762],[13.63695892351949,52.34619626190508],[13.647135347491337,52.3388635730078],[13.671382819349285,52.366277064909916],[13.69337291755342,52.36808299755524],[13.699133751331695,52.38159288574947],[13.711252399475914,52.38961129828],[13.729357153690847,52.38565533051868],[13.756545007694038,52.350848849163285],[13.730278530854429,52.32658917792197],[13.74449511261442,52.318446360518806],[13.779226273747872,52.32283162178552],[13.840641792905883,52.31396736547057],[13.859172774619422,52.263450665760544],[13.818516550013584,52.244342146118065],[13.853362766078618,52.22390173737688],[13.842913541863563,52.194944482832696],[13.893927897923213,52.18389912771335],[13.88931957573179,52.16971931214559],[13.860609829704455,52.17251052832354],[13.845408349950816,52.12171663802196],[13.872763320169787,52.1180127696906],[13.938442749720494,52.13657525847166],[13.981330818797531,52.128049869692866],[14.010694905902758,52.10846527608595],[14.034350875063176,52.110216704055816],[14.112200479740375,52.08754507068222],[14.127717535810909,52.05086047392695],[14.139818750856552,52.04903506243594],[14.19489390815057,52.062440340174525],[14.204527274818737,52.08645502542117],[14.234831499048864,52.08435525372521],[14.213424478650325,52.052184055917984],[14.219888626823588,52.04142296257507],[14.259813092945473,52.0318610396443],[14.28768534519049,52.03969952525048],[14.33067198778021,52.06854955361689],[14.352921667202617,52.07199176611828],[14.400177913284256,52.05283807674501],[14.408381765538591,52.02646129471976],[14.445520422983892,52.026089350208736],[14.452909801674418,52.0146614892488],[14.369934794166555,52.00185557240874],[14.39404105093113,51.93612264060607],[14.318832821809204,51.934888809929525],[14.250205015636082,51.90781454034956],[14.21498390365858,51.86869546061043],[14.174750849799324,51.85705367358493],[14.088733055220423,51.87825389081249],[14.080503273546872,51.86139232195863],[14.048686331885104,51.83758104561511],[14.015660459963016,51.83921330831631],[13.985714004244615,51.79644043480926],[13.945771502866057,51.77750824154241],[13.950684067533043,51.76710595653976],[13.934792809505728,51.761392250083766],[13.924062009258565,51.77030669846756],[13.922141334391307,51.80486857830615],[13.884685833712831,51.81452991666066],[13.853511911506464,51.83974326717413],[13.8376810955108,51.78953754990659],[13.80649238007017,51.78489618755231],[13.831408791410093,51.75779821208325],[13.832346557932544,51.74197215549645],[13.798720841766551,51.73712486787042],[13.783645890300393,51.73517135910987],[13.775294054719748,51.760331126807976],[13.728559566931654,51.76018221675962],[13.69587008474482,51.74170221863419],[13.695492137318961,51.72697804672972],[13.664477249828323,51.73336079885052],[13.661436218936647,51.74755558486516],[13.609190353981349,51.74104107896591],[13.548326399634734,51.74541284217555],[13.507361952801553,51.791880324550775],[13.354895142649738,51.8324745828332],[13.310156203112975,51.830017741588975],[13.304251865452851,51.81845397122759],[13.258895964844223,51.81984917571495],[13.235135926694987,51.82818514974809],[13.221920364510334,51.84851176588002],[13.229041774665948,51.87873398774313],[13.162196719144665,51.88377532750085],[13.162519617151546,51.86084308259573],[13.151077815462179,51.85989145210497],[13.149574370380657,51.872050404088554],[13.132235780299418,51.88208457643823],[13.08499034683352,51.87388615125215],[13.095936563515801,51.93916333779247],[13.119646231729128,51.96280281153141],[13.144128396865515,51.967726685287396],[13.183227780291912,51.95619735077765],[13.23358639044643,51.989457747427814],[13.175174925665761,52.035935013855614],[13.154606095658334,52.0691219142251],[13.125619946688337,52.08502354081846],[13.054748831141376,52.08141798154509],[12.995289021093697,52.093872785768376],[12.958577709688226,52.14355173303675],[12.997253566293647,52.153758537183926],[13.08131889382429,52.19553672243161],[13.102104170997762,52.225228397033696],[13.117160781075821,52.257136456933175],[13.139445464127093,52.262626052289235]]]}},{"type":"Feature","properties":{"wkr_nr":63,"wkr_name":"Frankfurt (Oder) - Oder-Spree","state_name":"Brandenburg","elected_party":"cdu","elected_party_share":0.3392,"zweitstimme_top_party":"cdu","zweitstimme_top_share":0.3335,"turnout":0.678701320852208,"eligible_voters":199341.0,"erststimme_top6":[["cdu",0.3392],["linke_pds",0.2801],["spd",0.2444],["npd",0.0423],["gruene",0.0393],["piraten",0.0377]],"zweitstimme_top6":[["cdu",0.3335],["linke_pds",0.2474],["spd",0.2231],["afd",0.0645],["gruene",0.0396],["npd",0.0306]]},"geometry":{"type":"Polygon","coordinates":[[[13.668028405389,52.474697940974686],[13.689209637852402,52.501260710711364],[13.712518552519736,52.500944645279006],[13.741035266068872,52.48708167385666],[13.765156047333702,52.447127038714086],[13.825407652592105,52.44041121959169],[13.871466635372931,52.45278671428105],[13.899447229196259,52.47427924159904],[13.942258800449766,52.4781608398162],[13.989996223412632,52.46381582310919],[14.00673613344639,52.44620564545491],[14.03107647104888,52.47199246347294],[14.074244874501403,52.481363821317665],[14.095659097940288,52.45430953486829],[14.167262789763472,52.4668189308443],[14.18290650875218,52.47513456967786],[14.188455362286888,52.49913983023542],[14.228521155741044,52.490798130864015],[14.272322384708147,52.4572719857107],[14.28053138598646,52.40914129329536],[14.319136447067594,52.387732320573065],[14.354650825885129,52.38122811919508],[14.369340640660438,52.38754565258462],[14.42318302584841,52.373869593316556],[14.430300561089945,52.39460410726807],[14.53435005270067,52.395430569307166],[14.58557058114107,52.306388290646346],[14.574973491781066,52.289316286052454],[14.601033889220835,52.27199792292052],[14.691284012688548,52.256751326421856],[14.71601055248596,52.23494222578719],[14.700015839318038,52.20397866074285],[14.704671538149112,52.16621687830022],[14.679910825628362,52.145618190569536],[14.681606709191353,52.116949601926834],[14.699202058625755,52.09881290556102],[14.738902456465793,52.08686700357348],[14.75859759494623,52.06407112426683],[14.748353395576673,52.03240962390723],[14.716055511460942,52.0016599216926],[14.67468799485778,52.002594335991624],[14.649282607106453,52.028416076042],[14.589665845033894,52.034533114143535],[14.563159432956146,52.01910931713087],[14.558021509799605,52.00517501560501],[14.500413654818685,52.00829638765844],[14.479330576814032,52.047166026648725],[14.481034401989696,52.05739309495417],[14.455196642022745,52.04441722494312],[14.445520422983892,52.026089350208736],[14.408381765538591,52.02646129471976],[14.400177913284256,52.05283807674501],[14.352921667202617,52.07199176611828],[14.33067198778021,52.06854955361689],[14.28768534519049,52.03969952525048],[14.259813092945473,52.0318610396443],[14.219888626823588,52.04142296257507],[14.213424478650325,52.052184055917984],[14.234831499048864,52.08435525372521],[14.204527274818737,52.08645502542117],[14.19489390815057,52.062440340174525],[14.139818750856552,52.04903506243594],[14.127717535810909,52.05086047392695],[14.112200479740375,52.08754507068222],[14.034350875063176,52.110216704055816],[14.010694905902758,52.10846527608595],[13.981330818797531,52.128049869692866],[13.938442749720494,52.13657525847166],[13.872763320169787,52.1180127696906],[13.845408349950816,52.12171663802196],[13.860609829704455,52.17251052832354],[13.88931957573179,52.16971931214559],[13.893927897923213,52.18389912771335],[13.842913541863563,52.194944482832696],[13.853362766078618,52.22390173737688],[13.818516550013584,52.244342146118065],[13.859172774619422,52.263450665760544],[13.840641792905883,52.31396736547057],[13.779226273747872,52.32283162178552],[13.74449511261442,52.318446360518806],[13.730278530854429,52.32658917792197],[13.756545007694038,52.350848849163285],[13.729357153690847,52.38565533051868],[13.711252399475914,52.38961129828],[13.699133751331695,52.38159288574947],[13.687379425818792,52.38610125614547],[13.717383997128046,52.39996624931568],[13.744587861768409,52.439935435500665],[13.721294877205676,52.4562278272667],[13.668028405389,52.474697940974686]]]}},{"type":"Feature","properties":{"wkr_nr":64,"wkr_name":"Cottbus - Spree-Neiße","state_name":"Brandenburg","elected_party":"cdu","elected_party_share":0.3595,"zweitstimme_top_party":"cdu","zweitstimme_top_share":0.3575,"turnout":0.67280411633014,"eligible_voters":187157.0,"erststimme_top6":[["cdu",0.3595],["spd",0.2395],["linke_pds",0.2003],["other",0.0811],["npd",0.04],["gruene",0.0266]],"zweitstimme_top6":[["cdu",0.3575],["linke_pds",0.226],["spd",0.2171],["afd",0.0692],["gruene",0.0354],["npd",0.0315]]},"geometry":{"type":"Polygon","coordinates":[[[14.445520422983892,52.026089350208736],[14.455196642022745,52.04441722494312],[14.481034401989696,52.05739309495417],[14.479330576814032,52.047166026648725],[14.500413654818685,52.00829638765844],[14.558021509799605,52.00517501560501],[14.563159432956146,52.01910931713087],[14.589665845033894,52.034533114143535],[14.649282607106453,52.028416076042],[14.67468799485778,52.002594335991624],[14.716055511460942,52.0016599216926],[14.712724462611092,51.93671795341356],[14.693995329148137,51.904266735805294],[14.590257674397208,51.838382605397946],[14.589546833600464,51.82626041344786],[14.604470284481309,51.805302331805876],[14.645340650241922,51.795494824708385],[14.667819516193006,51.72634787953622],[14.739262343080918,51.68255651900755],[14.756566446236883,51.66171767177571],[14.76022461170571,51.62032320796759],[14.729539140512783,51.58190625125865],[14.715135051220722,51.59032638451364],[14.701584754536926,51.58331781267564],[14.673739171866684,51.550737901074704],[14.608928213909113,51.551881370126466],[14.598960188603888,51.567757125111015],[14.565263223493698,51.577509007145295],[14.542521408813085,51.55989648588288],[14.51548146661938,51.553946183789],[14.454453210666184,51.55771197596747],[14.447047009558025,51.543066440094],[14.387842333430012,51.542660107469025],[14.342603057039755,51.51075755408435],[14.273107351378918,51.53273511509126],[14.162854565819815,51.540861002932374],[14.163748659026579,51.56002704203595],[14.150625085220815,51.56279233508],[14.146511628567147,51.574033838129324],[14.152575614588056,51.58696696226043],[14.190389646578511,51.59877137968107],[14.209235580211216,51.61770771530314],[14.179954753162354,51.6364951428313],[14.12811843073856,51.63904491337958],[14.09229568477271,51.674192036365],[14.144268679545206,51.72611685746454],[14.13932880009324,51.740431283181834],[14.12192221830862,51.73697106547927],[14.10313434433567,51.749553321072],[14.123846724173236,51.79926619250612],[14.105617545736703,51.82435191088542],[14.07629490219434,51.831801361116355],[14.077422175830511,51.84587142895819],[14.080503273546872,51.86139232195863],[14.088733055220423,51.87825389081249],[14.174750849799324,51.85705367358493],[14.21498390365858,51.86869546061043],[14.250205015636082,51.90781454034956],[14.318832821809204,51.934888809929525],[14.39404105093113,51.93612264060607],[14.369934794166555,52.00185557240874],[14.452909801674418,52.0146614892488],[14.445520422983892,52.026089350208736]]]}},{"type":"Feature","properties":{"wkr_nr":65,"wkr_name":"Elbe-Elster - Oberspreewald-Lausitz II","state_name":"Brandenburg","elected_party":"cdu","elected_party_share":0.409,"zweitstimme_top_party":"cdu","zweitstimme_top_share":0.3952,"turnout":0.667908536825577,"eligible_voters":177689.0,"erststimme_top6":[["cdu",0.409],["linke_pds",0.2339],["spd",0.2253],["npd",0.0483],["piraten",0.033],["gruene",0.025]],"zweitstimme_top6":[["cdu",0.3952],["linke_pds",0.2173],["spd",0.1986],["afd",0.0593],["npd",0.0379],["gruene",0.0266]]},"geometry":{"type":"Polygon","coordinates":[[[14.080503273546872,51.86139232195863],[14.077422175830511,51.84587142895819],[14.07629490219434,51.831801361116355],[14.105617545736703,51.82435191088542],[14.123846724173236,51.79926619250612],[14.10313434433567,51.749553321072],[14.12192221830862,51.73697106547927],[14.13932880009324,51.740431283181834],[14.144268679545206,51.72611685746454],[14.09229568477271,51.674192036365],[14.12811843073856,51.63904491337958],[14.179954753162354,51.6364951428313],[14.209235580211216,51.61770771530314],[14.190389646578511,51.59877137968107],[14.152575614588056,51.58696696226043],[14.146511628567147,51.574033838129324],[14.150625085220815,51.56279233508],[14.163748659026579,51.56002704203595],[14.162854565819815,51.540861002932374],[14.136629781089413,51.54328531648207],[14.100957387806158,51.514388198548076],[14.056948370580159,51.46015309069163],[14.04651553317136,51.41899305804361],[14.002103126121387,51.386411358149324],[13.955151763386063,51.39719275822639],[13.909724814982555,51.378505837541155],[13.878593082944548,51.37490796410863],[13.840679998915933,51.381848572413425],[13.835250860787832,51.377161197229434],[13.763909929283775,51.35826437763931],[13.707998075361205,51.36474712154978],[13.690505695956592,51.374036513811475],[13.682701382677452,51.36762465366313],[13.599953271798125,51.36879154588679],[13.57048723311271,51.38564839632053],[13.543213289656485,51.3692032581384],[13.52456332422348,51.38446903168107],[13.520527125154228,51.40355009119677],[13.475733435582402,51.41076566676081],[13.466706877584969,51.421998111419065],[13.430600407774365,51.428736451602894],[13.420106628328769,51.43903946408253],[13.406366401577015,51.447305484304465],[13.38198736983563,51.435999535233655],[13.32754779171947,51.43284321144857],[13.285038962939657,51.4113311169006],[13.28606971392411,51.3994011917092],[13.21550907971655,51.39600045308867],[13.20960327217459,51.40622547508417],[13.187069099322834,51.42468730333847],[13.204243710698416,51.457219930227005],[13.182857623095204,51.47535604176648],[13.2085297445856,51.51103042680453],[13.187821575127465,51.551664844749624],[13.1431455496769,51.56852840326399],[13.161492077539828,51.592291891343955],[13.114521713520586,51.61532749568581],[13.094165308820314,51.605165931040816],[13.085265144709748,51.60844691400068],[13.050138584014528,51.647316301394824],[13.15409703783475,51.686424441004036],[13.186238823093197,51.71556973646503],[13.179321359378568,51.730824673479],[13.156629935197582,51.74264246632297],[13.147956759595262,51.766302138839805],[13.159453561384588,51.774302221938264],[13.163083925193801,51.80164972049979],[13.123619236763593,51.853383038227356],[13.151077815462179,51.85989145210497],[13.162519617151546,51.86084308259573],[13.162196719144665,51.88377532750085],[13.229041774665948,51.87873398774313],[13.221920364510334,51.84851176588002],[13.235135926694987,51.82818514974809],[13.258895964844223,51.81984917571495],[13.304251865452851,51.81845397122759],[13.310156203112975,51.830017741588975],[13.354895142649738,51.8324745828332],[13.507361952801553,51.791880324550775],[13.548326399634734,51.74541284217555],[13.609190353981349,51.74104107896591],[13.661436218936647,51.74755558486516],[13.664477249828323,51.73336079885052],[13.695492137318961,51.72697804672972],[13.69587008474482,51.74170221863419],[13.728559566931654,51.76018221675962],[13.775294054719748,51.760331126807976],[13.783645890300393,51.73517135910987],[13.798720841766551,51.73712486787042],[13.832346557932544,51.74197215549645],[13.831408791410093,51.75779821208325],[13.80649238007017,51.78489618755231],[13.8376810955108,51.78953754990659],[13.853511911506464,51.83974326717413],[13.884685833712831,51.81452991666066],[13.922141334391307,51.80486857830615],[13.924062009258565,51.77030669846756],[13.934792809505728,51.761392250083766],[13.950684067533043,51.76710595653976],[13.945771502866057,51.77750824154241],[13.985714004244615,51.79644043480926],[14.015660459963016,51.83921330831631],[14.048686331885104,51.83758104561511],[14.080503273546872,51.86139232195863]]]}},{"type":"Feature","properties":{"wkr_nr":66,"wkr_name":"Altmark","state_name":"Sachsen-Anhalt","elected_party":"cdu","elected_party_share":0.4214,"zweitstimme_top_party":"cdu","zweitstimme_top_share":0.4204,"turnout":0.625920941187391,"eligible_voters":172378.0,"erststimme_top6":[["cdu",0.4214],["linke_pds",0.3033],["spd",0.1756],["gruene",0.0283],["npd",0.0246],["piraten",0.024]],"zweitstimme_top6":[["cdu",0.4204],["linke_pds",0.2465],["spd",0.1901],["afd",0.036],["gruene",0.0333],["fdp",0.0214]]},"geometry":{"type":"MultiPolygon","coordinates":[[[[11.822096225870988,52.343018602509346],[11.817774093482077,52.33421835138971],[11.807618922034738,52.33498806106676],[11.790223804370198,52.33725508667985],[11.788046711166206,52.3506648291478],[11.800555000698491,52.35470147872688],[11.819318685595627,52.347738796188864],[11.822096225870988,52.343018602509346]]],[[[11.625490226123157,53.01415517405551],[11.643792593968124,53.00535375003249],[11.678605317045095,53.00750027303815],[11.691508960691493,52.978901780164236],[11.744900087709787,52.98836377898035],[11.78548516890665,52.96123819578522],[11.843231838578546,52.953331343848355],[11.84684183280833,52.94013781026941],[11.823030489226184,52.92303250155327],[11.836820086253711,52.909384672222195],[11.981941169053588,52.87607203204191],[12.02038522714372,52.888412471792755],[12.080988158365395,52.88220894142143],[12.127289816827892,52.889816647350656],[12.11989569365181,52.8754380382689],[12.132482191993088,52.855821123602844],[12.199403343808267,52.8714428391669],[12.232750316999638,52.860247423855036],[12.25149749713039,52.809510688079136],[12.247443721835408,52.79195961201334],[12.223648850873143,52.78532813636827],[12.21227265366476,52.77301936769333],[12.19709129844101,52.718814782458715],[12.238613424604436,52.665409857547324],[12.230258850770792,52.629683306866276],[12.190385960743319,52.620193476524506],[12.175159065007945,52.604572619078375],[12.174433832780208,52.5800305255852],[12.143361062310374,52.53573113117239],[12.171210063852866,52.50626361638918],[12.16264031663149,52.50083539588016],[12.108195830761536,52.508228832442335],[12.103168497714218,52.52477557024235],[12.076814313372171,52.54004044429083],[12.050694924477071,52.525045882172364],[11.990420550362195,52.52007883171343],[11.997901831624102,52.571024465274334],[11.988240632377119,52.57527707692141],[11.98015160897313,52.53823974782481],[11.95970542521201,52.518580661230395],[12.00275323865938,52.46033332874958],[11.992708877975485,52.43103249819073],[11.96227084381345,52.400999346667085],[11.929241869479057,52.39181373862777],[11.900270801295393,52.35418951856907],[11.851935108205378,52.3313927227286],[11.817433924206526,52.37240334046619],[11.834328379185346,52.38188020523273],[11.840446842562455,52.40164092813397],[11.82400003812864,52.421633314675745],[11.797883298486719,52.404853780303924],[11.74812654631693,52.40301528746804],[11.719844059174662,52.409742938816045],[11.699715351218831,52.4590410573558],[11.642991884385744,52.47027254119012],[11.58745520968097,52.45859150040144],[11.562455406688155,52.41074571887778],[11.445607147250264,52.38691897680796],[11.451253714964412,52.407166047768065],[11.382327026092218,52.43044308540346],[11.333039447630792,52.42398398657615],[11.243861916948171,52.43771185573285],[11.147647875849904,52.43388371724178],[11.08996025764319,52.45553366025571],[11.056506284033416,52.50620615693485],[11.00865540209703,52.49743833118289],[10.959367089862774,52.53488050251481],[10.937115198575459,52.56809668468339],[10.940699738433391,52.589800588133606],[10.972900452450208,52.60390715336275],[10.976957812352241,52.624198441423275],[10.945210633576512,52.62031889583849],[10.92676505471176,52.60921629314867],[10.90880760536994,52.62675394741106],[10.902900060582592,52.632886359391385],[10.838250804891588,52.69536905266784],[10.79667724408628,52.71431343715412],[10.7556985008742,52.78463211688178],[10.759750766469201,52.79609357033697],[10.765414355238436,52.84149636456185],[10.841955892272745,52.851967524394944],[10.939576344296592,52.8527746253097],[10.986189746273915,52.88272387794451],[11.001678908430009,52.911081706060806],[11.069342325526208,52.90962397536148],[11.110626400885803,52.89555950183384],[11.156283854646025,52.90608086744569],[11.218782081267586,52.89799790999626],[11.239884606904482,52.87951754243547],[11.295798043730986,52.875170704354154],[11.40657197761949,52.9040754456261],[11.47084295356943,52.9389510947133],[11.504592143924633,52.94112809517995],[11.49234875475124,52.959533089478974],[11.512383406027686,53.00726268634736],[11.555636882781526,52.99860296415597],[11.596173866717633,53.0362803489695],[11.62305080034445,53.04193200720271],[11.641148205717574,53.03776035022088],[11.625490226123157,53.01415517405551]]]]}},{"type":"Feature","properties":{"wkr_nr":67,"wkr_name":"Börde - Jerichower Land","state_name":"Sachsen-Anhalt","elected_party":"cdu","elected_party_share":0.4458,"zweitstimme_top_party":"cdu","zweitstimme_top_share":0.4321,"turnout":0.621612262699495,"eligible_voters":228139.0,"erststimme_top6":[["cdu",0.4458],["spd",0.2313],["linke_pds",0.2143],["piraten",0.0304],["fdp",0.0265],["gruene",0.026]],"zweitstimme_top6":[["cdu",0.4321],["linke_pds",0.217],["spd",0.1958],["afd",0.0386],["gruene",0.0307],["fdp",0.0287]]},"geometry":{"type":"Polygon","coordinates":[[[11.990420550362154,52.520078831713455],[12.050694924477083,52.52504588217235],[12.076814313372122,52.5400404442908],[12.103168497714243,52.52477557024236],[12.108195830761522,52.508228832442356],[12.16264031663155,52.50083539588016],[12.171210063852852,52.50626361638918],[12.184568821147343,52.496026667745355],[12.203481195334348,52.497481405945265],[12.221481423485807,52.500317552779435],[12.23076349575794,52.51526518946619],[12.318424173897009,52.49487312145516],[12.31738550033444,52.454004586703796],[12.292904044873186,52.423495521083844],[12.308779553598146,52.34572975298329],[12.26296128832777,52.29537302271775],[12.245221307057845,52.24951959965907],[12.292955151067932,52.22845403136098],[12.279418902398863,52.217064179624685],[12.246942372470148,52.21018290837798],[12.215902914885715,52.17037296465766],[12.275811398897853,52.10372264309317],[12.211746716554067,52.101813654473766],[12.182571214833434,52.07802308939518],[12.134017210786688,52.06944446954634],[12.07412540049815,52.07536514256808],[12.05396779236363,52.05707875024391],[11.941010421946867,52.00417844535175],[11.890827553597457,52.002088626833995],[11.85026853857898,52.05640177209632],[11.762523952621441,52.07312140936088],[11.765050004831155,52.07547732391562],[11.748889366673255,52.09332745676043],[11.74571293018661,52.10059868703758],[11.721454265993314,52.100127921152726],[11.687703533362583,52.18652935100137],[11.705470287989465,52.19953373227276],[11.688592870733798,52.19937739382065],[11.674667118862114,52.22779050715479],[11.636070374022497,52.22828397158697],[11.64619060301766,52.199680740992086],[11.561607646413064,52.168545643447295],[11.525400757804684,52.080119728716916],[11.550008693642589,52.065551627637696],[11.599840953472892,52.06986404374455],[11.622651523780373,52.05144491861103],[11.632730602663282,52.0257511155128],[11.600972573914913,52.018971099330614],[11.60330463813237,51.96929345107197],[11.509744604247636,51.96575372529609],[11.450500600274733,51.988191313211004],[11.446105551500498,52.00698501555641],[11.41370574746903,52.004486250646195],[11.34489219993607,51.962491438773775],[11.360883181852763,51.94088835352191],[11.340948451892864,51.901506587159396],[11.27456764190276,51.90808988870206],[11.259361755635188,51.8982927780749],[11.198615998655606,51.92589298687435],[11.173833048867467,51.91705850925887],[11.160552132917644,51.93829449130157],[11.15196857120924,52.0002583779571],[11.098244797062488,52.003172437853706],[11.061594524338643,52.03646971862304],[10.964091466292606,52.05693511613326],[10.969496266240007,52.08696718333465],[10.944437365760749,52.09253365765815],[10.942617940736952,52.10338274197407],[10.975916934249266,52.105665493581554],[11.038316777726779,52.13417177509212],[11.060297928029804,52.15405624303247],[11.061525648809079,52.16828473060135],[11.018455391996376,52.17880098550136],[11.014528239990002,52.19509725801984],[11.02606496729036,52.21044337917785],[11.074897077073087,52.219671301128024],[11.085563279919855,52.22866909604529],[11.011698449748767,52.28876183780169],[11.037819426219377,52.3018777808608],[11.036365268762086,52.31043972982643],[10.983948351425427,52.34210065149037],[11.055504048998582,52.34936768598191],[11.068472328733568,52.35550866192908],[11.069589300030934,52.37468824546043],[11.018707663098713,52.39700427218403],[10.933926992181867,52.46042961924987],[10.934634911610713,52.471868586252576],[10.950049259076428,52.49558550879938],[10.959241949964882,52.49765311685264],[11.008655402097038,52.49743833118289],[11.056506284033384,52.50620615693488],[11.08996025764321,52.45553366025573],[11.147647875849863,52.43388371724183],[11.243861916948159,52.43771185573285],[11.333039447630787,52.42398398657617],[11.382327026092193,52.43044308540349],[11.451253714964391,52.40716604776809],[11.445607147250309,52.386918976807976],[11.562455406688132,52.41074571887778],[11.58745520968099,52.458591500401425],[11.642991884385689,52.47027254119012],[11.699715351218858,52.45904105735576],[11.719844059174681,52.40974293881601],[11.748126546316895,52.40301528746804],[11.797883298486743,52.40485378030391],[11.82400003812861,52.42163331467572],[11.840446842562397,52.40164092813394],[11.83432837918535,52.38188020523273],[11.817433924206473,52.37240334046617],[11.851935108205423,52.33139272272861],[11.900270801295378,52.3541895185691],[11.92924186947901,52.39181373862777],[11.962270843813394,52.40099934666705],[11.992708877975431,52.431032498190724],[12.002753238659372,52.4603333287496],[11.95970542521196,52.518580661230374],[11.980151608973099,52.53823974782485],[11.98824063237707,52.575277076921395],[11.99790183162414,52.571024465274284],[11.990420550362154,52.520078831713455]],[[11.819318685595618,52.34773879618891],[11.80055500069854,52.35470147872688],[11.788046711166224,52.350664829147775],[11.790223804370221,52.33725508667985],[11.807618922034704,52.33498806106672],[11.81777409348209,52.334218351389715],[11.822096225870963,52.34301860250937],[11.819318685595618,52.34773879618891]]]}},{"type":"Feature","properties":{"wkr_nr":68,"wkr_name":"Harz","state_name":"Sachsen-Anhalt","elected_party":"cdu","elected_party_share":0.46,"zweitstimme_top_party":"cdu","zweitstimme_top_share":0.4349,"turnout":0.58927960091945,"eligible_voters":224917.0,"erststimme_top6":[["cdu",0.46],["linke_pds",0.2298],["spd",0.1914],["gruene",0.0379],["npd",0.0254],["piraten",0.0197]],"zweitstimme_top6":[["cdu",0.4349],["linke_pds",0.2295],["spd",0.1875],["afd",0.0378],["gruene",0.0362],["fdp",0.0227]]},"geometry":{"type":"Polygon","coordinates":[[[11.340948451892864,51.901506587159396],[11.343994337303227,51.875345187577636],[11.374805753345482,51.86185664960015],[11.385859282079574,51.84050837948231],[11.400862067412742,51.83775443295905],[11.466155543200799,51.85079860887697],[11.483741686443171,51.84032746511336],[11.481850363977621,51.7963940695838],[11.516985890922477,51.7909827937053],[11.549779104852163,51.75578660649099],[11.616687222273997,51.74624929862709],[11.634766631299833,51.69468464716495],[11.61036867775998,51.69119525284049],[11.60505948841315,51.701484812255345],[11.584057031324656,51.700589268003995],[11.53683106049059,51.68496216324266],[11.519159130696286,51.68995498937475],[11.51704984729492,51.70477460420409],[11.502141283576718,51.713503844082815],[11.455222088443236,51.72292164686519],[11.443667335291838,51.71286437647245],[11.401704403940366,51.729663699683584],[11.32594177277259,51.66773040996538],[11.29418475767477,51.65011458116264],[11.258168173590429,51.64634695350491],[11.23350969153992,51.59766098682222],[11.213079378043918,51.59026546388734],[11.184242820051688,51.592218566333095],[11.158080153298695,51.57308437002002],[11.131728519963294,51.56582735600047],[11.116180188126359,51.58043886676013],[11.124952434862912,51.592043104658465],[11.086066569657868,51.6015757179231],[11.043849471528633,51.6002877799597],[11.020282438750643,51.626608003496415],[10.95821149166683,51.63393877831386],[10.9331528632987,51.62987040541543],[10.915703917096833,51.61697046140332],[10.886167478049277,51.61236003134138],[10.858863629373381,51.63295322382402],[10.802027805634099,51.64090984541169],[10.70133904049152,51.64109970926789],[10.670511343485826,51.666693502135615],[10.652950166533893,51.71831842235845],[10.579121962381397,51.78196756777067],[10.578015350098553,51.8481920766124],[10.632646670591878,51.87273797221617],[10.650663489527128,51.8916533619024],[10.648122518038209,51.9079538738001],[10.613138802601117,51.92080942938608],[10.613291993235107,51.938448815418305],[10.645460247516759,51.952999894714885],[10.60614626889439,51.97734999210856],[10.585304972633798,51.975736074711286],[10.560613585487983,52.00398292288729],[10.57504008157977,52.01086297033825],[10.62724019598434,52.00795965377217],[10.655487819270768,52.024700564521815],[10.656346620733194,52.04241166294043],[10.702967269176659,52.04986369455277],[10.801438460776987,52.04751100885569],[10.8810880834593,52.059196147790026],[10.946823383860739,52.05885899099864],[10.964091466292606,52.05693511613326],[11.061594524338643,52.03646971862304],[11.098244797062488,52.003172437853706],[11.15196857120924,52.0002583779571],[11.160552132917644,51.93829449130157],[11.173833048867467,51.91705850925887],[11.198615998655606,51.92589298687435],[11.259361755635188,51.8982927780749],[11.27456764190276,51.90808988870206],[11.340948451892864,51.901506587159396]]]}},{"type":"Feature","properties":{"wkr_nr":69,"wkr_name":"Magdeburg","state_name":"Sachsen-Anhalt","elected_party":"cdu","elected_party_share":0.3632,"zweitstimme_top_party":"cdu","zweitstimme_top_share":0.3748,"turnout":0.632111582817163,"eligible_voters":244267.0,"erststimme_top6":[["cdu",0.3632],["linke_pds",0.2522],["spd",0.2517],["gruene",0.0401],["piraten",0.0274],["npd",0.0184]],"zweitstimme_top6":[["cdu",0.3748],["linke_pds",0.2399],["spd",0.2089],["gruene",0.0558],["afd",0.0418],["fdp",0.0243]]},"geometry":{"type":"Polygon","coordinates":[[[11.857643004665249,51.837805646254665],[11.81573510712956,51.87710640654693],[11.772789277411427,51.878614750948614],[11.7619860790781,51.86330795736419],[11.713028049146446,51.87156490126387],[11.735560521173037,51.90157852733779],[11.696898718537003,51.922242469466475],[11.642499927959635,51.92951646669945],[11.60330463813237,51.96929345107197],[11.600972573914913,52.018971099330614],[11.632730602663282,52.0257511155128],[11.622651523780373,52.05144491861103],[11.599840953472892,52.06986404374455],[11.550008693642589,52.065551627637696],[11.525400757804684,52.080119728716916],[11.561607646413064,52.168545643447295],[11.64619060301766,52.199680740992086],[11.636070374022497,52.22828397158697],[11.674667118862114,52.22779050715479],[11.688592870733798,52.19937739382065],[11.705470287989465,52.19953373227276],[11.687703533362583,52.18652935100137],[11.721454265993314,52.100127921152726],[11.74571293018661,52.10059868703758],[11.748889366673255,52.09332745676043],[11.765050004831155,52.07547732391562],[11.762523952621441,52.07312140936088],[11.85026853857898,52.05640177209632],[11.890827553597457,52.002088626833995],[11.885029340140752,51.97747213772674],[12.016011197294059,51.8861128407884],[12.018757641302438,51.87234752902665],[11.96630993164562,51.86682525047821],[11.93858145566686,51.87790413503536],[11.872213684778222,51.85425968570115],[11.857643004665249,51.837805646254665]]]}},{"type":"Feature","properties":{"wkr_nr":70,"wkr_name":"Dessau - Wittenberg","state_name":"Sachsen-Anhalt","elected_party":"cdu","elected_party_share":0.4459,"zweitstimme_top_party":"cdu","zweitstimme_top_share":0.4253,"turnout":0.649649913419448,"eligible_voters":185954.0,"erststimme_top6":[["cdu",0.4459],["linke_pds",0.2187],["spd",0.1727],["afd",0.0469],["gruene",0.0437],["npd",0.0237]],"zweitstimme_top6":[["cdu",0.4253],["linke_pds",0.2279],["spd",0.171],["afd",0.0508],["gruene",0.0395],["fdp",0.0243]]},"geometry":{"type":"Polygon","coordinates":[[[12.376713520667009,52.04532029361236],[12.423686125605027,52.02171734678835],[12.447764839028066,52.01641899792238],[12.46018790727846,52.03468939831606],[12.480127936910312,52.03313749182355],[12.49486160111258,52.01087863113004],[12.535593768068452,52.0032140275032],[12.539425080598692,51.98518109304514],[12.61523036169169,51.98232878890984],[12.644635522729445,51.9942396347857],[12.655180271169511,52.0129516856548],[12.669895438921774,52.01273968016513],[12.769720855835143,51.97902217279921],[12.776467884438604,51.96478204520886],[12.844489731675704,51.967144637168325],[12.85241169216107,51.935389584476674],[12.898344169094655,51.928102940440475],[12.91536166038851,51.9313641677703],[12.91830733598267,51.93926794183859],[12.95972699565079,51.93489945767393],[12.990447136459622,51.90424143665452],[13.045252362359475,51.90036413144178],[13.037466148764207,51.88025706949424],[13.026941307743321,51.8810660734444],[13.036205865159262,51.87251061159419],[13.080242852017665,51.86726592474215],[13.08499034683352,51.87388615125215],[13.132235780299418,51.88208457643823],[13.149574370380657,51.872050404088554],[13.151077815462179,51.85989145210497],[13.123619236763593,51.853383038227356],[13.163083925193801,51.80164972049979],[13.159453561384588,51.774302221938264],[13.147956759595262,51.766302138839805],[13.156629935197582,51.74264246632297],[13.179321359378568,51.730824673479],[13.186238823093197,51.71556973646503],[13.15409703783475,51.686424441004036],[13.050138584014528,51.647316301394824],[13.023328660763404,51.63697151820362],[13.018573182608348,51.65808992070197],[12.996144960123056,51.66930315235325],[12.967316627227643,51.66506102746789],[12.965398323613387,51.65267545472705],[12.900112440275276,51.64649588348081],[12.86483822023377,51.65794464416891],[12.846745456036537,51.68316246066442],[12.77239491206842,51.64745710313412],[12.691697552378516,51.66265597372207],[12.665614870261408,51.63190221834886],[12.61056515763666,51.61190130113992],[12.609183518349406,51.62677144468423],[12.57960638504231,51.626035155824496],[12.569960619252656,51.6376731508249],[12.57416047502743,51.667656124051334],[12.51907430936559,51.661187633289494],[12.47443539505481,51.682878589045814],[12.471877858956448,51.70382811536135],[12.431449179335146,51.704859703908014],[12.414590441753063,51.695434685706616],[12.350733733434188,51.68480006001357],[12.32516448420772,51.72331918624483],[12.335605466487365,51.73394107140032],[12.306690663246199,51.743431943904454],[12.295836797393708,51.78835125913982],[12.281954186207557,51.80010794131169],[12.237825350929848,51.780344104570695],[12.228840832984815,51.75741072340079],[12.120100253113074,51.7822436921735],[12.118766985572057,51.806943943217306],[12.132961724051965,51.8217274015241],[12.143893300621748,51.86601405388939],[12.113799029626447,51.871692280244716],[12.120316947155946,51.895509234105646],[12.138739062351789,51.90323315556683],[12.177090754577272,51.90360294364494],[12.155318580014345,51.92638507438516],[12.188087239423396,51.92872908155652],[12.210495396621617,51.94227222658088],[12.207846243281818,51.96180001366463],[12.229515157315845,51.96876616368734],[12.281416712049975,51.969906079144],[12.279547112019133,51.97910768974372],[12.252505839922629,51.976612375779446],[12.2597741512103,51.98766506019711],[12.316306130943351,51.99801650973564],[12.374024425135968,52.032203061231485],[12.376713520667009,52.04532029361236]]]}},{"type":"Feature","properties":{"wkr_nr":71,"wkr_name":"Anhalt","state_name":"Sachsen-Anhalt","elected_party":"cdu","elected_party_share":0.4097,"zweitstimme_top_party":"cdu","zweitstimme_top_share":0.4151,"turnout":0.594203571971681,"eligible_voters":236732.0,"erststimme_top6":[["cdu",0.4097],["linke_pds",0.2879],["spd",0.154],["afd",0.0458],["npd",0.025],["freie_wahler",0.0213]],"zweitstimme_top6":[["cdu",0.4151],["linke_pds",0.2564],["spd",0.1681],["afd",0.048],["gruene",0.0259],["fdp",0.0257]]},"geometry":{"type":"Polygon","coordinates":[[[12.275811398897853,52.10372264309317],[12.291876861662324,52.101012451770835],[12.318109479791845,52.089814788173086],[12.357412427643933,52.047602531270016],[12.376713520667009,52.04532029361236],[12.374024425135968,52.032203061231485],[12.316306130943351,51.99801650973564],[12.2597741512103,51.98766506019711],[12.252505839922629,51.976612375779446],[12.279547112019133,51.97910768974372],[12.281416712049975,51.969906079144],[12.229515157315845,51.96876616368734],[12.207846243281818,51.96180001366463],[12.210495396621617,51.94227222658088],[12.188087239423396,51.92872908155652],[12.155318580014345,51.92638507438516],[12.177090754577272,51.90360294364494],[12.138739062351789,51.90323315556683],[12.120316947155946,51.895509234105646],[12.113799029626447,51.871692280244716],[12.143893300621748,51.86601405388939],[12.132961724051965,51.8217274015241],[12.118766985572057,51.806943943217306],[12.120100253113074,51.7822436921735],[12.228840832984815,51.75741072340079],[12.237825350929848,51.780344104570695],[12.281954186207557,51.80010794131169],[12.295836797393708,51.78835125913982],[12.306690663246199,51.743431943904454],[12.335605466487365,51.73394107140032],[12.32516448420772,51.72331918624483],[12.350733733434188,51.68480006001357],[12.414590441753063,51.695434685706616],[12.431449179335146,51.704859703908014],[12.471877858956448,51.70382811536135],[12.47443539505481,51.682878589045814],[12.51907430936559,51.661187633289494],[12.57416047502743,51.667656124051334],[12.569960619252656,51.6376731508249],[12.57960638504231,51.626035155824496],[12.573932286457854,51.615275924419734],[12.54224342572705,51.60630850183534],[12.44320741338943,51.60990811589815],[12.423333732000028,51.58787797126097],[12.33715253722854,51.5860300188352],[12.29237264824828,51.56092817996235],[12.253537688866258,51.56061031395417],[12.197851587912556,51.531586644234],[12.169112521495418,51.54990389647966],[12.163919802824452,51.58113571631125],[12.045799965674728,51.584296507912924],[12.031535106821007,51.58975838606272],[12.0276629364344,51.62846501169392],[12.042016455209184,51.63432841010183],[12.040182574905783,51.643269722676145],[11.99844777757257,51.64595409355302],[11.958693424354205,51.64248479761745],[11.912715275637748,51.64821934761483],[11.865342828110771,51.674808435178576],[11.836424688115809,51.65433437767739],[11.799833094450346,51.64224068748832],[11.755965007690724,51.65100885832563],[11.744843234255756,51.643812764122586],[11.751649654883744,51.63285509479378],[11.720359779217905,51.62918924116614],[11.692991332530784,51.64881917247517],[11.609786439755894,51.66383971041574],[11.61036867775998,51.69119525284049],[11.634766631299833,51.69468464716495],[11.616687222273997,51.74624929862709],[11.549779104852163,51.75578660649099],[11.516985890922477,51.7909827937053],[11.481850363977621,51.7963940695838],[11.483741686443171,51.84032746511336],[11.466155543200799,51.85079860887697],[11.400862067412742,51.83775443295905],[11.385859282079574,51.84050837948231],[11.374805753345482,51.86185664960015],[11.343994337303227,51.875345187577636],[11.340948451892864,51.901506587159396],[11.360883181852763,51.94088835352191],[11.34489219993607,51.962491438773775],[11.41370574746903,52.004486250646195],[11.446105551500498,52.00698501555641],[11.450500600274733,51.988191313211004],[11.509744604247636,51.96575372529609],[11.60330463813237,51.96929345107197],[11.642499927959635,51.92951646669945],[11.696898718537003,51.922242469466475],[11.735560521173037,51.90157852733779],[11.713028049146446,51.87156490126387],[11.7619860790781,51.86330795736419],[11.772789277411427,51.878614750948614],[11.81573510712956,51.87710640654693],[11.857643004665249,51.837805646254665],[11.872213684778222,51.85425968570115],[11.93858145566686,51.87790413503536],[11.96630993164562,51.86682525047821],[12.018757641302438,51.87234752902665],[12.016011197294059,51.8861128407884],[11.885029340140752,51.97747213772674],[11.890827553597457,52.002088626833995],[11.941010421946867,52.00417844535175],[12.05396779236363,52.05707875024391],[12.07412540049815,52.07536514256808],[12.134017210786688,52.06944446954634],[12.182571214833434,52.07802308939518],[12.211746716554067,52.101813654473766],[12.275811398897853,52.10372264309317]]]}},{"type":"Feature","properties":{"wkr_nr":72,"wkr_name":"Halle","state_name":"Sachsen-Anhalt","elected_party":"cdu","elected_party_share":0.3628,"zweitstimme_top_party":"cdu","zweitstimme_top_share":0.377,"turnout":0.652496733692362,"eligible_voters":219667.0,"erststimme_top6":[["cdu",0.3628],["linke_pds",0.2551],["spd",0.2335],["gruene",0.0375],["afd",0.0338],["fdp",0.021]],"zweitstimme_top6":[["cdu",0.377],["linke_pds",0.2438],["spd",0.1788],["gruene",0.0721],["afd",0.0416],["fdp",0.0313]]},"geometry":{"type":"Polygon","coordinates":[[[11.99844777757257,51.64595409355302],[12.040182574905783,51.643269722676145],[12.042016455209184,51.63432841010183],[12.0276629364344,51.62846501169392],[12.031535106821007,51.58975838606272],[12.045799965674728,51.584296507912924],[12.163919802824452,51.58113571631125],[12.169112521495418,51.54990389647966],[12.197851587912556,51.531586644234],[12.191404748071358,51.520118644385796],[12.203055946416818,51.48526267941598],[12.153000334025638,51.4573920160389],[12.158411189667127,51.44326555412452],[12.192068978514648,51.421450851038585],[12.172538799400018,51.40999562784856],[12.032416780639645,51.424513374147246],[12.02113657683853,51.42050482769468],[12.01122774988721,51.40470415327582],[11.954567283041701,51.407604385142285],[11.942009195789742,51.41710046870776],[11.952146770869954,51.42763335439094],[11.930893658659492,51.43939609686991],[11.91433081087465,51.44451326380761],[11.931046918634122,51.45205172539321],[11.923623614015986,51.46123156938826],[11.888352794628632,51.462932481993654],[11.865192146998096,51.48305132300829],[11.8560340682694,51.51379851441276],[11.879891814272847,51.534667688896135],[11.896861987632432,51.53485468678445],[11.901819859885654,51.61523781063485],[11.925032464242836,51.62611063508848],[11.982405010757223,51.625984718996364],[11.99844777757257,51.64595409355302]]]}},{"type":"Feature","properties":{"wkr_nr":73,"wkr_name":"Burgenland - Saalekreis","state_name":"Sachsen-Anhalt","elected_party":"cdu","elected_party_share":0.4484,"zweitstimme_top_party":"cdu","zweitstimme_top_share":0.4284,"turnout":0.615833428669489,"eligible_voters":201043.0,"erststimme_top6":[["cdu",0.4484],["linke_pds",0.2573],["spd",0.1545],["npd",0.0399],["gruene",0.0391],["freie_wahler",0.0212]],"zweitstimme_top6":[["cdu",0.4284],["linke_pds",0.2375],["spd",0.1629],["afd",0.043],["npd",0.0322],["gruene",0.0306]]},"geometry":{"type":"Polygon","coordinates":[[[11.930893658659492,51.43939609686991],[11.952146770869954,51.42763335439094],[11.942009195789742,51.41710046870776],[11.954567283041701,51.407604385142285],[12.01122774988721,51.40470415327582],[12.02113657683853,51.42050482769468],[12.032416780639645,51.424513374147246],[12.172538799400018,51.40999562784856],[12.192908247729667,51.33251194253611],[12.14687473613054,51.320055899642696],[12.170786013240905,51.275705053086476],[12.173944139902872,51.25824771143432],[12.189541261834027,51.257502594612845],[12.20007448275467,51.21247084378271],[12.191338611118057,51.19551021049622],[12.196403232571447,51.14197964881068],[12.21244995883577,51.13880089284488],[12.225991961732687,51.106035138687794],[12.278252023627479,51.09924313815585],[12.28459208008437,51.09041454233452],[12.258503971241979,51.066465093653825],[12.261585179120312,51.04999085663377],[12.294011838167096,51.03155161172413],[12.291785374308652,51.01862831949317],[12.224202615868869,50.942605874448],[12.214454395722662,50.93914625150823],[12.181980339869307,50.97705761230843],[12.16373532670195,50.95939546194239],[12.091972075156669,50.977238327736664],[12.01776842445147,50.968228643003826],[12.00603166389513,50.99113166451377],[11.971297594796953,50.994627521352164],[11.979699796958215,51.01452061600817],[11.890650282536143,51.054890314164524],[11.802503082070254,51.048059931511894],[11.719797593762642,51.07110686143927],[11.704855007822344,51.06849124490379],[11.697190128599866,51.08767810279452],[11.692672148632804,51.099623419045386],[11.668819349514699,51.10929501768982],[11.571676893462413,51.12033979379746],[11.545582024796504,51.102450892909715],[11.484811730442024,51.10506190754474],[11.463571730881927,51.113028842129005],[11.451714645765444,51.14660383843967],[11.472262371114937,51.1486820584863],[11.485285971388253,51.16564257993872],[11.469425189751345,51.1923496322016],[11.432283759668719,51.212103755385044],[11.389114055123807,51.20891653543243],[11.36524598417633,51.22135456877057],[11.388165384825717,51.24544453215557],[11.399474621521483,51.236986162906945],[11.41193011653667,51.24049915464752],[11.474373173519902,51.29506363075493],[11.51437117259334,51.27537716760261],[11.554603224086216,51.27545772978106],[11.571695081208215,51.28983516709987],[11.565480812261184,51.29666758941398],[11.62348256906996,51.32022124476431],[11.63468751077943,51.314522144703396],[11.63061994268057,51.305849624296336],[11.670049560892005,51.280519618917374],[11.710993243676455,51.271730370205184],[11.75940739997884,51.28374755945195],[11.7857603744519,51.26784252155207],[11.786925975905415,51.2480839877944],[11.851191906175778,51.23600215319747],[11.872262997891564,51.24292998702669],[11.861154899728488,51.27018775757961],[11.83780965094067,51.27321126776906],[11.831327401382383,51.288576355519666],[11.848054543718964,51.332439539959104],[11.899080450555386,51.34394536167255],[11.934181829140533,51.330866524471865],[11.956940276693556,51.29677471411452],[11.971919409454086,51.29102006126958],[11.993069445513848,51.2986185023884],[11.995289815526291,51.32523937424688],[12.008181272572308,51.33638214304286],[12.04578824207133,51.35432704784703],[12.024917890824073,51.38317013648143],[11.995428119088444,51.389133447754624],[11.95107216742855,51.3765677583898],[11.941917590008313,51.35835965231727],[11.919914037223128,51.3555086813627],[11.903765412682926,51.39651830811025],[11.930893658659492,51.43939609686991]]]}},{"type":"Feature","properties":{"wkr_nr":74,"wkr_name":"Mansfeld","state_name":"Sachsen-Anhalt","elected_party":"cdu","elected_party_share":0.4195,"zweitstimme_top_party":"cdu","zweitstimme_top_share":0.4122,"turnout":0.610621582033492,"eligible_voters":217783.0,"erststimme_top6":[["cdu",0.4195],["linke_pds",0.2759],["spd",0.1807],["npd",0.0328],["gruene",0.0245],["piraten",0.0239]],"zweitstimme_top6":[["cdu",0.4122],["linke_pds",0.2572],["spd",0.1714],["afd",0.0411],["fdp",0.0294],["gruene",0.0278]]},"geometry":{"type":"Polygon","coordinates":[[[11.401704403940366,51.729663699683584],[11.443667335291838,51.71286437647245],[11.455222088443236,51.72292164686519],[11.502141283576718,51.713503844082815],[11.51704984729492,51.70477460420409],[11.519159130696286,51.68995498937475],[11.53683106049059,51.68496216324266],[11.584057031324656,51.700589268003995],[11.60505948841315,51.701484812255345],[11.61036867775998,51.69119525284049],[11.609786439755894,51.66383971041574],[11.692991332530784,51.64881917247517],[11.720359779217905,51.62918924116614],[11.751649654883744,51.63285509479378],[11.744843234255756,51.643812764122586],[11.755965007690724,51.65100885832563],[11.799833094450346,51.64224068748832],[11.836424688115809,51.65433437767739],[11.865342828110771,51.674808435178576],[11.912715275637748,51.64821934761483],[11.958693424354205,51.64248479761745],[11.99844777757257,51.64595409355302],[11.982405010757223,51.625984718996364],[11.925032464242836,51.62611063508848],[11.901819859885654,51.61523781063485],[11.896861987632432,51.53485468678445],[11.879891814272847,51.534667688896135],[11.8560340682694,51.51379851441276],[11.865192146998096,51.48305132300829],[11.888352794628632,51.462932481993654],[11.923623614015986,51.46123156938826],[11.931046918634122,51.45205172539321],[11.91433081087465,51.44451326380761],[11.930893658659492,51.43939609686991],[11.903765412682926,51.39651830811025],[11.919914037223128,51.3555086813627],[11.941917590008313,51.35835965231727],[11.95107216742855,51.3765677583898],[11.995428119088444,51.389133447754624],[12.024917890824073,51.38317013648143],[12.04578824207133,51.35432704784703],[12.008181272572308,51.33638214304286],[11.995289815526291,51.32523937424688],[11.993069445513848,51.2986185023884],[11.971919409454086,51.29102006126958],[11.956940276693556,51.29677471411452],[11.934181829140533,51.330866524471865],[11.899080450555386,51.34394536167255],[11.848054543718964,51.332439539959104],[11.831327401382383,51.288576355519666],[11.83780965094067,51.27321126776906],[11.861154899728488,51.27018775757961],[11.872262997891564,51.24292998702669],[11.851191906175778,51.23600215319747],[11.786925975905415,51.2480839877944],[11.7857603744519,51.26784252155207],[11.75940739997884,51.28374755945195],[11.710993243676455,51.271730370205184],[11.670049560892005,51.280519618917374],[11.63061994268057,51.305849624296336],[11.63468751077943,51.314522144703396],[11.62348256906996,51.32022124476431],[11.565480812261184,51.29666758941398],[11.571695081208215,51.28983516709987],[11.554603224086216,51.27545772978106],[11.51437117259334,51.27537716760261],[11.474373173519902,51.29506363075493],[11.419100597370617,51.33179405035913],[11.428913067538915,51.339476769016315],[11.400878225774099,51.34947467229424],[11.392656188282547,51.359578836270025],[11.39333199326527,51.3839656576476],[11.33044844185014,51.39009373902784],[11.321242724747135,51.41080365697124],[11.274359054649173,51.40072160772985],[11.151994275387395,51.40295238946775],[11.072186239024713,51.42855508301795],[11.005200213420787,51.41682469487722],[10.978817055027017,51.42751155629252],[10.96668683415043,51.43217367620639],[10.972303151769399,51.481815933027555],[10.934067567011427,51.512752363311854],[10.935974388129656,51.53387173612553],[10.899788107296809,51.55141457079156],[10.88139805167276,51.57965578229358],[10.893845836590668,51.59818142938784],[10.934618128580565,51.59692087593909],[10.935407220696074,51.60545729128167],[10.913325099650695,51.610470599480365],[10.915703917096833,51.61697046140332],[10.9331528632987,51.62987040541543],[10.95821149166683,51.63393877831386],[11.020282438750643,51.626608003496415],[11.043849471528633,51.6002877799597],[11.086066569657868,51.6015757179231],[11.124952434862912,51.592043104658465],[11.116180188126359,51.58043886676013],[11.131728519963294,51.56582735600047],[11.158080153298695,51.57308437002002],[11.184242820051688,51.592218566333095],[11.213079378043918,51.59026546388734],[11.23350969153992,51.59766098682222],[11.258168173590429,51.64634695350491],[11.29418475767477,51.65011458116264],[11.32594177277259,51.66773040996538],[11.401704403940366,51.729663699683584]]]}},{"type":"Feature","properties":{"wkr_nr":75,"wkr_name":"Berlin-Mitte","state_name":"Berlin","elected_party":"spd","elected_party_share":0.2826,"zweitstimme_top_party":"spd","zweitstimme_top_share":0.2611,"turnout":0.69370115393096,"eligible_voters":204085.0,"erststimme_top6":[["spd",0.2826],["cdu",0.2388],["gruene",0.1844],["linke_pds",0.1666],["piraten",0.0392],["afd",0.0302]],"zweitstimme_top6":[["spd",0.2611],["cdu",0.2263],["linke_pds",0.187],["gruene",0.1674],["piraten",0.0474],["afd",0.039]]},"geometry":{"type":"Polygon","coordinates":[[[13.387492223857967,52.56927277952058],[13.40461252036716,52.56833593490463],[13.40621285117589,52.533754186696505],[13.429030547310884,52.5315584587894],[13.425515749161175,52.505119454897205],[13.375914410283334,52.50850999080288],[13.357615273925422,52.495333977304966],[13.329152500034622,52.50563512251012],[13.311906690952096,52.54451656183415],[13.306686656176533,52.5539990320653],[13.324961521053412,52.5678313555971],[13.387492223857967,52.56927277952058]]]}},{"type":"Feature","properties":{"wkr_nr":76,"wkr_name":"Berlin-Pankow","state_name":"Berlin","elected_party":"linke_pds","elected_party_share":0.2834,"zweitstimme_top_party":"linke_pds","zweitstimme_top_share":0.2515,"turnout":0.743851553470664,"eligible_voters":235344.0,"erststimme_top6":[["linke_pds",0.2834],["cdu",0.2392],["spd",0.2096],["gruene",0.1474],["afd",0.0411],["piraten",0.0339]],"zweitstimme_top6":[["linke_pds",0.2515],["cdu",0.235],["spd",0.2201],["gruene",0.1406],["afd",0.0484],["piraten",0.0392]]},"geometry":{"type":"Polygon","coordinates":[[[13.39830370212374,52.64760358895885],[13.432789261931719,52.638067626827194],[13.451518801137388,52.66295952657075],[13.474650713654134,52.67610091482072],[13.47571122837725,52.670714294896975],[13.51064137258428,52.64531760514111],[13.496725768074167,52.60517505460942],[13.50697362200208,52.595168486202624],[13.48608764305726,52.57975869657099],[13.481401145387569,52.555997146365264],[13.460654275391349,52.549100142627545],[13.429030547310884,52.5315584587894],[13.40621285117589,52.533754186696505],[13.40461252036716,52.56833593490463],[13.387492223857967,52.56927277952058],[13.347326752060507,52.58987858975757],[13.361323510353717,52.59155073457762],[13.374803686473076,52.60638271156741],[13.368589217345267,52.626319350772505],[13.39830370212374,52.64760358895885]]]}},{"type":"Feature","properties":{"wkr_nr":77,"wkr_name":"Berlin-Reinickendorf","state_name":"Berlin","elected_party":"cdu","elected_party_share":0.4496,"zweitstimme_top_party":"cdu","zweitstimme_top_share":0.4009,"turnout":0.729683929723288,"eligible_voters":182934.0,"erststimme_top6":[["cdu",0.4496],["spd",0.2949],["gruene",0.0672],["linke_pds",0.065],["afd",0.0447],["piraten",0.0248]],"zweitstimme_top6":[["cdu",0.4009],["spd",0.2638],["gruene",0.0872],["linke_pds",0.0793],["afd",0.0603],["fdp",0.0436]]},"geometry":{"type":"Polygon","coordinates":[[[13.280685953261099,52.660184743434364],[13.298488115584034,52.652944851111975],[13.311026500376192,52.62750219690924],[13.368589217345267,52.626319350772505],[13.374803686473076,52.60638271156741],[13.361323510353717,52.59155073457762],[13.347326752060507,52.58987858975757],[13.387492223857967,52.56927277952058],[13.324961521053412,52.5678313555971],[13.306686656176533,52.5539990320653],[13.260333138894914,52.55467213493647],[13.223838245400913,52.56460976586795],[13.217215300432468,52.5875860802058],[13.201795777042744,52.607055436217216],[13.221297927121658,52.62830929013091],[13.263765665273755,52.627501840565955],[13.281910165849705,52.640912049281816],[13.280685953261099,52.660184743434364]]]}},{"type":"Feature","properties":{"wkr_nr":78,"wkr_name":"Berlin-Spandau - Charlottenburg Nord","state_name":"Berlin","elected_party":"cdu","elected_party_share":0.3919,"zweitstimme_top_party":"cdu","zweitstimme_top_share":0.3657,"turnout":0.696428857351772,"eligible_voters":187363.0,"erststimme_top6":[["cdu",0.3919],["spd",0.3741],["linke_pds",0.072],["gruene",0.0465],["afd",0.0434],["piraten",0.0315]],"zweitstimme_top6":[["cdu",0.3657],["spd",0.2889],["linke_pds",0.095],["gruene",0.0825],["afd",0.0583],["fdp",0.038]]},"geometry":{"type":"Polygon","coordinates":[[[13.164465765897983,52.59875148267208],[13.19969008132612,52.58889377759962],[13.217215300432468,52.5875860802058],[13.223838245400913,52.56460976586795],[13.260333138894914,52.55467213493647],[13.258442243102143,52.53780527275281],[13.216089746532653,52.538551563125274],[13.192303658397611,52.50695560590674],[13.191371469720162,52.480120531117734],[13.148522460171717,52.440667265250966],[13.122132971922065,52.43922216544852],[13.110493591451752,52.46640099750355],[13.156846620206291,52.50064005132295],[13.167658620343781,52.508529044540396],[13.143258897549783,52.5201180100096],[13.1170609643949,52.51766656504868],[13.116683937539738,52.523715811844006],[13.127822956472004,52.55245883551716],[13.1457010977329,52.55336618743976],[13.153004438213518,52.57267086487845],[13.14859235579484,52.58332583348743],[13.132003183939528,52.579099980735336],[13.128495227629754,52.58725993678524],[13.164465765897983,52.59875148267208]]]}},{"type":"Feature","properties":{"wkr_nr":79,"wkr_name":"Berlin-Steglitz - Zehlendorf","state_name":"Berlin","elected_party":"cdu","elected_party_share":0.4247,"zweitstimme_top_party":"cdu","zweitstimme_top_share":0.3719,"turnout":0.797879158390415,"eligible_voters":220007.0,"erststimme_top6":[["cdu",0.4247],["spd",0.2922],["gruene",0.118],["linke_pds",0.0526],["afd",0.0423],["fdp",0.0266]],"zweitstimme_top6":[["cdu",0.3719],["spd",0.2558],["gruene",0.1354],["linke_pds",0.0716],["fdp",0.0638],["afd",0.0534]]},"geometry":{"type":"Polygon","coordinates":[[[13.191371469720162,52.480120531117734],[13.318074132890972,52.474906602522836],[13.349462301640578,52.45015823730806],[13.342699331304903,52.41140641497209],[13.311999061441949,52.39955880310732],[13.297263843728416,52.41264395452405],[13.27331657735534,52.40428760612068],[13.248945189687548,52.406074484323135],[13.24418095946295,52.421096992952876],[13.22516561373721,52.42079865642654],[13.159981187335479,52.40265948075344],[13.166758825684656,52.395023146895376],[13.12503606573921,52.396750609582845],[13.089494607145971,52.41216197784855],[13.087372436975155,52.419678449525115],[13.122132971922065,52.43922216544852],[13.148522460171717,52.440667265250966],[13.191371469720162,52.480120531117734]]]}},{"type":"Feature","properties":{"wkr_nr":80,"wkr_name":"Berlin-Charlottenburg - Wilmersdorf","state_name":"Berlin","elected_party":"cdu","elected_party_share":0.3706,"zweitstimme_top_party":"cdu","zweitstimme_top_share":0.325,"turnout":0.775643715526525,"eligible_voters":197797.0,"erststimme_top6":[["cdu",0.3706],["spd",0.3147],["gruene",0.1465],["linke_pds",0.0619],["afd",0.0373],["fdp",0.0251]],"zweitstimme_top6":[["cdu",0.325],["spd",0.2707],["gruene",0.1538],["linke_pds",0.0887],["fdp",0.0682],["afd",0.048]]},"geometry":{"type":"Polygon","coordinates":[[[13.260333138894914,52.55467213493647],[13.306686656176533,52.5539990320653],[13.311906690952096,52.54451656183415],[13.329152500034622,52.50563512251012],[13.318074132890972,52.474906602522836],[13.191371469720162,52.480120531117734],[13.192303658397611,52.50695560590674],[13.216089746532653,52.538551563125274],[13.258442243102143,52.53780527275281],[13.260333138894914,52.55467213493647]]]}},{"type":"Feature","properties":{"wkr_nr":81,"wkr_name":"Berlin-Tempelhof - Schöneberg","state_name":"Berlin","elected_party":"cdu","elected_party_share":0.3498,"zweitstimme_top_party":"cdu","zweitstimme_top_share":0.3169,"turnout":0.753233670125266,"eligible_voters":235259.0,"erststimme_top6":[["cdu",0.3498],["spd",0.2622],["gruene",0.2036],["linke_pds",0.0735],["afd",0.0367],["piraten",0.03]],"zweitstimme_top6":[["cdu",0.3169],["spd",0.2742],["gruene",0.1544],["linke_pds",0.1028],["afd",0.0458],["fdp",0.0409]]},"geometry":{"type":"Polygon","coordinates":[[[13.329152500034622,52.50563512251012],[13.357615273925422,52.495333977304966],[13.356122550502207,52.49002830401873],[13.392896803477157,52.48495960258493],[13.40530974835881,52.46403811859783],[13.3970111834674,52.421847670147464],[13.418825061415031,52.40944866682286],[13.427182190118257,52.38608158521615],[13.419478515009676,52.37626722454956],[13.387816734330704,52.37858744208331],[13.386767713551441,52.38822319473079],[13.342699331304903,52.41140641497209],[13.349462301640578,52.45015823730806],[13.318074132890972,52.474906602522836],[13.329152500034622,52.50563512251012]]]}},{"type":"Feature","properties":{"wkr_nr":82,"wkr_name":"Berlin-Neukölln","state_name":"Berlin","elected_party":"spd","elected_party_share":0.3233,"zweitstimme_top_party":"cdu","zweitstimme_top_share":0.2902,"turnout":0.684829917086099,"eligible_voters":205635.0,"erststimme_top6":[["spd",0.3233],["cdu",0.3056],["linke_pds",0.1172],["gruene",0.1171],["piraten",0.0442],["afd",0.0301]],"zweitstimme_top6":[["cdu",0.2902],["spd",0.2625],["linke_pds",0.1426],["gruene",0.1389],["afd",0.0423],["piraten",0.041]]},"geometry":{"type":"Polygon","coordinates":[[[13.392896803477157,52.48495960258493],[13.410557597999228,52.49326032116363],[13.439923178989268,52.48990836050646],[13.45844636358598,52.48550177553252],[13.477881652620834,52.46495051857804],[13.474728653377527,52.459104152624306],[13.45698808754645,52.45920578267509],[13.464971500305264,52.449284294268494],[13.520674019251224,52.42657101943943],[13.516519955636339,52.402410214334516],[13.478772731145243,52.39982713872365],[13.467174742096335,52.421369644157934],[13.418825061415031,52.40944866682286],[13.3970111834674,52.421847670147464],[13.40530974835881,52.46403811859783],[13.392896803477157,52.48495960258493]]]}},{"type":"Feature","properties":{"wkr_nr":83,"wkr_name":"Berlin-Friedrichshain-Kreuzberg - Prenzlauer Berg Ost","state_name":"Berlin","elected_party":"gruene","elected_party_share":0.3986,"zweitstimme_top_party":"linke_pds","zweitstimme_top_share":0.2513,"turnout":0.742786421499293,"eligible_voters":226240.0,"erststimme_top6":[["gruene",0.3986],["spd",0.1798],["linke_pds",0.1716],["cdu",0.1371],["piraten",0.0381],["afd",0.0201]],"zweitstimme_top6":[["linke_pds",0.2513],["spd",0.2401],["gruene",0.2077],["cdu",0.1537],["piraten",0.058],["afd",0.0279]]},"geometry":{"type":"Polygon","coordinates":[[[13.429030547310884,52.5315584587894],[13.460654275391349,52.549100142627545],[13.47511905356374,52.52168519085053],[13.485197304416413,52.48337051893523],[13.439923178989268,52.48990836050646],[13.410557597999228,52.49326032116363],[13.392896803477157,52.48495960258493],[13.356122550502207,52.49002830401873],[13.357615273925422,52.495333977304966],[13.375914410283334,52.50850999080288],[13.425515749161175,52.505119454897205],[13.429030547310884,52.5315584587894]]]}},{"type":"Feature","properties":{"wkr_nr":84,"wkr_name":"Berlin-Treptow - Köpenick","state_name":"Berlin","elected_party":"linke_pds","elected_party_share":0.4217,"zweitstimme_top_party":"linke_pds","zweitstimme_top_share":0.2948,"turnout":0.736034994966002,"eligible_voters":201629.0,"erststimme_top6":[["linke_pds",0.4217],["cdu",0.2259],["spd",0.1785],["gruene",0.0502],["afd",0.0396],["piraten",0.0288]],"zweitstimme_top6":[["linke_pds",0.2948],["cdu",0.2541],["spd",0.2133],["gruene",0.0737],["afd",0.0554],["piraten",0.0354]]},"geometry":{"type":"Polygon","coordinates":[[[13.439923178989268,52.48990836050646],[13.485197304416413,52.48337051893523],[13.552119914153758,52.477856951000504],[13.611510145779103,52.471492111357804],[13.642674495511754,52.4799974171218],[13.668028405389,52.474697940974686],[13.721294877205676,52.4562278272667],[13.744587861768409,52.439935435500665],[13.717383997128046,52.39996624931568],[13.687379425818792,52.38610125614547],[13.699133751331695,52.38159288574947],[13.69337291755342,52.36808299755524],[13.671382819349285,52.366277064909916],[13.647135347491337,52.3388635730078],[13.63695892351949,52.34619626190508],[13.642817392792516,52.37791261338762],[13.594121396739904,52.392679857407515],[13.537153648852618,52.389401576726556],[13.537021542320732,52.40039455411907],[13.516519955636339,52.402410214334516],[13.520674019251224,52.42657101943943],[13.464971500305264,52.449284294268494],[13.45698808754645,52.45920578267509],[13.474728653377527,52.459104152624306],[13.477881652620834,52.46495051857804],[13.45844636358598,52.48550177553252],[13.439923178989268,52.48990836050646]]]}},{"type":"Feature","properties":{"wkr_nr":85,"wkr_name":"Berlin-Marzahn - Hellersdorf","state_name":"Berlin","elected_party":"linke_pds","elected_party_share":0.3891,"zweitstimme_top_party":"linke_pds","zweitstimme_top_share":0.3291,"turnout":0.651165869155946,"eligible_voters":203968.0,"erststimme_top6":[["linke_pds",0.3891],["cdu",0.2566],["spd",0.1709],["afd",0.0485],["npd",0.0424],["gruene",0.0311]],"zweitstimme_top6":[["linke_pds",0.3291],["cdu",0.2597],["spd",0.192],["afd",0.0636],["npd",0.039],["gruene",0.0388]]},"geometry":{"type":"Polygon","coordinates":[[[13.56977737533202,52.56747895116964],[13.582667387779551,52.56745217089973],[13.586068098803318,52.549709456826655],[13.610331980734298,52.545977784500096],[13.613733571024381,52.53904675153601],[13.640463741631113,52.517092421285646],[13.611510145779103,52.471492111357804],[13.552119914153758,52.477856951000504],[13.523786197888738,52.52114874124968],[13.522784733937813,52.54027762820626],[13.538283853084735,52.56197944434803],[13.56977737533202,52.56747895116964]]]}},{"type":"Feature","properties":{"wkr_nr":86,"wkr_name":"Berlin-Lichtenberg","state_name":"Berlin","elected_party":"linke_pds","elected_party_share":0.403,"zweitstimme_top_party":"linke_pds","zweitstimme_top_share":0.3457,"turnout":0.67435521788014,"eligible_voters":205457.0,"erststimme_top6":[["linke_pds",0.403],["cdu",0.2274],["spd",0.1954],["afd",0.0428],["gruene",0.0422],["piraten",0.0361]],"zweitstimme_top6":[["linke_pds",0.3457],["cdu",0.2309],["spd",0.2044],["gruene",0.0583],["afd",0.0548],["piraten",0.0372]]},"geometry":{"type":"Polygon","coordinates":[[[13.50697362200208,52.595168486202624],[13.553395268168607,52.58595056786972],[13.56977737533202,52.56747895116964],[13.538283853084735,52.56197944434803],[13.522784733937813,52.54027762820626],[13.523786197888738,52.52114874124968],[13.552119914153758,52.477856951000504],[13.485197304416413,52.48337051893523],[13.47511905356374,52.52168519085053],[13.460654275391349,52.549100142627545],[13.481401145387569,52.555997146365264],[13.48608764305726,52.57975869657099],[13.50697362200208,52.595168486202624]]]}},{"type":"Feature","properties":{"wkr_nr":87,"wkr_name":"Aachen I","state_name":"Nordrhein-Westfalen","elected_party":"cdu","elected_party_share":0.4074,"zweitstimme_top_party":"cdu","zweitstimme_top_share":0.3657,"turnout":0.747205904419979,"eligible_voters":179933.0,"erststimme_top6":[["cdu",0.4074],["spd",0.3528],["gruene",0.0897],["linke_pds",0.0619],["piraten",0.0342],["afd",0.0223]],"zweitstimme_top6":[["cdu",0.3657],["spd",0.2734],["gruene",0.1312],["linke_pds",0.0766],["fdp",0.0631],["piraten",0.035]]},"geometry":{"type":"Polygon","coordinates":[[[6.057648887310493,50.851363145413856],[6.062784104523197,50.82658268280762],[6.075796888867902,50.807741177478384],[6.175003494921621,50.8048709302578],[6.182290906364509,50.7946687911009],[6.17498417260258,50.78640017739669],[6.196412740761881,50.753116426295826],[6.190940804137107,50.73515140497386],[6.2179785631378,50.69775614796888],[6.195924743650375,50.680383054661434],[6.185535083773306,50.649429976414254],[6.148745288367353,50.677798742019064],[6.113738585608644,50.72257963696268],[6.041469672193551,50.718638964000576],[6.025668861182261,50.77226575586758],[5.974733757509364,50.798018277117365],[5.984942214617545,50.810537279002254],[6.003562787920375,50.80129093557789],[6.025077918853703,50.81414122725324],[6.019191980308223,50.84635594127556],[6.057648887310493,50.851363145413856]]]}},{"type":"Feature","properties":{"wkr_nr":88,"wkr_name":"Aachen II","state_name":"Nordrhein-Westfalen","elected_party":"cdu","elected_party_share":0.4557,"zweitstimme_top_party":"cdu","zweitstimme_top_share":0.4088,"turnout":0.72063929939792,"eligible_voters":228375.0,"erststimme_top6":[["cdu",0.4557],["spd",0.3568],["linke_pds",0.0583],["gruene",0.0563],["piraten",0.0281],["fdp",0.0237]],"zweitstimme_top6":[["cdu",0.4088],["spd",0.326],["linke_pds",0.0649],["gruene",0.063],["fdp",0.049],["afd",0.0329]]},"geometry":{"type":"Polygon","coordinates":[[[6.087301052555599,50.91321815899165],[6.141780256905773,50.901046967653414],[6.154716328812542,50.916094341400765],[6.150118475769803,50.92995704971556],[6.194824383665493,50.950155241106],[6.229670929681681,50.93500554321952],[6.228519794122237,50.92074239095525],[6.199765112720051,50.89774587537739],[6.232756169103595,50.85501648862275],[6.299224810497922,50.88469523044801],[6.321408017288737,50.868269555779456],[6.316790037274373,50.85761878494537],[6.339498393488589,50.824247893170515],[6.304197349154682,50.78741228580658],[6.314395566943684,50.77142626837141],[6.351743505473374,50.77862157220871],[6.356082594798816,50.76190725543098],[6.327386707449194,50.73777606668427],[6.284435461116844,50.67762983482553],[6.336107255669175,50.65246355504218],[6.374437420330239,50.660870251076396],[6.409806564172989,50.644394211887494],[6.407931597226523,50.62869277655613],[6.388206254226131,50.62067267146751],[6.411558530686003,50.600982981655186],[6.416479271170087,50.609198339288184],[6.415779022956768,50.600240272753034],[6.365362272456661,50.562102304423384],[6.361795946394326,50.53236483397205],[6.38004778679385,50.53460149195955],[6.369758442928056,50.51885517642796],[6.316241232387073,50.49669312607678],[6.269661731760304,50.504329511970454],[6.226101715507824,50.49465362761438],[6.186960092654382,50.52627719660503],[6.177202306264894,50.55857857010039],[6.225145847005177,50.59051969410552],[6.241053433458879,50.586939553763365],[6.269411838525735,50.62548240129302],[6.181000385266923,50.63329224069192],[6.166437099208566,50.64388310401103],[6.185535083773306,50.649429976414254],[6.195924743650375,50.680383054661434],[6.2179785631378,50.69775614796888],[6.190940804137107,50.73515140497386],[6.196412740761881,50.753116426295826],[6.17498417260258,50.78640017739669],[6.182290906364509,50.7946687911009],[6.175003494921621,50.8048709302578],[6.075796888867902,50.807741177478384],[6.062784104523197,50.82658268280762],[6.057648887310493,50.851363145413856],[6.073965120184811,50.846829815873384],[6.088233182403964,50.87246414969537],[6.075281489753997,50.89289532227391],[6.087301052555599,50.91321815899165]]]}},{"type":"Feature","properties":{"wkr_nr":89,"wkr_name":"Heinsberg","state_name":"Nordrhein-Westfalen","elected_party":"cdu","elected_party_share":0.5339,"zweitstimme_top_party":"cdu","zweitstimme_top_share":0.4932,"turnout":0.714526255404587,"eligible_voters":188266.0,"erststimme_top6":[["cdu",0.5339],["spd",0.283],["gruene",0.0568],["linke_pds",0.0432],["piraten",0.025],["afd",0.023]],"zweitstimme_top6":[["cdu",0.4932],["spd",0.2631],["gruene",0.0553],["linke_pds",0.0521],["fdp",0.0493],["afd",0.0351]]},"geometry":{"type":"Polygon","coordinates":[[[6.254603110429298,51.188277319593695],[6.291021311831925,51.175380065879345],[6.355872605746757,51.12607196665357],[6.349333223830151,51.11227845853153],[6.360697758867794,51.09545879034503],[6.423663653046863,51.085622918678226],[6.444248796037984,51.08946339197299],[6.477104113059641,51.05605944187642],[6.459060800744575,51.042996483217635],[6.45399721704556,51.04279752090768],[6.430391994319656,51.03441571463609],[6.371696224676827,51.03410301974461],[6.362123944831793,51.01676510298183],[6.336746524147893,51.013384389524745],[6.300118530007795,51.015708683656264],[6.289791384276903,51.02494318864658],[6.269789126076354,51.00392607840712],[6.195124534574628,50.96740939385612],[6.202662632370286,50.95277640066645],[6.194824383665493,50.950155241106],[6.150118475769803,50.92995704971556],[6.154716328812542,50.916094341400765],[6.141780256905773,50.901046967653414],[6.087301052555599,50.91321815899165],[6.089595436183621,50.9195485390226],[6.018147493504747,50.934464064984894],[6.014984369778327,50.96150521046296],[6.026213069750313,50.98345638289002],[5.95713076556653,50.98503321452746],[5.918542790330469,50.97776149831424],[5.879491635380591,51.01696026316709],[5.866672169137784,51.050953115457204],[5.913330424713152,51.06646218614514],[5.93752285664966,51.03670567634134],[5.953822650784756,51.036520360900845],[5.995341574671999,51.08238661221292],[6.035367929988269,51.09619734244982],[6.09659308794779,51.13474765175009],[6.173255040006063,51.15698404104968],[6.13878492621812,51.17337385266145],[6.174842427224149,51.1844112529816],[6.211079467569747,51.16679348378531],[6.254603110429298,51.188277319593695]]]}},{"type":"Feature","properties":{"wkr_nr":90,"wkr_name":"Düren","state_name":"Nordrhein-Westfalen","elected_party":"cdu","elected_party_share":0.5036,"zweitstimme_top_party":"cdu","zweitstimme_top_share":0.4428,"turnout":0.72934602856427,"eligible_voters":199550.0,"erststimme_top6":[["cdu",0.5036],["spd",0.3421],["linke_pds",0.051],["gruene",0.0487],["piraten",0.0341],["fdp",0.0191]],"zweitstimme_top6":[["cdu",0.4428],["spd",0.2966],["gruene",0.0608],["linke_pds",0.0566],["fdp",0.0495],["afd",0.04]]},"geometry":{"type":"Polygon","coordinates":[[[6.45399721704556,51.04279752090768],[6.459060800744575,51.042996483217635],[6.480257572662859,51.03412173953506],[6.458819079918334,51.00412910237597],[6.518049656628746,50.904975923371246],[6.550696015289867,50.89057371295783],[6.560795206427062,50.85378510242339],[6.642124621427804,50.830968822596795],[6.686603057287899,50.835363669546894],[6.706316499045006,50.83509171509705],[6.711990140267827,50.80401768203756],[6.712523662465637,50.787807389799845],[6.678700189517519,50.77403567360539],[6.693981004904805,50.75381562108214],[6.702280263455089,50.73075634853109],[6.678666243231909,50.713207136397294],[6.642522391369906,50.72712502469357],[6.588542652370535,50.7069288678244],[6.601544079860595,50.67310168872794],[6.566743565511416,50.656071863743],[6.552850092218934,50.5995230451206],[6.490927389184035,50.60008061557102],[6.46963234021431,50.61122748155108],[6.422187159491275,50.619063832262015],[6.416479271170087,50.609198339288184],[6.411558530686003,50.600982981655186],[6.388206254226131,50.62067267146751],[6.407931597226523,50.62869277655613],[6.409806564172989,50.644394211887494],[6.374437420330239,50.660870251076396],[6.336107255669175,50.65246355504218],[6.284435461116844,50.67762983482553],[6.327386707449194,50.73777606668427],[6.356082594798816,50.76190725543098],[6.351743505473374,50.77862157220871],[6.314395566943684,50.77142626837141],[6.304197349154682,50.78741228580658],[6.339498393488589,50.824247893170515],[6.316790037274373,50.85761878494537],[6.321408017288737,50.868269555779456],[6.299224810497922,50.88469523044801],[6.232756169103595,50.85501648862275],[6.199765112720051,50.89774587537739],[6.228519794122237,50.92074239095525],[6.229670929681681,50.93500554321952],[6.194824383665493,50.950155241106],[6.202662632370286,50.95277640066645],[6.195124534574628,50.96740939385612],[6.269789126076354,51.00392607840712],[6.289791384276903,51.02494318864658],[6.300118530007795,51.015708683656264],[6.336746524147893,51.013384389524745],[6.362123944831793,51.01676510298183],[6.371696224676827,51.03410301974461],[6.430391994319656,51.03441571463609],[6.45399721704556,51.04279752090768]]]}},{"type":"Feature","properties":{"wkr_nr":91,"wkr_name":"Rhein-Erft-Kreis I","state_name":"Nordrhein-Westfalen","elected_party":"cdu","elected_party_share":0.4729,"zweitstimme_top_party":"cdu","zweitstimme_top_share":0.4225,"turnout":0.738613197912167,"eligible_voters":247721.0,"erststimme_top6":[["cdu",0.4729],["spd",0.3602],["gruene",0.0556],["linke_pds",0.0442],["piraten",0.0366],["fdp",0.0305]],"zweitstimme_top6":[["cdu",0.4225],["spd",0.3082],["gruene",0.0686],["fdp",0.0573],["linke_pds",0.0518],["afd",0.0373]]},"geometry":{"type":"Polygon","coordinates":[[[6.756630497553977,51.06484900785221],[6.773782839698042,51.06429353898306],[6.798221891040778,51.03724222895485],[6.82022147643562,51.03829473403164],[6.840190925358877,51.02892694180581],[6.843037138222964,50.98701928942249],[6.830559597077442,50.971793677519535],[6.80878580056166,50.94854421305071],[6.817275991449713,50.932854280547765],[6.860655586456346,50.903931583104736],[6.879649213559873,50.91166102787561],[6.919456544357703,50.893536482992424],[6.918810052997039,50.85020741800762],[6.892209116381483,50.8503854882096],[6.841905871063223,50.83704120530843],[6.81233680923363,50.85901821736741],[6.780249072095904,50.83945845715437],[6.734480863569207,50.85497233995148],[6.725832234080088,50.86230774235936],[6.689905461692571,50.84753140885275],[6.686603057287899,50.835363669546894],[6.642124621427804,50.830968822596795],[6.560795206427062,50.85378510242339],[6.550696015289867,50.89057371295783],[6.518049656628746,50.904975923371246],[6.458819079918334,51.00412910237597],[6.480257572662859,51.03412173953506],[6.491470303682537,51.04691744240209],[6.525810480474098,51.05718757001944],[6.557518068377371,51.051548187037824],[6.550238166491875,51.03509728108782],[6.565752623866556,51.02172032641332],[6.715438214769465,51.0153318040646],[6.756630497553977,51.06484900785221]]]}},{"type":"Feature","properties":{"wkr_nr":92,"wkr_name":"Euskirchen - Rhein-Erft-Kreis II","state_name":"Nordrhein-Westfalen","elected_party":"cdu","elected_party_share":0.5093,"zweitstimme_top_party":"cdu","zweitstimme_top_share":0.4505,"turnout":0.726625568765595,"eligible_voters":245268.0,"erststimme_top6":[["cdu",0.5093],["spd",0.3081],["gruene",0.0578],["linke_pds",0.0469],["fdp",0.035],["piraten",0.0281]],"zweitstimme_top6":[["cdu",0.4505],["spd",0.2677],["gruene",0.0715],["fdp",0.0662],["linke_pds",0.0517],["afd",0.0409]]},"geometry":{"type":"Polygon","coordinates":[[[6.946852938171332,50.80292253640629],[6.908495217051933,50.80281604897936],[6.86403924438467,50.784885266958156],[6.872657896408817,50.75293144617462],[6.8822996926064,50.74609028434858],[6.902219114702087,50.75041152526584],[6.915715527473036,50.73422840130765],[6.897781781271083,50.71601728000668],[6.867967136815188,50.70677154868258],[6.863257369250189,50.65153726691217],[6.87828134858078,50.6367647126297],[6.916301121170333,50.62918958653665],[6.884657348158079,50.59407396841336],[6.891102024183795,50.57467376557227],[6.927914467266446,50.55875611789862],[6.92529564042414,50.54539870768323],[6.88210475402286,50.52704280355],[6.888485350383708,50.508172599694134],[6.90598631617849,50.501808493118716],[6.901601341966474,50.469148805703725],[6.855513975917028,50.455039128234404],[6.812030520021154,50.47224707358983],[6.800806413799598,50.491407127027145],[6.744767679185978,50.47328784294421],[6.784199339513256,50.421159854722895],[6.769702070341133,50.39240182395435],[6.800380352551241,50.36083776838615],[6.780094561239571,50.36284676395377],[6.705681755133479,50.342345530675885],[6.668481337703614,50.371755851213834],[6.656425747541397,50.36006148919397],[6.62302647284722,50.354265680593635],[6.627484655852156,50.3717937917312],[6.603811600630434,50.38793093915718],[6.529516982401747,50.36910600891081],[6.484395661076531,50.33928726420895],[6.462527778864436,50.340660382175784],[6.460715538664808,50.360890559417285],[6.447552351456697,50.37160019770844],[6.420957823535944,50.368626324359774],[6.41317224519833,50.3894854748155],[6.3847163240448,50.3842202587772],[6.426082115552738,50.32288001458258],[6.404077150821123,50.32325113454909],[6.407596582360265,50.336270260427824],[6.360527269439678,50.37143469936159],[6.375104225271043,50.451522148872726],[6.34040339560958,50.46231996984405],[6.341850323390848,50.483252813721045],[6.316241232387073,50.49669312607678],[6.369758442928056,50.51885517642796],[6.38004778679385,50.53460149195955],[6.361795946394326,50.53236483397205],[6.365362272456661,50.562102304423384],[6.415779022956768,50.600240272753034],[6.416479271170087,50.609198339288184],[6.422187159491275,50.619063832262015],[6.46963234021431,50.61122748155108],[6.490927389184035,50.60008061557102],[6.552850092218934,50.5995230451206],[6.566743565511416,50.656071863743],[6.601544079860595,50.67310168872794],[6.588542652370535,50.7069288678244],[6.642522391369906,50.72712502469357],[6.678666243231909,50.713207136397294],[6.702280263455089,50.73075634853109],[6.693981004904805,50.75381562108214],[6.678700189517519,50.77403567360539],[6.712523662465637,50.787807389799845],[6.711990140267827,50.80401768203756],[6.706316499045006,50.83509171509705],[6.686603057287899,50.835363669546894],[6.689905461692571,50.84753140885275],[6.725832234080088,50.86230774235936],[6.734480863569207,50.85497233995148],[6.780249072095904,50.83945845715437],[6.81233680923363,50.85901821736741],[6.841905871063223,50.83704120530843],[6.892209116381483,50.8503854882096],[6.918810052997039,50.85020741800762],[6.980799987142995,50.841011646952644],[6.987125070354369,50.82722697371175],[7.025729721409267,50.817763473250025],[7.030076350237615,50.80024759409209],[6.946852938171332,50.80292253640629]]]}},{"type":"Feature","properties":{"wkr_nr":93,"wkr_name":"Köln I","state_name":"Nordrhein-Westfalen","elected_party":"spd","elected_party_share":0.3701,"zweitstimme_top_party":"cdu","zweitstimme_top_share":0.3333,"turnout":0.694474505559999,"eligible_voters":191277.0,"erststimme_top6":[["spd",0.3701],["cdu",0.3671],["gruene",0.1028],["linke_pds",0.0653],["afd",0.0296],["piraten",0.0256]],"zweitstimme_top6":[["cdu",0.3333],["spd",0.3097],["gruene",0.122],["linke_pds",0.0814],["fdp",0.055],["afd",0.0408]]},"geometry":{"type":"Polygon","coordinates":[[[6.954406245648475,50.952888236204195],[6.962133675334865,50.944611833317985],[7.08615579297588,50.957922876254635],[7.111741842851643,50.94294236860693],[7.132263165925454,50.94368406084337],[7.140749296144323,50.887512195500975],[7.160067078362818,50.86714995418359],[7.079735020223109,50.83084131511875],[7.062489008076158,50.83051868188197],[7.051240393937996,50.85012063308803],[7.004165446874958,50.83688481168526],[6.980799987142995,50.841011646952644],[7.034647170248456,50.8859247930044],[7.048703181934134,50.888007044155316],[7.053190522193346,50.903307495182986],[6.991292408137292,50.906557669057385],[6.937041420646302,50.93735303670366],[6.905202493807901,50.936744465363724],[6.925377010264441,50.95384936425398],[6.954406245648475,50.952888236204195]]]}},{"type":"Feature","properties":{"wkr_nr":94,"wkr_name":"Köln II","state_name":"Nordrhein-Westfalen","elected_party":"cdu","elected_party_share":0.3997,"zweitstimme_top_party":"cdu","zweitstimme_top_share":0.3547,"turnout":0.78999476659889,"eligible_voters":233118.0,"erststimme_top6":[["cdu",0.3997],["spd",0.3283],["gruene",0.1447],["linke_pds",0.0521],["fdp",0.0261],["afd",0.021]],"zweitstimme_top6":[["cdu",0.3547],["spd",0.2633],["gruene",0.1565],["fdp",0.0813],["linke_pds",0.0693],["afd",0.0325]]},"geometry":{"type":"Polygon","coordinates":[[[6.830559597077442,50.971793677519535],[6.844913311753732,50.9717198117128],[6.852841222132114,50.951567934592035],[6.879976838696747,50.93814188062198],[6.905202493807901,50.936744465363724],[6.937041420646302,50.93735303670366],[6.991292408137292,50.906557669057385],[7.053190522193346,50.903307495182986],[7.048703181934134,50.888007044155316],[7.034647170248456,50.8859247930044],[6.980799987142995,50.841011646952644],[6.918810052997039,50.85020741800762],[6.919456544357703,50.893536482992424],[6.879649213559873,50.91166102787561],[6.860655586456346,50.903931583104736],[6.817275991449713,50.932854280547765],[6.80878580056166,50.94854421305071],[6.830559597077442,50.971793677519535]]]}},{"type":"Feature","properties":{"wkr_nr":95,"wkr_name":"Köln III","state_name":"Nordrhein-Westfalen","elected_party":"spd","elected_party_share":0.3932,"zweitstimme_top_party":"spd","zweitstimme_top_share":0.3152,"turnout":0.70182545735482,"eligible_voters":201922.0,"erststimme_top6":[["spd",0.3932],["cdu",0.3287],["gruene",0.1289],["linke_pds",0.0778],["piraten",0.0297],["fdp",0.0226]],"zweitstimme_top6":[["spd",0.3152],["cdu",0.3057],["gruene",0.149],["linke_pds",0.0923],["fdp",0.0452],["afd",0.0322]]},"geometry":{"type":"Polygon","coordinates":[[[6.897883480645363,51.06523311352967],[6.921824106554736,51.05242695845623],[6.966154117854348,51.03102194252964],[6.97222885198553,51.01425038122928],[6.956903107342313,50.998173156419],[6.995234636685262,50.97224332896797],[6.954406245648475,50.952888236204195],[6.925377010264441,50.95384936425398],[6.905202493807901,50.936744465363724],[6.879976838696747,50.93814188062198],[6.852841222132114,50.951567934592035],[6.844913311753732,50.9717198117128],[6.830559597077442,50.971793677519535],[6.843037138222964,50.98701928942249],[6.840190925358877,51.02892694180581],[6.82022147643562,51.03829473403164],[6.798221891040778,51.03724222895485],[6.773782839698042,51.06429353898306],[6.790844537096929,51.06742550920387],[6.813350909951255,51.04612683238138],[6.833958718457986,51.05971958832494],[6.824636828069703,51.074568830396224],[6.853011103356157,51.084320756907445],[6.860527547674417,51.07367601072797],[6.897883480645363,51.06523311352967]]]}},{"type":"Feature","properties":{"wkr_nr":96,"wkr_name":"Bonn","state_name":"Nordrhein-Westfalen","elected_party":"spd","elected_party_share":0.3815,"zweitstimme_top_party":"cdu","zweitstimme_top_share":0.3628,"turnout":0.772733092848596,"eligible_voters":226487.0,"erststimme_top6":[["spd",0.3815],["cdu",0.3747],["gruene",0.0856],["fdp",0.0603],["linke_pds",0.0435],["afd",0.0253]],"zweitstimme_top6":[["cdu",0.3628],["spd",0.2592],["gruene",0.1367],["fdp",0.0832],["linke_pds",0.0634],["afd",0.0427]]},"geometry":{"type":"Polygon","coordinates":[[[7.125219888342256,50.77439756406946],[7.142739491897173,50.767266980208305],[7.209453772065456,50.73681968891551],[7.168199676699365,50.703574033848334],[7.210729711017176,50.64974464869625],[7.203148115387571,50.64972356494365],[7.195252868972672,50.642612580608635],[7.181207442915741,50.65225665726196],[7.106747240397011,50.65875110910663],[7.074759552792771,50.640616654816206],[7.051363310692738,50.63952691878695],[7.035573899289401,50.6503657374445],[7.044008456534433,50.6742691400144],[7.02994586299016,50.72592621919685],[7.037123791772148,50.75528161367149],[7.067106541592332,50.771293980197576],[7.10088252495737,50.76164425047469],[7.125219888342256,50.77439756406946]]]}},{"type":"Feature","properties":{"wkr_nr":97,"wkr_name":"Rhein-Sieg-Kreis I","state_name":"Nordrhein-Westfalen","elected_party":"cdu","elected_party_share":0.4962,"zweitstimme_top_party":"cdu","zweitstimme_top_share":0.4345,"turnout":0.736646513949748,"eligible_voters":234377.0,"erststimme_top6":[["cdu",0.4962],["spd",0.295],["gruene",0.0639],["linke_pds",0.0466],["afd",0.0324],["fdp",0.0245]],"zweitstimme_top6":[["cdu",0.4345],["spd",0.2698],["gruene",0.082],["fdp",0.0632],["linke_pds",0.0556],["afd",0.044]]},"geometry":{"type":"Polygon","coordinates":[[[7.398655450870359,50.94971893736202],[7.412277123218767,50.94651141799035],[7.444465310365918,50.94501249557796],[7.470962770829527,50.924002591275254],[7.479161287017358,50.91028472674818],[7.470618313569144,50.879696548383656],[7.493243763876681,50.87047731746814],[7.529347219289101,50.83347556414136],[7.620057230967693,50.82030972068965],[7.647158692572101,50.83496870932491],[7.659583733618945,50.820244793331184],[7.679378797012105,50.809646258402644],[7.682730867630251,50.794229714115595],[7.655231770610439,50.767917395376244],[7.59965490643201,50.7671670825477],[7.589620647060943,50.756619581704065],[7.478947663277276,50.718298348142724],[7.439005737208087,50.71170492109632],[7.377193361613953,50.71635788647598],[7.357692373272913,50.69806069653408],[7.34150707835826,50.69724889469291],[7.290451598527056,50.732921699684525],[7.256401160120496,50.73564966945803],[7.23011024811327,50.75082599468055],[7.242043550424164,50.761055509012515],[7.242791984737553,50.79049818855649],[7.231256027222736,50.791222788072695],[7.219345651604859,50.77961073586873],[7.179363261014815,50.79944019241638],[7.146086612981204,50.79515501010168],[7.125219888342256,50.77439756406946],[7.10088252495737,50.76164425047469],[7.067106541592332,50.771293980197576],[7.037282654698945,50.78425454471845],[7.030076350237615,50.80024759409209],[7.025729721409267,50.817763473250025],[6.987125070354369,50.82722697371175],[6.980799987142995,50.841011646952644],[7.004165446874958,50.83688481168526],[7.051240393937996,50.85012063308803],[7.062489008076158,50.83051868188197],[7.079735020223109,50.83084131511875],[7.160067078362818,50.86714995418359],[7.227669180957782,50.90103965062083],[7.247494528925092,50.928463744337904],[7.276052696444112,50.91101154793972],[7.301099105882487,50.90679216583857],[7.342007706369138,50.91175007544138],[7.386988546268352,50.93509298854898],[7.398655450870359,50.94971893736202]]]}},{"type":"Feature","properties":{"wkr_nr":98,"wkr_name":"Rhein-Sieg-Kreis II","state_name":"Nordrhein-Westfalen","elected_party":"cdu","elected_party_share":0.5236,"zweitstimme_top_party":"cdu","zweitstimme_top_share":0.4534,"turnout":0.770074512023425,"eligible_voters":213791.0,"erststimme_top6":[["cdu",0.5236],["spd",0.2715],["gruene",0.0722],["linke_pds",0.0335],["afd",0.0311],["fdp",0.0311]],"zweitstimme_top6":[["cdu",0.4534],["spd",0.2429],["gruene",0.0867],["fdp",0.0827],["linke_pds",0.0456],["afd",0.0452]]},"geometry":{"type":"MultiPolygon","coordinates":[[[[7.179363261014795,50.79944019241636],[7.219345651604846,50.7796107358687],[7.231256027222784,50.79122278807267],[7.242791984737558,50.790498188556484],[7.242043550424208,50.76105550901254],[7.230110248113224,50.750825994680554],[7.25640116012047,50.73564966945801],[7.290451598527038,50.73292169968453],[7.341507078358307,50.69724889469293],[7.357692373272893,50.698060696534085],[7.372112000999837,50.681809263223705],[7.356341999731412,50.64780411733322],[7.281567180174657,50.628319146873224],[7.211921801297605,50.623395857898146],[7.210729711017122,50.649744648696256],[7.168199676699406,50.703574033848305],[7.209453772065426,50.73681968891551],[7.14273949189718,50.76726698020832],[7.125219888342214,50.77439756406942],[7.146086612981177,50.79515501010165],[7.179363261014795,50.79944019241636]]],[[[7.037123791772173,50.75528161367152],[7.029945862990136,50.725926219196815],[7.044008456534389,50.6742691400144],[7.035573899289431,50.65036573744455],[7.051363310692747,50.639526918786984],[7.074759552792725,50.64061665481623],[7.106747240396958,50.658751109106625],[7.181207442915735,50.65225665726196],[7.195252868972672,50.64261258060865],[7.189256103754852,50.6236751207704],[7.173379007341707,50.61259521699785],[7.111599117612518,50.6019543933056],[7.094044819973051,50.58606651890963],[7.049219803955099,50.6034121136481],[6.997733785762606,50.564826359928894],[6.972006810863971,50.55608091639002],[6.95103022187381,50.563453221472464],[6.927914467266454,50.55875611789859],[6.891102024183768,50.57467376557228],[6.884657348158099,50.59407396841336],[6.916301121170301,50.62918958653663],[6.878281348580746,50.63676471262971],[6.863257369250225,50.65153726691218],[6.867967136815214,50.706771548682624],[6.897781781271096,50.71601728000668],[6.915715527473019,50.7342284013076],[6.902219114702035,50.75041152526581],[6.882299692606344,50.74609028434863],[6.872657896408817,50.75293144617462],[6.864039244384625,50.78488526695814],[6.908495217051967,50.80281604897934],[6.946852938171333,50.80292253640626],[7.030076350237602,50.8002475940921],[7.037282654698975,50.784254544718415],[7.06710654159234,50.771293980197534],[7.037123791772173,50.75528161367152]]]]}},{"type":"Feature","properties":{"wkr_nr":99,"wkr_name":"Oberbergischer Kreis","state_name":"Nordrhein-Westfalen","elected_party":"cdu","elected_party_share":0.5224,"zweitstimme_top_party":"cdu","zweitstimme_top_share":0.4528,"turnout":0.720577420802812,"eligible_voters":209414.0,"erststimme_top6":[["cdu",0.5224],["spd",0.3007],["gruene",0.0515],["linke_pds",0.0428],["afd",0.0299],["fdp",0.0217]],"zweitstimme_top6":[["cdu",0.4528],["spd",0.2698],["gruene",0.0695],["fdp",0.0567],["linke_pds",0.0541],["afd",0.0503]]},"geometry":{"type":"Polygon","coordinates":[[[7.306938587401439,51.23989540349747],[7.338859007129249,51.246197896876254],[7.340121127099182,51.23910967695476],[7.353227319496964,51.238740389385725],[7.364640306232448,51.24575445328819],[7.392883356706888,51.245859820291145],[7.428944339450871,51.22498301052149],[7.432440422897864,51.214373571285456],[7.420512061316305,51.18858857459011],[7.494229559366661,51.12720938545795],[7.502863045755706,51.102938946759004],[7.582246642692792,51.10564475994308],[7.599533293323414,51.09980340143402],[7.600774577155897,51.08169414166944],[7.626336317833545,51.06880822151878],[7.687490648294214,51.083273276069654],[7.713649318604357,51.073162070105134],[7.703830311021159,51.06224821569848],[7.733197688240493,51.033058489248546],[7.725588842624449,50.9975830723958],[7.748712519309271,50.97785044554011],[7.781411270091336,50.979891172874545],[7.786470192689182,50.94005658453001],[7.74355247783002,50.91362234358348],[7.762502548211428,50.84447729598699],[7.735946533165022,50.8473652612877],[7.7001027398578,50.825668314527434],[7.659583733618945,50.820244793331184],[7.647158692572101,50.83496870932491],[7.620057230967693,50.82030972068965],[7.529347219289101,50.83347556414136],[7.493243763876681,50.87047731746814],[7.470618313569144,50.879696548383656],[7.479161287017358,50.91028472674818],[7.470962770829527,50.924002591275254],[7.444465310365918,50.94501249557796],[7.412277123218767,50.94651141799035],[7.398655450870359,50.94971893736202],[7.387681755045771,50.95872388846148],[7.367484551099482,50.95668878807571],[7.342972936916753,50.96536927006554],[7.325312189294518,50.978334949022766],[7.288767646664461,50.977098189751715],[7.284022387680223,50.97102721448807],[7.251859405886065,50.986623335522424],[7.317755373110334,51.035918117651036],[7.33980473703718,51.070635688328544],[7.316874817509358,51.07911854340489],[7.300079528330985,51.06899851396594],[7.275920857385018,51.080902409101],[7.269545758101331,51.14602893459042],[7.287034299444676,51.14383419267169],[7.296855653506151,51.15111587592691],[7.308913303242965,51.18927528292528],[7.295910044065679,51.205699050394514],[7.306938587401439,51.23989540349747]]]}},{"type":"Feature","properties":{"wkr_nr":100,"wkr_name":"Rheinisch-Bergischer Kreis","state_name":"Nordrhein-Westfalen","elected_party":"cdu","elected_party_share":0.5848,"zweitstimme_top_party":"cdu","zweitstimme_top_share":0.4369,"turnout":0.781515983254318,"eligible_voters":216414.0,"erststimme_top6":[["cdu",0.5848],["spd",0.25],["gruene",0.0684],["linke_pds",0.0411],["afd",0.0281],["fdp",0.0175]],"zweitstimme_top6":[["cdu",0.4369],["spd",0.2607],["gruene",0.0901],["fdp",0.0696],["linke_pds",0.0505],["afd",0.0474]]},"geometry":{"type":"Polygon","coordinates":[[[7.165870582015685,51.1536813011163],[7.227428682853162,51.15945678084589],[7.269545758101331,51.14602893459042],[7.275920857385018,51.080902409101],[7.300079528330985,51.06899851396594],[7.316874817509358,51.07911854340489],[7.33980473703718,51.070635688328544],[7.317755373110334,51.035918117651036],[7.251859405886065,50.986623335522424],[7.284022387680223,50.97102721448807],[7.288767646664461,50.977098189751715],[7.325312189294518,50.978334949022766],[7.342972936916753,50.96536927006554],[7.367484551099482,50.95668878807571],[7.387681755045771,50.95872388846148],[7.398655450870359,50.94971893736202],[7.386988546268352,50.93509298854898],[7.342007706369138,50.91175007544138],[7.301099105882487,50.90679216583857],[7.276052696444112,50.91101154793972],[7.247494528925092,50.928463744337904],[7.227669180957782,50.90103965062083],[7.160067078362818,50.86714995418359],[7.140749296144323,50.887512195500975],[7.132263165925454,50.94368406084337],[7.111741842851643,50.94294236860693],[7.08615579297588,50.957922876254635],[7.101295153328618,50.96825536617316],[7.097917915820499,50.9812547652546],[7.068688787567745,50.98971640032584],[7.068360146679525,51.01867144681392],[7.098233790172932,51.03080967888865],[7.116028161516828,51.05821920950502],[7.114343792158754,51.063508109679724],[7.068486906201985,51.06878500846017],[7.057762612988653,51.07726299893862],[7.073910988317947,51.09660996452868],[7.057277134209593,51.09587669470698],[7.031640735325436,51.09342219706179],[7.010347745092265,51.081213079799646],[6.98896900718712,51.09119464263288],[6.997951110183156,51.11987225518127],[7.035346761842487,51.13198865647325],[7.097184301131327,51.13836322854244],[7.118459687050721,51.132424808338826],[7.11989096608565,51.122496955101695],[7.154388920116772,51.11916006237465],[7.173323512934219,51.12461700499258],[7.165870582015685,51.1536813011163]]]}},{"type":"Feature","properties":{"wkr_nr":101,"wkr_name":"Leverkusen - Köln IV","state_name":"Nordrhein-Westfalen","elected_party":"spd","elected_party_share":0.4135,"zweitstimme_top_party":"cdu","zweitstimme_top_share":0.3563,"turnout":0.700753860381694,"eligible_voters":214098.0,"erststimme_top6":[["spd",0.4135],["cdu",0.3934],["gruene",0.0716],["linke_pds",0.0578],["fdp",0.0233],["npd",0.0166]],"zweitstimme_top6":[["cdu",0.3563],["spd",0.3268],["gruene",0.0962],["linke_pds",0.0715],["fdp",0.0486],["afd",0.0391]]},"geometry":{"type":"Polygon","coordinates":[[[6.98896900718712,51.09119464263288],[7.010347745092265,51.081213079799646],[7.031640735325436,51.09342219706179],[7.057277134209593,51.09587669470698],[7.073910988317947,51.09660996452868],[7.057762612988653,51.07726299893862],[7.068486906201985,51.06878500846017],[7.114343792158754,51.063508109679724],[7.116028161516828,51.05821920950502],[7.098233790172932,51.03080967888865],[7.068360146679525,51.01867144681392],[7.068688787567745,50.98971640032584],[7.097917915820499,50.9812547652546],[7.101295153328618,50.96825536617316],[7.08615579297588,50.957922876254635],[6.962133675334865,50.944611833317985],[6.954406245648475,50.952888236204195],[6.995234636685262,50.97224332896797],[6.956903107342313,50.998173156419],[6.97222885198553,51.01425038122928],[6.966154117854348,51.03102194252964],[6.921824106554736,51.05242695845623],[6.897883480645363,51.06523311352967],[6.942360247254308,51.071513359373405],[6.974329216899513,51.06766423735813],[6.988449932017323,51.07387832010476],[6.98896900718712,51.09119464263288]]]}},{"type":"Feature","properties":{"wkr_nr":102,"wkr_name":"Wuppertal I","state_name":"Nordrhein-Westfalen","elected_party":"spd","elected_party_share":0.4073,"zweitstimme_top_party":"cdu","zweitstimme_top_share":0.3298,"turnout":0.684669594429743,"eligible_voters":213132.0,"erststimme_top6":[["spd",0.4073],["cdu",0.3656],["linke_pds",0.0767],["gruene",0.0711],["fdp",0.0301],["piraten",0.0297]],"zweitstimme_top6":[["cdu",0.3298],["spd",0.324],["gruene",0.0995],["linke_pds",0.0868],["fdp",0.057],["afd",0.0416]]},"geometry":{"type":"Polygon","coordinates":[[[7.262416695361841,51.304299276036666],[7.267840443206019,51.25577655427412],[7.306938587401439,51.23989540349747],[7.295910044065679,51.205699050394514],[7.2656587918522,51.20918275671462],[7.237710225699386,51.22521899281187],[7.235841267567765,51.23595657873571],[7.207115940278634,51.24245991051211],[7.172438024433822,51.23034158796492],[7.099460367347241,51.229925047360936],[7.092233793479238,51.22046698676012],[7.048461517521827,51.20899836936189],[7.038656321132397,51.21857001743784],[7.040852065213454,51.254818767106826],[7.062022207130593,51.25768824657763],[7.103723701443293,51.30144626323032],[7.166994645873912,51.31298149365057],[7.176696343444577,51.29808025948444],[7.197771425845833,51.294412639892506],[7.24851307924957,51.31485442172122],[7.263822542268946,51.31816107032572],[7.265894573541418,51.31109232394347],[7.262416695361841,51.304299276036666]]]}},{"type":"Feature","properties":{"wkr_nr":103,"wkr_name":"Solingen - Remscheid - Wuppertal II","state_name":"Nordrhein-Westfalen","elected_party":"cdu","elected_party_share":0.4431,"zweitstimme_top_party":"cdu","zweitstimme_top_share":0.3901,"turnout":0.711706771273279,"eligible_voters":226117.0,"erststimme_top6":[["cdu",0.4431],["spd",0.3338],["gruene",0.0715],["linke_pds",0.0582],["afd",0.0365],["piraten",0.0279]],"zweitstimme_top6":[["cdu",0.3901],["spd",0.3026],["gruene",0.0797],["linke_pds",0.0675],["fdp",0.0607],["afd",0.0431]]},"geometry":{"type":"Polygon","coordinates":[[[7.235841267567765,51.23595657873571],[7.237710225699386,51.22521899281187],[7.2656587918522,51.20918275671462],[7.295910044065679,51.205699050394514],[7.308913303242965,51.18927528292528],[7.296855653506151,51.15111587592691],[7.287034299444676,51.14383419267169],[7.269545758101331,51.14602893459042],[7.227428682853162,51.15945678084589],[7.165870582015685,51.1536813011163],[7.173323512934219,51.12461700499258],[7.154388920116772,51.11916006237465],[7.11989096608565,51.122496955101695],[7.118459687050721,51.132424808338826],[7.097184301131327,51.13836322854244],[7.035346761842487,51.13198865647325],[6.997951110183156,51.11987225518127],[6.994270361558657,51.14464885913745],[6.950915354628765,51.14686197153648],[6.955480406722016,51.15753032266859],[7.026456891823024,51.1879829837113],[7.048461517521827,51.20899836936189],[7.092233793479238,51.22046698676012],[7.099460367347241,51.229925047360936],[7.172438024433822,51.23034158796492],[7.207115940278634,51.24245991051211],[7.235841267567765,51.23595657873571]]]}},{"type":"Feature","properties":{"wkr_nr":104,"wkr_name":"Mettmann I","state_name":"Nordrhein-Westfalen","elected_party":"cdu","elected_party_share":0.4954,"zweitstimme_top_party":"cdu","zweitstimme_top_share":0.4297,"turnout":0.75145939950575,"eligible_voters":205564.0,"erststimme_top6":[["cdu",0.4954],["spd",0.346],["gruene",0.0507],["linke_pds",0.0373],["afd",0.0307],["piraten",0.0205]],"zweitstimme_top6":[["cdu",0.4297],["spd",0.2824],["gruene",0.0765],["fdp",0.0632],["linke_pds",0.0511],["afd",0.0508]]},"geometry":{"type":"Polygon","coordinates":[[[6.935540119308411,51.27610451441908],[6.980637677247135,51.29481606035901],[7.006026942599207,51.28703445528311],[7.040852065213454,51.254818767106826],[7.038656321132397,51.21857001743784],[7.048461517521827,51.20899836936189],[7.026456891823024,51.1879829837113],[6.955480406722016,51.15753032266859],[6.950915354628765,51.14686197153648],[6.994270361558657,51.14464885913745],[6.997951110183156,51.11987225518127],[6.98896900718712,51.09119464263288],[6.988449932017323,51.07387832010476],[6.974329216899513,51.06766423735813],[6.942360247254308,51.071513359373405],[6.897883480645363,51.06523311352967],[6.860527547674417,51.07367601072797],[6.853011103356157,51.084320756907445],[6.884106344322135,51.10547142640088],[6.856157586263473,51.126389479611056],[6.898959605695966,51.124413353284325],[6.925386914123063,51.1366386204401],[6.891268039697871,51.1591180160018],[6.918322753638075,51.19246452184026],[6.911616267596917,51.21072113541636],[6.878196579318987,51.21466567466275],[6.872175554240344,51.2228303089195],[6.87132796067803,51.24158818090003],[6.9265324420676,51.242617852339585],[6.935540119308411,51.27610451441908]]]}},{"type":"Feature","properties":{"wkr_nr":105,"wkr_name":"Mettmann II","state_name":"Nordrhein-Westfalen","elected_party":"cdu","elected_party_share":0.4557,"zweitstimme_top_party":"cdu","zweitstimme_top_share":0.4131,"turnout":0.74345138465071,"eligible_voters":165493.0,"erststimme_top6":[["cdu",0.4557],["spd",0.3715],["gruene",0.0493],["linke_pds",0.0426],["afd",0.0322],["piraten",0.0247]],"zweitstimme_top6":[["cdu",0.4131],["spd",0.3089],["gruene",0.0691],["fdp",0.061],["linke_pds",0.0546],["afd",0.0471]]},"geometry":{"type":"Polygon","coordinates":[[[7.117410051307381,51.38107159499476],[7.133273289782104,51.37779078244212],[7.149929185056931,51.37671950598884],[7.156212715141367,51.368439910643865],[7.149105198154037,51.3432238118516],[7.166994645873912,51.31298149365057],[7.103723701443293,51.30144626323032],[7.062022207130593,51.25768824657763],[7.040852065213454,51.254818767106826],[7.006026942599207,51.28703445528311],[6.980637677247135,51.29481606035901],[6.935540119308411,51.27610451441908],[6.895833327586826,51.264595560202466],[6.803528786358609,51.27899891602983],[6.805863928899491,51.35012043467682],[6.830148127380955,51.352323173301926],[6.904970235524541,51.36782260117956],[6.930283899404409,51.34857752768702],[6.964727110485674,51.34760476566131],[7.010226458494478,51.3617162721019],[7.089840151675597,51.36875420606137],[7.105033925877622,51.376828049024226],[7.117410051307381,51.38107159499476]]]}},{"type":"Feature","properties":{"wkr_nr":106,"wkr_name":"Düsseldorf I","state_name":"Nordrhein-Westfalen","elected_party":"cdu","elected_party_share":0.4786,"zweitstimme_top_party":"cdu","zweitstimme_top_share":0.4031,"turnout":0.75393464267277,"eligible_voters":218889.0,"erststimme_top6":[["cdu",0.4786],["spd",0.2921],["gruene",0.0822],["linke_pds",0.053],["fdp",0.0357],["afd",0.0307]],"zweitstimme_top6":[["cdu",0.4031],["spd",0.2644],["gruene",0.0944],["fdp",0.0916],["linke_pds",0.0642],["afd",0.0421]]},"geometry":{"type":"Polygon","coordinates":[[[6.776389026178198,51.34383921376151],[6.805863928899491,51.35012043467682],[6.803528786358609,51.27899891602983],[6.895833327586826,51.264595560202466],[6.935540119308411,51.27610451441908],[6.9265324420676,51.242617852339585],[6.87132796067803,51.24158818090003],[6.872175554240344,51.2228303089195],[6.757041899175049,51.2257578029994],[6.722676664064665,51.223431680712196],[6.69882756087445,51.23518552758012],[6.727336514129219,51.25680342988846],[6.702191340429235,51.271079882205],[6.734588281726923,51.31243287134195],[6.71443382620288,51.33297994582417],[6.747897052469549,51.35247311603218],[6.776389026178198,51.34383921376151]]]}},{"type":"Feature","properties":{"wkr_nr":107,"wkr_name":"Düsseldorf II","state_name":"Nordrhein-Westfalen","elected_party":"cdu","elected_party_share":0.4075,"zweitstimme_top_party":"cdu","zweitstimme_top_share":0.3698,"turnout":0.710267515923567,"eligible_voters":196250.0,"erststimme_top6":[["cdu",0.4075],["spd",0.3498],["linke_pds",0.0912],["gruene",0.0751],["fdp",0.029],["piraten",0.028]],"zweitstimme_top6":[["cdu",0.3698],["spd",0.3024],["gruene",0.0971],["linke_pds",0.0775],["fdp",0.0578],["afd",0.0423]]},"geometry":{"type":"Polygon","coordinates":[[[6.722676664064665,51.223431680712196],[6.757041899175049,51.2257578029994],[6.872175554240344,51.2228303089195],[6.878196579318987,51.21466567466275],[6.911616267596917,51.21072113541636],[6.918322753638075,51.19246452184026],[6.891268039697871,51.1591180160018],[6.925386914123063,51.1366386204401],[6.898959605695966,51.124413353284325],[6.856157586263473,51.126389479611056],[6.848163495261096,51.13837206711232],[6.855086480132492,51.16000973535039],[6.839684954942385,51.16206185241335],[6.814261842282738,51.143909625522966],[6.798374453667801,51.145348560906214],[6.79427348768234,51.179494219988825],[6.78171679022631,51.18537683572855],[6.733607536169434,51.18574059769759],[6.722676664064665,51.223431680712196]]]}},{"type":"Feature","properties":{"wkr_nr":108,"wkr_name":"Neuss I","state_name":"Nordrhein-Westfalen","elected_party":"cdu","elected_party_share":0.5159,"zweitstimme_top_party":"cdu","zweitstimme_top_share":0.4547,"turnout":0.719636184032729,"eligible_voters":214614.0,"erststimme_top6":[["cdu",0.5159],["spd",0.3056],["gruene",0.0474],["linke_pds",0.0392],["afd",0.0272],["piraten",0.0255]],"zweitstimme_top6":[["cdu",0.4547],["spd",0.2788],["fdp",0.0616],["gruene",0.0613],["linke_pds",0.0498],["afd",0.0411]]},"geometry":{"type":"Polygon","coordinates":[[[6.69882756087445,51.23518552758012],[6.722676664064665,51.223431680712196],[6.733607536169434,51.18574059769759],[6.78171679022631,51.18537683572855],[6.79427348768234,51.179494219988825],[6.798374453667801,51.145348560906214],[6.814261842282738,51.143909625522966],[6.839684954942385,51.16206185241335],[6.855086480132492,51.16000973535039],[6.848163495261096,51.13837206711232],[6.856157586263473,51.126389479611056],[6.884106344322135,51.10547142640088],[6.853011103356157,51.084320756907445],[6.824636828069703,51.074568830396224],[6.833958718457986,51.05971958832494],[6.813350909951255,51.04612683238138],[6.790844537096929,51.06742550920387],[6.773782839698042,51.06429353898306],[6.756630497553977,51.06484900785221],[6.715438214769465,51.0153318040646],[6.565752623866556,51.02172032641332],[6.550238166491875,51.03509728108782],[6.557518068377371,51.051548187037824],[6.525810480474098,51.05718757001944],[6.532054701995994,51.08984514875306],[6.574303962741835,51.114601780046506],[6.586145039019304,51.15200352143394],[6.607650665287159,51.141884650290635],[6.626684188333382,51.16506979908373],[6.638943530955157,51.2304237773836],[6.69882756087445,51.23518552758012]]]}},{"type":"Feature","properties":{"wkr_nr":109,"wkr_name":"Mönchengladbach","state_name":"Nordrhein-Westfalen","elected_party":"cdu","elected_party_share":0.5083,"zweitstimme_top_party":"cdu","zweitstimme_top_share":0.4369,"turnout":0.662038863169258,"eligible_voters":192676.0,"erststimme_top6":[["cdu",0.5083],["spd",0.2919],["linke_pds",0.0623],["gruene",0.0608],["afd",0.0339],["fdp",0.0227]],"zweitstimme_top6":[["cdu",0.4369],["spd",0.2815],["linke_pds",0.0642],["gruene",0.0619],["fdp",0.0589],["afd",0.0417]]},"geometry":{"type":"Polygon","coordinates":[[[6.477680604911319,51.23644571345063],[6.52259905479669,51.22579099696858],[6.490782863844239,51.227741708447184],[6.487908903229324,51.21084306898588],[6.497643271495302,51.17496093897583],[6.522014262797543,51.17853486537882],[6.532578807939721,51.15341658985706],[6.526838537662442,51.14259491411765],[6.514462001032954,51.13987084027275],[6.512617120815118,51.147134320696274],[6.491520073855379,51.14985348036761],[6.469725307979162,51.1396713626341],[6.436045041522629,51.10078831605025],[6.444248796037984,51.08946339197299],[6.423663653046863,51.085622918678226],[6.360697758867794,51.09545879034503],[6.349333223830151,51.11227845853153],[6.355872605746757,51.12607196665357],[6.291021311831925,51.175380065879345],[6.305448062254626,51.18113849482096],[6.330027380462188,51.221860582978806],[6.417473399189831,51.22010240836487],[6.458133461126534,51.2477234402963],[6.477680604911319,51.23644571345063]]]}},{"type":"Feature","properties":{"wkr_nr":110,"wkr_name":"Krefeld I - Neuss II","state_name":"Nordrhein-Westfalen","elected_party":"cdu","elected_party_share":0.4908,"zweitstimme_top_party":"cdu","zweitstimme_top_share":0.4471,"turnout":0.746765642618346,"eligible_voters":202204.0,"erststimme_top6":[["cdu",0.4908],["spd",0.3094],["gruene",0.0583],["linke_pds",0.0413],["fdp",0.0365],["afd",0.0244]],"zweitstimme_top6":[["cdu",0.4471],["spd",0.2742],["fdp",0.073],["gruene",0.069],["linke_pds",0.052],["afd",0.0385]]},"geometry":{"type":"Polygon","coordinates":[[[6.635576041638616,51.393289502755],[6.651230319224204,51.3837489104747],[6.673266725585043,51.38674372797554],[6.654317051648382,51.35745317732451],[6.660251252805601,51.34834125895664],[6.705602729906905,51.33651932853864],[6.71443382620288,51.33297994582417],[6.734588281726923,51.31243287134195],[6.702191340429235,51.271079882205],[6.727336514129219,51.25680342988846],[6.69882756087445,51.23518552758012],[6.638943530955157,51.2304237773836],[6.626684188333382,51.16506979908373],[6.607650665287159,51.141884650290635],[6.586145039019304,51.15200352143394],[6.574303962741835,51.114601780046506],[6.532054701995994,51.08984514875306],[6.525810480474098,51.05718757001944],[6.491470303682537,51.04691744240209],[6.480257572662859,51.03412173953506],[6.459060800744575,51.042996483217635],[6.477104113059641,51.05605944187642],[6.444248796037984,51.08946339197299],[6.436045041522629,51.10078831605025],[6.469725307979162,51.1396713626341],[6.491520073855379,51.14985348036761],[6.512617120815118,51.147134320696274],[6.514462001032954,51.13987084027275],[6.526838537662442,51.14259491411765],[6.532578807939721,51.15341658985706],[6.522014262797543,51.17853486537882],[6.497643271495302,51.17496093897583],[6.487908903229324,51.21084306898588],[6.490782863844239,51.227741708447184],[6.52259905479669,51.22579099696858],[6.530372400261882,51.22265751475397],[6.625612083592266,51.250566326105925],[6.596206255749491,51.26158170223318],[6.585519296944896,51.2859808157391],[6.525367470617415,51.28913515756466],[6.509900730852133,51.339512003428595],[6.519403913953261,51.34884188101397],[6.565533965072071,51.33701503331655],[6.615190717290925,51.34995937419546],[6.634833396468633,51.36315113787556],[6.626242031654362,51.38253843722165],[6.635576041638616,51.393289502755]]]}},{"type":"Feature","properties":{"wkr_nr":111,"wkr_name":"Viersen","state_name":"Nordrhein-Westfalen","elected_party":"cdu","elected_party_share":0.53,"zweitstimme_top_party":"cdu","zweitstimme_top_share":0.4629,"turnout":0.735796091042081,"eligible_voters":227631.0,"erststimme_top6":[["cdu",0.53],["spd",0.285],["gruene",0.0536],["linke_pds",0.0483],["afd",0.0253],["fdp",0.0233]],"zweitstimme_top6":[["cdu",0.4629],["spd",0.266],["gruene",0.067],["fdp",0.0633],["linke_pds",0.0537],["afd",0.0411]]},"geometry":{"type":"Polygon","coordinates":[[[6.516439919929508,51.425083505921044],[6.527517943314722,51.42043500056105],[6.535734969567598,51.40549201493349],[6.524751318971779,51.39855662560886],[6.491475697330007,51.401913501744644],[6.47922279698008,51.392057914282574],[6.486276094872094,51.34662966931447],[6.509900730852133,51.339512003428595],[6.525367470617415,51.28913515756466],[6.585519296944896,51.2859808157391],[6.596206255749491,51.26158170223318],[6.625612083592266,51.250566326105925],[6.530372400261882,51.22265751475397],[6.52259905479669,51.22579099696858],[6.477680604911319,51.23644571345063],[6.458133461126534,51.2477234402963],[6.417473399189831,51.22010240836487],[6.330027380462188,51.221860582978806],[6.305448062254626,51.18113849482096],[6.291021311831925,51.175380065879345],[6.254603110429298,51.188277319593695],[6.211079467569747,51.16679348378531],[6.174842427224149,51.1844112529816],[6.16549859231707,51.194114704940354],[6.105679744909227,51.171942143738264],[6.082900449706103,51.171496259820536],[6.069594945073358,51.21306815219232],[6.085129020045064,51.24732675857671],[6.123872674349732,51.274721358884875],[6.169130239498888,51.33267122782163],[6.224313300099536,51.365342841431804],[6.256844771657318,51.36189396570248],[6.265381903142525,51.354702326864405],[6.30405051269375,51.359903685670346],[6.387315098762837,51.39446454847073],[6.397863347934089,51.412853307559566],[6.461594308102397,51.405615583254196],[6.516439919929508,51.425083505921044]]]}},{"type":"Feature","properties":{"wkr_nr":112,"wkr_name":"Kleve","state_name":"Nordrhein-Westfalen","elected_party":"cdu","elected_party_share":0.5092,"zweitstimme_top_party":"cdu","zweitstimme_top_share":0.486,"turnout":0.716813610659676,"eligible_voters":225823.0,"erststimme_top6":[["cdu",0.5092],["spd",0.3309],["gruene",0.0578],["afd",0.0333],["fdp",0.0314],["piraten",0.0271]],"zweitstimme_top6":[["cdu",0.486],["spd",0.2701],["gruene",0.0615],["fdp",0.0568],["linke_pds",0.0457],["afd",0.0393]]},"geometry":{"type":"Polygon","coordinates":[[[6.407480173625179,51.828142792585574],[6.433592738382783,51.802875502880504],[6.489822829518987,51.81042121995888],[6.506908221927724,51.782755117450684],[6.534144052894941,51.76468302401199],[6.489037444943529,51.74528807097129],[6.489342033591603,51.720597376008214],[6.46074369147215,51.70171889132526],[6.416410894574512,51.71259267445885],[6.407419162157646,51.72066477629466],[6.422466215969268,51.74405168398788],[6.402664087443577,51.75507933370504],[6.397369586295014,51.73440820080072],[6.356951906043415,51.70285026842046],[6.381302534633002,51.684597472888285],[6.354817399170368,51.64550296754414],[6.328049228483826,51.63880099555916],[6.299367597533183,51.64186911954842],[6.374543756087544,51.590228942956365],[6.378302734716938,51.57809894995958],[6.369177771268987,51.57397675813096],[6.377816084103616,51.56549173274305],[6.402179801292291,51.560396427863],[6.418673572524822,51.5675638382451],[6.49770093688787,51.567870241382344],[6.462834331869472,51.55190071686494],[6.486817995568563,51.53840071656009],[6.480543612572506,51.531836677830476],[6.447915300979338,51.52950205381771],[6.478772498484257,51.48121447712757],[6.499015127290634,51.47654480181472],[6.516439919929508,51.425083505921044],[6.461594308102397,51.405615583254196],[6.397863347934089,51.412853307559566],[6.387315098762837,51.39446454847073],[6.30405051269375,51.359903685670346],[6.265381903142525,51.354702326864405],[6.256844771657318,51.36189396570248],[6.224313300099536,51.365342841431804],[6.205973825391879,51.39969694100249],[6.223358164708571,51.46888964023138],[6.21219364971777,51.51362774223803],[6.177138782680888,51.5387103581285],[6.157003791176115,51.56673931367661],[6.091422428003318,51.60593973831806],[6.118209921639272,51.656057413524735],[6.030608301551056,51.67714256516184],[6.026164029731568,51.70903924278187],[6.04490735035929,51.71715861192667],[5.985124887434649,51.739312341215744],[5.978354854580283,51.75985818983756],[5.991923869517966,51.77028711843523],[5.977800750210965,51.797836245910496],[5.944894091709489,51.823409557924485],[5.962533961043944,51.83700744126432],[6.001139957296717,51.83232000061794],[6.05527849334122,51.85218191233334],[6.16617102854411,51.84084584843153],[6.166145174387458,51.861297340026866],[6.136883114985784,51.88587243194364],[6.113763641447932,51.892626179528925],[6.154264296595711,51.90474944999623],[6.169643028149912,51.90143611086671],[6.209954651419868,51.86908182260545],[6.260472880243528,51.86793686708119],[6.2775223661313,51.87465163044092],[6.319385280859239,51.85179144969573],[6.348144071794625,51.85054086961481],[6.407480173625179,51.828142792585574]]]}},{"type":"Feature","properties":{"wkr_nr":113,"wkr_name":"Wesel I","state_name":"Nordrhein-Westfalen","elected_party":"cdu","elected_party_share":0.4346,"zweitstimme_top_party":"cdu","zweitstimme_top_share":0.3933,"turnout":0.742130756440225,"eligible_voters":207485.0,"erststimme_top6":[["cdu",0.4346],["spd",0.3922],["linke_pds",0.0494],["gruene",0.0492],["afd",0.0296],["piraten",0.0234]],"zweitstimme_top6":[["cdu",0.3933],["spd",0.3492],["gruene",0.0641],["linke_pds",0.0596],["fdp",0.0474],["afd",0.0372]]},"geometry":{"type":"Polygon","coordinates":[[[6.489822829518987,51.81042121995888],[6.510595894587175,51.8124933348351],[6.561720131542624,51.792328234529876],[6.592836855319236,51.80215123668039],[6.638768108520449,51.79835192583861],[6.665254187595301,51.783687754684834],[6.721830984711869,51.76844082323681],[6.74518157652306,51.76989059423557],[6.787104572893326,51.74854166476822],[6.858267799154744,51.728931042893734],[6.910418941682193,51.745898572942636],[6.936881309731885,51.702940021886086],[6.902752226249814,51.67111777807406],[6.901464513804822,51.63538687258764],[6.867784656533309,51.63105884186828],[6.870733039620291,51.6213671830844],[6.850658787396008,51.607898392731094],[6.744693760020617,51.5852526452404],[6.721898221138876,51.58828660676318],[6.686469836249523,51.56020372462956],[6.676234618985395,51.539054021993465],[6.690908579706921,51.519127725488005],[6.628192404141538,51.50334495884605],[6.606116722302372,51.52305571488956],[6.58953707758521,51.52227973464773],[6.572822504051827,51.49464053459117],[6.536475529370997,51.47970671102724],[6.499015127290634,51.47654480181472],[6.478772498484257,51.48121447712757],[6.447915300979338,51.52950205381771],[6.480543612572506,51.531836677830476],[6.486817995568563,51.53840071656009],[6.462834331869472,51.55190071686494],[6.49770093688787,51.567870241382344],[6.418673572524822,51.5675638382451],[6.402179801292291,51.560396427863],[6.377816084103616,51.56549173274305],[6.369177771268987,51.57397675813096],[6.378302734716938,51.57809894995958],[6.374543756087544,51.590228942956365],[6.299367597533183,51.64186911954842],[6.328049228483826,51.63880099555916],[6.354817399170368,51.64550296754414],[6.381302534633002,51.684597472888285],[6.356951906043415,51.70285026842046],[6.397369586295014,51.73440820080072],[6.402664087443577,51.75507933370504],[6.422466215969268,51.74405168398788],[6.407419162157646,51.72066477629466],[6.416410894574512,51.71259267445885],[6.46074369147215,51.70171889132526],[6.489342033591603,51.720597376008214],[6.489037444943529,51.74528807097129],[6.534144052894941,51.76468302401199],[6.506908221927724,51.782755117450684],[6.489822829518987,51.81042121995888]]]}},{"type":"Feature","properties":{"wkr_nr":114,"wkr_name":"Krefeld II - Wesel II","state_name":"Nordrhein-Westfalen","elected_party":"spd","elected_party_share":0.4146,"zweitstimme_top_party":"cdu","zweitstimme_top_share":0.3686,"turnout":0.718455800605719,"eligible_voters":182593.0,"erststimme_top6":[["spd",0.4146],["cdu",0.4011],["linke_pds",0.0541],["gruene",0.0533],["fdp",0.0251],["piraten",0.0235]],"zweitstimme_top6":[["cdu",0.3686],["spd",0.3459],["gruene",0.0731],["linke_pds",0.0659],["fdp",0.0558],["afd",0.0392]]},"geometry":{"type":"Polygon","coordinates":[[[6.628192404141538,51.50334495884605],[6.632672527909079,51.50236990801113],[6.66605122882422,51.483263539208295],[6.673353801132885,51.43421237628722],[6.643478231562113,51.41631021601728],[6.635576041638616,51.393289502755],[6.626242031654362,51.38253843722165],[6.634833396468633,51.36315113787556],[6.615190717290925,51.34995937419546],[6.565533965072071,51.33701503331655],[6.519403913953261,51.34884188101397],[6.509900730852133,51.339512003428595],[6.486276094872094,51.34662966931447],[6.47922279698008,51.392057914282574],[6.491475697330007,51.401913501744644],[6.524751318971779,51.39855662560886],[6.535734969567598,51.40549201493349],[6.527517943314722,51.42043500056105],[6.516439919929508,51.425083505921044],[6.499015127290634,51.47654480181472],[6.536475529370997,51.47970671102724],[6.572822504051827,51.49464053459117],[6.58953707758521,51.52227973464773],[6.606116722302372,51.52305571488956],[6.628192404141538,51.50334495884605]]]}},{"type":"Feature","properties":{"wkr_nr":115,"wkr_name":"Duisburg I","state_name":"Nordrhein-Westfalen","elected_party":"spd","elected_party_share":0.4662,"zweitstimme_top_party":"spd","zweitstimme_top_share":0.392,"turnout":0.711440635895879,"eligible_voters":171223.0,"erststimme_top6":[["spd",0.4662],["cdu",0.3216],["linke_pds",0.0736],["gruene",0.051],["npd",0.0385],["piraten",0.0328]],"zweitstimme_top6":[["spd",0.392],["cdu",0.3001],["linke_pds",0.0788],["gruene",0.0693],["afd",0.0516],["fdp",0.0336]]},"geometry":{"type":"Polygon","coordinates":[[[6.673353801132885,51.43421237628722],[6.708954494762756,51.4332871756953],[6.72611914707048,51.44623987975011],[6.737538972951089,51.44331941026265],[6.757243116927568,51.44333356104111],[6.77602614091757,51.43124980212445],[6.818774849350747,51.432394065821],[6.814139858651437,51.37483542584303],[6.830148127380955,51.352323173301926],[6.805863928899491,51.35012043467682],[6.776389026178198,51.34383921376151],[6.747897052469549,51.35247311603218],[6.71443382620288,51.33297994582417],[6.705602729906905,51.33651932853864],[6.660251252805601,51.34834125895664],[6.654317051648382,51.35745317732451],[6.673266725585043,51.38674372797554],[6.651230319224204,51.3837489104747],[6.635576041638616,51.393289502755],[6.643478231562113,51.41631021601728],[6.673353801132885,51.43421237628722]]]}},{"type":"Feature","properties":{"wkr_nr":116,"wkr_name":"Duisburg II","state_name":"Nordrhein-Westfalen","elected_party":"spd","elected_party_share":0.432,"zweitstimme_top_party":"spd","zweitstimme_top_share":0.4295,"turnout":0.636243776451961,"eligible_voters":166103.0,"erststimme_top6":[["spd",0.432],["cdu",0.2958],["linke_pds",0.0861],["gruene",0.0518],["npd",0.0451],["afd",0.0415]],"zweitstimme_top6":[["spd",0.4295],["cdu",0.2657],["linke_pds",0.088],["gruene",0.0516],["afd",0.0514],["npd",0.0337]]},"geometry":{"type":"Polygon","coordinates":[[[6.686469836249523,51.56020372462956],[6.69188078386141,51.55948212327443],[6.746900236898973,51.53619436911094],[6.78423079361294,51.533351203355885],[6.78883745017386,51.51663275076668],[6.821624456631407,51.50468982265049],[6.80990238798077,51.455258982153524],[6.818774849350747,51.432394065821],[6.77602614091757,51.43124980212445],[6.757243116927568,51.44333356104111],[6.737538972951089,51.44331941026265],[6.72611914707048,51.44623987975011],[6.708954494762756,51.4332871756953],[6.673353801132885,51.43421237628722],[6.66605122882422,51.483263539208295],[6.632672527909079,51.50236990801113],[6.628192404141538,51.50334495884605],[6.690908579706921,51.519127725488005],[6.676234618985395,51.539054021993465],[6.686469836249523,51.56020372462956]]]}},{"type":"Feature","properties":{"wkr_nr":117,"wkr_name":"Oberhausen - Wesel III","state_name":"Nordrhein-Westfalen","elected_party":"spd","elected_party_share":0.4507,"zweitstimme_top_party":"spd","zweitstimme_top_share":0.4131,"turnout":0.706628515103521,"eligible_voters":208991.0,"erststimme_top6":[["spd",0.4507],["cdu",0.3229],["gruene",0.0785],["linke_pds",0.0732],["piraten",0.0306],["npd",0.0276]],"zweitstimme_top6":[["spd",0.4131],["cdu",0.301],["linke_pds",0.0805],["gruene",0.0659],["afd",0.0422],["fdp",0.0329]]},"geometry":{"type":"Polygon","coordinates":[[[6.850658787396008,51.607898392731094],[6.852183813184019,51.60550332910187],[6.865733440245056,51.59694941408866],[6.832617989853968,51.57989276593048],[6.868934278503613,51.55216010836096],[6.894201417278259,51.515815261383786],[6.928427352398353,51.497929363160566],[6.901851750225402,51.488678789570244],[6.899833809347809,51.47119266038433],[6.842708623020352,51.45079050132472],[6.80990238798077,51.455258982153524],[6.821624456631407,51.50468982265049],[6.78883745017386,51.51663275076668],[6.78423079361294,51.533351203355885],[6.746900236898973,51.53619436911094],[6.69188078386141,51.55948212327443],[6.686469836249523,51.56020372462956],[6.721898221138876,51.58828660676318],[6.744693760020617,51.5852526452404],[6.850658787396008,51.607898392731094]]]}},{"type":"Feature","properties":{"wkr_nr":118,"wkr_name":"Mülheim - Essen I","state_name":"Nordrhein-Westfalen","elected_party":"spd","elected_party_share":0.4221,"zweitstimme_top_party":"spd","zweitstimme_top_share":0.382,"turnout":0.736184880532707,"eligible_voters":191475.0,"erststimme_top6":[["spd",0.4221],["cdu",0.3556],["gruene",0.0634],["linke_pds",0.0551],["afd",0.0387],["fdp",0.0245]],"zweitstimme_top6":[["spd",0.382],["cdu",0.3387],["gruene",0.0705],["linke_pds",0.0643],["afd",0.0459],["fdp",0.0458]]},"geometry":{"type":"Polygon","coordinates":[[[6.928427352398353,51.497929363160566],[6.987729478562229,51.508595885267304],[6.983948934401262,51.49890070968943],[6.990314492520627,51.48274799569755],[6.95191734768361,51.44897495573533],[6.959483531266097,51.43747399336856],[6.942981099377972,51.395431526409304],[6.904970235524541,51.36782260117956],[6.830148127380955,51.352323173301926],[6.814139858651437,51.37483542584303],[6.818774849350747,51.432394065821],[6.80990238798077,51.455258982153524],[6.842708623020352,51.45079050132472],[6.899833809347809,51.47119266038433],[6.901851750225402,51.488678789570244],[6.928427352398353,51.497929363160566]]]}},{"type":"Feature","properties":{"wkr_nr":119,"wkr_name":"Essen II","state_name":"Nordrhein-Westfalen","elected_party":"spd","elected_party_share":0.483,"zweitstimme_top_party":"spd","zweitstimme_top_share":0.4165,"turnout":0.646568866767483,"eligible_voters":167962.0,"erststimme_top6":[["spd",0.483],["cdu",0.3107],["linke_pds",0.0725],["gruene",0.0503],["piraten",0.0285],["npd",0.027]],"zweitstimme_top6":[["spd",0.4165],["cdu",0.2847],["linke_pds",0.0812],["gruene",0.071],["afd",0.0425],["fdp",0.0338]]},"geometry":{"type":"Polygon","coordinates":[[[6.998892017348845,51.5335744022551],[7.009548299587393,51.532688266082985],[7.019650344950287,51.518321784005224],[7.049658697164467,51.5100912561768],[7.057732277966671,51.4992230258339],[7.102284924411791,51.48110940597971],[7.137237699051309,51.42557083813894],[7.111390809538447,51.405630149630774],[7.031910566832297,51.43357049374724],[6.989714036865466,51.46494930913431],[6.990314492520627,51.48274799569755],[6.983948934401262,51.49890070968943],[6.987729478562229,51.508595885267304],[6.998892017348845,51.5335744022551]]]}},{"type":"Feature","properties":{"wkr_nr":120,"wkr_name":"Essen III","state_name":"Nordrhein-Westfalen","elected_party":"cdu","elected_party_share":0.3954,"zweitstimme_top_party":"cdu","zweitstimme_top_share":0.3626,"turnout":0.771825112932568,"eligible_voters":195692.0,"erststimme_top6":[["cdu",0.3954],["spd",0.3947],["gruene",0.0774],["linke_pds",0.0491],["afd",0.0269],["piraten",0.0212]],"zweitstimme_top6":[["cdu",0.3626],["spd",0.3313],["gruene",0.0971],["linke_pds",0.0658],["fdp",0.0573],["afd",0.0388]]},"geometry":{"type":"Polygon","coordinates":[[[6.95191734768361,51.44897495573533],[6.990314492520627,51.48274799569755],[6.989714036865466,51.46494930913431],[7.031910566832297,51.43357049374724],[7.111390809538447,51.405630149630774],[7.117410051307381,51.38107159499476],[7.105033925877622,51.376828049024226],[7.089840151675597,51.36875420606137],[7.010226458494478,51.3617162721019],[6.964727110485674,51.34760476566131],[6.930283899404409,51.34857752768702],[6.904970235524541,51.36782260117956],[6.942981099377972,51.395431526409304],[6.959483531266097,51.43747399336856],[6.95191734768361,51.44897495573533]]]}},{"type":"Feature","properties":{"wkr_nr":121,"wkr_name":"Recklinghausen I","state_name":"Nordrhein-Westfalen","elected_party":"spd","elected_party_share":0.4521,"zweitstimme_top_party":"spd","zweitstimme_top_share":0.3975,"turnout":0.710623987175243,"eligible_voters":172167.0,"erststimme_top6":[["spd",0.4521],["cdu",0.3433],["linke_pds",0.0615],["gruene",0.0513],["afd",0.0325],["piraten",0.0245]],"zweitstimme_top6":[["spd",0.3975],["cdu",0.3382],["linke_pds",0.0682],["gruene",0.0638],["afd",0.0452],["fdp",0.0339]]},"geometry":{"type":"Polygon","coordinates":[[[7.417278914041603,51.661808960588836],[7.444290348213816,51.6468726827131],[7.463770459412835,51.63084643341059],[7.460906069761442,51.617556980551726],[7.418811313691301,51.59994598825807],[7.396580923570385,51.587152088421114],[7.371697917378391,51.5893327033396],[7.338843473363258,51.57678546623393],[7.360764109750034,51.52762130265283],[7.314532296059948,51.52205317703676],[7.294761494415141,51.53163440635724],[7.296134193115913,51.54189735663985],[7.242775251232397,51.57326959544151],[7.179497295185371,51.552799713311856],[7.15729387015587,51.626614126646736],[7.134505016625179,51.634134694294154],[7.145925673956377,51.643108103319335],[7.207228834935707,51.6498170925632],[7.229628152290747,51.62699151093064],[7.310347951573707,51.61461099939663],[7.355672734528123,51.623696039406056],[7.36097726674692,51.64868733134695],[7.409278781764791,51.64538117759124],[7.417278914041603,51.661808960588836]]]}},{"type":"Feature","properties":{"wkr_nr":122,"wkr_name":"Recklinghausen II","state_name":"Nordrhein-Westfalen","elected_party":"spd","elected_party_share":0.4567,"zweitstimme_top_party":"spd","zweitstimme_top_share":0.4007,"turnout":0.717614253488178,"eligible_voters":191504.0,"erststimme_top6":[["spd",0.4567],["cdu",0.3654],["linke_pds",0.0557],["gruene",0.0498],["piraten",0.0282],["npd",0.019]],"zweitstimme_top6":[["spd",0.4007],["cdu",0.3469],["linke_pds",0.0626],["gruene",0.0579],["afd",0.0405],["fdp",0.0355]]},"geometry":{"type":"Polygon","coordinates":[[[7.173609974234325,51.82139085446235],[7.177206987551116,51.820814836169504],[7.260141272412715,51.80013289798824],[7.258751397591205,51.77367069515568],[7.279994396382569,51.749562095418455],[7.310255752033093,51.746310341653974],[7.320834587923235,51.73692706579717],[7.299023873152955,51.70622952394038],[7.409231085099589,51.664333388487144],[7.417278914041603,51.661808960588836],[7.409278781764791,51.64538117759124],[7.36097726674692,51.64868733134695],[7.355672734528123,51.623696039406056],[7.310347951573707,51.61461099939663],[7.229628152290747,51.62699151093064],[7.207228834935707,51.6498170925632],[7.145925673956377,51.643108103319335],[7.134505016625179,51.634134694294154],[7.15729387015587,51.626614126646736],[7.179497295185371,51.552799713311856],[7.144576444319572,51.55208077823653],[7.122363192853002,51.58522217625342],[7.033469804804002,51.62397835892405],[7.033168984410792,51.63106113783145],[7.044545934028565,51.643595651639494],[7.030660850695655,51.67217583007429],[7.089227045652535,51.72519321774716],[7.087512426916745,51.76466523813275],[7.074680069811074,51.77755644564124],[7.1137266325709,51.787989306685425],[7.173609974234325,51.82139085446235]]]}},{"type":"Feature","properties":{"wkr_nr":123,"wkr_name":"Gelsenkirchen","state_name":"Nordrhein-Westfalen","elected_party":"spd","elected_party_share":0.5047,"zweitstimme_top_party":"spd","zweitstimme_top_share":0.4405,"turnout":0.652714408516829,"eligible_voters":181476.0,"erststimme_top6":[["spd",0.5047],["cdu",0.2864],["linke_pds",0.0609],["afd",0.0377],["gruene",0.0365],["npd",0.0242]],"zweitstimme_top6":[["spd",0.4405],["cdu",0.2769],["linke_pds",0.0759],["gruene",0.0548],["afd",0.0475],["fdp",0.0297]]},"geometry":{"type":"Polygon","coordinates":[[[7.033168984410792,51.63106113783145],[7.033469804804002,51.62397835892405],[7.122363192853002,51.58522217625342],[7.144576444319572,51.55208077823653],[7.123180481728652,51.55167323303354],[7.144315585084295,51.51328370625992],[7.139542050576319,51.505411481394525],[7.137606721889266,51.49132361468542],[7.102284924411791,51.48110940597971],[7.057732277966671,51.4992230258339],[7.049658697164467,51.5100912561768],[7.019650344950287,51.518321784005224],[7.009548299587393,51.532688266082985],[7.018476277992991,51.578154361643584],[6.994144284510814,51.62197549134776],[7.033168984410792,51.63106113783145]]]}},{"type":"Feature","properties":{"wkr_nr":124,"wkr_name":"Steinfurt I - Borken I","state_name":"Nordrhein-Westfalen","elected_party":"cdu","elected_party_share":0.5201,"zweitstimme_top_party":"cdu","zweitstimme_top_share":0.4979,"turnout":0.733245147719192,"eligible_voters":201091.0,"erststimme_top6":[["cdu",0.5201],["spd",0.3185],["gruene",0.0511],["linke_pds",0.0376],["fdp",0.0279],["afd",0.0224]],"zweitstimme_top6":[["cdu",0.4979],["spd",0.2809],["gruene",0.0611],["fdp",0.0508],["linke_pds",0.0439],["afd",0.0282]]},"geometry":{"type":"Polygon","coordinates":[[[7.316826729810457,52.28013003348759],[7.361823160084545,52.28835991895561],[7.380254683912127,52.30536359600817],[7.462589444788504,52.34161318200655],[7.457959053435571,52.33469851710467],[7.529901097181548,52.30813795323734],[7.58042051266326,52.25109875280081],[7.586562900416608,52.229634337831016],[7.46919880049366,52.19163642015681],[7.437175506911973,52.19279518150651],[7.432456853424025,52.1802158567072],[7.455483326351706,52.14261643295764],[7.417861994799232,52.081805674563995],[7.354522153506397,52.086232732209744],[7.319283764246717,52.06090151250526],[7.295596645056523,52.058166069165814],[7.26754030899098,52.05804862770806],[7.24083385817419,52.04298687828348],[7.169166105736802,52.04634749004192],[7.121161179025078,52.01185973905199],[7.088446707283078,52.00582098541018],[7.053932643065419,52.01147195497572],[7.051754668445636,52.00389668565606],[7.039099804525961,52.02124078771132],[6.952604590982613,52.02569046481102],[6.910895120074178,52.04463887702611],[6.897430174580262,52.072369072097544],[6.897893919908158,52.10921122064206],[6.866948261901735,52.127943578451045],[6.880074903101118,52.1559656559016],[6.90788026237339,52.17597580973118],[6.951256204380418,52.18087503257451],[6.979643274305922,52.2142854951658],[7.039381464696007,52.22767803075342],[7.065748398092186,52.24128892075275],[7.099126370413805,52.2428401543618],[7.122103159231689,52.26114869384502],[7.155790134150681,52.2665974293024],[7.297211947105373,52.26380444596247],[7.316826729810457,52.28013003348759]]]}},{"type":"Feature","properties":{"wkr_nr":125,"wkr_name":"Bottrop - Recklinghausen III","state_name":"Nordrhein-Westfalen","elected_party":"spd","elected_party_share":0.4578,"zweitstimme_top_party":"spd","zweitstimme_top_share":0.4014,"turnout":0.71911230169707,"eligible_voters":206061.0,"erststimme_top6":[["spd",0.4578],["cdu",0.365],["linke_pds",0.0535],["afd",0.0378],["gruene",0.0361],["piraten",0.0247]],"zweitstimme_top6":[["spd",0.4014],["cdu",0.3483],["linke_pds",0.0625],["gruene",0.0546],["afd",0.0412],["fdp",0.0348]]},"geometry":{"type":"Polygon","coordinates":[[[6.994664728312382,51.80106952689158],[7.033965066895496,51.78266648473733],[7.074680069811074,51.77755644564124],[7.087512426916745,51.76466523813275],[7.089227045652535,51.72519321774716],[7.030660850695655,51.67217583007429],[7.044545934028565,51.643595651639494],[7.033168984410792,51.63106113783145],[6.994144284510814,51.62197549134776],[7.018476277992991,51.578154361643584],[7.009548299587393,51.532688266082985],[6.998892017348845,51.5335744022551],[6.987729478562229,51.508595885267304],[6.928427352398353,51.497929363160566],[6.894201417278259,51.515815261383786],[6.868934278503613,51.55216010836096],[6.832617989853968,51.57989276593048],[6.865733440245056,51.59694941408866],[6.852183813184019,51.60550332910187],[6.850658787396008,51.607898392731094],[6.870733039620291,51.6213671830844],[6.867784656533309,51.63105884186828],[6.901464513804822,51.63538687258764],[6.902752226249814,51.67111777807406],[6.936881309731885,51.702940021886086],[6.910418941682193,51.745898572942636],[6.916730780554249,51.778355274989494],[6.956125049246594,51.77203582149605],[6.975808928677571,51.798640831308944],[6.994664728312382,51.80106952689158]]]}},{"type":"Feature","properties":{"wkr_nr":126,"wkr_name":"Borken II","state_name":"Nordrhein-Westfalen","elected_party":"cdu","elected_party_share":0.5736,"zweitstimme_top_party":"cdu","zweitstimme_top_share":0.5347,"turnout":0.762086706133462,"eligible_voters":198648.0,"erststimme_top6":[["cdu",0.5736],["spd",0.271],["gruene",0.0637],["linke_pds",0.0301],["fdp",0.0226],["piraten",0.0201]],"zweitstimme_top6":[["cdu",0.5347],["spd",0.2555],["gruene",0.0608],["fdp",0.0527],["linke_pds",0.0362],["afd",0.0269]]},"geometry":{"type":"Polygon","coordinates":[[[6.866948261901735,52.127943578451045],[6.897893919908158,52.10921122064206],[6.897430174580262,52.072369072097544],[6.910895120074178,52.04463887702611],[6.952604590982613,52.02569046481102],[7.039099804525961,52.02124078771132],[7.051754668445636,52.00389668565606],[7.060592604973987,51.98698831163183],[7.090735007722247,51.97420287667879],[7.081793196284663,51.92744645240851],[7.056270678870044,51.89553778313238],[7.05996840858711,51.8838448445551],[7.087363435446385,51.85179074806849],[7.124390829636235,51.832154290423716],[7.173609974234325,51.82139085446235],[7.1137266325709,51.787989306685425],[7.074680069811074,51.77755644564124],[7.033965066895496,51.78266648473733],[6.994664728312382,51.80106952689158],[6.975808928677571,51.798640831308944],[6.956125049246594,51.77203582149605],[6.916730780554249,51.778355274989494],[6.910418941682193,51.745898572942636],[6.858267799154744,51.728931042893734],[6.787104572893326,51.74854166476822],[6.74518157652306,51.76989059423557],[6.721830984711869,51.76844082323681],[6.665254187595301,51.783687754684834],[6.638768108520449,51.79835192583861],[6.592836855319236,51.80215123668039],[6.561720131542624,51.792328234529876],[6.510595894587175,51.8124933348351],[6.489822829518987,51.81042121995888],[6.433592738382783,51.802875502880504],[6.407480173625179,51.828142792585574],[6.390690794053476,51.87420553554687],[6.4729949300912,51.85379028912943],[6.540408761893258,51.88139973277339],[6.674515298939883,51.91555812181553],[6.692302234696826,51.914505680654365],[6.721785882867402,51.896107207057085],[6.769852067892708,51.91615680005112],[6.794051539116526,51.93510789804755],[6.798591304364538,51.95877064971552],[6.828480184463612,51.964117915119374],[6.829844959576217,51.985794270183284],[6.752686178200684,52.028535656010476],[6.688034384301889,52.039938229107726],[6.694921302258662,52.069932433292685],[6.734939528949018,52.07464055372114],[6.74769960774395,52.0825386041381],[6.760436214776654,52.11858804607921],[6.846371638578239,52.11943000316423],[6.866948261901735,52.127943578451045]]]}},{"type":"Feature","properties":{"wkr_nr":127,"wkr_name":"Coesfeld - Steinfurt II","state_name":"Nordrhein-Westfalen","elected_party":"cdu","elected_party_share":0.5606,"zweitstimme_top_party":"cdu","zweitstimme_top_share":0.501,"turnout":0.785253736667873,"eligible_voters":190611.0,"erststimme_top6":[["cdu",0.5606],["spd",0.2677],["gruene",0.0697],["linke_pds",0.0332],["fdp",0.0258],["afd",0.0205]],"zweitstimme_top6":[["cdu",0.501],["spd",0.2564],["gruene",0.0814],["fdp",0.0561],["linke_pds",0.0415],["afd",0.0284]]},"geometry":{"type":"Polygon","coordinates":[[[7.455483326351706,52.14261643295764],[7.490025799970705,52.137614064307584],[7.523908709225696,52.131260748602415],[7.540007476234887,52.115731538882855],[7.554838156768463,52.04184719922991],[7.533488319810068,52.03377108205352],[7.53447461421933,52.01927003937284],[7.513348989784292,51.99853590214714],[7.522740622383855,51.97825615934142],[7.481063946906011,51.957252347739086],[7.477849557927149,51.94092484742686],[7.503595704422507,51.927175156219036],[7.515955028154826,51.896832271713],[7.535039106879653,51.88695099432009],[7.557671211060638,51.855700601766024],[7.611706458721488,51.84041452073598],[7.640402331115733,51.824495379000226],[7.662822473248267,51.824241539032876],[7.685703629654794,51.803539636626354],[7.712820852458253,51.74983516580967],[7.737029928092801,51.73801935853683],[7.703697124069613,51.7130677989728],[7.668076778185237,51.72028733894821],[7.552905397814403,51.692251041612806],[7.468206907078592,51.73579955454111],[7.424027744792238,51.715628420956264],[7.422964998632121,51.70843553123843],[7.449880787530838,51.69299595956089],[7.448450113370628,51.676276270797345],[7.431144852610847,51.668736305071235],[7.409331660527943,51.67036226301825],[7.409231085099589,51.664333388487144],[7.299023873152955,51.70622952394038],[7.320834587923235,51.73692706579717],[7.310255752033093,51.746310341653974],[7.279994396382569,51.749562095418455],[7.258751397591205,51.77367069515568],[7.260141272412715,51.80013289798824],[7.177206987551116,51.820814836169504],[7.173609974234325,51.82139085446235],[7.124390829636235,51.832154290423716],[7.087363435446385,51.85179074806849],[7.05996840858711,51.8838448445551],[7.056270678870044,51.89553778313238],[7.081793196284663,51.92744645240851],[7.090735007722247,51.97420287667879],[7.060592604973987,51.98698831163183],[7.051754668445636,52.00389668565606],[7.053932643065419,52.01147195497572],[7.088446707283078,52.00582098541018],[7.121161179025078,52.01185973905199],[7.169166105736802,52.04634749004192],[7.24083385817419,52.04298687828348],[7.26754030899098,52.05804862770806],[7.295596645056523,52.058166069165814],[7.319283764246717,52.06090151250526],[7.354522153506397,52.086232732209744],[7.417861994799232,52.081805674563995],[7.455483326351706,52.14261643295764]]]}},{"type":"Feature","properties":{"wkr_nr":128,"wkr_name":"Steinfurt III","state_name":"Nordrhein-Westfalen","elected_party":"cdu","elected_party_share":0.4795,"zweitstimme_top_party":"cdu","zweitstimme_top_share":0.4333,"turnout":0.75318835123692,"eligible_voters":193909.0,"erststimme_top6":[["cdu",0.4795],["spd",0.3648],["gruene",0.0585],["linke_pds",0.0382],["fdp",0.018],["afd",0.0177]],"zweitstimme_top6":[["cdu",0.4333],["spd",0.3338],["gruene",0.0759],["fdp",0.0471],["linke_pds",0.0467],["afd",0.0278]]},"geometry":{"type":"Polygon","coordinates":[[[7.607992608301861,52.473984783516904],[7.658404509581216,52.458798026159904],[7.688306649894742,52.45374352724517],[7.713644463557136,52.40102527291623],[7.806683388887206,52.371438687174496],[7.842027015445133,52.36874963790975],[7.891683522108287,52.380846126053],[7.936846383865086,52.364954034279556],[7.948384786488365,52.33480914834262],[7.965073136274478,52.32428767957677],[7.97790194814754,52.3118680833005],[7.931188831012356,52.29820569457707],[7.932154680398943,52.287978871095966],[7.957045608220108,52.27277260337931],[7.940609439787846,52.26556339162961],[7.899838899788737,52.208089466923305],[7.908115907470997,52.18990576568517],[7.933907446037864,52.17687508992694],[8.016961428955463,52.172000241436805],[8.017404486083151,52.159185970009936],[8.003016790369536,52.15578388828457],[8.007829011063423,52.11536963900073],[7.884836413556425,52.0835832852583],[7.816192901212822,52.093951029197925],[7.799118388248178,52.103545045133906],[7.751944637414133,52.093613514919994],[7.703822050145967,52.034491137164125],[7.622559633264048,52.04795026995783],[7.59923885854184,52.06037956029986],[7.554838156768463,52.04184719922991],[7.540007476234887,52.115731538882855],[7.523908709225696,52.131260748602415],[7.490025799970705,52.137614064307584],[7.455483326351706,52.14261643295764],[7.432456853424025,52.1802158567072],[7.437175506911973,52.19279518150651],[7.46919880049366,52.19163642015681],[7.586562900416608,52.229634337831016],[7.58042051266326,52.25109875280081],[7.529901097181548,52.30813795323734],[7.457959053435571,52.33469851710467],[7.462589444788504,52.34161318200655],[7.575485347912271,52.382827989839186],[7.604049475135732,52.42104420066618],[7.570851151251171,52.43208477304507],[7.607992608301861,52.473984783516904]]]}},{"type":"Feature","properties":{"wkr_nr":129,"wkr_name":"Münster","state_name":"Nordrhein-Westfalen","elected_party":"cdu","elected_party_share":0.3884,"zweitstimme_top_party":"cdu","zweitstimme_top_share":0.3782,"turnout":0.790706966043502,"eligible_voters":227762.0,"erststimme_top6":[["cdu",0.3884],["spd",0.3545],["gruene",0.1107],["fdp",0.0572],["linke_pds",0.0427],["afd",0.0204]],"zweitstimme_top6":[["cdu",0.3782],["spd",0.2717],["gruene",0.1517],["fdp",0.0678],["linke_pds",0.0629],["afd",0.0293]]},"geometry":{"type":"Polygon","coordinates":[[[7.554838156768463,52.04184719922991],[7.59923885854184,52.06037956029986],[7.622559633264048,52.04795026995783],[7.703822050145967,52.034491137164125],[7.743867972330344,51.9982419239513],[7.728955103548209,51.982619192715646],[7.734091543925056,51.96834051335586],[7.774009803863418,51.9206095542233],[7.757171114729894,51.897596364458934],[7.704283820526651,51.908128895788536],[7.692810726067894,51.903699406005124],[7.688849818024488,51.888556718745704],[7.651215948623567,51.878269833907126],[7.616195270305284,51.85694831062788],[7.611706458721488,51.84041452073598],[7.557671211060638,51.855700601766024],[7.535039106879653,51.88695099432009],[7.515955028154826,51.896832271713],[7.503595704422507,51.927175156219036],[7.477849557927149,51.94092484742686],[7.481063946906011,51.957252347739086],[7.522740622383855,51.97825615934142],[7.513348989784292,51.99853590214714],[7.53447461421933,52.01927003937284],[7.533488319810068,52.03377108205352],[7.554838156768463,52.04184719922991]]]}},{"type":"Feature","properties":{"wkr_nr":130,"wkr_name":"Warendorf","state_name":"Nordrhein-Westfalen","elected_party":"cdu","elected_party_share":0.5132,"zweitstimme_top_party":"cdu","zweitstimme_top_share":0.4712,"turnout":0.751515295571772,"eligible_voters":210355.0,"erststimme_top6":[["cdu",0.5132],["spd",0.32],["gruene",0.0595],["linke_pds",0.0351],["fdp",0.0226],["afd",0.0221]],"zweitstimme_top6":[["cdu",0.4712],["spd",0.2914],["gruene",0.0722],["fdp",0.0542],["linke_pds",0.0438],["afd",0.0292]]},"geometry":{"type":"Polygon","coordinates":[[[7.799118388248178,52.103545045133906],[7.816192901212822,52.093951029197925],[7.884836413556425,52.0835832852583],[7.916820568392612,52.05191804547497],[7.980479097081904,52.0361904432144],[8.031275898265413,52.0680785213731],[8.092000505878016,52.06385500699439],[8.097150601142172,52.057751249006316],[8.075715335744986,52.010519090164486],[8.10767082394617,51.99265228567153],[8.11891459717289,51.95556942777035],[8.169252369083141,51.926327756363506],[8.170776222896604,51.91194976453823],[8.150930235210165,51.89784866361166],[8.206456079998462,51.8581041291378],[8.320199464353154,51.72564122868027],[8.295860308989734,51.694681105025225],[8.29489916089347,51.676400410634265],[8.265631369424012,51.66363354151047],[8.218435962902262,51.658113399053036],[8.194295493251339,51.66148186406176],[8.210964264395967,51.69794600426006],[8.177394050885667,51.70032258723942],[8.119844705167798,51.71786136403601],[8.098455825880285,51.701947101864675],[8.057727663399884,51.71383064510609],[7.988046624786263,51.71777419959827],[7.9640057102431,51.72070197365256],[7.95785420340597,51.703870558344484],[7.945080684813314,51.700522127807915],[7.895769567280952,51.70531188692398],[7.83481554423393,51.73045602647768],[7.833752515080339,51.74137135399428],[7.825553900884494,51.74452856375777],[7.771790872058064,51.72542584246509],[7.737029928092801,51.73801935853683],[7.712820852458253,51.74983516580967],[7.685703629654794,51.803539636626354],[7.662822473248267,51.824241539032876],[7.640402331115733,51.824495379000226],[7.611706458721488,51.84041452073598],[7.616195270305284,51.85694831062788],[7.651215948623567,51.878269833907126],[7.688849818024488,51.888556718745704],[7.692810726067894,51.903699406005124],[7.704283820526651,51.908128895788536],[7.757171114729894,51.897596364458934],[7.774009803863418,51.9206095542233],[7.734091543925056,51.96834051335586],[7.728955103548209,51.982619192715646],[7.743867972330344,51.9982419239513],[7.703822050145967,52.034491137164125],[7.751944637414133,52.093613514919994],[7.799118388248178,52.103545045133906]]]}},{"type":"Feature","properties":{"wkr_nr":131,"wkr_name":"Gütersloh I","state_name":"Nordrhein-Westfalen","elected_party":"cdu","elected_party_share":0.5025,"zweitstimme_top_party":"cdu","zweitstimme_top_share":0.4628,"turnout":0.723398517097896,"eligible_voters":233596.0,"erststimme_top6":[["cdu",0.5025],["spd",0.3357],["gruene",0.0543],["linke_pds",0.0427],["afd",0.025],["fdp",0.0188]],"zweitstimme_top6":[["cdu",0.4628],["spd",0.287],["gruene",0.0787],["linke_pds",0.0498],["fdp",0.0493],["afd",0.0316]]},"geometry":{"type":"Polygon","coordinates":[[[8.286251560155488,52.13283183052171],[8.285319919707078,52.12547245376863],[8.310708500172378,52.118258585277175],[8.323818754063604,52.12591510068536],[8.369393607739397,52.112861466992086],[8.365670415514304,52.09945031181336],[8.420904508348281,52.043571809275],[8.457353039205156,52.01489427896771],[8.450587692928684,51.98915160979935],[8.425174098509922,51.97637990327942],[8.37777196553133,51.97122714132525],[8.396243750089285,51.95723010803318],[8.482793047594713,51.94542203761616],[8.504473462346917,51.92219592376432],[8.532557853416073,51.92617139064279],[8.557050243134492,51.919133800487984],[8.601334056330467,51.85390743956514],[8.53358054787385,51.8317217366974],[8.517705023209626,51.807775700737324],[8.467789464451842,51.791985184611086],[8.435172885978076,51.77157981605387],[8.40899441465925,51.74835420112576],[8.402499721699149,51.719468593969886],[8.320199464353154,51.72564122868027],[8.206456079998462,51.8581041291378],[8.150930235210165,51.89784866361166],[8.170776222896604,51.91194976453823],[8.169252369083141,51.926327756363506],[8.11891459717289,51.95556942777035],[8.10767082394617,51.99265228567153],[8.075715335744986,52.010519090164486],[8.097150601142172,52.057751249006316],[8.157548301058899,52.076019420495435],[8.193612749211342,52.07303908072091],[8.220021998940586,52.10532674955206],[8.267750166473368,52.13200284296315],[8.286251560155488,52.13283183052171]]]}},{"type":"Feature","properties":{"wkr_nr":132,"wkr_name":"Bielefeld - Gütersloh II","state_name":"Nordrhein-Westfalen","elected_party":"spd","elected_party_share":0.3808,"zweitstimme_top_party":"cdu","zweitstimme_top_share":0.3531,"turnout":0.726700083744978,"eligible_voters":247179.0,"erststimme_top6":[["spd",0.3808],["cdu",0.3727],["gruene",0.1074],["linke_pds",0.0686],["piraten",0.0258],["afd",0.0248]],"zweitstimme_top6":[["cdu",0.3531],["spd",0.3263],["gruene",0.1167],["linke_pds",0.0837],["fdp",0.0397],["afd",0.0342]]},"geometry":{"type":"Polygon","coordinates":[[[8.410446943271822,52.11538040872745],[8.411059599994406,52.11415601309761],[8.427653713373502,52.104618649752844],[8.471557257508502,52.1010544611217],[8.503105840348686,52.111035153687624],[8.559616848487867,52.108936345922665],[8.570551063925668,52.10396675039586],[8.565030995494887,52.091746520221214],[8.583890829746297,52.07869299312592],[8.629004281874769,52.061456252274176],[8.65391919400499,52.05981459392353],[8.662977784366156,52.05371795988139],[8.66231391265093,52.01334378074329],[8.648048926597385,51.95905044192856],[8.606975365333712,51.92717816428246],[8.557050243134492,51.919133800487984],[8.532557853416073,51.92617139064279],[8.504473462346917,51.92219592376432],[8.482793047594713,51.94542203761616],[8.396243750089285,51.95723010803318],[8.37777196553133,51.97122714132525],[8.425174098509922,51.97637990327942],[8.450587692928684,51.98915160979935],[8.457353039205156,52.01489427896771],[8.420904508348281,52.043571809275],[8.365670415514304,52.09945031181336],[8.369393607739397,52.112861466992086],[8.410446943271822,52.11538040872745]]]}},{"type":"Feature","properties":{"wkr_nr":133,"wkr_name":"Herford - Minden-Lübbecke II","state_name":"Nordrhein-Westfalen","elected_party":"spd","elected_party_share":0.413,"zweitstimme_top_party":"cdu","zweitstimme_top_share":0.3936,"turnout":0.709232600930837,"eligible_voters":230975.0,"erststimme_top6":[["spd",0.413],["cdu",0.4083],["linke_pds",0.054],["gruene",0.0509],["fdp",0.035],["piraten",0.0291]],"zweitstimme_top6":[["cdu",0.3936],["spd",0.3492],["gruene",0.0759],["linke_pds",0.0581],["fdp",0.042],["afd",0.036]]},"geometry":{"type":"Polygon","coordinates":[[[8.7226072221888,52.246714123111026],[8.744221786379976,52.27637046124103],[8.769681104640638,52.26930774221563],[8.871752698066619,52.24870526387418],[8.828109555455438,52.222124111108755],[8.850921918280497,52.21178463683714],[8.863326368125074,52.19368304893887],[8.901048992610542,52.19585218663235],[8.926787558915949,52.184486272636555],[8.896484351867871,52.15222784543389],[8.900556842470367,52.128179981951696],[8.889659936420143,52.11092024973877],[8.842073112440945,52.10292133526803],[8.812652740619395,52.1212988063498],[8.747907998980445,52.12165919862405],[8.668617051524235,52.08146239835775],[8.65391919400499,52.05981459392353],[8.629004281874769,52.061456252274176],[8.583890829746297,52.07869299312592],[8.565030995494887,52.091746520221214],[8.570551063925668,52.10396675039586],[8.559616848487867,52.108936345922665],[8.503105840348686,52.111035153687624],[8.471557257508502,52.1010544611217],[8.427653713373502,52.104618649752844],[8.411059599994406,52.11415601309761],[8.410446943271822,52.11538040872745],[8.410300224652794,52.13604370383985],[8.451507203807012,52.154734805299306],[8.478530371745263,52.158491191630034],[8.515059124416272,52.18510204653954],[8.465466012826825,52.19597367251315],[8.442537615433972,52.21452014766661],[8.466070811414623,52.26764824157433],[8.472270338401831,52.26005840368769],[8.522290600462313,52.264193653153086],[8.58737280257755,52.255271782420195],[8.63496432200868,52.2607706172774],[8.668059495437973,52.24760916022742],[8.7226072221888,52.246714123111026]]]}},{"type":"Feature","properties":{"wkr_nr":134,"wkr_name":"Minden-Lübbecke I","state_name":"Nordrhein-Westfalen","elected_party":"cdu","elected_party_share":0.4625,"zweitstimme_top_party":"cdu","zweitstimme_top_share":0.4106,"turnout":0.705246846323334,"eligible_voters":206505.0,"erststimme_top6":[["cdu",0.4625],["spd",0.4054],["linke_pds",0.0414],["gruene",0.0413],["piraten",0.0262],["fdp",0.0191]],"zweitstimme_top6":[["cdu",0.4106],["spd",0.3439],["gruene",0.0731],["linke_pds",0.0494],["fdp",0.0461],["afd",0.0359]]},"geometry":{"type":"Polygon","coordinates":[[[8.667947544585497,52.519805150774125],[8.70299448490398,52.500494433370484],[8.708168330747718,52.398899459559175],[8.74630097373163,52.38774032493761],[8.787474431339547,52.398897464157535],[8.853522634552228,52.38938133303336],[8.937691642889376,52.40207144845334],[8.999358253817935,52.457382290320055],[9.016997589495267,52.45999628420197],[9.024187227351314,52.478231054073674],[9.053139123270924,52.50072554062855],[9.13390220239886,52.484060543436364],[9.13832467259833,52.47544496821343],[9.10301078074002,52.456714488514294],[9.094568215765818,52.44321023358112],[9.12545188411022,52.41260768702517],[9.085437419241499,52.35610199272871],[8.99847166376854,52.32577690386294],[8.987882687346767,52.28765007507975],[8.963564931735055,52.27891554565257],[8.974636206739731,52.262541229628575],[9.077071166694637,52.23370397653628],[9.051552786201878,52.22019695724781],[9.045551247276318,52.18311257103191],[8.985903185138541,52.194653254965225],[8.987706788034448,52.18115335936505],[8.926787558915949,52.184486272636555],[8.901048992610542,52.19585218663235],[8.863326368125074,52.19368304893887],[8.850921918280497,52.21178463683714],[8.828109555455438,52.222124111108755],[8.871752698066619,52.24870526387418],[8.769681104640638,52.26930774221563],[8.744221786379976,52.27637046124103],[8.7226072221888,52.246714123111026],[8.668059495437973,52.24760916022742],[8.63496432200868,52.2607706172774],[8.58737280257755,52.255271782420195],[8.522290600462313,52.264193653153086],[8.472270338401831,52.26005840368769],[8.466070811414623,52.26764824157433],[8.46281860046049,52.317105787410796],[8.43643249017762,52.36181959707372],[8.39399565276669,52.384131185812095],[8.315215957646512,52.40493949094353],[8.296855028509121,52.45641429054768],[8.348310282079236,52.452556941306206],[8.361065563922484,52.443070296207146],[8.43007240282068,52.44780387551224],[8.454221635493406,52.46096119862575],[8.460227879000485,52.49079771038961],[8.509023803603167,52.514680291365764],[8.558772244092543,52.50047119170336],[8.652139110889289,52.53151982046166],[8.667947544585497,52.519805150774125]]]}},{"type":"Feature","properties":{"wkr_nr":135,"wkr_name":"Lippe I","state_name":"Nordrhein-Westfalen","elected_party":"spd","elected_party_share":0.4111,"zweitstimme_top_party":"cdu","zweitstimme_top_share":0.3927,"turnout":0.729460918006151,"eligible_voters":172330.0,"erststimme_top6":[["spd",0.4111],["cdu",0.4018],["gruene",0.0571],["linke_pds",0.0419],["afd",0.0255],["fdp",0.0232]],"zweitstimme_top6":[["cdu",0.3927],["spd",0.3509],["gruene",0.0735],["linke_pds",0.0513],["fdp",0.0459],["afd",0.0383]]},"geometry":{"type":"Polygon","coordinates":[[[8.926787558915949,52.184486272636555],[8.987706788034448,52.18115335936505],[8.985903185138541,52.194653254965225],[9.005835786884887,52.18094994292884],[9.017592876274188,52.14773789763791],[9.038953822307345,52.13969423920142],[9.072090036021544,52.14479522400446],[9.145490928783435,52.13447132936028],[9.159441110289542,52.11948535337873],[9.143770804700159,52.099589259963956],[9.155278030146443,52.09778661788716],[9.191583777526171,52.070516697788044],[9.174407785519554,52.060234503185605],[9.173673631723842,52.04037657485348],[9.195942376112447,52.01034883241614],[9.1790306102449,51.97994546540842],[9.19585475425117,51.963562074491286],[9.123588036392858,51.941228695029096],[9.111891117442998,51.91605238876891],[9.01776508372264,51.89818428917441],[8.976808842838231,51.94111081734059],[8.98299725120108,51.95879162633043],[8.970249513166063,51.97555867980857],[8.898782311287588,51.9883689170282],[8.888240964054665,51.997887882524516],[8.872521132359541,51.99809111527733],[8.857742215532646,51.988104169283915],[8.876145388794553,51.98245410037692],[8.874987768692801,51.97563308703786],[8.823881276181975,51.970672987557705],[8.785207992146946,51.95701076744902],[8.760744965459155,51.92122246560799],[8.731019468773562,51.928403408036544],[8.683687012321213,51.91568075852894],[8.6373949367891,51.923342286532474],[8.606975365333712,51.92717816428246],[8.648048926597385,51.95905044192856],[8.66231391265093,52.01334378074329],[8.662977784366156,52.05371795988139],[8.65391919400499,52.05981459392353],[8.668617051524235,52.08146239835775],[8.747907998980445,52.12165919862405],[8.812652740619395,52.1212988063498],[8.842073112440945,52.10292133526803],[8.889659936420143,52.11092024973877],[8.900556842470367,52.128179981951696],[8.896484351867871,52.15222784543389],[8.926787558915949,52.184486272636555]]]}},{"type":"Feature","properties":{"wkr_nr":136,"wkr_name":"Höxter - Lippe II","state_name":"Nordrhein-Westfalen","elected_party":"cdu","elected_party_share":0.5001,"zweitstimme_top_party":"cdu","zweitstimme_top_share":0.4579,"turnout":0.730692123210672,"eligible_voters":213488.0,"erststimme_top6":[["cdu",0.5001],["spd",0.3133],["gruene",0.057],["linke_pds",0.0412],["afd",0.026],["fdp",0.0192]],"zweitstimme_top6":[["cdu",0.4579],["spd",0.2968],["gruene",0.0667],["linke_pds",0.0513],["fdp",0.0482],["afd",0.036]]},"geometry":{"type":"Polygon","coordinates":[[[9.19585475425117,51.963562074491286],[9.216767591734692,51.97393388548533],[9.273736321709853,51.97413709615109],[9.28627721937491,51.95707625020384],[9.270769946727476,51.954513082306086],[9.27295164112833,51.93089477220861],[9.292935742489293,51.921029824544014],[9.308849189750548,51.922643507204405],[9.33206387502492,51.916933245909355],[9.346157139267879,51.89545770472257],[9.332067763854456,51.854542843805646],[9.362930776078946,51.864868503034046],[9.40565758767973,51.8552706950017],[9.456157606451573,51.860932234028716],[9.433967003873034,51.83801981803327],[9.4339584946628,51.80484282690116],[9.448960487969414,51.79470742954989],[9.375265849823679,51.74373515455746],[9.401886588317094,51.7023098641874],[9.374560387504182,51.649931693097415],[9.416862891707781,51.64674711674172],[9.439999362394012,51.65057884909861],[9.445214304156128,51.644184552815034],[9.42650124857482,51.63101913353568],[9.336936983310775,51.61463153625485],[9.363111474294957,51.594983120252564],[9.360365432202716,51.58394748071248],[9.311097823953027,51.530279381534086],[9.224832910334646,51.48944660220962],[9.21668631697759,51.45992729011199],[9.185376950999395,51.46647171416392],[9.155269872907194,51.442713958998105],[9.088907208342466,51.44680775267951],[9.07711473117331,51.46491299150383],[9.087968411705777,51.48233075284985],[9.069174991578107,51.50127145762457],[9.023234491533294,51.512960606737686],[8.970313351178802,51.506621630559685],[8.910714897128242,51.52260996704679],[8.904311801065734,51.531093737231465],[8.966264767588369,51.56404749922732],[9.016789677490118,51.574987661159014],[9.013536116094738,51.596117187068685],[8.989464129913092,51.60187887106923],[8.977793735027527,51.621045851403395],[8.988097581730317,51.64813910744163],[8.972926758848145,51.676875220698854],[8.996908239163425,51.70823251270642],[8.984687835022008,51.762077585009585],[8.959485099256701,51.78974892842428],[8.893852311242288,51.80428788993101],[8.790256342606046,51.79810407814496],[8.768435848013834,51.81644042643247],[8.7630331853935,51.84470206137354],[8.748520357496085,51.858648177649],[8.683687012321213,51.91568075852894],[8.731019468773562,51.928403408036544],[8.760744965459155,51.92122246560799],[8.785207992146946,51.95701076744902],[8.823881276181975,51.970672987557705],[8.874987768692801,51.97563308703786],[8.876145388794553,51.98245410037692],[8.857742215532646,51.988104169283915],[8.872521132359541,51.99809111527733],[8.888240964054665,51.997887882524516],[8.898782311287588,51.9883689170282],[8.970249513166063,51.97555867980857],[8.98299725120108,51.95879162633043],[8.976808842838231,51.94111081734059],[9.01776508372264,51.89818428917441],[9.111891117442998,51.91605238876891],[9.123588036392858,51.941228695029096],[9.19585475425117,51.963562074491286]]]}},{"type":"Feature","properties":{"wkr_nr":137,"wkr_name":"Paderborn - Gütersloh III","state_name":"Nordrhein-Westfalen","elected_party":"cdu","elected_party_share":0.591,"zweitstimme_top_party":"cdu","zweitstimme_top_share":0.5133,"turnout":0.712755626411155,"eligible_voters":247138.0,"erststimme_top6":[["cdu",0.591],["spd",0.2323],["gruene",0.0647],["linke_pds",0.04],["piraten",0.0218],["afd",0.0202]],"zweitstimme_top6":[["cdu",0.5133],["spd",0.2333],["gruene",0.0715],["linke_pds",0.0521],["fdp",0.0504],["afd",0.0362]]},"geometry":{"type":"Polygon","coordinates":[[[8.606975365333712,51.92717816428246],[8.6373949367891,51.923342286532474],[8.683687012321213,51.91568075852894],[8.748520357496085,51.858648177649],[8.7630331853935,51.84470206137354],[8.768435848013834,51.81644042643247],[8.790256342606046,51.79810407814496],[8.893852311242288,51.80428788993101],[8.959485099256701,51.78974892842428],[8.984687835022008,51.762077585009585],[8.996908239163425,51.70823251270642],[8.972926758848145,51.676875220698854],[8.988097581730317,51.64813910744163],[8.977793735027527,51.621045851403395],[8.989464129913092,51.60187887106923],[9.013536116094738,51.596117187068685],[9.016789677490118,51.574987661159014],[8.966264767588369,51.56404749922732],[8.904311801065734,51.531093737231465],[8.896188605186307,51.52905207251544],[8.877970309885388,51.546479257587045],[8.853431124098359,51.547552540738316],[8.814759535495126,51.53942810195723],[8.809545589981893,51.52109693948073],[8.821456227537185,51.518751186833335],[8.836423215066844,51.495537428032975],[8.768412905738895,51.44745473007101],[8.691313625261529,51.468771873608794],[8.60152774503378,51.483176792594726],[8.57347008832825,51.46801127798181],[8.54784292059852,51.467770155747225],[8.520818543190337,51.4896870616399],[8.50926144481063,51.524140173988414],[8.480799291637416,51.54428428841564],[8.472266943016246,51.563480064576034],[8.493633758989194,51.587532435393236],[8.579241888419455,51.61972600544321],[8.573180390258784,51.65957644335271],[8.482955966192252,51.68648707405298],[8.476920285222853,51.714775587740796],[8.46183925714672,51.72394308385721],[8.437488741733054,51.71722236172704],[8.402499721699149,51.719468593969886],[8.40899441465925,51.74835420112576],[8.435172885978076,51.77157981605387],[8.467789464451842,51.791985184611086],[8.517705023209626,51.807775700737324],[8.53358054787385,51.8317217366974],[8.601334056330467,51.85390743956514],[8.557050243134492,51.919133800487984],[8.606975365333712,51.92717816428246]]]}},{"type":"Feature","properties":{"wkr_nr":138,"wkr_name":"Hagen - Ennepe-Ruhr-Kreis I","state_name":"Nordrhein-Westfalen","elected_party":"spd","elected_party_share":0.4706,"zweitstimme_top_party":"spd","zweitstimme_top_share":0.367,"turnout":0.691314824121783,"eligible_voters":212903.0,"erststimme_top6":[["spd",0.4706],["cdu",0.3412],["linke_pds",0.0566],["gruene",0.0451],["fdp",0.0344],["piraten",0.0272]],"zweitstimme_top6":[["spd",0.367],["cdu",0.3529],["linke_pds",0.0675],["gruene",0.0674],["fdp",0.0454],["afd",0.0438]]},"geometry":{"type":"Polygon","coordinates":[[[7.586430935510855,51.39055338152561],[7.582635511344423,51.295740269876255],[7.548968610958799,51.269412483254015],[7.518954140577974,51.265153000002854],[7.495021788214773,51.25188303262632],[7.501161203467073,51.2428092661233],[7.432440422897864,51.214373571285456],[7.428944339450871,51.22498301052149],[7.392883356706888,51.245859820291145],[7.364640306232448,51.24575445328819],[7.353227319496964,51.238740389385725],[7.340121127099182,51.23910967695476],[7.338859007129249,51.246197896876254],[7.306938587401439,51.23989540349747],[7.267840443206019,51.25577655427412],[7.262416695361841,51.304299276036666],[7.297301714114938,51.314039439097165],[7.316919221507454,51.33091121728957],[7.302513502026433,51.34232541028866],[7.315656841107873,51.363004855221064],[7.337338870019063,51.363998123520986],[7.351890441588102,51.34859032844647],[7.377407972958367,51.34675944891751],[7.405346642143192,51.3969075466717],[7.464419422216142,51.416691847406206],[7.511228019207763,51.41770547079497],[7.505751755002747,51.41413716810917],[7.533595228572454,51.402936622195426],[7.586430935510855,51.39055338152561]]]}},{"type":"Feature","properties":{"wkr_nr":139,"wkr_name":"Ennepe-Ruhr-Kreis II","state_name":"Nordrhein-Westfalen","elected_party":"spd","elected_party_share":0.423,"zweitstimme_top_party":"spd","zweitstimme_top_share":0.3826,"turnout":0.743754622627971,"eligible_voters":181174.0,"erststimme_top6":[["spd",0.423],["cdu",0.3578],["gruene",0.0825],["linke_pds",0.0508],["afd",0.0301],["piraten",0.0226]],"zweitstimme_top6":[["spd",0.3826],["cdu",0.3307],["gruene",0.0907],["linke_pds",0.0638],["fdp",0.0449],["afd",0.0389]]},"geometry":{"type":"Polygon","coordinates":[[[7.348196581789335,51.4826105423229],[7.354733366385712,51.482037384119884],[7.389055462580691,51.47404870292078],[7.435291337525659,51.43505482816602],[7.467451579261355,51.43460389559738],[7.464419422216142,51.416691847406206],[7.405346642143192,51.3969075466717],[7.377407972958367,51.34675944891751],[7.351890441588102,51.34859032844647],[7.337338870019063,51.363998123520986],[7.315656841107873,51.363004855221064],[7.302513502026433,51.34232541028866],[7.316919221507454,51.33091121728957],[7.297301714114938,51.314039439097165],[7.262416695361841,51.304299276036666],[7.265894573541418,51.31109232394347],[7.263822542268946,51.31816107032572],[7.24851307924957,51.31485442172122],[7.197771425845833,51.294412639892506],[7.176696343444577,51.29808025948444],[7.166994645873912,51.31298149365057],[7.149105198154037,51.3432238118516],[7.156212715141367,51.368439910643865],[7.149929185056931,51.37671950598884],[7.133273289782104,51.37779078244212],[7.117410051307381,51.38107159499476],[7.111390809538447,51.405630149630774],[7.137237699051309,51.42557083813894],[7.155302142198339,51.414255143727374],[7.247403595967723,51.41133841167788],[7.293222820700168,51.44362432294896],[7.287112502772922,51.45357578065177],[7.342075498757213,51.45703576931214],[7.348196581789335,51.4826105423229]]]}},{"type":"Feature","properties":{"wkr_nr":140,"wkr_name":"Bochum I","state_name":"Nordrhein-Westfalen","elected_party":"spd","elected_party_share":0.4422,"zweitstimme_top_party":"spd","zweitstimme_top_share":0.3862,"turnout":0.730332283882714,"eligible_voters":210904.0,"erststimme_top6":[["spd",0.4422],["cdu",0.3563],["gruene",0.0683],["linke_pds",0.0683],["piraten",0.0305],["npd",0.0187]],"zweitstimme_top6":[["spd",0.3862],["cdu",0.3052],["gruene",0.0964],["linke_pds",0.079],["fdp",0.0385],["afd",0.0382]]},"geometry":{"type":"Polygon","coordinates":[[[7.205999985378002,51.521672544649945],[7.227539330919562,51.51748623991488],[7.247987713484015,51.45992364065349],[7.285285490926892,51.46244196194936],[7.287112502772922,51.45357578065177],[7.293222820700168,51.44362432294896],[7.247403595967723,51.41133841167788],[7.155302142198339,51.414255143727374],[7.137237699051309,51.42557083813894],[7.102284924411791,51.48110940597971],[7.137606721889266,51.49132361468542],[7.139542050576319,51.505411481394525],[7.185711575477121,51.507356390471294],[7.205999985378002,51.521672544649945]]]}},{"type":"Feature","properties":{"wkr_nr":141,"wkr_name":"Herne - Bochum II","state_name":"Nordrhein-Westfalen","elected_party":"spd","elected_party_share":0.4867,"zweitstimme_top_party":"spd","zweitstimme_top_share":0.4385,"turnout":0.689786912596667,"eligible_voters":184009.0,"erststimme_top6":[["spd",0.4867],["cdu",0.3036],["linke_pds",0.0763],["gruene",0.0578],["piraten",0.0303],["npd",0.0269]],"zweitstimme_top6":[["spd",0.4385],["cdu",0.2809],["linke_pds",0.0812],["gruene",0.0661],["afd",0.0395],["fdp",0.0282]]},"geometry":{"type":"Polygon","coordinates":[[[7.144576444319572,51.55208077823653],[7.179497295185371,51.552799713311856],[7.242775251232397,51.57326959544151],[7.296134193115913,51.54189735663985],[7.294761494415141,51.53163440635724],[7.314532296059948,51.52205317703676],[7.303894780050805,51.50476832436304],[7.323183820836181,51.48898555907303],[7.330690978512556,51.49460701938219],[7.348196581789335,51.4826105423229],[7.342075498757213,51.45703576931214],[7.287112502772922,51.45357578065177],[7.285285490926892,51.46244196194936],[7.247987713484015,51.45992364065349],[7.227539330919562,51.51748623991488],[7.205999985378002,51.521672544649945],[7.185711575477121,51.507356390471294],[7.139542050576319,51.505411481394525],[7.144315585084295,51.51328370625992],[7.123180481728652,51.55167323303354],[7.144576444319572,51.55208077823653]]]}},{"type":"Feature","properties":{"wkr_nr":142,"wkr_name":"Dortmund I","state_name":"Nordrhein-Westfalen","elected_party":"spd","elected_party_share":0.4545,"zweitstimme_top_party":"spd","zweitstimme_top_share":0.3809,"turnout":0.696582315163639,"eligible_voters":213946.0,"erststimme_top6":[["spd",0.4545],["cdu",0.3073],["gruene",0.0749],["linke_pds",0.0599],["afd",0.0352],["piraten",0.0256]],"zweitstimme_top6":[["spd",0.3809],["cdu",0.2896],["gruene",0.1073],["linke_pds",0.079],["fdp",0.0414],["afd",0.0411]]},"geometry":{"type":"Polygon","coordinates":[[[7.418811313691301,51.59994598825807],[7.42510214496536,51.59215721325219],[7.445717763391357,51.57968303098743],[7.435443368086274,51.52911682623499],[7.493465902516565,51.52848357741231],[7.515817763923837,51.517277101582444],[7.516632855917652,51.502220918252476],[7.471969829155669,51.49109870989743],[7.482283778624859,51.44610732293411],[7.467451579261355,51.43460389559738],[7.435291337525659,51.43505482816602],[7.389055462580691,51.47404870292078],[7.354733366385712,51.482037384119884],[7.348196581789335,51.4826105423229],[7.330690978512556,51.49460701938219],[7.323183820836181,51.48898555907303],[7.303894780050805,51.50476832436304],[7.314532296059948,51.52205317703676],[7.360764109750034,51.52762130265283],[7.338843473363258,51.57678546623393],[7.371697917378391,51.5893327033396],[7.396580923570385,51.587152088421114],[7.418811313691301,51.59994598825807]]]}},{"type":"Feature","properties":{"wkr_nr":143,"wkr_name":"Dortmund II","state_name":"Nordrhein-Westfalen","elected_party":"spd","elected_party_share":0.4673,"zweitstimme_top_party":"spd","zweitstimme_top_share":0.4094,"turnout":0.665226583325673,"eligible_voters":206701.0,"erststimme_top6":[["spd",0.4673],["cdu",0.3221],["linke_pds",0.0689],["gruene",0.068],["piraten",0.0298],["npd",0.0202]],"zweitstimme_top6":[["spd",0.4094],["cdu",0.2912],["gruene",0.0833],["linke_pds",0.0777],["afd",0.041],["fdp",0.0378]]},"geometry":{"type":"Polygon","coordinates":[[[7.445717763391357,51.57968303098743],[7.4898213701504,51.59257909748267],[7.504118490227682,51.58600508368282],[7.502541780235589,51.579117020873376],[7.520830437160755,51.577900418034965],[7.59031545611699,51.583340902330235],[7.608084578862279,51.548615701162134],[7.632476491965585,51.54955798540248],[7.636101363266993,51.52331578787529],[7.596799319430048,51.507659678170306],[7.60853016937785,51.48001211232685],[7.599097331350653,51.47096721768375],[7.584361092452592,51.46417564606111],[7.571397505775801,51.47503033243204],[7.545981284275008,51.46609571264111],[7.541651805820532,51.45133704920502],[7.504962595958387,51.42686721152749],[7.511228019207763,51.41770547079497],[7.464419422216142,51.416691847406206],[7.467451579261355,51.43460389559738],[7.482283778624859,51.44610732293411],[7.471969829155669,51.49109870989743],[7.516632855917652,51.502220918252476],[7.515817763923837,51.517277101582444],[7.493465902516565,51.52848357741231],[7.435443368086274,51.52911682623499],[7.445717763391357,51.57968303098743]]]}},{"type":"Feature","properties":{"wkr_nr":144,"wkr_name":"Unna I","state_name":"Nordrhein-Westfalen","elected_party":"spd","elected_party_share":0.4668,"zweitstimme_top_party":"spd","zweitstimme_top_share":0.4094,"turnout":0.740343283283684,"eligible_voters":200068.0,"erststimme_top6":[["spd",0.4668],["cdu",0.3585],["gruene",0.0563],["linke_pds",0.053],["piraten",0.0242],["fdp",0.0172]],"zweitstimme_top6":[["spd",0.4094],["cdu",0.3192],["gruene",0.0789],["linke_pds",0.0623],["fdp",0.0399],["afd",0.0377]]},"geometry":{"type":"Polygon","coordinates":[[[7.672993661385058,51.6611287228743],[7.674755369457525,51.65909323188717],[7.689354594266587,51.61273345585956],[7.715553821122651,51.61286964668811],[7.729466982133937,51.62600878377964],[7.786641664400945,51.61778750577515],[7.813987048070084,51.605124884812476],[7.827630219862416,51.5787493050595],[7.836068606526141,51.56072367280202],[7.831426121864323,51.50556923423137],[7.849867637218098,51.48593519909684],[7.837857872399245,51.47846539050702],[7.79825114384161,51.468114195600094],[7.701084481188099,51.474191115376975],[7.639727938677456,51.460105134130124],[7.613233588376934,51.446662748004314],[7.631596439426837,51.40459654044665],[7.614379123285084,51.387973530264674],[7.586430935510855,51.39055338152561],[7.533595228572454,51.402936622195426],[7.505751755002747,51.41413716810917],[7.511228019207763,51.41770547079497],[7.504962595958387,51.42686721152749],[7.541651805820532,51.45133704920502],[7.545981284275008,51.46609571264111],[7.571397505775801,51.47503033243204],[7.584361092452592,51.46417564606111],[7.599097331350653,51.47096721768375],[7.60853016937785,51.48001211232685],[7.596799319430048,51.507659678170306],[7.636101363266993,51.52331578787529],[7.632476491965585,51.54955798540248],[7.608084578862279,51.548615701162134],[7.59031545611699,51.583340902330235],[7.581437603048287,51.598776448307994],[7.561307946284349,51.60311950957783],[7.57206393488473,51.63398128089962],[7.672993661385058,51.6611287228743]]]}},{"type":"Feature","properties":{"wkr_nr":145,"wkr_name":"Hamm - Unna II","state_name":"Nordrhein-Westfalen","elected_party":"spd","elected_party_share":0.4316,"zweitstimme_top_party":"spd","zweitstimme_top_share":0.3848,"turnout":0.702832110411565,"eligible_voters":238091.0,"erststimme_top6":[["spd",0.4316],["cdu",0.3934],["linke_pds",0.0563],["gruene",0.05],["piraten",0.0238],["fdp",0.0209]],"zweitstimme_top6":[["spd",0.3848],["cdu",0.3687],["linke_pds",0.0629],["gruene",0.0604],["fdp",0.0372],["afd",0.0334]]},"geometry":{"type":"Polygon","coordinates":[[[7.737029928092801,51.73801935853683],[7.771790872058064,51.72542584246509],[7.825553900884494,51.74452856375777],[7.833752515080339,51.74137135399428],[7.83481554423393,51.73045602647768],[7.895769567280952,51.70531188692398],[7.945080684813314,51.700522127807915],[7.995981491553184,51.67254287351416],[7.953322300703362,51.6725728026638],[7.935769220729282,51.63625085017466],[7.911375325979975,51.613713993248346],[7.913745337107913,51.597470500767805],[7.827630219862416,51.5787493050595],[7.813987048070084,51.605124884812476],[7.786641664400945,51.61778750577515],[7.729466982133937,51.62600878377964],[7.715553821122651,51.61286964668811],[7.689354594266587,51.61273345585956],[7.674755369457525,51.65909323188717],[7.672993661385058,51.6611287228743],[7.57206393488473,51.63398128089962],[7.561307946284349,51.60311950957783],[7.581437603048287,51.598776448307994],[7.59031545611699,51.583340902330235],[7.520830437160755,51.577900418034965],[7.502541780235589,51.579117020873376],[7.504118490227682,51.58600508368282],[7.4898213701504,51.59257909748267],[7.445717763391357,51.57968303098743],[7.42510214496536,51.59215721325219],[7.418811313691301,51.59994598825807],[7.460906069761442,51.617556980551726],[7.463770459412835,51.63084643341059],[7.444290348213816,51.6468726827131],[7.417278914041603,51.661808960588836],[7.409231085099589,51.664333388487144],[7.409331660527943,51.67036226301825],[7.431144852610847,51.668736305071235],[7.448450113370628,51.676276270797345],[7.449880787530838,51.69299595956089],[7.422964998632121,51.70843553123843],[7.424027744792238,51.715628420956264],[7.468206907078592,51.73579955454111],[7.552905397814403,51.692251041612806],[7.668076778185237,51.72028733894821],[7.703697124069613,51.7130677989728],[7.737029928092801,51.73801935853683]]]}},{"type":"Feature","properties":{"wkr_nr":146,"wkr_name":"Soest","state_name":"Nordrhein-Westfalen","elected_party":"cdu","elected_party_share":0.4979,"zweitstimme_top_party":"cdu","zweitstimme_top_share":0.4477,"turnout":0.722785404048883,"eligible_voters":232311.0,"erststimme_top6":[["cdu",0.4979],["spd",0.3331],["gruene",0.0596],["linke_pds",0.05],["piraten",0.0241],["fdp",0.0234]],"zweitstimme_top6":[["cdu",0.4477],["spd",0.3036],["gruene",0.0696],["linke_pds",0.0525],["fdp",0.0495],["afd",0.0344]]},"geometry":{"type":"Polygon","coordinates":[[[8.320199464353154,51.72564122868027],[8.402499721699149,51.719468593969886],[8.437488741733054,51.71722236172704],[8.46183925714672,51.72394308385721],[8.476920285222853,51.714775587740796],[8.482955966192252,51.68648707405298],[8.573180390258784,51.65957644335271],[8.579241888419455,51.61972600544321],[8.493633758989194,51.587532435393236],[8.472266943016246,51.563480064576034],[8.480799291637416,51.54428428841564],[8.50926144481063,51.524140173988414],[8.520818543190337,51.4896870616399],[8.54784292059852,51.467770155747225],[8.41953190844151,51.40891317397026],[8.298460601502367,51.388834167952204],[8.264154188361603,51.403847472988794],[8.213845612193504,51.40810679051255],[8.199758763843192,51.42232267040409],[8.118767366848662,51.44687987482645],[8.053164153896608,51.44771183623093],[8.003269214697951,51.474595851792806],[7.953548475008869,51.466213559799336],[7.926043572032246,51.472248392110274],[7.90829386267661,51.49046598024656],[7.881059111862062,51.478454188980784],[7.881454458005222,51.46864636742494],[7.863851345654721,51.45785620584369],[7.837857872399245,51.47846539050702],[7.849867637218098,51.48593519909684],[7.831426121864323,51.50556923423137],[7.836068606526141,51.56072367280202],[7.827630219862416,51.5787493050595],[7.913745337107913,51.597470500767805],[7.911375325979975,51.613713993248346],[7.935769220729282,51.63625085017466],[7.953322300703362,51.6725728026638],[7.995981491553184,51.67254287351416],[7.945080684813314,51.700522127807915],[7.95785420340597,51.703870558344484],[7.9640057102431,51.72070197365256],[7.988046624786263,51.71777419959827],[8.057727663399884,51.71383064510609],[8.098455825880285,51.701947101864675],[8.119844705167798,51.71786136403601],[8.177394050885667,51.70032258723942],[8.210964264395967,51.69794600426006],[8.194295493251339,51.66148186406176],[8.218435962902262,51.658113399053036],[8.265631369424012,51.66363354151047],[8.29489916089347,51.676400410634265],[8.295860308989734,51.694681105025225],[8.320199464353154,51.72564122868027]]]}},{"type":"Feature","properties":{"wkr_nr":147,"wkr_name":"Hochsauerlandkreis","state_name":"Nordrhein-Westfalen","elected_party":"cdu","elected_party_share":0.5612,"zweitstimme_top_party":"cdu","zweitstimme_top_share":0.4967,"turnout":0.736724804319537,"eligible_voters":205948.0,"erststimme_top6":[["cdu",0.5612],["spd",0.2987],["gruene",0.0422],["linke_pds",0.0412],["piraten",0.0219],["fdp",0.0192]],"zweitstimme_top6":[["cdu",0.4967],["spd",0.2803],["fdp",0.0508],["gruene",0.0477],["linke_pds",0.047],["afd",0.0343]]},"geometry":{"type":"Polygon","coordinates":[[[8.853431124098359,51.547552540738316],[8.877970309885388,51.546479257587045],[8.896188605186307,51.52905207251544],[8.904311801065734,51.531093737231465],[8.910714897128242,51.52260996704679],[8.970313351178802,51.506621630559685],[8.890892732744168,51.48209827913576],[8.93410098254175,51.43135483286417],[8.947358024559588,51.42853642181217],[8.951694966430464,51.413166710941354],[8.939472803474512,51.389118793560264],[8.889861273654002,51.39266939411794],[8.854312810287349,51.37713542193979],[8.804182282513462,51.39075857271991],[8.732630332825492,51.372332314508306],[8.702807489244766,51.37577275876489],[8.654805915233492,51.34698734206817],[8.620741908587462,51.33648259156672],[8.556196567899335,51.277534718192044],[8.597385835866763,51.24684943703303],[8.696140629170403,51.274282941156386],[8.721429407698064,51.27489877480202],[8.734967854467437,51.26373011072686],[8.729283887523085,51.248303867783605],[8.752372783431817,51.175178574448935],[8.692258614428383,51.13243098800368],[8.70184661376717,51.11634018239286],[8.720353839546956,51.11406064225833],[8.656972537511452,51.09507737151821],[8.548836419156677,51.10261688266436],[8.546183090026386,51.113850753123224],[8.497074579403838,51.13657795397643],[8.484968347905646,51.14976750193023],[8.43056057920844,51.14203053014431],[8.340727492540598,51.09269636690808],[8.237375393276444,51.10382252079893],[8.241155098664995,51.11362638496413],[8.184854213702518,51.146038372000476],[8.169444921518108,51.14814263458738],[8.16141616352817,51.1371355395598],[8.130455796365139,51.14298960768696],[8.151303708905399,51.173547993723815],[8.105605138651352,51.20509613416566],[8.10269096467978,51.21525965728873],[8.121565222374455,51.230391652782465],[8.117303758496012,51.240799355232895],[7.946155067352935,51.2401919111785],[7.939369111203048,51.23413228226029],[7.923056263355784,51.2429753939124],[7.915297241344345,51.279331022857285],[7.931816280257971,51.33428861717062],[7.905614661721351,51.34774796391794],[7.90768538948498,51.37296843952144],[7.89143155105457,51.390228943076494],[7.89540846226849,51.41578516707124],[7.863851345654721,51.45785620584369],[7.881454458005222,51.46864636742494],[7.881059111862062,51.478454188980784],[7.90829386267661,51.49046598024656],[7.926043572032246,51.472248392110274],[7.953548475008869,51.466213559799336],[8.003269214697951,51.474595851792806],[8.053164153896608,51.44771183623093],[8.118767366848662,51.44687987482645],[8.199758763843192,51.42232267040409],[8.213845612193504,51.40810679051255],[8.264154188361603,51.403847472988794],[8.298460601502367,51.388834167952204],[8.41953190844151,51.40891317397026],[8.54784292059852,51.467770155747225],[8.57347008832825,51.46801127798181],[8.60152774503378,51.483176792594726],[8.691313625261529,51.468771873608794],[8.768412905738895,51.44745473007101],[8.836423215066844,51.495537428032975],[8.821456227537185,51.518751186833335],[8.809545589981893,51.52109693948073],[8.814759535495126,51.53942810195723],[8.853431124098359,51.547552540738316]]]}},{"type":"Feature","properties":{"wkr_nr":148,"wkr_name":"Siegen-Wittgenstein","state_name":"Nordrhein-Westfalen","elected_party":"cdu","elected_party_share":0.4577,"zweitstimme_top_party":"cdu","zweitstimme_top_share":0.4152,"turnout":0.725693044296434,"eligible_voters":215751.0,"erststimme_top6":[["cdu",0.4577],["spd",0.3652],["gruene",0.0505],["linke_pds",0.0445],["afd",0.0307],["fdp",0.0219]],"zweitstimme_top6":[["cdu",0.4152],["spd",0.32],["gruene",0.0642],["linke_pds",0.0576],["afd",0.0494],["fdp",0.0473]]},"geometry":{"type":"Polygon","coordinates":[[[8.497074579403838,51.13657795397643],[8.546183090026386,51.113850753123224],[8.548836419156677,51.10261688266436],[8.501359189507895,51.07975802703053],[8.526758788884031,51.06267228115882],[8.520439947538845,51.04316305457572],[8.537350941053166,51.02061726519523],[8.474554777494145,50.97641331246757],[8.477841840332573,50.96899579335649],[8.458680426826056,50.96651650435609],[8.450706552459438,50.932896613885774],[8.387381567202755,50.89108343227288],[8.385510883009475,50.875901927800854],[8.355515636234387,50.862004246850354],[8.32388873731367,50.863194902129976],[8.27565164494989,50.88257734698522],[8.188285173691554,50.82892551812064],[8.165882087361839,50.80341778084121],[8.125190784753839,50.78792578349484],[8.166881477341235,50.735763937887874],[8.125871807275217,50.68569499326131],[8.09908841909505,50.70359269367324],[8.079331981472365,50.706529519812925],[8.059796420705538,50.695033972533814],[8.038907131089449,50.69690530380086],[8.040354474611767,50.7268575642493],[7.969503039032642,50.77378863661056],[7.976379661740138,50.83033606549477],[7.967350957614174,50.84383285428358],[7.957467435812156,50.84898805106204],[7.918076866572757,50.84433262758116],[7.881990094260264,50.87448247109283],[7.828826501697845,50.88222824045071],[7.850014525194458,50.92483849837525],[7.911271815398496,50.924599769640864],[7.925457526247544,50.93391766485464],[7.942077456468675,50.98559036221158],[7.934576618583589,51.001812386935555],[7.956881818107516,51.02989679374796],[8.019938159351652,51.04079073872877],[8.021634507818206,51.022692211273615],[8.04221972926367,51.00497546732267],[8.070678002151318,51.00769114686332],[8.081004703487613,51.02318042871376],[8.13065720413788,51.021394930895724],[8.167413284052369,51.0059895491351],[8.201323887435022,51.02072894265703],[8.245079516303823,51.05536153942558],[8.246433451621034,51.06638879856394],[8.220837327803425,51.09053984360169],[8.237375393276444,51.10382252079893],[8.340727492540598,51.09269636690808],[8.43056057920844,51.14203053014431],[8.484968347905646,51.14976750193023],[8.497074579403838,51.13657795397643]]]}},{"type":"Feature","properties":{"wkr_nr":149,"wkr_name":"Olpe - Märkischer Kreis I","state_name":"Nordrhein-Westfalen","elected_party":"cdu","elected_party_share":0.5167,"zweitstimme_top_party":"cdu","zweitstimme_top_share":0.4797,"turnout":0.713677929765315,"eligible_voters":210836.0,"erststimme_top6":[["cdu",0.5167],["spd",0.3273],["linke_pds",0.0379],["gruene",0.0345],["afd",0.0264],["fdp",0.0241]],"zweitstimme_top6":[["cdu",0.4797],["spd",0.2821],["gruene",0.0519],["fdp",0.0517],["linke_pds",0.0478],["afd",0.0413]]},"geometry":{"type":"Polygon","coordinates":[[[7.518954140577974,51.265153000002854],[7.548968610958799,51.269412483254015],[7.582635511344423,51.295740269876255],[7.590878611566671,51.28459903857775],[7.61870489089915,51.28540159685139],[7.633087798874321,51.27552989043922],[7.653335787741123,51.242230150134574],[7.741664180934162,51.21882096399236],[7.774154468083423,51.22302118499256],[7.810810688118477,51.19074992745881],[7.797443456614716,51.17260006039318],[7.807503272839187,51.15246874305953],[7.927865806082353,51.173975183374225],[7.951235560310789,51.21980888501855],[7.939369111203048,51.23413228226029],[7.946155067352935,51.2401919111785],[8.117303758496012,51.240799355232895],[8.121565222374455,51.230391652782465],[8.10269096467978,51.21525965728873],[8.105605138651352,51.20509613416566],[8.151303708905399,51.173547993723815],[8.130455796365139,51.14298960768696],[8.16141616352817,51.1371355395598],[8.169444921518108,51.14814263458738],[8.184854213702518,51.146038372000476],[8.241155098664995,51.11362638496413],[8.237375393276444,51.10382252079893],[8.220837327803425,51.09053984360169],[8.246433451621034,51.06638879856394],[8.245079516303823,51.05536153942558],[8.201323887435022,51.02072894265703],[8.167413284052369,51.0059895491351],[8.13065720413788,51.021394930895724],[8.081004703487613,51.02318042871376],[8.070678002151318,51.00769114686332],[8.04221972926367,51.00497546732267],[8.021634507818206,51.022692211273615],[8.019938159351652,51.04079073872877],[7.956881818107516,51.02989679374796],[7.934576618583589,51.001812386935555],[7.942077456468675,50.98559036221158],[7.925457526247544,50.93391766485464],[7.911271815398496,50.924599769640864],[7.850014525194458,50.92483849837525],[7.828518961651558,50.92895795792469],[7.786470192689182,50.94005658453001],[7.781411270091336,50.979891172874545],[7.748712519309271,50.97785044554011],[7.725588842624449,50.9975830723958],[7.733197688240493,51.033058489248546],[7.703830311021159,51.06224821569848],[7.713649318604357,51.073162070105134],[7.687490648294214,51.083273276069654],[7.626336317833545,51.06880822151878],[7.600774577155897,51.08169414166944],[7.599533293323414,51.09980340143402],[7.582246642692792,51.10564475994308],[7.502863045755706,51.102938946759004],[7.494229559366661,51.12720938545795],[7.420512061316305,51.18858857459011],[7.432440422897864,51.214373571285456],[7.501161203467073,51.2428092661233],[7.495021788214773,51.25188303262632],[7.518954140577974,51.265153000002854]]]}},{"type":"Feature","properties":{"wkr_nr":150,"wkr_name":"Märkischer Kreis II","state_name":"Nordrhein-Westfalen","elected_party":"spd","elected_party_share":0.4169,"zweitstimme_top_party":"cdu","zweitstimme_top_share":0.4147,"turnout":0.704193725174476,"eligible_voters":206189.0,"erststimme_top6":[["spd",0.4169],["cdu",0.4165],["linke_pds",0.0483],["afd",0.0328],["gruene",0.0313],["piraten",0.0217]],"zweitstimme_top6":[["cdu",0.4147],["spd",0.3226],["linke_pds",0.059],["gruene",0.0555],["afd",0.0496],["fdp",0.0448]]},"geometry":{"type":"Polygon","coordinates":[[[7.837857872399245,51.47846539050702],[7.863851345654721,51.45785620584369],[7.89540846226849,51.41578516707124],[7.89143155105457,51.390228943076494],[7.90768538948498,51.37296843952144],[7.905614661721351,51.34774796391794],[7.931816280257971,51.33428861717062],[7.915297241344345,51.279331022857285],[7.923056263355784,51.2429753939124],[7.939369111203048,51.23413228226029],[7.951235560310789,51.21980888501855],[7.927865806082353,51.173975183374225],[7.807503272839187,51.15246874305953],[7.797443456614716,51.17260006039318],[7.810810688118477,51.19074992745881],[7.774154468083423,51.22302118499256],[7.741664180934162,51.21882096399236],[7.653335787741123,51.242230150134574],[7.633087798874321,51.27552989043922],[7.61870489089915,51.28540159685139],[7.590878611566671,51.28459903857775],[7.582635511344423,51.295740269876255],[7.586430935510855,51.39055338152561],[7.614379123285084,51.387973530264674],[7.631596439426837,51.40459654044665],[7.613233588376934,51.446662748004314],[7.639727938677456,51.460105134130124],[7.701084481188099,51.474191115376975],[7.79825114384161,51.468114195600094],[7.837857872399245,51.47846539050702]]]}},{"type":"Feature","properties":{"wkr_nr":151,"wkr_name":"Nordsachsen","state_name":"Sachsen","elected_party":"cdu","elected_party_share":0.4559,"zweitstimme_top_party":"cdu","zweitstimme_top_share":0.4491,"turnout":0.66434097039035,"eligible_voters":168695.0,"erststimme_top6":[["cdu",0.4559],["linke_pds",0.2178],["spd",0.2039],["npd",0.0509],["gruene",0.0311],["fdp",0.0208]],"zweitstimme_top6":[["cdu",0.4491],["linke_pds",0.206],["spd",0.154],["afd",0.0614],["npd",0.0388],["gruene",0.0285]]},"geometry":{"type":"Polygon","coordinates":[[[12.846745456036537,51.68316246066442],[12.86483822023377,51.65794464416891],[12.900112440275276,51.64649588348081],[12.965398323613387,51.65267545472705],[12.967316627227643,51.66506102746789],[12.996144960123056,51.66930315235325],[13.018573182608348,51.65808992070197],[13.023328660763404,51.63697151820362],[13.050138584014528,51.647316301394824],[13.085265144709748,51.60844691400068],[13.094165308820314,51.605165931040816],[13.114521713520586,51.61532749568581],[13.161492077539828,51.592291891343955],[13.1431455496769,51.56852840326399],[13.187821575127465,51.551664844749624],[13.2085297445856,51.51103042680453],[13.182857623095204,51.47535604176648],[13.204243710698416,51.457219930227005],[13.187069099322834,51.42468730333847],[13.20960327217459,51.40622547508417],[13.18132442795672,51.379258679284426],[13.204302458758207,51.36987153377402],[13.21035685355202,51.345409420990975],[13.202530133777227,51.330183526893],[13.215450138402554,51.26934926392222],[13.198467157807203,51.23514822375863],[13.10952804451836,51.213114880248554],[13.047993886774938,51.20751273760232],[13.016307843212337,51.20638470792154],[12.990867350348147,51.22190452711349],[12.961566878720332,51.22518009462932],[12.928519497955005,51.21792609530722],[12.906553256946705,51.22898167391375],[12.923088856829557,51.26751718882049],[12.897390399229685,51.27768646781538],[12.868684637702849,51.306066129790004],[12.898285223450468,51.32561026808465],[12.898404729615061,51.34644227769278],[12.908893297411023,51.35475439434343],[12.926456680512148,51.3511707874446],[12.937374755646172,51.360856410396266],[12.922029285381848,51.37472737708973],[12.911829755709874,51.37240120574582],[12.901698432325954,51.395373152485504],[12.937281940666011,51.39586169622717],[12.940516579721189,51.41387847411723],[12.903510454694164,51.43431873308074],[12.814960355113305,51.453912140814126],[12.795084778538227,51.4675577865208],[12.779499080204472,51.467247362096565],[12.712431862936517,51.44590992631812],[12.667273765472807,51.446222780979255],[12.643695507953591,51.409961966401085],[12.610947540039076,51.38235459193149],[12.498212509716135,51.362509210158095],[12.461944913001965,51.36688079911475],[12.474207972860317,51.37112840871492],[12.469120538564258,51.402170378908636],[12.4917216566942,51.43189000983935],[12.452182472609543,51.437519350415904],[12.369980591131071,51.41647665201742],[12.258767580205742,51.41952188514097],[12.242975724429442,51.34818570163605],[12.192908247729667,51.33251194253611],[12.172538799400018,51.40999562784856],[12.192068978514648,51.421450851038585],[12.158411189667127,51.44326555412452],[12.153000334025638,51.4573920160389],[12.203055946416818,51.48526267941598],[12.191404748071358,51.520118644385796],[12.197851587912556,51.531586644234],[12.253537688866258,51.56061031395417],[12.29237264824828,51.56092817996235],[12.33715253722854,51.5860300188352],[12.423333732000028,51.58787797126097],[12.44320741338943,51.60990811589815],[12.54224342572705,51.60630850183534],[12.573932286457854,51.615275924419734],[12.57960638504231,51.626035155824496],[12.609183518349406,51.62677144468423],[12.61056515763666,51.61190130113992],[12.665614870261408,51.63190221834886],[12.691697552378516,51.66265597372207],[12.77239491206842,51.64745710313412],[12.846745456036537,51.68316246066442]]]}},{"type":"Feature","properties":{"wkr_nr":152,"wkr_name":"Leipzig I","state_name":"Sachsen","elected_party":"cdu","elected_party_share":0.4,"zweitstimme_top_party":"cdu","zweitstimme_top_share":0.369,"turnout":0.657747937811229,"eligible_voters":210456.0,"erststimme_top6":[["cdu",0.4],["linke_pds",0.234],["spd",0.2164],["gruene",0.0563],["npd",0.0329],["piraten",0.0296]],"zweitstimme_top6":[["cdu",0.369],["linke_pds",0.2129],["spd",0.1848],["gruene",0.0692],["afd",0.0614],["piraten",0.0319]]},"geometry":{"type":"Polygon","coordinates":[[[12.4917216566942,51.43189000983935],[12.469120538564258,51.402170378908636],[12.474207972860317,51.37112840871492],[12.461944913001965,51.36688079911475],[12.498212509716135,51.362509210158095],[12.508342097753406,51.34791234777505],[12.524901249505925,51.35025782314324],[12.53689853200963,51.341203882851005],[12.543533345243029,51.32557631377624],[12.537911612925454,51.30693735921816],[12.504427228740731,51.302760327120566],[12.505283227799547,51.31655133666925],[12.439375128351925,51.318004055761065],[12.404943502255726,51.35336729771359],[12.393870067137314,51.362392776155616],[12.380296621035985,51.35229904888291],[12.332035730941769,51.3593709708048],[12.340352636911371,51.32670581581937],[12.259303432447952,51.33556346098838],[12.242975724429442,51.34818570163605],[12.258767580205742,51.41952188514097],[12.369980591131071,51.41647665201742],[12.452182472609543,51.437519350415904],[12.4917216566942,51.43189000983935]]]}},{"type":"Feature","properties":{"wkr_nr":153,"wkr_name":"Leipzig II","state_name":"Sachsen","elected_party":"cdu","elected_party_share":0.3429,"zweitstimme_top_party":"cdu","zweitstimme_top_share":0.3256,"turnout":0.700134173242672,"eligible_voters":219865.0,"erststimme_top6":[["cdu",0.3429],["linke_pds",0.2486],["spd",0.2339],["gruene",0.0904],["piraten",0.0258],["npd",0.0204]],"zweitstimme_top6":[["cdu",0.3256],["linke_pds",0.2254],["spd",0.1891],["gruene",0.1122],["afd",0.0506],["piraten",0.0387]]},"geometry":{"type":"Polygon","coordinates":[[[12.259303432447952,51.33556346098838],[12.340352636911371,51.32670581581937],[12.332035730941769,51.3593709708048],[12.380296621035985,51.35229904888291],[12.393870067137314,51.362392776155616],[12.404943502255726,51.35336729771359],[12.439375128351925,51.318004055761065],[12.505283227799547,51.31655133666925],[12.504427228740731,51.302760327120566],[12.48718299994943,51.2585625270866],[12.447957353431699,51.26638812575054],[12.448470487932282,51.28247741812892],[12.367196498685606,51.286735606517794],[12.321823380499369,51.26784921739659],[12.313771031987985,51.24367308741187],[12.251590945626578,51.23955671500828],[12.236753162039909,51.326553500902946],[12.259303432447952,51.33556346098838]]]}},{"type":"Feature","properties":{"wkr_nr":154,"wkr_name":"Leipzig-Land","state_name":"Sachsen","elected_party":"cdu","elected_party_share":0.5128,"zweitstimme_top_party":"cdu","zweitstimme_top_share":0.4581,"turnout":0.68755444646098,"eligible_voters":220400.0,"erststimme_top6":[["cdu",0.5128],["linke_pds",0.2142],["spd",0.1583],["npd",0.0408],["gruene",0.033],["piraten",0.0215]],"zweitstimme_top6":[["cdu",0.4581],["linke_pds",0.1992],["spd",0.152],["afd",0.0641],["gruene",0.0328],["npd",0.0302]]},"geometry":{"type":"Polygon","coordinates":[[[12.498212509716135,51.362509210158095],[12.610947540039076,51.38235459193149],[12.643695507953591,51.409961966401085],[12.667273765472807,51.446222780979255],[12.712431862936517,51.44590992631812],[12.779499080204472,51.467247362096565],[12.795084778538227,51.4675577865208],[12.814960355113305,51.453912140814126],[12.903510454694164,51.43431873308074],[12.940516579721189,51.41387847411723],[12.937281940666011,51.39586169622717],[12.901698432325954,51.395373152485504],[12.911829755709874,51.37240120574582],[12.922029285381848,51.37472737708973],[12.937374755646172,51.360856410396266],[12.926456680512148,51.3511707874446],[12.908893297411023,51.35475439434343],[12.898404729615061,51.34644227769278],[12.898285223450468,51.32561026808465],[12.868684637702849,51.306066129790004],[12.897390399229685,51.27768646781538],[12.923088856829557,51.26751718882049],[12.906553256946705,51.22898167391375],[12.928519497955005,51.21792609530722],[12.922927777537035,51.210137740989786],[12.893468542131693,51.20864616197341],[12.86285422714669,51.16547823651222],[12.864391367769851,51.14698238408761],[12.89546526545503,51.131314367559085],[12.890619614797288,51.09966768812867],[12.806282540802563,51.09262346803988],[12.741033977686415,51.10773831400138],[12.714984278946176,51.0611152255651],[12.728821695576988,51.051216969449655],[12.74170869322222,51.00023327900228],[12.705360685977057,51.007147167017145],[12.684214000533657,50.98550609942875],[12.617289572395356,50.98140274598758],[12.607479685745973,50.99696403177961],[12.580221114210456,50.988257568591564],[12.506617048968991,51.016792061102244],[12.506835694614468,51.05255038713258],[12.495163089292012,51.06664672479413],[12.45086310617871,51.07794787573283],[12.368248964251768,51.078704641767885],[12.353809444368286,51.08448360638805],[12.356199731539306,51.09469762213064],[12.33296976144381,51.1038961512872],[12.28459208008437,51.09041454233452],[12.278252023627479,51.09924313815585],[12.225991961732687,51.106035138687794],[12.21244995883577,51.13880089284488],[12.196403232571447,51.14197964881068],[12.191338611118057,51.19551021049622],[12.20007448275467,51.21247084378271],[12.189541261834027,51.257502594612845],[12.173944139902872,51.25824771143432],[12.170786013240905,51.275705053086476],[12.14687473613054,51.320055899642696],[12.192908247729667,51.33251194253611],[12.242975724429442,51.34818570163605],[12.259303432447952,51.33556346098838],[12.236753162039909,51.326553500902946],[12.251590945626578,51.23955671500828],[12.313771031987985,51.24367308741187],[12.321823380499369,51.26784921739659],[12.367196498685606,51.286735606517794],[12.448470487932282,51.28247741812892],[12.447957353431699,51.26638812575054],[12.48718299994943,51.2585625270866],[12.504427228740731,51.302760327120566],[12.537911612925454,51.30693735921816],[12.543533345243029,51.32557631377624],[12.53689853200963,51.341203882851005],[12.524901249505925,51.35025782314324],[12.508342097753406,51.34791234777505],[12.498212509716135,51.362509210158095]]]}},{"type":"Feature","properties":{"wkr_nr":155,"wkr_name":"Meißen","state_name":"Sachsen","elected_party":"cdu","elected_party_share":0.5362,"zweitstimme_top_party":"cdu","zweitstimme_top_share":0.4513,"turnout":0.702877048745302,"eligible_voters":207261.0,"erststimme_top6":[["cdu",0.5362],["linke_pds",0.1768],["spd",0.1265],["npd",0.0452],["gruene",0.0337],["piraten",0.0252]],"zweitstimme_top6":[["cdu",0.4513],["linke_pds",0.1867],["spd",0.1259],["afd",0.0712],["gruene",0.04],["npd",0.039]]},"geometry":{"type":"Polygon","coordinates":[[[13.20960327217459,51.40622547508417],[13.21550907971655,51.39600045308867],[13.28606971392411,51.3994011917092],[13.285038962939657,51.4113311169006],[13.32754779171947,51.43284321144857],[13.38198736983563,51.435999535233655],[13.406366401577015,51.447305484304465],[13.420106628328769,51.43903946408253],[13.430600407774365,51.428736451602894],[13.466706877584969,51.421998111419065],[13.475733435582402,51.41076566676081],[13.520527125154228,51.40355009119677],[13.52456332422348,51.38446903168107],[13.543213289656485,51.3692032581384],[13.57048723311271,51.38564839632053],[13.599953271798125,51.36879154588679],[13.682701382677452,51.36762465366313],[13.690505695956592,51.374036513811475],[13.707998075361205,51.36474712154978],[13.763909929283775,51.35826437763931],[13.835250860787832,51.377161197229434],[13.856109507839877,51.339301077018995],[13.826500761285157,51.34161330915989],[13.800527652949308,51.30428244372339],[13.79613301353545,51.24548416379884],[13.811017982516239,51.23025706422182],[13.762920714641744,51.2160261199207],[13.795479605282594,51.19887040294853],[13.764863226073148,51.175698453769044],[13.742251636119061,51.176659039869534],[13.762493316808909,51.1430047311548],[13.742521797212788,51.133398983215905],[13.71995515484272,51.14032724785188],[13.697287375220615,51.090752179855045],[13.618851044753432,51.103760641490844],[13.592152173541864,51.095019218300784],[13.599015697663615,51.084862787079814],[13.579413666181624,51.06647281268409],[13.534984967143512,51.05918106267972],[13.485726077456267,51.06658686027972],[13.426512904396532,51.05287260716636],[13.426177962570272,51.034872805249336],[13.383918048736206,51.05186087363316],[13.366743125246165,51.05121892027106],[13.326085131362376,51.0373184182236],[13.27543456815669,51.032147185194475],[13.236339475723714,51.007806649142196],[13.230890339846203,51.01366779275006],[13.25300478111363,51.03761190564364],[13.259642257806286,51.069164041962594],[13.252925800951097,51.16184812132682],[13.213764386112782,51.1828120815462],[13.198467157807203,51.23514822375863],[13.215450138402554,51.26934926392222],[13.202530133777227,51.330183526893],[13.21035685355202,51.345409420990975],[13.204302458758207,51.36987153377402],[13.18132442795672,51.379258679284426],[13.20960327217459,51.40622547508417]]]}},{"type":"Feature","properties":{"wkr_nr":156,"wkr_name":"Bautzen I","state_name":"Sachsen","elected_party":"cdu","elected_party_share":0.4921,"zweitstimme_top_party":"cdu","zweitstimme_top_share":0.4561,"turnout":0.693951529996514,"eligible_voters":223726.0,"erststimme_top6":[["cdu",0.4921],["linke_pds",0.2135],["spd",0.1136],["npd",0.0478],["other",0.033],["freie_wahler",0.0297]],"zweitstimme_top6":[["cdu",0.4561],["linke_pds",0.1993],["spd",0.1217],["afd",0.0711],["npd",0.0413],["fdp",0.0311]]},"geometry":{"type":"Polygon","coordinates":[[[14.447047009558025,51.543066440094],[14.450829833622988,51.53882263275595],[14.453239053937592,51.51231441335043],[14.472661642839705,51.509121717682355],[14.479277757354343,51.493890034796095],[14.471614477805533,51.475772136171415],[14.524511408237055,51.432583118831104],[14.486349010003543,51.39695634934755],[14.46450200394128,51.35790958140339],[14.471791742610087,51.32351117906955],[14.51069108876042,51.32908720386693],[14.544425480488563,51.356511831464964],[14.533377391808855,51.340434863398926],[14.563608225417312,51.31902043522741],[14.576721707469385,51.323822920389304],[14.592964278497504,51.3193157094767],[14.60500286540757,51.30739918204613],[14.628501448562158,51.2390330618952],[14.619889733411323,51.230025141922525],[14.660429233247537,51.21158068388254],[14.69804493719644,51.18049049514515],[14.680084474575107,51.15384522048127],[14.664450220502946,51.15425455998823],[14.582902734105803,51.10559081871358],[14.560976506262485,51.081926154354406],[14.473498745169529,51.07378692265946],[14.492239102327652,51.044248078030186],[14.491486229651505,51.023544633884676],[14.453333687834208,51.03691742592282],[14.409726142367466,51.01944994411248],[14.335094990805404,51.04017042256243],[14.318507912202605,51.053674951069425],[14.320300945659337,51.067952412834536],[14.203970151310484,51.086733698452534],[14.18496075372246,51.08764281284177],[14.169838536402828,51.06814242724244],[14.142311907101321,51.07590964509522],[14.131755970700656,51.09047283343169],[14.100245039850957,51.073693119264156],[14.063728931964054,51.073827335372265],[14.045799680834877,51.08489459312847],[14.024138433567257,51.09201024183504],[14.001664982578557,51.12130649996604],[14.074591518058583,51.12870409531612],[14.108400994865365,51.150686787538326],[14.105713429586753,51.16765930159396],[14.095609981311576,51.17229876731346],[14.039473541235948,51.16426032970785],[14.010291345015816,51.16777529851722],[13.978965341326886,51.154492990929704],[13.931051670713877,51.162035135525244],[13.92246064847402,51.20307135954642],[13.854472846099842,51.194994142604095],[13.795479605282594,51.19887040294853],[13.762920714641744,51.2160261199207],[13.811017982516239,51.23025706422182],[13.79613301353545,51.24548416379884],[13.800527652949308,51.30428244372339],[13.826500761285157,51.34161330915989],[13.856109507839877,51.339301077018995],[13.835250860787832,51.377161197229434],[13.840679998915933,51.381848572413425],[13.878593082944548,51.37490796410863],[13.909724814982555,51.378505837541155],[13.955151763386063,51.39719275822639],[14.002103126121387,51.386411358149324],[14.04651553317136,51.41899305804361],[14.056948370580159,51.46015309069163],[14.100957387806158,51.514388198548076],[14.136629781089413,51.54328531648207],[14.162854565819815,51.540861002932374],[14.273107351378918,51.53273511509126],[14.342603057039755,51.51075755408435],[14.387842333430012,51.542660107469025],[14.447047009558025,51.543066440094]]]}},{"type":"Feature","properties":{"wkr_nr":157,"wkr_name":"Görlitz","state_name":"Sachsen","elected_party":"cdu","elected_party_share":0.4957,"zweitstimme_top_party":"cdu","zweitstimme_top_share":0.4408,"turnout":0.683964331392489,"eligible_voters":223614.0,"erststimme_top6":[["cdu",0.4957],["linke_pds",0.1974],["spd",0.1519],["npd",0.0556],["gruene",0.0337],["piraten",0.0259]],"zweitstimme_top6":[["cdu",0.4408],["linke_pds",0.1959],["spd",0.1256],["afd",0.0822],["npd",0.0424],["gruene",0.0336]]},"geometry":{"type":"Polygon","coordinates":[[[14.447047009558025,51.543066440094],[14.454453210666184,51.55771197596747],[14.51548146661938,51.553946183789],[14.542521408813085,51.55989648588288],[14.565263223493698,51.577509007145295],[14.598960188603888,51.567757125111015],[14.608928213909113,51.551881370126466],[14.673739171866684,51.550737901074704],[14.701584754536926,51.58331781267564],[14.715135051220722,51.59032638451364],[14.729539140512783,51.58190625125865],[14.72687596240866,51.57588292513202],[14.711378536692274,51.56194909072092],[14.734731279509678,51.52662904187512],[14.796467661568606,51.51790843756604],[14.871102553385594,51.4852417679509],[14.921122028563413,51.48283871515762],[14.950933278366689,51.47101914309504],[14.97430341521945,51.44227728829548],[14.96922876187578,51.39904679388231],[14.960394038671412,51.39552060927077],[14.97718043281126,51.34263933218467],[15.03378517076437,51.294130642851925],[15.041902928252913,51.27415781778105],[15.038387654218116,51.24586141138718],[15.016777204230664,51.22794726305828],[14.9970437186472,51.12339472879301],[14.977856864742996,51.07914807021268],[14.947708436557466,51.043563192934],[14.896910503587026,50.94045546282416],[14.818821842913524,50.87571102293176],[14.793327110579728,50.82054776059424],[14.731589656609472,50.82520808697062],[14.717580601032642,50.834308376446614],[14.618822503298507,50.85804185136149],[14.651837911818099,50.9073133008554],[14.650927464001917,50.932777946178916],[14.58332659405825,50.914797333352396],[14.563209980531335,50.91979029732402],[14.559845733691056,50.92613809560307],[14.595106520292735,50.96363061391025],[14.597466535106403,50.987129632239],[14.561276712783568,51.007976387414935],[14.518160561955508,51.02025446286286],[14.507834871370726,51.0429559744059],[14.492239102327652,51.044248078030186],[14.473498745169529,51.07378692265946],[14.560976506262485,51.081926154354406],[14.582902734105803,51.10559081871358],[14.664450220502946,51.15425455998823],[14.680084474575107,51.15384522048127],[14.69804493719644,51.18049049514515],[14.660429233247537,51.21158068388254],[14.619889733411323,51.230025141922525],[14.628501448562158,51.2390330618952],[14.60500286540757,51.30739918204613],[14.592964278497504,51.3193157094767],[14.576721707469385,51.323822920389304],[14.563608225417312,51.31902043522741],[14.533377391808855,51.340434863398926],[14.544425480488563,51.356511831464964],[14.51069108876042,51.32908720386693],[14.471791742610087,51.32351117906955],[14.46450200394128,51.35790958140339],[14.486349010003543,51.39695634934755],[14.524511408237055,51.432583118831104],[14.471614477805533,51.475772136171415],[14.479277757354343,51.493890034796095],[14.472661642839705,51.509121717682355],[14.453239053937592,51.51231441335043],[14.450829833622988,51.53882263275595],[14.447047009558025,51.543066440094]]]}},{"type":"Feature","properties":{"wkr_nr":158,"wkr_name":"Sächsische Schweiz - Osterzgebirge","state_name":"Sachsen","elected_party":"cdu","elected_party_share":0.5018,"zweitstimme_top_party":"cdu","zweitstimme_top_share":0.4599,"turnout":0.709629750856791,"eligible_voters":207752.0,"erststimme_top6":[["cdu",0.5018],["linke_pds",0.1904],["spd",0.1067],["npd",0.0665],["freie_wahler",0.0579],["gruene",0.0293]],"zweitstimme_top6":[["cdu",0.4599],["linke_pds",0.1714],["spd",0.1094],["afd",0.0788],["npd",0.0508],["gruene",0.0356]]},"geometry":{"type":"Polygon","coordinates":[[[14.045799680834877,51.08489459312847],[14.063728931964054,51.073827335372265],[14.100245039850957,51.073693119264156],[14.131755970700656,51.09047283343169],[14.142311907101321,51.07590964509522],[14.169838536402828,51.06814242724244],[14.18496075372246,51.08764281284177],[14.203970151310484,51.086733698452534],[14.320300945659337,51.067952412834536],[14.318507912202605,51.053674951069425],[14.296109619699987,51.051555848281204],[14.257518199584604,50.989862847649746],[14.315062442210358,50.95289443407721],[14.395765546356031,50.93710781689766],[14.400748257578002,50.92391715700141],[14.387529442638115,50.89997247881689],[14.304571470254167,50.884415816503406],[14.267517775081823,50.895819390583036],[14.24179702376099,50.88699678929599],[14.222032579664567,50.858733576267475],[14.096845670002482,50.82610281964856],[14.078563093173164,50.813487135587536],[14.023822458886668,50.80872751254365],[13.98598291533057,50.81638747595592],[13.954374064334976,50.80745026249654],[13.937802224127948,50.7900026143412],[13.898590469502635,50.79229720564083],[13.887754419153874,50.76974407841887],[13.899888608694226,50.74952270098994],[13.854945459688409,50.7270976531086],[13.82716928243904,50.72428963085903],[13.774943724246517,50.73651464799453],[13.726188776738304,50.732170983948414],[13.710104662306495,50.72337239051594],[13.652394929408105,50.730280148470385],[13.61259952771817,50.74910910029693],[13.594949291946039,50.775751009677705],[13.567551394941363,50.77318838494032],[13.551659301662392,50.78293697291786],[13.565133193568455,50.810349213289676],[13.506069483418393,50.84513673665156],[13.487670826013995,50.89360721172055],[13.46014823757674,50.902122712796604],[13.4480130496255,50.939931511888645],[13.428048678802513,50.94435442910481],[13.451075108710679,50.982026430097335],[13.434596779747304,50.98395509959251],[13.427485066451801,50.994329349672945],[13.445217273783365,51.020237567987905],[13.426177962570272,51.034872805249336],[13.426512904396532,51.05287260716636],[13.485726077456267,51.06658686027972],[13.534984967143512,51.05918106267972],[13.579413666181624,51.06647281268409],[13.583264981111965,51.04527131177805],[13.663961417523213,51.030064277552576],[13.680533668591929,51.01321820743301],[13.689513617483422,51.000682201921116],[13.736775164970975,51.00867009970176],[13.789882337586171,50.9857950099278],[13.791546902907323,50.977154862779564],[13.82291249366224,50.9767500873864],[13.856655008567449,50.99325952359546],[13.879787564424257,50.98223733576736],[13.883266325178592,50.98794171059877],[13.963018579819323,51.032922570692364],[13.96204115455839,51.06189271628152],[13.984418009218908,51.07009985479392],[14.033752554977376,51.068421136147535],[14.045799680834877,51.08489459312847]]]}},{"type":"Feature","properties":{"wkr_nr":159,"wkr_name":"Dresden I","state_name":"Sachsen","elected_party":"cdu","elected_party_share":0.4258,"zweitstimme_top_party":"cdu","zweitstimme_top_share":0.3985,"turnout":0.741989527898467,"eligible_voters":233382.0,"erststimme_top6":[["cdu",0.4258],["linke_pds",0.25],["spd",0.1486],["gruene",0.0612],["piraten",0.0306],["npd",0.0305]],"zweitstimme_top6":[["cdu",0.3985],["linke_pds",0.1899],["spd",0.1545],["gruene",0.079],["afd",0.069],["piraten",0.0356]]},"geometry":{"type":"Polygon","coordinates":[[[13.680533668591929,51.01321820743301],[13.722241344101544,51.02849573498149],[13.688588545755522,51.064542321449274],[13.711247590916209,51.07656148472867],[13.73305190643128,51.065613315449866],[13.750786694507926,51.053237715889615],[13.805998784443549,51.059213639676244],[13.851249798979145,51.01639976787289],[13.872191636857714,51.00762790131976],[13.883266325178592,50.98794171059877],[13.879787564424257,50.98223733576736],[13.856655008567449,50.99325952359546],[13.82291249366224,50.9767500873864],[13.791546902907323,50.977154862779564],[13.789882337586171,50.9857950099278],[13.736775164970975,51.00867009970176],[13.689513617483422,51.000682201921116],[13.680533668591929,51.01321820743301]]]}},{"type":"Feature","properties":{"wkr_nr":160,"wkr_name":"Dresden II - Bautzen II","state_name":"Sachsen","elected_party":"cdu","elected_party_share":0.418,"zweitstimme_top_party":"cdu","zweitstimme_top_share":0.3861,"turnout":0.736086655833273,"eligible_voters":235691.0,"erststimme_top6":[["cdu",0.418],["linke_pds",0.1912],["spd",0.1476],["gruene",0.0977],["piraten",0.046],["freie_wahler",0.0365]],"zweitstimme_top6":[["cdu",0.3861],["linke_pds",0.1814],["spd",0.1399],["gruene",0.0952],["afd",0.0697],["piraten",0.0439]]},"geometry":{"type":"Polygon","coordinates":[[[13.795479605282594,51.19887040294853],[13.854472846099842,51.194994142604095],[13.92246064847402,51.20307135954642],[13.931051670713877,51.162035135525244],[13.978965341326886,51.154492990929704],[14.010291345015816,51.16777529851722],[14.039473541235948,51.16426032970785],[14.095609981311576,51.17229876731346],[14.105713429586753,51.16765930159396],[14.108400994865365,51.150686787538326],[14.074591518058583,51.12870409531612],[14.001664982578557,51.12130649996604],[14.024138433567257,51.09201024183504],[14.045799680834877,51.08489459312847],[14.033752554977376,51.068421136147535],[13.984418009218908,51.07009985479392],[13.96204115455839,51.06189271628152],[13.963018579819323,51.032922570692364],[13.883266325178592,50.98794171059877],[13.872191636857714,51.00762790131976],[13.851249798979145,51.01639976787289],[13.805998784443549,51.059213639676244],[13.750786694507926,51.053237715889615],[13.73305190643128,51.065613315449866],[13.711247590916209,51.07656148472867],[13.688588545755522,51.064542321449274],[13.722241344101544,51.02849573498149],[13.680533668591929,51.01321820743301],[13.663961417523213,51.030064277552576],[13.583264981111965,51.04527131177805],[13.579413666181624,51.06647281268409],[13.599015697663615,51.084862787079814],[13.592152173541864,51.095019218300784],[13.618851044753432,51.103760641490844],[13.697287375220615,51.090752179855045],[13.71995515484272,51.14032724785188],[13.742521797212788,51.133398983215905],[13.762493316808909,51.1430047311548],[13.742251636119061,51.176659039869534],[13.764863226073148,51.175698453769044],[13.795479605282594,51.19887040294853]]]}},{"type":"Feature","properties":{"wkr_nr":161,"wkr_name":"Mittelsachsen","state_name":"Sachsen","elected_party":"cdu","elected_party_share":0.519,"zweitstimme_top_party":"cdu","zweitstimme_top_share":0.4532,"turnout":0.691000916094306,"eligible_voters":210677.0,"erststimme_top6":[["cdu",0.519],["linke_pds",0.2034],["spd",0.1544],["npd",0.0469],["gruene",0.0321],["fdp",0.0224]],"zweitstimme_top6":[["cdu",0.4532],["linke_pds",0.2059],["spd",0.133],["afd",0.0628],["npd",0.037],["fdp",0.0344]]},"geometry":{"type":"Polygon","coordinates":[[[12.928519497955005,51.21792609530722],[12.961566878720332,51.22518009462932],[12.990867350348147,51.22190452711349],[13.016307843212337,51.20638470792154],[13.047993886774938,51.20751273760232],[13.10952804451836,51.213114880248554],[13.198467157807203,51.23514822375863],[13.213764386112782,51.1828120815462],[13.252925800951097,51.16184812132682],[13.259642257806286,51.069164041962594],[13.25300478111363,51.03761190564364],[13.230890339846203,51.01366779275006],[13.236339475723714,51.007806649142196],[13.27543456815669,51.032147185194475],[13.326085131362376,51.0373184182236],[13.366743125246165,51.05121892027106],[13.383918048736206,51.05186087363316],[13.426177962570272,51.034872805249336],[13.445217273783365,51.020237567987905],[13.427485066451801,50.994329349672945],[13.434596779747304,50.98395509959251],[13.451075108710679,50.982026430097335],[13.428048678802513,50.94435442910481],[13.4480130496255,50.939931511888645],[13.46014823757674,50.902122712796604],[13.487670826013995,50.89360721172055],[13.506069483418393,50.84513673665156],[13.565133193568455,50.810349213289676],[13.551659301662392,50.78293697291786],[13.567551394941363,50.77318838494032],[13.594949291946039,50.775751009677705],[13.61259952771817,50.74910910029693],[13.652394929408105,50.730280148470385],[13.595624191113853,50.71155937818431],[13.557260239718786,50.714420856600285],[13.525519258488284,50.70587555000974],[13.543331319135795,50.67730735476684],[13.51149658327779,50.63639672036768],[13.497087580313275,50.63117699111655],[13.369673759683154,50.71573042466428],[13.377057867193237,50.73529911675832],[13.363990284316147,50.75338728330154],[13.273051449264942,50.74133512346024],[13.275641834179511,50.76411578351526],[13.247732103287898,50.77691608493133],[13.170486659579296,50.785048864278274],[13.13857225223473,50.77020255939741],[13.080630033777165,50.78464450073681],[13.046104322334388,50.806863516315566],[13.047841733411953,50.84170869435504],[12.984224907478783,50.852218528090674],[12.98973343345685,50.8917299480629],[13.021963147615638,50.91025686120057],[13.031226234221073,50.926413907529806],[13.012621842863288,50.945429817455924],[12.95779977380609,50.952077764538316],[12.93156628035399,50.944246075496665],[12.913268412424372,50.95628116136007],[12.90784951067468,50.97486236810783],[12.865529832212733,51.0020558660391],[12.866785936911079,51.01366736932352],[12.87903274322776,51.01392805637518],[12.899138759215369,51.003272426835146],[12.950298057245265,50.99443708330864],[12.954377231068408,50.99929520099831],[12.957095296630728,51.0540507672145],[12.935063052306393,51.09993143406889],[12.923140878405837,51.105345171489155],[12.890619614797288,51.09966768812867],[12.89546526545503,51.131314367559085],[12.864391367769851,51.14698238408761],[12.86285422714669,51.16547823651222],[12.893468542131693,51.20864616197341],[12.922927777537035,51.210137740989786],[12.928519497955005,51.21792609530722]]]}},{"type":"Feature","properties":{"wkr_nr":162,"wkr_name":"Chemnitz","state_name":"Sachsen","elected_party":"cdu","elected_party_share":0.4167,"zweitstimme_top_party":"cdu","zweitstimme_top_share":0.3894,"turnout":0.675163603297408,"eligible_voters":201249.0,"erststimme_top6":[["cdu",0.4167],["linke_pds",0.2384],["spd",0.2094],["gruene",0.0483],["npd",0.0347],["piraten",0.0209]],"zweitstimme_top6":[["cdu",0.3894],["linke_pds",0.2305],["spd",0.1751],["afd",0.0605],["gruene",0.0533],["fdp",0.0287]]},"geometry":{"type":"Polygon","coordinates":[[[12.894871574594811,50.901039074555214],[12.890264877325716,50.890681621376764],[12.919362574697779,50.886932943358815],[12.967652115338561,50.89585757078251],[12.98973343345685,50.8917299480629],[12.984224907478783,50.852218528090674],[13.047841733411953,50.84170869435504],[13.046104322334388,50.806863516315566],[13.007268713554007,50.771753475295455],[12.967406068710297,50.75532085045263],[12.915399113625313,50.743094169642454],[12.893964672375512,50.75397804269194],[12.89346910508191,50.78290387920871],[12.840978171426658,50.80188684854428],[12.797895226666471,50.785223576525325],[12.778635279688213,50.79009885397393],[12.77599826093917,50.82599313532304],[12.804386715057946,50.849499682836324],[12.803193174991842,50.8677211383798],[12.846057603003732,50.89679747692295],[12.894871574594811,50.901039074555214]]]}},{"type":"Feature","properties":{"wkr_nr":163,"wkr_name":"Chemnitzer Umland - Erzgebirgskreis II","state_name":"Sachsen","elected_party":"cdu","elected_party_share":0.4957,"zweitstimme_top_party":"cdu","zweitstimme_top_share":0.4526,"turnout":0.702479770294962,"eligible_voters":191550.0,"erststimme_top6":[["cdu",0.4957],["linke_pds",0.219],["spd",0.1561],["npd",0.0472],["gruene",0.0371],["fdp",0.0229]],"zweitstimme_top6":[["cdu",0.4526],["linke_pds",0.1996],["spd",0.1448],["afd",0.0728],["npd",0.0325],["gruene",0.0323]]},"geometry":{"type":"Polygon","coordinates":[[[12.890619614797288,51.09966768812867],[12.923140878405837,51.105345171489155],[12.935063052306393,51.09993143406889],[12.957095296630728,51.0540507672145],[12.954377231068408,50.99929520099831],[12.950298057245265,50.99443708330864],[12.899138759215369,51.003272426835146],[12.87903274322776,51.01392805637518],[12.866785936911079,51.01366736932352],[12.865529832212733,51.0020558660391],[12.90784951067468,50.97486236810783],[12.913268412424372,50.95628116136007],[12.93156628035399,50.944246075496665],[12.95779977380609,50.952077764538316],[13.012621842863288,50.945429817455924],[13.031226234221073,50.926413907529806],[13.021963147615638,50.91025686120057],[12.98973343345685,50.8917299480629],[12.967652115338561,50.89585757078251],[12.919362574697779,50.886932943358815],[12.890264877325716,50.890681621376764],[12.894871574594811,50.901039074555214],[12.846057603003732,50.89679747692295],[12.803193174991842,50.8677211383798],[12.804386715057946,50.849499682836324],[12.77599826093917,50.82599313532304],[12.778635279688213,50.79009885397393],[12.797895226666471,50.785223576525325],[12.840978171426658,50.80188684854428],[12.89346910508191,50.78290387920871],[12.893964672375512,50.75397804269194],[12.915399113625313,50.743094169642454],[12.967406068710297,50.75532085045263],[12.979100170858269,50.728996401195914],[12.946915741185428,50.72453442660615],[12.941714221525102,50.73319874305262],[12.894346975877557,50.70966175494786],[12.89174353052341,50.702914933682415],[12.922300271483788,50.70102153892999],[12.936701660228909,50.689121782012116],[12.817068365140022,50.59537459151998],[12.784932554294542,50.5969107078509],[12.76206247750874,50.63160755782506],[12.79179746115057,50.65304726464427],[12.788383626088422,50.66290356522341],[12.7115576911386,50.641987797011275],[12.70404616676864,50.65298172040377],[12.71778306986998,50.68960627279706],[12.707401023198509,50.69963673797272],[12.681043218558592,50.700228045820204],[12.641626804159465,50.713559404619794],[12.64411319645504,50.721344553667194],[12.607453818188299,50.746187737773155],[12.58388284042378,50.782710362174],[12.64780054362841,50.89610918736754],[12.640217597753589,50.90309716979771],[12.653272638153432,50.92296729845086],[12.62939651225282,50.94289802415914],[12.617289572395356,50.98140274598758],[12.684214000533657,50.98550609942875],[12.705360685977057,51.007147167017145],[12.74170869322222,51.00023327900228],[12.728821695576988,51.051216969449655],[12.714984278946176,51.0611152255651],[12.741033977686415,51.10773831400138],[12.806282540802563,51.09262346803988],[12.890619614797288,51.09966768812867]]]}},{"type":"Feature","properties":{"wkr_nr":164,"wkr_name":"Erzgebirgskreis I","state_name":"Sachsen","elected_party":"cdu","elected_party_share":0.5023,"zweitstimme_top_party":"cdu","zweitstimme_top_share":0.4605,"turnout":0.695564281996912,"eligible_voters":232499.0,"erststimme_top6":[["cdu",0.5023],["linke_pds",0.2056],["spd",0.1212],["fdp",0.0649],["npd",0.0534],["gruene",0.032]],"zweitstimme_top6":[["cdu",0.4605],["linke_pds",0.1936],["spd",0.1267],["afd",0.0763],["npd",0.0403],["fdp",0.0367]]},"geometry":{"type":"Polygon","coordinates":[[[13.046104322334388,50.806863516315566],[13.080630033777165,50.78464450073681],[13.13857225223473,50.77020255939741],[13.170486659579296,50.785048864278274],[13.247732103287898,50.77691608493133],[13.275641834179511,50.76411578351526],[13.273051449264942,50.74133512346024],[13.363990284316147,50.75338728330154],[13.377057867193237,50.73529911675832],[13.369673759683154,50.71573042466428],[13.497087580313275,50.63117699111655],[13.464940606069659,50.602574050485664],[13.416128950862017,50.617684057175936],[13.39225071654636,50.64557613465937],[13.372947605782004,50.64766347833027],[13.36786835576621,50.619088293890236],[13.320042240063104,50.6018203450951],[13.32287440161123,50.58056841254376],[13.291486525813887,50.57533911023938],[13.281130779568745,50.593557143528336],[13.250065193847307,50.59313922506327],[13.223420583955255,50.56316620336677],[13.22937812254938,50.54890474543833],[13.197548509768724,50.502919648079285],[13.146647106310073,50.506707862532885],[13.061461430890846,50.50014620153445],[13.045697207137483,50.51146498329062],[13.032024061434619,50.50864225251749],[13.021321906096585,50.44693648178427],[12.985601239737814,50.41988155841038],[12.946362814917094,50.405621606589555],[12.819837232987753,50.45934841436109],[12.736564357938832,50.43021439240165],[12.70807770359727,50.40661930156335],[12.678828082553775,50.411243549560936],[12.584749053643346,50.405753281639456],[12.58481307091005,50.42355992272827],[12.500862451255125,50.46304737701208],[12.459290551874298,50.50197888888427],[12.47464371574847,50.52178454921229],[12.513446242226284,50.5318473115808],[12.528928402280151,50.54541816820856],[12.547707677610838,50.55948155385845],[12.575782286100539,50.55339316270803],[12.61432964838901,50.56411297775336],[12.612603170658561,50.5727456872898],[12.577307036238699,50.58019281305827],[12.589661368263805,50.610477422300384],[12.646837262297307,50.63967098375821],[12.687234173802091,50.6279972233365],[12.7115576911386,50.641987797011275],[12.788383626088422,50.66290356522341],[12.79179746115057,50.65304726464427],[12.76206247750874,50.63160755782506],[12.784932554294542,50.5969107078509],[12.817068365140022,50.59537459151998],[12.936701660228909,50.689121782012116],[12.922300271483788,50.70102153892999],[12.89174353052341,50.702914933682415],[12.894346975877557,50.70966175494786],[12.941714221525102,50.73319874305262],[12.946915741185428,50.72453442660615],[12.979100170858269,50.728996401195914],[12.967406068710297,50.75532085045263],[13.007268713554007,50.771753475295455],[13.046104322334388,50.806863516315566]]]}},{"type":"Feature","properties":{"wkr_nr":165,"wkr_name":"Zwickau","state_name":"Sachsen","elected_party":"cdu","elected_party_share":0.4455,"zweitstimme_top_party":"cdu","zweitstimme_top_share":0.4442,"turnout":0.681301365772537,"eligible_voters":217679.0,"erststimme_top6":[["cdu",0.4455],["linke_pds",0.2462],["spd",0.1582],["npd",0.0407],["gruene",0.0298],["fdp",0.0274]],"zweitstimme_top6":[["cdu",0.4442],["linke_pds",0.2127],["spd",0.1485],["afd",0.0608],["gruene",0.0319],["npd",0.0319]]},"geometry":{"type":"Polygon","coordinates":[[[12.626784723031658,50.90529220520145],[12.640217597753589,50.90309716979771],[12.64780054362841,50.89610918736754],[12.58388284042378,50.782710362174],[12.607453818188299,50.746187737773155],[12.64411319645504,50.721344553667194],[12.641626804159465,50.713559404619794],[12.681043218558592,50.700228045820204],[12.707401023198509,50.69963673797272],[12.71778306986998,50.68960627279706],[12.70404616676864,50.65298172040377],[12.7115576911386,50.641987797011275],[12.687234173802091,50.6279972233365],[12.646837262297307,50.63967098375821],[12.589661368263805,50.610477422300384],[12.577307036238699,50.58019281305827],[12.612603170658561,50.5727456872898],[12.61432964838901,50.56411297775336],[12.575782286100539,50.55339316270803],[12.547707677610838,50.55948155385845],[12.528928402280151,50.54541816820856],[12.43541299690987,50.56397756900835],[12.420077225173694,50.63870538906788],[12.376437421666415,50.669615523332666],[12.324569815190397,50.66982797410199],[12.319998215768184,50.67814309104033],[12.263341169926518,50.694622266019],[12.259655009524264,50.71894955649844],[12.272581812342624,50.72846357626855],[12.26441922290788,50.73764322370473],[12.237765397914073,50.733214693452624],[12.227182462064887,50.73856758750962],[12.229561117126524,50.75850101420479],[12.241983196408865,50.76814974960274],[12.265345838407779,50.76111525555285],[12.290586460064105,50.78376746874216],[12.287204754798282,50.7895548914374],[12.252898031426403,50.78913270358072],[12.242693510235384,50.80933672832979],[12.250361201111277,50.81854101870454],[12.27904177843547,50.809416043005676],[12.347131197388656,50.823348384826886],[12.347775985676316,50.837527019638955],[12.378079365561456,50.85020625077],[12.402308402207572,50.8497389490757],[12.420192059538357,50.83939300373261],[12.44291568072073,50.84337315226783],[12.459498674229158,50.88081061361038],[12.48651765083945,50.89377069187888],[12.626784723031658,50.90529220520145]]]}},{"type":"Feature","properties":{"wkr_nr":166,"wkr_name":"Vogtlandkreis","state_name":"Sachsen","elected_party":"cdu","elected_party_share":0.4829,"zweitstimme_top_party":"cdu","zweitstimme_top_share":0.4423,"turnout":0.687303772519734,"eligible_voters":201934.0,"erststimme_top6":[["cdu",0.4829],["spd",0.2069],["linke_pds",0.1962],["npd",0.0418],["fdp",0.026],["gruene",0.026]],"zweitstimme_top6":[["cdu",0.4423],["linke_pds",0.202],["spd",0.1601],["afd",0.0665],["gruene",0.0334],["npd",0.0316]]},"geometry":{"type":"Polygon","coordinates":[[[12.319998215768184,50.67814309104033],[12.324569815190397,50.66982797410199],[12.376437421666415,50.669615523332666],[12.420077225173694,50.63870538906788],[12.43541299690987,50.56397756900835],[12.528928402280151,50.54541816820856],[12.513446242226284,50.5318473115808],[12.47464371574847,50.52178454921229],[12.459290551874298,50.50197888888427],[12.500862451255125,50.46304737701208],[12.58481307091005,50.42355992272827],[12.584749053643346,50.405753281639456],[12.5160241382993,50.3950790642985],[12.46879226640124,50.35195914226911],[12.399822776779988,50.32112097053715],[12.38514887875408,50.287124025617366],[12.36508270412366,50.27757873334456],[12.330283479121702,50.233839452721064],[12.324810215588721,50.207075390906326],[12.340104329407492,50.19084836843585],[12.3324059690734,50.17072400568919],[12.289564085151856,50.17691370027743],[12.274208896852285,50.195335819210875],[12.28943946264946,50.208886074685644],[12.286671633287865,50.22475749660452],[12.241630657601354,50.24378585871514],[12.244516984769135,50.26735428195184],[12.199611288329704,50.27221212361851],[12.185529411526524,50.320999370943305],[12.1008213467407,50.31866058820278],[11.973084041657758,50.35223591262253],[11.983460657501553,50.38985616763351],[11.935425047955693,50.42267631608515],[11.921487270695788,50.423692908061625],[11.921310857911042,50.42473991928636],[11.888602427262796,50.442755678435475],[11.964080926306828,50.4861545249083],[11.918614826891577,50.51744127792509],[11.887371897684494,50.516741754401075],[11.872224329487468,50.53953023134997],[11.884833167879354,50.55209658953908],[11.92348480486935,50.55820472588995],[11.933531937624027,50.56869354475576],[11.924104169116818,50.5858306644453],[11.944331371124887,50.59174726884272],[11.985174857114398,50.61145525585862],[11.980881581310586,50.62167459616194],[12.009994068259099,50.635159123565096],[12.021100396169635,50.627211194623534],[12.008114219387464,50.61217807647984],[12.036422240609435,50.59476389981066],[12.017331471796492,50.56758339595878],[12.0331140752504,50.5514108712856],[12.072598833088005,50.55511430859725],[12.079172916417345,50.570644357814324],[12.116932482514864,50.56700558027927],[12.153203406358294,50.57331957728827],[12.157163706598737,50.584474785258934],[12.110035335572801,50.58859515301637],[12.114850397460925,50.59675663843119],[12.176179345503888,50.61312949076335],[12.200002976460683,50.6371444456569],[12.235008086408495,50.62706619697182],[12.264820177757333,50.630770659866926],[12.31600641491226,50.66571928352899],[12.319998215768184,50.67814309104033]]]}},{"type":"Feature","properties":{"wkr_nr":167,"wkr_name":"Waldeck","state_name":"Hessen","elected_party":"cdu","elected_party_share":0.4147,"zweitstimme_top_party":"cdu","zweitstimme_top_share":0.365,"turnout":0.730688143025805,"eligible_voters":189728.0,"erststimme_top6":[["cdu",0.4147],["spd",0.413],["gruene",0.0635],["linke_pds",0.0542],["fdp",0.0268],["piraten",0.0238]],"zweitstimme_top6":[["cdu",0.365],["spd",0.3602],["gruene",0.0809],["linke_pds",0.0547],["afd",0.0504],["fdp",0.048]]},"geometry":{"type":"Polygon","coordinates":[[[8.970313351178802,51.506621630559685],[9.023234491533294,51.512960606737686],[9.069174991578107,51.50127145762457],[9.087968411705777,51.48233075284985],[9.07711473117331,51.46491299150383],[9.088907208342466,51.44680775267951],[9.155269872907194,51.442713958998105],[9.185376950999395,51.46647171416392],[9.21668631697759,51.45992729011199],[9.224832910334646,51.48944660220962],[9.311097823953027,51.530279381534086],[9.360365432202716,51.58394748071248],[9.363111474294957,51.594983120252564],[9.336936983310775,51.61463153625485],[9.42650124857482,51.63101913353568],[9.445214304156128,51.644184552815034],[9.439999362394012,51.65057884909861],[9.46487152937277,51.65387860563929],[9.495185919814165,51.65690949904879],[9.491847105724933,51.63488495559649],[9.508018419141965,51.62673063886765],[9.590498962344672,51.62907283708898],[9.613260649718676,51.63258129052228],[9.631732225390696,51.634169413848916],[9.637832155366613,51.608904173252114],[9.685243334563381,51.581973842444434],[9.672107266772127,51.56831321530417],[9.626669655146106,51.58193447031225],[9.62854688980993,51.567019784444106],[9.648775655091294,51.55099573253704],[9.624882053655622,51.5483225710772],[9.584855655215774,51.51854999514641],[9.626729244951115,51.475991236445054],[9.62773405451316,51.4454369361568],[9.644299847391057,51.418533494276645],[9.63129333787348,51.405376219776116],[9.603789323479827,51.403123403003555],[9.568671843060006,51.4104272865782],[9.457418581743054,51.40965749148348],[9.42926019160304,51.380283932066504],[9.394823363153462,51.384354025240455],[9.352458118193246,51.36705187225057],[9.352387697519683,51.357887821403615],[9.371128505583568,51.34964911554905],[9.382938354476003,51.320128779078296],[9.358518465992242,51.315715284821074],[9.352428343141703,51.30710293446702],[9.430644333950253,51.26765018496305],[9.481596498524967,51.26223602290281],[9.460648561142428,51.24479484080683],[9.477988726988325,51.23214211381038],[9.473479613621405,51.22523450619583],[9.41016119165755,51.22008341947906],[9.357052012576547,51.237695540775306],[9.355706472641305,51.24884497351376],[9.332569790076034,51.25790647797231],[9.279472446110153,51.2424044653853],[9.268911631719968,51.19964108146592],[9.189532150545212,51.17085675801757],[9.191728434944448,51.14873743442434],[9.21419020126806,51.12317034199325],[9.143704804251541,51.05532581519679],[9.098330024506788,51.04602210143614],[9.096296414510052,51.0282261997736],[9.077643178390204,51.03965626417651],[9.05027014542003,51.041285801671535],[9.032038105005743,51.067725500743],[8.957243396516088,51.11068686126457],[8.960905216975368,51.171268035853046],[8.982917341525084,51.19266532680397],[8.984911813165484,51.21675682374147],[8.903565494168678,51.2420687036927],[8.883549007172386,51.229646760011654],[8.868495986415256,51.186306417863065],[8.797325080820206,51.10782319733331],[8.748691712481255,51.12372601907228],[8.720353839546956,51.11406064225833],[8.70184661376717,51.11634018239286],[8.692258614428383,51.13243098800368],[8.752372783431817,51.175178574448935],[8.729283887523085,51.248303867783605],[8.734967854467437,51.26373011072686],[8.721429407698064,51.27489877480202],[8.696140629170403,51.274282941156386],[8.597385835866763,51.24684943703303],[8.556196567899335,51.277534718192044],[8.620741908587462,51.33648259156672],[8.654805915233492,51.34698734206817],[8.702807489244766,51.37577275876489],[8.732630332825492,51.372332314508306],[8.804182282513462,51.39075857271991],[8.854312810287349,51.37713542193979],[8.889861273654002,51.39266939411794],[8.939472803474512,51.389118793560264],[8.951694966430464,51.413166710941354],[8.947358024559588,51.42853642181217],[8.93410098254175,51.43135483286417],[8.890892732744168,51.48209827913576],[8.970313351178802,51.506621630559685]]]}},{"type":"Feature","properties":{"wkr_nr":168,"wkr_name":"Kassel","state_name":"Hessen","elected_party":"spd","elected_party_share":0.4,"zweitstimme_top_party":"spd","zweitstimme_top_share":0.3402,"turnout":0.71561532809334,"eligible_voters":224555.0,"erststimme_top6":[["spd",0.4],["cdu",0.3517],["gruene",0.1065],["linke_pds",0.084],["piraten",0.0297],["fdp",0.0205]],"zweitstimme_top6":[["spd",0.3402],["cdu",0.3091],["gruene",0.1271],["linke_pds",0.0874],["afd",0.051],["fdp",0.04]]},"geometry":{"type":"Polygon","coordinates":[[[9.732001234878682,51.29507259628564],[9.67909240139575,51.306199584973385],[9.653829476711046,51.30454442798007],[9.641607297643892,51.291849030943254],[9.648596923687665,51.279229283368274],[9.69275455025673,51.261179088272556],[9.758927135012147,51.260227045729046],[9.753298610539277,51.248937538386095],[9.724491494158144,51.23869323892709],[9.687047993011674,51.2435927105257],[9.669863719685267,51.22391839379578],[9.630357312419813,51.20310254494706],[9.625360918058783,51.19342363634825],[9.636675686649147,51.18401210425307],[9.604763923921361,51.171780404473544],[9.580258028720298,51.17873107041754],[9.566354990648787,51.211160702827186],[9.545814835859606,51.216832169886125],[9.482216988027728,51.21207884120997],[9.473479613621405,51.22523450619583],[9.477988726988325,51.23214211381038],[9.460648561142428,51.24479484080683],[9.481596498524967,51.26223602290281],[9.430644333950253,51.26765018496305],[9.352428343141703,51.30710293446702],[9.358518465992242,51.315715284821074],[9.382938354476003,51.320128779078296],[9.371128505583568,51.34964911554905],[9.352387697519683,51.357887821403615],[9.352458118193246,51.36705187225057],[9.394823363153462,51.384354025240455],[9.42926019160304,51.380283932066504],[9.457418581743054,51.40965749148348],[9.568671843060006,51.4104272865782],[9.603789323479827,51.403123403003555],[9.578051636526162,51.40214352868057],[9.55838450140656,51.38148211781023],[9.57613083873681,51.37005815777262],[9.550699049246916,51.36197914574347],[9.549567289450081,51.35887086181912],[9.557593989777711,51.35117735659067],[9.568057029683924,51.340073407682276],[9.732001234878682,51.29507259628564]]]}},{"type":"Feature","properties":{"wkr_nr":169,"wkr_name":"Werra-Meißner - Hersfeld-Rotenburg","state_name":"Hessen","elected_party":"spd","elected_party_share":0.4308,"zweitstimme_top_party":"spd","zweitstimme_top_share":0.3687,"turnout":0.729432917321021,"eligible_voters":180203.0,"erststimme_top6":[["spd",0.4308],["cdu",0.4052],["linke_pds",0.0574],["gruene",0.0499],["fdp",0.0198],["npd",0.0189]],"zweitstimme_top6":[["spd",0.3687],["cdu",0.3605],["gruene",0.0697],["linke_pds",0.0596],["afd",0.0558],["fdp",0.0394]]},"geometry":{"type":"Polygon","coordinates":[[[9.925446040018635,51.37659961446856],[9.924109643902492,51.353059039707794],[9.975278933976698,51.2884662064308],[10.057677257931564,51.26851688127609],[10.074426120189631,51.22485801578377],[10.168298274128665,51.212092357032354],[10.210503013710527,51.19008864514082],[10.229747029718844,51.1871911921436],[10.229097732558055,51.17353466271301],[10.208552921334608,51.1644005380158],[10.20192686853954,51.15152362754251],[10.211241731313233,51.14401237367184],[10.211077179924212,51.118887698473245],[10.199781629824182,51.11289291502754],[10.178459528033104,51.1280295478325],[10.18394228080009,51.141278527655764],[10.167632934074007,51.15187045551328],[10.120182099478566,51.14011113068771],[10.159967652121123,51.11976990381268],[10.14595130506693,51.061296644653375],[10.207774057200098,51.036041424064145],[10.215801002261097,51.026790955245595],[10.203981204987999,51.010729395757465],[10.182605037254287,50.99944168697214],[10.146024689279377,50.99495424067552],[10.110173467402321,51.008782326642915],[10.052430159352388,51.0134564824663],[10.032688216401336,51.010035754717045],[10.020956158638127,50.994855383005145],[10.043547965754108,50.94790951197171],[10.061202652471206,50.94829289534168],[10.061652788770488,50.943074139007294],[10.017139031156763,50.937537934341684],[9.950127289881415,50.944393757054605],[9.949436264648114,50.924446084175116],[10.010213766056735,50.91998023363983],[10.035026763304629,50.91023556763226],[10.058853976846475,50.88251362844078],[10.021797935072453,50.86450462628939],[10.02145195868677,50.8486870784578],[10.038868204382682,50.85284384526037],[10.022773726956872,50.83123164292086],[9.97653397721931,50.83288715179402],[9.952444947403643,50.82103905778606],[9.944925601946878,50.800071471853286],[9.95261802280258,50.7737569762384],[9.925838091481692,50.76731868140832],[9.897708503742066,50.77886817827914],[9.882723520449009,50.796241818241086],[9.84290685450665,50.79060275001069],[9.778653731003487,50.79860046021457],[9.77373808908001,50.81013941787525],[9.731436648602955,50.790636991356685],[9.71185035693541,50.77097967638377],[9.728053021740465,50.75541684231276],[9.723951956418631,50.746814399788484],[9.669434929655036,50.719273889062315],[9.655274915394703,50.71935413590384],[9.621290612798601,50.74075721527895],[9.611306229330582,50.73559549621299],[9.604506259608868,50.75756296262332],[9.582785605647228,50.76594479323566],[9.545265075704958,50.75731448219391],[9.506472646593208,50.734661483625786],[9.480407439106255,50.762094476440915],[9.454339644781818,50.763279518674786],[9.461245073700585,50.77367728500582],[9.45245629708449,50.77371264079394],[9.44131681942789,50.795150906497604],[9.508532137134205,50.820045724897575],[9.518685116243486,50.839779804313714],[9.485151383074236,50.891701649278176],[9.486440383855097,50.906261177720666],[9.505780621959993,50.93296458560472],[9.530664871765305,50.94453952379051],[9.564266464588451,50.9463615692995],[9.548629124879353,50.971783343379514],[9.59200572194315,51.024066062982065],[9.62488919280349,51.03162628017416],[9.695432982243972,51.077790476228486],[9.716292498292665,51.079462479744414],[9.74724722336515,51.06991975623852],[9.77599801234194,51.08285360045916],[9.77420828670423,51.146510769584296],[9.730482074858557,51.14678722366496],[9.693634352172943,51.16732745343611],[9.690172802005259,51.184426679131],[9.636675686649147,51.18401210425307],[9.625360918058783,51.19342363634825],[9.630357312419813,51.20310254494706],[9.669863719685267,51.22391839379578],[9.687047993011674,51.2435927105257],[9.724491494158144,51.23869323892709],[9.753298610539277,51.248937538386095],[9.758927135012147,51.260227045729046],[9.69275455025673,51.261179088272556],[9.648596923687665,51.279229283368274],[9.641607297643892,51.291849030943254],[9.653829476711046,51.30454442798007],[9.67909240139575,51.306199584973385],[9.732001234878682,51.29507259628564],[9.767938947143772,51.30671012772277],[9.77360982163127,51.32290647392493],[9.771248502225985,51.33760716464673],[9.736629741609754,51.329122742073274],[9.708827379197967,51.356115162473486],[9.725625130188071,51.3708652332246],[9.780998388657027,51.38960875099139],[9.80085398072919,51.40981890550096],[9.901737494682571,51.418870675612155],[9.91083972214197,51.40650763308373],[9.930999291473617,51.391685808516534],[9.925446040018635,51.37659961446856]]]}},{"type":"Feature","properties":{"wkr_nr":170,"wkr_name":"Schwalm-Eder","state_name":"Hessen","elected_party":"spd","elected_party_share":0.4235,"zweitstimme_top_party":"spd","zweitstimme_top_share":0.3654,"turnout":0.740329441767614,"eligible_voters":191354.0,"erststimme_top6":[["spd",0.4235],["cdu",0.3958],["gruene",0.0576],["linke_pds",0.0504],["fdp",0.022],["piraten",0.0203]],"zweitstimme_top6":[["spd",0.3654],["cdu",0.3559],["gruene",0.0766],["linke_pds",0.0543],["afd",0.054],["fdp",0.0464]]},"geometry":{"type":"Polygon","coordinates":[[[9.473479613621405,51.22523450619583],[9.482216988027728,51.21207884120997],[9.545814835859606,51.216832169886125],[9.566354990648787,51.211160702827186],[9.580258028720298,51.17873107041754],[9.604763923921361,51.171780404473544],[9.636675686649147,51.18401210425307],[9.690172802005259,51.184426679131],[9.693634352172943,51.16732745343611],[9.730482074858557,51.14678722366496],[9.77420828670423,51.146510769584296],[9.77599801234194,51.08285360045916],[9.74724722336515,51.06991975623852],[9.716292498292665,51.079462479744414],[9.695432982243972,51.077790476228486],[9.62488919280349,51.03162628017416],[9.59200572194315,51.024066062982065],[9.548629124879353,50.971783343379514],[9.564266464588451,50.9463615692995],[9.530664871765305,50.94453952379051],[9.505780621959993,50.93296458560472],[9.486440383855097,50.906261177720666],[9.485151383074236,50.891701649278176],[9.518685116243486,50.839779804313714],[9.508532137134205,50.820045724897575],[9.44131681942789,50.795150906497604],[9.402340290795143,50.78180643675126],[9.349731593658698,50.80031582180881],[9.276859517398368,50.806624362229414],[9.233831872668683,50.826679545224955],[9.154377503310217,50.834181675482945],[9.148991970405918,50.8368822919179],[9.142254936549639,50.86188362947572],[9.118164534639451,50.88366344133693],[9.13241776847944,50.899107976875285],[9.110575871140906,50.919265400177515],[9.016716721006246,50.91536087673519],[8.974902082539975,50.930819175153],[8.974329851137137,50.93729295266236],[8.939865952808953,50.9655091647074],[8.916796128402497,50.97088495580876],[8.89263088928824,50.954505499793754],[8.851330290008985,50.963630434980736],[8.785603167286387,50.955800771756145],[8.728028599420764,50.96916131178368],[8.68258666136806,50.99421758501496],[8.669770261766072,50.99382454160332],[8.647758196150278,50.96625041597546],[8.600066262386305,50.95009612941314],[8.519189042576212,50.954828312811],[8.477841840332573,50.96899579335649],[8.474554777494145,50.97641331246757],[8.537350941053166,51.02061726519523],[8.520439947538845,51.04316305457572],[8.526758788884031,51.06267228115882],[8.501359189507895,51.07975802703053],[8.548836419156677,51.10261688266436],[8.656972537511452,51.09507737151821],[8.720353839546956,51.11406064225833],[8.748691712481255,51.12372601907228],[8.797325080820206,51.10782319733331],[8.868495986415256,51.186306417863065],[8.883549007172386,51.229646760011654],[8.903565494168678,51.2420687036927],[8.984911813165484,51.21675682374147],[8.982917341525084,51.19266532680397],[8.960905216975368,51.171268035853046],[8.957243396516088,51.11068686126457],[9.032038105005743,51.067725500743],[9.05027014542003,51.041285801671535],[9.077643178390204,51.03965626417651],[9.096296414510052,51.0282261997736],[9.098330024506788,51.04602210143614],[9.143704804251541,51.05532581519679],[9.21419020126806,51.12317034199325],[9.191728434944448,51.14873743442434],[9.189532150545212,51.17085675801757],[9.268911631719968,51.19964108146592],[9.279472446110153,51.2424044653853],[9.332569790076034,51.25790647797231],[9.355706472641305,51.24884497351376],[9.357052012576547,51.237695540775306],[9.41016119165755,51.22008341947906],[9.473479613621405,51.22523450619583]]]}},{"type":"Feature","properties":{"wkr_nr":171,"wkr_name":"Marburg","state_name":"Hessen","elected_party":"spd","elected_party_share":0.4374,"zweitstimme_top_party":"cdu","zweitstimme_top_share":0.3674,"turnout":0.709014218728003,"eligible_voters":184686.0,"erststimme_top6":[["spd",0.4374],["cdu",0.396],["gruene",0.0593],["linke_pds",0.0527],["piraten",0.0202],["fdp",0.0174]],"zweitstimme_top6":[["cdu",0.3674],["spd",0.3342],["gruene",0.1051],["linke_pds",0.0682],["afd",0.0458],["fdp",0.04]]},"geometry":{"type":"Polygon","coordinates":[[[8.477841840332573,50.96899579335649],[8.519189042576212,50.954828312811],[8.600066262386305,50.95009612941314],[8.647758196150278,50.96625041597546],[8.669770261766072,50.99382454160332],[8.68258666136806,50.99421758501496],[8.728028599420764,50.96916131178368],[8.785603167286387,50.955800771756145],[8.851330290008985,50.963630434980736],[8.89263088928824,50.954505499793754],[8.916796128402497,50.97088495580876],[8.939865952808953,50.9655091647074],[8.974329851137137,50.93729295266236],[8.974902082539975,50.930819175153],[9.016716721006246,50.91536087673519],[9.110575871140906,50.919265400177515],[9.13241776847944,50.899107976875285],[9.118164534639451,50.88366344133693],[9.142254936549639,50.86188362947572],[9.148991970405918,50.8368822919179],[9.13333795074691,50.82305784666684],[9.122291162128342,50.83169865295126],[9.103262499014987,50.82812050299848],[9.09528530627669,50.813746936252265],[9.037095120452559,50.79418449618557],[9.014111390006265,50.77153605725084],[8.954590993107347,50.7519336463991],[8.90845162528349,50.723500388990814],[8.918394388551086,50.70624885065818],[8.90059298721421,50.68969479324838],[8.840811836041452,50.708144109532256],[8.731674335547893,50.68115556383757],[8.705639874550211,50.68127686028323],[8.65425839218143,50.703427234339976],[8.64834751777533,50.698732850120166],[8.618262684197324,50.673472505513374],[8.591929015504313,50.6758954091423],[8.589551628696855,50.689014398375285],[8.572480397797207,50.69883940238629],[8.550883623128858,50.70757051871573],[8.53987098518865,50.733417928615246],[8.497896341037023,50.73791666867526],[8.45330533185547,50.72297579431831],[8.433860479482954,50.76189455071127],[8.458515747608592,50.78700074886781],[8.445063109953011,50.79736876763248],[8.411057184640132,50.794505216342564],[8.394328931712163,50.815815848656406],[8.402475604011537,50.84461933840118],[8.355515636234387,50.862004246850354],[8.385510883009475,50.875901927800854],[8.387381567202755,50.89108343227288],[8.450706552459438,50.932896613885774],[8.458680426826056,50.96651650435609],[8.477841840332573,50.96899579335649]]]}},{"type":"Feature","properties":{"wkr_nr":172,"wkr_name":"Lahn-Dill","state_name":"Hessen","elected_party":"cdu","elected_party_share":0.4807,"zweitstimme_top_party":"cdu","zweitstimme_top_share":0.4176,"turnout":0.696851569946933,"eligible_voters":210867.0,"erststimme_top6":[["cdu",0.4807],["spd",0.3445],["gruene",0.0605],["linke_pds",0.0462],["piraten",0.0229],["fdp",0.0212]],"zweitstimme_top6":[["cdu",0.4176],["spd",0.3033],["gruene",0.0741],["afd",0.0581],["linke_pds",0.0519],["fdp",0.0442]]},"geometry":{"type":"Polygon","coordinates":[[[8.27565164494989,50.88257734698522],[8.32388873731367,50.863194902129976],[8.355515636234387,50.862004246850354],[8.402475604011537,50.84461933840118],[8.394328931712163,50.815815848656406],[8.411057184640132,50.794505216342564],[8.445063109953011,50.79736876763248],[8.458515747608592,50.78700074886781],[8.433860479482954,50.76189455071127],[8.45330533185547,50.72297579431831],[8.497896341037023,50.73791666867526],[8.53987098518865,50.733417928615246],[8.550883623128858,50.70757051871573],[8.572480397797207,50.69883940238629],[8.589551628696855,50.689014398375285],[8.591929015504313,50.6758954091423],[8.618262684197324,50.673472505513374],[8.64834751777533,50.698732850120166],[8.688669077358874,50.65866924095575],[8.685256873989777,50.618922178764755],[8.634297316313093,50.59414163850869],[8.585758361585134,50.605396277934446],[8.616881207891709,50.56487151397353],[8.583493412169489,50.54174356291118],[8.651121366165558,50.51517391221204],[8.630368666839086,50.50054869882915],[8.57264943738619,50.49279773358875],[8.529787157918074,50.46656583747058],[8.54572972893842,50.41952161633365],[8.577568424461235,50.41514533928581],[8.538723273283534,50.41661609197944],[8.514129818116457,50.399976333602375],[8.493921585297107,50.3957538451486],[8.465846313494243,50.416126794234955],[8.387904981685253,50.45943022760236],[8.357863388825804,50.49397027966696],[8.284848700544002,50.53220587751794],[8.255975178189948,50.57445627928083],[8.227564482754396,50.58523804030982],[8.19995979765291,50.56437143319101],[8.164469896874317,50.57599026407891],[8.151840165535972,50.5994556205224],[8.126067078532603,50.610106772267216],[8.130916276044582,50.636138422885224],[8.110037118024497,50.65729262105183],[8.112680887861918,50.675746549329595],[8.125871807275217,50.68569499326131],[8.166881477341235,50.735763937887874],[8.125190784753839,50.78792578349484],[8.165882087361839,50.80341778084121],[8.188285173691554,50.82892551812064],[8.27565164494989,50.88257734698522]]]}},{"type":"Feature","properties":{"wkr_nr":173,"wkr_name":"Gießen","state_name":"Hessen","elected_party":"cdu","elected_party_share":0.4438,"zweitstimme_top_party":"cdu","zweitstimme_top_share":0.3867,"turnout":0.727781236352824,"eligible_voters":215246.0,"erststimme_top6":[["cdu",0.4438],["spd",0.3547],["gruene",0.0734],["linke_pds",0.0512],["fdp",0.0298],["piraten",0.0259]],"zweitstimme_top6":[["cdu",0.3867],["spd",0.2966],["gruene",0.0966],["linke_pds",0.065],["fdp",0.0495],["afd",0.0487]]},"geometry":{"type":"Polygon","coordinates":[[[9.148991970405918,50.8368822919179],[9.154377503310217,50.834181675482945],[9.233831872668683,50.826679545224955],[9.276859517398368,50.806624362229414],[9.349731593658698,50.80031582180881],[9.402340290795143,50.78180643675126],[9.44131681942789,50.795150906497604],[9.45245629708449,50.77371264079394],[9.461245073700585,50.77367728500582],[9.454339644781818,50.763279518674786],[9.423914220919706,50.768517686536],[9.403847370587673,50.74288032254892],[9.353940347434383,50.73783064357943],[9.310167660129906,50.71637471808033],[9.277016135277805,50.71322580764704],[9.266914755548537,50.67981104474394],[9.24025312810175,50.66764024030086],[9.240011491090291,50.62017817954236],[9.216156243905568,50.59505364876947],[9.18649463449685,50.59402536728636],[9.165398318966439,50.61904742463668],[9.140526312332634,50.618001420457716],[9.10607752657475,50.56796624090583],[9.130584615630823,50.54906351366157],[9.101736700408926,50.51888741494097],[9.075225552299889,50.5172877511954],[9.04334330623874,50.498788127118544],[8.987817245561336,50.47991685586451],[8.98782323761198,50.45366844582637],[8.94785789943907,50.43118312572962],[8.908437690877115,50.437812627530406],[8.812166832793876,50.43535720948875],[8.795484468755847,50.45241212389318],[8.80447631078293,50.457279633521516],[8.794806286284155,50.47919896093602],[8.765844702042278,50.466915041612395],[8.739584990740282,50.47818993608218],[8.649667472510098,50.48298954182827],[8.575038429565195,50.446422487655155],[8.601339897691924,50.432670113916735],[8.597513492981046,50.41917425312343],[8.577568424461235,50.41514533928581],[8.54572972893842,50.41952161633365],[8.529787157918074,50.46656583747058],[8.57264943738619,50.49279773358875],[8.630368666839086,50.50054869882915],[8.651121366165558,50.51517391221204],[8.583493412169489,50.54174356291118],[8.616881207891709,50.56487151397353],[8.585758361585134,50.605396277934446],[8.634297316313093,50.59414163850869],[8.685256873989777,50.618922178764755],[8.688669077358874,50.65866924095575],[8.64834751777533,50.698732850120166],[8.65425839218143,50.703427234339976],[8.705639874550211,50.68127686028323],[8.731674335547893,50.68115556383757],[8.840811836041452,50.708144109532256],[8.90059298721421,50.68969479324838],[8.918394388551086,50.70624885065818],[8.90845162528349,50.723500388990814],[8.954590993107347,50.7519336463991],[9.014111390006265,50.77153605725084],[9.037095120452559,50.79418449618557],[9.09528530627669,50.813746936252265],[9.103262499014987,50.82812050299848],[9.122291162128342,50.83169865295126],[9.13333795074691,50.82305784666684],[9.148991970405918,50.8368822919179]]]}},{"type":"Feature","properties":{"wkr_nr":174,"wkr_name":"Fulda","state_name":"Hessen","elected_party":"cdu","elected_party_share":0.5833,"zweitstimme_top_party":"cdu","zweitstimme_top_share":0.5111,"turnout":0.733592112783387,"eligible_voters":209960.0,"erststimme_top6":[["cdu",0.5833],["spd",0.2497],["gruene",0.0543],["linke_pds",0.0459],["fdp",0.0241],["piraten",0.0227]],"zweitstimme_top6":[["cdu",0.5111],["spd",0.2211],["gruene",0.067],["afd",0.058],["fdp",0.0487],["linke_pds",0.0459]]},"geometry":{"type":"Polygon","coordinates":[[[9.77373808908001,50.81013941787525],[9.778653731003487,50.79860046021457],[9.84290685450665,50.79060275001069],[9.882723520449009,50.796241818241086],[9.897708503742066,50.77886817827914],[9.925838091481692,50.76731868140832],[9.940074458598831,50.75624188705143],[9.94255763536114,50.738778827856095],[9.916027872809886,50.700513863882904],[9.879787375228908,50.67004737695275],[9.879697267830224,50.634992416605755],[9.960721853547087,50.62949666812574],[9.96888678849155,50.64165497582219],[9.949232299103137,50.662491110154285],[9.997608641216091,50.67611562687664],[10.050183605557216,50.673675235694496],[10.07780480350586,50.63795268912991],[10.082896147383403,50.619791872673154],[10.05787730358683,50.62577711299795],[10.038336752874066,50.61120909188852],[10.056246883753555,50.55297341335309],[10.04129563182455,50.51650331357058],[10.037286503626271,50.49299388241945],[10.016066213511122,50.466757346786785],[9.938068469980184,50.42069249481877],[9.901662730163757,50.40404881030773],[9.859671865938791,50.397455220970485],[9.8253520412531,50.40647792573901],[9.802608613221636,50.42403600345064],[9.76026953707022,50.4249725052308],[9.751183070044837,50.41439007398587],[9.754377287478535,50.386607863911166],[9.73297628260072,50.35622489180472],[9.614199832325427,50.393070813061065],[9.554718447284946,50.38150554929593],[9.48812224092772,50.41326521095628],[9.478560827200155,50.441713837936284],[9.45567983053765,50.43389690843926],[9.435166729951447,50.407187090795155],[9.397027450220055,50.388260149448456],[9.350317529708454,50.38481620156816],[9.344538911631448,50.402275378117544],[9.361807229773994,50.4164271201511],[9.338973456830155,50.45011706807597],[9.288927914058284,50.46301922717609],[9.285677649556465,50.43785419883874],[9.252028980713174,50.46292067604762],[9.26605465982698,50.52788676119307],[9.130584615630823,50.54906351366157],[9.10607752657475,50.56796624090583],[9.140526312332634,50.618001420457716],[9.165398318966439,50.61904742463668],[9.18649463449685,50.59402536728636],[9.216156243905568,50.59505364876947],[9.240011491090291,50.62017817954236],[9.24025312810175,50.66764024030086],[9.266914755548537,50.67981104474394],[9.277016135277805,50.71322580764704],[9.310167660129906,50.71637471808033],[9.353940347434383,50.73783064357943],[9.403847370587673,50.74288032254892],[9.423914220919706,50.768517686536],[9.454339644781818,50.763279518674786],[9.480407439106255,50.762094476440915],[9.506472646593208,50.734661483625786],[9.545265075704958,50.75731448219391],[9.582785605647228,50.76594479323566],[9.604506259608868,50.75756296262332],[9.611306229330582,50.73559549621299],[9.621290612798601,50.74075721527895],[9.655274915394703,50.71935413590384],[9.669434929655036,50.719273889062315],[9.723951956418631,50.746814399788484],[9.728053021740465,50.75541684231276],[9.71185035693541,50.77097967638377],[9.731436648602955,50.790636991356685],[9.77373808908001,50.81013941787525]]]}},{"type":"Feature","properties":{"wkr_nr":175,"wkr_name":"Main-Kinzig - Wetterau II - Schotten","state_name":"Hessen","elected_party":"cdu","elected_party_share":0.4884,"zweitstimme_top_party":"cdu","zweitstimme_top_share":0.4118,"turnout":0.725853366649861,"eligible_voters":180491.0,"erststimme_top6":[["cdu",0.4884],["spd",0.3239],["gruene",0.0538],["linke_pds",0.0532],["piraten",0.0295],["npd",0.0279]],"zweitstimme_top6":[["cdu",0.4118],["spd",0.278],["gruene",0.0765],["afd",0.0638],["linke_pds",0.0546],["fdp",0.0513]]},"geometry":{"type":"Polygon","coordinates":[[[9.04334330623874,50.498788127118544],[9.075225552299889,50.5172877511954],[9.101736700408926,50.51888741494097],[9.130584615630823,50.54906351366157],[9.26605465982698,50.52788676119307],[9.252028980713174,50.46292067604762],[9.285677649556465,50.43785419883874],[9.288927914058284,50.46301922717609],[9.338973456830155,50.45011706807597],[9.361807229773994,50.4164271201511],[9.344538911631448,50.402275378117544],[9.350317529708454,50.38481620156816],[9.397027450220055,50.388260149448456],[9.435166729951447,50.407187090795155],[9.45567983053765,50.43389690843926],[9.478560827200155,50.441713837936284],[9.48812224092772,50.41326521095628],[9.554718447284946,50.38150554929593],[9.614199832325427,50.393070813061065],[9.73297628260072,50.35622489180472],[9.747438713176031,50.34100215934042],[9.739359836779277,50.30258712298365],[9.70328271146245,50.28075253284014],[9.65463188815206,50.27143008734748],[9.635812727903144,50.23509373157894],[9.623274817075727,50.22891243202091],[9.620299924102195,50.22368404623297],[9.58420680215353,50.222308281021064],[9.574792876837739,50.23268848058899],[9.51461931515533,50.23402881107403],[9.501331966122539,50.23853363419824],[9.494693288884836,50.22670419426656],[9.503494237684542,50.20866191537867],[9.498344523710827,50.175307974425465],[9.519287828282325,50.113724295976525],[9.513363770048525,50.09433676055409],[9.482646287091061,50.095569661142655],[9.41575420106183,50.08339790900521],[9.404654265649913,50.08758750136073],[9.37428973011608,50.130649817829536],[9.250678892978305,50.14077212230445],[9.222125543791067,50.1490890881722],[9.183073827673246,50.13798365360813],[9.158962788344962,50.09974350893548],[9.12072439491814,50.126337253878724],[9.09750159419381,50.12506321993878],[9.08913363034091,50.11691223513834],[9.071635159656784,50.11952948094458],[9.074493991149254,50.1430374639842],[9.15710057154857,50.16417274152631],[9.114051703664982,50.18813797886634],[9.100876761148315,50.18239808484093],[9.086882636304475,50.18600361109368],[9.07318958911582,50.2048931513343],[9.069464575999374,50.2440003514524],[9.058818236318862,50.250117740805884],[9.039748487747888,50.247971118451254],[9.027123831145833,50.23682394166306],[8.994321820271853,50.253732224890584],[8.900891188418292,50.275987774007696],[8.907171060773758,50.29280287435653],[8.968338213986604,50.31998590029076],[8.988833261196753,50.345336506814554],[9.044765543772169,50.36421186161154],[9.06278243559475,50.38505611757529],[9.088650960549908,50.38342377976895],[9.117374185929926,50.39993894288022],[9.112934175978841,50.42547325208571],[9.093237867859362,50.42801033026441],[9.103812477429939,50.4369023838876],[9.086362763172614,50.43943328887833],[9.093437808361125,50.457944631938176],[9.07006089988942,50.45742092346503],[9.061622998969671,50.46569846598169],[9.061084026160026,50.48457256971734],[9.073493249861107,50.49103925695775],[9.04334330623874,50.498788127118544]]]}},{"type":"Feature","properties":{"wkr_nr":176,"wkr_name":"Hochtaunus","state_name":"Hessen","elected_party":"cdu","elected_party_share":0.4876,"zweitstimme_top_party":"cdu","zweitstimme_top_share":0.4297,"turnout":0.768494610660016,"eligible_voters":182026.0,"erststimme_top6":[["cdu",0.4876],["spd",0.2806],["gruene",0.0735],["afd",0.0566],["linke_pds",0.04],["fdp",0.0355]],"zweitstimme_top6":[["cdu",0.4297],["spd",0.2473],["gruene",0.0927],["fdp",0.0755],["afd",0.069],["linke_pds",0.0464]]},"geometry":{"type":"Polygon","coordinates":[[[8.151840165535972,50.5994556205224],[8.164469896874317,50.57599026407891],[8.19995979765291,50.56437143319101],[8.227564482754396,50.58523804030982],[8.255975178189948,50.57445627928083],[8.284848700544002,50.53220587751794],[8.357863388825804,50.49397027966696],[8.387904981685253,50.45943022760236],[8.465846313494243,50.416126794234955],[8.493921585297107,50.3957538451486],[8.514129818116457,50.399976333602375],[8.545260154602406,50.38032365781322],[8.60699033093373,50.362027631231484],[8.64573862012556,50.32960803273323],[8.650267901932496,50.32476585824853],[8.618470646579421,50.297336659690565],[8.59831392094204,50.29097746650491],[8.655071449942055,50.28198698607825],[8.691183030754159,50.251884719236784],[8.684825072521702,50.23784125255911],[8.71292775126763,50.2264076687609],[8.703170246069316,50.21811329973145],[8.63883721693653,50.20228971584978],[8.589819152466998,50.16885954167215],[8.481020014685761,50.224433497369866],[8.452399472014912,50.22736246655552],[8.436928556668377,50.20822675472762],[8.412689739111341,50.19713918587857],[8.423858607217735,50.1884784282562],[8.40914287934395,50.17815058770021],[8.37457611390873,50.18786168745021],[8.364960473751811,50.195005508655825],[8.372724228551427,50.20097478500318],[8.354792878461536,50.20124068165908],[8.360207894745278,50.21529473783853],[8.406628883228784,50.22291064102516],[8.409265174474102,50.25906238694255],[8.40689929950193,50.268942574280885],[8.354942792619307,50.29401609734826],[8.337696043748608,50.303091425905265],[8.362321083787046,50.30898012457577],[8.363363268800946,50.31510129485614],[8.332266275347575,50.330034624676806],[8.330093106399064,50.3447627870656],[8.361935064798253,50.379825163633136],[8.322802044183845,50.37339769874442],[8.299325874489185,50.38296633292079],[8.235508462401553,50.38202744794754],[8.258081654270338,50.358980390938164],[8.225213276976229,50.35804560913056],[8.156364696739423,50.38921027768732],[8.110691935986711,50.39516554111764],[8.085966226617535,50.42302326048019],[8.119893785795625,50.475425482953916],[8.149783305398426,50.48985542045976],[8.16021122961251,50.50575055454169],[8.13110010166741,50.54041603464246],[8.121147062388232,50.53961088908619],[8.11081115537071,50.5433124139629],[8.132380496839444,50.5578572947971],[8.151840165535972,50.5994556205224]]]}},{"type":"Feature","properties":{"wkr_nr":177,"wkr_name":"Wetterau I","state_name":"Hessen","elected_party":"cdu","elected_party_share":0.4705,"zweitstimme_top_party":"cdu","zweitstimme_top_share":0.409,"turnout":0.750949538795442,"eligible_voters":175085.0,"erststimme_top6":[["cdu",0.4705],["spd",0.3194],["gruene",0.0743],["linke_pds",0.0483],["fdp",0.0276],["piraten",0.0224]],"zweitstimme_top6":[["cdu",0.409],["spd",0.2726],["gruene",0.0936],["afd",0.0594],["fdp",0.0592],["linke_pds",0.0516]]},"geometry":{"type":"Polygon","coordinates":[[[9.04334330623874,50.498788127118544],[9.073493249861107,50.49103925695775],[9.061084026160026,50.48457256971734],[9.061622998969671,50.46569846598169],[9.07006089988942,50.45742092346503],[9.093437808361125,50.457944631938176],[9.086362763172614,50.43943328887833],[9.103812477429939,50.4369023838876],[9.093237867859362,50.42801033026441],[9.112934175978841,50.42547325208571],[9.117374185929926,50.39993894288022],[9.088650960549908,50.38342377976895],[9.06278243559475,50.38505611757529],[9.044765543772169,50.36421186161154],[8.988833261196753,50.345336506814554],[8.968338213986604,50.31998590029076],[8.907171060773758,50.29280287435653],[8.900891188418292,50.275987774007696],[8.883783934783217,50.272911675578904],[8.868332669151082,50.28062958196572],[8.847025986506656,50.274847440576465],[8.8546783944204,50.24932320691038],[8.828932082339579,50.234908515104365],[8.809580979882831,50.2370354149114],[8.80484490947602,50.2298322624339],[8.82090655759297,50.20720518728635],[8.792093524906427,50.19708767146392],[8.79050415753283,50.17605021069517],[8.724222170895684,50.16332230838069],[8.705855768276319,50.1915072508279],[8.734875469401732,50.21099864512711],[8.71292775126763,50.2264076687609],[8.684825072521702,50.23784125255911],[8.691183030754159,50.251884719236784],[8.655071449942055,50.28198698607825],[8.59831392094204,50.29097746650491],[8.618470646579421,50.297336659690565],[8.650267901932496,50.32476585824853],[8.64573862012556,50.32960803273323],[8.60699033093373,50.362027631231484],[8.545260154602406,50.38032365781322],[8.514129818116457,50.399976333602375],[8.538723273283534,50.41661609197944],[8.577568424461235,50.41514533928581],[8.597513492981046,50.41917425312343],[8.601339897691924,50.432670113916735],[8.575038429565195,50.446422487655155],[8.649667472510098,50.48298954182827],[8.739584990740282,50.47818993608218],[8.765844702042278,50.466915041612395],[8.794806286284155,50.47919896093602],[8.80447631078293,50.457279633521516],[8.795484468755847,50.45241212389318],[8.812166832793876,50.43535720948875],[8.908437690877115,50.437812627530406],[8.94785789943907,50.43118312572962],[8.98782323761198,50.45366844582637],[8.987817245561336,50.47991685586451],[9.04334330623874,50.498788127118544]]]}},{"type":"Feature","properties":{"wkr_nr":178,"wkr_name":"Rheingau-Taunus - Limburg","state_name":"Hessen","elected_party":"cdu","elected_party_share":0.5214,"zweitstimme_top_party":"cdu","zweitstimme_top_share":0.4545,"turnout":0.751300596371019,"eligible_voters":220668.0,"erststimme_top6":[["cdu",0.5214],["spd",0.291],["gruene",0.0563],["afd",0.0427],["linke_pds",0.0389],["fdp",0.023]],"zweitstimme_top6":[["cdu",0.4545],["spd",0.2515],["gruene",0.0862],["fdp",0.0626],["afd",0.0585],["linke_pds",0.045]]},"geometry":{"type":"Polygon","coordinates":[[[8.048952225300296,50.55285021803499],[8.090279788569237,50.535868489499364],[8.121147062388232,50.53961088908619],[8.13110010166741,50.54041603464246],[8.16021122961251,50.50575055454169],[8.149783305398426,50.48985542045976],[8.119893785795625,50.475425482953916],[8.085966226617535,50.42302326048019],[8.110691935986711,50.39516554111764],[8.156364696739423,50.38921027768732],[8.225213276976229,50.35804560913056],[8.258081654270338,50.358980390938164],[8.235508462401553,50.38202744794754],[8.299325874489185,50.38296633292079],[8.322802044183845,50.37339769874442],[8.361935064798253,50.379825163633136],[8.330093106399064,50.3447627870656],[8.332266275347575,50.330034624676806],[8.363363268800946,50.31510129485614],[8.362321083787046,50.30898012457577],[8.337696043748608,50.303091425905265],[8.354942792619307,50.29401609734826],[8.40689929950193,50.268942574280885],[8.409265174474102,50.25906238694255],[8.406628883228784,50.22291064102516],[8.360207894745278,50.21529473783853],[8.354792878461536,50.20124068165908],[8.330349511507826,50.146259043860596],[8.280202855122138,50.15027730211827],[8.247502236164141,50.14772925746936],[8.185840163770502,50.12070420224319],[8.161459196906089,50.123586406010574],[8.117577659796508,50.091614824216485],[8.176147273089292,50.034536872266486],[8.076318759388313,50.006469148191364],[8.03630955482551,50.00291195179503],[7.97114823266145,49.97847371239318],[7.881176198502667,49.97218357735687],[7.864747045871247,49.981309960354565],[7.856352269172485,50.00937496571111],[7.777408989204484,50.05301020991059],[7.773369522869189,50.067045650557944],[7.837487924639388,50.08412417310229],[7.846945741744207,50.12381328960591],[7.856200193661617,50.128226684569036],[7.878633756850135,50.11579600796031],[7.919856832765345,50.1087406255567],[7.928815072628146,50.142057977967525],[7.884968604975722,50.167610864887486],[7.883413818869081,50.18040867875507],[7.90666528791844,50.20166452718503],[7.985572884678948,50.22730042134461],[8.033814065074408,50.21545622069669],[8.058527371617275,50.234045182843566],[8.021524708118585,50.25820494163375],[8.035982289564707,50.2711038451906],[8.05958029246631,50.27333250677466],[8.09449358789289,50.26465615967656],[8.121725835558655,50.27716579645375],[8.107256718607054,50.32151185176308],[8.06056887300685,50.37365233769105],[7.970784132041177,50.406545066949896],[8.010828749316742,50.45280688171615],[7.979213115176498,50.48458815429225],[7.985211513390245,50.51164670236676],[8.028105656762612,50.550443794374566],[8.04112856650811,50.55706962456],[8.048952225300296,50.55285021803499]]]}},{"type":"Feature","properties":{"wkr_nr":179,"wkr_name":"Wiesbaden","state_name":"Hessen","elected_party":"cdu","elected_party_share":0.4356,"zweitstimme_top_party":"cdu","zweitstimme_top_share":0.387,"turnout":0.697608830878554,"eligible_voters":189698.0,"erststimme_top6":[["cdu",0.4356],["spd",0.3495],["gruene",0.0755],["linke_pds",0.047],["afd",0.0399],["fdp",0.0254]],"zweitstimme_top6":[["cdu",0.387],["spd",0.2779],["gruene",0.1167],["fdp",0.0679],["linke_pds",0.0591],["afd",0.0505]]},"geometry":{"type":"Polygon","coordinates":[[[8.280202855122138,50.15027730211827],[8.330349511507826,50.146259043860596],[8.320088436087119,50.139728112429566],[8.326384809030987,50.129695785033334],[8.363438512259815,50.098616582566756],[8.381568042300389,50.101772486806716],[8.389082233740117,50.08239037419539],[8.370772675966988,50.0508263146796],[8.334528941338979,50.02635139266356],[8.330698901435309,50.000615490576934],[8.290709924328493,49.993462654707415],[8.242895928066222,50.02863144967719],[8.18995228299633,50.03540008934203],[8.176147273089292,50.034536872266486],[8.117577659796508,50.091614824216485],[8.161459196906089,50.123586406010574],[8.185840163770502,50.12070420224319],[8.247502236164141,50.14772925746936],[8.280202855122138,50.15027730211827]]]}},{"type":"Feature","properties":{"wkr_nr":180,"wkr_name":"Hanau","state_name":"Hessen","elected_party":"cdu","elected_party_share":0.4425,"zweitstimme_top_party":"cdu","zweitstimme_top_share":0.3922,"turnout":0.723058625918056,"eligible_voters":177413.0,"erststimme_top6":[["cdu",0.4425],["spd",0.3641],["gruene",0.0582],["linke_pds",0.057],["fdp",0.0246],["piraten",0.0241]],"zweitstimme_top6":[["cdu",0.3922],["spd",0.2864],["gruene",0.0898],["linke_pds",0.0613],["afd",0.0591],["fdp",0.0531]]},"geometry":{"type":"Polygon","coordinates":[[[8.883783934783217,50.272911675578904],[8.900891188418292,50.275987774007696],[8.994321820271853,50.253732224890584],[9.027123831145833,50.23682394166306],[9.039748487747888,50.247971118451254],[9.058818236318862,50.250117740805884],[9.069464575999374,50.2440003514524],[9.07318958911582,50.2048931513343],[9.086882636304475,50.18600361109368],[9.100876761148315,50.18239808484093],[9.114051703664982,50.18813797886634],[9.15710057154857,50.16417274152631],[9.074493991149254,50.1430374639842],[9.071635159656784,50.11952948094458],[9.016495499714809,50.11055211833659],[8.997792912467382,50.0927760169727],[8.999602376640523,50.06968032671568],[8.991258905898448,50.06845074447424],[8.9856802724873,50.07734546207629],[8.947676010438022,50.081285048778945],[8.943473664076658,50.090635879005774],[8.908845098074421,50.07622843966988],[8.884245729507267,50.08160138635849],[8.873251994620007,50.10448872859646],[8.881659369587274,50.11036615766048],[8.887497689357929,50.12493736814604],[8.818100935836659,50.1342028601933],[8.783398793204036,50.13756008815832],[8.801168623398524,50.17013330272168],[8.79050415753283,50.17605021069517],[8.792093524906427,50.19708767146392],[8.82090655759297,50.20720518728635],[8.80484490947602,50.2298322624339],[8.809580979882831,50.2370354149114],[8.828932082339579,50.234908515104365],[8.8546783944204,50.24932320691038],[8.847025986506656,50.274847440576465],[8.868332669151082,50.28062958196572],[8.883783934783217,50.272911675578904]]]}},{"type":"Feature","properties":{"wkr_nr":181,"wkr_name":"Main-Taunus","state_name":"Hessen","elected_party":"cdu","elected_party_share":0.5253,"zweitstimme_top_party":"cdu","zweitstimme_top_share":0.4384,"turnout":0.789120317387655,"eligible_voters":196605.0,"erststimme_top6":[["cdu",0.5253],["spd",0.2709],["gruene",0.0824],["fdp",0.0428],["linke_pds",0.0421],["piraten",0.0247]],"zweitstimme_top6":[["cdu",0.4384],["spd",0.2248],["gruene",0.0991],["fdp",0.0862],["afd",0.0689],["linke_pds",0.0422]]},"geometry":{"type":"Polygon","coordinates":[[[8.423858607217735,50.1884784282562],[8.412689739111341,50.19713918587857],[8.436928556668377,50.20822675472762],[8.452399472014912,50.22736246655552],[8.481020014685761,50.224433497369866],[8.589819152466998,50.16885954167215],[8.591295293416861,50.15987421802927],[8.601674572426791,50.15703630075932],[8.59257986338244,50.14046123459376],[8.532105719896727,50.11614189115345],[8.51862358735032,50.12201997157379],[8.474938472962263,50.101692623546036],[8.520351110895675,50.06106913487772],[8.412181482259891,49.99853890832653],[8.330698901435309,50.000615490576934],[8.334528941338979,50.02635139266356],[8.370772675966988,50.0508263146796],[8.389082233740117,50.08239037419539],[8.381568042300389,50.101772486806716],[8.363438512259815,50.098616582566756],[8.326384809030987,50.129695785033334],[8.320088436087119,50.139728112429566],[8.330349511507826,50.146259043860596],[8.354792878461536,50.20124068165908],[8.372724228551427,50.20097478500318],[8.364960473751811,50.195005508655825],[8.37457611390873,50.18786168745021],[8.40914287934395,50.17815058770021],[8.423858607217735,50.1884784282562]]]}},{"type":"Feature","properties":{"wkr_nr":182,"wkr_name":"Frankfurt am Main I","state_name":"Hessen","elected_party":"cdu","elected_party_share":0.4017,"zweitstimme_top_party":"cdu","zweitstimme_top_share":0.3353,"turnout":0.682846407484089,"eligible_voters":195615.0,"erststimme_top6":[["cdu",0.4017],["spd",0.3304],["gruene",0.0986],["linke_pds",0.0788],["fdp",0.0316],["piraten",0.0235]],"zweitstimme_top6":[["cdu",0.3353],["spd",0.2682],["gruene",0.1329],["linke_pds",0.0893],["fdp",0.0704],["afd",0.0534]]},"geometry":{"type":"Polygon","coordinates":[[[8.589819152466998,50.16885954167215],[8.63883721693653,50.20228971584978],[8.688549845009364,50.164912509077375],[8.704111889913499,50.10487038089051],[8.61770322814734,50.08316121855481],[8.56503874354088,50.08392052416012],[8.544929378728533,50.095900448275245],[8.526276096504303,50.08339131621687],[8.520351110895675,50.06106913487772],[8.474938472962263,50.101692623546036],[8.51862358735032,50.12201997157379],[8.532105719896727,50.11614189115345],[8.59257986338244,50.14046123459376],[8.601674572426791,50.15703630075932],[8.591295293416861,50.15987421802927],[8.589819152466998,50.16885954167215]]]}},{"type":"Feature","properties":{"wkr_nr":183,"wkr_name":"Frankfurt am Main II","state_name":"Hessen","elected_party":"cdu","elected_party_share":0.3631,"zweitstimme_top_party":"cdu","zweitstimme_top_share":0.3388,"turnout":0.729012522964847,"eligible_voters":219357.0,"erststimme_top6":[["cdu",0.3631],["spd",0.3048],["gruene",0.1349],["linke_pds",0.0608],["fdp",0.0346],["afd",0.0328]],"zweitstimme_top6":[["cdu",0.3388],["spd",0.2634],["gruene",0.1539],["linke_pds",0.0814],["fdp",0.0699],["afd",0.0488]]},"geometry":{"type":"Polygon","coordinates":[[[8.63883721693653,50.20228971584978],[8.703170246069316,50.21811329973145],[8.71292775126763,50.2264076687609],[8.734875469401732,50.21099864512711],[8.705855768276319,50.1915072508279],[8.724222170895684,50.16332230838069],[8.79050415753283,50.17605021069517],[8.801168623398524,50.17013330272168],[8.783398793204036,50.13756008815832],[8.72677146833269,50.10884583369478],[8.732513932704924,50.081711382175826],[8.72201097261636,50.061730075256854],[8.624021700351019,50.05515672759698],[8.59760220533636,50.04176465882428],[8.590822692685165,50.018185317053096],[8.562280309175819,50.02671575461004],[8.518516774879293,50.0209683163164],[8.521164718175731,50.03536051446392],[8.551206751870653,50.046989798374945],[8.552258457199706,50.05400430371818],[8.526276096504303,50.08339131621687],[8.544929378728533,50.095900448275245],[8.56503874354088,50.08392052416012],[8.61770322814734,50.08316121855481],[8.704111889913499,50.10487038089051],[8.688549845009364,50.164912509077375],[8.63883721693653,50.20228971584978]]]}},{"type":"Feature","properties":{"wkr_nr":184,"wkr_name":"Groß-Gerau","state_name":"Hessen","elected_party":"cdu","elected_party_share":0.4224,"zweitstimme_top_party":"cdu","zweitstimme_top_share":0.367,"turnout":0.732077792209285,"eligible_voters":174002.0,"erststimme_top6":[["cdu",0.4224],["spd",0.3807],["gruene",0.0771],["linke_pds",0.062],["piraten",0.0376],["fdp",0.0202]],"zweitstimme_top6":[["cdu",0.367],["spd",0.3055],["gruene",0.1061],["linke_pds",0.0622],["afd",0.0561],["fdp",0.0466]]},"geometry":{"type":"Polygon","coordinates":[[[8.520351110895675,50.06106913487772],[8.526276096504303,50.08339131621687],[8.552258457199706,50.05400430371818],[8.551206751870653,50.046989798374945],[8.521164718175731,50.03536051446392],[8.518516774879293,50.0209683163164],[8.562280309175819,50.02671575461004],[8.590822692685165,50.018185317053096],[8.629391825571446,49.97426002893328],[8.619980492370747,49.96560231944038],[8.582704907797261,49.95648380491496],[8.55042232433553,49.92147766639944],[8.564968936058666,49.883233112973315],[8.520277750437026,49.87190741255942],[8.549948500179964,49.82257672796506],[8.53779882087045,49.78495128407649],[8.559693525369699,49.72857289556584],[8.495395675230695,49.72291523185776],[8.448227186050254,49.733554944118424],[8.47906139564601,49.76476546789632],[8.422985430560976,49.768297241034496],[8.4000759419582,49.80353555234289],[8.377698524040516,49.82749290661563],[8.38272331702932,49.85687873958296],[8.356071328117137,49.86437086832288],[8.344231832657083,49.87654150314009],[8.354739294272154,49.91674028184624],[8.343111711614293,49.940527779845546],[8.327427321026969,49.96893010650602],[8.290709924328493,49.993462654707415],[8.330698901435309,50.000615490576934],[8.412181482259891,49.99853890832653],[8.520351110895675,50.06106913487772]]]}},{"type":"Feature","properties":{"wkr_nr":185,"wkr_name":"Offenbach","state_name":"Hessen","elected_party":"cdu","elected_party_share":0.4553,"zweitstimme_top_party":"cdu","zweitstimme_top_share":0.3884,"turnout":0.713918339724791,"eligible_voters":221650.0,"erststimme_top6":[["cdu",0.4553],["spd",0.3124],["gruene",0.0817],["linke_pds",0.0617],["fdp",0.0285],["piraten",0.0246]],"zweitstimme_top6":[["cdu",0.3884],["spd",0.2606],["gruene",0.107],["linke_pds",0.0662],["fdp",0.0638],["afd",0.0583]]},"geometry":{"type":"Polygon","coordinates":[[[8.783398793204036,50.13756008815832],[8.818100935836659,50.1342028601933],[8.887497689357929,50.12493736814604],[8.881659369587274,50.11036615766048],[8.873251994620007,50.10448872859646],[8.884245729507267,50.08160138635849],[8.908845098074421,50.07622843966988],[8.902023562920496,50.06462739889961],[8.889163133144324,50.06947014068572],[8.85790919391834,50.057747753195635],[8.818923948071857,50.026950531783314],[8.818996721934717,50.0075239623139],[8.746565603339103,49.960189320925494],[8.725697465826013,49.953672623003975],[8.673592385852777,49.95227739654446],[8.619980492370747,49.96560231944038],[8.629391825571446,49.97426002893328],[8.590822692685165,50.018185317053096],[8.59760220533636,50.04176465882428],[8.624021700351019,50.05515672759698],[8.72201097261636,50.061730075256854],[8.732513932704924,50.081711382175826],[8.72677146833269,50.10884583369478],[8.783398793204036,50.13756008815832]]]}},{"type":"Feature","properties":{"wkr_nr":186,"wkr_name":"Darmstadt","state_name":"Hessen","elected_party":"spd","elected_party_share":0.3727,"zweitstimme_top_party":"cdu","zweitstimme_top_share":0.349,"turnout":0.753238312286213,"eligible_voters":240017.0,"erststimme_top6":[["spd",0.3727],["cdu",0.359],["gruene",0.1172],["linke_pds",0.0516],["afd",0.0384],["piraten",0.0285]],"zweitstimme_top6":[["cdu",0.349],["spd",0.2853],["gruene",0.1423],["linke_pds",0.0672],["afd",0.0519],["fdp",0.0506]]},"geometry":{"type":"Polygon","coordinates":[[[8.746565603339103,49.960189320925494],[8.756377498813473,49.94888689869866],[8.81239699198437,49.94664985887117],[8.864735580305945,49.96362715543539],[8.914857142207875,49.91449573042541],[8.909298929119593,49.90855799746009],[8.872542735483586,49.90978376207948],[8.84242021390845,49.92575014953126],[8.797032805790396,49.92262102823331],[8.770611417310853,49.914838963614265],[8.759570555477714,49.89504016210907],[8.744381610139781,49.898693426863886],[8.740792517764326,49.89311087777393],[8.796381090619676,49.87892369705975],[8.78346780577323,49.8420382489261],[8.795296831523933,49.806095741696375],[8.774848346175954,49.78178510983338],[8.790456422428576,49.73640974916729],[8.779124566718183,49.72614337797862],[8.746137971504634,49.72247692233342],[8.709129060439299,49.74252771710546],[8.702680038845601,49.75348124608635],[8.689662461020106,49.74930960837073],[8.68136958906603,49.744251148111545],[8.687560050720556,49.73096534074231],[8.673726279070145,49.72535168195116],[8.559693525369699,49.72857289556584],[8.53779882087045,49.78495128407649],[8.549948500179964,49.82257672796506],[8.520277750437026,49.87190741255942],[8.564968936058666,49.883233112973315],[8.55042232433553,49.92147766639944],[8.582704907797261,49.95648380491496],[8.619980492370747,49.96560231944038],[8.673592385852777,49.95227739654446],[8.725697465826013,49.953672623003975],[8.746565603339103,49.960189320925494]]]}},{"type":"Feature","properties":{"wkr_nr":187,"wkr_name":"Odenwald","state_name":"Hessen","elected_party":"cdu","elected_party_share":0.469,"zweitstimme_top_party":"cdu","zweitstimme_top_share":0.4086,"turnout":0.756413210445469,"eligible_voters":234360.0,"erststimme_top6":[["cdu",0.469],["spd",0.3363],["gruene",0.0692],["linke_pds",0.0503],["piraten",0.0308],["fdp",0.0268]],"zweitstimme_top6":[["cdu",0.4086],["spd",0.2808],["gruene",0.0906],["afd",0.0574],["linke_pds",0.055],["fdp",0.0522]]},"geometry":{"type":"Polygon","coordinates":[[[8.908845098074421,50.07622843966988],[8.943473664076658,50.090635879005774],[8.947676010438022,50.081285048778945],[8.9856802724873,50.07734546207629],[8.991258905898448,50.06845074447424],[8.981656371057017,50.05553884413067],[9.031807446542208,50.038032874748716],[9.038035188520402,50.000114334272496],[9.014303066829607,49.991314313679034],[9.03763953823071,49.87758390534336],[9.050262455202423,49.866213481864506],[9.033339891916073,49.866543341789075],[9.043704753999853,49.8554648956352],[9.035972818819715,49.846366041140755],[9.082727469278696,49.83259065470111],[9.076929217055602,49.8190609977187],[9.090554450743221,49.795183681248744],[9.131917649840345,49.7942296090343],[9.134132877852396,49.78201913531411],[9.113246350351705,49.773661428819835],[9.106849855680352,49.75855878637755],[9.150673284993966,49.74262357236292],[9.127038399498785,49.70031042087378],[9.089692551222107,49.69307099243316],[9.102216109132913,49.642296871730245],[9.064927669667357,49.61643910201058],[9.066348523135687,49.6022670898587],[9.102705556719156,49.57749142496892],[9.100358186910928,49.56141347437432],[9.088633799821858,49.560806766082045],[9.078122642303262,49.57483759911112],[9.070879637138102,49.565772475729],[9.085959119600913,49.544474004460724],[9.115495740268411,49.53385897398083],[9.124185496695672,49.51630672309863],[9.106194212844057,49.50971071438021],[9.09975786552584,49.52620895882494],[9.083679142839184,49.52625513992687],[9.068499354115877,49.527251104753866],[9.050133547567333,49.51983781256614],[9.041066167924697,49.498839303145665],[9.01546290951724,49.498407540911245],[8.978793537638506,49.509183953683305],[8.931713080081757,49.47061975986885],[8.900710383734975,49.48524336137582],[8.89957796709138,49.503640075105956],[8.882167151233363,49.55707821583033],[8.882620289060528,49.59897825007784],[8.891126819566376,49.605710900316915],[8.87321113744272,49.65084920901355],[8.835648181332978,49.663479784415394],[8.795924428499319,49.68931077846417],[8.786912153054384,49.72220040092539],[8.797384702305186,49.73821995165223],[8.790456422428576,49.73640974916729],[8.774848346175954,49.78178510983338],[8.795296831523933,49.806095741696375],[8.78346780577323,49.8420382489261],[8.796381090619676,49.87892369705975],[8.740792517764326,49.89311087777393],[8.744381610139781,49.898693426863886],[8.759570555477714,49.89504016210907],[8.770611417310853,49.914838963614265],[8.797032805790396,49.92262102823331],[8.84242021390845,49.92575014953126],[8.872542735483586,49.90978376207948],[8.909298929119593,49.90855799746009],[8.914857142207875,49.91449573042541],[8.864735580305945,49.96362715543539],[8.81239699198437,49.94664985887117],[8.756377498813473,49.94888689869866],[8.746565603339103,49.960189320925494],[8.818996721934717,50.0075239623139],[8.818923948071857,50.026950531783314],[8.85790919391834,50.057747753195635],[8.889163133144324,50.06947014068572],[8.902023562920496,50.06462739889961],[8.908845098074421,50.07622843966988]]]}},{"type":"Feature","properties":{"wkr_nr":188,"wkr_name":"Bergstraße","state_name":"Hessen","elected_party":"cdu","elected_party_share":0.4832,"zweitstimme_top_party":"cdu","zweitstimme_top_share":0.4243,"turnout":0.743075343666274,"eligible_voters":199685.0,"erststimme_top6":[["cdu",0.4832],["spd",0.3176],["gruene",0.0567],["afd",0.0422],["linke_pds",0.0395],["fdp",0.0193]],"zweitstimme_top6":[["cdu",0.4243],["spd",0.2756],["gruene",0.0866],["afd",0.0563],["fdp",0.0552],["linke_pds",0.0486]]},"geometry":{"type":"MultiPolygon","coordinates":[[[[8.935637579028723,49.465542165664964],[8.951321819042441,49.45588706964129],[8.85571466173536,49.39732417343073],[8.814992036851645,49.39650285367514],[8.801324030511848,49.4110051544188],[8.837109354997622,49.433179446589435],[8.82614293584204,49.4688422291173],[8.851910752887393,49.483682455336755],[8.866431097103932,49.47455783269238],[8.866354667679099,49.464399525456415],[8.900710383735007,49.4852433613758],[8.931713080081794,49.47061975986888],[8.935637579028723,49.465542165664964]]],[[[8.70912906043924,49.742527717105496],[8.746137971504641,49.72247692233344],[8.779124566718147,49.726143377978644],[8.790456422428525,49.736409749167315],[8.797384702305179,49.738219951652205],[8.786912153054368,49.722200400925374],[8.7959244284993,49.689310778464176],[8.835648181332957,49.6634797844154],[8.873211137442675,49.650849209013515],[8.891126819566354,49.605710900316886],[8.882620289060561,49.59897825007781],[8.882167151233395,49.55707821583034],[8.899577967091426,49.50364007510597],[8.83844676167838,49.49880372354618],[8.819449424499647,49.509902608675425],[8.823183125265126,49.52378371261019],[8.811621487034639,49.5268027177522],[8.766328597239683,49.51477820567358],[8.702482352760642,49.53524280200772],[8.67231579731984,49.60937940649212],[8.685755777007829,49.60812813309566],[8.69272953763,49.62373445357519],[8.593871663507704,49.61039350154683],[8.590541162182555,49.59652227524999],[8.603280717296084,49.59388192462867],[8.618016096724574,49.54953742365913],[8.581339907053987,49.51975041431093],[8.54204303695191,49.52822988536584],[8.47283545609571,49.58509667922338],[8.422628622673749,49.58347182038423],[8.414684051097154,49.59498206637634],[8.382204558417815,49.62670975680948],[8.356795470365649,49.69055369207167],[8.371767392779834,49.70278302230972],[8.425820365897724,49.71655832967214],[8.44617709413799,49.73063834205551],[8.448227186050204,49.73355494411842],[8.495395675230675,49.72291523185778],[8.559693525369724,49.72857289556587],[8.673726279070108,49.72535168195119],[8.687560050720531,49.7309653407423],[8.68136958906601,49.74425114811153],[8.689662461020147,49.7493096083707],[8.702680038845582,49.75348124608635],[8.70912906043924,49.742527717105496]]]]}},{"type":"Feature","properties":{"wkr_nr":189,"wkr_name":"Eichsfeld - Nordhausen - Unstrut-Hainich-Kreis I","state_name":"Thüringen","elected_party":"cdu","elected_party_share":0.4983,"zweitstimme_top_party":"cdu","zweitstimme_top_share":0.4482,"turnout":0.68158029915421,"eligible_voters":196621.0,"erststimme_top6":[["cdu",0.4983],["linke_pds",0.1977],["spd",0.1653],["npd",0.0331],["gruene",0.0313],["piraten",0.0205]],"zweitstimme_top6":[["cdu",0.4482],["linke_pds",0.1992],["spd",0.1527],["afd",0.0529],["gruene",0.0401],["npd",0.0285]]},"geometry":{"type":"Polygon","coordinates":[[[10.70133904049152,51.64109970926789],[10.802027805634099,51.64090984541169],[10.858863629373381,51.63295322382402],[10.886167478049277,51.61236003134138],[10.915703917096833,51.61697046140332],[10.913325099650695,51.610470599480365],[10.935407220696074,51.60545729128167],[10.934618128580565,51.59692087593909],[10.893845836590668,51.59818142938784],[10.88139805167276,51.57965578229358],[10.899788107296809,51.55141457079156],[10.935974388129656,51.53387173612553],[10.934067567011427,51.512752363311854],[10.972303151769399,51.481815933027555],[10.96668683415043,51.43217367620639],[10.978817055027017,51.42751155629252],[10.94705215762928,51.40768478551631],[10.91236253046464,51.40079726674058],[10.82489331621827,51.42033841854364],[10.779290883086167,51.4068479601214],[10.758838092284302,51.389356293267866],[10.709571818962296,51.399669294490785],[10.591418368736303,51.39177230209096],[10.554490405211032,51.39870486921876],[10.535280103041867,51.36621131334122],[10.521719105568113,51.37039307708061],[10.483816144121617,51.34330353222801],[10.50174154317771,51.327280813447416],[10.481997243567914,51.32474554806199],[10.461384215248597,51.3004958789472],[10.548036513238491,51.30061722178074],[10.55494398007343,51.263727489608364],[10.550524229226765,51.256654012169335],[10.518548212785793,51.25490617805652],[10.509892918432994,51.23947792176797],[10.526274129523502,51.217096522563835],[10.516299698781907,51.18941117881664],[10.37322308562664,51.1744717085368],[10.302816729876461,51.184860552004956],[10.297815570538209,51.20335373821325],[10.284770357845561,51.209684330138515],[10.240526747966227,51.19818655262649],[10.244809795249012,51.18458733303797],[10.229747029718844,51.1871911921436],[10.210503013710527,51.19008864514082],[10.168298274128665,51.212092357032354],[10.074426120189631,51.22485801578377],[10.057677257931564,51.26851688127609],[9.975278933976698,51.2884662064308],[9.924109643902492,51.353059039707794],[9.925446040018635,51.37659961446856],[10.081358754275975,51.43472165004529],[10.152643845922976,51.430080470093],[10.174205207158943,51.446032739066446],[10.19023596198113,51.480576705663374],[10.205424058046614,51.48661480122141],[10.237860136716872,51.47752145036319],[10.299757866632143,51.498809879516664],[10.342563201144376,51.52002827230872],[10.368486464062022,51.545121875477996],[10.364733191565433,51.55603258246999],[10.37671017579996,51.56014221935048],[10.390061970602675,51.586089029182766],[10.427205097130814,51.5921587876251],[10.491498169643533,51.574203761197204],[10.519286988077939,51.55356400140984],[10.562483122193523,51.55767973115627],[10.594208311868547,51.57459507747885],[10.611949456261785,51.57900719473993],[10.637041636656473,51.56223979641555],[10.660510441717458,51.56077474326854],[10.666146496298158,51.57805257908606],[10.638582392242526,51.58422808731123],[10.631990343179723,51.60360159304502],[10.639527059547413,51.62126627477855],[10.671443292602893,51.629186258213],[10.677312012429072,51.6383157991083],[10.70133904049152,51.64109970926789]]]}},{"type":"Feature","properties":{"wkr_nr":190,"wkr_name":"Eisenach - Wartburgkreis - Unstrut-Hainich-Kreis II","state_name":"Thüringen","elected_party":"cdu","elected_party_share":0.4328,"zweitstimme_top_party":"cdu","zweitstimme_top_share":0.4022,"turnout":0.674255046376315,"eligible_voters":192663.0,"erststimme_top6":[["cdu",0.4328],["linke_pds",0.2368],["spd",0.1847],["npd",0.0468],["gruene",0.0324],["piraten",0.027]],"zweitstimme_top6":[["cdu",0.4022],["linke_pds",0.225],["spd",0.1699],["afd",0.0493],["npd",0.0402],["gruene",0.04]]},"geometry":{"type":"Polygon","coordinates":[[[10.50174154317771,51.327280813447416],[10.499510912642945,51.32088439707135],[10.496252278487422,51.312346475706725],[10.525110714390458,51.305004922840304],[10.552385287448939,51.31417355690126],[10.561405484843302,51.325696550299156],[10.609693305288593,51.3182529867],[10.654725448136203,51.28523283862072],[10.676534180346616,51.27953050731029],[10.7034179399042,51.23280134227452],[10.734307982490328,51.2169153150894],[10.869139347033814,51.22029637905788],[10.894727506650772,51.218123938192846],[10.895291760520486,51.20590514630462],[10.922696530155806,51.205197232531255],[10.905768353733174,51.17982526259449],[10.908295044999738,51.1515433544254],[10.918289644522572,51.14708771776268],[10.911760491387568,51.13362401788774],[10.876420263658343,51.126309468193114],[10.880185995055463,51.098153702198694],[10.838967457218937,51.09428243436025],[10.756704459729772,51.10583137834795],[10.731109643168878,51.11132123037948],[10.702469360234298,51.09782971730318],[10.697879855669159,51.083321506961],[10.710943835813355,51.052812263759606],[10.678621331088083,51.038401691743985],[10.614148137956064,51.03929029254013],[10.59962300970623,51.027327101299406],[10.508300948365545,50.99639587523242],[10.480987496358143,50.99400614999022],[10.488174711086199,50.969772623045614],[10.512163846540746,50.966016404832544],[10.493718598617876,50.90959535128111],[10.443437040435672,50.909474318601816],[10.40210832029048,50.86281011566451],[10.411536854980252,50.8504772448605],[10.403844845093852,50.815647325342184],[10.374257776062947,50.7953309848909],[10.38387472145344,50.786216342619554],[10.356644564924197,50.77781863202312],[10.326938707915629,50.78877553124906],[10.263016475280974,50.763893622021605],[10.202164406353143,50.77654077168032],[10.223009882218681,50.73755622419848],[10.204832525361208,50.722033007829175],[10.182871371170913,50.71824141075314],[10.17782699496766,50.67180347681339],[10.201739375706916,50.66091744521444],[10.218018990605517,50.64017969971315],[10.207872813752932,50.618293623279754],[10.147483191388131,50.61671312810312],[10.107087511748597,50.627010543515844],[10.102183351432902,50.63727681905191],[10.07780480350586,50.63795268912991],[10.050183605557216,50.673675235694496],[9.997608641216091,50.67611562687664],[9.949232299103137,50.662491110154285],[9.96888678849155,50.64165497582219],[9.960721853547087,50.62949666812574],[9.879697267830224,50.634992416605755],[9.879787375228908,50.67004737695275],[9.916027872809886,50.700513863882904],[9.94255763536114,50.738778827856095],[9.940074458598831,50.75624188705143],[9.925838091481692,50.76731868140832],[9.95261802280258,50.7737569762384],[9.944925601946878,50.800071471853286],[9.952444947403643,50.82103905778606],[9.97653397721931,50.83288715179402],[10.022773726956872,50.83123164292086],[10.038868204382682,50.85284384526037],[10.02145195868677,50.8486870784578],[10.021797935072453,50.86450462628939],[10.058853976846475,50.88251362844078],[10.035026763304629,50.91023556763226],[10.010213766056735,50.91998023363983],[9.949436264648114,50.924446084175116],[9.950127289881415,50.944393757054605],[10.017139031156763,50.937537934341684],[10.061652788770488,50.943074139007294],[10.061202652471206,50.94829289534168],[10.043547965754108,50.94790951197171],[10.020956158638127,50.994855383005145],[10.032688216401336,51.010035754717045],[10.052430159352388,51.0134564824663],[10.110173467402321,51.008782326642915],[10.146024689279377,50.99495424067552],[10.182605037254287,50.99944168697214],[10.203981204987999,51.010729395757465],[10.215801002261097,51.026790955245595],[10.207774057200098,51.036041424064145],[10.14595130506693,51.061296644653375],[10.159967652121123,51.11976990381268],[10.120182099478566,51.14011113068771],[10.167632934074007,51.15187045551328],[10.18394228080009,51.141278527655764],[10.178459528033104,51.1280295478325],[10.199781629824182,51.11289291502754],[10.211077179924212,51.118887698473245],[10.211241731313233,51.14401237367184],[10.20192686853954,51.15152362754251],[10.208552921334608,51.1644005380158],[10.229097732558055,51.17353466271301],[10.229747029718844,51.1871911921436],[10.244809795249012,51.18458733303797],[10.240526747966227,51.19818655262649],[10.284770357845561,51.209684330138515],[10.297815570538209,51.20335373821325],[10.302816729876461,51.184860552004956],[10.37322308562664,51.1744717085368],[10.516299698781907,51.18941117881664],[10.526274129523502,51.217096522563835],[10.509892918432994,51.23947792176797],[10.518548212785793,51.25490617805652],[10.550524229226765,51.256654012169335],[10.55494398007343,51.263727489608364],[10.548036513238491,51.30061722178074],[10.461384215248597,51.3004958789472],[10.481997243567914,51.32474554806199],[10.50174154317771,51.327280813447416]]]}},{"type":"Feature","properties":{"wkr_nr":191,"wkr_name":"Kyffhäuserkreis - Sömmerda - Weimarer Land I","state_name":"Thüringen","elected_party":"cdu","elected_party_share":0.4333,"zweitstimme_top_party":"cdu","zweitstimme_top_share":0.3908,"turnout":0.668751078369349,"eligible_voters":191261.0,"erststimme_top6":[["cdu",0.4333],["linke_pds",0.265],["spd",0.1712],["npd",0.0447],["piraten",0.0363],["gruene",0.0315]],"zweitstimme_top6":[["cdu",0.3908],["linke_pds",0.2453],["spd",0.1542],["afd",0.0573],["gruene",0.0377],["npd",0.037]]},"geometry":{"type":"Polygon","coordinates":[[[10.978817055027017,51.42751155629252],[11.005200213420787,51.41682469487722],[11.072186239024713,51.42855508301795],[11.151994275387395,51.40295238946775],[11.274359054649173,51.40072160772985],[11.321242724747135,51.41080365697124],[11.33044844185014,51.39009373902784],[11.39333199326527,51.3839656576476],[11.392656188282547,51.359578836270025],[11.400878225774099,51.34947467229424],[11.428913067538915,51.339476769016315],[11.419100597370617,51.33179405035913],[11.474373173519902,51.29506363075493],[11.41193011653667,51.24049915464752],[11.399474621521483,51.236986162906945],[11.388165384825717,51.24544453215557],[11.36524598417633,51.22135456877057],[11.389114055123807,51.20891653543243],[11.432283759668719,51.212103755385044],[11.469425189751345,51.1923496322016],[11.485285971388253,51.16564257993872],[11.472262371114937,51.1486820584863],[11.451714645765444,51.14660383843967],[11.463571730881927,51.113028842129005],[11.484811730442024,51.10506190754474],[11.545582024796504,51.102450892909715],[11.571676893462413,51.12033979379746],[11.668819349514699,51.10929501768982],[11.692672148632804,51.099623419045386],[11.697190128599866,51.08767810279452],[11.686155906314859,51.05197841366199],[11.663757465464787,51.02944525273551],[11.622891476834312,51.02045032449162],[11.605260194740218,51.00553919706675],[11.547492860702517,50.988880069765315],[11.508741861586216,50.967088329787046],[11.504168231210961,50.905835056233734],[11.438257448593648,50.86456662844704],[11.42374910101567,50.80847339698846],[11.387037216593466,50.80267738105067],[11.396075867025404,50.807990905187935],[11.39104904238059,50.81873329273464],[11.381175752962134,50.81794686219845],[11.361172316465318,50.815227125618996],[11.357780424828027,50.79794367024596],[11.321035436002452,50.79459308269182],[11.262860455182222,50.833108627127906],[11.250002796650058,50.832037527267204],[11.222479993276883,50.80378219030275],[11.156288836004517,50.8289600062195],[11.15584474579165,50.84573338468582],[11.176562493879539,50.85854624526233],[11.132114963445277,50.87502822098857],[11.108667396904858,50.916274173578984],[11.112353363589449,50.93032159239534],[11.154244667351596,50.924828994281356],[11.261034754987293,50.91998507830398],[11.261922248452702,50.93762206057512],[11.292862757880597,50.91712024261097],[11.320456375242234,50.91865931344155],[11.384275051609372,50.945930900182425],[11.40297227281378,50.964825413463586],[11.393112003148243,50.99510411964558],[11.373073343650537,50.98854342089519],[11.35019186178145,51.00447365394019],[11.352692629516916,51.02134011372007],[11.248158622211504,51.03420072675848],[11.236958206120667,51.02173105751657],[11.217447439160173,51.031862048187314],[11.171056707331234,51.018443820665176],[11.124079905644413,51.00881494450297],[11.07338868917212,51.075079779646565],[11.046441498367916,51.0796078391471],[11.040094916168927,51.064930069389426],[10.98121661003846,51.04166296058101],[10.896192256920061,51.024819807544354],[10.862769826010352,51.026466860872496],[10.87116594820162,51.05697944577497],[10.891155477676962,51.071652466636415],[10.880185995055463,51.098153702198694],[10.876420263658343,51.126309468193114],[10.911760491387568,51.13362401788774],[10.918289644522572,51.14708771776268],[10.908295044999738,51.1515433544254],[10.905768353733174,51.17982526259449],[10.922696530155806,51.205197232531255],[10.895291760520486,51.20590514630462],[10.894727506650772,51.218123938192846],[10.869139347033814,51.22029637905788],[10.734307982490328,51.2169153150894],[10.7034179399042,51.23280134227452],[10.676534180346616,51.27953050731029],[10.654725448136203,51.28523283862072],[10.609693305288593,51.3182529867],[10.561405484843302,51.325696550299156],[10.552385287448939,51.31417355690126],[10.525110714390458,51.305004922840304],[10.496252278487422,51.312346475706725],[10.499510912642945,51.32088439707135],[10.50174154317771,51.327280813447416],[10.483816144121617,51.34330353222801],[10.521719105568113,51.37039307708061],[10.535280103041867,51.36621131334122],[10.554490405211032,51.39870486921876],[10.591418368736303,51.39177230209096],[10.709571818962296,51.399669294490785],[10.758838092284302,51.389356293267866],[10.779290883086167,51.4068479601214],[10.82489331621827,51.42033841854364],[10.91236253046464,51.40079726674058],[10.94705215762928,51.40768478551631],[10.978817055027017,51.42751155629252]]]}},{"type":"Feature","properties":{"wkr_nr":192,"wkr_name":"Gotha - Ilm-Kreis","state_name":"Thüringen","elected_party":"cdu","elected_party_share":0.3729,"zweitstimme_top_party":"cdu","zweitstimme_top_share":0.3825,"turnout":0.68717423090562,"eligible_voters":205859.0,"erststimme_top6":[["cdu",0.3729],["spd",0.2497],["linke_pds",0.2014],["afd",0.058],["npd",0.0337],["gruene",0.0296]],"zweitstimme_top6":[["cdu",0.3825],["linke_pds",0.2211],["spd",0.1712],["afd",0.0741],["gruene",0.0461],["npd",0.0317]]},"geometry":{"type":"Polygon","coordinates":[[[10.756704459729772,51.10583137834795],[10.838967457218937,51.09428243436025],[10.880185995055463,51.098153702198694],[10.891155477676962,51.071652466636415],[10.87116594820162,51.05697944577497],[10.862769826010352,51.026466860872496],[10.864000143492742,51.00061103012016],[10.88353412162137,51.0005094057416],[10.891298255344969,50.99034539832759],[10.862332152459524,50.97733649986193],[10.872285380530933,50.95968908986305],[10.89951019287926,50.94117955724938],[10.938705933861387,50.94691650113024],[10.963007060774627,50.927223133062604],[10.96452658284587,50.92028188730561],[10.931625657581485,50.90874463681668],[10.937155872169544,50.89433001009958],[10.975931661382495,50.890483368837046],[10.97969333452354,50.899153048355046],[11.003206825143037,50.903743980279884],[11.108667396904858,50.916274173578984],[11.132114963445277,50.87502822098857],[11.176562493879539,50.85854624526233],[11.15584474579165,50.84573338468582],[11.156288836004517,50.8289600062195],[11.222479993276883,50.80378219030275],[11.193688726299321,50.801774006402745],[11.175129571420438,50.77138601659343],[11.19052607448486,50.736448688021056],[11.167950311200086,50.728525799224464],[11.103513305773658,50.73117818436001],[11.091901719121934,50.7031587422138],[11.051070219799751,50.70346940268574],[11.0107003399467,50.68786137757222],[11.024582781542804,50.671465499204736],[11.042632655502333,50.679384786274596],[11.062405031575778,50.67454357974404],[11.06047493949838,50.626603620862696],[11.089174281324627,50.60705260570613],[11.06841750283506,50.569322136449465],[11.045324654315904,50.55462314781387],[10.985497505129427,50.54717728939716],[10.968610365860915,50.552948870170866],[10.94181221383234,50.54734891476757],[10.9263644656099,50.57958905798082],[10.896793634112772,50.60947199994579],[10.863538329259748,50.57067771408416],[10.836205870847346,50.56566013210322],[10.82779718054579,50.58031133399753],[10.827669227940826,50.59798467620252],[10.805186128651824,50.60065869992128],[10.771134324110234,50.620579068933914],[10.780529613114245,50.62174418353183],[10.781721760961034,50.63249336250892],[10.771738309012223,50.65381850994919],[10.75243851370844,50.65317196421488],[10.733621302721296,50.663001864689186],[10.749340225138425,50.676668056976666],[10.75315745957726,50.71843027903638],[10.721950735539648,50.738613804757165],[10.705980930117905,50.71664019929621],[10.68628781482998,50.715494470360255],[10.64380784670378,50.72237914972245],[10.612385226779038,50.73763472036089],[10.58427292884643,50.736416890445504],[10.563775939004119,50.75628233320182],[10.540185795949464,50.8243957162268],[10.466460719188769,50.851227580384965],[10.428528816868027,50.84283515165254],[10.411536854980252,50.8504772448605],[10.40210832029048,50.86281011566451],[10.443437040435672,50.909474318601816],[10.493718598617876,50.90959535128111],[10.512163846540746,50.966016404832544],[10.488174711086199,50.969772623045614],[10.480987496358143,50.99400614999022],[10.508300948365545,50.99639587523242],[10.59962300970623,51.027327101299406],[10.614148137956064,51.03929029254013],[10.678621331088083,51.038401691743985],[10.710943835813355,51.052812263759606],[10.697879855669159,51.083321506961],[10.702469360234298,51.09782971730318],[10.731109643168878,51.11132123037948],[10.756704459729772,51.10583137834795]]]}},{"type":"Feature","properties":{"wkr_nr":193,"wkr_name":"Erfurt - Weimar - Weimarer Land II","state_name":"Thüringen","elected_party":"cdu","elected_party_share":0.3709,"zweitstimme_top_party":"cdu","zweitstimme_top_share":0.3447,"turnout":0.697690087051191,"eligible_voters":224121.0,"erststimme_top6":[["cdu",0.3709],["spd",0.2388],["linke_pds",0.2337],["gruene",0.0595],["piraten",0.0369],["npd",0.0311]],"zweitstimme_top6":[["cdu",0.3447],["linke_pds",0.2298],["spd",0.1762],["gruene",0.0852],["afd",0.0605],["piraten",0.0315]]},"geometry":{"type":"Polygon","coordinates":[[[11.217447439160173,51.031862048187314],[11.236958206120667,51.02173105751657],[11.248158622211504,51.03420072675848],[11.352692629516916,51.02134011372007],[11.35019186178145,51.00447365394019],[11.373073343650537,50.98854342089519],[11.393112003148243,50.99510411964558],[11.40297227281378,50.964825413463586],[11.384275051609372,50.945930900182425],[11.320456375242234,50.91865931344155],[11.292862757880597,50.91712024261097],[11.261922248452702,50.93762206057512],[11.261034754987293,50.91998507830398],[11.154244667351596,50.924828994281356],[11.112353363589449,50.93032159239534],[11.108667396904858,50.916274173578984],[11.003206825143037,50.903743980279884],[10.97969333452354,50.899153048355046],[10.975931661382495,50.890483368837046],[10.937155872169544,50.89433001009958],[10.931625657581485,50.90874463681668],[10.96452658284587,50.92028188730561],[10.963007060774627,50.927223133062604],[10.938705933861387,50.94691650113024],[10.89951019287926,50.94117955724938],[10.872285380530933,50.95968908986305],[10.862332152459524,50.97733649986193],[10.891298255344969,50.99034539832759],[10.88353412162137,51.0005094057416],[10.864000143492742,51.00061103012016],[10.862769826010352,51.026466860872496],[10.896192256920061,51.024819807544354],[10.98121661003846,51.04166296058101],[11.040094916168927,51.064930069389426],[11.046441498367916,51.0796078391471],[11.07338868917212,51.075079779646565],[11.124079905644413,51.00881494450297],[11.171056707331234,51.018443820665176],[11.217447439160173,51.031862048187314]]]}},{"type":"Feature","properties":{"wkr_nr":194,"wkr_name":"Gera - Jena - Saale-Holzland-Kreis","state_name":"Thüringen","elected_party":"cdu","elected_party_share":0.3609,"zweitstimme_top_party":"cdu","zweitstimme_top_share":0.3484,"turnout":0.705316381336019,"eligible_voters":238320.0,"erststimme_top6":[["cdu",0.3609],["linke_pds",0.2698],["spd",0.1831],["afd",0.0551],["gruene",0.0475],["npd",0.0255]],"zweitstimme_top6":[["cdu",0.3484],["linke_pds",0.2559],["spd",0.1587],["gruene",0.0691],["afd",0.0664],["piraten",0.0282]]},"geometry":{"type":"Polygon","coordinates":[[[11.697190128599866,51.08767810279452],[11.704855007822344,51.06849124490379],[11.719797593762642,51.07110686143927],[11.802503082070254,51.048059931511894],[11.890650282536143,51.054890314164524],[11.979699796958215,51.01452061600817],[11.971297594796953,50.994627521352164],[12.00603166389513,50.99113166451377],[12.01776842445147,50.968228643003826],[12.091972075156669,50.977238327736664],[12.16373532670195,50.95939546194239],[12.168394543267143,50.93522540318494],[12.143263381666067,50.927806060286436],[12.131932065394592,50.90938161275579],[12.15498442989966,50.87682163020022],[12.12565627822625,50.84944006792547],[12.1341063168343,50.820341319714856],[12.15477762939552,50.80609711817789],[12.128016802467767,50.79907055672684],[12.111591847740229,50.81698621721675],[12.085200113661005,50.82526304624256],[12.04589518200632,50.818586323368265],[12.026556943135818,50.823394680201275],[11.998911259622716,50.849535683664094],[12.002079627617597,50.881762686214344],[12.027255991153483,50.900970631715154],[12.017210473076112,50.9139132639064],[12.049479500839745,50.93267409535921],[12.020894169064878,50.94794485048378],[11.985251745043628,50.95376997716115],[11.958490002179586,50.945389281664795],[11.967215723684864,50.93449516701367],[11.952752378774228,50.916674461818396],[11.87563869534441,50.88403487505244],[11.89751128391071,50.86293803400725],[11.909626021126535,50.82645367122959],[11.893033214748742,50.802176638359],[11.859129138948155,50.80259012473192],[11.866446256464922,50.78846790055962],[11.723103468618941,50.78132242585139],[11.708226005859157,50.763650663158856],[11.545439916226709,50.75064148936189],[11.537272369813111,50.762755539860485],[11.486869289600044,50.777240898658384],[11.452192824853118,50.79890093979524],[11.427037226492832,50.79713894595764],[11.42374910101567,50.80847339698846],[11.438257448593648,50.86456662844704],[11.504168231210961,50.905835056233734],[11.508741861586216,50.967088329787046],[11.547492860702517,50.988880069765315],[11.605260194740218,51.00553919706675],[11.622891476834312,51.02045032449162],[11.663757465464787,51.02944525273551],[11.686155906314859,51.05197841366199],[11.697190128599866,51.08767810279452]]]}},{"type":"Feature","properties":{"wkr_nr":195,"wkr_name":"Greiz - Altenburger Land","state_name":"Thüringen","elected_party":"cdu","elected_party_share":0.4487,"zweitstimme_top_party":"cdu","zweitstimme_top_share":0.4178,"turnout":0.679313131786396,"eligible_voters":170746.0,"erststimme_top6":[["cdu",0.4487],["linke_pds",0.243],["spd",0.1396],["afd",0.0597],["npd",0.0368],["gruene",0.0282]],"zweitstimme_top6":[["cdu",0.4178],["linke_pds",0.2298],["spd",0.1424],["afd",0.0748],["npd",0.034],["gruene",0.0337]]},"geometry":{"type":"Polygon","coordinates":[[[12.28459208008437,51.09041454233452],[12.33296976144381,51.1038961512872],[12.356199731539306,51.09469762213064],[12.353809444368286,51.08448360638805],[12.368248964251768,51.078704641767885],[12.45086310617871,51.07794787573283],[12.495163089292012,51.06664672479413],[12.506835694614468,51.05255038713258],[12.506617048968991,51.016792061102244],[12.580221114210456,50.988257568591564],[12.607479685745973,50.99696403177961],[12.617289572395356,50.98140274598758],[12.62939651225282,50.94289802415914],[12.653272638153432,50.92296729845086],[12.640217597753589,50.90309716979771],[12.626784723031658,50.90529220520145],[12.48651765083945,50.89377069187888],[12.459498674229158,50.88081061361038],[12.44291568072073,50.84337315226783],[12.420192059538357,50.83939300373261],[12.402308402207572,50.8497389490757],[12.378079365561456,50.85020625077],[12.347775985676316,50.837527019638955],[12.347131197388656,50.823348384826886],[12.27904177843547,50.809416043005676],[12.250361201111277,50.81854101870454],[12.242693510235384,50.80933672832979],[12.252898031426403,50.78913270358072],[12.287204754798282,50.7895548914374],[12.290586460064105,50.78376746874216],[12.265345838407779,50.76111525555285],[12.241983196408865,50.76814974960274],[12.229561117126524,50.75850101420479],[12.227182462064887,50.73856758750962],[12.237765397914073,50.733214693452624],[12.26441922290788,50.73764322370473],[12.272581812342624,50.72846357626855],[12.259655009524264,50.71894955649844],[12.263341169926518,50.694622266019],[12.319998215768184,50.67814309104033],[12.31600641491226,50.66571928352899],[12.264820177757333,50.630770659866926],[12.235008086408495,50.62706619697182],[12.200002976460683,50.6371444456569],[12.176179345503888,50.61312949076335],[12.114850397460925,50.59675663843119],[12.110035335572801,50.58859515301637],[12.157163706598737,50.584474785258934],[12.153203406358294,50.57331957728827],[12.116932482514864,50.56700558027927],[12.079172916417345,50.570644357814324],[12.072598833088005,50.55511430859725],[12.0331140752504,50.5514108712856],[12.017331471796492,50.56758339595878],[12.036422240609435,50.59476389981066],[12.008114219387464,50.61217807647984],[12.021100396169635,50.627211194623534],[12.009994068259099,50.635159123565096],[11.980881581310586,50.62167459616194],[11.985174857114398,50.61145525585862],[11.944331371124887,50.59174726884272],[11.933919407433658,50.60471196955539],[11.902454969047053,50.60791664507229],[11.866267866171825,50.666213170663],[11.869821750660293,50.716396258909725],[11.90174847944891,50.74500648817811],[11.940451768799331,50.75902666026428],[11.943334074337079,50.76648043087698],[11.866446256464922,50.78846790055962],[11.859129138948155,50.80259012473192],[11.893033214748742,50.802176638359],[11.909626021126535,50.82645367122959],[11.89751128391071,50.86293803400725],[11.87563869534441,50.88403487505244],[11.952752378774228,50.916674461818396],[11.967215723684864,50.93449516701367],[11.958490002179586,50.945389281664795],[11.985251745043628,50.95376997716115],[12.020894169064878,50.94794485048378],[12.049479500839745,50.93267409535921],[12.017210473076112,50.9139132639064],[12.027255991153483,50.900970631715154],[12.002079627617597,50.881762686214344],[11.998911259622716,50.849535683664094],[12.026556943135818,50.823394680201275],[12.04589518200632,50.818586323368265],[12.085200113661005,50.82526304624256],[12.111591847740229,50.81698621721675],[12.128016802467767,50.79907055672684],[12.15477762939552,50.80609711817789],[12.1341063168343,50.820341319714856],[12.12565627822625,50.84944006792547],[12.15498442989966,50.87682163020022],[12.131932065394592,50.90938161275579],[12.143263381666067,50.927806060286436],[12.168394543267143,50.93522540318494],[12.16373532670195,50.95939546194239],[12.181980339869307,50.97705761230843],[12.214454395722662,50.93914625150823],[12.224202615868869,50.942605874448],[12.291785374308652,51.01862831949317],[12.294011838167096,51.03155161172413],[12.261585179120312,51.04999085663377],[12.258503971241979,51.066465093653825],[12.28459208008437,51.09041454233452]]]}},{"type":"Feature","properties":{"wkr_nr":196,"wkr_name":"Sonneberg - Saalfeld-Rudolstadt - Saale-Orla-Kreis","state_name":"Thüringen","elected_party":"cdu","elected_party_share":0.4112,"zweitstimme_top_party":"cdu","zweitstimme_top_share":0.3792,"turnout":0.672653330100596,"eligible_voters":218597.0,"erststimme_top6":[["cdu",0.4112],["linke_pds",0.2635],["spd",0.1983],["npd",0.0517],["gruene",0.0394],["fdp",0.0228]],"zweitstimme_top6":[["cdu",0.3792],["linke_pds",0.2476],["spd",0.159],["afd",0.0678],["gruene",0.0376],["npd",0.0366]]},"geometry":{"type":"Polygon","coordinates":[[[11.222479993276883,50.80378219030275],[11.250002796650058,50.832037527267204],[11.262860455182222,50.833108627127906],[11.321035436002452,50.79459308269182],[11.357780424828027,50.79794367024596],[11.361172316465318,50.815227125618996],[11.381175752962134,50.81794686219845],[11.39104904238059,50.81873329273464],[11.396075867025404,50.807990905187935],[11.387037216593466,50.80267738105067],[11.42374910101567,50.80847339698846],[11.427037226492832,50.79713894595764],[11.452192824853118,50.79890093979524],[11.486869289600044,50.777240898658384],[11.537272369813111,50.762755539860485],[11.545439916226709,50.75064148936189],[11.708226005859157,50.763650663158856],[11.723103468618941,50.78132242585139],[11.866446256464922,50.78846790055962],[11.943334074337079,50.76648043087698],[11.940451768799331,50.75902666026428],[11.90174847944891,50.74500648817811],[11.869821750660293,50.716396258909725],[11.866267866171825,50.666213170663],[11.902454969047053,50.60791664507229],[11.933919407433658,50.60471196955539],[11.944331371124887,50.59174726884272],[11.924104169116818,50.5858306644453],[11.933531937624027,50.56869354475576],[11.92348480486935,50.55820472588995],[11.884833167879354,50.55209658953908],[11.872224329487468,50.53953023134997],[11.887371897684494,50.516741754401075],[11.918614826891577,50.51744127792509],[11.964080926306828,50.4861545249083],[11.888602427262796,50.442755678435475],[11.921310857911042,50.42473991928636],[11.823340060396314,50.38972513524126],[11.795062108101423,50.418142561135774],[11.714102843517887,50.39659384601329],[11.625963797366321,50.38671422785138],[11.603566814286683,50.398516828781965],[11.573260031689626,50.40020440755474],[11.558295787664285,50.3833136102768],[11.52940578256366,50.37796447274954],[11.495646501508727,50.399507678285374],[11.478165930401449,50.43274327929699],[11.451215523572973,50.43102549640507],[11.421378052773358,50.44284044468221],[11.421443990842059,50.485954909656826],[11.440864702091492,50.50108890256592],[11.423554224323475,50.5160178436617],[11.379718723265865,50.52044302453629],[11.343821135413204,50.52079959522189],[11.326998900541556,50.50970966897196],[11.320285231719417,50.48872007567143],[11.265851657729993,50.47902741866635],[11.247484739652574,50.478147981750276],[11.246350086255854,50.44913447248868],[11.267823320822048,50.434632201724426],[11.258671116572456,50.39988462618135],[11.284202213606719,50.36066418863808],[11.266405757382572,50.351835922325265],[11.2613987424775,50.337875384560256],[11.251910921710044,50.29334537207806],[11.258433999635534,50.27365224124534],[11.248081900163063,50.26679136828116],[11.197209245367551,50.29156259413532],[11.189607102652703,50.270544439757096],[11.175685521296616,50.269072771220074],[11.132230417871268,50.300280530709074],[11.132153917940208,50.31179038806725],[11.159517193086144,50.330301676084964],[11.11486766996445,50.367214996252635],[11.08982698089102,50.365912039797635],[11.081910141014001,50.35372646713365],[11.037109346358058,50.345267381005165],[11.032774748792768,50.35490771132761],[11.008410846328333,50.365013395150704],[10.994919114747498,50.365180532337206],[10.994200948069011,50.35345745112187],[10.982596319961035,50.35189263808559],[10.945402226034412,50.38644766190791],[10.956749382777128,50.392567063060746],[10.96183596749648,50.42110323991084],[11.03963762321708,50.46563450479494],[11.039216030874568,50.47253114107262],[11.017811140061175,50.47968264839171],[10.988611401036037,50.48003602870543],[10.974425116899615,50.49950795456953],[10.999620307078105,50.514499404962784],[10.991152016925962,50.527476280862686],[10.968610365860915,50.552948870170866],[10.985497505129427,50.54717728939716],[11.045324654315904,50.55462314781387],[11.06841750283506,50.569322136449465],[11.089174281324627,50.60705260570613],[11.06047493949838,50.626603620862696],[11.062405031575778,50.67454357974404],[11.042632655502333,50.679384786274596],[11.024582781542804,50.671465499204736],[11.0107003399467,50.68786137757222],[11.051070219799751,50.70346940268574],[11.091901719121934,50.7031587422138],[11.103513305773658,50.73117818436001],[11.167950311200086,50.728525799224464],[11.19052607448486,50.736448688021056],[11.175129571420438,50.77138601659343],[11.193688726299321,50.801774006402745],[11.222479993276883,50.80378219030275]]]}},{"type":"Feature","properties":{"wkr_nr":197,"wkr_name":"Suhl - Schmalkalden-Meiningen - Hildburghausen","state_name":"Thüringen","elected_party":"cdu","elected_party_share":0.42,"zweitstimme_top_party":"cdu","zweitstimme_top_share":0.3968,"turnout":0.666243350622989,"eligible_voters":196071.0,"erststimme_top6":[["cdu",0.42],["linke_pds",0.2734],["spd",0.183],["npd",0.0371],["gruene",0.0288],["piraten",0.0279]],"zweitstimme_top6":[["cdu",0.3968],["linke_pds",0.2498],["spd",0.1629],["afd",0.051],["gruene",0.0397],["npd",0.0315]]},"geometry":{"type":"Polygon","coordinates":[[[10.411536854980252,50.8504772448605],[10.428528816868027,50.84283515165254],[10.466460719188769,50.851227580384965],[10.540185795949464,50.8243957162268],[10.563775939004119,50.75628233320182],[10.58427292884643,50.736416890445504],[10.612385226779038,50.73763472036089],[10.64380784670378,50.72237914972245],[10.68628781482998,50.715494470360255],[10.705980930117905,50.71664019929621],[10.721950735539648,50.738613804757165],[10.75315745957726,50.71843027903638],[10.749340225138425,50.676668056976666],[10.733621302721296,50.663001864689186],[10.75243851370844,50.65317196421488],[10.771738309012223,50.65381850994919],[10.781721760961034,50.63249336250892],[10.780529613114245,50.62174418353183],[10.771134324110234,50.620579068933914],[10.805186128651824,50.60065869992128],[10.827669227940826,50.59798467620252],[10.82779718054579,50.58031133399753],[10.836205870847346,50.56566013210322],[10.863538329259748,50.57067771408416],[10.896793634112772,50.60947199994579],[10.9263644656099,50.57958905798082],[10.94181221383234,50.54734891476757],[10.968610365860915,50.552948870170866],[10.991152016925962,50.527476280862686],[10.999620307078105,50.514499404962784],[10.974425116899615,50.49950795456953],[10.988611401036037,50.48003602870543],[11.017811140061175,50.47968264839171],[11.039216030874568,50.47253114107262],[11.03963762321708,50.46563450479494],[10.96183596749648,50.42110323991084],[10.956749382777128,50.392567063060746],[10.945402226034412,50.38644766190791],[10.934388050568275,50.3923596040249],[10.89902375547038,50.38454329571913],[10.830609198068801,50.39273804842645],[10.789929937146237,50.38235319218616],[10.754750695378501,50.35814664224352],[10.715659567090148,50.363674218343654],[10.715859718173213,50.320977815488384],[10.74194042476958,50.31591725913388],[10.804710961090692,50.27944819758592],[10.851280662024093,50.264679052408155],[10.848372100279336,50.24541786282713],[10.835838538318287,50.23923387536574],[10.732339098376606,50.25141903497162],[10.72933004538292,50.23005482860708],[10.731158758833466,50.21284830520593],[10.717123097403068,50.204321678013336],[10.657997401333025,50.2236890490158],[10.610092155788811,50.22800774839947],[10.59112173964049,50.27183165237142],[10.600970612875582,50.334013570717126],[10.493872517658517,50.355979557097655],[10.459322536134595,50.38047977191278],[10.450912569107869,50.40198616935837],[10.423218556117012,50.39367861779208],[10.392437868128528,50.39600579390204],[10.384027297538646,50.4089773983207],[10.40308645160026,50.426255238264126],[10.378297180807225,50.43259738362268],[10.347816559053715,50.46042905329315],[10.333834056389444,50.48824641360063],[10.254163832782677,50.51183478105335],[10.203983029951523,50.554606040193214],[10.139045228649357,50.542992260189095],[10.1205597789654,50.55585275320076],[10.127283226902511,50.55999794056169],[10.106608133985379,50.56337055899445],[10.04129563182455,50.51650331357058],[10.056246883753555,50.55297341335309],[10.038336752874066,50.61120909188852],[10.05787730358683,50.62577711299795],[10.082896147383403,50.619791872673154],[10.07780480350586,50.63795268912991],[10.102183351432902,50.63727681905191],[10.107087511748597,50.627010543515844],[10.147483191388131,50.61671312810312],[10.207872813752932,50.618293623279754],[10.218018990605517,50.64017969971315],[10.201739375706916,50.66091744521444],[10.17782699496766,50.67180347681339],[10.182871371170913,50.71824141075314],[10.204832525361208,50.722033007829175],[10.223009882218681,50.73755622419848],[10.202164406353143,50.77654077168032],[10.263016475280974,50.763893622021605],[10.326938707915629,50.78877553124906],[10.356644564924197,50.77781863202312],[10.38387472145344,50.786216342619554],[10.374257776062947,50.7953309848909],[10.403844845093852,50.815647325342184],[10.411536854980252,50.8504772448605]]]}},{"type":"Feature","properties":{"wkr_nr":198,"wkr_name":"Neuwied","state_name":"Rheinland-Pfalz","elected_party":"cdu","elected_party_share":0.4685,"zweitstimme_top_party":"cdu","zweitstimme_top_share":0.4558,"turnout":0.722064801754233,"eligible_voters":240333.0,"erststimme_top6":[["cdu",0.4685],["spd",0.3726],["linke_pds",0.045],["gruene",0.0398],["fdp",0.0229],["piraten",0.0201]],"zweitstimme_top6":[["cdu",0.4558],["spd",0.2855],["gruene",0.0623],["linke_pds",0.0524],["afd",0.0512],["fdp",0.0469]]},"geometry":{"type":"MultiPolygon","coordinates":[[[[7.701489801557926,50.58254229203439],[7.695855824586871,50.5801029730038],[7.692151584813135,50.59882087508727],[7.711545415071257,50.59712724273137],[7.701489801557926,50.58254229203439]]],[[[7.881990094260266,50.8744824710928],[7.918076866572736,50.84433262758111],[7.957467435812109,50.84898805106203],[7.967350957614134,50.84383285428357],[7.976379661740086,50.830336065494755],[7.969503039032616,50.77378863661056],[8.040354474611718,50.72685756424925],[8.03890713108943,50.69690530380088],[8.00559408023217,50.68838399558583],[7.994375252728876,50.67628633293603],[7.967223536741733,50.67697371097579],[7.967965896480938,50.69408884159475],[7.946588196635102,50.70923409384305],[7.902368222655352,50.71883798909652],[7.890604997529179,50.71562240584776],[7.878660288468916,50.69161809684778],[7.892791167283876,50.682024222223404],[7.870405635030031,50.68114188793838],[7.854825627945782,50.685296369275754],[7.854068639815702,50.70203408242155],[7.807711818586089,50.72569494580933],[7.746616198408424,50.74013164324583],[7.745695481018207,50.729901148227064],[7.696714173925722,50.706495494525576],[7.700902453970847,50.69506515464741],[7.717182588599734,50.69413610271157],[7.727931182901941,50.683855835402454],[7.704263370933774,50.6547082658477],[7.700891913101271,50.623170151213216],[7.676025966911398,50.614287324379724],[7.665818048922197,50.599736604080526],[7.665158900674714,50.594610035336025],[7.68069226523639,50.59355466342143],[7.704276926980731,50.56183900839987],[7.678174641303159,50.49606038384114],[7.611186326649484,50.48421266609407],[7.595234145990496,50.47494592223607],[7.599236053687238,50.464325512928774],[7.554649864589768,50.437077417899744],[7.552678698367303,50.425224125550834],[7.50938462776177,50.41416262875252],[7.471907360248338,50.413525284468854],[7.450714842961557,50.428704891631305],[7.435793131047615,50.44298540125286],[7.395171238789334,50.44383355782367],[7.377908728776158,50.45080640245187],[7.34443095001064,50.4765499171359],[7.30306380116812,50.51172518522513],[7.270247323257228,50.57051773163126],[7.2122897575733,50.590823357806826],[7.211921801297605,50.623395857898146],[7.281567180174657,50.628319146873224],[7.356341999731412,50.64780411733322],[7.372112000999837,50.681809263223705],[7.357692373272893,50.698060696534085],[7.377193361613922,50.71635788647602],[7.439005737208068,50.71170492109633],[7.478947663277217,50.718298348142724],[7.58962064706092,50.756619581704065],[7.599654906431976,50.767167082547694],[7.655231770610444,50.76791739537626],[7.682730867630212,50.794229714115566],[7.679378797012146,50.80964625840265],[7.659583733618982,50.82024479333118],[7.700102739857748,50.82566831452743],[7.735946533164981,50.847365261287734],[7.762502548211407,50.84447729598701],[7.743552477830053,50.913622343583434],[7.786470192689161,50.940056584530005],[7.828518961651514,50.92895795792469],[7.850014525194486,50.92483849837525],[7.828826501697799,50.88222824045075],[7.881990094260266,50.8744824710928]]]]}},{"type":"Feature","properties":{"wkr_nr":199,"wkr_name":"Ahrweiler","state_name":"Rheinland-Pfalz","elected_party":"cdu","elected_party_share":0.5547,"zweitstimme_top_party":"cdu","zweitstimme_top_share":0.4883,"turnout":0.730962645519462,"eligible_voters":195077.0,"erststimme_top6":[["cdu",0.5547],["spd",0.2801],["gruene",0.056],["linke_pds",0.0446],["piraten",0.0305],["fdp",0.0238]],"zweitstimme_top6":[["cdu",0.4883],["spd",0.2464],["gruene",0.066],["fdp",0.0561],["afd",0.0521],["linke_pds",0.0467]]},"geometry":{"type":"Polygon","coordinates":[[[7.203148115387571,50.64972356494365],[7.210729711017176,50.64974464869625],[7.21192180129758,50.623395857898124],[7.212289757573273,50.59082335780684],[7.270247323257195,50.570517731631284],[7.303063801168086,50.5117251852251],[7.344430950010596,50.47654991713591],[7.377908728776184,50.45080640245189],[7.395171238789334,50.443833557823645],[7.435793131047601,50.44298540125291],[7.45071484296153,50.428704891631334],[7.433931063669023,50.419027205157235],[7.437514929105084,50.35110262092457],[7.409007877868161,50.34176175939583],[7.415080117967716,50.32097986701894],[7.39420779794123,50.2879841180675],[7.418969756537174,50.24711636087593],[7.380497179558539,50.20996546105107],[7.312701758722358,50.198509183536146],[7.293143701939726,50.206066170460204],[7.318556935937234,50.215397286666786],[7.26834403970514,50.25159410823853],[7.155161256029306,50.27658315603272],[7.077639506376115,50.27196876786528],[7.069929498894441,50.28007433443714],[7.017287539012319,50.29358462559348],[7.013838036423087,50.28720043597422],[6.998929101137032,50.2900081600866],[6.974025987884668,50.30661688592235],[7.038707121231104,50.335476195815055],[7.009050956183588,50.34945331775117],[6.984415509018901,50.34850753656588],[6.952809072992646,50.33017161221991],[6.944619162258242,50.31388397125103],[6.917172471955397,50.30679220387382],[6.85901547854553,50.32288441843102],[6.837519381949479,50.31825960093196],[6.794120931938568,50.32596718280821],[6.800380352551241,50.36083776838615],[6.769702070341133,50.39240182395435],[6.784199339513256,50.421159854722895],[6.744767679185978,50.47328784294421],[6.800806413799598,50.491407127027145],[6.812030520021154,50.47224707358983],[6.855513975917028,50.455039128234404],[6.901601341966474,50.469148805703725],[6.90598631617849,50.501808493118716],[6.888485350383708,50.508172599694134],[6.88210475402286,50.52704280355],[6.92529564042414,50.54539870768323],[6.927914467266446,50.55875611789862],[6.951030221873777,50.56345322147247],[6.972006810863943,50.556080916390044],[6.997733785762646,50.56482635992888],[7.049219803955086,50.60341211364808],[7.09404481997309,50.586066518909654],[7.11159911761253,50.601954393305604],[7.173379007341727,50.61259521699789],[7.189256103754862,50.623675120770365],[7.195252868972672,50.642612580608635],[7.203148115387571,50.64972356494365]]]}},{"type":"Feature","properties":{"wkr_nr":200,"wkr_name":"Koblenz","state_name":"Rheinland-Pfalz","elected_party":"cdu","elected_party_share":0.4799,"zweitstimme_top_party":"cdu","zweitstimme_top_share":0.4503,"turnout":0.721244946066134,"eligible_voters":198113.0,"erststimme_top6":[["cdu",0.4799],["spd",0.3085],["gruene",0.0801],["linke_pds",0.0494],["piraten",0.0283],["fdp",0.027]],"zweitstimme_top6":[["cdu",0.4503],["spd",0.2713],["gruene",0.077],["fdp",0.0539],["linke_pds",0.0522],["afd",0.047]]},"geometry":{"type":"Polygon","coordinates":[[[7.599236053687199,50.464325512928795],[7.602577293972185,50.46336433516125],[7.635491079836664,50.454704891636105],[7.680685992259409,50.405432883464435],[7.647371876411985,50.398427865991636],[7.646184682045718,50.38712834854193],[7.664439737786898,50.38156819175231],[7.690223003010814,50.35988107208821],[7.730730930981568,50.364846813789406],[7.754929625268956,50.40146852906871],[7.793128024385957,50.38748996809055],[7.773667149140273,50.36422361595046],[7.787222948469863,50.36220344495599],[7.792175919943493,50.36063788794907],[7.770329820788615,50.341069627034294],[7.760951482443695,50.30670332448399],[7.741803542756396,50.293973413051],[7.742035143883095,50.25552713860385],[7.707131123503442,50.20985705647053],[7.716072064757639,50.19934606932843],[7.744273705584434,50.20560745421621],[7.778002177943818,50.188214088157984],[7.798363612113757,50.17031648543259],[7.801979566178312,50.14992585293093],[7.840241251488012,50.13609050167084],[7.846945741744207,50.12381328960591],[7.837487924639388,50.08412417310229],[7.773369522869189,50.067045650557944],[7.765215173426502,50.08269737971245],[7.722611504611058,50.11345622242809],[7.739710077336768,50.13037644107693],[7.724269362550545,50.14844261023867],[7.694623444524196,50.168404691363016],[7.646268325332251,50.17869103880496],[7.637963837092732,50.206745939051174],[7.609119387171938,50.23070097200649],[7.579961195004702,50.237250301900204],[7.59298295035881,50.24970458201568],[7.638622775529463,50.246449681729516],[7.536781926404657,50.26554814312318],[7.475572130941431,50.20638790922157],[7.459127927667272,50.19895261290495],[7.447063461298571,50.20211889145474],[7.448043776219626,50.21136865513233],[7.432035969107542,50.21070481960082],[7.413593626083821,50.193269747716],[7.429613059061234,50.17584073647866],[7.409466325321493,50.16283191451342],[7.381941416665251,50.1609900673719],[7.371323121004165,50.19097918247637],[7.380497179558539,50.20996546105107],[7.418969756537174,50.24711636087593],[7.39420779794123,50.2879841180675],[7.415080117967716,50.32097986701894],[7.409007877868161,50.34176175939583],[7.437514929105084,50.35110262092457],[7.433931063669023,50.419027205157235],[7.45071484296153,50.428704891631334],[7.471907360248319,50.41352528446884],[7.509384627761753,50.41416262875249],[7.552678698367355,50.42522412555079],[7.554649864589819,50.43707741789972],[7.599236053687199,50.464325512928795]]]}},{"type":"Feature","properties":{"wkr_nr":201,"wkr_name":"Mosel/Rhein-Hunsrück","state_name":"Rheinland-Pfalz","elected_party":"cdu","elected_party_share":0.5363,"zweitstimme_top_party":"cdu","zweitstimme_top_share":0.4939,"turnout":0.736783306068707,"eligible_voters":175441.0,"erststimme_top6":[["cdu",0.5363],["spd",0.2786],["linke_pds",0.0448],["gruene",0.0403],["fdp",0.0316],["freie_wahler",0.0311]],"zweitstimme_top6":[["cdu",0.4939],["spd",0.2458],["fdp",0.0626],["gruene",0.0572],["linke_pds",0.0484],["afd",0.0419]]},"geometry":{"type":"Polygon","coordinates":[[[7.069929498894441,50.28007433443714],[7.077639506376115,50.27196876786528],[7.155161256029306,50.27658315603272],[7.26834403970514,50.25159410823853],[7.318556935937234,50.215397286666786],[7.293143701939726,50.206066170460204],[7.312701758722358,50.198509183536146],[7.380497179558539,50.20996546105107],[7.371323121004165,50.19097918247637],[7.381941416665251,50.1609900673719],[7.409466325321493,50.16283191451342],[7.429613059061234,50.17584073647866],[7.413593626083821,50.193269747716],[7.432035969107542,50.21070481960082],[7.448043776219626,50.21136865513233],[7.447063461298571,50.20211889145474],[7.459127927667272,50.19895261290495],[7.475572130941431,50.20638790922157],[7.536781926404657,50.26554814312318],[7.638622775529463,50.246449681729516],[7.59298295035881,50.24970458201568],[7.579961195004702,50.237250301900204],[7.609119387171938,50.23070097200649],[7.637963837092732,50.206745939051174],[7.646268325332251,50.17869103880496],[7.694623444524196,50.168404691363016],[7.724269362550545,50.14844261023867],[7.739710077336768,50.13037644107693],[7.722611504611058,50.11345622242809],[7.765215173426502,50.08269737971245],[7.705714712661989,50.06321765784006],[7.664933684282027,50.03324785395918],[7.734536517619956,49.99856389472554],[7.713697820009758,49.99707685730925],[7.686722208061776,50.000750098342024],[7.651507377117773,49.931622249989545],[7.631256524669724,49.93537966107072],[7.531645818244749,49.88731360928908],[7.497579161583526,49.86147161910304],[7.425491921510037,49.85085997481919],[7.398758251959243,49.85591398095985],[7.387608075467854,49.89616094295992],[7.323147162288423,49.89921373210159],[7.293830647233447,49.87899274158882],[7.280964440323737,49.88324595228382],[7.280675435202669,49.89939958973734],[7.224098595041763,49.88578887764591],[7.233281821224343,49.869252991119396],[7.247034039234971,49.86850186324246],[7.262665123906796,49.85371346050031],[7.127234067088301,49.77698281008837],[7.131286994262588,49.757579183513556],[7.042702174382407,49.689851158166064],[7.004117292182739,49.672963452721824],[6.991440218140895,49.67721942177207],[6.965289343517391,49.69397627635466],[6.974624351544783,49.71335520770954],[6.96718452229235,49.72377684932287],[6.919848582466545,49.74757365417398],[6.886055534134124,49.776626906883266],[6.902806268318868,49.80191875306189],[6.941502050368843,49.80465527156851],[6.951407632951654,49.81631545455048],[6.938336251863503,49.82586973302944],[6.901144553491087,49.83140541075226],[6.872025586210605,49.88009151412094],[6.980666087786466,49.91419198272386],[6.94578516916535,49.93401285756209],[6.975130021902775,49.95594361929476],[6.955542870567837,49.97450751458913],[6.975224556055634,50.00706598181084],[7.024660256264758,49.993135350534885],[7.048231136157887,49.979345580077556],[7.048399658374068,49.96427215695214],[7.066538006610051,49.96026549009928],[7.115714208954325,49.988659227042454],[7.118175846464907,50.02321605898758],[7.125742135781484,50.02398320232987],[7.095807873496428,50.06385668056784],[7.035613706753201,50.06706860485312],[7.003307855034584,50.0858646580099],[6.98275025676383,50.08263103532648],[6.979038331799151,50.09820142554477],[6.979206718934388,50.12346917223421],[6.961193919930357,50.15789983350895],[6.973234258199942,50.17433800990172],[6.952204411271332,50.20878291204862],[6.955421967374483,50.223920648020886],[6.978563741836287,50.23683876183154],[6.993940543184275,50.237144110345696],[7.004281474368612,50.22325013542968],[7.033893366948361,50.22651497455989],[7.064436064743989,50.25953827775651],[7.069929498894441,50.28007433443714]]]}},{"type":"Feature","properties":{"wkr_nr":202,"wkr_name":"Kreuznach","state_name":"Rheinland-Pfalz","elected_party":"cdu","elected_party_share":0.4137,"zweitstimme_top_party":"cdu","zweitstimme_top_share":0.4109,"turnout":0.705696286931985,"eligible_voters":187473.0,"erststimme_top6":[["cdu",0.4137],["spd",0.3765],["linke_pds",0.0519],["gruene",0.0445],["freie_wahler",0.0403],["fdp",0.0292]],"zweitstimme_top6":[["cdu",0.4109],["spd",0.3136],["gruene",0.0633],["linke_pds",0.0577],["fdp",0.0557],["afd",0.0476]]},"geometry":{"type":"Polygon","coordinates":[[[7.713697820009758,49.99707685730925],[7.734536517619956,49.99856389472554],[7.767676641709204,49.98848785320454],[7.823086414551166,49.93720911377021],[7.846026487562869,49.94309978302171],[7.897735833104159,49.93029916409968],[7.919358718183465,49.88181858233373],[7.944084637772887,49.880801000713085],[7.967863577795084,49.858304360933225],[7.96354435461803,49.833080259603655],[7.927654906004299,49.81135719403392],[7.930891379290699,49.769065325332384],[7.905486212253046,49.752133313552896],[7.897095300691968,49.75886336654026],[7.840194005574033,49.76016181716201],[7.82412447363724,49.751839831520904],[7.776336085591786,49.75642186432776],[7.772410623867762,49.76441859124297],[7.757812968357075,49.75887015492672],[7.766119542515113,49.74438966444424],[7.728584082648722,49.70911248271877],[7.735250208504258,49.69756281027019],[7.699095461734128,49.65754133580398],[7.703334103676518,49.65240242194895],[7.67728091413934,49.63970630731926],[7.654686544686512,49.64064909336114],[7.67104522400614,49.66808857114411],[7.659149814365382,49.70127321617524],[7.642283755663037,49.68695390379365],[7.604208731722814,49.68238376530284],[7.56213922277654,49.686437179324095],[7.530246809929083,49.70961428397095],[7.52216662996573,49.70748010158778],[7.487006823115268,49.66225993335349],[7.482195182526076,49.624976153124756],[7.440190192978586,49.59407588127955],[7.420393809075988,49.589759767043034],[7.388752110634429,49.59756279629309],[7.361704195649808,49.59552170153232],[7.333420415213487,49.564899200240134],[7.276800029717046,49.54860519849953],[7.258914121647613,49.578240712424375],[7.213026706510265,49.56595540809745],[7.175753143860298,49.58516036725189],[7.172696887232586,49.60118114314839],[7.152082755823473,49.60368892449404],[7.128536263153003,49.59568398565385],[7.088056226599536,49.59937553357965],[7.059272227702725,49.63017889776797],[7.027781995789533,49.63934121976074],[7.065178478428119,49.67672758807908],[7.042702174382407,49.689851158166064],[7.131286994262588,49.757579183513556],[7.127234067088301,49.77698281008837],[7.262665123906796,49.85371346050031],[7.247034039234971,49.86850186324246],[7.233281821224343,49.869252991119396],[7.224098595041763,49.88578887764591],[7.280675435202669,49.89939958973734],[7.280964440323737,49.88324595228382],[7.293830647233447,49.87899274158882],[7.323147162288423,49.89921373210159],[7.387608075467854,49.89616094295992],[7.398758251959243,49.85591398095985],[7.425491921510037,49.85085997481919],[7.497579161583526,49.86147161910304],[7.531645818244749,49.88731360928908],[7.631256524669724,49.93537966107072],[7.651507377117773,49.931622249989545],[7.686722208061776,50.000750098342024],[7.713697820009758,49.99707685730925]]]}},{"type":"Feature","properties":{"wkr_nr":203,"wkr_name":"Bitburg","state_name":"Rheinland-Pfalz","elected_party":"cdu","elected_party_share":0.5597,"zweitstimme_top_party":"cdu","zweitstimme_top_share":0.5218,"turnout":0.717310132100317,"eligible_voters":166313.0,"erststimme_top6":[["cdu",0.5597],["spd",0.2626],["gruene",0.0495],["linke_pds",0.0332],["fdp",0.0327],["freie_wahler",0.0247]],"zweitstimme_top6":[["cdu",0.5218],["spd",0.2233],["gruene",0.0611],["fdp",0.0609],["linke_pds",0.0438],["afd",0.0364]]},"geometry":{"type":"Polygon","coordinates":[[[6.420957823535944,50.368626324359774],[6.447552351456697,50.37160019770844],[6.460715538664808,50.360890559417285],[6.462527778864436,50.340660382175784],[6.484395661076531,50.33928726420895],[6.529516982401747,50.36910600891081],[6.603811600630434,50.38793093915718],[6.627484655852156,50.3717937917312],[6.62302647284722,50.354265680593635],[6.656425747541397,50.36006148919397],[6.668481337703614,50.371755851213834],[6.705681755133479,50.342345530675885],[6.780094561239571,50.36284676395377],[6.800380352551241,50.36083776838615],[6.794120931938568,50.32596718280821],[6.837519381949479,50.31825960093196],[6.85901547854553,50.32288441843102],[6.917172471955397,50.30679220387382],[6.944619162258242,50.31388397125103],[6.952809072992646,50.33017161221991],[6.984415509018901,50.34850753656588],[7.009050956183588,50.34945331775117],[7.038707121231104,50.335476195815055],[6.974025987884668,50.30661688592235],[6.998929101137032,50.2900081600866],[7.013838036423087,50.28720043597422],[7.017287539012319,50.29358462559348],[7.069929498894441,50.28007433443714],[7.064436064743989,50.25953827775651],[7.033893366948361,50.22651497455989],[7.004281474368612,50.22325013542968],[6.993940543184275,50.237144110345696],[6.978563741836287,50.23683876183154],[6.955421967374483,50.223920648020886],[6.952204411271332,50.20878291204862],[6.973234258199942,50.17433800990172],[6.961193919930357,50.15789983350895],[6.979206718934388,50.12346917223421],[6.979038331799151,50.09820142554477],[6.98275025676383,50.08263103532648],[7.003307855034584,50.0858646580099],[7.035613706753201,50.06706860485312],[7.095807873496428,50.06385668056784],[7.125742135781484,50.02398320232987],[7.118175846464907,50.02321605898758],[7.115714208954325,49.988659227042454],[7.066538006610051,49.96026549009928],[7.048399658374068,49.96427215695214],[7.048231136157887,49.979345580077556],[7.024660256264758,49.993135350534885],[6.975224556055634,50.00706598181084],[6.955542870567837,49.97450751458913],[6.975130021902775,49.95594361929476],[6.94578516916535,49.93401285756209],[6.980666087786466,49.91419198272386],[6.872025586210605,49.88009151412094],[6.849508064367054,49.86398111952784],[6.797093825884089,49.86109372407241],[6.7633178488002,49.89153073677673],[6.739626541483789,49.885225536843464],[6.712190668635453,49.905063875534275],[6.696681707088558,49.91439075186597],[6.636063438073412,49.878399794098414],[6.60279625806429,49.88822765642282],[6.586464821656441,49.88154661257829],[6.475123227155172,49.82118366735916],[6.45360997907381,49.81137604159655],[6.429614992598991,49.81064206346035],[6.397878755102465,49.82208362162996],[6.366398519483822,49.849779636488066],[6.261887331579073,49.8810631120277],[6.233461276178314,49.900354084318906],[6.223891348905498,49.95006764870187],[6.178137469983238,49.953590637639024],[6.117347499898468,50.05642053136281],[6.144362778878012,50.15663232109762],[6.139657364107382,50.169154850846404],[6.146907642414162,50.177832446026216],[6.192724208181993,50.18191155050019],[6.171940204088218,50.219112521987654],[6.175812312738174,50.23541422036905],[6.208765107177133,50.25359162251414],[6.289008435138286,50.27496614218816],[6.285305286093998,50.28590026265846],[6.3063074643726,50.32011890071558],[6.327283025825854,50.324706496879024],[6.361455660669479,50.31484053204574],[6.404077150821123,50.32325113454909],[6.426082115552738,50.32288001458258],[6.3847163240448,50.3842202587772],[6.41317224519833,50.3894854748155],[6.420957823535944,50.368626324359774]]]}},{"type":"Feature","properties":{"wkr_nr":204,"wkr_name":"Trier","state_name":"Rheinland-Pfalz","elected_party":"cdu","elected_party_share":0.4882,"zweitstimme_top_party":"cdu","zweitstimme_top_share":0.4397,"turnout":0.728234341057672,"eligible_voters":193803.0,"erststimme_top6":[["cdu",0.4882],["spd",0.3111],["gruene",0.0693],["linke_pds",0.0558],["piraten",0.028],["fdp",0.0193]],"zweitstimme_top6":[["cdu",0.4397],["spd",0.2628],["gruene",0.095],["linke_pds",0.0627],["fdp",0.0494],["afd",0.0414]]},"geometry":{"type":"Polygon","coordinates":[[[6.696681707088558,49.91439075186597],[6.712190668635453,49.905063875534275],[6.739626541483789,49.885225536843464],[6.7633178488002,49.89153073677673],[6.797093825884089,49.86109372407241],[6.849508064367054,49.86398111952784],[6.872025586210605,49.88009151412094],[6.901144553491087,49.83140541075226],[6.938336251863503,49.82586973302944],[6.951407632951654,49.81631545455048],[6.941502050368843,49.80465527156851],[6.902806268318868,49.80191875306189],[6.886055534134124,49.776626906883266],[6.919848582466545,49.74757365417398],[6.96718452229235,49.72377684932287],[6.974624351544783,49.71335520770954],[6.965289343517391,49.69397627635466],[6.991440218140895,49.67721942177207],[7.004117292182739,49.672963452721824],[7.042702174382407,49.689851158166064],[7.065178478428119,49.67672758807908],[7.027781995789533,49.63934121976074],[6.985849733151191,49.621084291599914],[6.988506093540829,49.632869067391475],[6.944267663372115,49.63588798384571],[6.891994057449127,49.613169014470444],[6.857430243885052,49.60503735812447],[6.830326592007693,49.58615462311055],[6.812900197268162,49.591828323992445],[6.801668216929895,49.588021771445966],[6.748141577953592,49.55790377817498],[6.579733966647557,49.528673013746115],[6.563698082604798,49.54059616955028],[6.494500987922017,49.530498597866455],[6.468041153620803,49.54426884294082],[6.380030743505894,49.5511282066478],[6.3822638722844,49.55750918566361],[6.357426674273425,49.57273925008212],[6.383351978482621,49.59865237241671],[6.419008440983042,49.617211378866834],[6.440202835073803,49.654227795032064],[6.43554429470616,49.67096026207982],[6.499611020279064,49.71174195579178],[6.500536788604759,49.75165709976401],[6.518477495568614,49.76236435824737],[6.505932417606338,49.80939986930527],[6.475123227155172,49.82118366735916],[6.586464821656441,49.88154661257829],[6.60279625806429,49.88822765642282],[6.636063438073412,49.878399794098414],[6.696681707088558,49.91439075186597]]]}},{"type":"Feature","properties":{"wkr_nr":205,"wkr_name":"Montabaur","state_name":"Rheinland-Pfalz","elected_party":"cdu","elected_party_share":0.4934,"zweitstimme_top_party":"cdu","zweitstimme_top_share":0.4523,"turnout":0.735036254205962,"eligible_voters":211010.0,"erststimme_top6":[["cdu",0.4934],["spd",0.3103],["gruene",0.0594],["linke_pds",0.0476],["freie_wahler",0.025],["fdp",0.0245]],"zweitstimme_top6":[["cdu",0.4523],["spd",0.2781],["gruene",0.0631],["fdp",0.0523],["afd",0.0512],["linke_pds",0.0505]]},"geometry":{"type":"Polygon","coordinates":[[[8.038907131089449,50.69690530380086],[8.059796420705538,50.695033972533814],[8.079331981472365,50.706529519812925],[8.09908841909505,50.70359269367324],[8.125871807275217,50.68569499326131],[8.112680887861918,50.675746549329595],[8.110037118024497,50.65729262105183],[8.130916276044582,50.636138422885224],[8.126067078532603,50.610106772267216],[8.151840165535972,50.5994556205224],[8.132380496839444,50.5578572947971],[8.11081115537071,50.5433124139629],[8.121147062388232,50.53961088908619],[8.090279788569237,50.535868489499364],[8.048952225300296,50.55285021803499],[8.04112856650811,50.55706962456],[8.028105656762612,50.550443794374566],[7.985211513390245,50.51164670236676],[7.979213115176498,50.48458815429225],[8.010828749316742,50.45280688171615],[7.970784132041177,50.406545066949896],[8.06056887300685,50.37365233769105],[8.107256718607054,50.32151185176308],[8.121725835558655,50.27716579645375],[8.09449358789289,50.26465615967656],[8.05958029246631,50.27333250677466],[8.035982289564707,50.2711038451906],[8.021524708118585,50.25820494163375],[8.058527371617275,50.234045182843566],[8.033814065074408,50.21545622069669],[7.985572884678948,50.22730042134461],[7.90666528791844,50.20166452718503],[7.883413818869081,50.18040867875507],[7.884968604975722,50.167610864887486],[7.928815072628146,50.142057977967525],[7.919856832765345,50.1087406255567],[7.878633756850135,50.11579600796031],[7.856200193661617,50.128226684569036],[7.846945741744207,50.12381328960591],[7.840241251488012,50.13609050167084],[7.801979566178312,50.14992585293093],[7.798363612113757,50.17031648543259],[7.778002177943818,50.188214088157984],[7.744273705584434,50.20560745421621],[7.716072064757639,50.19934606932843],[7.707131123503442,50.20985705647053],[7.742035143883095,50.25552713860385],[7.741803542756396,50.293973413051],[7.760951482443695,50.30670332448399],[7.770329820788615,50.341069627034294],[7.792175919943493,50.36063788794907],[7.787222948469863,50.36220344495599],[7.773667149140273,50.36422361595046],[7.793128024385957,50.38748996809055],[7.754929625268956,50.40146852906871],[7.730730930981568,50.364846813789406],[7.690223003010814,50.35988107208821],[7.664439737786898,50.38156819175231],[7.646184682045718,50.38712834854193],[7.647371876411985,50.398427865991636],[7.680685992259409,50.405432883464435],[7.635491079836664,50.454704891636105],[7.602577293972185,50.46336433516125],[7.599236053687199,50.464325512928795],[7.595234145990521,50.474945922236095],[7.611186326649445,50.48421266609407],[7.678174641303193,50.49606038384112],[7.704276926980723,50.561839008399886],[7.680692265236345,50.59355466342143],[7.665158900674712,50.59461003533598],[7.665818048922175,50.59973660408053],[7.676025966911436,50.614287324379724],[7.700891913101264,50.623170151213245],[7.704263370933775,50.65470826584767],[7.727931182901994,50.6838558354025],[7.71718258859978,50.694136102711546],[7.700902453970833,50.69506515464743],[7.696714173925708,50.706495494525605],[7.745695481018235,50.72990114822706],[7.746616198408424,50.74013164324587],[7.807711818586043,50.72569494580933],[7.854068639815678,50.702034082421534],[7.854825627945728,50.685296369275775],[7.87040563502999,50.68114188793842],[7.892791167283897,50.68202422222339],[7.87866028846887,50.69161809684779],[7.890604997529147,50.71562240584779],[7.902368222655404,50.718837989096556],[7.946588196635102,50.70923409384307],[7.967965896480972,50.69408884159475],[7.96722353674172,50.67697371097574],[7.99437525272883,50.67628633293606],[8.005594080232186,50.68838399558584],[8.038907131089449,50.69690530380086]],[[7.701489801557958,50.58254229203441],[7.711545415071304,50.59712724273136],[7.692151584813124,50.59882087508726],[7.695855824586832,50.58010297300382],[7.701489801557958,50.58254229203441]]]}},{"type":"Feature","properties":{"wkr_nr":206,"wkr_name":"Mainz","state_name":"Rheinland-Pfalz","elected_party":"cdu","elected_party_share":0.4015,"zweitstimme_top_party":"cdu","zweitstimme_top_share":0.3843,"turnout":0.764974621269756,"eligible_voters":256317.0,"erststimme_top6":[["cdu",0.4015],["spd",0.3489],["gruene",0.1005],["fdp",0.05],["linke_pds",0.0434],["piraten",0.0268]],"zweitstimme_top6":[["cdu",0.3843],["spd",0.2667],["gruene",0.1309],["fdp",0.0656],["linke_pds",0.055],["afd",0.0455]]},"geometry":{"type":"Polygon","coordinates":[[[7.765215173426502,50.08269737971245],[7.773369522869189,50.067045650557944],[7.777408989204484,50.05301020991059],[7.856352269172485,50.00937496571111],[7.864747045871247,49.981309960354565],[7.881176198502667,49.97218357735687],[7.97114823266145,49.97847371239318],[8.03630955482551,50.00291195179503],[8.076318759388313,50.006469148191364],[8.176147273089292,50.034536872266486],[8.18995228299633,50.03540008934203],[8.242895928066222,50.02863144967719],[8.290709924328493,49.993462654707415],[8.327427321026969,49.96893010650602],[8.343111711614293,49.940527779845546],[8.309189845646518,49.94780039972749],[8.28011811876783,49.94105666710298],[8.24860088296619,49.89556534988271],[8.24698496974537,49.88145629957539],[8.203329429973982,49.86800943692589],[8.183674882758943,49.88930543318742],[8.159837870035938,49.893633854762314],[8.060802340268348,49.88576610198568],[8.064872768817667,49.871372349528876],[8.056027643087706,49.86644703277635],[7.96354435461803,49.833080259603655],[7.967863577795084,49.858304360933225],[7.944084637772887,49.880801000713085],[7.919358718183465,49.88181858233373],[7.897735833104159,49.93029916409968],[7.846026487562869,49.94309978302171],[7.823086414551166,49.93720911377021],[7.767676641709204,49.98848785320454],[7.734536517619956,49.99856389472554],[7.664933684282027,50.03324785395918],[7.705714712661989,50.06321765784006],[7.765215173426502,50.08269737971245]]]}},{"type":"Feature","properties":{"wkr_nr":207,"wkr_name":"Worms","state_name":"Rheinland-Pfalz","elected_party":"cdu","elected_party_share":0.4202,"zweitstimme_top_party":"cdu","zweitstimme_top_share":0.3937,"turnout":0.737519251625555,"eligible_voters":201931.0,"erststimme_top6":[["cdu",0.4202],["spd",0.3696],["gruene",0.0556],["afd",0.0433],["linke_pds",0.0367],["fdp",0.025]],"zweitstimme_top6":[["cdu",0.3937],["spd",0.2984],["gruene",0.0838],["fdp",0.0591],["afd",0.0559],["linke_pds",0.0505]]},"geometry":{"type":"Polygon","coordinates":[[[8.309189845646518,49.94780039972749],[8.343111711614293,49.940527779845546],[8.354739294272154,49.91674028184624],[8.344231832657083,49.87654150314009],[8.356071328117137,49.86437086832288],[8.38272331702932,49.85687873958296],[8.377698524040516,49.82749290661563],[8.4000759419582,49.80353555234289],[8.422985430560976,49.768297241034496],[8.47906139564601,49.76476546789632],[8.448227186050254,49.733554944118424],[8.446177094137976,49.730638342055556],[8.4258203658977,49.71655832967214],[8.371767392779788,49.70278302230968],[8.35679547036561,49.69055369207172],[8.382204558417866,49.626709756809454],[8.41468405109712,49.59498206637634],[8.390252338632099,49.60404939272889],[8.366019904869496,49.60331510960901],[8.351786184323537,49.60769791060577],[8.343412440947734,49.59504065700485],[8.280918920811068,49.586886744928115],[8.256652963436414,49.59114965440324],[8.238543624487486,49.589694734723736],[8.183427719493324,49.62900347823062],[8.152495320072285,49.6268739599317],[8.154484718714329,49.65812456913531],[8.103811950861386,49.692817220286386],[8.017632208418956,49.71019259959997],[7.984991764801118,49.696495317418496],[7.96553000569663,49.698640625898385],[7.963854335673248,49.716889500684445],[7.905486212253046,49.752133313552896],[7.930891379290699,49.769065325332384],[7.927654906004299,49.81135719403392],[7.96354435461803,49.833080259603655],[8.056027643087706,49.86644703277635],[8.064872768817667,49.871372349528876],[8.060802340268348,49.88576610198568],[8.159837870035938,49.893633854762314],[8.183674882758943,49.88930543318742],[8.203329429973982,49.86800943692589],[8.24698496974537,49.88145629957539],[8.24860088296619,49.89556534988271],[8.28011811876783,49.94105666710298],[8.309189845646518,49.94780039972749]]]}},{"type":"Feature","properties":{"wkr_nr":208,"wkr_name":"Ludwigshafen/Frankenthal","state_name":"Rheinland-Pfalz","elected_party":"cdu","elected_party_share":0.4332,"zweitstimme_top_party":"cdu","zweitstimme_top_share":0.3899,"turnout":0.713884372884322,"eligible_voters":217129.0,"erststimme_top6":[["cdu",0.4332],["spd",0.3558],["linke_pds",0.0493],["gruene",0.0478],["piraten",0.0275],["freie_wahler",0.026]],"zweitstimme_top6":[["cdu",0.3899],["spd",0.2952],["gruene",0.0724],["afd",0.0605],["linke_pds",0.056],["fdp",0.0522]]},"geometry":{"type":"Polygon","coordinates":[[[8.366019904869496,49.60331510960901],[8.390252338632099,49.60404939272889],[8.41468405109712,49.59498206637634],[8.422628622673793,49.583471820384226],[8.421779235424946,49.57239210521002],[8.423208990773913,49.54176867185087],[8.442478305051061,49.49293810092159],[8.464041851763808,49.47079729892914],[8.441855950707287,49.451242143502505],[8.472540412763902,49.44358634334212],[8.50665552889223,49.43790231804359],[8.497231663858784,49.411207109764646],[8.496443419388244,49.40807443293421],[8.478542894141775,49.41544170115748],[8.437053471658208,49.41052811383325],[8.40590534908788,49.39327048379984],[8.375072859861962,49.41405598724994],[8.356945805848333,49.411953104841025],[8.326866811790651,49.39551661386003],[8.352777862122933,49.35606498908001],[8.371892028763138,49.345082429296134],[8.317324524861002,49.31599975548777],[8.294921517138,49.37363132916455],[8.259277444267308,49.413906148995196],[8.23764211319645,49.41834799714712],[8.233130977350886,49.42991673139299],[8.235661260130074,49.439616113507384],[8.283631522286564,49.44680823974965],[8.266135090948644,49.52844889671616],[8.284219596108823,49.55031699792866],[8.280918920811068,49.586886744928115],[8.343412440947734,49.59504065700485],[8.351786184323537,49.60769791060577],[8.366019904869496,49.60331510960901]]]}},{"type":"Feature","properties":{"wkr_nr":209,"wkr_name":"Neustadt - Speyer","state_name":"Rheinland-Pfalz","elected_party":"cdu","elected_party_share":0.4787,"zweitstimme_top_party":"cdu","zweitstimme_top_share":0.4366,"turnout":0.749785853165521,"eligible_voters":220643.0,"erststimme_top6":[["cdu",0.4787],["spd",0.286],["gruene",0.0808],["linke_pds",0.0448],["freie_wahler",0.028],["fdp",0.027]],"zweitstimme_top6":[["cdu",0.4366],["spd",0.2579],["gruene",0.0855],["fdp",0.0574],["afd",0.0491],["linke_pds",0.0483]]},"geometry":{"type":"Polygon","coordinates":[[[8.152495320072285,49.6268739599317],[8.183427719493324,49.62900347823062],[8.238543624487486,49.589694734723736],[8.256652963436414,49.59114965440324],[8.280918920811068,49.586886744928115],[8.284219596108823,49.55031699792866],[8.266135090948644,49.52844889671616],[8.283631522286564,49.44680823974965],[8.235661260130074,49.439616113507384],[8.233130977350886,49.42991673139299],[8.23764211319645,49.41834799714712],[8.259277444267308,49.413906148995196],[8.294921517138,49.37363132916455],[8.317324524861002,49.31599975548777],[8.371892028763138,49.345082429296134],[8.352777862122933,49.35606498908001],[8.326866811790651,49.39551661386003],[8.356945805848333,49.411953104841025],[8.375072859861962,49.41405598724994],[8.40590534908788,49.39327048379984],[8.437053471658208,49.41052811383325],[8.478542894141775,49.41544170115748],[8.496443419388244,49.40807443293421],[8.49622404250691,49.4066048997351],[8.496344243837306,49.40220219084831],[8.463506882593888,49.384465843751514],[8.471240419735711,49.37316669578442],[8.500462518541289,49.38887326334415],[8.497781103011754,49.36588052996318],[8.470089226296935,49.340292341127004],[8.450723879614303,49.31978771883846],[8.483474624768501,49.305163569180145],[8.487119406163483,49.29013784639054],[8.467048775245187,49.283046077842194],[8.413110678937569,49.24976787277378],[8.390676945930466,49.253227556196215],[8.368683504531313,49.268417298686025],[8.364110794950854,49.28373195721457],[8.32019269929267,49.29656711941224],[8.317137660765944,49.30843437095958],[8.2246649528095,49.29691676897657],[8.201614759867606,49.29970870631581],[8.199925247717855,49.31035784950862],[8.03725699861566,49.323874202362695],[8.001142054622324,49.34079479576498],[7.985378954414859,49.34304234236232],[7.938016018342839,49.321194285160836],[7.936457249158361,49.308648205419125],[7.914183967093306,49.31626883945182],[7.867626011129444,49.31337087248167],[7.8331332253069,49.32457256255297],[7.824497691202433,49.338818328202315],[7.83717127655221,49.3592662700766],[7.848285231929134,49.36437494553112],[7.857199109170288,49.37343635778498],[7.917029442309813,49.392310101319396],[7.951575626807494,49.39029794159268],[7.965401462337251,49.440921328795085],[7.948217470430898,49.48664615912277],[7.967153708616344,49.490467126589614],[8.006511393317808,49.498688079803856],[8.058407386585877,49.54034530726108],[8.101164917582167,49.55396773958673],[8.10151943875081,49.57855486048676],[8.117991233807208,49.60327645928577],[8.152495320072285,49.6268739599317]]]}},{"type":"Feature","properties":{"wkr_nr":210,"wkr_name":"Kaiserslautern","state_name":"Rheinland-Pfalz","elected_party":"spd","elected_party_share":0.3853,"zweitstimme_top_party":"cdu","zweitstimme_top_share":0.3589,"turnout":0.702132974965972,"eligible_voters":232164.0,"erststimme_top6":[["spd",0.3853],["cdu",0.3716],["linke_pds",0.0743],["gruene",0.0531],["piraten",0.0303],["freie_wahler",0.0261]],"zweitstimme_top6":[["cdu",0.3589],["spd",0.3268],["linke_pds",0.0757],["gruene",0.0715],["fdp",0.0458],["afd",0.0444]]},"geometry":{"type":"Polygon","coordinates":[[[7.772410623867762,49.76441859124297],[7.776336085591786,49.75642186432776],[7.82412447363724,49.751839831520904],[7.840194005574033,49.76016181716201],[7.897095300691968,49.75886336654026],[7.905486212253046,49.752133313552896],[7.963854335673248,49.716889500684445],[7.96553000569663,49.698640625898385],[7.984991764801118,49.696495317418496],[8.017632208418956,49.71019259959997],[8.103811950861386,49.692817220286386],[8.154484718714329,49.65812456913531],[8.152495320072285,49.6268739599317],[8.117991233807208,49.60327645928577],[8.10151943875081,49.57855486048676],[8.101164917582167,49.55396773958673],[8.058407386585877,49.54034530726108],[8.006511393317808,49.498688079803856],[7.967153708616344,49.490467126589614],[7.948217470430898,49.48664615912277],[7.965401462337251,49.440921328795085],[7.951575626807494,49.39029794159268],[7.917029442309813,49.392310101319396],[7.857199109170288,49.37343635778498],[7.848285231929134,49.36437494553112],[7.83717127655221,49.3592662700766],[7.817768653127361,49.36167258597562],[7.768516252668322,49.396345773754426],[7.711430934979716,49.394435312419894],[7.697037460925545,49.38660439115207],[7.661704148744658,49.42622871492108],[7.630371644500402,49.42426469429001],[7.633925652252334,49.43473033952213],[7.607668027687069,49.468886832313075],[7.54418788566473,49.48602394017358],[7.522860851483219,49.49190797233632],[7.48091513236924,49.48751843081755],[7.459047171719232,49.471446882299816],[7.462527610182751,49.4382613123616],[7.438365148720552,49.424019426224646],[7.411471429047695,49.42023638358636],[7.398853044349821,49.39070052548993],[7.405431188412319,49.37739098359478],[7.395347952388032,49.37142886669303],[7.366321974897388,49.36338588562608],[7.289792378084991,49.38968126909386],[7.29713322208666,49.40467904954917],[7.293103754289705,49.4077959337874],[7.291077391321469,49.41587136594846],[7.252628319161178,49.43138708779555],[7.246598886475282,49.446124928029164],[7.287224509660718,49.456489814035336],[7.305366275470863,49.47422647739806],[7.277977350605146,49.48434440055432],[7.285787374846411,49.51663408474369],[7.310179235619614,49.52296114234933],[7.275701471552953,49.53808205267044],[7.276800029717046,49.54860519849953],[7.333420415213487,49.564899200240134],[7.361704195649808,49.59552170153232],[7.388752110634429,49.59756279629309],[7.420393809075988,49.589759767043034],[7.440190192978586,49.59407588127955],[7.482195182526076,49.624976153124756],[7.487006823115268,49.66225993335349],[7.52216662996573,49.70748010158778],[7.530246809929083,49.70961428397095],[7.56213922277654,49.686437179324095],[7.604208731722814,49.68238376530284],[7.642283755663037,49.68695390379365],[7.659149814365382,49.70127321617524],[7.67104522400614,49.66808857114411],[7.654686544686512,49.64064909336114],[7.67728091413934,49.63970630731926],[7.703334103676518,49.65240242194895],[7.699095461734128,49.65754133580398],[7.735250208504258,49.69756281027019],[7.728584082648722,49.70911248271877],[7.766119542515113,49.74438966444424],[7.757812968357075,49.75887015492672],[7.772410623867762,49.76441859124297]]]}},{"type":"Feature","properties":{"wkr_nr":211,"wkr_name":"Pirmasens","state_name":"Rheinland-Pfalz","elected_party":"cdu","elected_party_share":0.4588,"zweitstimme_top_party":"cdu","zweitstimme_top_share":0.4369,"turnout":0.713154979505927,"eligible_voters":180540.0,"erststimme_top6":[["cdu",0.4588],["spd",0.3223],["linke_pds",0.06],["gruene",0.0406],["freie_wahler",0.0291],["fdp",0.0276]],"zweitstimme_top6":[["cdu",0.4369],["spd",0.2795],["linke_pds",0.0651],["fdp",0.0505],["gruene",0.0475],["afd",0.0435]]},"geometry":{"type":"Polygon","coordinates":[[[7.48091513236924,49.48751843081755],[7.522860851483219,49.49190797233632],[7.54418788566473,49.48602394017358],[7.607668027687069,49.468886832313075],[7.633925652252334,49.43473033952213],[7.630371644500402,49.42426469429001],[7.661704148744658,49.42622871492108],[7.697037460925545,49.38660439115207],[7.711430934979716,49.394435312419894],[7.768516252668322,49.396345773754426],[7.817768653127361,49.36167258597562],[7.83717127655221,49.3592662700766],[7.824497691202433,49.338818328202315],[7.8331332253069,49.32457256255297],[7.867626011129444,49.31337087248167],[7.872556580822668,49.28400578556029],[7.856184334674882,49.272288356468124],[7.831969710046588,49.27021287709684],[7.828416069416977,49.24828543747041],[7.84884863435584,49.25749770872469],[7.877554949767058,49.24978281586713],[7.90114778364312,49.232606623220335],[7.918236706922771,49.203098876547784],[7.916624618748798,49.17785958266477],[7.898278667433073,49.14788523678673],[7.887460094279514,49.14212528606389],[7.862533889886589,49.156068284527],[7.85196394839097,49.13691970810428],[7.863041133839516,49.11581415698866],[7.912509226792788,49.11436703840937],[7.909961291725526,49.092597838788606],[7.887209372682348,49.081314397147175],[7.883750059355689,49.0644404434515],[7.892156081340771,49.052645160889035],[7.903259426307412,49.05636307370413],[7.903465273104079,49.04479098162498],[7.889942376535928,49.049166162634364],[7.872098148469998,49.03835881621299],[7.851574987976939,49.0422765138188],[7.794424980336727,49.06570263445274],[7.761078773567769,49.04550441177744],[7.674702487504156,49.044983533818524],[7.631211916164518,49.054883031527865],[7.629395892488006,49.07357618280184],[7.600989846410134,49.08322537366498],[7.563704987152566,49.08023747961079],[7.528445126002573,49.09709444436435],[7.495489636587615,49.135821752830225],[7.493968752382019,49.169497240342835],[7.441517852634041,49.17114746440965],[7.445614546743836,49.1841788261841],[7.365185728910639,49.17185444997094],[7.368753938448657,49.16147956550621],[7.350223178087992,49.16297811465034],[7.338510782473165,49.184279915869794],[7.319627487291307,49.189653714479],[7.289102999153597,49.237764658829775],[7.303207507233799,49.251079574645374],[7.37380163856491,49.28098427677493],[7.394259999643684,49.316262839743054],[7.385065926049699,49.32093246913192],[7.393397183873322,49.36339514387849],[7.402105820702869,49.36786755472638],[7.395347952388032,49.37142886669303],[7.405431188412319,49.37739098359478],[7.398853044349821,49.39070052548993],[7.411471429047695,49.42023638358636],[7.438365148720552,49.424019426224646],[7.462527610182751,49.4382613123616],[7.459047171719232,49.471446882299816],[7.48091513236924,49.48751843081755]]]}},{"type":"Feature","properties":{"wkr_nr":212,"wkr_name":"Südpfalz","state_name":"Rheinland-Pfalz","elected_party":"cdu","elected_party_share":0.4883,"zweitstimme_top_party":"cdu","zweitstimme_top_share":0.4269,"turnout":0.734076072120923,"eligible_voters":216137.0,"erststimme_top6":[["cdu",0.4883],["spd",0.2797],["gruene",0.0713],["linke_pds",0.0407],["fdp",0.0401],["piraten",0.0297]],"zweitstimme_top6":[["cdu",0.4269],["spd",0.2601],["gruene",0.0845],["fdp",0.0621],["afd",0.0487],["linke_pds",0.0484]]},"geometry":{"type":"Polygon","coordinates":[[[7.936457249158361,49.308648205419125],[7.938016018342839,49.321194285160836],[7.985378954414859,49.34304234236232],[8.001142054622324,49.34079479576498],[8.03725699861566,49.323874202362695],[8.199925247717855,49.31035784950862],[8.201614759867606,49.29970870631581],[8.2246649528095,49.29691676897657],[8.317137660765944,49.30843437095958],[8.32019269929267,49.29656711941224],[8.364110794950854,49.28373195721457],[8.368683504531313,49.268417298686025],[8.390676945930466,49.253227556196215],[8.413110678937569,49.24976787277378],[8.388176461511035,49.23230906105519],[8.392199986950779,49.20204182993032],[8.381110593323072,49.18573258947879],[8.368149081950047,49.16772607156451],[8.359760516867235,49.10119729607554],[8.340671357010335,49.080335819449715],[8.311083256070908,49.052929850924656],[8.29742085417221,49.01298880110905],[8.27729324601547,48.9898784574208],[8.261611482334963,48.98126871273204],[8.232572895068763,48.96650385675974],[8.22331396730155,48.97582591307169],[8.139587473611073,48.978470795684316],[8.068228894532263,48.99926226170556],[8.04712162950884,49.01380400465774],[7.988421246300495,49.02836487647071],[7.94616006480985,49.05181868398509],[7.931200447308875,49.05426038275816],[7.913525909351264,49.03998526049234],[7.903465273104079,49.04479098162498],[7.903259426307412,49.05636307370413],[7.892156081340771,49.052645160889035],[7.883750059355689,49.0644404434515],[7.887209372682348,49.081314397147175],[7.909961291725526,49.092597838788606],[7.912509226792788,49.11436703840937],[7.863041133839516,49.11581415698866],[7.85196394839097,49.13691970810428],[7.862533889886589,49.156068284527],[7.887460094279514,49.14212528606389],[7.898278667433073,49.14788523678673],[7.916624618748798,49.17785958266477],[7.918236706922771,49.203098876547784],[7.90114778364312,49.232606623220335],[7.877554949767058,49.24978281586713],[7.84884863435584,49.25749770872469],[7.828416069416977,49.24828543747041],[7.831969710046588,49.27021287709684],[7.856184334674882,49.272288356468124],[7.872556580822668,49.28400578556029],[7.867626011129444,49.31337087248167],[7.914183967093306,49.31626883945182],[7.936457249158361,49.308648205419125]]]}},{"type":"Feature","properties":{"wkr_nr":213,"wkr_name":"Altötting","state_name":"Bayern","elected_party":"csu","elected_party_share":0.6577,"zweitstimme_top_party":"csu","zweitstimme_top_share":0.5863,"turnout":0.669095477386935,"eligible_voters":167160.0,"erststimme_top6":[["csu",0.6577],["spd",0.1436],["gruene",0.0544],["freie_wahler",0.0346],["afd",0.0331],["linke_pds",0.0255]],"zweitstimme_top6":[["csu",0.5863],["spd",0.1515],["gruene",0.0577],["afd",0.0406],["fdp",0.0394],["linke_pds",0.0292]]},"geometry":{"type":"Polygon","coordinates":[[[12.483823212881369,48.42953529881823],[12.538233217793472,48.41583344806454],[12.591603157981561,48.38657801130695],[12.607337909311376,48.353662297924906],[12.615546789189098,48.34117873849827],[12.666700705499196,48.331397474271164],[12.669715184752661,48.34012769664611],[12.688926647284784,48.342755604405546],[12.731159687826137,48.32579282891355],[12.783312213576501,48.3277313407311],[12.822714694125935,48.31507770200229],[12.879314775634576,48.267101478636384],[12.910619090025016,48.22141376752185],[12.94434451322633,48.20673231949417],[12.8683183072258,48.20056416312504],[12.833367800094916,48.15650218377006],[12.751464803553535,48.112809862848756],[12.700240958990571,48.10435384111039],[12.711135300543509,48.06824383507171],[12.680669663165533,48.04833621157598],[12.632448831190075,48.04949139705147],[12.611875445905245,48.064401805547604],[12.580359403685504,48.06972167223753],[12.542133335356644,48.13936009276533],[12.551665657611219,48.146753170489355],[12.565625996164052,48.15904791922827],[12.554351258896146,48.162566854881604],[12.52864834430037,48.15185489660938],[12.489391738905695,48.15562541246201],[12.465741343955104,48.11943431385482],[12.441099118639727,48.111606916921325],[12.423413689946411,48.13178610178881],[12.387410723797723,48.11746023052412],[12.347124930402456,48.11997487274058],[12.328497086345067,48.1052260384702],[12.28706829355161,48.10749579467641],[12.225531149209367,48.135300615249214],[12.208516949317005,48.14309074426426],[12.182453572713378,48.10665832305616],[12.183133160888385,48.092633506155096],[12.162710927214194,48.08299731441591],[12.14570647228546,48.08506238755341],[12.133525333292111,48.09715710703122],[12.14739598818368,48.11290311948923],[12.13435186831265,48.13064912841625],[12.085820774534877,48.12229205903649],[12.050097208392993,48.12857651568368],[12.043135126794049,48.14162005949854],[12.033345661162373,48.16046210819095],[12.101443840329688,48.17165877037121],[12.182642468996006,48.21069603825708],[12.23006222646148,48.20195136726518],[12.21495080643017,48.23267010020206],[12.22736081776224,48.27726965303818],[12.252200537565034,48.2917493831427],[12.250530127121632,48.3219248295857],[12.293436707242213,48.33144306707091],[12.305080045993588,48.32578068653214],[12.356125531084441,48.330170433165],[12.388391737592887,48.36021359720764],[12.413505486133115,48.361380564351144],[12.439549939534327,48.38680112904693],[12.438827840001242,48.404737128205674],[12.483823212881369,48.42953529881823]]]}},{"type":"Feature","properties":{"wkr_nr":214,"wkr_name":"Erding - Ebersberg","state_name":"Bayern","elected_party":"csu","elected_party_share":0.5542,"zweitstimme_top_party":"csu","zweitstimme_top_share":0.5105,"turnout":0.746555084855888,"eligible_voters":192385.0,"erststimme_top6":[["csu",0.5542],["spd",0.1911],["gruene",0.0798],["afd",0.0448],["freie_wahler",0.0384],["linke_pds",0.026]],"zweitstimme_top6":[["csu",0.5105],["spd",0.1659],["gruene",0.0882],["afd",0.0518],["fdp",0.0513],["freie_wahler",0.0311]]},"geometry":{"type":"Polygon","coordinates":[[[11.979213443003806,48.45210159974762],[11.975485470813483,48.443362606756544],[11.996172808896954,48.43108633793193],[12.017052210326662,48.4306845253902],[12.02226170946869,48.42028142146329],[12.083291694358657,48.428546505101764],[12.163657299062772,48.42210797262995],[12.196053065690226,48.381296466632215],[12.191878976250313,48.37374276401413],[12.232229398270055,48.34957830983876],[12.233812625227396,48.33023878770463],[12.250530127121632,48.3219248295857],[12.252200537565034,48.2917493831427],[12.22736081776224,48.27726965303818],[12.21495080643017,48.23267010020206],[12.23006222646148,48.20195136726518],[12.182642468996006,48.21069603825708],[12.101443840329688,48.17165877037121],[12.033345661162373,48.16046210819095],[12.043135126794049,48.14162005949854],[12.050097208392993,48.12857651568368],[12.085820774534877,48.12229205903649],[12.06433729441385,48.099505738297346],[12.074508194686727,48.079548042043314],[12.076909376197973,48.01818788945298],[12.098236659463717,48.01149589681569],[12.099586944835698,47.99326089498222],[12.062914719802452,47.97074542228724],[12.00080824983912,47.95416262861753],[11.968001010128752,47.983737065461376],[11.934859499913287,47.994537605214155],[11.926407206700839,47.98366758571441],[11.940959311246372,47.945952663245556],[11.927580636028782,47.9311245883169],[11.887434978787859,47.94881321933689],[11.848059407307174,47.94816371343749],[11.847567987011997,47.96134828732254],[11.759952184151231,47.996351216671634],[11.790972010625516,48.06763524495016],[11.747753324474184,48.137492727863304],[11.775499228150567,48.16267061348018],[11.756032015252297,48.22111011007972],[11.748360618557065,48.238520525339105],[11.75938224199522,48.25386618717354],[11.738406804221805,48.27591701740078],[11.736889078526278,48.28422786594035],[11.76622304786823,48.29756097978249],[11.764298966414337,48.32582568694578],[11.781825399493558,48.35877860004057],[11.80877758563293,48.381196991203474],[11.93399436738565,48.43494949790373],[11.94936960959728,48.45078831092502],[11.979213443003806,48.45210159974762]]]}},{"type":"Feature","properties":{"wkr_nr":215,"wkr_name":"Freising","state_name":"Bayern","elected_party":"csu","elected_party_share":0.5292,"zweitstimme_top_party":"csu","zweitstimme_top_share":0.5099,"turnout":0.719283674100324,"eligible_voters":216717.0,"erststimme_top6":[["csu",0.5292],["spd",0.1759],["gruene",0.1176],["freie_wahler",0.0461],["afd",0.0379],["linke_pds",0.0287]],"zweitstimme_top6":[["csu",0.5099],["spd",0.1631],["gruene",0.093],["afd",0.048],["fdp",0.0468],["freie_wahler",0.0373]]},"geometry":{"type":"Polygon","coordinates":[[[11.616450588041783,48.8141288538523],[11.644342453773007,48.81208312530552],[11.645905757037646,48.79712754118215],[11.670145338465877,48.77458361206715],[11.698363626266326,48.79060450861682],[11.719932178815242,48.78238401482845],[11.695787769292735,48.78571876047573],[11.702630790582376,48.765711745681934],[11.655323238209979,48.744189826410796],[11.65566383368969,48.7010488422484],[11.68914850473343,48.67938825521756],[11.71308586028556,48.648141667457715],[11.692001520968915,48.63027781038959],[11.692787318967094,48.61894147702452],[11.70662524790727,48.61637270627173],[11.771063190522762,48.59967943776762],[11.798916277109592,48.61328537308488],[11.86388582059553,48.584061884248264],[11.910155284539954,48.58524821921578],[11.941317414185045,48.575045676448546],[11.961889186307252,48.57667567037921],[11.975923033141688,48.511494680583894],[11.957327803616536,48.501503638102136],[11.976978409845838,48.49196584038712],[12.010385445682754,48.495478724971406],[11.991828933175627,48.44954526300108],[12.009679171461485,48.4511648842723],[12.017052210326662,48.4306845253902],[11.996172808896954,48.43108633793193],[11.975485470813483,48.443362606756544],[11.979213443003806,48.45210159974762],[11.94936960959728,48.45078831092502],[11.93399436738565,48.43494949790373],[11.80877758563293,48.381196991203474],[11.781825399493558,48.35877860004057],[11.764298966414337,48.32582568694578],[11.76622304786823,48.29756097978249],[11.736889078526278,48.28422786594035],[11.738406804221805,48.27591701740078],[11.636813770928335,48.27046003983485],[11.614751560892532,48.27360491286564],[11.579198965408928,48.29429943310438],[11.576903386393454,48.29913878604337],[11.571248052284268,48.33625114798391],[11.50895541083761,48.353892419524826],[11.5141013071891,48.36784604455538],[11.504237215992639,48.37714458431678],[11.454810435241612,48.38206072423908],[11.421472243280546,48.4096485583266],[11.402335672328666,48.41276190088314],[11.357911844353838,48.44793473440806],[11.341211707651215,48.455386902303246],[11.32530202328381,48.44825863351779],[11.311597882704625,48.452253065753986],[11.295302955001693,48.47453614684639],[11.302656732179884,48.482579367053276],[11.281256541185597,48.50476324107799],[11.244989797226628,48.51508305953825],[11.248729105710991,48.539866343801876],[11.323724136810192,48.55190953410041],[11.335617476013217,48.54868649245901],[11.341149720402065,48.535723140689306],[11.363775068938152,48.5424526064691],[11.335861710062717,48.57059159618632],[11.343506639223424,48.577181352344866],[11.364529858623296,48.57210836583301],[11.365102029710556,48.591702942165554],[11.345322377139087,48.60641563380896],[11.397953608627114,48.6407867455899],[11.438644505903572,48.64689068037645],[11.456977492248143,48.690039915758135],[11.445023623163861,48.70514483906449],[11.43313635017216,48.699367024217175],[11.440592650957326,48.72106418269495],[11.454702146622012,48.72804004144162],[11.486806030439835,48.727718583585165],[11.48913928366846,48.745024670993],[11.51073172707289,48.73299062176771],[11.553839873180689,48.74181840554409],[11.566612844497174,48.75057561238203],[11.573687517101751,48.78595682944826],[11.616450588041783,48.8141288538523]]]}},{"type":"Feature","properties":{"wkr_nr":216,"wkr_name":"Fürstenfeldbruck","state_name":"Bayern","elected_party":"csu","elected_party_share":0.5555,"zweitstimme_top_party":"csu","zweitstimme_top_share":0.5044,"turnout":0.75022895049095,"eligible_voters":251146.0,"erststimme_top6":[["csu",0.5555],["spd",0.2009],["gruene",0.0776],["afd",0.0464],["freie_wahler",0.0321],["linke_pds",0.0272]],"zweitstimme_top6":[["csu",0.5044],["spd",0.1851],["gruene",0.0886],["afd",0.0524],["fdp",0.0505],["linke_pds",0.0305]]},"geometry":{"type":"Polygon","coordinates":[[[11.311597882704625,48.452253065753986],[11.32530202328381,48.44825863351779],[11.341211707651215,48.455386902303246],[11.357911844353838,48.44793473440806],[11.402335672328666,48.41276190088314],[11.421472243280546,48.4096485583266],[11.454810435241612,48.38206072423908],[11.504237215992639,48.37714458431678],[11.5141013071891,48.36784604455538],[11.50895541083761,48.353892419524826],[11.571248052284268,48.33625114798391],[11.576903386393454,48.29913878604337],[11.517145657958883,48.278499842054856],[11.500051334902986,48.26229646987451],[11.499392745274621,48.24806662891511],[11.488810719642805,48.223451242859866],[11.457627422452116,48.20890673600971],[11.402537512489573,48.20111715718945],[11.391038025939428,48.20049446041282],[11.360711029191277,48.15810730931842],[11.382697154611181,48.15316643671893],[11.38964270675464,48.127903970841864],[11.412773053155195,48.12760879088074],[11.38539264006239,48.112075314055346],[11.382568446636675,48.10642874544409],[11.319671592118633,48.11418426537006],[11.300963327008215,48.12765981746951],[11.274914420570212,48.130347862305],[11.251523268683949,48.13548087089735],[11.179375618815516,48.10370695972346],[11.14240880103061,48.109271691905455],[11.135997085909676,48.0972777610774],[11.099573904454973,48.0915486602917],[11.055599281722712,48.10324479629379],[11.061512005026893,48.138038491303476],[11.004866406807531,48.15544587411833],[10.992831534658661,48.1760848697226],[11.025275242922724,48.17823262646859],[11.034866819049054,48.19309419673861],[11.049810881686183,48.197663722762286],[11.037334378545385,48.22923640127904],[11.066121031839865,48.277922287514066],[11.077069267502415,48.27954657784598],[11.096710056802682,48.25987324976018],[11.116386029642822,48.268154226196124],[11.110056462516111,48.29733213534751],[11.12205468468656,48.31657376959834],[11.165422894530732,48.3406170742363],[11.173398559850261,48.367458665402715],[11.198372612507535,48.386752463175654],[11.178366554539126,48.41737051853258],[11.214297165791914,48.430559879485145],[11.239485809510601,48.43065781813539],[11.247658569683495,48.44097022269321],[11.311597882704625,48.452253065753986]]]}},{"type":"Feature","properties":{"wkr_nr":217,"wkr_name":"Ingolstadt","state_name":"Bayern","elected_party":"csu","elected_party_share":0.6154,"zweitstimme_top_party":"csu","zweitstimme_top_share":0.5589,"turnout":0.686049296908439,"eligible_voters":254661.0,"erststimme_top6":[["csu",0.6154],["spd",0.1648],["gruene",0.0654],["linke_pds",0.039],["freie_wahler",0.03],["afd",0.0281]],"zweitstimme_top6":[["csu",0.5589],["spd",0.1725],["gruene",0.0621],["fdp",0.0428],["linke_pds",0.0356],["afd",0.0352]]},"geometry":{"type":"Polygon","coordinates":[[[10.937120850598143,48.86274074564068],[11.02734024885177,48.88961675734849],[11.058383063761987,48.91332844783523],[11.050728541132903,48.931871453806416],[11.071477371433502,48.95186296568046],[11.142757033350104,48.974799294065996],[11.159467679740072,49.011862711848536],[11.201298402679281,49.04665160018381],[11.226181988731662,49.05177437522175],[11.246233723253455,49.047144837406236],[11.265522817720287,49.027205193020976],[11.266559087291428,49.0109833940507],[11.3269290682965,48.997918161993134],[11.345943573516506,49.0198247191939],[11.379224263156031,49.02196037094145],[11.414709870566558,49.034925378017505],[11.411700061829121,49.06302653530826],[11.385667514206675,49.07862735721483],[11.436742075981849,49.065231123674366],[11.48704993437163,49.06346715272885],[11.503632466182498,49.07706380763232],[11.53830476168863,49.069768696410605],[11.544721031414278,49.0641519964472],[11.522097428598082,49.02907536160198],[11.599376122303935,48.951312729347],[11.634155521466138,48.93233548051],[11.718509663776915,48.9224315274816],[11.733927808472018,48.87309193319605],[11.699132138892134,48.83874204235549],[11.707650076572293,48.812393660807125],[11.735845228660567,48.811498679006874],[11.735968844974241,48.79032538610126],[11.719932178815242,48.78238401482845],[11.698363626266326,48.79060450861682],[11.670145338465877,48.77458361206715],[11.645905757037646,48.79712754118215],[11.644342453773007,48.81208312530552],[11.616450588041783,48.8141288538523],[11.573687517101751,48.78595682944826],[11.566612844497174,48.75057561238203],[11.553839873180689,48.74181840554409],[11.51073172707289,48.73299062176771],[11.48913928366846,48.745024670993],[11.486806030439835,48.727718583585165],[11.454702146622012,48.72804004144162],[11.440592650957326,48.72106418269495],[11.43313635017216,48.699367024217175],[11.445023623163861,48.70514483906449],[11.456977492248143,48.690039915758135],[11.438644505903572,48.64689068037645],[11.397953608627114,48.6407867455899],[11.345322377139087,48.60641563380896],[11.365102029710556,48.591702942165554],[11.364529858623296,48.57210836583301],[11.343506639223424,48.577181352344866],[11.335861710062717,48.57059159618632],[11.363775068938152,48.5424526064691],[11.341149720402065,48.535723140689306],[11.335617476013217,48.54868649245901],[11.323724136810192,48.55190953410041],[11.248729105710991,48.539866343801876],[11.244989797226628,48.51508305953825],[11.281256541185597,48.50476324107799],[11.302656732179884,48.482579367053276],[11.295302955001693,48.47453614684639],[11.266237135851025,48.46418937693753],[11.239006176223569,48.48662017574006],[11.213691594247832,48.49505735483203],[11.206367623632447,48.52663962659936],[11.152934331406389,48.54974994916709],[11.162978406351751,48.57324728637456],[11.154931220019968,48.595657124567545],[11.108804353800386,48.60687966619188],[11.05231888999501,48.60176018326114],[11.022796087475816,48.62030160602145],[11.041780838965849,48.62845705079498],[11.037103924694375,48.644329059864184],[11.00140933685594,48.66919986125259],[10.98737914043936,48.697151278160995],[10.984655802985673,48.7187824935036],[11.00160254353023,48.72205756086423],[10.998110756770904,48.764665453083595],[10.973922977114436,48.77726450039636],[10.978026126017053,48.80917059080235],[11.005927240283812,48.82289877211108],[10.99591995230263,48.83504545659094],[10.969846333694093,48.84234504312432],[10.977454315616745,48.85872901194634],[10.937120850598143,48.86274074564068]]]}},{"type":"Feature","properties":{"wkr_nr":218,"wkr_name":"München-Nord","state_name":"Bayern","elected_party":"csu","elected_party_share":0.4325,"zweitstimme_top_party":"csu","zweitstimme_top_share":0.3678,"turnout":0.691364045451926,"eligible_voters":225557.0,"erststimme_top6":[["csu",0.4325],["spd",0.3142],["gruene",0.1031],["fdp",0.0371],["linke_pds",0.037],["piraten",0.0322]],"zweitstimme_top6":[["csu",0.3678],["spd",0.247],["gruene",0.1364],["fdp",0.0823],["afd",0.0458],["linke_pds",0.0457]]},"geometry":{"type":"Polygon","coordinates":[[[11.499392745274621,48.24806662891511],[11.552694823373558,48.22591305678849],[11.587479177737404,48.21350216635047],[11.601885189925238,48.213423657762036],[11.614375589402584,48.22793859878441],[11.638756584578825,48.22519067490332],[11.650713142581164,48.21467536602735],[11.627794710652774,48.177322531023684],[11.587771434755908,48.139814976681855],[11.572865764973763,48.13729159644761],[11.546818200844925,48.13800331060275],[11.549363542954316,48.17013005875287],[11.501249571402363,48.169089601269825],[11.486609627155284,48.20931906178248],[11.488810719642805,48.223451242859866],[11.499392745274621,48.24806662891511]]]}},{"type":"Feature","properties":{"wkr_nr":219,"wkr_name":"München-Ost","state_name":"Bayern","elected_party":"csu","elected_party_share":0.4464,"zweitstimme_top_party":"csu","zweitstimme_top_share":0.3948,"turnout":0.713651526490024,"eligible_voters":236523.0,"erststimme_top6":[["csu",0.4464],["spd",0.287],["gruene",0.1021],["fdp",0.0413],["linke_pds",0.0341],["freie_wahler",0.0297]],"zweitstimme_top6":[["csu",0.3948],["spd",0.2332],["gruene",0.1292],["fdp",0.082],["afd",0.0465],["linke_pds",0.0424]]},"geometry":{"type":"Polygon","coordinates":[[[11.627794710652774,48.177322531023684],[11.645869678246182,48.173730784315495],[11.691783852092616,48.182623437042935],[11.696311677145092,48.17441129467617],[11.674261305880298,48.15641946086946],[11.678008650631835,48.14448852320945],[11.708377830134696,48.14801710461966],[11.71808424270431,48.137731761900696],[11.712753815949354,48.10495912896139],[11.682773281448247,48.0918279048695],[11.685554270480338,48.07749333733955],[11.624050100564963,48.08788473324412],[11.596469760254505,48.10855146828754],[11.574632389516436,48.112629860881135],[11.589417452795427,48.127472820780426],[11.57054903710615,48.12876941009474],[11.572865764973763,48.13729159644761],[11.587771434755908,48.139814976681855],[11.627794710652774,48.177322531023684]]]}},{"type":"Feature","properties":{"wkr_nr":220,"wkr_name":"München-Süd","state_name":"Bayern","elected_party":"csu","elected_party_share":0.4342,"zweitstimme_top_party":"csu","zweitstimme_top_share":0.3787,"turnout":0.715733070836893,"eligible_voters":215368.0,"erststimme_top6":[["csu",0.4342],["spd",0.2845],["gruene",0.1136],["linke_pds",0.0393],["afd",0.0304],["fdp",0.0304]],"zweitstimme_top6":[["csu",0.3787],["spd",0.2404],["gruene",0.1398],["fdp",0.0699],["linke_pds",0.0479],["afd",0.0462]]},"geometry":{"type":"Polygon","coordinates":[[[11.46489105794888,48.12773051651422],[11.52235872509776,48.123977080283744],[11.527157717557062,48.13041111080671],[11.53869396781122,48.12340764392218],[11.574632389516436,48.112629860881135],[11.596469760254505,48.10855146828754],[11.624050100564963,48.08788473324412],[11.585450940002955,48.093439562160306],[11.504368811035379,48.06228160124729],[11.470658463912804,48.08311653859595],[11.46489105794888,48.12773051651422]]]}},{"type":"Feature","properties":{"wkr_nr":221,"wkr_name":"München-West/Mitte","state_name":"Bayern","elected_party":"csu","elected_party_share":0.4257,"zweitstimme_top_party":"csu","zweitstimme_top_share":0.3701,"turnout":0.727250730079266,"eligible_voters":239700.0,"erststimme_top6":[["csu",0.4257],["spd",0.2856],["gruene",0.1314],["linke_pds",0.0412],["fdp",0.0404],["piraten",0.0255]],"zweitstimme_top6":[["csu",0.3701],["spd",0.2369],["gruene",0.156],["fdp",0.074],["linke_pds",0.0479],["afd",0.0418]]},"geometry":{"type":"Polygon","coordinates":[[[11.488810719642805,48.223451242859866],[11.486609627155284,48.20931906178248],[11.501249571402363,48.169089601269825],[11.549363542954316,48.17013005875287],[11.546818200844925,48.13800331060275],[11.572865764973763,48.13729159644761],[11.57054903710615,48.12876941009474],[11.589417452795427,48.127472820780426],[11.574632389516436,48.112629860881135],[11.53869396781122,48.12340764392218],[11.527157717557062,48.13041111080671],[11.52235872509776,48.123977080283744],[11.46489105794888,48.12773051651422],[11.430001611498211,48.137586113304174],[11.412773053155195,48.12760879088074],[11.38964270675464,48.127903970841864],[11.382697154611181,48.15316643671893],[11.360711029191277,48.15810730931842],[11.391038025939428,48.20049446041282],[11.402537512489573,48.20111715718945],[11.457627422452116,48.20890673600971],[11.488810719642805,48.223451242859866]]]}},{"type":"Feature","properties":{"wkr_nr":222,"wkr_name":"München-Land","state_name":"Bayern","elected_party":"csu","elected_party_share":0.5248,"zweitstimme_top_party":"csu","zweitstimme_top_share":0.469,"turnout":0.774992231230856,"eligible_voters":247787.0,"erststimme_top6":[["csu",0.5248],["spd",0.2032],["gruene",0.1115],["afd",0.0398],["fdp",0.0389],["freie_wahler",0.0291]],"zweitstimme_top6":[["csu",0.469],["spd",0.1965],["gruene",0.0993],["fdp",0.0854],["afd",0.0487],["linke_pds",0.0282]]},"geometry":{"type":"Polygon","coordinates":[[[11.576903386393454,48.29913878604337],[11.579198965408928,48.29429943310438],[11.614751560892532,48.27360491286564],[11.636813770928335,48.27046003983485],[11.738406804221805,48.27591701740078],[11.75938224199522,48.25386618717354],[11.748360618557065,48.238520525339105],[11.756032015252297,48.22111011007972],[11.775499228150567,48.16267061348018],[11.747753324474184,48.137492727863304],[11.790972010625516,48.06763524495016],[11.759952184151231,47.996351216671634],[11.847567987011997,47.96134828732254],[11.848059407307174,47.94816371343749],[11.830619953837072,47.939816687440874],[11.827173914441603,47.92561047112016],[11.80654327781122,47.92569703994685],[11.781735347757818,47.93750421858199],[11.757792827283579,47.934592108094456],[11.751167909349384,47.92013824341607],[11.70500050251311,47.91457920810895],[11.68473184118927,47.93785478107353],[11.623431786897982,47.92031589164551],[11.603504748907008,47.923684536667466],[11.605437176522933,47.93432301811657],[11.56587706385008,47.95813618253019],[11.54987629114715,47.95525336844788],[11.428304279248033,47.9785556787999],[11.40397500402465,47.995286280273085],[11.433240074682962,48.01278431555591],[11.42932029625836,48.0270762247671],[11.403581084751416,48.03229067769794],[11.369457644198498,48.037716494119984],[11.352736662455163,48.06344332290858],[11.336185966154105,48.058234008694846],[11.340578322075281,48.03072398724826],[11.283561223932558,48.03101988607359],[11.276312095951333,48.041834245540315],[11.291300403634962,48.04876551291451],[11.295969476311376,48.07968219904832],[11.315241779578667,48.08782303367748],[11.313801659138468,48.078674454467645],[11.35370901614253,48.071302500558794],[11.357973088590331,48.090026636197365],[11.383382403009186,48.10246255507231],[11.415479546870797,48.086544116041736],[11.420622269173487,48.10159119800256],[11.38539264006239,48.112075314055346],[11.412773053155195,48.12760879088074],[11.430001611498211,48.137586113304174],[11.46489105794888,48.12773051651422],[11.470658463912804,48.08311653859595],[11.504368811035379,48.06228160124729],[11.585450940002955,48.093439562160306],[11.624050100564963,48.08788473324412],[11.685554270480338,48.07749333733955],[11.682773281448247,48.0918279048695],[11.712753815949354,48.10495912896139],[11.71808424270431,48.137731761900696],[11.708377830134696,48.14801710461966],[11.678008650631835,48.14448852320945],[11.674261305880298,48.15641946086946],[11.696311677145092,48.17441129467617],[11.691783852092616,48.182623437042935],[11.645869678246182,48.173730784315495],[11.627794710652774,48.177322531023684],[11.650713142581164,48.21467536602735],[11.638756584578825,48.22519067490332],[11.614375589402584,48.22793859878441],[11.601885189925238,48.213423657762036],[11.587479177737404,48.21350216635047],[11.552694823373558,48.22591305678849],[11.499392745274621,48.24806662891511],[11.500051334902986,48.26229646987451],[11.517145657958883,48.278499842054856],[11.576903386393454,48.29913878604337]]]}},{"type":"Feature","properties":{"wkr_nr":223,"wkr_name":"Rosenheim","state_name":"Bayern","elected_party":"csu","elected_party_share":0.5814,"zweitstimme_top_party":"csu","zweitstimme_top_share":0.5412,"turnout":0.70523523276597,"eligible_voters":231069.0,"erststimme_top6":[["csu",0.5814],["spd",0.1252],["gruene",0.0936],["afd",0.0407],["freie_wahler",0.0277],["fdp",0.0264]],"zweitstimme_top6":[["csu",0.5412],["spd",0.1481],["gruene",0.0842],["fdp",0.0497],["afd",0.0482],["linke_pds",0.029]]},"geometry":{"type":"Polygon","coordinates":[[[12.225531149209367,48.135300615249214],[12.28706829355161,48.10749579467641],[12.328497086345067,48.1052260384702],[12.347124930402456,48.11997487274058],[12.387410723797723,48.11746023052412],[12.381852993448222,48.10386065106042],[12.353366054309797,48.10096313810248],[12.339201006350299,48.08986647024163],[12.323566257711573,48.06497187988324],[12.35777429774782,48.03989182333145],[12.32705647921811,47.97753826305643],[12.388386446211962,47.94949012141197],[12.418386892675226,47.9557063190395],[12.441789686974786,47.946598139862964],[12.44385651372257,47.922189854092636],[12.430730649936923,47.89426749219584],[12.405889385720076,47.87538430120498],[12.373682188290942,47.88824195878334],[12.363603550844488,47.86995427218922],[12.375270003554842,47.83461837168707],[12.427554164927168,47.83419649412724],[12.433946275763228,47.81483781042552],[12.394745200760086,47.820394550211276],[12.381119144697251,47.76144610095309],[12.338414892760063,47.732978177557236],[12.33756306642671,47.696893015479674],[12.255218523553845,47.6793588559872],[12.241246723481552,47.69423896758504],[12.2649634791733,47.73252063906152],[12.249621258091313,47.74137987220819],[12.203609442758285,47.7074680744129],[12.162426941649414,47.70117339145259],[12.197840202137765,47.643017149539695],[12.204962649486262,47.607524996257865],[12.182694206969925,47.6038033401797],[12.170854117983229,47.61450436769839],[12.129162512177786,47.6058047735698],[12.082449317173978,47.60984722368695],[12.060701463343383,47.618855473132676],[12.060865740450891,47.6317070830234],[12.028408159401474,47.646682398012054],[12.049759531165515,47.67449129348744],[12.020438423351136,47.69127494815629],[12.0124429455376,47.73785117121463],[11.991314298386255,47.74929710141666],[11.991963239604889,47.77418344028793],[11.916627573003193,47.80932756052689],[11.951438313806793,47.822964764540636],[11.947992396263063,47.84542166709521],[11.883084391300715,47.86500875599046],[11.870338736238178,47.859617693565504],[11.85566335252559,47.86385525698133],[11.813105182061467,47.898526789293015],[11.80654327781122,47.92569703994685],[11.827173914441603,47.92561047112016],[11.830619953837072,47.939816687440874],[11.848059407307174,47.94816371343749],[11.887434978787859,47.94881321933689],[11.927580636028782,47.9311245883169],[11.940959311246372,47.945952663245556],[11.926407206700839,47.98366758571441],[11.934859499913287,47.994537605214155],[11.968001010128752,47.983737065461376],[12.00080824983912,47.95416262861753],[12.062914719802452,47.97074542228724],[12.099586944835698,47.99326089498222],[12.098236659463717,48.01149589681569],[12.076909376197973,48.01818788945298],[12.074508194686727,48.079548042043314],[12.06433729441385,48.099505738297346],[12.085820774534877,48.12229205903649],[12.13435186831265,48.13064912841625],[12.14739598818368,48.11290311948923],[12.133525333292111,48.09715710703122],[12.14570647228546,48.08506238755341],[12.162710927214194,48.08299731441591],[12.183133160888385,48.092633506155096],[12.182453572713378,48.10665832305616],[12.208516949317005,48.14309074426426],[12.225531149209367,48.135300615249214]]]}},{"type":"Feature","properties":{"wkr_nr":224,"wkr_name":"Starnberg","state_name":"Bayern","elected_party":"csu","elected_party_share":0.5407,"zweitstimme_top_party":"csu","zweitstimme_top_share":0.5147,"turnout":0.742863081192767,"eligible_voters":245379.0,"erststimme_top6":[["csu",0.5407],["spd",0.1759],["gruene",0.089],["fdp",0.0743],["freie_wahler",0.0508],["linke_pds",0.028]],"zweitstimme_top6":[["csu",0.5147],["spd",0.151],["gruene",0.0907],["fdp",0.0737],["afd",0.0561],["freie_wahler",0.027]]},"geometry":{"type":"Polygon","coordinates":[[[11.34397923864781,47.69363343633777],[11.371984723907962,47.70665807709151],[11.364927762966149,47.718849081138934],[11.374684882612002,47.7286671999488],[11.426961224376942,47.74467282155325],[11.4042742036114,47.7636004627035],[11.390985224341684,47.794498166764974],[11.364142632036778,47.79276076041158],[11.34133846539909,47.80168605443774],[11.329251453615939,47.82016638410545],[11.290350263035748,47.83200392547109],[11.301986938400914,47.85930875262672],[11.284736010591546,47.88357657032214],[11.259670940926085,47.874942248865814],[11.184105575844358,47.88346364545391],[11.189221027586454,47.89944884174007],[11.215903845505538,47.91569532238766],[11.181381963025055,47.950124803490716],[11.150531770188588,47.953446860703],[11.155005309611491,47.98092079209063],[11.12949490734484,48.044847241689666],[11.135997085909676,48.0972777610774],[11.14240880103061,48.109271691905455],[11.179375618815516,48.10370695972346],[11.251523268683949,48.13548087089735],[11.274914420570212,48.130347862305],[11.300963327008215,48.12765981746951],[11.319671592118633,48.11418426537006],[11.382568446636675,48.10642874544409],[11.38539264006239,48.112075314055346],[11.420622269173487,48.10159119800256],[11.415479546870797,48.086544116041736],[11.383382403009186,48.10246255507231],[11.357973088590331,48.090026636197365],[11.35370901614253,48.071302500558794],[11.313801659138468,48.078674454467645],[11.315241779578667,48.08782303367748],[11.295969476311376,48.07968219904832],[11.291300403634962,48.04876551291451],[11.276312095951333,48.041834245540315],[11.283561223932558,48.03101988607359],[11.340578322075281,48.03072398724826],[11.336185966154105,48.058234008694846],[11.352736662455163,48.06344332290858],[11.369457644198498,48.037716494119984],[11.403581084751416,48.03229067769794],[11.42932029625836,48.0270762247671],[11.433240074682962,48.01278431555591],[11.40397500402465,47.995286280273085],[11.428304279248033,47.9785556787999],[11.54987629114715,47.95525336844788],[11.56587706385008,47.95813618253019],[11.605437176522933,47.93432301811657],[11.603504748907008,47.923684536667466],[11.623431786897982,47.92031589164551],[11.68473184118927,47.93785478107353],[11.70500050251311,47.91457920810895],[11.751167909349384,47.92013824341607],[11.757792827283579,47.934592108094456],[11.781735347757818,47.93750421858199],[11.80654327781122,47.92569703994685],[11.813105182061467,47.898526789293015],[11.85566335252559,47.86385525698133],[11.870338736238178,47.859617693565504],[11.883084391300715,47.86500875599046],[11.947992396263063,47.84542166709521],[11.951438313806793,47.822964764540636],[11.916627573003193,47.80932756052689],[11.991963239604889,47.77418344028793],[11.991314298386255,47.74929710141666],[12.0124429455376,47.73785117121463],[12.020438423351136,47.69127494815629],[12.049759531165515,47.67449129348744],[12.028408159401474,47.646682398012054],[12.060865740450891,47.6317070830234],[12.060701463343383,47.618855473132676],[12.021954151240502,47.61107943486904],[12.00856859155696,47.625224768110094],[11.911852318162145,47.61320224910488],[11.864963678996927,47.601913793160044],[11.844290677200851,47.58115299501247],[11.781163450099841,47.5912753650645],[11.632818000625134,47.59249582991176],[11.631083566681212,47.58503963492516],[11.605213073498374,47.5803425070532],[11.588011943607562,47.556477637353126],[11.588076699992122,47.52537654984899],[11.572362675106884,47.514542435564294],[11.505640932857036,47.50467795188245],[11.456168236478668,47.5085752630184],[11.440201824379791,47.51654838061448],[11.410528647531528,47.49510580017279],[11.385372612927771,47.50015698927091],[11.263385121356032,47.580358640528964],[11.278098381688395,47.615275638962224],[11.272947718652219,47.649226535988234],[11.280662367784329,47.661924920796956],[11.34790407097713,47.67471971779048],[11.34397923864781,47.69363343633777]]]}},{"type":"Feature","properties":{"wkr_nr":225,"wkr_name":"Traunstein","state_name":"Bayern","elected_party":"csu","elected_party_share":0.6261,"zweitstimme_top_party":"csu","zweitstimme_top_share":0.5726,"turnout":0.683798364174256,"eligible_voters":206868.0,"erststimme_top6":[["csu",0.6261],["spd",0.1756],["gruene",0.0856],["linke_pds",0.0294],["odp",0.0242],["fdp",0.0237]],"zweitstimme_top6":[["csu",0.5726],["spd",0.1488],["gruene",0.0879],["fdp",0.0437],["afd",0.0328],["linke_pds",0.0299]]},"geometry":{"type":"Polygon","coordinates":[[[12.565625996164052,48.15904791922827],[12.551665657611219,48.146753170489355],[12.542133335356644,48.13936009276533],[12.580359403685504,48.06972167223753],[12.611875445905245,48.064401805547604],[12.632448831190075,48.04949139705147],[12.680669663165533,48.04833621157598],[12.711135300543509,48.06824383507171],[12.700240958990571,48.10435384111039],[12.751464803553535,48.112809862848756],[12.75888687385733,48.07598047732463],[12.853082563245966,48.013002884567854],[12.87580757492399,47.962561091765664],[12.920280323176046,47.953129905373224],[13.004296683695067,47.84525866170278],[12.905407809959486,47.72342567405019],[12.92511455179892,47.710797191831745],[12.973188809816115,47.707048797292856],[12.991468829199091,47.708616689652914],[13.010697804060008,47.72277851833455],[13.045743004735074,47.712742324581924],[13.06958354063942,47.69181778715819],[13.097413945649523,47.63973154710302],[13.095807824539373,47.627999854105944],[13.04360759935376,47.5835043131553],[13.049631048102098,47.56562346228799],[13.031111559255674,47.533628539255744],[13.047367163927209,47.521473736836555],[13.047587954996825,47.492138357911145],[13.001160479043502,47.46390341077259],[12.91135898178464,47.49628196601845],[12.804060224711861,47.54999257952668],[12.7797174703265,47.578794216537474],[12.793026923936939,47.60053250148296],[12.813372515848908,47.61198066698983],[12.760768444884883,47.65501298898656],[12.771827789166345,47.665540593752915],[12.695813303661003,47.68224748681371],[12.604692953359567,47.67315947870187],[12.57494272020181,47.6323449118586],[12.536256733728816,47.63646867497231],[12.49892307845103,47.6250469457809],[12.440408159962482,47.67411360129251],[12.440234566045081,47.695206324481035],[12.363643529489527,47.68391340026722],[12.338119947366417,47.69088415714606],[12.33756306642671,47.696893015479674],[12.338414892760063,47.732978177557236],[12.381119144697251,47.76144610095309],[12.394745200760086,47.820394550211276],[12.433946275763228,47.81483781042552],[12.427554164927168,47.83419649412724],[12.375270003554842,47.83461837168707],[12.363603550844488,47.86995427218922],[12.373682188290942,47.88824195878334],[12.405889385720076,47.87538430120498],[12.430730649936923,47.89426749219584],[12.44385651372257,47.922189854092636],[12.441789686974786,47.946598139862964],[12.418386892675226,47.9557063190395],[12.388386446211962,47.94949012141197],[12.32705647921811,47.97753826305643],[12.35777429774782,48.03989182333145],[12.323566257711573,48.06497187988324],[12.339201006350299,48.08986647024163],[12.353366054309797,48.10096313810248],[12.381852993448222,48.10386065106042],[12.387410723797723,48.11746023052412],[12.423413689946411,48.13178610178881],[12.441099118639727,48.111606916921325],[12.465741343955104,48.11943431385482],[12.489391738905695,48.15562541246201],[12.52864834430037,48.15185489660938],[12.554351258896146,48.162566854881604],[12.565625996164052,48.15904791922827]]]}},{"type":"Feature","properties":{"wkr_nr":226,"wkr_name":"Weilheim","state_name":"Bayern","elected_party":"csu","elected_party_share":0.572,"zweitstimme_top_party":"csu","zweitstimme_top_share":0.5246,"turnout":0.728727782086387,"eligible_voters":252724.0,"erststimme_top6":[["csu",0.572],["spd",0.1647],["gruene",0.0854],["freie_wahler",0.0353],["bp",0.0307],["fdp",0.0292]],"zweitstimme_top6":[["csu",0.5246],["spd",0.1551],["gruene",0.0876],["afd",0.0529],["fdp",0.0518],["linke_pds",0.0308]]},"geometry":{"type":"Polygon","coordinates":[[[10.904007049647158,48.23795947864227],[10.932903447093304,48.22442566530469],[10.943977113395174,48.21938639471453],[10.945463404662243,48.20542460297891],[10.96084320114958,48.19906093685622],[10.989050708393892,48.20759949312785],[11.034866819049054,48.19309419673861],[11.025275242922724,48.17823262646859],[10.992831534658661,48.1760848697226],[11.004866406807531,48.15544587411833],[11.061512005026893,48.138038491303476],[11.055599281722712,48.10324479629379],[11.099573904454973,48.0915486602917],[11.135997085909676,48.0972777610774],[11.12949490734484,48.044847241689666],[11.155005309611491,47.98092079209063],[11.150531770188588,47.953446860703],[11.181381963025055,47.950124803490716],[11.215903845505538,47.91569532238766],[11.189221027586454,47.89944884174007],[11.184105575844358,47.88346364545391],[11.259670940926085,47.874942248865814],[11.284736010591546,47.88357657032214],[11.301986938400914,47.85930875262672],[11.290350263035748,47.83200392547109],[11.329251453615939,47.82016638410545],[11.34133846539909,47.80168605443774],[11.364142632036778,47.79276076041158],[11.390985224341684,47.794498166764974],[11.4042742036114,47.7636004627035],[11.426961224376942,47.74467282155325],[11.374684882612002,47.7286671999488],[11.364927762966149,47.718849081138934],[11.371984723907962,47.70665807709151],[11.34397923864781,47.69363343633777],[11.34790407097713,47.67471971779048],[11.280662367784329,47.661924920796956],[11.272947718652219,47.649226535988234],[11.278098381688395,47.615275638962224],[11.263385121356032,47.580358640528964],[11.385372612927771,47.50015698927091],[11.410528647531528,47.49510580017279],[11.3837969426236,47.47226587675357],[11.40937158957139,47.46676025775008],[11.42137497208852,47.44484820327455],[11.33834893618333,47.449679956623015],[11.272788749742531,47.39795443101088],[11.224638851771717,47.395257375208274],[11.253383264731054,47.427864067921924],[11.205288049326333,47.43377442384046],[11.13205580352181,47.41241159360397],[11.114976865611242,47.395548703108396],[10.996548743352934,47.3946912652889],[10.970385226432418,47.40005922301915],[10.983568259810992,47.43009803190929],[10.928422968326776,47.47188459368587],[10.937383853130692,47.481179181741275],[10.871445046373324,47.48178293454477],[10.870560780610473,47.49893850504728],[10.905473425886465,47.517342506836705],[10.886315256376154,47.53679268387199],[10.872928723035404,47.57242193830583],[10.926791454339902,47.5867443610787],[10.953356024450525,47.617054395197016],[10.936245200417725,47.61658751700123],[10.903197512330818,47.6372032825068],[10.914802044137446,47.66039952625002],[10.84712692899055,47.66452853191696],[10.798202354941479,47.65629826668948],[10.778226677137571,47.66221227523772],[10.828785486424929,47.727680881402776],[10.794339415283384,47.71854603454763],[10.755132428555829,47.68837311064333],[10.73562327817012,47.686439742322754],[10.715802802675455,47.705493322300946],[10.73768224845469,47.76538958567066],[10.761651225228352,47.7667481364064],[10.76565680322893,47.78526998719524],[10.749082060241175,47.79523979866817],[10.746835719492415,47.81036774432364],[10.766790351731133,47.84365927009806],[10.764932572682334,47.86558489997965],[10.789348971214304,47.884560397269105],[10.78369817937967,47.92160145898177],[10.822513445140466,47.99080383819134],[10.815526195727038,48.030956485746145],[10.795413309686827,48.04009806421598],[10.764944333153666,48.03439106329347],[10.756501917136944,48.04648624794952],[10.784396547481832,48.076256354188104],[10.808051819929418,48.08662937588661],[10.816841150820766,48.105226782415514],[10.801773916509744,48.10450636584276],[10.78603380849547,48.149973511233625],[10.848587866945739,48.147642761994895],[10.890339449027547,48.19117129650156],[10.904007049647158,48.23795947864227]]]}},{"type":"Feature","properties":{"wkr_nr":227,"wkr_name":"Deggendorf","state_name":"Bayern","elected_party":"csu","elected_party_share":0.6138,"zweitstimme_top_party":"csu","zweitstimme_top_share":0.5631,"turnout":0.605750506183825,"eligible_voters":155082.0,"erststimme_top6":[["csu",0.6138],["spd",0.1587],["freie_wahler",0.0479],["gruene",0.045],["afd",0.0327],["linke_pds",0.0301]],"zweitstimme_top6":[["csu",0.5631],["spd",0.1656],["gruene",0.0436],["freie_wahler",0.043],["afd",0.0406],["fdp",0.0382]]},"geometry":{"type":"Polygon","coordinates":[[[13.371547086534083,48.98318701402262],[13.417310315081135,48.97968836320759],[13.49878011227319,48.94110696212016],[13.508388951681427,48.94207465595533],[13.507284434048943,48.96899130329465],[13.580293472035182,48.97085961295053],[13.637031290777138,48.92532384608586],[13.67142076557191,48.88013561102237],[13.721565524278015,48.87962851818114],[13.74977217468501,48.862342461842715],[13.764523723328487,48.83444631055016],[13.815382621066572,48.79703021685049],[13.832437939978279,48.770481326132234],[13.796124422691886,48.71357421172101],[13.770768206915026,48.72221844405402],[13.732478866449538,48.72138276329577],[13.721629033502252,48.70822258626018],[13.735388173154854,48.68936464832618],[13.594532229919981,48.682636999360774],[13.554226764381042,48.699520015313105],[13.55100834861816,48.70952204536243],[13.51805764136079,48.72641666182403],[13.500123499368922,48.728725503849574],[13.458700971060079,48.71401643324388],[13.416214154975393,48.75574440779779],[13.3984276694239,48.75703253415234],[13.394319789133087,48.76174940012576],[13.354026484704162,48.75622102836966],[13.3506167243501,48.74654291567963],[13.284333073363968,48.73443878082331],[13.258638692706135,48.74109622632315],[13.249344690205353,48.71307186475155],[13.199598657015011,48.698908406411064],[13.11435965968171,48.689802793171964],[13.096238920653388,48.65505478585533],[13.106992006946609,48.628112822917316],[13.083714180345483,48.620752670063034],[13.02783217800875,48.626905873467315],[13.018560488021272,48.60791257435958],[12.994280679271064,48.60061565040858],[12.967465124924862,48.61128616387315],[12.949793487556963,48.62182396717183],[12.93785677149331,48.65329305661915],[12.832695448716574,48.67773074150497],[12.795028710827928,48.71585275576328],[12.804528967476049,48.72402762484559],[12.80147930313454,48.73768468813273],[12.778792795703284,48.74562490094849],[12.764078714440524,48.79790050504912],[12.769903529857759,48.80575174065114],[12.750251647985799,48.81948203240687],[12.769571186288239,48.832560954405565],[12.820491248704586,48.82361003733174],[12.848809374946349,48.83970539221052],[12.835403209760466,48.8894225891041],[12.875734879275965,48.90978778225812],[12.856388531201874,48.92869568184119],[12.863821112290843,48.94459366898219],[12.891276574971748,48.9545649419103],[12.913241384273732,48.93601434523381],[12.945032683030623,48.931205518337556],[12.964631482888597,48.948886534032745],[13.008457073643115,48.94957659020915],[13.027500734118632,48.93680138542654],[13.028448724209248,48.92307100012726],[13.013830914001966,48.920690204692534],[13.061658574616429,48.88186438574737],[13.12396983381535,48.887970296832705],[13.194378978329558,48.87310968603874],[13.195098093285731,48.862741240954975],[13.22213826773101,48.857127913265145],[13.28212726744283,48.87367759519362],[13.290404457642353,48.91825310343253],[13.279464979038368,48.95056688470365],[13.331830343030202,48.94696676529781],[13.371547086534083,48.98318701402262]]]}},{"type":"Feature","properties":{"wkr_nr":228,"wkr_name":"Landshut","state_name":"Bayern","elected_party":"csu","elected_party_share":0.5806,"zweitstimme_top_party":"csu","zweitstimme_top_share":0.5402,"turnout":0.683097666681259,"eligible_voters":251273.0,"erststimme_top6":[["csu",0.5806],["spd",0.162],["gruene",0.0829],["freie_wahler",0.0591],["fdp",0.0303],["linke_pds",0.0289]],"zweitstimme_top6":[["csu",0.5402],["spd",0.1594],["gruene",0.067],["freie_wahler",0.053],["fdp",0.0469],["afd",0.0359]]},"geometry":{"type":"Polygon","coordinates":[[[11.660108429248474,49.016013594072355],[11.6925885727761,49.02151805230955],[11.713953621346903,49.0148767699318],[11.7652720314991,48.982036066761935],[11.807208839502826,49.01875603376271],[11.863203753148044,49.02268140093111],[11.91288682798635,48.98843105999562],[11.930811111004914,48.96444678470825],[11.925594050659559,48.95404639510286],[11.94734610935162,48.948072835161334],[12.01424822675682,48.95351180774175],[12.06020879140225,48.94292420937232],[12.1211192564286,48.89834766879345],[12.13379950638923,48.876804385377945],[12.129898119409237,48.86201550280052],[12.108840481107741,48.85972145781548],[12.09863431038535,48.8432470876982],[12.108737848438272,48.80304209422916],[12.096892675523899,48.790526458010426],[12.097628156900493,48.772253706666994],[12.133700034680306,48.7660838454761],[12.224880645818558,48.72571296355509],[12.262248472754335,48.72220075331306],[12.269505148731078,48.73596677076968],[12.297914947005058,48.747353783302756],[12.307029784857749,48.725238574032865],[12.329004651281329,48.72149155316391],[12.348607820517856,48.68608836862964],[12.376102895506039,48.684302124560745],[12.390985360839931,48.674823267410694],[12.394033275763821,48.64587635098661],[12.364804730447592,48.62878816428246],[12.348837668174758,48.571651563035466],[12.410509490003047,48.54186966512938],[12.440014404064238,48.55723318720266],[12.486720249303227,48.55967149377243],[12.508798372764035,48.54384221179322],[12.48358528482461,48.53368637993652],[12.495074275614005,48.51634269173746],[12.508271612059245,48.51535596680354],[12.509465473706152,48.5031200261957],[12.498613858437674,48.4919532290711],[12.470576318612997,48.486519421283724],[12.483823212881369,48.42953529881823],[12.438827840001242,48.404737128205674],[12.439549939534327,48.38680112904693],[12.413505486133115,48.361380564351144],[12.388391737592887,48.36021359720764],[12.356125531084441,48.330170433165],[12.305080045993588,48.32578068653214],[12.293436707242213,48.33144306707091],[12.250530127121632,48.3219248295857],[12.233812625227396,48.33023878770463],[12.232229398270055,48.34957830983876],[12.191878976250313,48.37374276401413],[12.196053065690226,48.381296466632215],[12.163657299062772,48.42210797262995],[12.083291694358657,48.428546505101764],[12.02226170946869,48.42028142146329],[12.017052210326662,48.4306845253902],[12.009679171461485,48.4511648842723],[11.991828933175627,48.44954526300108],[12.010385445682754,48.495478724971406],[11.976978409845838,48.49196584038712],[11.957327803616536,48.501503638102136],[11.975923033141688,48.511494680583894],[11.961889186307252,48.57667567037921],[11.941317414185045,48.575045676448546],[11.910155284539954,48.58524821921578],[11.86388582059553,48.584061884248264],[11.798916277109592,48.61328537308488],[11.771063190522762,48.59967943776762],[11.70662524790727,48.61637270627173],[11.692787318967094,48.61894147702452],[11.692001520968915,48.63027781038959],[11.71308586028556,48.648141667457715],[11.68914850473343,48.67938825521756],[11.65566383368969,48.7010488422484],[11.655323238209979,48.744189826410796],[11.702630790582376,48.765711745681934],[11.695787769292735,48.78571876047573],[11.719932178815242,48.78238401482845],[11.735968844974241,48.79032538610126],[11.735845228660567,48.811498679006874],[11.707650076572293,48.812393660807125],[11.699132138892134,48.83874204235549],[11.733927808472018,48.87309193319605],[11.718509663776915,48.9224315274816],[11.634155521466138,48.93233548051],[11.599376122303935,48.951312729347],[11.619454001959822,49.00831100956059],[11.644482315285135,49.00419843420989],[11.660108429248474,49.016013594072355]]]}},{"type":"Feature","properties":{"wkr_nr":229,"wkr_name":"Passau","state_name":"Bayern","elected_party":"csu","elected_party_share":0.5979,"zweitstimme_top_party":"csu","zweitstimme_top_share":0.539,"turnout":0.629807073264947,"eligible_voters":186392.0,"erststimme_top6":[["csu",0.5979],["spd",0.1968],["gruene",0.0513],["freie_wahler",0.0344],["linke_pds",0.0324],["afd",0.0311]],"zweitstimme_top6":[["csu",0.539],["spd",0.1856],["gruene",0.0592],["fdp",0.0446],["afd",0.0388],["linke_pds",0.0378]]},"geometry":{"type":"Polygon","coordinates":[[[13.258638692706135,48.74109622632315],[13.284333073363968,48.73443878082331],[13.3506167243501,48.74654291567963],[13.354026484704162,48.75622102836966],[13.394319789133087,48.76174940012576],[13.3984276694239,48.75703253415234],[13.416214154975393,48.75574440779779],[13.458700971060079,48.71401643324388],[13.500123499368922,48.728725503849574],[13.51805764136079,48.72641666182403],[13.55100834861816,48.70952204536243],[13.554226764381042,48.699520015313105],[13.594532229919981,48.682636999360774],[13.735388173154854,48.68936464832618],[13.721629033502252,48.70822258626018],[13.732478866449538,48.72138276329577],[13.770768206915026,48.72221844405402],[13.796124422691886,48.71357421172101],[13.817392334024493,48.69476763084407],[13.814178864310623,48.649562268457395],[13.825812695691514,48.61869006218057],[13.800469173062215,48.573015376533284],[13.772781934712594,48.55782323597788],[13.755475286401197,48.565038689009526],[13.743705339026354,48.54436008650052],[13.74765521775327,48.52994677738808],[13.727568473365729,48.51304219026173],[13.66529610303117,48.53340016570728],[13.651842637855054,48.54953279526092],[13.598241687302789,48.56951938977748],[13.581630872641545,48.5597815801601],[13.566129587383088,48.56226271728021],[13.51312907909933,48.591036681465],[13.491931320282777,48.56437192442221],[13.466498700720807,48.5539143406558],[13.44996225936891,48.563973013589894],[13.438574791023118,48.54870475684326],[13.458174956340502,48.51192951129068],[13.427435384038972,48.45812253854404],[13.439755009070076,48.432707366063916],[13.412934157624653,48.37654685425218],[13.328992802975328,48.32301574206675],[13.261710631669821,48.29526289582289],[13.176941735586777,48.294452217992806],[13.152949556381738,48.339488147642825],[13.120616330521672,48.34721153966735],[13.109466149233093,48.341659445175964],[13.08382665945286,48.36699127494481],[13.09923209618575,48.390604500586605],[13.146343760742367,48.39776624388927],[13.174656375549214,48.41463464068686],[13.16845620379573,48.42775859051916],[13.117595827177007,48.44806910463837],[13.116474660290256,48.48804950622503],[13.09323870959044,48.4895166345916],[13.097339873819294,48.53685699777023],[13.106316976983129,48.540295266674796],[13.066951083711226,48.55311546754711],[13.000575130844835,48.53390781900722],[13.021389102447458,48.57930187539757],[12.983371644812333,48.585570276142725],[12.994280679271064,48.60061565040858],[13.018560488021272,48.60791257435958],[13.02783217800875,48.626905873467315],[13.083714180345483,48.620752670063034],[13.106992006946609,48.628112822917316],[13.096238920653388,48.65505478585533],[13.11435965968171,48.689802793171964],[13.199598657015011,48.698908406411064],[13.249344690205353,48.71307186475155],[13.258638692706135,48.74109622632315]]]}},{"type":"Feature","properties":{"wkr_nr":230,"wkr_name":"Rottal-Inn","state_name":"Bayern","elected_party":"csu","elected_party_share":0.6113,"zweitstimme_top_party":"csu","zweitstimme_top_share":0.5875,"turnout":0.63606191980797,"eligible_voters":163308.0,"erststimme_top6":[["csu",0.6113],["spd",0.1619],["freie_wahler",0.0524],["gruene",0.0465],["afd",0.0305],["odp",0.0278]],"zweitstimme_top6":[["csu",0.5875],["spd",0.1517],["gruene",0.0485],["fdp",0.0407],["afd",0.0362],["freie_wahler",0.035]]},"geometry":{"type":"Polygon","coordinates":[[[12.75294563958291,48.7994364920005],[12.764078714440524,48.79790050504912],[12.778792795703284,48.74562490094849],[12.80147930313454,48.73768468813273],[12.804528967476049,48.72402762484559],[12.795028710827928,48.71585275576328],[12.832695448716574,48.67773074150497],[12.93785677149331,48.65329305661915],[12.949793487556963,48.62182396717183],[12.967465124924862,48.61128616387315],[12.994280679271064,48.60061565040858],[12.983371644812333,48.585570276142725],[13.021389102447458,48.57930187539757],[13.000575130844835,48.53390781900722],[13.066951083711226,48.55311546754711],[13.106316976983129,48.540295266674796],[13.097339873819294,48.53685699777023],[13.09323870959044,48.4895166345916],[13.116474660290256,48.48804950622503],[13.117595827177007,48.44806910463837],[13.16845620379573,48.42775859051916],[13.174656375549214,48.41463464068686],[13.146343760742367,48.39776624388927],[13.09923209618575,48.390604500586605],[13.08382665945286,48.36699127494481],[13.109466149233093,48.341659445175964],[13.120616330521672,48.34721153966735],[13.152949556381738,48.339488147642825],[13.176941735586777,48.294452217992806],[13.127472605624634,48.27826733005628],[13.081441994158503,48.27737895338973],[13.022856980015487,48.25823178816412],[12.966156782982509,48.2141444807152],[12.94434451322633,48.20673231949417],[12.910619090025016,48.22141376752185],[12.879314775634576,48.267101478636384],[12.822714694125935,48.31507770200229],[12.783312213576501,48.3277313407311],[12.731159687826137,48.32579282891355],[12.688926647284784,48.342755604405546],[12.669715184752661,48.34012769664611],[12.666700705499196,48.331397474271164],[12.615546789189098,48.34117873849827],[12.607337909311376,48.353662297924906],[12.591603157981561,48.38657801130695],[12.538233217793472,48.41583344806454],[12.483823212881369,48.42953529881823],[12.470576318612997,48.486519421283724],[12.498613858437674,48.4919532290711],[12.509465473706152,48.5031200261957],[12.508271612059245,48.51535596680354],[12.495074275614005,48.51634269173746],[12.48358528482461,48.53368637993652],[12.508798372764035,48.54384221179322],[12.486720249303227,48.55967149377243],[12.440014404064238,48.55723318720266],[12.410509490003047,48.54186966512938],[12.348837668174758,48.571651563035466],[12.364804730447592,48.62878816428246],[12.394033275763821,48.64587635098661],[12.390985360839931,48.674823267410694],[12.376102895506039,48.684302124560745],[12.348607820517856,48.68608836862964],[12.329004651281329,48.72149155316391],[12.39747620151045,48.75765405449751],[12.431623118008742,48.76654909727428],[12.441448672266105,48.75584669012672],[12.493557527846828,48.762288869848526],[12.535132043171988,48.75139195693733],[12.536958733261827,48.71601443521763],[12.545702067462823,48.727372502299616],[12.63105736460473,48.733972791164824],[12.698256252855133,48.75825548398432],[12.75294563958291,48.7994364920005]]]}},{"type":"Feature","properties":{"wkr_nr":231,"wkr_name":"Straubing","state_name":"Bayern","elected_party":"csu","elected_party_share":0.6123,"zweitstimme_top_party":"csu","zweitstimme_top_share":0.5779,"turnout":0.641854603419404,"eligible_voters":173773.0,"erststimme_top6":[["csu",0.6123],["spd",0.1758],["freie_wahler",0.0346],["afd",0.0332],["gruene",0.0325],["odp",0.029]],"zweitstimme_top6":[["csu",0.5779],["spd",0.1609],["fdp",0.0421],["afd",0.0396],["gruene",0.0391],["freie_wahler",0.0377]]},"geometry":{"type":"Polygon","coordinates":[[[12.767752548930666,49.114721657554306],[12.763410994309714,49.12368584984795],[12.78528086956983,49.134800373115866],[12.801889181544809,49.12449380136395],[12.879354414142961,49.13755656418723],[12.89904666835452,49.12745281410347],[12.944704346755262,49.1401512672695],[12.97437116249842,49.16123787276447],[13.004407835777576,49.16121067332701],[13.048122523479984,49.15529906124709],[13.06534713369256,49.14629915354684],[13.068497013508658,49.12944125069431],[13.13338151770387,49.111736264236185],[13.13487923955968,49.12628780209128],[13.170885641308153,49.173066547828334],[13.170107154205354,49.14389151131342],[13.210693929414248,49.12139763013471],[13.235925907398633,49.11372051201653],[13.282326160268962,49.12054000671701],[13.344309964440688,49.08886195554585],[13.397222354709438,49.04424187947427],[13.409472705022687,49.00312624605894],[13.402726618979722,48.98737741778834],[13.417310315081135,48.97968836320759],[13.371547086534083,48.98318701402262],[13.331830343030202,48.94696676529781],[13.279464979038368,48.95056688470365],[13.290404457642353,48.91825310343253],[13.28212726744283,48.87367759519362],[13.22213826773101,48.857127913265145],[13.195098093285731,48.862741240954975],[13.194378978329558,48.87310968603874],[13.12396983381535,48.887970296832705],[13.061658574616429,48.88186438574737],[13.013830914001966,48.920690204692534],[13.028448724209248,48.92307100012726],[13.027500734118632,48.93680138542654],[13.008457073643115,48.94957659020915],[12.964631482888597,48.948886534032745],[12.945032683030623,48.931205518337556],[12.913241384273732,48.93601434523381],[12.891276574971748,48.9545649419103],[12.863821112290843,48.94459366898219],[12.856388531201874,48.92869568184119],[12.875734879275965,48.90978778225812],[12.835403209760466,48.8894225891041],[12.848809374946349,48.83970539221052],[12.820491248704586,48.82361003733174],[12.769571186288239,48.832560954405565],[12.750251647985799,48.81948203240687],[12.769903529857759,48.80575174065114],[12.764078714440524,48.79790050504912],[12.75294563958291,48.7994364920005],[12.698256252855133,48.75825548398432],[12.63105736460473,48.733972791164824],[12.545702067462823,48.727372502299616],[12.536958733261827,48.71601443521763],[12.535132043171988,48.75139195693733],[12.493557527846828,48.762288869848526],[12.441448672266105,48.75584669012672],[12.431623118008742,48.76654909727428],[12.39747620151045,48.75765405449751],[12.329004651281329,48.72149155316391],[12.307029784857749,48.725238574032865],[12.297914947005058,48.747353783302756],[12.269505148731078,48.73596677076968],[12.262248472754335,48.72220075331306],[12.224880645818558,48.72571296355509],[12.133700034680306,48.7660838454761],[12.12989172513124,48.779724058751626],[12.223446222357628,48.81020673355516],[12.24569818032465,48.830400138949145],[12.314000859922063,48.86321574136866],[12.34255053981892,48.86000062135397],[12.371823405692638,48.84667133533187],[12.418697396087635,48.87528561628876],[12.425817934723835,48.89943122997213],[12.444280853553789,48.91670127401187],[12.442605036712367,48.9693359521273],[12.453758208680442,48.982472853716885],[12.483431223081952,48.974982033131894],[12.488403874735578,48.97998732244479],[12.479993322937325,49.03147002527844],[12.47320812621016,49.03987724334072],[12.492203180924566,49.06098212676657],[12.554528522465644,49.0895543230043],[12.622130314916511,49.10477604809029],[12.672774284071046,49.10298416645607],[12.767752548930666,49.114721657554306]]]}},{"type":"Feature","properties":{"wkr_nr":232,"wkr_name":"Amberg","state_name":"Bayern","elected_party":"csu","elected_party_share":0.5837,"zweitstimme_top_party":"csu","zweitstimme_top_share":0.5348,"turnout":0.701946585109647,"eligible_voters":215146.0,"erststimme_top6":[["csu",0.5837],["spd",0.2091],["gruene",0.0493],["freie_wahler",0.0383],["linke_pds",0.0328],["odp",0.0256]],"zweitstimme_top6":[["csu",0.5348],["spd",0.1939],["gruene",0.0601],["freie_wahler",0.0379],["fdp",0.0376],["afd",0.0352]]},"geometry":{"type":"Polygon","coordinates":[[[11.63161572020761,49.76065304069321],[11.631335815278742,49.759518721066755],[11.660627240332383,49.7021179136955],[11.640915132700089,49.62964708743061],[11.73727678755144,49.62388918926609],[11.779105678256363,49.64915592602219],[11.809365316454539,49.653657225547875],[11.875255040056107,49.634554962281925],[11.913050545992053,49.644329958297355],[11.974290776961523,49.64020935116802],[11.993321818223668,49.60446707255327],[11.98694431977939,49.584699503219426],[11.998438013433832,49.57659983612538],[12.071237272519292,49.57815087804277],[12.12252709332525,49.557201531762004],[12.115954122573426,49.54807756790351],[12.088070542680956,49.542994225718026],[12.072825626661453,49.5297306870517],[12.093796497440875,49.48889059677314],[12.074143094426692,49.48406997615814],[12.065743232039821,49.494843449984145],[12.030405838986848,49.492555641346115],[12.041766209471533,49.46070003027914],[12.032976028881244,49.429676684472675],[11.977027577690528,49.43676455058641],[11.977385074739473,49.42226095987841],[11.999351208476044,49.398075484568245],[12.061674710290964,49.38896493135197],[12.053347410669089,49.37860620042589],[12.063223492523713,49.35330477044668],[11.994050478333184,49.35185246039999],[12.001153100829297,49.34234062141018],[11.96656203511645,49.30450434541178],[11.97744377474183,49.250183268843216],[11.946457907143971,49.240961695625906],[11.941740121565315,49.22805904053815],[11.95473884650512,49.214849006581105],[11.936338372478053,49.22004057416025],[11.935893266539257,49.19513713202735],[11.906640049808365,49.17328306287198],[11.861383415956709,49.170390619073025],[11.861783446224726,49.15549284205501],[11.84154908069414,49.15333036886704],[11.81027776960627,49.174340785927036],[11.799424046223638,49.169413951093524],[11.750978245428753,49.10464535227473],[11.700207564643447,49.09478909904777],[11.675487339457431,49.078126416122515],[11.660108429248474,49.016013594072355],[11.644482315285135,49.00419843420989],[11.619454001959822,49.00831100956059],[11.599376122303935,48.951312729347],[11.522097428598082,49.02907536160198],[11.544721031414278,49.0641519964472],[11.53830476168863,49.069768696410605],[11.503632466182498,49.07706380763232],[11.48704993437163,49.06346715272885],[11.436742075981849,49.065231123674366],[11.385667514206675,49.07862735721483],[11.355297083231914,49.11683690854109],[11.32292945760533,49.11914464365613],[11.328067027748757,49.143108023054225],[11.31367235959324,49.17830448733554],[11.26927218865126,49.18870267391015],[11.265408444368768,49.19574090307672],[11.262920447357397,49.211256016178766],[11.311938476605288,49.20716703227005],[11.277770335483238,49.25351043607162],[11.292056668953911,49.26704419270452],[11.274715355638362,49.273683844142035],[11.204637177531954,49.274398670180254],[11.185834046071362,49.3003465012426],[11.247206706909175,49.32530459816118],[11.335376989095941,49.303082153014586],[11.382039767354838,49.326287911482886],[11.405047030757009,49.37402476344046],[11.464418559887738,49.42177293775206],[11.538379059548074,49.40895552021125],[11.558413437899986,49.41975626595742],[11.55634292458018,49.431023020460145],[11.595832824936378,49.47439844990367],[11.588023931611431,49.4845953703386],[11.53368608153139,49.507378397147455],[11.545174567685631,49.516813504216984],[11.549136364751867,49.544473038344506],[11.51091960949256,49.55327328867336],[11.554357947788437,49.564480520108795],[11.572074786122045,49.57993725876309],[11.56056032818822,49.61251283633851],[11.58802998623586,49.61424963313263],[11.59997696843477,49.62280518999359],[11.598814652622602,49.63938314644966],[11.573545100118293,49.644506430378264],[11.563379908792477,49.655796245403614],[11.575585934135459,49.66395954843973],[11.557773383319196,49.70248527527995],[11.559219446353191,49.71445134528684],[11.595675583631023,49.735482095600226],[11.593881101476228,49.753288650269944],[11.63161572020761,49.76065304069321]]]}},{"type":"Feature","properties":{"wkr_nr":233,"wkr_name":"Regensburg","state_name":"Bayern","elected_party":"csu","elected_party_share":0.4846,"zweitstimme_top_party":"csu","zweitstimme_top_share":0.4838,"turnout":0.691077887629612,"eligible_voters":248820.0,"erststimme_top6":[["csu",0.4846],["spd",0.2201],["gruene",0.0833],["freie_wahler",0.0457],["fdp",0.04],["afd",0.0365]],"zweitstimme_top6":[["csu",0.4838],["spd",0.1928],["gruene",0.0924],["fdp",0.0459],["afd",0.041],["freie_wahler",0.0404]]},"geometry":{"type":"Polygon","coordinates":[[[12.187691719545722,49.20552642818078],[12.194654123319763,49.18527790937986],[12.247163161179502,49.154878703454656],[12.287260068302906,49.16654471007746],[12.311385508029199,49.15233952565388],[12.321767934149824,49.090598138378034],[12.361941446888881,49.0884526186072],[12.396558288390139,49.10220545852025],[12.420186291773641,49.09612198970614],[12.438429890614938,49.05836520715929],[12.429136397752716,49.04703495234424],[12.460262066927243,49.02932777435061],[12.479993322937325,49.03147002527844],[12.488403874735578,48.97998732244479],[12.483431223081952,48.974982033131894],[12.453758208680442,48.982472853716885],[12.442605036712367,48.9693359521273],[12.444280853553789,48.91670127401187],[12.425817934723835,48.89943122997213],[12.418697396087635,48.87528561628876],[12.371823405692638,48.84667133533187],[12.34255053981892,48.86000062135397],[12.314000859922063,48.86321574136866],[12.24569818032465,48.830400138949145],[12.223446222357628,48.81020673355516],[12.12989172513124,48.779724058751626],[12.133700034680306,48.7660838454761],[12.097628156900493,48.772253706666994],[12.096892675523899,48.790526458010426],[12.108737848438272,48.80304209422916],[12.09863431038535,48.8432470876982],[12.108840481107741,48.85972145781548],[12.129898119409237,48.86201550280052],[12.13379950638923,48.876804385377945],[12.1211192564286,48.89834766879345],[12.06020879140225,48.94292420937232],[12.01424822675682,48.95351180774175],[11.94734610935162,48.948072835161334],[11.925594050659559,48.95404639510286],[11.930811111004914,48.96444678470825],[11.91288682798635,48.98843105999562],[11.863203753148044,49.02268140093111],[11.807208839502826,49.01875603376271],[11.7652720314991,48.982036066761935],[11.713953621346903,49.0148767699318],[11.6925885727761,49.02151805230955],[11.660108429248474,49.016013594072355],[11.675487339457431,49.078126416122515],[11.700207564643447,49.09478909904777],[11.750978245428753,49.10464535227473],[11.799424046223638,49.169413951093524],[11.81027776960627,49.174340785927036],[11.84154908069414,49.15333036886704],[11.861783446224726,49.15549284205501],[11.861383415956709,49.170390619073025],[11.906640049808365,49.17328306287198],[11.935893266539257,49.19513713202735],[11.96340237484121,49.183253816266706],[11.987143573445948,49.182768056678256],[12.028937266537074,49.15946543686428],[12.098232866264174,49.143386953625814],[12.15534430494549,49.18414168901482],[12.145498561987845,49.209715939463656],[12.175301247258416,49.22326124775497],[12.187691719545722,49.20552642818078]]]}},{"type":"Feature","properties":{"wkr_nr":234,"wkr_name":"Schwandorf","state_name":"Bayern","elected_party":"csu","elected_party_share":0.5769,"zweitstimme_top_party":"csu","zweitstimme_top_share":0.5469,"turnout":0.65328644247166,"eligible_voters":216389.0,"erststimme_top6":[["csu",0.5769],["spd",0.2478],["freie_wahler",0.0466],["gruene",0.0322],["linke_pds",0.0273],["bp",0.0212]],"zweitstimme_top6":[["csu",0.5469],["spd",0.1936],["freie_wahler",0.0491],["gruene",0.0424],["fdp",0.0336],["afd",0.0327]]},"geometry":{"type":"Polygon","coordinates":[[[12.115954122573426,49.54807756790351],[12.129654796764953,49.56190479759681],[12.184565670738925,49.56981146292969],[12.183217087113952,49.583459147313256],[12.20040050824198,49.58998862539499],[12.227757774531373,49.58866087409656],[12.246694587453836,49.57477666825507],[12.236231543791586,49.56363934272785],[12.24469684759971,49.55299971404913],[12.257403453013728,49.54423228737471],[12.30016652960625,49.53689830618545],[12.298359661406964,49.52019441696583],[12.336627559867683,49.51113747521191],[12.404653948449472,49.53278663496687],[12.43072548899882,49.52870458333938],[12.483912252901616,49.54710646227013],[12.5938568204712,49.542114573666495],[12.588538685647936,49.53843793537941],[12.60225899461386,49.53232556150156],[12.641263975044561,49.52686047191929],[12.64386539647116,49.48498216989681],[12.633565451994567,49.476122509493216],[12.648673792496815,49.4684503760129],[12.656368308182039,49.43486895675115],[12.713508088312492,49.419514208708506],[12.757253551120598,49.39510547018301],[12.758022610559452,49.37542203497277],[12.778750764602458,49.348145030320104],[12.87691048138139,49.33247972604815],[12.888864103939225,49.33323549439298],[12.880156216653438,49.350410229667546],[12.945280295185002,49.34379473215957],[13.029014669415266,49.30458620918539],[13.047395827051037,49.263710976702846],[13.114139738208934,49.21831773693407],[13.124979277441911,49.19739473756756],[13.170885641308153,49.173066547828334],[13.13487923955968,49.12628780209128],[13.13338151770387,49.111736264236185],[13.068497013508658,49.12944125069431],[13.06534713369256,49.14629915354684],[13.048122523479984,49.15529906124709],[13.004407835777576,49.16121067332701],[12.97437116249842,49.16123787276447],[12.944704346755262,49.1401512672695],[12.89904666835452,49.12745281410347],[12.879354414142961,49.13755656418723],[12.801889181544809,49.12449380136395],[12.78528086956983,49.134800373115866],[12.763410994309714,49.12368584984795],[12.767752548930666,49.114721657554306],[12.672774284071046,49.10298416645607],[12.622130314916511,49.10477604809029],[12.554528522465644,49.0895543230043],[12.492203180924566,49.06098212676657],[12.47320812621016,49.03987724334072],[12.479993322937325,49.03147002527844],[12.460262066927243,49.02932777435061],[12.429136397752716,49.04703495234424],[12.438429890614938,49.05836520715929],[12.420186291773641,49.09612198970614],[12.396558288390139,49.10220545852025],[12.361941446888881,49.0884526186072],[12.321767934149824,49.090598138378034],[12.311385508029199,49.15233952565388],[12.287260068302906,49.16654471007746],[12.247163161179502,49.154878703454656],[12.194654123319763,49.18527790937986],[12.187691719545722,49.20552642818078],[12.175301247258416,49.22326124775497],[12.145498561987845,49.209715939463656],[12.15534430494549,49.18414168901482],[12.098232866264174,49.143386953625814],[12.028937266537074,49.15946543686428],[11.987143573445948,49.182768056678256],[11.96340237484121,49.183253816266706],[11.935893266539257,49.19513713202735],[11.936338372478053,49.22004057416025],[11.95473884650512,49.214849006581105],[11.941740121565315,49.22805904053815],[11.946457907143971,49.240961695625906],[11.97744377474183,49.250183268843216],[11.96656203511645,49.30450434541178],[12.001153100829297,49.34234062141018],[11.994050478333184,49.35185246039999],[12.063223492523713,49.35330477044668],[12.053347410669089,49.37860620042589],[12.061674710290964,49.38896493135197],[11.999351208476044,49.398075484568245],[11.977385074739473,49.42226095987841],[11.977027577690528,49.43676455058641],[12.032976028881244,49.429676684472675],[12.041766209471533,49.46070003027914],[12.030405838986848,49.492555641346115],[12.065743232039821,49.494843449984145],[12.074143094426692,49.48406997615814],[12.093796497440875,49.48889059677314],[12.072825626661453,49.5297306870517],[12.088070542680956,49.542994225718026],[12.115954122573426,49.54807756790351]]]}},{"type":"Feature","properties":{"wkr_nr":235,"wkr_name":"Weiden","state_name":"Bayern","elected_party":"csu","elected_party_share":0.5512,"zweitstimme_top_party":"csu","zweitstimme_top_share":0.5278,"turnout":0.697775273909497,"eligible_voters":170403.0,"erststimme_top6":[["csu",0.5512],["spd",0.2197],["other",0.0457],["gruene",0.0385],["freie_wahler",0.0354],["linke_pds",0.0265]],"zweitstimme_top6":[["csu",0.5278],["spd",0.225],["gruene",0.0431],["freie_wahler",0.0362],["afd",0.036],["linke_pds",0.0338]]},"geometry":{"type":"Polygon","coordinates":[[[11.903178240834272,49.97900143582553],[11.914002739961616,49.97069306924835],[12.061778998206593,49.988645292328734],[12.109068078286201,49.98103409248551],[12.191914833979773,50.00087536015376],[12.198220279165412,50.03331557296738],[12.240757029565517,50.035525949023416],[12.260926261821384,50.05832919752579],[12.279094408653043,50.056496127390375],[12.318020260904719,50.05305221518421],[12.367523709684045,50.01761755668467],[12.428536723012344,49.992740343198285],[12.489740660857416,49.98178302507797],[12.499447741132352,49.97203266532934],[12.470313277460985,49.94892506594911],[12.475277087998123,49.93810030826152],[12.548025210498833,49.92011133658371],[12.548448813167871,49.89869884544905],[12.48617648865698,49.84167654491881],[12.467281974213735,49.785692507766164],[12.401748590004807,49.75822173914464],[12.40628660811332,49.73987084167382],[12.442726765673443,49.70380163496814],[12.521948280471213,49.6864211803761],[12.527158479882207,49.670313602796504],[12.517376999838035,49.64489950785282],[12.5281842422973,49.61821205700193],[12.56080367967812,49.61969717569923],[12.57423265311169,49.559333444768235],[12.5938568204712,49.542114573666495],[12.483912252901616,49.54710646227013],[12.43072548899882,49.52870458333938],[12.404653948449472,49.53278663496687],[12.336627559867683,49.51113747521191],[12.298359661406964,49.52019441696583],[12.30016652960625,49.53689830618545],[12.257403453013728,49.54423228737471],[12.24469684759971,49.55299971404913],[12.236231543791586,49.56363934272785],[12.246694587453836,49.57477666825507],[12.227757774531373,49.58866087409656],[12.20040050824198,49.58998862539499],[12.183217087113952,49.583459147313256],[12.184565670738925,49.56981146292969],[12.129654796764953,49.56190479759681],[12.115954122573426,49.54807756790351],[12.12252709332525,49.557201531762004],[12.071237272519292,49.57815087804277],[11.998438013433832,49.57659983612538],[11.98694431977939,49.584699503219426],[11.993321818223668,49.60446707255327],[11.974290776961523,49.64020935116802],[11.913050545992053,49.644329958297355],[11.875255040056107,49.634554962281925],[11.809365316454539,49.653657225547875],[11.779105678256363,49.64915592602219],[11.73727678755144,49.62388918926609],[11.640915132700089,49.62964708743061],[11.660627240332383,49.7021179136955],[11.631335815278742,49.759518721066755],[11.63161572020761,49.76065304069321],[11.635625812077208,49.803861711989974],[11.677748114449608,49.806702738621276],[11.737355426889858,49.840223964418406],[11.789161270095342,49.8365987460651],[11.827175984271904,49.841703986230634],[11.837376705105985,49.851983529748814],[11.855081252070729,49.84708813832294],[11.8478718618021,49.89219490529346],[11.828794806790373,49.934239361505576],[11.812240119140725,49.93288863089144],[11.811272997326526,49.96108217069995],[11.89875421140943,49.969557681715074],[11.903178240834272,49.97900143582553]]]}},{"type":"Feature","properties":{"wkr_nr":236,"wkr_name":"Bamberg","state_name":"Bayern","elected_party":"csu","elected_party_share":0.5221,"zweitstimme_top_party":"csu","zweitstimme_top_share":0.4887,"turnout":0.705129416472602,"eligible_voters":179923.0,"erststimme_top6":[["csu",0.5221],["spd",0.2288],["gruene",0.0817],["linke_pds",0.0347],["fdp",0.0338],["afd",0.0335]],"zweitstimme_top6":[["csu",0.4887],["spd",0.1979],["gruene",0.0895],["fdp",0.0482],["afd",0.0414],["linke_pds",0.0408]]},"geometry":{"type":"Polygon","coordinates":[[[10.837005172905705,49.97023190674452],[10.855167386031532,49.94344609793323],[10.870243382242215,49.940200717770885],[10.893837487195709,49.96019517461418],[10.916540702262381,49.96538638507725],[10.9325949032175,49.960568279614286],[10.946642403216408,49.942960848273906],[10.905444883390816,49.944155142508016],[10.912613082123134,49.926858440348155],[10.931264906757422,49.9195587658694],[10.953350589547547,49.92400073842326],[10.997556416094234,49.89824391360017],[11.03240631897097,49.89366801401007],[11.066160369435032,49.90261988573134],[11.048963671371272,49.90814692878357],[11.070420268178587,49.90431196490839],[11.099413240049298,49.84657977226671],[11.095600037760574,49.83743887571676],[11.104899785338384,49.83523884163995],[11.135370943959849,49.837804229218264],[11.150615121467679,49.81633500580402],[11.118377815614291,49.78395032923154],[11.120711527806343,49.76660230922364],[11.206069572378127,49.71406652377883],[11.223470781143108,49.67710200753057],[11.223647202517041,49.67140910173822],[11.187055871174389,49.65830678818687],[11.258381324809953,49.619957916666436],[11.287720424224132,49.618525523988716],[11.280393108189738,49.603735696255335],[11.263651925647972,49.606852709479845],[11.180042686695769,49.58735006894275],[11.120721801472834,49.590355969208154],[11.087501799003482,49.60010942612985],[11.041288948655636,49.675329120518995],[10.922092445110282,49.70671416226404],[10.923380661708677,49.713748472627],[10.940386128103743,49.7164382873685],[10.942211335089558,49.72692291401446],[10.92655183043801,49.767661202904904],[10.915342236020063,49.78225138340148],[10.872473018217008,49.770973550256464],[10.825570714157092,49.745124717865],[10.800578720162603,49.747350666601285],[10.739323055544007,49.77758255312241],[10.715183204095618,49.78794881990259],[10.68115838787298,49.76687558468555],[10.671802730993948,49.75673779931293],[10.698265784927063,49.74742815720911],[10.692096413826413,49.731725843788915],[10.654275677172816,49.72112713894248],[10.63891332037718,49.74162407943036],[10.618003501508586,49.73906787977746],[10.555947061487505,49.7535455190275],[10.551152311359235,49.755759639444804],[10.5546402506215,49.7701015891566],[10.528203591805397,49.78941800899978],[10.469549485497676,49.786409973396275],[10.448609693392672,49.822248261031554],[10.442434810256376,49.84716703007093],[10.459292455985675,49.87885057869156],[10.502265091752141,49.87134971407186],[10.50530372647905,49.87657704064262],[10.55499632434483,49.87726302968974],[10.561165260776503,49.86574344463569],[10.605043103339739,49.85527964925495],[10.663067857377971,49.89113819641302],[10.684351899619793,49.88506951082378],[10.694185632007411,49.89017887491291],[10.691566886311884,49.91257559302217],[10.707377378456785,49.925110751230754],[10.714245032408977,49.922089758381304],[10.767774610251083,49.88955775773592],[10.833220721212554,49.880968235426664],[10.838670927210053,49.9159328328577],[10.83526629487644,49.9475977294644],[10.815405633284016,49.96464802101442],[10.833552413353315,49.97473803361595],[10.837005172905705,49.97023190674452]]]}},{"type":"Feature","properties":{"wkr_nr":237,"wkr_name":"Bayreuth","state_name":"Bayern","elected_party":"csu","elected_party_share":0.5585,"zweitstimme_top_party":"csu","zweitstimme_top_share":0.4952,"turnout":0.701695100347028,"eligible_voters":164828.0,"erststimme_top6":[["csu",0.5585],["spd",0.2563],["gruene",0.0628],["afd",0.0312],["linke_pds",0.0284],["fdp",0.0274]],"zweitstimme_top6":[["csu",0.4952],["spd",0.2324],["gruene",0.068],["fdp",0.0482],["afd",0.0386],["linke_pds",0.033]]},"geometry":{"type":"Polygon","coordinates":[[[11.678213294253855,50.12455764657221],[11.707271059928363,50.125585251579935],[11.745329623619039,50.11673517104258],[11.775855959884986,50.12663721309074],[11.78897437906781,50.103334433703104],[11.818402523713482,50.08807835871905],[11.806555911395625,50.070046012006515],[11.833781958521701,50.06326694865141],[11.866795255268219,50.042490734332546],[11.873647050757413,50.03237036720312],[11.858836345556462,50.023468625855486],[11.899775149499604,49.998430873669754],[11.903178240834272,49.97900143582553],[11.89875421140943,49.969557681715074],[11.811272997326526,49.96108217069995],[11.812240119140725,49.93288863089144],[11.828794806790373,49.934239361505576],[11.8478718618021,49.89219490529346],[11.855081252070729,49.84708813832294],[11.837376705105985,49.851983529748814],[11.827175984271904,49.841703986230634],[11.789161270095342,49.8365987460651],[11.737355426889858,49.840223964418406],[11.677748114449608,49.806702738621276],[11.635625812077208,49.803861711989974],[11.63161572020761,49.76065304069321],[11.593881101476228,49.753288650269944],[11.595675583631023,49.735482095600226],[11.559219446353191,49.71445134528684],[11.557773383319196,49.70248527527995],[11.55752699731144,49.64241541640923],[11.50031086243301,49.64848824502362],[11.426422362190149,49.61385638160271],[11.398006790622329,49.625004052185716],[11.377661473952745,49.668803398778266],[11.3686958657133,49.66669861155138],[11.344385254960043,49.660704797701825],[11.33218487132377,49.63957368930206],[11.287720424224132,49.618525523988716],[11.258381324809953,49.619957916666436],[11.187055871174389,49.65830678818687],[11.223647202517041,49.67140910173822],[11.223470781143108,49.67710200753057],[11.206069572378127,49.71406652377883],[11.120711527806343,49.76660230922364],[11.118377815614291,49.78395032923154],[11.150615121467679,49.81633500580402],[11.135370943959849,49.837804229218264],[11.141246795021866,49.84485816024065],[11.16792417691434,49.8450190096903],[11.188175324491857,49.836031608867096],[11.230334011758918,49.84079279252619],[11.225813802192791,49.857645441299404],[11.238581794373342,49.871008650957734],[11.19022666506965,49.88589492158994],[11.195062041196866,49.908861250512984],[11.211630705425154,49.9249591572634],[11.216784429708893,49.962606611295946],[11.249893208783357,49.979237007409886],[11.246260535381216,49.98959337211249],[11.256977774956356,49.99999029908676],[11.283894879340492,49.9880419285425],[11.305537996507791,49.96342381129635],[11.38465544243864,49.93373487993459],[11.420489918565815,49.95991161620591],[11.418686680777565,49.989049431959806],[11.433950901074308,49.9920215572346],[11.467032210997727,49.98371323735957],[11.536880953627715,49.99942763568998],[11.595750476865607,50.01833170153463],[11.63764238684825,50.04494755704763],[11.635013182329493,50.072199461663054],[11.68156506309081,50.08860011941205],[11.678213294253855,50.12455764657221]]]}},{"type":"Feature","properties":{"wkr_nr":238,"wkr_name":"Coburg","state_name":"Bayern","elected_party":"csu","elected_party_share":0.501,"zweitstimme_top_party":"csu","zweitstimme_top_share":0.4672,"turnout":0.695664665871345,"eligible_voters":160103.0,"erststimme_top6":[["csu",0.501],["spd",0.3242],["gruene",0.0387],["linke_pds",0.0333],["afd",0.0285],["freie_wahler",0.0264]],"zweitstimme_top6":[["csu",0.4672],["spd",0.2782],["gruene",0.0572],["afd",0.0429],["fdp",0.0405],["linke_pds",0.04]]},"geometry":{"type":"Polygon","coordinates":[[[11.265851657729993,50.47902741866635],[11.320285231719417,50.48872007567143],[11.326998900541556,50.50970966897196],[11.343821135413204,50.52079959522189],[11.379718723265865,50.52044302453629],[11.423554224323475,50.5160178436617],[11.440864702091492,50.50108890256592],[11.421443990842059,50.485954909656826],[11.421378052773358,50.44284044468221],[11.451215523572973,50.43102549640507],[11.478165930401449,50.43274327929699],[11.495646501508727,50.399507678285374],[11.52940578256366,50.37796447274954],[11.558295787664285,50.3833136102768],[11.573260031689626,50.40020440755474],[11.603566814286683,50.398516828781965],[11.610451451458786,50.38838152140151],[11.579704967606995,50.36368587849752],[11.538996364411982,50.35354248344124],[11.529324002732315,50.32722692679704],[11.55326061924643,50.30912273395108],[11.562569307566392,50.287874672644094],[11.536789876146015,50.27603322527928],[11.541989050000216,50.265632157369794],[11.486825167760152,50.25019354292511],[11.422779644469633,50.20779285582036],[11.41706511065219,50.19872970403],[11.434619048448566,50.183487271564005],[11.39642466295837,50.175734495491454],[11.382227956083408,50.18696644929306],[11.393059387710974,50.19191057071774],[11.375790784742685,50.19230833295982],[11.362249922349095,50.18444774058452],[11.360690131435549,50.166522598074174],[11.342448774400184,50.16040737343106],[11.283087537785695,50.16058451741877],[11.241300734376608,50.185440662709446],[11.233657910353905,50.20062742715666],[11.198249214157848,50.20182678844504],[11.172047580076272,50.185644242382985],[11.034058661136246,50.21893591901998],[10.985452918066207,50.21251684857543],[11.00895181605368,50.19393337610855],[11.007861044633957,50.17744034145069],[10.964697466294066,50.17320985852055],[10.928900538185056,50.1508850832534],[10.922743925726728,50.143156171121234],[10.948409404267817,50.122651165067275],[10.937209096060167,50.112629846462625],[10.91444744302364,50.119058837185534],[10.890575126599762,50.11110428018702],[10.885023752014535,50.09271080303173],[10.86050499980054,50.09181393324878],[10.870701192973181,50.13660895760947],[10.84567653060261,50.150208122890874],[10.804015795702638,50.141200372502595],[10.77716664691382,50.14925456224365],[10.780336288355956,50.1943210135355],[10.760617095610788,50.2213483344346],[10.72933004538292,50.23005482860708],[10.732339098376606,50.25141903497162],[10.835838538318287,50.23923387536574],[10.848372100279336,50.24541786282713],[10.851280662024093,50.264679052408155],[10.804710961090692,50.27944819758592],[10.74194042476958,50.31591725913388],[10.715859718173213,50.320977815488384],[10.715659567090148,50.363674218343654],[10.754750695378501,50.35814664224352],[10.789929937146237,50.38235319218616],[10.830609198068801,50.39273804842645],[10.89902375547038,50.38454329571913],[10.934388050568275,50.3923596040249],[10.945402226034412,50.38644766190791],[10.982596319961035,50.35189263808559],[10.994200948069011,50.35345745112187],[10.994919114747498,50.365180532337206],[11.008410846328333,50.365013395150704],[11.032774748792768,50.35490771132761],[11.037109346358058,50.345267381005165],[11.081910141014001,50.35372646713365],[11.08982698089102,50.365912039797635],[11.11486766996445,50.367214996252635],[11.159517193086144,50.330301676084964],[11.132153917940208,50.31179038806725],[11.132230417871268,50.300280530709074],[11.175685521296616,50.269072771220074],[11.189607102652703,50.270544439757096],[11.197209245367551,50.29156259413532],[11.248081900163063,50.26679136828116],[11.258433999635534,50.27365224124534],[11.251910921710044,50.29334537207806],[11.2613987424775,50.337875384560256],[11.266405757382572,50.351835922325265],[11.284202213606719,50.36066418863808],[11.258671116572456,50.39988462618135],[11.267823320822048,50.434632201724426],[11.246350086255854,50.44913447248868],[11.247484739652574,50.478147981750276],[11.265851657729993,50.47902741866635]]]}},{"type":"Feature","properties":{"wkr_nr":239,"wkr_name":"Hof","state_name":"Bayern","elected_party":"csu","elected_party_share":0.5511,"zweitstimme_top_party":"csu","zweitstimme_top_share":0.4694,"turnout":0.68075087787637,"eligible_voters":174569.0,"erststimme_top6":[["csu",0.5511],["spd",0.2865],["gruene",0.0548],["linke_pds",0.0447],["afd",0.0354],["npd",0.0146]],"zweitstimme_top6":[["csu",0.4694],["spd",0.267],["gruene",0.0537],["linke_pds",0.0478],["afd",0.0434],["fdp",0.0376]]},"geometry":{"type":"Polygon","coordinates":[[[11.921310857911042,50.42473991928636],[11.921487270695788,50.423692908061625],[11.935425047955693,50.42267631608515],[11.983460657501553,50.38985616763351],[11.973084041657758,50.35223591262253],[12.1008213467407,50.31866058820278],[12.140034103632209,50.27780393880221],[12.090606718946072,50.25238703403473],[12.126948798750453,50.23244685544939],[12.151307736386562,50.23573220306147],[12.160617719486524,50.2198946683393],[12.215763708644088,50.16811345245922],[12.195250936997953,50.143039445230286],[12.200091072312828,50.110487604556425],[12.210604699786405,50.10181892989448],[12.229010126091127,50.10228495575762],[12.266756521299127,50.078399383653824],[12.260926261821384,50.05832919752579],[12.240757029565517,50.035525949023416],[12.198220279165412,50.03331557296738],[12.191914833979773,50.00087536015376],[12.109068078286201,49.98103409248551],[12.061778998206593,49.988645292328734],[11.914002739961616,49.97069306924835],[11.903178240834272,49.97900143582553],[11.899775149499604,49.998430873669754],[11.858836345556462,50.023468625855486],[11.873647050757413,50.03237036720312],[11.866795255268219,50.042490734332546],[11.833781958521701,50.06326694865141],[11.806555911395625,50.070046012006515],[11.818402523713482,50.08807835871905],[11.78897437906781,50.103334433703104],[11.775855959884986,50.12663721309074],[11.745329623619039,50.11673517104258],[11.707271059928363,50.125585251579935],[11.678213294253855,50.12455764657221],[11.655785822501974,50.1151832473368],[11.64317809572008,50.126259020869824],[11.648087897172207,50.139399602672086],[11.678417260479348,50.13791901491014],[11.68978135507765,50.15864875925118],[11.660186720316705,50.17642425962707],[11.655140906933406,50.22107236765733],[11.63449191862762,50.23121888710596],[11.609979960850772,50.23256485755212],[11.608002493815764,50.25963622789037],[11.627022989173543,50.263224227210785],[11.604763430374591,50.2685281600468],[11.579585303399712,50.25530651738169],[11.541989050000216,50.265632157369794],[11.536789876146015,50.27603322527928],[11.562569307566392,50.287874672644094],[11.55326061924643,50.30912273395108],[11.529324002732315,50.32722692679704],[11.538996364411982,50.35354248344124],[11.579704967606995,50.36368587849752],[11.610451451458786,50.38838152140151],[11.603566814286683,50.398516828781965],[11.625963797366321,50.38671422785138],[11.714102843517887,50.39659384601329],[11.795062108101423,50.418142561135774],[11.823340060396314,50.38972513524126],[11.921310857911042,50.42473991928636]]]}},{"type":"Feature","properties":{"wkr_nr":240,"wkr_name":"Kulmbach","state_name":"Bayern","elected_party":"csu","elected_party_share":0.5691,"zweitstimme_top_party":"csu","zweitstimme_top_share":0.5234,"turnout":0.709235774054938,"eligible_voters":172449.0,"erststimme_top6":[["csu",0.5691],["spd",0.2278],["gruene",0.04],["afd",0.0316],["linke_pds",0.0299],["freie_wahler",0.0292]],"zweitstimme_top6":[["csu",0.5234],["spd",0.2149],["gruene",0.0528],["afd",0.0396],["fdp",0.0373],["linke_pds",0.0363]]},"geometry":{"type":"Polygon","coordinates":[[[11.541989050000216,50.265632157369794],[11.579585303399712,50.25530651738169],[11.604763430374591,50.2685281600468],[11.627022989173543,50.263224227210785],[11.608002493815764,50.25963622789037],[11.609979960850772,50.23256485755212],[11.63449191862762,50.23121888710596],[11.655140906933406,50.22107236765733],[11.660186720316705,50.17642425962707],[11.68978135507765,50.15864875925118],[11.678417260479348,50.13791901491014],[11.648087897172207,50.139399602672086],[11.64317809572008,50.126259020869824],[11.655785822501974,50.1151832473368],[11.678213294253855,50.12455764657221],[11.68156506309081,50.08860011941205],[11.635013182329493,50.072199461663054],[11.63764238684825,50.04494755704763],[11.595750476865607,50.01833170153463],[11.536880953627715,49.99942763568998],[11.467032210997727,49.98371323735957],[11.433950901074308,49.9920215572346],[11.418686680777565,49.989049431959806],[11.420489918565815,49.95991161620591],[11.38465544243864,49.93373487993459],[11.305537996507791,49.96342381129635],[11.283894879340492,49.9880419285425],[11.256977774956356,49.99999029908676],[11.246260535381216,49.98959337211249],[11.249893208783357,49.979237007409886],[11.216784429708893,49.962606611295946],[11.211630705425154,49.9249591572634],[11.195062041196866,49.908861250512984],[11.19022666506965,49.88589492158994],[11.238581794373342,49.871008650957734],[11.225813802192791,49.857645441299404],[11.230334011758918,49.84079279252619],[11.188175324491857,49.836031608867096],[11.16792417691434,49.8450190096903],[11.141246795021866,49.84485816024065],[11.135370943959849,49.837804229218264],[11.104899785338384,49.83523884163995],[11.095600037760574,49.83743887571676],[11.099413240049298,49.84657977226671],[11.070420268178587,49.90431196490839],[11.048963671371272,49.90814692878357],[11.066160369435032,49.90261988573134],[11.03240631897097,49.89366801401007],[10.997556416094234,49.89824391360017],[10.953350589547547,49.92400073842326],[10.931264906757422,49.9195587658694],[10.912613082123134,49.926858440348155],[10.905444883390816,49.944155142508016],[10.946642403216408,49.942960848273906],[10.9325949032175,49.960568279614286],[10.916540702262381,49.96538638507725],[10.893837487195709,49.96019517461418],[10.870243382242215,49.940200717770885],[10.855167386031532,49.94344609793323],[10.837005172905705,49.97023190674452],[10.833552413353315,49.97473803361595],[10.815405633284016,49.96464802101442],[10.83526629487644,49.9475977294644],[10.838670927210053,49.9159328328577],[10.833220721212554,49.880968235426664],[10.767774610251083,49.88955775773592],[10.714245032408977,49.922089758381304],[10.715874380064164,49.9319721476214],[10.737072767495732,49.93885943447691],[10.761127543159619,49.968361467035415],[10.758309223466831,49.99653352513422],[10.776125775577796,50.042836760902745],[10.792023177107037,50.047185898612824],[10.80571531996811,50.03768752812448],[10.824018690923998,50.04013019063138],[10.839075865524773,50.04997642663979],[10.832315890202118,50.056027405787326],[10.841460384680136,50.07408628369035],[10.859006775426053,50.07366767793],[10.86050499980054,50.09181393324878],[10.885023752014535,50.09271080303173],[10.890575126599762,50.11110428018702],[10.91444744302364,50.119058837185534],[10.937209096060167,50.112629846462625],[10.948409404267817,50.122651165067275],[10.922743925726728,50.143156171121234],[10.928900538185056,50.1508850832534],[10.964697466294066,50.17320985852055],[11.007861044633957,50.17744034145069],[11.00895181605368,50.19393337610855],[10.985452918066207,50.21251684857543],[11.034058661136246,50.21893591901998],[11.172047580076272,50.185644242382985],[11.198249214157848,50.20182678844504],[11.233657910353905,50.20062742715666],[11.241300734376608,50.185440662709446],[11.283087537785695,50.16058451741877],[11.342448774400184,50.16040737343106],[11.360690131435549,50.166522598074174],[11.362249922349095,50.18444774058452],[11.375790784742685,50.19230833295982],[11.393059387710974,50.19191057071774],[11.382227956083408,50.18696644929306],[11.39642466295837,50.175734495491454],[11.434619048448566,50.183487271564005],[11.41706511065219,50.19872970403],[11.422779644469633,50.20779285582036],[11.486825167760152,50.25019354292511],[11.541989050000216,50.265632157369794]]]}},{"type":"Feature","properties":{"wkr_nr":241,"wkr_name":"Ansbach","state_name":"Bayern","elected_party":"csu","elected_party_share":0.5333,"zweitstimme_top_party":"csu","zweitstimme_top_share":0.4763,"turnout":0.683602648136823,"eligible_voters":243643.0,"erststimme_top6":[["csu",0.5333],["spd",0.2325],["gruene",0.0586],["fdp",0.0452],["freie_wahler",0.0407],["linke_pds",0.0376]],"zweitstimme_top6":[["csu",0.4763],["spd",0.2222],["gruene",0.0834],["fdp",0.0461],["linke_pds",0.0386],["afd",0.036]]},"geometry":{"type":"Polygon","coordinates":[[[10.118176500702868,49.472320299638845],[10.162633247244226,49.47748245736121],[10.186035233693199,49.491673238765614],[10.234550421562036,49.488618517354965],[10.25379960819252,49.439760702741644],[10.295561835213682,49.412603986375004],[10.343236016563383,49.433689768592096],[10.348957969655938,49.4171064147843],[10.377076168826958,49.414505983767],[10.397714354209535,49.42225237955683],[10.402080351074607,49.43268556405505],[10.435791677606717,49.428300699422365],[10.445173692359392,49.41622306141548],[10.475800594941106,49.41192379901551],[10.477516002779199,49.42660231785667],[10.507932036937282,49.44147456758924],[10.55464631233208,49.43720614030894],[10.61314721135378,49.44857094609746],[10.610450003038482,49.4341693759483],[10.596070697839796,49.43189838946843],[10.601076463239101,49.42191320505643],[10.671465699837425,49.42541096656276],[10.697491616862548,49.43616965429661],[10.738288106078349,49.433930588927204],[10.752188594567826,49.41733065835204],[10.748532197064453,49.400469284895586],[10.867730044424189,49.35609473042887],[10.861669378178773,49.3430114736015],[10.870798918288338,49.31973133997499],[10.905047030786674,49.29375028251615],[10.90103010003626,49.25473580455103],[10.911510561642604,49.25503804744617],[10.913305658401333,49.2467023039548],[10.87367298977512,49.229417533664964],[10.83778477467521,49.19760390318194],[10.87360641611728,49.18721064146752],[10.854545311675066,49.160874992949196],[10.93786766598758,49.13135591927944],[10.944066818491827,49.148736953282814],[10.997151731151616,49.155572523615696],[11.114223546653854,49.08926057975197],[11.152560725445039,49.08051547143948],[11.201298402679281,49.04665160018381],[11.159467679740072,49.011862711848536],[11.142757033350104,48.974799294065996],[11.071477371433502,48.95186296568046],[11.050728541132903,48.931871453806416],[11.058383063761987,48.91332844783523],[11.02734024885177,48.88961675734849],[10.937120850598143,48.86274074564068],[10.905812808396625,48.88226083638502],[10.867943801090497,48.87954909457072],[10.815229440775802,48.901146461353186],[10.807868556791629,48.907752357356195],[10.832367002807617,48.91312610840619],[10.813958841411285,48.948920180262576],[10.77049908053894,48.9264461096284],[10.736712509155188,48.91931265404695],[10.722988318699391,48.90053277294357],[10.686687985502862,48.91063333810593],[10.669993910950334,48.922499214221304],[10.701766883774622,48.943462679244334],[10.67138311790064,48.981632657064885],[10.637155154236996,49.00334794954528],[10.642447863600465,49.016521528892],[10.606008891094438,49.01717044683665],[10.595345311773741,49.03446126198599],[10.553064858000639,49.03301010354473],[10.539097531409386,49.02194327560616],[10.5395762582893,49.005530725967276],[10.469153721130368,49.01133544348215],[10.424941444117014,49.00374594888099],[10.413390222934884,48.9782143275153],[10.35403040307806,49.004596034931104],[10.349660241455961,49.02822879490679],[10.295001997143586,49.042512191341174],[10.252284306898899,49.039113550298204],[10.251833828734664,49.049543524425],[10.25702396964945,49.05981230406514],[10.265470663694181,49.06178481924574],[10.238293630334955,49.09204957793523],[10.210723797707765,49.096858578183856],[10.215445079614751,49.11330964823719],[10.257407442267223,49.12900653254133],[10.248127321910669,49.14791640451907],[10.124966607941326,49.19900095275954],[10.119177075307412,49.2560223180853],[10.144465795626413,49.267843718718005],[10.153072058908114,49.2817389069073],[10.103429094399118,49.341628156858945],[10.112075829698588,49.38492874238245],[10.146205328724248,49.38561814463082],[10.161750512493198,49.3952581284671],[10.118176500702868,49.472320299638845]]]}},{"type":"Feature","properties":{"wkr_nr":242,"wkr_name":"Erlangen","state_name":"Bayern","elected_party":"csu","elected_party_share":0.485,"zweitstimme_top_party":"csu","zweitstimme_top_share":0.4167,"turnout":0.753100174924515,"eligible_voters":179506.0,"erststimme_top6":[["csu",0.485],["spd",0.2634],["gruene",0.0892],["linke_pds",0.0418],["afd",0.0327],["freie_wahler",0.0304]],"zweitstimme_top6":[["csu",0.4167],["spd",0.2431],["gruene",0.1147],["fdp",0.0554],["linke_pds",0.0435],["afd",0.0416]]},"geometry":{"type":"Polygon","coordinates":[[[10.739323055544007,49.77758255312241],[10.800578720162603,49.747350666601285],[10.825570714157092,49.745124717865],[10.872473018217008,49.770973550256464],[10.915342236020063,49.78225138340148],[10.92655183043801,49.767661202904904],[10.942211335089558,49.72692291401446],[10.940386128103743,49.7164382873685],[10.923380661708677,49.713748472627],[10.922092445110282,49.70671416226404],[11.041288948655636,49.675329120518995],[11.087501799003482,49.60010942612985],[11.120721801472834,49.590355969208154],[11.180042686695769,49.58735006894275],[11.263651925647972,49.606852709479845],[11.280393108189738,49.603735696255335],[11.280783141903653,49.57672519798691],[11.189584022615861,49.56084298823566],[11.197495987770633,49.54374109964445],[11.170336088973594,49.488585669052874],[11.179840502540607,49.47597631273427],[11.151314911845587,49.477751086264064],[11.122932356455497,49.4911322246065],[11.114162360413356,49.51507010076648],[11.095850894893292,49.50782686452513],[11.097346492221735,49.50102415110249],[11.060434993632319,49.50487680473612],[11.031537146868182,49.53604434640252],[11.016110184388639,49.53608073925281],[10.988585214210174,49.536545458714265],[10.934021155504,49.534567277486325],[10.932572579872675,49.53827691217238],[10.911403022633296,49.543645338787826],[10.883435122410617,49.5361303958082],[10.815755854684658,49.5356769157072],[10.795729883902705,49.5765879417155],[10.75552152362087,49.5855906263236],[10.753746286411902,49.613028817101714],[10.763336068469979,49.62677447956378],[10.784073882424,49.63423494406199],[10.784161908905842,49.656078625777404],[10.730511180835176,49.68549724328118],[10.697628906165573,49.69161091779467],[10.667572069170555,49.682048491251294],[10.6027578150279,49.67942948101781],[10.594948995040792,49.70923188743106],[10.62423056035603,49.72054531155814],[10.654275677172816,49.72112713894248],[10.692096413826413,49.731725843788915],[10.698265784927063,49.74742815720911],[10.671802730993948,49.75673779931293],[10.68115838787298,49.76687558468555],[10.715183204095618,49.78794881990259],[10.739323055544007,49.77758255312241]]]}},{"type":"Feature","properties":{"wkr_nr":243,"wkr_name":"Fürth","state_name":"Bayern","elected_party":"csu","elected_party_share":0.492,"zweitstimme_top_party":"csu","zweitstimme_top_share":0.4278,"turnout":0.702716450515175,"eligible_voters":253603.0,"erststimme_top6":[["csu",0.492],["spd",0.2711],["gruene",0.0825],["linke_pds",0.0425],["afd",0.0316],["piraten",0.0271]],"zweitstimme_top6":[["csu",0.4278],["spd",0.2517],["gruene",0.0913],["linke_pds",0.0499],["fdp",0.0467],["afd",0.0443]]},"geometry":{"type":"Polygon","coordinates":[[[10.551152311359235,49.755759639444804],[10.555947061487505,49.7535455190275],[10.618003501508586,49.73906787977746],[10.63891332037718,49.74162407943036],[10.654275677172816,49.72112713894248],[10.62423056035603,49.72054531155814],[10.594948995040792,49.70923188743106],[10.6027578150279,49.67942948101781],[10.667572069170555,49.682048491251294],[10.697628906165573,49.69161091779467],[10.730511180835176,49.68549724328118],[10.784161908905842,49.656078625777404],[10.784073882424,49.63423494406199],[10.763336068469979,49.62677447956378],[10.753746286411902,49.613028817101714],[10.75552152362087,49.5855906263236],[10.795729883902705,49.5765879417155],[10.815755854684658,49.5356769157072],[10.883435122410617,49.5361303958082],[10.911403022633296,49.543645338787826],[10.932572579872675,49.53827691217238],[10.934021155504,49.534567277486325],[10.988585214210174,49.536545458714265],[11.021202958955605,49.49832456836976],[11.026623151661392,49.47576997884937],[11.016922310966574,49.47118856174259],[10.991235640107687,49.43595710781399],[11.025985699009075,49.40305611563509],[11.022923707448065,49.39389404165357],[10.992716703415583,49.38147040431499],[10.950651318451957,49.38062342983207],[10.92714014091378,49.35653856544111],[10.867730044424189,49.35609473042887],[10.748532197064453,49.400469284895586],[10.752188594567826,49.41733065835204],[10.738288106078349,49.433930588927204],[10.697491616862548,49.43616965429661],[10.671465699837425,49.42541096656276],[10.601076463239101,49.42191320505643],[10.596070697839796,49.43189838946843],[10.610450003038482,49.4341693759483],[10.61314721135378,49.44857094609746],[10.55464631233208,49.43720614030894],[10.507932036937282,49.44147456758924],[10.477516002779199,49.42660231785667],[10.475800594941106,49.41192379901551],[10.445173692359392,49.41622306141548],[10.435791677606717,49.428300699422365],[10.402080351074607,49.43268556405505],[10.397714354209535,49.42225237955683],[10.377076168826958,49.414505983767],[10.348957969655938,49.4171064147843],[10.343236016563383,49.433689768592096],[10.295561835213682,49.412603986375004],[10.25379960819252,49.439760702741644],[10.234550421562036,49.488618517354965],[10.186035233693199,49.491673238765614],[10.162633247244226,49.47748245736121],[10.118176500702868,49.472320299638845],[10.100916565661546,49.48566896692327],[10.109824403513462,49.501772287666306],[10.08367315264253,49.54322569419623],[10.069541558446907,49.592619380396314],[10.110474263352419,49.62143757201954],[10.141802220267254,49.61123680666928],[10.170983030217123,49.58730696142542],[10.198689434952069,49.60498412783656],[10.200283832895277,49.625825665361106],[10.218834277210194,49.632970321315796],[10.288163467291254,49.621047657295094],[10.3483340455579,49.62189939468677],[10.388057078944872,49.63419863587351],[10.362816318677687,49.66508613776518],[10.35390462443954,49.70444260270579],[10.411542950422296,49.74312693844384],[10.438004682327989,49.75018469287587],[10.46347765898469,49.74051992223299],[10.551152311359235,49.755759639444804]]]}},{"type":"Feature","properties":{"wkr_nr":244,"wkr_name":"Nürnberg-Nord","state_name":"Bayern","elected_party":"csu","elected_party_share":0.3938,"zweitstimme_top_party":"csu","zweitstimme_top_share":0.3475,"turnout":0.687319653319933,"eligible_voters":193031.0,"erststimme_top6":[["csu",0.3938],["spd",0.3166],["gruene",0.1013],["linke_pds",0.0615],["afd",0.0336],["piraten",0.0308]],"zweitstimme_top6":[["csu",0.3475],["spd",0.2682],["gruene",0.1325],["linke_pds",0.0707],["fdp",0.0543],["afd",0.0449]]},"geometry":{"type":"Polygon","coordinates":[[[11.016110184388639,49.53608073925281],[11.031537146868182,49.53604434640252],[11.060434993632319,49.50487680473612],[11.097346492221735,49.50102415110249],[11.095850894893292,49.50782686452513],[11.114162360413356,49.51507010076648],[11.122932356455497,49.4911322246065],[11.151314911845587,49.477751086264064],[11.179840502540607,49.47597631273427],[11.185128597186637,49.46744119840804],[11.128474285920635,49.44231834511416],[11.132355957722368,49.432364949885674],[11.166140414145081,49.418768120280305],[11.104234578443753,49.416332962689026],[11.0959371748533,49.43105608932797],[11.016922310966574,49.47118856174259],[11.026623151661392,49.47576997884937],[11.021202958955605,49.49832456836976],[10.988585214210174,49.536545458714265],[11.016110184388639,49.53608073925281]]]}},{"type":"Feature","properties":{"wkr_nr":245,"wkr_name":"Nürnberg-Süd","state_name":"Bayern","elected_party":"csu","elected_party_share":0.4436,"zweitstimme_top_party":"csu","zweitstimme_top_share":0.4054,"turnout":0.655622473748513,"eligible_voters":185799.0,"erststimme_top6":[["csu",0.4436],["spd",0.3227],["gruene",0.0677],["linke_pds",0.05],["afd",0.0373],["piraten",0.0253]],"zweitstimme_top6":[["csu",0.4054],["spd",0.285],["gruene",0.0805],["linke_pds",0.0576],["afd",0.0476],["fdp",0.0422]]},"geometry":{"type":"MultiPolygon","coordinates":[[[[11.282792027243493,49.41648356306277],[11.259463865200132,49.40945024664717],[11.256870703295325,49.43074751606409],[11.248921106730343,49.440801828192576],[11.2690382548587,49.43729658805618],[11.282792027243493,49.41648356306277]]],[[[11.095937174853345,49.43105608932799],[11.104234578443709,49.41633296268904],[11.16614041414504,49.41876812028034],[11.179700385435897,49.42920078107884],[11.1964366495325,49.428029018737796],[11.213271399237557,49.421120661817184],[11.178822366047612,49.39270576994206],[11.168484454964345,49.38903202730319],[11.113775009525193,49.391151861717034],[11.099597339068858,49.371993528632544],[11.122381713713024,49.35954682581964],[11.079959892455028,49.33937353987183],[11.085243678535559,49.31921128437198],[11.039716201563749,49.29677297676673],[11.014151844208621,49.29409625251424],[10.970611438112941,49.35627098423276],[10.997843328183924,49.375883298025656],[10.992716703415553,49.381470404315],[11.022923707448099,49.39389404165357],[11.025985699009041,49.40305611563509],[10.99123564010773,49.43595710781399],[11.016922310966551,49.47118856174257],[11.095937174853345,49.43105608932799]]]]}},{"type":"Feature","properties":{"wkr_nr":246,"wkr_name":"Roth","state_name":"Bayern","elected_party":"csu","elected_party_share":0.5061,"zweitstimme_top_party":"csu","zweitstimme_top_share":0.4549,"turnout":0.746410911889324,"eligible_voters":226102.0,"erststimme_top6":[["csu",0.5061],["spd",0.2763],["gruene",0.0666],["freie_wahler",0.0423],["linke_pds",0.0363],["fdp",0.0321]],"zweitstimme_top6":[["csu",0.4549],["spd",0.2455],["gruene",0.0851],["fdp",0.0446],["afd",0.039],["linke_pds",0.0382]]},"geometry":{"type":"Polygon","coordinates":[[[11.287720424224132,49.618525523988716],[11.33218487132377,49.63957368930206],[11.344385254960043,49.660704797701825],[11.3686958657133,49.66669861155138],[11.377661473952745,49.668803398778266],[11.398006790622329,49.625004052185716],[11.426422362190149,49.61385638160271],[11.50031086243301,49.64848824502362],[11.55752699731144,49.64241541640923],[11.557773383319196,49.70248527527995],[11.575585934135459,49.66395954843973],[11.563379908792477,49.655796245403614],[11.573545100118293,49.644506430378264],[11.598814652622602,49.63938314644966],[11.59997696843477,49.62280518999359],[11.58802998623586,49.61424963313263],[11.56056032818822,49.61251283633851],[11.572074786122045,49.57993725876309],[11.554357947788437,49.564480520108795],[11.51091960949256,49.55327328867336],[11.549136364751867,49.544473038344506],[11.545174567685631,49.516813504216984],[11.53368608153139,49.507378397147455],[11.588023931611431,49.4845953703386],[11.595832824936378,49.47439844990367],[11.55634292458018,49.431023020460145],[11.558413437899986,49.41975626595742],[11.538379059548074,49.40895552021125],[11.464418559887738,49.42177293775206],[11.405047030757009,49.37402476344046],[11.382039767354838,49.326287911482886],[11.335376989095941,49.303082153014586],[11.247206706909175,49.32530459816118],[11.185834046071362,49.3003465012426],[11.204637177531954,49.274398670180254],[11.274715355638362,49.273683844142035],[11.292056668953911,49.26704419270452],[11.277770335483238,49.25351043607162],[11.311938476605288,49.20716703227005],[11.262920447357397,49.211256016178766],[11.265408444368768,49.19574090307672],[11.26927218865126,49.18870267391015],[11.31367235959324,49.17830448733554],[11.328067027748757,49.143108023054225],[11.32292945760533,49.11914464365613],[11.355297083231914,49.11683690854109],[11.385667514206675,49.07862735721483],[11.411700061829121,49.06302653530826],[11.414709870566558,49.034925378017505],[11.379224263156031,49.02196037094145],[11.345943573516506,49.0198247191939],[11.3269290682965,48.997918161993134],[11.266559087291428,49.0109833940507],[11.265522817720287,49.027205193020976],[11.246233723253455,49.047144837406236],[11.226181988731662,49.05177437522175],[11.201298402679281,49.04665160018381],[11.152560725445039,49.08051547143948],[11.114223546653854,49.08926057975197],[10.997151731151616,49.155572523615696],[10.944066818491827,49.148736953282814],[10.93786766598758,49.13135591927944],[10.854545311675066,49.160874992949196],[10.87360641611728,49.18721064146752],[10.83778477467521,49.19760390318194],[10.87367298977512,49.229417533664964],[10.913305658401333,49.2467023039548],[10.911510561642604,49.25503804744617],[10.90103010003626,49.25473580455103],[10.905047030786674,49.29375028251615],[10.870798918288338,49.31973133997499],[10.861669378178773,49.3430114736015],[10.867730044424189,49.35609473042887],[10.92714014091378,49.35653856544111],[10.950651318451957,49.38062342983207],[10.992716703415583,49.38147040431499],[10.997843328183942,49.375883298025684],[10.97061143811291,49.356270984232765],[11.014151844208653,49.294096252514265],[11.039716201563754,49.296772976766725],[11.085243678535518,49.319211284372],[11.079959892454982,49.33937353987181],[11.12238171371298,49.35954682581967],[11.099597339068827,49.371993528632565],[11.11377500952519,49.39115186171707],[11.168484454964291,49.38903202730317],[11.178822366047592,49.39270576994205],[11.213271399237511,49.42112066181716],[11.196436649532458,49.42802901873778],[11.179700385435865,49.42920078107882],[11.166140414145081,49.418768120280305],[11.132355957722368,49.432364949885674],[11.128474285920635,49.44231834511416],[11.185128597186637,49.46744119840804],[11.179840502540607,49.47597631273427],[11.170336088973594,49.488585669052874],[11.197495987770633,49.54374109964445],[11.189584022615861,49.56084298823566],[11.280783141903653,49.57672519798691],[11.280393108189738,49.603735696255335],[11.287720424224132,49.618525523988716]],[[11.248921106730394,49.44080182819258],[11.256870703295348,49.43074751606409],[11.25946386520014,49.40945024664718],[11.282792027243545,49.4164835630628],[11.269038254858746,49.43729658805618],[11.248921106730394,49.44080182819258]]]}},{"type":"Feature","properties":{"wkr_nr":247,"wkr_name":"Aschaffenburg","state_name":"Bayern","elected_party":"csu","elected_party_share":0.5244,"zweitstimme_top_party":"csu","zweitstimme_top_share":0.4773,"turnout":0.712978699143731,"eligible_voters":184171.0,"erststimme_top6":[["csu",0.5244],["spd",0.2506],["gruene",0.0798],["fdp",0.0326],["linke_pds",0.0282],["freie_wahler",0.0262]],"zweitstimme_top6":[["csu",0.4773],["spd",0.2196],["gruene",0.0861],["fdp",0.0541],["afd",0.0407],["linke_pds",0.0363]]},"geometry":{"type":"Polygon","coordinates":[[[9.071635159656784,50.11952948094458],[9.08913363034091,50.11691223513834],[9.09750159419381,50.12506321993878],[9.12072439491814,50.126337253878724],[9.158962788344962,50.09974350893548],[9.183073827673246,50.13798365360813],[9.222125543791067,50.1490890881722],[9.250678892978305,50.14077212230445],[9.37428973011608,50.130649817829536],[9.404654265649913,50.08758750136073],[9.385380238958204,50.05386632435741],[9.404967647370862,50.02363056145472],[9.408088866758677,49.997095431741805],[9.430433978028427,49.990987398615935],[9.454344910105343,49.94892020898053],[9.475245957254518,49.941379580994436],[9.465857336977054,49.92316155166979],[9.431103235246109,49.911800870559375],[9.434556195089115,49.8838143407608],[9.369172442073154,49.85530994595472],[9.363139996554288,49.83486189780365],[9.317659556763939,49.83641565225408],[9.298730929385956,49.859333389131365],[9.259807943021077,49.87068443335121],[9.280217394409467,49.910417019333224],[9.266188274891176,49.927809504201456],[9.247022405349815,49.92643386126388],[9.238100616106792,49.9349851406097],[9.144222434529619,49.920107304554406],[9.114289342922937,49.93852157060612],[9.10437324374236,49.92944642641055],[9.111329885635996,49.919153639026206],[9.098699023947765,49.884490119983624],[9.050262455202423,49.866213481864506],[9.03763953823071,49.87758390534336],[9.014303066829607,49.991314313679034],[9.038035188520402,50.000114334272496],[9.031807446542208,50.038032874748716],[8.981656371057017,50.05553884413067],[8.991258905898448,50.06845074447424],[8.999602376640523,50.06968032671568],[8.997792912467382,50.0927760169727],[9.016495499714809,50.11055211833659],[9.071635159656784,50.11952948094458]]]}},{"type":"Feature","properties":{"wkr_nr":248,"wkr_name":"Bad Kissingen","state_name":"Bayern","elected_party":"csu","elected_party_share":0.5791,"zweitstimme_top_party":"csu","zweitstimme_top_share":0.5387,"turnout":0.712657229098049,"eligible_voters":217994.0,"erststimme_top6":[["csu",0.5791],["spd",0.1991],["gruene",0.079],["linke_pds",0.0451],["fdp",0.0286],["freie_wahler",0.0277]],"zweitstimme_top6":[["csu",0.5387],["spd",0.1818],["gruene",0.0643],["fdp",0.0478],["linke_pds",0.0452],["afd",0.0325]]},"geometry":{"type":"Polygon","coordinates":[[[10.04129563182455,50.51650331357058],[10.106608133985379,50.56337055899445],[10.127283226902511,50.55999794056169],[10.1205597789654,50.55585275320076],[10.139045228649357,50.542992260189095],[10.203983029951523,50.554606040193214],[10.254163832782677,50.51183478105335],[10.333834056389444,50.48824641360063],[10.347816559053715,50.46042905329315],[10.378297180807225,50.43259738362268],[10.40308645160026,50.426255238264126],[10.384027297538646,50.4089773983207],[10.392437868128528,50.39600579390204],[10.423218556117012,50.39367861779208],[10.450912569107869,50.40198616935837],[10.459322536134595,50.38047977191278],[10.493872517658517,50.355979557097655],[10.600970612875582,50.334013570717126],[10.59112173964049,50.27183165237142],[10.610092155788811,50.22800774839947],[10.657997401333025,50.2236890490158],[10.717123097403068,50.204321678013336],[10.731158758833466,50.21284830520593],[10.72933004538292,50.23005482860708],[10.760617095610788,50.2213483344346],[10.780336288355956,50.1943210135355],[10.77716664691382,50.14925456224365],[10.804015795702638,50.141200372502595],[10.84567653060261,50.150208122890874],[10.870701192973181,50.13660895760947],[10.86050499980054,50.09181393324878],[10.859006775426053,50.07366767793],[10.841460384680136,50.07408628369035],[10.832315890202118,50.056027405787326],[10.839075865524773,50.04997642663979],[10.824018690923998,50.04013019063138],[10.80571531996811,50.03768752812448],[10.792023177107037,50.047185898612824],[10.776125775577796,50.042836760902745],[10.758309223466831,49.99653352513422],[10.761127543159619,49.968361467035415],[10.737072767495732,49.93885943447691],[10.715874380064164,49.9319721476214],[10.714245032408977,49.922089758381304],[10.707377378456785,49.925110751230754],[10.691566886311884,49.91257559302217],[10.694185632007411,49.89017887491291],[10.684351899619793,49.88506951082378],[10.663067857377971,49.89113819641302],[10.605043103339739,49.85527964925495],[10.561165260776503,49.86574344463569],[10.55499632434483,49.87726302968974],[10.50530372647905,49.87657704064262],[10.494123745203233,49.88289714387522],[10.498612688590827,49.893782020620364],[10.52039773063023,49.90155690123121],[10.51415535288284,49.93148728746686],[10.444323142121627,49.95293361354937],[10.442122863590628,49.972996860953295],[10.400905065872,49.99091432220487],[10.393963387644316,50.0135845124933],[10.33561532002081,50.0191380860776],[10.318253966079734,50.0283020407672],[10.392891883848863,50.044898665975],[10.433407169684353,50.07930621435199],[10.383533385129175,50.09103272713009],[10.37897335676595,50.102596050067866],[10.403434448781622,50.115801423194036],[10.401332458825806,50.14149194455252],[10.422480832464469,50.15527182932453],[10.450685408654799,50.196620178139504],[10.434508785678792,50.22124603143054],[10.394066329649874,50.225630174619994],[10.370244595128048,50.22909273340815],[10.346083818289898,50.210439989609014],[10.340679489527195,50.17271186254159],[10.318316494990123,50.148681228318715],[10.297747393403599,50.15838184439886],[10.179952698562404,50.153715392796435],[10.156822545275652,50.14529648334134],[10.144225874761002,50.120206095513815],[10.12589186487379,50.10828836493048],[10.056940418910868,50.10128063100317],[10.013056652647613,50.10839740254442],[9.958496893694017,50.070512338439315],[9.963773231795292,50.0546251389557],[9.952439120362342,50.035281649145524],[9.93509270542126,50.02979838253383],[9.925362414441219,50.029760958559294],[9.901269192105833,50.05290580191826],[9.870332870593014,50.03425532880683],[9.80902244773775,50.04689587930002],[9.815824663154155,50.08949966338406],[9.79307877156235,50.116155935776554],[9.700270662441335,50.18181683484308],[9.693828535562078,50.21036240472555],[9.678204130764849,50.223618038601664],[9.623274817075727,50.22891243202091],[9.635812727903144,50.23509373157894],[9.65463188815206,50.27143008734748],[9.70328271146245,50.28075253284014],[9.739359836779277,50.30258712298365],[9.747438713176031,50.34100215934042],[9.73297628260072,50.35622489180472],[9.754377287478535,50.386607863911166],[9.751183070044837,50.41439007398587],[9.76026953707022,50.4249725052308],[9.802608613221636,50.42403600345064],[9.8253520412531,50.40647792573901],[9.859671865938791,50.397455220970485],[9.901662730163757,50.40404881030773],[9.938068469980184,50.42069249481877],[10.016066213511122,50.466757346786785],[10.037286503626271,50.49299388241945],[10.04129563182455,50.51650331357058]]]}},{"type":"Feature","properties":{"wkr_nr":249,"wkr_name":"Main-Spessart","state_name":"Bayern","elected_party":"csu","elected_party_share":0.5173,"zweitstimme_top_party":"csu","zweitstimme_top_share":0.4946,"turnout":0.723784144577826,"eligible_voters":197762.0,"erststimme_top6":[["csu",0.5173],["spd",0.2325],["gruene",0.0624],["freie_wahler",0.057],["afd",0.033],["linke_pds",0.0314]],"zweitstimme_top6":[["csu",0.4946],["spd",0.2156],["gruene",0.0705],["fdp",0.0453],["freie_wahler",0.0397],["afd",0.0395]]},"geometry":{"type":"Polygon","coordinates":[[[9.51461931515533,50.23402881107403],[9.574792876837739,50.23268848058899],[9.58420680215353,50.222308281021064],[9.620299924102195,50.22368404623297],[9.623274817075727,50.22891243202091],[9.678204130764849,50.223618038601664],[9.693828535562078,50.21036240472555],[9.700270662441335,50.18181683484308],[9.79307877156235,50.116155935776554],[9.815824663154155,50.08949966338406],[9.80902244773775,50.04689587930002],[9.870332870593014,50.03425532880683],[9.901269192105833,50.05290580191826],[9.925362414441219,50.029760958559294],[9.93509270542126,50.02979838253383],[9.952439120362342,50.035281649145524],[9.963773231795292,50.0546251389557],[9.984697775028826,50.055889439875465],[9.994009818507935,50.0340362440268],[10.027053173476817,50.04051114006663],[10.040120362288778,50.034164327277814],[10.045478959258096,50.00669866365424],[10.006892922761068,49.99736853603849],[10.00081209752794,49.989316398069406],[10.045177468833,49.98658587869642],[10.02908232678682,49.952281086935585],[10.00449911863867,49.93676048471686],[9.939241193473531,49.94878236820093],[9.912812473036682,49.93338496360904],[9.921734851027198,49.892118154056035],[9.832731175655884,49.89509466968363],[9.774337008420298,49.87475105757381],[9.753473730089766,49.86510366914273],[9.744669359932132,49.84282606268493],[9.727286592884337,49.83220999244246],[9.701594401092072,49.83863226592466],[9.673323043210786,49.834069720249104],[9.64874118131124,49.79127066724794],[9.581261746778848,49.77821729626499],[9.551819559984983,49.7605522992905],[9.500073546818234,49.78879788676905],[9.480570004153323,49.78740590209537],[9.462105144897285,49.77041937043665],[9.446578176778996,49.772540049851145],[9.425480564879118,49.789543018233225],[9.383644333287219,49.77225208533025],[9.31331751122564,49.76563180654583],[9.320890599000377,49.74190275225538],[9.35737687903146,49.70424275223867],[9.382430187399859,49.7051646516541],[9.380584568403867,49.72624768393944],[9.399677176147852,49.729598145913734],[9.422353726139159,49.69614431352826],[9.397254307743328,49.67188891135935],[9.411389158943123,49.66377170219991],[9.419368056286785,49.65899064524948],[9.406197268089162,49.64550837848277],[9.38397561507154,49.64270872110848],[9.30415840556666,49.65387933538762],[9.275176420216845,49.62493495750256],[9.285020409725542,49.61488525162799],[9.240486182284918,49.58145588653923],[9.194522625246185,49.57391808512354],[9.102705556719156,49.57749142496892],[9.066348523135687,49.6022670898587],[9.064927669667357,49.61643910201058],[9.102216109132913,49.642296871730245],[9.089692551222107,49.69307099243316],[9.127038399498785,49.70031042087378],[9.150673284993966,49.74262357236292],[9.106849855680352,49.75855878637755],[9.113246350351705,49.773661428819835],[9.134132877852396,49.78201913531411],[9.131917649840345,49.7942296090343],[9.090554450743221,49.795183681248744],[9.076929217055602,49.8190609977187],[9.082727469278696,49.83259065470111],[9.035972818819715,49.846366041140755],[9.043704753999853,49.8554648956352],[9.033339891916073,49.866543341789075],[9.050262455202423,49.866213481864506],[9.098699023947765,49.884490119983624],[9.111329885635996,49.919153639026206],[9.10437324374236,49.92944642641055],[9.114289342922937,49.93852157060612],[9.144222434529619,49.920107304554406],[9.238100616106792,49.9349851406097],[9.247022405349815,49.92643386126388],[9.266188274891176,49.927809504201456],[9.280217394409467,49.910417019333224],[9.259807943021077,49.87068443335121],[9.298730929385956,49.859333389131365],[9.317659556763939,49.83641565225408],[9.363139996554288,49.83486189780365],[9.369172442073154,49.85530994595472],[9.434556195089115,49.8838143407608],[9.431103235246109,49.911800870559375],[9.465857336977054,49.92316155166979],[9.475245957254518,49.941379580994436],[9.454344910105343,49.94892020898053],[9.430433978028427,49.990987398615935],[9.408088866758677,49.997095431741805],[9.404967647370862,50.02363056145472],[9.385380238958204,50.05386632435741],[9.404654265649913,50.08758750136073],[9.41575420106183,50.08339790900521],[9.482646287091061,50.095569661142655],[9.513363770048525,50.09433676055409],[9.519287828282325,50.113724295976525],[9.498344523710827,50.175307974425465],[9.503494237684542,50.20866191537867],[9.494693288884836,50.22670419426656],[9.501331966122539,50.23853363419824],[9.51461931515533,50.23402881107403]]]}},{"type":"Feature","properties":{"wkr_nr":250,"wkr_name":"Schweinfurt","state_name":"Bayern","elected_party":"csu","elected_party_share":0.5485,"zweitstimme_top_party":"csu","zweitstimme_top_share":0.5095,"turnout":0.705845615788159,"eligible_voters":200150.0,"erststimme_top6":[["csu",0.5485],["spd",0.2307],["gruene",0.0577],["linke_pds",0.0538],["freie_wahler",0.0331],["piraten",0.0215]],"zweitstimme_top6":[["csu",0.5095],["spd",0.2064],["gruene",0.0708],["linke_pds",0.0496],["fdp",0.0422],["afd",0.0334]]},"geometry":{"type":"Polygon","coordinates":[[[10.370244595128048,50.22909273340815],[10.394066329649874,50.225630174619994],[10.434508785678792,50.22124603143054],[10.450685408654799,50.196620178139504],[10.422480832464469,50.15527182932453],[10.401332458825806,50.14149194455252],[10.403434448781622,50.115801423194036],[10.37897335676595,50.102596050067866],[10.383533385129175,50.09103272713009],[10.433407169684353,50.07930621435199],[10.392891883848863,50.044898665975],[10.318253966079734,50.0283020407672],[10.33561532002081,50.0191380860776],[10.393963387644316,50.0135845124933],[10.400905065872,49.99091432220487],[10.442122863590628,49.972996860953295],[10.444323142121627,49.95293361354937],[10.51415535288284,49.93148728746686],[10.52039773063023,49.90155690123121],[10.498612688590827,49.893782020620364],[10.494123745203233,49.88289714387522],[10.50530372647905,49.87657704064262],[10.502265091752141,49.87134971407186],[10.459292455985675,49.87885057869156],[10.442434810256376,49.84716703007093],[10.448609693392672,49.822248261031554],[10.469549485497676,49.786409973396275],[10.528203591805397,49.78941800899978],[10.5546402506215,49.7701015891566],[10.551152311359235,49.755759639444804],[10.46347765898469,49.74051992223299],[10.438004682327989,49.75018469287587],[10.411542950422296,49.74312693844384],[10.35390462443954,49.70444260270579],[10.362816318677687,49.66508613776518],[10.388057078944872,49.63419863587351],[10.3483340455579,49.62189939468677],[10.288163467291254,49.621047657295094],[10.218834277210194,49.632970321315796],[10.200283832895277,49.625825665361106],[10.198689434952069,49.60498412783656],[10.170983030217123,49.58730696142542],[10.141802220267254,49.61123680666928],[10.110474263352419,49.62143757201954],[10.08402737390262,49.633070052916786],[10.081119214726654,49.64640920008619],[10.108996723159764,49.66943888749972],[10.130722995959188,49.670612368398075],[10.127820909846385,49.686755249839834],[10.098428084235955,49.7097886108984],[10.057650591696637,49.722564818173836],[10.039542242500518,49.747767454680314],[10.061218358304664,49.75884159166059],[10.064950338050854,49.82524851790812],[10.089337649815944,49.835834618980854],[10.163310767748001,49.84696233403405],[10.163927155167366,49.86584132638649],[10.189167984808487,49.89223496025435],[10.174089765665817,49.91352329618279],[10.162376132939592,49.907130324295785],[10.118509794232416,49.90770629377221],[10.101459304537268,49.91496528616618],[10.106096979369028,49.92857790184391],[10.040348997969684,49.95309637825621],[10.02908232678682,49.952281086935585],[10.045177468833,49.98658587869642],[10.00081209752794,49.989316398069406],[10.006892922761068,49.99736853603849],[10.045478959258096,50.00669866365424],[10.040120362288778,50.034164327277814],[10.027053173476817,50.04051114006663],[9.994009818507935,50.0340362440268],[9.984697775028826,50.055889439875465],[9.963773231795292,50.0546251389557],[9.958496893694017,50.070512338439315],[10.013056652647613,50.10839740254442],[10.056940418910868,50.10128063100317],[10.12589186487379,50.10828836493048],[10.144225874761002,50.120206095513815],[10.156822545275652,50.14529648334134],[10.179952698562404,50.153715392796435],[10.297747393403599,50.15838184439886],[10.318316494990123,50.148681228318715],[10.340679489527195,50.17271186254159],[10.346083818289898,50.210439989609014],[10.370244595128048,50.22909273340815]]]}},{"type":"Feature","properties":{"wkr_nr":251,"wkr_name":"Würzburg","state_name":"Bayern","elected_party":"csu","elected_party_share":0.4889,"zweitstimme_top_party":"csu","zweitstimme_top_share":0.4489,"turnout":0.735195082017856,"eligible_voters":226597.0,"erststimme_top6":[["csu",0.4889],["spd",0.255],["gruene",0.0996],["linke_pds",0.0325],["fdp",0.0322],["afd",0.0292]],"zweitstimme_top6":[["csu",0.4489],["spd",0.2252],["gruene",0.1168],["fdp",0.0513],["linke_pds",0.0402],["afd",0.0387]]},"geometry":{"type":"Polygon","coordinates":[[[10.02908232678682,49.952281086935585],[10.040348997969684,49.95309637825621],[10.106096979369028,49.92857790184391],[10.101459304537268,49.91496528616618],[10.118509794232416,49.90770629377221],[10.162376132939592,49.907130324295785],[10.174089765665817,49.91352329618279],[10.189167984808487,49.89223496025435],[10.163927155167366,49.86584132638649],[10.163310767748001,49.84696233403405],[10.089337649815944,49.835834618980854],[10.064950338050854,49.82524851790812],[10.061218358304664,49.75884159166059],[10.039542242500518,49.747767454680314],[10.057650591696637,49.722564818173836],[10.098428084235955,49.7097886108984],[10.127820909846385,49.686755249839834],[10.130722995959188,49.670612368398075],[10.108996723159764,49.66943888749972],[10.081119214726654,49.64640920008619],[10.08402737390262,49.633070052916786],[10.110474263352419,49.62143757201954],[10.069541558446907,49.592619380396314],[10.08367315264253,49.54322569419623],[10.06162880381607,49.54434193772893],[10.038777767285882,49.53012496342625],[10.06099258685284,49.51900057426643],[10.017783278874171,49.48421958379198],[9.92608037878633,49.484961663189424],[9.91390631001048,49.49299089033216],[9.925125142723697,49.508584272827704],[9.927386529445656,49.54954896057085],[9.912253561330104,49.58567558069529],[9.87520764556685,49.57863286426903],[9.859329968205294,49.54603492524238],[9.810105270696726,49.55736107533486],[9.848553670439836,49.57775023625968],[9.87123630846116,49.611671397226154],[9.855543366695816,49.64155160746888],[9.835054127558763,49.64649862654456],[9.822314592790224,49.664733012162614],[9.831951858624272,49.702874540385665],[9.79576094665595,49.72619721903694],[9.752665431792842,49.71001681649148],[9.749684838700096,49.695512424242665],[9.72790631474764,49.6872350366177],[9.710698498094315,49.726916676312754],[9.677042666261114,49.71622351976635],[9.676016003045834,49.69333788953464],[9.662726244634946,49.689192256271696],[9.625300577420703,49.703140946499005],[9.641918918074134,49.723261471512615],[9.64874118131124,49.79127066724794],[9.673323043210786,49.834069720249104],[9.701594401092072,49.83863226592466],[9.727286592884337,49.83220999244246],[9.744669359932132,49.84282606268493],[9.753473730089766,49.86510366914273],[9.774337008420298,49.87475105757381],[9.832731175655884,49.89509466968363],[9.921734851027198,49.892118154056035],[9.912812473036682,49.93338496360904],[9.939241193473531,49.94878236820093],[10.00449911863867,49.93676048471686],[10.02908232678682,49.952281086935585]]]}},{"type":"Feature","properties":{"wkr_nr":252,"wkr_name":"Augsburg-Stadt","state_name":"Bayern","elected_party":"csu","elected_party_share":0.444,"zweitstimme_top_party":"csu","zweitstimme_top_share":0.4362,"turnout":0.640529027858484,"eligible_voters":208231.0,"erststimme_top6":[["csu",0.444],["spd",0.2511],["gruene",0.1103],["linke_pds",0.0485],["afd",0.0477],["fdp",0.0342]],"zweitstimme_top6":[["csu",0.4362],["spd",0.2217],["gruene",0.1054],["linke_pds",0.0559],["afd",0.054],["fdp",0.0468]]},"geometry":{"type":"Polygon","coordinates":[[[10.884101530311534,48.458437708259375],[10.90614450322676,48.4349518581199],[10.926513384461876,48.42427131765877],[10.959515550625952,48.37159436417147],[10.940570359386951,48.26724696512684],[10.91081297864885,48.258335146366555],[10.904007049647158,48.23795947864227],[10.893073881444957,48.23220916362455],[10.855075111982407,48.245237094150916],[10.876053713585007,48.29331771885649],[10.811459807569053,48.29957540533466],[10.803936262102484,48.29095870793795],[10.763399373321155,48.302454289765926],[10.79725546059395,48.34349303231578],[10.857041795798688,48.34580052843978],[10.857594792871433,48.36937629124025],[10.842505611927516,48.379711386837684],[10.845591163664428,48.40128567613221],[10.864453874900523,48.40821608652155],[10.867370893046363,48.401827067718024],[10.88838904938996,48.414275404201085],[10.884101530311534,48.458437708259375]]]}},{"type":"Feature","properties":{"wkr_nr":253,"wkr_name":"Augsburg-Land","state_name":"Bayern","elected_party":"csu","elected_party_share":0.6061,"zweitstimme_top_party":"csu","zweitstimme_top_share":0.537,"turnout":0.721690560722022,"eligible_voters":244203.0,"erststimme_top6":[["csu",0.6061],["spd",0.1768],["gruene",0.0691],["afd",0.0453],["linke_pds",0.0296],["fdp",0.0228]],"zweitstimme_top6":[["csu",0.537],["spd",0.1721],["gruene",0.0724],["afd",0.0517],["fdp",0.0465],["linke_pds",0.0322]]},"geometry":{"type":"Polygon","coordinates":[[[10.904007049647158,48.23795947864227],[10.890339449027547,48.19117129650156],[10.848587866945739,48.147642761994895],[10.78603380849547,48.149973511233625],[10.801773916509744,48.10450636584276],[10.702155446806415,48.09868065950561],[10.6931548415411,48.095380301743404],[10.687056205835614,48.118184538058145],[10.696094087264184,48.16420880794678],[10.684875648150943,48.17236568154741],[10.606652328240559,48.16257739032552],[10.544637611768177,48.173119639780616],[10.59752012107834,48.19058149217746],[10.591105522756022,48.21056522256075],[10.573624797079189,48.21206490997543],[10.56127734434169,48.221397605155836],[10.586429845196639,48.284262247423875],[10.582247103872604,48.316651236589216],[10.549894108710333,48.31906518905437],[10.537984434037407,48.31235387822651],[10.494765779898364,48.317528417255645],[10.518246564244428,48.34714443892161],[10.512793842022154,48.3746646990108],[10.535451828879195,48.40267729311989],[10.505830343699204,48.413651635465655],[10.543146553022927,48.42645358148575],[10.527610728546739,48.47097011642963],[10.612935740508819,48.49825179192986],[10.6724251288371,48.4973664241067],[10.717235934884899,48.48838053126931],[10.765280481625894,48.49748662272657],[10.750568206459963,48.50480814994937],[10.770444850495268,48.5625776254857],[10.76486388039145,48.59831239255474],[10.779457294520002,48.61897038327907],[10.835007034319476,48.634667594286206],[10.884125128046692,48.63687681687826],[10.878978310907709,48.61753339803658],[10.887413865640733,48.599323050363495],[10.911943201127242,48.58486121865738],[10.924253885220073,48.58689497998586],[10.972915379832482,48.569890934023064],[10.987052560526715,48.54968042973708],[10.870993254352681,48.53114972258862],[10.864031463819279,48.5064842491301],[10.871067220244546,48.49410513624208],[10.923878152769998,48.510105551694],[10.95820802474226,48.497233066035804],[10.971732338958002,48.47616292485425],[11.003807844511735,48.47346188312468],[11.020123826629195,48.47823133963573],[11.05943450593903,48.5203829624351],[11.085106852912284,48.499410568262604],[11.127301925721829,48.502032607197606],[11.171585891851242,48.477534908924085],[11.20622654689847,48.47577758176552],[11.194473836888807,48.43653116529626],[11.214297165791914,48.430559879485145],[11.178366554539126,48.41737051853258],[11.198372612507535,48.386752463175654],[11.173398559850261,48.367458665402715],[11.165422894530732,48.3406170742363],[11.12205468468656,48.31657376959834],[11.110056462516111,48.29733213534751],[11.116386029642822,48.268154226196124],[11.096710056802682,48.25987324976018],[11.077069267502415,48.27954657784598],[11.066121031839865,48.277922287514066],[11.037334378545385,48.22923640127904],[11.049810881686183,48.197663722762286],[11.034866819049054,48.19309419673861],[10.989050708393892,48.20759949312785],[10.96084320114958,48.19906093685622],[10.945463404662243,48.20542460297891],[10.943977113395174,48.21938639471453],[10.932903447093304,48.22442566530469],[10.904007049647158,48.23795947864227]],[[10.904007049647158,48.23795947864227],[10.91081297864885,48.258335146366555],[10.940570359386951,48.26724696512684],[10.959515550625952,48.37159436417147],[10.926513384461876,48.42427131765877],[10.90614450322676,48.4349518581199],[10.884101530311534,48.458437708259375],[10.88838904938996,48.414275404201085],[10.867370893046363,48.401827067718024],[10.864453874900523,48.40821608652155],[10.845591163664428,48.40128567613221],[10.842505611927516,48.379711386837684],[10.857594792871433,48.36937629124025],[10.857041795798688,48.34580052843978],[10.79725546059395,48.34349303231578],[10.763399373321155,48.302454289765926],[10.803936262102484,48.29095870793795],[10.811459807569053,48.29957540533466],[10.876053713585007,48.29331771885649],[10.855075111982407,48.245237094150916],[10.893073881444957,48.23220916362455],[10.904007049647158,48.23795947864227]]]}},{"type":"Feature","properties":{"wkr_nr":254,"wkr_name":"Donau-Ries","state_name":"Bayern","elected_party":"csu","elected_party_share":0.6064,"zweitstimme_top_party":"csu","zweitstimme_top_share":0.5554,"turnout":0.689857559455504,"eligible_voters":189974.0,"erststimme_top6":[["csu",0.6064],["spd",0.1765],["gruene",0.063],["linke_pds",0.0448],["freie_wahler",0.0415],["fdp",0.0245]],"zweitstimme_top6":[["csu",0.5554],["spd",0.1666],["gruene",0.0599],["fdp",0.0449],["afd",0.0419],["linke_pds",0.0328]]},"geometry":{"type":"Polygon","coordinates":[[[10.595345311773741,49.03446126198599],[10.606008891094438,49.01717044683665],[10.642447863600465,49.016521528892],[10.637155154236996,49.00334794954528],[10.67138311790064,48.981632657064885],[10.701766883774622,48.943462679244334],[10.669993910950334,48.922499214221304],[10.686687985502862,48.91063333810593],[10.722988318699391,48.90053277294357],[10.736712509155188,48.91931265404695],[10.77049908053894,48.9264461096284],[10.813958841411285,48.948920180262576],[10.832367002807617,48.91312610840619],[10.807868556791629,48.907752357356195],[10.815229440775802,48.901146461353186],[10.867943801090497,48.87954909457072],[10.905812808396625,48.88226083638502],[10.937120850598143,48.86274074564068],[10.977454315616745,48.85872901194634],[10.969846333694093,48.84234504312432],[10.99591995230263,48.83504545659094],[11.005927240283812,48.82289877211108],[10.978026126017053,48.80917059080235],[10.973922977114436,48.77726450039636],[10.998110756770904,48.764665453083595],[11.00160254353023,48.72205756086423],[10.984655802985673,48.7187824935036],[10.98737914043936,48.697151278160995],[11.00140933685594,48.66919986125259],[11.037103924694375,48.644329059864184],[11.041780838965849,48.62845705079498],[11.022796087475816,48.62030160602145],[11.05231888999501,48.60176018326114],[11.108804353800386,48.60687966619188],[11.154931220019968,48.595657124567545],[11.162978406351751,48.57324728637456],[11.152934331406389,48.54974994916709],[11.206367623632447,48.52663962659936],[11.213691594247832,48.49505735483203],[11.239006176223569,48.48662017574006],[11.266237135851025,48.46418937693753],[11.295302955001693,48.47453614684639],[11.311597882704625,48.452253065753986],[11.247658569683495,48.44097022269321],[11.239485809510601,48.43065781813539],[11.214297165791914,48.430559879485145],[11.194473836888807,48.43653116529626],[11.20622654689847,48.47577758176552],[11.171585891851242,48.477534908924085],[11.127301925721829,48.502032607197606],[11.085106852912284,48.499410568262604],[11.05943450593903,48.5203829624351],[11.020123826629195,48.47823133963573],[11.003807844511735,48.47346188312468],[10.971732338958002,48.47616292485425],[10.95820802474226,48.497233066035804],[10.923878152769998,48.510105551694],[10.871067220244546,48.49410513624208],[10.864031463819279,48.5064842491301],[10.870993254352681,48.53114972258862],[10.987052560526715,48.54968042973708],[10.972915379832482,48.569890934023064],[10.924253885220073,48.58689497998586],[10.911943201127242,48.58486121865738],[10.887413865640733,48.599323050363495],[10.878978310907709,48.61753339803658],[10.884125128046692,48.63687681687826],[10.835007034319476,48.634667594286206],[10.779457294520002,48.61897038327907],[10.76486388039145,48.59831239255474],[10.770444850495268,48.5625776254857],[10.750568206459963,48.50480814994937],[10.765280481625894,48.49748662272657],[10.717235934884899,48.48838053126931],[10.6724251288371,48.4973664241067],[10.612935740508819,48.49825179192986],[10.527610728546739,48.47097011642963],[10.482548030766697,48.48825602847064],[10.428983234592259,48.480209015647475],[10.425089165765167,48.503553271837305],[10.427045918289936,48.526191840130465],[10.416478318582758,48.525634176885134],[10.394536755268202,48.512456066017315],[10.388440393215346,48.4977715189686],[10.323295917774994,48.48064081496454],[10.296513680336082,48.49352461299615],[10.278195875849757,48.515975251598434],[10.312168890668284,48.52293411416258],[10.313634375310437,48.56102902696486],[10.299113781428192,48.62299883399109],[10.254529655373975,48.6645431120392],[10.268809622143033,48.70356469319725],[10.337521410417185,48.688912097717285],[10.351159412345556,48.65470654153271],[10.361203278322963,48.653185984391534],[10.389250747674566,48.66716001009235],[10.3921730056075,48.68724846926885],[10.406203439024726,48.69837154502871],[10.431591485649257,48.69942675690695],[10.439522268547591,48.69224629599358],[10.42481310003526,48.6711256192621],[10.408683218958064,48.6678139855929],[10.410772394366633,48.661043769852554],[10.46508715451162,48.67067623317077],[10.491780356201888,48.69053860384854],[10.487101782066794,48.69668789450164],[10.474568876196559,48.70277196079247],[10.46399433345071,48.73614475812963],[10.423587323290521,48.74421566987559],[10.419974293564387,48.77629003432739],[10.4302201092956,48.77910170700136],[10.448755196717059,48.810262339515496],[10.456849214012813,48.92050093949817],[10.451345227564627,48.938745114797996],[10.404023408120418,48.96677215328487],[10.40146227113887,48.97437242457537],[10.413390222934884,48.9782143275153],[10.424941444117014,49.00374594888099],[10.469153721130368,49.01133544348215],[10.5395762582893,49.005530725967276],[10.539097531409386,49.02194327560616],[10.553064858000639,49.03301010354473],[10.595345311773741,49.03446126198599]]]}},{"type":"Feature","properties":{"wkr_nr":255,"wkr_name":"Neu-Ulm","state_name":"Bayern","elected_party":"csu","elected_party_share":0.5751,"zweitstimme_top_party":"csu","zweitstimme_top_share":0.5275,"turnout":0.680047632873415,"eligible_voters":237651.0,"erststimme_top6":[["csu",0.5751],["spd",0.184],["gruene",0.0782],["afd",0.047],["linke_pds",0.0347],["fdp",0.0274]],"zweitstimme_top6":[["csu",0.5275],["spd",0.181],["gruene",0.065],["afd",0.056],["fdp",0.0467],["linke_pds",0.0372]]},"geometry":{"type":"Polygon","coordinates":[[[10.230911421797126,48.51050930478925],[10.278195875849757,48.515975251598434],[10.296513680336082,48.49352461299615],[10.323295917774994,48.48064081496454],[10.388440393215346,48.4977715189686],[10.394536755268202,48.512456066017315],[10.416478318582758,48.525634176885134],[10.427045918289936,48.526191840130465],[10.425089165765167,48.503553271837305],[10.428983234592259,48.480209015647475],[10.482548030766697,48.48825602847064],[10.527610728546739,48.47097011642963],[10.543146553022927,48.42645358148575],[10.505830343699204,48.413651635465655],[10.535451828879195,48.40267729311989],[10.512793842022154,48.3746646990108],[10.518246564244428,48.34714443892161],[10.494765779898364,48.317528417255645],[10.537984434037407,48.31235387822651],[10.549894108710333,48.31906518905437],[10.582247103872604,48.316651236589216],[10.586429845196639,48.284262247423875],[10.56127734434169,48.221397605155836],[10.573624797079189,48.21206490997543],[10.564498390081928,48.20161175061801],[10.544975240136193,48.20343203516787],[10.518543843764855,48.22507340998323],[10.479318030863139,48.2171874707305],[10.390272676144539,48.17881133025105],[10.482827806551258,48.15402708444889],[10.510096673522861,48.1331151822871],[10.524096805590442,48.10156357164112],[10.51556168454415,48.09369338183772],[10.491894770687537,48.0984540557961],[10.454183157809222,48.08387427135613],[10.431153280424386,48.01970043565283],[10.38630022177725,48.01936447944586],[10.38254766934096,48.025786639653376],[10.34458090162346,48.0189149567586],[10.322172189557632,48.008205781519266],[10.316640626662128,47.993754797475255],[10.296510069957998,47.9874832744874],[10.274168863297032,48.03385544383645],[10.256718064150322,48.043911285018666],[10.229421577813158,48.04235389028249],[10.22928881959734,48.04747780923403],[10.21598963559708,48.0445699934588],[10.169010023326376,48.02369532252131],[10.135920894610095,48.022761661093895],[10.127935263718204,48.03320718028133],[10.144145228284097,48.059133296082294],[10.136542503683758,48.108466150749905],[10.11112914934202,48.12611841033478],[10.09490440049901,48.16433448325729],[10.067035726629754,48.24838354495182],[10.065728224612068,48.28185958351221],[9.997971459728419,48.349627716708525],[9.992207966840501,48.36914655020695],[9.978567457844083,48.36254095532974],[9.967575939324517,48.37360155469799],[10.014173471568807,48.403743188492584],[10.034217836916618,48.427691184591296],[10.031541081965294,48.45581230287146],[10.056586574017127,48.45414335933559],[10.103331762129253,48.475261857771265],[10.133968306407999,48.45484976480874],[10.167653752033639,48.4595332294318],[10.188126080884357,48.477384309443906],[10.236246781793403,48.48867514242744],[10.237417776885591,48.50016399395482],[10.240968394234185,48.50601441656631],[10.234498053191535,48.50561023039187],[10.230911421797126,48.51050930478925]]]}},{"type":"Feature","properties":{"wkr_nr":256,"wkr_name":"Oberallgäu","state_name":"Bayern","elected_party":"csu","elected_party_share":0.6067,"zweitstimme_top_party":"csu","zweitstimme_top_share":0.5235,"turnout":0.693937880665959,"eligible_voters":224278.0,"erststimme_top6":[["csu",0.6067],["spd",0.1734],["gruene",0.0844],["linke_pds",0.0359],["fdp",0.0357],["odp",0.0268]],"zweitstimme_top6":[["csu",0.5235],["spd",0.1603],["gruene",0.0927],["fdp",0.0566],["afd",0.0433],["linke_pds",0.0361]]},"geometry":{"type":"Polygon","coordinates":[[[10.31066051685123,47.858676671614255],[10.327001160408699,47.85811214798678],[10.351565398626423,47.84030336083701],[10.360243595022405,47.81613489000193],[10.435477996990434,47.798735258690854],[10.444526610667918,47.75954211747312],[10.469872164312871,47.74079254452775],[10.460921929402001,47.69506642783004],[10.480173348987442,47.68921393115079],[10.506954078518437,47.66210211332546],[10.501779553827697,47.63652467253775],[10.475141657434145,47.63096968554971],[10.44999792929996,47.61183345494283],[10.456378659867033,47.60202587052198],[10.472644418381082,47.60510134754383],[10.472819383652125,47.587043878525805],[10.437478252759934,47.583961632933494],[10.429961233786928,47.57721656523021],[10.452596117717865,47.551987927971936],[10.43105242633803,47.5034662398571],[10.44265803331288,47.48460973178118],[10.467997248828096,47.47697409263574],[10.473436857404028,47.4315920397585],[10.437468172708643,47.412723631169484],[10.415724465155826,47.37958186610112],[10.324069685277832,47.30543519298683],[10.242157410496514,47.27786971258493],[10.178290910844694,47.270134031454006],[10.178801393549083,47.29548308454739],[10.19913554571565,47.297477687667694],[10.214104881957144,47.31140887032968],[10.199449282226176,47.326465923235624],[10.236177606061384,47.3817667161443],[10.226959770695748,47.38877587132455],[10.181742258958181,47.39227961229582],[10.169351212949142,47.385808875116126],[10.165752605342396,47.368902528075026],[10.141807350631662,47.36709942602094],[10.119349538686373,47.375638604468485],[10.099871690268355,47.35474894018672],[10.077546274639012,47.40373771052184],[10.105719659278149,47.42849188760987],[10.052862991080394,47.47619265508947],[9.995332480868925,47.48634910503524],[9.965115222515783,47.521271849124595],[9.968092048327623,47.54620607009642],[9.922671666303009,47.529659816522525],[9.878019765149665,47.53822645863095],[9.874401984667413,47.528590451025046],[9.815740633466616,47.547442645855284],[9.827619935977975,47.578474613034004],[9.800450109979927,47.595729504149],[9.765475913346874,47.58881721673969],[9.726882751308123,47.53880491014451],[9.712784703756478,47.55050757497361],[9.619718516884882,47.57036634337167],[9.602250402798257,47.58407389870238],[9.658178697665573,47.612061396321835],[9.692098225741908,47.61032523086627],[9.704263152832663,47.60158005770626],[9.749200562898011,47.60311276530188],[9.828456432627517,47.65779253838889],[9.830617560677956,47.67179620408224],[9.856538281713846,47.67777329375289],[9.932697794896248,47.653872286618295],[9.967914701939177,47.6536143136664],[10.002380635535337,47.683425763161665],[10.058985628440507,47.680682495401825],[10.07720981295837,47.639223219591365],[10.094300637314618,47.66505777083932],[10.129446917526245,47.67603407255154],[10.139524590458349,47.703793572957714],[10.118442613500891,47.730530796700975],[10.119067106908666,47.759552565551175],[10.066755575327226,47.78368195069219],[10.091658482689239,47.801354811126174],[10.116743361053722,47.80078263233321],[10.135992282644143,47.812497558603255],[10.131988708332955,47.820119150121506],[10.152441570605454,47.8217506446216],[10.186137737952624,47.83901693741736],[10.235882206644083,47.83958125540398],[10.31066051685123,47.858676671614255]]]}},{"type":"Feature","properties":{"wkr_nr":257,"wkr_name":"Ostallgäu","state_name":"Bayern","elected_party":"csu","elected_party_share":0.5976,"zweitstimme_top_party":"csu","zweitstimme_top_share":0.5511,"turnout":0.685643716186652,"eligible_voters":244541.0,"erststimme_top6":[["csu",0.5976],["spd",0.1505],["gruene",0.0604],["afd",0.0412],["freie_wahler",0.0326],["bp",0.0289]],"zweitstimme_top6":[["csu",0.5511],["spd",0.1501],["gruene",0.0708],["afd",0.048],["fdp",0.0462],["linke_pds",0.0317]]},"geometry":{"type":"Polygon","coordinates":[[[10.518543843764855,48.22507340998323],[10.544975240136193,48.20343203516787],[10.564498390081928,48.20161175061801],[10.573624797079189,48.21206490997543],[10.591105522756022,48.21056522256075],[10.59752012107834,48.19058149217746],[10.544637611768177,48.173119639780616],[10.606652328240559,48.16257739032552],[10.684875648150943,48.17236568154741],[10.696094087264184,48.16420880794678],[10.687056205835614,48.118184538058145],[10.6931548415411,48.095380301743404],[10.702155446806415,48.09868065950561],[10.801773916509744,48.10450636584276],[10.816841150820766,48.105226782415514],[10.808051819929418,48.08662937588661],[10.784396547481832,48.076256354188104],[10.756501917136944,48.04648624794952],[10.764944333153666,48.03439106329347],[10.795413309686827,48.04009806421598],[10.815526195727038,48.030956485746145],[10.822513445140466,47.99080383819134],[10.78369817937967,47.92160145898177],[10.789348971214304,47.884560397269105],[10.764932572682334,47.86558489997965],[10.766790351731133,47.84365927009806],[10.746835719492415,47.81036774432364],[10.749082060241175,47.79523979866817],[10.76565680322893,47.78526998719524],[10.761651225228352,47.7667481364064],[10.73768224845469,47.76538958567066],[10.715802802675455,47.705493322300946],[10.73562327817012,47.686439742322754],[10.755132428555829,47.68837311064333],[10.794339415283384,47.71854603454763],[10.828785486424929,47.727680881402776],[10.778226677137571,47.66221227523772],[10.798202354941479,47.65629826668948],[10.84712692899055,47.66452853191696],[10.914802044137446,47.66039952625002],[10.903197512330818,47.6372032825068],[10.936245200417725,47.61658751700123],[10.953356024450525,47.617054395197016],[10.926791454339902,47.5867443610787],[10.872928723035404,47.57242193830583],[10.886315256376154,47.53679268387199],[10.798547543076769,47.52021256127798],[10.694828079433536,47.5446878943517],[10.691118465709165,47.558513344270345],[10.600655780775712,47.568140147462074],[10.573488893287792,47.53395373007295],[10.524626090557238,47.535175756509474],[10.489386116211737,47.54004860282067],[10.454657425465774,47.55575764339331],[10.47006250905481,47.56943521676841],[10.472819383652125,47.587043878525805],[10.472644418381082,47.60510134754383],[10.456378659867033,47.60202587052198],[10.44999792929996,47.61183345494283],[10.475141657434145,47.63096968554971],[10.501779553827697,47.63652467253775],[10.506954078518437,47.66210211332546],[10.480173348987442,47.68921393115079],[10.460921929402001,47.69506642783004],[10.469872164312871,47.74079254452775],[10.444526610667918,47.75954211747312],[10.435477996990434,47.798735258690854],[10.360243595022405,47.81613489000193],[10.351565398626423,47.84030336083701],[10.327001160408699,47.85811214798678],[10.31066051685123,47.858676671614255],[10.235882206644083,47.83958125540398],[10.186137737952624,47.83901693741736],[10.152441570605454,47.8217506446216],[10.131988708332955,47.820119150121506],[10.11031884178536,47.83997823350098],[10.103556816030695,47.864498219554456],[10.083089025265343,47.85571242076426],[10.076723867497336,47.86785027101068],[10.091747651019382,47.86738930060136],[10.106678292325677,47.87816988098543],[10.101305653929412,47.90238801043808],[10.110112489199327,47.93709548479492],[10.08464214117776,47.9574134319545],[10.0890181485199,47.96983623317012],[10.105685772067426,47.974540256592185],[10.115247301587354,47.97587435169579],[10.119717340888572,48.00410676307866],[10.133689441591509,48.01620718998076],[10.135920894610095,48.022761661093895],[10.169010023326376,48.02369532252131],[10.21598963559708,48.0445699934588],[10.22928881959734,48.04747780923403],[10.229421577813158,48.04235389028249],[10.256718064150322,48.043911285018666],[10.274168863297032,48.03385544383645],[10.296510069957998,47.9874832744874],[10.316640626662128,47.993754797475255],[10.322172189557632,48.008205781519266],[10.34458090162346,48.0189149567586],[10.38254766934096,48.025786639653376],[10.38630022177725,48.01936447944586],[10.431153280424386,48.01970043565283],[10.454183157809222,48.08387427135613],[10.491894770687537,48.0984540557961],[10.51556168454415,48.09369338183772],[10.524096805590442,48.10156357164112],[10.510096673522861,48.1331151822871],[10.482827806551258,48.15402708444889],[10.390272676144539,48.17881133025105],[10.479318030863139,48.2171874707305],[10.518543843764855,48.22507340998323]]]}},{"type":"Feature","properties":{"wkr_nr":258,"wkr_name":"Stuttgart I","state_name":"Baden-Württemberg","elected_party":"cdu","elected_party_share":0.4196,"zweitstimme_top_party":"cdu","zweitstimme_top_share":0.3749,"turnout":0.79787228478328,"eligible_voters":191191.0,"erststimme_top6":[["cdu",0.4196],["gruene",0.2745],["spd",0.1656],["linke_pds",0.0385],["afd",0.0274],["fdp",0.0257]],"zweitstimme_top6":[["cdu",0.3749],["spd",0.2097],["gruene",0.1751],["fdp",0.0828],["linke_pds",0.0623],["afd",0.0415]]},"geometry":{"type":"Polygon","coordinates":[[[9.083938153927432,48.79682751350839],[9.126195350827297,48.77650404309003],[9.179644106901568,48.80887021327887],[9.196594637814089,48.80792804281792],[9.20314129553109,48.80211565559009],[9.194590824651058,48.78287951823966],[9.207745801680673,48.76699228104515],[9.252845437008167,48.768370027342854],[9.266995591740871,48.75273456958419],[9.25661581807001,48.74145988091301],[9.21294379645335,48.72915313178097],[9.245018973412922,48.69440532078733],[9.205053915511543,48.6923053928385],[9.16921683406063,48.705492603605734],[9.112316308376991,48.709194025624186],[9.106372762653463,48.71045492808132],[9.038814362669049,48.741328249916236],[9.067698865877983,48.7566161691678],[9.076906737363805,48.7553259328084],[9.085118088512264,48.77175789540103],[9.08819785928644,48.78195067059886],[9.075236620456272,48.787442380377435],[9.083938153927432,48.79682751350839]]]}},{"type":"Feature","properties":{"wkr_nr":259,"wkr_name":"Stuttgart II","state_name":"Baden-Württemberg","elected_party":"cdu","elected_party_share":0.4383,"zweitstimme_top_party":"cdu","zweitstimme_top_share":0.3933,"turnout":0.733923655115151,"eligible_voters":183064.0,"erststimme_top6":[["cdu",0.4383],["spd",0.2612],["gruene",0.1393],["linke_pds",0.0499],["afd",0.0339],["fdp",0.0271]],"zweitstimme_top6":[["cdu",0.3933],["spd",0.229],["gruene",0.1379],["fdp",0.067],["linke_pds",0.0669],["afd",0.0455]]},"geometry":{"type":"Polygon","coordinates":[[[9.233418541687378,48.849437849021015],[9.244278896713443,48.84701172177829],[9.240576078127573,48.828670543848666],[9.258625321247672,48.79558730836137],[9.314444361524767,48.774549423730654],[9.275405831344612,48.768878979978645],[9.266995591740871,48.75273456958419],[9.252845437008167,48.768370027342854],[9.207745801680673,48.76699228104515],[9.194590824651058,48.78287951823966],[9.20314129553109,48.80211565559009],[9.196594637814089,48.80792804281792],[9.179644106901568,48.80887021327887],[9.126195350827297,48.77650404309003],[9.083938153927432,48.79682751350839],[9.099374139863196,48.82961048938143],[9.11387576386617,48.82345350452862],[9.136876044836308,48.82788827448205],[9.157951110252734,48.85399724798187],[9.189971801347163,48.84765998756847],[9.228547515621464,48.85825428490798],[9.233418541687378,48.849437849021015]]]}},{"type":"Feature","properties":{"wkr_nr":260,"wkr_name":"Böblingen","state_name":"Baden-Württemberg","elected_party":"cdu","elected_party_share":0.5426,"zweitstimme_top_party":"cdu","zweitstimme_top_share":0.4688,"turnout":0.77348175844097,"eligible_voters":247128.0,"erststimme_top6":[["cdu",0.5426],["spd",0.2367],["gruene",0.094],["linke_pds",0.0404],["fdp",0.0344],["piraten",0.0237]],"zweitstimme_top6":[["cdu",0.4688],["spd",0.1997],["gruene",0.1036],["fdp",0.0714],["afd",0.0511],["linke_pds",0.0435]]},"geometry":{"type":"Polygon","coordinates":[[[8.804127803342636,48.77772650267989],[8.83058785037451,48.797363495835484],[8.86135505739197,48.79268170878444],[8.88767043848333,48.802989914702465],[8.899217489208276,48.81994198990043],[8.894265768649083,48.82519958541859],[8.873917833139991,48.8159923221803],[8.87140329564884,48.83613679544194],[8.906323829495067,48.86264548349244],[8.92876993495972,48.86643879964876],[8.936776927339762,48.86673583401873],[8.95807446667145,48.85457416199929],[8.9659276414907,48.82975109846217],[9.02126614660903,48.829306763329676],[9.04309815576555,48.82113197490588],[9.031400798758446,48.798186000675514],[9.051048141640933,48.76411105435372],[9.067698865877983,48.7566161691678],[9.038814362669049,48.741328249916236],[9.106372762653463,48.71045492808132],[9.094016246127932,48.70577719746293],[9.08827402538783,48.673713868797655],[9.106235219946905,48.66472728602386],[9.096475145979992,48.62186358325965],[9.0787121296982,48.589981405763744],[8.953373438261202,48.58809529777721],[8.909420911759351,48.57006759863248],[8.890477237453272,48.55994221089976],[8.883706176504536,48.54082709284214],[8.850956727005972,48.537789685646764],[8.858257993237803,48.51683536523734],[8.83892309986933,48.499017279821324],[8.769240460609158,48.52215828136069],[8.758352399389095,48.530953308330446],[8.74869984695659,48.60484623077345],[8.795066951569371,48.59412709626649],[8.798645804452516,48.65868562007227],[8.84225299380294,48.68512285471544],[8.864650428679006,48.719035915072695],[8.854964977257318,48.73463097612043],[8.800674300891858,48.772238785715494],[8.804127803342636,48.77772650267989]]]}},{"type":"Feature","properties":{"wkr_nr":261,"wkr_name":"Esslingen","state_name":"Baden-Württemberg","elected_party":"cdu","elected_party_share":0.5126,"zweitstimme_top_party":"cdu","zweitstimme_top_share":0.4481,"turnout":0.776762988471328,"eligible_voters":166975.0,"erststimme_top6":[["cdu",0.5126],["spd",0.2521],["gruene",0.1109],["linke_pds",0.0373],["afd",0.0301],["piraten",0.0229]],"zweitstimme_top6":[["cdu",0.4481],["spd",0.2194],["gruene",0.1205],["fdp",0.0611],["linke_pds",0.0456],["afd",0.0454]]},"geometry":{"type":"Polygon","coordinates":[[[9.314444361524767,48.774549423730654],[9.34157159019455,48.76729367365765],[9.386718049213352,48.7704746029301],[9.390314274970985,48.7881619360837],[9.407478368581458,48.77877558874],[9.420866117295441,48.76303578699211],[9.446495943622546,48.77752860762039],[9.488718931905531,48.765760599974826],[9.502446654614188,48.75310646417311],[9.511113382292136,48.7494487189832],[9.49062659690509,48.722696711025755],[9.488158868859813,48.68706880570986],[9.440633787915232,48.6801488608141],[9.394958986883667,48.652921845049036],[9.363448726790658,48.66047488733715],[9.365213168778778,48.66734653911417],[9.348750664903406,48.67212981630781],[9.270189442958587,48.66584974204856],[9.245018973412922,48.69440532078733],[9.21294379645335,48.72915313178097],[9.25661581807001,48.74145988091301],[9.266995591740871,48.75273456958419],[9.275405831344612,48.768878979978645],[9.314444361524767,48.774549423730654]]]}},{"type":"Feature","properties":{"wkr_nr":262,"wkr_name":"Nürtingen","state_name":"Baden-Württemberg","elected_party":"cdu","elected_party_share":0.5096,"zweitstimme_top_party":"cdu","zweitstimme_top_share":0.4598,"turnout":0.777877680359261,"eligible_voters":205756.0,"erststimme_top6":[["cdu",0.5096],["spd",0.2527],["gruene",0.099],["linke_pds",0.0329],["afd",0.0319],["fdp",0.0252]],"zweitstimme_top6":[["cdu",0.4598],["spd",0.1988],["gruene",0.1164],["fdp",0.0687],["afd",0.048],["linke_pds",0.0412]]},"geometry":{"type":"Polygon","coordinates":[[[9.08827402538783,48.673713868797655],[9.094016246127932,48.70577719746293],[9.106372762653463,48.71045492808132],[9.112316308376991,48.709194025624186],[9.16921683406063,48.705492603605734],[9.205053915511543,48.6923053928385],[9.245018973412922,48.69440532078733],[9.270189442958587,48.66584974204856],[9.348750664903406,48.67212981630781],[9.365213168778778,48.66734653911417],[9.363448726790658,48.66047488733715],[9.394958986883667,48.652921845049036],[9.440633787915232,48.6801488608141],[9.488158868859813,48.68706880570986],[9.510433284037923,48.659422034008976],[9.55467985887786,48.65594832950212],[9.595678730979241,48.61181709053178],[9.593751675016854,48.574469572558534],[9.560388882268454,48.55197432503679],[9.582460783077678,48.53904822633401],[9.56575129612403,48.538075790519564],[9.533731111403867,48.51991671838972],[9.49073363303593,48.521175004502815],[9.480768237842408,48.534922463093345],[9.450749877407947,48.546669699143024],[9.394022990728196,48.530758996955974],[9.33579254377694,48.542964590597045],[9.294664775005744,48.56535294723102],[9.216357290342732,48.56790662984345],[9.207305124646265,48.574137008501836],[9.205115138761762,48.60341484830773],[9.185955721390258,48.59828935172915],[9.181289947057902,48.6046848125991],[9.15095534841926,48.60461403981619],[9.13166103706093,48.601658843201605],[9.111823807398045,48.60370944504889],[9.096475145979992,48.62186358325965],[9.106235219946905,48.66472728602386],[9.08827402538783,48.673713868797655]]]}},{"type":"Feature","properties":{"wkr_nr":263,"wkr_name":"Göppingen","state_name":"Baden-Württemberg","elected_party":"cdu","elected_party_share":0.4904,"zweitstimme_top_party":"cdu","zweitstimme_top_share":0.4581,"turnout":0.740423156366884,"eligible_voters":179130.0,"erststimme_top6":[["cdu",0.4904],["spd",0.2421],["gruene",0.1072],["afd",0.0527],["linke_pds",0.036],["fdp",0.0336]],"zweitstimme_top6":[["cdu",0.4581],["spd",0.2169],["gruene",0.1013],["afd",0.063],["fdp",0.0583],["linke_pds",0.0425]]},"geometry":{"type":"Polygon","coordinates":[[[9.587032758235956,48.78098991114471],[9.626495230533125,48.77388986030506],[9.737949830571043,48.77620455675222],[9.805444615432856,48.7212383709575],[9.837786483461766,48.7299863156114],[9.884106156321245,48.71458101231409],[9.902801669988042,48.71606473612554],[9.906546126439196,48.72984946176242],[9.895804018263252,48.725307526405956],[9.88282981720369,48.73779473171416],[9.887829923497497,48.75185136121078],[9.987694754135827,48.72728900014716],[9.99240052048866,48.70532901333147],[9.968356869838427,48.67156187928868],[9.945603643483453,48.66284830736064],[9.93164543259451,48.66724695464926],[9.920884507236053,48.64866130385962],[9.944161192351599,48.63187760207079],[9.896734162028011,48.62139004644329],[9.871048373957766,48.589085543473146],[9.81487057266446,48.55838350540881],[9.727064189996941,48.56083678932177],[9.722945017646163,48.546879978218136],[9.677563828796172,48.52320290515685],[9.653655775281539,48.52086927394432],[9.611772116680307,48.54065199260604],[9.585155706932277,48.53677438606548],[9.582460783077678,48.53904822633401],[9.560388882268454,48.55197432503679],[9.593751675016854,48.574469572558534],[9.595678730979241,48.61181709053178],[9.55467985887786,48.65594832950212],[9.510433284037923,48.659422034008976],[9.488158868859813,48.68706880570986],[9.49062659690509,48.722696711025755],[9.511113382292136,48.7494487189832],[9.502446654614188,48.75310646417311],[9.51662385940808,48.76237802004023],[9.552320070393785,48.74512571156969],[9.579548343092084,48.74875280952985],[9.585378910552109,48.75996664638437],[9.570887475731547,48.77637372636835],[9.587032758235956,48.78098991114471]]]}},{"type":"Feature","properties":{"wkr_nr":264,"wkr_name":"Waiblingen","state_name":"Baden-Württemberg","elected_party":"cdu","elected_party_share":0.5141,"zweitstimme_top_party":"cdu","zweitstimme_top_share":0.456,"turnout":0.773472415768088,"eligible_voters":221739.0,"erststimme_top6":[["cdu",0.5141],["spd",0.2297],["gruene",0.1053],["afd",0.0384],["fdp",0.0375],["linke_pds",0.0367]],"zweitstimme_top6":[["cdu",0.456],["spd",0.2007],["gruene",0.1031],["fdp",0.0785],["afd",0.0539],["linke_pds",0.0451]]},"geometry":{"type":"Polygon","coordinates":[[[9.639460823283047,48.93842045190079],[9.67397262246973,48.940037543964955],[9.747713824283103,48.89682437688867],[9.769623651941375,48.834123783275366],[9.720049505670968,48.8141529449508],[9.699952355192563,48.82561663164601],[9.643152882383125,48.818955938826186],[9.650562282610254,48.80695983061388],[9.619852552277179,48.787429151435795],[9.626495230533125,48.77388986030506],[9.587032758235956,48.78098991114471],[9.570887475731547,48.77637372636835],[9.585378910552109,48.75996664638437],[9.579548343092084,48.74875280952985],[9.552320070393785,48.74512571156969],[9.51662385940808,48.76237802004023],[9.502446654614188,48.75310646417311],[9.488718931905531,48.765760599974826],[9.446495943622546,48.77752860762039],[9.420866117295441,48.76303578699211],[9.407478368581458,48.77877558874],[9.390314274970985,48.7881619360837],[9.386718049213352,48.7704746029301],[9.34157159019455,48.76729367365765],[9.314444361524767,48.774549423730654],[9.258625321247672,48.79558730836137],[9.240576078127573,48.828670543848666],[9.244278896713443,48.84701172177829],[9.267534586146441,48.859569606044325],[9.293781952614113,48.862459656894934],[9.29885428189824,48.88914082287884],[9.312958594594823,48.900484652491706],[9.333679257780952,48.90763921472977],[9.359363601661453,48.90461925763887],[9.377847997437009,48.91684786377502],[9.385216318119525,48.92146669297294],[9.461395132068782,48.89171711814858],[9.555725266899074,48.91357861219399],[9.584910900271945,48.89760100778382],[9.594752841860977,48.93274032781025],[9.636465969813703,48.94688756621238],[9.639460823283047,48.93842045190079]]]}},{"type":"Feature","properties":{"wkr_nr":265,"wkr_name":"Ludwigsburg","state_name":"Baden-Württemberg","elected_party":"cdu","elected_party_share":0.5041,"zweitstimme_top_party":"cdu","zweitstimme_top_share":0.4401,"turnout":0.775427684218548,"eligible_voters":209968.0,"erststimme_top6":[["cdu",0.5041],["spd",0.2116],["gruene",0.1349],["linke_pds",0.0482],["fdp",0.0319],["piraten",0.0271]],"zweitstimme_top6":[["cdu",0.4401],["spd",0.2129],["gruene",0.1168],["fdp",0.0691],["afd",0.0511],["linke_pds",0.0471]]},"geometry":{"type":"Polygon","coordinates":[[[8.904189075338051,49.02177972115149],[8.932492584263553,49.01183054796895],[8.984451632766474,49.004650885866745],[9.022103291392256,48.98165838750585],[9.04569435023319,48.942825315548966],[9.090565149114441,48.91608144187706],[9.126580437376296,48.90889035554144],[9.129175954693805,48.920859678397626],[9.20500736407499,48.92220818929594],[9.249950621267436,48.93059167359948],[9.312958594594823,48.900484652491706],[9.29885428189824,48.88914082287884],[9.293781952614113,48.862459656894934],[9.267534586146441,48.859569606044325],[9.244278896713443,48.84701172177829],[9.233418541687378,48.849437849021015],[9.228547515621464,48.85825428490798],[9.189971801347163,48.84765998756847],[9.157951110252734,48.85399724798187],[9.136876044836308,48.82788827448205],[9.11387576386617,48.82345350452862],[9.099374139863196,48.82961048938143],[9.083938153927432,48.79682751350839],[9.075236620456272,48.787442380377435],[9.08819785928644,48.78195067059886],[9.085118088512264,48.77175789540103],[9.076906737363805,48.7553259328084],[9.067698865877983,48.7566161691678],[9.051048141640933,48.76411105435372],[9.031400798758446,48.798186000675514],[9.04309815576555,48.82113197490588],[9.02126614660903,48.829306763329676],[8.9659276414907,48.82975109846217],[8.95807446667145,48.85457416199929],[8.936776927339762,48.86673583401873],[8.92876993495972,48.86643879964876],[8.902236832909917,48.93516986811418],[8.906680865168784,48.9445321617388],[8.94209219033974,48.9382756697715],[8.946343669790249,48.95619758196794],[8.904189075338051,49.02177972115149]]]}},{"type":"Feature","properties":{"wkr_nr":266,"wkr_name":"Neckar-Zaber","state_name":"Baden-Württemberg","elected_party":"cdu","elected_party_share":0.5319,"zweitstimme_top_party":"cdu","zweitstimme_top_share":0.4529,"turnout":0.781182883427196,"eligible_voters":226751.0,"erststimme_top6":[["cdu",0.5319],["spd",0.2637],["gruene",0.0945],["linke_pds",0.0442],["fdp",0.031],["npd",0.0197]],"zweitstimme_top6":[["cdu",0.4529],["spd",0.2103],["gruene",0.1058],["fdp",0.0673],["afd",0.0554],["linke_pds",0.0415]]},"geometry":{"type":"Polygon","coordinates":[[[9.091306694933268,49.17028594649644],[9.099311949855185,49.16937900428546],[9.158604775528294,49.149851755208594],[9.158070740360948,49.14206229317927],[9.130343590379878,49.12655407069257],[9.161270343082025,49.0928645132771],[9.205063534475793,49.112878715118235],[9.25430743602325,49.10865684301274],[9.301489040108157,49.11652129716891],[9.345002303391595,49.105684372370014],[9.412178773904719,49.07363082980372],[9.39727697418957,49.0595153470859],[9.41685587129665,49.047944045835834],[9.399661690234467,49.04407087042251],[9.3996310412982,49.03838611903965],[9.34376265463691,49.00483285899546],[9.369806157866982,48.97561595384512],[9.367770864802084,48.96665509186094],[9.303038857966753,48.94810135703672],[9.320600483229034,48.93372435312841],[9.377847997437009,48.91684786377502],[9.359363601661453,48.90461925763887],[9.333679257780952,48.90763921472977],[9.312958594594823,48.900484652491706],[9.249950621267436,48.93059167359948],[9.20500736407499,48.92220818929594],[9.129175954693805,48.920859678397626],[9.126580437376296,48.90889035554144],[9.090565149114441,48.91608144187706],[9.04569435023319,48.942825315548966],[9.022103291392256,48.98165838750585],[8.984451632766474,49.004650885866745],[8.932492584263553,49.01183054796895],[8.904189075338051,49.02177972115149],[8.875995861337953,49.03548303969691],[8.880547197137396,49.056411424752305],[8.877746673962088,49.058510785180715],[8.869474831814069,49.072608862265454],[8.891712566210584,49.08166483114967],[8.976283401137351,49.079641131184886],[9.012142724373847,49.103899883698446],[9.010361435171259,49.1101269652893],[9.04096424888703,49.117333089488504],[9.074372328576494,49.113899019083455],[9.084298787838124,49.146287475232846],[9.071570698927252,49.15397285978551],[9.091306694933268,49.17028594649644]]]}},{"type":"Feature","properties":{"wkr_nr":267,"wkr_name":"Heilbronn","state_name":"Baden-Württemberg","elected_party":"cdu","elected_party_share":0.5137,"zweitstimme_top_party":"cdu","zweitstimme_top_share":0.4577,"turnout":0.719088290793525,"eligible_voters":241656.0,"erststimme_top6":[["cdu",0.5137],["spd",0.2705],["gruene",0.0747],["linke_pds",0.0442],["fdp",0.0362],["piraten",0.0269]],"zweitstimme_top6":[["cdu",0.4577],["spd",0.2211],["gruene",0.0854],["fdp",0.0637],["afd",0.054],["linke_pds",0.0474]]},"geometry":{"type":"Polygon","coordinates":[[[9.33222195564241,49.38766149011003],[9.35375820109557,49.37329469859677],[9.41478409705832,49.35929802608561],[9.443542812724601,49.36438248153316],[9.460203686408668,49.35571073399144],[9.473296491222026,49.321652275670104],[9.50749552209756,49.313409821793925],[9.489196311275943,49.298472134860525],[9.439825174275825,49.28804514306413],[9.424880823382773,49.26746899877472],[9.425334486128662,49.22774775963867],[9.453177580438835,49.220776033268486],[9.42655904078981,49.20352980408125],[9.376022270090006,49.194642786259706],[9.34833634382648,49.17118329803487],[9.385872411888535,49.14913673084164],[9.432069127244082,49.15119275486701],[9.43714767373389,49.09683067690424],[9.47742435699445,49.109627536762964],[9.48923397376846,49.13932905624225],[9.508645922515889,49.13369506218929],[9.527234496411097,49.10800935037202],[9.501692575453882,49.10256926940188],[9.501278430027607,49.078906842180785],[9.450472339034098,49.072921393696795],[9.43199338219553,49.047954458682945],[9.41685587129665,49.047944045835834],[9.39727697418957,49.0595153470859],[9.412178773904719,49.07363082980372],[9.345002303391595,49.105684372370014],[9.301489040108157,49.11652129716891],[9.25430743602325,49.10865684301274],[9.205063534475793,49.112878715118235],[9.161270343082025,49.0928645132771],[9.130343590379878,49.12655407069257],[9.158070740360948,49.14206229317927],[9.158604775528294,49.149851755208594],[9.099311949855185,49.16937900428546],[9.091306694933268,49.17028594649644],[9.071570698927252,49.15397285978551],[9.084298787838124,49.146287475232846],[9.074372328576494,49.113899019083455],[9.04096424888703,49.117333089488504],[9.010361435171259,49.1101269652893],[9.012142724373847,49.103899883698446],[8.976283401137351,49.079641131184886],[8.891712566210584,49.08166483114967],[8.890245443425117,49.1088618318818],[8.872579707304025,49.13129604625555],[8.82842971808118,49.12546363274799],[8.842135809720665,49.1501241907618],[8.817887591599499,49.15716229080917],[8.826000800356955,49.18862099895248],[8.817415626757168,49.19415786510527],[8.861882086414978,49.17554634652616],[8.896304003219058,49.18192662573451],[8.890263079380253,49.20217533115647],[8.957142124930455,49.21310813309725],[9.00607695356289,49.24251885709138],[9.03018514791719,49.270958837803214],[9.02142543442716,49.29872118042576],[9.048990204563273,49.29306525662516],[9.071892219586182,49.27829632234737],[9.150590181823825,49.27391684462175],[9.162441568547562,49.328592772588124],[9.197809640323012,49.32683086413573],[9.240638998327313,49.302164643540365],[9.260346003592296,49.30767092648118],[9.26939075831587,49.33052986113149],[9.310415659974888,49.362242617339255],[9.310470134231855,49.37721214253652],[9.33222195564241,49.38766149011003]]]}},{"type":"Feature","properties":{"wkr_nr":268,"wkr_name":"Schwäbisch Hall - Hohenlohe","state_name":"Baden-Württemberg","elected_party":"cdu","elected_party_share":0.5228,"zweitstimme_top_party":"cdu","zweitstimme_top_share":0.4662,"turnout":0.705883663719338,"eligible_voters":224384.0,"erststimme_top6":[["cdu",0.5228],["spd",0.2294],["gruene",0.1],["linke_pds",0.0425],["fdp",0.0393],["piraten",0.0271]],"zweitstimme_top6":[["cdu",0.4662],["spd",0.1999],["gruene",0.1001],["fdp",0.0663],["afd",0.0499],["linke_pds",0.0482]]},"geometry":{"type":"Polygon","coordinates":[[[9.603880443025675,49.42653746539807],[9.642853660508178,49.43029745676613],[9.638594192066105,49.41403747312804],[9.69109998404695,49.41209755464219],[9.712688126159376,49.39790094156888],[9.828307564083358,49.39455155085901],[9.855670835793951,49.36812487674184],[9.913018105769627,49.369128223292066],[9.934451542369798,49.35159248244049],[9.980488523209116,49.37429646777634],[10.041494838754442,49.369239361301474],[10.03197656512344,49.38445846982904],[10.0676159859654,49.39269156015418],[10.107814254729336,49.39585357487729],[10.112075829698588,49.38492874238245],[10.103429094399118,49.341628156858945],[10.153072058908114,49.2817389069073],[10.144465795626413,49.267843718718005],[10.119177075307412,49.2560223180853],[10.124966607941326,49.19900095275954],[10.248127321910669,49.14791640451907],[10.257407442267223,49.12900653254133],[10.215445079614751,49.11330964823719],[10.210723797707765,49.096858578183856],[10.238293630334955,49.09204957793523],[10.265470663694181,49.06178481924574],[10.25702396964945,49.05981230406514],[10.200418807708138,49.040572336393126],[10.186281118454954,49.0469153423445],[10.188406546419959,49.05336972651907],[10.11538417512651,49.04297711385772],[9.981435005509335,49.04458674954389],[9.978454654626391,49.023769056432634],[10.005880380770584,48.98699396806044],[9.910253911918742,48.965300585428025],[9.890448882273153,48.94809102089199],[9.901003061693585,48.94315872528855],[9.878639743659146,48.9189028103439],[9.83790226857507,48.917762861580975],[9.795541634705906,48.95397908799243],[9.693641089540892,48.96406671647662],[9.67642377037787,48.97158218064802],[9.670734347802233,48.99196424354349],[9.600217477194578,49.00400242779587],[9.61500741517997,49.050091937739076],[9.537572469596613,49.05701237848931],[9.522205153793227,49.06512839350691],[9.519249351833857,49.077222488752845],[9.505174292454665,49.076365147201614],[9.501278430027607,49.078906842180785],[9.501692575453882,49.10256926940188],[9.527234496411097,49.10800935037202],[9.508645922515889,49.13369506218929],[9.48923397376846,49.13932905624225],[9.47742435699445,49.109627536762964],[9.43714767373389,49.09683067690424],[9.432069127244082,49.15119275486701],[9.385872411888535,49.14913673084164],[9.34833634382648,49.17118329803487],[9.376022270090006,49.194642786259706],[9.42655904078981,49.20352980408125],[9.453177580438835,49.220776033268486],[9.425334486128662,49.22774775963867],[9.424880823382773,49.26746899877472],[9.439825174275825,49.28804514306413],[9.489196311275943,49.298472134860525],[9.50749552209756,49.313409821793925],[9.473296491222026,49.321652275670104],[9.460203686408668,49.35571073399144],[9.443542812724601,49.36438248153316],[9.446048042956747,49.39081997933807],[9.464580130417776,49.39693227410768],[9.476420347672105,49.38527985737451],[9.507815832989312,49.3753281534076],[9.572309931211551,49.37620321526039],[9.594115217063584,49.391720529186024],[9.570077240022114,49.41615388429325],[9.603880443025675,49.42653746539807]]]}},{"type":"Feature","properties":{"wkr_nr":269,"wkr_name":"Backnang - Schwäbisch Gmünd","state_name":"Baden-Württemberg","elected_party":"cdu","elected_party_share":0.5536,"zweitstimme_top_party":"cdu","zweitstimme_top_share":0.4839,"turnout":0.742472952791363,"eligible_voters":175434.0,"erststimme_top6":[["cdu",0.5536],["spd",0.2479],["gruene",0.0817],["linke_pds",0.0397],["piraten",0.0302],["fdp",0.0277]],"zweitstimme_top6":[["cdu",0.4839],["spd",0.2037],["gruene",0.0906],["fdp",0.0577],["afd",0.0565],["linke_pds",0.0424]]},"geometry":{"type":"Polygon","coordinates":[[[9.501278430027607,49.078906842180785],[9.505174292454665,49.076365147201614],[9.519249351833857,49.077222488752845],[9.522205153793227,49.06512839350691],[9.537572469596613,49.05701237848931],[9.61500741517997,49.050091937739076],[9.600217477194578,49.00400242779587],[9.670734347802233,48.99196424354349],[9.67642377037787,48.97158218064802],[9.693641089540892,48.96406671647662],[9.795541634705906,48.95397908799243],[9.83790226857507,48.917762861580975],[9.878639743659146,48.9189028103439],[9.901003061693585,48.94315872528855],[9.90598218905543,48.949143961236736],[9.976216304916052,48.95398817734811],[10.018133149053327,48.94212173348484],[10.025413786445165,48.93039682839226],[10.024077060872226,48.90415334651131],[10.039875696176015,48.900470371367916],[10.036851540987618,48.88303724400606],[10.021467431127382,48.87919203673699],[10.008927858219124,48.887499358026325],[9.971487716625507,48.86646016260272],[9.996636791745573,48.80380237086568],[9.962644201572365,48.776501977261105],[9.964714408125305,48.761776520396026],[10.002957436504506,48.758459094704364],[10.004412686234925,48.73744701567065],[9.987694754135827,48.72728900014716],[9.887829923497497,48.75185136121078],[9.88282981720369,48.73779473171416],[9.895804018263252,48.725307526405956],[9.906546126439196,48.72984946176242],[9.902801669988042,48.71606473612554],[9.884106156321245,48.71458101231409],[9.837786483461766,48.7299863156114],[9.805444615432856,48.7212383709575],[9.737949830571043,48.77620455675222],[9.626495230533125,48.77388986030506],[9.619852552277179,48.787429151435795],[9.650562282610254,48.80695983061388],[9.643152882383125,48.818955938826186],[9.699952355192563,48.82561663164601],[9.720049505670968,48.8141529449508],[9.769623651941375,48.834123783275366],[9.747713824283103,48.89682437688867],[9.67397262246973,48.940037543964955],[9.639460823283047,48.93842045190079],[9.636465969813703,48.94688756621238],[9.594752841860977,48.93274032781025],[9.584910900271945,48.89760100778382],[9.555725266899074,48.91357861219399],[9.461395132068782,48.89171711814858],[9.385216318119525,48.92146669297294],[9.377847997437009,48.91684786377502],[9.320600483229034,48.93372435312841],[9.303038857966753,48.94810135703672],[9.367770864802084,48.96665509186094],[9.369806157866982,48.97561595384512],[9.34376265463691,49.00483285899546],[9.3996310412982,49.03838611903965],[9.399661690234467,49.04407087042251],[9.41685587129665,49.047944045835834],[9.43199338219553,49.047954458682945],[9.450472339034098,49.072921393696795],[9.501278430027607,49.078906842180785]]]}},{"type":"Feature","properties":{"wkr_nr":270,"wkr_name":"Aalen - Heidenheim","state_name":"Baden-Württemberg","elected_party":"cdu","elected_party_share":0.5764,"zweitstimme_top_party":"cdu","zweitstimme_top_share":0.4934,"turnout":0.730937078117501,"eligible_voters":222959.0,"erststimme_top6":[["cdu",0.5764],["spd",0.2465],["gruene",0.0775],["linke_pds",0.0495],["piraten",0.0308],["fdp",0.0178]],"zweitstimme_top6":[["cdu",0.4934],["spd",0.2228],["gruene",0.0841],["linke_pds",0.0465],["fdp",0.0452],["afd",0.0451]]},"geometry":{"type":"MultiPolygon","coordinates":[[[[10.240968394234235,48.50601441656628],[10.237417776885586,48.50016399395482],[10.234498053191489,48.505610230391845],[10.240968394234235,48.50601441656628]]],[[[10.25183382873472,49.04954352442501],[10.252284306898877,49.039113550298204],[10.295001997143634,49.042512191341174],[10.349660241455988,49.028228794906774],[10.35403040307805,49.004596034931076],[10.413390222934883,48.978214327515275],[10.401462271138847,48.97437242457534],[10.404023408120418,48.966772153284836],[10.451345227564634,48.93874511479804],[10.456849214012768,48.92050093949817],[10.44875519671703,48.810262339515475],[10.430220109295595,48.77910170700132],[10.419974293564374,48.77629003432742],[10.423587323290526,48.744215669875594],[10.463994333450689,48.7361447581296],[10.474568876196589,48.7027719607925],[10.48710178206675,48.69668789450166],[10.491780356201874,48.69053860384859],[10.46508715451159,48.670676233170774],[10.410772394366612,48.66104376985257],[10.408683218958116,48.6678139855929],[10.42481310003527,48.67112561926213],[10.439522268547616,48.69224629599357],[10.431591485649232,48.69942675690693],[10.40620343902475,48.69837154502867],[10.392173005607539,48.68724846926888],[10.389250747674566,48.66716001009236],[10.361203278322957,48.653185984391506],[10.351159412345575,48.65470654153271],[10.337521410417223,48.688912097717285],[10.268809622142996,48.70356469319726],[10.254529655373926,48.66454311203921],[10.29911378142821,48.622998833991076],[10.31363437531047,48.561029026964874],[10.312168890668286,48.52293411416261],[10.27819587584975,48.515975251598434],[10.230911421797108,48.51050930478928],[10.213233596100078,48.51713133609238],[10.200805964957432,48.54248021675112],[10.159787949584794,48.55727147894641],[10.113539224615018,48.556137165133066],[10.097961463677967,48.57795774932159],[10.040346732516653,48.60545583864188],[9.964585110954163,48.59446915091231],[9.969721583768814,48.612832775404634],[9.949820537642658,48.63059888727147],[9.944161192351553,48.63187760207082],[9.920884507236021,48.648661303859576],[9.931645432594458,48.667246954649265],[9.945603643483414,48.66284830736064],[9.968356869838477,48.67156187928871],[9.992400520488681,48.7053290133315],[9.987694754135804,48.72728900014714],[10.004412686234907,48.737447015670675],[10.002957436504497,48.75845909470439],[9.964714408125356,48.76177652039605],[9.962644201572358,48.77650197726109],[9.996636791745626,48.80380237086571],[9.971487716625537,48.86646016260272],[10.008927858219105,48.887499358026325],[10.0214674311274,48.87919203673698],[10.036851540987573,48.88303724400606],[10.03987569617597,48.9004703713679],[10.02407706087219,48.90415334651131],[10.025413786445215,48.93039682839226],[10.018133149053298,48.94212173348486],[9.97621630491609,48.95398817734813],[9.905982189055408,48.949143961236715],[9.901003061693597,48.94315872528851],[9.89044888227311,48.948091020891944],[9.910253911918698,48.96530058542802],[10.005880380770536,48.98699396806047],[9.978454654626372,49.02376905643268],[9.981435005509367,49.044586749543896],[10.115384175126525,49.04297711385773],[10.188406546419966,49.05336972651907],[10.186281118454934,49.04691534234449],[10.200418807708132,49.04057233639315],[10.257023969649492,49.05981230406511],[10.25183382873472,49.04954352442501]]]]}},{"type":"Feature","properties":{"wkr_nr":271,"wkr_name":"Karlsruhe-Stadt","state_name":"Baden-Württemberg","elected_party":"cdu","elected_party_share":0.3946,"zweitstimme_top_party":"cdu","zweitstimme_top_share":0.3754,"turnout":0.729336282110482,"eligible_voters":205735.0,"erststimme_top6":[["cdu",0.3946],["spd",0.2962],["gruene",0.1373],["linke_pds",0.049],["afd",0.0404],["piraten",0.0348]],"zweitstimme_top6":[["cdu",0.3754],["spd",0.2273],["gruene",0.1498],["fdp",0.0604],["linke_pds",0.0601],["afd",0.0561]]},"geometry":{"type":"Polygon","coordinates":[[[8.340671357010335,49.080335819449715],[8.34771655754035,49.064677772432624],[8.394234570014618,49.06887267427762],[8.423463491634674,49.09062809527438],[8.436567667495028,49.09127068315082],[8.427931911552022,49.07075908841224],[8.450030892067815,49.049979778227275],[8.472023042880187,49.03940583711381],[8.480973891621963,49.05430863058688],[8.519943626528871,49.03100468233482],[8.520973842702768,49.014168695306985],[8.500150301909928,48.99246268298442],[8.508838276804317,48.972050320961095],[8.52564934855994,48.96219372734886],[8.51303709258402,48.94372909210564],[8.46083499938638,48.94085344779393],[8.4392300683382,48.94629280770577],[8.447212562209154,48.960707679085395],[8.389682275713916,48.95763025661715],[8.343165710364655,48.98239115057935],[8.281202423266489,48.983083293836685],[8.27729324601547,48.9898784574208],[8.29742085417221,49.01298880110905],[8.311083256070908,49.052929850924656],[8.340671357010335,49.080335819449715]]]}},{"type":"Feature","properties":{"wkr_nr":272,"wkr_name":"Karlsruhe-Land","state_name":"Baden-Württemberg","elected_party":"cdu","elected_party_share":0.5332,"zweitstimme_top_party":"cdu","zweitstimme_top_share":0.4668,"turnout":0.762836558862935,"eligible_voters":209733.0,"erststimme_top6":[["cdu",0.5332],["spd",0.259],["gruene",0.0782],["linke_pds",0.0375],["fdp",0.0286],["piraten",0.0278]],"zweitstimme_top6":[["cdu",0.4668],["spd",0.2114],["gruene",0.096],["fdp",0.0604],["afd",0.0599],["linke_pds",0.0409]]},"geometry":{"type":"Polygon","coordinates":[[[8.381110593323072,49.18573258947879],[8.410220250874064,49.20813317094021],[8.425397909545286,49.20250807461115],[8.416844266406173,49.19303082321862],[8.437923921102316,49.198980883102635],[8.476082788514343,49.18333827718389],[8.507998758126499,49.189781640363606],[8.521736125212957,49.175501303940806],[8.512220175540422,49.1432125413067],[8.521076932456467,49.094474557682176],[8.535600207634728,49.07546738287044],[8.596692310099897,49.05951735630892],[8.68644641887399,49.093675903918076],[8.677475558094232,49.11895706426355],[8.647063889669633,49.12436944508267],[8.64101219472083,49.139927109394655],[8.67405706703539,49.167860321922824],[8.715561214125401,49.17351621465189],[8.747540791330461,49.15302047192909],[8.817887591599499,49.15716229080917],[8.842135809720665,49.1501241907618],[8.82842971808118,49.12546363274799],[8.872579707304025,49.13129604625555],[8.890245443425117,49.1088618318818],[8.891712566210584,49.08166483114967],[8.869474831814069,49.072608862265454],[8.877746673962088,49.058510785180715],[8.835864563647085,49.061537136659474],[8.83892343832579,49.03812225953426],[8.812129135159466,49.033613036096476],[8.797181228904169,49.045403784625584],[8.755285456692434,49.04527378492366],[8.732173689760835,49.02685207658893],[8.735301435043025,48.99457565154567],[8.71462949233843,48.988884028931174],[8.672197452685584,48.9934613179303],[8.660636888699917,49.00757690529093],[8.625831267445875,48.993485415027365],[8.574441265349853,48.9881187689181],[8.538100842138704,48.953586611144246],[8.541591991904305,48.93302772904494],[8.51934444504189,48.86755776668501],[8.468153555998597,48.84538477232839],[8.492968403058665,48.820158704110675],[8.434779836411598,48.819234421038836],[8.417324757187298,48.83523341033327],[8.416583408974919,48.835663650882964],[8.40345107426703,48.85789761270943],[8.365272030522775,48.85376819711404],[8.356495098657149,48.84444095655951],[8.305456676335467,48.86265296765509],[8.290066288829085,48.88655414497328],[8.296377502713371,48.91339172416714],[8.316626563725075,48.92299666962932],[8.34863080024233,48.92330854844393],[8.354480507173198,48.93446465721722],[8.25914434168217,48.95935518512572],[8.261611482334963,48.98126871273204],[8.27729324601547,48.9898784574208],[8.281202423266489,48.983083293836685],[8.343165710364655,48.98239115057935],[8.389682275713916,48.95763025661715],[8.447212562209154,48.960707679085395],[8.4392300683382,48.94629280770577],[8.46083499938638,48.94085344779393],[8.51303709258402,48.94372909210564],[8.52564934855994,48.96219372734886],[8.508838276804317,48.972050320961095],[8.500150301909928,48.99246268298442],[8.520973842702768,49.014168695306985],[8.519943626528871,49.03100468233482],[8.480973891621963,49.05430863058688],[8.472023042880187,49.03940583711381],[8.450030892067815,49.049979778227275],[8.427931911552022,49.07075908841224],[8.436567667495028,49.09127068315082],[8.423463491634674,49.09062809527438],[8.394234570014618,49.06887267427762],[8.34771655754035,49.064677772432624],[8.340671357010335,49.080335819449715],[8.359760516867235,49.10119729607554],[8.368149081950047,49.16772607156451],[8.381110593323072,49.18573258947879]]]}},{"type":"Feature","properties":{"wkr_nr":273,"wkr_name":"Rastatt","state_name":"Baden-Württemberg","elected_party":"cdu","elected_party_share":0.5345,"zweitstimme_top_party":"cdu","zweitstimme_top_share":0.4916,"turnout":0.713830069138301,"eligible_voters":207555.0,"erststimme_top6":[["cdu",0.5345],["spd",0.2299],["gruene",0.084],["afd",0.0482],["linke_pds",0.0348],["fdp",0.0311]],"zweitstimme_top6":[["cdu",0.4916],["spd",0.2058],["gruene",0.0906],["fdp",0.0578],["afd",0.0575],["linke_pds",0.0415]]},"geometry":{"type":"Polygon","coordinates":[[[8.232572895068763,48.96650385675974],[8.261611482334963,48.98126871273204],[8.25914434168217,48.95935518512572],[8.354480507173198,48.93446465721722],[8.34863080024233,48.92330854844393],[8.316626563725075,48.92299666962932],[8.296377502713371,48.91339172416714],[8.290066288829085,48.88655414497328],[8.305456676335467,48.86265296765509],[8.356495098657149,48.84444095655951],[8.365272030522775,48.85376819711404],[8.40345107426703,48.85789761270943],[8.416583408974919,48.835663650882964],[8.381598991888971,48.83357303657573],[8.378921641723526,48.830902892970194],[8.404491700178884,48.82205633047828],[8.43310589655889,48.771059332588116],[8.484897803829671,48.754196256972136],[8.475708246131456,48.72408628628301],[8.447657234746082,48.686792423250395],[8.44623051451042,48.65989207511188],[8.429981469720877,48.64455254254714],[8.40929299201964,48.639373785104276],[8.392067859725733,48.63581093376244],[8.382857433411054,48.61988710877838],[8.3478090981567,48.5981747680165],[8.318036039159963,48.58822420593958],[8.260363670322306,48.58889887626817],[8.22197372291863,48.60315349372141],[8.247453085208972,48.60278572568585],[8.241082530766507,48.629278194863005],[8.201811998039842,48.6289272423639],[8.141729557300108,48.65682973605306],[8.11284675777754,48.650108416590214],[8.072956911859412,48.671857855189444],[7.977389093942754,48.68724993316381],[7.990584544457865,48.70114108838229],[7.959445110893564,48.71840834207312],[7.973154257559703,48.75863005934893],[8.01310463810591,48.76053418027959],[8.030444944220307,48.78737736585943],[8.069555078259322,48.79118010825498],[8.094156900412393,48.8083417842287],[8.146678814480312,48.90239497949814],[8.19888901089728,48.95815199781386],[8.232572895068763,48.96650385675974]]]}},{"type":"Feature","properties":{"wkr_nr":274,"wkr_name":"Heidelberg","state_name":"Baden-Württemberg","elected_party":"cdu","elected_party_share":0.4092,"zweitstimme_top_party":"cdu","zweitstimme_top_share":0.3746,"turnout":0.778802739611842,"eligible_voters":215943.0,"erststimme_top6":[["cdu",0.4092],["spd",0.3057],["gruene",0.1226],["afd",0.049],["linke_pds",0.0414],["fdp",0.0311]],"zweitstimme_top6":[["cdu",0.3746],["spd",0.2339],["gruene",0.1478],["fdp",0.0699],["afd",0.0614],["linke_pds",0.0566]]},"geometry":{"type":"Polygon","coordinates":[[[8.581339907054025,49.51975041431093],[8.618016096724569,49.54953742365914],[8.603280717296078,49.59388192462869],[8.590541162182502,49.59652227524996],[8.59387166350768,49.61039350154683],[8.69272953763002,49.6237344535752],[8.685755777007822,49.60812813309564],[8.67231579731982,49.60937940649211],[8.702482352760606,49.53524280200771],[8.766328597239724,49.51477820567358],[8.749120871230145,49.49545172127342],[8.780199532969686,49.47009138477713],[8.764645136179759,49.46917991018927],[8.761795111580673,49.475102995757766],[8.751448252186261,49.45905680962802],[8.767934000082915,49.45426715545591],[8.791205981764538,49.42305643323226],[8.793746375100303,49.40529224807037],[8.768991762281878,49.37922149081095],[8.697151666399886,49.35790027454084],[8.640311915498332,49.36999496661497],[8.633304814824324,49.35283820344861],[8.599666136411825,49.36741405292117],[8.617919294363743,49.37938982836694],[8.611678976143677,49.405499535354394],[8.573518582585226,49.415747892151025],[8.58279470374348,49.42645035502662],[8.590116956928133,49.459481878277074],[8.54391668116919,49.47720082511498],[8.553180815206314,49.49083897723957],[8.587219759626112,49.50239112745102],[8.581339907054025,49.51975041431093]]]}},{"type":"Feature","properties":{"wkr_nr":275,"wkr_name":"Mannheim","state_name":"Baden-Württemberg","elected_party":"cdu","elected_party_share":0.3982,"zweitstimme_top_party":"cdu","zweitstimme_top_share":0.3506,"turnout":0.694098979977333,"eligible_voters":198525.0,"erststimme_top6":[["cdu",0.3982],["spd",0.3236],["gruene",0.1224],["linke_pds",0.0662],["piraten",0.0341],["fdp",0.0279]],"zweitstimme_top6":[["cdu",0.3506],["spd",0.2753],["gruene",0.1108],["linke_pds",0.0753],["afd",0.06],["fdp",0.0547]]},"geometry":{"type":"Polygon","coordinates":[[[8.422628622673793,49.583471820384226],[8.472835456095725,49.58509667922334],[8.54204303695187,49.52822988536582],[8.581339907054025,49.51975041431093],[8.587219759626112,49.50239112745102],[8.553180815206314,49.49083897723957],[8.54391668116919,49.47720082511498],[8.590116956928133,49.459481878277074],[8.58279470374348,49.42645035502662],[8.573518582585226,49.415747892151025],[8.524014251619247,49.411286597118],[8.497231663858784,49.411207109764646],[8.50665552889223,49.43790231804359],[8.472540412763902,49.44358634334212],[8.441855950707287,49.451242143502505],[8.464041851763808,49.47079729892914],[8.442478305051061,49.49293810092159],[8.423208990773913,49.54176867185087],[8.421779235424946,49.57239210521002],[8.422628622673793,49.583471820384226]]]}},{"type":"Feature","properties":{"wkr_nr":276,"wkr_name":"Odenwald - Tauber","state_name":"Baden-Württemberg","elected_party":"cdu","elected_party_share":0.5912,"zweitstimme_top_party":"cdu","zweitstimme_top_share":0.5189,"turnout":0.72899486468251,"eligible_voters":213424.0,"erststimme_top6":[["cdu",0.5912],["spd",0.2133],["gruene",0.0588],["afd",0.041],["linke_pds",0.0336],["piraten",0.0194]],"zweitstimme_top6":[["cdu",0.5189],["spd",0.1975],["gruene",0.0717],["afd",0.0522],["fdp",0.0519],["linke_pds",0.0416]]},"geometry":{"type":"Polygon","coordinates":[[[9.462105144897285,49.77041937043665],[9.480570004153323,49.78740590209537],[9.500073546818234,49.78879788676905],[9.551819559984983,49.7605522992905],[9.581261746778848,49.77821729626499],[9.64874118131124,49.79127066724794],[9.641918918074134,49.723261471512615],[9.625300577420703,49.703140946499005],[9.662726244634946,49.689192256271696],[9.676016003045834,49.69333788953464],[9.677042666261114,49.71622351976635],[9.710698498094315,49.726916676312754],[9.72790631474764,49.6872350366177],[9.749684838700096,49.695512424242665],[9.752665431792842,49.71001681649148],[9.79576094665595,49.72619721903694],[9.831951858624272,49.702874540385665],[9.822314592790224,49.664733012162614],[9.835054127558763,49.64649862654456],[9.855543366695816,49.64155160746888],[9.87123630846116,49.611671397226154],[9.848553670439836,49.57775023625968],[9.810105270696726,49.55736107533486],[9.859329968205294,49.54603492524238],[9.87520764556685,49.57863286426903],[9.912253561330104,49.58567558069529],[9.927386529445656,49.54954896057085],[9.925125142723697,49.508584272827704],[9.91390631001048,49.49299089033216],[9.92608037878633,49.484961663189424],[10.017783278874171,49.48421958379198],[10.06099258685284,49.51900057426643],[10.038777767285882,49.53012496342625],[10.06162880381607,49.54434193772893],[10.08367315264253,49.54322569419623],[10.109824403513462,49.501772287666306],[10.100916565661546,49.48566896692327],[10.118176500702868,49.472320299638845],[10.161750512493198,49.3952581284671],[10.146205328724248,49.38561814463082],[10.112075829698588,49.38492874238245],[10.107814254729336,49.39585357487729],[10.0676159859654,49.39269156015418],[10.03197656512344,49.38445846982904],[10.041494838754442,49.369239361301474],[9.980488523209116,49.37429646777634],[9.934451542369798,49.35159248244049],[9.913018105769627,49.369128223292066],[9.855670835793951,49.36812487674184],[9.828307564083358,49.39455155085901],[9.712688126159376,49.39790094156888],[9.69109998404695,49.41209755464219],[9.638594192066105,49.41403747312804],[9.642853660508178,49.43029745676613],[9.603880443025675,49.42653746539807],[9.570077240022114,49.41615388429325],[9.594115217063584,49.391720529186024],[9.572309931211551,49.37620321526039],[9.507815832989312,49.3753281534076],[9.476420347672105,49.38527985737451],[9.464580130417776,49.39693227410768],[9.446048042956747,49.39081997933807],[9.443542812724601,49.36438248153316],[9.41478409705832,49.35929802608561],[9.35375820109557,49.37329469859677],[9.33222195564241,49.38766149011003],[9.310470134231855,49.37721214253652],[9.310415659974888,49.362242617339255],[9.26939075831587,49.33052986113149],[9.260346003592296,49.30767092648118],[9.240638998327313,49.302164643540365],[9.197809640323012,49.32683086413573],[9.162441568547562,49.328592772588124],[9.150590181823825,49.27391684462175],[9.071892219586182,49.27829632234737],[9.048990204563273,49.29306525662516],[9.054579954041582,49.30119532651759],[9.038438026092969,49.31947345068177],[8.940718552502027,49.37261436834916],[8.938768293907197,49.38857827542436],[8.962906187156205,49.398627260198886],[8.978350591685944,49.394220645272185],[9.02571810118602,49.41982124027957],[9.047736996840952,49.44575732348518],[9.02947103830992,49.47232150559918],[9.086562242586796,49.499954228351875],[9.070978596392372,49.509179132504315],[9.083679142839184,49.52625513992687],[9.09975786552584,49.52620895882494],[9.106194212844057,49.50971071438021],[9.124185496695672,49.51630672309863],[9.115495740268411,49.53385897398083],[9.085959119600913,49.544474004460724],[9.100358186910928,49.56141347437432],[9.102705556719156,49.57749142496892],[9.194522625246185,49.57391808512354],[9.240486182284918,49.58145588653923],[9.285020409725542,49.61488525162799],[9.275176420216845,49.62493495750256],[9.30415840556666,49.65387933538762],[9.38397561507154,49.64270872110848],[9.406197268089162,49.64550837848277],[9.419368056286785,49.65899064524948],[9.411389158943123,49.66377170219991],[9.397254307743328,49.67188891135935],[9.422353726139159,49.69614431352826],[9.399677176147852,49.729598145913734],[9.380584568403867,49.72624768393944],[9.382430187399859,49.7051646516541],[9.35737687903146,49.70424275223867],[9.320890599000377,49.74190275225538],[9.31331751122564,49.76563180654583],[9.383644333287219,49.77225208533025],[9.425480564879118,49.789543018233225],[9.446578176778996,49.772540049851145],[9.462105144897285,49.77041937043665]]]}},{"type":"Feature","properties":{"wkr_nr":277,"wkr_name":"Rhein-Neckar","state_name":"Baden-Württemberg","elected_party":"cdu","elected_party_share":0.4965,"zweitstimme_top_party":"cdu","zweitstimme_top_share":0.4383,"turnout":0.74855134127563,"eligible_voters":197424.0,"erststimme_top6":[["cdu",0.4965],["spd",0.2592],["gruene",0.0827],["afd",0.0459],["linke_pds",0.04],["piraten",0.0266]],"zweitstimme_top6":[["cdu",0.4383],["spd",0.2227],["gruene",0.0955],["fdp",0.0648],["afd",0.0603],["linke_pds",0.0477]]},"geometry":{"type":"MultiPolygon","coordinates":[[[[8.819449424499647,49.509902608675425],[8.83844676167838,49.49880372354618],[8.899577967091426,49.50364007510597],[8.900710383735007,49.4852433613758],[8.866354667679099,49.464399525456415],[8.866431097103932,49.47455783269238],[8.851910752887393,49.483682455336755],[8.82614293584204,49.4688422291173],[8.837109354997622,49.433179446589435],[8.801324030511848,49.4110051544188],[8.814992036851645,49.39650285367514],[8.85571466173536,49.39732417343073],[8.951321819042441,49.45588706964129],[8.935637579028723,49.465542165664964],[8.931713080081794,49.47061975986888],[8.978793537638499,49.509183953683305],[9.015462909517266,49.498407540911224],[9.041066167924749,49.498839303145644],[9.050133547567293,49.519837812566145],[9.068499354115872,49.5272511047539],[9.083679142839204,49.52625513992686],[9.070978596392425,49.509179132504315],[9.086562242586764,49.49995422835188],[9.029471038309945,49.47232150559922],[9.047736996840944,49.44575732348519],[9.02571810118598,49.41982124027959],[8.978350591685913,49.39422064527216],[8.962906187156243,49.398627260198914],[8.938768293907222,49.38857827542435],[8.940718552502076,49.37261436834916],[9.03843802609298,49.31947345068174],[9.05457995404162,49.30119532651764],[9.048990204563317,49.29306525662516],[9.02142543442715,49.29872118042579],[9.030185147917154,49.270958837803214],[9.006076953562928,49.24251885709138],[8.957142124930467,49.21310813309723],[8.890263079380302,49.20217533115649],[8.896304003219104,49.18192662573452],[8.861882086414958,49.175546346526204],[8.817415626757144,49.19415786510525],[8.752751073410865,49.20553957653251],[8.746330926118361,49.22391044527589],[8.722686577953414,49.23804265699555],[8.697302363337233,49.228538664336035],[8.676316284846672,49.2296336756785],[8.570520438528291,49.25486371279027],[8.575152551879098,49.262174007556],[8.561425702677937,49.26610618498692],[8.572715113679907,49.28436541065058],[8.603347566559007,49.285388934127916],[8.600046430312563,49.336198776947036],[8.633304814824285,49.35283820344864],[8.640311915498348,49.369994966614925],[8.697151666399861,49.35790027454087],[8.768991762281832,49.379221490810934],[8.793746375100284,49.40529224807033],[8.791205981764525,49.42305643323228],[8.767934000082883,49.45426715545591],[8.751448252186284,49.459056809628],[8.761795111580724,49.475102995757744],[8.764645136179796,49.46917991018928],[8.780199532969712,49.47009138477715],[8.74912087123019,49.49545172127342],[8.766328597239683,49.51477820567358],[8.811621487034639,49.5268027177522],[8.823183125265126,49.52378371261019],[8.819449424499647,49.509902608675425]]],[[[9.07812264230329,49.5748375991111],[9.088633799821878,49.56080676608204],[9.100358186910961,49.561413474374305],[9.08595911960096,49.54447400446075],[9.07087963713807,49.56577247572902],[9.07812264230329,49.5748375991111]]]]}},{"type":"Feature","properties":{"wkr_nr":278,"wkr_name":"Bruchsal - Schwetzingen","state_name":"Baden-Württemberg","elected_party":"cdu","elected_party_share":0.5184,"zweitstimme_top_party":"cdu","zweitstimme_top_share":0.466,"turnout":0.740519410266748,"eligible_voters":195953.0,"erststimme_top6":[["cdu",0.5184],["spd",0.2471],["gruene",0.0678],["afd",0.044],["linke_pds",0.0375],["fdp",0.0278]],"zweitstimme_top6":[["cdu",0.466],["spd",0.2158],["gruene",0.0818],["afd",0.0608],["fdp",0.0569],["linke_pds",0.0444]]},"geometry":{"type":"Polygon","coordinates":[[[8.524014251619247,49.411286597118],[8.573518582585226,49.415747892151025],[8.611678976143677,49.405499535354394],[8.617919294363743,49.37938982836694],[8.599666136411825,49.36741405292117],[8.633304814824324,49.35283820344861],[8.60004643031255,49.33619877694705],[8.603347566558982,49.28538893412787],[8.572715113679902,49.28436541065053],[8.561425702677983,49.266106184986945],[8.575152551879144,49.262174007556034],[8.570520438528328,49.25486371279025],[8.676316284846692,49.22963367567852],[8.697302363337176,49.22853866433606],[8.722686577953464,49.23804265699555],[8.746330926118357,49.223910445275855],[8.75275107341087,49.2055395765325],[8.817415626757168,49.19415786510527],[8.826000800356955,49.18862099895248],[8.817887591599499,49.15716229080917],[8.747540791330461,49.15302047192909],[8.715561214125401,49.17351621465189],[8.67405706703539,49.167860321922824],[8.64101219472083,49.139927109394655],[8.647063889669633,49.12436944508267],[8.677475558094232,49.11895706426355],[8.68644641887399,49.093675903918076],[8.596692310099897,49.05951735630892],[8.535600207634728,49.07546738287044],[8.521076932456467,49.094474557682176],[8.512220175540422,49.1432125413067],[8.521736125212957,49.175501303940806],[8.507998758126499,49.189781640363606],[8.476082788514343,49.18333827718389],[8.437923921102316,49.198980883102635],[8.416844266406173,49.19303082321862],[8.425397909545286,49.20250807461115],[8.410220250874064,49.20813317094021],[8.381110593323072,49.18573258947879],[8.392199986950779,49.20204182993032],[8.388176461511035,49.23230906105519],[8.413110678937569,49.24976787277378],[8.467048775245187,49.283046077842194],[8.487119406163483,49.29013784639054],[8.483474624768501,49.305163569180145],[8.450723879614303,49.31978771883846],[8.470089226296935,49.340292341127004],[8.497781103011754,49.36588052996318],[8.500462518541289,49.38887326334415],[8.471240419735711,49.37316669578442],[8.463506882593888,49.384465843751514],[8.496344243837306,49.40220219084831],[8.49622404250691,49.4066048997351],[8.496443419388244,49.40807443293421],[8.497231663858784,49.411207109764646],[8.524014251619247,49.411286597118]]]}},{"type":"Feature","properties":{"wkr_nr":279,"wkr_name":"Pforzheim","state_name":"Baden-Württemberg","elected_party":"cdu","elected_party_share":0.4945,"zweitstimme_top_party":"cdu","zweitstimme_top_share":0.4511,"turnout":0.725038185983926,"eligible_voters":219976.0,"erststimme_top6":[["cdu",0.4945],["spd",0.2294],["gruene",0.0798],["fdp",0.0577],["afd",0.0512],["linke_pds",0.0409]],"zweitstimme_top6":[["cdu",0.4511],["spd",0.202],["gruene",0.0895],["afd",0.0723],["fdp",0.071],["linke_pds",0.046]]},"geometry":{"type":"Polygon","coordinates":[[[8.877746673962088,49.058510785180715],[8.880547197137396,49.056411424752305],[8.875995861337953,49.03548303969691],[8.904189075338051,49.02177972115149],[8.946343669790249,48.95619758196794],[8.94209219033974,48.9382756697715],[8.906680865168784,48.9445321617388],[8.902236832909917,48.93516986811418],[8.92876993495972,48.86643879964876],[8.906323829495067,48.86264548349244],[8.87140329564884,48.83613679544194],[8.873917833139991,48.8159923221803],[8.894265768649083,48.82519958541859],[8.899217489208276,48.81994198990043],[8.88767043848333,48.802989914702465],[8.86135505739197,48.79268170878444],[8.83058785037451,48.797363495835484],[8.804127803342636,48.77772650267989],[8.78505347085357,48.777290482408475],[8.740133474622668,48.80338756867749],[8.730480353915864,48.79868166853328],[8.697504764226844,48.837229783928144],[8.69120492171289,48.83509612512438],[8.694418713663467,48.81659114002644],[8.653721652032326,48.812162254506205],[8.619548349033826,48.826180555082914],[8.558366414420297,48.81049150897032],[8.537705336941983,48.78426248520451],[8.516833687036437,48.79725834344635],[8.533088535294405,48.80382426794616],[8.492968403058665,48.820158704110675],[8.468153555998597,48.84538477232839],[8.51934444504189,48.86755776668501],[8.541591991904305,48.93302772904494],[8.538100842138704,48.953586611144246],[8.574441265349853,48.9881187689181],[8.625831267445875,48.993485415027365],[8.660636888699917,49.00757690529093],[8.672197452685584,48.9934613179303],[8.71462949233843,48.988884028931174],[8.735301435043025,48.99457565154567],[8.732173689760835,49.02685207658893],[8.755285456692434,49.04527378492366],[8.797181228904169,49.045403784625584],[8.812129135159466,49.033613036096476],[8.83892343832579,49.03812225953426],[8.835864563647085,49.061537136659474],[8.877746673962088,49.058510785180715]]]}},{"type":"Feature","properties":{"wkr_nr":280,"wkr_name":"Calw","state_name":"Baden-Württemberg","elected_party":"cdu","elected_party_share":0.5852,"zweitstimme_top_party":"cdu","zweitstimme_top_share":0.5114,"turnout":0.734276276185128,"eligible_voters":197679.0,"erststimme_top6":[["cdu",0.5852],["spd",0.2025],["gruene",0.0703],["linke_pds",0.0427],["fdp",0.0285],["piraten",0.0213]],"zweitstimme_top6":[["cdu",0.5114],["spd",0.1765],["gruene",0.0764],["fdp",0.0642],["afd",0.0629],["linke_pds",0.0415]]},"geometry":{"type":"Polygon","coordinates":[[[8.416583408974919,48.835663650882964],[8.417324757187298,48.83523341033327],[8.434779836411598,48.819234421038836],[8.492968403058665,48.820158704110675],[8.533088535294405,48.80382426794616],[8.516833687036437,48.79725834344635],[8.537705336941983,48.78426248520451],[8.558366414420297,48.81049150897032],[8.619548349033826,48.826180555082914],[8.653721652032326,48.812162254506205],[8.694418713663467,48.81659114002644],[8.69120492171289,48.83509612512438],[8.697504764226844,48.837229783928144],[8.730480353915864,48.79868166853328],[8.740133474622668,48.80338756867749],[8.78505347085357,48.777290482408475],[8.804127803342636,48.77772650267989],[8.800674300891858,48.772238785715494],[8.854964977257318,48.73463097612043],[8.864650428679006,48.719035915072695],[8.84225299380294,48.68512285471544],[8.798645804452516,48.65868562007227],[8.795066951569371,48.59412709626649],[8.74869984695659,48.60484623077345],[8.758352399389095,48.530953308330446],[8.769240460609158,48.52215828136069],[8.755622622174833,48.503979510083084],[8.825166192054008,48.46309012415304],[8.780556169818082,48.44425307361098],[8.763415045871401,48.427453328577926],[8.773881480846383,48.41620353293402],[8.752538840064993,48.38714841385058],[8.758226473449914,48.38241965973977],[8.737067353100473,48.37785426386472],[8.690278399605564,48.38741635097126],[8.676021658679296,48.39991220724944],[8.607636969184025,48.39609879617976],[8.598464368709939,48.40542956934965],[8.52046251017371,48.4008686011758],[8.483700385078194,48.38222650740228],[8.484361510330556,48.34911060711234],[8.50219563392101,48.330757565407126],[8.494235583975055,48.31437716739549],[8.458720549097077,48.312613728790296],[8.364573088425487,48.334705602063025],[8.359824706715473,48.377154363950915],[8.332296296132945,48.38696263727728],[8.303892196482224,48.34896021608077],[8.25936234950562,48.36614971176835],[8.246911946450249,48.395181617608046],[8.232848696301158,48.401338397826954],[8.25482866260161,48.414121797982276],[8.275069763860131,48.47886718549551],[8.266119399460191,48.49090518060213],[8.228526236714576,48.49787358131383],[8.219324177795508,48.50705294191933],[8.216994559923407,48.5467350030007],[8.236850976213281,48.578120362837765],[8.20638667379885,48.60217827271069],[8.22197372291863,48.60315349372141],[8.260363670322306,48.58889887626817],[8.318036039159963,48.58822420593958],[8.3478090981567,48.5981747680165],[8.382857433411054,48.61988710877838],[8.392067859725733,48.63581093376244],[8.40929299201964,48.639373785104276],[8.429981469720877,48.64455254254714],[8.44623051451042,48.65989207511188],[8.447657234746082,48.686792423250395],[8.475708246131456,48.72408628628301],[8.484897803829671,48.754196256972136],[8.43310589655889,48.771059332588116],[8.404491700178884,48.82205633047828],[8.378921641723526,48.830902892970194],[8.381598991888971,48.83357303657573],[8.416583408974919,48.835663650882964]]]}},{"type":"Feature","properties":{"wkr_nr":281,"wkr_name":"Freiburg","state_name":"Baden-Württemberg","elected_party":"cdu","elected_party_share":0.3489,"zweitstimme_top_party":"cdu","zweitstimme_top_share":0.3542,"turnout":0.766658161405555,"eligible_voters":219472.0,"erststimme_top6":[["cdu",0.3489],["spd",0.3003],["gruene",0.2087],["linke_pds",0.0485],["afd",0.0253],["piraten",0.023]],"zweitstimme_top6":[["cdu",0.3542],["spd",0.2209],["gruene",0.1984],["linke_pds",0.0787],["fdp",0.0484],["afd",0.0383]]},"geometry":{"type":"Polygon","coordinates":[[[7.662715649197864,47.9666311322595],[7.628507682207449,47.9541595341067],[7.613076388263386,47.958163139719],[7.621836640055121,47.97231550190946],[7.61614984652694,47.99057829093689],[7.568941576525819,48.03467021857015],[7.577287372402096,48.115495034936856],[7.614226621331327,48.106563537667945],[7.750026767116997,48.11303768299885],[7.824887777652038,48.06878472917788],[7.850195259830469,48.05158577392619],[7.874068509746891,48.01527613798573],[7.928051109241411,48.01091513054601],[7.930835841904279,47.991162603848764],[7.915123012209,47.96331761443294],[7.924780900086842,47.94013156515927],[7.908426244718018,47.91434225352112],[7.884999027925684,47.904194178546724],[7.874875644870583,47.90371912010044],[7.794625431454517,47.874538327630354],[7.772256761981389,47.875554681787314],[7.725105245605386,47.90098378474235],[7.677611387964341,47.95932680743314],[7.662043618904947,47.96566803399991],[7.662715649197864,47.9666311322595]]]}},{"type":"Feature","properties":{"wkr_nr":282,"wkr_name":"Lörrach - Müllheim","state_name":"Baden-Württemberg","elected_party":"cdu","elected_party_share":0.5011,"zweitstimme_top_party":"cdu","zweitstimme_top_share":0.437,"turnout":0.71665736363795,"eligible_voters":229316.0,"erststimme_top6":[["cdu",0.5011],["spd",0.2462],["gruene",0.1201],["linke_pds",0.0389],["afd",0.0359],["fdp",0.0238]],"zweitstimme_top6":[["cdu",0.437],["spd",0.2178],["gruene",0.127],["fdp",0.0565],["afd",0.051],["linke_pds",0.0484]]},"geometry":{"type":"Polygon","coordinates":[[[7.662715649197864,47.9666311322595],[7.662043618904947,47.96566803399991],[7.677611387964341,47.95932680743314],[7.725105245605386,47.90098378474235],[7.772256761981389,47.875554681787314],[7.794625431454517,47.874538327630354],[7.874875644870583,47.90371912010044],[7.884999027925684,47.904194178546724],[7.889878540170045,47.87875717062866],[8.01232983537509,47.8661775735281],[8.022321550300157,47.85980008374249],[8.018353214808956,47.841364541196604],[8.000140585521548,47.827681320240536],[8.004236809321531,47.77361130739201],[7.970731742674463,47.758541085284165],[7.980280604544349,47.700926145855284],[7.90970694801315,47.64996611842662],[7.871383446597103,47.645128228087074],[7.878051756349484,47.6169862453976],[7.901369306524471,47.60189624483995],[7.89514015147356,47.58573452993313],[7.832884608082299,47.58669965003906],[7.788629729615299,47.55467307252265],[7.695871166356757,47.53265266770554],[7.668677583851555,47.53557788025463],[7.637821736697566,47.55983497442535],[7.683626943432213,47.5706699805247],[7.675175195144369,47.592024757694126],[7.641921906386073,47.59294889389881],[7.619288092190201,47.57688439237089],[7.60481007329227,47.57786969899263],[7.589057561331427,47.589864879018414],[7.592114956774103,47.603449703681605],[7.566944055601062,47.63210422264295],[7.520179500402385,47.66620288592474],[7.512653927354301,47.70074680849628],[7.543602424394941,47.721959070923745],[7.546214856059785,47.74353049343348],[7.530286488878787,47.78350405498692],[7.563148000178412,47.84361416254084],[7.557094028032455,47.878990449057135],[7.579090880486143,47.894129039253485],[7.583491167082739,47.931564504360125],[7.613076388263386,47.958163139719],[7.628507682207449,47.9541595341067],[7.662715649197864,47.9666311322595]]]}},{"type":"Feature","properties":{"wkr_nr":283,"wkr_name":"Emmendingen - Lahr","state_name":"Baden-Württemberg","elected_party":"cdu","elected_party_share":0.5232,"zweitstimme_top_party":"cdu","zweitstimme_top_share":0.4579,"turnout":0.713601981235768,"eligible_voters":215623.0,"erststimme_top6":[["cdu",0.5232],["spd",0.2641],["gruene",0.1153],["linke_pds",0.0465],["odp",0.02],["fdp",0.0182]],"zweitstimme_top6":[["cdu",0.4579],["spd",0.2124],["gruene",0.1209],["fdp",0.0512],["linke_pds",0.0464],["afd",0.0451]]},"geometry":{"type":"Polygon","coordinates":[[[7.752534030240132,48.43266055182113],[7.798035398089347,48.41471384185183],[7.824424774682764,48.407348203449416],[7.820341377846595,48.40131292048084],[7.832090565170463,48.39352073169236],[7.85444160454405,48.39916102938082],[7.85490305712096,48.408012036253524],[7.916429303087932,48.40532251679186],[7.929350103290624,48.39876562984197],[7.978976264961774,48.356723708424425],[7.977763589405844,48.30424792840428],[7.99398910551621,48.28941686220856],[8.0109083107852,48.31419586176006],[8.03115166347147,48.325239567102216],[8.054839237879625,48.31114415858623],[8.10569976108262,48.31574898329828],[8.109056487498929,48.34133962838485],[8.154053985660527,48.33870699440354],[8.155771404248767,48.32390089732508],[8.123590388049161,48.26786391470295],[8.17285862053502,48.24993300547234],[8.17652496792684,48.232462116916345],[8.16643515010135,48.22164689746802],[8.179845061120718,48.18399248195434],[8.140418496330934,48.164596468979234],[8.13292420792628,48.1357788856309],[8.166283608735297,48.07558144308186],[8.148526413266628,48.06766250050849],[8.129704857753394,48.07365550334114],[8.109060779638886,48.062502136355846],[8.116844342535876,48.028975118967104],[8.136469333183491,48.010778882085475],[8.12257069084426,48.01053259052777],[8.066833660698533,48.063150636963286],[8.023939046159912,48.058640802914546],[7.956771345113147,48.06376739004969],[7.947729822469761,48.057587062273484],[7.923572166820484,48.06362935920671],[7.911004014723686,48.05585033042588],[7.850195259830469,48.05158577392619],[7.824887777652038,48.06878472917788],[7.750026767116997,48.11303768299885],[7.614226621331327,48.106563537667945],[7.577287372402096,48.115495034936856],[7.598868006861615,48.135689024359394],[7.602096956576814,48.159405697632316],[7.665388816716423,48.22004621329909],[7.680826498897625,48.257201199842356],[7.693572645614818,48.30175944976968],[7.737068932962329,48.31969764054542],[7.74553264504407,48.33350285960966],[7.73186967008626,48.392550217685546],[7.752534030240132,48.43266055182113]]]}},{"type":"Feature","properties":{"wkr_nr":284,"wkr_name":"Offenburg","state_name":"Baden-Württemberg","elected_party":"cdu","elected_party_share":0.5605,"zweitstimme_top_party":"cdu","zweitstimme_top_share":0.4829,"turnout":0.708169404102009,"eligible_voters":205119.0,"erststimme_top6":[["cdu",0.5605],["spd",0.202],["gruene",0.0988],["linke_pds",0.0426],["afd",0.0389],["fdp",0.0214]],"zweitstimme_top6":[["cdu",0.4829],["spd",0.1922],["gruene",0.1072],["fdp",0.057],["afd",0.0542],["linke_pds",0.0473]]},"geometry":{"type":"Polygon","coordinates":[[[7.959445110893564,48.71840834207312],[7.990584544457865,48.70114108838229],[7.977389093942754,48.68724993316381],[8.072956911859412,48.671857855189444],[8.11284675777754,48.650108416590214],[8.141729557300108,48.65682973605306],[8.201811998039842,48.6289272423639],[8.241082530766507,48.629278194863005],[8.247453085208972,48.60278572568585],[8.22197372291863,48.60315349372141],[8.20638667379885,48.60217827271069],[8.236850976213281,48.578120362837765],[8.216994559923407,48.5467350030007],[8.219324177795508,48.50705294191933],[8.228526236714576,48.49787358131383],[8.266119399460191,48.49090518060213],[8.275069763860131,48.47886718549551],[8.25482866260161,48.414121797982276],[8.232848696301158,48.401338397826954],[8.220578683955985,48.400637658267506],[8.154053985660527,48.33870699440354],[8.109056487498929,48.34133962838485],[8.10569976108262,48.31574898329828],[8.054839237879625,48.31114415858623],[8.03115166347147,48.325239567102216],[8.0109083107852,48.31419586176006],[7.99398910551621,48.28941686220856],[7.977763589405844,48.30424792840428],[7.978976264961774,48.356723708424425],[7.929350103290624,48.39876562984197],[7.916429303087932,48.40532251679186],[7.85490305712096,48.408012036253524],[7.85444160454405,48.39916102938082],[7.832090565170463,48.39352073169236],[7.820341377846595,48.40131292048084],[7.824424774682764,48.407348203449416],[7.798035398089347,48.41471384185183],[7.752534030240132,48.43266055182113],[7.768198473338046,48.48960996538305],[7.805403805841203,48.514094204503756],[7.80070661527397,48.58522659211838],[7.839784951684109,48.6414118535785],[7.891478363611967,48.663574602114245],[7.959445110893564,48.71840834207312]]]}},{"type":"Feature","properties":{"wkr_nr":285,"wkr_name":"Rottweil - Tuttlingen","state_name":"Baden-Württemberg","elected_party":"cdu","elected_party_share":0.5784,"zweitstimme_top_party":"cdu","zweitstimme_top_share":0.5171,"turnout":0.719977313906274,"eligible_voters":199241.0,"erststimme_top6":[["cdu",0.5784],["spd",0.1777],["gruene",0.0748],["afd",0.0505],["linke_pds",0.0375],["fdp",0.0334]],"zweitstimme_top6":[["cdu",0.5171],["spd",0.1754],["gruene",0.0736],["fdp",0.0639],["afd",0.0582],["linke_pds",0.0397]]},"geometry":{"type":"Polygon","coordinates":[[[8.598464368709939,48.40542956934965],[8.607636969184025,48.39609879617976],[8.676021658679296,48.39991220724944],[8.690278399605564,48.38741635097126],[8.737067353100473,48.37785426386472],[8.728347484746049,48.34453691276823],[8.693301854247485,48.328615812317686],[8.719308384500406,48.32120133579622],[8.718827672897214,48.315072218552324],[8.648663827538048,48.293309811517034],[8.685461727779686,48.26688291605427],[8.724041041706824,48.18518213815074],[8.751412625377366,48.159566357052995],[8.764219396232294,48.1630557532298],[8.77230643940977,48.181465483688896],[8.810509449465163,48.18380057193678],[8.86443077668491,48.13817651481206],[8.883595877883662,48.11048915809413],[8.931619129180412,48.103720906693944],[8.953731375395241,48.10739063328004],[8.962733650860136,48.09099716816513],[8.98006937928037,48.08559034299098],[8.996636716045076,48.06711149333114],[8.975141028147355,48.05512256007018],[8.940838694838934,48.06056361321141],[8.93523231515065,48.04994621219224],[8.957890439584947,48.02992350919561],[8.971237546052395,48.04051809012286],[9.00755325617598,48.02564695849129],[9.021635796773538,47.982264981539835],[9.012515590591953,47.9368961126334],[8.903081016235602,47.9194350119995],[8.877128970788238,47.90989495044672],[8.847877014891337,47.87907769010316],[8.816400870332894,47.888323444520466],[8.819491790522992,47.927508825445784],[8.79647375020465,47.897315057287805],[8.732678057911142,47.88563621369781],[8.724201009316568,47.90212260598813],[8.694341899058683,47.875593475070175],[8.687336088368747,47.85240320707236],[8.655862865244165,47.8463438197913],[8.640195258403663,47.85483775760742],[8.590060807655004,47.91252534177308],[8.588486792043618,47.94489511255835],[8.610018535192726,47.95180526833032],[8.63059015016819,47.946751663754746],[8.658374460343488,47.976843190961375],[8.63486043128857,48.01933649361906],[8.644075871177094,48.03386233971008],[8.635934634177067,48.05036211058666],[8.602857026087978,48.07408541395314],[8.586293603563044,48.0722863363135],[8.571665574719404,48.081042668837675],[8.517618168158307,48.166785255557336],[8.435922304884643,48.18194577782589],[8.442773066213336,48.15629082840881],[8.383158885053733,48.17509922329256],[8.329424114913087,48.16155834462964],[8.281944298164834,48.171562795644654],[8.310061797669572,48.191385797960486],[8.312865277076359,48.20466543192934],[8.29470158542824,48.2246496691064],[8.286861596623874,48.27755307273737],[8.330052610492585,48.29923706486346],[8.322285313941398,48.32997385044196],[8.303892196482224,48.34896021608077],[8.332296296132945,48.38696263727728],[8.359824706715473,48.377154363950915],[8.364573088425487,48.334705602063025],[8.458720549097077,48.312613728790296],[8.494235583975055,48.31437716739549],[8.50219563392101,48.330757565407126],[8.484361510330556,48.34911060711234],[8.483700385078194,48.38222650740228],[8.52046251017371,48.4008686011758],[8.598464368709939,48.40542956934965]]]}},{"type":"Feature","properties":{"wkr_nr":286,"wkr_name":"Schwarzwald-Baar","state_name":"Baden-Württemberg","elected_party":"cdu","elected_party_share":0.5666,"zweitstimme_top_party":"cdu","zweitstimme_top_share":0.4935,"turnout":0.717132696716429,"eligible_voters":166191.0,"erststimme_top6":[["cdu",0.5666],["spd",0.1892],["gruene",0.0765],["afd",0.0392],["linke_pds",0.0353],["other",0.0305]],"zweitstimme_top6":[["cdu",0.4935],["spd",0.191],["gruene",0.0904],["fdp",0.0591],["afd",0.0571],["linke_pds",0.0414]]},"geometry":{"type":"Polygon","coordinates":[[[8.232848696301158,48.401338397826954],[8.246911946450249,48.395181617608046],[8.25936234950562,48.36614971176835],[8.303892196482224,48.34896021608077],[8.322285313941398,48.32997385044196],[8.330052610492585,48.29923706486346],[8.286861596623874,48.27755307273737],[8.29470158542824,48.2246496691064],[8.312865277076359,48.20466543192934],[8.310061797669572,48.191385797960486],[8.281944298164834,48.171562795644654],[8.329424114913087,48.16155834462964],[8.383158885053733,48.17509922329256],[8.442773066213336,48.15629082840881],[8.435922304884643,48.18194577782589],[8.517618168158307,48.166785255557336],[8.571665574719404,48.081042668837675],[8.586293603563044,48.0722863363135],[8.602857026087978,48.07408541395314],[8.635934634177067,48.05036211058666],[8.644075871177094,48.03386233971008],[8.63486043128857,48.01933649361906],[8.658374460343488,47.976843190961375],[8.63059015016819,47.946751663754746],[8.610018535192726,47.95180526833032],[8.588486792043618,47.94489511255835],[8.590060807655004,47.91252534177308],[8.640195258403663,47.85483775760742],[8.613849073467652,47.80107178647052],[8.573059376863101,47.80601563218885],[8.55654161636864,47.78357798049754],[8.510105318517493,47.776162427195615],[8.530888004729253,47.789887156795075],[8.506059869517518,47.830342353942235],[8.438799736028246,47.854117842848304],[8.439562053885874,47.87488581610185],[8.408701446449538,47.9048310988356],[8.354511314041886,47.92564592022385],[8.295279769137037,47.96289481002374],[8.314256068997782,47.969873332282745],[8.321225995404918,47.98401502835985],[8.31402023417223,47.992252317106185],[8.283989183441706,47.987065583436376],[8.222643099646474,47.99770801452389],[8.194019096246336,47.990096184605385],[8.16793356556154,47.99325037237172],[8.136469333183491,48.010778882085475],[8.116844342535876,48.028975118967104],[8.109060779638886,48.062502136355846],[8.129704857753394,48.07365550334114],[8.148526413266628,48.06766250050849],[8.166283608735297,48.07558144308186],[8.13292420792628,48.1357788856309],[8.140418496330934,48.164596468979234],[8.179845061120718,48.18399248195434],[8.16643515010135,48.22164689746802],[8.17652496792684,48.232462116916345],[8.17285862053502,48.24993300547234],[8.123590388049161,48.26786391470295],[8.155771404248767,48.32390089732508],[8.154053985660527,48.33870699440354],[8.220578683955985,48.400637658267506],[8.232848696301158,48.401338397826954]]]}},{"type":"Feature","properties":{"wkr_nr":287,"wkr_name":"Konstanz","state_name":"Baden-Württemberg","elected_party":"cdu","elected_party_share":0.5185,"zweitstimme_top_party":"cdu","zweitstimme_top_share":0.4359,"turnout":0.729061775851932,"eligible_voters":202393.0,"erststimme_top6":[["cdu",0.5185],["spd",0.1919],["gruene",0.1327],["linke_pds",0.0411],["afd",0.0402],["fdp",0.0376]],"zweitstimme_top6":[["cdu",0.4359],["spd",0.2023],["gruene",0.1265],["fdp",0.0736],["afd",0.055],["linke_pds",0.05]]},"geometry":{"type":"MultiPolygon","coordinates":[[[[8.71758565964041,47.69072188584336],[8.677677611349555,47.68721112310782],[8.66833077541524,47.692103374905074],[8.664544509353993,47.71340319349249],[8.704660616123604,47.7133394090579],[8.71758565964041,47.69072188584336]]],[[[9.146808030184038,47.89387844543318],[9.145582865286626,47.8729710062968],[9.117621865512964,47.858938345361075],[9.128767148851695,47.84679045744936],[9.103396393811641,47.84155626345137],[9.08411396580267,47.858006395710454],[9.065872915976113,47.856067757217666],[9.081243418439685,47.82599802852787],[9.070841417681574,47.80710717255962],[9.039145569544464,47.8175598377575],[9.032406386605164,47.80305212777436],[9.079719208334444,47.772426792497384],[9.173947145217856,47.734320064468115],[9.218080478443243,47.665976930895255],[9.175787922033345,47.654036106150336],[9.099962317570887,47.67768159251405],[9.020974940838192,47.686570958948366],[8.940202633073472,47.65639526746537],[8.895482815261015,47.64793400172812],[8.850458802811573,47.68124135048236],[8.851127836783544,47.69769083223264],[8.81917073322255,47.71349509861827],[8.80660458067939,47.73835756727886],[8.772126345704804,47.71831363716965],[8.769324323446831,47.706840644268276],[8.79218922062821,47.70469243345848],[8.809993622194702,47.69330800013493],[8.795971924835408,47.675412616040596],[8.727979901945073,47.69275819457344],[8.7319623678105,47.71127441583197],[8.711168648028545,47.730134133763634],[8.740160837747672,47.75290728397306],[8.682963595611911,47.7773175319629],[8.656949663450657,47.80041089354202],[8.645618600016432,47.79004177503822],[8.653056640079372,47.77336135172648],[8.627703041939547,47.759306389298416],[8.613849073467664,47.80107178647052],[8.64019525840371,47.85483775760738],[8.65586286524414,47.84634381979129],[8.687336088368719,47.852403207072385],[8.694341899058639,47.875593475070175],[8.724201009316536,47.90212260598816],[8.732678057911118,47.88563621369778],[8.796473750204644,47.897315057287805],[8.819491790522992,47.927508825445805],[8.81640087033295,47.88832344452052],[8.847877014891381,47.87907769010315],[8.877128970788224,47.90989495044669],[8.903081016235594,47.919435011999525],[9.012515590591985,47.93689611263342],[9.08190973970594,47.938880244420034],[9.064963373263147,47.91612995851658],[9.102808846441324,47.90964710405683],[9.146808030184038,47.89387844543318]]]]}},{"type":"Feature","properties":{"wkr_nr":288,"wkr_name":"Waldshut","state_name":"Baden-Württemberg","elected_party":"cdu","elected_party_share":0.5141,"zweitstimme_top_party":"cdu","zweitstimme_top_share":0.4929,"turnout":0.726444197548967,"eligible_voters":177313.0,"erststimme_top6":[["cdu",0.5141],["spd",0.2796],["gruene",0.101],["linke_pds",0.0444],["fdp",0.0331],["odp",0.0143]],"zweitstimme_top6":[["cdu",0.4929],["spd",0.1899],["gruene",0.1101],["fdp",0.0575],["afd",0.0471],["linke_pds",0.0432]]},"geometry":{"type":"Polygon","coordinates":[[[7.884999027925684,47.904194178546724],[7.908426244718018,47.91434225352112],[7.924780900086842,47.94013156515927],[7.915123012209,47.96331761443294],[7.930835841904279,47.991162603848764],[7.928051109241411,48.01091513054601],[7.874068509746891,48.01527613798573],[7.850195259830469,48.05158577392619],[7.911004014723686,48.05585033042588],[7.923572166820484,48.06362935920671],[7.947729822469761,48.057587062273484],[7.956771345113147,48.06376739004969],[8.023939046159912,48.058640802914546],[8.066833660698533,48.063150636963286],[8.12257069084426,48.01053259052777],[8.136469333183491,48.010778882085475],[8.16793356556154,47.99325037237172],[8.194019096246336,47.990096184605385],[8.222643099646474,47.99770801452389],[8.283989183441706,47.987065583436376],[8.31402023417223,47.992252317106185],[8.321225995404918,47.98401502835985],[8.314256068997782,47.969873332282745],[8.295279769137037,47.96289481002374],[8.354511314041886,47.92564592022385],[8.408701446449538,47.9048310988356],[8.439562053885874,47.87488581610185],[8.438799736028246,47.854117842848304],[8.506059869517518,47.830342353942235],[8.530888004729253,47.789887156795075],[8.510105318517493,47.776162427195615],[8.488813846945394,47.77326270195815],[8.456992628090692,47.74962145180912],[8.411969159728013,47.69444514641793],[8.406060590611654,47.67321813105277],[8.473431053596974,47.63827238665433],[8.529228379702191,47.65476541750482],[8.52703010172688,47.660433978720356],[8.552241370821019,47.668892934302576],[8.606607578820974,47.67213277423101],[8.628852916597646,47.649815930633764],[8.616905186190897,47.6380123194564],[8.602962938441205,47.639218171123375],[8.613984890770046,47.644311338715134],[8.607273710587323,47.652507668848706],[8.596675475219454,47.643846698287824],[8.604908149126167,47.61366941716134],[8.582454455048033,47.59615021443355],[8.567464759061481,47.59760726760911],[8.570226383265078,47.61504765339905],[8.557488509587431,47.6246038132154],[8.521632513757028,47.63352320517668],[8.468525002862625,47.6038478136135],[8.494165055068965,47.58237563878254],[8.486665145398948,47.57752163583921],[8.431433218286754,47.566501558794116],[8.335221924305005,47.57039910265742],[8.297659430801044,47.58938798681425],[8.294274015690608,47.608115335141896],[8.205225644210037,47.621004805879515],[8.165286129679098,47.594397622593576],[8.110145598439496,47.58273398596962],[8.092735224254747,47.55872292132618],[8.020145947932496,47.55047572366375],[7.959789904488831,47.55841007563033],[7.946535046437302,47.544061492969874],[7.911629412769686,47.55102719595135],[7.910973835747868,47.57078118382785],[7.89514015147356,47.58573452993313],[7.901369306524471,47.60189624483995],[7.878051756349484,47.6169862453976],[7.871383446597103,47.645128228087074],[7.90970694801315,47.64996611842662],[7.980280604544349,47.700926145855284],[7.970731742674463,47.758541085284165],[8.004236809321531,47.77361130739201],[8.000140585521548,47.827681320240536],[8.018353214808956,47.841364541196604],[8.022321550300157,47.85980008374249],[8.01232983537509,47.8661775735281],[7.889878540170045,47.87875717062866],[7.884999027925684,47.904194178546724]]]}},{"type":"Feature","properties":{"wkr_nr":289,"wkr_name":"Reutlingen","state_name":"Baden-Württemberg","elected_party":"cdu","elected_party_share":0.5189,"zweitstimme_top_party":"cdu","zweitstimme_top_share":0.4621,"turnout":0.753494633107473,"eligible_voters":199091.0,"erststimme_top6":[["cdu",0.5189],["spd",0.2016],["gruene",0.1242],["afd",0.0434],["linke_pds",0.0403],["fdp",0.0382]],"zweitstimme_top6":[["cdu",0.4621],["spd",0.1929],["gruene",0.1094],["fdp",0.0705],["afd",0.0557],["linke_pds",0.0479]]},"geometry":{"type":"Polygon","coordinates":[[[9.15095534841926,48.60461403981619],[9.181289947057902,48.6046848125991],[9.185955721390258,48.59828935172915],[9.205115138761762,48.60341484830773],[9.207305124646265,48.574137008501836],[9.216357290342732,48.56790662984345],[9.294664775005744,48.56535294723102],[9.33579254377694,48.542964590597045],[9.394022990728196,48.530758996955974],[9.450749877407947,48.546669699143024],[9.480768237842408,48.534922463093345],[9.49073363303593,48.521175004502815],[9.533731111403867,48.51991671838972],[9.56575129612403,48.538075790519564],[9.582460783077678,48.53904822633401],[9.585155706932277,48.53677438606548],[9.589551693374695,48.49603961236609],[9.581764900534829,48.48917223153833],[9.613449785705166,48.46999582777318],[9.637356117480174,48.422480275397916],[9.621394894291534,48.39562854224772],[9.58093954693317,48.39467775435298],[9.596645426437298,48.36826636324586],[9.58628394507401,48.339758126060914],[9.579268547264405,48.329904592122254],[9.55864041052019,48.3291406833474],[9.532928634796296,48.315535101191315],[9.54422875776204,48.307724475382486],[9.544083775481125,48.29259259466869],[9.50579543126962,48.27800218743113],[9.526095993081444,48.25384861659396],[9.490827903805894,48.24263756904286],[9.49022597635974,48.23266004473586],[9.500168571625943,48.21237430292797],[9.483969941252619,48.20229353545777],[9.468757791940597,48.197492342860755],[9.46425801694033,48.209341965765915],[9.392422866031081,48.19631955608048],[9.347457464130299,48.23958414365931],[9.294264886369254,48.27517348415551],[9.27126102663956,48.27986071647798],[9.245193266498713,48.26775886436171],[9.221867874582234,48.271426588413235],[9.20592807547198,48.28663327878335],[9.18718991697144,48.28058057154754],[9.168599521175622,48.303517279461985],[9.211532365211427,48.310283911387636],[9.21277214769019,48.333242680714065],[9.173813320972899,48.34499250214201],[9.173041750528354,48.358078166797796],[9.152022954512725,48.36978286783905],[9.129182409366994,48.37288240725584],[9.117401722612394,48.38276499879924],[9.124603256776926,48.39661106604855],[9.11492125219921,48.43529762212016],[9.141448251242258,48.500393792091806],[9.136939269434725,48.51907169932047],[9.156056567187592,48.52735270409602],[9.166653950660228,48.52313464604256],[9.175434588929036,48.5386043345145],[9.171246587985536,48.54988556292209],[9.159366472655892,48.54661268349653],[9.128395179066263,48.569574118369495],[9.13166103706093,48.601658843201605],[9.15095534841926,48.60461403981619]]]}},{"type":"Feature","properties":{"wkr_nr":290,"wkr_name":"Tübingen","state_name":"Baden-Württemberg","elected_party":"cdu","elected_party_share":0.4687,"zweitstimme_top_party":"cdu","zweitstimme_top_share":0.4174,"turnout":0.775244839223968,"eligible_voters":193188.0,"erststimme_top6":[["cdu",0.4687],["spd",0.2038],["gruene",0.1654],["linke_pds",0.0648],["afd",0.0343],["piraten",0.0297]],"zweitstimme_top6":[["cdu",0.4174],["spd",0.2051],["gruene",0.1482],["linke_pds",0.0662],["fdp",0.0554],["afd",0.046]]},"geometry":{"type":"Polygon","coordinates":[[[9.096475145979992,48.62186358325965],[9.111823807398045,48.60370944504889],[9.13166103706093,48.601658843201605],[9.128395179066263,48.569574118369495],[9.159366472655892,48.54661268349653],[9.171246587985536,48.54988556292209],[9.175434588929036,48.5386043345145],[9.166653950660228,48.52313464604256],[9.156056567187592,48.52735270409602],[9.136939269434725,48.51907169932047],[9.141448251242258,48.500393792091806],[9.11492125219921,48.43529762212016],[9.124603256776926,48.39661106604855],[9.117401722612394,48.38276499879924],[9.129182409366994,48.37288240725584],[9.152022954512725,48.36978286783905],[9.173041750528354,48.358078166797796],[9.173813320972899,48.34499250214201],[9.21277214769019,48.333242680714065],[9.211532365211427,48.310283911387636],[9.168599521175622,48.303517279461985],[9.18718991697144,48.28058057154754],[9.182689870927442,48.26981663248054],[9.109355373933347,48.252003431741755],[9.07369670150355,48.256591289133006],[9.020367740309448,48.307775246045274],[8.979653513526857,48.31340759042085],[8.95297511384079,48.27636460121173],[8.913626963768564,48.27935522634763],[8.902187026101933,48.29698641930523],[8.849457916942745,48.333593012532575],[8.858502186673071,48.35853151620111],[8.850277740932816,48.394301914763815],[8.83041479501932,48.39970891366383],[8.83093920843269,48.40631926223105],[8.794710751131879,48.41715670345594],[8.773881480846383,48.41620353293402],[8.763415045871401,48.427453328577926],[8.780556169818082,48.44425307361098],[8.825166192054008,48.46309012415304],[8.755622622174833,48.503979510083084],[8.769240460609158,48.52215828136069],[8.83892309986933,48.499017279821324],[8.858257993237803,48.51683536523734],[8.850956727005972,48.537789685646764],[8.883706176504536,48.54082709284214],[8.890477237453272,48.55994221089976],[8.909420911759351,48.57006759863248],[8.953373438261202,48.58809529777721],[9.0787121296982,48.589981405763744],[9.096475145979992,48.62186358325965]]]}},{"type":"Feature","properties":{"wkr_nr":291,"wkr_name":"Ulm","state_name":"Baden-Württemberg","elected_party":"cdu","elected_party_share":0.521,"zweitstimme_top_party":"cdu","zweitstimme_top_share":0.4857,"turnout":0.757578091725494,"eligible_voters":220702.0,"erststimme_top6":[["cdu",0.521],["spd",0.2382],["gruene",0.0972],["linke_pds",0.0364],["afd",0.0363],["fdp",0.0265]],"zweitstimme_top6":[["cdu",0.4857],["spd",0.202],["gruene",0.1029],["fdp",0.0523],["afd",0.0474],["linke_pds",0.0428]]},"geometry":{"type":"Polygon","coordinates":[[[9.944161192351599,48.63187760207079],[9.949820537642655,48.6305988872715],[9.969721583768838,48.612832775404634],[9.964585110954213,48.594469150912275],[10.040346732516635,48.60545583864185],[10.097961463677912,48.57795774932159],[10.113539224615005,48.55613716513309],[10.159787949584782,48.55727147894641],[10.200805964957471,48.5424802167511],[10.213233596100066,48.51713133609236],[10.230911421797126,48.51050930478925],[10.234498053191535,48.50561023039187],[10.237417776885591,48.50016399395482],[10.236246781793403,48.48867514242744],[10.188126080884357,48.477384309443906],[10.167653752033639,48.4595332294318],[10.133968306407999,48.45484976480874],[10.103331762129253,48.475261857771265],[10.056586574017127,48.45414335933559],[10.031541081965294,48.45581230287146],[10.034217836916618,48.427691184591296],[10.014173471568807,48.403743188492584],[9.967575939324517,48.37360155469799],[9.978567457844083,48.36254095532974],[9.992207966840501,48.36914655020695],[9.997971459728419,48.349627716708525],[10.065728224612068,48.28185958351221],[10.067035726629754,48.24838354495182],[10.09490440049901,48.16433448325729],[10.049947362682477,48.14233986082573],[10.009513247657846,48.151106656619994],[10.035360659247939,48.15308800394148],[10.047335172385994,48.165268831780665],[10.039277780004975,48.227319738276734],[9.986627635300666,48.26009503148918],[9.919548326385115,48.28717226344936],[9.905324707312856,48.28480547801054],[9.882126538535445,48.29389488642037],[9.847663061984386,48.2596353846422],[9.793071332084308,48.24514405758299],[9.76409700296709,48.22683586462411],[9.741876161189913,48.20342998499111],[9.746140872548853,48.17812902570841],[9.731854244754647,48.17146068374404],[9.657722583566711,48.174891235835965],[9.624773635050133,48.19942056902804],[9.59843325582836,48.205427321276375],[9.581087097182955,48.19426001046699],[9.548543508157225,48.193151381537625],[9.52528489682282,48.221408219095416],[9.49022597635974,48.23266004473586],[9.490827903805894,48.24263756904286],[9.526095993081444,48.25384861659396],[9.50579543126962,48.27800218743113],[9.544083775481125,48.29259259466869],[9.54422875776204,48.307724475382486],[9.532928634796296,48.315535101191315],[9.55864041052019,48.3291406833474],[9.579268547264405,48.329904592122254],[9.58628394507401,48.339758126060914],[9.596645426437298,48.36826636324586],[9.58093954693317,48.39467775435298],[9.621394894291534,48.39562854224772],[9.637356117480174,48.422480275397916],[9.613449785705166,48.46999582777318],[9.581764900534829,48.48917223153833],[9.589551693374695,48.49603961236609],[9.585155706932277,48.53677438606548],[9.611772116680307,48.54065199260604],[9.653655775281539,48.52086927394432],[9.677563828796172,48.52320290515685],[9.722945017646163,48.546879978218136],[9.727064189996941,48.56083678932177],[9.81487057266446,48.55838350540881],[9.871048373957766,48.589085543473146],[9.896734162028011,48.62139004644329],[9.944161192351599,48.63187760207079]]]}},{"type":"Feature","properties":{"wkr_nr":292,"wkr_name":"Biberach","state_name":"Baden-Württemberg","elected_party":"cdu","elected_party_share":0.5899,"zweitstimme_top_party":"cdu","zweitstimme_top_share":0.5626,"turnout":0.743216178589747,"eligible_voters":163772.0,"erststimme_top6":[["cdu",0.5899],["spd",0.1989],["gruene",0.0899],["linke_pds",0.0336],["piraten",0.0285],["fdp",0.0215]],"zweitstimme_top6":[["cdu",0.5626],["spd",0.1483],["gruene",0.0907],["fdp",0.0487],["afd",0.0422],["linke_pds",0.0339]]},"geometry":{"type":"Polygon","coordinates":[[[9.347457464130299,48.23958414365931],[9.392422866031081,48.19631955608048],[9.46425801694033,48.209341965765915],[9.468757791940597,48.197492342860755],[9.483969941252619,48.20229353545777],[9.500168571625943,48.21237430292797],[9.49022597635974,48.23266004473586],[9.52528489682282,48.221408219095416],[9.548543508157225,48.193151381537625],[9.581087097182955,48.19426001046699],[9.59843325582836,48.205427321276375],[9.624773635050133,48.19942056902804],[9.657722583566711,48.174891235835965],[9.731854244754647,48.17146068374404],[9.746140872548853,48.17812902570841],[9.741876161189913,48.20342998499111],[9.76409700296709,48.22683586462411],[9.793071332084308,48.24514405758299],[9.847663061984386,48.2596353846422],[9.882126538535445,48.29389488642037],[9.905324707312856,48.28480547801054],[9.919548326385115,48.28717226344936],[9.986627635300666,48.26009503148918],[10.039277780004975,48.227319738276734],[10.047335172385994,48.165268831780665],[10.035360659247939,48.15308800394148],[10.009513247657846,48.151106656619994],[10.049947362682477,48.14233986082573],[10.09490440049901,48.16433448325729],[10.11112914934202,48.12611841033478],[10.136542503683758,48.108466150749905],[10.144145228284097,48.059133296082294],[10.127935263718204,48.03320718028133],[10.135920894610095,48.022761661093895],[10.133689441591509,48.01620718998076],[10.119717340888572,48.00410676307866],[10.115247301587354,47.97587435169579],[10.105685772067426,47.974540256592185],[10.0890181485199,47.96983623317012],[10.08464214117776,47.9574134319545],[10.110112489199327,47.93709548479492],[10.101305653929412,47.90238801043808],[10.106678292325677,47.87816988098543],[10.091747651019382,47.86738930060136],[10.076723867497336,47.86785027101068],[9.998828261619876,47.88347080799106],[9.972954703858118,47.862067928870076],[9.932095568401543,47.86062564010033],[9.919415514815936,47.87187395993556],[9.903755792438051,47.86426677045846],[9.910601499762084,47.83124822713851],[9.946416539274901,47.795597027673416],[9.939181646847166,47.75029490473822],[9.917608617096404,47.73840486264276],[9.868220258335166,47.72856994160816],[9.812169810829154,47.76063758692839],[9.803141202704188,47.78093201779372],[9.826803061389612,47.80763231384535],[9.819250243704994,47.82986349083659],[9.806546232259718,47.8316077129956],[9.819625541415057,47.867171076180576],[9.798886239774392,47.89545061888858],[9.84553714713933,47.93176599994485],[9.827600538391714,47.9552253252082],[9.814685642575618,47.9619409177161],[9.766687832316755,47.956748165390515],[9.769232358848035,47.97091019594184],[9.702827579365037,47.98113606862932],[9.6236998759911,47.96538305014533],[9.604735242485994,48.002155767794804],[9.568293400095168,48.043969150863454],[9.542086892406203,48.04980907444934],[9.5061215913448,48.07095277249794],[9.476186151048353,48.0731556181551],[9.414728188370637,48.09358347814721],[9.35284910320914,48.095281167154134],[9.284740568952419,48.14353366780405],[9.287747118273328,48.15867888449714],[9.32020170036593,48.188897985350586],[9.30801154906027,48.224432537064835],[9.347457464130299,48.23958414365931]]]}},{"type":"Feature","properties":{"wkr_nr":293,"wkr_name":"Bodensee","state_name":"Baden-Württemberg","elected_party":"cdu","elected_party_share":0.539,"zweitstimme_top_party":"cdu","zweitstimme_top_share":0.4871,"turnout":0.752537774243346,"eligible_voters":171016.0,"erststimme_top6":[["cdu",0.539],["spd",0.2059],["gruene",0.1122],["linke_pds",0.0454],["fdp",0.0391],["piraten",0.0223]],"zweitstimme_top6":[["cdu",0.4871],["spd",0.1818],["gruene",0.1176],["fdp",0.0636],["afd",0.0447],["linke_pds",0.0443]]},"geometry":{"type":"Polygon","coordinates":[[[9.102808846441349,47.909647104056866],[9.139298538428056,47.93302769021678],[9.14492164752884,47.96844279325786],[9.244901917499842,47.98855813624133],[9.251731479035298,47.98398470939536],[9.261177742695082,47.97525325006703],[9.296612670276406,47.980673191071425],[9.298658955649927,47.94381018569659],[9.288628196757355,47.926698697524785],[9.332826606746321,47.892866682345655],[9.368458868255177,47.88914161827716],[9.377903291709677,47.88178065153842],[9.383409010361397,47.864231421915235],[9.400826618428322,47.85599214536784],[9.410510170924406,47.82119064869979],[9.422660795683921,47.81813245633301],[9.448235002858286,47.8259715900107],[9.463699353062603,47.80619540866823],[9.433348947103044,47.77360227405085],[9.45270505391815,47.75643695448994],[9.473313129685305,47.764815596162336],[9.499616117287873,47.754231508052484],[9.498449892202164,47.73294066183613],[9.56614901301311,47.735792556882615],[9.656492947341652,47.70447761374732],[9.6523583791103,47.69108376259937],[9.663894491603527,47.68558895989587],[9.725914199990461,47.68428915505165],[9.744778939604563,47.654321467754215],[9.729974687443342,47.637971761152265],[9.706372386196092,47.632177611535326],[9.692098225741908,47.61032523086627],[9.658178697665573,47.612061396321835],[9.602250402798257,47.58407389870238],[9.550420109476295,47.587924038984504],[9.49219025073832,47.65088298646531],[9.460293208553633,47.65156499877701],[9.407099152587163,47.66836190438811],[9.349869339569828,47.66102991848246],[9.303554996952794,47.677309961278326],[9.238091672691793,47.71132234689527],[9.216617849538055,47.74493898462255],[9.070841417681606,47.807107172559625],[9.081243418439673,47.82599802852789],[9.065872915976101,47.856067757217666],[9.084113965802674,47.85800639571048],[9.103396393811597,47.841556263451345],[9.128767148851665,47.84679045744937],[9.117621865512987,47.85893834536112],[9.145582865286643,47.87297100629682],[9.146808030184008,47.893878445433195],[9.102808846441349,47.909647104056866]]]}},{"type":"Feature","properties":{"wkr_nr":294,"wkr_name":"Ravensburg","state_name":"Baden-Württemberg","elected_party":"cdu","elected_party_share":0.5163,"zweitstimme_top_party":"cdu","zweitstimme_top_share":0.5,"turnout":0.734446450385393,"eligible_voters":185006.0,"erststimme_top6":[["cdu",0.5163],["spd",0.2004],["gruene",0.1363],["linke_pds",0.033],["afd",0.0274],["fdp",0.0247]],"zweitstimme_top6":[["cdu",0.5],["spd",0.173],["gruene",0.1232],["fdp",0.0524],["linke_pds",0.0429],["afd",0.0387]]},"geometry":{"type":"Polygon","coordinates":[[[9.566265230043394,47.994873196468774],[9.604735242485994,48.002155767794804],[9.6236998759911,47.96538305014533],[9.702827579365037,47.98113606862932],[9.769232358848035,47.97091019594184],[9.766687832316755,47.956748165390515],[9.814685642575618,47.9619409177161],[9.827600538391714,47.9552253252082],[9.84553714713933,47.93176599994485],[9.798886239774392,47.89545061888858],[9.819625541415057,47.867171076180576],[9.806546232259718,47.8316077129956],[9.819250243704994,47.82986349083659],[9.826803061389612,47.80763231384535],[9.803141202704188,47.78093201779372],[9.812169810829154,47.76063758692839],[9.868220258335166,47.72856994160816],[9.917608617096404,47.73840486264276],[9.939181646847166,47.75029490473822],[9.946416539274901,47.795597027673416],[9.910601499762084,47.83124822713851],[9.903755792438051,47.86426677045846],[9.919415514815936,47.87187395993556],[9.932095568401543,47.86062564010033],[9.972954703858118,47.862067928870076],[9.998828261619876,47.88347080799106],[10.076723867497336,47.86785027101068],[10.083089025265343,47.85571242076426],[10.103556816030695,47.864498219554456],[10.11031884178536,47.83997823350098],[10.131988708332955,47.820119150121506],[10.135992282644143,47.812497558603255],[10.116743361053722,47.80078263233321],[10.091658482689239,47.801354811126174],[10.066755575327226,47.78368195069219],[10.119067106908666,47.759552565551175],[10.118442613500891,47.730530796700975],[10.139524590458349,47.703793572957714],[10.129446917526245,47.67603407255154],[10.094300637314618,47.66505777083932],[10.07720981295837,47.639223219591365],[10.058985628440507,47.680682495401825],[10.002380635535337,47.683425763161665],[9.967914701939177,47.6536143136664],[9.932697794896248,47.653872286618295],[9.856538281713846,47.67777329375289],[9.830617560677956,47.67179620408224],[9.828456432627517,47.65779253838889],[9.749200562898011,47.60311276530188],[9.704263152832663,47.60158005770626],[9.692098225741908,47.61032523086627],[9.706372386196092,47.632177611535326],[9.729974687443342,47.637971761152265],[9.744778939604563,47.654321467754215],[9.725914199990461,47.68428915505165],[9.663894491603527,47.68558895989587],[9.6523583791103,47.69108376259937],[9.656492947341652,47.70447761374732],[9.56614901301311,47.735792556882615],[9.498449892202164,47.73294066183613],[9.499616117287873,47.754231508052484],[9.473313129685305,47.764815596162336],[9.45270505391815,47.75643695448994],[9.433348947103044,47.77360227405085],[9.463699353062603,47.80619540866823],[9.448235002858286,47.8259715900107],[9.422660795683921,47.81813245633301],[9.410510170924406,47.82119064869979],[9.400826618428322,47.85599214536784],[9.383409010361397,47.864231421915235],[9.377903291709677,47.88178065153842],[9.41168918507166,47.92012241866417],[9.405996956677782,47.94142550169531],[9.436663945301353,47.95729504081569],[9.486715909799758,47.96045351633139],[9.516602305472563,47.99034621460617],[9.541593731733299,47.966207040903925],[9.562936182882808,47.966811172472845],[9.562756428895696,47.98235608853434],[9.551348450280793,47.99053451448553],[9.55448975655159,48.00561686500466],[9.566265230043394,47.994873196468774]]]}},{"type":"Feature","properties":{"wkr_nr":295,"wkr_name":"Zollernalb - Sigmaringen","state_name":"Baden-Württemberg","elected_party":"cdu","elected_party_share":0.6065,"zweitstimme_top_party":"cdu","zweitstimme_top_share":0.5278,"turnout":0.720860226718013,"eligible_voters":184370.0,"erststimme_top6":[["cdu",0.6065],["spd",0.1819],["gruene",0.083],["linke_pds",0.0419],["freie_wahler",0.0285],["fdp",0.0236]],"zweitstimme_top6":[["cdu",0.5278],["spd",0.1713],["gruene",0.084],["fdp",0.0564],["afd",0.047],["linke_pds",0.0409]]},"geometry":{"type":"Polygon","coordinates":[[[8.773881480846383,48.41620353293402],[8.794710751131879,48.41715670345594],[8.83093920843269,48.40631926223105],[8.83041479501932,48.39970891366383],[8.850277740932816,48.394301914763815],[8.858502186673071,48.35853151620111],[8.849457916942745,48.333593012532575],[8.902187026101933,48.29698641930523],[8.913626963768564,48.27935522634763],[8.95297511384079,48.27636460121173],[8.979653513526857,48.31340759042085],[9.020367740309448,48.307775246045274],[9.07369670150355,48.256591289133006],[9.109355373933347,48.252003431741755],[9.182689870927442,48.26981663248054],[9.18718991697144,48.28058057154754],[9.20592807547198,48.28663327878335],[9.221867874582234,48.271426588413235],[9.245193266498713,48.26775886436171],[9.27126102663956,48.27986071647798],[9.294264886369254,48.27517348415551],[9.347457464130299,48.23958414365931],[9.30801154906027,48.224432537064835],[9.32020170036593,48.188897985350586],[9.287747118273328,48.15867888449714],[9.284740568952419,48.14353366780405],[9.35284910320914,48.095281167154134],[9.414728188370637,48.09358347814721],[9.476186151048353,48.0731556181551],[9.5061215913448,48.07095277249794],[9.542086892406203,48.04980907444934],[9.568293400095168,48.043969150863454],[9.604735242485994,48.002155767794804],[9.566265230043394,47.994873196468774],[9.55448975655159,48.00561686500466],[9.551348450280793,47.99053451448553],[9.562756428895696,47.98235608853434],[9.562936182882808,47.966811172472845],[9.541593731733299,47.966207040903925],[9.516602305472563,47.99034621460617],[9.486715909799758,47.96045351633139],[9.436663945301353,47.95729504081569],[9.405996956677782,47.94142550169531],[9.41168918507166,47.92012241866417],[9.377903291709677,47.88178065153842],[9.368458868255177,47.88914161827716],[9.332826606746321,47.892866682345655],[9.288628196757355,47.926698697524785],[9.298658955649927,47.94381018569659],[9.296612670276406,47.980673191071425],[9.261177742695082,47.97525325006703],[9.251731479035298,47.98398470939536],[9.244901917499842,47.98855813624133],[9.14492164752884,47.96844279325786],[9.139298538428056,47.93302769021678],[9.102808846441349,47.909647104056866],[9.064963373263195,47.91612995851658],[9.081909739705978,47.93888024442003],[9.012515590591953,47.9368961126334],[9.021635796773538,47.982264981539835],[9.00755325617598,48.02564695849129],[8.971237546052395,48.04051809012286],[8.957890439584947,48.02992350919561],[8.93523231515065,48.04994621219224],[8.940838694838934,48.06056361321141],[8.975141028147355,48.05512256007018],[8.996636716045076,48.06711149333114],[8.98006937928037,48.08559034299098],[8.962733650860136,48.09099716816513],[8.953731375395241,48.10739063328004],[8.931619129180412,48.103720906693944],[8.883595877883662,48.11048915809413],[8.86443077668491,48.13817651481206],[8.810509449465163,48.18380057193678],[8.77230643940977,48.181465483688896],[8.764219396232294,48.1630557532298],[8.751412625377366,48.159566357052995],[8.724041041706824,48.18518213815074],[8.685461727779686,48.26688291605427],[8.648663827538048,48.293309811517034],[8.718827672897214,48.315072218552324],[8.719308384500406,48.32120133579622],[8.693301854247485,48.328615812317686],[8.728347484746049,48.34453691276823],[8.737067353100473,48.37785426386472],[8.758226473449914,48.38241965973977],[8.752538840064993,48.38714841385058],[8.773881480846383,48.41620353293402]]]}},{"type":"Feature","properties":{"wkr_nr":296,"wkr_name":"Saarbrücken","state_name":"Saarland","elected_party":"cdu","elected_party_share":0.3691,"zweitstimme_top_party":"cdu","zweitstimme_top_share":0.3338,"turnout":0.69495619921427,"eligible_voters":204905.0,"erststimme_top6":[["cdu",0.3691],["spd",0.3616],["linke_pds",0.1093],["gruene",0.0534],["afd",0.0409],["piraten",0.0281]],"zweitstimme_top6":[["cdu",0.3338],["spd",0.311],["linke_pds",0.1168],["gruene",0.0783],["afd",0.0472],["fdp",0.0448]]},"geometry":{"type":"Polygon","coordinates":[[[6.877121215836863,49.32678357435321],[6.923387948253771,49.32786543307194],[6.991746521140222,49.322364016925995],[7.050097197709429,49.28976313620532],[7.062036302506622,49.27172443673685],[7.079398802043836,49.24992804922551],[7.087382296286521,49.246813618697004],[7.107498337762751,49.2564303223594],[7.128522487832716,49.2429627589762],[7.130857908084615,49.218406682484044],[7.107020292278253,49.18874534569551],[7.112004100596871,49.17618571599547],[7.10085983065216,49.155824004640834],[7.091436670672818,49.152037607025775],[7.090022318468677,49.130725165790146],[7.05204194667652,49.11294342951132],[7.028503870603688,49.175709468836075],[7.008903382278268,49.19397162132937],[6.939856880180352,49.216785368168615],[6.918839871180014,49.219982383694216],[6.893398911032728,49.20912992347598],[6.858835457241161,49.222766122034315],[6.836222653461974,49.21126374815463],[6.861727856038597,49.18183312172314],[6.846058093650273,49.159740855353476],[6.821018157794354,49.156152270409926],[6.780622910576494,49.16818445526814],[6.73833226535712,49.163657291623544],[6.711154863206007,49.1883124198654],[6.731465338569544,49.205928128351474],[6.723199062011122,49.218936225010665],[6.739533044592545,49.22622806360182],[6.767159322788631,49.222737130608806],[6.810775015364428,49.24078596045022],[6.875189252521331,49.308542804459016],[6.877121215836863,49.32678357435321]]]}},{"type":"Feature","properties":{"wkr_nr":297,"wkr_name":"Saarlouis","state_name":"Saarland","elected_party":"cdu","elected_party_share":0.4448,"zweitstimme_top_party":"cdu","zweitstimme_top_share":0.4005,"turnout":0.729389350869148,"eligible_voters":211529.0,"erststimme_top6":[["cdu",0.4448],["spd",0.3489],["linke_pds",0.0729],["afd",0.0428],["gruene",0.0372],["piraten",0.0244]],"zweitstimme_top6":[["cdu",0.4005],["spd",0.3071],["linke_pds",0.0898],["gruene",0.0525],["afd",0.051],["fdp",0.0366]]},"geometry":{"type":"Polygon","coordinates":[[[6.891994057449127,49.613169014470444],[6.891939046649896,49.61026810956605],[6.905365172469027,49.59213257833234],[6.934449029143572,49.59942585842809],[6.958612020476458,49.58605921038164],[6.956312923259951,49.51351199905126],[6.910104673806014,49.501910992376295],[6.874967776190024,49.47959025310862],[6.854398841395476,49.4828677720393],[6.804814762545485,49.47116408655861],[6.798888151233101,49.415844477649415],[6.871249428069508,49.371850133640976],[6.915724100523702,49.37391053638352],[6.921762156685873,49.3680885385956],[6.872421836443166,49.34549297222984],[6.877121215836863,49.32678357435321],[6.875189252521331,49.308542804459016],[6.810775015364428,49.24078596045022],[6.767159322788631,49.222737130608806],[6.739533044592545,49.22622806360182],[6.723199062011122,49.218936225010665],[6.696100578056233,49.215116063458964],[6.689912993403921,49.24957279858969],[6.668679403002258,49.28047368789549],[6.609454391606487,49.30658062410176],[6.566958207793284,49.34621473408263],[6.563619549235708,49.35585654762658],[6.585503546867093,49.352875792548495],[6.602258267801733,49.36709345049726],[6.58667897208467,49.38513679754143],[6.540777217910154,49.401215360243775],[6.538643629395724,49.41216821727158],[6.557468086940053,49.419512888998796],[6.46871437167744,49.46443947505701],[6.433255066627097,49.47175775719829],[6.393546852025406,49.46405486289972],[6.36709257510678,49.46946972231697],[6.356465988621033,49.53022142757645],[6.380030743505894,49.5511282066478],[6.468041153620803,49.54426884294082],[6.494500987922017,49.530498597866455],[6.563698082604798,49.54059616955028],[6.579733966647557,49.528673013746115],[6.748141577953592,49.55790377817498],[6.801668216929895,49.588021771445966],[6.812900197268162,49.591828323992445],[6.830326592007693,49.58615462311055],[6.857430243885052,49.60503735812447],[6.891994057449127,49.613169014470444]]]}},{"type":"Feature","properties":{"wkr_nr":298,"wkr_name":"St. Wendel","state_name":"Saarland","elected_party":"cdu","elected_party_share":0.454,"zweitstimme_top_party":"cdu","zweitstimme_top_share":0.4092,"turnout":0.760776989990139,"eligible_voters":181521.0,"erststimme_top6":[["cdu",0.454],["spd",0.3347],["linke_pds",0.0764],["afd",0.0475],["gruene",0.0283],["piraten",0.0226]],"zweitstimme_top6":[["cdu",0.4092],["spd",0.3045],["linke_pds",0.0905],["afd",0.0543],["gruene",0.0454],["fdp",0.0336]]},"geometry":{"type":"Polygon","coordinates":[[[6.891994057449127,49.613169014470444],[6.944267663372115,49.63588798384571],[6.988506093540829,49.632869067391475],[6.985849733151191,49.621084291599914],[7.027781995789533,49.63934121976074],[7.059272227702725,49.63017889776797],[7.088056226599536,49.59937553357965],[7.128536263153003,49.59568398565385],[7.152082755823473,49.60368892449404],[7.172696887232586,49.60118114314839],[7.175753143860298,49.58516036725189],[7.213026706510265,49.56595540809745],[7.258914121647613,49.578240712424375],[7.276800029717046,49.54860519849953],[7.275701471552953,49.53808205267044],[7.310179235619614,49.52296114234933],[7.285787374846411,49.51663408474369],[7.277977350605146,49.48434440055432],[7.305366275470863,49.47422647739806],[7.287224509660718,49.456489814035336],[7.246598886475282,49.446124928029164],[7.252628319161178,49.43138708779555],[7.291077391321469,49.41587136594846],[7.293103754289705,49.4077959337874],[7.261687739244589,49.397256090132124],[7.246866938594094,49.406387369119756],[7.20578471424199,49.393781031396166],[7.153764912149971,49.39003864647252],[7.139190183586848,49.35307912488069],[7.114729828892342,49.33711894037635],[7.086557399016897,49.34675015219459],[7.014520585366003,49.34949346494328],[6.991746521140222,49.322364016925995],[6.923387948253771,49.32786543307194],[6.877121215836863,49.32678357435321],[6.872421836443166,49.34549297222984],[6.921762156685873,49.3680885385956],[6.915724100523702,49.37391053638352],[6.871249428069508,49.371850133640976],[6.798888151233101,49.415844477649415],[6.804814762545485,49.47116408655861],[6.854398841395476,49.4828677720393],[6.874967776190024,49.47959025310862],[6.910104673806014,49.501910992376295],[6.956312923259951,49.51351199905126],[6.958612020476458,49.58605921038164],[6.934449029143572,49.59942585842809],[6.905365172469027,49.59213257833234],[6.891939046649896,49.61026810956605],[6.891994057449127,49.613169014470444]]]}},{"type":"Feature","properties":{"wkr_nr":299,"wkr_name":"Homburg","state_name":"Saarland","elected_party":"cdu","elected_party_share":0.3977,"zweitstimme_top_party":"cdu","zweitstimme_top_share":0.3659,"turnout":0.719998788594618,"eligible_voters":198117.0,"erststimme_top6":[["cdu",0.3977],["spd",0.3762],["linke_pds",0.0906],["afd",0.0464],["gruene",0.0357],["piraten",0.0237]],"zweitstimme_top6":[["cdu",0.3659],["spd",0.3189],["linke_pds",0.1019],["afd",0.056],["gruene",0.0512],["fdp",0.0379]]},"geometry":{"type":"Polygon","coordinates":[[[7.293103754289705,49.4077959337874],[7.29713322208666,49.40467904954917],[7.289792378084991,49.38968126909386],[7.366321974897388,49.36338588562608],[7.395347952388032,49.37142886669303],[7.402105820702869,49.36786755472638],[7.393397183873322,49.36339514387849],[7.385065926049699,49.32093246913192],[7.394259999643684,49.316262839743054],[7.37380163856491,49.28098427677493],[7.303207507233799,49.251079574645374],[7.289102999153597,49.237764658829775],[7.319627487291307,49.189653714479],[7.338510782473165,49.184279915869794],[7.350223178087992,49.16297811465034],[7.368753938448657,49.16147956550621],[7.315556789898094,49.138476663443754],[7.293161860041823,49.114936328471785],[7.245397411678468,49.1290956987376],[7.183940881886801,49.13141998545735],[7.159464817938845,49.12045486335758],[7.116039861967746,49.14000365026634],[7.10085983065216,49.155824004640834],[7.112004100596871,49.17618571599547],[7.107020292278253,49.18874534569551],[7.130857908084615,49.218406682484044],[7.128522487832716,49.2429627589762],[7.107498337762751,49.2564303223594],[7.087382296286521,49.246813618697004],[7.079398802043836,49.24992804922551],[7.062036302506622,49.27172443673685],[7.050097197709429,49.28976313620532],[6.991746521140222,49.322364016925995],[7.014520585366003,49.34949346494328],[7.086557399016897,49.34675015219459],[7.114729828892342,49.33711894037635],[7.139190183586848,49.35307912488069],[7.153764912149971,49.39003864647252],[7.20578471424199,49.393781031396166],[7.246866938594094,49.406387369119756],[7.261687739244589,49.397256090132124],[7.293103754289705,49.4077959337874]]]}}]}