"county","year","gross_avg_wage_vgrdl"
1001,2001,24070
1001,2002,25078
1001,2003,25820
1001,2004,25685
1001,2005,24977
1001,2006,24215
1001,2007,24424
1001,2008,25000
1001,2009,24730
1001,2010,24951
1001,2011,25429
1001,2012,26321
1001,2013,26761
1001,2014,26923
1001,2015,27800
1001,2016,27960
1001,2017,29318
1001,2018,30667
1001,2019,31453
1001,2020,31474
1002,2001,26101
1002,2002,26887
1002,2003,27407
1002,2004,27342
1002,2005,27018
1002,2006,26501
1002,2007,26743
1002,2008,27150
1002,2009,27511
1002,2010,28097
1002,2011,28857
1002,2012,29389
1002,2013,29637
1002,2014,30788
1002,2015,31947
1002,2016,32318
1002,2017,33258
1002,2018,34473
1002,2019,35397
1002,2020,35939
1003,2001,23922
1003,2002,24415
1003,2003,24404
1003,2004,24698
1003,2005,24768
1003,2006,24504
1003,2007,24737
1003,2008,25269
1003,2009,25193
1003,2010,25864
1003,2011,26733
1003,2012,27322
1003,2013,27963
1003,2014,29276
1003,2015,29394
1003,2016,31069
1003,2017,31396
1003,2018,32671
1003,2019,33882
1003,2020,34522
1004,2001,24443
1004,2002,25112
1004,2003,24760
1004,2004,24849
1004,2005,24572
1004,2006,24525
1004,2007,24973
1004,2008,25064
1004,2009,25047
1004,2010,25346
1004,2011,26354
1004,2012,26978
1004,2013,28171
1004,2014,28292
1004,2015,28772
1004,2016,29585
1004,2017,30353
1004,2018,31418
1004,2019,32777
1004,2020,32927
1051,2001,23838
1051,2002,24130
1051,2003,24076
1051,2004,23702
1051,2005,23626
1051,2006,23883
1051,2007,24048
1051,2008,24213
1051,2009,24041
1051,2010,24335
1051,2011,25331
1051,2012,25799
1051,2013,25993
1051,2014,26590
1051,2015,27019
1051,2016,27901
1051,2017,28367
1051,2018,29322
1051,2019,30191
1051,2020,30346
1053,2001,22381
1053,2002,22414
1053,2003,22220
1053,2004,22062
1053,2005,21946
1053,2006,21942
1053,2007,22534
1053,2008,23815
1053,2009,23691
1053,2010,23759
1053,2011,25175
1053,2012,25800
1053,2013,26401
1053,2014,27207
1053,2015,27943
1053,2016,28599
1053,2017,29302
1053,2018,30041
1053,2019,31132
1053,2020,31418
1054,2001,21661
1054,2002,21809
1054,2003,22162
1054,2004,22204
1054,2005,22428
1054,2006,22501
1054,2007,22720
1054,2008,22676
1054,2009,23323
1054,2010,24026
1054,2011,24655
1054,2012,25389
1054,2013,26216
1054,2014,26303
1054,2015,27222
1054,2016,27647
1054,2017,28351
1054,2018,29124
1054,2019,29759
1054,2020,29816
1055,2001,20186
1055,2002,20527
1055,2003,20768
1055,2004,20843
1055,2005,20905
1055,2006,21050
1055,2007,21752
1055,2008,22097
1055,2009,22066
1055,2010,22523
1055,2011,23045
1055,2012,24032
1055,2013,24329
1055,2014,24681
1055,2015,25393
1055,2016,25978
1055,2017,26678
1055,2018,27693
1055,2019,28674
1055,2020,29057
1056,2001,24081
1056,2002,24630
1056,2003,25090
1056,2004,25370
1056,2005,25646
1056,2006,25809
1056,2007,26289
1056,2008,26827
1056,2009,27368
1056,2010,27571
1056,2011,28036
1056,2012,28679
1056,2013,29640
1056,2014,29516
1056,2015,30132
1056,2016,30677
1056,2017,31261
1056,2018,32757
1056,2019,33367
1056,2020,33686
1057,2001,19180
1057,2002,19603
1057,2003,19855
1057,2004,19794
1057,2005,19878
1057,2006,19892
1057,2007,20853
1057,2008,20931
1057,2009,21292
1057,2010,21889
1057,2011,22444
1057,2012,23201
1057,2013,23490
1057,2014,23810
1057,2015,24360
1057,2016,24644
1057,2017,25241
1057,2018,26272
1057,2019,27264
1057,2020,27509
1058,2001,21797
1058,2002,21814
1058,2003,22401
1058,2004,22371
1058,2005,22350
1058,2006,22383
1058,2007,22704
1058,2008,22741
1058,2009,23331
1058,2010,24006
1058,2011,24790
1058,2012,25494
1058,2013,26239
1058,2014,26708
1058,2015,27529
1058,2016,27753
1058,2017,28616
1058,2018,29669
1058,2019,30551
1058,2020,30869
1059,2001,21940
1059,2002,22080
1059,2003,21906
1059,2004,21530
1059,2005,21595
1059,2006,21473
1059,2007,21576
1059,2008,21685
1059,2009,22173
1059,2010,22631
1059,2011,23051
1059,2012,23860
1059,2013,24062
1059,2014,24658
1059,2015,25163
1059,2016,25947
1059,2017,26605
1059,2018,27581
1059,2019,28373
1059,2020,28587
1060,2001,24068
1060,2002,24268
1060,2003,24588
1060,2004,24569
1060,2005,24806
1060,2006,24626
1060,2007,24985
1060,2008,26098
1060,2009,26254
1060,2010,26898
1060,2011,27293
1060,2012,28007
1060,2013,28219
1060,2014,28908
1060,2015,29769
1060,2016,30838
1060,2017,31739
1060,2018,33066
1060,2019,34270
1060,2020,34755
1061,2001,23442
1061,2002,23858
1061,2003,23750
1061,2004,23534
1061,2005,23553
1061,2006,23557
1061,2007,23926
1061,2008,24150
1061,2009,23982
1061,2010,24420
1061,2011,25131
1061,2012,25744
1061,2013,26618
1061,2014,26858
1061,2015,27547
1061,2016,27995
1061,2017,28672
1061,2018,29615
1061,2019,30455
1061,2020,30622
1062,2001,27250
1062,2002,27110
1062,2003,27153
1062,2004,26574
1062,2005,26344
1062,2006,26123
1062,2007,26546
1062,2008,27350
1062,2009,26342
1062,2010,27055
1062,2011,28030
1062,2012,28771
1062,2013,29617
1062,2014,30001
1062,2015,30520
1062,2016,30932
1062,2017,32065
1062,2018,33116
1062,2019,34147
1062,2020,34250
2000,2001,NA
2000,2002,NA
2000,2003,NA
2000,2004,NA
2000,2005,NA
2000,2006,NA
2000,2007,NA
2000,2008,NA
2000,2009,NA
2000,2010,NA
2000,2011,NA
2000,2012,NA
2000,2013,NA
2000,2014,NA
2000,2015,NA
2000,2016,NA
2000,2017,NA
2000,2018,NA
2000,2019,NA
2000,2020,NA
3101,2001,26367
3101,2002,26577
3101,2003,27199
3101,2004,27270
3101,2005,27203
3101,2006,27682
3101,2007,27816
3101,2008,28684
3101,2009,29237
3101,2010,30064
3101,2011,31248
3101,2012,32361
3101,2013,32792
3101,2014,34049
3101,2015,35383
3101,2016,36298
3101,2017,37382
3101,2018,38726
3101,2019,40075
3101,2020,40044
3102,2001,30571
3102,2002,30879
3102,2003,31455
3102,2004,31588
3102,2005,31587
3102,2006,32700
3102,2007,32941
3102,2008,32975
3102,2009,32220
3102,2010,34259
3102,2011,36073
3102,2012,36808
3102,2013,37968
3102,2014,39331
3102,2015,40997
3102,2016,41472
3102,2017,42335
3102,2018,43691
3102,2019,44138
3102,2020,42367
3103,2001,35591
3103,2002,35689
3103,2003,36212
3103,2004,36981
3103,2005,37124
3103,2006,38298
3103,2007,37960
3103,2008,40435
3103,2009,42002
3103,2010,42818
3103,2011,45751
3103,2012,49948
3103,2013,52480
3103,2014,54979
3103,2015,57236
3103,2016,56799
3103,2017,57996
3103,2018,61407
3103,2019,64557
3103,2020,62959
3151,2001,21708
3151,2002,21951
3151,2003,22100
3151,2004,22142
3151,2005,22032
3151,2006,22191
3151,2007,22458
3151,2008,23146
3151,2009,23309
3151,2010,24034
3151,2011,24991
3151,2012,24962
3151,2013,25944
3151,2014,26926
3151,2015,28004
3151,2016,28869
3151,2017,29916
3151,2018,30452
3151,2019,31351
3151,2020,31301
3153,2001,22796
3153,2002,23003
3153,2003,23169
3153,2004,23150
3153,2005,22884
3153,2006,23283
3153,2007,23527
3153,2008,24121
3153,2009,24171
3153,2010,24866
3153,2011,25962
3153,2012,26269
3153,2013,27027
3153,2014,27666
3153,2015,28347
3153,2016,28364
3153,2017,29419
3153,2018,30539
3153,2019,31546
3153,2020,31666
3154,2001,21593
3154,2002,21786
3154,2003,21921
3154,2004,22019
3154,2005,21948
3154,2006,22067
3154,2007,22221
3154,2008,22508
3154,2009,22839
3154,2010,23668
3154,2011,24477
3154,2012,25372
3154,2013,26005
3154,2014,25652
3154,2015,26408
3154,2016,27369
3154,2017,28238
3154,2018,29736
3154,2019,30721
3154,2020,30831
3155,2001,21921
3155,2002,22033
3155,2003,22387
3155,2004,22551
3155,2005,22577
3155,2006,23092
3155,2007,23449
3155,2008,24249
3155,2009,24008
3155,2010,24603
3155,2011,25534
3155,2012,26127
3155,2013,26900
3155,2014,27522
3155,2015,28369
3155,2016,29276
3155,2017,30031
3155,2018,31020
3155,2019,31894
3155,2020,31424
3157,2001,23046
3157,2002,23225
3157,2003,23327
3157,2004,23170
3157,2005,22969
3157,2006,23221
3157,2007,23354
3157,2008,23721
3157,2009,23679
3157,2010,24393
3157,2011,25111
3157,2012,25562
3157,2013,26069
3157,2014,26563
3157,2015,26920
3157,2016,27342
3157,2017,28107
3157,2018,29258
3157,2019,29934
3157,2020,30054
3158,2001,21010
3158,2002,21045
3158,2003,21301
3158,2004,21114
3158,2005,20719
3158,2006,21019
3158,2007,21264
3158,2008,21814
3158,2009,22022
3158,2010,22837
3158,2011,23668
3158,2012,24224
3158,2013,25121
3158,2014,26247
3158,2015,26910
3158,2016,27583
3158,2017,28826
3158,2018,29698
3158,2019,30315
3158,2020,31006
3159,2001,NA
3159,2002,NA
3159,2003,NA
3159,2004,NA
3159,2005,NA
3159,2006,NA
3159,2007,NA
3159,2008,NA
3159,2009,NA
3159,2010,NA
3159,2011,NA
3159,2012,NA
3159,2013,NA
3159,2014,NA
3159,2015,NA
3159,2016,30929
3159,2017,31861
3159,2018,32906
3159,2019,33682
3159,2020,33945
3241,2001,27367
3241,2002,27620
3241,2003,27897
3241,2004,27826
3241,2005,27780
3241,2006,28149
3241,2007,28327
3241,2008,29149
3241,2009,29442
3241,2010,30295
3241,2011,31311
3241,2012,32104
3241,2013,32696
3241,2014,33715
3241,2015,34570
3241,2016,35069
3241,2017,35901
3241,2018,37406
3241,2019,38547
3241,2020,38464
3251,2001,21701
3251,2002,21618
3251,2003,22212
3251,2004,22158
3251,2005,22081
3251,2006,22477
3251,2007,22654
3251,2008,22676
3251,2009,22479
3251,2010,23028
3251,2011,23714
3251,2012,24258
3251,2013,25090
3251,2014,25744
3251,2015,26527
3251,2016,27245
3251,2017,27597
3251,2018,28853
3251,2019,29648
3251,2020,29355
3252,2001,25297
3252,2002,25346
3252,2003,25778
3252,2004,25780
3252,2005,25519
3252,2006,25794
3252,2007,25725
3252,2008,26287
3252,2009,26203
3252,2010,26843
3252,2011,27649
3252,2012,28268
3252,2013,29067
3252,2014,29774
3252,2015,30572
3252,2016,31357
3252,2017,31449
3252,2018,33222
3252,2019,34288
3252,2020,34247
3254,2001,24076
3254,2002,24366
3254,2003,24731
3254,2004,24707
3254,2005,24547
3254,2006,24937
3254,2007,25128
3254,2008,25412
3254,2009,25351
3254,2010,26088
3254,2011,26715
3254,2012,27064
3254,2013,27628
3254,2014,28425
3254,2015,28950
3254,2016,30458
3254,2017,30621
3254,2018,31484
3254,2019,32366
3254,2020,32264
3255,2001,24308
3255,2002,24332
3255,2003,24393
3255,2004,24259
3255,2005,24035
3255,2006,24535
3255,2007,24618
3255,2008,24895
3255,2009,24919
3255,2010,25772
3255,2011,26749
3255,2012,27600
3255,2013,28592
3255,2014,29220
3255,2015,30096
3255,2016,30719
3255,2017,31449
3255,2018,32569
3255,2019,32732
3255,2020,33883
3256,2001,22184
3256,2002,22546
3256,2003,22809
3256,2004,22881
3256,2005,22873
3256,2006,23250
3256,2007,23404
3256,2008,23677
3256,2009,23721
3256,2010,24366
3256,2011,25299
3256,2012,26003
3256,2013,26451
3256,2014,26977
3256,2015,27493
3256,2016,28451
3256,2017,28812
3256,2018,30003
3256,2019,30896
3256,2020,31031
3257,2001,22015
3257,2002,21982
3257,2003,22423
3257,2004,22411
3257,2005,22144
3257,2006,22917
3257,2007,22808
3257,2008,22505
3257,2009,22562
3257,2010,23235
3257,2011,23827
3257,2012,24494
3257,2013,25318
3257,2014,26211
3257,2015,26876
3257,2016,27825
3257,2017,28261
3257,2018,29400
3257,2019,30105
3257,2020,30410
3351,2001,23198
3351,2002,23482
3351,2003,24072
3351,2004,24113
3351,2005,24090
3351,2006,24450
3351,2007,24571
3351,2008,25266
3351,2009,25515
3351,2010,26264
3351,2011,27042
3351,2012,27551
3351,2013,28213
3351,2014,29013
3351,2015,29624
3351,2016,29889
3351,2017,30675
3351,2018,31718
3351,2019,32553
3351,2020,32929
3352,2001,20849
3352,2002,20667
3352,2003,21077
3352,2004,20966
3352,2005,20712
3352,2006,21012
3352,2007,21234
3352,2008,21455
3352,2009,21860
3352,2010,22336
3352,2011,23004
3352,2012,23584
3352,2013,24135
3352,2014,24764
3352,2015,25132
3352,2016,25585
3352,2017,26176
3352,2018,27245
3352,2019,28263
3352,2020,28833
3353,2001,21094
3353,2002,21203
3353,2003,21464
3353,2004,21415
3353,2005,21279
3353,2006,21689
3353,2007,22062
3353,2008,22747
3353,2009,22995
3353,2010,23591
3353,2011,24220
3353,2012,24912
3353,2013,25406
3353,2014,26313
3353,2015,26849
3353,2016,27478
3353,2017,28239
3353,2018,29409
3353,2019,30423
3353,2020,30520
3354,2001,19923
3354,2002,20085
3354,2003,20078
3354,2004,20055
3354,2005,20077
3354,2006,20491
3354,2007,20840
3354,2008,21243
3354,2009,20823
3354,2010,21485
3354,2011,22465
3354,2012,23248
3354,2013,23486
3354,2014,24632
3354,2015,25300
3354,2016,25956
3354,2017,26731
3354,2018,27648
3354,2019,28358
3354,2020,28248
3355,2001,22371
3355,2002,22406
3355,2003,22802
3355,2004,22782
3355,2005,22547
3355,2006,22838
3355,2007,23102
3355,2008,23000
3355,2009,23308
3355,2010,24234
3355,2011,24993
3355,2012,25618
3355,2013,26096
3355,2014,27053
3355,2015,27528
3355,2016,28607
3355,2017,29304
3355,2018,30309
3355,2019,31358
3355,2020,31629
3356,2001,21152
3356,2002,21403
3356,2003,21560
3356,2004,21343
3356,2005,21058
3356,2006,21409
3356,2007,21594
3356,2008,21696
3356,2009,21743
3356,2010,22201
3356,2011,22642
3356,2012,23108
3356,2013,23779
3356,2014,24251
3356,2015,25260
3356,2016,25948
3356,2017,24932
3356,2018,27566
3356,2019,28600
3356,2020,28865
3357,2001,21161
3357,2002,21335
3357,2003,21575
3357,2004,21642
3357,2005,21569
3357,2006,21965
3357,2007,22707
3357,2008,22399
3357,2009,22652
3357,2010,22941
3357,2011,23939
3357,2012,24406
3357,2013,25111
3357,2014,25768
3357,2015,26493
3357,2016,27262
3357,2017,28200
3357,2018,28817
3357,2019,29806
3357,2020,30148
3358,2001,22192
3358,2002,22620
3358,2003,22898
3358,2004,22901
3358,2005,22853
3358,2006,23290
3358,2007,23762
3358,2008,23592
3358,2009,23806
3358,2010,24158
3358,2011,24621
3358,2012,25406
3358,2013,26131
3358,2014,26642
3358,2015,27200
3358,2016,28239
3358,2017,29081
3358,2018,29826
3358,2019,30775
3358,2020,31120
3359,2001,24175
3359,2002,24158
3359,2003,24440
3359,2004,24320
3359,2005,24324
3359,2006,24811
3359,2007,24883
3359,2008,25017
3359,2009,25446
3359,2010,25950
3359,2011,26906
3359,2012,27451
3359,2013,26968
3359,2014,28724
3359,2015,29441
3359,2016,30493
3359,2017,31034
3359,2018,31206
3359,2019,32029
3359,2020,31318
3360,2001,20924
3360,2002,21084
3360,2003,20970
3360,2004,21072
3360,2005,20973
3360,2006,21302
3360,2007,21615
3360,2008,21938
3360,2009,22192
3360,2010,23008
3360,2011,23699
3360,2012,24292
3360,2013,24574
3360,2014,25405
3360,2015,26209
3360,2016,26801
3360,2017,27482
3360,2018,28509
3360,2019,29387
3360,2020,29748
3361,2001,23629
3361,2002,23665
3361,2003,24180
3361,2004,24130
3361,2005,23992
3361,2006,24454
3361,2007,24695
3361,2008,25623
3361,2009,25413
3361,2010,25898
3361,2011,26521
3361,2012,27256
3361,2013,27800
3361,2014,28980
3361,2015,29399
3361,2016,29849
3361,2017,30516
3361,2018,31426
3361,2019,32442
3361,2020,32251
3401,2001,19883
3401,2002,20207
3401,2003,20444
3401,2004,20539
3401,2005,20726
3401,2006,21212
3401,2007,21758
3401,2008,21146
3401,2009,21377
3401,2010,21889
3401,2011,22731
3401,2012,23467
3401,2013,24911
3401,2014,25551
3401,2015,26493
3401,2016,24329
3401,2017,25281
3401,2018,26609
3401,2019,28058
3401,2020,28646
3402,2001,28857
3402,2002,29122
3402,2003,29772
3402,2004,30105
3402,2005,29714
3402,2006,30361
3402,2007,30364
3402,2008,30949
3402,2009,30766
3402,2010,32167
3402,2011,32857
3402,2012,33484
3402,2013,34085
3402,2014,35069
3402,2015,35923
3402,2016,36266
3402,2017,36881
3402,2018,38627
3402,2019,39760
3402,2020,38499
3403,2001,23928
3403,2002,24076
3403,2003,24697
3403,2004,24556
3403,2005,24444
3403,2006,24775
3403,2007,25095
3403,2008,25328
3403,2009,25905
3403,2010,26653
3403,2011,27498
3403,2012,28234
3403,2013,28754
3403,2014,29763
3403,2015,30455
3403,2016,31321
3403,2017,32236
3403,2018,33492
3403,2019,34587
3403,2020,35164
3404,2001,25270
3404,2002,25325
3404,2003,25767
3404,2004,25760
3404,2005,25522
3404,2006,25885
3404,2007,25808
3404,2008,26465
3404,2009,26819
3404,2010,26682
3404,2011,27319
3404,2012,27890
3404,2013,28407
3404,2014,29479
3404,2015,30226
3404,2016,30856
3404,2017,31413
3404,2018,32534
3404,2019,33383
3404,2020,33740
3405,2001,24664
3405,2002,24878
3405,2003,25604
3405,2004,25538
3405,2005,25230
3405,2006,25620
3405,2007,25819
3405,2008,25658
3405,2009,26006
3405,2010,26366
3405,2011,26965
3405,2012,27445
3405,2013,28195
3405,2014,28353
3405,2015,29307
3405,2016,30666
3405,2017,31504
3405,2018,32548
3405,2019,33226
3405,2020,34134
3451,2001,21520
3451,2002,21563
3451,2003,21893
3451,2004,21833
3451,2005,21708
3451,2006,22179
3451,2007,22426
3451,2008,23267
3451,2009,23549
3451,2010,24386
3451,2011,25332
3451,2012,25903
3451,2013,26402
3451,2014,27147
3451,2015,27864
3451,2016,28644
3451,2017,29511
3451,2018,30113
3451,2019,30756
3451,2020,30744
3452,2001,19315
3452,2002,19524
3452,2003,19922
3452,2004,19740
3452,2005,19735
3452,2006,20088
3452,2007,20356
3452,2008,20577
3452,2009,20902
3452,2010,21296
3452,2011,21845
3452,2012,22541
3452,2013,23068
3452,2014,24043
3452,2015,24716
3452,2016,25769
3452,2017,26564
3452,2018,27359
3452,2019,27898
3452,2020,28003
3453,2001,20611
3453,2002,20820
3453,2003,21037
3453,2004,21111
3453,2005,20992
3453,2006,21407
3453,2007,21692
3453,2008,21841
3453,2009,22146
3453,2010,22556
3453,2011,23340
3453,2012,23849
3453,2013,24198
3453,2014,24973
3453,2015,25476
3453,2016,25882
3453,2017,26260
3453,2018,27286
3453,2019,28184
3453,2020,28481
3454,2001,22593
3454,2002,22657
3454,2003,23112
3454,2004,23097
3454,2005,23085
3454,2006,23650
3454,2007,23792
3454,2008,23921
3454,2009,23986
3454,2010,24734
3454,2011,25566
3454,2012,25996
3454,2013,26584
3454,2014,27235
3454,2015,27871
3454,2016,28697
3454,2017,29827
3454,2018,30693
3454,2019,31480
3454,2020,31516
3455,2001,21806
3455,2002,22008
3455,2003,22611
3455,2004,22269
3455,2005,21788
3455,2006,22176
3455,2007,21947
3455,2008,22318
3455,2009,23135
3455,2010,23084
3455,2011,24176
3455,2012,25098
3455,2013,25675
3455,2014,26493
3455,2015,27657
3455,2016,28381
3455,2017,29301
3455,2018,29849
3455,2019,30879
3455,2020,30352
3456,2001,20333
3456,2002,20525
3456,2003,20645
3456,2004,20666
3456,2005,20532
3456,2006,20952
3456,2007,21371
3456,2008,21484
3456,2009,21739
3456,2010,22391
3456,2011,23411
3456,2012,23953
3456,2013,24465
3456,2014,25248
3456,2015,25949
3456,2016,26333
3456,2017,27065
3456,2018,28275
3456,2019,29172
3456,2020,29404
3457,2001,20075
3457,2002,20095
3457,2003,20561
3457,2004,20483
3457,2005,20288
3457,2006,20592
3457,2007,20847
3457,2008,21463
3457,2009,21794
3457,2010,22050
3457,2011,22485
3457,2012,22896
3457,2013,23302
3457,2014,24138
3457,2015,24900
3457,2016,25380
3457,2017,25774
3457,2018,26879
3457,2019,27876
3457,2020,28140
3458,2001,20802
3458,2002,20988
3458,2003,21260
3458,2004,21034
3458,2005,20871
3458,2006,21151
3458,2007,21265
3458,2008,21354
3458,2009,21073
3458,2010,21382
3458,2011,21932
3458,2012,22555
3458,2013,23064
3458,2014,23935
3458,2015,24684
3458,2016,26268
3458,2017,26792
3458,2018,27302
3458,2019,27844
3458,2020,28095
3459,2001,21870
3459,2002,21984
3459,2003,22261
3459,2004,22260
3459,2005,22212
3459,2006,22711
3459,2007,22933
3459,2008,23177
3459,2009,23240
3459,2010,23932
3459,2011,24642
3459,2012,25095
3459,2013,25277
3459,2014,25973
3459,2015,26577
3459,2016,27291
3459,2017,28070
3459,2018,29058
3459,2019,29716
3459,2020,29778
3460,2001,21379
3460,2002,21479
3460,2003,21883
3460,2004,22082
3460,2005,22020
3460,2006,22482
3460,2007,22770
3460,2008,23018
3460,2009,22939
3460,2010,23894
3460,2011,24891
3460,2012,25188
3460,2013,26068
3460,2014,26706
3460,2015,27459
3460,2016,28456
3460,2017,28817
3460,2018,30225
3460,2019,30737
3460,2020,30746
3461,2001,25066
3461,2002,25257
3461,2003,25446
3461,2004,25369
3461,2005,25281
3461,2006,26353
3461,2007,26706
3461,2008,27346
3461,2009,27999
3461,2010,28382
3461,2011,29625
3461,2012,30395
3461,2013,30960
3461,2014,31830
3461,2015,32978
3461,2016,33878
3461,2017,34510
3461,2018,35192
3461,2019,36694
3461,2020,36074
3462,2001,19675
3462,2002,19826
3462,2003,20387
3462,2004,20222
3462,2005,19972
3462,2006,20493
3462,2007,20719
3462,2008,20232
3462,2009,20442
3462,2010,21147
3462,2011,21686
3462,2012,22152
3462,2013,22850
3462,2014,23304
3462,2015,24419
3462,2016,25275
3462,2017,26159
3462,2018,27068
3462,2019,27328
3462,2020,27770
4011,2001,26553
4011,2002,26669
4011,2003,27362
4011,2004,27542
4011,2005,27919
4011,2006,28245
4011,2007,28504
4011,2008,29372
4011,2009,29473
4011,2010,30121
4011,2011,31103
4011,2012,31687
4011,2013,32844
4011,2014,33560
4011,2015,34452
4011,2016,35483
4011,2017,36462
4011,2018,37191
4011,2019,37988
4011,2020,37575
4012,2001,25757
4012,2002,25977
4012,2003,26563
4012,2004,26735
4012,2005,27056
4012,2006,27721
4012,2007,28150
4012,2008,28939
4012,2009,29193
4012,2010,29783
4012,2011,30870
4012,2012,31525
4012,2013,32634
4012,2014,33544
4012,2015,34295
4012,2016,35073
4012,2017,35953
4012,2018,36830
4012,2019,37614
4012,2020,37341
5111,2001,32413
5111,2002,33197
5111,2003,33631
5111,2004,34118
5111,2005,34468
5111,2006,34285
5111,2007,34309
5111,2008,35072
5111,2009,35256
5111,2010,35970
5111,2011,37048
5111,2012,38303
5111,2013,39047
5111,2014,40579
5111,2015,41972
5111,2016,42961
5111,2017,43757
5111,2018,45224
5111,2019,46171
5111,2020,46152
5112,2001,27341
5112,2002,27510
5112,2003,27795
5112,2004,27964
5112,2005,28052
5112,2006,28110
5112,2007,28610
5112,2008,29805
5112,2009,29602
5112,2010,30517
5112,2011,31821
5112,2012,32744
5112,2013,33209
5112,2014,34507
5112,2015,35103
5112,2016,35643
5112,2017,36225
5112,2018,37231
5112,2019,38574
5112,2020,37940
5113,2001,28025
5113,2002,28405
5113,2003,28841
5113,2004,28995
5113,2005,29125
5113,2006,29065
5113,2007,29182
5113,2008,29879
5113,2009,30322
5113,2010,31015
5113,2011,32225
5113,2012,33077
5113,2013,33123
5113,2014,34254
5113,2015,34789
5113,2016,35393
5113,2017,36434
5113,2018,37846
5113,2019,39075
5113,2020,39341
5114,2001,29070
5114,2002,29472
5114,2003,29458
5114,2004,29798
5114,2005,29672
5114,2006,29403
5114,2007,29941
5114,2008,30614
5114,2009,30550
5114,2010,31152
5114,2011,32126
5114,2012,33106
5114,2013,33318
5114,2014,34318
5114,2015,35026
5114,2016,35639
5114,2017,36121
5114,2018,37099
5114,2019,38708
5114,2020,38656
5116,2001,25102
5116,2002,25420
5116,2003,25779
5116,2004,25643
5116,2005,25608
5116,2006,25324
5116,2007,25621
5116,2008,26574
5116,2009,26729
5116,2010,27339
5116,2011,28011
5116,2012,28840
5116,2013,29129
5116,2014,30010
5116,2015,30406
5116,2016,30910
5116,2017,31470
5116,2018,33299
5116,2019,34167
5116,2020,33845
5117,2001,27783
5117,2002,28296
5117,2003,28482
5117,2004,28593
5117,2005,28936
5117,2006,29171
5117,2007,29431
5117,2008,30515
5117,2009,30401
5117,2010,30963
5117,2011,31912
5117,2012,32978
5117,2013,33070
5117,2014,34435
5117,2015,35461
5117,2016,36172
5117,2017,36010
5117,2018,38372
5117,2019,39603
5117,2020,39142
5119,2001,24591
5119,2002,24713
5119,2003,24726
5119,2004,24939
5119,2005,25077
5119,2006,25070
5119,2007,25485
5119,2008,26291
5119,2009,26739
5119,2010,26881
5119,2011,28220
5119,2012,29222
5119,2013,29464
5119,2014,30340
5119,2015,30835
5119,2016,31448
5119,2017,31697
5119,2018,32286
5119,2019,33609
5119,2020,33584
5120,2001,27568
5120,2002,27488
5120,2003,27616
5120,2004,27877
5120,2005,28461
5120,2006,28352
5120,2007,29265
5120,2008,29486
5120,2009,29364
5120,2010,30365
5120,2011,31413
5120,2012,32242
5120,2013,32054
5120,2014,33384
5120,2015,33842
5120,2016,34338
5120,2017,35305
5120,2018,36358
5120,2019,37637
5120,2020,37316
5122,2001,24099
5122,2002,24518
5122,2003,24778
5122,2004,25046
5122,2005,25212
5122,2006,25111
5122,2007,25409
5122,2008,26012
5122,2009,25845
5122,2010,26726
5122,2011,27498
5122,2012,28836
5122,2013,29214
5122,2014,30334
5122,2015,31234
5122,2016,31979
5122,2017,32345
5122,2018,33415
5122,2019,34404
5122,2020,34468
5124,2001,26644
5124,2002,26805
5124,2003,27104
5124,2004,27471
5124,2005,27665
5124,2006,27488
5124,2007,27639
5124,2008,28809
5124,2009,28705
5124,2010,29345
5124,2011,30139
5124,2012,31057
5124,2013,31654
5124,2014,32628
5124,2015,33322
5124,2016,34300
5124,2017,34926
5124,2018,36033
5124,2019,36889
5124,2020,37070
5154,2001,22148
5154,2002,22380
5154,2003,22335
5154,2004,22194
5154,2005,22186
5154,2006,22152
5154,2007,22165
5154,2008,22747
5154,2009,22754
5154,2010,23176
5154,2011,23955
5154,2012,24882
5154,2013,25306
5154,2014,25887
5154,2015,26521
5154,2016,27289
5154,2017,28103
5154,2018,29254
5154,2019,29929
5154,2020,30162
5158,2001,28207
5158,2002,28954
5158,2003,29047
5158,2004,29128
5158,2005,29578
5158,2006,29770
5158,2007,30054
5158,2008,30667
5158,2009,30889
5158,2010,31949
5158,2011,33010
5158,2012,34106
5158,2013,34308
5158,2014,35615
5158,2015,36408
5158,2016,37010
5158,2017,38546
5158,2018,39837
5158,2019,40978
5158,2020,40721
5162,2001,28378
5162,2002,29000
5162,2003,29410
5162,2004,29156
5162,2005,29420
5162,2006,29501
5162,2007,29932
5162,2008,30687
5162,2009,30732
5162,2010,31617
5162,2011,32318
5162,2012,33316
5162,2013,33612
5162,2014,34724
5162,2015,35373
5162,2016,36281
5162,2017,37097
5162,2018,37662
5162,2019,38748
5162,2020,38360
5166,2001,24320
5166,2002,24558
5166,2003,24672
5166,2004,25017
5166,2005,24830
5166,2006,24678
5166,2007,24731
5166,2008,25162
5166,2009,25303
5166,2010,25747
5166,2011,26496
5166,2012,27285
5166,2013,27559
5166,2014,28338
5166,2015,29023
5166,2016,29578
5166,2017,30051
5166,2018,30639
5166,2019,31368
5166,2020,31288
5170,2001,23566
5170,2002,23750
5170,2003,23884
5170,2004,23568
5170,2005,23374
5170,2006,23281
5170,2007,23262
5170,2008,23991
5170,2009,24180
5170,2010,25056
5170,2011,25725
5170,2012,26230
5170,2013,26664
5170,2014,27496
5170,2015,28052
5170,2016,28665
5170,2017,29281
5170,2018,30145
5170,2019,31192
5170,2020,31470
5314,2001,31226
5314,2002,31790
5314,2003,32193
5314,2004,32285
5314,2005,32354
5314,2006,32215
5314,2007,32491
5314,2008,32186
5314,2009,32771
5314,2010,33515
5314,2011,34398
5314,2012,35360
5314,2013,35764
5314,2014,37221
5314,2015,37947
5314,2016,38917
5314,2017,39665
5314,2018,41563
5314,2019,43044
5314,2020,43413
5315,2001,31212
5315,2002,31758
5315,2003,32078
5315,2004,32270
5315,2005,32285
5315,2006,31945
5315,2007,31996
5315,2008,32804
5315,2009,33011
5315,2010,33483
5315,2011,34383
5315,2012,35486
5315,2013,35880
5315,2014,37229
5315,2015,38044
5315,2016,38998
5315,2017,39909
5315,2018,41267
5315,2019,42610
5315,2020,42692
5316,2001,33697
5316,2002,33674
5316,2003,33758
5316,2004,33776
5316,2005,33308
5316,2006,33305
5316,2007,34340
5316,2008,34946
5316,2009,35138
5316,2010,36365
5316,2011,38323
5316,2012,39242
5316,2013,40186
5316,2014,40202
5316,2015,40378
5316,2016,42320
5316,2017,43445
5316,2018,45002
5316,2019,46002
5316,2020,43653
5334,2001,NA
5334,2002,NA
5334,2003,NA
5334,2004,NA
5334,2005,NA
5334,2006,NA
5334,2007,NA
5334,2008,NA
5334,2009,27168
5334,2010,27851
5334,2011,29038
5334,2012,29783
5334,2013,29975
5334,2014,31284
5334,2015,32090
5334,2016,32928
5334,2017,33804
5334,2018,34798
5334,2019,35924
5334,2020,36284
5358,2001,24241
5358,2002,24714
5358,2003,25157
5358,2004,25068
5358,2005,24987
5358,2006,24911
5358,2007,25107
5358,2008,25572
5358,2009,25443
5358,2010,26144
5358,2011,26961
5358,2012,27516
5358,2013,27896
5358,2014,29164
5358,2015,29354
5358,2016,29764
5358,2017,30525
5358,2018,31535
5358,2019,32340
5358,2020,32847
5362,2001,26550
5362,2002,26836
5362,2003,27062
5362,2004,27076
5362,2005,27392
5362,2006,27449
5362,2007,27644
5362,2008,28163
5362,2009,28177
5362,2010,28839
5362,2011,29616
5362,2012,30476
5362,2013,30400
5362,2014,31652
5362,2015,32023
5362,2016,32639
5362,2017,33375
5362,2018,34154
5362,2019,35190
5362,2020,35261
5366,2001,23842
5366,2002,23975
5366,2003,24082
5366,2004,24337
5366,2005,24351
5366,2006,24272
5366,2007,24281
5366,2008,24514
5366,2009,24642
5366,2010,25355
5366,2011,26003
5366,2012,26750
5366,2013,27131
5366,2014,27801
5366,2015,27988
5366,2016,29099
5366,2017,29826
5366,2018,30784
5366,2019,31549
5366,2020,31846
5370,2001,20453
5370,2002,20719
5370,2003,20767
5370,2004,20590
5370,2005,20531
5370,2006,20597
5370,2007,21186
5370,2008,21636
5370,2009,21411
5370,2010,22361
5370,2011,23137
5370,2012,24217
5370,2013,24759
5370,2014,25899
5370,2015,26449
5370,2016,27236
5370,2017,27790
5370,2018,28931
5370,2019,30076
5370,2020,30264
5374,2001,24919
5374,2002,25314
5374,2003,25391
5374,2004,25633
5374,2005,25686
5374,2006,26029
5374,2007,26552
5374,2008,27581
5374,2009,27005
5374,2010,27833
5374,2011,28674
5374,2012,30020
5374,2013,30309
5374,2014,31397
5374,2015,32226
5374,2016,32739
5374,2017,33686
5374,2018,34994
5374,2019,36018
5374,2020,35285
5378,2001,24096
5378,2002,24093
5378,2003,24108
5378,2004,24216
5378,2005,24286
5378,2006,24271
5378,2007,24402
5378,2008,25337
5378,2009,25335
5378,2010,26217
5378,2011,27035
5378,2012,27684
5378,2013,27829
5378,2014,28905
5378,2015,29795
5378,2016,30447
5378,2017,31186
5378,2018,32898
5378,2019,33240
5378,2020,33140
5382,2001,23480
5382,2002,23763
5382,2003,23817
5382,2004,23529
5382,2005,23530
5382,2006,23372
5382,2007,23607
5382,2008,24276
5382,2009,24241
5382,2010,25290
5382,2011,26001
5382,2012,26855
5382,2013,27204
5382,2014,27959
5382,2015,28645
5382,2016,29323
5382,2017,30077
5382,2018,31177
5382,2019,31940
5382,2020,32190
5512,2001,23196
5512,2002,23832
5512,2003,24167
5512,2004,24185
5512,2005,24713
5512,2006,24431
5512,2007,24238
5512,2008,24752
5512,2009,25065
5512,2010,25857
5512,2011,26367
5512,2012,26447
5512,2013,27651
5512,2014,28135
5512,2015,28699
5512,2016,29585
5512,2017,30134
5512,2018,31513
5512,2019,30938
5512,2020,31066
5513,2001,25011
5513,2002,25068
5513,2003,24998
5513,2004,25282
5513,2005,25526
5513,2006,25258
5513,2007,25820
5513,2008,26843
5513,2009,27587
5513,2010,28269
5513,2011,29093
5513,2012,30213
5513,2013,30467
5513,2014,31174
5513,2015,31576
5513,2016,32187
5513,2017,33314
5513,2018,33831
5513,2019,34803
5513,2020,35489
5515,2001,27759
5515,2002,28287
5515,2003,28494
5515,2004,28730
5515,2005,28647
5515,2006,28445
5515,2007,28715
5515,2008,29304
5515,2009,29696
5515,2010,30182
5515,2011,30552
5515,2012,31535
5515,2013,32037
5515,2014,33264
5515,2015,34235
5515,2016,35120
5515,2017,35716
5515,2018,36897
5515,2019,37902
5515,2020,38274
5554,2001,22769
5554,2002,22923
5554,2003,22968
5554,2004,23142
5554,2005,23085
5554,2006,23037
5554,2007,23470
5554,2008,24255
5554,2009,24302
5554,2010,24984
5554,2011,25782
5554,2012,26686
5554,2013,26967
5554,2014,27849
5554,2015,28408
5554,2016,29145
5554,2017,29708
5554,2018,30610
5554,2019,31546
5554,2020,31638
5558,2001,21623
5558,2002,21823
5558,2003,21945
5558,2004,21857
5558,2005,21849
5558,2006,21942
5558,2007,22141
5558,2008,22637
5558,2009,22853
5558,2010,23662
5558,2011,24381
5558,2012,25280
5558,2013,25757
5558,2014,26448
5558,2015,27058
5558,2016,27821
5558,2017,28519
5558,2018,29601
5558,2019,30314
5558,2020,30389
5562,2001,23761
5562,2002,24219
5562,2003,24443
5562,2004,24501
5562,2005,24631
5562,2006,24450
5562,2007,24478
5562,2008,25429
5562,2009,25531
5562,2010,26241
5562,2011,27353
5562,2012,28375
5562,2013,28400
5562,2014,28826
5562,2015,29290
5562,2016,29823
5562,2017,30548
5562,2018,31589
5562,2019,32407
5562,2020,32390
5566,2001,22330
5566,2002,22555
5566,2003,22805
5566,2004,22971
5566,2005,23002
5566,2006,22973
5566,2007,22979
5566,2008,23412
5566,2009,23615
5566,2010,24312
5566,2011,25249
5566,2012,26065
5566,2013,26785
5566,2014,27468
5566,2015,28100
5566,2016,28837
5566,2017,29569
5566,2018,30786
5566,2019,31585
5566,2020,31702
5570,2001,24679
5570,2002,23672
5570,2003,23731
5570,2004,24024
5570,2005,24266
5570,2006,24594
5570,2007,25069
5570,2008,25876
5570,2009,25496
5570,2010,26250
5570,2011,27454
5570,2012,28103
5570,2013,28554
5570,2014,29784
5570,2015,30298
5570,2016,30848
5570,2017,31300
5570,2018,32430
5570,2019,33278
5570,2020,33483
5711,2001,26373
5711,2002,26423
5711,2003,26706
5711,2004,26862
5711,2005,27093
5711,2006,27095
5711,2007,27242
5711,2008,28081
5711,2009,28300
5711,2010,28766
5711,2011,29615
5711,2012,30234
5711,2013,30816
5711,2014,31809
5711,2015,32271
5711,2016,32838
5711,2017,33547
5711,2018,34618
5711,2019,35637
5711,2020,35594
5754,2001,26184
5754,2002,26410
5754,2003,26647
5754,2004,26733
5754,2005,26727
5754,2006,26920
5754,2007,27470
5754,2008,27940
5754,2009,28141
5754,2010,28792
5754,2011,29619
5754,2012,30486
5754,2013,30528
5754,2014,31709
5754,2015,32653
5754,2016,33335
5754,2017,33775
5754,2018,34812
5754,2019,35573
5754,2020,35877
5758,2001,24849
5758,2002,25324
5758,2003,25454
5758,2004,25510
5758,2005,25522
5758,2006,25532
5758,2007,25735
5758,2008,26397
5758,2009,26233
5758,2010,26707
5758,2011,27443
5758,2012,28403
5758,2013,28955
5758,2014,29865
5758,2015,30443
5758,2016,31228
5758,2017,31937
5758,2018,32716
5758,2019,33543
5758,2020,33424
5762,2001,21161
5762,2002,21208
5762,2003,21412
5762,2004,21407
5762,2005,21475
5762,2006,21351
5762,2007,21584
5762,2008,22457
5762,2009,22541
5762,2010,23173
5762,2011,24477
5762,2012,25290
5762,2013,25595
5762,2014,26417
5762,2015,26994
5762,2016,27651
5762,2017,28354
5762,2018,29379
5762,2019,30131
5762,2020,30145
5766,2001,24211
5766,2002,24525
5766,2003,24583
5766,2004,24653
5766,2005,24688
5766,2006,24885
5766,2007,25190
5766,2008,25627
5766,2009,25597
5766,2010,26495
5766,2011,27519
5766,2012,28266
5766,2013,28691
5766,2014,29776
5766,2015,30527
5766,2016,31285
5766,2017,31981
5766,2018,33299
5766,2019,34410
5766,2020,34231
5770,2001,24014
5770,2002,24349
5770,2003,24437
5770,2004,24740
5770,2005,24816
5770,2006,24754
5770,2007,25023
5770,2008,25677
5770,2009,25656
5770,2010,26398
5770,2011,27373
5770,2012,28380
5770,2013,28918
5770,2014,30268
5770,2015,31083
5770,2016,31639
5770,2017,32210
5770,2018,33398
5770,2019,34410
5770,2020,34212
5774,2001,23917
5774,2002,24315
5774,2003,24507
5774,2004,24735
5774,2005,24655
5774,2006,24836
5774,2007,25127
5774,2008,25951
5774,2009,25835
5774,2010,26275
5774,2011,27225
5774,2012,28131
5774,2013,28373
5774,2014,29230
5774,2015,29946
5774,2016,30598
5774,2017,31165
5774,2018,32353
5774,2019,33166
5774,2020,33114
5911,2001,26096
5911,2002,26560
5911,2003,26701
5911,2004,26883
5911,2005,26780
5911,2006,26505
5911,2007,26662
5911,2008,27418
5911,2009,27222
5911,2010,28081
5911,2011,28990
5911,2012,29999
5911,2013,30461
5911,2014,31344
5911,2015,31562
5911,2016,32171
5911,2017,32961
5911,2018,33840
5911,2019,35438
5911,2020,35732
5913,2001,26663
5913,2002,27054
5913,2003,27238
5913,2004,27243
5913,2005,27277
5913,2006,26997
5913,2007,27047
5913,2008,27725
5913,2009,27813
5913,2010,28141
5913,2011,28991
5913,2012,29904
5913,2013,30497
5913,2014,31665
5913,2015,33175
5913,2016,33844
5913,2017,34456
5913,2018,35695
5913,2019,36791
5913,2020,37184
5914,2001,25714
5914,2002,26156
5914,2003,26637
5914,2004,26723
5914,2005,26862
5914,2006,27018
5914,2007,27353
5914,2008,28261
5914,2009,27856
5914,2010,28584
5914,2011,29861
5914,2012,30537
5914,2013,31016
5914,2014,32023
5914,2015,32575
5914,2016,32920
5914,2017,33694
5914,2018,34804
5914,2019,35814
5914,2020,35405
5915,2001,23772
5915,2002,23995
5915,2003,24034
5915,2004,24186
5915,2005,24278
5915,2006,24295
5915,2007,24435
5915,2008,25126
5915,2009,25445
5915,2010,26091
5915,2011,26427
5915,2012,27376
5915,2013,27720
5915,2014,28718
5915,2015,29021
5915,2016,29588
5915,2017,30302
5915,2018,31420
5915,2019,32277
5915,2020,32564
5916,2001,25687
5916,2002,25949
5916,2003,25775
5916,2004,26428
5916,2005,27098
5916,2006,25518
5916,2007,26157
5916,2008,27511
5916,2009,27120
5916,2010,28452
5916,2011,28571
5916,2012,29148
5916,2013,30092
5916,2014,31316
5916,2015,31585
5916,2016,32490
5916,2017,32881
5916,2018,34326
5916,2019,34126
5916,2020,33972
5954,2001,25282
5954,2002,25823
5954,2003,25881
5954,2004,26135
5954,2005,26052
5954,2006,26008
5954,2007,26389
5954,2008,27545
5954,2009,27292
5954,2010,28252
5954,2011,28999
5954,2012,29897
5954,2013,30223
5954,2014,31271
5954,2015,32096
5954,2016,32440
5954,2017,33242
5954,2018,34164
5954,2019,35130
5954,2020,34481
5958,2001,22850
5958,2002,23354
5958,2003,23361
5958,2004,23533
5958,2005,23659
5958,2006,23747
5958,2007,23918
5958,2008,24730
5958,2009,24758
5958,2010,25781
5958,2011,26622
5958,2012,27460
5958,2013,27859
5958,2014,28841
5958,2015,29397
5958,2016,29926
5958,2017,30765
5958,2018,31871
5958,2019,32703
5958,2020,32604
5962,2001,25641
5962,2002,26110
5962,2003,26286
5962,2004,26573
5962,2005,26537
5962,2006,26806
5962,2007,27321
5962,2008,28163
5962,2009,27626
5962,2010,28479
5962,2011,29481
5962,2012,30638
5962,2013,31277
5962,2014,32235
5962,2015,33060
5962,2016,33650
5962,2017,34173
5962,2018,35394
5962,2019,35946
5962,2020,35418
5966,2001,23223
5966,2002,23775
5966,2003,24124
5966,2004,24199
5966,2005,24386
5966,2006,24737
5966,2007,24981
5966,2008,26151
5966,2009,26298
5966,2010,27152
5966,2011,27793
5966,2012,29047
5966,2013,29420
5966,2014,30245
5966,2015,30934
5966,2016,31833
5966,2017,32524
5966,2018,33677
5966,2019,34460
5966,2020,33971
5970,2001,25443
5970,2002,25649
5970,2003,26000
5970,2004,26307
5970,2005,26404
5970,2006,26725
5970,2007,27377
5970,2008,28610
5970,2009,28491
5970,2010,28927
5970,2011,30316
5970,2012,31123
5970,2013,31733
5970,2014,32912
5970,2015,33148
5970,2016,33827
5970,2017,34330
5970,2018,35680
5970,2019,36392
5970,2020,35898
5974,2001,23334
5974,2002,23651
5974,2003,24080
5974,2004,24155
5974,2005,24268
5974,2006,24220
5974,2007,24464
5974,2008,25158
5974,2009,25281
5974,2010,26202
5974,2011,26836
5974,2012,27748
5974,2013,28317
5974,2014,29423
5974,2015,29998
5974,2016,30862
5974,2017,31623
5974,2018,32716
5974,2019,33679
5974,2020,33620
5978,2001,23530
5978,2002,24027
5978,2003,24209
5978,2004,24271
5978,2005,24455
5978,2006,24437
5978,2007,24736
5978,2008,25368
5978,2009,25385
5978,2010,25630
5978,2011,26202
5978,2012,27552
5978,2013,28133
5978,2014,29019
5978,2015,29864
5978,2016,30615
5978,2017,31098
5978,2018,32279
5978,2019,33028
5978,2020,33307
6411,2001,30201
6411,2002,30726
6411,2003,31474
6411,2004,31518
6411,2005,31675
6411,2006,32290
6411,2007,32807
6411,2008,34513
6411,2009,34538
6411,2010,35420
6411,2011,36568
6411,2012,37509
6411,2013,38251
6411,2014,39512
6411,2015,40097
6411,2016,41379
6411,2017,42981
6411,2018,44631
6411,2019,45900
6411,2020,46319
6412,2001,33068
6412,2002,33752
6412,2003,34543
6412,2004,34839
6412,2005,35109
6412,2006,35719
6412,2007,36898
6412,2008,40302
6412,2009,40151
6412,2010,40674
6412,2011,41671
6412,2012,42296
6412,2013,43121
6412,2014,44214
6412,2015,45126
6412,2016,46173
6412,2017,47422
6412,2018,48933
6412,2019,50289
6412,2020,49827
6413,2001,30268
6413,2002,30991
6413,2003,31583
6413,2004,31804
6413,2005,31934
6413,2006,32470
6413,2007,32928
6413,2008,33515
6413,2009,33252
6413,2010,34659
6413,2011,35786
6413,2012,36687
6413,2013,36978
6413,2014,37248
6413,2015,37895
6413,2016,38058
6413,2017,38033
6413,2018,39188
6413,2019,39827
6413,2020,38923
6414,2001,30088
6414,2002,30948
6414,2003,31762
6414,2004,32086
6414,2005,32282
6414,2006,32911
6414,2007,33763
6414,2008,34499
6414,2009,34275
6414,2010,34869
6414,2011,36055
6414,2012,36775
6414,2013,37619
6414,2014,38526
6414,2015,39240
6414,2016,40142
6414,2017,40568
6414,2018,41064
6414,2019,42597
6414,2020,43099
6431,2001,26659
6431,2002,27132
6431,2003,27649
6431,2004,27619
6431,2005,27777
6431,2006,28212
6431,2007,28552
6431,2008,28324
6431,2009,28162
6431,2010,28490
6431,2011,29423
6431,2012,29840
6431,2013,30299
6431,2014,30891
6431,2015,31782
6431,2016,32500
6431,2017,33303
6431,2018,34583
6431,2019,35361
6431,2020,35293
6432,2001,27024
6432,2002,27434
6432,2003,27767
6432,2004,27845
6432,2005,27924
6432,2006,28377
6432,2007,28902
6432,2008,29116
6432,2009,28729
6432,2010,29218
6432,2011,30140
6432,2012,30420
6432,2013,30853
6432,2014,31514
6432,2015,32370
6432,2016,33417
6432,2017,33803
6432,2018,34708
6432,2019,35482
6432,2020,35135
6433,2001,30161
6433,2002,30717
6433,2003,31556
6433,2004,31719
6433,2005,31897
6433,2006,32288
6433,2007,32850
6433,2008,34410
6433,2009,35040
6433,2010,35363
6433,2011,36399
6433,2012,36991
6433,2013,37436
6433,2014,38365
6433,2015,39213
6433,2016,40134
6433,2017,40835
6433,2018,41603
6433,2019,42285
6433,2020,41033
6434,2001,28355
6434,2002,28903
6434,2003,29680
6434,2004,29732
6434,2005,30155
6434,2006,31142
6434,2007,31993
6434,2008,34768
6434,2009,34626
6434,2010,35491
6434,2011,36495
6434,2012,37199
6434,2013,37965
6434,2014,39219
6434,2015,40466
6434,2016,41710
6434,2017,43326
6434,2018,45074
6434,2019,46374
6434,2020,45626
6435,2001,27456
6435,2002,27941
6435,2003,28475
6435,2004,28408
6435,2005,28410
6435,2006,28764
6435,2007,29238
6435,2008,28778
6435,2009,28677
6435,2010,29366
6435,2011,30598
6435,2012,31036
6435,2013,31700
6435,2014,32278
6435,2015,33059
6435,2016,33999
6435,2017,34840
6435,2018,35815
6435,2019,36795
6435,2020,36530
6436,2001,30882
6436,2002,31550
6436,2003,32231
6436,2004,32303
6436,2005,32612
6436,2006,33364
6436,2007,34139
6436,2008,37540
6436,2009,37972
6436,2010,36848
6436,2011,37485
6436,2012,38255
6436,2013,39423
6436,2014,40549
6436,2015,41265
6436,2016,42131
6436,2017,43377
6436,2018,44774
6436,2019,46172
6436,2020,46572
6437,2001,27547
6437,2002,27772
6437,2003,28337
6437,2004,28187
6437,2005,28188
6437,2006,28423
6437,2007,28851
6437,2008,26669
6437,2009,25785
6437,2010,26693
6437,2011,27796
6437,2012,28241
6437,2013,28864
6437,2014,29165
6437,2015,29845
6437,2016,30564
6437,2017,31132
6437,2018,31481
6437,2019,31982
6437,2020,31928
6438,2001,28176
6438,2002,28781
6438,2003,29500
6438,2004,29570
6438,2005,29796
6438,2006,30247
6438,2007,30847
6438,2008,32885
6438,2009,32864
6438,2010,33515
6438,2011,34379
6438,2012,35300
6438,2013,35776
6438,2014,36668
6438,2015,37332
6438,2016,38251
6438,2017,38994
6438,2018,40318
6438,2019,41001
6438,2020,40495
6439,2001,25890
6439,2002,26292
6439,2003,26533
6439,2004,26261
6439,2005,26250
6439,2006,26723
6439,2007,27057
6439,2008,26848
6439,2009,26759
6439,2010,27667
6439,2011,28586
6439,2012,29480
6439,2013,30056
6439,2014,30830
6439,2015,31483
6439,2016,32173
6439,2017,32910
6439,2018,33806
6439,2019,34717
6439,2020,34389
6440,2001,27036
6440,2002,27645
6440,2003,28267
6440,2004,28268
6440,2005,28272
6440,2006,28578
6440,2007,29324
6440,2008,29355
6440,2009,29137
6440,2010,29961
6440,2011,31057
6440,2012,31359
6440,2013,31917
6440,2014,32651
6440,2015,33564
6440,2016,34175
6440,2017,34711
6440,2018,35766
6440,2019,36691
6440,2020,36593
6531,2001,26444
6531,2002,26864
6531,2003,27562
6531,2004,27649
6531,2005,27691
6531,2006,28301
6531,2007,28707
6531,2008,28536
6531,2009,28276
6531,2010,28956
6531,2011,30014
6531,2012,30396
6531,2013,30723
6531,2014,31715
6531,2015,32585
6531,2016,33470
6531,2017,34095
6531,2018,35171
6531,2019,36026
6531,2020,36194
6532,2001,27320
6532,2002,27829
6532,2003,28488
6532,2004,28648
6532,2005,28813
6532,2006,29212
6532,2007,29895
6532,2008,29713
6532,2009,28794
6532,2010,29588
6532,2011,30770
6532,2012,31413
6532,2013,32050
6532,2014,32554
6532,2015,33468
6532,2016,34441
6532,2017,34792
6532,2018,36360
6532,2019,37161
6532,2020,36829
6533,2001,26361
6533,2002,26807
6533,2003,27222
6533,2004,27135
6533,2005,26762
6533,2006,26979
6533,2007,27467
6533,2008,27309
6533,2009,27577
6533,2010,28294
6533,2011,29379
6533,2012,29930
6533,2013,30674
6533,2014,31304
6533,2015,32125
6533,2016,32981
6533,2017,33487
6533,2018,34498
6533,2019,35074
6533,2020,35239
6534,2001,27400
6534,2002,27853
6534,2003,28516
6534,2004,28689
6534,2005,28564
6534,2006,29066
6534,2007,29473
6534,2008,28839
6534,2009,28756
6534,2010,29544
6534,2011,30385
6534,2012,30968
6534,2013,31607
6534,2014,32366
6534,2015,33154
6534,2016,33882
6534,2017,34575
6534,2018,35465
6534,2019,36408
6534,2020,36595
6535,2001,26070
6535,2002,26451
6535,2003,26928
6535,2004,26945
6535,2005,26924
6535,2006,27416
6535,2007,27995
6535,2008,26169
6535,2009,25987
6535,2010,26574
6535,2011,27905
6535,2012,28526
6535,2013,29399
6535,2014,29688
6535,2015,30489
6535,2016,30799
6535,2017,30989
6535,2018,31694
6535,2019,32436
6535,2020,32413
6611,2001,28253
6611,2002,28506
6611,2003,29007
6611,2004,29202
6611,2005,29236
6611,2006,29653
6611,2007,30310
6611,2008,29567
6611,2009,29696
6611,2010,30282
6611,2011,31184
6611,2012,31851
6611,2013,32611
6611,2014,33837
6611,2015,34198
6611,2016,34784
6611,2017,35785
6611,2018,37110
6611,2019,38287
6611,2020,38393
6631,2001,27105
6631,2002,27532
6631,2003,28111
6631,2004,28365
6631,2005,28605
6631,2006,29177
6631,2007,29745
6631,2008,27845
6631,2009,27725
6631,2010,28609
6631,2011,29752
6631,2012,30383
6631,2013,31176
6631,2014,31952
6631,2015,32995
6631,2016,33395
6631,2017,34366
6631,2018,35601
6631,2019,36410
6631,2020,36200
6632,2001,27318
6632,2002,27847
6632,2003,28468
6632,2004,28619
6632,2005,28899
6632,2006,29463
6632,2007,29969
6632,2008,30149
6632,2009,30245
6632,2010,30995
6632,2011,32067
6632,2012,32776
6632,2013,33293
6632,2014,33949
6632,2015,34724
6632,2016,35088
6632,2017,35793
6632,2018,36898
6632,2019,37752
6632,2020,37563
6633,2001,27137
6633,2002,27605
6633,2003,28244
6633,2004,28420
6633,2005,28627
6633,2006,29143
6633,2007,29768
6633,2008,30658
6633,2009,29769
6633,2010,31027
6633,2011,32741
6633,2012,33833
6633,2013,34960
6633,2014,35048
6633,2015,36816
6633,2016,37197
6633,2017,37834
6633,2018,39045
6633,2019,40014
6633,2020,38557
6634,2001,26707
6634,2002,27065
6634,2003,27663
6634,2004,27651
6634,2005,27642
6634,2006,28140
6634,2007,28693
6634,2008,27497
6634,2009,27418
6634,2010,28396
6634,2011,29299
6634,2012,29872
6634,2013,31572
6634,2014,32397
6634,2015,33528
6634,2016,34090
6634,2017,34705
6634,2018,34081
6634,2019,35062
6634,2020,35259
6635,2001,27063
6635,2002,27406
6635,2003,28125
6635,2004,28279
6635,2005,28329
6635,2006,28901
6635,2007,29616
6635,2008,27589
6635,2009,27603
6635,2010,28317
6635,2011,29400
6635,2012,30031
6635,2013,30712
6635,2014,31312
6635,2015,32201
6635,2016,32687
6635,2017,33456
6635,2018,34107
6635,2019,34770
6635,2020,34696
6636,2001,27042
6636,2002,27261
6636,2003,27711
6636,2004,27585
6636,2005,27512
6636,2006,27695
6636,2007,28352
6636,2008,25648
6636,2009,25291
6636,2010,25805
6636,2011,26812
6636,2012,27197
6636,2013,27491
6636,2014,28406
6636,2015,29292
6636,2016,29569
6636,2017,30258
6636,2018,31337
6636,2019,31933
6636,2020,32029
7111,2001,26962
7111,2002,27599
7111,2003,28019
7111,2004,28433
7111,2005,28417
7111,2006,28583
7111,2007,28788
7111,2008,29143
7111,2009,29663
7111,2010,30497
7111,2011,31241
7111,2012,31650
7111,2013,32745
7111,2014,33250
7111,2015,33817
7111,2016,34797
7111,2017,35450
7111,2018,35863
7111,2019,37008
7111,2020,37547
7131,2001,23566
7131,2002,23560
7131,2003,23607
7131,2004,22822
7131,2005,22763
7131,2006,22767
7131,2007,22846
7131,2008,23011
7131,2009,23450
7131,2010,23699
7131,2011,24190
7131,2012,24541
7131,2013,25450
7131,2014,26235
7131,2015,26917
7131,2016,28005
7131,2017,28647
7131,2018,29446
7131,2019,30292
7131,2020,30657
7132,2001,22745
7132,2002,22592
7132,2003,22620
7132,2004,22688
7132,2005,22514
7132,2006,22490
7132,2007,22768
7132,2008,23311
7132,2009,23167
7132,2010,23930
7132,2011,24175
7132,2012,24716
7132,2013,25487
7132,2014,26300
7132,2015,27517
7132,2016,28339
7132,2017,28887
7132,2018,30180
7132,2019,31269
7132,2020,30925
7133,2001,22765
7133,2002,22863
7133,2003,23218
7133,2004,23327
7133,2005,23052
7133,2006,23478
7133,2007,23845
7133,2008,24650
7133,2009,24529
7133,2010,25218
7133,2011,25319
7133,2012,26235
7133,2013,27367
7133,2014,28112
7133,2015,29093
7133,2016,29841
7133,2017,30629
7133,2018,31258
7133,2019,32091
7133,2020,32017
7134,2001,21772
7134,2002,21604
7134,2003,22207
7134,2004,22344
7134,2005,22179
7134,2006,22454
7134,2007,22502
7134,2008,23132
7134,2009,23400
7134,2010,23903
7134,2011,24508
7134,2012,25135
7134,2013,26374
7134,2014,26249
7134,2015,27113
7134,2016,27997
7134,2017,28676
7134,2018,29249
7134,2019,30233
7134,2020,30220
7135,2001,21537
7135,2002,21885
7135,2003,22110
7135,2004,22223
7135,2005,22050
7135,2006,22337
7135,2007,22498
7135,2008,23002
7135,2009,23320
7135,2010,23741
7135,2011,24245
7135,2012,24673
7135,2013,24985
7135,2014,25207
7135,2015,25793
7135,2016,26576
7135,2017,27420
7135,2018,28081
7135,2019,28776
7135,2020,29381
7137,2001,23229
7137,2002,23295
7137,2003,23389
7137,2004,23574
7137,2005,23383
7137,2006,23601
7137,2007,23471
7137,2008,23777
7137,2009,24013
7137,2010,24746
7137,2011,25220
7137,2012,26147
7137,2013,26831
7137,2014,27546
7137,2015,28246
7137,2016,29124
7137,2017,30689
7137,2018,31503
7137,2019,32412
7137,2020,32481
7138,2001,24533
7138,2002,24832
7138,2003,25042
7138,2004,25284
7138,2005,25132
7138,2006,25135
7138,2007,25549
7138,2008,26119
7138,2009,26020
7138,2010,26622
7138,2011,26983
7138,2012,27394
7138,2013,28373
7138,2014,29037
7138,2015,29891
7138,2016,30415
7138,2017,31285
7138,2018,31706
7138,2019,33076
7138,2020,33229
7140,2001,22892.7136844081
7140,2002,22928.7774520258
7140,2003,23060.7992913589
7140,2004,23252.7580335318
7140,2005,23174.7585318599
7140,2006,23215.8132511425
7140,2007,23545.7793923961
7140,2008,24265.7337501055
7140,2009,24101.8508531879
7140,2010,24907.7797484464
7140,2011,25731.7224898052
7140,2012,26160.7209961116
7140,2013,26927.6364014555
7140,2014,27663
7140,2015,28533
7140,2016,29306
7140,2017,30296
7140,2018,31402
7140,2019,32284
7140,2020,32473
7141,2001,21701
7141,2002,21973
7141,2003,22089
7141,2004,22162
7141,2005,22084
7141,2006,22063
7141,2007,22608
7141,2008,23067
7141,2009,23177
7141,2010,23873
7141,2011,24514
7141,2012,25046
7141,2013,25517
7141,2014,27021
7141,2015,28149
7141,2016,28986
7141,2017,29754
7141,2018,30458
7141,2019,31341
7141,2020,32801
7143,2001,22851
7143,2002,23102
7143,2003,23236
7143,2004,23284
7143,2005,23097
7143,2006,23227
7143,2007,23614
7143,2008,24073
7143,2009,24297
7143,2010,24904
7143,2011,25302
7143,2012,26449
7143,2013,26999
7143,2014,27214
7143,2015,27937
7143,2016,28560
7143,2017,29414
7143,2018,30256
7143,2019,30883
7143,2020,30906
7211,2001,24153
7211,2002,24371
7211,2003,24646
7211,2004,24824
7211,2005,24440
7211,2006,24170
7211,2007,24246
7211,2008,24867
7211,2009,25726
7211,2010,26201
7211,2011,26560
7211,2012,27430
7211,2013,28075
7211,2014,28744
7211,2015,29129
7211,2016,30336
7211,2017,31173
7211,2018,32243
7211,2019,33215
7211,2020,33989
7231,2001,22241
7231,2002,22416
7231,2003,22345
7231,2004,22463
7231,2005,22274
7231,2006,22600
7231,2007,22887
7231,2008,23643
7231,2009,23548
7231,2010,24135
7231,2011,24693
7231,2012,25244
7231,2013,26285
7231,2014,27088
7231,2015,28202
7231,2016,28413
7231,2017,28886
7231,2018,29539
7231,2019,30433
7231,2020,30951
7232,2001,22324
7232,2002,22556
7232,2003,22811
7232,2004,22989
7232,2005,22748
7232,2006,22800
7232,2007,23583
7232,2008,24013
7232,2009,23982
7232,2010,24708
7232,2011,25009
7232,2012,25471
7232,2013,26560
7232,2014,27454
7232,2015,28422
7232,2016,29153
7232,2017,29873
7232,2018,30915
7232,2019,31566
7232,2020,32350
7233,2001,23200
7233,2002,23733
7233,2003,23811
7233,2004,23915
7233,2005,23513
7233,2006,23448
7233,2007,23738
7233,2008,24257
7233,2009,24038
7233,2010,24920
7233,2011,25096
7233,2012,25493
7233,2013,25840
7233,2014,26053
7233,2015,26975
7233,2016,27854
7233,2017,28823
7233,2018,29630
7233,2019,30480
7233,2020,30596
7235,2001,20183.1614972048
7235,2002,20356.1608256408
7235,2003,20823.1195876874
7235,2004,20458.1546756316
7235,2005,19839.1866389426
7235,2006,20155.18616441
7235,2007,20690.1664674731
7235,2008,19527.3085040564
7235,2009,19172.3266091092
7235,2010,20065.2649685541
7235,2011,20627.2677862379
7235,2012,21713
7235,2013,22459
7235,2014,23880
7235,2015,24755
7235,2016,25276
7235,2017,26395
7235,2018,27156
7235,2019,27811
7235,2020,27903
7311,2001,28083
7311,2002,27891
7311,2003,28451
7311,2004,28921
7311,2005,28615
7311,2006,28769
7311,2007,29910
7311,2008,31955
7311,2009,32174
7311,2010,33473
7311,2011,33766
7311,2012,34429
7311,2013,35987
7311,2014,38051
7311,2015,37399
7311,2016,37559
7311,2017,37677
7311,2018,38475
7311,2019,39078
7311,2020,38920
7312,2001,25972
7312,2002,26226
7312,2003,26697
7312,2004,26855
7312,2005,26342
7312,2006,26628
7312,2007,26862
7312,2008,27428
7312,2009,27260
7312,2010,27860
7312,2011,28371
7312,2012,29065
7312,2013,30006
7312,2014,31112
7312,2015,31898
7312,2016,32400
7312,2017,33143
7312,2018,34130
7312,2019,34774
7312,2020,34924
7313,2001,23531
7313,2002,23819
7313,2003,24117
7313,2004,23934
7313,2005,23651
7313,2006,23981
7313,2007,24147
7313,2008,24602
7313,2009,25520
7313,2010,25743
7313,2011,26302
7313,2012,27027
7313,2013,27725
7313,2014,28403
7313,2015,28811
7313,2016,29089
7313,2017,29995
7313,2018,31085
7313,2019,31816
7313,2020,32606
7314,2001,35667
7314,2002,35001
7314,2003,35968
7314,2004,36527
7314,2005,38128
7314,2006,37968
7314,2007,37970
7314,2008,38792
7314,2009,39174
7314,2010,38019
7314,2011,41118
7314,2012,42149
7314,2013,43922
7314,2014,44497
7314,2015,45508
7314,2016,46083
7314,2017,46705
7314,2018,48701
7314,2019,49966
7314,2020,48964
7315,2001,30802
7315,2002,31034
7315,2003,31713
7315,2004,31190
7315,2005,30858
7315,2006,31083
7315,2007,31257
7315,2008,31436
7315,2009,31911
7315,2010,32662
7315,2011,33286
7315,2012,33940
7315,2013,34519
7315,2014,34932
7315,2015,35380
7315,2016,35838
7315,2017,36743
7315,2018,37570
7315,2019,38395
7315,2020,39132
7316,2001,22725
7316,2002,22796
7316,2003,22941
7316,2004,22477
7316,2005,22856
7316,2006,23317
7316,2007,23459
7316,2008,23793
7316,2009,23834
7316,2010,24220
7316,2011,25054
7316,2012,25520
7316,2013,26059
7316,2014,26479
7316,2015,27424
7316,2016,27999
7316,2017,28778
7316,2018,29718
7316,2019,30448
7316,2020,30747
7317,2001,23254
7317,2002,23561
7317,2003,24032
7317,2004,24838
7317,2005,23992
7317,2006,24066
7317,2007,24652
7317,2008,25360
7317,2009,25669
7317,2010,26356
7317,2011,26269
7317,2012,26903
7317,2013,27379
7317,2014,28229
7317,2015,28865
7317,2016,29281
7317,2017,29855
7317,2018,30773
7317,2019,31781
7317,2020,31975
7318,2001,25134
7318,2002,25494
7318,2003,25788
7318,2004,25855
7318,2005,26024
7318,2006,25984
7318,2007,26545
7318,2008,27195
7318,2009,27442
7318,2010,28526
7318,2011,28629
7318,2012,29642
7318,2013,30897
7318,2014,32023
7318,2015,32678
7318,2016,33005
7318,2017,34263
7318,2018,35405
7318,2019,36272
7318,2020,36030
7319,2001,24351
7319,2002,24545
7319,2003,24613
7319,2004,24929
7319,2005,24732
7319,2006,25088
7319,2007,25628
7319,2008,26170
7319,2009,25997
7319,2010,26578
7319,2011,27525
7319,2012,28039
7319,2013,28768
7319,2014,29299
7319,2015,30193
7319,2016,30162
7319,2017,31062
7319,2018,31908
7319,2019,32525
7319,2020,33208
7320,2001,24370
7320,2002,24825
7320,2003,25143
7320,2004,25029
7320,2005,24867
7320,2006,25507
7320,2007,26341
7320,2008,26707
7320,2009,27321
7320,2010,27845
7320,2011,29708
7320,2012,29482
7320,2013,30688
7320,2014,31668
7320,2015,33017
7320,2016,33384
7320,2017,34458
7320,2018,34413
7320,2019,35776
7320,2020,33791
7331,2001,21366
7331,2002,21760
7331,2003,22019
7331,2004,22170
7331,2005,21974
7331,2006,22163
7331,2007,22301
7331,2008,22894
7331,2009,23542
7331,2010,24537
7331,2011,25242
7331,2012,26339
7331,2013,27003
7331,2014,27428
7331,2015,26806
7331,2016,27189
7331,2017,27897
7331,2018,28718
7331,2019,29429
7331,2020,29732
7332,2001,21936
7332,2002,22152
7332,2003,22132
7332,2004,22087
7332,2005,21974
7332,2006,22003
7332,2007,22359
7332,2008,22854
7332,2009,23014
7332,2010,23325
7332,2011,23821
7332,2012,24474
7332,2013,25031
7332,2014,25892
7332,2015,26429
7332,2016,26826
7332,2017,27419
7332,2018,27934
7332,2019,28813
7332,2020,28563
7333,2001,23213
7333,2002,23063
7333,2003,23269
7333,2004,23776
7333,2005,23847
7333,2006,23729
7333,2007,24110
7333,2008,24621
7333,2009,24452
7333,2010,25540
7333,2011,26683
7333,2012,27408
7333,2013,28196
7333,2014,28829
7333,2015,29676
7333,2016,30460
7333,2017,31045
7333,2018,32043
7333,2019,32388
7333,2020,32341
7334,2001,26053
7334,2002,26500
7334,2003,27743
7334,2004,28310
7334,2005,28233
7334,2006,28838
7334,2007,29762
7334,2008,30101
7334,2009,29736
7334,2010,30591
7334,2011,32899
7334,2012,33290
7334,2013,34567
7334,2014,35486
7334,2015,36623
7334,2016,37162
7334,2017,37559
7334,2018,39828
7334,2019,41161
7334,2020,38399
7335,2001,21320
7335,2002,21375
7335,2003,21183
7335,2004,20867
7335,2005,20597
7335,2006,20912
7335,2007,20811
7335,2008,21975
7335,2009,22316
7335,2010,22614
7335,2011,22984
7335,2012,23396
7335,2013,24065
7335,2014,24401
7335,2015,25549
7335,2016,26365
7335,2017,27309
7335,2018,27932
7335,2019,28729
7335,2020,28688
7336,2001,20534
7336,2002,19862
7336,2003,19374
7336,2004,19317
7336,2005,19222
7336,2006,18731
7336,2007,19307
7336,2008,19874
7336,2009,20145
7336,2010,20587
7336,2011,21531
7336,2012,22173
7336,2013,22950
7336,2014,24279
7336,2015,24796
7336,2016,25913
7336,2017,26682
7336,2018,27271
7336,2019,28075
7336,2020,28460
7337,2001,23204
7337,2002,23691
7337,2003,24018
7337,2004,24056
7337,2005,23818
7337,2006,23878
7337,2007,24023
7337,2008,24198
7337,2009,23937
7337,2010,24249
7337,2011,24943
7337,2012,25705
7337,2013,26209
7337,2014,26870
7337,2015,28309
7337,2016,29842
7337,2017,29920
7337,2018,31235
7337,2019,31407
7337,2020,31610
7338,2001,22523
7338,2002,22600
7338,2003,22655
7338,2004,21701
7338,2005,21678
7338,2006,21956
7338,2007,22069
7338,2008,22595
7338,2009,23016
7338,2010,23387
7338,2011,23675
7338,2012,24362
7338,2013,25440
7338,2014,25997
7338,2015,26671
7338,2016,26934
7338,2017,27408
7338,2018,28174
7338,2019,28770
7338,2020,29015
7339,2001,26621
7339,2002,27014
7339,2003,26919
7339,2004,26587
7339,2005,26635
7339,2006,26833
7339,2007,27086
7339,2008,28258
7339,2009,28821
7339,2010,29520
7339,2011,30067
7339,2012,31176
7339,2013,32287
7339,2014,33683
7339,2015,34728
7339,2016,35505
7339,2017,35572
7339,2018,36083
7339,2019,36947
7339,2020,38049
7340,2001,20825
7340,2002,20665
7340,2003,20926
7340,2004,20485
7340,2005,20513
7340,2006,20604
7340,2007,21098
7340,2008,21528
7340,2009,21345
7340,2010,21828
7340,2011,22213
7340,2012,22468
7340,2013,23269
7340,2014,23682
7340,2015,24463
7340,2016,24776
7340,2017,25398
7340,2018,26223
7340,2019,26906
7340,2020,26942
8111,2001,34746
8111,2002,35565
8111,2003,36511
8111,2004,36799
8111,2005,37317
8111,2006,38208
8111,2007,39275
8111,2008,39555
8111,2009,39143
8111,2010,40305
8111,2011,42001
8111,2012,43294
8111,2013,44048
8111,2014,45496
8111,2015,47030
8111,2016,47938
8111,2017,49494
8111,2018,50649
8111,2019,50417
8111,2020,49055
8115,2001,33056
8115,2002,33791
8115,2003,34757
8115,2004,35215
8115,2005,34962
8115,2006,37260
8115,2007,36655
8115,2008,37157
8115,2009,35517
8115,2010,37592
8115,2011,40127
8115,2012,41208
8115,2013,43060
8115,2014,43879
8115,2015,45594
8115,2016,47499
8115,2017,48901
8115,2018,48750
8115,2019,50154
8115,2020,48544
8116,2001,29173
8116,2002,29699
8116,2003,30200
8116,2004,30434
8116,2005,30590
8116,2006,31055
8116,2007,31717
8116,2008,32588
8116,2009,31779
8116,2010,32981
8116,2011,34158
8116,2012,34988
8116,2013,35958
8116,2014,36920
8116,2015,37905
8116,2016,38868
8116,2017,39853
8116,2018,41035
8116,2019,41940
8116,2020,40990
8117,2001,26667
8117,2002,26934
8117,2003,27478
8117,2004,27538
8117,2005,27295
8117,2006,27698
8117,2007,28404
8117,2008,28257
8117,2009,28110
8117,2010,29013
8117,2011,30200
8117,2012,31344
8117,2013,32232
8117,2014,33099
8117,2015,34060
8117,2016,34754
8117,2017,35914
8117,2018,36994
8117,2019,37760
8117,2020,36545
8118,2001,28897
8118,2002,29575
8118,2003,30135
8118,2004,30384
8118,2005,30632
8118,2006,31057
8118,2007,31748
8118,2008,32515
8118,2009,31863
8118,2010,33148
8118,2011,34684
8118,2012,35938
8118,2013,36945
8118,2014,37331
8118,2015,38564
8118,2016,39856
8118,2017,40667
8118,2018,42191
8118,2019,43765
8118,2020,42216
8119,2001,26694
8119,2002,26930
8119,2003,27135
8119,2004,27223
8119,2005,27179
8119,2006,27452
8119,2007,27966
8119,2008,28647
8119,2009,28060
8119,2010,29115
8119,2011,30326
8119,2012,31458
8119,2013,32096
8119,2014,32599
8119,2015,33348
8119,2016,34099
8119,2017,35123
8119,2018,36403
8119,2019,37278
8119,2020,36670
8121,2001,23169
8121,2002,23657
8121,2003,24198
8121,2004,23917
8121,2005,23810
8121,2006,24044
8121,2007,24826
8121,2008,25310
8121,2009,24978
8121,2010,25323
8121,2011,26188
8121,2012,27098
8121,2013,27066
8121,2014,28428
8121,2015,33556
8121,2016,34397
8121,2017,35402
8121,2018,37573
8121,2019,38676
8121,2020,38731
8125,2001,29196
8125,2002,29610
8125,2003,29732
8125,2004,30295
8125,2005,30764
8125,2006,31061
8125,2007,31724
8125,2008,32855
8125,2009,31773
8125,2010,33418
8125,2011,35304
8125,2012,36502
8125,2013,37461
8125,2014,38523
8125,2015,39784
8125,2016,40933
8125,2017,41713
8125,2018,42327
8125,2019,43363
8125,2020,42589
8126,2001,27060
8126,2002,27288
8126,2003,27804
8126,2004,28285
8126,2005,28536
8126,2006,29073
8126,2007,29649
8126,2008,30378
8126,2009,29725
8126,2010,31186
8126,2011,32681
8126,2012,33404
8126,2013,34366
8126,2014,35387
8126,2015,36381
8126,2016,37620
8126,2017,38818
8126,2018,39952
8126,2019,41005
8126,2020,40777
8127,2001,25553
8127,2002,25862
8127,2003,25703
8127,2004,26049
8127,2005,26245
8127,2006,26462
8127,2007,26775
8127,2008,27096
8127,2009,26742
8127,2010,27753
8127,2011,29068
8127,2012,29995
8127,2013,30990
8127,2014,31768
8127,2015,32369
8127,2016,33279
8127,2017,34231
8127,2018,35130
8127,2019,35998
8127,2020,35847
8128,2001,23892
8128,2002,23961
8128,2003,24519
8128,2004,24818
8128,2005,24967
8128,2006,25335
8128,2007,25684
8128,2008,26023
8128,2009,25930
8128,2010,26761
8128,2011,27906
8128,2012,28775
8128,2013,29579
8128,2014,30183
8128,2015,31026
8128,2016,31629
8128,2017,32682
8128,2018,34092
8128,2019,35117
8128,2020,34835
8135,2001,27223
8135,2002,27709
8135,2003,28008
8135,2004,28488
8135,2005,28608
8135,2006,29104
8135,2007,29608
8135,2008,30954
8135,2009,30168
8135,2010,31432
8135,2011,32643
8135,2012,32946
8135,2013,34323
8135,2014,34755
8135,2015,35597
8135,2016,36642
8135,2017,37083
8135,2018,38208
8135,2019,38866
8135,2020,38508
8136,2001,26247
8136,2002,26540
8136,2003,27193
8136,2004,27496
8136,2005,27561
8136,2006,28064
8136,2007,29228
8136,2008,29652
8136,2009,29077
8136,2010,30236
8136,2011,31649
8136,2012,32686
8136,2013,33668
8136,2014,34391
8136,2015,35246
8136,2016,36386
8136,2017,37460
8136,2018,38785
8136,2019,39862
8136,2020,39361
8211,2001,27621
8211,2002,27818
8211,2003,28144
8211,2004,28519
8211,2005,29153
8211,2006,29561
8211,2007,29857
8211,2008,29553
8211,2009,30374
8211,2010,31034
8211,2011,32095
8211,2012,33232
8211,2013,33184
8211,2014,33331
8211,2015,34059
8211,2016,34317
8211,2017,35228
8211,2018,36515
8211,2019,37895
8211,2020,37342
8212,2001,29573
8212,2002,29885
8212,2003,30286
8212,2004,30469
8212,2005,30726
8212,2006,31121
8212,2007,31586
8212,2008,32324
8212,2009,32498
8212,2010,33275
8212,2011,34287
8212,2012,35334
8212,2013,36134
8212,2014,37092
8212,2015,38486
8212,2016,39399
8212,2017,40486
8212,2018,41565
8212,2019,43016
8212,2020,43465
8215,2001,26325
8215,2002,26802
8215,2003,27314
8215,2004,27502
8215,2005,27606
8215,2006,28024
8215,2007,28395
8215,2008,29272
8215,2009,28445
8215,2010,29370
8215,2011,30328
8215,2012,31465
8215,2013,32465
8215,2014,33547
8215,2015,33983
8215,2016,34626
8215,2017,35428
8215,2018,36073
8215,2019,37173
8215,2020,37016
8216,2001,28289
8216,2002,28548
8216,2003,29037
8216,2004,29845
8216,2005,30497
8216,2006,31177
8216,2007,31518
8216,2008,32081
8216,2009,30968
8216,2010,32086
8216,2011,34007
8216,2012,35069
8216,2013,36100
8216,2014,37196
8216,2015,37668
8216,2016,38300
8216,2017,39145
8216,2018,39361
8216,2019,41099
8216,2020,38844
8221,2001,28251
8221,2002,28754
8221,2003,29231
8221,2004,29264
8221,2005,29267
8221,2006,29640
8221,2007,29833
8221,2008,30906
8221,2009,31379
8221,2010,32437
8221,2011,33073
8221,2012,34019
8221,2013,34505
8221,2014,35117
8221,2015,36266
8221,2016,37072
8221,2017,37938
8221,2018,39145
8221,2019,40446
8221,2020,41089
8222,2001,31246
8222,2002,31887
8222,2003,32440
8222,2004,32527
8222,2005,32822
8222,2006,32919
8222,2007,33655
8222,2008,34544
8222,2009,34330
8222,2010,35143
8222,2011,36326
8222,2012,37662
8222,2013,37914
8222,2014,38771
8222,2015,39574
8222,2016,40236
8222,2017,41914
8222,2018,42235
8222,2019,43487
8222,2020,43135
8225,2001,23205
8225,2002,23409
8225,2003,23661
8225,2004,23936
8225,2005,23885
8225,2006,24043
8225,2007,24532
8225,2008,25092
8225,2009,25026
8225,2010,25893
8225,2011,27022
8225,2012,27966
8225,2013,28642
8225,2014,29261
8225,2015,30052
8225,2016,30568
8225,2017,31216
8225,2018,31973
8225,2019,33026
8225,2020,32604
8226,2001,27158
8226,2002,27562
8226,2003,28118
8226,2004,28405
8226,2005,28800
8226,2006,29064
8226,2007,29630
8226,2008,30289
8226,2009,29885
8226,2010,30608
8226,2011,31783
8226,2012,32878
8226,2013,33490
8226,2014,33804
8226,2015,34724
8226,2016,35611
8226,2017,36558
8226,2018,38160
8226,2019,39892
8226,2020,39714
8231,2001,25861
8231,2002,26240
8231,2003,26672
8231,2004,26883
8231,2005,27119
8231,2006,27237
8231,2007,27496
8231,2008,28261
8231,2009,28103
8231,2010,29022
8231,2011,29705
8231,2012,30567
8231,2013,31040
8231,2014,31433
8231,2015,31689
8231,2016,32360
8231,2017,33259
8231,2018,34461
8231,2019,35646
8231,2020,35311
8235,2001,23878
8235,2002,24161
8235,2003,24690
8235,2004,25063
8235,2005,25096
8235,2006,25545
8235,2007,26000
8235,2008,26609
8235,2009,26271
8235,2010,27186
8235,2011,28451
8235,2012,29282
8235,2013,29996
8235,2014,30515
8235,2015,31050
8235,2016,31879
8235,2017,32605
8235,2018,33406
8235,2019,34608
8235,2020,34518
8236,2001,25791
8236,2002,25805
8236,2003,26317
8236,2004,26697
8236,2005,26960
8236,2006,27245
8236,2007,27765
8236,2008,28506
8236,2009,27552
8236,2010,28707
8236,2011,29980
8236,2012,31068
8236,2013,31783
8236,2014,32693
8236,2015,33336
8236,2016,34090
8236,2017,35026
8236,2018,35785
8236,2019,36563
8236,2020,35314
8237,2001,25209
8237,2002,25237
8237,2003,25687
8237,2004,26076
8237,2005,26260
8237,2006,26937
8237,2007,27603
8237,2008,27862
8237,2009,27419
8237,2010,28464
8237,2011,29797
8237,2012,30505
8237,2013,31127
8237,2014,31958
8237,2015,32419
8237,2016,33338
8237,2017,34537
8237,2018,36008
8237,2019,37152
8237,2020,35639
8311,2001,26145
8311,2002,26599
8311,2003,27016
8311,2004,27046
8311,2005,27073
8311,2006,27268
8311,2007,27513
8311,2008,27991
8311,2009,28287
8311,2010,28891
8311,2011,29576
8311,2012,30518
8311,2013,31086
8311,2014,31702
8311,2015,32597
8311,2016,33457
8311,2017,34280
8311,2018,35273
8311,2019,36670
8311,2020,37113
8315,2001,23297
8315,2002,23565
8315,2003,24072
8315,2004,24049
8315,2005,23802
8315,2006,24098
8315,2007,24609
8315,2008,25174
8315,2009,25107
8315,2010,25903
8315,2011,26804
8315,2012,27490
8315,2013,28134
8315,2014,28682
8315,2015,29293
8315,2016,30182
8315,2017,30998
8315,2018,32060
8315,2019,33162
8315,2020,32695
8316,2001,23835
8316,2002,24305
8316,2003,24414
8316,2004,24482
8316,2005,24045
8316,2006,24647
8316,2007,25208
8316,2008,25804
8316,2009,25359
8316,2010,26335
8316,2011,27292
8316,2012,27980
8316,2013,28864
8316,2014,29561
8316,2015,30454
8316,2016,31158
8316,2017,32201
8316,2018,33378
8316,2019,33964
8316,2020,33796
8317,2001,24737
8317,2002,25008
8317,2003,25506
8317,2004,25764
8317,2005,26017
8317,2006,26386
8317,2007,26809
8317,2008,27282
8317,2009,26932
8317,2010,27855
8317,2011,28889
8317,2012,29820
8317,2013,30479
8317,2014,31126
8317,2015,31719
8317,2016,32434
8317,2017,33146
8317,2018,34180
8317,2019,35154
8317,2020,34612
8325,2001,24458
8325,2002,24562
8325,2003,25839
8325,2004,26414
8325,2005,26946
8325,2006,27341
8325,2007,27873
8325,2008,28279
8325,2009,27688
8325,2010,28772
8325,2011,29622
8325,2012,29834
8325,2013,30718
8325,2014,31568
8325,2015,32516
8325,2016,33334
8325,2017,34302
8325,2018,35621
8325,2019,36684
8325,2020,36031
8326,2001,25368
8326,2002,25756
8326,2003,25642
8326,2004,25865
8326,2005,25981
8326,2006,26342
8326,2007,26930
8326,2008,27922
8326,2009,27854
8326,2010,28774
8326,2011,30011
8326,2012,30734
8326,2013,31480
8326,2014,32583
8326,2015,33439
8326,2016,33885
8326,2017,34598
8326,2018,35635
8326,2019,36716
8326,2020,35984
8327,2001,26524
8327,2002,26526
8327,2003,27092
8327,2004,27263
8327,2005,27750
8327,2006,28262
8327,2007,28953
8327,2008,29388
8327,2009,28903
8327,2010,29990
8327,2011,31258
8327,2012,32707
8327,2013,33303
8327,2014,34449
8327,2015,35038
8327,2016,35980
8327,2017,36376
8327,2018,38075
8327,2019,39058
8327,2020,37620
8335,2001,25479
8335,2002,25494
8335,2003,25714
8335,2004,25829
8335,2005,25723
8335,2006,25967
8335,2007,26506
8335,2008,26769
8335,2009,26534
8335,2010,27365
8335,2011,28076
8335,2012,29026
8335,2013,29623
8335,2014,30044
8335,2015,30647
8335,2016,31312
8335,2017,32626
8335,2018,33473
8335,2019,34637
8335,2020,34587
8336,2001,25337
8336,2002,25530
8336,2003,25995
8336,2004,26036
8336,2005,26397
8336,2006,26790
8336,2007,27215
8336,2008,27755
8336,2009,27517
8336,2010,28361
8336,2011,29280
8336,2012,30263
8336,2013,30874
8336,2014,31665
8336,2015,32461
8336,2016,32635
8336,2017,33595
8336,2018,34659
8336,2019,35491
8336,2020,34968
8337,2001,23798
8337,2002,24037
8337,2003,24286
8337,2004,24432
8337,2005,24667
8337,2006,25135
8337,2007,25470
8337,2008,25180
8337,2009,25044
8337,2010,25768
8337,2011,26387
8337,2012,27517
8337,2013,28293
8337,2014,28845
8337,2015,29485
8337,2016,30318
8337,2017,30590
8337,2018,31681
8337,2019,32658
8337,2020,32365
8415,2001,25779
8415,2002,26508
8415,2003,27109
8415,2004,27457
8415,2005,27593
8415,2006,27828
8415,2007,28522
8415,2008,29127
8415,2009,28438
8415,2010,29119
8415,2011,30235
8415,2012,31245
8415,2013,32104
8415,2014,32869
8415,2015,33624
8415,2016,34497
8415,2017,35341
8415,2018,36544
8415,2019,37774
8415,2020,36725
8416,2001,24150
8416,2002,24563
8416,2003,25086
8416,2004,25074
8416,2005,25176
8416,2006,25325
8416,2007,25570
8416,2008,26631
8416,2009,26724
8416,2010,27363
8416,2011,28374
8416,2012,29600
8416,2013,30284
8416,2014,30712
8416,2015,31605
8416,2016,32638
8416,2017,33603
8416,2018,34840
8416,2019,35909
8416,2020,35874
8417,2001,25232
8417,2002,25645
8417,2003,25709
8417,2004,26132
8417,2005,26333
8417,2006,26885
8417,2007,27565
8417,2008,27564
8417,2009,26951
8417,2010,27815
8417,2011,28948
8417,2012,29826
8417,2013,30511
8417,2014,31219
8417,2015,32013
8417,2016,32691
8417,2017,33278
8417,2018,34612
8417,2019,35508
8417,2020,34908
8421,2001,28056
8421,2002,28231
8421,2003,28606
8421,2004,28633
8421,2005,28967
8421,2006,29166
8421,2007,29255
8421,2008,30845
8421,2009,30964
8421,2010,32168
8421,2011,32850
8421,2012,33875
8421,2013,35067
8421,2014,35669
8421,2015,36612
8421,2016,37414
8421,2017,38737
8421,2018,40022
8421,2019,41141
8421,2020,41041
8425,2001,25468
8425,2002,26021
8425,2003,26445
8425,2004,26755
8425,2005,27008
8425,2006,27050
8425,2007,27510
8425,2008,27808
8425,2009,27209
8425,2010,28404
8425,2011,29672
8425,2012,30549
8425,2013,30973
8425,2014,31525
8425,2015,32143
8425,2016,32995
8425,2017,33619
8425,2018,34330
8425,2019,35199
8425,2020,35057
8426,2001,26057
8426,2002,26583
8426,2003,27615
8426,2004,28043
8426,2005,28174
8426,2006,28850
8426,2007,29397
8426,2008,30748
8426,2009,30262
8426,2010,31357
8426,2011,32688
8426,2012,34236
8426,2013,34673
8426,2014,35403
8426,2015,36250
8426,2016,37114
8426,2017,38401
8426,2018,38751
8426,2019,39938
8426,2020,39470
8435,2001,28764
8435,2002,29602
8435,2003,29945
8435,2004,29645
8435,2005,30251
8435,2006,30661
8435,2007,31556
8435,2008,32180
8435,2009,31750
8435,2010,33189
8435,2011,35094
8435,2012,36123
8435,2013,37282
8435,2014,38019
8435,2015,39220
8435,2016,40472
8435,2017,40617
8435,2018,41312
8435,2019,42508
8435,2020,40954
8436,2001,23671
8436,2002,23980
8436,2003,24511
8436,2004,24673
8436,2005,24840
8436,2006,25172
8436,2007,25376
8436,2008,25720
8436,2009,25620
8436,2010,26615
8436,2011,27596
8436,2012,28558
8436,2013,29208
8436,2014,29837
8436,2015,30963
8436,2016,31566
8436,2017,32277
8436,2018,33291
8436,2019,34145
8436,2020,34280
8437,2001,23212
8437,2002,23523
8437,2003,23979
8437,2004,24352
8437,2005,24493
8437,2006,25151
8437,2007,25490
8437,2008,26805
8437,2009,26746
8437,2010,27722
8437,2011,28689
8437,2012,29499
8437,2013,30077
8437,2014,30492
8437,2015,31230
8437,2016,31940
8437,2017,32689
8437,2018,33888
8437,2019,34508
8437,2020,34346
9161,2001,32150
9161,2002,33272
9161,2003,33140
9161,2004,33993
9161,2005,34282
9161,2006,34798
9161,2007,36363
9161,2008,37961
9161,2009,37865
9161,2010,38466
9161,2011,41633
9161,2012,41626
9161,2013,46468
9161,2014,47464
9161,2015,49678
9161,2016,50354
9161,2017,50760
9161,2018,52677
9161,2019,53533
9161,2020,52632
9162,2001,32150
9162,2002,32838
9162,2003,33093
9162,2004,33567
9162,2005,33768
9162,2006,33893
9162,2007,34590
9162,2008,38664
9162,2009,38019
9162,2010,39101
9162,2011,40239
9162,2012,41334
9162,2013,42159
9162,2014,43281
9162,2015,44755
9162,2016,46091
9162,2017,47360
9162,2018,48573
9162,2019,50364
9162,2020,50652
9163,2001,25362
9163,2002,26405
9163,2003,26334
9163,2004,26641
9163,2005,26675
9163,2006,27041
9163,2007,27532
9163,2008,27650
9163,2009,27225
9163,2010,28089
9163,2011,29293
9163,2012,30034
9163,2013,30614
9163,2014,31545
9163,2015,32513
9163,2016,33524
9163,2017,34782
9163,2018,35360
9163,2019,37639
9163,2020,36622
9171,2001,27046
9171,2002,27263
9171,2003,29233
9171,2004,29346
9171,2005,30109
9171,2006,30962
9171,2007,32333
9171,2008,31988
9171,2009,31481
9171,2010,32835
9171,2011,34614
9171,2012,35613
9171,2013,34892
9171,2014,36521
9171,2015,37042
9171,2016,37509
9171,2017,38951
9171,2018,40101
9171,2019,41362
9171,2020,40808
9172,2001,24093
9172,2002,24708
9172,2003,24623
9172,2004,24924
9172,2005,25039
9172,2006,25200
9172,2007,25457
9172,2008,24138
9172,2009,24436
9172,2010,24956
9172,2011,25976
9172,2012,27341
9172,2013,27735
9172,2014,28438
9172,2015,29286
9172,2016,30214
9172,2017,31053
9172,2018,31989
9172,2019,33233
9172,2020,32930
9173,2001,25218
9173,2002,25760
9173,2003,26017
9173,2004,25882
9173,2005,25801
9173,2006,25385
9173,2007,25992
9173,2008,26141
9173,2009,26100
9173,2010,26674
9173,2011,27403
9173,2012,28298
9173,2013,29190
9173,2014,29892
9173,2015,31066
9173,2016,31611
9173,2017,32630
9173,2018,33484
9173,2019,34459
9173,2020,34502
9174,2001,25950
9174,2002,26430
9174,2003,26507
9174,2004,26431
9174,2005,26074
9174,2006,26221
9174,2007,26654
9174,2008,26948
9174,2009,26930
9174,2010,27110
9174,2011,27969
9174,2012,28678
9174,2013,29138
9174,2014,30480
9174,2015,31516
9174,2016,32483
9174,2017,33598
9174,2018,34266
9174,2019,34448
9174,2020,34168
9175,2001,26816
9175,2002,27620
9175,2003,27665
9175,2004,27581
9175,2005,27633
9175,2006,27999
9175,2007,28364
9175,2008,30252
9175,2009,30125
9175,2010,30413
9175,2011,31098
9175,2012,31351
9175,2013,31700
9175,2014,32690
9175,2015,33188
9175,2016,33999
9175,2017,34629
9175,2018,35641
9175,2019,36799
9175,2020,36883
9176,2001,23923
9176,2002,24416
9176,2003,24870
9176,2004,24906
9176,2005,24974
9176,2006,25220
9176,2007,25554
9176,2008,25481
9176,2009,25588
9176,2010,26527
9176,2011,27561
9176,2012,28591
9176,2013,29525
9176,2014,30689
9176,2015,31773
9176,2016,33425
9176,2017,34538
9176,2018,34992
9176,2019,36331
9176,2020,36352
9177,2001,24484
9177,2002,24981
9177,2003,25111
9177,2004,25160
9177,2005,25097
9177,2006,25308
9177,2007,25820
9177,2008,26517
9177,2009,26606
9177,2010,27041
9177,2011,28400
9177,2012,29426
9177,2013,29748
9177,2014,30394
9177,2015,30869
9177,2016,31787
9177,2017,32589
9177,2018,33791
9177,2019,34844
9177,2020,33611
9178,2001,26274
9178,2002,26909
9178,2003,27522
9178,2004,27617
9178,2005,28024
9178,2006,28263
9178,2007,28955
9178,2008,35154
9178,2009,35389
9178,2010,35934
9178,2011,36747
9178,2012,37978
9178,2013,37976
9178,2014,38680
9178,2015,39375
9178,2016,40695
9178,2017,41378
9178,2018,42149
9178,2019,43481
9178,2020,41728
9179,2001,25184
9179,2002,25977
9179,2003,25710
9179,2004,25847
9179,2005,25717
9179,2006,25947
9179,2007,26033
9179,2008,27954
9179,2009,28591
9179,2010,29403
9179,2011,30337
9179,2012,30995
9179,2013,31389
9179,2014,32212
9179,2015,32922
9179,2016,33967
9179,2017,34501
9179,2018,35140
9179,2019,36373
9179,2020,36399
9180,2001,22914
9180,2002,23807
9180,2003,23581
9180,2004,23696
9180,2005,23536
9180,2006,23866
9180,2007,24273
9180,2008,23810
9180,2009,24070
9180,2010,24835
9180,2011,25825
9180,2012,26857
9180,2013,27417
9180,2014,28217
9180,2015,29158
9180,2016,30066
9180,2017,30832
9180,2018,31559
9180,2019,32712
9180,2020,32037
9181,2001,25293
9181,2002,26046
9181,2003,26205
9181,2004,26448
9181,2005,26696
9181,2006,27129
9181,2007,27460
9181,2008,27527
9181,2009,27669
9181,2010,28113
9181,2011,29143
9181,2012,30309
9181,2013,30997
9181,2014,31877
9181,2015,33047
9181,2016,34129
9181,2017,34917
9181,2018,35646
9181,2019,36709
9181,2020,36376
9182,2001,24563
9182,2002,25364
9182,2003,25331
9182,2004,25465
9182,2005,25366
9182,2006,25685
9182,2007,26141
9182,2008,27440
9182,2009,27815
9182,2010,27852
9182,2011,28414
9182,2012,29104
9182,2013,30078
9182,2014,31150
9182,2015,31769
9182,2016,32738
9182,2017,34025
9182,2018,34552
9182,2019,35907
9182,2020,35561
9183,2001,24527
9183,2002,25114
9183,2003,25391
9183,2004,25612
9183,2005,25558
9183,2006,25888
9183,2007,26136
9183,2008,25269
9183,2009,25110
9183,2010,26128
9183,2011,26946
9183,2012,28104
9183,2013,28829
9183,2014,29754
9183,2015,30648
9183,2016,31268
9183,2017,32039
9183,2018,32599
9183,2019,33681
9183,2020,33627
9184,2001,31428
9184,2002,32002
9184,2003,32572
9184,2004,32825
9184,2005,32896
9184,2006,34311
9184,2007,35503
9184,2008,40827
9184,2009,40287
9184,2010,41272
9184,2011,42359
9184,2012,43608
9184,2013,44484
9184,2014,45571
9184,2015,46806
9184,2016,48204
9184,2017,49347
9184,2018,50195
9184,2019,51528
9184,2020,51634
9185,2001,25215
9185,2002,25792
9185,2003,26119
9185,2004,26374
9185,2005,26402
9185,2006,26398
9185,2007,26887
9185,2008,26387
9185,2009,26456
9185,2010,27179
9185,2011,27467
9185,2012,28665
9185,2013,29204
9185,2014,30130
9185,2015,31083
9185,2016,31386
9185,2017,32456
9185,2018,33410
9185,2019,34382
9185,2020,34306
9186,2001,25497
9186,2002,26310
9186,2003,26497
9186,2004,26732
9186,2005,26995
9186,2006,27571
9186,2007,27950
9186,2008,28113
9186,2009,28098
9186,2010,33935
9186,2011,35115
9186,2012,36702
9186,2013,37346
9186,2014,38058
9186,2015,38428
9186,2016,39113
9186,2017,39091
9186,2018,40011
9186,2019,40407
9186,2020,40614
9187,2001,24277
9187,2002,24752
9187,2003,25127
9187,2004,25304
9187,2005,25383
9187,2006,25607
9187,2007,26039
9187,2008,26224
9187,2009,26228
9187,2010,27087
9187,2011,28015
9187,2012,28928
9187,2013,29255
9187,2014,30244
9187,2015,31096
9187,2016,31841
9187,2017,32683
9187,2018,33432
9187,2019,34463
9187,2020,34422
9188,2001,27479
9188,2002,28152
9188,2003,27575
9188,2004,27625
9188,2005,27852
9188,2006,28859
9188,2007,29497
9188,2008,31500
9188,2009,31246
9188,2010,32001
9188,2011,32611
9188,2012,33820
9188,2013,34912
9188,2014,35888
9188,2015,37229
9188,2016,38732
9188,2017,40275
9188,2018,41348
9188,2019,43016
9188,2020,42897
9189,2001,25363
9189,2002,25764
9189,2003,26053
9189,2004,26527
9189,2005,26538
9189,2006,26640
9189,2007,27342
9189,2008,27399
9189,2009,27806
9189,2010,28684
9189,2011,29442
9189,2012,30071
9189,2013,30960
9189,2014,32382
9189,2015,32878
9189,2016,33796
9189,2017,34931
9189,2018,35744
9189,2019,36414
9189,2020,35909
9190,2001,25877
9190,2002,26486
9190,2003,26933
9190,2004,27436
9190,2005,27472
9190,2006,28129
9190,2007,28980
9190,2008,29080
9190,2009,28976
9190,2010,29855
9190,2011,31097
9190,2012,31390
9190,2013,31370
9190,2014,32710
9190,2015,33489
9190,2016,34174
9190,2017,34871
9190,2018,35691
9190,2019,36986
9190,2020,36565
9261,2001,27464
9261,2002,27356
9261,2003,27115
9261,2004,27185
9261,2005,27160
9261,2006,27005
9261,2007,27770
9261,2008,27135
9261,2009,26742
9261,2010,27133
9261,2011,27870
9261,2012,28422
9261,2013,29042
9261,2014,30411
9261,2015,31611
9261,2016,32933
9261,2017,34019
9261,2018,35113
9261,2019,36095
9261,2020,35293
9262,2001,25645
9262,2002,25980
9262,2003,26575
9262,2004,26947
9262,2005,26595
9262,2006,26856
9262,2007,27663
9262,2008,27700
9262,2009,27452
9262,2010,28248
9262,2011,29326
9262,2012,29885
9262,2013,30802
9262,2014,31561
9262,2015,32169
9262,2016,32873
9262,2017,33761
9262,2018,34804
9262,2019,36086
9262,2020,35924
9263,2001,24412
9263,2002,24958
9263,2003,25532
9263,2004,26003
9263,2005,25889
9263,2006,25809
9263,2007,26452
9263,2008,25470
9263,2009,25845
9263,2010,26644
9263,2011,27578
9263,2012,28293
9263,2013,29007
9263,2014,29629
9263,2015,31156
9263,2016,32125
9263,2017,32898
9263,2018,33592
9263,2019,34628
9263,2020,35202
9271,2001,25016
9271,2002,25218
9271,2003,25451
9271,2004,25658
9271,2005,25569
9271,2006,25963
9271,2007,26520
9271,2008,26401
9271,2009,26735
9271,2010,27092
9271,2011,28048
9271,2012,29121
9271,2013,29421
9271,2014,30614
9271,2015,31556
9271,2016,32361
9271,2017,33231
9271,2018,33955
9271,2019,34684
9271,2020,34919
9272,2001,22301
9272,2002,22613
9272,2003,22548
9272,2004,22994
9272,2005,23087
9272,2006,23316
9272,2007,23699
9272,2008,21715
9272,2009,21646
9272,2010,22505
9272,2011,23325
9272,2012,23687
9272,2013,24099
9272,2014,25142
9272,2015,26023
9272,2016,26997
9272,2017,27474
9272,2018,28392
9272,2019,29477
9272,2020,29608
9273,2001,23011
9273,2002,23944
9273,2003,24291
9273,2004,25000
9273,2005,25056
9273,2006,25452
9273,2007,26114
9273,2008,25904
9273,2009,25962
9273,2010,26577
9273,2011,27410
9273,2012,28262
9273,2013,29242
9273,2014,30181
9273,2015,30984
9273,2016,31416
9273,2017,32056
9273,2018,32693
9273,2019,33473
9273,2020,33114
9274,2001,24694
9274,2002,25691
9274,2003,26043
9274,2004,26448
9274,2005,26719
9274,2006,26943
9274,2007,27475
9274,2008,26850
9274,2009,26704
9274,2010,27969
9274,2011,29188
9274,2012,30287
9274,2013,30695
9274,2014,31636
9274,2015,31897
9274,2016,32709
9274,2017,33417
9274,2018,34541
9274,2019,35625
9274,2020,35252
9275,2001,23779
9275,2002,23979
9275,2003,24080
9275,2004,24165
9275,2005,24002
9275,2006,24405
9275,2007,24838
9275,2008,23772
9275,2009,23490
9275,2010,24000
9275,2011,24723
9275,2012,25736
9275,2013,26314
9275,2014,26861
9275,2015,27842
9275,2016,28312
9275,2017,29153
9275,2018,29928
9275,2019,30809
9275,2020,30202
9276,2001,23199
9276,2002,23873
9276,2003,24059
9276,2004,24302
9276,2005,24528
9276,2006,24631
9276,2007,25210
9276,2008,22854
9276,2009,22770
9276,2010,23752
9276,2011,24734
9276,2012,25667
9276,2013,26058
9276,2014,27028
9276,2015,27991
9276,2016,28547
9276,2017,29464
9276,2018,30296
9276,2019,31273
9276,2020,31104
9277,2001,23486
9277,2002,23882
9277,2003,23976
9277,2004,24059
9277,2005,23991
9277,2006,24140
9277,2007,24534
9277,2008,23608
9277,2009,24020
9277,2010,24615
9277,2011,25620
9277,2012,26618
9277,2013,26709
9277,2014,27792
9277,2015,28416
9277,2016,29000
9277,2017,29667
9277,2018,30257
9277,2019,31222
9277,2020,31589
9278,2001,22808
9278,2002,23564
9278,2003,23794
9278,2004,23879
9278,2005,23717
9278,2006,23805
9278,2007,24154
9278,2008,23202
9278,2009,23117
9278,2010,23558
9278,2011,24923
9278,2012,26146
9278,2013,27641
9278,2014,27577
9278,2015,28251
9278,2016,28846
9278,2017,29975
9278,2018,30225
9278,2019,31296
9278,2020,31146
9279,2001,31009
9279,2002,32917
9279,2003,33695
9279,2004,34157
9279,2005,36033
9279,2006,36512
9279,2007,36693
9279,2008,36208
9279,2009,32537
9279,2010,34771
9279,2011,36954
9279,2012,36527
9279,2013,38012
9279,2014,39073
9279,2015,40629
9279,2016,42097
9279,2017,42854
9279,2018,44466
9279,2019,45815
9279,2020,43208
9361,2001,25845
9361,2002,26084
9361,2003,26641
9361,2004,27080
9361,2005,27273
9361,2006,27834
9361,2007,28548
9361,2008,28322
9361,2009,28847
9361,2010,28854
9361,2011,30450
9361,2012,31657
9361,2013,32029
9361,2014,33282
9361,2015,34205
9361,2016,34420
9361,2017,35536
9361,2018,36520
9361,2019,37742
9361,2020,37232
9362,2001,27403
9362,2002,28405
9362,2003,29380
9362,2004,30319
9362,2005,30599
9362,2006,31207
9362,2007,31982
9362,2008,32600
9362,2009,33084
9362,2010,33947
9362,2011,35093
9362,2012,35917
9362,2013,36577
9362,2014,38125
9362,2015,39185
9362,2016,40198
9362,2017,41443
9362,2018,42702
9362,2019,43119
9362,2020,42401
9363,2001,23190
9363,2002,23694
9363,2003,23669
9363,2004,23838
9363,2005,23096
9363,2006,23440
9363,2007,23843
9363,2008,23096
9363,2009,23110
9363,2010,23442
9363,2011,24453
9363,2012,25343
9363,2013,25976
9363,2014,27013
9363,2015,27816
9363,2016,28688
9363,2017,29459
9363,2018,30394
9363,2019,31402
9363,2020,31466
9371,2001,25530
9371,2002,25743
9371,2003,26222
9371,2004,26550
9371,2005,26712
9371,2006,26634
9371,2007,27263
9371,2008,26111
9371,2009,25878
9371,2010,26753
9371,2011,27468
9371,2012,28154
9371,2013,28539
9371,2014,29619
9371,2015,30155
9371,2016,30478
9371,2017,31560
9371,2018,32463
9371,2019,33819
9371,2020,33795
9372,2001,23120
9372,2002,23356
9372,2003,23691
9372,2004,24124
9372,2005,24322
9372,2006,24429
9372,2007,24866
9372,2008,23317
9372,2009,23340
9372,2010,24432
9372,2011,25207
9372,2012,26367
9372,2013,26555
9372,2014,27171
9372,2015,27940
9372,2016,28711
9372,2017,29566
9372,2018,30310
9372,2019,31032
9372,2020,31050
9373,2001,23819
9373,2002,24296
9373,2003,24853
9373,2004,25352
9373,2005,25427
9373,2006,25844
9373,2007,26175
9373,2008,26103
9373,2009,25934
9373,2010,26763
9373,2011,27372
9373,2012,27982
9373,2013,29012
9373,2014,30412
9373,2015,31354
9373,2016,32099
9373,2017,32919
9373,2018,33931
9373,2019,34974
9373,2020,34923
9374,2001,24805
9374,2002,25114
9374,2003,25633
9374,2004,25681
9374,2005,25591
9374,2006,25957
9374,2007,26177
9374,2008,24931
9374,2009,24832
9374,2010,25639
9374,2011,26892
9374,2012,27561
9374,2013,28105
9374,2014,28575
9374,2015,29478
9374,2016,30242
9374,2017,30827
9374,2018,32038
9374,2019,32663
9374,2020,32482
9375,2001,23678
9375,2002,24236
9375,2003,24951
9375,2004,25396
9375,2005,25793
9375,2006,26654
9375,2007,27219
9375,2008,27053
9375,2009,26901
9375,2010,27538
9375,2011,28415
9375,2012,29556
9375,2013,29863
9375,2014,30866
9375,2015,31715
9375,2016,32265
9375,2017,33164
9375,2018,34143
9375,2019,34961
9375,2020,33973
9376,2001,24477
9376,2002,25011
9376,2003,25216
9376,2004,25572
9376,2005,25783
9376,2006,26034
9376,2007,26537
9376,2008,25408
9376,2009,24736
9376,2010,25933
9376,2011,26638
9376,2012,27509
9376,2013,27838
9376,2014,28707
9376,2015,29516
9376,2016,30168
9376,2017,30973
9376,2018,31934
9376,2019,33005
9376,2020,32445
9377,2001,24159
9377,2002,24731
9377,2003,25005
9377,2004,25414
9377,2005,25276
9377,2006,25822
9377,2007,26045
9377,2008,25722
9377,2009,25936
9377,2010,26692
9377,2011,27297
9377,2012,27918
9377,2013,28223
9377,2014,29464
9377,2015,29965
9377,2016,30581
9377,2017,31417
9377,2018,32351
9377,2019,33305
9377,2020,33623
9461,2001,26028
9461,2002,26505
9461,2003,27114
9461,2004,27491
9461,2005,27605
9461,2006,27909
9461,2007,28604
9461,2008,28078
9461,2009,27491
9461,2010,28783
9461,2011,29929
9461,2012,30225
9461,2013,31014
9461,2014,31244
9461,2015,31253
9461,2016,32504
9461,2017,33721
9461,2018,34876
9461,2019,36194
9461,2020,35715
9462,2001,26399
9462,2002,26452
9462,2003,26831
9462,2004,27206
9462,2005,27219
9462,2006,27102
9462,2007,27527
9462,2008,26494
9462,2009,27029
9462,2010,27676
9462,2011,28516
9462,2012,29529
9462,2013,30737
9462,2014,31583
9462,2015,32151
9462,2016,33121
9462,2017,34301
9462,2018,35261
9462,2019,35998
9462,2020,36616
9463,2001,27970
9463,2002,28523
9463,2003,28978
9463,2004,30226
9463,2005,30663
9463,2006,31214
9463,2007,32399
9463,2008,32075
9463,2009,31938
9463,2010,33261
9463,2011,34401
9463,2012,35440
9463,2013,36228
9463,2014,38619
9463,2015,40377
9463,2016,41413
9463,2017,42056
9463,2018,42510
9463,2019,43541
9463,2020,43881
9464,2001,25936
9464,2002,26374
9464,2003,26522
9464,2004,26516
9464,2005,26196
9464,2006,26461
9464,2007,26842
9464,2008,25491
9464,2009,25365
9464,2010,25410
9464,2011,26231
9464,2012,27270
9464,2013,27731
9464,2014,28462
9464,2015,29219
9464,2016,29564
9464,2017,30318
9464,2018,31388
9464,2019,32414
9464,2020,32225
9471,2001,24309
9471,2002,24899
9471,2003,24804
9471,2004,24818
9471,2005,24660
9471,2006,24888
9471,2007,25064
9471,2008,25155
9471,2009,25001
9471,2010,25985
9471,2011,26790
9471,2012,27361
9471,2013,27935
9471,2014,28749
9471,2015,29797
9471,2016,30184
9471,2017,31035
9471,2018,31546
9471,2019,32212
9471,2020,31947
9472,2001,24389
9472,2002,24783
9472,2003,24860
9472,2004,24839
9472,2005,24738
9472,2006,25383
9472,2007,25979
9472,2008,25530
9472,2009,25127
9472,2010,25842
9472,2011,26826
9472,2012,27822
9472,2013,28458
9472,2014,29072
9472,2015,29940
9472,2016,30584
9472,2017,30497
9472,2018,31406
9472,2019,32371
9472,2020,31835
9473,2001,24231
9473,2002,24234
9473,2003,25007
9473,2004,25254
9473,2005,25112
9473,2006,25782
9473,2007,26876
9473,2008,24437
9473,2009,24248
9473,2010,24793
9473,2011,25545
9473,2012,26336
9473,2013,26764
9473,2014,27368
9473,2015,27830
9473,2016,28548
9473,2017,29377
9473,2018,30311
9473,2019,31116
9473,2020,31043
9474,2001,25476
9474,2002,25996
9474,2003,26019
9474,2004,26144
9474,2005,26249
9474,2006,26575
9474,2007,27203
9474,2008,26550
9474,2009,26625
9474,2010,27651
9474,2011,28686
9474,2012,29593
9474,2013,30091
9474,2014,30537
9474,2015,31047
9474,2016,32157
9474,2017,33992
9474,2018,34746
9474,2019,35816
9474,2020,35901
9475,2001,24326
9475,2002,24921
9475,2003,25263
9475,2004,25676
9475,2005,25937
9475,2006,26458
9475,2007,27261
9475,2008,26099
9475,2009,25904
9475,2010,26681
9475,2011,27408
9475,2012,28074
9475,2013,28700
9475,2014,29437
9475,2015,29039
9475,2016,31125
9475,2017,31938
9475,2018,32666
9475,2019,34154
9475,2020,34575
9476,2001,23881
9476,2002,24354
9476,2003,24626
9476,2004,25067
9476,2005,25267
9476,2006,25476
9476,2007,26486
9476,2008,26133
9476,2009,26359
9476,2010,26655
9476,2011,27642
9476,2012,28801
9476,2013,28402
9476,2014,28415
9476,2015,29943
9476,2016,29638
9476,2017,30680
9476,2018,31742
9476,2019,32400
9476,2020,31751
9477,2001,24738
9477,2002,25395
9477,2003,25636
9477,2004,25374
9477,2005,25265
9477,2006,25654
9477,2007,26223
9477,2008,25220
9477,2009,25516
9477,2010,26414
9477,2011,27190
9477,2012,28164
9477,2013,28900
9477,2014,29830
9477,2015,30826
9477,2016,31589
9477,2017,32326
9477,2018,32995
9477,2019,33985
9477,2020,34399
9478,2001,23559
9478,2002,23643
9478,2003,24240
9478,2004,24331
9478,2005,24499
9478,2006,24657
9478,2007,24888
9478,2008,24106
9478,2009,24428
9478,2010,25265
9478,2011,26195
9478,2012,27393
9478,2013,27723
9478,2014,28298
9478,2015,29577
9478,2016,30515
9478,2017,31341
9478,2018,32287
9478,2019,33075
9478,2020,32590
9479,2001,23912
9479,2002,24510
9479,2003,24681
9479,2004,25175
9479,2005,25108
9479,2006,25319
9479,2007,25986
9479,2008,24931
9479,2009,24664
9479,2010,26731
9479,2011,27414
9479,2012,28218
9479,2013,28890
9479,2014,29783
9479,2015,30773
9479,2016,31529
9479,2017,32109
9479,2018,32912
9479,2019,35057
9479,2020,33450
9561,2001,25053
9561,2002,25784
9561,2003,26466
9561,2004,26228
9561,2005,27259
9561,2006,27427
9561,2007,28186
9561,2008,27047
9561,2009,27226
9561,2010,28640
9561,2011,29787
9561,2012,30532
9561,2013,31463
9561,2014,32490
9561,2015,33422
9561,2016,33566
9561,2017,34449
9561,2018,35214
9561,2019,36491
9561,2020,36465
9562,2001,35550
9562,2002,35407
9562,2003,35994
9562,2004,36425
9562,2005,36430
9562,2006,36909
9562,2007,37878
9562,2008,39394
9562,2009,39851
9562,2010,40447
9562,2011,42806
9562,2012,44547
9562,2013,44801
9562,2014,45855
9562,2015,46463
9562,2016,47564
9562,2017,48109
9562,2018,48995
9562,2019,50315
9562,2020,50291
9563,2001,27918
9563,2002,28521
9563,2003,28518
9563,2004,28910
9563,2005,28609
9563,2006,28696
9563,2007,29391
9563,2008,30479
9563,2009,30607
9563,2010,31328
9563,2011,32324
9563,2012,33134
9563,2013,33703
9563,2014,34719
9563,2015,35783
9563,2016,36654
9563,2017,37707
9563,2018,38411
9563,2019,39613
9563,2020,39363
9564,2001,29381
9564,2002,29637
9564,2003,29710
9564,2004,30115
9564,2005,30261
9564,2006,30457
9564,2007,31058
9564,2008,32503
9564,2009,32434
9564,2010,33227
9564,2011,34314
9564,2012,35336
9564,2013,36032
9564,2014,37221
9564,2015,38210
9564,2016,39134
9564,2017,40224
9564,2018,41038
9564,2019,42296
9564,2020,42532
9565,2001,25306
9565,2002,25524
9565,2003,25563
9565,2004,26031
9565,2005,26197
9565,2006,26483
9565,2007,27360
9565,2008,26387
9565,2009,26060
9565,2010,26806
9565,2011,27249
9565,2012,28549
9565,2013,29386
9565,2014,30051
9565,2015,30635
9565,2016,31658
9565,2017,34074
9565,2018,34334
9565,2019,35517
9565,2020,34074
9571,2001,24125
9571,2002,24579
9571,2003,24974
9571,2004,25115
9571,2005,24970
9571,2006,25227
9571,2007,25781
9571,2008,24857
9571,2009,24763
9571,2010,25632
9571,2011,26194
9571,2012,26957
9571,2013,27631
9571,2014,28432
9571,2015,29114
9571,2016,29537
9571,2017,30376
9571,2018,31048
9571,2019,31758
9571,2020,31682
9572,2001,26267
9572,2002,26752
9572,2003,27414
9572,2004,27969
9572,2005,27880
9572,2006,28344
9572,2007,28981
9572,2008,29737
9572,2009,28659
9572,2010,29875
9572,2011,30879
9572,2012,32170
9572,2013,32700
9572,2014,34234
9572,2015,35608
9572,2016,36905
9572,2017,38602
9572,2018,39861
9572,2019,40155
9572,2020,39149
9573,2001,23645
9573,2002,24375
9573,2003,24114
9573,2004,23936
9573,2005,23657
9573,2006,24291
9573,2007,24718
9573,2008,23915
9573,2009,23866
9573,2010,24786
9573,2011,25368
9573,2012,26642
9573,2013,27318
9573,2014,27720
9573,2015,28508
9573,2016,29156
9573,2017,30214
9573,2018,30885
9573,2019,31650
9573,2020,31306
9574,2001,25167
9574,2002,25420
9574,2003,25578
9574,2004,25902
9574,2005,26259
9574,2006,26529
9574,2007,27214
9574,2008,27325
9574,2009,26604
9574,2010,27318
9574,2011,28251
9574,2012,29170
9574,2013,29644
9574,2014,30488
9574,2015,31346
9574,2016,32683
9574,2017,33252
9574,2018,33891
9574,2019,34814
9574,2020,34139
9575,2001,22900
9575,2002,23706
9575,2003,23743
9575,2004,23911
9575,2005,23701
9575,2006,23866
9575,2007,24412
9575,2008,23414
9575,2009,23444
9575,2010,24255
9575,2011,25168
9575,2012,25866
9575,2013,26165
9575,2014,26989
9575,2015,27904
9575,2016,28643
9575,2017,29564
9575,2018,30070
9575,2019,31089
9575,2020,30801
9576,2001,24819
9576,2002,25398
9576,2003,25384
9576,2004,25682
9576,2005,25547
9576,2006,25816
9576,2007,26297
9576,2008,24563
9576,2009,24612
9576,2010,25756
9576,2011,26915
9576,2012,27913
9576,2013,28082
9576,2014,28600
9576,2015,29423
9576,2016,30143
9576,2017,30987
9576,2018,31976
9576,2019,32896
9576,2020,32685
9577,2001,24981
9577,2002,25666
9577,2003,26013
9577,2004,26099
9577,2005,25800
9577,2006,26090
9577,2007,26531
9577,2008,24657
9577,2009,24247
9577,2010,24954
9577,2011,25860
9577,2012,26775
9577,2013,27376
9577,2014,28272
9577,2015,29079
9577,2016,29931
9577,2017,30864
9577,2018,31564
9577,2019,32319
9577,2020,31955
9661,2001,26522
9661,2002,26749
9661,2003,27392
9661,2004,27703
9661,2005,27685
9661,2006,27631
9661,2007,28350
9661,2008,28312
9661,2009,27951
9661,2010,28694
9661,2011,30207
9661,2012,30879
9661,2013,31887
9661,2014,33090
9661,2015,34071
9661,2016,34735
9661,2017,35028
9661,2018,36367
9661,2019,37494
9661,2020,37292
9662,2001,28638
9662,2002,29200
9662,2003,29984
9662,2004,31075
9662,2005,31331
9662,2006,31074
9662,2007,33138
9662,2008,32877
9662,2009,31898
9662,2010,33095
9662,2011,34739
9662,2012,36442
9662,2013,36659
9662,2014,37968
9662,2015,39812
9662,2016,40363
9662,2017,41696
9662,2018,43473
9662,2019,44547
9662,2020,43443
9663,2001,26193
9663,2002,26531
9663,2003,26968
9663,2004,27114
9663,2005,27085
9663,2006,27360
9663,2007,27717
9663,2008,28092
9663,2009,28016
9663,2010,28714
9663,2011,29611
9663,2012,30164
9663,2013,30614
9663,2014,31296
9663,2015,32114
9663,2016,33355
9663,2017,34110
9663,2018,34984
9663,2019,36315
9663,2020,36500
9671,2001,25699
9671,2002,25950
9671,2003,26114
9671,2004,26266
9671,2005,26413
9671,2006,26648
9671,2007,27173
9671,2008,28004
9671,2009,27891
9671,2010,28528
9671,2011,29634
9671,2012,30170
9671,2013,30797
9671,2014,30953
9671,2015,31681
9671,2016,32418
9671,2017,33342
9671,2018,34443
9671,2019,35763
9671,2020,35644
9672,2001,23926
9672,2002,24375
9672,2003,24414
9672,2004,24739
9672,2005,24742
9672,2006,24740
9672,2007,25035
9672,2008,23858
9672,2009,23784
9672,2010,23470
9672,2011,24933
9672,2012,26293
9672,2013,26785
9672,2014,27792
9672,2015,28628
9672,2016,29122
9672,2017,29950
9672,2018,30596
9672,2019,31538
9672,2020,31445
9673,2001,24328
9673,2002,24429
9673,2003,24841
9673,2004,25389
9673,2005,25464
9673,2006,25567
9673,2007,26119
9673,2008,25648
9673,2009,25453
9673,2010,26262
9673,2011,27190
9673,2012,28233
9673,2013,28753
9673,2014,29962
9673,2015,30956
9673,2016,31822
9673,2017,32681
9673,2018,33775
9673,2019,34539
9673,2020,33893
9674,2001,23104
9674,2002,23543
9674,2003,23471
9674,2004,23673
9674,2005,23774
9674,2006,24210
9674,2007,24429
9674,2008,23447
9674,2009,22861
9674,2010,24099
9674,2011,25573
9674,2012,26471
9674,2013,26969
9674,2014,27869
9674,2015,28533
9674,2016,29003
9674,2017,29713
9674,2018,30722
9674,2019,31373
9674,2020,30887
9675,2001,23682
9675,2002,24111
9675,2003,24429
9675,2004,25214
9675,2005,25467
9675,2006,25498
9675,2007,25814
9675,2008,24706
9675,2009,24583
9675,2010,25629
9675,2011,26453
9675,2012,26986
9675,2013,27449
9675,2014,28274
9675,2015,29767
9675,2016,30540
9675,2017,31926
9675,2018,31737
9675,2019,32717
9675,2020,32794
9676,2001,24481
9676,2002,24719
9676,2003,25357
9676,2004,25654
9676,2005,25590
9676,2006,25799
9676,2007,26436
9676,2008,26067
9676,2009,25701
9676,2010,26523
9676,2011,27439
9676,2012,28243
9676,2013,28829
9676,2014,29740
9676,2015,30745
9676,2016,31418
9676,2017,32115
9676,2018,32651
9676,2019,33937
9676,2020,33191
9677,2001,26515
9677,2002,26961
9677,2003,27558
9677,2004,27888
9677,2005,28183
9677,2006,28658
9677,2007,29821
9677,2008,29461
9677,2009,28925
9677,2010,30337
9677,2011,31349
9677,2012,32277
9677,2013,32373
9677,2014,33771
9677,2015,34243
9677,2016,34852
9677,2017,35906
9677,2018,36677
9677,2019,37670
9677,2020,37142
9678,2001,22739
9678,2002,23553
9678,2003,23496
9678,2004,23836
9678,2005,23988
9678,2006,23945
9678,2007,24316
9678,2008,23915
9678,2009,23978
9678,2010,24462
9678,2011,25037
9678,2012,25610
9678,2013,25766
9678,2014,26413
9678,2015,27370
9678,2016,27984
9678,2017,28301
9678,2018,29107
9678,2019,30312
9678,2020,30461
9679,2001,23728
9679,2002,24362
9679,2003,24251
9679,2004,24605
9679,2005,24574
9679,2006,24990
9679,2007,25642
9679,2008,25469
9679,2009,25534
9679,2010,26577
9679,2011,26446
9679,2012,27534
9679,2013,28232
9679,2014,29015
9679,2015,29616
9679,2016,30122
9679,2017,31202
9679,2018,32231
9679,2019,33224
9679,2020,33223
9761,2001,28410
9761,2002,28332
9761,2003,28773
9761,2004,29261
9761,2005,29359
9761,2006,29636
9761,2007,30118
9761,2008,30788
9761,2009,31313
9761,2010,31645
9761,2011,32740
9761,2012,33650
9761,2013,34005
9761,2014,35012
9761,2015,36053
9761,2016,36646
9761,2017,37778
9761,2018,38769
9761,2019,39814
9761,2020,39318
9762,2001,23119
9762,2002,23672
9762,2003,23999
9762,2004,24307
9762,2005,24296
9762,2006,24460
9762,2007,24854
9762,2008,24842
9762,2009,24820
9762,2010,25229
9762,2011,26171
9762,2012,27033
9762,2013,27602
9762,2014,28576
9762,2015,29410
9762,2016,30036
9762,2017,31160
9762,2018,32055
9762,2019,33347
9762,2020,33216
9763,2001,26403
9763,2002,27071
9763,2003,27187
9763,2004,27440
9763,2005,27302
9763,2006,27607
9763,2007,28247
9763,2008,27509
9763,2009,27312
9763,2010,27668
9763,2011,28783
9763,2012,29858
9763,2013,30153
9763,2014,30901
9763,2015,31401
9763,2016,32009
9763,2017,33118
9763,2018,34295
9763,2019,35554
9763,2020,35301
9764,2001,25027
9764,2002,25278
9764,2003,26249
9764,2004,26657
9764,2005,26926
9764,2006,27440
9764,2007,27683
9764,2008,26906
9764,2009,26223
9764,2010,27334
9764,2011,28525
9764,2012,29589
9764,2013,30943
9764,2014,32168
9764,2015,32771
9764,2016,33406
9764,2017,34414
9764,2018,35259
9764,2019,36505
9764,2020,36095
9771,2001,23966
9771,2002,24318
9771,2003,23877
9771,2004,23846
9771,2005,23663
9771,2006,23805
9771,2007,24428
9771,2008,24334
9771,2009,23992
9771,2010,24397
9771,2011,25025
9771,2012,25496
9771,2013,26536
9771,2014,27321
9771,2015,28471
9771,2016,29022
9771,2017,29896
9771,2018,30764
9771,2019,31871
9771,2020,31666
9772,2001,25145
9772,2002,25447
9772,2003,25529
9772,2004,25080
9772,2005,25089
9772,2006,25328
9772,2007,26060
9772,2008,26678
9772,2009,26450
9772,2010,27365
9772,2011,28408
9772,2012,29121
9772,2013,29613
9772,2014,30420
9772,2015,31048
9772,2016,31460
9772,2017,32429
9772,2018,33183
9772,2019,34188
9772,2020,33832
9773,2001,25204
9773,2002,25683
9773,2003,25858
9773,2004,25830
9773,2005,25908
9773,2006,26195
9773,2007,26969
9773,2008,25736
9773,2009,25947
9773,2010,26790
9773,2011,27561
9773,2012,28608
9773,2013,29185
9773,2014,30028
9773,2015,31087
9773,2016,31706
9773,2017,32175
9773,2018,33379
9773,2019,33998
9773,2020,33934
9774,2001,25089
9774,2002,25609
9774,2003,26021
9774,2004,26133
9774,2005,26433
9774,2006,26646
9774,2007,27259
9774,2008,26977
9774,2009,26649
9774,2010,27779
9774,2011,28766
9774,2012,29541
9774,2013,29849
9774,2014,30731
9774,2015,31546
9774,2016,32280
9774,2017,33114
9774,2018,33837
9774,2019,34731
9774,2020,34396
9775,2001,26900
9775,2002,27371
9775,2003,27823
9775,2004,27930
9775,2005,28089
9775,2006,28621
9775,2007,29029
9775,2008,29547
9775,2009,28586
9775,2010,30096
9775,2011,31049
9775,2012,31871
9775,2013,32290
9775,2014,33184
9775,2015,34076
9775,2016,34986
9775,2017,36058
9775,2018,36639
9775,2019,37440
9775,2020,36920
9776,2001,25538
9776,2002,25767
9776,2003,26261
9776,2004,26801
9776,2005,26869
9776,2006,27061
9776,2007,27505
9776,2008,27926
9776,2009,27870
9776,2010,28589
9776,2011,29664
9776,2012,30606
9776,2013,31553
9776,2014,32592
9776,2015,33429
9776,2016,34532
9776,2017,35250
9776,2018,36114
9776,2019,36969
9776,2020,36431
9777,2001,25221
9777,2002,25925
9777,2003,26005
9777,2004,26387
9777,2005,26633
9777,2006,26933
9777,2007,27742
9777,2008,27339
9777,2009,26987
9777,2010,28108
9777,2011,29225
9777,2012,30411
9777,2013,31177
9777,2014,31979
9777,2015,32421
9777,2016,32880
9777,2017,33757
9777,2018,34931
9777,2019,35848
9777,2020,35229
9778,2001,25435
9778,2002,25899
9778,2003,25998
9778,2004,26294
9778,2005,26356
9778,2006,26421
9778,2007,26961
9778,2008,27224
9778,2009,26962
9778,2010,27794
9778,2011,29387
9778,2012,30331
9778,2013,31189
9778,2014,31736
9778,2015,32857
9778,2016,34052
9778,2017,34778
9778,2018,35818
9778,2019,36630
9778,2020,35832
9779,2001,25672
9779,2002,25981
9779,2003,26111
9779,2004,26878
9779,2005,27154
9779,2006,27858
9779,2007,28338
9779,2008,26892
9779,2009,27517
9779,2010,28194
9779,2011,28817
9779,2012,29896
9779,2013,32933
9779,2014,33684
9779,2015,34561
9779,2016,34678
9779,2017,35872
9779,2018,36697
9779,2019,37649
9779,2020,37330
9780,2001,23910
9780,2002,24784
9780,2003,24814
9780,2004,25118
9780,2005,25284
9780,2006,25315
9780,2007,25875
9780,2008,25970
9780,2009,25577
9780,2010,26447
9780,2011,27444
9780,2012,28026
9780,2013,28449
9780,2014,29575
9780,2015,29786
9780,2016,30289
9780,2017,30843
9780,2018,32140
9780,2019,33026
9780,2020,32636
10041,2001,26356
10041,2002,26552
10041,2003,27018
10041,2004,27102
10041,2005,27205
10041,2006,27382
10041,2007,27880
10041,2008,27604
10041,2009,27303
10041,2010,28415
10041,2011,29548
10041,2012,30295
10041,2013,30900
10041,2014,31605
10041,2015,32253
10041,2016,32703
10041,2017,33547
10041,2018,34488
10041,2019,35160
10041,2020,35047
10042,2001,22714
10042,2002,22672
10042,2003,22869
10042,2004,23044
10042,2005,23037
10042,2006,23310
10042,2007,23801
10042,2008,23748
10042,2009,24401
10042,2010,25251
10042,2011,25209
10042,2012,26133
10042,2013,26568
10042,2014,27289
10042,2015,27547
10042,2016,28075
10042,2017,29266
10042,2018,30652
10042,2019,31107
10042,2020,31095
10043,2001,21912
10043,2002,21963
10043,2003,22088
10043,2004,22410
10043,2005,22354
10043,2006,22533
10043,2007,23114
10043,2008,24047
10043,2009,23859
10043,2010,24376
10043,2011,24889
10043,2012,26056
10043,2013,26169
10043,2014,27630
10043,2015,28193
10043,2016,29232
10043,2017,29043
10043,2018,30215
10043,2019,30845
10043,2020,30270
10044,2001,25609
10044,2002,25256
10044,2003,25633
10044,2004,26018
10044,2005,26335
10044,2006,26285
10044,2007,26216
10044,2008,27120
10044,2009,26293
10044,2010,27437
10044,2011,28265
10044,2012,28360
10044,2013,29682
10044,2014,29974
10044,2015,30481
10044,2016,31410
10044,2017,31748
10044,2018,32245
10044,2019,32739
10044,2020,31894
10045,2001,26672
10045,2002,26771
10045,2003,27054
10045,2004,27457
10045,2005,27796
10045,2006,28257
10045,2007,29041
10045,2008,29027
10045,2009,27938
10045,2010,29172
10045,2011,30789
10045,2012,30910
10045,2013,31966
10045,2014,32347
10045,2015,32845
10045,2016,33372
10045,2017,34239
10045,2018,35819
10045,2019,36446
10045,2020,35992
10046,2001,22000
10046,2002,22192
10046,2003,22502
10046,2004,22632
10046,2005,22845
10046,2006,22983
10046,2007,22864
10046,2008,23405
10046,2009,23603
10046,2010,24809
10046,2011,24229
10046,2012,24938
10046,2013,26508
10046,2014,25643
10046,2015,26637
10046,2016,26930
10046,2017,28373
10046,2018,29991
10046,2019,30690
10046,2020,30845
11000,2001,NA
11000,2002,NA
11000,2003,NA
11000,2004,NA
11000,2005,NA
11000,2006,NA
11000,2007,NA
11000,2008,NA
11000,2009,NA
11000,2010,NA
11000,2011,NA
11000,2012,NA
11000,2013,NA
11000,2014,NA
11000,2015,NA
11000,2016,NA
11000,2017,NA
11000,2018,NA
11000,2019,NA
11000,2020,NA
12051,2001,21801.005755941
12051,2002,22130.0081430222
12051,2003,22267
12051,2004,22375
12051,2005,22638
12051,2006,22641
12051,2007,23045
12051,2008,23740
12051,2009,23811
12051,2010,24293
12051,2011,25835
12051,2012,26240
12051,2013,27061
12051,2014,28107
12051,2015,28810
12051,2016,29362
12051,2017,30141
12051,2018,31918
12051,2019,32656
12051,2020,33118
12052,2001,22037.0401496453
12052,2002,22307.9910137127
12052,2003,22527
12052,2004,22590
12052,2005,22702
12052,2006,22827
12052,2007,23000
12052,2008,23555
12052,2009,23791
12052,2010,24298
12052,2011,25300
12052,2012,25975
12052,2013,26714
12052,2014,27489
12052,2015,28728
12052,2016,29276
12052,2017,30496
12052,2018,31556
12052,2019,32653
12052,2020,33266
12053,2001,21187
12053,2002,21624
12053,2003,21813
12053,2004,22003
12053,2005,22265
12053,2006,22382
12053,2007,22625
12053,2008,23400
12053,2009,23897
12053,2010,24641
12053,2011,25471
12053,2012,25994
12053,2013,26596
12053,2014,26771
12053,2015,28140
12053,2016,29197
12053,2017,29933
12053,2018,30793
12053,2019,31813
12053,2020,32754
12054,2001,23390.9734478572
12054,2002,23883.1181749314
12054,2003,24108
12054,2004,24106
12054,2005,24488
12054,2006,24888
12054,2007,25396
12054,2008,25836
12054,2009,26379
12054,2010,26719
12054,2011,27495
12054,2012,27823
12054,2013,28749
12054,2014,30202
12054,2015,31138
12054,2016,32326
12054,2017,33504
12054,2018,34748
12054,2019,36135
12054,2020,36804
12060,2001,20141
12060,2002,20349
12060,2003,20375
12060,2004,20383
12060,2005,20559
12060,2006,21040
12060,2007,21229
12060,2008,21757
12060,2009,22165
12060,2010,22659
12060,2011,23577
12060,2012,23959
12060,2013,24792
12060,2014,25463
12060,2015,26657
12060,2016,27494
12060,2017,28266
12060,2018,29185
12060,2019,30379
12060,2020,30769
12061,2001,21892
12061,2002,22196
12061,2003,22407
12061,2004,22339
12061,2005,22546
12061,2006,23100
12061,2007,23481
12061,2008,24055
12061,2009,24297
12061,2010,25001
12061,2011,25839
12061,2012,26223
12061,2013,26837
12061,2014,27856
12061,2015,29042
12061,2016,29552
12061,2017,30156
12061,2018,31175
12061,2019,32186
12061,2020,32649
12062,2001,19397
12062,2002,19754
12062,2003,19860
12062,2004,19904
12062,2005,20758
12062,2006,20704
12062,2007,21161
12062,2008,21295
12062,2009,21423
12062,2010,22014
12062,2011,22927
12062,2012,23279
12062,2013,23851
12062,2014,24571
12062,2015,25488
12062,2016,26059
12062,2017,27079
12062,2018,27741
12062,2019,28743
12062,2020,29236
12063,2001,19503.1066109157
12063,2002,19731.1129536134
12063,2003,19945
12063,2004,19771
12063,2005,19714
12063,2006,19990
12063,2007,20216
12063,2008,19888
12063,2009,19466
12063,2010,19759
12063,2011,20608
12063,2012,21188
12063,2013,21920
12063,2014,23217
12063,2015,25691
12063,2016,26430
12063,2017,27356
12063,2018,28065
12063,2019,28720
12063,2020,29388
12064,2001,19846.0060750714
12064,2002,20273.0015054862
12064,2003,20298.0014722504
12064,2004,20325.0010960131
12064,2005,20356.0038036304
12064,2006,20554.0089493042
12064,2007,20949.0050557994
12064,2008,21646.0019764626
12064,2009,22095
12064,2010,22495
12064,2011,23547
12064,2012,23947
12064,2013,24818
12064,2014,25690
12064,2015,26648
12064,2016,27472
12064,2017,28356
12064,2018,29524
12064,2019,30463
12064,2020,31304
12065,2001,21868
12065,2002,22035
12065,2003,21825
12065,2004,21844
12065,2005,22331
12065,2006,22152
12065,2007,22280
12065,2008,23001
12065,2009,23336
12065,2010,24443
12065,2011,25032
12065,2012,25937
12065,2013,27002
12065,2014,27731
12065,2015,28917
12065,2016,29682
12065,2017,30503
12065,2018,31564
12065,2019,32907
12065,2020,32909
12066,2001,20533
12066,2002,20896
12066,2003,21186
12066,2004,21075
12066,2005,21490
12066,2006,21976
12066,2007,22486
12066,2008,22958
12066,2009,23425
12066,2010,23817
12066,2011,24470
12066,2012,24905
12066,2013,25952
12066,2014,26726
12066,2015,28017
12066,2016,28571
12066,2017,29536
12066,2018,30660
12066,2019,31604
12066,2020,32016
12067,2001,21290
12067,2002,21718
12067,2003,21764
12067,2004,21842
12067,2005,22286
12067,2006,22337
12067,2007,22745
12067,2008,23182
12067,2009,23176
12067,2010,23778
12067,2011,24586
12067,2012,25014
12067,2013,25727
12067,2014,26610
12067,2015,27761
12067,2016,28427
12067,2017,29192
12067,2018,30074
12067,2019,31151
12067,2020,31705
12068,2001,20736
12068,2002,21109
12068,2003,21284
12068,2004,21413
12068,2005,21691
12068,2006,21687
12068,2007,21918
12068,2008,22331
12068,2009,22311
12068,2010,22505
12068,2011,23337
12068,2012,23631
12068,2013,24264
12068,2014,25195
12068,2015,26100
12068,2016,26498
12068,2017,27164
12068,2018,28137
12068,2019,29445
12068,2020,30112
12069,2001,21917
12069,2002,22294
12069,2003,22246
12069,2004,22275
12069,2005,22592
12069,2006,22728
12069,2007,23092
12069,2008,23737
12069,2009,23943
12069,2010,24659
12069,2011,25624
12069,2012,26095
12069,2013,26234
12069,2014,26392
12069,2015,27210
12069,2016,27563
12069,2017,28800
12069,2018,29688
12069,2019,30525
12069,2020,31311
12070,2001,18976
12070,2002,19371
12070,2003,19528
12070,2004,19740
12070,2005,19754
12070,2006,19821
12070,2007,20504
12070,2008,20831
12070,2009,21207
12070,2010,21797
12070,2011,22899
12070,2012,23356
12070,2013,23637
12070,2014,24177
12070,2015,25126
12070,2016,26008
12070,2017,26815
12070,2018,27639
12070,2019,28424
12070,2020,28949
12071,2001,20274
12071,2002,20651
12071,2003,20820
12071,2004,21334
12071,2005,21734
12071,2006,21525
12071,2007,22147
12071,2008,22736
12071,2009,23415
12071,2010,23812
12071,2011,24336
12071,2012,24690
12071,2013,25243
12071,2014,26109
12071,2015,27348
12071,2016,28209
12071,2017,28457
12071,2018,28881
12071,2019,29758
12071,2020,30272
12072,2001,21457
12072,2002,22097
12072,2003,22259
12072,2004,22453
12072,2005,22897
12072,2006,23458
12072,2007,24090
12072,2008,24947
12072,2009,25042
12072,2010,25766
12072,2011,26761
12072,2012,27288
12072,2013,28322
12072,2014,29227
12072,2015,30607
12072,2016,31187
12072,2017,31999
12072,2018,32863
12072,2019,33911
12072,2020,33542
12073,2001,20530
12073,2002,20757
12073,2003,20720
12073,2004,20798
12073,2005,21425
12073,2006,21524
12073,2007,21517
12073,2008,22198
12073,2009,22379
12073,2010,22715
12073,2011,23684
12073,2012,24348
12073,2013,25195
12073,2014,25941
12073,2015,27355
12073,2016,27793
12073,2017,28377
12073,2018,28805
12073,2019,30033
12073,2020,30696
13003,2001,22074
13003,2002,22489
13003,2003,22798
13003,2004,22971
13003,2005,23324
13003,2006,23310
13003,2007,23787
13003,2008,24323
13003,2009,25008
13003,2010,25509
13003,2011,26245
13003,2012,27171
13003,2013,27581
13003,2014,28323
13003,2015,29535
13003,2016,30329
13003,2017,31029
13003,2018,32124
13003,2019,33647
13003,2020,33972
13004,2001,21916
13004,2002,22474
13004,2003,22828
13004,2004,22953
13004,2005,23292
13004,2006,23237
13004,2007,23361
13004,2008,23965
13004,2009,24554
13004,2010,24954
13004,2011,25963
13004,2012,27089
13004,2013,27513
13004,2014,28550
13004,2015,29719
13004,2016,30618
13004,2017,31241
13004,2018,32342
13004,2019,33476
13004,2020,34497
13071,2001,NA
13071,2002,NA
13071,2003,NA
13071,2004,NA
13071,2005,NA
13071,2006,NA
13071,2007,NA
13071,2008,NA
13071,2009,NA
13071,2010,NA
13071,2011,23329
13071,2012,24108
13071,2013,24831
13071,2014,25695
13071,2015,26664
13071,2016,27505
13071,2017,28152
13071,2018,29057
13071,2019,30048
13071,2020,30706
13072,2001,NA
13072,2002,NA
13072,2003,NA
13072,2004,NA
13072,2005,NA
13072,2006,NA
13072,2007,NA
13072,2008,NA
13072,2009,NA
13072,2010,NA
13072,2011,21981
13072,2012,22496
13072,2013,23230
13072,2014,24014
13072,2015,25147
13072,2016,26087
13072,2017,26936
13072,2018,27881
13072,2019,29036
13072,2020,29255
13073,2001,NA
13073,2002,NA
13073,2003,NA
13073,2004,NA
13073,2005,NA
13073,2006,NA
13073,2007,NA
13073,2008,NA
13073,2009,NA
13073,2010,NA
13073,2011,22789
13073,2012,23447
13073,2013,23589
13073,2014,24126
13073,2015,25273
13073,2016,26214
13073,2017,27134
13073,2018,28223
13073,2019,29481
13073,2020,29482
13074,2001,NA
13074,2002,NA
13074,2003,NA
13074,2004,NA
13074,2005,NA
13074,2006,NA
13074,2007,NA
13074,2008,NA
13074,2009,NA
13074,2010,NA
13074,2011,23537
13074,2012,24306
13074,2013,24598
13074,2014,25689
13074,2015,26879
13074,2016,27548
13074,2017,28106
13074,2018,29646
13074,2019,30852
13074,2020,30588
13075,2001,NA
13075,2002,NA
13075,2003,NA
13075,2004,NA
13075,2005,NA
13075,2006,NA
13075,2007,NA
13075,2008,NA
13075,2009,NA
13075,2010,NA
13075,2011,22126
13075,2012,22889
13075,2013,23427
13075,2014,24127
13075,2015,25478
13075,2016,26363
13075,2017,27150
13075,2018,28272
13075,2019,29197
13075,2020,29769
13076,2001,NA
13076,2002,NA
13076,2003,NA
13076,2004,NA
13076,2005,NA
13076,2006,NA
13076,2007,NA
13076,2008,NA
13076,2009,NA
13076,2010,NA
13076,2011,21729
13076,2012,22985
13076,2013,23028
13076,2014,23834
13076,2015,24851
13076,2016,25843
13076,2017,26724
13076,2018,27669
13076,2019,28702
13076,2020,29468
14511,2001,NA
14511,2002,NA
14511,2003,NA
14511,2004,NA
14511,2005,NA
14511,2006,NA
14511,2007,NA
14511,2008,22812
14511,2009,23458
14511,2010,24314
14511,2011,25315
14511,2012,26296
14511,2013,26862
14511,2014,27867
14511,2015,28977
14511,2016,29853
14511,2017,30590
14511,2018,31603
14511,2019,33018
14511,2020,33252
14521,2001,NA
14521,2002,NA
14521,2003,NA
14521,2004,NA
14521,2005,NA
14521,2006,NA
14521,2007,NA
14521,2008,19806
14521,2009,20076
14521,2010,20861
14521,2011,21602
14521,2012,22114
14521,2013,22612
14521,2014,23366
14521,2015,24590
14521,2016,25288
14521,2017,26231
14521,2018,27352
14521,2019,28277
14521,2020,28415
14522,2001,NA
14522,2002,NA
14522,2003,NA
14522,2004,NA
14522,2005,NA
14522,2006,NA
14522,2007,NA
14522,2008,21431
14522,2009,21674
14522,2010,22492
14522,2011,23522
14522,2012,24101
14522,2013,24444
14522,2014,25191
14522,2015,26292
14522,2016,26990
14522,2017,27762
14522,2018,28745
14522,2019,29751
14522,2020,30133
14523,2001,NA
14523,2002,NA
14523,2003,NA
14523,2004,NA
14523,2005,NA
14523,2006,NA
14523,2007,NA
14523,2008,21486
14523,2009,21740
14523,2010,22202
14523,2011,23028
14523,2012,23523
14523,2013,23982
14523,2014,24668
14523,2015,25697
14523,2016,26352
14523,2017,27088
14523,2018,27995
14523,2019,29060
14523,2020,29475
14524,2001,NA
14524,2002,NA
14524,2003,NA
14524,2004,NA
14524,2005,NA
14524,2006,NA
14524,2007,NA
14524,2008,22186
14524,2009,22451
14524,2010,23242
14524,2011,24702
14524,2012,25442
14524,2013,26662
14524,2014,27451
14524,2015,28533
14524,2016,29697
14524,2017,30358
14524,2018,30881
14524,2019,32282
14524,2020,32057
14612,2001,NA
14612,2002,NA
14612,2003,NA
14612,2004,NA
14612,2005,NA
14612,2006,NA
14612,2007,NA
14612,2008,26259
14612,2009,26298
14612,2010,27155
14612,2011,27770
14612,2012,28671
14612,2013,29284
14612,2014,30215
14612,2015,31432
14612,2016,32383
14612,2017,33281
14612,2018,34470
14612,2019,35847
14612,2020,36421
14625,2001,NA
14625,2002,NA
14625,2003,NA
14625,2004,NA
14625,2005,NA
14625,2006,NA
14625,2007,NA
14625,2008,21392
14625,2009,21727
14625,2010,22306
14625,2011,22925
14625,2012,23689
14625,2013,24351
14625,2014,24991
14625,2015,25955
14625,2016,26795
14625,2017,27651
14625,2018,28854
14625,2019,29924
14625,2020,30200
14626,2001,NA
14626,2002,NA
14626,2003,NA
14626,2004,NA
14626,2005,NA
14626,2006,NA
14626,2007,NA
14626,2008,20660
14626,2009,21328
14626,2010,21698
14626,2011,22408
14626,2012,23126
14626,2013,23720
14626,2014,24529
14626,2015,25681
14626,2016,26296
14626,2017,27158
14626,2018,27754
14626,2019,28727
14626,2020,29105
14627,2001,NA
14627,2002,NA
14627,2003,NA
14627,2004,NA
14627,2005,NA
14627,2006,NA
14627,2007,NA
14627,2008,23100
14627,2009,23320
14627,2010,24009
14627,2011,24693
14627,2012,25379
14627,2013,25785
14627,2014,26796
14627,2015,28057
14627,2016,28773
14627,2017,29443
14627,2018,30441
14627,2019,31462
14627,2020,31779
14628,2001,NA
14628,2002,NA
14628,2003,NA
14628,2004,NA
14628,2005,NA
14628,2006,NA
14628,2007,NA
14628,2008,20965
14628,2009,21355
14628,2010,21908
14628,2011,22629
14628,2012,23319
14628,2013,23822
14628,2014,24756
14628,2015,25878
14628,2016,26683
14628,2017,27448
14628,2018,28552
14628,2019,29666
14628,2020,29695
14713,2001,NA
14713,2002,NA
14713,2003,NA
14713,2004,NA
14713,2005,NA
14713,2006,NA
14713,2007,NA
14713,2008,24683
14713,2009,25220
14713,2010,25617
14713,2011,26453
14713,2012,26993
14713,2013,27819
14713,2014,28688
14713,2015,30695
14713,2016,31813
14713,2017,32717
14713,2018,33854
14713,2019,35070
14713,2020,35501
14729,2001,NA
14729,2002,NA
14729,2003,NA
14729,2004,NA
14729,2005,NA
14729,2006,NA
14729,2007,NA
14729,2008,21208
14729,2009,21551
14729,2010,22412
14729,2011,23274
14729,2012,23762
14729,2013,24286
14729,2014,25062
14729,2015,26085
14729,2016,26962
14729,2017,27789
14729,2018,28701
14729,2019,29960
14729,2020,30507
14730,2001,NA
14730,2002,NA
14730,2003,NA
14730,2004,NA
14730,2005,NA
14730,2006,NA
14730,2007,NA
14730,2008,21288
14730,2009,21402
14730,2010,22318
14730,2011,23110
14730,2012,24068
14730,2013,24976
14730,2014,25872
14730,2015,27323
14730,2016,28205
14730,2017,29164
14730,2018,30072
14730,2019,31371
14730,2020,32053
15001,2001,NA
15001,2002,NA
15001,2003,NA
15001,2004,NA
15001,2005,NA
15001,2006,NA
15001,2007,21689
15001,2008,22515
15001,2009,23390
15001,2010,24055
15001,2011,25008
15001,2012,25728
15001,2013,26076
15001,2014,27364
15001,2015,28337
15001,2016,29391
15001,2017,30074
15001,2018,31138
15001,2019,32093
15001,2020,32708
15002,2001,NA
15002,2002,NA
15002,2003,NA
15002,2004,NA
15002,2005,NA
15002,2006,NA
15002,2007,22085
15002,2008,22858
15002,2009,23609
15002,2010,24129
15002,2011,24727
15002,2012,25923
15002,2013,26372
15002,2014,27322
15002,2015,28687
15002,2016,29430
15002,2017,30429
15002,2018,31426
15002,2019,32484
15002,2020,33209
15003,2001,NA
15003,2002,NA
15003,2003,NA
15003,2004,NA
15003,2005,NA
15003,2006,NA
15003,2007,21567
15003,2008,22292
15003,2009,23080
15003,2010,23916
15003,2011,24856
15003,2012,26125
15003,2013,26652
15003,2014,27709
15003,2015,28636
15003,2016,29571
15003,2017,30449
15003,2018,31329
15003,2019,32288
15003,2020,33138
15081,2001,NA
15081,2002,NA
15081,2003,NA
15081,2004,NA
15081,2005,NA
15081,2006,NA
15081,2007,19669
15081,2008,20575
15081,2009,20830
15081,2010,21157
15081,2011,21624
15081,2012,22783
15081,2013,23678
15081,2014,24474
15081,2015,25431
15081,2016,26239
15081,2017,26351
15081,2018,27409
15081,2019,28414
15081,2020,28777
15082,2001,NA
15082,2002,NA
15082,2003,NA
15082,2004,NA
15082,2005,NA
15082,2006,NA
15082,2007,22488
15082,2008,23185
15082,2009,22494
15082,2010,23162
15082,2011,24088
15082,2012,24586
15082,2013,24772
15082,2014,25920
15082,2015,26875
15082,2016,27352
15082,2017,28273
15082,2018,29314
15082,2019,30252
15082,2020,30581
15083,2001,NA
15083,2002,NA
15083,2003,NA
15083,2004,NA
15083,2005,NA
15083,2006,NA
15083,2007,21321
15083,2008,21945
15083,2009,22644
15083,2010,23251
15083,2011,24851
15083,2012,25501
15083,2013,26046
15083,2014,27134
15083,2015,28022
15083,2016,28506
15083,2017,29439
15083,2018,30458
15083,2019,31120
15083,2020,31466
15084,2001,NA
15084,2002,NA
15084,2003,NA
15084,2004,NA
15084,2005,NA
15084,2006,NA
15084,2007,20096
15084,2008,20811
15084,2009,21402
15084,2010,22363
15084,2011,23288
15084,2012,24102
15084,2013,24653
15084,2014,25481
15084,2015,26252
15084,2016,27003
15084,2017,27755
15084,2018,28988
15084,2019,30009
15084,2020,30578
15085,2001,NA
15085,2002,NA
15085,2003,NA
15085,2004,NA
15085,2005,NA
15085,2006,NA
15085,2007,20877
15085,2008,21399
15085,2009,21849
15085,2010,22296
15085,2011,22957
15085,2012,23694
15085,2013,24133
15085,2014,25057
15085,2015,25976
15085,2016,26821
15085,2017,27866
15085,2018,28517
15085,2019,29562
15085,2020,29858
15086,2001,NA
15086,2002,NA
15086,2003,NA
15086,2004,NA
15086,2005,NA
15086,2006,NA
15086,2007,19825
15086,2008,20152
15086,2009,21153
15086,2010,22060
15086,2011,23089
15086,2012,23941
15086,2013,24442
15086,2014,25496
15086,2015,26418
15086,2016,27042
15086,2017,27850
15086,2018,29158
15086,2019,30376
15086,2020,30883
15087,2001,NA
15087,2002,NA
15087,2003,NA
15087,2004,NA
15087,2005,NA
15087,2006,NA
15087,2007,19600
15087,2008,20105
15087,2009,20538
15087,2010,21106
15087,2011,21821
15087,2012,22785
15087,2013,23031
15087,2014,23886
15087,2015,24932
15087,2016,25686
15087,2017,26512
15087,2018,27346
15087,2019,27983
15087,2020,28585
15088,2001,NA
15088,2002,NA
15088,2003,NA
15088,2004,NA
15088,2005,NA
15088,2006,NA
15088,2007,22084
15088,2008,23057
15088,2009,23790
15088,2010,24607
15088,2011,25527
15088,2012,26182
15088,2013,26547
15088,2014,27514
15088,2015,28260
15088,2016,29609
15088,2017,30770
15088,2018,31969
15088,2019,33009
15088,2020,33478
15089,2001,NA
15089,2002,NA
15089,2003,NA
15089,2004,NA
15089,2005,NA
15089,2006,NA
15089,2007,20257
15089,2008,20711
15089,2009,21275
15089,2010,21741
15089,2011,22387
15089,2012,23278
15089,2013,23858
15089,2014,24830
15089,2015,26107
15089,2016,26840
15089,2017,27924
15089,2018,29019
15089,2019,30028
15089,2020,30620
15090,2001,NA
15090,2002,NA
15090,2003,NA
15090,2004,NA
15090,2005,NA
15090,2006,NA
15090,2007,19582
15090,2008,20230
15090,2009,20781
15090,2010,21197
15090,2011,21869
15090,2012,22767
15090,2013,23412
15090,2014,24404
15090,2015,25649
15090,2016,26333
15090,2017,27399
15090,2018,28351
15090,2019,29209
15090,2020,29965
15091,2001,NA
15091,2002,NA
15091,2003,NA
15091,2004,NA
15091,2005,NA
15091,2006,NA
15091,2007,19858
15091,2008,20321
15091,2009,21064
15091,2010,21994
15091,2011,22502
15091,2012,23438
15091,2013,24044
15091,2014,25180
15091,2015,26408
15091,2016,27120
15091,2017,27767
15091,2018,28723
15091,2019,29313
15091,2020,30125
16051,2001,21454
16051,2002,22054
16051,2003,22776
16051,2004,22887
16051,2005,23111
16051,2006,23277
16051,2007,23421
16051,2008,23760
16051,2009,24223
16051,2010,24759
16051,2011,25323
16051,2012,26427
16051,2013,27253
16051,2014,28488
16051,2015,29498
16051,2016,30618
16051,2017,31517
16051,2018,32635
16051,2019,33588
16051,2020,33978
16052,2001,19578
16052,2002,20186
16052,2003,20233
16052,2004,20534
16052,2005,20407
16052,2006,20392
16052,2007,20364
16052,2008,21041
16052,2009,21691
16052,2010,21984
16052,2011,22912
16052,2012,24126
16052,2013,24955
16052,2014,26151
16052,2015,27753
16052,2016,28424
16052,2017,29392
16052,2018,30061
16052,2019,31056
16052,2020,31370
16053,2001,23180
16053,2002,24120
16053,2003,24728
16053,2004,24910
16053,2005,25463
16053,2006,25543
16053,2007,25548
16053,2008,25446
16053,2009,26099
16053,2010,26643
16053,2011,27275
16053,2012,28392
16053,2013,29419
16053,2014,30500
16053,2015,31511
16053,2016,32559
16053,2017,33836
16053,2018,34806
16053,2019,36224
16053,2020,36490
16054,2001,20523.6037265441
16054,2002,21211.2796804951
16054,2003,21601.2419572821
16054,2004,21319.8316554363
16054,2005,21386.9613148628
16054,2006,21138.2932873775
16054,2007,21595.971448959
16054,2008,22067.4428757614
16054,2009,22470.1799108144
16054,2010,22820.2372355944
16054,2011,23472.7058722808
16054,2012,24433.267802215
16054,2013,25098.3479991478
16054,2014,26273.8183977291
16054,2015,27112.5567509843
16054,2016,28125.5248557434
16054,2017,29081.6734807935
16054,2018,29722.4952809021
16054,2019,30483
16054,2020,30854
16055,2001,21333
16055,2002,21672
16055,2003,21963
16055,2004,22365
16055,2005,22668
16055,2006,22551
16055,2007,22548
16055,2008,22987
16055,2009,23518
16055,2010,24318
16055,2011,24499
16055,2012,25404
16055,2013,26234
16055,2014,27244
16055,2015,28082
16055,2016,28876
16055,2017,30144
16055,2018,30997
16055,2019,31597
16055,2020,31830
16061,2001,19054
16061,2002,19485
16061,2003,19812
16061,2004,19850
16061,2005,19956
16061,2006,20127
16061,2007,20233
16061,2008,20799
16061,2009,20642
16061,2010,21041
16061,2011,21720
16061,2012,22510
16061,2013,23402
16061,2014,24267
16061,2015,25285
16061,2016,26072
16061,2017,26826
16061,2018,28044
16061,2019,29048
16061,2020,28698
16062,2001,19860
16062,2002,20152
16062,2003,20273
16062,2004,20544
16062,2005,20702
16062,2006,21101
16062,2007,21370
16062,2008,21764
16062,2009,22394
16062,2010,22649
16062,2011,23358
16062,2012,23883
16062,2013,24657
16062,2014,25696
16062,2015,26631
16062,2016,27438
16062,2017,28149
16062,2018,29006
16062,2019,29916
16062,2020,29977
16063,2001,20128.8817512229
16063,2002,20774.6274558977
16063,2003,21212.39643422
16063,2004,21236.5823672658
16063,2005,21447.8869712492
16063,2006,22038.1636872107
16063,2007,22396.9753146277
16063,2008,23467.6453652954
16063,2009,23076.6148596894
16063,2010,23811.3676946946
16063,2011,25230.8882470368
16063,2012,26166.2615163022
16063,2013,26754.877960003
16063,2014,27856.300035114
16063,2015,28548.8845519172
16063,2016,29110.0367861756
16063,2017,30312.7284261085
16063,2018,31333.1707258417
16063,2019,32124.4972101674
16063,2020,31604.5
16064,2001,19221
16064,2002,19548
16064,2003,19956
16064,2004,20242
16064,2005,20464
16064,2006,20578
16064,2007,20712
16064,2008,21406
16064,2009,21525
16064,2010,22170
16064,2011,22853
16064,2012,23313
16064,2013,23860
16064,2014,24216
16064,2015,25208
16064,2016,25961
16064,2017,26716
16064,2018,27450
16064,2019,28365
16064,2020,28416
16065,2001,19157
16065,2002,19550
16065,2003,20198
16065,2004,20337
16065,2005,20485
16065,2006,20664
16065,2007,21173
16065,2008,22829
16065,2009,23321
16065,2010,23937
16065,2011,24951
16065,2012,25024
16065,2013,25403
16065,2014,26834
16065,2015,27905
16065,2016,28397
16065,2017,29476
16065,2018,30581
16065,2019,31600
16065,2020,32265
16066,2001,18598.8065531791
16066,2002,19016.9254657043
16066,2003,19468.8429631817
16066,2004,19691.789747752
16066,2005,19859.8104376333
16066,2006,20114.0182694392
16066,2007,20414.1527481106
16066,2008,20930.6885816696
16066,2009,20978.3485872774
16066,2010,21824.3260557104
16066,2011,22611.962197132
16066,2012,23364.1074410805
16066,2013,24015.9969663638
16066,2014,24972.0179645471
16066,2015,25924.8032573843
16066,2016,26564.2307748558
16066,2017,27505.164954065
16066,2018,28189.3763851236
16066,2019,28763
16066,2020,28484
16067,2001,19137
16067,2002,19523
16067,2003,19922
16067,2004,20279
16067,2005,20465
16067,2006,20748
16067,2007,21156
16067,2008,22186
16067,2009,22312
16067,2010,23157
16067,2011,23950
16067,2012,24685
16067,2013,25500
16067,2014,26663
16067,2015,27344
16067,2016,28118
16067,2017,29150
16067,2018,29965
16067,2019,30841
16067,2020,31021
16068,2001,19274
16068,2002,19612
16068,2003,19799
16068,2004,19982
16068,2005,19848
16068,2006,20038
16068,2007,20754
16068,2008,21243
16068,2009,20692
16068,2010,20871
16068,2011,21684
16068,2012,23035
16068,2013,23991
16068,2014,24500
16068,2015,26032
16068,2016,26797
16068,2017,28124
16068,2018,28774
16068,2019,29843
16068,2020,29692
16069,2001,18924
16069,2002,19261
16069,2003,19587
16069,2004,19673
16069,2005,19882
16069,2006,19916
16069,2007,20582
16069,2008,21026
16069,2009,20893
16069,2010,21494
16069,2011,22298
16069,2012,22910
16069,2013,23523
16069,2014,24591
16069,2015,25552
16069,2016,26608
16069,2017,27597
16069,2018,28188
16069,2019,29337
16069,2020,28756
16070,2001,19587
16070,2002,20026
16070,2003,20410
16070,2004,20499
16070,2005,20674
16070,2006,21346
16070,2007,21576
16070,2008,22372
16070,2009,22600
16070,2010,22998
16070,2011,23989
16070,2012,25375
16070,2013,26100
16070,2014,26137
16070,2015,27572
16070,2016,28134
16070,2017,29060
16070,2018,29862
16070,2019,30976
16070,2020,31257
16071,2001,19270
16071,2002,19949
16071,2003,20635
16071,2004,20627
16071,2005,20794
16071,2006,20951
16071,2007,21332
16071,2008,22216
16071,2009,22333
16071,2010,22834
16071,2011,23913
16071,2012,24576
16071,2013,25014
16071,2014,25803
16071,2015,26898
16071,2016,27448
16071,2017,28082
16071,2018,29073
16071,2019,29888
16071,2020,30534
16072,2001,18192.1151336293
16072,2002,18548.9993108663
16072,2003,19209.8079321906
16072,2004,19282.0364403083
16072,2005,19437.1925458502
16072,2006,19697.1150202772
16072,2007,20772.296901422
16072,2008,20693.1597655239
16072,2009,20623.4141113398
16072,2010,21237.1344303351
16072,2011,21993.9129312174
16072,2012,22829.0592415609
16072,2013,23685.7583179389
16072,2014,24574.0955192372
16072,2015,25469.0198628424
16072,2016,26335.6072631201
16072,2017,26958.3748998331
16072,2018,27914.1211805967
16072,2019,28293
16072,2020,29015
16073,2001,19380
16073,2002,19654
16073,2003,20078
16073,2004,20437
16073,2005,20763
16073,2006,20968
16073,2007,21111
16073,2008,22061
16073,2009,22374
16073,2010,22638
16073,2011,23166
16073,2012,24038
16073,2013,24584
16073,2014,25889
16073,2015,26753
16073,2016,27292
16073,2017,28100
16073,2018,29059
16073,2019,30200
16073,2020,30338
16074,2001,19285
16074,2002,19186
16074,2003,19511
16074,2004,19680
16074,2005,19833
16074,2006,20166
16074,2007,20491
16074,2008,20932
16074,2009,21059
16074,2010,22152
16074,2011,23251
16074,2012,23693
16074,2013,24324
16074,2014,24976
16074,2015,26009
16074,2016,26697
16074,2017,27791
16074,2018,28712
16074,2019,28965
16074,2020,29424
16075,2001,18076
16075,2002,18390
16075,2003,18727
16075,2004,19032
16075,2005,19050
16075,2006,19319
16075,2007,19781
16075,2008,20145
16075,2009,20366
16075,2010,20779
16075,2011,21820
16075,2012,22675
16075,2013,23248
16075,2014,23919
16075,2015,24908
16075,2016,25569
16075,2017,26603
16075,2018,27543
16075,2019,28144
16075,2020,28077
16076,2001,18757
16076,2002,19102
16076,2003,19293
16076,2004,19530
16076,2005,19506
16076,2006,19830
16076,2007,20245
16076,2008,20875
16076,2009,20905
16076,2010,21724
16076,2011,22378
16076,2012,22719
16076,2013,23456
16076,2014,24530
16076,2015,25359
16076,2016,26133
16076,2017,27108
16076,2018,27894
16076,2019,28783
16076,2020,29056
16077,2001,18355
16077,2002,18821
16077,2003,19126
16077,2004,19235
16077,2005,19326
16077,2006,20006
16077,2007,20099
16077,2008,20564
16077,2009,20620
16077,2010,20994
16077,2011,21640
16077,2012,22403
16077,2013,23037
16077,2014,23873
16077,2015,24999
16077,2016,25608
16077,2017,26696
16077,2018,27695
16077,2019,28586
16077,2020,28807
1001,2021,32743
1002,2021,36906
1003,2021,35560
1004,2021,34031
1051,2021,31188
1053,2021,32530
1054,2021,30655
1055,2021,29939
1056,2021,34893
1057,2021,28415
1058,2021,31674
1059,2021,29125
1060,2021,35339
1061,2021,31500
1062,2021,35500
3101,2021,41117
3102,2021,42931
3103,2021,61200
3151,2021,32268
3153,2021,32511
3154,2021,31778
3155,2021,32504
3157,2021,30950
3158,2021,31584
3159,2021,35053
3241,2021,39382
3251,2021,30166
3252,2021,35639
3254,2021,34474
3255,2021,35155
3256,2021,31902
3257,2021,31196
3351,2021,33738
3352,2021,29313
3353,2021,31495
3354,2021,28834
3355,2021,32779
3356,2021,29761
3357,2021,30965
3358,2021,31850
3359,2021,32202
3360,2021,30357
3361,2021,33496
3401,2021,29402
3402,2021,38080
3403,2021,36203
3404,2021,35192
3405,2021,34890
3451,2021,31853
3452,2021,28622
3453,2021,29591
3454,2021,32608
3455,2021,31133
3456,2021,30411
3457,2021,28899
3458,2021,28869
3459,2021,31020
3460,2021,31545
3461,2021,36571
3462,2021,28522
4011,2021,38673
4012,2021,38126
5111,2021,47641
5112,2021,38834
5113,2021,40591
5114,2021,40048
5116,2021,35127
5117,2021,39977
5119,2021,34255
5120,2021,38382
5122,2021,35936
5124,2021,37535
5154,2021,31011
5158,2021,42038
5162,2021,39198
5166,2021,32089
5170,2021,32469
5314,2021,44552
5315,2021,43868
5316,2021,44099
5334,2021,37268
5358,2021,33773
5362,2021,36252
5366,2021,32873
5370,2021,31265
5374,2021,36490
5378,2021,34648
5382,2021,33132
5512,2021,32143
5513,2021,36793
5515,2021,39247
5554,2021,32625
5558,2021,31494
5562,2021,33232
5566,2021,32849
5570,2021,34926
5711,2021,36734
5754,2021,37313
5758,2021,34595
5762,2021,30764
5766,2021,35364
5770,2021,35355
5774,2021,34358
5911,2021,36592
5913,2021,38064
5914,2021,36717
5915,2021,33457
5916,2021,34452
5954,2021,35563
5958,2021,33670
5962,2021,36659
5966,2021,35271
5970,2021,36925
5974,2021,34746
5978,2021,34121
6411,2021,48055
6412,2021,51604
6413,2021,40545
6414,2021,44238
6431,2021,36572
6432,2021,36571
6433,2021,41996
6434,2021,47082
6435,2021,37870
6436,2021,48030
6437,2021,33113
6438,2021,41703
6439,2021,35896
6440,2021,37739
6531,2021,37342
6532,2021,37977
6533,2021,36301
6534,2021,37555
6535,2021,33525
6611,2021,39399
6631,2021,37357
6632,2021,39039
6633,2021,39915
6634,2021,36609
6635,2021,36269
6636,2021,32726
7111,2021,39045
7131,2021,31968
7132,2021,32099
7133,2021,32579
7134,2021,31037
7135,2021,30101
7137,2021,33516
7138,2021,34124
7140,2021,33567
7141,2021,34105
7143,2021,32365
7211,2021,34812
7231,2021,31515
7232,2021,33581
7233,2021,31604
7235,2021,28168
7311,2021,39365
7312,2021,36100
7313,2021,33562
7314,2021,48874
7315,2021,40513
7316,2021,31728
7317,2021,32863
7318,2021,36826
7319,2021,34473
7320,2021,36757
7331,2021,30773
7332,2021,29297
7333,2021,32660
7334,2021,39956
7335,2021,30044
7336,2021,29168
7337,2021,32649
7338,2021,30199
7339,2021,39091
7340,2021,27723
8111,2021,50337
8115,2021,50137
8116,2021,42485
8117,2021,37777
8118,2021,43714
8119,2021,37831
8121,2021,40258
8125,2021,44477
8126,2021,42642
8127,2021,37260
8128,2021,36313
8135,2021,39738
8136,2021,41003
8211,2021,39053
8212,2021,45272
8215,2021,38414
8216,2021,40035
8221,2021,42650
8222,2021,45002
8225,2021,33787
8226,2021,41362
8231,2021,36566
8235,2021,35685
8236,2021,36984
8237,2021,36934
8311,2021,38310
8315,2021,33891
8316,2021,35055
8317,2021,35854
8325,2021,37462
8326,2021,37430
8327,2021,39326
8335,2021,35690
8336,2021,36112
8337,2021,33528
8415,2021,38161
8416,2021,37154
8417,2021,36230
8421,2021,42511
8425,2021,36480
8426,2021,41237
8435,2021,42657
8436,2021,35679
8437,2021,35416
9161,2021,52602
9162,2021,52572
9163,2021,37709
9171,2021,43117
9172,2021,34277
9173,2021,35912
9174,2021,35515
9175,2021,38347
9176,2021,37131
9177,2021,34589
9178,2021,42161
9179,2021,37452
9180,2021,33012
9181,2021,37968
9182,2021,36615
9183,2021,34681
9184,2021,53558
9185,2021,35614
9186,2021,41014
9187,2021,35548
9188,2021,44690
9189,2021,37405
9190,2021,38036
9261,2021,36328
9262,2021,37430
9263,2021,35497
9271,2021,36193
9272,2021,30709
9273,2021,34275
9274,2021,36699
9275,2021,31478
9276,2021,32238
9277,2021,32434
9278,2021,32144
9279,2021,44197
9361,2021,38112
9362,2021,43568
9363,2021,32803
9371,2021,35541
9372,2021,31965
9373,2021,36402
9374,2021,33881
9375,2021,35516
9376,2021,33730
9377,2021,34523
9461,2021,36581
9462,2021,37816
9463,2021,45816
9464,2021,33310
9471,2021,33062
9472,2021,32922
9473,2021,32011
9474,2021,36818
9475,2021,36063
9476,2021,32918
9477,2021,35691
9478,2021,33896
9479,2021,35698
9561,2021,37707
9562,2021,51200
9563,2021,40464
9564,2021,43839
9565,2021,35922
9571,2021,32826
9572,2021,40930
9573,2021,32431
9574,2021,35673
9575,2021,31857
9576,2021,33992
9577,2021,33167
9661,2021,38329
9662,2021,45120
9663,2021,37668
9671,2021,36720
9672,2021,32543
9673,2021,35399
9674,2021,32530
9675,2021,34141
9676,2021,34570
9677,2021,38973
9678,2021,31744
9679,2021,34646
9761,2021,40250
9762,2021,34587
9763,2021,36638
9764,2021,37515
9771,2021,32891
9772,2021,35192
9773,2021,35199
9774,2021,35842
9775,2021,38079
9776,2021,37361
9777,2021,36859
9778,2021,37253
9779,2021,38501
9780,2021,33833
10041,2021,35937
10042,2021,32001
10043,2021,31285
10044,2021,32711
10045,2021,37274
10046,2021,31868
12051,2021,34474
12052,2021,33919
12053,2021,32976
12054,2021,38053
12060,2021,31723
12061,2021,33448
12062,2021,30357
12063,2021,30637
12064,2021,32027
12065,2021,33896
12066,2021,32821
12067,2021,32868
12068,2021,31094
12069,2021,32669
12070,2021,29851
12071,2021,31224
12072,2021,34962
12073,2021,31588
13003,2021,34882
13004,2021,35434
13071,2021,31695
13072,2021,30258
13073,2021,30564
13074,2021,31634
13075,2021,30560
13076,2021,30210
14511,2021,34139
14521,2021,29392
14522,2021,31018
14523,2021,30361
14524,2021,33145
14612,2021,37661
14625,2021,31014
14626,2021,29792
14627,2021,32931
14628,2021,31007
14713,2021,36438
14729,2021,31461
14730,2021,32956
15001,2021,33853
15002,2021,34202
15003,2021,34048
15081,2021,29707
15082,2021,31476
15083,2021,32665
15084,2021,31320
15085,2021,31058
15086,2021,31913
15087,2021,29661
15088,2021,34776
15089,2021,31641
15090,2021,31005
15091,2021,31022
16051,2021,35022
16052,2021,32505
16053,2021,38212
16054,2021,31614
16055,2021,32725
16056,2021,31990
16061,2021,29775
16062,2021,31015
16063,2021,33719
16064,2021,29575
16065,2021,32966
16066,2021,29660
16067,2021,32044
16068,2021,30369
16069,2021,30103
16070,2021,32411
16071,2021,31627
16072,2021,30178
16073,2021,31091
16074,2021,30459
16075,2021,29048
16076,2021,30107
16077,2021,29717
