county,year,Arbeitslosenquote_inkar,Zuzugsrate_inkar,Fortzugsrate_inkar,Haushaltseinkommen_inkar,Asylbewerber_inkar
1001,1998,14.6,70.15,78.3,,
1001,1999,13,74.71,75.57,,
1001,2000,11.84,74.44,74.89,1178.74,
1001,2001,12.12,73.19,68.87,1202.25,
1001,2002,12.09,75.68,71.07,1200.55,
1001,2003,13.68,80.22,70.12,1219.32,
1001,2004,14.02,82.87,75.25,1212.81,
1001,2005,18.28,76.49,70.63,1269.74,
1001,2006,15.39,80.57,72.56,1311.96,
1001,2007,12.5,82.35,67.6,1357.65,
1001,2008,11.46,83.04,70.35,1347.27,
1001,2009,12.94,75.08,75.84,1346.54,
1001,2010,12.7,76.13,72.16,1331.17,1.17
1001,2011,11.89,87.28,77.89,1457.59,1.84
1001,2012,11.34,91.51,82.5,1491.13,2.02
1001,2013,11.1,91.71,83.12,1493.48,2.88
1001,2014,10.55,96.3,84.95,1491.99,4.92
1001,2015,9.96,100.88,84.29,1507.52,13.44
1001,2016,9.03,107.67,89.06,1487.67,12.62
1001,2017,8.95,99.32,85,1509.8,6.26
1001,2018,8.31,99.84,85,1553.89,5.62
1001,2019,7.96,98.74,89.16,1588.66,5.27
1001,2020,9.06,84.6,84.24,,4.78
1001,1995,,73.41,79.93,,
1001,1996,,67.84,74.79,,
1001,1997,,66.88,78.47,,
1002,1998,13.9,54.22,65.94,,
1002,1999,12.88,55.63,69.2,,
1002,2000,11.31,61.81,65.11,1187,
1002,2001,11.12,62.28,61.89,1224.02,
1002,2002,11.69,69.1,63.31,1225.67,
1002,2003,13.42,61.7,61.23,1259.87,
1002,2004,13.61,65.49,62.77,1262.26,
1002,2005,16.9,63.54,57.52,1293.39,
1002,2006,14.73,65.69,60.44,1307.05,
1002,2007,12.63,66.3,58.93,1335.76,
1002,2008,11.39,63.38,59.69,1356.87,
1002,2009,10.9,62.59,58.36,1364.78,
1002,2010,10.75,63,57.05,1369.7,1.62
1002,2011,11.06,69.93,58.91,1414.79,1.69
1002,2012,10.12,69.27,59.33,1444.68,2.48
1002,2013,10.2,67.71,60.26,1486.06,3.05
1002,2014,10.08,69.67,63.5,1465.81,5.48
1002,2015,9.87,78.81,66.66,1495.32,4.95
1002,2016,9.66,80.47,71.35,1524.34,10.18
1002,2017,9.08,63.51,61.95,1544.33,5.41
1002,2018,8.18,64.05,63.31,1606.34,5.3
1002,2019,7.59,59.3,62.22,1659.68,5.49
1002,2020,8.48,60.69,59.7,,5.37
1002,1995,,62.5,63.04,,
1002,1996,,54.54,62.94,,
1002,1997,,54.89,66.2,,
1003,1998,13.41,55.23,58.55,,
1003,1999,13.42,58.97,59.1,,
1003,2000,12.6,57.37,54.36,1205.55,
1003,2001,12.26,60.71,57.05,1248,
1003,2002,12.62,60.67,57.75,1266.73,
1003,2003,13.68,56.84,55.19,1326.17,
1003,2004,13.98,55.11,55.42,1349.45,
1003,2005,18.31,55.07,51.69,1378.74,
1003,2006,15.23,50,49.68,1393.92,
1003,2007,13.12,52.73,47.49,1409.5,
1003,2008,12.22,50.57,49.95,1422.73,
1003,2009,12.29,57.17,58.27,1424.41,
1003,2010,11.17,53.17,47.2,1416.99,0.96
1003,2011,11.01,54.59,48.15,1444.91,1.29
1003,2012,10.42,54.9,46.23,1481.65,1.72
1003,2013,10.4,56.99,46.73,1489.36,2.78
1003,2014,10.13,57.95,48.03,1507.65,4.95
1003,2015,9.9,60.18,47.54,1572.58,14
1003,2016,9.07,65.08,59.8,1579.43,10.71
1003,2017,8.6,47.97,46.27,1639.28,5.88
1003,2018,7.78,55.42,47.51,1697.02,5.71
1003,2019,7.28,51.35,49.94,1755.01,5.59
1003,2020,8.14,49.69,47.75,,5.79
1003,1995,,51.31,46.74,,
1003,1996,,48.19,50.67,,
1003,1997,,52.22,50.89,,
1004,1998,13.45,42.39,47.92,,
1004,1999,13.39,53.2,57.86,,
1004,2000,12.2,51.61,55.39,1237.31,
1004,2001,11.79,58.06,58.6,1296.23,
1004,2002,12.07,56.51,54.88,1273.2,
1004,2003,13.4,47.31,51.23,1286.54,
1004,2004,13.52,48.14,50.19,1260.77,
1004,2005,15.65,44.09,46.89,1296.05,
1004,2006,14.36,44.33,43.78,1315.24,
1004,2007,11.63,44.55,46.07,1344.6,
1004,2008,11,46.01,49.26,1356.21,
1004,2009,11.33,49.55,48.45,1358.52,
1004,2010,11.47,58.66,55.58,1352.76,5.21
1004,2011,11.23,69,63.5,1375.46,5.03
1004,2012,11.03,77.69,77.27,1422.11,3.7
1004,2013,11.1,97.56,92.46,1448.35,5.45
1004,2014,10.92,140.61,130.1,1488.98,7.91
1004,2015,10.23,187.57,164.4,1489.35,70.31
1004,2016,9.56,139.9,133.9,1551.41,15.84
1004,2017,9.21,80.37,79.35,1546.79,20.27
1004,2018,8.34,80.43,73.04,1601.54,19.85
1004,2019,7.9,83.87,72.05,1640.46,20.96
1004,2020,8.92,67.24,66.08,,22.84
1004,1995,,42.63,40.44,,
1004,1996,,40.28,41.18,,
1004,1997,,38.77,43.58,,
1051,1998,10.7,34.6,28.25,,
1051,1999,10.02,33.68,29.57,,
1051,2000,8.99,32.34,29.91,1165.73,
1051,2001,9.25,31.58,28.28,1216.41,
1051,2002,9.2,31.3,28.83,1220.31,
1051,2003,10.5,30.86,28.31,1269.66,
1051,2004,11.14,31.18,28.59,1310.53,
1051,2005,13.74,29.79,27.94,1335.31,
1051,2006,11.78,28.61,27.86,1354.74,
1051,2007,10.01,28.79,27.94,1391.43,
1051,2008,9.66,29.07,29.43,1435.3,
1051,2009,9.64,31.47,30.25,1436.27,
1051,2010,8.48,31.06,30.37,1463.32,1.58
1051,2011,8.45,32.83,32.63,1533.62,1.61
1051,2012,8.04,35.25,34.01,1581.76,2.12
1051,2013,7.6,37.81,34.49,1623.89,2.98
1051,2014,7.38,39.83,34.94,1671.9,5
1051,2015,7.34,43.06,34.92,1738.2,14.06
1051,2016,7.19,52.95,43.85,1770.79,11.89
1051,2017,6.83,42.38,37.74,1855.27,5.6
1051,2018,6.27,41.93,37.04,1910.38,5.24
1051,2019,5.49,42.3,36.54,1997.36,4.73
1051,2020,6.09,38.7,32.68,,5.07
1051,1995,,38.59,32.89,,
1051,1996,,40.81,28.92,,
1051,1997,,35.25,28.49,,
1053,1998,8.32,51.24,41.5,,
1053,1999,8,53.75,41.74,,
1053,2000,7.54,51.71,38.86,1393.37,
1053,2001,7.7,49.87,39.33,1446.2,
1053,2002,7.74,51.27,38.09,1434.62,
1053,2003,8.6,47.4,38.85,1472.31,
1053,2004,8.86,46.82,39.89,1487.36,
1053,2005,9.7,43.45,38.78,1528.24,
1053,2006,8.34,42.16,37.7,1542.72,
1053,2007,7.19,42.23,38.86,1574.54,
1053,2008,6.47,42.92,40.82,1614.27,
1053,2009,6.71,44.11,42.22,1641.95,
1053,2010,6.4,44.7,40.06,1659.36,1.59
1053,2011,6.22,48.23,42.06,1716.63,1.76
1053,2012,6.19,49.18,43.07,1772.32,2.04
1053,2013,6.2,53.39,44.89,1760.47,2.4
1053,2014,6.05,53.5,42.28,1784.14,3.28
1053,2015,5.83,57.95,42.8,1825.17,8.52
1053,2016,5.66,57.79,54.33,1865.76,10.85
1053,2017,5.47,51.55,43.24,2155.69,5.54
1053,2018,4.97,52.16,43.35,2236.12,5.13
1053,2019,4.68,50.21,42.77,2290.47,4.95
1053,2020,5.47,48.28,39.25,,5.8
1053,1995,,54.73,41.9,,
1053,1996,,53.97,40.76,,
1053,1997,,54.42,42.95,,
1054,1998,9.19,41.59,35.91,,
1054,1999,8.13,41.85,36.81,,
1054,2000,7.4,39.6,37.15,1204.18,
1054,2001,7.66,39.25,34.09,1251.36,
1054,2002,7.91,40.23,35.38,1243.35,
1054,2003,9.1,40.9,35.5,1295.11,
1054,2004,9.22,38.22,35.51,1319.77,
1054,2005,10.12,38.21,33.69,1376.4,
1054,2006,9.96,36.56,35.5,1430.28,
1054,2007,8.47,38.21,35.54,1485.83,
1054,2008,7.94,37.58,37.31,1548.53,
1054,2009,7.87,39.08,38.36,1562.07,
1054,2010,7.45,39.68,37.21,1592.23,0.51
1054,2011,7.53,40.58,38.73,1685.21,0.61
1054,2012,6.96,39.44,41.81,1731.16,1.52
1054,2013,6.6,42.83,40.24,1800.59,2.62
1054,2014,6.37,46.66,41.6,1880.63,3.36
1054,2015,5.96,61.33,46.08,1944.34,9.46
1054,2016,6.12,64.38,59.94,1989.39,8.91
1054,2017,6.14,50.33,43.3,2077.59,4.35
1054,2018,5.3,49.25,43.61,2150.34,4.76
1054,2019,4.77,50.62,42.34,2213.29,4.81
1054,2020,5.3,48.54,36.57,,5.09
1054,1995,,48.19,38.74,,
1054,1996,,47.25,37.45,,
1054,1997,,44.43,37.05,,
1055,1998,10.21,48.14,40.16,,
1055,1999,9.57,47.7,38.61,,
1055,2000,9.03,45.53,38.53,1254.31,
1055,2001,8.71,46.62,37.7,1297.72,
1055,2002,8.61,47.26,38.46,1302.39,
1055,2003,9.57,45.57,38.15,1366.92,
1055,2004,9.64,46.1,40.25,1394.85,
1055,2005,11.29,43.29,36.44,1418.05,
1055,2006,9.75,43.09,38.49,1424.81,
1055,2007,8.78,40.82,36.97,1444.1,
1055,2008,7.96,40.28,37.4,1478.96,
1055,2009,8,42.11,37.6,1496.63,
1055,2010,7.36,41.95,38.85,1520.4,1.06
1055,2011,6.98,42.51,39.74,1623.65,1.26
1055,2012,6.54,44.76,38.62,1675.65,1.8
1055,2013,6.5,48.34,41.5,1689.29,2.56
1055,2014,6.4,49.23,40.69,1733.27,4.46
1055,2015,6.13,54.57,41.25,1764.51,12.74
1055,2016,5.85,54.78,48.76,1809.06,9.25
1055,2017,5.58,47.92,42.07,1877.93,4.91
1055,2018,5.14,50.23,42.62,1953.32,4.69
1055,2019,4.98,50.06,42.72,2023.76,4.71
1055,2020,5.46,49.83,37.5,,5.78
1055,1995,,51.38,42.93,,
1055,1996,,47.63,39.96,,
1055,1997,,47.26,39.51,,
1056,1998,8.42,48,42.08,,
1056,1999,8.23,47.39,41.49,,
1056,2000,7.68,46.24,38.53,1484.32,
1056,2001,7.45,46.85,37.84,1539.24,
1056,2002,7.93,45.3,38.45,1522.17,
1056,2003,8.77,43.66,37.91,1567.52,
1056,2004,8.66,44.5,38.48,1566.04,
1056,2005,10.14,42.08,36.76,1598.72,
1056,2006,8.19,41.62,36.22,1604.98,
1056,2007,6.78,40.6,35.95,1625.24,
1056,2008,5.97,42.57,39.9,1666.19,
1056,2009,6.16,44.81,39.53,1689.17,
1056,2010,6.07,43.82,38.1,1712.38,1.59
1056,2011,5.64,48.8,40.92,1809.69,1.76
1056,2012,5.47,49.25,41.64,1861.56,2.04
1056,2013,5.4,52.36,42.57,1868.28,2.9
1056,2014,5.44,54.23,43.35,1871.82,4.69
1056,2015,5.17,58.41,45.31,1918.52,12.58
1056,2016,5.17,57.53,54.18,1954.04,9.88
1056,2017,5.03,53,44.5,1978.19,5.63
1056,2018,4.65,53.75,46.13,2050.79,5.16
1056,2019,4.52,54.93,46.86,2113.69,4.59
1056,2020,5.36,48.16,42.24,,4.71
1056,1995,,49.96,43.38,,
1056,1996,,49.78,41.57,,
1056,1997,,47.36,42.35,,
1057,1998,8.92,57.38,43.86,,
1057,1999,8.38,49.96,39.72,,
1057,2000,7.33,48.02,39.57,1233.65,
1057,2001,7.47,47.18,39.79,1289.2,
1057,2002,7.69,47.22,39.18,1292.71,
1057,2003,8.93,45.22,37.7,1333.91,
1057,2004,9.16,44.59,39.27,1352.83,
1057,2005,9.79,41.13,36.59,1370.14,
1057,2006,8.97,39.77,37.53,1375.24,
1057,2007,7.57,38.78,36.8,1391.25,
1057,2008,6.96,39.56,39.73,1431.64,
1057,2009,6.76,40.65,38.87,1451.19,
1057,2010,6.31,40.35,38.39,1481.9,1.2
1057,2011,6.12,41.79,43.16,1621.4,1.25
1057,2012,5.73,45.3,44.77,1679.69,1.52
1057,2013,5.6,46,41.63,1704.02,2.2
1057,2014,5.69,48,42.15,1735.66,3.94
1057,2015,5.51,57.17,41.31,1758.48,11.7
1057,2016,5.36,57.04,51.41,1828.32,10.61
1057,2017,5.04,49.15,43.97,1854.38,5.01
1057,2018,4.47,47.76,44.56,1923.67,4.24
1057,2019,4.04,46.07,41.16,1999.51,4.25
1057,2020,4.72,45.74,35.69,,4.56
1057,1995,,320.47,312.97,,
1057,1996,,66.46,50.96,,
1057,1997,,65.59,49.17,,
1058,1998,9.57,48.96,40.88,,
1058,1999,8.97,49.36,40.62,,
1058,2000,7.69,47.78,40.27,1288.08,
1058,2001,7.42,45.57,38.86,1348.04,
1058,2002,7.37,45.11,40.12,1344.7,
1058,2003,7.97,41.84,38.63,1386.78,
1058,2004,7.83,40.76,39.14,1403.54,
1058,2005,9.61,38.47,36.87,1441.07,
1058,2006,7.45,38.23,37.32,1462.48,
1058,2007,6.38,38.6,36.79,1493.9,
1058,2008,5.59,37.93,39.3,1535.36,
1058,2009,6.05,39.9,39.33,1547.97,
1058,2010,5.97,38.68,38.5,1578.6,1.38
1058,2011,5.56,41.02,40,1646.97,1.55
1058,2012,5.49,41.27,40.94,1709.82,1.91
1058,2013,5.7,43.55,39.8,1737.93,2.61
1058,2014,5.53,44.42,39.29,1789.27,3.77
1058,2015,5.25,50.95,41.04,1826.25,12.19
1058,2016,4.91,56.14,46.66,1842.31,9.61
1058,2017,4.89,48.12,41.99,1891.76,4.97
1058,2018,4.33,47.5,44.43,1965.74,4.84
1058,2019,3.94,49.62,40.91,2034.36,5.1
1058,2020,4.46,47.8,41.46,,5.59
1058,1995,,52.12,41.24,,
1058,1996,,49.82,39.5,,
1058,1997,,50.56,39.82,,
1059,1998,8.92,49.12,40.41,,
1059,1999,8.08,47.79,39.07,,
1059,2000,7.33,45.49,38.45,1191.56,
1059,2001,7.69,43.74,38.94,1237.23,
1059,2002,7.77,43.66,37.94,1238.25,
1059,2003,8.6,42.42,37.84,1293.23,
1059,2004,8.75,41.64,37.28,1322.77,
1059,2005,10.23,38.56,37.69,1365.24,
1059,2006,9.63,37.69,37,1400.91,
1059,2007,9.54,38.31,36.48,1443.18,
1059,2008,8.47,40.46,39.09,1468.47,
1059,2009,8.99,40.1,38,1463.68,
1059,2010,8.99,38.43,37.65,1477.43,1.58
1059,2011,8.49,41.02,39.88,1553.01,1.73
1059,2012,7.95,40.85,41.58,1607.61,2.06
1059,2013,7.7,43.86,41.12,1642.17,2.51
1059,2014,7.34,48.12,41.46,1677.37,4.2
1059,2015,6.71,50.65,40.16,1757.05,11.94
1059,2016,6.25,57.5,46.91,1781.55,9.24
1059,2017,6,49.62,41.81,1827.94,5.18
1059,2018,5.33,49.95,42.76,1881.73,4.76
1059,2019,4.3,49.27,39.84,1950.33,4.93
1059,2020,5.34,48.28,36.76,,7.97
1059,1995,,53.64,43.17,,
1059,1996,,52.2,38.44,,
1059,1997,,50.41,39.77,,
1060,1998,8.01,52.56,43.38,,
1060,1999,7.48,52.94,41.9,,
1060,2000,6.66,49.63,40.14,1401.2,
1060,2001,6.55,48.63,39.18,1449.02,
1060,2002,7.1,47.43,41.17,1433.81,
1060,2003,8,46.76,40.52,1463.2,
1060,2004,7.88,46.49,44.13,1467.79,
1060,2005,8.39,44.26,40.53,1504.69,
1060,2006,7.5,42.77,38.86,1518.34,
1060,2007,6.07,42.62,39.89,1564.21,
1060,2008,5.08,43.73,43.82,1588.32,
1060,2009,5.45,44.31,41.79,1612.23,
1060,2010,5.38,45.85,40.49,1623.62,1.37
1060,2011,4.96,46.88,41.7,1670.74,1.54
1060,2012,4.82,45.32,40.49,1722.67,1.52
1060,2013,5.1,48.81,42.66,1750.22,2.2
1060,2014,5.02,50.36,42.16,1783.32,2.79
1060,2015,4.78,63.09,51.48,1818.43,9.16
1060,2016,4.79,76.8,65.77,1842.19,9.87
1060,2017,4.68,54.68,46.03,1869.79,5.85
1060,2018,4.27,58.74,49.32,1934.36,5.29
1060,2019,4.05,54.01,48.22,1999.75,4.67
1060,2020,4.98,50.24,43.87,,5.09
1060,1995,,54.33,41.69,,
1060,1996,,52.76,42.35,,
1060,1997,,51.1,41.79,,
1061,1998,9.7,41.73,39.39,,
1061,1999,9.27,39.04,33.6,,
1061,2000,8.49,35.79,32.85,1222.3,
1061,2001,8.61,37.75,31.51,1264.74,
1061,2002,9.24,38.3,33.64,1263.25,
1061,2003,10.38,35.45,32.59,1306.42,
1061,2004,10.97,35.26,32.97,1328.03,
1061,2005,11.59,32.04,32.85,1361.96,
1061,2006,9.8,32.36,33.61,1382.25,
1061,2007,7.46,32.12,36.97,1419.21,
1061,2008,5.82,37.15,37.24,1456.79,
1061,2009,6.09,33.76,34.98,1462.33,
1061,2010,6.32,33.26,33.12,1489.88,1.54
1061,2011,6.06,36.92,37.44,1568.74,1.69
1061,2012,5.87,38.18,37.14,1624.43,1.96
1061,2013,6.1,40.89,37.31,1628.43,2.86
1061,2014,6.27,42.57,37.48,1646.74,5.08
1061,2015,6.4,56.21,42.04,1657.73,9.93
1061,2016,6.33,70.03,64.91,1720.73,11.65
1061,2017,6.11,51.89,49.84,1760.88,6.34
1061,2018,5.58,46.91,43.71,1821.49,5.4
1061,2019,5.07,44.71,41.8,1905.53,4.81
1061,2020,5.79,40.57,37.53,,5.01
1061,1995,,53.77,42.55,,
1061,1996,,50.3,43.22,,
1061,1997,,47.94,40.51,,
1062,1998,7.15,54.59,47.39,,
1062,1999,6.65,55,47.21,,
1062,2000,5.82,52.91,44.52,1586.88,
1062,2001,5.8,53.63,41.86,1647,
1062,2002,6.3,51.24,44.19,1649.03,
1062,2003,6.87,49.11,44.08,1713.75,
1062,2004,7.04,51.87,42.73,1722.92,
1062,2005,7.73,48.05,41.93,1763.16,
1062,2006,6.52,46.77,41.69,1770.09,
1062,2007,4.81,48.02,40.79,1782.48,
1062,2008,4.15,48.99,42.2,1797.76,
1062,2009,4.55,49.97,42.89,1812.16,
1062,2010,4.43,50.02,41.56,1817.77,1.07
1062,2011,4.1,51.89,43.89,1874.75,1.28
1062,2012,4.07,53.21,43.33,1930.2,1.52
1062,2013,4.2,53.78,45.16,1911.14,2.04
1062,2014,4.04,55.14,44.49,1930.22,3.91
1062,2015,3.78,61.64,47.37,1972.29,10.84
1062,2016,3.6,56.03,56.84,2015.84,8.79
1062,2017,3.43,52.51,46.77,2051.92,4.8
1062,2018,3.19,52.27,46.37,2139.48,4.45
1062,2019,3.06,52.63,46.12,2203.41,4.56
1062,2020,3.8,49.79,42.6,,5.25
1062,1995,,56.65,45.76,,
1062,1996,,58.68,46.41,,
1062,1997,,56.97,48.37,,
2000,1998,11.28,44.04,45.01,,
2000,1999,10.36,46.14,41.93,,
2000,2000,8.88,48.05,40.64,1459.73,
2000,2001,8.25,47.7,39.92,1542.72,
2000,2002,8.97,46.47,43.34,1524.89,
2000,2003,9.91,45.83,41.42,1637.4,
2000,2004,9.67,48.76,47.35,1614.58,
2000,2005,11.3,46.87,41.06,1697.6,
2000,2006,10.96,47,40.31,1721.45,
2000,2007,9.17,46.37,36.89,1710.75,
2000,2008,8.13,48.45,47.46,1714.26,
2000,2009,8.6,48.97,47.58,1659.47,
2000,2010,8.18,49,42.36,1699.1,3.8
2000,2011,7.82,54.4,47.28,1833.35,4.07
2000,2012,7.46,54.4,45.75,1849.66,4.4
2000,2013,7.4,55.42,48.57,1890.91,5.33
2000,2014,7.55,51.96,44.37,1871.44,6.96
2000,2015,7.45,61.58,50.39,1915.6,12.9
2000,2016,7.08,63.94,52.07,2004.26,9.65
2000,2017,6.83,54.92,45.08,2045.76,6.39
2000,2018,6.32,52.03,47.69,2103.43,6.08
2000,2019,6.13,52.64,49.93,2147.14,5.23
2000,2020,7.55,46.36,44.17,,6.67
2000,1995,,43.97,40.21,,
2000,1996,,43.27,41.11,,
2000,1997,,43.2,43.73,,
3101,1998,13.36,58.6,62.46,,
3101,1999,12.14,61.27,62.11,,
3101,2000,11.17,58.05,57.59,1315.31,
3101,2001,10.85,62.07,59.68,1355.04,
3101,2002,11.34,58.92,56.64,1371.44,
3101,2003,11.79,55.59,53.26,1402.64,
3101,2004,11.72,58.33,52.47,1406.52,
3101,2005,13.18,48.71,47.8,1433.99,
3101,2006,11.96,51.97,48.51,1456.42,
3101,2007,10.51,52.98,49.2,1468.91,
3101,2008,9.18,54.63,51.07,1492.19,
3101,2009,9.29,57.5,49.3,1492.93,
3101,2010,8.87,61.72,53.64,1506.71,2.5
3101,2011,8.08,67.83,58.87,1599.01,2.46
3101,2012,7.43,71.09,61.05,1637.67,1.74
3101,2013,7.1,78.38,70.4,1660.38,1.18
3101,2014,6.84,95.4,89.14,1688.99,2.57
3101,2015,6.48,139.32,126.65,1730.64,42.56
3101,2016,6.07,83.24,94.08,1772.88,4.28
3101,2017,5.83,64.27,64.87,1821.83,3.04
3101,2018,5.33,68.24,64.88,1886.33,4.24
3101,2019,4.89,65.8,59.83,1937.82,5.72
3101,2020,5.36,56.43,57.19,,4.83
3101,1995,,52.31,54.89,,
3101,1996,,56.45,58.18,,
3101,1997,,52.44,59.62,,
3102,1998,16.26,30.76,41.05,,
3102,1999,14.56,29.96,37.57,,
3102,2000,12.95,31.49,35.29,1218.47,
3102,2001,12.32,35.21,38.66,1254.5,
3102,2002,11.93,32.67,37.75,1259.8,
3102,2003,12.31,31.12,35.56,1275.15,
3102,2004,12.44,30.58,37.14,1281.46,
3102,2005,14.37,27.48,33.62,1300.83,
3102,2006,14.1,25.56,31.67,1316.56,
3102,2007,11.57,26.6,34.75,1341.34,
3102,2008,9.63,31.29,35.52,1374.95,
3102,2009,10.35,33.24,37.66,1391.85,
3102,2010,10,30.97,36.71,1422.42,2.62
3102,2011,9.2,35.4,38.4,1510.42,2.75
3102,2012,8.78,37.27,37.96,1549.97,2.76
3102,2013,9.3,44.2,37.88,1561.83,2.83
3102,2014,9.37,53.87,41.44,1587.32,4.87
3102,2015,9.31,70.79,44.94,1597.82,10.97
3102,2016,10.49,71.04,63.26,1584.04,12.29
3102,2017,10.47,65.98,54.25,1594.09,4.98
3102,2018,9.31,61.24,55.55,1644.46,3.76
3102,2019,8.79,57.99,61.99,1708.35,3.17
3102,2020,9.93,46.78,48.05,,2.98
3102,1995,,38.99,37.33,,
3102,1996,,31.22,37.74,,
3102,1997,,29.9,40.99,,
3103,1998,14.85,39.1,41.44,,
3103,1999,12.26,44.75,44.12,,
3103,2000,10.25,43.13,42.17,1359.5,
3103,2001,8.76,45.03,42.37,1407.44,
3103,2002,8.42,47.37,41.55,1439.25,
3103,2003,8.31,50.54,44.28,1471.4,
3103,2004,8.18,44.46,47.43,1501.75,
3103,2005,10.79,38.75,42.96,1520.29,
3103,2006,10.39,38.65,41.34,1526.9,
3103,2007,8.99,40.05,41.61,1535.95,
3103,2008,6.99,47.64,40.65,1562.9,
3103,2009,6.61,47.48,40.43,1596.3,
3103,2010,6.53,43.94,38.98,1639.75,3.43
3103,2011,5.72,54.05,42.15,1751.1,2.98
3103,2012,5.07,53.59,44.28,1830.55,2.69
3103,2013,4.9,54.74,46.42,1873.87,3.55
3103,2014,4.77,55.96,50.49,1915.55,4.82
3103,2015,4.69,60.22,50.55,1953.44,9.54
3103,2016,5.02,54.29,54.18,1942.13,10.03
3103,2017,4.93,53.55,51.61,1961.16,4.47
3103,2018,4.77,53.13,49.64,2027.8,5.5
3103,2019,4.51,54.63,51.04,2098.63,5.85
3103,2020,5.15,47.72,48.42,,7.03
3103,1995,,43.08,46.04,,
3103,1996,,35.67,47.5,,
3103,1997,,34.97,48.34,,
3151,1998,12.97,43.28,33.59,,
3151,1999,11.28,44.5,33.93,,
3151,2000,9.93,39.54,33.56,1247.9,
3151,2001,9.37,38.67,31.69,1302.9,
3151,2002,9.4,37.53,33.34,1303.04,
3151,2003,9.53,39.9,35.36,1331.42,
3151,2004,9.09,36.81,34.65,1344.16,
3151,2005,10.42,32.73,32.25,1364.26,
3151,2006,9.98,32.53,34.17,1392.81,
3151,2007,8.8,29.95,33.63,1417.32,
3151,2008,6.67,31.61,34.99,1462.26,
3151,2009,6.35,32.32,34.66,1494.45,
3151,2010,6.42,31.34,33.56,1546.27,1.58
3151,2011,5.89,35.19,36.81,1662.39,1.59
3151,2012,5.34,37.26,35.73,1742.21,1.53
3151,2013,5.2,39.55,35.46,1782.95,2.73
3151,2014,4.87,42.18,35.76,1825.13,4.25
3151,2015,4.64,47.88,37.58,1861.64,6.61
3151,2016,4.68,48.58,43.81,1875.75,9.36
3151,2017,4.65,41.29,38.63,1899,6.53
3151,2018,4.4,43.18,38.06,1961.69,7.25
3151,2019,3.99,41.78,37.54,2035.44,6.61
3151,2020,4.46,37.67,33,,6.29
3151,1995,,52.98,36.31,,
3151,1996,,44.36,33.63,,
3151,1997,,43.13,34.02,,
3153,1998,13.09,37.3,38.45,,
3153,1999,12.62,39.03,39.7,,
3153,2000,12.06,38.86,38.73,1231.42,
3153,2001,11.65,39.41,37.52,1265.33,
3153,2002,11.37,39.85,40.15,1277.76,
3153,2003,11.02,39.14,38.16,1313.9,
3153,2004,10.64,37.71,38.76,1327.96,
3153,2005,13.31,34.65,37.29,1347.72,
3153,2006,12.34,32.04,37.29,1372.47,
3153,2007,10.44,33.62,37.23,1382.43,
3153,2008,9.71,33.98,39.32,1416.03,
3153,2009,10.19,35.08,37.7,1426.66,
3153,2010,9.79,35,38.26,1450.39,2.43
3153,2011,9.53,41.03,39.3,1515.02,2.36
3153,2012,9.09,40.56,38.82,1550.78,2.3
3153,2013,8.8,42.83,39.63,1566.9,2.76
3153,2014,8.64,45.47,41.43,1593.24,4.53
3153,2015,7.88,56.64,41.44,1621.57,12.26
3153,2016,7.62,66.62,59.31,1658.18,11.05
3153,2017,7.15,50.68,45.3,1708.68,6.38
3153,2018,6.43,54.03,48.83,1775.6,4.87
3153,2019,5.91,55.54,51.16,1833.55,3.75
3153,2020,6.94,43.94,46.19,,3.38
3153,1995,,41.41,40.84,,
3153,1996,,34.87,37.38,,
3153,1997,,35.12,38.66,,
3154,1998,13.82,36.83,35.05,,
3154,1999,12.75,37.19,33.39,,
3154,2000,11.88,34.04,36.42,1297.14,
3154,2001,11.6,35.46,36.01,1348.99,
3154,2002,11.3,36.48,35.32,1350.51,
3154,2003,11.02,38.69,37.6,1376.35,
3154,2004,10.61,37.32,35.78,1383.95,
3154,2005,12.53,32.13,34.67,1401.49,
3154,2006,12.37,31.66,34.5,1419.71,
3154,2007,11.12,30.17,36.23,1427.01,
3154,2008,9.14,31.49,36.38,1479.81,
3154,2009,9.12,32.71,36.86,1509.29,
3154,2010,8.76,30.04,36.1,1556.04,1.9
3154,2011,8,35.1,36.76,1642.98,2.24
3154,2012,7.44,38.64,37.42,1704.12,1.81
3154,2013,7.5,44.9,38.24,1743.29,3.21
3154,2014,7.18,48.91,37.16,1791.15,5.34
3154,2015,7.01,53.45,40.25,1825.35,11.46
3154,2016,6.79,61.21,48.27,1836.78,14.13
3154,2017,6.89,47.01,45.43,1866.81,7.08
3154,2018,6.24,45.44,43.63,1936.02,4.81
3154,2019,5.79,48.44,42.43,2009.02,4.29
3154,2020,6.22,45.61,38.51,,4.15
3154,1995,,39.45,36.11,,
3154,1996,,33.7,35.53,,
3154,1997,,34.39,35.28,,
3155,1998,11.93,30.79,33.67,,
3155,1999,11.59,32.45,31.12,,
3155,2000,10.64,29.33,31.68,1231.89,
3155,2001,10.65,27.9,30.67,1280.76,
3155,2002,10.87,30.14,30.75,1279.26,
3155,2003,10.94,28.91,29.85,1311.42,
3155,2004,10.78,29.65,29.02,1311.62,
3155,2005,12.03,27.03,29.56,1340.18,
3155,2006,10.82,26.83,30.06,1374.27,
3155,2007,9.16,26.56,31.63,1397.98,
3155,2008,8.15,26.18,32.67,1438.43,
3155,2009,8.55,26.03,32.07,1449.16,
3155,2010,7.67,26.43,30.63,1478.94,2.86
3155,2011,7.31,30.27,34.09,1547.56,2.97
3155,2012,7.07,30.54,32.08,1594.3,2.95
3155,2013,7.3,33.65,32.67,1619.77,4.02
3155,2014,6.87,33.91,33.31,1663.82,5.52
3155,2015,6.68,46.49,32.63,1696.63,10.89
3155,2016,6.17,44.77,45.45,1745.49,10.19
3155,2017,5.8,37.36,34.69,1790.64,6.34
3155,2018,5.41,39.54,35.24,1851.03,5.15
3155,2019,5.11,38.43,35.83,1920.51,4.74
3155,2020,5.64,36.59,33.77,,4.89
3155,1995,,35.1,31.16,,
3155,1996,,32.26,32.76,,
3155,1997,,31.11,32.9,,
3157,1998,10.77,40.8,29.98,,
3157,1999,10.03,39.64,29.78,,
3157,2000,9.17,36.65,29.29,1264.72,
3157,2001,9.38,37.59,31.08,1311.81,
3157,2002,9.16,39.78,31.14,1311.95,
3157,2003,9.14,37.08,31.31,1334.37,
3157,2004,9.12,34.69,32.05,1344.63,
3157,2005,11.04,31.92,28.79,1359.28,
3157,2006,10.6,29.14,28.92,1384.13,
3157,2007,9.33,29.35,30.53,1400.56,
3157,2008,7.96,28.16,31.76,1442.14,
3157,2009,7.59,30.64,30.87,1462.2,
3157,2010,7.19,29.98,30.51,1496.93,2.59
3157,2011,6.46,33.03,32.38,1571.49,2.61
3157,2012,6.03,34.23,31.7,1623.54,2.73
3157,2013,6,38.13,32.58,1642.54,3.96
3157,2014,6.06,40.63,34.19,1681.47,4.53
3157,2015,5.42,50.82,33.94,1700.29,11.19
3157,2016,5.56,49.28,42.92,1744.83,9.26
3157,2017,5.29,42.54,36.67,1789.44,4.29
3157,2018,4.8,46.18,37.99,1845.43,4.43
3157,2019,4.44,47.73,39.03,1901.13,4.08
3157,2020,5.21,44.25,34.28,,4.01
3157,1995,,41.01,31.65,,
3157,1996,,39.8,30.56,,
3157,1997,,36.54,30.27,,
3158,1998,10.47,51.65,42.95,,
3158,1999,10.05,50.08,40.42,,
3158,2000,10.11,47.9,37.51,1256.15,
3158,2001,9.71,42.96,40.59,1299.03,
3158,2002,9.31,43.03,39.34,1289.71,
3158,2003,9.34,41.82,37.64,1310.87,
3158,2004,9.39,39.69,37.83,1317.69,
3158,2005,10.49,34.51,37.08,1345.89,
3158,2006,9.94,32.9,38.23,1377.18,
3158,2007,7.99,34.54,37.53,1397.1,
3158,2008,6.84,34.74,39.03,1442.58,
3158,2009,6.96,37.71,40.27,1458.86,
3158,2010,7.22,35.99,37.59,1500.82,2.5
3158,2011,6.73,40.32,39.59,1585.77,2.64
3158,2012,6.31,42.08,40.49,1641.81,2.47
3158,2013,6.2,45.39,41.41,1670.27,3.21
3158,2014,6,47.68,41.94,1704.43,5.16
3158,2015,5.65,55.46,42.45,1734.64,12.39
3158,2016,5.54,52.88,46.81,1764.08,12.47
3158,2017,5.49,42.92,42.48,1809.43,6.7
3158,2018,4.9,46.18,45.58,1877.21,5.69
3158,2019,4.41,43.69,42.22,1951.88,5.17
3158,2020,4.89,40.71,38.48,,4.61
3158,1995,,48.04,42.44,,
3158,1996,,48.22,41.61,,
3158,1997,,51.26,42.05,,
3159,1998,13.62,119.49,125.33,,
3159,1999,13.05,140.84,142.83,,
3159,2000,11.91,234.84,237.03,1165.6,
3159,2001,11.43,323.42,324.2,1223.31,
3159,2002,11.51,304.29,304.35,1232.47,
3159,2003,11.5,250.69,251.49,1268.1,
3159,2004,11.48,213.66,211.53,1320.11,
3159,2005,13.37,144.32,147.85,1293.89,
3159,2006,12.79,60.78,62.33,1306.94,
3159,2007,11.5,57.32,57.38,1372.22,
3159,2008,9.75,53.79,57.27,1345.97,
3159,2009,9.06,57.53,58.83,1352.1,
3159,2010,8.57,50.89,52.67,1421.5,2.79
3159,2011,7.66,58.09,57.31,1504.82,3.01
3159,2012,6.69,59.38,58.16,1540.01,3.16
3159,2013,7.03,68.85,66.22,1560.4,4.56
3159,2014,6.61,89.74,82.08,1594.09,5.85
3159,2015,6.15,127.01,106.08,1601.75,24.12
3159,2016,6.04,104.71,70.52,1662.71,10.69
3159,2017,5.92,85.65,78.33,1699.22,7.23
3159,2018,5.71,83.3,78.71,1757.67,6
3159,2019,5.34,85.89,87.14,1823.36,5.66
3159,2020,6.12,59.03,61.59,,6.17
3159,1995,,175.38,174.82,,
3159,1996,,153.73,151.52,,
3159,1997,,132.92,131.77,,
3241,1998,11.43,51.72,53.4,,
3241,1999,10.79,53.17,50.28,,
3241,2000,9.68,54.41,49.79,1313.51,
3241,2001,9.69,35.72,29.12,1358.87,
3241,2002,10.16,34.71,29.66,1350.91,
3241,2003,10.67,32.86,30.13,1368.52,
3241,2004,10.34,32.13,29.42,1363.54,
3241,2005,14.1,30.5,28.43,1400.77,
3241,2006,12.07,29.82,28.1,1435.98,
3241,2007,10.04,30.34,27.81,1457.42,
3241,2008,9.14,32.26,30.9,1484.81,
3241,2009,9.26,32.73,30.41,1492.27,
3241,2010,9.07,32.64,29.3,1513.46,1.69
3241,2011,8.62,37.08,32.02,1597.57,1.89
3241,2012,8.18,38.6,31.21,1629.91,2.28
3241,2013,8.2,40.13,32.5,1632.59,3.11
3241,2014,8.25,42.58,35.06,1663,4.48
3241,2015,7.83,49.94,34.23,1684.73,9.64
3241,2016,7.49,47.72,43.52,1724.59,8.47
3241,2017,7.09,40.87,36.24,1759.47,4.85
3241,2018,6.62,42.49,36.39,1815.06,4.85
3241,2019,6.41,40.05,37.77,1871.46,4.74
3241,2020,7.49,33.6,33.22,,5.32
3241,1995,,56.08,53.02,,
3241,1996,,55.84,51.25,,
3241,1997,,54.28,52.04,,
3251,1998,7.94,45.48,38.93,,
3251,1999,7.33,47.83,38.92,,
3251,2000,6.3,45.78,38.95,1296.25,
3251,2001,6.22,47.96,40.4,1356.17,
3251,2002,6.52,47.23,40.69,1337.2,
3251,2003,6.91,46.75,40.4,1376.57,
3251,2004,7.09,44.54,40.83,1395.17,
3251,2005,8.43,45.43,42.3,1423.63,
3251,2006,7.33,44.51,42.89,1452.82,
3251,2007,6.35,45.24,44.07,1467,
3251,2008,5.26,42.34,43.56,1514.94,
3251,2009,5.27,44.34,44.67,1523.32,
3251,2010,4.99,45.52,43.17,1561.32,1.55
3251,2011,4.51,51.04,48.58,1663.45,1.78
3251,2012,4.47,51.66,48.49,1706.31,2.21
3251,2013,4.6,50.07,46.22,1735.03,3.05
3251,2014,4.58,53.64,45.48,1788.23,4.6
3251,2015,4.4,61.82,44.32,1805.38,4.16
3251,2016,4.34,61.98,58.54,1849.74,9.6
3251,2017,4.2,54.64,47.52,1920.93,7.52
3251,2018,3.94,58.6,51.22,1967.44,6.93
3251,2019,3.87,49.56,45.49,2045.29,6.25
3251,2020,4.57,46.72,38.63,,6.19
3251,1995,,47.78,36.78,,
3251,1996,,46.97,38.01,,
3251,1997,,45.97,39.32,,
3252,1998,12.92,36.46,36.82,,
3252,1999,12.49,34.54,32.69,,
3252,2000,11.34,34.25,31.56,1268.01,
3252,2001,11.22,33.67,32.14,1310.18,
3252,2002,11.65,34.1,32.59,1302.92,
3252,2003,12.22,32.86,31.53,1327.73,
3252,2004,12.09,31.36,31.35,1328.18,
3252,2005,14.29,31.32,30.2,1353.45,
3252,2006,12.36,28.64,31.31,1389.07,
3252,2007,10.95,32.79,32.41,1407.28,
3252,2008,9.38,30.86,35.27,1448.62,
3252,2009,9.14,33.26,34.92,1460.02,
3252,2010,8.95,33.21,33.7,1492.68,2.12
3252,2011,8.21,33.68,36.81,1583.01,2.15
3252,2012,8.04,35.88,35.66,1630.13,2.4
3252,2013,8.2,38,36.01,1643.82,2.82
3252,2014,7.89,43.12,36.65,1662.19,4.91
3252,2015,7.33,48.02,38.08,1690.53,8.47
3252,2016,7.13,50.36,45.02,1737,12.73
3252,2017,6.76,44.01,38.31,1791.42,7.13
3252,2018,6.23,45.19,36.6,1845.87,5.91
3252,2019,6.08,44.67,38.88,1905.4,5.12
3252,2020,6.74,40.21,34,,5.45
3252,1995,,46.23,38.99,,
3252,1996,,44.8,40.89,,
3252,1997,,42.7,41.04,,
3254,1998,10.64,30.68,28.48,,
3254,1999,10.07,29.83,28.55,,
3254,2000,8.81,31.25,27.4,1260.38,
3254,2001,8.83,30.39,27.67,1308.26,
3254,2002,8.72,30.37,27.99,1304.61,
3254,2003,8.96,28.87,27.92,1330.05,
3254,2004,8.81,28.79,28.23,1333,
3254,2005,11.65,27.33,27.75,1353.17,
3254,2006,11.16,29.51,27.85,1376.83,
3254,2007,8.96,30.15,31.13,1389.97,
3254,2008,8.1,29.96,32.74,1423.28,
3254,2009,8.52,29.31,31.88,1435.63,
3254,2010,8.73,29.95,31.16,1461,2.7
3254,2011,8.13,33.8,34.82,1534.65,2.81
3254,2012,7.62,34.83,33.89,1574.5,2.62
3254,2013,7.6,36.84,35.02,1582.69,3.25
3254,2014,7.43,40.12,35.18,1622.68,4.39
3254,2015,7.01,47.94,33.96,1646.33,5.29
3254,2016,6.62,50.16,45.4,1698.56,9.63
3254,2017,6.45,40.36,36.91,1736.13,5.7
3254,2018,6.04,41.45,37.07,1796.05,5.13
3254,2019,5.74,40.12,37.83,1860.59,4.55
3254,2020,6.46,37.25,33.27,,4.57
3254,1995,,34.27,27.37,,
3254,1996,,30.79,27.27,,
3254,1997,,29.65,28.64,,
3255,1998,11.52,35.99,38.82,,
3255,1999,11.08,36.41,39.05,,
3255,2000,9.67,33.58,36.68,1255.61,
3255,2001,9.86,34.43,37.21,1307.85,
3255,2002,10.7,34.55,36.41,1293.28,
3255,2003,11.18,33.26,36.47,1312.83,
3255,2004,11.64,30.1,38.24,1309.63,
3255,2005,14.58,28.54,32.89,1339.97,
3255,2006,12.52,27.72,35.19,1376.23,
3255,2007,10.57,32.21,35.24,1392.33,
3255,2008,8.86,30.95,37.3,1441.97,
3255,2009,9.04,31.51,38.05,1461.04,
3255,2010,9.19,31.76,36.09,1495.07,1.71
3255,2011,8.2,36.02,39.27,1531.15,2.28
3255,2012,8.14,37.81,39.3,1572.8,1.7
3255,2013,8.3,39.28,38.45,1580.2,2.38
3255,2014,7.74,40.97,39.28,1608.2,3.05
3255,2015,7.43,50.38,40.09,1645.15,23.97
3255,2016,7.19,51.64,46.06,1673.5,11.73
3255,2017,6.73,46.47,44.39,1711.26,6.94
3255,2018,6.5,48.93,44.49,1770.63,5.14
3255,2019,6.3,45.6,44.68,1841.99,4.37
3255,2020,6.6,42.9,38.98,,4.27
3255,1995,,43.95,39.73,,
3255,1996,,37.81,35.05,,
3255,1997,,35.07,36.61,,
3256,1998,9.34,39.38,36.1,,
3256,1999,8.26,42.84,38.2,,
3256,2000,7.32,43.81,40.67,1199.52,
3256,2001,7.37,43.39,38.73,1242.49,
3256,2002,7.79,42.78,41.23,1232.58,
3256,2003,8.69,45.79,43.73,1268.35,
3256,2004,8.81,48.58,45.63,1281.52,
3256,2005,11,45.29,44.59,1299.38,
3256,2006,9.77,45.77,46.41,1325.12,
3256,2007,8.29,47.62,48.44,1339.68,
3256,2008,7.31,42.27,46.41,1387.51,
3256,2009,7.52,46.51,49.53,1401.03,
3256,2010,6.52,47.6,50,1441.91,1.77
3256,2011,6.09,49.53,45.27,1508.18,1.75
3256,2012,5.92,50.22,55.4,1554.44,1.56
3256,2013,6.2,51.56,50.81,1589.68,2.13
3256,2014,6.08,56.07,52.92,1620.1,3.28
3256,2015,5.68,67.18,53.88,1646.37,21.76
3256,2016,5.52,69.56,61.34,1665.46,15.74
3256,2017,5.31,60.09,55.89,1734.32,6.31
3256,2018,4.84,60.45,56.22,1777.96,5.63
3256,2019,4.78,56.57,52.53,1851.16,5.35
3256,2020,5.36,46.87,40.18,,6.08
3256,1995,,49.75,35.13,,
3256,1996,,44.03,40.08,,
3256,1997,,39.38,34.46,,
3257,1998,10.1,39.55,35.01,,
3257,1999,9.53,38.63,32.08,,
3257,2000,8.44,37.95,33.17,1276.58,
3257,2001,8.34,38.38,32.51,1343.44,
3257,2002,8.95,38.36,33.22,1326.99,
3257,2003,9.84,35.87,34.83,1356.82,
3257,2004,10.31,34.01,31.92,1342.75,
3257,2005,12.22,33.02,32.21,1369.8,
3257,2006,11.34,33.09,32.18,1391.6,
3257,2007,9.53,31.08,32.8,1401.79,
3257,2008,8.54,33.29,35.52,1440.6,
3257,2009,8.62,32.48,34.26,1460.8,
3257,2010,8.47,31.82,33.17,1487.36,2.23
3257,2011,7.82,35.73,35.52,1568.15,2.53
3257,2012,7.47,36.2,36.09,1617.44,2.97
3257,2013,6.9,38.68,35.39,1638.85,3.57
3257,2014,7.11,45.68,38.1,1670.51,5.44
3257,2015,6.58,48.69,39.16,1694.41,17.08
3257,2016,6.3,56.04,46.35,1727.69,14.02
3257,2017,6,47.29,38.96,1781.62,9.12
3257,2018,6.07,46.18,40.89,1844.2,8.14
3257,2019,5.29,46.01,39.53,1903.62,6.68
3257,2020,5.72,44.3,35.23,,6.12
3257,1995,,45.6,35.09,,
3257,1996,,45.19,35.04,,
3257,1997,,40.17,34.35,,
3351,1998,11.96,36.87,32.15,,
3351,1999,11.17,35.9,32.15,,
3351,2000,10.3,35.14,32.11,1200.37,
3351,2001,10.03,34.61,32.32,1257.67,
3351,2002,9.6,36.06,31.82,1202.28,
3351,2003,9.66,35.23,31.43,1178.67,
3351,2004,9.84,34.25,32.16,1154.5,
3351,2005,12.16,30.9,30.45,1198.18,
3351,2006,10.88,29.98,30.24,1264.62,
3351,2007,9.53,29.78,31.64,1352.88,
3351,2008,8.39,29.85,31.86,1390.73,
3351,2009,8.41,31,32.11,1402.78,
3351,2010,8.51,31.51,31.74,1429.5,1.83
3351,2011,8.26,31.7,33.13,1498.28,1.95
3351,2012,7.67,34.01,31.96,1539.78,1.84
3351,2013,7.5,35.9,32.67,1567.67,2.35
3351,2014,7.48,40.38,34.01,1596.31,4.06
3351,2015,7.33,51.06,37.3,1609.69,3.58
3351,2016,7.16,49.68,44.5,1663.26,10.29
3351,2017,7.07,42.73,36.57,1693.78,5.01
3351,2018,6.16,44.62,39.19,1746.79,4.02
3351,2019,5.72,44.11,39.8,1805.38,3.11
3351,2020,6.37,41.19,34.9,,2.9
3351,1995,,42.69,31.54,,
3351,1996,,36.37,30.91,,
3351,1997,,35.8,31.89,,
3352,1998,10.37,41.24,31.55,,
3352,1999,9.66,42.29,32.68,,
3352,2000,8.93,38.67,31.67,1189.71,
3352,2001,8.91,39.42,30.35,1243.95,
3352,2002,8.99,37.88,34.84,1230.17,
3352,2003,9.33,37.95,33.38,1259.76,
3352,2004,9.78,35.64,34.35,1272.48,
3352,2005,12.15,33.64,33.77,1312.45,
3352,2006,10.77,33.53,34.07,1356.75,
3352,2007,9.14,33.81,35.87,1389.08,
3352,2008,7.85,36.51,35.39,1437.53,
3352,2009,7.04,36.11,35.48,1449.99,
3352,2010,6.71,34.41,32.81,1491.24,2.04
3352,2011,6.28,36.13,35.51,1563.9,2.1
3352,2012,6.12,38.06,35.52,1599.79,2.22
3352,2013,6.2,38.83,37.2,1624.76,3.34
3352,2014,6.05,42.57,36.15,1657.54,5.41
3352,2015,6.05,48.18,35.82,1681.45,10.91
3352,2016,5.79,49.16,45.83,1733.26,9.75
3352,2017,5.46,42.01,39.49,1830.8,5.09
3352,2018,5.23,43.59,37.13,1879.71,4.36
3352,2019,5.18,42.88,37.5,1951.89,4.18
3352,2020,5.87,40.96,31.44,,4.28
3352,1995,,41.81,32.27,,
3352,1996,,39.24,32.56,,
3352,1997,,39.01,32.17,,
3353,1998,7.73,54.15,40.26,,
3353,1999,7.58,54.85,40.7,,
3353,2000,6.86,48.53,37.5,1466.18,
3353,2001,6.65,46.22,37.28,1545.1,
3353,2002,7.03,46.59,37.66,1548.63,
3353,2003,7.54,43.53,38.28,1613.28,
3353,2004,7.06,43.74,36.88,1626.84,
3353,2005,7.9,43.37,35.28,1665.2,
3353,2006,7.22,40.32,35.15,1695.44,
3353,2007,5.98,40.63,35.31,1692.52,
3353,2008,4.89,42.52,38.46,1718.72,
3353,2009,5.24,45.51,39.46,1734.05,
3353,2010,5.36,44.16,37.36,1749.52,1.32
3353,2011,5.03,48.63,42.36,1857.37,1.51
3353,2012,4.87,48.56,41.04,1889.82,1.6
3353,2013,4.8,54.14,43.83,1920.66,2.91
3353,2014,4.69,53.33,42.36,1947.07,4.8
3353,2015,4.36,57.98,44.68,1976,5.53
3353,2016,4.25,53.5,57.1,2018.09,9.61
3353,2017,4.08,52.93,46.9,2083.68,6.97
3353,2018,3.86,52.88,45.79,2156.9,7.01
3353,2019,3.71,54.9,46.52,2211.69,6.72
3353,2020,4.38,50.81,42.05,,6.44
3353,1995,,56.79,41.67,,
3353,1996,,54.34,39.91,,
3353,1997,,52.76,39.51,,
3354,1998,15.93,41.71,35.27,,
3354,1999,16.01,39.32,37.12,,
3354,2000,15.62,40.33,35.12,1125.85,
3354,2001,14.83,36.51,36.97,1178.06,
3354,2002,14.81,41.55,37.86,1175.91,
3354,2003,14.76,41.78,37.6,1215.51,
3354,2004,14.22,42.38,38.29,1237.84,
3354,2005,16.29,38.6,37.76,1269.87,
3354,2006,14.01,34.28,36.28,1312.3,
3354,2007,12.76,36.26,37.17,1338.38,
3354,2008,12.02,37.31,39.49,1381.42,
3354,2009,11.61,39.16,36.72,1364.02,
3354,2010,11.16,37.08,40.62,1398.64,1.54
3354,2011,10.41,45.64,42.28,1458.98,1.71
3354,2012,10.71,45.31,41.69,1494.73,2.29
3354,2013,10.7,47.01,44.87,1527.56,2.53
3354,2014,9.87,54.2,45.95,1559.43,6.18
3354,2015,8.54,83.61,47.9,1556.09,42.29
3354,2016,8.02,60.07,89.3,1628.57,7.78
3354,2017,8.14,44.25,46.14,1702.76,4.26
3354,2018,7.45,47.31,37.87,1735.42,4.01
3354,2019,7.34,46.6,38.75,1810.18,4.03
3354,2020,7.89,43.85,33.3,,3.81
3354,1995,,49.73,34.85,,
3354,1996,,43.1,35.6,,
3354,1997,,42.63,33.42,,
3355,1998,10.36,49.63,36.71,,
3355,1999,10.2,49.21,37.34,,
3355,2000,9.77,49.14,35.1,1185.75,
3355,2001,9.72,49,36.57,1241.06,
3355,2002,10.28,52.97,35.95,1238.23,
3355,2003,11.13,46.42,36.68,1275.44,
3355,2004,10.33,45.6,36.96,1284.11,
3355,2005,11.28,42.85,36.19,1307.33,
3355,2006,10.42,41.6,38.13,1332.28,
3355,2007,8.58,42.67,38.74,1341.45,
3355,2008,7.55,43.39,40.95,1383.63,
3355,2009,7.49,44.81,40.48,1401.25,
3355,2010,7.2,41.89,38.59,1439.99,1.38
3355,2011,6.42,47.48,41.06,1507.71,1.6
3355,2012,6.52,47.3,40.15,1536.52,1.95
3355,2013,6.6,49.39,41.96,1554.61,3.14
3355,2014,6.33,51.38,42.75,1621.64,5.13
3355,2015,6.04,59.53,43.24,1612.88,8.38
3355,2016,5.83,58.52,59.26,1679.71,9.02
3355,2017,5.56,52.98,44.23,1736.42,
3355,2018,5.37,52.47,46.33,1795.06,3.7
3355,2019,5.28,51.99,46,1849,3.21
3355,2020,6.03,42.82,40.68,,2.99
3355,1995,,64.8,47.64,,
3355,1996,,53.94,41.51,,
3355,1997,,52.87,39.39,,
3356,1998,9.42,49.77,38.91,,
3356,1999,8.77,52.71,38.97,,
3356,2000,7.61,49.9,39.83,1299.57,
3356,2001,7.03,48.51,39.98,1357.63,
3356,2002,7.16,46.75,40.9,1349.77,
3356,2003,7.6,45.21,39.01,1383.94,
3356,2004,8.14,43.49,38.84,1384.28,
3356,2005,9.37,40.25,37.99,1415.72,
3356,2006,8.21,39.03,38.71,1455.88,
3356,2007,6.88,38.94,34.43,1468.04,
3356,2008,5.13,39.04,37.83,1500.56,
3356,2009,5.5,38.77,38.57,1516.83,
3356,2010,5.5,36.42,34.63,1550.68,1.72
3356,2011,4.42,40.66,38.3,1613.82,1.9
3356,2012,4.24,42.23,37.97,1648.8,2.02
3356,2013,4.5,42.53,37.93,1685.19,2.99
3356,2014,4.55,48.42,39.69,1717.98,5.16
3356,2015,4.11,58.45,36.71,1734.78,22.1
3356,2016,3.84,49.94,60.98,1815.45,8.64
3356,2017,3.76,44.79,37.97,1878.66,4.56
3356,2018,3.39,44.57,37.18,1938.57,3.89
3356,2019,3.34,45.5,38.08,1997.53,3.62
3356,2020,3.79,45.59,35.29,,3.31
3356,1995,,52.13,42.12,,
3356,1996,,48.5,44.47,,
3356,1997,,50.26,42.55,,
3357,1998,7.82,40.97,31.14,,
3357,1999,7.43,43,30.74,,
3357,2000,6.54,39.86,31.02,1207.01,
3357,2001,6.54,38.92,32.15,1266.6,
3357,2002,6.8,35.62,32.46,1248.08,
3357,2003,7.32,36.68,32,1276.22,
3357,2004,7.6,34.86,31.66,1292.64,
3357,2005,8.8,32.36,32.05,1336.7,
3357,2006,8.09,34.52,33.4,1378.26,
3357,2007,6.9,34.55,32.63,1404.88,
3357,2008,5.39,33.42,35.02,1447.31,
3357,2009,5.2,33.41,35.21,1453.93,
3357,2010,4.97,32.97,32.56,1488.1,1.81
3357,2011,4.74,35.29,37.54,1577.24,1.75
3357,2012,4.4,34.99,35.05,1629.08,1.79
3357,2013,4.5,37.92,37.65,1673.25,2.94
3357,2014,4.42,41.27,35.76,1700.95,4.76
3357,2015,4.36,49.89,38.61,1729.79,6.24
3357,2016,4.37,50.62,47.98,1777.54,10.62
3357,2017,4.33,44.08,41.21,1853.83,5.79
3357,2018,3.99,43.3,40.27,1904.14,4.72
3357,2019,3.57,44.61,39.67,1976.76,4.65
3357,2020,3.97,41.71,34.88,,4.95
3357,1995,,49.85,30.09,,
3357,1996,,41.99,30.5,,
3357,1997,,39.97,32.16,,
3358,1998,9.09,42.22,35.36,,
3358,1999,8.48,41.98,34.36,,
3358,2000,7.72,40.96,33.32,1185.54,
3358,2001,7.64,41.94,33.42,1234.94,
3358,2002,7.94,42.41,33.7,1230.23,
3358,2003,8.49,40.77,35.62,1264.05,
3358,2004,8.72,37.57,35.45,1273.07,
3358,2005,11.15,35.07,33.74,1293.4,
3358,2006,10.55,32.86,34.18,1324.18,
3358,2007,9.75,32.9,34.98,1338.2,
3358,2008,8.18,31.65,34.96,1377.53,
3358,2009,8.18,34.53,36.48,1390.36,
3358,2010,7.7,34.46,34.63,1424.36,2.42
3358,2011,7.19,35.3,37.96,1513.83,2.31
3358,2012,6.83,39.49,37.11,1554.38,2.52
3358,2013,6.8,44.95,37.53,1579.22,3.75
3358,2014,6.55,44.82,41.43,1618.53,5.73
3358,2015,6.11,77.45,45.14,1608.86,11.06
3358,2016,6.13,109.12,110.82,1672.61,11.59
3358,2017,6.06,85.29,85.39,1733.7,8.09
3358,2018,5.52,88.3,80.4,1780.57,7.2
3358,2019,5.28,78.87,68.62,1830.55,9.59
3358,2020,6.05,69.01,63.85,,5.32
3358,1995,,48.62,33.85,,
3358,1996,,43.28,34.21,,
3358,1997,,43.46,34.23,,
3359,1998,8.54,44.85,36.45,,
3359,1999,7.7,43.6,36.92,,
3359,2000,6.97,39.21,35.98,1308.74,
3359,2001,6.62,40.44,34.38,1368.84,
3359,2002,6.93,41.78,36.68,1359.35,
3359,2003,7.5,42.18,35.93,1390.95,
3359,2004,7.83,40.31,37.37,1403.74,
3359,2005,10.49,42.2,37.71,1439.61,
3359,2006,9.51,43.27,39.52,1476.56,
3359,2007,8.38,40.86,40.07,1500.77,
3359,2008,7.21,42.68,42.58,1534.89,
3359,2009,7.27,44.81,43.08,1541.6,
3359,2010,7.08,44.28,41.59,1578.86,2.12
3359,2011,6.46,49.92,45.74,1645.51,2.34
3359,2012,6.36,49.27,45.78,1676.6,2.36
3359,2013,6.1,49.12,43.65,1706.9,3.48
3359,2014,5.96,51.82,45.69,1742.88,5.2
3359,2015,5.79,57.47,42.95,1763.72,4.08
3359,2016,5.78,55.33,51.23,1809.11,14.41
3359,2017,5.57,46.46,43.99,1877.79,6.75
3359,2018,5.21,48.06,40.35,1927.46,5.89
3359,2019,5.05,48.7,40.34,1989.83,5.41
3359,2020,5.85,43.14,36.86,,5.6
3359,1995,,49.96,32.87,,
3359,1996,,42.68,34.07,,
3359,1997,,41.39,33.48,,
3360,1998,10.96,38.48,31.83,,
3360,1999,10.22,38.01,31.95,,
3360,2000,9.66,37.01,32.72,1176.47,
3360,2001,9.66,38.75,30.74,1224.96,
3360,2002,9.84,37.51,33.52,1217.7,
3360,2003,10.86,37.4,32.91,1249.67,
3360,2004,10.64,34.93,31.97,1261.94,
3360,2005,12.39,31.69,29.61,1280.27,
3360,2006,11.32,30.11,29.99,1305.48,
3360,2007,9.96,32.07,31.63,1323.74,
3360,2008,8.56,31.61,36.14,1386.45,
3360,2009,8.21,34.15,32.95,1396.7,
3360,2010,8.08,33.57,31.48,1439.22,1.23
3360,2011,7.56,35.92,34.36,1516.31,1.25
3360,2012,7.25,36.22,34.82,1559.91,1.43
3360,2013,7.1,38.61,35.25,1610.23,2.84
3360,2014,6.87,43.91,35.93,1618.91,4.48
3360,2015,6.34,50.43,36.27,1621.31,6.38
3360,2016,6.07,52.44,50.95,1655.23,7.86
3360,2017,5.81,43.92,39.5,1724.03,3.61
3360,2018,5.35,43.27,38.28,1768.98,2.62
3360,2019,5,44.53,39.63,1843.45,2.64
3360,2020,5.47,41.46,32.94,,2.81
3360,1995,,40.61,32.79,,
3360,1996,,39.49,34.02,,
3360,1997,,38.19,31.71,,
3361,1998,8.29,45.49,38.39,,
3361,1999,7.83,44.84,38.24,,
3361,2000,6.31,41.32,37.28,1358.7,
3361,2001,5.7,42.06,38.13,1431.45,
3361,2002,5.97,42.31,38.24,1411.88,
3361,2003,6.62,42.08,38.29,1454.43,
3361,2004,6.71,38.47,35.35,1450.34,
3361,2005,8.62,36.68,36.77,1503.08,
3361,2006,8.21,35.98,35.24,1552.41,
3361,2007,6.89,34.69,34.99,1576.93,
3361,2008,6.06,37.62,37.2,1614.19,
3361,2009,6.37,37.37,36.96,1636.45,
3361,2010,6.3,36.58,34.55,1651.34,2.34
3361,2011,5.5,38.44,37.86,1724.14,2.94
3361,2012,5.65,40.85,37.22,1762.51,3.1
3361,2013,5.6,42,37.17,1786.3,3.31
3361,2014,5.41,46.43,39.94,1809.37,5.72
3361,2015,5.24,47.78,35.42,1816.95,13.17
3361,2016,5.1,52.68,45.46,1872.92,9.85
3361,2017,4.81,45.85,38.88,1917.84,6
3361,2018,4.25,43.5,40.02,1983.25,4.61
3361,2019,3.95,45.23,40.11,2043.46,3.8
3361,2020,4.06,40.9,35.1,,4.14
3361,1995,,49.39,36.12,,
3361,1996,,46.13,36.49,,
3361,1997,,44.8,37.28,,
3401,1998,14.21,41.67,48.68,,
3401,1999,13.64,40.61,47.88,,
3401,2000,12.32,42.85,47.23,1239.9,
3401,2001,12.17,37.27,41.06,1269.91,
3401,2002,12.64,39.22,41.64,1281.63,
3401,2003,13.47,43.47,43.73,1303.86,
3401,2004,13.23,42.43,40.77,1294.21,
3401,2005,17.72,40.53,41.03,1322.14,
3401,2006,15.31,37.75,43.67,1346.37,
3401,2007,12.01,38.74,40.15,1349.66,
3401,2008,10.19,39.97,42.74,1378.54,
3401,2009,10.71,41.21,41.89,1388.56,
3401,2010,10.54,42.54,42.17,1404.42,1.29
3401,2011,10.23,49.29,45.49,1447.75,1.61
3401,2012,10.91,53.43,48.36,1464.12,1.64
3401,2013,10.7,56.11,46.71,1474.63,3.02
3401,2014,10.75,66.41,56.6,1497.06,4.65
3401,2015,10.81,74.59,53.85,1516.29,17.36
3401,2016,10.56,69.93,64.38,1530.32,10.94
3401,2017,10.25,63.49,57.43,1564.97,5.93
3401,2018,9.21,61.15,58.68,1614.39,5
3401,2019,9.37,57.83,57.41,1665.54,4.54
3401,2020,10.46,50.66,49.48,,4
3401,1995,,53.06,49.5,,
3401,1996,,46.86,47.02,,
3401,1997,,43.95,48.22,,
3402,1998,14.88,40.7,42.12,,
3402,1999,13.62,41.04,46.14,,
3402,2000,13.22,41.54,44.7,1140.31,
3402,2001,11.81,47.47,41.18,1179.07,
3402,2002,12.19,46.78,40.1,1184.2,
3402,2003,12.84,47.41,42.96,1223.63,
3402,2004,12.96,45.98,39.62,1227.88,
3402,2005,14.43,48.71,44.92,1239.63,
3402,2006,15.67,47.58,43.72,1246.22,
3402,2007,13.05,47.03,44.4,1250.33,
3402,2008,11.03,49.88,49.78,1286.16,
3402,2009,10.41,47.53,49.27,1310.66,
3402,2010,10.35,49.54,41.29,1322.21,1.96
3402,2011,9.87,48.91,47.16,1398.01,2.09
3402,2012,8.52,53.59,52.4,1417.96,2.21
3402,2013,9,59.37,54.35,1432.61,3.9
3402,2014,8.87,59.2,53,1457.14,5.8
3402,2015,8.05,69.14,52.33,1461.85,20.63
3402,2016,8.7,64.79,56.75,1489.62,10.48
3402,2017,8.66,60.68,55.47,1521.77,5.99
3402,2018,8.11,53.63,58.07,1584.78,4.82
3402,2019,8.15,53.81,56.86,1645.72,4.25
3402,2020,8.97,49.52,46.68,,5.01
3402,1995,,40.65,45.27,,
3402,1996,,41.62,42.45,,
3402,1997,,40.33,40.22,,
3403,1998,12.93,80.04,74.52,,
3403,1999,12.51,82.32,83.63,,
3403,2000,11.16,77.75,73.99,1174.6,
3403,2001,10.55,85.45,78.16,1206.17,
3403,2002,10.73,81.08,70.61,1218.47,
3403,2003,11.03,76.34,69.63,1258.11,
3403,2004,11.27,72.54,71.72,1267.69,
3403,2005,14.13,61.94,59.75,1304.03,
3403,2006,12.53,61.47,57.67,1343.9,
3403,2007,11.07,63.77,59.7,1355.41,
3403,2008,9.71,68.27,62.6,1378.2,
3403,2009,9.4,69.89,62.31,1393.15,
3403,2010,8.97,67.29,60.83,1410.1,2.57
3403,2011,8.72,63.03,59.41,1475.44,1.27
3403,2012,8.37,63.58,56.49,1489.64,2.21
3403,2013,8.2,65.35,58.66,1495.63,2.5
3403,2014,8.39,69.54,61.99,1524.92,3.42
3403,2015,7.97,77.98,59.46,1554.65,8.59
3403,2016,7.5,86.48,76.56,1591.71,7.51
3403,2017,7.35,78.84,70.32,1636.72,5.05
3403,2018,6.55,77.61,70.73,1691.32,3.51
3403,2019,6.14,73.77,68.3,1735.02,2.45
3403,2020,7,67.23,64.17,,4.01
3403,1995,,77.37,65.19,,
3403,1996,,81.23,71.67,,
3403,1997,,78.97,75.37,,
3404,1998,11.66,60,68.59,,
3404,1999,11.11,62.2,66.85,,
3404,2000,9.78,60.18,62.37,1220.43,
3404,2001,9.36,61.28,59.6,1260.79,
3404,2002,9.85,62.24,59.1,1271.98,
3404,2003,10.18,66.81,59.81,1314.96,
3404,2004,10.28,56.25,61.93,1331.81,
3404,2005,12.93,56.89,59.73,1361.13,
3404,2006,10.92,55.77,58.98,1392.11,
3404,2007,9.26,57.19,57.43,1393.12,
3404,2008,8.09,62.35,58.9,1421.5,
3404,2009,9.32,63.32,60.61,1441.78,
3404,2010,9.46,62.22,57.08,1451.02,0.97
3404,2011,8.32,72.34,65.48,1586.11,1.29
3404,2012,7.82,73.87,65.37,1615.8,1.58
3404,2013,7.8,72.9,67.13,1636.19,2.46
3404,2014,8.08,76.99,72.45,1642.11,4.28
3404,2015,7.98,102.46,68.11,1633.52,10.99
3404,2016,7.86,95.49,86.93,1693.98,9.41
3404,2017,7.55,79.36,77.02,1730.89,8.77
3404,2018,7.01,82.31,80.96,1792.38,6.32
3404,2019,6.6,83.07,80.09,1829.77,7.67
3404,2020,7.46,70.61,75.95,,5.88
3404,1995,,65.29,61.06,,
3404,1996,,58.5,65.54,,
3404,1997,,60.39,64.36,,
3405,1998,18.21,42.89,55.03,,
3405,1999,16.48,44.23,53.01,,
3405,2000,14.14,42.25,50.45,1098.21,
3405,2001,12.62,49.39,48.06,1129.07,
3405,2002,13.02,49.44,46.83,1138.21,
3405,2003,13.65,52.62,49.19,1154.99,
3405,2004,13.73,49.63,50.07,1155.27,
3405,2005,18.45,45.8,46.53,1182.33,
3405,2006,15.24,45.9,49.62,1209.86,
3405,2007,13.36,48.18,50.69,1222.73,
3405,2008,12.11,48.72,52.82,1245.76,
3405,2009,12.7,53.43,50.56,1240.16,
3405,2010,13.2,59.34,51.37,1237.36,2.93
3405,2011,12.76,69,65.95,1330.26,2.69
3405,2012,12.29,67.06,65.46,1367.81,2.47
3405,2013,12.3,61.5,64.65,1388.03,4.08
3405,2014,12.31,66.34,63.39,1414.2,6.01
3405,2015,12.28,73.94,61.35,1444.95,24.01
3405,2016,11.87,73.27,76.11,1471.01,8.18
3405,2017,11.35,71.62,63.66,1500.92,4.61
3405,2018,10.66,69.8,63.53,1541.86,3.15
3405,2019,10.33,70.58,66.16,1589.47,2.79
3405,2020,11.76,51.96,57.11,,2.99
3405,1995,,47.79,51.75,,
3405,1996,,43.2,52.16,,
3405,1997,,47.16,51.69,,
3451,1998,9.21,49.37,39.06,,
3451,1999,8.74,50.73,38.94,,
3451,2000,7.97,48.22,38.35,1218.95,
3451,2001,7.99,49.07,38.23,1294.68,
3451,2002,7.76,47.6,38.13,1276.3,
3451,2003,7.99,47.94,36.22,1314.65,
3451,2004,7.99,43.84,37.94,1322.71,
3451,2005,8.48,42.91,36.02,1374.4,
3451,2006,7.67,42.68,35.47,1421.89,
3451,2007,7.26,41.5,36.91,1451.62,
3451,2008,6.21,41.63,39.41,1492.44,
3451,2009,5.72,43.96,37.84,1500.2,
3451,2010,5.38,43.07,37.13,1528.81,1.42
3451,2011,4.92,52.29,43.7,1601.04,1.78
3451,2012,4.59,51.33,44.43,1637.69,1.5
3451,2013,4.5,53.19,47.19,1658.63,2.52
3451,2014,4.62,55.94,45.58,1698.14,4.15
3451,2015,4.26,59.85,44.86,1718.9,30.86
3451,2016,4.35,61.44,52.05,1763.28,9.18
3451,2017,4.27,53.73,46.14,1827.01,5.14
3451,2018,3.8,56.41,48.76,1872.79,5.06
3451,2019,3.62,57.15,48.9,1934.37,5.31
3451,2020,4.12,53.18,44.02,,5.25
3451,1995,,47.99,38.08,,
3451,1996,,45.45,34.97,,
3451,1997,,52.49,39.07,,
3452,1998,12.51,34.93,27.71,,
3452,1999,11.57,35.02,28.22,,
3452,2000,11.63,34.67,28.33,1089.87,
3452,2001,11.23,34.4,29.45,1137.83,
3452,2002,10.87,32.45,28.44,1122.49,
3452,2003,11.53,33.85,29.27,1146.11,
3452,2004,11.84,32.5,29.29,1147.14,
3452,2005,12.82,30.62,28.54,1181.99,
3452,2006,12.41,30.92,28.48,1221.36,
3452,2007,10.76,31.06,28.82,1244.78,
3452,2008,9.16,31.14,33.26,1290.69,
3452,2009,8.85,32.36,31.05,1313.65,
3452,2010,8.17,32.44,29.91,1341.56,1.9
3452,2011,7.81,34.21,33.62,1447.3,1.81
3452,2012,7.87,37.49,33.71,1522.48,1.71
3452,2013,8,40.19,33.78,1487.48,3.11
3452,2014,7.76,42.71,34.13,1536.82,5.19
3452,2015,7.12,45.94,35.08,1579.84,7.99
3452,2016,7.22,46.51,42.96,1614.42,8.49
3452,2017,6.91,40.19,36.93,1677.75,4.85
3452,2018,6.56,41.74,37.3,1734.82,4.09
3452,2019,6.33,42.94,39.66,1802.17,3.64
3452,2020,7.03,39.36,32.32,,3.52
3452,1995,,36.18,27.81,,
3452,1996,,34.07,27.85,,
3452,1997,,34.63,28.76,,
3453,1998,10.33,39.51,34.99,,
3453,1999,9.14,40.55,33.76,,
3453,2000,7.55,40.88,34.51,1104.28,
3453,2001,7.53,43.76,40.12,1175.31,
3453,2002,7.18,43.13,39.11,1157.86,
3453,2003,7.49,47.1,43.73,1194.95,
3453,2004,7.49,50.74,44.61,1207.17,
3453,2005,9.35,51.67,48.98,1234.6,
3453,2006,8.18,56.27,55.25,1270.76,
3453,2007,7.23,63.53,60.17,1290.86,
3453,2008,6.41,63.76,63.81,1352.61,
3453,2009,6.62,68.12,67.34,1360.52,
3453,2010,6.27,65.89,63,1410.82,1.71
3453,2011,5.38,70.85,66.97,1481.25,1.41
3453,2012,5.4,80.03,76.21,1508.05,1.29
3453,2013,5.7,75.75,75.64,1553.51,2.19
3453,2014,5.6,86.61,75.05,1602.3,3.96
3453,2015,5.35,86.04,73.21,1604.43,8.77
3453,2016,5.23,91.57,83.55,1661.6,7.91
3453,2017,4.75,87.73,77.9,1762.21,4.67
3453,2018,4.03,87,80.25,1776.69,3.71
3453,2019,3.88,88.04,82.38,1849.77,3.15
3453,2020,4.49,81.3,71.46,,3.45
3453,1995,,56.5,29.68,,
3453,1996,,35.69,31.22,,
3453,1997,,36.66,30.99,,
3454,1998,10.64,29.54,29.3,,
3454,1999,9.83,30.53,27.7,,
3454,2000,8.58,29.59,26.81,1100.88,
3454,2001,7.92,31.55,29.01,1161.99,
3454,2002,7.78,33.73,29.86,1143.59,
3454,2003,8.13,32.95,30.9,1175.93,
3454,2004,8.13,33.32,30.41,1184.87,
3454,2005,9,32.57,30.87,1230.8,
3454,2006,7.93,36.47,31.29,1280.13,
3454,2007,6.1,38.89,34.62,1317.01,
3454,2008,4.58,39.36,38.46,1358.71,
3454,2009,4.67,37.03,38.72,1372.45,
3454,2010,4.36,36.2,35.68,1404.4,1.78
3454,2011,3.69,42.94,40.58,1490.87,1.79
3454,2012,3.53,44.09,39.66,1531.97,2
3454,2013,3.7,45,40.79,1570.22,2.85
3454,2014,3.5,48.5,41.51,1622.34,4.74
3454,2015,3.23,57.09,44.32,1670.77,5.72
3454,2016,3.24,58.61,52,1703.93,8.47
3454,2017,2.99,53.41,46.61,1782.65,5.35
3454,2018,2.49,55.75,49.12,1819.69,3.99
3454,2019,2.36,57.07,52.47,1891.81,3.76
3454,2020,3.04,51.91,45.41,,3.82
3454,1995,,44.9,26.23,,
3454,1996,,28.82,25.77,,
3454,1997,,29.47,27.39,,
3455,1998,12.55,45.46,41.41,,
3455,1999,11.46,45.09,40.09,,
3455,2000,10.22,42.54,36.27,1151.13,
3455,2001,9.66,43.11,35.77,1196.46,
3455,2002,9.94,41.77,38.07,1183.83,
3455,2003,10.44,41.12,38.75,1209.43,
3455,2004,10.26,39.49,36.35,1215.27,
3455,2005,12.21,36.62,36.61,1239.95,
3455,2006,10.8,37.26,36.28,1270.17,
3455,2007,8.7,36.47,37.44,1284.96,
3455,2008,7.6,38.08,38.67,1336.42,
3455,2009,7.3,37.87,38.33,1351.35,
3455,2010,6.92,39.67,37.86,1387.18,2.16
3455,2011,6.39,42.81,41.63,1470.88,2.39
3455,2012,6.5,42.02,42.16,1525.39,2.48
3455,2013,6.2,43.38,40.23,1558.69,4.12
3455,2014,6,43.94,40.67,1592.64,5.85
3455,2015,5.49,53.89,39.24,1610.4,16.52
3455,2016,5.25,54.02,49.2,1651.63,16.72
3455,2017,5.25,48.04,42.64,1728.07,6.93
3455,2018,4.73,47.54,41.95,1779.98,6.05
3455,2019,4.3,50.42,42.69,1844.45,5.53
3455,2020,4.7,43.67,35.96,,5.46
3455,1995,,44.06,36.97,,
3455,1996,,43.96,36.21,,
3455,1997,,44.99,38.21,,
3456,1998,9.36,24.33,21.79,,
3456,1999,8.24,25.85,21.18,,
3456,2000,7.07,25.89,20.94,1144.26,
3456,2001,7.28,30.75,20.73,1181.75,
3456,2002,7.77,30.68,22.44,1153.69,
3456,2003,8.39,29.52,23.79,1178.65,
3456,2004,8.17,28.96,21.83,1175.83,
3456,2005,9.27,26.84,22.54,1202.09,
3456,2006,8.44,28.23,25.3,1235.6,
3456,2007,6.05,30.84,26.55,1254.92,
3456,2008,4.55,29.75,27.55,1295.8,
3456,2009,5.33,26.44,26.99,1303.03,
3456,2010,5.21,25.81,27.15,1339.54,2.31
3456,2011,4.67,29.36,29.01,1420.66,2.04
3456,2012,4.53,32.46,29.18,1462.6,1.92
3456,2013,4.5,31.7,30.21,1499.04,2.59
3456,2014,4.35,35.55,29.81,1536.85,4.62
3456,2015,3.96,43.27,32.16,1555.31,52.43
3456,2016,3.94,40.31,36.13,1604.46,7.14
3456,2017,3.71,34.43,32.54,1677.59,3.98
3456,2018,2.99,36.86,30.91,1716.27,4.29
3456,2019,2.48,38.33,32.74,1783.81,4.2
3456,2020,3.02,34.55,27.8,,4.28
3456,1995,,28.28,19.11,,
3456,1996,,24.74,19.73,,
3456,1997,,25.49,21.96,,
3457,1998,13.01,37.47,29.17,,
3457,1999,11.91,36.03,27.41,,
3457,2000,11.09,31.77,26.15,1065.73,
3457,2001,10.64,34.01,26.55,1109.57,
3457,2002,10.85,33.1,27.47,1100.19,
3457,2003,12.2,31.72,26.84,1130.89,
3457,2004,11.82,30.58,30.37,1143.35,
3457,2005,13.88,31.16,27.35,1180.63,
3457,2006,12.23,31.01,27.72,1227.31,
3457,2007,9.95,31.9,31.69,1261.51,
3457,2008,8.54,34.53,33.37,1289.78,
3457,2009,8.31,33.14,31.48,1284.11,
3457,2010,8.12,34.46,32.54,1294.27,1.4
3457,2011,7.44,37.15,32.17,1352.54,1.72
3457,2012,6.35,38.09,33.92,1397.5,1.85
3457,2013,6.5,40.93,34.34,1418.72,2.68
3457,2014,6.47,45.2,36.34,1460.17,5.05
3457,2015,6.21,50.57,36.95,1500.39,7.22
3457,2016,6.12,46.8,43.38,1546.01,9.96
3457,2017,6.03,43.27,37.09,1603.82,6.01
3457,2018,5.61,46.57,38.7,1651.1,6.52
3457,2019,5.23,48.78,40.26,1703.9,6.99
3457,2020,5.92,43.41,36.81,,7.61
3457,1995,,38.94,27.05,,
3457,1996,,36.01,26.41,,
3457,1997,,35.14,28.23,,
3458,1998,8.74,52.05,41.96,,
3458,1999,8.2,54.99,40.47,,
3458,2000,7.55,53.02,40.63,1214.69,
3458,2001,7.56,50.83,39.71,1286.54,
3458,2002,7.6,50.5,41.49,1269.57,
3458,2003,8.01,50.95,43.38,1313.96,
3458,2004,8.14,47.9,42.81,1329.9,
3458,2005,9.08,45.65,40.75,1364.01,
3458,2006,7.83,44.05,40.47,1404.66,
3458,2007,6.72,44.66,41.25,1426.58,
3458,2008,6.01,43.26,43.27,1483.71,
3458,2009,6.19,48.52,41.96,1498.82,
3458,2010,5.86,57.86,49.47,1536.46,1.15
3458,2011,4.7,73.75,68.56,1644.75,1.1
3458,2012,4.29,69.75,66.28,1698.01,0.93
3458,2013,4.8,83.3,77.81,1726.78,1.7
3458,2014,4.69,83.98,73.14,1780.31,3.47
3458,2015,4.23,86.32,69.09,1776.73,9.02
3458,2016,4.05,92.54,82.64,1843.2,7.95
3458,2017,3.74,77.18,71.71,1909.01,3.83
3458,2018,3.47,78.21,73.5,1958.85,3.07
3458,2019,3.1,81.18,73.35,2021.89,2.52
3458,2020,3.65,66.31,58.72,,2.36
3458,1995,,56.77,40.39,,
3458,1996,,52.94,43.22,,
3458,1997,,54.46,40.92,,
3459,1998,7.79,105.67,101.67,,
3459,1999,7.2,116.33,110.77,,
3459,2000,6.17,96.76,97.51,1242.15,
3459,2001,6.14,44.49,39.06,1306.98,
3459,2002,6.64,42.89,41.13,1303.81,
3459,2003,7.04,40.59,37.54,1348.7,
3459,2004,6.96,36.32,33.17,1357.61,
3459,2005,8.32,32.98,32.71,1395.18,
3459,2006,7.96,30.98,30.88,1434.95,
3459,2007,5.64,31.33,31.83,1455.79,
3459,2008,4.73,33.49,34.42,1485.49,
3459,2009,5.28,32.91,34.56,1498.95,
3459,2010,4.95,32.74,33.95,1523.03,2.64
3459,2011,4.06,38.21,36.99,1613.22,2.63
3459,2012,3.82,40.03,38.47,1659.46,1.72
3459,2013,4,46.83,44.92,1692.01,2.2
3459,2014,3.96,56.28,52.37,1731.24,4.44
3459,2015,3.69,108.47,88.01,1750.39,1.65
3459,2016,3.69,67.61,72.16,1813.57,5.07
3459,2017,3.4,55.45,50.82,1873.35,4.56
3459,2018,3.11,54.05,49.2,1928.36,3.95
3459,2019,2.9,52.26,49.22,1996.3,4.56
3459,2020,3.54,52.34,46.48,,3.59
3459,1995,,166.57,145.93,,
3459,1996,,143.63,141.07,,
3459,1997,,140.2,133.53,,
3460,1998,6.96,31.36,26.35,,
3460,1999,6.37,33.24,25.34,,
3460,2000,5.57,37,27.82,1233.18,
3460,2001,5.48,35.93,27.72,1323.23,
3460,2002,5.18,33.94,27.82,1293.15,
3460,2003,5.56,52.62,48.73,1348.12,
3460,2004,5.57,69.21,63.97,1371.68,
3460,2005,6.64,71.76,69.28,1418.11,
3460,2006,6.03,74.28,70.91,1469.93,
3460,2007,4.96,77.45,70.77,1495.23,
3460,2008,4.24,78.12,79.55,1527.94,
3460,2009,4.34,78.1,77.32,1520.68,
3460,2010,4.02,74.73,72.4,1541.35,1.36
3460,2011,3.7,78.36,71.91,1654.44,1.31
3460,2012,3.81,81.1,77.72,1684.21,1.69
3460,2013,3.9,80.77,77.94,1706.67,1.92
3460,2014,3.9,83.01,71.25,1730.35,4.23
3460,2015,3.84,82.28,71.98,1766.04,63.05
3460,2016,4.16,91.26,77.19,1800.7,6.26
3460,2017,3.93,74.42,71.38,1902.81,3.02
3460,2018,3.46,75.4,70.35,1932.2,2.2
3460,2019,3.41,62.21,57.07,2008.57,2.44
3460,2020,4.25,52.61,48.5,,3.13
3460,1995,,49.07,26.2,,
3460,1996,,34.99,26.91,,
3460,1997,,32.42,28.07,,
3461,1998,11.55,31.24,34.58,,
3461,1999,10.72,34.36,35.42,,
3461,2000,9.5,32.34,32.17,1188.25,
3461,2001,8.93,36.33,32.92,1230.23,
3461,2002,8.83,33.73,31.97,1226.58,
3461,2003,8.9,33.21,32.03,1254.72,
3461,2004,9.26,31.44,31.43,1276.02,
3461,2005,10.23,33.02,33.74,1307.02,
3461,2006,10.23,30.84,34.01,1342.79,
3461,2007,9.19,33.66,34.47,1369.75,
3461,2008,8.13,34.37,36.93,1413.56,
3461,2009,7.92,35.64,39.23,1426.66,
3461,2010,8.02,34.59,34.59,1467.31,2.37
3461,2011,7.42,36.47,39.99,1547.01,2.41
3461,2012,7.31,37.24,36.39,1590.54,2.12
3461,2013,7.6,40.56,38.57,1614.15,2.99
3461,2014,7.43,44.25,40.48,1643.92,4.83
3461,2015,7.32,48.47,37.33,1664.47,27.62
3461,2016,7.15,50.96,47.34,1718.87,11.42
3461,2017,6.85,43.33,41.76,1772.35,6.39
3461,2018,6.44,46.53,46.13,1826.47,6.69
3461,2019,5.84,46.93,42.95,1903.93,5.57
3461,2020,6.74,44.23,39.33,,6.27
3461,1995,,42.31,31.73,,
3461,1996,,38.34,34.58,,
3461,1997,,36.88,36.02,,
3462,1998,12.2,47.87,37.02,,
3462,1999,11.25,49.97,39.02,,
3462,2000,10.49,42.38,42.99,1086.89,
3462,2001,10.4,42.89,41.67,1136.47,
3462,2002,10.68,43.19,39.77,1126.13,
3462,2003,11.2,43.5,41.18,1163.03,
3462,2004,11.33,43.25,40.35,1188.14,
3462,2005,13.17,41.1,37.22,1227.79,
3462,2006,12.1,39.48,39.98,1277.48,
3462,2007,10.13,39.43,38.52,1307.47,
3462,2008,8.49,41.24,42.3,1346.38,
3462,2009,8.2,43.96,42.86,1339.63,
3462,2010,7.94,42.7,40.94,1363.48,1.29
3462,2011,7.14,44.03,44.35,1449.83,1.89
3462,2012,7.02,44.89,44.89,1503.3,2.64
3462,2013,7,50,44.59,1548.19,3.4
3462,2014,7.04,54.46,47.9,1585.39,5.62
3462,2015,6.84,63.95,48.85,1604.33,133.1
3462,2016,6.56,52.69,59.7,1671.91,6.73
3462,2017,6.25,50.13,47.65,1750.55,4.41
3462,2018,5.63,55.41,46.2,1792.16,4.34
3462,2019,5.35,54.46,47.55,1862.05,4.9
3462,2020,6.21,53.43,39.99,,7.93
3462,1995,,46.65,35.67,,
3462,1996,,42.9,35.88,,
3462,1997,,42.47,37,,
4011,1998,14.24,38.97,43.7,,
4011,1999,13.55,42.16,45.27,,
4011,2000,12.3,41.92,41.31,1350.92,
4011,2001,11.55,45.43,40.27,1423.52,
4011,2002,11.58,46.09,39.1,1411.22,
4011,2003,12.2,46.27,39.73,1431.54,
4011,2004,12.21,45.28,40.51,1400.04,
4011,2005,15.36,43.47,38.96,1490.8,
4011,2006,13.68,44.05,39.72,1522.09,
4011,2007,11.58,43.41,41.57,1566.96,
4011,2008,10.34,45.39,43.84,1641.9,
4011,2009,11.09,48.83,45.17,1569.02,
4011,2010,11.07,49.18,47.19,1561.41,4.68
4011,2011,10.69,50.71,45.99,1602.34,5.15
4011,2012,10.47,52.84,46.4,1641.3,5.05
4011,2013,10.4,53.35,47.09,1661.6,6.58
4011,2014,10.12,54.48,48.34,1683.68,9.17
4011,2015,10.06,58.82,47.62,1691.94,10.99
4011,2016,9.68,66.97,53.6,1716.98,10.03
4011,2017,9.66,52.85,47.6,1780.98,6.4
4011,2018,9.3,53.74,49.53,1841.69,4.88
4011,2019,9.48,54.07,55.87,1886.67,5.17
4011,2020,10.67,44.64,44.21,,6.79
4011,1995,,43.92,40.55,,
4011,1996,,42.25,40.96,,
4011,1997,,40.14,41.41,,
4012,1998,19.33,36.37,51.38,,
4012,1999,17.87,40.22,53.6,,
4012,2000,16.29,35.71,48.99,1223.67,
4012,2001,16.35,36.37,50.91,1254.96,
4012,2002,16.87,55.46,48.42,1141.14,
4012,2003,17.94,46.53,50.37,1163.4,
4012,2004,18.44,48.89,50.31,1146.19,
4012,2005,23.7,43.61,46.01,1203.71,
4012,2006,20.65,43.33,44.98,1182.17,
4012,2007,18.68,46.21,48.03,1213.08,
4012,2008,16.69,48.84,51.36,1290.62,
4012,2009,15.33,51.07,51.07,1298.08,
4012,2010,16.36,47.99,49.77,1287.04,3.65
4012,2011,16.29,55.19,53.88,1359.26,4.37
4012,2012,14.88,60.47,55.03,1449.9,4.84
4012,2013,14.6,66.1,55.92,1415.45,5.79
4012,2014,14.68,71.75,56.51,1394.69,8.48
4012,2015,15.12,92.62,55.6,1378.43,51.02
4012,2016,14.62,80.72,87.96,1412.34,4.07
4012,2017,13.05,72.02,69.47,1456.43,2.6
4012,2018,12.56,71.47,62.99,1505.89,8.08
4012,2019,12.19,68.61,66.42,1549.09,9.35
4012,2020,13.83,59.91,57.78,,8.63
4012,1995,,47.9,49.23,,
4012,1996,,41.2,50.77,,
4012,1997,,39.4,53.61,,
5111,1998,11.57,51.55,53.56,,
5111,1999,10.96,54.96,51.69,,
5111,2000,9.74,53.92,50.89,1617.2,
5111,2001,8.94,56.23,51.57,1652.82,
5111,2002,8.95,54.9,50.94,1648.99,
5111,2003,9.6,54.47,50.65,1689.4,
5111,2004,9.91,56.19,54.32,1728.81,
5111,2005,12.24,57.9,52.88,1752.28,
5111,2006,11.93,58.91,52.44,1776.78,
5111,2007,10.63,61.19,54.09,1780.15,
5111,2008,9.63,62.14,56.42,1835.83,
5111,2009,9.56,62.31,58.12,1769.37,
5111,2010,9.5,62.2,57.81,1821.37,1.12
5111,2011,9.05,67.47,61.03,1875.95,1.4
5111,2012,8.87,66.96,60.21,1897.35,1.71
5111,2013,8.8,71.97,64.57,1942.39,2.28
5111,2014,8.75,72.96,65.15,1929.52,3.35
5111,2015,8.53,79.63,68.45,1982.29,4.79
5111,2016,7.82,75.73,76.7,2045.18,11.21
5111,2017,7.37,68.85,62.77,2136.68,10.75
5111,2018,6.73,67.95,65.98,2216.87,3.32
5111,2019,6.62,68.68,65.57,2261.91,6.38
5111,2020,7.77,58.66,61.11,,5.35
5111,1995,,52.24,51.73,,
5111,1996,,52.23,48.74,,
5111,1997,,52.6,51.28,,
5112,1998,15.61,30.88,40.14,,
5112,1999,14.79,31.18,35.56,,
5112,2000,13.5,28.43,35.21,1112.12,
5112,2001,12.92,30.33,33.05,1143.99,
5112,2002,13.22,29.71,33.25,1156.08,
5112,2003,13.9,31.47,32.23,1175.61,
5112,2004,14.32,32.84,33.68,1193.43,
5112,2005,17.67,31.77,33.7,1188.37,
5112,2006,16.34,31.44,32.8,1188.52,
5112,2007,14.21,33.88,35.72,1193.63,
5112,2008,12.74,36.52,37.89,1232.02,
5112,2009,13.02,36.59,36.89,1224.01,
5112,2010,13.17,38.5,39.32,1255.38,1.9
5112,2011,13.2,40.58,39.93,1287.19,2.27
5112,2012,12.82,44.38,41.77,1304.67,2.18
5112,2013,12.9,51.32,47.04,1309.68,2.82
5112,2014,13.14,54.02,56.13,1333.63,4.37
5112,2015,13.19,73.97,60.2,1338.93,0.09
5112,2016,13.01,81.25,71.13,1343.61,12.17
5112,2017,12.49,57.94,59.72,1387.53,7.69
5112,2018,11.41,58.72,55.33,1436.86,5.91
5112,2019,10.81,56.34,54.13,1478.26,5.32
5112,2020,12.1,43.55,46.01,,4.73
5112,1995,,39.52,39.4,,
5112,1996,,37.22,40.19,,
5112,1997,,33.41,38.65,,
5113,1998,12.47,27.11,32.23,,
5113,1999,12.05,29.18,31.13,,
5113,2000,11.29,28.59,31.61,1359.58,
5113,2001,10.82,30.88,31.74,1384.33,
5113,2002,11.33,26.53,32.7,1394.58,
5113,2003,11.8,42.82,31.11,1402.91,
5113,2004,12.15,32.7,30.96,1420.16,
5113,2005,16.29,33.01,33.05,1429.18,
5113,2006,15.21,33.18,32.61,1442.91,
5113,2007,13.53,35.6,33.31,1448.11,
5113,2008,12.29,36.08,35.78,1496.26,
5113,2009,12.25,37.96,39.41,1461.54,
5113,2010,12.03,37.62,35.73,1497.99,3.83
5113,2011,12.02,40.43,37.89,1559.54,3.74
5113,2012,12.49,43.07,37.41,1541.8,4.18
5113,2013,12.4,46.57,36.98,1558.27,4.71
5113,2014,12.36,54.64,39.3,1575,5.29
5113,2015,12.15,67.99,49.58,1566.29,4.31
5113,2016,11.93,55.87,54.74,1616.25,10.98
5113,2017,11.39,53.57,50.41,1653.17,6.94
5113,2018,10.61,53.38,51.81,1717.52,5.42
5113,2019,10.21,50.29,49.87,1764.54,4.78
5113,2020,11.04,47.73,45.75,,5.45
5113,1995,,25.25,26.33,,
5113,1996,,27.26,28.04,,
5113,1997,,28.95,30.26,,
5114,1998,13.8,32.77,40.04,,
5114,1999,12.86,32.89,38.76,,
5114,2000,11.04,34.47,40.52,1303.64,
5114,2001,10.17,36.84,36.17,1330.47,
5114,2002,10.64,39.13,38.21,1332.65,
5114,2003,11.54,37.46,37.42,1366.67,
5114,2004,11.75,37.39,36.69,1393.1,
5114,2005,13.38,35.67,35.38,1399.5,
5114,2006,13.16,35.11,35.4,1410.62,
5114,2007,11.89,35.56,35.82,1413.61,
5114,2008,10.74,36.94,35.12,1469.77,
5114,2009,11.43,37.44,37.7,1436.92,
5114,2010,11.33,39.84,37.83,1475.12,0.63
5114,2011,10.57,44.33,43.48,1604.94,2.12
5114,2012,10.65,47.54,43.11,1614.59,2.41
5114,2013,11.2,53.31,48.97,1613.47,3.09
5114,2014,11.18,55.33,51.7,1644.09,5
5114,2015,11.01,62.33,48.59,1661.65,12.06
5114,2016,10.65,63.89,55.25,1690.45,13.76
5114,2017,10.43,51.75,52,1750.41,6.06
5114,2018,10.16,54.66,49.88,1813.58,6.09
5114,2019,10.05,52.36,48.3,1858.99,5.43
5114,2020,11.11,41.03,40.02,,4.32
5114,1995,,36.28,35.39,,
5114,1996,,31.05,37.53,,
5114,1997,,32.45,40.72,,
5116,1998,12.51,32.91,38.83,,
5116,1999,12.06,34.89,36.57,,
5116,2000,10.49,34.31,35.44,1346.4,
5116,2001,9.99,34.98,33.9,1384.2,
5116,2002,11.01,35.6,32.93,1374.35,
5116,2003,11.82,34.59,34.48,1408.51,
5116,2004,12.21,35.15,35.21,1432.42,
5116,2005,15.03,35.7,35.02,1434.89,
5116,2006,15.24,34.62,34.24,1446.65,
5116,2007,13.58,35.7,36.96,1447.52,
5116,2008,11.5,35.83,37.61,1504.47,
5116,2009,12.16,37.41,36.49,1468.58,
5116,2010,11.5,41.16,38.86,1512.11,1.78
5116,2011,11.27,42.04,41.36,1576.09,1.84
5116,2012,11.22,44.22,40.4,1570.73,2.23
5116,2013,11.4,48.68,43.34,1568.28,2.86
5116,2014,11.37,50.64,42.95,1599.04,4.52
5116,2015,10.78,58.25,43.45,1593.47,3.3
5116,2016,10.45,55.04,51.49,1636.58,8.87
5116,2017,10.22,56.89,49.33,1691.13,7.78
5116,2018,9.75,68.27,67.19,1762.79,3.01
5116,2019,8.95,64.53,63.35,1811.55,2.95
5116,2020,10.02,41.12,42.92,,3.83
5116,1995,,39.16,35.65,,
5116,1996,,38.05,36.41,,
5116,1997,,36.43,37.44,,
5117,1998,10.17,34.14,35.44,,
5117,1999,9.83,37.41,36.94,,
5117,2000,8.86,35.45,36.36,1509.15,
5117,2001,8.51,35.11,33.56,1548.01,
5117,2002,8.04,37.7,33.54,1524.98,
5117,2003,9.01,34.07,37.11,1567.3,
5117,2004,9.19,37.45,35.52,1593.93,
5117,2005,11.14,37.48,34.88,1644.65,
5117,2006,11.74,36.37,33.96,1685.6,
5117,2007,10.22,37.05,35.21,1708.89,
5117,2008,8.26,38.41,37.29,1734.24,
5117,2009,8.42,38.02,37.58,1663.52,
5117,2010,8.83,39.13,35.05,1671.48,2.6
5117,2011,8.37,39.59,36.38,1741.76,3.02
5117,2012,7.8,40.5,36.61,1760.17,3.42
5117,2013,7.6,43.93,38.08,1771.66,4.29
5117,2014,7.87,45.84,39.94,1800.54,6.3
5117,2015,8.21,57.79,40.55,1788.27,11.64
5117,2016,8.35,57.19,46.59,1805.65,11.81
5117,2017,7.99,47.56,41.95,1856.45,8.19
5117,2018,7.35,44.76,43.36,1933.57,6.98
5117,2019,7.14,46.33,43.33,1987.89,6.04
5117,2020,8.31,44.03,38.16,,5.12
5117,1995,,37.31,33.15,,
5117,1996,,34.46,33.7,,
5117,1997,,36.52,35.37,,
5119,1998,13.82,34.04,36.2,,
5119,1999,13.11,36.27,34.06,,
5119,2000,11.89,35.38,33.43,1166.61,
5119,2001,11.54,32.33,31.95,1213.99,
5119,2002,10.78,32.23,31.74,1212.92,
5119,2003,11.91,33.52,32.9,1226.97,
5119,2004,12.59,33.23,33.3,1242.51,
5119,2005,15.24,33.71,31.57,1236.39,
5119,2006,15.41,33.61,32.73,1233.69,
5119,2007,13.85,35.74,36.82,1239.73,
5119,2008,12.21,35.2,36.92,1280.14,
5119,2009,12.35,37.09,39.69,1279.44,
5119,2010,11.64,36.46,37.43,1321.58,2.06
5119,2011,11.61,42.56,39.76,1371.6,2.15
5119,2012,11.74,41.72,37.98,1375.45,2.07
5119,2013,12.3,42.03,40.75,1393.53,2.44
5119,2014,12.03,46.1,42.62,1416.03,4.09
5119,2015,11.63,53.8,41.83,1434.04,27.38
5119,2016,11.12,49.97,47.73,1466.13,13.73
5119,2017,10.75,46,42.12,1502.55,8.08
5119,2018,10.17,45.87,44.39,1564,5.63
5119,2019,9.84,47.48,44.23,1613.9,5.27
5119,2020,10.76,37.57,39.08,,4.03
5119,1995,,29.78,31.67,,
5119,1996,,33.79,33.65,,
5119,1997,,33.82,33.52,,
5120,1998,9.29,30.4,36.76,,
5120,1999,9.23,40.02,33.72,,
5120,2000,8.08,31.76,36.68,1458.88,
5120,2001,7.66,31.57,33.99,1490.56,
5120,2002,8.45,32.25,33.88,1486.38,
5120,2003,9.52,31.92,34.07,1529.35,
5120,2004,9.67,30.1,35.51,1553.72,
5120,2005,11.53,28.44,34.5,1579.49,
5120,2006,11.83,27.89,33.06,1616.1,
5120,2007,9.68,29.05,35.47,1643.16,
5120,2008,8.28,28.91,36.79,1668.03,
5120,2009,9.78,29.75,37.36,1600.82,
5120,2010,10.21,31.57,35.98,1615.4,1.72
5120,2011,8.58,31.58,36.35,1666.71,1.62
5120,2012,8.94,33.89,36.55,1691.55,2.39
5120,2013,9.3,36.41,36.41,1708.71,2.85
5120,2014,8.74,41.18,37.56,1736.82,4.67
5120,2015,8.49,47.33,38.28,1740.84,37.88
5120,2016,8.7,52.56,42.32,1758.08,14.43
5120,2017,8.47,43.34,41.13,1842.46,7.9
5120,2018,7.42,45.97,39.15,1906.71,6.86
5120,2019,7.05,45.74,39.7,1947.18,5.95
5120,2020,7.97,41.11,36.18,,5.25
5120,1995,,30.93,36.04,,
5120,1996,,29.37,32.63,,
5120,1997,,28.31,34.31,,
5122,1998,9.23,35.34,31.7,,
5122,1999,8.97,33.69,29.8,,
5122,2000,8.03,29.31,30.71,1436.2,
5122,2001,7.89,31.68,28.93,1513.3,
5122,2002,8.48,31.3,30.45,1503.86,
5122,2003,9.14,31.77,29.67,1549.74,
5122,2004,9.57,30.84,30.51,1573.42,
5122,2005,10.03,28.1,29.04,1573.71,
5122,2006,10.51,29.24,30.46,1582.93,
5122,2007,9.21,31.91,31.29,1573.26,
5122,2008,8.67,31.1,32.52,1635.35,
5122,2009,9.38,31.16,32.49,1607.08,
5122,2010,8.93,31.59,34,1666.54,1.61
5122,2011,8.07,37.2,34.35,1765.36,2.05
5122,2012,8.41,40.29,34.99,1798.78,2.87
5122,2013,9,42.18,35.15,1782.91,4.2
5122,2014,9.4,46.23,37.49,1808.81,5.43
5122,2015,9.06,53.36,38.1,1781.01,35.55
5122,2016,8.86,49.27,44.73,1830.41,7.95
5122,2017,8.35,45.83,42.96,1896.12,4.17
5122,2018,7.63,44.36,37.61,1966.98,4.71
5122,2019,7.06,44.59,43.02,2014.79,4.03
5122,2020,8.15,40.24,37.98,,2.83
5122,1995,,32.49,32.2,,
5122,1996,,29.8,31.57,,
5122,1997,,32.68,31.92,,
5124,1998,11.03,31.56,41.18,,
5124,1999,10.71,31.69,37.69,,
5124,2000,9.51,32.82,37.59,1375.82,
5124,2001,9.12,33.01,35.29,1419.33,
5124,2002,9.93,35.53,35.94,1417.08,
5124,2003,10.88,33.3,33.9,1457.42,
5124,2004,11.69,35.06,35.23,1478.97,
5124,2005,15.01,33.49,36.01,1486.42,
5124,2006,14.91,34.67,34.74,1498.88,
5124,2007,12.49,34.63,36.84,1498.19,
5124,2008,11.57,33.76,39.13,1542.02,
5124,2009,12.51,35.94,38.84,1494.45,
5124,2010,11.46,37.16,37.32,1517.42,3.98
5124,2011,11.04,41.61,39.23,1592.59,4.07
5124,2012,11.88,44.75,40.2,1586,5.02
5124,2013,11.9,47.75,42.46,1601.3,5.98
5124,2014,10.76,50.13,42.88,1622.35,8
5124,2015,9.78,62.13,47.33,1640.14,10.92
5124,2016,9.75,55.95,55.4,1694.85,11.6
5124,2017,9.27,54.07,48.83,1721.89,7.77
5124,2018,8.35,47.65,43.52,1783.79,6.44
5124,2019,8.1,48.21,43.86,1819.65,5.23
5124,2020,9.95,44.86,41.49,,4.92
5124,1995,,34.44,36.79,,
5124,1996,,32.66,35.08,,
5124,1997,,32.65,38.95,,
5154,1998,8.95,32.67,25.29,,
5154,1999,8.79,33.46,24.75,,
5154,2000,7.97,34.2,27.68,1242.99,
5154,2001,7.5,34.59,25.55,1297.24,
5154,2002,7.21,35.41,26.53,1260.2,
5154,2003,7.55,35.03,28.66,1282.61,
5154,2004,7.65,34.09,28.47,1305.92,
5154,2005,8.99,33.55,28.87,1315.91,
5154,2006,9.32,32.06,28.15,1335.39,
5154,2007,6.81,33.87,29.9,1350.96,
5154,2008,5.83,32.7,31.78,1392.12,
5154,2009,6.78,32.85,31.52,1354.17,
5154,2010,6.02,33.09,30.92,1407.59,1.58
5154,2011,5.29,38.66,35.09,1493.65,1.79
5154,2012,6,40.89,35.92,1528.48,2.28
5154,2013,6.5,43.15,37.89,1542.21,3.07
5154,2014,6.73,48.49,39.19,1561.44,5.82
5154,2015,6.59,87.92,66.59,1566.3,11.43
5154,2016,6.47,60.24,57.24,1623.11,12.83
5154,2017,6.22,53.39,47.82,1680.7,8.4
5154,2018,5.63,56.13,54.14,1731.88,6.5
5154,2019,5.15,57.09,49.37,1794.29,5.5
5154,2020,5.46,51.77,45.11,,5.6
5154,1995,,36.46,23.99,,
5154,1996,,32.66,23.12,,
5154,1997,,32.16,25.72,,
5158,1998,7.97,39.54,36.86,,
5158,1999,7.6,39.73,36.56,,
5158,2000,6.65,37.98,34.69,1570.18,
5158,2001,6.33,37.28,33.62,1626.88,
5158,2002,6.68,35.48,34.47,1608.61,
5158,2003,7.29,34.03,34.82,1643.62,
5158,2004,7.61,33.55,33.72,1665.72,
5158,2005,8.95,32.99,33.09,1674.3,
5158,2006,8.97,32.18,32.86,1687.94,
5158,2007,7.48,32.89,33.31,1689.54,
5158,2008,6.79,33.1,36,1739.48,
5158,2009,7.37,33.39,35.67,1694.71,
5158,2010,7.12,33.74,32.94,1733.88,1.81
5158,2011,6.59,38.68,36.72,1856.86,2.3
5158,2012,6.83,39.06,36.26,1896.61,2.73
5158,2013,7.1,40.83,38.11,1912.68,3.37
5158,2014,6.89,43.19,38.51,1939.7,4.88
5158,2015,6.72,54.07,38.95,1950.66,13.88
5158,2016,6.54,50.3,42.89,1996.45,10.44
5158,2017,6.23,43.94,39.77,2049.99,6.14
5158,2018,5.76,44.69,40.3,2133.62,5.33
5158,2019,5.64,43.44,40.32,2194.69,4.88
5158,2020,6.7,39.13,36.98,,4.67
5158,1995,,37.13,36.27,,
5158,1996,,36.41,36.11,,
5158,1997,,37.4,36.58,,
5162,1998,8.43,37.35,35.48,,
5162,1999,7.93,37.64,36.29,,
5162,2000,6.95,36.88,35.92,1500.19,
5162,2001,6.53,39.24,35.33,1550.97,
5162,2002,7.03,37.25,35.64,1550.47,
5162,2003,7.75,34.69,34.8,1595.28,
5162,2004,8.14,34.73,34.2,1635.28,
5162,2005,9.01,33.97,35.34,1648.38,
5162,2006,8.4,33.44,33.47,1671.24,
5162,2007,7.5,36.42,35.7,1680.04,
5162,2008,6.53,35.05,35.68,1729.48,
5162,2009,6.85,37.52,36.69,1679.27,
5162,2010,6.56,37.08,34.59,1724.04,1.33
5162,2011,6.2,40.38,37.1,1807.33,1.7
5162,2012,6,41,35.81,1846.36,1.93
5162,2013,6.4,43.57,38.2,1866.47,2.72
5162,2014,6.45,45.44,39.83,1907.07,3.76
5162,2015,6.13,69.75,50.88,1920.48,6.69
5162,2016,5.65,54.7,56.12,1974.03,9.5
5162,2017,5.68,46.29,40.11,2033.8,9.72
5162,2018,5.28,47.3,42.81,2114.05,4.3
5162,2019,5,47.75,44.17,2172.28,3.75
5162,2020,5.89,41.4,38.51,,3.97
5162,1995,,40.78,35.2,,
5162,1996,,41.99,34.89,,
5162,1997,,38.25,35.82,,
5166,1998,9,40.76,30.3,,
5166,1999,8.71,38.82,30.45,,
5166,2000,7.66,38.16,31.71,1320.04,
5166,2001,7.27,38.47,31.14,1375.47,
5166,2002,7.63,37.18,31.85,1373.04,
5166,2003,8.22,34.9,33.18,1417.85,
5166,2004,8.15,34.06,30.8,1452.67,
5166,2005,9.07,31.98,30.43,1466.5,
5166,2006,8.71,30.79,30.6,1493.49,
5166,2007,7.26,32.69,31.1,1510.15,
5166,2008,6.44,32.74,32.01,1556.83,
5166,2009,7.08,33.74,33.33,1521.18,
5166,2010,7.37,31.95,33.14,1573.32,1.48
5166,2011,7,35.93,34.2,1652.96,1.82
5166,2012,7.12,36.81,35.14,1687.11,2.16
5166,2013,7.3,39.19,36.77,1701.49,2.84
5166,2014,7.17,41.4,38.12,1740.96,4.04
5166,2015,6.92,57.31,45.17,1757.67,44.85
5166,2016,6.78,55.4,48.52,1809.49,10
5166,2017,6.43,46.52,42.9,1864.68,5.41
5166,2018,5.92,51.75,48.18,1937.19,4.79
5166,2019,5.29,48.78,45.65,2001.34,4.3
5166,2020,5.96,39.55,36.87,,3.2
5166,1995,,42.65,31.43,,
5166,1996,,39.55,30.38,,
5166,1997,,40.37,30.58,,
5170,1998,10.32,33.75,29.41,,
5170,1999,9.82,33.52,29.2,,
5170,2000,8.8,32.71,29.73,1249.56,
5170,2001,8.43,33.11,28.07,1304.16,
5170,2002,8.26,32.72,27.31,1301.05,
5170,2003,8.95,31.13,29.56,1331.03,
5170,2004,8.86,30.03,28.67,1361.96,
5170,2005,10.25,28.99,27.98,1373.51,
5170,2006,9.8,28.54,28.31,1394.78,
5170,2007,8.31,29.1,28.91,1415.37,
5170,2008,7.41,28.93,30.04,1471.43,
5170,2009,7.56,30.14,30.26,1449.44,
5170,2010,7.67,30.17,30.15,1498.27,1.31
5170,2011,7.21,32.61,31.63,1575.43,1.87
5170,2012,7.07,32.84,31.83,1608.65,2.33
5170,2013,7.4,34.41,32.77,1624.58,3
5170,2014,7.72,36.47,32.66,1652.36,5.18
5170,2015,7.5,50.33,34.57,1671.18,3.67
5170,2016,7.08,46.59,43.95,1723.36,12.65
5170,2017,6.87,38.32,37.06,1787.06,7.58
5170,2018,6.27,37.62,35.37,1864.69,6.47
5170,2019,5.94,38.65,34.39,1928.08,5.89
5170,2020,6.6,35.27,29.91,,4.81
5170,1995,,34.62,28.18,,
5170,1996,,33.02,27.3,,
5170,1997,,33.14,28.67,,
5314,1998,7.25,67.65,69.14,,
5314,1999,6.98,70.51,83.15,,
5314,2000,6.53,74.78,71.88,1417.24,
5314,2001,6.45,77.17,65.25,1423.58,
5314,2002,7.06,72.34,63.42,1426.5,
5314,2003,7.75,71.92,65.69,1473.24,
5314,2004,7.72,68.75,66.97,1530.54,
5314,2005,9.08,67.19,65.66,1547.9,
5314,2006,8.81,66.63,62.77,1561.58,
5314,2007,8.41,68.36,62.95,1580.43,
5314,2008,7.7,69.23,65.22,1630.67,
5314,2009,7.6,70.92,66.31,1586.61,
5314,2010,7.01,79.56,65.53,1624.02,1.59
5314,2011,6.62,83.07,74.97,1771.37,1.97
5314,2012,6.86,80.29,73.75,1751.25,2.18
5314,2013,7.1,81.17,77.48,1779.71,2.73
5314,2014,7.24,83.17,77.96,1802.67,3.33
5314,2015,7.33,99.41,86.07,1818.3,20.62
5314,2016,7.13,97.2,92.01,1852.43,7.12
5314,2017,6.68,96.37,87.82,1874.82,2.86
5314,2018,6.44,81.91,77.79,1938.31,2.31
5314,2019,6.32,82.18,76.25,1978.61,2.24
5314,2020,7.51,70.03,68,,2.96
5314,1995,,54.71,61,,
5314,1996,,109.51,72.61,,
5314,1997,,71.46,66.21,,
5315,1998,13.01,46.82,49.05,,
5315,1999,12.32,48.05,48.41,,
5315,2000,11.04,48.94,49.01,1390.35,
5315,2001,10.36,50.26,45.4,1425.12,
5315,2002,10.62,49.46,48.82,1437.81,
5315,2003,11.85,48.04,50.43,1494.71,
5315,2004,11.87,51.98,48.26,1537.52,
5315,2005,13.52,59.76,46.03,1535.12,
5315,2006,13.06,50.97,44.83,1549.86,
5315,2007,11.84,51.22,46.3,1552.68,
5315,2008,10.85,54.49,55.08,1598.35,
5315,2009,10.55,56.73,54.46,1546.13,
5315,2010,10.07,57.4,49.4,1578.82,2.95
5315,2011,9.53,59.95,51.01,1617.31,3.36
5315,2012,9.48,58.73,49.88,1634.05,3.42
5315,2013,9.6,60.26,52.06,1666.75,4.57
5315,2014,9.62,60.64,52.02,1683.43,6.76
5315,2015,9.39,61.77,51.65,1727.31,0
5315,2016,8.72,67.63,60.14,1759.18,14.34
5315,2017,8.41,57.56,56.12,1831.65,8.14
5315,2018,7.87,59.81,55.93,1898.41,8.95
5315,2019,7.81,57.07,56.62,1942.91,7.25
5315,2020,9.17,47.17,51.49,,6.75
5315,1995,,41.98,39.4,,
5315,1996,,41.83,43.46,,
5315,1997,,47.04,47.65,,
5316,1998,11.49,42.65,47.41,,
5316,1999,11.02,41.79,43.2,,
5316,2000,9.66,45.25,42.5,1337.97,
5316,2001,9.11,41.84,42.34,1389.73,
5316,2002,9.35,40.36,42.14,1401.14,
5316,2003,10.17,49.68,40.35,1403.33,
5316,2004,10.33,41.96,40.24,1418.79,
5316,2005,13.66,40.16,40.48,1411.88,
5316,2006,13.07,41.05,39.06,1412.07,
5316,2007,11.09,40.79,39.42,1408.76,
5316,2008,9.43,42.06,40.33,1454.51,
5316,2009,8.96,40.77,42.98,1450.54,
5316,2010,8,41.16,37.95,1495.32,0.36
5316,2011,7.72,45.35,40.9,1550.7,1.63
5316,2012,7.98,45.6,40.32,1593.44,2.45
5316,2013,8.3,48.15,40.62,1612.24,3.37
5316,2014,8.57,48.94,43.05,1628.09,4.74
5316,2015,8.74,55.03,41.24,1666.32,15.16
5316,2016,8.69,54.44,53.43,1705.9,6.44
5316,2017,8.15,54,49.99,1762.03,5.99
5316,2018,7.24,48.51,45.41,1828.33,5.83
5316,2019,7.22,49.33,48.17,1890.9,5.18
5316,2020,8.16,43.51,41.04,,4.12
5316,1995,,42.43,38.28,,
5316,1996,,42.48,36.87,,
5316,1997,,39.96,43.06,,
5334,1998,12.29,41.88,43.27,,
5334,1999,11.61,42.33,42.05,,
5334,2000,10.22,43.82,40.87,1245.46,
5334,2001,9.31,34.31,29.17,1296.67,
5334,2002,9.59,45.74,39.1,1288.32,
5334,2003,10.59,58.13,40.95,1306.13,
5334,2004,10.96,47.05,42.71,1328.16,
5334,2005,13.84,44.97,42.98,1324.42,
5334,2006,13.41,44.07,42.19,1330.22,
5334,2007,11.24,46.07,44.52,1327.65,
5334,2008,9.62,46.22,45.41,1379.4,
5334,2009,9.73,35.78,37.63,1356.81,
5334,2010,9.24,35.31,34.45,1400.19,2.53
5334,2011,9.09,41.8,37.83,1501.63,2.64
5334,2012,8.62,41.95,37.78,1501.75,3.05
5334,2013,8.8,45.91,39.98,1507.08,4.02
5334,2014,8.86,47,41.36,1530.98,5.71
5334,2015,8.5,55.81,42.79,1565.3,7.41
5334,2016,8.1,51.23,48.63,1608.63,9.08
5334,2017,7.8,47.73,42.96,1652.87,5.82
5334,2018,7.03,47.76,44.02,1716.58,6.53
5334,2019,6.85,48.95,44.86,1758.68,5.85
5334,2020,7.85,42.7,41.25,,5.67
5334,1995,,43.25,40.12,,
5334,1996,,42.08,41.36,,
5334,1997,,42.13,43.8,,
5358,1998,9.33,42.62,36.03,,
5358,1999,8.92,53.26,42.85,,
5358,2000,8.09,43.05,35.27,1211.13,
5358,2001,8.13,43.67,34.22,1265.58,
5358,2002,8.62,40.99,34.81,1254.27,
5358,2003,9.32,36.76,34.08,1278.29,
5358,2004,9.82,34.91,33.75,1305.51,
5358,2005,11.34,33.62,33.64,1311.07,
5358,2006,11.37,33.37,37.73,1330.48,
5358,2007,9.46,30.23,28.91,1337.64,
5358,2008,7.73,29.77,32.05,1396.79,
5358,2009,8.08,32,32.47,1378.91,
5358,2010,8.09,31.3,32.27,1430.86,1.94
5358,2011,8.04,33.97,33.11,1530.21,2.19
5358,2012,7.62,35.72,32.46,1543.8,2.46
5358,2013,8,37.72,34.98,1554.4,3.58
5358,2014,8.2,40.86,35.75,1592.62,5.29
5358,2015,7.6,61.45,43.75,1613.64,11.35
5358,2016,7.22,51.1,49.64,1664.24,7.93
5358,2017,7.07,47.15,41.51,1713.29,6.48
5358,2018,6.74,48.66,44.74,1775.97,4.8
5358,2019,6.34,49,43.67,1830.59,3.54
5358,2020,7.02,41.91,36.76,,4.87
5358,1995,,49.16,40.41,,
5358,1996,,45.29,40.08,,
5358,1997,,43.04,37.09,,
5362,1998,8.21,43.28,39.77,,
5362,1999,7.8,44.43,38.72,,
5362,2000,7,45.23,38.78,1339.58,
5362,2001,6.79,45.88,39.22,1401.26,
5362,2002,7.41,45.06,39.22,1387.38,
5362,2003,8.5,44.12,41.23,1410.44,
5362,2004,8.84,44.19,40.98,1431.11,
5362,2005,11.15,42.42,41.21,1433.94,
5362,2006,11.34,40.84,38.81,1441.64,
5362,2007,9.1,42.06,38.91,1449.4,
5362,2008,8.11,42.69,41.57,1507.29,
5362,2009,8.12,43.32,41.31,1497.02,
5362,2010,8.09,43.09,41.02,1555.55,1.51
5362,2011,7.72,48.67,43.7,1651.77,1.68
5362,2012,7.49,48.97,42.5,1667.06,1.92
5362,2013,7.7,52.33,47,1683.82,2.35
5362,2014,7.65,54.23,47.49,1699.97,3.58
5362,2015,7.51,66.95,50.49,1724.31,7.39
5362,2016,7.21,57.38,55.62,1778.54,8.38
5362,2017,6.74,54.89,49.52,1826.28,5.76
5362,2018,6.08,53.6,48.08,1892.26,4.85
5362,2019,5.71,53.02,50.63,1950.43,3.58
5362,2020,6.95,45.64,45.35,,3.26
5362,1995,,43.32,35.39,,
5362,1996,,42.02,36.81,,
5362,1997,,43.76,37.94,,
5366,1998,7.43,38.81,31.31,,
5366,1999,6.99,37.95,29.71,,
5366,2000,6.41,37.38,28.77,1225.77,
5366,2001,6.57,36.82,29.46,1281.18,
5366,2002,7.15,37.76,30.37,1279.18,
5366,2003,7.92,37.67,30.88,1308.9,
5366,2004,8.36,35.57,30.45,1334.95,
5366,2005,9.49,35.35,32.37,1329.33,
5366,2006,8.32,32.36,30.21,1343.19,
5366,2007,6.98,32.57,31.37,1350.88,
5366,2008,6.23,33.25,32.95,1414.82,
5366,2009,6.71,34.11,33.38,1401.35,
5366,2010,7,30.42,32.76,1471.94,1.48
5366,2011,6.41,35.05,33.87,1549.46,1.63
5366,2012,6.17,35.59,32.49,1582.23,2.1
5366,2013,6.2,37.87,34.98,1591.69,2.63
5366,2014,6.11,43.05,35.93,1625.08,4.47
5366,2015,5.92,60.7,41.05,1660.04,19.6
5366,2016,5.61,54.34,51.12,1710.52,11.31
5366,2017,5.41,53.72,46.05,1772.73,6.05
5366,2018,5.14,52.48,47.06,1840.79,4.47
5366,2019,4.87,52.31,45.09,1891.81,3.41
5366,2020,5.74,46,38.32,,5.3
5366,1995,,39.34,29.59,,
5366,1996,,37.82,29.59,,
5366,1997,,38.4,30.69,,
5370,1998,11.39,35.45,27.33,,
5370,1999,10.65,35.32,26.55,,
5370,2000,9.19,34.67,26.59,1137.43,
5370,2001,8.37,34.45,26.64,1191.09,
5370,2002,8.72,36.07,25.83,1177.49,
5370,2003,9.9,33.63,28.11,1215.01,
5370,2004,10.02,38.58,32.75,1240.82,
5370,2005,11.79,35.24,32.69,1248.76,
5370,2006,11.53,29.39,28.4,1259.65,
5370,2007,9.68,29.89,29.29,1271.2,
5370,2008,7.77,30.14,30.94,1318.92,
5370,2009,8.12,29.76,30.21,1302.32,
5370,2010,8,30.13,28.38,1349.19,1.34
5370,2011,7.54,32.39,30.71,1428.14,1.72
5370,2012,7.31,33.5,31.41,1450.43,1.8
5370,2013,7.4,37.26,32.81,1468.36,2.68
5370,2014,7.08,40.14,33.56,1501.18,4.56
5370,2015,6.54,51.06,35.48,1538.59,11.86
5370,2016,5.97,45.37,41.43,1610.44,9.38
5370,2017,5.66,43.53,39.04,1663.9,5.49
5370,2018,5.2,46.63,40.24,1727.96,4.41
5370,2019,5.01,45.15,38.09,1778.02,3.78
5370,2020,5.75,39.76,33.32,,5.52
5370,1995,,39.28,25.78,,
5370,1996,,36.16,25.62,,
5370,1997,,36.21,27.7,,
5374,1998,9.18,34.76,30.42,,
5374,1999,8.84,32.8,28.76,,
5374,2000,8.31,30.51,24.46,1336.52,
5374,2001,7.96,30.05,25.04,1375.17,
5374,2002,8.06,28.48,25.25,1370.57,
5374,2003,8.7,27.74,25.72,1416.4,
5374,2004,8.97,27.84,25.81,1454.96,
5374,2005,10.56,26.93,28.33,1483.86,
5374,2006,9.72,24.65,27.75,1524.05,
5374,2007,7.34,24.75,28.12,1563.68,
5374,2008,6.32,25.01,29.61,1592.63,
5374,2009,7.47,24.81,29.62,1534.46,
5374,2010,7.26,25.28,29.37,1565.23,0.92
5374,2011,6.29,29.06,30.98,1664.72,1.11
5374,2012,6.01,30.78,31.88,1713.28,1.22
5374,2013,6.1,33.25,33.31,1721.59,1.58
5374,2014,5.95,36.87,33.42,1751.33,4.66
5374,2015,5.52,47.94,34.58,1762.39,25.96
5374,2016,5.45,44.67,41.17,1813.17,6.49
5374,2017,5.25,38.92,37.15,1876.59,5.67
5374,2018,4.61,38.08,36.8,1957.92,4.51
5374,2019,4.85,37.62,36.03,2015.97,3.46
5374,2020,5.98,33.77,32.11,,4.32
5374,1995,,40.53,29.17,,
5374,1996,,32.96,28.55,,
5374,1997,,35.41,29.92,,
5378,1998,8.38,47.62,42.09,,
5378,1999,8.3,45.99,41.08,,
5378,2000,7.35,40.01,40.73,1584.23,
5378,2001,7.03,43.87,39.21,1660.38,
5378,2002,7.4,45.56,39.32,1635.65,
5378,2003,8.14,43.38,40.29,1666.1,
5378,2004,8.38,43.41,40.17,1687.56,
5378,2005,9.65,41.42,40.62,1709.74,
5378,2006,9.59,38.81,38.73,1739.42,
5378,2007,8.12,40.01,39.29,1747.58,
5378,2008,6.99,40.46,41.06,1806.02,
5378,2009,6.79,41.96,40.87,1751.02,
5378,2010,6.73,40.26,38.89,1807.18,1.17
5378,2011,6.26,42.68,42.14,1868.83,1.64
5378,2012,6.21,44.33,40.95,1912.49,1.82
5378,2013,6.5,46.19,42.24,1932.06,2.25
5378,2014,6.44,49.58,43.24,1961.77,4.15
5378,2015,6.31,56.9,42.73,2011.23,5.27
5378,2016,6.18,56.1,48.45,2058.34,11.47
5378,2017,6,48.4,45.35,2119.36,7.1
5378,2018,5.3,46.62,42.59,2209.34,5.84
5378,2019,5.22,45.59,42.98,2271.94,5.78
5378,2020,6.12,43.4,39.24,,4.91
5378,1995,,44.59,39.17,,
5378,1996,,44.83,39.72,,
5378,1997,,45.61,39.71,,
5382,1998,7.41,48.65,37.58,,
5382,1999,7.02,49.26,39.49,,
5382,2000,6.47,45.85,39.22,1413.32,
5382,2001,6.34,45.74,36.1,1484.05,
5382,2002,6.72,45.07,35.17,1452.49,
5382,2003,7.14,42.78,35.18,1465.86,
5382,2004,6.89,41.96,37.19,1480.15,
5382,2005,7.71,39.49,37.15,1483.39,
5382,2006,7.92,38.24,36.37,1496.87,
5382,2007,6.8,38.62,37.82,1507.28,
5382,2008,6.23,38.42,39.36,1563.53,
5382,2009,6.38,39.64,38.45,1541.74,
5382,2010,5.88,39.39,37.67,1601.14,0.63
5382,2011,5.52,43.29,39.23,1715.21,1.06
5382,2012,5.58,43,40.05,1728.95,1.19
5382,2013,6,45.45,40.96,1762.91,1.31
5382,2014,6.01,47.94,41.03,1793.77,2.84
5382,2015,5.54,60.49,41.8,1829.63,7.36
5382,2016,5.41,55.22,48.47,1874.64,4.69
5382,2017,5.18,49.03,45.56,1927.26,4.25
5382,2018,4.88,48.55,46.14,2005.73,3.84
5382,2019,4.85,47.68,44.4,2067.28,2.83
5382,2020,5.65,43.24,41.89,,4.25
5382,1995,,50.15,36.13,,
5382,1996,,50.49,41.33,,
5382,1997,,47.87,36.91,,
5512,1998,13.6,31.68,31.8,,
5512,1999,13.25,34.72,34.09,,
5512,2000,11.68,29.59,31.25,1201.01,
5512,2001,10.83,34.65,31.54,1249.92,
5512,2002,11.39,33.44,30.87,1254.7,
5512,2003,12.25,33.67,33.77,1276.42,
5512,2004,13.02,34.93,35.17,1299.8,
5512,2005,14.1,30.11,30.77,1309.61,
5512,2006,12.87,29.75,28.58,1325.86,
5512,2007,10.8,30.49,30.16,1337.26,
5512,2008,8.98,30.05,32.5,1389.76,
5512,2009,8.74,31.54,31.05,1379.36,
5512,2010,8.65,30.35,29.39,1424.27,2.44
5512,2011,8.45,31.7,30.79,1459.48,3.33
5512,2012,8.71,32.68,33.19,1485.98,3.09
5512,2013,8.9,33.27,31.71,1517.31,4.12
5512,2014,8.48,37.24,33.29,1529.33,5.65
5512,2015,7.95,51.72,37.27,1558.46,38.3
5512,2016,7.63,49.48,44.29,1583.35,9.74
5512,2017,7.74,40.04,36.02,1635.64,7.06
5512,2018,6.81,38.52,33.54,1700.37,4.17
5512,2019,7,40.9,35.55,1753.39,4.8
5512,2020,8.17,34.68,31.74,,2.85
5512,1995,,35.33,26.38,,
5512,1996,,38.37,33.63,,
5512,1997,,33.87,28.81,,
5513,1998,17.02,29.24,33.9,,
5513,1999,16.96,30.85,34.62,,
5513,2000,15.69,28.63,36.85,1115.94,
5513,2001,15.34,29.94,33.12,1145.67,
5513,2002,16.05,30.66,32.59,1148.34,
5513,2003,17.05,30.39,34.7,1165.78,
5513,2004,17.99,29.4,33.55,1180.68,
5513,2005,23.43,31.27,33.98,1178.54,
5513,2006,20.14,31.82,32.43,1180.97,
5513,2007,16.96,31.73,34.91,1185.5,
5513,2008,15.17,33.15,38.15,1219.89,
5513,2009,15.05,33.77,37.86,1202.01,
5513,2010,14.37,36.18,37.92,1223.84,4.29
5513,2011,14.27,39.07,38.52,1247.24,4.83
5513,2012,14.31,41.43,38.26,1258.24,4.42
5513,2013,14.4,47.98,42.47,1264.93,5
5513,2014,14.73,50.04,47.91,1269.32,6.67
5513,2015,14.73,58.35,44.41,1269.68,20.04
5513,2016,14.68,58.14,60.95,1292.51,12.34
5513,2017,13.98,41.72,47.65,1332.6,6.94
5513,2018,13.19,48.11,44.7,1379.13,6.5
5513,2019,12.83,47.14,48.05,1420.67,6.3
5513,2020,14.87,42.94,41.96,,4.3
5513,1995,,30.8,35.29,,
5513,1996,,29.37,32.97,,
5513,1997,,30.17,36.55,,
5515,1998,8.79,56.51,60.77,,
5515,1999,8.49,59.66,61.45,,
5515,2000,7.13,59.82,58.49,1394.88,
5515,2001,6.73,60.31,55.72,1426.33,
5515,2002,7.31,59.71,53.99,1429.38,
5515,2003,7.82,56.54,55.22,1497.96,
5515,2004,8.32,57.95,57.1,1560.39,
5515,2005,9.11,56.61,54.04,1592.85,
5515,2006,8.38,55.6,51.8,1633.69,
5515,2007,7.12,56.29,54,1644.28,
5515,2008,6.37,58.15,55.17,1714.78,
5515,2009,6.48,62.15,56.53,1672.85,
5515,2010,5.99,67.45,53.44,1720.12,2.17
5515,2011,5.99,95.61,55.72,1693.8,2.39
5515,2012,6.07,70.77,60.81,1716.61,2.65
5515,2013,6,71.57,62.63,1687.74,3.93
5515,2014,5.97,72.06,66.31,1732.36,5.76
5515,2015,5.79,85.87,62.92,1798.34,8.84
5515,2016,5.71,71,68.19,1802.17,8.76
5515,2017,5.4,75.52,72.46,1879.34,5.64
5515,2018,4.95,68.79,68.19,1956.16,6.39
5515,2019,4.59,65.16,63.98,1997.36,5.45
5515,2020,5.15,59.29,57.64,,5.07
5515,1995,,58.83,59.79,,
5515,1996,,57.59,57.36,,
5515,1997,,56.52,60.66,,
5554,1998,8.06,31.4,26.59,,
5554,1999,7.7,30.24,24.11,,
5554,2000,6.32,31.25,26.27,1231.62,
5554,2001,6.24,34.21,28.15,1290.32,
5554,2002,7.06,32.81,29.22,1263.17,
5554,2003,7.68,30.84,27.2,1290.49,
5554,2004,7.69,27.11,27.13,1316.42,
5554,2005,8.33,28.02,25.13,1336.43,
5554,2006,7.84,25.5,25.1,1367.38,
5554,2007,5.82,27.95,26.7,1389.79,
5554,2008,4.81,29.54,29.55,1438.4,
5554,2009,5.77,30.1,31.78,1409.92,
5554,2010,5.11,34.18,34.03,1464.84,1.04
5554,2011,4.22,37.33,38.2,1546.24,2.8
5554,2012,4.17,41.9,42.33,1607.61,2.82
5554,2013,4.3,52.91,51.01,1611.72,4
5554,2014,4.39,67.06,64.73,1671.13,4.97
5554,2015,4.11,77.96,65.63,1700.22,20.92
5554,2016,3.92,45.25,44.16,1761.04,9.05
5554,2017,3.73,38.07,37.02,1826.7,5.7
5554,2018,3.44,36.3,33.72,1888.11,5.28
5554,2019,3.43,34.63,32.71,1953.18,4.25
5554,2020,3.99,30.47,28.27,,3.93
5554,1995,,29.46,20.79,,
5554,1996,,28.42,21.31,,
5554,1997,,29.68,25.73,,
5558,1998,7.2,38.54,31.72,,
5558,1999,6.71,37.62,28.56,,
5558,2000,5.86,36.34,28.93,1274.08,
5558,2001,5.78,36.43,29.52,1340.33,
5558,2002,6.4,35.65,28.73,1322.75,
5558,2003,7.04,35.84,30.1,1351.67,
5558,2004,7.02,35.17,30.74,1388.8,
5558,2005,7.92,31.71,31.57,1398.02,
5558,2006,6.65,31.08,28.61,1414.54,
5558,2007,5,30.77,30.57,1431.17,
5558,2008,3.9,30.96,33.39,1507.88,
5558,2009,4.35,32.85,33.44,1492.52,
5558,2010,3.86,32.3,33.08,1575.3,2.36
5558,2011,3.24,36.18,38.39,1671.52,2.6
5558,2012,3.09,37.95,36.41,1709.06,2.84
5558,2013,3.4,38.85,36.82,1710.71,2.67
5558,2014,3.35,41.47,37.11,1787.87,5.46
5558,2015,3.09,52.51,40.23,1795.96,34.44
5558,2016,3,48.23,42.72,1869.21,9.59
5558,2017,2.98,41.05,38.16,1953.57,8.31
5558,2018,2.75,40.95,37.2,2020.07,6.58
5558,2019,2.72,41.39,36.83,2089.17,5.1
5558,2020,3.11,37.28,35.77,,4.55
5558,1995,,42.31,29.37,,
5558,1996,,42.86,29.47,,
5558,1997,,37.54,30.33,,
5562,1998,13.27,29.82,30.49,,
5562,1999,13.23,28.86,28.2,,
5562,2000,12.41,25.65,27.98,1201.46,
5562,2001,12,26.03,26.29,1248.99,
5562,2002,11.81,26.69,26.34,1256.25,
5562,2003,11.95,25.66,26.85,1281.31,
5562,2004,12.23,26.03,26.3,1306.28,
5562,2005,13.96,25.13,25.86,1307.7,
5562,2006,13.78,24.44,25.29,1317.87,
5562,2007,12.1,25.16,26.87,1330.38,
5562,2008,11.24,26.58,27.99,1375.67,
5562,2009,11.35,26.87,27.85,1360.51,
5562,2010,11.24,26.69,27.76,1406.24,2.22
5562,2011,10.75,29.12,29.5,1468.37,2.49
5562,2012,10.74,30.32,28.78,1493.88,2.73
5562,2013,11.1,32.48,30.76,1503.6,3.27
5562,2014,11,33.79,31.33,1539.12,5.96
5562,2015,10.61,44.23,32.23,1565.49,6.89
5562,2016,10.4,41.95,40.32,1596.22,8.11
5562,2017,10.22,37.67,34.42,1642.44,6.5
5562,2018,9.22,36.42,34.58,1712.56,5.58
5562,2019,8.08,37.39,35.29,1768.65,4.49
5562,2020,8.85,36.9,32.8,,3.54
5562,1995,,29.41,27.05,,
5562,1996,,28.88,28.05,,
5562,1997,,28.84,28.57,,
5566,1998,7.75,28.45,23.9,,
5566,1999,7.48,28.78,23.63,,
5566,2000,6.46,27.32,24.17,1215.23,
5566,2001,6.24,27.11,23.04,1264.68,
5566,2002,6.59,27.9,23.15,1261.88,
5566,2003,7.31,27.24,23.74,1296.57,
5566,2004,7.2,26.14,23.78,1330.41,
5566,2005,7.83,25.49,22.62,1344.84,
5566,2006,6.89,24.09,23.57,1369.1,
5566,2007,5.58,24.93,23.4,1384.81,
5566,2008,4.66,25.04,25.87,1433.54,
5566,2009,5.18,25.32,26.05,1412.16,
5566,2010,5.01,25.67,25.09,1460.36,2.24
5566,2011,4.58,28.42,29.63,1544.43,2.21
5566,2012,4.49,30.16,28.24,1602.23,2.72
5566,2013,4.9,32.44,30.95,1637.06,3.35
5566,2014,4.92,36.87,30.48,1657.21,5.68
5566,2015,4.77,48.84,33.53,1690.29,8.73
5566,2016,4.66,45.97,42.36,1758.91,10.22
5566,2017,4.45,43.18,37.89,1817.3,6.84
5566,2018,4.02,41.09,38.14,1885.01,
5566,2019,3.96,39.96,37.99,1949.52,4.31
5566,2020,4.51,36.02,34.69,,4.11
5566,1995,,33.35,23.22,,
5566,1996,,30.85,22.42,,
5566,1997,,30.13,23.16,,
5570,1998,7.87,27.92,26.72,,
5570,1999,7.36,30.84,26.75,,
5570,2000,6.44,31.08,26.27,1278.56,
5570,2001,6.54,30.61,25.92,1323.15,
5570,2002,6.95,28.49,26.27,1312.12,
5570,2003,7.65,27.22,27,1349.65,
5570,2004,7.88,26.41,26.53,1382.34,
5570,2005,9.25,24.93,25.91,1411.96,
5570,2006,8.06,23.45,25.85,1469.15,
5570,2007,6.42,25.29,29.01,1517.81,
5570,2008,5.1,25.68,30.26,1568.03,
5570,2009,6.1,27.42,29.95,1527.62,
5570,2010,6.2,28.08,29.75,1578.27,2.02
5570,2011,5.43,32.27,34.45,1664.87,2.07
5570,2012,5.48,35.1,33.79,1703.66,2.42
5570,2013,5.9,37.03,35.43,1748.82,2.77
5570,2014,5.91,40.41,36.39,1758.54,4.53
5570,2015,5.88,53.39,37.95,1767.58,18.7
5570,2016,5.82,52.33,48.28,1867.63,12.18
5570,2017,5.55,43.69,43.01,1918.59,7.07
5570,2018,4.89,43.42,40.45,1982.95,5.32
5570,2019,4.58,44.27,42.12,2050.39,4.86
5570,2020,5.08,40.92,40.33,,4.79
5570,1995,,35.6,28.18,,
5570,1996,,31.44,27.14,,
5570,1997,,30.65,27.74,,
5711,1998,12.24,39.65,42.84,,
5711,1999,12.18,41.31,42.11,,
5711,2000,11.03,42.03,39.18,1376.62,
5711,2001,10.94,43.17,37.82,1428.99,
5711,2002,12.11,42.42,37.39,1432.69,
5711,2003,13.14,51.86,39.72,1468.09,
5711,2004,13.69,41.77,42.31,1501.44,
5711,2005,15.26,39.75,42.36,1493.65,
5711,2006,13.24,39.04,40.68,1502.1,
5711,2007,10.73,39.64,41.53,1488.13,
5711,2008,9.67,41.18,44.08,1550.35,
5711,2009,10.71,43.47,43.25,1522.52,
5711,2010,10.5,43.46,41.76,1583.16,1.5
5711,2011,9.48,45.42,44.14,1611.03,1.62
5711,2012,9.22,46.32,42.27,1593.58,2
5711,2013,9.5,49.24,46.01,1648.07,2.8
5711,2014,9.55,48.81,45.78,1742.7,3.36
5711,2015,9.36,59.52,49.03,1719.41,10.61
5711,2016,8.83,60.17,54.49,1815.53,7.99
5711,2017,8.26,47.95,50.12,1781.67,4.76
5711,2018,7.11,56.69,52.01,1847.08,3.6
5711,2019,7.26,63.02,60.74,1887.02,3.32
5711,2020,8.42,51.59,52.5,,3.34
5711,1995,,40.7,39.73,,
5711,1996,,41.53,40.65,,
5711,1997,,39.56,42.43,,
5754,1998,7.82,33.89,28.98,,
5754,1999,7.41,34.99,29.28,,
5754,2000,6.6,33.9,29.07,1462,
5754,2001,6.95,33.79,28.04,1518.9,
5754,2002,7.89,32.71,29.25,1495.28,
5754,2003,8.77,32.52,31.77,1545.32,
5754,2004,8.83,34.84,30.66,1569.59,
5754,2005,9.68,35.73,33.91,1602.37,
5754,2006,7.87,36.6,35.11,1651.75,
5754,2007,5.86,38.55,38.21,1685.37,
5754,2008,4.74,39.66,40.55,1723.21,
5754,2009,5.28,38.47,39.08,1655.62,
5754,2010,5.4,36.2,35.12,1684.87,1.63
5754,2011,4.68,40.81,38.29,1759.23,1.92
5754,2012,4.88,42.05,38.39,1838.16,2.25
5754,2013,5.4,44.7,41.7,1864.17,2.76
5754,2014,5.4,50.87,45.1,1876.79,4.42
5754,2015,5.22,66.1,48.66,1919.03,7.38
5754,2016,4.76,62.39,55.81,1986.3,13.79
5754,2017,4.54,52.38,48.6,2001.32,6.88
5754,2018,4.03,54.73,51.25,2079.23,6.3
5754,2019,3.96,56.54,54.05,2131.32,5.17
5754,2020,4.61,46.97,46.35,,3.97
5754,1995,,38.96,27.29,,
5754,1996,,36.07,26.35,,
5754,1997,,35.78,27.18,,
5758,1998,8.91,31.73,30.55,,
5758,1999,8.44,33.47,29.52,,
5758,2000,7.16,33.64,29.39,1436.55,
5758,2001,7,32.77,28.66,1467.41,
5758,2002,8.03,32.06,28.52,1449.85,
5758,2003,8.87,30.8,30.59,1490.28,
5758,2004,8.82,31.13,30.47,1512.82,
5758,2005,10.24,29.11,28.82,1520.01,
5758,2006,9.32,27.99,28.65,1536.9,
5758,2007,7.35,28.52,29.41,1540.09,
5758,2008,6.44,28.4,31.17,1597.02,
5758,2009,7.56,28.7,31.01,1568.6,
5758,2010,7.07,28.32,30.37,1622.78,2.36
5758,2011,6.2,30.98,32.97,1672.38,2.54
5758,2012,6.18,32.51,31.84,1692.69,2.6
5758,2013,6.3,35.5,32.79,1690.04,3.12
5758,2014,6.42,37.95,34.72,1707.24,4.59
5758,2015,6.09,52.49,38.04,1732.41,19.88
5758,2016,5.76,48.18,47.1,1787.63,11.83
5758,2017,5.63,45.29,40.59,1846.93,6.24
5758,2018,5.29,43.27,42.76,1925.46,5.69
5758,2019,5.12,42.49,40.35,1977.82,4.44
5758,2020,5.95,40.46,37.1,,4.53
5758,1995,,40.58,29.97,,
5758,1996,,35.66,28.84,,
5758,1997,,32.89,30.31,,
5762,1998,8.84,29.09,30.77,,
5762,1999,8.72,31.28,28.05,,
5762,2000,7.69,29.89,28.95,1180.13,
5762,2001,7.99,27.73,29.04,1224.24,
5762,2002,8.35,28.31,28.62,1215.67,
5762,2003,8.45,28.85,30.36,1253.12,
5762,2004,8.54,27.14,29.61,1286.41,
5762,2005,9.29,25.63,28.98,1295.82,
5762,2006,9.05,23.92,27.86,1317.2,
5762,2007,7.22,23.61,30.67,1335.1,
5762,2008,6.32,24.71,31.23,1398.45,
5762,2009,6.78,24.95,30.3,1378.74,
5762,2010,6.23,25.4,30.25,1426.61,1.9
5762,2011,5.54,28.29,33.05,1501.01,2.02
5762,2012,5.37,29.73,33.28,1564.75,2.32
5762,2013,5.4,42.32,44.05,1589.37,3.7
5762,2014,5.4,46.66,42.9,1627.23,5.55
5762,2015,5.1,135.92,122.92,1644.67,35.56
5762,2016,5.02,63.23,71.21,1723.37,16.16
5762,2017,4.57,48.63,50.01,1791.95,8.19
5762,2018,3.88,47.37,49.21,1865.23,5.83
5762,2019,3.74,45.54,43.81,1930.89,5.73
5762,2020,4.27,38.94,39.08,,5.62
5762,1995,,36.48,30.5,,
5762,1996,,33.48,29.46,,
5762,1997,,30.88,31.05,,
5766,1998,9.03,33.99,31.24,,
5766,1999,8.77,33.21,31.27,,
5766,2000,7.9,32.24,31.36,1335.3,
5766,2001,8.33,31.15,30.34,1384.62,
5766,2002,9.63,29.8,28.94,1373.57,
5766,2003,10.27,28.66,30.75,1416.23,
5766,2004,9.98,28.16,29.95,1441.15,
5766,2005,12.11,26.38,29.23,1466.87,
5766,2006,10.58,25.8,28.74,1501.04,
5766,2007,8.79,26.68,29.03,1520.63,
5766,2008,8.08,26.92,31.33,1591.12,
5766,2009,9,27.99,31.23,1568.43,
5766,2010,8.39,28.37,30.7,1628.01,2.61
5766,2011,7.47,29.99,32.02,1693.98,2.81
5766,2012,7.53,31.09,32.12,1705.39,2.85
5766,2013,7.7,33.29,33.61,1687.23,3.47
5766,2014,7.59,35.93,34.02,1723.26,4.89
5766,2015,7.29,89.86,70.49,1715.27,14.39
5766,2016,6.97,51.63,50.63,1771.27,12.98
5766,2017,6.6,39.49,36.77,1823.09,7.2
5766,2018,6.05,39.03,38.08,1899.08,6.25
5766,2019,5.81,37.63,37.32,1955.15,5.56
5766,2020,6.39,35.3,33.44,,4.29
5766,1995,,42.68,31.16,,
5766,1996,,35.88,31.41,,
5766,1997,,34.64,31.19,,
5770,1998,9.37,39.35,34.49,,
5770,1999,8.82,38.27,34.6,,
5770,2000,7.65,34.89,32.27,1356.84,
5770,2001,7.5,31.83,29.67,1424.27,
5770,2002,8.51,30.6,27.11,1391.07,
5770,2003,9.64,30.14,29.96,1414.25,
5770,2004,9.51,28.81,28.84,1426.07,
5770,2005,10.62,27.48,28.16,1439.98,
5770,2006,9.32,27.1,28.46,1467.6,
5770,2007,7.29,27.5,29.58,1484.83,
5770,2008,6.25,27.72,30.81,1539.85,
5770,2009,7.4,27.21,30.08,1514.01,
5770,2010,7.27,27.81,29.87,1567.35,2.37
5770,2011,6.19,28.96,31.74,1635.7,2.72
5770,2012,5.77,30.42,29.88,1674.73,2.63
5770,2013,5.8,32.8,31.31,1684.05,3.36
5770,2014,5.86,35.61,33.28,1723.13,5.3
5770,2015,5.59,48.24,33.05,1767.19,14.96
5770,2016,5.39,39.58,37.1,1808.5,16.73
5770,2017,5.09,34.96,34.32,1845.42,9.1
5770,2018,4.68,36.9,35.2,1916.99,8.28
5770,2019,4.71,37.88,36.48,1975.6,7.35
5770,2020,5.74,35.14,32.56,,5.62
5770,1995,,48.49,34.3,,
5770,1996,,40.73,33.22,,
5770,1997,,38.18,33.26,,
5774,1998,9.86,32.17,29.39,,
5774,1999,9.16,33.72,27.84,,
5774,2000,8.32,32.65,28.17,1197.95,
5774,2001,8.2,32.23,25.53,1243.49,
5774,2002,8.74,31.27,26.72,1232.61,
5774,2003,8.83,28.43,27.92,1259.09,
5774,2004,9.21,29.66,24.98,1287.38,
5774,2005,10.8,28.35,26.45,1303.92,
5774,2006,10.3,27.21,27.58,1325.96,
5774,2007,8.56,28.07,30.52,1346.1,
5774,2008,7.07,30.45,31.27,1402.48,
5774,2009,7.63,30.13,30.58,1386.88,
5774,2010,7.43,31.18,29.78,1441.92,1.93
5774,2011,6.74,35.69,32.24,1512.71,2.32
5774,2012,6.26,34.23,33.25,1584.85,2.22
5774,2013,6.3,36.62,35.22,1589.4,3
5774,2014,6.29,42.22,35.46,1626.66,4.51
5774,2015,6.04,55.66,39.59,1649.11,18.43
5774,2016,5.72,51.64,47.62,1691.32,13.15
5774,2017,5.59,39.49,40.33,1766.75,6.08
5774,2018,5.1,44.07,39.4,1830.67,5.81
5774,2019,4.98,45.87,43.02,1884.64,5.12
5774,2020,5.85,36.76,35.69,,3.45
5774,1995,,46.12,29.86,,
5774,1996,,35.72,27.56,,
5774,1997,,34.19,30.27,,
5911,1998,12.91,33.95,36.87,,
5911,1999,12.53,36.22,34.04,,
5911,2000,11.46,34.44,35.31,1242.4,
5911,2001,10.88,36.21,35.23,1295.64,
5911,2002,11.08,36.39,35.5,1294.44,
5911,2003,12.24,37.06,37.02,1317.71,
5911,2004,12.39,44.51,38.81,1331.12,
5911,2005,14.63,37.25,39.86,1341.72,
5911,2006,13.8,37.78,38.69,1351.75,
5911,2007,11.61,38.07,40.01,1359.69,
5911,2008,9.96,38.47,41.88,1397.55,
5911,2009,10.33,39.88,41.5,1370.54,
5911,2010,9.93,40.71,40.4,1400.2,1.92
5911,2011,9.98,44.17,41.54,1482.7,2.28
5911,2012,9.88,44.44,41.45,1497.09,2.66
5911,2013,10.4,49.11,46.5,1500.19,3.44
5911,2014,10.12,50.01,46.67,1529.69,4.77
5911,2015,9.91,66.7,54.77,1556.23,4.72
5911,2016,10.06,56.41,53.96,1573.75,11.14
5911,2017,9.71,50.43,45.3,1618.55,5.28
5911,2018,8.88,47.56,47.2,1683.84,4.01
5911,2019,8.46,51.18,45.74,1726.29,3.42
5911,2020,9.4,45.44,44.46,,2.54
5911,1995,,31.39,29.43,,
5911,1996,,30.76,31.94,,
5911,1997,,32.01,35.14,,
5913,1998,15.83,30.94,34.22,,
5913,1999,15.16,34.1,34.3,,
5913,2000,14.12,37.84,37.23,1194.7,
5913,2001,13.39,38.78,35.73,1229.61,
5913,2002,13.59,42.2,36.58,1227.61,
5913,2003,14.5,37.05,35.82,1253.81,
5913,2004,15.37,36.07,34.91,1277.53,
5913,2005,18.12,37.04,34.72,1281.93,
5913,2006,17.13,36.57,34.53,1294.04,
5913,2007,14.51,38.22,36.34,1303.16,
5913,2008,13.64,39.41,40.7,1348.39,
5913,2009,13.14,40.17,42.15,1329.09,
5913,2010,13.04,41.9,39.96,1358.51,1.46
5913,2011,12.82,45.81,41.32,1410.49,1.85
5913,2012,13.05,45.26,41.18,1440.29,2.08
5913,2013,13.2,53.06,44.22,1435.09,2.81
5913,2014,12.81,58.45,50.65,1468.82,3.7
5913,2015,12.48,60.59,49.47,1489.72,2.02
5913,2016,11.83,53.89,53.66,1520.46,9.26
5913,2017,11.07,48.58,45.33,1553.54,8.32
5913,2018,10.27,49.72,48.04,1613.07,4.89
5913,2019,10.11,49.35,46.87,1652.81,4.89
5913,2020,11.41,44.14,43.63,,3.47
5913,1995,,31.59,32.72,,
5913,1996,,31.45,32.84,,
5913,1997,,30.53,32.69,,
5914,1998,12.47,29.52,36.5,,
5914,1999,12.09,29.24,36.88,,
5914,2000,10.74,28.31,36.1,1308.18,
5914,2001,9.83,29.87,33.15,1342.8,
5914,2002,10.8,30.48,32.54,1349.31,
5914,2003,12.11,29.91,32.46,1382.79,
5914,2004,12.25,29.97,33.72,1404.86,
5914,2005,13.9,30.29,35.77,1411.91,
5914,2006,13.97,28.59,31.6,1426.09,
5914,2007,11.97,28.9,34.96,1435.59,
5914,2008,10.7,29.89,33.85,1474.93,
5914,2009,11.6,29.6,35.74,1448.98,
5914,2010,11.49,30.43,34.06,1475.82,1.79
5914,2011,10.37,36.6,37.19,1521.41,1.57
5914,2012,10.13,36.32,37.26,1516.49,1.96
5914,2013,10.6,42.5,39.34,1512.49,2.26
5914,2014,10.35,45.85,39,1538.36,3.55
5914,2015,10.39,59.65,43.75,1539.56,6.41
5914,2016,11.12,56.85,59.27,1569.42,6.65
5914,2017,10.33,44.75,44.32,1608.13,6.12
5914,2018,9.31,53.71,47.49,1658.8,4.65
5914,2019,10.02,49.82,48.3,1703.22,4.12
5914,2020,11.72,46.41,42.56,,2.91
5914,1995,,30.62,36.9,,
5914,1996,,31.37,34.97,,
5914,1997,,28.27,36.25,,
5915,1998,13.15,37.01,40.44,,
5915,1999,12.65,47.98,42.75,,
5915,2000,11.91,40.97,37.78,1119.11,
5915,2001,11.75,48.53,41.11,1143.65,
5915,2002,12.16,43.67,39.02,1142.66,
5915,2003,13.03,40.79,38.14,1155.16,
5915,2004,13.34,38.08,37.58,1172.84,
5915,2005,14.61,29.48,31.16,1183.18,
5915,2006,13.09,28.47,29.24,1197.08,
5915,2007,11.17,27.21,28.45,1211.11,
5915,2008,10.4,28.75,29.45,1252.47,
5915,2009,10.7,29.26,30.48,1245.4,
5915,2010,10.72,32.27,29.67,1278.47,1.71
5915,2011,10.31,38.24,33.06,1344.72,1.99
5915,2012,10.65,37.71,35.14,1366.38,1.94
5915,2013,10.5,37.76,37.46,1376.63,2.8
5915,2014,9.75,43.45,38.99,1407.6,4.01
5915,2015,9.37,69.79,51.83,1411.17,29.16
5915,2016,9.44,64.72,61.91,1444.25,6.55
5915,2017,9.18,51.42,52.35,1491.68,4.02
5915,2018,8.7,49.75,47.82,1549.31,3.28
5915,2019,8.11,53.84,46.3,1618.77,3.01
5915,2020,9.07,42.59,43.67,,4.33
5915,1995,,40.63,44.34,,
5915,1996,,37.07,43.82,,
5915,1997,,35.82,42.04,,
5916,1998,15.56,30.48,34.08,,
5916,1999,15.27,30.76,32.53,,
5916,2000,14.27,30.38,33.74,1119.41,
5916,2001,14.25,32.63,32.28,1165.9,
5916,2002,14.63,32.83,31.14,1168.42,
5916,2003,15.3,30.84,30.72,1184.69,
5916,2004,15.46,30.19,31.87,1199.33,
5916,2005,18.11,31.4,32.35,1193.79,
5916,2006,17.13,29.5,30.91,1199.85,
5916,2007,14.4,28.04,32.53,1211.67,
5916,2008,12.61,29.65,33.7,1249.87,
5916,2009,13.11,32.51,35.02,1234.12,
5916,2010,13.23,33.04,32.75,1259.37,1.82
5916,2011,12.73,38.66,36.45,1363.21,2.03
5916,2012,13.11,40.84,36.97,1372.24,2.3
5916,2013,13.7,45.4,40.33,1364.41,2.89
5916,2014,13.38,50.06,42.93,1378.41,3.76
5916,2015,13.24,66.34,53.12,1395,31.09
5916,2016,12.84,60.08,65.46,1407.12,6.95
5916,2017,12.09,51.98,49.84,1453.67,6.86
5916,2018,10.91,50.09,45.3,1507.1,4.64
5916,2019,10.34,52.32,47.42,1575.2,4.24
5916,2020,11.62,48.2,42.65,,2.96
5916,1995,,32.04,29.53,,
5916,1996,,27.91,31.71,,
5916,1997,,30.45,32.59,,
5954,1998,10.81,34.01,33.01,,
5954,1999,10.3,37.46,32.38,,
5954,2000,9.21,34.65,33.47,1443.51,
5954,2001,8.15,33.49,32.53,1504.53,
5954,2002,8.45,32.04,32.7,1511.68,
5954,2003,9.11,31.23,33.35,1565.46,
5954,2004,9.29,32.88,32.43,1597.12,
5954,2005,10.8,30.41,32,1619.75,
5954,2006,10.06,29.7,31.15,1668.63,
5954,2007,8.35,29.97,31.34,1702.87,
5954,2008,7.71,30.79,33.4,1747.25,
5954,2009,8.11,30.9,32.28,1692.83,
5954,2010,8.26,30.34,31.41,1729.89,2.15
5954,2011,7.38,34,33.69,1817.19,2.42
5954,2012,7.24,35.59,32.88,1832.02,2.68
5954,2013,7.5,35.77,34.55,1826.75,3.33
5954,2014,7.4,40.09,34.73,1869.57,5.29
5954,2015,6.93,51.48,36.73,1871.88,19.57
5954,2016,6.66,44.51,40.97,1909.02,13.17
5954,2017,6.42,39.33,37.16,1960.64,7.34
5954,2018,5.81,40.47,36.65,2043.78,6.64
5954,2019,5.53,40.49,36.48,2096.52,4.99
5954,2020,6.62,35.56,33.38,,5.26
5954,1995,,34.38,33.13,,
5954,1996,,32.39,31.43,,
5954,1997,,33.85,31.21,,
5958,1998,7.68,27.74,30.15,,
5958,1999,7.51,27.54,29.85,,
5958,2000,6.35,24.42,28.86,1317.54,
5958,2001,6.32,28.07,28.93,1370.93,
5958,2002,7.16,27.21,28.59,1367.75,
5958,2003,7.95,25.68,29.69,1419.79,
5958,2004,8.12,24.77,29.46,1463.38,
5958,2005,10.12,28.75,28.86,1478.98,
5958,2006,9.34,22.17,26.4,1510.23,
5958,2007,6.65,24.01,27.5,1526.43,
5958,2008,5.72,24.48,28.7,1593.34,
5958,2009,6.59,24.96,28.97,1565.38,
5958,2010,6.15,24.26,29.73,1620.93,2.48
5958,2011,5.05,26.39,31.14,1689.67,2.71
5958,2012,4.92,28.67,30.31,1723.39,2.57
5958,2013,5.2,31.66,33.97,1755.44,3.55
5958,2014,5.23,35.3,33.84,1781.33,5.36
5958,2015,4.81,53.53,40.73,1814.45,5.96
5958,2016,4.72,44.23,44.74,1905.96,13.04
5958,2017,4.52,38.11,36.92,1980.78,7.99
5958,2018,4.06,36.77,36.64,2065.73,6.42
5958,2019,3.97,36.03,34.94,2127.57,5.71
5958,2020,4.57,31.88,31.21,,4.38
5958,1995,,36.31,27.83,,
5958,1996,,28.93,28.02,,
5958,1997,,29.03,30.4,,
5962,1998,9.53,31.92,31.02,,
5962,1999,9,29.09,29.51,,
5962,2000,7.82,26.49,30.63,1436.53,
5962,2001,7.22,33.92,33.84,1492.42,
5962,2002,8.37,31.88,32.74,1485.65,
5962,2003,9.15,29.45,32.59,1549.52,
5962,2004,9.38,26.88,30.4,1589.23,
5962,2005,10.41,25.25,29.06,1629.8,
5962,2006,9.44,23.38,29.53,1687.9,
5962,2007,7.13,24.9,30.45,1722.47,
5962,2008,6.18,26.47,32.58,1763.72,
5962,2009,8.47,27.58,33.09,1707.01,
5962,2010,8.25,31.15,35.16,1738.03,3.37
5962,2011,6.77,35.14,38.22,1827.42,3.06
5962,2012,6.67,40.36,43.7,1803.08,3
5962,2013,7.1,51.39,56.37,1810.77,4.27
5962,2014,6.92,54.18,57.06,1854.16,5.25
5962,2015,6.64,62.13,53.37,1895.22,9.12
5962,2016,6.65,40.84,41.19,1942.73,12.44
5962,2017,6.52,32.17,33.4,1993.32,6.79
5962,2018,5.91,33,32.14,2079.65,5.9
5962,2019,6.2,32.08,32.88,2133.71,4.94
5962,2020,7.58,27.84,27.82,,3.84
5962,1995,,39.09,32.08,,
5962,1996,,34.88,31.97,,
5962,1997,,33.37,32.6,,
5966,1998,7.47,29.81,25.18,,
5966,1999,6.92,27.38,23.69,,
5966,2000,6.06,25.44,25.3,1465.69,
5966,2001,5.75,26.12,23.56,1557.11,
5966,2002,6.18,25.61,23.76,1557.89,
5966,2003,6.82,24.52,24.47,1667.1,
5966,2004,6.7,24.78,25.31,1757.91,
5966,2005,7.76,22.87,25.02,1764.87,
5966,2006,6.81,22.24,24.9,1793.56,
5966,2007,5.05,23.13,24.49,1786.81,
5966,2008,4.16,23.55,25.68,1868.49,
5966,2009,5.67,22.21,26.41,1830.27,
5966,2010,5.4,22.32,25.53,1894.98,1.94
5966,2011,4.33,25.36,27.1,1997.45,1.87
5966,2012,4.37,24.06,26.65,2068.34,1.92
5966,2013,4.8,26.94,28.41,1971.59,2.17
5966,2014,4.54,29.9,29.7,2070.92,4.62
5966,2015,4.29,60.14,46.76,2086.05,29.18
5966,2016,4.19,43.42,47.18,2211.77,13.96
5966,2017,4,35.19,35.55,2434.36,6.28
5966,2018,3.4,32.95,32.84,2537.29,5.08
5966,2019,3.31,34.11,38.66,2595.59,4.27
5966,2020,4.25,30.91,32.56,,4.69
5966,1995,,30.32,23.43,,
5966,1996,,26.17,25.47,,
5966,1997,,29.12,25.76,,
5970,1998,9.35,28.45,31.63,,
5970,1999,8.39,26.62,28.16,,
5970,2000,7.21,25.77,28.15,1336.32,
5970,2001,6.69,26.31,26.71,1388.02,
5970,2002,7.26,26.66,26.53,1385.46,
5970,2003,7.96,25.1,26.69,1434.68,
5970,2004,8.26,24.56,28.21,1472.69,
5970,2005,10.53,24.4,27.27,1512.77,
5970,2006,9.25,23.48,26.69,1565.8,
5970,2007,6.73,25.78,27.95,1605.54,
5970,2008,5.72,26.27,30.73,1658.86,
5970,2009,6.98,26.06,29.58,1620.6,
5970,2010,6.83,26.14,29.4,1667.29,2.87
5970,2011,5.82,29.74,30.5,1760.81,2.8
5970,2012,5.57,32.11,30.64,1764.2,2.77
5970,2013,5.8,34.17,33.14,1762.93,3.46
5970,2014,5.79,51.43,45.41,1786.78,4.98
5970,2015,5.56,92.53,72.19,1775.06,13.89
5970,2016,5.35,57.56,58.4,1821.86,11.16
5970,2017,5.11,46.66,44.51,1928.64,7.12
5970,2018,4.58,43.29,42.17,2009.57,5.42
5970,2019,4.55,38.55,41.04,2071.37,4.58
5970,2020,5.56,33.02,34.6,,3.96
5970,1995,,29.22,26.3,,
5970,1996,,27.15,27.92,,
5970,1997,,27.94,29.24,,
5974,1998,8.56,32.27,26.82,,
5974,1999,8.37,31.36,25.65,,
5974,2000,7.64,26.78,25.31,1251.7,
5974,2001,7.72,31.27,25.43,1298.22,
5974,2002,8.55,30.07,25.14,1280.12,
5974,2003,8.96,27.9,26.56,1310.69,
5974,2004,9.37,28.73,26.75,1331.8,
5974,2005,10.6,27.71,26.51,1355.97,
5974,2006,10.06,25.53,27.05,1393.96,
5974,2007,8.03,27.18,27.26,1421.5,
5974,2008,6.48,27.66,28.54,1478.95,
5974,2009,7.67,26.68,27.49,1454.31,
5974,2010,7.65,27.45,27.37,1513.64,2.14
5974,2011,6.49,31.66,30.21,1604.53,2.32
5974,2012,6.23,32.51,31.3,1662.29,2.54
5974,2013,6.4,32.99,32.28,1690.13,3.26
5974,2014,6.32,51.64,43.1,1706.41,6.6
5974,2015,6.12,100.96,75.9,1714.71,3.56
5974,2016,5.97,59.35,59.05,1774.72,12.29
5974,2017,5.76,50.58,48.67,1836.62,6.15
5974,2018,5.13,47.58,44.14,1908.9,5.17
5974,2019,4.99,44.44,42.5,1973.39,4.38
5974,2020,5.86,36.55,35.97,,5.1
5974,1995,,38.7,25.61,,
5974,1996,,34.49,24.95,,
5974,1997,,31.23,26.81,,
5978,1998,12.33,91.13,87.78,,
5978,1999,11.76,90.16,85.18,,
5978,2000,10.81,83.92,79.89,1181.67,
5978,2001,10.29,85.17,87.5,1238.7,
5978,2002,10.65,82.28,81.97,1249.88,
5978,2003,11.68,70.84,75.35,1286.56,
5978,2004,12.17,63.05,63.14,1314.85,
5978,2005,13.47,46.74,50.06,1318.92,
5978,2006,12.88,29.91,32.78,1338.92,
5978,2007,11.18,29.75,32.31,1351.46,
5978,2008,9.96,28.03,30.86,1398.18,
5978,2009,9.99,28.02,30.78,1381.63,
5978,2010,10.01,27.96,28.9,1423.97,2.65
5978,2011,9.34,30.84,32.41,1525.98,2.71
5978,2012,9.32,30.78,31.11,1556.86,2.78
5978,2013,9.6,33.17,31.9,1578.26,3.34
5978,2014,9.25,36.93,33.19,1609.84,4.12
5978,2015,8.85,56.53,41.3,1635.51,10.1
5978,2016,8.4,71.2,71.02,1684.42,9.29
5978,2017,7.93,50.66,47.79,1736.05,5.02
5978,2018,7.12,48.71,45.95,1801.32,3.8
5978,2019,6.77,47.92,44.54,1855.36,4.63
5978,2020,7.57,39.47,37.65,,4.52
5978,1995,,130.93,119.32,,
5978,1996,,110.5,104.16,,
5978,1997,,105.61,101.91,,
6411,1998,8.94,72.18,72.96,,
6411,1999,8.36,74.97,72.02,,
6411,2000,7.2,74.85,70.42,1410.45,
6411,2001,6.47,73.94,71.81,1443.71,
6411,2002,6.95,72.89,68.54,1481.26,
6411,2003,8.17,74.46,68.23,1501.07,
6411,2004,8.66,81.52,78.95,1512.24,
6411,2005,10.53,74.96,72.93,1549.36,
6411,2006,10.55,79.43,75.78,1663.88,
6411,2007,9.02,75.64,70.77,1753.56,
6411,2008,7.82,74.32,74.26,1718.1,
6411,2009,7.32,74.38,67.93,1690.49,
6411,2010,6.63,76.43,70.2,1687.05,0.71
6411,2011,6.04,104.69,74.03,1648.17,0.95
6411,2012,6.02,86.77,73.83,1702.92,0.93
6411,2013,6.6,88.7,77.29,1732.09,0.87
6411,2014,6.66,93.18,80.8,1784.16,1.24
6411,2015,6.38,102.37,80.33,1805.49,0.61
6411,2016,6.08,106.28,97.39,1812.1,10.68
6411,2017,5.89,94.71,91.71,1911.79,5.47
6411,2018,5.19,92.43,88.09,1976.99,5.72
6411,2019,5.03,87.35,84.95,2009.47,4.92
6411,2020,6.17,71.39,77.05,,5.06
6411,1995,,69.66,68.67,,
6411,1996,,69.84,71.68,,
6411,1997,,72.65,75.5,,
6412,1998,9.78,66.26,65.45,,
6412,1999,8.75,71.22,70.74,,
6412,2000,7.38,71.75,67.56,1386.44,
6412,2001,6.5,73.39,82.24,1475.29,
6412,2002,6.93,71.08,67.16,1474.47,
6412,2003,8.45,72.28,73,1475.75,
6412,2004,8.95,84.66,80.56,1532.65,
6412,2005,10.27,73,68.31,1540.85,
6412,2006,10.91,75.27,76.91,1610.69,
6412,2007,9.53,77.08,71.75,1621.1,
6412,2008,8.46,77.76,72.34,1632.12,
6412,2009,8.29,76.05,68.36,1599.74,
6412,2010,7.86,77.84,69.49,1620.28,1.56
6412,2011,7.5,84.19,70.35,1694.77,1.55
6412,2012,7.4,83.42,70.85,1722.48,1.54
6412,2013,7.4,86.5,71.62,1714.85,1.62
6412,2014,7.34,90.11,72.45,1749.38,2.29
6412,2015,6.84,94.29,77.85,1784.5,2.37
6412,2016,6.35,91.1,95.52,1855.57,6.36
6412,2017,5.91,83.75,74.74,1879.5,3.58
6412,2018,5.36,83.26,79.34,1941.74,3.23
6412,2019,4.99,86.64,77.82,1964.17,2.95
6412,2020,6.7,66.21,69.25,,2.22
6412,1995,,69.32,71.11,,
6412,1996,,65.86,68.96,,
6412,1997,,62.53,67.99,,
6413,1998,12.09,69.55,73.18,,
6413,1999,11.16,77.31,72.02,,
6413,2000,9.38,76.07,69.24,1230.82,
6413,2001,8.81,83.59,77.08,1253.18,
6413,2002,9.5,80.15,75.52,1254.7,
6413,2003,11.55,78.6,81.03,1270.99,
6413,2004,12.57,92.48,91.95,1264.32,
6413,2005,14.81,82,87.08,1298.42,
6413,2006,14.65,78.21,98.99,1320.46,
6413,2007,12.41,81.59,81.8,1331.5,
6413,2008,10.98,86.66,83.49,1334.43,
6413,2009,11.39,91.29,96.94,1342.25,
6413,2010,11.3,98.58,88.86,1346.5,0.87
6413,2011,10.83,114.57,99.46,1419.82,1.11
6413,2012,10.62,114.91,101.73,1453.22,1.06
6413,2013,11.1,118.51,106.65,1438.08,1.49
6413,2014,11.28,115.13,106.56,1431.82,1.16
6413,2015,10.82,115.8,98.28,1443.94,22.18
6413,2016,10.27,111.45,110.7,1498.3,0.84
6413,2017,9.68,102.69,90.69,1545.58,0.85
6413,2018,9.22,99.01,86.85,1581.4,0.8
6413,2019,8.55,99.87,92.02,1610.83,0.73
6413,2020,9.98,87.61,86.38,,0.8
6413,1995,,77.67,75.86,,
6413,1996,,74.79,74.67,,
6413,1997,,69.96,73.77,,
6414,1998,9.37,53.33,54.15,,
6414,1999,9.05,58.47,51.31,,
6414,2000,7.77,58.27,52.09,1483.03,
6414,2001,7.2,56.37,51.79,1559.04,
6414,2002,7.95,55.43,52.35,1552.8,
6414,2003,9.12,54.97,52.52,1567.92,
6414,2004,9.56,67.72,60.45,1586.57,
6414,2005,12.36,57.39,55.44,1610.43,
6414,2006,10.82,55.82,52.82,1648.23,
6414,2007,8.48,58.91,58.48,1660.05,
6414,2008,7.58,59.06,56.47,1667.53,
6414,2009,8.16,57.1,54.77,1649.74,
6414,2010,8.17,59.37,65.3,1686.11,0.76
6414,2011,7.3,64.67,54.29,1769.94,0.97
6414,2012,7.29,61.45,56.3,1804.67,1.25
6414,2013,7.5,64.61,60.13,1796.2,1.64
6414,2014,7.41,64.11,61.84,1829.44,3
6414,2015,7.48,67.95,65.28,1995.21,9.39
6414,2016,7.48,71.24,67.68,1984.69,9.8
6414,2017,7.36,64.64,62.78,2016.07,5.18
6414,2018,6.97,62.19,65.34,2088.14,4.47
6414,2019,6.34,60.84,62.4,2136.57,3.52
6414,2020,7.34,57.17,57.29,,3.57
6414,1995,,54.93,48.77,,
6414,1996,,53.11,48.85,,
6414,1997,,53.66,52.14,,
6431,1998,8,37.8,35.64,,
6431,1999,7.48,39.97,33.84,,
6431,2000,6.44,38.46,33.45,1358.1,
6431,2001,5.91,37.91,32.86,1435.17,
6431,2002,5.99,38.42,33.43,1422.73,
6431,2003,6.85,37.64,34.07,1473.96,
6431,2004,7.37,39.41,35.86,1502.68,
6431,2005,8.88,36.7,34.78,1517.16,
6431,2006,8.54,33.88,36.75,1556.54,
6431,2007,7,35.68,35.88,1580.4,
6431,2008,5.72,34.95,35.87,1615.71,
6431,2009,5.85,35.88,35.71,1637.19,
6431,2010,5.37,35.96,33.96,1701.43,1.64
6431,2011,4.78,39.49,35.95,1742.05,1.95
6431,2012,4.57,40.93,36.03,1803.42,2.25
6431,2013,4.5,44.27,38.12,1816.84,3.15
6431,2014,4.29,47.72,39.65,1858.99,4.21
6431,2015,4,55.62,40.83,1892.73,8.64
6431,2016,3.77,55.29,45.65,1939.27,12.46
6431,2017,3.8,49.09,43.43,2006.5,7.51
6431,2018,3.68,50.45,44.09,2074.16,6.34
6431,2019,3.46,48.82,43.98,2131.39,5.43
6431,2020,4.1,45.46,39.55,,5.53
6431,1995,,39.14,33.46,,
6431,1996,,37.47,36.17,,
6431,1997,,39.74,36.03,,
6432,1998,7.3,49.12,47.2,,
6432,1999,6.77,51.04,44.4,,
6432,2000,5.82,49.35,45.86,1380.12,
6432,2001,5.16,48.51,43.95,1477.66,
6432,2002,5.65,47.9,43.82,1457.69,
6432,2003,6.67,47.6,46.37,1483.99,
6432,2004,6.85,50.48,48.17,1510.3,
6432,2005,8.12,44.91,47.52,1531.17,
6432,2006,8.32,43.21,45.24,1579.07,
6432,2007,6.55,43.18,45.29,1604.58,
6432,2008,5.24,44.76,46.04,1640.06,
6432,2009,5.55,45.34,43.68,1658.35,
6432,2010,5.43,44.96,43.09,1710.66,1.15
6432,2011,5,50.3,46.57,1817.01,1.44
6432,2012,4.55,50.34,46.2,1846.72,1.92
6432,2013,4.9,52.95,48.07,1843.39,2.69
6432,2014,4.83,57.29,48.21,1895.58,4.52
6432,2015,4.66,66.5,48.86,1897.03,6.63
6432,2016,4.47,67.03,56.23,1952.09,13.26
6432,2017,4.74,56.03,50.4,1997.51,4.12
6432,2018,4.46,56.12,50.51,2072.48,4.56
6432,2019,4.32,54.72,51.93,2129.9,4.13
6432,2020,4.98,49.43,47.93,,4.84
6432,1995,,52.11,44.88,,
6432,1996,,50.96,45.9,,
6432,1997,,50.56,48.5,,
6433,1998,6.62,49.38,50.49,,
6433,1999,6.24,50.59,48.89,,
6433,2000,5.56,50.26,47.28,1337.49,
6433,2001,5.4,49.61,46.12,1393.91,
6433,2002,5.94,51.61,46.22,1395.53,
6433,2003,7.01,48.4,49.76,1431.37,
6433,2004,7.61,51.85,49.58,1439.54,
6433,2005,9.14,44.68,47.42,1437.35,
6433,2006,9.78,44.21,42.94,1440.07,
6433,2007,7.82,45.24,42.9,1488.86,
6433,2008,6.41,45.87,44.01,1508.56,
6433,2009,6.21,45.37,44.63,1518.19,
6433,2010,6,49.85,44.74,1544.94,0.71
6433,2011,5.41,55.18,46.5,1616.79,1.32
6433,2012,5.79,55.49,47.08,1635.68,1.38
6433,2013,6,58.03,48.23,1643.96,1.62
6433,2014,6.12,62.27,49.88,1676.78,2.99
6433,2015,6.02,69.63,50.59,1693.96,16.33
6433,2016,6.28,69.51,55.45,1729.55,10.99
6433,2017,5.4,60.37,53.22,1821.21,6.14
6433,2018,4.77,65.38,55.16,1875.05,4.82
6433,2019,4.69,60.92,57.35,1922.08,4.38
6433,2020,5.88,52.68,52.09,,4.13
6433,1995,,51.37,43.54,,
6433,1996,,51.08,44.5,,
6433,1997,,48.77,49.48,,
6434,1998,5.75,58.21,55,,
6434,1999,5.35,58.07,53.05,,
6434,2000,4.64,58.4,51.11,2168.82,
6434,2001,4.2,56.67,51.47,2272.41,
6434,2002,4.53,53.58,50.9,2169.18,
6434,2003,5.45,52.28,52.46,2122.75,
6434,2004,5.65,55.45,51.34,2108.08,
6434,2005,5.98,49.42,50.27,2175.15,
6434,2006,5.65,47.31,49.96,2283.39,
6434,2007,4.56,48.65,50.2,2361.39,
6434,2008,3.87,48.92,49.27,2310.28,
6434,2009,4.09,50.32,46.78,2249.82,
6434,2010,4.22,50.54,44.84,2246.21,0.9
6434,2011,4.04,53.06,47.52,2363.26,1.04
6434,2012,3.82,53.78,46.98,2418.04,1.41
6434,2013,4.1,54.98,49.01,2457.33,1.95
6434,2014,3.98,57.3,48.25,2648.85,3.62
6434,2015,3.55,61.95,49.06,2679.66,9.2
6434,2016,3.62,65.86,52.81,2737.39,7.02
6434,2017,3.64,53.87,48.23,2770.86,4.28
6434,2018,3.4,55.43,50.65,2855.02,3.51
6434,2019,3.42,55.52,51.88,2934.37,2.25
6434,2020,4.55,51.89,46.65,,3.41
6434,1995,,56.81,53.41,,
6434,1996,,58.25,54.02,,
6434,1997,,58.57,52.38,,
6435,1998,8.58,34.71,34.04,,
6435,1999,7.95,36.5,32.31,,
6435,2000,7.01,35.88,31.98,1337.31,
6435,2001,6.3,38.48,32.62,1413.53,
6435,2002,6.55,37.35,32.86,1415.14,
6435,2003,7.21,35.57,34.33,1451.39,
6435,2004,7.22,40.23,38.09,1467.62,
6435,2005,8.52,33.71,33.52,1480.28,
6435,2006,7.71,31.7,33.38,1511.65,
6435,2007,6.38,33.61,34.4,1530.31,
6435,2008,5.55,34.14,34.52,1561.3,
6435,2009,6.25,34.34,33.36,1587.76,
6435,2010,6.1,35.01,32.48,1632.99,1.02
6435,2011,5.4,39.5,35.13,1719.77,1.33
6435,2012,5.02,41.09,35.58,1780.21,1.63
6435,2013,5.1,43.72,37.22,1806.35,2.41
6435,2014,5.12,46.42,38.46,1819.14,4.42
6435,2015,4.94,51.66,39.23,1869.28,0.79
6435,2016,4.66,61.99,46.61,1920.69,11.17
6435,2017,4.56,49.44,44.63,1982.12,5.38
6435,2018,4.22,48.29,44.07,2062.89,4.61
6435,2019,4.1,48.18,42.69,2094.3,4.18
6435,2020,5.28,42.71,37.71,,3.81
6435,1995,,42.86,35.45,,
6435,1996,,37.85,35.9,,
6435,1997,,35.61,37.07,,
6436,1998,6.02,62.28,59.87,,
6436,1999,5.42,64.14,57.65,,
6436,2000,4.48,64.3,56.98,1661.72,
6436,2001,3.86,60.55,55.38,1732.61,
6436,2002,4.12,58.97,55.61,1776.07,
6436,2003,5.04,55.64,55.86,1770.41,
6436,2004,5.06,55.31,52.62,1821.65,
6436,2005,5.96,51.87,53.39,1850.27,
6436,2006,6.01,51.91,51.36,1902.13,
6436,2007,5.1,52.78,49.18,1912.25,
6436,2008,4.12,52.73,50.4,1946.32,
6436,2009,4.64,51.58,49.3,1920.73,
6436,2010,4.82,52.14,48.8,1965.39,1.29
6436,2011,4.45,55.43,50.57,2079.54,1.53
6436,2012,4.28,55.48,49.81,2125.49,1.46
6436,2013,4.4,60.04,51.27,2108.14,2.3
6436,2014,4.22,62.39,53.66,2149.36,3.57
6436,2015,3.9,68.92,55.92,2175.25,12.18
6436,2016,3.86,71.28,57.07,2230.82,9.47
6436,2017,3.67,60.26,55.24,2296.31,4.9
6436,2018,3.37,60.1,56.63,2383.58,4.57
6436,2019,3.29,60.38,56.77,2444.86,4.23
6436,2020,4.33,54.12,50.43,,4.01
6436,1995,,59.92,56.22,,
6436,1996,,59.07,55.77,,
6436,1997,,62.47,60.51,,
6437,1998,6.27,35.17,32.82,,
6437,1999,7.49,34.13,32.87,,
6437,2000,6.47,34.6,30.11,1225.55,
6437,2001,5.92,36.04,30.17,1281.1,
6437,2002,6.06,36.8,30.77,1286.56,
6437,2003,7.35,36.28,32.67,1323.54,
6437,2004,8.4,37.62,35.73,1329.37,
6437,2005,9.16,32.22,33.58,1371.19,
6437,2006,8.49,31.91,35.1,1407.25,
6437,2007,6.75,30.84,34.45,1403.52,
6437,2008,5.44,29.52,34.82,1457.52,
6437,2009,6.09,31.08,33.34,1479.94,
6437,2010,5.94,32.46,33.47,1524.77,0.1
6437,2011,5.94,39.21,37.04,1581.75,0.28
6437,2012,5.61,40.15,37.46,1616.99,0.13
6437,2013,5.9,40.31,39.9,1646.22,0.63
6437,2014,5.7,42.59,40.46,1687.29,1.7
6437,2015,5.55,54.09,40.35,1707.52,21.22
6437,2016,5.24,52.97,52.41,1763,3.68
6437,2017,5.03,52.39,46.04,1791.38,1.43
6437,2018,4.38,52.93,46.27,1849.77,1.58
6437,2019,4.35,50.15,47.09,1909.36,1.54
6437,2020,4.88,44.8,39.01,,1.14
6437,1995,,40.17,33.48,,
6437,1996,,40.01,31.84,,
6437,1997,,37.17,35.17,,
6438,1998,7.54,46.83,47.83,,
6438,1999,6.89,50.38,45.91,,
6438,2000,5.73,49.4,45.98,1544.13,
6438,2001,5.21,49.2,45.68,1651.99,
6438,2002,5.81,48.55,47.04,1613.13,
6438,2003,7.2,46.93,47.99,1620.28,
6438,2004,7.56,51.03,49.29,1616.23,
6438,2005,8.43,42.13,45.96,1639.68,
6438,2006,7.99,41.95,45.22,1701.74,
6438,2007,7.04,41.61,42.18,1691.69,
6438,2008,6.35,42.9,43.06,1714.43,
6438,2009,6.32,43.54,42.15,1716.72,
6438,2010,6.4,44.42,41.54,1740.25,1.27
6438,2011,6.02,48.78,42.76,1824.79,1.54
6438,2012,5.49,51.52,44.92,1848.2,1.78
6438,2013,5.5,54.08,47.51,1858.5,2.15
6438,2014,5.36,58.35,48.72,1883.13,3.93
6438,2015,4.9,68.07,51.26,1893.91,8.24
6438,2016,4.82,68.2,58.76,1953.66,9.97
6438,2017,4.47,56.75,52.36,2009.25,5.2
6438,2018,4.18,59.63,52.75,2068.89,4.46
6438,2019,3.95,58.4,53.24,2118.91,4.02
6438,2020,5.35,49.75,46.28,,3.77
6438,1995,,53.97,49.04,,
6438,1996,,50.05,47.15,,
6438,1997,,48.12,46.56,,
6439,1998,5.6,50.1,49.06,,
6439,1999,5.23,49.43,45.87,,
6439,2000,4.87,47.47,46.22,1429.83,
6439,2001,4.41,46.64,44.93,1496.89,
6439,2002,4.86,45.94,41.68,1506.75,
6439,2003,5.78,42.66,42.69,1560.48,
6439,2004,6.01,42.21,40.67,1595.07,
6439,2005,6.97,41.3,42.26,1557.34,
6439,2006,6.63,38.38,41.73,1643.31,
6439,2007,5.45,39.78,39.43,1673.32,
6439,2008,4.53,42.29,43.71,1676.54,
6439,2009,4.64,42.38,41.33,1714.21,
6439,2010,4.61,43.27,41.83,1762.23,1.53
6439,2011,4.6,46.19,43.11,1851.9,1.92
6439,2012,4.29,47.27,42.21,1902.12,2.03
6439,2013,4.3,50.28,45.45,1921.53,2.41
6439,2014,4.43,52.54,44.47,1982.08,4.59
6439,2015,4.32,58.68,44.7,1989.81,90.38
6439,2016,4.41,64.72,48.84,2035.1,11.13
6439,2017,4.62,55.07,47.75,2079.42,6.22
6439,2018,4.1,53.77,47.98,2167.84,5.57
6439,2019,3.88,52.63,49.13,2231.22,4.6
6439,2020,4.52,48.1,42.74,,5.18
6439,1995,,50.66,45.51,,
6439,1996,,48.68,45.13,,
6439,1997,,48.39,49.77,,
6440,1998,7.96,44.34,37.36,,
6440,1999,7.26,45.18,37.76,,
6440,2000,6.24,42.43,36.87,1388.48,
6440,2001,5.65,43.84,37.44,1450,
6440,2002,6.23,43.84,36.83,1447.9,
6440,2003,7.14,41.97,40.69,1463.97,
6440,2004,7.35,46.13,43.08,1482.6,
6440,2005,8.93,40.68,39.62,1498.84,
6440,2006,8.34,38.54,37.51,1540.53,
6440,2007,6.55,39.39,37.74,1567.19,
6440,2008,5.59,39.34,39.29,1592.02,
6440,2009,5.73,38.83,37.87,1613.55,
6440,2010,5.35,38.01,36.6,1651.85,1.74
6440,2011,4.85,43.11,39.5,1746.86,1.84
6440,2012,4.88,43.37,38.18,1785.59,2.05
6440,2013,5.3,47.3,39.49,1800.8,2.79
6440,2014,5.17,50.91,42.4,1837.71,4.33
6440,2015,4.93,59.19,41.51,1880.64,9.93
6440,2016,4.64,60.48,48.58,1930.02,9.05
6440,2017,4.26,54.09,47.46,1974.3,5.89
6440,2018,3.91,56.32,49.67,2044.92,4.75
6440,2019,3.83,55.46,47.37,2092.07,3.92
6440,2020,4.55,53.95,44.75,,3.95
6440,1995,,51.28,43.32,,
6440,1996,,46.83,39.37,,
6440,1997,,45.39,39.42,,
6531,1998,10.47,39.28,40.27,,
6531,1999,9.74,39.9,38.44,,
6531,2000,8.38,39.71,38.38,1233.03,
6531,2001,7.82,40.22,36.97,1298.19,
6531,2002,8.3,41.33,36.76,1290.55,
6531,2003,9.4,40.37,36.81,1313.31,
6531,2004,9.59,41.29,40.54,1336.69,
6531,2005,11.9,36.66,37.33,1361.31,
6531,2006,11.41,36.35,36.02,1400.14,
6531,2007,10.2,43.01,41.95,1399,
6531,2008,8.92,45.08,45.88,1445.71,
6531,2009,8.15,47.73,44.53,1444.26,
6531,2010,7.57,51.71,47.92,1495.51,1.78
6531,2011,7.01,57.97,53.05,1548.13,2.33
6531,2012,6.99,63.22,60.02,1577.44,5.53
6531,2013,7,76.48,72.01,1585.62,6.76
6531,2014,6.84,117.23,93.75,1598.49,18.57
6531,2015,6.71,214.9,203.65,1661.59,7.85
6531,2016,6.38,155.37,140.1,1677.28,47.53
6531,2017,5.8,94.73,89.65,1724.1,16.26
6531,2018,5.22,93.2,87.08,1773.31,10.85
6531,2019,5.28,87.89,80.62,1813.54,16.03
6531,2020,5.93,73.04,67.9,,16.99
6531,1995,,49.03,40.11,,
6531,1996,,42.49,40.26,,
6531,1997,,38.93,40.49,,
6532,1998,9.65,27.38,28.32,,
6532,1999,9.16,27.59,26.24,,
6532,2000,7.92,27.59,26.36,1313.82,
6532,2001,6.86,28.54,26.18,1394.95,
6532,2002,7.55,27.7,26.69,1387.76,
6532,2003,8.23,26.64,26.98,1418.92,
6532,2004,8.66,27.13,27.88,1447.03,
6532,2005,10.13,24.45,25.62,1475.85,
6532,2006,9.31,23.26,25.45,1549.77,
6532,2007,7.44,23.94,26.4,1597.3,
6532,2008,6.33,25,27.5,1579.52,
6532,2009,7.08,23.66,27.15,1597.36,
6532,2010,6.89,24.44,27.13,1620.36,1.76
6532,2011,5.97,27.3,28.5,1675.26,1.82
6532,2012,5.76,27.77,27.62,1725.72,2.32
6532,2013,6.1,29.62,29.12,1732.5,3.26
6532,2014,5.96,34,30.81,1796.9,4.97
6532,2015,5.77,42.77,32.27,1821.25,7.63
6532,2016,5.51,44.48,35.65,1854.15,11.44
6532,2017,5.39,36.56,33.21,1919.14,6.1
6532,2018,5.07,35.81,33.95,1994.25,5.17
6532,2019,4.78,35.77,33.94,2044.76,4.37
6532,2020,5.54,32.51,28.89,,4.38
6532,1995,,34.07,27.36,,
6532,1996,,31.25,27.96,,
6532,1997,,26.2,27.62,,
6533,1998,7.85,40.82,35.87,,
6533,1999,7.07,40.28,33.38,,
6533,2000,6.08,39.99,38.36,1235.25,
6533,2001,5.83,37.15,34.07,1297.93,
6533,2002,6.35,36.66,34.3,1309.14,
6533,2003,7.28,36.6,35.61,1342.34,
6533,2004,7.88,40.24,36.92,1348.54,
6533,2005,9.99,34.78,35.86,1382.7,
6533,2006,8.88,31.16,36.27,1432.12,
6533,2007,7.25,33.16,36.11,1424.25,
6533,2008,6.31,31.34,35.49,1504.31,
6533,2009,6.24,32.03,36.06,1523.58,
6533,2010,6.01,34.22,36.2,1567.28,1.64
6533,2011,5.71,36.06,35.57,1612.57,1.87
6533,2012,5.74,37.42,37.39,1644.42,2.41
6533,2013,5.8,42.31,39.04,1652.19,3.13
6533,2014,5.63,45.83,40.18,1689.16,5.31
6533,2015,5.26,54.94,42.87,1716.5,6.45
6533,2016,4.81,64.18,52.78,1783.21,11.16
6533,2017,4.46,47.46,45.55,1843.09,5.7
6533,2018,4.19,50.19,46.29,1915.86,5.32
6533,2019,4.01,49.72,46.56,1969.21,4.24
6533,2020,4.76,46.21,40.16,,4.18
6533,1995,,47.3,35.1,,
6533,1996,,42.1,33.85,,
6533,1997,,39.41,36.47,,
6534,1998,9.2,39.36,39.36,,
6534,1999,8.3,39.64,37.97,,
6534,2000,7.3,38.51,40.22,1154.61,
6534,2001,6.78,39.53,38.68,1211,
6534,2002,6.69,40.37,38.29,1206.15,
6534,2003,7.16,38.61,38.24,1221.41,
6534,2004,6.99,39.02,39.16,1271.01,
6534,2005,8.66,36.72,37.13,1269.79,
6534,2006,8.27,36.66,37.59,1323.79,
6534,2007,6.45,35.83,38.14,1334.74,
6534,2008,5.77,39.91,40.66,1385.8,
6534,2009,6.11,40.18,40.87,1387.14,
6534,2010,5.61,42.33,40.86,1425.82,1.22
6534,2011,5.03,46.8,46.38,1526.25,1.27
6534,2012,4.72,46.09,45.42,1568.02,1.95
6534,2013,4.6,49.98,46.19,1586.04,2.7
6534,2014,4.18,50.99,49.69,1626.13,4.52
6534,2015,3.91,65.99,49.08,1637.27,7.15
6534,2016,3.96,75.26,68.51,1697.82,6.27
6534,2017,3.77,58.07,51.06,1735.9,4.66
6534,2018,3.71,59.17,54.86,1793.4,4.61
6534,2019,3.73,61.01,57.13,1844.35,3.95
6534,2020,4.34,48.43,50.14,,3.82
6534,1995,,41.4,39.34,,
6534,1996,,42.22,38.96,,
6534,1997,,38.88,37.74,,
6535,1998,9.1,29.98,32.57,,
6535,1999,8.76,32.64,29.05,,
6535,2000,7.8,30.39,29.49,1171.9,
6535,2001,7.2,32.88,30.47,1240.19,
6535,2002,7.42,30.89,31.45,1259.07,
6535,2003,7.92,29.32,29.71,1291.76,
6535,2004,7.98,29.49,32.7,1310.84,
6535,2005,8.95,26,30.7,1333.18,
6535,2006,8.78,24.25,29.42,1377.1,
6535,2007,7.51,24.86,31.84,1394.22,
6535,2008,6.29,24.61,30.46,1436.9,
6535,2009,6.59,25.22,32.48,1442.12,
6535,2010,6.26,26.49,34.79,1492.49,1.03
6535,2011,5.02,29.45,32.95,1589.2,1.54
6535,2012,4.85,29.36,33.63,1615.58,2.02
6535,2013,4.6,32.8,33.5,1700.77,3.01
6535,2014,4.29,34.79,34.15,1725.67,4.57
6535,2015,4,55.58,35.67,1753.5,19.94
6535,2016,4.22,48.16,44.4,1722.49,10.45
6535,2017,4.14,40.76,37.27,1763.98,5.23
6535,2018,3.69,43.44,43.16,1830.86,4.96
6535,2019,3.67,43.79,40.26,1891.52,3.95
6535,2020,4.01,39.6,34.65,,4.03
6535,1995,,39.84,37.11,,
6535,1996,,38.7,31.99,,
6535,1997,,32.18,31.27,,
6611,1998,17.31,61.8,67.56,,
6611,1999,16.41,57.6,64.74,,
6611,2000,15.02,56.02,61.4,1161.19,
6611,2001,14,64.18,61.97,1216.54,
6611,2002,13.92,62.92,63.73,1227.77,
6611,2003,14.53,65.63,61.7,1258.86,
6611,2004,14.93,72.87,70.15,1277.72,
6611,2005,19.18,62.84,61.89,1284.59,
6611,2006,16.71,58.6,62.09,1326.16,
6611,2007,13.86,60.79,58.31,1339.67,
6611,2008,12.4,63.93,60.23,1362.32,
6611,2009,12.4,63.93,59.2,1379.05,
6611,2010,10.46,68.19,63.17,1424.07,1.01
6611,2011,10.19,71.33,65.5,1474.67,1.37
6611,2012,9.87,70.16,63.78,1492.67,1.92
6611,2013,10.1,74.69,67.32,1482.71,2.25
6611,2014,9.82,74.69,70.86,1520.55,3.74
6611,2015,9.3,86.64,69.34,1534.44,4.2
6611,2016,9.15,92.8,85.5,1573.72,9.89
6611,2017,8.19,80.63,72.66,1601.69,3.55
6611,2018,7.36,78.65,74.24,1638.84,3.68
6611,2019,7.27,76.25,73.81,1685.63,3.25
6611,2020,8.35,65.52,70.32,,3.26
6611,1995,,59.03,57.91,,
6611,1996,,58.59,59.18,,
6611,1997,,57.04,63.39,,
6631,1998,9.44,26.92,23.27,,
6631,1999,8.8,25.03,24.27,,
6631,2000,7.36,25.68,24.1,1219.61,
6631,2001,6.69,27.59,25.25,1296.09,
6631,2002,7.02,26.76,23.67,1291.98,
6631,2003,7.47,25.96,23.11,1311.86,
6631,2004,7.49,26.65,24.23,1326.83,
6631,2005,8.53,23.06,24.43,1381.65,
6631,2006,6.89,23.44,24.83,1431.68,
6631,2007,5.94,24.28,25.34,1484.33,
6631,2008,5.31,25.55,26.72,1497.73,
6631,2009,5.72,24.75,25.84,1488.94,
6631,2010,4.93,25.44,26.45,1556.93,1.02
6631,2011,4,27.77,28.25,1605.14,1.24
6631,2012,3.59,29.72,26.74,1652.7,1.65
6631,2013,3.6,32.49,29.51,1668.66,2.76
6631,2014,3.48,35.58,29.87,1735.83,4.21
6631,2015,3.26,46.58,31.99,1758.29,10.65
6631,2016,3.14,49.74,42.26,1783.33,10.48
6631,2017,2.9,38.48,35.08,1869.44,5.18
6631,2018,2.79,41.24,36.07,1928.9,4.8
6631,2019,2.69,39.84,35.74,1979.1,3.81
6631,2020,3.38,33.81,32.62,,4.15
6631,1995,,35.87,24.4,,
6631,1996,,31.82,24.02,,
6631,1997,,27.75,23.97,,
6632,1998,11.3,26.78,30.6,,
6632,1999,10.77,26.17,28.16,,
6632,2000,9.51,25.9,26.87,1195.98,
6632,2001,8.2,25.94,27.98,1270.7,
6632,2002,7.86,24.74,27.53,1267.42,
6632,2003,8.09,25.12,26.64,1297.23,
6632,2004,8.46,25.78,28.36,1331.36,
6632,2005,9.86,23.45,25.1,1328.26,
6632,2006,9.55,21.23,26.07,1376.55,
6632,2007,7.67,23.36,27.08,1397.97,
6632,2008,6.63,25.08,29.35,1448.41,
6632,2009,7.18,24.89,28.77,1460.1,
6632,2010,5.99,26.99,27.05,1489.74,1.12
6632,2011,4.97,32.66,30.24,1559.84,1.12
6632,2012,5.17,31.76,32.16,1589.48,1.61
6632,2013,5.1,32.84,31.1,1610,2.16
6632,2014,4.9,34.96,32.95,1631.53,3.6
6632,2015,4.86,55.06,35.12,1651.14,20.88
6632,2016,4.34,55.48,52.17,1713.09,6.98
6632,2017,4.42,49.07,44.15,1780.21,2.06
6632,2018,3.99,52.41,48.99,1840.97,2
6632,2019,3.63,55.46,52.63,1896.57,1.57
6632,2020,3.99,46.8,44.57,,1.58
6632,1995,,31.46,28.04,,
6632,1996,,29.09,27.17,,
6632,1997,,26.99,29.17,,
6633,1998,10.25,43.83,40.17,,
6633,1999,9.84,43.98,38.2,,
6633,2000,8.85,40.79,36.88,1210.22,
6633,2001,8.22,40.75,39.71,1297.28,
6633,2002,8.16,39.14,36.31,1303.25,
6633,2003,8.35,38.16,36.72,1362.8,
6633,2004,8.22,40.25,39.2,1391.88,
6633,2005,9.66,35.08,36.85,1398.35,
6633,2006,8.51,32.73,36.21,1443.11,
6633,2007,6.76,33.57,35.83,1464.92,
6633,2008,5.73,33.7,36.09,1499.96,
6633,2009,6,34.31,34.89,1543.61,
6633,2010,5.25,35.32,35.39,1602.07,1.37
6633,2011,4.92,38.15,36.35,1654.61,1.52
6633,2012,4.87,38.33,35.31,1692.31,2.01
6633,2013,5.2,40.06,37.93,1711.91,2.08
6633,2014,5.11,43.52,38.42,1748.79,4.04
6633,2015,4.76,55.62,40.79,1758.66,8.32
6633,2016,4.34,64.6,53.03,1801.41,10.6
6633,2017,4.16,48.07,44.77,1841.73,4.96
6633,2018,3.78,47.38,42.3,1905.16,4.35
6633,2019,3.57,47.45,41.87,1967.17,3.49
6633,2020,4.35,43.46,37.29,,3.46
6633,1995,,49.91,38.83,,
6633,1996,,45.29,40.68,,
6633,1997,,44.82,39.33,,
6634,1998,10.71,32.96,32.54,,
6634,1999,10.02,31.46,30.48,,
6634,2000,9.19,31.36,30.12,1179.05,
6634,2001,8.44,33.24,30.79,1240.34,
6634,2002,8.41,30.19,30.12,1243.63,
6634,2003,8.31,30,30.63,1281.93,
6634,2004,8.34,30.89,32.46,1308.62,
6634,2005,10.19,26.63,30.27,1323.47,
6634,2006,9.14,24.36,29.68,1358.67,
6634,2007,7.44,25.51,28.95,1380.8,
6634,2008,6.42,26.26,31.39,1444.31,
6634,2009,6.43,27.11,30.86,1449.51,
6634,2010,5.77,28.8,30.48,1520,1.45
6634,2011,5.05,31.59,32.1,1569.78,1.5
6634,2012,4.84,30.47,31.51,1612.1,2.94
6634,2013,5.3,32.21,31.48,1611.95,3.51
6634,2014,5.17,38.09,33.08,1660.77,5.3
6634,2015,4.96,45.76,36.23,1695.14,4.19
6634,2016,4.7,50.1,39.32,1745.83,12.41
6634,2017,4.3,40.46,37.79,1781.46,6.76
6634,2018,3.42,40.84,37.3,1845.7,6.35
6634,2019,3.23,39.92,37.42,1911.29,5.46
6634,2020,3.96,39.9,33.01,,5.45
6634,1995,,43.36,33.64,,
6634,1996,,38.25,32.58,,
6634,1997,,35.17,31.77,,
6635,1998,9.46,31.36,32.5,,
6635,1999,8.61,31.84,30.23,,
6635,2000,7.43,29.74,29.23,1211.6,
6635,2001,6.77,31.58,30.5,1269.09,
6635,2002,7.18,30.91,28.96,1285.88,
6635,2003,8.08,28.11,29.19,1352.92,
6635,2004,8.6,30.66,30.19,1386.5,
6635,2005,9.4,25.96,28.52,1370.37,
6635,2006,8.66,24.32,28.31,1380.71,
6635,2007,7.05,25.82,29.63,1374.47,
6635,2008,6.09,26.19,30.55,1425.65,
6635,2009,6.97,26.82,31.34,1460.43,
6635,2010,5.9,26.6,29.54,1513.28,0.9
6635,2011,5.06,28.27,31.46,1588.76,0.9
6635,2012,5.03,29.34,30.4,1626.37,2.09
6635,2013,5.1,32.98,32.16,1627.92,2.57
6635,2014,4.92,36.61,33.5,1666.41,4.78
6635,2015,4.65,48.52,36.03,1691.42,7.41
6635,2016,4.32,48.86,38.62,1751.01,15.41
6635,2017,3.94,37.33,37.44,1841.92,4.5
6635,2018,3.49,39.06,35.27,1901.42,4.1
6635,2019,3.41,38.2,36.77,1963.74,3.57
6635,2020,4.05,36.14,29.89,,3.35
6635,1995,,43.77,34.01,,
6635,1996,,37.81,32.97,,
6635,1997,,34.85,32.28,,
6636,1998,12.65,32.75,35.87,,
6636,1999,12.54,34.99,36.21,,
6636,2000,11.82,32,36.75,1174.8,
6636,2001,11.19,33.87,34.87,1234.04,
6636,2002,10.25,31.83,33.85,1231.22,
6636,2003,10.61,31.07,33.38,1268.08,
6636,2004,10.89,32.97,35.25,1272.39,
6636,2005,12.31,29.04,34.61,1283.46,
6636,2006,11.6,26.56,32.04,1313.29,
6636,2007,9.78,27.97,32.56,1330.83,
6636,2008,8.17,29.54,36.47,1377.95,
6636,2009,8.36,29.04,33.14,1394.98,
6636,2010,7.45,30.73,31.94,1435.53,1.26
6636,2011,6.71,34.54,33.78,1499.36,1.38
6636,2012,6.64,34.21,36,1534.17,1.71
6636,2013,6.8,35.08,33.01,1539.21,2.23
6636,2014,6.6,40.55,36.14,1565.54,2.65
6636,2015,6.44,49.48,36.44,1596.6,10.51
6636,2016,5.94,57.53,52.15,1665.81,8.37
6636,2017,5.58,46.81,38.56,1675.92,3.7
6636,2018,4.8,47.35,41.03,1729.48,3.54
6636,2019,4.73,46.62,43.34,1783.85,2.62
6636,2020,5.55,42.75,39.31,,2.75
6636,1995,,37.87,36.14,,
6636,1996,,33.81,35.59,,
6636,1997,,34.21,34.19,,
7111,1998,9.08,60.23,62.09,,
7111,1999,8.94,60.53,67.42,,
7111,2000,7.38,62.58,61.87,1369.9,
7111,2001,6.94,59.71,59.31,1430.45,
7111,2002,7.39,63.25,58.73,1400.98,
7111,2003,7.87,60.89,60.38,1412.66,
7111,2004,8.09,59.9,61.97,1436.74,
7111,2005,11.96,59.82,62.33,1461.4,
7111,2006,10.73,60.68,62.5,1502.45,
7111,2007,8.99,61.32,56.97,1522.79,
7111,2008,7.55,63.76,59.09,1540.48,
7111,2009,8.11,66.27,61.37,1569.65,
7111,2010,7.54,64.58,61.67,1566.39,2.26
7111,2011,6.6,65.69,61.16,1592.53,2.53
7111,2012,6.98,82.98,63.23,1608.45,2.57
7111,2013,6.6,77.37,66.8,1612.44,3.61
7111,2014,6.75,79.97,70.64,1638.31,5.05
7111,2015,6.77,82.29,70.13,1680.51,10.96
7111,2016,6.49,88.35,79.34,1734.68,7.98
7111,2017,6.12,78.83,75.18,1764.66,4.55
7111,2018,5.77,81.08,76.08,1806.87,3.87
7111,2019,5.53,77.76,75.83,1840.99,3.16
7111,2020,6.64,67.77,70.28,,3.04
7111,1995,,58.52,59.47,,
7111,1996,,57.88,55.15,,
7111,1997,,58.16,56.24,,
7131,1998,6.98,43.98,36.73,,
7131,1999,6.41,42.34,37.43,,
7131,2000,5.84,42.84,36.99,1311.62,
7131,2001,5.64,43.08,37.05,1362.07,
7131,2002,6.01,45.41,38.08,1355.15,
7131,2003,6.86,42.18,37.02,1394.55,
7131,2004,7.01,38.4,34.42,1449.22,
7131,2005,7.61,37.27,37.13,1470.2,
7131,2006,6.67,35.23,37.64,1514.97,
7131,2007,5.4,35.99,35.21,1542.44,
7131,2008,4.86,36.41,36.78,1572.25,
7131,2009,4.73,37.75,35.97,1629.72,
7131,2010,4.21,37.55,36.93,1633.13,1.41
7131,2011,4.04,40.82,38.07,1704.06,1.82
7131,2012,4.03,42.69,38.05,1729.98,1.38
7131,2013,4.5,45.26,38.74,1744.66,1.73
7131,2014,4.18,48.41,39.84,1761.96,2.96
7131,2015,4.28,53.39,39.71,1822.86,8.62
7131,2016,3.91,52.76,49.02,1877.68,5.3
7131,2017,3.79,49.34,41.42,1935.5,2.74
7131,2018,3.54,51.45,41.25,1981.08,2.67
7131,2019,3.45,48.87,41.93,2025.72,2.64
7131,2020,4.16,44.42,37.39,,2.49
7131,1995,,48.65,34.54,,
7131,1996,,45.21,36.4,,
7131,1997,,45.64,35.23,,
7132,1998,8.5,41.96,38.68,,
7132,1999,7.8,43.01,38.67,,
7132,2000,6.66,38.38,38.25,1216.53,
7132,2001,6.37,39.07,36.49,1264.62,
7132,2002,7.16,37.62,37.01,1263.23,
7132,2003,7.98,36.44,34.06,1292.2,
7132,2004,8.28,32.82,33.23,1336.56,
7132,2005,9.79,32.92,33.87,1367.38,
7132,2006,8.88,31.22,33.08,1415.67,
7132,2007,6.81,30.05,33.47,1459.89,
7132,2008,5.27,31.63,36.45,1476.51,
7132,2009,6.75,30.86,33.35,1504.93,
7132,2010,6.18,32.22,35.27,1491.02,1.14
7132,2011,5.47,33.69,37.01,1555.58,1.94
7132,2012,5.23,35.08,36.74,1593.63,2.21
7132,2013,5.7,36.18,38.27,1600.37,2.38
7132,2014,5.5,41.84,38.93,1628.81,3.4
7132,2015,5.18,49.83,38.59,1661.67,6.22
7132,2016,4.97,48.33,49.64,1722.94,6.17
7132,2017,4.73,42.56,39.93,1789.62,4.15
7132,2018,4.35,45.62,42.4,1849.26,3.57
7132,2019,4.25,46.36,41.64,1892.96,3.46
7132,2020,5.38,42.79,37.1,,3.1
7132,1995,,47.22,38.94,,
7132,1996,,44.45,37.2,,
7132,1997,,41.19,37.55,,
7133,1998,10.13,35.43,31.85,,
7133,1999,9.47,38.16,35.4,,
7133,2000,8.22,35.45,30.73,1311.57,
7133,2001,7.75,35.76,32.04,1371.41,
7133,2002,7.82,37.12,32.76,1368.07,
7133,2003,8.4,34.9,29.56,1412.61,
7133,2004,8.79,34.14,29.39,1472.49,
7133,2005,10.13,32.61,31.74,1486.69,
7133,2006,9.29,31.14,30.52,1514.2,
7133,2007,7.63,31.06,30.27,1530.85,
7133,2008,6.81,31.07,33.23,1543.21,
7133,2009,7.15,33.17,34.57,1576.28,
7133,2010,6.8,34.02,32.79,1574.5,1.15
7133,2011,6.56,37.36,34.76,1612.64,1.26
7133,2012,6.84,38.25,35.04,1640.94,1.23
7133,2013,7.1,39.7,35.87,1644.56,2.12
7133,2014,7.11,42.41,35.29,1669.7,3.66
7133,2015,6.8,47.29,37.48,1720.94,4.19
7133,2016,6.58,50.8,44.02,1762.37,6.93
7133,2017,6.24,42.89,38.49,1808.05,4.02
7133,2018,5.75,45.57,38.63,1856.29,3.64
7133,2019,5.46,44.21,39.25,1896.99,3.12
7133,2020,6.35,41.63,34.29,,2.83
7133,1995,,39.31,31.28,,
7133,1996,,36.84,32.1,,
7133,1997,,37.25,31.75,,
7134,1998,11.07,32.68,33.77,,
7134,1999,10.13,33.15,33.55,,
7134,2000,8.71,34.19,30.31,1257.32,
7134,2001,8.47,34.33,33.03,1306.31,
7134,2002,8.88,34.75,34.28,1293.24,
7134,2003,9.4,30.92,31.4,1335.25,
7134,2004,9.25,29.1,32.55,1392.02,
7134,2005,10.51,28.84,35.06,1417.16,
7134,2006,9.59,28.84,32.81,1463.31,
7134,2007,7.85,31.16,33.43,1488.33,
7134,2008,6.97,30.37,39.49,1506.76,
7134,2009,7.47,30.95,37.39,1546.49,
7134,2010,6.51,32.27,37.87,1529.63,1.49
7134,2011,6.36,31.45,34.61,1578.39,1.18
7134,2012,6.32,32.76,41.65,1607.3,1.34
7134,2013,6.8,37.94,36.34,1617.7,1.81
7134,2014,6.9,41.44,36.17,1641.1,3.11
7134,2015,6.64,46.19,38.32,1672.88,25.28
7134,2016,6.28,60.53,50.53,1726.56,5.32
7134,2017,6,44.95,38.74,1768.98,2.79
7134,2018,5.57,49.44,42.69,1824.4,2.61
7134,2019,5.61,49.88,42.24,1862.48,2.35
7134,2020,6.57,43.28,38.29,,2.54
7134,1995,,41.1,37.94,,
7134,1996,,39.44,31.32,,
7134,1997,,32.99,32.21,,
7135,1998,7.12,35.68,33.32,,
7135,1999,6.76,37.52,33.75,,
7135,2000,5.66,33.4,31.11,1233.13,
7135,2001,5.23,34.41,30.26,1306.97,
7135,2002,5.09,36.79,32.73,1287.58,
7135,2003,5.77,34.86,30.5,1321.23,
7135,2004,5.84,34.3,31.09,1370.73,
7135,2005,6.97,31.14,33.53,1405.29,
7135,2006,5.73,32.66,35.17,1456.09,
7135,2007,4.79,30.63,33.25,1494.38,
7135,2008,4.43,32.61,34.39,1528.1,
7135,2009,4.55,33.89,37.19,1587.99,
7135,2010,4.19,32.79,34.66,1593.34,1.86
7135,2011,3.84,33.68,35.07,1633.01,1.77
7135,2012,3.78,38.76,39.47,1646.68,2.36
7135,2013,4.1,40.52,38.62,1653.67,2.66
7135,2014,3.85,43.87,39.05,1664.92,4.14
7135,2015,3.8,51.61,40.34,1724.63,27.97
7135,2016,3.76,49.04,47.81,1780.3,5.3
7135,2017,3.56,45.72,43.27,1851.32,3.63
7135,2018,3.1,48.11,43.21,1911.44,2.78
7135,2019,3.05,47.69,44.89,1961.67,2.49
7135,2020,3.95,45.5,36.64,,2.27
7135,1995,,39.49,37.25,,
7135,1996,,38.56,35.13,,
7135,1997,,38.23,33.01,,
7137,1998,8.29,43.11,37.75,,
7137,1999,7.89,41.72,35.75,,
7137,2000,6.81,44.04,38.04,1291.47,
7137,2001,6.59,43.26,35.54,1340.96,
7137,2002,6.97,41.65,36.66,1335.25,
7137,2003,7.46,40.92,37.35,1373.76,
7137,2004,7.59,40.24,34.73,1423.4,
7137,2005,9.19,38.41,37.25,1452.19,
7137,2006,8.27,38.32,37.45,1495.23,
7137,2007,6.64,36.03,35.08,1520.53,
7137,2008,5.87,35.78,37.27,1536.07,
7137,2009,5.74,35.7,37.37,1579.39,
7137,2010,5.57,36.02,36.6,1573.61,1.64
7137,2011,4.98,38.04,37.92,1628.39,1.77
7137,2012,5.02,39.59,37.29,1665.93,1.89
7137,2013,4.9,40.07,37.59,1690.33,2.14
7137,2014,4.83,45.24,39.26,1685.62,3.84
7137,2015,4.54,50.31,41.43,1720.25,3.35
7137,2016,3.9,52.51,46.74,1776.76,7.51
7137,2017,3.5,48.27,43.23,1829.03,4.05
7137,2018,3.36,48.97,43.27,1880.35,3.57
7137,2019,3.14,48.03,43.76,1927.9,3.56
7137,2020,3.61,44.64,40.01,,3.93
7137,1995,,45.38,35.04,,
7137,1996,,44.3,34.65,,
7137,1997,,41.1,35.05,,
7138,1998,7.93,44.47,38.4,,
7138,1999,7.64,45.87,40.16,,
7138,2000,6.82,43.7,40.32,1346.22,
7138,2001,7,43.33,38.72,1406.66,
7138,2002,7.84,42.99,37.13,1389.61,
7138,2003,8.83,40.09,37.9,1423.5,
7138,2004,8.84,38.91,35.17,1472.35,
7138,2005,10.14,35.81,37.39,1521.33,
7138,2006,8.52,34.73,36.81,1592.41,
7138,2007,6.95,35.34,37.36,1644.79,
7138,2008,6.07,34.5,37.25,1639.15,
7138,2009,6.69,34.7,36.46,1668.71,
7138,2010,6.3,36.57,36.07,1628.73,1.71
7138,2011,5.64,39.01,38.11,1680.58,1.88
7138,2012,5.87,39.42,39.22,1728.65,2.05
7138,2013,5.9,40.42,37.97,1709.98,2.43
7138,2014,5.94,44.31,40.75,1747.29,3.37
7138,2015,5.86,51.5,40.69,1786.03,7.09
7138,2016,5.73,53.27,49.21,1842.08,6.56
7138,2017,5.34,47.89,43.98,1906.21,3.59
7138,2018,4.83,48.82,43.94,1961.04,2.67
7138,2019,4.57,51.83,44.4,1992.13,2.42
7138,2020,5.45,46.21,40.93,,2.62
7138,1995,,53.26,36.19,,
7138,1996,,47.66,37.2,,
7138,1997,,46.18,35.78,,
7140,1998,9.5,37.49,34.02,,
7140,1999,8.52,37.59,34.17,,
7140,2000,7.19,37.4,33.35,1234.69,
7140,2001,6.79,36.47,33.14,1293.6,
7140,2002,6.92,37.3,31.4,1293.27,
7140,2003,7.42,34.02,30.75,1333.48,
7140,2004,7.29,31.23,29.58,1395.18,
7140,2005,8.18,35.3,35.84,1421.49,
7140,2006,7.44,33.5,36.35,1470.11,
7140,2007,5.77,31.8,35.89,1506.36,
7140,2008,5.11,33.05,36.59,1531.88,
7140,2009,5.55,32.56,36.34,1579.14,
7140,2010,4.66,33.25,35.96,1580.87,0.88
7140,2011,4.32,34.57,39.5,1629.21,0.9
7140,2012,4.48,36.15,37.79,1684.62,1.18
7140,2013,4.79,37.74,36.08,1702.63,1.84
7140,2014,4.66,43.44,38.38,1776.78,3.82
7140,2015,4.28,48.81,38.9,1845.98,17.03
7140,2016,4.15,54.85,46.7,1894.43,5.64
7140,2017,3.75,43.14,40.09,1922.16,2.63
7140,2018,3.49,44.74,40.83,1983.68,2.04
7140,2019,3.21,48.12,42.39,2024.52,1.56
7140,2020,4.16,43.08,36.82,,1.5
7140,1995,,52.08,37.33,,
7140,1996,,43.9,36.71,,
7140,1997,,43.16,38.03,,
7141,1998,7.49,45.88,40.37,,
7141,1999,6.98,44.11,38.38,,
7141,2000,6.26,45.27,40.97,1324.5,
7141,2001,6.09,44.49,38.55,1392.72,
7141,2002,6.41,44.49,40.07,1371.71,
7141,2003,6.82,41.78,39.46,1391.84,
7141,2004,6.99,38.15,38.65,1427.37,
7141,2005,8.46,38.64,41.81,1452.82,
7141,2006,6.91,33.3,37.12,1495.37,
7141,2007,5.4,34.1,38.18,1528,
7141,2008,4.7,34.89,37.51,1546.57,
7141,2009,5.04,36.05,39.12,1590.26,
7141,2010,4.68,35.65,37.82,1589.86,1.39
7141,2011,4.22,38.17,41.47,1639.33,1.55
7141,2012,4.22,38.9,40.33,1660.74,1.45
7141,2013,4.3,43.95,42.6,1676.23,2.12
7141,2014,4.34,48.78,43.54,1688.15,4.2
7141,2015,4.27,67.9,46.8,1723.57,95.29
7141,2016,3.81,66.8,72.19,1765.97,7.56
7141,2017,3.53,48.85,45.88,1807.42,4.37
7141,2018,3.24,50.52,46.85,1861.33,3.9
7141,2019,2.78,50.49,46.9,1902.92,3.88
7141,2020,3.7,49.25,41.89,,3.59
7141,1995,,47.5,39.6,,
7141,1996,,42.89,37.99,,
7141,1997,,43.79,39.19,,
7143,1998,7.38,41.5,36.71,,
7143,1999,6.81,40.95,34.85,,
7143,2000,5.54,41.35,39.38,1337.26,
7143,2001,5.41,39.12,34.86,1409.25,
7143,2002,5.91,39.81,36.66,1389.97,
7143,2003,6.59,37.24,32.98,1423.54,
7143,2004,6.6,34.39,31.74,1473.3,
7143,2005,7.9,34,33.91,1515.36,
7143,2006,7.08,31.99,34.81,1577.35,
7143,2007,5.73,31.78,32.63,1620.57,
7143,2008,4.82,31.29,34.88,1639.52,
7143,2009,5.52,31,34.35,1692.06,
7143,2010,4.83,32.79,34.53,1677.19,1.21
7143,2011,4.15,34,34.76,1759.47,1.42
7143,2012,3.96,34.78,35.85,1791.25,1.61
7143,2013,4.2,38.54,35.5,1882.52,2.12
7143,2014,4.02,42.38,37.56,1849.74,3.31
7143,2015,4.01,48.42,39.6,1921.37,5.34
7143,2016,3.61,50.96,43.16,2028.67,6.56
7143,2017,3.32,42.51,39.43,1990.52,3.27
7143,2018,2.89,46.49,40.86,2049.3,3.24
7143,2019,2.75,46.18,41.17,2087.33,2.91
7143,2020,3.57,42.78,35.86,,2.66
7143,1995,,46.65,34.26,,
7143,1996,,42.88,33.76,,
7143,1997,,41.26,33.18,,
7211,1998,11.42,62.63,61.92,,
7211,1999,11.27,68.44,63.87,,
7211,2000,10.33,69.32,73.06,1193.2,
7211,2001,9.51,66.25,59.73,1241.81,
7211,2002,9.36,64.62,60.53,1249.58,
7211,2003,9.64,63.18,61.85,1296.33,
7211,2004,9,65.29,62.98,1361.56,
7211,2005,9.87,67.84,69.52,1400.04,
7211,2006,8.91,106.1,69.78,1411.01,
7211,2007,7.27,80.58,75.64,1455.33,
7211,2008,6.61,85.78,77.62,1465.43,
7211,2009,6.78,84.75,84.36,1509.7,
7211,2010,6.14,93.91,86.1,1487.58,3.9
7211,2011,5.9,97.39,92.17,1520.77,4.54
7211,2012,5.64,101.45,98.61,1540.41,6.72
7211,2013,5.7,128.75,121.11,1541.98,8.12
7211,2014,5.56,178.6,166.04,1554.28,17.86
7211,2015,5.4,346.51,287.21,1519.2,7.53
7211,2016,5.68,178.67,218.37,1641.65,30.41
7211,2017,5.11,132.6,133.82,1710.59,31.94
7211,2018,4.47,118.09,111.04,1762.71,27.34
7211,2019,4.91,121.33,112.17,1808.88,32.67
7211,2020,6.48,94.28,98.62,,36.37
7211,1995,,64.97,64.71,,
7211,1996,,62.71,56.92,,
7211,1997,,59.78,58.79,,
7231,1998,7.9,32.55,31.57,,
7231,1999,7.42,34.61,32.77,,
7231,2000,6.36,33.64,31.03,1250.15,
7231,2001,6.12,32.52,30.33,1325.64,
7231,2002,6.21,34.23,29.64,1316.21,
7231,2003,6.1,31.06,29.41,1367.76,
7231,2004,5.94,31.93,28.53,1434.21,
7231,2005,6,31.44,31.73,1475.67,
7231,2006,5.3,31.53,32.49,1540.35,
7231,2007,4.13,31.81,32.34,1584.9,
7231,2008,3.91,31.08,33.47,1620.17,
7231,2009,4.32,31.42,35.59,1698.13,
7231,2010,3.77,33.28,34.8,1699.46,1.26
7231,2011,3.47,36.04,34,1722.03,1.29
7231,2012,3.51,36.04,36.13,1734.04,1.4
7231,2013,3.9,39.83,37.63,1708.14,2.16
7231,2014,3.91,43.21,37.79,1722,3.82
7231,2015,3.73,50.73,39.78,1695.53,5.4
7231,2016,3.7,58.91,51.68,1771.52,7.99
7231,2017,3.53,48.91,44.59,1819.14,4.82
7231,2018,3.15,51.7,46.23,1879.41,4.18
7231,2019,3.01,52.95,47.68,1924.87,2.97
7231,2020,3.62,49.33,43.64,,2.88
7231,1995,,37.5,29.64,,
7231,1996,,34.87,29.26,,
7231,1997,,31.44,29.16,,
7232,1998,7.97,30.46,29.88,,
7232,1999,7.35,30.56,30.72,,
7232,2000,6.21,32.68,29.83,1161.57,
7232,2001,5.8,30.91,31.17,1239.92,
7232,2002,5.82,29.94,29.23,1229.19,
7232,2003,5.81,28.76,28.59,1263.03,
7232,2004,5.5,28.09,28.03,1324.05,
7232,2005,5.93,33.57,28.18,1344.58,
7232,2006,5.59,28.95,31.83,1398.5,
7232,2007,4.3,29.97,29.84,1438.48,
7232,2008,3.31,31.56,32.35,1473.18,
7232,2009,3.59,30.14,31.98,1517.16,
7232,2010,3.31,32.36,32.77,1556.18,1.2
7232,2011,3,33.18,30.79,1562.94,1.62
7232,2012,2.96,35.63,30.72,1606.68,1.79
7232,2013,3.3,38.26,32.9,1607.79,2.75
7232,2014,3.25,40.37,34.67,1645.65,3.9
7232,2015,3.18,46.59,36.2,1703.31,13.56
7232,2016,3.07,52.26,42.02,1735.97,5.69
7232,2017,2.96,45.68,41.86,1784.12,2.76
7232,2018,2.57,44.95,38.93,1848.65,2.39
7232,2019,2.44,46.09,38.25,1904.85,2.42
7232,2020,3.04,47.61,35.25,,2.55
7232,1995,,38.48,30.04,,
7232,1996,,33.73,29.48,,
7232,1997,,27.95,28.05,,
7233,1998,7.1,44.08,35.05,,
7233,1999,6.85,40.28,39.76,,
7233,2000,5.86,40.14,38.42,1194.29,
7233,2001,5.54,38.95,35.4,1251.08,
7233,2002,6.19,35.34,35.58,1252.62,
7233,2003,6.47,37.88,34.41,1295.02,
7233,2004,6.48,33.66,35.52,1358.51,
7233,2005,7.56,33.91,34.22,1384.38,
7233,2006,6.29,32.24,35.65,1426.37,
7233,2007,5.48,32.73,35.41,1449.61,
7233,2008,5.01,33.02,37.88,1478.54,
7233,2009,5.01,33.39,34.2,1520.51,
7233,2010,4.97,31.37,34.9,1526.95,1.29
7233,2011,4.41,33.3,38.19,1548.45,1.22
7233,2012,4.34,35.71,38.02,1591.04,1.34
7233,2013,4.8,39.25,40.04,1603.42,2.39
7233,2014,4.73,42.78,38.12,1626.06,4.62
7233,2015,4.38,47.88,41.16,1664.34,9.1
7233,2016,4.45,51.25,47.62,1739.71,4.82
7233,2017,4.26,48.56,43.85,1782.43,3.2
7233,2018,3.78,48.45,43.3,1844.38,2.44
7233,2019,3.72,48.36,41.68,1890.73,2.01
7233,2020,4.11,44.5,40.4,,2.15
7233,1995,,46.98,38.76,,
7233,1996,,44.98,36.73,,
7233,1997,,43.4,35.12,,
7235,1998,6.92,43.6,35.89,,
7235,1999,6.91,42.05,35.52,,
7235,2000,6.38,38.27,35.93,1210.08,
7235,2001,5.92,39.03,34.46,1286.19,
7235,2002,5.94,39.51,33.67,1291.04,
7235,2003,5.96,37.79,32.91,1338.04,
7235,2004,5.59,38.17,34.34,1404.2,
7235,2005,5.49,40.38,36.07,1436.48,
7235,2006,4.86,40.99,36.6,1484.58,
7235,2007,3.71,41.64,34.61,1520.63,
7235,2008,3.24,41.01,37.88,1545.21,
7235,2009,3.51,41.37,37.64,1584.5,
7235,2010,3.47,40.21,37.34,1586.11,1.08
7235,2011,3.27,43.41,39.41,1629.05,1.31
7235,2012,3.33,44.57,40.27,1653.28,1.22
7235,2013,3.6,45.75,40.03,1680.34,1.73
7235,2014,3.6,51.25,43.28,1731.2,3.26
7235,2015,3.36,62.69,41.76,1748.39,6.75
7235,2016,3.29,65.74,62.67,1820.02,5.8
7235,2017,3.02,58.53,52.13,1877.81,2.95
7235,2018,2.65,59.03,53.56,1955.35,2.76
7235,2019,2.61,63.49,58.43,2024.64,2.22
7235,2020,3.18,61.87,50.93,,1.99
7235,1995,,42.62,35.71,,
7235,1996,,40.27,36.1,,
7235,1997,,41.92,36.45,,
7311,1998,9.48,59.41,64.05,,
7311,1999,9.09,59.26,63.61,,
7311,2000,8.87,55.96,65.26,1283.86,
7311,2001,8.44,59.26,56.5,1320.69,
7311,2002,9.12,56.79,57.34,1324.1,
7311,2003,9.16,55.38,55,1353.82,
7311,2004,9.34,51.33,49.73,1394.79,
7311,2005,11.06,52.73,55.86,1401.76,
7311,2006,10.48,53.94,56.46,1425.79,
7311,2007,8.56,55.38,49.65,1435.35,
7311,2008,7.34,52.27,52.12,1466.16,
7311,2009,8.06,56.62,54.81,1500.57,
7311,2010,7.5,55.22,54.9,1527.01,0.88
7311,2011,7,60.64,53.35,1591.03,1.37
7311,2012,6.84,65.97,54.15,1653.29,1.11
7311,2013,7,67.46,59.01,1666.26,2.66
7311,2014,7.19,70.55,60.81,1655.47,4.55
7311,2015,7.22,79.92,65.01,1730.14,12.03
7311,2016,7.43,76.23,75.43,1697.42,5.59
7311,2017,6.97,70.72,69.71,1776.25,3.68
7311,2018,6.45,71.87,66.78,1819.04,3.11
7311,2019,6.73,70.26,64.05,1856.52,2.52
7311,2020,8.15,63.47,61.62,,1.33
7311,1995,,73.99,56.29,,
7311,1996,,62.27,56.74,,
7311,1997,,59.8,56.15,,
7312,1998,15.7,58.29,62.52,,
7312,1999,14.26,58.34,63.36,,
7312,2000,12.17,61.56,61.37,1203.66,
7312,2001,10.96,63.22,61.92,1247.04,
7312,2002,11.28,61.66,61.25,1243.92,
7312,2003,11.27,57.79,58.29,1265.12,
7312,2004,11.48,61.02,56.76,1297.89,
7312,2005,12.67,58.9,64.55,1309.92,
7312,2006,13.27,58.26,58.75,1331.99,
7312,2007,11.58,57.37,56.76,1344.43,
7312,2008,10.2,59.85,59.98,1366.24,
7312,2009,10.76,80.22,58.13,1382.62,
7312,2010,10.55,66.5,63.88,1388.61,0.19
7312,2011,10.41,75.34,65.65,1448.78,0.57
7312,2012,10.42,72.41,68.11,1441.8,1.15
7312,2013,10.6,75.54,71.37,1457.33,1.57
7312,2014,10.3,79.28,74.43,1464.52,3.96
7312,2015,9.7,86.19,72.7,1499.83,17.39
7312,2016,9.82,92.48,79.1,1519.47,6.86
7312,2017,9.35,84.02,77.67,1562.96,4.32
7312,2018,8.96,80.56,76.92,1603.38,3.58
7312,2019,8.59,82.59,78.57,1635.07,2.97
7312,2020,9.45,68.03,70.7,,3.11
7312,1995,,63.73,61.76,,
7312,1996,,57.51,59.57,,
7312,1997,,58.22,58.9,,
7313,1998,8.85,71.51,61.54,,
7313,1999,8.9,70.6,61.68,,
7313,2000,7.81,68.16,59.85,1345.09,
7313,2001,7.03,67.07,67.07,1422.78,
7313,2002,7.43,67.62,58.17,1410.88,
7313,2003,8.03,62.21,57.42,1443.16,
7313,2004,7.58,64.18,56.48,1493.98,
7313,2005,7.68,64.91,58.27,1523.14,
7313,2006,7.05,82.19,56.56,1539.17,
7313,2007,6.18,62.28,60.35,1575.16,
7313,2008,5.38,60.48,60.22,1590.51,
7313,2009,5.97,65.2,63.03,1619.73,
7313,2010,5.7,80.25,64.2,1592.82,1.22
7313,2011,4.89,76.18,66.43,1644.99,1.15
7313,2012,4.78,76.97,71.29,1654.16,1.1
7313,2013,5,75.39,68.84,1667.07,2.44
7313,2014,5.16,91.65,75.36,1664.57,4.63
7313,2015,4.94,97.75,76.45,1690.31,44.71
7313,2016,5.24,93.49,86.71,1700.61,10.69
7313,2017,5.26,83.99,76.8,1791.3,3.28
7313,2018,4.91,85.25,75,1827.83,2.42
7313,2019,4.65,87.63,81.97,1863.73,2.07
7313,2020,5.91,77.46,79.96,,1.61
7313,1995,,70.1,56.4,,
7313,1996,,67.41,59.01,,
7313,1997,,65.41,63.99,,
7314,1998,10.26,50.03,59.24,,
7314,1999,9.95,51.06,55.07,,
7314,2000,9.04,49.91,58.66,1187.07,
7314,2001,8.62,54.89,52.52,1222.86,
7314,2002,9.64,54.96,53.86,1229.42,
7314,2003,10.39,52.71,48.99,1252.54,
7314,2004,11.2,54.38,50.57,1279.77,
7314,2005,13.2,55.15,54.79,1290.34,
7314,2006,13.2,55.35,53.31,1319.84,
7314,2007,10.44,52.53,51.45,1346.62,
7314,2008,9.03,53.19,54.24,1367.06,
7314,2009,9.86,53.25,52.93,1392.63,
7314,2010,9.59,56.31,50.48,1392.79,1.85
7314,2011,9.64,64.25,56.32,1476.23,1.94
7314,2012,9.3,65.75,55.93,1487.13,2.38
7314,2013,9.2,66.49,58.24,1505.01,3.33
7314,2014,9.08,74,61.23,1513.83,4.71
7314,2015,8.8,77.61,73.54,1564.03,3.35
7314,2016,8.74,82.56,76.33,1574.52,10.71
7314,2017,8.31,78.41,67.84,1620.88,5.33
7314,2018,7.81,84.48,69.86,1636.72,4.69
7314,2019,8.13,81.33,74.61,1667.06,4.42
7314,2020,9.7,66.38,64.16,,3.77
7314,1995,,54.34,55.91,,
7314,1996,,50.82,51.6,,
7314,1997,,49.63,55.48,,
7315,1998,8.19,69.79,71.41,,
7315,1999,7.79,72.95,88.32,,
7315,2000,7.02,71.53,73.14,1428.52,
7315,2001,6.55,77.02,65.81,1480.29,
7315,2002,6.98,69.95,66.08,1472.57,
7315,2003,7.68,63.21,65.88,1508.32,
7315,2004,7.95,66.46,63.64,1539.82,
7315,2005,9.53,105.45,62.57,1508.08,
7315,2006,8.69,75.81,65.86,1525.85,
7315,2007,7.13,73.08,65.47,1546.71,
7315,2008,6.17,72.43,75.27,1567.57,
7315,2009,6.49,71.38,71.14,1616.32,
7315,2010,6.21,72.57,65.89,1616.22,0.92
7315,2011,6.07,76.31,69.15,1646.45,1.11
7315,2012,5.9,74.18,65.94,1751.38,1.4
7315,2013,6.1,77.1,70.31,1658.4,2.01
7315,2014,6.38,81.2,69.86,1687.66,3.68
7315,2015,6.46,83.2,72.14,1742.24,2.42
7315,2016,6.49,92.85,82.45,1773.93,7.51
7315,2017,6.09,81.11,75.24,1830.69,3.55
7315,2018,5.49,82.05,73.84,1865.35,3.31
7315,2019,5.29,81.55,75.53,1899.82,2.8
7315,2020,6.11,67.3,74.05,,2.81
7315,1995,,63.24,68.41,,
7315,1996,,66.4,61.21,,
7315,1997,,70.24,64.04,,
7316,1998,8.87,50.21,46.34,,
7316,1999,8.53,50.12,47.25,,
7316,2000,7.5,50.23,48.07,1500.57,
7316,2001,6.67,50.8,50.59,1595.38,
7316,2002,6.89,52.29,48.32,1546.23,
7316,2003,7.03,49.06,45.22,1558.31,
7316,2004,6.99,49.04,47.78,1582.37,
7316,2005,8.78,47.77,49.86,1623.68,
7316,2006,7.85,51.32,50.22,1693.27,
7316,2007,6.46,73.41,66.41,1736.35,
7316,2008,5.56,87.61,84.24,1754.49,
7316,2009,6.72,96.09,95.19,1795.58,
7316,2010,6.5,54.32,65.1,1818.18,1.46
7316,2011,6.02,53.97,48.58,1891.7,1.57
7316,2012,5.85,54.39,50.53,1938.86,1.84
7316,2013,5.9,61.11,55.4,1932.84,2.21
7316,2014,5.62,64.82,59.17,1961.07,4.28
7316,2015,5.52,66.62,55.36,2059.29,9.43
7316,2016,5.72,66.72,59.31,2020.58,9.13
7316,2017,5.63,59.4,54.22,2096.75,3.86
7316,2018,5.01,59.42,59.32,2164.95,2.58
7316,2019,5.08,62.11,54.78,2200.15,2.37
7316,2020,6.23,54.01,49.28,,2.44
7316,1995,,47,46.27,,
7316,1996,,48.58,46.2,,
7316,1997,,45.41,43.73,,
7317,1998,16.74,41.83,52.86,,
7317,1999,15.79,43.08,51.23,,
7317,2000,14.62,43.51,48.97,1295.23,
7317,2001,13.04,43.68,45.16,1337.1,
7317,2002,13.23,45.01,46.66,1322.52,
7317,2003,15.39,44.01,45.35,1345.87,
7317,2004,16.88,42.23,42.97,1364.17,
7317,2005,17.83,42.42,44.86,1385.94,
7317,2006,14.86,37.9,47.21,1437.87,
7317,2007,14.84,37.04,42.82,1467.63,
7317,2008,13.68,40.48,45,1476.73,
7317,2009,14.76,41.19,46.04,1499.9,
7317,2010,13.74,42.29,44.65,1485.64,2.67
7317,2011,13.28,45.28,45.9,1488.74,3.49
7317,2012,13.07,48.03,49.99,1510.12,3.6
7317,2013,13.2,52.59,46.16,1504.7,3.87
7317,2014,13.14,56.96,50.22,1517.2,5.47
7317,2015,12.91,61.58,53.08,1550.88,19.39
7317,2016,12.71,72.2,58.17,1558.21,8.88
7317,2017,12.33,71.25,57.39,1616.06,5.56
7317,2018,11.57,66.73,63.66,1665.23,5.17
7317,2019,10.74,68.43,64.55,1698.34,3.83
7317,2020,11.59,61.36,54.16,,3.36
7317,1995,,53.66,57.55,,
7317,1996,,47.86,55.43,,
7317,1997,,42.75,51.12,,
7318,1998,9.07,60.08,56.49,,
7318,1999,8.66,60.62,56.93,,
7318,2000,8.52,59.61,59.93,1325.76,
7318,2001,8,61.93,55.91,1376.88,
7318,2002,8.35,57.14,51.36,1393.63,
7318,2003,8.57,57.73,54.07,1447.44,
7318,2004,8.54,58.53,54.34,1514.37,
7318,2005,9.98,59.29,54.14,1578.76,
7318,2006,9.24,58.5,53.53,1676.98,
7318,2007,7.42,58.43,55.12,1759.51,
7318,2008,6.92,59.7,71.92,1747.5,
7318,2009,7.57,59.5,58.76,1758.5,
7318,2010,6.7,56.88,53.25,1710.78,0.26
7318,2011,6.48,59.38,52.84,1762.72,0.16
7318,2012,6.37,56.63,52.93,1900.31,0.78
7318,2013,6.4,58.02,55.29,1793.75,2.03
7318,2014,6.38,62.72,57.55,1830.92,3.45
7318,2015,6.19,68.39,57.61,1874.15,6.88
7318,2016,6.07,86.66,77.82,1963.75,10.01
7318,2017,5.67,87.41,76.67,1975.99,2.63
7318,2018,5.57,79.2,86.35,2058.48,2.78
7318,2019,5.7,91.1,83.52,2096.44,2.25
7318,2020,6.58,85.02,76.49,,1.68
7318,1995,,60.22,56.02,,
7318,1996,,54.49,55.58,,
7318,1997,,59.49,55.99,,
7319,1998,11.5,48.6,48.18,,
7319,1999,11.11,50.82,50.1,,
7319,2000,10.02,53.57,52.1,1235.77,
7319,2001,9.27,51.57,47.32,1288.8,
7319,2002,9.5,53.27,46.17,1287.07,
7319,2003,9.89,49.61,47.46,1317.79,
7319,2004,9.51,48.7,45.49,1359.44,
7319,2005,11.91,49.54,45.02,1369.44,
7319,2006,10.74,55.48,46.03,1389.13,
7319,2007,9.05,47.92,45.56,1412.96,
7319,2008,7.63,46.84,48.71,1436.77,
7319,2009,8.57,50.5,50.25,1459.58,
7319,2010,8.88,50.04,48.51,1469.98,0.65
7319,2011,7.64,56.48,51.87,1541.9,1.23
7319,2012,7.91,56.52,52.47,1554.89,1.42
7319,2013,8.4,63.27,54.62,1567.93,1.81
7319,2014,8.42,67.52,58.18,1589.15,3.27
7319,2015,7.89,75.63,62.19,1618.26,16.69
7319,2016,8.12,78.71,76.63,1665.57,7.62
7319,2017,7.28,68.74,61.93,1691.36,3.94
7319,2018,6.62,68.41,64.3,1737.99,3
7319,2019,6.58,71.39,66.8,1775.79,2.47
7319,2020,8.23,59.81,59.37,,2.22
7319,1995,,58.56,48.6,,
7319,1996,,55.18,47.13,,
7319,1997,,50.9,48.26,,
7320,1998,11.64,47.8,49.2,,
7320,1999,10.88,46.26,45.45,,
7320,2000,9.67,54.28,49.61,1215.99,
7320,2001,9.44,50.76,46.73,1248.21,
7320,2002,9.77,50.52,44.89,1239.9,
7320,2003,11.06,44.57,48.93,1266.53,
7320,2004,11.11,47.38,45.13,1284.5,
7320,2005,13.43,47.25,51.34,1322.6,
7320,2006,11.55,43.19,48.82,1380.13,
7320,2007,9.39,47.61,47.01,1421.66,
7320,2008,8.22,50.02,52.34,1443.34,
7320,2009,8.81,46.59,54.06,1482.61,
7320,2010,8.39,49.02,48.64,1489.6,1.06
7320,2011,7.4,53.1,51.23,1501.74,1.46
7320,2012,7.39,53.63,51.93,1495,1.14
7320,2013,7.9,56.07,51.61,1524.09,2.85
7320,2014,7.79,57.69,55.13,1537.6,3.44
7320,2015,7.52,67.34,56.25,1586.8,40.4
7320,2016,7.13,86.96,76.86,1609.53,4.68
7320,2017,6.94,60.9,61.31,1680.41,2.86
7320,2018,5.58,60.86,57.03,1727.66,2.46
7320,2019,5.88,59.52,55.63,1773.12,2.13
7320,2020,6.67,54.62,55.56,,1.76
7320,1995,,55.71,45.86,,
7320,1996,,45.12,49.24,,
7320,1997,,46.54,43.83,,
7331,1998,7.61,50,40.44,,
7331,1999,7.17,52.33,39,,
7331,2000,6.56,49.35,40.82,1299.85,
7331,2001,6.24,49.14,40.88,1364.5,
7331,2002,6.33,48.02,41.97,1354.85,
7331,2003,6.96,45.78,40.41,1377.61,
7331,2004,7.07,41.62,40.63,1435.79,
7331,2005,8.42,43.12,45.32,1458.23,
7331,2006,7.91,40.42,41.36,1502.52,
7331,2007,5.95,38.62,40.24,1540.56,
7331,2008,4.8,38.68,41.02,1553.2,
7331,2009,5.32,37.89,39.98,1577.35,
7331,2010,4.93,40.25,38.36,1610.85,1
7331,2011,4.4,43.75,42.63,1644.36,1.24
7331,2012,4.53,45.27,43,1678.13,1.31
7331,2013,4.6,47.51,45.02,1718.66,2.38
7331,2014,4.44,52.01,44.37,1734.28,4.31
7331,2015,4.28,57.42,45.94,1778.78,6.89
7331,2016,4.28,61.08,52.36,1814.5,9.49
7331,2017,4.02,55.71,51.74,1868.16,5.88
7331,2018,3.71,56.88,50.61,1919.73,4.6
7331,2019,3.63,55.29,49.89,1967.32,3.88
7331,2020,4.41,54.24,45.37,,3.86
7331,1995,,55.35,44.31,,
7331,1996,,54.93,40.18,,
7331,1997,,52.84,40.09,,
7332,1998,6.8,47.3,40.82,,
7332,1999,6.43,45.66,40.12,,
7332,2000,5.67,44.05,40.05,1424.35,
7332,2001,5.34,45.14,39.58,1478.85,
7332,2002,5.77,44.99,38.71,1469.98,
7332,2003,5.9,42.43,38.93,1498.16,
7332,2004,5.74,41.38,37,1549.35,
7332,2005,6.37,42.92,38.86,1588.15,
7332,2006,5.99,40.19,40.1,1651.08,
7332,2007,4.75,40.44,38.2,1704.3,
7332,2008,3.83,39.52,41.61,1727.88,
7332,2009,4.34,41.31,40.74,1768.36,
7332,2010,4.39,41.25,39.04,1795.29,1.54
7332,2011,3.91,44.62,41.91,1874.05,1.57
7332,2012,4.06,46.8,41.93,1913.85,2.01
7332,2013,4.3,49.94,43.46,1945.6,2.59
7332,2014,4.1,51.17,43.74,1978.14,4.24
7332,2015,4.04,55.35,45.16,2031.43,8.7
7332,2016,3.95,56.59,46.71,2074.07,8.67
7332,2017,3.91,48.86,46.27,2140.45,4.72
7332,2018,3.57,49.23,45.53,2208.03,4.26
7332,2019,3.52,50.94,45.56,2261.93,4
7332,2020,4.35,48.51,40.71,,3.05
7332,1995,,47.83,37.69,,
7332,1996,,47.16,36.93,,
7332,1997,,45.37,37.08,,
7333,1998,10.48,47.45,40.56,,
7333,1999,9.74,47,40.65,,
7333,2000,8.94,44.22,41.44,1182.04,
7333,2001,8.43,46.53,41.33,1237.5,
7333,2002,8.96,44.22,39.74,1242.8,
7333,2003,8.57,43.79,38.35,1274.45,
7333,2004,8.2,37.63,34.76,1326.53,
7333,2005,9.72,35.43,39.48,1357.18,
7333,2006,8.6,33.39,38.11,1407.34,
7333,2007,6.99,32.24,35.57,1454.17,
7333,2008,5.51,33.76,37.49,1467.07,
7333,2009,6.25,32.34,38.83,1492.56,
7333,2010,5.79,33.66,39.79,1502.88,1.21
7333,2011,5.25,36.57,38.79,1538.26,1.58
7333,2012,5.34,39.8,39.33,1597.15,2.05
7333,2013,5.8,39.78,39.66,1594.04,3.03
7333,2014,5.47,41.79,40.63,1640.55,4.96
7333,2015,5.33,50.21,41.67,1676.11,14.77
7333,2016,5.2,51.45,46.67,1706.86,10.98
7333,2017,5.03,47.39,46.15,1762.85,5.98
7333,2018,4.54,48.88,45.18,1823.04,4.69
7333,2019,4.65,50.08,43.6,1871.62,3.77
7333,2020,5.65,47.68,41.13,,3.31
7333,1995,,54.59,39.83,,
7333,1996,,47.48,40.32,,
7333,1997,,48.77,40.72,,
7334,1998,8.96,44.75,41.53,,
7334,1999,8,44.84,39.83,,
7334,2000,6.65,46.38,44.4,1293.26,
7334,2001,6.14,46.79,39.51,1349.54,
7334,2002,6.58,42.35,40.43,1350.76,
7334,2003,7.16,40,37.84,1379.29,
7334,2004,7,40.59,36.43,1424.56,
7334,2005,7.28,38.45,39.06,1448.42,
7334,2006,6.56,38.26,36.95,1482.81,
7334,2007,5.11,39.25,36.27,1505.68,
7334,2008,4.18,38.41,39.98,1528.29,
7334,2009,5.3,36.17,40.05,1566.37,
7334,2010,5.06,38.49,38.56,1580.85,1.05
7334,2011,4.4,43.87,41.47,1632.63,1.17
7334,2012,4.42,47.13,41.33,1669.76,1.43
7334,2013,4.6,49.68,43.74,1687.03,2.3
7334,2014,4.5,52.65,46.19,1719.7,3.93
7334,2015,4.37,55.82,47.03,1773.23,5.2
7334,2016,4.17,58.46,50.82,1805.07,7.07
7334,2017,4.11,51.43,49.2,1867.26,4.12
7334,2018,3.77,54.27,48.55,1920.25,3.68
7334,2019,3.8,52.2,50.98,1978.74,3.76
7334,2020,4.5,46.11,44.03,,3.26
7334,1995,,49.93,42.28,,
7334,1996,,48.11,40.28,,
7334,1997,,47.2,37.29,,
7335,1998,10.2,47.36,45.57,,
7335,1999,9.17,47.18,44.99,,
7335,2000,8.28,45.63,44.71,1208.62,
7335,2001,7.44,44.12,41.79,1271.36,
7335,2002,7.53,43.16,41.64,1267.03,
7335,2003,7.73,41.37,39.03,1289.83,
7335,2004,7.47,41.76,42.35,1334.81,
7335,2005,8.44,42.7,43.37,1346.06,
7335,2006,7.55,39.08,43.83,1377.32,
7335,2007,6.36,40.36,42.15,1397.62,
7335,2008,5.66,43.93,46.9,1427.27,
7335,2009,6.1,40.22,46.56,1479.17,
7335,2010,5.82,41.01,44.24,1499.53,1.83
7335,2011,5.32,43.12,47.26,1546.42,1.73
7335,2012,5.37,44.71,46.05,1575.81,2.1
7335,2013,5.8,48.27,48.09,1587.01,2.96
7335,2014,5.66,53.27,49.25,1609.87,4.31
7335,2015,5.34,60.01,50.89,1653.54,9.77
7335,2016,5.46,62.06,55.81,1699.39,7.95
7335,2017,5.17,53.98,51.13,1751.09,4.75
7335,2018,4.72,55.97,52.12,1800.31,4.59
7335,2019,4.78,51.93,53.06,1848.97,3.93
7335,2020,5.46,48.53,45.72,,3.06
7335,1995,,57.93,47.29,,
7335,1996,,52.03,40.97,,
7335,1997,,48.55,47.18,,
7336,1998,10.97,35.06,34.63,,
7336,1999,9.69,34.21,34.93,,
7336,2000,8.64,32.39,35.83,1171.91,
7336,2001,8.13,33.16,32.01,1214.13,
7336,2002,8.05,31.81,32.66,1216.41,
7336,2003,8.26,29.43,30.48,1237.03,
7336,2004,8.2,30.82,32.14,1262.76,
7336,2005,9.46,28.1,32.43,1285.53,
7336,2006,8.89,27.61,32.15,1323.74,
7336,2007,7.63,27.5,34.46,1356.54,
7336,2008,6.01,28.59,34.71,1389.02,
7336,2009,6.44,29,33.01,1415.91,
7336,2010,5.79,28.97,33.03,1435.15,1.86
7336,2011,5.09,31.56,36.09,1470.95,2.1
7336,2012,5.12,32.79,35.85,1509.89,1.63
7336,2013,5.1,34.04,36.78,1539.86,2.26
7336,2014,4.88,38.92,36.6,1577.6,4.56
7336,2015,4.68,46.57,39.14,1605.03,22.48
7336,2016,4.57,64.73,60.16,1636.12,5.68
7336,2017,4.54,56.58,54.24,1698.86,3.24
7336,2018,4.4,60.93,59.38,1756.63,2.57
7336,2019,4.21,61.18,61.66,1813.61,1.92
7336,2020,4.75,53.86,49.8,,1.64
7336,1995,,40.64,33.4,,
7336,1996,,35.01,31.37,,
7336,1997,,34.78,32.26,,
7337,1998,7.25,50.56,48.44,,
7337,1999,6.91,52.55,45.48,,
7337,2000,6.14,50.2,45.81,1338.23,
7337,2001,5.8,47.6,43.86,1415.41,
7337,2002,6.07,48.82,42.65,1386.9,
7337,2003,6.45,46.12,41.27,1408.21,
7337,2004,6.01,45.49,40.14,1452.01,
7337,2005,6.3,42.02,41.71,1477.68,
7337,2006,5.79,38.81,39.93,1525.5,
7337,2007,5.04,39.25,38.69,1562.12,
7337,2008,4.21,40.69,41.17,1583.85,
7337,2009,4.47,41.64,42.69,1617.65,
7337,2010,4.2,41.88,39.62,1648.56,1.19
7337,2011,3.96,43.52,41.3,1717.36,1.01
7337,2012,3.88,47.05,39.69,1749.07,1.37
7337,2013,4.1,49.32,45.22,1801.29,2.15
7337,2014,4.11,55.69,46.51,1808.52,3.26
7337,2015,4.01,57.2,47.17,1854.24,13.83
7337,2016,4.09,58.68,50.59,1893.76,5.93
7337,2017,4.08,50.42,50.02,1962.39,3.43
7337,2018,3.73,51.18,49.63,2026.58,3.04
7337,2019,3.54,53.18,48.54,2074.33,2.9
7337,2020,4.36,48.72,42.6,,2.39
7337,1995,,58.08,49.1,,
7337,1996,,57.42,49.44,,
7337,1997,,54.41,48.36,,
7338,1998,6,49.16,47.89,,
7338,1999,5.62,49.37,42.95,,
7338,2000,5.12,48.15,44.56,1465.53,
7338,2001,4.56,48.09,44.36,1530.75,
7338,2002,4.9,48.55,42.24,1514.44,
7338,2003,5.12,46.02,41.88,1540.84,
7338,2004,5.28,45.83,41.02,1586.94,
7338,2005,5.88,45.82,41.75,1619.58,
7338,2006,5.57,45.73,41.1,1666.56,
7338,2007,4.42,43.87,41.31,1710.05,
7338,2008,3.93,45.77,43.85,1735.29,
7338,2009,4.15,46.87,45.79,1780.07,
7338,2010,3.76,45.3,44.42,1815.34,1.62
7338,2011,3.57,52.09,45.64,1886.03,1.51
7338,2012,3.57,51.93,43.93,1931.73,1.28
7338,2013,3.7,55.34,46.15,1950.34,1.41
7338,2014,3.63,57.45,49.03,1981.66,3.05
7338,2015,3.42,61.78,49.69,2037.4,6.88
7338,2016,3.49,62.26,53.87,2077.84,7.72
7338,2017,3.51,54.65,49.09,2141.93,4.84
7338,2018,3.3,55.95,50.3,2198.29,3.56
7338,2019,3.44,57.39,52,2253.77,4.05
7338,2020,4.21,51.35,47.12,,3.88
7338,1995,,54.28,45.87,,
7338,1996,,52.98,45.53,,
7338,1997,,51.2,45.06,,
7339,1998,6.36,51.51,47.89,,
7339,1999,6.03,54.54,49.2,,
7339,2000,5.4,57.44,52.92,1551.5,
7339,2001,5.09,58.41,49.57,1656.93,
7339,2002,5.55,53.9,45.86,1639.44,
7339,2003,6.2,49.5,44.39,1684.78,
7339,2004,6.08,48.82,43.02,1758.28,
7339,2005,6.78,47.25,45.88,1801.65,
7339,2006,6.16,44.87,42.6,1860.03,
7339,2007,5.03,43.61,41.29,1902.83,
7339,2008,4.37,43.65,43.01,1899.32,
7339,2009,4.61,43.67,41.7,1937.51,
7339,2010,4.49,43.56,39.14,1917.66,0.21
7339,2011,4.19,47.71,43.59,1936.59,0.23
7339,2012,4.17,48.67,43.28,1917.61,0.66
7339,2013,4.3,51.18,44.08,1887.93,1.35
7339,2014,4.14,51.96,45.91,1979.18,2.94
7339,2015,3.8,76.74,55.5,2048.76,22.39
7339,2016,3.84,69.6,70.3,2062.37,6.45
7339,2017,3.64,59.38,55.76,2064.87,2.88
7339,2018,3.39,60.87,54.48,2116.75,2.73
7339,2019,3.4,55.05,51.43,2163.03,2.54
7339,2020,4.18,47.61,45.06,,2.6
7339,1995,,55.99,49.22,,
7339,1996,,55.22,47.42,,
7339,1997,,52.05,47.48,,
7340,1998,10.04,38.09,36.29,,
7340,1999,9.44,35.86,34.46,,
7340,2000,8.46,35.98,36.59,1256.2,
7340,2001,7.61,36.92,36.06,1313.23,
7340,2002,7.65,36.32,34.01,1305.99,
7340,2003,8.84,35.12,36.01,1335.95,
7340,2004,8.7,30.89,34.26,1383.96,
7340,2005,9.3,30.94,33.17,1416.12,
7340,2006,7.19,29.86,34.15,1465.74,
7340,2007,5.76,29.57,34.72,1510.22,
7340,2008,5.17,31.62,37.46,1533.89,
7340,2009,5.52,31.75,36.33,1569.62,
7340,2010,5.44,30.91,33.36,1569.53,1.06
7340,2011,5,32.04,35.22,1621.86,0.8
7340,2012,4.59,34.49,37.08,1669.99,1.01
7340,2013,4.9,36.24,37.03,1674.64,2.1
7340,2014,4.71,40.64,37.31,1710.9,4.03
7340,2015,4.46,45.09,39.88,1767.34,37.31
7340,2016,4.45,45.69,42.89,1813.26,6.6
7340,2017,4.46,39.64,39.49,1873.28,4.92
7340,2018,3.87,41.67,39.52,1941.36,3.95
7340,2019,3.67,41.03,37.48,2001.62,3.56
7340,2020,4.14,40.53,34.03,,3.42
7340,1995,,41.45,36.96,,
7340,1996,,40.91,34.53,,
7340,1997,,36.67,34.51,,
8111,1998,8.16,67.29,72.9,,
8111,1999,7.32,67.55,66.65,,
8111,2000,6.18,67.29,64.79,1576.47,
8111,2001,5.64,69.02,63.6,1641.81,
8111,2002,6.2,67.35,65.06,1632.65,
8111,2003,7.06,65.31,63.68,1682.7,
8111,2004,7.2,66.05,64.1,1712.49,
8111,2005,9.88,67.46,64.66,1760.57,
8111,2006,8.26,66.83,65.19,1821.36,
8111,2007,6.56,69.89,65.27,1848.11,
8111,2008,5.33,71.11,66.89,1855.86,
8111,2009,6.44,68.17,66.22,1777.6,
8111,2010,6.38,71.44,64.37,1791.82,1
8111,2011,5.65,78.27,67.77,1915.07,1.33
8111,2012,5.57,80.64,70.28,1945.91,1.43
8111,2013,5.9,82.12,72.95,1952.58,2.46
8111,2014,5.68,88.25,76.91,2005.06,3.63
8111,2015,5.52,94.14,77.59,2011.43,7.85
8111,2016,5.3,89.22,86.13,2058.6,7.56
8111,2017,4.67,80.65,75.18,2117.11,5.87
8111,2018,4.21,78.21,76.42,2185.36,4.44
8111,2019,4.06,75.57,75.75,2231.92,4.42
8111,2020,5.33,62.73,72.65,,4.68
8111,1995,,67.06,71.61,,
8111,1996,,67.71,67.61,,
8111,1997,,68.22,68.97,,
8115,1998,7.34,49.07,44.58,,
8115,1999,6.51,49.49,44.96,,
8115,2000,5.25,48.93,44.41,1504.85,
8115,2001,4.53,48.41,43.51,1568.83,
8115,2002,4.76,44.84,40.81,1562.17,
8115,2003,5.51,42.36,41.19,1595.24,
8115,2004,5.54,39.96,41.53,1625.19,
8115,2005,6.2,40,41.37,1646.7,
8115,2006,6.03,39.26,40.92,1672.35,
8115,2007,4.83,40.64,40.55,1686.55,
8115,2008,3.96,41.5,42.65,1725.86,
8115,2009,4.53,38.24,42.62,1701.94,
8115,2010,4.41,39.05,40.5,1758.07,0.4
8115,2011,3.63,45.61,43.54,1861.21,0.43
8115,2012,3.58,50.36,43.59,1914.43,1.42
8115,2013,3.8,53.81,45.77,1930.05,1.98
8115,2014,3.5,57.84,48.74,1968.16,3.31
8115,2015,3.32,66.77,49.19,2002.08,4.26
8115,2016,3.19,60.64,51.18,2027.92,9.02
8115,2017,3.05,56.13,48.31,2070.43,5.27
8115,2018,2.77,53.31,49.65,2143.44,4.09
8115,2019,2.79,51.35,49.7,2202.38,4.18
8115,2020,3.7,45,45.71,,4.62
8115,1995,,51.67,47.59,,
8115,1996,,50.82,44.47,,
8115,1997,,47.22,46.81,,
8116,1998,5.71,39.94,38.77,,
8116,1999,5.11,41.96,37.4,,
8116,2000,4.13,42.08,38.15,1546.34,
8116,2001,3.65,44.19,36.63,1619.06,
8116,2002,4.13,43.48,36.52,1603.31,
8116,2003,4.72,40.11,36.85,1637.09,
8116,2004,4.8,40.18,38.77,1660.5,
8116,2005,5.63,40.19,38.65,1685.14,
8116,2006,5.17,38.63,40.12,1725.49,
8116,2007,4.12,38.11,38.13,1748.3,
8116,2008,3.45,39.02,39.22,1769.57,
8116,2009,4.55,38.12,39.46,1722.18,
8116,2010,4.68,39.39,38.27,1754.37,0.96
8116,2011,4.01,44.97,40.03,1872.55,1.21
8116,2012,3.65,48.52,41.04,1921.38,1.51
8116,2013,3.6,51.48,44.02,1948.1,2.78
8116,2014,3.48,55.01,46.87,1987.13,3.14
8116,2015,3.4,61.69,47.74,2006.05,8.6
8116,2016,3.54,59.06,48.83,2028.86,9.24
8116,2017,3.42,52.82,45.99,2092.08,7.22
8116,2018,3.13,50.71,47.9,2165.92,6.19
8116,2019,3.18,50.73,48.17,2219.28,5.95
8116,2020,4.08,42.4,44.5,,5.89
8116,1995,,41.84,42.88,,
8116,1996,,41.46,38.45,,
8116,1997,,39.48,41.46,,
8117,1998,6.51,30.23,29.45,,
8117,1999,5.76,31.16,28.13,,
8117,2000,4.7,30.41,28.37,1387.54,
8117,2001,4.14,31.44,28.06,1459.48,
8117,2002,4.77,30.95,27.3,1453.75,
8117,2003,5.53,29.11,27.49,1490.27,
8117,2004,6.1,27.9,28.38,1514.31,
8117,2005,6.98,25.85,27.78,1540.87,
8117,2006,6.27,26.03,28.04,1574.58,
8117,2007,4.98,25.25,28.49,1601.89,
8117,2008,3.96,26.44,28.98,1639.07,
8117,2009,5.44,26.56,29.45,1604.74,
8117,2010,5.7,27.19,29.44,1648.51,0.99
8117,2011,4.41,32.44,32.63,1760.57,1.19
8117,2012,4.08,36.61,32.12,1808.69,1.82
8117,2013,4.2,39.83,33,1833.36,2.57
8117,2014,4.09,43.69,36.51,1899.23,3.49
8117,2015,3.79,50.79,38.57,1895.18,16.44
8117,2016,3.97,50,39.45,1918.84,7.67
8117,2017,3.73,44.4,36.47,1966.33,5.59
8117,2018,3.4,44.24,39.32,2031.95,4.77
8117,2019,3.54,44.26,39.13,2079.25,4.72
8117,2020,4.77,41.63,36.75,,5.47
8117,1995,,48.76,45.65,,
8117,1996,,41.68,40.42,,
8117,1997,,33.16,37.48,,
8118,1998,5.84,50.1,47.22,,
8118,1999,5.39,50.91,46.04,,
8118,2000,4.42,46.44,44.35,1560.26,
8118,2001,3.89,49.57,41.18,1637.37,
8118,2002,4.28,44.33,38.64,1615.48,
8118,2003,4.93,41.22,37.74,1646.44,
8118,2004,4.84,40.1,37.59,1665.83,
8118,2005,5.47,41.16,39.23,1695.93,
8118,2006,5.15,39.2,39.04,1737.42,
8118,2007,4.23,39.82,38.96,1763.15,
8118,2008,3.66,40.73,40.06,1780.5,
8118,2009,4.79,39.76,38.63,1725.64,
8118,2010,4.67,39.9,38.3,1763.38,1.05
8118,2011,3.89,47.27,41.79,1867.36,1.15
8118,2012,3.74,51.31,42.8,1920.65,1.26
8118,2013,3.9,53.67,45.22,1949.65,2.33
8118,2014,3.72,55.96,47.75,2006.29,3.95
8118,2015,3.51,62.04,48.5,2030.33,2.16
8118,2016,3.47,57.17,50.48,2077.89,7.36
8118,2017,3.33,52.84,45.93,2118.93,6.05
8118,2018,2.96,50.56,48.96,2196.14,4.82
8118,2019,2.83,49.48,47.95,2252.33,4.65
8118,2020,3.55,43.8,44.79,,4.66
8118,1995,,50.7,48.07,,
8118,1996,,48.08,47.35,,
8118,1997,,47.61,48.36,,
8119,1998,6.17,38.83,37.65,,
8119,1999,5.54,40.67,35.45,,
8119,2000,4.53,39.68,36.31,1482.62,
8119,2001,4.11,41.4,34.08,1562.88,
8119,2002,4.73,40.07,34.37,1547.71,
8119,2003,5.22,37.15,36.05,1585.35,
8119,2004,5.31,36.14,35.36,1606.42,
8119,2005,6.27,35.48,35.49,1640.4,
8119,2006,5.91,34.4,34.78,1686.96,
8119,2007,4.61,33.96,34.8,1715.9,
8119,2008,3.84,33.86,35.25,1749.63,
8119,2009,4.7,34.04,34.09,1705.65,
8119,2010,4.71,34.24,33.47,1752.08,1.2
8119,2011,4.12,37.71,36.23,1855.08,1.13
8119,2012,3.82,40.78,35.54,1895.54,1.25
8119,2013,3.9,43.45,36.57,1910.82,2.5
8119,2014,3.88,47.21,39.23,1955.27,3.73
8119,2015,3.68,53.14,39.13,1974.41,8.37
8119,2016,3.61,51.32,41.73,2029.1,11.91
8119,2017,3.36,44.43,38.91,2057.55,6.94
8119,2018,2.99,43.6,40.25,2130.69,4.48
8119,2019,3.09,42.41,39.31,2181.21,4.55
8119,2020,4.28,37.49,36.06,,4.87
8119,1995,,43.47,39.49,,
8119,1996,,40.4,36.57,,
8119,1997,,38.12,37.12,,
8121,1998,9.81,62.43,71.08,,
8121,1999,9.11,61.21,65.18,,
8121,2000,7.7,62.49,63.38,1427.24,
8121,2001,6.97,62.59,54.98,1483.82,
8121,2002,7.78,60.24,56.1,1542.39,
8121,2003,8.91,57.98,57.26,1689.54,
8121,2004,9.3,59.98,54.57,1811.87,
8121,2005,10.85,57.5,54.81,1978.82,
8121,2006,8.89,59,60.68,2213.99,
8121,2007,6.97,57.83,56.28,2395.02,
8121,2008,5.97,61.23,56.67,2597.4,
8121,2009,7.96,59.85,56.41,2649.62,
8121,2010,7.63,66.1,60.64,2898.71,1.08
8121,2011,6.11,78.87,67.22,3030.97,1.29
8121,2012,6.01,76.59,69.33,2888.66,1.34
8121,2013,6.6,80.86,75.02,2768.87,1.24
8121,2014,6.26,90.54,75.51,2551.39,2.59
8121,2015,5.98,98.55,75.75,2463.04,10.44
8121,2016,5.73,94.34,87.18,3028.4,7.24
8121,2017,5.21,88.86,78.47,3415.89,3.4
8121,2018,4.91,88.34,81.7,3534.34,4.15
8121,2019,4.72,89.44,84.44,3514.12,4.42
8121,2020,6.03,75.66,76.1,,5.02
8121,1995,,67.33,73.28,,
8121,1996,,63.25,62.97,,
8121,1997,,62.3,66.86,,
8125,1998,6.74,49.69,41.51,,
8125,1999,6.14,50.25,41.09,,
8125,2000,4.82,49.13,41.27,1340.47,
8125,2001,4.42,47.65,40.03,1416.22,
8125,2002,4.86,44.91,39.34,1411.69,
8125,2003,5.73,43.25,39.79,1449.23,
8125,2004,5.69,42.8,40,1479.42,
8125,2005,6.38,40.62,38.98,1519.84,
8125,2006,5.94,39.75,38.4,1571.24,
8125,2007,4.74,39.81,38.73,1617.08,
8125,2008,3.92,40.31,41.32,1664.73,
8125,2009,4.88,38.77,39.98,1637.03,
8125,2010,4.6,38.77,39.9,1703.24,0.7
8125,2011,3.71,45.03,43.28,1813.32,1
8125,2012,3.51,48.74,43.41,1864.24,1.55
8125,2013,3.8,52.24,47.14,1892.82,1.94
8125,2014,3.54,58.48,48.4,1921.6,3.17
8125,2015,3.42,66.37,50.41,1928.8,6.4
8125,2016,3.45,64.1,53.99,1981.93,9.43
8125,2017,3.21,58.81,49.92,2038.41,6.87
8125,2018,2.97,59.93,53.46,2104.87,5.44
8125,2019,2.83,57.7,54.22,2156.89,4.89
8125,2020,3.7,52.88,48.11,,4.76
8125,1995,,55.68,41.96,,
8125,1996,,50.31,40.78,,
8125,1997,,48.62,41.61,,
8126,1998,5.85,42.01,37.86,,
8126,1999,5.23,42.5,37.45,,
8126,2000,4.2,42.6,37.01,1352.19,
8126,2001,4.13,43.96,35.38,1431.97,
8126,2002,4.93,43.55,39.52,1428.74,
8126,2003,5.73,40.34,38.67,1475.66,
8126,2004,5.77,40.11,41.17,1519.82,
8126,2005,5.98,39.26,39.58,1572.58,
8126,2006,5.2,38.99,38.23,1637.59,
8126,2007,3.56,39.29,37.49,1696.75,
8126,2008,3.23,38.05,41.48,1709.95,
8126,2009,4.58,39.46,42.43,1638.16,
8126,2010,3.9,40.87,41.25,1669.93,0.72
8126,2011,2.79,44.69,44.38,1766.04,1.08
8126,2012,2.94,48.09,44.03,1798.3,1.68
8126,2013,3,51.11,45.25,1816.69,1.97
8126,2014,2.97,55.91,46.9,1847.48,3.69
8126,2015,2.98,62.45,48.8,1886.74,18.24
8126,2016,3.03,55.23,46.56,1947.38,7.06
8126,2017,2.62,49.34,42.49,2019.68,3.57
8126,2018,2.32,50.31,43.96,2091.48,3.85
8126,2019,2.36,49.8,43.99,2142.63,3.62
8126,2020,3.16,44.29,42.1,,2.44
8126,1995,,56.59,37.28,,
8126,1996,,42.82,37.18,,
8126,1997,,38.46,38.8,,
8127,1998,6.4,40.11,38.05,,
8127,1999,5.67,40.41,36.93,,
8127,2000,4.77,40.67,36.53,1235.78,
8127,2001,4.59,40.77,35.11,1303.94,
8127,2002,5.4,40.23,34.29,1302.74,
8127,2003,6.25,36.75,34.61,1333.05,
8127,2004,5.96,34.61,32.65,1358.51,
8127,2005,6.15,35.46,32.8,1389.23,
8127,2006,5.61,33.63,34.61,1441.1,
8127,2007,3.99,36.17,35.85,1485.4,
8127,2008,3.29,36.36,36.31,1539.21,
8127,2009,4.43,35.8,36.99,1516.02,
8127,2010,4.04,34.72,35.18,1586.89,1.23
8127,2011,3.34,39.43,37.92,1679.44,1.42
8127,2012,3.25,41.8,38.15,1731.13,1.08
8127,2013,3.4,45.31,39.87,1766.78,2.1
8127,2014,3.54,48.25,41.4,1830.01,3.88
8127,2015,3.49,55.22,41.38,1837.57,8.18
8127,2016,3.41,52.7,42.96,1874.08,7.62
8127,2017,3.09,46.76,40.9,1938.75,5.5
8127,2018,2.77,51.03,41.9,1995.95,5.37
8127,2019,2.71,47.06,41.58,2046.52,5.52
8127,2020,3.35,43.59,36.86,,5.1
8127,1995,,52.87,40.47,,
8127,1996,,49.73,42.4,,
8127,1997,,44.28,42.1,,
8128,1998,6.6,35.16,35.3,,
8128,1999,6.07,33.41,32.38,,
8128,2000,5.17,33.23,33.83,1258.86,
8128,2001,4.59,33.85,29.85,1304.06,
8128,2002,5.46,31.51,31.87,1302.31,
8128,2003,6.23,31.81,30.27,1331.74,
8128,2004,6.37,31.52,28.98,1348.44,
8128,2005,6.95,26.74,29.17,1381.38,
8128,2006,5.89,26.04,30.82,1429.92,
8128,2007,4.8,26.4,30.48,1468.59,
8128,2008,3.99,28.29,29.93,1516.4,
8128,2009,4.65,27.89,30.29,1494.61,
8128,2010,3.94,27.18,29.97,1562.17,1.22
8128,2011,3.58,32.09,31.57,1650.36,1.27
8128,2012,3.36,31.41,31.85,1697.19,1.52
8128,2013,3.6,35.08,31.68,1714.51,1.78
8128,2014,3.46,40.08,33.44,1757.97,3.55
8128,2015,3.26,54.37,36.4,1779.25,22.82
8128,2016,3.25,56.36,48.75,1843.68,9.61
8128,2017,2.95,45.22,43.26,1883.94,2.97
8128,2018,2.64,42.5,38.62,1949.11,2.13
8128,2019,2.58,42.75,39.62,2009.5,2.15
8128,2020,3.51,39.2,33.82,,2.9
8128,1995,,46.71,33.62,,
8128,1996,,37.21,34.91,,
8128,1997,,35.44,38.11,,
8135,1998,8.17,30.5,33.35,,
8135,1999,7.61,28.23,31.04,,
8135,2000,6.12,30.39,29.64,1306.24,
8135,2001,5.77,29.13,28.43,1369.33,
8135,2002,6.35,28.06,28.64,1376.26,
8135,2003,7.55,26.74,30.22,1415.39,
8135,2004,8.22,26.37,30.21,1446.43,
8135,2005,8.51,26.26,29.35,1469.04,
8135,2006,7.89,25.73,31.7,1510.03,
8135,2007,5.77,27.22,30.83,1539.31,
8135,2008,4.31,30.09,32.92,1585.44,
8135,2009,5.52,26.98,31.76,1565.07,
8135,2010,5.64,27.78,30.8,1623.01,1
8135,2011,5.1,34.58,34.75,1707.55,1.21
8135,2012,4.76,37.24,34.94,1741.86,1.56
8135,2013,5.2,40.91,34.84,1740.92,2.53
8135,2014,5.39,46.74,36.95,1756.09,4.43
8135,2015,5.33,53.05,38.34,1765.64,3.86
8135,2016,5.35,54.15,43.37,1817.75,12.14
8135,2017,4.66,45.76,39.84,1863.79,8.33
8135,2018,3.78,47.51,41.79,1927.98,6.33
8135,2019,3.8,47.07,42.2,1979.81,4.75
8135,2020,4.89,41.71,38.64,,5.16
8135,1995,,34.47,30.24,,
8135,1996,,30.97,28.23,,
8135,1997,,29.33,31.17,,
8136,1998,7.73,28.44,27.88,,
8136,1999,7.13,29.13,28.7,,
8136,2000,5.9,29.85,28.34,1299.65,
8136,2001,5.53,29.47,26.91,1369.5,
8136,2002,5.97,29.46,26.76,1372.97,
8136,2003,6.67,27.22,26.19,1412.66,
8136,2004,6.73,25.68,24.97,1442.52,
8136,2005,7.06,25.43,26.5,1484.68,
8136,2006,6.15,24.5,27.68,1541.72,
8136,2007,4.79,25.25,27.87,1586.55,
8136,2008,3.74,26.75,29.13,1626.43,
8136,2009,5.03,25.52,29.07,1594.8,
8136,2010,5.02,25.39,28.33,1645.34,1.13
8136,2011,3.94,30.88,30.38,1740.62,1.27
8136,2012,3.72,33.03,30.99,1793.2,1.74
8136,2013,3.6,35.52,32.47,1825.31,2.56
8136,2014,3.52,38.12,32.74,1888.25,3.47
8136,2015,3.54,83.53,68.12,1884.17,9.93
8136,2016,3.49,54.38,55.57,1947.99,5.78
8136,2017,3.05,44.27,40.47,1990.84,3.66
8136,2018,2.71,45.31,39.04,2055.58,3.56
8136,2019,2.82,42.49,40.04,2109.74,2.74
8136,2020,3.66,38.79,35.92,,2.15
8136,1995,,33.67,29.57,,
8136,1996,,30.59,29,,
8136,1997,,27.82,29.85,,
8211,1998,6.54,71.18,67.31,,
8211,1999,6.27,66.66,59.63,,
8211,2000,5.52,65.37,57.65,2050.3,
8211,2001,5.22,71.53,58.28,2049.49,
8211,2002,5.86,70.69,54.04,1941.6,
8211,2003,6.71,65.65,54.27,1939.72,
8211,2004,6.8,67.25,55.62,1933.67,
8211,2005,9.61,66.58,55.92,2019.34,
8211,2006,8.45,65.06,55.66,2117.95,
8211,2007,6.44,59.87,54.45,2193.66,
8211,2008,6.13,61.98,56.98,2211.55,
8211,2009,6.91,56.04,55.71,2110.98,
8211,2010,6.76,61.93,55.93,2129.88,1.08
8211,2011,5.96,68.38,60.49,2291.77,1.58
8211,2012,5.46,73.12,62.58,2347.03,2.05
8211,2013,5.6,77.62,61.89,2340.59,2.43
8211,2014,5.6,77.11,64.32,2336.12,4.26
8211,2015,5.71,83.07,62.67,2388.86,98.84
8211,2016,5.57,78.15,73.31,2542.31,10.83
8211,2017,5.12,80.03,66.25,2362.42,7.02
8211,2018,4.75,81.02,68.92,2429.4,4.66
8211,2019,4.32,81.63,72.5,2476.19,4.53
8211,2020,5.59,69.04,59.84,,6.58
8211,1995,,74.28,64.5,,
8211,1996,,73.21,63.48,,
8211,1997,,64.76,65.46,,
8212,1998,9.28,75.42,74.26,,
8212,1999,8.48,78.6,73.97,,
8212,2000,7.09,78.85,72.28,1422.08,
8212,2001,6.6,80.98,75.98,1487.65,
8212,2002,7.16,82.03,73.86,1487.8,
8212,2003,8.23,78.49,72.2,1536.58,
8212,2004,8.38,76.53,70.42,1566.2,
8212,2005,8.94,71.86,67.45,1588.54,
8212,2006,8.66,69.94,65.5,1617.98,
8212,2007,7.2,73.27,63.93,1621.92,
8212,2008,6.36,76.96,70.39,1648.19,
8212,2009,6.58,78.2,73.15,1603.36,
8212,2010,6.29,84.55,74.37,1632.9,0.36
8212,2011,5.82,92.19,82.31,1709.57,0.34
8212,2012,5.63,102.4,88.01,1725.76,0.45
8212,2013,5.6,117.27,107.34,1729.47,0.43
8212,2014,5.52,145.07,141.95,1770.36,0.45
8212,2015,5.5,201.49,176.44,1779.85,7.22
8212,2016,5.06,123.47,117.47,1815.17,3.9
8212,2017,4.52,89.42,82.1,1828.78,2.45
8212,2018,4.12,86.47,81.2,1884.35,3.45
8212,2019,3.9,83.85,84.88,1935.57,3.06
8212,2020,4.93,65.96,75.31,,1.96
8212,1995,,68.54,70.79,,
8212,1996,,75.29,67.7,,
8212,1997,,74.37,75.14,,
8215,1998,6.4,41.67,36.45,,
8215,1999,5.87,41.3,34.78,,
8215,2000,4.9,41.2,34.63,1388.98,
8215,2001,4.42,40.81,33.45,1459.67,
8215,2002,4.93,40.02,33.46,1457.65,
8215,2003,5.62,37.34,33.77,1490.1,
8215,2004,5.72,36.79,34.21,1514.96,
8215,2005,6.24,38.74,35.3,1545.63,
8215,2006,5.58,37.63,35.48,1589.62,
8215,2007,4.58,39.8,36.07,1615.07,
8215,2008,3.62,39.69,38.94,1653.54,
8215,2009,4.2,39.44,37.24,1620.53,
8215,2010,4.05,40.04,37.24,1667.34,0.63
8215,2011,3.24,44.8,41.17,1766.83,0.63
8215,2012,3.18,48.15,40.99,1809.57,1.07
8215,2013,3.2,50.03,43.81,1828.11,2.06
8215,2014,3.29,52.93,46.84,1900.38,3.96
8215,2015,3.19,57.37,45.21,1884.61,10
8215,2016,3.21,67.15,53.18,1919.78,8.13
8215,2017,3.1,52.51,45.81,1974.74,4.94
8215,2018,2.82,53.06,47.73,2043.37,3.81
8215,2019,2.78,53.28,49.11,2099.7,3.56
8215,2020,3.61,49.02,43.14,,3.44
8215,1995,,46.8,38.26,,
8215,1996,,41.58,36.36,,
8215,1997,,40.58,38.1,,
8216,1998,6.94,101.77,97.41,,
8216,1999,6.31,90.82,85.09,,
8216,2000,5.01,57.67,58.16,1312.53,
8216,2001,4.5,39,34.14,1376.72,
8216,2002,4.93,41.15,32.96,1395.8,
8216,2003,5.39,38.55,33.9,1439.04,
8216,2004,5.34,39.42,34.63,1472.25,
8216,2005,5.96,38.7,33.62,1483.08,
8216,2006,5.6,36.29,36.67,1516.04,
8216,2007,4.11,35.82,34.95,1538.57,
8216,2008,3.48,34.54,36.18,1580.31,
8216,2009,4.48,35.57,34.23,1551.82,
8216,2010,4.34,37.46,35.98,1598.63,0.73
8216,2011,3.54,41.45,39.15,1699.3,0.8
8216,2012,3.52,41.68,37.89,1745.47,0.94
8216,2013,3.6,44.29,39.27,1767.65,1.13
8216,2014,3.51,49.51,41.24,1811.24,3.1
8216,2015,3.39,56.9,42.65,1829.15,39.24
8216,2016,3.4,53.64,45.25,1870.57,8.72
8216,2017,2.96,50.12,42.56,1922.25,4.67
8216,2018,2.77,49.94,44.3,1989.14,4.11
8216,2019,2.86,49.35,45.21,2049.34,4.11
8216,2020,3.79,43.73,38.4,,4.44
8216,1995,,149.01,165.14,,
8216,1996,,134.34,129.45,,
8216,1997,,116.18,113.31,,
8221,1998,7.87,100.13,104.13,,
8221,1999,7.68,99.63,96.27,,
8221,2000,6.55,98.82,93.92,1525.88,
8221,2001,5.72,99.66,90.38,1603.77,
8221,2002,5.94,98.68,89.89,1552.32,
8221,2003,6.71,95.71,92.45,1587.4,
8221,2004,7.23,93.35,92.58,1603.28,
8221,2005,8.37,94.6,95.27,1672.78,
8221,2006,8.23,102.56,91.29,1736.01,
8221,2007,6.74,92.45,88.4,1775.89,
8221,2008,6.02,93.76,92.46,1798,
8221,2009,6.31,94.89,89.91,1720.94,
8221,2010,6.25,95.38,90.25,1750.73,1.69
8221,2011,5.33,115.75,101.43,1849.66,1.84
8221,2012,5.34,106.46,95.11,1920.15,2.24
8221,2013,5.3,111.83,101.6,1961.18,3.06
8221,2014,5.38,120.09,105.51,1840.69,4.56
8221,2015,5.24,123.37,115.04,1842.84,9.71
8221,2016,4.68,167.82,145.87,1862.71,13.24
8221,2017,4.36,185.98,185.32,1910.2,9.96
8221,2018,3.97,171.72,175.65,1984.94,5.92
8221,2019,4.04,171.43,167.97,2018.36,8.21
8221,2020,5.04,146.46,165.76,,4.72
8221,1995,,87.3,87.68,,
8221,1996,,90.86,89.49,,
8221,1997,,99.08,91.16,,
8222,1998,12.22,54.04,57.56,,
8222,1999,11.68,54.3,56.59,,
8222,2000,10.44,56.42,57.92,1208.09,
8222,2001,9.8,60.07,53.16,1273.07,
8222,2002,10.03,56.68,54.08,1286.16,
8222,2003,10.73,55.45,54.82,1324.66,
8222,2004,10.69,55.95,57.96,1355.1,
8222,2005,12.69,59.71,57.55,1370.97,
8222,2006,10.86,56.53,55.57,1401.44,
8222,2007,8.4,61.55,55.37,1412.5,
8222,2008,7.54,64.92,59.42,1438.54,
8222,2009,8.59,66.26,62.81,1405.41,
8222,2010,7.44,68.64,63.86,1442.89,1.62
8222,2011,6.67,79.13,71.78,1596.65,1.52
8222,2012,6.1,81.25,69.5,1613.64,2.12
8222,2013,6,81.36,73.86,1621.21,1.73
8222,2014,6.06,88.49,78.21,1651.26,1.86
8222,2015,6,120.2,100.31,1642.97,21.29
8222,2016,5.7,126.88,121.82,1755.23,8.68
8222,2017,5.41,97.75,88.37,1781.57,5.83
8222,2018,4.9,98.64,93.69,1831.9,2.14
8222,2019,5.33,90.58,85.69,1871.07,1.71
8222,2020,7.15,70.67,72.78,,0.47
8222,1995,,53.48,67.82,,
8222,1996,,54.28,49.45,,
8222,1997,,51.43,56.13,,
8225,1998,7.15,34.85,32.59,,
8225,1999,6.46,34.71,31.27,,
8225,2000,5.39,36.02,32.05,1180.02,
8225,2001,5.11,34.86,29.4,1253.4,
8225,2002,5.65,35.76,29.06,1254.66,
8225,2003,6.68,29.79,29.11,1281.62,
8225,2004,6.87,30.79,28.66,1297.51,
8225,2005,7.45,27.58,29.74,1323.73,
8225,2006,6.53,27.78,30.11,1366.3,
8225,2007,4.98,28.49,29.89,1398.71,
8225,2008,4.28,28.56,30.83,1445.9,
8225,2009,5.24,28.14,31.38,1429.94,
8225,2010,4.9,29.38,31.56,1486.87,1.16
8225,2011,4.15,33.14,35.95,1594.61,1.24
8225,2012,3.94,35.5,36.04,1647.09,2.04
8225,2013,4,37.45,35.66,1677.77,2.49
8225,2014,3.92,42.54,39.1,1714.53,4.02
8225,2015,3.85,49.63,37.51,1740.87,9.42
8225,2016,3.75,54.12,45.66,1782.61,9.72
8225,2017,3.59,41.95,38.54,1823.63,4.16
8225,2018,3.17,44.39,40.21,1890.34,2.7
8225,2019,3.05,44.72,40.49,1945.79,1.99
8225,2020,3.8,40.54,36.14,,2.68
8225,1995,,39.86,32.91,,
8225,1996,,38.3,32.02,,
8225,1997,,35.28,31.14,,
8226,1998,7.24,45.87,42.75,,
8226,1999,7.01,45.5,41.43,,
8226,2000,6.02,44.94,41.85,1429.64,
8226,2001,5.53,45.86,38.89,1499.68,
8226,2002,5.83,43.46,38.18,1492.96,
8226,2003,6.33,40.96,38.44,1523.71,
8226,2004,6.5,39.01,36.58,1549.31,
8226,2005,7.17,40.06,37.26,1586.55,
8226,2006,6.35,38.94,37.85,1640.16,
8226,2007,4.7,39.7,37.43,1675.6,
8226,2008,4.15,40.96,39.17,1713.32,
8226,2009,4.63,41.99,38.51,1670.93,
8226,2010,4.42,42.26,38.22,1713.3,0.63
8226,2011,3.73,45.65,41.35,1825.21,0.65
8226,2012,4.1,47.51,42.6,1868.35,0.69
8226,2013,4.4,49.73,42.26,1879.28,1.3
8226,2014,4.47,51.52,43.61,1906.04,3.6
8226,2015,4.44,58.78,44.33,1966.58,3.17
8226,2016,4.26,57.08,49.49,1992.2,9.13
8226,2017,3.99,48.61,43.72,2024.57,6.07
8226,2018,3.69,47.99,44.62,2095.65,4.56
8226,2019,3.48,48.92,46.03,2153.56,4.05
8226,2020,4.28,47.07,45.2,,3.93
8226,1995,,47.76,42.87,,
8226,1996,,46.01,40.34,,
8226,1997,,45.09,42.97,,
8231,1998,9.88,52.41,56.02,,
8231,1999,9.11,54.72,57.15,,
8231,2000,7.49,56.67,56.57,1534.14,
8231,2001,7.15,58.85,50.69,1632.99,
8231,2002,8.44,58.18,50.49,1561.78,
8231,2003,9.82,55.14,51.48,1560.13,
8231,2004,9.89,54.84,55.17,1537.7,
8231,2005,10.8,52.86,50.27,1558.72,
8231,2006,10.95,54.64,52.26,1590.88,
8231,2007,8.12,55.1,51.35,1599.32,
8231,2008,7.22,58.52,53.21,1631.01,
8231,2009,9.93,59.21,58.09,1581.33,
8231,2010,9.07,60.89,59.15,1615.12,0.78
8231,2011,7.95,71.95,62.09,1748.59,0.91
8231,2012,7.73,74.03,61.53,1777.09,1.37
8231,2013,8,80.84,68.35,1783.94,3.46
8231,2014,7.65,83.38,70.76,1830.03,3.77
8231,2015,7.35,93.43,69.15,1784.76,18.01
8231,2016,7.2,88.05,75.35,1788.95,8.77
8231,2017,6.25,79.99,71.29,1855.08,4.27
8231,2018,5.68,84.18,74.31,1901.21,4.03
8231,2019,5.56,79.81,76.13,1935.44,4.26
8231,2020,7.25,67.32,65.87,,4.84
8231,1995,,66.2,58.38,,
8231,1996,,58.79,58.8,,
8231,1997,,54.06,58.73,,
8235,1998,5.71,48.85,49.99,,
8235,1999,5.05,50.36,46.09,,
8235,2000,4.01,52.21,49.09,1361.53,
8235,2001,3.77,53.79,47.63,1429.77,
8235,2002,4.29,52.01,46.01,1414.95,
8235,2003,5.05,48.58,46.88,1442.86,
8235,2004,5.33,45.18,45.22,1458.67,
8235,2005,6.16,40.88,43.81,1486.32,
8235,2006,6.14,39.1,43.18,1530.53,
8235,2007,4.7,40.65,44.58,1557.54,
8235,2008,3.86,40.7,45.95,1602.23,
8235,2009,4.83,39.92,42.88,1576.46,
8235,2010,4.49,41.3,44.83,1628.63,1.27
8235,2011,3.89,47.31,48.3,1751.4,1.48
8235,2012,3.79,50.19,50.34,1795.3,1.8
8235,2013,4.2,55.14,48.3,1802.37,2.76
8235,2014,4.08,60.38,51.03,1846.19,4.06
8235,2015,3.9,72.48,53.9,1860.95,8.72
8235,2016,3.61,67.56,59.55,1936.93,8.48
8235,2017,3.26,66.06,55.7,1945.69,4.68
8235,2018,2.81,63.23,56.39,2009.35,3.52
8235,2019,2.86,60.05,53.71,2058,3.12
8235,2020,3.69,56.54,49.62,,3.53
8235,1995,,55.04,57.57,,
8235,1996,,50.65,51.66,,
8235,1997,,49.21,52.08,,
8236,1998,5.98,44.58,39.85,,
8236,1999,5.52,44.19,38.35,,
8236,2000,4.74,42.97,38.3,1462.77,
8236,2001,4.31,42.47,38.23,1547.13,
8236,2002,4.65,41.22,37.25,1538.55,
8236,2003,5.5,41.02,38.75,1568.73,
8236,2004,5.32,41.4,38.63,1586.78,
8236,2005,5.56,39.19,37.41,1634.34,
8236,2006,5.07,37.5,38.47,1700.04,
8236,2007,3.67,38.07,41.29,1751.72,
8236,2008,3.03,39.16,39.61,1769.88,
8236,2009,4.36,37.16,39.68,1717.36,
8236,2010,3.91,38.23,39.88,1753.82,0.53
8236,2011,2.89,43.35,41.44,1849.9,0.38
8236,2012,2.68,45.8,41.4,1897.63,0.49
8236,2013,2.8,49.98,44.56,1917.2,2.13
8236,2014,2.81,54.67,48.22,1966.92,4.1
8236,2015,2.84,62.24,48.51,1994.53,14.65
8236,2016,2.77,60.95,52.48,2052.65,8.29
8236,2017,2.65,56.16,50.05,2115.55,3.97
8236,2018,2.29,55.46,52.07,2190.76,3.35
8236,2019,2.32,54.75,50.43,2244.49,3.15
8236,2020,3.33,51.01,47.28,,3
8236,1995,,49.04,44.68,,
8236,1996,,44.36,41.76,,
8236,1997,,44.26,43.43,,
8237,1998,5.61,129.75,124.64,,
8237,1999,5.22,110.11,104.37,,
8237,2000,4.14,75.03,77.75,1350.68,
8237,2001,4,48.46,42.23,1422.43,
8237,2002,4.67,47.34,42.25,1422.47,
8237,2003,5.47,43.16,41.73,1463.95,
8237,2004,5.59,39.44,39.68,1491.16,
8237,2005,6.41,39.86,38.2,1531.46,
8237,2006,6.27,34.77,36.48,1591.9,
8237,2007,4.35,36.04,38.69,1634.03,
8237,2008,3.79,37.8,42.34,1665.73,
8237,2009,4.82,35.42,39.61,1616.31,
8237,2010,4.39,35.29,39.4,1659.43,1.68
8237,2011,3.74,38.34,46.62,1765.23,1.56
8237,2012,3.89,40.33,39.72,1786.2,1.89
8237,2013,4.1,43.42,43.03,1794.4,2.26
8237,2014,3.73,48.29,43.51,1885.67,3.96
8237,2015,3.38,57.57,46.2,1914.78,20.99
8237,2016,3.36,55.79,47.15,1977.08,7.64
8237,2017,3.08,52.64,44.6,2017.12,4.35
8237,2018,2.75,52.87,47.44,2087.4,3.23
8237,2019,2.75,51.6,46.8,2135.59,3.03
8237,2020,3.81,44.84,41.12,,2.45
8237,1995,,225.37,234.14,,
8237,1996,,182.52,183.69,,
8237,1997,,153.67,153.76,,
8311,1998,9.69,93.3,92.03,,
8311,1999,9.22,98.28,91.68,,
8311,2000,8.17,97.3,85.15,1251.74,
8311,2001,7.54,98.1,83.52,1321.04,
8311,2002,7.66,90.17,81.88,1299.54,
8311,2003,8.12,84.5,74.2,1337.04,
8311,2004,7.8,83.04,76.94,1359.39,
8311,2005,9.24,81.68,74.11,1382.48,
8311,2006,9.19,81.67,75.55,1414.08,
8311,2007,7.83,81.72,74.64,1413.96,
8311,2008,7.05,83.13,83.35,1460.49,
8311,2009,6.84,84.48,75.68,1429.04,
8311,2010,6.36,82.14,74.58,1467.37,2.74
8311,2011,6.19,100.75,79.87,1605.9,3.17
8311,2012,5.93,94.77,79.8,1621.47,3.72
8311,2013,6,90.74,83.05,1637.6,4.27
8311,2014,6.04,94.12,88.46,1684.5,5.63
8311,2015,6.03,104.1,87.79,1709.99,7.84
8311,2016,5.85,102.22,99.87,1763.74,11.46
8311,2017,5.3,91.8,86.54,1805.83,6.95
8311,2018,4.92,90.98,90.1,1865.63,5.89
8311,2019,4.89,90.66,88.32,1896.82,5.2
8311,2020,5.68,78,80.32,,5.26
8311,1995,,94.06,89.95,,
8311,1996,,93.87,88.58,,
8311,1997,,93.89,94.93,,
8315,1998,5.99,57.04,51.63,,
8315,1999,5.53,58.09,53.6,,
8315,2000,4.7,58.91,53.75,1341.25,
8315,2001,4.36,61.97,52.98,1412.67,
8315,2002,4.74,59.96,51.04,1415.59,
8315,2003,5.13,59.7,53.58,1471.55,
8315,2004,5,56.7,51.98,1513.4,
8315,2005,5.63,56.75,52.55,1537.44,
8315,2006,5.06,52.54,51.13,1572.29,
8315,2007,4.12,53.28,52.78,1586.26,
8315,2008,3.85,52.85,52.88,1642.3,
8315,2009,4.29,53.23,51.9,1622.78,
8315,2010,3.99,52.57,48.71,1681.6,0.88
8315,2011,3.5,59.64,54.8,1798,1.15
8315,2012,3.32,61.87,55.51,1839.4,1.48
8315,2013,3.4,66.39,57.32,1854.05,2.56
8315,2014,3.4,71.47,60.72,1907.94,4.01
8315,2015,3.32,79.26,60.93,1931.63,15.02
8315,2016,3.23,75.04,62.44,1966.24,9.27
8315,2017,3.01,66.66,59.38,2013.38,5.85
8315,2018,2.78,65.44,63.28,2088.51,4.71
8315,2019,2.7,65.28,61.71,2141.28,4.76
8315,2020,3.35,60.48,55.15,,4.89
8315,1995,,64.67,55.07,,
8315,1996,,60.06,51.84,,
8315,1997,,57.93,52.75,,
8316,1998,6.24,39.44,36.6,,
8316,1999,5.71,41.83,34.37,,
8316,2000,4.78,39.53,34.26,1292.09,
8316,2001,4.62,41.95,32.88,1374.03,
8316,2002,5.3,42.16,32.59,1368.23,
8316,2003,5.86,39.09,35.15,1405.4,
8316,2004,5.83,40.36,34.4,1426.11,
8316,2005,5.68,38.9,35.13,1442.43,
8316,2006,4.96,38.79,35.13,1472.36,
8316,2007,3.81,40.64,37.67,1493.83,
8316,2008,3.3,38.64,38.17,1540.09,
8316,2009,3.89,37.1,35.56,1527.29,
8316,2010,3.56,37.7,33.55,1583.46,1.22
8316,2011,3.17,40.81,37.12,1672.7,1.16
8316,2012,2.99,42.64,36.8,1720.89,1.78
8316,2013,3.2,44.64,38.67,1745.85,2.47
8316,2014,3.26,49.8,39.3,1797.6,3.98
8316,2015,3.14,57.05,41.61,1815.36,8.42
8316,2016,3,52.02,42.99,1866.7,7.51
8316,2017,2.73,49.85,40.98,1911.65,4.03
8316,2018,2.55,47.38,42.38,1978.79,3.98
8316,2019,2.53,48.93,42.05,2027.49,4
8316,2020,3.22,45.72,41.84,,4.08
8316,1995,,45.62,36.14,,
8316,1996,,41.14,35.95,,
8316,1997,,38.67,35.9,,
8317,1998,6.87,28.42,26,,
8317,1999,6.19,28.2,24.09,,
8317,2000,4.84,30.3,25.4,1318.12,
8317,2001,4.38,31.01,23.4,1362.2,
8317,2002,5.14,27.8,24.52,1375.01,
8317,2003,5.97,26.73,23.17,1426.26,
8317,2004,6.07,27.07,24.43,1463.67,
8317,2005,6.9,26.45,23.77,1489.85,
8317,2006,6.19,25.15,23.44,1528.93,
8317,2007,4.7,26.56,24.59,1548.5,
8317,2008,3.67,27.86,27.48,1580.4,
8317,2009,4.76,27.22,26.99,1543.22,
8317,2010,4.47,28.23,26.27,1586.9,0.61
8317,2011,3.61,29.93,27.64,1685.67,0.61
8317,2012,3.62,31.71,27.2,1728.52,1.23
8317,2013,3.7,32.3,28.14,1755.89,2.21
8317,2014,3.62,37.64,29.37,1798.32,3.58
8317,2015,3.42,43.94,31.7,1829.93,7.45
8317,2016,3.37,44.59,36.36,1896.49,5.9
8317,2017,3.19,40.1,33.15,1917.29,3.77
8317,2018,2.95,42.7,33.26,1977.3,3.14
8317,2019,2.94,40.95,36.1,2026.53,3.38
8317,2020,3.65,36.13,30.47,,3.66
8317,1995,,37.2,28.27,,
8317,1996,,30.86,27.73,,
8317,1997,,28.89,28.11,,
8325,1998,6.12,33.71,33.85,,
8325,1999,5.37,35.63,32.3,,
8325,2000,4.35,35.66,34.14,1363.29,
8325,2001,3.94,37.18,31.36,1448.87,
8325,2002,4.72,34.15,30.87,1450.84,
8325,2003,5.45,30.8,30.35,1495.95,
8325,2004,5.3,30.18,29.81,1521.42,
8325,2005,5.84,29.29,29.97,1555.72,
8325,2006,5.42,28.1,30.08,1604.63,
8325,2007,3.95,29.91,30.84,1634.22,
8325,2008,3.34,29.25,31.37,1662.66,
8325,2009,4.89,27.27,31.52,1622.69,
8325,2010,4.26,27.51,32.23,1669.99,0.93
8325,2011,3.02,31.5,34.6,1787.73,1.06
8325,2012,3.06,33.77,35.54,1844.8,1.59
8325,2013,3.3,36.08,36.34,1878.83,2.62
8325,2014,2.91,43.6,37.08,1930.18,4.24
8325,2015,2.88,50.2,37.13,1963.35,11.22
8325,2016,3.01,48.59,40.57,2007.51,8.82
8325,2017,2.58,43.99,39.17,2057.31,5.48
8325,2018,2.19,44.97,39.48,2128.53,4.46
8325,2019,2.32,43.14,39.03,2177.1,4.28
8325,2020,3.37,40.87,37.23,,6.24
8325,1995,,39.77,34.63,,
8325,1996,,37.1,33.75,,
8325,1997,,35.34,34.94,,
8326,1998,6.76,35.69,35.67,,
8326,1999,5.88,36.58,34.17,,
8326,2000,4.78,39.34,35.46,1404.6,
8326,2001,4.26,38.57,33.13,1462.07,
8326,2002,5.38,36.85,33.47,1455.43,
8326,2003,6.55,33.75,32.71,1499.78,
8326,2004,6.73,32.77,31.66,1527.56,
8326,2005,7.14,30.86,31.56,1579.24,
8326,2006,6.24,30.34,31.92,1650.99,
8326,2007,4.68,30.46,33.31,1698.1,
8326,2008,3.85,31.69,34.52,1722.16,
8326,2009,5.73,30.21,35.09,1667.7,
8326,2010,4.99,33.49,34.69,1699.72,1.26
8326,2011,3.71,38.65,37.74,1787.84,1.54
8326,2012,3.57,43.98,38.15,1824.69,1.8
8326,2013,3.9,43.75,39.34,1840.52,2.62
8326,2014,3.68,48.68,41.65,1888.46,4.11
8326,2015,3.57,62.35,43.18,1914.13,12.87
8326,2016,3.59,59.54,55.4,1984.78,8.15
8326,2017,3.13,58.03,50.57,2028.19,4.02
8326,2018,2.78,55.15,48.26,2094.75,4.52
8326,2019,2.98,50.5,48.61,2145.87,2.04
8326,2020,4.45,44.09,40.74,,2.44
8326,1995,,38.19,37.28,,
8326,1996,,35.67,35.1,,
8326,1997,,34.78,35.55,,
8327,1998,6.76,36.6,34.34,,
8327,1999,5.99,36.14,32.64,,
8327,2000,4.95,36.47,34.26,1415.06,
8327,2001,4.36,38.94,32.98,1504.81,
8327,2002,4.85,36.64,34.01,1497.79,
8327,2003,5.63,34.25,33.46,1548.17,
8327,2004,5.69,32.26,30.98,1565.1,
8327,2005,6.17,31.94,31.09,1618.16,
8327,2006,5.12,30.9,32.03,1688.05,
8327,2007,3.97,31.77,32.49,1733.58,
8327,2008,3.26,32.3,34.16,1761.2,
8327,2009,4.87,30.24,33.19,1711.63,
8327,2010,4.74,30.67,34.24,1758.58,0.72
8327,2011,3.23,37.37,36.3,1864.7,0.72
8327,2012,2.84,39.18,36.53,1911.71,0.97
8327,2013,3.1,42.43,36.05,1932.42,1.02
8327,2014,2.84,48.8,38.7,2008.24,1.54
8327,2015,2.75,57.15,41.62,1994.45,14.81
8327,2016,2.8,54.74,44.84,2080.34,7.98
8327,2017,2.73,50.41,41.32,2130.63,3.82
8327,2018,2.46,49.41,44.05,2201.86,2.04
8327,2019,2.7,48.82,44,2242.17,1.92
8327,2020,3.84,45.58,39.41,,5.33
8327,1995,,42.86,35.42,,
8327,1996,,39.99,35.29,,
8327,1997,,35.21,35.04,,
8335,1998,8,48.43,44.11,,
8335,1999,7.46,48.73,42.72,,
8335,2000,6.38,48.78,43.18,1289.52,
8335,2001,5.83,52.21,41.55,1355.3,
8335,2002,6.46,52.66,43.07,1363.46,
8335,2003,7,50.46,43.25,1413.22,
8335,2004,6.68,48.85,44.11,1450.93,
8335,2005,7.11,45.61,42.45,1470.65,
8335,2006,6.31,46.21,44.78,1502.15,
8335,2007,5.13,49.2,47.02,1514.34,
8335,2008,4.53,52.25,46.95,1574.46,
8335,2009,5.32,51.27,45.12,1559.44,
8335,2010,5.27,53.44,46.79,1627.67,1.04
8335,2011,4.44,59.05,51.59,1775.51,1.27
8335,2012,4.24,62.52,52.57,1818.55,1.33
8335,2013,4.3,64.96,52.55,1834.86,2.08
8335,2014,4.16,67.81,57.48,1872.8,3.6
8335,2015,3.98,72.79,55.74,1932.19,6.11
8335,2016,3.76,70.42,62.07,2012.14,7.19
8335,2017,3.44,64.26,57.07,2041.86,4.55
8335,2018,3.14,62.62,57.35,2113.33,3.87
8335,2019,3.1,62.76,57.99,2164.67,3.91
8335,2020,4.21,54.53,51.14,,3.85
8335,1995,,48.2,41.7,,
8335,1996,,48.99,42.27,,
8335,1997,,48.63,43.54,,
8336,1998,7.91,36.5,32.81,,
8336,1999,7.52,36.78,32.14,,
8336,2000,6.38,37.13,32.83,1322.59,
8336,2001,5.45,39.29,30.68,1390.07,
8336,2002,5.48,38.72,32.06,1402.35,
8336,2003,5.74,37.41,33.95,1441.16,
8336,2004,5.71,36.37,37.42,1474.69,
8336,2005,6.66,37.84,33.6,1494.77,
8336,2006,6.03,35.4,32.59,1531.26,
8336,2007,5.05,37.86,34.17,1554.97,
8336,2008,4.33,38.26,37.28,1633.54,
8336,2009,4.84,36.84,36.34,1637.72,
8336,2010,4.55,36.72,34.63,1723.15,0.37
8336,2011,4.06,40.39,36.75,1846.24,0.34
8336,2012,3.72,42.93,36.96,1911.39,0.27
8336,2013,3.7,46.04,38.29,1954.6,1.99
8336,2014,3.46,47.79,38.93,2024.95,3.43
8336,2015,3.3,55.06,40.04,2106.85,11.79
8336,2016,3.28,48.11,45.13,2157.3,7.69
8336,2017,3.19,46.16,41.81,2187.47,4.55
8336,2018,3.13,45.65,43.85,2270.56,4.09
8336,2019,3.41,44.7,43.39,2340.45,3.9
8336,2020,4.61,40.76,38.14,,4.87
8336,1995,,40.68,34.32,,
8336,1996,,37.02,31.67,,
8336,1997,,35.44,33.49,,
8337,1998,8.14,34.79,34.24,,
8337,1999,7.73,34.38,33.47,,
8337,2000,6.18,34.14,34.85,1304.99,
8337,2001,5.46,37.4,31.12,1381.95,
8337,2002,5.21,37.43,33.19,1375.84,
8337,2003,5.48,34.77,33.27,1401.62,
8337,2004,5.51,35.15,34.07,1414.51,
8337,2005,6.29,33.7,32.73,1430.59,
8337,2006,5.68,33.37,33.03,1460.59,
8337,2007,4.6,34.88,34.18,1478.66,
8337,2008,3.88,36.21,36.96,1550.97,
8337,2009,4.38,33.98,35.65,1549.73,
8337,2010,4.12,35.17,34.87,1628.86,1.17
8337,2011,3.31,40.16,38.29,1751.1,1.11
8337,2012,3.09,43.77,38.96,1816.12,1.49
8337,2013,3.1,46.06,39.92,1858.73,2.23
8337,2014,3.04,51.12,42.82,1891.76,3.75
8337,2015,2.89,59.91,41.02,1983.11,15.41
8337,2016,3.15,52.64,47.04,2026.29,6.7
8337,2017,3.16,50.59,41.36,2025.85,3.68
8337,2018,2.83,48.69,44.43,2101.59,3.07
8337,2019,2.95,48.85,44.94,2157.56,3.2
8337,2020,3.89,44.54,39.06,,4.12
8337,1995,,39.05,34.73,,
8337,1996,,36.52,33.52,,
8337,1997,,33.6,34.95,,
8415,1998,6.82,45.47,45.32,,
8415,1999,5.9,46.2,42.6,,
8415,2000,4.79,45.48,42.21,1413.62,
8415,2001,4.35,43.82,40.94,1498.79,
8415,2002,4.7,46.23,41.73,1495.24,
8415,2003,5.38,43.71,40.36,1530.58,
8415,2004,5.4,39.4,39.68,1560.38,
8415,2005,5.83,34.25,33.77,1586.86,
8415,2006,5.41,33.14,33.62,1625.67,
8415,2007,4.28,33.71,34.71,1649.36,
8415,2008,3.65,34.58,36.02,1689.03,
8415,2009,4.88,33.68,34,1648.4,
8415,2010,4.77,34.62,34.08,1695.18,0.4
8415,2011,4.07,39.27,37.44,1804.48,0.46
8415,2012,3.84,42.07,37.13,1843.76,0.46
8415,2013,4,44.95,39.6,1856.84,2.33
8415,2014,3.79,48.25,41.18,1902.67,4.12
8415,2015,3.69,57.25,41.68,1924.71,7.34
8415,2016,3.83,54.66,46.04,1962.41,7.77
8415,2017,3.51,47.18,41.14,2015.95,4.9
8415,2018,3.19,47.47,43.07,2086.37,4.09
8415,2019,3.26,45.76,42.93,2140.84,3.7
8415,2020,4.28,41.22,38.39,,4.23
8415,1995,,48.05,42.65,,
8415,1996,,47.88,44.16,,
8415,1997,,45.16,43.15,,
8416,1998,7.05,56.92,59.1,,
8416,1999,6.31,57.98,55.38,,
8416,2000,5.19,58.37,54.67,1297.49,
8416,2001,4.88,59.07,51.25,1363.55,
8416,2002,5.17,56.91,50.98,1365.63,
8416,2003,5.95,55.05,51.83,1413.57,
8416,2004,5.89,55.49,51.7,1443.33,
8416,2005,6.25,54.02,53.49,1477.65,
8416,2006,6.24,52.4,51.54,1520.15,
8416,2007,4.97,52.39,53.23,1544.96,
8416,2008,3.9,58.83,55.25,1565.08,
8416,2009,4.52,62.76,54.63,1513.39,
8416,2010,4.6,57.26,56.66,1551.19,1.55
8416,2011,3.79,63.37,61.35,1689.26,1.66
8416,2012,3.27,66.88,58.14,1724.43,3.02
8416,2013,3.4,68.28,62.67,1747.63,2.95
8416,2014,3.25,69.61,63.03,1798.09,4.59
8416,2015,3.22,79.62,65.75,1836.3,6.87
8416,2016,3.18,79.58,69.18,1868.21,7.23
8416,2017,2.93,68.98,66.52,1922.13,3.13
8416,2018,2.74,69.76,64.66,1984.85,3.53
8416,2019,2.62,69.76,65.42,2027.05,2.62
8416,2020,3.31,57.88,60.67,,3.52
8416,1995,,57.76,59.96,,
8416,1996,,57.65,56.88,,
8416,1997,,54.8,58.79,,
8417,1998,7.71,32.16,32.77,,
8417,1999,6.69,31.54,30.19,,
8417,2000,5.66,31.72,32.11,1477.86,
8417,2001,5.24,31.4,30.01,1549.09,
8417,2002,5.68,31.4,28.02,1509.61,
8417,2003,6.83,29.41,29.41,1533.5,
8417,2004,7.05,27.16,28.65,1530.61,
8417,2005,8.1,28.88,28.16,1575.1,
8417,2006,7.51,27.35,29.52,1636.78,
8417,2007,5.86,28.74,30.88,1676.9,
8417,2008,4.58,28.54,32.87,1725.86,
8417,2009,5.73,27.52,30.83,1694.23,
8417,2010,5.45,28.74,30.86,1750.77,1.01
8417,2011,4.31,32.76,34.01,1848.57,1.15
8417,2012,4.22,34.98,35.18,1897.46,1.82
8417,2013,4.3,37.9,35.58,1922.04,2.55
8417,2014,4.15,50.46,38.39,1957.97,3.33
8417,2015,3.82,133.37,118.71,1958.69,11.55
8417,2016,3.61,74.64,78.79,2047.46,3.64
8417,2017,3.38,49.15,43.05,2079.35,1.35
8417,2018,3.12,44.18,37.74,2148.54,1.59
8417,2019,3.18,44.18,38.56,2192.31,1.82
8417,2020,4.05,40.68,34.61,,2.08
8417,1995,,35.8,34.18,,
8417,1996,,33.38,34.21,,
8417,1997,,31,34.34,,
8421,1998,8.09,73.14,73.23,,
8421,1999,7.45,75.26,73.29,,
8421,2000,6.08,79.34,70.02,1458.32,
8421,2001,5.76,75.57,67.79,1525.09,
8421,2002,6.71,73.71,67.47,1534.25,
8421,2003,7.47,73.5,68.44,1605.67,
8421,2004,7.9,71.16,69.11,1653.81,
8421,2005,9.9,71.57,67.85,1694.26,
8421,2006,8.25,71.42,69.97,1744.4,
8421,2007,5.92,73.87,70.05,1756.02,
8421,2008,4.8,74.58,73.06,1801.44,
8421,2009,5.81,73.69,70.28,1758.71,
8421,2010,5.4,76.07,70.94,1806.66,0.45
8421,2011,4.47,85.5,79.23,1973.73,0.45
8421,2012,4.72,86.25,83.65,2026.48,1.07
8421,2013,5,92.56,83.24,2044.21,1.37
8421,2014,4.71,95.96,84.99,2351.23,3.58
8421,2015,4.51,103.49,88.2,2048.24,18.68
8421,2016,4.29,102.19,91.69,2066.7,7.79
8421,2017,3.77,92.92,81.99,2295.9,4.95
8421,2018,3.32,92.47,88.14,2372.67,3.73
8421,2019,3.33,90.85,88.08,2410.3,3.72
8421,2020,4.24,76.31,79.56,,4.51
8421,1995,,78.04,73.34,,
8421,1996,,74.39,72.32,,
8421,1997,,70.95,75.47,,
8425,1998,5.56,43.2,41.66,,
8425,1999,5.23,43.99,38.75,,
8425,2000,4.46,41.02,38.11,1382.57,
8425,2001,4.19,40.2,36.77,1461.19,
8425,2002,4.81,39.79,35.37,1420.25,
8425,2003,5.36,38.62,35.38,1426.84,
8425,2004,5.38,36.79,35.43,1424.47,
8425,2005,6.23,36.2,34.9,1463.89,
8425,2006,4.94,34.73,35.71,1522.38,
8425,2007,3.46,36.39,36.75,1571.84,
8425,2008,2.74,38.16,37.91,1600.36,
8425,2009,3.89,36.21,38.35,1560.34,
8425,2010,3.63,37.47,38.11,1606.93,1.01
8425,2011,2.86,41.65,41.09,1706.21,1.1
8425,2012,2.97,45.85,41.3,1748.87,1.71
8425,2013,3.1,48.63,44.65,1775.23,2.46
8425,2014,2.78,53.4,46.66,1820.14,3.8
8425,2015,2.75,63.11,47.61,1854.07,12.11
8425,2016,2.94,60.27,51.91,1883.65,8.82
8425,2017,2.67,54.29,47.94,1932.64,4.81
8425,2018,2.26,56.38,49.59,1998.31,3.76
8425,2019,2.3,56.08,51.1,2051.26,3.97
8425,2020,3.09,51.62,46.16,,4.14
8425,1995,,49.98,45.73,,
8425,1996,,45.55,41.03,,
8425,1997,,42.05,41.97,,
8426,1998,5.17,35.1,31.37,,
8426,1999,4.78,33.76,30.54,,
8426,2000,3.88,37.63,31.07,1283.73,
8426,2001,3.75,35.87,29.73,1370.04,
8426,2002,4.25,36.39,30.98,1355.54,
8426,2003,4.96,33.97,29.74,1370.95,
8426,2004,4.93,32.33,30.56,1384.42,
8426,2005,5.61,30.73,28.91,1430.06,
8426,2006,4.16,29.97,29.52,1488.67,
8426,2007,3.05,31.68,31.17,1545.06,
8426,2008,2.34,33.14,32.71,1586.18,
8426,2009,3.53,31.19,30.93,1555.56,
8426,2010,3.37,31.77,32.41,1618.64,1.04
8426,2011,2.54,36.31,35.47,1714.4,1.05
8426,2012,2.56,37.53,36.28,1764.52,1.6
8426,2013,2.8,42.53,37.28,1792.18,2.32
8426,2014,2.6,46.5,37.83,1833.39,3.52
8426,2015,2.49,56.13,37.68,1905.21,15.95
8426,2016,2.52,53.53,44.03,1912.07,8.2
8426,2017,2.4,48.52,39.54,1977.01,5.6
8426,2018,2.05,48.15,41.69,2043.93,4.37
8426,2019,1.96,49.08,42.9,2093.75,4.05
8426,2020,2.68,43.82,40.08,,4.33
8426,1995,,38.73,31.44,,
8426,1996,,36.13,28.72,,
8426,1997,,33.51,30.74,,
8435,1998,6.23,55.94,52.98,,
8435,1999,5.67,58.54,51.29,,
8435,2000,4.75,58.37,53.58,1375.23,
8435,2001,4.48,60.64,52.42,1453.91,
8435,2002,4.95,59.88,51.94,1457.82,
8435,2003,5.42,58.6,52.84,1507.43,
8435,2004,5.24,62.95,58.46,1552.51,
8435,2005,5.72,62.92,57.72,1592.65,
8435,2006,4.74,60.75,58.15,1648.77,
8435,2007,3.77,62.52,57.51,1682.48,
8435,2008,3.41,62.58,57.24,1723.95,
8435,2009,4.02,59.22,58.3,1692.59,
8435,2010,3.86,61.76,58.32,1757.77,1
8435,2011,3.18,61.83,54.6,1885.64,1.29
8435,2012,2.78,62.13,54.45,1945.22,1.58
8435,2013,2.8,66.48,57.85,1985.23,2.26
8435,2014,2.84,66.84,56.65,2031.35,4
8435,2015,2.9,71.28,56.97,2051.67,8.75
8435,2016,2.84,64.96,61.04,2097.05,7.04
8435,2017,2.8,61.33,53.47,2147.92,4.25
8435,2018,2.5,60,51.87,2215.41,3.72
8435,2019,2.33,59.6,52.59,2268.46,3.76
8435,2020,3.12,52.06,49.11,,4.27
8435,1995,,52.83,48.41,,
8435,1996,,53.64,46.9,,
8435,1997,,53.87,51.74,,
8436,1998,5.35,36.36,33.02,,
8436,1999,5.01,36.63,33.91,,
8436,2000,4.17,36.7,32.76,1311.01,
8436,2001,3.96,35.46,30.91,1388.54,
8436,2002,4.55,35.96,30.67,1382.01,
8436,2003,5.03,36.3,31.45,1423.99,
8436,2004,4.94,35.4,31.59,1449.96,
8436,2005,5.41,34.44,32.56,1489.55,
8436,2006,4.59,33.54,33.19,1542.48,
8436,2007,3.59,35.32,33.27,1571.97,
8436,2008,3.01,36.35,36.18,1608.63,
8436,2009,3.84,34.44,35.08,1569.23,
8436,2010,3.67,37.98,35.68,1619.58,0.93
8436,2011,2.78,42.4,38.15,1733.13,1.04
8436,2012,2.72,47.88,38.91,1762.11,1.64
8436,2013,2.8,45.97,41.26,1788.43,2.44
8436,2014,2.86,48.83,42.61,1822.08,4.25
8436,2015,2.82,58.78,44.01,1844.13,7.79
8436,2016,2.97,55.99,46.85,1910.24,7.07
8436,2017,2.81,49.45,44.26,1964.23,5.1
8436,2018,2.49,48.82,45.9,2033.41,4.35
8436,2019,2.36,50.03,46.26,2084.82,3.91
8436,2020,3.16,44.45,42.66,,4.23
8436,1995,,40.31,37.71,,
8436,1996,,39.02,34.12,,
8436,1997,,34.72,35.37,,
8437,1998,7.6,42.8,42.36,,
8437,1999,6.86,40.23,38.53,,
8437,2000,5.97,42.5,40.1,1179.14,
8437,2001,5.61,40,39.87,1246.49,
8437,2002,6.01,40.59,40.11,1249.11,
8437,2003,6.65,37.42,37.97,1289.92,
8437,2004,6.95,36.25,37.81,1323.22,
8437,2005,7.49,34.52,37.39,1361.63,
8437,2006,6.65,34.45,37.26,1412.71,
8437,2007,5.05,34.14,39.28,1452.72,
8437,2008,4.13,36.4,41.47,1505.06,
8437,2009,5.11,34.54,39.04,1481.65,
8437,2010,4.94,35.5,40.84,1548.62,0.55
8437,2011,3.91,41.11,42.65,1637.98,0.49
8437,2012,3.75,43.58,43.25,1674.02,0.64
8437,2013,3.9,46.17,45.85,1695.15,1.09
8437,2014,3.71,51.87,45.47,1752.98,4.09
8437,2015,3.59,82.44,57.71,1752.31,84.12
8437,2016,3.43,78.7,78.94,1804.94,10.59
8437,2017,3.15,63.12,63.26,1871.67,6.84
8437,2018,2.77,63.6,57.16,1934.09,6.8
8437,2019,2.69,63.71,63.02,1989.67,5.04
8437,2020,3.55,57.53,55.48,,4.28
8437,1995,,53.26,44.61,,
8437,1996,,46.37,45.3,,
8437,1997,,44.31,44.02,,
9161,1998,8.88,61.99,62.62,,
9161,1999,7.35,68.79,60.16,,
9161,2000,6.45,63.64,56.63,1347.43,
9161,2001,6.04,65.53,52.62,1398.54,
9161,2002,6.86,59.53,51.18,1407.44,
9161,2003,7.81,60.98,52.52,1437.14,
9161,2004,8.15,57.31,53.36,1472.48,
9161,2005,8.36,63.46,53.56,1491.94,
9161,2006,7.33,57.35,50.96,1518.6,
9161,2007,5.25,59.78,53.68,1561.29,
9161,2008,3.98,61.42,54.77,1593.87,
9161,2009,4.74,59.27,55.79,1580.07,
9161,2010,4.51,60.44,55.94,1648.48,0.13
9161,2011,3.74,74.8,61.86,1690.43,0.27
9161,2012,3.56,78.25,64.8,1783.1,1.27
9161,2013,3.5,78.21,69.9,1826.07,2.04
9161,2014,3.61,83.41,73.48,1830.44,3.8
9161,2015,3.25,85.07,76.62,1912.88,2.73
9161,2016,3.1,81.48,79.19,1949.8,9.47
9161,2017,3.14,84.85,75.09,1952.48,10.88
9161,2018,2.94,84.75,74.63,1997.41,11.54
9161,2019,2.95,79.17,78.47,2057.89,7.54
9161,2020,3.81,69.24,73.7,,5.7
9161,1995,,63.81,55.82,,
9161,1996,,62.08,55.08,,
9161,1997,,61.9,58.42,,
9162,1998,6.46,70.22,84.87,,
9162,1999,5.83,74.77,70.64,,
9162,2000,4.99,74.52,62.17,1857.36,
9162,2001,4.49,76.08,62.29,1928.09,
9162,2002,5.64,70.97,66.51,1906.62,
9162,2003,6.81,73.24,63.7,1923.94,
9162,2004,6.62,68.49,69.35,1964.3,
9162,2005,8.56,67.91,61.57,2009.63,
9162,2006,7.6,86.87,61.97,2016.04,
9162,2007,6.21,73.95,63.58,2040.79,
9162,2008,5.38,72.52,63.79,2043.23,
9162,2009,5.96,71.21,71.37,1976.24,
9162,2010,5.6,74.04,60.18,2016.12,1.26
9162,2011,5.16,81.35,66.2,2088.27,1.7
9162,2012,4.95,82.11,68.62,2162.05,1.32
9162,2013,5.2,86.19,76.19,2165.94,2.02
9162,2014,5.19,88.07,77.09,2404.46,2.73
9162,2015,4.95,81.01,70.95,2258.97,0.83
9162,2016,4.59,82.09,78.4,2583.49,6.31
9162,2017,4.23,77.01,85.65,2551.39,3.61
9162,2018,3.76,77.14,71.62,2611.85,3.51
9162,2019,3.48,74.99,69.2,2658.51,3.29
9162,2020,4.78,63.15,65.07,,2.88
9162,1995,,62.74,68.88,,
9162,1996,,63.41,72.09,,
9162,1997,,65.22,82.15,,
9163,1998,7.54,71.31,77.63,,
9163,1999,7.01,78.23,73.33,,
9163,2000,5.69,74.01,71.86,1426.98,
9163,2001,5.5,72.6,66.14,1464.42,
9163,2002,6.4,72.9,63.49,1508.51,
9163,2003,8.03,69.45,66.9,1630.43,
9163,2004,7.9,67.98,66.15,1774.61,
9163,2005,9.65,64.84,63.49,1738.81,
9163,2006,8.58,69.38,66.35,1711.87,
9163,2007,7.18,67.36,63.6,1673.5,
9163,2008,6.07,66.56,65.51,1708.91,
9163,2009,6.43,67.18,63.64,1668.85,
9163,2010,6,69.1,63.43,1711.55,0.11
9163,2011,4.97,70.82,67.35,1829.81,0.3
9163,2012,4.86,70.74,65.5,1751.23,0.88
9163,2013,5,75.04,66.19,1793.36,2.23
9163,2014,5.15,77.19,70.83,1777.67,2.87
9163,2015,5.07,86.27,72.26,1838.49,12.64
9163,2016,4.77,84.85,74.36,1874.85,10.39
9163,2017,4.57,77.03,71.35,1885.62,6.28
9163,2018,4.09,77.44,75.22,1939.52,5.94
9163,2019,3.9,77.26,72.41,1984.63,5.77
9163,2020,5.15,69.63,70.4,,5.19
9163,1995,,76.48,71.3,,
9163,1996,,72.08,72.3,,
9163,1997,,70.48,72.59,,
9171,1998,7.49,37.85,34.74,,
9171,1999,6.73,39.21,33.94,,
9171,2000,5.68,39.63,35.15,1254.66,
9171,2001,6.06,40.48,32.67,1312.26,
9171,2002,6.44,39.06,31.8,1319.73,
9171,2003,7.02,36.03,34.33,1368.69,
9171,2004,7.27,31.42,32.52,1418.08,
9171,2005,8.46,32.15,31.49,1444.47,
9171,2006,7.34,34.03,35.97,1493.52,
9171,2007,5.39,41.07,38.62,1543.76,
9171,2008,3.98,36.48,39.98,1590.85,
9171,2009,4.73,34.27,33.61,1568.12,
9171,2010,4.18,32.99,31.34,1620.77,0.97
9171,2011,3.54,41.8,36.44,1714.23,1.03
9171,2012,3.49,39.59,35.54,1771.6,1.23
9171,2013,3.6,43.23,36.94,1781.04,2.16
9171,2014,3.52,48.33,42.08,1812.53,4.35
9171,2015,3.49,52.06,39.65,1824.52,13.07
9171,2016,3.4,49.26,39.16,1871.62,8.7
9171,2017,3.31,46.4,36.34,1921.79,5.89
9171,2018,2.92,47.43,38.76,1972.63,5.78
9171,2019,2.79,44.36,39.55,2030.43,5.46
9171,2020,3.38,42.17,36.95,,5.28
9171,1995,,47.16,32.49,,
9171,1996,,43.08,35.25,,
9171,1997,,41,36.99,,
9172,1998,6.54,37.28,34.83,,
9172,1999,6.12,42.47,34.72,,
9172,2000,5.21,41.94,33.67,1320.9,
9172,2001,5.06,43.94,33.09,1392.29,
9172,2002,5.69,44.2,34.49,1362.79,
9172,2003,6.12,43.69,34.59,1390.26,
9172,2004,6.18,41.43,33.76,1406.73,
9172,2005,6.85,41.29,34.08,1423.07,
9172,2006,6.03,39.9,38.34,1467.62,
9172,2007,4.58,40.76,37.03,1495.01,
9172,2008,3.75,41.51,39.71,1543.8,
9172,2009,4.23,41.27,38.56,1524.64,
9172,2010,3.8,42.39,35.44,1569,0.16
9172,2011,3.63,46.99,37.43,1649.91,0.38
9172,2012,3.59,48.04,38.71,1709.73,0.9
9172,2013,4.1,48.69,40.46,1757.39,1.92
9172,2014,4.17,52.79,44.83,1748.99,3.53
9172,2015,4.28,53.55,41.82,1749.7,12.57
9172,2016,4.15,50.11,45.59,1802.94,6.17
9172,2017,3.93,46.94,39.27,1921.67,3.82
9172,2018,3.55,47.05,38.83,1974.92,3.92
9172,2019,3.32,47.48,42.15,2014.68,4.98
9172,2020,4.2,44.67,36.7,,5.31
9172,1995,,47.31,40.92,,
9172,1996,,42.51,39.42,,
9172,1997,,38.03,38.2,,
9173,1998,5.54,44.56,38.72,,
9173,1999,4.68,48.37,36.96,,
9173,2000,3.82,47.43,38.03,1652.99,
9173,2001,3.78,49.18,38.08,1743.16,
9173,2002,4.27,44.49,39.03,1684.19,
9173,2003,5.32,45.19,40.55,1713.48,
9173,2004,5.79,43.28,36.48,1728.63,
9173,2005,6.32,44.72,37.1,1758.38,
9173,2006,5.52,38,40.33,1804.07,
9173,2007,4.03,42.88,38.24,1830.09,
9173,2008,3.19,42.77,41.9,1877.88,
9173,2009,3.7,42.14,38.38,1828.04,
9173,2010,3.52,41.16,36.18,1889.81,0.02
9173,2011,2.73,44.75,38.43,2013.95,0.13
9173,2012,2.77,48.76,39.74,2377.02,0.76
9173,2013,3,52.79,40.09,2066.87,1.49
9173,2014,2.81,55.64,45.04,2028.04,3.73
9173,2015,2.69,60.67,46.97,2079.78,10.03
9173,2016,2.82,57.99,48.76,2135.8,10.77
9173,2017,2.45,53.43,46.44,2180.76,7.92
9173,2018,2.11,53.42,48.52,2248.37,6.89
9173,2019,2.1,55.52,48.96,2292.71,5.48
9173,2020,2.83,48.64,44.88,,5.73
9173,1995,,47.76,39.97,,
9173,1996,,42.69,38.2,,
9173,1997,,45.89,37.89,,
9174,1998,5.6,52.87,45.03,,
9174,1999,5.12,53.17,41.25,,
9174,2000,3.98,54.61,44.15,1519.73,
9174,2001,3.31,53.88,42.24,1614.59,
9174,2002,3.93,50,43.76,1594.39,
9174,2003,4.9,49.14,44.47,1620.14,
9174,2004,5.07,48.61,45.73,1654.73,
9174,2005,5.47,48.87,41.84,1665.47,
9174,2006,4.91,47.72,44.07,1696,
9174,2007,3.65,52.37,43.77,1719.11,
9174,2008,2.74,49.33,45.48,1761.16,
9174,2009,3.21,49.98,43.37,1730.58,
9174,2010,3.03,49.56,43.5,1794.47,0.97
9174,2011,2.61,56.85,45.11,1858.85,0.98
9174,2012,2.36,58.06,43.66,1905.05,0.87
9174,2013,2.5,62.39,46.46,1912.66,1.77
9174,2014,2.42,61.75,49.95,1957.49,3.55
9174,2015,2.32,71.07,51.66,1983.56,6.69
9174,2016,2.45,65.62,54.96,2055.52,8.38
9174,2017,2.23,61.14,49.9,2105.07,6.05
9174,2018,2,57.51,51.79,2170.27,5.11
9174,2019,1.81,58.69,53.82,2228.06,4.99
9174,2020,2.71,55.31,53.69,,4.87
9174,1995,,58.61,45.48,,
9174,1996,,52.21,42.71,,
9174,1997,,50.78,43.46,,
9175,1998,4.07,63.74,52.83,,
9175,1999,3.84,64.8,53.44,,
9175,2000,3.08,67.66,50.81,1704.11,
9175,2001,2.65,61.45,51.16,1776.37,
9175,2002,3.32,60.02,52.34,1748.22,
9175,2003,4.36,60.77,57.51,1773.89,
9175,2004,4.41,59.71,55.75,1811.7,
9175,2005,4.84,55.86,49.64,1841.32,
9175,2006,4.42,60.86,53.38,1877.45,
9175,2007,3.43,58.49,49.61,1909.74,
9175,2008,2.72,56.61,51.76,1943,
9175,2009,3.03,56.18,49.98,1882.61,
9175,2010,2.9,55.12,46.48,1945.12,0.02
9175,2011,2.42,64.56,52.51,2051.2,0.16
9175,2012,2.33,65.64,50.39,2081.35,0.78
9175,2013,2.4,64.89,51.74,2098.63,1.43
9175,2014,2.39,69.51,57.95,2150.23,1.96
9175,2015,2.15,77.64,59.82,2164.5,9.16
9175,2016,2.27,74.29,63.4,2201.04,4.97
9175,2017,1.98,66.58,54.94,2287.31,3.52
9175,2018,1.89,64.25,55.65,2346.66,3.1
9175,2019,1.82,70.27,59.94,2393.9,3.3
9175,2020,2.42,59.74,56.35,,3.19
9175,1995,,65.34,56.69,,
9175,1996,,64.49,55.73,,
9175,1997,,63.45,54.41,,
9176,1998,5.11,43.57,37.74,,
9176,1999,4.47,50.12,34.98,,
9176,2000,3.95,46.43,40.36,1279.67,
9176,2001,3.69,46.47,37.49,1330.62,
9176,2002,4.07,47.47,37.93,1332.28,
9176,2003,4.22,44.21,42.14,1365.79,
9176,2004,4.02,42.67,42.6,1415.02,
9176,2005,4.36,39.09,38.9,1440.87,
9176,2006,3.42,44.33,41.05,1473.46,
9176,2007,2.18,43.76,39.9,1518.31,
9176,2008,1.64,42.07,39.95,1571.31,
9176,2009,2.21,40.18,41.52,1563.07,
9176,2010,1.92,41.06,39.52,1646.57,0.43
9176,2011,1.43,46.26,43.47,1741.21,0.38
9176,2012,1.25,51.45,44.06,1834.04,0.36
9176,2013,1.3,50.56,45.85,1865.35,0.33
9176,2014,1.36,54.53,45.66,1906.81,2.73
9176,2015,1.29,61.3,49.87,1941.35,13.34
9176,2016,1.38,63.86,51.17,1960.9,12.78
9176,2017,1.45,53.72,49.85,1983.05,9.77
9176,2018,1.29,53.42,50,2046.14,8.64
9176,2019,1.35,52.14,50.55,2112.61,8.01
9176,2020,1.96,46.11,45.31,,7.21
9176,1995,,47.52,36.65,,
9176,1996,,43.41,37.75,,
9176,1997,,43.14,36.72,,
9177,1998,4.04,57.78,43.73,,
9177,1999,3.55,61.94,43.56,,
9177,2000,3.12,60.75,43.37,1358.97,
9177,2001,2.82,54.91,41.29,1444.77,
9177,2002,3.5,49.21,42.3,1447.8,
9177,2003,4.15,50.58,41.52,1475.87,
9177,2004,4.05,49.4,40.84,1526.23,
9177,2005,4.33,44.9,38.85,1550.38,
9177,2006,3.93,45.44,42.24,1583.82,
9177,2007,3.16,46.41,40.16,1615.67,
9177,2008,2.42,45,41.41,1664.88,
9177,2009,2.78,42.92,38.04,1638.4,
9177,2010,2.73,42.22,38.31,1710.92,0.06
9177,2011,2.16,47.91,39.72,1802.84,0.08
9177,2012,1.98,54.47,43.14,1887.93,0.95
9177,2013,2.1,56.61,43.11,1890.01,2.11
9177,2014,2.13,56.53,46.75,1935.4,4.05
9177,2015,1.96,60.26,47.66,1944.12,15.22
9177,2016,1.9,62.24,48.4,2005.57,7.62
9177,2017,1.81,56,47.54,2083.2,5.33
9177,2018,1.76,56.03,52.27,2145.25,4.71
9177,2019,1.8,57.95,55.06,2207.82,5.38
9177,2020,2.48,55.51,50.83,,5.51
9177,1995,,61.69,44.75,,
9177,1996,,57.13,40.75,,
9177,1997,,56.99,42.64,,
9178,1998,4.14,63.22,57.08,,
9178,1999,3.41,63.13,54.1,,
9178,2000,2.63,67.32,55.89,1441.67,
9178,2001,2.63,77.21,61.94,1511.91,
9178,2002,3.47,69.01,62.09,1495.79,
9178,2003,4.37,62.33,60.36,1522.01,
9178,2004,4.29,59.67,56.12,1556.05,
9178,2005,4.3,58.29,53.46,1564.42,
9178,2006,3.67,60.25,52.3,1576.63,
9178,2007,3.18,63,52.8,1590.07,
9178,2008,2.46,58.56,56.04,1635.02,
9178,2009,3.28,54.11,57.17,1617.2,
9178,2010,3.08,57.01,54.41,1682.53,0.04
9178,2011,2.14,67.31,58.54,1789.23,0.15
9178,2012,2.26,70.67,60.56,1827.56,0.85
9178,2013,2.5,75.49,62.32,1829.56,1.75
9178,2014,2.42,75.29,70.15,1866.01,2.73
9178,2015,2.15,81.91,68.08,1893.21,3.11
9178,2016,2.15,84.78,72.97,1948.85,10.6
9178,2017,2.06,75.14,66.27,1996.59,6.78
9178,2018,1.98,72.64,69.03,2058.1,6.04
9178,2019,2.05,74.94,72.32,2113.63,5.65
9178,2020,2.78,67.25,66.65,,5.41
9178,1995,,69.19,57.1,,
9178,1996,,64.64,54.48,,
9178,1997,,63.59,55.08,,
9179,1998,5.3,53.56,49.16,,
9179,1999,5.05,53.6,44.39,,
9179,2000,4.01,51.9,43.24,1615.61,
9179,2001,3.5,53.08,41.01,1675.39,
9179,2002,4.45,51.12,45.04,1659.74,
9179,2003,5.26,49.71,47.71,1686.78,
9179,2004,5.34,47.23,43.66,1721.54,
9179,2005,5.44,47.55,43.73,1741.95,
9179,2006,4.98,46.48,43.63,1770.86,
9179,2007,4.2,47.03,43.91,1800.82,
9179,2008,3.4,46.38,42.91,1845.99,
9179,2009,3.78,49.02,42.68,1801.3,
9179,2010,3.74,48.42,40.84,1860.52,0.32
9179,2011,3.27,53.12,42.33,1958.94,0.36
9179,2012,3.06,53.7,43.57,1993,0.68
9179,2013,3.1,57.57,43.54,1996.18,1.54
9179,2014,3.17,58.01,49.35,2011.72,2.35
9179,2015,3.04,63.69,48.61,2075.8,4.81
9179,2016,2.72,72.95,55.15,2089.94,11.05
9179,2017,2.58,60.55,56.72,2146.97,7.65
9179,2018,2.5,64.39,58.63,2208.18,7.58
9179,2019,2.46,61.31,61.9,2274.39,6.53
9179,2020,3.32,55.19,56.88,,6.03
9179,1995,,53.76,51.27,,
9179,1996,,51.42,48.8,,
9179,1997,,50.02,48.68,,
9180,1998,5.14,58.13,54.49,,
9180,1999,4.53,54.72,50.89,,
9180,2000,3.85,53.92,47.3,1431.26,
9180,2001,3.76,55.94,44.61,1497.49,
9180,2002,4.19,54.35,48.73,1476.14,
9180,2003,5.27,47.14,46.32,1529.81,
9180,2004,5.39,46.48,47.5,1569.66,
9180,2005,6.05,49.03,41.46,1587.7,
9180,2006,5.63,44.68,46.5,1628.94,
9180,2007,4.61,47.45,44.87,1646.24,
9180,2008,4.16,46.24,45.85,1721.47,
9180,2009,4.37,47.14,45.66,1711.94,
9180,2010,4.4,48.74,44.3,1796.05,0.01
9180,2011,3.9,52.38,45.69,1914.66,0.11
9180,2012,3.71,54.33,45.05,1829.08,0.67
9180,2013,4,61.34,50.01,1863.67,2.35
9180,2014,3.71,64.33,55.51,1894.39,4.35
9180,2015,3.62,68.95,48.45,1990.26,3.72
9180,2016,3.7,74.46,68.39,1983.45,9.78
9180,2017,3.39,60.42,54.02,2094.81,7.44
9180,2018,2.89,61.15,54.78,2159.46,7.49
9180,2019,2.67,57.89,54.49,2207.12,8.38
9180,2020,3.61,52.96,50.23,,8.33
9180,1995,,60.56,54.8,,
9180,1996,,57.11,55.25,,
9180,1997,,56.59,53.81,,
9181,1998,5.15,69.03,58.91,,
9181,1999,4.43,70.5,61.6,,
9181,2000,3.51,62.56,49.33,1580.21,
9181,2001,3.17,66.93,53.2,1648.84,
9181,2002,3.75,54.31,42.77,1553.23,
9181,2003,5.05,51.2,40.53,1536.54,
9181,2004,5.26,48.41,41.53,1552.61,
9181,2005,6.06,50.11,43.88,1597.82,
9181,2006,5.55,45.47,44.1,1662.14,
9181,2007,4.15,47.56,39.62,1708.49,
9181,2008,3.07,45.24,42.02,1744.07,
9181,2009,3.67,43.73,40.26,1686.22,
9181,2010,3.53,43.11,38.69,1736.79,0.03
9181,2011,2.94,46.35,41.11,1850.59,0.17
9181,2012,2.72,48.1,41.73,1898.5,0.82
9181,2013,2.9,47.48,41.17,1915.76,2.13
9181,2014,2.97,53.08,43,1960.12,3.45
9181,2015,2.85,56.79,43.21,2006.2,7.62
9181,2016,3.05,55.34,43.93,2060.46,9.64
9181,2017,2.69,46.66,43.18,2157.86,3.78
9181,2018,2.28,50.99,43.61,2220.57,3.42
9181,2019,2.18,47.69,44.96,2282.88,3.82
9181,2020,3.03,49.35,43.03,,4.92
9181,1995,,73.04,60.33,,
9181,1996,,67.06,59.09,,
9181,1997,,65.48,59.34,,
9182,1998,4.76,47.63,43.1,,
9182,1999,4.28,52.06,42.98,,
9182,2000,3.83,53.91,43.71,1750.51,
9182,2001,3.73,54.58,42.29,1825.21,
9182,2002,4.23,51.72,44.13,1756.12,
9182,2003,5.46,48.06,43.38,1790.52,
9182,2004,5.27,44.47,41.67,1819.69,
9182,2005,5.28,52.56,40.73,1898.41,
9182,2006,5.31,46.74,44.82,2013.8,
9182,2007,4.29,45.09,41.6,2106.36,
9182,2008,3.62,47.18,45.74,2099.59,
9182,2009,3.84,45.96,41.99,1976.25,
9182,2010,3.8,45.47,41.76,2002.63,0
9182,2011,3.17,50.13,44.15,2141.21,0.35
9182,2012,2.86,54.13,43.2,2259.91,0.8
9182,2013,2.9,58.84,43.22,2309.18,2.14
9182,2014,2.89,59.67,50.46,2234.11,3.54
9182,2015,2.7,64.88,47.72,2277.63,31.72
9182,2016,2.79,61.65,55.4,2334,7.11
9182,2017,2.55,53.5,48.49,2832.37,4.48
9182,2018,2.34,55.59,48.11,2903.29,4.07
9182,2019,2.18,55.66,50.31,2962.35,4.09
9182,2020,2.88,49.83,44.95,,3.54
9182,1995,,46.86,46.07,,
9182,1996,,47.88,41.38,,
9182,1997,,48.53,46.34,,
9183,1998,6.44,36.99,34.25,,
9183,1999,6.24,38.24,32.43,,
9183,2000,5.2,37.92,30.63,1323.24,
9183,2001,5.08,42.18,29.34,1376.66,
9183,2002,6.12,38.51,29.75,1365.91,
9183,2003,7.14,35.89,31.13,1403.91,
9183,2004,7.42,34.65,32.28,1449.84,
9183,2005,8.3,33.34,31.03,1471.55,
9183,2006,7.38,35.2,36.35,1513.85,
9183,2007,5.8,36.68,35.09,1557.76,
9183,2008,4.65,36.71,36.35,1602.51,
9183,2009,5.05,38.42,35.56,1565.23,
9183,2010,4.38,37.3,33.96,1620.41,0.01
9183,2011,3.88,45.21,38.57,1744.38,0.55
9183,2012,3.69,48.2,39.85,1814.1,0.48
9183,2013,3.9,53.07,40.93,1813.68,1.78
9183,2014,4.03,58.71,47.37,1833.67,2.85
9183,2015,3.92,62.28,43.63,1852.15,8.9
9183,2016,3.8,67.03,53.52,1914.54,10.25
9183,2017,3.59,59.15,46.64,1957.52,7.49
9183,2018,3.1,61.72,52.92,2010.73,7.05
9183,2019,3.01,58.94,52.33,2063.06,6.21
9183,2020,3.74,54.23,45.29,,5.24
9183,1995,,40.13,32.95,,
9183,1996,,39.19,31.93,,
9183,1997,,38.31,34.27,,
9184,1998,4.58,82.17,73.36,,
9184,1999,4.36,86.22,73.5,,
9184,2000,3.64,85.73,68.4,1951.55,
9184,2001,3.05,84.24,69.65,2054.7,
9184,2002,3.76,80.4,71.65,1989.26,
9184,2003,4.64,77.41,75.03,2034.47,
9184,2004,4.43,77.25,70.31,2064.64,
9184,2005,4.84,77.72,69.18,2144.23,
9184,2006,4.19,77.56,70.64,2226.73,
9184,2007,3.6,78.67,67.28,2280.23,
9184,2008,3.01,76.19,70.44,2296.69,
9184,2009,3.5,72.73,67.16,2195.64,
9184,2010,3.27,72.25,62.53,2241.77,0.28
9184,2011,2.78,80.94,65.56,2368.86,0.32
9184,2012,2.89,81.81,67.79,2403.06,0.69
9184,2013,3,81.25,68.94,2400.78,1.52
9184,2014,3,79.83,72.19,2410.47,2.45
9184,2015,2.87,89.36,69.1,2438.93,2.83
9184,2016,2.78,85.37,77.47,2494.8,7.75
9184,2017,2.64,80.68,72.67,2560.93,5.95
9184,2018,2.44,80.75,73.69,2632.36,4.83
9184,2019,2.21,79.81,75.29,2689.49,4.46
9184,2020,3.07,72.37,73.29,,4.28
9184,1995,,80.16,78.14,,
9184,1996,,78.6,73.94,,
9184,1997,,78.92,74.32,,
9185,1998,6.03,34.65,31.08,,
9185,1999,5.19,35.3,30.02,,
9185,2000,4.48,35.79,30.61,1266.78,
9185,2001,4.43,39.98,29.15,1335.92,
9185,2002,4.83,37.14,31.32,1332.53,
9185,2003,5.2,33.6,31.34,1367.58,
9185,2004,5.03,31.76,30.3,1415.11,
9185,2005,5.72,30.48,31.07,1440.29,
9185,2006,4.5,31.76,33.56,1483.33,
9185,2007,3.39,32.7,31.05,1528.87,
9185,2008,2.52,34.87,33.1,1569.63,
9185,2009,2.79,35.25,32.9,1540.58,
9185,2010,2.55,34.79,32.57,1605.9,4.87
9185,2011,2.18,39.01,32.86,1686.75,5.02
9185,2012,2.1,43.96,35.56,1726.45,4.76
9185,2013,2.3,47.99,38.32,1758.54,5.13
9185,2014,2.21,50.14,41.51,1805.48,5.1
9185,2015,1.98,57.61,44.86,1848.35,25.28
9185,2016,2.04,57.05,46.54,1922.78,8.74
9185,2017,2.11,48.26,44.59,1969.25,5.28
9185,2018,1.88,47.38,42.29,2026.01,5.07
9185,2019,1.95,51.26,44.29,2085.71,4.66
9185,2020,2.55,43.6,38.38,,4.25
9185,1995,,41.85,30.91,,
9185,1996,,35.32,28.56,,
9185,1997,,34.3,31.49,,
9186,1998,6.49,46.21,40.65,,
9186,1999,5.75,49.77,36.59,,
9186,2000,5.08,47.94,38.94,1382.56,
9186,2001,4.73,49.92,38.85,1484.19,
9186,2002,5.06,44.78,39.05,1474.62,
9186,2003,5.75,41.86,37.35,1507.71,
9186,2004,5.11,44.8,37.79,1541.73,
9186,2005,5.09,40.55,37.21,1569.48,
9186,2006,4.24,39.22,38.04,1612.49,
9186,2007,2.9,41.6,39.36,1655.33,
9186,2008,2.2,44.81,42.12,1705.23,
9186,2009,2.82,40.96,38.66,1680.76,
9186,2010,2.71,41.66,38.56,1754.41,0.01
9186,2011,2.15,48.75,41.98,1844.8,0.17
9186,2012,1.99,55.29,43.29,1885.72,0.74
9186,2013,2.1,56.71,43.75,1903.31,1.95
9186,2014,2.13,63.25,51.19,1993.06,3.03
9186,2015,1.94,69.55,49.98,2037.73,12.3
9186,2016,1.84,65.44,59.26,2073.66,7.39
9186,2017,1.82,63.12,55.01,2138.32,6.65
9186,2018,1.64,63.31,56.81,2201.53,6.8
9186,2019,1.65,67.19,59.28,2253.73,6.05
9186,2020,2.28,61,53.02,,5.61
9186,1995,,52.62,41.62,,
9186,1996,,46.78,38.42,,
9186,1997,,46.25,38.91,,
9187,1998,5.21,45.44,39.84,,
9187,1999,4.58,49.16,37.36,,
9187,2000,3.7,48.61,36.84,1413,
9187,2001,3.52,50.41,35.8,1473.7,
9187,2002,4.19,49.16,38.76,1461.85,
9187,2003,5.44,44.79,39.74,1515.87,
9187,2004,5.16,44.59,38.66,1562.09,
9187,2005,6,45.22,36.56,1648.95,
9187,2006,5.28,42.37,41.96,1780.86,
9187,2007,4.07,44.39,38.2,1905.42,
9187,2008,3.22,42.75,40.33,1855.78,
9187,2009,3.62,42.91,38.78,1739.17,
9187,2010,3.38,43.56,38.05,1737.07,0
9187,2011,2.85,46.04,38.93,1853.86,0.07
9187,2012,2.81,48.91,40.41,1880.24,0.5
9187,2013,2.8,55.25,42.99,1928.24,1.52
9187,2014,2.79,56.66,47.68,1948.47,2.24
9187,2015,2.71,63.03,45.33,1989.87,7.44
9187,2016,2.54,58.7,51.63,2059.66,7.34
9187,2017,2.46,52.69,43.58,2101.62,5.61
9187,2018,2.28,51.75,44.54,2163,4.58
9187,2019,2.21,48.38,45.07,2220.27,4.33
9187,2020,2.97,44.99,40.11,,4.51
9187,1995,,51.63,41.23,,
9187,1996,,46.95,38.56,,
9187,1997,,46.96,39.12,,
9188,1998,4.47,65.28,57.67,,
9188,1999,4.47,69.47,58.42,,
9188,2000,3.69,71.68,57.24,2366.47,
9188,2001,3.11,70.75,57.85,2417.68,
9188,2002,3.88,66.78,60.03,2305.64,
9188,2003,4.73,62.95,61.59,2342.68,
9188,2004,4.21,60.3,56.15,2358.17,
9188,2005,4.64,62.98,56.25,2444.15,
9188,2006,4.15,60.84,62.28,2553.57,
9188,2007,3.41,61.21,55.63,2603.2,
9188,2008,2.87,59.69,56.71,2630.27,
9188,2009,3.15,58.46,55.96,2509.97,
9188,2010,3.05,55.82,52.44,2574.39,0.01
9188,2011,2.69,67.26,55.62,2759.88,0.14
9188,2012,2.83,67.18,55.35,2754.08,0.86
9188,2013,2.9,66.42,56,2740.54,1.62
9188,2014,3.03,69.03,60.63,2797.6,2.48
9188,2015,2.94,76.62,62.57,2986.89,9.76
9188,2016,3.01,74.41,64.04,2844.79,11.9
9188,2017,2.78,65.28,57.96,3063.44,8.84
9188,2018,2.5,65.1,59.83,3154.82,8.02
9188,2019,2.38,65.12,59.42,3202.32,7.43
9188,2020,3.26,61.72,59.39,,6.92
9188,1995,,65.74,58.91,,
9188,1996,,60.96,55.48,,
9188,1997,,60.71,56.96,,
9189,1998,5.72,35.01,31.03,,
9189,1999,5.28,35.29,29.57,,
9189,2000,4.27,36.71,30.56,1321.78,
9189,2001,4.17,37.98,29.72,1406.93,
9189,2002,4.83,36.42,30.74,1395.12,
9189,2003,5.3,35.58,30.46,1432.6,
9189,2004,5.13,32.48,30.33,1468.95,
9189,2005,6.03,33.75,29.18,1492.57,
9189,2006,5.1,33.23,34.25,1536.79,
9189,2007,3.83,33.19,30.44,1570.46,
9189,2008,3.31,33.43,32.08,1630.3,
9189,2009,4.14,32.14,29.85,1612.84,
9189,2010,3.6,33.03,30.08,1689.25,0.96
9189,2011,3.16,36.72,31.76,1777.78,1.07
9189,2012,2.95,37.94,31.37,1827.63,1.04
9189,2013,3.2,42.29,34.91,1854.42,2.21
9189,2014,3.07,47.08,36.27,1897.94,4.71
9189,2015,3.03,50.81,35.52,1909.59,2.37
9189,2016,2.97,48.37,38.59,1955.43,11.58
9189,2017,2.9,41.76,34.97,2051.25,6.46
9189,2018,2.69,43.4,36.42,2107.38,5.64
9189,2019,2.58,41.06,37.64,2165.28,5.18
9189,2020,3.2,36.34,32.02,,4.2
9189,1995,,40.64,31.66,,
9189,1996,,37.67,29.6,,
9189,1997,,36.33,31.92,,
9190,1998,4.87,40.87,33.46,,
9190,1999,4.48,42.26,33.33,,
9190,2000,3.67,43.88,33.76,1387.81,
9190,2001,3.4,44.86,33.71,1435.15,
9190,2002,3.83,43.08,34,1442.22,
9190,2003,4.64,39.32,34.77,1495.92,
9190,2004,4.69,37.3,34.15,1554.46,
9190,2005,5.84,39.71,35.73,1572.97,
9190,2006,5.64,36.33,38.17,1611.87,
9190,2007,4.29,38.55,33.51,1632.91,
9190,2008,3.06,36.45,38.11,1690.83,
9190,2009,3.48,35.06,34.08,1670.46,
9190,2010,3.12,35.1,33.03,1738.56,0.36
9190,2011,2.71,38.82,34.78,1845.34,0.33
9190,2012,2.59,40.54,35.85,1825.87,0.32
9190,2013,2.8,45.26,37.38,1848.62,1.47
9190,2014,2.86,45.99,39.2,1886.95,1.3
9190,2015,2.83,53.23,38.94,1950.89,1.29
9190,2016,2.64,50.16,41.51,2022.71,11.01
9190,2017,2.56,44.36,40.04,2105.55,6.96
9190,2018,2.29,47.65,38.63,2161.14,6.53
9190,2019,2.13,42.83,40.06,2226.73,5.45
9190,2020,2.88,43.29,36.46,,5.62
9190,1995,,45.89,35.25,,
9190,1996,,41.5,31.47,,
9190,1997,,42.48,34.73,,
9261,1998,7.25,69.31,69.5,,
9261,1999,6.84,69.3,64.87,,
9261,2000,5.66,70.85,63.89,1532.44,
9261,2001,5.59,75.51,59.6,1545.08,
9261,2002,6.58,74.17,62.47,1550.48,
9261,2003,7.4,70.2,63.27,1593.41,
9261,2004,7.42,69.68,61.85,1625.13,
9261,2005,9.04,78.88,61.5,1628.27,
9261,2006,8.53,80.76,68.15,1646.6,
9261,2007,6.36,80.92,68.45,1661.87,
9261,2008,5.22,78.22,75.42,1707.7,
9261,2009,5.95,78.68,72.97,1698.28,
9261,2010,5.44,84.21,72.39,1760.48,2.83
9261,2011,4.76,89.83,72,1803.59,2.77
9261,2012,4.69,91.3,73.59,1856.2,2.57
9261,2013,4.8,89.65,72.67,2041.25,2.66
9261,2014,4.97,92.62,71.66,1916.33,2.73
9261,2015,4.93,102.87,76.32,1959.72,4.12
9261,2016,4.58,101.29,89.05,1987.25,3.87
9261,2017,4.23,95.09,76.17,2071.83,4.97
9261,2018,4.13,100.95,83.9,2112.79,6.56
9261,2019,4.21,97.81,83.73,2142.08,6.13
9261,2020,4.98,78.94,82.12,,5.95
9261,1995,,67.92,67.56,,
9261,1996,,66.07,64.38,,
9261,1997,,67.2,72.61,,
9262,1998,9.58,66.2,67.38,,
9262,1999,9.06,68.36,64.09,,
9262,2000,7.91,71.34,62.41,1331.62,
9262,2001,7.05,70.14,63.27,1403.17,
9262,2002,7.72,68.98,61.82,1402.65,
9262,2003,9.08,67.62,65.66,1451.9,
9262,2004,9.05,67.1,65.44,1486.01,
9262,2005,10.98,71.63,64.48,1458.94,
9262,2006,9.9,68.42,64.57,1459.92,
9262,2007,8.27,71.28,64.62,1450.1,
9262,2008,6.4,71.34,67.87,1472.86,
9262,2009,7.71,72.93,69.03,1441.1,
9262,2010,7.31,70.66,66.96,1474.96,2.08
9262,2011,6.04,73.61,69.53,1589.33,3.43
9262,2012,5.48,79.69,68.07,1665.34,3.26
9262,2013,5.6,85.8,73.38,1652.23,3.58
9262,2014,5.24,86.72,72.91,1652.66,3.84
9262,2015,5.45,90.26,73.47,1696.8,68.41
9262,2016,5.18,96.59,83.43,1711.04,4.88
9262,2017,4.63,96.68,77.42,1768.91,5.48
9262,2018,4.19,96.63,80.75,1805.53,6.02
9262,2019,4.24,90.94,81.55,1839.59,5.98
9262,2020,5.58,76.09,79.65,,7.06
9262,1995,,63.22,67.56,,
9262,1996,,66.3,64.96,,
9262,1997,,65.41,70.06,,
9263,1998,9.21,62.26,65.09,,
9263,1999,8.73,61.29,60.58,,
9263,2000,6.8,65.64,59.03,1343.82,
9263,2001,6.75,64.9,53.25,1390.78,
9263,2002,7.6,59.37,53.53,1407.61,
9263,2003,8.46,61.27,54.17,1464.33,
9263,2004,8.79,65.3,57.02,1521.99,
9263,2005,11.15,61.88,59.13,1537.9,
9263,2006,10.26,60.42,59.43,1559.49,
9263,2007,8.07,67.36,60.55,1567.45,
9263,2008,5.96,60.75,59.67,1617.76,
9263,2009,7.16,62.53,56.82,1585.96,
9263,2010,6.38,57.46,53.57,1631.1,0
9263,2011,5.55,69.82,57.88,1694.87,0
9263,2012,5.35,72.71,57.38,1748.8,1
9263,2013,5.7,74.39,60.72,1706.96,2.68
9263,2014,5.75,81.95,66.59,1734.7,4.04
9263,2015,5.68,89.77,69.84,1739.72,18.29
9263,2016,5.6,87.82,73.52,1781.31,6.96
9263,2017,4.62,82.82,70.02,1987.82,6.45
9263,2018,4.3,76.79,70.49,2050.27,5.36
9263,2019,4.46,81.67,79.39,2089.02,6.15
9263,2020,5.67,72.33,73.01,,5.36
9263,1995,,69.47,57.41,,
9263,1996,,61.62,53.75,,
9263,1997,,60.6,59.39,,
9271,1998,7.32,45.12,39.96,,
9271,1999,7.04,40.98,35.13,,
9271,2000,6.04,42.77,40.65,1188.52,
9271,2001,5.93,42.09,33.04,1238.37,
9271,2002,6.81,39.95,36.24,1243.94,
9271,2003,7.43,34.86,33.65,1281.93,
9271,2004,7.38,35.97,32.46,1312.9,
9271,2005,8.51,37.22,34.59,1343.27,
9271,2006,7.38,37.65,35.72,1388.01,
9271,2007,5.43,36.8,34.24,1434.47,
9271,2008,4.27,33.43,33.55,1474.09,
9271,2009,5.21,35.52,36.03,1454.94,
9271,2010,4.66,37.92,33.84,1506.52,2.21
9271,2011,3.66,40.62,35.64,1601.32,2.39
9271,2012,3.53,40.36,37.55,1736.99,1.96
9271,2013,3.3,45.44,36.91,1672.28,1.98
9271,2014,3.12,45.32,40,1719.16,0.89
9271,2015,3.1,49.72,39.44,1750.53,10.24
9271,2016,3.29,51.9,42.61,1835.65,3.66
9271,2017,2.8,62.13,49.38,1949.25,5.33
9271,2018,2.68,51.99,44.67,2009.17,4.15
9271,2019,2.65,52.03,49.29,2063.9,3.98
9271,2020,3.33,48.01,44.22,,4.73
9271,1995,,49.81,40.51,,
9271,1996,,44.71,38.13,,
9271,1997,,41.94,37.37,,
9272,1998,8.75,25.97,25.72,,
9272,1999,7.8,26.76,25.37,,
9272,2000,6.79,24.42,24.81,1061.02,
9272,2001,6.95,24.81,23.25,1114.36,
9272,2002,8.42,23.61,24.12,1120.22,
9272,2003,9.79,23.95,24.39,1153.83,
9272,2004,9.36,21.59,24.82,1190.81,
9272,2005,9.47,21.6,23.41,1216.14,
9272,2006,8.73,19.72,26.66,1264.55,
9272,2007,6.24,20.79,22.41,1308.87,
9272,2008,4.57,23.07,25.27,1341.97,
9272,2009,5.16,22.56,22.61,1321.49,
9272,2010,4.9,22.94,23.14,1363.99,1.93
9272,2011,4.28,26.17,23.76,1439.31,1.97
9272,2012,3.9,25.26,25.17,1506.34,1.57
9272,2013,3.9,26.37,25.25,1543.33,1.79
9272,2014,3.85,32.06,25.04,1571.71,7.64
9272,2015,3.72,32.3,25.55,1625.26,9.45
9272,2016,3.44,42.47,33.61,1743.86,5.87
9272,2017,2.98,41.48,36.67,1768.06,4.06
9272,2018,2.65,34.38,29.98,1829.51,3.83
9272,2019,2.54,34.54,30.24,1887.39,4.57
9272,2020,3.22,32.31,27.57,,4.15
9272,1995,,30.3,25.16,,
9272,1996,,24.55,26.47,,
9272,1997,,26.13,24.52,,
9273,1998,6.16,42.95,34.94,,
9273,1999,5.6,39.78,33,,
9273,2000,4.9,39.21,33.28,1260.66,
9273,2001,4.41,43.02,31.43,1329.52,
9273,2002,4.91,40.59,31.6,1328.22,
9273,2003,5.53,37.67,30.86,1369.96,
9273,2004,5.32,32.19,31.73,1425.43,
9273,2005,6.24,37.84,35.3,1451.09,
9273,2006,5.64,32.77,34.94,1499.97,
9273,2007,4.28,33.53,31.56,1543.05,
9273,2008,3.26,36.33,35.81,1589.78,
9273,2009,4.06,33.04,32.86,1562.27,
9273,2010,3.56,32.89,31.9,1625.88,0.53
9273,2011,2.84,39.38,32.95,1705.27,0.65
9273,2012,2.85,42.42,35.06,1745.85,1.16
9273,2013,2.9,46.31,35.23,1763.1,1.52
9273,2014,2.75,50.91,39.62,1804.46,3.49
9273,2015,2.58,62.36,40.3,1827.65,10.71
9273,2016,2.83,63.12,47.15,1873.95,4.77
9273,2017,2.56,52.91,42.8,1936.9,2.55
9273,2018,2.35,51.82,43.57,1991.35,2.89
9273,2019,2.34,52.99,46.76,2043.41,3.4
9273,2020,2.95,45.98,42.39,,3.16
9273,1995,,45.54,32.24,,
9273,1996,,45.64,29.92,,
9273,1997,,41.17,33.79,,
9274,1998,5.2,43.73,37.68,,
9274,1999,4.91,46.92,35.4,,
9274,2000,4.09,48.28,37.62,1241.86,
9274,2001,3.98,50.28,37.95,1312.88,
9274,2002,4.36,46.29,38.09,1316.53,
9274,2003,4.91,44.57,39.09,1368.09,
9274,2004,4.89,41.91,37.49,1425.79,
9274,2005,5.41,38.76,37.72,1449.47,
9274,2006,4.66,37.54,38.59,1492.92,
9274,2007,3.26,39.61,38.39,1536.92,
9274,2008,2.88,39.43,38.78,1597.25,
9274,2009,3.34,36.4,37.54,1587.46,
9274,2010,2.99,38.34,36.24,1668.75,0
9274,2011,2.46,43.68,38.53,1764.9,0
9274,2012,2.45,45.85,38.42,1807.88,1.23
9274,2013,2.6,49.58,39.69,1821.02,1.98
9274,2014,2.7,53.83,44.05,1841.2,3.57
9274,2015,2.71,61.81,44.04,1862.04,7.45
9274,2016,2.82,58.99,49.28,2005.15,3.99
9274,2017,2.53,57.05,46.26,2002.28,4.43
9274,2018,2.42,56.3,47.54,2047.59,4.08
9274,2019,2.45,56.37,48.67,2102.08,4.88
9274,2020,3.02,52.03,43.82,,4.34
9274,1995,,50.89,36.52,,
9274,1996,,45.74,35.93,,
9274,1997,,45.84,34.28,,
9275,1998,8.75,30.69,28.64,,
9275,1999,8.06,31.93,26.86,,
9275,2000,6.96,30.9,27.03,1148.56,
9275,2001,6.78,30.63,25.82,1207.54,
9275,2002,7.47,29.58,25.34,1201.39,
9275,2003,8.43,29.68,26.38,1236.47,
9275,2004,8.36,28.41,24.83,1281.49,
9275,2005,9.2,28.48,26.21,1314.8,
9275,2006,7.99,25.76,27.1,1383.82,
9275,2007,5.79,27.83,25.78,1440.46,
9275,2008,4.46,26.89,27.74,1458.27,
9275,2009,5.35,27.19,26.39,1417.29,
9275,2010,5.03,27.75,26.33,1452.26,0.64
9275,2011,4.17,30.99,26.72,1543,0.64
9275,2012,3.86,32.81,27.94,1607.5,1.45
9275,2013,3.8,36.06,28.82,1636.47,1.87
9275,2014,3.7,37.31,31.14,1670.79,3.95
9275,2015,3.66,47.09,32.96,1707.14,4.31
9275,2016,3.6,44.54,37.55,1761.6,3.77
9275,2017,3.25,45.06,33.63,1833.58,4.75
9275,2018,2.89,45.27,34.58,1886,5.97
9275,2019,2.79,42.43,36.11,1943.07,5.95
9275,2020,3.58,40.04,32.64,,5.76
9275,1995,,39.13,29.06,,
9275,1996,,33.73,28.52,,
9275,1997,,30.68,27.89,,
9276,1998,7.29,30.84,30.88,,
9276,1999,6.75,30.35,28.86,,
9276,2000,6.07,28.17,28.31,1080.73,
9276,2001,6.32,31.2,27.83,1141.34,
9276,2002,7.5,27.92,27.58,1144.91,
9276,2003,7.81,23.54,25.69,1179.68,
9276,2004,7.45,19.01,21.21,1213.59,
9276,2005,8.64,20.05,22.37,1228.94,
9276,2006,7.65,20.88,25.2,1264.03,
9276,2007,5.78,19.86,23.49,1303.47,
9276,2008,4.92,20.78,22.79,1351.73,
9276,2009,4.98,20.36,21.52,1345.16,
9276,2010,4.63,20.67,21.35,1402.12,0.86
9276,2011,4.14,21.88,23.1,1500.81,0.98
9276,2012,3.82,25.56,23.73,1551.06,0.42
9276,2013,3.8,25.58,22.25,1578.38,1.4
9276,2014,3.71,28.06,23.73,1611.26,5.34
9276,2015,3.67,39.2,27.59,1649.05,10.38
9276,2016,4.21,43.3,29.01,1711.65,4.73
9276,2017,3.62,35.26,27.89,1767.67,4.25
9276,2018,3.23,34.29,27.93,1826.11,3.91
9276,2019,3.05,31.56,31.17,1886.59,3.76
9276,2020,3.69,31.03,27.56,,3.56
9276,1995,,36.95,31.84,,
9276,1996,,31.53,28.83,,
9276,1997,,31.51,28.57,,
9277,1998,6.63,29.46,25.56,,
9277,1999,5.95,29.91,24.52,,
9277,2000,5.05,31.75,26.89,1201.47,
9277,2001,5.15,32.79,24.1,1253.72,
9277,2002,5.72,29.91,25.63,1255.38,
9277,2003,6.4,30.52,26.04,1301.73,
9277,2004,6.53,26.64,24.96,1361.55,
9277,2005,7.16,26.22,24.99,1383.97,
9277,2006,6.38,26.72,28.98,1430.89,
9277,2007,4.91,28.59,27.27,1477.47,
9277,2008,3.9,27.43,26.34,1520.37,
9277,2009,4.28,27.06,28.05,1490.67,
9277,2010,3.8,27.73,26.51,1549.37,0.01
9277,2011,3.41,32.35,28.19,1636.32,0.05
9277,2012,3.27,36.14,27.79,1681.44,1.36
9277,2013,3.5,35.78,30.09,1709.26,1.69
9277,2014,3.48,39.64,32.15,1748.98,3.41
9277,2015,3.49,46.52,34.48,1782.5,6.48
9277,2016,3.58,42.24,34.5,1898.85,4.51
9277,2017,3,42.48,33.34,1928.19,5.06
9277,2018,2.87,41.12,35.17,1984.33,3.89
9277,2019,2.96,45,34.79,2028.88,3.58
9277,2020,3.67,40.13,33.14,,3.24
9277,1995,,33.87,26.65,,
9277,1996,,33.36,27.34,,
9277,1997,,30.35,27.92,,
9278,1998,6.01,42.35,35.33,,
9278,1999,5.66,41.72,32.99,,
9278,2000,4.76,40.34,35,1144.03,
9278,2001,4.85,39.64,31.69,1199.24,
9278,2002,5.2,39.27,30.97,1203.94,
9278,2003,5.64,36.27,30.17,1249.04,
9278,2004,5.67,35.46,31.77,1315.6,
9278,2005,6.9,31.62,32.04,1336.26,
9278,2006,5.79,34.72,34.96,1375.53,
9278,2007,4.37,34.7,33.71,1419.83,
9278,2008,3.31,34.85,34.92,1464.39,
9278,2009,3.84,33.85,33.58,1437.6,
9278,2010,3.48,34.73,33.45,1502.62,0.55
9278,2011,2.81,42.07,38.28,1601.38,0.61
9278,2012,2.79,46.27,39.82,1653.47,1.3
9278,2013,2.9,51.46,43.85,1694.95,1.56
9278,2014,2.8,51.84,44,1729.97,3.11
9278,2015,2.9,57.41,47.53,1804.76,5.1
9278,2016,2.95,55.89,45.61,1868.55,3.54
9278,2017,2.45,50.57,43.83,1950.14,3.26
9278,2018,2.33,52.71,44.1,1998.82,4.07
9278,2019,2.45,51.96,46.06,2054.32,3.86
9278,2020,2.96,47.42,40.34,,3.44
9278,1995,,45.74,34.78,,
9278,1996,,41.43,33.57,,
9278,1997,,41.66,31.39,,
9279,1998,5.53,34.92,28.29,,
9279,1999,5.16,35.61,28.86,,
9279,2000,4.03,34.02,30.39,1267.74,
9279,2001,3.7,37.35,30.36,1332.43,
9279,2002,4.12,41.93,34.16,1326.26,
9279,2003,4.35,35,32.19,1359.9,
9279,2004,4.25,31.84,31.56,1412.31,
9279,2005,4.96,28.08,29.51,1435.48,
9279,2006,4.56,29.51,32.33,1479.93,
9279,2007,3.49,30.15,30.49,1533.63,
9279,2008,3.17,28.35,31.58,1578.88,
9279,2009,3.91,26.48,29.08,1542.96,
9279,2010,3.51,33.73,29.13,1592.89,0.86
9279,2011,2.68,42.48,35.81,1662.75,0.82
9279,2012,2.4,46.5,36.84,1780.47,1.61
9279,2013,2.5,54.84,39.51,1799.18,1.91
9279,2014,2.72,57.37,46.94,1843.77,3.48
9279,2015,2.72,60.09,51.26,1897.15,30.41
9279,2016,2.81,68.99,52.7,1967.22,4.44
9279,2017,2.59,60.52,51.85,2009.24,3.71
9279,2018,2.71,56.78,51.51,2064.53,2.89
9279,2019,2.86,56.12,51.06,2124.73,2.6
9279,2020,3.39,52.01,44.39,,2.16
9279,1995,,59.58,38.37,,
9279,1996,,44.9,30.79,,
9279,1997,,37.69,28.59,,
9361,1998,11.24,57.31,55.89,,
9361,1999,10.66,64.91,56.49,,
9361,2000,9.48,60.19,48.71,1310.11,
9361,2001,9.43,58.73,46.95,1334.75,
9361,2002,10.41,54.34,46.55,1333.82,
9361,2003,11.92,52.92,46.64,1368.63,
9361,2004,11.92,52.5,48.35,1404.24,
9361,2005,13.68,50.58,47.34,1434.15,
9361,2006,12.26,48.99,50.43,1484.19,
9361,2007,9.46,48.76,48.83,1522.07,
9361,2008,7.72,54.77,52.77,1540.99,
9361,2009,9.01,53.16,54.97,1516.88,
9361,2010,8.02,54.12,48.61,1537.57,3.93
9361,2011,5.96,55.18,56.23,1669.37,4.45
9361,2012,5.75,56.35,56.18,1703.83,3.97
9361,2013,6.1,59.43,54.19,1695.44,4.14
9361,2014,5.89,62.72,58.84,1719.01,5.75
9361,2015,5.63,72.36,59.48,1794.05,4.73
9361,2016,5.89,82.79,63,1727.65,13.48
9361,2017,5.29,69.23,68.33,1829.8,7.83
9361,2018,4.4,65.33,66.98,1906.79,5.24
9361,2019,4.23,71.22,60.32,1948.84,5.57
9361,2020,5.35,57.57,56.19,,6.3
9361,1995,,73.58,84.59,,
9361,1996,,58.89,65.16,,
9361,1997,,58.93,57.08,,
9362,1998,10.52,77.1,77.38,,
9362,1999,9.48,74.02,69.62,,
9362,2000,8.47,76.94,71.58,1474.66,
9362,2001,8.11,81.64,68.37,1535.24,
9362,2002,8.4,77.35,69.19,1515.94,
9362,2003,8.84,74.65,68.57,1541.33,
9362,2004,8.79,75.54,72.35,1556.09,
9362,2005,9.72,78.04,69.33,1573.18,
9362,2006,8.94,81.56,69.16,1585.87,
9362,2007,7.16,83.78,74.39,1599.38,
9362,2008,6.25,80.8,72.8,1627.19,
9362,2009,7.2,76.89,71.87,1610.98,
9362,2010,6,78.84,68.99,1658.58,1.79
9362,2011,4.85,81.72,73.05,1704.97,1.66
9362,2012,4.46,87.71,73.74,1710.37,2.1
9362,2013,4.7,87.27,73.66,1730.23,1.99
9362,2014,4.42,91.99,79.02,1762.51,3.95
9362,2015,4.16,101.1,80.21,1827.34,4.69
9362,2016,3.69,102.07,85.8,1863.91,6.32
9362,2017,3.29,98.52,85.47,1867.89,7.3
9362,2018,3.19,99.01,88.47,1910.2,9.11
9362,2019,3.4,98.53,97.83,1962.27,8.6
9362,2020,4.38,83.89,90.51,,6.4
9362,1995,,73.18,68.92,,
9362,1996,,68.47,70.02,,
9362,1997,,70.58,70.57,,
9363,1998,9.21,56.32,58.98,,
9363,1999,9.08,52.96,53.79,,
9363,2000,8.23,57.29,54.33,1389.78,
9363,2001,8.22,56.91,53.77,1446.14,
9363,2002,8.92,50.91,52.85,1434.16,
9363,2003,10.39,50.42,50.07,1458.28,
9363,2004,10.41,56.53,50.45,1462.63,
9363,2005,14.99,51.09,49.31,1453.03,
9363,2006,12.54,47.37,48.03,1457.3,
9363,2007,10.95,51.83,48.72,1454.4,
9363,2008,7.51,51.21,51.75,1501.62,
9363,2009,8.5,51.69,49.88,1488.36,
9363,2010,8.37,49.45,46.85,1530.72,2.45
9363,2011,7.92,55.85,51.33,1590.5,3.31
9363,2012,7.03,58.08,54.99,1601.96,3.05
9363,2013,7,58.76,53.83,1633.66,3.12
9363,2014,7.06,67.7,60.57,1638.4,5.26
9363,2015,7.17,67.2,57.31,1703.43,28.7
9363,2016,6.61,74.27,62.36,1774.81,7.46
9363,2017,6.11,66.22,63.37,1793.94,8.42
9363,2018,5.18,69.52,65.66,1856,8.49
9363,2019,5.15,70.49,61.65,1904.09,8.09
9363,2020,5.73,60.04,58.56,,7.76
9363,1995,,57.41,53.24,,
9363,1996,,56.62,52.48,,
9363,1997,,51.76,51.99,,
9371,1998,7.49,39.14,33.59,,
9371,1999,6.98,41.01,36.14,,
9371,2000,6.28,38.08,33.13,1128.86,
9371,2001,6.17,37.22,35.44,1193.54,
9371,2002,6.73,33.82,33.09,1202.61,
9371,2003,8.02,32.81,32.58,1237.77,
9371,2004,8.4,32.08,31.76,1273.47,
9371,2005,9.46,28.59,32.75,1297.99,
9371,2006,7.92,28.39,30.34,1318.11,
9371,2007,5.83,27.55,30.98,1356.79,
9371,2008,4.3,26.87,32.46,1406.28,
9371,2009,4.93,27.93,30.19,1394.99,
9371,2010,4.47,27.62,29.54,1454.81,0.01
9371,2011,3.54,31.56,32.45,1555.87,0.04
9371,2012,3.07,32.97,31.87,1639.31,1.08
9371,2013,3.2,35.5,34.36,1662.62,1.87
9371,2014,3.17,38.94,35.54,1691.51,3.11
9371,2015,2.91,49.96,40.43,1741.33,10.36
9371,2016,2.91,42.22,41.6,1788.26,4.84
9371,2017,2.71,39.3,37.33,1879.68,2.77
9371,2018,2.42,42.24,37.8,1938.43,2.78
9371,2019,2.33,41.34,40.46,2008.12,2.98
9371,2020,2.92,38.05,35.01,,3.54
9371,1995,,40.66,33.88,,
9371,1996,,40.12,33,,
9371,1997,,38.38,33.58,,
9372,1998,7.97,21.98,19.57,,
9372,1999,7.38,22.07,19.32,,
9372,2000,6.43,20.18,19.38,1112.09,
9372,2001,6.28,21.57,18.09,1164.29,
9372,2002,6.99,22.6,18.96,1167.56,
9372,2003,8.24,20.56,19.64,1208.39,
9372,2004,8.13,19.4,19.14,1252.08,
9372,2005,8.74,19.3,20.14,1276.19,
9372,2006,7.01,17.67,20.52,1322.41,
9372,2007,4.97,18.47,19.52,1370.42,
9372,2008,4.09,19.07,20.33,1418.41,
9372,2009,4.82,18.88,20.62,1401.49,
9372,2010,3.97,20.55,19.07,1459.51,0.56
9372,2011,3.21,23.51,22.77,1558.61,0.8
9372,2012,3.19,25.41,21.52,1600.33,1.31
9372,2013,3.5,25.87,22.28,1625.85,1.8
9372,2014,3.32,28.96,24.8,1664.92,4.25
9372,2015,3.02,32.93,25.64,1708.97,7.35
9372,2016,3.07,35.3,26.77,1831.79,5.64
9372,2017,2.69,32.61,26.27,1848.05,4.49
9372,2018,2.51,33.22,25.55,1901.33,4.43
9372,2019,2.51,32.66,28.6,1958.75,4.69
9372,2020,3.16,29.23,25.14,,5.35
9372,1995,,25.22,19.58,,
9372,1996,,22.48,19.95,,
9372,1997,,20.49,17.79,,
9373,1998,6.72,29.33,24.82,,
9373,1999,6.52,30.58,23.25,,
9373,2000,5.56,29.28,24.09,1267.41,
9373,2001,5.47,30.86,24.5,1370.52,
9373,2002,6.01,28.85,24.43,1342.54,
9373,2003,6.82,28.74,24.1,1366.96,
9373,2004,6.65,29.89,28.89,1401.4,
9373,2005,6.93,27.79,28.27,1426.77,
9373,2006,5.93,27.7,28.34,1461.06,
9373,2007,4.18,28.02,27.96,1496.62,
9373,2008,2.99,28.47,29.77,1548.62,
9373,2009,3.31,30.18,29.28,1526.58,
9373,2010,2.9,27.69,28.21,1587.83,0.05
9373,2011,2.18,31.77,28.93,1674.4,0.71
9373,2012,2.17,36.42,31.59,1728.81,0.14
9373,2013,2.4,38.1,31.21,1776.88,0.23
9373,2014,2.23,44.46,34.89,1816.95,2.3
9373,2015,2.06,49.16,37.29,1862.87,10.7
9373,2016,2.01,49.51,39.68,1968.33,6.17
9373,2017,1.88,44.97,36.36,2005.55,3.57
9373,2018,1.69,43.44,36.16,2065.71,3.04
9373,2019,1.74,42.47,34.76,2115.36,3.15
9373,2020,2.22,38.7,32.75,,3.4
9373,1995,,33.73,24.39,,
9373,1996,,30.71,22.96,,
9373,1997,,31,24.63,,
9374,1998,6.63,31.1,27.82,,
9374,1999,6.26,27.93,27.73,,
9374,2000,5.58,29.38,26.48,1243.96,
9374,2001,5.62,29.56,28.57,1335.39,
9374,2002,6.11,32.48,27.46,1290.92,
9374,2003,7.23,29.28,32.73,1308.43,
9374,2004,7.31,25.76,28.84,1327.88,
9374,2005,8.62,27.85,29.36,1333.3,
9374,2006,7.54,25.8,29.31,1357.84,
9374,2007,5.84,28.05,30.32,1377.84,
9374,2008,4.25,28.82,31.3,1413.51,
9374,2009,5.21,27.87,31.65,1383.24,
9374,2010,4.69,28.33,31.16,1438.51,0.16
9374,2011,3.99,31.1,32.59,1520.68,0.29
9374,2012,3.98,36.35,35.56,1566.32,1.01
9374,2013,4.1,35.38,37.84,1598.15,2.52
9374,2014,3.9,37.04,36.7,1652.32,4.24
9374,2015,3.82,41.2,38.68,1731.34,12.2
9374,2016,3.56,37.56,38.72,1756.76,5.45
9374,2017,3.28,37.78,34.18,1804.16,3.65
9374,2018,2.91,36.44,36.18,1863.56,3.24
9374,2019,2.83,39.35,37.05,1926.98,4.42
9374,2020,3.31,38.07,34.04,,5.49
9374,1995,,36.22,27.14,,
9374,1996,,30.88,28.88,,
9374,1997,,28.95,25.77,,
9375,1998,6.5,44.07,36.69,,
9375,1999,5.85,43.31,34.76,,
9375,2000,5.07,42.91,34.67,1293.16,
9375,2001,4.91,42.59,33.11,1396.44,
9375,2002,5.07,41.51,35.04,1389.99,
9375,2003,5.47,39.73,34.75,1415.5,
9375,2004,5.4,40.05,35.65,1446.45,
9375,2005,5.88,36.86,32.82,1464.09,
9375,2006,5.07,36.63,35.9,1500.48,
9375,2007,3.69,37.54,35.43,1539.54,
9375,2008,2.71,36.72,36.1,1582.23,
9375,2009,3.58,36.35,34.06,1556.34,
9375,2010,3.04,36.81,32.36,1617.38,0.02
9375,2011,2.25,42.41,35.8,1707.4,0.02
9375,2012,2.26,44.74,37.26,1753.93,0.05
9375,2013,2.6,48.59,39.31,1780.8,0.58
9375,2014,2.44,49.15,42.98,1824.79,2.36
9375,2015,2.2,56.3,44.6,1852.85,3.46
9375,2016,2.04,52.26,46.42,1919.67,4.62
9375,2017,1.86,52.57,43.87,1991.47,3.5
9375,2018,1.76,53.44,45.92,2050.38,3.77
9375,2019,1.92,50.96,48.38,2115.65,3.83
9375,2020,2.6,45.49,43.25,,4.3
9375,1995,,50,40.01,,
9375,1996,,49.31,37.14,,
9375,1997,,45.09,39.24,,
9376,1998,6.91,27.65,23.69,,
9376,1999,6.23,28.5,24.3,,
9376,2000,5.38,28.84,24.71,1184.03,
9376,2001,5.38,30.65,22.86,1231.01,
9376,2002,5.93,28.13,24.12,1235.59,
9376,2003,6.87,26.97,24.84,1269.05,
9376,2004,6.76,25.69,23.77,1309.62,
9376,2005,7.89,24.73,22.95,1324.67,
9376,2006,6.97,25.15,25.25,1360.19,
9376,2007,5.51,26.99,26.77,1401.81,
9376,2008,4.25,27.03,28.61,1449.14,
9376,2009,4.86,27.77,26.77,1430.5,
9376,2010,4.01,27.56,25.38,1486.14,0.95
9376,2011,3.27,32.48,28.7,1558.08,0.95
9376,2012,3.31,35.61,30.03,1624.91,1.15
9376,2013,3.5,36.17,31.66,1655.61,1.2
9376,2014,3.29,39.54,32.39,1658.57,1.19
9376,2015,3.35,46.36,34.42,1715.55,10.8
9376,2016,3.28,45.11,38.32,1754.74,5.47
9376,2017,2.79,45.16,35.95,1812.95,4.51
9376,2018,2.53,44.42,36.84,1864.67,4.75
9376,2019,2.8,44.8,37.8,1919.81,5.17
9376,2020,3.42,40.62,33.68,,5.19
9376,1995,,30.95,24.46,,
9376,1996,,28.33,22.77,,
9376,1997,,29.58,24.04,,
9377,1998,7.83,24.63,23.08,,
9377,1999,7.67,23.45,24.28,,
9377,2000,7.04,21.96,24.11,1149.51,
9377,2001,7.25,23.24,23.17,1190.85,
9377,2002,7.93,22.83,24.36,1194.89,
9377,2003,9.16,23.42,25.58,1222.98,
9377,2004,8.77,21.08,23.6,1258.03,
9377,2005,10.43,18.53,23.53,1281.29,
9377,2006,9,19.82,23.95,1326.18,
9377,2007,7.03,22,24.85,1375.7,
9377,2008,5.35,21.75,25.25,1429.97,
9377,2009,5.76,21.29,24.53,1422.33,
9377,2010,5.57,21.91,24.83,1490.95,1.74
9377,2011,4.74,26.13,26.76,1560.4,1.73
9377,2012,4.55,24.44,27.2,1566.85,1.56
9377,2013,4.7,25.44,26.25,1611.89,2.03
9377,2014,4.52,28.14,26.36,1660.05,2.94
9377,2015,4.25,35.15,28.28,1700.11,9.49
9377,2016,4.15,34.53,32.52,1743.43,6.1
9377,2017,3.52,32.78,30.1,1845.24,4.12
9377,2018,3.25,32.3,29.39,1904.25,3.56
9377,2019,3.02,32.26,32.66,1975.46,4.52
9377,2020,3.36,32.68,30.22,,5.37
9377,1995,,26.65,22.07,,
9377,1996,,24.59,23.45,,
9377,1997,,22.66,23.54,,
9461,1998,9.5,66.46,68.05,,
9461,1999,8.62,70.87,68.04,,
9461,2000,7.96,73.3,69.17,1421.71,
9461,2001,7.64,72.94,63.25,1442.94,
9461,2002,8.73,71.8,62.75,1424.98,
9461,2003,9.63,69.57,62.82,1447.97,
9461,2004,9.57,69.19,64.43,1464.69,
9461,2005,10.81,69.75,64.65,1475.85,
9461,2006,9.86,67.04,70.31,1512.19,
9461,2007,8.2,70.47,63.25,1520.11,
9461,2008,6.45,70.54,65.18,1559.82,
9461,2009,6.61,69.04,68.04,1536.2,
9461,2010,5.82,73.01,67.84,1578.5,0.77
9461,2011,4.94,72.17,67.12,1619.44,0.86
9461,2012,5.09,75.46,71.28,1645.44,1.09
9461,2013,5.1,82.95,76.41,1665.98,2.94
9461,2014,5,93.3,80.51,1694.84,5.82
9461,2015,4.9,100.09,78.71,1757.67,5.88
9461,2016,4.68,112.17,82.85,1787.55,22.09
9461,2017,4.45,127.24,108.06,1811.8,20.85
9461,2018,4.01,121.13,115.06,1859.63,20.88
9461,2019,3.78,108.67,110.41,1914.64,19.53
9461,2020,4.53,87.87,95.23,,15.46
9461,1995,,64.81,68.7,,
9461,1996,,65.06,61.37,,
9461,1997,,68.3,68.77,,
9462,1998,10.14,97.63,95.85,,
9462,1999,9.44,97.77,92.05,,
9462,2000,8.09,96.3,91.77,1300.38,
9462,2001,8.62,93.65,86.84,1342.1,
9462,2002,10.07,88.6,85.02,1363.97,
9462,2003,10.89,81.08,74.46,1416.91,
9462,2004,11.18,76.04,76.22,1470.08,
9462,2005,11.98,68.6,72.6,1491.5,
9462,2006,10.38,71.13,74.13,1523.54,
9462,2007,8.61,72.38,74.79,1545.13,
9462,2008,7.54,77.84,76.59,1573.45,
9462,2009,7.51,76.62,77.53,1560.69,
9462,2010,7.05,77.76,73.39,1603.66,3.32
9462,2011,6.24,87.2,77.04,1686.35,3.62
9462,2012,6,88.39,80.78,1646.87,3.64
9462,2013,6.3,88.05,83.9,1656.13,3.83
9462,2014,6.09,90.71,86.51,1656.21,5.14
9462,2015,5.78,99.48,87.64,1681,8.15
9462,2016,5.38,101.46,88.03,1696.43,5.89
9462,2017,5.03,100.6,84.83,1721.17,5.99
9462,2018,4.53,98.57,85.95,1765.68,5.95
9462,2019,4.23,94.25,88.76,1816.84,5.16
9462,2020,5.2,82.46,86.98,,4.46
9462,1995,,88.12,82.28,,
9462,1996,,101.46,89.8,,
9462,1997,,105.36,102.99,,
9463,1998,10.75,62.55,65.34,,
9463,1999,10.34,68.96,67.27,,
9463,2000,9.34,60.23,69.04,1464.93,
9463,2001,9.05,65.8,61.12,1499.99,
9463,2002,10.6,61.6,61.88,1516.17,
9463,2003,12.26,58.66,62.76,1583.36,
9463,2004,12.96,60.95,60.67,1627.23,
9463,2005,14.54,60.1,57.43,1660.02,
9463,2006,13.08,59.66,62.06,1706.7,
9463,2007,10.31,58.6,63.17,1743.96,
9463,2008,8.21,66.8,60.87,1775.75,
9463,2009,7.5,63.34,60.37,1743.51,
9463,2010,7.84,66.41,62.08,1798.15,2.75
9463,2011,6.58,67.23,66.77,1869.7,2.66
9463,2012,5.69,68.35,62.55,1941.22,2.44
9463,2013,6.1,68.3,63.67,1899.34,2.73
9463,2014,5.82,75.13,69.72,1884.38,5.92
9463,2015,5.73,81.3,71.07,1958.94,19.54
9463,2016,5.33,78.96,76.65,1979.56,8.55
9463,2017,4.98,79.4,70.69,2039.47,7.95
9463,2018,4.97,75.78,71.35,2104.51,7.49
9463,2019,4.95,73.7,72.8,2159.71,6.31
9463,2020,5.8,68.02,67.48,,5.88
9463,1995,,76.19,66.75,,
9463,1996,,75.94,78.82,,
9463,1997,,70.97,69.6,,
9464,1998,12.88,56.55,60.96,,
9464,1999,11.99,56.07,56.93,,
9464,2000,11.28,55.02,59.03,1255.62,
9464,2001,12.05,59.84,56.48,1281.7,
9464,2002,13.63,55.05,60.76,1297.14,
9464,2003,14.55,50.98,55.19,1335.03,
9464,2004,14.08,51.5,55.51,1362.63,
9464,2005,15.03,52.34,55.27,1360.73,
9464,2006,13.22,50.07,54.33,1383.98,
9464,2007,10.99,52.03,54.65,1401.88,
9464,2008,9.09,53.45,57.41,1445.35,
9464,2009,7.83,56.22,59.77,1431.32,
9464,2010,7.28,54.75,58.33,1480.09,4.62
9464,2011,6.89,57.06,58.52,1580.53,5.32
9464,2012,6.78,63.52,57.98,1579.85,5.24
9464,2013,6.9,70.1,62.08,1586.36,6.2
9464,2014,6.86,67.19,67.93,1591.31,8.62
9464,2015,6.74,76.74,64.94,1630.48,12.92
9464,2016,7.03,85.78,66,1652.7,10.18
9464,2017,7.06,83.79,62.5,1660.34,7.79
9464,2018,5.8,72.87,68.02,1708.68,7.6
9464,2019,5.64,75.57,74.57,1756.36,6.31
9464,2020,6.69,67.41,74.42,,5.09
9464,1995,,63.43,60.56,,
9464,1996,,56.61,57.49,,
9464,1997,,56.33,62.28,,
9471,1998,6.84,37.18,31.76,,
9471,1999,6.28,36.91,31.34,,
9471,2000,5.71,35.72,32.74,1194.65,
9471,2001,5.56,34.89,31.7,1260.46,
9471,2002,6.39,33.95,30.02,1272.48,
9471,2003,6.9,33.72,31.03,1314.84,
9471,2004,6.87,32.94,29.72,1353.9,
9471,2005,7.22,32.07,32.08,1380.53,
9471,2006,6.64,32.17,30.43,1421.89,
9471,2007,5.17,31.37,31.25,1468.92,
9471,2008,3.58,30.57,33.05,1531.9,
9471,2009,3.96,31.91,31.16,1525.54,
9471,2010,3.56,31.38,31.53,1596.31,0
9471,2011,2.93,33.19,30.8,1677.84,0.23
9471,2012,3.01,35.53,33.58,1731.83,0.23
9471,2013,2.9,39.63,33.26,1733.5,1.04
9471,2014,2.95,41.01,38.03,1773.73,2.47
9471,2015,2.68,45.44,37.6,1753.2,3.61
9471,2016,2.5,44.2,40.39,1827.67,3.9
9471,2017,2.31,42.22,36.87,1874.98,3.35
9471,2018,2.07,40.64,36.37,1937.68,2.73
9471,2019,2.06,42.44,41.13,2001.65,2.04
9471,2020,2.65,41.31,37.8,,2.2
9471,1995,,41.27,29.74,,
9471,1996,,37.59,30.47,,
9471,1997,,37.96,33.43,,
9472,1998,7.69,38.8,33.89,,
9472,1999,7.12,36.51,33.88,,
9472,2000,6.36,35.22,32.92,1173.99,
9472,2001,6.54,34.28,31.27,1227.67,
9472,2002,7.46,33.87,31.22,1243.43,
9472,2003,8.01,33.42,30.68,1280.74,
9472,2004,8.16,32.47,31.36,1330.62,
9472,2005,8.32,30.2,31.4,1343.35,
9472,2006,7.64,30.22,31.78,1367.46,
9472,2007,5.84,28.36,30.82,1403.29,
9472,2008,4.48,29.97,33.11,1474.29,
9472,2009,4.71,30.41,30.48,1479.49,
9472,2010,4.52,30.24,30.25,1560.75,0.23
9472,2011,3.81,33.65,32.71,1645.92,0.29
9472,2012,3.51,35.24,34.41,1610.24,0.71
9472,2013,3.7,36.01,34.25,1640.79,0.86
9472,2014,3.67,38.07,35.09,1678.14,2.53
9472,2015,3.41,41.84,39.73,1730.1,9.52
9472,2016,3.31,41.75,39.72,1783.61,2.77
9472,2017,3.05,41.33,38.01,1845.6,2.82
9472,2018,2.8,37.73,35.33,1911.31,2.74
9472,2019,2.63,39.7,36.37,1975.07,2.1
9472,2020,3.24,38.85,33.42,,2.17
9472,1995,,43.03,33.6,,
9472,1996,,40.59,35.45,,
9472,1997,,38.33,35.99,,
9473,1998,8.21,35.59,31.85,,
9473,1999,7.69,34.41,33.17,,
9473,2000,6.74,32.4,32.93,1438.61,
9473,2001,6.71,32.74,31.63,1482.15,
9473,2002,8.3,32.98,31.07,1449.19,
9473,2003,10.06,32.74,31.47,1473.27,
9473,2004,10.47,30.71,32.17,1487,
9473,2005,10.72,30.69,32.97,1555.13,
9473,2006,9.49,30.39,33.73,1645.17,
9473,2007,6.84,30.48,33.43,1741.23,
9473,2008,5.04,30.84,35.23,1764.34,
9473,2009,6,30.69,33.17,1712.71,
9473,2010,5.3,30.9,35.16,1744.95,0
9473,2011,4.09,36.15,37.72,1835.24,0.53
9473,2012,4.08,36.64,36.55,1851.09,0.75
9473,2013,4.1,38.46,36.85,2045.24,1.71
9473,2014,4.09,39.6,36,1952.66,2.94
9473,2015,3.83,44.16,40.38,2051.83,8.23
9473,2016,3.47,46.21,39.36,2106.11,4.23
9473,2017,3.1,44.7,38.68,2100.73,5.19
9473,2018,3.05,42.87,38.33,2170.08,4.48
9473,2019,3.06,42.74,41.28,2228.61,3.04
9473,2020,3.72,41.02,37.37,,2.83
9473,1995,,44.08,33,,
9473,1996,,40.73,33.84,,
9473,1997,,37.18,34.35,,
9474,1998,7.5,34.45,30.52,,
9474,1999,6.76,32.45,29.88,,
9474,2000,6.08,34.17,29.66,1353.9,
9474,2001,5.71,31.87,29.11,1453.28,
9474,2002,6.19,32.99,29.09,1432.42,
9474,2003,6.41,31.53,31.79,1447.07,
9474,2004,6.52,31.02,28.85,1469.01,
9474,2005,6.97,29.39,27.52,1484.04,
9474,2006,6.28,30.72,30.46,1517.85,
9474,2007,5.25,31.32,30.35,1552.94,
9474,2008,3.63,30.74,30.6,1607.37,
9474,2009,4.17,29.14,28.45,1593.7,
9474,2010,3.77,29.87,30.37,1667.17,0.45
9474,2011,3.09,33.43,29.56,1743.58,0.54
9474,2012,3.04,36.07,31.36,1779.1,0.87
9474,2013,3.2,35.38,33.07,1806.53,1.6
9474,2014,3,41.14,35.54,1836.55,3
9474,2015,2.93,47.15,37.77,1882.69,1.64
9474,2016,2.93,41.18,35.62,1948.62,5.18
9474,2017,2.71,38.17,33.65,1997.71,3.54
9474,2018,2.49,40.66,35.19,2061.43,3
9474,2019,2.4,39.82,37.75,2126.21,2.47
9474,2020,2.95,39.03,34.25,,2.06
9474,1995,,36.97,32.13,,
9474,1996,,34.33,29.65,,
9474,1997,,32.93,29.36,,
9475,1998,9,31.66,32.43,,
9475,1999,8.42,31.44,31.16,,
9475,2000,7.88,29.48,30.85,1429.02,
9475,2001,8.21,31.28,28.79,1514.14,
9475,2002,9.32,30.21,30.54,1445.73,
9475,2003,10.47,28.15,29.11,1445.18,
9475,2004,9.78,27.97,29.86,1450.78,
9475,2005,10.33,25.95,28.42,1439.63,
9475,2006,9.15,25.45,29.52,1446.9,
9475,2007,7.34,26.41,28.97,1457.23,
9475,2008,5.8,26.27,30.3,1502.92,
9475,2009,6.06,26.09,31.18,1482.11,
9475,2010,5.41,27.55,30.12,1531.23,0.01
9475,2011,4.58,30.58,34.19,1612.69,0.4
9475,2012,4.24,32.02,32.77,1632.86,0.49
9475,2013,4.5,32.81,32.96,1651.57,1.01
9475,2014,4.11,35.9,34.25,1673.75,2.63
9475,2015,3.7,41.36,35.52,1713.21,5.47
9475,2016,3.46,38.35,36.8,1756.55,5.1
9475,2017,3.09,42.41,35.34,1814.77,6.17
9475,2018,2.85,40.11,36.92,1875.79,6.07
9475,2019,2.88,37.67,36.98,1941.34,6.53
9475,2020,3.66,40.45,35.52,,6.03
9475,1995,,39.58,32.42,,
9475,1996,,33.73,30.63,,
9475,1997,,33.23,32.08,,
9476,1998,8.57,20.47,20.32,,
9476,1999,8.37,19.3,19.76,,
9476,2000,7.31,20.51,21.21,1329.25,
9476,2001,7.24,22.34,21.54,1384.31,
9476,2002,8.25,20.42,22.47,1403.19,
9476,2003,9.19,19.58,21.67,1470.76,
9476,2004,9.38,19.35,19.76,1529.72,
9476,2005,10.09,18.34,21.16,1560.5,
9476,2006,8.73,18.5,24.08,1609.16,
9476,2007,6.48,20.71,23.82,1648.67,
9476,2008,4.49,21.39,24.84,1700.13,
9476,2009,5.86,20.52,23.85,1678.49,
9476,2010,5.07,20.65,25.62,1734.69,0.19
9476,2011,4.15,20.46,23.38,1816.44,0.75
9476,2012,4.03,21.43,23.66,1731.69,0.82
9476,2013,4.4,22.53,24.93,1707.06,1.27
9476,2014,4.42,25.93,26.72,1721.77,2.79
9476,2015,3.96,32.55,27.27,1788.73,8.67
9476,2016,3.54,31.71,29.05,1818.82,4.81
9476,2017,3.08,31.88,27.6,1877.98,3.87
9476,2018,2.77,31.73,30.24,1950.59,4.02
9476,2019,3.19,30.67,30.73,2011.17,3.48
9476,2020,3.8,29.93,29.27,,2.41
9476,1995,,23.44,18.98,,
9476,1996,,20.77,20.85,,
9476,1997,,21.57,21.46,,
9477,1998,9.08,30.05,27.6,,
9477,1999,8.72,29.42,26.78,,
9477,2000,8.02,29.97,27.55,1326.08,
9477,2001,8.35,26.41,26.01,1405.74,
9477,2002,9.25,25.31,27.67,1380.95,
9477,2003,9.95,25.12,25.56,1398.74,
9477,2004,10.72,23.35,24.74,1419.57,
9477,2005,11.91,23.19,24.2,1433.04,
9477,2006,10.25,22.04,24.91,1462.82,
9477,2007,8.1,24.36,25.9,1490.59,
9477,2008,6.05,24.65,27.4,1536.76,
9477,2009,6.06,23.94,26.61,1514.9,
9477,2010,5.7,24.3,26.22,1571.15,0.86
9477,2011,4.96,26.77,28.64,1656.21,0.99
9477,2012,4.6,27.25,28.34,1703.4,1.26
9477,2013,4.9,28.55,26.31,1748.09,1.84
9477,2014,4.87,30.37,30.23,1750.01,5.57
9477,2015,4.49,38.31,33.01,1817.85,9.33
9477,2016,4.08,36,34.46,1871.03,4.94
9477,2017,3.81,37.65,31.02,1925.22,4.37
9477,2018,3.44,37.22,33.88,1993.31,3.41
9477,2019,3.32,36.79,35.04,2061.84,3.16
9477,2020,3.81,38.22,33.71,,2.52
9477,1995,,38.87,28.64,,
9477,1996,,34.13,28.64,,
9477,1997,,30.04,28.85,,
9478,1998,7.44,28.79,27.22,,
9478,1999,7.13,28.7,26.36,,
9478,2000,6.04,27.39,27.46,1283.05,
9478,2001,6.49,27.95,24.78,1329.41,
9478,2002,8.13,29.63,25.34,1316.61,
9478,2003,9.14,25.21,27.1,1341.02,
9478,2004,9.64,21.51,23.23,1363.12,
9478,2005,10.62,22.62,23.91,1368.66,
9478,2006,9.64,23.61,27.16,1395.8,
9478,2007,7.74,24.71,28.65,1423.86,
9478,2008,5.3,24.21,26.95,1484.9,
9478,2009,5.56,24.49,24.76,1480.8,
9478,2010,5.15,27.35,26.22,1539.03,0.69
9478,2011,4.36,28.81,28.02,1620.73,0.52
9478,2012,4.26,32.65,29.7,1643.84,2.82
9478,2013,4.4,28.81,30.81,1646,2.39
9478,2014,4.6,33.83,31.35,1656.69,4.73
9478,2015,4.38,39.43,32.83,1716.6,9.84
9478,2016,3.87,39.26,33.28,1762.78,6.87
9478,2017,3.48,39.61,32.63,1896.41,5.47
9478,2018,3.3,42.03,36.85,1961.13,5.18
9478,2019,3.37,39.77,36.73,2021.4,4.54
9478,2020,4.12,38.97,33.74,,4.12
9478,1995,,38.06,30.63,,
9478,1996,,35.02,28.56,,
9478,1997,,29.28,30.24,,
9479,1998,10.6,25.84,29.15,,
9479,1999,10.38,27.78,30.65,,
9479,2000,9.5,26.67,28.53,1231.39,
9479,2001,9.96,27.84,30.89,1271.02,
9479,2002,11.37,26.89,30.58,1285.35,
9479,2003,12.2,23.16,28.41,1321.65,
9479,2004,11.52,24.58,26.82,1355.55,
9479,2005,12,19.71,24.59,1381.42,
9479,2006,10.5,19.37,25.96,1430.19,
9479,2007,8.65,21.84,27.6,1482.27,
9479,2008,6.75,23.71,29.05,1537.63,
9479,2009,7.66,24.22,27.35,1529.3,
9479,2010,6.89,25.7,25.99,1581.95,0.99
9479,2011,5.81,24.1,29.71,1666.99,1.01
9479,2012,5.29,26.76,29.04,1710.87,1.13
9479,2013,5.2,28.04,29.86,1719.44,1.95
9479,2014,5.43,31.31,28.32,1731.25,4.05
9479,2015,5.17,37.32,31.25,1749.36,15.45
9479,2016,5.01,42.03,33.82,1795.61,7.1
9479,2017,4.55,43.38,32.65,1867,8.61
9479,2018,4.21,39.85,35.87,1927.66,7.32
9479,2019,4.28,37.37,36.53,1988.38,5.49
9479,2020,5.18,34.79,34.1,,4.45
9479,1995,,32.05,26.2,,
9479,1996,,28.06,26.19,,
9479,1997,,28.49,28.88,,
9561,1998,7.69,60.46,55.52,,
9561,1999,7.08,61.37,53.41,,
9561,2000,6.35,57.31,56.97,1445.99,
9561,2001,5.92,57.78,50.7,1494.31,
9561,2002,6.91,55.01,49.56,1460.27,
9561,2003,7.6,55.35,47.21,1467.55,
9561,2004,8.33,53,55.79,1488.62,
9561,2005,9.14,54.08,48.17,1480.4,
9561,2006,7.81,51.22,54.07,1479.58,
9561,2007,6.62,53.61,53.01,1488.67,
9561,2008,5.51,60.07,52.85,1514.17,
9561,2009,6.88,54.5,52.42,1487.87,
9561,2010,5.45,53.31,53.21,1550.68,0.72
9561,2011,4.13,62.6,57.25,1632.86,0.76
9561,2012,4.1,65.44,59.12,1721.02,1.94
9561,2013,4.9,71.64,63.13,1652.55,2.41
9561,2014,5.1,76.01,69.16,1675.77,3.32
9561,2015,4.67,98.93,68.83,1698.52,30.71
9561,2016,4.88,87.62,73.17,1799.21,11.82
9561,2017,4.21,78.58,73.2,1777.41,7.63
9561,2018,3.68,81.06,73.94,1820.83,8.39
9561,2019,3.63,74.62,75.36,1877.95,7.37
9561,2020,4.56,66.1,67.78,,6.24
9561,1995,,64.74,51.94,,
9561,1996,,61.72,59.49,,
9561,1997,,51.29,54.63,,
9562,1998,8.56,87.33,85.61,,
9562,1999,7.78,84.5,85.98,,
9562,2000,6.48,80.26,80.82,1525.1,
9562,2001,5.97,88.22,77.66,1597.74,
9562,2002,6.44,83.14,81.51,1589.58,
9562,2003,7.05,79.02,77.38,1595.97,
9562,2004,7.2,78.44,78.13,1617.2,
9562,2005,7.88,78.42,72.16,1629.87,
9562,2006,6.95,78.53,73.71,1639.9,
9562,2007,5.3,80.47,73.29,1656.07,
9562,2008,3.93,81.16,78.07,1716.96,
9562,2009,4.37,80.12,74.94,1696.93,
9562,2010,4.2,74.88,74.35,1793.97,1.28
9562,2011,3.71,86.72,79.66,1891.98,1.69
9562,2012,3.87,87.98,77.75,1915.78,1.32
9562,2013,4.1,85.38,84.66,1929.04,1.34
9562,2014,4.13,90.88,84.66,1913.19,3.3
9562,2015,3.93,102.84,85.53,1981.83,65.83
9562,2016,3.86,104.13,93.2,1977.24,11.43
9562,2017,3.89,95.15,87.98,2048.66,5.85
9562,2018,3.68,90.9,82.37,2094.57,5.49
9562,2019,3.52,91.28,85.64,2145.84,4.96
9562,2020,4.07,78.4,79.65,,4.58
9562,1995,,78.87,80.94,,
9562,1996,,72.04,79.51,,
9562,1997,,74.39,81.27,,
9563,1998,11.51,68.64,71.55,,
9563,1999,10.36,71.32,64.58,,
9563,2000,8.38,67.38,59.92,1524.33,
9563,2001,7.94,68.07,59.94,1638.18,
9563,2002,9.32,68,61.99,1640.37,
9563,2003,10.37,66.6,64.29,1711.08,
9563,2004,10.4,66.86,60.97,1759.25,
9563,2005,12.03,70.16,60.43,1754.27,
9563,2006,11.16,66.01,62.7,1761.08,
9563,2007,9.31,67.79,63.8,1758.15,
9563,2008,7.27,69.18,68.02,1794.03,
9563,2009,7.95,69.34,67.87,1758.18,
9563,2010,7.49,69.9,63.41,1793.77,0.66
9563,2011,6.62,78.13,63.23,1837.35,0.73
9563,2012,6.56,79.01,64.79,1863.48,1.52
9563,2013,6.9,81.94,68.88,1899.85,2.1
9563,2014,6.74,83.86,70.57,1842.37,3.2
9563,2015,6.56,92.71,72.42,1905.34,2.59
9563,2016,5.98,87.41,77.92,1910.26,8.3
9563,2017,5.33,79.33,70.97,1969.09,5.03
9563,2018,4.86,79.04,69.98,2023.95,5.76
9563,2019,4.84,74.87,69.89,2064.54,5.91
9563,2020,5.73,63.04,65.34,,5.38
9563,1995,,79.19,72.59,,
9563,1996,,70.55,71.74,,
9563,1997,,79.27,67.57,,
9564,1998,11.79,55.4,58.26,,
9564,1999,10.93,57.37,55.64,,
9564,2000,9.51,60.68,54.42,1444.94,
9564,2001,9.13,62.41,54.06,1494.92,
9564,2002,10.26,60.44,53.67,1477.78,
9564,2003,11.58,56.11,52.85,1502.63,
9564,2004,12.04,58.26,53.07,1513.24,
9564,2005,13.11,60.4,49.75,1517.97,
9564,2006,11.48,56.72,51.56,1539.91,
9564,2007,9.72,57.6,51.64,1561.22,
9564,2008,8.04,59.02,56.26,1599.78,
9564,2009,8.67,57.64,55.77,1579.16,
9564,2010,8.53,59.11,54.18,1626.99,1.92
9564,2011,7.89,69.8,58.21,1733.79,2.29
9564,2012,7.71,71.09,60.4,1731.16,2.52
9564,2013,7.8,72.55,64.83,1716,2.9
9564,2014,7.6,78.42,76.54,1745.22,4.39
9564,2015,7.18,88.22,71.31,1775.44,3.53
9564,2016,6.64,83.26,80.16,1829.39,14.91
9564,2017,5.96,79.4,73.12,1855.05,8.66
9564,2018,5.42,80.48,74.37,1904.76,8.27
9564,2019,5.21,77.76,77.19,1952.4,7.21
9564,2020,6.31,62.88,67.07,,6.61
9564,1995,,59.24,63.13,,
9564,1996,,57.27,53.92,,
9564,1997,,57.01,60.91,,
9565,1998,6.56,57.37,62.94,,
9565,1999,5.76,64.85,58.19,,
9565,2000,4.57,62.05,55.56,1522.45,
9565,2001,4.37,61.48,52.37,1607.62,
9565,2002,5.66,58.99,54.28,1574.15,
9565,2003,7.26,56.03,54.73,1588.33,
9565,2004,7.76,56.07,53.25,1592.78,
9565,2005,8.28,55.5,49.16,1617.66,
9565,2006,7.72,54.01,49.59,1647.37,
9565,2007,6.49,51.02,52.43,1683.55,
9565,2008,4.87,54.27,51.82,1742.77,
9565,2009,5.26,53.5,51.33,1740.47,
9565,2010,5.26,55.02,48.02,1805.45,0.08
9565,2011,4.65,57.91,49.68,1895.36,0.52
9565,2012,4.39,66.66,51.41,1907.26,0.89
9565,2013,4.6,66.45,53.41,1956.99,2.2
9565,2014,4.23,69.28,58.79,2004.8,4.71
9565,2015,4.08,75.94,61.52,2034.55,27.56
9565,2016,3.66,74.9,63.38,2076.26,9.29
9565,2017,3.44,65.37,61.92,2154.2,7.18
9565,2018,3.25,63.15,60.94,2238.54,5.54
9565,2019,3.19,66.79,59.88,2278.22,5.32
9565,2020,4.05,65.18,58.55,,3.65
9565,1995,,61.93,60.12,,
9565,1996,,66.18,56.1,,
9565,1997,,58.61,60.04,,
9571,1998,6.15,34.02,32.27,,
9571,1999,5.72,36.31,31.64,,
9571,2000,4.98,34.32,29.92,1195.87,
9571,2001,4.91,34.75,32.23,1276.77,
9571,2002,5.59,32.96,31.02,1263.76,
9571,2003,6.27,31.82,29.18,1290.31,
9571,2004,6.51,31.56,29.92,1323.55,
9571,2005,7.2,29.09,32.56,1355.44,
9571,2006,6.24,29.05,31.42,1404,
9571,2007,4.72,28.92,31.94,1460.74,
9571,2008,3.41,31.12,34.52,1526.13,
9571,2009,3.92,28.93,30.93,1517.48,
9571,2010,3.39,28.83,30.65,1593.15,1.06
9571,2011,2.9,35.02,34.71,1684.21,1.09
9571,2012,2.81,37.78,35.23,1742.03,1.2
9571,2013,3,40.39,34.9,1742.62,2.43
9571,2014,3.24,44.14,39.4,1790.63,3.54
9571,2015,3.07,52.74,40.06,1802.45,22.81
9571,2016,3,50.15,43.06,1871.31,7.44
9571,2017,2.72,49.14,41.28,1967.96,5.23
9571,2018,2.33,50.38,44.42,2026.37,4.33
9571,2019,2.24,49.03,43.76,2083.41,3.66
9571,2020,2.77,45.57,39.25,,3.1
9571,1995,,42.48,31.17,,
9571,1996,,36.51,30.37,,
9571,1997,,34.97,30.87,,
9572,1998,6.28,48.4,44.94,,
9572,1999,5.93,50.59,46.6,,
9572,2000,5.07,49.46,46.53,1562.91,
9572,2001,4.57,48.23,44.02,1593.54,
9572,2002,4.9,47.89,43.91,1600.12,
9572,2003,5.36,46.43,44.92,1663.08,
9572,2004,5.44,46.56,47.6,1731.18,
9572,2005,5.36,44.79,46.28,1820.62,
9572,2006,4.49,47.37,45.08,1933.05,
9572,2007,3.26,46.38,45.93,2048.29,
9572,2008,2.3,48.01,46.29,1951.47,
9572,2009,2.94,45.19,44.96,1822.92,
9572,2010,2.88,46.56,42.97,1826.34,0.63
9572,2011,2.32,49.96,44.9,1924.13,0.7
9572,2012,2.27,51.79,47.43,1945.87,0.97
9572,2013,2.4,52.96,47.99,1960.56,1.31
9572,2014,2.31,55.82,49.76,1993.51,2.12
9572,2015,2.32,65.56,54.68,2039.29,13.96
9572,2016,2.31,61.11,54.48,2080.51,5.38
9572,2017,2.03,57.78,52.13,2143.13,4.27
9572,2018,1.92,59.1,51.6,2208.95,3.89
9572,2019,1.84,59.83,51.78,2271.88,3.39
9572,2020,2.49,54.04,46.74,,3.26
9572,1995,,54.29,48.07,,
9572,1996,,50.42,44.46,,
9572,1997,,49.6,45.08,,
9573,1998,7.22,75.33,69.89,,
9573,1999,6.53,68.17,70.84,,
9573,2000,5.36,61.11,65.23,1500.8,
9573,2001,4.92,69.76,63.6,1563.25,
9573,2002,5.63,65.18,61.3,1552.15,
9573,2003,6.3,64.7,56.38,1577.02,
9573,2004,6.36,55.85,56.74,1611.51,
9573,2005,6.74,50.83,51.8,1642.51,
9573,2006,6.43,53.91,50.36,1676.24,
9573,2007,5.24,54.87,50.44,1705.54,
9573,2008,3.61,56.89,56.11,1741.46,
9573,2009,3.91,59.19,58.09,1706.5,
9573,2010,3.95,69.25,64.26,1755.81,4.86
9573,2011,3.19,79.76,69.98,1858.76,5.21
9573,2012,3.22,93.36,85.89,1854.6,5.98
9573,2013,3.4,122.15,114.96,1890.78,9.03
9573,2014,3.26,152.78,156.97,1926.84,26.72
9573,2015,3.06,53.95,47.88,2024.38,8.09
9573,2016,3.02,77.79,62.32,2011.14,6.9
9573,2017,2.74,80.59,76.64,2108.09,2.75
9573,2018,2.53,82.28,71.16,2161.82,2.74
9573,2019,2.49,72.51,66.07,2226.51,2.85
9573,2020,3.2,64.7,54.43,,1.22
9573,1995,,89.23,74.98,,
9573,1996,,81.24,68.22,,
9573,1997,,77.74,66.33,,
9574,1998,6.31,36.31,34.88,,
9574,1999,5.82,37.46,31.82,,
9574,2000,4.98,36.58,31.98,1565.88,
9574,2001,4.73,37.16,31.68,1632.72,
9574,2002,5.35,35.16,31.8,1614.56,
9574,2003,6.28,35.2,31.17,1646.58,
9574,2004,6.64,33.38,31.74,1671.13,
9574,2005,6.68,31.66,32.95,1713.09,
9574,2006,5.85,32.5,31.34,1765.66,
9574,2007,4.73,31.82,32.4,1814.02,
9574,2008,3.35,33.35,32.09,1838.02,
9574,2009,3.62,32.87,32.72,1798.1,
9574,2010,3.46,33.03,30.88,1845.51,0.06
9574,2011,2.89,37.36,33.36,1955.63,0.1
9574,2012,2.83,40.37,34.07,1960.01,0.35
9574,2013,3.1,42.28,36.1,1957.66,1.1
9574,2014,3.04,46.3,37.54,1982.69,2.25
9574,2015,2.82,53.18,39.77,2004.64,12.82
9574,2016,2.69,53.08,41.71,2050.88,7.35
9574,2017,2.53,46.43,38.94,2115.66,5.17
9574,2018,2.4,46.26,39.18,2184.97,4.97
9574,2019,2.3,46.03,41.48,2242.63,4.74
9574,2020,2.93,43.55,38.09,,4.35
9574,1995,,45.48,37.84,,
9574,1996,,40.12,36.05,,
9574,1997,,36.96,35.42,,
9575,1998,5.78,35.38,29.59,,
9575,1999,5.32,33.61,27.32,,
9575,2000,4.47,35.13,28.42,1213.34,
9575,2001,4.5,33.07,26.73,1298.17,
9575,2002,5.28,33.62,27.3,1293.18,
9575,2003,5.83,31.76,27.84,1322.23,
9575,2004,5.87,31.57,27.59,1362.12,
9575,2005,6.68,28.66,27.49,1382.6,
9575,2006,5.59,26.98,29.23,1424.77,
9575,2007,4.17,27.83,29.89,1472.93,
9575,2008,3.04,28.05,31.22,1529.54,
9575,2009,3.73,28.27,29.7,1505.23,
9575,2010,3.39,28.76,30.65,1579.14,0.36
9575,2011,2.68,32.89,31.01,1652.35,0.39
9575,2012,2.37,35.19,32.82,1683.92,1.14
9575,2013,2.6,38.77,35.74,1713.92,1.66
9575,2014,2.51,41.92,36.19,1788.11,3.55
9575,2015,2.32,51.23,39.06,1800.16,8.39
9575,2016,2.31,48.55,40.64,1848.47,6.34
9575,2017,2.16,44.56,38.33,1913.36,4.87
9575,2018,1.86,49.84,40.34,1961.47,4.34
9575,2019,1.81,52,43.42,2018.36,3.55
9575,2020,2.57,43.84,38.54,,3.16
9575,1995,,43.23,29.75,,
9575,1996,,38.64,27.79,,
9575,1997,,39.19,28.36,,
9576,1998,5.99,39.15,31.91,,
9576,1999,5.59,40.24,32.67,,
9576,2000,4.65,38.98,33.15,1362,
9576,2001,4.61,37.81,32.41,1448.72,
9576,2002,5.48,34.42,31.55,1435.4,
9576,2003,6.38,34.74,30.3,1454.45,
9576,2004,6.45,34.55,33.56,1483.73,
9576,2005,6.66,33.29,32.45,1507.45,
9576,2006,5.61,32.92,33.89,1546.17,
9576,2007,4.26,33.6,32.35,1587.41,
9576,2008,3.05,32.14,34.11,1642.27,
9576,2009,3.54,31.48,33.03,1626.47,
9576,2010,3.28,32.77,32.14,1690.87,0.02
9576,2011,2.75,36.24,35.35,1782.78,0.66
9576,2012,2.72,37.4,34.58,1815.58,0.8
9576,2013,3.1,40.34,35.85,1824.26,1.94
9576,2014,2.94,42.84,37.8,1865.42,3.69
9576,2015,2.79,52.64,39.99,1900.05,6.26
9576,2016,2.74,51.94,45.1,1956.46,7.37
9576,2017,2.37,48.83,43.79,2037.98,5.41
9576,2018,2.21,52.92,45.01,2094.25,5.88
9576,2019,2.04,45.57,45.27,2160.98,3.76
9576,2020,2.63,43.7,38.09,,3.34
9576,1995,,45.1,32.78,,
9576,1996,,39.63,33.16,,
9576,1997,,39.52,33.8,,
9577,1998,6.48,26.1,25.13,,
9577,1999,5.97,26.83,24.09,,
9577,2000,5.24,28.56,26.65,1267.85,
9577,2001,5.54,27.25,25.24,1351.75,
9577,2002,6.62,27.49,24.47,1327.36,
9577,2003,7.44,26.66,26.26,1347.93,
9577,2004,7.77,25.89,25.91,1364.45,
9577,2005,8.52,24.72,26.34,1382.24,
9577,2006,6.98,24.34,27.01,1418.13,
9577,2007,5.62,25.05,27.07,1453.34,
9577,2008,4.24,23.65,27.8,1514.48,
9577,2009,5.07,24.46,25.9,1506.07,
9577,2010,4.32,24.76,24.48,1575.01,0.29
9577,2011,3.52,29.16,28.31,1646.13,0.57
9577,2012,3.09,30.93,26.74,1712.48,1.44
9577,2013,3.3,34.51,29.5,1738.9,2.21
9577,2014,3.4,39.19,33.68,1746.06,4.25
9577,2015,3.26,43.11,31.03,1776.75,42.5
9577,2016,3.36,43.85,34.86,1815.84,6.18
9577,2017,3.09,38.57,33.55,1884.74,5.37
9577,2018,2.86,39.41,34.56,1941.66,4.78
9577,2019,2.89,39.68,33.74,1995.39,3.82
9577,2020,3.47,37.42,30.63,,3.52
9577,1995,,32.54,26.8,,
9577,1996,,29.97,25.26,,
9577,1997,,27.58,25.65,,
9661,1998,9.12,63.32,59.5,,
9661,1999,8.94,67.27,65.27,,
9661,2000,7.46,67.74,58.31,1415.21,
9661,2001,6.83,67.6,55.98,1472.95,
9661,2002,8.16,65.3,59.04,1476.7,
9661,2003,8.9,62.24,62.14,1539.47,
9661,2004,9.26,64.95,62.95,1585.58,
9661,2005,10.37,59.56,58.61,1626.74,
9661,2006,9.17,58.52,56.87,1672.76,
9661,2007,7.33,58.79,56.13,1705.23,
9661,2008,5.85,60.76,57.88,1731.34,
9661,2009,7.1,61,58.85,1676.87,
9661,2010,6.62,58.18,56.2,1716.76,4.75
9661,2011,5.73,65.91,61.94,1809.45,5.17
9661,2012,5.67,66.74,61.98,1829.46,4.99
9661,2013,6.4,67.51,62.28,1857.35,5.32
9661,2014,5.87,71.72,65.54,1887.71,7.73
9661,2015,5.78,77.9,64.42,1923.19,8.45
9661,2016,5.76,76.4,68.38,1943.77,8.76
9661,2017,5.1,75.86,63.15,2065.59,6.82
9661,2018,4.91,75.89,66.39,2119.74,6.72
9661,2019,4.91,74.22,67.17,2155.89,5.69
9661,2020,6.01,67.76,68.05,,5.43
9661,1995,,90.2,81.89,,
9661,1996,,78.65,79.94,,
9661,1997,,72.84,61.76,,
9662,1998,14.11,61.06,65.16,,
9662,1999,13.19,59.44,66.39,,
9662,2000,11.55,59.9,59.84,1328.73,
9662,2001,10.83,62.8,54.46,1411.08,
9662,2002,11.12,59.17,53.7,1381.91,
9662,2003,11.27,59.41,56.19,1389.07,
9662,2004,10.98,57.12,55.37,1372.56,
9662,2005,13.87,56.16,56.11,1367.63,
9662,2006,10.77,54.72,56.4,1372.9,
9662,2007,8.51,55.89,54.37,1378.03,
9662,2008,8.05,59.32,59.47,1439.51,
9662,2009,8.28,58.28,54.99,1448.5,
9662,2010,7.44,59.61,57.23,1516.45,3.01
9662,2011,6.36,65.01,62.45,1601.74,3.91
9662,2012,6.37,65.2,60.81,1641.97,3.44
9662,2013,6.2,67.06,66.75,1615.87,3.63
9662,2014,6.21,76.32,77.33,1672.02,5
9662,2015,6.29,81.34,69.6,1660.2,29.61
9662,2016,6.42,101.34,84.33,1707.1,7.83
9662,2017,6.3,106.87,91.02,1738.44,10.65
9662,2018,5.64,99.39,83.69,1771.75,17.55
9662,2019,6.1,90.97,98,1830.16,1.82
9662,2020,6.98,69.86,68.98,,1.88
9662,1995,,64.84,58.24,,
9662,1996,,65.58,61.35,,
9662,1997,,62.4,65.36,,
9663,1998,8.74,89.59,93.08,,
9663,1999,8.06,109.82,93.07,,
9663,2000,6.69,98.43,90.04,1397.13,
9663,2001,6.35,110.95,92.69,1429.02,
9663,2002,6.93,105.84,90.01,1422.83,
9663,2003,7.94,101.3,89.58,1473.89,
9663,2004,8.3,93.79,84.66,1521.94,
9663,2005,9.77,83.5,77.56,1524.37,
9663,2006,8.41,86.6,75.85,1533.39,
9663,2007,7.11,84.02,79.41,1541.85,
9663,2008,5.7,75.2,85.12,1616.8,
9663,2009,5.81,81.23,80.3,1606.82,
9663,2010,5.57,83.65,76.63,1669.35,3.03
9663,2011,4.94,89.22,85.99,1855.31,3.26
9663,2012,4.83,86.52,83.01,1784.81,3.26
9663,2013,4.8,88.66,86.2,1848.76,3.5
9663,2014,4.51,89.9,93.29,1854.23,4.69
9663,2015,4.25,95.99,89.69,1906.4,8.64
9663,2016,4.17,104.83,91.87,1957.45,5.55
9663,2017,3.83,98.72,91.52,2089.18,4.75
9663,2018,3.62,100.66,90.77,2135.47,4.57
9663,2019,3.39,96.2,94.12,2179.43,4.22
9663,2020,4.11,86.26,92.84,,4.49
9663,1995,,84.58,86.29,,
9663,1996,,88.96,89.4,,
9663,1997,,93.53,95.06,,
9671,1998,6.3,35.92,35.7,,
9671,1999,5.95,36.74,34.33,,
9671,2000,5.04,33.79,34.53,1420.14,
9671,2001,4.67,36.14,33.45,1493.73,
9671,2002,5.32,35.71,34.46,1485.84,
9671,2003,6.01,34.98,33.3,1520.58,
9671,2004,5.97,34.24,33.48,1549.51,
9671,2005,6.5,32.74,34.51,1580.17,
9671,2006,5.54,33.41,34.99,1619.58,
9671,2007,4.22,33.9,34.95,1657.8,
9671,2008,3.02,34.42,35.81,1696.8,
9671,2009,3.72,34.03,36.11,1667.87,
9671,2010,3.53,34.31,33.67,1719.82,0.12
9671,2011,2.93,36.9,37.71,1800.53,0.13
9671,2012,2.89,41.68,37.72,1824.33,0.95
9671,2013,3.3,41.33,37.52,1845.4,1.87
9671,2014,3.22,43.11,41.7,1866.58,1.94
9671,2015,3.1,50.6,42.99,1898.58,4.16
9671,2016,3.29,47.17,45.06,1953.27,4.97
9671,2017,2.95,43.85,40.11,2005.14,3.25
9671,2018,2.67,43.83,40.63,2077.67,2.45
9671,2019,2.61,43.38,41.85,2144.48,1.74
9671,2020,3.36,43.14,37.62,,1.57
9671,1995,,43.34,36.1,,
9671,1996,,38.9,34.19,,
9671,1997,,37.43,36.13,,
9672,1998,8.74,31.85,31,,
9672,1999,8.26,31.84,30.86,,
9672,2000,7.36,32.53,30.67,1215.98,
9672,2001,6.94,35.75,31.38,1274.49,
9672,2002,7.61,34.35,32.21,1286.84,
9672,2003,8.31,30.76,30.72,1328.8,
9672,2004,8.54,30.59,30.51,1363.5,
9672,2005,9.19,28.09,30.39,1371.49,
9672,2006,7.98,28.81,31.34,1398.3,
9672,2007,6.12,29.59,31.75,1419.6,
9672,2008,4.65,29.24,32.74,1477.4,
9672,2009,5.06,27.49,30.19,1472,
9672,2010,4.83,29.02,30.43,1541.37,0.88
9672,2011,4.24,31.84,32.09,1616.88,1.06
9672,2012,4.11,32.39,32.8,1635.87,0.99
9672,2013,4,34.56,32.43,1692.41,2.39
9672,2014,3.85,38.91,33.99,1701.33,5.41
9672,2015,3.77,43.66,36.2,1767.49,9.92
9672,2016,3.83,46.2,39.58,1802.76,5.99
9672,2017,3.27,40.24,34.16,1880.73,3.58
9672,2018,2.87,41.93,36.83,1945.09,3.19
9672,2019,2.96,39.69,34.75,2001.68,3.4
9672,2020,3.5,38.14,34.13,,3.34
9672,1995,,41.32,31.66,,
9672,1996,,35.74,30.24,,
9672,1997,,34.82,32,,
9673,1998,9.35,29.35,27.2,,
9673,1999,9.02,30.78,29.4,,
9673,2000,7.74,26.98,31.17,1177.55,
9673,2001,7.31,31.01,29.71,1243.25,
9673,2002,7.91,31.53,29.03,1238.76,
9673,2003,8.36,28.94,28.4,1269.17,
9673,2004,8.01,27.72,27.28,1300.87,
9673,2005,9.29,23.97,29.51,1327.08,
9673,2006,8.01,24.04,31.2,1367.55,
9673,2007,5.75,22.04,28.43,1412.08,
9673,2008,4.01,24.26,31.05,1462.14,
9673,2009,4.64,24.29,26.81,1427.53,
9673,2010,4.07,23.9,27.76,1478.01,0.82
9673,2011,3.28,26.36,29.22,1585.15,0.94
9673,2012,3.21,28.12,28.35,1630.1,1
9673,2013,3.2,30.18,29.31,1652.49,1.78
9673,2014,3.17,32.24,32.49,1688.12,3.19
9673,2015,3.09,36.75,31.84,1764.31,8.62
9673,2016,3.08,38.14,34.74,1815.27,6.61
9673,2017,2.62,34.58,32.82,1875.63,4.39
9673,2018,2.39,34.75,32.2,1939.23,3.69
9673,2019,2.48,34.36,32.16,2004.08,3.45
9673,2020,3.12,31.24,30.08,,3.65
9673,1995,,37.02,32.36,,
9673,1996,,32.63,31.16,,
9673,1997,,32.13,30.52,,
9674,1998,7.41,26.5,23.45,,
9674,1999,6.76,27.66,24.49,,
9674,2000,6.11,25.31,23.93,1183.86,
9674,2001,5.66,23.51,24.05,1220.58,
9674,2002,6.35,23.48,24.01,1225.01,
9674,2003,7.25,24.73,23.5,1255.86,
9674,2004,7.36,24.82,28.07,1301.67,
9674,2005,7.57,24.23,25.1,1309.37,
9674,2006,6.85,23.39,28.04,1333.66,
9674,2007,5.08,22.65,26.97,1366.25,
9674,2008,3.85,24.93,27.85,1419.95,
9674,2009,4.51,24.98,28.51,1407.13,
9674,2010,4.19,26.06,27.77,1469.59,1.36
9674,2011,3.32,29.37,29.65,1548.63,1.55
9674,2012,3.39,27.43,27.26,1584.73,1.57
9674,2013,3.5,28.9,27.67,1609.77,1.94
9674,2014,3.46,31.86,29.03,1662.49,4.5
9674,2015,3.29,40.79,33.49,1696.64,12.56
9674,2016,3.17,36.31,33.52,1759.63,5.42
9674,2017,2.73,34.09,30.53,1819.94,3.47
9674,2018,2.4,34.91,31.9,1879.52,2.25
9674,2019,2.64,33.62,33.86,1946.92,2.14
9674,2020,3.28,31.16,30.45,,2.02
9674,1995,,30.87,24.77,,
9674,1996,,28.24,24.14,,
9674,1997,,26.2,23.51,,
9675,1998,5.91,33.76,31.94,,
9675,1999,5.17,35.51,32.93,,
9675,2000,4.57,34.49,30.9,1263.88,
9675,2001,4.42,33.89,30.98,1365.79,
9675,2002,4.65,35.18,30.85,1368.3,
9675,2003,5.31,33.51,31.1,1439.25,
9675,2004,5.46,33.52,32.99,1518.87,
9675,2005,6.3,35.01,32.87,1519.75,
9675,2006,5.56,36.35,36.31,1543.85,
9675,2007,4.47,34.33,33.19,1555.41,
9675,2008,3.52,33.38,35.13,1587.69,
9675,2009,3.94,35.02,35.81,1544.31,
9675,2010,4.1,33.62,33.33,1593.99,0.38
9675,2011,3.25,39.42,36.3,1685.79,1.27
9675,2012,3.02,40.22,35.73,1765.61,1.18
9675,2013,3.2,41.97,37.23,1747.96,1.27
9675,2014,3.18,45.56,39.2,1880.57,3.81
9675,2015,2.98,55.9,44.15,1815.38,8.64
9675,2016,2.78,57.92,46.04,1884.8,6.94
9675,2017,2.54,52.77,43.35,1950.16,5.3
9675,2018,2.18,53.81,46.4,2001.88,4.16
9675,2019,2.13,52.17,47.96,2059.82,3.96
9675,2020,2.7,52.1,43.97,,3.87
9675,1995,,35.52,31.06,,
9675,1996,,37.29,32.32,,
9675,1997,,34.94,29.22,,
9676,1998,7.3,31,31.52,,
9676,1999,6.84,31.39,30.1,,
9676,2000,5.87,31.47,28.65,1332.39,
9676,2001,5.55,30.45,29.98,1409.39,
9676,2002,6.4,30.25,29.38,1391.9,
9676,2003,7.29,29.11,29.57,1420.96,
9676,2004,7.26,29.31,29.32,1441.69,
9676,2005,7.66,28.76,29.43,1469.62,
9676,2006,6.89,26.73,31.52,1513.54,
9676,2007,5.15,27.28,29.28,1554.28,
9676,2008,3.72,26.78,29.97,1593.39,
9676,2009,4.6,27.32,30.59,1563.48,
9676,2010,4.03,26.27,29.57,1612.97,0.03
9676,2011,3.11,28.07,30.19,1690.54,0.02
9676,2012,2.97,30.53,30.08,1709.04,0.6
9676,2013,3.5,33.31,31.64,1715.6,1.67
9676,2014,3.31,35.45,33.74,1767.8,2.92
9676,2015,3.02,40.95,34.91,1796.08,8.12
9676,2016,3.1,43.18,34.41,1840.19,6.18
9676,2017,2.86,36.76,34.84,1921.54,3.68
9676,2018,2.67,37.54,33.07,1985.7,2.93
9676,2019,2.77,37.43,35.61,2045.38,2.42
9676,2020,3.51,35.99,33.57,,2.25
9676,1995,,42.33,34.2,,
9676,1996,,33.72,29.87,,
9676,1997,,33.21,30.21,,
9677,1998,5.39,25.92,26.37,,
9677,1999,4.87,25.48,24.74,,
9677,2000,4.34,25.32,24.68,1297.37,
9677,2001,4.24,26.95,24.79,1372.46,
9677,2002,4.64,27.43,25.33,1356.28,
9677,2003,5.54,25.32,25.64,1376.48,
9677,2004,5.69,25.92,26.7,1394.42,
9677,2005,6.23,23.74,25.37,1420.12,
9677,2006,4.97,25.3,27.58,1452.71,
9677,2007,3.5,26.64,27.77,1492.95,
9677,2008,2.58,26.15,28.36,1539.92,
9677,2009,3.44,25.05,27.76,1524.49,
9677,2010,3.3,24.68,27.95,1583.77,0
9677,2011,2.55,29.72,30.85,1663.34,0
9677,2012,2.58,30.29,31.91,1709.48,0.82
9677,2013,2.8,31.43,29.32,1726.61,1.67
9677,2014,2.53,32.4,32.78,1767.13,2.21
9677,2015,2.31,38.04,32.04,1816.56,4.8
9677,2016,2.27,40.22,33.04,1850.81,5.23
9677,2017,1.97,36.2,31.16,1933.52,3.52
9677,2018,1.8,36.6,34.34,2006.77,2.22
9677,2019,1.75,35.35,34.26,2081.45,1.85
9677,2020,2.52,33.2,30.68,,1.71
9677,1995,,30.13,24.48,,
9677,1996,,25.17,23.88,,
9677,1997,,26.2,26.86,,
9678,1998,7.49,38.65,34.26,,
9678,1999,6.99,38.35,34.08,,
9678,2000,5.97,37.9,35.35,1234.21,
9678,2001,5.59,36.2,33.78,1322.55,
9678,2002,5.96,33.83,33.8,1303.55,
9678,2003,5.9,33.92,34.99,1317.99,
9678,2004,5.35,30.81,33.74,1333.58,
9678,2005,5.79,32.08,35.08,1358.72,
9678,2006,5.42,29.69,34.68,1402.98,
9678,2007,4.03,30.78,33.5,1450.72,
9678,2008,3.04,33.36,37.31,1509.41,
9678,2009,3.57,32.07,35.28,1500.01,
9678,2010,3.34,32.66,34.63,1571.79,0.47
9678,2011,2.82,37.13,36.8,1642.97,0.56
9678,2012,2.63,37.9,36.75,1676.99,0.8
9678,2013,2.8,41.17,37.24,1691.07,1.25
9678,2014,2.97,46.15,38.17,1733.62,3.67
9678,2015,3.13,52.01,40.74,1766.42,18.06
9678,2016,3.09,48.46,44.64,1814.99,6.15
9678,2017,2.55,45.59,41.34,1887.35,5.3
9678,2018,2.28,44.2,42.45,1955.48,3.16
9678,2019,2.35,52.16,48.08,2020.37,6.38
9678,2020,2.77,53.4,49.65,,7.91
9678,1995,,43.48,34.54,,
9678,1996,,38.38,33.58,,
9678,1997,,39.59,35.92,,
9679,1998,5.52,47.58,43.11,,
9679,1999,5.01,45.62,43.23,,
9679,2000,4.25,43.25,43.33,1262.87,
9679,2001,4.15,41.22,40.84,1333.98,
9679,2002,4.51,42.12,39.71,1338.33,
9679,2003,5.21,39.95,40.64,1375.4,
9679,2004,5.39,39.79,38.96,1418.59,
9679,2005,5.64,39.44,40.85,1439.95,
9679,2006,4.67,44.24,43.08,1467.25,
9679,2007,3.49,45.91,42.67,1492.88,
9679,2008,2.83,41.05,44.47,1557.29,
9679,2009,3.19,39.79,41.35,1545.61,
9679,2010,3.22,39.46,40.12,1625.02,0.41
9679,2011,2.87,42.34,42.17,1715.51,0.52
9679,2012,2.72,44.63,44.37,1726.78,0.49
9679,2013,2.8,48.7,44.61,1759.83,1.2
9679,2014,2.65,50.99,46.5,1796.98,2.61
9679,2015,2.34,54.71,47.37,1889.53,3.12
9679,2016,2.27,54.63,48.14,1874.79,4.66
9679,2017,2.1,50.14,47.6,1956.19,2.96
9679,2018,1.89,48.82,46.11,2021.73,2.31
9679,2019,1.86,50.99,48.21,2083.6,1.79
9679,2020,2.35,49.54,46.16,,1.75
9679,1995,,51.97,40.95,,
9679,1996,,49.35,42.34,,
9679,1997,,46.79,43.17,,
9761,1998,10.18,53.34,58.86,,
9761,1999,8.82,60.35,57.47,,
9761,2000,7.04,58.36,55.59,1305.79,
9761,2001,6.75,61.53,48.5,1334.56,
9761,2002,8.43,57.96,50.23,1335.55,
9761,2003,10.19,49.91,47.79,1365.8,
9761,2004,10.79,54.96,48.66,1379.31,
9761,2005,13.47,59.46,48.58,1373.83,
9761,2006,11.85,52.96,51.57,1390.47,
9761,2007,9.32,56.4,52.78,1406.75,
9761,2008,7.41,55.64,52.66,1439.93,
9761,2009,8.29,59.05,55.16,1422.88,
9761,2010,7.7,62.08,56.13,1469.69,3.31
9761,2011,6.96,66.11,56.84,1490.66,2.91
9761,2012,6.43,69.13,55.57,1536.72,2.59
9761,2013,6.4,73.43,58.35,1548.16,3.08
9761,2014,6.65,76.53,60.52,1542.68,3.38
9761,2015,6.49,82.24,63.78,1582.82,2.59
9761,2016,6.01,79.13,70.74,1602.32,4.56
9761,2017,5.41,72.18,60.93,1664.63,3.88
9761,2018,4.97,73.26,65.86,1712.12,3.76
9761,2019,4.9,71.52,67.09,1755.94,3.53
9761,2020,6.17,62.28,63.44,,3.4
9761,1995,,50.9,58.36,,
9761,1996,,51.6,54.27,,
9761,1997,,52.08,57.2,,
9762,1998,8.74,46.89,51.03,,
9762,1999,7.94,52.69,51.59,,
9762,2000,6.13,54.24,48.97,1390.07,
9762,2001,5.96,54.44,44.1,1440.26,
9762,2002,7.22,54.4,43.48,1431.02,
9762,2003,8.76,47.09,43.56,1468.02,
9762,2004,9.28,45.72,45.86,1504.09,
9762,2005,9.93,46.46,49.14,1514.19,
9762,2006,9.16,45.92,47.66,1536.81,
9762,2007,7.17,49.07,43.79,1543.05,
9762,2008,5.85,50.02,48.47,1598.68,
9762,2009,7.3,49.23,46.46,1583.34,
9762,2010,7.1,50.31,46.1,1641.67,0.65
9762,2011,5.84,53.55,51.74,1716.81,1.09
9762,2012,5.72,56.6,50.11,1761.4,1.27
9762,2013,6.1,56.4,48.28,1744.46,2.49
9762,2014,5.8,63.1,53.51,1741.89,4.52
9762,2015,5.92,72.99,54.22,1774.21,9.15
9762,2016,5.64,66.17,53.65,1814.74,10.06
9762,2017,4.65,63.5,53.94,1919.43,5.2
9762,2018,4.2,66.57,52.9,1962.79,3.55
9762,2019,3.91,65.88,52.48,1992.05,2.27
9762,2020,4.49,57.88,48.61,,1.12
9762,1995,,61.1,56.1,,
9762,1996,,52.31,52.5,,
9762,1997,,44.82,55.93,,
9763,1998,8.27,62.27,63.12,,
9763,1999,7.44,61.45,58.71,,
9763,2000,6.17,61.8,59.38,1458.17,
9763,2001,6.05,59.04,54.81,1532.91,
9763,2002,7.14,61.24,57.18,1521.21,
9763,2003,8.16,56.52,55.33,1556.12,
9763,2004,8.13,56.68,51.82,1578.79,
9763,2005,9.57,56.24,56.78,1608.11,
9763,2006,7.52,64.26,59.66,1641.69,
9763,2007,5.56,64.32,58.12,1662.49,
9763,2008,4.57,68.71,58.63,1687.74,
9763,2009,5.91,63.75,61.75,1657.34,
9763,2010,5.19,65.1,60.83,1704.97,1.82
9763,2011,4.45,67.96,62.3,1717.82,1.88
9763,2012,4.64,71.49,63.88,1709.91,1.53
9763,2013,4.8,72.49,63.2,1747.85,1.55
9763,2014,4.86,80.52,69.68,1730.62,3.67
9763,2015,4.59,84.11,63.42,1736.61,20.63
9763,2016,4.36,74.78,69.44,1777.11,7.72
9763,2017,3.74,75.41,62.43,1839.27,6.13
9763,2018,3.36,75.36,66.22,1886.33,5.05
9763,2019,3.18,74.39,69.44,1932.49,3.27
9763,2020,4.19,66.14,67.93,,3.19
9763,1995,,63.3,57.95,,
9763,1996,,61.97,59.25,,
9763,1997,,59.99,59.71,,
9764,1998,8.42,60.5,60.04,,
9764,1999,7.41,59.94,54.84,,
9764,2000,5.86,53.73,57.75,1453.69,
9764,2001,5.33,61.31,52.92,1546.11,
9764,2002,6.75,56.62,53.39,1545.47,
9764,2003,7.64,54.04,52.63,1601.94,
9764,2004,7.73,55.84,52.66,1637.4,
9764,2005,8.72,51.48,52.4,1684.51,
9764,2006,7.19,54.44,51.57,1741.71,
9764,2007,4.88,53.34,53.44,1791.6,
9764,2008,3.87,56.93,53.45,1816.97,
9764,2009,5.97,56.03,52.84,1769.06,
9764,2010,5.27,55.77,54.38,1805.21,0.05
9764,2011,3.58,59.84,54.63,1872.37,0
9764,2012,3.65,61.61,53.02,1969.81,0.63
9764,2013,3.8,61.33,53.74,2018.22,1.84
9764,2014,3.91,66.92,55.76,2126.27,4.43
9764,2015,4.04,78.06,61.58,2201.66,42.74
9764,2016,4.16,66.02,57.58,2210.65,6.44
9764,2017,3.48,66.05,59.79,2301.45,4.42
9764,2018,3.12,68.64,58.47,2369.9,2.92
9764,2019,3.21,67.14,58.84,2393.85,3.27
9764,2020,4.28,64.43,57.94,,3.16
9764,1995,,59.69,53.07,,
9764,1996,,55.15,52.57,,
9764,1997,,59.3,54.75,,
9771,1998,5.96,40.21,36.52,,
9771,1999,5.35,42.11,34.98,,
9771,2000,4.34,44.81,35.29,1485.55,
9771,2001,4.06,39.99,31.64,1579.45,
9771,2002,4.81,41.06,34.09,1531.04,
9771,2003,5.57,40.64,33.5,1549.04,
9771,2004,5.73,38.88,36.14,1569.18,
9771,2005,6,39.12,37.69,1602.21,
9771,2006,5.46,39.9,39.22,1651.27,
9771,2007,4.02,40.68,38.97,1697.5,
9771,2008,3.13,40.3,40.96,1732.84,
9771,2009,3.59,40.28,39,1689.74,
9771,2010,3.28,38.87,38.02,1747.41,0.02
9771,2011,2.85,43.44,39.24,1846.42,0.3
9771,2012,2.61,59.01,55.11,1898.2,0.62
9771,2013,2.6,55.55,45.95,1921.06,2.05
9771,2014,2.72,50.26,44.86,1965.35,3.9
9771,2015,2.66,58.94,46.8,1960.63,8.47
9771,2016,2.54,52.46,46.28,2053.89,6.43
9771,2017,2.2,49.64,42.05,2166.11,4.53
9771,2018,2.05,51.46,44.89,2222.92,3.84
9771,2019,2.06,53.16,45.06,2273.35,4.85
9771,2020,2.61,48.52,45.58,,4.33
9771,1995,,46.82,39.12,,
9771,1996,,43.34,36.72,,
9771,1997,,40.46,38.36,,
9772,1998,6.63,44.25,39.49,,
9772,1999,5.78,44.83,38.02,,
9772,2000,4.43,43.61,39.37,1450.85,
9772,2001,4.17,44.43,36.83,1494.7,
9772,2002,4.83,41.91,36.66,1483.61,
9772,2003,5.87,40.03,36.8,1516.39,
9772,2004,6.25,39.2,36.58,1547.61,
9772,2005,6.3,38.17,38.33,1568.38,
9772,2006,5.39,36.97,37.64,1606.12,
9772,2007,4.25,37.36,36.7,1637.13,
9772,2008,3.2,35.95,37.91,1693.38,
9772,2009,3.75,38.25,38.45,1668.43,
9772,2010,3.74,37.51,35.56,1732.91,0.26
9772,2011,3.09,42.76,37.84,1832.57,0.29
9772,2012,2.72,45.2,39.32,1875.4,0.65
9772,2013,2.8,49.16,40.69,1873.84,1.41
9772,2014,2.96,50.21,42.22,1911.06,2.87
9772,2015,2.91,56.97,43.93,1954.88,4.47
9772,2016,2.8,55.24,46,2000.44,5.15
9772,2017,2.53,52.51,43.46,2099.67,4.43
9772,2018,2.37,52.27,45.48,2160.85,4.16
9772,2019,2.38,53.81,45.87,2206.25,5.16
9772,2020,3.01,51.54,41.44,,4.34
9772,1995,,53.9,38.17,,
9772,1996,,46.84,37.6,,
9772,1997,,45.36,38.97,,
9773,1998,5.23,33.61,28.41,,
9773,1999,4.49,32.99,27.69,,
9773,2000,3.72,32.32,29.35,1319.89,
9773,2001,3.52,34.78,27.38,1424.26,
9773,2002,3.89,33.58,27.05,1408.72,
9773,2003,4.9,32.07,26.79,1452.89,
9773,2004,5.22,30.78,28.26,1499.15,
9773,2005,5.97,29.02,28.91,1513.17,
9773,2006,5.39,28.62,30.89,1546.16,
9773,2007,3.92,29.16,31.46,1581.25,
9773,2008,2.89,28.57,31.84,1630.33,
9773,2009,3.48,27.1,29.38,1593.57,
9773,2010,3.42,26.36,30.19,1661.63,0.63
9773,2011,2.77,29.94,31.76,1748.98,0.65
9773,2012,2.45,31.56,30.55,1790.21,1.25
9773,2013,2.6,35.65,33.54,1799.48,2.12
9773,2014,2.45,41.06,35.92,1837.77,4.55
9773,2015,2.39,49.36,36.5,1886.9,18.48
9773,2016,2.3,41.03,37.14,1948.51,6.83
9773,2017,2.09,43.29,35.45,2023.9,4.3
9773,2018,1.78,45.47,35.88,2075.53,4.8
9773,2019,1.85,43.8,36.64,2130.51,4.25
9773,2020,2.53,39.88,32.95,,3.6
9773,1995,,43.88,29.61,,
9773,1996,,37.56,28.73,,
9773,1997,,34.42,29.53,,
9774,1998,5.89,33.44,32.68,,
9774,1999,5.56,34.56,32.23,,
9774,2000,4.92,34.11,32.9,1281.05,
9774,2001,4.81,35.78,31.46,1353.84,
9774,2002,5.79,35.04,31.74,1360.94,
9774,2003,6.31,31.96,29.5,1399.32,
9774,2004,6.37,31.08,33.2,1447.5,
9774,2005,6.97,32.45,33.34,1476.34,
9774,2006,6.29,31.49,35.64,1524.82,
9774,2007,4.52,30.81,30.9,1567.89,
9774,2008,2.76,34.05,37.42,1655.51,
9774,2009,4.01,31.55,35.37,1670.01,
9774,2010,3.86,32.72,32.47,1765.79,0.46
9774,2011,2.83,38.07,38.33,1851.78,0.89
9774,2012,2.81,39.9,38.29,1797.95,0.89
9774,2013,3,43.49,36.92,1818.98,1.75
9774,2014,2.86,47.9,38.14,1843.01,3.68
9774,2015,2.67,52.93,41.32,1852.47,5.97
9774,2016,2.48,45.69,40.35,1953.96,4.83
9774,2017,2.21,48.59,40.04,2011.97,4.14
9774,2018,1.87,51.2,41.23,2066.18,3.79
9774,2019,1.94,53.44,43.25,2100.03,3.74
9774,2020,2.67,44.75,40.73,,3.22
9774,1995,,44.69,34.25,,
9774,1996,,37.82,34.02,,
9774,1997,,34.05,33.26,,
9775,1998,7.03,43.6,42.68,,
9775,1999,6.44,43.33,39.86,,
9775,2000,5.23,41.74,38.66,1357.91,
9775,2001,5.15,43.98,36.54,1431.01,
9775,2002,5.78,41.65,35.54,1434.9,
9775,2003,6.55,41.86,37.58,1477.33,
9775,2004,6.57,41.76,40.23,1519.15,
9775,2005,7.2,41.5,42.23,1548.9,
9775,2006,6.01,40.11,39.96,1588.87,
9775,2007,4.23,43.72,40.21,1623.99,
9775,2008,2.95,45.62,41.71,1670.06,
9775,2009,4.35,44.15,41.1,1644.79,
9775,2010,3.92,44.25,42.7,1706.53,0.36
9775,2011,3.11,50.78,45.84,1791.93,0.44
9775,2012,3.08,52.4,46.46,1802.11,0.76
9775,2013,3.4,57.58,49.16,1810.71,1.7
9775,2014,3.11,59.22,52.37,1867.47,3.69
9775,2015,2.75,66.52,51.97,1888.81,7.57
9775,2016,2.52,60.94,60.32,1951.41,6.31
9775,2017,2.3,62.11,53.71,2010,4.96
9775,2018,2.08,65.15,54.86,2066.53,3.89
9775,2019,2.19,65.54,60.02,2118.45,3.95
9775,2020,3.24,56.04,52.02,,2.87
9775,1995,,59.26,55.39,,
9775,1996,,52.51,52.1,,
9775,1997,,46.14,47.46,,
9776,1998,5.02,43.29,39.56,,
9776,1999,4.64,41.76,39.51,,
9776,2000,3.72,44.67,39.47,1378.55,
9776,2001,3.38,46.51,36.07,1432.42,
9776,2002,3.96,43.81,37.27,1437.25,
9776,2003,4.53,44.23,36.61,1484.81,
9776,2004,4.47,42.56,38.04,1532.35,
9776,2005,5.08,47.71,38.31,1570.93,
9776,2006,4.47,47.32,41.83,1622.4,
9776,2007,3.87,48.44,41.15,1660.15,
9776,2008,3,47.53,45.91,1688.34,
9776,2009,3.95,43.83,42.9,1646.72,
9776,2010,3.54,44.44,41.9,1684.54,1.54
9776,2011,2.73,53.81,48.78,1786.67,1.72
9776,2012,2.7,54.82,49.27,1887.3,1.5
9776,2013,3,55,48.58,1913.5,1.91
9776,2014,2.92,60.7,53.25,1956.51,3.99
9776,2015,2.82,68.99,53.9,2039.63,16.72
9776,2016,2.69,61.25,58.15,2133.02,7.1
9776,2017,2.43,58.28,53.05,2171.45,5
9776,2018,2.36,60.1,51.19,2230.41,4.2
9776,2019,2.35,57.84,51.61,2279.93,4.05
9776,2020,3.23,52.26,47.09,,3.9
9776,1995,,42.28,37.67,,
9776,1996,,41.51,37.15,,
9776,1997,,41.11,37.58,,
9777,1998,5.12,39.46,33.42,,
9777,1999,4.58,42.71,33.97,,
9777,2000,3.71,44.15,37.71,1260.9,
9777,2001,3.65,44.63,38.45,1333.53,
9777,2002,4.14,43.94,38.43,1335.39,
9777,2003,5.11,42.97,38.06,1375.43,
9777,2004,5.37,39.67,36.66,1430.54,
9777,2005,5.38,40.48,35.94,1460.04,
9777,2006,4.52,36.77,37.35,1511.07,
9777,2007,3.5,38.52,38.14,1571.5,
9777,2008,2.84,38.77,40.43,1622.33,
9777,2009,3.8,38.22,36.54,1585.79,
9777,2010,3.6,37.31,37,1647.91,0.28
9777,2011,2.92,41.46,38.65,1733.97,0.52
9777,2012,2.61,44.09,38.73,1785.85,0.77
9777,2013,2.7,45.15,38.26,1823.04,1.72
9777,2014,2.78,51.38,42.44,1853.83,3.77
9777,2015,2.77,56.55,42.59,1869.32,11.27
9777,2016,2.74,48.75,45.44,1888.62,4.72
9777,2017,2.41,48.84,41.53,1997.15,3
9777,2018,2.21,50.06,42.87,2048.87,2.82
9777,2019,2.16,50.12,42.77,2097.91,3.01
9777,2020,2.89,44.32,38.56,,2.64
9777,1995,,46.96,42.48,,
9777,1996,,39.43,37.69,,
9777,1997,,38.95,33.1,,
9778,1998,5.2,35.28,33.68,,
9778,1999,4.38,36.25,31.25,,
9778,2000,3.61,36.56,30.37,1347.67,
9778,2001,3.6,35.9,28.44,1413.07,
9778,2002,4.51,33.07,29.86,1402.85,
9778,2003,5.37,34.19,29.87,1460.02,
9778,2004,5.3,31.65,30.61,1524.09,
9778,2005,5.4,32.41,32.77,1569.36,
9778,2006,4.58,34.03,33.1,1624.04,
9778,2007,3.08,33.94,31.19,1672.32,
9778,2008,2.28,35.05,35.52,1719.7,
9778,2009,3.26,34.94,35.68,1685.26,
9778,2010,2.88,35.46,33.01,1748.61,0.01
9778,2011,2.13,40.29,36.15,1833.51,0.01
9778,2012,2.01,45.71,37.64,1881.16,0.92
9778,2013,2.1,46.95,37.87,1927.92,1.43
9778,2014,2.21,51.85,41.45,1977.08,3.82
9778,2015,2.23,59.64,45.74,2035.76,8.69
9778,2016,2.18,52.66,47.14,2029.87,6.55
9778,2017,1.91,55,43.61,2070.01,5.38
9778,2018,1.8,56.42,45.01,2117.57,5.08
9778,2019,1.81,57.04,47.61,2164.86,5.24
9778,2020,2.44,51.67,44.74,,4.52
9778,1995,,43.53,35.7,,
9778,1996,,38.88,34.08,,
9778,1997,,36.01,33.59,,
9779,1998,5.13,27.87,26.51,,
9779,1999,4.58,26.31,24.59,,
9779,2000,3.92,29.48,25.1,1284.25,
9779,2001,3.9,30.05,26.61,1356.72,
9779,2002,3.8,29.82,25.72,1368.85,
9779,2003,4.52,28.74,25.28,1439.39,
9779,2004,4.48,25.13,26.2,1522.39,
9779,2005,5.46,24.88,25.53,1532.33,
9779,2006,4.91,22.55,26.34,1566.08,
9779,2007,3.63,25.43,26.81,1596.92,
9779,2008,2.48,26.73,29.35,1658.09,
9779,2009,3.02,27.2,28.92,1641.01,
9779,2010,2.97,26.8,27.64,1716.31,0.65
9779,2011,2.3,32.97,29.02,1809.8,0.69
9779,2012,2.02,38.28,29.9,1870.25,0.95
9779,2013,2.1,40.4,35.61,1848.17,1.99
9779,2014,2.07,45.24,38.33,1909.42,4.17
9779,2015,2.07,49.27,39.42,1942.95,14.88
9779,2016,2.16,55.47,46.2,1994.84,10.12
9779,2017,1.92,57.33,51.07,2032.84,8.07
9779,2018,1.65,59.02,53.93,2096.95,8.1
9779,2019,1.57,61.76,59.2,2161.27,4.74
9779,2020,2.17,45.36,39.79,,3.35
9779,1995,,33.24,27.38,,
9779,1996,,30.72,26.73,,
9779,1997,,27.39,27.41,,
9780,1998,5.87,43.98,40.67,,
9780,1999,5.27,42.89,39.08,,
9780,2000,4.27,43.43,39.57,1315.26,
9780,2001,4.32,45.36,39.49,1402.36,
9780,2002,4.87,44.79,40.23,1384.19,
9780,2003,5.68,43.61,39.21,1425.38,
9780,2004,5.66,40.54,36.4,1460.29,
9780,2005,5.99,42.06,37.47,1494.55,
9780,2006,5.1,39.93,39.1,1546.02,
9780,2007,4.01,39.19,36.41,1590.56,
9780,2008,3.17,39.74,39.12,1648.55,
9780,2009,3.73,38.21,38.29,1633.06,
9780,2010,3.66,38.47,38.08,1705.52,0.18
9780,2011,3.09,41.8,39.35,1801.07,0.18
9780,2012,3,45.65,39.17,1832.59,0.62
9780,2013,3.1,47.04,38.24,1834.13,1.63
9780,2014,3.09,47.95,43.44,1854.28,2.65
9780,2015,2.81,55.39,42.65,1887.29,6.98
9780,2016,2.79,50.11,46.09,1960.67,6.19
9780,2017,2.63,48.39,42.22,2054.45,3.97
9780,2018,2.31,49.29,42.85,2116.53,3.65
9780,2019,2.16,50.21,44.84,2164.73,3.8
9780,2020,2.75,46.34,42.35,,3.55
9780,1995,,53.9,51.16,,
9780,1996,,47.94,46.02,,
9780,1997,,42.41,42.85,,
10041,1998,14.19,33.21,36.42,,
10041,1999,13.38,34.02,34.41,,
10041,2000,12.39,32.31,31.35,1186.21,
10041,2001,11.5,33.64,31.74,1239.04,
10041,2002,11.56,34.45,31.83,1233.66,
10041,2003,12.12,32.57,32.06,1252.38,
10041,2004,11.25,34.18,37.7,1303.45,
10041,2005,13.45,33.62,36.69,1336.69,
10041,2006,12.71,32.94,34.87,1349.44,
10041,2007,11.52,33.85,36.95,1374.31,
10041,2008,10.52,38.12,35.9,1401.24,
10041,2009,10.37,37.34,38.74,1391.16,
10041,2010,10.04,37.55,36.06,1422.02,0.91
10041,2011,9.34,40.25,37.89,1482.52,1.01
10041,2012,9.03,42.14,38.74,1493.06,1
10041,2013,9.7,43.25,40.09,1499.82,1.18
10041,2014,9.76,46.51,43.49,1523.73,2.29
10041,2015,10.08,53.01,42.02,1552.3,3.15
10041,2016,9.95,58.96,42.63,1579.87,1.29
10041,2017,9.28,48.81,42.57,1618.89,0.85
10041,2018,8.62,46.64,43.79,1661.7,0.69
10041,2019,8.79,47.67,45.9,1705.6,0.66
10041,2020,10.26,41.83,40.36,,1.02
10041,1995,,33.78,33.4,,
10041,1996,,38.49,35.42,,
10041,1997,,33.87,36.27,,
10042,1998,10.45,30.38,28.61,,
10042,1999,9.15,28.99,27.62,,
10042,2000,8.14,29.33,26.12,1154.06,
10042,2001,7.26,30.17,25.63,1234.52,
10042,2002,6.97,30.38,26.5,1224.73,
10042,2003,7.54,31.47,28.05,1255.23,
10042,2004,7.43,29.74,25.48,1358.21,
10042,2005,8.41,29.36,26.64,1323.5,
10042,2006,7.83,29.93,28.4,1280.58,
10042,2007,6.52,33.21,28.21,1263.88,
10042,2008,5.21,33.89,31.49,1285.27,
10042,2009,5.72,33.5,33.3,1281.6,
10042,2010,5.73,33.27,32.1,1313.62,0.13
10042,2011,4.93,35.5,33.93,1367.36,0.12
10042,2012,4.87,37.32,33.95,1381.33,0.11
10042,2013,5.1,36.8,35.01,1421.6,0.24
10042,2014,5.21,42.4,38.62,1453.19,1.24
10042,2015,5.19,55.26,39.13,1485.13,19.72
10042,2016,5.61,52.57,39.95,1528.61,0.76
10042,2017,4.72,44.56,41.74,1568.41,0.31
10042,2018,4.21,41.6,38.81,1617.45,0.15
10042,2019,4.23,43.18,37.97,1666.65,0.17
10042,2020,4.78,42.8,35.12,,0.58
10042,1995,,34.59,28.18,,
10042,1996,,32.79,29.76,,
10042,1997,,31.86,29.77,,
10043,1998,11.27,26.29,29.11,,
10043,1999,10.66,30.01,29.98,,
10043,2000,9.54,27.91,27.86,1170.88,
10043,2001,8.96,27.63,27.69,1237.41,
10043,2002,9.69,28.79,26.74,1234.36,
10043,2003,9.99,27.83,27.52,1246.68,
10043,2004,9.85,28.7,30.06,1280.36,
10043,2005,11.34,27.54,29.57,1305.61,
10043,2006,10.12,25.93,28.59,1317.63,
10043,2007,8.62,28.28,30.34,1336.86,
10043,2008,7.07,29.01,33.26,1376.92,
10043,2009,7.87,29.66,32.91,1386.47,
10043,2010,7.93,27.98,30.85,1432.85,0.34
10043,2011,6.98,30.7,31.22,1495.3,0.49
10043,2012,7.3,32.42,32.21,1509.4,0.48
10043,2013,8,35.09,34.7,1525.24,0.72
10043,2014,8.18,39.75,35.5,1556.92,1.62
10043,2015,8.16,48.55,35.91,1581.48,9.95
10043,2016,8.4,53.01,40.68,1617.39,1.1
10043,2017,7.63,42.65,42.24,1662.94,0.7
10043,2018,6.76,42.62,43.21,1720.22,0.6
10043,2019,6.74,41.69,40.9,1773.4,0.43
10043,2020,7.85,41.2,36.55,,0.88
10043,1995,,33.47,30.01,,
10043,1996,,31.97,29.21,,
10043,1997,,28.33,29.11,,
10044,1998,11.19,31.58,41.96,,
10044,1999,10.4,34.3,31.22,,
10044,2000,9.53,30.8,32.04,1173.34,
10044,2001,8.43,31.18,28.32,1229.85,
10044,2002,7.8,32.01,27.56,1223,
10044,2003,8.09,31.12,26.98,1236.68,
10044,2004,7.75,28.37,26.97,1279.47,
10044,2005,9.12,25.93,26.26,1309.13,
10044,2006,8.62,24.55,26.82,1322.49,
10044,2007,7,25.68,27.29,1346.37,
10044,2008,6.08,26.78,29.15,1379.88,
10044,2009,6.57,26.98,30.39,1384.58,
10044,2010,6.25,27.51,28.54,1431.76,0.22
10044,2011,5.58,30.38,29.84,1518.37,0.2
10044,2012,5.82,32.21,31.54,1552.34,0.29
10044,2013,6.6,36.36,33.84,1579.1,0.57
10044,2014,6.09,44.57,41.9,1605.02,1.54
10044,2015,5.65,80.84,68.51,1640.46,4.84
10044,2016,5.34,68.68,59.5,1690.58,1.28
10044,2017,5.24,40.51,39.88,1727.5,0.98
10044,2018,4.71,39.74,36.45,1783.8,5.61
10044,2019,4.76,38.21,36.92,1839.73,4.55
10044,2020,5.63,36.83,34.45,,4.85
10044,1995,,34.59,32.45,,
10044,1996,,31.2,29.43,,
10044,1997,,32.59,31.2,,
10045,1998,9.27,35.79,33.13,,
10045,1999,8.77,37.52,34.82,,
10045,2000,7.8,35.37,34.38,1260.95,
10045,2001,7.14,35.07,35.17,1322.62,
10045,2002,7.62,33.9,32.76,1316.11,
10045,2003,8.13,31.59,31.27,1335.85,
10045,2004,8.2,31.29,32.45,1384.26,
10045,2005,9.41,32.59,33.12,1422.64,
10045,2006,8.19,29.69,32.06,1437.98,
10045,2007,6.56,30.38,32.42,1472.52,
10045,2008,5.39,31.64,34.4,1516.26,
10045,2009,6.55,33.12,34.91,1514.62,
10045,2010,6.31,34.85,33.17,1557.75,0.43
10045,2011,5.35,36.18,35.03,1653.52,0.34
10045,2012,5.52,36.9,36.98,1672.98,0.32
10045,2013,6,41.5,37.77,1706.59,0.44
10045,2014,5.71,43.22,40.38,1751.25,1.63
10045,2015,5.43,52.56,39.8,1774.07,343.43
10045,2016,5.7,54.85,40.41,1823.95,1.02
10045,2017,5.27,42.73,41.61,1908.54,0.4
10045,2018,4.96,42.84,41.94,1972.17,0.3
10045,2019,4.79,43.92,40.09,2032.83,0.27
10045,2020,5.5,40.82,38.01,,0.71
10045,1995,,36.49,32.96,,
10045,1996,,34.01,34.53,,
10045,1997,,33.91,34.44,,
10046,1998,7.77,25.75,26.53,,
10046,1999,7.31,24.7,24.51,,
10046,2000,6.45,25.59,23.97,1438.4,
10046,2001,5.89,24.82,23.16,1620.49,
10046,2002,6.27,27.12,24.34,1562.23,
10046,2003,6.84,24.59,23.23,1616.32,
10046,2004,6.98,25.6,23.31,1708.2,
10046,2005,7.88,23.48,24.59,1720.91,
10046,2006,6.92,20.77,24.62,1697.28,
10046,2007,5.3,24.49,25.29,1683.66,
10046,2008,4.27,23.5,27.7,1749.83,
10046,2009,4.87,24.34,26.69,1799.69,
10046,2010,4.81,24.16,24.99,1853.62,0.35
10046,2011,3.96,24.92,26.21,1929.95,0.32
10046,2012,3.84,27.83,28.48,1981.37,0.28
10046,2013,4.2,29.82,29.82,1921.66,0.55
10046,2014,3.99,31.46,29.07,1634.31,1.5
10046,2015,3.82,42.34,28.79,1661.64,9.13
10046,2016,3.89,43.47,32.67,1753.95,0.92
10046,2017,3.54,32.53,32.81,1788.52,0.6
10046,2018,3.19,33.32,31.75,1855.88,0.57
10046,2019,3.27,33.97,32.31,1917.37,0.34
10046,2020,3.82,31.55,30.07,,1.39
10046,1995,,32.47,24.85,,
10046,1996,,26.83,24.39,,
10046,1997,,25.9,26.69,,
11000,1998,16.1,34.81,41.08,,
11000,1999,15.88,36.16,38.23,,
11000,2000,15.79,36.41,36.67,1232.53,
11000,2001,16.07,36.99,33.9,1255.39,
11000,2002,16.94,36.28,33.72,1244.25,
11000,2003,18.09,34.28,34.13,1237.93,
11000,2004,17.62,34.02,33.53,1276.05,
11000,2005,18.96,34.48,31.48,1281.55,
11000,2006,17.46,34.93,31.79,1316.54,
11000,2007,15.51,37.16,33.65,1323.9,
11000,2008,13.87,38.65,34.19,1353.19,
11000,2009,14.04,41.78,38.73,1373.46,
11000,2010,13.56,42.7,37.84,1382.09,3.3
11000,2011,13.28,47.76,35.91,1483.86,3.63
11000,2012,12.29,48.76,36.52,1496.42,4.04
11000,2013,11.7,49.52,37.28,1512.75,5.05
11000,2014,11.12,50.31,39.62,1526.39,7.09
11000,2015,10.66,51.93,40.25,1574.87,0.28
11000,2016,9.77,58.1,47.37,1604.78,11.54
11000,2017,8.96,49.3,40.02,1674.32,7.08
11000,2018,8.14,49.41,41.34,1719.35,6.89
11000,2019,7.82,50.35,44.02,1771.28,6.92
11000,2020,9.69,39.01,39.54,,
11000,1995,,35.53,32.65,,
11000,1996,,33.93,35.22,,
11000,1997,,32.87,40.73,,
12051,1998,20.05,27.57,46.8,,
12051,1999,21.03,28.91,43.44,,
12051,2000,21.12,30.11,43.58,1062.76,
12051,2001,20.53,32.62,42.51,1096.98,
12051,2002,21.51,35.11,44.55,1120.97,
12051,2003,22.17,32.34,37.16,1127.94,
12051,2004,21.09,35.13,39.41,1141.33,
12051,2005,21.29,34.59,39.9,1151.38,
12051,2006,19.44,33.3,37.56,1177.92,
12051,2007,18.16,34.8,38.65,1196.48,
12051,2008,15.35,35.51,38.25,1227.43,
12051,2009,15.06,36.19,34.79,1261.4,
12051,2010,13.82,35.25,37.11,1261.07,1.52
12051,2011,14.04,37.94,37.08,1308.97,1.88
12051,2012,13.79,36.42,36.09,1323.42,1.73
12051,2013,12.9,39.22,36.55,1356.87,2.04
12051,2014,12.83,39.28,34.87,1379.13,3.31
12051,2015,11.97,47.35,34.85,1410.5,9.05
12051,2016,10.93,45.98,43.84,1449.66,6.27
12051,2017,9.26,45.61,36.66,1519.05,5.15
12051,2018,8.76,44.98,34.93,1565.05,4.34
12051,2019,8.13,47.48,38.42,1624.64,3.88
12051,2020,8.06,41.13,35.08,,3.54
12051,1995,,21.5,34.77,,
12051,1996,,25.9,36.7,,
12051,1997,,25.98,44.81,,
12052,1998,17.91,36.61,63.83,,
12052,1999,17.91,39.87,72.23,,
12052,2000,17.53,41.71,60.68,1085.26,
12052,2001,17.47,41.5,61.72,1131.34,
12052,2002,17.95,42.49,59.24,1161.15,
12052,2003,19.33,41.89,53.05,1182.53,
12052,2004,19.48,42.32,49.63,1193.72,
12052,2005,18.59,41.1,47.87,1203.6,
12052,2006,18.63,38.59,49.56,1230.47,
12052,2007,17.01,40.97,47.38,1246.24,
12052,2008,14.52,40.47,46.67,1281.87,
12052,2009,14.45,44.17,42.59,1314.43,
12052,2010,12.79,47.2,40,1320.51,0.69
12052,2011,13,46.31,43.12,1382.49,1.14
12052,2012,12.13,47.86,43.53,1398.83,0.73
12052,2013,11.8,46.59,45.79,1439.03,1.44
12052,2014,11.01,51.61,49.18,1485.87,3.15
12052,2015,9.95,54.53,47.51,1482.6,13.76
12052,2016,9.36,67.92,46.96,1497.46,7.08
12052,2017,8.84,56.07,44.85,1539.04,6.08
12052,2018,8.16,45.71,48.68,1610.23,5.41
12052,2019,7.6,47.01,48.32,1684.35,4.76
12052,2020,8.12,38.09,41.28,,4.41
12052,1995,,29.14,44.59,,
12052,1996,,32.3,47.77,,
12052,1997,,37.8,54.42,,
12053,1998,17.46,32.04,58.88,,
12053,1999,18.5,32.83,56.17,,
12053,2000,18.43,38.26,60.85,1025.72,
12053,2001,18.8,38.99,62.89,1057.74,
12053,2002,19.31,39.03,64.58,1087.16,
12053,2003,20.2,41.53,57.99,1095.3,
12053,2004,20.66,38.79,63.66,1117.97,
12053,2005,18.84,39.78,60.05,1136.08,
12053,2006,18.41,38.09,53.42,1166.68,
12053,2007,16.06,42.2,49.82,1183.1,
12053,2008,15.46,42.55,50.79,1210.21,
12053,2009,15.27,45.64,52.34,1236.29,
12053,2010,13.77,47.9,49.16,1233.86,2.35
12053,2011,13.78,50.51,51.23,1302.17,2.83
12053,2012,14.07,48.36,53.21,1304.54,2.07
12053,2013,14.3,49.3,52.6,1327.89,2.5
12053,2014,13.14,57.62,60.02,1354.58,4.02
12053,2015,11.25,59.6,52.19,1382.5,31.79
12053,2016,9.96,75.85,56.57,1420.61,6.72
12053,2017,8.95,67.72,61.4,1472.3,6.7
12053,2018,8.54,57.85,56.17,1531.12,6.6
12053,2019,7.91,59.13,54.89,1594.86,6.22
12053,2020,8.39,44.78,50.3,,6.05
12053,1995,,25.73,41.46,,
12053,1996,,31.41,41.7,,
12053,1997,,34.18,55.98,,
12054,1998,11.33,59.56,69.2,,
12054,1999,11.45,58.16,60.44,,
12054,2000,11.24,59.6,54.82,1135.54,
12054,2001,11.26,60.48,50.69,1181.47,
12054,2002,11.97,62.5,54.88,1216.83,
12054,2003,12.8,62.55,51.74,1239.92,
12054,2004,12.28,61.84,58.11,1291.08,
12054,2005,13.38,63.05,51.81,1309.48,
12054,2006,11.63,58.87,52.03,1354.05,
12054,2007,9.78,61.72,50.97,1380.74,
12054,2008,8.24,64.47,52.33,1411.04,
12054,2009,8.35,63.89,55.44,1438.29,
12054,2010,8.29,62.7,50.83,1440.48,0.98
12054,2011,7.84,62.33,51.86,1470.19,1.28
12054,2012,7.66,62.26,52.92,1496.51,1.15
12054,2013,7.5,62.9,52.21,1538.75,1.08
12054,2014,7.27,64.78,51.28,1573.48,2.94
12054,2015,7,69.45,49.52,1609.76,13.55
12054,2016,6.67,64.23,66.66,1695.27,6.36
12054,2017,5.96,68.16,48.1,1773.07,5.95
12054,2018,5.67,65.57,53.54,1819.08,5.21
12054,2019,5.4,63.22,51.78,1857.57,5.23
12054,2020,5.96,54.55,44.58,,5.96
12054,1995,,47.14,52.46,,
12054,1996,,54.12,61.47,,
12054,1997,,56.03,70.78,,
12060,1998,18.41,60.62,31.6,,
12060,1999,17.24,59.16,32.92,,
12060,2000,16.7,50.67,34.18,1121.43,
12060,2001,17.3,47.1,36.88,1173.18,
12060,2002,17.17,45.35,37.92,1199.38,
12060,2003,18.29,46.51,34.16,1216.72,
12060,2004,18.05,48.2,34.89,1230.91,
12060,2005,17.24,41.93,34.42,1253.01,
12060,2006,16.3,40.77,34.36,1283.35,
12060,2007,14.65,38.34,34.45,1308.49,
12060,2008,13.01,37.55,35.37,1348.45,
12060,2009,11.35,38.07,35.8,1394.65,
12060,2010,10.1,38.35,35.98,1403.81,1.04
12060,2011,10.3,40.01,36.33,1488.35,1.05
12060,2012,9.97,39.42,32.79,1497.65,1.26
12060,2013,9.4,41.08,33.96,1533.36,2.12
12060,2014,8.57,44.12,33.42,1552.45,3.53
12060,2015,7.81,49.34,31.27,1579.61,7.01
12060,2016,7.1,40.84,45.68,1633.54,6.65
12060,2017,6.35,45.37,32.86,1697.85,4.63
12060,2018,5.67,47.38,32.74,1748.1,4.71
12060,2019,5.14,52.54,34.74,1797.41,6.43
12060,2020,5.73,46.39,30.45,,7.82
12060,1995,,47.8,30.66,,
12060,1996,,54.75,30.67,,
12060,1997,,66.04,30.84,,
12061,1998,14.36,63.08,34.81,,
12061,1999,14.39,55.07,36.73,,
12061,2000,13.73,50.05,37.34,1188.25,
12061,2001,13.46,44.56,37.68,1240.94,
12061,2002,14.03,43.92,38.21,1256.8,
12061,2003,15.08,43.49,38.53,1272.64,
12061,2004,14.93,45.29,36.61,1282.61,
12061,2005,14.11,46.1,38.1,1305.39,
12061,2006,12.84,39.83,38.1,1345.88,
12061,2007,10.7,39.17,37.14,1376.02,
12061,2008,8.98,39.68,38.17,1414.98,
12061,2009,8.5,41.92,37.88,1446.69,
12061,2010,8.01,40.44,37.29,1450.47,1.24
12061,2011,7.58,42.2,39.9,1517.36,1.42
12061,2012,7.16,41.14,36.31,1529.21,1.85
12061,2013,7.2,42.76,36.16,1560.89,2.34
12061,2014,6.82,45.58,35.02,1599.08,3.74
12061,2015,6.01,54.96,35.68,1611.34,10.81
12061,2016,5.58,48.48,50.1,1675.03,7.03
12061,2017,4.73,49.85,38.66,1750.7,5.15
12061,2018,4.12,52.12,37.93,1797.63,6.39
12061,2019,3.7,53.91,39.93,1852.65,6.53
12061,2020,4.23,51.99,32.55,,5.89
12061,1995,,51.81,30.13,,
12061,1996,,56.49,32.18,,
12061,1997,,57.68,32.62,,
12062,1998,20.73,19.53,21.21,,
12062,1999,20.75,19.72,28.18,,
12062,2000,19.97,18.94,27.36,1027.52,
12062,2001,20.89,17.86,28.93,1071.08,
12062,2002,20.71,18.94,28.27,1086.98,
12062,2003,22.7,19.06,26.32,1105.25,
12062,2004,22.67,18.81,26.35,1126.52,
12062,2005,22.24,17.32,28.01,1149.24,
12062,2006,22.1,17.04,30.05,1175.35,
12062,2007,19.7,16.74,30.24,1211.04,
12062,2008,17.34,16.72,28.57,1246.76,
12062,2009,15.92,17.35,27.6,1267.9,
12062,2010,13.82,18.9,25.53,1283.88,1.06
12062,2011,13.75,19.47,27.42,1340.46,1.33
12062,2012,13.06,20.1,26.85,1351.34,1.26
12062,2013,12.5,19.77,25.38,1399.72,1.67
12062,2014,11.43,21.1,24.78,1430.48,2.85
12062,2015,10.5,29.27,26.05,1439.59,18.83
12062,2016,9.44,41.97,28,1481.51,5.34
12062,2017,8.12,36.84,37.39,1560.97,4.9
12062,2018,6.98,38.28,37.33,1610.01,4.47
12062,2019,6.04,38.55,38.07,1691.19,4.58
12062,2020,6.62,32.3,30.67,,4.01
12062,1995,,17.56,18.32,,
12062,1996,,20.69,18.4,,
12062,1997,,19.41,19.21,,
12063,1998,18.01,59.81,29.33,,
12063,1999,17.25,60.53,31.94,,
12063,2000,16.39,55.92,33.11,1127.82,
12063,2001,17.2,48.24,33.74,1175.9,
12063,2002,18.06,46.06,36.12,1181.8,
12063,2003,19.23,44.21,37.95,1197.8,
12063,2004,18.84,42.01,35.57,1214.04,
12063,2005,17.99,41.01,33.06,1241.58,
12063,2006,16.04,36.62,31.92,1288.77,
12063,2007,13.19,34.93,32.83,1327.4,
12063,2008,11.87,34.9,33.95,1361.24,
12063,2009,11.17,35.48,33.76,1398.95,
12063,2010,9.78,34.14,31.72,1410.07,0.7
12063,2011,9.24,36.91,31.87,1473.59,1
12063,2012,9.02,37.52,31.97,1483.83,1.15
12063,2013,9.3,38.92,31.15,1520.09,1.62
12063,2014,8.53,44.14,31.55,1552.38,3.1
12063,2015,7.73,52.14,30.72,1566.74,16.8
12063,2016,7.4,43.41,47.56,1610.81,6.13
12063,2017,6.35,45.67,35.72,1690.22,5.11
12063,2018,5.51,46.81,34.63,1737.79,4.8
12063,2019,5.16,45.98,34.91,1800.51,5.05
12063,2020,5.72,44.75,30.03,,4.8
12063,1995,,45.09,25.15,,
12063,1996,,52.04,29.47,,
12063,1997,,56.54,28.16,,
12064,1998,16.12,57.34,31.46,,
12064,1999,16.86,55.32,32.94,,
12064,2000,16.69,48.11,35.72,1121.25,
12064,2001,17.31,46.38,35.29,1171.92,
12064,2002,17.99,43.5,34.93,1182.75,
12064,2003,19.63,43.69,35.06,1191.26,
12064,2004,19.67,41.45,36.24,1215.47,
12064,2005,18.29,38.73,35.69,1234.64,
12064,2006,17.09,37.26,34.57,1263.69,
12064,2007,14.78,37.66,36.23,1285.98,
12064,2008,13.01,37.86,37.37,1326.67,
12064,2009,12.66,35.29,37.04,1361.96,
12064,2010,11.53,36.31,36.19,1378.55,1.09
12064,2011,11.03,36.22,36.67,1444.48,1.22
12064,2012,10.13,36.95,34.5,1457.76,1.57
12064,2013,9.8,40.21,32.05,1500.13,1.97
12064,2014,9.06,39.61,32.09,1531.23,4.29
12064,2015,8.64,46.85,30,1550.67,4.58
12064,2016,7.76,37.5,45.3,1622.24,5.24
12064,2017,6.59,40.78,30.02,1693.98,4.87
12064,2018,6.1,41.99,29.83,1741.91,5.79
12064,2019,5.43,42.97,30.7,1806.14,6.7
12064,2020,5.88,40.78,26.75,,7.35
12064,1995,,44.88,28.19,,
12064,1996,,50.64,32.14,,
12064,1997,,57.66,31.71,,
12065,1998,17.06,62.62,28.69,,
12065,1999,16.32,60.4,30.79,,
12065,2000,15.71,50.26,32.84,1162.53,
12065,2001,16.42,45.38,34.38,1218.85,
12065,2002,16.77,45.38,35.22,1242.92,
12065,2003,17.97,44.76,34.26,1257.84,
12065,2004,17.88,43.85,33.95,1279.12,
12065,2005,16.9,43.65,33,1294,
12065,2006,16.34,41.82,33.46,1324.4,
12065,2007,14.19,39.42,33.42,1341.58,
12065,2008,12.62,36.62,32.22,1377.22,
12065,2009,11.05,37.79,32.23,1413.87,
12065,2010,10.12,35.82,31.63,1424.91,0.86
12065,2011,9.49,37.15,32.42,1480.91,0.91
12065,2012,8.83,38.23,30.29,1498.19,1.15
12065,2013,8.9,38.5,30.91,1541.02,1.71
12065,2014,8.34,42.56,30.31,1558.1,3.53
12065,2015,7.68,46.34,30.16,1609.16,19.3
12065,2016,6.81,38.49,43.07,1674.32,5.38
12065,2017,6.21,40.09,30.72,1743.33,5.44
12065,2018,5.54,41.72,31.23,1797.7,5.74
12065,2019,4.9,43.39,31.74,1854.28,5.35
12065,2020,5.24,39.9,29.04,,5.09
12065,1995,,43.78,23.44,,
12065,1996,,49.4,26.47,,
12065,1997,,60.3,30.23,,
12066,1998,23.63,17.15,28.73,,
12066,1999,22.98,18.5,28.79,,
12066,2000,22.72,17.2,33.1,1042.38,
12066,2001,22.87,18.03,35.32,1086.1,
12066,2002,22.73,17.73,32.74,1115.34,
12066,2003,24.24,18.44,33.89,1144.27,
12066,2004,24.89,19.09,30.13,1165.44,
12066,2005,24.25,18.32,28.46,1169.78,
12066,2006,22.85,17.17,29.51,1192.05,
12066,2007,19.87,17.99,30.25,1214.66,
12066,2008,17.55,19.65,30.03,1255.14,
12066,2009,17.04,19.93,28.02,1290.77,
12066,2010,15.65,20.29,28.11,1308.99,1.18
12066,2011,15.13,22.9,30,1388.18,1.43
12066,2012,14.03,22.97,30.47,1397.5,1.65
12066,2013,13.8,24.78,28.58,1432.67,2.18
12066,2014,12.52,28.15,29.53,1460.32,2.81
12066,2015,11.73,34.42,31.25,1497.64,12
12066,2016,10.55,38.64,31.25,1542.01,6.78
12066,2017,9.19,29.56,29.53,1609.42,5.52
12066,2018,8.36,31.74,28.45,1664.32,4.95
12066,2019,7.48,30.36,31.95,1741.29,4.43
12066,2020,7.63,31.38,28.83,,5.26
12066,1995,,16.92,21.95,,
12066,1996,,17.57,22.38,,
12066,1997,,17.26,25.08,,
12067,1998,16.15,55.6,43.79,,
12067,1999,16.35,51.89,47.45,,
12067,2000,16.3,47.83,45.4,1059.64,
12067,2001,16.63,49.95,50.24,1103.65,
12067,2002,16.89,48.13,52.33,1130.15,
12067,2003,18,43.46,45.84,1153.12,
12067,2004,18.46,39.02,41.55,1182.95,
12067,2005,17.97,36.35,39.88,1220.45,
12067,2006,17.02,32.25,37.18,1251.97,
12067,2007,14.75,32.73,35.7,1271.08,
12067,2008,12.68,33.05,38.13,1308.56,
12067,2009,11.97,34.55,39.4,1347.21,
12067,2010,10.82,35.34,38.07,1359.56,3.56
12067,2011,10.16,38.67,40.59,1443.04,4.48
12067,2012,9.34,43.11,43,1458.64,5.17
12067,2013,9,52.33,48.24,1497.93,7.56
12067,2014,9.03,66.42,56.39,1514.08,13.06
12067,2015,8.64,157.84,127.74,1513.75,10.93
12067,2016,8,116.71,136.76,1608.65,14.9
12067,2017,7.29,61.04,58.54,1674.52,14.78
12067,2018,6.67,57.3,49.57,1729.77,15.55
12067,2019,6.08,58.4,51.27,1806.81,14.14
12067,2020,6.48,50.56,40.72,,12.63
12067,1995,,59.47,45.05,,
12067,1996,,61.67,45.94,,
12067,1997,,58.35,43.98,,
12068,1998,18.83,102.07,102.8,,
12068,1999,17.92,104.36,109.61,,
12068,2000,18.29,23.8,32.49,1013.81,
12068,2001,19.21,25.36,30.17,1056.67,
12068,2002,19.68,26.68,30.67,1072.29,
12068,2003,21,26.59,31.17,1087.32,
12068,2004,20.55,25.48,32.27,1117.85,
12068,2005,20.35,26.85,30.69,1132.69,
12068,2006,19.4,23.19,30.54,1164.86,
12068,2007,18.46,25.23,30.98,1186.83,
12068,2008,16.17,24.1,30.04,1228.72,
12068,2009,15.52,25.87,31.91,1254.69,
12068,2010,13.23,25.63,29.14,1277.47,1.14
12068,2011,11.98,28.15,30.77,1346.02,1.62
12068,2012,11.07,28.95,30.52,1354.42,1.72
12068,2013,10.4,30.95,27.1,1394.92,2.32
12068,2014,9.72,32.61,27.62,1417.3,3.87
12068,2015,9.27,37.3,29.28,1430.77,11.94
12068,2016,8.9,46.01,35.79,1486.9,7.74
12068,2017,7.74,34.49,29.22,1569.96,6.27
12068,2018,6.88,35.34,31.19,1614.79,6.05
12068,2019,6.19,34.83,29.97,1697.84,5.82
12068,2020,6.58,34.34,26.84,,5.57
12068,1995,,124.93,121,,
12068,1996,,171.01,169.08,,
12068,1997,,140.41,136.38,,
12069,1998,12.87,83.44,41.65,,
12069,1999,12.96,71.36,41.12,,
12069,2000,12.5,62.23,40.17,1209.03,
12069,2001,12.49,54.77,42.57,1250.54,
12069,2002,12.66,51.97,40.55,1268.32,
12069,2003,13.16,46.56,38.4,1292.56,
12069,2004,12.88,48.3,39.97,1321.55,
12069,2005,12.99,46.05,38.96,1380.49,
12069,2006,11.73,43.15,37.9,1427.62,
12069,2007,9.74,43.76,38.74,1473.99,
12069,2008,8.25,42.9,41.37,1513.9,
12069,2009,8.23,43.5,39.44,1542.74,
12069,2010,7.53,42.1,37.41,1547.85,1.01
12069,2011,6.97,43.91,38.31,1614.97,0.78
12069,2012,6.91,45.54,37.53,1628.97,0.99
12069,2013,6.8,47.27,38.74,1677.82,1.7
12069,2014,6.34,50.54,38.13,1727.95,2.94
12069,2015,5.95,58.18,39.35,1736.3,6.11
12069,2016,5.77,49.11,48.78,1807.42,4.33
12069,2017,4.86,47.55,39.53,1883.17,4.14
12069,2018,4.29,50.51,39.78,1940.66,4.71
12069,2019,4.03,51.83,39.23,2001.74,6.38
12069,2020,4.31,46.69,35.6,,6.42
12069,1995,,64.44,34.01,,
12069,1996,,69.56,39.69,,
12069,1997,,83.95,42.37,,
12070,1998,20.34,23.32,26.33,,
12070,1999,19.26,20.54,27.21,,
12070,2000,19,21.34,30.51,1012.49,
12070,2001,19.83,21.19,33.55,1064.36,
12070,2002,19.57,21.89,31.46,1077.93,
12070,2003,21.5,21.98,31.63,1093.22,
12070,2004,21.47,21.3,31.25,1135.61,
12070,2005,21.2,21.37,32.19,1165.88,
12070,2006,19.15,22.9,29.6,1192.35,
12070,2007,17.57,22.96,34.13,1227.38,
12070,2008,15.04,21.26,31.84,1268.44,
12070,2009,15.16,23.82,30.41,1283.38,
12070,2010,14.25,23.54,28.91,1309.1,1.13
12070,2011,14.51,24.24,30.44,1371.38,1.5
12070,2012,13.48,26.66,29.77,1376.78,1.61
12070,2013,12.7,25.94,28.45,1430.55,2.38
12070,2014,12.04,30.55,28.3,1460.85,3.66
12070,2015,11.49,36.64,27.82,1459.51,19.52
12070,2016,10.64,46.69,30.73,1499.9,16.1
12070,2017,9.08,29.69,29.29,1581.65,6.56
12070,2018,7.83,31.58,31.77,1624.74,5.32
12070,2019,7.29,34.85,30.29,1711.98,4.71
12070,2020,7.8,38.04,29.41,,5.39
12070,1995,,17.99,22.78,,
12070,1996,,22.59,25.94,,
12070,1997,,22.84,30.51,,
12071,1998,20.35,59.61,56.6,,
12071,1999,19.91,55.45,54.17,,
12071,2000,19.34,49.93,55.89,1049.31,
12071,2001,19.35,48.49,59.05,1085.41,
12071,2002,19.43,48.21,57.51,1107.98,
12071,2003,20.56,44.46,55.83,1137.14,
12071,2004,21.31,40.83,49.02,1160.09,
12071,2005,20.47,32.25,46.62,1185.23,
12071,2006,18.26,25.52,34.65,1210.77,
12071,2007,16.1,23.56,35.05,1239.84,
12071,2008,14.26,22.67,33.71,1281.63,
12071,2009,13.03,22.37,33.56,1320.28,
12071,2010,11.45,22.23,32.43,1342.89,1.01
12071,2011,10.64,24.44,32.65,1434.07,1.33
12071,2012,10.11,26.93,31.94,1433.67,1.57
12071,2013,10.4,27.4,30.73,1462.8,2.16
12071,2014,10.29,29.58,30.81,1490.01,3.1
12071,2015,9.2,35.95,31.57,1521.48,13.25
12071,2016,8.4,39.49,31.56,1579.74,7.2
12071,2017,7.39,27.54,31.23,1650.66,5.92
12071,2018,6.9,28.56,29.42,1717.81,4.8
12071,2019,6.28,31.68,28.61,1794.88,4.26
12071,2020,6.52,29.83,25.25,,4.29
12071,1995,,55.33,45.56,,
12071,1996,,77.56,63.09,,
12071,1997,,64.99,52.87,,
12072,1998,15.42,53.04,32.33,,
12072,1999,14.93,50.62,32.64,,
12072,2000,14.86,46.51,34.91,1109.19,
12072,2001,14.66,41.66,36.46,1163.92,
12072,2002,14.1,40.79,36.14,1188.4,
12072,2003,15.16,40.52,34.45,1212.57,
12072,2004,15.04,39.65,35.14,1249.48,
12072,2005,15.69,38.77,33.77,1304.47,
12072,2006,13.89,38.14,32.68,1344.09,
12072,2007,11.88,37.12,34.9,1384.27,
12072,2008,10.55,37.24,35.47,1413.03,
12072,2009,10.01,38.59,36.87,1436.73,
12072,2010,8.82,35.68,35.65,1438.96,1.13
12072,2011,8.01,40.28,36.21,1500,1.17
12072,2012,7.62,40.44,36.34,1503.65,1.18
12072,2013,7.6,42.51,33.87,1532.64,1.89
12072,2014,7.3,44.97,36.13,1544.11,2.69
12072,2015,6.66,52.39,35.29,1552.48,8.89
12072,2016,6.24,45.63,48.12,1604.04,6.16
12072,2017,5.57,53.68,37.59,1679.35,5.21
12072,2018,4.59,53.92,41.73,1720.94,5.07
12072,2019,4.35,59.5,45.54,1774.35,5.46
12072,2020,5.02,53.53,40.06,,7.08
12072,1995,,40.71,25.81,,
12072,1996,,46.53,27.54,,
12072,1997,,52.64,29.79,,
12073,1998,21.69,20.82,29.98,,
12073,1999,21.52,21.41,29.15,,
12073,2000,22.26,20.05,32.41,994.96,
12073,2001,23.34,19.47,37.82,1042.69,
12073,2002,22.65,22.32,37.96,1053.03,
12073,2003,24.93,21.78,33.27,1061.64,
12073,2004,25.43,22.16,32.46,1087.43,
12073,2005,24.39,20.41,31.64,1095.43,
12073,2006,23.66,18.86,29.87,1116.74,
12073,2007,21.91,19.22,31.08,1147.65,
12073,2008,19.41,20,31.96,1187.31,
12073,2009,17.83,23.09,30.83,1211.32,
12073,2010,16.64,24.29,29.09,1228.33,0.98
12073,2011,16.63,24.97,31.29,1314.06,1.37
12073,2012,16.39,24.4,28.35,1322.59,1.6
12073,2013,15.2,26.47,29.41,1366.65,2.1
12073,2014,15.43,27.55,26.31,1390.27,3.42
12073,2015,14.67,34.32,25.93,1394.69,4.51
12073,2016,13.87,37.59,30.44,1439.58,8.78
12073,2017,12.41,29.38,26.34,1510.09,7.54
12073,2018,11.32,29.31,27.02,1554.75,6.81
12073,2019,10.79,30.04,27.65,1639.25,6.77
12073,2020,10.68,28.26,24.3,,7.02
12073,1995,,19.49,25.46,,
12073,1996,,21.36,25.17,,
12073,1997,,21.42,26.57,,
13003,1998,18.87,35.38,58.57,,
13003,1999,17.11,38.26,56.63,,
13003,2000,15.54,41.17,53.18,1074.46,
13003,2001,15.95,45.82,51.55,1111.14,
13003,2002,17.16,50.22,51.93,1143.78,
13003,2003,18.88,52.65,50.18,1143,
13003,2004,19.3,57.54,52.49,1148.3,
13003,2005,19.85,51.18,48.53,1167.38,
13003,2006,18.06,49.67,45.67,1195.97,
13003,2007,16.02,53.95,49.99,1210.94,
13003,2008,13.75,55.53,51.41,1242.97,
13003,2009,13.67,56.2,53.85,1274.21,
13003,2010,13.36,55.6,48.22,1277.48,1.72
13003,2011,13.17,57.25,48.34,1309.87,1.79
13003,2012,12.15,55.67,49.33,1344.18,1.89
13003,2013,11.5,55.82,51.8,1363.07,2.36
13003,2014,10.93,54.85,51.01,1386.42,2.77
13003,2015,10.16,59.28,50.11,1433.98,0
13003,2016,9.85,61.54,54.2,1482.6,3.62
13003,2017,8.72,55.33,50.19,1534.39,2.65
13003,2018,7.77,54.67,50.25,1591.13,2.65
13003,2019,6.75,57.7,52.99,1645.37,2.81
13003,2020,7.56,49.64,47.3,,2.87
13003,1995,,30.8,48.94,,
13003,1996,,33.71,59.38,,
13003,1997,,34.4,70.38,,
13004,1998,16.58,44.07,65.14,,
13004,1999,16,45.7,65.81,,
13004,2000,15.68,46.33,59.54,1107.57,
13004,2001,14.99,46.63,57.16,1140.45,
13004,2002,14.08,48.22,58.44,1180.23,
13004,2003,15.73,46.9,55.35,1184.82,
13004,2004,15.7,48.06,52.25,1195.36,
13004,2005,17.41,47.28,49.51,1208.35,
13004,2006,17.06,46.46,47.12,1229.18,
13004,2007,15.98,46.89,48.81,1231.34,
13004,2008,13.95,51.16,51.4,1268.72,
13004,2009,13.59,48.75,50.37,1302.49,
13004,2010,13.05,49.83,44.93,1311.2,0.69
13004,2011,12.44,55.15,50.71,1382,0.67
13004,2012,12.3,52.09,49.49,1419.74,0.58
13004,2013,11.6,54.66,47.01,1446.9,1.41
13004,2014,11.16,58.03,49.02,1463.29,1.68
13004,2015,10.32,97.25,46.01,1449.93,42.12
13004,2016,9.84,100.78,99.68,1533.91,3.19
13004,2017,9.13,76.1,71.33,1586.77,2.25
13004,2018,8.88,69.76,64.78,1649.54,2.2
13004,2019,8.65,71.36,67.25,1712.87,2.2
13004,2020,9.53,61.36,55.97,,2.61
13004,1995,,30.17,57.48,,
13004,1996,,33.76,63.51,,
13004,1997,,41.25,69.63,,
13071,1998,20.63,32.38,35.77,,
13071,1999,19.87,31.74,38.13,,
13071,2000,20.22,30.99,39.28,1013.51,
13071,2001,21.56,32.23,43.04,1059.75,
13071,2002,22.27,31.8,42.48,1099.51,
13071,2003,23.72,31.48,40.33,1121.09,
13071,2004,23.98,31.15,40.57,1172.67,
13071,2005,23,31.17,39.18,1169.67,
13071,2006,21.57,28.24,37.74,1187.14,
13071,2007,18.9,29.23,41.12,1195.43,
13071,2008,16.11,30.93,43.17,1244.87,
13071,2009,15.3,31.44,40.51,1260.19,
13071,2010,14.77,33.89,39.67,1276.27,2.35
13071,2011,14.8,23.63,28.06,1342.81,2.29
13071,2012,14.09,22.8,27.11,1353.4,1.98
13071,2013,13.9,23.29,25.46,1386.15,2.93
13071,2014,13.24,26.73,25.08,1410.06,5.41
13071,2015,12.79,34.01,25.35,1443.14,11.43
13071,2016,12.1,43.51,32.06,1492.5,5.19
13071,2017,10.61,28.54,26.91,1571.28,4.4
13071,2018,9.51,28.03,26.66,1630.29,4.16
13071,2019,8.68,28.84,25.94,1716.31,3.74
13071,2020,8.96,29.14,22.21,,3.31
13071,1995,,28.5,30.14,,
13071,1996,,33.61,31.26,,
13071,1997,,33.57,34.59,,
13072,1998,19.57,49.1,32.45,,
13072,1999,18.25,44.5,33.9,,
13072,2000,17.13,39.97,36.33,1016.66,
13072,2001,17.82,37.71,38.6,1071.73,
13072,2002,18.35,38.09,39.54,1102.56,
13072,2003,19.88,36.44,38.23,1110.77,
13072,2004,20.09,36.94,39.79,1149.94,
13072,2005,19.65,33.92,38.22,1176.71,
13072,2006,17.74,32.81,39.13,1218.97,
13072,2007,14.97,32.43,40.42,1248.22,
13072,2008,12.27,35.07,42.3,1302.78,
13072,2009,11.69,34.71,40.64,1320.69,
13072,2010,10.7,35.03,37.6,1338.15,1.21
13072,2011,10.44,34.11,36.68,1401.89,1.18
13072,2012,9.67,34.31,35.57,1438.1,1.4
13072,2013,9.3,38.45,35.26,1482.54,2.5
13072,2014,8.75,41.31,32.2,1509.69,4.69
13072,2015,7.96,47.35,35.83,1545.06,15.48
13072,2016,7.49,53.99,41.03,1602.46,4.51
13072,2017,6.59,41.86,33.94,1669.15,4.36
13072,2018,6,41.99,35.08,1719.57,4.01
13072,2019,5.25,44.33,36.64,1796.92,4.06
13072,2020,5.65,42.64,31.42,,4.26
13072,1995,,49.64,25.42,,
13072,1996,,50.28,29.18,,
13072,1997,,50.35,30.53,,
13073,1998,19.62,33.3,37.12,,
13073,1999,18.85,36.19,37.32,,
13073,2000,19.4,33.69,38.87,1007.84,
13073,2001,20.38,33.82,41.83,1054.32,
13073,2002,20.32,34.79,41.34,1081.79,
13073,2003,22.51,33.16,38.53,1090.91,
13073,2004,23.05,33.9,40.37,1120.31,
13073,2005,21.9,33.01,39.93,1138.6,
13073,2006,20.74,32.34,39.08,1173.17,
13073,2007,17.79,33.74,40.29,1192.11,
13073,2008,15.21,35.29,42.2,1241.14,
13073,2009,14.44,37.47,42.24,1264.58,
13073,2010,13.75,36.3,39.62,1281.51,0.75
13073,2011,13.8,30.04,31.71,1336.37,0.77
13073,2012,13.74,31.52,31.23,1365.76,0.79
13073,2013,13.2,33.21,30.74,1393.75,2.61
13073,2014,12.83,37.96,30.57,1418.02,4.57
13073,2015,12.19,43.67,32.33,1466.74,5.4
13073,2016,11.38,50.7,38.97,1527.59,5.4
13073,2017,9.89,39.74,32.64,1598.09,4.11
13073,2018,9.15,40.32,34.05,1653.36,3.77
13073,2019,8.1,41.54,33.96,1724.61,3.57
13073,2020,9.31,40.66,29.75,,3.13
13073,1995,,27.94,30.82,,
13073,1996,,33.43,35.01,,
13073,1997,,35.57,37.56,,
13074,1998,18.84,69.42,60.6,,
13074,1999,17.51,65.15,60.05,,
13074,2000,16.37,62.26,62.43,1023.62,
13074,2001,15.7,62.93,64.6,1076.64,
13074,2002,15.21,44.31,45.4,1101.06,
13074,2003,16.04,42.53,43.46,1107.1,
13074,2004,15.87,43.71,44.23,1137.25,
13074,2005,16.59,42.44,42.23,1156.69,
13074,2006,16.6,38.3,43.17,1198.79,
13074,2007,14.22,39.36,42.05,1225.84,
13074,2008,12.55,40.34,45.73,1268.06,
13074,2009,12.37,40.98,44.51,1274.08,
13074,2010,11.45,37.86,42.09,1287.39,1.48
13074,2011,11.57,31.65,35.9,1353.73,1.62
13074,2012,10.63,34.62,33.11,1388.76,1.82
13074,2013,9.9,34.73,34.93,1427.18,1.75
13074,2014,9.28,37.86,33.18,1451.47,2.95
13074,2015,8.19,43.45,34.67,1490.26,20.13
13074,2016,7.66,47.32,40.53,1537.79,3.22
13074,2017,6.87,39.5,34.26,1615.53,2.32
13074,2018,6.48,39.39,35.29,1671.9,2.14
13074,2019,5.79,41.82,33.96,1749.59,2.36
13074,2020,6.4,42.56,33.05,,2.22
13074,1995,,54.71,42.96,,
13074,1996,,78.9,64.42,,
13074,1997,,70.97,61.38,,
13075,1998,20.19,32.29,39.1,,
13075,1999,19.91,34.95,39.8,,
13075,2000,20.36,32.66,41.3,985.78,
13075,2001,21.46,32.98,43.54,1026.68,
13075,2002,21.85,32.78,43.19,1055.79,
13075,2003,23.57,34.32,40.42,1061.21,
13075,2004,24.7,33.77,41.53,1087.59,
13075,2005,24.84,35.64,40.46,1099.35,
13075,2006,22.25,35.39,39.96,1127.59,
13075,2007,19.84,36.87,40.71,1140.5,
13075,2008,16.82,37.64,43.9,1187.42,
13075,2009,15.82,37.93,42.26,1209.16,
13075,2010,14.26,38.4,41.3,1225.96,0.74
13075,2011,14.21,33.56,35.42,1245.07,1.5
13075,2012,13.58,31.41,34.08,1293.74,1.82
13075,2013,14.3,34.4,33.47,1319.21,2.8
13075,2014,13.56,37.32,34.16,1344.32,4.34
13075,2015,12.72,43.49,35.33,1381.65,15.06
13075,2016,11.68,48.55,37.8,1445.64,5.21
13075,2017,10.18,37.72,32.81,1510.4,3.81
13075,2018,9.42,38.31,32.76,1560.3,3.8
13075,2019,8.59,36.67,32.66,1637.17,3.86
13075,2020,9.04,37.16,28.38,,3.67
13075,1995,,27.54,32.22,,
13075,1996,,31.73,32.95,,
13075,1997,,32.01,38.03,,
13076,1998,17,47.47,39.4,,
13076,1999,15.57,49.49,42.81,,
13076,2000,14.92,40.74,42.09,1049.2,
13076,2001,14.23,42.12,44.77,1106.79,
13076,2002,14.29,42.23,46.54,1137.18,
13076,2003,15.21,38.71,43.41,1148.35,
13076,2004,15.19,34,42.96,1190.58,
13076,2005,15.2,30.57,37.02,1212.85,
13076,2006,15.24,28.67,36.87,1251.14,
13076,2007,12.89,30.4,38.33,1278.43,
13076,2008,11.01,31.19,41.77,1333.57,
13076,2009,10.58,32.87,40.24,1343.63,
13076,2010,9.66,35.04,41,1363.33,3.1
13076,2011,9.34,36.08,39.3,1423.22,3.32
13076,2012,9.06,40.12,42,1455.9,4.59
13076,2013,8.6,50.22,47.83,1491.14,4.44
13076,2014,8.36,60.96,54.47,1509.56,5.26
13076,2015,7.51,112.11,100.32,1528.03,0
13076,2016,6.72,75.3,74.04,1584.87,6.8
13076,2017,6.04,48.44,44.31,1669.2,6.13
13076,2018,5.78,46.32,41.38,1717.67,5.02
13076,2019,5.3,42.11,40.35,1814.43,5.37
13076,2020,6.02,39.99,33.77,,5.57
13076,1995,,44.42,32.15,,
13076,1996,,50,34.85,,
13076,1997,,52.57,37.26,,
14511,1998,18.43,24.77,45.57,,
14511,1999,16.85,26.3,40.06,,
14511,2000,16.72,26.75,37.27,1155.46,
14511,2001,16.67,27.73,36.61,1195.87,
14511,2002,17.22,26.15,33.79,1234.94,
14511,2003,17.52,27.39,32.82,1265.16,
14511,2004,17.39,28.4,29.94,1280.9,
14511,2005,17.62,28.18,30.83,1286.89,
14511,2006,16.37,31.2,29.88,1322.04,
14511,2007,14.68,33.49,31.65,1348.2,
14511,2008,13.03,34.41,34.21,1380.61,
14511,2009,13.3,38.96,37.05,1410.99,
14511,2010,12.7,43.01,37.76,1432.97,1.69
14511,2011,11.48,46.79,42.16,1474.44,2.21
14511,2012,10.83,50.32,43.09,1507.5,2.79
14511,2013,10.3,61.08,52.66,1526.31,3.39
14511,2014,9.95,79.63,68.98,1546.45,8.61
14511,2015,9.12,133.36,108.68,1537.03,9.3
14511,2016,8.41,65.75,69.77,1598.9,10.56
14511,2017,7.59,51.64,45.42,1643.35,8.13
14511,2018,7.25,54.9,48.6,1691.24,6.99
14511,2019,6.49,51.94,50.02,1749.34,7.73
14511,2020,7.43,47.95,48.53,,8.16
14511,1995,,25.11,42.71,,
14511,1996,,26.63,44.49,,
14511,1997,,26.01,45.11,,
14521,1998,18,19.45,21.22,,
14521,1999,17.59,21.11,24.71,,
14521,2000,17.09,19.71,26.58,1063.3,
14521,2001,17.67,15.47,23.01,1119.67,
14521,2002,18.1,18.17,24.93,1138.15,
14521,2003,18.77,18.29,24.4,1164.37,
14521,2004,18.43,17.89,24.07,1179.23,
14521,2005,18.15,17.07,24.72,1177.58,
14521,2006,17.58,16.13,25.14,1214.19,
14521,2007,14.86,16.53,25.49,1244.11,
14521,2008,12.77,13.86,22.96,1283.12,
14521,2009,13.24,14.55,22.33,1307.59,
14521,2010,11.39,14.74,20.77,1326.13,0.8
14521,2011,9.64,17.63,23.87,1379.52,1.03
14521,2012,9.01,17.23,22.23,1415.88,1.27
14521,2013,8.9,18.69,22.94,1445.25,1.55
14521,2014,7.93,30.61,29.07,1474.68,3.11
14521,2015,7.19,31.47,30.15,1524.89,8.98
14521,2016,6.29,26.7,27.23,1584.09,6.35
14521,2017,5.43,19.39,23.35,1654.74,5.49
14521,2018,4.71,21.55,21.46,1717.05,5.48
14521,2019,4.38,21.53,21.37,1787.25,5.01
14521,2020,4.78,21.88,20.17,,5.78
14521,1995,,22.56,20.38,,
14521,1996,,21.07,20.6,,
14521,1997,,20.71,20.58,,
14522,1998,18.54,26.55,25.52,,
14522,1999,17.57,24.12,26.47,,
14522,2000,17.12,22.64,28.87,1085.5,
14522,2001,17.5,21.28,28.83,1141.57,
14522,2002,17.41,22.67,30.29,1164.22,
14522,2003,17.4,22,28.41,1191.04,
14522,2004,17.65,21.35,27.98,1215.41,
14522,2005,18.2,20.94,27.13,1217.28,
14522,2006,15.69,20.09,28.15,1258,
14522,2007,13.8,20.74,28.71,1294.6,
14522,2008,11.51,19.67,27.85,1326.55,
14522,2009,11.68,20.69,26.24,1341.05,
14522,2010,10.65,20.01,26.44,1370.01,1.03
14522,2011,9.27,22.21,27.14,1427.23,1.12
14522,2012,8.63,22.49,25.7,1459.76,1.45
14522,2013,8.5,23.71,25.97,1483.5,2
14522,2014,7.89,25.59,26.23,1512.42,3.69
14522,2015,7.34,32.78,27.11,1550.67,8.9
14522,2016,6.56,35.65,31.53,1600.74,5.88
14522,2017,5.87,28.28,28.91,1661.39,4.95
14522,2018,5.24,30.04,28.33,1715.31,4.48
14522,2019,4.76,30.01,29.43,1791.79,3.79
14522,2020,5.23,27.96,26.63,,3.27
14522,1995,,27.05,21.39,,
14522,1996,,29.36,22.05,,
14522,1997,,28.88,23.28,,
14523,1998,15.3,23.67,22.66,,
14523,1999,14.79,21.93,23.83,,
14523,2000,14.1,22.43,24.52,1105.72,
14523,2001,14.93,17.13,20.48,1156.27,
14523,2002,16.02,22.98,26.37,1183.1,
14523,2003,16.46,22.33,25.59,1208,
14523,2004,15.64,22.57,26.46,1224.06,
14523,2005,16.37,21.09,25.69,1227.08,
14523,2006,15.09,19.73,26.06,1263.65,
14523,2007,12.93,19.81,26.28,1294.2,
14523,2008,11.63,15.32,22.22,1327.98,
14523,2009,12.11,16.65,21.45,1350.01,
14523,2010,10.96,17.1,21.43,1370.33,1.17
14523,2011,9.53,18.32,22.31,1422.09,1.45
14523,2012,8.26,19.67,21.51,1454.06,2.07
14523,2013,8.4,19.22,21.13,1483.03,2.33
14523,2014,7.69,21.16,20.63,1498.26,3.63
14523,2015,7.19,28.75,20.87,1544.69,9.83
14523,2016,6.53,28.45,25.37,1588.22,6.61
14523,2017,5.89,24.88,22.09,1652.78,5.8
14523,2018,5.13,25.48,24.15,1712.49,5.45
14523,2019,4.83,28,26.04,1779.94,4.73
14523,2020,5.42,24.55,22.43,,5.11
14523,1995,,31.52,26.81,,
14523,1996,,27.58,23.29,,
14523,1997,,23.97,24.05,,
14524,1998,18.18,32.01,32.13,,
14524,1999,18.12,28.19,29.96,,
14524,2000,17.5,29.36,32.95,1094.67,
14524,2001,17.73,19.98,25.29,1147.26,
14524,2002,18.03,28.21,32.69,1173.93,
14524,2003,17.81,26.22,29.74,1199.25,
14524,2004,17.79,25.34,28.83,1218.83,
14524,2005,18.31,24.06,28.57,1222.87,
14524,2006,17.47,23.15,28.46,1259,
14524,2007,15.03,23.58,28.88,1287.99,
14524,2008,12.07,17.46,23.25,1323.35,
14524,2009,12.58,18.22,22.51,1350.8,
14524,2010,11.16,17.97,21.62,1376.8,1.22
14524,2011,9.44,19.92,23.93,1433.92,1.53
14524,2012,8.31,21,23.15,1471.9,1.73
14524,2013,8.3,21.14,23.18,1510.31,2.72
14524,2014,7.62,24.05,23.31,1545.04,4.56
14524,2015,6.95,29.18,22.83,1594.45,10.09
14524,2016,6.63,31.01,26.08,1636.4,6.64
14524,2017,5.8,25.97,25.05,1692.89,5.32
14524,2018,4.83,26.27,24.87,1754.4,5.3
14524,2019,4.45,26.69,25.86,1825.78,4.79
14524,2020,4.9,25.05,22.58,,4.55
14524,1995,,36.37,28.66,,
14524,1996,,34.97,29.23,,
14524,1997,,35.58,30.84,,
14612,1998,14.85,42.18,52.43,,
14612,1999,14.84,42.05,43.39,,
14612,2000,14.67,44.67,41.37,1161.29,
14612,2001,14.8,45.25,42.39,1193.53,
14612,2002,14.75,43.66,38.63,1235.61,
14612,2003,14.54,44.06,36.27,1264.61,
14612,2004,14.43,45.19,37.33,1290.99,
14612,2005,14.95,51.05,35.26,1282.47,
14612,2006,14.63,54.74,36.11,1302.32,
14612,2007,12.76,51.07,40.37,1332.39,
14612,2008,11.34,52.6,44.06,1353.05,
14612,2009,11.6,53.38,45.21,1366.83,
14612,2010,11.27,50.84,41.13,1384.33,1.09
14612,2011,10.01,55.79,45.04,1434.33,1.28
14612,2012,9.04,54.58,43.02,1461.97,1.62
14612,2013,8.8,53.34,44.6,1485.09,2.43
14612,2014,8.37,54.05,46.37,1494.28,3.89
14612,2015,7.91,63.49,51.19,1534.52,8.85
14612,2016,7.33,64.61,60.14,1583.68,8.52
14612,2017,6.61,58.98,53.85,1634.3,6.8
14612,2018,6.07,57.47,51.81,1680.46,5.87
14612,2019,5.65,56.05,52.28,1730.01,5.27
14612,2020,6.21,47.56,47.35,,5.65
14612,1995,,41.48,44.98,,
14612,1996,,41.26,51.92,,
14612,1997,,43.7,55.66,,
14625,1998,19.18,28.27,29.26,,
14625,1999,19.07,24.5,29.85,,
14625,2000,18.7,24.63,33.51,1066.84,
14625,2001,19.19,18.96,30.49,1118.78,
14625,2002,19.71,22.82,31.62,1147.15,
14625,2003,19.43,23.81,30.97,1174.04,
14625,2004,19.15,23.13,29.81,1193.5,
14625,2005,18.3,22.3,30.81,1200.49,
14625,2006,17.63,21.01,31.57,1246.62,
14625,2007,14.88,21.2,31.42,1284.38,
14625,2008,12.49,18.14,28.22,1321.65,
14625,2009,12.01,18.08,26.02,1343.45,
14625,2010,11.23,18.44,25.03,1371.99,1.16
14625,2011,10.56,20.55,25.44,1422,1.26
14625,2012,9.86,20.2,24.26,1452.66,1.21
14625,2013,9.3,20.52,23.61,1489.25,2.16
14625,2014,8.83,21.56,22.79,1511.16,3.55
14625,2015,8.01,27.36,23.05,1548.02,9.38
14625,2016,7.03,29.79,26.03,1601.08,6.65
14625,2017,6.16,24.37,25.4,1670.49,5
14625,2018,5.57,24.32,23.26,1729.76,4.47
14625,2019,5.03,26.75,23.86,1799.85,3.84
14625,2020,5.29,24.86,21.42,,3.94
14625,1995,,31.81,24.46,,
14625,1996,,31.86,27.26,,
14625,1997,,29.13,26.73,,
14626,1998,20.62,23.45,31.36,,
14626,1999,20.21,20.5,30.82,,
14626,2000,20.72,21.22,33.77,1020.09,
14626,2001,21.88,16.28,32.59,1068.65,
14626,2002,22.5,21.85,33.19,1093.8,
14626,2003,22.87,22.87,31.86,1117.18,
14626,2004,23.14,23.03,30.97,1133.51,
14626,2005,21.85,23.05,33.15,1132.94,
14626,2006,19.92,21.35,32.62,1168.63,
14626,2007,18.88,22.68,31.51,1193.5,
14626,2008,16.63,19.86,27.89,1225.97,
14626,2009,15.72,20.99,28.23,1248.07,
14626,2010,14.17,19.75,27.98,1280.62,0.73
14626,2011,13,22.43,28.24,1334.38,0.77
14626,2012,12.75,21.82,26.28,1359.52,1.43
14626,2013,12,23.65,25.8,1386.94,1.85
14626,2014,11.85,23.77,24.39,1416.4,2.64
14626,2015,11.5,32.02,24.48,1449.79,8.34
14626,2016,10.11,30.97,29.17,1516.68,5.4
14626,2017,9.2,27.47,25.82,1566.82,3.99
14626,2018,8.52,28.54,25.69,1618.54,3.98
14626,2019,7.78,27.96,26.93,1690.52,3.34
14626,2020,8.13,28.09,24.05,,3.59
14626,1995,,28.33,26.19,,
14626,1996,,26.61,28.4,,
14626,1997,,24.78,28.18,,
14627,1998,18.14,33.16,31.46,,
14627,1999,17.22,28.76,29.65,,
14627,2000,16.91,26.9,31.53,1079.68,
14627,2001,17.29,24.52,31.59,1133.49,
14627,2002,17.25,25.68,31.26,1163.33,
14627,2003,17.08,25.67,29.36,1196.93,
14627,2004,17.43,26.22,28.68,1229.9,
14627,2005,18.2,25.25,28.79,1238.25,
14627,2006,16.5,22.8,30.37,1290.64,
14627,2007,13.48,24.08,29.46,1334.78,
14627,2008,11.51,22.73,29.65,1362.96,
14627,2009,11.76,22.88,27.27,1377.02,
14627,2010,10.91,25.21,26.85,1402.43,0.98
14627,2011,10.29,26.57,29.18,1465.38,1.21
14627,2012,9.33,25.86,27.57,1493.42,1.45
14627,2013,9.3,27.06,26.2,1527.27,2.04
14627,2014,9.1,31.07,26.77,1563.43,3.63
14627,2015,8.14,38.97,27.95,1600.1,9.3
14627,2016,7.27,37.48,34.95,1656.58,6.6
14627,2017,6.52,32.43,31.16,1723.51,4.73
14627,2018,5.97,33.51,30.21,1779.75,3.94
14627,2019,5.31,35.21,30.63,1852.26,4.18
14627,2020,5.75,33.8,30.02,,4.26
14627,1995,,37.29,25.2,,
14627,1996,,37.59,28.59,,
14627,1997,,36.13,29,,
14628,1998,15.96,39.49,30.05,,
14628,1999,16.36,31.66,28.97,,
14628,2000,15.66,30.9,32.31,1103.63,
14628,2001,16.64,26.65,32.3,1161.05,
14628,2002,16.91,27.3,31.87,1186.07,
14628,2003,16.09,27.98,30.91,1216.84,
14628,2004,15.9,28.61,32.41,1245.16,
14628,2005,16.34,26.21,30.78,1247.98,
14628,2006,15.7,25.41,30.79,1285.48,
14628,2007,13.36,24.95,29.73,1310.61,
14628,2008,11.62,26.1,30.71,1346.73,
14628,2009,11.67,25.72,27.91,1369.84,
14628,2010,10.61,26.1,27.88,1395.95,0.73
14628,2011,9.7,27.38,28.74,1455.15,1.02
14628,2012,8.9,28.59,25.94,1481.5,1.45
14628,2013,8.6,29.81,25.42,1510.68,1.87
14628,2014,7.89,30.4,25.94,1536.8,3.45
14628,2015,7.25,40.95,29.24,1572.65,8.37
14628,2016,6.47,36.56,33.42,1631.8,5.26
14628,2017,5.69,32.3,29.3,1697.66,3.95
14628,2018,5.07,32.05,25.85,1750.58,4.38
14628,2019,4.5,32.66,26.92,1812.87,4.43
14628,2020,4.91,30.23,24.16,,4.66
14628,1995,,35.33,22.97,,
14628,1996,,44.95,25.98,,
14628,1997,,43.32,28.43,,
14713,1998,15.99,46.3,59.53,,
14713,1999,16.53,45.12,43.7,,
14713,2000,17.26,42.25,40.2,1081.75,
14713,2001,17.59,43.33,40.38,1112.99,
14713,2002,18.67,45.76,39.03,1145.36,
14713,2003,19.06,46.78,38.15,1170.17,
14713,2004,18.71,46.75,43.06,1194.74,
14713,2005,20.8,47.5,36.85,1192.31,
14713,2006,18.67,47.32,37.57,1228.29,
14713,2007,17.04,47.5,38.51,1250.99,
14713,2008,15.56,49.74,39.61,1270.2,
14713,2009,15.11,50.85,43.37,1287.31,
14713,2010,14,53.34,45.01,1310.15,1.8
14713,2011,12.99,60.7,42.93,1383.89,1.79
14713,2012,11.56,62.06,41.34,1406.7,2.42
14713,2013,11,63.04,42.98,1427.1,2.94
14713,2014,10.16,66.92,44.27,1429.68,4.45
14713,2015,9.56,73.58,46.2,1468.44,9.25
14713,2016,8.78,64.35,66.95,1511.02,7.12
14713,2017,7.73,67.97,50.14,1558.7,5.87
14713,2018,6.74,61.91,51.66,1591.29,5.2
14713,2019,6.28,62.31,53.53,1623.92,5.19
14713,2020,7.54,56.99,49.21,,5.44
14713,1995,,39.21,50.35,,
14713,1996,,43.78,61.84,,
14713,1997,,49.84,66.19,,
14729,1998,16.84,52.11,34.85,,
14729,1999,17.38,31.23,26.41,,
14729,2000,17.86,35.04,33.53,1101.37,
14729,2001,17.99,29.59,33.4,1153.48,
14729,2002,17.87,30.27,34.79,1178.15,
14729,2003,18.12,30.48,32.49,1209.77,
14729,2004,18.6,29.2,33.02,1243.41,
14729,2005,19.52,27.71,31.69,1251.02,
14729,2006,17.89,25.46,30.12,1295.06,
14729,2007,14.82,24.96,30.24,1332.56,
14729,2008,12.71,24.84,31.05,1374.81,
14729,2009,12.81,26.59,30.42,1394.44,
14729,2010,11.89,27.01,30.87,1428.44,1.19
14729,2011,10.58,28.35,31.93,1502.07,1.37
14729,2012,9.64,28.02,29.34,1546.86,1.79
14729,2013,8.8,28.51,29.01,1572.47,2.18
14729,2014,7.88,32.99,27.71,1591.93,3.78
14729,2015,7.34,37.57,28.87,1642.45,9.6
14729,2016,6.64,37,33.13,1701.71,6.9
14729,2017,6.08,33.76,29.31,1764.23,5.28
14729,2018,5.45,35.68,30.04,1819.2,4.78
14729,2019,5,37.42,29.83,1882.21,4.87
14729,2020,5.5,35.23,27.93,,4.64
14729,1995,,56.13,27.09,,
14729,1996,,64.34,30.23,,
14729,1997,,63.45,34.86,,
14730,1998,18.75,33.15,30.17,,
14730,1999,17.34,32.9,33.05,,
14730,2000,17.77,28.96,33.96,1061.95,
14730,2001,18.04,26.49,34.03,1118.52,
14730,2002,17.63,27.71,34.75,1140.05,
14730,2003,17.82,27.51,32.85,1163.88,
14730,2004,18.46,28.24,32.22,1193.71,
14730,2005,19.22,25,32.35,1194.76,
14730,2006,17.93,23.75,31.35,1228.14,
14730,2007,15.55,24.2,33.23,1266.87,
14730,2008,13.76,23.48,32.89,1298.36,
14730,2009,13.52,23.85,32.02,1308,
14730,2010,12.62,23.31,29.83,1347.66,1.54
14730,2011,12.13,25.98,30.94,1407.73,1.75
14730,2012,11.17,28.11,30.04,1430.17,1.83
14730,2013,10.8,29.91,31.1,1468.7,2.57
14730,2014,9.99,33.48,29.96,1491.2,4.52
14730,2015,9.32,38.67,30.19,1543.36,9.14
14730,2016,8.53,44.51,36.94,1592.14,7.85
14730,2017,7.78,43.71,38.74,1667.92,7.2
14730,2018,7.01,43.79,38.03,1713.81,7
14730,2019,6.18,44.14,37.59,1781.58,6.92
14730,2020,6.7,41.14,34.77,,7.17
14730,1995,,35.88,25.25,,
14730,1996,,38.91,25.38,,
14730,1997,,38.12,28.85,,
15001,1998,21,28.46,42.44,,
15001,1999,21.12,29.05,40.72,,
15001,2000,20.25,28.83,44.7,1064.28,
15001,2001,19.84,25.64,44.83,1114.4,
15001,2002,17.96,30.61,42.95,1144.56,
15001,2003,17.72,31.93,40.66,1163.14,
15001,2004,18.62,31.69,39.31,1168.72,
15001,2005,18.73,33.24,41.56,1201.08,
15001,2006,17.05,29.29,36.64,1240.62,
15001,2007,15.47,27.2,35.65,1237.65,
15001,2008,14.72,29.09,36.43,1278.19,
15001,2009,14.67,30.73,34.96,1319.7,
15001,2010,12.96,30.55,33.63,1340.48,1.8
15001,2011,12.68,31.83,36.67,1395.09,2.01
15001,2012,12.43,32.43,35.71,1435.05,2.03
15001,2013,11.9,30.22,34.05,1455.48,2.67
15001,2014,11.6,35.53,34.23,1483.1,4.38
15001,2015,11.04,44.06,37.45,1523.63,10.9
15001,2016,10.18,46.52,32.86,1569.9,4.15
15001,2017,8.82,38.39,34.17,1618.5,3.7
15001,2018,7.92,35.25,35.88,1676.1,3.55
15001,2019,7.66,36.93,39.77,1749.91,3.85
15001,2020,8.33,34.02,32.39,,4.6
15001,1995,,27.51,36.28,,
15001,1996,,32.07,33.7,,
15001,1997,,28.55,37.73,,
15002,1998,19.35,37.38,62.51,,
15002,1999,19.91,35.1,57.84,,
15002,2000,20.4,34.3,58.33,1059.59,
15002,2001,19.71,36.86,53.59,1092.41,
15002,2002,20.49,39.49,51.69,1121.08,
15002,2003,20.57,51.75,45.34,1112.6,
15002,2004,20.17,46.82,51.23,1099.19,
15002,2005,20.07,43.85,46.28,1123.75,
15002,2006,16.75,39.97,43.47,1157.39,
15002,2007,16.41,40.67,43.93,1174.89,
15002,2008,14.84,40.98,43.62,1209.88,
15002,2009,13.9,44.89,45.02,1250.4,
15002,2010,13.41,46.24,40.31,1260.98,3.15
15002,2011,12.12,49.68,43.35,1294.75,2.44
15002,2012,12.44,49.55,42.59,1313.65,3.39
15002,2013,12.1,50.39,45.94,1333.56,3.33
15002,2014,11.85,53.03,46.9,1357.07,6.81
15002,2015,11.41,70.06,47.94,1387.46,18.27
15002,2016,10.81,69.67,60.18,1420.64,7.05
15002,2017,9.89,58.05,50.41,1466.22,5.21
15002,2018,8.9,54.24,50.95,1497.31,4.14
15002,2019,8.25,53.92,53.72,1545.53,4.01
15002,2020,9.23,48.46,47.88,,4.5
15002,1995,,26.7,47.04,,
15002,1996,,32.59,50.66,,
15002,1997,,33.22,60.21,,
15003,1998,19.11,31.57,52.23,,
15003,1999,19.23,33.11,47.45,,
15003,2000,19.14,32.94,44.34,1070.25,
15003,2001,18.33,34.05,43.15,1100.86,
15003,2002,18.33,37.64,40.12,1124.56,
15003,2003,19.57,38.41,36.95,1143.33,
15003,2004,19.63,41.71,41.61,1153.62,
15003,2005,19.76,52.9,38.97,1162.55,
15003,2006,18.8,43.92,38.05,1193.14,
15003,2007,15.72,44.51,39.73,1209.85,
15003,2008,13.67,45.33,43.34,1249.07,
15003,2009,13.51,47.2,42.1,1288.11,
15003,2010,12.51,47.72,40.2,1307.98,2.55
15003,2011,11.67,49.71,43.59,1348.87,2.74
15003,2012,11.88,48.84,42.45,1381.23,3.15
15003,2013,11.6,50.71,43.31,1402.89,3.71
15003,2014,11.41,54.58,46.47,1427.96,5.38
15003,2015,11.08,61.64,44.58,1460.72,11.92
15003,2016,10.5,70.42,52.54,1498.01,7.18
15003,2017,9.28,62.21,58.06,1552.9,5.08
15003,2018,8.73,58.61,53.92,1588.94,4.66
15003,2019,8.26,55.53,56.87,1644.88,4.13
15003,2020,9.05,53.84,56.89,,3.12
15003,1995,,23.88,47.99,,
15003,1996,,28.93,50.02,,
15003,1997,,29.25,47.32,,
15081,1998,16.24,28.37,45.42,,
15081,1999,15.86,27.12,29.33,,
15081,2000,16.04,26,29.76,1056.43,
15081,2001,15.58,23.94,28.41,1103.93,
15081,2002,16.09,24.26,30.62,1106.92,
15081,2003,17.42,24.15,31.07,1140.93,
15081,2004,17.53,25.72,32.71,1177.5,
15081,2005,17.96,24.36,32.47,1175.09,
15081,2006,16.9,19.74,31.6,1198.6,
15081,2007,15.74,22.21,31.39,1221.12,
15081,2008,13.44,23.02,34.36,1282.85,
15081,2009,12.58,21.63,32.66,1308.53,
15081,2010,10.79,24.2,30.3,1355.56,1.32
15081,2011,9.65,24.48,31.97,1433.44,1.59
15081,2012,9.89,28.4,31.43,1475.04,2.19
15081,2013,9.2,28.66,29.79,1502.76,2.55
15081,2014,8.74,34.22,32.44,1527.49,5.14
15081,2015,8.37,40.11,34.14,1525.95,15.06
15081,2016,8.19,41.77,34.09,1591.81,7.91
15081,2017,7.76,30.42,33.34,1654.29,5.46
15081,2018,7.05,30.98,32.46,1683.74,4.15
15081,2019,6.44,32.01,32.65,1767.62,3.59
15081,2020,6.73,30.13,28.71,,4.35
15081,1995,,38.15,29.54,,
15081,1996,,35.29,29.42,,
15081,1997,,28.77,35.54,,
15082,1998,22.83,24.01,29.62,,
15082,1999,22.1,24.82,30.38,,
15082,2000,22.24,23.06,34.62,1015.65,
15082,2001,21.29,22.79,34.81,1048.85,
15082,2002,21.42,23.34,35.14,1073.19,
15082,2003,22.07,22.96,34.14,1101.44,
15082,2004,21.88,22.66,34.23,1118.52,
15082,2005,21.35,22.74,30.66,1138.8,
15082,2006,18.92,19.97,28.91,1177.22,
15082,2007,17.28,19.11,29.58,1206.52,
15082,2008,15.02,20.57,29.49,1246.08,
15082,2009,14.04,20.51,28.67,1272.92,
15082,2010,12.45,20.12,28.09,1294.13,1.18
15082,2011,12.21,23.01,29.91,1360.87,1.75
15082,2012,12.17,22.75,29.37,1401.72,2.1
15082,2013,11.5,25.81,27.64,1422.28,2.33
15082,2014,10.78,27.82,30.91,1460.23,4.75
15082,2015,10.12,38.38,32.03,1491.02,11.83
15082,2016,9.57,38.88,34.43,1543.54,5.03
15082,2017,8.07,32.07,34.89,1619.58,4.06
15082,2018,7.61,34.83,34.41,1661.42,3.26
15082,2019,7.13,35.95,35.97,1734.84,2.77
15082,2020,7.58,33.33,31.72,,3.4
15082,1995,,24.94,22.94,,
15082,1996,,26.86,23.69,,
15082,1997,,24.81,27,,
15083,1998,16.44,41.05,31.85,,
15083,1999,16.51,35.6,29.68,,
15083,2000,15.85,32.27,30.67,1080.35,
15083,2001,15.51,27.93,29.74,1122.74,
15083,2002,15.42,29.84,31.29,1139.12,
15083,2003,15.92,28.45,31.39,1157.93,
15083,2004,15.53,27.56,32.68,1191.71,
15083,2005,15.76,26.64,34.13,1202.79,
15083,2006,14.36,24.4,32.4,1239.2,
15083,2007,11.4,22.56,31.43,1265.62,
15083,2008,9.54,22.38,32.7,1322.71,
15083,2009,9.82,22.98,30.02,1352.92,
15083,2010,8.88,22.53,28.04,1390.1,1.25
15083,2011,8.15,25.91,30.38,1458.21,1.7
15083,2012,8.49,25.56,28.32,1498.2,1.98
15083,2013,8.6,26.56,28.22,1527.95,2.76
15083,2014,7.78,30.94,27.32,1557.49,5.34
15083,2015,7.54,37.68,28.99,1583.38,15.77
15083,2016,7.1,42.62,33.59,1645.13,5.19
15083,2017,5.94,34.79,31.68,1709.49,4.95
15083,2018,5.46,33.16,32.33,1744.4,5.07
15083,2019,5.1,33.9,32.65,1823.49,4.28
15083,2020,5.51,32.95,28.3,,4.6
15083,1995,,45.13,23.42,,
15083,1996,,47.76,25.13,,
15083,1997,,43.9,25.28,,
15084,1998,23.13,24.86,27.01,,
15084,1999,21.89,24.16,27.03,,
15084,2000,21.66,24.12,29.84,1045.91,
15084,2001,21.67,20.49,30.65,1091.77,
15084,2002,21.72,24.33,32.07,1113.89,
15084,2003,22.3,23.57,30.2,1139.36,
15084,2004,22.95,25.87,31.78,1163.49,
15084,2005,22.87,21.89,30.26,1166.62,
15084,2006,21.39,20.81,27.66,1191.54,
15084,2007,18.82,18.81,28.24,1213.13,
15084,2008,16.46,21.69,29.53,1262.59,
15084,2009,15.3,22.1,28.88,1293.62,
15084,2010,14.05,23.15,26.95,1316.54,0.88
15084,2011,13.7,23.76,30.01,1376.04,1.36
15084,2012,13.4,23.88,28.13,1408.97,1.39
15084,2013,12.2,27.22,26.45,1436.56,2.14
15084,2014,11.15,31.95,29.53,1461.95,4.16
15084,2015,10.25,40.92,33.18,1492.11,12.79
15084,2016,9.57,41.67,33.45,1547.45,5.47
15084,2017,8.13,35.87,33.34,1608.98,4.63
15084,2018,7.21,37.38,38.95,1654.75,4.05
15084,2019,6.52,39.49,37.99,1723.43,3.65
15084,2020,6.95,35.83,33.18,,3.69
15084,1995,,23.14,22.13,,
15084,1996,,23.1,21.65,,
15084,1997,,24.94,24.49,,
15085,1998,20.25,26.18,28.43,,
15085,1999,19.94,25.78,28.89,,
15085,2000,19.8,23.98,30.35,1044.52,
15085,2001,19.31,20.2,25.83,1082.96,
15085,2002,18.45,25.05,30.11,1100.26,
15085,2003,19.3,24.16,29.42,1122.4,
15085,2004,18.97,26.12,33.23,1140.41,
15085,2005,19.27,26.87,32.02,1149.38,
15085,2006,17.38,25.08,31.75,1176.64,
15085,2007,14.86,20.33,27.78,1201.56,
15085,2008,13.34,21.02,28.51,1249.05,
15085,2009,12.95,22.44,28.26,1285.44,
15085,2010,11.47,24.58,27.68,1307.71,1.9
15085,2011,10.74,26.55,33.1,1369.83,2.25
15085,2012,9.78,29.75,32.08,1403.89,2.1
15085,2013,8.9,36.47,38.33,1436.99,3.56
15085,2014,8.33,52.35,50.67,1469.18,10.87
15085,2015,7.99,130.26,113.59,1498.3,9.58
15085,2016,7.22,63.79,63.06,1550.64,8.39
15085,2017,6.4,41.57,48.59,1632.21,4.83
15085,2018,5.78,39.82,39.17,1678.77,5.95
15085,2019,5.26,40.51,36.08,1745.4,5.84
15085,2020,6.05,34.44,35.47,,3.84
15085,1995,,26.21,26.34,,
15085,1996,,26.39,26.2,,
15085,1997,,24.98,25.05,,
15086,1998,18.13,36.76,30.97,,
15086,1999,19.98,31.67,29.29,,
15086,2000,18.97,30.05,31.44,1047.45,
15086,2001,18.7,30.1,35.73,1105.73,
15086,2002,17.46,28.43,35.15,1117.05,
15086,2003,18.61,28.83,35.92,1154.78,
15086,2004,17.72,27.03,33.09,1196.1,
15086,2005,17.07,26.03,33.81,1220.58,
15086,2006,16.35,24.27,31.35,1263.84,
15086,2007,13.75,24.45,32.94,1294.84,
15086,2008,11.77,25.26,35.17,1352.6,
15086,2009,11.62,30.31,32,1373.23,
15086,2010,11.1,28.59,32.96,1408.18,1.01
15086,2011,10.04,29.49,34.48,1468.94,1.25
15086,2012,10.03,29.51,32.73,1490.64,1.42
15086,2013,10.1,32.64,32.86,1524.63,2.64
15086,2014,9.83,34.23,31.76,1550.05,3.87
15086,2015,9.74,45.09,34.79,1556.27,13.93
15086,2016,9.13,46.21,36.96,1617.68,4.41
15086,2017,7.78,34.99,37.8,1697.31,2.74
15086,2018,7.16,36.63,34.68,1731.51,2.7
15086,2019,6.94,37.61,32.98,1800.71,1.94
15086,2020,7.34,36.48,29.42,,2.01
15086,1995,,41.39,24.33,,
15086,1996,,41.88,28.49,,
15086,1997,,35.68,34.8,,
15087,1998,22.47,20.96,24.8,,
15087,1999,22.65,20.56,26.9,,
15087,2000,22.01,19.61,29.25,1027.02,
15087,2001,21.78,19.21,28.95,1072.21,
15087,2002,23.05,21.65,30.2,1089.99,
15087,2003,24.38,21.11,30.19,1113.57,
15087,2004,25.05,20.88,29.25,1134.72,
15087,2005,24.63,19.52,28.15,1140.41,
15087,2006,23.31,19.15,29.08,1169.44,
15087,2007,20.66,16.63,27.61,1188,
15087,2008,17.83,17.98,30.47,1231.72,
15087,2009,17.32,17.56,27.85,1261.92,
15087,2010,15.96,18.01,25.38,1277.66,2.34
15087,2011,14.75,19.27,27.34,1328.44,2.59
15087,2012,14.24,20.47,25.61,1358.23,3.31
15087,2013,14.1,22.39,24.73,1376.75,3.78
15087,2014,13.83,24.18,24.48,1408.17,6.61
15087,2015,13.26,30.08,25.94,1441.04,15.82
15087,2016,12.39,34.38,26.99,1498.9,6.01
15087,2017,11.13,23.16,26.21,1565.89,4.36
15087,2018,10.14,24.02,26.27,1611.99,2.95
15087,2019,9.42,25.71,25.66,1678.14,3.31
15087,2020,9.75,24.67,22.98,,3.18
15087,1995,,20.12,21.73,,
15087,1996,,21.15,22.02,,
15087,1997,,19.77,22.18,,
15088,1998,19.71,51.16,36.43,,
15088,1999,19.51,45.14,36.29,,
15088,2000,20.04,41.72,39.4,1045.33,
15088,2001,19.85,33.89,37.4,1088.09,
15088,2002,20.12,34.17,40.18,1107.77,
15088,2003,20.42,31.99,38.53,1130.84,
15088,2004,19.57,32.56,37.37,1158.13,
15088,2005,19.11,31.7,36.4,1169.64,
15088,2006,15.92,28.53,33.89,1202.37,
15088,2007,14.39,27.83,34.79,1244.47,
15088,2008,12.77,27.78,37.48,1301.71,
15088,2009,12.61,27.08,34.5,1334.01,
15088,2010,11.89,27.29,33.34,1367.05,1.59
15088,2011,10.55,29.81,34.83,1439.08,1.96
15088,2012,10,28.91,32,1474.81,2.07
15088,2013,9.8,30.2,32.81,1500.33,2.81
15088,2014,9.46,32.83,33.58,1536.29,4.52
15088,2015,9.14,40.66,35.02,1580.17,11.8
15088,2016,8.36,43.31,34.83,1626.89,6.77
15088,2017,7.62,36.31,32.9,1698.92,4.11
15088,2018,7.02,36.76,34.73,1741.68,3.17
15088,2019,6.25,36.38,34.3,1810.16,2.85
15088,2020,6.76,35.6,30.35,,3.16
15088,1995,,50.71,28.93,,
15088,1996,,57.7,38.37,,
15088,1997,,56.38,38.66,,
15089,1998,23.01,23.72,25.68,,
15089,1999,23,23.7,28.71,,
15089,2000,22.6,23.66,31.08,1009.69,
15089,2001,21.66,20.63,29.81,1048.54,
15089,2002,21.71,23.23,32.98,1060.31,
15089,2003,23.42,22.73,32.2,1087.07,
15089,2004,22.56,22.51,31.57,1096.54,
15089,2005,21.86,21.62,30.4,1111.27,
15089,2006,19.81,19.15,30.17,1148.96,
15089,2007,16.77,18.98,29.23,1168.56,
15089,2008,14.06,18.53,28.96,1210.55,
15089,2009,13.66,20.99,27.54,1242.09,
15089,2010,12.55,19.93,27.07,1265.4,1.32
15089,2011,12.2,23.05,28.63,1321.58,1.72
15089,2012,12.05,23.59,28.15,1358.48,1.79
15089,2013,12.2,24.2,27.93,1384.12,2.81
15089,2014,12.04,26.16,28.27,1418.88,4.69
15089,2015,11.39,36.36,27.79,1453.01,13.4
15089,2016,10.51,36.43,30.87,1504.98,5.77
15089,2017,9.77,28.71,28.65,1577.71,4.33
15089,2018,9.03,29.49,30.31,1620.76,3.29
15089,2019,8.3,32.1,29.17,1684.1,3.26
15089,2020,8.45,31.19,29.6,,3.47
15089,1995,,21.15,22.95,,
15089,1996,,23.56,22.38,,
15089,1997,,22.92,24.35,,
15090,1998,21.43,20.27,25.9,,
15090,1999,21.01,21.36,26.92,,
15090,2000,20.77,18.38,29.05,997.22,
15090,2001,21.14,19.55,31,1040.69,
15090,2002,21.27,21.81,30.08,1042.83,
15090,2003,23.15,26.03,30.95,1065.83,
15090,2004,23.48,22.13,36.57,1095.95,
15090,2005,23.13,21.19,30.96,1100.55,
15090,2006,21.56,19.59,28.64,1127.81,
15090,2007,19.32,20.34,31.95,1153.39,
15090,2008,16.41,21.27,33.1,1202.7,
15090,2009,16.2,22.03,31.54,1223.03,
15090,2010,15.14,21.76,30.39,1260.42,2.04
15090,2011,14.37,22.99,31.82,1324.15,2.22
15090,2012,14.17,22.77,29.82,1353.01,2.22
15090,2013,13.8,24.53,28.59,1383.46,2.94
15090,2014,12.88,27.25,28.3,1421.76,4.96
15090,2015,12.11,42.49,30.24,1431.17,15.06
15090,2016,11.63,52.46,42.09,1492.51,6.05
15090,2017,10.1,30.52,33.41,1568.21,4.35
15090,2018,9.46,27.04,29.5,1603.35,2.16
15090,2019,8.72,28.02,28.16,1671.63,2.72
15090,2020,9.18,27.2,25.28,,3.08
15090,1995,,21.79,25.03,,
15090,1996,,22.94,25.58,,
15090,1997,,19.82,24.25,,
15091,1998,19.65,23.06,25.54,,
15091,1999,19.9,23.01,28.48,,
15091,2000,19.9,21.21,31.88,1025.06,
15091,2001,19.78,20.37,33.58,1060.7,
15091,2002,18.69,21.63,30.44,1078.11,
15091,2003,19.47,20.02,30.22,1116.17,
15091,2004,19.33,21.41,29.01,1143.76,
15091,2005,19.54,19.64,28.3,1156.91,
15091,2006,18,18.62,26.88,1190.33,
15091,2007,14.63,18.45,26.95,1219.73,
15091,2008,12.43,18.95,27.94,1264.16,
15091,2009,12.62,19.77,26.38,1290.99,
15091,2010,12.05,18.57,25.86,1316.62,1.68
15091,2011,11.09,22.84,28.6,1394.61,1.86
15091,2012,10.87,22.62,26.63,1437.05,1.96
15091,2013,11,24.51,26.47,1456.36,2.61
15091,2014,10.5,27.66,25.63,1490.21,4.44
15091,2015,10.13,36.61,30.5,1529.72,11.56
15091,2016,9.45,35.79,31.6,1588.92,5.7
15091,2017,7.9,30.91,28.29,1667.34,4.69
15091,2018,7.02,31.46,30.29,1711.45,4.04
15091,2019,6.24,32.93,31.23,1782.09,3.86
15091,2020,6.94,34.08,29.71,,4.43
15091,1995,,25.12,21.07,,
15091,1996,,24.33,23.15,,
15091,1997,,22.5,26.5,,
16051,1998,17.31,30.48,40.01,,
16051,1999,16.48,32.44,38.36,,
16051,2000,16.14,35.43,37.22,1115.61,
16051,2001,16.02,36.52,37.47,1154.93,
16051,2002,16.83,37.6,36.3,1172.66,
16051,2003,18.15,45.97,35.81,1183.61,
16051,2004,18.24,42.92,37.87,1203.81,
16051,2005,19.2,41.27,38,1203.93,
16051,2006,16.11,40.11,39.66,1242.21,
16051,2007,14.52,41.85,39.9,1259.95,
16051,2008,13.12,43.74,40.84,1290.73,
16051,2009,12.09,44.94,40.82,1304.93,
16051,2010,10.52,45.02,39.16,1323.43,1.97
16051,2011,10.11,51.26,42.96,1381.4,2.28
16051,2012,9.63,50.75,42.49,1406.85,2.57
16051,2013,8.6,52.18,45,1436.09,2.96
16051,2014,8.25,53.27,46.59,1455,3.62
16051,2015,7.99,65.15,45.79,1489.8,7.51
16051,2016,7.5,58.65,51.12,1538.46,4
16051,2017,6.81,58.76,48.49,1586.74,3.09
16051,2018,6.04,56.91,51.61,1626.34,4.5
16051,2019,5.67,53.08,49.59,1669.49,4.85
16051,2020,6.61,48.2,47.31,,4.7
16051,1995,,25.16,31.46,,
16051,1996,,26.58,36.8,,
16051,1997,,30.49,41.04,,
16052,1998,19.22,24.92,39.89,,
16052,1999,17.57,27.29,37.57,,
16052,2000,17.87,27.19,39.87,1081.62,
16052,2001,17.74,24.23,46.21,1141.26,
16052,2002,17.65,25.36,37.64,1160.51,
16052,2003,18.69,27.35,38.41,1184.85,
16052,2004,19.17,29.13,35.49,1209.16,
16052,2005,19.62,26.37,34.31,1217.19,
16052,2006,18.03,26.94,33.19,1257.62,
16052,2007,16.04,27.07,33.23,1280.61,
16052,2008,14.99,31.74,36.16,1298.98,
16052,2009,14.81,31.82,33.2,1309.2,
16052,2010,13.56,31.54,33.17,1325.64,1.38
16052,2011,12.29,35.17,34.21,1388.76,1.36
16052,2012,12.08,38.11,34.54,1412.91,1.8
16052,2013,11.9,37.89,35.86,1440.69,2.15
16052,2014,11.24,37.87,36.92,1459.34,4.22
16052,2015,10.91,69.47,46.84,1483.63,11.49
16052,2016,9.95,85.31,84.15,1537.48,9.44
16052,2017,9.77,67.03,59.24,1593.26,5.9
16052,2018,8.82,41.07,41.33,1649.15,4.82
16052,2019,8.15,38.38,42.21,1710.27,4.97
16052,2020,8.57,39.08,42.01,,6.3
16052,1995,,24.22,37.42,,
16052,1996,,25.89,38.9,,
16052,1997,,27.04,41.64,,
16053,1998,16.25,58.51,59.01,,
16053,1999,13.94,68.82,61.12,,
16053,2000,13.12,63.72,60.96,1101.69,
16053,2001,12,84.86,72.31,1125.28,
16053,2002,12.25,71.38,75.2,1152.9,
16053,2003,13.41,87.95,67.11,1146.83,
16053,2004,12.99,56.18,58.29,1168.31,
16053,2005,13.33,56.23,55.3,1179.64,
16053,2006,11.07,53.94,54.9,1226.84,
16053,2007,10.57,57.81,56.03,1252.17,
16053,2008,8.82,63.89,59.26,1278.2,
16053,2009,8.58,65.39,56.94,1301.46,
16053,2010,7.79,63.04,57.89,1332.2,0.21
16053,2011,7.05,64.7,63.05,1344.66,0.22
16053,2012,6.88,66.78,62.85,1370.78,0.61
16053,2013,7,66.82,60.9,1394.04,0.67
16053,2014,7.02,68.34,65.83,1404.72,2.07
16053,2015,6.93,76.31,65.13,1443.4,11.15
16053,2016,6.55,80.63,66.16,1492.3,5.35
16053,2017,6.05,69.85,63.6,1567.28,4.2
16053,2018,5.64,67.28,64.68,1609.63,2.95
16053,2019,5.24,63.04,62.99,1660.29,2.87
16053,2020,5.8,52.24,57.07,,2.84
16053,1995,,48.41,55.69,,
16053,1996,,66.01,70.3,,
16053,1997,,56.53,63.95,,
16054,1998,16.72,31.3,47.31,,
16054,1999,15.26,30.21,44.73,,
16054,2000,15.52,31.1,50.94,1085.34,
16054,2001,14.67,28.95,51.24,1140.77,
16054,2002,15.03,32.34,52.35,1158.9,
16054,2003,15.37,29.68,47.57,1185.76,
16054,2004,15.17,30.04,45.08,1205.69,
16054,2005,14.09,26.57,41.94,1214.54,
16054,2006,15.12,28.91,41.52,1257.23,
16054,2007,12.67,28.04,43.31,1276.82,
16054,2008,10.96,31.4,44.51,1298.87,
16054,2009,11.57,31.36,41.25,1314.69,
16054,2010,9.87,31.28,42.8,1330.24,3.08
16054,2011,7.99,37.2,44.13,1410.87,2.69
16054,2012,7.77,34.84,45.69,1451.63,2.92
16054,2013,7.44,39.84,42.86,1483.76,3.7
16054,2014,7.12,94.65,74.14,1487.26,3.75
16054,2015,7.03,345.3,322.77,1494.3,2.63
16054,2016,6.39,192.8,210.08,1584.78,1.89
16054,2017,5.3,144.67,148.37,1654.33,9.08
16054,2018,4.95,141.78,139.77,1720.14,12.24
16054,2019,4.98,130.64,124.6,1814.16,7.99
16054,2020,5.88,101.28,100.73,,6.04
16054,1995,,30.6,40.38,,
16054,1996,,28.75,44.64,,
16054,1997,,25.15,47.06,,
16055,1998,16.36,53.4,48.52,,
16055,1999,15.54,52.22,47.72,,
16055,2000,16.39,52.09,50.75,1070.81,
16055,2001,16.68,69.88,51.56,1091.38,
16055,2002,15.82,61.32,51.29,1106.34,
16055,2003,17.32,56.58,49.48,1120.73,
16055,2004,18.28,54.89,52.41,1146.97,
16055,2005,18.82,55.69,52.98,1154.34,
16055,2006,16.85,55.07,55.52,1194.74,
16055,2007,15,57.68,52.78,1213.1,
16055,2008,12.97,64.48,60.38,1242.5,
16055,2009,12.29,63.34,58.18,1251.14,
16055,2010,11.19,60.34,55.9,1268.99,1.7
16055,2011,9.98,63.56,62.4,1352.69,2
16055,2012,9.36,65.55,61.03,1384,2.15
16055,2013,8.6,64.96,62.62,1412.33,2.99
16055,2014,8.51,65.88,62.97,1446.32,4.87
16055,2015,8.39,75.41,61.84,1465.3,12.27
16055,2016,7.27,69.44,56.76,1511.81,9.07
16055,2017,6.51,62.46,58.11,1572.18,3.38
16055,2018,6.21,66.05,52.77,1601.13,3.55
16055,2019,5.65,65.42,59.21,1643.69,5.04
16055,2020,6.51,57.05,54.5,,4.99
16055,1995,,42.06,38.91,,
16055,1996,,44.03,42.86,,
16055,1997,,55.02,46.92,,
16056,1998,16.05,39.06,40.5,,
16056,1999,15.59,45.44,35.35,,
16056,2000,14.69,44.42,41.11,1104.65,
16056,2001,13.37,43.96,42.22,1144.48,
16056,2002,13.3,45.8,39.48,1177.28,
16056,2003,13.17,42.38,41.74,1210.71,
16056,2004,13.85,41.83,41.35,1243.79,
16056,2005,15.49,41.19,40.62,1242.07,
16056,2006,14.57,43.41,40.82,1268.85,
16056,2007,11.92,40.41,42.56,1285.06,
16056,2008,10.64,43.44,44.51,1306.31,
16056,2009,12.26,40.77,41.54,1320.6,
16056,2010,10.46,43.72,40.8,1329.16,1.38
16056,2011,9.33,47.23,44.31,1389.98,1.41
16056,2012,9.05,49.64,43.14,1419.82,1.99
16056,2013,9.4,49.13,46.98,1459.1,2.62
16056,2014,8.45,54.29,42.62,1491.12,4.78
16056,2015,7.95,65.63,47.79,1513.92,12.64
16056,2016,7.69,67.88,51.07,1552.26,6.03
16056,2017,7.1,54.58,46.24,1600,3.32
16056,2018,6.61,49.54,50.67,1653.45,2.88
16056,2019,6.42,49.42,46.56,1700.86,2.15
16056,2020,7.67,43.41,44.22,,2.38
16056,1995,,19.81,18.97,,
16056,1996,,17.2,18.11,,
16056,1997,,17.19,17.41,,
16061,1998,16.14,15.11,21.88,,
16061,1999,13.58,16.2,20.67,,
16061,2000,13.5,14.92,19.81,1028.66,
16061,2001,14.15,15.08,20.31,1079.48,
16061,2002,14.38,15.31,22.63,1087.4,
16061,2003,15.35,15.33,22.79,1105.2,
16061,2004,15.79,15.91,21.11,1128.41,
16061,2005,15.79,15.37,21.86,1138.52,
16061,2006,13.4,14.24,23.3,1185.96,
16061,2007,10.89,14.58,22.5,1219.3,
16061,2008,9.43,15.65,23.26,1266.65,
16061,2009,10.03,16.33,23.09,1287.3,
16061,2010,8.2,16.1,23.27,1312.87,1.25
16061,2011,7.11,18.73,24.16,1386.33,1.37
16061,2012,6.38,18.85,23.09,1413.01,1.39
16061,2013,6.1,21.14,23.2,1442.33,1.56
16061,2014,5.64,23.29,24.28,1476.7,2.08
16061,2015,5.25,30.34,22.95,1510.05,10.58
16061,2016,4.96,34.86,27.64,1574.05,5.76
16061,2017,4.34,24.97,26.3,1649.03,3.88
16061,2018,3.88,26.29,26.4,1700.54,2.7
16061,2019,3.86,26.65,27.92,1752.64,3.01
16061,2020,4.55,22.77,24.03,,3.47
16061,1995,,22.36,21.76,,
16061,1996,,19.68,22.34,,
16061,1997,,16.4,21.37,,
16062,1998,19.84,18.5,21.14,,
16062,1999,17.63,20.4,23.29,,
16062,2000,18.35,20.32,23.76,1017.18,
16062,2001,19.36,19.82,25.49,1060.74,
16062,2002,19.46,20.89,27.41,1080.95,
16062,2003,20.14,21.09,26.28,1102.99,
16062,2004,20.23,21.68,28.21,1130,
16062,2005,19.57,21.83,27.25,1131.67,
16062,2006,19.27,20.81,26.41,1169.56,
16062,2007,16.49,21.58,27.12,1194.46,
16062,2008,13.69,26.48,29.42,1222.7,
16062,2009,13.63,24.64,27.78,1228.42,
16062,2010,11.4,27.91,27.48,1245.96,1.51
16062,2011,10.72,28.07,31.91,1316.19,1.72
16062,2012,10.25,29.33,32.65,1341.97,1.91
16062,2013,10.4,32.06,32.16,1371.45,1.69
16062,2014,9.6,33.74,32.45,1391.03,2.96
16062,2015,8.91,43.38,34.87,1419.54,8.9
16062,2016,8.04,45.01,34.87,1481.9,4.43
16062,2017,7.5,37.49,35.9,1542.64,4.12
16062,2018,7.04,32.18,34.5,1594.89,3.54
16062,2019,6.99,34.59,31.88,1654.97,3.42
16062,2020,7.77,28.38,32.22,,4.12
16062,1995,,20.7,19.76,,
16062,1996,,19.65,19.85,,
16062,1997,,19.3,20.21,,
16063,1998,14.18,21.93,23.28,,
16063,1999,13.1,20.22,23.11,,
16063,2000,12.72,22.26,26.54,1128.28,
16063,2001,11.94,22.52,26.66,1180.1,
16063,2002,12.62,22.02,26.22,1193.47,
16063,2003,12.66,20.89,28.86,1221.14,
16063,2004,12.95,21.37,26.23,1247.08,
16063,2005,13.46,20.65,26.95,1258.45,
16063,2006,12.87,18.48,26.32,1303.21,
16063,2007,10.15,19.64,27.03,1336.28,
16063,2008,8.05,20.38,28.31,1374.4,
16063,2009,9.14,19.09,26.92,1390.98,
16063,2010,7.45,20.45,25.8,1411.02,0.7
16063,2011,6.05,23.51,27.88,1477.34,0.84
16063,2012,6.07,23.97,25.95,1521.27,1
16063,2013,6.2,24.06,27.09,1572.07,2
16063,2014,5.7,27.45,27.11,1573.72,3.08
16063,2015,5.55,32.52,28.9,1628.11,8.25
16063,2016,5.1,35.03,29.9,1702.84,4.09
16063,2017,4.35,28.38,30.87,1757.66,4.13
16063,2018,3.82,30.38,30.38,1816.32,4.57
16063,2019,3.92,30.28,30.63,1853.36,4.45
16063,2020,4.98,26.24,27.92,,4.28
16063,1995,,19.58,18.72,,
16063,1996,,17.21,18.11,,
16063,1997,,17.18,17.41,,
16064,1998,16.88,33.75,32.21,,
16064,1999,15.08,36.42,34.36,,
16064,2000,15.4,28.52,35.11,1029,
16064,2001,15.57,23.04,28.82,1081.45,
16064,2002,16.25,20.78,26.96,1090.98,
16064,2003,16.96,19.97,27.15,1109.06,
16064,2004,16.87,19.6,24.7,1134.2,
16064,2005,17.95,18.59,24.77,1137.21,
16064,2006,17.26,16.63,24.58,1177.47,
16064,2007,14.59,18.85,24.17,1207.29,
16064,2008,12.8,20.19,25.41,1244.01,
16064,2009,13.51,20.77,25.16,1252.43,
16064,2010,12.11,20.71,24.57,1273.39,1.26
16064,2011,11.53,22.44,25.07,1341.44,1.29
16064,2012,11.11,22.45,25.09,1365.73,1.48
16064,2013,11.1,23.13,24.14,1400.95,2.06
16064,2014,10.1,25.06,24.07,1421.59,3.4
16064,2015,9.76,58.34,40.46,1425.86,11.58
16064,2016,9.13,41.93,41.76,1491.27,8.36
16064,2017,8.21,28.92,27.54,1557.08,8.24
16064,2018,7.4,28.98,28.74,1601.7,3.83
16064,2019,6.84,28.73,29.21,1665.19,4.28
16064,2020,7.5,27.29,24.66,,5.8
16064,1995,,34.59,32.87,,
16064,1996,,41.38,37.79,,
16064,1997,,37.9,41.63,,
16065,1998,21.36,22.11,22.97,,
16065,1999,19.18,20.32,24.6,,
16065,2000,21.03,20.28,25.81,980.24,
16065,2001,22.31,18.85,28.95,1027.2,
16065,2002,22.23,20.71,26.67,1036.64,
16065,2003,23.33,18.94,28.03,1058.49,
16065,2004,24.14,18.33,27.96,1090.14,
16065,2005,24.69,20,28.32,1090.28,
16065,2006,23.16,20.41,29.26,1127.13,
16065,2007,20.53,19.08,33.26,1158.82,
16065,2008,16.96,18.68,30.2,1195.79,
16065,2009,16.41,18.61,25.71,1206.29,
16065,2010,14,19.04,26.46,1232,0.82
16065,2011,13.26,22.75,27.41,1286.63,1.13
16065,2012,12.53,23.68,26.74,1310.19,1.84
16065,2013,11.5,23.37,27.42,1347.56,2.49
16065,2014,11.01,29.13,27.39,1373.13,4.89
16065,2015,10.81,33.45,25.77,1398.07,16.35
16065,2016,9.86,38.8,29.63,1447.42,11.08
16065,2017,8.66,26,28.86,1520.15,6.7
16065,2018,8.35,25.6,27.26,1567.57,4.64
16065,2019,7.85,25.68,26.79,1637.34,4.11
16065,2020,8.19,25.71,25.16,,4.49
16065,1995,,20.36,19.87,,
16065,1996,,20.2,20.33,,
16065,1997,,20.16,22.5,,
16066,1998,15.38,19.74,19.22,,
16066,1999,13.83,22.71,21.93,,
16066,2000,13.33,23.31,24.91,1054.55,
16066,2001,13.27,22.81,26.94,1110.23,
16066,2002,13.59,21.17,26.07,1132.74,
16066,2003,14.29,20.33,25.35,1158.54,
16066,2004,13.7,21.88,24.66,1180.51,
16066,2005,13.67,20.75,26.58,1191.49,
16066,2006,13.15,20.65,26.95,1236.24,
16066,2007,11.03,20.99,28.07,1266.72,
16066,2008,8.78,22.86,29.47,1299,
16066,2009,9.65,21.52,27.12,1311.7,
16066,2010,8.25,22.48,27.36,1321.35,1.32
16066,2011,6.81,24.02,27.67,1381.18,1.31
16066,2012,6.88,26.74,27.99,1412.77,1.14
16066,2013,6.39,28.45,28.2,1451.42,1.74
16066,2014,5.85,31.15,30.37,1484.75,2.81
16066,2015,5.34,35.81,32.04,1513.56,7.56
16066,2016,4.96,37.78,31.28,1571.56,2.59
16066,2017,4.5,31.64,29.97,1637.7,1.81
16066,2018,4.02,33.37,30.52,1690.28,2.53
16066,2019,4.01,34.98,32.6,1766.31,2.23
16066,2020,4.98,30.43,27.72,,2.86
16066,1995,,18.93,19.79,,
16066,1996,,19.41,17.5,,
16066,1997,,20.26,18.75,,
16067,1998,16.22,25.59,20.44,,
16067,1999,13.95,26.25,23.23,,
16067,2000,13.84,23.57,26.11,1046.29,
16067,2001,13.31,20.43,24.58,1097.59,
16067,2002,13.86,22.9,24.68,1120.55,
16067,2003,14.87,22.05,26.32,1145.86,
16067,2004,14.73,22.93,23.54,1171.67,
16067,2005,15.34,20.6,24.26,1182.17,
16067,2006,14.16,19.64,24.56,1222.88,
16067,2007,11.38,20.85,23.96,1255.33,
16067,2008,9.32,21.08,26.86,1289.17,
16067,2009,10.29,21.56,25.3,1302.97,
16067,2010,8.62,23.8,25.27,1324.44,1.76
16067,2011,8.15,26.04,25.73,1376.98,1.63
16067,2012,7.99,26.35,26.6,1406.57,1.84
16067,2013,7.8,30.96,27.75,1438.7,2.25
16067,2014,7.27,34.62,28.33,1457.95,4.23
16067,2015,6.88,54.41,38.73,1479.02,10.46
16067,2016,6.36,47.78,46.5,1548.52,4.72
16067,2017,5.7,40.95,34.84,1603.05,3.31
16067,2018,4.98,42.97,37.75,1645.14,3.06
16067,2019,5.06,41.25,39.83,1700.62,2.28
16067,2020,5.99,39.77,35.08,,2.82
16067,1995,,22.27,16.17,,
16067,1996,,26.5,17.7,,
16067,1997,,29.2,20.07,,
16068,1998,18.99,26.13,25.62,,
16068,1999,17.33,27.64,27.6,,
16068,2000,16.84,23.43,29.01,1067.24,
16068,2001,17.04,23.6,31.24,1120.65,
16068,2002,18.16,25.17,30.67,1121.27,
16068,2003,19.65,24.14,32.45,1141.13,
16068,2004,19.09,24.78,32.61,1166.2,
16068,2005,19.55,22.49,31.77,1168.89,
16068,2006,17.77,23.17,30.36,1206.36,
16068,2007,16.05,22.32,29.37,1236.48,
16068,2008,14.73,21.79,30.86,1275.93,
16068,2009,13.36,24.92,29.56,1282.28,
16068,2010,11.24,23.31,31.04,1310.01,0.66
16068,2011,10.46,28.47,31.73,1366.87,0.56
16068,2012,9.82,26.08,29.04,1394.62,0.82
16068,2013,9.6,29.2,27.95,1428.72,1.58
16068,2014,8.7,30.18,30.17,1455.69,3.06
16068,2015,7.93,36.94,30.64,1475.14,9.6
16068,2016,6.77,38.08,33.57,1532.58,4.19
16068,2017,6.08,33.62,30.3,1591.68,2.7
16068,2018,5.56,33.11,32.2,1638.45,2.43
16068,2019,5.47,33.36,30.25,1701.48,2.84
16068,2020,6.61,30.91,28,,2.46
16068,1995,,25.38,20.28,,
16068,1996,,24.74,22.16,,
16068,1997,,28.13,24.99,,
16069,1998,13.01,20.34,18.87,,
16069,1999,11.78,18.27,19.94,,
16069,2000,12.04,18.57,19.19,1103.24,
16069,2001,11.5,17.94,21.2,1162.96,
16069,2002,12.57,18.84,21.84,1171.18,
16069,2003,13.34,18.15,24.42,1193.24,
16069,2004,13.98,20.96,24.68,1216.44,
16069,2005,14.37,20.15,23.12,1217.32,
16069,2006,12.73,18.99,26.46,1264.63,
16069,2007,9.48,19.68,27.21,1303.32,
16069,2008,7.56,19.53,27.45,1344.36,
16069,2009,8.56,17.92,25.33,1354.47,
16069,2010,7.4,19.52,26.47,1376.29,1.25
16069,2011,5.99,21.24,26.25,1421.05,1.41
16069,2012,5.55,22.61,26.79,1449.39,2.12
16069,2013,5.6,22.54,25.76,1482.66,2.63
16069,2014,5.2,25.61,25.68,1505.31,2.94
16069,2015,4.8,29.77,26.63,1557.04,9.61
16069,2016,4.38,36.64,27.55,1604.59,6.4
16069,2017,3.91,30.15,29.94,1674.15,5.52
16069,2018,3.4,29.79,29.85,1726.18,4.77
16069,2019,3.38,32.68,30.57,1790.34,4.29
16069,2020,4.1,26.99,27.61,,6.14
16069,1995,,23.28,21.66,,
16069,1996,,23.11,18.81,,
16069,1997,,21.44,18.19,,
16070,1998,18.78,25.46,21.99,,
16070,1999,17.7,27.96,25.62,,
16070,2000,17.19,27.32,28.99,1066.92,
16070,2001,17.66,27.74,30.67,1113.82,
16070,2002,18.69,28.86,29.33,1128.09,
16070,2003,19.28,26.15,30.91,1152.58,
16070,2004,19.1,26.02,31.79,1172.53,
16070,2005,18.99,25.81,31.42,1186.07,
16070,2006,17.37,26.38,32.56,1240.97,
16070,2007,14.32,27.23,33.86,1278.17,
16070,2008,11.83,29.78,34.43,1314.56,
16070,2009,11.72,31.55,32.06,1329.71,
16070,2010,10.11,34.42,33.69,1342.46,1.11
16070,2011,9.06,36.03,36.77,1399.54,1.04
16070,2012,8.44,36.76,37.13,1428.9,1.51
16070,2013,8.1,36.19,36.75,1460.45,1.91
16070,2014,7.75,39.13,35.32,1475.27,3.56
16070,2015,7.41,47.64,36.23,1516.67,10.17
16070,2016,6.81,52.74,42.16,1570.56,8.87
16070,2017,5.81,46.04,43.94,1624.29,7.42
16070,2018,5.33,47.08,42.3,1668.52,6.06
16070,2019,4.91,45.4,42.76,1712.4,4.97
16070,2020,5.65,37.77,36.23,,4.83
16070,1995,,23.18,19.77,,
16070,1996,,22.74,20.29,,
16070,1997,,26.39,21.78,,
16071,1998,16.96,36.45,30.69,,
16071,1999,14.51,34.94,29.89,,
16071,2000,14.11,31.44,34.63,1020.95,
16071,2001,14.4,31.05,34.79,1069.73,
16071,2002,16.16,31.92,36.06,1086.33,
16071,2003,17.54,30.59,36.57,1115.82,
16071,2004,17.36,30.14,34.6,1150.71,
16071,2005,17.17,30.68,33.67,1153.88,
16071,2006,15.23,29.34,36.16,1201.09,
16071,2007,12.53,27.62,35.28,1237.45,
16071,2008,10.05,27.75,38.09,1284,
16071,2009,9.44,30.42,33.41,1294.32,
16071,2010,8.08,32,32.85,1320.74,1.69
16071,2011,7.62,34.2,35.99,1396.67,1.94
16071,2012,7.49,34.2,36.88,1432.64,1.96
16071,2013,6.9,35.25,36,1470.36,2.51
16071,2014,6.49,37.76,35.29,1485.71,3.47
16071,2015,6.13,47.17,36.82,1506.48,9.23
16071,2016,5.24,47.2,38.12,1557.22,6.92
16071,2017,4.53,39.84,37.99,1624.91,5.38
16071,2018,4.16,40.86,38.71,1670.64,4.23
16071,2019,4.02,39.74,33.45,1724.64,4.19
16071,2020,4.61,38.36,31.67,,5.53
16071,1995,,41.26,25.42,,
16071,1996,,48.49,31.81,,
16071,1997,,45.62,31.65,,
16072,1998,12,17.63,18.82,,
16072,1999,11.22,17,22.1,,
16072,2000,10.33,18.04,20.54,1093.96,
16072,2001,9.72,18.51,22.98,1140.72,
16072,2002,11.15,19.48,23.01,1156.12,
16072,2003,12.04,15.69,23.06,1178.98,
16072,2004,12.35,17.13,22.88,1197.14,
16072,2005,13.33,16.61,25.19,1209.98,
16072,2006,11.95,15.47,23.26,1252.24,
16072,2007,9.36,18.05,24.5,1281.51,
16072,2008,7.98,18.99,29.2,1311.34,
16072,2009,8.57,20.25,25.6,1323.12,
16072,2010,6.97,22.41,25.3,1331.68,1.32
16072,2011,5.06,22.35,27.32,1384.64,1.46
16072,2012,4.59,21.51,25.98,1420.24,1.06
16072,2013,4.63,22.66,24.08,1454.76,2
16072,2014,4.44,24.88,26.05,1482.57,3.38
16072,2015,4.3,34.1,25.06,1525.94,12.55
16072,2016,4.05,38.49,27.3,1568.94,4.96
16072,2017,3.66,33.8,27.98,1627.75,3.23
16072,2018,3.57,39.58,33.02,1674.91,3.14
16072,2019,3.83,36.19,37.44,1756.8,2.49
16072,2020,4.59,30.31,32.24,,2.37
16072,1995,,20.3,22.74,,
16072,1996,,19.9,19.63,,
16072,1997,,17.87,19.08,,
16073,1998,17.56,18.39,26.83,,
16073,1999,15.17,18.2,21.69,,
16073,2000,15.62,19.14,24.77,1068.45,
16073,2001,15.74,17.9,27.42,1120.09,
16073,2002,15.95,18.13,23.51,1140.93,
16073,2003,17.14,17.15,25.25,1170.15,
16073,2004,16.78,18.41,23.25,1192.49,
16073,2005,18.37,16.31,23.3,1204.34,
16073,2006,16.04,16.39,22.99,1244.43,
16073,2007,12.81,15.88,26.42,1277.48,
16073,2008,10.87,17.6,25.92,1312.04,
16073,2009,10.8,17.78,24.09,1334.47,
16073,2010,10,17.64,23.95,1354.27,1
16073,2011,8.56,20.5,23.88,1428.29,1.29
16073,2012,8.3,21.2,23.59,1456.38,1.5
16073,2013,8.2,21.97,25.18,1494.12,1.88
16073,2014,8.04,23.77,23.23,1512.11,4.2
16073,2015,7.54,28.96,24.67,1558.07,9.48
16073,2016,6.75,29.23,23.39,1604.36,5.12
16073,2017,5.93,24.38,24.64,1675.52,5.14
16073,2018,5.45,24.99,25.81,1734.26,2.76
16073,2019,5.25,23.63,23.89,1785.04,1.72
16073,2020,5.85,22.54,22.49,,2.06
16073,1995,,20.62,21,,
16073,1996,,23.46,20.39,,
16073,1997,,21.93,24.02,,
16074,1998,15.57,32.57,26.11,,
16074,1999,14.64,30.72,29.95,,
16074,2000,13.84,28.12,29.6,1058.2,
16074,2001,13.57,27.6,30.73,1115.09,
16074,2002,14.17,27.28,29.92,1133.78,
16074,2003,15.17,25.46,30.01,1168.71,
16074,2004,14.99,38.66,45.2,1208.72,
16074,2005,14.9,30.32,35.63,1209.43,
16074,2006,13.27,29.01,36.25,1248.49,
16074,2007,11.18,30.72,38.08,1272.91,
16074,2008,9.25,34.22,39.88,1315.1,
16074,2009,9.53,38.82,44.93,1329.73,
16074,2010,8.46,39.22,43.04,1353.08,2.87
16074,2011,7.78,44.86,47.99,1416.72,3.39
16074,2012,7.29,51.81,53.74,1441.83,3.19
16074,2013,7.3,65.69,65.59,1469.23,5.24
16074,2014,6.85,105.85,103.96,1491.63,16.92
16074,2015,6.28,234.42,205.46,1480.41,88.49
16074,2016,5.61,54.75,66.57,1566.02,0.05
16074,2017,5,35.25,49.26,1654.15,0.24
16074,2018,4.52,37.82,32.82,1693.93,0.29
16074,2019,4.14,37.03,32.66,1758.02,0.29
16074,2020,4.54,37.38,33.71,,0.36
16074,1995,,38.85,27.62,,
16074,1996,,39.07,26.8,,
16074,1997,,37.77,27.12,,
16075,1998,16.1,19.15,21.34,,
16075,1999,13.62,21.3,25.28,,
16075,2000,13.97,18.78,25.85,1071.77,
16075,2001,14.98,19.48,25.9,1119.99,
16075,2002,15.26,18.53,24.33,1131.98,
16075,2003,15.61,18.19,25.51,1160.17,
16075,2004,15.15,19.13,24.45,1186.43,
16075,2005,15.5,17.46,25.46,1195.85,
16075,2006,13.57,16.67,24.56,1242.73,
16075,2007,10.9,18.39,25.92,1275.18,
16075,2008,9.44,18.98,26.01,1306.31,
16075,2009,9.68,17.57,24.9,1311.61,
16075,2010,8.61,19.61,23.77,1324.28,1.4
16075,2011,7.59,20.62,24.74,1388.57,1.55
16075,2012,7.41,22.36,26.96,1413.6,1.73
16075,2013,7.4,22.94,26.78,1449.04,2.35
16075,2014,7.01,25.17,27.7,1472.08,3.98
16075,2015,6.48,35.9,28.9,1500.58,12.51
16075,2016,5.94,35.19,28.69,1547.69,6.24
16075,2017,5.22,26.66,29.85,1626.09,4.6
16075,2018,4.87,28.95,28.85,1673.6,3.71
16075,2019,4.6,29,27.69,1738.38,3.67
16075,2020,4.89,27.83,28.18,,4.27
16075,1995,,22.99,23.01,,
16075,1996,,20.48,20.37,,
16075,1997,,21.15,20.79,,
16076,1998,18.59,28.27,27.71,,
16076,1999,15.87,25.82,28.34,,
16076,2000,16.07,24.62,29.54,1070.91,
16076,2001,15.74,24.6,30.61,1124.84,
16076,2002,16.42,23.79,29.95,1140.33,
16076,2003,17.07,22.39,30.27,1168.29,
16076,2004,17.34,23.73,30.58,1196.12,
16076,2005,17.54,21.59,30.53,1203.35,
16076,2006,15.63,19.96,31.29,1246.19,
16076,2007,13.05,20.67,29.66,1268.94,
16076,2008,11.32,21.85,32.89,1309.79,
16076,2009,11.45,21.93,29.94,1328.69,
16076,2010,10.02,23.64,30.17,1351.18,0.65
16076,2011,9.14,25,33.05,1411.63,0.78
16076,2012,9.16,25.69,30.02,1438.98,0.89
16076,2013,8.8,26.62,30.33,1475.33,1.54
16076,2014,8.28,29.68,30.43,1493.48,2.57
16076,2015,7.61,35.47,30.77,1531.35,9.1
16076,2016,6.65,36.31,28.95,1595.29,4.89
16076,2017,5.65,31.41,32.08,1665.67,3.29
16076,2018,4.95,31.28,33.07,1723.92,2.58
16076,2019,4.64,32.04,30.21,1788.03,2.42
16076,2020,5.29,30.92,28,,2.33
16076,1995,,31.92,26.64,,
16076,1996,,27.76,23.76,,
16076,1997,,29.62,26.25,,
16077,1998,21.46,16.55,22.11,,
16077,1999,19.58,16.09,23.29,,
16077,2000,20.44,15.88,23.95,1057.64,
16077,2001,20.51,15.88,26.7,1104.8,
16077,2002,21.57,17.22,25.74,1122.47,
16077,2003,21.92,16.69,25.36,1143.2,
16077,2004,21.68,17.3,25.63,1166.29,
16077,2005,21.09,15.48,23.76,1169.9,
16077,2006,20.28,14.61,24.21,1212.03,
16077,2007,18.21,16.98,24.61,1237.28,
16077,2008,15.98,16.3,26.31,1249.99,
16077,2009,15.79,16.74,25.45,1266.78,
16077,2010,13.57,17.75,24.54,1290.44,1.36
16077,2011,12.28,18.67,25.39,1346.65,1.64
16077,2012,11.71,20.08,23.98,1378.19,1.69
16077,2013,11.4,20.85,24.74,1414.4,2.09
16077,2014,10.94,22.59,24.59,1434.43,3.2
16077,2015,10.39,30.46,26.43,1476.51,9.38
16077,2016,9.19,36.02,27.73,1546.17,6.11
16077,2017,8.59,23.79,26.42,1622.7,2.59
16077,2018,7.72,26.72,24.29,1670.51,2.3
16077,2019,7.06,26.13,24.82,1732.56,2.92
16077,2020,7.08,23.54,24.5,,3.28
16077,1995,,23.81,22.99,,
16077,1996,,20.05,23.81,,
16077,1997,,19.99,20.56,,
