ags,year,age_band,sex,count
10041,2025,5 bis unter 10 Jahre,f,7451
10041,2025,5 bis unter 10 Jahre,m,7716
10041,2025,65 bis unter 70 Jahre,f,12082
10041,2025,65 bis unter 70 Jahre,m,11298
10041,2025,10 bis unter 15 Jahre,f,6886
10041,2025,10 bis unter 15 Jahre,m,7504
10041,2025,40 bis unter 45 Jahre,m,10418
10041,2025,40 bis unter 45 Jahre,f,9852
10041,2025,55 bis unter 60 Jahre,m,11823
10041,2025,55 bis unter 60 Jahre,f,12149
10041,2025,25 bis unter 30 Jahre,f,10640
10041,2025,25 bis unter 30 Jahre,m,11793
10041,2025,80 bis unter 85 Jahre,m,4378
10041,2025,80 bis unter 85 Jahre,f,6101
10041,2025,50 bis unter 55 Jahre,f,9024
10041,2025,50 bis unter 55 Jahre,m,8910
10041,2025,95 Jahre und mehr,f,621
10041,2025,95 Jahre und mehr,m,195
10041,2025,60 bis unter 65 Jahre,f,13328
10041,2025,60 bis unter 65 Jahre,m,12673
10041,2025,70 bis unter 75 Jahre,f,10421
10041,2025,70 bis unter 75 Jahre,m,8969
10041,2025,15 bis unter 20 Jahre,m,7847
10041,2025,15 bis unter 20 Jahre,f,7151
10041,2025,35 bis unter 40 Jahre,m,11796
10041,2025,35 bis unter 40 Jahre,f,10936
10041,2025,90 bis unter 95 Jahre,f,2137
10041,2025,90 bis unter 95 Jahre,m,916
10041,2025,45 bis unter 50 Jahre,m,9323
10041,2025,45 bis unter 50 Jahre,f,9449
10041,2025,unter 5 Jahre,f,6763
10041,2025,unter 5 Jahre,m,7091
10041,2025,30 bis unter 35 Jahre,m,11698
10041,2025,30 bis unter 35 Jahre,f,10639
10041,2025,85 bis unter 90 Jahre,f,5616
10041,2025,85 bis unter 90 Jahre,m,3193
10041,2025,75 bis unter 80 Jahre,f,8139
10041,2025,75 bis unter 80 Jahre,m,6625
10041,2025,20 bis unter 25 Jahre,m,9556
10041,2025,20 bis unter 25 Jahre,f,8887
10042,2025,35 bis unter 40 Jahre,f,3367
10042,2025,35 bis unter 40 Jahre,m,3641
10042,2025,95 Jahre und mehr,f,198
10042,2025,95 Jahre und mehr,m,46
10042,2025,unter 5 Jahre,f,1904
10042,2025,unter 5 Jahre,m,2048
10042,2025,20 bis unter 25 Jahre,f,2211
10042,2025,20 bis unter 25 Jahre,m,2721
10042,2025,15 bis unter 20 Jahre,f,2292
10042,2025,15 bis unter 20 Jahre,m,2585
10042,2025,75 bis unter 80 Jahre,f,2531
10042,2025,75 bis unter 80 Jahre,m,2154
10042,2025,90 bis unter 95 Jahre,m,311
10042,2025,90 bis unter 95 Jahre,f,679
10042,2025,60 bis unter 65 Jahre,f,4824
10042,2025,60 bis unter 65 Jahre,m,4795
10042,2025,10 bis unter 15 Jahre,m,2510
10042,2025,10 bis unter 15 Jahre,f,2195
10042,2025,65 bis unter 70 Jahre,m,4261
10042,2025,65 bis unter 70 Jahre,f,4330
10042,2025,30 bis unter 35 Jahre,m,3235
10042,2025,30 bis unter 35 Jahre,f,2964
10042,2025,40 bis unter 45 Jahre,f,3307
10042,2025,40 bis unter 45 Jahre,m,3463
10042,2025,85 bis unter 90 Jahre,f,1959
10042,2025,85 bis unter 90 Jahre,m,1058
10042,2025,5 bis unter 10 Jahre,f,2271
10042,2025,5 bis unter 10 Jahre,m,2530
10042,2025,25 bis unter 30 Jahre,f,2727
10042,2025,25 bis unter 30 Jahre,m,2951
10042,2025,50 bis unter 55 Jahre,f,3419
10042,2025,50 bis unter 55 Jahre,m,3321
10042,2025,80 bis unter 85 Jahre,m,1271
10042,2025,80 bis unter 85 Jahre,f,1847
10042,2025,55 bis unter 60 Jahre,m,4446
10042,2025,55 bis unter 60 Jahre,f,4319
10042,2025,70 bis unter 75 Jahre,f,3620
10042,2025,70 bis unter 75 Jahre,m,3237
10042,2025,45 bis unter 50 Jahre,m,3234
10042,2025,45 bis unter 50 Jahre,f,3200
10043,2025,10 bis unter 15 Jahre,f,2821
10043,2025,10 bis unter 15 Jahre,m,2958
10043,2025,45 bis unter 50 Jahre,f,3845
10043,2025,45 bis unter 50 Jahre,m,3719
10043,2025,30 bis unter 35 Jahre,f,3660
10043,2025,30 bis unter 35 Jahre,m,4042
10043,2025,5 bis unter 10 Jahre,m,3200
10043,2025,5 bis unter 10 Jahre,f,2882
10043,2025,50 bis unter 55 Jahre,f,3722
10043,2025,50 bis unter 55 Jahre,m,3663
10043,2025,85 bis unter 90 Jahre,f,2479
10043,2025,85 bis unter 90 Jahre,m,1411
10043,2025,70 bis unter 75 Jahre,f,4403
10043,2025,70 bis unter 75 Jahre,m,3879
10043,2025,65 bis unter 70 Jahre,f,5433
10043,2025,65 bis unter 70 Jahre,m,5156
10043,2025,25 bis unter 30 Jahre,m,3638
10043,2025,25 bis unter 30 Jahre,f,3192
10043,2025,60 bis unter 65 Jahre,m,5772
10043,2025,60 bis unter 65 Jahre,f,6048
10043,2025,80 bis unter 85 Jahre,m,1717
10043,2025,80 bis unter 85 Jahre,f,2469
10043,2025,35 bis unter 40 Jahre,m,4575
10043,2025,35 bis unter 40 Jahre,f,4240
10043,2025,95 Jahre und mehr,m,54
10043,2025,95 Jahre und mehr,f,216
10043,2025,90 bis unter 95 Jahre,f,891
10043,2025,90 bis unter 95 Jahre,m,360
10043,2025,55 bis unter 60 Jahre,f,5308
10043,2025,55 bis unter 60 Jahre,m,5169
10043,2025,20 bis unter 25 Jahre,f,2808
10043,2025,20 bis unter 25 Jahre,m,3170
10043,2025,40 bis unter 45 Jahre,f,4034
10043,2025,40 bis unter 45 Jahre,m,4213
10043,2025,15 bis unter 20 Jahre,f,2805
10043,2025,15 bis unter 20 Jahre,m,3130
10043,2025,unter 5 Jahre,f,2638
10043,2025,unter 5 Jahre,m,2793
10043,2025,75 bis unter 80 Jahre,f,3291
10043,2025,75 bis unter 80 Jahre,m,2803
10044,2025,60 bis unter 65 Jahre,f,9178
10044,2025,60 bis unter 65 Jahre,m,8796
10044,2025,15 bis unter 20 Jahre,m,4716
10044,2025,15 bis unter 20 Jahre,f,4319
10044,2025,75 bis unter 80 Jahre,f,5129
10044,2025,75 bis unter 80 Jahre,m,4396
10044,2025,35 bis unter 40 Jahre,f,6590
10044,2025,35 bis unter 40 Jahre,m,6785
10044,2025,55 bis unter 60 Jahre,m,7736
10044,2025,55 bis unter 60 Jahre,f,7989
10044,2025,40 bis unter 45 Jahre,m,6469
10044,2025,40 bis unter 45 Jahre,f,6162
10044,2025,20 bis unter 25 Jahre,f,4094
10044,2025,20 bis unter 25 Jahre,m,5007
10044,2025,unter 5 Jahre,m,4066
10044,2025,unter 5 Jahre,f,3916
10044,2025,30 bis unter 35 Jahre,m,6278
10044,2025,30 bis unter 35 Jahre,f,5705
10044,2025,5 bis unter 10 Jahre,f,4561
10044,2025,5 bis unter 10 Jahre,m,4740
10044,2025,85 bis unter 90 Jahre,m,2178
10044,2025,85 bis unter 90 Jahre,f,3820
10044,2025,50 bis unter 55 Jahre,f,5922
10044,2025,50 bis unter 55 Jahre,m,5679
10044,2025,25 bis unter 30 Jahre,m,5593
10044,2025,25 bis unter 30 Jahre,f,4837
10044,2025,65 bis unter 70 Jahre,f,8454
10044,2025,65 bis unter 70 Jahre,m,7836
10044,2025,70 bis unter 75 Jahre,f,7032
10044,2025,70 bis unter 75 Jahre,m,6363
10044,2025,45 bis unter 50 Jahre,f,5963
10044,2025,45 bis unter 50 Jahre,m,5808
10044,2025,10 bis unter 15 Jahre,m,4610
10044,2025,10 bis unter 15 Jahre,f,4303
10044,2025,95 Jahre und mehr,m,118
10044,2025,95 Jahre und mehr,f,372
10044,2025,80 bis unter 85 Jahre,m,2616
10044,2025,80 bis unter 85 Jahre,f,3823
10044,2025,90 bis unter 95 Jahre,m,686
10044,2025,90 bis unter 95 Jahre,f,1442
10045,2025,25 bis unter 30 Jahre,m,3654
10045,2025,25 bis unter 30 Jahre,f,3509
10045,2025,10 bis unter 15 Jahre,m,3195
10045,2025,10 bis unter 15 Jahre,f,2854
10045,2025,70 bis unter 75 Jahre,f,5016
10045,2025,70 bis unter 75 Jahre,m,4446
10045,2025,95 Jahre und mehr,m,95
10045,2025,95 Jahre und mehr,f,285
10045,2025,5 bis unter 10 Jahre,m,3152
10045,2025,5 bis unter 10 Jahre,f,2972
10045,2025,50 bis unter 55 Jahre,f,4130
10045,2025,50 bis unter 55 Jahre,m,3897
10045,2025,30 bis unter 35 Jahre,f,4108
10045,2025,30 bis unter 35 Jahre,m,4203
10045,2025,45 bis unter 50 Jahre,f,4121
10045,2025,45 bis unter 50 Jahre,m,3969
10045,2025,65 bis unter 70 Jahre,m,5555
10045,2025,65 bis unter 70 Jahre,f,6014
10045,2025,85 bis unter 90 Jahre,f,2896
10045,2025,85 bis unter 90 Jahre,m,1700
10045,2025,90 bis unter 95 Jahre,m,496
10045,2025,90 bis unter 95 Jahre,f,1049
10045,2025,55 bis unter 60 Jahre,f,5741
10045,2025,55 bis unter 60 Jahre,m,5637
10045,2025,80 bis unter 85 Jahre,m,2049
10045,2025,80 bis unter 85 Jahre,f,2869
10045,2025,unter 5 Jahre,f,2736
10045,2025,unter 5 Jahre,m,2867
10045,2025,35 bis unter 40 Jahre,m,4576
10045,2025,35 bis unter 40 Jahre,f,4376
10045,2025,15 bis unter 20 Jahre,m,3214
10045,2025,15 bis unter 20 Jahre,f,2988
10045,2025,20 bis unter 25 Jahre,m,3315
10045,2025,20 bis unter 25 Jahre,f,3330
10045,2025,60 bis unter 65 Jahre,f,6507
10045,2025,60 bis unter 65 Jahre,m,6184
10045,2025,40 bis unter 45 Jahre,m,4431
10045,2025,40 bis unter 45 Jahre,f,4245
10045,2025,75 bis unter 80 Jahre,f,3715
10045,2025,75 bis unter 80 Jahre,m,3204
10046,2025,75 bis unter 80 Jahre,m,2100
10046,2025,75 bis unter 80 Jahre,f,2227
10046,2025,40 bis unter 45 Jahre,m,2594
10046,2025,40 bis unter 45 Jahre,f,2563
10046,2025,55 bis unter 60 Jahre,m,3599
10046,2025,55 bis unter 60 Jahre,f,3553
10046,2025,60 bis unter 65 Jahre,m,4148
10046,2025,60 bis unter 65 Jahre,f,4133
10046,2025,unter 5 Jahre,m,1644
10046,2025,unter 5 Jahre,f,1614
10046,2025,35 bis unter 40 Jahre,m,2710
10046,2025,35 bis unter 40 Jahre,f,2644
10046,2025,80 bis unter 85 Jahre,f,1591
10046,2025,80 bis unter 85 Jahre,m,1275
10046,2025,20 bis unter 25 Jahre,m,1847
10046,2025,20 bis unter 25 Jahre,f,1647
10046,2025,15 bis unter 20 Jahre,m,1806
10046,2025,15 bis unter 20 Jahre,f,1837
10046,2025,25 bis unter 30 Jahre,f,2009
10046,2025,25 bis unter 30 Jahre,m,2083
10046,2025,30 bis unter 35 Jahre,f,2481
10046,2025,30 bis unter 35 Jahre,m,2436
10046,2025,5 bis unter 10 Jahre,f,1813
10046,2025,5 bis unter 10 Jahre,m,1950
10046,2025,50 bis unter 55 Jahre,f,2653
10046,2025,50 bis unter 55 Jahre,m,2492
10046,2025,65 bis unter 70 Jahre,m,3780
10046,2025,65 bis unter 70 Jahre,f,3708
10046,2025,85 bis unter 90 Jahre,m,1020
10046,2025,85 bis unter 90 Jahre,f,1613
10046,2025,90 bis unter 95 Jahre,m,293
10046,2025,90 bis unter 95 Jahre,f,598
10046,2025,10 bis unter 15 Jahre,m,1876
10046,2025,10 bis unter 15 Jahre,f,1794
10046,2025,70 bis unter 75 Jahre,f,3122
10046,2025,70 bis unter 75 Jahre,m,3009
10046,2025,45 bis unter 50 Jahre,f,2506
10046,2025,45 bis unter 50 Jahre,m,2403
10046,2025,95 Jahre und mehr,m,50
10046,2025,95 Jahre und mehr,f,151
11000,2025,45 bis unter 50 Jahre,f,117599
11000,2025,45 bis unter 50 Jahre,m,118955
11000,2025,10 bis unter 15 Jahre,f,82098
11000,2025,10 bis unter 15 Jahre,m,86095
11000,2025,25 bis unter 30 Jahre,f,138850
11000,2025,25 bis unter 30 Jahre,m,140396
11000,2025,30 bis unter 35 Jahre,f,145656
11000,2025,30 bis unter 35 Jahre,m,149154
11000,2025,90 bis unter 95 Jahre,f,19856
11000,2025,90 bis unter 95 Jahre,m,9236
11000,2025,65 bis unter 70 Jahre,f,98257
11000,2025,65 bis unter 70 Jahre,m,91244
11000,2025,5 bis unter 10 Jahre,m,87758
11000,2025,5 bis unter 10 Jahre,f,84590
11000,2025,50 bis unter 55 Jahre,f,102593
11000,2025,50 bis unter 55 Jahre,m,103411
11000,2025,80 bis unter 85 Jahre,m,48668
11000,2025,80 bis unter 85 Jahre,f,69563
11000,2025,75 bis unter 80 Jahre,m,54684
11000,2025,75 bis unter 80 Jahre,f,72135
11000,2025,unter 5 Jahre,m,84729
11000,2025,unter 5 Jahre,f,80606
11000,2025,20 bis unter 25 Jahre,m,106128
11000,2025,20 bis unter 25 Jahre,f,102958
11000,2025,85 bis unter 90 Jahre,m,32048
11000,2025,85 bis unter 90 Jahre,f,54337
11000,2025,35 bis unter 40 Jahre,f,156880
11000,2025,35 bis unter 40 Jahre,m,161570
11000,2025,95 Jahre und mehr,m,1626
11000,2025,95 Jahre und mehr,f,5666
11000,2025,40 bis unter 45 Jahre,f,137829
11000,2025,40 bis unter 45 Jahre,m,140943
11000,2025,15 bis unter 20 Jahre,m,88072
11000,2025,15 bis unter 20 Jahre,f,80945
11000,2025,60 bis unter 65 Jahre,f,125039
11000,2025,60 bis unter 65 Jahre,m,122796
11000,2025,55 bis unter 60 Jahre,f,119139
11000,2025,55 bis unter 60 Jahre,m,120449
11000,2025,70 bis unter 75 Jahre,m,71103
11000,2025,70 bis unter 75 Jahre,f,86916
12051,2025,90 bis unter 95 Jahre,m,274
12051,2025,90 bis unter 95 Jahre,f,649
12051,2025,95 Jahre und mehr,m,53
12051,2025,95 Jahre und mehr,f,198
12051,2025,30 bis unter 35 Jahre,m,1781
12051,2025,30 bis unter 35 Jahre,f,1513
12051,2025,unter 5 Jahre,f,1223
12051,2025,unter 5 Jahre,m,1285
12051,2025,85 bis unter 90 Jahre,m,1102
12051,2025,85 bis unter 90 Jahre,f,1886
12051,2025,55 bis unter 60 Jahre,f,2437
12051,2025,55 bis unter 60 Jahre,m,2524
12051,2025,15 bis unter 20 Jahre,f,1576
12051,2025,15 bis unter 20 Jahre,m,1575
12051,2025,45 bis unter 50 Jahre,m,2331
12051,2025,45 bis unter 50 Jahre,f,2081
12051,2025,40 bis unter 45 Jahre,f,2507
12051,2025,40 bis unter 45 Jahre,m,2698
12051,2025,70 bis unter 75 Jahre,m,2210
12051,2025,70 bis unter 75 Jahre,f,2666
12051,2025,75 bis unter 80 Jahre,f,1793
12051,2025,75 bis unter 80 Jahre,m,1328
12051,2025,65 bis unter 70 Jahre,f,2912
12051,2025,65 bis unter 70 Jahre,m,2611
12051,2025,10 bis unter 15 Jahre,m,1651
12051,2025,10 bis unter 15 Jahre,f,1648
12051,2025,20 bis unter 25 Jahre,f,1720
12051,2025,20 bis unter 25 Jahre,m,1766
12051,2025,80 bis unter 85 Jahre,m,1405
12051,2025,80 bis unter 85 Jahre,f,2124
12051,2025,5 bis unter 10 Jahre,f,1631
12051,2025,5 bis unter 10 Jahre,m,1596
12051,2025,25 bis unter 30 Jahre,f,1685
12051,2025,25 bis unter 30 Jahre,m,2091
12051,2025,60 bis unter 65 Jahre,m,2970
12051,2025,60 bis unter 65 Jahre,f,3103
12051,2025,50 bis unter 55 Jahre,f,1831
12051,2025,50 bis unter 55 Jahre,m,1952
12051,2025,35 bis unter 40 Jahre,m,2913
12051,2025,35 bis unter 40 Jahre,f,2646
12052,2025,5 bis unter 10 Jahre,f,1995
12052,2025,5 bis unter 10 Jahre,m,2057
12052,2025,25 bis unter 30 Jahre,f,2702
12052,2025,25 bis unter 30 Jahre,m,3545
12052,2025,10 bis unter 15 Jahre,f,2081
12052,2025,10 bis unter 15 Jahre,m,2101
12052,2025,65 bis unter 70 Jahre,f,3917
12052,2025,65 bis unter 70 Jahre,m,3099
12052,2025,80 bis unter 85 Jahre,m,1640
12052,2025,80 bis unter 85 Jahre,f,2515
12052,2025,50 bis unter 55 Jahre,f,2397
12052,2025,50 bis unter 55 Jahre,m,2313
12052,2025,95 Jahre und mehr,m,71
12052,2025,95 Jahre und mehr,f,177
12052,2025,45 bis unter 50 Jahre,m,2762
12052,2025,45 bis unter 50 Jahre,f,2564
12052,2025,60 bis unter 65 Jahre,f,4152
12052,2025,60 bis unter 65 Jahre,m,3590
12052,2025,15 bis unter 20 Jahre,m,2256
12052,2025,15 bis unter 20 Jahre,f,2121
12052,2025,35 bis unter 40 Jahre,m,3358
12052,2025,35 bis unter 40 Jahre,f,2951
12052,2025,40 bis unter 45 Jahre,m,3213
12052,2025,40 bis unter 45 Jahre,f,2840
12052,2025,70 bis unter 75 Jahre,f,3591
12052,2025,70 bis unter 75 Jahre,m,2857
12052,2025,90 bis unter 95 Jahre,m,350
12052,2025,90 bis unter 95 Jahre,f,800
12052,2025,85 bis unter 90 Jahre,m,1276
12052,2025,85 bis unter 90 Jahre,f,2179
12052,2025,55 bis unter 60 Jahre,f,3295
12052,2025,55 bis unter 60 Jahre,m,3005
12052,2025,30 bis unter 35 Jahre,m,2541
12052,2025,30 bis unter 35 Jahre,f,2087
12052,2025,unter 5 Jahre,f,1655
12052,2025,unter 5 Jahre,m,1733
12052,2025,20 bis unter 25 Jahre,m,2850
12052,2025,20 bis unter 25 Jahre,f,2468
12052,2025,75 bis unter 80 Jahre,f,2341
12052,2025,75 bis unter 80 Jahre,m,1695
12053,2025,unter 5 Jahre,f,855
12053,2025,unter 5 Jahre,m,909
12053,2025,35 bis unter 40 Jahre,f,1721
12053,2025,35 bis unter 40 Jahre,m,1891
12053,2025,20 bis unter 25 Jahre,f,1505
12053,2025,20 bis unter 25 Jahre,m,1660
12053,2025,15 bis unter 20 Jahre,f,1320
12053,2025,15 bis unter 20 Jahre,m,1363
12053,2025,75 bis unter 80 Jahre,f,1474
12053,2025,75 bis unter 80 Jahre,m,1085
12053,2025,40 bis unter 45 Jahre,f,1748
12053,2025,40 bis unter 45 Jahre,m,1943
12053,2025,55 bis unter 60 Jahre,f,1843
12053,2025,55 bis unter 60 Jahre,m,1778
12053,2025,90 bis unter 95 Jahre,m,242
12053,2025,90 bis unter 95 Jahre,f,490
12053,2025,30 bis unter 35 Jahre,m,1351
12053,2025,30 bis unter 35 Jahre,f,1161
12053,2025,65 bis unter 70 Jahre,m,2107
12053,2025,65 bis unter 70 Jahre,f,2372
12053,2025,85 bis unter 90 Jahre,m,747
12053,2025,85 bis unter 90 Jahre,f,1350
12053,2025,95 Jahre und mehr,f,125
12053,2025,95 Jahre und mehr,m,46
12053,2025,10 bis unter 15 Jahre,m,1206
12053,2025,10 bis unter 15 Jahre,f,1169
12053,2025,45 bis unter 50 Jahre,f,1622
12053,2025,45 bis unter 50 Jahre,m,1752
12053,2025,25 bis unter 30 Jahre,f,1402
12053,2025,25 bis unter 30 Jahre,m,1645
12053,2025,5 bis unter 10 Jahre,f,1092
12053,2025,5 bis unter 10 Jahre,m,1216
12053,2025,80 bis unter 85 Jahre,m,911
12053,2025,80 bis unter 85 Jahre,f,1354
12053,2025,50 bis unter 55 Jahre,f,1591
12053,2025,50 bis unter 55 Jahre,m,1551
12053,2025,70 bis unter 75 Jahre,m,1948
12053,2025,70 bis unter 75 Jahre,f,2203
12053,2025,60 bis unter 65 Jahre,f,2551
12053,2025,60 bis unter 65 Jahre,m,2287
12054,2025,30 bis unter 35 Jahre,f,5109
12054,2025,30 bis unter 35 Jahre,m,5240
12054,2025,85 bis unter 90 Jahre,f,3227
12054,2025,85 bis unter 90 Jahre,m,1853
12054,2025,65 bis unter 70 Jahre,f,5285
12054,2025,65 bis unter 70 Jahre,m,4673
12054,2025,45 bis unter 50 Jahre,m,6591
12054,2025,45 bis unter 50 Jahre,f,6687
12054,2025,90 bis unter 95 Jahre,f,1238
12054,2025,90 bis unter 95 Jahre,m,608
12054,2025,95 Jahre und mehr,f,342
12054,2025,95 Jahre und mehr,m,95
12054,2025,10 bis unter 15 Jahre,f,4515
12054,2025,10 bis unter 15 Jahre,m,4753
12054,2025,5 bis unter 10 Jahre,m,4777
12054,2025,5 bis unter 10 Jahre,f,4494
12054,2025,80 bis unter 85 Jahre,m,2437
12054,2025,80 bis unter 85 Jahre,f,3735
12054,2025,50 bis unter 55 Jahre,f,5464
12054,2025,50 bis unter 55 Jahre,m,5453
12054,2025,25 bis unter 30 Jahre,f,6037
12054,2025,25 bis unter 30 Jahre,m,5885
12054,2025,70 bis unter 75 Jahre,m,3923
12054,2025,70 bis unter 75 Jahre,f,5126
12054,2025,35 bis unter 40 Jahre,m,7309
12054,2025,35 bis unter 40 Jahre,f,7375
12054,2025,60 bis unter 65 Jahre,m,6077
12054,2025,60 bis unter 65 Jahre,f,6302
12054,2025,75 bis unter 80 Jahre,f,3551
12054,2025,75 bis unter 80 Jahre,m,2633
12054,2025,15 bis unter 20 Jahre,m,4900
12054,2025,15 bis unter 20 Jahre,f,4523
12054,2025,55 bis unter 60 Jahre,f,5963
12054,2025,55 bis unter 60 Jahre,m,5920
12054,2025,20 bis unter 25 Jahre,f,5823
12054,2025,20 bis unter 25 Jahre,m,5545
12054,2025,40 bis unter 45 Jahre,f,7387
12054,2025,40 bis unter 45 Jahre,m,6848
12054,2025,unter 5 Jahre,m,3836
12054,2025,unter 5 Jahre,f,3598
12060,2025,75 bis unter 80 Jahre,f,4284
12060,2025,75 bis unter 80 Jahre,m,3731
12060,2025,40 bis unter 45 Jahre,f,7177
12060,2025,40 bis unter 45 Jahre,m,7355
12060,2025,55 bis unter 60 Jahre,f,7539
12060,2025,55 bis unter 60 Jahre,m,7308
12060,2025,60 bis unter 65 Jahre,f,8860
12060,2025,60 bis unter 65 Jahre,m,8553
12060,2025,15 bis unter 20 Jahre,m,4889
12060,2025,15 bis unter 20 Jahre,f,4542
12060,2025,unter 5 Jahre,m,3522
12060,2025,unter 5 Jahre,f,3321
12060,2025,35 bis unter 40 Jahre,f,7210
12060,2025,35 bis unter 40 Jahre,m,6977
12060,2025,20 bis unter 25 Jahre,f,3636
12060,2025,20 bis unter 25 Jahre,m,4105
12060,2025,85 bis unter 90 Jahre,m,2347
12060,2025,85 bis unter 90 Jahre,f,3585
12060,2025,95 Jahre und mehr,f,306
12060,2025,95 Jahre und mehr,m,104
12060,2025,5 bis unter 10 Jahre,f,4709
12060,2025,5 bis unter 10 Jahre,m,4913
12060,2025,30 bis unter 35 Jahre,m,3440
12060,2025,30 bis unter 35 Jahre,f,3535
12060,2025,65 bis unter 70 Jahre,f,7829
12060,2025,65 bis unter 70 Jahre,m,7149
12060,2025,50 bis unter 55 Jahre,f,5535
12060,2025,50 bis unter 55 Jahre,m,5912
12060,2025,45 bis unter 50 Jahre,f,6518
12060,2025,45 bis unter 50 Jahre,m,6874
12060,2025,10 bis unter 15 Jahre,f,4800
12060,2025,10 bis unter 15 Jahre,m,4954
12060,2025,25 bis unter 30 Jahre,f,3421
12060,2025,25 bis unter 30 Jahre,m,3926
12060,2025,70 bis unter 75 Jahre,f,6639
12060,2025,70 bis unter 75 Jahre,m,6080
12060,2025,80 bis unter 85 Jahre,m,3245
12060,2025,80 bis unter 85 Jahre,f,4164
12060,2025,90 bis unter 95 Jahre,m,601
12060,2025,90 bis unter 95 Jahre,f,1290
12061,2025,5 bis unter 10 Jahre,m,4762
12061,2025,5 bis unter 10 Jahre,f,4424
12061,2025,50 bis unter 55 Jahre,f,5155
12061,2025,50 bis unter 55 Jahre,m,5414
12061,2025,45 bis unter 50 Jahre,f,5848
12061,2025,45 bis unter 50 Jahre,m,6192
12061,2025,65 bis unter 70 Jahre,m,6552
12061,2025,65 bis unter 70 Jahre,f,6807
12061,2025,30 bis unter 35 Jahre,f,3770
12061,2025,30 bis unter 35 Jahre,m,3746
12061,2025,85 bis unter 90 Jahre,f,3485
12061,2025,85 bis unter 90 Jahre,m,2194
12061,2025,10 bis unter 15 Jahre,m,4517
12061,2025,10 bis unter 15 Jahre,f,4241
12061,2025,25 bis unter 30 Jahre,m,3708
12061,2025,25 bis unter 30 Jahre,f,3367
12061,2025,70 bis unter 75 Jahre,f,5867
12061,2025,70 bis unter 75 Jahre,m,5331
12061,2025,90 bis unter 95 Jahre,m,634
12061,2025,90 bis unter 95 Jahre,f,1273
12061,2025,55 bis unter 60 Jahre,m,7077
12061,2025,55 bis unter 60 Jahre,f,7033
12061,2025,80 bis unter 85 Jahre,m,2829
12061,2025,80 bis unter 85 Jahre,f,3883
12061,2025,unter 5 Jahre,f,3353
12061,2025,unter 5 Jahre,m,3636
12061,2025,15 bis unter 20 Jahre,m,4202
12061,2025,15 bis unter 20 Jahre,f,3951
12061,2025,60 bis unter 65 Jahre,f,7743
12061,2025,60 bis unter 65 Jahre,m,7958
12061,2025,95 Jahre und mehr,f,279
12061,2025,95 Jahre und mehr,m,103
12061,2025,40 bis unter 45 Jahre,f,6606
12061,2025,40 bis unter 45 Jahre,m,6729
12061,2025,75 bis unter 80 Jahre,f,3740
12061,2025,75 bis unter 80 Jahre,m,3152
12061,2025,35 bis unter 40 Jahre,m,6390
12061,2025,35 bis unter 40 Jahre,f,6481
12061,2025,20 bis unter 25 Jahre,m,3837
12061,2025,20 bis unter 25 Jahre,f,3211
12062,2025,55 bis unter 60 Jahre,m,4054
12062,2025,55 bis unter 60 Jahre,f,3941
12062,2025,20 bis unter 25 Jahre,m,1794
12062,2025,20 bis unter 25 Jahre,f,1375
12062,2025,35 bis unter 40 Jahre,m,3040
12062,2025,35 bis unter 40 Jahre,f,2889
12062,2025,80 bis unter 85 Jahre,f,2483
12062,2025,80 bis unter 85 Jahre,m,1781
12062,2025,15 bis unter 20 Jahre,m,2169
12062,2025,15 bis unter 20 Jahre,f,2033
12062,2025,60 bis unter 65 Jahre,f,4823
12062,2025,60 bis unter 65 Jahre,m,4695
12062,2025,unter 5 Jahre,m,1570
12062,2025,unter 5 Jahre,f,1486
12062,2025,95 Jahre und mehr,m,49
12062,2025,95 Jahre und mehr,f,180
12062,2025,75 bis unter 80 Jahre,m,2057
12062,2025,75 bis unter 80 Jahre,f,2588
12062,2025,25 bis unter 30 Jahre,f,1354
12062,2025,25 bis unter 30 Jahre,m,1597
12062,2025,5 bis unter 10 Jahre,f,2042
12062,2025,5 bis unter 10 Jahre,m,2211
12062,2025,40 bis unter 45 Jahre,f,2991
12062,2025,40 bis unter 45 Jahre,m,3373
12062,2025,50 bis unter 55 Jahre,f,2796
12062,2025,50 bis unter 55 Jahre,m,3146
12062,2025,10 bis unter 15 Jahre,m,2154
12062,2025,10 bis unter 15 Jahre,f,2118
12062,2025,45 bis unter 50 Jahre,m,3127
12062,2025,45 bis unter 50 Jahre,f,2748
12062,2025,30 bis unter 35 Jahre,m,1488
12062,2025,30 bis unter 35 Jahre,f,1447
12062,2025,90 bis unter 95 Jahre,f,780
12062,2025,90 bis unter 95 Jahre,m,299
12062,2025,85 bis unter 90 Jahre,m,1324
12062,2025,85 bis unter 90 Jahre,f,2328
12062,2025,65 bis unter 70 Jahre,m,4308
12062,2025,65 bis unter 70 Jahre,f,4578
12062,2025,70 bis unter 75 Jahre,f,4082
12062,2025,70 bis unter 75 Jahre,m,3719
12063,2025,85 bis unter 90 Jahre,m,1781
12063,2025,85 bis unter 90 Jahre,f,2994
12063,2025,30 bis unter 35 Jahre,m,3458
12063,2025,30 bis unter 35 Jahre,f,3317
12063,2025,70 bis unter 75 Jahre,m,4718
12063,2025,70 bis unter 75 Jahre,f,5407
12063,2025,65 bis unter 70 Jahre,m,6126
12063,2025,65 bis unter 70 Jahre,f,6245
12063,2025,90 bis unter 95 Jahre,f,1039
12063,2025,90 bis unter 95 Jahre,m,461
12063,2025,45 bis unter 50 Jahre,m,5704
12063,2025,45 bis unter 50 Jahre,f,5700
12063,2025,50 bis unter 55 Jahre,m,5192
12063,2025,50 bis unter 55 Jahre,f,5168
12063,2025,95 Jahre und mehr,m,71
12063,2025,95 Jahre und mehr,f,264
12063,2025,25 bis unter 30 Jahre,m,3797
12063,2025,25 bis unter 30 Jahre,f,3211
12063,2025,10 bis unter 15 Jahre,m,4372
12063,2025,10 bis unter 15 Jahre,f,4358
12063,2025,55 bis unter 60 Jahre,f,7162
12063,2025,55 bis unter 60 Jahre,m,7149
12063,2025,unter 5 Jahre,f,3071
12063,2025,unter 5 Jahre,m,3350
12063,2025,20 bis unter 25 Jahre,f,3281
12063,2025,20 bis unter 25 Jahre,m,3788
12063,2025,80 bis unter 85 Jahre,m,2608
12063,2025,80 bis unter 85 Jahre,f,3677
12063,2025,75 bis unter 80 Jahre,f,3605
12063,2025,75 bis unter 80 Jahre,m,2901
12063,2025,40 bis unter 45 Jahre,m,5954
12063,2025,40 bis unter 45 Jahre,f,6162
12063,2025,5 bis unter 10 Jahre,f,4287
12063,2025,5 bis unter 10 Jahre,m,4267
12063,2025,60 bis unter 65 Jahre,m,8104
12063,2025,60 bis unter 65 Jahre,f,7762
12063,2025,35 bis unter 40 Jahre,m,5936
12063,2025,35 bis unter 40 Jahre,f,5948
12063,2025,15 bis unter 20 Jahre,f,4036
12063,2025,15 bis unter 20 Jahre,m,4361
12064,2025,80 bis unter 85 Jahre,m,3002
12064,2025,80 bis unter 85 Jahre,f,4041
12064,2025,60 bis unter 65 Jahre,m,9425
12064,2025,60 bis unter 65 Jahre,f,9783
12064,2025,20 bis unter 25 Jahre,m,3883
12064,2025,20 bis unter 25 Jahre,f,3066
12064,2025,75 bis unter 80 Jahre,m,3652
12064,2025,75 bis unter 80 Jahre,f,4434
12064,2025,45 bis unter 50 Jahre,f,6797
12064,2025,45 bis unter 50 Jahre,m,7105
12064,2025,5 bis unter 10 Jahre,f,4689
12064,2025,5 bis unter 10 Jahre,m,5080
12064,2025,35 bis unter 40 Jahre,m,6570
12064,2025,35 bis unter 40 Jahre,f,7046
12064,2025,50 bis unter 55 Jahre,f,5591
12064,2025,50 bis unter 55 Jahre,m,6042
12064,2025,40 bis unter 45 Jahre,f,7414
12064,2025,40 bis unter 45 Jahre,m,7332
12064,2025,25 bis unter 30 Jahre,m,3152
12064,2025,25 bis unter 30 Jahre,f,2876
12064,2025,70 bis unter 75 Jahre,f,7078
12064,2025,70 bis unter 75 Jahre,m,6407
12064,2025,15 bis unter 20 Jahre,m,5013
12064,2025,15 bis unter 20 Jahre,f,4484
12064,2025,95 Jahre und mehr,m,110
12064,2025,95 Jahre und mehr,f,342
12064,2025,30 bis unter 35 Jahre,m,2972
12064,2025,30 bis unter 35 Jahre,f,3134
12064,2025,10 bis unter 15 Jahre,m,5297
12064,2025,10 bis unter 15 Jahre,f,4872
12064,2025,55 bis unter 60 Jahre,f,7573
12064,2025,55 bis unter 60 Jahre,m,7813
12064,2025,85 bis unter 90 Jahre,m,2128
12064,2025,85 bis unter 90 Jahre,f,3759
12064,2025,65 bis unter 70 Jahre,f,8286
12064,2025,65 bis unter 70 Jahre,m,8112
12064,2025,90 bis unter 95 Jahre,f,1535
12064,2025,90 bis unter 95 Jahre,m,683
12064,2025,unter 5 Jahre,f,3237
12064,2025,unter 5 Jahre,m,3377
12065,2025,15 bis unter 20 Jahre,f,5076
12065,2025,15 bis unter 20 Jahre,m,5484
12065,2025,unter 5 Jahre,f,3668
12065,2025,unter 5 Jahre,m,3963
12065,2025,55 bis unter 60 Jahre,f,9299
12065,2025,55 bis unter 60 Jahre,m,9048
12065,2025,85 bis unter 90 Jahre,m,2479
12065,2025,85 bis unter 90 Jahre,f,4102
12065,2025,40 bis unter 45 Jahre,f,7878
12065,2025,40 bis unter 45 Jahre,m,7992
12065,2025,95 Jahre und mehr,f,366
12065,2025,95 Jahre und mehr,m,116
12065,2025,70 bis unter 75 Jahre,m,6348
12065,2025,70 bis unter 75 Jahre,f,7016
12065,2025,90 bis unter 95 Jahre,f,1439
12065,2025,90 bis unter 95 Jahre,m,746
12065,2025,45 bis unter 50 Jahre,m,7455
12065,2025,45 bis unter 50 Jahre,f,7449
12065,2025,75 bis unter 80 Jahre,m,3807
12065,2025,75 bis unter 80 Jahre,f,4550
12065,2025,10 bis unter 15 Jahre,m,5504
12065,2025,10 bis unter 15 Jahre,f,5318
12065,2025,20 bis unter 25 Jahre,f,4054
12065,2025,20 bis unter 25 Jahre,m,4878
12065,2025,65 bis unter 70 Jahre,m,8013
12065,2025,65 bis unter 70 Jahre,f,8265
12065,2025,5 bis unter 10 Jahre,f,5201
12065,2025,5 bis unter 10 Jahre,m,5256
12065,2025,80 bis unter 85 Jahre,m,3515
12065,2025,80 bis unter 85 Jahre,f,4685
12065,2025,25 bis unter 30 Jahre,f,3748
12065,2025,25 bis unter 30 Jahre,m,4298
12065,2025,60 bis unter 65 Jahre,m,10380
12065,2025,60 bis unter 65 Jahre,f,10152
12065,2025,30 bis unter 35 Jahre,f,4061
12065,2025,30 bis unter 35 Jahre,m,4087
12065,2025,35 bis unter 40 Jahre,m,7358
12065,2025,35 bis unter 40 Jahre,f,7531
12065,2025,50 bis unter 55 Jahre,f,6685
12065,2025,50 bis unter 55 Jahre,m,6588
12066,2025,45 bis unter 50 Jahre,f,3027
12066,2025,45 bis unter 50 Jahre,m,3701
12066,2025,95 Jahre und mehr,m,48
12066,2025,95 Jahre und mehr,f,268
12066,2025,30 bis unter 35 Jahre,f,1604
12066,2025,30 bis unter 35 Jahre,m,1826
12066,2025,25 bis unter 30 Jahre,f,1758
12066,2025,25 bis unter 30 Jahre,m,2125
12066,2025,10 bis unter 15 Jahre,f,2322
12066,2025,10 bis unter 15 Jahre,m,2449
12066,2025,5 bis unter 10 Jahre,f,2271
12066,2025,5 bis unter 10 Jahre,m,2300
12066,2025,50 bis unter 55 Jahre,f,2984
12066,2025,50 bis unter 55 Jahre,m,3334
12066,2025,80 bis unter 85 Jahre,m,1980
12066,2025,80 bis unter 85 Jahre,f,3213
12066,2025,65 bis unter 70 Jahre,f,4818
12066,2025,65 bis unter 70 Jahre,m,4307
12066,2025,90 bis unter 95 Jahre,f,910
12066,2025,90 bis unter 95 Jahre,m,398
12066,2025,60 bis unter 65 Jahre,m,4988
12066,2025,60 bis unter 65 Jahre,f,5159
12066,2025,40 bis unter 45 Jahre,m,3733
12066,2025,40 bis unter 45 Jahre,f,3216
12066,2025,35 bis unter 40 Jahre,m,3355
12066,2025,35 bis unter 40 Jahre,f,3213
12066,2025,15 bis unter 20 Jahre,m,2359
12066,2025,15 bis unter 20 Jahre,f,2210
12066,2025,70 bis unter 75 Jahre,f,4456
12066,2025,70 bis unter 75 Jahre,m,3710
12066,2025,unter 5 Jahre,f,1565
12066,2025,unter 5 Jahre,m,1674
12066,2025,55 bis unter 60 Jahre,f,4118
12066,2025,55 bis unter 60 Jahre,m,4198
12066,2025,75 bis unter 80 Jahre,f,2939
12066,2025,75 bis unter 80 Jahre,m,2208
12066,2025,20 bis unter 25 Jahre,m,2075
12066,2025,20 bis unter 25 Jahre,f,1694
12066,2025,85 bis unter 90 Jahre,m,1451
12066,2025,85 bis unter 90 Jahre,f,2780
12067,2025,40 bis unter 45 Jahre,f,6319
12067,2025,40 bis unter 45 Jahre,m,6225
12067,2025,75 bis unter 80 Jahre,f,4300
12067,2025,75 bis unter 80 Jahre,m,3527
12067,2025,20 bis unter 25 Jahre,f,2945
12067,2025,20 bis unter 25 Jahre,m,3779
12067,2025,80 bis unter 85 Jahre,f,4365
12067,2025,80 bis unter 85 Jahre,m,3121
12067,2025,60 bis unter 65 Jahre,f,8470
12067,2025,60 bis unter 65 Jahre,m,8420
12067,2025,55 bis unter 60 Jahre,f,6658
12067,2025,55 bis unter 60 Jahre,m,7082
12067,2025,15 bis unter 20 Jahre,m,4337
12067,2025,15 bis unter 20 Jahre,f,3907
12067,2025,unter 5 Jahre,f,2815
12067,2025,unter 5 Jahre,m,3011
12067,2025,5 bis unter 10 Jahre,f,3987
12067,2025,5 bis unter 10 Jahre,m,4334
12067,2025,90 bis unter 95 Jahre,m,621
12067,2025,90 bis unter 95 Jahre,f,1528
12067,2025,85 bis unter 90 Jahre,m,2391
12067,2025,85 bis unter 90 Jahre,f,4014
12067,2025,10 bis unter 15 Jahre,m,4287
12067,2025,10 bis unter 15 Jahre,f,4183
12067,2025,95 Jahre und mehr,f,329
12067,2025,95 Jahre und mehr,m,103
12067,2025,65 bis unter 70 Jahre,m,7100
12067,2025,65 bis unter 70 Jahre,f,7520
12067,2025,50 bis unter 55 Jahre,f,5053
12067,2025,50 bis unter 55 Jahre,m,5150
12067,2025,30 bis unter 35 Jahre,f,2872
12067,2025,30 bis unter 35 Jahre,m,3101
12067,2025,45 bis unter 50 Jahre,m,5862
12067,2025,45 bis unter 50 Jahre,f,5626
12067,2025,25 bis unter 30 Jahre,f,2886
12067,2025,25 bis unter 30 Jahre,m,3689
12067,2025,70 bis unter 75 Jahre,m,6142
12067,2025,70 bis unter 75 Jahre,f,6987
12067,2025,35 bis unter 40 Jahre,m,5950
12067,2025,35 bis unter 40 Jahre,f,6146
12068,2025,25 bis unter 30 Jahre,m,2046
12068,2025,25 bis unter 30 Jahre,f,1792
12068,2025,70 bis unter 75 Jahre,f,3867
12068,2025,70 bis unter 75 Jahre,m,3626
12068,2025,90 bis unter 95 Jahre,f,805
12068,2025,90 bis unter 95 Jahre,m,318
12068,2025,85 bis unter 90 Jahre,f,2107
12068,2025,85 bis unter 90 Jahre,m,1192
12068,2025,45 bis unter 50 Jahre,m,3102
12068,2025,45 bis unter 50 Jahre,f,3052
12068,2025,65 bis unter 70 Jahre,m,4304
12068,2025,65 bis unter 70 Jahre,f,4561
12068,2025,10 bis unter 15 Jahre,f,2161
12068,2025,10 bis unter 15 Jahre,m,2283
12068,2025,30 bis unter 35 Jahre,m,1785
12068,2025,30 bis unter 35 Jahre,f,1672
12068,2025,5 bis unter 10 Jahre,m,2214
12068,2025,5 bis unter 10 Jahre,f,2050
12068,2025,50 bis unter 55 Jahre,f,2653
12068,2025,50 bis unter 55 Jahre,m,2957
12068,2025,95 Jahre und mehr,m,51
12068,2025,95 Jahre und mehr,f,192
12068,2025,35 bis unter 40 Jahre,f,3156
12068,2025,35 bis unter 40 Jahre,m,3240
12068,2025,55 bis unter 60 Jahre,f,3748
12068,2025,55 bis unter 60 Jahre,m,3889
12068,2025,60 bis unter 65 Jahre,m,4782
12068,2025,60 bis unter 65 Jahre,f,4790
12068,2025,15 bis unter 20 Jahre,m,2380
12068,2025,15 bis unter 20 Jahre,f,2055
12068,2025,80 bis unter 85 Jahre,f,2162
12068,2025,80 bis unter 85 Jahre,m,1612
12068,2025,40 bis unter 45 Jahre,f,3222
12068,2025,40 bis unter 45 Jahre,m,3347
12068,2025,20 bis unter 25 Jahre,m,2136
12068,2025,20 bis unter 25 Jahre,f,1807
12068,2025,unter 5 Jahre,m,1636
12068,2025,unter 5 Jahre,f,1547
12068,2025,75 bis unter 80 Jahre,f,2434
12068,2025,75 bis unter 80 Jahre,m,1971
12069,2025,95 Jahre und mehr,m,97
12069,2025,95 Jahre und mehr,f,360
12069,2025,20 bis unter 25 Jahre,m,5032
12069,2025,20 bis unter 25 Jahre,f,3888
12069,2025,55 bis unter 60 Jahre,m,9170
12069,2025,55 bis unter 60 Jahre,f,9407
12069,2025,unter 5 Jahre,m,3726
12069,2025,unter 5 Jahre,f,3621
12069,2025,75 bis unter 80 Jahre,m,3998
12069,2025,75 bis unter 80 Jahre,f,4638
12069,2025,15 bis unter 20 Jahre,m,5897
12069,2025,15 bis unter 20 Jahre,f,5595
12069,2025,60 bis unter 65 Jahre,f,10433
12069,2025,60 bis unter 65 Jahre,m,10617
12069,2025,80 bis unter 85 Jahre,m,3469
12069,2025,80 bis unter 85 Jahre,f,4582
12069,2025,40 bis unter 45 Jahre,m,7797
12069,2025,40 bis unter 45 Jahre,f,7913
12069,2025,25 bis unter 30 Jahre,f,3149
12069,2025,25 bis unter 30 Jahre,m,4124
12069,2025,85 bis unter 90 Jahre,f,4102
12069,2025,85 bis unter 90 Jahre,m,2425
12069,2025,5 bis unter 10 Jahre,f,5412
12069,2025,5 bis unter 10 Jahre,m,5594
12069,2025,30 bis unter 35 Jahre,f,3391
12069,2025,30 bis unter 35 Jahre,m,3689
12069,2025,65 bis unter 70 Jahre,m,8423
12069,2025,65 bis unter 70 Jahre,f,8639
12069,2025,10 bis unter 15 Jahre,m,5906
12069,2025,10 bis unter 15 Jahre,f,5727
12069,2025,50 bis unter 55 Jahre,m,7231
12069,2025,50 bis unter 55 Jahre,f,6961
12069,2025,70 bis unter 75 Jahre,f,7450
12069,2025,70 bis unter 75 Jahre,m,6814
12069,2025,45 bis unter 50 Jahre,m,7849
12069,2025,45 bis unter 50 Jahre,f,7842
12069,2025,90 bis unter 95 Jahre,f,1445
12069,2025,90 bis unter 95 Jahre,m,610
12069,2025,35 bis unter 40 Jahre,f,7319
12069,2025,35 bis unter 40 Jahre,m,7005
12070,2025,70 bis unter 75 Jahre,m,2719
12070,2025,70 bis unter 75 Jahre,f,3085
12070,2025,50 bis unter 55 Jahre,m,2218
12070,2025,50 bis unter 55 Jahre,f,1958
12070,2025,85 bis unter 90 Jahre,m,1042
12070,2025,85 bis unter 90 Jahre,f,1835
12070,2025,90 bis unter 95 Jahre,m,261
12070,2025,90 bis unter 95 Jahre,f,625
12070,2025,30 bis unter 35 Jahre,m,1414
12070,2025,30 bis unter 35 Jahre,f,1249
12070,2025,45 bis unter 50 Jahre,m,2318
12070,2025,45 bis unter 50 Jahre,f,2048
12070,2025,15 bis unter 20 Jahre,f,1450
12070,2025,15 bis unter 20 Jahre,m,1630
12070,2025,unter 5 Jahre,f,1180
12070,2025,unter 5 Jahre,m,1175
12070,2025,5 bis unter 10 Jahre,m,1602
12070,2025,5 bis unter 10 Jahre,f,1529
12070,2025,40 bis unter 45 Jahre,f,2201
12070,2025,40 bis unter 45 Jahre,m,2585
12070,2025,75 bis unter 80 Jahre,f,1978
12070,2025,75 bis unter 80 Jahre,m,1586
12070,2025,20 bis unter 25 Jahre,f,1197
12070,2025,20 bis unter 25 Jahre,m,1565
12070,2025,10 bis unter 15 Jahre,f,1624
12070,2025,10 bis unter 15 Jahre,m,1640
12070,2025,65 bis unter 70 Jahre,m,3333
12070,2025,65 bis unter 70 Jahre,f,3480
12070,2025,60 bis unter 65 Jahre,m,3770
12070,2025,60 bis unter 65 Jahre,f,3810
12070,2025,25 bis unter 30 Jahre,f,1218
12070,2025,25 bis unter 30 Jahre,m,1562
12070,2025,55 bis unter 60 Jahre,m,2919
12070,2025,55 bis unter 60 Jahre,f,2894
12070,2025,80 bis unter 85 Jahre,m,1212
12070,2025,80 bis unter 85 Jahre,f,1871
12070,2025,95 Jahre und mehr,f,157
12070,2025,95 Jahre und mehr,m,56
12070,2025,35 bis unter 40 Jahre,f,2365
12070,2025,35 bis unter 40 Jahre,m,2581
12071,2025,5 bis unter 10 Jahre,f,2333
12071,2025,5 bis unter 10 Jahre,m,2426
12071,2025,65 bis unter 70 Jahre,f,5325
12071,2025,65 bis unter 70 Jahre,m,5004
12071,2025,10 bis unter 15 Jahre,f,2345
12071,2025,10 bis unter 15 Jahre,m,2562
12071,2025,40 bis unter 45 Jahre,m,3605
12071,2025,40 bis unter 45 Jahre,f,3474
12071,2025,80 bis unter 85 Jahre,m,2009
12071,2025,80 bis unter 85 Jahre,f,2811
12071,2025,50 bis unter 55 Jahre,f,3086
12071,2025,50 bis unter 55 Jahre,m,3211
12071,2025,55 bis unter 60 Jahre,m,4506
12071,2025,55 bis unter 60 Jahre,f,4573
12071,2025,95 Jahre und mehr,f,211
12071,2025,95 Jahre und mehr,m,65
12071,2025,25 bis unter 30 Jahre,f,1425
12071,2025,25 bis unter 30 Jahre,m,1640
12071,2025,90 bis unter 95 Jahre,f,846
12071,2025,90 bis unter 95 Jahre,m,401
12071,2025,35 bis unter 40 Jahre,m,3189
12071,2025,35 bis unter 40 Jahre,f,3219
12071,2025,60 bis unter 65 Jahre,f,5585
12071,2025,60 bis unter 65 Jahre,m,5594
12071,2025,70 bis unter 75 Jahre,f,4745
12071,2025,70 bis unter 75 Jahre,m,4315
12071,2025,15 bis unter 20 Jahre,m,2492
12071,2025,15 bis unter 20 Jahre,f,2177
12071,2025,45 bis unter 50 Jahre,m,3371
12071,2025,45 bis unter 50 Jahre,f,3268
12071,2025,75 bis unter 80 Jahre,f,2867
12071,2025,75 bis unter 80 Jahre,m,2332
12071,2025,30 bis unter 35 Jahre,m,1468
12071,2025,30 bis unter 35 Jahre,f,1472
12071,2025,unter 5 Jahre,f,1582
12071,2025,unter 5 Jahre,m,1611
12071,2025,20 bis unter 25 Jahre,m,1913
12071,2025,20 bis unter 25 Jahre,f,1484
12071,2025,85 bis unter 90 Jahre,f,2531
12071,2025,85 bis unter 90 Jahre,m,1501
12072,2025,unter 5 Jahre,f,3354
12072,2025,unter 5 Jahre,m,3528
12072,2025,35 bis unter 40 Jahre,f,6759
12072,2025,35 bis unter 40 Jahre,m,6842
12072,2025,15 bis unter 20 Jahre,f,4024
12072,2025,15 bis unter 20 Jahre,m,4436
12072,2025,20 bis unter 25 Jahre,f,3338
12072,2025,20 bis unter 25 Jahre,m,4067
12072,2025,60 bis unter 65 Jahre,f,7747
12072,2025,60 bis unter 65 Jahre,m,7954
12072,2025,90 bis unter 95 Jahre,m,498
12072,2025,90 bis unter 95 Jahre,f,1142
12072,2025,75 bis unter 80 Jahre,f,3457
12072,2025,75 bis unter 80 Jahre,m,2985
12072,2025,30 bis unter 35 Jahre,m,3672
12072,2025,30 bis unter 35 Jahre,f,3597
12072,2025,10 bis unter 15 Jahre,m,4497
12072,2025,10 bis unter 15 Jahre,f,4422
12072,2025,65 bis unter 70 Jahre,m,6184
12072,2025,65 bis unter 70 Jahre,f,6528
12072,2025,40 bis unter 45 Jahre,f,6567
12072,2025,40 bis unter 45 Jahre,m,7052
12072,2025,85 bis unter 90 Jahre,m,1848
12072,2025,85 bis unter 90 Jahre,f,3174
12072,2025,5 bis unter 10 Jahre,f,4490
12072,2025,5 bis unter 10 Jahre,m,4751
12072,2025,45 bis unter 50 Jahre,f,5747
12072,2025,45 bis unter 50 Jahre,m,6424
12072,2025,25 bis unter 30 Jahre,f,3274
12072,2025,25 bis unter 30 Jahre,m,3896
12072,2025,95 Jahre und mehr,f,304
12072,2025,95 Jahre und mehr,m,95
12072,2025,80 bis unter 85 Jahre,m,2500
12072,2025,80 bis unter 85 Jahre,f,3672
12072,2025,50 bis unter 55 Jahre,f,5198
12072,2025,50 bis unter 55 Jahre,m,5498
12072,2025,55 bis unter 60 Jahre,m,7149
12072,2025,55 bis unter 60 Jahre,f,6904
12072,2025,70 bis unter 75 Jahre,f,5424
12072,2025,70 bis unter 75 Jahre,m,4984
12073,2025,30 bis unter 35 Jahre,f,1823
12073,2025,30 bis unter 35 Jahre,m,1966
12073,2025,65 bis unter 70 Jahre,f,5495
12073,2025,65 bis unter 70 Jahre,m,5375
12073,2025,10 bis unter 15 Jahre,f,2562
12073,2025,10 bis unter 15 Jahre,m,2743
12073,2025,85 bis unter 90 Jahre,f,2688
12073,2025,85 bis unter 90 Jahre,m,1526
12073,2025,45 bis unter 50 Jahre,f,3424
12073,2025,45 bis unter 50 Jahre,m,3564
12073,2025,70 bis unter 75 Jahre,f,4980
12073,2025,70 bis unter 75 Jahre,m,4251
12073,2025,25 bis unter 30 Jahre,m,2107
12073,2025,25 bis unter 30 Jahre,f,1784
12073,2025,50 bis unter 55 Jahre,f,3246
12073,2025,50 bis unter 55 Jahre,m,3344
12073,2025,5 bis unter 10 Jahre,m,2486
12073,2025,5 bis unter 10 Jahre,f,2215
12073,2025,60 bis unter 65 Jahre,m,5731
12073,2025,60 bis unter 65 Jahre,f,5913
12073,2025,95 Jahre und mehr,m,62
12073,2025,95 Jahre und mehr,f,276
12073,2025,80 bis unter 85 Jahre,m,1999
12073,2025,80 bis unter 85 Jahre,f,2989
12073,2025,35 bis unter 40 Jahre,m,3661
12073,2025,35 bis unter 40 Jahre,f,3589
12073,2025,90 bis unter 95 Jahre,f,952
12073,2025,90 bis unter 95 Jahre,m,431
12073,2025,55 bis unter 60 Jahre,f,4610
12073,2025,55 bis unter 60 Jahre,m,4602
12073,2025,75 bis unter 80 Jahre,f,3237
12073,2025,75 bis unter 80 Jahre,m,2615
12073,2025,40 bis unter 45 Jahre,f,3365
12073,2025,40 bis unter 45 Jahre,m,3862
12073,2025,20 bis unter 25 Jahre,f,1910
12073,2025,20 bis unter 25 Jahre,m,2288
12073,2025,unter 5 Jahre,f,1677
12073,2025,unter 5 Jahre,m,1857
12073,2025,15 bis unter 20 Jahre,m,2775
12073,2025,15 bis unter 20 Jahre,f,2442
13003,2025,95 Jahre und mehr,f,411
13003,2025,95 Jahre und mehr,m,136
13003,2025,90 bis unter 95 Jahre,m,789
13003,2025,90 bis unter 95 Jahre,f,1683
13003,2025,20 bis unter 25 Jahre,f,7563
13003,2025,20 bis unter 25 Jahre,m,6958
13003,2025,50 bis unter 55 Jahre,m,5109
13003,2025,50 bis unter 55 Jahre,f,4777
13003,2025,65 bis unter 70 Jahre,m,6108
13003,2025,65 bis unter 70 Jahre,f,7219
13003,2025,35 bis unter 40 Jahre,f,7261
13003,2025,35 bis unter 40 Jahre,m,8503
13003,2025,60 bis unter 65 Jahre,f,7563
13003,2025,60 bis unter 65 Jahre,m,7131
13003,2025,10 bis unter 15 Jahre,m,4223
13003,2025,10 bis unter 15 Jahre,f,4070
13003,2025,15 bis unter 20 Jahre,m,4605
13003,2025,15 bis unter 20 Jahre,f,4639
13003,2025,40 bis unter 45 Jahre,m,7121
13003,2025,40 bis unter 45 Jahre,f,6499
13003,2025,85 bis unter 90 Jahre,m,2771
13003,2025,85 bis unter 90 Jahre,f,4796
13003,2025,5 bis unter 10 Jahre,m,4056
13003,2025,5 bis unter 10 Jahre,f,3903
13003,2025,30 bis unter 35 Jahre,m,5809
13003,2025,30 bis unter 35 Jahre,f,5036
13003,2025,25 bis unter 30 Jahre,f,7073
13003,2025,25 bis unter 30 Jahre,m,8120
13003,2025,75 bis unter 80 Jahre,m,3498
13003,2025,75 bis unter 80 Jahre,f,4844
13003,2025,45 bis unter 50 Jahre,f,5773
13003,2025,45 bis unter 50 Jahre,m,6368
13003,2025,80 bis unter 85 Jahre,f,5213
13003,2025,80 bis unter 85 Jahre,m,3342
13003,2025,70 bis unter 75 Jahre,f,7073
13003,2025,70 bis unter 75 Jahre,m,5394
13003,2025,unter 5 Jahre,m,3562
13003,2025,unter 5 Jahre,f,3333
13003,2025,55 bis unter 60 Jahre,m,6292
13003,2025,55 bis unter 60 Jahre,f,6305
13004,2025,45 bis unter 50 Jahre,f,3043
13004,2025,45 bis unter 50 Jahre,m,3326
13004,2025,10 bis unter 15 Jahre,f,2200
13004,2025,10 bis unter 15 Jahre,m,2257
13004,2025,25 bis unter 30 Jahre,f,2493
13004,2025,25 bis unter 30 Jahre,m,2716
13004,2025,5 bis unter 10 Jahre,f,2132
13004,2025,5 bis unter 10 Jahre,m,2124
13004,2025,85 bis unter 90 Jahre,f,2315
13004,2025,85 bis unter 90 Jahre,m,1252
13004,2025,30 bis unter 35 Jahre,f,2076
13004,2025,30 bis unter 35 Jahre,m,2323
13004,2025,60 bis unter 65 Jahre,m,3433
13004,2025,60 bis unter 65 Jahre,f,3982
13004,2025,70 bis unter 75 Jahre,f,3829
13004,2025,70 bis unter 75 Jahre,m,2905
13004,2025,65 bis unter 70 Jahre,m,3175
13004,2025,65 bis unter 70 Jahre,f,3832
13004,2025,55 bis unter 60 Jahre,m,3131
13004,2025,55 bis unter 60 Jahre,f,3212
13004,2025,35 bis unter 40 Jahre,m,3677
13004,2025,35 bis unter 40 Jahre,f,3327
13004,2025,80 bis unter 85 Jahre,f,2563
13004,2025,80 bis unter 85 Jahre,m,1603
13004,2025,unter 5 Jahre,m,1750
13004,2025,unter 5 Jahre,f,1697
13004,2025,90 bis unter 95 Jahre,f,868
13004,2025,90 bis unter 95 Jahre,m,371
13004,2025,15 bis unter 20 Jahre,f,2301
13004,2025,15 bis unter 20 Jahre,m,2387
13004,2025,75 bis unter 80 Jahre,f,2515
13004,2025,75 bis unter 80 Jahre,m,1906
13004,2025,20 bis unter 25 Jahre,f,2504
13004,2025,20 bis unter 25 Jahre,m,2563
13004,2025,40 bis unter 45 Jahre,m,3353
13004,2025,40 bis unter 45 Jahre,f,3218
13004,2025,50 bis unter 55 Jahre,m,2665
13004,2025,50 bis unter 55 Jahre,f,2561
13004,2025,95 Jahre und mehr,m,73
13004,2025,95 Jahre und mehr,f,264
13071,2025,75 bis unter 80 Jahre,m,5222
13071,2025,75 bis unter 80 Jahre,f,6463
13071,2025,40 bis unter 45 Jahre,f,7834
13071,2025,40 bis unter 45 Jahre,m,8083
13071,2025,60 bis unter 65 Jahre,m,11802
13071,2025,60 bis unter 65 Jahre,f,12346
13071,2025,20 bis unter 25 Jahre,m,5084
13071,2025,20 bis unter 25 Jahre,f,4295
13071,2025,35 bis unter 40 Jahre,m,7992
13071,2025,35 bis unter 40 Jahre,f,7572
13071,2025,5 bis unter 10 Jahre,f,5092
13071,2025,5 bis unter 10 Jahre,m,5383
13071,2025,80 bis unter 85 Jahre,f,5383
13071,2025,80 bis unter 85 Jahre,m,3753
13071,2025,unter 5 Jahre,f,3771
13071,2025,unter 5 Jahre,m,3845
13071,2025,55 bis unter 60 Jahre,f,9483
13071,2025,55 bis unter 60 Jahre,m,9124
13071,2025,85 bis unter 90 Jahre,f,5428
13071,2025,85 bis unter 90 Jahre,m,2864
13071,2025,65 bis unter 70 Jahre,f,12009
13071,2025,65 bis unter 70 Jahre,m,10957
13071,2025,90 bis unter 95 Jahre,m,795
13071,2025,90 bis unter 95 Jahre,f,1999
13071,2025,10 bis unter 15 Jahre,f,5526
13071,2025,10 bis unter 15 Jahre,m,5880
13071,2025,30 bis unter 35 Jahre,m,4063
13071,2025,30 bis unter 35 Jahre,f,3866
13071,2025,45 bis unter 50 Jahre,m,7906
13071,2025,45 bis unter 50 Jahre,f,7481
13071,2025,50 bis unter 55 Jahre,m,7164
13071,2025,50 bis unter 55 Jahre,f,6654
13071,2025,25 bis unter 30 Jahre,m,4670
13071,2025,25 bis unter 30 Jahre,f,3954
13071,2025,70 bis unter 75 Jahre,f,10786
13071,2025,70 bis unter 75 Jahre,m,9226
13071,2025,95 Jahre und mehr,m,111
13071,2025,95 Jahre und mehr,f,482
13071,2025,15 bis unter 20 Jahre,f,5650
13071,2025,15 bis unter 20 Jahre,m,6000
13072,2025,70 bis unter 75 Jahre,m,7717
13072,2025,70 bis unter 75 Jahre,f,8607
13072,2025,50 bis unter 55 Jahre,m,6418
13072,2025,50 bis unter 55 Jahre,f,6080
13072,2025,30 bis unter 35 Jahre,m,3386
13072,2025,30 bis unter 35 Jahre,f,3594
13072,2025,10 bis unter 15 Jahre,m,5725
13072,2025,10 bis unter 15 Jahre,f,5415
13072,2025,15 bis unter 20 Jahre,f,5010
13072,2025,15 bis unter 20 Jahre,m,5526
13072,2025,45 bis unter 50 Jahre,m,7517
13072,2025,45 bis unter 50 Jahre,f,6884
13072,2025,90 bis unter 95 Jahre,f,1458
13072,2025,90 bis unter 95 Jahre,m,635
13072,2025,55 bis unter 60 Jahre,f,8454
13072,2025,55 bis unter 60 Jahre,m,8690
13072,2025,85 bis unter 90 Jahre,m,2430
13072,2025,85 bis unter 90 Jahre,f,4014
13072,2025,40 bis unter 45 Jahre,f,7893
13072,2025,40 bis unter 45 Jahre,m,7858
13072,2025,25 bis unter 30 Jahre,m,3549
13072,2025,25 bis unter 30 Jahre,f,3100
13072,2025,5 bis unter 10 Jahre,m,5361
13072,2025,5 bis unter 10 Jahre,f,5096
13072,2025,35 bis unter 40 Jahre,f,7587
13072,2025,35 bis unter 40 Jahre,m,7287
13072,2025,60 bis unter 65 Jahre,f,10546
13072,2025,60 bis unter 65 Jahre,m,10413
13072,2025,75 bis unter 80 Jahre,m,4366
13072,2025,75 bis unter 80 Jahre,f,5165
13072,2025,80 bis unter 85 Jahre,m,3363
13072,2025,80 bis unter 85 Jahre,f,4613
13072,2025,20 bis unter 25 Jahre,m,4171
13072,2025,20 bis unter 25 Jahre,f,3302
13072,2025,95 Jahre und mehr,f,429
13072,2025,95 Jahre und mehr,m,90
13072,2025,unter 5 Jahre,f,3591
13072,2025,unter 5 Jahre,m,3884
13072,2025,65 bis unter 70 Jahre,f,9686
13072,2025,65 bis unter 70 Jahre,m,9213
13073,2025,5 bis unter 10 Jahre,f,4318
13073,2025,5 bis unter 10 Jahre,m,4401
13073,2025,95 Jahre und mehr,m,130
13073,2025,95 Jahre und mehr,f,376
13073,2025,80 bis unter 85 Jahre,m,3448
13073,2025,80 bis unter 85 Jahre,f,5099
13073,2025,25 bis unter 30 Jahre,f,3624
13073,2025,25 bis unter 30 Jahre,m,4161
13073,2025,60 bis unter 65 Jahre,m,10523
13073,2025,60 bis unter 65 Jahre,f,10913
13073,2025,65 bis unter 70 Jahre,f,10370
13073,2025,65 bis unter 70 Jahre,m,9436
13073,2025,20 bis unter 25 Jahre,m,4453
13073,2025,20 bis unter 25 Jahre,f,4102
13073,2025,10 bis unter 15 Jahre,m,5029
13073,2025,10 bis unter 15 Jahre,f,4749
13073,2025,30 bis unter 35 Jahre,f,3419
13073,2025,30 bis unter 35 Jahre,m,3649
13073,2025,55 bis unter 60 Jahre,m,8452
13073,2025,55 bis unter 60 Jahre,f,8685
13073,2025,75 bis unter 80 Jahre,f,5446
13073,2025,75 bis unter 80 Jahre,m,4495
13073,2025,85 bis unter 90 Jahre,f,4774
13073,2025,85 bis unter 90 Jahre,m,2627
13073,2025,unter 5 Jahre,m,3302
13073,2025,unter 5 Jahre,f,3208
13073,2025,90 bis unter 95 Jahre,m,685
13073,2025,90 bis unter 95 Jahre,f,1654
13073,2025,40 bis unter 45 Jahre,f,7151
13073,2025,40 bis unter 45 Jahre,m,7411
13073,2025,70 bis unter 75 Jahre,m,7905
13073,2025,70 bis unter 75 Jahre,f,9114
13073,2025,15 bis unter 20 Jahre,f,4862
13073,2025,15 bis unter 20 Jahre,m,5199
13073,2025,45 bis unter 50 Jahre,m,7255
13073,2025,45 bis unter 50 Jahre,f,6964
13073,2025,35 bis unter 40 Jahre,m,6960
13073,2025,35 bis unter 40 Jahre,f,7084
13073,2025,50 bis unter 55 Jahre,f,6157
13073,2025,50 bis unter 55 Jahre,m,6227
13074,2025,35 bis unter 40 Jahre,f,5288
13074,2025,35 bis unter 40 Jahre,m,5190
13074,2025,55 bis unter 60 Jahre,f,6147
13074,2025,55 bis unter 60 Jahre,m,6245
13074,2025,75 bis unter 80 Jahre,f,3812
13074,2025,75 bis unter 80 Jahre,m,3164
13074,2025,40 bis unter 45 Jahre,f,5471
13074,2025,40 bis unter 45 Jahre,m,5554
13074,2025,70 bis unter 75 Jahre,m,5333
13074,2025,70 bis unter 75 Jahre,f,5837
13074,2025,15 bis unter 20 Jahre,f,3514
13074,2025,15 bis unter 20 Jahre,m,3884
13074,2025,unter 5 Jahre,f,2486
13074,2025,unter 5 Jahre,m,2614
13074,2025,30 bis unter 35 Jahre,m,2824
13074,2025,30 bis unter 35 Jahre,f,2698
13074,2025,60 bis unter 65 Jahre,m,7117
13074,2025,60 bis unter 65 Jahre,f,7248
13074,2025,80 bis unter 85 Jahre,f,3055
13074,2025,80 bis unter 85 Jahre,m,2227
13074,2025,50 bis unter 55 Jahre,m,4855
13074,2025,50 bis unter 55 Jahre,f,4569
13074,2025,25 bis unter 30 Jahre,m,3183
13074,2025,25 bis unter 30 Jahre,f,2693
13074,2025,45 bis unter 50 Jahre,f,4913
13074,2025,45 bis unter 50 Jahre,m,5385
13074,2025,5 bis unter 10 Jahre,f,3459
13074,2025,5 bis unter 10 Jahre,m,3756
13074,2025,10 bis unter 15 Jahre,f,3623
13074,2025,10 bis unter 15 Jahre,m,3786
13074,2025,65 bis unter 70 Jahre,f,6800
13074,2025,65 bis unter 70 Jahre,m,6320
13074,2025,90 bis unter 95 Jahre,f,1119
13074,2025,90 bis unter 95 Jahre,m,478
13074,2025,95 Jahre und mehr,f,287
13074,2025,95 Jahre und mehr,m,78
13074,2025,20 bis unter 25 Jahre,m,3438
13074,2025,20 bis unter 25 Jahre,f,2897
13074,2025,85 bis unter 90 Jahre,m,1628
13074,2025,85 bis unter 90 Jahre,f,2894
13075,2025,30 bis unter 35 Jahre,f,3912
13075,2025,30 bis unter 35 Jahre,m,4054
13075,2025,65 bis unter 70 Jahre,f,10548
13075,2025,65 bis unter 70 Jahre,m,9937
13075,2025,85 bis unter 90 Jahre,f,4779
13075,2025,85 bis unter 90 Jahre,m,2448
13075,2025,10 bis unter 15 Jahre,f,5191
13075,2025,10 bis unter 15 Jahre,m,5008
13075,2025,25 bis unter 30 Jahre,f,4872
13075,2025,25 bis unter 30 Jahre,m,4960
13075,2025,45 bis unter 50 Jahre,m,7242
13075,2025,45 bis unter 50 Jahre,f,6732
13075,2025,90 bis unter 95 Jahre,f,1796
13075,2025,90 bis unter 95 Jahre,m,827
13075,2025,80 bis unter 85 Jahre,m,3466
13075,2025,80 bis unter 85 Jahre,f,4904
13075,2025,50 bis unter 55 Jahre,f,5974
13075,2025,50 bis unter 55 Jahre,m,6469
13075,2025,5 bis unter 10 Jahre,m,4735
13075,2025,5 bis unter 10 Jahre,f,4702
13075,2025,20 bis unter 25 Jahre,m,5291
13075,2025,20 bis unter 25 Jahre,f,5709
13075,2025,95 Jahre und mehr,f,450
13075,2025,95 Jahre und mehr,m,134
13075,2025,unter 5 Jahre,m,3522
13075,2025,unter 5 Jahre,f,3363
13075,2025,75 bis unter 80 Jahre,m,4697
13075,2025,75 bis unter 80 Jahre,f,5556
13075,2025,60 bis unter 65 Jahre,f,10634
13075,2025,60 bis unter 65 Jahre,m,10262
13075,2025,15 bis unter 20 Jahre,m,5352
13075,2025,15 bis unter 20 Jahre,f,5096
13075,2025,35 bis unter 40 Jahre,f,7054
13075,2025,35 bis unter 40 Jahre,m,7236
13075,2025,55 bis unter 60 Jahre,f,8241
13075,2025,55 bis unter 60 Jahre,m,8233
13075,2025,40 bis unter 45 Jahre,f,7165
13075,2025,40 bis unter 45 Jahre,m,7605
13075,2025,70 bis unter 75 Jahre,m,8301
13075,2025,70 bis unter 75 Jahre,f,9410
13076,2025,15 bis unter 20 Jahre,m,4971
13076,2025,15 bis unter 20 Jahre,f,4422
13076,2025,60 bis unter 65 Jahre,f,10182
13076,2025,60 bis unter 65 Jahre,m,10285
13076,2025,80 bis unter 85 Jahre,f,3948
13076,2025,80 bis unter 85 Jahre,m,2923
13076,2025,95 Jahre und mehr,m,61
13076,2025,95 Jahre und mehr,f,353
13076,2025,unter 5 Jahre,m,3701
13076,2025,unter 5 Jahre,f,3445
13076,2025,20 bis unter 25 Jahre,f,3194
13076,2025,20 bis unter 25 Jahre,m,3854
13076,2025,40 bis unter 45 Jahre,f,6959
13076,2025,40 bis unter 45 Jahre,m,7422
13076,2025,75 bis unter 80 Jahre,f,4805
13076,2025,75 bis unter 80 Jahre,m,4288
13076,2025,55 bis unter 60 Jahre,m,8388
13076,2025,55 bis unter 60 Jahre,f,8163
13076,2025,70 bis unter 75 Jahre,m,7625
13076,2025,70 bis unter 75 Jahre,f,8188
13076,2025,35 bis unter 40 Jahre,f,7056
13076,2025,35 bis unter 40 Jahre,m,7076
13076,2025,50 bis unter 55 Jahre,m,6500
13076,2025,50 bis unter 55 Jahre,f,5847
13076,2025,45 bis unter 50 Jahre,f,6365
13076,2025,45 bis unter 50 Jahre,m,6905
13076,2025,5 bis unter 10 Jahre,m,4974
13076,2025,5 bis unter 10 Jahre,f,4662
13076,2025,25 bis unter 30 Jahre,m,3706
13076,2025,25 bis unter 30 Jahre,f,3429
13076,2025,90 bis unter 95 Jahre,f,1452
13076,2025,90 bis unter 95 Jahre,m,586
13076,2025,85 bis unter 90 Jahre,f,3882
13076,2025,85 bis unter 90 Jahre,m,2159
13076,2025,30 bis unter 35 Jahre,m,3555
13076,2025,30 bis unter 35 Jahre,f,3491
13076,2025,10 bis unter 15 Jahre,f,4841
13076,2025,10 bis unter 15 Jahre,m,5156
13076,2025,65 bis unter 70 Jahre,m,9061
13076,2025,65 bis unter 70 Jahre,f,9280
14511,2025,35 bis unter 40 Jahre,f,8371
14511,2025,35 bis unter 40 Jahre,m,9291
14511,2025,unter 5 Jahre,f,4414
14511,2025,unter 5 Jahre,m,4570
14511,2025,15 bis unter 20 Jahre,f,5625
14511,2025,15 bis unter 20 Jahre,m,6033
14511,2025,20 bis unter 25 Jahre,f,6599
14511,2025,20 bis unter 25 Jahre,m,7227
14511,2025,40 bis unter 45 Jahre,f,7884
14511,2025,40 bis unter 45 Jahre,m,8733
14511,2025,80 bis unter 85 Jahre,f,7249
14511,2025,80 bis unter 85 Jahre,m,4819
14511,2025,85 bis unter 90 Jahre,m,3290
14511,2025,85 bis unter 90 Jahre,f,5645
14511,2025,70 bis unter 75 Jahre,m,6886
14511,2025,70 bis unter 75 Jahre,f,9172
14511,2025,95 Jahre und mehr,f,593
14511,2025,95 Jahre und mehr,m,167
14511,2025,55 bis unter 60 Jahre,f,7513
14511,2025,55 bis unter 60 Jahre,m,7856
14511,2025,65 bis unter 70 Jahre,m,6966
14511,2025,65 bis unter 70 Jahre,f,8113
14511,2025,90 bis unter 95 Jahre,f,1957
14511,2025,90 bis unter 95 Jahre,m,947
14511,2025,45 bis unter 50 Jahre,m,7947
14511,2025,45 bis unter 50 Jahre,f,6971
14511,2025,10 bis unter 15 Jahre,m,5928
14511,2025,10 bis unter 15 Jahre,f,5640
14511,2025,75 bis unter 80 Jahre,m,5125
14511,2025,75 bis unter 80 Jahre,f,7258
14511,2025,25 bis unter 30 Jahre,f,6622
14511,2025,25 bis unter 30 Jahre,m,8230
14511,2025,30 bis unter 35 Jahre,f,5511
14511,2025,30 bis unter 35 Jahre,m,6762
14511,2025,5 bis unter 10 Jahre,m,5863
14511,2025,5 bis unter 10 Jahre,f,5601
14511,2025,60 bis unter 65 Jahre,m,8219
14511,2025,60 bis unter 65 Jahre,f,8771
14511,2025,50 bis unter 55 Jahre,f,6088
14511,2025,50 bis unter 55 Jahre,m,6796
14521,2025,85 bis unter 90 Jahre,m,3998
14521,2025,85 bis unter 90 Jahre,f,7498
14521,2025,30 bis unter 35 Jahre,m,5019
14521,2025,30 bis unter 35 Jahre,f,4571
14521,2025,65 bis unter 70 Jahre,m,12095
14521,2025,65 bis unter 70 Jahre,f,13678
14521,2025,10 bis unter 15 Jahre,m,7518
14521,2025,10 bis unter 15 Jahre,f,7435
14521,2025,25 bis unter 30 Jahre,m,5669
14521,2025,25 bis unter 30 Jahre,f,4970
14521,2025,90 bis unter 95 Jahre,m,1156
14521,2025,90 bis unter 95 Jahre,f,2756
14521,2025,70 bis unter 75 Jahre,f,14869
14521,2025,70 bis unter 75 Jahre,m,12667
14521,2025,95 Jahre und mehr,f,740
14521,2025,95 Jahre und mehr,m,205
14521,2025,50 bis unter 55 Jahre,m,10310
14521,2025,50 bis unter 55 Jahre,f,9143
14521,2025,55 bis unter 60 Jahre,f,11124
14521,2025,55 bis unter 60 Jahre,m,11595
14521,2025,unter 5 Jahre,f,4915
14521,2025,unter 5 Jahre,m,4955
14521,2025,45 bis unter 50 Jahre,f,9479
14521,2025,45 bis unter 50 Jahre,m,10557
14521,2025,75 bis unter 80 Jahre,f,10312
14521,2025,75 bis unter 80 Jahre,m,8299
14521,2025,80 bis unter 85 Jahre,m,5786
14521,2025,80 bis unter 85 Jahre,f,8250
14521,2025,40 bis unter 45 Jahre,m,10427
14521,2025,40 bis unter 45 Jahre,f,9740
14521,2025,20 bis unter 25 Jahre,m,6828
14521,2025,20 bis unter 25 Jahre,f,5384
14521,2025,60 bis unter 65 Jahre,m,12981
14521,2025,60 bis unter 65 Jahre,f,13458
14521,2025,35 bis unter 40 Jahre,m,9298
14521,2025,35 bis unter 40 Jahre,f,8908
14521,2025,15 bis unter 20 Jahre,m,7850
14521,2025,15 bis unter 20 Jahre,f,7195
14521,2025,5 bis unter 10 Jahre,f,6755
14521,2025,5 bis unter 10 Jahre,m,6881
14522,2025,80 bis unter 85 Jahre,m,5608
14522,2025,80 bis unter 85 Jahre,f,7858
14522,2025,60 bis unter 65 Jahre,m,12534
14522,2025,60 bis unter 65 Jahre,f,12708
14522,2025,40 bis unter 45 Jahre,m,9848
14522,2025,40 bis unter 45 Jahre,f,9116
14522,2025,5 bis unter 10 Jahre,f,6359
14522,2025,5 bis unter 10 Jahre,m,6921
14522,2025,95 Jahre und mehr,m,199
14522,2025,95 Jahre und mehr,f,746
14522,2025,20 bis unter 25 Jahre,m,6780
14522,2025,20 bis unter 25 Jahre,f,5324
14522,2025,unter 5 Jahre,m,4941
14522,2025,unter 5 Jahre,f,4644
14522,2025,45 bis unter 50 Jahre,f,8816
14522,2025,45 bis unter 50 Jahre,m,9652
14522,2025,75 bis unter 80 Jahre,m,6773
14522,2025,75 bis unter 80 Jahre,f,8408
14522,2025,50 bis unter 55 Jahre,f,8257
14522,2025,50 bis unter 55 Jahre,m,9101
14522,2025,30 bis unter 35 Jahre,f,4740
14522,2025,30 bis unter 35 Jahre,m,5219
14522,2025,15 bis unter 20 Jahre,m,7448
14522,2025,15 bis unter 20 Jahre,f,6494
14522,2025,25 bis unter 30 Jahre,f,4961
14522,2025,25 bis unter 30 Jahre,m,6261
14522,2025,70 bis unter 75 Jahre,m,10395
14522,2025,70 bis unter 75 Jahre,f,11831
14522,2025,85 bis unter 90 Jahre,m,3900
14522,2025,85 bis unter 90 Jahre,f,6756
14522,2025,90 bis unter 95 Jahre,m,1201
14522,2025,90 bis unter 95 Jahre,f,2728
14522,2025,10 bis unter 15 Jahre,m,7398
14522,2025,10 bis unter 15 Jahre,f,6761
14522,2025,65 bis unter 70 Jahre,m,11111
14522,2025,65 bis unter 70 Jahre,f,11912
14522,2025,35 bis unter 40 Jahre,f,8900
14522,2025,35 bis unter 40 Jahre,m,9100
14522,2025,55 bis unter 60 Jahre,f,10902
14522,2025,55 bis unter 60 Jahre,m,11426
14523,2025,15 bis unter 20 Jahre,f,4498
14523,2025,15 bis unter 20 Jahre,m,5043
14523,2025,90 bis unter 95 Jahre,m,839
14523,2025,90 bis unter 95 Jahre,f,2026
14523,2025,70 bis unter 75 Jahre,m,7648
14523,2025,70 bis unter 75 Jahre,f,9495
14523,2025,35 bis unter 40 Jahre,f,6324
14523,2025,35 bis unter 40 Jahre,m,6698
14523,2025,50 bis unter 55 Jahre,m,7044
14523,2025,50 bis unter 55 Jahre,f,6270
14523,2025,85 bis unter 90 Jahre,m,3065
14523,2025,85 bis unter 90 Jahre,f,5511
14523,2025,55 bis unter 60 Jahre,f,8149
14523,2025,55 bis unter 60 Jahre,m,8500
14523,2025,20 bis unter 25 Jahre,f,3783
14523,2025,20 bis unter 25 Jahre,m,4473
14523,2025,10 bis unter 15 Jahre,m,5030
14523,2025,10 bis unter 15 Jahre,f,4691
14523,2025,80 bis unter 85 Jahre,f,6462
14523,2025,80 bis unter 85 Jahre,m,4435
14523,2025,65 bis unter 70 Jahre,m,8459
14523,2025,65 bis unter 70 Jahre,f,9224
14523,2025,45 bis unter 50 Jahre,m,6923
14523,2025,45 bis unter 50 Jahre,f,6132
14523,2025,unter 5 Jahre,m,3418
14523,2025,unter 5 Jahre,f,3180
14523,2025,75 bis unter 80 Jahre,f,6951
14523,2025,75 bis unter 80 Jahre,m,5109
14523,2025,95 Jahre und mehr,f,547
14523,2025,95 Jahre und mehr,m,106
14523,2025,5 bis unter 10 Jahre,f,4410
14523,2025,5 bis unter 10 Jahre,m,4564
14523,2025,60 bis unter 65 Jahre,m,9285
14523,2025,60 bis unter 65 Jahre,f,9627
14523,2025,30 bis unter 35 Jahre,f,3363
14523,2025,30 bis unter 35 Jahre,m,3759
14523,2025,25 bis unter 30 Jahre,m,4270
14523,2025,25 bis unter 30 Jahre,f,3590
14523,2025,40 bis unter 45 Jahre,f,6463
14523,2025,40 bis unter 45 Jahre,m,7023
14524,2025,25 bis unter 30 Jahre,f,5282
14524,2025,25 bis unter 30 Jahre,m,6532
14524,2025,45 bis unter 50 Jahre,f,8774
14524,2025,45 bis unter 50 Jahre,m,9626
14524,2025,65 bis unter 70 Jahre,f,12251
14524,2025,65 bis unter 70 Jahre,m,11050
14524,2025,85 bis unter 90 Jahre,f,7148
14524,2025,85 bis unter 90 Jahre,m,4163
14524,2025,5 bis unter 10 Jahre,f,6362
14524,2025,5 bis unter 10 Jahre,m,6846
14524,2025,30 bis unter 35 Jahre,f,5071
14524,2025,30 bis unter 35 Jahre,m,5685
14524,2025,60 bis unter 65 Jahre,m,12967
14524,2025,60 bis unter 65 Jahre,f,13224
14524,2025,20 bis unter 25 Jahre,m,6959
14524,2025,20 bis unter 25 Jahre,f,5691
14524,2025,95 Jahre und mehr,f,728
14524,2025,95 Jahre und mehr,m,192
14524,2025,50 bis unter 55 Jahre,m,9414
14524,2025,50 bis unter 55 Jahre,f,8585
14524,2025,70 bis unter 75 Jahre,f,12751
14524,2025,70 bis unter 75 Jahre,m,10309
14524,2025,15 bis unter 20 Jahre,m,7208
14524,2025,15 bis unter 20 Jahre,f,6639
14524,2025,40 bis unter 45 Jahre,m,10066
14524,2025,40 bis unter 45 Jahre,f,9338
14524,2025,35 bis unter 40 Jahre,f,9047
14524,2025,35 bis unter 40 Jahre,m,9783
14524,2025,unter 5 Jahre,f,4734
14524,2025,unter 5 Jahre,m,4869
14524,2025,55 bis unter 60 Jahre,f,11362
14524,2025,55 bis unter 60 Jahre,m,11711
14524,2025,80 bis unter 85 Jahre,f,9060
14524,2025,80 bis unter 85 Jahre,m,6162
14524,2025,10 bis unter 15 Jahre,m,7109
14524,2025,10 bis unter 15 Jahre,f,6714
14524,2025,75 bis unter 80 Jahre,m,7077
14524,2025,75 bis unter 80 Jahre,f,9319
14524,2025,90 bis unter 95 Jahre,f,2728
14524,2025,90 bis unter 95 Jahre,m,1098
14612,2025,90 bis unter 95 Jahre,m,2131
14612,2025,90 bis unter 95 Jahre,f,3989
14612,2025,70 bis unter 75 Jahre,m,11922
14612,2025,70 bis unter 75 Jahre,f,15372
14612,2025,85 bis unter 90 Jahre,m,7158
14612,2025,85 bis unter 90 Jahre,f,11158
14612,2025,65 bis unter 70 Jahre,m,13265
14612,2025,65 bis unter 70 Jahre,f,14917
14612,2025,35 bis unter 40 Jahre,f,21326
14612,2025,35 bis unter 40 Jahre,m,23900
14612,2025,50 bis unter 55 Jahre,m,15749
14612,2025,50 bis unter 55 Jahre,f,14517
14612,2025,20 bis unter 25 Jahre,f,18516
14612,2025,20 bis unter 25 Jahre,m,18964
14612,2025,10 bis unter 15 Jahre,m,14514
14612,2025,10 bis unter 15 Jahre,f,13505
14612,2025,80 bis unter 85 Jahre,f,13363
14612,2025,80 bis unter 85 Jahre,m,9039
14612,2025,unter 5 Jahre,m,10916
14612,2025,unter 5 Jahre,f,10249
14612,2025,45 bis unter 50 Jahre,m,18975
14612,2025,45 bis unter 50 Jahre,f,18249
14612,2025,75 bis unter 80 Jahre,f,11985
14612,2025,75 bis unter 80 Jahre,m,8617
14612,2025,55 bis unter 60 Jahre,f,16165
14612,2025,55 bis unter 60 Jahre,m,17421
14612,2025,5 bis unter 10 Jahre,f,13059
14612,2025,5 bis unter 10 Jahre,m,13629
14612,2025,60 bis unter 65 Jahre,m,16664
14612,2025,60 bis unter 65 Jahre,f,17441
14612,2025,30 bis unter 35 Jahre,f,15439
14612,2025,30 bis unter 35 Jahre,m,18082
14612,2025,15 bis unter 20 Jahre,m,14641
14612,2025,15 bis unter 20 Jahre,f,14023
14612,2025,25 bis unter 30 Jahre,m,21815
14612,2025,25 bis unter 30 Jahre,f,19398
14612,2025,95 Jahre und mehr,m,367
14612,2025,95 Jahre und mehr,f,1192
14612,2025,40 bis unter 45 Jahre,f,19905
14612,2025,40 bis unter 45 Jahre,m,21227
14625,2025,80 bis unter 85 Jahre,m,5211
14625,2025,80 bis unter 85 Jahre,f,7762
14625,2025,25 bis unter 30 Jahre,f,4304
14625,2025,25 bis unter 30 Jahre,m,4965
14625,2025,60 bis unter 65 Jahre,m,12860
14625,2025,60 bis unter 65 Jahre,f,13356
14625,2025,40 bis unter 45 Jahre,m,10103
14625,2025,40 bis unter 45 Jahre,f,9362
14625,2025,5 bis unter 10 Jahre,f,6757
14625,2025,5 bis unter 10 Jahre,m,7142
14625,2025,45 bis unter 50 Jahre,f,8968
14625,2025,45 bis unter 50 Jahre,m,10059
14625,2025,75 bis unter 80 Jahre,m,6250
14625,2025,75 bis unter 80 Jahre,f,7765
14625,2025,unter 5 Jahre,m,4965
14625,2025,unter 5 Jahre,f,4633
14625,2025,85 bis unter 90 Jahre,f,6848
14625,2025,85 bis unter 90 Jahre,m,4119
14625,2025,15 bis unter 20 Jahre,m,7273
14625,2025,15 bis unter 20 Jahre,f,6636
14625,2025,50 bis unter 55 Jahre,f,8328
14625,2025,50 bis unter 55 Jahre,m,9293
14625,2025,30 bis unter 35 Jahre,f,4244
14625,2025,30 bis unter 35 Jahre,m,4550
14625,2025,95 Jahre und mehr,m,201
14625,2025,95 Jahre und mehr,f,687
14625,2025,20 bis unter 25 Jahre,m,5860
14625,2025,20 bis unter 25 Jahre,f,4701
14625,2025,90 bis unter 95 Jahre,m,1158
14625,2025,90 bis unter 95 Jahre,f,2433
14625,2025,70 bis unter 75 Jahre,m,10065
14625,2025,70 bis unter 75 Jahre,f,11486
14625,2025,65 bis unter 70 Jahre,m,11320
14625,2025,65 bis unter 70 Jahre,f,12452
14625,2025,35 bis unter 40 Jahre,f,8936
14625,2025,35 bis unter 40 Jahre,m,9232
14625,2025,10 bis unter 15 Jahre,m,7657
14625,2025,10 bis unter 15 Jahre,f,7125
14625,2025,55 bis unter 60 Jahre,m,10914
14625,2025,55 bis unter 60 Jahre,f,10630
14626,2025,35 bis unter 40 Jahre,f,6932
14626,2025,35 bis unter 40 Jahre,m,7223
14626,2025,15 bis unter 20 Jahre,f,5467
14626,2025,15 bis unter 20 Jahre,m,5928
14626,2025,90 bis unter 95 Jahre,m,995
14626,2025,90 bis unter 95 Jahre,f,2228
14626,2025,55 bis unter 60 Jahre,f,8830
14626,2025,55 bis unter 60 Jahre,m,9085
14626,2025,95 Jahre und mehr,m,169
14626,2025,95 Jahre und mehr,f,663
14626,2025,50 bis unter 55 Jahre,m,7469
14626,2025,50 bis unter 55 Jahre,f,6768
14626,2025,20 bis unter 25 Jahre,f,4164
14626,2025,20 bis unter 25 Jahre,m,4902
14626,2025,unter 5 Jahre,m,3851
14626,2025,unter 5 Jahre,f,3638
14626,2025,65 bis unter 70 Jahre,m,9850
14626,2025,65 bis unter 70 Jahre,f,10677
14626,2025,45 bis unter 50 Jahre,m,7678
14626,2025,45 bis unter 50 Jahre,f,6904
14626,2025,80 bis unter 85 Jahre,f,7038
14626,2025,80 bis unter 85 Jahre,m,4916
14626,2025,75 bis unter 80 Jahre,f,7049
14626,2025,75 bis unter 80 Jahre,m,5707
14626,2025,70 bis unter 75 Jahre,m,9009
14626,2025,70 bis unter 75 Jahre,f,10244
14626,2025,5 bis unter 10 Jahre,f,5143
14626,2025,5 bis unter 10 Jahre,m,5308
14626,2025,25 bis unter 30 Jahre,f,3821
14626,2025,25 bis unter 30 Jahre,m,4425
14626,2025,10 bis unter 15 Jahre,f,5606
14626,2025,10 bis unter 15 Jahre,m,5862
14626,2025,85 bis unter 90 Jahre,f,6201
14626,2025,85 bis unter 90 Jahre,m,3687
14626,2025,30 bis unter 35 Jahre,f,3575
14626,2025,30 bis unter 35 Jahre,m,3912
14626,2025,60 bis unter 65 Jahre,m,10828
14626,2025,60 bis unter 65 Jahre,f,11068
14626,2025,40 bis unter 45 Jahre,m,7781
14626,2025,40 bis unter 45 Jahre,f,7148
14627,2025,10 bis unter 15 Jahre,f,6013
14627,2025,10 bis unter 15 Jahre,m,6108
14627,2025,45 bis unter 50 Jahre,f,7548
14627,2025,45 bis unter 50 Jahre,m,8248
14627,2025,65 bis unter 70 Jahre,f,9563
14627,2025,65 bis unter 70 Jahre,m,8983
14627,2025,85 bis unter 90 Jahre,f,5660
14627,2025,85 bis unter 90 Jahre,m,3452
14627,2025,25 bis unter 30 Jahre,m,4228
14627,2025,25 bis unter 30 Jahre,f,3528
14627,2025,5 bis unter 10 Jahre,f,5544
14627,2025,5 bis unter 10 Jahre,m,5446
14627,2025,70 bis unter 75 Jahre,f,9275
14627,2025,70 bis unter 75 Jahre,m,7884
14627,2025,60 bis unter 65 Jahre,m,10593
14627,2025,60 bis unter 65 Jahre,f,10589
14627,2025,30 bis unter 35 Jahre,f,3514
14627,2025,30 bis unter 35 Jahre,m,3727
14627,2025,40 bis unter 45 Jahre,m,8392
14627,2025,40 bis unter 45 Jahre,f,7998
14627,2025,50 bis unter 55 Jahre,m,7588
14627,2025,50 bis unter 55 Jahre,f,6945
14627,2025,20 bis unter 25 Jahre,m,5013
14627,2025,20 bis unter 25 Jahre,f,4189
14627,2025,15 bis unter 20 Jahre,m,6176
14627,2025,15 bis unter 20 Jahre,f,5571
14627,2025,55 bis unter 60 Jahre,f,8643
14627,2025,55 bis unter 60 Jahre,m,9363
14627,2025,75 bis unter 80 Jahre,f,6219
14627,2025,75 bis unter 80 Jahre,m,4911
14627,2025,unter 5 Jahre,f,3609
14627,2025,unter 5 Jahre,m,3727
14627,2025,95 Jahre und mehr,f,615
14627,2025,95 Jahre und mehr,m,163
14627,2025,35 bis unter 40 Jahre,f,7325
14627,2025,35 bis unter 40 Jahre,m,7390
14627,2025,80 bis unter 85 Jahre,f,6780
14627,2025,80 bis unter 85 Jahre,m,4606
14627,2025,90 bis unter 95 Jahre,f,2195
14627,2025,90 bis unter 95 Jahre,m,1013
14628,2025,15 bis unter 20 Jahre,m,6324
14628,2025,15 bis unter 20 Jahre,f,5922
14628,2025,60 bis unter 65 Jahre,f,10167
14628,2025,60 bis unter 65 Jahre,m,10268
14628,2025,40 bis unter 45 Jahre,f,8036
14628,2025,40 bis unter 45 Jahre,m,8424
14628,2025,20 bis unter 25 Jahre,f,4327
14628,2025,20 bis unter 25 Jahre,m,5274
14628,2025,unter 5 Jahre,f,3766
14628,2025,unter 5 Jahre,m,3831
14628,2025,75 bis unter 80 Jahre,m,5163
14628,2025,75 bis unter 80 Jahre,f,6373
14628,2025,80 bis unter 85 Jahre,f,6841
14628,2025,80 bis unter 85 Jahre,m,4816
14628,2025,55 bis unter 60 Jahre,f,8781
14628,2025,55 bis unter 60 Jahre,m,9257
14628,2025,35 bis unter 40 Jahre,m,7772
14628,2025,35 bis unter 40 Jahre,f,7868
14628,2025,90 bis unter 95 Jahre,m,978
14628,2025,90 bis unter 95 Jahre,f,2113
14628,2025,70 bis unter 75 Jahre,m,7974
14628,2025,70 bis unter 75 Jahre,f,9191
14628,2025,65 bis unter 70 Jahre,m,8523
14628,2025,65 bis unter 70 Jahre,f,9199
14628,2025,10 bis unter 15 Jahre,f,6198
14628,2025,10 bis unter 15 Jahre,m,6626
14628,2025,5 bis unter 10 Jahre,m,6048
14628,2025,5 bis unter 10 Jahre,f,5654
14628,2025,50 bis unter 55 Jahre,f,7025
14628,2025,50 bis unter 55 Jahre,m,7951
14628,2025,25 bis unter 30 Jahre,m,4235
14628,2025,25 bis unter 30 Jahre,f,3618
14628,2025,45 bis unter 50 Jahre,m,8516
14628,2025,45 bis unter 50 Jahre,f,7814
14628,2025,85 bis unter 90 Jahre,f,5692
14628,2025,85 bis unter 90 Jahre,m,3598
14628,2025,30 bis unter 35 Jahre,f,3683
14628,2025,30 bis unter 35 Jahre,m,3883
14628,2025,95 Jahre und mehr,f,584
14628,2025,95 Jahre und mehr,m,158
14713,2025,85 bis unter 90 Jahre,m,6199
14713,2025,85 bis unter 90 Jahre,f,10644
14713,2025,30 bis unter 35 Jahre,m,23521
14713,2025,30 bis unter 35 Jahre,f,21677
14713,2025,50 bis unter 55 Jahre,m,16321
14713,2025,50 bis unter 55 Jahre,f,14269
14713,2025,10 bis unter 15 Jahre,m,14477
14713,2025,10 bis unter 15 Jahre,f,13580
14713,2025,25 bis unter 30 Jahre,m,26438
14713,2025,25 bis unter 30 Jahre,f,26257
14713,2025,70 bis unter 75 Jahre,f,15130
14713,2025,70 bis unter 75 Jahre,m,11800
14713,2025,65 bis unter 70 Jahre,m,13369
14713,2025,65 bis unter 70 Jahre,f,15387
14713,2025,35 bis unter 40 Jahre,f,26684
14713,2025,35 bis unter 40 Jahre,m,29285
14713,2025,90 bis unter 95 Jahre,m,1877
14713,2025,90 bis unter 95 Jahre,f,3795
14713,2025,55 bis unter 60 Jahre,f,16461
14713,2025,55 bis unter 60 Jahre,m,17718
14713,2025,unter 5 Jahre,f,11860
14713,2025,unter 5 Jahre,m,12769
14713,2025,45 bis unter 50 Jahre,f,18717
14713,2025,45 bis unter 50 Jahre,m,20685
14713,2025,80 bis unter 85 Jahre,f,12494
14713,2025,80 bis unter 85 Jahre,m,8180
14713,2025,40 bis unter 45 Jahre,m,24725
14713,2025,40 bis unter 45 Jahre,f,22759
14713,2025,60 bis unter 65 Jahre,m,17434
14713,2025,60 bis unter 65 Jahre,f,17548
14713,2025,95 Jahre und mehr,f,1132
14713,2025,95 Jahre und mehr,m,344
14713,2025,75 bis unter 80 Jahre,m,8253
14713,2025,75 bis unter 80 Jahre,f,11729
14713,2025,15 bis unter 20 Jahre,m,14380
14713,2025,15 bis unter 20 Jahre,f,14155
14713,2025,20 bis unter 25 Jahre,f,24263
14713,2025,20 bis unter 25 Jahre,m,21114
14713,2025,5 bis unter 10 Jahre,m,14583
14713,2025,5 bis unter 10 Jahre,f,13919
14729,2025,35 bis unter 40 Jahre,f,8833
14729,2025,35 bis unter 40 Jahre,m,8606
14729,2025,unter 5 Jahre,f,4098
14729,2025,unter 5 Jahre,m,4472
14729,2025,55 bis unter 60 Jahre,f,10019
14729,2025,55 bis unter 60 Jahre,m,10423
14729,2025,75 bis unter 80 Jahre,f,6825
14729,2025,75 bis unter 80 Jahre,m,5371
14729,2025,90 bis unter 95 Jahre,m,920
14729,2025,90 bis unter 95 Jahre,f,2017
14729,2025,60 bis unter 65 Jahre,f,11333
14729,2025,60 bis unter 65 Jahre,m,11590
14729,2025,15 bis unter 20 Jahre,m,6649
14729,2025,15 bis unter 20 Jahre,f,5833
14729,2025,50 bis unter 55 Jahre,m,8166
14729,2025,50 bis unter 55 Jahre,f,7565
14729,2025,95 Jahre und mehr,m,148
14729,2025,95 Jahre und mehr,f,581
14729,2025,20 bis unter 25 Jahre,f,4398
14729,2025,20 bis unter 25 Jahre,m,5348
14729,2025,65 bis unter 70 Jahre,m,9584
14729,2025,65 bis unter 70 Jahre,f,10492
14729,2025,80 bis unter 85 Jahre,f,6670
14729,2025,80 bis unter 85 Jahre,m,4598
14729,2025,70 bis unter 75 Jahre,m,8427
14729,2025,70 bis unter 75 Jahre,f,9755
14729,2025,45 bis unter 50 Jahre,m,9041
14729,2025,45 bis unter 50 Jahre,f,8458
14729,2025,25 bis unter 30 Jahre,f,3941
14729,2025,25 bis unter 30 Jahre,m,4333
14729,2025,30 bis unter 35 Jahre,f,4237
14729,2025,30 bis unter 35 Jahre,m,3973
14729,2025,10 bis unter 15 Jahre,f,6218
14729,2025,10 bis unter 15 Jahre,m,6838
14729,2025,5 bis unter 10 Jahre,f,6243
14729,2025,5 bis unter 10 Jahre,m,6646
14729,2025,85 bis unter 90 Jahre,f,5484
14729,2025,85 bis unter 90 Jahre,m,3298
14729,2025,40 bis unter 45 Jahre,m,9101
14729,2025,40 bis unter 45 Jahre,f,8984
14730,2025,5 bis unter 10 Jahre,m,4993
14730,2025,5 bis unter 10 Jahre,f,4726
14730,2025,70 bis unter 75 Jahre,f,7531
14730,2025,70 bis unter 75 Jahre,m,6610
14730,2025,85 bis unter 90 Jahre,f,4142
14730,2025,85 bis unter 90 Jahre,m,2446
14730,2025,25 bis unter 30 Jahre,m,3969
14730,2025,25 bis unter 30 Jahre,f,3000
14730,2025,65 bis unter 70 Jahre,f,8320
14730,2025,65 bis unter 70 Jahre,m,7740
14730,2025,30 bis unter 35 Jahre,f,3190
14730,2025,30 bis unter 35 Jahre,m,3527
14730,2025,10 bis unter 15 Jahre,m,4944
14730,2025,10 bis unter 15 Jahre,f,4782
14730,2025,50 bis unter 55 Jahre,f,5606
14730,2025,50 bis unter 55 Jahre,m,6201
14730,2025,45 bis unter 50 Jahre,f,6053
14730,2025,45 bis unter 50 Jahre,m,6905
14730,2025,90 bis unter 95 Jahre,m,661
14730,2025,90 bis unter 95 Jahre,f,1525
14730,2025,60 bis unter 65 Jahre,m,8670
14730,2025,60 bis unter 65 Jahre,f,9068
14730,2025,80 bis unter 85 Jahre,m,3197
14730,2025,80 bis unter 85 Jahre,f,4627
14730,2025,unter 5 Jahre,f,3155
14730,2025,unter 5 Jahre,m,3329
14730,2025,55 bis unter 60 Jahre,f,7574
14730,2025,55 bis unter 60 Jahre,m,7696
14730,2025,15 bis unter 20 Jahre,m,4769
14730,2025,15 bis unter 20 Jahre,f,4443
14730,2025,75 bis unter 80 Jahre,f,4928
14730,2025,75 bis unter 80 Jahre,m,3885
14730,2025,35 bis unter 40 Jahre,m,6930
14730,2025,35 bis unter 40 Jahre,f,6720
14730,2025,95 Jahre und mehr,m,123
14730,2025,95 Jahre und mehr,f,425
14730,2025,40 bis unter 45 Jahre,m,7345
14730,2025,40 bis unter 45 Jahre,f,6765
14730,2025,20 bis unter 25 Jahre,f,3602
14730,2025,20 bis unter 25 Jahre,m,4517
15001,2025,25 bis unter 30 Jahre,f,1589
15001,2025,25 bis unter 30 Jahre,m,1708
15001,2025,95 Jahre und mehr,f,184
15001,2025,95 Jahre und mehr,m,46
15001,2025,45 bis unter 50 Jahre,f,2068
15001,2025,45 bis unter 50 Jahre,m,2111
15001,2025,10 bis unter 15 Jahre,f,1469
15001,2025,10 bis unter 15 Jahre,m,1678
15001,2025,5 bis unter 10 Jahre,f,1483
15001,2025,5 bis unter 10 Jahre,m,1591
15001,2025,60 bis unter 65 Jahre,m,3095
15001,2025,60 bis unter 65 Jahre,f,3491
15001,2025,30 bis unter 35 Jahre,f,1404
15001,2025,30 bis unter 35 Jahre,m,1445
15001,2025,70 bis unter 75 Jahre,f,3229
15001,2025,70 bis unter 75 Jahre,m,2496
15001,2025,85 bis unter 90 Jahre,f,2111
15001,2025,85 bis unter 90 Jahre,m,1299
15001,2025,unter 5 Jahre,m,1267
15001,2025,unter 5 Jahre,f,1230
15001,2025,55 bis unter 60 Jahre,m,2805
15001,2025,55 bis unter 60 Jahre,f,2807
15001,2025,65 bis unter 70 Jahre,m,2796
15001,2025,65 bis unter 70 Jahre,f,3065
15001,2025,35 bis unter 40 Jahre,m,2298
15001,2025,35 bis unter 40 Jahre,f,2291
15001,2025,80 bis unter 85 Jahre,f,2451
15001,2025,80 bis unter 85 Jahre,m,1707
15001,2025,90 bis unter 95 Jahre,f,765
15001,2025,90 bis unter 95 Jahre,m,313
15001,2025,75 bis unter 80 Jahre,f,2445
15001,2025,75 bis unter 80 Jahre,m,1773
15001,2025,50 bis unter 55 Jahre,m,1984
15001,2025,50 bis unter 55 Jahre,f,1996
15001,2025,20 bis unter 25 Jahre,f,1393
15001,2025,20 bis unter 25 Jahre,m,1649
15001,2025,40 bis unter 45 Jahre,m,2174
15001,2025,40 bis unter 45 Jahre,f,2198
15001,2025,15 bis unter 20 Jahre,m,1657
15001,2025,15 bis unter 20 Jahre,f,1474
15002,2025,55 bis unter 60 Jahre,f,7062
15002,2025,55 bis unter 60 Jahre,m,7147
15002,2025,20 bis unter 25 Jahre,f,9009
15002,2025,20 bis unter 25 Jahre,m,8072
15002,2025,35 bis unter 40 Jahre,f,7636
15002,2025,35 bis unter 40 Jahre,m,8067
15002,2025,40 bis unter 45 Jahre,f,7112
15002,2025,40 bis unter 45 Jahre,m,7475
15002,2025,75 bis unter 80 Jahre,f,5978
15002,2025,75 bis unter 80 Jahre,m,4033
15002,2025,60 bis unter 65 Jahre,f,7660
15002,2025,60 bis unter 65 Jahre,m,7005
15002,2025,15 bis unter 20 Jahre,m,6035
15002,2025,15 bis unter 20 Jahre,f,5633
15002,2025,80 bis unter 85 Jahre,f,5990
15002,2025,80 bis unter 85 Jahre,m,3918
15002,2025,unter 5 Jahre,m,4551
15002,2025,unter 5 Jahre,f,4317
15002,2025,50 bis unter 55 Jahre,m,5949
15002,2025,50 bis unter 55 Jahre,f,5752
15002,2025,85 bis unter 90 Jahre,m,2520
15002,2025,85 bis unter 90 Jahre,f,4608
15002,2025,25 bis unter 30 Jahre,f,7954
15002,2025,25 bis unter 30 Jahre,m,8680
15002,2025,30 bis unter 35 Jahre,m,6597
15002,2025,30 bis unter 35 Jahre,f,5872
15002,2025,5 bis unter 10 Jahre,m,5470
15002,2025,5 bis unter 10 Jahre,f,4708
15002,2025,45 bis unter 50 Jahre,f,6315
15002,2025,45 bis unter 50 Jahre,m,6637
15002,2025,10 bis unter 15 Jahre,f,4722
15002,2025,10 bis unter 15 Jahre,m,5365
15002,2025,70 bis unter 75 Jahre,f,7436
15002,2025,70 bis unter 75 Jahre,m,5342
15002,2025,95 Jahre und mehr,f,403
15002,2025,95 Jahre und mehr,m,142
15002,2025,65 bis unter 70 Jahre,m,5657
15002,2025,65 bis unter 70 Jahre,f,6991
15002,2025,90 bis unter 95 Jahre,m,688
15002,2025,90 bis unter 95 Jahre,f,1678
15003,2025,50 bis unter 55 Jahre,f,6066
15003,2025,50 bis unter 55 Jahre,m,6408
15003,2025,85 bis unter 90 Jahre,f,5071
15003,2025,85 bis unter 90 Jahre,m,2953
15003,2025,5 bis unter 10 Jahre,m,5585
15003,2025,5 bis unter 10 Jahre,f,4938
15003,2025,70 bis unter 75 Jahre,f,7886
15003,2025,70 bis unter 75 Jahre,m,5967
15003,2025,25 bis unter 30 Jahre,m,10615
15003,2025,25 bis unter 30 Jahre,f,8403
15003,2025,45 bis unter 50 Jahre,m,7251
15003,2025,45 bis unter 50 Jahre,f,6818
15003,2025,10 bis unter 15 Jahre,m,5688
15003,2025,10 bis unter 15 Jahre,f,4903
15003,2025,30 bis unter 35 Jahre,f,6337
15003,2025,30 bis unter 35 Jahre,m,7798
15003,2025,80 bis unter 85 Jahre,m,3974
15003,2025,80 bis unter 85 Jahre,f,6034
15003,2025,90 bis unter 95 Jahre,m,786
15003,2025,90 bis unter 95 Jahre,f,1733
15003,2025,65 bis unter 70 Jahre,m,6695
15003,2025,65 bis unter 70 Jahre,f,7756
15003,2025,unter 5 Jahre,f,4226
15003,2025,unter 5 Jahre,m,4541
15003,2025,55 bis unter 60 Jahre,m,7675
15003,2025,55 bis unter 60 Jahre,f,7847
15003,2025,60 bis unter 65 Jahre,f,8766
15003,2025,60 bis unter 65 Jahre,m,8075
15003,2025,15 bis unter 20 Jahre,m,5938
15003,2025,15 bis unter 20 Jahre,f,5246
15003,2025,75 bis unter 80 Jahre,f,6231
15003,2025,75 bis unter 80 Jahre,m,4353
15003,2025,20 bis unter 25 Jahre,f,8061
15003,2025,20 bis unter 25 Jahre,m,8839
15003,2025,40 bis unter 45 Jahre,f,7750
15003,2025,40 bis unter 45 Jahre,m,8589
15003,2025,35 bis unter 40 Jahre,f,8421
15003,2025,35 bis unter 40 Jahre,m,9694
15003,2025,95 Jahre und mehr,f,451
15003,2025,95 Jahre und mehr,m,126
15081,2025,65 bis unter 70 Jahre,m,3330
15081,2025,65 bis unter 70 Jahre,f,3716
15081,2025,10 bis unter 15 Jahre,m,1949
15081,2025,10 bis unter 15 Jahre,f,1822
15081,2025,45 bis unter 50 Jahre,m,2575
15081,2025,45 bis unter 50 Jahre,f,2260
15081,2025,85 bis unter 90 Jahre,m,862
15081,2025,85 bis unter 90 Jahre,f,1688
15081,2025,30 bis unter 35 Jahre,f,1414
15081,2025,30 bis unter 35 Jahre,m,1390
15081,2025,50 bis unter 55 Jahre,m,2464
15081,2025,50 bis unter 55 Jahre,f,2247
15081,2025,25 bis unter 30 Jahre,m,1532
15081,2025,25 bis unter 30 Jahre,f,1266
15081,2025,70 bis unter 75 Jahre,f,3004
15081,2025,70 bis unter 75 Jahre,m,2678
15081,2025,35 bis unter 40 Jahre,f,2448
15081,2025,35 bis unter 40 Jahre,m,2718
15081,2025,15 bis unter 20 Jahre,f,1698
15081,2025,15 bis unter 20 Jahre,m,2039
15081,2025,5 bis unter 10 Jahre,f,1627
15081,2025,5 bis unter 10 Jahre,m,1886
15081,2025,95 Jahre und mehr,m,33
15081,2025,95 Jahre und mehr,f,143
15081,2025,40 bis unter 45 Jahre,f,2518
15081,2025,40 bis unter 45 Jahre,m,2788
15081,2025,20 bis unter 25 Jahre,m,1745
15081,2025,20 bis unter 25 Jahre,f,1279
15081,2025,unter 5 Jahre,m,1337
15081,2025,unter 5 Jahre,f,1278
15081,2025,55 bis unter 60 Jahre,m,3294
15081,2025,55 bis unter 60 Jahre,f,3293
15081,2025,80 bis unter 85 Jahre,f,1664
15081,2025,80 bis unter 85 Jahre,m,1121
15081,2025,60 bis unter 65 Jahre,f,4045
15081,2025,60 bis unter 65 Jahre,m,3916
15081,2025,75 bis unter 80 Jahre,m,1587
15081,2025,75 bis unter 80 Jahre,f,1990
15081,2025,90 bis unter 95 Jahre,m,198
15081,2025,90 bis unter 95 Jahre,f,618
15082,2025,60 bis unter 65 Jahre,m,6930
15082,2025,60 bis unter 65 Jahre,f,7214
15082,2025,40 bis unter 45 Jahre,m,5223
15082,2025,40 bis unter 45 Jahre,f,4760
15082,2025,95 Jahre und mehr,m,56
15082,2025,95 Jahre und mehr,f,312
15082,2025,20 bis unter 25 Jahre,m,3313
15082,2025,20 bis unter 25 Jahre,f,2600
15082,2025,unter 5 Jahre,m,2433
15082,2025,unter 5 Jahre,f,2273
15082,2025,35 bis unter 40 Jahre,m,5128
15082,2025,35 bis unter 40 Jahre,f,4851
15082,2025,5 bis unter 10 Jahre,f,3092
15082,2025,5 bis unter 10 Jahre,m,3172
15082,2025,80 bis unter 85 Jahre,f,4098
15082,2025,80 bis unter 85 Jahre,m,2650
15082,2025,75 bis unter 80 Jahre,m,3304
15082,2025,75 bis unter 80 Jahre,f,4274
15082,2025,45 bis unter 50 Jahre,f,4504
15082,2025,45 bis unter 50 Jahre,m,4905
15082,2025,65 bis unter 70 Jahre,f,6730
15082,2025,65 bis unter 70 Jahre,m,6081
15082,2025,55 bis unter 60 Jahre,f,5959
15082,2025,55 bis unter 60 Jahre,m,6087
15082,2025,10 bis unter 15 Jahre,f,3183
15082,2025,10 bis unter 15 Jahre,m,3311
15082,2025,85 bis unter 90 Jahre,f,3420
15082,2025,85 bis unter 90 Jahre,m,1864
15082,2025,90 bis unter 95 Jahre,f,1190
15082,2025,90 bis unter 95 Jahre,m,444
15082,2025,50 bis unter 55 Jahre,m,4855
15082,2025,50 bis unter 55 Jahre,f,4351
15082,2025,70 bis unter 75 Jahre,m,5397
15082,2025,70 bis unter 75 Jahre,f,6289
15082,2025,25 bis unter 30 Jahre,m,2934
15082,2025,25 bis unter 30 Jahre,f,2440
15082,2025,30 bis unter 35 Jahre,f,2366
15082,2025,30 bis unter 35 Jahre,m,2682
15082,2025,15 bis unter 20 Jahre,m,3416
15082,2025,15 bis unter 20 Jahre,f,3261
15083,2025,90 bis unter 95 Jahre,m,385
15083,2025,90 bis unter 95 Jahre,f,1140
15083,2025,70 bis unter 75 Jahre,m,5741
15083,2025,70 bis unter 75 Jahre,f,6335
15083,2025,50 bis unter 55 Jahre,m,5356
15083,2025,50 bis unter 55 Jahre,f,5030
15083,2025,15 bis unter 20 Jahre,f,3593
15083,2025,15 bis unter 20 Jahre,m,4328
15083,2025,85 bis unter 90 Jahre,m,1710
15083,2025,85 bis unter 90 Jahre,f,3039
15083,2025,55 bis unter 60 Jahre,f,6762
15083,2025,55 bis unter 60 Jahre,m,6866
15083,2025,10 bis unter 15 Jahre,m,4233
15083,2025,10 bis unter 15 Jahre,f,3952
15083,2025,95 Jahre und mehr,m,49
15083,2025,95 Jahre und mehr,f,299
15083,2025,60 bis unter 65 Jahre,f,7728
15083,2025,60 bis unter 65 Jahre,m,7629
15083,2025,25 bis unter 30 Jahre,m,3113
15083,2025,25 bis unter 30 Jahre,f,2651
15083,2025,5 bis unter 10 Jahre,m,4004
15083,2025,5 bis unter 10 Jahre,f,3692
15083,2025,40 bis unter 45 Jahre,f,5880
15083,2025,40 bis unter 45 Jahre,m,6145
15083,2025,35 bis unter 40 Jahre,f,5792
15083,2025,35 bis unter 40 Jahre,m,5793
15083,2025,30 bis unter 35 Jahre,m,2933
15083,2025,30 bis unter 35 Jahre,f,2880
15083,2025,80 bis unter 85 Jahre,m,2349
15083,2025,80 bis unter 85 Jahre,f,3361
15083,2025,45 bis unter 50 Jahre,f,5159
15083,2025,45 bis unter 50 Jahre,m,5884
15083,2025,20 bis unter 25 Jahre,m,3622
15083,2025,20 bis unter 25 Jahre,f,2634
15083,2025,75 bis unter 80 Jahre,m,3467
15083,2025,75 bis unter 80 Jahre,f,4190
15083,2025,unter 5 Jahre,m,2893
15083,2025,unter 5 Jahre,f,2641
15083,2025,65 bis unter 70 Jahre,f,7378
15083,2025,65 bis unter 70 Jahre,m,6678
15084,2025,5 bis unter 10 Jahre,f,3597
15084,2025,5 bis unter 10 Jahre,m,3723
15084,2025,25 bis unter 30 Jahre,f,2800
15084,2025,25 bis unter 30 Jahre,m,3390
15084,2025,45 bis unter 50 Jahre,f,4959
15084,2025,45 bis unter 50 Jahre,m,5372
15084,2025,80 bis unter 85 Jahre,m,3113
15084,2025,80 bis unter 85 Jahre,f,4566
15084,2025,65 bis unter 70 Jahre,f,7616
15084,2025,65 bis unter 70 Jahre,m,6871
15084,2025,30 bis unter 35 Jahre,f,2886
15084,2025,30 bis unter 35 Jahre,m,3040
15084,2025,60 bis unter 65 Jahre,m,7759
15084,2025,60 bis unter 65 Jahre,f,8001
15084,2025,20 bis unter 25 Jahre,m,3554
15084,2025,20 bis unter 25 Jahre,f,2999
15084,2025,unter 5 Jahre,m,2860
15084,2025,unter 5 Jahre,f,2658
15084,2025,90 bis unter 95 Jahre,f,1447
15084,2025,90 bis unter 95 Jahre,m,614
15084,2025,10 bis unter 15 Jahre,m,3991
15084,2025,10 bis unter 15 Jahre,f,3736
15084,2025,55 bis unter 60 Jahre,m,6917
15084,2025,55 bis unter 60 Jahre,f,6630
15084,2025,75 bis unter 80 Jahre,m,3727
15084,2025,75 bis unter 80 Jahre,f,4786
15084,2025,85 bis unter 90 Jahre,f,4026
15084,2025,85 bis unter 90 Jahre,m,2233
15084,2025,15 bis unter 20 Jahre,f,3520
15084,2025,15 bis unter 20 Jahre,m,4049
15084,2025,35 bis unter 40 Jahre,f,5521
15084,2025,35 bis unter 40 Jahre,m,5663
15084,2025,95 Jahre und mehr,m,106
15084,2025,95 Jahre und mehr,f,395
15084,2025,70 bis unter 75 Jahre,m,6100
15084,2025,70 bis unter 75 Jahre,f,7033
15084,2025,40 bis unter 45 Jahre,f,5565
15084,2025,40 bis unter 45 Jahre,m,5860
15084,2025,50 bis unter 55 Jahre,f,4723
15084,2025,50 bis unter 55 Jahre,m,5129
15085,2025,20 bis unter 25 Jahre,f,3560
15085,2025,20 bis unter 25 Jahre,m,4380
15085,2025,55 bis unter 60 Jahre,f,8227
15085,2025,55 bis unter 60 Jahre,m,8319
15085,2025,unter 5 Jahre,f,2844
15085,2025,unter 5 Jahre,m,3065
15085,2025,75 bis unter 80 Jahre,f,6285
15085,2025,75 bis unter 80 Jahre,m,4741
15085,2025,95 Jahre und mehr,f,454
15085,2025,95 Jahre und mehr,m,102
15085,2025,35 bis unter 40 Jahre,m,6465
15085,2025,35 bis unter 40 Jahre,f,6215
15085,2025,80 bis unter 85 Jahre,f,5605
15085,2025,80 bis unter 85 Jahre,m,3766
15085,2025,40 bis unter 45 Jahre,f,6449
15085,2025,40 bis unter 45 Jahre,m,6695
15085,2025,15 bis unter 20 Jahre,f,4081
15085,2025,15 bis unter 20 Jahre,m,4398
15085,2025,70 bis unter 75 Jahre,m,7334
15085,2025,70 bis unter 75 Jahre,f,8554
15085,2025,50 bis unter 55 Jahre,m,6150
15085,2025,50 bis unter 55 Jahre,f,5802
15085,2025,30 bis unter 35 Jahre,m,3544
15085,2025,30 bis unter 35 Jahre,f,3393
15085,2025,60 bis unter 65 Jahre,m,9393
15085,2025,60 bis unter 65 Jahre,f,9671
15085,2025,25 bis unter 30 Jahre,m,4004
15085,2025,25 bis unter 30 Jahre,f,3376
15085,2025,10 bis unter 15 Jahre,f,4159
15085,2025,10 bis unter 15 Jahre,m,4421
15085,2025,65 bis unter 70 Jahre,f,9071
15085,2025,65 bis unter 70 Jahre,m,8072
15085,2025,5 bis unter 10 Jahre,m,3967
15085,2025,5 bis unter 10 Jahre,f,3845
15085,2025,45 bis unter 50 Jahre,f,6010
15085,2025,45 bis unter 50 Jahre,m,6461
15085,2025,90 bis unter 95 Jahre,f,1655
15085,2025,90 bis unter 95 Jahre,m,670
15085,2025,85 bis unter 90 Jahre,m,2631
15085,2025,85 bis unter 90 Jahre,f,4740
15086,2025,50 bis unter 55 Jahre,f,2504
15086,2025,50 bis unter 55 Jahre,m,2699
15086,2025,5 bis unter 10 Jahre,m,2103
15086,2025,5 bis unter 10 Jahre,f,1940
15086,2025,10 bis unter 15 Jahre,f,2053
15086,2025,10 bis unter 15 Jahre,m,2164
15086,2025,30 bis unter 35 Jahre,f,1465
15086,2025,30 bis unter 35 Jahre,m,1585
15086,2025,25 bis unter 30 Jahre,f,1288
15086,2025,25 bis unter 30 Jahre,m,1657
15086,2025,95 Jahre und mehr,f,151
15086,2025,95 Jahre und mehr,m,41
15086,2025,65 bis unter 70 Jahre,f,3914
15086,2025,65 bis unter 70 Jahre,m,3734
15086,2025,45 bis unter 50 Jahre,m,2850
15086,2025,45 bis unter 50 Jahre,f,2664
15086,2025,90 bis unter 95 Jahre,f,708
15086,2025,90 bis unter 95 Jahre,m,275
15086,2025,80 bis unter 85 Jahre,m,1421
15086,2025,80 bis unter 85 Jahre,f,2061
15086,2025,85 bis unter 90 Jahre,m,995
15086,2025,85 bis unter 90 Jahre,f,1862
15086,2025,unter 5 Jahre,m,1420
15086,2025,unter 5 Jahre,f,1433
15086,2025,75 bis unter 80 Jahre,m,1836
15086,2025,75 bis unter 80 Jahre,f,2255
15086,2025,20 bis unter 25 Jahre,f,1370
15086,2025,20 bis unter 25 Jahre,m,1870
15086,2025,40 bis unter 45 Jahre,f,2920
15086,2025,40 bis unter 45 Jahre,m,3120
15086,2025,15 bis unter 20 Jahre,m,2061
15086,2025,15 bis unter 20 Jahre,f,1901
15086,2025,60 bis unter 65 Jahre,f,4287
15086,2025,60 bis unter 65 Jahre,m,4259
15086,2025,55 bis unter 60 Jahre,f,3432
15086,2025,55 bis unter 60 Jahre,m,3622
15086,2025,35 bis unter 40 Jahre,m,2958
15086,2025,35 bis unter 40 Jahre,f,2912
15086,2025,70 bis unter 75 Jahre,m,3102
15086,2025,70 bis unter 75 Jahre,f,3464
15087,2025,35 bis unter 40 Jahre,m,3879
15087,2025,35 bis unter 40 Jahre,f,3668
15087,2025,80 bis unter 85 Jahre,f,3582
15087,2025,80 bis unter 85 Jahre,m,2542
15087,2025,unter 5 Jahre,m,1954
15087,2025,unter 5 Jahre,f,1746
15087,2025,55 bis unter 60 Jahre,m,5163
15087,2025,55 bis unter 60 Jahre,f,4969
15087,2025,60 bis unter 65 Jahre,f,6297
15087,2025,60 bis unter 65 Jahre,m,6091
15087,2025,20 bis unter 25 Jahre,m,2515
15087,2025,20 bis unter 25 Jahre,f,2013
15087,2025,15 bis unter 20 Jahre,m,2933
15087,2025,15 bis unter 20 Jahre,f,2579
15087,2025,75 bis unter 80 Jahre,f,4006
15087,2025,75 bis unter 80 Jahre,m,3171
15087,2025,40 bis unter 45 Jahre,m,4145
15087,2025,40 bis unter 45 Jahre,f,3694
15087,2025,25 bis unter 30 Jahre,f,1967
15087,2025,25 bis unter 30 Jahre,m,2376
15087,2025,50 bis unter 55 Jahre,m,4028
15087,2025,50 bis unter 55 Jahre,f,3674
15087,2025,45 bis unter 50 Jahre,f,3629
15087,2025,45 bis unter 50 Jahre,m,3888
15087,2025,70 bis unter 75 Jahre,f,5597
15087,2025,70 bis unter 75 Jahre,m,4927
15087,2025,90 bis unter 95 Jahre,f,1123
15087,2025,90 bis unter 95 Jahre,m,397
15087,2025,95 Jahre und mehr,m,71
15087,2025,95 Jahre und mehr,f,286
15087,2025,65 bis unter 70 Jahre,m,5587
15087,2025,65 bis unter 70 Jahre,f,5838
15087,2025,85 bis unter 90 Jahre,m,1705
15087,2025,85 bis unter 90 Jahre,f,3111
15087,2025,10 bis unter 15 Jahre,f,2582
15087,2025,10 bis unter 15 Jahre,m,2848
15087,2025,5 bis unter 10 Jahre,m,2528
15087,2025,5 bis unter 10 Jahre,f,2405
15087,2025,30 bis unter 35 Jahre,m,2181
15087,2025,30 bis unter 35 Jahre,f,1973
15088,2025,30 bis unter 35 Jahre,m,3248
15088,2025,30 bis unter 35 Jahre,f,3053
15088,2025,85 bis unter 90 Jahre,m,2025
15088,2025,85 bis unter 90 Jahre,f,3344
15088,2025,90 bis unter 95 Jahre,f,1198
15088,2025,90 bis unter 95 Jahre,m,462
15088,2025,50 bis unter 55 Jahre,m,5823
15088,2025,50 bis unter 55 Jahre,f,5340
15088,2025,45 bis unter 50 Jahre,m,6332
15088,2025,45 bis unter 50 Jahre,f,5577
15088,2025,65 bis unter 70 Jahre,m,6723
15088,2025,65 bis unter 70 Jahre,f,7681
15088,2025,70 bis unter 75 Jahre,m,6189
15088,2025,70 bis unter 75 Jahre,f,7123
15088,2025,5 bis unter 10 Jahre,m,4291
15088,2025,5 bis unter 10 Jahre,f,4073
15088,2025,10 bis unter 15 Jahre,f,4206
15088,2025,10 bis unter 15 Jahre,m,4403
15088,2025,95 Jahre und mehr,m,86
15088,2025,95 Jahre und mehr,f,302
15088,2025,20 bis unter 25 Jahre,f,3058
15088,2025,20 bis unter 25 Jahre,m,3934
15088,2025,15 bis unter 20 Jahre,f,3951
15088,2025,15 bis unter 20 Jahre,m,4552
15088,2025,40 bis unter 45 Jahre,f,6098
15088,2025,40 bis unter 45 Jahre,m,6594
15088,2025,75 bis unter 80 Jahre,m,4027
15088,2025,75 bis unter 80 Jahre,f,4801
15088,2025,unter 5 Jahre,m,3061
15088,2025,unter 5 Jahre,f,3030
15088,2025,80 bis unter 85 Jahre,m,2973
15088,2025,80 bis unter 85 Jahre,f,4126
15088,2025,60 bis unter 65 Jahre,f,8227
15088,2025,60 bis unter 65 Jahre,m,7967
15088,2025,55 bis unter 60 Jahre,m,7317
15088,2025,55 bis unter 60 Jahre,f,7219
15088,2025,25 bis unter 30 Jahre,f,3019
15088,2025,25 bis unter 30 Jahre,m,3472
15088,2025,35 bis unter 40 Jahre,f,6160
15088,2025,35 bis unter 40 Jahre,m,6262
15089,2025,60 bis unter 65 Jahre,m,8226
15089,2025,60 bis unter 65 Jahre,f,8673
15089,2025,80 bis unter 85 Jahre,m,3107
15089,2025,80 bis unter 85 Jahre,f,4991
15089,2025,75 bis unter 80 Jahre,m,3777
15089,2025,75 bis unter 80 Jahre,f,5331
15089,2025,95 Jahre und mehr,f,432
15089,2025,95 Jahre und mehr,m,96
15089,2025,unter 5 Jahre,m,2878
15089,2025,unter 5 Jahre,f,2699
15089,2025,25 bis unter 30 Jahre,f,3168
15089,2025,25 bis unter 30 Jahre,m,3448
15089,2025,55 bis unter 60 Jahre,m,7470
15089,2025,55 bis unter 60 Jahre,f,7263
15089,2025,15 bis unter 20 Jahre,m,4232
15089,2025,15 bis unter 20 Jahre,f,3648
15089,2025,10 bis unter 15 Jahre,f,3842
15089,2025,10 bis unter 15 Jahre,m,4037
15089,2025,40 bis unter 45 Jahre,m,6157
15089,2025,40 bis unter 45 Jahre,f,5320
15089,2025,65 bis unter 70 Jahre,f,7880
15089,2025,65 bis unter 70 Jahre,m,6997
15089,2025,70 bis unter 75 Jahre,f,7362
15089,2025,70 bis unter 75 Jahre,m,6067
15089,2025,90 bis unter 95 Jahre,f,1508
15089,2025,90 bis unter 95 Jahre,m,515
15089,2025,45 bis unter 50 Jahre,m,5694
15089,2025,45 bis unter 50 Jahre,f,4956
15089,2025,35 bis unter 40 Jahre,m,6023
15089,2025,35 bis unter 40 Jahre,f,5476
15089,2025,30 bis unter 35 Jahre,m,3303
15089,2025,30 bis unter 35 Jahre,f,2999
15089,2025,50 bis unter 55 Jahre,m,5649
15089,2025,50 bis unter 55 Jahre,f,4849
15089,2025,5 bis unter 10 Jahre,m,3876
15089,2025,5 bis unter 10 Jahre,f,3557
15089,2025,85 bis unter 90 Jahre,f,4154
15089,2025,85 bis unter 90 Jahre,m,2112
15089,2025,20 bis unter 25 Jahre,f,3239
15089,2025,20 bis unter 25 Jahre,m,3762
15090,2025,15 bis unter 20 Jahre,f,2360
15090,2025,15 bis unter 20 Jahre,m,2593
15090,2025,90 bis unter 95 Jahre,m,298
15090,2025,90 bis unter 95 Jahre,f,785
15090,2025,35 bis unter 40 Jahre,f,3352
15090,2025,35 bis unter 40 Jahre,m,3515
15090,2025,55 bis unter 60 Jahre,f,4322
15090,2025,55 bis unter 60 Jahre,m,4333
15090,2025,95 Jahre und mehr,m,49
15090,2025,95 Jahre und mehr,f,208
15090,2025,75 bis unter 80 Jahre,f,2776
15090,2025,75 bis unter 80 Jahre,m,2190
15090,2025,70 bis unter 75 Jahre,m,3830
15090,2025,70 bis unter 75 Jahre,f,4142
15090,2025,40 bis unter 45 Jahre,f,3201
15090,2025,40 bis unter 45 Jahre,m,3494
15090,2025,unter 5 Jahre,f,1735
15090,2025,unter 5 Jahre,m,1756
15090,2025,30 bis unter 35 Jahre,m,1907
15090,2025,30 bis unter 35 Jahre,f,1793
15090,2025,45 bis unter 50 Jahre,m,3137
15090,2025,45 bis unter 50 Jahre,f,2898
15090,2025,80 bis unter 85 Jahre,f,2410
15090,2025,80 bis unter 85 Jahre,m,1659
15090,2025,60 bis unter 65 Jahre,f,5348
15090,2025,60 bis unter 65 Jahre,m,5195
15090,2025,50 bis unter 55 Jahre,m,3091
15090,2025,50 bis unter 55 Jahre,f,3042
15090,2025,25 bis unter 30 Jahre,m,2088
15090,2025,25 bis unter 30 Jahre,f,1869
15090,2025,5 bis unter 10 Jahre,f,2217
15090,2025,5 bis unter 10 Jahre,m,2401
15090,2025,65 bis unter 70 Jahre,f,4951
15090,2025,65 bis unter 70 Jahre,m,4529
15090,2025,10 bis unter 15 Jahre,f,2353
15090,2025,10 bis unter 15 Jahre,m,2518
15090,2025,85 bis unter 90 Jahre,m,1157
15090,2025,85 bis unter 90 Jahre,f,2119
15090,2025,20 bis unter 25 Jahre,m,2329
15090,2025,20 bis unter 25 Jahre,f,1853
15091,2025,45 bis unter 50 Jahre,f,3467
15091,2025,45 bis unter 50 Jahre,m,3692
15091,2025,10 bis unter 15 Jahre,f,2559
15091,2025,10 bis unter 15 Jahre,m,2755
15091,2025,65 bis unter 70 Jahre,f,5444
15091,2025,65 bis unter 70 Jahre,m,5004
15091,2025,85 bis unter 90 Jahre,f,2822
15091,2025,85 bis unter 90 Jahre,m,1571
15091,2025,50 bis unter 55 Jahre,f,3433
15091,2025,50 bis unter 55 Jahre,m,3738
15091,2025,5 bis unter 10 Jahre,m,2592
15091,2025,5 bis unter 10 Jahre,f,2392
15091,2025,80 bis unter 85 Jahre,m,2193
15091,2025,80 bis unter 85 Jahre,f,3432
15091,2025,25 bis unter 30 Jahre,f,1780
15091,2025,25 bis unter 30 Jahre,m,2211
15091,2025,75 bis unter 80 Jahre,m,2676
15091,2025,75 bis unter 80 Jahre,f,3461
15091,2025,30 bis unter 35 Jahre,m,2029
15091,2025,30 bis unter 35 Jahre,f,1870
15091,2025,20 bis unter 25 Jahre,m,2343
15091,2025,20 bis unter 25 Jahre,f,1847
15091,2025,unter 5 Jahre,m,1969
15091,2025,unter 5 Jahre,f,1835
15091,2025,55 bis unter 60 Jahre,f,4832
15091,2025,55 bis unter 60 Jahre,m,4932
15091,2025,40 bis unter 45 Jahre,f,3645
15091,2025,40 bis unter 45 Jahre,m,4011
15091,2025,15 bis unter 20 Jahre,f,2445
15091,2025,15 bis unter 20 Jahre,m,2865
15091,2025,35 bis unter 40 Jahre,f,3665
15091,2025,35 bis unter 40 Jahre,m,4035
15091,2025,90 bis unter 95 Jahre,m,417
15091,2025,90 bis unter 95 Jahre,f,1072
15091,2025,60 bis unter 65 Jahre,f,5776
15091,2025,60 bis unter 65 Jahre,m,5714
15091,2025,95 Jahre und mehr,f,209
15091,2025,95 Jahre und mehr,m,53
15091,2025,70 bis unter 75 Jahre,m,4369
15091,2025,70 bis unter 75 Jahre,f,5220
16051,2025,20 bis unter 25 Jahre,m,6722
16051,2025,20 bis unter 25 Jahre,f,7516
16051,2025,55 bis unter 60 Jahre,m,7135
16051,2025,55 bis unter 60 Jahre,f,7231
16051,2025,unter 5 Jahre,m,3868
16051,2025,unter 5 Jahre,f,3572
16051,2025,75 bis unter 80 Jahre,m,3802
16051,2025,75 bis unter 80 Jahre,f,5266
16051,2025,60 bis unter 65 Jahre,f,7940
16051,2025,60 bis unter 65 Jahre,m,7572
16051,2025,15 bis unter 20 Jahre,m,5154
16051,2025,15 bis unter 20 Jahre,f,5122
16051,2025,80 bis unter 85 Jahre,m,3327
16051,2025,80 bis unter 85 Jahre,f,4754
16051,2025,40 bis unter 45 Jahre,m,7871
16051,2025,40 bis unter 45 Jahre,f,7177
16051,2025,25 bis unter 30 Jahre,f,6917
16051,2025,25 bis unter 30 Jahre,m,7316
16051,2025,85 bis unter 90 Jahre,f,3884
16051,2025,85 bis unter 90 Jahre,m,2348
16051,2025,30 bis unter 35 Jahre,f,5481
16051,2025,30 bis unter 35 Jahre,m,6254
16051,2025,5 bis unter 10 Jahre,f,4892
16051,2025,5 bis unter 10 Jahre,m,4717
16051,2025,65 bis unter 70 Jahre,m,6247
16051,2025,65 bis unter 70 Jahre,f,7193
16051,2025,10 bis unter 15 Jahre,m,5160
16051,2025,10 bis unter 15 Jahre,f,4863
16051,2025,70 bis unter 75 Jahre,f,7037
16051,2025,70 bis unter 75 Jahre,m,5615
16051,2025,45 bis unter 50 Jahre,m,7115
16051,2025,45 bis unter 50 Jahre,f,6732
16051,2025,50 bis unter 55 Jahre,m,6327
16051,2025,50 bis unter 55 Jahre,f,5914
16051,2025,90 bis unter 95 Jahre,f,1308
16051,2025,90 bis unter 95 Jahre,m,646
16051,2025,35 bis unter 40 Jahre,f,7939
16051,2025,35 bis unter 40 Jahre,m,8799
16051,2025,95 Jahre und mehr,m,98
16051,2025,95 Jahre und mehr,f,328
16052,2025,50 bis unter 55 Jahre,m,2670
16052,2025,50 bis unter 55 Jahre,f,2345
16052,2025,10 bis unter 15 Jahre,m,2336
16052,2025,10 bis unter 15 Jahre,f,2121
16052,2025,30 bis unter 35 Jahre,m,2055
16052,2025,30 bis unter 35 Jahre,f,1850
16052,2025,25 bis unter 30 Jahre,m,2578
16052,2025,25 bis unter 30 Jahre,f,1977
16052,2025,65 bis unter 70 Jahre,m,3390
16052,2025,65 bis unter 70 Jahre,f,3886
16052,2025,35 bis unter 40 Jahre,f,2954
16052,2025,35 bis unter 40 Jahre,m,3186
16052,2025,90 bis unter 95 Jahre,m,373
16052,2025,90 bis unter 95 Jahre,f,827
16052,2025,75 bis unter 80 Jahre,f,2736
16052,2025,75 bis unter 80 Jahre,m,2043
16052,2025,45 bis unter 50 Jahre,f,2695
16052,2025,45 bis unter 50 Jahre,m,2870
16052,2025,unter 5 Jahre,f,1537
16052,2025,unter 5 Jahre,m,1643
16052,2025,70 bis unter 75 Jahre,f,3862
16052,2025,70 bis unter 75 Jahre,m,3161
16052,2025,80 bis unter 85 Jahre,f,2697
16052,2025,80 bis unter 85 Jahre,m,1755
16052,2025,55 bis unter 60 Jahre,f,3214
16052,2025,55 bis unter 60 Jahre,m,3226
16052,2025,40 bis unter 45 Jahre,m,3132
16052,2025,40 bis unter 45 Jahre,f,2929
16052,2025,60 bis unter 65 Jahre,m,3934
16052,2025,60 bis unter 65 Jahre,f,4013
16052,2025,95 Jahre und mehr,m,57
16052,2025,95 Jahre und mehr,f,218
16052,2025,15 bis unter 20 Jahre,m,2451
16052,2025,15 bis unter 20 Jahre,f,2118
16052,2025,20 bis unter 25 Jahre,f,2205
16052,2025,20 bis unter 25 Jahre,m,2482
16052,2025,5 bis unter 10 Jahre,m,2095
16052,2025,5 bis unter 10 Jahre,f,2041
16052,2025,85 bis unter 90 Jahre,f,2261
16052,2025,85 bis unter 90 Jahre,m,1239
16053,2025,80 bis unter 85 Jahre,m,1897
16053,2025,80 bis unter 85 Jahre,f,2713
16053,2025,5 bis unter 10 Jahre,f,2298
16053,2025,5 bis unter 10 Jahre,m,2462
16053,2025,60 bis unter 65 Jahre,m,3178
16053,2025,60 bis unter 65 Jahre,f,3244
16053,2025,25 bis unter 30 Jahre,f,4632
16053,2025,25 bis unter 30 Jahre,m,5036
16053,2025,45 bis unter 50 Jahre,f,3180
16053,2025,45 bis unter 50 Jahre,m,3362
16053,2025,75 bis unter 80 Jahre,m,1806
16053,2025,75 bis unter 80 Jahre,f,2484
16053,2025,40 bis unter 45 Jahre,m,3774
16053,2025,40 bis unter 45 Jahre,f,3631
16053,2025,10 bis unter 15 Jahre,f,2495
16053,2025,10 bis unter 15 Jahre,m,2556
16053,2025,95 Jahre und mehr,f,208
16053,2025,95 Jahre und mehr,m,68
16053,2025,unter 5 Jahre,m,1947
16053,2025,unter 5 Jahre,f,1869
16053,2025,50 bis unter 55 Jahre,f,2784
16053,2025,50 bis unter 55 Jahre,m,2799
16053,2025,15 bis unter 20 Jahre,m,2644
16053,2025,15 bis unter 20 Jahre,f,2609
16053,2025,85 bis unter 90 Jahre,f,2236
16053,2025,85 bis unter 90 Jahre,m,1360
16053,2025,30 bis unter 35 Jahre,f,3114
16053,2025,30 bis unter 35 Jahre,m,3727
16053,2025,20 bis unter 25 Jahre,m,3954
16053,2025,20 bis unter 25 Jahre,f,4536
16053,2025,90 bis unter 95 Jahre,m,349
16053,2025,90 bis unter 95 Jahre,f,714
16053,2025,65 bis unter 70 Jahre,m,2625
16053,2025,65 bis unter 70 Jahre,f,2979
16053,2025,35 bis unter 40 Jahre,f,3876
16053,2025,35 bis unter 40 Jahre,m,4380
16053,2025,70 bis unter 75 Jahre,f,3156
16053,2025,70 bis unter 75 Jahre,m,2475
16053,2025,55 bis unter 60 Jahre,m,3183
16053,2025,55 bis unter 60 Jahre,f,3013
16054,2025,15 bis unter 20 Jahre,f,608
16054,2025,15 bis unter 20 Jahre,m,662
16054,2025,90 bis unter 95 Jahre,m,124
16054,2025,90 bis unter 95 Jahre,f,282
16054,2025,75 bis unter 80 Jahre,f,1257
16054,2025,75 bis unter 80 Jahre,m,990
16054,2025,95 Jahre und mehr,m,20
16054,2025,95 Jahre und mehr,f,60
16054,2025,35 bis unter 40 Jahre,f,955
16054,2025,35 bis unter 40 Jahre,m,1058
16054,2025,50 bis unter 55 Jahre,m,1011
16054,2025,50 bis unter 55 Jahre,f,912
16054,2025,20 bis unter 25 Jahre,f,599
16054,2025,20 bis unter 25 Jahre,m,720
16054,2025,unter 5 Jahre,m,439
16054,2025,unter 5 Jahre,f,486
16054,2025,45 bis unter 50 Jahre,m,953
16054,2025,45 bis unter 50 Jahre,f,860
16054,2025,55 bis unter 60 Jahre,m,1295
16054,2025,55 bis unter 60 Jahre,f,1303
16054,2025,65 bis unter 70 Jahre,m,1361
16054,2025,65 bis unter 70 Jahre,f,1531
16054,2025,80 bis unter 85 Jahre,f,1112
16054,2025,80 bis unter 85 Jahre,m,817
16054,2025,70 bis unter 75 Jahre,m,1332
16054,2025,70 bis unter 75 Jahre,f,1739
16054,2025,25 bis unter 30 Jahre,f,581
16054,2025,25 bis unter 30 Jahre,m,753
16054,2025,10 bis unter 15 Jahre,f,647
16054,2025,10 bis unter 15 Jahre,m,665
16054,2025,5 bis unter 10 Jahre,f,565
16054,2025,5 bis unter 10 Jahre,m,605
16054,2025,30 bis unter 35 Jahre,f,523
16054,2025,30 bis unter 35 Jahre,m,603
16054,2025,60 bis unter 65 Jahre,m,1516
16054,2025,60 bis unter 65 Jahre,f,1675
16054,2025,85 bis unter 90 Jahre,f,856
16054,2025,85 bis unter 90 Jahre,m,532
16054,2025,40 bis unter 45 Jahre,m,1041
16054,2025,40 bis unter 45 Jahre,f,928
16055,2025,45 bis unter 50 Jahre,f,2070
16055,2025,45 bis unter 50 Jahre,m,2060
16055,2025,10 bis unter 15 Jahre,f,1586
16055,2025,10 bis unter 15 Jahre,m,1622
16055,2025,25 bis unter 30 Jahre,f,2114
16055,2025,25 bis unter 30 Jahre,m,2226
16055,2025,30 bis unter 35 Jahre,f,1512
16055,2025,30 bis unter 35 Jahre,m,1488
16055,2025,5 bis unter 10 Jahre,f,1430
16055,2025,5 bis unter 10 Jahre,m,1487
16055,2025,70 bis unter 75 Jahre,f,2102
16055,2025,70 bis unter 75 Jahre,m,1740
16055,2025,85 bis unter 90 Jahre,f,1350
16055,2025,85 bis unter 90 Jahre,m,785
16055,2025,75 bis unter 80 Jahre,m,1236
16055,2025,75 bis unter 80 Jahre,f,1655
16055,2025,40 bis unter 45 Jahre,m,2149
16055,2025,40 bis unter 45 Jahre,f,2259
16055,2025,50 bis unter 55 Jahre,m,1876
16055,2025,50 bis unter 55 Jahre,f,1805
16055,2025,20 bis unter 25 Jahre,m,2017
16055,2025,20 bis unter 25 Jahre,f,2345
16055,2025,15 bis unter 20 Jahre,f,1646
16055,2025,15 bis unter 20 Jahre,m,1638
16055,2025,unter 5 Jahre,f,1091
16055,2025,unter 5 Jahre,m,1107
16055,2025,35 bis unter 40 Jahre,f,2227
16055,2025,35 bis unter 40 Jahre,m,2266
16055,2025,95 Jahre und mehr,f,147
16055,2025,95 Jahre und mehr,m,54
16055,2025,55 bis unter 60 Jahre,f,2195
16055,2025,55 bis unter 60 Jahre,m,2157
16055,2025,60 bis unter 65 Jahre,f,2429
16055,2025,60 bis unter 65 Jahre,m,2284
16055,2025,65 bis unter 70 Jahre,m,1824
16055,2025,65 bis unter 70 Jahre,f,2263
16055,2025,80 bis unter 85 Jahre,f,1534
16055,2025,80 bis unter 85 Jahre,m,1076
16055,2025,90 bis unter 95 Jahre,m,233
16055,2025,90 bis unter 95 Jahre,f,481
16061,2025,unter 5 Jahre,f,1806
16061,2025,unter 5 Jahre,m,1919
16061,2025,35 bis unter 40 Jahre,f,3359
16061,2025,35 bis unter 40 Jahre,m,3384
16061,2025,20 bis unter 25 Jahre,f,1856
16061,2025,20 bis unter 25 Jahre,m,2237
16061,2025,80 bis unter 85 Jahre,f,2220
16061,2025,80 bis unter 85 Jahre,m,1545
16061,2025,15 bis unter 20 Jahre,f,2368
16061,2025,15 bis unter 20 Jahre,m,2557
16061,2025,95 Jahre und mehr,m,40
16061,2025,95 Jahre und mehr,f,155
16061,2025,40 bis unter 45 Jahre,f,3532
16061,2025,40 bis unter 45 Jahre,m,3809
16061,2025,85 bis unter 90 Jahre,m,1193
16061,2025,85 bis unter 90 Jahre,f,2029
16061,2025,55 bis unter 60 Jahre,f,3593
16061,2025,55 bis unter 60 Jahre,m,4026
16061,2025,70 bis unter 75 Jahre,m,3580
16061,2025,70 bis unter 75 Jahre,f,3791
16061,2025,75 bis unter 80 Jahre,m,2337
16061,2025,75 bis unter 80 Jahre,f,2632
16061,2025,10 bis unter 15 Jahre,m,2680
16061,2025,10 bis unter 15 Jahre,f,2649
16061,2025,90 bis unter 95 Jahre,m,271
16061,2025,90 bis unter 95 Jahre,f,636
16061,2025,65 bis unter 70 Jahre,m,3919
16061,2025,65 bis unter 70 Jahre,f,4037
16061,2025,30 bis unter 35 Jahre,f,1827
16061,2025,30 bis unter 35 Jahre,m,1942
16061,2025,25 bis unter 30 Jahre,f,1745
16061,2025,25 bis unter 30 Jahre,m,2052
16061,2025,5 bis unter 10 Jahre,m,2693
16061,2025,5 bis unter 10 Jahre,f,2557
16061,2025,50 bis unter 55 Jahre,f,3036
16061,2025,50 bis unter 55 Jahre,m,3378
16061,2025,45 bis unter 50 Jahre,f,3198
16061,2025,45 bis unter 50 Jahre,m,3525
16061,2025,60 bis unter 65 Jahre,m,4381
16061,2025,60 bis unter 65 Jahre,f,4278
16062,2025,50 bis unter 55 Jahre,f,2236
16062,2025,50 bis unter 55 Jahre,m,2364
16062,2025,5 bis unter 10 Jahre,m,1790
16062,2025,5 bis unter 10 Jahre,f,1651
16062,2025,65 bis unter 70 Jahre,f,3339
16062,2025,65 bis unter 70 Jahre,m,3155
16062,2025,45 bis unter 50 Jahre,f,2304
16062,2025,45 bis unter 50 Jahre,m,2519
16062,2025,10 bis unter 15 Jahre,f,1847
16062,2025,10 bis unter 15 Jahre,m,1915
16062,2025,30 bis unter 35 Jahre,f,1339
16062,2025,30 bis unter 35 Jahre,m,1508
16062,2025,25 bis unter 30 Jahre,f,1527
16062,2025,25 bis unter 30 Jahre,m,1892
16062,2025,90 bis unter 95 Jahre,f,621
16062,2025,90 bis unter 95 Jahre,m,268
16062,2025,70 bis unter 75 Jahre,m,2604
16062,2025,70 bis unter 75 Jahre,f,3046
16062,2025,40 bis unter 45 Jahre,m,2696
16062,2025,40 bis unter 45 Jahre,f,2476
16062,2025,60 bis unter 65 Jahre,m,3421
16062,2025,60 bis unter 65 Jahre,f,3619
16062,2025,95 Jahre und mehr,f,168
16062,2025,95 Jahre und mehr,m,48
16062,2025,35 bis unter 40 Jahre,f,2422
16062,2025,35 bis unter 40 Jahre,m,2646
16062,2025,75 bis unter 80 Jahre,f,2266
16062,2025,75 bis unter 80 Jahre,m,1717
16062,2025,15 bis unter 20 Jahre,m,1991
16062,2025,15 bis unter 20 Jahre,f,1834
16062,2025,55 bis unter 60 Jahre,f,3039
16062,2025,55 bis unter 60 Jahre,m,3096
16062,2025,80 bis unter 85 Jahre,f,2040
16062,2025,80 bis unter 85 Jahre,m,1431
16062,2025,20 bis unter 25 Jahre,m,2019
16062,2025,20 bis unter 25 Jahre,f,1521
16062,2025,unter 5 Jahre,f,1154
16062,2025,unter 5 Jahre,m,1263
16062,2025,85 bis unter 90 Jahre,m,1050
16062,2025,85 bis unter 90 Jahre,f,1853
16063,2025,60 bis unter 65 Jahre,f,7056
16063,2025,60 bis unter 65 Jahre,m,6871
16063,2025,unter 5 Jahre,m,2456
16063,2025,unter 5 Jahre,f,2405
16063,2025,40 bis unter 45 Jahre,f,4969
16063,2025,40 bis unter 45 Jahre,m,5369
16063,2025,55 bis unter 60 Jahre,m,5976
16063,2025,55 bis unter 60 Jahre,f,5720
16063,2025,20 bis unter 25 Jahre,m,3288
16063,2025,20 bis unter 25 Jahre,f,2857
16063,2025,35 bis unter 40 Jahre,m,5016
16063,2025,35 bis unter 40 Jahre,f,4737
16063,2025,75 bis unter 80 Jahre,f,4292
16063,2025,75 bis unter 80 Jahre,m,3358
16063,2025,15 bis unter 20 Jahre,m,3598
16063,2025,15 bis unter 20 Jahre,f,3255
16063,2025,80 bis unter 85 Jahre,f,3534
16063,2025,80 bis unter 85 Jahre,m,2421
16063,2025,5 bis unter 10 Jahre,f,3254
16063,2025,5 bis unter 10 Jahre,m,3447
16063,2025,90 bis unter 95 Jahre,m,460
16063,2025,90 bis unter 95 Jahre,f,1014
16063,2025,65 bis unter 70 Jahre,m,6347
16063,2025,65 bis unter 70 Jahre,f,6517
16063,2025,30 bis unter 35 Jahre,f,2687
16063,2025,30 bis unter 35 Jahre,m,3025
16063,2025,10 bis unter 15 Jahre,m,3869
16063,2025,10 bis unter 15 Jahre,f,3499
16063,2025,85 bis unter 90 Jahre,f,3337
16063,2025,85 bis unter 90 Jahre,m,1947
16063,2025,95 Jahre und mehr,m,58
16063,2025,95 Jahre und mehr,f,265
16063,2025,70 bis unter 75 Jahre,f,5888
16063,2025,70 bis unter 75 Jahre,m,5131
16063,2025,50 bis unter 55 Jahre,f,4562
16063,2025,50 bis unter 55 Jahre,m,4981
16063,2025,45 bis unter 50 Jahre,m,5106
16063,2025,45 bis unter 50 Jahre,f,4691
16063,2025,25 bis unter 30 Jahre,f,2684
16063,2025,25 bis unter 30 Jahre,m,3399
16064,2025,45 bis unter 50 Jahre,m,3089
16064,2025,45 bis unter 50 Jahre,f,2795
16064,2025,90 bis unter 95 Jahre,f,671
16064,2025,90 bis unter 95 Jahre,m,272
16064,2025,30 bis unter 35 Jahre,m,1815
16064,2025,30 bis unter 35 Jahre,f,1685
16064,2025,50 bis unter 55 Jahre,m,2919
16064,2025,50 bis unter 55 Jahre,f,2684
16064,2025,85 bis unter 90 Jahre,m,1043
16064,2025,85 bis unter 90 Jahre,f,1945
16064,2025,70 bis unter 75 Jahre,m,3265
16064,2025,70 bis unter 75 Jahre,f,3632
16064,2025,65 bis unter 70 Jahre,m,3740
16064,2025,65 bis unter 70 Jahre,f,4084
16064,2025,5 bis unter 10 Jahre,m,2277
16064,2025,5 bis unter 10 Jahre,f,2098
16064,2025,35 bis unter 40 Jahre,f,2885
16064,2025,35 bis unter 40 Jahre,m,3046
16064,2025,25 bis unter 30 Jahre,f,1581
16064,2025,25 bis unter 30 Jahre,m,1950
16064,2025,unter 5 Jahre,f,1539
16064,2025,unter 5 Jahre,m,1646
16064,2025,55 bis unter 60 Jahre,f,3557
16064,2025,55 bis unter 60 Jahre,m,3604
16064,2025,95 Jahre und mehr,m,43
16064,2025,95 Jahre und mehr,f,176
16064,2025,60 bis unter 65 Jahre,m,3963
16064,2025,60 bis unter 65 Jahre,f,4232
16064,2025,20 bis unter 25 Jahre,m,2157
16064,2025,20 bis unter 25 Jahre,f,1777
16064,2025,40 bis unter 45 Jahre,m,3192
16064,2025,40 bis unter 45 Jahre,f,3012
16064,2025,80 bis unter 85 Jahre,f,2094
16064,2025,80 bis unter 85 Jahre,m,1488
16064,2025,15 bis unter 20 Jahre,m,2433
16064,2025,15 bis unter 20 Jahre,f,2065
16064,2025,75 bis unter 80 Jahre,f,2492
16064,2025,75 bis unter 80 Jahre,m,1934
16064,2025,10 bis unter 15 Jahre,f,2205
16064,2025,10 bis unter 15 Jahre,m,2468
16065,2025,95 Jahre und mehr,f,122
16065,2025,95 Jahre und mehr,m,23
16065,2025,75 bis unter 80 Jahre,m,1633
16065,2025,75 bis unter 80 Jahre,f,2119
16065,2025,unter 5 Jahre,m,1141
16065,2025,unter 5 Jahre,f,1048
16065,2025,60 bis unter 65 Jahre,f,3391
16065,2025,60 bis unter 65 Jahre,m,3220
16065,2025,15 bis unter 20 Jahre,m,1720
16065,2025,15 bis unter 20 Jahre,f,1464
16065,2025,80 bis unter 85 Jahre,m,1163
16065,2025,80 bis unter 85 Jahre,f,1734
16065,2025,40 bis unter 45 Jahre,m,2487
16065,2025,40 bis unter 45 Jahre,f,2138
16065,2025,55 bis unter 60 Jahre,m,2777
16065,2025,55 bis unter 60 Jahre,f,2736
16065,2025,25 bis unter 30 Jahre,f,1111
16065,2025,25 bis unter 30 Jahre,m,1350
16065,2025,20 bis unter 25 Jahre,f,1113
16065,2025,20 bis unter 25 Jahre,m,1521
16065,2025,10 bis unter 15 Jahre,f,1501
16065,2025,10 bis unter 15 Jahre,m,1673
16065,2025,85 bis unter 90 Jahre,f,1523
16065,2025,85 bis unter 90 Jahre,m,828
16065,2025,5 bis unter 10 Jahre,f,1441
16065,2025,5 bis unter 10 Jahre,m,1513
16065,2025,30 bis unter 35 Jahre,f,1155
16065,2025,30 bis unter 35 Jahre,m,1227
16065,2025,50 bis unter 55 Jahre,m,2264
16065,2025,50 bis unter 55 Jahre,f,2055
16065,2025,65 bis unter 70 Jahre,m,3051
16065,2025,65 bis unter 70 Jahre,f,3355
16065,2025,70 bis unter 75 Jahre,m,2615
16065,2025,70 bis unter 75 Jahre,f,3047
16065,2025,90 bis unter 95 Jahre,f,498
16065,2025,90 bis unter 95 Jahre,m,217
16065,2025,45 bis unter 50 Jahre,m,2267
16065,2025,45 bis unter 50 Jahre,f,2021
16065,2025,35 bis unter 40 Jahre,f,2034
16065,2025,35 bis unter 40 Jahre,m,2339
16066,2025,90 bis unter 95 Jahre,m,329
16066,2025,90 bis unter 95 Jahre,f,865
16066,2025,70 bis unter 75 Jahre,m,4198
16066,2025,70 bis unter 75 Jahre,f,4839
16066,2025,50 bis unter 55 Jahre,m,3788
16066,2025,50 bis unter 55 Jahre,f,3348
16066,2025,15 bis unter 20 Jahre,f,2399
16066,2025,15 bis unter 20 Jahre,m,2742
16066,2025,30 bis unter 35 Jahre,m,2261
16066,2025,30 bis unter 35 Jahre,f,1883
16066,2025,65 bis unter 70 Jahre,m,5005
16066,2025,65 bis unter 70 Jahre,f,5246
16066,2025,35 bis unter 40 Jahre,f,3594
16066,2025,35 bis unter 40 Jahre,m,3899
16066,2025,75 bis unter 80 Jahre,f,3373
16066,2025,75 bis unter 80 Jahre,m,2762
16066,2025,60 bis unter 65 Jahre,f,5647
16066,2025,60 bis unter 65 Jahre,m,5222
16066,2025,45 bis unter 50 Jahre,m,3850
16066,2025,45 bis unter 50 Jahre,f,3363
16066,2025,25 bis unter 30 Jahre,m,2847
16066,2025,25 bis unter 30 Jahre,f,2085
16066,2025,unter 5 Jahre,f,1723
16066,2025,unter 5 Jahre,m,1804
16066,2025,55 bis unter 60 Jahre,f,4502
16066,2025,55 bis unter 60 Jahre,m,4579
16066,2025,80 bis unter 85 Jahre,f,2831
16066,2025,80 bis unter 85 Jahre,m,1905
16066,2025,40 bis unter 45 Jahre,m,4233
16066,2025,40 bis unter 45 Jahre,f,3794
16066,2025,10 bis unter 15 Jahre,f,2631
16066,2025,10 bis unter 15 Jahre,m,2842
16066,2025,5 bis unter 10 Jahre,m,2500
16066,2025,5 bis unter 10 Jahre,f,2377
16066,2025,85 bis unter 90 Jahre,f,2661
16066,2025,85 bis unter 90 Jahre,m,1601
16066,2025,95 Jahre und mehr,m,62
16066,2025,95 Jahre und mehr,f,172
16066,2025,20 bis unter 25 Jahre,f,2218
16066,2025,20 bis unter 25 Jahre,m,2947
16067,2025,25 bis unter 30 Jahre,f,2515
16067,2025,25 bis unter 30 Jahre,m,3200
16067,2025,5 bis unter 10 Jahre,f,2930
16067,2025,5 bis unter 10 Jahre,m,3005
16067,2025,45 bis unter 50 Jahre,f,4148
16067,2025,45 bis unter 50 Jahre,m,4408
16067,2025,80 bis unter 85 Jahre,m,2166
16067,2025,80 bis unter 85 Jahre,f,3223
16067,2025,85 bis unter 90 Jahre,f,2685
16067,2025,85 bis unter 90 Jahre,m,1598
16067,2025,10 bis unter 15 Jahre,f,3184
16067,2025,10 bis unter 15 Jahre,m,3188
16067,2025,40 bis unter 45 Jahre,m,4798
16067,2025,40 bis unter 45 Jahre,f,4543
16067,2025,unter 5 Jahre,m,2140
16067,2025,unter 5 Jahre,f,2135
16067,2025,75 bis unter 80 Jahre,m,2841
16067,2025,75 bis unter 80 Jahre,f,3573
16067,2025,30 bis unter 35 Jahre,m,2793
16067,2025,30 bis unter 35 Jahre,f,2395
16067,2025,50 bis unter 55 Jahre,f,4009
16067,2025,50 bis unter 55 Jahre,m,4437
16067,2025,20 bis unter 25 Jahre,m,3169
16067,2025,20 bis unter 25 Jahre,f,2651
16067,2025,15 bis unter 20 Jahre,f,3004
16067,2025,15 bis unter 20 Jahre,m,3160
16067,2025,60 bis unter 65 Jahre,f,5874
16067,2025,60 bis unter 65 Jahre,m,5780
16067,2025,90 bis unter 95 Jahre,m,397
16067,2025,90 bis unter 95 Jahre,f,880
16067,2025,35 bis unter 40 Jahre,f,4363
16067,2025,35 bis unter 40 Jahre,m,4566
16067,2025,65 bis unter 70 Jahre,m,5063
16067,2025,65 bis unter 70 Jahre,f,5479
16067,2025,55 bis unter 60 Jahre,m,5395
16067,2025,55 bis unter 60 Jahre,f,5093
16067,2025,70 bis unter 75 Jahre,f,4991
16067,2025,70 bis unter 75 Jahre,m,4385
16067,2025,95 Jahre und mehr,f,238
16067,2025,95 Jahre und mehr,m,58
16068,2025,unter 5 Jahre,f,1057
16068,2025,unter 5 Jahre,m,1121
16068,2025,55 bis unter 60 Jahre,f,2551
16068,2025,55 bis unter 60 Jahre,m,2736
16068,2025,95 Jahre und mehr,m,33
16068,2025,95 Jahre und mehr,f,118
16068,2025,75 bis unter 80 Jahre,f,1889
16068,2025,75 bis unter 80 Jahre,m,1526
16068,2025,15 bis unter 20 Jahre,m,1759
16068,2025,15 bis unter 20 Jahre,f,1435
16068,2025,90 bis unter 95 Jahre,m,158
16068,2025,90 bis unter 95 Jahre,f,401
16068,2025,60 bis unter 65 Jahre,f,2990
16068,2025,60 bis unter 65 Jahre,m,2908
16068,2025,35 bis unter 40 Jahre,f,2210
16068,2025,35 bis unter 40 Jahre,m,2182
16068,2025,20 bis unter 25 Jahre,f,1178
16068,2025,20 bis unter 25 Jahre,m,1512
16068,2025,50 bis unter 55 Jahre,m,2292
16068,2025,50 bis unter 55 Jahre,f,1948
16068,2025,65 bis unter 70 Jahre,m,2557
16068,2025,65 bis unter 70 Jahre,f,2879
16068,2025,80 bis unter 85 Jahre,f,1361
16068,2025,80 bis unter 85 Jahre,m,999
16068,2025,70 bis unter 75 Jahre,m,2415
16068,2025,70 bis unter 75 Jahre,f,2867
16068,2025,45 bis unter 50 Jahre,m,2243
16068,2025,45 bis unter 50 Jahre,f,2165
16068,2025,10 bis unter 15 Jahre,f,1493
16068,2025,10 bis unter 15 Jahre,m,1739
16068,2025,25 bis unter 30 Jahre,f,1152
16068,2025,25 bis unter 30 Jahre,m,1229
16068,2025,5 bis unter 10 Jahre,f,1421
16068,2025,5 bis unter 10 Jahre,m,1683
16068,2025,30 bis unter 35 Jahre,f,1195
16068,2025,30 bis unter 35 Jahre,m,1178
16068,2025,85 bis unter 90 Jahre,f,1184
16068,2025,85 bis unter 90 Jahre,m,663
16068,2025,40 bis unter 45 Jahre,m,2460
16068,2025,40 bis unter 45 Jahre,f,2219
16069,2025,85 bis unter 90 Jahre,f,1227
16069,2025,85 bis unter 90 Jahre,m,654
16069,2025,50 bis unter 55 Jahre,f,1790
16069,2025,50 bis unter 55 Jahre,m,1972
16069,2025,5 bis unter 10 Jahre,m,1287
16069,2025,5 bis unter 10 Jahre,f,1278
16069,2025,30 bis unter 35 Jahre,f,923
16069,2025,30 bis unter 35 Jahre,m,1106
16069,2025,10 bis unter 15 Jahre,f,1371
16069,2025,10 bis unter 15 Jahre,m,1428
16069,2025,65 bis unter 70 Jahre,m,2498
16069,2025,65 bis unter 70 Jahre,f,2686
16069,2025,25 bis unter 30 Jahre,m,1102
16069,2025,25 bis unter 30 Jahre,f,871
16069,2025,45 bis unter 50 Jahre,f,1866
16069,2025,45 bis unter 50 Jahre,m,2127
16069,2025,70 bis unter 75 Jahre,f,2407
16069,2025,70 bis unter 75 Jahre,m,2205
16069,2025,40 bis unter 45 Jahre,m,2321
16069,2025,40 bis unter 45 Jahre,f,1965
16069,2025,95 Jahre und mehr,f,93
16069,2025,95 Jahre und mehr,m,17
16069,2025,20 bis unter 25 Jahre,m,1233
16069,2025,20 bis unter 25 Jahre,f,954
16069,2025,15 bis unter 20 Jahre,f,1230
16069,2025,15 bis unter 20 Jahre,m,1398
16069,2025,55 bis unter 60 Jahre,f,2262
16069,2025,55 bis unter 60 Jahre,m,2421
16069,2025,80 bis unter 85 Jahre,f,1230
16069,2025,80 bis unter 85 Jahre,m,848
16069,2025,35 bis unter 40 Jahre,m,1959
16069,2025,35 bis unter 40 Jahre,f,1823
16069,2025,60 bis unter 65 Jahre,f,2783
16069,2025,60 bis unter 65 Jahre,m,2782
16069,2025,75 bis unter 80 Jahre,f,1563
16069,2025,75 bis unter 80 Jahre,m,1288
16069,2025,unter 5 Jahre,m,926
16069,2025,unter 5 Jahre,f,893
16069,2025,90 bis unter 95 Jahre,m,140
16069,2025,90 bis unter 95 Jahre,f,360
16070,2025,55 bis unter 60 Jahre,m,4058
16070,2025,55 bis unter 60 Jahre,f,3960
16070,2025,35 bis unter 40 Jahre,m,3772
16070,2025,35 bis unter 40 Jahre,f,3395
16070,2025,20 bis unter 25 Jahre,m,2820
16070,2025,20 bis unter 25 Jahre,f,2050
16070,2025,80 bis unter 85 Jahre,f,2525
16070,2025,80 bis unter 85 Jahre,m,1816
16070,2025,95 Jahre und mehr,m,47
16070,2025,95 Jahre und mehr,f,213
16070,2025,40 bis unter 45 Jahre,m,3739
16070,2025,40 bis unter 45 Jahre,f,3357
16070,2025,75 bis unter 80 Jahre,m,2326
16070,2025,75 bis unter 80 Jahre,f,2954
16070,2025,60 bis unter 65 Jahre,m,4376
16070,2025,60 bis unter 65 Jahre,f,4447
16070,2025,15 bis unter 20 Jahre,m,2573
16070,2025,15 bis unter 20 Jahre,f,2267
16070,2025,unter 5 Jahre,m,1751
16070,2025,unter 5 Jahre,f,1533
16070,2025,25 bis unter 30 Jahre,f,2115
16070,2025,25 bis unter 30 Jahre,m,3335
16070,2025,5 bis unter 10 Jahre,f,2245
16070,2025,5 bis unter 10 Jahre,m,2361
16070,2025,30 bis unter 35 Jahre,f,1945
16070,2025,30 bis unter 35 Jahre,m,2618
16070,2025,50 bis unter 55 Jahre,f,2811
16070,2025,50 bis unter 55 Jahre,m,3180
16070,2025,85 bis unter 90 Jahre,m,1274
16070,2025,85 bis unter 90 Jahre,f,2237
16070,2025,45 bis unter 50 Jahre,m,3525
16070,2025,45 bis unter 50 Jahre,f,3101
16070,2025,10 bis unter 15 Jahre,m,2546
16070,2025,10 bis unter 15 Jahre,f,2376
16070,2025,90 bis unter 95 Jahre,f,682
16070,2025,90 bis unter 95 Jahre,m,292
16070,2025,70 bis unter 75 Jahre,f,4037
16070,2025,70 bis unter 75 Jahre,m,3393
16070,2025,65 bis unter 70 Jahre,m,3801
16070,2025,65 bis unter 70 Jahre,f,4153
16071,2025,50 bis unter 55 Jahre,m,2715
16071,2025,50 bis unter 55 Jahre,f,2399
16071,2025,85 bis unter 90 Jahre,m,792
16071,2025,85 bis unter 90 Jahre,f,1400
16071,2025,70 bis unter 75 Jahre,m,2826
16071,2025,70 bis unter 75 Jahre,f,3111
16071,2025,65 bis unter 70 Jahre,m,3133
16071,2025,65 bis unter 70 Jahre,f,3408
16071,2025,25 bis unter 30 Jahre,m,1533
16071,2025,25 bis unter 30 Jahre,f,1296
16071,2025,90 bis unter 95 Jahre,m,191
16071,2025,90 bis unter 95 Jahre,f,515
16071,2025,10 bis unter 15 Jahre,m,2233
16071,2025,10 bis unter 15 Jahre,f,2147
16071,2025,35 bis unter 40 Jahre,f,2740
16071,2025,35 bis unter 40 Jahre,m,2592
16071,2025,20 bis unter 25 Jahre,f,1518
16071,2025,20 bis unter 25 Jahre,m,1809
16071,2025,55 bis unter 60 Jahre,f,3074
16071,2025,55 bis unter 60 Jahre,m,3125
16071,2025,45 bis unter 50 Jahre,f,2640
16071,2025,45 bis unter 50 Jahre,m,2799
16071,2025,75 bis unter 80 Jahre,f,2157
16071,2025,75 bis unter 80 Jahre,m,1906
16071,2025,80 bis unter 85 Jahre,f,1589
16071,2025,80 bis unter 85 Jahre,m,1183
16071,2025,unter 5 Jahre,f,1364
16071,2025,unter 5 Jahre,m,1430
16071,2025,60 bis unter 65 Jahre,m,3576
16071,2025,60 bis unter 65 Jahre,f,3592
16071,2025,40 bis unter 45 Jahre,m,2938
16071,2025,40 bis unter 45 Jahre,f,2868
16071,2025,95 Jahre und mehr,m,41
16071,2025,95 Jahre und mehr,f,119
16071,2025,15 bis unter 20 Jahre,m,2155
16071,2025,15 bis unter 20 Jahre,f,2020
16071,2025,30 bis unter 35 Jahre,f,1350
16071,2025,30 bis unter 35 Jahre,m,1393
16071,2025,5 bis unter 10 Jahre,f,1966
16071,2025,5 bis unter 10 Jahre,m,2123
16072,2025,80 bis unter 85 Jahre,m,899
16072,2025,80 bis unter 85 Jahre,f,1308
16072,2025,60 bis unter 65 Jahre,m,2443
16072,2025,60 bis unter 65 Jahre,f,2592
16072,2025,5 bis unter 10 Jahre,f,946
16072,2025,5 bis unter 10 Jahre,m,1077
16072,2025,20 bis unter 25 Jahre,m,1244
16072,2025,20 bis unter 25 Jahre,f,1026
16072,2025,45 bis unter 50 Jahre,f,1608
16072,2025,45 bis unter 50 Jahre,m,1813
16072,2025,75 bis unter 80 Jahre,m,1287
16072,2025,75 bis unter 80 Jahre,f,1663
16072,2025,50 bis unter 55 Jahre,f,1674
16072,2025,50 bis unter 55 Jahre,m,1869
16072,2025,40 bis unter 45 Jahre,f,1667
16072,2025,40 bis unter 45 Jahre,m,1860
16072,2025,30 bis unter 35 Jahre,f,935
16072,2025,30 bis unter 35 Jahre,m,1004
16072,2025,15 bis unter 20 Jahre,m,1169
16072,2025,15 bis unter 20 Jahre,f,1084
16072,2025,25 bis unter 30 Jahre,f,1026
16072,2025,25 bis unter 30 Jahre,m,1031
16072,2025,70 bis unter 75 Jahre,m,1954
16072,2025,70 bis unter 75 Jahre,f,2287
16072,2025,90 bis unter 95 Jahre,m,170
16072,2025,90 bis unter 95 Jahre,f,459
16072,2025,85 bis unter 90 Jahre,m,692
16072,2025,85 bis unter 90 Jahre,f,1286
16072,2025,35 bis unter 40 Jahre,f,1518
16072,2025,35 bis unter 40 Jahre,m,1727
16072,2025,65 bis unter 70 Jahre,m,2270
16072,2025,65 bis unter 70 Jahre,f,2431
16072,2025,10 bis unter 15 Jahre,m,1238
16072,2025,10 bis unter 15 Jahre,f,1033
16072,2025,95 Jahre und mehr,m,31
16072,2025,95 Jahre und mehr,f,87
16072,2025,unter 5 Jahre,m,826
16072,2025,unter 5 Jahre,f,733
16072,2025,55 bis unter 60 Jahre,f,2088
16072,2025,55 bis unter 60 Jahre,m,2194
16073,2025,15 bis unter 20 Jahre,f,1981
16073,2025,15 bis unter 20 Jahre,m,2130
16073,2025,95 Jahre und mehr,f,221
16073,2025,95 Jahre und mehr,m,43
16073,2025,90 bis unter 95 Jahre,m,341
16073,2025,90 bis unter 95 Jahre,f,880
16073,2025,70 bis unter 75 Jahre,m,3647
16073,2025,70 bis unter 75 Jahre,f,4283
16073,2025,35 bis unter 40 Jahre,f,2868
16073,2025,35 bis unter 40 Jahre,m,3191
16073,2025,20 bis unter 25 Jahre,f,1651
16073,2025,20 bis unter 25 Jahre,m,2062
16073,2025,50 bis unter 55 Jahre,m,3102
16073,2025,50 bis unter 55 Jahre,f,2760
16073,2025,55 bis unter 60 Jahre,f,3808
16073,2025,55 bis unter 60 Jahre,m,3855
16073,2025,85 bis unter 90 Jahre,m,1372
16073,2025,85 bis unter 90 Jahre,f,2583
16073,2025,45 bis unter 50 Jahre,m,3149
16073,2025,45 bis unter 50 Jahre,f,2767
16073,2025,unter 5 Jahre,m,1438
16073,2025,unter 5 Jahre,f,1325
16073,2025,10 bis unter 15 Jahre,m,2301
16073,2025,10 bis unter 15 Jahre,f,2174
16073,2025,80 bis unter 85 Jahre,f,2691
16073,2025,80 bis unter 85 Jahre,m,1772
16073,2025,65 bis unter 70 Jahre,m,4132
16073,2025,65 bis unter 70 Jahre,f,4496
16073,2025,75 bis unter 80 Jahre,f,2941
16073,2025,75 bis unter 80 Jahre,m,2261
16073,2025,5 bis unter 10 Jahre,f,1970
16073,2025,5 bis unter 10 Jahre,m,2037
16073,2025,60 bis unter 65 Jahre,m,4613
16073,2025,60 bis unter 65 Jahre,f,4712
16073,2025,30 bis unter 35 Jahre,f,1427
16073,2025,30 bis unter 35 Jahre,m,1614
16073,2025,25 bis unter 30 Jahre,m,1896
16073,2025,25 bis unter 30 Jahre,f,1535
16073,2025,40 bis unter 45 Jahre,f,2997
16073,2025,40 bis unter 45 Jahre,m,3360
16074,2025,45 bis unter 50 Jahre,f,2452
16074,2025,45 bis unter 50 Jahre,m,2757
16074,2025,65 bis unter 70 Jahre,f,3502
16074,2025,65 bis unter 70 Jahre,m,3248
16074,2025,85 bis unter 90 Jahre,f,1669
16074,2025,85 bis unter 90 Jahre,m,1042
16074,2025,70 bis unter 75 Jahre,f,3129
16074,2025,70 bis unter 75 Jahre,m,2913
16074,2025,60 bis unter 65 Jahre,m,3642
16074,2025,60 bis unter 65 Jahre,f,3816
16074,2025,30 bis unter 35 Jahre,f,1283
16074,2025,30 bis unter 35 Jahre,m,1334
16074,2025,5 bis unter 10 Jahre,f,1898
16074,2025,5 bis unter 10 Jahre,m,1821
16074,2025,20 bis unter 25 Jahre,m,1738
16074,2025,20 bis unter 25 Jahre,f,1542
16074,2025,50 bis unter 55 Jahre,m,2574
16074,2025,50 bis unter 55 Jahre,f,2337
16074,2025,25 bis unter 30 Jahre,m,1587
16074,2025,25 bis unter 30 Jahre,f,1367
16074,2025,15 bis unter 20 Jahre,m,1878
16074,2025,15 bis unter 20 Jahre,f,1802
16074,2025,40 bis unter 45 Jahre,m,3082
16074,2025,40 bis unter 45 Jahre,f,2712
16074,2025,unter 5 Jahre,f,1254
16074,2025,unter 5 Jahre,m,1246
16074,2025,55 bis unter 60 Jahre,f,3099
16074,2025,55 bis unter 60 Jahre,m,3271
16074,2025,35 bis unter 40 Jahre,f,2699
16074,2025,35 bis unter 40 Jahre,m,2674
16074,2025,95 Jahre und mehr,f,139
16074,2025,95 Jahre und mehr,m,33
16074,2025,80 bis unter 85 Jahre,f,1976
16074,2025,80 bis unter 85 Jahre,m,1480
16074,2025,75 bis unter 80 Jahre,m,1919
16074,2025,75 bis unter 80 Jahre,f,2322
16074,2025,10 bis unter 15 Jahre,m,2078
16074,2025,10 bis unter 15 Jahre,f,1992
16074,2025,90 bis unter 95 Jahre,f,597
16074,2025,90 bis unter 95 Jahre,m,259
16075,2025,75 bis unter 80 Jahre,f,2224
16075,2025,75 bis unter 80 Jahre,m,1755
16075,2025,40 bis unter 45 Jahre,f,2390
16075,2025,40 bis unter 45 Jahre,m,2663
16075,2025,20 bis unter 25 Jahre,f,1363
16075,2025,20 bis unter 25 Jahre,m,1595
16075,2025,unter 5 Jahre,f,1104
16075,2025,unter 5 Jahre,m,1176
16075,2025,35 bis unter 40 Jahre,m,2347
16075,2025,35 bis unter 40 Jahre,f,2214
16075,2025,15 bis unter 20 Jahre,f,1611
16075,2025,15 bis unter 20 Jahre,m,1825
16075,2025,80 bis unter 85 Jahre,f,1716
16075,2025,80 bis unter 85 Jahre,m,1157
16075,2025,55 bis unter 60 Jahre,f,2975
16075,2025,55 bis unter 60 Jahre,m,3026
16075,2025,70 bis unter 75 Jahre,m,2842
16075,2025,70 bis unter 75 Jahre,f,3149
16075,2025,10 bis unter 15 Jahre,f,1827
16075,2025,10 bis unter 15 Jahre,m,1787
16075,2025,65 bis unter 70 Jahre,m,3292
16075,2025,65 bis unter 70 Jahre,f,3450
16075,2025,90 bis unter 95 Jahre,m,232
16075,2025,90 bis unter 95 Jahre,f,528
16075,2025,30 bis unter 35 Jahre,f,1111
16075,2025,30 bis unter 35 Jahre,m,1308
16075,2025,85 bis unter 90 Jahre,f,1714
16075,2025,85 bis unter 90 Jahre,m,920
16075,2025,25 bis unter 30 Jahre,m,1465
16075,2025,25 bis unter 30 Jahre,f,1226
16075,2025,5 bis unter 10 Jahre,m,1648
16075,2025,5 bis unter 10 Jahre,f,1606
16075,2025,50 bis unter 55 Jahre,f,2288
16075,2025,50 bis unter 55 Jahre,m,2530
16075,2025,45 bis unter 50 Jahre,f,2257
16075,2025,45 bis unter 50 Jahre,m,2535
16075,2025,95 Jahre und mehr,f,135
16075,2025,95 Jahre und mehr,m,43
16075,2025,60 bis unter 65 Jahre,m,3599
16075,2025,60 bis unter 65 Jahre,f,3555
16076,2025,25 bis unter 30 Jahre,m,1668
16076,2025,25 bis unter 30 Jahre,f,1266
16076,2025,70 bis unter 75 Jahre,f,4133
16076,2025,70 bis unter 75 Jahre,m,3737
16076,2025,5 bis unter 10 Jahre,m,1954
16076,2025,5 bis unter 10 Jahre,f,1853
16076,2025,50 bis unter 55 Jahre,f,2599
16076,2025,50 bis unter 55 Jahre,m,2802
16076,2025,10 bis unter 15 Jahre,m,2248
16076,2025,10 bis unter 15 Jahre,f,1979
16076,2025,30 bis unter 35 Jahre,f,1238
16076,2025,30 bis unter 35 Jahre,m,1344
16076,2025,85 bis unter 90 Jahre,m,1316
16076,2025,85 bis unter 90 Jahre,f,2285
16076,2025,95 Jahre und mehr,m,62
16076,2025,95 Jahre und mehr,f,240
16076,2025,65 bis unter 70 Jahre,f,4406
16076,2025,65 bis unter 70 Jahre,m,4038
16076,2025,90 bis unter 95 Jahre,f,848
16076,2025,90 bis unter 95 Jahre,m,326
16076,2025,45 bis unter 50 Jahre,m,2985
16076,2025,45 bis unter 50 Jahre,f,2648
16076,2025,60 bis unter 65 Jahre,m,4396
16076,2025,60 bis unter 65 Jahre,f,4487
16076,2025,40 bis unter 45 Jahre,m,2967
16076,2025,40 bis unter 45 Jahre,f,2781
16076,2025,35 bis unter 40 Jahre,f,2630
16076,2025,35 bis unter 40 Jahre,m,2683
16076,2025,80 bis unter 85 Jahre,f,2553
16076,2025,80 bis unter 85 Jahre,m,1788
16076,2025,15 bis unter 20 Jahre,m,2182
16076,2025,15 bis unter 20 Jahre,f,1824
16076,2025,55 bis unter 60 Jahre,m,3707
16076,2025,55 bis unter 60 Jahre,f,3638
16076,2025,20 bis unter 25 Jahre,m,1858
16076,2025,20 bis unter 25 Jahre,f,1321
16076,2025,unter 5 Jahre,f,1353
16076,2025,unter 5 Jahre,m,1420
16076,2025,75 bis unter 80 Jahre,m,2227
16076,2025,75 bis unter 80 Jahre,f,2689
16077,2025,55 bis unter 60 Jahre,m,3431
16077,2025,55 bis unter 60 Jahre,f,3591
16077,2025,20 bis unter 25 Jahre,m,1720
16077,2025,20 bis unter 25 Jahre,f,1517
16077,2025,75 bis unter 80 Jahre,m,2131
16077,2025,75 bis unter 80 Jahre,f,2709
16077,2025,unter 5 Jahre,m,1239
16077,2025,unter 5 Jahre,f,1245
16077,2025,80 bis unter 85 Jahre,f,2623
16077,2025,80 bis unter 85 Jahre,m,1793
16077,2025,35 bis unter 40 Jahre,m,2629
16077,2025,35 bis unter 40 Jahre,f,2532
16077,2025,60 bis unter 65 Jahre,m,3860
16077,2025,60 bis unter 65 Jahre,f,3985
16077,2025,40 bis unter 45 Jahre,m,2808
16077,2025,40 bis unter 45 Jahre,f,2538
16077,2025,95 Jahre und mehr,f,229
16077,2025,95 Jahre und mehr,m,55
16077,2025,30 bis unter 35 Jahre,f,1312
16077,2025,30 bis unter 35 Jahre,m,1434
16077,2025,5 bis unter 10 Jahre,f,1699
16077,2025,5 bis unter 10 Jahre,m,1800
16077,2025,10 bis unter 15 Jahre,f,1948
16077,2025,10 bis unter 15 Jahre,m,1928
16077,2025,85 bis unter 90 Jahre,f,2187
16077,2025,85 bis unter 90 Jahre,m,1279
16077,2025,90 bis unter 95 Jahre,m,306
16077,2025,90 bis unter 95 Jahre,f,775
16077,2025,65 bis unter 70 Jahre,m,3405
16077,2025,65 bis unter 70 Jahre,f,3795
16077,2025,50 bis unter 55 Jahre,f,2427
16077,2025,50 bis unter 55 Jahre,m,2789
16077,2025,70 bis unter 75 Jahre,m,3264
16077,2025,70 bis unter 75 Jahre,f,3945
16077,2025,15 bis unter 20 Jahre,f,1898
16077,2025,15 bis unter 20 Jahre,m,1936
16077,2025,45 bis unter 50 Jahre,m,2691
16077,2025,45 bis unter 50 Jahre,f,2341
16077,2025,25 bis unter 30 Jahre,f,1344
16077,2025,25 bis unter 30 Jahre,m,1574
10041100,2025,85 bis unter 90 Jahre,m,1622
10041100,2025,85 bis unter 90 Jahre,f,2850
10041100,2025,40 bis unter 45 Jahre,f,5448
10041100,2025,40 bis unter 45 Jahre,m,5919
10041100,2025,75 bis unter 80 Jahre,f,4169
10041100,2025,75 bis unter 80 Jahre,m,3262
10041100,2025,95 Jahre und mehr,f,346
10041100,2025,95 Jahre und mehr,m,111
10041100,2025,30 bis unter 35 Jahre,m,7347
10041100,2025,30 bis unter 35 Jahre,f,6323
10041100,2025,55 bis unter 60 Jahre,f,6173
10041100,2025,55 bis unter 60 Jahre,m,6173
10041100,2025,10 bis unter 15 Jahre,m,4023
10041100,2025,10 bis unter 15 Jahre,f,3685
10041100,2025,80 bis unter 85 Jahre,f,3168
10041100,2025,80 bis unter 85 Jahre,m,2212
10041100,2025,60 bis unter 65 Jahre,f,6781
10041100,2025,60 bis unter 65 Jahre,m,6433
10041100,2025,15 bis unter 20 Jahre,f,3897
10041100,2025,15 bis unter 20 Jahre,m,4404
10041100,2025,5 bis unter 10 Jahre,m,4171
10041100,2025,5 bis unter 10 Jahre,f,3881
10041100,2025,70 bis unter 75 Jahre,m,4426
10041100,2025,70 bis unter 75 Jahre,f,5325
10041100,2025,unter 5 Jahre,f,3682
10041100,2025,unter 5 Jahre,m,3909
10041100,2025,45 bis unter 50 Jahre,m,5147
10041100,2025,45 bis unter 50 Jahre,f,5126
10041100,2025,35 bis unter 40 Jahre,f,6161
10041100,2025,35 bis unter 40 Jahre,m,6937
10041100,2025,90 bis unter 95 Jahre,m,450
10041100,2025,90 bis unter 95 Jahre,f,1100
10041100,2025,65 bis unter 70 Jahre,m,5736
10041100,2025,65 bis unter 70 Jahre,f,6042
10041100,2025,50 bis unter 55 Jahre,f,4823
10041100,2025,50 bis unter 55 Jahre,m,4843
10041100,2025,20 bis unter 25 Jahre,m,6199
10041100,2025,20 bis unter 25 Jahre,f,5689
10041100,2025,25 bis unter 30 Jahre,f,7009
10041100,2025,25 bis unter 30 Jahre,m,7857
11001001,2025,80 bis unter 85 Jahre,m,2989
11001001,2025,80 bis unter 85 Jahre,f,3884
11001001,2025,90 bis unter 95 Jahre,f,1175
11001001,2025,90 bis unter 95 Jahre,m,511
11001001,2025,95 Jahre und mehr,f,340
11001001,2025,95 Jahre und mehr,m,93
11001001,2025,40 bis unter 45 Jahre,m,14459
11001001,2025,40 bis unter 45 Jahre,f,13347
11001001,2025,60 bis unter 65 Jahre,m,11017
11001001,2025,60 bis unter 65 Jahre,f,9355
11001001,2025,20 bis unter 25 Jahre,m,12914
11001001,2025,20 bis unter 25 Jahre,f,12747
11001001,2025,65 bis unter 70 Jahre,f,7031
11001001,2025,65 bis unter 70 Jahre,m,7602
11001001,2025,10 bis unter 15 Jahre,f,7158
11001001,2025,10 bis unter 15 Jahre,m,7634
11001001,2025,55 bis unter 60 Jahre,m,11398
11001001,2025,55 bis unter 60 Jahre,f,9633
11001001,2025,50 bis unter 55 Jahre,f,9359
11001001,2025,50 bis unter 55 Jahre,m,10715
11001001,2025,25 bis unter 30 Jahre,f,19576
11001001,2025,25 bis unter 30 Jahre,m,19705
11001001,2025,35 bis unter 40 Jahre,f,17470
11001001,2025,35 bis unter 40 Jahre,m,19290
11001001,2025,unter 5 Jahre,m,8414
11001001,2025,unter 5 Jahre,f,7984
11001001,2025,75 bis unter 80 Jahre,m,3772
11001001,2025,75 bis unter 80 Jahre,f,4555
11001001,2025,45 bis unter 50 Jahre,f,10991
11001001,2025,45 bis unter 50 Jahre,m,12020
11001001,2025,70 bis unter 75 Jahre,f,5733
11001001,2025,70 bis unter 75 Jahre,m,5506
11001001,2025,30 bis unter 35 Jahre,m,20841
11001001,2025,30 bis unter 35 Jahre,f,20021
11001001,2025,85 bis unter 90 Jahre,m,1839
11001001,2025,85 bis unter 90 Jahre,f,3124
11001001,2025,5 bis unter 10 Jahre,f,7534
11001001,2025,5 bis unter 10 Jahre,m,8022
11001001,2025,15 bis unter 20 Jahre,m,8480
11001001,2025,15 bis unter 20 Jahre,f,7503
11002002,2025,40 bis unter 45 Jahre,f,12031
11002002,2025,40 bis unter 45 Jahre,m,12938
11002002,2025,30 bis unter 35 Jahre,m,14732
11002002,2025,30 bis unter 35 Jahre,f,14711
11002002,2025,85 bis unter 90 Jahre,m,996
11002002,2025,85 bis unter 90 Jahre,f,1745
11002002,2025,50 bis unter 55 Jahre,m,8640
11002002,2025,50 bis unter 55 Jahre,f,7509
11002002,2025,70 bis unter 75 Jahre,m,3457
11002002,2025,70 bis unter 75 Jahre,f,3812
11002002,2025,unter 5 Jahre,f,5588
11002002,2025,unter 5 Jahre,m,5986
11002002,2025,45 bis unter 50 Jahre,m,11123
11002002,2025,45 bis unter 50 Jahre,f,9949
11002002,2025,65 bis unter 70 Jahre,m,5310
11002002,2025,65 bis unter 70 Jahre,f,4900
11002002,2025,20 bis unter 25 Jahre,f,7755
11002002,2025,20 bis unter 25 Jahre,m,7671
11002002,2025,15 bis unter 20 Jahre,f,5237
11002002,2025,15 bis unter 20 Jahre,m,5869
11002002,2025,25 bis unter 30 Jahre,m,12297
11002002,2025,25 bis unter 30 Jahre,f,12996
11002002,2025,55 bis unter 60 Jahre,f,7262
11002002,2025,55 bis unter 60 Jahre,m,8430
11002002,2025,10 bis unter 15 Jahre,m,5346
11002002,2025,10 bis unter 15 Jahre,f,5152
11002002,2025,80 bis unter 85 Jahre,f,2422
11002002,2025,80 bis unter 85 Jahre,m,1631
11002002,2025,95 Jahre und mehr,m,73
11002002,2025,95 Jahre und mehr,f,200
11002002,2025,90 bis unter 95 Jahre,m,316
11002002,2025,90 bis unter 95 Jahre,f,707
11002002,2025,35 bis unter 40 Jahre,f,14438
11002002,2025,35 bis unter 40 Jahre,m,15632
11002002,2025,60 bis unter 65 Jahre,f,6691
11002002,2025,60 bis unter 65 Jahre,m,7839
11002002,2025,75 bis unter 80 Jahre,m,2083
11002002,2025,75 bis unter 80 Jahre,f,2741
11002002,2025,5 bis unter 10 Jahre,f,5293
11002002,2025,5 bis unter 10 Jahre,m,5750
11003003,2025,unter 5 Jahre,m,9011
11003003,2025,unter 5 Jahre,f,8695
11003003,2025,45 bis unter 50 Jahre,f,16198
11003003,2025,45 bis unter 50 Jahre,m,15352
11003003,2025,35 bis unter 40 Jahre,m,18559
11003003,2025,35 bis unter 40 Jahre,f,19497
11003003,2025,55 bis unter 60 Jahre,m,15850
11003003,2025,55 bis unter 60 Jahre,f,14630
11003003,2025,10 bis unter 15 Jahre,f,9900
11003003,2025,10 bis unter 15 Jahre,m,10423
11003003,2025,65 bis unter 70 Jahre,f,8509
11003003,2025,65 bis unter 70 Jahre,m,8430
11003003,2025,30 bis unter 35 Jahre,f,16560
11003003,2025,30 bis unter 35 Jahre,m,15476
11003003,2025,5 bis unter 10 Jahre,f,9652
11003003,2025,5 bis unter 10 Jahre,m,10041
11003003,2025,75 bis unter 80 Jahre,m,4091
11003003,2025,75 bis unter 80 Jahre,f,5722
11003003,2025,25 bis unter 30 Jahre,f,14794
11003003,2025,25 bis unter 30 Jahre,m,13576
11003003,2025,70 bis unter 75 Jahre,f,7416
11003003,2025,70 bis unter 75 Jahre,m,6106
11003003,2025,85 bis unter 90 Jahre,f,5602
11003003,2025,85 bis unter 90 Jahre,m,2955
11003003,2025,40 bis unter 45 Jahre,m,16894
11003003,2025,40 bis unter 45 Jahre,f,17714
11003003,2025,15 bis unter 20 Jahre,m,10386
11003003,2025,15 bis unter 20 Jahre,f,9760
11003003,2025,80 bis unter 85 Jahre,m,3865
11003003,2025,80 bis unter 85 Jahre,f,6441
11003003,2025,50 bis unter 55 Jahre,f,14018
11003003,2025,50 bis unter 55 Jahre,m,14046
11003003,2025,60 bis unter 65 Jahre,m,13584
11003003,2025,60 bis unter 65 Jahre,f,12579
11003003,2025,90 bis unter 95 Jahre,m,952
11003003,2025,90 bis unter 95 Jahre,f,2127
11003003,2025,20 bis unter 25 Jahre,f,10278
11003003,2025,20 bis unter 25 Jahre,m,10722
11003003,2025,95 Jahre und mehr,m,170
11003003,2025,95 Jahre und mehr,f,552
11004004,2025,15 bis unter 20 Jahre,f,6051
11004004,2025,15 bis unter 20 Jahre,m,6676
11004004,2025,5 bis unter 10 Jahre,m,6183
11004004,2025,5 bis unter 10 Jahre,f,6074
11004004,2025,35 bis unter 40 Jahre,f,12124
11004004,2025,35 bis unter 40 Jahre,m,12266
11004004,2025,55 bis unter 60 Jahre,f,11421
11004004,2025,55 bis unter 60 Jahre,m,10446
11004004,2025,75 bis unter 80 Jahre,f,8696
11004004,2025,75 bis unter 80 Jahre,m,6599
11004004,2025,30 bis unter 35 Jahre,m,13001
11004004,2025,30 bis unter 35 Jahre,f,12982
11004004,2025,85 bis unter 90 Jahre,m,3260
11004004,2025,85 bis unter 90 Jahre,f,5480
11004004,2025,unter 5 Jahre,f,6253
11004004,2025,unter 5 Jahre,m,6630
11004004,2025,45 bis unter 50 Jahre,m,8886
11004004,2025,45 bis unter 50 Jahre,f,9339
11004004,2025,70 bis unter 75 Jahre,m,7378
11004004,2025,70 bis unter 75 Jahre,f,9196
11004004,2025,95 Jahre und mehr,f,637
11004004,2025,95 Jahre und mehr,m,171
11004004,2025,40 bis unter 45 Jahre,f,10588
11004004,2025,40 bis unter 45 Jahre,m,10454
11004004,2025,60 bis unter 65 Jahre,m,11147
11004004,2025,60 bis unter 65 Jahre,f,12022
11004004,2025,20 bis unter 25 Jahre,f,9434
11004004,2025,20 bis unter 25 Jahre,m,9489
11004004,2025,25 bis unter 30 Jahre,m,12977
11004004,2025,25 bis unter 30 Jahre,f,13495
11004004,2025,50 bis unter 55 Jahre,m,8265
11004004,2025,50 bis unter 55 Jahre,f,9454
11004004,2025,65 bis unter 70 Jahre,f,9790
11004004,2025,65 bis unter 70 Jahre,m,8713
11004004,2025,10 bis unter 15 Jahre,f,5792
11004004,2025,10 bis unter 15 Jahre,m,6253
11004004,2025,80 bis unter 85 Jahre,m,5610
11004004,2025,80 bis unter 85 Jahre,f,7730
11004004,2025,90 bis unter 95 Jahre,m,856
11004004,2025,90 bis unter 95 Jahre,f,1894
11005005,2025,45 bis unter 50 Jahre,f,7315
11005005,2025,45 bis unter 50 Jahre,m,7280
11005005,2025,35 bis unter 40 Jahre,m,9202
11005005,2025,35 bis unter 40 Jahre,f,8987
11005005,2025,5 bis unter 10 Jahre,f,6477
11005005,2025,5 bis unter 10 Jahre,m,6679
11005005,2025,80 bis unter 85 Jahre,f,5143
11005005,2025,80 bis unter 85 Jahre,m,3679
11005005,2025,95 Jahre und mehr,m,104
11005005,2025,95 Jahre und mehr,f,364
11005005,2025,30 bis unter 35 Jahre,m,8890
11005005,2025,30 bis unter 35 Jahre,f,8232
11005005,2025,75 bis unter 80 Jahre,f,5397
11005005,2025,75 bis unter 80 Jahre,m,4017
11005005,2025,85 bis unter 90 Jahre,m,2396
11005005,2025,85 bis unter 90 Jahre,f,4081
11005005,2025,50 bis unter 55 Jahre,m,6479
11005005,2025,50 bis unter 55 Jahre,f,6998
11005005,2025,40 bis unter 45 Jahre,m,8498
11005005,2025,40 bis unter 45 Jahre,f,8364
11005005,2025,unter 5 Jahre,f,6060
11005005,2025,unter 5 Jahre,m,6298
11005005,2025,20 bis unter 25 Jahre,m,7243
11005005,2025,20 bis unter 25 Jahre,f,6898
11005005,2025,65 bis unter 70 Jahre,f,7107
11005005,2025,65 bis unter 70 Jahre,m,6240
11005005,2025,90 bis unter 95 Jahre,f,1431
11005005,2025,90 bis unter 95 Jahre,m,646
11005005,2025,15 bis unter 20 Jahre,m,6892
11005005,2025,15 bis unter 20 Jahre,f,6253
11005005,2025,10 bis unter 15 Jahre,f,6405
11005005,2025,10 bis unter 15 Jahre,m,6667
11005005,2025,25 bis unter 30 Jahre,m,8725
11005005,2025,25 bis unter 30 Jahre,f,7966
11005005,2025,55 bis unter 60 Jahre,f,8235
11005005,2025,55 bis unter 60 Jahre,m,8123
11005005,2025,60 bis unter 65 Jahre,m,8270
11005005,2025,60 bis unter 65 Jahre,f,9046
11005005,2025,70 bis unter 75 Jahre,m,4821
11005005,2025,70 bis unter 75 Jahre,f,6214
11006006,2025,80 bis unter 85 Jahre,m,5968
11006006,2025,80 bis unter 85 Jahre,f,8606
11006006,2025,70 bis unter 75 Jahre,f,8865
11006006,2025,70 bis unter 75 Jahre,m,6673
11006006,2025,85 bis unter 90 Jahre,f,6415
11006006,2025,85 bis unter 90 Jahre,m,3964
11006006,2025,40 bis unter 45 Jahre,m,8823
11006006,2025,40 bis unter 45 Jahre,f,9517
11006006,2025,95 Jahre und mehr,f,785
11006006,2025,95 Jahre und mehr,m,218
11006006,2025,35 bis unter 40 Jahre,f,9417
11006006,2025,35 bis unter 40 Jahre,m,8935
11006006,2025,unter 5 Jahre,f,5487
11006006,2025,unter 5 Jahre,m,5495
11006006,2025,45 bis unter 50 Jahre,f,9218
11006006,2025,45 bis unter 50 Jahre,m,8013
11006006,2025,10 bis unter 15 Jahre,f,6606
11006006,2025,10 bis unter 15 Jahre,m,6920
11006006,2025,55 bis unter 60 Jahre,f,11632
11006006,2025,55 bis unter 60 Jahre,m,10448
11006006,2025,65 bis unter 70 Jahre,f,9455
11006006,2025,65 bis unter 70 Jahre,m,7910
11006006,2025,75 bis unter 80 Jahre,m,6287
11006006,2025,75 bis unter 80 Jahre,f,8594
11006006,2025,5 bis unter 10 Jahre,m,6609
11006006,2025,5 bis unter 10 Jahre,f,6363
11006006,2025,30 bis unter 35 Jahre,m,8395
11006006,2025,30 bis unter 35 Jahre,f,8461
11006006,2025,20 bis unter 25 Jahre,m,7854
11006006,2025,20 bis unter 25 Jahre,f,7996
11006006,2025,90 bis unter 95 Jahre,f,2296
11006006,2025,90 bis unter 95 Jahre,m,1107
11006006,2025,50 bis unter 55 Jahre,m,7974
11006006,2025,50 bis unter 55 Jahre,f,9178
11006006,2025,60 bis unter 65 Jahre,f,12090
11006006,2025,60 bis unter 65 Jahre,m,10650
11006006,2025,15 bis unter 20 Jahre,m,7418
11006006,2025,15 bis unter 20 Jahre,f,6884
11006006,2025,25 bis unter 30 Jahre,f,8781
11006006,2025,25 bis unter 30 Jahre,m,8775
11007007,2025,80 bis unter 85 Jahre,f,6938
11007007,2025,80 bis unter 85 Jahre,m,5082
11007007,2025,70 bis unter 75 Jahre,m,7134
11007007,2025,70 bis unter 75 Jahre,f,9119
11007007,2025,90 bis unter 95 Jahre,m,844
11007007,2025,90 bis unter 95 Jahre,f,1824
11007007,2025,40 bis unter 45 Jahre,f,11629
11007007,2025,40 bis unter 45 Jahre,m,11906
11007007,2025,75 bis unter 80 Jahre,f,7801
11007007,2025,75 bis unter 80 Jahre,m,5875
11007007,2025,60 bis unter 65 Jahre,f,12496
11007007,2025,60 bis unter 65 Jahre,m,11947
11007007,2025,55 bis unter 60 Jahre,f,11928
11007007,2025,55 bis unter 60 Jahre,m,11733
11007007,2025,30 bis unter 35 Jahre,m,13145
11007007,2025,30 bis unter 35 Jahre,f,12787
11007007,2025,85 bis unter 90 Jahre,m,3137
11007007,2025,85 bis unter 90 Jahre,f,5340
11007007,2025,unter 5 Jahre,f,7253
11007007,2025,unter 5 Jahre,m,7623
11007007,2025,45 bis unter 50 Jahre,m,10069
11007007,2025,45 bis unter 50 Jahre,f,10129
11007007,2025,95 Jahre und mehr,m,120
11007007,2025,95 Jahre und mehr,f,578
11007007,2025,25 bis unter 30 Jahre,f,12701
11007007,2025,25 bis unter 30 Jahre,m,12766
11007007,2025,35 bis unter 40 Jahre,f,12930
11007007,2025,35 bis unter 40 Jahre,m,13277
11007007,2025,10 bis unter 15 Jahre,m,7446
11007007,2025,10 bis unter 15 Jahre,f,7167
11007007,2025,65 bis unter 70 Jahre,m,9073
11007007,2025,65 bis unter 70 Jahre,f,9987
11007007,2025,20 bis unter 25 Jahre,m,9508
11007007,2025,20 bis unter 25 Jahre,f,9066
11007007,2025,50 bis unter 55 Jahre,f,9491
11007007,2025,50 bis unter 55 Jahre,m,9294
11007007,2025,5 bis unter 10 Jahre,f,7447
11007007,2025,5 bis unter 10 Jahre,m,7806
11007007,2025,15 bis unter 20 Jahre,f,7013
11007007,2025,15 bis unter 20 Jahre,m,7633
11008008,2025,75 bis unter 80 Jahre,m,4347
11008008,2025,75 bis unter 80 Jahre,f,5751
11008008,2025,30 bis unter 35 Jahre,f,14097
11008008,2025,30 bis unter 35 Jahre,m,14076
11008008,2025,65 bis unter 70 Jahre,f,7515
11008008,2025,65 bis unter 70 Jahre,m,7265
11008008,2025,50 bis unter 55 Jahre,f,8213
11008008,2025,50 bis unter 55 Jahre,m,8721
11008008,2025,40 bis unter 45 Jahre,m,12487
11008008,2025,40 bis unter 45 Jahre,f,12038
11008008,2025,unter 5 Jahre,m,7459
11008008,2025,unter 5 Jahre,f,6923
11008008,2025,70 bis unter 75 Jahre,f,6673
11008008,2025,70 bis unter 75 Jahre,m,5397
11008008,2025,95 Jahre und mehr,m,107
11008008,2025,95 Jahre und mehr,f,386
11008008,2025,20 bis unter 25 Jahre,m,8811
11008008,2025,20 bis unter 25 Jahre,f,8040
11008008,2025,85 bis unter 90 Jahre,f,3752
11008008,2025,85 bis unter 90 Jahre,m,2332
11008008,2025,90 bis unter 95 Jahre,f,1409
11008008,2025,90 bis unter 95 Jahre,m,570
11008008,2025,35 bis unter 40 Jahre,m,14573
11008008,2025,35 bis unter 40 Jahre,f,14521
11008008,2025,45 bis unter 50 Jahre,f,9774
11008008,2025,45 bis unter 50 Jahre,m,10248
11008008,2025,60 bis unter 65 Jahre,m,9883
11008008,2025,60 bis unter 65 Jahre,f,9743
11008008,2025,5 bis unter 10 Jahre,f,7051
11008008,2025,5 bis unter 10 Jahre,m,7105
11008008,2025,25 bis unter 30 Jahre,f,11946
11008008,2025,25 bis unter 30 Jahre,m,12150
11008008,2025,55 bis unter 60 Jahre,m,9691
11008008,2025,55 bis unter 60 Jahre,f,9183
11008008,2025,80 bis unter 85 Jahre,m,3770
11008008,2025,80 bis unter 85 Jahre,f,5142
11008008,2025,15 bis unter 20 Jahre,f,6756
11008008,2025,15 bis unter 20 Jahre,m,7239
11008008,2025,10 bis unter 15 Jahre,m,7227
11008008,2025,10 bis unter 15 Jahre,f,6870
11009009,2025,35 bis unter 40 Jahre,f,13206
11009009,2025,35 bis unter 40 Jahre,m,13273
11009009,2025,unter 5 Jahre,f,6698
11009009,2025,unter 5 Jahre,m,7161
11009009,2025,45 bis unter 50 Jahre,m,9472
11009009,2025,45 bis unter 50 Jahre,f,9315
11009009,2025,10 bis unter 15 Jahre,m,6713
11009009,2025,10 bis unter 15 Jahre,f,6378
11009009,2025,5 bis unter 10 Jahre,m,7504
11009009,2025,5 bis unter 10 Jahre,f,7086
11009009,2025,95 Jahre und mehr,f,549
11009009,2025,95 Jahre und mehr,m,219
11009009,2025,30 bis unter 35 Jahre,m,10797
11009009,2025,30 bis unter 35 Jahre,f,10170
11009009,2025,25 bis unter 30 Jahre,m,10622
11009009,2025,25 bis unter 30 Jahre,f,9636
11009009,2025,60 bis unter 65 Jahre,f,10332
11009009,2025,60 bis unter 65 Jahre,m,10067
11009009,2025,50 bis unter 55 Jahre,m,7637
11009009,2025,50 bis unter 55 Jahre,f,7467
11009009,2025,75 bis unter 80 Jahre,f,5013
11009009,2025,75 bis unter 80 Jahre,m,3799
11009009,2025,65 bis unter 70 Jahre,m,7226
11009009,2025,65 bis unter 70 Jahre,f,7687
11009009,2025,20 bis unter 25 Jahre,f,7797
11009009,2025,20 bis unter 25 Jahre,m,8337
11009009,2025,90 bis unter 95 Jahre,m,1110
11009009,2025,90 bis unter 95 Jahre,f,2164
11009009,2025,80 bis unter 85 Jahre,m,3927
11009009,2025,80 bis unter 85 Jahre,f,6292
11009009,2025,70 bis unter 75 Jahre,m,5526
11009009,2025,70 bis unter 75 Jahre,f,6642
11009009,2025,15 bis unter 20 Jahre,f,5994
11009009,2025,15 bis unter 20 Jahre,m,6578
11009009,2025,40 bis unter 45 Jahre,f,11501
11009009,2025,40 bis unter 45 Jahre,m,11657
11009009,2025,55 bis unter 60 Jahre,m,9315
11009009,2025,55 bis unter 60 Jahre,f,9526
11009009,2025,85 bis unter 90 Jahre,f,5875
11009009,2025,85 bis unter 90 Jahre,m,3413
11010010,2025,60 bis unter 65 Jahre,f,11495
11010010,2025,60 bis unter 65 Jahre,m,10089
11010010,2025,50 bis unter 55 Jahre,m,6770
11010010,2025,50 bis unter 55 Jahre,f,6758
11010010,2025,40 bis unter 45 Jahre,f,10818
11010010,2025,40 bis unter 45 Jahre,m,11352
11010010,2025,75 bis unter 80 Jahre,f,5838
11010010,2025,75 bis unter 80 Jahre,m,5085
11010010,2025,30 bis unter 35 Jahre,m,8753
11010010,2025,30 bis unter 35 Jahre,f,7814
11010010,2025,10 bis unter 15 Jahre,m,7581
11010010,2025,10 bis unter 15 Jahre,f,7430
11010010,2025,80 bis unter 85 Jahre,f,4815
11010010,2025,80 bis unter 85 Jahre,m,3677
11010010,2025,45 bis unter 50 Jahre,m,9227
11010010,2025,45 bis unter 50 Jahre,f,8736
11010010,2025,unter 5 Jahre,f,6687
11010010,2025,unter 5 Jahre,m,7041
11010010,2025,55 bis unter 60 Jahre,f,8585
11010010,2025,55 bis unter 60 Jahre,m,8110
11010010,2025,15 bis unter 20 Jahre,f,6886
11010010,2025,15 bis unter 20 Jahre,m,7242
11010010,2025,85 bis unter 90 Jahre,m,2217
11010010,2025,85 bis unter 90 Jahre,f,3567
11010010,2025,70 bis unter 75 Jahre,m,7867
11010010,2025,70 bis unter 75 Jahre,f,9384
11010010,2025,25 bis unter 30 Jahre,f,7735
11010010,2025,25 bis unter 30 Jahre,m,8501
11010010,2025,35 bis unter 40 Jahre,f,11347
11010010,2025,35 bis unter 40 Jahre,m,12104
11010010,2025,90 bis unter 95 Jahre,m,625
11010010,2025,90 bis unter 95 Jahre,f,1297
11010010,2025,65 bis unter 70 Jahre,m,9062
11010010,2025,65 bis unter 70 Jahre,f,10440
11010010,2025,20 bis unter 25 Jahre,m,7458
11010010,2025,20 bis unter 25 Jahre,f,7324
11010010,2025,95 Jahre und mehr,f,387
11010010,2025,95 Jahre und mehr,m,83
11010010,2025,5 bis unter 10 Jahre,m,7517
11010010,2025,5 bis unter 10 Jahre,f,7518
11011011,2025,20 bis unter 25 Jahre,m,8819
11011011,2025,20 bis unter 25 Jahre,f,8846
11011011,2025,75 bis unter 80 Jahre,m,3905
11011011,2025,75 bis unter 80 Jahre,f,5671
11011011,2025,unter 5 Jahre,m,7630
11011011,2025,unter 5 Jahre,f,7357
11011011,2025,95 Jahre und mehr,m,142
11011011,2025,95 Jahre und mehr,f,456
11011011,2025,10 bis unter 15 Jahre,f,7113
11011011,2025,10 bis unter 15 Jahre,m,7464
11011011,2025,65 bis unter 70 Jahre,f,8106
11011011,2025,65 bis unter 70 Jahre,m,7288
11011011,2025,55 bis unter 60 Jahre,m,7964
11011011,2025,55 bis unter 60 Jahre,f,7976
11011011,2025,40 bis unter 45 Jahre,m,13165
11011011,2025,40 bis unter 45 Jahre,f,12242
11011011,2025,35 bis unter 40 Jahre,m,15169
11011011,2025,35 bis unter 40 Jahre,f,14199
11011011,2025,85 bis unter 90 Jahre,f,4694
11011011,2025,85 bis unter 90 Jahre,m,2676
11011011,2025,15 bis unter 20 Jahre,m,7237
11011011,2025,15 bis unter 20 Jahre,f,6662
11011011,2025,5 bis unter 10 Jahre,f,7906
11011011,2025,5 bis unter 10 Jahre,m,8128
11011011,2025,60 bis unter 65 Jahre,m,8935
11011011,2025,60 bis unter 65 Jahre,f,9477
11011011,2025,70 bis unter 75 Jahre,f,6988
11011011,2025,70 bis unter 75 Jahre,m,5745
11011011,2025,45 bis unter 50 Jahre,f,9388
11011011,2025,45 bis unter 50 Jahre,m,10111
11011011,2025,30 bis unter 35 Jahre,f,11709
11011011,2025,30 bis unter 35 Jahre,m,12264
11011011,2025,90 bis unter 95 Jahre,m,892
11011011,2025,90 bis unter 95 Jahre,f,1807
11011011,2025,80 bis unter 85 Jahre,m,3767
11011011,2025,80 bis unter 85 Jahre,f,5893
11011011,2025,50 bis unter 55 Jahre,f,6741
11011011,2025,50 bis unter 55 Jahre,m,7822
11011011,2025,25 bis unter 30 Jahre,f,11215
11011011,2025,25 bis unter 30 Jahre,m,11549
11012012,2025,15 bis unter 20 Jahre,f,5946
11012012,2025,15 bis unter 20 Jahre,m,6422
11012012,2025,25 bis unter 30 Jahre,m,8753
11012012,2025,25 bis unter 30 Jahre,f,8009
11012012,2025,35 bis unter 40 Jahre,f,8744
11012012,2025,35 bis unter 40 Jahre,m,9290
11012012,2025,5 bis unter 10 Jahre,m,6414
11012012,2025,5 bis unter 10 Jahre,f,6189
11012012,2025,95 Jahre und mehr,f,432
11012012,2025,95 Jahre und mehr,m,126
11012012,2025,unter 5 Jahre,f,5621
11012012,2025,unter 5 Jahre,m,5981
11012012,2025,45 bis unter 50 Jahre,m,7154
11012012,2025,45 bis unter 50 Jahre,f,7247
11012012,2025,30 bis unter 35 Jahre,m,8784
11012012,2025,30 bis unter 35 Jahre,f,8112
11012012,2025,75 bis unter 80 Jahre,f,6356
11012012,2025,75 bis unter 80 Jahre,m,4824
11012012,2025,65 bis unter 70 Jahre,m,7125
11012012,2025,65 bis unter 70 Jahre,f,7730
11012012,2025,20 bis unter 25 Jahre,f,6777
11012012,2025,20 bis unter 25 Jahre,m,7302
11012012,2025,60 bis unter 65 Jahre,f,9713
11012012,2025,60 bis unter 65 Jahre,m,9368
11012012,2025,80 bis unter 85 Jahre,m,4703
11012012,2025,80 bis unter 85 Jahre,f,6257
11012012,2025,70 bis unter 75 Jahre,m,5493
11012012,2025,70 bis unter 75 Jahre,f,6874
11012012,2025,50 bis unter 55 Jahre,f,7407
11012012,2025,50 bis unter 55 Jahre,m,7048
11012012,2025,40 bis unter 45 Jahre,f,8040
11012012,2025,40 bis unter 45 Jahre,m,8310
11012012,2025,85 bis unter 90 Jahre,f,4662
11012012,2025,85 bis unter 90 Jahre,m,2863
11012012,2025,55 bis unter 60 Jahre,m,8941
11012012,2025,55 bis unter 60 Jahre,f,9128
11012012,2025,10 bis unter 15 Jahre,f,6127
11012012,2025,10 bis unter 15 Jahre,m,6421
11012012,2025,90 bis unter 95 Jahre,f,1725
11012012,2025,90 bis unter 95 Jahre,m,807
07339,2025,15 bis unter 20 Jahre,f,4893
07339,2025,15 bis unter 20 Jahre,m,5335
07339,2025,35 bis unter 40 Jahre,f,6735
07339,2025,35 bis unter 40 Jahre,m,6347
07339,2025,unter 5 Jahre,f,4452
07339,2025,unter 5 Jahre,m,4652
07339,2025,20 bis unter 25 Jahre,f,4152
07339,2025,20 bis unter 25 Jahre,m,4974
07339,2025,75 bis unter 80 Jahre,f,4768
07339,2025,75 bis unter 80 Jahre,m,4131
07339,2025,50 bis unter 55 Jahre,m,6498
07339,2025,50 bis unter 55 Jahre,f,6807
07339,2025,90 bis unter 95 Jahre,m,507
07339,2025,90 bis unter 95 Jahre,f,1104
07339,2025,60 bis unter 65 Jahre,f,8828
07339,2025,60 bis unter 65 Jahre,m,8604
07339,2025,10 bis unter 15 Jahre,m,5446
07339,2025,10 bis unter 15 Jahre,f,5027
07339,2025,65 bis unter 70 Jahre,m,7017
07339,2025,65 bis unter 70 Jahre,f,7593
07339,2025,30 bis unter 35 Jahre,m,5388
07339,2025,30 bis unter 35 Jahre,f,5262
07339,2025,5 bis unter 10 Jahre,m,5400
07339,2025,5 bis unter 10 Jahre,f,5157
07339,2025,40 bis unter 45 Jahre,f,7116
07339,2025,40 bis unter 45 Jahre,m,6723
07339,2025,85 bis unter 90 Jahre,m,1970
07339,2025,85 bis unter 90 Jahre,f,3159
07339,2025,95 Jahre und mehr,f,310
07339,2025,95 Jahre und mehr,m,82
07339,2025,25 bis unter 30 Jahre,f,4363
07339,2025,25 bis unter 30 Jahre,m,5127
07339,2025,45 bis unter 50 Jahre,f,6830
07339,2025,45 bis unter 50 Jahre,m,6364
07339,2025,80 bis unter 85 Jahre,m,2837
07339,2025,80 bis unter 85 Jahre,f,3583
07339,2025,55 bis unter 60 Jahre,m,8743
07339,2025,55 bis unter 60 Jahre,f,8700
07339,2025,70 bis unter 75 Jahre,f,6049
07339,2025,70 bis unter 75 Jahre,m,5570
07143,2025,25 bis unter 30 Jahre,m,5335
07143,2025,25 bis unter 30 Jahre,f,5096
07143,2025,70 bis unter 75 Jahre,f,6124
07143,2025,70 bis unter 75 Jahre,m,5620
07143,2025,90 bis unter 95 Jahre,f,1198
07143,2025,90 bis unter 95 Jahre,m,524
07143,2025,45 bis unter 50 Jahre,m,6129
07143,2025,45 bis unter 50 Jahre,f,6226
07143,2025,65 bis unter 70 Jahre,m,7225
07143,2025,65 bis unter 70 Jahre,f,7373
07143,2025,85 bis unter 90 Jahre,m,1982
07143,2025,85 bis unter 90 Jahre,f,3243
07143,2025,10 bis unter 15 Jahre,f,4842
07143,2025,10 bis unter 15 Jahre,m,5064
07143,2025,50 bis unter 55 Jahre,f,6544
07143,2025,50 bis unter 55 Jahre,m,6393
07143,2025,5 bis unter 10 Jahre,m,5475
07143,2025,5 bis unter 10 Jahre,f,5177
07143,2025,30 bis unter 35 Jahre,m,6214
07143,2025,30 bis unter 35 Jahre,f,5968
07143,2025,15 bis unter 20 Jahre,f,4834
07143,2025,15 bis unter 20 Jahre,m,5170
07143,2025,20 bis unter 25 Jahre,f,4313
07143,2025,20 bis unter 25 Jahre,m,4919
07143,2025,75 bis unter 80 Jahre,m,4213
07143,2025,75 bis unter 80 Jahre,f,4623
07143,2025,80 bis unter 85 Jahre,f,3329
07143,2025,80 bis unter 85 Jahre,m,2509
07143,2025,35 bis unter 40 Jahre,m,7139
07143,2025,35 bis unter 40 Jahre,f,6894
07143,2025,95 Jahre und mehr,f,333
07143,2025,95 Jahre und mehr,m,96
07143,2025,40 bis unter 45 Jahre,f,6510
07143,2025,40 bis unter 45 Jahre,m,6757
07143,2025,unter 5 Jahre,m,4704
07143,2025,unter 5 Jahre,f,4393
07143,2025,60 bis unter 65 Jahre,f,9061
07143,2025,60 bis unter 65 Jahre,m,9029
07143,2025,55 bis unter 60 Jahre,f,8593
07143,2025,55 bis unter 60 Jahre,m,8512
05382,2025,80 bis unter 85 Jahre,f,11542
05382,2025,80 bis unter 85 Jahre,m,8694
05382,2025,unter 5 Jahre,m,13380
05382,2025,unter 5 Jahre,f,12717
05382,2025,35 bis unter 40 Jahre,m,19471
05382,2025,35 bis unter 40 Jahre,f,19253
05382,2025,60 bis unter 65 Jahre,f,25788
05382,2025,60 bis unter 65 Jahre,m,24717
05382,2025,15 bis unter 20 Jahre,m,15868
05382,2025,15 bis unter 20 Jahre,f,14349
05382,2025,20 bis unter 25 Jahre,m,15721
05382,2025,20 bis unter 25 Jahre,f,13359
05382,2025,40 bis unter 45 Jahre,f,19641
05382,2025,40 bis unter 45 Jahre,m,19274
05382,2025,75 bis unter 80 Jahre,m,11500
05382,2025,75 bis unter 80 Jahre,f,14113
05382,2025,55 bis unter 60 Jahre,f,25235
05382,2025,55 bis unter 60 Jahre,m,24279
05382,2025,90 bis unter 95 Jahre,m,1723
05382,2025,90 bis unter 95 Jahre,f,3466
05382,2025,70 bis unter 75 Jahre,m,15187
05382,2025,70 bis unter 75 Jahre,f,17424
05382,2025,65 bis unter 70 Jahre,f,21476
05382,2025,65 bis unter 70 Jahre,m,19888
05382,2025,10 bis unter 15 Jahre,f,14226
05382,2025,10 bis unter 15 Jahre,m,15450
05382,2025,95 Jahre und mehr,m,327
05382,2025,95 Jahre und mehr,f,1000
05382,2025,25 bis unter 30 Jahre,m,16264
05382,2025,25 bis unter 30 Jahre,f,14396
05382,2025,45 bis unter 50 Jahre,m,17790
05382,2025,45 bis unter 50 Jahre,f,19121
05382,2025,85 bis unter 90 Jahre,f,9923
05382,2025,85 bis unter 90 Jahre,m,6618
05382,2025,50 bis unter 55 Jahre,m,17767
05382,2025,50 bis unter 55 Jahre,f,18835
05382,2025,30 bis unter 35 Jahre,f,16495
05382,2025,30 bis unter 35 Jahre,m,17097
05382,2025,5 bis unter 10 Jahre,f,14482
05382,2025,5 bis unter 10 Jahre,m,15600
09173,2025,90 bis unter 95 Jahre,f,742
09173,2025,90 bis unter 95 Jahre,m,426
09173,2025,45 bis unter 50 Jahre,m,4072
09173,2025,45 bis unter 50 Jahre,f,4133
09173,2025,25 bis unter 30 Jahre,m,3447
09173,2025,25 bis unter 30 Jahre,f,3236
09173,2025,85 bis unter 90 Jahre,m,1521
09173,2025,85 bis unter 90 Jahre,f,2191
09173,2025,65 bis unter 70 Jahre,m,4043
09173,2025,65 bis unter 70 Jahre,f,4266
09173,2025,95 Jahre und mehr,f,229
09173,2025,95 Jahre und mehr,m,66
09173,2025,10 bis unter 15 Jahre,f,3004
09173,2025,10 bis unter 15 Jahre,m,3295
09173,2025,30 bis unter 35 Jahre,m,3845
09173,2025,30 bis unter 35 Jahre,f,3624
09173,2025,5 bis unter 10 Jahre,m,3513
09173,2025,5 bis unter 10 Jahre,f,3181
09173,2025,50 bis unter 55 Jahre,f,4207
09173,2025,50 bis unter 55 Jahre,m,3919
09173,2025,15 bis unter 20 Jahre,f,2879
09173,2025,15 bis unter 20 Jahre,m,3446
09173,2025,20 bis unter 25 Jahre,f,2954
09173,2025,20 bis unter 25 Jahre,m,3171
09173,2025,75 bis unter 80 Jahre,m,2364
09173,2025,75 bis unter 80 Jahre,f,3022
09173,2025,unter 5 Jahre,m,3043
09173,2025,unter 5 Jahre,f,2956
09173,2025,35 bis unter 40 Jahre,m,4355
09173,2025,35 bis unter 40 Jahre,f,4286
09173,2025,80 bis unter 85 Jahre,f,2615
09173,2025,80 bis unter 85 Jahre,m,2065
09173,2025,60 bis unter 65 Jahre,f,5284
09173,2025,60 bis unter 65 Jahre,m,5098
09173,2025,40 bis unter 45 Jahre,f,4363
09173,2025,40 bis unter 45 Jahre,m,4208
09173,2025,55 bis unter 60 Jahre,m,5183
09173,2025,55 bis unter 60 Jahre,f,5473
09173,2025,70 bis unter 75 Jahre,m,2995
09173,2025,70 bis unter 75 Jahre,f,3361
03352,2025,15 bis unter 20 Jahre,m,4857
03352,2025,15 bis unter 20 Jahre,f,4355
03352,2025,60 bis unter 65 Jahre,f,9023
03352,2025,60 bis unter 65 Jahre,m,8348
03352,2025,35 bis unter 40 Jahre,m,5928
03352,2025,35 bis unter 40 Jahre,f,6028
03352,2025,80 bis unter 85 Jahre,f,4109
03352,2025,80 bis unter 85 Jahre,m,3302
03352,2025,unter 5 Jahre,m,4355
03352,2025,unter 5 Jahre,f,4033
03352,2025,40 bis unter 45 Jahre,f,5884
03352,2025,40 bis unter 45 Jahre,m,5662
03352,2025,75 bis unter 80 Jahre,m,4926
03352,2025,75 bis unter 80 Jahre,f,5496
03352,2025,55 bis unter 60 Jahre,f,8679
03352,2025,55 bis unter 60 Jahre,m,8279
03352,2025,20 bis unter 25 Jahre,m,4416
03352,2025,20 bis unter 25 Jahre,f,3668
03352,2025,95 Jahre und mehr,m,113
03352,2025,95 Jahre und mehr,f,372
03352,2025,90 bis unter 95 Jahre,m,583
03352,2025,90 bis unter 95 Jahre,f,1423
03352,2025,70 bis unter 75 Jahre,m,6079
03352,2025,70 bis unter 75 Jahre,f,6701
03352,2025,65 bis unter 70 Jahre,f,7937
03352,2025,65 bis unter 70 Jahre,m,6952
03352,2025,10 bis unter 15 Jahre,f,4348
03352,2025,10 bis unter 15 Jahre,m,4863
03352,2025,25 bis unter 30 Jahre,m,4896
03352,2025,25 bis unter 30 Jahre,f,4437
03352,2025,85 bis unter 90 Jahre,f,3492
03352,2025,85 bis unter 90 Jahre,m,2320
03352,2025,45 bis unter 50 Jahre,m,5279
03352,2025,45 bis unter 50 Jahre,f,5648
03352,2025,50 bis unter 55 Jahre,m,5891
03352,2025,50 bis unter 55 Jahre,f,6388
03352,2025,30 bis unter 35 Jahre,f,4974
03352,2025,30 bis unter 35 Jahre,m,5368
03352,2025,5 bis unter 10 Jahre,f,4558
03352,2025,5 bis unter 10 Jahre,m,4916
03459,2025,25 bis unter 30 Jahre,f,8435
03459,2025,25 bis unter 30 Jahre,m,9576
03459,2025,95 Jahre und mehr,f,601
03459,2025,95 Jahre und mehr,m,181
03459,2025,5 bis unter 10 Jahre,f,9155
03459,2025,5 bis unter 10 Jahre,m,9449
03459,2025,10 bis unter 15 Jahre,f,8676
03459,2025,10 bis unter 15 Jahre,m,8974
03459,2025,30 bis unter 35 Jahre,f,9629
03459,2025,30 bis unter 35 Jahre,m,10259
03459,2025,45 bis unter 50 Jahre,f,10453
03459,2025,45 bis unter 50 Jahre,m,10350
03459,2025,80 bis unter 85 Jahre,m,4440
03459,2025,80 bis unter 85 Jahre,f,6195
03459,2025,65 bis unter 70 Jahre,f,12661
03459,2025,65 bis unter 70 Jahre,m,12239
03459,2025,55 bis unter 60 Jahre,m,14148
03459,2025,55 bis unter 60 Jahre,f,14394
03459,2025,20 bis unter 25 Jahre,m,9032
03459,2025,20 bis unter 25 Jahre,f,7948
03459,2025,90 bis unter 95 Jahre,f,2262
03459,2025,90 bis unter 95 Jahre,m,1009
03459,2025,75 bis unter 80 Jahre,m,6657
03459,2025,75 bis unter 80 Jahre,f,7663
03459,2025,85 bis unter 90 Jahre,f,5982
03459,2025,85 bis unter 90 Jahre,m,3577
03459,2025,unter 5 Jahre,m,8512
03459,2025,unter 5 Jahre,f,8186
03459,2025,15 bis unter 20 Jahre,f,8475
03459,2025,15 bis unter 20 Jahre,m,9051
03459,2025,40 bis unter 45 Jahre,f,10712
03459,2025,40 bis unter 45 Jahre,m,10787
03459,2025,70 bis unter 75 Jahre,m,9287
03459,2025,70 bis unter 75 Jahre,f,10156
03459,2025,35 bis unter 40 Jahre,m,11840
03459,2025,35 bis unter 40 Jahre,f,11245
03459,2025,60 bis unter 65 Jahre,m,14673
03459,2025,60 bis unter 65 Jahre,f,14960
03459,2025,50 bis unter 55 Jahre,f,11388
03459,2025,50 bis unter 55 Jahre,m,10913
08128,2025,50 bis unter 55 Jahre,m,3986
08128,2025,50 bis unter 55 Jahre,f,4103
08128,2025,70 bis unter 75 Jahre,m,3841
08128,2025,70 bis unter 75 Jahre,f,4296
08128,2025,10 bis unter 15 Jahre,m,3192
08128,2025,10 bis unter 15 Jahre,f,2893
08128,2025,30 bis unter 35 Jahre,m,4055
08128,2025,30 bis unter 35 Jahre,f,3549
08128,2025,90 bis unter 95 Jahre,f,839
08128,2025,90 bis unter 95 Jahre,m,386
08128,2025,15 bis unter 20 Jahre,f,2975
08128,2025,15 bis unter 20 Jahre,m,3166
08128,2025,45 bis unter 50 Jahre,m,3852
08128,2025,45 bis unter 50 Jahre,f,3831
08128,2025,55 bis unter 60 Jahre,f,5179
08128,2025,55 bis unter 60 Jahre,m,5188
08128,2025,85 bis unter 90 Jahre,m,1480
08128,2025,85 bis unter 90 Jahre,f,2287
08128,2025,40 bis unter 45 Jahre,f,3924
08128,2025,40 bis unter 45 Jahre,m,4310
08128,2025,5 bis unter 10 Jahre,m,3407
08128,2025,5 bis unter 10 Jahre,f,3069
08128,2025,25 bis unter 30 Jahre,m,3780
08128,2025,25 bis unter 30 Jahre,f,3182
08128,2025,35 bis unter 40 Jahre,f,4048
08128,2025,35 bis unter 40 Jahre,m,4455
08128,2025,60 bis unter 65 Jahre,f,5654
08128,2025,60 bis unter 65 Jahre,m,5415
08128,2025,80 bis unter 85 Jahre,m,1767
08128,2025,80 bis unter 85 Jahre,f,2307
08128,2025,75 bis unter 80 Jahre,m,2853
08128,2025,75 bis unter 80 Jahre,f,3341
08128,2025,20 bis unter 25 Jahre,m,3420
08128,2025,20 bis unter 25 Jahre,f,2884
08128,2025,95 Jahre und mehr,f,253
08128,2025,95 Jahre und mehr,m,57
08128,2025,65 bis unter 70 Jahre,f,5029
08128,2025,65 bis unter 70 Jahre,m,4739
08128,2025,unter 5 Jahre,f,2778
08128,2025,unter 5 Jahre,m,3106
05114,2025,unter 5 Jahre,m,5145
05114,2025,unter 5 Jahre,f,4783
05114,2025,80 bis unter 85 Jahre,f,4467
05114,2025,80 bis unter 85 Jahre,m,3031
05114,2025,55 bis unter 60 Jahre,m,9183
05114,2025,55 bis unter 60 Jahre,f,9436
05114,2025,35 bis unter 40 Jahre,m,8010
05114,2025,35 bis unter 40 Jahre,f,7592
05114,2025,60 bis unter 65 Jahre,f,8997
05114,2025,60 bis unter 65 Jahre,m,9022
05114,2025,15 bis unter 20 Jahre,m,5996
05114,2025,15 bis unter 20 Jahre,f,5302
05114,2025,20 bis unter 25 Jahre,m,6290
05114,2025,20 bis unter 25 Jahre,f,5842
05114,2025,75 bis unter 80 Jahre,f,5273
05114,2025,75 bis unter 80 Jahre,m,3984
05114,2025,40 bis unter 45 Jahre,f,7194
05114,2025,40 bis unter 45 Jahre,m,7234
05114,2025,25 bis unter 30 Jahre,f,6582
05114,2025,25 bis unter 30 Jahre,m,7445
05114,2025,50 bis unter 55 Jahre,m,6960
05114,2025,50 bis unter 55 Jahre,f,7267
05114,2025,45 bis unter 50 Jahre,f,6997
05114,2025,45 bis unter 50 Jahre,m,6879
05114,2025,70 bis unter 75 Jahre,f,6313
05114,2025,70 bis unter 75 Jahre,m,5151
05114,2025,90 bis unter 95 Jahre,f,1464
05114,2025,90 bis unter 95 Jahre,m,694
05114,2025,95 Jahre und mehr,f,425
05114,2025,95 Jahre und mehr,m,114
05114,2025,65 bis unter 70 Jahre,m,7105
05114,2025,65 bis unter 70 Jahre,f,7786
05114,2025,85 bis unter 90 Jahre,m,2375
05114,2025,85 bis unter 90 Jahre,f,3946
05114,2025,10 bis unter 15 Jahre,f,5249
05114,2025,10 bis unter 15 Jahre,m,5547
05114,2025,30 bis unter 35 Jahre,m,7591
05114,2025,30 bis unter 35 Jahre,f,6972
05114,2025,5 bis unter 10 Jahre,m,5698
05114,2025,5 bis unter 10 Jahre,f,5397
08215,2025,50 bis unter 55 Jahre,f,14384
08215,2025,50 bis unter 55 Jahre,m,14259
08215,2025,5 bis unter 10 Jahre,m,11420
08215,2025,5 bis unter 10 Jahre,f,10982
08215,2025,85 bis unter 90 Jahre,f,7622
08215,2025,85 bis unter 90 Jahre,m,4739
08215,2025,30 bis unter 35 Jahre,f,12939
08215,2025,30 bis unter 35 Jahre,m,14195
08215,2025,10 bis unter 15 Jahre,f,10635
08215,2025,10 bis unter 15 Jahre,m,11354
08215,2025,65 bis unter 70 Jahre,m,14893
08215,2025,65 bis unter 70 Jahre,f,15779
08215,2025,25 bis unter 30 Jahre,m,13212
08215,2025,25 bis unter 30 Jahre,f,11092
08215,2025,45 bis unter 50 Jahre,f,14125
08215,2025,45 bis unter 50 Jahre,m,14041
08215,2025,70 bis unter 75 Jahre,f,13144
08215,2025,70 bis unter 75 Jahre,m,11444
08215,2025,40 bis unter 45 Jahre,m,15301
08215,2025,40 bis unter 45 Jahre,f,14931
08215,2025,15 bis unter 20 Jahre,f,10112
08215,2025,15 bis unter 20 Jahre,m,11569
08215,2025,95 Jahre und mehr,m,235
08215,2025,95 Jahre und mehr,f,716
08215,2025,80 bis unter 85 Jahre,f,8059
08215,2025,80 bis unter 85 Jahre,m,6031
08215,2025,35 bis unter 40 Jahre,m,15972
08215,2025,35 bis unter 40 Jahre,f,15009
08215,2025,75 bis unter 80 Jahre,f,10557
08215,2025,75 bis unter 80 Jahre,m,8873
08215,2025,unter 5 Jahre,m,10284
08215,2025,unter 5 Jahre,f,9689
08215,2025,60 bis unter 65 Jahre,f,18728
08215,2025,60 bis unter 65 Jahre,m,18544
08215,2025,55 bis unter 60 Jahre,f,17966
08215,2025,55 bis unter 60 Jahre,m,18128
08215,2025,20 bis unter 25 Jahre,m,11650
08215,2025,20 bis unter 25 Jahre,f,9475
08215,2025,90 bis unter 95 Jahre,m,1365
08215,2025,90 bis unter 95 Jahre,f,2771
07232,2025,5 bis unter 10 Jahre,m,2632
07232,2025,5 bis unter 10 Jahre,f,2434
07232,2025,50 bis unter 55 Jahre,f,3153
07232,2025,50 bis unter 55 Jahre,m,2956
07232,2025,30 bis unter 35 Jahre,f,2962
07232,2025,30 bis unter 35 Jahre,m,3200
07232,2025,10 bis unter 15 Jahre,f,2254
07232,2025,10 bis unter 15 Jahre,m,2580
07232,2025,25 bis unter 30 Jahre,f,2510
07232,2025,25 bis unter 30 Jahre,m,2860
07232,2025,65 bis unter 70 Jahre,f,3594
07232,2025,65 bis unter 70 Jahre,m,3492
07232,2025,90 bis unter 95 Jahre,f,509
07232,2025,90 bis unter 95 Jahre,m,257
07232,2025,45 bis unter 50 Jahre,m,2942
07232,2025,45 bis unter 50 Jahre,f,2977
07232,2025,80 bis unter 85 Jahre,m,1080
07232,2025,80 bis unter 85 Jahre,f,1340
07232,2025,85 bis unter 90 Jahre,m,892
07232,2025,85 bis unter 90 Jahre,f,1459
07232,2025,75 bis unter 80 Jahre,m,1987
07232,2025,75 bis unter 80 Jahre,f,2064
07232,2025,unter 5 Jahre,m,2244
07232,2025,unter 5 Jahre,f,2080
07232,2025,95 Jahre und mehr,f,152
07232,2025,95 Jahre und mehr,m,58
07232,2025,20 bis unter 25 Jahre,f,1977
07232,2025,20 bis unter 25 Jahre,m,2508
07232,2025,60 bis unter 65 Jahre,f,4439
07232,2025,60 bis unter 65 Jahre,m,4216
07232,2025,15 bis unter 20 Jahre,m,2683
07232,2025,15 bis unter 20 Jahre,f,2186
07232,2025,40 bis unter 45 Jahre,f,3165
07232,2025,40 bis unter 45 Jahre,m,3344
07232,2025,35 bis unter 40 Jahre,m,3365
07232,2025,35 bis unter 40 Jahre,f,3288
07232,2025,55 bis unter 60 Jahre,f,4116
07232,2025,55 bis unter 60 Jahre,m,3883
07232,2025,70 bis unter 75 Jahre,m,2960
07232,2025,70 bis unter 75 Jahre,f,2791
09376,2025,20 bis unter 25 Jahre,f,3369
09376,2025,20 bis unter 25 Jahre,m,3910
09376,2025,unter 5 Jahre,f,3262
09376,2025,unter 5 Jahre,m,3514
09376,2025,55 bis unter 60 Jahre,f,5786
09376,2025,55 bis unter 60 Jahre,m,5965
09376,2025,40 bis unter 45 Jahre,f,4767
09376,2025,40 bis unter 45 Jahre,m,4931
09376,2025,35 bis unter 40 Jahre,f,4830
09376,2025,35 bis unter 40 Jahre,m,5240
09376,2025,15 bis unter 20 Jahre,f,3251
09376,2025,15 bis unter 20 Jahre,m,3517
09376,2025,80 bis unter 85 Jahre,f,2324
09376,2025,80 bis unter 85 Jahre,m,1715
09376,2025,85 bis unter 90 Jahre,m,1316
09376,2025,85 bis unter 90 Jahre,f,2271
09376,2025,30 bis unter 35 Jahre,m,4764
09376,2025,30 bis unter 35 Jahre,f,4350
09376,2025,50 bis unter 55 Jahre,m,4855
09376,2025,50 bis unter 55 Jahre,f,4768
09376,2025,60 bis unter 65 Jahre,f,6221
09376,2025,60 bis unter 65 Jahre,m,6344
09376,2025,5 bis unter 10 Jahre,m,3764
09376,2025,5 bis unter 10 Jahre,f,3617
09376,2025,25 bis unter 30 Jahre,f,3912
09376,2025,25 bis unter 30 Jahre,m,4360
09376,2025,65 bis unter 70 Jahre,f,5223
09376,2025,65 bis unter 70 Jahre,m,5140
09376,2025,10 bis unter 15 Jahre,f,3245
09376,2025,10 bis unter 15 Jahre,m,3571
09376,2025,45 bis unter 50 Jahre,f,4619
09376,2025,45 bis unter 50 Jahre,m,4783
09376,2025,95 Jahre und mehr,m,49
09376,2025,95 Jahre und mehr,f,226
09376,2025,70 bis unter 75 Jahre,f,4371
09376,2025,70 bis unter 75 Jahre,m,4002
09376,2025,75 bis unter 80 Jahre,m,2790
09376,2025,75 bis unter 80 Jahre,f,3294
09376,2025,90 bis unter 95 Jahre,f,803
09376,2025,90 bis unter 95 Jahre,m,324
09262,2025,70 bis unter 75 Jahre,f,1515
09262,2025,70 bis unter 75 Jahre,m,1169
09262,2025,25 bis unter 30 Jahre,m,2677
09262,2025,25 bis unter 30 Jahre,f,2280
09262,2025,90 bis unter 95 Jahre,f,290
09262,2025,90 bis unter 95 Jahre,m,157
09262,2025,45 bis unter 50 Jahre,m,1454
09262,2025,45 bis unter 50 Jahre,f,1562
09262,2025,65 bis unter 70 Jahre,m,1516
09262,2025,65 bis unter 70 Jahre,f,1646
09262,2025,10 bis unter 15 Jahre,f,1042
09262,2025,10 bis unter 15 Jahre,m,1013
09262,2025,50 bis unter 55 Jahre,f,1412
09262,2025,50 bis unter 55 Jahre,m,1464
09262,2025,30 bis unter 35 Jahre,m,2088
09262,2025,30 bis unter 35 Jahre,f,1779
09262,2025,5 bis unter 10 Jahre,m,1097
09262,2025,5 bis unter 10 Jahre,f,1080
09262,2025,95 Jahre und mehr,f,104
09262,2025,95 Jahre und mehr,m,23
09262,2025,15 bis unter 20 Jahre,f,1189
09262,2025,15 bis unter 20 Jahre,m,1178
09262,2025,85 bis unter 90 Jahre,m,542
09262,2025,85 bis unter 90 Jahre,f,898
09262,2025,20 bis unter 25 Jahre,f,2281
09262,2025,20 bis unter 25 Jahre,m,1968
09262,2025,75 bis unter 80 Jahre,m,1017
09262,2025,75 bis unter 80 Jahre,f,1317
09262,2025,80 bis unter 85 Jahre,f,1082
09262,2025,80 bis unter 85 Jahre,m,740
09262,2025,35 bis unter 40 Jahre,m,1928
09262,2025,35 bis unter 40 Jahre,f,1689
09262,2025,40 bis unter 45 Jahre,f,1630
09262,2025,40 bis unter 45 Jahre,m,1590
09262,2025,unter 5 Jahre,m,1033
09262,2025,unter 5 Jahre,f,1068
09262,2025,60 bis unter 65 Jahre,f,1791
09262,2025,60 bis unter 65 Jahre,m,1739
09262,2025,55 bis unter 60 Jahre,f,1769
09262,2025,55 bis unter 60 Jahre,m,1706
05754,2025,20 bis unter 25 Jahre,m,10232
05754,2025,20 bis unter 25 Jahre,f,8551
05754,2025,55 bis unter 60 Jahre,m,14808
05754,2025,55 bis unter 60 Jahre,f,14726
05754,2025,40 bis unter 45 Jahre,m,11872
05754,2025,40 bis unter 45 Jahre,f,11317
05754,2025,35 bis unter 40 Jahre,m,12455
05754,2025,35 bis unter 40 Jahre,f,11280
05754,2025,80 bis unter 85 Jahre,f,5859
05754,2025,80 bis unter 85 Jahre,m,4342
05754,2025,15 bis unter 20 Jahre,m,9709
05754,2025,15 bis unter 20 Jahre,f,8729
05754,2025,60 bis unter 65 Jahre,f,14892
05754,2025,60 bis unter 65 Jahre,m,14425
05754,2025,unter 5 Jahre,m,8934
05754,2025,unter 5 Jahre,f,8272
05754,2025,75 bis unter 80 Jahre,m,6162
05754,2025,75 bis unter 80 Jahre,f,7395
05754,2025,10 bis unter 15 Jahre,f,8640
05754,2025,10 bis unter 15 Jahre,m,9224
05754,2025,90 bis unter 95 Jahre,m,1005
05754,2025,90 bis unter 95 Jahre,f,2163
05754,2025,65 bis unter 70 Jahre,f,12194
05754,2025,65 bis unter 70 Jahre,m,11511
05754,2025,30 bis unter 35 Jahre,m,11357
05754,2025,30 bis unter 35 Jahre,f,10089
05754,2025,45 bis unter 50 Jahre,m,11000
05754,2025,45 bis unter 50 Jahre,f,10939
05754,2025,95 Jahre und mehr,m,168
05754,2025,95 Jahre und mehr,f,665
05754,2025,50 bis unter 55 Jahre,m,11361
05754,2025,50 bis unter 55 Jahre,f,11813
05754,2025,85 bis unter 90 Jahre,m,3434
05754,2025,85 bis unter 90 Jahre,f,5791
05754,2025,70 bis unter 75 Jahre,m,8583
05754,2025,70 bis unter 75 Jahre,f,9573
05754,2025,25 bis unter 30 Jahre,m,10727
05754,2025,25 bis unter 30 Jahre,f,9589
05754,2025,5 bis unter 10 Jahre,f,9085
05754,2025,5 bis unter 10 Jahre,m,9572
09774,2025,80 bis unter 85 Jahre,f,1950
09774,2025,80 bis unter 85 Jahre,m,1610
09774,2025,35 bis unter 40 Jahre,m,4574
09774,2025,35 bis unter 40 Jahre,f,4351
09774,2025,unter 5 Jahre,m,3144
09774,2025,unter 5 Jahre,f,2944
09774,2025,60 bis unter 65 Jahre,f,5092
09774,2025,60 bis unter 65 Jahre,m,5209
09774,2025,15 bis unter 20 Jahre,m,3374
09774,2025,15 bis unter 20 Jahre,f,3016
09774,2025,40 bis unter 45 Jahre,f,4173
09774,2025,40 bis unter 45 Jahre,m,4188
09774,2025,95 Jahre und mehr,m,60
09774,2025,95 Jahre und mehr,f,157
09774,2025,75 bis unter 80 Jahre,f,2637
09774,2025,75 bis unter 80 Jahre,m,2305
09774,2025,55 bis unter 60 Jahre,m,5182
09774,2025,55 bis unter 60 Jahre,f,5038
09774,2025,70 bis unter 75 Jahre,m,3200
09774,2025,70 bis unter 75 Jahre,f,3346
09774,2025,50 bis unter 55 Jahre,m,4141
09774,2025,50 bis unter 55 Jahre,f,4142
09774,2025,45 bis unter 50 Jahre,f,3920
09774,2025,45 bis unter 50 Jahre,m,4031
09774,2025,25 bis unter 30 Jahre,m,4134
09774,2025,25 bis unter 30 Jahre,f,3400
09774,2025,10 bis unter 15 Jahre,m,3257
09774,2025,10 bis unter 15 Jahre,f,3006
09774,2025,65 bis unter 70 Jahre,m,4232
09774,2025,65 bis unter 70 Jahre,f,4392
09774,2025,90 bis unter 95 Jahre,f,649
09774,2025,90 bis unter 95 Jahre,m,314
09774,2025,85 bis unter 90 Jahre,f,1850
09774,2025,85 bis unter 90 Jahre,m,1135
09774,2025,30 bis unter 35 Jahre,m,4203
09774,2025,30 bis unter 35 Jahre,f,3712
09774,2025,5 bis unter 10 Jahre,m,3496
09774,2025,5 bis unter 10 Jahre,f,3266
09774,2025,20 bis unter 25 Jahre,f,3128
09774,2025,20 bis unter 25 Jahre,m,3622
09472,2025,75 bis unter 80 Jahre,f,2500
09472,2025,75 bis unter 80 Jahre,m,2177
09472,2025,20 bis unter 25 Jahre,f,2064
09472,2025,20 bis unter 25 Jahre,m,2467
09472,2025,40 bis unter 45 Jahre,f,3166
09472,2025,40 bis unter 45 Jahre,m,3260
09472,2025,95 Jahre und mehr,f,159
09472,2025,95 Jahre und mehr,m,44
09472,2025,60 bis unter 65 Jahre,f,4536
09472,2025,60 bis unter 65 Jahre,m,4554
09472,2025,15 bis unter 20 Jahre,m,2459
09472,2025,15 bis unter 20 Jahre,f,2220
09472,2025,55 bis unter 60 Jahre,f,4526
09472,2025,55 bis unter 60 Jahre,m,4365
09472,2025,80 bis unter 85 Jahre,f,1809
09472,2025,80 bis unter 85 Jahre,m,1378
09472,2025,unter 5 Jahre,f,2125
09472,2025,unter 5 Jahre,m,2275
09472,2025,50 bis unter 55 Jahre,m,3273
09472,2025,50 bis unter 55 Jahre,f,3418
09472,2025,70 bis unter 75 Jahre,m,3043
09472,2025,70 bis unter 75 Jahre,f,3182
09472,2025,35 bis unter 40 Jahre,m,3219
09472,2025,35 bis unter 40 Jahre,f,3239
09472,2025,45 bis unter 50 Jahre,f,3132
09472,2025,45 bis unter 50 Jahre,m,3053
09472,2025,25 bis unter 30 Jahre,m,2595
09472,2025,25 bis unter 30 Jahre,f,2144
09472,2025,30 bis unter 35 Jahre,f,2567
09472,2025,30 bis unter 35 Jahre,m,2802
09472,2025,85 bis unter 90 Jahre,f,1775
09472,2025,85 bis unter 90 Jahre,m,997
09472,2025,10 bis unter 15 Jahre,f,2235
09472,2025,10 bis unter 15 Jahre,m,2369
09472,2025,90 bis unter 95 Jahre,f,646
09472,2025,90 bis unter 95 Jahre,m,258
09472,2025,5 bis unter 10 Jahre,m,2509
09472,2025,5 bis unter 10 Jahre,f,2346
09472,2025,65 bis unter 70 Jahre,f,3969
09472,2025,65 bis unter 70 Jahre,m,3901
03460,2025,40 bis unter 45 Jahre,f,4623
03460,2025,40 bis unter 45 Jahre,m,4939
03460,2025,unter 5 Jahre,f,3658
03460,2025,unter 5 Jahre,m,3804
03460,2025,20 bis unter 25 Jahre,f,4139
03460,2025,20 bis unter 25 Jahre,m,4562
03460,2025,15 bis unter 20 Jahre,f,3871
03460,2025,15 bis unter 20 Jahre,m,4200
03460,2025,75 bis unter 80 Jahre,m,2312
03460,2025,75 bis unter 80 Jahre,f,2484
03460,2025,95 Jahre und mehr,m,63
03460,2025,95 Jahre und mehr,f,175
03460,2025,55 bis unter 60 Jahre,f,5382
03460,2025,55 bis unter 60 Jahre,m,5593
03460,2025,35 bis unter 40 Jahre,m,5260
03460,2025,35 bis unter 40 Jahre,f,4909
03460,2025,80 bis unter 85 Jahre,f,1764
03460,2025,80 bis unter 85 Jahre,m,1343
03460,2025,70 bis unter 75 Jahre,m,3326
03460,2025,70 bis unter 75 Jahre,f,3586
03460,2025,65 bis unter 70 Jahre,m,4407
03460,2025,65 bis unter 70 Jahre,f,4438
03460,2025,10 bis unter 15 Jahre,f,3708
03460,2025,10 bis unter 15 Jahre,m,4029
03460,2025,90 bis unter 95 Jahre,m,293
03460,2025,90 bis unter 95 Jahre,f,665
03460,2025,85 bis unter 90 Jahre,f,1789
03460,2025,85 bis unter 90 Jahre,m,1052
03460,2025,30 bis unter 35 Jahre,f,4606
03460,2025,30 bis unter 35 Jahre,m,4835
03460,2025,5 bis unter 10 Jahre,m,4091
03460,2025,5 bis unter 10 Jahre,f,4163
03460,2025,50 bis unter 55 Jahre,f,4598
03460,2025,50 bis unter 55 Jahre,m,4631
03460,2025,25 bis unter 30 Jahre,m,4938
03460,2025,25 bis unter 30 Jahre,f,4425
03460,2025,45 bis unter 50 Jahre,m,4436
03460,2025,45 bis unter 50 Jahre,f,4582
03460,2025,60 bis unter 65 Jahre,m,5731
03460,2025,60 bis unter 65 Jahre,f,5428
09179,2025,15 bis unter 20 Jahre,m,5812
09179,2025,15 bis unter 20 Jahre,f,5249
09179,2025,60 bis unter 65 Jahre,f,8324
09179,2025,60 bis unter 65 Jahre,m,7992
09179,2025,35 bis unter 40 Jahre,m,7325
09179,2025,35 bis unter 40 Jahre,f,7299
09179,2025,80 bis unter 85 Jahre,f,4847
09179,2025,80 bis unter 85 Jahre,m,3524
09179,2025,40 bis unter 45 Jahre,f,7387
09179,2025,40 bis unter 45 Jahre,m,7244
09179,2025,unter 5 Jahre,m,5096
09179,2025,unter 5 Jahre,f,4845
09179,2025,75 bis unter 80 Jahre,m,4053
09179,2025,75 bis unter 80 Jahre,f,5330
09179,2025,20 bis unter 25 Jahre,m,5708
09179,2025,20 bis unter 25 Jahre,f,5104
09179,2025,55 bis unter 60 Jahre,f,8531
09179,2025,55 bis unter 60 Jahre,m,8771
09179,2025,95 Jahre und mehr,f,307
09179,2025,95 Jahre und mehr,m,131
09179,2025,5 bis unter 10 Jahre,f,5435
09179,2025,5 bis unter 10 Jahre,m,5768
09179,2025,30 bis unter 35 Jahre,m,6289
09179,2025,30 bis unter 35 Jahre,f,6129
09179,2025,25 bis unter 30 Jahre,f,5442
09179,2025,25 bis unter 30 Jahre,m,6032
09179,2025,50 bis unter 55 Jahre,f,7052
09179,2025,50 bis unter 55 Jahre,m,6923
09179,2025,70 bis unter 75 Jahre,f,5466
09179,2025,70 bis unter 75 Jahre,m,4300
09179,2025,45 bis unter 50 Jahre,m,7224
09179,2025,45 bis unter 50 Jahre,f,7496
09179,2025,90 bis unter 95 Jahre,f,1289
09179,2025,90 bis unter 95 Jahre,m,738
09179,2025,85 bis unter 90 Jahre,f,3969
09179,2025,85 bis unter 90 Jahre,m,2591
09179,2025,65 bis unter 70 Jahre,m,5911
09179,2025,65 bis unter 70 Jahre,f,6519
09179,2025,10 bis unter 15 Jahre,m,5745
09179,2025,10 bis unter 15 Jahre,f,5383
09561,2025,55 bis unter 60 Jahre,f,1496
09561,2025,55 bis unter 60 Jahre,m,1474
09561,2025,unter 5 Jahre,f,928
09561,2025,unter 5 Jahre,m,985
09561,2025,35 bis unter 40 Jahre,f,1266
09561,2025,35 bis unter 40 Jahre,m,1348
09561,2025,75 bis unter 80 Jahre,f,994
09561,2025,75 bis unter 80 Jahre,m,733
09561,2025,80 bis unter 85 Jahre,f,741
09561,2025,80 bis unter 85 Jahre,m,448
09561,2025,95 Jahre und mehr,f,56
09561,2025,95 Jahre und mehr,m,15
09561,2025,40 bis unter 45 Jahre,f,1266
09561,2025,40 bis unter 45 Jahre,m,1349
09561,2025,70 bis unter 75 Jahre,m,983
09561,2025,70 bis unter 75 Jahre,f,1177
09561,2025,15 bis unter 20 Jahre,f,975
09561,2025,15 bis unter 20 Jahre,m,1004
09561,2025,30 bis unter 35 Jahre,m,1393
09561,2025,30 bis unter 35 Jahre,f,1195
09561,2025,60 bis unter 65 Jahre,m,1454
09561,2025,60 bis unter 65 Jahre,f,1659
09561,2025,25 bis unter 30 Jahre,m,1380
09561,2025,25 bis unter 30 Jahre,f,1181
09561,2025,50 bis unter 55 Jahre,m,1095
09561,2025,50 bis unter 55 Jahre,f,1241
09561,2025,10 bis unter 15 Jahre,f,893
09561,2025,10 bis unter 15 Jahre,m,892
09561,2025,65 bis unter 70 Jahre,f,1524
09561,2025,65 bis unter 70 Jahre,m,1225
09561,2025,45 bis unter 50 Jahre,f,1261
09561,2025,45 bis unter 50 Jahre,m,1217
09561,2025,5 bis unter 10 Jahre,f,980
09561,2025,5 bis unter 10 Jahre,m,1016
09561,2025,90 bis unter 95 Jahre,f,246
09561,2025,90 bis unter 95 Jahre,m,113
09561,2025,85 bis unter 90 Jahre,m,422
09561,2025,85 bis unter 90 Jahre,f,659
09561,2025,20 bis unter 25 Jahre,m,1160
09561,2025,20 bis unter 25 Jahre,f,1110
09278,2025,90 bis unter 95 Jahre,m,212
09278,2025,90 bis unter 95 Jahre,f,473
09278,2025,70 bis unter 75 Jahre,m,2723
09278,2025,70 bis unter 75 Jahre,f,2883
09278,2025,15 bis unter 20 Jahre,f,2373
09278,2025,15 bis unter 20 Jahre,m,2423
09278,2025,50 bis unter 55 Jahre,m,3431
09278,2025,50 bis unter 55 Jahre,f,3451
09278,2025,30 bis unter 35 Jahre,m,3085
09278,2025,30 bis unter 35 Jahre,f,2869
09278,2025,unter 5 Jahre,f,2509
09278,2025,unter 5 Jahre,m,2558
09278,2025,35 bis unter 40 Jahre,f,3437
09278,2025,35 bis unter 40 Jahre,m,3576
09278,2025,65 bis unter 70 Jahre,m,3592
09278,2025,65 bis unter 70 Jahre,f,3727
09278,2025,75 bis unter 80 Jahre,f,2207
09278,2025,75 bis unter 80 Jahre,m,1950
09278,2025,5 bis unter 10 Jahre,m,2802
09278,2025,5 bis unter 10 Jahre,f,2641
09278,2025,40 bis unter 45 Jahre,f,3225
09278,2025,40 bis unter 45 Jahre,m,3424
09278,2025,95 Jahre und mehr,f,104
09278,2025,95 Jahre und mehr,m,32
09278,2025,20 bis unter 25 Jahre,f,2303
09278,2025,20 bis unter 25 Jahre,m,2688
09278,2025,85 bis unter 90 Jahre,f,1428
09278,2025,85 bis unter 90 Jahre,m,873
09278,2025,10 bis unter 15 Jahre,m,2495
09278,2025,10 bis unter 15 Jahre,f,2403
09278,2025,80 bis unter 85 Jahre,m,1203
09278,2025,80 bis unter 85 Jahre,f,1477
09278,2025,55 bis unter 60 Jahre,m,4282
09278,2025,55 bis unter 60 Jahre,f,4236
09278,2025,25 bis unter 30 Jahre,f,2387
09278,2025,25 bis unter 30 Jahre,m,2713
09278,2025,60 bis unter 65 Jahre,f,4253
09278,2025,60 bis unter 65 Jahre,m,4270
09278,2025,45 bis unter 50 Jahre,m,3200
09278,2025,45 bis unter 50 Jahre,f,3186
03451,2025,90 bis unter 95 Jahre,m,387
03451,2025,90 bis unter 95 Jahre,f,719
03451,2025,70 bis unter 75 Jahre,m,3448
03451,2025,70 bis unter 75 Jahre,f,3978
03451,2025,15 bis unter 20 Jahre,f,2976
03451,2025,15 bis unter 20 Jahre,m,3201
03451,2025,50 bis unter 55 Jahre,m,3840
03451,2025,50 bis unter 55 Jahre,f,4027
03451,2025,30 bis unter 35 Jahre,m,3553
03451,2025,30 bis unter 35 Jahre,f,3532
03451,2025,unter 5 Jahre,f,2636
03451,2025,unter 5 Jahre,m,2877
03451,2025,65 bis unter 70 Jahre,m,4075
03451,2025,65 bis unter 70 Jahre,f,4499
03451,2025,35 bis unter 40 Jahre,f,4066
03451,2025,35 bis unter 40 Jahre,m,4110
03451,2025,75 bis unter 80 Jahre,f,3378
03451,2025,75 bis unter 80 Jahre,m,2920
03451,2025,25 bis unter 30 Jahre,m,3218
03451,2025,25 bis unter 30 Jahre,f,2931
03451,2025,60 bis unter 65 Jahre,f,5507
03451,2025,60 bis unter 65 Jahre,m,5090
03451,2025,45 bis unter 50 Jahre,m,3647
03451,2025,45 bis unter 50 Jahre,f,3758
03451,2025,55 bis unter 60 Jahre,f,5389
03451,2025,55 bis unter 60 Jahre,m,5180
03451,2025,80 bis unter 85 Jahre,f,2603
03451,2025,80 bis unter 85 Jahre,m,1955
03451,2025,95 Jahre und mehr,m,72
03451,2025,95 Jahre und mehr,f,206
03451,2025,10 bis unter 15 Jahre,f,2906
03451,2025,10 bis unter 15 Jahre,m,3235
03451,2025,40 bis unter 45 Jahre,m,3823
03451,2025,40 bis unter 45 Jahre,f,3850
03451,2025,5 bis unter 10 Jahre,m,3231
03451,2025,5 bis unter 10 Jahre,f,3140
03451,2025,85 bis unter 90 Jahre,f,2243
03451,2025,85 bis unter 90 Jahre,m,1502
03451,2025,20 bis unter 25 Jahre,f,2758
03451,2025,20 bis unter 25 Jahre,m,3166
07314,2025,45 bis unter 50 Jahre,f,5360
07314,2025,45 bis unter 50 Jahre,m,5672
07314,2025,10 bis unter 15 Jahre,f,4425
07314,2025,10 bis unter 15 Jahre,m,4643
07314,2025,25 bis unter 30 Jahre,f,5640
07314,2025,25 bis unter 30 Jahre,m,6619
07314,2025,5 bis unter 10 Jahre,f,4653
07314,2025,5 bis unter 10 Jahre,m,4777
07314,2025,70 bis unter 75 Jahre,f,4173
07314,2025,70 bis unter 75 Jahre,m,3387
07314,2025,85 bis unter 90 Jahre,f,2473
07314,2025,85 bis unter 90 Jahre,m,1523
07314,2025,30 bis unter 35 Jahre,f,5774
07314,2025,30 bis unter 35 Jahre,m,6744
07314,2025,60 bis unter 65 Jahre,m,6297
07314,2025,60 bis unter 65 Jahre,f,5932
07314,2025,65 bis unter 70 Jahre,m,4754
07314,2025,65 bis unter 70 Jahre,f,4934
07314,2025,55 bis unter 60 Jahre,m,6542
07314,2025,55 bis unter 60 Jahre,f,5874
07314,2025,80 bis unter 85 Jahre,f,2734
07314,2025,80 bis unter 85 Jahre,m,2010
07314,2025,unter 5 Jahre,m,4483
07314,2025,unter 5 Jahre,f,4450
07314,2025,90 bis unter 95 Jahre,m,494
07314,2025,90 bis unter 95 Jahre,f,1017
07314,2025,35 bis unter 40 Jahre,f,6066
07314,2025,35 bis unter 40 Jahre,m,6856
07314,2025,20 bis unter 25 Jahre,f,4999
07314,2025,20 bis unter 25 Jahre,m,5625
07314,2025,75 bis unter 80 Jahre,f,3384
07314,2025,75 bis unter 80 Jahre,m,2702
07314,2025,40 bis unter 45 Jahre,f,5512
07314,2025,40 bis unter 45 Jahre,m,6191
07314,2025,50 bis unter 55 Jahre,m,5649
07314,2025,50 bis unter 55 Jahre,f,5297
07314,2025,95 Jahre und mehr,m,102
07314,2025,95 Jahre und mehr,f,284
07314,2025,15 bis unter 20 Jahre,m,4771
07314,2025,15 bis unter 20 Jahre,f,4533
09675,2025,5 bis unter 10 Jahre,f,2237
09675,2025,5 bis unter 10 Jahre,m,2404
09675,2025,30 bis unter 35 Jahre,f,2539
09675,2025,30 bis unter 35 Jahre,m,2858
09675,2025,60 bis unter 65 Jahre,m,3919
09675,2025,60 bis unter 65 Jahre,f,3822
09675,2025,85 bis unter 90 Jahre,f,1476
09675,2025,85 bis unter 90 Jahre,m,819
09675,2025,75 bis unter 80 Jahre,m,1845
09675,2025,75 bis unter 80 Jahre,f,2051
09675,2025,45 bis unter 50 Jahre,f,2799
09675,2025,45 bis unter 50 Jahre,m,2851
09675,2025,35 bis unter 40 Jahre,m,3231
09675,2025,35 bis unter 40 Jahre,f,3071
09675,2025,80 bis unter 85 Jahre,f,1275
09675,2025,80 bis unter 85 Jahre,m,983
09675,2025,90 bis unter 95 Jahre,f,534
09675,2025,90 bis unter 95 Jahre,m,225
09675,2025,65 bis unter 70 Jahre,m,3041
09675,2025,65 bis unter 70 Jahre,f,3310
09675,2025,unter 5 Jahre,m,2239
09675,2025,unter 5 Jahre,f,2077
09675,2025,10 bis unter 15 Jahre,f,2062
09675,2025,10 bis unter 15 Jahre,m,2235
09675,2025,55 bis unter 60 Jahre,m,3696
09675,2025,55 bis unter 60 Jahre,f,3604
09675,2025,15 bis unter 20 Jahre,f,2008
09675,2025,15 bis unter 20 Jahre,m,2193
09675,2025,95 Jahre und mehr,m,40
09675,2025,95 Jahre und mehr,f,123
09675,2025,70 bis unter 75 Jahre,m,2480
09675,2025,70 bis unter 75 Jahre,f,2629
09675,2025,20 bis unter 25 Jahre,f,2088
09675,2025,20 bis unter 25 Jahre,m,2412
09675,2025,50 bis unter 55 Jahre,m,2801
09675,2025,50 bis unter 55 Jahre,f,2862
09675,2025,25 bis unter 30 Jahre,m,2545
09675,2025,25 bis unter 30 Jahre,f,2128
09675,2025,40 bis unter 45 Jahre,f,2914
09675,2025,40 bis unter 45 Jahre,m,3045
06435,2025,60 bis unter 65 Jahre,f,17010
06435,2025,60 bis unter 65 Jahre,m,16268
06435,2025,15 bis unter 20 Jahre,m,10681
06435,2025,15 bis unter 20 Jahre,f,9881
06435,2025,40 bis unter 45 Jahre,f,13465
06435,2025,40 bis unter 45 Jahre,m,13625
06435,2025,35 bis unter 40 Jahre,m,14308
06435,2025,35 bis unter 40 Jahre,f,14048
06435,2025,75 bis unter 80 Jahre,f,10072
06435,2025,75 bis unter 80 Jahre,m,8405
06435,2025,80 bis unter 85 Jahre,f,7550
06435,2025,80 bis unter 85 Jahre,m,5856
06435,2025,unter 5 Jahre,f,9586
06435,2025,unter 5 Jahre,m,9911
06435,2025,20 bis unter 25 Jahre,m,10760
06435,2025,20 bis unter 25 Jahre,f,9466
06435,2025,55 bis unter 60 Jahre,f,16898
06435,2025,55 bis unter 60 Jahre,m,16444
06435,2025,90 bis unter 95 Jahre,m,1126
06435,2025,90 bis unter 95 Jahre,f,2328
06435,2025,5 bis unter 10 Jahre,f,10422
06435,2025,5 bis unter 10 Jahre,m,10839
06435,2025,10 bis unter 15 Jahre,m,10507
06435,2025,10 bis unter 15 Jahre,f,9723
06435,2025,65 bis unter 70 Jahre,m,13249
06435,2025,65 bis unter 70 Jahre,f,14256
06435,2025,95 Jahre und mehr,f,564
06435,2025,95 Jahre und mehr,m,192
06435,2025,85 bis unter 90 Jahre,f,6399
06435,2025,85 bis unter 90 Jahre,m,4175
06435,2025,50 bis unter 55 Jahre,f,13331
06435,2025,50 bis unter 55 Jahre,m,12991
06435,2025,30 bis unter 35 Jahre,f,12068
06435,2025,30 bis unter 35 Jahre,m,12921
06435,2025,25 bis unter 30 Jahre,f,10839
06435,2025,25 bis unter 30 Jahre,m,12252
06435,2025,45 bis unter 50 Jahre,m,13061
06435,2025,45 bis unter 50 Jahre,f,13372
06435,2025,70 bis unter 75 Jahre,m,10434
06435,2025,70 bis unter 75 Jahre,f,11892
09180,2025,30 bis unter 35 Jahre,m,2775
09180,2025,30 bis unter 35 Jahre,f,2630
09180,2025,85 bis unter 90 Jahre,m,1253
09180,2025,85 bis unter 90 Jahre,f,1884
09180,2025,10 bis unter 15 Jahre,m,1901
09180,2025,10 bis unter 15 Jahre,f,1834
09180,2025,65 bis unter 70 Jahre,m,2796
09180,2025,65 bis unter 70 Jahre,f,3020
09180,2025,90 bis unter 95 Jahre,m,348
09180,2025,90 bis unter 95 Jahre,f,662
09180,2025,50 bis unter 55 Jahre,m,2524
09180,2025,50 bis unter 55 Jahre,f,2853
09180,2025,25 bis unter 30 Jahre,m,2501
09180,2025,25 bis unter 30 Jahre,f,2355
09180,2025,70 bis unter 75 Jahre,f,2621
09180,2025,70 bis unter 75 Jahre,m,2209
09180,2025,35 bis unter 40 Jahre,f,2851
09180,2025,35 bis unter 40 Jahre,m,2755
09180,2025,5 bis unter 10 Jahre,f,1932
09180,2025,5 bis unter 10 Jahre,m,2071
09180,2025,40 bis unter 45 Jahre,f,2626
09180,2025,40 bis unter 45 Jahre,m,2506
09180,2025,15 bis unter 20 Jahre,f,1896
09180,2025,15 bis unter 20 Jahre,m,2069
09180,2025,75 bis unter 80 Jahre,m,1921
09180,2025,75 bis unter 80 Jahre,f,2461
09180,2025,20 bis unter 25 Jahre,m,2094
09180,2025,20 bis unter 25 Jahre,f,2005
09180,2025,95 Jahre und mehr,m,54
09180,2025,95 Jahre und mehr,f,163
09180,2025,55 bis unter 60 Jahre,m,3420
09180,2025,55 bis unter 60 Jahre,f,3841
09180,2025,60 bis unter 65 Jahre,m,3773
09180,2025,60 bis unter 65 Jahre,f,4002
09180,2025,80 bis unter 85 Jahre,f,2210
09180,2025,80 bis unter 85 Jahre,m,1558
09180,2025,unter 5 Jahre,m,1898
09180,2025,unter 5 Jahre,f,1814
09180,2025,45 bis unter 50 Jahre,f,2797
09180,2025,45 bis unter 50 Jahre,m,2467
09577,2025,75 bis unter 80 Jahre,m,1974
09577,2025,75 bis unter 80 Jahre,f,2253
09577,2025,20 bis unter 25 Jahre,m,2456
09577,2025,20 bis unter 25 Jahre,f,2204
09577,2025,40 bis unter 45 Jahre,m,2908
09577,2025,40 bis unter 45 Jahre,f,2972
09577,2025,unter 5 Jahre,m,2293
09577,2025,unter 5 Jahre,f,2083
09577,2025,60 bis unter 65 Jahre,f,4009
09577,2025,60 bis unter 65 Jahre,m,4014
09577,2025,15 bis unter 20 Jahre,m,2331
09577,2025,15 bis unter 20 Jahre,f,2085
09577,2025,55 bis unter 60 Jahre,m,3550
09577,2025,55 bis unter 60 Jahre,f,3718
09577,2025,25 bis unter 30 Jahre,f,2188
09577,2025,25 bis unter 30 Jahre,m,2639
09577,2025,80 bis unter 85 Jahre,m,1132
09577,2025,80 bis unter 85 Jahre,f,1504
09577,2025,45 bis unter 50 Jahre,f,2681
09577,2025,45 bis unter 50 Jahre,m,2806
09577,2025,35 bis unter 40 Jahre,f,2960
09577,2025,35 bis unter 40 Jahre,m,3259
09577,2025,95 Jahre und mehr,m,53
09577,2025,95 Jahre und mehr,f,140
09577,2025,70 bis unter 75 Jahre,f,2791
09577,2025,70 bis unter 75 Jahre,m,2608
09577,2025,30 bis unter 35 Jahre,m,2765
09577,2025,30 bis unter 35 Jahre,f,2718
09577,2025,85 bis unter 90 Jahre,m,988
09577,2025,85 bis unter 90 Jahre,f,1565
09577,2025,50 bis unter 55 Jahre,m,2818
09577,2025,50 bis unter 55 Jahre,f,2790
09577,2025,90 bis unter 95 Jahre,f,566
09577,2025,90 bis unter 95 Jahre,m,253
09577,2025,65 bis unter 70 Jahre,m,3394
09577,2025,65 bis unter 70 Jahre,f,3556
09577,2025,5 bis unter 10 Jahre,m,2500
09577,2025,5 bis unter 10 Jahre,f,2464
09577,2025,10 bis unter 15 Jahre,f,2167
09577,2025,10 bis unter 15 Jahre,m,2252
03153,2025,75 bis unter 80 Jahre,f,3746
03153,2025,75 bis unter 80 Jahre,m,3050
03153,2025,20 bis unter 25 Jahre,f,2619
03153,2025,20 bis unter 25 Jahre,m,3250
03153,2025,unter 5 Jahre,f,2242
03153,2025,unter 5 Jahre,m,2323
03153,2025,95 Jahre und mehr,f,293
03153,2025,95 Jahre und mehr,m,76
03153,2025,15 bis unter 20 Jahre,m,2976
03153,2025,15 bis unter 20 Jahre,f,2546
03153,2025,90 bis unter 95 Jahre,m,464
03153,2025,90 bis unter 95 Jahre,f,1007
03153,2025,60 bis unter 65 Jahre,f,5512
03153,2025,60 bis unter 65 Jahre,m,5517
03153,2025,35 bis unter 40 Jahre,f,3502
03153,2025,35 bis unter 40 Jahre,m,3753
03153,2025,50 bis unter 55 Jahre,m,3710
03153,2025,50 bis unter 55 Jahre,f,3950
03153,2025,55 bis unter 60 Jahre,m,5244
03153,2025,55 bis unter 60 Jahre,f,5373
03153,2025,80 bis unter 85 Jahre,m,2246
03153,2025,80 bis unter 85 Jahre,f,3058
03153,2025,45 bis unter 50 Jahre,m,3435
03153,2025,45 bis unter 50 Jahre,f,3455
03153,2025,70 bis unter 75 Jahre,m,3908
03153,2025,70 bis unter 75 Jahre,f,4392
03153,2025,30 bis unter 35 Jahre,f,3274
03153,2025,30 bis unter 35 Jahre,m,3549
03153,2025,85 bis unter 90 Jahre,f,2751
03153,2025,85 bis unter 90 Jahre,m,1701
03153,2025,65 bis unter 70 Jahre,f,4961
03153,2025,65 bis unter 70 Jahre,m,4624
03153,2025,10 bis unter 15 Jahre,f,2352
03153,2025,10 bis unter 15 Jahre,m,2560
03153,2025,5 bis unter 10 Jahre,m,2594
03153,2025,5 bis unter 10 Jahre,f,2420
03153,2025,25 bis unter 30 Jahre,f,3037
03153,2025,25 bis unter 30 Jahre,m,3636
03153,2025,40 bis unter 45 Jahre,m,3473
03153,2025,40 bis unter 45 Jahre,f,3503
09671,2025,60 bis unter 65 Jahre,f,7735
09671,2025,60 bis unter 65 Jahre,m,7409
09671,2025,15 bis unter 20 Jahre,m,3998
09671,2025,15 bis unter 20 Jahre,f,3725
09671,2025,40 bis unter 45 Jahre,f,5535
09671,2025,40 bis unter 45 Jahre,m,5527
09671,2025,20 bis unter 25 Jahre,f,3345
09671,2025,20 bis unter 25 Jahre,m,4083
09671,2025,unter 5 Jahre,f,3723
09671,2025,unter 5 Jahre,m,3873
09671,2025,55 bis unter 60 Jahre,m,7103
09671,2025,55 bis unter 60 Jahre,f,7282
09671,2025,35 bis unter 40 Jahre,f,5560
09671,2025,35 bis unter 40 Jahre,m,5586
09671,2025,75 bis unter 80 Jahre,f,3943
09671,2025,75 bis unter 80 Jahre,m,3594
09671,2025,80 bis unter 85 Jahre,m,2312
09671,2025,80 bis unter 85 Jahre,f,2893
09671,2025,70 bis unter 75 Jahre,m,4652
09671,2025,70 bis unter 75 Jahre,f,5097
09671,2025,95 Jahre und mehr,f,207
09671,2025,95 Jahre und mehr,m,77
09671,2025,50 bis unter 55 Jahre,m,4894
09671,2025,50 bis unter 55 Jahre,f,5433
09671,2025,45 bis unter 50 Jahre,f,5227
09671,2025,45 bis unter 50 Jahre,m,5048
09671,2025,5 bis unter 10 Jahre,m,4343
09671,2025,5 bis unter 10 Jahre,f,4094
09671,2025,90 bis unter 95 Jahre,f,1005
09671,2025,90 bis unter 95 Jahre,m,520
09671,2025,10 bis unter 15 Jahre,m,4053
09671,2025,10 bis unter 15 Jahre,f,3706
09671,2025,85 bis unter 90 Jahre,f,2753
09671,2025,85 bis unter 90 Jahre,m,1838
09671,2025,65 bis unter 70 Jahre,f,6314
09671,2025,65 bis unter 70 Jahre,m,6089
09671,2025,25 bis unter 30 Jahre,m,4393
09671,2025,25 bis unter 30 Jahre,f,3671
09671,2025,30 bis unter 35 Jahre,m,4773
09671,2025,30 bis unter 35 Jahre,f,4707
07141,2025,45 bis unter 50 Jahre,f,3771
07141,2025,45 bis unter 50 Jahre,m,3746
07141,2025,65 bis unter 70 Jahre,f,4772
07141,2025,65 bis unter 70 Jahre,m,4507
07141,2025,10 bis unter 15 Jahre,f,2886
07141,2025,10 bis unter 15 Jahre,m,2999
07141,2025,30 bis unter 35 Jahre,f,3361
07141,2025,30 bis unter 35 Jahre,m,3610
07141,2025,50 bis unter 55 Jahre,f,3777
07141,2025,50 bis unter 55 Jahre,m,3809
07141,2025,25 bis unter 30 Jahre,f,2886
07141,2025,25 bis unter 30 Jahre,m,3335
07141,2025,5 bis unter 10 Jahre,m,3165
07141,2025,5 bis unter 10 Jahre,f,2996
07141,2025,95 Jahre und mehr,f,234
07141,2025,95 Jahre und mehr,m,63
07141,2025,90 bis unter 95 Jahre,f,718
07141,2025,90 bis unter 95 Jahre,m,344
07141,2025,75 bis unter 80 Jahre,m,2782
07141,2025,75 bis unter 80 Jahre,f,3318
07141,2025,85 bis unter 90 Jahre,m,1317
07141,2025,85 bis unter 90 Jahre,f,2161
07141,2025,20 bis unter 25 Jahre,m,2908
07141,2025,20 bis unter 25 Jahre,f,2551
07141,2025,80 bis unter 85 Jahre,m,1657
07141,2025,80 bis unter 85 Jahre,f,2182
07141,2025,55 bis unter 60 Jahre,m,5018
07141,2025,55 bis unter 60 Jahre,f,4991
07141,2025,unter 5 Jahre,m,2674
07141,2025,unter 5 Jahre,f,2451
07141,2025,35 bis unter 40 Jahre,m,4105
07141,2025,35 bis unter 40 Jahre,f,3966
07141,2025,15 bis unter 20 Jahre,f,2778
07141,2025,15 bis unter 20 Jahre,m,3049
07141,2025,70 bis unter 75 Jahre,m,3434
07141,2025,70 bis unter 75 Jahre,f,4023
07141,2025,40 bis unter 45 Jahre,f,3915
07141,2025,40 bis unter 45 Jahre,m,4093
07141,2025,60 bis unter 65 Jahre,m,5441
07141,2025,60 bis unter 65 Jahre,f,5367
06412,2025,70 bis unter 75 Jahre,m,12789
06412,2025,70 bis unter 75 Jahre,f,15137
06412,2025,90 bis unter 95 Jahre,m,1512
06412,2025,90 bis unter 95 Jahre,f,3143
06412,2025,85 bis unter 90 Jahre,m,4943
06412,2025,85 bis unter 90 Jahre,f,8183
06412,2025,10 bis unter 15 Jahre,m,17280
06412,2025,10 bis unter 15 Jahre,f,16969
06412,2025,65 bis unter 70 Jahre,m,16955
06412,2025,65 bis unter 70 Jahre,f,17892
06412,2025,35 bis unter 40 Jahre,f,31886
06412,2025,35 bis unter 40 Jahre,m,32254
06412,2025,25 bis unter 30 Jahre,m,32419
06412,2025,25 bis unter 30 Jahre,f,33159
06412,2025,50 bis unter 55 Jahre,m,24669
06412,2025,50 bis unter 55 Jahre,f,24217
06412,2025,20 bis unter 25 Jahre,f,23431
06412,2025,20 bis unter 25 Jahre,m,22978
06412,2025,55 bis unter 60 Jahre,f,24712
06412,2025,55 bis unter 60 Jahre,m,26491
06412,2025,80 bis unter 85 Jahre,f,10017
06412,2025,80 bis unter 85 Jahre,m,7348
06412,2025,75 bis unter 80 Jahre,f,12946
06412,2025,75 bis unter 80 Jahre,m,10417
06412,2025,unter 5 Jahre,f,17405
06412,2025,unter 5 Jahre,m,18162
06412,2025,45 bis unter 50 Jahre,m,25533
06412,2025,45 bis unter 50 Jahre,f,26820
06412,2025,60 bis unter 65 Jahre,m,22978
06412,2025,60 bis unter 65 Jahre,f,22460
06412,2025,95 Jahre und mehr,f,1076
06412,2025,95 Jahre und mehr,m,286
06412,2025,40 bis unter 45 Jahre,m,27972
06412,2025,40 bis unter 45 Jahre,f,28390
06412,2025,5 bis unter 10 Jahre,f,17609
06412,2025,5 bis unter 10 Jahre,m,17916
06412,2025,30 bis unter 35 Jahre,f,33798
06412,2025,30 bis unter 35 Jahre,m,33572
06412,2025,15 bis unter 20 Jahre,m,17425
06412,2025,15 bis unter 20 Jahre,f,17507
05358,2025,75 bis unter 80 Jahre,m,5386
05358,2025,75 bis unter 80 Jahre,f,6304
05358,2025,40 bis unter 45 Jahre,m,8900
05358,2025,40 bis unter 45 Jahre,f,8680
05358,2025,60 bis unter 65 Jahre,m,11316
05358,2025,60 bis unter 65 Jahre,f,11489
05358,2025,55 bis unter 60 Jahre,m,10902
05358,2025,55 bis unter 60 Jahre,f,11185
05358,2025,15 bis unter 20 Jahre,m,7117
05358,2025,15 bis unter 20 Jahre,f,6076
05358,2025,80 bis unter 85 Jahre,m,3461
05358,2025,80 bis unter 85 Jahre,f,4587
05358,2025,unter 5 Jahre,m,6672
05358,2025,unter 5 Jahre,f,6381
05358,2025,45 bis unter 50 Jahre,f,8124
05358,2025,45 bis unter 50 Jahre,m,8159
05358,2025,10 bis unter 15 Jahre,f,6268
05358,2025,10 bis unter 15 Jahre,m,6638
05358,2025,35 bis unter 40 Jahre,f,9382
05358,2025,35 bis unter 40 Jahre,m,9720
05358,2025,65 bis unter 70 Jahre,f,9998
05358,2025,65 bis unter 70 Jahre,m,9454
05358,2025,70 bis unter 75 Jahre,m,7260
05358,2025,70 bis unter 75 Jahre,f,8184
05358,2025,30 bis unter 35 Jahre,m,9230
05358,2025,30 bis unter 35 Jahre,f,8483
05358,2025,50 bis unter 55 Jahre,m,8071
05358,2025,50 bis unter 55 Jahre,f,8263
05358,2025,90 bis unter 95 Jahre,f,1566
05358,2025,90 bis unter 95 Jahre,m,734
05358,2025,25 bis unter 30 Jahre,m,8520
05358,2025,25 bis unter 30 Jahre,f,7589
05358,2025,5 bis unter 10 Jahre,m,7427
05358,2025,5 bis unter 10 Jahre,f,6899
05358,2025,95 Jahre und mehr,m,142
05358,2025,95 Jahre und mehr,f,413
05358,2025,85 bis unter 90 Jahre,f,4220
05358,2025,85 bis unter 90 Jahre,m,2669
05358,2025,20 bis unter 25 Jahre,f,6253
05358,2025,20 bis unter 25 Jahre,m,7370
07335,2025,25 bis unter 30 Jahre,m,2567
07335,2025,25 bis unter 30 Jahre,f,2403
07335,2025,70 bis unter 75 Jahre,f,3405
07335,2025,70 bis unter 75 Jahre,m,3157
07335,2025,5 bis unter 10 Jahre,m,2778
07335,2025,5 bis unter 10 Jahre,f,2697
07335,2025,10 bis unter 15 Jahre,m,2777
07335,2025,10 bis unter 15 Jahre,f,2555
07335,2025,50 bis unter 55 Jahre,f,3191
07335,2025,50 bis unter 55 Jahre,m,3028
07335,2025,30 bis unter 35 Jahre,f,2945
07335,2025,30 bis unter 35 Jahre,m,2893
07335,2025,85 bis unter 90 Jahre,m,952
07335,2025,85 bis unter 90 Jahre,f,1734
07335,2025,65 bis unter 70 Jahre,f,4137
07335,2025,65 bis unter 70 Jahre,m,3951
07335,2025,90 bis unter 95 Jahre,f,624
07335,2025,90 bis unter 95 Jahre,m,270
07335,2025,45 bis unter 50 Jahre,m,3075
07335,2025,45 bis unter 50 Jahre,f,3139
07335,2025,80 bis unter 85 Jahre,m,1290
07335,2025,80 bis unter 85 Jahre,f,1779
07335,2025,20 bis unter 25 Jahre,f,2126
07335,2025,20 bis unter 25 Jahre,m,2532
07335,2025,75 bis unter 80 Jahre,m,2052
07335,2025,75 bis unter 80 Jahre,f,2401
07335,2025,unter 5 Jahre,m,2977
07335,2025,unter 5 Jahre,f,2811
07335,2025,35 bis unter 40 Jahre,m,3397
07335,2025,35 bis unter 40 Jahre,f,3542
07335,2025,60 bis unter 65 Jahre,f,4519
07335,2025,60 bis unter 65 Jahre,m,4485
07335,2025,15 bis unter 20 Jahre,m,2726
07335,2025,15 bis unter 20 Jahre,f,2423
07335,2025,55 bis unter 60 Jahre,m,4059
07335,2025,55 bis unter 60 Jahre,f,4003
07335,2025,40 bis unter 45 Jahre,f,3460
07335,2025,40 bis unter 45 Jahre,m,3233
07335,2025,95 Jahre und mehr,m,37
07335,2025,95 Jahre und mehr,f,187
05112,2025,20 bis unter 25 Jahre,f,13694
05112,2025,20 bis unter 25 Jahre,m,14960
05112,2025,75 bis unter 80 Jahre,f,10103
05112,2025,75 bis unter 80 Jahre,m,7665
05112,2025,55 bis unter 60 Jahre,f,18109
05112,2025,55 bis unter 60 Jahre,m,18432
05112,2025,unter 5 Jahre,f,11602
05112,2025,unter 5 Jahre,m,12430
05112,2025,80 bis unter 85 Jahre,f,8180
05112,2025,80 bis unter 85 Jahre,m,5594
05112,2025,35 bis unter 40 Jahre,m,18038
05112,2025,35 bis unter 40 Jahre,f,17060
05112,2025,15 bis unter 20 Jahre,f,12300
05112,2025,15 bis unter 20 Jahre,m,13286
05112,2025,70 bis unter 75 Jahre,m,10711
05112,2025,70 bis unter 75 Jahre,f,13093
05112,2025,40 bis unter 45 Jahre,f,15203
05112,2025,40 bis unter 45 Jahre,m,15794
05112,2025,50 bis unter 55 Jahre,m,15446
05112,2025,50 bis unter 55 Jahre,f,15177
05112,2025,30 bis unter 35 Jahre,m,17889
05112,2025,30 bis unter 35 Jahre,f,16100
05112,2025,60 bis unter 65 Jahre,m,18668
05112,2025,60 bis unter 65 Jahre,f,18253
05112,2025,25 bis unter 30 Jahre,m,17634
05112,2025,25 bis unter 30 Jahre,f,15735
05112,2025,10 bis unter 15 Jahre,f,12089
05112,2025,10 bis unter 15 Jahre,m,12858
05112,2025,65 bis unter 70 Jahre,f,15607
05112,2025,65 bis unter 70 Jahre,m,14727
05112,2025,5 bis unter 10 Jahre,m,13465
05112,2025,5 bis unter 10 Jahre,f,12758
05112,2025,45 bis unter 50 Jahre,f,15088
05112,2025,45 bis unter 50 Jahre,m,15291
05112,2025,90 bis unter 95 Jahre,f,3177
05112,2025,90 bis unter 95 Jahre,m,1393
05112,2025,85 bis unter 90 Jahre,m,4306
05112,2025,85 bis unter 90 Jahre,f,7699
05112,2025,95 Jahre und mehr,f,909
05112,2025,95 Jahre und mehr,m,287
09188,2025,95 Jahre und mehr,m,122
09188,2025,95 Jahre und mehr,f,290
09188,2025,80 bis unter 85 Jahre,m,2619
09188,2025,80 bis unter 85 Jahre,f,3527
09188,2025,25 bis unter 30 Jahre,f,2976
09188,2025,25 bis unter 30 Jahre,m,3368
09188,2025,55 bis unter 60 Jahre,m,5896
09188,2025,55 bis unter 60 Jahre,f,6140
09188,2025,10 bis unter 15 Jahre,f,3580
09188,2025,10 bis unter 15 Jahre,m,3675
09188,2025,40 bis unter 45 Jahre,m,4154
09188,2025,40 bis unter 45 Jahre,f,4541
09188,2025,60 bis unter 65 Jahre,f,5824
09188,2025,60 bis unter 65 Jahre,m,5556
09188,2025,65 bis unter 70 Jahre,f,4501
09188,2025,65 bis unter 70 Jahre,m,4044
09188,2025,15 bis unter 20 Jahre,m,3905
09188,2025,15 bis unter 20 Jahre,f,3668
09188,2025,70 bis unter 75 Jahre,f,3664
09188,2025,70 bis unter 75 Jahre,m,2934
09188,2025,90 bis unter 95 Jahre,f,882
09188,2025,90 bis unter 95 Jahre,m,542
09188,2025,45 bis unter 50 Jahre,m,4270
09188,2025,45 bis unter 50 Jahre,f,4795
09188,2025,35 bis unter 40 Jahre,m,4011
09188,2025,35 bis unter 40 Jahre,f,3973
09188,2025,50 bis unter 55 Jahre,m,4432
09188,2025,50 bis unter 55 Jahre,f,4885
09188,2025,unter 5 Jahre,f,2824
09188,2025,unter 5 Jahre,m,2905
09188,2025,30 bis unter 35 Jahre,m,3458
09188,2025,30 bis unter 35 Jahre,f,3352
09188,2025,85 bis unter 90 Jahre,f,2653
09188,2025,85 bis unter 90 Jahre,m,1903
09188,2025,75 bis unter 80 Jahre,f,3537
09188,2025,75 bis unter 80 Jahre,m,2750
09188,2025,5 bis unter 10 Jahre,m,3505
09188,2025,5 bis unter 10 Jahre,f,3391
09188,2025,20 bis unter 25 Jahre,f,3130
09188,2025,20 bis unter 25 Jahre,m,3527
09162,2025,95 Jahre und mehr,m,709
09162,2025,95 Jahre und mehr,f,1957
09162,2025,80 bis unter 85 Jahre,m,18124
09162,2025,80 bis unter 85 Jahre,f,24889
09162,2025,40 bis unter 45 Jahre,m,53716
09162,2025,40 bis unter 45 Jahre,f,53760
09162,2025,75 bis unter 80 Jahre,m,21540
09162,2025,75 bis unter 80 Jahre,f,28236
09162,2025,60 bis unter 65 Jahre,m,43352
09162,2025,60 bis unter 65 Jahre,f,45397
09162,2025,55 bis unter 60 Jahre,m,50145
09162,2025,55 bis unter 60 Jahre,f,49846
09162,2025,25 bis unter 30 Jahre,f,69380
09162,2025,25 bis unter 30 Jahre,m,67910
09162,2025,15 bis unter 20 Jahre,m,33982
09162,2025,15 bis unter 20 Jahre,f,31566
09162,2025,unter 5 Jahre,m,37042
09162,2025,unter 5 Jahre,f,34831
09162,2025,65 bis unter 70 Jahre,f,35410
09162,2025,65 bis unter 70 Jahre,m,30734
09162,2025,70 bis unter 75 Jahre,f,29665
09162,2025,70 bis unter 75 Jahre,m,23493
09162,2025,10 bis unter 15 Jahre,f,30565
09162,2025,10 bis unter 15 Jahre,m,32242
09162,2025,45 bis unter 50 Jahre,f,49974
09162,2025,45 bis unter 50 Jahre,m,48409
09162,2025,90 bis unter 95 Jahre,f,7031
09162,2025,90 bis unter 95 Jahre,m,3478
09162,2025,35 bis unter 40 Jahre,m,63804
09162,2025,35 bis unter 40 Jahre,f,61878
09162,2025,50 bis unter 55 Jahre,m,45728
09162,2025,50 bis unter 55 Jahre,f,46134
09162,2025,20 bis unter 25 Jahre,f,46724
09162,2025,20 bis unter 25 Jahre,m,48196
09162,2025,85 bis unter 90 Jahre,f,19938
09162,2025,85 bis unter 90 Jahre,m,12536
09162,2025,5 bis unter 10 Jahre,m,33442
09162,2025,5 bis unter 10 Jahre,f,32195
09162,2025,30 bis unter 35 Jahre,f,68963
09162,2025,30 bis unter 35 Jahre,m,68115
05334002,2025,90 bis unter 95 Jahre,m,726
05334002,2025,90 bis unter 95 Jahre,f,1469
05334002,2025,80 bis unter 85 Jahre,f,4220
05334002,2025,80 bis unter 85 Jahre,m,2874
05334002,2025,60 bis unter 65 Jahre,f,8110
05334002,2025,60 bis unter 65 Jahre,m,8173
05334002,2025,70 bis unter 75 Jahre,m,5155
05334002,2025,70 bis unter 75 Jahre,f,6083
05334002,2025,85 bis unter 90 Jahre,m,2297
05334002,2025,85 bis unter 90 Jahre,f,3794
05334002,2025,65 bis unter 70 Jahre,m,6961
05334002,2025,65 bis unter 70 Jahre,f,7089
05334002,2025,40 bis unter 45 Jahre,f,6872
05334002,2025,40 bis unter 45 Jahre,m,7515
05334002,2025,55 bis unter 60 Jahre,f,8132
05334002,2025,55 bis unter 60 Jahre,m,8159
05334002,2025,50 bis unter 55 Jahre,m,6259
05334002,2025,50 bis unter 55 Jahre,f,6394
05334002,2025,10 bis unter 15 Jahre,m,4936
05334002,2025,10 bis unter 15 Jahre,f,4756
05334002,2025,15 bis unter 20 Jahre,m,6755
05334002,2025,15 bis unter 20 Jahre,f,5758
05334002,2025,25 bis unter 30 Jahre,m,18637
05334002,2025,25 bis unter 30 Jahre,f,12334
05334002,2025,unter 5 Jahre,f,4529
05334002,2025,unter 5 Jahre,m,4787
05334002,2025,20 bis unter 25 Jahre,f,11875
05334002,2025,20 bis unter 25 Jahre,m,17023
05334002,2025,75 bis unter 80 Jahre,f,4990
05334002,2025,75 bis unter 80 Jahre,m,3998
05334002,2025,30 bis unter 35 Jahre,m,12786
05334002,2025,30 bis unter 35 Jahre,f,9497
05334002,2025,95 Jahre und mehr,m,140
05334002,2025,95 Jahre und mehr,f,462
05334002,2025,5 bis unter 10 Jahre,m,5104
05334002,2025,5 bis unter 10 Jahre,f,5001
05334002,2025,45 bis unter 50 Jahre,f,6466
05334002,2025,45 bis unter 50 Jahre,m,6594
05334002,2025,35 bis unter 40 Jahre,m,9224
05334002,2025,35 bis unter 40 Jahre,f,7769
01060,2025,15 bis unter 20 Jahre,m,7324
01060,2025,15 bis unter 20 Jahre,f,6439
01060,2025,60 bis unter 65 Jahre,f,11473
01060,2025,60 bis unter 65 Jahre,m,11451
01060,2025,95 Jahre und mehr,m,126
01060,2025,95 Jahre und mehr,f,401
01060,2025,35 bis unter 40 Jahre,m,9667
01060,2025,35 bis unter 40 Jahre,f,9667
01060,2025,80 bis unter 85 Jahre,f,5685
01060,2025,80 bis unter 85 Jahre,m,4175
01060,2025,75 bis unter 80 Jahre,f,6700
01060,2025,75 bis unter 80 Jahre,m,5476
01060,2025,55 bis unter 60 Jahre,m,11891
01060,2025,55 bis unter 60 Jahre,f,12084
01060,2025,unter 5 Jahre,f,5845
01060,2025,unter 5 Jahre,m,6181
01060,2025,20 bis unter 25 Jahre,m,7241
01060,2025,20 bis unter 25 Jahre,f,6005
01060,2025,40 bis unter 45 Jahre,f,9690
01060,2025,40 bis unter 45 Jahre,m,9591
01060,2025,90 bis unter 95 Jahre,m,816
01060,2025,90 bis unter 95 Jahre,f,1675
01060,2025,5 bis unter 10 Jahre,f,6831
01060,2025,5 bis unter 10 Jahre,m,7189
01060,2025,10 bis unter 15 Jahre,f,6753
01060,2025,10 bis unter 15 Jahre,m,6989
01060,2025,65 bis unter 70 Jahre,m,8510
01060,2025,65 bis unter 70 Jahre,f,9390
01060,2025,85 bis unter 90 Jahre,f,4804
01060,2025,85 bis unter 90 Jahre,m,3074
01060,2025,25 bis unter 30 Jahre,m,7724
01060,2025,25 bis unter 30 Jahre,f,6667
01060,2025,50 bis unter 55 Jahre,f,9112
01060,2025,50 bis unter 55 Jahre,m,8819
01060,2025,70 bis unter 75 Jahre,f,7684
01060,2025,70 bis unter 75 Jahre,m,6409
01060,2025,30 bis unter 35 Jahre,f,7798
01060,2025,30 bis unter 35 Jahre,m,8178
01060,2025,45 bis unter 50 Jahre,m,9041
01060,2025,45 bis unter 50 Jahre,f,9195
03455,2025,80 bis unter 85 Jahre,f,2226
03455,2025,80 bis unter 85 Jahre,m,1877
03455,2025,35 bis unter 40 Jahre,m,3047
03455,2025,35 bis unter 40 Jahre,f,3079
03455,2025,unter 5 Jahre,m,2014
03455,2025,unter 5 Jahre,f,1928
03455,2025,55 bis unter 60 Jahre,m,4199
03455,2025,55 bis unter 60 Jahre,f,4654
03455,2025,20 bis unter 25 Jahre,m,2180
03455,2025,20 bis unter 25 Jahre,f,1854
03455,2025,15 bis unter 20 Jahre,m,2297
03455,2025,15 bis unter 20 Jahre,f,2152
03455,2025,75 bis unter 80 Jahre,f,2869
03455,2025,75 bis unter 80 Jahre,m,2446
03455,2025,60 bis unter 65 Jahre,f,4689
03455,2025,60 bis unter 65 Jahre,m,4298
03455,2025,95 Jahre und mehr,m,49
03455,2025,95 Jahre und mehr,f,187
03455,2025,10 bis unter 15 Jahre,f,2172
03455,2025,10 bis unter 15 Jahre,m,2361
03455,2025,90 bis unter 95 Jahre,m,368
03455,2025,90 bis unter 95 Jahre,f,642
03455,2025,65 bis unter 70 Jahre,f,3887
03455,2025,65 bis unter 70 Jahre,m,3462
03455,2025,70 bis unter 75 Jahre,m,2992
03455,2025,70 bis unter 75 Jahre,f,3287
03455,2025,45 bis unter 50 Jahre,m,2551
03455,2025,45 bis unter 50 Jahre,f,2769
03455,2025,85 bis unter 90 Jahre,m,1340
03455,2025,85 bis unter 90 Jahre,f,2030
03455,2025,50 bis unter 55 Jahre,m,2873
03455,2025,50 bis unter 55 Jahre,f,3070
03455,2025,30 bis unter 35 Jahre,f,2626
03455,2025,30 bis unter 35 Jahre,m,2841
03455,2025,25 bis unter 30 Jahre,m,2443
03455,2025,25 bis unter 30 Jahre,f,2305
03455,2025,5 bis unter 10 Jahre,f,2318
03455,2025,5 bis unter 10 Jahre,m,2335
03455,2025,40 bis unter 45 Jahre,m,2725
03455,2025,40 bis unter 45 Jahre,f,2819
05512,2025,95 Jahre und mehr,m,69
05512,2025,95 Jahre und mehr,f,215
05512,2025,60 bis unter 65 Jahre,m,4674
05512,2025,60 bis unter 65 Jahre,f,5033
05512,2025,40 bis unter 45 Jahre,m,3672
05512,2025,40 bis unter 45 Jahre,f,3634
05512,2025,20 bis unter 25 Jahre,m,2860
05512,2025,20 bis unter 25 Jahre,f,2620
05512,2025,35 bis unter 40 Jahre,m,4074
05512,2025,35 bis unter 40 Jahre,f,3900
05512,2025,5 bis unter 10 Jahre,f,2846
05512,2025,5 bis unter 10 Jahre,m,2970
05512,2025,80 bis unter 85 Jahre,f,2120
05512,2025,80 bis unter 85 Jahre,m,1513
05512,2025,unter 5 Jahre,m,2633
05512,2025,unter 5 Jahre,f,2560
05512,2025,45 bis unter 50 Jahre,f,3497
05512,2025,45 bis unter 50 Jahre,m,3578
05512,2025,75 bis unter 80 Jahre,m,2331
05512,2025,75 bis unter 80 Jahre,f,2926
05512,2025,65 bis unter 70 Jahre,f,4565
05512,2025,65 bis unter 70 Jahre,m,4150
05512,2025,85 bis unter 90 Jahre,f,2038
05512,2025,85 bis unter 90 Jahre,m,1103
05512,2025,10 bis unter 15 Jahre,f,2667
05512,2025,10 bis unter 15 Jahre,m,2789
05512,2025,55 bis unter 60 Jahre,f,4749
05512,2025,55 bis unter 60 Jahre,m,4554
05512,2025,90 bis unter 95 Jahre,f,874
05512,2025,90 bis unter 95 Jahre,m,354
05512,2025,70 bis unter 75 Jahre,m,3187
05512,2025,70 bis unter 75 Jahre,f,3879
05512,2025,50 bis unter 55 Jahre,m,3511
05512,2025,50 bis unter 55 Jahre,f,3654
05512,2025,25 bis unter 30 Jahre,m,3354
05512,2025,25 bis unter 30 Jahre,f,2995
05512,2025,30 bis unter 35 Jahre,f,3485
05512,2025,30 bis unter 35 Jahre,m,3616
05512,2025,15 bis unter 20 Jahre,m,2687
05512,2025,15 bis unter 20 Jahre,f,2546
08425,2025,55 bis unter 60 Jahre,f,7628
08425,2025,55 bis unter 60 Jahre,m,7655
08425,2025,20 bis unter 25 Jahre,f,4679
08425,2025,20 bis unter 25 Jahre,m,5715
08425,2025,35 bis unter 40 Jahre,f,6814
08425,2025,35 bis unter 40 Jahre,m,7176
08425,2025,40 bis unter 45 Jahre,f,6377
08425,2025,40 bis unter 45 Jahre,m,6796
08425,2025,60 bis unter 65 Jahre,f,7823
08425,2025,60 bis unter 65 Jahre,m,8028
08425,2025,75 bis unter 80 Jahre,f,4001
08425,2025,75 bis unter 80 Jahre,m,3576
08425,2025,15 bis unter 20 Jahre,m,5429
08425,2025,15 bis unter 20 Jahre,f,4828
08425,2025,unter 5 Jahre,m,5242
08425,2025,unter 5 Jahre,f,4928
08425,2025,65 bis unter 70 Jahre,m,6345
08425,2025,65 bis unter 70 Jahre,f,6616
08425,2025,70 bis unter 75 Jahre,m,4869
08425,2025,70 bis unter 75 Jahre,f,5244
08425,2025,90 bis unter 95 Jahre,m,516
08425,2025,90 bis unter 95 Jahre,f,1099
08425,2025,80 bis unter 85 Jahre,f,3202
08425,2025,80 bis unter 85 Jahre,m,2326
08425,2025,95 Jahre und mehr,f,310
08425,2025,95 Jahre und mehr,m,98
08425,2025,45 bis unter 50 Jahre,m,6409
08425,2025,45 bis unter 50 Jahre,f,6177
08425,2025,10 bis unter 15 Jahre,f,4997
08425,2025,10 bis unter 15 Jahre,m,5267
08425,2025,30 bis unter 35 Jahre,f,5934
08425,2025,30 bis unter 35 Jahre,m,6358
08425,2025,25 bis unter 30 Jahre,f,5529
08425,2025,25 bis unter 30 Jahre,m,6113
08425,2025,5 bis unter 10 Jahre,f,5382
08425,2025,5 bis unter 10 Jahre,m,5692
08425,2025,85 bis unter 90 Jahre,f,2954
08425,2025,85 bis unter 90 Jahre,m,1875
08425,2025,50 bis unter 55 Jahre,m,6324
08425,2025,50 bis unter 55 Jahre,f,6223
09461,2025,10 bis unter 15 Jahre,m,1559
09461,2025,10 bis unter 15 Jahre,f,1534
09461,2025,65 bis unter 70 Jahre,m,2020
09461,2025,65 bis unter 70 Jahre,f,2423
09461,2025,90 bis unter 95 Jahre,f,468
09461,2025,90 bis unter 95 Jahre,m,235
09461,2025,45 bis unter 50 Jahre,m,2183
09461,2025,45 bis unter 50 Jahre,f,2177
09461,2025,95 Jahre und mehr,m,43
09461,2025,95 Jahre und mehr,f,141
09461,2025,70 bis unter 75 Jahre,f,1919
09461,2025,70 bis unter 75 Jahre,m,1523
09461,2025,25 bis unter 30 Jahre,m,3523
09461,2025,25 bis unter 30 Jahre,f,3294
09461,2025,5 bis unter 10 Jahre,m,1650
09461,2025,5 bis unter 10 Jahre,f,1645
09461,2025,30 bis unter 35 Jahre,m,3266
09461,2025,30 bis unter 35 Jahre,f,2970
09461,2025,85 bis unter 90 Jahre,f,1272
09461,2025,85 bis unter 90 Jahre,m,651
09461,2025,50 bis unter 55 Jahre,f,2209
09461,2025,50 bis unter 55 Jahre,m,2050
09461,2025,15 bis unter 20 Jahre,f,1615
09461,2025,15 bis unter 20 Jahre,m,1635
09461,2025,40 bis unter 45 Jahre,f,2391
09461,2025,40 bis unter 45 Jahre,m,2571
09461,2025,20 bis unter 25 Jahre,m,2428
09461,2025,20 bis unter 25 Jahre,f,2658
09461,2025,55 bis unter 60 Jahre,m,2600
09461,2025,55 bis unter 60 Jahre,f,2617
09461,2025,unter 5 Jahre,m,1763
09461,2025,unter 5 Jahre,f,1697
09461,2025,75 bis unter 80 Jahre,m,1203
09461,2025,75 bis unter 80 Jahre,f,1706
09461,2025,80 bis unter 85 Jahre,m,881
09461,2025,80 bis unter 85 Jahre,f,1349
09461,2025,60 bis unter 65 Jahre,f,2738
09461,2025,60 bis unter 65 Jahre,m,2568
09461,2025,35 bis unter 40 Jahre,f,2847
09461,2025,35 bis unter 40 Jahre,m,3196
06634,2025,unter 5 Jahre,m,3775
06634,2025,unter 5 Jahre,f,3551
06634,2025,55 bis unter 60 Jahre,m,7358
06634,2025,55 bis unter 60 Jahre,f,7411
06634,2025,75 bis unter 80 Jahre,m,3996
06634,2025,75 bis unter 80 Jahre,f,4417
06634,2025,95 Jahre und mehr,f,312
06634,2025,95 Jahre und mehr,m,91
06634,2025,80 bis unter 85 Jahre,m,2459
06634,2025,80 bis unter 85 Jahre,f,3123
06634,2025,60 bis unter 65 Jahre,f,7702
06634,2025,60 bis unter 65 Jahre,m,7634
06634,2025,15 bis unter 20 Jahre,m,4395
06634,2025,15 bis unter 20 Jahre,f,4056
06634,2025,40 bis unter 45 Jahre,m,5691
06634,2025,40 bis unter 45 Jahre,f,5389
06634,2025,25 bis unter 30 Jahre,f,4114
06634,2025,25 bis unter 30 Jahre,m,4965
06634,2025,20 bis unter 25 Jahre,f,3595
06634,2025,20 bis unter 25 Jahre,m,4522
06634,2025,30 bis unter 35 Jahre,f,4742
06634,2025,30 bis unter 35 Jahre,m,5325
06634,2025,85 bis unter 90 Jahre,m,2007
06634,2025,85 bis unter 90 Jahre,f,3239
06634,2025,5 bis unter 10 Jahre,f,4048
06634,2025,5 bis unter 10 Jahre,m,4237
06634,2025,90 bis unter 95 Jahre,f,1097
06634,2025,90 bis unter 95 Jahre,m,490
06634,2025,45 bis unter 50 Jahre,m,5309
06634,2025,45 bis unter 50 Jahre,f,5287
06634,2025,10 bis unter 15 Jahre,m,4213
06634,2025,10 bis unter 15 Jahre,f,4176
06634,2025,65 bis unter 70 Jahre,m,6519
06634,2025,65 bis unter 70 Jahre,f,6775
06634,2025,70 bis unter 75 Jahre,f,5555
06634,2025,70 bis unter 75 Jahre,m,5195
06634,2025,50 bis unter 55 Jahre,m,5480
06634,2025,50 bis unter 55 Jahre,f,5542
06634,2025,35 bis unter 40 Jahre,f,5589
06634,2025,35 bis unter 40 Jahre,m,6030
06439,2025,5 bis unter 10 Jahre,f,4156
06439,2025,5 bis unter 10 Jahre,m,4475
06439,2025,25 bis unter 30 Jahre,f,4198
06439,2025,25 bis unter 30 Jahre,m,4669
06439,2025,45 bis unter 50 Jahre,f,5905
06439,2025,45 bis unter 50 Jahre,m,5350
06439,2025,80 bis unter 85 Jahre,m,3029
06439,2025,80 bis unter 85 Jahre,f,3813
06439,2025,95 Jahre und mehr,m,133
06439,2025,95 Jahre und mehr,f,365
06439,2025,40 bis unter 45 Jahre,m,5726
06439,2025,40 bis unter 45 Jahre,f,5896
06439,2025,10 bis unter 15 Jahre,f,4273
06439,2025,10 bis unter 15 Jahre,m,4490
06439,2025,85 bis unter 90 Jahre,f,3220
06439,2025,85 bis unter 90 Jahre,m,2085
06439,2025,unter 5 Jahre,m,3814
06439,2025,unter 5 Jahre,f,3540
06439,2025,50 bis unter 55 Jahre,f,6149
06439,2025,50 bis unter 55 Jahre,m,5846
06439,2025,30 bis unter 35 Jahre,m,4838
06439,2025,30 bis unter 35 Jahre,f,4577
06439,2025,75 bis unter 80 Jahre,m,4019
06439,2025,75 bis unter 80 Jahre,f,4802
06439,2025,20 bis unter 25 Jahre,m,4803
06439,2025,20 bis unter 25 Jahre,f,3986
06439,2025,15 bis unter 20 Jahre,f,4397
06439,2025,15 bis unter 20 Jahre,m,4851
06439,2025,35 bis unter 40 Jahre,f,5493
06439,2025,35 bis unter 40 Jahre,m,5513
06439,2025,65 bis unter 70 Jahre,m,6285
06439,2025,65 bis unter 70 Jahre,f,6715
06439,2025,90 bis unter 95 Jahre,m,578
06439,2025,90 bis unter 95 Jahre,f,1179
06439,2025,60 bis unter 65 Jahre,f,8103
06439,2025,60 bis unter 65 Jahre,m,7756
06439,2025,70 bis unter 75 Jahre,f,5568
06439,2025,70 bis unter 75 Jahre,m,4736
06439,2025,55 bis unter 60 Jahre,m,7806
06439,2025,55 bis unter 60 Jahre,f,8222
05770,2025,45 bis unter 50 Jahre,f,8980
05770,2025,45 bis unter 50 Jahre,m,9288
05770,2025,25 bis unter 30 Jahre,f,8250
05770,2025,25 bis unter 30 Jahre,m,9125
05770,2025,30 bis unter 35 Jahre,f,9086
05770,2025,30 bis unter 35 Jahre,m,9798
05770,2025,5 bis unter 10 Jahre,f,7837
05770,2025,5 bis unter 10 Jahre,m,8577
05770,2025,10 bis unter 15 Jahre,f,7921
05770,2025,10 bis unter 15 Jahre,m,8122
05770,2025,85 bis unter 90 Jahre,f,5607
05770,2025,85 bis unter 90 Jahre,m,3404
05770,2025,70 bis unter 75 Jahre,f,9090
05770,2025,70 bis unter 75 Jahre,m,8089
05770,2025,40 bis unter 45 Jahre,m,9827
05770,2025,40 bis unter 45 Jahre,f,9385
05770,2025,75 bis unter 80 Jahre,m,5966
05770,2025,75 bis unter 80 Jahre,f,7165
05770,2025,50 bis unter 55 Jahre,m,9466
05770,2025,50 bis unter 55 Jahre,f,9747
05770,2025,20 bis unter 25 Jahre,m,8416
05770,2025,20 bis unter 25 Jahre,f,7369
05770,2025,95 Jahre und mehr,m,213
05770,2025,95 Jahre und mehr,f,657
05770,2025,15 bis unter 20 Jahre,f,7917
05770,2025,15 bis unter 20 Jahre,m,8601
05770,2025,35 bis unter 40 Jahre,f,9743
05770,2025,35 bis unter 40 Jahre,m,10835
05770,2025,55 bis unter 60 Jahre,f,12602
05770,2025,55 bis unter 60 Jahre,m,12459
05770,2025,60 bis unter 65 Jahre,f,13292
05770,2025,60 bis unter 65 Jahre,m,12906
05770,2025,90 bis unter 95 Jahre,m,1027
05770,2025,90 bis unter 95 Jahre,f,2139
05770,2025,65 bis unter 70 Jahre,m,10886
05770,2025,65 bis unter 70 Jahre,f,11680
05770,2025,unter 5 Jahre,m,7374
05770,2025,unter 5 Jahre,f,6981
05770,2025,80 bis unter 85 Jahre,f,5571
05770,2025,80 bis unter 85 Jahre,m,4093
07315,2025,95 Jahre und mehr,f,357
07315,2025,95 Jahre und mehr,m,115
07315,2025,40 bis unter 45 Jahre,f,7189
07315,2025,40 bis unter 45 Jahre,m,7285
07315,2025,75 bis unter 80 Jahre,f,4143
07315,2025,75 bis unter 80 Jahre,m,3272
07315,2025,55 bis unter 60 Jahre,f,6821
07315,2025,55 bis unter 60 Jahre,m,7322
07315,2025,15 bis unter 20 Jahre,m,4975
07315,2025,15 bis unter 20 Jahre,f,5044
07315,2025,60 bis unter 65 Jahre,f,6574
07315,2025,60 bis unter 65 Jahre,m,6734
07315,2025,20 bis unter 25 Jahre,f,10484
07315,2025,20 bis unter 25 Jahre,m,8215
07315,2025,35 bis unter 40 Jahre,f,8236
07315,2025,35 bis unter 40 Jahre,m,8685
07315,2025,unter 5 Jahre,m,4802
07315,2025,unter 5 Jahre,f,4674
07315,2025,80 bis unter 85 Jahre,f,3507
07315,2025,80 bis unter 85 Jahre,m,2593
07315,2025,85 bis unter 90 Jahre,m,1934
07315,2025,85 bis unter 90 Jahre,f,2897
07315,2025,50 bis unter 55 Jahre,m,6023
07315,2025,50 bis unter 55 Jahre,f,5988
07315,2025,25 bis unter 30 Jahre,f,11689
07315,2025,25 bis unter 30 Jahre,m,11172
07315,2025,30 bis unter 35 Jahre,m,10305
07315,2025,30 bis unter 35 Jahre,f,9544
07315,2025,5 bis unter 10 Jahre,m,4552
07315,2025,5 bis unter 10 Jahre,f,4744
07315,2025,65 bis unter 70 Jahre,f,5882
07315,2025,65 bis unter 70 Jahre,m,5364
07315,2025,10 bis unter 15 Jahre,m,4531
07315,2025,10 bis unter 15 Jahre,f,4494
07315,2025,70 bis unter 75 Jahre,f,5036
07315,2025,70 bis unter 75 Jahre,m,4097
07315,2025,45 bis unter 50 Jahre,f,6501
07315,2025,45 bis unter 50 Jahre,m,6355
07315,2025,90 bis unter 95 Jahre,m,557
07315,2025,90 bis unter 95 Jahre,f,1196
09479,2025,40 bis unter 45 Jahre,f,2034
09479,2025,40 bis unter 45 Jahre,m,2019
09479,2025,20 bis unter 25 Jahre,f,1499
09479,2025,20 bis unter 25 Jahre,m,1632
09479,2025,75 bis unter 80 Jahre,f,1963
09479,2025,75 bis unter 80 Jahre,m,1669
09479,2025,60 bis unter 65 Jahre,f,3182
09479,2025,60 bis unter 65 Jahre,m,3042
09479,2025,55 bis unter 60 Jahre,f,2989
09479,2025,55 bis unter 60 Jahre,m,2852
09479,2025,95 Jahre und mehr,m,54
09479,2025,95 Jahre und mehr,f,127
09479,2025,15 bis unter 20 Jahre,m,1619
09479,2025,15 bis unter 20 Jahre,f,1412
09479,2025,35 bis unter 40 Jahre,f,1946
09479,2025,35 bis unter 40 Jahre,m,2018
09479,2025,unter 5 Jahre,m,1357
09479,2025,unter 5 Jahre,f,1307
09479,2025,80 bis unter 85 Jahre,f,1495
09479,2025,80 bis unter 85 Jahre,m,1079
09479,2025,50 bis unter 55 Jahre,m,2050
09479,2025,50 bis unter 55 Jahre,f,2145
09479,2025,85 bis unter 90 Jahre,m,845
09479,2025,85 bis unter 90 Jahre,f,1409
09479,2025,25 bis unter 30 Jahre,f,1680
09479,2025,25 bis unter 30 Jahre,m,1783
09479,2025,30 bis unter 35 Jahre,m,1910
09479,2025,30 bis unter 35 Jahre,f,1864
09479,2025,5 bis unter 10 Jahre,m,1657
09479,2025,5 bis unter 10 Jahre,f,1499
09479,2025,65 bis unter 70 Jahre,f,2943
09479,2025,65 bis unter 70 Jahre,m,2748
09479,2025,10 bis unter 15 Jahre,f,1392
09479,2025,10 bis unter 15 Jahre,m,1612
09479,2025,70 bis unter 75 Jahre,f,2382
09479,2025,70 bis unter 75 Jahre,m,2103
09479,2025,45 bis unter 50 Jahre,f,1989
09479,2025,45 bis unter 50 Jahre,m,1917
09479,2025,90 bis unter 95 Jahre,m,209
09479,2025,90 bis unter 95 Jahre,f,558
05562,2025,20 bis unter 25 Jahre,m,15275
05562,2025,20 bis unter 25 Jahre,f,13496
05562,2025,55 bis unter 60 Jahre,m,24388
05562,2025,55 bis unter 60 Jahre,f,25324
05562,2025,75 bis unter 80 Jahre,m,12077
05562,2025,75 bis unter 80 Jahre,f,15050
05562,2025,unter 5 Jahre,m,14287
05562,2025,unter 5 Jahre,f,13478
05562,2025,40 bis unter 45 Jahre,f,18866
05562,2025,40 bis unter 45 Jahre,m,19060
05562,2025,35 bis unter 40 Jahre,m,20227
05562,2025,35 bis unter 40 Jahre,f,19895
05562,2025,80 bis unter 85 Jahre,f,11265
05562,2025,80 bis unter 85 Jahre,m,8154
05562,2025,60 bis unter 65 Jahre,m,24484
05562,2025,60 bis unter 65 Jahre,f,25784
05562,2025,5 bis unter 10 Jahre,f,14831
05562,2025,5 bis unter 10 Jahre,m,15874
05562,2025,65 bis unter 70 Jahre,f,23604
05562,2025,65 bis unter 70 Jahre,m,21162
05562,2025,85 bis unter 90 Jahre,f,10281
05562,2025,85 bis unter 90 Jahre,m,5890
05562,2025,90 bis unter 95 Jahre,m,1682
05562,2025,90 bis unter 95 Jahre,f,4130
05562,2025,10 bis unter 15 Jahre,f,14056
05562,2025,10 bis unter 15 Jahre,m,15096
05562,2025,30 bis unter 35 Jahre,m,18612
05562,2025,30 bis unter 35 Jahre,f,17749
05562,2025,50 bis unter 55 Jahre,m,18568
05562,2025,50 bis unter 55 Jahre,f,19538
05562,2025,70 bis unter 75 Jahre,f,19875
05562,2025,70 bis unter 75 Jahre,m,16679
05562,2025,45 bis unter 50 Jahre,m,18033
05562,2025,45 bis unter 50 Jahre,f,18545
05562,2025,25 bis unter 30 Jahre,m,16959
05562,2025,25 bis unter 30 Jahre,f,15699
05562,2025,15 bis unter 20 Jahre,f,13913
05562,2025,15 bis unter 20 Jahre,m,15375
05562,2025,95 Jahre und mehr,f,1272
05562,2025,95 Jahre und mehr,m,332
06631,2025,25 bis unter 30 Jahre,f,6471
06631,2025,25 bis unter 30 Jahre,m,7376
06631,2025,45 bis unter 50 Jahre,f,6429
06631,2025,45 bis unter 50 Jahre,m,6453
06631,2025,10 bis unter 15 Jahre,f,5304
06631,2025,10 bis unter 15 Jahre,m,5404
06631,2025,5 bis unter 10 Jahre,f,5312
06631,2025,5 bis unter 10 Jahre,m,5537
06631,2025,50 bis unter 55 Jahre,f,6834
06631,2025,50 bis unter 55 Jahre,m,6527
06631,2025,80 bis unter 85 Jahre,m,2792
06631,2025,80 bis unter 85 Jahre,f,3631
06631,2025,95 Jahre und mehr,m,118
06631,2025,95 Jahre und mehr,f,465
06631,2025,65 bis unter 70 Jahre,f,7655
06631,2025,65 bis unter 70 Jahre,m,7250
06631,2025,90 bis unter 95 Jahre,f,1365
06631,2025,90 bis unter 95 Jahre,m,692
06631,2025,15 bis unter 20 Jahre,m,5647
06631,2025,15 bis unter 20 Jahre,f,5176
06631,2025,35 bis unter 40 Jahre,m,7427
06631,2025,35 bis unter 40 Jahre,f,6929
06631,2025,40 bis unter 45 Jahre,m,6890
06631,2025,40 bis unter 45 Jahre,f,6571
06631,2025,60 bis unter 65 Jahre,m,8853
06631,2025,60 bis unter 65 Jahre,f,8946
06631,2025,70 bis unter 75 Jahre,f,6229
06631,2025,70 bis unter 75 Jahre,m,5723
06631,2025,55 bis unter 60 Jahre,f,8547
06631,2025,55 bis unter 60 Jahre,m,8541
06631,2025,75 bis unter 80 Jahre,f,4992
06631,2025,75 bis unter 80 Jahre,m,4162
06631,2025,unter 5 Jahre,f,4806
06631,2025,unter 5 Jahre,m,5178
06631,2025,30 bis unter 35 Jahre,m,7228
06631,2025,30 bis unter 35 Jahre,f,6346
06631,2025,20 bis unter 25 Jahre,m,6283
06631,2025,20 bis unter 25 Jahre,f,5778
06631,2025,85 bis unter 90 Jahre,m,2447
06631,2025,85 bis unter 90 Jahre,f,3900
08126,2025,70 bis unter 75 Jahre,f,3241
08126,2025,70 bis unter 75 Jahre,m,2879
08126,2025,25 bis unter 30 Jahre,m,3737
08126,2025,25 bis unter 30 Jahre,f,3136
08126,2025,90 bis unter 95 Jahre,f,605
08126,2025,90 bis unter 95 Jahre,m,298
08126,2025,85 bis unter 90 Jahre,f,1692
08126,2025,85 bis unter 90 Jahre,m,1028
08126,2025,45 bis unter 50 Jahre,m,3426
08126,2025,45 bis unter 50 Jahre,f,3439
08126,2025,65 bis unter 70 Jahre,m,3809
08126,2025,65 bis unter 70 Jahre,f,4000
08126,2025,50 bis unter 55 Jahre,m,3598
08126,2025,50 bis unter 55 Jahre,f,3537
08126,2025,10 bis unter 15 Jahre,m,2867
08126,2025,10 bis unter 15 Jahre,f,2684
08126,2025,30 bis unter 35 Jahre,f,3433
08126,2025,30 bis unter 35 Jahre,m,3803
08126,2025,5 bis unter 10 Jahre,f,2827
08126,2025,5 bis unter 10 Jahre,m,3169
08126,2025,15 bis unter 20 Jahre,f,2624
08126,2025,15 bis unter 20 Jahre,m,3124
08126,2025,35 bis unter 40 Jahre,f,3850
08126,2025,35 bis unter 40 Jahre,m,4170
08126,2025,40 bis unter 45 Jahre,m,3907
08126,2025,40 bis unter 45 Jahre,f,3399
08126,2025,60 bis unter 65 Jahre,f,4597
08126,2025,60 bis unter 65 Jahre,m,4639
08126,2025,80 bis unter 85 Jahre,f,1758
08126,2025,80 bis unter 85 Jahre,m,1318
08126,2025,20 bis unter 25 Jahre,m,3218
08126,2025,20 bis unter 25 Jahre,f,2723
08126,2025,unter 5 Jahre,m,2781
08126,2025,unter 5 Jahre,f,2800
08126,2025,95 Jahre und mehr,m,55
08126,2025,95 Jahre und mehr,f,169
08126,2025,55 bis unter 60 Jahre,f,4518
08126,2025,55 bis unter 60 Jahre,m,4415
08126,2025,75 bis unter 80 Jahre,m,2021
08126,2025,75 bis unter 80 Jahre,f,2307
08235,2025,35 bis unter 40 Jahre,m,5493
08235,2025,35 bis unter 40 Jahre,f,5294
08235,2025,80 bis unter 85 Jahre,f,2593
08235,2025,80 bis unter 85 Jahre,m,2111
08235,2025,unter 5 Jahre,m,3984
08235,2025,unter 5 Jahre,f,3853
08235,2025,55 bis unter 60 Jahre,m,6017
08235,2025,55 bis unter 60 Jahre,f,6212
08235,2025,75 bis unter 80 Jahre,m,3019
08235,2025,75 bis unter 80 Jahre,f,3416
08235,2025,60 bis unter 65 Jahre,m,6635
08235,2025,60 bis unter 65 Jahre,f,6705
08235,2025,20 bis unter 25 Jahre,m,4315
08235,2025,20 bis unter 25 Jahre,f,3650
08235,2025,40 bis unter 45 Jahre,f,5039
08235,2025,40 bis unter 45 Jahre,m,5269
08235,2025,5 bis unter 10 Jahre,f,4031
08235,2025,5 bis unter 10 Jahre,m,4222
08235,2025,95 Jahre und mehr,m,80
08235,2025,95 Jahre und mehr,f,267
08235,2025,10 bis unter 15 Jahre,f,3712
08235,2025,10 bis unter 15 Jahre,m,4107
08235,2025,85 bis unter 90 Jahre,f,2594
08235,2025,85 bis unter 90 Jahre,m,1561
08235,2025,65 bis unter 70 Jahre,m,5381
08235,2025,65 bis unter 70 Jahre,f,5756
08235,2025,90 bis unter 95 Jahre,m,495
08235,2025,90 bis unter 95 Jahre,f,955
08235,2025,25 bis unter 30 Jahre,m,4582
08235,2025,25 bis unter 30 Jahre,f,3978
08235,2025,45 bis unter 50 Jahre,m,4804
08235,2025,45 bis unter 50 Jahre,f,4727
08235,2025,50 bis unter 55 Jahre,f,4943
08235,2025,50 bis unter 55 Jahre,m,4894
08235,2025,30 bis unter 35 Jahre,m,4863
08235,2025,30 bis unter 35 Jahre,f,4544
08235,2025,70 bis unter 75 Jahre,f,4594
08235,2025,70 bis unter 75 Jahre,m,4205
08235,2025,15 bis unter 20 Jahre,f,3765
08235,2025,15 bis unter 20 Jahre,m,4101
09177,2025,35 bis unter 40 Jahre,f,4760
09177,2025,35 bis unter 40 Jahre,m,4927
09177,2025,unter 5 Jahre,f,3317
09177,2025,unter 5 Jahre,m,3435
09177,2025,55 bis unter 60 Jahre,f,5702
09177,2025,55 bis unter 60 Jahre,m,6122
09177,2025,75 bis unter 80 Jahre,f,2669
09177,2025,75 bis unter 80 Jahre,m,2239
09177,2025,15 bis unter 20 Jahre,m,3518
09177,2025,15 bis unter 20 Jahre,f,3348
09177,2025,90 bis unter 95 Jahre,m,301
09177,2025,90 bis unter 95 Jahre,f,631
09177,2025,60 bis unter 65 Jahre,f,5453
09177,2025,60 bis unter 65 Jahre,m,5775
09177,2025,20 bis unter 25 Jahre,f,3444
09177,2025,20 bis unter 25 Jahre,m,3814
09177,2025,50 bis unter 55 Jahre,m,4739
09177,2025,50 bis unter 55 Jahre,f,4767
09177,2025,30 bis unter 35 Jahre,m,4504
09177,2025,30 bis unter 35 Jahre,f,4190
09177,2025,85 bis unter 90 Jahre,m,1126
09177,2025,85 bis unter 90 Jahre,f,1689
09177,2025,10 bis unter 15 Jahre,m,3607
09177,2025,10 bis unter 15 Jahre,f,3368
09177,2025,40 bis unter 45 Jahre,m,4750
09177,2025,40 bis unter 45 Jahre,f,4866
09177,2025,5 bis unter 10 Jahre,m,3733
09177,2025,5 bis unter 10 Jahre,f,3555
09177,2025,45 bis unter 50 Jahre,f,4775
09177,2025,45 bis unter 50 Jahre,m,4868
09177,2025,25 bis unter 30 Jahre,f,3940
09177,2025,25 bis unter 30 Jahre,m,4340
09177,2025,70 bis unter 75 Jahre,f,3185
09177,2025,70 bis unter 75 Jahre,m,3019
09177,2025,65 bis unter 70 Jahre,m,4151
09177,2025,65 bis unter 70 Jahre,f,4152
09177,2025,80 bis unter 85 Jahre,f,1935
09177,2025,80 bis unter 85 Jahre,m,1521
09177,2025,95 Jahre und mehr,f,171
09177,2025,95 Jahre und mehr,m,50
01001,2025,unter 5 Jahre,f,1894
01001,2025,unter 5 Jahre,m,2053
01001,2025,35 bis unter 40 Jahre,f,3113
01001,2025,35 bis unter 40 Jahre,m,3570
01001,2025,55 bis unter 60 Jahre,f,3332
01001,2025,55 bis unter 60 Jahre,m,3356
01001,2025,95 Jahre und mehr,f,99
01001,2025,95 Jahre und mehr,m,46
01001,2025,40 bis unter 45 Jahre,f,2828
01001,2025,40 bis unter 45 Jahre,m,2992
01001,2025,15 bis unter 20 Jahre,f,2309
01001,2025,15 bis unter 20 Jahre,m,2423
01001,2025,20 bis unter 25 Jahre,f,3958
01001,2025,20 bis unter 25 Jahre,m,3396
01001,2025,90 bis unter 95 Jahre,m,248
01001,2025,90 bis unter 95 Jahre,f,489
01001,2025,60 bis unter 65 Jahre,f,3238
01001,2025,60 bis unter 65 Jahre,m,3242
01001,2025,75 bis unter 80 Jahre,f,2067
01001,2025,75 bis unter 80 Jahre,m,1659
01001,2025,45 bis unter 50 Jahre,m,2763
01001,2025,45 bis unter 50 Jahre,f,2657
01001,2025,70 bis unter 75 Jahre,m,1979
01001,2025,70 bis unter 75 Jahre,f,2408
01001,2025,50 bis unter 55 Jahre,m,2530
01001,2025,50 bis unter 55 Jahre,f,2718
01001,2025,25 bis unter 30 Jahre,m,4313
01001,2025,25 bis unter 30 Jahre,f,3962
01001,2025,80 bis unter 85 Jahre,f,1697
01001,2025,80 bis unter 85 Jahre,m,1277
01001,2025,65 bis unter 70 Jahre,f,2754
01001,2025,65 bis unter 70 Jahre,m,2537
01001,2025,85 bis unter 90 Jahre,f,1490
01001,2025,85 bis unter 90 Jahre,m,916
01001,2025,5 bis unter 10 Jahre,m,2146
01001,2025,5 bis unter 10 Jahre,f,2049
01001,2025,10 bis unter 15 Jahre,f,1984
01001,2025,10 bis unter 15 Jahre,m,2041
01001,2025,30 bis unter 35 Jahre,m,3811
01001,2025,30 bis unter 35 Jahre,f,3224
09372,2025,30 bis unter 35 Jahre,m,3965
09372,2025,30 bis unter 35 Jahre,f,3521
09372,2025,85 bis unter 90 Jahre,m,1248
09372,2025,85 bis unter 90 Jahre,f,1996
09372,2025,50 bis unter 55 Jahre,m,4114
09372,2025,50 bis unter 55 Jahre,f,4069
09372,2025,10 bis unter 15 Jahre,m,2900
09372,2025,10 bis unter 15 Jahre,f,2847
09372,2025,90 bis unter 95 Jahre,m,289
09372,2025,90 bis unter 95 Jahre,f,726
09372,2025,70 bis unter 75 Jahre,f,3930
09372,2025,70 bis unter 75 Jahre,m,3895
09372,2025,25 bis unter 30 Jahre,m,3952
09372,2025,25 bis unter 30 Jahre,f,3167
09372,2025,95 Jahre und mehr,m,46
09372,2025,95 Jahre und mehr,f,170
09372,2025,65 bis unter 70 Jahre,m,4765
09372,2025,65 bis unter 70 Jahre,f,4858
09372,2025,35 bis unter 40 Jahre,f,4029
09372,2025,35 bis unter 40 Jahre,m,4228
09372,2025,20 bis unter 25 Jahre,f,2864
09372,2025,20 bis unter 25 Jahre,m,3310
09372,2025,5 bis unter 10 Jahre,m,3063
09372,2025,5 bis unter 10 Jahre,f,2985
09372,2025,15 bis unter 20 Jahre,f,2747
09372,2025,15 bis unter 20 Jahre,m,2929
09372,2025,40 bis unter 45 Jahre,f,3933
09372,2025,40 bis unter 45 Jahre,m,4190
09372,2025,75 bis unter 80 Jahre,m,2795
09372,2025,75 bis unter 80 Jahre,f,3012
09372,2025,60 bis unter 65 Jahre,m,5346
09372,2025,60 bis unter 65 Jahre,f,5413
09372,2025,55 bis unter 60 Jahre,m,5107
09372,2025,55 bis unter 60 Jahre,f,5042
09372,2025,80 bis unter 85 Jahre,m,1555
09372,2025,80 bis unter 85 Jahre,f,1952
09372,2025,unter 5 Jahre,m,2839
09372,2025,unter 5 Jahre,f,2717
09372,2025,45 bis unter 50 Jahre,f,3758
09372,2025,45 bis unter 50 Jahre,m,3869
04011,2025,60 bis unter 65 Jahre,m,19664
04011,2025,60 bis unter 65 Jahre,f,20435
04011,2025,40 bis unter 45 Jahre,m,19102
04011,2025,40 bis unter 45 Jahre,f,18722
04011,2025,20 bis unter 25 Jahre,m,18633
04011,2025,20 bis unter 25 Jahre,f,17431
04011,2025,unter 5 Jahre,m,13465
04011,2025,unter 5 Jahre,f,12911
04011,2025,35 bis unter 40 Jahre,m,21548
04011,2025,35 bis unter 40 Jahre,f,20020
04011,2025,5 bis unter 10 Jahre,f,14576
04011,2025,5 bis unter 10 Jahre,m,15437
04011,2025,80 bis unter 85 Jahre,f,10549
04011,2025,80 bis unter 85 Jahre,m,7504
04011,2025,45 bis unter 50 Jahre,f,17382
04011,2025,45 bis unter 50 Jahre,m,17352
04011,2025,75 bis unter 80 Jahre,m,10114
04011,2025,75 bis unter 80 Jahre,f,12993
04011,2025,30 bis unter 35 Jahre,f,20472
04011,2025,30 bis unter 35 Jahre,m,22572
04011,2025,15 bis unter 20 Jahre,m,15217
04011,2025,15 bis unter 20 Jahre,f,13818
04011,2025,25 bis unter 30 Jahre,f,21336
04011,2025,25 bis unter 30 Jahre,m,24262
04011,2025,50 bis unter 55 Jahre,f,17072
04011,2025,50 bis unter 55 Jahre,m,16673
04011,2025,95 Jahre und mehr,m,260
04011,2025,95 Jahre und mehr,f,939
04011,2025,90 bis unter 95 Jahre,m,1486
04011,2025,90 bis unter 95 Jahre,f,3447
04011,2025,65 bis unter 70 Jahre,m,15378
04011,2025,65 bis unter 70 Jahre,f,17675
04011,2025,70 bis unter 75 Jahre,m,12156
04011,2025,70 bis unter 75 Jahre,f,14854
04011,2025,85 bis unter 90 Jahre,m,5466
04011,2025,85 bis unter 90 Jahre,f,9231
04011,2025,10 bis unter 15 Jahre,m,14012
04011,2025,10 bis unter 15 Jahre,f,13194
04011,2025,55 bis unter 60 Jahre,f,20368
04011,2025,55 bis unter 60 Jahre,m,20687
08125,2025,75 bis unter 80 Jahre,f,7494
08125,2025,75 bis unter 80 Jahre,m,6191
08125,2025,20 bis unter 25 Jahre,f,7949
08125,2025,20 bis unter 25 Jahre,m,9247
08125,2025,40 bis unter 45 Jahre,f,11476
08125,2025,40 bis unter 45 Jahre,m,11889
08125,2025,15 bis unter 20 Jahre,m,8965
08125,2025,15 bis unter 20 Jahre,f,8141
08125,2025,60 bis unter 65 Jahre,f,14003
08125,2025,60 bis unter 65 Jahre,m,13779
08125,2025,80 bis unter 85 Jahre,f,5561
08125,2025,80 bis unter 85 Jahre,m,4248
08125,2025,55 bis unter 60 Jahre,f,13881
08125,2025,55 bis unter 60 Jahre,m,13557
08125,2025,unter 5 Jahre,m,8888
08125,2025,unter 5 Jahre,f,8513
08125,2025,35 bis unter 40 Jahre,m,12831
08125,2025,35 bis unter 40 Jahre,f,12002
08125,2025,70 bis unter 75 Jahre,m,8384
08125,2025,70 bis unter 75 Jahre,f,9527
08125,2025,90 bis unter 95 Jahre,m,943
08125,2025,90 bis unter 95 Jahre,f,1887
08125,2025,45 bis unter 50 Jahre,m,11288
08125,2025,45 bis unter 50 Jahre,f,10964
08125,2025,65 bis unter 70 Jahre,f,11558
08125,2025,65 bis unter 70 Jahre,m,11139
08125,2025,30 bis unter 35 Jahre,f,10473
08125,2025,30 bis unter 35 Jahre,m,11375
08125,2025,85 bis unter 90 Jahre,f,4997
08125,2025,85 bis unter 90 Jahre,m,3211
08125,2025,50 bis unter 55 Jahre,f,11061
08125,2025,50 bis unter 55 Jahre,m,11015
08125,2025,10 bis unter 15 Jahre,f,8361
08125,2025,10 bis unter 15 Jahre,m,9233
08125,2025,95 Jahre und mehr,m,149
08125,2025,95 Jahre und mehr,f,477
08125,2025,25 bis unter 30 Jahre,m,10590
08125,2025,25 bis unter 30 Jahre,f,9338
08125,2025,5 bis unter 10 Jahre,f,9086
08125,2025,5 bis unter 10 Jahre,m,10033
01054,2025,70 bis unter 75 Jahre,f,5433
01054,2025,70 bis unter 75 Jahre,m,4862
01054,2025,25 bis unter 30 Jahre,m,4670
01054,2025,25 bis unter 30 Jahre,f,4114
01054,2025,90 bis unter 95 Jahre,f,1048
01054,2025,90 bis unter 95 Jahre,m,481
01054,2025,85 bis unter 90 Jahre,f,3058
01054,2025,85 bis unter 90 Jahre,m,1982
01054,2025,45 bis unter 50 Jahre,m,4656
01054,2025,45 bis unter 50 Jahre,f,4998
01054,2025,65 bis unter 70 Jahre,m,5833
01054,2025,65 bis unter 70 Jahre,f,6603
01054,2025,50 bis unter 55 Jahre,m,4931
01054,2025,50 bis unter 55 Jahre,f,5607
01054,2025,10 bis unter 15 Jahre,m,3859
01054,2025,10 bis unter 15 Jahre,f,3650
01054,2025,30 bis unter 35 Jahre,f,4437
01054,2025,30 bis unter 35 Jahre,m,4949
01054,2025,5 bis unter 10 Jahre,f,3658
01054,2025,5 bis unter 10 Jahre,m,3943
01054,2025,95 Jahre und mehr,f,287
01054,2025,95 Jahre und mehr,m,100
01054,2025,15 bis unter 20 Jahre,f,3796
01054,2025,15 bis unter 20 Jahre,m,4176
01054,2025,35 bis unter 40 Jahre,f,5035
01054,2025,35 bis unter 40 Jahre,m,5206
01054,2025,40 bis unter 45 Jahre,m,4928
01054,2025,40 bis unter 45 Jahre,f,4940
01054,2025,60 bis unter 65 Jahre,f,7989
01054,2025,60 bis unter 65 Jahre,m,7149
01054,2025,80 bis unter 85 Jahre,f,3559
01054,2025,80 bis unter 85 Jahre,m,2708
01054,2025,unter 5 Jahre,m,3389
01054,2025,unter 5 Jahre,f,3239
01054,2025,75 bis unter 80 Jahre,m,3781
01054,2025,75 bis unter 80 Jahre,f,4526
01054,2025,55 bis unter 60 Jahre,f,7557
01054,2025,55 bis unter 60 Jahre,m,7107
01054,2025,20 bis unter 25 Jahre,f,3667
01054,2025,20 bis unter 25 Jahre,m,4237
03155,2025,55 bis unter 60 Jahre,m,5130
03155,2025,55 bis unter 60 Jahre,f,5337
03155,2025,unter 5 Jahre,m,2607
03155,2025,unter 5 Jahre,f,2358
03155,2025,80 bis unter 85 Jahre,f,2524
03155,2025,80 bis unter 85 Jahre,m,1948
03155,2025,40 bis unter 45 Jahre,m,3636
03155,2025,40 bis unter 45 Jahre,f,3586
03155,2025,35 bis unter 40 Jahre,m,3830
03155,2025,35 bis unter 40 Jahre,f,3613
03155,2025,60 bis unter 65 Jahre,f,5786
03155,2025,60 bis unter 65 Jahre,m,5403
03155,2025,20 bis unter 25 Jahre,m,2842
03155,2025,20 bis unter 25 Jahre,f,2446
03155,2025,15 bis unter 20 Jahre,m,2954
03155,2025,15 bis unter 20 Jahre,f,2709
03155,2025,75 bis unter 80 Jahre,m,3090
03155,2025,75 bis unter 80 Jahre,f,3190
03155,2025,10 bis unter 15 Jahre,f,2688
03155,2025,10 bis unter 15 Jahre,m,2733
03155,2025,90 bis unter 95 Jahre,m,425
03155,2025,90 bis unter 95 Jahre,f,900
03155,2025,70 bis unter 75 Jahre,m,3941
03155,2025,70 bis unter 75 Jahre,f,4198
03155,2025,65 bis unter 70 Jahre,f,4948
03155,2025,65 bis unter 70 Jahre,m,4861
03155,2025,45 bis unter 50 Jahre,m,3369
03155,2025,45 bis unter 50 Jahre,f,3502
03155,2025,95 Jahre und mehr,f,236
03155,2025,95 Jahre und mehr,m,72
03155,2025,85 bis unter 90 Jahre,m,1578
03155,2025,85 bis unter 90 Jahre,f,2489
03155,2025,30 bis unter 35 Jahre,f,3102
03155,2025,30 bis unter 35 Jahre,m,3389
03155,2025,25 bis unter 30 Jahre,m,3317
03155,2025,25 bis unter 30 Jahre,f,2869
03155,2025,50 bis unter 55 Jahre,m,3741
03155,2025,50 bis unter 55 Jahre,f,3778
03155,2025,5 bis unter 10 Jahre,f,2768
03155,2025,5 bis unter 10 Jahre,m,2799
05166,2025,75 bis unter 80 Jahre,m,5976
05166,2025,75 bis unter 80 Jahre,f,7073
05166,2025,40 bis unter 45 Jahre,m,9213
05166,2025,40 bis unter 45 Jahre,f,9361
05166,2025,20 bis unter 25 Jahre,m,7020
05166,2025,20 bis unter 25 Jahre,f,6015
05166,2025,95 Jahre und mehr,f,503
05166,2025,95 Jahre und mehr,m,162
05166,2025,35 bis unter 40 Jahre,m,9585
05166,2025,35 bis unter 40 Jahre,f,9552
05166,2025,55 bis unter 60 Jahre,m,12581
05166,2025,55 bis unter 60 Jahre,f,13508
05166,2025,60 bis unter 65 Jahre,m,12965
05166,2025,60 bis unter 65 Jahre,f,13621
05166,2025,15 bis unter 20 Jahre,m,6980
05166,2025,15 bis unter 20 Jahre,f,6677
05166,2025,unter 5 Jahre,m,6190
05166,2025,unter 5 Jahre,f,6167
05166,2025,45 bis unter 50 Jahre,f,8722
05166,2025,45 bis unter 50 Jahre,m,8364
05166,2025,10 bis unter 15 Jahre,f,6766
05166,2025,10 bis unter 15 Jahre,m,6873
05166,2025,65 bis unter 70 Jahre,f,11066
05166,2025,65 bis unter 70 Jahre,m,10395
05166,2025,80 bis unter 85 Jahre,m,4257
05166,2025,80 bis unter 85 Jahre,f,5503
05166,2025,90 bis unter 95 Jahre,f,1898
05166,2025,90 bis unter 95 Jahre,m,943
05166,2025,70 bis unter 75 Jahre,m,8048
05166,2025,70 bis unter 75 Jahre,f,8815
05166,2025,30 bis unter 35 Jahre,m,8915
05166,2025,30 bis unter 35 Jahre,f,8271
05166,2025,85 bis unter 90 Jahre,m,3046
05166,2025,85 bis unter 90 Jahre,f,4910
05166,2025,25 bis unter 30 Jahre,m,8307
05166,2025,25 bis unter 30 Jahre,f,6820
05166,2025,50 bis unter 55 Jahre,m,8529
05166,2025,50 bis unter 55 Jahre,f,9343
05166,2025,5 bis unter 10 Jahre,f,6993
05166,2025,5 bis unter 10 Jahre,m,7260
09673,2025,40 bis unter 45 Jahre,m,2495
09673,2025,40 bis unter 45 Jahre,f,2367
09673,2025,75 bis unter 80 Jahre,m,1771
09673,2025,75 bis unter 80 Jahre,f,1916
09673,2025,20 bis unter 25 Jahre,m,1951
09673,2025,20 bis unter 25 Jahre,f,1731
09673,2025,55 bis unter 60 Jahre,m,3140
09673,2025,55 bis unter 60 Jahre,f,3158
09673,2025,80 bis unter 85 Jahre,m,902
09673,2025,80 bis unter 85 Jahre,f,1259
09673,2025,60 bis unter 65 Jahre,m,3523
09673,2025,60 bis unter 65 Jahre,f,3417
09673,2025,15 bis unter 20 Jahre,m,1962
09673,2025,15 bis unter 20 Jahre,f,1829
09673,2025,unter 5 Jahre,m,1800
09673,2025,unter 5 Jahre,f,1673
09673,2025,45 bis unter 50 Jahre,f,2202
09673,2025,45 bis unter 50 Jahre,m,2222
09673,2025,10 bis unter 15 Jahre,f,1823
09673,2025,10 bis unter 15 Jahre,m,1829
09673,2025,65 bis unter 70 Jahre,f,3119
09673,2025,65 bis unter 70 Jahre,m,3022
09673,2025,95 Jahre und mehr,m,33
09673,2025,95 Jahre und mehr,f,107
09673,2025,35 bis unter 40 Jahre,m,2535
09673,2025,35 bis unter 40 Jahre,f,2353
09673,2025,70 bis unter 75 Jahre,m,2402
09673,2025,70 bis unter 75 Jahre,f,2549
09673,2025,90 bis unter 95 Jahre,f,505
09673,2025,90 bis unter 95 Jahre,m,203
09673,2025,85 bis unter 90 Jahre,m,825
09673,2025,85 bis unter 90 Jahre,f,1372
09673,2025,30 bis unter 35 Jahre,m,2329
09673,2025,30 bis unter 35 Jahre,f,2124
09673,2025,25 bis unter 30 Jahre,m,2086
09673,2025,25 bis unter 30 Jahre,f,1764
09673,2025,50 bis unter 55 Jahre,m,2297
09673,2025,50 bis unter 55 Jahre,f,2400
09673,2025,5 bis unter 10 Jahre,f,1958
09673,2025,5 bis unter 10 Jahre,m,1949
05570,2025,90 bis unter 95 Jahre,m,830
05570,2025,90 bis unter 95 Jahre,f,1780
05570,2025,70 bis unter 75 Jahre,m,7151
05570,2025,70 bis unter 75 Jahre,f,8171
05570,2025,15 bis unter 20 Jahre,f,6745
05570,2025,15 bis unter 20 Jahre,m,7379
05570,2025,50 bis unter 55 Jahre,m,8655
05570,2025,50 bis unter 55 Jahre,f,8842
05570,2025,unter 5 Jahre,f,6248
05570,2025,unter 5 Jahre,m,6799
05570,2025,65 bis unter 70 Jahre,m,9584
05570,2025,65 bis unter 70 Jahre,f,10090
05570,2025,30 bis unter 35 Jahre,m,8084
05570,2025,30 bis unter 35 Jahre,f,7737
05570,2025,35 bis unter 40 Jahre,f,8784
05570,2025,35 bis unter 40 Jahre,m,9131
05570,2025,75 bis unter 80 Jahre,f,6305
05570,2025,75 bis unter 80 Jahre,m,5427
05570,2025,25 bis unter 30 Jahre,m,7853
05570,2025,25 bis unter 30 Jahre,f,7066
05570,2025,60 bis unter 65 Jahre,f,11845
05570,2025,60 bis unter 65 Jahre,m,11384
05570,2025,95 Jahre und mehr,f,522
05570,2025,95 Jahre und mehr,m,189
05570,2025,45 bis unter 50 Jahre,m,8287
05570,2025,45 bis unter 50 Jahre,f,8569
05570,2025,55 bis unter 60 Jahre,f,11388
05570,2025,55 bis unter 60 Jahre,m,11732
05570,2025,80 bis unter 85 Jahre,f,4676
05570,2025,80 bis unter 85 Jahre,m,3677
05570,2025,10 bis unter 15 Jahre,f,6714
05570,2025,10 bis unter 15 Jahre,m,7157
05570,2025,40 bis unter 45 Jahre,m,8834
05570,2025,40 bis unter 45 Jahre,f,8753
05570,2025,5 bis unter 10 Jahre,m,7286
05570,2025,5 bis unter 10 Jahre,f,7037
05570,2025,85 bis unter 90 Jahre,f,4555
05570,2025,85 bis unter 90 Jahre,m,2745
05570,2025,20 bis unter 25 Jahre,f,6464
05570,2025,20 bis unter 25 Jahre,m,7397
09778,2025,25 bis unter 30 Jahre,f,3771
09778,2025,25 bis unter 30 Jahre,m,4561
09778,2025,10 bis unter 15 Jahre,f,3461
09778,2025,10 bis unter 15 Jahre,m,3606
09778,2025,5 bis unter 10 Jahre,f,3962
09778,2025,5 bis unter 10 Jahre,m,4030
09778,2025,95 Jahre und mehr,f,232
09778,2025,95 Jahre und mehr,m,61
09778,2025,85 bis unter 90 Jahre,f,2318
09778,2025,85 bis unter 90 Jahre,m,1452
09778,2025,60 bis unter 65 Jahre,m,5937
09778,2025,60 bis unter 65 Jahre,f,5803
09778,2025,30 bis unter 35 Jahre,f,4307
09778,2025,30 bis unter 35 Jahre,m,4759
09778,2025,70 bis unter 75 Jahre,f,3887
09778,2025,70 bis unter 75 Jahre,m,3643
09778,2025,45 bis unter 50 Jahre,f,4334
09778,2025,45 bis unter 50 Jahre,m,4549
09778,2025,75 bis unter 80 Jahre,m,2887
09778,2025,75 bis unter 80 Jahre,f,3276
09778,2025,55 bis unter 60 Jahre,m,5953
09778,2025,55 bis unter 60 Jahre,f,5678
09778,2025,90 bis unter 95 Jahre,f,810
09778,2025,90 bis unter 95 Jahre,m,396
09778,2025,unter 5 Jahre,m,3936
09778,2025,unter 5 Jahre,f,3652
09778,2025,65 bis unter 70 Jahre,m,4535
09778,2025,65 bis unter 70 Jahre,f,4965
09778,2025,35 bis unter 40 Jahre,m,5165
09778,2025,35 bis unter 40 Jahre,f,4752
09778,2025,80 bis unter 85 Jahre,f,2602
09778,2025,80 bis unter 85 Jahre,m,2025
09778,2025,15 bis unter 20 Jahre,f,3223
09778,2025,15 bis unter 20 Jahre,m,3546
09778,2025,50 bis unter 55 Jahre,m,4636
09778,2025,50 bis unter 55 Jahre,f,4323
09778,2025,20 bis unter 25 Jahre,f,3290
09778,2025,20 bis unter 25 Jahre,m,3827
09778,2025,40 bis unter 45 Jahre,m,4814
09778,2025,40 bis unter 45 Jahre,f,4422
03457,2025,60 bis unter 65 Jahre,m,6779
03457,2025,60 bis unter 65 Jahre,f,7166
03457,2025,80 bis unter 85 Jahre,m,2171
03457,2025,80 bis unter 85 Jahre,f,2835
03457,2025,20 bis unter 25 Jahre,m,4356
03457,2025,20 bis unter 25 Jahre,f,3758
03457,2025,75 bis unter 80 Jahre,m,3543
03457,2025,75 bis unter 80 Jahre,f,4006
03457,2025,45 bis unter 50 Jahre,f,4734
03457,2025,45 bis unter 50 Jahre,m,4790
03457,2025,35 bis unter 40 Jahre,m,5653
03457,2025,35 bis unter 40 Jahre,f,5384
03457,2025,5 bis unter 10 Jahre,f,4247
03457,2025,5 bis unter 10 Jahre,m,4461
03457,2025,30 bis unter 35 Jahre,f,4882
03457,2025,30 bis unter 35 Jahre,m,5110
03457,2025,65 bis unter 70 Jahre,f,6312
03457,2025,65 bis unter 70 Jahre,m,5543
03457,2025,55 bis unter 60 Jahre,f,7142
03457,2025,55 bis unter 60 Jahre,m,6814
03457,2025,unter 5 Jahre,f,3822
03457,2025,unter 5 Jahre,m,4010
03457,2025,90 bis unter 95 Jahre,f,854
03457,2025,90 bis unter 95 Jahre,m,366
03457,2025,85 bis unter 90 Jahre,f,2479
03457,2025,85 bis unter 90 Jahre,m,1483
03457,2025,10 bis unter 15 Jahre,f,4023
03457,2025,10 bis unter 15 Jahre,m,4141
03457,2025,95 Jahre und mehr,m,64
03457,2025,95 Jahre und mehr,f,225
03457,2025,70 bis unter 75 Jahre,m,4731
03457,2025,70 bis unter 75 Jahre,f,5022
03457,2025,50 bis unter 55 Jahre,m,5147
03457,2025,50 bis unter 55 Jahre,f,5382
03457,2025,40 bis unter 45 Jahre,f,5071
03457,2025,40 bis unter 45 Jahre,m,5180
03457,2025,25 bis unter 30 Jahre,m,4714
03457,2025,25 bis unter 30 Jahre,f,4315
03457,2025,15 bis unter 20 Jahre,f,4149
03457,2025,15 bis unter 20 Jahre,m,4247
06632,2025,20 bis unter 25 Jahre,f,2532
06632,2025,20 bis unter 25 Jahre,m,2782
06632,2025,75 bis unter 80 Jahre,f,3054
06632,2025,75 bis unter 80 Jahre,m,2661
06632,2025,35 bis unter 40 Jahre,f,3466
06632,2025,35 bis unter 40 Jahre,m,3734
06632,2025,40 bis unter 45 Jahre,f,3439
06632,2025,40 bis unter 45 Jahre,m,3573
06632,2025,15 bis unter 20 Jahre,m,2961
06632,2025,15 bis unter 20 Jahre,f,2666
06632,2025,55 bis unter 60 Jahre,f,4633
06632,2025,55 bis unter 60 Jahre,m,4627
06632,2025,60 bis unter 65 Jahre,f,4962
06632,2025,60 bis unter 65 Jahre,m,4869
06632,2025,unter 5 Jahre,f,2400
06632,2025,unter 5 Jahre,m,2572
06632,2025,95 Jahre und mehr,m,68
06632,2025,95 Jahre und mehr,f,197
06632,2025,65 bis unter 70 Jahre,m,4209
06632,2025,65 bis unter 70 Jahre,f,4384
06632,2025,85 bis unter 90 Jahre,m,1415
06632,2025,85 bis unter 90 Jahre,f,2300
06632,2025,90 bis unter 95 Jahre,m,345
06632,2025,90 bis unter 95 Jahre,f,768
06632,2025,5 bis unter 10 Jahre,f,2632
06632,2025,5 bis unter 10 Jahre,m,2919
06632,2025,10 bis unter 15 Jahre,m,2854
06632,2025,10 bis unter 15 Jahre,f,2641
06632,2025,30 bis unter 35 Jahre,f,2941
06632,2025,30 bis unter 35 Jahre,m,3288
06632,2025,45 bis unter 50 Jahre,m,3474
06632,2025,45 bis unter 50 Jahre,f,3381
06632,2025,80 bis unter 85 Jahre,m,1693
06632,2025,80 bis unter 85 Jahre,f,2197
06632,2025,25 bis unter 30 Jahre,f,2637
06632,2025,25 bis unter 30 Jahre,m,3077
06632,2025,50 bis unter 55 Jahre,f,3640
06632,2025,50 bis unter 55 Jahre,m,3668
06632,2025,70 bis unter 75 Jahre,m,3372
06632,2025,70 bis unter 75 Jahre,f,3875
09371,2025,35 bis unter 40 Jahre,m,3526
09371,2025,35 bis unter 40 Jahre,f,3380
09371,2025,80 bis unter 85 Jahre,f,1649
09371,2025,80 bis unter 85 Jahre,m,1236
09371,2025,unter 5 Jahre,m,2546
09371,2025,unter 5 Jahre,f,2454
09371,2025,55 bis unter 60 Jahre,m,4267
09371,2025,55 bis unter 60 Jahre,f,4256
09371,2025,75 bis unter 80 Jahre,m,1971
09371,2025,75 bis unter 80 Jahre,f,2178
09371,2025,20 bis unter 25 Jahre,f,2169
09371,2025,20 bis unter 25 Jahre,m,2543
09371,2025,60 bis unter 65 Jahre,f,4645
09371,2025,60 bis unter 65 Jahre,m,4611
09371,2025,40 bis unter 45 Jahre,m,3200
09371,2025,40 bis unter 45 Jahre,f,3149
09371,2025,95 Jahre und mehr,f,167
09371,2025,95 Jahre und mehr,m,47
09371,2025,15 bis unter 20 Jahre,m,2544
09371,2025,15 bis unter 20 Jahre,f,2231
09371,2025,45 bis unter 50 Jahre,f,3035
09371,2025,45 bis unter 50 Jahre,m,3090
09371,2025,65 bis unter 70 Jahre,f,3967
09371,2025,65 bis unter 70 Jahre,m,3964
09371,2025,70 bis unter 75 Jahre,m,2969
09371,2025,70 bis unter 75 Jahre,f,3120
09371,2025,90 bis unter 95 Jahre,f,566
09371,2025,90 bis unter 95 Jahre,m,307
09371,2025,10 bis unter 15 Jahre,m,2340
09371,2025,10 bis unter 15 Jahre,f,2356
09371,2025,50 bis unter 55 Jahre,f,3224
09371,2025,50 bis unter 55 Jahre,m,3177
09371,2025,85 bis unter 90 Jahre,f,1728
09371,2025,85 bis unter 90 Jahre,m,1041
09371,2025,5 bis unter 10 Jahre,m,2560
09371,2025,5 bis unter 10 Jahre,f,2370
09371,2025,25 bis unter 30 Jahre,m,2824
09371,2025,25 bis unter 30 Jahre,f,2416
09371,2025,30 bis unter 35 Jahre,m,3068
09371,2025,30 bis unter 35 Jahre,f,2897
09762,2025,20 bis unter 25 Jahre,m,1238
09762,2025,20 bis unter 25 Jahre,f,1192
09762,2025,40 bis unter 45 Jahre,m,1623
09762,2025,40 bis unter 45 Jahre,f,1448
09762,2025,35 bis unter 40 Jahre,m,1666
09762,2025,35 bis unter 40 Jahre,f,1546
09762,2025,60 bis unter 65 Jahre,m,1733
09762,2025,60 bis unter 65 Jahre,f,1834
09762,2025,75 bis unter 80 Jahre,m,860
09762,2025,75 bis unter 80 Jahre,f,1132
09762,2025,55 bis unter 60 Jahre,m,1600
09762,2025,55 bis unter 60 Jahre,f,1647
09762,2025,15 bis unter 20 Jahre,m,1142
09762,2025,15 bis unter 20 Jahre,f,1080
09762,2025,unter 5 Jahre,m,1174
09762,2025,unter 5 Jahre,f,1114
09762,2025,10 bis unter 15 Jahre,f,1059
09762,2025,10 bis unter 15 Jahre,m,1122
09762,2025,65 bis unter 70 Jahre,f,1600
09762,2025,65 bis unter 70 Jahre,m,1408
09762,2025,45 bis unter 50 Jahre,f,1328
09762,2025,45 bis unter 50 Jahre,m,1396
09762,2025,80 bis unter 85 Jahre,m,674
09762,2025,80 bis unter 85 Jahre,f,906
09762,2025,90 bis unter 95 Jahre,f,291
09762,2025,90 bis unter 95 Jahre,m,124
09762,2025,70 bis unter 75 Jahre,m,1108
09762,2025,70 bis unter 75 Jahre,f,1293
09762,2025,30 bis unter 35 Jahre,m,1506
09762,2025,30 bis unter 35 Jahre,f,1394
09762,2025,85 bis unter 90 Jahre,f,805
09762,2025,85 bis unter 90 Jahre,m,499
09762,2025,25 bis unter 30 Jahre,m,1432
09762,2025,25 bis unter 30 Jahre,f,1276
09762,2025,50 bis unter 55 Jahre,m,1280
09762,2025,50 bis unter 55 Jahre,f,1291
09762,2025,5 bis unter 10 Jahre,f,1116
09762,2025,5 bis unter 10 Jahre,m,1227
09762,2025,95 Jahre und mehr,f,96
09762,2025,95 Jahre und mehr,m,22
06434,2025,65 bis unter 70 Jahre,f,7738
06434,2025,65 bis unter 70 Jahre,m,6989
06434,2025,10 bis unter 15 Jahre,f,6183
06434,2025,10 bis unter 15 Jahre,m,6712
06434,2025,5 bis unter 10 Jahre,m,6304
06434,2025,5 bis unter 10 Jahre,f,5863
06434,2025,45 bis unter 50 Jahre,f,8646
06434,2025,45 bis unter 50 Jahre,m,7742
06434,2025,50 bis unter 55 Jahre,f,8542
06434,2025,50 bis unter 55 Jahre,m,7895
06434,2025,30 bis unter 35 Jahre,f,5911
06434,2025,30 bis unter 35 Jahre,m,6092
06434,2025,25 bis unter 30 Jahre,f,5114
06434,2025,25 bis unter 30 Jahre,m,6062
06434,2025,90 bis unter 95 Jahre,f,1730
06434,2025,90 bis unter 95 Jahre,m,898
06434,2025,40 bis unter 45 Jahre,m,7502
06434,2025,40 bis unter 45 Jahre,f,8371
06434,2025,60 bis unter 65 Jahre,m,9449
06434,2025,60 bis unter 65 Jahre,f,9884
06434,2025,70 bis unter 75 Jahre,f,6459
06434,2025,70 bis unter 75 Jahre,m,5299
06434,2025,15 bis unter 20 Jahre,m,6943
06434,2025,15 bis unter 20 Jahre,f,6198
06434,2025,95 Jahre und mehr,f,511
06434,2025,95 Jahre und mehr,m,190
06434,2025,35 bis unter 40 Jahre,f,7428
06434,2025,35 bis unter 40 Jahre,m,7024
06434,2025,20 bis unter 25 Jahre,f,4866
06434,2025,20 bis unter 25 Jahre,m,5810
06434,2025,75 bis unter 80 Jahre,f,6105
06434,2025,75 bis unter 80 Jahre,m,4620
06434,2025,55 bis unter 60 Jahre,f,10071
06434,2025,55 bis unter 60 Jahre,m,10138
06434,2025,unter 5 Jahre,f,4658
06434,2025,unter 5 Jahre,m,4858
06434,2025,80 bis unter 85 Jahre,f,5455
06434,2025,80 bis unter 85 Jahre,m,3984
06434,2025,85 bis unter 90 Jahre,m,2869
06434,2025,85 bis unter 90 Jahre,f,4617
09475,2025,50 bis unter 55 Jahre,m,2781
09475,2025,50 bis unter 55 Jahre,f,2993
09475,2025,85 bis unter 90 Jahre,m,1047
09475,2025,85 bis unter 90 Jahre,f,1808
09475,2025,70 bis unter 75 Jahre,m,2765
09475,2025,70 bis unter 75 Jahre,f,3028
09475,2025,10 bis unter 15 Jahre,m,2037
09475,2025,10 bis unter 15 Jahre,f,1959
09475,2025,30 bis unter 35 Jahre,m,2529
09475,2025,30 bis unter 35 Jahre,f,2388
09475,2025,95 Jahre und mehr,m,46
09475,2025,95 Jahre und mehr,f,188
09475,2025,65 bis unter 70 Jahre,m,3660
09475,2025,65 bis unter 70 Jahre,f,3766
09475,2025,90 bis unter 95 Jahre,m,297
09475,2025,90 bis unter 95 Jahre,f,751
09475,2025,20 bis unter 25 Jahre,f,1763
09475,2025,20 bis unter 25 Jahre,m,2092
09475,2025,40 bis unter 45 Jahre,f,2620
09475,2025,40 bis unter 45 Jahre,m,2633
09475,2025,5 bis unter 10 Jahre,m,2088
09475,2025,5 bis unter 10 Jahre,f,2000
09475,2025,15 bis unter 20 Jahre,f,1912
09475,2025,15 bis unter 20 Jahre,m,2039
09475,2025,60 bis unter 65 Jahre,m,4166
09475,2025,60 bis unter 65 Jahre,f,4215
09475,2025,80 bis unter 85 Jahre,m,1406
09475,2025,80 bis unter 85 Jahre,f,1836
09475,2025,75 bis unter 80 Jahre,m,2074
09475,2025,75 bis unter 80 Jahre,f,2527
09475,2025,unter 5 Jahre,m,1743
09475,2025,unter 5 Jahre,f,1745
09475,2025,55 bis unter 60 Jahre,m,3965
09475,2025,55 bis unter 60 Jahre,f,4057
09475,2025,25 bis unter 30 Jahre,f,1990
09475,2025,25 bis unter 30 Jahre,m,2260
09475,2025,45 bis unter 50 Jahre,f,2573
09475,2025,45 bis unter 50 Jahre,m,2477
09475,2025,35 bis unter 40 Jahre,f,2618
09475,2025,35 bis unter 40 Jahre,m,2740
08236,2025,30 bis unter 35 Jahre,m,5857
08236,2025,30 bis unter 35 Jahre,f,5477
08236,2025,65 bis unter 70 Jahre,m,6658
08236,2025,65 bis unter 70 Jahre,f,6936
08236,2025,95 Jahre und mehr,m,116
08236,2025,95 Jahre und mehr,f,338
08236,2025,85 bis unter 90 Jahre,m,2029
08236,2025,85 bis unter 90 Jahre,f,3271
08236,2025,10 bis unter 15 Jahre,m,4874
08236,2025,10 bis unter 15 Jahre,f,4792
08236,2025,5 bis unter 10 Jahre,m,5448
08236,2025,5 bis unter 10 Jahre,f,5314
08236,2025,50 bis unter 55 Jahre,f,5990
08236,2025,50 bis unter 55 Jahre,m,5893
08236,2025,90 bis unter 95 Jahre,f,1254
08236,2025,90 bis unter 95 Jahre,m,608
08236,2025,45 bis unter 50 Jahre,m,5938
08236,2025,45 bis unter 50 Jahre,f,5810
08236,2025,15 bis unter 20 Jahre,f,4584
08236,2025,15 bis unter 20 Jahre,m,4958
08236,2025,70 bis unter 75 Jahre,m,4961
08236,2025,70 bis unter 75 Jahre,f,5617
08236,2025,35 bis unter 40 Jahre,f,6389
08236,2025,35 bis unter 40 Jahre,m,6655
08236,2025,55 bis unter 60 Jahre,f,8095
08236,2025,55 bis unter 60 Jahre,m,7929
08236,2025,25 bis unter 30 Jahre,f,4819
08236,2025,25 bis unter 30 Jahre,m,5605
08236,2025,60 bis unter 65 Jahre,f,8300
08236,2025,60 bis unter 65 Jahre,m,8269
08236,2025,75 bis unter 80 Jahre,m,3695
08236,2025,75 bis unter 80 Jahre,f,4401
08236,2025,40 bis unter 45 Jahre,m,6372
08236,2025,40 bis unter 45 Jahre,f,6403
08236,2025,20 bis unter 25 Jahre,m,5053
08236,2025,20 bis unter 25 Jahre,f,4302
08236,2025,80 bis unter 85 Jahre,f,3644
08236,2025,80 bis unter 85 Jahre,m,2862
08236,2025,unter 5 Jahre,f,4718
08236,2025,unter 5 Jahre,m,4916
03357,2025,unter 5 Jahre,f,3567
03357,2025,unter 5 Jahre,m,3632
03357,2025,35 bis unter 40 Jahre,f,5135
03357,2025,35 bis unter 40 Jahre,m,5548
03357,2025,75 bis unter 80 Jahre,f,3842
03357,2025,75 bis unter 80 Jahre,m,3515
03357,2025,55 bis unter 60 Jahre,f,7063
03357,2025,55 bis unter 60 Jahre,m,6878
03357,2025,40 bis unter 45 Jahre,f,5030
03357,2025,40 bis unter 45 Jahre,m,5079
03357,2025,70 bis unter 75 Jahre,m,4429
03357,2025,70 bis unter 75 Jahre,f,4753
03357,2025,15 bis unter 20 Jahre,f,4006
03357,2025,15 bis unter 20 Jahre,m,4291
03357,2025,50 bis unter 55 Jahre,m,5126
03357,2025,50 bis unter 55 Jahre,f,5216
03357,2025,80 bis unter 85 Jahre,f,2718
03357,2025,80 bis unter 85 Jahre,m,2279
03357,2025,60 bis unter 65 Jahre,f,7017
03357,2025,60 bis unter 65 Jahre,m,7015
03357,2025,95 Jahre und mehr,f,244
03357,2025,95 Jahre und mehr,m,72
03357,2025,25 bis unter 30 Jahre,m,4875
03357,2025,25 bis unter 30 Jahre,f,4240
03357,2025,45 bis unter 50 Jahre,f,4744
03357,2025,45 bis unter 50 Jahre,m,4741
03357,2025,30 bis unter 35 Jahre,f,4521
03357,2025,30 bis unter 35 Jahre,m,5006
03357,2025,5 bis unter 10 Jahre,f,4010
03357,2025,5 bis unter 10 Jahre,m,4159
03357,2025,10 bis unter 15 Jahre,f,3698
03357,2025,10 bis unter 15 Jahre,m,3990
03357,2025,90 bis unter 95 Jahre,f,909
03357,2025,90 bis unter 95 Jahre,m,387
03357,2025,65 bis unter 70 Jahre,f,5896
03357,2025,65 bis unter 70 Jahre,m,5505
03357,2025,85 bis unter 90 Jahre,m,1700
03357,2025,85 bis unter 90 Jahre,f,2550
03357,2025,20 bis unter 25 Jahre,m,4681
03357,2025,20 bis unter 25 Jahre,f,3786
08325,2025,10 bis unter 15 Jahre,m,3605
08325,2025,10 bis unter 15 Jahre,f,3385
08325,2025,45 bis unter 50 Jahre,m,4121
08325,2025,45 bis unter 50 Jahre,f,3988
08325,2025,30 bis unter 35 Jahre,m,4339
08325,2025,30 bis unter 35 Jahre,f,3878
08325,2025,90 bis unter 95 Jahre,f,817
08325,2025,90 bis unter 95 Jahre,m,383
08325,2025,70 bis unter 75 Jahre,f,3881
08325,2025,70 bis unter 75 Jahre,m,3462
08325,2025,25 bis unter 30 Jahre,m,4105
08325,2025,25 bis unter 30 Jahre,f,3567
08325,2025,5 bis unter 10 Jahre,m,3756
08325,2025,5 bis unter 10 Jahre,f,3713
08325,2025,50 bis unter 55 Jahre,f,4290
08325,2025,50 bis unter 55 Jahre,m,4227
08325,2025,65 bis unter 70 Jahre,f,4778
08325,2025,65 bis unter 70 Jahre,m,4697
08325,2025,85 bis unter 90 Jahre,m,1492
08325,2025,85 bis unter 90 Jahre,f,2342
08325,2025,95 Jahre und mehr,f,198
08325,2025,95 Jahre und mehr,m,75
08325,2025,15 bis unter 20 Jahre,f,3268
08325,2025,15 bis unter 20 Jahre,m,3498
08325,2025,40 bis unter 45 Jahre,m,4335
08325,2025,40 bis unter 45 Jahre,f,4267
08325,2025,60 bis unter 65 Jahre,f,5775
08325,2025,60 bis unter 65 Jahre,m,5740
08325,2025,35 bis unter 40 Jahre,f,4450
08325,2025,35 bis unter 40 Jahre,m,4752
08325,2025,55 bis unter 60 Jahre,m,5557
08325,2025,55 bis unter 60 Jahre,f,5469
08325,2025,20 bis unter 25 Jahre,m,3522
08325,2025,20 bis unter 25 Jahre,f,3020
08325,2025,80 bis unter 85 Jahre,f,2464
08325,2025,80 bis unter 85 Jahre,m,1854
08325,2025,75 bis unter 80 Jahre,m,2595
08325,2025,75 bis unter 80 Jahre,f,2997
08325,2025,unter 5 Jahre,f,3411
08325,2025,unter 5 Jahre,m,3651
05962,2025,45 bis unter 50 Jahre,f,11809
05962,2025,45 bis unter 50 Jahre,m,11619
05962,2025,95 Jahre und mehr,f,731
05962,2025,95 Jahre und mehr,m,198
05962,2025,10 bis unter 15 Jahre,f,9256
05962,2025,10 bis unter 15 Jahre,m,9865
05962,2025,65 bis unter 70 Jahre,f,14600
05962,2025,65 bis unter 70 Jahre,m,13873
05962,2025,30 bis unter 35 Jahre,f,11316
05962,2025,30 bis unter 35 Jahre,m,12040
05962,2025,50 bis unter 55 Jahre,f,12540
05962,2025,50 bis unter 55 Jahre,m,11904
05962,2025,25 bis unter 30 Jahre,f,10108
05962,2025,25 bis unter 30 Jahre,m,11112
05962,2025,70 bis unter 75 Jahre,f,11834
05962,2025,70 bis unter 75 Jahre,m,10221
05962,2025,85 bis unter 90 Jahre,f,7356
05962,2025,85 bis unter 90 Jahre,m,4382
05962,2025,75 bis unter 80 Jahre,m,7432
05962,2025,75 bis unter 80 Jahre,f,9436
05962,2025,20 bis unter 25 Jahre,m,10242
05962,2025,20 bis unter 25 Jahre,f,9072
05962,2025,40 bis unter 45 Jahre,m,12565
05962,2025,40 bis unter 45 Jahre,f,12423
05962,2025,5 bis unter 10 Jahre,m,10326
05962,2025,5 bis unter 10 Jahre,f,9636
05962,2025,15 bis unter 20 Jahre,f,9385
05962,2025,15 bis unter 20 Jahre,m,10401
05962,2025,unter 5 Jahre,f,8297
05962,2025,unter 5 Jahre,m,8893
05962,2025,55 bis unter 60 Jahre,f,17036
05962,2025,55 bis unter 60 Jahre,m,16829
05962,2025,60 bis unter 65 Jahre,f,17501
05962,2025,60 bis unter 65 Jahre,m,17767
05962,2025,90 bis unter 95 Jahre,m,1168
05962,2025,90 bis unter 95 Jahre,f,2582
05962,2025,35 bis unter 40 Jahre,f,12672
05962,2025,35 bis unter 40 Jahre,m,13488
05962,2025,80 bis unter 85 Jahre,m,5519
05962,2025,80 bis unter 85 Jahre,f,7730
03154,2025,70 bis unter 75 Jahre,f,2778
03154,2025,70 bis unter 75 Jahre,m,2553
03154,2025,25 bis unter 30 Jahre,m,2205
03154,2025,25 bis unter 30 Jahre,f,1913
03154,2025,50 bis unter 55 Jahre,f,2635
03154,2025,50 bis unter 55 Jahre,m,2714
03154,2025,5 bis unter 10 Jahre,m,2319
03154,2025,5 bis unter 10 Jahre,f,2255
03154,2025,10 bis unter 15 Jahre,m,2093
03154,2025,10 bis unter 15 Jahre,f,1973
03154,2025,30 bis unter 35 Jahre,f,2279
03154,2025,30 bis unter 35 Jahre,m,2487
03154,2025,65 bis unter 70 Jahre,m,3254
03154,2025,65 bis unter 70 Jahre,f,3338
03154,2025,45 bis unter 50 Jahre,f,2775
03154,2025,45 bis unter 50 Jahre,m,2813
03154,2025,95 Jahre und mehr,f,193
03154,2025,95 Jahre und mehr,m,52
03154,2025,85 bis unter 90 Jahre,f,1629
03154,2025,85 bis unter 90 Jahre,m,949
03154,2025,20 bis unter 25 Jahre,m,2125
03154,2025,20 bis unter 25 Jahre,f,1654
03154,2025,40 bis unter 45 Jahre,f,2865
03154,2025,40 bis unter 45 Jahre,m,2983
03154,2025,15 bis unter 20 Jahre,f,1930
03154,2025,15 bis unter 20 Jahre,m,2205
03154,2025,60 bis unter 65 Jahre,f,3935
03154,2025,60 bis unter 65 Jahre,m,3865
03154,2025,75 bis unter 80 Jahre,f,2174
03154,2025,75 bis unter 80 Jahre,m,1833
03154,2025,55 bis unter 60 Jahre,m,3694
03154,2025,55 bis unter 60 Jahre,f,3706
03154,2025,35 bis unter 40 Jahre,m,3037
03154,2025,35 bis unter 40 Jahre,f,3051
03154,2025,80 bis unter 85 Jahre,f,1627
03154,2025,80 bis unter 85 Jahre,m,1266
03154,2025,unter 5 Jahre,m,1892
03154,2025,unter 5 Jahre,f,1821
03154,2025,90 bis unter 95 Jahre,m,242
03154,2025,90 bis unter 95 Jahre,f,659
03453,2025,55 bis unter 60 Jahre,f,6640
03453,2025,55 bis unter 60 Jahre,m,6758
03453,2025,unter 5 Jahre,f,4706
03453,2025,unter 5 Jahre,m,5051
03453,2025,20 bis unter 25 Jahre,f,4842
03453,2025,20 bis unter 25 Jahre,m,5571
03453,2025,75 bis unter 80 Jahre,f,3001
03453,2025,75 bis unter 80 Jahre,m,2773
03453,2025,15 bis unter 20 Jahre,m,5212
03453,2025,15 bis unter 20 Jahre,f,4585
03453,2025,60 bis unter 65 Jahre,f,6555
03453,2025,60 bis unter 65 Jahre,m,6598
03453,2025,90 bis unter 95 Jahre,m,315
03453,2025,90 bis unter 95 Jahre,f,786
03453,2025,95 Jahre und mehr,f,185
03453,2025,95 Jahre und mehr,m,73
03453,2025,35 bis unter 40 Jahre,f,5752
03453,2025,35 bis unter 40 Jahre,m,6520
03453,2025,50 bis unter 55 Jahre,m,5453
03453,2025,50 bis unter 55 Jahre,f,5349
03453,2025,80 bis unter 85 Jahre,m,1567
03453,2025,80 bis unter 85 Jahre,f,2143
03453,2025,70 bis unter 75 Jahre,m,4121
03453,2025,70 bis unter 75 Jahre,f,4160
03453,2025,45 bis unter 50 Jahre,m,5345
03453,2025,45 bis unter 50 Jahre,f,5230
03453,2025,10 bis unter 15 Jahre,f,4531
03453,2025,10 bis unter 15 Jahre,m,5041
03453,2025,65 bis unter 70 Jahre,f,5626
03453,2025,65 bis unter 70 Jahre,m,5430
03453,2025,25 bis unter 30 Jahre,f,5372
03453,2025,25 bis unter 30 Jahre,m,6028
03453,2025,30 bis unter 35 Jahre,f,5617
03453,2025,30 bis unter 35 Jahre,m,6030
03453,2025,5 bis unter 10 Jahre,m,5369
03453,2025,5 bis unter 10 Jahre,f,4882
03453,2025,85 bis unter 90 Jahre,f,2093
03453,2025,85 bis unter 90 Jahre,m,1205
03453,2025,40 bis unter 45 Jahre,m,5928
03453,2025,40 bis unter 45 Jahre,f,5406
03251,2025,95 Jahre und mehr,f,348
03251,2025,95 Jahre und mehr,m,117
03251,2025,20 bis unter 25 Jahre,m,5550
03251,2025,20 bis unter 25 Jahre,f,4701
03251,2025,40 bis unter 45 Jahre,m,6801
03251,2025,40 bis unter 45 Jahre,f,6721
03251,2025,35 bis unter 40 Jahre,m,7273
03251,2025,35 bis unter 40 Jahre,f,6794
03251,2025,60 bis unter 65 Jahre,m,9293
03251,2025,60 bis unter 65 Jahre,f,9351
03251,2025,55 bis unter 60 Jahre,m,9306
03251,2025,55 bis unter 60 Jahre,f,9551
03251,2025,75 bis unter 80 Jahre,m,4655
03251,2025,75 bis unter 80 Jahre,f,5329
03251,2025,80 bis unter 85 Jahre,m,3160
03251,2025,80 bis unter 85 Jahre,f,4021
03251,2025,5 bis unter 10 Jahre,f,5461
03251,2025,5 bis unter 10 Jahre,m,5618
03251,2025,unter 5 Jahre,f,4910
03251,2025,unter 5 Jahre,m,5024
03251,2025,10 bis unter 15 Jahre,f,5083
03251,2025,10 bis unter 15 Jahre,m,5381
03251,2025,65 bis unter 70 Jahre,f,7944
03251,2025,65 bis unter 70 Jahre,m,7591
03251,2025,30 bis unter 35 Jahre,f,6230
03251,2025,30 bis unter 35 Jahre,m,6479
03251,2025,90 bis unter 95 Jahre,m,635
03251,2025,90 bis unter 95 Jahre,f,1352
03251,2025,85 bis unter 90 Jahre,f,3849
03251,2025,85 bis unter 90 Jahre,m,2384
03251,2025,45 bis unter 50 Jahre,m,6334
03251,2025,45 bis unter 50 Jahre,f,6382
03251,2025,15 bis unter 20 Jahre,f,5188
03251,2025,15 bis unter 20 Jahre,m,5553
03251,2025,70 bis unter 75 Jahre,m,5945
03251,2025,70 bis unter 75 Jahre,f,6345
03251,2025,25 bis unter 30 Jahre,f,5328
03251,2025,25 bis unter 30 Jahre,m,5848
03251,2025,50 bis unter 55 Jahre,f,6883
03251,2025,50 bis unter 55 Jahre,m,6666
07137,2025,80 bis unter 85 Jahre,f,3587
07137,2025,80 bis unter 85 Jahre,m,2787
07137,2025,35 bis unter 40 Jahre,m,7333
07137,2025,35 bis unter 40 Jahre,f,7134
07137,2025,unter 5 Jahre,m,4806
07137,2025,unter 5 Jahre,f,4597
07137,2025,55 bis unter 60 Jahre,f,8658
07137,2025,55 bis unter 60 Jahre,m,8560
07137,2025,75 bis unter 80 Jahre,m,4302
07137,2025,75 bis unter 80 Jahre,f,5030
07137,2025,60 bis unter 65 Jahre,m,8847
07137,2025,60 bis unter 65 Jahre,f,9119
07137,2025,40 bis unter 45 Jahre,f,6907
07137,2025,40 bis unter 45 Jahre,m,7076
07137,2025,95 Jahre und mehr,m,107
07137,2025,95 Jahre und mehr,f,357
07137,2025,20 bis unter 25 Jahre,m,5492
07137,2025,20 bis unter 25 Jahre,f,4719
07137,2025,15 bis unter 20 Jahre,f,4852
07137,2025,15 bis unter 20 Jahre,m,5334
07137,2025,50 bis unter 55 Jahre,m,6231
07137,2025,50 bis unter 55 Jahre,f,6495
07137,2025,25 bis unter 30 Jahre,f,5405
07137,2025,25 bis unter 30 Jahre,m,5984
07137,2025,45 bis unter 50 Jahre,m,6339
07137,2025,45 bis unter 50 Jahre,f,6592
07137,2025,10 bis unter 15 Jahre,m,5263
07137,2025,10 bis unter 15 Jahre,f,5057
07137,2025,85 bis unter 90 Jahre,f,3490
07137,2025,85 bis unter 90 Jahre,m,2193
07137,2025,5 bis unter 10 Jahre,m,5601
07137,2025,5 bis unter 10 Jahre,f,5265
07137,2025,30 bis unter 35 Jahre,m,6781
07137,2025,30 bis unter 35 Jahre,f,6158
07137,2025,90 bis unter 95 Jahre,f,1256
07137,2025,90 bis unter 95 Jahre,m,584
07137,2025,70 bis unter 75 Jahre,f,6807
07137,2025,70 bis unter 75 Jahre,m,6143
07137,2025,65 bis unter 70 Jahre,f,8031
07137,2025,65 bis unter 70 Jahre,m,7517
01061,2025,10 bis unter 15 Jahre,m,3146
01061,2025,10 bis unter 15 Jahre,f,2995
01061,2025,45 bis unter 50 Jahre,m,3558
01061,2025,45 bis unter 50 Jahre,f,3804
01061,2025,90 bis unter 95 Jahre,f,810
01061,2025,90 bis unter 95 Jahre,m,378
01061,2025,65 bis unter 70 Jahre,m,4604
01061,2025,65 bis unter 70 Jahre,f,4741
01061,2025,85 bis unter 90 Jahre,m,1466
01061,2025,85 bis unter 90 Jahre,f,2374
01061,2025,70 bis unter 75 Jahre,m,3436
01061,2025,70 bis unter 75 Jahre,f,3728
01061,2025,5 bis unter 10 Jahre,m,3102
01061,2025,5 bis unter 10 Jahre,f,3028
01061,2025,50 bis unter 55 Jahre,f,4104
01061,2025,50 bis unter 55 Jahre,m,4002
01061,2025,30 bis unter 35 Jahre,m,3884
01061,2025,30 bis unter 35 Jahre,f,3641
01061,2025,25 bis unter 30 Jahre,f,3115
01061,2025,25 bis unter 30 Jahre,m,3648
01061,2025,35 bis unter 40 Jahre,f,4171
01061,2025,35 bis unter 40 Jahre,m,4419
01061,2025,55 bis unter 60 Jahre,f,6071
01061,2025,55 bis unter 60 Jahre,m,5897
01061,2025,95 Jahre und mehr,f,237
01061,2025,95 Jahre und mehr,m,68
01061,2025,60 bis unter 65 Jahre,m,5922
01061,2025,60 bis unter 65 Jahre,f,6031
01061,2025,unter 5 Jahre,m,2825
01061,2025,unter 5 Jahre,f,2607
01061,2025,15 bis unter 20 Jahre,m,3296
01061,2025,15 bis unter 20 Jahre,f,2963
01061,2025,40 bis unter 45 Jahre,m,3886
01061,2025,40 bis unter 45 Jahre,f,3855
01061,2025,80 bis unter 85 Jahre,f,2640
01061,2025,80 bis unter 85 Jahre,m,1982
01061,2025,20 bis unter 25 Jahre,m,3149
01061,2025,20 bis unter 25 Jahre,f,2764
01061,2025,75 bis unter 80 Jahre,f,3157
01061,2025,75 bis unter 80 Jahre,m,2713
07317,2025,20 bis unter 25 Jahre,m,1060
07317,2025,20 bis unter 25 Jahre,f,979
07317,2025,55 bis unter 60 Jahre,m,1451
07317,2025,55 bis unter 60 Jahre,f,1417
07317,2025,75 bis unter 80 Jahre,m,768
07317,2025,75 bis unter 80 Jahre,f,1030
07317,2025,40 bis unter 45 Jahre,f,1091
07317,2025,40 bis unter 45 Jahre,m,1148
07317,2025,60 bis unter 65 Jahre,m,1615
07317,2025,60 bis unter 65 Jahre,f,1698
07317,2025,80 bis unter 85 Jahre,f,787
07317,2025,80 bis unter 85 Jahre,m,534
07317,2025,35 bis unter 40 Jahre,m,1369
07317,2025,35 bis unter 40 Jahre,f,1209
07317,2025,5 bis unter 10 Jahre,f,864
07317,2025,5 bis unter 10 Jahre,m,927
07317,2025,15 bis unter 20 Jahre,f,885
07317,2025,15 bis unter 20 Jahre,m,996
07317,2025,25 bis unter 30 Jahre,f,1067
07317,2025,25 bis unter 30 Jahre,m,1261
07317,2025,45 bis unter 50 Jahre,f,1046
07317,2025,45 bis unter 50 Jahre,m,1072
07317,2025,50 bis unter 55 Jahre,f,1068
07317,2025,50 bis unter 55 Jahre,m,1085
07317,2025,30 bis unter 35 Jahre,m,1276
07317,2025,30 bis unter 35 Jahre,f,1097
07317,2025,65 bis unter 70 Jahre,m,1422
07317,2025,65 bis unter 70 Jahre,f,1493
07317,2025,90 bis unter 95 Jahre,f,319
07317,2025,90 bis unter 95 Jahre,m,116
07317,2025,70 bis unter 75 Jahre,f,1291
07317,2025,70 bis unter 75 Jahre,m,1130
07317,2025,10 bis unter 15 Jahre,m,961
07317,2025,10 bis unter 15 Jahre,f,865
07317,2025,95 Jahre und mehr,f,76
07317,2025,95 Jahre und mehr,m,17
07317,2025,85 bis unter 90 Jahre,m,412
07317,2025,85 bis unter 90 Jahre,f,794
07317,2025,unter 5 Jahre,f,825
07317,2025,unter 5 Jahre,m,868
03402,2025,10 bis unter 15 Jahre,f,1165
03402,2025,10 bis unter 15 Jahre,m,1240
03402,2025,95 Jahre und mehr,m,26
03402,2025,95 Jahre und mehr,f,68
03402,2025,65 bis unter 70 Jahre,f,1567
03402,2025,65 bis unter 70 Jahre,m,1466
03402,2025,85 bis unter 90 Jahre,f,747
03402,2025,85 bis unter 90 Jahre,m,409
03402,2025,90 bis unter 95 Jahre,f,309
03402,2025,90 bis unter 95 Jahre,m,109
03402,2025,45 bis unter 50 Jahre,m,1462
03402,2025,45 bis unter 50 Jahre,f,1438
03402,2025,25 bis unter 30 Jahre,f,1526
03402,2025,25 bis unter 30 Jahre,m,1761
03402,2025,5 bis unter 10 Jahre,m,1256
03402,2025,5 bis unter 10 Jahre,f,1174
03402,2025,80 bis unter 85 Jahre,m,613
03402,2025,80 bis unter 85 Jahre,f,873
03402,2025,50 bis unter 55 Jahre,f,1494
03402,2025,50 bis unter 55 Jahre,m,1478
03402,2025,30 bis unter 35 Jahre,m,1606
03402,2025,30 bis unter 35 Jahre,f,1465
03402,2025,20 bis unter 25 Jahre,m,1381
03402,2025,20 bis unter 25 Jahre,f,1302
03402,2025,unter 5 Jahre,m,985
03402,2025,unter 5 Jahre,f,977
03402,2025,75 bis unter 80 Jahre,m,1014
03402,2025,75 bis unter 80 Jahre,f,1206
03402,2025,55 bis unter 60 Jahre,f,1954
03402,2025,55 bis unter 60 Jahre,m,2031
03402,2025,40 bis unter 45 Jahre,f,1542
03402,2025,40 bis unter 45 Jahre,m,1499
03402,2025,60 bis unter 65 Jahre,f,1863
03402,2025,60 bis unter 65 Jahre,m,1758
03402,2025,35 bis unter 40 Jahre,f,1517
03402,2025,35 bis unter 40 Jahre,m,1626
03402,2025,15 bis unter 20 Jahre,m,1270
03402,2025,15 bis unter 20 Jahre,f,1181
03402,2025,70 bis unter 75 Jahre,m,1213
03402,2025,70 bis unter 75 Jahre,f,1438
07233,2025,unter 5 Jahre,m,1195
07233,2025,unter 5 Jahre,f,1189
07233,2025,80 bis unter 85 Jahre,f,1042
07233,2025,80 bis unter 85 Jahre,m,811
07233,2025,55 bis unter 60 Jahre,m,2348
07233,2025,55 bis unter 60 Jahre,f,2425
07233,2025,35 bis unter 40 Jahre,m,1964
07233,2025,35 bis unter 40 Jahre,f,1687
07233,2025,60 bis unter 65 Jahre,f,2801
07233,2025,60 bis unter 65 Jahre,m,2672
07233,2025,15 bis unter 20 Jahre,m,1331
07233,2025,15 bis unter 20 Jahre,f,1219
07233,2025,20 bis unter 25 Jahre,m,1306
07233,2025,20 bis unter 25 Jahre,f,1176
07233,2025,75 bis unter 80 Jahre,f,1404
07233,2025,75 bis unter 80 Jahre,m,1388
07233,2025,40 bis unter 45 Jahre,f,1694
07233,2025,40 bis unter 45 Jahre,m,1800
07233,2025,95 Jahre und mehr,f,86
07233,2025,95 Jahre und mehr,m,25
07233,2025,25 bis unter 30 Jahre,f,1394
07233,2025,25 bis unter 30 Jahre,m,1705
07233,2025,70 bis unter 75 Jahre,m,1984
07233,2025,70 bis unter 75 Jahre,f,1981
07233,2025,50 bis unter 55 Jahre,m,1699
07233,2025,50 bis unter 55 Jahre,f,1768
07233,2025,45 bis unter 50 Jahre,f,1672
07233,2025,45 bis unter 50 Jahre,m,1665
07233,2025,90 bis unter 95 Jahre,f,360
07233,2025,90 bis unter 95 Jahre,m,185
07233,2025,65 bis unter 70 Jahre,m,2481
07233,2025,65 bis unter 70 Jahre,f,2367
07233,2025,85 bis unter 90 Jahre,m,691
07233,2025,85 bis unter 90 Jahre,f,1016
07233,2025,10 bis unter 15 Jahre,f,1278
07233,2025,10 bis unter 15 Jahre,m,1305
07233,2025,30 bis unter 35 Jahre,m,1744
07233,2025,30 bis unter 35 Jahre,f,1609
07233,2025,5 bis unter 10 Jahre,m,1372
07233,2025,5 bis unter 10 Jahre,f,1321
06633,2025,5 bis unter 10 Jahre,m,5723
06633,2025,5 bis unter 10 Jahre,f,5446
06633,2025,50 bis unter 55 Jahre,f,7138
06633,2025,50 bis unter 55 Jahre,m,6906
06633,2025,25 bis unter 30 Jahre,m,5809
06633,2025,25 bis unter 30 Jahre,f,5080
06633,2025,70 bis unter 75 Jahre,f,7297
06633,2025,70 bis unter 75 Jahre,m,6583
06633,2025,65 bis unter 70 Jahre,f,8667
06633,2025,65 bis unter 70 Jahre,m,7906
06633,2025,45 bis unter 50 Jahre,m,6333
06633,2025,45 bis unter 50 Jahre,f,6786
06633,2025,90 bis unter 95 Jahre,f,1480
06633,2025,90 bis unter 95 Jahre,m,717
06633,2025,85 bis unter 90 Jahre,f,4369
06633,2025,85 bis unter 90 Jahre,m,2879
06633,2025,10 bis unter 15 Jahre,f,5107
06633,2025,10 bis unter 15 Jahre,m,5528
06633,2025,30 bis unter 35 Jahre,m,6328
06633,2025,30 bis unter 35 Jahre,f,5972
06633,2025,80 bis unter 85 Jahre,m,3813
06633,2025,80 bis unter 85 Jahre,f,4712
06633,2025,55 bis unter 60 Jahre,f,9733
06633,2025,55 bis unter 60 Jahre,m,9371
06633,2025,35 bis unter 40 Jahre,m,7274
06633,2025,35 bis unter 40 Jahre,f,7082
06633,2025,95 Jahre und mehr,m,121
06633,2025,95 Jahre und mehr,f,428
06633,2025,60 bis unter 65 Jahre,m,9475
06633,2025,60 bis unter 65 Jahre,f,10024
06633,2025,15 bis unter 20 Jahre,m,5485
06633,2025,15 bis unter 20 Jahre,f,5102
06633,2025,unter 5 Jahre,m,4925
06633,2025,unter 5 Jahre,f,4597
06633,2025,20 bis unter 25 Jahre,f,4746
06633,2025,20 bis unter 25 Jahre,m,5210
06633,2025,40 bis unter 45 Jahre,f,7089
06633,2025,40 bis unter 45 Jahre,m,7036
06633,2025,75 bis unter 80 Jahre,f,6499
06633,2025,75 bis unter 80 Jahre,m,5287
07337,2025,50 bis unter 55 Jahre,m,3296
07337,2025,50 bis unter 55 Jahre,f,3536
07337,2025,65 bis unter 70 Jahre,m,4178
07337,2025,65 bis unter 70 Jahre,f,4509
07337,2025,70 bis unter 75 Jahre,m,3432
07337,2025,70 bis unter 75 Jahre,f,3759
07337,2025,85 bis unter 90 Jahre,m,1153
07337,2025,85 bis unter 90 Jahre,f,1883
07337,2025,90 bis unter 95 Jahre,m,312
07337,2025,90 bis unter 95 Jahre,f,681
07337,2025,45 bis unter 50 Jahre,m,3286
07337,2025,45 bis unter 50 Jahre,f,3257
07337,2025,15 bis unter 20 Jahre,f,2366
07337,2025,15 bis unter 20 Jahre,m,2637
07337,2025,30 bis unter 35 Jahre,m,3060
07337,2025,30 bis unter 35 Jahre,f,2971
07337,2025,unter 5 Jahre,f,2210
07337,2025,unter 5 Jahre,m,2339
07337,2025,5 bis unter 10 Jahre,m,2842
07337,2025,5 bis unter 10 Jahre,f,2605
07337,2025,95 Jahre und mehr,f,194
07337,2025,95 Jahre und mehr,m,56
07337,2025,10 bis unter 15 Jahre,f,2623
07337,2025,10 bis unter 15 Jahre,m,2693
07337,2025,75 bis unter 80 Jahre,f,2893
07337,2025,75 bis unter 80 Jahre,m,2503
07337,2025,20 bis unter 25 Jahre,f,2053
07337,2025,20 bis unter 25 Jahre,m,2512
07337,2025,40 bis unter 45 Jahre,f,3530
07337,2025,40 bis unter 45 Jahre,m,3563
07337,2025,60 bis unter 65 Jahre,m,5055
07337,2025,60 bis unter 65 Jahre,f,5262
07337,2025,25 bis unter 30 Jahre,f,2381
07337,2025,25 bis unter 30 Jahre,m,2636
07337,2025,55 bis unter 60 Jahre,m,4637
07337,2025,55 bis unter 60 Jahre,f,4951
07337,2025,80 bis unter 85 Jahre,m,1567
07337,2025,80 bis unter 85 Jahre,f,1999
07337,2025,35 bis unter 40 Jahre,f,3574
07337,2025,35 bis unter 40 Jahre,m,3603
09564,2025,30 bis unter 35 Jahre,m,20877
09564,2025,30 bis unter 35 Jahre,f,19070
09564,2025,65 bis unter 70 Jahre,m,13754
09564,2025,65 bis unter 70 Jahre,f,15297
09564,2025,85 bis unter 90 Jahre,m,4836
09564,2025,85 bis unter 90 Jahre,f,8582
09564,2025,10 bis unter 15 Jahre,m,11944
09564,2025,10 bis unter 15 Jahre,f,11322
09564,2025,90 bis unter 95 Jahre,f,3087
09564,2025,90 bis unter 95 Jahre,m,1427
09564,2025,45 bis unter 50 Jahre,m,16976
09564,2025,45 bis unter 50 Jahre,f,17288
09564,2025,25 bis unter 30 Jahre,m,21701
09564,2025,25 bis unter 30 Jahre,f,19667
09564,2025,50 bis unter 55 Jahre,m,15799
09564,2025,50 bis unter 55 Jahre,f,16293
09564,2025,5 bis unter 10 Jahre,m,12191
09564,2025,5 bis unter 10 Jahre,f,11684
09564,2025,20 bis unter 25 Jahre,f,15656
09564,2025,20 bis unter 25 Jahre,m,16549
09564,2025,15 bis unter 20 Jahre,f,11706
09564,2025,15 bis unter 20 Jahre,m,12708
09564,2025,40 bis unter 45 Jahre,f,18004
09564,2025,40 bis unter 45 Jahre,m,18392
09564,2025,75 bis unter 80 Jahre,m,8472
09564,2025,75 bis unter 80 Jahre,f,11693
09564,2025,unter 5 Jahre,m,11687
09564,2025,unter 5 Jahre,f,11222
09564,2025,60 bis unter 65 Jahre,f,17578
09564,2025,60 bis unter 65 Jahre,m,17523
09564,2025,80 bis unter 85 Jahre,m,6647
09564,2025,80 bis unter 85 Jahre,f,9609
09564,2025,55 bis unter 60 Jahre,m,18956
09564,2025,55 bis unter 60 Jahre,f,18448
09564,2025,95 Jahre und mehr,m,266
09564,2025,95 Jahre und mehr,f,822
09564,2025,35 bis unter 40 Jahre,f,19164
09564,2025,35 bis unter 40 Jahre,m,20598
09564,2025,70 bis unter 75 Jahre,f,13256
09564,2025,70 bis unter 75 Jahre,m,10408
07320,2025,unter 5 Jahre,f,708
07320,2025,unter 5 Jahre,m,732
07320,2025,35 bis unter 40 Jahre,f,1038
07320,2025,35 bis unter 40 Jahre,m,1123
07320,2025,95 Jahre und mehr,m,27
07320,2025,95 Jahre und mehr,f,61
07320,2025,20 bis unter 25 Jahre,f,746
07320,2025,20 bis unter 25 Jahre,m,892
07320,2025,80 bis unter 85 Jahre,f,608
07320,2025,80 bis unter 85 Jahre,m,479
07320,2025,15 bis unter 20 Jahre,f,813
07320,2025,15 bis unter 20 Jahre,m,808
07320,2025,85 bis unter 90 Jahre,m,375
07320,2025,85 bis unter 90 Jahre,f,605
07320,2025,55 bis unter 60 Jahre,f,1155
07320,2025,55 bis unter 60 Jahre,m,1219
07320,2025,70 bis unter 75 Jahre,m,968
07320,2025,70 bis unter 75 Jahre,f,1096
07320,2025,40 bis unter 45 Jahre,f,1037
07320,2025,40 bis unter 45 Jahre,m,992
07320,2025,30 bis unter 35 Jahre,m,1060
07320,2025,30 bis unter 35 Jahre,f,901
07320,2025,50 bis unter 55 Jahre,m,938
07320,2025,50 bis unter 55 Jahre,f,941
07320,2025,60 bis unter 65 Jahre,m,1350
07320,2025,60 bis unter 65 Jahre,f,1299
07320,2025,25 bis unter 30 Jahre,m,1137
07320,2025,25 bis unter 30 Jahre,f,893
07320,2025,10 bis unter 15 Jahre,f,779
07320,2025,10 bis unter 15 Jahre,m,735
07320,2025,65 bis unter 70 Jahre,f,1244
07320,2025,65 bis unter 70 Jahre,m,1187
07320,2025,5 bis unter 10 Jahre,m,768
07320,2025,5 bis unter 10 Jahre,f,761
07320,2025,45 bis unter 50 Jahre,f,1025
07320,2025,45 bis unter 50 Jahre,m,910
07320,2025,90 bis unter 95 Jahre,f,222
07320,2025,90 bis unter 95 Jahre,m,104
07320,2025,75 bis unter 80 Jahre,m,654
07320,2025,75 bis unter 80 Jahre,f,788
08127,2025,55 bis unter 60 Jahre,m,7489
08127,2025,55 bis unter 60 Jahre,f,7620
08127,2025,20 bis unter 25 Jahre,m,5564
08127,2025,20 bis unter 25 Jahre,f,4706
08127,2025,75 bis unter 80 Jahre,m,3687
08127,2025,75 bis unter 80 Jahre,f,4093
08127,2025,unter 5 Jahre,m,4979
08127,2025,unter 5 Jahre,f,4853
08127,2025,95 Jahre und mehr,f,276
08127,2025,95 Jahre und mehr,m,91
08127,2025,40 bis unter 45 Jahre,f,6468
08127,2025,40 bis unter 45 Jahre,m,7020
08127,2025,5 bis unter 10 Jahre,f,5291
08127,2025,5 bis unter 10 Jahre,m,5374
08127,2025,80 bis unter 85 Jahre,f,2852
08127,2025,80 bis unter 85 Jahre,m,2222
08127,2025,60 bis unter 65 Jahre,m,7755
08127,2025,60 bis unter 65 Jahre,f,7880
08127,2025,35 bis unter 40 Jahre,m,7328
08127,2025,35 bis unter 40 Jahre,f,6706
08127,2025,65 bis unter 70 Jahre,f,6972
08127,2025,65 bis unter 70 Jahre,m,6400
08127,2025,85 bis unter 90 Jahre,f,2777
08127,2025,85 bis unter 90 Jahre,m,1724
08127,2025,90 bis unter 95 Jahre,m,462
08127,2025,90 bis unter 95 Jahre,f,1004
08127,2025,10 bis unter 15 Jahre,f,4968
08127,2025,10 bis unter 15 Jahre,m,5030
08127,2025,30 bis unter 35 Jahre,m,6797
08127,2025,30 bis unter 35 Jahre,f,5954
08127,2025,70 bis unter 75 Jahre,f,5563
08127,2025,70 bis unter 75 Jahre,m,5168
08127,2025,25 bis unter 30 Jahre,m,6365
08127,2025,25 bis unter 30 Jahre,f,5317
08127,2025,45 bis unter 50 Jahre,m,6228
08127,2025,45 bis unter 50 Jahre,f,5985
08127,2025,50 bis unter 55 Jahre,m,6121
08127,2025,50 bis unter 55 Jahre,f,6085
08127,2025,15 bis unter 20 Jahre,f,4890
08127,2025,15 bis unter 20 Jahre,m,5000
01056,2025,50 bis unter 55 Jahre,m,10285
01056,2025,50 bis unter 55 Jahre,f,10553
01056,2025,30 bis unter 35 Jahre,m,9316
01056,2025,30 bis unter 35 Jahre,f,8764
01056,2025,10 bis unter 15 Jahre,m,8127
01056,2025,10 bis unter 15 Jahre,f,7703
01056,2025,15 bis unter 20 Jahre,f,7801
01056,2025,15 bis unter 20 Jahre,m,8450
01056,2025,45 bis unter 50 Jahre,m,10293
01056,2025,45 bis unter 50 Jahre,f,10641
01056,2025,90 bis unter 95 Jahre,f,1970
01056,2025,90 bis unter 95 Jahre,m,934
01056,2025,70 bis unter 75 Jahre,m,7307
01056,2025,70 bis unter 75 Jahre,f,8523
01056,2025,85 bis unter 90 Jahre,m,3615
01056,2025,85 bis unter 90 Jahre,f,5824
01056,2025,55 bis unter 60 Jahre,f,13776
01056,2025,55 bis unter 60 Jahre,m,13629
01056,2025,5 bis unter 10 Jahre,m,8301
01056,2025,5 bis unter 10 Jahre,f,7942
01056,2025,25 bis unter 30 Jahre,m,8938
01056,2025,25 bis unter 30 Jahre,f,7780
01056,2025,35 bis unter 40 Jahre,f,10548
01056,2025,35 bis unter 40 Jahre,m,10869
01056,2025,95 Jahre und mehr,f,510
01056,2025,95 Jahre und mehr,m,173
01056,2025,60 bis unter 65 Jahre,f,13432
01056,2025,60 bis unter 65 Jahre,m,12994
01056,2025,40 bis unter 45 Jahre,m,10650
01056,2025,40 bis unter 45 Jahre,f,10981
01056,2025,80 bis unter 85 Jahre,m,5005
01056,2025,80 bis unter 85 Jahre,f,6876
01056,2025,75 bis unter 80 Jahre,m,6153
01056,2025,75 bis unter 80 Jahre,f,7790
01056,2025,20 bis unter 25 Jahre,m,8223
01056,2025,20 bis unter 25 Jahre,f,7147
01056,2025,65 bis unter 70 Jahre,f,10644
01056,2025,65 bis unter 70 Jahre,m,9742
01056,2025,unter 5 Jahre,f,6609
01056,2025,unter 5 Jahre,m,7040
07312,2025,80 bis unter 85 Jahre,m,1241
07312,2025,80 bis unter 85 Jahre,f,1814
07312,2025,95 Jahre und mehr,m,65
07312,2025,95 Jahre und mehr,f,152
07312,2025,5 bis unter 10 Jahre,f,2117
07312,2025,5 bis unter 10 Jahre,m,2069
07312,2025,25 bis unter 30 Jahre,f,3803
07312,2025,25 bis unter 30 Jahre,m,5396
07312,2025,60 bis unter 65 Jahre,m,3642
07312,2025,60 bis unter 65 Jahre,f,3663
07312,2025,45 bis unter 50 Jahre,f,2744
07312,2025,45 bis unter 50 Jahre,m,2631
07312,2025,75 bis unter 80 Jahre,m,1611
07312,2025,75 bis unter 80 Jahre,f,2167
07312,2025,10 bis unter 15 Jahre,f,2048
07312,2025,10 bis unter 15 Jahre,m,2135
07312,2025,40 bis unter 45 Jahre,m,2999
07312,2025,40 bis unter 45 Jahre,f,2918
07312,2025,unter 5 Jahre,m,2193
07312,2025,unter 5 Jahre,f,2171
07312,2025,70 bis unter 75 Jahre,f,2860
07312,2025,70 bis unter 75 Jahre,m,2402
07312,2025,35 bis unter 40 Jahre,m,3601
07312,2025,35 bis unter 40 Jahre,f,3055
07312,2025,65 bis unter 70 Jahre,f,3304
07312,2025,65 bis unter 70 Jahre,m,2987
07312,2025,55 bis unter 60 Jahre,m,3358
07312,2025,55 bis unter 60 Jahre,f,3406
07312,2025,90 bis unter 95 Jahre,f,576
07312,2025,90 bis unter 95 Jahre,m,289
07312,2025,50 bis unter 55 Jahre,m,2564
07312,2025,50 bis unter 55 Jahre,f,2733
07312,2025,20 bis unter 25 Jahre,f,3012
07312,2025,20 bis unter 25 Jahre,m,3693
07312,2025,85 bis unter 90 Jahre,f,1589
07312,2025,85 bis unter 90 Jahre,m,916
07312,2025,15 bis unter 20 Jahre,m,2312
07312,2025,15 bis unter 20 Jahre,f,2169
07312,2025,30 bis unter 35 Jahre,f,3344
07312,2025,30 bis unter 35 Jahre,m,4498
05958,2025,80 bis unter 85 Jahre,f,4694
05958,2025,80 bis unter 85 Jahre,m,3371
05958,2025,35 bis unter 40 Jahre,m,8479
05958,2025,35 bis unter 40 Jahre,f,7870
05958,2025,unter 5 Jahre,m,5635
05958,2025,unter 5 Jahre,f,5429
05958,2025,55 bis unter 60 Jahre,m,11064
05958,2025,55 bis unter 60 Jahre,f,10788
05958,2025,40 bis unter 45 Jahre,m,7950
05958,2025,40 bis unter 45 Jahre,f,7519
05958,2025,20 bis unter 25 Jahre,f,5775
05958,2025,20 bis unter 25 Jahre,m,6767
05958,2025,15 bis unter 20 Jahre,m,6450
05958,2025,15 bis unter 20 Jahre,f,5771
05958,2025,75 bis unter 80 Jahre,f,5846
05958,2025,75 bis unter 80 Jahre,m,5218
05958,2025,60 bis unter 65 Jahre,f,11330
05958,2025,60 bis unter 65 Jahre,m,11332
05958,2025,45 bis unter 50 Jahre,f,7442
05958,2025,45 bis unter 50 Jahre,m,7267
05958,2025,70 bis unter 75 Jahre,m,7096
05958,2025,70 bis unter 75 Jahre,f,7826
05958,2025,90 bis unter 95 Jahre,f,1729
05958,2025,90 bis unter 95 Jahre,m,740
05958,2025,50 bis unter 55 Jahre,f,8062
05958,2025,50 bis unter 55 Jahre,m,8096
05958,2025,10 bis unter 15 Jahre,m,6015
05958,2025,10 bis unter 15 Jahre,f,5593
05958,2025,5 bis unter 10 Jahre,m,6205
05958,2025,5 bis unter 10 Jahre,f,5881
05958,2025,85 bis unter 90 Jahre,f,4679
05958,2025,85 bis unter 90 Jahre,m,2741
05958,2025,65 bis unter 70 Jahre,f,9613
05958,2025,65 bis unter 70 Jahre,m,9278
05958,2025,30 bis unter 35 Jahre,m,8054
05958,2025,30 bis unter 35 Jahre,f,7034
05958,2025,25 bis unter 30 Jahre,m,7524
05958,2025,25 bis unter 30 Jahre,f,6430
05958,2025,95 Jahre und mehr,f,456
05958,2025,95 Jahre und mehr,m,127
09261,2025,75 bis unter 80 Jahre,f,1603
09261,2025,75 bis unter 80 Jahre,m,1188
09261,2025,40 bis unter 45 Jahre,f,2328
09261,2025,40 bis unter 45 Jahre,m,2469
09261,2025,15 bis unter 20 Jahre,m,1796
09261,2025,15 bis unter 20 Jahre,f,1703
09261,2025,60 bis unter 65 Jahre,f,2471
09261,2025,60 bis unter 65 Jahre,m,2404
09261,2025,55 bis unter 60 Jahre,f,2652
09261,2025,55 bis unter 60 Jahre,m,2713
09261,2025,80 bis unter 85 Jahre,f,1309
09261,2025,80 bis unter 85 Jahre,m,927
09261,2025,35 bis unter 40 Jahre,m,2797
09261,2025,35 bis unter 40 Jahre,f,2458
09261,2025,20 bis unter 25 Jahre,m,2051
09261,2025,20 bis unter 25 Jahre,f,2099
09261,2025,unter 5 Jahre,f,1561
09261,2025,unter 5 Jahre,m,1664
09261,2025,70 bis unter 75 Jahre,m,1484
09261,2025,70 bis unter 75 Jahre,f,1834
09261,2025,45 bis unter 50 Jahre,f,2331
09261,2025,45 bis unter 50 Jahre,m,2252
09261,2025,25 bis unter 30 Jahre,m,2743
09261,2025,25 bis unter 30 Jahre,f,2507
09261,2025,50 bis unter 55 Jahre,m,2179
09261,2025,50 bis unter 55 Jahre,f,2236
09261,2025,30 bis unter 35 Jahre,f,2439
09261,2025,30 bis unter 35 Jahre,m,2605
09261,2025,65 bis unter 70 Jahre,f,2181
09261,2025,65 bis unter 70 Jahre,m,1827
09261,2025,5 bis unter 10 Jahre,m,1623
09261,2025,5 bis unter 10 Jahre,f,1644
09261,2025,95 Jahre und mehr,m,41
09261,2025,95 Jahre und mehr,f,104
09261,2025,10 bis unter 15 Jahre,f,1586
09261,2025,10 bis unter 15 Jahre,m,1677
09261,2025,90 bis unter 95 Jahre,f,441
09261,2025,90 bis unter 95 Jahre,m,202
09261,2025,85 bis unter 90 Jahre,m,678
09261,2025,85 bis unter 90 Jahre,f,1115
07311,2025,50 bis unter 55 Jahre,m,1446
07311,2025,50 bis unter 55 Jahre,f,1401
07311,2025,10 bis unter 15 Jahre,m,1243
07311,2025,10 bis unter 15 Jahre,f,1141
07311,2025,30 bis unter 35 Jahre,m,1588
07311,2025,30 bis unter 35 Jahre,f,1373
07311,2025,25 bis unter 30 Jahre,m,1531
07311,2025,25 bis unter 30 Jahre,f,1297
07311,2025,35 bis unter 40 Jahre,f,1563
07311,2025,35 bis unter 40 Jahre,m,1741
07311,2025,65 bis unter 70 Jahre,m,1521
07311,2025,65 bis unter 70 Jahre,f,1664
07311,2025,90 bis unter 95 Jahre,m,179
07311,2025,90 bis unter 95 Jahre,f,366
07311,2025,20 bis unter 25 Jahre,f,1031
07311,2025,20 bis unter 25 Jahre,m,1275
07311,2025,95 Jahre und mehr,f,116
07311,2025,95 Jahre und mehr,m,32
07311,2025,85 bis unter 90 Jahre,f,912
07311,2025,85 bis unter 90 Jahre,m,563
07311,2025,5 bis unter 10 Jahre,m,1257
07311,2025,5 bis unter 10 Jahre,f,1221
07311,2025,15 bis unter 20 Jahre,f,1089
07311,2025,15 bis unter 20 Jahre,m,1183
07311,2025,40 bis unter 45 Jahre,f,1459
07311,2025,40 bis unter 45 Jahre,m,1599
07311,2025,60 bis unter 65 Jahre,m,1705
07311,2025,60 bis unter 65 Jahre,f,1802
07311,2025,55 bis unter 60 Jahre,m,1757
07311,2025,55 bis unter 60 Jahre,f,1688
07311,2025,80 bis unter 85 Jahre,m,676
07311,2025,80 bis unter 85 Jahre,f,1014
07311,2025,75 bis unter 80 Jahre,m,830
07311,2025,75 bis unter 80 Jahre,f,1141
07311,2025,unter 5 Jahre,m,1162
07311,2025,unter 5 Jahre,f,1079
07311,2025,45 bis unter 50 Jahre,f,1401
07311,2025,45 bis unter 50 Jahre,m,1576
07311,2025,70 bis unter 75 Jahre,f,1442
07311,2025,70 bis unter 75 Jahre,m,1070
06436,2025,45 bis unter 50 Jahre,m,7924
06436,2025,45 bis unter 50 Jahre,f,8267
06436,2025,90 bis unter 95 Jahre,f,1465
06436,2025,90 bis unter 95 Jahre,m,771
06436,2025,85 bis unter 90 Jahre,m,2613
06436,2025,85 bis unter 90 Jahre,f,3951
06436,2025,65 bis unter 70 Jahre,m,6708
06436,2025,65 bis unter 70 Jahre,f,7362
06436,2025,70 bis unter 75 Jahre,m,4932
06436,2025,70 bis unter 75 Jahre,f,6102
06436,2025,95 Jahre und mehr,f,338
06436,2025,95 Jahre und mehr,m,119
06436,2025,30 bis unter 35 Jahre,m,6805
06436,2025,30 bis unter 35 Jahre,f,6428
06436,2025,50 bis unter 55 Jahre,f,8195
06436,2025,50 bis unter 55 Jahre,m,7813
06436,2025,5 bis unter 10 Jahre,m,6158
06436,2025,5 bis unter 10 Jahre,f,5930
06436,2025,25 bis unter 30 Jahre,f,5565
06436,2025,25 bis unter 30 Jahre,m,6270
06436,2025,35 bis unter 40 Jahre,f,7709
06436,2025,35 bis unter 40 Jahre,m,7623
06436,2025,55 bis unter 60 Jahre,f,9986
06436,2025,55 bis unter 60 Jahre,m,10012
06436,2025,60 bis unter 65 Jahre,m,9254
06436,2025,60 bis unter 65 Jahre,f,9158
06436,2025,unter 5 Jahre,m,5451
06436,2025,unter 5 Jahre,f,5158
06436,2025,80 bis unter 85 Jahre,f,4799
06436,2025,80 bis unter 85 Jahre,m,3599
06436,2025,15 bis unter 20 Jahre,m,6661
06436,2025,15 bis unter 20 Jahre,f,6053
06436,2025,40 bis unter 45 Jahre,m,7789
06436,2025,40 bis unter 45 Jahre,f,8496
06436,2025,20 bis unter 25 Jahre,m,6100
06436,2025,20 bis unter 25 Jahre,f,5017
06436,2025,75 bis unter 80 Jahre,f,5529
06436,2025,75 bis unter 80 Jahre,m,4339
06436,2025,10 bis unter 15 Jahre,f,6041
06436,2025,10 bis unter 15 Jahre,m,6293
05566,2025,10 bis unter 15 Jahre,f,10637
05566,2025,10 bis unter 15 Jahre,m,11368
05566,2025,65 bis unter 70 Jahre,f,15353
05566,2025,65 bis unter 70 Jahre,m,14862
05566,2025,30 bis unter 35 Jahre,f,12699
05566,2025,30 bis unter 35 Jahre,m,13989
05566,2025,95 Jahre und mehr,m,145
05566,2025,95 Jahre und mehr,f,681
05566,2025,90 bis unter 95 Jahre,f,2571
05566,2025,90 bis unter 95 Jahre,m,1099
05566,2025,45 bis unter 50 Jahre,m,12965
05566,2025,45 bis unter 50 Jahre,f,13167
05566,2025,25 bis unter 30 Jahre,f,11770
05566,2025,25 bis unter 30 Jahre,m,13898
05566,2025,50 bis unter 55 Jahre,f,14149
05566,2025,50 bis unter 55 Jahre,m,13585
05566,2025,5 bis unter 10 Jahre,m,11999
05566,2025,5 bis unter 10 Jahre,f,11432
05566,2025,80 bis unter 85 Jahre,m,5116
05566,2025,80 bis unter 85 Jahre,f,7150
05566,2025,85 bis unter 90 Jahre,m,3969
05566,2025,85 bis unter 90 Jahre,f,7076
05566,2025,unter 5 Jahre,m,10953
05566,2025,unter 5 Jahre,f,10671
05566,2025,20 bis unter 25 Jahre,m,12599
05566,2025,20 bis unter 25 Jahre,f,10508
05566,2025,75 bis unter 80 Jahre,m,8014
05566,2025,75 bis unter 80 Jahre,f,9366
05566,2025,55 bis unter 60 Jahre,f,18781
05566,2025,55 bis unter 60 Jahre,m,19035
05566,2025,35 bis unter 40 Jahre,f,14185
05566,2025,35 bis unter 40 Jahre,m,14976
05566,2025,40 bis unter 45 Jahre,f,14174
05566,2025,40 bis unter 45 Jahre,m,14228
05566,2025,15 bis unter 20 Jahre,m,11990
05566,2025,15 bis unter 20 Jahre,f,10713
05566,2025,60 bis unter 65 Jahre,f,18724
05566,2025,60 bis unter 65 Jahre,m,18829
05566,2025,70 bis unter 75 Jahre,m,11052
05566,2025,70 bis unter 75 Jahre,f,12526
09775,2025,65 bis unter 70 Jahre,m,5407
09775,2025,65 bis unter 70 Jahre,f,5834
09775,2025,10 bis unter 15 Jahre,m,4436
09775,2025,10 bis unter 15 Jahre,f,4080
09775,2025,45 bis unter 50 Jahre,m,5751
09775,2025,45 bis unter 50 Jahre,f,5669
09775,2025,90 bis unter 95 Jahre,f,944
09775,2025,90 bis unter 95 Jahre,m,474
09775,2025,50 bis unter 55 Jahre,m,5739
09775,2025,50 bis unter 55 Jahre,f,5570
09775,2025,70 bis unter 75 Jahre,f,4846
09775,2025,70 bis unter 75 Jahre,m,4291
09775,2025,30 bis unter 35 Jahre,m,6260
09775,2025,30 bis unter 35 Jahre,f,5855
09775,2025,25 bis unter 30 Jahre,m,5714
09775,2025,25 bis unter 30 Jahre,f,5390
09775,2025,5 bis unter 10 Jahre,m,4859
09775,2025,5 bis unter 10 Jahre,f,4606
09775,2025,85 bis unter 90 Jahre,f,2692
09775,2025,85 bis unter 90 Jahre,m,1858
09775,2025,95 Jahre und mehr,m,100
09775,2025,95 Jahre und mehr,f,274
09775,2025,20 bis unter 25 Jahre,f,4647
09775,2025,20 bis unter 25 Jahre,m,5022
09775,2025,15 bis unter 20 Jahre,f,4316
09775,2025,15 bis unter 20 Jahre,m,4367
09775,2025,40 bis unter 45 Jahre,f,6197
09775,2025,40 bis unter 45 Jahre,m,6410
09775,2025,75 bis unter 80 Jahre,m,3338
09775,2025,75 bis unter 80 Jahre,f,3850
09775,2025,55 bis unter 60 Jahre,m,6808
09775,2025,55 bis unter 60 Jahre,f,6708
09775,2025,unter 5 Jahre,m,4721
09775,2025,unter 5 Jahre,f,4463
09775,2025,80 bis unter 85 Jahre,m,2457
09775,2025,80 bis unter 85 Jahre,f,3121
09775,2025,60 bis unter 65 Jahre,f,6760
09775,2025,60 bis unter 65 Jahre,m,6708
09775,2025,35 bis unter 40 Jahre,f,6437
09775,2025,35 bis unter 40 Jahre,m,6850
08136,2025,5 bis unter 10 Jahre,f,7755
08136,2025,5 bis unter 10 Jahre,m,8145
08136,2025,25 bis unter 30 Jahre,f,8690
08136,2025,25 bis unter 30 Jahre,m,9597
08136,2025,45 bis unter 50 Jahre,f,9588
08136,2025,45 bis unter 50 Jahre,m,9476
08136,2025,80 bis unter 85 Jahre,m,4156
08136,2025,80 bis unter 85 Jahre,f,5524
08136,2025,65 bis unter 70 Jahre,f,10857
08136,2025,65 bis unter 70 Jahre,m,10368
08136,2025,95 Jahre und mehr,m,172
08136,2025,95 Jahre und mehr,f,510
08136,2025,10 bis unter 15 Jahre,f,7329
08136,2025,10 bis unter 15 Jahre,m,7765
08136,2025,40 bis unter 45 Jahre,m,10136
08136,2025,40 bis unter 45 Jahre,f,9841
08136,2025,unter 5 Jahre,m,7717
08136,2025,unter 5 Jahre,f,7269
08136,2025,30 bis unter 35 Jahre,m,10152
08136,2025,30 bis unter 35 Jahre,f,9186
08136,2025,50 bis unter 55 Jahre,f,9873
08136,2025,50 bis unter 55 Jahre,m,9958
08136,2025,75 bis unter 80 Jahre,m,5952
08136,2025,75 bis unter 80 Jahre,f,6860
08136,2025,85 bis unter 90 Jahre,f,4946
08136,2025,85 bis unter 90 Jahre,m,2997
08136,2025,20 bis unter 25 Jahre,m,8490
08136,2025,20 bis unter 25 Jahre,f,7914
08136,2025,15 bis unter 20 Jahre,f,7527
08136,2025,15 bis unter 20 Jahre,m,7997
08136,2025,35 bis unter 40 Jahre,f,10116
08136,2025,35 bis unter 40 Jahre,m,10775
08136,2025,60 bis unter 65 Jahre,f,12455
08136,2025,60 bis unter 65 Jahre,m,12361
08136,2025,90 bis unter 95 Jahre,m,943
08136,2025,90 bis unter 95 Jahre,f,1836
08136,2025,55 bis unter 60 Jahre,m,12219
08136,2025,55 bis unter 60 Jahre,f,12146
08136,2025,70 bis unter 75 Jahre,f,8839
08136,2025,70 bis unter 75 Jahre,m,7891
03353,2025,10 bis unter 15 Jahre,m,6684
03353,2025,10 bis unter 15 Jahre,f,6309
03353,2025,65 bis unter 70 Jahre,m,8326
03353,2025,65 bis unter 70 Jahre,f,8696
03353,2025,70 bis unter 75 Jahre,f,7061
03353,2025,70 bis unter 75 Jahre,m,6191
03353,2025,30 bis unter 35 Jahre,m,7550
03353,2025,30 bis unter 35 Jahre,f,6822
03353,2025,25 bis unter 30 Jahre,m,7099
03353,2025,25 bis unter 30 Jahre,f,5883
03353,2025,90 bis unter 95 Jahre,f,1634
03353,2025,90 bis unter 95 Jahre,m,776
03353,2025,85 bis unter 90 Jahre,f,4729
03353,2025,85 bis unter 90 Jahre,m,3117
03353,2025,45 bis unter 50 Jahre,m,8276
03353,2025,45 bis unter 50 Jahre,f,8607
03353,2025,50 bis unter 55 Jahre,m,8234
03353,2025,50 bis unter 55 Jahre,f,8475
03353,2025,35 bis unter 40 Jahre,f,8500
03353,2025,35 bis unter 40 Jahre,m,8561
03353,2025,15 bis unter 20 Jahre,f,6111
03353,2025,15 bis unter 20 Jahre,m,6608
03353,2025,5 bis unter 10 Jahre,m,6897
03353,2025,5 bis unter 10 Jahre,f,6482
03353,2025,60 bis unter 65 Jahre,f,11205
03353,2025,60 bis unter 65 Jahre,m,11064
03353,2025,40 bis unter 45 Jahre,m,8494
03353,2025,40 bis unter 45 Jahre,f,8647
03353,2025,55 bis unter 60 Jahre,m,11295
03353,2025,55 bis unter 60 Jahre,f,11486
03353,2025,unter 5 Jahre,m,6021
03353,2025,unter 5 Jahre,f,5690
03353,2025,20 bis unter 25 Jahre,m,6765
03353,2025,20 bis unter 25 Jahre,f,5321
03353,2025,75 bis unter 80 Jahre,m,5328
03353,2025,75 bis unter 80 Jahre,f,6487
03353,2025,95 Jahre und mehr,m,135
03353,2025,95 Jahre und mehr,f,399
03353,2025,80 bis unter 85 Jahre,f,5477
03353,2025,80 bis unter 85 Jahre,m,4285
03462,2025,20 bis unter 25 Jahre,m,1346
03462,2025,20 bis unter 25 Jahre,f,1194
03462,2025,75 bis unter 80 Jahre,m,1550
03462,2025,75 bis unter 80 Jahre,f,1599
03462,2025,80 bis unter 85 Jahre,f,981
03462,2025,80 bis unter 85 Jahre,m,887
03462,2025,40 bis unter 45 Jahre,m,1488
03462,2025,40 bis unter 45 Jahre,f,1586
03462,2025,35 bis unter 40 Jahre,m,1596
03462,2025,35 bis unter 40 Jahre,f,1593
03462,2025,55 bis unter 60 Jahre,m,2259
03462,2025,55 bis unter 60 Jahre,f,2485
03462,2025,60 bis unter 65 Jahre,m,2346
03462,2025,60 bis unter 65 Jahre,f,2552
03462,2025,10 bis unter 15 Jahre,f,1233
03462,2025,10 bis unter 15 Jahre,m,1390
03462,2025,unter 5 Jahre,f,974
03462,2025,unter 5 Jahre,m,1123
03462,2025,5 bis unter 10 Jahre,f,1236
03462,2025,5 bis unter 10 Jahre,m,1277
03462,2025,30 bis unter 35 Jahre,f,1405
03462,2025,30 bis unter 35 Jahre,m,1472
03462,2025,85 bis unter 90 Jahre,f,951
03462,2025,85 bis unter 90 Jahre,m,578
03462,2025,90 bis unter 95 Jahre,m,152
03462,2025,90 bis unter 95 Jahre,f,366
03462,2025,65 bis unter 70 Jahre,m,2076
03462,2025,65 bis unter 70 Jahre,f,2473
03462,2025,95 Jahre und mehr,f,94
03462,2025,95 Jahre und mehr,m,34
03462,2025,50 bis unter 55 Jahre,f,1817
03462,2025,50 bis unter 55 Jahre,m,1657
03462,2025,15 bis unter 20 Jahre,f,1217
03462,2025,15 bis unter 20 Jahre,m,1427
03462,2025,70 bis unter 75 Jahre,m,1746
03462,2025,70 bis unter 75 Jahre,f,1876
03462,2025,45 bis unter 50 Jahre,m,1472
03462,2025,45 bis unter 50 Jahre,f,1549
03462,2025,25 bis unter 30 Jahre,f,1348
03462,2025,25 bis unter 30 Jahre,m,1444
07340,2025,30 bis unter 35 Jahre,f,2403
07340,2025,30 bis unter 35 Jahre,m,2304
07340,2025,85 bis unter 90 Jahre,f,1708
07340,2025,85 bis unter 90 Jahre,m,1099
07340,2025,65 bis unter 70 Jahre,f,3875
07340,2025,65 bis unter 70 Jahre,m,3727
07340,2025,10 bis unter 15 Jahre,f,1877
07340,2025,10 bis unter 15 Jahre,m,1941
07340,2025,45 bis unter 50 Jahre,m,2428
07340,2025,45 bis unter 50 Jahre,f,2520
07340,2025,90 bis unter 95 Jahre,f,650
07340,2025,90 bis unter 95 Jahre,m,321
07340,2025,5 bis unter 10 Jahre,m,2018
07340,2025,5 bis unter 10 Jahre,f,1964
07340,2025,80 bis unter 85 Jahre,m,1325
07340,2025,80 bis unter 85 Jahre,f,1725
07340,2025,25 bis unter 30 Jahre,f,1821
07340,2025,25 bis unter 30 Jahre,m,2041
07340,2025,50 bis unter 55 Jahre,f,2704
07340,2025,50 bis unter 55 Jahre,m,2570
07340,2025,95 Jahre und mehr,m,59
07340,2025,95 Jahre und mehr,f,175
07340,2025,20 bis unter 25 Jahre,m,1817
07340,2025,20 bis unter 25 Jahre,f,1510
07340,2025,75 bis unter 80 Jahre,m,2084
07340,2025,75 bis unter 80 Jahre,f,2253
07340,2025,60 bis unter 65 Jahre,f,4316
07340,2025,60 bis unter 65 Jahre,m,4171
07340,2025,15 bis unter 20 Jahre,m,1888
07340,2025,15 bis unter 20 Jahre,f,1772
07340,2025,55 bis unter 60 Jahre,f,3836
07340,2025,55 bis unter 60 Jahre,m,3813
07340,2025,35 bis unter 40 Jahre,f,2732
07340,2025,35 bis unter 40 Jahre,m,2871
07340,2025,40 bis unter 45 Jahre,f,2527
07340,2025,40 bis unter 45 Jahre,m,2533
07340,2025,unter 5 Jahre,m,1915
07340,2025,unter 5 Jahre,f,1763
07340,2025,70 bis unter 75 Jahre,m,3029
07340,2025,70 bis unter 75 Jahre,f,3317
06414,2025,35 bis unter 40 Jahre,f,10044
06414,2025,35 bis unter 40 Jahre,m,9925
06414,2025,unter 5 Jahre,f,6596
06414,2025,unter 5 Jahre,m,6810
06414,2025,55 bis unter 60 Jahre,f,10668
06414,2025,55 bis unter 60 Jahre,m,10681
06414,2025,15 bis unter 20 Jahre,f,7120
06414,2025,15 bis unter 20 Jahre,m,7526
06414,2025,20 bis unter 25 Jahre,f,8715
06414,2025,20 bis unter 25 Jahre,m,8464
06414,2025,40 bis unter 45 Jahre,f,9769
06414,2025,40 bis unter 45 Jahre,m,9261
06414,2025,80 bis unter 85 Jahre,f,5344
06414,2025,80 bis unter 85 Jahre,m,3813
06414,2025,65 bis unter 70 Jahre,m,7445
06414,2025,65 bis unter 70 Jahre,f,8391
06414,2025,10 bis unter 15 Jahre,m,7122
06414,2025,10 bis unter 15 Jahre,f,6613
06414,2025,75 bis unter 80 Jahre,m,4713
06414,2025,75 bis unter 80 Jahre,f,6133
06414,2025,45 bis unter 50 Jahre,m,9044
06414,2025,45 bis unter 50 Jahre,f,9794
06414,2025,90 bis unter 95 Jahre,f,1572
06414,2025,90 bis unter 95 Jahre,m,762
06414,2025,95 Jahre und mehr,m,178
06414,2025,95 Jahre und mehr,f,488
06414,2025,70 bis unter 75 Jahre,m,5574
06414,2025,70 bis unter 75 Jahre,f,7025
06414,2025,85 bis unter 90 Jahre,f,4214
06414,2025,85 bis unter 90 Jahre,m,2611
06414,2025,25 bis unter 30 Jahre,m,10186
06414,2025,25 bis unter 30 Jahre,f,9988
06414,2025,5 bis unter 10 Jahre,f,6736
06414,2025,5 bis unter 10 Jahre,m,6967
06414,2025,30 bis unter 35 Jahre,f,9965
06414,2025,30 bis unter 35 Jahre,m,9879
06414,2025,60 bis unter 65 Jahre,m,9799
06414,2025,60 bis unter 65 Jahre,f,10307
06414,2025,50 bis unter 55 Jahre,m,8964
06414,2025,50 bis unter 55 Jahre,f,9378
09174,2025,75 bis unter 80 Jahre,m,2532
09174,2025,75 bis unter 80 Jahre,f,3301
09174,2025,40 bis unter 45 Jahre,m,5436
09174,2025,40 bis unter 45 Jahre,f,5556
09174,2025,20 bis unter 25 Jahre,m,4099
09174,2025,20 bis unter 25 Jahre,f,3636
09174,2025,unter 5 Jahre,m,3792
09174,2025,unter 5 Jahre,f,3539
09174,2025,15 bis unter 20 Jahre,m,4002
09174,2025,15 bis unter 20 Jahre,f,3671
09174,2025,80 bis unter 85 Jahre,m,1875
09174,2025,80 bis unter 85 Jahre,f,2556
09174,2025,60 bis unter 65 Jahre,f,5744
09174,2025,60 bis unter 65 Jahre,m,5899
09174,2025,55 bis unter 60 Jahre,m,6221
09174,2025,55 bis unter 60 Jahre,f,6079
09174,2025,25 bis unter 30 Jahre,f,3936
09174,2025,25 bis unter 30 Jahre,m,4822
09174,2025,95 Jahre und mehr,f,186
09174,2025,95 Jahre und mehr,m,56
09174,2025,45 bis unter 50 Jahre,f,5409
09174,2025,45 bis unter 50 Jahre,m,5169
09174,2025,35 bis unter 40 Jahre,f,5273
09174,2025,35 bis unter 40 Jahre,m,5433
09174,2025,65 bis unter 70 Jahre,f,4589
09174,2025,65 bis unter 70 Jahre,m,4457
09174,2025,70 bis unter 75 Jahre,f,3709
09174,2025,70 bis unter 75 Jahre,m,3180
09174,2025,30 bis unter 35 Jahre,m,4981
09174,2025,30 bis unter 35 Jahre,f,4521
09174,2025,85 bis unter 90 Jahre,m,1377
09174,2025,85 bis unter 90 Jahre,f,2202
09174,2025,10 bis unter 15 Jahre,m,4075
09174,2025,10 bis unter 15 Jahre,f,3604
09174,2025,90 bis unter 95 Jahre,f,814
09174,2025,90 bis unter 95 Jahre,m,373
09174,2025,50 bis unter 55 Jahre,m,4983
09174,2025,50 bis unter 55 Jahre,f,5013
09174,2025,5 bis unter 10 Jahre,m,4168
09174,2025,5 bis unter 10 Jahre,f,3908
07331,2025,80 bis unter 85 Jahre,m,1509
07331,2025,80 bis unter 85 Jahre,f,1937
07331,2025,60 bis unter 65 Jahre,m,5453
07331,2025,60 bis unter 65 Jahre,f,5608
07331,2025,5 bis unter 10 Jahre,f,3481
07331,2025,5 bis unter 10 Jahre,m,3535
07331,2025,95 Jahre und mehr,f,211
07331,2025,95 Jahre und mehr,m,55
07331,2025,20 bis unter 25 Jahre,m,3225
07331,2025,20 bis unter 25 Jahre,f,2711
07331,2025,45 bis unter 50 Jahre,f,4051
07331,2025,45 bis unter 50 Jahre,m,4030
07331,2025,75 bis unter 80 Jahre,m,2588
07331,2025,75 bis unter 80 Jahre,f,2867
07331,2025,85 bis unter 90 Jahre,f,1760
07331,2025,85 bis unter 90 Jahre,m,1069
07331,2025,35 bis unter 40 Jahre,m,4480
07331,2025,35 bis unter 40 Jahre,f,4376
07331,2025,10 bis unter 15 Jahre,f,3218
07331,2025,10 bis unter 15 Jahre,m,3328
07331,2025,unter 5 Jahre,m,3174
07331,2025,unter 5 Jahre,f,2989
07331,2025,55 bis unter 60 Jahre,f,5331
07331,2025,55 bis unter 60 Jahre,m,5217
07331,2025,90 bis unter 95 Jahre,f,677
07331,2025,90 bis unter 95 Jahre,m,303
07331,2025,65 bis unter 70 Jahre,f,5020
07331,2025,65 bis unter 70 Jahre,m,4673
07331,2025,70 bis unter 75 Jahre,m,3814
07331,2025,70 bis unter 75 Jahre,f,4135
07331,2025,50 bis unter 55 Jahre,m,3883
07331,2025,50 bis unter 55 Jahre,f,4064
07331,2025,25 bis unter 30 Jahre,m,3261
07331,2025,25 bis unter 30 Jahre,f,3128
07331,2025,40 bis unter 45 Jahre,f,4159
07331,2025,40 bis unter 45 Jahre,m,4381
07331,2025,30 bis unter 35 Jahre,f,3578
07331,2025,30 bis unter 35 Jahre,m,3667
07331,2025,15 bis unter 20 Jahre,m,3230
07331,2025,15 bis unter 20 Jahre,f,2900
05914,2025,65 bis unter 70 Jahre,m,5723
05914,2025,65 bis unter 70 Jahre,f,6181
05914,2025,10 bis unter 15 Jahre,m,4910
05914,2025,10 bis unter 15 Jahre,f,4636
05914,2025,30 bis unter 35 Jahre,m,6114
05914,2025,30 bis unter 35 Jahre,f,5914
05914,2025,85 bis unter 90 Jahre,f,3016
05914,2025,85 bis unter 90 Jahre,m,1733
05914,2025,90 bis unter 95 Jahre,m,498
05914,2025,90 bis unter 95 Jahre,f,1205
05914,2025,70 bis unter 75 Jahre,f,5087
05914,2025,70 bis unter 75 Jahre,m,4226
05914,2025,25 bis unter 30 Jahre,m,5942
05914,2025,25 bis unter 30 Jahre,f,5845
05914,2025,50 bis unter 55 Jahre,m,5642
05914,2025,50 bis unter 55 Jahre,f,5585
05914,2025,95 Jahre und mehr,m,119
05914,2025,95 Jahre und mehr,f,365
05914,2025,5 bis unter 10 Jahre,f,4895
05914,2025,5 bis unter 10 Jahre,m,4972
05914,2025,15 bis unter 20 Jahre,f,4739
05914,2025,15 bis unter 20 Jahre,m,5176
05914,2025,40 bis unter 45 Jahre,f,5536
05914,2025,40 bis unter 45 Jahre,m,6105
05914,2025,20 bis unter 25 Jahre,m,5397
05914,2025,20 bis unter 25 Jahre,f,5192
05914,2025,80 bis unter 85 Jahre,f,3477
05914,2025,80 bis unter 85 Jahre,m,2293
05914,2025,35 bis unter 40 Jahre,m,6624
05914,2025,35 bis unter 40 Jahre,f,6117
05914,2025,75 bis unter 80 Jahre,m,3185
05914,2025,75 bis unter 80 Jahre,f,4120
05914,2025,60 bis unter 65 Jahre,m,7278
05914,2025,60 bis unter 65 Jahre,f,7223
05914,2025,55 bis unter 60 Jahre,m,7157
05914,2025,55 bis unter 60 Jahre,f,7210
05914,2025,unter 5 Jahre,m,4781
05914,2025,unter 5 Jahre,f,4610
05914,2025,45 bis unter 50 Jahre,f,5447
05914,2025,45 bis unter 50 Jahre,m,5708
09773,2025,85 bis unter 90 Jahre,f,1457
09773,2025,85 bis unter 90 Jahre,m,932
09773,2025,30 bis unter 35 Jahre,f,2900
09773,2025,30 bis unter 35 Jahre,m,3135
09773,2025,10 bis unter 15 Jahre,f,2306
09773,2025,10 bis unter 15 Jahre,m,2539
09773,2025,25 bis unter 30 Jahre,f,2407
09773,2025,25 bis unter 30 Jahre,m,2795
09773,2025,90 bis unter 95 Jahre,f,530
09773,2025,90 bis unter 95 Jahre,m,248
09773,2025,45 bis unter 50 Jahre,m,3034
09773,2025,45 bis unter 50 Jahre,f,2987
09773,2025,65 bis unter 70 Jahre,f,3533
09773,2025,65 bis unter 70 Jahre,m,3360
09773,2025,5 bis unter 10 Jahre,m,2744
09773,2025,5 bis unter 10 Jahre,f,2514
09773,2025,50 bis unter 55 Jahre,f,3086
09773,2025,50 bis unter 55 Jahre,m,3013
09773,2025,80 bis unter 85 Jahre,m,1254
09773,2025,80 bis unter 85 Jahre,f,1568
09773,2025,20 bis unter 25 Jahre,m,2565
09773,2025,20 bis unter 25 Jahre,f,2250
09773,2025,95 Jahre und mehr,m,39
09773,2025,95 Jahre und mehr,f,151
09773,2025,75 bis unter 80 Jahre,m,1885
09773,2025,75 bis unter 80 Jahre,f,2142
09773,2025,40 bis unter 45 Jahre,f,2972
09773,2025,40 bis unter 45 Jahre,m,3147
09773,2025,55 bis unter 60 Jahre,f,3880
09773,2025,55 bis unter 60 Jahre,m,3920
09773,2025,15 bis unter 20 Jahre,m,2478
09773,2025,15 bis unter 20 Jahre,f,2321
09773,2025,60 bis unter 65 Jahre,f,4028
09773,2025,60 bis unter 65 Jahre,m,3996
09773,2025,unter 5 Jahre,m,2422
09773,2025,unter 5 Jahre,f,2311
09773,2025,70 bis unter 75 Jahre,m,2510
09773,2025,70 bis unter 75 Jahre,f,2807
09773,2025,35 bis unter 40 Jahre,f,3194
09773,2025,35 bis unter 40 Jahre,m,3510
08121,2025,85 bis unter 90 Jahre,m,1233
08121,2025,85 bis unter 90 Jahre,f,2047
08121,2025,30 bis unter 35 Jahre,m,5476
08121,2025,30 bis unter 35 Jahre,f,4377
08121,2025,65 bis unter 70 Jahre,m,3320
08121,2025,65 bis unter 70 Jahre,f,3612
08121,2025,70 bis unter 75 Jahre,m,2374
08121,2025,70 bis unter 75 Jahre,f,3159
08121,2025,90 bis unter 95 Jahre,f,776
08121,2025,90 bis unter 95 Jahre,m,337
08121,2025,50 bis unter 55 Jahre,m,4025
08121,2025,50 bis unter 55 Jahre,f,4043
08121,2025,45 bis unter 50 Jahre,m,4190
08121,2025,45 bis unter 50 Jahre,f,4237
08121,2025,5 bis unter 10 Jahre,m,3447
08121,2025,5 bis unter 10 Jahre,f,3340
08121,2025,95 Jahre und mehr,m,55
08121,2025,95 Jahre und mehr,f,197
08121,2025,55 bis unter 60 Jahre,f,4096
08121,2025,55 bis unter 60 Jahre,m,4414
08121,2025,unter 5 Jahre,f,3074
08121,2025,unter 5 Jahre,m,3283
08121,2025,35 bis unter 40 Jahre,f,4672
08121,2025,35 bis unter 40 Jahre,m,5144
08121,2025,25 bis unter 30 Jahre,m,5717
08121,2025,25 bis unter 30 Jahre,f,4174
08121,2025,80 bis unter 85 Jahre,f,2232
08121,2025,80 bis unter 85 Jahre,m,1475
08121,2025,60 bis unter 65 Jahre,m,4253
08121,2025,60 bis unter 65 Jahre,f,4060
08121,2025,40 bis unter 45 Jahre,m,4487
08121,2025,40 bis unter 45 Jahre,f,4373
08121,2025,75 bis unter 80 Jahre,m,1936
08121,2025,75 bis unter 80 Jahre,f,2615
08121,2025,20 bis unter 25 Jahre,m,4981
08121,2025,20 bis unter 25 Jahre,f,3875
08121,2025,15 bis unter 20 Jahre,m,3612
08121,2025,15 bis unter 20 Jahre,f,3333
08121,2025,10 bis unter 15 Jahre,f,3094
08121,2025,10 bis unter 15 Jahre,m,3371
09263,2025,55 bis unter 60 Jahre,m,1786
09263,2025,55 bis unter 60 Jahre,f,1689
09263,2025,20 bis unter 25 Jahre,m,1597
09263,2025,20 bis unter 25 Jahre,f,1479
09263,2025,unter 5 Jahre,m,1020
09263,2025,unter 5 Jahre,f,956
09263,2025,95 Jahre und mehr,f,79
09263,2025,95 Jahre und mehr,m,13
09263,2025,80 bis unter 85 Jahre,m,567
09263,2025,80 bis unter 85 Jahre,f,852
09263,2025,60 bis unter 65 Jahre,f,1850
09263,2025,60 bis unter 65 Jahre,m,1773
09263,2025,15 bis unter 20 Jahre,m,1180
09263,2025,15 bis unter 20 Jahre,f,1078
09263,2025,75 bis unter 80 Jahre,f,1168
09263,2025,75 bis unter 80 Jahre,m,924
09263,2025,40 bis unter 45 Jahre,m,1661
09263,2025,40 bis unter 45 Jahre,f,1470
09263,2025,25 bis unter 30 Jahre,f,1605
09263,2025,25 bis unter 30 Jahre,m,2012
09263,2025,35 bis unter 40 Jahre,f,1412
09263,2025,35 bis unter 40 Jahre,m,1961
09263,2025,70 bis unter 75 Jahre,f,1447
09263,2025,70 bis unter 75 Jahre,m,1132
09263,2025,45 bis unter 50 Jahre,f,1500
09263,2025,45 bis unter 50 Jahre,m,1638
09263,2025,10 bis unter 15 Jahre,m,1032
09263,2025,10 bis unter 15 Jahre,f,955
09263,2025,90 bis unter 95 Jahre,f,285
09263,2025,90 bis unter 95 Jahre,m,111
09263,2025,30 bis unter 35 Jahre,m,1870
09263,2025,30 bis unter 35 Jahre,f,1506
09263,2025,85 bis unter 90 Jahre,m,455
09263,2025,85 bis unter 90 Jahre,f,810
09263,2025,50 bis unter 55 Jahre,m,1546
09263,2025,50 bis unter 55 Jahre,f,1490
09263,2025,65 bis unter 70 Jahre,m,1474
09263,2025,65 bis unter 70 Jahre,f,1655
09263,2025,5 bis unter 10 Jahre,m,1050
09263,2025,5 bis unter 10 Jahre,f,973
07231,2025,20 bis unter 25 Jahre,f,2356
07231,2025,20 bis unter 25 Jahre,m,2726
07231,2025,55 bis unter 60 Jahre,f,4495
07231,2025,55 bis unter 60 Jahre,m,4599
07231,2025,unter 5 Jahre,f,2293
07231,2025,unter 5 Jahre,m,2442
07231,2025,75 bis unter 80 Jahre,f,2607
07231,2025,75 bis unter 80 Jahre,m,2483
07231,2025,80 bis unter 85 Jahre,f,1848
07231,2025,80 bis unter 85 Jahre,m,1312
07231,2025,95 Jahre und mehr,m,51
07231,2025,95 Jahre und mehr,f,240
07231,2025,35 bis unter 40 Jahre,m,3652
07231,2025,35 bis unter 40 Jahre,f,3418
07231,2025,70 bis unter 75 Jahre,m,3532
07231,2025,70 bis unter 75 Jahre,f,3699
07231,2025,15 bis unter 20 Jahre,f,2583
07231,2025,15 bis unter 20 Jahre,m,2767
07231,2025,40 bis unter 45 Jahre,f,3405
07231,2025,40 bis unter 45 Jahre,m,3651
07231,2025,50 bis unter 55 Jahre,m,3486
07231,2025,50 bis unter 55 Jahre,f,3554
07231,2025,30 bis unter 35 Jahre,m,3339
07231,2025,30 bis unter 35 Jahre,f,2940
07231,2025,60 bis unter 65 Jahre,m,4955
07231,2025,60 bis unter 65 Jahre,f,4882
07231,2025,25 bis unter 30 Jahre,m,3032
07231,2025,25 bis unter 30 Jahre,f,2700
07231,2025,10 bis unter 15 Jahre,f,2436
07231,2025,10 bis unter 15 Jahre,m,2687
07231,2025,45 bis unter 50 Jahre,f,3352
07231,2025,45 bis unter 50 Jahre,m,3322
07231,2025,65 bis unter 70 Jahre,f,4273
07231,2025,65 bis unter 70 Jahre,m,4091
07231,2025,5 bis unter 10 Jahre,m,2735
07231,2025,5 bis unter 10 Jahre,f,2578
07231,2025,90 bis unter 95 Jahre,f,738
07231,2025,90 bis unter 95 Jahre,m,340
07231,2025,85 bis unter 90 Jahre,m,1209
07231,2025,85 bis unter 90 Jahre,f,1943
09183,2025,25 bis unter 30 Jahre,f,3187
09183,2025,25 bis unter 30 Jahre,m,3756
09183,2025,45 bis unter 50 Jahre,f,3821
09183,2025,45 bis unter 50 Jahre,m,3847
09183,2025,65 bis unter 70 Jahre,f,4065
09183,2025,65 bis unter 70 Jahre,m,3947
09183,2025,30 bis unter 35 Jahre,f,3568
09183,2025,30 bis unter 35 Jahre,m,4062
09183,2025,60 bis unter 65 Jahre,m,4786
09183,2025,60 bis unter 65 Jahre,f,4738
09183,2025,5 bis unter 10 Jahre,f,3070
09183,2025,5 bis unter 10 Jahre,m,3169
09183,2025,55 bis unter 60 Jahre,m,4974
09183,2025,55 bis unter 60 Jahre,f,4640
09183,2025,10 bis unter 15 Jahre,m,3051
09183,2025,10 bis unter 15 Jahre,f,2833
09183,2025,75 bis unter 80 Jahre,m,2196
09183,2025,75 bis unter 80 Jahre,f,2663
09183,2025,unter 5 Jahre,m,3025
09183,2025,unter 5 Jahre,f,2940
09183,2025,90 bis unter 95 Jahre,f,641
09183,2025,90 bis unter 95 Jahre,m,286
09183,2025,85 bis unter 90 Jahre,f,1677
09183,2025,85 bis unter 90 Jahre,m,1115
09183,2025,80 bis unter 85 Jahre,m,1600
09183,2025,80 bis unter 85 Jahre,f,1991
09183,2025,95 Jahre und mehr,f,140
09183,2025,95 Jahre und mehr,m,49
09183,2025,35 bis unter 40 Jahre,f,4085
09183,2025,35 bis unter 40 Jahre,m,4458
09183,2025,20 bis unter 25 Jahre,f,2855
09183,2025,20 bis unter 25 Jahre,m,3334
09183,2025,15 bis unter 20 Jahre,f,2767
09183,2025,15 bis unter 20 Jahre,m,3041
09183,2025,70 bis unter 75 Jahre,m,3037
09183,2025,70 bis unter 75 Jahre,f,3212
09183,2025,40 bis unter 45 Jahre,f,3785
09183,2025,40 bis unter 45 Jahre,m,4160
09183,2025,50 bis unter 55 Jahre,m,3966
09183,2025,50 bis unter 55 Jahre,f,3777
03456,2025,30 bis unter 35 Jahre,m,4618
03456,2025,30 bis unter 35 Jahre,f,4187
03456,2025,85 bis unter 90 Jahre,m,1308
03456,2025,85 bis unter 90 Jahre,f,2117
03456,2025,90 bis unter 95 Jahre,f,880
03456,2025,90 bis unter 95 Jahre,m,403
03456,2025,45 bis unter 50 Jahre,m,4324
03456,2025,45 bis unter 50 Jahre,f,4199
03456,2025,50 bis unter 55 Jahre,m,4501
03456,2025,50 bis unter 55 Jahre,f,4582
03456,2025,70 bis unter 75 Jahre,m,3659
03456,2025,70 bis unter 75 Jahre,f,4095
03456,2025,65 bis unter 70 Jahre,m,4613
03456,2025,65 bis unter 70 Jahre,f,4763
03456,2025,25 bis unter 30 Jahre,m,4449
03456,2025,25 bis unter 30 Jahre,f,3756
03456,2025,10 bis unter 15 Jahre,m,3795
03456,2025,10 bis unter 15 Jahre,f,3506
03456,2025,15 bis unter 20 Jahre,f,3550
03456,2025,15 bis unter 20 Jahre,m,3809
03456,2025,40 bis unter 45 Jahre,f,4366
03456,2025,40 bis unter 45 Jahre,m,4424
03456,2025,35 bis unter 40 Jahre,f,4631
03456,2025,35 bis unter 40 Jahre,m,4723
03456,2025,5 bis unter 10 Jahre,m,3872
03456,2025,5 bis unter 10 Jahre,f,3621
03456,2025,95 Jahre und mehr,m,65
03456,2025,95 Jahre und mehr,f,265
03456,2025,60 bis unter 65 Jahre,f,5862
03456,2025,60 bis unter 65 Jahre,m,5971
03456,2025,75 bis unter 80 Jahre,m,2782
03456,2025,75 bis unter 80 Jahre,f,3106
03456,2025,20 bis unter 25 Jahre,m,3782
03456,2025,20 bis unter 25 Jahre,f,3227
03456,2025,unter 5 Jahre,m,3506
03456,2025,unter 5 Jahre,f,3357
03456,2025,80 bis unter 85 Jahre,f,2305
03456,2025,80 bis unter 85 Jahre,m,1789
03456,2025,55 bis unter 60 Jahre,f,5960
03456,2025,55 bis unter 60 Jahre,m,5946
05774,2025,50 bis unter 55 Jahre,m,9235
05774,2025,50 bis unter 55 Jahre,f,9471
05774,2025,85 bis unter 90 Jahre,m,2684
05774,2025,85 bis unter 90 Jahre,f,4489
05774,2025,30 bis unter 35 Jahre,m,10781
05774,2025,30 bis unter 35 Jahre,f,9860
05774,2025,10 bis unter 15 Jahre,m,7909
05774,2025,10 bis unter 15 Jahre,f,7586
05774,2025,90 bis unter 95 Jahre,f,1626
05774,2025,90 bis unter 95 Jahre,m,702
05774,2025,45 bis unter 50 Jahre,m,9316
05774,2025,45 bis unter 50 Jahre,f,9255
05774,2025,15 bis unter 20 Jahre,f,7536
05774,2025,15 bis unter 20 Jahre,m,8559
05774,2025,70 bis unter 75 Jahre,m,7668
05774,2025,70 bis unter 75 Jahre,f,8550
05774,2025,55 bis unter 60 Jahre,f,11443
05774,2025,55 bis unter 60 Jahre,m,11656
05774,2025,5 bis unter 10 Jahre,m,8247
05774,2025,5 bis unter 10 Jahre,f,7645
05774,2025,25 bis unter 30 Jahre,f,9820
05774,2025,25 bis unter 30 Jahre,m,11285
05774,2025,35 bis unter 40 Jahre,f,10066
05774,2025,35 bis unter 40 Jahre,m,11194
05774,2025,60 bis unter 65 Jahre,f,11945
05774,2025,60 bis unter 65 Jahre,m,11798
05774,2025,40 bis unter 45 Jahre,m,10346
05774,2025,40 bis unter 45 Jahre,f,9631
05774,2025,80 bis unter 85 Jahre,m,3403
05774,2025,80 bis unter 85 Jahre,f,4603
05774,2025,75 bis unter 80 Jahre,m,5292
05774,2025,75 bis unter 80 Jahre,f,6046
05774,2025,95 Jahre und mehr,f,515
05774,2025,95 Jahre und mehr,m,129
05774,2025,20 bis unter 25 Jahre,m,9862
05774,2025,20 bis unter 25 Jahre,f,9262
05774,2025,65 bis unter 70 Jahre,f,10766
05774,2025,65 bis unter 70 Jahre,m,9970
05774,2025,unter 5 Jahre,f,6889
05774,2025,unter 5 Jahre,m,7487
09276,2025,65 bis unter 70 Jahre,m,3058
09276,2025,65 bis unter 70 Jahre,f,3107
09276,2025,10 bis unter 15 Jahre,m,1745
09276,2025,10 bis unter 15 Jahre,f,1669
09276,2025,45 bis unter 50 Jahre,m,2272
09276,2025,45 bis unter 50 Jahre,f,2265
09276,2025,85 bis unter 90 Jahre,m,701
09276,2025,85 bis unter 90 Jahre,f,1297
09276,2025,50 bis unter 55 Jahre,f,2470
09276,2025,50 bis unter 55 Jahre,m,2467
09276,2025,5 bis unter 10 Jahre,m,1777
09276,2025,5 bis unter 10 Jahre,f,1782
09276,2025,70 bis unter 75 Jahre,m,2404
09276,2025,70 bis unter 75 Jahre,f,2522
09276,2025,90 bis unter 95 Jahre,f,476
09276,2025,90 bis unter 95 Jahre,m,173
09276,2025,30 bis unter 35 Jahre,m,2306
09276,2025,30 bis unter 35 Jahre,f,2049
09276,2025,15 bis unter 20 Jahre,f,1587
09276,2025,15 bis unter 20 Jahre,m,1778
09276,2025,75 bis unter 80 Jahre,f,2000
09276,2025,75 bis unter 80 Jahre,m,1797
09276,2025,20 bis unter 25 Jahre,f,1746
09276,2025,20 bis unter 25 Jahre,m,1939
09276,2025,unter 5 Jahre,m,1697
09276,2025,unter 5 Jahre,f,1568
09276,2025,55 bis unter 60 Jahre,m,3050
09276,2025,55 bis unter 60 Jahre,f,3105
09276,2025,80 bis unter 85 Jahre,f,1214
09276,2025,80 bis unter 85 Jahre,m,933
09276,2025,40 bis unter 45 Jahre,m,2364
09276,2025,40 bis unter 45 Jahre,f,2233
09276,2025,35 bis unter 40 Jahre,m,2539
09276,2025,35 bis unter 40 Jahre,f,2328
09276,2025,60 bis unter 65 Jahre,f,3345
09276,2025,60 bis unter 65 Jahre,m,3208
09276,2025,95 Jahre und mehr,f,108
09276,2025,95 Jahre und mehr,m,35
09276,2025,25 bis unter 30 Jahre,f,1886
09276,2025,25 bis unter 30 Jahre,m,2118
09476,2025,80 bis unter 85 Jahre,m,832
09476,2025,80 bis unter 85 Jahre,f,1189
09476,2025,60 bis unter 65 Jahre,m,2990
09476,2025,60 bis unter 65 Jahre,f,2987
09476,2025,75 bis unter 80 Jahre,m,1460
09476,2025,75 bis unter 80 Jahre,f,1717
09476,2025,55 bis unter 60 Jahre,m,2825
09476,2025,55 bis unter 60 Jahre,f,2800
09476,2025,25 bis unter 30 Jahre,f,1297
09476,2025,25 bis unter 30 Jahre,m,1728
09476,2025,95 Jahre und mehr,m,28
09476,2025,95 Jahre und mehr,f,105
09476,2025,10 bis unter 15 Jahre,f,1334
09476,2025,10 bis unter 15 Jahre,m,1332
09476,2025,40 bis unter 45 Jahre,m,1930
09476,2025,40 bis unter 45 Jahre,f,1824
09476,2025,unter 5 Jahre,m,1090
09476,2025,unter 5 Jahre,f,1093
09476,2025,70 bis unter 75 Jahre,f,2213
09476,2025,70 bis unter 75 Jahre,m,2001
09476,2025,35 bis unter 40 Jahre,m,1969
09476,2025,35 bis unter 40 Jahre,f,1763
09476,2025,65 bis unter 70 Jahre,f,2670
09476,2025,65 bis unter 70 Jahre,m,2565
09476,2025,45 bis unter 50 Jahre,f,1910
09476,2025,45 bis unter 50 Jahre,m,1932
09476,2025,90 bis unter 95 Jahre,f,460
09476,2025,90 bis unter 95 Jahre,m,187
09476,2025,50 bis unter 55 Jahre,m,2102
09476,2025,50 bis unter 55 Jahre,f,2183
09476,2025,20 bis unter 25 Jahre,f,1310
09476,2025,20 bis unter 25 Jahre,m,1544
09476,2025,5 bis unter 10 Jahre,m,1265
09476,2025,5 bis unter 10 Jahre,f,1222
09476,2025,15 bis unter 20 Jahre,m,1385
09476,2025,15 bis unter 20 Jahre,f,1306
09476,2025,85 bis unter 90 Jahre,f,1292
09476,2025,85 bis unter 90 Jahre,m,674
09476,2025,30 bis unter 35 Jahre,f,1503
09476,2025,30 bis unter 35 Jahre,m,1789
08237,2025,60 bis unter 65 Jahre,m,5059
08237,2025,60 bis unter 65 Jahre,f,5134
08237,2025,80 bis unter 85 Jahre,m,1442
08237,2025,80 bis unter 85 Jahre,f,2017
08237,2025,20 bis unter 25 Jahre,m,3430
08237,2025,20 bis unter 25 Jahre,f,2952
08237,2025,40 bis unter 45 Jahre,m,3844
08237,2025,40 bis unter 45 Jahre,f,3694
08237,2025,5 bis unter 10 Jahre,f,2968
08237,2025,5 bis unter 10 Jahre,m,3052
08237,2025,25 bis unter 30 Jahre,f,3123
08237,2025,25 bis unter 30 Jahre,m,3845
08237,2025,55 bis unter 60 Jahre,m,4894
08237,2025,55 bis unter 60 Jahre,f,4723
08237,2025,65 bis unter 70 Jahre,f,4319
08237,2025,65 bis unter 70 Jahre,m,4138
08237,2025,75 bis unter 80 Jahre,f,2532
08237,2025,75 bis unter 80 Jahre,m,2244
08237,2025,30 bis unter 35 Jahre,f,3581
08237,2025,30 bis unter 35 Jahre,m,3900
08237,2025,85 bis unter 90 Jahre,f,2029
08237,2025,85 bis unter 90 Jahre,m,1194
08237,2025,95 Jahre und mehr,m,53
08237,2025,95 Jahre und mehr,f,195
08237,2025,10 bis unter 15 Jahre,f,2856
08237,2025,10 bis unter 15 Jahre,m,2889
08237,2025,unter 5 Jahre,m,2838
08237,2025,unter 5 Jahre,f,2656
08237,2025,70 bis unter 75 Jahre,m,3066
08237,2025,70 bis unter 75 Jahre,f,3400
08237,2025,90 bis unter 95 Jahre,m,342
08237,2025,90 bis unter 95 Jahre,f,741
08237,2025,15 bis unter 20 Jahre,f,2879
08237,2025,15 bis unter 20 Jahre,m,3120
08237,2025,45 bis unter 50 Jahre,m,3627
08237,2025,45 bis unter 50 Jahre,f,3516
08237,2025,50 bis unter 55 Jahre,f,3736
08237,2025,50 bis unter 55 Jahre,m,3807
08237,2025,35 bis unter 40 Jahre,m,4058
08237,2025,35 bis unter 40 Jahre,f,3753
05374,2025,10 bis unter 15 Jahre,f,6703
05374,2025,10 bis unter 15 Jahre,m,6870
05374,2025,65 bis unter 70 Jahre,f,9954
05374,2025,65 bis unter 70 Jahre,m,9484
05374,2025,45 bis unter 50 Jahre,f,8154
05374,2025,45 bis unter 50 Jahre,m,7924
05374,2025,85 bis unter 90 Jahre,f,4560
05374,2025,85 bis unter 90 Jahre,m,2706
05374,2025,50 bis unter 55 Jahre,f,8290
05374,2025,50 bis unter 55 Jahre,m,7773
05374,2025,80 bis unter 85 Jahre,m,3398
05374,2025,80 bis unter 85 Jahre,f,4758
05374,2025,5 bis unter 10 Jahre,m,7309
05374,2025,5 bis unter 10 Jahre,f,7146
05374,2025,25 bis unter 30 Jahre,f,6764
05374,2025,25 bis unter 30 Jahre,m,7490
05374,2025,75 bis unter 80 Jahre,m,5073
05374,2025,75 bis unter 80 Jahre,f,5844
05374,2025,30 bis unter 35 Jahre,m,8219
05374,2025,30 bis unter 35 Jahre,f,7646
05374,2025,20 bis unter 25 Jahre,m,6927
05374,2025,20 bis unter 25 Jahre,f,6107
05374,2025,95 Jahre und mehr,f,438
05374,2025,95 Jahre und mehr,m,169
05374,2025,55 bis unter 60 Jahre,f,11061
05374,2025,55 bis unter 60 Jahre,m,10967
05374,2025,unter 5 Jahre,f,6167
05374,2025,unter 5 Jahre,m,6500
05374,2025,35 bis unter 40 Jahre,f,8692
05374,2025,35 bis unter 40 Jahre,m,8925
05374,2025,40 bis unter 45 Jahre,f,8642
05374,2025,40 bis unter 45 Jahre,m,8545
05374,2025,15 bis unter 20 Jahre,f,6682
05374,2025,15 bis unter 20 Jahre,m,6868
05374,2025,90 bis unter 95 Jahre,m,802
05374,2025,90 bis unter 95 Jahre,f,1611
05374,2025,60 bis unter 65 Jahre,f,11572
05374,2025,60 bis unter 65 Jahre,m,11636
05374,2025,70 bis unter 75 Jahre,m,7096
05374,2025,70 bis unter 75 Jahre,f,7896
03405,2025,75 bis unter 80 Jahre,m,1758
03405,2025,75 bis unter 80 Jahre,f,2091
03405,2025,20 bis unter 25 Jahre,m,2149
03405,2025,20 bis unter 25 Jahre,f,1919
03405,2025,40 bis unter 45 Jahre,m,2273
03405,2025,40 bis unter 45 Jahre,f,1930
03405,2025,95 Jahre und mehr,f,170
03405,2025,95 Jahre und mehr,m,29
03405,2025,60 bis unter 65 Jahre,m,2991
03405,2025,60 bis unter 65 Jahre,f,3167
03405,2025,55 bis unter 60 Jahre,m,2824
03405,2025,55 bis unter 60 Jahre,f,2929
03405,2025,80 bis unter 85 Jahre,m,1248
03405,2025,80 bis unter 85 Jahre,f,1721
03405,2025,15 bis unter 20 Jahre,m,1802
03405,2025,15 bis unter 20 Jahre,f,1608
03405,2025,unter 5 Jahre,m,1492
03405,2025,unter 5 Jahre,f,1472
03405,2025,10 bis unter 15 Jahre,f,1454
03405,2025,10 bis unter 15 Jahre,m,1581
03405,2025,65 bis unter 70 Jahre,f,2698
03405,2025,65 bis unter 70 Jahre,m,2377
03405,2025,45 bis unter 50 Jahre,f,1911
03405,2025,45 bis unter 50 Jahre,m,2024
03405,2025,35 bis unter 40 Jahre,m,2706
03405,2025,35 bis unter 40 Jahre,f,2179
03405,2025,90 bis unter 95 Jahre,f,534
03405,2025,90 bis unter 95 Jahre,m,235
03405,2025,70 bis unter 75 Jahre,m,1897
03405,2025,70 bis unter 75 Jahre,f,2343
03405,2025,30 bis unter 35 Jahre,m,2790
03405,2025,30 bis unter 35 Jahre,f,2139
03405,2025,85 bis unter 90 Jahre,m,1007
03405,2025,85 bis unter 90 Jahre,f,1539
03405,2025,25 bis unter 30 Jahre,m,2784
03405,2025,25 bis unter 30 Jahre,f,2228
03405,2025,50 bis unter 55 Jahre,m,1976
03405,2025,50 bis unter 55 Jahre,f,2014
03405,2025,5 bis unter 10 Jahre,m,1693
03405,2025,5 bis unter 10 Jahre,f,1642
04012,2025,90 bis unter 95 Jahre,m,258
04012,2025,90 bis unter 95 Jahre,f,599
04012,2025,15 bis unter 20 Jahre,f,3002
04012,2025,15 bis unter 20 Jahre,m,3262
04012,2025,70 bis unter 75 Jahre,m,2769
04012,2025,70 bis unter 75 Jahre,f,3458
04012,2025,50 bis unter 55 Jahre,m,3489
04012,2025,50 bis unter 55 Jahre,f,3316
04012,2025,35 bis unter 40 Jahre,f,3816
04012,2025,35 bis unter 40 Jahre,m,4096
04012,2025,55 bis unter 60 Jahre,f,3996
04012,2025,55 bis unter 60 Jahre,m,4031
04012,2025,85 bis unter 90 Jahre,m,1049
04012,2025,85 bis unter 90 Jahre,f,1745
04012,2025,10 bis unter 15 Jahre,m,3133
04012,2025,10 bis unter 15 Jahre,f,2819
04012,2025,95 Jahre und mehr,f,168
04012,2025,95 Jahre und mehr,m,56
04012,2025,80 bis unter 85 Jahre,f,2032
04012,2025,80 bis unter 85 Jahre,m,1550
04012,2025,unter 5 Jahre,m,2899
04012,2025,unter 5 Jahre,f,2708
04012,2025,45 bis unter 50 Jahre,m,3540
04012,2025,45 bis unter 50 Jahre,f,3289
04012,2025,20 bis unter 25 Jahre,f,3488
04012,2025,20 bis unter 25 Jahre,m,3709
04012,2025,65 bis unter 70 Jahre,m,3497
04012,2025,65 bis unter 70 Jahre,f,3947
04012,2025,75 bis unter 80 Jahre,f,2689
04012,2025,75 bis unter 80 Jahre,m,2136
04012,2025,5 bis unter 10 Jahre,f,3052
04012,2025,5 bis unter 10 Jahre,m,3186
04012,2025,60 bis unter 65 Jahre,m,4131
04012,2025,60 bis unter 65 Jahre,f,4410
04012,2025,30 bis unter 35 Jahre,f,3467
04012,2025,30 bis unter 35 Jahre,m,4047
04012,2025,25 bis unter 30 Jahre,m,4398
04012,2025,25 bis unter 30 Jahre,f,3864
04012,2025,40 bis unter 45 Jahre,f,3533
04012,2025,40 bis unter 45 Jahre,m,3868
09672,2025,45 bis unter 50 Jahre,m,2797
09672,2025,45 bis unter 50 Jahre,f,3004
09672,2025,90 bis unter 95 Jahre,f,709
09672,2025,90 bis unter 95 Jahre,m,328
09672,2025,25 bis unter 30 Jahre,m,2530
09672,2025,25 bis unter 30 Jahre,f,2447
09672,2025,30 bis unter 35 Jahre,m,2826
09672,2025,30 bis unter 35 Jahre,f,2706
09672,2025,70 bis unter 75 Jahre,f,3436
09672,2025,70 bis unter 75 Jahre,m,3234
09672,2025,50 bis unter 55 Jahre,f,3135
09672,2025,50 bis unter 55 Jahre,m,2977
09672,2025,5 bis unter 10 Jahre,m,2478
09672,2025,5 bis unter 10 Jahre,f,2318
09672,2025,10 bis unter 15 Jahre,m,2290
09672,2025,10 bis unter 15 Jahre,f,2313
09672,2025,85 bis unter 90 Jahre,f,2014
09672,2025,85 bis unter 90 Jahre,m,1368
09672,2025,65 bis unter 70 Jahre,m,3931
09672,2025,65 bis unter 70 Jahre,f,4168
09672,2025,15 bis unter 20 Jahre,f,2153
09672,2025,15 bis unter 20 Jahre,m,2303
09672,2025,40 bis unter 45 Jahre,f,2961
09672,2025,40 bis unter 45 Jahre,m,3092
09672,2025,20 bis unter 25 Jahre,m,2355
09672,2025,20 bis unter 25 Jahre,f,2151
09672,2025,95 Jahre und mehr,f,187
09672,2025,95 Jahre und mehr,m,59
09672,2025,unter 5 Jahre,m,2229
09672,2025,unter 5 Jahre,f,2224
09672,2025,55 bis unter 60 Jahre,m,4107
09672,2025,55 bis unter 60 Jahre,f,4086
09672,2025,35 bis unter 40 Jahre,m,3268
09672,2025,35 bis unter 40 Jahre,f,3134
09672,2025,80 bis unter 85 Jahre,f,1937
09672,2025,80 bis unter 85 Jahre,m,1522
09672,2025,75 bis unter 80 Jahre,m,2431
09672,2025,75 bis unter 80 Jahre,f,2736
09672,2025,60 bis unter 65 Jahre,f,4495
09672,2025,60 bis unter 65 Jahre,m,4511
09171,2025,65 bis unter 70 Jahre,f,3974
09171,2025,65 bis unter 70 Jahre,m,3723
09171,2025,10 bis unter 15 Jahre,f,2772
09171,2025,10 bis unter 15 Jahre,m,2811
09171,2025,45 bis unter 50 Jahre,f,3353
09171,2025,45 bis unter 50 Jahre,m,3479
09171,2025,5 bis unter 10 Jahre,m,3117
09171,2025,5 bis unter 10 Jahre,f,2861
09171,2025,50 bis unter 55 Jahre,f,3422
09171,2025,50 bis unter 55 Jahre,m,3468
09171,2025,30 bis unter 35 Jahre,f,3216
09171,2025,30 bis unter 35 Jahre,m,3535
09171,2025,25 bis unter 30 Jahre,f,2902
09171,2025,25 bis unter 30 Jahre,m,3287
09171,2025,90 bis unter 95 Jahre,f,718
09171,2025,90 bis unter 95 Jahre,m,306
09171,2025,95 Jahre und mehr,f,202
09171,2025,95 Jahre und mehr,m,47
09171,2025,75 bis unter 80 Jahre,m,2155
09171,2025,75 bis unter 80 Jahre,f,2769
09171,2025,85 bis unter 90 Jahre,m,1123
09171,2025,85 bis unter 90 Jahre,f,1918
09171,2025,80 bis unter 85 Jahre,m,1446
09171,2025,80 bis unter 85 Jahre,f,2105
09171,2025,20 bis unter 25 Jahre,m,2926
09171,2025,20 bis unter 25 Jahre,f,2610
09171,2025,55 bis unter 60 Jahre,m,4368
09171,2025,55 bis unter 60 Jahre,f,4320
09171,2025,unter 5 Jahre,m,2775
09171,2025,unter 5 Jahre,f,2562
09171,2025,35 bis unter 40 Jahre,m,3870
09171,2025,35 bis unter 40 Jahre,f,3553
09171,2025,40 bis unter 45 Jahre,f,3664
09171,2025,40 bis unter 45 Jahre,m,3811
09171,2025,70 bis unter 75 Jahre,m,2763
09171,2025,70 bis unter 75 Jahre,f,3344
09171,2025,15 bis unter 20 Jahre,f,2582
09171,2025,15 bis unter 20 Jahre,m,2848
09171,2025,60 bis unter 65 Jahre,m,4507
09171,2025,60 bis unter 65 Jahre,f,4563
03351,2025,30 bis unter 35 Jahre,f,4788
03351,2025,30 bis unter 35 Jahre,m,4815
03351,2025,85 bis unter 90 Jahre,f,3023
03351,2025,85 bis unter 90 Jahre,m,1809
03351,2025,10 bis unter 15 Jahre,f,4177
03351,2025,10 bis unter 15 Jahre,m,4228
03351,2025,5 bis unter 10 Jahre,f,4258
03351,2025,5 bis unter 10 Jahre,m,4381
03351,2025,45 bis unter 50 Jahre,f,5123
03351,2025,45 bis unter 50 Jahre,m,5137
03351,2025,25 bis unter 30 Jahre,m,4528
03351,2025,25 bis unter 30 Jahre,f,4038
03351,2025,70 bis unter 75 Jahre,f,5559
03351,2025,70 bis unter 75 Jahre,m,4791
03351,2025,50 bis unter 55 Jahre,m,4981
03351,2025,50 bis unter 55 Jahre,f,5285
03351,2025,95 Jahre und mehr,m,83
03351,2025,95 Jahre und mehr,f,266
03351,2025,40 bis unter 45 Jahre,m,5365
03351,2025,40 bis unter 45 Jahre,f,5500
03351,2025,20 bis unter 25 Jahre,m,4113
03351,2025,20 bis unter 25 Jahre,f,3630
03351,2025,15 bis unter 20 Jahre,f,4134
03351,2025,15 bis unter 20 Jahre,m,4396
03351,2025,75 bis unter 80 Jahre,f,4237
03351,2025,75 bis unter 80 Jahre,m,3571
03351,2025,35 bis unter 40 Jahre,f,5588
03351,2025,35 bis unter 40 Jahre,m,5667
03351,2025,60 bis unter 65 Jahre,f,7036
03351,2025,60 bis unter 65 Jahre,m,6893
03351,2025,55 bis unter 60 Jahre,f,6792
03351,2025,55 bis unter 60 Jahre,m,6674
03351,2025,unter 5 Jahre,m,3938
03351,2025,unter 5 Jahre,f,3699
03351,2025,80 bis unter 85 Jahre,f,3453
03351,2025,80 bis unter 85 Jahre,m,2621
03351,2025,90 bis unter 95 Jahre,m,469
03351,2025,90 bis unter 95 Jahre,f,1124
03351,2025,65 bis unter 70 Jahre,m,5672
03351,2025,65 bis unter 70 Jahre,f,6247
05554,2025,50 bis unter 55 Jahre,f,11645
05554,2025,50 bis unter 55 Jahre,m,11685
05554,2025,85 bis unter 90 Jahre,f,5446
05554,2025,85 bis unter 90 Jahre,m,3308
05554,2025,5 bis unter 10 Jahre,m,10406
05554,2025,5 bis unter 10 Jahre,f,9946
05554,2025,30 bis unter 35 Jahre,f,11428
05554,2025,30 bis unter 35 Jahre,m,12475
05554,2025,90 bis unter 95 Jahre,f,1996
05554,2025,90 bis unter 95 Jahre,m,853
05554,2025,65 bis unter 70 Jahre,f,12839
05554,2025,65 bis unter 70 Jahre,m,12321
05554,2025,70 bis unter 75 Jahre,f,9987
05554,2025,70 bis unter 75 Jahre,m,9337
05554,2025,95 Jahre und mehr,f,536
05554,2025,95 Jahre und mehr,m,139
05554,2025,25 bis unter 30 Jahre,m,11837
05554,2025,25 bis unter 30 Jahre,f,9805
05554,2025,10 bis unter 15 Jahre,f,9517
05554,2025,10 bis unter 15 Jahre,m,9528
05554,2025,20 bis unter 25 Jahre,m,10308
05554,2025,20 bis unter 25 Jahre,f,8625
05554,2025,15 bis unter 20 Jahre,f,9406
05554,2025,15 bis unter 20 Jahre,m,9970
05554,2025,75 bis unter 80 Jahre,m,6680
05554,2025,75 bis unter 80 Jahre,f,7534
05554,2025,40 bis unter 45 Jahre,f,11648
05554,2025,40 bis unter 45 Jahre,m,11973
05554,2025,unter 5 Jahre,f,9102
05554,2025,unter 5 Jahre,m,9461
05554,2025,35 bis unter 40 Jahre,f,12186
05554,2025,35 bis unter 40 Jahre,m,12921
05554,2025,55 bis unter 60 Jahre,m,15676
05554,2025,55 bis unter 60 Jahre,f,15578
05554,2025,60 bis unter 65 Jahre,f,15895
05554,2025,60 bis unter 65 Jahre,m,15799
05554,2025,80 bis unter 85 Jahre,m,4152
05554,2025,80 bis unter 85 Jahre,f,5453
05554,2025,45 bis unter 50 Jahre,m,11042
05554,2025,45 bis unter 50 Jahre,f,11118
09779,2025,55 bis unter 60 Jahre,f,5114
09779,2025,55 bis unter 60 Jahre,m,5312
09779,2025,20 bis unter 25 Jahre,f,3055
09779,2025,20 bis unter 25 Jahre,m,3756
09779,2025,75 bis unter 80 Jahre,f,2836
09779,2025,75 bis unter 80 Jahre,m,2657
09779,2025,unter 5 Jahre,f,3217
09779,2025,unter 5 Jahre,m,3336
09779,2025,35 bis unter 40 Jahre,f,4353
09779,2025,35 bis unter 40 Jahre,m,4828
09779,2025,40 bis unter 45 Jahre,f,4161
09779,2025,40 bis unter 45 Jahre,m,4558
09779,2025,15 bis unter 20 Jahre,m,3364
09779,2025,15 bis unter 20 Jahre,f,3120
09779,2025,60 bis unter 65 Jahre,f,5392
09779,2025,60 bis unter 65 Jahre,m,5517
09779,2025,80 bis unter 85 Jahre,f,2216
09779,2025,80 bis unter 85 Jahre,m,1681
09779,2025,50 bis unter 55 Jahre,m,4458
09779,2025,50 bis unter 55 Jahre,f,4267
09779,2025,85 bis unter 90 Jahre,m,1288
09779,2025,85 bis unter 90 Jahre,f,2009
09779,2025,30 bis unter 35 Jahre,m,4282
09779,2025,30 bis unter 35 Jahre,f,3884
09779,2025,25 bis unter 30 Jahre,f,3454
09779,2025,25 bis unter 30 Jahre,m,4054
09779,2025,5 bis unter 10 Jahre,m,3560
09779,2025,5 bis unter 10 Jahre,f,3340
09779,2025,65 bis unter 70 Jahre,f,4569
09779,2025,65 bis unter 70 Jahre,m,4482
09779,2025,10 bis unter 15 Jahre,f,3082
09779,2025,10 bis unter 15 Jahre,m,3312
09779,2025,95 Jahre und mehr,f,187
09779,2025,95 Jahre und mehr,m,53
09779,2025,70 bis unter 75 Jahre,f,3685
09779,2025,70 bis unter 75 Jahre,m,3432
09779,2025,45 bis unter 50 Jahre,f,4087
09779,2025,45 bis unter 50 Jahre,m,4287
09779,2025,90 bis unter 95 Jahre,m,338
09779,2025,90 bis unter 95 Jahre,f,679
08426,2025,85 bis unter 90 Jahre,f,2998
08426,2025,85 bis unter 90 Jahre,m,1948
08426,2025,95 Jahre und mehr,f,303
08426,2025,95 Jahre und mehr,m,92
08426,2025,5 bis unter 10 Jahre,f,5693
08426,2025,5 bis unter 10 Jahre,m,5840
08426,2025,25 bis unter 30 Jahre,m,6290
08426,2025,25 bis unter 30 Jahre,f,5394
08426,2025,70 bis unter 75 Jahre,f,5357
08426,2025,70 bis unter 75 Jahre,m,5083
08426,2025,30 bis unter 35 Jahre,f,6089
08426,2025,30 bis unter 35 Jahre,m,6809
08426,2025,45 bis unter 50 Jahre,f,6196
08426,2025,45 bis unter 50 Jahre,m,6374
08426,2025,10 bis unter 15 Jahre,m,5467
08426,2025,10 bis unter 15 Jahre,f,5260
08426,2025,50 bis unter 55 Jahre,m,6515
08426,2025,50 bis unter 55 Jahre,f,6466
08426,2025,15 bis unter 20 Jahre,f,5023
08426,2025,15 bis unter 20 Jahre,m,5484
08426,2025,40 bis unter 45 Jahre,m,6981
08426,2025,40 bis unter 45 Jahre,f,6726
08426,2025,75 bis unter 80 Jahre,f,4027
08426,2025,75 bis unter 80 Jahre,m,3593
08426,2025,20 bis unter 25 Jahre,f,4707
08426,2025,20 bis unter 25 Jahre,m,5569
08426,2025,55 bis unter 60 Jahre,f,7766
08426,2025,55 bis unter 60 Jahre,m,8074
08426,2025,60 bis unter 65 Jahre,f,7746
08426,2025,60 bis unter 65 Jahre,m,7890
08426,2025,unter 5 Jahre,m,5307
08426,2025,unter 5 Jahre,f,5049
08426,2025,35 bis unter 40 Jahre,f,7164
08426,2025,35 bis unter 40 Jahre,m,7530
08426,2025,80 bis unter 85 Jahre,f,2954
08426,2025,80 bis unter 85 Jahre,m,2323
08426,2025,90 bis unter 95 Jahre,m,529
08426,2025,90 bis unter 95 Jahre,f,1106
08426,2025,65 bis unter 70 Jahre,m,6576
08426,2025,65 bis unter 70 Jahre,f,6905
08216,2025,35 bis unter 40 Jahre,m,7758
08216,2025,35 bis unter 40 Jahre,f,7280
08216,2025,80 bis unter 85 Jahre,f,4030
08216,2025,80 bis unter 85 Jahre,m,3056
08216,2025,15 bis unter 20 Jahre,m,5624
08216,2025,15 bis unter 20 Jahre,f,5164
08216,2025,20 bis unter 25 Jahre,m,5860
08216,2025,20 bis unter 25 Jahre,f,4819
08216,2025,60 bis unter 65 Jahre,f,9634
08216,2025,60 bis unter 65 Jahre,m,9606
08216,2025,40 bis unter 45 Jahre,f,7452
08216,2025,40 bis unter 45 Jahre,m,7589
08216,2025,unter 5 Jahre,m,5097
08216,2025,unter 5 Jahre,f,4837
08216,2025,55 bis unter 60 Jahre,f,9194
08216,2025,55 bis unter 60 Jahre,m,9034
08216,2025,75 bis unter 80 Jahre,m,4442
08216,2025,75 bis unter 80 Jahre,f,5248
08216,2025,95 Jahre und mehr,f,366
08216,2025,95 Jahre und mehr,m,123
08216,2025,90 bis unter 95 Jahre,m,754
08216,2025,90 bis unter 95 Jahre,f,1477
08216,2025,70 bis unter 75 Jahre,m,6182
08216,2025,70 bis unter 75 Jahre,f,6960
08216,2025,10 bis unter 15 Jahre,f,5316
08216,2025,10 bis unter 15 Jahre,m,5668
08216,2025,65 bis unter 70 Jahre,f,8406
08216,2025,65 bis unter 70 Jahre,m,7985
08216,2025,45 bis unter 50 Jahre,m,7061
08216,2025,45 bis unter 50 Jahre,f,7007
08216,2025,25 bis unter 30 Jahre,m,6518
08216,2025,25 bis unter 30 Jahre,f,5341
08216,2025,85 bis unter 90 Jahre,f,3894
08216,2025,85 bis unter 90 Jahre,m,2420
08216,2025,30 bis unter 35 Jahre,f,6329
08216,2025,30 bis unter 35 Jahre,m,6993
08216,2025,50 bis unter 55 Jahre,m,6976
08216,2025,50 bis unter 55 Jahre,f,7116
08216,2025,5 bis unter 10 Jahre,f,5424
08216,2025,5 bis unter 10 Jahre,m,5723
09185,2025,5 bis unter 10 Jahre,m,2649
09185,2025,5 bis unter 10 Jahre,f,2617
09185,2025,50 bis unter 55 Jahre,f,3071
09185,2025,50 bis unter 55 Jahre,m,3116
09185,2025,25 bis unter 30 Jahre,m,2998
09185,2025,25 bis unter 30 Jahre,f,2530
09185,2025,70 bis unter 75 Jahre,f,2609
09185,2025,70 bis unter 75 Jahre,m,2371
09185,2025,95 Jahre und mehr,m,37
09185,2025,95 Jahre und mehr,f,123
09185,2025,30 bis unter 35 Jahre,f,2854
09185,2025,30 bis unter 35 Jahre,m,3081
09185,2025,85 bis unter 90 Jahre,m,857
09185,2025,85 bis unter 90 Jahre,f,1400
09185,2025,65 bis unter 70 Jahre,f,3364
09185,2025,65 bis unter 70 Jahre,m,3206
09185,2025,90 bis unter 95 Jahre,f,520
09185,2025,90 bis unter 95 Jahre,m,212
09185,2025,45 bis unter 50 Jahre,m,3323
09185,2025,45 bis unter 50 Jahre,f,3159
09185,2025,80 bis unter 85 Jahre,m,1194
09185,2025,80 bis unter 85 Jahre,f,1512
09185,2025,75 bis unter 80 Jahre,m,1710
09185,2025,75 bis unter 80 Jahre,f,2069
09185,2025,10 bis unter 15 Jahre,m,2647
09185,2025,10 bis unter 15 Jahre,f,2532
09185,2025,unter 5 Jahre,m,2483
09185,2025,unter 5 Jahre,f,2398
09185,2025,20 bis unter 25 Jahre,f,2245
09185,2025,20 bis unter 25 Jahre,m,2673
09185,2025,60 bis unter 65 Jahre,f,3836
09185,2025,60 bis unter 65 Jahre,m,3939
09185,2025,15 bis unter 20 Jahre,m,2597
09185,2025,15 bis unter 20 Jahre,f,2454
09185,2025,35 bis unter 40 Jahre,m,3469
09185,2025,35 bis unter 40 Jahre,f,3204
09185,2025,55 bis unter 60 Jahre,m,3861
09185,2025,55 bis unter 60 Jahre,f,3639
09185,2025,40 bis unter 45 Jahre,f,3370
09185,2025,40 bis unter 45 Jahre,m,3500
09761,2025,25 bis unter 30 Jahre,m,13257
09761,2025,25 bis unter 30 Jahre,f,12341
09761,2025,45 bis unter 50 Jahre,m,9673
09761,2025,45 bis unter 50 Jahre,f,9337
09761,2025,90 bis unter 95 Jahre,f,1817
09761,2025,90 bis unter 95 Jahre,m,802
09761,2025,85 bis unter 90 Jahre,f,4585
09761,2025,85 bis unter 90 Jahre,m,2652
09761,2025,5 bis unter 10 Jahre,m,6818
09761,2025,5 bis unter 10 Jahre,f,6494
09761,2025,10 bis unter 15 Jahre,m,6623
09761,2025,10 bis unter 15 Jahre,f,6285
09761,2025,50 bis unter 55 Jahre,f,8931
09761,2025,50 bis unter 55 Jahre,m,8949
09761,2025,30 bis unter 35 Jahre,m,12849
09761,2025,30 bis unter 35 Jahre,f,11466
09761,2025,70 bis unter 75 Jahre,f,7350
09761,2025,70 bis unter 75 Jahre,m,5659
09761,2025,65 bis unter 70 Jahre,f,8671
09761,2025,65 bis unter 70 Jahre,m,7590
09761,2025,15 bis unter 20 Jahre,f,6512
09761,2025,15 bis unter 20 Jahre,m,7137
09761,2025,40 bis unter 45 Jahre,f,9751
09761,2025,40 bis unter 45 Jahre,m,10502
09761,2025,20 bis unter 25 Jahre,m,9700
09761,2025,20 bis unter 25 Jahre,f,10044
09761,2025,80 bis unter 85 Jahre,f,5329
09761,2025,80 bis unter 85 Jahre,m,3647
09761,2025,35 bis unter 40 Jahre,m,12155
09761,2025,35 bis unter 40 Jahre,f,10476
09761,2025,unter 5 Jahre,m,6748
09761,2025,unter 5 Jahre,f,6542
09761,2025,55 bis unter 60 Jahre,m,10034
09761,2025,55 bis unter 60 Jahre,f,9896
09761,2025,75 bis unter 80 Jahre,m,4564
09761,2025,75 bis unter 80 Jahre,f,6366
09761,2025,95 Jahre und mehr,m,192
09761,2025,95 Jahre und mehr,f,528
09761,2025,60 bis unter 65 Jahre,f,9831
09761,2025,60 bis unter 65 Jahre,m,9683
09187,2025,85 bis unter 90 Jahre,m,2825
09187,2025,85 bis unter 90 Jahre,f,4197
09187,2025,30 bis unter 35 Jahre,m,7655
09187,2025,30 bis unter 35 Jahre,f,7193
09187,2025,50 bis unter 55 Jahre,m,7773
09187,2025,50 bis unter 55 Jahre,f,8297
09187,2025,70 bis unter 75 Jahre,m,6233
09187,2025,70 bis unter 75 Jahre,f,7174
09187,2025,65 bis unter 70 Jahre,m,8228
09187,2025,65 bis unter 70 Jahre,f,8826
09187,2025,90 bis unter 95 Jahre,m,687
09187,2025,90 bis unter 95 Jahre,f,1460
09187,2025,45 bis unter 50 Jahre,m,7590
09187,2025,45 bis unter 50 Jahre,f,7935
09187,2025,15 bis unter 20 Jahre,f,5775
09187,2025,15 bis unter 20 Jahre,m,6590
09187,2025,5 bis unter 10 Jahre,m,6971
09187,2025,5 bis unter 10 Jahre,f,6317
09187,2025,10 bis unter 15 Jahre,f,6207
09187,2025,10 bis unter 15 Jahre,m,6477
09187,2025,20 bis unter 25 Jahre,f,5574
09187,2025,20 bis unter 25 Jahre,m,6433
09187,2025,40 bis unter 45 Jahre,f,8259
09187,2025,40 bis unter 45 Jahre,m,8274
09187,2025,75 bis unter 80 Jahre,f,6418
09187,2025,75 bis unter 80 Jahre,m,5179
09187,2025,95 Jahre und mehr,m,122
09187,2025,95 Jahre und mehr,f,382
09187,2025,unter 5 Jahre,m,6079
09187,2025,unter 5 Jahre,f,5934
09187,2025,25 bis unter 30 Jahre,f,6181
09187,2025,25 bis unter 30 Jahre,m,6936
09187,2025,55 bis unter 60 Jahre,m,10458
09187,2025,55 bis unter 60 Jahre,f,10991
09187,2025,80 bis unter 85 Jahre,m,3987
09187,2025,80 bis unter 85 Jahre,f,5173
09187,2025,35 bis unter 40 Jahre,f,8370
09187,2025,35 bis unter 40 Jahre,m,8547
09187,2025,60 bis unter 65 Jahre,f,10952
09187,2025,60 bis unter 65 Jahre,m,10165
05120,2025,90 bis unter 95 Jahre,f,744
05120,2025,90 bis unter 95 Jahre,m,337
05120,2025,45 bis unter 50 Jahre,m,3474
05120,2025,45 bis unter 50 Jahre,f,3465
05120,2025,70 bis unter 75 Jahre,f,3008
05120,2025,70 bis unter 75 Jahre,m,2572
05120,2025,25 bis unter 30 Jahre,m,3472
05120,2025,25 bis unter 30 Jahre,f,3038
05120,2025,30 bis unter 35 Jahre,m,3742
05120,2025,30 bis unter 35 Jahre,f,3277
05120,2025,5 bis unter 10 Jahre,m,2859
05120,2025,5 bis unter 10 Jahre,f,2756
05120,2025,10 bis unter 15 Jahre,m,2743
05120,2025,10 bis unter 15 Jahre,f,2605
05120,2025,50 bis unter 55 Jahre,f,3403
05120,2025,50 bis unter 55 Jahre,m,3458
05120,2025,85 bis unter 90 Jahre,f,1924
05120,2025,85 bis unter 90 Jahre,m,1169
05120,2025,65 bis unter 70 Jahre,m,3654
05120,2025,65 bis unter 70 Jahre,f,3829
05120,2025,15 bis unter 20 Jahre,f,2623
05120,2025,15 bis unter 20 Jahre,m,2906
05120,2025,95 Jahre und mehr,f,233
05120,2025,95 Jahre und mehr,m,47
05120,2025,20 bis unter 25 Jahre,m,3081
05120,2025,20 bis unter 25 Jahre,f,2758
05120,2025,40 bis unter 45 Jahre,f,3551
05120,2025,40 bis unter 45 Jahre,m,3604
05120,2025,35 bis unter 40 Jahre,m,3860
05120,2025,35 bis unter 40 Jahre,f,3746
05120,2025,80 bis unter 85 Jahre,f,2246
05120,2025,80 bis unter 85 Jahre,m,1556
05120,2025,75 bis unter 80 Jahre,m,2021
05120,2025,75 bis unter 80 Jahre,f,2427
05120,2025,55 bis unter 60 Jahre,m,4596
05120,2025,55 bis unter 60 Jahre,f,4381
05120,2025,60 bis unter 65 Jahre,f,4469
05120,2025,60 bis unter 65 Jahre,m,4776
05120,2025,unter 5 Jahre,m,2597
05120,2025,unter 5 Jahre,f,2326
07334,2025,75 bis unter 80 Jahre,f,2732
07334,2025,75 bis unter 80 Jahre,m,2407
07334,2025,40 bis unter 45 Jahre,f,4363
07334,2025,40 bis unter 45 Jahre,m,4380
07334,2025,20 bis unter 25 Jahre,f,2862
07334,2025,20 bis unter 25 Jahre,m,3289
07334,2025,unter 5 Jahre,f,2911
07334,2025,unter 5 Jahre,m,3007
07334,2025,80 bis unter 85 Jahre,f,2017
07334,2025,80 bis unter 85 Jahre,m,1591
07334,2025,35 bis unter 40 Jahre,m,4517
07334,2025,35 bis unter 40 Jahre,f,4519
07334,2025,15 bis unter 20 Jahre,f,2988
07334,2025,15 bis unter 20 Jahre,m,3401
07334,2025,55 bis unter 60 Jahre,f,5153
07334,2025,55 bis unter 60 Jahre,m,5208
07334,2025,95 Jahre und mehr,m,59
07334,2025,95 Jahre und mehr,f,170
07334,2025,60 bis unter 65 Jahre,m,5344
07334,2025,60 bis unter 65 Jahre,f,5324
07334,2025,50 bis unter 55 Jahre,m,3980
07334,2025,50 bis unter 55 Jahre,f,4234
07334,2025,30 bis unter 35 Jahre,m,3865
07334,2025,30 bis unter 35 Jahre,f,3771
07334,2025,25 bis unter 30 Jahre,f,3222
07334,2025,25 bis unter 30 Jahre,m,3491
07334,2025,85 bis unter 90 Jahre,f,1840
07334,2025,85 bis unter 90 Jahre,m,1247
07334,2025,45 bis unter 50 Jahre,f,4065
07334,2025,45 bis unter 50 Jahre,m,4037
07334,2025,70 bis unter 75 Jahre,f,3731
07334,2025,70 bis unter 75 Jahre,m,3519
07334,2025,65 bis unter 70 Jahre,f,4713
07334,2025,65 bis unter 70 Jahre,m,4642
07334,2025,5 bis unter 10 Jahre,m,3573
07334,2025,5 bis unter 10 Jahre,f,3252
07334,2025,90 bis unter 95 Jahre,f,648
07334,2025,90 bis unter 95 Jahre,m,319
07334,2025,10 bis unter 15 Jahre,m,3255
07334,2025,10 bis unter 15 Jahre,f,3119
03360,2025,85 bis unter 90 Jahre,m,1147
03360,2025,85 bis unter 90 Jahre,f,1880
03360,2025,30 bis unter 35 Jahre,m,2544
03360,2025,30 bis unter 35 Jahre,f,2265
03360,2025,50 bis unter 55 Jahre,m,2738
03360,2025,50 bis unter 55 Jahre,f,2907
03360,2025,95 Jahre und mehr,f,115
03360,2025,95 Jahre und mehr,m,62
03360,2025,70 bis unter 75 Jahre,m,2676
03360,2025,70 bis unter 75 Jahre,f,3003
03360,2025,65 bis unter 70 Jahre,m,3334
03360,2025,65 bis unter 70 Jahre,f,3588
03360,2025,90 bis unter 95 Jahre,m,311
03360,2025,90 bis unter 95 Jahre,f,662
03360,2025,45 bis unter 50 Jahre,m,2501
03360,2025,45 bis unter 50 Jahre,f,2654
03360,2025,15 bis unter 20 Jahre,f,2007
03360,2025,15 bis unter 20 Jahre,m,2225
03360,2025,5 bis unter 10 Jahre,m,2098
03360,2025,5 bis unter 10 Jahre,f,1965
03360,2025,55 bis unter 60 Jahre,f,3909
03360,2025,55 bis unter 60 Jahre,m,3727
03360,2025,unter 5 Jahre,f,1824
03360,2025,unter 5 Jahre,m,1861
03360,2025,35 bis unter 40 Jahre,f,2753
03360,2025,35 bis unter 40 Jahre,m,2855
03360,2025,60 bis unter 65 Jahre,f,4145
03360,2025,60 bis unter 65 Jahre,m,4010
03360,2025,25 bis unter 30 Jahre,m,2548
03360,2025,25 bis unter 30 Jahre,f,2167
03360,2025,80 bis unter 85 Jahre,f,1961
03360,2025,80 bis unter 85 Jahre,m,1456
03360,2025,40 bis unter 45 Jahre,m,2563
03360,2025,40 bis unter 45 Jahre,f,2517
03360,2025,20 bis unter 25 Jahre,m,2216
03360,2025,20 bis unter 25 Jahre,f,1941
03360,2025,10 bis unter 15 Jahre,f,1887
03360,2025,10 bis unter 15 Jahre,m,2008
03360,2025,75 bis unter 80 Jahre,f,2354
03360,2025,75 bis unter 80 Jahre,m,1983
09677,2025,30 bis unter 35 Jahre,f,3218
09677,2025,30 bis unter 35 Jahre,m,3525
09677,2025,85 bis unter 90 Jahre,f,2282
09677,2025,85 bis unter 90 Jahre,m,1474
09677,2025,50 bis unter 55 Jahre,f,3871
09677,2025,50 bis unter 55 Jahre,m,3665
09677,2025,95 Jahre und mehr,m,72
09677,2025,95 Jahre und mehr,f,210
09677,2025,45 bis unter 50 Jahre,f,3694
09677,2025,45 bis unter 50 Jahre,m,3630
09677,2025,5 bis unter 10 Jahre,m,3084
09677,2025,5 bis unter 10 Jahre,f,2973
09677,2025,70 bis unter 75 Jahre,f,4074
09677,2025,70 bis unter 75 Jahre,m,3899
09677,2025,25 bis unter 30 Jahre,m,3213
09677,2025,25 bis unter 30 Jahre,f,2799
09677,2025,65 bis unter 70 Jahre,f,4921
09677,2025,65 bis unter 70 Jahre,m,4747
09677,2025,10 bis unter 15 Jahre,m,2841
09677,2025,10 bis unter 15 Jahre,f,2670
09677,2025,90 bis unter 95 Jahre,f,812
09677,2025,90 bis unter 95 Jahre,m,390
09677,2025,80 bis unter 85 Jahre,m,1640
09677,2025,80 bis unter 85 Jahre,f,2120
09677,2025,75 bis unter 80 Jahre,m,2871
09677,2025,75 bis unter 80 Jahre,f,3032
09677,2025,unter 5 Jahre,m,2616
09677,2025,unter 5 Jahre,f,2438
09677,2025,55 bis unter 60 Jahre,m,4968
09677,2025,55 bis unter 60 Jahre,f,5309
09677,2025,20 bis unter 25 Jahre,f,2517
09677,2025,20 bis unter 25 Jahre,m,2936
09677,2025,40 bis unter 45 Jahre,f,3704
09677,2025,40 bis unter 45 Jahre,m,3867
09677,2025,15 bis unter 20 Jahre,f,2547
09677,2025,15 bis unter 20 Jahre,m,2837
09677,2025,35 bis unter 40 Jahre,m,4018
09677,2025,35 bis unter 40 Jahre,f,3742
09677,2025,60 bis unter 65 Jahre,m,5557
09677,2025,60 bis unter 65 Jahre,f,5532
05170,2025,5 bis unter 10 Jahre,m,11516
05170,2025,5 bis unter 10 Jahre,f,10765
05170,2025,85 bis unter 90 Jahre,f,7998
05170,2025,85 bis unter 90 Jahre,m,4777
05170,2025,50 bis unter 55 Jahre,f,13840
05170,2025,50 bis unter 55 Jahre,m,13113
05170,2025,30 bis unter 35 Jahre,f,12972
05170,2025,30 bis unter 35 Jahre,m,13296
05170,2025,10 bis unter 15 Jahre,f,10248
05170,2025,10 bis unter 15 Jahre,m,10707
05170,2025,65 bis unter 70 Jahre,m,16299
05170,2025,65 bis unter 70 Jahre,f,17850
05170,2025,25 bis unter 30 Jahre,m,11565
05170,2025,25 bis unter 30 Jahre,f,10650
05170,2025,45 bis unter 50 Jahre,f,13236
05170,2025,45 bis unter 50 Jahre,m,12805
05170,2025,70 bis unter 75 Jahre,f,15140
05170,2025,70 bis unter 75 Jahre,m,12972
05170,2025,95 Jahre und mehr,m,257
05170,2025,95 Jahre und mehr,f,787
05170,2025,40 bis unter 45 Jahre,m,13877
05170,2025,40 bis unter 45 Jahre,f,14118
05170,2025,20 bis unter 25 Jahre,m,10428
05170,2025,20 bis unter 25 Jahre,f,9223
05170,2025,15 bis unter 20 Jahre,f,9800
05170,2025,15 bis unter 20 Jahre,m,10718
05170,2025,80 bis unter 85 Jahre,f,8604
05170,2025,80 bis unter 85 Jahre,m,6478
05170,2025,35 bis unter 40 Jahre,m,15308
05170,2025,35 bis unter 40 Jahre,f,15137
05170,2025,75 bis unter 80 Jahre,f,11452
05170,2025,75 bis unter 80 Jahre,m,9546
05170,2025,60 bis unter 65 Jahre,f,20687
05170,2025,60 bis unter 65 Jahre,m,19382
05170,2025,55 bis unter 60 Jahre,f,19335
05170,2025,55 bis unter 60 Jahre,m,18192
05170,2025,unter 5 Jahre,m,9914
05170,2025,unter 5 Jahre,f,9553
05170,2025,90 bis unter 95 Jahre,m,1397
05170,2025,90 bis unter 95 Jahre,f,3078
03257,2025,90 bis unter 95 Jahre,f,1265
03257,2025,90 bis unter 95 Jahre,m,515
03257,2025,45 bis unter 50 Jahre,m,4414
03257,2025,45 bis unter 50 Jahre,f,4416
03257,2025,25 bis unter 30 Jahre,m,4096
03257,2025,25 bis unter 30 Jahre,f,3638
03257,2025,70 bis unter 75 Jahre,f,4883
03257,2025,70 bis unter 75 Jahre,m,4234
03257,2025,30 bis unter 35 Jahre,m,4239
03257,2025,30 bis unter 35 Jahre,f,4142
03257,2025,5 bis unter 10 Jahre,m,3738
03257,2025,5 bis unter 10 Jahre,f,3546
03257,2025,10 bis unter 15 Jahre,m,3606
03257,2025,10 bis unter 15 Jahre,f,3343
03257,2025,50 bis unter 55 Jahre,f,4829
03257,2025,50 bis unter 55 Jahre,m,4563
03257,2025,95 Jahre und mehr,f,389
03257,2025,95 Jahre und mehr,m,105
03257,2025,85 bis unter 90 Jahre,f,3332
03257,2025,85 bis unter 90 Jahre,m,1943
03257,2025,65 bis unter 70 Jahre,m,5414
03257,2025,65 bis unter 70 Jahre,f,5722
03257,2025,15 bis unter 20 Jahre,f,3495
03257,2025,15 bis unter 20 Jahre,m,3735
03257,2025,20 bis unter 25 Jahre,m,3630
03257,2025,20 bis unter 25 Jahre,f,3322
03257,2025,40 bis unter 45 Jahre,f,4591
03257,2025,40 bis unter 45 Jahre,m,4532
03257,2025,35 bis unter 40 Jahre,m,4815
03257,2025,35 bis unter 40 Jahre,f,4603
03257,2025,80 bis unter 85 Jahre,f,3361
03257,2025,80 bis unter 85 Jahre,m,2537
03257,2025,75 bis unter 80 Jahre,m,3439
03257,2025,75 bis unter 80 Jahre,f,4017
03257,2025,55 bis unter 60 Jahre,m,6725
03257,2025,55 bis unter 60 Jahre,f,6792
03257,2025,60 bis unter 65 Jahre,f,6933
03257,2025,60 bis unter 65 Jahre,m,6758
03257,2025,unter 5 Jahre,m,3371
03257,2025,unter 5 Jahre,f,3049
05314,2025,70 bis unter 75 Jahre,m,6356
05314,2025,70 bis unter 75 Jahre,f,7651
05314,2025,85 bis unter 90 Jahre,m,2670
05314,2025,85 bis unter 90 Jahre,f,4695
05314,2025,95 Jahre und mehr,f,631
05314,2025,95 Jahre und mehr,m,219
05314,2025,10 bis unter 15 Jahre,m,7705
05314,2025,10 bis unter 15 Jahre,f,7325
05314,2025,25 bis unter 30 Jahre,m,13097
05314,2025,25 bis unter 30 Jahre,f,13793
05314,2025,90 bis unter 95 Jahre,m,891
05314,2025,90 bis unter 95 Jahre,f,1848
05314,2025,50 bis unter 55 Jahre,m,9159
05314,2025,50 bis unter 55 Jahre,f,9819
05314,2025,20 bis unter 25 Jahre,f,12555
05314,2025,20 bis unter 25 Jahre,m,11121
05314,2025,35 bis unter 40 Jahre,f,11324
05314,2025,35 bis unter 40 Jahre,m,11347
05314,2025,65 bis unter 70 Jahre,m,8496
05314,2025,65 bis unter 70 Jahre,f,9386
05314,2025,5 bis unter 10 Jahre,m,7449
05314,2025,5 bis unter 10 Jahre,f,7018
05314,2025,30 bis unter 35 Jahre,f,11887
05314,2025,30 bis unter 35 Jahre,m,12203
05314,2025,15 bis unter 20 Jahre,f,8144
05314,2025,15 bis unter 20 Jahre,m,8464
05314,2025,40 bis unter 45 Jahre,f,10686
05314,2025,40 bis unter 45 Jahre,m,10468
05314,2025,80 bis unter 85 Jahre,m,3609
05314,2025,80 bis unter 85 Jahre,f,5454
05314,2025,75 bis unter 80 Jahre,m,4800
05314,2025,75 bis unter 80 Jahre,f,6223
05314,2025,55 bis unter 60 Jahre,m,11101
05314,2025,55 bis unter 60 Jahre,f,11335
05314,2025,60 bis unter 65 Jahre,m,10415
05314,2025,60 bis unter 65 Jahre,f,11154
05314,2025,unter 5 Jahre,m,7035
05314,2025,unter 5 Jahre,f,6692
05314,2025,45 bis unter 50 Jahre,f,10075
05314,2025,45 bis unter 50 Jahre,m,9287
06534,2025,90 bis unter 95 Jahre,m,570
06534,2025,90 bis unter 95 Jahre,f,1311
06534,2025,85 bis unter 90 Jahre,m,2230
06534,2025,85 bis unter 90 Jahre,f,3704
06534,2025,70 bis unter 75 Jahre,m,5929
06534,2025,70 bis unter 75 Jahre,f,6588
06534,2025,95 Jahre und mehr,f,341
06534,2025,95 Jahre und mehr,m,89
06534,2025,65 bis unter 70 Jahre,m,7625
06534,2025,65 bis unter 70 Jahre,f,8148
06534,2025,35 bis unter 40 Jahre,f,7568
06534,2025,35 bis unter 40 Jahre,m,8071
06534,2025,50 bis unter 55 Jahre,m,6987
06534,2025,50 bis unter 55 Jahre,f,7220
06534,2025,20 bis unter 25 Jahre,f,9784
06534,2025,20 bis unter 25 Jahre,m,8400
06534,2025,10 bis unter 15 Jahre,m,5601
06534,2025,10 bis unter 15 Jahre,f,5429
06534,2025,unter 5 Jahre,m,5163
06534,2025,unter 5 Jahre,f,4798
06534,2025,75 bis unter 80 Jahre,f,5291
06534,2025,75 bis unter 80 Jahre,m,4399
06534,2025,80 bis unter 85 Jahre,f,3734
06534,2025,80 bis unter 85 Jahre,m,2769
06534,2025,55 bis unter 60 Jahre,f,9000
06534,2025,55 bis unter 60 Jahre,m,8637
06534,2025,45 bis unter 50 Jahre,m,6962
06534,2025,45 bis unter 50 Jahre,f,7120
06534,2025,5 bis unter 10 Jahre,f,5530
06534,2025,5 bis unter 10 Jahre,m,5657
06534,2025,60 bis unter 65 Jahre,m,9296
06534,2025,60 bis unter 65 Jahre,f,9519
06534,2025,30 bis unter 35 Jahre,f,7312
06534,2025,30 bis unter 35 Jahre,m,8024
06534,2025,15 bis unter 20 Jahre,m,6203
06534,2025,15 bis unter 20 Jahre,f,6162
06534,2025,25 bis unter 30 Jahre,m,9058
06534,2025,25 bis unter 30 Jahre,f,8207
06534,2025,40 bis unter 45 Jahre,f,7064
06534,2025,40 bis unter 45 Jahre,m,7251
08415,2025,20 bis unter 25 Jahre,m,8319
08415,2025,20 bis unter 25 Jahre,f,7315
08415,2025,75 bis unter 80 Jahre,m,5208
08415,2025,75 bis unter 80 Jahre,f,6214
08415,2025,40 bis unter 45 Jahre,m,9445
08415,2025,40 bis unter 45 Jahre,f,9261
08415,2025,60 bis unter 65 Jahre,m,11402
08415,2025,60 bis unter 65 Jahre,f,11521
08415,2025,35 bis unter 40 Jahre,m,9771
08415,2025,35 bis unter 40 Jahre,f,9601
08415,2025,55 bis unter 60 Jahre,m,11409
08415,2025,55 bis unter 60 Jahre,f,11216
08415,2025,80 bis unter 85 Jahre,m,3866
08415,2025,80 bis unter 85 Jahre,f,5064
08415,2025,95 Jahre und mehr,m,184
08415,2025,95 Jahre und mehr,f,489
08415,2025,10 bis unter 15 Jahre,f,6851
08415,2025,10 bis unter 15 Jahre,m,7296
08415,2025,unter 5 Jahre,f,6677
08415,2025,unter 5 Jahre,m,7041
08415,2025,65 bis unter 70 Jahre,f,9906
08415,2025,65 bis unter 70 Jahre,m,9243
08415,2025,5 bis unter 10 Jahre,f,7355
08415,2025,5 bis unter 10 Jahre,m,7800
08415,2025,30 bis unter 35 Jahre,f,8471
08415,2025,30 bis unter 35 Jahre,m,9406
08415,2025,90 bis unter 95 Jahre,m,956
08415,2025,90 bis unter 95 Jahre,f,1872
08415,2025,85 bis unter 90 Jahre,f,4831
08415,2025,85 bis unter 90 Jahre,m,3025
08415,2025,50 bis unter 55 Jahre,f,9327
08415,2025,50 bis unter 55 Jahre,m,9037
08415,2025,45 bis unter 50 Jahre,m,8561
08415,2025,45 bis unter 50 Jahre,f,8896
08415,2025,15 bis unter 20 Jahre,f,7085
08415,2025,15 bis unter 20 Jahre,m,7511
08415,2025,70 bis unter 75 Jahre,m,6973
08415,2025,70 bis unter 75 Jahre,f,8008
08415,2025,25 bis unter 30 Jahre,f,8088
08415,2025,25 bis unter 30 Jahre,m,9026
08316,2025,45 bis unter 50 Jahre,f,5115
08316,2025,45 bis unter 50 Jahre,m,4924
08316,2025,10 bis unter 15 Jahre,f,4025
08316,2025,10 bis unter 15 Jahre,m,4157
08316,2025,25 bis unter 30 Jahre,f,4319
08316,2025,25 bis unter 30 Jahre,m,5077
08316,2025,30 bis unter 35 Jahre,f,4724
08316,2025,30 bis unter 35 Jahre,m,5328
08316,2025,65 bis unter 70 Jahre,f,6029
08316,2025,65 bis unter 70 Jahre,m,5564
08316,2025,5 bis unter 10 Jahre,m,4461
08316,2025,5 bis unter 10 Jahre,f,4397
08316,2025,50 bis unter 55 Jahre,f,5272
08316,2025,50 bis unter 55 Jahre,m,5078
08316,2025,85 bis unter 90 Jahre,f,2674
08316,2025,85 bis unter 90 Jahre,m,1732
08316,2025,75 bis unter 80 Jahre,m,3210
08316,2025,75 bis unter 80 Jahre,f,3730
08316,2025,40 bis unter 45 Jahre,m,5536
08316,2025,40 bis unter 45 Jahre,f,5518
08316,2025,20 bis unter 25 Jahre,m,4554
08316,2025,20 bis unter 25 Jahre,f,3728
08316,2025,unter 5 Jahre,f,3868
08316,2025,unter 5 Jahre,m,4177
08316,2025,35 bis unter 40 Jahre,f,5617
08316,2025,35 bis unter 40 Jahre,m,5798
08316,2025,15 bis unter 20 Jahre,f,3935
08316,2025,15 bis unter 20 Jahre,m,4200
08316,2025,95 Jahre und mehr,m,86
08316,2025,95 Jahre und mehr,f,259
08316,2025,60 bis unter 65 Jahre,f,7066
08316,2025,60 bis unter 65 Jahre,m,6716
08316,2025,90 bis unter 95 Jahre,m,498
08316,2025,90 bis unter 95 Jahre,f,943
08316,2025,55 bis unter 60 Jahre,m,6594
08316,2025,55 bis unter 60 Jahre,f,6704
08316,2025,70 bis unter 75 Jahre,f,4974
08316,2025,70 bis unter 75 Jahre,m,4517
08316,2025,80 bis unter 85 Jahre,m,2284
08316,2025,80 bis unter 85 Jahre,f,3075
01059,2025,45 bis unter 50 Jahre,f,6035
01059,2025,45 bis unter 50 Jahre,m,5710
01059,2025,10 bis unter 15 Jahre,f,4922
01059,2025,10 bis unter 15 Jahre,m,5144
01059,2025,25 bis unter 30 Jahre,f,4554
01059,2025,25 bis unter 30 Jahre,m,4930
01059,2025,30 bis unter 35 Jahre,f,5738
01059,2025,30 bis unter 35 Jahre,m,5437
01059,2025,5 bis unter 10 Jahre,f,4925
01059,2025,5 bis unter 10 Jahre,m,5293
01059,2025,90 bis unter 95 Jahre,f,1133
01059,2025,90 bis unter 95 Jahre,m,619
01059,2025,50 bis unter 55 Jahre,f,6277
01059,2025,50 bis unter 55 Jahre,m,6037
01059,2025,65 bis unter 70 Jahre,f,7548
01059,2025,65 bis unter 70 Jahre,m,7105
01059,2025,80 bis unter 85 Jahre,m,3459
01059,2025,80 bis unter 85 Jahre,f,4217
01059,2025,75 bis unter 80 Jahre,m,4758
01059,2025,75 bis unter 80 Jahre,f,5365
01059,2025,95 Jahre und mehr,m,127
01059,2025,95 Jahre und mehr,f,368
01059,2025,55 bis unter 60 Jahre,m,8818
01059,2025,55 bis unter 60 Jahre,f,9065
01059,2025,unter 5 Jahre,m,4444
01059,2025,unter 5 Jahre,f,4245
01059,2025,20 bis unter 25 Jahre,m,4585
01059,2025,20 bis unter 25 Jahre,f,4016
01059,2025,85 bis unter 90 Jahre,m,2441
01059,2025,85 bis unter 90 Jahre,f,3679
01059,2025,35 bis unter 40 Jahre,f,6286
01059,2025,35 bis unter 40 Jahre,m,6372
01059,2025,40 bis unter 45 Jahre,f,6006
01059,2025,40 bis unter 45 Jahre,m,5833
01059,2025,60 bis unter 65 Jahre,f,9117
01059,2025,60 bis unter 65 Jahre,m,8770
01059,2025,15 bis unter 20 Jahre,m,5449
01059,2025,15 bis unter 20 Jahre,f,4825
01059,2025,70 bis unter 75 Jahre,m,5889
01059,2025,70 bis unter 75 Jahre,f,6275
05911,2025,unter 5 Jahre,f,7258
05911,2025,unter 5 Jahre,m,7677
05911,2025,55 bis unter 60 Jahre,f,13164
05911,2025,55 bis unter 60 Jahre,m,13089
05911,2025,20 bis unter 25 Jahre,f,11115
05911,2025,20 bis unter 25 Jahre,m,10839
05911,2025,15 bis unter 20 Jahre,f,7457
05911,2025,15 bis unter 20 Jahre,m,8097
05911,2025,40 bis unter 45 Jahre,f,11149
05911,2025,40 bis unter 45 Jahre,m,11531
05911,2025,35 bis unter 40 Jahre,f,11904
05911,2025,35 bis unter 40 Jahre,m,12912
05911,2025,90 bis unter 95 Jahre,m,988
05911,2025,90 bis unter 95 Jahre,f,2418
05911,2025,60 bis unter 65 Jahre,f,13390
05911,2025,60 bis unter 65 Jahre,m,12939
05911,2025,75 bis unter 80 Jahre,f,8157
05911,2025,75 bis unter 80 Jahre,m,6428
05911,2025,95 Jahre und mehr,m,207
05911,2025,95 Jahre und mehr,f,721
05911,2025,50 bis unter 55 Jahre,m,10162
05911,2025,50 bis unter 55 Jahre,f,10013
05911,2025,45 bis unter 50 Jahre,m,10300
05911,2025,45 bis unter 50 Jahre,f,10248
05911,2025,70 bis unter 75 Jahre,m,8683
05911,2025,70 bis unter 75 Jahre,f,10102
05911,2025,80 bis unter 85 Jahre,f,6497
05911,2025,80 bis unter 85 Jahre,m,4533
05911,2025,25 bis unter 30 Jahre,m,14449
05911,2025,25 bis unter 30 Jahre,f,13036
05911,2025,65 bis unter 70 Jahre,f,11954
05911,2025,65 bis unter 70 Jahre,m,10842
05911,2025,10 bis unter 15 Jahre,f,7454
05911,2025,10 bis unter 15 Jahre,m,7865
05911,2025,85 bis unter 90 Jahre,f,6003
05911,2025,85 bis unter 90 Jahre,m,3426
05911,2025,5 bis unter 10 Jahre,m,8082
05911,2025,5 bis unter 10 Jahre,f,7750
05911,2025,30 bis unter 35 Jahre,m,13858
05911,2025,30 bis unter 35 Jahre,f,12183
01058,2025,15 bis unter 20 Jahre,f,6561
01058,2025,15 bis unter 20 Jahre,m,7175
01058,2025,95 Jahre und mehr,m,151
01058,2025,95 Jahre und mehr,f,443
01058,2025,90 bis unter 95 Jahre,m,793
01058,2025,90 bis unter 95 Jahre,f,1646
01058,2025,85 bis unter 90 Jahre,m,3340
01058,2025,85 bis unter 90 Jahre,f,4902
01058,2025,40 bis unter 45 Jahre,f,8545
01058,2025,40 bis unter 45 Jahre,m,8370
01058,2025,55 bis unter 60 Jahre,f,12582
01058,2025,55 bis unter 60 Jahre,m,12036
01058,2025,70 bis unter 75 Jahre,m,7563
01058,2025,70 bis unter 75 Jahre,f,8422
01058,2025,30 bis unter 35 Jahre,m,7300
01058,2025,30 bis unter 35 Jahre,f,7163
01058,2025,unter 5 Jahre,f,5372
01058,2025,unter 5 Jahre,m,5826
01058,2025,45 bis unter 50 Jahre,m,7806
01058,2025,45 bis unter 50 Jahre,f,8358
01058,2025,60 bis unter 65 Jahre,f,12416
01058,2025,60 bis unter 65 Jahre,m,11702
01058,2025,35 bis unter 40 Jahre,m,8624
01058,2025,35 bis unter 40 Jahre,f,8528
01058,2025,80 bis unter 85 Jahre,f,5867
01058,2025,80 bis unter 85 Jahre,m,4518
01058,2025,25 bis unter 30 Jahre,m,6859
01058,2025,25 bis unter 30 Jahre,f,5998
01058,2025,50 bis unter 55 Jahre,m,8298
01058,2025,50 bis unter 55 Jahre,f,8834
01058,2025,10 bis unter 15 Jahre,f,6506
01058,2025,10 bis unter 15 Jahre,m,6896
01058,2025,5 bis unter 10 Jahre,f,6570
01058,2025,5 bis unter 10 Jahre,m,6855
01058,2025,65 bis unter 70 Jahre,f,10092
01058,2025,65 bis unter 70 Jahre,m,9246
01058,2025,20 bis unter 25 Jahre,m,6610
01058,2025,20 bis unter 25 Jahre,f,5392
01058,2025,75 bis unter 80 Jahre,f,7003
01058,2025,75 bis unter 80 Jahre,m,6095
05122,2025,70 bis unter 75 Jahre,m,3689
05122,2025,70 bis unter 75 Jahre,f,4279
05122,2025,50 bis unter 55 Jahre,m,4899
05122,2025,50 bis unter 55 Jahre,f,5061
05122,2025,85 bis unter 90 Jahre,m,1664
05122,2025,85 bis unter 90 Jahre,f,2938
05122,2025,90 bis unter 95 Jahre,m,538
05122,2025,90 bis unter 95 Jahre,f,1182
05122,2025,10 bis unter 15 Jahre,m,3988
05122,2025,10 bis unter 15 Jahre,f,3751
05122,2025,65 bis unter 70 Jahre,m,5306
05122,2025,65 bis unter 70 Jahre,f,5694
05122,2025,35 bis unter 40 Jahre,f,5590
05122,2025,35 bis unter 40 Jahre,m,5509
05122,2025,25 bis unter 30 Jahre,m,4842
05122,2025,25 bis unter 30 Jahre,f,4511
05122,2025,40 bis unter 45 Jahre,f,5153
05122,2025,40 bis unter 45 Jahre,m,5123
05122,2025,30 bis unter 35 Jahre,f,4920
05122,2025,30 bis unter 35 Jahre,m,5223
05122,2025,60 bis unter 65 Jahre,f,6897
05122,2025,60 bis unter 65 Jahre,m,6818
05122,2025,15 bis unter 20 Jahre,m,4214
05122,2025,15 bis unter 20 Jahre,f,3901
05122,2025,5 bis unter 10 Jahre,m,4244
05122,2025,5 bis unter 10 Jahre,f,3926
05122,2025,95 Jahre und mehr,f,331
05122,2025,95 Jahre und mehr,m,90
05122,2025,20 bis unter 25 Jahre,m,4256
05122,2025,20 bis unter 25 Jahre,f,3859
05122,2025,unter 5 Jahre,m,3611
05122,2025,unter 5 Jahre,f,3385
05122,2025,75 bis unter 80 Jahre,m,2813
05122,2025,75 bis unter 80 Jahre,f,3580
05122,2025,45 bis unter 50 Jahre,f,4978
05122,2025,45 bis unter 50 Jahre,m,4926
05122,2025,80 bis unter 85 Jahre,f,3246
05122,2025,80 bis unter 85 Jahre,m,2254
05122,2025,55 bis unter 60 Jahre,f,6823
05122,2025,55 bis unter 60 Jahre,m,6609
07313,2025,15 bis unter 20 Jahre,f,1095
07313,2025,15 bis unter 20 Jahre,m,1096
07313,2025,90 bis unter 95 Jahre,m,131
07313,2025,90 bis unter 95 Jahre,f,267
07313,2025,35 bis unter 40 Jahre,f,1613
07313,2025,35 bis unter 40 Jahre,m,1697
07313,2025,50 bis unter 55 Jahre,m,1326
07313,2025,50 bis unter 55 Jahre,f,1392
07313,2025,20 bis unter 25 Jahre,f,2028
07313,2025,20 bis unter 25 Jahre,m,1359
07313,2025,10 bis unter 15 Jahre,m,1054
07313,2025,10 bis unter 15 Jahre,f,964
07313,2025,60 bis unter 65 Jahre,f,1857
07313,2025,60 bis unter 65 Jahre,m,1736
07313,2025,40 bis unter 45 Jahre,m,1471
07313,2025,40 bis unter 45 Jahre,f,1473
07313,2025,85 bis unter 90 Jahre,m,409
07313,2025,85 bis unter 90 Jahre,f,717
07313,2025,5 bis unter 10 Jahre,m,1180
07313,2025,5 bis unter 10 Jahre,f,1067
07313,2025,30 bis unter 35 Jahre,m,1858
07313,2025,30 bis unter 35 Jahre,f,1700
07313,2025,25 bis unter 30 Jahre,f,2007
07313,2025,25 bis unter 30 Jahre,m,1909
07313,2025,95 Jahre und mehr,m,25
07313,2025,95 Jahre und mehr,f,60
07313,2025,75 bis unter 80 Jahre,m,831
07313,2025,75 bis unter 80 Jahre,f,1005
07313,2025,45 bis unter 50 Jahre,f,1324
07313,2025,45 bis unter 50 Jahre,m,1280
07313,2025,70 bis unter 75 Jahre,f,1264
07313,2025,70 bis unter 75 Jahre,m,1105
07313,2025,unter 5 Jahre,m,1059
07313,2025,unter 5 Jahre,f,1060
07313,2025,55 bis unter 60 Jahre,m,1646
07313,2025,55 bis unter 60 Jahre,f,1796
07313,2025,65 bis unter 70 Jahre,m,1534
07313,2025,65 bis unter 70 Jahre,f,1556
07313,2025,80 bis unter 85 Jahre,f,750
07313,2025,80 bis unter 85 Jahre,m,579
09780,2025,25 bis unter 30 Jahre,m,4210
09780,2025,25 bis unter 30 Jahre,f,3782
09780,2025,70 bis unter 75 Jahre,f,4412
09780,2025,70 bis unter 75 Jahre,m,3944
09780,2025,5 bis unter 10 Jahre,m,3965
09780,2025,5 bis unter 10 Jahre,f,3917
09780,2025,10 bis unter 15 Jahre,m,3652
09780,2025,10 bis unter 15 Jahre,f,3523
09780,2025,50 bis unter 55 Jahre,f,4899
09780,2025,50 bis unter 55 Jahre,m,4593
09780,2025,30 bis unter 35 Jahre,f,4575
09780,2025,30 bis unter 35 Jahre,m,4779
09780,2025,65 bis unter 70 Jahre,m,5179
09780,2025,65 bis unter 70 Jahre,f,5458
09780,2025,45 bis unter 50 Jahre,f,4715
09780,2025,45 bis unter 50 Jahre,m,4314
09780,2025,85 bis unter 90 Jahre,f,2705
09780,2025,85 bis unter 90 Jahre,m,1865
09780,2025,95 Jahre und mehr,m,98
09780,2025,95 Jahre und mehr,f,253
09780,2025,40 bis unter 45 Jahre,f,4821
09780,2025,40 bis unter 45 Jahre,m,4605
09780,2025,15 bis unter 20 Jahre,f,3255
09780,2025,15 bis unter 20 Jahre,m,3585
09780,2025,unter 5 Jahre,m,3953
09780,2025,unter 5 Jahre,f,3502
09780,2025,60 bis unter 65 Jahre,f,6479
09780,2025,60 bis unter 65 Jahre,m,6444
09780,2025,20 bis unter 25 Jahre,m,3624
09780,2025,20 bis unter 25 Jahre,f,3278
09780,2025,55 bis unter 60 Jahre,m,6318
09780,2025,55 bis unter 60 Jahre,f,6516
09780,2025,75 bis unter 80 Jahre,f,3925
09780,2025,75 bis unter 80 Jahre,m,3280
09780,2025,35 bis unter 40 Jahre,m,5061
09780,2025,35 bis unter 40 Jahre,f,4962
09780,2025,80 bis unter 85 Jahre,f,3108
09780,2025,80 bis unter 85 Jahre,m,2503
09780,2025,90 bis unter 95 Jahre,m,464
09780,2025,90 bis unter 95 Jahre,f,900
09161,2025,30 bis unter 35 Jahre,m,5625
09161,2025,30 bis unter 35 Jahre,f,4928
09161,2025,65 bis unter 70 Jahre,m,3590
09161,2025,65 bis unter 70 Jahre,f,4018
09161,2025,50 bis unter 55 Jahre,m,4307
09161,2025,50 bis unter 55 Jahre,f,4204
09161,2025,45 bis unter 50 Jahre,m,4773
09161,2025,45 bis unter 50 Jahre,f,4401
09161,2025,90 bis unter 95 Jahre,f,648
09161,2025,90 bis unter 95 Jahre,m,343
09161,2025,10 bis unter 15 Jahre,m,3443
09161,2025,10 bis unter 15 Jahre,f,3269
09161,2025,70 bis unter 75 Jahre,f,3274
09161,2025,70 bis unter 75 Jahre,m,2734
09161,2025,25 bis unter 30 Jahre,m,6039
09161,2025,25 bis unter 30 Jahre,f,4664
09161,2025,85 bis unter 90 Jahre,f,1859
09161,2025,85 bis unter 90 Jahre,m,1179
09161,2025,20 bis unter 25 Jahre,f,3662
09161,2025,20 bis unter 25 Jahre,m,4679
09161,2025,15 bis unter 20 Jahre,f,3101
09161,2025,15 bis unter 20 Jahre,m,3517
09161,2025,5 bis unter 10 Jahre,m,3631
09161,2025,5 bis unter 10 Jahre,f,3612
09161,2025,40 bis unter 45 Jahre,f,4791
09161,2025,40 bis unter 45 Jahre,m,5204
09161,2025,75 bis unter 80 Jahre,m,2096
09161,2025,75 bis unter 80 Jahre,f,2645
09161,2025,55 bis unter 60 Jahre,m,4882
09161,2025,55 bis unter 60 Jahre,f,4669
09161,2025,60 bis unter 65 Jahre,m,4484
09161,2025,60 bis unter 65 Jahre,f,4487
09161,2025,80 bis unter 85 Jahre,m,1607
09161,2025,80 bis unter 85 Jahre,f,2187
09161,2025,95 Jahre und mehr,m,75
09161,2025,95 Jahre und mehr,f,163
09161,2025,unter 5 Jahre,m,3682
09161,2025,unter 5 Jahre,f,3393
09161,2025,35 bis unter 40 Jahre,f,5179
09161,2025,35 bis unter 40 Jahre,m,5755
08326,2025,40 bis unter 45 Jahre,m,6788
08326,2025,40 bis unter 45 Jahre,f,6603
08326,2025,75 bis unter 80 Jahre,m,4068
08326,2025,75 bis unter 80 Jahre,f,4828
08326,2025,20 bis unter 25 Jahre,m,5950
08326,2025,20 bis unter 25 Jahre,f,5139
08326,2025,80 bis unter 85 Jahre,m,2912
08326,2025,80 bis unter 85 Jahre,f,4012
08326,2025,55 bis unter 60 Jahre,m,7748
08326,2025,55 bis unter 60 Jahre,f,7877
08326,2025,35 bis unter 40 Jahre,m,7318
08326,2025,35 bis unter 40 Jahre,f,6833
08326,2025,60 bis unter 65 Jahre,m,8302
08326,2025,60 bis unter 65 Jahre,f,8206
08326,2025,5 bis unter 10 Jahre,f,5439
08326,2025,5 bis unter 10 Jahre,m,5576
08326,2025,65 bis unter 70 Jahre,f,7509
08326,2025,65 bis unter 70 Jahre,m,7078
08326,2025,10 bis unter 15 Jahre,f,5062
08326,2025,10 bis unter 15 Jahre,m,5245
08326,2025,unter 5 Jahre,f,4996
08326,2025,unter 5 Jahre,m,5081
08326,2025,30 bis unter 35 Jahre,f,6245
08326,2025,30 bis unter 35 Jahre,m,6675
08326,2025,95 Jahre und mehr,f,386
08326,2025,95 Jahre und mehr,m,120
08326,2025,90 bis unter 95 Jahre,m,710
08326,2025,90 bis unter 95 Jahre,f,1430
08326,2025,85 bis unter 90 Jahre,f,3881
08326,2025,85 bis unter 90 Jahre,m,2375
08326,2025,70 bis unter 75 Jahre,m,5340
08326,2025,70 bis unter 75 Jahre,f,6204
08326,2025,15 bis unter 20 Jahre,f,5116
08326,2025,15 bis unter 20 Jahre,m,5452
08326,2025,45 bis unter 50 Jahre,m,6212
08326,2025,45 bis unter 50 Jahre,f,6249
08326,2025,25 bis unter 30 Jahre,f,5720
08326,2025,25 bis unter 30 Jahre,m,6754
08326,2025,50 bis unter 55 Jahre,f,6213
08326,2025,50 bis unter 55 Jahre,m,6028
09679,2025,10 bis unter 15 Jahre,m,4125
09679,2025,10 bis unter 15 Jahre,f,3772
09679,2025,65 bis unter 70 Jahre,m,5663
09679,2025,65 bis unter 70 Jahre,f,6151
09679,2025,30 bis unter 35 Jahre,m,4460
09679,2025,30 bis unter 35 Jahre,f,4407
09679,2025,85 bis unter 90 Jahre,m,1701
09679,2025,85 bis unter 90 Jahre,f,2447
09679,2025,50 bis unter 55 Jahre,f,4854
09679,2025,50 bis unter 55 Jahre,m,4853
09679,2025,70 bis unter 75 Jahre,m,4655
09679,2025,70 bis unter 75 Jahre,f,5081
09679,2025,5 bis unter 10 Jahre,m,4347
09679,2025,5 bis unter 10 Jahre,f,4164
09679,2025,90 bis unter 95 Jahre,f,813
09679,2025,90 bis unter 95 Jahre,m,436
09679,2025,15 bis unter 20 Jahre,f,3570
09679,2025,15 bis unter 20 Jahre,m,3891
09679,2025,45 bis unter 50 Jahre,m,4959
09679,2025,45 bis unter 50 Jahre,f,5026
09679,2025,unter 5 Jahre,f,3621
09679,2025,unter 5 Jahre,m,3734
09679,2025,75 bis unter 80 Jahre,f,4039
09679,2025,75 bis unter 80 Jahre,m,3487
09679,2025,20 bis unter 25 Jahre,f,3488
09679,2025,20 bis unter 25 Jahre,m,3964
09679,2025,55 bis unter 60 Jahre,m,6076
09679,2025,55 bis unter 60 Jahre,f,6264
09679,2025,40 bis unter 45 Jahre,m,5314
09679,2025,40 bis unter 45 Jahre,f,5354
09679,2025,35 bis unter 40 Jahre,m,5426
09679,2025,35 bis unter 40 Jahre,f,5380
09679,2025,80 bis unter 85 Jahre,f,2556
09679,2025,80 bis unter 85 Jahre,m,2110
09679,2025,60 bis unter 65 Jahre,m,6452
09679,2025,60 bis unter 65 Jahre,f,6895
09679,2025,95 Jahre und mehr,f,232
09679,2025,95 Jahre und mehr,m,72
09679,2025,25 bis unter 30 Jahre,f,3697
09679,2025,25 bis unter 30 Jahre,m,4050
02000,2025,40 bis unter 45 Jahre,m,66783
02000,2025,40 bis unter 45 Jahre,f,67995
02000,2025,20 bis unter 25 Jahre,m,54382
02000,2025,20 bis unter 25 Jahre,f,55166
02000,2025,75 bis unter 80 Jahre,m,27226
02000,2025,75 bis unter 80 Jahre,f,35266
02000,2025,unter 5 Jahre,m,44821
02000,2025,unter 5 Jahre,f,42786
02000,2025,95 Jahre und mehr,f,3139
02000,2025,95 Jahre und mehr,m,891
02000,2025,60 bis unter 65 Jahre,m,58819
02000,2025,60 bis unter 65 Jahre,f,60749
02000,2025,5 bis unter 10 Jahre,f,43856
02000,2025,5 bis unter 10 Jahre,m,46764
02000,2025,35 bis unter 40 Jahre,m,74866
02000,2025,35 bis unter 40 Jahre,f,73259
02000,2025,80 bis unter 85 Jahre,f,30887
02000,2025,80 bis unter 85 Jahre,m,22095
02000,2025,45 bis unter 50 Jahre,f,62635
02000,2025,45 bis unter 50 Jahre,m,61703
02000,2025,15 bis unter 20 Jahre,f,41391
02000,2025,15 bis unter 20 Jahre,m,45793
02000,2025,50 bis unter 55 Jahre,f,57310
02000,2025,50 bis unter 55 Jahre,m,57191
02000,2025,25 bis unter 30 Jahre,f,74779
02000,2025,25 bis unter 30 Jahre,m,73826
02000,2025,85 bis unter 90 Jahre,m,15471
02000,2025,85 bis unter 90 Jahre,f,26377
02000,2025,30 bis unter 35 Jahre,m,75310
02000,2025,30 bis unter 35 Jahre,f,74052
02000,2025,65 bis unter 70 Jahre,m,43633
02000,2025,65 bis unter 70 Jahre,f,48763
02000,2025,70 bis unter 75 Jahre,m,32280
02000,2025,70 bis unter 75 Jahre,f,39369
02000,2025,90 bis unter 95 Jahre,f,9925
02000,2025,90 bis unter 95 Jahre,m,4288
02000,2025,10 bis unter 15 Jahre,m,44410
02000,2025,10 bis unter 15 Jahre,f,41443
02000,2025,55 bis unter 60 Jahre,f,64610
02000,2025,55 bis unter 60 Jahre,m,65164
03255,2025,10 bis unter 15 Jahre,f,1477
03255,2025,10 bis unter 15 Jahre,m,1432
03255,2025,65 bis unter 70 Jahre,f,2520
03255,2025,65 bis unter 70 Jahre,m,2338
03255,2025,45 bis unter 50 Jahre,f,1681
03255,2025,45 bis unter 50 Jahre,m,1800
03255,2025,85 bis unter 90 Jahre,f,1252
03255,2025,85 bis unter 90 Jahre,m,892
03255,2025,80 bis unter 85 Jahre,m,1095
03255,2025,80 bis unter 85 Jahre,f,1335
03255,2025,5 bis unter 10 Jahre,m,1489
03255,2025,5 bis unter 10 Jahre,f,1547
03255,2025,25 bis unter 30 Jahre,f,1506
03255,2025,25 bis unter 30 Jahre,m,1858
03255,2025,50 bis unter 55 Jahre,f,1918
03255,2025,50 bis unter 55 Jahre,m,1913
03255,2025,75 bis unter 80 Jahre,m,1595
03255,2025,75 bis unter 80 Jahre,f,1756
03255,2025,30 bis unter 35 Jahre,m,1857
03255,2025,30 bis unter 35 Jahre,f,1605
03255,2025,20 bis unter 25 Jahre,m,1633
03255,2025,20 bis unter 25 Jahre,f,1374
03255,2025,55 bis unter 60 Jahre,f,2767
03255,2025,55 bis unter 60 Jahre,m,2606
03255,2025,unter 5 Jahre,f,1302
03255,2025,unter 5 Jahre,m,1317
03255,2025,35 bis unter 40 Jahre,f,1800
03255,2025,35 bis unter 40 Jahre,m,1949
03255,2025,40 bis unter 45 Jahre,f,1820
03255,2025,40 bis unter 45 Jahre,m,1954
03255,2025,15 bis unter 20 Jahre,f,1451
03255,2025,15 bis unter 20 Jahre,m,1565
03255,2025,90 bis unter 95 Jahre,m,257
03255,2025,90 bis unter 95 Jahre,f,448
03255,2025,60 bis unter 65 Jahre,f,2877
03255,2025,60 bis unter 65 Jahre,m,2834
03255,2025,95 Jahre und mehr,f,111
03255,2025,95 Jahre und mehr,m,46
03255,2025,70 bis unter 75 Jahre,m,2106
03255,2025,70 bis unter 75 Jahre,f,2188
07333,2025,45 bis unter 50 Jahre,f,2254
07333,2025,45 bis unter 50 Jahre,m,2233
07333,2025,25 bis unter 30 Jahre,f,1643
07333,2025,25 bis unter 30 Jahre,m,1869
07333,2025,85 bis unter 90 Jahre,f,1137
07333,2025,85 bis unter 90 Jahre,m,713
07333,2025,65 bis unter 70 Jahre,f,3065
07333,2025,65 bis unter 70 Jahre,m,2854
07333,2025,30 bis unter 35 Jahre,f,2011
07333,2025,30 bis unter 35 Jahre,m,2068
07333,2025,60 bis unter 65 Jahre,m,3300
07333,2025,60 bis unter 65 Jahre,f,3355
07333,2025,5 bis unter 10 Jahre,f,1849
07333,2025,5 bis unter 10 Jahre,m,1862
07333,2025,75 bis unter 80 Jahre,m,1550
07333,2025,75 bis unter 80 Jahre,f,1740
07333,2025,55 bis unter 60 Jahre,m,2988
07333,2025,55 bis unter 60 Jahre,f,3060
07333,2025,10 bis unter 15 Jahre,m,1802
07333,2025,10 bis unter 15 Jahre,f,1709
07333,2025,unter 5 Jahre,m,1572
07333,2025,unter 5 Jahre,f,1569
07333,2025,90 bis unter 95 Jahre,f,461
07333,2025,90 bis unter 95 Jahre,m,214
07333,2025,80 bis unter 85 Jahre,m,893
07333,2025,80 bis unter 85 Jahre,f,1159
07333,2025,95 Jahre und mehr,f,104
07333,2025,95 Jahre und mehr,m,33
07333,2025,35 bis unter 40 Jahre,f,2350
07333,2025,35 bis unter 40 Jahre,m,2481
07333,2025,15 bis unter 20 Jahre,f,1756
07333,2025,15 bis unter 20 Jahre,m,1845
07333,2025,20 bis unter 25 Jahre,f,1490
07333,2025,20 bis unter 25 Jahre,m,1769
07333,2025,70 bis unter 75 Jahre,m,2351
07333,2025,70 bis unter 75 Jahre,f,2445
07333,2025,40 bis unter 45 Jahre,f,2257
07333,2025,40 bis unter 45 Jahre,m,2251
07333,2025,50 bis unter 55 Jahre,m,2202
07333,2025,50 bis unter 55 Jahre,f,2324
09190,2025,65 bis unter 70 Jahre,f,4718
09190,2025,65 bis unter 70 Jahre,m,4434
09190,2025,10 bis unter 15 Jahre,f,3443
09190,2025,10 bis unter 15 Jahre,m,3608
09190,2025,85 bis unter 90 Jahre,f,2252
09190,2025,85 bis unter 90 Jahre,m,1633
09190,2025,95 Jahre und mehr,f,211
09190,2025,95 Jahre und mehr,m,80
09190,2025,45 bis unter 50 Jahre,m,4120
09190,2025,45 bis unter 50 Jahre,f,4270
09190,2025,90 bis unter 95 Jahre,f,813
09190,2025,90 bis unter 95 Jahre,m,403
09190,2025,25 bis unter 30 Jahre,f,3439
09190,2025,25 bis unter 30 Jahre,m,3843
09190,2025,50 bis unter 55 Jahre,f,4196
09190,2025,50 bis unter 55 Jahre,m,3999
09190,2025,80 bis unter 85 Jahre,m,2188
09190,2025,80 bis unter 85 Jahre,f,2730
09190,2025,5 bis unter 10 Jahre,m,3772
09190,2025,5 bis unter 10 Jahre,f,3594
09190,2025,30 bis unter 35 Jahre,m,4107
09190,2025,30 bis unter 35 Jahre,f,3889
09190,2025,20 bis unter 25 Jahre,m,3365
09190,2025,20 bis unter 25 Jahre,f,2981
09190,2025,unter 5 Jahre,m,3385
09190,2025,unter 5 Jahre,f,3135
09190,2025,75 bis unter 80 Jahre,m,2747
09190,2025,75 bis unter 80 Jahre,f,3245
09190,2025,55 bis unter 60 Jahre,f,5824
09190,2025,55 bis unter 60 Jahre,m,5479
09190,2025,60 bis unter 65 Jahre,f,5783
09190,2025,60 bis unter 65 Jahre,m,5633
09190,2025,40 bis unter 45 Jahre,f,4385
09190,2025,40 bis unter 45 Jahre,m,4390
09190,2025,35 bis unter 40 Jahre,f,4541
09190,2025,35 bis unter 40 Jahre,m,4552
09190,2025,15 bis unter 20 Jahre,f,3202
09190,2025,15 bis unter 20 Jahre,m,3553
09190,2025,70 bis unter 75 Jahre,m,3374
09190,2025,70 bis unter 75 Jahre,f,3925
05766,2025,80 bis unter 85 Jahre,f,6390
05766,2025,80 bis unter 85 Jahre,m,4669
05766,2025,35 bis unter 40 Jahre,m,11001
05766,2025,35 bis unter 40 Jahre,f,10457
05766,2025,15 bis unter 20 Jahre,m,9317
05766,2025,15 bis unter 20 Jahre,f,8686
05766,2025,60 bis unter 65 Jahre,f,14331
05766,2025,60 bis unter 65 Jahre,m,13795
05766,2025,75 bis unter 80 Jahre,m,6744
05766,2025,75 bis unter 80 Jahre,f,8255
05766,2025,55 bis unter 60 Jahre,m,13413
05766,2025,55 bis unter 60 Jahre,f,13720
05766,2025,40 bis unter 45 Jahre,m,10421
05766,2025,40 bis unter 45 Jahre,f,10201
05766,2025,20 bis unter 25 Jahre,f,7912
05766,2025,20 bis unter 25 Jahre,m,9234
05766,2025,unter 5 Jahre,m,8444
05766,2025,unter 5 Jahre,f,7850
05766,2025,90 bis unter 95 Jahre,m,1068
05766,2025,90 bis unter 95 Jahre,f,2507
05766,2025,45 bis unter 50 Jahre,f,9917
05766,2025,45 bis unter 50 Jahre,m,9435
05766,2025,65 bis unter 70 Jahre,f,12479
05766,2025,65 bis unter 70 Jahre,m,11823
05766,2025,70 bis unter 75 Jahre,m,8850
05766,2025,70 bis unter 75 Jahre,f,10325
05766,2025,25 bis unter 30 Jahre,m,9802
05766,2025,25 bis unter 30 Jahre,f,8691
05766,2025,50 bis unter 55 Jahre,f,10281
05766,2025,50 bis unter 55 Jahre,m,9818
05766,2025,10 bis unter 15 Jahre,m,9044
05766,2025,10 bis unter 15 Jahre,f,8377
05766,2025,5 bis unter 10 Jahre,m,9203
05766,2025,5 bis unter 10 Jahre,f,8691
05766,2025,30 bis unter 35 Jahre,f,9689
05766,2025,30 bis unter 35 Jahre,m,10277
05766,2025,85 bis unter 90 Jahre,f,6335
05766,2025,85 bis unter 90 Jahre,m,3812
05766,2025,95 Jahre und mehr,m,209
05766,2025,95 Jahre und mehr,f,739
07211,2025,25 bis unter 30 Jahre,f,4473
07211,2025,25 bis unter 30 Jahre,m,5041
07211,2025,95 Jahre und mehr,m,60
07211,2025,95 Jahre und mehr,f,197
07211,2025,5 bis unter 10 Jahre,f,2197
07211,2025,5 bis unter 10 Jahre,m,2315
07211,2025,85 bis unter 90 Jahre,f,1560
07211,2025,85 bis unter 90 Jahre,m,802
07211,2025,70 bis unter 75 Jahre,f,2678
07211,2025,70 bis unter 75 Jahre,m,2268
07211,2025,75 bis unter 80 Jahre,m,1592
07211,2025,75 bis unter 80 Jahre,f,2034
07211,2025,60 bis unter 65 Jahre,m,3353
07211,2025,60 bis unter 65 Jahre,f,3721
07211,2025,45 bis unter 50 Jahre,f,3048
07211,2025,45 bis unter 50 Jahre,m,3129
07211,2025,30 bis unter 35 Jahre,f,3845
07211,2025,30 bis unter 35 Jahre,m,4438
07211,2025,55 bis unter 60 Jahre,m,3469
07211,2025,55 bis unter 60 Jahre,f,3486
07211,2025,10 bis unter 15 Jahre,m,2280
07211,2025,10 bis unter 15 Jahre,f,2115
07211,2025,90 bis unter 95 Jahre,f,617
07211,2025,90 bis unter 95 Jahre,m,310
07211,2025,80 bis unter 85 Jahre,f,1571
07211,2025,80 bis unter 85 Jahre,m,1033
07211,2025,unter 5 Jahre,m,2017
07211,2025,unter 5 Jahre,f,2071
07211,2025,65 bis unter 70 Jahre,m,2821
07211,2025,65 bis unter 70 Jahre,f,3202
07211,2025,15 bis unter 20 Jahre,f,2378
07211,2025,15 bis unter 20 Jahre,m,2556
07211,2025,20 bis unter 25 Jahre,f,4395
07211,2025,20 bis unter 25 Jahre,m,3804
07211,2025,35 bis unter 40 Jahre,f,3520
07211,2025,35 bis unter 40 Jahre,m,3957
07211,2025,40 bis unter 45 Jahre,f,3353
07211,2025,40 bis unter 45 Jahre,m,3509
07211,2025,50 bis unter 55 Jahre,m,2865
07211,2025,50 bis unter 55 Jahre,f,2974
07135,2025,55 bis unter 60 Jahre,f,2667
07135,2025,55 bis unter 60 Jahre,m,2551
07135,2025,unter 5 Jahre,f,1180
07135,2025,unter 5 Jahre,m,1315
07135,2025,20 bis unter 25 Jahre,f,1241
07135,2025,20 bis unter 25 Jahre,m,1621
07135,2025,75 bis unter 80 Jahre,f,1491
07135,2025,75 bis unter 80 Jahre,m,1385
07135,2025,40 bis unter 45 Jahre,f,1681
07135,2025,40 bis unter 45 Jahre,m,1828
07135,2025,35 bis unter 40 Jahre,f,1778
07135,2025,35 bis unter 40 Jahre,m,1893
07135,2025,60 bis unter 65 Jahre,f,2838
07135,2025,60 bis unter 65 Jahre,m,2828
07135,2025,80 bis unter 85 Jahre,f,1166
07135,2025,80 bis unter 85 Jahre,m,843
07135,2025,85 bis unter 90 Jahre,m,702
07135,2025,85 bis unter 90 Jahre,f,1140
07135,2025,30 bis unter 35 Jahre,m,1822
07135,2025,30 bis unter 35 Jahre,f,1570
07135,2025,50 bis unter 55 Jahre,m,1759
07135,2025,50 bis unter 55 Jahre,f,1968
07135,2025,15 bis unter 20 Jahre,m,1412
07135,2025,15 bis unter 20 Jahre,f,1279
07135,2025,25 bis unter 30 Jahre,f,1379
07135,2025,25 bis unter 30 Jahre,m,1654
07135,2025,95 Jahre und mehr,m,22
07135,2025,95 Jahre und mehr,f,116
07135,2025,5 bis unter 10 Jahre,m,1452
07135,2025,5 bis unter 10 Jahre,f,1332
07135,2025,10 bis unter 15 Jahre,f,1255
07135,2025,10 bis unter 15 Jahre,m,1413
07135,2025,70 bis unter 75 Jahre,f,2054
07135,2025,70 bis unter 75 Jahre,m,1962
07135,2025,45 bis unter 50 Jahre,f,1711
07135,2025,45 bis unter 50 Jahre,m,1637
07135,2025,65 bis unter 70 Jahre,m,2389
07135,2025,65 bis unter 70 Jahre,f,2431
07135,2025,90 bis unter 95 Jahre,m,207
07135,2025,90 bis unter 95 Jahre,f,408
05978,2025,65 bis unter 70 Jahre,m,13451
05978,2025,65 bis unter 70 Jahre,f,14937
05978,2025,10 bis unter 15 Jahre,m,9155
05978,2025,10 bis unter 15 Jahre,f,8763
05978,2025,45 bis unter 50 Jahre,m,11823
05978,2025,45 bis unter 50 Jahre,f,12083
05978,2025,85 bis unter 90 Jahre,m,3887
05978,2025,85 bis unter 90 Jahre,f,6628
05978,2025,30 bis unter 35 Jahre,f,11025
05978,2025,30 bis unter 35 Jahre,m,11454
05978,2025,50 bis unter 55 Jahre,m,11550
05978,2025,50 bis unter 55 Jahre,f,12289
05978,2025,25 bis unter 30 Jahre,m,10753
05978,2025,25 bis unter 30 Jahre,f,9715
05978,2025,70 bis unter 75 Jahre,f,12484
05978,2025,70 bis unter 75 Jahre,m,10597
05978,2025,35 bis unter 40 Jahre,f,12691
05978,2025,35 bis unter 40 Jahre,m,12797
05978,2025,15 bis unter 20 Jahre,f,8695
05978,2025,15 bis unter 20 Jahre,m,9694
05978,2025,5 bis unter 10 Jahre,f,9183
05978,2025,5 bis unter 10 Jahre,m,9680
05978,2025,40 bis unter 45 Jahre,f,12116
05978,2025,40 bis unter 45 Jahre,m,12117
05978,2025,20 bis unter 25 Jahre,m,9530
05978,2025,20 bis unter 25 Jahre,f,8426
05978,2025,75 bis unter 80 Jahre,m,7914
05978,2025,75 bis unter 80 Jahre,f,9400
05978,2025,unter 5 Jahre,m,8833
05978,2025,unter 5 Jahre,f,8250
05978,2025,55 bis unter 60 Jahre,m,15591
05978,2025,55 bis unter 60 Jahre,f,16269
05978,2025,80 bis unter 85 Jahre,f,7509
05978,2025,80 bis unter 85 Jahre,m,5465
05978,2025,60 bis unter 65 Jahre,f,16893
05978,2025,60 bis unter 65 Jahre,m,15865
05978,2025,95 Jahre und mehr,m,196
05978,2025,95 Jahre und mehr,f,750
05978,2025,90 bis unter 95 Jahre,m,1190
05978,2025,90 bis unter 95 Jahre,f,2618
06532,2025,65 bis unter 70 Jahre,m,8428
06532,2025,65 bis unter 70 Jahre,f,9094
06532,2025,10 bis unter 15 Jahre,m,6360
06532,2025,10 bis unter 15 Jahre,f,5815
06532,2025,30 bis unter 35 Jahre,m,7700
06532,2025,30 bis unter 35 Jahre,f,7132
06532,2025,85 bis unter 90 Jahre,m,2470
06532,2025,85 bis unter 90 Jahre,f,4297
06532,2025,90 bis unter 95 Jahre,m,641
06532,2025,90 bis unter 95 Jahre,f,1482
06532,2025,70 bis unter 75 Jahre,f,7575
06532,2025,70 bis unter 75 Jahre,m,6625
06532,2025,25 bis unter 30 Jahre,m,7274
06532,2025,25 bis unter 30 Jahre,f,6216
06532,2025,50 bis unter 55 Jahre,m,7366
06532,2025,50 bis unter 55 Jahre,f,7983
06532,2025,unter 5 Jahre,f,5490
06532,2025,unter 5 Jahre,m,5625
06532,2025,45 bis unter 50 Jahre,f,7578
06532,2025,45 bis unter 50 Jahre,m,7512
06532,2025,80 bis unter 85 Jahre,m,3355
06532,2025,80 bis unter 85 Jahre,f,4518
06532,2025,55 bis unter 60 Jahre,f,10336
06532,2025,55 bis unter 60 Jahre,m,9971
06532,2025,20 bis unter 25 Jahre,m,6661
06532,2025,20 bis unter 25 Jahre,f,5611
06532,2025,75 bis unter 80 Jahre,m,5030
06532,2025,75 bis unter 80 Jahre,f,6125
06532,2025,95 Jahre und mehr,f,401
06532,2025,95 Jahre und mehr,m,131
06532,2025,35 bis unter 40 Jahre,m,8385
06532,2025,35 bis unter 40 Jahre,f,8028
06532,2025,40 bis unter 45 Jahre,m,7981
06532,2025,40 bis unter 45 Jahre,f,7944
06532,2025,60 bis unter 65 Jahre,m,10439
06532,2025,60 bis unter 65 Jahre,f,10709
06532,2025,15 bis unter 20 Jahre,m,6717
06532,2025,15 bis unter 20 Jahre,f,5884
06532,2025,5 bis unter 10 Jahre,f,6104
06532,2025,5 bis unter 10 Jahre,m,6446
08336,2025,75 bis unter 80 Jahre,f,5104
08336,2025,75 bis unter 80 Jahre,m,4137
08336,2025,40 bis unter 45 Jahre,f,7822
08336,2025,40 bis unter 45 Jahre,m,7712
08336,2025,20 bis unter 25 Jahre,f,5153
08336,2025,20 bis unter 25 Jahre,m,6129
08336,2025,60 bis unter 65 Jahre,f,9783
08336,2025,60 bis unter 65 Jahre,m,9341
08336,2025,15 bis unter 20 Jahre,m,6271
08336,2025,15 bis unter 20 Jahre,f,5912
08336,2025,35 bis unter 40 Jahre,f,7965
08336,2025,35 bis unter 40 Jahre,m,8200
08336,2025,55 bis unter 60 Jahre,f,9654
08336,2025,55 bis unter 60 Jahre,m,9102
08336,2025,unter 5 Jahre,m,5154
08336,2025,unter 5 Jahre,f,5052
08336,2025,80 bis unter 85 Jahre,f,4126
08336,2025,80 bis unter 85 Jahre,m,2969
08336,2025,95 Jahre und mehr,m,147
08336,2025,95 Jahre und mehr,f,354
08336,2025,70 bis unter 75 Jahre,m,5848
08336,2025,70 bis unter 75 Jahre,f,6437
08336,2025,90 bis unter 95 Jahre,m,781
08336,2025,90 bis unter 95 Jahre,f,1439
08336,2025,65 bis unter 70 Jahre,m,7654
08336,2025,65 bis unter 70 Jahre,f,8300
08336,2025,45 bis unter 50 Jahre,m,6927
08336,2025,45 bis unter 50 Jahre,f,7280
08336,2025,30 bis unter 35 Jahre,f,7093
08336,2025,30 bis unter 35 Jahre,m,7527
08336,2025,10 bis unter 15 Jahre,f,6006
08336,2025,10 bis unter 15 Jahre,m,6280
08336,2025,85 bis unter 90 Jahre,f,3779
08336,2025,85 bis unter 90 Jahre,m,2397
08336,2025,5 bis unter 10 Jahre,f,6308
08336,2025,5 bis unter 10 Jahre,m,6516
08336,2025,25 bis unter 30 Jahre,m,6871
08336,2025,25 bis unter 30 Jahre,f,6243
08336,2025,50 bis unter 55 Jahre,m,6966
08336,2025,50 bis unter 55 Jahre,f,7403
09462,2025,40 bis unter 45 Jahre,m,2219
09462,2025,40 bis unter 45 Jahre,f,2038
09462,2025,80 bis unter 85 Jahre,m,1017
09462,2025,80 bis unter 85 Jahre,f,1408
09462,2025,55 bis unter 60 Jahre,m,2363
09462,2025,55 bis unter 60 Jahre,f,2452
09462,2025,60 bis unter 65 Jahre,m,2381
09462,2025,60 bis unter 65 Jahre,f,2615
09462,2025,75 bis unter 80 Jahre,m,1373
09462,2025,75 bis unter 80 Jahre,f,1878
09462,2025,15 bis unter 20 Jahre,m,1708
09462,2025,15 bis unter 20 Jahre,f,1594
09462,2025,unter 5 Jahre,m,1359
09462,2025,unter 5 Jahre,f,1209
09462,2025,65 bis unter 70 Jahre,f,2374
09462,2025,65 bis unter 70 Jahre,m,1964
09462,2025,10 bis unter 15 Jahre,f,1340
09462,2025,10 bis unter 15 Jahre,m,1363
09462,2025,45 bis unter 50 Jahre,f,1942
09462,2025,45 bis unter 50 Jahre,m,1990
09462,2025,95 Jahre und mehr,f,144
09462,2025,95 Jahre und mehr,m,35
09462,2025,35 bis unter 40 Jahre,m,2559
09462,2025,35 bis unter 40 Jahre,f,2161
09462,2025,90 bis unter 95 Jahre,f,507
09462,2025,90 bis unter 95 Jahre,m,182
09462,2025,70 bis unter 75 Jahre,m,1578
09462,2025,70 bis unter 75 Jahre,f,2166
09462,2025,85 bis unter 90 Jahre,m,727
09462,2025,85 bis unter 90 Jahre,f,1292
09462,2025,50 bis unter 55 Jahre,m,1904
09462,2025,50 bis unter 55 Jahre,f,2034
09462,2025,30 bis unter 35 Jahre,m,2892
09462,2025,30 bis unter 35 Jahre,f,2375
09462,2025,25 bis unter 30 Jahre,m,3674
09462,2025,25 bis unter 30 Jahre,f,3042
09462,2025,20 bis unter 25 Jahre,f,3035
09462,2025,20 bis unter 25 Jahre,m,3253
09462,2025,5 bis unter 10 Jahre,m,1391
09462,2025,5 bis unter 10 Jahre,f,1381
09562,2025,5 bis unter 10 Jahre,m,2754
09562,2025,5 bis unter 10 Jahre,f,2471
09562,2025,85 bis unter 90 Jahre,f,1802
09562,2025,85 bis unter 90 Jahre,m,991
09562,2025,50 bis unter 55 Jahre,f,3150
09562,2025,50 bis unter 55 Jahre,m,2925
09562,2025,30 bis unter 35 Jahre,f,4336
09562,2025,30 bis unter 35 Jahre,m,5220
09562,2025,10 bis unter 15 Jahre,f,2394
09562,2025,10 bis unter 15 Jahre,m,2600
09562,2025,95 Jahre und mehr,f,227
09562,2025,95 Jahre und mehr,m,59
09562,2025,45 bis unter 50 Jahre,m,3239
09562,2025,45 bis unter 50 Jahre,f,3374
09562,2025,90 bis unter 95 Jahre,f,715
09562,2025,90 bis unter 95 Jahre,m,304
09562,2025,25 bis unter 30 Jahre,f,5509
09562,2025,25 bis unter 30 Jahre,m,6766
09562,2025,65 bis unter 70 Jahre,f,3089
09562,2025,65 bis unter 70 Jahre,m,2910
09562,2025,80 bis unter 85 Jahre,m,1256
09562,2025,80 bis unter 85 Jahre,f,1967
09562,2025,20 bis unter 25 Jahre,m,4660
09562,2025,20 bis unter 25 Jahre,f,4384
09562,2025,unter 5 Jahre,m,2601
09562,2025,unter 5 Jahre,f,2485
09562,2025,75 bis unter 80 Jahre,m,1595
09562,2025,75 bis unter 80 Jahre,f,2299
09562,2025,40 bis unter 45 Jahre,f,3767
09562,2025,40 bis unter 45 Jahre,m,3657
09562,2025,35 bis unter 40 Jahre,m,4197
09562,2025,35 bis unter 40 Jahre,f,3874
09562,2025,15 bis unter 20 Jahre,m,2794
09562,2025,15 bis unter 20 Jahre,f,2533
09562,2025,60 bis unter 65 Jahre,f,3712
09562,2025,60 bis unter 65 Jahre,m,3594
09562,2025,55 bis unter 60 Jahre,f,3762
09562,2025,55 bis unter 60 Jahre,m,3845
09562,2025,70 bis unter 75 Jahre,m,1992
09562,2025,70 bis unter 75 Jahre,f,2641
09373,2025,60 bis unter 65 Jahre,m,5725
09373,2025,60 bis unter 65 Jahre,f,5662
09373,2025,80 bis unter 85 Jahre,m,1554
09373,2025,80 bis unter 85 Jahre,f,1968
09373,2025,75 bis unter 80 Jahre,m,2593
09373,2025,75 bis unter 80 Jahre,f,2756
09373,2025,40 bis unter 45 Jahre,m,4702
09373,2025,40 bis unter 45 Jahre,f,4311
09373,2025,5 bis unter 10 Jahre,f,3405
09373,2025,5 bis unter 10 Jahre,m,3749
09373,2025,unter 5 Jahre,m,3431
09373,2025,unter 5 Jahre,f,3198
09373,2025,65 bis unter 70 Jahre,f,4930
09373,2025,65 bis unter 70 Jahre,m,4620
09373,2025,55 bis unter 60 Jahre,f,5589
09373,2025,55 bis unter 60 Jahre,m,5607
09373,2025,45 bis unter 50 Jahre,f,4156
09373,2025,45 bis unter 50 Jahre,m,4367
09373,2025,10 bis unter 15 Jahre,f,3187
09373,2025,10 bis unter 15 Jahre,m,3476
09373,2025,35 bis unter 40 Jahre,m,4954
09373,2025,35 bis unter 40 Jahre,f,4484
09373,2025,90 bis unter 95 Jahre,f,666
09373,2025,90 bis unter 95 Jahre,m,305
09373,2025,70 bis unter 75 Jahre,m,3644
09373,2025,70 bis unter 75 Jahre,f,3822
09373,2025,95 Jahre und mehr,m,47
09373,2025,95 Jahre und mehr,f,186
09373,2025,85 bis unter 90 Jahre,m,1165
09373,2025,85 bis unter 90 Jahre,f,2038
09373,2025,25 bis unter 30 Jahre,m,4247
09373,2025,25 bis unter 30 Jahre,f,3587
09373,2025,50 bis unter 55 Jahre,m,4447
09373,2025,50 bis unter 55 Jahre,f,4341
09373,2025,20 bis unter 25 Jahre,f,3170
09373,2025,20 bis unter 25 Jahre,m,3709
09373,2025,15 bis unter 20 Jahre,m,3451
09373,2025,15 bis unter 20 Jahre,f,3089
09373,2025,30 bis unter 35 Jahre,f,4081
09373,2025,30 bis unter 35 Jahre,m,4483
09473,2025,25 bis unter 30 Jahre,m,2057
09473,2025,25 bis unter 30 Jahre,f,1726
09473,2025,70 bis unter 75 Jahre,f,2786
09473,2025,70 bis unter 75 Jahre,m,2363
09473,2025,90 bis unter 95 Jahre,f,529
09473,2025,90 bis unter 95 Jahre,m,253
09473,2025,45 bis unter 50 Jahre,m,2489
09473,2025,45 bis unter 50 Jahre,f,2463
09473,2025,85 bis unter 90 Jahre,f,1534
09473,2025,85 bis unter 90 Jahre,m,907
09473,2025,65 bis unter 70 Jahre,m,3179
09473,2025,65 bis unter 70 Jahre,f,3306
09473,2025,30 bis unter 35 Jahre,m,2261
09473,2025,30 bis unter 35 Jahre,f,2150
09473,2025,10 bis unter 15 Jahre,f,1753
09473,2025,10 bis unter 15 Jahre,m,1977
09473,2025,5 bis unter 10 Jahre,m,2107
09473,2025,5 bis unter 10 Jahre,f,1923
09473,2025,50 bis unter 55 Jahre,f,2603
09473,2025,50 bis unter 55 Jahre,m,2441
09473,2025,15 bis unter 20 Jahre,f,1679
09473,2025,15 bis unter 20 Jahre,m,1916
09473,2025,20 bis unter 25 Jahre,f,1542
09473,2025,20 bis unter 25 Jahre,m,1957
09473,2025,75 bis unter 80 Jahre,m,1845
09473,2025,75 bis unter 80 Jahre,f,2188
09473,2025,60 bis unter 65 Jahre,f,3853
09473,2025,60 bis unter 65 Jahre,m,3743
09473,2025,80 bis unter 85 Jahre,f,1491
09473,2025,80 bis unter 85 Jahre,m,1056
09473,2025,35 bis unter 40 Jahre,m,2814
09473,2025,35 bis unter 40 Jahre,f,2693
09473,2025,40 bis unter 45 Jahre,f,2668
09473,2025,40 bis unter 45 Jahre,m,2716
09473,2025,unter 5 Jahre,m,1837
09473,2025,unter 5 Jahre,f,1593
09473,2025,55 bis unter 60 Jahre,m,3608
09473,2025,55 bis unter 60 Jahre,f,3548
09473,2025,95 Jahre und mehr,f,106
09473,2025,95 Jahre und mehr,m,27
05513,2025,90 bis unter 95 Jahre,m,638
05513,2025,90 bis unter 95 Jahre,f,1673
05513,2025,15 bis unter 20 Jahre,f,6838
05513,2025,15 bis unter 20 Jahre,m,7440
05513,2025,50 bis unter 55 Jahre,m,8044
05513,2025,50 bis unter 55 Jahre,f,8094
05513,2025,35 bis unter 40 Jahre,f,8817
05513,2025,35 bis unter 40 Jahre,m,9226
05513,2025,70 bis unter 75 Jahre,m,5931
05513,2025,70 bis unter 75 Jahre,f,7146
05513,2025,55 bis unter 60 Jahre,f,9589
05513,2025,55 bis unter 60 Jahre,m,9871
05513,2025,85 bis unter 90 Jahre,m,1981
05513,2025,85 bis unter 90 Jahre,f,3697
05513,2025,10 bis unter 15 Jahre,m,7167
05513,2025,10 bis unter 15 Jahre,f,6688
05513,2025,60 bis unter 65 Jahre,f,9403
05513,2025,60 bis unter 65 Jahre,m,9448
05513,2025,5 bis unter 10 Jahre,m,7651
05513,2025,5 bis unter 10 Jahre,f,7279
05513,2025,25 bis unter 30 Jahre,m,8758
05513,2025,25 bis unter 30 Jahre,f,8067
05513,2025,40 bis unter 45 Jahre,f,8080
05513,2025,40 bis unter 45 Jahre,m,8130
05513,2025,30 bis unter 35 Jahre,m,9089
05513,2025,30 bis unter 35 Jahre,f,8284
05513,2025,45 bis unter 50 Jahre,f,8040
05513,2025,45 bis unter 50 Jahre,m,7917
05513,2025,75 bis unter 80 Jahre,m,4266
05513,2025,75 bis unter 80 Jahre,f,5492
05513,2025,20 bis unter 25 Jahre,m,7867
05513,2025,20 bis unter 25 Jahre,f,7330
05513,2025,95 Jahre und mehr,m,123
05513,2025,95 Jahre und mehr,f,483
05513,2025,80 bis unter 85 Jahre,f,4103
05513,2025,80 bis unter 85 Jahre,m,2933
05513,2025,unter 5 Jahre,m,7227
05513,2025,unter 5 Jahre,f,6856
05513,2025,65 bis unter 70 Jahre,m,7929
05513,2025,65 bis unter 70 Jahre,f,8604
09661,2025,80 bis unter 85 Jahre,m,984
09661,2025,80 bis unter 85 Jahre,f,1333
09661,2025,20 bis unter 25 Jahre,m,2026
09661,2025,20 bis unter 25 Jahre,f,1919
09661,2025,35 bis unter 40 Jahre,m,2788
09661,2025,35 bis unter 40 Jahre,f,2583
09661,2025,5 bis unter 10 Jahre,f,1638
09661,2025,5 bis unter 10 Jahre,m,1740
09661,2025,60 bis unter 65 Jahre,m,2691
09661,2025,60 bis unter 65 Jahre,f,2839
09661,2025,30 bis unter 35 Jahre,f,2360
09661,2025,30 bis unter 35 Jahre,m,2711
09661,2025,75 bis unter 80 Jahre,m,1317
09661,2025,75 bis unter 80 Jahre,f,1686
09661,2025,45 bis unter 50 Jahre,f,2207
09661,2025,45 bis unter 50 Jahre,m,2205
09661,2025,85 bis unter 90 Jahre,f,1183
09661,2025,85 bis unter 90 Jahre,m,647
09661,2025,65 bis unter 70 Jahre,f,2547
09661,2025,65 bis unter 70 Jahre,m,2165
09661,2025,55 bis unter 60 Jahre,f,2757
09661,2025,55 bis unter 60 Jahre,m,2556
09661,2025,unter 5 Jahre,m,1623
09661,2025,unter 5 Jahre,f,1567
09661,2025,90 bis unter 95 Jahre,f,440
09661,2025,90 bis unter 95 Jahre,m,180
09661,2025,10 bis unter 15 Jahre,f,1542
09661,2025,10 bis unter 15 Jahre,m,1606
09661,2025,50 bis unter 55 Jahre,m,2186
09661,2025,50 bis unter 55 Jahre,f,2315
09661,2025,70 bis unter 75 Jahre,m,1719
09661,2025,70 bis unter 75 Jahre,f,2123
09661,2025,95 Jahre und mehr,m,41
09661,2025,95 Jahre und mehr,f,105
09661,2025,25 bis unter 30 Jahre,m,2455
09661,2025,25 bis unter 30 Jahre,f,2326
09661,2025,15 bis unter 20 Jahre,m,1754
09661,2025,15 bis unter 20 Jahre,f,1597
09661,2025,40 bis unter 45 Jahre,f,2426
09661,2025,40 bis unter 45 Jahre,m,2439
06411,2025,40 bis unter 45 Jahre,m,5310
06411,2025,40 bis unter 45 Jahre,f,5206
06411,2025,75 bis unter 80 Jahre,m,2438
06411,2025,75 bis unter 80 Jahre,f,3021
06411,2025,20 bis unter 25 Jahre,m,8468
06411,2025,20 bis unter 25 Jahre,f,6380
06411,2025,80 bis unter 85 Jahre,m,1837
06411,2025,80 bis unter 85 Jahre,f,2544
06411,2025,60 bis unter 65 Jahre,m,4961
06411,2025,60 bis unter 65 Jahre,f,5154
06411,2025,55 bis unter 60 Jahre,m,5289
06411,2025,55 bis unter 60 Jahre,f,5248
06411,2025,15 bis unter 20 Jahre,m,4288
06411,2025,15 bis unter 20 Jahre,f,3855
06411,2025,unter 5 Jahre,m,3632
06411,2025,unter 5 Jahre,f,3502
06411,2025,30 bis unter 35 Jahre,f,6392
06411,2025,30 bis unter 35 Jahre,m,7830
06411,2025,50 bis unter 55 Jahre,f,4595
06411,2025,50 bis unter 55 Jahre,m,4370
06411,2025,25 bis unter 30 Jahre,f,7328
06411,2025,25 bis unter 30 Jahre,m,10314
06411,2025,5 bis unter 10 Jahre,m,3902
06411,2025,5 bis unter 10 Jahre,f,3638
06411,2025,85 bis unter 90 Jahre,m,1312
06411,2025,85 bis unter 90 Jahre,f,2136
06411,2025,10 bis unter 15 Jahre,m,3789
06411,2025,10 bis unter 15 Jahre,f,3552
06411,2025,90 bis unter 95 Jahre,m,394
06411,2025,90 bis unter 95 Jahre,f,738
06411,2025,70 bis unter 75 Jahre,f,3612
06411,2025,70 bis unter 75 Jahre,m,2909
06411,2025,65 bis unter 70 Jahre,m,3912
06411,2025,65 bis unter 70 Jahre,f,4336
06411,2025,35 bis unter 40 Jahre,f,5848
06411,2025,35 bis unter 40 Jahre,m,6440
06411,2025,45 bis unter 50 Jahre,f,4787
06411,2025,45 bis unter 50 Jahre,m,4679
06411,2025,95 Jahre und mehr,f,232
06411,2025,95 Jahre und mehr,m,75
03159,2025,45 bis unter 50 Jahre,f,9052
03159,2025,45 bis unter 50 Jahre,m,8806
03159,2025,65 bis unter 70 Jahre,f,11557
03159,2025,65 bis unter 70 Jahre,m,10843
03159,2025,10 bis unter 15 Jahre,f,6661
03159,2025,10 bis unter 15 Jahre,m,7080
03159,2025,30 bis unter 35 Jahre,f,9979
03159,2025,30 bis unter 35 Jahre,m,10966
03159,2025,25 bis unter 30 Jahre,f,11663
03159,2025,25 bis unter 30 Jahre,m,12514
03159,2025,50 bis unter 55 Jahre,f,9441
03159,2025,50 bis unter 55 Jahre,m,9038
03159,2025,5 bis unter 10 Jahre,m,7405
03159,2025,5 bis unter 10 Jahre,f,7098
03159,2025,90 bis unter 95 Jahre,f,2134
03159,2025,90 bis unter 95 Jahre,m,1065
03159,2025,75 bis unter 80 Jahre,m,6824
03159,2025,75 bis unter 80 Jahre,f,8033
03159,2025,85 bis unter 90 Jahre,m,3704
03159,2025,85 bis unter 90 Jahre,f,5823
03159,2025,20 bis unter 25 Jahre,m,10643
03159,2025,20 bis unter 25 Jahre,f,11459
03159,2025,80 bis unter 85 Jahre,m,4939
03159,2025,80 bis unter 85 Jahre,f,6427
03159,2025,55 bis unter 60 Jahre,m,12209
03159,2025,55 bis unter 60 Jahre,f,12297
03159,2025,95 Jahre und mehr,f,680
03159,2025,95 Jahre und mehr,m,220
03159,2025,unter 5 Jahre,m,6585
03159,2025,unter 5 Jahre,f,6313
03159,2025,35 bis unter 40 Jahre,m,10742
03159,2025,35 bis unter 40 Jahre,f,10059
03159,2025,15 bis unter 20 Jahre,f,7218
03159,2025,15 bis unter 20 Jahre,m,7647
03159,2025,70 bis unter 75 Jahre,m,8828
03159,2025,70 bis unter 75 Jahre,f,9819
03159,2025,40 bis unter 45 Jahre,f,9558
03159,2025,40 bis unter 45 Jahre,m,9593
03159,2025,60 bis unter 65 Jahre,m,12764
03159,2025,60 bis unter 65 Jahre,f,13257
07336,2025,55 bis unter 60 Jahre,m,2740
07336,2025,55 bis unter 60 Jahre,f,2796
07336,2025,20 bis unter 25 Jahre,m,1649
07336,2025,20 bis unter 25 Jahre,f,1335
07336,2025,75 bis unter 80 Jahre,m,1601
07336,2025,75 bis unter 80 Jahre,f,1668
07336,2025,unter 5 Jahre,m,1611
07336,2025,unter 5 Jahre,f,1506
07336,2025,15 bis unter 20 Jahre,m,1578
07336,2025,15 bis unter 20 Jahre,f,1461
07336,2025,35 bis unter 40 Jahre,m,2151
07336,2025,35 bis unter 40 Jahre,f,2116
07336,2025,40 bis unter 45 Jahre,m,2074
07336,2025,40 bis unter 45 Jahre,f,1968
07336,2025,80 bis unter 85 Jahre,f,1169
07336,2025,80 bis unter 85 Jahre,m,834
07336,2025,25 bis unter 30 Jahre,f,1479
07336,2025,25 bis unter 30 Jahre,m,1735
07336,2025,45 bis unter 50 Jahre,f,1894
07336,2025,45 bis unter 50 Jahre,m,1936
07336,2025,60 bis unter 65 Jahre,f,3090
07336,2025,60 bis unter 65 Jahre,m,3089
07336,2025,70 bis unter 75 Jahre,f,2427
07336,2025,70 bis unter 75 Jahre,m,2363
07336,2025,50 bis unter 55 Jahre,m,1987
07336,2025,50 bis unter 55 Jahre,f,2095
07336,2025,10 bis unter 15 Jahre,m,1516
07336,2025,10 bis unter 15 Jahre,f,1468
07336,2025,65 bis unter 70 Jahre,m,2851
07336,2025,65 bis unter 70 Jahre,f,2926
07336,2025,85 bis unter 90 Jahre,m,680
07336,2025,85 bis unter 90 Jahre,f,1199
07336,2025,95 Jahre und mehr,f,117
07336,2025,95 Jahre und mehr,m,50
07336,2025,5 bis unter 10 Jahre,m,1651
07336,2025,5 bis unter 10 Jahre,f,1530
07336,2025,90 bis unter 95 Jahre,f,413
07336,2025,90 bis unter 95 Jahre,m,198
07336,2025,30 bis unter 35 Jahre,m,1963
07336,2025,30 bis unter 35 Jahre,f,1824
09175,2025,70 bis unter 75 Jahre,m,2801
09175,2025,70 bis unter 75 Jahre,f,3165
09175,2025,50 bis unter 55 Jahre,m,4793
09175,2025,50 bis unter 55 Jahre,f,4786
09175,2025,30 bis unter 35 Jahre,m,4276
09175,2025,30 bis unter 35 Jahre,f,3927
09175,2025,65 bis unter 70 Jahre,m,3999
09175,2025,65 bis unter 70 Jahre,f,4117
09175,2025,35 bis unter 40 Jahre,f,4747
09175,2025,35 bis unter 40 Jahre,m,4759
09175,2025,90 bis unter 95 Jahre,m,405
09175,2025,90 bis unter 95 Jahre,f,763
09175,2025,40 bis unter 45 Jahre,f,5159
09175,2025,40 bis unter 45 Jahre,m,4920
09175,2025,85 bis unter 90 Jahre,f,2252
09175,2025,85 bis unter 90 Jahre,m,1574
09175,2025,5 bis unter 10 Jahre,m,3945
09175,2025,5 bis unter 10 Jahre,f,3701
09175,2025,20 bis unter 25 Jahre,f,3360
09175,2025,20 bis unter 25 Jahre,m,3942
09175,2025,10 bis unter 15 Jahre,m,4066
09175,2025,10 bis unter 15 Jahre,f,3746
09175,2025,15 bis unter 20 Jahre,f,3645
09175,2025,15 bis unter 20 Jahre,m,3990
09175,2025,95 Jahre und mehr,m,89
09175,2025,95 Jahre und mehr,f,226
09175,2025,80 bis unter 85 Jahre,m,1995
09175,2025,80 bis unter 85 Jahre,f,2653
09175,2025,60 bis unter 65 Jahre,m,5363
09175,2025,60 bis unter 65 Jahre,f,5463
09175,2025,75 bis unter 80 Jahre,m,2380
09175,2025,75 bis unter 80 Jahre,f,2864
09175,2025,25 bis unter 30 Jahre,f,3550
09175,2025,25 bis unter 30 Jahre,m,4161
09175,2025,unter 5 Jahre,m,3557
09175,2025,unter 5 Jahre,f,3341
09175,2025,55 bis unter 60 Jahre,m,6192
09175,2025,55 bis unter 60 Jahre,f,5928
09175,2025,45 bis unter 50 Jahre,f,5019
09175,2025,45 bis unter 50 Jahre,m,4907
07140,2025,15 bis unter 20 Jahre,f,2293
07140,2025,15 bis unter 20 Jahre,m,2610
07140,2025,unter 5 Jahre,f,2267
07140,2025,unter 5 Jahre,m,2252
07140,2025,70 bis unter 75 Jahre,m,3209
07140,2025,70 bis unter 75 Jahre,f,3479
07140,2025,40 bis unter 45 Jahre,f,3338
07140,2025,40 bis unter 45 Jahre,m,3322
07140,2025,85 bis unter 90 Jahre,m,1046
07140,2025,85 bis unter 90 Jahre,f,1735
07140,2025,55 bis unter 60 Jahre,f,4346
07140,2025,55 bis unter 60 Jahre,m,4276
07140,2025,80 bis unter 85 Jahre,f,1728
07140,2025,80 bis unter 85 Jahre,m,1323
07140,2025,35 bis unter 40 Jahre,m,3625
07140,2025,35 bis unter 40 Jahre,f,3360
07140,2025,30 bis unter 35 Jahre,m,3131
07140,2025,30 bis unter 35 Jahre,f,2898
07140,2025,5 bis unter 10 Jahre,m,2725
07140,2025,5 bis unter 10 Jahre,f,2485
07140,2025,50 bis unter 55 Jahre,f,3244
07140,2025,50 bis unter 55 Jahre,m,3214
07140,2025,25 bis unter 30 Jahre,m,2935
07140,2025,25 bis unter 30 Jahre,f,2432
07140,2025,95 Jahre und mehr,f,191
07140,2025,95 Jahre und mehr,m,68
07140,2025,60 bis unter 65 Jahre,f,4684
07140,2025,60 bis unter 65 Jahre,m,4555
07140,2025,45 bis unter 50 Jahre,f,3140
07140,2025,45 bis unter 50 Jahre,m,3120
07140,2025,65 bis unter 70 Jahre,f,4143
07140,2025,65 bis unter 70 Jahre,m,3930
07140,2025,20 bis unter 25 Jahre,m,2603
07140,2025,20 bis unter 25 Jahre,f,2235
07140,2025,90 bis unter 95 Jahre,f,622
07140,2025,90 bis unter 95 Jahre,m,292
07140,2025,75 bis unter 80 Jahre,m,2282
07140,2025,75 bis unter 80 Jahre,f,2518
07140,2025,10 bis unter 15 Jahre,m,2596
07140,2025,10 bis unter 15 Jahre,f,2474
03356,2025,5 bis unter 10 Jahre,f,2899
03356,2025,5 bis unter 10 Jahre,m,3033
03356,2025,10 bis unter 15 Jahre,f,2729
03356,2025,10 bis unter 15 Jahre,m,2892
03356,2025,25 bis unter 30 Jahre,f,2307
03356,2025,25 bis unter 30 Jahre,m,2525
03356,2025,65 bis unter 70 Jahre,f,4139
03356,2025,65 bis unter 70 Jahre,m,3970
03356,2025,80 bis unter 85 Jahre,m,1777
03356,2025,80 bis unter 85 Jahre,f,2456
03356,2025,unter 5 Jahre,m,2442
03356,2025,unter 5 Jahre,f,2331
03356,2025,20 bis unter 25 Jahre,m,2563
03356,2025,20 bis unter 25 Jahre,f,2212
03356,2025,95 Jahre und mehr,f,148
03356,2025,95 Jahre und mehr,m,51
03356,2025,55 bis unter 60 Jahre,m,4928
03356,2025,55 bis unter 60 Jahre,f,5008
03356,2025,30 bis unter 35 Jahre,f,2923
03356,2025,30 bis unter 35 Jahre,m,2697
03356,2025,75 bis unter 80 Jahre,f,2967
03356,2025,75 bis unter 80 Jahre,m,2529
03356,2025,85 bis unter 90 Jahre,f,1968
03356,2025,85 bis unter 90 Jahre,m,1303
03356,2025,90 bis unter 95 Jahre,m,320
03356,2025,90 bis unter 95 Jahre,f,630
03356,2025,70 bis unter 75 Jahre,m,3003
03356,2025,70 bis unter 75 Jahre,f,3452
03356,2025,40 bis unter 45 Jahre,f,3651
03356,2025,40 bis unter 45 Jahre,m,3492
03356,2025,45 bis unter 50 Jahre,m,3182
03356,2025,45 bis unter 50 Jahre,f,3407
03356,2025,15 bis unter 20 Jahre,f,2628
03356,2025,15 bis unter 20 Jahre,m,2780
03356,2025,35 bis unter 40 Jahre,m,3469
03356,2025,35 bis unter 40 Jahre,f,3553
03356,2025,60 bis unter 65 Jahre,f,4978
03356,2025,60 bis unter 65 Jahre,m,4976
03356,2025,50 bis unter 55 Jahre,f,3602
03356,2025,50 bis unter 55 Jahre,m,3420
08111,2025,unter 5 Jahre,f,12527
08111,2025,unter 5 Jahre,m,13246
08111,2025,35 bis unter 40 Jahre,f,22936
08111,2025,35 bis unter 40 Jahre,m,24588
08111,2025,15 bis unter 20 Jahre,f,13736
08111,2025,15 bis unter 20 Jahre,m,14601
08111,2025,75 bis unter 80 Jahre,f,11324
08111,2025,75 bis unter 80 Jahre,m,9135
08111,2025,55 bis unter 60 Jahre,f,19978
08111,2025,55 bis unter 60 Jahre,m,20594
08111,2025,90 bis unter 95 Jahre,m,1946
08111,2025,90 bis unter 95 Jahre,f,3496
08111,2025,20 bis unter 25 Jahre,f,19660
08111,2025,20 bis unter 25 Jahre,m,19940
08111,2025,65 bis unter 70 Jahre,m,14608
08111,2025,65 bis unter 70 Jahre,f,15365
08111,2025,45 bis unter 50 Jahre,m,19658
08111,2025,45 bis unter 50 Jahre,f,19778
08111,2025,80 bis unter 85 Jahre,f,10320
08111,2025,80 bis unter 85 Jahre,m,7667
08111,2025,70 bis unter 75 Jahre,m,11029
08111,2025,70 bis unter 75 Jahre,f,12860
08111,2025,95 Jahre und mehr,m,406
08111,2025,95 Jahre und mehr,f,1001
08111,2025,10 bis unter 15 Jahre,f,12626
08111,2025,10 bis unter 15 Jahre,m,13425
08111,2025,25 bis unter 30 Jahre,f,25679
08111,2025,25 bis unter 30 Jahre,m,26602
08111,2025,5 bis unter 10 Jahre,f,12928
08111,2025,5 bis unter 10 Jahre,m,13850
08111,2025,85 bis unter 90 Jahre,f,8959
08111,2025,85 bis unter 90 Jahre,m,6041
08111,2025,30 bis unter 35 Jahre,f,25287
08111,2025,30 bis unter 35 Jahre,m,26057
08111,2025,60 bis unter 65 Jahre,m,19265
08111,2025,60 bis unter 65 Jahre,f,18740
08111,2025,40 bis unter 45 Jahre,m,21009
08111,2025,40 bis unter 45 Jahre,f,20786
08111,2025,50 bis unter 55 Jahre,m,19033
08111,2025,50 bis unter 55 Jahre,f,18679
05966,2025,50 bis unter 55 Jahre,m,4062
05966,2025,50 bis unter 55 Jahre,f,4125
05966,2025,85 bis unter 90 Jahre,m,1171
05966,2025,85 bis unter 90 Jahre,f,1995
05966,2025,70 bis unter 75 Jahre,m,3415
05966,2025,70 bis unter 75 Jahre,f,3702
05966,2025,65 bis unter 70 Jahre,m,4485
05966,2025,65 bis unter 70 Jahre,f,4674
05966,2025,30 bis unter 35 Jahre,m,4110
05966,2025,30 bis unter 35 Jahre,f,3749
05966,2025,45 bis unter 50 Jahre,m,3924
05966,2025,45 bis unter 50 Jahre,f,3927
05966,2025,90 bis unter 95 Jahre,f,756
05966,2025,90 bis unter 95 Jahre,m,298
05966,2025,10 bis unter 15 Jahre,m,3279
05966,2025,10 bis unter 15 Jahre,f,3047
05966,2025,95 Jahre und mehr,f,192
05966,2025,95 Jahre und mehr,m,46
05966,2025,40 bis unter 45 Jahre,f,4045
05966,2025,40 bis unter 45 Jahre,m,4198
05966,2025,35 bis unter 40 Jahre,f,4173
05966,2025,35 bis unter 40 Jahre,m,4463
05966,2025,5 bis unter 10 Jahre,m,3233
05966,2025,5 bis unter 10 Jahre,f,3113
05966,2025,15 bis unter 20 Jahre,f,2928
05966,2025,15 bis unter 20 Jahre,m,3339
05966,2025,25 bis unter 30 Jahre,m,3984
05966,2025,25 bis unter 30 Jahre,f,3198
05966,2025,60 bis unter 65 Jahre,f,5707
05966,2025,60 bis unter 65 Jahre,m,5690
05966,2025,75 bis unter 80 Jahre,m,2428
05966,2025,75 bis unter 80 Jahre,f,2681
05966,2025,80 bis unter 85 Jahre,m,1609
05966,2025,80 bis unter 85 Jahre,f,2153
05966,2025,20 bis unter 25 Jahre,m,3473
05966,2025,20 bis unter 25 Jahre,f,2784
05966,2025,55 bis unter 60 Jahre,f,5582
05966,2025,55 bis unter 60 Jahre,m,5673
05966,2025,unter 5 Jahre,f,2877
05966,2025,unter 5 Jahre,m,2977
09676,2025,unter 5 Jahre,f,2627
09676,2025,unter 5 Jahre,m,2820
09676,2025,35 bis unter 40 Jahre,f,3963
09676,2025,35 bis unter 40 Jahre,m,4115
09676,2025,55 bis unter 60 Jahre,f,5347
09676,2025,55 bis unter 60 Jahre,m,5421
09676,2025,40 bis unter 45 Jahre,f,3955
09676,2025,40 bis unter 45 Jahre,m,3894
09676,2025,20 bis unter 25 Jahre,f,2692
09676,2025,20 bis unter 25 Jahre,m,3193
09676,2025,15 bis unter 20 Jahre,f,2819
09676,2025,15 bis unter 20 Jahre,m,3137
09676,2025,80 bis unter 85 Jahre,f,2084
09676,2025,80 bis unter 85 Jahre,m,1574
09676,2025,30 bis unter 35 Jahre,m,3632
09676,2025,30 bis unter 35 Jahre,f,3434
09676,2025,85 bis unter 90 Jahre,m,1334
09676,2025,85 bis unter 90 Jahre,f,2153
09676,2025,95 Jahre und mehr,m,59
09676,2025,95 Jahre und mehr,f,172
09676,2025,50 bis unter 55 Jahre,m,3913
09676,2025,50 bis unter 55 Jahre,f,4119
09676,2025,5 bis unter 10 Jahre,m,3185
09676,2025,5 bis unter 10 Jahre,f,3061
09676,2025,60 bis unter 65 Jahre,f,5428
09676,2025,60 bis unter 65 Jahre,m,5342
09676,2025,25 bis unter 30 Jahre,f,2988
09676,2025,25 bis unter 30 Jahre,m,3618
09676,2025,45 bis unter 50 Jahre,f,3886
09676,2025,45 bis unter 50 Jahre,m,3653
09676,2025,10 bis unter 15 Jahre,f,2967
09676,2025,10 bis unter 15 Jahre,m,3078
09676,2025,65 bis unter 70 Jahre,f,4653
09676,2025,65 bis unter 70 Jahre,m,4502
09676,2025,70 bis unter 75 Jahre,f,3822
09676,2025,70 bis unter 75 Jahre,m,3533
09676,2025,75 bis unter 80 Jahre,m,2544
09676,2025,75 bis unter 80 Jahre,f,2955
09676,2025,90 bis unter 95 Jahre,f,740
09676,2025,90 bis unter 95 Jahre,m,334
01004,2025,65 bis unter 70 Jahre,m,2406
01004,2025,65 bis unter 70 Jahre,f,2595
01004,2025,10 bis unter 15 Jahre,m,1778
01004,2025,10 bis unter 15 Jahre,f,1678
01004,2025,85 bis unter 90 Jahre,m,869
01004,2025,85 bis unter 90 Jahre,f,1399
01004,2025,95 Jahre und mehr,m,49
01004,2025,95 Jahre und mehr,f,136
01004,2025,90 bis unter 95 Jahre,m,216
01004,2025,90 bis unter 95 Jahre,f,525
01004,2025,25 bis unter 30 Jahre,m,2851
01004,2025,25 bis unter 30 Jahre,f,2409
01004,2025,70 bis unter 75 Jahre,f,2255
01004,2025,70 bis unter 75 Jahre,m,1818
01004,2025,50 bis unter 55 Jahre,m,2475
01004,2025,50 bis unter 55 Jahre,f,2422
01004,2025,35 bis unter 40 Jahre,f,2549
01004,2025,35 bis unter 40 Jahre,m,2895
01004,2025,30 bis unter 35 Jahre,f,2301
01004,2025,30 bis unter 35 Jahre,m,2701
01004,2025,5 bis unter 10 Jahre,f,1671
01004,2025,5 bis unter 10 Jahre,m,1834
01004,2025,40 bis unter 45 Jahre,f,2321
01004,2025,40 bis unter 45 Jahre,m,2467
01004,2025,15 bis unter 20 Jahre,f,1900
01004,2025,15 bis unter 20 Jahre,m,2243
01004,2025,20 bis unter 25 Jahre,m,2491
01004,2025,20 bis unter 25 Jahre,f,2056
01004,2025,55 bis unter 60 Jahre,m,3142
01004,2025,55 bis unter 60 Jahre,f,3158
01004,2025,unter 5 Jahre,m,1745
01004,2025,unter 5 Jahre,f,1610
01004,2025,75 bis unter 80 Jahre,m,1519
01004,2025,75 bis unter 80 Jahre,f,1939
01004,2025,80 bis unter 85 Jahre,f,1680
01004,2025,80 bis unter 85 Jahre,m,1151
01004,2025,60 bis unter 65 Jahre,m,3068
01004,2025,60 bis unter 65 Jahre,f,3132
01004,2025,45 bis unter 50 Jahre,f,2328
01004,2025,45 bis unter 50 Jahre,m,2363
08317,2025,75 bis unter 80 Jahre,f,9579
08317,2025,75 bis unter 80 Jahre,m,8235
08317,2025,20 bis unter 25 Jahre,f,10110
08317,2025,20 bis unter 25 Jahre,m,12126
08317,2025,95 Jahre und mehr,m,228
08317,2025,95 Jahre und mehr,f,764
08317,2025,unter 5 Jahre,m,10699
08317,2025,unter 5 Jahre,f,10097
08317,2025,15 bis unter 20 Jahre,m,11367
08317,2025,15 bis unter 20 Jahre,f,10685
08317,2025,60 bis unter 65 Jahre,f,17731
08317,2025,60 bis unter 65 Jahre,m,17976
08317,2025,90 bis unter 95 Jahre,m,1264
08317,2025,90 bis unter 95 Jahre,f,2644
08317,2025,35 bis unter 40 Jahre,f,14476
08317,2025,35 bis unter 40 Jahre,m,15404
08317,2025,80 bis unter 85 Jahre,m,5464
08317,2025,80 bis unter 85 Jahre,f,7315
08317,2025,55 bis unter 60 Jahre,m,17411
08317,2025,55 bis unter 60 Jahre,f,17120
08317,2025,45 bis unter 50 Jahre,m,12910
08317,2025,45 bis unter 50 Jahre,f,13136
08317,2025,70 bis unter 75 Jahre,m,11829
08317,2025,70 bis unter 75 Jahre,f,12967
08317,2025,30 bis unter 35 Jahre,f,12917
08317,2025,30 bis unter 35 Jahre,m,14208
08317,2025,85 bis unter 90 Jahre,f,7246
08317,2025,85 bis unter 90 Jahre,m,4647
08317,2025,10 bis unter 15 Jahre,f,10584
08317,2025,10 bis unter 15 Jahre,m,11131
08317,2025,65 bis unter 70 Jahre,f,15499
08317,2025,65 bis unter 70 Jahre,m,14859
08317,2025,5 bis unter 10 Jahre,m,11593
08317,2025,5 bis unter 10 Jahre,f,11110
08317,2025,50 bis unter 55 Jahre,f,13485
08317,2025,50 bis unter 55 Jahre,m,13200
08317,2025,25 bis unter 30 Jahre,f,11877
08317,2025,25 bis unter 30 Jahre,m,13786
08317,2025,40 bis unter 45 Jahre,m,14344
08317,2025,40 bis unter 45 Jahre,f,13832
03454,2025,50 bis unter 55 Jahre,f,10389
03454,2025,50 bis unter 55 Jahre,m,10892
03454,2025,5 bis unter 10 Jahre,m,9002
03454,2025,5 bis unter 10 Jahre,f,8745
03454,2025,10 bis unter 15 Jahre,f,8140
03454,2025,10 bis unter 15 Jahre,m,8503
03454,2025,30 bis unter 35 Jahre,f,9651
03454,2025,30 bis unter 35 Jahre,m,11120
03454,2025,65 bis unter 70 Jahre,m,10837
03454,2025,65 bis unter 70 Jahre,f,11301
03454,2025,45 bis unter 50 Jahre,f,9829
03454,2025,45 bis unter 50 Jahre,m,10416
03454,2025,70 bis unter 75 Jahre,f,9147
03454,2025,70 bis unter 75 Jahre,m,8642
03454,2025,25 bis unter 30 Jahre,m,10726
03454,2025,25 bis unter 30 Jahre,f,9005
03454,2025,85 bis unter 90 Jahre,f,4443
03454,2025,85 bis unter 90 Jahre,m,2737
03454,2025,40 bis unter 45 Jahre,m,11086
03454,2025,40 bis unter 45 Jahre,f,10271
03454,2025,20 bis unter 25 Jahre,m,9493
03454,2025,20 bis unter 25 Jahre,f,7934
03454,2025,15 bis unter 20 Jahre,f,8181
03454,2025,15 bis unter 20 Jahre,m,8878
03454,2025,95 Jahre und mehr,f,420
03454,2025,95 Jahre und mehr,m,141
03454,2025,60 bis unter 65 Jahre,f,12885
03454,2025,60 bis unter 65 Jahre,m,13116
03454,2025,35 bis unter 40 Jahre,m,12057
03454,2025,35 bis unter 40 Jahre,f,10604
03454,2025,80 bis unter 85 Jahre,f,4882
03454,2025,80 bis unter 85 Jahre,m,3740
03454,2025,75 bis unter 80 Jahre,f,6657
03454,2025,75 bis unter 80 Jahre,m,6069
03454,2025,unter 5 Jahre,m,8190
03454,2025,unter 5 Jahre,f,7818
03454,2025,90 bis unter 95 Jahre,m,691
03454,2025,90 bis unter 95 Jahre,f,1618
03454,2025,55 bis unter 60 Jahre,m,13309
03454,2025,55 bis unter 60 Jahre,f,12838
07138,2025,65 bis unter 70 Jahre,m,6631
07138,2025,65 bis unter 70 Jahre,f,6830
07138,2025,30 bis unter 35 Jahre,m,5639
07138,2025,30 bis unter 35 Jahre,f,5365
07138,2025,45 bis unter 50 Jahre,m,5305
07138,2025,45 bis unter 50 Jahre,f,5427
07138,2025,90 bis unter 95 Jahre,f,1218
07138,2025,90 bis unter 95 Jahre,m,576
07138,2025,25 bis unter 30 Jahre,m,5342
07138,2025,25 bis unter 30 Jahre,f,4742
07138,2025,70 bis unter 75 Jahre,f,5693
07138,2025,70 bis unter 75 Jahre,m,5084
07138,2025,10 bis unter 15 Jahre,m,4732
07138,2025,10 bis unter 15 Jahre,f,4375
07138,2025,5 bis unter 10 Jahre,m,5041
07138,2025,5 bis unter 10 Jahre,f,4779
07138,2025,85 bis unter 90 Jahre,m,1986
07138,2025,85 bis unter 90 Jahre,f,3126
07138,2025,unter 5 Jahre,f,4286
07138,2025,unter 5 Jahre,m,4589
07138,2025,75 bis unter 80 Jahre,f,4369
07138,2025,75 bis unter 80 Jahre,m,3773
07138,2025,20 bis unter 25 Jahre,f,4220
07138,2025,20 bis unter 25 Jahre,m,4742
07138,2025,95 Jahre und mehr,m,117
07138,2025,95 Jahre und mehr,f,351
07138,2025,55 bis unter 60 Jahre,m,7396
07138,2025,55 bis unter 60 Jahre,f,7451
07138,2025,40 bis unter 45 Jahre,m,5824
07138,2025,40 bis unter 45 Jahre,f,5788
07138,2025,60 bis unter 65 Jahre,m,7949
07138,2025,60 bis unter 65 Jahre,f,7974
07138,2025,80 bis unter 85 Jahre,m,2417
07138,2025,80 bis unter 85 Jahre,f,3321
07138,2025,35 bis unter 40 Jahre,m,6408
07138,2025,35 bis unter 40 Jahre,f,6084
07138,2025,15 bis unter 20 Jahre,f,4391
07138,2025,15 bis unter 20 Jahre,m,4700
07138,2025,50 bis unter 55 Jahre,f,5657
07138,2025,50 bis unter 55 Jahre,m,5448
07131,2025,10 bis unter 15 Jahre,m,2853
07131,2025,10 bis unter 15 Jahre,f,2836
07131,2025,45 bis unter 50 Jahre,m,3658
07131,2025,45 bis unter 50 Jahre,f,3689
07131,2025,65 bis unter 70 Jahre,m,4623
07131,2025,65 bis unter 70 Jahre,f,4849
07131,2025,25 bis unter 30 Jahre,m,3590
07131,2025,25 bis unter 30 Jahre,f,3204
07131,2025,70 bis unter 75 Jahre,f,4009
07131,2025,70 bis unter 75 Jahre,m,3820
07131,2025,50 bis unter 55 Jahre,m,3528
07131,2025,50 bis unter 55 Jahre,f,3727
07131,2025,30 bis unter 35 Jahre,m,3913
07131,2025,30 bis unter 35 Jahre,f,3676
07131,2025,90 bis unter 95 Jahre,f,954
07131,2025,90 bis unter 95 Jahre,m,467
07131,2025,85 bis unter 90 Jahre,f,2533
07131,2025,85 bis unter 90 Jahre,m,1621
07131,2025,5 bis unter 10 Jahre,m,3093
07131,2025,5 bis unter 10 Jahre,f,2981
07131,2025,20 bis unter 25 Jahre,f,2705
07131,2025,20 bis unter 25 Jahre,m,2968
07131,2025,15 bis unter 20 Jahre,f,2589
07131,2025,15 bis unter 20 Jahre,m,2865
07131,2025,40 bis unter 45 Jahre,f,3820
07131,2025,40 bis unter 45 Jahre,m,4081
07131,2025,55 bis unter 60 Jahre,m,5186
07131,2025,55 bis unter 60 Jahre,f,5348
07131,2025,unter 5 Jahre,m,2850
07131,2025,unter 5 Jahre,f,2782
07131,2025,75 bis unter 80 Jahre,m,2830
07131,2025,75 bis unter 80 Jahre,f,3311
07131,2025,80 bis unter 85 Jahre,m,1992
07131,2025,80 bis unter 85 Jahre,f,2687
07131,2025,60 bis unter 65 Jahre,f,5677
07131,2025,60 bis unter 65 Jahre,m,5660
07131,2025,95 Jahre und mehr,f,293
07131,2025,95 Jahre und mehr,m,107
07131,2025,35 bis unter 40 Jahre,f,4013
07131,2025,35 bis unter 40 Jahre,m,4375
06431,2025,70 bis unter 75 Jahre,m,7277
06431,2025,70 bis unter 75 Jahre,f,8047
06431,2025,90 bis unter 95 Jahre,m,821
06431,2025,90 bis unter 95 Jahre,f,1610
06431,2025,85 bis unter 90 Jahre,m,2933
06431,2025,85 bis unter 90 Jahre,f,4454
06431,2025,65 bis unter 70 Jahre,m,9355
06431,2025,65 bis unter 70 Jahre,f,9820
06431,2025,50 bis unter 55 Jahre,m,7999
06431,2025,50 bis unter 55 Jahre,f,8653
06431,2025,10 bis unter 15 Jahre,m,6620
06431,2025,10 bis unter 15 Jahre,f,6427
06431,2025,75 bis unter 80 Jahre,f,6838
06431,2025,75 bis unter 80 Jahre,m,5729
06431,2025,55 bis unter 60 Jahre,f,11341
06431,2025,55 bis unter 60 Jahre,m,11197
06431,2025,20 bis unter 25 Jahre,f,5580
06431,2025,20 bis unter 25 Jahre,m,6767
06431,2025,45 bis unter 50 Jahre,m,8176
06431,2025,45 bis unter 50 Jahre,f,8376
06431,2025,unter 5 Jahre,m,6123
06431,2025,unter 5 Jahre,f,5744
06431,2025,80 bis unter 85 Jahre,m,3846
06431,2025,80 bis unter 85 Jahre,f,5011
06431,2025,35 bis unter 40 Jahre,m,8972
06431,2025,35 bis unter 40 Jahre,f,8833
06431,2025,5 bis unter 10 Jahre,f,6698
06431,2025,5 bis unter 10 Jahre,m,6866
06431,2025,30 bis unter 35 Jahre,f,7550
06431,2025,30 bis unter 35 Jahre,m,7947
06431,2025,60 bis unter 65 Jahre,m,11556
06431,2025,60 bis unter 65 Jahre,f,11678
06431,2025,40 bis unter 45 Jahre,f,8856
06431,2025,40 bis unter 45 Jahre,m,8555
06431,2025,15 bis unter 20 Jahre,m,6674
06431,2025,15 bis unter 20 Jahre,f,6100
06431,2025,25 bis unter 30 Jahre,m,7291
06431,2025,25 bis unter 30 Jahre,f,6522
06431,2025,95 Jahre und mehr,m,133
06431,2025,95 Jahre und mehr,f,378
09363,2025,65 bis unter 70 Jahre,f,1475
09363,2025,65 bis unter 70 Jahre,m,1349
09363,2025,10 bis unter 15 Jahre,f,872
09363,2025,10 bis unter 15 Jahre,m,886
09363,2025,85 bis unter 90 Jahre,f,802
09363,2025,85 bis unter 90 Jahre,m,428
09363,2025,30 bis unter 35 Jahre,f,1312
09363,2025,30 bis unter 35 Jahre,m,1566
09363,2025,50 bis unter 55 Jahre,f,1340
09363,2025,50 bis unter 55 Jahre,m,1202
09363,2025,5 bis unter 10 Jahre,m,914
09363,2025,5 bis unter 10 Jahre,f,858
09363,2025,45 bis unter 50 Jahre,f,1241
09363,2025,45 bis unter 50 Jahre,m,1148
09363,2025,70 bis unter 75 Jahre,f,1278
09363,2025,70 bis unter 75 Jahre,m,999
09363,2025,95 Jahre und mehr,m,19
09363,2025,95 Jahre und mehr,f,80
09363,2025,90 bis unter 95 Jahre,f,302
09363,2025,90 bis unter 95 Jahre,m,96
09363,2025,80 bis unter 85 Jahre,m,570
09363,2025,80 bis unter 85 Jahre,f,814
09363,2025,75 bis unter 80 Jahre,m,796
09363,2025,75 bis unter 80 Jahre,f,1117
09363,2025,unter 5 Jahre,m,907
09363,2025,unter 5 Jahre,f,914
09363,2025,55 bis unter 60 Jahre,m,1641
09363,2025,55 bis unter 60 Jahre,f,1631
09363,2025,20 bis unter 25 Jahre,f,1169
09363,2025,20 bis unter 25 Jahre,m,1280
09363,2025,35 bis unter 40 Jahre,m,1453
09363,2025,35 bis unter 40 Jahre,f,1262
09363,2025,15 bis unter 20 Jahre,f,925
09363,2025,15 bis unter 20 Jahre,m,1031
09363,2025,40 bis unter 45 Jahre,f,1289
09363,2025,40 bis unter 45 Jahre,m,1223
09363,2025,60 bis unter 65 Jahre,m,1605
09363,2025,60 bis unter 65 Jahre,f,1736
09363,2025,25 bis unter 30 Jahre,m,1560
09363,2025,25 bis unter 30 Jahre,f,1363
05111,2025,25 bis unter 30 Jahre,f,25750
05111,2025,25 bis unter 30 Jahre,m,23476
05111,2025,65 bis unter 70 Jahre,f,17087
05111,2025,65 bis unter 70 Jahre,m,15491
05111,2025,45 bis unter 50 Jahre,f,20629
05111,2025,45 bis unter 50 Jahre,m,19327
05111,2025,80 bis unter 85 Jahre,m,6867
05111,2025,80 bis unter 85 Jahre,f,10651
05111,2025,60 bis unter 65 Jahre,m,20857
05111,2025,60 bis unter 65 Jahre,f,20807
05111,2025,30 bis unter 35 Jahre,f,27033
05111,2025,30 bis unter 35 Jahre,m,26103
05111,2025,5 bis unter 10 Jahre,f,12894
05111,2025,5 bis unter 10 Jahre,m,13993
05111,2025,20 bis unter 25 Jahre,m,15986
05111,2025,20 bis unter 25 Jahre,f,17467
05111,2025,10 bis unter 15 Jahre,m,13988
05111,2025,10 bis unter 15 Jahre,f,12910
05111,2025,55 bis unter 60 Jahre,m,22858
05111,2025,55 bis unter 60 Jahre,f,22145
05111,2025,90 bis unter 95 Jahre,f,3395
05111,2025,90 bis unter 95 Jahre,m,1592
05111,2025,75 bis unter 80 Jahre,m,9113
05111,2025,75 bis unter 80 Jahre,f,12545
05111,2025,85 bis unter 90 Jahre,f,9352
05111,2025,85 bis unter 90 Jahre,m,5346
05111,2025,unter 5 Jahre,m,13661
05111,2025,unter 5 Jahre,f,12678
05111,2025,35 bis unter 40 Jahre,f,24916
05111,2025,35 bis unter 40 Jahre,m,24514
05111,2025,15 bis unter 20 Jahre,f,12811
05111,2025,15 bis unter 20 Jahre,m,14425
05111,2025,40 bis unter 45 Jahre,f,22155
05111,2025,40 bis unter 45 Jahre,m,21279
05111,2025,70 bis unter 75 Jahre,m,11378
05111,2025,70 bis unter 75 Jahre,f,14409
05111,2025,95 Jahre und mehr,m,294
05111,2025,95 Jahre und mehr,f,1050
05111,2025,50 bis unter 55 Jahre,f,19310
05111,2025,50 bis unter 55 Jahre,m,18902
05113,2025,5 bis unter 10 Jahre,m,14640
05113,2025,5 bis unter 10 Jahre,f,13788
05113,2025,50 bis unter 55 Jahre,f,16868
05113,2025,50 bis unter 55 Jahre,m,16360
05113,2025,30 bis unter 35 Jahre,f,20239
05113,2025,30 bis unter 35 Jahre,m,20945
05113,2025,10 bis unter 15 Jahre,f,12958
05113,2025,10 bis unter 15 Jahre,m,13961
05113,2025,25 bis unter 30 Jahre,f,18714
05113,2025,25 bis unter 30 Jahre,m,19839
05113,2025,65 bis unter 70 Jahre,f,18750
05113,2025,65 bis unter 70 Jahre,m,16776
05113,2025,90 bis unter 95 Jahre,f,3864
05113,2025,90 bis unter 95 Jahre,m,1632
05113,2025,45 bis unter 50 Jahre,m,16436
05113,2025,45 bis unter 50 Jahre,f,17014
05113,2025,95 Jahre und mehr,f,1069
05113,2025,95 Jahre und mehr,m,362
05113,2025,80 bis unter 85 Jahre,m,7362
05113,2025,80 bis unter 85 Jahre,f,10433
05113,2025,85 bis unter 90 Jahre,m,5338
05113,2025,85 bis unter 90 Jahre,f,9560
05113,2025,75 bis unter 80 Jahre,m,9942
05113,2025,75 bis unter 80 Jahre,f,12978
05113,2025,unter 5 Jahre,m,13484
05113,2025,unter 5 Jahre,f,12817
05113,2025,20 bis unter 25 Jahre,f,15371
05113,2025,20 bis unter 25 Jahre,m,15650
05113,2025,15 bis unter 20 Jahre,m,14092
05113,2025,15 bis unter 20 Jahre,f,12927
05113,2025,60 bis unter 65 Jahre,f,21124
05113,2025,60 bis unter 65 Jahre,m,20110
05113,2025,40 bis unter 45 Jahre,f,18546
05113,2025,40 bis unter 45 Jahre,m,18304
05113,2025,35 bis unter 40 Jahre,m,20719
05113,2025,35 bis unter 40 Jahre,f,20140
05113,2025,55 bis unter 60 Jahre,f,21144
05113,2025,55 bis unter 60 Jahre,m,20558
05113,2025,70 bis unter 75 Jahre,m,13127
05113,2025,70 bis unter 75 Jahre,f,15677
07316,2025,25 bis unter 30 Jahre,m,1382
07316,2025,25 bis unter 30 Jahre,f,1364
07316,2025,70 bis unter 75 Jahre,f,1714
07316,2025,70 bis unter 75 Jahre,m,1502
07316,2025,50 bis unter 55 Jahre,f,1487
07316,2025,50 bis unter 55 Jahre,m,1389
07316,2025,5 bis unter 10 Jahre,m,1396
07316,2025,5 bis unter 10 Jahre,f,1245
07316,2025,10 bis unter 15 Jahre,m,1255
07316,2025,10 bis unter 15 Jahre,f,1143
07316,2025,85 bis unter 90 Jahre,f,1041
07316,2025,85 bis unter 90 Jahre,m,640
07316,2025,90 bis unter 95 Jahre,f,404
07316,2025,90 bis unter 95 Jahre,m,208
07316,2025,30 bis unter 35 Jahre,m,1501
07316,2025,30 bis unter 35 Jahre,f,1529
07316,2025,45 bis unter 50 Jahre,m,1341
07316,2025,45 bis unter 50 Jahre,f,1481
07316,2025,80 bis unter 85 Jahre,m,778
07316,2025,80 bis unter 85 Jahre,f,1085
07316,2025,unter 5 Jahre,f,1073
07316,2025,unter 5 Jahre,m,1263
07316,2025,65 bis unter 70 Jahre,f,2074
07316,2025,65 bis unter 70 Jahre,m,1909
07316,2025,55 bis unter 60 Jahre,m,1935
07316,2025,55 bis unter 60 Jahre,f,2136
07316,2025,75 bis unter 80 Jahre,f,1362
07316,2025,75 bis unter 80 Jahre,m,1089
07316,2025,15 bis unter 20 Jahre,m,1320
07316,2025,15 bis unter 20 Jahre,f,1110
07316,2025,60 bis unter 65 Jahre,f,2327
07316,2025,60 bis unter 65 Jahre,m,2172
07316,2025,40 bis unter 45 Jahre,f,1665
07316,2025,40 bis unter 45 Jahre,m,1612
07316,2025,20 bis unter 25 Jahre,f,1163
07316,2025,20 bis unter 25 Jahre,m,1202
07316,2025,95 Jahre und mehr,f,114
07316,2025,95 Jahre und mehr,m,35
07316,2025,35 bis unter 40 Jahre,m,1752
07316,2025,35 bis unter 40 Jahre,f,1684
08119,2025,85 bis unter 90 Jahre,f,7478
08119,2025,85 bis unter 90 Jahre,m,4795
08119,2025,30 bis unter 35 Jahre,f,13022
08119,2025,30 bis unter 35 Jahre,m,13960
08119,2025,95 Jahre und mehr,m,244
08119,2025,95 Jahre und mehr,f,699
08119,2025,5 bis unter 10 Jahre,m,11480
08119,2025,5 bis unter 10 Jahre,f,10954
08119,2025,50 bis unter 55 Jahre,f,13785
08119,2025,50 bis unter 55 Jahre,m,13579
08119,2025,70 bis unter 75 Jahre,f,11672
08119,2025,70 bis unter 75 Jahre,m,10135
08119,2025,25 bis unter 30 Jahre,m,12906
08119,2025,25 bis unter 30 Jahre,f,11791
08119,2025,65 bis unter 70 Jahre,f,14298
08119,2025,65 bis unter 70 Jahre,m,13570
08119,2025,90 bis unter 95 Jahre,f,2719
08119,2025,90 bis unter 95 Jahre,m,1560
08119,2025,10 bis unter 15 Jahre,f,10537
08119,2025,10 bis unter 15 Jahre,m,10622
08119,2025,15 bis unter 20 Jahre,f,10157
08119,2025,15 bis unter 20 Jahre,m,10888
08119,2025,20 bis unter 25 Jahre,m,11594
08119,2025,20 bis unter 25 Jahre,f,10152
08119,2025,75 bis unter 80 Jahre,m,7880
08119,2025,75 bis unter 80 Jahre,f,9748
08119,2025,40 bis unter 45 Jahre,f,13769
08119,2025,40 bis unter 45 Jahre,m,14037
08119,2025,unter 5 Jahre,f,9941
08119,2025,unter 5 Jahre,m,10275
08119,2025,55 bis unter 60 Jahre,m,17427
08119,2025,55 bis unter 60 Jahre,f,17397
08119,2025,35 bis unter 40 Jahre,f,14275
08119,2025,35 bis unter 40 Jahre,m,14967
08119,2025,60 bis unter 65 Jahre,f,17540
08119,2025,60 bis unter 65 Jahre,m,17696
08119,2025,80 bis unter 85 Jahre,m,6277
08119,2025,80 bis unter 85 Jahre,f,8258
08119,2025,45 bis unter 50 Jahre,m,13319
08119,2025,45 bis unter 50 Jahre,f,13470
09563,2025,35 bis unter 40 Jahre,m,5259
09563,2025,35 bis unter 40 Jahre,f,4847
09563,2025,80 bis unter 85 Jahre,f,2140
09563,2025,80 bis unter 85 Jahre,m,1523
09563,2025,20 bis unter 25 Jahre,m,3396
09563,2025,20 bis unter 25 Jahre,f,3180
09563,2025,60 bis unter 65 Jahre,f,5008
09563,2025,60 bis unter 65 Jahre,m,4848
09563,2025,15 bis unter 20 Jahre,m,3040
09563,2025,15 bis unter 20 Jahre,f,2658
09563,2025,unter 5 Jahre,m,2990
09563,2025,unter 5 Jahre,f,2793
09563,2025,40 bis unter 45 Jahre,f,4605
09563,2025,40 bis unter 45 Jahre,m,4798
09563,2025,75 bis unter 80 Jahre,f,2720
09563,2025,75 bis unter 80 Jahre,m,2029
09563,2025,55 bis unter 60 Jahre,m,4816
09563,2025,55 bis unter 60 Jahre,f,5057
09563,2025,70 bis unter 75 Jahre,m,2739
09563,2025,70 bis unter 75 Jahre,f,3415
09563,2025,50 bis unter 55 Jahre,m,4097
09563,2025,50 bis unter 55 Jahre,f,4212
09563,2025,45 bis unter 50 Jahre,f,4431
09563,2025,45 bis unter 50 Jahre,m,4339
09563,2025,90 bis unter 95 Jahre,f,646
09563,2025,90 bis unter 95 Jahre,m,248
09563,2025,25 bis unter 30 Jahre,m,4668
09563,2025,25 bis unter 30 Jahre,f,4307
09563,2025,65 bis unter 70 Jahre,m,3759
09563,2025,65 bis unter 70 Jahre,f,4193
09563,2025,95 Jahre und mehr,f,167
09563,2025,95 Jahre und mehr,m,48
09563,2025,85 bis unter 90 Jahre,f,1810
09563,2025,85 bis unter 90 Jahre,m,1013
09563,2025,10 bis unter 15 Jahre,f,2835
09563,2025,10 bis unter 15 Jahre,m,2941
09563,2025,30 bis unter 35 Jahre,m,5114
09563,2025,30 bis unter 35 Jahre,f,4461
09563,2025,5 bis unter 10 Jahre,m,3124
09563,2025,5 bis unter 10 Jahre,f,3070
09274,2025,85 bis unter 90 Jahre,f,2128
09274,2025,85 bis unter 90 Jahre,m,1353
09274,2025,30 bis unter 35 Jahre,f,4468
09274,2025,30 bis unter 35 Jahre,m,4994
09274,2025,65 bis unter 70 Jahre,f,5388
09274,2025,65 bis unter 70 Jahre,m,5296
09274,2025,95 Jahre und mehr,f,161
09274,2025,95 Jahre und mehr,m,57
09274,2025,10 bis unter 15 Jahre,f,3969
09274,2025,10 bis unter 15 Jahre,m,4136
09274,2025,70 bis unter 75 Jahre,f,4282
09274,2025,70 bis unter 75 Jahre,m,4022
09274,2025,25 bis unter 30 Jahre,m,4715
09274,2025,25 bis unter 30 Jahre,f,3970
09274,2025,5 bis unter 10 Jahre,m,4471
09274,2025,5 bis unter 10 Jahre,f,4262
09274,2025,45 bis unter 50 Jahre,f,5184
09274,2025,45 bis unter 50 Jahre,m,5325
09274,2025,50 bis unter 55 Jahre,f,5311
09274,2025,50 bis unter 55 Jahre,m,5274
09274,2025,90 bis unter 95 Jahre,f,697
09274,2025,90 bis unter 95 Jahre,m,317
09274,2025,75 bis unter 80 Jahre,m,3050
09274,2025,75 bis unter 80 Jahre,f,3346
09274,2025,80 bis unter 85 Jahre,m,1951
09274,2025,80 bis unter 85 Jahre,f,2372
09274,2025,55 bis unter 60 Jahre,m,6715
09274,2025,55 bis unter 60 Jahre,f,6450
09274,2025,unter 5 Jahre,m,4034
09274,2025,unter 5 Jahre,f,3859
09274,2025,40 bis unter 45 Jahre,f,5481
09274,2025,40 bis unter 45 Jahre,m,5495
09274,2025,20 bis unter 25 Jahre,f,3647
09274,2025,20 bis unter 25 Jahre,m,4261
09274,2025,15 bis unter 20 Jahre,f,3926
09274,2025,15 bis unter 20 Jahre,m,4131
09274,2025,35 bis unter 40 Jahre,m,5641
09274,2025,35 bis unter 40 Jahre,f,5391
09274,2025,60 bis unter 65 Jahre,m,6576
09274,2025,60 bis unter 65 Jahre,f,6518
08221,2025,40 bis unter 45 Jahre,f,4945
08221,2025,40 bis unter 45 Jahre,m,4665
08221,2025,75 bis unter 80 Jahre,f,2722
08221,2025,75 bis unter 80 Jahre,m,2184
08221,2025,20 bis unter 25 Jahre,f,10223
08221,2025,20 bis unter 25 Jahre,m,7792
08221,2025,95 Jahre und mehr,f,178
08221,2025,95 Jahre und mehr,m,85
08221,2025,unter 5 Jahre,f,3005
08221,2025,unter 5 Jahre,m,3166
08221,2025,15 bis unter 20 Jahre,f,3997
08221,2025,15 bis unter 20 Jahre,m,3878
08221,2025,35 bis unter 40 Jahre,m,5571
08221,2025,35 bis unter 40 Jahre,f,5517
08221,2025,80 bis unter 85 Jahre,f,2244
08221,2025,80 bis unter 85 Jahre,m,1710
08221,2025,55 bis unter 60 Jahre,f,4373
08221,2025,55 bis unter 60 Jahre,m,4347
08221,2025,10 bis unter 15 Jahre,f,3067
08221,2025,10 bis unter 15 Jahre,m,3142
08221,2025,90 bis unter 95 Jahre,m,367
08221,2025,90 bis unter 95 Jahre,f,667
08221,2025,65 bis unter 70 Jahre,m,3394
08221,2025,65 bis unter 70 Jahre,f,3766
08221,2025,85 bis unter 90 Jahre,f,1843
08221,2025,85 bis unter 90 Jahre,m,1184
08221,2025,30 bis unter 35 Jahre,f,6805
08221,2025,30 bis unter 35 Jahre,m,7026
08221,2025,25 bis unter 30 Jahre,m,8370
08221,2025,25 bis unter 30 Jahre,f,8893
08221,2025,70 bis unter 75 Jahre,f,3263
08221,2025,70 bis unter 75 Jahre,m,2733
08221,2025,5 bis unter 10 Jahre,m,3246
08221,2025,5 bis unter 10 Jahre,f,3226
08221,2025,45 bis unter 50 Jahre,f,4351
08221,2025,45 bis unter 50 Jahre,m,3977
08221,2025,50 bis unter 55 Jahre,f,3931
08221,2025,50 bis unter 55 Jahre,m,3724
08221,2025,60 bis unter 65 Jahre,m,4040
08221,2025,60 bis unter 65 Jahre,f,4475
09474,2025,55 bis unter 60 Jahre,m,4628
09474,2025,55 bis unter 60 Jahre,f,4741
09474,2025,unter 5 Jahre,m,2693
09474,2025,unter 5 Jahre,f,2596
09474,2025,75 bis unter 80 Jahre,m,2277
09474,2025,75 bis unter 80 Jahre,f,2632
09474,2025,20 bis unter 25 Jahre,m,2875
09474,2025,20 bis unter 25 Jahre,f,2437
09474,2025,80 bis unter 85 Jahre,m,1460
09474,2025,80 bis unter 85 Jahre,f,1783
09474,2025,15 bis unter 20 Jahre,m,2745
09474,2025,15 bis unter 20 Jahre,f,2775
09474,2025,60 bis unter 65 Jahre,f,5146
09474,2025,60 bis unter 65 Jahre,m,5122
09474,2025,40 bis unter 45 Jahre,m,3767
09474,2025,40 bis unter 45 Jahre,f,3936
09474,2025,35 bis unter 40 Jahre,f,3736
09474,2025,35 bis unter 40 Jahre,m,3928
09474,2025,45 bis unter 50 Jahre,f,3632
09474,2025,45 bis unter 50 Jahre,m,3724
09474,2025,70 bis unter 75 Jahre,m,3111
09474,2025,70 bis unter 75 Jahre,f,3374
09474,2025,10 bis unter 15 Jahre,m,2900
09474,2025,10 bis unter 15 Jahre,f,2827
09474,2025,65 bis unter 70 Jahre,m,4299
09474,2025,65 bis unter 70 Jahre,f,4365
09474,2025,30 bis unter 35 Jahre,m,3376
09474,2025,30 bis unter 35 Jahre,f,3059
09474,2025,25 bis unter 30 Jahre,m,3076
09474,2025,25 bis unter 30 Jahre,f,2593
09474,2025,95 Jahre und mehr,m,34
09474,2025,95 Jahre und mehr,f,137
09474,2025,90 bis unter 95 Jahre,f,619
09474,2025,90 bis unter 95 Jahre,m,310
09474,2025,50 bis unter 55 Jahre,m,3485
09474,2025,50 bis unter 55 Jahre,f,3584
09474,2025,5 bis unter 10 Jahre,m,3028
09474,2025,5 bis unter 10 Jahre,f,2958
09474,2025,85 bis unter 90 Jahre,f,1752
09474,2025,85 bis unter 90 Jahre,m,1082
03158,2025,15 bis unter 20 Jahre,f,2519
03158,2025,15 bis unter 20 Jahre,m,2828
03158,2025,unter 5 Jahre,f,2293
03158,2025,unter 5 Jahre,m,2541
03158,2025,70 bis unter 75 Jahre,m,3196
03158,2025,70 bis unter 75 Jahre,f,3524
03158,2025,40 bis unter 45 Jahre,f,3472
03158,2025,40 bis unter 45 Jahre,m,3501
03158,2025,55 bis unter 60 Jahre,f,5235
03158,2025,55 bis unter 60 Jahre,m,5120
03158,2025,85 bis unter 90 Jahre,m,1465
03158,2025,85 bis unter 90 Jahre,f,2212
03158,2025,35 bis unter 40 Jahre,m,3803
03158,2025,35 bis unter 40 Jahre,f,3664
03158,2025,80 bis unter 85 Jahre,f,2456
03158,2025,80 bis unter 85 Jahre,m,1869
03158,2025,30 bis unter 35 Jahre,m,3254
03158,2025,30 bis unter 35 Jahre,f,3103
03158,2025,5 bis unter 10 Jahre,m,3000
03158,2025,5 bis unter 10 Jahre,f,2809
03158,2025,50 bis unter 55 Jahre,f,3750
03158,2025,50 bis unter 55 Jahre,m,3498
03158,2025,25 bis unter 30 Jahre,m,3062
03158,2025,25 bis unter 30 Jahre,f,2651
03158,2025,60 bis unter 65 Jahre,f,5070
03158,2025,60 bis unter 65 Jahre,m,5123
03158,2025,45 bis unter 50 Jahre,f,3553
03158,2025,45 bis unter 50 Jahre,m,3383
03158,2025,65 bis unter 70 Jahre,f,4352
03158,2025,65 bis unter 70 Jahre,m,4151
03158,2025,95 Jahre und mehr,f,225
03158,2025,95 Jahre und mehr,m,76
03158,2025,20 bis unter 25 Jahre,m,2921
03158,2025,20 bis unter 25 Jahre,f,2299
03158,2025,90 bis unter 95 Jahre,f,766
03158,2025,90 bis unter 95 Jahre,m,356
03158,2025,10 bis unter 15 Jahre,m,2716
03158,2025,10 bis unter 15 Jahre,f,2564
03158,2025,75 bis unter 80 Jahre,m,2530
03158,2025,75 bis unter 80 Jahre,f,2934
01053,2025,40 bis unter 45 Jahre,f,7007
01053,2025,40 bis unter 45 Jahre,m,6759
01053,2025,75 bis unter 80 Jahre,f,4792
01053,2025,75 bis unter 80 Jahre,m,3917
01053,2025,20 bis unter 25 Jahre,f,4326
01053,2025,20 bis unter 25 Jahre,m,4845
01053,2025,60 bis unter 65 Jahre,f,8604
01053,2025,60 bis unter 65 Jahre,m,8486
01053,2025,35 bis unter 40 Jahre,f,6883
01053,2025,35 bis unter 40 Jahre,m,6821
01053,2025,55 bis unter 60 Jahre,f,8680
01053,2025,55 bis unter 60 Jahre,m,8539
01053,2025,15 bis unter 20 Jahre,m,5404
01053,2025,15 bis unter 20 Jahre,f,4927
01053,2025,unter 5 Jahre,m,4493
01053,2025,unter 5 Jahre,f,4289
01053,2025,80 bis unter 85 Jahre,f,4192
01053,2025,80 bis unter 85 Jahre,m,3091
01053,2025,70 bis unter 75 Jahre,m,5106
01053,2025,70 bis unter 75 Jahre,f,5535
01053,2025,65 bis unter 70 Jahre,m,6564
01053,2025,65 bis unter 70 Jahre,f,7098
01053,2025,90 bis unter 95 Jahre,m,649
01053,2025,90 bis unter 95 Jahre,f,1415
01053,2025,45 bis unter 50 Jahre,m,6366
01053,2025,45 bis unter 50 Jahre,f,6694
01053,2025,85 bis unter 90 Jahre,f,3797
01053,2025,85 bis unter 90 Jahre,m,2274
01053,2025,30 bis unter 35 Jahre,f,5442
01053,2025,30 bis unter 35 Jahre,m,5493
01053,2025,10 bis unter 15 Jahre,f,5023
01053,2025,10 bis unter 15 Jahre,m,5329
01053,2025,5 bis unter 10 Jahre,f,5316
01053,2025,5 bis unter 10 Jahre,m,5571
01053,2025,95 Jahre und mehr,f,378
01053,2025,95 Jahre und mehr,m,117
01053,2025,25 bis unter 30 Jahre,m,4975
01053,2025,25 bis unter 30 Jahre,f,4423
01053,2025,50 bis unter 55 Jahre,m,6253
01053,2025,50 bis unter 55 Jahre,f,6619
09574,2025,65 bis unter 70 Jahre,f,6065
09574,2025,65 bis unter 70 Jahre,m,5650
09574,2025,30 bis unter 35 Jahre,f,4501
09574,2025,30 bis unter 35 Jahre,m,4663
09574,2025,10 bis unter 15 Jahre,f,3825
09574,2025,10 bis unter 15 Jahre,m,4340
09574,2025,25 bis unter 30 Jahre,f,3574
09574,2025,25 bis unter 30 Jahre,m,4047
09574,2025,5 bis unter 10 Jahre,m,4494
09574,2025,5 bis unter 10 Jahre,f,4191
09574,2025,45 bis unter 50 Jahre,f,5408
09574,2025,45 bis unter 50 Jahre,m,5248
09574,2025,50 bis unter 55 Jahre,f,5369
09574,2025,50 bis unter 55 Jahre,m,5119
09574,2025,90 bis unter 95 Jahre,f,985
09574,2025,90 bis unter 95 Jahre,m,476
09574,2025,85 bis unter 90 Jahre,m,1841
09574,2025,85 bis unter 90 Jahre,f,2819
09574,2025,55 bis unter 60 Jahre,m,7002
09574,2025,55 bis unter 60 Jahre,f,7085
09574,2025,75 bis unter 80 Jahre,m,3346
09574,2025,75 bis unter 80 Jahre,f,4127
09574,2025,80 bis unter 85 Jahre,m,2484
09574,2025,80 bis unter 85 Jahre,f,3380
09574,2025,95 Jahre und mehr,f,238
09574,2025,95 Jahre und mehr,m,77
09574,2025,unter 5 Jahre,m,3685
09574,2025,unter 5 Jahre,f,3455
09574,2025,20 bis unter 25 Jahre,f,3288
09574,2025,20 bis unter 25 Jahre,m,3925
09574,2025,15 bis unter 20 Jahre,f,3587
09574,2025,15 bis unter 20 Jahre,m,4117
09574,2025,35 bis unter 40 Jahre,m,5383
09574,2025,35 bis unter 40 Jahre,f,5670
09574,2025,40 bis unter 45 Jahre,f,5906
09574,2025,40 bis unter 45 Jahre,m,5526
09574,2025,70 bis unter 75 Jahre,m,4264
09574,2025,70 bis unter 75 Jahre,f,5016
09574,2025,60 bis unter 65 Jahre,m,6980
09574,2025,60 bis unter 65 Jahre,f,7126
07332,2025,15 bis unter 20 Jahre,f,2818
07332,2025,15 bis unter 20 Jahre,m,3060
07332,2025,90 bis unter 95 Jahre,m,437
07332,2025,90 bis unter 95 Jahre,f,816
07332,2025,35 bis unter 40 Jahre,f,4186
07332,2025,35 bis unter 40 Jahre,m,4275
07332,2025,70 bis unter 75 Jahre,m,3970
07332,2025,70 bis unter 75 Jahre,f,4401
07332,2025,50 bis unter 55 Jahre,m,3909
07332,2025,50 bis unter 55 Jahre,f,4153
07332,2025,20 bis unter 25 Jahre,f,2334
07332,2025,20 bis unter 25 Jahre,m,2691
07332,2025,85 bis unter 90 Jahre,m,1553
07332,2025,85 bis unter 90 Jahre,f,2355
07332,2025,55 bis unter 60 Jahre,f,5755
07332,2025,55 bis unter 60 Jahre,m,5727
07332,2025,95 Jahre und mehr,f,230
07332,2025,95 Jahre und mehr,m,94
07332,2025,25 bis unter 30 Jahre,m,3018
07332,2025,25 bis unter 30 Jahre,f,2826
07332,2025,60 bis unter 65 Jahre,f,6125
07332,2025,60 bis unter 65 Jahre,m,6172
07332,2025,40 bis unter 45 Jahre,f,4141
07332,2025,40 bis unter 45 Jahre,m,4062
07332,2025,30 bis unter 35 Jahre,m,3476
07332,2025,30 bis unter 35 Jahre,f,3497
07332,2025,5 bis unter 10 Jahre,m,3244
07332,2025,5 bis unter 10 Jahre,f,3233
07332,2025,45 bis unter 50 Jahre,f,3974
07332,2025,45 bis unter 50 Jahre,m,3871
07332,2025,75 bis unter 80 Jahre,m,3009
07332,2025,75 bis unter 80 Jahre,f,3539
07332,2025,80 bis unter 85 Jahre,f,2769
07332,2025,80 bis unter 85 Jahre,m,2142
07332,2025,unter 5 Jahre,m,2795
07332,2025,unter 5 Jahre,f,2694
07332,2025,10 bis unter 15 Jahre,m,2985
07332,2025,10 bis unter 15 Jahre,f,2948
07332,2025,65 bis unter 70 Jahre,m,5173
07332,2025,65 bis unter 70 Jahre,f,5406
03358,2025,85 bis unter 90 Jahre,f,2546
03358,2025,85 bis unter 90 Jahre,m,1503
03358,2025,30 bis unter 35 Jahre,f,3793
03358,2025,30 bis unter 35 Jahre,m,4195
03358,2025,65 bis unter 70 Jahre,f,5143
03358,2025,65 bis unter 70 Jahre,m,4835
03358,2025,95 Jahre und mehr,m,70
03358,2025,95 Jahre und mehr,f,259
03358,2025,10 bis unter 15 Jahre,f,3131
03358,2025,10 bis unter 15 Jahre,m,3475
03358,2025,90 bis unter 95 Jahre,f,896
03358,2025,90 bis unter 95 Jahre,m,384
03358,2025,25 bis unter 30 Jahre,f,3478
03358,2025,25 bis unter 30 Jahre,m,4039
03358,2025,45 bis unter 50 Jahre,m,4072
03358,2025,45 bis unter 50 Jahre,f,4239
03358,2025,50 bis unter 55 Jahre,f,4229
03358,2025,50 bis unter 55 Jahre,m,4273
03358,2025,5 bis unter 10 Jahre,m,3460
03358,2025,5 bis unter 10 Jahre,f,3317
03358,2025,80 bis unter 85 Jahre,m,2096
03358,2025,80 bis unter 85 Jahre,f,2691
03358,2025,20 bis unter 25 Jahre,m,3681
03358,2025,20 bis unter 25 Jahre,f,3024
03358,2025,75 bis unter 80 Jahre,m,2826
03358,2025,75 bis unter 80 Jahre,f,3261
03358,2025,15 bis unter 20 Jahre,m,3644
03358,2025,15 bis unter 20 Jahre,f,3355
03358,2025,60 bis unter 65 Jahre,f,6163
03358,2025,60 bis unter 65 Jahre,m,6005
03358,2025,55 bis unter 60 Jahre,f,5860
03358,2025,55 bis unter 60 Jahre,m,5817
03358,2025,40 bis unter 45 Jahre,f,4296
03358,2025,40 bis unter 45 Jahre,m,4345
03358,2025,35 bis unter 40 Jahre,f,4428
03358,2025,35 bis unter 40 Jahre,m,4677
03358,2025,unter 5 Jahre,m,3081
03358,2025,unter 5 Jahre,f,3002
03358,2025,70 bis unter 75 Jahre,m,3774
03358,2025,70 bis unter 75 Jahre,f,4110
01002,2025,85 bis unter 90 Jahre,f,3695
01002,2025,85 bis unter 90 Jahre,m,2357
01002,2025,30 bis unter 35 Jahre,f,9707
01002,2025,30 bis unter 35 Jahre,m,10907
01002,2025,45 bis unter 50 Jahre,f,6971
01002,2025,45 bis unter 50 Jahre,m,6778
01002,2025,50 bis unter 55 Jahre,f,6968
01002,2025,50 bis unter 55 Jahre,m,6742
01002,2025,65 bis unter 70 Jahre,f,7265
01002,2025,65 bis unter 70 Jahre,m,6372
01002,2025,5 bis unter 10 Jahre,m,5269
01002,2025,5 bis unter 10 Jahre,f,5056
01002,2025,25 bis unter 30 Jahre,m,12377
01002,2025,25 bis unter 30 Jahre,f,12265
01002,2025,70 bis unter 75 Jahre,f,5966
01002,2025,70 bis unter 75 Jahre,m,4953
01002,2025,10 bis unter 15 Jahre,f,4942
01002,2025,10 bis unter 15 Jahre,m,5151
01002,2025,95 Jahre und mehr,m,109
01002,2025,95 Jahre und mehr,f,443
01002,2025,75 bis unter 80 Jahre,m,4034
01002,2025,75 bis unter 80 Jahre,f,5064
01002,2025,15 bis unter 20 Jahre,f,5574
01002,2025,15 bis unter 20 Jahre,m,5637
01002,2025,20 bis unter 25 Jahre,m,9492
01002,2025,20 bis unter 25 Jahre,f,10796
01002,2025,40 bis unter 45 Jahre,f,7538
01002,2025,40 bis unter 45 Jahre,m,7723
01002,2025,unter 5 Jahre,f,4813
01002,2025,unter 5 Jahre,m,5008
01002,2025,35 bis unter 40 Jahre,f,8527
01002,2025,35 bis unter 40 Jahre,m,9673
01002,2025,55 bis unter 60 Jahre,m,8760
01002,2025,55 bis unter 60 Jahre,f,8696
01002,2025,60 bis unter 65 Jahre,f,8576
01002,2025,60 bis unter 65 Jahre,m,8005
01002,2025,90 bis unter 95 Jahre,m,616
01002,2025,90 bis unter 95 Jahre,f,1427
01002,2025,80 bis unter 85 Jahre,m,3123
01002,2025,80 bis unter 85 Jahre,f,4467
09663,2025,45 bis unter 50 Jahre,f,3406
09663,2025,45 bis unter 50 Jahre,m,3459
09663,2025,25 bis unter 30 Jahre,f,7746
09663,2025,25 bis unter 30 Jahre,m,7256
09663,2025,65 bis unter 70 Jahre,f,3851
09663,2025,65 bis unter 70 Jahre,m,3258
09663,2025,60 bis unter 65 Jahre,m,3912
09663,2025,60 bis unter 65 Jahre,f,4352
09663,2025,30 bis unter 35 Jahre,f,5645
09663,2025,30 bis unter 35 Jahre,m,6071
09663,2025,5 bis unter 10 Jahre,f,2425
09663,2025,5 bis unter 10 Jahre,m,2503
09663,2025,75 bis unter 80 Jahre,m,2101
09663,2025,75 bis unter 80 Jahre,f,2808
09663,2025,55 bis unter 60 Jahre,m,3900
09663,2025,55 bis unter 60 Jahre,f,4099
09663,2025,90 bis unter 95 Jahre,f,966
09663,2025,90 bis unter 95 Jahre,m,415
09663,2025,10 bis unter 15 Jahre,m,2373
09663,2025,10 bis unter 15 Jahre,f,2265
09663,2025,80 bis unter 85 Jahre,m,1621
09663,2025,80 bis unter 85 Jahre,f,2420
09663,2025,85 bis unter 90 Jahre,f,2314
09663,2025,85 bis unter 90 Jahre,m,1386
09663,2025,unter 5 Jahre,m,2575
09663,2025,unter 5 Jahre,f,2428
09663,2025,35 bis unter 40 Jahre,f,4472
09663,2025,35 bis unter 40 Jahre,m,5182
09663,2025,15 bis unter 20 Jahre,f,2696
09663,2025,15 bis unter 20 Jahre,m,2686
09663,2025,20 bis unter 25 Jahre,f,7104
09663,2025,20 bis unter 25 Jahre,m,5242
09663,2025,40 bis unter 45 Jahre,f,3831
09663,2025,40 bis unter 45 Jahre,m,4013
09663,2025,70 bis unter 75 Jahre,m,2727
09663,2025,70 bis unter 75 Jahre,f,3366
09663,2025,95 Jahre und mehr,m,87
09663,2025,95 Jahre und mehr,f,330
09663,2025,50 bis unter 55 Jahre,m,3225
09663,2025,50 bis unter 55 Jahre,f,3237
01003,2025,15 bis unter 20 Jahre,m,5134
01003,2025,15 bis unter 20 Jahre,f,4807
01003,2025,60 bis unter 65 Jahre,f,8605
01003,2025,60 bis unter 65 Jahre,m,8135
01003,2025,35 bis unter 40 Jahre,m,7260
01003,2025,35 bis unter 40 Jahre,f,7181
01003,2025,80 bis unter 85 Jahre,f,4816
01003,2025,80 bis unter 85 Jahre,m,3225
01003,2025,55 bis unter 60 Jahre,m,8290
01003,2025,55 bis unter 60 Jahre,f,8409
01003,2025,40 bis unter 45 Jahre,m,6507
01003,2025,40 bis unter 45 Jahre,f,6817
01003,2025,75 bis unter 80 Jahre,m,4138
01003,2025,75 bis unter 80 Jahre,f,5469
01003,2025,20 bis unter 25 Jahre,f,6588
01003,2025,20 bis unter 25 Jahre,m,6265
01003,2025,unter 5 Jahre,m,4220
01003,2025,unter 5 Jahre,f,3830
01003,2025,90 bis unter 95 Jahre,m,733
01003,2025,90 bis unter 95 Jahre,f,1479
01003,2025,65 bis unter 70 Jahre,f,7225
01003,2025,65 bis unter 70 Jahre,m,6291
01003,2025,45 bis unter 50 Jahre,m,5962
01003,2025,45 bis unter 50 Jahre,f,6604
01003,2025,70 bis unter 75 Jahre,m,4846
01003,2025,70 bis unter 75 Jahre,f,6218
01003,2025,25 bis unter 30 Jahre,m,7757
01003,2025,25 bis unter 30 Jahre,f,7563
01003,2025,10 bis unter 15 Jahre,m,4801
01003,2025,10 bis unter 15 Jahre,f,4379
01003,2025,30 bis unter 35 Jahre,f,6823
01003,2025,30 bis unter 35 Jahre,m,7443
01003,2025,95 Jahre und mehr,f,459
01003,2025,95 Jahre und mehr,m,103
01003,2025,5 bis unter 10 Jahre,m,4721
01003,2025,5 bis unter 10 Jahre,f,4364
01003,2025,50 bis unter 55 Jahre,f,6702
01003,2025,50 bis unter 55 Jahre,m,6139
01003,2025,85 bis unter 90 Jahre,f,4289
01003,2025,85 bis unter 90 Jahre,m,2464
08222,2025,25 bis unter 30 Jahre,m,13766
08222,2025,25 bis unter 30 Jahre,f,13366
08222,2025,10 bis unter 15 Jahre,m,6925
08222,2025,10 bis unter 15 Jahre,f,6491
08222,2025,70 bis unter 75 Jahre,f,7237
08222,2025,70 bis unter 75 Jahre,m,6241
08222,2025,50 bis unter 55 Jahre,f,9402
08222,2025,50 bis unter 55 Jahre,m,9618
08222,2025,5 bis unter 10 Jahre,m,7224
08222,2025,5 bis unter 10 Jahre,f,6924
08222,2025,30 bis unter 35 Jahre,f,12100
08222,2025,30 bis unter 35 Jahre,m,13433
08222,2025,65 bis unter 70 Jahre,f,8719
08222,2025,65 bis unter 70 Jahre,m,8232
08222,2025,85 bis unter 90 Jahre,m,2708
08222,2025,85 bis unter 90 Jahre,f,4225
08222,2025,90 bis unter 95 Jahre,f,1626
08222,2025,90 bis unter 95 Jahre,m,878
08222,2025,95 Jahre und mehr,f,582
08222,2025,95 Jahre und mehr,m,170
08222,2025,45 bis unter 50 Jahre,m,10052
08222,2025,45 bis unter 50 Jahre,f,9560
08222,2025,60 bis unter 65 Jahre,m,10849
08222,2025,60 bis unter 65 Jahre,f,10441
08222,2025,35 bis unter 40 Jahre,f,11095
08222,2025,35 bis unter 40 Jahre,m,12636
08222,2025,80 bis unter 85 Jahre,f,4869
08222,2025,80 bis unter 85 Jahre,m,3587
08222,2025,unter 5 Jahre,m,7035
08222,2025,unter 5 Jahre,f,6722
08222,2025,15 bis unter 20 Jahre,m,7579
08222,2025,15 bis unter 20 Jahre,f,7072
08222,2025,20 bis unter 25 Jahre,m,12075
08222,2025,20 bis unter 25 Jahre,f,11615
08222,2025,75 bis unter 80 Jahre,f,6361
08222,2025,75 bis unter 80 Jahre,m,4832
08222,2025,40 bis unter 45 Jahre,m,11131
08222,2025,40 bis unter 45 Jahre,f,10435
08222,2025,55 bis unter 60 Jahre,m,11135
08222,2025,55 bis unter 60 Jahre,f,10588
03254,2025,15 bis unter 20 Jahre,f,6138
03254,2025,15 bis unter 20 Jahre,m,6413
03254,2025,unter 5 Jahre,f,5532
03254,2025,unter 5 Jahre,m,5784
03254,2025,90 bis unter 95 Jahre,m,823
03254,2025,90 bis unter 95 Jahre,f,1846
03254,2025,55 bis unter 60 Jahre,f,10898
03254,2025,55 bis unter 60 Jahre,m,10738
03254,2025,35 bis unter 40 Jahre,f,7996
03254,2025,35 bis unter 40 Jahre,m,8557
03254,2025,70 bis unter 75 Jahre,m,6950
03254,2025,70 bis unter 75 Jahre,f,7842
03254,2025,40 bis unter 45 Jahre,f,7813
03254,2025,40 bis unter 45 Jahre,m,7851
03254,2025,75 bis unter 80 Jahre,f,6553
03254,2025,75 bis unter 80 Jahre,m,5471
03254,2025,95 Jahre und mehr,m,158
03254,2025,95 Jahre und mehr,f,525
03254,2025,45 bis unter 50 Jahre,m,7374
03254,2025,45 bis unter 50 Jahre,f,7720
03254,2025,80 bis unter 85 Jahre,f,5335
03254,2025,80 bis unter 85 Jahre,m,3850
03254,2025,50 bis unter 55 Jahre,m,7869
03254,2025,50 bis unter 55 Jahre,f,8139
03254,2025,60 bis unter 65 Jahre,f,11175
03254,2025,60 bis unter 65 Jahre,m,11101
03254,2025,25 bis unter 30 Jahre,m,7951
03254,2025,25 bis unter 30 Jahre,f,7568
03254,2025,5 bis unter 10 Jahre,f,5857
03254,2025,5 bis unter 10 Jahre,m,6318
03254,2025,65 bis unter 70 Jahre,f,9550
03254,2025,65 bis unter 70 Jahre,m,8973
03254,2025,10 bis unter 15 Jahre,f,5897
03254,2025,10 bis unter 15 Jahre,m,6085
03254,2025,20 bis unter 25 Jahre,m,7122
03254,2025,20 bis unter 25 Jahre,f,7230
03254,2025,30 bis unter 35 Jahre,m,8117
03254,2025,30 bis unter 35 Jahre,f,7536
03254,2025,85 bis unter 90 Jahre,m,2976
03254,2025,85 bis unter 90 Jahre,f,4982
03102,2025,85 bis unter 90 Jahre,f,1801
03102,2025,85 bis unter 90 Jahre,m,1079
03102,2025,30 bis unter 35 Jahre,f,2910
03102,2025,30 bis unter 35 Jahre,m,3343
03102,2025,65 bis unter 70 Jahre,f,3453
03102,2025,65 bis unter 70 Jahre,m,3174
03102,2025,10 bis unter 15 Jahre,f,2560
03102,2025,10 bis unter 15 Jahre,m,2743
03102,2025,45 bis unter 50 Jahre,m,3217
03102,2025,45 bis unter 50 Jahre,f,2908
03102,2025,90 bis unter 95 Jahre,f,681
03102,2025,90 bis unter 95 Jahre,m,325
03102,2025,25 bis unter 30 Jahre,f,2760
03102,2025,25 bis unter 30 Jahre,m,3366
03102,2025,50 bis unter 55 Jahre,f,2937
03102,2025,50 bis unter 55 Jahre,m,3045
03102,2025,80 bis unter 85 Jahre,m,1439
03102,2025,80 bis unter 85 Jahre,f,1971
03102,2025,5 bis unter 10 Jahre,m,2878
03102,2025,5 bis unter 10 Jahre,f,2803
03102,2025,20 bis unter 25 Jahre,m,2997
03102,2025,20 bis unter 25 Jahre,f,2610
03102,2025,75 bis unter 80 Jahre,m,2067
03102,2025,75 bis unter 80 Jahre,f,2336
03102,2025,40 bis unter 45 Jahre,f,3015
03102,2025,40 bis unter 45 Jahre,m,3319
03102,2025,55 bis unter 60 Jahre,f,3847
03102,2025,55 bis unter 60 Jahre,m,3780
03102,2025,60 bis unter 65 Jahre,f,3889
03102,2025,60 bis unter 65 Jahre,m,3937
03102,2025,15 bis unter 20 Jahre,m,2876
03102,2025,15 bis unter 20 Jahre,f,2505
03102,2025,35 bis unter 40 Jahre,f,3122
03102,2025,35 bis unter 40 Jahre,m,3667
03102,2025,unter 5 Jahre,m,2600
03102,2025,unter 5 Jahre,f,2613
03102,2025,95 Jahre und mehr,f,182
03102,2025,95 Jahre und mehr,m,47
03102,2025,70 bis unter 75 Jahre,m,2620
03102,2025,70 bis unter 75 Jahre,f,3011
05558,2025,90 bis unter 95 Jahre,m,587
05558,2025,90 bis unter 95 Jahre,f,1406
05558,2025,70 bis unter 75 Jahre,m,6329
05558,2025,70 bis unter 75 Jahre,f,6788
05558,2025,15 bis unter 20 Jahre,f,5271
05558,2025,15 bis unter 20 Jahre,m,5648
05558,2025,35 bis unter 40 Jahre,f,7131
05558,2025,35 bis unter 40 Jahre,m,7446
05558,2025,55 bis unter 60 Jahre,f,9637
05558,2025,55 bis unter 60 Jahre,m,9177
05558,2025,85 bis unter 90 Jahre,m,2223
05558,2025,85 bis unter 90 Jahre,f,3593
05558,2025,95 Jahre und mehr,f,367
05558,2025,95 Jahre und mehr,m,85
05558,2025,20 bis unter 25 Jahre,f,4698
05558,2025,20 bis unter 25 Jahre,m,5642
05558,2025,50 bis unter 55 Jahre,m,6624
05558,2025,50 bis unter 55 Jahre,f,6836
05558,2025,10 bis unter 15 Jahre,m,5592
05558,2025,10 bis unter 15 Jahre,f,5332
05558,2025,25 bis unter 30 Jahre,m,6097
05558,2025,25 bis unter 30 Jahre,f,5318
05558,2025,60 bis unter 65 Jahre,f,10169
05558,2025,60 bis unter 65 Jahre,m,9464
05558,2025,40 bis unter 45 Jahre,f,7036
05558,2025,40 bis unter 45 Jahre,m,7144
05558,2025,30 bis unter 35 Jahre,m,6701
05558,2025,30 bis unter 35 Jahre,f,6156
05558,2025,5 bis unter 10 Jahre,m,5963
05558,2025,5 bis unter 10 Jahre,f,5889
05558,2025,75 bis unter 80 Jahre,m,4580
05558,2025,75 bis unter 80 Jahre,f,5131
05558,2025,45 bis unter 50 Jahre,f,6654
05558,2025,45 bis unter 50 Jahre,m,6610
05558,2025,80 bis unter 85 Jahre,f,3833
05558,2025,80 bis unter 85 Jahre,m,2872
05558,2025,65 bis unter 70 Jahre,m,7935
05558,2025,65 bis unter 70 Jahre,f,8672
05558,2025,unter 5 Jahre,m,5359
05558,2025,unter 5 Jahre,f,5173
06413,2025,5 bis unter 10 Jahre,f,3266
06413,2025,5 bis unter 10 Jahre,m,3369
06413,2025,60 bis unter 65 Jahre,m,4361
06413,2025,60 bis unter 65 Jahre,f,4020
06413,2025,30 bis unter 35 Jahre,f,5298
06413,2025,30 bis unter 35 Jahre,m,5557
06413,2025,85 bis unter 90 Jahre,f,1489
06413,2025,85 bis unter 90 Jahre,m,862
06413,2025,95 Jahre und mehr,m,90
06413,2025,95 Jahre und mehr,f,176
06413,2025,75 bis unter 80 Jahre,m,1727
06413,2025,75 bis unter 80 Jahre,f,2251
06413,2025,45 bis unter 50 Jahre,f,4513
06413,2025,45 bis unter 50 Jahre,m,4593
06413,2025,70 bis unter 75 Jahre,f,2634
06413,2025,70 bis unter 75 Jahre,m,2287
06413,2025,25 bis unter 30 Jahre,m,5235
06413,2025,25 bis unter 30 Jahre,f,5139
06413,2025,40 bis unter 45 Jahre,f,4736
06413,2025,40 bis unter 45 Jahre,m,5130
06413,2025,15 bis unter 20 Jahre,m,3316
06413,2025,15 bis unter 20 Jahre,f,3251
06413,2025,20 bis unter 25 Jahre,m,4006
06413,2025,20 bis unter 25 Jahre,f,3885
06413,2025,50 bis unter 55 Jahre,f,4040
06413,2025,50 bis unter 55 Jahre,m,4381
06413,2025,35 bis unter 40 Jahre,f,5282
06413,2025,35 bis unter 40 Jahre,m,5850
06413,2025,90 bis unter 95 Jahre,m,271
06413,2025,90 bis unter 95 Jahre,f,555
06413,2025,55 bis unter 60 Jahre,f,4266
06413,2025,55 bis unter 60 Jahre,m,4736
06413,2025,10 bis unter 15 Jahre,m,3204
06413,2025,10 bis unter 15 Jahre,f,3152
06413,2025,80 bis unter 85 Jahre,f,1692
06413,2025,80 bis unter 85 Jahre,m,1294
06413,2025,unter 5 Jahre,m,3560
06413,2025,unter 5 Jahre,f,3383
06413,2025,65 bis unter 70 Jahre,m,3156
06413,2025,65 bis unter 70 Jahre,f,3182
09271,2025,90 bis unter 95 Jahre,m,225
09271,2025,90 bis unter 95 Jahre,f,657
09271,2025,50 bis unter 55 Jahre,m,3855
09271,2025,50 bis unter 55 Jahre,f,3798
09271,2025,95 Jahre und mehr,m,41
09271,2025,95 Jahre und mehr,f,154
09271,2025,85 bis unter 90 Jahre,m,999
09271,2025,85 bis unter 90 Jahre,f,1711
09271,2025,70 bis unter 75 Jahre,m,3187
09271,2025,70 bis unter 75 Jahre,f,3608
09271,2025,35 bis unter 40 Jahre,f,3770
09271,2025,35 bis unter 40 Jahre,m,4067
09271,2025,65 bis unter 70 Jahre,m,4095
09271,2025,65 bis unter 70 Jahre,f,4432
09271,2025,10 bis unter 15 Jahre,m,2815
09271,2025,10 bis unter 15 Jahre,f,2609
09271,2025,5 bis unter 10 Jahre,m,2820
09271,2025,5 bis unter 10 Jahre,f,2702
09271,2025,60 bis unter 65 Jahre,f,4878
09271,2025,60 bis unter 65 Jahre,m,4926
09271,2025,15 bis unter 20 Jahre,m,2942
09271,2025,15 bis unter 20 Jahre,f,2674
09271,2025,25 bis unter 30 Jahre,m,4343
09271,2025,25 bis unter 30 Jahre,f,3535
09271,2025,40 bis unter 45 Jahre,f,3736
09271,2025,40 bis unter 45 Jahre,m,3884
09271,2025,30 bis unter 35 Jahre,m,4070
09271,2025,30 bis unter 35 Jahre,f,3624
09271,2025,80 bis unter 85 Jahre,m,1463
09271,2025,80 bis unter 85 Jahre,f,2005
09271,2025,20 bis unter 25 Jahre,m,3908
09271,2025,20 bis unter 25 Jahre,f,3199
09271,2025,75 bis unter 80 Jahre,m,2389
09271,2025,75 bis unter 80 Jahre,f,2851
09271,2025,45 bis unter 50 Jahre,f,3699
09271,2025,45 bis unter 50 Jahre,m,3696
09271,2025,55 bis unter 60 Jahre,f,4563
09271,2025,55 bis unter 60 Jahre,m,4682
09271,2025,unter 5 Jahre,m,2771
09271,2025,unter 5 Jahre,f,2503
09275,2025,80 bis unter 85 Jahre,f,3510
09275,2025,80 bis unter 85 Jahre,m,2707
09275,2025,15 bis unter 20 Jahre,m,4643
09275,2025,15 bis unter 20 Jahre,f,4028
09275,2025,60 bis unter 65 Jahre,f,8435
09275,2025,60 bis unter 65 Jahre,m,7933
09275,2025,55 bis unter 60 Jahre,m,7755
09275,2025,55 bis unter 60 Jahre,f,7845
09275,2025,75 bis unter 80 Jahre,f,4935
09275,2025,75 bis unter 80 Jahre,m,4304
09275,2025,35 bis unter 40 Jahre,m,6150
09275,2025,35 bis unter 40 Jahre,f,5865
09275,2025,unter 5 Jahre,f,3907
09275,2025,unter 5 Jahre,m,4192
09275,2025,20 bis unter 25 Jahre,m,4951
09275,2025,20 bis unter 25 Jahre,f,4286
09275,2025,40 bis unter 45 Jahre,f,5993
09275,2025,40 bis unter 45 Jahre,m,6170
09275,2025,25 bis unter 30 Jahre,f,4711
09275,2025,25 bis unter 30 Jahre,m,5365
09275,2025,45 bis unter 50 Jahre,f,5677
09275,2025,45 bis unter 50 Jahre,m,5904
09275,2025,50 bis unter 55 Jahre,m,6198
09275,2025,50 bis unter 55 Jahre,f,6210
09275,2025,70 bis unter 75 Jahre,f,6409
09275,2025,70 bis unter 75 Jahre,m,5623
09275,2025,5 bis unter 10 Jahre,m,4531
09275,2025,5 bis unter 10 Jahre,f,4400
09275,2025,10 bis unter 15 Jahre,m,4570
09275,2025,10 bis unter 15 Jahre,f,4328
09275,2025,30 bis unter 35 Jahre,f,5155
09275,2025,30 bis unter 35 Jahre,m,5603
09275,2025,85 bis unter 90 Jahre,m,1866
09275,2025,85 bis unter 90 Jahre,f,3202
09275,2025,65 bis unter 70 Jahre,f,7681
09275,2025,65 bis unter 70 Jahre,m,7331
09275,2025,90 bis unter 95 Jahre,f,1098
09275,2025,90 bis unter 95 Jahre,m,468
09275,2025,95 Jahre und mehr,m,91
09275,2025,95 Jahre und mehr,f,299
05970,2025,60 bis unter 65 Jahre,f,11088
05970,2025,60 bis unter 65 Jahre,m,10833
05970,2025,15 bis unter 20 Jahre,m,6960
05970,2025,15 bis unter 20 Jahre,f,6028
05970,2025,95 Jahre und mehr,f,383
05970,2025,95 Jahre und mehr,m,113
05970,2025,80 bis unter 85 Jahre,f,4660
05970,2025,80 bis unter 85 Jahre,m,3331
05970,2025,35 bis unter 40 Jahre,m,9395
05970,2025,35 bis unter 40 Jahre,f,8728
05970,2025,55 bis unter 60 Jahre,m,10417
05970,2025,55 bis unter 60 Jahre,f,10491
05970,2025,75 bis unter 80 Jahre,m,5102
05970,2025,75 bis unter 80 Jahre,f,6325
05970,2025,unter 5 Jahre,f,5789
05970,2025,unter 5 Jahre,m,6351
05970,2025,40 bis unter 45 Jahre,f,8482
05970,2025,40 bis unter 45 Jahre,m,8666
05970,2025,20 bis unter 25 Jahre,m,7522
05970,2025,20 bis unter 25 Jahre,f,6794
05970,2025,90 bis unter 95 Jahre,m,722
05970,2025,90 bis unter 95 Jahre,f,1558
05970,2025,5 bis unter 10 Jahre,f,6577
05970,2025,5 bis unter 10 Jahre,m,7006
05970,2025,10 bis unter 15 Jahre,f,6206
05970,2025,10 bis unter 15 Jahre,m,6693
05970,2025,85 bis unter 90 Jahre,f,4476
05970,2025,85 bis unter 90 Jahre,m,2757
05970,2025,65 bis unter 70 Jahre,m,8897
05970,2025,65 bis unter 70 Jahre,f,9743
05970,2025,25 bis unter 30 Jahre,m,8854
05970,2025,25 bis unter 30 Jahre,f,7598
05970,2025,70 bis unter 75 Jahre,f,8184
05970,2025,70 bis unter 75 Jahre,m,7094
05970,2025,30 bis unter 35 Jahre,f,7939
05970,2025,30 bis unter 35 Jahre,m,9080
05970,2025,50 bis unter 55 Jahre,f,7884
05970,2025,50 bis unter 55 Jahre,m,7920
05970,2025,45 bis unter 50 Jahre,m,7961
05970,2025,45 bis unter 50 Jahre,f,7902
05316,2025,35 bis unter 40 Jahre,f,5456
05316,2025,35 bis unter 40 Jahre,m,5870
05316,2025,15 bis unter 20 Jahre,f,4085
05316,2025,15 bis unter 20 Jahre,m,4253
05316,2025,90 bis unter 95 Jahre,m,552
05316,2025,90 bis unter 95 Jahre,f,1150
05316,2025,55 bis unter 60 Jahre,f,6632
05316,2025,55 bis unter 60 Jahre,m,6634
05316,2025,20 bis unter 25 Jahre,f,4121
05316,2025,20 bis unter 25 Jahre,m,4594
05316,2025,50 bis unter 55 Jahre,m,5167
05316,2025,50 bis unter 55 Jahre,f,5234
05316,2025,85 bis unter 90 Jahre,m,1929
05316,2025,85 bis unter 90 Jahre,f,3055
05316,2025,40 bis unter 45 Jahre,m,5527
05316,2025,40 bis unter 45 Jahre,f,5407
05316,2025,60 bis unter 65 Jahre,f,6565
05316,2025,60 bis unter 65 Jahre,m,6506
05316,2025,30 bis unter 35 Jahre,m,5673
05316,2025,30 bis unter 35 Jahre,f,5142
05316,2025,5 bis unter 10 Jahre,m,4118
05316,2025,5 bis unter 10 Jahre,f,4063
05316,2025,25 bis unter 30 Jahre,f,4829
05316,2025,25 bis unter 30 Jahre,m,5384
05316,2025,10 bis unter 15 Jahre,f,4025
05316,2025,10 bis unter 15 Jahre,m,4264
05316,2025,95 Jahre und mehr,m,91
05316,2025,95 Jahre und mehr,f,265
05316,2025,70 bis unter 75 Jahre,f,4360
05316,2025,70 bis unter 75 Jahre,m,3514
05316,2025,45 bis unter 50 Jahre,f,5302
05316,2025,45 bis unter 50 Jahre,m,5134
05316,2025,75 bis unter 80 Jahre,m,2723
05316,2025,75 bis unter 80 Jahre,f,3541
05316,2025,65 bis unter 70 Jahre,m,5067
05316,2025,65 bis unter 70 Jahre,f,5391
05316,2025,80 bis unter 85 Jahre,f,3180
05316,2025,80 bis unter 85 Jahre,m,2215
05316,2025,unter 5 Jahre,m,3788
05316,2025,unter 5 Jahre,f,3493
09478,2025,10 bis unter 15 Jahre,f,1530
09478,2025,10 bis unter 15 Jahre,m,1539
09478,2025,45 bis unter 50 Jahre,f,2074
09478,2025,45 bis unter 50 Jahre,m,1988
09478,2025,25 bis unter 30 Jahre,f,1568
09478,2025,25 bis unter 30 Jahre,m,1767
09478,2025,30 bis unter 35 Jahre,f,1894
09478,2025,30 bis unter 35 Jahre,m,2054
09478,2025,5 bis unter 10 Jahre,f,1487
09478,2025,5 bis unter 10 Jahre,m,1635
09478,2025,85 bis unter 90 Jahre,f,1235
09478,2025,85 bis unter 90 Jahre,m,719
09478,2025,95 Jahre und mehr,f,86
09478,2025,95 Jahre und mehr,m,17
09478,2025,70 bis unter 75 Jahre,f,2080
09478,2025,70 bis unter 75 Jahre,m,1993
09478,2025,65 bis unter 70 Jahre,m,2406
09478,2025,65 bis unter 70 Jahre,f,2696
09478,2025,55 bis unter 60 Jahre,m,2648
09478,2025,55 bis unter 60 Jahre,f,2759
09478,2025,60 bis unter 65 Jahre,m,3022
09478,2025,60 bis unter 65 Jahre,f,3002
09478,2025,unter 5 Jahre,m,1394
09478,2025,unter 5 Jahre,f,1338
09478,2025,35 bis unter 40 Jahre,m,2154
09478,2025,35 bis unter 40 Jahre,f,2018
09478,2025,80 bis unter 85 Jahre,f,1155
09478,2025,80 bis unter 85 Jahre,m,882
09478,2025,90 bis unter 95 Jahre,f,465
09478,2025,90 bis unter 95 Jahre,m,169
09478,2025,20 bis unter 25 Jahre,f,1304
09478,2025,20 bis unter 25 Jahre,m,1615
09478,2025,75 bis unter 80 Jahre,f,1591
09478,2025,75 bis unter 80 Jahre,m,1372
09478,2025,15 bis unter 20 Jahre,m,1548
09478,2025,15 bis unter 20 Jahre,f,1486
09478,2025,40 bis unter 45 Jahre,m,2098
09478,2025,40 bis unter 45 Jahre,f,2072
09478,2025,50 bis unter 55 Jahre,m,2110
09478,2025,50 bis unter 55 Jahre,f,2144
03404,2025,90 bis unter 95 Jahre,f,980
03404,2025,90 bis unter 95 Jahre,m,405
03404,2025,45 bis unter 50 Jahre,m,4614
03404,2025,45 bis unter 50 Jahre,f,4697
03404,2025,5 bis unter 10 Jahre,m,3460
03404,2025,5 bis unter 10 Jahre,f,3446
03404,2025,50 bis unter 55 Jahre,f,4835
03404,2025,50 bis unter 55 Jahre,m,4747
03404,2025,85 bis unter 90 Jahre,f,2496
03404,2025,85 bis unter 90 Jahre,m,1454
03404,2025,10 bis unter 15 Jahre,m,3397
03404,2025,10 bis unter 15 Jahre,f,3400
03404,2025,30 bis unter 35 Jahre,m,6867
03404,2025,30 bis unter 35 Jahre,f,6114
03404,2025,25 bis unter 30 Jahre,m,7982
03404,2025,25 bis unter 30 Jahre,f,7953
03404,2025,70 bis unter 75 Jahre,f,4022
03404,2025,70 bis unter 75 Jahre,m,3343
03404,2025,65 bis unter 70 Jahre,m,4426
03404,2025,65 bis unter 70 Jahre,f,4752
03404,2025,15 bis unter 20 Jahre,f,3984
03404,2025,15 bis unter 20 Jahre,m,3965
03404,2025,40 bis unter 45 Jahre,f,4832
03404,2025,40 bis unter 45 Jahre,m,5037
03404,2025,20 bis unter 25 Jahre,m,6285
03404,2025,20 bis unter 25 Jahre,f,7809
03404,2025,35 bis unter 40 Jahre,m,5897
03404,2025,35 bis unter 40 Jahre,f,5255
03404,2025,80 bis unter 85 Jahre,f,2667
03404,2025,80 bis unter 85 Jahre,m,1848
03404,2025,unter 5 Jahre,m,3524
03404,2025,unter 5 Jahre,f,3334
03404,2025,55 bis unter 60 Jahre,m,5772
03404,2025,55 bis unter 60 Jahre,f,5717
03404,2025,75 bis unter 80 Jahre,m,2580
03404,2025,75 bis unter 80 Jahre,f,3164
03404,2025,60 bis unter 65 Jahre,f,5469
03404,2025,60 bis unter 65 Jahre,m,5360
03404,2025,95 Jahre und mehr,m,94
03404,2025,95 Jahre und mehr,f,274
08311,2025,5 bis unter 10 Jahre,m,5612
08311,2025,5 bis unter 10 Jahre,f,5114
08311,2025,70 bis unter 75 Jahre,f,5252
08311,2025,70 bis unter 75 Jahre,m,4680
08311,2025,25 bis unter 30 Jahre,m,10778
08311,2025,25 bis unter 30 Jahre,f,12448
08311,2025,30 bis unter 35 Jahre,f,10515
08311,2025,30 bis unter 35 Jahre,m,10003
08311,2025,95 Jahre und mehr,m,146
08311,2025,95 Jahre und mehr,f,349
08311,2025,10 bis unter 15 Jahre,m,5297
08311,2025,10 bis unter 15 Jahre,f,4830
08311,2025,50 bis unter 55 Jahre,f,6432
08311,2025,50 bis unter 55 Jahre,m,5860
08311,2025,85 bis unter 90 Jahre,m,1942
08311,2025,85 bis unter 90 Jahre,f,3016
08311,2025,65 bis unter 70 Jahre,f,6552
08311,2025,65 bis unter 70 Jahre,m,5777
08311,2025,90 bis unter 95 Jahre,f,1111
08311,2025,90 bis unter 95 Jahre,m,605
08311,2025,45 bis unter 50 Jahre,m,6244
08311,2025,45 bis unter 50 Jahre,f,6757
08311,2025,60 bis unter 65 Jahre,m,6912
08311,2025,60 bis unter 65 Jahre,f,7509
08311,2025,40 bis unter 45 Jahre,m,7451
08311,2025,40 bis unter 45 Jahre,f,7539
08311,2025,35 bis unter 40 Jahre,f,8918
08311,2025,35 bis unter 40 Jahre,m,8897
08311,2025,15 bis unter 20 Jahre,m,5807
08311,2025,15 bis unter 20 Jahre,f,5637
08311,2025,80 bis unter 85 Jahre,f,3519
08311,2025,80 bis unter 85 Jahre,m,2629
08311,2025,75 bis unter 80 Jahre,f,4134
08311,2025,75 bis unter 80 Jahre,m,3505
08311,2025,55 bis unter 60 Jahre,m,6888
08311,2025,55 bis unter 60 Jahre,f,7549
08311,2025,unter 5 Jahre,f,5048
08311,2025,unter 5 Jahre,m,5418
08311,2025,20 bis unter 25 Jahre,m,8915
08311,2025,20 bis unter 25 Jahre,f,12704
03359,2025,15 bis unter 20 Jahre,m,5745
03359,2025,15 bis unter 20 Jahre,f,4754
03359,2025,60 bis unter 65 Jahre,f,8408
03359,2025,60 bis unter 65 Jahre,m,8005
03359,2025,40 bis unter 45 Jahre,f,6671
03359,2025,40 bis unter 45 Jahre,m,6654
03359,2025,unter 5 Jahre,m,4982
03359,2025,unter 5 Jahre,f,4532
03359,2025,20 bis unter 25 Jahre,f,4621
03359,2025,20 bis unter 25 Jahre,m,5139
03359,2025,35 bis unter 40 Jahre,f,6714
03359,2025,35 bis unter 40 Jahre,m,7060
03359,2025,55 bis unter 60 Jahre,m,8261
03359,2025,55 bis unter 60 Jahre,f,8369
03359,2025,75 bis unter 80 Jahre,f,4985
03359,2025,75 bis unter 80 Jahre,m,4214
03359,2025,95 Jahre und mehr,m,101
03359,2025,95 Jahre und mehr,f,289
03359,2025,80 bis unter 85 Jahre,m,2938
03359,2025,80 bis unter 85 Jahre,f,3885
03359,2025,70 bis unter 75 Jahre,m,5058
03359,2025,70 bis unter 75 Jahre,f,5998
03359,2025,50 bis unter 55 Jahre,m,6422
03359,2025,50 bis unter 55 Jahre,f,6532
03359,2025,45 bis unter 50 Jahre,f,6357
03359,2025,45 bis unter 50 Jahre,m,6329
03359,2025,25 bis unter 30 Jahre,m,5922
03359,2025,25 bis unter 30 Jahre,f,5364
03359,2025,5 bis unter 10 Jahre,m,5708
03359,2025,5 bis unter 10 Jahre,f,5059
03359,2025,85 bis unter 90 Jahre,f,3348
03359,2025,85 bis unter 90 Jahre,m,2119
03359,2025,90 bis unter 95 Jahre,f,1146
03359,2025,90 bis unter 95 Jahre,m,551
03359,2025,10 bis unter 15 Jahre,f,4762
03359,2025,10 bis unter 15 Jahre,m,5395
03359,2025,65 bis unter 70 Jahre,f,6989
03359,2025,65 bis unter 70 Jahre,m,6502
03359,2025,30 bis unter 35 Jahre,m,6102
03359,2025,30 bis unter 35 Jahre,f,5945
05158,2025,95 Jahre und mehr,f,889
05158,2025,95 Jahre und mehr,m,280
05158,2025,70 bis unter 75 Jahre,f,14325
05158,2025,70 bis unter 75 Jahre,m,11813
05158,2025,50 bis unter 55 Jahre,f,15262
05158,2025,50 bis unter 55 Jahre,m,14819
05158,2025,5 bis unter 10 Jahre,m,12453
05158,2025,5 bis unter 10 Jahre,f,11646
05158,2025,30 bis unter 35 Jahre,f,13276
05158,2025,30 bis unter 35 Jahre,m,13775
05158,2025,10 bis unter 15 Jahre,f,11491
05158,2025,10 bis unter 15 Jahre,m,12078
05158,2025,85 bis unter 90 Jahre,m,5990
05158,2025,85 bis unter 90 Jahre,f,9818
05158,2025,65 bis unter 70 Jahre,f,17415
05158,2025,65 bis unter 70 Jahre,m,15727
05158,2025,45 bis unter 50 Jahre,m,14430
05158,2025,45 bis unter 50 Jahre,f,15060
05158,2025,90 bis unter 95 Jahre,f,3506
05158,2025,90 bis unter 95 Jahre,m,1818
05158,2025,80 bis unter 85 Jahre,m,7600
05158,2025,80 bis unter 85 Jahre,f,11308
05158,2025,75 bis unter 80 Jahre,m,9269
05158,2025,75 bis unter 80 Jahre,f,12212
05158,2025,unter 5 Jahre,m,10542
05158,2025,unter 5 Jahre,f,10100
05158,2025,20 bis unter 25 Jahre,f,10179
05158,2025,20 bis unter 25 Jahre,m,11465
05158,2025,60 bis unter 65 Jahre,f,20686
05158,2025,60 bis unter 65 Jahre,m,19992
05158,2025,15 bis unter 20 Jahre,m,11983
05158,2025,15 bis unter 20 Jahre,f,11325
05158,2025,35 bis unter 40 Jahre,m,15570
05158,2025,35 bis unter 40 Jahre,f,15688
05158,2025,55 bis unter 60 Jahre,m,19912
05158,2025,55 bis unter 60 Jahre,f,20358
05158,2025,40 bis unter 45 Jahre,f,15928
05158,2025,40 bis unter 45 Jahre,m,15365
05158,2025,25 bis unter 30 Jahre,f,11478
05158,2025,25 bis unter 30 Jahre,m,12316
05913,2025,35 bis unter 40 Jahre,m,21442
05913,2025,35 bis unter 40 Jahre,f,20098
05913,2025,80 bis unter 85 Jahre,f,10273
05913,2025,80 bis unter 85 Jahre,m,7001
05913,2025,unter 5 Jahre,m,14225
05913,2025,unter 5 Jahre,f,13442
05913,2025,55 bis unter 60 Jahre,m,22313
05913,2025,55 bis unter 60 Jahre,f,21610
05913,2025,75 bis unter 80 Jahre,m,9632
05913,2025,75 bis unter 80 Jahre,f,12590
05913,2025,20 bis unter 25 Jahre,f,17551
05913,2025,20 bis unter 25 Jahre,m,18188
05913,2025,40 bis unter 45 Jahre,m,19253
05913,2025,40 bis unter 45 Jahre,f,19294
05913,2025,60 bis unter 65 Jahre,f,21495
05913,2025,60 bis unter 65 Jahre,m,21235
05913,2025,15 bis unter 20 Jahre,m,15066
05913,2025,15 bis unter 20 Jahre,f,14185
05913,2025,45 bis unter 50 Jahre,f,18531
05913,2025,45 bis unter 50 Jahre,m,17886
05913,2025,95 Jahre und mehr,m,304
05913,2025,95 Jahre und mehr,f,1023
05913,2025,70 bis unter 75 Jahre,m,13092
05913,2025,70 bis unter 75 Jahre,f,15792
05913,2025,25 bis unter 30 Jahre,m,22801
05913,2025,25 bis unter 30 Jahre,f,20370
05913,2025,90 bis unter 95 Jahre,f,3434
05913,2025,90 bis unter 95 Jahre,m,1515
05913,2025,10 bis unter 15 Jahre,m,14458
05913,2025,10 bis unter 15 Jahre,f,14221
05913,2025,85 bis unter 90 Jahre,f,9201
05913,2025,85 bis unter 90 Jahre,m,5354
05913,2025,50 bis unter 55 Jahre,f,18033
05913,2025,50 bis unter 55 Jahre,m,18031
05913,2025,5 bis unter 10 Jahre,m,15263
05913,2025,5 bis unter 10 Jahre,f,14557
05913,2025,30 bis unter 35 Jahre,m,22148
05913,2025,30 bis unter 35 Jahre,f,20462
05913,2025,65 bis unter 70 Jahre,f,18366
05913,2025,65 bis unter 70 Jahre,m,17145
08116,2025,90 bis unter 95 Jahre,m,1785
08116,2025,90 bis unter 95 Jahre,f,3237
08116,2025,70 bis unter 75 Jahre,m,11594
08116,2025,70 bis unter 75 Jahre,f,13526
08116,2025,95 Jahre und mehr,m,315
08116,2025,95 Jahre und mehr,f,852
08116,2025,85 bis unter 90 Jahre,m,5841
08116,2025,85 bis unter 90 Jahre,f,8719
08116,2025,30 bis unter 35 Jahre,m,18218
08116,2025,30 bis unter 35 Jahre,f,16435
08116,2025,unter 5 Jahre,f,12247
08116,2025,unter 5 Jahre,m,12710
08116,2025,45 bis unter 50 Jahre,m,16556
08116,2025,45 bis unter 50 Jahre,f,17003
08116,2025,15 bis unter 20 Jahre,f,12530
08116,2025,15 bis unter 20 Jahre,m,13520
08116,2025,5 bis unter 10 Jahre,m,13548
08116,2025,5 bis unter 10 Jahre,f,12905
08116,2025,60 bis unter 65 Jahre,f,20147
08116,2025,60 bis unter 65 Jahre,m,20519
08116,2025,50 bis unter 55 Jahre,f,17104
08116,2025,50 bis unter 55 Jahre,m,16954
08116,2025,35 bis unter 40 Jahre,m,18914
08116,2025,35 bis unter 40 Jahre,f,17833
08116,2025,80 bis unter 85 Jahre,f,9958
08116,2025,80 bis unter 85 Jahre,m,7728
08116,2025,55 bis unter 60 Jahre,f,20773
08116,2025,55 bis unter 60 Jahre,m,20663
08116,2025,25 bis unter 30 Jahre,m,17480
08116,2025,25 bis unter 30 Jahre,f,15024
08116,2025,40 bis unter 45 Jahre,m,17485
08116,2025,40 bis unter 45 Jahre,f,17361
08116,2025,20 bis unter 25 Jahre,m,15096
08116,2025,20 bis unter 25 Jahre,f,12818
08116,2025,65 bis unter 70 Jahre,f,16605
08116,2025,65 bis unter 70 Jahre,m,15721
08116,2025,75 bis unter 80 Jahre,f,11784
08116,2025,75 bis unter 80 Jahre,m,9433
08116,2025,10 bis unter 15 Jahre,f,12464
08116,2025,10 bis unter 15 Jahre,m,12923
09678,2025,60 bis unter 65 Jahre,f,4974
09678,2025,60 bis unter 65 Jahre,m,4952
09678,2025,15 bis unter 20 Jahre,m,2750
09678,2025,15 bis unter 20 Jahre,f,2396
09678,2025,80 bis unter 85 Jahre,f,1854
09678,2025,80 bis unter 85 Jahre,m,1505
09678,2025,35 bis unter 40 Jahre,m,3904
09678,2025,35 bis unter 40 Jahre,f,3668
09678,2025,55 bis unter 60 Jahre,m,4367
09678,2025,55 bis unter 60 Jahre,f,4600
09678,2025,75 bis unter 80 Jahre,m,2343
09678,2025,75 bis unter 80 Jahre,f,2602
09678,2025,unter 5 Jahre,f,2484
09678,2025,unter 5 Jahre,m,2667
09678,2025,40 bis unter 45 Jahre,f,3546
09678,2025,40 bis unter 45 Jahre,m,3685
09678,2025,20 bis unter 25 Jahre,m,2838
09678,2025,20 bis unter 25 Jahre,f,2289
09678,2025,25 bis unter 30 Jahre,f,2545
09678,2025,25 bis unter 30 Jahre,m,2879
09678,2025,45 bis unter 50 Jahre,f,3293
09678,2025,45 bis unter 50 Jahre,m,3299
09678,2025,50 bis unter 55 Jahre,m,3268
09678,2025,50 bis unter 55 Jahre,f,3265
09678,2025,70 bis unter 75 Jahre,f,3575
09678,2025,70 bis unter 75 Jahre,m,3367
09678,2025,90 bis unter 95 Jahre,f,659
09678,2025,90 bis unter 95 Jahre,m,323
09678,2025,10 bis unter 15 Jahre,m,2879
09678,2025,10 bis unter 15 Jahre,f,2605
09678,2025,30 bis unter 35 Jahre,f,3213
09678,2025,30 bis unter 35 Jahre,m,3307
09678,2025,5 bis unter 10 Jahre,m,3112
09678,2025,5 bis unter 10 Jahre,f,2813
09678,2025,85 bis unter 90 Jahre,m,1224
09678,2025,85 bis unter 90 Jahre,f,1849
09678,2025,65 bis unter 70 Jahre,f,4327
09678,2025,65 bis unter 70 Jahre,m,4187
09678,2025,95 Jahre und mehr,f,151
09678,2025,95 Jahre und mehr,m,44
09763,2025,95 Jahre und mehr,m,39
09763,2025,95 Jahre und mehr,f,123
09763,2025,70 bis unter 75 Jahre,m,1433
09763,2025,70 bis unter 75 Jahre,f,1810
09763,2025,85 bis unter 90 Jahre,m,754
09763,2025,85 bis unter 90 Jahre,f,1181
09763,2025,90 bis unter 95 Jahre,m,220
09763,2025,90 bis unter 95 Jahre,f,396
09763,2025,10 bis unter 15 Jahre,m,1490
09763,2025,10 bis unter 15 Jahre,f,1379
09763,2025,65 bis unter 70 Jahre,m,1907
09763,2025,65 bis unter 70 Jahre,f,2146
09763,2025,35 bis unter 40 Jahre,f,2289
09763,2025,35 bis unter 40 Jahre,m,2520
09763,2025,25 bis unter 30 Jahre,m,2627
09763,2025,25 bis unter 30 Jahre,f,2395
09763,2025,20 bis unter 25 Jahre,f,1925
09763,2025,20 bis unter 25 Jahre,m,2011
09763,2025,50 bis unter 55 Jahre,m,1917
09763,2025,50 bis unter 55 Jahre,f,2010
09763,2025,30 bis unter 35 Jahre,f,2416
09763,2025,30 bis unter 35 Jahre,m,2560
09763,2025,40 bis unter 45 Jahre,f,2176
09763,2025,40 bis unter 45 Jahre,m,2216
09763,2025,5 bis unter 10 Jahre,m,1609
09763,2025,5 bis unter 10 Jahre,f,1566
09763,2025,60 bis unter 65 Jahre,f,2337
09763,2025,60 bis unter 65 Jahre,m,2130
09763,2025,15 bis unter 20 Jahre,m,1691
09763,2025,15 bis unter 20 Jahre,f,1486
09763,2025,80 bis unter 85 Jahre,m,1010
09763,2025,80 bis unter 85 Jahre,f,1441
09763,2025,75 bis unter 80 Jahre,m,1291
09763,2025,75 bis unter 80 Jahre,f,1641
09763,2025,55 bis unter 60 Jahre,m,2269
09763,2025,55 bis unter 60 Jahre,f,2337
09763,2025,unter 5 Jahre,m,1637
09763,2025,unter 5 Jahre,f,1521
09763,2025,45 bis unter 50 Jahre,f,2033
09763,2025,45 bis unter 50 Jahre,m,1977
06437,2025,75 bis unter 80 Jahre,m,2159
06437,2025,75 bis unter 80 Jahre,f,2459
06437,2025,40 bis unter 45 Jahre,m,2804
06437,2025,40 bis unter 45 Jahre,f,2746
06437,2025,20 bis unter 25 Jahre,m,2245
06437,2025,20 bis unter 25 Jahre,f,1962
06437,2025,unter 5 Jahre,m,2074
06437,2025,unter 5 Jahre,f,1827
06437,2025,60 bis unter 65 Jahre,f,4094
06437,2025,60 bis unter 65 Jahre,m,3979
06437,2025,15 bis unter 20 Jahre,m,2187
06437,2025,15 bis unter 20 Jahre,f,2131
06437,2025,55 bis unter 60 Jahre,m,3658
06437,2025,55 bis unter 60 Jahre,f,3845
06437,2025,80 bis unter 85 Jahre,m,1362
06437,2025,80 bis unter 85 Jahre,f,1678
06437,2025,25 bis unter 30 Jahre,f,2051
06437,2025,25 bis unter 30 Jahre,m,2390
06437,2025,10 bis unter 15 Jahre,f,2080
06437,2025,10 bis unter 15 Jahre,m,2156
06437,2025,85 bis unter 90 Jahre,f,1630
06437,2025,85 bis unter 90 Jahre,m,1039
06437,2025,95 Jahre und mehr,m,62
06437,2025,95 Jahre und mehr,f,197
06437,2025,5 bis unter 10 Jahre,f,2112
06437,2025,5 bis unter 10 Jahre,m,2306
06437,2025,30 bis unter 35 Jahre,f,2405
06437,2025,30 bis unter 35 Jahre,m,2619
06437,2025,70 bis unter 75 Jahre,m,2855
06437,2025,70 bis unter 75 Jahre,f,3077
06437,2025,65 bis unter 70 Jahre,m,3420
06437,2025,65 bis unter 70 Jahre,f,3623
06437,2025,90 bis unter 95 Jahre,f,645
06437,2025,90 bis unter 95 Jahre,m,281
06437,2025,50 bis unter 55 Jahre,m,2909
06437,2025,50 bis unter 55 Jahre,f,2949
06437,2025,45 bis unter 50 Jahre,m,2670
06437,2025,45 bis unter 50 Jahre,f,2807
06437,2025,35 bis unter 40 Jahre,f,2917
06437,2025,35 bis unter 40 Jahre,m,2989
03355,2025,95 Jahre und mehr,m,63
03355,2025,95 Jahre und mehr,f,246
03355,2025,90 bis unter 95 Jahre,m,386
03355,2025,90 bis unter 95 Jahre,f,919
03355,2025,15 bis unter 20 Jahre,f,4427
03355,2025,15 bis unter 20 Jahre,m,4509
03355,2025,45 bis unter 50 Jahre,m,5475
03355,2025,45 bis unter 50 Jahre,f,5841
03355,2025,30 bis unter 35 Jahre,m,5354
03355,2025,30 bis unter 35 Jahre,f,5127
03355,2025,unter 5 Jahre,f,3694
03355,2025,unter 5 Jahre,m,3983
03355,2025,85 bis unter 90 Jahre,m,1623
03355,2025,85 bis unter 90 Jahre,f,2703
03355,2025,55 bis unter 60 Jahre,f,7580
03355,2025,55 bis unter 60 Jahre,m,7234
03355,2025,70 bis unter 75 Jahre,m,4267
03355,2025,70 bis unter 75 Jahre,f,5003
03355,2025,40 bis unter 45 Jahre,f,5847
03355,2025,40 bis unter 45 Jahre,m,5472
03355,2025,50 bis unter 55 Jahre,f,5827
03355,2025,50 bis unter 55 Jahre,m,5504
03355,2025,5 bis unter 10 Jahre,m,4505
03355,2025,5 bis unter 10 Jahre,f,4189
03355,2025,60 bis unter 65 Jahre,f,7544
03355,2025,60 bis unter 65 Jahre,m,7041
03355,2025,25 bis unter 30 Jahre,m,5243
03355,2025,25 bis unter 30 Jahre,f,5193
03355,2025,35 bis unter 40 Jahre,m,5921
03355,2025,35 bis unter 40 Jahre,f,5550
03355,2025,80 bis unter 85 Jahre,m,2343
03355,2025,80 bis unter 85 Jahre,f,3170
03355,2025,75 bis unter 80 Jahre,m,3251
03355,2025,75 bis unter 80 Jahre,f,4018
03355,2025,20 bis unter 25 Jahre,m,4738
03355,2025,20 bis unter 25 Jahre,f,5384
03355,2025,65 bis unter 70 Jahre,f,5882
03355,2025,65 bis unter 70 Jahre,m,5445
03355,2025,10 bis unter 15 Jahre,m,4436
03355,2025,10 bis unter 15 Jahre,f,4248
01055,2025,20 bis unter 25 Jahre,m,4289
01055,2025,20 bis unter 25 Jahre,f,3765
01055,2025,55 bis unter 60 Jahre,m,8747
01055,2025,55 bis unter 60 Jahre,f,9409
01055,2025,unter 5 Jahre,m,3319
01055,2025,unter 5 Jahre,f,3386
01055,2025,75 bis unter 80 Jahre,m,5138
01055,2025,75 bis unter 80 Jahre,f,5918
01055,2025,95 Jahre und mehr,f,397
01055,2025,95 Jahre und mehr,m,115
01055,2025,40 bis unter 45 Jahre,f,5848
01055,2025,40 bis unter 45 Jahre,m,5506
01055,2025,60 bis unter 65 Jahre,m,8982
01055,2025,60 bis unter 65 Jahre,f,9759
01055,2025,80 bis unter 85 Jahre,f,5106
01055,2025,80 bis unter 85 Jahre,m,3914
01055,2025,35 bis unter 40 Jahre,m,5693
01055,2025,35 bis unter 40 Jahre,f,5659
01055,2025,5 bis unter 10 Jahre,f,4055
01055,2025,5 bis unter 10 Jahre,m,3983
01055,2025,65 bis unter 70 Jahre,f,8450
01055,2025,65 bis unter 70 Jahre,m,7426
01055,2025,85 bis unter 90 Jahre,f,4110
01055,2025,85 bis unter 90 Jahre,m,2760
01055,2025,90 bis unter 95 Jahre,m,685
01055,2025,90 bis unter 95 Jahre,f,1442
01055,2025,10 bis unter 15 Jahre,f,4065
01055,2025,10 bis unter 15 Jahre,m,4140
01055,2025,25 bis unter 30 Jahre,m,4743
01055,2025,25 bis unter 30 Jahre,f,4159
01055,2025,70 bis unter 75 Jahre,f,7205
01055,2025,70 bis unter 75 Jahre,m,6413
01055,2025,30 bis unter 35 Jahre,m,4865
01055,2025,30 bis unter 35 Jahre,f,4741
01055,2025,45 bis unter 50 Jahre,m,5452
01055,2025,45 bis unter 50 Jahre,f,6095
01055,2025,50 bis unter 55 Jahre,m,5967
01055,2025,50 bis unter 55 Jahre,f,6753
01055,2025,15 bis unter 20 Jahre,f,4253
01055,2025,15 bis unter 20 Jahre,m,4510
05711,2025,80 bis unter 85 Jahre,m,3942
05711,2025,80 bis unter 85 Jahre,f,5608
05711,2025,60 bis unter 65 Jahre,m,11301
05711,2025,60 bis unter 65 Jahre,f,11602
05711,2025,45 bis unter 50 Jahre,f,9969
05711,2025,45 bis unter 50 Jahre,m,9716
05711,2025,75 bis unter 80 Jahre,m,5112
05711,2025,75 bis unter 80 Jahre,f,6638
05711,2025,35 bis unter 40 Jahre,m,11471
05711,2025,35 bis unter 40 Jahre,f,10934
05711,2025,5 bis unter 10 Jahre,f,8004
05711,2025,5 bis unter 10 Jahre,m,8211
05711,2025,20 bis unter 25 Jahre,m,10217
05711,2025,20 bis unter 25 Jahre,f,11576
05711,2025,85 bis unter 90 Jahre,f,5429
05711,2025,85 bis unter 90 Jahre,m,3183
05711,2025,30 bis unter 35 Jahre,f,11187
05711,2025,30 bis unter 35 Jahre,m,11900
05711,2025,65 bis unter 70 Jahre,f,10254
05711,2025,65 bis unter 70 Jahre,m,8909
05711,2025,90 bis unter 95 Jahre,f,2163
05711,2025,90 bis unter 95 Jahre,m,894
05711,2025,10 bis unter 15 Jahre,m,8000
05711,2025,10 bis unter 15 Jahre,f,7577
05711,2025,55 bis unter 60 Jahre,m,11746
05711,2025,55 bis unter 60 Jahre,f,11658
05711,2025,unter 5 Jahre,m,7785
05711,2025,unter 5 Jahre,f,7368
05711,2025,15 bis unter 20 Jahre,f,8132
05711,2025,15 bis unter 20 Jahre,m,8505
05711,2025,70 bis unter 75 Jahre,m,6906
05711,2025,70 bis unter 75 Jahre,f,8388
05711,2025,95 Jahre und mehr,m,203
05711,2025,95 Jahre und mehr,f,649
05711,2025,50 bis unter 55 Jahre,f,10100
05711,2025,50 bis unter 55 Jahre,m,9802
05711,2025,40 bis unter 45 Jahre,f,10665
05711,2025,40 bis unter 45 Jahre,m,10561
05711,2025,25 bis unter 30 Jahre,m,12497
05711,2025,25 bis unter 30 Jahre,f,12657
09463,2025,90 bis unter 95 Jahre,m,126
09463,2025,90 bis unter 95 Jahre,f,298
09463,2025,70 bis unter 75 Jahre,m,1037
09463,2025,70 bis unter 75 Jahre,f,1246
09463,2025,85 bis unter 90 Jahre,m,428
09463,2025,85 bis unter 90 Jahre,f,735
09463,2025,35 bis unter 40 Jahre,f,1230
09463,2025,35 bis unter 40 Jahre,m,1544
09463,2025,65 bis unter 70 Jahre,m,1288
09463,2025,65 bis unter 70 Jahre,f,1592
09463,2025,10 bis unter 15 Jahre,m,834
09463,2025,10 bis unter 15 Jahre,f,814
09463,2025,20 bis unter 25 Jahre,f,1180
09463,2025,20 bis unter 25 Jahre,m,1235
09463,2025,50 bis unter 55 Jahre,m,1028
09463,2025,50 bis unter 55 Jahre,f,1182
09463,2025,25 bis unter 30 Jahre,m,1571
09463,2025,25 bis unter 30 Jahre,f,1360
09463,2025,5 bis unter 10 Jahre,m,862
09463,2025,5 bis unter 10 Jahre,f,843
09463,2025,40 bis unter 45 Jahre,f,1251
09463,2025,40 bis unter 45 Jahre,m,1404
09463,2025,15 bis unter 20 Jahre,m,922
09463,2025,15 bis unter 20 Jahre,f,941
09463,2025,60 bis unter 65 Jahre,f,1644
09463,2025,60 bis unter 65 Jahre,m,1442
09463,2025,30 bis unter 35 Jahre,f,1214
09463,2025,30 bis unter 35 Jahre,m,1425
09463,2025,95 Jahre und mehr,m,11
09463,2025,95 Jahre und mehr,f,81
09463,2025,80 bis unter 85 Jahre,m,605
09463,2025,80 bis unter 85 Jahre,f,817
09463,2025,unter 5 Jahre,m,815
09463,2025,unter 5 Jahre,f,794
09463,2025,75 bis unter 80 Jahre,m,798
09463,2025,75 bis unter 80 Jahre,f,1028
09463,2025,45 bis unter 50 Jahre,f,1186
09463,2025,45 bis unter 50 Jahre,m,1090
09463,2025,55 bis unter 60 Jahre,m,1466
09463,2025,55 bis unter 60 Jahre,f,1603
08435,2025,50 bis unter 55 Jahre,m,6479
08435,2025,50 bis unter 55 Jahre,f,6721
08435,2025,85 bis unter 90 Jahre,m,2823
08435,2025,85 bis unter 90 Jahre,f,4098
08435,2025,90 bis unter 95 Jahre,m,687
08435,2025,90 bis unter 95 Jahre,f,1402
08435,2025,30 bis unter 35 Jahre,m,6528
08435,2025,30 bis unter 35 Jahre,f,6127
08435,2025,65 bis unter 70 Jahre,m,7106
08435,2025,65 bis unter 70 Jahre,f,7713
08435,2025,70 bis unter 75 Jahre,m,5430
08435,2025,70 bis unter 75 Jahre,f,6672
08435,2025,45 bis unter 50 Jahre,m,6669
08435,2025,45 bis unter 50 Jahre,f,6651
08435,2025,15 bis unter 20 Jahre,f,5195
08435,2025,15 bis unter 20 Jahre,m,5684
08435,2025,5 bis unter 10 Jahre,m,5459
08435,2025,5 bis unter 10 Jahre,f,5193
08435,2025,95 Jahre und mehr,m,134
08435,2025,95 Jahre und mehr,f,321
08435,2025,55 bis unter 60 Jahre,f,8711
08435,2025,55 bis unter 60 Jahre,m,8593
08435,2025,unter 5 Jahre,f,4778
08435,2025,unter 5 Jahre,m,5080
08435,2025,35 bis unter 40 Jahre,f,7097
08435,2025,35 bis unter 40 Jahre,m,7160
08435,2025,60 bis unter 65 Jahre,f,8919
08435,2025,60 bis unter 65 Jahre,m,8584
08435,2025,80 bis unter 85 Jahre,f,4798
08435,2025,80 bis unter 85 Jahre,m,3747
08435,2025,25 bis unter 30 Jahre,m,6150
08435,2025,25 bis unter 30 Jahre,f,5495
08435,2025,40 bis unter 45 Jahre,m,6924
08435,2025,40 bis unter 45 Jahre,f,7014
08435,2025,75 bis unter 80 Jahre,f,5613
08435,2025,75 bis unter 80 Jahre,m,4570
08435,2025,20 bis unter 25 Jahre,f,4671
08435,2025,20 bis unter 25 Jahre,m,5567
08435,2025,10 bis unter 15 Jahre,f,5066
08435,2025,10 bis unter 15 Jahre,m,5266
09471,2025,45 bis unter 50 Jahre,f,4540
09471,2025,45 bis unter 50 Jahre,m,4626
09471,2025,5 bis unter 10 Jahre,f,3910
09471,2025,5 bis unter 10 Jahre,m,3921
09471,2025,10 bis unter 15 Jahre,f,3435
09471,2025,10 bis unter 15 Jahre,m,3716
09471,2025,25 bis unter 30 Jahre,f,3335
09471,2025,25 bis unter 30 Jahre,m,3838
09471,2025,30 bis unter 35 Jahre,f,3966
09471,2025,30 bis unter 35 Jahre,m,4279
09471,2025,80 bis unter 85 Jahre,m,1582
09471,2025,80 bis unter 85 Jahre,f,2008
09471,2025,50 bis unter 55 Jahre,f,4658
09471,2025,50 bis unter 55 Jahre,m,4815
09471,2025,65 bis unter 70 Jahre,f,5480
09471,2025,65 bis unter 70 Jahre,m,5346
09471,2025,90 bis unter 95 Jahre,f,710
09471,2025,90 bis unter 95 Jahre,m,302
09471,2025,75 bis unter 80 Jahre,m,2826
09471,2025,75 bis unter 80 Jahre,f,3085
09471,2025,85 bis unter 90 Jahre,m,1198
09471,2025,85 bis unter 90 Jahre,f,2151
09471,2025,20 bis unter 25 Jahre,m,3643
09471,2025,20 bis unter 25 Jahre,f,3141
09471,2025,55 bis unter 60 Jahre,m,6040
09471,2025,55 bis unter 60 Jahre,f,6176
09471,2025,unter 5 Jahre,m,3389
09471,2025,unter 5 Jahre,f,3256
09471,2025,35 bis unter 40 Jahre,f,4998
09471,2025,35 bis unter 40 Jahre,m,4971
09471,2025,95 Jahre und mehr,m,50
09471,2025,95 Jahre und mehr,f,156
09471,2025,70 bis unter 75 Jahre,m,4019
09471,2025,70 bis unter 75 Jahre,f,4242
09471,2025,40 bis unter 45 Jahre,f,4809
09471,2025,40 bis unter 45 Jahre,m,5006
09471,2025,15 bis unter 20 Jahre,f,3221
09471,2025,15 bis unter 20 Jahre,m,3627
09471,2025,60 bis unter 65 Jahre,m,6362
09471,2025,60 bis unter 65 Jahre,f,6486
03403,2025,40 bis unter 45 Jahre,f,5293
03403,2025,40 bis unter 45 Jahre,m,5330
03403,2025,15 bis unter 20 Jahre,m,4136
03403,2025,15 bis unter 20 Jahre,f,3927
03403,2025,60 bis unter 65 Jahre,f,6726
03403,2025,60 bis unter 65 Jahre,m,5923
03403,2025,20 bis unter 25 Jahre,f,6366
03403,2025,20 bis unter 25 Jahre,m,5769
03403,2025,unter 5 Jahre,m,3663
03403,2025,unter 5 Jahre,f,3532
03403,2025,55 bis unter 60 Jahre,m,6326
03403,2025,55 bis unter 60 Jahre,f,6639
03403,2025,35 bis unter 40 Jahre,f,5839
03403,2025,35 bis unter 40 Jahre,m,6249
03403,2025,75 bis unter 80 Jahre,f,3857
03403,2025,75 bis unter 80 Jahre,m,2929
03403,2025,80 bis unter 85 Jahre,m,2165
03403,2025,80 bis unter 85 Jahre,f,3000
03403,2025,70 bis unter 75 Jahre,m,3779
03403,2025,70 bis unter 75 Jahre,f,4635
03403,2025,50 bis unter 55 Jahre,m,4818
03403,2025,50 bis unter 55 Jahre,f,5106
03403,2025,45 bis unter 50 Jahre,f,5134
03403,2025,45 bis unter 50 Jahre,m,4820
03403,2025,5 bis unter 10 Jahre,m,3875
03403,2025,5 bis unter 10 Jahre,f,3731
03403,2025,65 bis unter 70 Jahre,f,5586
03403,2025,65 bis unter 70 Jahre,m,4809
03403,2025,25 bis unter 30 Jahre,m,7927
03403,2025,25 bis unter 30 Jahre,f,7964
03403,2025,90 bis unter 95 Jahre,f,896
03403,2025,90 bis unter 95 Jahre,m,386
03403,2025,85 bis unter 90 Jahre,f,2560
03403,2025,85 bis unter 90 Jahre,m,1511
03403,2025,30 bis unter 35 Jahre,m,7315
03403,2025,30 bis unter 35 Jahre,f,6621
03403,2025,10 bis unter 15 Jahre,f,3696
03403,2025,10 bis unter 15 Jahre,m,3919
03403,2025,95 Jahre und mehr,m,42
03403,2025,95 Jahre und mehr,f,256
09181,2025,60 bis unter 65 Jahre,m,5023
09181,2025,60 bis unter 65 Jahre,f,5294
09181,2025,40 bis unter 45 Jahre,m,3953
09181,2025,40 bis unter 45 Jahre,f,3967
09181,2025,20 bis unter 25 Jahre,m,2945
09181,2025,20 bis unter 25 Jahre,f,2549
09181,2025,unter 5 Jahre,m,2911
09181,2025,unter 5 Jahre,f,2719
09181,2025,95 Jahre und mehr,m,36
09181,2025,95 Jahre und mehr,f,171
09181,2025,80 bis unter 85 Jahre,f,2177
09181,2025,80 bis unter 85 Jahre,m,1832
09181,2025,5 bis unter 10 Jahre,f,3130
09181,2025,5 bis unter 10 Jahre,m,3229
09181,2025,35 bis unter 40 Jahre,m,4060
09181,2025,35 bis unter 40 Jahre,f,3826
09181,2025,45 bis unter 50 Jahre,f,3871
09181,2025,45 bis unter 50 Jahre,m,3893
09181,2025,75 bis unter 80 Jahre,m,2391
09181,2025,75 bis unter 80 Jahre,f,2772
09181,2025,85 bis unter 90 Jahre,f,1812
09181,2025,85 bis unter 90 Jahre,m,1286
09181,2025,10 bis unter 15 Jahre,f,2991
09181,2025,10 bis unter 15 Jahre,m,3151
09181,2025,55 bis unter 60 Jahre,f,5346
09181,2025,55 bis unter 60 Jahre,m,5193
09181,2025,90 bis unter 95 Jahre,f,649
09181,2025,90 bis unter 95 Jahre,m,305
09181,2025,65 bis unter 70 Jahre,f,4146
09181,2025,65 bis unter 70 Jahre,m,4008
09181,2025,70 bis unter 75 Jahre,m,2777
09181,2025,70 bis unter 75 Jahre,f,3262
09181,2025,50 bis unter 55 Jahre,m,3677
09181,2025,50 bis unter 55 Jahre,f,3952
09181,2025,25 bis unter 30 Jahre,m,3323
09181,2025,25 bis unter 30 Jahre,f,2862
09181,2025,30 bis unter 35 Jahre,f,3211
09181,2025,30 bis unter 35 Jahre,m,3617
09181,2025,15 bis unter 20 Jahre,m,3068
09181,2025,15 bis unter 20 Jahre,f,2922
08115,2025,40 bis unter 45 Jahre,m,13394
08115,2025,40 bis unter 45 Jahre,f,13503
08115,2025,80 bis unter 85 Jahre,m,5702
08115,2025,80 bis unter 85 Jahre,f,7264
08115,2025,75 bis unter 80 Jahre,m,6599
08115,2025,75 bis unter 80 Jahre,f,8216
08115,2025,60 bis unter 65 Jahre,m,14686
08115,2025,60 bis unter 65 Jahre,f,14360
08115,2025,55 bis unter 60 Jahre,m,15158
08115,2025,55 bis unter 60 Jahre,f,14587
08115,2025,5 bis unter 10 Jahre,f,10387
08115,2025,5 bis unter 10 Jahre,m,10774
08115,2025,35 bis unter 40 Jahre,m,14417
08115,2025,35 bis unter 40 Jahre,f,13787
08115,2025,20 bis unter 25 Jahre,m,10007
08115,2025,20 bis unter 25 Jahre,f,8801
08115,2025,10 bis unter 15 Jahre,f,9818
08115,2025,10 bis unter 15 Jahre,m,10239
08115,2025,unter 5 Jahre,f,9608
08115,2025,unter 5 Jahre,m,9996
08115,2025,95 Jahre und mehr,f,567
08115,2025,95 Jahre und mehr,m,212
08115,2025,65 bis unter 70 Jahre,f,12104
08115,2025,65 bis unter 70 Jahre,m,11409
08115,2025,30 bis unter 35 Jahre,f,12326
08115,2025,30 bis unter 35 Jahre,m,12634
08115,2025,90 bis unter 95 Jahre,m,1212
08115,2025,90 bis unter 95 Jahre,f,2230
08115,2025,85 bis unter 90 Jahre,f,6245
08115,2025,85 bis unter 90 Jahre,m,4244
08115,2025,50 bis unter 55 Jahre,m,12344
08115,2025,50 bis unter 55 Jahre,f,12263
08115,2025,45 bis unter 50 Jahre,m,12673
08115,2025,45 bis unter 50 Jahre,f,12713
08115,2025,15 bis unter 20 Jahre,f,9416
08115,2025,15 bis unter 20 Jahre,m,10203
08115,2025,70 bis unter 75 Jahre,m,8451
08115,2025,70 bis unter 75 Jahre,f,9831
08115,2025,25 bis unter 30 Jahre,f,10807
08115,2025,25 bis unter 30 Jahre,m,11542
05362,2025,5 bis unter 10 Jahre,m,12824
05362,2025,5 bis unter 10 Jahre,f,11939
05362,2025,85 bis unter 90 Jahre,f,7434
05362,2025,85 bis unter 90 Jahre,m,4733
05362,2025,50 bis unter 55 Jahre,f,15063
05362,2025,50 bis unter 55 Jahre,m,14644
05362,2025,25 bis unter 30 Jahre,m,13519
05362,2025,25 bis unter 30 Jahre,f,12243
05362,2025,65 bis unter 70 Jahre,f,15808
05362,2025,65 bis unter 70 Jahre,m,14649
05362,2025,70 bis unter 75 Jahre,f,13665
05362,2025,70 bis unter 75 Jahre,m,11255
05362,2025,10 bis unter 15 Jahre,f,11270
05362,2025,10 bis unter 15 Jahre,m,12201
05362,2025,45 bis unter 50 Jahre,f,15337
05362,2025,45 bis unter 50 Jahre,m,14673
05362,2025,30 bis unter 35 Jahre,f,13757
05362,2025,30 bis unter 35 Jahre,m,14218
05362,2025,95 Jahre und mehr,m,217
05362,2025,95 Jahre und mehr,f,688
05362,2025,40 bis unter 45 Jahre,m,15710
05362,2025,40 bis unter 45 Jahre,f,16218
05362,2025,20 bis unter 25 Jahre,m,12108
05362,2025,20 bis unter 25 Jahre,f,10749
05362,2025,15 bis unter 20 Jahre,f,11170
05362,2025,15 bis unter 20 Jahre,m,12115
05362,2025,75 bis unter 80 Jahre,f,11104
05362,2025,75 bis unter 80 Jahre,m,8800
05362,2025,60 bis unter 65 Jahre,f,19072
05362,2025,60 bis unter 65 Jahre,m,18460
05362,2025,80 bis unter 85 Jahre,f,8688
05362,2025,80 bis unter 85 Jahre,m,6385
05362,2025,35 bis unter 40 Jahre,m,16198
05362,2025,35 bis unter 40 Jahre,f,16086
05362,2025,55 bis unter 60 Jahre,m,18950
05362,2025,55 bis unter 60 Jahre,f,19211
05362,2025,unter 5 Jahre,m,11201
05362,2025,unter 5 Jahre,f,10496
05362,2025,90 bis unter 95 Jahre,m,1367
05362,2025,90 bis unter 95 Jahre,f,2688
09172,2025,60 bis unter 65 Jahre,f,4271
09172,2025,60 bis unter 65 Jahre,m,3942
09172,2025,40 bis unter 45 Jahre,f,3290
09172,2025,40 bis unter 45 Jahre,m,3492
09172,2025,35 bis unter 40 Jahre,m,3694
09172,2025,35 bis unter 40 Jahre,f,3385
09172,2025,unter 5 Jahre,m,2322
09172,2025,unter 5 Jahre,f,2188
09172,2025,80 bis unter 85 Jahre,f,2415
09172,2025,80 bis unter 85 Jahre,m,1724
09172,2025,75 bis unter 80 Jahre,f,2857
09172,2025,75 bis unter 80 Jahre,m,2169
09172,2025,55 bis unter 60 Jahre,f,4105
09172,2025,55 bis unter 60 Jahre,m,4012
09172,2025,15 bis unter 20 Jahre,m,2384
09172,2025,15 bis unter 20 Jahre,f,2248
09172,2025,20 bis unter 25 Jahre,m,2520
09172,2025,20 bis unter 25 Jahre,f,2396
09172,2025,70 bis unter 75 Jahre,m,2466
09172,2025,70 bis unter 75 Jahre,f,3059
09172,2025,45 bis unter 50 Jahre,f,3053
09172,2025,45 bis unter 50 Jahre,m,3124
09172,2025,50 bis unter 55 Jahre,m,3041
09172,2025,50 bis unter 55 Jahre,f,3142
09172,2025,25 bis unter 30 Jahre,m,3205
09172,2025,25 bis unter 30 Jahre,f,2869
09172,2025,95 Jahre und mehr,f,177
09172,2025,95 Jahre und mehr,m,81
09172,2025,85 bis unter 90 Jahre,f,2032
09172,2025,85 bis unter 90 Jahre,m,1288
09172,2025,5 bis unter 10 Jahre,m,2596
09172,2025,5 bis unter 10 Jahre,f,2460
09172,2025,30 bis unter 35 Jahre,f,3172
09172,2025,30 bis unter 35 Jahre,m,3338
09172,2025,10 bis unter 15 Jahre,f,2330
09172,2025,10 bis unter 15 Jahre,m,2512
09172,2025,90 bis unter 95 Jahre,f,698
09172,2025,90 bis unter 95 Jahre,m,324
09172,2025,65 bis unter 70 Jahre,f,3520
09172,2025,65 bis unter 70 Jahre,m,3217
03252,2025,70 bis unter 75 Jahre,m,4320
03252,2025,70 bis unter 75 Jahre,f,4784
03252,2025,85 bis unter 90 Jahre,m,1887
03252,2025,85 bis unter 90 Jahre,f,3110
03252,2025,90 bis unter 95 Jahre,m,554
03252,2025,90 bis unter 95 Jahre,f,1192
03252,2025,30 bis unter 35 Jahre,m,4245
03252,2025,30 bis unter 35 Jahre,f,3979
03252,2025,unter 5 Jahre,f,3127
03252,2025,unter 5 Jahre,m,3231
03252,2025,45 bis unter 50 Jahre,m,4057
03252,2025,45 bis unter 50 Jahre,f,4183
03252,2025,15 bis unter 20 Jahre,f,3309
03252,2025,15 bis unter 20 Jahre,m,3820
03252,2025,55 bis unter 60 Jahre,f,6255
03252,2025,55 bis unter 60 Jahre,m,5942
03252,2025,50 bis unter 55 Jahre,f,4530
03252,2025,50 bis unter 55 Jahre,m,4298
03252,2025,5 bis unter 10 Jahre,m,3598
03252,2025,5 bis unter 10 Jahre,f,3440
03252,2025,60 bis unter 65 Jahre,f,6534
03252,2025,60 bis unter 65 Jahre,m,6167
03252,2025,95 Jahre und mehr,m,105
03252,2025,95 Jahre und mehr,f,395
03252,2025,25 bis unter 30 Jahre,f,3663
03252,2025,25 bis unter 30 Jahre,m,4018
03252,2025,35 bis unter 40 Jahre,m,4636
03252,2025,35 bis unter 40 Jahre,f,4413
03252,2025,80 bis unter 85 Jahre,m,2319
03252,2025,80 bis unter 85 Jahre,f,3323
03252,2025,75 bis unter 80 Jahre,m,3123
03252,2025,75 bis unter 80 Jahre,f,3932
03252,2025,40 bis unter 45 Jahre,m,4416
03252,2025,40 bis unter 45 Jahre,f,4446
03252,2025,20 bis unter 25 Jahre,m,3685
03252,2025,20 bis unter 25 Jahre,f,3104
03252,2025,65 bis unter 70 Jahre,f,5666
03252,2025,65 bis unter 70 Jahre,m,5140
03252,2025,10 bis unter 15 Jahre,f,3448
03252,2025,10 bis unter 15 Jahre,m,3379
03103,2025,80 bis unter 85 Jahre,f,2477
03103,2025,80 bis unter 85 Jahre,m,1833
03103,2025,95 Jahre und mehr,f,211
03103,2025,95 Jahre und mehr,m,91
03103,2025,15 bis unter 20 Jahre,m,3313
03103,2025,15 bis unter 20 Jahre,f,2890
03103,2025,60 bis unter 65 Jahre,f,4585
03103,2025,60 bis unter 65 Jahre,m,4531
03103,2025,unter 5 Jahre,m,2986
03103,2025,unter 5 Jahre,f,2792
03103,2025,40 bis unter 45 Jahre,f,4423
03103,2025,40 bis unter 45 Jahre,m,4771
03103,2025,20 bis unter 25 Jahre,f,3164
03103,2025,20 bis unter 25 Jahre,m,3445
03103,2025,55 bis unter 60 Jahre,m,4451
03103,2025,55 bis unter 60 Jahre,f,4579
03103,2025,75 bis unter 80 Jahre,f,2701
03103,2025,75 bis unter 80 Jahre,m,2206
03103,2025,70 bis unter 75 Jahre,m,3020
03103,2025,70 bis unter 75 Jahre,f,3472
03103,2025,35 bis unter 40 Jahre,f,4465
03103,2025,35 bis unter 40 Jahre,m,4840
03103,2025,50 bis unter 55 Jahre,m,3755
03103,2025,50 bis unter 55 Jahre,f,3623
03103,2025,45 bis unter 50 Jahre,f,3980
03103,2025,45 bis unter 50 Jahre,m,4329
03103,2025,25 bis unter 30 Jahre,m,4091
03103,2025,25 bis unter 30 Jahre,f,3836
03103,2025,5 bis unter 10 Jahre,m,3699
03103,2025,5 bis unter 10 Jahre,f,3283
03103,2025,90 bis unter 95 Jahre,f,835
03103,2025,90 bis unter 95 Jahre,m,478
03103,2025,85 bis unter 90 Jahre,f,2366
03103,2025,85 bis unter 90 Jahre,m,1508
03103,2025,10 bis unter 15 Jahre,f,3098
03103,2025,10 bis unter 15 Jahre,m,3491
03103,2025,30 bis unter 35 Jahre,m,4411
03103,2025,30 bis unter 35 Jahre,f,3974
03103,2025,65 bis unter 70 Jahre,f,4110
03103,2025,65 bis unter 70 Jahre,m,3700
09377,2025,50 bis unter 55 Jahre,f,2217
09377,2025,50 bis unter 55 Jahre,m,2317
09377,2025,5 bis unter 10 Jahre,m,1645
09377,2025,5 bis unter 10 Jahre,f,1612
09377,2025,85 bis unter 90 Jahre,f,1269
09377,2025,85 bis unter 90 Jahre,m,733
09377,2025,30 bis unter 35 Jahre,f,2033
09377,2025,30 bis unter 35 Jahre,m,2154
09377,2025,45 bis unter 50 Jahre,m,2052
09377,2025,45 bis unter 50 Jahre,f,2030
09377,2025,90 bis unter 95 Jahre,f,446
09377,2025,90 bis unter 95 Jahre,m,166
09377,2025,10 bis unter 15 Jahre,m,1546
09377,2025,10 bis unter 15 Jahre,f,1578
09377,2025,25 bis unter 30 Jahre,m,2016
09377,2025,25 bis unter 30 Jahre,f,1785
09377,2025,65 bis unter 70 Jahre,f,2829
09377,2025,65 bis unter 70 Jahre,m,2751
09377,2025,70 bis unter 75 Jahre,f,2262
09377,2025,70 bis unter 75 Jahre,m,2116
09377,2025,80 bis unter 85 Jahre,m,906
09377,2025,80 bis unter 85 Jahre,f,1299
09377,2025,95 Jahre und mehr,f,102
09377,2025,95 Jahre und mehr,m,31
09377,2025,55 bis unter 60 Jahre,m,3048
09377,2025,55 bis unter 60 Jahre,f,2922
09377,2025,unter 5 Jahre,m,1496
09377,2025,unter 5 Jahre,f,1546
09377,2025,75 bis unter 80 Jahre,f,1695
09377,2025,75 bis unter 80 Jahre,m,1512
09377,2025,60 bis unter 65 Jahre,f,3202
09377,2025,60 bis unter 65 Jahre,m,3272
09377,2025,40 bis unter 45 Jahre,f,2119
09377,2025,40 bis unter 45 Jahre,m,2246
09377,2025,20 bis unter 25 Jahre,f,1526
09377,2025,20 bis unter 25 Jahre,m,1718
09377,2025,35 bis unter 40 Jahre,m,2355
09377,2025,35 bis unter 40 Jahre,f,2101
09377,2025,15 bis unter 20 Jahre,f,1531
09377,2025,15 bis unter 20 Jahre,m,1584
03361,2025,80 bis unter 85 Jahre,m,2102
03361,2025,80 bis unter 85 Jahre,f,2602
03361,2025,10 bis unter 15 Jahre,f,3427
03361,2025,10 bis unter 15 Jahre,m,3574
03361,2025,40 bis unter 45 Jahre,m,4406
03361,2025,40 bis unter 45 Jahre,f,4457
03361,2025,55 bis unter 60 Jahre,m,5537
03361,2025,55 bis unter 60 Jahre,f,5671
03361,2025,25 bis unter 30 Jahre,f,3315
03361,2025,25 bis unter 30 Jahre,m,3745
03361,2025,85 bis unter 90 Jahre,f,2297
03361,2025,85 bis unter 90 Jahre,m,1513
03361,2025,5 bis unter 10 Jahre,m,3805
03361,2025,5 bis unter 10 Jahre,f,3566
03361,2025,75 bis unter 80 Jahre,f,3376
03361,2025,75 bis unter 80 Jahre,m,2952
03361,2025,50 bis unter 55 Jahre,f,4207
03361,2025,50 bis unter 55 Jahre,m,4059
03361,2025,20 bis unter 25 Jahre,f,3056
03361,2025,20 bis unter 25 Jahre,m,3401
03361,2025,unter 5 Jahre,m,3372
03361,2025,unter 5 Jahre,f,3190
03361,2025,30 bis unter 35 Jahre,f,3843
03361,2025,30 bis unter 35 Jahre,m,4012
03361,2025,70 bis unter 75 Jahre,m,3596
03361,2025,70 bis unter 75 Jahre,f,4158
03361,2025,90 bis unter 95 Jahre,m,352
03361,2025,90 bis unter 95 Jahre,f,779
03361,2025,15 bis unter 20 Jahre,f,3363
03361,2025,15 bis unter 20 Jahre,m,3543
03361,2025,65 bis unter 70 Jahre,m,4420
03361,2025,65 bis unter 70 Jahre,f,4816
03361,2025,95 Jahre und mehr,f,223
03361,2025,95 Jahre und mehr,m,70
03361,2025,60 bis unter 65 Jahre,f,5787
03361,2025,60 bis unter 65 Jahre,m,5434
03361,2025,45 bis unter 50 Jahre,m,3897
03361,2025,45 bis unter 50 Jahre,f,3973
03361,2025,35 bis unter 40 Jahre,f,4456
03361,2025,35 bis unter 40 Jahre,m,4543
07132,2025,60 bis unter 65 Jahre,m,5535
07132,2025,60 bis unter 65 Jahre,f,5701
07132,2025,40 bis unter 45 Jahre,m,4086
07132,2025,40 bis unter 45 Jahre,f,4032
07132,2025,80 bis unter 85 Jahre,m,1673
07132,2025,80 bis unter 85 Jahre,f,2287
07132,2025,55 bis unter 60 Jahre,m,5287
07132,2025,55 bis unter 60 Jahre,f,5212
07132,2025,75 bis unter 80 Jahre,m,2544
07132,2025,75 bis unter 80 Jahre,f,3050
07132,2025,unter 5 Jahre,m,2992
07132,2025,unter 5 Jahre,f,2937
07132,2025,15 bis unter 20 Jahre,m,3347
07132,2025,15 bis unter 20 Jahre,f,3065
07132,2025,65 bis unter 70 Jahre,f,4793
07132,2025,65 bis unter 70 Jahre,m,4759
07132,2025,10 bis unter 15 Jahre,f,3104
07132,2025,10 bis unter 15 Jahre,m,3320
07132,2025,45 bis unter 50 Jahre,f,3714
07132,2025,45 bis unter 50 Jahre,m,3842
07132,2025,95 Jahre und mehr,f,224
07132,2025,95 Jahre und mehr,m,76
07132,2025,35 bis unter 40 Jahre,m,4503
07132,2025,35 bis unter 40 Jahre,f,4126
07132,2025,90 bis unter 95 Jahre,f,821
07132,2025,90 bis unter 95 Jahre,m,366
07132,2025,70 bis unter 75 Jahre,m,3647
07132,2025,70 bis unter 75 Jahre,f,4160
07132,2025,50 bis unter 55 Jahre,m,3969
07132,2025,50 bis unter 55 Jahre,f,3970
07132,2025,30 bis unter 35 Jahre,m,4030
07132,2025,30 bis unter 35 Jahre,f,3764
07132,2025,25 bis unter 30 Jahre,m,3636
07132,2025,25 bis unter 30 Jahre,f,3136
07132,2025,20 bis unter 25 Jahre,f,2773
07132,2025,20 bis unter 25 Jahre,m,3286
07132,2025,85 bis unter 90 Jahre,f,2185
07132,2025,85 bis unter 90 Jahre,m,1247
07132,2025,5 bis unter 10 Jahre,m,3481
07132,2025,5 bis unter 10 Jahre,f,3375
05974,2025,5 bis unter 10 Jahre,f,7075
05974,2025,5 bis unter 10 Jahre,m,7286
05974,2025,65 bis unter 70 Jahre,f,10952
05974,2025,65 bis unter 70 Jahre,m,10392
05974,2025,50 bis unter 55 Jahre,f,9381
05974,2025,50 bis unter 55 Jahre,m,9278
05974,2025,80 bis unter 85 Jahre,m,3769
05974,2025,80 bis unter 85 Jahre,f,5144
05974,2025,25 bis unter 30 Jahre,f,7250
05974,2025,25 bis unter 30 Jahre,m,8441
05974,2025,10 bis unter 15 Jahre,f,6862
05974,2025,10 bis unter 15 Jahre,m,7246
05974,2025,40 bis unter 45 Jahre,m,9625
05974,2025,40 bis unter 45 Jahre,f,9242
05974,2025,55 bis unter 60 Jahre,m,12376
05974,2025,55 bis unter 60 Jahre,f,12431
05974,2025,unter 5 Jahre,m,6542
05974,2025,unter 5 Jahre,f,6243
05974,2025,20 bis unter 25 Jahre,m,7639
05974,2025,20 bis unter 25 Jahre,f,6554
05974,2025,30 bis unter 35 Jahre,m,9110
05974,2025,30 bis unter 35 Jahre,f,8428
05974,2025,95 Jahre und mehr,m,156
05974,2025,95 Jahre und mehr,f,529
05974,2025,85 bis unter 90 Jahre,f,5031
05974,2025,85 bis unter 90 Jahre,m,3087
05974,2025,75 bis unter 80 Jahre,m,5719
05974,2025,75 bis unter 80 Jahre,f,6627
05974,2025,35 bis unter 40 Jahre,f,9191
05974,2025,35 bis unter 40 Jahre,m,9999
05974,2025,15 bis unter 20 Jahre,f,6956
05974,2025,15 bis unter 20 Jahre,m,7461
05974,2025,90 bis unter 95 Jahre,m,821
05974,2025,90 bis unter 95 Jahre,f,1861
05974,2025,70 bis unter 75 Jahre,f,8915
05974,2025,70 bis unter 75 Jahre,m,7864
05974,2025,60 bis unter 65 Jahre,f,12757
05974,2025,60 bis unter 65 Jahre,m,12545
05974,2025,45 bis unter 50 Jahre,m,8822
05974,2025,45 bis unter 50 Jahre,f,8850
09575,2025,40 bis unter 45 Jahre,f,3252
09575,2025,40 bis unter 45 Jahre,m,3373
09575,2025,15 bis unter 20 Jahre,m,2448
09575,2025,15 bis unter 20 Jahre,f,2254
09575,2025,60 bis unter 65 Jahre,f,4213
09575,2025,60 bis unter 65 Jahre,m,4314
09575,2025,80 bis unter 85 Jahre,f,1569
09575,2025,80 bis unter 85 Jahre,m,1158
09575,2025,35 bis unter 40 Jahre,m,3379
09575,2025,35 bis unter 40 Jahre,f,3212
09575,2025,75 bis unter 80 Jahre,f,2230
09575,2025,75 bis unter 80 Jahre,m,2098
09575,2025,55 bis unter 60 Jahre,m,4189
09575,2025,55 bis unter 60 Jahre,f,4134
09575,2025,20 bis unter 25 Jahre,m,2548
09575,2025,20 bis unter 25 Jahre,f,2140
09575,2025,unter 5 Jahre,f,2269
09575,2025,unter 5 Jahre,m,2298
09575,2025,70 bis unter 75 Jahre,m,2873
09575,2025,70 bis unter 75 Jahre,f,3073
09575,2025,25 bis unter 30 Jahre,f,2346
09575,2025,25 bis unter 30 Jahre,m,2754
09575,2025,95 Jahre und mehr,m,37
09575,2025,95 Jahre und mehr,f,138
09575,2025,45 bis unter 50 Jahre,f,2992
09575,2025,45 bis unter 50 Jahre,m,3123
09575,2025,50 bis unter 55 Jahre,m,3031
09575,2025,50 bis unter 55 Jahre,f,3078
09575,2025,5 bis unter 10 Jahre,m,2681
09575,2025,5 bis unter 10 Jahre,f,2563
09575,2025,10 bis unter 15 Jahre,f,2396
09575,2025,10 bis unter 15 Jahre,m,2442
09575,2025,30 bis unter 35 Jahre,f,2724
09575,2025,30 bis unter 35 Jahre,m,2909
09575,2025,85 bis unter 90 Jahre,m,938
09575,2025,85 bis unter 90 Jahre,f,1506
09575,2025,65 bis unter 70 Jahre,f,3686
09575,2025,65 bis unter 70 Jahre,m,3615
09575,2025,90 bis unter 95 Jahre,f,560
09575,2025,90 bis unter 95 Jahre,m,224
06535,2025,5 bis unter 10 Jahre,f,2252
06535,2025,5 bis unter 10 Jahre,m,2338
06535,2025,30 bis unter 35 Jahre,f,2431
06535,2025,30 bis unter 35 Jahre,m,2708
06535,2025,45 bis unter 50 Jahre,f,2923
06535,2025,45 bis unter 50 Jahre,m,2895
06535,2025,75 bis unter 80 Jahre,m,2381
06535,2025,75 bis unter 80 Jahre,f,2672
06535,2025,60 bis unter 65 Jahre,m,4424
06535,2025,60 bis unter 65 Jahre,f,4662
06535,2025,20 bis unter 25 Jahre,m,2271
06535,2025,20 bis unter 25 Jahre,f,1941
06535,2025,25 bis unter 30 Jahre,m,2640
06535,2025,25 bis unter 30 Jahre,f,2107
06535,2025,70 bis unter 75 Jahre,f,3384
06535,2025,70 bis unter 75 Jahre,m,3308
06535,2025,15 bis unter 20 Jahre,m,2359
06535,2025,15 bis unter 20 Jahre,f,2233
06535,2025,50 bis unter 55 Jahre,m,3152
06535,2025,50 bis unter 55 Jahre,f,3146
06535,2025,40 bis unter 45 Jahre,f,2867
06535,2025,40 bis unter 45 Jahre,m,3066
06535,2025,95 Jahre und mehr,m,67
06535,2025,95 Jahre und mehr,f,176
06535,2025,unter 5 Jahre,f,2014
06535,2025,unter 5 Jahre,m,2136
06535,2025,90 bis unter 95 Jahre,m,334
06535,2025,90 bis unter 95 Jahre,f,719
06535,2025,35 bis unter 40 Jahre,f,2873
06535,2025,35 bis unter 40 Jahre,m,3189
06535,2025,55 bis unter 60 Jahre,f,4157
06535,2025,55 bis unter 60 Jahre,m,3970
06535,2025,85 bis unter 90 Jahre,m,1170
06535,2025,85 bis unter 90 Jahre,f,1878
06535,2025,10 bis unter 15 Jahre,m,2241
06535,2025,10 bis unter 15 Jahre,f,2225
06535,2025,80 bis unter 85 Jahre,f,1676
06535,2025,80 bis unter 85 Jahre,m,1292
06535,2025,65 bis unter 70 Jahre,m,4092
06535,2025,65 bis unter 70 Jahre,f,4354
05119,2025,20 bis unter 25 Jahre,f,5132
05119,2025,20 bis unter 25 Jahre,m,5083
05119,2025,40 bis unter 45 Jahre,f,6918
05119,2025,40 bis unter 45 Jahre,m,6718
05119,2025,95 Jahre und mehr,m,96
05119,2025,95 Jahre und mehr,f,369
05119,2025,15 bis unter 20 Jahre,m,5191
05119,2025,15 bis unter 20 Jahre,f,4921
05119,2025,60 bis unter 65 Jahre,f,8497
05119,2025,60 bis unter 65 Jahre,m,8334
05119,2025,55 bis unter 60 Jahre,f,8287
05119,2025,55 bis unter 60 Jahre,m,8016
05119,2025,80 bis unter 85 Jahre,f,3572
05119,2025,80 bis unter 85 Jahre,m,2516
05119,2025,75 bis unter 80 Jahre,f,4938
05119,2025,75 bis unter 80 Jahre,m,4055
05119,2025,35 bis unter 40 Jahre,m,7546
05119,2025,35 bis unter 40 Jahre,f,7133
05119,2025,unter 5 Jahre,m,4642
05119,2025,unter 5 Jahre,f,4532
05119,2025,50 bis unter 55 Jahre,m,6400
05119,2025,50 bis unter 55 Jahre,f,6289
05119,2025,85 bis unter 90 Jahre,m,1938
05119,2025,85 bis unter 90 Jahre,f,3470
05119,2025,5 bis unter 10 Jahre,f,5234
05119,2025,5 bis unter 10 Jahre,m,5444
05119,2025,25 bis unter 30 Jahre,f,6048
05119,2025,25 bis unter 30 Jahre,m,6319
05119,2025,30 bis unter 35 Jahre,m,7052
05119,2025,30 bis unter 35 Jahre,f,6706
05119,2025,65 bis unter 70 Jahre,f,7802
05119,2025,65 bis unter 70 Jahre,m,6875
05119,2025,10 bis unter 15 Jahre,f,5000
05119,2025,10 bis unter 15 Jahre,m,5236
05119,2025,45 bis unter 50 Jahre,f,6658
05119,2025,45 bis unter 50 Jahre,m,6412
05119,2025,70 bis unter 75 Jahre,f,6388
05119,2025,70 bis unter 75 Jahre,m,5430
05119,2025,90 bis unter 95 Jahre,m,602
05119,2025,90 bis unter 95 Jahre,f,1379
09576,2025,45 bis unter 50 Jahre,m,4058
09576,2025,45 bis unter 50 Jahre,f,3827
09576,2025,90 bis unter 95 Jahre,f,708
09576,2025,90 bis unter 95 Jahre,m,316
09576,2025,10 bis unter 15 Jahre,m,3153
09576,2025,10 bis unter 15 Jahre,f,2939
09576,2025,95 Jahre und mehr,f,168
09576,2025,95 Jahre und mehr,m,44
09576,2025,65 bis unter 70 Jahre,m,4474
09576,2025,65 bis unter 70 Jahre,f,4581
09576,2025,85 bis unter 90 Jahre,m,1381
09576,2025,85 bis unter 90 Jahre,f,2095
09576,2025,70 bis unter 75 Jahre,m,3285
09576,2025,70 bis unter 75 Jahre,f,3640
09576,2025,50 bis unter 55 Jahre,f,4005
09576,2025,50 bis unter 55 Jahre,m,3835
09576,2025,5 bis unter 10 Jahre,m,3507
09576,2025,5 bis unter 10 Jahre,f,3292
09576,2025,30 bis unter 35 Jahre,m,3609
09576,2025,30 bis unter 35 Jahre,f,3538
09576,2025,15 bis unter 20 Jahre,f,2877
09576,2025,15 bis unter 20 Jahre,m,2916
09576,2025,20 bis unter 25 Jahre,f,2657
09576,2025,20 bis unter 25 Jahre,m,3084
09576,2025,75 bis unter 80 Jahre,m,2579
09576,2025,75 bis unter 80 Jahre,f,2943
09576,2025,35 bis unter 40 Jahre,m,4357
09576,2025,35 bis unter 40 Jahre,f,4249
09576,2025,unter 5 Jahre,m,2995
09576,2025,unter 5 Jahre,f,2852
09576,2025,80 bis unter 85 Jahre,f,2293
09576,2025,80 bis unter 85 Jahre,m,1744
09576,2025,55 bis unter 60 Jahre,m,5273
09576,2025,55 bis unter 60 Jahre,f,5391
09576,2025,60 bis unter 65 Jahre,f,5473
09576,2025,60 bis unter 65 Jahre,m,5378
09576,2025,40 bis unter 45 Jahre,m,4260
09576,2025,40 bis unter 45 Jahre,f,4132
09576,2025,25 bis unter 30 Jahre,f,2955
09576,2025,25 bis unter 30 Jahre,m,3347
06533,2025,60 bis unter 65 Jahre,m,7260
06533,2025,60 bis unter 65 Jahre,f,7441
06533,2025,75 bis unter 80 Jahre,m,3476
06533,2025,75 bis unter 80 Jahre,f,4077
06533,2025,20 bis unter 25 Jahre,m,4602
06533,2025,20 bis unter 25 Jahre,f,3902
06533,2025,40 bis unter 45 Jahre,m,5436
06533,2025,40 bis unter 45 Jahre,f,5312
06533,2025,35 bis unter 40 Jahre,m,5632
06533,2025,35 bis unter 40 Jahre,f,5541
06533,2025,unter 5 Jahre,m,3730
06533,2025,unter 5 Jahre,f,3695
06533,2025,30 bis unter 35 Jahre,f,4716
06533,2025,30 bis unter 35 Jahre,m,5159
06533,2025,95 Jahre und mehr,m,93
06533,2025,95 Jahre und mehr,f,258
06533,2025,25 bis unter 30 Jahre,f,4334
06533,2025,25 bis unter 30 Jahre,m,5127
06533,2025,15 bis unter 20 Jahre,m,4424
06533,2025,15 bis unter 20 Jahre,f,4118
06533,2025,5 bis unter 10 Jahre,f,4128
06533,2025,5 bis unter 10 Jahre,m,4184
06533,2025,50 bis unter 55 Jahre,f,5304
06533,2025,50 bis unter 55 Jahre,m,5235
06533,2025,85 bis unter 90 Jahre,m,1737
06533,2025,85 bis unter 90 Jahre,f,2760
06533,2025,70 bis unter 75 Jahre,m,4711
06533,2025,70 bis unter 75 Jahre,f,5248
06533,2025,90 bis unter 95 Jahre,m,447
06533,2025,90 bis unter 95 Jahre,f,1014
06533,2025,10 bis unter 15 Jahre,m,4114
06533,2025,10 bis unter 15 Jahre,f,4048
06533,2025,65 bis unter 70 Jahre,m,6026
06533,2025,65 bis unter 70 Jahre,f,6251
06533,2025,55 bis unter 60 Jahre,f,7148
06533,2025,55 bis unter 60 Jahre,m,6873
06533,2025,45 bis unter 50 Jahre,f,5186
06533,2025,45 bis unter 50 Jahre,m,5145
06533,2025,80 bis unter 85 Jahre,f,2892
06533,2025,80 bis unter 85 Jahre,m,2211
01057,2025,80 bis unter 85 Jahre,m,2524
01057,2025,80 bis unter 85 Jahre,f,3259
01057,2025,60 bis unter 65 Jahre,m,5696
01057,2025,60 bis unter 65 Jahre,f,6062
01057,2025,5 bis unter 10 Jahre,f,3053
01057,2025,5 bis unter 10 Jahre,m,3070
01057,2025,25 bis unter 30 Jahre,f,2508
01057,2025,25 bis unter 30 Jahre,m,2720
01057,2025,20 bis unter 25 Jahre,m,2705
01057,2025,20 bis unter 25 Jahre,f,2231
01057,2025,85 bis unter 90 Jahre,f,2698
01057,2025,85 bis unter 90 Jahre,m,1803
01057,2025,75 bis unter 80 Jahre,f,3768
01057,2025,75 bis unter 80 Jahre,m,3180
01057,2025,65 bis unter 70 Jahre,f,5081
01057,2025,65 bis unter 70 Jahre,m,4584
01057,2025,30 bis unter 35 Jahre,f,3190
01057,2025,30 bis unter 35 Jahre,m,3063
01057,2025,10 bis unter 15 Jahre,m,3068
01057,2025,10 bis unter 15 Jahre,f,3043
01057,2025,55 bis unter 60 Jahre,m,5570
01057,2025,55 bis unter 60 Jahre,f,6052
01057,2025,95 Jahre und mehr,f,245
01057,2025,95 Jahre und mehr,m,83
01057,2025,unter 5 Jahre,m,2563
01057,2025,unter 5 Jahre,f,2352
01057,2025,90 bis unter 95 Jahre,m,492
01057,2025,90 bis unter 95 Jahre,f,856
01057,2025,45 bis unter 50 Jahre,m,3613
01057,2025,45 bis unter 50 Jahre,f,3841
01057,2025,15 bis unter 20 Jahre,f,3027
01057,2025,15 bis unter 20 Jahre,m,3167
01057,2025,70 bis unter 75 Jahre,m,3723
01057,2025,70 bis unter 75 Jahre,f,4241
01057,2025,40 bis unter 45 Jahre,f,3971
01057,2025,40 bis unter 45 Jahre,m,3572
01057,2025,50 bis unter 55 Jahre,f,4234
01057,2025,50 bis unter 55 Jahre,m,3825
01057,2025,35 bis unter 40 Jahre,m,3674
01057,2025,35 bis unter 40 Jahre,f,3911
05154,2025,60 bis unter 65 Jahre,m,13208
05154,2025,60 bis unter 65 Jahre,f,13335
05154,2025,40 bis unter 45 Jahre,m,10574
05154,2025,40 bis unter 45 Jahre,f,9872
05154,2025,20 bis unter 25 Jahre,m,8691
05154,2025,20 bis unter 25 Jahre,f,7928
05154,2025,35 bis unter 40 Jahre,m,11387
05154,2025,35 bis unter 40 Jahre,f,10575
05154,2025,80 bis unter 85 Jahre,f,5084
05154,2025,80 bis unter 85 Jahre,m,3782
05154,2025,5 bis unter 10 Jahre,f,7478
05154,2025,5 bis unter 10 Jahre,m,7947
05154,2025,45 bis unter 50 Jahre,f,9110
05154,2025,45 bis unter 50 Jahre,m,9417
05154,2025,75 bis unter 80 Jahre,m,6157
05154,2025,75 bis unter 80 Jahre,f,7169
05154,2025,85 bis unter 90 Jahre,f,4708
05154,2025,85 bis unter 90 Jahre,m,2872
05154,2025,65 bis unter 70 Jahre,f,11041
05154,2025,65 bis unter 70 Jahre,m,10665
05154,2025,10 bis unter 15 Jahre,f,7231
05154,2025,10 bis unter 15 Jahre,m,7598
05154,2025,55 bis unter 60 Jahre,f,13131
05154,2025,55 bis unter 60 Jahre,m,12922
05154,2025,unter 5 Jahre,m,7052
05154,2025,unter 5 Jahre,f,6721
05154,2025,90 bis unter 95 Jahre,f,1829
05154,2025,90 bis unter 95 Jahre,m,786
05154,2025,70 bis unter 75 Jahre,m,8350
05154,2025,70 bis unter 75 Jahre,f,9219
05154,2025,50 bis unter 55 Jahre,m,9598
05154,2025,50 bis unter 55 Jahre,f,9779
05154,2025,25 bis unter 30 Jahre,m,9976
05154,2025,25 bis unter 30 Jahre,f,8945
05154,2025,95 Jahre und mehr,m,129
05154,2025,95 Jahre und mehr,f,471
05154,2025,30 bis unter 35 Jahre,f,9815
05154,2025,30 bis unter 35 Jahre,m,10671
05154,2025,15 bis unter 20 Jahre,m,8026
05154,2025,15 bis unter 20 Jahre,f,7119
08226,2025,15 bis unter 20 Jahre,f,12931
08226,2025,15 bis unter 20 Jahre,m,14166
08226,2025,35 bis unter 40 Jahre,f,18144
08226,2025,35 bis unter 40 Jahre,m,18650
08226,2025,20 bis unter 25 Jahre,f,12692
08226,2025,20 bis unter 25 Jahre,m,13986
08226,2025,unter 5 Jahre,f,11770
08226,2025,unter 5 Jahre,m,12377
08226,2025,75 bis unter 80 Jahre,f,13328
08226,2025,75 bis unter 80 Jahre,m,11042
08226,2025,60 bis unter 65 Jahre,f,22914
08226,2025,60 bis unter 65 Jahre,m,22197
08226,2025,90 bis unter 95 Jahre,m,1798
08226,2025,90 bis unter 95 Jahre,f,3248
08226,2025,55 bis unter 60 Jahre,m,22133
08226,2025,55 bis unter 60 Jahre,f,22525
08226,2025,45 bis unter 50 Jahre,m,17105
08226,2025,45 bis unter 50 Jahre,f,17854
08226,2025,25 bis unter 30 Jahre,m,15589
08226,2025,25 bis unter 30 Jahre,f,14454
08226,2025,50 bis unter 55 Jahre,m,16629
08226,2025,50 bis unter 55 Jahre,f,17402
08226,2025,70 bis unter 75 Jahre,f,15753
08226,2025,70 bis unter 75 Jahre,m,13666
08226,2025,80 bis unter 85 Jahre,f,10326
08226,2025,80 bis unter 85 Jahre,m,8117
08226,2025,65 bis unter 70 Jahre,f,19521
08226,2025,65 bis unter 70 Jahre,m,17854
08226,2025,85 bis unter 90 Jahre,f,9296
08226,2025,85 bis unter 90 Jahre,m,5982
08226,2025,5 bis unter 10 Jahre,m,14335
08226,2025,5 bis unter 10 Jahre,f,13614
08226,2025,95 Jahre und mehr,f,826
08226,2025,95 Jahre und mehr,m,319
08226,2025,10 bis unter 15 Jahre,f,13214
08226,2025,10 bis unter 15 Jahre,m,14148
08226,2025,40 bis unter 45 Jahre,m,17917
08226,2025,40 bis unter 45 Jahre,f,18511
08226,2025,30 bis unter 35 Jahre,m,16703
08226,2025,30 bis unter 35 Jahre,f,16061
07338,2025,80 bis unter 85 Jahre,m,2206
07338,2025,80 bis unter 85 Jahre,f,3092
07338,2025,95 Jahre und mehr,f,290
07338,2025,95 Jahre und mehr,m,90
07338,2025,40 bis unter 45 Jahre,m,5093
07338,2025,40 bis unter 45 Jahre,f,5084
07338,2025,10 bis unter 15 Jahre,f,3786
07338,2025,10 bis unter 15 Jahre,m,4019
07338,2025,65 bis unter 70 Jahre,f,5721
07338,2025,65 bis unter 70 Jahre,m,5417
07338,2025,55 bis unter 60 Jahre,m,6047
07338,2025,55 bis unter 60 Jahre,f,6311
07338,2025,25 bis unter 30 Jahre,f,3276
07338,2025,25 bis unter 30 Jahre,m,3671
07338,2025,60 bis unter 65 Jahre,f,6824
07338,2025,60 bis unter 65 Jahre,m,6614
07338,2025,70 bis unter 75 Jahre,f,4734
07338,2025,70 bis unter 75 Jahre,m,4150
07338,2025,15 bis unter 20 Jahre,m,3725
07338,2025,15 bis unter 20 Jahre,f,3425
07338,2025,45 bis unter 50 Jahre,m,4842
07338,2025,45 bis unter 50 Jahre,f,4812
07338,2025,90 bis unter 95 Jahre,f,1024
07338,2025,90 bis unter 95 Jahre,m,530
07338,2025,35 bis unter 40 Jahre,m,5183
07338,2025,35 bis unter 40 Jahre,f,5077
07338,2025,50 bis unter 55 Jahre,m,4502
07338,2025,50 bis unter 55 Jahre,f,4661
07338,2025,unter 5 Jahre,f,3479
07338,2025,unter 5 Jahre,m,3627
07338,2025,30 bis unter 35 Jahre,m,4183
07338,2025,30 bis unter 35 Jahre,f,4070
07338,2025,75 bis unter 80 Jahre,f,3841
07338,2025,75 bis unter 80 Jahre,m,3142
07338,2025,5 bis unter 10 Jahre,m,4355
07338,2025,5 bis unter 10 Jahre,f,4045
07338,2025,20 bis unter 25 Jahre,f,2887
07338,2025,20 bis unter 25 Jahre,m,3447
07338,2025,85 bis unter 90 Jahre,f,2642
07338,2025,85 bis unter 90 Jahre,m,1786
08117,2025,5 bis unter 10 Jahre,f,6473
08117,2025,5 bis unter 10 Jahre,m,6826
08117,2025,25 bis unter 30 Jahre,f,6699
08117,2025,25 bis unter 30 Jahre,m,7818
08117,2025,65 bis unter 70 Jahre,f,8718
08117,2025,65 bis unter 70 Jahre,m,8275
08117,2025,10 bis unter 15 Jahre,f,6156
08117,2025,10 bis unter 15 Jahre,m,6419
08117,2025,40 bis unter 45 Jahre,m,8198
08117,2025,40 bis unter 45 Jahre,f,8115
08117,2025,50 bis unter 55 Jahre,f,8012
08117,2025,50 bis unter 55 Jahre,m,7844
08117,2025,80 bis unter 85 Jahre,m,3680
08117,2025,80 bis unter 85 Jahre,f,4859
08117,2025,unter 5 Jahre,m,6163
08117,2025,unter 5 Jahre,f,5929
08117,2025,55 bis unter 60 Jahre,m,9843
08117,2025,55 bis unter 60 Jahre,f,9973
08117,2025,85 bis unter 90 Jahre,m,2780
08117,2025,85 bis unter 90 Jahre,f,4504
08117,2025,20 bis unter 25 Jahre,m,6907
08117,2025,20 bis unter 25 Jahre,f,5871
08117,2025,30 bis unter 35 Jahre,f,7461
08117,2025,30 bis unter 35 Jahre,m,8096
08117,2025,95 Jahre und mehr,m,146
08117,2025,95 Jahre und mehr,f,455
08117,2025,75 bis unter 80 Jahre,m,4795
08117,2025,75 bis unter 80 Jahre,f,5901
08117,2025,15 bis unter 20 Jahre,f,6110
08117,2025,15 bis unter 20 Jahre,m,6430
08117,2025,90 bis unter 95 Jahre,m,860
08117,2025,90 bis unter 95 Jahre,f,1546
08117,2025,35 bis unter 40 Jahre,f,8367
08117,2025,35 bis unter 40 Jahre,m,8770
08117,2025,70 bis unter 75 Jahre,m,6200
08117,2025,70 bis unter 75 Jahre,f,7217
08117,2025,45 bis unter 50 Jahre,m,7717
08117,2025,45 bis unter 50 Jahre,f,7664
08117,2025,60 bis unter 65 Jahre,f,10013
08117,2025,60 bis unter 65 Jahre,m,10238
03461,2025,70 bis unter 75 Jahre,f,2745
03461,2025,70 bis unter 75 Jahre,m,2539
03461,2025,25 bis unter 30 Jahre,m,2543
03461,2025,25 bis unter 30 Jahre,f,2087
03461,2025,45 bis unter 50 Jahre,m,2479
03461,2025,45 bis unter 50 Jahre,f,2476
03461,2025,90 bis unter 95 Jahre,f,554
03461,2025,90 bis unter 95 Jahre,m,260
03461,2025,50 bis unter 55 Jahre,f,2737
03461,2025,50 bis unter 55 Jahre,m,2681
03461,2025,30 bis unter 35 Jahre,m,2619
03461,2025,30 bis unter 35 Jahre,f,2436
03461,2025,5 bis unter 10 Jahre,m,2192
03461,2025,5 bis unter 10 Jahre,f,2145
03461,2025,10 bis unter 15 Jahre,m,2009
03461,2025,10 bis unter 15 Jahre,f,1930
03461,2025,85 bis unter 90 Jahre,m,965
03461,2025,85 bis unter 90 Jahre,f,1518
03461,2025,65 bis unter 70 Jahre,f,3213
03461,2025,65 bis unter 70 Jahre,m,3195
03461,2025,95 Jahre und mehr,m,51
03461,2025,95 Jahre und mehr,f,147
03461,2025,15 bis unter 20 Jahre,f,1967
03461,2025,15 bis unter 20 Jahre,m,2188
03461,2025,40 bis unter 45 Jahre,m,2543
03461,2025,40 bis unter 45 Jahre,f,2399
03461,2025,35 bis unter 40 Jahre,f,2682
03461,2025,35 bis unter 40 Jahre,m,2844
03461,2025,60 bis unter 65 Jahre,f,4007
03461,2025,60 bis unter 65 Jahre,m,3905
03461,2025,80 bis unter 85 Jahre,f,1662
03461,2025,80 bis unter 85 Jahre,m,1334
03461,2025,55 bis unter 60 Jahre,m,3813
03461,2025,55 bis unter 60 Jahre,f,3820
03461,2025,75 bis unter 80 Jahre,m,1993
03461,2025,75 bis unter 80 Jahre,f,2112
03461,2025,20 bis unter 25 Jahre,m,2277
03461,2025,20 bis unter 25 Jahre,f,1988
03461,2025,unter 5 Jahre,f,1838
03461,2025,unter 5 Jahre,m,1959
05124,2025,35 bis unter 40 Jahre,f,11956
05124,2025,35 bis unter 40 Jahre,m,12752
05124,2025,unter 5 Jahre,f,7774
05124,2025,unter 5 Jahre,m,8317
05124,2025,95 Jahre und mehr,m,183
05124,2025,95 Jahre und mehr,f,650
05124,2025,15 bis unter 20 Jahre,f,8727
05124,2025,15 bis unter 20 Jahre,m,9568
05124,2025,20 bis unter 25 Jahre,f,10292
05124,2025,20 bis unter 25 Jahre,m,10571
05124,2025,70 bis unter 75 Jahre,m,7340
05124,2025,70 bis unter 75 Jahre,f,9140
05124,2025,40 bis unter 45 Jahre,f,11167
05124,2025,40 bis unter 45 Jahre,m,11524
05124,2025,80 bis unter 85 Jahre,f,6390
05124,2025,80 bis unter 85 Jahre,m,4497
05124,2025,55 bis unter 60 Jahre,f,13145
05124,2025,55 bis unter 60 Jahre,m,13365
05124,2025,85 bis unter 90 Jahre,m,3386
05124,2025,85 bis unter 90 Jahre,f,5829
05124,2025,30 bis unter 35 Jahre,m,12471
05124,2025,30 bis unter 35 Jahre,f,11490
05124,2025,50 bis unter 55 Jahre,m,10314
05124,2025,50 bis unter 55 Jahre,f,10480
05124,2025,25 bis unter 30 Jahre,m,12221
05124,2025,25 bis unter 30 Jahre,f,11356
05124,2025,60 bis unter 65 Jahre,f,13508
05124,2025,60 bis unter 65 Jahre,m,13506
05124,2025,5 bis unter 10 Jahre,m,9233
05124,2025,5 bis unter 10 Jahre,f,8636
05124,2025,45 bis unter 50 Jahre,f,10398
05124,2025,45 bis unter 50 Jahre,m,10486
05124,2025,65 bis unter 70 Jahre,f,11262
05124,2025,65 bis unter 70 Jahre,m,10559
05124,2025,75 bis unter 80 Jahre,m,5989
05124,2025,75 bis unter 80 Jahre,f,7856
05124,2025,10 bis unter 15 Jahre,m,9174
05124,2025,10 bis unter 15 Jahre,f,8462
05124,2025,90 bis unter 95 Jahre,f,2252
05124,2025,90 bis unter 95 Jahre,m,1017
05378,2025,70 bis unter 75 Jahre,m,7066
05378,2025,70 bis unter 75 Jahre,f,8131
05378,2025,50 bis unter 55 Jahre,m,8532
05378,2025,50 bis unter 55 Jahre,f,9055
05378,2025,90 bis unter 95 Jahre,m,1065
05378,2025,90 bis unter 95 Jahre,f,1953
05378,2025,85 bis unter 90 Jahre,m,3436
05378,2025,85 bis unter 90 Jahre,f,5236
05378,2025,10 bis unter 15 Jahre,m,7047
05378,2025,10 bis unter 15 Jahre,f,6560
05378,2025,65 bis unter 70 Jahre,m,9654
05378,2025,65 bis unter 70 Jahre,f,10128
05378,2025,35 bis unter 40 Jahre,f,9101
05378,2025,35 bis unter 40 Jahre,m,8860
05378,2025,25 bis unter 30 Jahre,m,7043
05378,2025,25 bis unter 30 Jahre,f,6189
05378,2025,40 bis unter 45 Jahre,f,9238
05378,2025,40 bis unter 45 Jahre,m,8685
05378,2025,95 Jahre und mehr,m,173
05378,2025,95 Jahre und mehr,f,535
05378,2025,30 bis unter 35 Jahre,f,7480
05378,2025,30 bis unter 35 Jahre,m,7481
05378,2025,60 bis unter 65 Jahre,f,12679
05378,2025,60 bis unter 65 Jahre,m,12357
05378,2025,15 bis unter 20 Jahre,m,6935
05378,2025,15 bis unter 20 Jahre,f,6562
05378,2025,5 bis unter 10 Jahre,m,7005
05378,2025,5 bis unter 10 Jahre,f,6894
05378,2025,20 bis unter 25 Jahre,m,6617
05378,2025,20 bis unter 25 Jahre,f,5829
05378,2025,unter 5 Jahre,m,6217
05378,2025,unter 5 Jahre,f,5764
05378,2025,45 bis unter 50 Jahre,f,8734
05378,2025,45 bis unter 50 Jahre,m,8094
05378,2025,75 bis unter 80 Jahre,m,5383
05378,2025,75 bis unter 80 Jahre,f,6963
05378,2025,80 bis unter 85 Jahre,f,6180
05378,2025,80 bis unter 85 Jahre,m,4432
05378,2025,55 bis unter 60 Jahre,f,12544
05378,2025,55 bis unter 60 Jahre,m,11938
07318,2025,50 bis unter 55 Jahre,m,1410
07318,2025,50 bis unter 55 Jahre,f,1589
07318,2025,85 bis unter 90 Jahre,m,512
07318,2025,85 bis unter 90 Jahre,f,906
07318,2025,30 bis unter 35 Jahre,m,1554
07318,2025,30 bis unter 35 Jahre,f,1465
07318,2025,10 bis unter 15 Jahre,m,1084
07318,2025,10 bis unter 15 Jahre,f,1057
07318,2025,45 bis unter 50 Jahre,m,1426
07318,2025,45 bis unter 50 Jahre,f,1503
07318,2025,15 bis unter 20 Jahre,f,1058
07318,2025,15 bis unter 20 Jahre,m,1173
07318,2025,90 bis unter 95 Jahre,f,332
07318,2025,90 bis unter 95 Jahre,m,153
07318,2025,95 Jahre und mehr,m,29
07318,2025,95 Jahre und mehr,f,114
07318,2025,70 bis unter 75 Jahre,m,1300
07318,2025,70 bis unter 75 Jahre,f,1625
07318,2025,75 bis unter 80 Jahre,f,1260
07318,2025,75 bis unter 80 Jahre,m,964
07318,2025,20 bis unter 25 Jahre,f,1018
07318,2025,20 bis unter 25 Jahre,m,1216
07318,2025,unter 5 Jahre,f,1034
07318,2025,unter 5 Jahre,m,1079
07318,2025,65 bis unter 70 Jahre,f,1883
07318,2025,65 bis unter 70 Jahre,m,1689
07318,2025,40 bis unter 45 Jahre,m,1485
07318,2025,40 bis unter 45 Jahre,f,1502
07318,2025,80 bis unter 85 Jahre,m,668
07318,2025,80 bis unter 85 Jahre,f,1018
07318,2025,60 bis unter 65 Jahre,m,1956
07318,2025,60 bis unter 65 Jahre,f,2062
07318,2025,55 bis unter 60 Jahre,m,1877
07318,2025,55 bis unter 60 Jahre,f,2039
07318,2025,5 bis unter 10 Jahre,f,1016
07318,2025,5 bis unter 10 Jahre,m,1154
07318,2025,35 bis unter 40 Jahre,m,1623
07318,2025,35 bis unter 40 Jahre,f,1435
07318,2025,25 bis unter 30 Jahre,f,1392
07318,2025,25 bis unter 30 Jahre,m,1375
09277,2025,60 bis unter 65 Jahre,m,4906
09277,2025,60 bis unter 65 Jahre,f,5061
09277,2025,40 bis unter 45 Jahre,m,3820
09277,2025,40 bis unter 45 Jahre,f,3714
09277,2025,20 bis unter 25 Jahre,m,3214
09277,2025,20 bis unter 25 Jahre,f,2730
09277,2025,unter 5 Jahre,m,2816
09277,2025,unter 5 Jahre,f,2669
09277,2025,80 bis unter 85 Jahre,m,1578
09277,2025,80 bis unter 85 Jahre,f,2083
09277,2025,25 bis unter 30 Jahre,f,3153
09277,2025,25 bis unter 30 Jahre,m,3528
09277,2025,95 Jahre und mehr,f,182
09277,2025,95 Jahre und mehr,m,45
09277,2025,55 bis unter 60 Jahre,m,4737
09277,2025,55 bis unter 60 Jahre,f,4819
09277,2025,65 bis unter 70 Jahre,f,4588
09277,2025,65 bis unter 70 Jahre,m,4224
09277,2025,35 bis unter 40 Jahre,f,3695
09277,2025,35 bis unter 40 Jahre,m,3868
09277,2025,15 bis unter 20 Jahre,m,3025
09277,2025,15 bis unter 20 Jahre,f,2726
09277,2025,70 bis unter 75 Jahre,f,3613
09277,2025,70 bis unter 75 Jahre,m,3267
09277,2025,45 bis unter 50 Jahre,f,3521
09277,2025,45 bis unter 50 Jahre,m,3646
09277,2025,50 bis unter 55 Jahre,m,3764
09277,2025,50 bis unter 55 Jahre,f,3607
09277,2025,85 bis unter 90 Jahre,m,1119
09277,2025,85 bis unter 90 Jahre,f,1872
09277,2025,90 bis unter 95 Jahre,m,317
09277,2025,90 bis unter 95 Jahre,f,712
09277,2025,30 bis unter 35 Jahre,m,3834
09277,2025,30 bis unter 35 Jahre,f,3459
09277,2025,5 bis unter 10 Jahre,m,3090
09277,2025,5 bis unter 10 Jahre,f,2785
09277,2025,10 bis unter 15 Jahre,f,2721
09277,2025,10 bis unter 15 Jahre,m,2872
09277,2025,75 bis unter 80 Jahre,f,2830
09277,2025,75 bis unter 80 Jahre,m,2428
06531,2025,80 bis unter 85 Jahre,f,4009
06531,2025,80 bis unter 85 Jahre,m,3107
06531,2025,35 bis unter 40 Jahre,m,9560
06531,2025,35 bis unter 40 Jahre,f,8719
06531,2025,55 bis unter 60 Jahre,m,9134
06531,2025,55 bis unter 60 Jahre,f,9335
06531,2025,75 bis unter 80 Jahre,m,4858
06531,2025,75 bis unter 80 Jahre,f,5848
06531,2025,40 bis unter 45 Jahre,m,8230
06531,2025,40 bis unter 45 Jahre,f,7938
06531,2025,95 Jahre und mehr,f,384
06531,2025,95 Jahre und mehr,m,144
06531,2025,20 bis unter 25 Jahre,f,10167
06531,2025,20 bis unter 25 Jahre,m,8857
06531,2025,unter 5 Jahre,m,5954
06531,2025,unter 5 Jahre,f,5624
06531,2025,15 bis unter 20 Jahre,m,6380
06531,2025,15 bis unter 20 Jahre,f,6372
06531,2025,60 bis unter 65 Jahre,f,9990
06531,2025,60 bis unter 65 Jahre,m,9566
06531,2025,5 bis unter 10 Jahre,f,6317
06531,2025,5 bis unter 10 Jahre,m,6569
06531,2025,25 bis unter 30 Jahre,f,10654
06531,2025,25 bis unter 30 Jahre,m,10778
06531,2025,85 bis unter 90 Jahre,m,2487
06531,2025,85 bis unter 90 Jahre,f,3720
06531,2025,30 bis unter 35 Jahre,m,9947
06531,2025,30 bis unter 35 Jahre,f,8882
06531,2025,70 bis unter 75 Jahre,f,7189
06531,2025,70 bis unter 75 Jahre,m,6392
06531,2025,45 bis unter 50 Jahre,m,7437
06531,2025,45 bis unter 50 Jahre,f,7398
06531,2025,90 bis unter 95 Jahre,f,1522
06531,2025,90 bis unter 95 Jahre,m,630
06531,2025,10 bis unter 15 Jahre,m,5976
06531,2025,10 bis unter 15 Jahre,f,5995
06531,2025,50 bis unter 55 Jahre,f,7307
06531,2025,50 bis unter 55 Jahre,m,7210
06531,2025,65 bis unter 70 Jahre,m,8007
06531,2025,65 bis unter 70 Jahre,f,8690
09272,2025,5 bis unter 10 Jahre,f,1818
09272,2025,5 bis unter 10 Jahre,m,1765
09272,2025,30 bis unter 35 Jahre,f,2131
09272,2025,30 bis unter 35 Jahre,m,2313
09272,2025,60 bis unter 65 Jahre,m,3441
09272,2025,60 bis unter 65 Jahre,f,3691
09272,2025,75 bis unter 80 Jahre,m,1846
09272,2025,75 bis unter 80 Jahre,f,1850
09272,2025,45 bis unter 50 Jahre,f,2209
09272,2025,45 bis unter 50 Jahre,m,2240
09272,2025,90 bis unter 95 Jahre,f,466
09272,2025,90 bis unter 95 Jahre,m,172
09272,2025,35 bis unter 40 Jahre,m,2426
09272,2025,35 bis unter 40 Jahre,f,2336
09272,2025,80 bis unter 85 Jahre,f,1298
09272,2025,80 bis unter 85 Jahre,m,922
09272,2025,unter 5 Jahre,m,1680
09272,2025,unter 5 Jahre,f,1501
09272,2025,10 bis unter 15 Jahre,m,1766
09272,2025,10 bis unter 15 Jahre,f,1636
09272,2025,65 bis unter 70 Jahre,m,3153
09272,2025,65 bis unter 70 Jahre,f,3305
09272,2025,85 bis unter 90 Jahre,f,1209
09272,2025,85 bis unter 90 Jahre,m,680
09272,2025,55 bis unter 60 Jahre,m,3165
09272,2025,55 bis unter 60 Jahre,f,3254
09272,2025,95 Jahre und mehr,m,36
09272,2025,95 Jahre und mehr,f,102
09272,2025,15 bis unter 20 Jahre,f,1535
09272,2025,15 bis unter 20 Jahre,m,1770
09272,2025,20 bis unter 25 Jahre,f,1743
09272,2025,20 bis unter 25 Jahre,m,1997
09272,2025,70 bis unter 75 Jahre,m,2512
09272,2025,70 bis unter 75 Jahre,f,2610
09272,2025,25 bis unter 30 Jahre,m,2180
09272,2025,25 bis unter 30 Jahre,f,1923
09272,2025,40 bis unter 45 Jahre,f,2356
09272,2025,40 bis unter 45 Jahre,m,2389
09272,2025,50 bis unter 55 Jahre,m,2475
09272,2025,50 bis unter 55 Jahre,f,2540
06433,2025,35 bis unter 40 Jahre,f,9257
06433,2025,35 bis unter 40 Jahre,m,9448
06433,2025,unter 5 Jahre,f,6236
06433,2025,unter 5 Jahre,m,6763
06433,2025,95 Jahre und mehr,f,324
06433,2025,95 Jahre und mehr,m,103
06433,2025,15 bis unter 20 Jahre,f,6620
06433,2025,15 bis unter 20 Jahre,m,7185
06433,2025,40 bis unter 45 Jahre,f,9349
06433,2025,40 bis unter 45 Jahre,m,9342
06433,2025,70 bis unter 75 Jahre,m,5612
06433,2025,70 bis unter 75 Jahre,f,6472
06433,2025,80 bis unter 85 Jahre,f,4457
06433,2025,80 bis unter 85 Jahre,m,3240
06433,2025,85 bis unter 90 Jahre,m,2369
06433,2025,85 bis unter 90 Jahre,f,3757
06433,2025,55 bis unter 60 Jahre,f,10086
06433,2025,55 bis unter 60 Jahre,m,10675
06433,2025,20 bis unter 25 Jahre,m,7884
06433,2025,20 bis unter 25 Jahre,f,6628
06433,2025,65 bis unter 70 Jahre,m,7509
06433,2025,65 bis unter 70 Jahre,f,7885
06433,2025,45 bis unter 50 Jahre,m,8769
06433,2025,45 bis unter 50 Jahre,f,9118
06433,2025,90 bis unter 95 Jahre,f,1306
06433,2025,90 bis unter 95 Jahre,m,632
06433,2025,10 bis unter 15 Jahre,m,7155
06433,2025,10 bis unter 15 Jahre,f,6729
06433,2025,75 bis unter 80 Jahre,m,4662
06433,2025,75 bis unter 80 Jahre,f,5651
06433,2025,25 bis unter 30 Jahre,f,7310
06433,2025,25 bis unter 30 Jahre,m,8559
06433,2025,30 bis unter 35 Jahre,f,7934
06433,2025,30 bis unter 35 Jahre,m,8590
06433,2025,60 bis unter 65 Jahre,m,10142
06433,2025,60 bis unter 65 Jahre,f,9730
06433,2025,5 bis unter 10 Jahre,f,6901
06433,2025,5 bis unter 10 Jahre,m,7308
06433,2025,50 bis unter 55 Jahre,f,8284
06433,2025,50 bis unter 55 Jahre,m,8633
03241001,2025,50 bis unter 55 Jahre,m,15365
03241001,2025,50 bis unter 55 Jahre,f,15510
03241001,2025,60 bis unter 65 Jahre,f,17455
03241001,2025,60 bis unter 65 Jahre,m,17174
03241001,2025,40 bis unter 45 Jahre,f,17018
03241001,2025,40 bis unter 45 Jahre,m,16929
03241001,2025,85 bis unter 90 Jahre,m,4687
03241001,2025,85 bis unter 90 Jahre,f,8107
03241001,2025,30 bis unter 35 Jahre,m,23204
03241001,2025,30 bis unter 35 Jahre,f,20279
03241001,2025,55 bis unter 60 Jahre,f,17934
03241001,2025,55 bis unter 60 Jahre,m,18264
03241001,2025,10 bis unter 15 Jahre,m,11294
03241001,2025,10 bis unter 15 Jahre,f,10677
03241001,2025,75 bis unter 80 Jahre,f,10221
03241001,2025,75 bis unter 80 Jahre,m,7940
03241001,2025,80 bis unter 85 Jahre,f,8721
03241001,2025,80 bis unter 85 Jahre,m,5877
03241001,2025,unter 5 Jahre,f,11040
03241001,2025,unter 5 Jahre,m,11502
03241001,2025,45 bis unter 50 Jahre,m,15526
03241001,2025,45 bis unter 50 Jahre,f,16164
03241001,2025,15 bis unter 20 Jahre,f,11487
03241001,2025,15 bis unter 20 Jahre,m,12223
03241001,2025,70 bis unter 75 Jahre,m,9969
03241001,2025,70 bis unter 75 Jahre,f,12398
03241001,2025,5 bis unter 10 Jahre,f,10779
03241001,2025,5 bis unter 10 Jahre,m,11528
03241001,2025,25 bis unter 30 Jahre,m,24297
03241001,2025,25 bis unter 30 Jahre,f,23295
03241001,2025,20 bis unter 25 Jahre,f,17770
03241001,2025,20 bis unter 25 Jahre,m,16711
03241001,2025,35 bis unter 40 Jahre,m,19425
03241001,2025,35 bis unter 40 Jahre,f,17989
03241001,2025,90 bis unter 95 Jahre,f,3258
03241001,2025,90 bis unter 95 Jahre,m,1393
03241001,2025,65 bis unter 70 Jahre,f,14737
03241001,2025,65 bis unter 70 Jahre,m,13274
03241001,2025,95 Jahre und mehr,f,1081
03241001,2025,95 Jahre und mehr,m,301
03354,2025,75 bis unter 80 Jahre,m,1279
03354,2025,75 bis unter 80 Jahre,f,1358
03354,2025,40 bis unter 45 Jahre,m,1254
03354,2025,40 bis unter 45 Jahre,f,1307
03354,2025,60 bis unter 65 Jahre,m,2089
03354,2025,60 bis unter 65 Jahre,f,2258
03354,2025,80 bis unter 85 Jahre,m,899
03354,2025,80 bis unter 85 Jahre,f,1107
03354,2025,35 bis unter 40 Jahre,m,1240
03354,2025,35 bis unter 40 Jahre,f,1233
03354,2025,5 bis unter 10 Jahre,f,1022
03354,2025,5 bis unter 10 Jahre,m,1018
03354,2025,20 bis unter 25 Jahre,m,1028
03354,2025,20 bis unter 25 Jahre,f,837
03354,2025,55 bis unter 60 Jahre,f,1975
03354,2025,55 bis unter 60 Jahre,m,1901
03354,2025,10 bis unter 15 Jahre,f,986
03354,2025,10 bis unter 15 Jahre,m,1068
03354,2025,30 bis unter 35 Jahre,f,1053
03354,2025,30 bis unter 35 Jahre,m,1058
03354,2025,85 bis unter 90 Jahre,f,979
03354,2025,85 bis unter 90 Jahre,m,606
03354,2025,65 bis unter 70 Jahre,f,2079
03354,2025,65 bis unter 70 Jahre,m,1915
03354,2025,unter 5 Jahre,f,794
03354,2025,unter 5 Jahre,m,857
03354,2025,90 bis unter 95 Jahre,m,164
03354,2025,90 bis unter 95 Jahre,f,339
03354,2025,50 bis unter 55 Jahre,m,1322
03354,2025,50 bis unter 55 Jahre,f,1393
03354,2025,45 bis unter 50 Jahre,m,1291
03354,2025,45 bis unter 50 Jahre,f,1374
03354,2025,70 bis unter 75 Jahre,m,1568
03354,2025,70 bis unter 75 Jahre,f,1798
03354,2025,95 Jahre und mehr,f,92
03354,2025,95 Jahre und mehr,m,30
03354,2025,15 bis unter 20 Jahre,f,934
03354,2025,15 bis unter 20 Jahre,m,1116
03354,2025,25 bis unter 30 Jahre,m,987
03354,2025,25 bis unter 30 Jahre,f,863
03401,2025,15 bis unter 20 Jahre,f,1891
03401,2025,15 bis unter 20 Jahre,m,2245
03401,2025,35 bis unter 40 Jahre,f,2626
03401,2025,35 bis unter 40 Jahre,m,2766
03401,2025,90 bis unter 95 Jahre,m,223
03401,2025,90 bis unter 95 Jahre,f,457
03401,2025,55 bis unter 60 Jahre,f,3063
03401,2025,55 bis unter 60 Jahre,m,2991
03401,2025,70 bis unter 75 Jahre,m,1843
03401,2025,70 bis unter 75 Jahre,f,2253
03401,2025,75 bis unter 80 Jahre,f,2005
03401,2025,75 bis unter 80 Jahre,m,1531
03401,2025,40 bis unter 45 Jahre,f,2483
03401,2025,40 bis unter 45 Jahre,m,2513
03401,2025,unter 5 Jahre,f,1799
03401,2025,unter 5 Jahre,m,1946
03401,2025,30 bis unter 35 Jahre,m,2621
03401,2025,30 bis unter 35 Jahre,f,2447
03401,2025,45 bis unter 50 Jahre,m,2305
03401,2025,45 bis unter 50 Jahre,f,2458
03401,2025,95 Jahre und mehr,m,43
03401,2025,95 Jahre und mehr,f,136
03401,2025,60 bis unter 65 Jahre,f,3096
03401,2025,60 bis unter 65 Jahre,m,3109
03401,2025,80 bis unter 85 Jahre,f,1503
03401,2025,80 bis unter 85 Jahre,m,1200
03401,2025,50 bis unter 55 Jahre,m,2536
03401,2025,50 bis unter 55 Jahre,f,2542
03401,2025,25 bis unter 30 Jahre,m,2545
03401,2025,25 bis unter 30 Jahre,f,2296
03401,2025,10 bis unter 15 Jahre,f,1915
03401,2025,10 bis unter 15 Jahre,m,2062
03401,2025,5 bis unter 10 Jahre,f,2062
03401,2025,5 bis unter 10 Jahre,m,2164
03401,2025,65 bis unter 70 Jahre,f,2630
03401,2025,65 bis unter 70 Jahre,m,2329
03401,2025,85 bis unter 90 Jahre,m,866
03401,2025,85 bis unter 90 Jahre,f,1383
03401,2025,20 bis unter 25 Jahre,m,2326
03401,2025,20 bis unter 25 Jahre,f,2065
09772,2025,20 bis unter 25 Jahre,f,5820
09772,2025,20 bis unter 25 Jahre,m,6646
09772,2025,55 bis unter 60 Jahre,f,10534
09772,2025,55 bis unter 60 Jahre,m,10237
09772,2025,35 bis unter 40 Jahre,f,8859
09772,2025,35 bis unter 40 Jahre,m,9062
09772,2025,75 bis unter 80 Jahre,f,5863
09772,2025,75 bis unter 80 Jahre,m,4933
09772,2025,40 bis unter 45 Jahre,f,8823
09772,2025,40 bis unter 45 Jahre,m,8878
09772,2025,15 bis unter 20 Jahre,f,6083
09772,2025,15 bis unter 20 Jahre,m,6554
09772,2025,unter 5 Jahre,f,5981
09772,2025,unter 5 Jahre,m,6540
09772,2025,50 bis unter 55 Jahre,m,8116
09772,2025,50 bis unter 55 Jahre,f,8062
09772,2025,95 Jahre und mehr,m,120
09772,2025,95 Jahre und mehr,f,380
09772,2025,60 bis unter 65 Jahre,m,10529
09772,2025,60 bis unter 65 Jahre,f,10597
09772,2025,70 bis unter 75 Jahre,m,6312
09772,2025,70 bis unter 75 Jahre,f,7155
09772,2025,80 bis unter 85 Jahre,f,4772
09772,2025,80 bis unter 85 Jahre,m,3693
09772,2025,25 bis unter 30 Jahre,m,7066
09772,2025,25 bis unter 30 Jahre,f,6294
09772,2025,10 bis unter 15 Jahre,f,6543
09772,2025,10 bis unter 15 Jahre,m,6992
09772,2025,45 bis unter 50 Jahre,f,8096
09772,2025,45 bis unter 50 Jahre,m,8404
09772,2025,30 bis unter 35 Jahre,f,7431
09772,2025,30 bis unter 35 Jahre,m,7632
09772,2025,5 bis unter 10 Jahre,f,7231
09772,2025,5 bis unter 10 Jahre,m,7498
09772,2025,90 bis unter 95 Jahre,f,1460
09772,2025,90 bis unter 95 Jahre,m,669
09772,2025,65 bis unter 70 Jahre,f,8750
09772,2025,65 bis unter 70 Jahre,m,8275
09772,2025,85 bis unter 90 Jahre,m,2500
09772,2025,85 bis unter 90 Jahre,f,3991
06635,2025,30 bis unter 35 Jahre,m,4562
06635,2025,30 bis unter 35 Jahre,f,4125
06635,2025,50 bis unter 55 Jahre,m,4525
06635,2025,50 bis unter 55 Jahre,f,4855
06635,2025,10 bis unter 15 Jahre,m,3709
06635,2025,10 bis unter 15 Jahre,f,3504
06635,2025,25 bis unter 30 Jahre,m,4472
06635,2025,25 bis unter 30 Jahre,f,3736
06635,2025,70 bis unter 75 Jahre,f,4792
06635,2025,70 bis unter 75 Jahre,m,4437
06635,2025,85 bis unter 90 Jahre,f,2715
06635,2025,85 bis unter 90 Jahre,m,1675
06635,2025,65 bis unter 70 Jahre,m,5574
06635,2025,65 bis unter 70 Jahre,f,5899
06635,2025,90 bis unter 95 Jahre,m,419
06635,2025,90 bis unter 95 Jahre,f,936
06635,2025,95 Jahre und mehr,m,62
06635,2025,95 Jahre und mehr,f,231
06635,2025,45 bis unter 50 Jahre,f,4575
06635,2025,45 bis unter 50 Jahre,m,4331
06635,2025,unter 5 Jahre,f,3095
06635,2025,unter 5 Jahre,m,3299
06635,2025,35 bis unter 40 Jahre,f,4503
06635,2025,35 bis unter 40 Jahre,m,4848
06635,2025,80 bis unter 85 Jahre,f,2844
06635,2025,80 bis unter 85 Jahre,m,2000
06635,2025,55 bis unter 60 Jahre,f,6366
06635,2025,55 bis unter 60 Jahre,m,6357
06635,2025,40 bis unter 45 Jahre,m,4615
06635,2025,40 bis unter 45 Jahre,f,4556
06635,2025,60 bis unter 65 Jahre,m,6747
06635,2025,60 bis unter 65 Jahre,f,6752
06635,2025,75 bis unter 80 Jahre,m,3328
06635,2025,75 bis unter 80 Jahre,f,3855
06635,2025,15 bis unter 20 Jahre,m,3968
06635,2025,15 bis unter 20 Jahre,f,3623
06635,2025,20 bis unter 25 Jahre,f,3262
06635,2025,20 bis unter 25 Jahre,m,3989
06635,2025,5 bis unter 10 Jahre,m,3767
06635,2025,5 bis unter 10 Jahre,f,3529
09464,2025,5 bis unter 10 Jahre,f,1095
09464,2025,5 bis unter 10 Jahre,m,1101
09464,2025,25 bis unter 30 Jahre,f,1414
09464,2025,25 bis unter 30 Jahre,m,1929
09464,2025,95 Jahre und mehr,f,92
09464,2025,95 Jahre und mehr,m,24
09464,2025,10 bis unter 15 Jahre,f,1071
09464,2025,10 bis unter 15 Jahre,m,1103
09464,2025,60 bis unter 65 Jahre,m,1669
09464,2025,60 bis unter 65 Jahre,f,1779
09464,2025,85 bis unter 90 Jahre,f,896
09464,2025,85 bis unter 90 Jahre,m,442
09464,2025,30 bis unter 35 Jahre,f,1340
09464,2025,30 bis unter 35 Jahre,m,1614
09464,2025,75 bis unter 80 Jahre,m,901
09464,2025,75 bis unter 80 Jahre,f,1249
09464,2025,45 bis unter 50 Jahre,f,1338
09464,2025,45 bis unter 50 Jahre,m,1288
09464,2025,70 bis unter 75 Jahre,f,1493
09464,2025,70 bis unter 75 Jahre,m,1129
09464,2025,90 bis unter 95 Jahre,f,314
09464,2025,90 bis unter 95 Jahre,m,130
09464,2025,35 bis unter 40 Jahre,m,1596
09464,2025,35 bis unter 40 Jahre,f,1395
09464,2025,unter 5 Jahre,m,1014
09464,2025,unter 5 Jahre,f,911
09464,2025,80 bis unter 85 Jahre,f,952
09464,2025,80 bis unter 85 Jahre,m,637
09464,2025,55 bis unter 60 Jahre,m,1611
09464,2025,55 bis unter 60 Jahre,f,1744
09464,2025,65 bis unter 70 Jahre,m,1417
09464,2025,65 bis unter 70 Jahre,f,1561
09464,2025,15 bis unter 20 Jahre,f,1020
09464,2025,15 bis unter 20 Jahre,m,1196
09464,2025,20 bis unter 25 Jahre,f,1241
09464,2025,20 bis unter 25 Jahre,m,1524
09464,2025,50 bis unter 55 Jahre,m,1290
09464,2025,50 bis unter 55 Jahre,f,1357
09464,2025,40 bis unter 45 Jahre,f,1348
09464,2025,40 bis unter 45 Jahre,m,1399
09375,2025,25 bis unter 30 Jahre,f,4625
09375,2025,25 bis unter 30 Jahre,m,5217
09375,2025,5 bis unter 10 Jahre,f,5088
09375,2025,5 bis unter 10 Jahre,m,5295
09375,2025,10 bis unter 15 Jahre,f,4738
09375,2025,10 bis unter 15 Jahre,m,5085
09375,2025,85 bis unter 90 Jahre,f,2627
09375,2025,85 bis unter 90 Jahre,m,1720
09375,2025,30 bis unter 35 Jahre,f,5359
09375,2025,30 bis unter 35 Jahre,m,5638
09375,2025,70 bis unter 75 Jahre,f,5586
09375,2025,70 bis unter 75 Jahre,m,5073
09375,2025,95 Jahre und mehr,f,259
09375,2025,95 Jahre und mehr,m,76
09375,2025,60 bis unter 65 Jahre,m,7895
09375,2025,60 bis unter 65 Jahre,f,8018
09375,2025,75 bis unter 80 Jahre,m,3810
09375,2025,75 bis unter 80 Jahre,f,4268
09375,2025,45 bis unter 50 Jahre,f,6383
09375,2025,45 bis unter 50 Jahre,m,6301
09375,2025,55 bis unter 60 Jahre,m,7959
09375,2025,55 bis unter 60 Jahre,f,7866
09375,2025,90 bis unter 95 Jahre,f,958
09375,2025,90 bis unter 95 Jahre,m,457
09375,2025,35 bis unter 40 Jahre,m,6706
09375,2025,35 bis unter 40 Jahre,f,6488
09375,2025,80 bis unter 85 Jahre,f,2920
09375,2025,80 bis unter 85 Jahre,m,2473
09375,2025,unter 5 Jahre,m,4754
09375,2025,unter 5 Jahre,f,4436
09375,2025,65 bis unter 70 Jahre,m,6570
09375,2025,65 bis unter 70 Jahre,f,6824
09375,2025,15 bis unter 20 Jahre,f,4493
09375,2025,15 bis unter 20 Jahre,m,5050
09375,2025,20 bis unter 25 Jahre,f,4266
09375,2025,20 bis unter 25 Jahre,m,5186
09375,2025,40 bis unter 45 Jahre,m,6633
09375,2025,40 bis unter 45 Jahre,f,6530
09375,2025,50 bis unter 55 Jahre,m,6322
09375,2025,50 bis unter 55 Jahre,f,6458
05162,2025,35 bis unter 40 Jahre,f,15064
05162,2025,35 bis unter 40 Jahre,m,14710
05162,2025,15 bis unter 20 Jahre,f,10798
05162,2025,15 bis unter 20 Jahre,m,11358
05162,2025,55 bis unter 60 Jahre,f,18945
05162,2025,55 bis unter 60 Jahre,m,18411
05162,2025,90 bis unter 95 Jahre,m,1402
05162,2025,90 bis unter 95 Jahre,f,2891
05162,2025,70 bis unter 75 Jahre,m,10995
05162,2025,70 bis unter 75 Jahre,f,13229
05162,2025,40 bis unter 45 Jahre,f,15505
05162,2025,40 bis unter 45 Jahre,m,14816
05162,2025,75 bis unter 80 Jahre,f,10914
05162,2025,75 bis unter 80 Jahre,m,8528
05162,2025,unter 5 Jahre,f,9387
05162,2025,unter 5 Jahre,m,10112
05162,2025,30 bis unter 35 Jahre,m,13024
05162,2025,30 bis unter 35 Jahre,f,12453
05162,2025,95 Jahre und mehr,f,733
05162,2025,95 Jahre und mehr,m,250
05162,2025,45 bis unter 50 Jahre,m,14575
05162,2025,45 bis unter 50 Jahre,f,14826
05162,2025,80 bis unter 85 Jahre,f,8684
05162,2025,80 bis unter 85 Jahre,m,6148
05162,2025,60 bis unter 65 Jahre,f,18795
05162,2025,60 bis unter 65 Jahre,m,18212
05162,2025,50 bis unter 55 Jahre,m,14099
05162,2025,50 bis unter 55 Jahre,f,14557
05162,2025,25 bis unter 30 Jahre,m,12004
05162,2025,25 bis unter 30 Jahre,f,10731
05162,2025,5 bis unter 10 Jahre,f,11463
05162,2025,5 bis unter 10 Jahre,m,11931
05162,2025,10 bis unter 15 Jahre,f,11066
05162,2025,10 bis unter 15 Jahre,m,11681
05162,2025,65 bis unter 70 Jahre,f,15840
05162,2025,65 bis unter 70 Jahre,m,14472
05162,2025,85 bis unter 90 Jahre,m,4771
05162,2025,85 bis unter 90 Jahre,f,7802
05162,2025,20 bis unter 25 Jahre,m,10974
05162,2025,20 bis unter 25 Jahre,f,9459
01051,2025,15 bis unter 20 Jahre,f,3108
01051,2025,15 bis unter 20 Jahre,m,3295
01051,2025,20 bis unter 25 Jahre,f,2916
01051,2025,20 bis unter 25 Jahre,m,3269
01051,2025,50 bis unter 55 Jahre,m,4040
01051,2025,50 bis unter 55 Jahre,f,4059
01051,2025,75 bis unter 80 Jahre,f,3586
01051,2025,75 bis unter 80 Jahre,m,3112
01051,2025,65 bis unter 70 Jahre,m,4820
01051,2025,65 bis unter 70 Jahre,f,5223
01051,2025,90 bis unter 95 Jahre,m,348
01051,2025,90 bis unter 95 Jahre,f,885
01051,2025,95 Jahre und mehr,m,65
01051,2025,95 Jahre und mehr,f,243
01051,2025,60 bis unter 65 Jahre,f,5933
01051,2025,60 bis unter 65 Jahre,m,5703
01051,2025,35 bis unter 40 Jahre,f,3751
01051,2025,35 bis unter 40 Jahre,m,4075
01051,2025,80 bis unter 85 Jahre,f,2760
01051,2025,80 bis unter 85 Jahre,m,2185
01051,2025,45 bis unter 50 Jahre,m,3567
01051,2025,45 bis unter 50 Jahre,f,3739
01051,2025,70 bis unter 75 Jahre,f,4309
01051,2025,70 bis unter 75 Jahre,m,4010
01051,2025,25 bis unter 30 Jahre,m,3759
01051,2025,25 bis unter 30 Jahre,f,3392
01051,2025,55 bis unter 60 Jahre,m,5683
01051,2025,55 bis unter 60 Jahre,f,5870
01051,2025,unter 5 Jahre,f,2528
01051,2025,unter 5 Jahre,m,2633
01051,2025,5 bis unter 10 Jahre,f,2903
01051,2025,5 bis unter 10 Jahre,m,3019
01051,2025,40 bis unter 45 Jahre,m,3669
01051,2025,40 bis unter 45 Jahre,f,3635
01051,2025,10 bis unter 15 Jahre,f,2953
01051,2025,10 bis unter 15 Jahre,m,3038
01051,2025,85 bis unter 90 Jahre,f,2462
01051,2025,85 bis unter 90 Jahre,m,1599
01051,2025,30 bis unter 35 Jahre,f,3430
01051,2025,30 bis unter 35 Jahre,m,3831
07111,2025,15 bis unter 20 Jahre,m,2655
07111,2025,15 bis unter 20 Jahre,f,2372
07111,2025,unter 5 Jahre,m,2294
07111,2025,unter 5 Jahre,f,2237
07111,2025,60 bis unter 65 Jahre,f,3889
07111,2025,60 bis unter 65 Jahre,m,3819
07111,2025,55 bis unter 60 Jahre,m,3826
07111,2025,55 bis unter 60 Jahre,f,3866
07111,2025,20 bis unter 25 Jahre,m,3509
07111,2025,20 bis unter 25 Jahre,f,3707
07111,2025,75 bis unter 80 Jahre,f,2643
07111,2025,75 bis unter 80 Jahre,m,1908
07111,2025,80 bis unter 85 Jahre,f,2158
07111,2025,80 bis unter 85 Jahre,m,1493
07111,2025,40 bis unter 45 Jahre,m,3583
07111,2025,40 bis unter 45 Jahre,f,3337
07111,2025,35 bis unter 40 Jahre,m,4367
07111,2025,35 bis unter 40 Jahre,f,3694
07111,2025,95 Jahre und mehr,f,274
07111,2025,95 Jahre und mehr,m,76
07111,2025,25 bis unter 30 Jahre,f,4586
07111,2025,25 bis unter 30 Jahre,m,5136
07111,2025,45 bis unter 50 Jahre,f,3170
07111,2025,45 bis unter 50 Jahre,m,3271
07111,2025,50 bis unter 55 Jahre,m,2953
07111,2025,50 bis unter 55 Jahre,f,2924
07111,2025,70 bis unter 75 Jahre,f,3237
07111,2025,70 bis unter 75 Jahre,m,2535
07111,2025,5 bis unter 10 Jahre,m,2515
07111,2025,5 bis unter 10 Jahre,f,2342
07111,2025,30 bis unter 35 Jahre,f,4070
07111,2025,30 bis unter 35 Jahre,m,4949
07111,2025,85 bis unter 90 Jahre,m,1185
07111,2025,85 bis unter 90 Jahre,f,2082
07111,2025,65 bis unter 70 Jahre,f,3444
07111,2025,65 bis unter 70 Jahre,m,3046
07111,2025,90 bis unter 95 Jahre,f,780
07111,2025,90 bis unter 95 Jahre,m,358
07111,2025,10 bis unter 15 Jahre,f,2244
07111,2025,10 bis unter 15 Jahre,m,2486
06636,2025,80 bis unter 85 Jahre,m,1522
06636,2025,80 bis unter 85 Jahre,f,2014
06636,2025,40 bis unter 45 Jahre,m,2860
06636,2025,40 bis unter 45 Jahre,f,2834
06636,2025,75 bis unter 80 Jahre,m,2332
06636,2025,75 bis unter 80 Jahre,f,2642
06636,2025,55 bis unter 60 Jahre,m,3928
06636,2025,55 bis unter 60 Jahre,f,4102
06636,2025,60 bis unter 65 Jahre,m,4253
06636,2025,60 bis unter 65 Jahre,f,4370
06636,2025,unter 5 Jahre,m,1992
06636,2025,unter 5 Jahre,f,1834
06636,2025,85 bis unter 90 Jahre,f,1889
06636,2025,85 bis unter 90 Jahre,m,1113
06636,2025,50 bis unter 55 Jahre,f,3042
06636,2025,50 bis unter 55 Jahre,m,2928
06636,2025,5 bis unter 10 Jahre,m,2313
06636,2025,5 bis unter 10 Jahre,f,2008
06636,2025,15 bis unter 20 Jahre,m,2215
06636,2025,15 bis unter 20 Jahre,f,2071
06636,2025,30 bis unter 35 Jahre,f,2478
06636,2025,30 bis unter 35 Jahre,m,2874
06636,2025,25 bis unter 30 Jahre,f,2188
06636,2025,25 bis unter 30 Jahre,m,2671
06636,2025,20 bis unter 25 Jahre,m,2413
06636,2025,20 bis unter 25 Jahre,f,1924
06636,2025,70 bis unter 75 Jahre,m,2980
06636,2025,70 bis unter 75 Jahre,f,3293
06636,2025,95 Jahre und mehr,f,175
06636,2025,95 Jahre und mehr,m,58
06636,2025,90 bis unter 95 Jahre,m,313
06636,2025,90 bis unter 95 Jahre,f,666
06636,2025,10 bis unter 15 Jahre,m,2171
06636,2025,10 bis unter 15 Jahre,f,2049
06636,2025,65 bis unter 70 Jahre,m,3689
06636,2025,65 bis unter 70 Jahre,f,3936
06636,2025,35 bis unter 40 Jahre,f,2855
06636,2025,35 bis unter 40 Jahre,m,3040
06636,2025,45 bis unter 50 Jahre,f,2693
06636,2025,45 bis unter 50 Jahre,m,2705
05366,2025,90 bis unter 95 Jahre,m,473
05366,2025,90 bis unter 95 Jahre,f,1112
05366,2025,70 bis unter 75 Jahre,m,5647
05366,2025,70 bis unter 75 Jahre,f,6153
05366,2025,15 bis unter 20 Jahre,f,4470
05366,2025,15 bis unter 20 Jahre,m,5053
05366,2025,55 bis unter 60 Jahre,f,8500
05366,2025,55 bis unter 60 Jahre,m,8180
05366,2025,85 bis unter 90 Jahre,m,1982
05366,2025,85 bis unter 90 Jahre,f,3163
05366,2025,25 bis unter 30 Jahre,m,5540
05366,2025,25 bis unter 30 Jahre,f,4931
05366,2025,60 bis unter 65 Jahre,f,9101
05366,2025,60 bis unter 65 Jahre,m,8534
05366,2025,5 bis unter 10 Jahre,m,5174
05366,2025,5 bis unter 10 Jahre,f,4926
05366,2025,50 bis unter 55 Jahre,f,6127
05366,2025,50 bis unter 55 Jahre,m,5844
05366,2025,40 bis unter 45 Jahre,f,6252
05366,2025,40 bis unter 45 Jahre,m,6280
05366,2025,30 bis unter 35 Jahre,m,5997
05366,2025,30 bis unter 35 Jahre,f,5569
05366,2025,35 bis unter 40 Jahre,f,6442
05366,2025,35 bis unter 40 Jahre,m,6679
05366,2025,80 bis unter 85 Jahre,m,2535
05366,2025,80 bis unter 85 Jahre,f,3380
05366,2025,95 Jahre und mehr,f,340
05366,2025,95 Jahre und mehr,m,91
05366,2025,75 bis unter 80 Jahre,m,4063
05366,2025,75 bis unter 80 Jahre,f,4640
05366,2025,45 bis unter 50 Jahre,f,5935
05366,2025,45 bis unter 50 Jahre,m,5981
05366,2025,20 bis unter 25 Jahre,m,5068
05366,2025,20 bis unter 25 Jahre,f,4260
05366,2025,unter 5 Jahre,m,4619
05366,2025,unter 5 Jahre,f,4187
05366,2025,10 bis unter 15 Jahre,m,4930
05366,2025,10 bis unter 15 Jahre,f,4584
05366,2025,65 bis unter 70 Jahre,f,7591
05366,2025,65 bis unter 70 Jahre,m,7303
05758,2025,10 bis unter 15 Jahre,f,6128
05758,2025,10 bis unter 15 Jahre,m,6199
05758,2025,65 bis unter 70 Jahre,f,9130
05758,2025,65 bis unter 70 Jahre,m,8517
05758,2025,45 bis unter 50 Jahre,f,7715
05758,2025,45 bis unter 50 Jahre,m,7518
05758,2025,25 bis unter 30 Jahre,f,6008
05758,2025,25 bis unter 30 Jahre,m,7324
05758,2025,50 bis unter 55 Jahre,f,8106
05758,2025,50 bis unter 55 Jahre,m,7630
05758,2025,30 bis unter 35 Jahre,f,6821
05758,2025,30 bis unter 35 Jahre,m,7556
05758,2025,5 bis unter 10 Jahre,f,6260
05758,2025,5 bis unter 10 Jahre,m,6348
05758,2025,80 bis unter 85 Jahre,m,3392
05758,2025,80 bis unter 85 Jahre,f,4405
05758,2025,90 bis unter 95 Jahre,f,1842
05758,2025,90 bis unter 95 Jahre,m,875
05758,2025,85 bis unter 90 Jahre,m,2808
05758,2025,85 bis unter 90 Jahre,f,4564
05758,2025,95 Jahre und mehr,f,509
05758,2025,95 Jahre und mehr,m,186
05758,2025,75 bis unter 80 Jahre,m,4794
05758,2025,75 bis unter 80 Jahre,f,5620
05758,2025,20 bis unter 25 Jahre,m,6674
05758,2025,20 bis unter 25 Jahre,f,5668
05758,2025,55 bis unter 60 Jahre,m,9982
05758,2025,55 bis unter 60 Jahre,f,10377
05758,2025,unter 5 Jahre,m,5506
05758,2025,unter 5 Jahre,f,5382
05758,2025,40 bis unter 45 Jahre,f,7949
05758,2025,40 bis unter 45 Jahre,m,7895
05758,2025,70 bis unter 75 Jahre,m,6445
05758,2025,70 bis unter 75 Jahre,f,7224
05758,2025,15 bis unter 20 Jahre,f,6233
05758,2025,15 bis unter 20 Jahre,m,6619
05758,2025,35 bis unter 40 Jahre,m,8246
05758,2025,35 bis unter 40 Jahre,f,7942
05758,2025,60 bis unter 65 Jahre,m,10234
05758,2025,60 bis unter 65 Jahre,f,10800
05915,2025,60 bis unter 65 Jahre,m,6525
05915,2025,60 bis unter 65 Jahre,f,6628
05915,2025,75 bis unter 80 Jahre,m,3154
05915,2025,75 bis unter 80 Jahre,f,4012
05915,2025,80 bis unter 85 Jahre,m,2273
05915,2025,80 bis unter 85 Jahre,f,2997
05915,2025,20 bis unter 25 Jahre,m,5391
05915,2025,20 bis unter 25 Jahre,f,4868
05915,2025,95 Jahre und mehr,f,317
05915,2025,95 Jahre und mehr,m,97
05915,2025,55 bis unter 60 Jahre,m,6723
05915,2025,55 bis unter 60 Jahre,f,6594
05915,2025,40 bis unter 45 Jahre,m,5576
05915,2025,40 bis unter 45 Jahre,f,5576
05915,2025,unter 5 Jahre,m,4099
05915,2025,unter 5 Jahre,f,3928
05915,2025,65 bis unter 70 Jahre,f,6009
05915,2025,65 bis unter 70 Jahre,m,5320
05915,2025,45 bis unter 50 Jahre,f,5577
05915,2025,45 bis unter 50 Jahre,m,5694
05915,2025,10 bis unter 15 Jahre,f,4266
05915,2025,10 bis unter 15 Jahre,m,4401
05915,2025,35 bis unter 40 Jahre,m,6123
05915,2025,35 bis unter 40 Jahre,f,5777
05915,2025,90 bis unter 95 Jahre,f,1126
05915,2025,90 bis unter 95 Jahre,m,414
05915,2025,50 bis unter 55 Jahre,m,5537
05915,2025,50 bis unter 55 Jahre,f,5656
05915,2025,70 bis unter 75 Jahre,m,4270
05915,2025,70 bis unter 75 Jahre,f,5202
05915,2025,85 bis unter 90 Jahre,m,1674
05915,2025,85 bis unter 90 Jahre,f,2742
05915,2025,25 bis unter 30 Jahre,m,6020
05915,2025,25 bis unter 30 Jahre,f,5193
05915,2025,30 bis unter 35 Jahre,f,5196
05915,2025,30 bis unter 35 Jahre,m,5929
05915,2025,15 bis unter 20 Jahre,m,4821
05915,2025,15 bis unter 20 Jahre,f,4459
05915,2025,5 bis unter 10 Jahre,f,4421
05915,2025,5 bis unter 10 Jahre,m,4523
05370,2025,20 bis unter 25 Jahre,m,6574
05370,2025,20 bis unter 25 Jahre,f,5539
05370,2025,40 bis unter 45 Jahre,m,8494
05370,2025,40 bis unter 45 Jahre,f,8444
05370,2025,35 bis unter 40 Jahre,m,9016
05370,2025,35 bis unter 40 Jahre,f,8778
05370,2025,60 bis unter 65 Jahre,m,11239
05370,2025,60 bis unter 65 Jahre,f,11399
05370,2025,55 bis unter 60 Jahre,m,10606
05370,2025,55 bis unter 60 Jahre,f,10625
05370,2025,75 bis unter 80 Jahre,m,5094
05370,2025,75 bis unter 80 Jahre,f,5868
05370,2025,80 bis unter 85 Jahre,m,3171
05370,2025,80 bis unter 85 Jahre,f,4382
05370,2025,unter 5 Jahre,f,5632
05370,2025,unter 5 Jahre,m,5990
05370,2025,10 bis unter 15 Jahre,f,6129
05370,2025,10 bis unter 15 Jahre,m,6216
05370,2025,5 bis unter 10 Jahre,f,6465
05370,2025,5 bis unter 10 Jahre,m,6833
05370,2025,65 bis unter 70 Jahre,f,9725
05370,2025,65 bis unter 70 Jahre,m,9343
05370,2025,30 bis unter 35 Jahre,f,7719
05370,2025,30 bis unter 35 Jahre,m,8162
05370,2025,90 bis unter 95 Jahre,m,679
05370,2025,90 bis unter 95 Jahre,f,1438
05370,2025,85 bis unter 90 Jahre,f,4064
05370,2025,85 bis unter 90 Jahre,m,2473
05370,2025,50 bis unter 55 Jahre,f,8125
05370,2025,50 bis unter 55 Jahre,m,7771
05370,2025,45 bis unter 50 Jahre,m,7739
05370,2025,45 bis unter 50 Jahre,f,7908
05370,2025,15 bis unter 20 Jahre,f,6093
05370,2025,15 bis unter 20 Jahre,m,6704
05370,2025,70 bis unter 75 Jahre,m,7165
05370,2025,70 bis unter 75 Jahre,f,7777
05370,2025,95 Jahre und mehr,m,97
05370,2025,95 Jahre und mehr,f,389
05370,2025,25 bis unter 30 Jahre,f,6354
05370,2025,25 bis unter 30 Jahre,m,7288
08231,2025,90 bis unter 95 Jahre,m,386
08231,2025,90 bis unter 95 Jahre,f,872
08231,2025,70 bis unter 75 Jahre,m,2723
08231,2025,70 bis unter 75 Jahre,f,3410
08231,2025,10 bis unter 15 Jahre,m,3538
08231,2025,10 bis unter 15 Jahre,f,3316
08231,2025,35 bis unter 40 Jahre,f,4548
08231,2025,35 bis unter 40 Jahre,m,4854
08231,2025,65 bis unter 70 Jahre,m,3624
08231,2025,65 bis unter 70 Jahre,f,4006
08231,2025,50 bis unter 55 Jahre,m,3891
08231,2025,50 bis unter 55 Jahre,f,4025
08231,2025,25 bis unter 30 Jahre,m,4897
08231,2025,25 bis unter 30 Jahre,f,4523
08231,2025,20 bis unter 25 Jahre,f,4048
08231,2025,20 bis unter 25 Jahre,m,4305
08231,2025,80 bis unter 85 Jahre,f,2301
08231,2025,80 bis unter 85 Jahre,m,1529
08231,2025,75 bis unter 80 Jahre,f,2882
08231,2025,75 bis unter 80 Jahre,m,2068
08231,2025,unter 5 Jahre,f,3187
08231,2025,unter 5 Jahre,m,3386
08231,2025,55 bis unter 60 Jahre,f,4522
08231,2025,55 bis unter 60 Jahre,m,4543
08231,2025,45 bis unter 50 Jahre,m,4047
08231,2025,45 bis unter 50 Jahre,f,4113
08231,2025,95 Jahre und mehr,m,111
08231,2025,95 Jahre und mehr,f,257
08231,2025,60 bis unter 65 Jahre,m,4467
08231,2025,60 bis unter 65 Jahre,f,4591
08231,2025,40 bis unter 45 Jahre,m,4458
08231,2025,40 bis unter 45 Jahre,f,4210
08231,2025,5 bis unter 10 Jahre,f,3523
08231,2025,5 bis unter 10 Jahre,m,3547
08231,2025,85 bis unter 90 Jahre,f,2180
08231,2025,85 bis unter 90 Jahre,m,1225
08231,2025,15 bis unter 20 Jahre,m,3572
08231,2025,15 bis unter 20 Jahre,f,3366
08231,2025,30 bis unter 35 Jahre,f,4442
08231,2025,30 bis unter 35 Jahre,m,4929
08211,2025,60 bis unter 65 Jahre,m,2386
08211,2025,60 bis unter 65 Jahre,f,2261
08211,2025,75 bis unter 80 Jahre,m,1246
08211,2025,75 bis unter 80 Jahre,f,1698
08211,2025,80 bis unter 85 Jahre,m,972
08211,2025,80 bis unter 85 Jahre,f,1363
08211,2025,unter 5 Jahre,m,1137
08211,2025,unter 5 Jahre,f,1018
08211,2025,55 bis unter 60 Jahre,m,2289
08211,2025,55 bis unter 60 Jahre,f,2245
08211,2025,15 bis unter 20 Jahre,m,1310
08211,2025,15 bis unter 20 Jahre,f,1210
08211,2025,25 bis unter 30 Jahre,f,1453
08211,2025,25 bis unter 30 Jahre,m,1472
08211,2025,10 bis unter 15 Jahre,f,1202
08211,2025,10 bis unter 15 Jahre,m,1243
08211,2025,40 bis unter 45 Jahre,m,1642
08211,2025,40 bis unter 45 Jahre,f,1868
08211,2025,30 bis unter 35 Jahre,f,1571
08211,2025,30 bis unter 35 Jahre,m,1535
08211,2025,50 bis unter 55 Jahre,f,1859
08211,2025,50 bis unter 55 Jahre,m,1623
08211,2025,5 bis unter 10 Jahre,m,1196
08211,2025,5 bis unter 10 Jahre,f,1240
08211,2025,85 bis unter 90 Jahre,f,1294
08211,2025,85 bis unter 90 Jahre,m,805
08211,2025,20 bis unter 25 Jahre,f,1211
08211,2025,20 bis unter 25 Jahre,m,1267
08211,2025,70 bis unter 75 Jahre,m,1492
08211,2025,70 bis unter 75 Jahre,f,1853
08211,2025,65 bis unter 70 Jahre,m,2009
08211,2025,65 bis unter 70 Jahre,f,2020
08211,2025,90 bis unter 95 Jahre,m,263
08211,2025,90 bis unter 95 Jahre,f,436
08211,2025,95 Jahre und mehr,f,160
08211,2025,95 Jahre und mehr,m,60
08211,2025,45 bis unter 50 Jahre,f,1914
08211,2025,45 bis unter 50 Jahre,m,1579
08211,2025,35 bis unter 40 Jahre,f,1860
08211,2025,35 bis unter 40 Jahre,m,1690
09573,2025,15 bis unter 20 Jahre,f,2519
09573,2025,15 bis unter 20 Jahre,m,2785
09573,2025,35 bis unter 40 Jahre,f,3931
09573,2025,35 bis unter 40 Jahre,m,3857
09573,2025,95 Jahre und mehr,m,57
09573,2025,95 Jahre und mehr,f,195
09573,2025,20 bis unter 25 Jahre,f,2266
09573,2025,20 bis unter 25 Jahre,m,2558
09573,2025,unter 5 Jahre,f,2517
09573,2025,unter 5 Jahre,m,2711
09573,2025,40 bis unter 45 Jahre,f,4058
09573,2025,40 bis unter 45 Jahre,m,3919
09573,2025,70 bis unter 75 Jahre,m,3050
09573,2025,70 bis unter 75 Jahre,f,3532
09573,2025,55 bis unter 60 Jahre,f,4890
09573,2025,55 bis unter 60 Jahre,m,4559
09573,2025,85 bis unter 90 Jahre,m,1278
09573,2025,85 bis unter 90 Jahre,f,2029
09573,2025,80 bis unter 85 Jahre,f,2424
09573,2025,80 bis unter 85 Jahre,m,1865
09573,2025,50 bis unter 55 Jahre,m,3520
09573,2025,50 bis unter 55 Jahre,f,3685
09573,2025,25 bis unter 30 Jahre,m,2734
09573,2025,25 bis unter 30 Jahre,f,2584
09573,2025,30 bis unter 35 Jahre,m,3281
09573,2025,30 bis unter 35 Jahre,f,3196
09573,2025,5 bis unter 10 Jahre,m,3176
09573,2025,5 bis unter 10 Jahre,f,2974
09573,2025,60 bis unter 65 Jahre,f,5079
09573,2025,60 bis unter 65 Jahre,m,4731
09573,2025,45 bis unter 50 Jahre,f,3875
09573,2025,45 bis unter 50 Jahre,m,3685
09573,2025,65 bis unter 70 Jahre,f,4237
09573,2025,65 bis unter 70 Jahre,m,3805
09573,2025,10 bis unter 15 Jahre,m,2935
09573,2025,10 bis unter 15 Jahre,f,2789
09573,2025,90 bis unter 95 Jahre,f,743
09573,2025,90 bis unter 95 Jahre,m,290
09573,2025,75 bis unter 80 Jahre,m,2464
09573,2025,75 bis unter 80 Jahre,f,3004
03241,2025,25 bis unter 30 Jahre,f,37588
03241,2025,25 bis unter 30 Jahre,m,40507
03241,2025,45 bis unter 50 Jahre,f,35770
03241,2025,45 bis unter 50 Jahre,m,34356
03241,2025,65 bis unter 70 Jahre,f,35821
03241,2025,65 bis unter 70 Jahre,m,32973
03241,2025,85 bis unter 90 Jahre,f,19887
03241,2025,85 bis unter 90 Jahre,m,12180
03241,2025,5 bis unter 10 Jahre,m,27591
03241,2025,5 bis unter 10 Jahre,f,26513
03241,2025,80 bis unter 85 Jahre,m,15256
03241,2025,80 bis unter 85 Jahre,f,21913
03241,2025,50 bis unter 55 Jahre,f,34601
03241,2025,50 bis unter 55 Jahre,m,33927
03241,2025,10 bis unter 15 Jahre,f,25528
03241,2025,10 bis unter 15 Jahre,m,27117
03241,2025,40 bis unter 45 Jahre,m,36562
03241,2025,40 bis unter 45 Jahre,f,37323
03241,2025,20 bis unter 25 Jahre,m,31939
03241,2025,20 bis unter 25 Jahre,f,30754
03241,2025,unter 5 Jahre,m,25399
03241,2025,unter 5 Jahre,f,24050
03241,2025,75 bis unter 80 Jahre,m,20011
03241,2025,75 bis unter 80 Jahre,f,25000
03241,2025,30 bis unter 35 Jahre,m,40209
03241,2025,30 bis unter 35 Jahre,f,36537
03241,2025,15 bis unter 20 Jahre,f,26403
03241,2025,15 bis unter 20 Jahre,m,28294
03241,2025,35 bis unter 40 Jahre,f,37553
03241,2025,35 bis unter 40 Jahre,m,39161
03241,2025,95 Jahre und mehr,f,2208
03241,2025,95 Jahre und mehr,m,643
03241,2025,60 bis unter 65 Jahre,f,42731
03241,2025,60 bis unter 65 Jahre,m,41999
03241,2025,90 bis unter 95 Jahre,m,3420
03241,2025,90 bis unter 95 Jahre,f,7553
03241,2025,55 bis unter 60 Jahre,m,43200
03241,2025,55 bis unter 60 Jahre,f,43190
03241,2025,70 bis unter 75 Jahre,f,30094
03241,2025,70 bis unter 75 Jahre,m,25367
08421,2025,65 bis unter 70 Jahre,m,3001
08421,2025,65 bis unter 70 Jahre,f,3673
08421,2025,30 bis unter 35 Jahre,m,5748
08421,2025,30 bis unter 35 Jahre,f,4815
08421,2025,10 bis unter 15 Jahre,m,2920
08421,2025,10 bis unter 15 Jahre,f,3010
08421,2025,85 bis unter 90 Jahre,m,1249
08421,2025,85 bis unter 90 Jahre,f,1898
08421,2025,50 bis unter 55 Jahre,m,3857
08421,2025,50 bis unter 55 Jahre,f,3751
08421,2025,25 bis unter 30 Jahre,m,5982
08421,2025,25 bis unter 30 Jahre,f,5516
08421,2025,90 bis unter 95 Jahre,f,712
08421,2025,90 bis unter 95 Jahre,m,349
08421,2025,45 bis unter 50 Jahre,m,3931
08421,2025,45 bis unter 50 Jahre,f,3873
08421,2025,5 bis unter 10 Jahre,m,2941
08421,2025,5 bis unter 10 Jahre,f,2901
08421,2025,35 bis unter 40 Jahre,f,4232
08421,2025,35 bis unter 40 Jahre,m,5045
08421,2025,unter 5 Jahre,f,2839
08421,2025,unter 5 Jahre,m,3012
08421,2025,55 bis unter 60 Jahre,f,4247
08421,2025,55 bis unter 60 Jahre,m,4196
08421,2025,70 bis unter 75 Jahre,m,2529
08421,2025,70 bis unter 75 Jahre,f,3143
08421,2025,80 bis unter 85 Jahre,f,2246
08421,2025,80 bis unter 85 Jahre,m,1639
08421,2025,60 bis unter 65 Jahre,m,3854
08421,2025,60 bis unter 65 Jahre,f,4028
08421,2025,20 bis unter 25 Jahre,m,4473
08421,2025,20 bis unter 25 Jahre,f,4860
08421,2025,75 bis unter 80 Jahre,m,2102
08421,2025,75 bis unter 80 Jahre,f,2686
08421,2025,15 bis unter 20 Jahre,m,3036
08421,2025,15 bis unter 20 Jahre,f,3288
08421,2025,95 Jahre und mehr,m,72
08421,2025,95 Jahre und mehr,f,252
08421,2025,40 bis unter 45 Jahre,m,4311
08421,2025,40 bis unter 45 Jahre,f,4071
09771,2025,5 bis unter 10 Jahre,f,3730
09771,2025,5 bis unter 10 Jahre,m,3841
09771,2025,95 Jahre und mehr,m,51
09771,2025,95 Jahre und mehr,f,172
09771,2025,45 bis unter 50 Jahre,f,4285
09771,2025,45 bis unter 50 Jahre,m,4375
09771,2025,10 bis unter 15 Jahre,f,3572
09771,2025,10 bis unter 15 Jahre,m,3600
09771,2025,25 bis unter 30 Jahre,f,3248
09771,2025,25 bis unter 30 Jahre,m,3660
09771,2025,30 bis unter 35 Jahre,f,3795
09771,2025,30 bis unter 35 Jahre,m,3960
09771,2025,80 bis unter 85 Jahre,m,1919
09771,2025,80 bis unter 85 Jahre,f,2338
09771,2025,50 bis unter 55 Jahre,f,4218
09771,2025,50 bis unter 55 Jahre,m,4238
09771,2025,65 bis unter 70 Jahre,f,4573
09771,2025,65 bis unter 70 Jahre,m,4393
09771,2025,90 bis unter 95 Jahre,f,694
09771,2025,90 bis unter 95 Jahre,m,361
09771,2025,unter 5 Jahre,m,3313
09771,2025,unter 5 Jahre,f,3166
09771,2025,20 bis unter 25 Jahre,m,3529
09771,2025,20 bis unter 25 Jahre,f,3064
09771,2025,75 bis unter 80 Jahre,m,2539
09771,2025,75 bis unter 80 Jahre,f,2922
09771,2025,55 bis unter 60 Jahre,m,5626
09771,2025,55 bis unter 60 Jahre,f,5562
09771,2025,85 bis unter 90 Jahre,f,2080
09771,2025,85 bis unter 90 Jahre,m,1376
09771,2025,15 bis unter 20 Jahre,f,3278
09771,2025,15 bis unter 20 Jahre,m,3426
09771,2025,40 bis unter 45 Jahre,f,4645
09771,2025,40 bis unter 45 Jahre,m,4691
09771,2025,70 bis unter 75 Jahre,m,3255
09771,2025,70 bis unter 75 Jahre,f,3520
09771,2025,35 bis unter 40 Jahre,m,4640
09771,2025,35 bis unter 40 Jahre,f,4545
09771,2025,60 bis unter 65 Jahre,m,5545
09771,2025,60 bis unter 65 Jahre,f,5536
09776,2025,60 bis unter 65 Jahre,m,3359
09776,2025,60 bis unter 65 Jahre,f,3603
09776,2025,40 bis unter 45 Jahre,m,2605
09776,2025,40 bis unter 45 Jahre,f,2593
09776,2025,75 bis unter 80 Jahre,m,1631
09776,2025,75 bis unter 80 Jahre,f,1940
09776,2025,80 bis unter 85 Jahre,m,1328
09776,2025,80 bis unter 85 Jahre,f,1763
09776,2025,unter 5 Jahre,m,1838
09776,2025,unter 5 Jahre,f,1819
09776,2025,55 bis unter 60 Jahre,m,3376
09776,2025,55 bis unter 60 Jahre,f,3588
09776,2025,25 bis unter 30 Jahre,f,1989
09776,2025,25 bis unter 30 Jahre,m,2395
09776,2025,15 bis unter 20 Jahre,m,1844
09776,2025,15 bis unter 20 Jahre,f,1834
09776,2025,65 bis unter 70 Jahre,f,2831
09776,2025,65 bis unter 70 Jahre,m,2669
09776,2025,10 bis unter 15 Jahre,f,1935
09776,2025,10 bis unter 15 Jahre,m,1939
09776,2025,70 bis unter 75 Jahre,f,2214
09776,2025,70 bis unter 75 Jahre,m,1950
09776,2025,45 bis unter 50 Jahre,f,2513
09776,2025,45 bis unter 50 Jahre,m,2414
09776,2025,90 bis unter 95 Jahre,f,539
09776,2025,90 bis unter 95 Jahre,m,253
09776,2025,35 bis unter 40 Jahre,m,2752
09776,2025,35 bis unter 40 Jahre,f,2647
09776,2025,50 bis unter 55 Jahre,m,2369
09776,2025,50 bis unter 55 Jahre,f,2661
09776,2025,95 Jahre und mehr,f,153
09776,2025,95 Jahre und mehr,m,58
09776,2025,30 bis unter 35 Jahre,m,2477
09776,2025,30 bis unter 35 Jahre,f,2243
09776,2025,85 bis unter 90 Jahre,f,1476
09776,2025,85 bis unter 90 Jahre,m,1031
09776,2025,20 bis unter 25 Jahre,f,1596
09776,2025,20 bis unter 25 Jahre,m,2077
09776,2025,5 bis unter 10 Jahre,m,2058
09776,2025,5 bis unter 10 Jahre,f,2039
05334,2025,5 bis unter 10 Jahre,f,12907
05334,2025,5 bis unter 10 Jahre,m,13128
05334,2025,80 bis unter 85 Jahre,m,7126
05334,2025,80 bis unter 85 Jahre,f,10026
05334,2025,75 bis unter 80 Jahre,m,10283
05334,2025,75 bis unter 80 Jahre,f,12503
05334,2025,45 bis unter 50 Jahre,f,16042
05334,2025,45 bis unter 50 Jahre,m,15898
05334,2025,20 bis unter 25 Jahre,m,24994
05334,2025,20 bis unter 25 Jahre,f,19401
05334,2025,35 bis unter 40 Jahre,m,19905
05334,2025,35 bis unter 40 Jahre,f,17963
05334,2025,60 bis unter 65 Jahre,m,21157
05334,2025,60 bis unter 65 Jahre,f,21025
05334,2025,30 bis unter 35 Jahre,f,18893
05334,2025,30 bis unter 35 Jahre,m,22443
05334,2025,95 Jahre und mehr,m,280
05334,2025,95 Jahre und mehr,f,986
05334,2025,85 bis unter 90 Jahre,f,8812
05334,2025,85 bis unter 90 Jahre,m,5458
05334,2025,unter 5 Jahre,m,12090
05334,2025,unter 5 Jahre,f,11438
05334,2025,90 bis unter 95 Jahre,f,3415
05334,2025,90 bis unter 95 Jahre,m,1675
05334,2025,65 bis unter 70 Jahre,m,17641
05334,2025,65 bis unter 70 Jahre,f,18526
05334,2025,10 bis unter 15 Jahre,f,12239
05334,2025,10 bis unter 15 Jahre,m,12857
05334,2025,55 bis unter 60 Jahre,m,20969
05334,2025,55 bis unter 60 Jahre,f,21115
05334,2025,70 bis unter 75 Jahre,m,13561
05334,2025,70 bis unter 75 Jahre,f,15624
05334,2025,15 bis unter 20 Jahre,f,13098
05334,2025,15 bis unter 20 Jahre,m,14705
05334,2025,50 bis unter 55 Jahre,m,15873
05334,2025,50 bis unter 55 Jahre,f,16275
05334,2025,25 bis unter 30 Jahre,m,27738
05334,2025,25 bis unter 30 Jahre,f,20877
05334,2025,40 bis unter 45 Jahre,f,16818
05334,2025,40 bis unter 45 Jahre,m,17561
09572,2025,80 bis unter 85 Jahre,m,1850
09572,2025,80 bis unter 85 Jahre,f,2424
09572,2025,45 bis unter 50 Jahre,f,4571
09572,2025,45 bis unter 50 Jahre,m,4516
09572,2025,75 bis unter 80 Jahre,m,2789
09572,2025,75 bis unter 80 Jahre,f,3126
09572,2025,20 bis unter 25 Jahre,m,3235
09572,2025,20 bis unter 25 Jahre,f,2836
09572,2025,60 bis unter 65 Jahre,m,5526
09572,2025,60 bis unter 65 Jahre,f,5619
09572,2025,5 bis unter 10 Jahre,f,3670
09572,2025,5 bis unter 10 Jahre,m,4013
09572,2025,35 bis unter 40 Jahre,m,4427
09572,2025,35 bis unter 40 Jahre,f,4678
09572,2025,30 bis unter 35 Jahre,f,3526
09572,2025,30 bis unter 35 Jahre,m,3645
09572,2025,90 bis unter 95 Jahre,f,725
09572,2025,90 bis unter 95 Jahre,m,337
09572,2025,unter 5 Jahre,m,3219
09572,2025,unter 5 Jahre,f,3056
09572,2025,85 bis unter 90 Jahre,f,2002
09572,2025,85 bis unter 90 Jahre,m,1290
09572,2025,10 bis unter 15 Jahre,f,3415
09572,2025,10 bis unter 15 Jahre,m,3788
09572,2025,65 bis unter 70 Jahre,m,4499
09572,2025,65 bis unter 70 Jahre,f,4950
09572,2025,55 bis unter 60 Jahre,m,5311
09572,2025,55 bis unter 60 Jahre,f,5583
09572,2025,15 bis unter 20 Jahre,f,3261
09572,2025,15 bis unter 20 Jahre,m,3582
09572,2025,70 bis unter 75 Jahre,m,3635
09572,2025,70 bis unter 75 Jahre,f,4026
09572,2025,50 bis unter 55 Jahre,m,4328
09572,2025,50 bis unter 55 Jahre,f,4316
09572,2025,95 Jahre und mehr,f,151
09572,2025,95 Jahre und mehr,m,80
09572,2025,25 bis unter 30 Jahre,m,3423
09572,2025,25 bis unter 30 Jahre,f,3068
09572,2025,40 bis unter 45 Jahre,f,4913
09572,2025,40 bis unter 45 Jahre,m,4956
09178,2025,85 bis unter 90 Jahre,f,2098
09178,2025,85 bis unter 90 Jahre,m,1430
09178,2025,30 bis unter 35 Jahre,f,5922
09178,2025,30 bis unter 35 Jahre,m,6623
09178,2025,10 bis unter 15 Jahre,f,4225
09178,2025,10 bis unter 15 Jahre,m,4679
09178,2025,5 bis unter 10 Jahre,f,4350
09178,2025,5 bis unter 10 Jahre,m,4817
09178,2025,45 bis unter 50 Jahre,f,6091
09178,2025,45 bis unter 50 Jahre,m,6364
09178,2025,25 bis unter 30 Jahre,m,6902
09178,2025,25 bis unter 30 Jahre,f,5943
09178,2025,70 bis unter 75 Jahre,f,3851
09178,2025,70 bis unter 75 Jahre,m,3402
09178,2025,60 bis unter 65 Jahre,m,6904
09178,2025,60 bis unter 65 Jahre,f,6742
09178,2025,90 bis unter 95 Jahre,m,327
09178,2025,90 bis unter 95 Jahre,f,725
09178,2025,65 bis unter 70 Jahre,m,5044
09178,2025,65 bis unter 70 Jahre,f,5029
09178,2025,55 bis unter 60 Jahre,m,7272
09178,2025,55 bis unter 60 Jahre,f,7123
09178,2025,80 bis unter 85 Jahre,m,2088
09178,2025,80 bis unter 85 Jahre,f,2562
09178,2025,unter 5 Jahre,f,4130
09178,2025,unter 5 Jahre,m,4436
09178,2025,20 bis unter 25 Jahre,f,5207
09178,2025,20 bis unter 25 Jahre,m,6090
09178,2025,75 bis unter 80 Jahre,f,3233
09178,2025,75 bis unter 80 Jahre,m,2590
09178,2025,40 bis unter 45 Jahre,f,6355
09178,2025,40 bis unter 45 Jahre,m,6901
09178,2025,35 bis unter 40 Jahre,f,6475
09178,2025,35 bis unter 40 Jahre,m,7102
09178,2025,15 bis unter 20 Jahre,m,4810
09178,2025,15 bis unter 20 Jahre,f,4235
09178,2025,95 Jahre und mehr,f,184
09178,2025,95 Jahre und mehr,m,53
09178,2025,50 bis unter 55 Jahre,m,6302
09178,2025,50 bis unter 55 Jahre,f,5783
09361,2025,5 bis unter 10 Jahre,f,989
09361,2025,5 bis unter 10 Jahre,m,941
09361,2025,45 bis unter 50 Jahre,f,1247
09361,2025,45 bis unter 50 Jahre,m,1296
09361,2025,75 bis unter 80 Jahre,m,799
09361,2025,75 bis unter 80 Jahre,f,1088
09361,2025,20 bis unter 25 Jahre,m,1259
09361,2025,20 bis unter 25 Jahre,f,1050
09361,2025,30 bis unter 35 Jahre,f,1209
09361,2025,30 bis unter 35 Jahre,m,1488
09361,2025,60 bis unter 65 Jahre,m,1576
09361,2025,60 bis unter 65 Jahre,f,1749
09361,2025,35 bis unter 40 Jahre,m,1520
09361,2025,35 bis unter 40 Jahre,f,1359
09361,2025,80 bis unter 85 Jahre,f,787
09361,2025,80 bis unter 85 Jahre,m,555
09361,2025,95 Jahre und mehr,f,92
09361,2025,95 Jahre und mehr,m,13
09361,2025,90 bis unter 95 Jahre,f,323
09361,2025,90 bis unter 95 Jahre,m,135
09361,2025,85 bis unter 90 Jahre,f,802
09361,2025,85 bis unter 90 Jahre,m,443
09361,2025,65 bis unter 70 Jahre,m,1402
09361,2025,65 bis unter 70 Jahre,f,1551
09361,2025,unter 5 Jahre,m,885
09361,2025,unter 5 Jahre,f,825
09361,2025,10 bis unter 15 Jahre,f,920
09361,2025,10 bis unter 15 Jahre,m,878
09361,2025,55 bis unter 60 Jahre,m,1533
09361,2025,55 bis unter 60 Jahre,f,1656
09361,2025,15 bis unter 20 Jahre,f,911
09361,2025,15 bis unter 20 Jahre,m,1012
09361,2025,70 bis unter 75 Jahre,m,1098
09361,2025,70 bis unter 75 Jahre,f,1418
09361,2025,50 bis unter 55 Jahre,m,1181
09361,2025,50 bis unter 55 Jahre,f,1233
09361,2025,25 bis unter 30 Jahre,m,1541
09361,2025,25 bis unter 30 Jahre,f,1222
09361,2025,40 bis unter 45 Jahre,f,1210
09361,2025,40 bis unter 45 Jahre,m,1435
08225,2025,80 bis unter 85 Jahre,m,1857
08225,2025,80 bis unter 85 Jahre,f,2438
08225,2025,95 Jahre und mehr,m,63
08225,2025,95 Jahre und mehr,f,254
08225,2025,40 bis unter 45 Jahre,m,4519
08225,2025,40 bis unter 45 Jahre,f,4350
08225,2025,10 bis unter 15 Jahre,f,3322
08225,2025,10 bis unter 15 Jahre,m,3365
08225,2025,65 bis unter 70 Jahre,f,5548
08225,2025,65 bis unter 70 Jahre,m,5315
08225,2025,55 bis unter 60 Jahre,m,5763
08225,2025,55 bis unter 60 Jahre,f,5672
08225,2025,25 bis unter 30 Jahre,f,3440
08225,2025,25 bis unter 30 Jahre,m,4250
08225,2025,5 bis unter 10 Jahre,m,3744
08225,2025,5 bis unter 10 Jahre,f,3470
08225,2025,50 bis unter 55 Jahre,f,4477
08225,2025,50 bis unter 55 Jahre,m,4314
08225,2025,unter 5 Jahre,m,3196
08225,2025,unter 5 Jahre,f,3128
08225,2025,20 bis unter 25 Jahre,f,3094
08225,2025,20 bis unter 25 Jahre,m,4087
08225,2025,85 bis unter 90 Jahre,f,2417
08225,2025,85 bis unter 90 Jahre,m,1482
08225,2025,75 bis unter 80 Jahre,m,2954
08225,2025,75 bis unter 80 Jahre,f,3422
08225,2025,30 bis unter 35 Jahre,f,3886
08225,2025,30 bis unter 35 Jahre,m,4427
08225,2025,90 bis unter 95 Jahre,m,417
08225,2025,90 bis unter 95 Jahre,f,844
08225,2025,70 bis unter 75 Jahre,m,4045
08225,2025,70 bis unter 75 Jahre,f,4325
08225,2025,15 bis unter 20 Jahre,f,3309
08225,2025,15 bis unter 20 Jahre,m,3637
08225,2025,35 bis unter 40 Jahre,f,4447
08225,2025,35 bis unter 40 Jahre,m,4752
08225,2025,60 bis unter 65 Jahre,f,6272
08225,2025,60 bis unter 65 Jahre,m,6189
08225,2025,45 bis unter 50 Jahre,m,4169
08225,2025,45 bis unter 50 Jahre,f,4249
05515,2025,75 bis unter 80 Jahre,f,5513
05515,2025,75 bis unter 80 Jahre,m,4427
05515,2025,20 bis unter 25 Jahre,f,17361
05515,2025,20 bis unter 25 Jahre,m,12771
05515,2025,95 Jahre und mehr,f,579
05515,2025,95 Jahre und mehr,m,134
05515,2025,unter 5 Jahre,f,5992
05515,2025,unter 5 Jahre,m,6406
05515,2025,35 bis unter 40 Jahre,m,10276
05515,2025,35 bis unter 40 Jahre,f,10013
05515,2025,80 bis unter 85 Jahre,f,4813
05515,2025,80 bis unter 85 Jahre,m,3250
05515,2025,15 bis unter 20 Jahre,f,7217
05515,2025,15 bis unter 20 Jahre,m,7295
05515,2025,40 bis unter 45 Jahre,f,9372
05515,2025,40 bis unter 45 Jahre,m,9112
05515,2025,70 bis unter 75 Jahre,m,6203
05515,2025,70 bis unter 75 Jahre,f,7172
05515,2025,55 bis unter 60 Jahre,f,10217
05515,2025,55 bis unter 60 Jahre,m,9899
05515,2025,60 bis unter 65 Jahre,m,9631
05515,2025,60 bis unter 65 Jahre,f,10592
05515,2025,50 bis unter 55 Jahre,m,7966
05515,2025,50 bis unter 55 Jahre,f,8294
05515,2025,30 bis unter 35 Jahre,m,11849
05515,2025,30 bis unter 35 Jahre,f,11418
05515,2025,25 bis unter 30 Jahre,m,14351
05515,2025,25 bis unter 30 Jahre,f,15312
05515,2025,65 bis unter 70 Jahre,f,8789
05515,2025,65 bis unter 70 Jahre,m,7973
05515,2025,10 bis unter 15 Jahre,f,6111
05515,2025,10 bis unter 15 Jahre,m,6545
05515,2025,85 bis unter 90 Jahre,f,4462
05515,2025,85 bis unter 90 Jahre,m,2613
05515,2025,45 bis unter 50 Jahre,f,8589
05515,2025,45 bis unter 50 Jahre,m,8120
05515,2025,5 bis unter 10 Jahre,m,6862
05515,2025,5 bis unter 10 Jahre,f,6334
05515,2025,90 bis unter 95 Jahre,f,1790
05515,2025,90 bis unter 95 Jahre,m,745
08337,2025,5 bis unter 10 Jahre,m,4790
08337,2025,5 bis unter 10 Jahre,f,4662
08337,2025,25 bis unter 30 Jahre,m,4649
08337,2025,25 bis unter 30 Jahre,f,4295
08337,2025,70 bis unter 75 Jahre,f,5166
08337,2025,70 bis unter 75 Jahre,m,4547
08337,2025,45 bis unter 50 Jahre,m,5016
08337,2025,45 bis unter 50 Jahre,f,5140
08337,2025,85 bis unter 90 Jahre,f,2688
08337,2025,85 bis unter 90 Jahre,m,1800
08337,2025,90 bis unter 95 Jahre,f,993
08337,2025,90 bis unter 95 Jahre,m,489
08337,2025,65 bis unter 70 Jahre,m,5724
08337,2025,65 bis unter 70 Jahre,f,6258
08337,2025,10 bis unter 15 Jahre,m,4628
08337,2025,10 bis unter 15 Jahre,f,4400
08337,2025,95 Jahre und mehr,m,112
08337,2025,95 Jahre und mehr,f,268
08337,2025,30 bis unter 35 Jahre,f,4814
08337,2025,30 bis unter 35 Jahre,m,5287
08337,2025,15 bis unter 20 Jahre,f,4315
08337,2025,15 bis unter 20 Jahre,m,4625
08337,2025,50 bis unter 55 Jahre,m,5013
08337,2025,50 bis unter 55 Jahre,f,5088
08337,2025,35 bis unter 40 Jahre,f,5687
08337,2025,35 bis unter 40 Jahre,m,5658
08337,2025,40 bis unter 45 Jahre,m,5571
08337,2025,40 bis unter 45 Jahre,f,5633
08337,2025,60 bis unter 65 Jahre,f,6940
08337,2025,60 bis unter 65 Jahre,m,6839
08337,2025,80 bis unter 85 Jahre,f,2913
08337,2025,80 bis unter 85 Jahre,m,2205
08337,2025,unter 5 Jahre,m,3671
08337,2025,unter 5 Jahre,f,3481
08337,2025,20 bis unter 25 Jahre,f,3708
08337,2025,20 bis unter 25 Jahre,m,4378
08337,2025,75 bis unter 80 Jahre,m,3310
08337,2025,75 bis unter 80 Jahre,f,3792
08337,2025,55 bis unter 60 Jahre,f,6567
08337,2025,55 bis unter 60 Jahre,m,6393
09163,2025,90 bis unter 95 Jahre,m,150
09163,2025,90 bis unter 95 Jahre,f,324
09163,2025,50 bis unter 55 Jahre,m,1962
09163,2025,50 bis unter 55 Jahre,f,2029
09163,2025,35 bis unter 40 Jahre,f,2309
09163,2025,35 bis unter 40 Jahre,m,2465
09163,2025,65 bis unter 70 Jahre,m,1599
09163,2025,65 bis unter 70 Jahre,f,1778
09163,2025,10 bis unter 15 Jahre,m,1492
09163,2025,10 bis unter 15 Jahre,f,1431
09163,2025,20 bis unter 25 Jahre,f,1888
09163,2025,20 bis unter 25 Jahre,m,2225
09163,2025,15 bis unter 20 Jahre,m,1626
09163,2025,15 bis unter 20 Jahre,f,1439
09163,2025,60 bis unter 65 Jahre,f,2343
09163,2025,60 bis unter 65 Jahre,m,2216
09163,2025,5 bis unter 10 Jahre,m,1577
09163,2025,5 bis unter 10 Jahre,f,1491
09163,2025,30 bis unter 35 Jahre,f,2336
09163,2025,30 bis unter 35 Jahre,m,2561
09163,2025,40 bis unter 45 Jahre,m,2140
09163,2025,40 bis unter 45 Jahre,f,2052
09163,2025,85 bis unter 90 Jahre,m,643
09163,2025,85 bis unter 90 Jahre,f,998
09163,2025,80 bis unter 85 Jahre,m,923
09163,2025,80 bis unter 85 Jahre,f,1220
09163,2025,25 bis unter 30 Jahre,f,2462
09163,2025,25 bis unter 30 Jahre,m,2772
09163,2025,75 bis unter 80 Jahre,m,1088
09163,2025,75 bis unter 80 Jahre,f,1515
09163,2025,45 bis unter 50 Jahre,f,2026
09163,2025,45 bis unter 50 Jahre,m,2072
09163,2025,70 bis unter 75 Jahre,f,1598
09163,2025,70 bis unter 75 Jahre,m,1262
09163,2025,unter 5 Jahre,m,1556
09163,2025,unter 5 Jahre,f,1495
09163,2025,55 bis unter 60 Jahre,m,2294
09163,2025,55 bis unter 60 Jahre,f,2324
09163,2025,95 Jahre und mehr,f,91
09163,2025,95 Jahre und mehr,m,36
08335,2025,25 bis unter 30 Jahre,f,9501
08335,2025,25 bis unter 30 Jahre,m,9754
08335,2025,45 bis unter 50 Jahre,f,8420
08335,2025,45 bis unter 50 Jahre,m,7952
08335,2025,30 bis unter 35 Jahre,f,8928
08335,2025,30 bis unter 35 Jahre,m,9430
08335,2025,5 bis unter 10 Jahre,f,6866
08335,2025,5 bis unter 10 Jahre,m,7437
08335,2025,10 bis unter 15 Jahre,f,6546
08335,2025,10 bis unter 15 Jahre,m,7088
08335,2025,70 bis unter 75 Jahre,f,7886
08335,2025,70 bis unter 75 Jahre,m,6916
08335,2025,85 bis unter 90 Jahre,f,4843
08335,2025,85 bis unter 90 Jahre,m,3140
08335,2025,75 bis unter 80 Jahre,m,5396
08335,2025,75 bis unter 80 Jahre,f,6351
08335,2025,20 bis unter 25 Jahre,m,9330
08335,2025,20 bis unter 25 Jahre,f,9443
08335,2025,40 bis unter 45 Jahre,m,8708
08335,2025,40 bis unter 45 Jahre,f,9210
08335,2025,50 bis unter 55 Jahre,f,8640
08335,2025,50 bis unter 55 Jahre,m,7888
08335,2025,15 bis unter 20 Jahre,f,6930
08335,2025,15 bis unter 20 Jahre,m,7209
08335,2025,95 Jahre und mehr,m,212
08335,2025,95 Jahre und mehr,f,509
08335,2025,35 bis unter 40 Jahre,f,9428
08335,2025,35 bis unter 40 Jahre,m,9472
08335,2025,unter 5 Jahre,f,6055
08335,2025,unter 5 Jahre,m,6448
08335,2025,55 bis unter 60 Jahre,f,11605
08335,2025,55 bis unter 60 Jahre,m,10637
08335,2025,60 bis unter 65 Jahre,f,11815
08335,2025,60 bis unter 65 Jahre,m,10968
08335,2025,90 bis unter 95 Jahre,m,925
08335,2025,90 bis unter 95 Jahre,f,1810
08335,2025,65 bis unter 70 Jahre,m,8945
08335,2025,65 bis unter 70 Jahre,f,9681
08335,2025,80 bis unter 85 Jahre,f,5424
08335,2025,80 bis unter 85 Jahre,m,4121
08416,2025,85 bis unter 90 Jahre,m,2026
08416,2025,85 bis unter 90 Jahre,f,3207
08416,2025,70 bis unter 75 Jahre,m,5290
08416,2025,70 bis unter 75 Jahre,f,5909
08416,2025,90 bis unter 95 Jahre,m,571
08416,2025,90 bis unter 95 Jahre,f,1173
08416,2025,15 bis unter 20 Jahre,f,5992
08416,2025,15 bis unter 20 Jahre,m,5628
08416,2025,45 bis unter 50 Jahre,m,6288
08416,2025,45 bis unter 50 Jahre,f,6438
08416,2025,30 bis unter 35 Jahre,m,8237
08416,2025,30 bis unter 35 Jahre,f,7798
08416,2025,unter 5 Jahre,f,5124
08416,2025,unter 5 Jahre,m,5331
08416,2025,55 bis unter 60 Jahre,f,7993
08416,2025,55 bis unter 60 Jahre,m,7926
08416,2025,5 bis unter 10 Jahre,m,5919
08416,2025,5 bis unter 10 Jahre,f,5753
08416,2025,50 bis unter 55 Jahre,f,6692
08416,2025,50 bis unter 55 Jahre,m,6136
08416,2025,60 bis unter 65 Jahre,f,8396
08416,2025,60 bis unter 65 Jahre,m,8102
08416,2025,80 bis unter 85 Jahre,f,3339
08416,2025,80 bis unter 85 Jahre,m,2646
08416,2025,35 bis unter 40 Jahre,m,7818
08416,2025,35 bis unter 40 Jahre,f,7814
08416,2025,25 bis unter 30 Jahre,m,9093
08416,2025,25 bis unter 30 Jahre,f,9344
08416,2025,20 bis unter 25 Jahre,m,8695
08416,2025,20 bis unter 25 Jahre,f,10791
08416,2025,95 Jahre und mehr,f,342
08416,2025,95 Jahre und mehr,m,102
08416,2025,40 bis unter 45 Jahre,m,7160
08416,2025,40 bis unter 45 Jahre,f,7327
08416,2025,75 bis unter 80 Jahre,f,4287
08416,2025,75 bis unter 80 Jahre,m,3834
08416,2025,65 bis unter 70 Jahre,f,7365
08416,2025,65 bis unter 70 Jahre,m,6902
08416,2025,10 bis unter 15 Jahre,f,5440
08416,2025,10 bis unter 15 Jahre,m,5365
05116,2025,60 bis unter 65 Jahre,m,10088
05116,2025,60 bis unter 65 Jahre,f,10526
05116,2025,80 bis unter 85 Jahre,m,3273
05116,2025,80 bis unter 85 Jahre,f,4466
05116,2025,95 Jahre und mehr,m,123
05116,2025,95 Jahre und mehr,f,405
05116,2025,55 bis unter 60 Jahre,m,10088
05116,2025,55 bis unter 60 Jahre,f,9843
05116,2025,25 bis unter 30 Jahre,f,8035
05116,2025,25 bis unter 30 Jahre,m,9300
05116,2025,unter 5 Jahre,m,6224
05116,2025,unter 5 Jahre,f,5951
05116,2025,10 bis unter 15 Jahre,f,6097
05116,2025,10 bis unter 15 Jahre,m,6375
05116,2025,40 bis unter 45 Jahre,m,8701
05116,2025,40 bis unter 45 Jahre,f,8342
05116,2025,15 bis unter 20 Jahre,m,6834
05116,2025,15 bis unter 20 Jahre,f,6198
05116,2025,70 bis unter 75 Jahre,f,7301
05116,2025,70 bis unter 75 Jahre,m,6267
05116,2025,90 bis unter 95 Jahre,f,1582
05116,2025,90 bis unter 95 Jahre,m,660
05116,2025,65 bis unter 70 Jahre,f,9083
05116,2025,65 bis unter 70 Jahre,m,8302
05116,2025,45 bis unter 50 Jahre,m,7965
05116,2025,45 bis unter 50 Jahre,f,8060
05116,2025,35 bis unter 40 Jahre,m,9830
05116,2025,35 bis unter 40 Jahre,f,8794
05116,2025,50 bis unter 55 Jahre,m,7660
05116,2025,50 bis unter 55 Jahre,f,7821
05116,2025,30 bis unter 35 Jahre,m,9604
05116,2025,30 bis unter 35 Jahre,f,8431
05116,2025,75 bis unter 80 Jahre,f,5790
05116,2025,75 bis unter 80 Jahre,m,4799
05116,2025,85 bis unter 90 Jahre,f,4231
05116,2025,85 bis unter 90 Jahre,m,2395
05116,2025,5 bis unter 10 Jahre,m,6853
05116,2025,5 bis unter 10 Jahre,f,6383
05116,2025,20 bis unter 25 Jahre,f,6830
05116,2025,20 bis unter 25 Jahre,m,7666
03256,2025,40 bis unter 45 Jahre,f,3570
03256,2025,40 bis unter 45 Jahre,m,3637
03256,2025,20 bis unter 25 Jahre,f,2801
03256,2025,20 bis unter 25 Jahre,m,3177
03256,2025,unter 5 Jahre,f,2517
03256,2025,unter 5 Jahre,m,2583
03256,2025,35 bis unter 40 Jahre,f,3487
03256,2025,35 bis unter 40 Jahre,m,3842
03256,2025,55 bis unter 60 Jahre,m,5021
03256,2025,55 bis unter 60 Jahre,f,5080
03256,2025,75 bis unter 80 Jahre,f,2777
03256,2025,75 bis unter 80 Jahre,m,2481
03256,2025,60 bis unter 65 Jahre,f,5265
03256,2025,60 bis unter 65 Jahre,m,5351
03256,2025,90 bis unter 95 Jahre,m,343
03256,2025,90 bis unter 95 Jahre,f,797
03256,2025,15 bis unter 20 Jahre,m,3209
03256,2025,15 bis unter 20 Jahre,f,2935
03256,2025,80 bis unter 85 Jahre,m,1516
03256,2025,80 bis unter 85 Jahre,f,2035
03256,2025,70 bis unter 75 Jahre,m,3291
03256,2025,70 bis unter 75 Jahre,f,3662
03256,2025,50 bis unter 55 Jahre,m,3633
03256,2025,50 bis unter 55 Jahre,f,3670
03256,2025,45 bis unter 50 Jahre,f,3395
03256,2025,45 bis unter 50 Jahre,m,3536
03256,2025,5 bis unter 10 Jahre,m,3009
03256,2025,5 bis unter 10 Jahre,f,3047
03256,2025,85 bis unter 90 Jahre,f,2148
03256,2025,85 bis unter 90 Jahre,m,1148
03256,2025,30 bis unter 35 Jahre,f,3308
03256,2025,30 bis unter 35 Jahre,m,3493
03256,2025,65 bis unter 70 Jahre,f,4522
03256,2025,65 bis unter 70 Jahre,m,4373
03256,2025,25 bis unter 30 Jahre,m,3266
03256,2025,25 bis unter 30 Jahre,f,3030
03256,2025,95 Jahre und mehr,f,206
03256,2025,95 Jahre und mehr,m,65
03256,2025,10 bis unter 15 Jahre,f,2940
03256,2025,10 bis unter 15 Jahre,m,2993
09182,2025,90 bis unter 95 Jahre,m,331
09182,2025,90 bis unter 95 Jahre,f,610
09182,2025,70 bis unter 75 Jahre,m,2182
09182,2025,70 bis unter 75 Jahre,f,2454
09182,2025,15 bis unter 20 Jahre,f,2147
09182,2025,15 bis unter 20 Jahre,m,2492
09182,2025,35 bis unter 40 Jahre,f,3067
09182,2025,35 bis unter 40 Jahre,m,3144
09182,2025,50 bis unter 55 Jahre,m,3030
09182,2025,50 bis unter 55 Jahre,f,3248
09182,2025,55 bis unter 60 Jahre,f,4228
09182,2025,55 bis unter 60 Jahre,m,4213
09182,2025,85 bis unter 90 Jahre,m,1174
09182,2025,85 bis unter 90 Jahre,f,1831
09182,2025,20 bis unter 25 Jahre,f,2075
09182,2025,20 bis unter 25 Jahre,m,2399
09182,2025,95 Jahre und mehr,m,46
09182,2025,95 Jahre und mehr,f,164
09182,2025,10 bis unter 15 Jahre,m,2341
09182,2025,10 bis unter 15 Jahre,f,2164
09182,2025,25 bis unter 30 Jahre,m,2515
09182,2025,25 bis unter 30 Jahre,f,2203
09182,2025,5 bis unter 10 Jahre,m,2363
09182,2025,5 bis unter 10 Jahre,f,2219
09182,2025,60 bis unter 65 Jahre,f,4197
09182,2025,60 bis unter 65 Jahre,m,3978
09182,2025,40 bis unter 45 Jahre,f,3087
09182,2025,40 bis unter 45 Jahre,m,2963
09182,2025,30 bis unter 35 Jahre,m,2734
09182,2025,30 bis unter 35 Jahre,f,2555
09182,2025,75 bis unter 80 Jahre,m,1912
09182,2025,75 bis unter 80 Jahre,f,2506
09182,2025,45 bis unter 50 Jahre,f,3164
09182,2025,45 bis unter 50 Jahre,m,2886
09182,2025,80 bis unter 85 Jahre,f,2220
09182,2025,80 bis unter 85 Jahre,m,1599
09182,2025,unter 5 Jahre,m,2191
09182,2025,unter 5 Jahre,f,2056
09182,2025,65 bis unter 70 Jahre,m,3070
09182,2025,65 bis unter 70 Jahre,f,3166
07235,2025,80 bis unter 85 Jahre,m,1710
07235,2025,80 bis unter 85 Jahre,f,2309
07235,2025,60 bis unter 65 Jahre,m,6287
07235,2025,60 bis unter 65 Jahre,f,6397
07235,2025,75 bis unter 80 Jahre,m,2862
07235,2025,75 bis unter 80 Jahre,f,3048
07235,2025,25 bis unter 30 Jahre,f,3349
07235,2025,25 bis unter 30 Jahre,m,3943
07235,2025,55 bis unter 60 Jahre,m,6060
07235,2025,55 bis unter 60 Jahre,f,6194
07235,2025,unter 5 Jahre,m,3025
07235,2025,unter 5 Jahre,f,2984
07235,2025,10 bis unter 15 Jahre,f,3665
07235,2025,10 bis unter 15 Jahre,m,3744
07235,2025,40 bis unter 45 Jahre,m,4999
07235,2025,40 bis unter 45 Jahre,f,4980
07235,2025,15 bis unter 20 Jahre,m,3994
07235,2025,15 bis unter 20 Jahre,f,3469
07235,2025,45 bis unter 50 Jahre,f,4842
07235,2025,45 bis unter 50 Jahre,m,4616
07235,2025,70 bis unter 75 Jahre,f,4475
07235,2025,70 bis unter 75 Jahre,m,4301
07235,2025,65 bis unter 70 Jahre,f,5320
07235,2025,65 bis unter 70 Jahre,m,5037
07235,2025,90 bis unter 95 Jahre,f,871
07235,2025,90 bis unter 95 Jahre,m,388
07235,2025,35 bis unter 40 Jahre,m,4888
07235,2025,35 bis unter 40 Jahre,f,5020
07235,2025,50 bis unter 55 Jahre,m,4573
07235,2025,50 bis unter 55 Jahre,f,4721
07235,2025,30 bis unter 35 Jahre,m,4391
07235,2025,30 bis unter 35 Jahre,f,4162
07235,2025,95 Jahre und mehr,m,69
07235,2025,95 Jahre und mehr,f,241
07235,2025,85 bis unter 90 Jahre,f,2341
07235,2025,85 bis unter 90 Jahre,m,1405
07235,2025,5 bis unter 10 Jahre,m,3808
07235,2025,5 bis unter 10 Jahre,f,3649
07235,2025,20 bis unter 25 Jahre,f,3040
07235,2025,20 bis unter 25 Jahre,m,3468
06611,2025,90 bis unter 95 Jahre,m,498
06611,2025,90 bis unter 95 Jahre,f,1117
06611,2025,70 bis unter 75 Jahre,m,4145
06611,2025,70 bis unter 75 Jahre,f,5061
06611,2025,50 bis unter 55 Jahre,m,5359
06611,2025,50 bis unter 55 Jahre,f,5637
06611,2025,15 bis unter 20 Jahre,f,4715
06611,2025,15 bis unter 20 Jahre,m,4813
06611,2025,85 bis unter 90 Jahre,m,1742
06611,2025,85 bis unter 90 Jahre,f,2956
06611,2025,55 bis unter 60 Jahre,f,6781
06611,2025,55 bis unter 60 Jahre,m,6584
06611,2025,unter 5 Jahre,m,4568
06611,2025,unter 5 Jahre,f,4361
06611,2025,95 Jahre und mehr,f,370
06611,2025,95 Jahre und mehr,m,120
06611,2025,10 bis unter 15 Jahre,m,4416
06611,2025,10 bis unter 15 Jahre,f,4284
06611,2025,45 bis unter 50 Jahre,m,5441
06611,2025,45 bis unter 50 Jahre,f,5665
06611,2025,20 bis unter 25 Jahre,f,6864
06611,2025,20 bis unter 25 Jahre,m,5973
06611,2025,65 bis unter 70 Jahre,f,5958
06611,2025,65 bis unter 70 Jahre,m,5329
06611,2025,75 bis unter 80 Jahre,f,4270
06611,2025,75 bis unter 80 Jahre,m,3288
06611,2025,80 bis unter 85 Jahre,m,2360
06611,2025,80 bis unter 85 Jahre,f,3450
06611,2025,30 bis unter 35 Jahre,f,7159
06611,2025,30 bis unter 35 Jahre,m,8049
06611,2025,60 bis unter 65 Jahre,m,6546
06611,2025,60 bis unter 65 Jahre,f,6901
06611,2025,5 bis unter 10 Jahre,f,4786
06611,2025,5 bis unter 10 Jahre,m,4556
06611,2025,35 bis unter 40 Jahre,m,7363
06611,2025,35 bis unter 40 Jahre,f,6721
06611,2025,25 bis unter 30 Jahre,m,8279
06611,2025,25 bis unter 30 Jahre,f,8025
06611,2025,40 bis unter 45 Jahre,f,5964
06611,2025,40 bis unter 45 Jahre,m,6325
07134,2025,25 bis unter 30 Jahre,f,2082
07134,2025,25 bis unter 30 Jahre,m,2351
07134,2025,10 bis unter 15 Jahre,f,1811
07134,2025,10 bis unter 15 Jahre,m,1878
07134,2025,5 bis unter 10 Jahre,f,1864
07134,2025,5 bis unter 10 Jahre,m,1995
07134,2025,30 bis unter 35 Jahre,f,2277
07134,2025,30 bis unter 35 Jahre,m,2500
07134,2025,60 bis unter 65 Jahre,m,3362
07134,2025,60 bis unter 65 Jahre,f,3594
07134,2025,85 bis unter 90 Jahre,f,1483
07134,2025,85 bis unter 90 Jahre,m,924
07134,2025,75 bis unter 80 Jahre,m,1813
07134,2025,75 bis unter 80 Jahre,f,2043
07134,2025,45 bis unter 50 Jahre,f,2245
07134,2025,45 bis unter 50 Jahre,m,2258
07134,2025,70 bis unter 75 Jahre,f,2852
07134,2025,70 bis unter 75 Jahre,m,2578
07134,2025,90 bis unter 95 Jahre,f,548
07134,2025,90 bis unter 95 Jahre,m,237
07134,2025,95 Jahre und mehr,f,156
07134,2025,95 Jahre und mehr,m,53
07134,2025,55 bis unter 60 Jahre,m,3070
07134,2025,55 bis unter 60 Jahre,f,3318
07134,2025,65 bis unter 70 Jahre,m,3097
07134,2025,65 bis unter 70 Jahre,f,3351
07134,2025,unter 5 Jahre,m,1807
07134,2025,unter 5 Jahre,f,1734
07134,2025,35 bis unter 40 Jahre,m,2608
07134,2025,35 bis unter 40 Jahre,f,2471
07134,2025,80 bis unter 85 Jahre,f,1322
07134,2025,80 bis unter 85 Jahre,m,1035
07134,2025,15 bis unter 20 Jahre,f,1843
07134,2025,15 bis unter 20 Jahre,m,2018
07134,2025,50 bis unter 55 Jahre,m,2360
07134,2025,50 bis unter 55 Jahre,f,2471
07134,2025,20 bis unter 25 Jahre,f,1777
07134,2025,20 bis unter 25 Jahre,m,2148
07134,2025,40 bis unter 45 Jahre,m,2561
07134,2025,40 bis unter 45 Jahre,f,2409
09662,2025,90 bis unter 95 Jahre,m,167
09662,2025,90 bis unter 95 Jahre,f,384
09662,2025,35 bis unter 40 Jahre,f,1622
09662,2025,35 bis unter 40 Jahre,m,1867
09662,2025,unter 5 Jahre,f,1181
09662,2025,unter 5 Jahre,m,1180
09662,2025,15 bis unter 20 Jahre,f,1319
09662,2025,15 bis unter 20 Jahre,m,1522
09662,2025,85 bis unter 90 Jahre,m,599
09662,2025,85 bis unter 90 Jahre,f,1104
09662,2025,70 bis unter 75 Jahre,m,1241
09662,2025,70 bis unter 75 Jahre,f,1829
09662,2025,55 bis unter 60 Jahre,f,1647
09662,2025,55 bis unter 60 Jahre,m,1751
09662,2025,95 Jahre und mehr,m,31
09662,2025,95 Jahre und mehr,f,146
09662,2025,25 bis unter 30 Jahre,m,1976
09662,2025,25 bis unter 30 Jahre,f,1479
09662,2025,60 bis unter 65 Jahre,f,1841
09662,2025,60 bis unter 65 Jahre,m,1933
09662,2025,5 bis unter 10 Jahre,m,1275
09662,2025,5 bis unter 10 Jahre,f,1292
09662,2025,40 bis unter 45 Jahre,f,1717
09662,2025,40 bis unter 45 Jahre,m,1803
09662,2025,30 bis unter 35 Jahre,m,1895
09662,2025,30 bis unter 35 Jahre,f,1463
09662,2025,50 bis unter 55 Jahre,m,1466
09662,2025,50 bis unter 55 Jahre,f,1528
09662,2025,45 bis unter 50 Jahre,f,1550
09662,2025,45 bis unter 50 Jahre,m,1528
09662,2025,75 bis unter 80 Jahre,m,975
09662,2025,75 bis unter 80 Jahre,f,1407
09662,2025,20 bis unter 25 Jahre,m,2345
09662,2025,20 bis unter 25 Jahre,f,1492
09662,2025,80 bis unter 85 Jahre,f,1218
09662,2025,80 bis unter 85 Jahre,m,727
09662,2025,10 bis unter 15 Jahre,m,1246
09662,2025,10 bis unter 15 Jahre,f,1315
09662,2025,65 bis unter 70 Jahre,m,1598
09662,2025,65 bis unter 70 Jahre,f,1880
08436,2025,80 bis unter 85 Jahre,m,3907
08436,2025,80 bis unter 85 Jahre,f,4914
08436,2025,55 bis unter 60 Jahre,m,11097
08436,2025,55 bis unter 60 Jahre,f,11334
08436,2025,25 bis unter 30 Jahre,f,8397
08436,2025,25 bis unter 30 Jahre,m,9416
08436,2025,10 bis unter 15 Jahre,f,6976
08436,2025,10 bis unter 15 Jahre,m,7192
08436,2025,40 bis unter 45 Jahre,m,9128
08436,2025,40 bis unter 45 Jahre,f,9130
08436,2025,50 bis unter 55 Jahre,f,8982
08436,2025,50 bis unter 55 Jahre,m,8854
08436,2025,5 bis unter 10 Jahre,m,7888
08436,2025,5 bis unter 10 Jahre,f,7402
08436,2025,unter 5 Jahre,m,7016
08436,2025,unter 5 Jahre,f,6881
08436,2025,85 bis unter 90 Jahre,f,4331
08436,2025,85 bis unter 90 Jahre,m,2906
08436,2025,20 bis unter 25 Jahre,f,7533
08436,2025,20 bis unter 25 Jahre,m,8399
08436,2025,75 bis unter 80 Jahre,m,5462
08436,2025,75 bis unter 80 Jahre,f,6228
08436,2025,30 bis unter 35 Jahre,f,8707
08436,2025,30 bis unter 35 Jahre,m,9462
08436,2025,90 bis unter 95 Jahre,m,831
08436,2025,90 bis unter 95 Jahre,f,1616
08436,2025,70 bis unter 75 Jahre,m,7098
08436,2025,70 bis unter 75 Jahre,f,7814
08436,2025,15 bis unter 20 Jahre,f,6953
08436,2025,15 bis unter 20 Jahre,m,7558
08436,2025,95 Jahre und mehr,m,175
08436,2025,95 Jahre und mehr,f,406
08436,2025,35 bis unter 40 Jahre,f,9390
08436,2025,35 bis unter 40 Jahre,m,10180
08436,2025,65 bis unter 70 Jahre,m,8998
08436,2025,65 bis unter 70 Jahre,f,9623
08436,2025,60 bis unter 65 Jahre,f,11308
08436,2025,60 bis unter 65 Jahre,m,10973
08436,2025,45 bis unter 50 Jahre,m,8606
08436,2025,45 bis unter 50 Jahre,f,8529
08327,2025,70 bis unter 75 Jahre,m,3480
08327,2025,70 bis unter 75 Jahre,f,3852
08327,2025,90 bis unter 95 Jahre,m,411
08327,2025,90 bis unter 95 Jahre,f,829
08327,2025,85 bis unter 90 Jahre,m,1405
08327,2025,85 bis unter 90 Jahre,f,2201
08327,2025,15 bis unter 20 Jahre,f,3602
08327,2025,15 bis unter 20 Jahre,m,4013
08327,2025,45 bis unter 50 Jahre,m,4468
08327,2025,45 bis unter 50 Jahre,f,4432
08327,2025,unter 5 Jahre,f,3547
08327,2025,unter 5 Jahre,m,3861
08327,2025,30 bis unter 35 Jahre,m,4598
08327,2025,30 bis unter 35 Jahre,f,4231
08327,2025,50 bis unter 55 Jahre,f,4371
08327,2025,50 bis unter 55 Jahre,m,4510
08327,2025,5 bis unter 10 Jahre,m,4045
08327,2025,5 bis unter 10 Jahre,f,3904
08327,2025,80 bis unter 85 Jahre,f,2308
08327,2025,80 bis unter 85 Jahre,m,1676
08327,2025,55 bis unter 60 Jahre,f,5236
08327,2025,55 bis unter 60 Jahre,m,5219
08327,2025,35 bis unter 40 Jahre,m,5067
08327,2025,35 bis unter 40 Jahre,f,4910
08327,2025,60 bis unter 65 Jahre,f,5387
08327,2025,60 bis unter 65 Jahre,m,5440
08327,2025,25 bis unter 30 Jahre,m,4544
08327,2025,25 bis unter 30 Jahre,f,3992
08327,2025,95 Jahre und mehr,f,201
08327,2025,95 Jahre und mehr,m,85
08327,2025,40 bis unter 45 Jahre,m,4821
08327,2025,40 bis unter 45 Jahre,f,4494
08327,2025,20 bis unter 25 Jahre,m,4134
08327,2025,20 bis unter 25 Jahre,f,3453
08327,2025,65 bis unter 70 Jahre,f,4779
08327,2025,65 bis unter 70 Jahre,m,4504
08327,2025,75 bis unter 80 Jahre,f,2889
08327,2025,75 bis unter 80 Jahre,m,2420
08327,2025,10 bis unter 15 Jahre,f,3694
08327,2025,10 bis unter 15 Jahre,m,3989
08118,2025,55 bis unter 60 Jahre,f,20507
08118,2025,55 bis unter 60 Jahre,m,21033
08118,2025,unter 5 Jahre,f,12881
08118,2025,unter 5 Jahre,m,13211
08118,2025,15 bis unter 20 Jahre,f,12865
08118,2025,15 bis unter 20 Jahre,m,13737
08118,2025,20 bis unter 25 Jahre,f,12314
08118,2025,20 bis unter 25 Jahre,m,13798
08118,2025,35 bis unter 40 Jahre,f,18613
08118,2025,35 bis unter 40 Jahre,m,18796
08118,2025,40 bis unter 45 Jahre,f,17828
08118,2025,40 bis unter 45 Jahre,m,17484
08118,2025,90 bis unter 95 Jahre,m,1537
08118,2025,90 bis unter 95 Jahre,f,3156
08118,2025,60 bis unter 65 Jahre,f,19639
08118,2025,60 bis unter 65 Jahre,m,20213
08118,2025,75 bis unter 80 Jahre,f,11245
08118,2025,75 bis unter 80 Jahre,m,9016
08118,2025,45 bis unter 50 Jahre,m,17059
08118,2025,45 bis unter 50 Jahre,f,17503
08118,2025,95 Jahre und mehr,m,240
08118,2025,95 Jahre und mehr,f,773
08118,2025,50 bis unter 55 Jahre,m,16625
08118,2025,50 bis unter 55 Jahre,f,17051
08118,2025,70 bis unter 75 Jahre,m,11455
08118,2025,70 bis unter 75 Jahre,f,13665
08118,2025,80 bis unter 85 Jahre,f,9924
08118,2025,80 bis unter 85 Jahre,m,7107
08118,2025,25 bis unter 30 Jahre,m,16164
08118,2025,25 bis unter 30 Jahre,f,14676
08118,2025,10 bis unter 15 Jahre,f,12963
08118,2025,10 bis unter 15 Jahre,m,13576
08118,2025,65 bis unter 70 Jahre,f,16718
08118,2025,65 bis unter 70 Jahre,m,15625
08118,2025,85 bis unter 90 Jahre,f,8503
08118,2025,85 bis unter 90 Jahre,m,5393
08118,2025,5 bis unter 10 Jahre,m,14286
08118,2025,5 bis unter 10 Jahre,f,13361
08118,2025,30 bis unter 35 Jahre,m,17332
08118,2025,30 bis unter 35 Jahre,f,16582
09362,2025,35 bis unter 40 Jahre,f,5468
09362,2025,35 bis unter 40 Jahre,m,6218
09362,2025,unter 5 Jahre,f,3222
09362,2025,unter 5 Jahre,m,3282
09362,2025,20 bis unter 25 Jahre,f,6545
09362,2025,20 bis unter 25 Jahre,m,5852
09362,2025,15 bis unter 20 Jahre,f,3328
09362,2025,15 bis unter 20 Jahre,m,3279
09362,2025,40 bis unter 45 Jahre,f,5073
09362,2025,40 bis unter 45 Jahre,m,4984
09362,2025,70 bis unter 75 Jahre,m,2766
09362,2025,70 bis unter 75 Jahre,f,3269
09362,2025,55 bis unter 60 Jahre,f,4826
09362,2025,55 bis unter 60 Jahre,m,4780
09362,2025,85 bis unter 90 Jahre,m,1182
09362,2025,85 bis unter 90 Jahre,f,1958
09362,2025,80 bis unter 85 Jahre,f,2186
09362,2025,80 bis unter 85 Jahre,m,1606
09362,2025,25 bis unter 30 Jahre,m,8294
09362,2025,25 bis unter 30 Jahre,f,7619
09362,2025,30 bis unter 35 Jahre,m,7405
09362,2025,30 bis unter 35 Jahre,f,6403
09362,2025,50 bis unter 55 Jahre,m,4299
09362,2025,50 bis unter 55 Jahre,f,4409
09362,2025,60 bis unter 65 Jahre,f,4673
09362,2025,60 bis unter 65 Jahre,m,4438
09362,2025,95 Jahre und mehr,f,164
09362,2025,95 Jahre und mehr,m,73
09362,2025,5 bis unter 10 Jahre,m,2893
09362,2025,5 bis unter 10 Jahre,f,2916
09362,2025,45 bis unter 50 Jahre,f,4632
09362,2025,45 bis unter 50 Jahre,m,4326
09362,2025,65 bis unter 70 Jahre,f,3962
09362,2025,65 bis unter 70 Jahre,m,3549
09362,2025,10 bis unter 15 Jahre,m,2828
09362,2025,10 bis unter 15 Jahre,f,2910
09362,2025,75 bis unter 80 Jahre,m,2179
09362,2025,75 bis unter 80 Jahre,f,2705
09362,2025,90 bis unter 95 Jahre,f,693
09362,2025,90 bis unter 95 Jahre,m,323
09184,2025,75 bis unter 80 Jahre,f,7952
09184,2025,75 bis unter 80 Jahre,m,6023
09184,2025,20 bis unter 25 Jahre,f,8784
09184,2025,20 bis unter 25 Jahre,m,11252
09184,2025,unter 5 Jahre,f,7493
09184,2025,unter 5 Jahre,m,7818
09184,2025,35 bis unter 40 Jahre,m,11484
09184,2025,35 bis unter 40 Jahre,f,11496
09184,2025,80 bis unter 85 Jahre,f,7736
09184,2025,80 bis unter 85 Jahre,m,5874
09184,2025,15 bis unter 20 Jahre,f,9113
09184,2025,15 bis unter 20 Jahre,m,10024
09184,2025,40 bis unter 45 Jahre,f,12315
09184,2025,40 bis unter 45 Jahre,m,11627
09184,2025,70 bis unter 75 Jahre,m,6632
09184,2025,70 bis unter 75 Jahre,f,7958
09184,2025,55 bis unter 60 Jahre,f,14005
09184,2025,55 bis unter 60 Jahre,m,14197
09184,2025,50 bis unter 55 Jahre,m,11718
09184,2025,50 bis unter 55 Jahre,f,12044
09184,2025,60 bis unter 65 Jahre,m,12508
09184,2025,60 bis unter 65 Jahre,f,12572
09184,2025,30 bis unter 35 Jahre,m,10434
09184,2025,30 bis unter 35 Jahre,f,9612
09184,2025,25 bis unter 30 Jahre,m,10501
09184,2025,25 bis unter 30 Jahre,f,9155
09184,2025,65 bis unter 70 Jahre,f,9592
09184,2025,65 bis unter 70 Jahre,m,8882
09184,2025,10 bis unter 15 Jahre,f,8946
09184,2025,10 bis unter 15 Jahre,m,9435
09184,2025,85 bis unter 90 Jahre,f,6131
09184,2025,85 bis unter 90 Jahre,m,4333
09184,2025,45 bis unter 50 Jahre,f,12544
09184,2025,45 bis unter 50 Jahre,m,11832
09184,2025,5 bis unter 10 Jahre,m,9012
09184,2025,5 bis unter 10 Jahre,f,8644
09184,2025,90 bis unter 95 Jahre,f,2144
09184,2025,90 bis unter 95 Jahre,m,1344
09184,2025,95 Jahre und mehr,f,587
09184,2025,95 Jahre und mehr,m,241
09186,2025,55 bis unter 60 Jahre,m,5163
09186,2025,55 bis unter 60 Jahre,f,4836
09186,2025,unter 5 Jahre,m,3315
09186,2025,unter 5 Jahre,f,3257
09186,2025,15 bis unter 20 Jahre,m,3275
09186,2025,15 bis unter 20 Jahre,f,2945
09186,2025,20 bis unter 25 Jahre,m,3377
09186,2025,20 bis unter 25 Jahre,f,2895
09186,2025,60 bis unter 65 Jahre,f,5100
09186,2025,60 bis unter 65 Jahre,m,5153
09186,2025,35 bis unter 40 Jahre,m,4973
09186,2025,35 bis unter 40 Jahre,f,4626
09186,2025,40 bis unter 45 Jahre,m,4862
09186,2025,40 bis unter 45 Jahre,f,4785
09186,2025,80 bis unter 85 Jahre,f,1857
09186,2025,80 bis unter 85 Jahre,m,1535
09186,2025,75 bis unter 80 Jahre,f,2501
09186,2025,75 bis unter 80 Jahre,m,2133
09186,2025,25 bis unter 30 Jahre,f,3278
09186,2025,25 bis unter 30 Jahre,m,3964
09186,2025,95 Jahre und mehr,f,156
09186,2025,95 Jahre und mehr,m,57
09186,2025,50 bis unter 55 Jahre,m,4160
09186,2025,50 bis unter 55 Jahre,f,3999
09186,2025,45 bis unter 50 Jahre,f,4176
09186,2025,45 bis unter 50 Jahre,m,4463
09186,2025,70 bis unter 75 Jahre,f,3262
09186,2025,70 bis unter 75 Jahre,m,2996
09186,2025,90 bis unter 95 Jahre,f,564
09186,2025,90 bis unter 95 Jahre,m,284
09186,2025,10 bis unter 15 Jahre,m,3445
09186,2025,10 bis unter 15 Jahre,f,3258
09186,2025,65 bis unter 70 Jahre,m,4076
09186,2025,65 bis unter 70 Jahre,f,4222
09186,2025,85 bis unter 90 Jahre,m,1160
09186,2025,85 bis unter 90 Jahre,f,1704
09186,2025,30 bis unter 35 Jahre,m,4252
09186,2025,30 bis unter 35 Jahre,f,3901
09186,2025,5 bis unter 10 Jahre,m,3665
09186,2025,5 bis unter 10 Jahre,f,3449
09674,2025,70 bis unter 75 Jahre,m,2460
09674,2025,70 bis unter 75 Jahre,f,2573
09674,2025,85 bis unter 90 Jahre,m,759
09674,2025,85 bis unter 90 Jahre,f,1289
09674,2025,90 bis unter 95 Jahre,m,194
09674,2025,90 bis unter 95 Jahre,f,474
09674,2025,10 bis unter 15 Jahre,m,1997
09674,2025,10 bis unter 15 Jahre,f,1935
09674,2025,95 Jahre und mehr,f,121
09674,2025,95 Jahre und mehr,m,35
09674,2025,35 bis unter 40 Jahre,f,2617
09674,2025,35 bis unter 40 Jahre,m,2709
09674,2025,65 bis unter 70 Jahre,m,3233
09674,2025,65 bis unter 70 Jahre,f,3335
09674,2025,20 bis unter 25 Jahre,f,1732
09674,2025,20 bis unter 25 Jahre,m,2155
09674,2025,50 bis unter 55 Jahre,m,2493
09674,2025,50 bis unter 55 Jahre,f,2547
09674,2025,25 bis unter 30 Jahre,m,2245
09674,2025,25 bis unter 30 Jahre,f,1940
09674,2025,5 bis unter 10 Jahre,m,2143
09674,2025,5 bis unter 10 Jahre,f,2046
09674,2025,30 bis unter 35 Jahre,f,2249
09674,2025,30 bis unter 35 Jahre,m,2505
09674,2025,40 bis unter 45 Jahre,f,2613
09674,2025,40 bis unter 45 Jahre,m,2746
09674,2025,60 bis unter 65 Jahre,f,3696
09674,2025,60 bis unter 65 Jahre,m,3683
09674,2025,15 bis unter 20 Jahre,m,1946
09674,2025,15 bis unter 20 Jahre,f,1823
09674,2025,80 bis unter 85 Jahre,m,959
09674,2025,80 bis unter 85 Jahre,f,1236
09674,2025,45 bis unter 50 Jahre,f,2353
09674,2025,45 bis unter 50 Jahre,m,2419
09674,2025,75 bis unter 80 Jahre,m,1763
09674,2025,75 bis unter 80 Jahre,f,1852
09674,2025,unter 5 Jahre,m,1950
09674,2025,unter 5 Jahre,f,1820
09674,2025,55 bis unter 60 Jahre,f,3331
09674,2025,55 bis unter 60 Jahre,m,3414
03151,2025,90 bis unter 95 Jahre,m,423
03151,2025,90 bis unter 95 Jahre,f,986
03151,2025,35 bis unter 40 Jahre,f,5874
03151,2025,35 bis unter 40 Jahre,m,5941
03151,2025,unter 5 Jahre,f,4205
03151,2025,unter 5 Jahre,m,4339
03151,2025,20 bis unter 25 Jahre,f,3392
03151,2025,20 bis unter 25 Jahre,m,3989
03151,2025,15 bis unter 20 Jahre,f,4224
03151,2025,15 bis unter 20 Jahre,m,4587
03151,2025,75 bis unter 80 Jahre,f,3667
03151,2025,75 bis unter 80 Jahre,m,3276
03151,2025,80 bis unter 85 Jahre,f,2933
03151,2025,80 bis unter 85 Jahre,m,2204
03151,2025,25 bis unter 30 Jahre,m,4203
03151,2025,25 bis unter 30 Jahre,f,3718
03151,2025,70 bis unter 75 Jahre,f,4946
03151,2025,70 bis unter 75 Jahre,m,4673
03151,2025,95 Jahre und mehr,m,66
03151,2025,95 Jahre und mehr,f,263
03151,2025,60 bis unter 65 Jahre,f,7675
03151,2025,60 bis unter 65 Jahre,m,7539
03151,2025,45 bis unter 50 Jahre,m,5284
03151,2025,45 bis unter 50 Jahre,f,5346
03151,2025,50 bis unter 55 Jahre,m,5254
03151,2025,50 bis unter 55 Jahre,f,5337
03151,2025,55 bis unter 60 Jahre,f,7278
03151,2025,55 bis unter 60 Jahre,m,7145
03151,2025,5 bis unter 10 Jahre,f,4824
03151,2025,5 bis unter 10 Jahre,m,5025
03151,2025,65 bis unter 70 Jahre,f,6363
03151,2025,65 bis unter 70 Jahre,m,6218
03151,2025,10 bis unter 15 Jahre,f,4450
03151,2025,10 bis unter 15 Jahre,m,4627
03151,2025,40 bis unter 45 Jahre,m,5834
03151,2025,40 bis unter 45 Jahre,f,5773
03151,2025,30 bis unter 35 Jahre,m,4814
03151,2025,30 bis unter 35 Jahre,f,4657
03151,2025,85 bis unter 90 Jahre,f,2465
03151,2025,85 bis unter 90 Jahre,m,1701
09176,2025,5 bis unter 10 Jahre,f,4011
09176,2025,5 bis unter 10 Jahre,m,4130
09176,2025,80 bis unter 85 Jahre,m,1505
09176,2025,80 bis unter 85 Jahre,f,1822
09176,2025,25 bis unter 30 Jahre,f,3430
09176,2025,25 bis unter 30 Jahre,m,3967
09176,2025,45 bis unter 50 Jahre,f,4278
09176,2025,45 bis unter 50 Jahre,m,4595
09176,2025,60 bis unter 65 Jahre,m,5103
09176,2025,60 bis unter 65 Jahre,f,5130
09176,2025,40 bis unter 45 Jahre,m,4825
09176,2025,40 bis unter 45 Jahre,f,4739
09176,2025,10 bis unter 15 Jahre,f,3593
09176,2025,10 bis unter 15 Jahre,m,3833
09176,2025,95 Jahre und mehr,m,49
09176,2025,95 Jahre und mehr,f,156
09176,2025,85 bis unter 90 Jahre,f,1833
09176,2025,85 bis unter 90 Jahre,m,1253
09176,2025,unter 5 Jahre,m,3402
09176,2025,unter 5 Jahre,f,3303
09176,2025,70 bis unter 75 Jahre,f,3332
09176,2025,70 bis unter 75 Jahre,m,3223
09176,2025,90 bis unter 95 Jahre,f,659
09176,2025,90 bis unter 95 Jahre,m,334
09176,2025,35 bis unter 40 Jahre,m,4766
09176,2025,35 bis unter 40 Jahre,f,4628
09176,2025,55 bis unter 60 Jahre,m,5280
09176,2025,55 bis unter 60 Jahre,f,4888
09176,2025,65 bis unter 70 Jahre,f,4353
09176,2025,65 bis unter 70 Jahre,m,4354
09176,2025,15 bis unter 20 Jahre,f,3287
09176,2025,15 bis unter 20 Jahre,m,3672
09176,2025,50 bis unter 55 Jahre,m,4229
09176,2025,50 bis unter 55 Jahre,f,4127
09176,2025,20 bis unter 25 Jahre,f,3375
09176,2025,20 bis unter 25 Jahre,m,3734
09176,2025,75 bis unter 80 Jahre,f,2480
09176,2025,75 bis unter 80 Jahre,m,2366
09176,2025,30 bis unter 35 Jahre,f,3803
09176,2025,30 bis unter 35 Jahre,m,4135
09279,2025,25 bis unter 30 Jahre,f,2502
09279,2025,25 bis unter 30 Jahre,m,3276
09279,2025,45 bis unter 50 Jahre,f,3059
09279,2025,45 bis unter 50 Jahre,m,3367
09279,2025,80 bis unter 85 Jahre,m,1085
09279,2025,80 bis unter 85 Jahre,f,1405
09279,2025,65 bis unter 70 Jahre,f,3527
09279,2025,65 bis unter 70 Jahre,m,3434
09279,2025,85 bis unter 90 Jahre,f,1378
09279,2025,85 bis unter 90 Jahre,m,843
09279,2025,50 bis unter 55 Jahre,f,3129
09279,2025,50 bis unter 55 Jahre,m,3368
09279,2025,40 bis unter 45 Jahre,m,3583
09279,2025,40 bis unter 45 Jahre,f,3266
09279,2025,10 bis unter 15 Jahre,f,2208
09279,2025,10 bis unter 15 Jahre,m,2436
09279,2025,90 bis unter 95 Jahre,f,462
09279,2025,90 bis unter 95 Jahre,m,199
09279,2025,35 bis unter 40 Jahre,m,4090
09279,2025,35 bis unter 40 Jahre,f,3386
09279,2025,55 bis unter 60 Jahre,m,4016
09279,2025,55 bis unter 60 Jahre,f,3747
09279,2025,70 bis unter 75 Jahre,f,2639
09279,2025,70 bis unter 75 Jahre,m,2586
09279,2025,60 bis unter 65 Jahre,m,4089
09279,2025,60 bis unter 65 Jahre,f,3968
09279,2025,95 Jahre und mehr,f,104
09279,2025,95 Jahre und mehr,m,28
09279,2025,15 bis unter 20 Jahre,f,2230
09279,2025,15 bis unter 20 Jahre,m,2469
09279,2025,unter 5 Jahre,f,2354
09279,2025,unter 5 Jahre,m,2409
09279,2025,75 bis unter 80 Jahre,f,2045
09279,2025,75 bis unter 80 Jahre,m,1728
09279,2025,20 bis unter 25 Jahre,f,2310
09279,2025,20 bis unter 25 Jahre,m,2874
09279,2025,5 bis unter 10 Jahre,m,2528
09279,2025,5 bis unter 10 Jahre,f,2484
09279,2025,30 bis unter 35 Jahre,m,3511
09279,2025,30 bis unter 35 Jahre,f,2918
06440,2025,55 bis unter 60 Jahre,f,12799
06440,2025,55 bis unter 60 Jahre,m,12650
06440,2025,35 bis unter 40 Jahre,f,10230
06440,2025,35 bis unter 40 Jahre,m,10356
06440,2025,40 bis unter 45 Jahre,f,10446
06440,2025,40 bis unter 45 Jahre,m,9792
06440,2025,unter 5 Jahre,f,6561
06440,2025,unter 5 Jahre,m,6893
06440,2025,15 bis unter 20 Jahre,f,7257
06440,2025,15 bis unter 20 Jahre,m,8010
06440,2025,20 bis unter 25 Jahre,f,6629
06440,2025,20 bis unter 25 Jahre,m,8095
06440,2025,90 bis unter 95 Jahre,m,822
06440,2025,90 bis unter 95 Jahre,f,1745
06440,2025,60 bis unter 65 Jahre,f,12786
06440,2025,60 bis unter 65 Jahre,m,12366
06440,2025,75 bis unter 80 Jahre,f,7061
06440,2025,75 bis unter 80 Jahre,m,6214
06440,2025,85 bis unter 90 Jahre,m,3198
06440,2025,85 bis unter 90 Jahre,f,5070
06440,2025,65 bis unter 70 Jahre,m,9911
06440,2025,65 bis unter 70 Jahre,f,10576
06440,2025,30 bis unter 35 Jahre,m,9129
06440,2025,30 bis unter 35 Jahre,f,8432
06440,2025,5 bis unter 10 Jahre,f,7599
06440,2025,5 bis unter 10 Jahre,m,7782
06440,2025,95 Jahre und mehr,f,498
06440,2025,95 Jahre und mehr,m,170
06440,2025,10 bis unter 15 Jahre,m,7753
06440,2025,10 bis unter 15 Jahre,f,7379
06440,2025,45 bis unter 50 Jahre,f,10222
06440,2025,45 bis unter 50 Jahre,m,9725
06440,2025,80 bis unter 85 Jahre,m,4230
06440,2025,80 bis unter 85 Jahre,f,5552
06440,2025,50 bis unter 55 Jahre,f,10109
06440,2025,50 bis unter 55 Jahre,m,9692
06440,2025,25 bis unter 30 Jahre,f,7533
06440,2025,25 bis unter 30 Jahre,m,8687
06440,2025,70 bis unter 75 Jahre,m,7832
06440,2025,70 bis unter 75 Jahre,f,8735
03101,2025,35 bis unter 40 Jahre,f,8518
03101,2025,35 bis unter 40 Jahre,m,9554
03101,2025,75 bis unter 80 Jahre,f,5665
03101,2025,75 bis unter 80 Jahre,m,4231
03101,2025,55 bis unter 60 Jahre,f,8970
03101,2025,55 bis unter 60 Jahre,m,9344
03101,2025,70 bis unter 75 Jahre,m,5295
03101,2025,70 bis unter 75 Jahre,f,6544
03101,2025,40 bis unter 45 Jahre,f,7814
03101,2025,40 bis unter 45 Jahre,m,8381
03101,2025,15 bis unter 20 Jahre,f,5261
03101,2025,15 bis unter 20 Jahre,m,5614
03101,2025,unter 5 Jahre,f,4886
03101,2025,unter 5 Jahre,m,5179
03101,2025,60 bis unter 65 Jahre,m,8652
03101,2025,60 bis unter 65 Jahre,f,8844
03101,2025,80 bis unter 85 Jahre,f,5082
03101,2025,80 bis unter 85 Jahre,m,3586
03101,2025,50 bis unter 55 Jahre,m,7360
03101,2025,50 bis unter 55 Jahre,f,7296
03101,2025,25 bis unter 30 Jahre,m,11142
03101,2025,25 bis unter 30 Jahre,f,9909
03101,2025,45 bis unter 50 Jahre,f,7533
03101,2025,45 bis unter 50 Jahre,m,7459
03101,2025,30 bis unter 35 Jahre,f,9033
03101,2025,30 bis unter 35 Jahre,m,10562
03101,2025,5 bis unter 10 Jahre,f,5135
03101,2025,5 bis unter 10 Jahre,m,5274
03101,2025,10 bis unter 15 Jahre,f,5068
03101,2025,10 bis unter 15 Jahre,m,5263
03101,2025,95 Jahre und mehr,f,521
03101,2025,95 Jahre und mehr,m,157
03101,2025,90 bis unter 95 Jahre,f,1664
03101,2025,90 bis unter 95 Jahre,m,731
03101,2025,65 bis unter 70 Jahre,f,7743
03101,2025,65 bis unter 70 Jahre,m,6899
03101,2025,85 bis unter 90 Jahre,m,2701
03101,2025,85 bis unter 90 Jahre,f,4371
03101,2025,20 bis unter 25 Jahre,m,7787
03101,2025,20 bis unter 25 Jahre,f,7783
09571,2025,50 bis unter 55 Jahre,m,5929
09571,2025,50 bis unter 55 Jahre,f,5805
09571,2025,90 bis unter 95 Jahre,m,423
09571,2025,90 bis unter 95 Jahre,f,1080
09571,2025,85 bis unter 90 Jahre,m,1708
09571,2025,85 bis unter 90 Jahre,f,2874
09571,2025,70 bis unter 75 Jahre,m,4953
09571,2025,70 bis unter 75 Jahre,f,5327
09571,2025,65 bis unter 70 Jahre,m,6510
09571,2025,65 bis unter 70 Jahre,f,6673
09571,2025,25 bis unter 30 Jahre,m,5534
09571,2025,25 bis unter 30 Jahre,f,4793
09571,2025,10 bis unter 15 Jahre,m,4608
09571,2025,10 bis unter 15 Jahre,f,4304
09571,2025,30 bis unter 35 Jahre,f,5264
09571,2025,30 bis unter 35 Jahre,m,5735
09571,2025,35 bis unter 40 Jahre,f,6185
09571,2025,35 bis unter 40 Jahre,m,6456
09571,2025,60 bis unter 65 Jahre,f,7725
09571,2025,60 bis unter 65 Jahre,m,7798
09571,2025,15 bis unter 20 Jahre,m,4715
09571,2025,15 bis unter 20 Jahre,f,4212
09571,2025,40 bis unter 45 Jahre,f,5848
09571,2025,40 bis unter 45 Jahre,m,6271
09571,2025,5 bis unter 10 Jahre,m,5055
09571,2025,5 bis unter 10 Jahre,f,4890
09571,2025,20 bis unter 25 Jahre,m,5045
09571,2025,20 bis unter 25 Jahre,f,4099
09571,2025,95 Jahre und mehr,f,253
09571,2025,95 Jahre und mehr,m,94
09571,2025,unter 5 Jahre,m,4589
09571,2025,unter 5 Jahre,f,4340
09571,2025,80 bis unter 85 Jahre,f,2689
09571,2025,80 bis unter 85 Jahre,m,2022
09571,2025,45 bis unter 50 Jahre,f,5614
09571,2025,45 bis unter 50 Jahre,m,5684
09571,2025,75 bis unter 80 Jahre,m,3529
09571,2025,75 bis unter 80 Jahre,f,3999
09571,2025,55 bis unter 60 Jahre,f,7485
09571,2025,55 bis unter 60 Jahre,m,7370
05954,2025,95 Jahre und mehr,m,161
05954,2025,95 Jahre und mehr,f,616
05954,2025,90 bis unter 95 Jahre,m,1025
05954,2025,90 bis unter 95 Jahre,f,2174
05954,2025,30 bis unter 35 Jahre,m,9356
05954,2025,30 bis unter 35 Jahre,f,8983
05954,2025,55 bis unter 60 Jahre,f,13432
05954,2025,55 bis unter 60 Jahre,m,12844
05954,2025,unter 5 Jahre,f,6549
05954,2025,unter 5 Jahre,m,6857
05954,2025,85 bis unter 90 Jahre,m,3350
05954,2025,85 bis unter 90 Jahre,f,5841
05954,2025,40 bis unter 45 Jahre,f,9638
05954,2025,40 bis unter 45 Jahre,m,9507
05954,2025,70 bis unter 75 Jahre,m,8240
05954,2025,70 bis unter 75 Jahre,f,9942
05954,2025,15 bis unter 20 Jahre,f,6718
05954,2025,15 bis unter 20 Jahre,m,7035
05954,2025,45 bis unter 50 Jahre,m,8543
05954,2025,45 bis unter 50 Jahre,f,9176
05954,2025,5 bis unter 10 Jahre,m,7542
05954,2025,5 bis unter 10 Jahre,f,7196
05954,2025,50 bis unter 55 Jahre,f,9472
05954,2025,50 bis unter 55 Jahre,m,8888
05954,2025,25 bis unter 30 Jahre,m,8700
05954,2025,25 bis unter 30 Jahre,f,8117
05954,2025,60 bis unter 65 Jahre,f,13823
05954,2025,60 bis unter 65 Jahre,m,13223
05954,2025,80 bis unter 85 Jahre,f,6521
05954,2025,80 bis unter 85 Jahre,m,4672
05954,2025,35 bis unter 40 Jahre,m,9901
05954,2025,35 bis unter 40 Jahre,f,9902
05954,2025,20 bis unter 25 Jahre,m,7408
05954,2025,20 bis unter 25 Jahre,f,6884
05954,2025,65 bis unter 70 Jahre,f,11712
05954,2025,65 bis unter 70 Jahre,m,10735
05954,2025,75 bis unter 80 Jahre,f,7936
05954,2025,75 bis unter 80 Jahre,m,6443
05954,2025,10 bis unter 15 Jahre,m,7160
05954,2025,10 bis unter 15 Jahre,f,6781
05315,2025,80 bis unter 85 Jahre,m,11196
05315,2025,80 bis unter 85 Jahre,f,16009
05315,2025,60 bis unter 65 Jahre,m,33969
05315,2025,60 bis unter 65 Jahre,f,34346
05315,2025,25 bis unter 30 Jahre,f,45559
05315,2025,25 bis unter 30 Jahre,m,41069
05315,2025,5 bis unter 10 Jahre,f,21575
05315,2025,5 bis unter 10 Jahre,m,23076
05315,2025,10 bis unter 15 Jahre,f,21824
05315,2025,10 bis unter 15 Jahre,m,23226
05315,2025,75 bis unter 80 Jahre,m,14865
05315,2025,75 bis unter 80 Jahre,f,19737
05315,2025,45 bis unter 50 Jahre,f,34373
05315,2025,45 bis unter 50 Jahre,m,32848
05315,2025,85 bis unter 90 Jahre,f,13267
05315,2025,85 bis unter 90 Jahre,m,8508
05315,2025,70 bis unter 75 Jahre,f,22660
05315,2025,70 bis unter 75 Jahre,m,18576
05315,2025,unter 5 Jahre,m,22769
05315,2025,unter 5 Jahre,f,21781
05315,2025,55 bis unter 60 Jahre,m,38146
05315,2025,55 bis unter 60 Jahre,f,36858
05315,2025,95 Jahre und mehr,m,475
05315,2025,95 Jahre und mehr,f,1386
05315,2025,35 bis unter 40 Jahre,m,39551
05315,2025,35 bis unter 40 Jahre,f,39049
05315,2025,90 bis unter 95 Jahre,f,5074
05315,2025,90 bis unter 95 Jahre,m,2377
05315,2025,65 bis unter 70 Jahre,f,27559
05315,2025,65 bis unter 70 Jahre,m,25326
05315,2025,50 bis unter 55 Jahre,m,31988
05315,2025,50 bis unter 55 Jahre,f,32389
05315,2025,20 bis unter 25 Jahre,f,32720
05315,2025,20 bis unter 25 Jahre,m,29180
05315,2025,15 bis unter 20 Jahre,m,24176
05315,2025,15 bis unter 20 Jahre,f,22542
05315,2025,30 bis unter 35 Jahre,f,43331
05315,2025,30 bis unter 35 Jahre,m,43012
05315,2025,40 bis unter 45 Jahre,m,34077
05315,2025,40 bis unter 45 Jahre,f,35074
09273,2025,35 bis unter 40 Jahre,f,4137
09273,2025,35 bis unter 40 Jahre,m,4501
09273,2025,15 bis unter 20 Jahre,f,3001
09273,2025,15 bis unter 20 Jahre,m,3465
09273,2025,20 bis unter 25 Jahre,f,3061
09273,2025,20 bis unter 25 Jahre,m,3498
09273,2025,unter 5 Jahre,f,2920
09273,2025,unter 5 Jahre,m,3023
09273,2025,70 bis unter 75 Jahre,m,3004
09273,2025,70 bis unter 75 Jahre,f,3464
09273,2025,40 bis unter 45 Jahre,f,4118
09273,2025,40 bis unter 45 Jahre,m,4379
09273,2025,85 bis unter 90 Jahre,m,1113
09273,2025,85 bis unter 90 Jahre,f,1725
09273,2025,55 bis unter 60 Jahre,f,4745
09273,2025,55 bis unter 60 Jahre,m,5080
09273,2025,80 bis unter 85 Jahre,f,1841
09273,2025,80 bis unter 85 Jahre,m,1417
09273,2025,50 bis unter 55 Jahre,m,4191
09273,2025,50 bis unter 55 Jahre,f,3983
09273,2025,25 bis unter 30 Jahre,m,3779
09273,2025,25 bis unter 30 Jahre,f,3195
09273,2025,30 bis unter 35 Jahre,m,3996
09273,2025,30 bis unter 35 Jahre,f,3534
09273,2025,95 Jahre und mehr,m,43
09273,2025,95 Jahre und mehr,f,165
09273,2025,60 bis unter 65 Jahre,f,4793
09273,2025,60 bis unter 65 Jahre,m,5107
09273,2025,5 bis unter 10 Jahre,m,3387
09273,2025,5 bis unter 10 Jahre,f,3243
09273,2025,45 bis unter 50 Jahre,f,4105
09273,2025,45 bis unter 50 Jahre,m,4167
09273,2025,65 bis unter 70 Jahre,f,4158
09273,2025,65 bis unter 70 Jahre,m,4140
09273,2025,75 bis unter 80 Jahre,m,2196
09273,2025,75 bis unter 80 Jahre,f,2568
09273,2025,90 bis unter 95 Jahre,f,583
09273,2025,90 bis unter 95 Jahre,m,279
09273,2025,10 bis unter 15 Jahre,m,3162
09273,2025,10 bis unter 15 Jahre,f,3055
07319,2025,80 bis unter 85 Jahre,m,975
07319,2025,80 bis unter 85 Jahre,f,1324
07319,2025,60 bis unter 65 Jahre,m,3202
07319,2025,60 bis unter 65 Jahre,f,3147
07319,2025,25 bis unter 30 Jahre,f,2499
07319,2025,25 bis unter 30 Jahre,m,3071
07319,2025,40 bis unter 45 Jahre,m,2861
07319,2025,40 bis unter 45 Jahre,f,2819
07319,2025,5 bis unter 10 Jahre,f,2179
07319,2025,5 bis unter 10 Jahre,m,2351
07319,2025,20 bis unter 25 Jahre,m,2678
07319,2025,20 bis unter 25 Jahre,f,2422
07319,2025,55 bis unter 60 Jahre,m,3145
07319,2025,55 bis unter 60 Jahre,f,3034
07319,2025,65 bis unter 70 Jahre,f,2846
07319,2025,65 bis unter 70 Jahre,m,2720
07319,2025,95 Jahre und mehr,f,136
07319,2025,95 Jahre und mehr,m,41
07319,2025,70 bis unter 75 Jahre,f,2306
07319,2025,70 bis unter 75 Jahre,m,2064
07319,2025,15 bis unter 20 Jahre,m,2348
07319,2025,15 bis unter 20 Jahre,f,2134
07319,2025,50 bis unter 55 Jahre,f,2697
07319,2025,50 bis unter 55 Jahre,m,2611
07319,2025,35 bis unter 40 Jahre,m,3102
07319,2025,35 bis unter 40 Jahre,f,2898
07319,2025,45 bis unter 50 Jahre,f,2701
07319,2025,45 bis unter 50 Jahre,m,2666
07319,2025,90 bis unter 95 Jahre,m,209
07319,2025,90 bis unter 95 Jahre,f,450
07319,2025,30 bis unter 35 Jahre,m,3066
07319,2025,30 bis unter 35 Jahre,f,2671
07319,2025,unter 5 Jahre,f,1895
07319,2025,unter 5 Jahre,m,1965
07319,2025,85 bis unter 90 Jahre,m,781
07319,2025,85 bis unter 90 Jahre,f,1189
07319,2025,10 bis unter 15 Jahre,f,2069
07319,2025,10 bis unter 15 Jahre,m,2277
07319,2025,75 bis unter 80 Jahre,f,1833
07319,2025,75 bis unter 80 Jahre,m,1539
03452,2025,25 bis unter 30 Jahre,f,4695
03452,2025,25 bis unter 30 Jahre,m,5097
03452,2025,45 bis unter 50 Jahre,f,5318
03452,2025,45 bis unter 50 Jahre,m,5163
03452,2025,65 bis unter 70 Jahre,f,7495
03452,2025,65 bis unter 70 Jahre,m,6837
03452,2025,95 Jahre und mehr,f,226
03452,2025,95 Jahre und mehr,m,70
03452,2025,85 bis unter 90 Jahre,f,3020
03452,2025,85 bis unter 90 Jahre,m,1787
03452,2025,80 bis unter 85 Jahre,m,2574
03452,2025,80 bis unter 85 Jahre,f,3354
03452,2025,50 bis unter 55 Jahre,f,6249
03452,2025,50 bis unter 55 Jahre,m,5986
03452,2025,10 bis unter 15 Jahre,f,4101
03452,2025,10 bis unter 15 Jahre,m,4406
03452,2025,40 bis unter 45 Jahre,m,5251
03452,2025,40 bis unter 45 Jahre,f,5329
03452,2025,unter 5 Jahre,m,3977
03452,2025,unter 5 Jahre,f,3685
03452,2025,75 bis unter 80 Jahre,m,4529
03452,2025,75 bis unter 80 Jahre,f,5117
03452,2025,5 bis unter 10 Jahre,m,4429
03452,2025,5 bis unter 10 Jahre,f,4235
03452,2025,30 bis unter 35 Jahre,m,5344
03452,2025,30 bis unter 35 Jahre,f,4964
03452,2025,20 bis unter 25 Jahre,m,4654
03452,2025,20 bis unter 25 Jahre,f,4086
03452,2025,15 bis unter 20 Jahre,f,4200
03452,2025,15 bis unter 20 Jahre,m,4821
03452,2025,35 bis unter 40 Jahre,f,5572
03452,2025,35 bis unter 40 Jahre,m,5680
03452,2025,60 bis unter 65 Jahre,f,8607
03452,2025,60 bis unter 65 Jahre,m,7909
03452,2025,90 bis unter 95 Jahre,m,430
03452,2025,90 bis unter 95 Jahre,f,1014
03452,2025,55 bis unter 60 Jahre,m,7920
03452,2025,55 bis unter 60 Jahre,f,8367
03452,2025,70 bis unter 75 Jahre,f,6239
03452,2025,70 bis unter 75 Jahre,m,5713
09565,2025,60 bis unter 65 Jahre,m,1596
09565,2025,60 bis unter 65 Jahre,f,1639
09565,2025,75 bis unter 80 Jahre,m,789
09565,2025,75 bis unter 80 Jahre,f,1028
09565,2025,80 bis unter 85 Jahre,m,654
09565,2025,80 bis unter 85 Jahre,f,801
09565,2025,95 Jahre und mehr,f,58
09565,2025,95 Jahre und mehr,m,20
09565,2025,unter 5 Jahre,m,904
09565,2025,unter 5 Jahre,f,861
09565,2025,55 bis unter 60 Jahre,m,1740
09565,2025,55 bis unter 60 Jahre,f,1694
09565,2025,25 bis unter 30 Jahre,f,1124
09565,2025,25 bis unter 30 Jahre,m,1104
09565,2025,10 bis unter 15 Jahre,f,944
09565,2025,10 bis unter 15 Jahre,m,1044
09565,2025,40 bis unter 45 Jahre,m,1317
09565,2025,40 bis unter 45 Jahre,f,1304
09565,2025,15 bis unter 20 Jahre,m,1033
09565,2025,15 bis unter 20 Jahre,f,916
09565,2025,45 bis unter 50 Jahre,f,1345
09565,2025,45 bis unter 50 Jahre,m,1202
09565,2025,65 bis unter 70 Jahre,f,1311
09565,2025,65 bis unter 70 Jahre,m,1300
09565,2025,70 bis unter 75 Jahre,f,1188
09565,2025,70 bis unter 75 Jahre,m,934
09565,2025,90 bis unter 95 Jahre,f,276
09565,2025,90 bis unter 95 Jahre,m,114
09565,2025,35 bis unter 40 Jahre,m,1258
09565,2025,35 bis unter 40 Jahre,f,1328
09565,2025,50 bis unter 55 Jahre,m,1146
09565,2025,50 bis unter 55 Jahre,f,1319
09565,2025,30 bis unter 35 Jahre,m,1141
09565,2025,30 bis unter 35 Jahre,f,1155
09565,2025,20 bis unter 25 Jahre,f,950
09565,2025,20 bis unter 25 Jahre,m,958
09565,2025,85 bis unter 90 Jahre,f,687
09565,2025,85 bis unter 90 Jahre,m,447
09565,2025,5 bis unter 10 Jahre,m,1110
09565,2025,5 bis unter 10 Jahre,f,963
08135,2025,90 bis unter 95 Jahre,m,451
08135,2025,90 bis unter 95 Jahre,f,903
08135,2025,50 bis unter 55 Jahre,m,4081
08135,2025,50 bis unter 55 Jahre,f,4196
08135,2025,15 bis unter 20 Jahre,f,3208
08135,2025,15 bis unter 20 Jahre,m,3451
08135,2025,70 bis unter 75 Jahre,m,3391
08135,2025,70 bis unter 75 Jahre,f,3713
08135,2025,65 bis unter 70 Jahre,m,4295
08135,2025,65 bis unter 70 Jahre,f,4580
08135,2025,35 bis unter 40 Jahre,f,4405
08135,2025,35 bis unter 40 Jahre,m,4728
08135,2025,95 Jahre und mehr,m,96
08135,2025,95 Jahre und mehr,f,260
08135,2025,30 bis unter 35 Jahre,m,4348
08135,2025,30 bis unter 35 Jahre,f,3870
08135,2025,unter 5 Jahre,f,2998
08135,2025,unter 5 Jahre,m,2989
08135,2025,75 bis unter 80 Jahre,f,3052
08135,2025,75 bis unter 80 Jahre,m,2572
08135,2025,60 bis unter 65 Jahre,f,5185
08135,2025,60 bis unter 65 Jahre,m,5198
08135,2025,25 bis unter 30 Jahre,m,4158
08135,2025,25 bis unter 30 Jahre,f,3461
08135,2025,45 bis unter 50 Jahre,m,4231
08135,2025,45 bis unter 50 Jahre,f,4044
08135,2025,55 bis unter 60 Jahre,f,5055
08135,2025,55 bis unter 60 Jahre,m,5058
08135,2025,80 bis unter 85 Jahre,f,2494
08135,2025,80 bis unter 85 Jahre,m,1748
08135,2025,10 bis unter 15 Jahre,f,3202
08135,2025,10 bis unter 15 Jahre,m,3396
08135,2025,40 bis unter 45 Jahre,m,4485
08135,2025,40 bis unter 45 Jahre,f,4275
08135,2025,5 bis unter 10 Jahre,m,3412
08135,2025,5 bis unter 10 Jahre,f,3311
08135,2025,85 bis unter 90 Jahre,f,2347
08135,2025,85 bis unter 90 Jahre,m,1468
08135,2025,20 bis unter 25 Jahre,f,3167
08135,2025,20 bis unter 25 Jahre,m,3793
07133,2025,90 bis unter 95 Jahre,m,525
07133,2025,90 bis unter 95 Jahre,f,987
07133,2025,65 bis unter 70 Jahre,m,5659
07133,2025,65 bis unter 70 Jahre,f,6388
07133,2025,35 bis unter 40 Jahre,f,5222
07133,2025,35 bis unter 40 Jahre,m,5439
07133,2025,10 bis unter 15 Jahre,m,3973
07133,2025,10 bis unter 15 Jahre,f,3752
07133,2025,50 bis unter 55 Jahre,m,4790
07133,2025,50 bis unter 55 Jahre,f,5067
07133,2025,95 Jahre und mehr,m,109
07133,2025,95 Jahre und mehr,f,302
07133,2025,20 bis unter 25 Jahre,f,3454
07133,2025,20 bis unter 25 Jahre,m,3988
07133,2025,5 bis unter 10 Jahre,m,4162
07133,2025,5 bis unter 10 Jahre,f,3917
07133,2025,60 bis unter 65 Jahre,f,7158
07133,2025,60 bis unter 65 Jahre,m,6827
07133,2025,15 bis unter 20 Jahre,m,4181
07133,2025,15 bis unter 20 Jahre,f,3701
07133,2025,30 bis unter 35 Jahre,f,4480
07133,2025,30 bis unter 35 Jahre,m,4873
07133,2025,85 bis unter 90 Jahre,m,1676
07133,2025,85 bis unter 90 Jahre,f,2739
07133,2025,40 bis unter 45 Jahre,f,5145
07133,2025,40 bis unter 45 Jahre,m,5164
07133,2025,80 bis unter 85 Jahre,m,2344
07133,2025,80 bis unter 85 Jahre,f,3027
07133,2025,25 bis unter 30 Jahre,f,4004
07133,2025,25 bis unter 30 Jahre,m,4382
07133,2025,45 bis unter 50 Jahre,f,4900
07133,2025,45 bis unter 50 Jahre,m,4734
07133,2025,75 bis unter 80 Jahre,m,3442
07133,2025,75 bis unter 80 Jahre,f,4224
07133,2025,unter 5 Jahre,m,3502
07133,2025,unter 5 Jahre,f,3344
07133,2025,70 bis unter 75 Jahre,f,5357
07133,2025,70 bis unter 75 Jahre,m,4744
07133,2025,55 bis unter 60 Jahre,m,6449
07133,2025,55 bis unter 60 Jahre,f,6691
03157,2025,80 bis unter 85 Jahre,m,1880
03157,2025,80 bis unter 85 Jahre,f,2404
03157,2025,95 Jahre und mehr,f,230
03157,2025,95 Jahre und mehr,m,74
03157,2025,20 bis unter 25 Jahre,m,3492
03157,2025,20 bis unter 25 Jahre,f,2907
03157,2025,45 bis unter 50 Jahre,f,4142
03157,2025,45 bis unter 50 Jahre,m,4120
03157,2025,75 bis unter 80 Jahre,m,2628
03157,2025,75 bis unter 80 Jahre,f,3029
03157,2025,35 bis unter 40 Jahre,m,4616
03157,2025,35 bis unter 40 Jahre,f,4516
03157,2025,5 bis unter 10 Jahre,f,3715
03157,2025,5 bis unter 10 Jahre,m,3866
03157,2025,30 bis unter 35 Jahre,f,3756
03157,2025,30 bis unter 35 Jahre,m,3833
03157,2025,60 bis unter 65 Jahre,m,5643
03157,2025,60 bis unter 65 Jahre,f,5596
03157,2025,unter 5 Jahre,m,3243
03157,2025,unter 5 Jahre,f,3108
03157,2025,65 bis unter 70 Jahre,f,4579
03157,2025,65 bis unter 70 Jahre,m,4446
03157,2025,85 bis unter 90 Jahre,f,2207
03157,2025,85 bis unter 90 Jahre,m,1409
03157,2025,90 bis unter 95 Jahre,f,817
03157,2025,90 bis unter 95 Jahre,m,406
03157,2025,55 bis unter 60 Jahre,m,5763
03157,2025,55 bis unter 60 Jahre,f,5622
03157,2025,10 bis unter 15 Jahre,f,3496
03157,2025,10 bis unter 15 Jahre,m,3459
03157,2025,70 bis unter 75 Jahre,m,3434
03157,2025,70 bis unter 75 Jahre,f,3837
03157,2025,15 bis unter 20 Jahre,f,3339
03157,2025,15 bis unter 20 Jahre,m,3579
03157,2025,50 bis unter 55 Jahre,m,4174
03157,2025,50 bis unter 55 Jahre,f,4389
03157,2025,40 bis unter 45 Jahre,f,4368
03157,2025,40 bis unter 45 Jahre,m,4390
03157,2025,25 bis unter 30 Jahre,m,3592
03157,2025,25 bis unter 30 Jahre,f,3045
01062,2025,40 bis unter 45 Jahre,m,7915
01062,2025,40 bis unter 45 Jahre,f,8636
01062,2025,20 bis unter 25 Jahre,m,5827
01062,2025,20 bis unter 25 Jahre,f,4802
01062,2025,unter 5 Jahre,m,5172
01062,2025,unter 5 Jahre,f,4918
01062,2025,15 bis unter 20 Jahre,m,6652
01062,2025,15 bis unter 20 Jahre,f,6209
01062,2025,55 bis unter 60 Jahre,m,10413
01062,2025,55 bis unter 60 Jahre,f,10952
01062,2025,25 bis unter 30 Jahre,f,5055
01062,2025,25 bis unter 30 Jahre,m,5853
01062,2025,80 bis unter 85 Jahre,m,4174
01062,2025,80 bis unter 85 Jahre,f,5440
01062,2025,10 bis unter 15 Jahre,f,6330
01062,2025,10 bis unter 15 Jahre,m,6588
01062,2025,30 bis unter 35 Jahre,f,5895
01062,2025,30 bis unter 35 Jahre,m,6108
01062,2025,75 bis unter 80 Jahre,f,6044
01062,2025,75 bis unter 80 Jahre,m,5047
01062,2025,85 bis unter 90 Jahre,f,4770
01062,2025,85 bis unter 90 Jahre,m,3119
01062,2025,95 Jahre und mehr,m,162
01062,2025,95 Jahre und mehr,f,502
01062,2025,5 bis unter 10 Jahre,f,6033
01062,2025,5 bis unter 10 Jahre,m,6426
01062,2025,50 bis unter 55 Jahre,m,7754
01062,2025,50 bis unter 55 Jahre,f,8006
01062,2025,70 bis unter 75 Jahre,m,5896
01062,2025,70 bis unter 75 Jahre,f,6863
01062,2025,90 bis unter 95 Jahre,m,836
01062,2025,90 bis unter 95 Jahre,f,1783
01062,2025,65 bis unter 70 Jahre,m,7379
01062,2025,65 bis unter 70 Jahre,f,8069
01062,2025,45 bis unter 50 Jahre,m,8003
01062,2025,45 bis unter 50 Jahre,f,8438
01062,2025,35 bis unter 40 Jahre,f,7556
01062,2025,35 bis unter 40 Jahre,m,7486
01062,2025,60 bis unter 65 Jahre,f,10256
01062,2025,60 bis unter 65 Jahre,m,10027
06438,2025,70 bis unter 75 Jahre,m,8152
06438,2025,70 bis unter 75 Jahre,f,9550
06438,2025,50 bis unter 55 Jahre,m,11444
06438,2025,50 bis unter 55 Jahre,f,11418
06438,2025,15 bis unter 20 Jahre,f,8497
06438,2025,15 bis unter 20 Jahre,m,9368
06438,2025,30 bis unter 35 Jahre,m,10931
06438,2025,30 bis unter 35 Jahre,f,10631
06438,2025,65 bis unter 70 Jahre,m,10395
06438,2025,65 bis unter 70 Jahre,f,11100
06438,2025,35 bis unter 40 Jahre,f,11882
06438,2025,35 bis unter 40 Jahre,m,12053
06438,2025,90 bis unter 95 Jahre,m,1128
06438,2025,90 bis unter 95 Jahre,f,2114
06438,2025,75 bis unter 80 Jahre,f,8383
06438,2025,75 bis unter 80 Jahre,m,6820
06438,2025,60 bis unter 65 Jahre,f,13668
06438,2025,60 bis unter 65 Jahre,m,13172
06438,2025,unter 5 Jahre,f,8149
06438,2025,unter 5 Jahre,m,8533
06438,2025,25 bis unter 30 Jahre,m,10687
06438,2025,25 bis unter 30 Jahre,f,9856
06438,2025,45 bis unter 50 Jahre,m,11509
06438,2025,45 bis unter 50 Jahre,f,11830
06438,2025,55 bis unter 60 Jahre,f,13873
06438,2025,55 bis unter 60 Jahre,m,13563
06438,2025,80 bis unter 85 Jahre,f,6809
06438,2025,80 bis unter 85 Jahre,m,5100
06438,2025,95 Jahre und mehr,m,218
06438,2025,95 Jahre und mehr,f,533
06438,2025,40 bis unter 45 Jahre,m,11883
06438,2025,40 bis unter 45 Jahre,f,12263
06438,2025,10 bis unter 15 Jahre,f,8528
06438,2025,10 bis unter 15 Jahre,m,9180
06438,2025,5 bis unter 10 Jahre,m,9438
06438,2025,5 bis unter 10 Jahre,f,9026
06438,2025,85 bis unter 90 Jahre,f,5652
06438,2025,85 bis unter 90 Jahre,m,3630
06438,2025,20 bis unter 25 Jahre,f,8463
06438,2025,20 bis unter 25 Jahre,m,9555
09777,2025,90 bis unter 95 Jahre,m,403
09777,2025,90 bis unter 95 Jahre,f,763
09777,2025,65 bis unter 70 Jahre,m,4627
09777,2025,65 bis unter 70 Jahre,f,4912
09777,2025,95 Jahre und mehr,f,187
09777,2025,95 Jahre und mehr,m,64
09777,2025,20 bis unter 25 Jahre,f,3135
09777,2025,20 bis unter 25 Jahre,m,3689
09777,2025,35 bis unter 40 Jahre,f,4497
09777,2025,35 bis unter 40 Jahre,m,4808
09777,2025,50 bis unter 55 Jahre,m,4248
09777,2025,50 bis unter 55 Jahre,f,4471
09777,2025,5 bis unter 10 Jahre,m,3902
09777,2025,5 bis unter 10 Jahre,f,3732
09777,2025,15 bis unter 20 Jahre,m,3412
09777,2025,15 bis unter 20 Jahre,f,3309
09777,2025,60 bis unter 65 Jahre,f,5876
09777,2025,60 bis unter 65 Jahre,m,5568
09777,2025,10 bis unter 15 Jahre,m,3461
09777,2025,10 bis unter 15 Jahre,f,3365
09777,2025,30 bis unter 35 Jahre,f,4085
09777,2025,30 bis unter 35 Jahre,m,4292
09777,2025,85 bis unter 90 Jahre,m,1456
09777,2025,85 bis unter 90 Jahre,f,2144
09777,2025,40 bis unter 45 Jahre,f,4490
09777,2025,40 bis unter 45 Jahre,m,4462
09777,2025,80 bis unter 85 Jahre,m,2120
09777,2025,80 bis unter 85 Jahre,f,2535
09777,2025,25 bis unter 30 Jahre,f,3513
09777,2025,25 bis unter 30 Jahre,m,4107
09777,2025,75 bis unter 80 Jahre,m,2925
09777,2025,75 bis unter 80 Jahre,f,3234
09777,2025,45 bis unter 50 Jahre,f,4142
09777,2025,45 bis unter 50 Jahre,m,4226
09777,2025,unter 5 Jahre,m,3528
09777,2025,unter 5 Jahre,f,3438
09777,2025,70 bis unter 75 Jahre,f,3945
09777,2025,70 bis unter 75 Jahre,m,3645
09777,2025,55 bis unter 60 Jahre,m,5645
09777,2025,55 bis unter 60 Jahre,f,5704
05117,2025,15 bis unter 20 Jahre,f,3845
05117,2025,15 bis unter 20 Jahre,m,4070
05117,2025,unter 5 Jahre,f,3615
05117,2025,unter 5 Jahre,m,3784
05117,2025,75 bis unter 80 Jahre,f,4212
05117,2025,75 bis unter 80 Jahre,m,3192
05117,2025,50 bis unter 55 Jahre,m,4933
05117,2025,50 bis unter 55 Jahre,f,5231
05117,2025,20 bis unter 25 Jahre,f,3780
05117,2025,20 bis unter 25 Jahre,m,4157
05117,2025,65 bis unter 70 Jahre,m,5373
05117,2025,65 bis unter 70 Jahre,f,6094
05117,2025,35 bis unter 40 Jahre,f,5658
05117,2025,35 bis unter 40 Jahre,m,5624
05117,2025,60 bis unter 65 Jahre,f,6935
05117,2025,60 bis unter 65 Jahre,m,6687
05117,2025,90 bis unter 95 Jahre,m,611
05117,2025,90 bis unter 95 Jahre,f,1268
05117,2025,30 bis unter 35 Jahre,m,5374
05117,2025,30 bis unter 35 Jahre,f,5316
05117,2025,10 bis unter 15 Jahre,m,4306
05117,2025,10 bis unter 15 Jahre,f,3917
05117,2025,5 bis unter 10 Jahre,m,4418
05117,2025,5 bis unter 10 Jahre,f,4223
05117,2025,85 bis unter 90 Jahre,m,1884
05117,2025,85 bis unter 90 Jahre,f,3219
05117,2025,40 bis unter 45 Jahre,f,5340
05117,2025,40 bis unter 45 Jahre,m,5203
05117,2025,95 Jahre und mehr,m,129
05117,2025,95 Jahre und mehr,f,401
05117,2025,25 bis unter 30 Jahre,f,4516
05117,2025,25 bis unter 30 Jahre,m,5082
05117,2025,45 bis unter 50 Jahre,f,5199
05117,2025,45 bis unter 50 Jahre,m,4822
05117,2025,80 bis unter 85 Jahre,m,2520
05117,2025,80 bis unter 85 Jahre,f,3621
05117,2025,70 bis unter 75 Jahre,f,5040
05117,2025,70 bis unter 75 Jahre,m,4268
05117,2025,55 bis unter 60 Jahre,m,6724
05117,2025,55 bis unter 60 Jahre,f,7083
08437,2025,15 bis unter 20 Jahre,f,3131
08437,2025,15 bis unter 20 Jahre,m,3401
08437,2025,unter 5 Jahre,f,2925
08437,2025,unter 5 Jahre,m,3191
08437,2025,75 bis unter 80 Jahre,f,2816
08437,2025,75 bis unter 80 Jahre,m,2493
08437,2025,50 bis unter 55 Jahre,m,3948
08437,2025,50 bis unter 55 Jahre,f,4068
08437,2025,20 bis unter 25 Jahre,f,3015
08437,2025,20 bis unter 25 Jahre,m,3662
08437,2025,35 bis unter 40 Jahre,f,4083
08437,2025,35 bis unter 40 Jahre,m,4523
08437,2025,65 bis unter 70 Jahre,m,4593
08437,2025,65 bis unter 70 Jahre,f,4739
08437,2025,60 bis unter 65 Jahre,f,5612
08437,2025,60 bis unter 65 Jahre,m,5609
08437,2025,90 bis unter 95 Jahre,m,372
08437,2025,90 bis unter 95 Jahre,f,765
08437,2025,55 bis unter 60 Jahre,m,5129
08437,2025,55 bis unter 60 Jahre,f,5211
08437,2025,80 bis unter 85 Jahre,f,2226
08437,2025,80 bis unter 85 Jahre,m,1544
08437,2025,45 bis unter 50 Jahre,m,3802
08437,2025,45 bis unter 50 Jahre,f,3736
08437,2025,70 bis unter 75 Jahre,f,3808
08437,2025,70 bis unter 75 Jahre,m,3389
08437,2025,25 bis unter 30 Jahre,m,4075
08437,2025,25 bis unter 30 Jahre,f,3422
08437,2025,5 bis unter 10 Jahre,f,3276
08437,2025,5 bis unter 10 Jahre,m,3318
08437,2025,85 bis unter 90 Jahre,f,2131
08437,2025,85 bis unter 90 Jahre,m,1330
08437,2025,10 bis unter 15 Jahre,f,3041
08437,2025,10 bis unter 15 Jahre,m,3332
08437,2025,40 bis unter 45 Jahre,m,3991
08437,2025,40 bis unter 45 Jahre,f,4008
08437,2025,30 bis unter 35 Jahre,m,4252
08437,2025,30 bis unter 35 Jahre,f,3733
08437,2025,95 Jahre und mehr,f,225
08437,2025,95 Jahre und mehr,m,63
08212,2025,15 bis unter 20 Jahre,f,6542
08212,2025,15 bis unter 20 Jahre,m,7648
08212,2025,35 bis unter 40 Jahre,f,10175
08212,2025,35 bis unter 40 Jahre,m,11546
08212,2025,65 bis unter 70 Jahre,m,8027
08212,2025,65 bis unter 70 Jahre,f,8848
08212,2025,50 bis unter 55 Jahre,m,8879
08212,2025,50 bis unter 55 Jahre,f,8870
08212,2025,20 bis unter 25 Jahre,f,10414
08212,2025,20 bis unter 25 Jahre,m,14295
08212,2025,75 bis unter 80 Jahre,f,6241
08212,2025,75 bis unter 80 Jahre,m,4824
08212,2025,60 bis unter 65 Jahre,f,10482
08212,2025,60 bis unter 65 Jahre,m,10270
08212,2025,90 bis unter 95 Jahre,m,924
08212,2025,90 bis unter 95 Jahre,f,1831
08212,2025,25 bis unter 30 Jahre,m,16076
08212,2025,25 bis unter 30 Jahre,f,12456
08212,2025,45 bis unter 50 Jahre,m,9161
08212,2025,45 bis unter 50 Jahre,f,9057
08212,2025,70 bis unter 75 Jahre,f,7399
08212,2025,70 bis unter 75 Jahre,m,6138
08212,2025,unter 5 Jahre,f,5688
08212,2025,unter 5 Jahre,m,6006
08212,2025,80 bis unter 85 Jahre,f,5295
08212,2025,80 bis unter 85 Jahre,m,3666
08212,2025,55 bis unter 60 Jahre,f,10590
08212,2025,55 bis unter 60 Jahre,m,10675
08212,2025,40 bis unter 45 Jahre,m,10019
08212,2025,40 bis unter 45 Jahre,f,9539
08212,2025,95 Jahre und mehr,f,587
08212,2025,95 Jahre und mehr,m,185
08212,2025,10 bis unter 15 Jahre,f,5914
08212,2025,10 bis unter 15 Jahre,m,6316
08212,2025,85 bis unter 90 Jahre,f,4752
08212,2025,85 bis unter 90 Jahre,m,2940
08212,2025,5 bis unter 10 Jahre,m,6343
08212,2025,5 bis unter 10 Jahre,f,6196
08212,2025,30 bis unter 35 Jahre,m,13243
08212,2025,30 bis unter 35 Jahre,f,11190
09374,2025,70 bis unter 75 Jahre,m,2776
09374,2025,70 bis unter 75 Jahre,f,2907
09374,2025,90 bis unter 95 Jahre,m,206
09374,2025,90 bis unter 95 Jahre,f,507
09374,2025,50 bis unter 55 Jahre,m,2966
09374,2025,50 bis unter 55 Jahre,f,2988
09374,2025,20 bis unter 25 Jahre,f,2017
09374,2025,20 bis unter 25 Jahre,m,2308
09374,2025,35 bis unter 40 Jahre,f,3106
09374,2025,35 bis unter 40 Jahre,m,3220
09374,2025,65 bis unter 70 Jahre,m,3585
09374,2025,65 bis unter 70 Jahre,f,3614
09374,2025,10 bis unter 15 Jahre,m,2217
09374,2025,10 bis unter 15 Jahre,f,2125
09374,2025,25 bis unter 30 Jahre,m,2620
09374,2025,25 bis unter 30 Jahre,f,2323
09374,2025,60 bis unter 65 Jahre,f,4118
09374,2025,60 bis unter 65 Jahre,m,4222
09374,2025,40 bis unter 45 Jahre,f,2889
09374,2025,40 bis unter 45 Jahre,m,3189
09374,2025,15 bis unter 20 Jahre,m,2216
09374,2025,15 bis unter 20 Jahre,f,2008
09374,2025,85 bis unter 90 Jahre,m,923
09374,2025,85 bis unter 90 Jahre,f,1459
09374,2025,5 bis unter 10 Jahre,m,2358
09374,2025,5 bis unter 10 Jahre,f,2298
09374,2025,30 bis unter 35 Jahre,m,2783
09374,2025,30 bis unter 35 Jahre,f,2658
09374,2025,45 bis unter 50 Jahre,f,2754
09374,2025,45 bis unter 50 Jahre,m,2742
09374,2025,75 bis unter 80 Jahre,m,1886
09374,2025,75 bis unter 80 Jahre,f,2110
09374,2025,95 Jahre und mehr,m,46
09374,2025,95 Jahre und mehr,f,130
09374,2025,unter 5 Jahre,m,2421
09374,2025,unter 5 Jahre,f,2306
09374,2025,80 bis unter 85 Jahre,f,1567
09374,2025,80 bis unter 85 Jahre,m,1095
09374,2025,55 bis unter 60 Jahre,f,4027
09374,2025,55 bis unter 60 Jahre,m,3967
09477,2025,90 bis unter 95 Jahre,m,199
09477,2025,90 bis unter 95 Jahre,f,492
09477,2025,75 bis unter 80 Jahre,f,1933
09477,2025,75 bis unter 80 Jahre,m,1552
09477,2025,65 bis unter 70 Jahre,m,2696
09477,2025,65 bis unter 70 Jahre,f,2846
09477,2025,35 bis unter 40 Jahre,f,2047
09477,2025,35 bis unter 40 Jahre,m,2214
09477,2025,20 bis unter 25 Jahre,f,1450
09477,2025,20 bis unter 25 Jahre,m,1699
09477,2025,50 bis unter 55 Jahre,m,2213
09477,2025,50 bis unter 55 Jahre,f,2366
09477,2025,10 bis unter 15 Jahre,m,1487
09477,2025,10 bis unter 15 Jahre,f,1368
09477,2025,60 bis unter 65 Jahre,f,3187
09477,2025,60 bis unter 65 Jahre,m,3246
09477,2025,15 bis unter 20 Jahre,m,1659
09477,2025,15 bis unter 20 Jahre,f,1488
09477,2025,40 bis unter 45 Jahre,m,2140
09477,2025,40 bis unter 45 Jahre,f,2076
09477,2025,85 bis unter 90 Jahre,m,746
09477,2025,85 bis unter 90 Jahre,f,1343
09477,2025,5 bis unter 10 Jahre,m,1600
09477,2025,5 bis unter 10 Jahre,f,1500
09477,2025,30 bis unter 35 Jahre,m,2066
09477,2025,30 bis unter 35 Jahre,f,1867
09477,2025,95 Jahre und mehr,m,25
09477,2025,95 Jahre und mehr,f,150
09477,2025,45 bis unter 50 Jahre,f,2037
09477,2025,45 bis unter 50 Jahre,m,2062
09477,2025,25 bis unter 30 Jahre,f,1635
09477,2025,25 bis unter 30 Jahre,m,1963
09477,2025,80 bis unter 85 Jahre,f,1320
09477,2025,80 bis unter 85 Jahre,m,967
09477,2025,unter 5 Jahre,m,1345
09477,2025,unter 5 Jahre,f,1352
09477,2025,70 bis unter 75 Jahre,f,2399
09477,2025,70 bis unter 75 Jahre,m,2101
09477,2025,55 bis unter 60 Jahre,m,3064
09477,2025,55 bis unter 60 Jahre,f,3097
03458,2025,15 bis unter 20 Jahre,f,3046
03458,2025,15 bis unter 20 Jahre,m,3357
03458,2025,unter 5 Jahre,f,2814
03458,2025,unter 5 Jahre,m,3126
03458,2025,55 bis unter 60 Jahre,f,5956
03458,2025,55 bis unter 60 Jahre,m,5801
03458,2025,40 bis unter 45 Jahre,f,4009
03458,2025,40 bis unter 45 Jahre,m,4033
03458,2025,70 bis unter 75 Jahre,m,3404
03458,2025,70 bis unter 75 Jahre,f,3711
03458,2025,85 bis unter 90 Jahre,m,1416
03458,2025,85 bis unter 90 Jahre,f,2164
03458,2025,25 bis unter 30 Jahre,m,3459
03458,2025,25 bis unter 30 Jahre,f,3168
03458,2025,50 bis unter 55 Jahre,f,4272
03458,2025,50 bis unter 55 Jahre,m,3948
03458,2025,5 bis unter 10 Jahre,m,3466
03458,2025,5 bis unter 10 Jahre,f,3158
03458,2025,30 bis unter 35 Jahre,m,3602
03458,2025,30 bis unter 35 Jahre,f,3634
03458,2025,95 Jahre und mehr,m,55
03458,2025,95 Jahre und mehr,f,195
03458,2025,35 bis unter 40 Jahre,f,4259
03458,2025,35 bis unter 40 Jahre,m,4410
03458,2025,60 bis unter 65 Jahre,f,5769
03458,2025,60 bis unter 65 Jahre,m,5598
03458,2025,80 bis unter 85 Jahre,m,1869
03458,2025,80 bis unter 85 Jahre,f,2382
03458,2025,75 bis unter 80 Jahre,m,2692
03458,2025,75 bis unter 80 Jahre,f,3040
03458,2025,45 bis unter 50 Jahre,f,3867
03458,2025,45 bis unter 50 Jahre,m,3878
03458,2025,20 bis unter 25 Jahre,m,3425
03458,2025,20 bis unter 25 Jahre,f,2827
03458,2025,90 bis unter 95 Jahre,f,769
03458,2025,90 bis unter 95 Jahre,m,319
03458,2025,10 bis unter 15 Jahre,m,3129
03458,2025,10 bis unter 15 Jahre,f,3069
03458,2025,65 bis unter 70 Jahre,f,4662
03458,2025,65 bis unter 70 Jahre,m,4418
06432,2025,80 bis unter 85 Jahre,m,4227
06432,2025,80 bis unter 85 Jahre,f,5432
06432,2025,60 bis unter 65 Jahre,m,12325
06432,2025,60 bis unter 65 Jahre,f,12440
06432,2025,30 bis unter 35 Jahre,f,8198
06432,2025,30 bis unter 35 Jahre,m,8754
06432,2025,45 bis unter 50 Jahre,f,9828
06432,2025,45 bis unter 50 Jahre,m,9599
06432,2025,75 bis unter 80 Jahre,m,6164
06432,2025,75 bis unter 80 Jahre,f,7144
06432,2025,20 bis unter 25 Jahre,m,7903
06432,2025,20 bis unter 25 Jahre,f,6711
06432,2025,5 bis unter 10 Jahre,f,7558
06432,2025,5 bis unter 10 Jahre,m,7655
06432,2025,35 bis unter 40 Jahre,m,9913
06432,2025,35 bis unter 40 Jahre,f,9839
06432,2025,25 bis unter 30 Jahre,m,8499
06432,2025,25 bis unter 30 Jahre,f,7181
06432,2025,70 bis unter 75 Jahre,f,8514
06432,2025,70 bis unter 75 Jahre,m,7437
06432,2025,15 bis unter 20 Jahre,m,7767
06432,2025,15 bis unter 20 Jahre,f,7284
06432,2025,50 bis unter 55 Jahre,f,9549
06432,2025,50 bis unter 55 Jahre,m,9260
06432,2025,40 bis unter 45 Jahre,f,9936
06432,2025,40 bis unter 45 Jahre,m,9761
06432,2025,90 bis unter 95 Jahre,m,778
06432,2025,90 bis unter 95 Jahre,f,1570
06432,2025,unter 5 Jahre,f,6195
06432,2025,unter 5 Jahre,m,6675
06432,2025,85 bis unter 90 Jahre,m,2918
06432,2025,85 bis unter 90 Jahre,f,4334
06432,2025,55 bis unter 60 Jahre,f,12330
06432,2025,55 bis unter 60 Jahre,m,12287
06432,2025,95 Jahre und mehr,f,438
06432,2025,95 Jahre und mehr,m,145
06432,2025,10 bis unter 15 Jahre,m,7749
06432,2025,10 bis unter 15 Jahre,f,7265
06432,2025,65 bis unter 70 Jahre,f,10266
06432,2025,65 bis unter 70 Jahre,m,9701
08315,2025,35 bis unter 40 Jahre,f,8703
08315,2025,35 bis unter 40 Jahre,m,8823
08315,2025,unter 5 Jahre,f,6125
08315,2025,unter 5 Jahre,m,6452
08315,2025,15 bis unter 20 Jahre,f,6559
08315,2025,15 bis unter 20 Jahre,m,6940
08315,2025,20 bis unter 25 Jahre,f,6193
08315,2025,20 bis unter 25 Jahre,m,6908
08315,2025,50 bis unter 55 Jahre,m,7768
08315,2025,50 bis unter 55 Jahre,f,8363
08315,2025,60 bis unter 65 Jahre,f,11182
08315,2025,60 bis unter 65 Jahre,m,10585
08315,2025,90 bis unter 95 Jahre,m,923
08315,2025,90 bis unter 95 Jahre,f,1633
08315,2025,75 bis unter 80 Jahre,f,6216
08315,2025,75 bis unter 80 Jahre,m,5482
08315,2025,80 bis unter 85 Jahre,f,5086
08315,2025,80 bis unter 85 Jahre,m,4083
08315,2025,70 bis unter 75 Jahre,f,8169
08315,2025,70 bis unter 75 Jahre,m,7131
08315,2025,95 Jahre und mehr,m,192
08315,2025,95 Jahre und mehr,f,434
08315,2025,25 bis unter 30 Jahre,m,7708
08315,2025,25 bis unter 30 Jahre,f,6841
08315,2025,45 bis unter 50 Jahre,m,7787
08315,2025,45 bis unter 50 Jahre,f,8177
08315,2025,55 bis unter 60 Jahre,f,10893
08315,2025,55 bis unter 60 Jahre,m,10456
08315,2025,5 bis unter 10 Jahre,f,6896
08315,2025,5 bis unter 10 Jahre,m,7267
08315,2025,65 bis unter 70 Jahre,f,9602
08315,2025,65 bis unter 70 Jahre,m,8891
08315,2025,10 bis unter 15 Jahre,f,6520
08315,2025,10 bis unter 15 Jahre,m,6865
08315,2025,40 bis unter 45 Jahre,m,8454
08315,2025,40 bis unter 45 Jahre,f,8607
08315,2025,30 bis unter 35 Jahre,m,8229
08315,2025,30 bis unter 35 Jahre,f,7898
08315,2025,85 bis unter 90 Jahre,f,4536
08315,2025,85 bis unter 90 Jahre,m,3130
08417,2025,5 bis unter 10 Jahre,f,4807
08417,2025,5 bis unter 10 Jahre,m,4949
08417,2025,40 bis unter 45 Jahre,m,5988
08417,2025,40 bis unter 45 Jahre,f,5997
08417,2025,10 bis unter 15 Jahre,f,4451
08417,2025,10 bis unter 15 Jahre,m,4673
08417,2025,25 bis unter 30 Jahre,f,4665
08417,2025,25 bis unter 30 Jahre,m,5619
08417,2025,55 bis unter 60 Jahre,m,7459
08417,2025,55 bis unter 60 Jahre,f,7488
08417,2025,50 bis unter 55 Jahre,f,6108
08417,2025,50 bis unter 55 Jahre,m,5843
08417,2025,65 bis unter 70 Jahre,f,6989
08417,2025,65 bis unter 70 Jahre,m,6695
08417,2025,80 bis unter 85 Jahre,m,2445
08417,2025,80 bis unter 85 Jahre,f,3369
08417,2025,85 bis unter 90 Jahre,f,3361
08417,2025,85 bis unter 90 Jahre,m,1959
08417,2025,75 bis unter 80 Jahre,f,4380
08417,2025,75 bis unter 80 Jahre,m,3717
08417,2025,unter 5 Jahre,m,4537
08417,2025,unter 5 Jahre,f,4277
08417,2025,20 bis unter 25 Jahre,m,5101
08417,2025,20 bis unter 25 Jahre,f,4329
08417,2025,30 bis unter 35 Jahre,f,5613
08417,2025,30 bis unter 35 Jahre,m,6000
08417,2025,70 bis unter 75 Jahre,m,4963
08417,2025,70 bis unter 75 Jahre,f,5746
08417,2025,90 bis unter 95 Jahre,m,595
08417,2025,90 bis unter 95 Jahre,f,1288
08417,2025,15 bis unter 20 Jahre,f,4457
08417,2025,15 bis unter 20 Jahre,m,4848
08417,2025,35 bis unter 40 Jahre,m,6498
08417,2025,35 bis unter 40 Jahre,f,6208
08417,2025,95 Jahre und mehr,f,368
08417,2025,95 Jahre und mehr,m,88
08417,2025,45 bis unter 50 Jahre,m,5533
08417,2025,45 bis unter 50 Jahre,f,5565
08417,2025,60 bis unter 65 Jahre,f,8017
08417,2025,60 bis unter 65 Jahre,m,8103
05916,2025,70 bis unter 75 Jahre,m,3650
05916,2025,70 bis unter 75 Jahre,f,4440
05916,2025,85 bis unter 90 Jahre,m,1363
05916,2025,85 bis unter 90 Jahre,f,2522
05916,2025,90 bis unter 95 Jahre,m,426
05916,2025,90 bis unter 95 Jahre,f,1038
05916,2025,35 bis unter 40 Jahre,f,4989
05916,2025,35 bis unter 40 Jahre,m,5278
05916,2025,65 bis unter 70 Jahre,m,4742
05916,2025,65 bis unter 70 Jahre,f,5144
05916,2025,20 bis unter 25 Jahre,f,4172
05916,2025,20 bis unter 25 Jahre,m,4353
05916,2025,50 bis unter 55 Jahre,m,4877
05916,2025,50 bis unter 55 Jahre,f,4973
05916,2025,25 bis unter 30 Jahre,m,5199
05916,2025,25 bis unter 30 Jahre,f,4866
05916,2025,10 bis unter 15 Jahre,m,3928
05916,2025,10 bis unter 15 Jahre,f,3616
05916,2025,60 bis unter 65 Jahre,f,5897
05916,2025,60 bis unter 65 Jahre,m,5934
05916,2025,40 bis unter 45 Jahre,f,4798
05916,2025,40 bis unter 45 Jahre,m,4596
05916,2025,15 bis unter 20 Jahre,m,4043
05916,2025,15 bis unter 20 Jahre,f,3720
05916,2025,30 bis unter 35 Jahre,m,5173
05916,2025,30 bis unter 35 Jahre,f,4820
05916,2025,5 bis unter 10 Jahre,m,4005
05916,2025,5 bis unter 10 Jahre,f,3780
05916,2025,95 Jahre und mehr,m,84
05916,2025,95 Jahre und mehr,f,332
05916,2025,45 bis unter 50 Jahre,f,4717
05916,2025,45 bis unter 50 Jahre,m,4615
05916,2025,75 bis unter 80 Jahre,m,2747
05916,2025,75 bis unter 80 Jahre,f,3545
05916,2025,unter 5 Jahre,m,3771
05916,2025,unter 5 Jahre,f,3570
05916,2025,80 bis unter 85 Jahre,f,2698
05916,2025,80 bis unter 85 Jahre,m,1970
05916,2025,55 bis unter 60 Jahre,f,5960
05916,2025,55 bis unter 60 Jahre,m,5915
05762,2025,70 bis unter 75 Jahre,m,4114
05762,2025,70 bis unter 75 Jahre,f,4413
05762,2025,85 bis unter 90 Jahre,m,1535
05762,2025,85 bis unter 90 Jahre,f,2517
05762,2025,90 bis unter 95 Jahre,m,390
05762,2025,90 bis unter 95 Jahre,f,968
05762,2025,30 bis unter 35 Jahre,m,4043
05762,2025,30 bis unter 35 Jahre,f,3575
05762,2025,unter 5 Jahre,f,2952
05762,2025,unter 5 Jahre,m,2987
05762,2025,15 bis unter 20 Jahre,f,3243
05762,2025,15 bis unter 20 Jahre,m,3525
05762,2025,45 bis unter 50 Jahre,m,3851
05762,2025,45 bis unter 50 Jahre,f,3985
05762,2025,5 bis unter 10 Jahre,m,3397
05762,2025,5 bis unter 10 Jahre,f,3237
05762,2025,50 bis unter 55 Jahre,f,4264
05762,2025,50 bis unter 55 Jahre,m,3954
05762,2025,35 bis unter 40 Jahre,m,4300
05762,2025,35 bis unter 40 Jahre,f,4104
05762,2025,80 bis unter 85 Jahre,f,2368
05762,2025,80 bis unter 85 Jahre,m,1823
05762,2025,60 bis unter 65 Jahre,f,5910
05762,2025,60 bis unter 65 Jahre,m,6070
05762,2025,55 bis unter 60 Jahre,f,5654
05762,2025,55 bis unter 60 Jahre,m,5747
05762,2025,95 Jahre und mehr,f,266
05762,2025,95 Jahre und mehr,m,71
05762,2025,25 bis unter 30 Jahre,m,3959
05762,2025,25 bis unter 30 Jahre,f,3144
05762,2025,10 bis unter 15 Jahre,f,3075
05762,2025,10 bis unter 15 Jahre,m,3358
05762,2025,40 bis unter 45 Jahre,m,4036
05762,2025,40 bis unter 45 Jahre,f,3998
05762,2025,65 bis unter 70 Jahre,f,5377
05762,2025,65 bis unter 70 Jahre,m,5239
05762,2025,75 bis unter 80 Jahre,f,3291
05762,2025,75 bis unter 80 Jahre,m,2939
05762,2025,20 bis unter 25 Jahre,m,3569
05762,2025,20 bis unter 25 Jahre,f,2908
09764,2025,5 bis unter 10 Jahre,f,1110
09764,2025,5 bis unter 10 Jahre,m,1119
09764,2025,45 bis unter 50 Jahre,f,1348
09764,2025,45 bis unter 50 Jahre,m,1400
09764,2025,75 bis unter 80 Jahre,m,825
09764,2025,75 bis unter 80 Jahre,f,958
09764,2025,60 bis unter 65 Jahre,m,1590
09764,2025,60 bis unter 65 Jahre,f,1626
09764,2025,30 bis unter 35 Jahre,f,1389
09764,2025,30 bis unter 35 Jahre,m,1562
09764,2025,85 bis unter 90 Jahre,f,724
09764,2025,85 bis unter 90 Jahre,m,508
09764,2025,unter 5 Jahre,m,1141
09764,2025,unter 5 Jahre,f,1103
09764,2025,35 bis unter 40 Jahre,m,1569
09764,2025,35 bis unter 40 Jahre,f,1477
09764,2025,80 bis unter 85 Jahre,f,844
09764,2025,80 bis unter 85 Jahre,m,661
09764,2025,55 bis unter 60 Jahre,f,1579
09764,2025,55 bis unter 60 Jahre,m,1651
09764,2025,95 Jahre und mehr,f,90
09764,2025,95 Jahre und mehr,m,25
09764,2025,10 bis unter 15 Jahre,f,1050
09764,2025,10 bis unter 15 Jahre,m,953
09764,2025,90 bis unter 95 Jahre,f,247
09764,2025,90 bis unter 95 Jahre,m,132
09764,2025,65 bis unter 70 Jahre,f,1413
09764,2025,65 bis unter 70 Jahre,m,1355
09764,2025,70 bis unter 75 Jahre,m,1049
09764,2025,70 bis unter 75 Jahre,f,1240
09764,2025,20 bis unter 25 Jahre,f,1105
09764,2025,20 bis unter 25 Jahre,m,1232
09764,2025,50 bis unter 55 Jahre,m,1319
09764,2025,50 bis unter 55 Jahre,f,1315
09764,2025,25 bis unter 30 Jahre,m,1499
09764,2025,25 bis unter 30 Jahre,f,1339
09764,2025,15 bis unter 20 Jahre,m,1047
09764,2025,15 bis unter 20 Jahre,f,1063
09764,2025,40 bis unter 45 Jahre,f,1316
09764,2025,40 bis unter 45 Jahre,m,1405
09189,2025,15 bis unter 20 Jahre,f,4018
09189,2025,15 bis unter 20 Jahre,m,4219
09189,2025,unter 5 Jahre,f,3899
09189,2025,unter 5 Jahre,m,4167
09189,2025,20 bis unter 25 Jahre,f,3746
09189,2025,20 bis unter 25 Jahre,m,4196
09189,2025,50 bis unter 55 Jahre,m,5270
09189,2025,50 bis unter 55 Jahre,f,5479
09189,2025,65 bis unter 70 Jahre,m,5933
09189,2025,65 bis unter 70 Jahre,f,6285
09189,2025,35 bis unter 40 Jahre,f,5678
09189,2025,35 bis unter 40 Jahre,m,5659
09189,2025,60 bis unter 65 Jahre,f,7444
09189,2025,60 bis unter 65 Jahre,m,7100
09189,2025,90 bis unter 95 Jahre,m,550
09189,2025,90 bis unter 95 Jahre,f,1070
09189,2025,75 bis unter 80 Jahre,f,4590
09189,2025,75 bis unter 80 Jahre,m,3723
09189,2025,95 Jahre und mehr,m,95
09189,2025,95 Jahre und mehr,f,286
09189,2025,85 bis unter 90 Jahre,f,3108
09189,2025,85 bis unter 90 Jahre,m,2071
09189,2025,10 bis unter 15 Jahre,m,4129
09189,2025,10 bis unter 15 Jahre,f,3842
09189,2025,5 bis unter 10 Jahre,m,4548
09189,2025,5 bis unter 10 Jahre,f,4116
09189,2025,30 bis unter 35 Jahre,m,5328
09189,2025,30 bis unter 35 Jahre,f,5043
09189,2025,40 bis unter 45 Jahre,f,5405
09189,2025,40 bis unter 45 Jahre,m,5469
09189,2025,80 bis unter 85 Jahre,m,2635
09189,2025,80 bis unter 85 Jahre,f,3560
09189,2025,25 bis unter 30 Jahre,f,4290
09189,2025,25 bis unter 30 Jahre,m,4831
09189,2025,45 bis unter 50 Jahre,m,5060
09189,2025,45 bis unter 50 Jahre,f,5274
09189,2025,55 bis unter 60 Jahre,m,6764
09189,2025,55 bis unter 60 Jahre,f,7054
09189,2025,70 bis unter 75 Jahre,f,4993
09189,2025,70 bis unter 75 Jahre,m,4392
