ags,year,age_band,sex,count
10041,2014,10 bis unter 15 Jahre,m,6655
10041,2014,10 bis unter 15 Jahre,f,6286
10041,2014,45 bis unter 50 Jahre,m,12746
10041,2014,45 bis unter 50 Jahre,f,12798
10041,2014,65 bis unter 70 Jahre,m,8396
10041,2014,65 bis unter 70 Jahre,f,9157
10041,2014,25 bis unter 30 Jahre,m,11443
10041,2014,25 bis unter 30 Jahre,f,10609
10041,2014,70 bis unter 75 Jahre,f,9646
10041,2014,70 bis unter 75 Jahre,m,8122
10041,2014,50 bis unter 55 Jahre,m,13745
10041,2014,50 bis unter 55 Jahre,f,13796
10041,2014,90 bis unter 95 Jahre,f,2079
10041,2014,90 bis unter 95 Jahre,m,574
10041,2014,30 bis unter 35 Jahre,m,10489
10041,2014,30 bis unter 35 Jahre,f,9642
10041,2014,85 bis unter 90 Jahre,m,1998
10041,2014,85 bis unter 90 Jahre,f,4359
10041,2014,15 bis unter 20 Jahre,f,7574
10041,2014,15 bis unter 20 Jahre,m,8097
10041,2014,35 bis unter 40 Jahre,f,8621
10041,2014,35 bis unter 40 Jahre,m,8637
10041,2014,5 bis unter 10 Jahre,m,6268
10041,2014,5 bis unter 10 Jahre,f,5774
10041,2014,40 bis unter 45 Jahre,m,9272
10041,2014,40 bis unter 45 Jahre,f,9315
10041,2014,60 bis unter 65 Jahre,f,11735
10041,2014,60 bis unter 65 Jahre,m,11009
10041,2014,55 bis unter 60 Jahre,m,12685
10041,2014,55 bis unter 60 Jahre,f,12721
10041,2014,20 bis unter 25 Jahre,m,10464
10041,2014,20 bis unter 25 Jahre,f,10078
10041,2014,unter 5 Jahre,m,6297
10041,2014,unter 5 Jahre,f,5906
10041,2014,75 bis unter 80 Jahre,m,7567
10041,2014,75 bis unter 80 Jahre,f,10143
10041,2014,80 bis unter 85 Jahre,f,6377
10041,2014,80 bis unter 85 Jahre,m,4068
10041,2014,95 Jahre und mehr,m,85
10041,2014,95 Jahre und mehr,f,371
10042,2014,60 bis unter 65 Jahre,m,3834
10042,2014,60 bis unter 65 Jahre,f,3762
10042,2014,40 bis unter 45 Jahre,m,3252
10042,2014,40 bis unter 45 Jahre,f,3223
10042,2014,55 bis unter 60 Jahre,m,4429
10042,2014,55 bis unter 60 Jahre,f,4215
10042,2014,75 bis unter 80 Jahre,m,2422
10042,2014,75 bis unter 80 Jahre,f,3182
10042,2014,80 bis unter 85 Jahre,m,1276
10042,2014,80 bis unter 85 Jahre,f,1966
10042,2014,5 bis unter 10 Jahre,f,1960
10042,2014,5 bis unter 10 Jahre,m,2134
10042,2014,35 bis unter 40 Jahre,m,2770
10042,2014,35 bis unter 40 Jahre,f,2780
10042,2014,20 bis unter 25 Jahre,m,2773
10042,2014,20 bis unter 25 Jahre,f,2491
10042,2014,65 bis unter 70 Jahre,f,2583
10042,2014,65 bis unter 70 Jahre,m,2476
10042,2014,30 bis unter 35 Jahre,f,2834
10042,2014,30 bis unter 35 Jahre,m,2769
10042,2014,10 bis unter 15 Jahre,f,2337
10042,2014,10 bis unter 15 Jahre,m,2504
10042,2014,85 bis unter 90 Jahre,f,1287
10042,2014,85 bis unter 90 Jahre,m,644
10042,2014,unter 5 Jahre,f,1819
10042,2014,unter 5 Jahre,m,1933
10042,2014,90 bis unter 95 Jahre,m,183
10042,2014,90 bis unter 95 Jahre,f,588
10042,2014,50 bis unter 55 Jahre,m,4828
10042,2014,50 bis unter 55 Jahre,f,4794
10042,2014,95 Jahre und mehr,f,84
10042,2014,95 Jahre und mehr,m,17
10042,2014,15 bis unter 20 Jahre,f,2617
10042,2014,15 bis unter 20 Jahre,m,2757
10042,2014,45 bis unter 50 Jahre,m,4369
10042,2014,45 bis unter 50 Jahre,f,4365
10042,2014,70 bis unter 75 Jahre,m,2371
10042,2014,70 bis unter 75 Jahre,f,2806
10042,2014,25 bis unter 30 Jahre,f,2669
10042,2014,25 bis unter 30 Jahre,m,2884
10043,2014,90 bis unter 95 Jahre,m,224
10043,2014,90 bis unter 95 Jahre,f,822
10043,2014,30 bis unter 35 Jahre,m,3826
10043,2014,30 bis unter 35 Jahre,f,3487
10043,2014,unter 5 Jahre,f,2273
10043,2014,unter 5 Jahre,m,2308
10043,2014,85 bis unter 90 Jahre,m,854
10043,2014,85 bis unter 90 Jahre,f,1778
10043,2014,55 bis unter 60 Jahre,f,5574
10043,2014,55 bis unter 60 Jahre,m,5697
10043,2014,70 bis unter 75 Jahre,m,3469
10043,2014,70 bis unter 75 Jahre,f,4174
10043,2014,40 bis unter 45 Jahre,f,3778
10043,2014,40 bis unter 45 Jahre,m,3750
10043,2014,15 bis unter 20 Jahre,f,3164
10043,2014,15 bis unter 20 Jahre,m,3325
10043,2014,95 Jahre und mehr,m,36
10043,2014,95 Jahre und mehr,f,152
10043,2014,45 bis unter 50 Jahre,m,5523
10043,2014,45 bis unter 50 Jahre,f,5495
10043,2014,50 bis unter 55 Jahre,f,6219
10043,2014,50 bis unter 55 Jahre,m,6205
10043,2014,5 bis unter 10 Jahre,m,2476
10043,2014,5 bis unter 10 Jahre,f,2269
10043,2014,25 bis unter 30 Jahre,m,3840
10043,2014,25 bis unter 30 Jahre,f,3561
10043,2014,60 bis unter 65 Jahre,f,4985
10043,2014,60 bis unter 65 Jahre,m,4837
10043,2014,35 bis unter 40 Jahre,m,3272
10043,2014,35 bis unter 40 Jahre,f,3459
10043,2014,80 bis unter 85 Jahre,f,2815
10043,2014,80 bis unter 85 Jahre,m,1757
10043,2014,20 bis unter 25 Jahre,m,3755
10043,2014,20 bis unter 25 Jahre,f,3330
10043,2014,65 bis unter 70 Jahre,f,3626
10043,2014,65 bis unter 70 Jahre,m,3529
10043,2014,75 bis unter 80 Jahre,f,4603
10043,2014,75 bis unter 80 Jahre,m,3481
10043,2014,10 bis unter 15 Jahre,f,2534
10043,2014,10 bis unter 15 Jahre,m,2759
10044,2014,5 bis unter 10 Jahre,f,3549
10044,2014,5 bis unter 10 Jahre,m,3748
10044,2014,25 bis unter 30 Jahre,f,5211
10044,2014,25 bis unter 30 Jahre,m,5867
10044,2014,10 bis unter 15 Jahre,f,3952
10044,2014,10 bis unter 15 Jahre,m,4215
10044,2014,50 bis unter 55 Jahre,f,9083
10044,2014,50 bis unter 55 Jahre,m,8935
10044,2014,80 bis unter 85 Jahre,m,2710
10044,2014,80 bis unter 85 Jahre,f,3981
10044,2014,65 bis unter 70 Jahre,f,5191
10044,2014,65 bis unter 70 Jahre,m,5012
10044,2014,unter 5 Jahre,m,3678
10044,2014,unter 5 Jahre,f,3575
10044,2014,55 bis unter 60 Jahre,m,8167
10044,2014,55 bis unter 60 Jahre,f,8259
10044,2014,20 bis unter 25 Jahre,m,5699
10044,2014,20 bis unter 25 Jahre,f,4997
10044,2014,85 bis unter 90 Jahre,m,1248
10044,2014,85 bis unter 90 Jahre,f,2691
10044,2014,95 Jahre und mehr,m,46
10044,2014,95 Jahre und mehr,f,199
10044,2014,30 bis unter 35 Jahre,f,5150
10044,2014,30 bis unter 35 Jahre,m,5581
10044,2014,75 bis unter 80 Jahre,m,4768
10044,2014,75 bis unter 80 Jahre,f,6405
10044,2014,15 bis unter 20 Jahre,f,4775
10044,2014,15 bis unter 20 Jahre,m,4901
10044,2014,35 bis unter 40 Jahre,f,5076
10044,2014,35 bis unter 40 Jahre,m,5106
10044,2014,90 bis unter 95 Jahre,m,316
10044,2014,90 bis unter 95 Jahre,f,1114
10044,2014,40 bis unter 45 Jahre,f,5702
10044,2014,40 bis unter 45 Jahre,m,5419
10044,2014,70 bis unter 75 Jahre,m,4831
10044,2014,70 bis unter 75 Jahre,f,5783
10044,2014,45 bis unter 50 Jahre,m,7912
10044,2014,45 bis unter 50 Jahre,f,8076
10044,2014,60 bis unter 65 Jahre,f,7421
10044,2014,60 bis unter 65 Jahre,m,7283
10045,2014,55 bis unter 60 Jahre,f,6114
10045,2014,55 bis unter 60 Jahre,m,6011
10045,2014,unter 5 Jahre,f,2410
10045,2014,unter 5 Jahre,m,2583
10045,2014,20 bis unter 25 Jahre,f,3930
10045,2014,20 bis unter 25 Jahre,m,4129
10045,2014,15 bis unter 20 Jahre,f,3429
10045,2014,15 bis unter 20 Jahre,m,3680
10045,2014,75 bis unter 80 Jahre,f,4929
10045,2014,75 bis unter 80 Jahre,m,3700
10045,2014,40 bis unter 45 Jahre,f,4090
10045,2014,40 bis unter 45 Jahre,m,3948
10045,2014,35 bis unter 40 Jahre,f,3621
10045,2014,35 bis unter 40 Jahre,m,3602
10045,2014,60 bis unter 65 Jahre,f,5375
10045,2014,60 bis unter 65 Jahre,m,5192
10045,2014,90 bis unter 95 Jahre,m,314
10045,2014,90 bis unter 95 Jahre,f,961
10045,2014,50 bis unter 55 Jahre,m,6290
10045,2014,50 bis unter 55 Jahre,f,6574
10045,2014,70 bis unter 75 Jahre,m,3711
10045,2014,70 bis unter 75 Jahre,f,4357
10045,2014,45 bis unter 50 Jahre,m,5808
10045,2014,45 bis unter 50 Jahre,f,6001
10045,2014,25 bis unter 30 Jahre,m,3991
10045,2014,25 bis unter 30 Jahre,f,3731
10045,2014,80 bis unter 85 Jahre,f,3097
10045,2014,80 bis unter 85 Jahre,m,2154
10045,2014,95 Jahre und mehr,m,34
10045,2014,95 Jahre und mehr,f,152
10045,2014,10 bis unter 15 Jahre,f,2842
10045,2014,10 bis unter 15 Jahre,m,2972
10045,2014,65 bis unter 70 Jahre,f,3958
10045,2014,65 bis unter 70 Jahre,m,3764
10045,2014,5 bis unter 10 Jahre,m,2712
10045,2014,5 bis unter 10 Jahre,f,2587
10045,2014,30 bis unter 35 Jahre,m,3883
10045,2014,30 bis unter 35 Jahre,f,3739
10045,2014,85 bis unter 90 Jahre,m,1042
10045,2014,85 bis unter 90 Jahre,f,2115
10046,2014,85 bis unter 90 Jahre,f,1205
10046,2014,85 bis unter 90 Jahre,m,589
10046,2014,50 bis unter 55 Jahre,f,4239
10046,2014,50 bis unter 55 Jahre,m,4311
10046,2014,5 bis unter 10 Jahre,m,1564
10046,2014,5 bis unter 10 Jahre,f,1623
10046,2014,65 bis unter 70 Jahre,f,2347
10046,2014,65 bis unter 70 Jahre,m,2312
10046,2014,70 bis unter 75 Jahre,f,2556
10046,2014,70 bis unter 75 Jahre,m,2306
10046,2014,25 bis unter 30 Jahre,m,2404
10046,2014,25 bis unter 30 Jahre,f,2173
10046,2014,90 bis unter 95 Jahre,f,563
10046,2014,90 bis unter 95 Jahre,m,160
10046,2014,45 bis unter 50 Jahre,m,3630
10046,2014,45 bis unter 50 Jahre,f,3776
10046,2014,95 Jahre und mehr,f,78
10046,2014,95 Jahre und mehr,m,23
10046,2014,10 bis unter 15 Jahre,f,1771
10046,2014,10 bis unter 15 Jahre,m,1898
10046,2014,30 bis unter 35 Jahre,m,2349
10046,2014,30 bis unter 35 Jahre,f,2213
10046,2014,15 bis unter 20 Jahre,f,2139
10046,2014,15 bis unter 20 Jahre,m,2347
10046,2014,75 bis unter 80 Jahre,m,2245
10046,2014,75 bis unter 80 Jahre,f,2785
10046,2014,20 bis unter 25 Jahre,m,2457
10046,2014,20 bis unter 25 Jahre,f,2180
10046,2014,40 bis unter 45 Jahre,f,2608
10046,2014,40 bis unter 45 Jahre,m,2536
10046,2014,60 bis unter 65 Jahre,f,3402
10046,2014,60 bis unter 65 Jahre,m,3477
10046,2014,55 bis unter 60 Jahre,f,3722
10046,2014,55 bis unter 60 Jahre,m,3880
10046,2014,35 bis unter 40 Jahre,f,2243
10046,2014,35 bis unter 40 Jahre,m,2184
10046,2014,unter 5 Jahre,m,1496
10046,2014,unter 5 Jahre,f,1390
10046,2014,80 bis unter 85 Jahre,m,1304
10046,2014,80 bis unter 85 Jahre,f,1774
11000,2014,70 bis unter 75 Jahre,m,89868
11000,2014,70 bis unter 75 Jahre,f,104723
11000,2014,90 bis unter 95 Jahre,m,4094
11000,2014,90 bis unter 95 Jahre,f,15900
11000,2014,95 Jahre und mehr,f,4577
11000,2014,95 Jahre und mehr,m,854
11000,2014,30 bis unter 35 Jahre,m,146871
11000,2014,30 bis unter 35 Jahre,f,143416
11000,2014,15 bis unter 20 Jahre,f,67740
11000,2014,15 bis unter 20 Jahre,m,69730
11000,2014,50 bis unter 55 Jahre,m,138638
11000,2014,50 bis unter 55 Jahre,f,134150
11000,2014,10 bis unter 15 Jahre,m,69394
11000,2014,10 bis unter 15 Jahre,f,66352
11000,2014,85 bis unter 90 Jahre,m,15287
11000,2014,85 bis unter 90 Jahre,f,32820
11000,2014,55 bis unter 60 Jahre,f,108265
11000,2014,55 bis unter 60 Jahre,m,107646
11000,2014,65 bis unter 70 Jahre,f,84056
11000,2014,65 bis unter 70 Jahre,m,74754
11000,2014,unter 5 Jahre,f,83614
11000,2014,unter 5 Jahre,m,88200
11000,2014,45 bis unter 50 Jahre,m,137786
11000,2014,45 bis unter 50 Jahre,f,130893
11000,2014,20 bis unter 25 Jahre,f,101661
11000,2014,20 bis unter 25 Jahre,m,96142
11000,2014,75 bis unter 80 Jahre,f,89034
11000,2014,75 bis unter 80 Jahre,m,67551
11000,2014,80 bis unter 85 Jahre,m,32882
11000,2014,80 bis unter 85 Jahre,f,50689
11000,2014,60 bis unter 65 Jahre,m,93765
11000,2014,60 bis unter 65 Jahre,f,104719
11000,2014,35 bis unter 40 Jahre,m,123984
11000,2014,35 bis unter 40 Jahre,f,117720
11000,2014,5 bis unter 10 Jahre,f,73402
11000,2014,5 bis unter 10 Jahre,m,77361
11000,2014,40 bis unter 45 Jahre,f,108324
11000,2014,40 bis unter 45 Jahre,m,114726
11000,2014,25 bis unter 30 Jahre,m,146685
11000,2014,25 bis unter 30 Jahre,f,151576
12051,2014,80 bis unter 85 Jahre,f,1661
12051,2014,80 bis unter 85 Jahre,m,1040
12051,2014,unter 5 Jahre,m,1436
12051,2014,unter 5 Jahre,f,1449
12051,2014,35 bis unter 40 Jahre,m,2088
12051,2014,35 bis unter 40 Jahre,f,1683
12051,2014,55 bis unter 60 Jahre,m,2770
12051,2014,55 bis unter 60 Jahre,f,2810
12051,2014,60 bis unter 65 Jahre,f,2732
12051,2014,60 bis unter 65 Jahre,m,2552
12051,2014,40 bis unter 45 Jahre,m,1937
12051,2014,40 bis unter 45 Jahre,f,1693
12051,2014,15 bis unter 20 Jahre,m,1151
12051,2014,15 bis unter 20 Jahre,f,1002
12051,2014,20 bis unter 25 Jahre,m,1497
12051,2014,20 bis unter 25 Jahre,f,1341
12051,2014,75 bis unter 80 Jahre,m,2206
12051,2014,75 bis unter 80 Jahre,f,2826
12051,2014,10 bis unter 15 Jahre,f,1154
12051,2014,10 bis unter 15 Jahre,m,1171
12051,2014,90 bis unter 95 Jahre,m,96
12051,2014,90 bis unter 95 Jahre,f,413
12051,2014,65 bis unter 70 Jahre,f,1839
12051,2014,65 bis unter 70 Jahre,m,1595
12051,2014,70 bis unter 75 Jahre,m,2584
12051,2014,70 bis unter 75 Jahre,f,3052
12051,2014,45 bis unter 50 Jahre,m,2616
12051,2014,45 bis unter 50 Jahre,f,2440
12051,2014,95 Jahre und mehr,m,12
12051,2014,95 Jahre und mehr,f,85
12051,2014,85 bis unter 90 Jahre,m,511
12051,2014,85 bis unter 90 Jahre,f,1081
12051,2014,50 bis unter 55 Jahre,m,3175
12051,2014,50 bis unter 55 Jahre,f,3044
12051,2014,30 bis unter 35 Jahre,f,2200
12051,2014,30 bis unter 35 Jahre,m,2460
12051,2014,25 bis unter 30 Jahre,m,2670
12051,2014,25 bis unter 30 Jahre,f,2343
12051,2014,5 bis unter 10 Jahre,f,1267
12051,2014,5 bis unter 10 Jahre,m,1350
12052,2014,85 bis unter 90 Jahre,m,581
12052,2014,85 bis unter 90 Jahre,f,1315
12052,2014,30 bis unter 35 Jahre,m,3718
12052,2014,30 bis unter 35 Jahre,f,2988
12052,2014,45 bis unter 50 Jahre,m,3576
12052,2014,45 bis unter 50 Jahre,f,3478
12052,2014,90 bis unter 95 Jahre,f,551
12052,2014,90 bis unter 95 Jahre,m,131
12052,2014,50 bis unter 55 Jahre,m,4246
12052,2014,50 bis unter 55 Jahre,f,4351
12052,2014,70 bis unter 75 Jahre,m,2947
12052,2014,70 bis unter 75 Jahre,f,3729
12052,2014,65 bis unter 70 Jahre,m,2118
12052,2014,65 bis unter 70 Jahre,f,2497
12052,2014,25 bis unter 30 Jahre,m,4384
12052,2014,25 bis unter 30 Jahre,f,3515
12052,2014,10 bis unter 15 Jahre,m,1758
12052,2014,10 bis unter 15 Jahre,f,1584
12052,2014,15 bis unter 20 Jahre,f,1630
12052,2014,15 bis unter 20 Jahre,m,1778
12052,2014,35 bis unter 40 Jahre,f,2431
12052,2014,35 bis unter 40 Jahre,m,2854
12052,2014,40 bis unter 45 Jahre,f,2541
12052,2014,40 bis unter 45 Jahre,m,2672
12052,2014,5 bis unter 10 Jahre,m,1813
12052,2014,5 bis unter 10 Jahre,f,1737
12052,2014,60 bis unter 65 Jahre,f,3980
12052,2014,60 bis unter 65 Jahre,m,3565
12052,2014,75 bis unter 80 Jahre,m,2604
12052,2014,75 bis unter 80 Jahre,f,3444
12052,2014,20 bis unter 25 Jahre,m,2988
12052,2014,20 bis unter 25 Jahre,f,2688
12052,2014,unter 5 Jahre,m,2039
12052,2014,unter 5 Jahre,f,1904
12052,2014,80 bis unter 85 Jahre,f,2128
12052,2014,80 bis unter 85 Jahre,m,1395
12052,2014,95 Jahre und mehr,m,9
12052,2014,95 Jahre und mehr,f,115
12052,2014,55 bis unter 60 Jahre,f,3991
12052,2014,55 bis unter 60 Jahre,m,3718
12053,2014,60 bis unter 65 Jahre,m,2317
12053,2014,60 bis unter 65 Jahre,f,2445
12053,2014,80 bis unter 85 Jahre,m,827
12053,2014,80 bis unter 85 Jahre,f,1257
12053,2014,20 bis unter 25 Jahre,m,1403
12053,2014,20 bis unter 25 Jahre,f,1549
12053,2014,75 bis unter 80 Jahre,m,1487
12053,2014,75 bis unter 80 Jahre,f,2143
12053,2014,45 bis unter 50 Jahre,f,1992
12053,2014,45 bis unter 50 Jahre,m,1948
12053,2014,35 bis unter 40 Jahre,m,1640
12053,2014,35 bis unter 40 Jahre,f,1538
12053,2014,5 bis unter 10 Jahre,f,1108
12053,2014,5 bis unter 10 Jahre,m,1151
12053,2014,95 Jahre und mehr,f,53
12053,2014,95 Jahre und mehr,m,5
12053,2014,30 bis unter 35 Jahre,f,1609
12053,2014,30 bis unter 35 Jahre,m,1796
12053,2014,unter 5 Jahre,f,1055
12053,2014,unter 5 Jahre,m,1056
12053,2014,65 bis unter 70 Jahre,f,1445
12053,2014,65 bis unter 70 Jahre,m,1288
12053,2014,90 bis unter 95 Jahre,f,289
12053,2014,90 bis unter 95 Jahre,m,70
12053,2014,85 bis unter 90 Jahre,f,819
12053,2014,85 bis unter 90 Jahre,m,341
12053,2014,55 bis unter 60 Jahre,m,2445
12053,2014,55 bis unter 60 Jahre,f,2590
12053,2014,10 bis unter 15 Jahre,f,1021
12053,2014,10 bis unter 15 Jahre,m,1050
12053,2014,70 bis unter 75 Jahre,m,1653
12053,2014,70 bis unter 75 Jahre,f,2133
12053,2014,50 bis unter 55 Jahre,m,2529
12053,2014,50 bis unter 55 Jahre,f,2673
12053,2014,15 bis unter 20 Jahre,f,1045
12053,2014,15 bis unter 20 Jahre,m,979
12053,2014,40 bis unter 45 Jahre,f,1472
12053,2014,40 bis unter 45 Jahre,m,1570
12053,2014,25 bis unter 30 Jahre,m,2032
12053,2014,25 bis unter 30 Jahre,f,1826
12054,2014,15 bis unter 20 Jahre,f,2990
12054,2014,15 bis unter 20 Jahre,m,2855
12054,2014,unter 5 Jahre,f,4263
12054,2014,unter 5 Jahre,m,4554
12054,2014,55 bis unter 60 Jahre,f,5101
12054,2014,55 bis unter 60 Jahre,m,5003
12054,2014,40 bis unter 45 Jahre,f,5179
12054,2014,40 bis unter 45 Jahre,m,5314
12054,2014,70 bis unter 75 Jahre,m,3913
12054,2014,70 bis unter 75 Jahre,f,4960
12054,2014,85 bis unter 90 Jahre,m,867
12054,2014,85 bis unter 90 Jahre,f,1800
12054,2014,25 bis unter 30 Jahre,m,6669
12054,2014,25 bis unter 30 Jahre,f,7387
12054,2014,35 bis unter 40 Jahre,m,6150
12054,2014,35 bis unter 40 Jahre,f,5906
12054,2014,80 bis unter 85 Jahre,f,2869
12054,2014,80 bis unter 85 Jahre,m,1917
12054,2014,50 bis unter 55 Jahre,f,6203
12054,2014,50 bis unter 55 Jahre,m,6241
12054,2014,30 bis unter 35 Jahre,m,6527
12054,2014,30 bis unter 35 Jahre,f,6919
12054,2014,5 bis unter 10 Jahre,m,4152
12054,2014,5 bis unter 10 Jahre,f,3883
12054,2014,60 bis unter 65 Jahre,f,5204
12054,2014,60 bis unter 65 Jahre,m,4548
12054,2014,45 bis unter 50 Jahre,f,5838
12054,2014,45 bis unter 50 Jahre,m,5976
12054,2014,95 Jahre und mehr,m,31
12054,2014,95 Jahre und mehr,f,153
12054,2014,20 bis unter 25 Jahre,m,3902
12054,2014,20 bis unter 25 Jahre,f,4529
12054,2014,90 bis unter 95 Jahre,f,757
12054,2014,90 bis unter 95 Jahre,m,205
12054,2014,10 bis unter 15 Jahre,m,3477
12054,2014,10 bis unter 15 Jahre,f,3268
12054,2014,75 bis unter 80 Jahre,m,3375
12054,2014,75 bis unter 80 Jahre,f,4714
12054,2014,65 bis unter 70 Jahre,f,3411
12054,2014,65 bis unter 70 Jahre,m,3032
12060,2014,5 bis unter 10 Jahre,f,3717
12060,2014,5 bis unter 10 Jahre,m,4019
12060,2014,40 bis unter 45 Jahre,m,5475
12060,2014,40 bis unter 45 Jahre,f,5288
12060,2014,10 bis unter 15 Jahre,f,3415
12060,2014,10 bis unter 15 Jahre,m,3799
12060,2014,65 bis unter 70 Jahre,f,4304
12060,2014,65 bis unter 70 Jahre,m,4117
12060,2014,55 bis unter 60 Jahre,m,7668
12060,2014,55 bis unter 60 Jahre,f,7562
12060,2014,25 bis unter 30 Jahre,f,4476
12060,2014,25 bis unter 30 Jahre,m,4670
12060,2014,80 bis unter 85 Jahre,m,2108
12060,2014,80 bis unter 85 Jahre,f,3118
12060,2014,50 bis unter 55 Jahre,f,8774
12060,2014,50 bis unter 55 Jahre,m,8968
12060,2014,85 bis unter 90 Jahre,f,1841
12060,2014,85 bis unter 90 Jahre,m,850
12060,2014,95 Jahre und mehr,f,196
12060,2014,95 Jahre und mehr,m,30
12060,2014,20 bis unter 25 Jahre,m,2888
12060,2014,20 bis unter 25 Jahre,f,2653
12060,2014,unter 5 Jahre,m,3800
12060,2014,unter 5 Jahre,f,3492
12060,2014,30 bis unter 35 Jahre,f,4896
12060,2014,30 bis unter 35 Jahre,m,5124
12060,2014,75 bis unter 80 Jahre,m,4371
12060,2014,75 bis unter 80 Jahre,f,5360
12060,2014,90 bis unter 95 Jahre,m,227
12060,2014,90 bis unter 95 Jahre,f,816
12060,2014,15 bis unter 20 Jahre,f,3023
12060,2014,15 bis unter 20 Jahre,m,3437
12060,2014,70 bis unter 75 Jahre,m,5506
12060,2014,70 bis unter 75 Jahre,f,5996
12060,2014,35 bis unter 40 Jahre,f,5220
12060,2014,35 bis unter 40 Jahre,m,5234
12060,2014,60 bis unter 65 Jahre,f,6942
12060,2014,60 bis unter 65 Jahre,m,6802
12060,2014,45 bis unter 50 Jahre,m,7424
12060,2014,45 bis unter 50 Jahre,f,7375
12061,2014,35 bis unter 40 Jahre,f,4531
12061,2014,35 bis unter 40 Jahre,m,4741
12061,2014,95 Jahre und mehr,m,21
12061,2014,95 Jahre und mehr,f,167
12061,2014,unter 5 Jahre,f,3240
12061,2014,unter 5 Jahre,m,3411
12061,2014,55 bis unter 60 Jahre,f,6691
12061,2014,55 bis unter 60 Jahre,m,6898
12061,2014,20 bis unter 25 Jahre,f,2595
12061,2014,20 bis unter 25 Jahre,m,2891
12061,2014,15 bis unter 20 Jahre,f,3023
12061,2014,15 bis unter 20 Jahre,m,3121
12061,2014,75 bis unter 80 Jahre,f,5460
12061,2014,75 bis unter 80 Jahre,m,4400
12061,2014,90 bis unter 95 Jahre,m,213
12061,2014,90 bis unter 95 Jahre,f,817
12061,2014,60 bis unter 65 Jahre,f,6020
12061,2014,60 bis unter 65 Jahre,m,5959
12061,2014,25 bis unter 30 Jahre,m,4485
12061,2014,25 bis unter 30 Jahre,f,4017
12061,2014,70 bis unter 75 Jahre,f,5694
12061,2014,70 bis unter 75 Jahre,m,5037
12061,2014,50 bis unter 55 Jahre,m,8065
12061,2014,50 bis unter 55 Jahre,f,7725
12061,2014,45 bis unter 50 Jahre,m,7112
12061,2014,45 bis unter 50 Jahre,f,6844
12061,2014,80 bis unter 85 Jahre,f,3099
12061,2014,80 bis unter 85 Jahre,m,2268
12061,2014,65 bis unter 70 Jahre,f,3760
12061,2014,65 bis unter 70 Jahre,m,3623
12061,2014,5 bis unter 10 Jahre,m,3505
12061,2014,5 bis unter 10 Jahre,f,3271
12061,2014,40 bis unter 45 Jahre,m,5143
12061,2014,40 bis unter 45 Jahre,f,5043
12061,2014,10 bis unter 15 Jahre,f,3293
12061,2014,10 bis unter 15 Jahre,m,3392
12061,2014,30 bis unter 35 Jahre,m,4849
12061,2014,30 bis unter 35 Jahre,f,4664
12061,2014,85 bis unter 90 Jahre,f,1914
12061,2014,85 bis unter 90 Jahre,m,950
12062,2014,45 bis unter 50 Jahre,f,4101
12062,2014,45 bis unter 50 Jahre,m,4329
12062,2014,30 bis unter 35 Jahre,f,2458
12062,2014,30 bis unter 35 Jahre,m,3080
12062,2014,50 bis unter 55 Jahre,f,5074
12062,2014,50 bis unter 55 Jahre,m,5219
12062,2014,85 bis unter 90 Jahre,f,1579
12062,2014,85 bis unter 90 Jahre,m,651
12062,2014,5 bis unter 10 Jahre,m,1884
12062,2014,5 bis unter 10 Jahre,f,1951
12062,2014,25 bis unter 30 Jahre,m,2904
12062,2014,25 bis unter 30 Jahre,f,2418
12062,2014,70 bis unter 75 Jahre,f,4094
12062,2014,70 bis unter 75 Jahre,m,3472
12062,2014,65 bis unter 70 Jahre,f,2731
12062,2014,65 bis unter 70 Jahre,m,2501
12062,2014,10 bis unter 15 Jahre,f,1973
12062,2014,10 bis unter 15 Jahre,m,2066
12062,2014,40 bis unter 45 Jahre,m,3368
12062,2014,40 bis unter 45 Jahre,f,2941
12062,2014,75 bis unter 80 Jahre,m,3099
12062,2014,75 bis unter 80 Jahre,f,4013
12062,2014,95 Jahre und mehr,m,18
12062,2014,95 Jahre und mehr,f,123
12062,2014,15 bis unter 20 Jahre,f,1743
12062,2014,15 bis unter 20 Jahre,m,1846
12062,2014,20 bis unter 25 Jahre,m,1745
12062,2014,20 bis unter 25 Jahre,f,1339
12062,2014,55 bis unter 60 Jahre,f,4826
12062,2014,55 bis unter 60 Jahre,m,4914
12062,2014,35 bis unter 40 Jahre,f,2367
12062,2014,35 bis unter 40 Jahre,m,2805
12062,2014,unter 5 Jahre,f,1725
12062,2014,unter 5 Jahre,m,1759
12062,2014,60 bis unter 65 Jahre,f,4499
12062,2014,60 bis unter 65 Jahre,m,4509
12062,2014,90 bis unter 95 Jahre,m,158
12062,2014,90 bis unter 95 Jahre,f,657
12062,2014,80 bis unter 85 Jahre,m,1499
12062,2014,80 bis unter 85 Jahre,f,2559
12063,2014,15 bis unter 20 Jahre,m,3723
12063,2014,15 bis unter 20 Jahre,f,3310
12063,2014,60 bis unter 65 Jahre,f,5588
12063,2014,60 bis unter 65 Jahre,m,5499
12063,2014,75 bis unter 80 Jahre,f,4681
12063,2014,75 bis unter 80 Jahre,m,3740
12063,2014,80 bis unter 85 Jahre,f,2698
12063,2014,80 bis unter 85 Jahre,m,1785
12063,2014,35 bis unter 40 Jahre,m,4321
12063,2014,35 bis unter 40 Jahre,f,4404
12063,2014,55 bis unter 60 Jahre,m,6429
12063,2014,55 bis unter 60 Jahre,f,6216
12063,2014,40 bis unter 45 Jahre,m,4884
12063,2014,40 bis unter 45 Jahre,f,4958
12063,2014,20 bis unter 25 Jahre,f,2413
12063,2014,20 bis unter 25 Jahre,m,2949
12063,2014,unter 5 Jahre,m,3364
12063,2014,unter 5 Jahre,f,3183
12063,2014,90 bis unter 95 Jahre,m,182
12063,2014,90 bis unter 95 Jahre,f,631
12063,2014,95 Jahre und mehr,m,20
12063,2014,95 Jahre und mehr,f,150
12063,2014,45 bis unter 50 Jahre,m,7277
12063,2014,45 bis unter 50 Jahre,f,7326
12063,2014,70 bis unter 75 Jahre,m,4648
12063,2014,70 bis unter 75 Jahre,f,5232
12063,2014,5 bis unter 10 Jahre,m,3537
12063,2014,5 bis unter 10 Jahre,f,3322
12063,2014,85 bis unter 90 Jahre,f,1583
12063,2014,85 bis unter 90 Jahre,m,714
12063,2014,25 bis unter 30 Jahre,m,4056
12063,2014,25 bis unter 30 Jahre,f,3759
12063,2014,65 bis unter 70 Jahre,f,3686
12063,2014,65 bis unter 70 Jahre,m,3395
12063,2014,30 bis unter 35 Jahre,f,4157
12063,2014,30 bis unter 35 Jahre,m,4269
12063,2014,10 bis unter 15 Jahre,m,3764
12063,2014,10 bis unter 15 Jahre,f,3607
12063,2014,50 bis unter 55 Jahre,f,7727
12063,2014,50 bis unter 55 Jahre,m,8221
12064,2014,90 bis unter 95 Jahre,f,870
12064,2014,90 bis unter 95 Jahre,m,243
12064,2014,25 bis unter 30 Jahre,m,4896
12064,2014,25 bis unter 30 Jahre,f,4558
12064,2014,10 bis unter 15 Jahre,m,3985
12064,2014,10 bis unter 15 Jahre,f,3669
12064,2014,70 bis unter 75 Jahre,f,6041
12064,2014,70 bis unter 75 Jahre,m,5339
12064,2014,95 Jahre und mehr,f,163
12064,2014,95 Jahre und mehr,m,35
12064,2014,30 bis unter 35 Jahre,f,5261
12064,2014,30 bis unter 35 Jahre,m,5432
12064,2014,65 bis unter 70 Jahre,m,4338
12064,2014,65 bis unter 70 Jahre,f,4466
12064,2014,85 bis unter 90 Jahre,f,2157
12064,2014,85 bis unter 90 Jahre,m,987
12064,2014,50 bis unter 55 Jahre,m,10204
12064,2014,50 bis unter 55 Jahre,f,10023
12064,2014,5 bis unter 10 Jahre,f,3851
12064,2014,5 bis unter 10 Jahre,m,4124
12064,2014,40 bis unter 45 Jahre,f,5505
12064,2014,40 bis unter 45 Jahre,m,5837
12064,2014,15 bis unter 20 Jahre,f,3334
12064,2014,15 bis unter 20 Jahre,m,3527
12064,2014,unter 5 Jahre,m,4009
12064,2014,unter 5 Jahre,f,3705
12064,2014,35 bis unter 40 Jahre,m,5686
12064,2014,35 bis unter 40 Jahre,f,5359
12064,2014,80 bis unter 85 Jahre,f,3830
12064,2014,80 bis unter 85 Jahre,m,2662
12064,2014,20 bis unter 25 Jahre,m,2985
12064,2014,20 bis unter 25 Jahre,f,2506
12064,2014,60 bis unter 65 Jahre,f,7436
12064,2014,60 bis unter 65 Jahre,m,7456
12064,2014,75 bis unter 80 Jahre,m,4801
12064,2014,75 bis unter 80 Jahre,f,6188
12064,2014,55 bis unter 60 Jahre,m,8751
12064,2014,55 bis unter 60 Jahre,f,8252
12064,2014,45 bis unter 50 Jahre,f,7854
12064,2014,45 bis unter 50 Jahre,m,8097
12065,2014,40 bis unter 45 Jahre,m,6351
12065,2014,40 bis unter 45 Jahre,f,6622
12065,2014,75 bis unter 80 Jahre,m,4948
12065,2014,75 bis unter 80 Jahre,f,6321
12065,2014,55 bis unter 60 Jahre,m,8580
12065,2014,55 bis unter 60 Jahre,f,8140
12065,2014,60 bis unter 65 Jahre,m,7343
12065,2014,60 bis unter 65 Jahre,f,7516
12065,2014,unter 5 Jahre,m,4444
12065,2014,unter 5 Jahre,f,4282
12065,2014,80 bis unter 85 Jahre,f,3641
12065,2014,80 bis unter 85 Jahre,m,2505
12065,2014,20 bis unter 25 Jahre,m,3593
12065,2014,20 bis unter 25 Jahre,f,3159
12065,2014,35 bis unter 40 Jahre,m,5883
12065,2014,35 bis unter 40 Jahre,f,6016
12065,2014,15 bis unter 20 Jahre,m,4508
12065,2014,15 bis unter 20 Jahre,f,4077
12065,2014,95 Jahre und mehr,m,37
12065,2014,95 Jahre und mehr,f,212
12065,2014,10 bis unter 15 Jahre,f,4638
12065,2014,10 bis unter 15 Jahre,m,4789
12065,2014,45 bis unter 50 Jahre,f,9426
12065,2014,45 bis unter 50 Jahre,m,9345
12065,2014,90 bis unter 95 Jahre,f,986
12065,2014,90 bis unter 95 Jahre,m,214
12065,2014,65 bis unter 70 Jahre,f,4694
12065,2014,65 bis unter 70 Jahre,m,4515
12065,2014,50 bis unter 55 Jahre,m,10700
12065,2014,50 bis unter 55 Jahre,f,10049
12065,2014,70 bis unter 75 Jahre,m,6106
12065,2014,70 bis unter 75 Jahre,f,6886
12065,2014,85 bis unter 90 Jahre,m,1036
12065,2014,85 bis unter 90 Jahre,f,2087
12065,2014,25 bis unter 30 Jahre,m,5374
12065,2014,25 bis unter 30 Jahre,f,5004
12065,2014,30 bis unter 35 Jahre,f,5791
12065,2014,30 bis unter 35 Jahre,m,5913
12065,2014,5 bis unter 10 Jahre,f,4432
12065,2014,5 bis unter 10 Jahre,m,4735
12066,2014,70 bis unter 75 Jahre,m,3831
12066,2014,70 bis unter 75 Jahre,f,4897
12066,2014,50 bis unter 55 Jahre,m,5525
12066,2014,50 bis unter 55 Jahre,f,5212
12066,2014,90 bis unter 95 Jahre,m,169
12066,2014,90 bis unter 95 Jahre,f,667
12066,2014,85 bis unter 90 Jahre,m,687
12066,2014,85 bis unter 90 Jahre,f,1707
12066,2014,65 bis unter 70 Jahre,m,2624
12066,2014,65 bis unter 70 Jahre,f,3076
12066,2014,10 bis unter 15 Jahre,m,2088
12066,2014,10 bis unter 15 Jahre,f,1966
12066,2014,25 bis unter 30 Jahre,m,3255
12066,2014,25 bis unter 30 Jahre,f,2854
12066,2014,40 bis unter 45 Jahre,f,2992
12066,2014,40 bis unter 45 Jahre,m,3420
12066,2014,30 bis unter 35 Jahre,f,2694
12066,2014,30 bis unter 35 Jahre,m,3450
12066,2014,60 bis unter 65 Jahre,f,4825
12066,2014,60 bis unter 65 Jahre,m,4607
12066,2014,15 bis unter 20 Jahre,m,1979
12066,2014,15 bis unter 20 Jahre,f,1737
12066,2014,35 bis unter 40 Jahre,f,2609
12066,2014,35 bis unter 40 Jahre,m,3239
12066,2014,5 bis unter 10 Jahre,m,2024
12066,2014,5 bis unter 10 Jahre,f,1995
12066,2014,95 Jahre und mehr,m,23
12066,2014,95 Jahre und mehr,f,109
12066,2014,20 bis unter 25 Jahre,m,1928
12066,2014,20 bis unter 25 Jahre,f,1611
12066,2014,80 bis unter 85 Jahre,f,2804
12066,2014,80 bis unter 85 Jahre,m,1642
12066,2014,45 bis unter 50 Jahre,f,4324
12066,2014,45 bis unter 50 Jahre,m,4466
12066,2014,75 bis unter 80 Jahre,m,3460
12066,2014,75 bis unter 80 Jahre,f,4597
12066,2014,55 bis unter 60 Jahre,f,4888
12066,2014,55 bis unter 60 Jahre,m,4874
12066,2014,unter 5 Jahre,m,2075
12066,2014,unter 5 Jahre,f,1966
12067,2014,5 bis unter 10 Jahre,f,3554
12067,2014,5 bis unter 10 Jahre,m,3610
12067,2014,95 Jahre und mehr,f,160
12067,2014,95 Jahre und mehr,m,36
12067,2014,75 bis unter 80 Jahre,m,5044
12067,2014,75 bis unter 80 Jahre,f,6425
12067,2014,45 bis unter 50 Jahre,f,7097
12067,2014,45 bis unter 50 Jahre,m,7393
12067,2014,20 bis unter 25 Jahre,m,3022
12067,2014,20 bis unter 25 Jahre,f,2470
12067,2014,30 bis unter 35 Jahre,f,4762
12067,2014,30 bis unter 35 Jahre,m,5098
12067,2014,60 bis unter 65 Jahre,m,7215
12067,2014,60 bis unter 65 Jahre,f,7434
12067,2014,35 bis unter 40 Jahre,m,5026
12067,2014,35 bis unter 40 Jahre,f,4677
12067,2014,80 bis unter 85 Jahre,f,3816
12067,2014,80 bis unter 85 Jahre,m,2541
12067,2014,unter 5 Jahre,m,3569
12067,2014,unter 5 Jahre,f,3440
12067,2014,10 bis unter 15 Jahre,m,3626
12067,2014,10 bis unter 15 Jahre,f,3335
12067,2014,65 bis unter 70 Jahre,m,4121
12067,2014,65 bis unter 70 Jahre,f,4541
12067,2014,90 bis unter 95 Jahre,f,861
12067,2014,90 bis unter 95 Jahre,m,242
12067,2014,85 bis unter 90 Jahre,f,2245
12067,2014,85 bis unter 90 Jahre,m,1069
12067,2014,55 bis unter 60 Jahre,m,7950
12067,2014,55 bis unter 60 Jahre,f,7797
12067,2014,70 bis unter 75 Jahre,m,5684
12067,2014,70 bis unter 75 Jahre,f,6484
12067,2014,50 bis unter 55 Jahre,m,8645
12067,2014,50 bis unter 55 Jahre,f,8697
12067,2014,15 bis unter 20 Jahre,f,3038
12067,2014,15 bis unter 20 Jahre,m,3589
12067,2014,25 bis unter 30 Jahre,m,4862
12067,2014,25 bis unter 30 Jahre,f,4374
12067,2014,40 bis unter 45 Jahre,f,4986
12067,2014,40 bis unter 45 Jahre,m,5288
12068,2014,35 bis unter 40 Jahre,f,2513
12068,2014,35 bis unter 40 Jahre,m,2768
12068,2014,15 bis unter 20 Jahre,f,1738
12068,2014,15 bis unter 20 Jahre,m,1862
12068,2014,20 bis unter 25 Jahre,f,1497
12068,2014,20 bis unter 25 Jahre,m,1730
12068,2014,unter 5 Jahre,f,1809
12068,2014,unter 5 Jahre,m,1961
12068,2014,40 bis unter 45 Jahre,f,2647
12068,2014,40 bis unter 45 Jahre,m,2921
12068,2014,70 bis unter 75 Jahre,m,3033
12068,2014,70 bis unter 75 Jahre,f,3339
12068,2014,80 bis unter 85 Jahre,f,2185
12068,2014,80 bis unter 85 Jahre,m,1347
12068,2014,95 Jahre und mehr,f,78
12068,2014,95 Jahre und mehr,m,22
12068,2014,55 bis unter 60 Jahre,f,4629
12068,2014,55 bis unter 60 Jahre,m,4773
12068,2014,85 bis unter 90 Jahre,m,571
12068,2014,85 bis unter 90 Jahre,f,1334
12068,2014,50 bis unter 55 Jahre,m,5068
12068,2014,50 bis unter 55 Jahre,f,4921
12068,2014,30 bis unter 35 Jahre,m,2975
12068,2014,30 bis unter 35 Jahre,f,2684
12068,2014,25 bis unter 30 Jahre,m,2954
12068,2014,25 bis unter 30 Jahre,f,2553
12068,2014,5 bis unter 10 Jahre,m,2043
12068,2014,5 bis unter 10 Jahre,f,1818
12068,2014,60 bis unter 65 Jahre,f,4113
12068,2014,60 bis unter 65 Jahre,m,4156
12068,2014,45 bis unter 50 Jahre,f,3837
12068,2014,45 bis unter 50 Jahre,m,4061
12068,2014,65 bis unter 70 Jahre,f,2425
12068,2014,65 bis unter 70 Jahre,m,2273
12068,2014,10 bis unter 15 Jahre,m,1983
12068,2014,10 bis unter 15 Jahre,f,1854
12068,2014,75 bis unter 80 Jahre,m,2504
12068,2014,75 bis unter 80 Jahre,f,3249
12068,2014,90 bis unter 95 Jahre,f,521
12068,2014,90 bis unter 95 Jahre,m,137
12069,2014,65 bis unter 70 Jahre,f,4686
12069,2014,65 bis unter 70 Jahre,m,4511
12069,2014,30 bis unter 35 Jahre,f,5457
12069,2014,30 bis unter 35 Jahre,m,5591
12069,2014,85 bis unter 90 Jahre,f,2258
12069,2014,85 bis unter 90 Jahre,m,1079
12069,2014,10 bis unter 15 Jahre,f,4977
12069,2014,10 bis unter 15 Jahre,m,5144
12069,2014,5 bis unter 10 Jahre,m,5056
12069,2014,5 bis unter 10 Jahre,f,4861
12069,2014,25 bis unter 30 Jahre,f,4502
12069,2014,25 bis unter 30 Jahre,m,5048
12069,2014,45 bis unter 50 Jahre,f,9612
12069,2014,45 bis unter 50 Jahre,m,9587
12069,2014,50 bis unter 55 Jahre,f,10434
12069,2014,50 bis unter 55 Jahre,m,10854
12069,2014,90 bis unter 95 Jahre,f,1004
12069,2014,90 bis unter 95 Jahre,m,288
12069,2014,75 bis unter 80 Jahre,m,4827
12069,2014,75 bis unter 80 Jahre,f,5992
12069,2014,55 bis unter 60 Jahre,m,9162
12069,2014,55 bis unter 60 Jahre,f,8670
12069,2014,80 bis unter 85 Jahre,m,2408
12069,2014,80 bis unter 85 Jahre,f,3566
12069,2014,unter 5 Jahre,m,4509
12069,2014,unter 5 Jahre,f,4199
12069,2014,20 bis unter 25 Jahre,f,2825
12069,2014,20 bis unter 25 Jahre,m,3448
12069,2014,95 Jahre und mehr,m,43
12069,2014,95 Jahre und mehr,f,195
12069,2014,15 bis unter 20 Jahre,f,4496
12069,2014,15 bis unter 20 Jahre,m,4670
12069,2014,35 bis unter 40 Jahre,m,5978
12069,2014,35 bis unter 40 Jahre,f,6220
12069,2014,40 bis unter 45 Jahre,f,6714
12069,2014,40 bis unter 45 Jahre,m,6840
12069,2014,70 bis unter 75 Jahre,m,5916
12069,2014,70 bis unter 75 Jahre,f,6538
12069,2014,60 bis unter 65 Jahre,m,7754
12069,2014,60 bis unter 65 Jahre,f,7579
12070,2014,55 bis unter 60 Jahre,m,3658
12070,2014,55 bis unter 60 Jahre,f,3508
12070,2014,unter 5 Jahre,m,1407
12070,2014,unter 5 Jahre,f,1279
12070,2014,60 bis unter 65 Jahre,m,3297
12070,2014,60 bis unter 65 Jahre,f,3370
12070,2014,40 bis unter 45 Jahre,f,1973
12070,2014,40 bis unter 45 Jahre,m,2209
12070,2014,75 bis unter 80 Jahre,m,2347
12070,2014,75 bis unter 80 Jahre,f,3077
12070,2014,20 bis unter 25 Jahre,m,1363
12070,2014,20 bis unter 25 Jahre,f,1138
12070,2014,80 bis unter 85 Jahre,f,1891
12070,2014,80 bis unter 85 Jahre,m,1241
12070,2014,35 bis unter 40 Jahre,m,1912
12070,2014,35 bis unter 40 Jahre,f,1608
12070,2014,5 bis unter 10 Jahre,f,1333
12070,2014,5 bis unter 10 Jahre,m,1326
12070,2014,95 Jahre und mehr,m,12
12070,2014,95 Jahre und mehr,f,77
12070,2014,65 bis unter 70 Jahre,f,2051
12070,2014,65 bis unter 70 Jahre,m,1891
12070,2014,90 bis unter 95 Jahre,m,137
12070,2014,90 bis unter 95 Jahre,f,491
12070,2014,10 bis unter 15 Jahre,f,1305
12070,2014,10 bis unter 15 Jahre,m,1517
12070,2014,45 bis unter 50 Jahre,m,3048
12070,2014,45 bis unter 50 Jahre,f,2985
12070,2014,30 bis unter 35 Jahre,m,2138
12070,2014,30 bis unter 35 Jahre,f,1769
12070,2014,70 bis unter 75 Jahre,f,3047
12070,2014,70 bis unter 75 Jahre,m,2461
12070,2014,25 bis unter 30 Jahre,m,2327
12070,2014,25 bis unter 30 Jahre,f,1848
12070,2014,85 bis unter 90 Jahre,f,1213
12070,2014,85 bis unter 90 Jahre,m,485
12070,2014,15 bis unter 20 Jahre,f,1325
12070,2014,15 bis unter 20 Jahre,m,1436
12070,2014,50 bis unter 55 Jahre,m,4106
12070,2014,50 bis unter 55 Jahre,f,3944
12071,2014,30 bis unter 35 Jahre,m,3285
12071,2014,30 bis unter 35 Jahre,f,2848
12071,2014,65 bis unter 70 Jahre,m,2841
12071,2014,65 bis unter 70 Jahre,f,3066
12071,2014,45 bis unter 50 Jahre,m,4925
12071,2014,45 bis unter 50 Jahre,f,4759
12071,2014,50 bis unter 55 Jahre,m,6248
12071,2014,50 bis unter 55 Jahre,f,6042
12071,2014,90 bis unter 95 Jahre,f,727
12071,2014,90 bis unter 95 Jahre,m,187
12071,2014,70 bis unter 75 Jahre,f,4505
12071,2014,70 bis unter 75 Jahre,m,3858
12071,2014,10 bis unter 15 Jahre,m,2274
12071,2014,10 bis unter 15 Jahre,f,2131
12071,2014,85 bis unter 90 Jahre,m,713
12071,2014,85 bis unter 90 Jahre,f,1698
12071,2014,35 bis unter 40 Jahre,f,2794
12071,2014,35 bis unter 40 Jahre,m,2976
12071,2014,25 bis unter 30 Jahre,f,2486
12071,2014,25 bis unter 30 Jahre,m,2981
12071,2014,15 bis unter 20 Jahre,f,1900
12071,2014,15 bis unter 20 Jahre,m,2130
12071,2014,5 bis unter 10 Jahre,m,2280
12071,2014,5 bis unter 10 Jahre,f,2085
12071,2014,60 bis unter 65 Jahre,f,5344
12071,2014,60 bis unter 65 Jahre,m,5235
12071,2014,75 bis unter 80 Jahre,m,3283
12071,2014,75 bis unter 80 Jahre,f,4336
12071,2014,55 bis unter 60 Jahre,m,5817
12071,2014,55 bis unter 60 Jahre,f,5607
12071,2014,40 bis unter 45 Jahre,m,3552
12071,2014,40 bis unter 45 Jahre,f,3327
12071,2014,80 bis unter 85 Jahre,m,1645
12071,2014,80 bis unter 85 Jahre,f,2643
12071,2014,95 Jahre und mehr,m,19
12071,2014,95 Jahre und mehr,f,135
12071,2014,20 bis unter 25 Jahre,m,1838
12071,2014,20 bis unter 25 Jahre,f,1453
12071,2014,unter 5 Jahre,f,2001
12071,2014,unter 5 Jahre,m,2056
12072,2014,80 bis unter 85 Jahre,m,1921
12072,2014,80 bis unter 85 Jahre,f,3011
12072,2014,40 bis unter 45 Jahre,m,5294
12072,2014,40 bis unter 45 Jahre,f,4904
12072,2014,75 bis unter 80 Jahre,m,3878
12072,2014,75 bis unter 80 Jahre,f,5008
12072,2014,95 Jahre und mehr,m,23
12072,2014,95 Jahre und mehr,f,157
12072,2014,60 bis unter 65 Jahre,m,5729
12072,2014,60 bis unter 65 Jahre,f,5672
12072,2014,55 bis unter 60 Jahre,m,6800
12072,2014,55 bis unter 60 Jahre,f,6408
12072,2014,20 bis unter 25 Jahre,m,3057
12072,2014,20 bis unter 25 Jahre,f,2605
12072,2014,35 bis unter 40 Jahre,m,4798
12072,2014,35 bis unter 40 Jahre,f,4576
12072,2014,5 bis unter 10 Jahre,f,3365
12072,2014,5 bis unter 10 Jahre,m,3584
12072,2014,85 bis unter 90 Jahre,f,1828
12072,2014,85 bis unter 90 Jahre,m,820
12072,2014,65 bis unter 70 Jahre,f,3690
12072,2014,65 bis unter 70 Jahre,m,3528
12072,2014,10 bis unter 15 Jahre,f,3393
12072,2014,10 bis unter 15 Jahre,m,3621
12072,2014,30 bis unter 35 Jahre,f,4685
12072,2014,30 bis unter 35 Jahre,m,5113
12072,2014,unter 5 Jahre,m,3417
12072,2014,unter 5 Jahre,f,3356
12072,2014,90 bis unter 95 Jahre,m,205
12072,2014,90 bis unter 95 Jahre,f,823
12072,2014,70 bis unter 75 Jahre,m,4643
12072,2014,70 bis unter 75 Jahre,f,5451
12072,2014,15 bis unter 20 Jahre,f,3121
12072,2014,15 bis unter 20 Jahre,m,3316
12072,2014,45 bis unter 50 Jahre,m,7269
12072,2014,45 bis unter 50 Jahre,f,6985
12072,2014,50 bis unter 55 Jahre,f,7816
12072,2014,50 bis unter 55 Jahre,m,8276
12072,2014,25 bis unter 30 Jahre,f,4352
12072,2014,25 bis unter 30 Jahre,m,4990
12073,2014,90 bis unter 95 Jahre,m,135
12073,2014,90 bis unter 95 Jahre,f,628
12073,2014,55 bis unter 60 Jahre,f,5576
12073,2014,55 bis unter 60 Jahre,m,5752
12073,2014,85 bis unter 90 Jahre,m,701
12073,2014,85 bis unter 90 Jahre,f,1586
12073,2014,40 bis unter 45 Jahre,f,3191
12073,2014,40 bis unter 45 Jahre,m,3317
12073,2014,70 bis unter 75 Jahre,m,3878
12073,2014,70 bis unter 75 Jahre,f,4616
12073,2014,15 bis unter 20 Jahre,f,2104
12073,2014,15 bis unter 20 Jahre,m,2274
12073,2014,45 bis unter 50 Jahre,m,4848
12073,2014,45 bis unter 50 Jahre,f,4692
12073,2014,30 bis unter 35 Jahre,m,3274
12073,2014,30 bis unter 35 Jahre,f,2874
12073,2014,unter 5 Jahre,f,2070
12073,2014,unter 5 Jahre,m,2239
12073,2014,25 bis unter 30 Jahre,m,3319
12073,2014,25 bis unter 30 Jahre,f,2871
12073,2014,60 bis unter 65 Jahre,f,5286
12073,2014,60 bis unter 65 Jahre,m,5129
12073,2014,5 bis unter 10 Jahre,m,2414
12073,2014,5 bis unter 10 Jahre,f,2220
12073,2014,50 bis unter 55 Jahre,f,6089
12073,2014,50 bis unter 55 Jahre,m,6053
12073,2014,35 bis unter 40 Jahre,m,3109
12073,2014,35 bis unter 40 Jahre,f,2984
12073,2014,80 bis unter 85 Jahre,f,2754
12073,2014,80 bis unter 85 Jahre,m,1746
12073,2014,65 bis unter 70 Jahre,f,3284
12073,2014,65 bis unter 70 Jahre,m,3130
12073,2014,95 Jahre und mehr,f,103
12073,2014,95 Jahre und mehr,m,20
12073,2014,20 bis unter 25 Jahre,m,2034
12073,2014,20 bis unter 25 Jahre,f,1756
12073,2014,75 bis unter 80 Jahre,f,4539
12073,2014,75 bis unter 80 Jahre,m,3474
12073,2014,10 bis unter 15 Jahre,f,2349
12073,2014,10 bis unter 15 Jahre,m,2411
13003,2014,75 bis unter 80 Jahre,m,5301
13003,2014,75 bis unter 80 Jahre,f,7392
13003,2014,20 bis unter 25 Jahre,m,6735
13003,2014,20 bis unter 25 Jahre,f,7129
13003,2014,40 bis unter 45 Jahre,m,5401
13003,2014,40 bis unter 45 Jahre,f,4759
13003,2014,unter 5 Jahre,m,4526
13003,2014,unter 5 Jahre,f,4353
13003,2014,15 bis unter 20 Jahre,m,3415
13003,2014,15 bis unter 20 Jahre,f,3479
13003,2014,60 bis unter 65 Jahre,f,7102
13003,2014,60 bis unter 65 Jahre,m,6228
13003,2014,25 bis unter 30 Jahre,f,9410
13003,2014,25 bis unter 30 Jahre,m,10757
13003,2014,80 bis unter 85 Jahre,m,2785
13003,2014,80 bis unter 85 Jahre,f,4244
13003,2014,55 bis unter 60 Jahre,m,6577
13003,2014,55 bis unter 60 Jahre,f,7020
13003,2014,10 bis unter 15 Jahre,f,3208
13003,2014,10 bis unter 15 Jahre,m,3457
13003,2014,85 bis unter 90 Jahre,f,2458
13003,2014,85 bis unter 90 Jahre,m,1123
13003,2014,5 bis unter 10 Jahre,f,3772
13003,2014,5 bis unter 10 Jahre,m,3859
13003,2014,30 bis unter 35 Jahre,f,7271
13003,2014,30 bis unter 35 Jahre,m,8596
13003,2014,95 Jahre und mehr,m,35
13003,2014,95 Jahre und mehr,f,164
13003,2014,90 bis unter 95 Jahre,f,968
13003,2014,90 bis unter 95 Jahre,m,253
13003,2014,50 bis unter 55 Jahre,m,7612
13003,2014,50 bis unter 55 Jahre,f,7527
13003,2014,45 bis unter 50 Jahre,m,6892
13003,2014,45 bis unter 50 Jahre,f,6299
13003,2014,65 bis unter 70 Jahre,m,4013
13003,2014,65 bis unter 70 Jahre,f,4866
13003,2014,70 bis unter 75 Jahre,m,5785
13003,2014,70 bis unter 75 Jahre,f,7511
13003,2014,35 bis unter 40 Jahre,f,5339
13003,2014,35 bis unter 40 Jahre,m,6546
13004,2014,70 bis unter 75 Jahre,m,2698
13004,2014,70 bis unter 75 Jahre,f,3520
13004,2014,30 bis unter 35 Jahre,m,3154
13004,2014,30 bis unter 35 Jahre,f,2959
13004,2014,50 bis unter 55 Jahre,m,3557
13004,2014,50 bis unter 55 Jahre,f,3837
13004,2014,35 bis unter 40 Jahre,f,2580
13004,2014,35 bis unter 40 Jahre,m,2836
13004,2014,65 bis unter 70 Jahre,m,2122
13004,2014,65 bis unter 70 Jahre,f,2455
13004,2014,90 bis unter 95 Jahre,m,142
13004,2014,90 bis unter 95 Jahre,f,644
13004,2014,95 Jahre und mehr,f,128
13004,2014,95 Jahre und mehr,m,18
13004,2014,55 bis unter 60 Jahre,f,3664
13004,2014,55 bis unter 60 Jahre,m,3353
13004,2014,25 bis unter 30 Jahre,m,3260
13004,2014,25 bis unter 30 Jahre,f,3264
13004,2014,unter 5 Jahre,f,1960
13004,2014,unter 5 Jahre,m,2046
13004,2014,45 bis unter 50 Jahre,m,3137
13004,2014,45 bis unter 50 Jahre,f,3173
13004,2014,80 bis unter 85 Jahre,f,2096
13004,2014,80 bis unter 85 Jahre,m,1265
13004,2014,60 bis unter 65 Jahre,m,3328
13004,2014,60 bis unter 65 Jahre,f,3761
13004,2014,15 bis unter 20 Jahre,m,1621
13004,2014,15 bis unter 20 Jahre,f,1611
13004,2014,10 bis unter 15 Jahre,f,1712
13004,2014,10 bis unter 15 Jahre,m,1791
13004,2014,40 bis unter 45 Jahre,m,2626
13004,2014,40 bis unter 45 Jahre,f,2351
13004,2014,75 bis unter 80 Jahre,f,3364
13004,2014,75 bis unter 80 Jahre,m,2391
13004,2014,5 bis unter 10 Jahre,m,1927
13004,2014,5 bis unter 10 Jahre,f,1790
13004,2014,20 bis unter 25 Jahre,f,2113
13004,2014,20 bis unter 25 Jahre,m,1954
13004,2014,85 bis unter 90 Jahre,f,1347
13004,2014,85 bis unter 90 Jahre,m,583
13071,2014,50 bis unter 55 Jahre,f,12826
13071,2014,50 bis unter 55 Jahre,m,13139
13071,2014,85 bis unter 90 Jahre,f,3403
13071,2014,85 bis unter 90 Jahre,m,1424
13071,2014,5 bis unter 10 Jahre,m,5359
13071,2014,5 bis unter 10 Jahre,f,5231
13071,2014,70 bis unter 75 Jahre,f,8834
13071,2014,70 bis unter 75 Jahre,m,7359
13071,2014,65 bis unter 70 Jahre,f,6449
13071,2014,65 bis unter 70 Jahre,m,6154
13071,2014,10 bis unter 15 Jahre,f,5118
13071,2014,10 bis unter 15 Jahre,m,5463
13071,2014,45 bis unter 50 Jahre,f,9866
13071,2014,45 bis unter 50 Jahre,m,9989
13071,2014,30 bis unter 35 Jahre,f,7051
13071,2014,30 bis unter 35 Jahre,m,7827
13071,2014,95 Jahre und mehr,f,200
13071,2014,95 Jahre und mehr,m,33
13071,2014,25 bis unter 30 Jahre,f,7047
13071,2014,25 bis unter 30 Jahre,m,8096
13071,2014,80 bis unter 85 Jahre,m,3535
13071,2014,80 bis unter 85 Jahre,f,5924
13071,2014,90 bis unter 95 Jahre,m,314
13071,2014,90 bis unter 95 Jahre,f,1278
13071,2014,60 bis unter 65 Jahre,m,10960
13071,2014,60 bis unter 65 Jahre,f,11401
13071,2014,unter 5 Jahre,f,4989
13071,2014,unter 5 Jahre,m,5363
13071,2014,55 bis unter 60 Jahre,f,12195
13071,2014,55 bis unter 60 Jahre,m,12246
13071,2014,15 bis unter 20 Jahre,m,4863
13071,2014,15 bis unter 20 Jahre,f,4477
13071,2014,75 bis unter 80 Jahre,f,9422
13071,2014,75 bis unter 80 Jahre,m,6682
13071,2014,35 bis unter 40 Jahre,m,7478
13071,2014,35 bis unter 40 Jahre,f,6665
13071,2014,20 bis unter 25 Jahre,f,4162
13071,2014,20 bis unter 25 Jahre,m,4539
13071,2014,40 bis unter 45 Jahre,m,7545
13071,2014,40 bis unter 45 Jahre,f,6827
13072,2014,80 bis unter 85 Jahre,f,4024
13072,2014,80 bis unter 85 Jahre,m,2611
13072,2014,60 bis unter 65 Jahre,f,8735
13072,2014,60 bis unter 65 Jahre,m,8799
13072,2014,unter 5 Jahre,m,4524
13072,2014,unter 5 Jahre,f,4310
13072,2014,20 bis unter 25 Jahre,m,3350
13072,2014,20 bis unter 25 Jahre,f,2811
13072,2014,55 bis unter 60 Jahre,m,9776
13072,2014,55 bis unter 60 Jahre,f,9551
13072,2014,15 bis unter 20 Jahre,m,4158
13072,2014,15 bis unter 20 Jahre,f,3793
13072,2014,35 bis unter 40 Jahre,m,6425
13072,2014,35 bis unter 40 Jahre,f,5623
13072,2014,40 bis unter 45 Jahre,m,6457
13072,2014,40 bis unter 45 Jahre,f,6007
13072,2014,75 bis unter 80 Jahre,f,6515
13072,2014,75 bis unter 80 Jahre,m,5060
13072,2014,95 Jahre und mehr,m,39
13072,2014,95 Jahre und mehr,f,183
13072,2014,25 bis unter 30 Jahre,f,5100
13072,2014,25 bis unter 30 Jahre,m,5973
13072,2014,5 bis unter 10 Jahre,f,4586
13072,2014,5 bis unter 10 Jahre,m,4697
13072,2014,85 bis unter 90 Jahre,m,1059
13072,2014,85 bis unter 90 Jahre,f,2492
13072,2014,50 bis unter 55 Jahre,f,10738
13072,2014,50 bis unter 55 Jahre,m,11308
13072,2014,30 bis unter 35 Jahre,m,6481
13072,2014,30 bis unter 35 Jahre,f,5848
13072,2014,70 bis unter 75 Jahre,f,6710
13072,2014,70 bis unter 75 Jahre,m,6031
13072,2014,10 bis unter 15 Jahre,m,4714
13072,2014,10 bis unter 15 Jahre,f,4443
13072,2014,45 bis unter 50 Jahre,f,8632
13072,2014,45 bis unter 50 Jahre,m,9121
13072,2014,65 bis unter 70 Jahre,m,4910
13072,2014,65 bis unter 70 Jahre,f,5097
13072,2014,90 bis unter 95 Jahre,m,254
13072,2014,90 bis unter 95 Jahre,f,933
13073,2014,30 bis unter 35 Jahre,m,6820
13073,2014,30 bis unter 35 Jahre,f,6221
13073,2014,65 bis unter 70 Jahre,m,5290
13073,2014,65 bis unter 70 Jahre,f,5681
13073,2014,45 bis unter 50 Jahre,m,8767
13073,2014,45 bis unter 50 Jahre,f,8557
13073,2014,90 bis unter 95 Jahre,f,1022
13073,2014,90 bis unter 95 Jahre,m,254
13073,2014,50 bis unter 55 Jahre,m,11145
13073,2014,50 bis unter 55 Jahre,f,10716
13073,2014,70 bis unter 75 Jahre,m,6698
13073,2014,70 bis unter 75 Jahre,f,7992
13073,2014,85 bis unter 90 Jahre,m,1218
13073,2014,85 bis unter 90 Jahre,f,2778
13073,2014,25 bis unter 30 Jahre,m,6921
13073,2014,25 bis unter 30 Jahre,f,6036
13073,2014,10 bis unter 15 Jahre,m,4386
13073,2014,10 bis unter 15 Jahre,f,4185
13073,2014,unter 5 Jahre,f,4270
13073,2014,unter 5 Jahre,m,4457
13073,2014,20 bis unter 25 Jahre,f,3671
13073,2014,20 bis unter 25 Jahre,m,4252
13073,2014,75 bis unter 80 Jahre,f,8376
13073,2014,75 bis unter 80 Jahre,m,6177
13073,2014,55 bis unter 60 Jahre,f,9981
13073,2014,55 bis unter 60 Jahre,m,10036
13073,2014,80 bis unter 85 Jahre,m,3161
13073,2014,80 bis unter 85 Jahre,f,4968
13073,2014,40 bis unter 45 Jahre,m,6344
13073,2014,40 bis unter 45 Jahre,f,5783
13073,2014,95 Jahre und mehr,f,202
13073,2014,95 Jahre und mehr,m,39
13073,2014,35 bis unter 40 Jahre,m,6423
13073,2014,35 bis unter 40 Jahre,f,5722
13073,2014,15 bis unter 20 Jahre,m,3892
13073,2014,15 bis unter 20 Jahre,f,3707
13073,2014,60 bis unter 65 Jahre,f,9279
13073,2014,60 bis unter 65 Jahre,m,9143
13073,2014,5 bis unter 10 Jahre,f,4411
13073,2014,5 bis unter 10 Jahre,m,4489
13074,2014,60 bis unter 65 Jahre,m,6115
13074,2014,60 bis unter 65 Jahre,f,6022
13074,2014,5 bis unter 10 Jahre,f,3210
13074,2014,5 bis unter 10 Jahre,m,3414
13074,2014,35 bis unter 40 Jahre,m,4763
13074,2014,35 bis unter 40 Jahre,f,4197
13074,2014,20 bis unter 25 Jahre,m,3175
13074,2014,20 bis unter 25 Jahre,f,2682
13074,2014,80 bis unter 85 Jahre,f,3168
13074,2014,80 bis unter 85 Jahre,m,1916
13074,2014,75 bis unter 80 Jahre,m,3655
13074,2014,75 bis unter 80 Jahre,f,4835
13074,2014,45 bis unter 50 Jahre,f,6153
13074,2014,45 bis unter 50 Jahre,m,6449
13074,2014,95 Jahre und mehr,m,28
13074,2014,95 Jahre und mehr,f,130
13074,2014,30 bis unter 35 Jahre,f,4611
13074,2014,30 bis unter 35 Jahre,m,5070
13074,2014,15 bis unter 20 Jahre,m,3159
13074,2014,15 bis unter 20 Jahre,f,2845
13074,2014,40 bis unter 45 Jahre,f,4436
13074,2014,40 bis unter 45 Jahre,m,4892
13074,2014,50 bis unter 55 Jahre,f,7118
13074,2014,50 bis unter 55 Jahre,m,7524
13074,2014,25 bis unter 30 Jahre,f,4450
13074,2014,25 bis unter 30 Jahre,m,5084
13074,2014,85 bis unter 90 Jahre,m,785
13074,2014,85 bis unter 90 Jahre,f,1878
13074,2014,90 bis unter 95 Jahre,m,186
13074,2014,90 bis unter 95 Jahre,f,710
13074,2014,70 bis unter 75 Jahre,m,4045
13074,2014,70 bis unter 75 Jahre,f,4705
13074,2014,65 bis unter 70 Jahre,m,3577
13074,2014,65 bis unter 70 Jahre,f,3844
13074,2014,10 bis unter 15 Jahre,m,3464
13074,2014,10 bis unter 15 Jahre,f,3299
13074,2014,55 bis unter 60 Jahre,f,6587
13074,2014,55 bis unter 60 Jahre,m,6703
13074,2014,unter 5 Jahre,f,3182
13074,2014,unter 5 Jahre,m,3358
13075,2014,90 bis unter 95 Jahre,m,289
13075,2014,90 bis unter 95 Jahre,f,1178
13075,2014,70 bis unter 75 Jahre,m,6466
13075,2014,70 bis unter 75 Jahre,f,7595
13075,2014,15 bis unter 20 Jahre,f,4174
13075,2014,15 bis unter 20 Jahre,m,4296
13075,2014,50 bis unter 55 Jahre,m,11293
13075,2014,50 bis unter 55 Jahre,f,11030
13075,2014,55 bis unter 60 Jahre,f,10537
13075,2014,55 bis unter 60 Jahre,m,10700
13075,2014,85 bis unter 90 Jahre,m,1238
13075,2014,85 bis unter 90 Jahre,f,3067
13075,2014,unter 5 Jahre,m,4737
13075,2014,unter 5 Jahre,f,4717
13075,2014,45 bis unter 50 Jahre,m,8722
13075,2014,45 bis unter 50 Jahre,f,8461
13075,2014,10 bis unter 15 Jahre,m,4731
13075,2014,10 bis unter 15 Jahre,f,4438
13075,2014,20 bis unter 25 Jahre,f,5418
13075,2014,20 bis unter 25 Jahre,m,5539
13075,2014,65 bis unter 70 Jahre,f,5610
13075,2014,65 bis unter 70 Jahre,m,5500
13075,2014,75 bis unter 80 Jahre,f,8250
13075,2014,75 bis unter 80 Jahre,m,6039
13075,2014,80 bis unter 85 Jahre,m,3348
13075,2014,80 bis unter 85 Jahre,f,5390
13075,2014,60 bis unter 65 Jahre,m,9726
13075,2014,60 bis unter 65 Jahre,f,9724
13075,2014,30 bis unter 35 Jahre,f,6818
13075,2014,30 bis unter 35 Jahre,m,7521
13075,2014,35 bis unter 40 Jahre,m,6702
13075,2014,35 bis unter 40 Jahre,f,5995
13075,2014,5 bis unter 10 Jahre,f,4556
13075,2014,5 bis unter 10 Jahre,m,4920
13075,2014,40 bis unter 45 Jahre,f,5948
13075,2014,40 bis unter 45 Jahre,m,6642
13075,2014,95 Jahre und mehr,m,30
13075,2014,95 Jahre und mehr,f,206
13075,2014,25 bis unter 30 Jahre,m,8271
13075,2014,25 bis unter 30 Jahre,f,7875
13076,2014,25 bis unter 30 Jahre,f,5393
13076,2014,25 bis unter 30 Jahre,m,6448
13076,2014,5 bis unter 10 Jahre,f,4230
13076,2014,5 bis unter 10 Jahre,m,4379
13076,2014,65 bis unter 70 Jahre,f,4981
13076,2014,65 bis unter 70 Jahre,m,5009
13076,2014,45 bis unter 50 Jahre,f,8575
13076,2014,45 bis unter 50 Jahre,m,8983
13076,2014,80 bis unter 85 Jahre,m,2565
13076,2014,80 bis unter 85 Jahre,f,4383
13076,2014,60 bis unter 65 Jahre,m,8882
13076,2014,60 bis unter 65 Jahre,f,8894
13076,2014,30 bis unter 35 Jahre,f,5712
13076,2014,30 bis unter 35 Jahre,m,6679
13076,2014,20 bis unter 25 Jahre,m,3950
13076,2014,20 bis unter 25 Jahre,f,3099
13076,2014,35 bis unter 40 Jahre,m,6337
13076,2014,35 bis unter 40 Jahre,f,5435
13076,2014,70 bis unter 75 Jahre,f,6469
13076,2014,70 bis unter 75 Jahre,m,5723
13076,2014,50 bis unter 55 Jahre,f,10650
13076,2014,50 bis unter 55 Jahre,m,11048
13076,2014,40 bis unter 45 Jahre,m,6647
13076,2014,40 bis unter 45 Jahre,f,6056
13076,2014,15 bis unter 20 Jahre,m,4193
13076,2014,15 bis unter 20 Jahre,f,3897
13076,2014,95 Jahre und mehr,f,137
13076,2014,95 Jahre und mehr,m,32
13076,2014,unter 5 Jahre,f,4205
13076,2014,unter 5 Jahre,m,4399
13076,2014,85 bis unter 90 Jahre,m,1017
13076,2014,85 bis unter 90 Jahre,f,2564
13076,2014,55 bis unter 60 Jahre,f,9642
13076,2014,55 bis unter 60 Jahre,m,10109
13076,2014,10 bis unter 15 Jahre,m,4655
13076,2014,10 bis unter 15 Jahre,f,4451
13076,2014,90 bis unter 95 Jahre,f,1004
13076,2014,90 bis unter 95 Jahre,m,217
13076,2014,75 bis unter 80 Jahre,m,4869
13076,2014,75 bis unter 80 Jahre,f,6713
14511,2014,60 bis unter 65 Jahre,m,8706
14511,2014,60 bis unter 65 Jahre,f,10006
14511,2014,80 bis unter 85 Jahre,m,3348
14511,2014,80 bis unter 85 Jahre,f,5558
14511,2014,20 bis unter 25 Jahre,m,6393
14511,2014,20 bis unter 25 Jahre,f,5766
14511,2014,5 bis unter 10 Jahre,f,4579
14511,2014,5 bis unter 10 Jahre,m,4800
14511,2014,40 bis unter 45 Jahre,m,6896
14511,2014,40 bis unter 45 Jahre,f,5991
14511,2014,unter 5 Jahre,m,5285
14511,2014,unter 5 Jahre,f,5019
14511,2014,45 bis unter 50 Jahre,f,7742
14511,2014,45 bis unter 50 Jahre,m,8206
14511,2014,75 bis unter 80 Jahre,m,6781
14511,2014,75 bis unter 80 Jahre,f,8940
14511,2014,65 bis unter 70 Jahre,f,7513
14511,2014,65 bis unter 70 Jahre,m,6435
14511,2014,95 Jahre und mehr,f,311
14511,2014,95 Jahre und mehr,m,74
14511,2014,55 bis unter 60 Jahre,f,8385
14511,2014,55 bis unter 60 Jahre,m,7661
14511,2014,35 bis unter 40 Jahre,m,7246
14511,2014,35 bis unter 40 Jahre,f,6144
14511,2014,10 bis unter 15 Jahre,f,4297
14511,2014,10 bis unter 15 Jahre,m,4341
14511,2014,90 bis unter 95 Jahre,f,1827
14511,2014,90 bis unter 95 Jahre,m,462
14511,2014,70 bis unter 75 Jahre,m,8294
14511,2014,70 bis unter 75 Jahre,f,10036
14511,2014,85 bis unter 90 Jahre,m,1747
14511,2014,85 bis unter 90 Jahre,f,4104
14511,2014,50 bis unter 55 Jahre,m,8671
14511,2014,50 bis unter 55 Jahre,f,8813
14511,2014,25 bis unter 30 Jahre,m,10220
14511,2014,25 bis unter 30 Jahre,f,8373
14511,2014,30 bis unter 35 Jahre,f,7501
14511,2014,30 bis unter 35 Jahre,m,8993
14511,2014,15 bis unter 20 Jahre,m,4162
14511,2014,15 bis unter 20 Jahre,f,3895
14521,2014,60 bis unter 65 Jahre,f,16877
14521,2014,60 bis unter 65 Jahre,m,16370
14521,2014,75 bis unter 80 Jahre,f,12610
14521,2014,75 bis unter 80 Jahre,m,8977
14521,2014,15 bis unter 20 Jahre,m,6432
14521,2014,15 bis unter 20 Jahre,f,6083
14521,2014,20 bis unter 25 Jahre,f,4877
14521,2014,20 bis unter 25 Jahre,m,5995
14521,2014,55 bis unter 60 Jahre,f,14756
14521,2014,55 bis unter 60 Jahre,m,14289
14521,2014,40 bis unter 45 Jahre,f,9629
14521,2014,40 bis unter 45 Jahre,m,11133
14521,2014,35 bis unter 40 Jahre,f,8979
14521,2014,35 bis unter 40 Jahre,m,10179
14521,2014,unter 5 Jahre,m,7079
14521,2014,unter 5 Jahre,f,6920
14521,2014,80 bis unter 85 Jahre,m,5130
14521,2014,80 bis unter 85 Jahre,f,8643
14521,2014,95 Jahre und mehr,m,81
14521,2014,95 Jahre und mehr,f,395
14521,2014,50 bis unter 55 Jahre,m,14333
14521,2014,50 bis unter 55 Jahre,f,14372
14521,2014,70 bis unter 75 Jahre,m,10407
14521,2014,70 bis unter 75 Jahre,f,12556
14521,2014,45 bis unter 50 Jahre,f,11803
14521,2014,45 bis unter 50 Jahre,m,12393
14521,2014,5 bis unter 10 Jahre,m,7567
14521,2014,5 bis unter 10 Jahre,f,7024
14521,2014,85 bis unter 90 Jahre,f,5959
14521,2014,85 bis unter 90 Jahre,m,2735
14521,2014,25 bis unter 30 Jahre,m,9552
14521,2014,25 bis unter 30 Jahre,f,8070
14521,2014,30 bis unter 35 Jahre,m,10530
14521,2014,30 bis unter 35 Jahre,f,9248
14521,2014,90 bis unter 95 Jahre,f,2562
14521,2014,90 bis unter 95 Jahre,m,714
14521,2014,10 bis unter 15 Jahre,f,6983
14521,2014,10 bis unter 15 Jahre,m,7254
14521,2014,65 bis unter 70 Jahre,f,10250
14521,2014,65 bis unter 70 Jahre,m,9836
14522,2014,25 bis unter 30 Jahre,m,9684
14522,2014,25 bis unter 30 Jahre,f,7891
14522,2014,70 bis unter 75 Jahre,f,11514
14522,2014,70 bis unter 75 Jahre,m,9920
14522,2014,10 bis unter 15 Jahre,m,6387
14522,2014,10 bis unter 15 Jahre,f,6114
14522,2014,5 bis unter 10 Jahre,m,6469
14522,2014,5 bis unter 10 Jahre,f,6107
14522,2014,65 bis unter 70 Jahre,m,8184
14522,2014,65 bis unter 70 Jahre,f,8813
14522,2014,30 bis unter 35 Jahre,m,9425
14522,2014,30 bis unter 35 Jahre,f,8027
14522,2014,45 bis unter 50 Jahre,m,12072
14522,2014,45 bis unter 50 Jahre,f,11371
14522,2014,85 bis unter 90 Jahre,f,5320
14522,2014,85 bis unter 90 Jahre,m,2356
14522,2014,90 bis unter 95 Jahre,f,2258
14522,2014,90 bis unter 95 Jahre,m,613
14522,2014,50 bis unter 55 Jahre,m,13544
14522,2014,50 bis unter 55 Jahre,f,13201
14522,2014,15 bis unter 20 Jahre,f,5149
14522,2014,15 bis unter 20 Jahre,m,5740
14522,2014,20 bis unter 25 Jahre,f,4857
14522,2014,20 bis unter 25 Jahre,m,6189
14522,2014,75 bis unter 80 Jahre,m,8506
14522,2014,75 bis unter 80 Jahre,f,11222
14522,2014,35 bis unter 40 Jahre,m,9146
14522,2014,35 bis unter 40 Jahre,f,7794
14522,2014,80 bis unter 85 Jahre,f,7747
14522,2014,80 bis unter 85 Jahre,m,4921
14522,2014,unter 5 Jahre,m,6439
14522,2014,unter 5 Jahre,f,6175
14522,2014,60 bis unter 65 Jahre,f,13034
14522,2014,60 bis unter 65 Jahre,m,12761
14522,2014,40 bis unter 45 Jahre,f,8475
14522,2014,40 bis unter 45 Jahre,m,9681
14522,2014,95 Jahre und mehr,m,80
14522,2014,95 Jahre und mehr,f,394
14522,2014,55 bis unter 60 Jahre,m,12546
14522,2014,55 bis unter 60 Jahre,f,12585
14523,2014,75 bis unter 80 Jahre,m,6739
14523,2014,75 bis unter 80 Jahre,f,8966
14523,2014,40 bis unter 45 Jahre,m,7221
14523,2014,40 bis unter 45 Jahre,f,6461
14523,2014,55 bis unter 60 Jahre,m,9424
14523,2014,55 bis unter 60 Jahre,f,9709
14523,2014,95 Jahre und mehr,f,303
14523,2014,95 Jahre und mehr,m,55
14523,2014,60 bis unter 65 Jahre,f,10331
14523,2014,60 bis unter 65 Jahre,m,9517
14523,2014,80 bis unter 85 Jahre,m,3466
14523,2014,80 bis unter 85 Jahre,f,5816
14523,2014,unter 5 Jahre,m,4310
14523,2014,unter 5 Jahre,f,4157
14523,2014,15 bis unter 20 Jahre,m,4177
14523,2014,15 bis unter 20 Jahre,f,3860
14523,2014,35 bis unter 40 Jahre,f,5519
14523,2014,35 bis unter 40 Jahre,m,6369
14523,2014,45 bis unter 50 Jahre,f,8470
14523,2014,45 bis unter 50 Jahre,m,8837
14523,2014,65 bis unter 70 Jahre,f,7214
14523,2014,65 bis unter 70 Jahre,m,6283
14523,2014,70 bis unter 75 Jahre,m,8048
14523,2014,70 bis unter 75 Jahre,f,9711
14523,2014,30 bis unter 35 Jahre,m,6620
14523,2014,30 bis unter 35 Jahre,f,5883
14523,2014,50 bis unter 55 Jahre,m,10040
14523,2014,50 bis unter 55 Jahre,f,9858
14523,2014,90 bis unter 95 Jahre,f,1938
14523,2014,90 bis unter 95 Jahre,m,503
14523,2014,10 bis unter 15 Jahre,m,4657
14523,2014,10 bis unter 15 Jahre,f,4327
14523,2014,25 bis unter 30 Jahre,m,6316
14523,2014,25 bis unter 30 Jahre,f,5618
14523,2014,5 bis unter 10 Jahre,m,4667
14523,2014,5 bis unter 10 Jahre,f,4145
14523,2014,85 bis unter 90 Jahre,f,4076
14523,2014,85 bis unter 90 Jahre,m,1598
14523,2014,20 bis unter 25 Jahre,f,3352
14523,2014,20 bis unter 25 Jahre,m,3829
14524,2014,50 bis unter 55 Jahre,m,14101
14524,2014,50 bis unter 55 Jahre,f,13745
14524,2014,30 bis unter 35 Jahre,m,9592
14524,2014,30 bis unter 35 Jahre,f,8457
14524,2014,10 bis unter 15 Jahre,m,6424
14524,2014,10 bis unter 15 Jahre,f,6259
14524,2014,70 bis unter 75 Jahre,f,13203
14524,2014,70 bis unter 75 Jahre,m,10983
14524,2014,25 bis unter 30 Jahre,m,9428
14524,2014,25 bis unter 30 Jahre,f,8143
14524,2014,90 bis unter 95 Jahre,m,710
14524,2014,90 bis unter 95 Jahre,f,2778
14524,2014,95 Jahre und mehr,f,444
14524,2014,95 Jahre und mehr,m,88
14524,2014,65 bis unter 70 Jahre,m,8631
14524,2014,65 bis unter 70 Jahre,f,9725
14524,2014,35 bis unter 40 Jahre,f,7955
14524,2014,35 bis unter 40 Jahre,m,8788
14524,2014,85 bis unter 90 Jahre,f,5650
14524,2014,85 bis unter 90 Jahre,m,2472
14524,2014,20 bis unter 25 Jahre,f,5334
14524,2014,20 bis unter 25 Jahre,m,5982
14524,2014,5 bis unter 10 Jahre,m,6304
14524,2014,5 bis unter 10 Jahre,f,6101
14524,2014,15 bis unter 20 Jahre,f,5389
14524,2014,15 bis unter 20 Jahre,m,5814
14524,2014,40 bis unter 45 Jahre,f,8966
14524,2014,40 bis unter 45 Jahre,m,10048
14524,2014,60 bis unter 65 Jahre,m,12894
14524,2014,60 bis unter 65 Jahre,f,14121
14524,2014,75 bis unter 80 Jahre,m,9055
14524,2014,75 bis unter 80 Jahre,f,12190
14524,2014,80 bis unter 85 Jahre,m,4765
14524,2014,80 bis unter 85 Jahre,f,8124
14524,2014,55 bis unter 60 Jahre,m,12753
14524,2014,55 bis unter 60 Jahre,f,12895
14524,2014,unter 5 Jahre,m,6503
14524,2014,unter 5 Jahre,f,6093
14524,2014,45 bis unter 50 Jahre,f,11848
14524,2014,45 bis unter 50 Jahre,m,12382
14612,2014,55 bis unter 60 Jahre,m,14495
14612,2014,55 bis unter 60 Jahre,f,14917
14612,2014,20 bis unter 25 Jahre,m,18968
14612,2014,20 bis unter 25 Jahre,f,17709
14612,2014,unter 5 Jahre,m,14849
14612,2014,unter 5 Jahre,f,14116
14612,2014,75 bis unter 80 Jahre,m,12748
14612,2014,75 bis unter 80 Jahre,f,16188
14612,2014,80 bis unter 85 Jahre,m,6627
14612,2014,80 bis unter 85 Jahre,f,9542
14612,2014,95 Jahre und mehr,f,664
14612,2014,95 Jahre und mehr,m,160
14612,2014,60 bis unter 65 Jahre,f,16210
14612,2014,60 bis unter 65 Jahre,m,13933
14612,2014,15 bis unter 20 Jahre,m,9711
14612,2014,15 bis unter 20 Jahre,f,9425
14612,2014,40 bis unter 45 Jahre,m,16454
14612,2014,40 bis unter 45 Jahre,f,14425
14612,2014,35 bis unter 40 Jahre,f,17091
14612,2014,35 bis unter 40 Jahre,m,19168
14612,2014,45 bis unter 50 Jahre,f,16316
14612,2014,45 bis unter 50 Jahre,m,18002
14612,2014,65 bis unter 70 Jahre,f,12346
14612,2014,65 bis unter 70 Jahre,m,10263
14612,2014,70 bis unter 75 Jahre,m,14897
14612,2014,70 bis unter 75 Jahre,f,18258
14612,2014,10 bis unter 15 Jahre,m,10181
14612,2014,10 bis unter 15 Jahre,f,9578
14612,2014,25 bis unter 30 Jahre,m,27391
14612,2014,25 bis unter 30 Jahre,f,24398
14612,2014,50 bis unter 55 Jahre,m,17552
14612,2014,50 bis unter 55 Jahre,f,17263
14612,2014,90 bis unter 95 Jahre,f,3340
14612,2014,90 bis unter 95 Jahre,m,908
14612,2014,30 bis unter 35 Jahre,m,23371
14612,2014,30 bis unter 35 Jahre,f,20981
14612,2014,85 bis unter 90 Jahre,f,6718
14612,2014,85 bis unter 90 Jahre,m,3196
14612,2014,5 bis unter 10 Jahre,m,12292
14612,2014,5 bis unter 10 Jahre,f,11657
14625,2014,10 bis unter 15 Jahre,m,6580
14625,2014,10 bis unter 15 Jahre,f,6320
14625,2014,45 bis unter 50 Jahre,m,11769
14625,2014,45 bis unter 50 Jahre,f,11144
14625,2014,90 bis unter 95 Jahre,f,2049
14625,2014,90 bis unter 95 Jahre,m,560
14625,2014,30 bis unter 35 Jahre,m,9161
14625,2014,30 bis unter 35 Jahre,f,7915
14625,2014,85 bis unter 90 Jahre,m,2105
14625,2014,85 bis unter 90 Jahre,f,4933
14625,2014,50 bis unter 55 Jahre,m,14229
14625,2014,50 bis unter 55 Jahre,f,13887
14625,2014,65 bis unter 70 Jahre,m,7403
14625,2014,65 bis unter 70 Jahre,f,7994
14625,2014,70 bis unter 75 Jahre,m,9584
14625,2014,70 bis unter 75 Jahre,f,11491
14625,2014,5 bis unter 10 Jahre,m,6704
14625,2014,5 bis unter 10 Jahre,f,6396
14625,2014,15 bis unter 20 Jahre,f,5205
14625,2014,15 bis unter 20 Jahre,m,5650
14625,2014,20 bis unter 25 Jahre,f,4038
14625,2014,20 bis unter 25 Jahre,m,4936
14625,2014,95 Jahre und mehr,m,68
14625,2014,95 Jahre und mehr,f,318
14625,2014,75 bis unter 80 Jahre,m,8756
14625,2014,75 bis unter 80 Jahre,f,11458
14625,2014,55 bis unter 60 Jahre,m,12878
14625,2014,55 bis unter 60 Jahre,f,12845
14625,2014,35 bis unter 40 Jahre,m,9232
14625,2014,35 bis unter 40 Jahre,f,8028
14625,2014,80 bis unter 85 Jahre,f,7177
14625,2014,80 bis unter 85 Jahre,m,4551
14625,2014,60 bis unter 65 Jahre,f,12209
14625,2014,60 bis unter 65 Jahre,m,12040
14625,2014,unter 5 Jahre,m,6629
14625,2014,unter 5 Jahre,f,6372
14625,2014,40 bis unter 45 Jahre,f,8448
14625,2014,40 bis unter 45 Jahre,m,9604
14625,2014,25 bis unter 30 Jahre,f,7266
14625,2014,25 bis unter 30 Jahre,m,8638
14626,2014,75 bis unter 80 Jahre,m,7712
14626,2014,75 bis unter 80 Jahre,f,9908
14626,2014,unter 5 Jahre,m,5117
14626,2014,unter 5 Jahre,f,4992
14626,2014,15 bis unter 20 Jahre,m,4804
14626,2014,15 bis unter 20 Jahre,f,4652
14626,2014,60 bis unter 65 Jahre,f,11011
14626,2014,60 bis unter 65 Jahre,m,10641
14626,2014,80 bis unter 85 Jahre,m,4216
14626,2014,80 bis unter 85 Jahre,f,6693
14626,2014,25 bis unter 30 Jahre,f,6209
14626,2014,25 bis unter 30 Jahre,m,6931
14626,2014,55 bis unter 60 Jahre,m,10962
14626,2014,55 bis unter 60 Jahre,f,10782
14626,2014,40 bis unter 45 Jahre,m,7605
14626,2014,40 bis unter 45 Jahre,f,6750
14626,2014,65 bis unter 70 Jahre,f,7383
14626,2014,65 bis unter 70 Jahre,m,6829
14626,2014,45 bis unter 50 Jahre,f,9311
14626,2014,45 bis unter 50 Jahre,m,9789
14626,2014,35 bis unter 40 Jahre,f,6076
14626,2014,35 bis unter 40 Jahre,m,6979
14626,2014,95 Jahre und mehr,m,77
14626,2014,95 Jahre und mehr,f,371
14626,2014,70 bis unter 75 Jahre,f,10686
14626,2014,70 bis unter 75 Jahre,m,8903
14626,2014,50 bis unter 55 Jahre,m,11809
14626,2014,50 bis unter 55 Jahre,f,11455
14626,2014,85 bis unter 90 Jahre,m,1948
14626,2014,85 bis unter 90 Jahre,f,4654
14626,2014,30 bis unter 35 Jahre,m,7251
14626,2014,30 bis unter 35 Jahre,f,6210
14626,2014,90 bis unter 95 Jahre,f,2040
14626,2014,90 bis unter 95 Jahre,m,557
14626,2014,5 bis unter 10 Jahre,m,5322
14626,2014,5 bis unter 10 Jahre,f,5179
14626,2014,10 bis unter 15 Jahre,f,5072
14626,2014,10 bis unter 15 Jahre,m,5239
14626,2014,20 bis unter 25 Jahre,f,3770
14626,2014,20 bis unter 25 Jahre,m,4293
14627,2014,70 bis unter 75 Jahre,m,7952
14627,2014,70 bis unter 75 Jahre,f,9554
14627,2014,50 bis unter 55 Jahre,m,11124
14627,2014,50 bis unter 55 Jahre,f,10762
14627,2014,30 bis unter 35 Jahre,m,7369
14627,2014,30 bis unter 35 Jahre,f,6515
14627,2014,65 bis unter 70 Jahre,m,5653
14627,2014,65 bis unter 70 Jahre,f,6390
14627,2014,35 bis unter 40 Jahre,f,6461
14627,2014,35 bis unter 40 Jahre,m,7306
14627,2014,75 bis unter 80 Jahre,f,8782
14627,2014,75 bis unter 80 Jahre,m,6875
14627,2014,90 bis unter 95 Jahre,m,476
14627,2014,90 bis unter 95 Jahre,f,1776
14627,2014,95 Jahre und mehr,f,305
14627,2014,95 Jahre und mehr,m,52
14627,2014,5 bis unter 10 Jahre,m,5442
14627,2014,5 bis unter 10 Jahre,f,5067
14627,2014,40 bis unter 45 Jahre,f,6959
14627,2014,40 bis unter 45 Jahre,m,7733
14627,2014,85 bis unter 90 Jahre,f,3929
14627,2014,85 bis unter 90 Jahre,m,1781
14627,2014,20 bis unter 25 Jahre,f,3365
14627,2014,20 bis unter 25 Jahre,m,3857
14627,2014,10 bis unter 15 Jahre,m,5369
14627,2014,10 bis unter 15 Jahre,f,5165
14627,2014,15 bis unter 20 Jahre,f,4129
14627,2014,15 bis unter 20 Jahre,m,4404
14627,2014,80 bis unter 85 Jahre,m,3596
14627,2014,80 bis unter 85 Jahre,f,5657
14627,2014,60 bis unter 65 Jahre,m,9333
14627,2014,60 bis unter 65 Jahre,f,9567
14627,2014,55 bis unter 60 Jahre,m,9671
14627,2014,55 bis unter 60 Jahre,f,9748
14627,2014,25 bis unter 30 Jahre,f,5853
14627,2014,25 bis unter 30 Jahre,m,6745
14627,2014,unter 5 Jahre,m,5326
14627,2014,unter 5 Jahre,f,5005
14627,2014,45 bis unter 50 Jahre,f,9003
14627,2014,45 bis unter 50 Jahre,m,9689
14628,2014,5 bis unter 10 Jahre,f,5223
14628,2014,5 bis unter 10 Jahre,m,5518
14628,2014,45 bis unter 50 Jahre,f,8950
14628,2014,45 bis unter 50 Jahre,m,9685
14628,2014,80 bis unter 85 Jahre,m,3602
14628,2014,80 bis unter 85 Jahre,f,5413
14628,2014,25 bis unter 30 Jahre,f,6171
14628,2014,25 bis unter 30 Jahre,m,6859
14628,2014,85 bis unter 90 Jahre,f,3823
14628,2014,85 bis unter 90 Jahre,m,1683
14628,2014,10 bis unter 15 Jahre,f,5216
14628,2014,10 bis unter 15 Jahre,m,5513
14628,2014,40 bis unter 45 Jahre,m,7926
14628,2014,40 bis unter 45 Jahre,f,7027
14628,2014,unter 5 Jahre,m,5572
14628,2014,unter 5 Jahre,f,5175
14628,2014,90 bis unter 95 Jahre,f,1872
14628,2014,90 bis unter 95 Jahre,m,536
14628,2014,35 bis unter 40 Jahre,m,7489
14628,2014,35 bis unter 40 Jahre,f,6774
14628,2014,70 bis unter 75 Jahre,f,9553
14628,2014,70 bis unter 75 Jahre,m,8266
14628,2014,95 Jahre und mehr,m,64
14628,2014,95 Jahre und mehr,f,350
14628,2014,55 bis unter 60 Jahre,m,9395
14628,2014,55 bis unter 60 Jahre,f,9306
14628,2014,60 bis unter 65 Jahre,m,9463
14628,2014,60 bis unter 65 Jahre,f,9778
14628,2014,65 bis unter 70 Jahre,f,6721
14628,2014,65 bis unter 70 Jahre,m,6107
14628,2014,15 bis unter 20 Jahre,f,4257
14628,2014,15 bis unter 20 Jahre,m,4635
14628,2014,50 bis unter 55 Jahre,m,10960
14628,2014,50 bis unter 55 Jahre,f,10301
14628,2014,20 bis unter 25 Jahre,f,3480
14628,2014,20 bis unter 25 Jahre,m,4001
14628,2014,75 bis unter 80 Jahre,f,8624
14628,2014,75 bis unter 80 Jahre,m,6942
14628,2014,30 bis unter 35 Jahre,f,6650
14628,2014,30 bis unter 35 Jahre,m,7074
14713,2014,60 bis unter 65 Jahre,f,16377
14713,2014,60 bis unter 65 Jahre,m,14550
14713,2014,40 bis unter 45 Jahre,f,14362
14713,2014,40 bis unter 45 Jahre,m,17135
14713,2014,55 bis unter 60 Jahre,f,15854
14713,2014,55 bis unter 60 Jahre,m,14979
14713,2014,15 bis unter 20 Jahre,m,8568
14713,2014,15 bis unter 20 Jahre,f,9206
14713,2014,35 bis unter 40 Jahre,m,20033
14713,2014,35 bis unter 40 Jahre,f,17448
14713,2014,80 bis unter 85 Jahre,f,9989
14713,2014,80 bis unter 85 Jahre,m,6455
14713,2014,75 bis unter 80 Jahre,f,16624
14713,2014,75 bis unter 80 Jahre,m,12107
14713,2014,20 bis unter 25 Jahre,m,16529
14713,2014,20 bis unter 25 Jahre,f,19041
14713,2014,95 Jahre und mehr,m,115
14713,2014,95 Jahre und mehr,f,697
14713,2014,unter 5 Jahre,f,13776
14713,2014,unter 5 Jahre,m,14404
14713,2014,70 bis unter 75 Jahre,m,14440
14713,2014,70 bis unter 75 Jahre,f,18110
14713,2014,45 bis unter 50 Jahre,f,16697
14713,2014,45 bis unter 50 Jahre,m,18824
14713,2014,25 bis unter 30 Jahre,m,27364
14713,2014,25 bis unter 30 Jahre,f,27436
14713,2014,50 bis unter 55 Jahre,m,18614
14713,2014,50 bis unter 55 Jahre,f,17782
14713,2014,85 bis unter 90 Jahre,f,6853
14713,2014,85 bis unter 90 Jahre,m,3037
14713,2014,5 bis unter 10 Jahre,m,11508
14713,2014,5 bis unter 10 Jahre,f,11192
14713,2014,30 bis unter 35 Jahre,f,23035
14713,2014,30 bis unter 35 Jahre,m,25201
14713,2014,10 bis unter 15 Jahre,f,9297
14713,2014,10 bis unter 15 Jahre,m,9684
14713,2014,65 bis unter 70 Jahre,f,12559
14713,2014,65 bis unter 70 Jahre,m,10505
14713,2014,90 bis unter 95 Jahre,f,3230
14713,2014,90 bis unter 95 Jahre,m,862
14729,2014,60 bis unter 65 Jahre,m,10276
14729,2014,60 bis unter 65 Jahre,f,10367
14729,2014,25 bis unter 30 Jahre,f,6119
14729,2014,25 bis unter 30 Jahre,m,6685
14729,2014,40 bis unter 45 Jahre,m,8284
14729,2014,40 bis unter 45 Jahre,f,7740
14729,2014,80 bis unter 85 Jahre,m,3488
14729,2014,80 bis unter 85 Jahre,f,5751
14729,2014,55 bis unter 60 Jahre,m,10663
14729,2014,55 bis unter 60 Jahre,f,10711
14729,2014,65 bis unter 70 Jahre,f,7176
14729,2014,65 bis unter 70 Jahre,m,6345
14729,2014,15 bis unter 20 Jahre,m,4713
14729,2014,15 bis unter 20 Jahre,f,4432
14729,2014,35 bis unter 40 Jahre,f,7065
14729,2014,35 bis unter 40 Jahre,m,7501
14729,2014,70 bis unter 75 Jahre,f,9686
14729,2014,70 bis unter 75 Jahre,m,8144
14729,2014,45 bis unter 50 Jahre,f,10397
14729,2014,45 bis unter 50 Jahre,m,10971
14729,2014,50 bis unter 55 Jahre,m,12321
14729,2014,50 bis unter 55 Jahre,f,11715
14729,2014,85 bis unter 90 Jahre,m,1641
14729,2014,85 bis unter 90 Jahre,f,3811
14729,2014,90 bis unter 95 Jahre,m,453
14729,2014,90 bis unter 95 Jahre,f,1676
14729,2014,30 bis unter 35 Jahre,m,7292
14729,2014,30 bis unter 35 Jahre,f,6718
14729,2014,unter 5 Jahre,f,4949
14729,2014,unter 5 Jahre,m,5399
14729,2014,5 bis unter 10 Jahre,m,5634
14729,2014,5 bis unter 10 Jahre,f,5351
14729,2014,75 bis unter 80 Jahre,f,8753
14729,2014,75 bis unter 80 Jahre,m,6679
14729,2014,20 bis unter 25 Jahre,f,3537
14729,2014,20 bis unter 25 Jahre,m,4148
14729,2014,10 bis unter 15 Jahre,f,5216
14729,2014,10 bis unter 15 Jahre,m,5494
14729,2014,95 Jahre und mehr,f,294
14729,2014,95 Jahre und mehr,m,52
14730,2014,15 bis unter 20 Jahre,f,3267
14730,2014,15 bis unter 20 Jahre,m,3623
14730,2014,35 bis unter 40 Jahre,f,5107
14730,2014,35 bis unter 40 Jahre,m,5827
14730,2014,90 bis unter 95 Jahre,m,327
14730,2014,90 bis unter 95 Jahre,f,1224
14730,2014,55 bis unter 60 Jahre,f,8332
14730,2014,55 bis unter 60 Jahre,m,8680
14730,2014,75 bis unter 80 Jahre,f,6763
14730,2014,75 bis unter 80 Jahre,m,5109
14730,2014,40 bis unter 45 Jahre,f,5702
14730,2014,40 bis unter 45 Jahre,m,6324
14730,2014,70 bis unter 75 Jahre,m,5854
14730,2014,70 bis unter 75 Jahre,f,6939
14730,2014,30 bis unter 35 Jahre,m,6134
14730,2014,30 bis unter 35 Jahre,f,5362
14730,2014,unter 5 Jahre,f,3734
14730,2014,unter 5 Jahre,m,3963
14730,2014,45 bis unter 50 Jahre,m,8232
14730,2014,45 bis unter 50 Jahre,f,7820
14730,2014,60 bis unter 65 Jahre,f,8010
14730,2014,60 bis unter 65 Jahre,m,7940
14730,2014,80 bis unter 85 Jahre,f,4499
14730,2014,80 bis unter 85 Jahre,m,2724
14730,2014,95 Jahre und mehr,f,192
14730,2014,95 Jahre und mehr,m,35
14730,2014,50 bis unter 55 Jahre,m,9549
14730,2014,50 bis unter 55 Jahre,f,9190
14730,2014,25 bis unter 30 Jahre,m,5603
14730,2014,25 bis unter 30 Jahre,f,4814
14730,2014,10 bis unter 15 Jahre,f,3987
14730,2014,10 bis unter 15 Jahre,m,4253
14730,2014,5 bis unter 10 Jahre,f,3901
14730,2014,5 bis unter 10 Jahre,m,4088
14730,2014,65 bis unter 70 Jahre,f,4994
14730,2014,65 bis unter 70 Jahre,m,4539
14730,2014,85 bis unter 90 Jahre,m,1230
14730,2014,85 bis unter 90 Jahre,f,2991
14730,2014,20 bis unter 25 Jahre,m,3443
14730,2014,20 bis unter 25 Jahre,f,2737
15001,2014,50 bis unter 55 Jahre,m,3667
15001,2014,50 bis unter 55 Jahre,f,3634
15001,2014,85 bis unter 90 Jahre,m,584
15001,2014,85 bis unter 90 Jahre,f,1326
15001,2014,30 bis unter 35 Jahre,m,2294
15001,2014,30 bis unter 35 Jahre,f,2075
15001,2014,90 bis unter 95 Jahre,m,150
15001,2014,90 bis unter 95 Jahre,f,605
15001,2014,70 bis unter 75 Jahre,m,3208
15001,2014,70 bis unter 75 Jahre,f,3802
15001,2014,65 bis unter 70 Jahre,m,2320
15001,2014,65 bis unter 70 Jahre,f,2697
15001,2014,15 bis unter 20 Jahre,f,1244
15001,2014,15 bis unter 20 Jahre,m,1310
15001,2014,45 bis unter 50 Jahre,m,3159
15001,2014,45 bis unter 50 Jahre,f,3010
15001,2014,5 bis unter 10 Jahre,m,1481
15001,2014,5 bis unter 10 Jahre,f,1392
15001,2014,55 bis unter 60 Jahre,f,3290
15001,2014,55 bis unter 60 Jahre,m,3294
15001,2014,unter 5 Jahre,f,1386
15001,2014,unter 5 Jahre,m,1491
15001,2014,60 bis unter 65 Jahre,f,3611
15001,2014,60 bis unter 65 Jahre,m,3208
15001,2014,35 bis unter 40 Jahre,f,1892
15001,2014,35 bis unter 40 Jahre,m,2128
15001,2014,25 bis unter 30 Jahre,m,2488
15001,2014,25 bis unter 30 Jahre,f,2224
15001,2014,80 bis unter 85 Jahre,f,1963
15001,2014,80 bis unter 85 Jahre,m,1354
15001,2014,95 Jahre und mehr,m,12
15001,2014,95 Jahre und mehr,f,130
15001,2014,40 bis unter 45 Jahre,m,2261
15001,2014,40 bis unter 45 Jahre,f,2179
15001,2014,20 bis unter 25 Jahre,m,1520
15001,2014,20 bis unter 25 Jahre,f,1487
15001,2014,10 bis unter 15 Jahre,f,1325
15001,2014,10 bis unter 15 Jahre,m,1489
15001,2014,75 bis unter 80 Jahre,f,3613
15001,2014,75 bis unter 80 Jahre,m,2758
15002,2014,80 bis unter 85 Jahre,m,2794
15002,2014,80 bis unter 85 Jahre,f,4546
15002,2014,55 bis unter 60 Jahre,m,6940
15002,2014,55 bis unter 60 Jahre,f,7764
15002,2014,95 Jahre und mehr,m,51
15002,2014,95 Jahre und mehr,f,255
15002,2014,10 bis unter 15 Jahre,f,4074
15002,2014,10 bis unter 15 Jahre,m,4325
15002,2014,25 bis unter 30 Jahre,f,9724
15002,2014,25 bis unter 30 Jahre,m,9827
15002,2014,40 bis unter 45 Jahre,m,6948
15002,2014,40 bis unter 45 Jahre,f,6255
15002,2014,5 bis unter 10 Jahre,m,4785
15002,2014,5 bis unter 10 Jahre,f,4619
15002,2014,50 bis unter 55 Jahre,f,8069
15002,2014,50 bis unter 55 Jahre,m,8031
15002,2014,20 bis unter 25 Jahre,f,8750
15002,2014,20 bis unter 25 Jahre,m,7668
15002,2014,unter 5 Jahre,m,5251
15002,2014,unter 5 Jahre,f,4966
15002,2014,85 bis unter 90 Jahre,f,3145
15002,2014,85 bis unter 90 Jahre,m,1309
15002,2014,75 bis unter 80 Jahre,m,5474
15002,2014,75 bis unter 80 Jahre,f,7637
15002,2014,30 bis unter 35 Jahre,f,7783
15002,2014,30 bis unter 35 Jahre,m,8701
15002,2014,70 bis unter 75 Jahre,m,7234
15002,2014,70 bis unter 75 Jahre,f,8780
15002,2014,90 bis unter 95 Jahre,m,335
15002,2014,90 bis unter 95 Jahre,f,1472
15002,2014,15 bis unter 20 Jahre,f,4342
15002,2014,15 bis unter 20 Jahre,m,4132
15002,2014,35 bis unter 40 Jahre,f,6183
15002,2014,35 bis unter 40 Jahre,m,6917
15002,2014,65 bis unter 70 Jahre,m,5479
15002,2014,65 bis unter 70 Jahre,f,6687
15002,2014,60 bis unter 65 Jahre,f,8623
15002,2014,60 bis unter 65 Jahre,m,7159
15002,2014,45 bis unter 50 Jahre,m,7966
15002,2014,45 bis unter 50 Jahre,f,7470
15003,2014,15 bis unter 20 Jahre,f,3916
15003,2014,15 bis unter 20 Jahre,m,4305
15003,2014,unter 5 Jahre,f,4923
15003,2014,unter 5 Jahre,m,5233
15003,2014,50 bis unter 55 Jahre,m,8727
15003,2014,50 bis unter 55 Jahre,f,8866
15003,2014,75 bis unter 80 Jahre,f,8045
15003,2014,75 bis unter 80 Jahre,m,5851
15003,2014,20 bis unter 25 Jahre,f,7255
15003,2014,20 bis unter 25 Jahre,m,7879
15003,2014,95 Jahre und mehr,m,32
15003,2014,95 Jahre und mehr,f,244
15003,2014,35 bis unter 40 Jahre,f,5993
15003,2014,35 bis unter 40 Jahre,m,6883
15003,2014,90 bis unter 95 Jahre,m,361
15003,2014,90 bis unter 95 Jahre,f,1373
15003,2014,65 bis unter 70 Jahre,m,5294
15003,2014,65 bis unter 70 Jahre,f,6534
15003,2014,60 bis unter 65 Jahre,f,8433
15003,2014,60 bis unter 65 Jahre,m,7149
15003,2014,45 bis unter 50 Jahre,m,8218
15003,2014,45 bis unter 50 Jahre,f,7756
15003,2014,80 bis unter 85 Jahre,f,4711
15003,2014,80 bis unter 85 Jahre,m,2900
15003,2014,55 bis unter 60 Jahre,m,7409
15003,2014,55 bis unter 60 Jahre,f,7925
15003,2014,25 bis unter 30 Jahre,m,10822
15003,2014,25 bis unter 30 Jahre,f,9204
15003,2014,70 bis unter 75 Jahre,f,8770
15003,2014,70 bis unter 75 Jahre,m,7065
15003,2014,5 bis unter 10 Jahre,f,4352
15003,2014,5 bis unter 10 Jahre,m,4593
15003,2014,85 bis unter 90 Jahre,f,2998
15003,2014,85 bis unter 90 Jahre,m,1339
15003,2014,40 bis unter 45 Jahre,m,6604
15003,2014,40 bis unter 45 Jahre,f,6074
15003,2014,10 bis unter 15 Jahre,f,3805
15003,2014,10 bis unter 15 Jahre,m,4137
15003,2014,30 bis unter 35 Jahre,m,8772
15003,2014,30 bis unter 35 Jahre,f,7556
15081,2014,75 bis unter 80 Jahre,f,2961
15081,2014,75 bis unter 80 Jahre,m,2150
15081,2014,40 bis unter 45 Jahre,f,2362
15081,2014,40 bis unter 45 Jahre,m,2626
15081,2014,55 bis unter 60 Jahre,f,3800
15081,2014,55 bis unter 60 Jahre,m,3928
15081,2014,unter 5 Jahre,f,1709
15081,2014,unter 5 Jahre,m,1815
15081,2014,35 bis unter 40 Jahre,f,2106
15081,2014,35 bis unter 40 Jahre,m,2462
15081,2014,20 bis unter 25 Jahre,f,1346
15081,2014,20 bis unter 25 Jahre,m,1627
15081,2014,15 bis unter 20 Jahre,f,1634
15081,2014,15 bis unter 20 Jahre,m,1833
15081,2014,95 Jahre und mehr,m,16
15081,2014,95 Jahre und mehr,f,64
15081,2014,60 bis unter 65 Jahre,f,3289
15081,2014,60 bis unter 65 Jahre,m,3317
15081,2014,90 bis unter 95 Jahre,m,130
15081,2014,90 bis unter 95 Jahre,f,484
15081,2014,85 bis unter 90 Jahre,m,497
15081,2014,85 bis unter 90 Jahre,f,1106
15081,2014,30 bis unter 35 Jahre,m,2760
15081,2014,30 bis unter 35 Jahre,f,2289
15081,2014,65 bis unter 70 Jahre,m,1975
15081,2014,65 bis unter 70 Jahre,f,2085
15081,2014,5 bis unter 10 Jahre,f,1728
15081,2014,5 bis unter 10 Jahre,m,1862
15081,2014,10 bis unter 15 Jahre,m,1841
15081,2014,10 bis unter 15 Jahre,f,1700
15081,2014,50 bis unter 55 Jahre,f,4138
15081,2014,50 bis unter 55 Jahre,m,4445
15081,2014,25 bis unter 30 Jahre,f,2233
15081,2014,25 bis unter 30 Jahre,m,2654
15081,2014,70 bis unter 75 Jahre,m,2257
15081,2014,70 bis unter 75 Jahre,f,2708
15081,2014,80 bis unter 85 Jahre,m,1089
15081,2014,80 bis unter 85 Jahre,f,1843
15081,2014,45 bis unter 50 Jahre,m,3671
15081,2014,45 bis unter 50 Jahre,f,3531
15082,2014,5 bis unter 10 Jahre,m,3005
15082,2014,5 bis unter 10 Jahre,f,2933
15082,2014,50 bis unter 55 Jahre,f,7686
15082,2014,50 bis unter 55 Jahre,m,7641
15082,2014,45 bis unter 50 Jahre,m,6560
15082,2014,45 bis unter 50 Jahre,f,6446
15082,2014,85 bis unter 90 Jahre,f,2453
15082,2014,85 bis unter 90 Jahre,m,952
15082,2014,90 bis unter 95 Jahre,f,1064
15082,2014,90 bis unter 95 Jahre,m,249
15082,2014,10 bis unter 15 Jahre,m,3094
15082,2014,10 bis unter 15 Jahre,f,2945
15082,2014,70 bis unter 75 Jahre,f,6591
15082,2014,70 bis unter 75 Jahre,m,5427
15082,2014,25 bis unter 30 Jahre,m,4827
15082,2014,25 bis unter 30 Jahre,f,4076
15082,2014,30 bis unter 35 Jahre,m,5017
15082,2014,30 bis unter 35 Jahre,f,4175
15082,2014,65 bis unter 70 Jahre,f,4702
15082,2014,65 bis unter 70 Jahre,m,4192
15082,2014,80 bis unter 85 Jahre,m,2307
15082,2014,80 bis unter 85 Jahre,f,3950
15082,2014,unter 5 Jahre,f,2817
15082,2014,unter 5 Jahre,m,3045
15082,2014,60 bis unter 65 Jahre,m,6852
15082,2014,60 bis unter 65 Jahre,f,7079
15082,2014,95 Jahre und mehr,f,174
15082,2014,95 Jahre und mehr,m,24
15082,2014,35 bis unter 40 Jahre,m,4578
15082,2014,35 bis unter 40 Jahre,f,3928
15082,2014,55 bis unter 60 Jahre,f,7347
15082,2014,55 bis unter 60 Jahre,m,7242
15082,2014,15 bis unter 20 Jahre,m,2895
15082,2014,15 bis unter 20 Jahre,f,2648
15082,2014,40 bis unter 45 Jahre,f,4612
15082,2014,40 bis unter 45 Jahre,m,5202
15082,2014,20 bis unter 25 Jahre,f,2579
15082,2014,20 bis unter 25 Jahre,m,3205
15082,2014,75 bis unter 80 Jahre,f,6063
15082,2014,75 bis unter 80 Jahre,m,4494
15083,2014,55 bis unter 60 Jahre,m,7771
15083,2014,55 bis unter 60 Jahre,f,7648
15083,2014,20 bis unter 25 Jahre,m,3204
15083,2014,20 bis unter 25 Jahre,f,2631
15083,2014,80 bis unter 85 Jahre,f,3438
15083,2014,80 bis unter 85 Jahre,m,2011
15083,2014,35 bis unter 40 Jahre,m,5236
15083,2014,35 bis unter 40 Jahre,f,4514
15083,2014,75 bis unter 80 Jahre,m,3907
15083,2014,75 bis unter 80 Jahre,f,5306
15083,2014,40 bis unter 45 Jahre,m,5824
15083,2014,40 bis unter 45 Jahre,f,5352
15083,2014,60 bis unter 65 Jahre,f,6882
15083,2014,60 bis unter 65 Jahre,m,7109
15083,2014,15 bis unter 20 Jahre,m,3304
15083,2014,15 bis unter 20 Jahre,f,3001
15083,2014,unter 5 Jahre,m,3550
15083,2014,unter 5 Jahre,f,3476
15083,2014,25 bis unter 30 Jahre,f,4468
15083,2014,25 bis unter 30 Jahre,m,5103
15083,2014,5 bis unter 10 Jahre,f,3447
15083,2014,5 bis unter 10 Jahre,m,3742
15083,2014,95 Jahre und mehr,m,29
15083,2014,95 Jahre und mehr,f,145
15083,2014,30 bis unter 35 Jahre,f,4953
15083,2014,30 bis unter 35 Jahre,m,5504
15083,2014,85 bis unter 90 Jahre,m,922
15083,2014,85 bis unter 90 Jahre,f,2208
15083,2014,10 bis unter 15 Jahre,m,3608
15083,2014,10 bis unter 15 Jahre,f,3372
15083,2014,45 bis unter 50 Jahre,m,7514
15083,2014,45 bis unter 50 Jahre,f,7053
15083,2014,90 bis unter 95 Jahre,f,886
15083,2014,90 bis unter 95 Jahre,m,214
15083,2014,70 bis unter 75 Jahre,f,5217
15083,2014,70 bis unter 75 Jahre,m,4613
15083,2014,50 bis unter 55 Jahre,f,8282
15083,2014,50 bis unter 55 Jahre,m,8612
15083,2014,65 bis unter 70 Jahre,m,4332
15083,2014,65 bis unter 70 Jahre,f,4441
15084,2014,85 bis unter 90 Jahre,m,1221
15084,2014,85 bis unter 90 Jahre,f,3063
15084,2014,30 bis unter 35 Jahre,m,5618
15084,2014,30 bis unter 35 Jahre,f,4729
15084,2014,95 Jahre und mehr,m,28
15084,2014,95 Jahre und mehr,f,211
15084,2014,10 bis unter 15 Jahre,m,3532
15084,2014,10 bis unter 15 Jahre,f,3304
15084,2014,70 bis unter 75 Jahre,f,7066
15084,2014,70 bis unter 75 Jahre,m,5953
15084,2014,25 bis unter 30 Jahre,m,5455
15084,2014,25 bis unter 30 Jahre,f,4641
15084,2014,90 bis unter 95 Jahre,m,319
15084,2014,90 bis unter 95 Jahre,f,1255
15084,2014,65 bis unter 70 Jahre,m,4661
15084,2014,65 bis unter 70 Jahre,f,5145
15084,2014,35 bis unter 40 Jahre,f,4263
15084,2014,35 bis unter 40 Jahre,m,5135
15084,2014,50 bis unter 55 Jahre,m,8661
15084,2014,50 bis unter 55 Jahre,f,8355
15084,2014,55 bis unter 60 Jahre,f,8061
15084,2014,55 bis unter 60 Jahre,m,8063
15084,2014,unter 5 Jahre,f,3163
15084,2014,unter 5 Jahre,m,3454
15084,2014,45 bis unter 50 Jahre,f,7032
15084,2014,45 bis unter 50 Jahre,m,7722
15084,2014,75 bis unter 80 Jahre,f,6947
15084,2014,75 bis unter 80 Jahre,m,5117
15084,2014,80 bis unter 85 Jahre,f,4788
15084,2014,80 bis unter 85 Jahre,m,2773
15084,2014,40 bis unter 45 Jahre,m,5650
15084,2014,40 bis unter 45 Jahre,f,4907
15084,2014,20 bis unter 25 Jahre,m,3381
15084,2014,20 bis unter 25 Jahre,f,2662
15084,2014,60 bis unter 65 Jahre,m,7391
15084,2014,60 bis unter 65 Jahre,f,7595
15084,2014,15 bis unter 20 Jahre,m,3100
15084,2014,15 bis unter 20 Jahre,f,2861
15084,2014,5 bis unter 10 Jahre,f,3256
15084,2014,5 bis unter 10 Jahre,m,3517
15085,2014,80 bis unter 85 Jahre,m,2971
15085,2014,80 bis unter 85 Jahre,f,5113
15085,2014,60 bis unter 65 Jahre,m,8843
15085,2014,60 bis unter 65 Jahre,f,9364
15085,2014,5 bis unter 10 Jahre,f,3951
15085,2014,5 bis unter 10 Jahre,m,4190
15085,2014,40 bis unter 45 Jahre,m,6771
15085,2014,40 bis unter 45 Jahre,f,6160
15085,2014,75 bis unter 80 Jahre,m,5935
15085,2014,75 bis unter 80 Jahre,f,7975
15085,2014,45 bis unter 50 Jahre,f,8544
15085,2014,45 bis unter 50 Jahre,m,8805
15085,2014,unter 5 Jahre,m,4037
15085,2014,unter 5 Jahre,f,3864
15085,2014,50 bis unter 55 Jahre,f,10074
15085,2014,50 bis unter 55 Jahre,m,10258
15085,2014,30 bis unter 35 Jahre,f,5738
15085,2014,30 bis unter 35 Jahre,m,6420
15085,2014,15 bis unter 20 Jahre,m,4011
15085,2014,15 bis unter 20 Jahre,f,3632
15085,2014,20 bis unter 25 Jahre,m,4104
15085,2014,20 bis unter 25 Jahre,f,3492
15085,2014,25 bis unter 30 Jahre,f,5417
15085,2014,25 bis unter 30 Jahre,m,6349
15085,2014,70 bis unter 75 Jahre,m,7143
15085,2014,70 bis unter 75 Jahre,f,8540
15085,2014,90 bis unter 95 Jahre,m,387
15085,2014,90 bis unter 95 Jahre,f,1524
15085,2014,85 bis unter 90 Jahre,m,1401
15085,2014,85 bis unter 90 Jahre,f,3454
15085,2014,35 bis unter 40 Jahre,f,5277
15085,2014,35 bis unter 40 Jahre,m,5905
15085,2014,65 bis unter 70 Jahre,m,6020
15085,2014,65 bis unter 70 Jahre,f,6703
15085,2014,95 Jahre und mehr,m,43
15085,2014,95 Jahre und mehr,f,253
15085,2014,10 bis unter 15 Jahre,m,4380
15085,2014,10 bis unter 15 Jahre,f,4092
15085,2014,55 bis unter 60 Jahre,f,9268
15085,2014,55 bis unter 60 Jahre,m,9210
15086,2014,15 bis unter 20 Jahre,f,1535
15086,2014,15 bis unter 20 Jahre,m,1732
15086,2014,35 bis unter 40 Jahre,f,2350
15086,2014,35 bis unter 40 Jahre,m,2693
15086,2014,90 bis unter 95 Jahre,m,152
15086,2014,90 bis unter 95 Jahre,f,541
15086,2014,70 bis unter 75 Jahre,m,2744
15086,2014,70 bis unter 75 Jahre,f,3217
15086,2014,20 bis unter 25 Jahre,f,1256
15086,2014,20 bis unter 25 Jahre,m,1592
15086,2014,50 bis unter 55 Jahre,m,4781
15086,2014,50 bis unter 55 Jahre,f,4448
15086,2014,55 bis unter 60 Jahre,f,4110
15086,2014,55 bis unter 60 Jahre,m,4220
15086,2014,85 bis unter 90 Jahre,m,499
15086,2014,85 bis unter 90 Jahre,f,1252
15086,2014,10 bis unter 15 Jahre,m,1879
15086,2014,10 bis unter 15 Jahre,f,1717
15086,2014,45 bis unter 50 Jahre,m,3827
15086,2014,45 bis unter 50 Jahre,f,3689
15086,2014,80 bis unter 85 Jahre,f,1961
15086,2014,80 bis unter 85 Jahre,m,1229
15086,2014,unter 5 Jahre,m,1742
15086,2014,unter 5 Jahre,f,1736
15086,2014,65 bis unter 70 Jahre,m,2239
15086,2014,65 bis unter 70 Jahre,f,2379
15086,2014,75 bis unter 80 Jahre,f,3226
15086,2014,75 bis unter 80 Jahre,m,2342
15086,2014,5 bis unter 10 Jahre,f,1757
15086,2014,5 bis unter 10 Jahre,m,1759
15086,2014,60 bis unter 65 Jahre,m,3738
15086,2014,60 bis unter 65 Jahre,f,3661
15086,2014,30 bis unter 35 Jahre,f,2278
15086,2014,30 bis unter 35 Jahre,m,2733
15086,2014,95 Jahre und mehr,m,23
15086,2014,95 Jahre und mehr,f,95
15086,2014,25 bis unter 30 Jahre,m,2637
15086,2014,25 bis unter 30 Jahre,f,2117
15086,2014,40 bis unter 45 Jahre,f,2595
15086,2014,40 bis unter 45 Jahre,m,2878
15087,2014,45 bis unter 50 Jahre,f,5300
15087,2014,45 bis unter 50 Jahre,m,5547
15087,2014,10 bis unter 15 Jahre,f,2544
15087,2014,10 bis unter 15 Jahre,m,2681
15087,2014,95 Jahre und mehr,f,122
15087,2014,95 Jahre und mehr,m,18
15087,2014,65 bis unter 70 Jahre,f,4383
15087,2014,65 bis unter 70 Jahre,m,3999
15087,2014,85 bis unter 90 Jahre,f,2196
15087,2014,85 bis unter 90 Jahre,m,925
15087,2014,70 bis unter 75 Jahre,f,5717
15087,2014,70 bis unter 75 Jahre,m,4823
15087,2014,25 bis unter 30 Jahre,m,3937
15087,2014,25 bis unter 30 Jahre,f,3251
15087,2014,30 bis unter 35 Jahre,f,3400
15087,2014,30 bis unter 35 Jahre,m,4024
15087,2014,60 bis unter 65 Jahre,m,6080
15087,2014,60 bis unter 65 Jahre,f,6223
15087,2014,5 bis unter 10 Jahre,f,2480
15087,2014,5 bis unter 10 Jahre,m,2598
15087,2014,20 bis unter 25 Jahre,m,2456
15087,2014,20 bis unter 25 Jahre,f,2039
15087,2014,50 bis unter 55 Jahre,m,6702
15087,2014,50 bis unter 55 Jahre,f,6575
15087,2014,15 bis unter 20 Jahre,m,2564
15087,2014,15 bis unter 20 Jahre,f,2161
15087,2014,40 bis unter 45 Jahre,m,4378
15087,2014,40 bis unter 45 Jahre,f,3924
15087,2014,unter 5 Jahre,f,2427
15087,2014,unter 5 Jahre,m,2533
15087,2014,35 bis unter 40 Jahre,f,3255
15087,2014,35 bis unter 40 Jahre,m,3739
15087,2014,55 bis unter 60 Jahre,f,6192
15087,2014,55 bis unter 60 Jahre,m,6332
15087,2014,80 bis unter 85 Jahre,f,3672
15087,2014,80 bis unter 85 Jahre,m,2248
15087,2014,75 bis unter 80 Jahre,m,4076
15087,2014,75 bis unter 80 Jahre,f,5427
15087,2014,90 bis unter 95 Jahre,f,867
15087,2014,90 bis unter 95 Jahre,m,239
15088,2014,75 bis unter 80 Jahre,f,5917
15088,2014,75 bis unter 80 Jahre,m,4529
15088,2014,40 bis unter 45 Jahre,f,5710
15088,2014,40 bis unter 45 Jahre,m,6139
15088,2014,20 bis unter 25 Jahre,f,2751
15088,2014,20 bis unter 25 Jahre,m,3507
15088,2014,unter 5 Jahre,f,3609
15088,2014,unter 5 Jahre,m,3647
15088,2014,15 bis unter 20 Jahre,f,3167
15088,2014,15 bis unter 20 Jahre,m,3353
15088,2014,35 bis unter 40 Jahre,m,5486
15088,2014,35 bis unter 40 Jahre,f,4862
15088,2014,80 bis unter 85 Jahre,f,3960
15088,2014,80 bis unter 85 Jahre,m,2311
15088,2014,55 bis unter 60 Jahre,f,8083
15088,2014,55 bis unter 60 Jahre,m,7980
15088,2014,70 bis unter 75 Jahre,m,5744
15088,2014,70 bis unter 75 Jahre,f,6632
15088,2014,65 bis unter 70 Jahre,m,5051
15088,2014,65 bis unter 70 Jahre,f,5280
15088,2014,10 bis unter 15 Jahre,f,3532
15088,2014,10 bis unter 15 Jahre,m,3827
15088,2014,90 bis unter 95 Jahre,m,264
15088,2014,90 bis unter 95 Jahre,f,935
15088,2014,85 bis unter 90 Jahre,f,2546
15088,2014,85 bis unter 90 Jahre,m,1057
15088,2014,50 bis unter 55 Jahre,f,8586
15088,2014,50 bis unter 55 Jahre,m,8828
15088,2014,30 bis unter 35 Jahre,f,5030
15088,2014,30 bis unter 35 Jahre,m,5612
15088,2014,45 bis unter 50 Jahre,f,7443
15088,2014,45 bis unter 50 Jahre,m,7814
15088,2014,5 bis unter 10 Jahre,m,3913
15088,2014,5 bis unter 10 Jahre,f,3602
15088,2014,25 bis unter 30 Jahre,m,5252
15088,2014,25 bis unter 30 Jahre,f,4692
15088,2014,95 Jahre und mehr,f,127
15088,2014,95 Jahre und mehr,m,26
15088,2014,60 bis unter 65 Jahre,m,7720
15088,2014,60 bis unter 65 Jahre,f,7986
15089,2014,25 bis unter 30 Jahre,m,5811
15089,2014,25 bis unter 30 Jahre,f,4942
15089,2014,70 bis unter 75 Jahre,f,7881
15089,2014,70 bis unter 75 Jahre,m,6548
15089,2014,90 bis unter 95 Jahre,f,1289
15089,2014,90 bis unter 95 Jahre,m,311
15089,2014,10 bis unter 15 Jahre,m,3740
15089,2014,10 bis unter 15 Jahre,f,3579
15089,2014,30 bis unter 35 Jahre,f,4962
15089,2014,30 bis unter 35 Jahre,m,5726
15089,2014,5 bis unter 10 Jahre,m,3746
15089,2014,5 bis unter 10 Jahre,f,3531
15089,2014,50 bis unter 55 Jahre,f,9165
15089,2014,50 bis unter 55 Jahre,m,9167
15089,2014,85 bis unter 90 Jahre,m,1150
15089,2014,85 bis unter 90 Jahre,f,3038
15089,2014,65 bis unter 70 Jahre,f,5916
15089,2014,65 bis unter 70 Jahre,m,5105
15089,2014,45 bis unter 50 Jahre,m,8131
15089,2014,45 bis unter 50 Jahre,f,7731
15089,2014,60 bis unter 65 Jahre,m,7840
15089,2014,60 bis unter 65 Jahre,f,8129
15089,2014,40 bis unter 45 Jahre,m,6194
15089,2014,40 bis unter 45 Jahre,f,5407
15089,2014,35 bis unter 40 Jahre,f,4610
15089,2014,35 bis unter 40 Jahre,m,5219
15089,2014,15 bis unter 20 Jahre,m,3559
15089,2014,15 bis unter 20 Jahre,f,3228
15089,2014,80 bis unter 85 Jahre,f,4700
15089,2014,80 bis unter 85 Jahre,m,2657
15089,2014,55 bis unter 60 Jahre,m,8196
15089,2014,55 bis unter 60 Jahre,f,8460
15089,2014,95 Jahre und mehr,m,38
15089,2014,95 Jahre und mehr,f,219
15089,2014,75 bis unter 80 Jahre,m,5417
15089,2014,75 bis unter 80 Jahre,f,7412
15089,2014,unter 5 Jahre,f,3517
15089,2014,unter 5 Jahre,m,3630
15089,2014,20 bis unter 25 Jahre,m,3683
15089,2014,20 bis unter 25 Jahre,f,3166
15090,2014,40 bis unter 45 Jahre,m,3391
15090,2014,40 bis unter 45 Jahre,f,3238
15090,2014,75 bis unter 80 Jahre,m,2934
15090,2014,75 bis unter 80 Jahre,f,4001
15090,2014,60 bis unter 65 Jahre,m,4623
15090,2014,60 bis unter 65 Jahre,f,4601
15090,2014,20 bis unter 25 Jahre,m,2219
15090,2014,20 bis unter 25 Jahre,f,2005
15090,2014,35 bis unter 40 Jahre,m,3008
15090,2014,35 bis unter 40 Jahre,f,2592
15090,2014,80 bis unter 85 Jahre,f,2453
15090,2014,80 bis unter 85 Jahre,m,1489
15090,2014,5 bis unter 10 Jahre,f,2189
15090,2014,5 bis unter 10 Jahre,m,2252
15090,2014,45 bis unter 50 Jahre,f,4652
15090,2014,45 bis unter 50 Jahre,m,4830
15090,2014,15 bis unter 20 Jahre,f,2195
15090,2014,15 bis unter 20 Jahre,m,2228
15090,2014,50 bis unter 55 Jahre,f,5655
15090,2014,50 bis unter 55 Jahre,m,5851
15090,2014,95 Jahre und mehr,m,23
15090,2014,95 Jahre und mehr,f,107
15090,2014,25 bis unter 30 Jahre,f,3016
15090,2014,25 bis unter 30 Jahre,m,3557
15090,2014,85 bis unter 90 Jahre,m,635
15090,2014,85 bis unter 90 Jahre,f,1434
15090,2014,65 bis unter 70 Jahre,m,2755
15090,2014,65 bis unter 70 Jahre,f,3029
15090,2014,70 bis unter 75 Jahre,m,3383
15090,2014,70 bis unter 75 Jahre,f,3910
15090,2014,10 bis unter 15 Jahre,m,2409
15090,2014,10 bis unter 15 Jahre,f,2251
15090,2014,90 bis unter 95 Jahre,f,623
15090,2014,90 bis unter 95 Jahre,m,162
15090,2014,30 bis unter 35 Jahre,m,3331
15090,2014,30 bis unter 35 Jahre,f,2826
15090,2014,unter 5 Jahre,f,2183
15090,2014,unter 5 Jahre,m,2230
15090,2014,55 bis unter 60 Jahre,f,5206
15090,2014,55 bis unter 60 Jahre,m,5192
15091,2014,70 bis unter 75 Jahre,m,4220
15091,2014,70 bis unter 75 Jahre,f,5246
15091,2014,50 bis unter 55 Jahre,m,6202
15091,2014,50 bis unter 55 Jahre,f,6150
15091,2014,30 bis unter 35 Jahre,m,3631
15091,2014,30 bis unter 35 Jahre,f,3048
15091,2014,90 bis unter 95 Jahre,f,749
15091,2014,90 bis unter 95 Jahre,m,180
15091,2014,45 bis unter 50 Jahre,m,5325
15091,2014,45 bis unter 50 Jahre,f,5004
15091,2014,15 bis unter 20 Jahre,f,2093
15091,2014,15 bis unter 20 Jahre,m,2219
15091,2014,55 bis unter 60 Jahre,f,5712
15091,2014,55 bis unter 60 Jahre,m,5638
15091,2014,85 bis unter 90 Jahre,m,727
15091,2014,85 bis unter 90 Jahre,f,1807
15091,2014,75 bis unter 80 Jahre,f,5026
15091,2014,75 bis unter 80 Jahre,m,3791
15091,2014,20 bis unter 25 Jahre,f,1816
15091,2014,20 bis unter 25 Jahre,m,2294
15091,2014,95 Jahre und mehr,m,23
15091,2014,95 Jahre und mehr,f,125
15091,2014,65 bis unter 70 Jahre,f,3622
15091,2014,65 bis unter 70 Jahre,m,3390
15091,2014,unter 5 Jahre,f,2175
15091,2014,unter 5 Jahre,m,2303
15091,2014,10 bis unter 15 Jahre,m,2586
15091,2014,10 bis unter 15 Jahre,f,2284
15091,2014,60 bis unter 65 Jahre,m,5451
15091,2014,60 bis unter 65 Jahre,f,5593
15091,2014,80 bis unter 85 Jahre,m,1872
15091,2014,80 bis unter 85 Jahre,f,3205
15091,2014,35 bis unter 40 Jahre,m,3292
15091,2014,35 bis unter 40 Jahre,f,2942
15091,2014,5 bis unter 10 Jahre,f,2296
15091,2014,5 bis unter 10 Jahre,m,2350
15091,2014,40 bis unter 45 Jahre,f,3587
15091,2014,40 bis unter 45 Jahre,m,3981
15091,2014,25 bis unter 30 Jahre,m,3673
15091,2014,25 bis unter 30 Jahre,f,3093
16051,2014,65 bis unter 70 Jahre,f,5384
16051,2014,65 bis unter 70 Jahre,m,4632
16051,2014,30 bis unter 35 Jahre,f,7244
16051,2014,30 bis unter 35 Jahre,m,7864
16051,2014,85 bis unter 90 Jahre,f,2510
16051,2014,85 bis unter 90 Jahre,m,1050
16051,2014,10 bis unter 15 Jahre,f,3891
16051,2014,10 bis unter 15 Jahre,m,3939
16051,2014,5 bis unter 10 Jahre,m,4322
16051,2014,5 bis unter 10 Jahre,f,4223
16051,2014,50 bis unter 55 Jahre,f,7966
16051,2014,50 bis unter 55 Jahre,m,8037
16051,2014,25 bis unter 30 Jahre,f,8642
16051,2014,25 bis unter 30 Jahre,m,8774
16051,2014,45 bis unter 50 Jahre,f,7149
16051,2014,45 bis unter 50 Jahre,m,7191
16051,2014,90 bis unter 95 Jahre,f,1042
16051,2014,90 bis unter 95 Jahre,m,255
16051,2014,95 Jahre und mehr,f,177
16051,2014,95 Jahre und mehr,m,31
16051,2014,80 bis unter 85 Jahre,m,2343
16051,2014,80 bis unter 85 Jahre,f,3556
16051,2014,55 bis unter 60 Jahre,m,6995
16051,2014,55 bis unter 60 Jahre,f,7403
16051,2014,75 bis unter 80 Jahre,m,4505
16051,2014,75 bis unter 80 Jahre,f,6102
16051,2014,unter 5 Jahre,m,5058
16051,2014,unter 5 Jahre,f,4831
16051,2014,20 bis unter 25 Jahre,f,6649
16051,2014,20 bis unter 25 Jahre,m,5384
16051,2014,35 bis unter 40 Jahre,m,6646
16051,2014,35 bis unter 40 Jahre,f,5910
16051,2014,15 bis unter 20 Jahre,f,3798
16051,2014,15 bis unter 20 Jahre,m,3693
16051,2014,70 bis unter 75 Jahre,m,5759
16051,2014,70 bis unter 75 Jahre,f,6873
16051,2014,40 bis unter 45 Jahre,f,5765
16051,2014,40 bis unter 45 Jahre,m,6473
16051,2014,60 bis unter 65 Jahre,m,6673
16051,2014,60 bis unter 65 Jahre,f,7480
16052,2014,60 bis unter 65 Jahre,f,4166
16052,2014,60 bis unter 65 Jahre,m,3883
16052,2014,15 bis unter 20 Jahre,m,1490
16052,2014,15 bis unter 20 Jahre,f,1457
16052,2014,95 Jahre und mehr,f,138
16052,2014,95 Jahre und mehr,m,21
16052,2014,75 bis unter 80 Jahre,f,3565
16052,2014,75 bis unter 80 Jahre,m,2561
16052,2014,35 bis unter 40 Jahre,m,2596
16052,2014,35 bis unter 40 Jahre,f,2236
16052,2014,80 bis unter 85 Jahre,f,2421
16052,2014,80 bis unter 85 Jahre,m,1471
16052,2014,55 bis unter 60 Jahre,m,3879
16052,2014,55 bis unter 60 Jahre,f,4135
16052,2014,unter 5 Jahre,f,1769
16052,2014,unter 5 Jahre,m,1897
16052,2014,20 bis unter 25 Jahre,m,1680
16052,2014,20 bis unter 25 Jahre,f,1811
16052,2014,40 bis unter 45 Jahre,f,2304
16052,2014,40 bis unter 45 Jahre,m,2647
16052,2014,25 bis unter 30 Jahre,f,2798
16052,2014,25 bis unter 30 Jahre,m,3031
16052,2014,45 bis unter 50 Jahre,f,3306
16052,2014,45 bis unter 50 Jahre,m,3361
16052,2014,50 bis unter 55 Jahre,m,4117
16052,2014,50 bis unter 55 Jahre,f,4123
16052,2014,70 bis unter 75 Jahre,f,3872
16052,2014,70 bis unter 75 Jahre,m,3104
16052,2014,5 bis unter 10 Jahre,m,1733
16052,2014,5 bis unter 10 Jahre,f,1617
16052,2014,30 bis unter 35 Jahre,f,2596
16052,2014,30 bis unter 35 Jahre,m,2908
16052,2014,10 bis unter 15 Jahre,f,1636
16052,2014,10 bis unter 15 Jahre,m,1592
16052,2014,85 bis unter 90 Jahre,m,643
16052,2014,85 bis unter 90 Jahre,f,1645
16052,2014,90 bis unter 95 Jahre,f,729
16052,2014,90 bis unter 95 Jahre,m,208
16052,2014,65 bis unter 70 Jahre,f,2862
16052,2014,65 bis unter 70 Jahre,m,2484
16053,2014,45 bis unter 50 Jahre,m,3475
16053,2014,45 bis unter 50 Jahre,f,3103
16053,2014,10 bis unter 15 Jahre,m,1912
16053,2014,10 bis unter 15 Jahre,f,1870
16053,2014,90 bis unter 95 Jahre,f,566
16053,2014,90 bis unter 95 Jahre,m,154
16053,2014,65 bis unter 70 Jahre,m,2131
16053,2014,65 bis unter 70 Jahre,f,2564
16053,2014,85 bis unter 90 Jahre,m,565
16053,2014,85 bis unter 90 Jahre,f,1082
16053,2014,70 bis unter 75 Jahre,m,3018
16053,2014,70 bis unter 75 Jahre,f,3621
16053,2014,30 bis unter 35 Jahre,m,5057
16053,2014,30 bis unter 35 Jahre,f,4124
16053,2014,5 bis unter 10 Jahre,m,2300
16053,2014,5 bis unter 10 Jahre,f,2215
16053,2014,50 bis unter 55 Jahre,f,3251
16053,2014,50 bis unter 55 Jahre,m,3317
16053,2014,15 bis unter 20 Jahre,f,1880
16053,2014,15 bis unter 20 Jahre,m,1793
16053,2014,20 bis unter 25 Jahre,f,4923
16053,2014,20 bis unter 25 Jahre,m,4427
16053,2014,75 bis unter 80 Jahre,m,2360
16053,2014,75 bis unter 80 Jahre,f,3050
16053,2014,unter 5 Jahre,m,2677
16053,2014,unter 5 Jahre,f,2584
16053,2014,35 bis unter 40 Jahre,m,3494
16053,2014,35 bis unter 40 Jahre,f,3109
16053,2014,55 bis unter 60 Jahre,m,2948
16053,2014,55 bis unter 60 Jahre,f,3180
16053,2014,60 bis unter 65 Jahre,f,3293
16053,2014,60 bis unter 65 Jahre,m,2944
16053,2014,40 bis unter 45 Jahre,m,3141
16053,2014,40 bis unter 45 Jahre,f,2733
16053,2014,80 bis unter 85 Jahre,f,1755
16053,2014,80 bis unter 85 Jahre,m,1167
16053,2014,95 Jahre und mehr,m,32
16053,2014,95 Jahre und mehr,f,120
16053,2014,25 bis unter 30 Jahre,f,5664
16053,2014,25 bis unter 30 Jahre,m,6608
16054,2014,40 bis unter 45 Jahre,m,1006
16054,2014,40 bis unter 45 Jahre,f,922
16054,2014,75 bis unter 80 Jahre,m,1171
16054,2014,75 bis unter 80 Jahre,f,1403
16054,2014,20 bis unter 25 Jahre,m,753
16054,2014,20 bis unter 25 Jahre,f,633
16054,2014,unter 5 Jahre,m,655
16054,2014,unter 5 Jahre,f,604
16054,2014,15 bis unter 20 Jahre,m,642
16054,2014,15 bis unter 20 Jahre,f,549
16054,2014,60 bis unter 65 Jahre,f,1857
16054,2014,60 bis unter 65 Jahre,m,1576
16054,2014,25 bis unter 30 Jahre,f,822
16054,2014,25 bis unter 30 Jahre,m,1069
16054,2014,55 bis unter 60 Jahre,m,1446
16054,2014,55 bis unter 60 Jahre,f,1584
16054,2014,80 bis unter 85 Jahre,m,508
16054,2014,80 bis unter 85 Jahre,f,800
16054,2014,65 bis unter 70 Jahre,f,1318
16054,2014,65 bis unter 70 Jahre,m,1176
16054,2014,35 bis unter 40 Jahre,f,772
16054,2014,35 bis unter 40 Jahre,m,926
16054,2014,70 bis unter 75 Jahre,f,1672
16054,2014,70 bis unter 75 Jahre,m,1390
16054,2014,45 bis unter 50 Jahre,f,1320
16054,2014,45 bis unter 50 Jahre,m,1374
16054,2014,50 bis unter 55 Jahre,m,1529
16054,2014,50 bis unter 55 Jahre,f,1625
16054,2014,85 bis unter 90 Jahre,m,240
16054,2014,85 bis unter 90 Jahre,f,491
16054,2014,30 bis unter 35 Jahre,m,1057
16054,2014,30 bis unter 35 Jahre,f,810
16054,2014,95 Jahre und mehr,m,7
16054,2014,95 Jahre und mehr,f,30
16054,2014,90 bis unter 95 Jahre,m,53
16054,2014,90 bis unter 95 Jahre,f,208
16054,2014,5 bis unter 10 Jahre,m,569
16054,2014,5 bis unter 10 Jahre,f,528
16054,2014,10 bis unter 15 Jahre,f,543
16054,2014,10 bis unter 15 Jahre,m,570
16055,2014,70 bis unter 75 Jahre,m,1710
16055,2014,70 bis unter 75 Jahre,f,2098
16055,2014,90 bis unter 95 Jahre,m,99
16055,2014,90 bis unter 95 Jahre,f,439
16055,2014,30 bis unter 35 Jahre,m,2360
16055,2014,30 bis unter 35 Jahre,f,2246
16055,2014,95 Jahre und mehr,f,84
16055,2014,95 Jahre und mehr,m,12
16055,2014,50 bis unter 55 Jahre,m,2368
16055,2014,50 bis unter 55 Jahre,f,2388
16055,2014,15 bis unter 20 Jahre,f,1205
16055,2014,15 bis unter 20 Jahre,m,1261
16055,2014,65 bis unter 70 Jahre,m,1449
16055,2014,65 bis unter 70 Jahre,f,1690
16055,2014,35 bis unter 40 Jahre,f,1851
16055,2014,35 bis unter 40 Jahre,m,1992
16055,2014,unter 5 Jahre,f,1500
16055,2014,unter 5 Jahre,m,1534
16055,2014,75 bis unter 80 Jahre,f,1893
16055,2014,75 bis unter 80 Jahre,m,1391
16055,2014,40 bis unter 45 Jahre,f,1808
16055,2014,40 bis unter 45 Jahre,m,1912
16055,2014,5 bis unter 10 Jahre,m,1502
16055,2014,5 bis unter 10 Jahre,f,1340
16055,2014,20 bis unter 25 Jahre,f,2133
16055,2014,20 bis unter 25 Jahre,m,1760
16055,2014,85 bis unter 90 Jahre,f,853
16055,2014,85 bis unter 90 Jahre,m,374
16055,2014,10 bis unter 15 Jahre,m,1376
16055,2014,10 bis unter 15 Jahre,f,1230
16055,2014,80 bis unter 85 Jahre,m,738
16055,2014,80 bis unter 85 Jahre,f,1216
16055,2014,25 bis unter 30 Jahre,f,2548
16055,2014,25 bis unter 30 Jahre,m,2651
16055,2014,55 bis unter 60 Jahre,m,1935
16055,2014,55 bis unter 60 Jahre,f,2166
16055,2014,60 bis unter 65 Jahre,f,2098
16055,2014,60 bis unter 65 Jahre,m,1919
16055,2014,45 bis unter 50 Jahre,m,2199
16055,2014,45 bis unter 50 Jahre,f,2149
16056,2014,5 bis unter 10 Jahre,f,822
16056,2014,5 bis unter 10 Jahre,m,923
16056,2014,25 bis unter 30 Jahre,f,1332
16056,2014,25 bis unter 30 Jahre,m,1416
16056,2014,80 bis unter 85 Jahre,m,536
16056,2014,80 bis unter 85 Jahre,f,939
16056,2014,45 bis unter 50 Jahre,f,1463
16056,2014,45 bis unter 50 Jahre,m,1636
16056,2014,10 bis unter 15 Jahre,f,802
16056,2014,10 bis unter 15 Jahre,m,849
16056,2014,40 bis unter 45 Jahre,m,1363
16056,2014,40 bis unter 45 Jahre,f,1247
16056,2014,90 bis unter 95 Jahre,f,269
16056,2014,90 bis unter 95 Jahre,m,76
16056,2014,35 bis unter 40 Jahre,m,1202
16056,2014,35 bis unter 40 Jahre,f,1116
16056,2014,55 bis unter 60 Jahre,m,1559
16056,2014,55 bis unter 60 Jahre,f,1577
16056,2014,70 bis unter 75 Jahre,f,1675
16056,2014,70 bis unter 75 Jahre,m,1312
16056,2014,65 bis unter 70 Jahre,f,1230
16056,2014,65 bis unter 70 Jahre,m,968
16056,2014,60 bis unter 65 Jahre,m,1321
16056,2014,60 bis unter 65 Jahre,f,1466
16056,2014,15 bis unter 20 Jahre,f,672
16056,2014,15 bis unter 20 Jahre,m,727
16056,2014,unter 5 Jahre,f,809
16056,2014,unter 5 Jahre,m,907
16056,2014,20 bis unter 25 Jahre,f,793
16056,2014,20 bis unter 25 Jahre,m,857
16056,2014,50 bis unter 55 Jahre,m,1778
16056,2014,50 bis unter 55 Jahre,f,1771
16056,2014,75 bis unter 80 Jahre,f,1588
16056,2014,75 bis unter 80 Jahre,m,1167
16056,2014,95 Jahre und mehr,f,50
16056,2014,95 Jahre und mehr,m,2
16056,2014,85 bis unter 90 Jahre,f,622
16056,2014,85 bis unter 90 Jahre,m,262
16056,2014,30 bis unter 35 Jahre,m,1477
16056,2014,30 bis unter 35 Jahre,f,1303
16061,2014,60 bis unter 65 Jahre,m,3946
16061,2014,60 bis unter 65 Jahre,f,3803
16061,2014,80 bis unter 85 Jahre,m,1162
16061,2014,80 bis unter 85 Jahre,f,1731
16061,2014,40 bis unter 45 Jahre,m,3340
16061,2014,40 bis unter 45 Jahre,f,2838
16061,2014,5 bis unter 10 Jahre,f,2219
16061,2014,5 bis unter 10 Jahre,m,2277
16061,2014,unter 5 Jahre,m,2378
16061,2014,unter 5 Jahre,f,2327
16061,2014,45 bis unter 50 Jahre,f,3623
16061,2014,45 bis unter 50 Jahre,m,3887
16061,2014,75 bis unter 80 Jahre,m,2323
16061,2014,75 bis unter 80 Jahre,f,2930
16061,2014,85 bis unter 90 Jahre,f,1234
16061,2014,85 bis unter 90 Jahre,m,569
16061,2014,10 bis unter 15 Jahre,f,2282
16061,2014,10 bis unter 15 Jahre,m,2322
16061,2014,55 bis unter 60 Jahre,f,4006
16061,2014,55 bis unter 60 Jahre,m,4163
16061,2014,35 bis unter 40 Jahre,m,3208
16061,2014,35 bis unter 40 Jahre,f,2885
16061,2014,90 bis unter 95 Jahre,f,509
16061,2014,90 bis unter 95 Jahre,m,153
16061,2014,65 bis unter 70 Jahre,f,2569
16061,2014,65 bis unter 70 Jahre,m,2563
16061,2014,70 bis unter 75 Jahre,m,2770
16061,2014,70 bis unter 75 Jahre,f,3177
16061,2014,25 bis unter 30 Jahre,m,3201
16061,2014,25 bis unter 30 Jahre,f,2948
16061,2014,50 bis unter 55 Jahre,m,4446
16061,2014,50 bis unter 55 Jahre,f,4280
16061,2014,20 bis unter 25 Jahre,f,1770
16061,2014,20 bis unter 25 Jahre,m,2093
16061,2014,30 bis unter 35 Jahre,f,3098
16061,2014,30 bis unter 35 Jahre,m,3581
16061,2014,15 bis unter 20 Jahre,m,2118
16061,2014,15 bis unter 20 Jahre,f,1895
16061,2014,95 Jahre und mehr,f,90
16061,2014,95 Jahre und mehr,m,16
16062,2014,15 bis unter 20 Jahre,f,1599
16062,2014,15 bis unter 20 Jahre,m,1702
16062,2014,70 bis unter 75 Jahre,m,2742
16062,2014,70 bis unter 75 Jahre,f,3202
16062,2014,35 bis unter 40 Jahre,f,2046
16062,2014,35 bis unter 40 Jahre,m,2296
16062,2014,90 bis unter 95 Jahre,m,131
16062,2014,90 bis unter 95 Jahre,f,462
16062,2014,55 bis unter 60 Jahre,f,3463
16062,2014,55 bis unter 60 Jahre,m,3533
16062,2014,85 bis unter 90 Jahre,m,510
16062,2014,85 bis unter 90 Jahre,f,1171
16062,2014,50 bis unter 55 Jahre,m,3816
16062,2014,50 bis unter 55 Jahre,f,3749
16062,2014,20 bis unter 25 Jahre,f,1725
16062,2014,20 bis unter 25 Jahre,m,1898
16062,2014,10 bis unter 15 Jahre,m,1747
16062,2014,10 bis unter 15 Jahre,f,1535
16062,2014,25 bis unter 30 Jahre,m,2837
16062,2014,25 bis unter 30 Jahre,f,2387
16062,2014,40 bis unter 45 Jahre,f,2414
16062,2014,40 bis unter 45 Jahre,m,2596
16062,2014,60 bis unter 65 Jahre,f,3260
16062,2014,60 bis unter 65 Jahre,m,3182
16062,2014,30 bis unter 35 Jahre,m,2667
16062,2014,30 bis unter 35 Jahre,f,2272
16062,2014,5 bis unter 10 Jahre,m,1710
16062,2014,5 bis unter 10 Jahre,f,1657
16062,2014,95 Jahre und mehr,f,82
16062,2014,95 Jahre und mehr,m,21
16062,2014,45 bis unter 50 Jahre,f,3162
16062,2014,45 bis unter 50 Jahre,m,3262
16062,2014,75 bis unter 80 Jahre,m,2263
16062,2014,75 bis unter 80 Jahre,f,2980
16062,2014,80 bis unter 85 Jahre,f,1857
16062,2014,80 bis unter 85 Jahre,m,1171
16062,2014,65 bis unter 70 Jahre,m,2173
16062,2014,65 bis unter 70 Jahre,f,2453
16062,2014,unter 5 Jahre,m,1705
16062,2014,unter 5 Jahre,f,1617
16063,2014,45 bis unter 50 Jahre,f,4639
16063,2014,45 bis unter 50 Jahre,m,4894
16063,2014,65 bis unter 70 Jahre,f,3415
16063,2014,65 bis unter 70 Jahre,m,3288
16063,2014,95 Jahre und mehr,f,92
16063,2014,95 Jahre und mehr,m,28
16063,2014,85 bis unter 90 Jahre,f,1609
16063,2014,85 bis unter 90 Jahre,m,770
16063,2014,70 bis unter 75 Jahre,f,4138
16063,2014,70 bis unter 75 Jahre,m,3495
16063,2014,5 bis unter 10 Jahre,f,2369
16063,2014,5 bis unter 10 Jahre,m,2516
16063,2014,60 bis unter 65 Jahre,m,5080
16063,2014,60 bis unter 65 Jahre,f,5089
16063,2014,30 bis unter 35 Jahre,f,3510
16063,2014,30 bis unter 35 Jahre,m,4094
16063,2014,10 bis unter 15 Jahre,m,2632
16063,2014,10 bis unter 15 Jahre,f,2494
16063,2014,75 bis unter 80 Jahre,m,3339
16063,2014,75 bis unter 80 Jahre,f,4309
16063,2014,unter 5 Jahre,m,2785
16063,2014,unter 5 Jahre,f,2521
16063,2014,90 bis unter 95 Jahre,f,678
16063,2014,90 bis unter 95 Jahre,m,165
16063,2014,80 bis unter 85 Jahre,m,1577
16063,2014,80 bis unter 85 Jahre,f,2469
16063,2014,55 bis unter 60 Jahre,m,5715
16063,2014,55 bis unter 60 Jahre,f,5363
16063,2014,35 bis unter 40 Jahre,f,3332
16063,2014,35 bis unter 40 Jahre,m,3787
16063,2014,20 bis unter 25 Jahre,f,1949
16063,2014,20 bis unter 25 Jahre,m,2307
16063,2014,40 bis unter 45 Jahre,f,3678
16063,2014,40 bis unter 45 Jahre,m,4207
16063,2014,15 bis unter 20 Jahre,f,2156
16063,2014,15 bis unter 20 Jahre,m,2341
16063,2014,50 bis unter 55 Jahre,m,5961
16063,2014,50 bis unter 55 Jahre,f,5840
16063,2014,25 bis unter 30 Jahre,m,3884
16063,2014,25 bis unter 30 Jahre,f,3320
16064,2014,20 bis unter 25 Jahre,f,1837
16064,2014,20 bis unter 25 Jahre,m,2009
16064,2014,55 bis unter 60 Jahre,f,4407
16064,2014,55 bis unter 60 Jahre,m,4450
16064,2014,40 bis unter 45 Jahre,f,2987
16064,2014,40 bis unter 45 Jahre,m,3374
16064,2014,unter 5 Jahre,f,2092
16064,2014,unter 5 Jahre,m,2242
16064,2014,35 bis unter 40 Jahre,m,3063
16064,2014,35 bis unter 40 Jahre,f,2634
16064,2014,15 bis unter 20 Jahre,f,1969
16064,2014,15 bis unter 20 Jahre,m,2090
16064,2014,80 bis unter 85 Jahre,f,2236
16064,2014,80 bis unter 85 Jahre,m,1352
16064,2014,60 bis unter 65 Jahre,m,4119
16064,2014,60 bis unter 65 Jahre,f,4059
16064,2014,50 bis unter 55 Jahre,m,4774
16064,2014,50 bis unter 55 Jahre,f,4651
16064,2014,95 Jahre und mehr,m,18
16064,2014,95 Jahre und mehr,f,76
16064,2014,30 bis unter 35 Jahre,m,3268
16064,2014,30 bis unter 35 Jahre,f,2975
16064,2014,25 bis unter 30 Jahre,f,2661
16064,2014,25 bis unter 30 Jahre,m,3100
16064,2014,65 bis unter 70 Jahre,f,2685
16064,2014,65 bis unter 70 Jahre,m,2549
16064,2014,5 bis unter 10 Jahre,m,2230
16064,2014,5 bis unter 10 Jahre,f,2155
16064,2014,45 bis unter 50 Jahre,f,3954
16064,2014,45 bis unter 50 Jahre,m,4109
16064,2014,70 bis unter 75 Jahre,f,3548
16064,2014,70 bis unter 75 Jahre,m,2932
16064,2014,85 bis unter 90 Jahre,f,1525
16064,2014,85 bis unter 90 Jahre,m,611
16064,2014,90 bis unter 95 Jahre,f,548
16064,2014,90 bis unter 95 Jahre,m,135
16064,2014,10 bis unter 15 Jahre,m,2284
16064,2014,10 bis unter 15 Jahre,f,2157
16064,2014,75 bis unter 80 Jahre,m,2581
16064,2014,75 bis unter 80 Jahre,f,3476
16065,2014,70 bis unter 75 Jahre,f,2860
16065,2014,70 bis unter 75 Jahre,m,2426
16065,2014,25 bis unter 30 Jahre,m,2290
16065,2014,25 bis unter 30 Jahre,f,1850
16065,2014,85 bis unter 90 Jahre,f,1054
16065,2014,85 bis unter 90 Jahre,m,444
16065,2014,30 bis unter 35 Jahre,f,1962
16065,2014,30 bis unter 35 Jahre,m,2276
16065,2014,65 bis unter 70 Jahre,f,2275
16065,2014,65 bis unter 70 Jahre,m,2078
16065,2014,5 bis unter 10 Jahre,m,1535
16065,2014,5 bis unter 10 Jahre,f,1404
16065,2014,50 bis unter 55 Jahre,f,3600
16065,2014,50 bis unter 55 Jahre,m,3587
16065,2014,10 bis unter 15 Jahre,m,1542
16065,2014,10 bis unter 15 Jahre,f,1474
16065,2014,45 bis unter 50 Jahre,f,2881
16065,2014,45 bis unter 50 Jahre,m,3044
16065,2014,90 bis unter 95 Jahre,f,427
16065,2014,90 bis unter 95 Jahre,m,121
16065,2014,80 bis unter 85 Jahre,m,1025
16065,2014,80 bis unter 85 Jahre,f,1689
16065,2014,75 bis unter 80 Jahre,m,2087
16065,2014,75 bis unter 80 Jahre,f,2758
16065,2014,20 bis unter 25 Jahre,f,1166
16065,2014,20 bis unter 25 Jahre,m,1442
16065,2014,unter 5 Jahre,m,1442
16065,2014,unter 5 Jahre,f,1338
16065,2014,60 bis unter 65 Jahre,f,3277
16065,2014,60 bis unter 65 Jahre,m,3283
16065,2014,15 bis unter 20 Jahre,m,1438
16065,2014,15 bis unter 20 Jahre,f,1332
16065,2014,95 Jahre und mehr,m,15
16065,2014,95 Jahre und mehr,f,72
16065,2014,35 bis unter 40 Jahre,m,2142
16065,2014,35 bis unter 40 Jahre,f,1843
16065,2014,55 bis unter 60 Jahre,m,3578
16065,2014,55 bis unter 60 Jahre,f,3499
16065,2014,40 bis unter 45 Jahre,f,2154
16065,2014,40 bis unter 45 Jahre,m,2438
16066,2014,unter 5 Jahre,m,2564
16066,2014,unter 5 Jahre,f,2364
16066,2014,80 bis unter 85 Jahre,f,2469
16066,2014,80 bis unter 85 Jahre,m,1636
16066,2014,20 bis unter 25 Jahre,m,2671
16066,2014,20 bis unter 25 Jahre,f,2123
16066,2014,75 bis unter 80 Jahre,m,3525
16066,2014,75 bis unter 80 Jahre,f,4420
16066,2014,40 bis unter 45 Jahre,m,4019
16066,2014,40 bis unter 45 Jahre,f,3488
16066,2014,35 bis unter 40 Jahre,m,3593
16066,2014,35 bis unter 40 Jahre,f,3099
16066,2014,55 bis unter 60 Jahre,m,5491
16066,2014,55 bis unter 60 Jahre,f,5372
16066,2014,60 bis unter 65 Jahre,m,5031
16066,2014,60 bis unter 65 Jahre,f,5067
16066,2014,95 Jahre und mehr,f,108
16066,2014,95 Jahre und mehr,m,24
16066,2014,15 bis unter 20 Jahre,f,2052
16066,2014,15 bis unter 20 Jahre,m,2276
16066,2014,45 bis unter 50 Jahre,f,4741
16066,2014,45 bis unter 50 Jahre,m,4806
16066,2014,25 bis unter 30 Jahre,f,3188
16066,2014,25 bis unter 30 Jahre,m,4050
16066,2014,70 bis unter 75 Jahre,f,4566
16066,2014,70 bis unter 75 Jahre,m,3644
16066,2014,50 bis unter 55 Jahre,m,5903
16066,2014,50 bis unter 55 Jahre,f,5849
16066,2014,10 bis unter 15 Jahre,m,2365
16066,2014,10 bis unter 15 Jahre,f,2284
16066,2014,90 bis unter 95 Jahre,f,680
16066,2014,90 bis unter 95 Jahre,m,215
16066,2014,65 bis unter 70 Jahre,f,3475
16066,2014,65 bis unter 70 Jahre,m,3249
16066,2014,5 bis unter 10 Jahre,m,2367
16066,2014,5 bis unter 10 Jahre,f,2240
16066,2014,85 bis unter 90 Jahre,m,711
16066,2014,85 bis unter 90 Jahre,f,1756
16066,2014,30 bis unter 35 Jahre,m,4198
16066,2014,30 bis unter 35 Jahre,f,3377
16067,2014,85 bis unter 90 Jahre,m,775
16067,2014,85 bis unter 90 Jahre,f,1780
16067,2014,50 bis unter 55 Jahre,m,6211
16067,2014,50 bis unter 55 Jahre,f,6149
16067,2014,65 bis unter 70 Jahre,m,3519
16067,2014,65 bis unter 70 Jahre,f,3764
16067,2014,70 bis unter 75 Jahre,m,4072
16067,2014,70 bis unter 75 Jahre,f,4812
16067,2014,90 bis unter 95 Jahre,m,193
16067,2014,90 bis unter 95 Jahre,f,729
16067,2014,95 Jahre und mehr,f,102
16067,2014,95 Jahre und mehr,m,18
16067,2014,5 bis unter 10 Jahre,m,2757
16067,2014,5 bis unter 10 Jahre,f,2685
16067,2014,45 bis unter 50 Jahre,m,5572
16067,2014,45 bis unter 50 Jahre,f,5093
16067,2014,15 bis unter 20 Jahre,f,2446
16067,2014,15 bis unter 20 Jahre,m,2678
16067,2014,unter 5 Jahre,f,2693
16067,2014,unter 5 Jahre,m,2847
16067,2014,30 bis unter 35 Jahre,m,4422
16067,2014,30 bis unter 35 Jahre,f,3844
16067,2014,10 bis unter 15 Jahre,f,2745
16067,2014,10 bis unter 15 Jahre,m,2883
16067,2014,20 bis unter 25 Jahre,f,2168
16067,2014,20 bis unter 25 Jahre,m,2553
16067,2014,40 bis unter 45 Jahre,f,3922
16067,2014,40 bis unter 45 Jahre,m,4505
16067,2014,75 bis unter 80 Jahre,f,4380
16067,2014,75 bis unter 80 Jahre,m,3376
16067,2014,60 bis unter 65 Jahre,m,5190
16067,2014,60 bis unter 65 Jahre,f,5403
16067,2014,55 bis unter 60 Jahre,m,5648
16067,2014,55 bis unter 60 Jahre,f,5575
16067,2014,35 bis unter 40 Jahre,m,4059
16067,2014,35 bis unter 40 Jahre,f,3490
16067,2014,80 bis unter 85 Jahre,f,2744
16067,2014,80 bis unter 85 Jahre,m,1716
16067,2014,25 bis unter 30 Jahre,f,3661
16067,2014,25 bis unter 30 Jahre,m,4202
16068,2014,25 bis unter 30 Jahre,f,1818
16068,2014,25 bis unter 30 Jahre,m,1951
16068,2014,55 bis unter 60 Jahre,m,3058
16068,2014,55 bis unter 60 Jahre,f,3136
16068,2014,40 bis unter 45 Jahre,m,2505
16068,2014,40 bis unter 45 Jahre,f,2105
16068,2014,10 bis unter 15 Jahre,f,1419
16068,2014,10 bis unter 15 Jahre,m,1535
16068,2014,65 bis unter 70 Jahre,f,1922
16068,2014,65 bis unter 70 Jahre,m,1873
16068,2014,80 bis unter 85 Jahre,m,761
16068,2014,80 bis unter 85 Jahre,f,1373
16068,2014,15 bis unter 20 Jahre,m,1321
16068,2014,15 bis unter 20 Jahre,f,1177
16068,2014,60 bis unter 65 Jahre,f,3098
16068,2014,60 bis unter 65 Jahre,m,3093
16068,2014,35 bis unter 40 Jahre,f,1937
16068,2014,35 bis unter 40 Jahre,m,2133
16068,2014,70 bis unter 75 Jahre,f,2234
16068,2014,70 bis unter 75 Jahre,m,1994
16068,2014,45 bis unter 50 Jahre,f,2697
16068,2014,45 bis unter 50 Jahre,m,2953
16068,2014,95 Jahre und mehr,f,48
16068,2014,95 Jahre und mehr,m,8
16068,2014,50 bis unter 55 Jahre,m,3301
16068,2014,50 bis unter 55 Jahre,f,3253
16068,2014,85 bis unter 90 Jahre,m,381
16068,2014,85 bis unter 90 Jahre,f,817
16068,2014,90 bis unter 95 Jahre,m,84
16068,2014,90 bis unter 95 Jahre,f,335
16068,2014,unter 5 Jahre,f,1390
16068,2014,unter 5 Jahre,m,1531
16068,2014,30 bis unter 35 Jahre,m,2300
16068,2014,30 bis unter 35 Jahre,f,2023
16068,2014,5 bis unter 10 Jahre,m,1558
16068,2014,5 bis unter 10 Jahre,f,1442
16068,2014,75 bis unter 80 Jahre,f,2119
16068,2014,75 bis unter 80 Jahre,m,1577
16068,2014,20 bis unter 25 Jahre,f,1057
16068,2014,20 bis unter 25 Jahre,m,1220
16069,2014,90 bis unter 95 Jahre,m,98
16069,2014,90 bis unter 95 Jahre,f,348
16069,2014,35 bis unter 40 Jahre,f,1727
16069,2014,35 bis unter 40 Jahre,m,1973
16069,2014,70 bis unter 75 Jahre,m,1753
16069,2014,70 bis unter 75 Jahre,f,2018
16069,2014,15 bis unter 20 Jahre,f,1118
16069,2014,15 bis unter 20 Jahre,m,1163
16069,2014,75 bis unter 80 Jahre,f,2243
16069,2014,75 bis unter 80 Jahre,m,1590
16069,2014,unter 5 Jahre,f,1275
16069,2014,unter 5 Jahre,m,1265
16069,2014,10 bis unter 15 Jahre,m,1291
16069,2014,10 bis unter 15 Jahre,f,1207
16069,2014,20 bis unter 25 Jahre,m,1233
16069,2014,20 bis unter 25 Jahre,f,989
16069,2014,65 bis unter 70 Jahre,m,1589
16069,2014,65 bis unter 70 Jahre,f,1682
16069,2014,30 bis unter 35 Jahre,m,2347
16069,2014,30 bis unter 35 Jahre,f,1846
16069,2014,40 bis unter 45 Jahre,f,1851
16069,2014,40 bis unter 45 Jahre,m,2114
16069,2014,85 bis unter 90 Jahre,f,883
16069,2014,85 bis unter 90 Jahre,m,382
16069,2014,5 bis unter 10 Jahre,f,1205
16069,2014,5 bis unter 10 Jahre,m,1292
16069,2014,50 bis unter 55 Jahre,f,3030
16069,2014,50 bis unter 55 Jahre,m,3093
16069,2014,80 bis unter 85 Jahre,m,735
16069,2014,80 bis unter 85 Jahre,f,1361
16069,2014,55 bis unter 60 Jahre,m,2913
16069,2014,55 bis unter 60 Jahre,f,2800
16069,2014,25 bis unter 30 Jahre,f,1765
16069,2014,25 bis unter 30 Jahre,m,2084
16069,2014,95 Jahre und mehr,m,8
16069,2014,95 Jahre und mehr,f,43
16069,2014,60 bis unter 65 Jahre,f,2662
16069,2014,60 bis unter 65 Jahre,m,2675
16069,2014,45 bis unter 50 Jahre,m,2621
16069,2014,45 bis unter 50 Jahre,f,2401
16070,2014,65 bis unter 70 Jahre,f,3049
16070,2014,65 bis unter 70 Jahre,m,2871
16070,2014,10 bis unter 15 Jahre,f,2034
16070,2014,10 bis unter 15 Jahre,m,2006
16070,2014,85 bis unter 90 Jahre,f,1478
16070,2014,85 bis unter 90 Jahre,m,577
16070,2014,30 bis unter 35 Jahre,f,3041
16070,2014,30 bis unter 35 Jahre,m,3635
16070,2014,45 bis unter 50 Jahre,m,4276
16070,2014,45 bis unter 50 Jahre,f,4036
16070,2014,90 bis unter 95 Jahre,f,669
16070,2014,90 bis unter 95 Jahre,m,185
16070,2014,25 bis unter 30 Jahre,f,3065
16070,2014,25 bis unter 30 Jahre,m,4190
16070,2014,50 bis unter 55 Jahre,f,4660
16070,2014,50 bis unter 55 Jahre,m,4775
16070,2014,80 bis unter 85 Jahre,m,1358
16070,2014,80 bis unter 85 Jahre,f,2187
16070,2014,5 bis unter 10 Jahre,m,2250
16070,2014,5 bis unter 10 Jahre,f,2087
16070,2014,20 bis unter 25 Jahre,m,2911
16070,2014,20 bis unter 25 Jahre,f,1955
16070,2014,unter 5 Jahre,m,2226
16070,2014,unter 5 Jahre,f,2098
16070,2014,95 Jahre und mehr,f,102
16070,2014,95 Jahre und mehr,m,14
16070,2014,75 bis unter 80 Jahre,m,2741
16070,2014,75 bis unter 80 Jahre,f,3734
16070,2014,40 bis unter 45 Jahre,f,2917
16070,2014,40 bis unter 45 Jahre,m,3403
16070,2014,35 bis unter 40 Jahre,f,2662
16070,2014,35 bis unter 40 Jahre,m,3129
16070,2014,55 bis unter 60 Jahre,f,4336
16070,2014,55 bis unter 60 Jahre,m,4302
16070,2014,60 bis unter 65 Jahre,f,4538
16070,2014,60 bis unter 65 Jahre,m,4233
16070,2014,15 bis unter 20 Jahre,m,2025
16070,2014,15 bis unter 20 Jahre,f,1794
16070,2014,70 bis unter 75 Jahre,m,3372
16070,2014,70 bis unter 75 Jahre,f,3978
16071,2014,15 bis unter 20 Jahre,m,1581
16071,2014,15 bis unter 20 Jahre,f,1580
16071,2014,60 bis unter 65 Jahre,f,3378
16071,2014,60 bis unter 65 Jahre,m,3411
16071,2014,80 bis unter 85 Jahre,f,1554
16071,2014,80 bis unter 85 Jahre,m,927
16071,2014,75 bis unter 80 Jahre,f,2364
16071,2014,75 bis unter 80 Jahre,m,1753
16071,2014,20 bis unter 25 Jahre,f,1203
16071,2014,20 bis unter 25 Jahre,m,1313
16071,2014,40 bis unter 45 Jahre,f,2478
16071,2014,40 bis unter 45 Jahre,m,2838
16071,2014,unter 5 Jahre,m,1789
16071,2014,unter 5 Jahre,f,1801
16071,2014,55 bis unter 60 Jahre,m,3610
16071,2014,55 bis unter 60 Jahre,f,3618
16071,2014,50 bis unter 55 Jahre,m,3872
16071,2014,50 bis unter 55 Jahre,f,3816
16071,2014,70 bis unter 75 Jahre,m,2199
16071,2014,70 bis unter 75 Jahre,f,2479
16071,2014,35 bis unter 40 Jahre,f,2294
16071,2014,35 bis unter 40 Jahre,m,2536
16071,2014,95 Jahre und mehr,f,59
16071,2014,95 Jahre und mehr,m,10
16071,2014,45 bis unter 50 Jahre,f,3184
16071,2014,45 bis unter 50 Jahre,m,3300
16071,2014,5 bis unter 10 Jahre,m,1808
16071,2014,5 bis unter 10 Jahre,f,1808
16071,2014,85 bis unter 90 Jahre,f,924
16071,2014,85 bis unter 90 Jahre,m,429
16071,2014,25 bis unter 30 Jahre,m,2190
16071,2014,25 bis unter 30 Jahre,f,2049
16071,2014,90 bis unter 95 Jahre,f,395
16071,2014,90 bis unter 95 Jahre,m,117
16071,2014,65 bis unter 70 Jahre,m,2306
16071,2014,65 bis unter 70 Jahre,f,2248
16071,2014,10 bis unter 15 Jahre,f,1714
16071,2014,10 bis unter 15 Jahre,m,1806
16071,2014,30 bis unter 35 Jahre,m,2520
16071,2014,30 bis unter 35 Jahre,f,2380
16072,2014,45 bis unter 50 Jahre,m,2236
16072,2014,45 bis unter 50 Jahre,f,2055
16072,2014,90 bis unter 95 Jahre,f,362
16072,2014,90 bis unter 95 Jahre,m,109
16072,2014,65 bis unter 70 Jahre,m,1508
16072,2014,65 bis unter 70 Jahre,f,1670
16072,2014,10 bis unter 15 Jahre,m,1158
16072,2014,10 bis unter 15 Jahre,f,984
16072,2014,30 bis unter 35 Jahre,m,1734
16072,2014,30 bis unter 35 Jahre,f,1547
16072,2014,70 bis unter 75 Jahre,f,2087
16072,2014,70 bis unter 75 Jahre,m,1713
16072,2014,25 bis unter 30 Jahre,m,1537
16072,2014,25 bis unter 30 Jahre,f,1405
16072,2014,50 bis unter 55 Jahre,m,2724
16072,2014,50 bis unter 55 Jahre,f,2614
16072,2014,85 bis unter 90 Jahre,f,917
16072,2014,85 bis unter 90 Jahre,m,363
16072,2014,5 bis unter 10 Jahre,m,993
16072,2014,5 bis unter 10 Jahre,f,998
16072,2014,95 Jahre und mehr,f,47
16072,2014,95 Jahre und mehr,m,7
16072,2014,15 bis unter 20 Jahre,f,885
16072,2014,15 bis unter 20 Jahre,m,968
16072,2014,20 bis unter 25 Jahre,f,848
16072,2014,20 bis unter 25 Jahre,m,951
16072,2014,40 bis unter 45 Jahre,f,1673
16072,2014,40 bis unter 45 Jahre,m,1876
16072,2014,unter 5 Jahre,m,1038
16072,2014,unter 5 Jahre,f,988
16072,2014,55 bis unter 60 Jahre,m,2485
16072,2014,55 bis unter 60 Jahre,f,2501
16072,2014,75 bis unter 80 Jahre,m,1619
16072,2014,75 bis unter 80 Jahre,f,2293
16072,2014,80 bis unter 85 Jahre,m,759
16072,2014,80 bis unter 85 Jahre,f,1358
16072,2014,60 bis unter 65 Jahre,f,2396
16072,2014,60 bis unter 65 Jahre,m,2400
16072,2014,35 bis unter 40 Jahre,f,1390
16072,2014,35 bis unter 40 Jahre,m,1613
16073,2014,75 bis unter 80 Jahre,m,3239
16073,2014,75 bis unter 80 Jahre,f,4403
16073,2014,40 bis unter 45 Jahre,m,3418
16073,2014,40 bis unter 45 Jahre,f,3018
16073,2014,55 bis unter 60 Jahre,m,4785
16073,2014,55 bis unter 60 Jahre,f,4705
16073,2014,60 bis unter 65 Jahre,m,4517
16073,2014,60 bis unter 65 Jahre,f,4675
16073,2014,80 bis unter 85 Jahre,m,1666
16073,2014,80 bis unter 85 Jahre,f,2825
16073,2014,unter 5 Jahre,m,2076
16073,2014,unter 5 Jahre,f,2030
16073,2014,15 bis unter 20 Jahre,m,1877
16073,2014,15 bis unter 20 Jahre,f,1749
16073,2014,45 bis unter 50 Jahre,f,4059
16073,2014,45 bis unter 50 Jahre,m,4223
16073,2014,10 bis unter 15 Jahre,f,1973
16073,2014,10 bis unter 15 Jahre,m,2114
16073,2014,35 bis unter 40 Jahre,f,2608
16073,2014,35 bis unter 40 Jahre,m,2934
16073,2014,65 bis unter 70 Jahre,f,3141
16073,2014,65 bis unter 70 Jahre,m,2921
16073,2014,70 bis unter 75 Jahre,m,3486
16073,2014,70 bis unter 75 Jahre,f,4254
16073,2014,30 bis unter 35 Jahre,m,3296
16073,2014,30 bis unter 35 Jahre,f,2774
16073,2014,95 Jahre und mehr,f,118
16073,2014,95 Jahre und mehr,m,23
16073,2014,50 bis unter 55 Jahre,m,5204
16073,2014,50 bis unter 55 Jahre,f,4952
16073,2014,90 bis unter 95 Jahre,f,753
16073,2014,90 bis unter 95 Jahre,m,199
16073,2014,25 bis unter 30 Jahre,m,3189
16073,2014,25 bis unter 30 Jahre,f,2629
16073,2014,20 bis unter 25 Jahre,f,1556
16073,2014,20 bis unter 25 Jahre,m,1842
16073,2014,85 bis unter 90 Jahre,f,1826
16073,2014,85 bis unter 90 Jahre,m,724
16073,2014,5 bis unter 10 Jahre,m,1992
16073,2014,5 bis unter 10 Jahre,f,1873
16074,2014,70 bis unter 75 Jahre,m,2574
16074,2014,70 bis unter 75 Jahre,f,3004
16074,2014,90 bis unter 95 Jahre,m,126
16074,2014,90 bis unter 95 Jahre,f,427
16074,2014,10 bis unter 15 Jahre,m,1782
16074,2014,10 bis unter 15 Jahre,f,1688
16074,2014,25 bis unter 30 Jahre,m,2388
16074,2014,25 bis unter 30 Jahre,f,2174
16074,2014,50 bis unter 55 Jahre,m,3962
16074,2014,50 bis unter 55 Jahre,f,3902
16074,2014,20 bis unter 25 Jahre,f,1270
16074,2014,20 bis unter 25 Jahre,m,1531
16074,2014,95 Jahre und mehr,m,9
16074,2014,95 Jahre und mehr,f,65
16074,2014,65 bis unter 70 Jahre,m,2246
16074,2014,65 bis unter 70 Jahre,f,2378
16074,2014,35 bis unter 40 Jahre,f,2208
16074,2014,35 bis unter 40 Jahre,m,2445
16074,2014,85 bis unter 90 Jahre,f,1105
16074,2014,85 bis unter 90 Jahre,m,477
16074,2014,5 bis unter 10 Jahre,m,1720
16074,2014,5 bis unter 10 Jahre,f,1590
16074,2014,15 bis unter 20 Jahre,m,1669
16074,2014,15 bis unter 20 Jahre,f,1493
16074,2014,30 bis unter 35 Jahre,f,2260
16074,2014,30 bis unter 35 Jahre,m,2686
16074,2014,40 bis unter 45 Jahre,f,2429
16074,2014,40 bis unter 45 Jahre,m,2684
16074,2014,80 bis unter 85 Jahre,m,1046
16074,2014,80 bis unter 85 Jahre,f,1647
16074,2014,75 bis unter 80 Jahre,m,2127
16074,2014,75 bis unter 80 Jahre,f,2571
16074,2014,60 bis unter 65 Jahre,m,3422
16074,2014,60 bis unter 65 Jahre,f,3470
16074,2014,55 bis unter 60 Jahre,m,3661
16074,2014,55 bis unter 60 Jahre,f,3606
16074,2014,unter 5 Jahre,m,1732
16074,2014,unter 5 Jahre,f,1728
16074,2014,45 bis unter 50 Jahre,f,3192
16074,2014,45 bis unter 50 Jahre,m,3472
16075,2014,80 bis unter 85 Jahre,m,1159
16075,2014,80 bis unter 85 Jahre,f,2011
16075,2014,25 bis unter 30 Jahre,f,2060
16075,2014,25 bis unter 30 Jahre,m,2395
16075,2014,5 bis unter 10 Jahre,f,1503
16075,2014,5 bis unter 10 Jahre,m,1680
16075,2014,10 bis unter 15 Jahre,f,1628
16075,2014,10 bis unter 15 Jahre,m,1664
16075,2014,95 Jahre und mehr,m,10
16075,2014,95 Jahre und mehr,f,81
16075,2014,60 bis unter 65 Jahre,m,3474
16075,2014,60 bis unter 65 Jahre,f,3486
16075,2014,75 bis unter 80 Jahre,m,2203
16075,2014,75 bis unter 80 Jahre,f,3057
16075,2014,45 bis unter 50 Jahre,f,3110
16075,2014,45 bis unter 50 Jahre,m,3263
16075,2014,85 bis unter 90 Jahre,f,1261
16075,2014,85 bis unter 90 Jahre,m,516
16075,2014,70 bis unter 75 Jahre,f,2735
16075,2014,70 bis unter 75 Jahre,m,2339
16075,2014,unter 5 Jahre,m,1596
16075,2014,unter 5 Jahre,f,1641
16075,2014,55 bis unter 60 Jahre,m,3733
16075,2014,55 bis unter 60 Jahre,f,3611
16075,2014,35 bis unter 40 Jahre,m,2350
16075,2014,35 bis unter 40 Jahre,f,2027
16075,2014,65 bis unter 70 Jahre,f,2307
16075,2014,65 bis unter 70 Jahre,m,2162
16075,2014,90 bis unter 95 Jahre,f,474
16075,2014,90 bis unter 95 Jahre,m,134
16075,2014,20 bis unter 25 Jahre,f,1219
16075,2014,20 bis unter 25 Jahre,m,1450
16075,2014,50 bis unter 55 Jahre,m,3945
16075,2014,50 bis unter 55 Jahre,f,3829
16075,2014,15 bis unter 20 Jahre,m,1543
16075,2014,15 bis unter 20 Jahre,f,1493
16075,2014,30 bis unter 35 Jahre,f,2145
16075,2014,30 bis unter 35 Jahre,m,2569
16075,2014,40 bis unter 45 Jahre,m,2644
16075,2014,40 bis unter 45 Jahre,f,2380
16076,2014,35 bis unter 40 Jahre,f,2368
16076,2014,35 bis unter 40 Jahre,m,2726
16076,2014,15 bis unter 20 Jahre,f,1694
16076,2014,15 bis unter 20 Jahre,m,1933
16076,2014,75 bis unter 80 Jahre,f,3868
16076,2014,75 bis unter 80 Jahre,m,2855
16076,2014,55 bis unter 60 Jahre,f,4686
16076,2014,55 bis unter 60 Jahre,m,4613
16076,2014,90 bis unter 95 Jahre,m,201
16076,2014,90 bis unter 95 Jahre,f,669
16076,2014,50 bis unter 55 Jahre,m,4819
16076,2014,50 bis unter 55 Jahre,f,4766
16076,2014,20 bis unter 25 Jahre,f,1203
16076,2014,20 bis unter 25 Jahre,m,1539
16076,2014,30 bis unter 35 Jahre,m,2859
16076,2014,30 bis unter 35 Jahre,f,2443
16076,2014,40 bis unter 45 Jahre,m,3054
16076,2014,40 bis unter 45 Jahre,f,2758
16076,2014,60 bis unter 65 Jahre,f,4469
16076,2014,60 bis unter 65 Jahre,m,4499
16076,2014,85 bis unter 90 Jahre,m,673
16076,2014,85 bis unter 90 Jahre,f,1678
16076,2014,5 bis unter 10 Jahre,m,1980
16076,2014,5 bis unter 10 Jahre,f,1754
16076,2014,25 bis unter 30 Jahre,f,2177
16076,2014,25 bis unter 30 Jahre,m,2628
16076,2014,10 bis unter 15 Jahre,f,1873
16076,2014,10 bis unter 15 Jahre,m,1963
16076,2014,95 Jahre und mehr,f,118
16076,2014,95 Jahre und mehr,m,26
16076,2014,45 bis unter 50 Jahre,f,3864
16076,2014,45 bis unter 50 Jahre,m,4103
16076,2014,70 bis unter 75 Jahre,f,3926
16076,2014,70 bis unter 75 Jahre,m,3324
16076,2014,65 bis unter 70 Jahre,m,2653
16076,2014,65 bis unter 70 Jahre,f,2909
16076,2014,unter 5 Jahre,m,1829
16076,2014,unter 5 Jahre,f,1802
16076,2014,80 bis unter 85 Jahre,f,2524
16076,2014,80 bis unter 85 Jahre,m,1556
16077,2014,30 bis unter 35 Jahre,f,2166
16077,2014,30 bis unter 35 Jahre,m,2605
16077,2014,85 bis unter 90 Jahre,f,1617
16077,2014,85 bis unter 90 Jahre,m,652
16077,2014,10 bis unter 15 Jahre,f,1674
16077,2014,10 bis unter 15 Jahre,m,1787
16077,2014,65 bis unter 70 Jahre,f,2786
16077,2014,65 bis unter 70 Jahre,m,2604
16077,2014,5 bis unter 10 Jahre,f,1596
16077,2014,5 bis unter 10 Jahre,m,1593
16077,2014,25 bis unter 30 Jahre,m,2432
16077,2014,25 bis unter 30 Jahre,f,2056
16077,2014,70 bis unter 75 Jahre,f,3901
16077,2014,70 bis unter 75 Jahre,m,3303
16077,2014,45 bis unter 50 Jahre,f,3598
16077,2014,45 bis unter 50 Jahre,m,3732
16077,2014,60 bis unter 65 Jahre,m,3983
16077,2014,60 bis unter 65 Jahre,f,4234
16077,2014,95 Jahre und mehr,f,123
16077,2014,95 Jahre und mehr,m,19
16077,2014,90 bis unter 95 Jahre,m,210
16077,2014,90 bis unter 95 Jahre,f,757
16077,2014,unter 5 Jahre,m,1544
16077,2014,unter 5 Jahre,f,1612
16077,2014,80 bis unter 85 Jahre,m,1402
16077,2014,80 bis unter 85 Jahre,f,2348
16077,2014,55 bis unter 60 Jahre,m,3969
16077,2014,55 bis unter 60 Jahre,f,4000
16077,2014,75 bis unter 80 Jahre,f,3522
16077,2014,75 bis unter 80 Jahre,m,2743
16077,2014,20 bis unter 25 Jahre,f,1237
16077,2014,20 bis unter 25 Jahre,m,1547
16077,2014,15 bis unter 20 Jahre,m,1612
16077,2014,15 bis unter 20 Jahre,f,1438
16077,2014,35 bis unter 40 Jahre,f,2033
16077,2014,35 bis unter 40 Jahre,m,2429
16077,2014,40 bis unter 45 Jahre,f,2599
16077,2014,40 bis unter 45 Jahre,m,3017
16077,2014,50 bis unter 55 Jahre,m,4213
16077,2014,50 bis unter 55 Jahre,f,4012
10041100,2014,45 bis unter 50 Jahre,m,6737
10041100,2014,45 bis unter 50 Jahre,f,6589
10041100,2014,unter 5 Jahre,f,3306
10041100,2014,unter 5 Jahre,m,3543
10041100,2014,20 bis unter 25 Jahre,f,6158
10041100,2014,20 bis unter 25 Jahre,m,6285
10041100,2014,65 bis unter 70 Jahre,m,4281
10041100,2014,65 bis unter 70 Jahre,f,4712
10041100,2014,10 bis unter 15 Jahre,m,3588
10041100,2014,10 bis unter 15 Jahre,f,3337
10041100,2014,15 bis unter 20 Jahre,f,3958
10041100,2014,15 bis unter 20 Jahre,m,4163
10041100,2014,75 bis unter 80 Jahre,f,5142
10041100,2014,75 bis unter 80 Jahre,m,3871
10041100,2014,40 bis unter 45 Jahre,f,5003
10041100,2014,40 bis unter 45 Jahre,m,5168
10041100,2014,85 bis unter 90 Jahre,m,1038
10041100,2014,85 bis unter 90 Jahre,f,2271
10041100,2014,55 bis unter 60 Jahre,f,6451
10041100,2014,55 bis unter 60 Jahre,m,6611
10041100,2014,35 bis unter 40 Jahre,f,4875
10041100,2014,35 bis unter 40 Jahre,m,5043
10041100,2014,60 bis unter 65 Jahre,f,5938
10041100,2014,60 bis unter 65 Jahre,m,5573
10041100,2014,5 bis unter 10 Jahre,m,3433
10041100,2014,5 bis unter 10 Jahre,f,3153
10041100,2014,70 bis unter 75 Jahre,m,4087
10041100,2014,70 bis unter 75 Jahre,f,4917
10041100,2014,30 bis unter 35 Jahre,m,6572
10041100,2014,30 bis unter 35 Jahre,f,5837
10041100,2014,90 bis unter 95 Jahre,m,334
10041100,2014,90 bis unter 95 Jahre,f,1120
10041100,2014,80 bis unter 85 Jahre,f,3159
10041100,2014,80 bis unter 85 Jahre,m,1965
10041100,2014,95 Jahre und mehr,f,229
10041100,2014,95 Jahre und mehr,m,50
10041100,2014,25 bis unter 30 Jahre,f,6777
10041100,2014,25 bis unter 30 Jahre,m,7399
10041100,2014,50 bis unter 55 Jahre,f,7114
10041100,2014,50 bis unter 55 Jahre,m,7139
09371,2014,45 bis unter 50 Jahre,f,4379
09371,2014,45 bis unter 50 Jahre,m,4461
09371,2014,10 bis unter 15 Jahre,f,2499
09371,2014,10 bis unter 15 Jahre,m,2596
09371,2014,65 bis unter 70 Jahre,f,2365
09371,2014,65 bis unter 70 Jahre,m,2384
09371,2014,5 bis unter 10 Jahre,f,2018
09371,2014,5 bis unter 10 Jahre,m,2257
09371,2014,25 bis unter 30 Jahre,f,2746
09371,2014,25 bis unter 30 Jahre,m,3076
09371,2014,30 bis unter 35 Jahre,f,2741
09371,2014,30 bis unter 35 Jahre,m,2781
09371,2014,50 bis unter 55 Jahre,f,4679
09371,2014,50 bis unter 55 Jahre,m,4904
09371,2014,80 bis unter 85 Jahre,m,1269
09371,2014,80 bis unter 85 Jahre,f,1898
09371,2014,90 bis unter 95 Jahre,f,501
09371,2014,90 bis unter 95 Jahre,m,171
09371,2014,40 bis unter 45 Jahre,m,3355
09371,2014,40 bis unter 45 Jahre,f,3272
09371,2014,35 bis unter 40 Jahre,m,2786
09371,2014,35 bis unter 40 Jahre,f,2756
09371,2014,60 bis unter 65 Jahre,m,3509
09371,2014,60 bis unter 65 Jahre,f,3316
09371,2014,15 bis unter 20 Jahre,m,3174
09371,2014,15 bis unter 20 Jahre,f,2965
09371,2014,95 Jahre und mehr,f,83
09371,2014,95 Jahre und mehr,m,20
09371,2014,70 bis unter 75 Jahre,f,2577
09371,2014,70 bis unter 75 Jahre,m,2255
09371,2014,unter 5 Jahre,f,1919
09371,2014,unter 5 Jahre,m,1960
09371,2014,55 bis unter 60 Jahre,f,4023
09371,2014,55 bis unter 60 Jahre,m,4202
09371,2014,75 bis unter 80 Jahre,f,2914
09371,2014,75 bis unter 80 Jahre,m,2291
09371,2014,20 bis unter 25 Jahre,m,3197
09371,2014,20 bis unter 25 Jahre,f,2792
09371,2014,85 bis unter 90 Jahre,m,643
09371,2014,85 bis unter 90 Jahre,f,1311
05774,2014,15 bis unter 20 Jahre,m,9341
05774,2014,15 bis unter 20 Jahre,f,8349
05774,2014,60 bis unter 65 Jahre,f,8826
05774,2014,60 bis unter 65 Jahre,m,8647
05774,2014,40 bis unter 45 Jahre,f,9595
05774,2014,40 bis unter 45 Jahre,m,9548
05774,2014,75 bis unter 80 Jahre,f,7062
05774,2014,75 bis unter 80 Jahre,m,5476
05774,2014,unter 5 Jahre,m,7141
05774,2014,unter 5 Jahre,f,6900
05774,2014,20 bis unter 25 Jahre,m,10815
05774,2014,20 bis unter 25 Jahre,f,10064
05774,2014,35 bis unter 40 Jahre,m,9015
05774,2014,35 bis unter 40 Jahre,f,8914
05774,2014,80 bis unter 85 Jahre,f,4393
05774,2014,80 bis unter 85 Jahre,m,2919
05774,2014,95 Jahre und mehr,m,38
05774,2014,95 Jahre und mehr,f,230
05774,2014,5 bis unter 10 Jahre,f,6832
05774,2014,5 bis unter 10 Jahre,m,7276
05774,2014,85 bis unter 90 Jahre,m,1484
05774,2014,85 bis unter 90 Jahre,f,3215
05774,2014,25 bis unter 30 Jahre,f,10121
05774,2014,25 bis unter 30 Jahre,m,11339
05774,2014,30 bis unter 35 Jahre,m,10220
05774,2014,30 bis unter 35 Jahre,f,9274
05774,2014,50 bis unter 55 Jahre,f,12067
05774,2014,50 bis unter 55 Jahre,m,12290
05774,2014,10 bis unter 15 Jahre,f,7489
05774,2014,10 bis unter 15 Jahre,m,7992
05774,2014,45 bis unter 50 Jahre,f,11741
05774,2014,45 bis unter 50 Jahre,m,12247
05774,2014,65 bis unter 70 Jahre,m,5975
05774,2014,65 bis unter 70 Jahre,f,6205
05774,2014,70 bis unter 75 Jahre,f,6744
05774,2014,70 bis unter 75 Jahre,m,5944
05774,2014,90 bis unter 95 Jahre,m,421
05774,2014,90 bis unter 95 Jahre,f,1355
05774,2014,55 bis unter 60 Jahre,f,10729
05774,2014,55 bis unter 60 Jahre,m,10838
08237,2014,25 bis unter 30 Jahre,m,3338
08237,2014,25 bis unter 30 Jahre,f,3090
08237,2014,70 bis unter 75 Jahre,f,2987
08237,2014,70 bis unter 75 Jahre,m,2617
08237,2014,85 bis unter 90 Jahre,f,1376
08237,2014,85 bis unter 90 Jahre,m,664
08237,2014,90 bis unter 95 Jahre,f,632
08237,2014,90 bis unter 95 Jahre,m,184
08237,2014,45 bis unter 50 Jahre,m,4831
08237,2014,45 bis unter 50 Jahre,f,4809
08237,2014,65 bis unter 70 Jahre,m,2636
08237,2014,65 bis unter 70 Jahre,f,2634
08237,2014,50 bis unter 55 Jahre,m,5114
08237,2014,50 bis unter 55 Jahre,f,5080
08237,2014,10 bis unter 15 Jahre,m,3184
08237,2014,10 bis unter 15 Jahre,f,2944
08237,2014,95 Jahre und mehr,m,25
08237,2014,95 Jahre und mehr,f,132
08237,2014,30 bis unter 35 Jahre,f,3242
08237,2014,30 bis unter 35 Jahre,m,3241
08237,2014,75 bis unter 80 Jahre,f,3283
08237,2014,75 bis unter 80 Jahre,m,2531
08237,2014,unter 5 Jahre,f,2328
08237,2014,unter 5 Jahre,m,2450
08237,2014,55 bis unter 60 Jahre,m,4364
08237,2014,55 bis unter 60 Jahre,f,4297
08237,2014,80 bis unter 85 Jahre,m,1302
08237,2014,80 bis unter 85 Jahre,f,2036
08237,2014,35 bis unter 40 Jahre,m,3147
08237,2014,35 bis unter 40 Jahre,f,3127
08237,2014,60 bis unter 65 Jahre,f,3571
08237,2014,60 bis unter 65 Jahre,m,3620
08237,2014,15 bis unter 20 Jahre,m,3660
08237,2014,15 bis unter 20 Jahre,f,3259
08237,2014,40 bis unter 45 Jahre,f,3682
08237,2014,40 bis unter 45 Jahre,m,3703
08237,2014,20 bis unter 25 Jahre,f,3156
08237,2014,20 bis unter 25 Jahre,m,3630
08237,2014,5 bis unter 10 Jahre,f,2540
08237,2014,5 bis unter 10 Jahre,m,2701
05562,2014,30 bis unter 35 Jahre,f,16350
05562,2014,30 bis unter 35 Jahre,m,16464
05562,2014,85 bis unter 90 Jahre,f,8345
05562,2014,85 bis unter 90 Jahre,m,4207
05562,2014,10 bis unter 15 Jahre,f,13799
05562,2014,10 bis unter 15 Jahre,m,14705
05562,2014,65 bis unter 70 Jahre,f,17004
05562,2014,65 bis unter 70 Jahre,m,15925
05562,2014,45 bis unter 50 Jahre,f,26115
05562,2014,45 bis unter 50 Jahre,m,26163
05562,2014,5 bis unter 10 Jahre,m,12744
05562,2014,5 bis unter 10 Jahre,f,12062
05562,2014,50 bis unter 55 Jahre,f,26629
05562,2014,50 bis unter 55 Jahre,m,26598
05562,2014,25 bis unter 30 Jahre,f,15910
05562,2014,25 bis unter 30 Jahre,m,16900
05562,2014,70 bis unter 75 Jahre,f,17406
05562,2014,70 bis unter 75 Jahre,m,15157
05562,2014,60 bis unter 65 Jahre,m,20290
05562,2014,60 bis unter 65 Jahre,f,22090
05562,2014,80 bis unter 85 Jahre,m,7851
05562,2014,80 bis unter 85 Jahre,f,12182
05562,2014,55 bis unter 60 Jahre,m,23967
05562,2014,55 bis unter 60 Jahre,f,24954
05562,2014,95 Jahre und mehr,m,127
05562,2014,95 Jahre und mehr,f,646
05562,2014,90 bis unter 95 Jahre,f,3635
05562,2014,90 bis unter 95 Jahre,m,1046
05562,2014,35 bis unter 40 Jahre,m,16715
05562,2014,35 bis unter 40 Jahre,f,16847
05562,2014,75 bis unter 80 Jahre,f,17943
05562,2014,75 bis unter 80 Jahre,m,13419
05562,2014,20 bis unter 25 Jahre,f,15745
05562,2014,20 bis unter 25 Jahre,m,17276
05562,2014,unter 5 Jahre,f,11575
05562,2014,unter 5 Jahre,m,12329
05562,2014,15 bis unter 20 Jahre,m,16871
05562,2014,15 bis unter 20 Jahre,f,15703
05562,2014,40 bis unter 45 Jahre,m,19436
05562,2014,40 bis unter 45 Jahre,f,19962
01062,2014,5 bis unter 10 Jahre,m,5614
01062,2014,5 bis unter 10 Jahre,f,5354
01062,2014,50 bis unter 55 Jahre,f,10380
01062,2014,50 bis unter 55 Jahre,m,10482
01062,2014,85 bis unter 90 Jahre,f,2817
01062,2014,85 bis unter 90 Jahre,m,1447
01062,2014,65 bis unter 70 Jahre,f,6518
01062,2014,65 bis unter 70 Jahre,m,6085
01062,2014,90 bis unter 95 Jahre,f,1436
01062,2014,90 bis unter 95 Jahre,m,458
01062,2014,45 bis unter 50 Jahre,m,11075
01062,2014,45 bis unter 50 Jahre,f,11248
01062,2014,70 bis unter 75 Jahre,f,7663
01062,2014,70 bis unter 75 Jahre,m,7004
01062,2014,25 bis unter 30 Jahre,m,5239
01062,2014,25 bis unter 30 Jahre,f,5163
01062,2014,10 bis unter 15 Jahre,m,6073
01062,2014,10 bis unter 15 Jahre,f,5823
01062,2014,30 bis unter 35 Jahre,f,6647
01062,2014,30 bis unter 35 Jahre,m,5969
01062,2014,95 Jahre und mehr,f,317
01062,2014,95 Jahre und mehr,m,65
01062,2014,80 bis unter 85 Jahre,m,2810
01062,2014,80 bis unter 85 Jahre,f,4089
01062,2014,55 bis unter 60 Jahre,m,8044
01062,2014,55 bis unter 60 Jahre,f,8375
01062,2014,unter 5 Jahre,m,5358
01062,2014,unter 5 Jahre,f,5035
01062,2014,75 bis unter 80 Jahre,f,6922
01062,2014,75 bis unter 80 Jahre,m,6002
01062,2014,60 bis unter 65 Jahre,f,7380
01062,2014,60 bis unter 65 Jahre,m,7001
01062,2014,15 bis unter 20 Jahre,m,6558
01062,2014,15 bis unter 20 Jahre,f,6137
01062,2014,40 bis unter 45 Jahre,f,8158
01062,2014,40 bis unter 45 Jahre,m,7718
01062,2014,20 bis unter 25 Jahre,f,4910
01062,2014,20 bis unter 25 Jahre,m,5542
01062,2014,35 bis unter 40 Jahre,m,6694
01062,2014,35 bis unter 40 Jahre,f,7095
03155,2014,65 bis unter 70 Jahre,f,3610
03155,2014,65 bis unter 70 Jahre,m,3781
03155,2014,45 bis unter 50 Jahre,f,5783
03155,2014,45 bis unter 50 Jahre,m,5690
03155,2014,95 Jahre und mehr,m,39
03155,2014,95 Jahre und mehr,f,173
03155,2014,85 bis unter 90 Jahre,f,2111
03155,2014,85 bis unter 90 Jahre,m,1014
03155,2014,5 bis unter 10 Jahre,m,2656
03155,2014,5 bis unter 10 Jahre,f,2582
03155,2014,80 bis unter 85 Jahre,m,1983
03155,2014,80 bis unter 85 Jahre,f,2870
03155,2014,50 bis unter 55 Jahre,f,6052
03155,2014,50 bis unter 55 Jahre,m,6068
03155,2014,10 bis unter 15 Jahre,f,2932
03155,2014,10 bis unter 15 Jahre,m,3191
03155,2014,25 bis unter 30 Jahre,f,3032
03155,2014,25 bis unter 30 Jahre,m,3209
03155,2014,60 bis unter 65 Jahre,m,4766
03155,2014,60 bis unter 65 Jahre,f,4768
03155,2014,70 bis unter 75 Jahre,m,3653
03155,2014,70 bis unter 75 Jahre,f,4162
03155,2014,90 bis unter 95 Jahre,f,1002
03155,2014,90 bis unter 95 Jahre,m,317
03155,2014,35 bis unter 40 Jahre,m,3244
03155,2014,35 bis unter 40 Jahre,f,3344
03155,2014,20 bis unter 25 Jahre,f,2987
03155,2014,20 bis unter 25 Jahre,m,3372
03155,2014,75 bis unter 80 Jahre,f,4503
03155,2014,75 bis unter 80 Jahre,m,3570
03155,2014,55 bis unter 60 Jahre,f,5171
03155,2014,55 bis unter 60 Jahre,m,5528
03155,2014,unter 5 Jahre,f,2408
03155,2014,unter 5 Jahre,m,2476
03155,2014,40 bis unter 45 Jahre,f,4049
03155,2014,40 bis unter 45 Jahre,m,4101
03155,2014,15 bis unter 20 Jahre,f,3578
03155,2014,15 bis unter 20 Jahre,m,3698
03155,2014,30 bis unter 35 Jahre,m,3220
03155,2014,30 bis unter 35 Jahre,f,3212
09177,2014,60 bis unter 65 Jahre,m,3608
09177,2014,60 bis unter 65 Jahre,f,3611
09177,2014,40 bis unter 45 Jahre,m,4895
09177,2014,40 bis unter 45 Jahre,f,4875
09177,2014,20 bis unter 25 Jahre,m,4067
09177,2014,20 bis unter 25 Jahre,f,3646
09177,2014,55 bis unter 60 Jahre,m,4644
09177,2014,55 bis unter 60 Jahre,f,4314
09177,2014,25 bis unter 30 Jahre,f,3807
09177,2014,25 bis unter 30 Jahre,m,4016
09177,2014,80 bis unter 85 Jahre,m,1257
09177,2014,80 bis unter 85 Jahre,f,1721
09177,2014,30 bis unter 35 Jahre,f,4175
09177,2014,30 bis unter 35 Jahre,m,4040
09177,2014,75 bis unter 80 Jahre,f,2599
09177,2014,75 bis unter 80 Jahre,m,2237
09177,2014,85 bis unter 90 Jahre,f,1097
09177,2014,85 bis unter 90 Jahre,m,596
09177,2014,10 bis unter 15 Jahre,f,3576
09177,2014,10 bis unter 15 Jahre,m,3681
09177,2014,unter 5 Jahre,m,3243
09177,2014,unter 5 Jahre,f,2972
09177,2014,5 bis unter 10 Jahre,f,3128
09177,2014,5 bis unter 10 Jahre,m,3335
09177,2014,95 Jahre und mehr,m,20
09177,2014,95 Jahre und mehr,f,85
09177,2014,50 bis unter 55 Jahre,m,6065
09177,2014,50 bis unter 55 Jahre,f,5711
09177,2014,90 bis unter 95 Jahre,m,173
09177,2014,90 bis unter 95 Jahre,f,514
09177,2014,70 bis unter 75 Jahre,m,2574
09177,2014,70 bis unter 75 Jahre,f,2745
09177,2014,65 bis unter 70 Jahre,m,2751
09177,2014,65 bis unter 70 Jahre,f,2944
09177,2014,45 bis unter 50 Jahre,m,6479
09177,2014,45 bis unter 50 Jahre,f,6133
09177,2014,15 bis unter 20 Jahre,f,3827
09177,2014,15 bis unter 20 Jahre,m,3948
09177,2014,35 bis unter 40 Jahre,f,4291
09177,2014,35 bis unter 40 Jahre,m,4439
08326,2014,5 bis unter 10 Jahre,m,4577
08326,2014,5 bis unter 10 Jahre,f,4532
08326,2014,25 bis unter 30 Jahre,m,6711
08326,2014,25 bis unter 30 Jahre,f,5942
08326,2014,85 bis unter 90 Jahre,f,2673
08326,2014,85 bis unter 90 Jahre,m,1395
08326,2014,65 bis unter 70 Jahre,m,4953
08326,2014,65 bis unter 70 Jahre,f,5264
08326,2014,30 bis unter 35 Jahre,f,5892
08326,2014,30 bis unter 35 Jahre,m,6117
08326,2014,70 bis unter 75 Jahre,f,5967
08326,2014,70 bis unter 75 Jahre,m,5179
08326,2014,10 bis unter 15 Jahre,m,4959
08326,2014,10 bis unter 15 Jahre,f,4851
08326,2014,45 bis unter 50 Jahre,f,8106
08326,2014,45 bis unter 50 Jahre,m,8072
08326,2014,90 bis unter 95 Jahre,m,407
08326,2014,90 bis unter 95 Jahre,f,1240
08326,2014,unter 5 Jahre,f,4223
08326,2014,unter 5 Jahre,m,4474
08326,2014,55 bis unter 60 Jahre,m,7679
08326,2014,55 bis unter 60 Jahre,f,7539
08326,2014,80 bis unter 85 Jahre,m,2816
08326,2014,80 bis unter 85 Jahre,f,3910
08326,2014,60 bis unter 65 Jahre,f,6823
08326,2014,60 bis unter 65 Jahre,m,6247
08326,2014,15 bis unter 20 Jahre,m,6026
08326,2014,15 bis unter 20 Jahre,f,5443
08326,2014,75 bis unter 80 Jahre,f,6202
08326,2014,75 bis unter 80 Jahre,m,4876
08326,2014,35 bis unter 40 Jahre,m,5687
08326,2014,35 bis unter 40 Jahre,f,5504
08326,2014,20 bis unter 25 Jahre,f,5651
08326,2014,20 bis unter 25 Jahre,m,6521
08326,2014,40 bis unter 45 Jahre,f,6080
08326,2014,40 bis unter 45 Jahre,m,6118
08326,2014,95 Jahre und mehr,f,208
08326,2014,95 Jahre und mehr,m,60
08326,2014,50 bis unter 55 Jahre,m,8644
08326,2014,50 bis unter 55 Jahre,f,8548
08425,2014,80 bis unter 85 Jahre,m,2013
08425,2014,80 bis unter 85 Jahre,f,3067
08425,2014,40 bis unter 45 Jahre,m,6322
08425,2014,40 bis unter 45 Jahre,f,6225
08425,2014,10 bis unter 15 Jahre,f,5016
08425,2014,10 bis unter 15 Jahre,m,5360
08425,2014,55 bis unter 60 Jahre,m,6904
08425,2014,55 bis unter 60 Jahre,f,6635
08425,2014,25 bis unter 30 Jahre,f,5186
08425,2014,25 bis unter 30 Jahre,m,5943
08425,2014,70 bis unter 75 Jahre,f,4637
08425,2014,70 bis unter 75 Jahre,m,4198
08425,2014,60 bis unter 65 Jahre,f,5670
08425,2014,60 bis unter 65 Jahre,m,5607
08425,2014,15 bis unter 20 Jahre,m,5984
08425,2014,15 bis unter 20 Jahre,f,5682
08425,2014,65 bis unter 70 Jahre,f,4153
08425,2014,65 bis unter 70 Jahre,m,4236
08425,2014,45 bis unter 50 Jahre,m,8147
08425,2014,45 bis unter 50 Jahre,f,7905
08425,2014,90 bis unter 95 Jahre,f,907
08425,2014,90 bis unter 95 Jahre,m,306
08425,2014,35 bis unter 40 Jahre,m,5583
08425,2014,35 bis unter 40 Jahre,f,5459
08425,2014,50 bis unter 55 Jahre,m,8188
08425,2014,50 bis unter 55 Jahre,f,7825
08425,2014,unter 5 Jahre,f,4280
08425,2014,unter 5 Jahre,m,4436
08425,2014,30 bis unter 35 Jahre,m,5745
08425,2014,30 bis unter 35 Jahre,f,5394
08425,2014,75 bis unter 80 Jahre,f,4568
08425,2014,75 bis unter 80 Jahre,m,3883
08425,2014,5 bis unter 10 Jahre,m,4728
08425,2014,5 bis unter 10 Jahre,f,4378
08425,2014,20 bis unter 25 Jahre,f,5096
08425,2014,20 bis unter 25 Jahre,m,6044
08425,2014,85 bis unter 90 Jahre,f,2101
08425,2014,85 bis unter 90 Jahre,m,1102
08425,2014,95 Jahre und mehr,f,163
08425,2014,95 Jahre und mehr,m,53
09271,2014,unter 5 Jahre,m,2469
09271,2014,unter 5 Jahre,f,2275
09271,2014,55 bis unter 60 Jahre,m,4407
09271,2014,55 bis unter 60 Jahre,f,4395
09271,2014,75 bis unter 80 Jahre,m,2353
09271,2014,75 bis unter 80 Jahre,f,2852
09271,2014,20 bis unter 25 Jahre,f,3427
09271,2014,20 bis unter 25 Jahre,m,3855
09271,2014,80 bis unter 85 Jahre,m,1210
09271,2014,80 bis unter 85 Jahre,f,2015
09271,2014,60 bis unter 65 Jahre,f,3812
09271,2014,60 bis unter 65 Jahre,m,3776
09271,2014,15 bis unter 20 Jahre,m,3312
09271,2014,15 bis unter 20 Jahre,f,3084
09271,2014,40 bis unter 45 Jahre,m,3838
09271,2014,40 bis unter 45 Jahre,f,3853
09271,2014,25 bis unter 30 Jahre,f,3225
09271,2014,25 bis unter 30 Jahre,m,3527
09271,2014,30 bis unter 35 Jahre,f,3362
09271,2014,30 bis unter 35 Jahre,m,3544
09271,2014,85 bis unter 90 Jahre,m,604
09271,2014,85 bis unter 90 Jahre,f,1272
09271,2014,5 bis unter 10 Jahre,f,2365
09271,2014,5 bis unter 10 Jahre,m,2389
09271,2014,90 bis unter 95 Jahre,f,542
09271,2014,90 bis unter 95 Jahre,m,165
09271,2014,10 bis unter 15 Jahre,m,2919
09271,2014,10 bis unter 15 Jahre,f,2753
09271,2014,45 bis unter 50 Jahre,m,4959
09271,2014,45 bis unter 50 Jahre,f,4723
09271,2014,65 bis unter 70 Jahre,m,2798
09271,2014,65 bis unter 70 Jahre,f,3011
09271,2014,95 Jahre und mehr,m,27
09271,2014,95 Jahre und mehr,f,88
09271,2014,70 bis unter 75 Jahre,f,2910
09271,2014,70 bis unter 75 Jahre,m,2673
09271,2014,50 bis unter 55 Jahre,m,5118
09271,2014,50 bis unter 55 Jahre,f,5124
09271,2014,35 bis unter 40 Jahre,f,3304
09271,2014,35 bis unter 40 Jahre,m,3364
09778,2014,50 bis unter 55 Jahre,m,6089
09778,2014,50 bis unter 55 Jahre,f,5772
09778,2014,30 bis unter 35 Jahre,m,4003
09778,2014,30 bis unter 35 Jahre,f,3743
09778,2014,85 bis unter 90 Jahre,m,881
09778,2014,85 bis unter 90 Jahre,f,1656
09778,2014,65 bis unter 70 Jahre,m,3410
09778,2014,65 bis unter 70 Jahre,f,3554
09778,2014,70 bis unter 75 Jahre,m,3432
09778,2014,70 bis unter 75 Jahre,f,3843
09778,2014,45 bis unter 50 Jahre,m,6184
09778,2014,45 bis unter 50 Jahre,f,5796
09778,2014,90 bis unter 95 Jahre,f,813
09778,2014,90 bis unter 95 Jahre,m,250
09778,2014,5 bis unter 10 Jahre,m,3169
09778,2014,5 bis unter 10 Jahre,f,2990
09778,2014,unter 5 Jahre,f,2904
09778,2014,unter 5 Jahre,m,3057
09778,2014,55 bis unter 60 Jahre,f,4824
09778,2014,55 bis unter 60 Jahre,m,4883
09778,2014,35 bis unter 40 Jahre,f,3861
09778,2014,35 bis unter 40 Jahre,m,3955
09778,2014,80 bis unter 85 Jahre,f,2313
09778,2014,80 bis unter 85 Jahre,m,1648
09778,2014,25 bis unter 30 Jahre,m,4127
09778,2014,25 bis unter 30 Jahre,f,3626
09778,2014,60 bis unter 65 Jahre,m,4169
09778,2014,60 bis unter 65 Jahre,f,3997
09778,2014,40 bis unter 45 Jahre,m,4704
09778,2014,40 bis unter 45 Jahre,f,4379
09778,2014,75 bis unter 80 Jahre,m,2991
09778,2014,75 bis unter 80 Jahre,f,3675
09778,2014,20 bis unter 25 Jahre,m,4349
09778,2014,20 bis unter 25 Jahre,f,3817
09778,2014,95 Jahre und mehr,m,42
09778,2014,95 Jahre und mehr,f,153
09778,2014,15 bis unter 20 Jahre,m,4435
09778,2014,15 bis unter 20 Jahre,f,4052
09778,2014,10 bis unter 15 Jahre,f,3501
09778,2014,10 bis unter 15 Jahre,m,3665
07333,2014,70 bis unter 75 Jahre,m,1722
07333,2014,70 bis unter 75 Jahre,f,1865
07333,2014,90 bis unter 95 Jahre,m,134
07333,2014,90 bis unter 95 Jahre,f,436
07333,2014,95 Jahre und mehr,m,18
07333,2014,95 Jahre und mehr,f,85
07333,2014,10 bis unter 15 Jahre,m,1964
07333,2014,10 bis unter 15 Jahre,f,1842
07333,2014,25 bis unter 30 Jahre,m,2037
07333,2014,25 bis unter 30 Jahre,f,1791
07333,2014,50 bis unter 55 Jahre,m,3565
07333,2014,50 bis unter 55 Jahre,f,3503
07333,2014,20 bis unter 25 Jahre,f,1830
07333,2014,20 bis unter 25 Jahre,m,2026
07333,2014,35 bis unter 40 Jahre,f,2071
07333,2014,35 bis unter 40 Jahre,m,2010
07333,2014,65 bis unter 70 Jahre,m,1820
07333,2014,65 bis unter 70 Jahre,f,1807
07333,2014,75 bis unter 80 Jahre,f,1940
07333,2014,75 bis unter 80 Jahre,m,1538
07333,2014,45 bis unter 50 Jahre,f,3218
07333,2014,45 bis unter 50 Jahre,m,3179
07333,2014,80 bis unter 85 Jahre,f,1318
07333,2014,80 bis unter 85 Jahre,m,917
07333,2014,unter 5 Jahre,f,1453
07333,2014,unter 5 Jahre,m,1535
07333,2014,55 bis unter 60 Jahre,f,3093
07333,2014,55 bis unter 60 Jahre,m,3151
07333,2014,40 bis unter 45 Jahre,m,2287
07333,2014,40 bis unter 45 Jahre,f,2403
07333,2014,60 bis unter 65 Jahre,m,2837
07333,2014,60 bis unter 65 Jahre,f,2703
07333,2014,85 bis unter 90 Jahre,f,929
07333,2014,85 bis unter 90 Jahre,m,440
07333,2014,5 bis unter 10 Jahre,m,1633
07333,2014,5 bis unter 10 Jahre,f,1656
07333,2014,15 bis unter 20 Jahre,m,2211
07333,2014,15 bis unter 20 Jahre,f,2108
07333,2014,30 bis unter 35 Jahre,f,1954
07333,2014,30 bis unter 35 Jahre,m,1933
09673,2014,50 bis unter 55 Jahre,f,3539
09673,2014,50 bis unter 55 Jahre,m,3694
09673,2014,30 bis unter 35 Jahre,f,2200
09673,2014,30 bis unter 35 Jahre,m,2181
09673,2014,85 bis unter 90 Jahre,f,1042
09673,2014,85 bis unter 90 Jahre,m,516
09673,2014,25 bis unter 30 Jahre,f,2046
09673,2014,25 bis unter 30 Jahre,m,2266
09673,2014,45 bis unter 50 Jahre,m,3312
09673,2014,45 bis unter 50 Jahre,f,3297
09673,2014,10 bis unter 15 Jahre,f,1978
09673,2014,10 bis unter 15 Jahre,m,1993
09673,2014,90 bis unter 95 Jahre,f,457
09673,2014,90 bis unter 95 Jahre,m,153
09673,2014,65 bis unter 70 Jahre,f,1921
09673,2014,65 bis unter 70 Jahre,m,2022
09673,2014,5 bis unter 10 Jahre,m,1746
09673,2014,5 bis unter 10 Jahre,f,1658
09673,2014,70 bis unter 75 Jahre,m,1762
09673,2014,70 bis unter 75 Jahre,f,1927
09673,2014,35 bis unter 40 Jahre,f,2044
09673,2014,35 bis unter 40 Jahre,m,2054
09673,2014,60 bis unter 65 Jahre,m,2793
09673,2014,60 bis unter 65 Jahre,f,2745
09673,2014,40 bis unter 45 Jahre,f,2514
09673,2014,40 bis unter 45 Jahre,m,2421
09673,2014,75 bis unter 80 Jahre,f,2321
09673,2014,75 bis unter 80 Jahre,m,1948
09673,2014,20 bis unter 25 Jahre,f,2178
09673,2014,20 bis unter 25 Jahre,m,2349
09673,2014,80 bis unter 85 Jahre,f,1453
09673,2014,80 bis unter 85 Jahre,m,1011
09673,2014,15 bis unter 20 Jahre,m,2386
09673,2014,15 bis unter 20 Jahre,f,2159
09673,2014,unter 5 Jahre,m,1612
09673,2014,unter 5 Jahre,f,1576
09673,2014,55 bis unter 60 Jahre,f,3088
09673,2014,55 bis unter 60 Jahre,m,3224
09673,2014,95 Jahre und mehr,f,75
09673,2014,95 Jahre und mehr,m,15
06439,2014,30 bis unter 35 Jahre,m,4657
06439,2014,30 bis unter 35 Jahre,f,4766
06439,2014,85 bis unter 90 Jahre,m,1132
06439,2014,85 bis unter 90 Jahre,f,2058
06439,2014,10 bis unter 15 Jahre,m,4508
06439,2014,10 bis unter 15 Jahre,f,4325
06439,2014,65 bis unter 70 Jahre,m,4981
06439,2014,65 bis unter 70 Jahre,f,5211
06439,2014,5 bis unter 10 Jahre,m,4109
06439,2014,5 bis unter 10 Jahre,f,3821
06439,2014,50 bis unter 55 Jahre,f,8182
06439,2014,50 bis unter 55 Jahre,m,8064
06439,2014,70 bis unter 75 Jahre,m,5202
06439,2014,70 bis unter 75 Jahre,f,5616
06439,2014,90 bis unter 95 Jahre,f,1043
06439,2014,90 bis unter 95 Jahre,m,304
06439,2014,45 bis unter 50 Jahre,m,8471
06439,2014,45 bis unter 50 Jahre,f,8451
06439,2014,15 bis unter 20 Jahre,f,4732
06439,2014,15 bis unter 20 Jahre,m,5158
06439,2014,unter 5 Jahre,f,3507
06439,2014,unter 5 Jahre,m,3683
06439,2014,75 bis unter 80 Jahre,f,4996
06439,2014,75 bis unter 80 Jahre,m,4211
06439,2014,95 Jahre und mehr,m,47
06439,2014,95 Jahre und mehr,f,225
06439,2014,20 bis unter 25 Jahre,f,4355
06439,2014,20 bis unter 25 Jahre,m,4919
06439,2014,55 bis unter 60 Jahre,m,6765
06439,2014,55 bis unter 60 Jahre,f,7000
06439,2014,60 bis unter 65 Jahre,m,5736
06439,2014,60 bis unter 65 Jahre,f,6263
06439,2014,35 bis unter 40 Jahre,m,4688
06439,2014,35 bis unter 40 Jahre,f,5240
06439,2014,40 bis unter 45 Jahre,m,5751
06439,2014,40 bis unter 45 Jahre,f,6121
06439,2014,80 bis unter 85 Jahre,f,2988
06439,2014,80 bis unter 85 Jahre,m,2246
06439,2014,25 bis unter 30 Jahre,f,4098
06439,2014,25 bis unter 30 Jahre,m,4487
09565,2014,25 bis unter 30 Jahre,m,1140
09565,2014,25 bis unter 30 Jahre,f,1180
09565,2014,70 bis unter 75 Jahre,f,1239
09565,2014,70 bis unter 75 Jahre,m,1097
09565,2014,50 bis unter 55 Jahre,f,1700
09565,2014,50 bis unter 55 Jahre,m,1725
09565,2014,10 bis unter 15 Jahre,m,985
09565,2014,10 bis unter 15 Jahre,f,922
09565,2014,5 bis unter 10 Jahre,m,905
09565,2014,5 bis unter 10 Jahre,f,850
09565,2014,30 bis unter 35 Jahre,f,1122
09565,2014,30 bis unter 35 Jahre,m,1174
09565,2014,85 bis unter 90 Jahre,m,218
09565,2014,85 bis unter 90 Jahre,f,486
09565,2014,65 bis unter 70 Jahre,f,1123
09565,2014,65 bis unter 70 Jahre,m,1004
09565,2014,45 bis unter 50 Jahre,m,1786
09565,2014,45 bis unter 50 Jahre,f,1825
09565,2014,90 bis unter 95 Jahre,f,263
09565,2014,90 bis unter 95 Jahre,m,63
09565,2014,60 bis unter 65 Jahre,m,1045
09565,2014,60 bis unter 65 Jahre,f,1263
09565,2014,40 bis unter 45 Jahre,m,1285
09565,2014,40 bis unter 45 Jahre,f,1309
09565,2014,35 bis unter 40 Jahre,f,1200
09565,2014,35 bis unter 40 Jahre,m,1121
09565,2014,80 bis unter 85 Jahre,f,691
09565,2014,80 bis unter 85 Jahre,m,446
09565,2014,unter 5 Jahre,m,918
09565,2014,unter 5 Jahre,f,815
09565,2014,15 bis unter 20 Jahre,m,1139
09565,2014,15 bis unter 20 Jahre,f,1010
09565,2014,55 bis unter 60 Jahre,m,1397
09565,2014,55 bis unter 60 Jahre,f,1321
09565,2014,95 Jahre und mehr,m,8
09565,2014,95 Jahre und mehr,f,63
09565,2014,75 bis unter 80 Jahre,f,1105
09565,2014,75 bis unter 80 Jahre,m,861
09565,2014,20 bis unter 25 Jahre,m,1074
09565,2014,20 bis unter 25 Jahre,f,1063
08212,2014,55 bis unter 60 Jahre,m,9020
08212,2014,55 bis unter 60 Jahre,f,9104
08212,2014,unter 5 Jahre,m,6696
08212,2014,unter 5 Jahre,f,6046
08212,2014,20 bis unter 25 Jahre,m,14353
08212,2014,20 bis unter 25 Jahre,f,11219
08212,2014,75 bis unter 80 Jahre,m,5647
08212,2014,75 bis unter 80 Jahre,f,7486
08212,2014,40 bis unter 45 Jahre,m,10014
08212,2014,40 bis unter 45 Jahre,f,9315
08212,2014,80 bis unter 85 Jahre,f,4789
08212,2014,80 bis unter 85 Jahre,m,3185
08212,2014,60 bis unter 65 Jahre,m,7497
08212,2014,60 bis unter 65 Jahre,f,8314
08212,2014,35 bis unter 40 Jahre,m,9782
08212,2014,35 bis unter 40 Jahre,f,9217
08212,2014,95 Jahre und mehr,m,74
08212,2014,95 Jahre und mehr,f,396
08212,2014,25 bis unter 30 Jahre,f,12356
08212,2014,25 bis unter 30 Jahre,m,15040
08212,2014,45 bis unter 50 Jahre,f,11078
08212,2014,45 bis unter 50 Jahre,m,11846
08212,2014,15 bis unter 20 Jahre,m,7099
08212,2014,15 bis unter 20 Jahre,f,6348
08212,2014,70 bis unter 75 Jahre,f,7681
08212,2014,70 bis unter 75 Jahre,m,6452
08212,2014,50 bis unter 55 Jahre,m,11213
08212,2014,50 bis unter 55 Jahre,f,10861
08212,2014,65 bis unter 70 Jahre,m,6138
08212,2014,65 bis unter 70 Jahre,f,6885
08212,2014,10 bis unter 15 Jahre,m,5999
08212,2014,10 bis unter 15 Jahre,f,5552
08212,2014,85 bis unter 90 Jahre,m,1700
08212,2014,85 bis unter 90 Jahre,f,3548
08212,2014,5 bis unter 10 Jahre,m,6037
08212,2014,5 bis unter 10 Jahre,f,5842
08212,2014,30 bis unter 35 Jahre,m,12506
08212,2014,30 bis unter 35 Jahre,f,11313
08212,2014,90 bis unter 95 Jahre,f,1820
08212,2014,90 bis unter 95 Jahre,m,583
09186,2014,10 bis unter 15 Jahre,f,3008
09186,2014,10 bis unter 15 Jahre,m,3115
09186,2014,45 bis unter 50 Jahre,f,5163
09186,2014,45 bis unter 50 Jahre,m,5618
09186,2014,65 bis unter 70 Jahre,f,2757
09186,2014,65 bis unter 70 Jahre,m,2640
09186,2014,85 bis unter 90 Jahre,f,1096
09186,2014,85 bis unter 90 Jahre,m,620
09186,2014,25 bis unter 30 Jahre,m,4030
09186,2014,25 bis unter 30 Jahre,f,3497
09186,2014,5 bis unter 10 Jahre,f,2680
09186,2014,5 bis unter 10 Jahre,m,2888
09186,2014,70 bis unter 75 Jahre,f,2808
09186,2014,70 bis unter 75 Jahre,m,2663
09186,2014,30 bis unter 35 Jahre,f,3902
09186,2014,30 bis unter 35 Jahre,m,4144
09186,2014,60 bis unter 65 Jahre,m,3544
09186,2014,60 bis unter 65 Jahre,f,3537
09186,2014,40 bis unter 45 Jahre,m,4181
09186,2014,40 bis unter 45 Jahre,f,3992
09186,2014,50 bis unter 55 Jahre,m,5556
09186,2014,50 bis unter 55 Jahre,f,5199
09186,2014,20 bis unter 25 Jahre,m,3836
09186,2014,20 bis unter 25 Jahre,f,3299
09186,2014,15 bis unter 20 Jahre,m,3543
09186,2014,15 bis unter 20 Jahre,f,3283
09186,2014,55 bis unter 60 Jahre,f,4343
09186,2014,55 bis unter 60 Jahre,m,4502
09186,2014,unter 5 Jahre,f,2802
09186,2014,unter 5 Jahre,m,2939
09186,2014,35 bis unter 40 Jahre,f,3696
09186,2014,35 bis unter 40 Jahre,m,4067
09186,2014,80 bis unter 85 Jahre,f,1751
09186,2014,80 bis unter 85 Jahre,m,1174
09186,2014,75 bis unter 80 Jahre,m,2304
09186,2014,75 bis unter 80 Jahre,f,2675
09186,2014,90 bis unter 95 Jahre,f,484
09186,2014,90 bis unter 95 Jahre,m,147
09186,2014,95 Jahre und mehr,m,20
09186,2014,95 Jahre und mehr,f,91
03462,2014,30 bis unter 35 Jahre,f,1390
03462,2014,30 bis unter 35 Jahre,m,1298
03462,2014,65 bis unter 70 Jahre,f,1767
03462,2014,65 bis unter 70 Jahre,m,1810
03462,2014,85 bis unter 90 Jahre,f,711
03462,2014,85 bis unter 90 Jahre,m,342
03462,2014,95 Jahre und mehr,m,17
03462,2014,95 Jahre und mehr,f,78
03462,2014,10 bis unter 15 Jahre,f,1478
03462,2014,10 bis unter 15 Jahre,m,1478
03462,2014,5 bis unter 10 Jahre,f,1199
03462,2014,5 bis unter 10 Jahre,m,1271
03462,2014,45 bis unter 50 Jahre,f,2309
03462,2014,45 bis unter 50 Jahre,m,2334
03462,2014,25 bis unter 30 Jahre,m,1382
03462,2014,25 bis unter 30 Jahre,f,1344
03462,2014,70 bis unter 75 Jahre,f,1599
03462,2014,70 bis unter 75 Jahre,m,1597
03462,2014,60 bis unter 65 Jahre,m,1931
03462,2014,60 bis unter 65 Jahre,f,2029
03462,2014,90 bis unter 95 Jahre,m,98
03462,2014,90 bis unter 95 Jahre,f,321
03462,2014,55 bis unter 60 Jahre,m,1970
03462,2014,55 bis unter 60 Jahre,f,2240
03462,2014,unter 5 Jahre,f,1035
03462,2014,unter 5 Jahre,m,1130
03462,2014,80 bis unter 85 Jahre,m,677
03462,2014,80 bis unter 85 Jahre,f,1034
03462,2014,75 bis unter 80 Jahre,f,1625
03462,2014,75 bis unter 80 Jahre,m,1365
03462,2014,40 bis unter 45 Jahre,f,1800
03462,2014,40 bis unter 45 Jahre,m,1846
03462,2014,20 bis unter 25 Jahre,f,1400
03462,2014,20 bis unter 25 Jahre,m,1613
03462,2014,15 bis unter 20 Jahre,m,1718
03462,2014,15 bis unter 20 Jahre,f,1742
03462,2014,35 bis unter 40 Jahre,f,1414
03462,2014,35 bis unter 40 Jahre,m,1381
03462,2014,50 bis unter 55 Jahre,m,2366
03462,2014,50 bis unter 55 Jahre,f,2400
06432,2014,65 bis unter 70 Jahre,m,7373
06432,2014,65 bis unter 70 Jahre,f,7754
06432,2014,10 bis unter 15 Jahre,m,7157
06432,2014,10 bis unter 15 Jahre,f,6846
06432,2014,85 bis unter 90 Jahre,m,1600
06432,2014,85 bis unter 90 Jahre,f,2884
06432,2014,30 bis unter 35 Jahre,m,8091
06432,2014,30 bis unter 35 Jahre,f,8216
06432,2014,90 bis unter 95 Jahre,m,451
06432,2014,90 bis unter 95 Jahre,f,1344
06432,2014,25 bis unter 30 Jahre,m,8248
06432,2014,25 bis unter 30 Jahre,f,7630
06432,2014,70 bis unter 75 Jahre,f,7886
06432,2014,70 bis unter 75 Jahre,m,7375
06432,2014,50 bis unter 55 Jahre,m,12823
06432,2014,50 bis unter 55 Jahre,f,12675
06432,2014,95 Jahre und mehr,m,58
06432,2014,95 Jahre und mehr,f,233
06432,2014,35 bis unter 40 Jahre,f,8635
06432,2014,35 bis unter 40 Jahre,m,8352
06432,2014,5 bis unter 10 Jahre,f,6226
06432,2014,5 bis unter 10 Jahre,m,6527
06432,2014,15 bis unter 20 Jahre,f,7580
06432,2014,15 bis unter 20 Jahre,m,8131
06432,2014,40 bis unter 45 Jahre,f,9624
06432,2014,40 bis unter 45 Jahre,m,9369
06432,2014,20 bis unter 25 Jahre,m,8378
06432,2014,20 bis unter 25 Jahre,f,7427
06432,2014,75 bis unter 80 Jahre,m,6126
06432,2014,75 bis unter 80 Jahre,f,7167
06432,2014,80 bis unter 85 Jahre,f,4312
06432,2014,80 bis unter 85 Jahre,m,3172
06432,2014,60 bis unter 65 Jahre,m,8927
06432,2014,60 bis unter 65 Jahre,f,9534
06432,2014,55 bis unter 60 Jahre,m,10536
06432,2014,55 bis unter 60 Jahre,f,10615
06432,2014,unter 5 Jahre,m,6525
06432,2014,unter 5 Jahre,f,6026
06432,2014,45 bis unter 50 Jahre,f,13004
06432,2014,45 bis unter 50 Jahre,m,13129
03457,2014,70 bis unter 75 Jahre,f,4561
03457,2014,70 bis unter 75 Jahre,m,4260
03457,2014,25 bis unter 30 Jahre,m,4954
03457,2014,25 bis unter 30 Jahre,f,4370
03457,2014,90 bis unter 95 Jahre,f,733
03457,2014,90 bis unter 95 Jahre,m,199
03457,2014,10 bis unter 15 Jahre,m,4560
03457,2014,10 bis unter 15 Jahre,f,4443
03457,2014,30 bis unter 35 Jahre,f,4392
03457,2014,30 bis unter 35 Jahre,m,4811
03457,2014,5 bis unter 10 Jahre,m,3817
03457,2014,5 bis unter 10 Jahre,f,3740
03457,2014,95 Jahre und mehr,f,133
03457,2014,95 Jahre und mehr,m,26
03457,2014,50 bis unter 55 Jahre,f,6890
03457,2014,50 bis unter 55 Jahre,m,6944
03457,2014,85 bis unter 90 Jahre,f,1786
03457,2014,85 bis unter 90 Jahre,m,886
03457,2014,65 bis unter 70 Jahre,m,4391
03457,2014,65 bis unter 70 Jahre,f,4496
03457,2014,60 bis unter 65 Jahre,m,5232
03457,2014,60 bis unter 65 Jahre,f,5302
03457,2014,45 bis unter 50 Jahre,f,6982
03457,2014,45 bis unter 50 Jahre,m,7229
03457,2014,80 bis unter 85 Jahre,m,1834
03457,2014,80 bis unter 85 Jahre,f,2789
03457,2014,55 bis unter 60 Jahre,f,5875
03457,2014,55 bis unter 60 Jahre,m,5692
03457,2014,unter 5 Jahre,f,3441
03457,2014,unter 5 Jahre,m,3576
03457,2014,15 bis unter 20 Jahre,m,5176
03457,2014,15 bis unter 20 Jahre,f,4934
03457,2014,35 bis unter 40 Jahre,m,4552
03457,2014,35 bis unter 40 Jahre,f,4291
03457,2014,75 bis unter 80 Jahre,m,3573
03457,2014,75 bis unter 80 Jahre,f,4345
03457,2014,40 bis unter 45 Jahre,m,5578
03457,2014,40 bis unter 45 Jahre,f,5611
03457,2014,20 bis unter 25 Jahre,f,4468
03457,2014,20 bis unter 25 Jahre,m,4937
07316,2014,35 bis unter 40 Jahre,f,1305
07316,2014,35 bis unter 40 Jahre,m,1298
07316,2014,unter 5 Jahre,f,1070
07316,2014,unter 5 Jahre,m,1102
07316,2014,60 bis unter 65 Jahre,f,1862
07316,2014,60 bis unter 65 Jahre,m,1655
07316,2014,90 bis unter 95 Jahre,m,136
07316,2014,90 bis unter 95 Jahre,f,407
07316,2014,15 bis unter 20 Jahre,m,1331
07316,2014,15 bis unter 20 Jahre,f,1309
07316,2014,75 bis unter 80 Jahre,f,1640
07316,2014,75 bis unter 80 Jahre,m,1291
07316,2014,20 bis unter 25 Jahre,f,1356
07316,2014,20 bis unter 25 Jahre,m,1425
07316,2014,50 bis unter 55 Jahre,m,2303
07316,2014,50 bis unter 55 Jahre,f,2369
07316,2014,95 Jahre und mehr,m,15
07316,2014,95 Jahre und mehr,f,76
07316,2014,65 bis unter 70 Jahre,m,1295
07316,2014,65 bis unter 70 Jahre,f,1411
07316,2014,80 bis unter 85 Jahre,f,1012
07316,2014,80 bis unter 85 Jahre,m,718
07316,2014,55 bis unter 60 Jahre,m,2101
07316,2014,55 bis unter 60 Jahre,f,2088
07316,2014,45 bis unter 50 Jahre,m,2096
07316,2014,45 bis unter 50 Jahre,f,2179
07316,2014,70 bis unter 75 Jahre,m,1343
07316,2014,70 bis unter 75 Jahre,f,1692
07316,2014,10 bis unter 15 Jahre,f,1118
07316,2014,10 bis unter 15 Jahre,m,1172
07316,2014,5 bis unter 10 Jahre,f,1033
07316,2014,5 bis unter 10 Jahre,m,1114
07316,2014,30 bis unter 35 Jahre,f,1386
07316,2014,30 bis unter 35 Jahre,m,1480
07316,2014,25 bis unter 30 Jahre,f,1444
07316,2014,25 bis unter 30 Jahre,m,1627
07316,2014,85 bis unter 90 Jahre,f,857
07316,2014,85 bis unter 90 Jahre,m,421
07316,2014,40 bis unter 45 Jahre,m,1518
07316,2014,40 bis unter 45 Jahre,f,1509
09182,2014,20 bis unter 25 Jahre,m,2774
09182,2014,20 bis unter 25 Jahre,f,2516
09182,2014,55 bis unter 60 Jahre,m,3247
09182,2014,55 bis unter 60 Jahre,f,3363
09182,2014,75 bis unter 80 Jahre,m,2261
09182,2014,75 bis unter 80 Jahre,f,2721
09182,2014,80 bis unter 85 Jahre,m,1161
09182,2014,80 bis unter 85 Jahre,f,1609
09182,2014,40 bis unter 45 Jahre,m,3136
09182,2014,40 bis unter 45 Jahre,f,3235
09182,2014,unter 5 Jahre,m,2106
09182,2014,unter 5 Jahre,f,2002
09182,2014,15 bis unter 20 Jahre,m,2717
09182,2014,15 bis unter 20 Jahre,f,2347
09182,2014,60 bis unter 65 Jahre,f,2859
09182,2014,60 bis unter 65 Jahre,m,2550
09182,2014,25 bis unter 30 Jahre,f,2550
09182,2014,25 bis unter 30 Jahre,m,2674
09182,2014,95 Jahre und mehr,m,39
09182,2014,95 Jahre und mehr,f,123
09182,2014,30 bis unter 35 Jahre,f,2707
09182,2014,30 bis unter 35 Jahre,m,2647
09182,2014,5 bis unter 10 Jahre,f,2118
09182,2014,5 bis unter 10 Jahre,m,2269
09182,2014,85 bis unter 90 Jahre,m,596
09182,2014,85 bis unter 90 Jahre,f,1067
09182,2014,65 bis unter 70 Jahre,m,2453
09182,2014,65 bis unter 70 Jahre,f,2898
09182,2014,90 bis unter 95 Jahre,f,610
09182,2014,90 bis unter 95 Jahre,m,182
09182,2014,45 bis unter 50 Jahre,m,4344
09182,2014,45 bis unter 50 Jahre,f,4394
09182,2014,50 bis unter 55 Jahre,m,4105
09182,2014,50 bis unter 55 Jahre,f,4250
09182,2014,10 bis unter 15 Jahre,m,2398
09182,2014,10 bis unter 15 Jahre,f,2258
09182,2014,70 bis unter 75 Jahre,f,3270
09182,2014,70 bis unter 75 Jahre,m,2748
09182,2014,35 bis unter 40 Jahre,f,2837
09182,2014,35 bis unter 40 Jahre,m,2632
09762,2014,30 bis unter 35 Jahre,f,1205
09762,2014,30 bis unter 35 Jahre,m,1331
09762,2014,85 bis unter 90 Jahre,f,616
09762,2014,85 bis unter 90 Jahre,m,320
09762,2014,10 bis unter 15 Jahre,f,951
09762,2014,10 bis unter 15 Jahre,m,993
09762,2014,90 bis unter 95 Jahre,f,360
09762,2014,90 bis unter 95 Jahre,m,92
09762,2014,45 bis unter 50 Jahre,m,1634
09762,2014,45 bis unter 50 Jahre,f,1627
09762,2014,25 bis unter 30 Jahre,f,1222
09762,2014,25 bis unter 30 Jahre,m,1368
09762,2014,5 bis unter 10 Jahre,m,899
09762,2014,5 bis unter 10 Jahre,f,919
09762,2014,50 bis unter 55 Jahre,f,1796
09762,2014,50 bis unter 55 Jahre,m,1759
09762,2014,80 bis unter 85 Jahre,m,526
09762,2014,80 bis unter 85 Jahre,f,832
09762,2014,65 bis unter 70 Jahre,f,1164
09762,2014,65 bis unter 70 Jahre,m,1009
09762,2014,60 bis unter 65 Jahre,m,1268
09762,2014,60 bis unter 65 Jahre,f,1311
09762,2014,70 bis unter 75 Jahre,m,1128
09762,2014,70 bis unter 75 Jahre,f,1308
09762,2014,95 Jahre und mehr,m,17
09762,2014,95 Jahre und mehr,f,59
09762,2014,40 bis unter 45 Jahre,m,1224
09762,2014,40 bis unter 45 Jahre,f,1265
09762,2014,35 bis unter 40 Jahre,m,1202
09762,2014,35 bis unter 40 Jahre,f,1141
09762,2014,75 bis unter 80 Jahre,f,1203
09762,2014,75 bis unter 80 Jahre,m,936
09762,2014,20 bis unter 25 Jahre,f,1170
09762,2014,20 bis unter 25 Jahre,m,1209
09762,2014,15 bis unter 20 Jahre,m,1164
09762,2014,15 bis unter 20 Jahre,f,978
09762,2014,55 bis unter 60 Jahre,f,1548
09762,2014,55 bis unter 60 Jahre,m,1488
09762,2014,unter 5 Jahre,f,890
09762,2014,unter 5 Jahre,m,882
05113,2014,15 bis unter 20 Jahre,f,12986
05113,2014,15 bis unter 20 Jahre,m,13728
05113,2014,unter 5 Jahre,f,11773
05113,2014,unter 5 Jahre,m,12292
05113,2014,90 bis unter 95 Jahre,m,996
05113,2014,90 bis unter 95 Jahre,f,3695
05113,2014,55 bis unter 60 Jahre,f,20670
05113,2014,55 bis unter 60 Jahre,m,19707
05113,2014,70 bis unter 75 Jahre,m,13921
05113,2014,70 bis unter 75 Jahre,f,16708
05113,2014,35 bis unter 40 Jahre,f,16818
05113,2014,35 bis unter 40 Jahre,m,16975
05113,2014,20 bis unter 25 Jahre,f,18318
05113,2014,20 bis unter 25 Jahre,m,17703
05113,2014,85 bis unter 90 Jahre,m,3706
05113,2014,85 bis unter 90 Jahre,f,8113
05113,2014,45 bis unter 50 Jahre,m,23184
05113,2014,45 bis unter 50 Jahre,f,22324
05113,2014,10 bis unter 15 Jahre,m,12295
05113,2014,10 bis unter 15 Jahre,f,11740
05113,2014,80 bis unter 85 Jahre,f,11339
05113,2014,80 bis unter 85 Jahre,m,7027
05113,2014,65 bis unter 70 Jahre,m,13540
05113,2014,65 bis unter 70 Jahre,f,15602
05113,2014,75 bis unter 80 Jahre,f,17282
05113,2014,75 bis unter 80 Jahre,m,12498
05113,2014,5 bis unter 10 Jahre,f,11511
05113,2014,5 bis unter 10 Jahre,m,12191
05113,2014,60 bis unter 65 Jahre,m,16977
05113,2014,60 bis unter 65 Jahre,f,18502
05113,2014,30 bis unter 35 Jahre,f,18692
05113,2014,30 bis unter 35 Jahre,m,19095
05113,2014,95 Jahre und mehr,m,151
05113,2014,95 Jahre und mehr,f,748
05113,2014,25 bis unter 30 Jahre,m,19825
05113,2014,25 bis unter 30 Jahre,f,20238
05113,2014,50 bis unter 55 Jahre,m,22577
05113,2014,50 bis unter 55 Jahre,f,22468
05113,2014,40 bis unter 45 Jahre,f,17795
05113,2014,40 bis unter 45 Jahre,m,18074
06414,2014,60 bis unter 65 Jahre,m,6979
06414,2014,60 bis unter 65 Jahre,f,8077
06414,2014,75 bis unter 80 Jahre,m,5308
06414,2014,75 bis unter 80 Jahre,f,6910
06414,2014,80 bis unter 85 Jahre,m,2935
06414,2014,80 bis unter 85 Jahre,f,4301
06414,2014,unter 5 Jahre,m,7096
06414,2014,unter 5 Jahre,f,6803
06414,2014,55 bis unter 60 Jahre,m,8527
06414,2014,55 bis unter 60 Jahre,f,9048
06414,2014,25 bis unter 30 Jahre,f,9752
06414,2014,25 bis unter 30 Jahre,m,8664
06414,2014,10 bis unter 15 Jahre,f,6142
06414,2014,10 bis unter 15 Jahre,m,6520
06414,2014,40 bis unter 45 Jahre,m,9214
06414,2014,40 bis unter 45 Jahre,f,9589
06414,2014,15 bis unter 20 Jahre,m,6830
06414,2014,15 bis unter 20 Jahre,f,6403
06414,2014,45 bis unter 50 Jahre,f,11213
06414,2014,45 bis unter 50 Jahre,m,11318
06414,2014,65 bis unter 70 Jahre,f,7058
06414,2014,65 bis unter 70 Jahre,m,6149
06414,2014,70 bis unter 75 Jahre,f,7801
06414,2014,70 bis unter 75 Jahre,m,6553
06414,2014,90 bis unter 95 Jahre,f,1762
06414,2014,90 bis unter 95 Jahre,m,550
06414,2014,35 bis unter 40 Jahre,m,8954
06414,2014,35 bis unter 40 Jahre,f,9644
06414,2014,50 bis unter 55 Jahre,m,10491
06414,2014,50 bis unter 55 Jahre,f,10687
06414,2014,30 bis unter 35 Jahre,m,9210
06414,2014,30 bis unter 35 Jahre,f,10693
06414,2014,95 Jahre und mehr,f,390
06414,2014,95 Jahre und mehr,m,73
06414,2014,20 bis unter 25 Jahre,f,7946
06414,2014,20 bis unter 25 Jahre,m,7456
06414,2014,85 bis unter 90 Jahre,f,3200
06414,2014,85 bis unter 90 Jahre,m,1713
06414,2014,5 bis unter 10 Jahre,m,6784
06414,2014,5 bis unter 10 Jahre,f,6373
04012,2014,55 bis unter 60 Jahre,m,3879
04012,2014,55 bis unter 60 Jahre,f,4082
04012,2014,unter 5 Jahre,m,2479
04012,2014,unter 5 Jahre,f,2390
04012,2014,35 bis unter 40 Jahre,m,3289
04012,2014,35 bis unter 40 Jahre,f,2833
04012,2014,75 bis unter 80 Jahre,m,2499
04012,2014,75 bis unter 80 Jahre,f,3276
04012,2014,20 bis unter 25 Jahre,f,3197
04012,2014,20 bis unter 25 Jahre,m,3567
04012,2014,40 bis unter 45 Jahre,m,3482
04012,2014,40 bis unter 45 Jahre,f,3157
04012,2014,15 bis unter 20 Jahre,m,2820
04012,2014,15 bis unter 20 Jahre,f,2818
04012,2014,60 bis unter 65 Jahre,f,3787
04012,2014,60 bis unter 65 Jahre,m,3387
04012,2014,65 bis unter 70 Jahre,f,3166
04012,2014,65 bis unter 70 Jahre,m,2846
04012,2014,45 bis unter 50 Jahre,f,3918
04012,2014,45 bis unter 50 Jahre,m,4274
04012,2014,80 bis unter 85 Jahre,m,1216
04012,2014,80 bis unter 85 Jahre,f,2129
04012,2014,70 bis unter 75 Jahre,m,2963
04012,2014,70 bis unter 75 Jahre,f,3297
04012,2014,10 bis unter 15 Jahre,m,2512
04012,2014,10 bis unter 15 Jahre,f,2478
04012,2014,90 bis unter 95 Jahre,f,604
04012,2014,90 bis unter 95 Jahre,m,208
04012,2014,25 bis unter 30 Jahre,m,3931
04012,2014,25 bis unter 30 Jahre,f,3289
04012,2014,30 bis unter 35 Jahre,m,3579
04012,2014,30 bis unter 35 Jahre,f,3050
04012,2014,50 bis unter 55 Jahre,f,4367
04012,2014,50 bis unter 55 Jahre,m,4301
04012,2014,5 bis unter 10 Jahre,m,2521
04012,2014,5 bis unter 10 Jahre,f,2373
04012,2014,85 bis unter 90 Jahre,f,1382
04012,2014,85 bis unter 90 Jahre,m,643
04012,2014,95 Jahre und mehr,m,23
04012,2014,95 Jahre und mehr,f,109
09771,2014,85 bis unter 90 Jahre,m,678
09771,2014,85 bis unter 90 Jahre,f,1269
09771,2014,30 bis unter 35 Jahre,m,3793
09771,2014,30 bis unter 35 Jahre,f,3711
09771,2014,50 bis unter 55 Jahre,m,5808
09771,2014,50 bis unter 55 Jahre,f,5624
09771,2014,70 bis unter 75 Jahre,m,3198
09771,2014,70 bis unter 75 Jahre,f,3387
09771,2014,65 bis unter 70 Jahre,m,3015
09771,2014,65 bis unter 70 Jahre,f,3179
09771,2014,90 bis unter 95 Jahre,m,180
09771,2014,90 bis unter 95 Jahre,f,504
09771,2014,25 bis unter 30 Jahre,m,3737
09771,2014,25 bis unter 30 Jahre,f,3469
09771,2014,10 bis unter 15 Jahre,m,3430
09771,2014,10 bis unter 15 Jahre,f,3365
09771,2014,55 bis unter 60 Jahre,f,4598
09771,2014,55 bis unter 60 Jahre,m,4638
09771,2014,unter 5 Jahre,f,2909
09771,2014,unter 5 Jahre,m,2985
09771,2014,75 bis unter 80 Jahre,f,3147
09771,2014,75 bis unter 80 Jahre,m,2661
09771,2014,20 bis unter 25 Jahre,f,3427
09771,2014,20 bis unter 25 Jahre,m,3829
09771,2014,45 bis unter 50 Jahre,m,6042
09771,2014,45 bis unter 50 Jahre,f,5828
09771,2014,80 bis unter 85 Jahre,m,1352
09771,2014,80 bis unter 85 Jahre,f,1942
09771,2014,40 bis unter 45 Jahre,m,4332
09771,2014,40 bis unter 45 Jahre,f,4299
09771,2014,60 bis unter 65 Jahre,m,3775
09771,2014,60 bis unter 65 Jahre,f,3848
09771,2014,95 Jahre und mehr,f,127
09771,2014,95 Jahre und mehr,m,21
09771,2014,5 bis unter 10 Jahre,f,2882
09771,2014,5 bis unter 10 Jahre,m,3061
09771,2014,35 bis unter 40 Jahre,m,3787
09771,2014,35 bis unter 40 Jahre,f,3802
09771,2014,15 bis unter 20 Jahre,m,3911
09771,2014,15 bis unter 20 Jahre,f,3744
09161,2014,40 bis unter 45 Jahre,f,4216
09161,2014,40 bis unter 45 Jahre,m,4541
09161,2014,60 bis unter 65 Jahre,f,3713
09161,2014,60 bis unter 65 Jahre,m,3447
09161,2014,55 bis unter 60 Jahre,f,4255
09161,2014,55 bis unter 60 Jahre,m,4224
09161,2014,15 bis unter 20 Jahre,m,3236
09161,2014,15 bis unter 20 Jahre,f,2991
09161,2014,75 bis unter 80 Jahre,f,3228
09161,2014,75 bis unter 80 Jahre,m,2572
09161,2014,80 bis unter 85 Jahre,f,2077
09161,2014,80 bis unter 85 Jahre,m,1407
09161,2014,35 bis unter 40 Jahre,m,4802
09161,2014,35 bis unter 40 Jahre,f,4267
09161,2014,20 bis unter 25 Jahre,m,4135
09161,2014,20 bis unter 25 Jahre,f,3742
09161,2014,unter 5 Jahre,f,3050
09161,2014,unter 5 Jahre,m,3270
09161,2014,90 bis unter 95 Jahre,m,199
09161,2014,90 bis unter 95 Jahre,f,649
09161,2014,85 bis unter 90 Jahre,m,762
09161,2014,85 bis unter 90 Jahre,f,1412
09161,2014,95 Jahre und mehr,f,106
09161,2014,95 Jahre und mehr,m,32
09161,2014,5 bis unter 10 Jahre,f,2757
09161,2014,5 bis unter 10 Jahre,m,2974
09161,2014,65 bis unter 70 Jahre,m,2753
09161,2014,65 bis unter 70 Jahre,f,3027
09161,2014,10 bis unter 15 Jahre,m,3016
09161,2014,10 bis unter 15 Jahre,f,2799
09161,2014,50 bis unter 55 Jahre,f,4665
09161,2014,50 bis unter 55 Jahre,m,4973
09161,2014,30 bis unter 35 Jahre,f,4970
09161,2014,30 bis unter 35 Jahre,m,5619
09161,2014,25 bis unter 30 Jahre,f,5028
09161,2014,25 bis unter 30 Jahre,m,5925
09161,2014,45 bis unter 50 Jahre,m,5115
09161,2014,45 bis unter 50 Jahre,f,4784
09161,2014,70 bis unter 75 Jahre,m,2931
09161,2014,70 bis unter 75 Jahre,f,3333
01055,2014,65 bis unter 70 Jahre,f,6529
01055,2014,65 bis unter 70 Jahre,m,6118
01055,2014,30 bis unter 35 Jahre,f,4721
01055,2014,30 bis unter 35 Jahre,m,4452
01055,2014,10 bis unter 15 Jahre,f,4459
01055,2014,10 bis unter 15 Jahre,m,4586
01055,2014,5 bis unter 10 Jahre,m,3815
01055,2014,5 bis unter 10 Jahre,f,3681
01055,2014,50 bis unter 55 Jahre,f,8916
01055,2014,50 bis unter 55 Jahre,m,8398
01055,2014,25 bis unter 30 Jahre,f,4053
01055,2014,25 bis unter 30 Jahre,m,4275
01055,2014,45 bis unter 50 Jahre,f,8821
01055,2014,45 bis unter 50 Jahre,m,8420
01055,2014,70 bis unter 75 Jahre,f,7632
01055,2014,70 bis unter 75 Jahre,m,6876
01055,2014,85 bis unter 90 Jahre,f,2741
01055,2014,85 bis unter 90 Jahre,m,1391
01055,2014,60 bis unter 65 Jahre,m,6863
01055,2014,60 bis unter 65 Jahre,f,7377
01055,2014,80 bis unter 85 Jahre,m,2766
01055,2014,80 bis unter 85 Jahre,f,3897
01055,2014,55 bis unter 60 Jahre,m,7180
01055,2014,55 bis unter 60 Jahre,f,7732
01055,2014,35 bis unter 40 Jahre,m,4680
01055,2014,35 bis unter 40 Jahre,f,5079
01055,2014,90 bis unter 95 Jahre,f,1369
01055,2014,90 bis unter 95 Jahre,m,417
01055,2014,20 bis unter 25 Jahre,f,4086
01055,2014,20 bis unter 25 Jahre,m,4781
01055,2014,95 Jahre und mehr,m,54
01055,2014,95 Jahre und mehr,f,282
01055,2014,unter 5 Jahre,f,3276
01055,2014,unter 5 Jahre,m,3541
01055,2014,75 bis unter 80 Jahre,f,6813
01055,2014,75 bis unter 80 Jahre,m,5854
01055,2014,15 bis unter 20 Jahre,m,5296
01055,2014,15 bis unter 20 Jahre,f,4929
01055,2014,40 bis unter 45 Jahre,m,5899
01055,2014,40 bis unter 45 Jahre,f,6300
09780,2014,35 bis unter 40 Jahre,f,4350
09780,2014,35 bis unter 40 Jahre,m,4069
09780,2014,unter 5 Jahre,f,2998
09780,2014,unter 5 Jahre,m,3203
09780,2014,20 bis unter 25 Jahre,f,3922
09780,2014,20 bis unter 25 Jahre,m,4422
09780,2014,15 bis unter 20 Jahre,f,4028
09780,2014,15 bis unter 20 Jahre,m,4463
09780,2014,55 bis unter 60 Jahre,f,5482
09780,2014,55 bis unter 60 Jahre,m,5305
09780,2014,40 bis unter 45 Jahre,f,4905
09780,2014,40 bis unter 45 Jahre,m,4767
09780,2014,90 bis unter 95 Jahre,m,234
09780,2014,90 bis unter 95 Jahre,f,892
09780,2014,60 bis unter 65 Jahre,f,4881
09780,2014,60 bis unter 65 Jahre,m,4494
09780,2014,75 bis unter 80 Jahre,f,4147
09780,2014,75 bis unter 80 Jahre,m,3613
09780,2014,65 bis unter 70 Jahre,m,4079
09780,2014,65 bis unter 70 Jahre,f,4340
09780,2014,95 Jahre und mehr,f,167
09780,2014,95 Jahre und mehr,m,47
09780,2014,30 bis unter 35 Jahre,m,4043
09780,2014,30 bis unter 35 Jahre,f,4132
09780,2014,85 bis unter 90 Jahre,m,987
09780,2014,85 bis unter 90 Jahre,f,1744
09780,2014,5 bis unter 10 Jahre,f,3101
09780,2014,5 bis unter 10 Jahre,m,3317
09780,2014,10 bis unter 15 Jahre,m,3711
09780,2014,10 bis unter 15 Jahre,f,3625
09780,2014,80 bis unter 85 Jahre,m,1777
09780,2014,80 bis unter 85 Jahre,f,2475
09780,2014,50 bis unter 55 Jahre,f,6587
09780,2014,50 bis unter 55 Jahre,m,6550
09780,2014,25 bis unter 30 Jahre,f,3851
09780,2014,25 bis unter 30 Jahre,m,4161
09780,2014,45 bis unter 50 Jahre,m,6595
09780,2014,45 bis unter 50 Jahre,f,6591
09780,2014,70 bis unter 75 Jahre,m,4260
09780,2014,70 bis unter 75 Jahre,f,4666
08315,2014,75 bis unter 80 Jahre,m,5698
08315,2014,75 bis unter 80 Jahre,f,6732
08315,2014,20 bis unter 25 Jahre,m,7279
08315,2014,20 bis unter 25 Jahre,f,6608
08315,2014,40 bis unter 45 Jahre,m,7654
08315,2014,40 bis unter 45 Jahre,f,8222
08315,2014,60 bis unter 65 Jahre,m,7856
08315,2014,60 bis unter 65 Jahre,f,8533
08315,2014,80 bis unter 85 Jahre,m,3011
08315,2014,80 bis unter 85 Jahre,f,4124
08315,2014,55 bis unter 60 Jahre,m,9089
08315,2014,55 bis unter 60 Jahre,f,9426
08315,2014,35 bis unter 40 Jahre,m,6780
08315,2014,35 bis unter 40 Jahre,f,6903
08315,2014,5 bis unter 10 Jahre,f,5769
08315,2014,5 bis unter 10 Jahre,m,5989
08315,2014,95 Jahre und mehr,m,84
08315,2014,95 Jahre und mehr,f,290
08315,2014,45 bis unter 50 Jahre,f,11048
08315,2014,45 bis unter 50 Jahre,m,10727
08315,2014,50 bis unter 55 Jahre,f,10950
08315,2014,50 bis unter 55 Jahre,m,10920
08315,2014,25 bis unter 30 Jahre,f,6639
08315,2014,25 bis unter 30 Jahre,m,6976
08315,2014,15 bis unter 20 Jahre,m,7690
08315,2014,15 bis unter 20 Jahre,f,6967
08315,2014,70 bis unter 75 Jahre,f,7242
08315,2014,70 bis unter 75 Jahre,m,6386
08315,2014,30 bis unter 35 Jahre,m,6881
08315,2014,30 bis unter 35 Jahre,f,7134
08315,2014,85 bis unter 90 Jahre,m,1609
08315,2014,85 bis unter 90 Jahre,f,2890
08315,2014,10 bis unter 15 Jahre,m,6711
08315,2014,10 bis unter 15 Jahre,f,6213
08315,2014,90 bis unter 95 Jahre,f,1428
08315,2014,90 bis unter 95 Jahre,m,463
08315,2014,unter 5 Jahre,f,5360
08315,2014,unter 5 Jahre,m,5724
08315,2014,65 bis unter 70 Jahre,f,6560
08315,2014,65 bis unter 70 Jahre,m,6184
07312,2014,90 bis unter 95 Jahre,f,561
07312,2014,90 bis unter 95 Jahre,m,165
07312,2014,45 bis unter 50 Jahre,m,3547
07312,2014,45 bis unter 50 Jahre,f,3467
07312,2014,10 bis unter 15 Jahre,m,1896
07312,2014,10 bis unter 15 Jahre,f,1812
07312,2014,65 bis unter 70 Jahre,m,2053
07312,2014,65 bis unter 70 Jahre,f,2466
07312,2014,85 bis unter 90 Jahre,m,594
07312,2014,85 bis unter 90 Jahre,f,1208
07312,2014,70 bis unter 75 Jahre,m,2214
07312,2014,70 bis unter 75 Jahre,f,2770
07312,2014,30 bis unter 35 Jahre,m,3403
07312,2014,30 bis unter 35 Jahre,f,3076
07312,2014,5 bis unter 10 Jahre,m,1902
07312,2014,5 bis unter 10 Jahre,f,1787
07312,2014,50 bis unter 55 Jahre,f,3837
07312,2014,50 bis unter 55 Jahre,m,3824
07312,2014,25 bis unter 30 Jahre,f,3512
07312,2014,25 bis unter 30 Jahre,m,4840
07312,2014,35 bis unter 40 Jahre,f,2556
07312,2014,35 bis unter 40 Jahre,m,2618
07312,2014,55 bis unter 60 Jahre,f,3410
07312,2014,55 bis unter 60 Jahre,m,3241
07312,2014,60 bis unter 65 Jahre,m,2855
07312,2014,60 bis unter 65 Jahre,f,3182
07312,2014,95 Jahre und mehr,f,108
07312,2014,95 Jahre und mehr,m,19
07312,2014,unter 5 Jahre,m,2002
07312,2014,unter 5 Jahre,f,1858
07312,2014,80 bis unter 85 Jahre,f,1689
07312,2014,80 bis unter 85 Jahre,m,1118
07312,2014,40 bis unter 45 Jahre,m,2691
07312,2014,40 bis unter 45 Jahre,f,2655
07312,2014,20 bis unter 25 Jahre,m,5281
07312,2014,20 bis unter 25 Jahre,f,3703
07312,2014,15 bis unter 20 Jahre,m,2552
07312,2014,15 bis unter 20 Jahre,f,2343
07312,2014,75 bis unter 80 Jahre,f,2620
07312,2014,75 bis unter 80 Jahre,m,1947
07138,2014,75 bis unter 80 Jahre,f,5216
07138,2014,75 bis unter 80 Jahre,m,4249
07138,2014,95 Jahre und mehr,f,207
07138,2014,95 Jahre und mehr,m,35
07138,2014,40 bis unter 45 Jahre,f,5532
07138,2014,40 bis unter 45 Jahre,m,5258
07138,2014,15 bis unter 20 Jahre,m,5283
07138,2014,15 bis unter 20 Jahre,f,5045
07138,2014,60 bis unter 65 Jahre,f,6075
07138,2014,60 bis unter 65 Jahre,m,6025
07138,2014,55 bis unter 60 Jahre,f,6996
07138,2014,55 bis unter 60 Jahre,m,6900
07138,2014,35 bis unter 40 Jahre,m,4488
07138,2014,35 bis unter 40 Jahre,f,4729
07138,2014,80 bis unter 85 Jahre,f,3256
07138,2014,80 bis unter 85 Jahre,m,2326
07138,2014,unter 5 Jahre,m,3783
07138,2014,unter 5 Jahre,f,3573
07138,2014,20 bis unter 25 Jahre,f,4626
07138,2014,20 bis unter 25 Jahre,m,5328
07138,2014,70 bis unter 75 Jahre,m,4381
07138,2014,70 bis unter 75 Jahre,f,5011
07138,2014,90 bis unter 95 Jahre,m,357
07138,2014,90 bis unter 95 Jahre,f,1045
07138,2014,45 bis unter 50 Jahre,m,7596
07138,2014,45 bis unter 50 Jahre,f,7683
07138,2014,65 bis unter 70 Jahre,f,4606
07138,2014,65 bis unter 70 Jahre,m,4462
07138,2014,30 bis unter 35 Jahre,f,4709
07138,2014,30 bis unter 35 Jahre,m,4541
07138,2014,50 bis unter 55 Jahre,f,8091
07138,2014,50 bis unter 55 Jahre,m,8051
07138,2014,10 bis unter 15 Jahre,f,4361
07138,2014,10 bis unter 15 Jahre,m,4637
07138,2014,25 bis unter 30 Jahre,m,4968
07138,2014,25 bis unter 30 Jahre,f,4543
07138,2014,85 bis unter 90 Jahre,f,2361
07138,2014,85 bis unter 90 Jahre,m,1207
07138,2014,5 bis unter 10 Jahre,f,3773
07138,2014,5 bis unter 10 Jahre,m,4004
05370,2014,30 bis unter 35 Jahre,f,6877
05370,2014,30 bis unter 35 Jahre,m,6725
05370,2014,85 bis unter 90 Jahre,f,2844
05370,2014,85 bis unter 90 Jahre,m,1402
05370,2014,10 bis unter 15 Jahre,f,6070
05370,2014,10 bis unter 15 Jahre,m,6514
05370,2014,5 bis unter 10 Jahre,f,5282
05370,2014,5 bis unter 10 Jahre,m,5660
05370,2014,65 bis unter 70 Jahre,m,6049
05370,2014,65 bis unter 70 Jahre,f,6140
05370,2014,45 bis unter 50 Jahre,f,10907
05370,2014,45 bis unter 50 Jahre,m,10912
05370,2014,70 bis unter 75 Jahre,f,6493
05370,2014,70 bis unter 75 Jahre,m,5634
05370,2014,25 bis unter 30 Jahre,m,6862
05370,2014,25 bis unter 30 Jahre,f,6509
05370,2014,95 Jahre und mehr,m,43
05370,2014,95 Jahre und mehr,f,216
05370,2014,60 bis unter 65 Jahre,m,8201
05370,2014,60 bis unter 65 Jahre,f,8207
05370,2014,90 bis unter 95 Jahre,m,335
05370,2014,90 bis unter 95 Jahre,f,1151
05370,2014,55 bis unter 60 Jahre,m,9712
05370,2014,55 bis unter 60 Jahre,f,9677
05370,2014,unter 5 Jahre,f,5146
05370,2014,unter 5 Jahre,m,5233
05370,2014,80 bis unter 85 Jahre,m,2962
05370,2014,80 bis unter 85 Jahre,f,4251
05370,2014,75 bis unter 80 Jahre,f,6579
05370,2014,75 bis unter 80 Jahre,m,5436
05370,2014,20 bis unter 25 Jahre,f,6474
05370,2014,20 bis unter 25 Jahre,m,7419
05370,2014,40 bis unter 45 Jahre,f,8199
05370,2014,40 bis unter 45 Jahre,m,7642
05370,2014,15 bis unter 20 Jahre,m,7780
05370,2014,15 bis unter 20 Jahre,f,7113
05370,2014,35 bis unter 40 Jahre,m,6763
05370,2014,35 bis unter 40 Jahre,f,7027
05370,2014,50 bis unter 55 Jahre,m,11417
05370,2014,50 bis unter 55 Jahre,f,11447
03404,2014,unter 5 Jahre,f,3265
03404,2014,unter 5 Jahre,m,3425
03404,2014,35 bis unter 40 Jahre,f,4621
03404,2014,35 bis unter 40 Jahre,m,4837
03404,2014,55 bis unter 60 Jahre,f,5100
03404,2014,55 bis unter 60 Jahre,m,4764
03404,2014,75 bis unter 80 Jahre,f,4294
03404,2014,75 bis unter 80 Jahre,m,3007
03404,2014,95 Jahre und mehr,f,186
03404,2014,95 Jahre und mehr,m,30
03404,2014,15 bis unter 20 Jahre,f,3708
03404,2014,15 bis unter 20 Jahre,m,3797
03404,2014,70 bis unter 75 Jahre,m,3371
03404,2014,70 bis unter 75 Jahre,f,4126
03404,2014,40 bis unter 45 Jahre,f,4961
03404,2014,40 bis unter 45 Jahre,m,5065
03404,2014,65 bis unter 70 Jahre,m,3231
03404,2014,65 bis unter 70 Jahre,f,3568
03404,2014,10 bis unter 15 Jahre,m,3271
03404,2014,10 bis unter 15 Jahre,f,3110
03404,2014,85 bis unter 90 Jahre,m,937
03404,2014,85 bis unter 90 Jahre,f,1994
03404,2014,20 bis unter 25 Jahre,m,6031
03404,2014,20 bis unter 25 Jahre,f,7105
03404,2014,90 bis unter 95 Jahre,m,308
03404,2014,90 bis unter 95 Jahre,f,939
03404,2014,45 bis unter 50 Jahre,f,5884
03404,2014,45 bis unter 50 Jahre,m,6162
03404,2014,30 bis unter 35 Jahre,f,5702
03404,2014,30 bis unter 35 Jahre,m,5778
03404,2014,5 bis unter 10 Jahre,f,3074
03404,2014,5 bis unter 10 Jahre,m,3270
03404,2014,25 bis unter 30 Jahre,f,6874
03404,2014,25 bis unter 30 Jahre,m,6910
03404,2014,50 bis unter 55 Jahre,f,5681
03404,2014,50 bis unter 55 Jahre,m,5616
03404,2014,80 bis unter 85 Jahre,m,1667
03404,2014,80 bis unter 85 Jahre,f,2776
03404,2014,60 bis unter 65 Jahre,m,3972
03404,2014,60 bis unter 65 Jahre,f,4480
01057,2014,45 bis unter 50 Jahre,m,5704
01057,2014,45 bis unter 50 Jahre,f,5952
01057,2014,90 bis unter 95 Jahre,f,808
01057,2014,90 bis unter 95 Jahre,m,217
01057,2014,10 bis unter 15 Jahre,m,3226
01057,2014,10 bis unter 15 Jahre,f,2997
01057,2014,65 bis unter 70 Jahre,m,3823
01057,2014,65 bis unter 70 Jahre,f,4059
01057,2014,85 bis unter 90 Jahre,m,820
01057,2014,85 bis unter 90 Jahre,f,1488
01057,2014,50 bis unter 55 Jahre,m,5698
01057,2014,50 bis unter 55 Jahre,f,5803
01057,2014,95 Jahre und mehr,f,180
01057,2014,95 Jahre und mehr,m,36
01057,2014,30 bis unter 35 Jahre,f,2840
01057,2014,30 bis unter 35 Jahre,m,2675
01057,2014,25 bis unter 30 Jahre,m,2559
01057,2014,25 bis unter 30 Jahre,f,2475
01057,2014,70 bis unter 75 Jahre,f,4686
01057,2014,70 bis unter 75 Jahre,m,4254
01057,2014,55 bis unter 60 Jahre,f,4808
01057,2014,55 bis unter 60 Jahre,m,4595
01057,2014,75 bis unter 80 Jahre,f,4203
01057,2014,75 bis unter 80 Jahre,m,3608
01057,2014,unter 5 Jahre,f,2350
01057,2014,unter 5 Jahre,m,2302
01057,2014,80 bis unter 85 Jahre,m,1668
01057,2014,80 bis unter 85 Jahre,f,2245
01057,2014,35 bis unter 40 Jahre,m,2960
01057,2014,35 bis unter 40 Jahre,f,3208
01057,2014,15 bis unter 20 Jahre,m,3728
01057,2014,15 bis unter 20 Jahre,f,3510
01057,2014,60 bis unter 65 Jahre,f,4372
01057,2014,60 bis unter 65 Jahre,m,4054
01057,2014,40 bis unter 45 Jahre,m,3813
01057,2014,40 bis unter 45 Jahre,f,4227
01057,2014,20 bis unter 25 Jahre,m,2960
01057,2014,20 bis unter 25 Jahre,f,2578
01057,2014,5 bis unter 10 Jahre,f,2654
01057,2014,5 bis unter 10 Jahre,m,2722
09672,2014,95 Jahre und mehr,f,145
09672,2014,95 Jahre und mehr,m,33
09672,2014,20 bis unter 25 Jahre,f,2534
09672,2014,20 bis unter 25 Jahre,m,2921
09672,2014,55 bis unter 60 Jahre,f,4052
09672,2014,55 bis unter 60 Jahre,m,4109
09672,2014,35 bis unter 40 Jahre,f,2614
09672,2014,35 bis unter 40 Jahre,m,2600
09672,2014,40 bis unter 45 Jahre,f,3110
09672,2014,40 bis unter 45 Jahre,m,3124
09672,2014,75 bis unter 80 Jahre,f,3281
09672,2014,75 bis unter 80 Jahre,m,2634
09672,2014,15 bis unter 20 Jahre,m,2723
09672,2014,15 bis unter 20 Jahre,f,2717
09672,2014,unter 5 Jahre,f,1968
09672,2014,unter 5 Jahre,m,1971
09672,2014,85 bis unter 90 Jahre,m,794
09672,2014,85 bis unter 90 Jahre,f,1542
09672,2014,65 bis unter 70 Jahre,m,2697
09672,2014,65 bis unter 70 Jahre,f,2747
09672,2014,90 bis unter 95 Jahre,m,247
09672,2014,90 bis unter 95 Jahre,f,782
09672,2014,10 bis unter 15 Jahre,m,2383
09672,2014,10 bis unter 15 Jahre,f,2357
09672,2014,30 bis unter 35 Jahre,f,2599
09672,2014,30 bis unter 35 Jahre,m,2788
09672,2014,45 bis unter 50 Jahre,f,4199
09672,2014,45 bis unter 50 Jahre,m,4253
09672,2014,25 bis unter 30 Jahre,f,2546
09672,2014,25 bis unter 30 Jahre,m,2886
09672,2014,5 bis unter 10 Jahre,f,2043
09672,2014,5 bis unter 10 Jahre,m,2038
09672,2014,50 bis unter 55 Jahre,f,4565
09672,2014,50 bis unter 55 Jahre,m,4614
09672,2014,80 bis unter 85 Jahre,m,1368
09672,2014,80 bis unter 85 Jahre,f,2102
09672,2014,60 bis unter 65 Jahre,m,3605
09672,2014,60 bis unter 65 Jahre,f,3657
09672,2014,70 bis unter 75 Jahre,m,2617
09672,2014,70 bis unter 75 Jahre,f,2936
05358,2014,85 bis unter 90 Jahre,f,2904
05358,2014,85 bis unter 90 Jahre,m,1470
05358,2014,50 bis unter 55 Jahre,f,11337
05358,2014,50 bis unter 55 Jahre,m,11379
05358,2014,5 bis unter 10 Jahre,m,5892
05358,2014,5 bis unter 10 Jahre,f,5383
05358,2014,65 bis unter 70 Jahre,f,6835
05358,2014,65 bis unter 70 Jahre,m,6508
05358,2014,10 bis unter 15 Jahre,f,6202
05358,2014,10 bis unter 15 Jahre,m,6490
05358,2014,45 bis unter 50 Jahre,f,11192
05358,2014,45 bis unter 50 Jahre,m,11067
05358,2014,95 Jahre und mehr,f,237
05358,2014,95 Jahre und mehr,m,52
05358,2014,30 bis unter 35 Jahre,f,6950
05358,2014,30 bis unter 35 Jahre,m,7066
05358,2014,25 bis unter 30 Jahre,f,6959
05358,2014,25 bis unter 30 Jahre,m,7701
05358,2014,90 bis unter 95 Jahre,f,1290
05358,2014,90 bis unter 95 Jahre,m,404
05358,2014,70 bis unter 75 Jahre,m,6199
05358,2014,70 bis unter 75 Jahre,f,6921
05358,2014,40 bis unter 45 Jahre,m,8051
05358,2014,40 bis unter 45 Jahre,f,8173
05358,2014,60 bis unter 65 Jahre,m,8434
05358,2014,60 bis unter 65 Jahre,f,8891
05358,2014,35 bis unter 40 Jahre,f,6924
05358,2014,35 bis unter 40 Jahre,m,6865
05358,2014,75 bis unter 80 Jahre,f,7008
05358,2014,75 bis unter 80 Jahre,m,5674
05358,2014,15 bis unter 20 Jahre,m,7726
05358,2014,15 bis unter 20 Jahre,f,7241
05358,2014,55 bis unter 60 Jahre,f,10158
05358,2014,55 bis unter 60 Jahre,m,9901
05358,2014,80 bis unter 85 Jahre,f,4568
05358,2014,80 bis unter 85 Jahre,m,3104
05358,2014,unter 5 Jahre,f,5119
05358,2014,unter 5 Jahre,m,5482
05358,2014,20 bis unter 25 Jahre,m,8301
05358,2014,20 bis unter 25 Jahre,f,7015
05334002,2014,50 bis unter 55 Jahre,m,8591
05334002,2014,50 bis unter 55 Jahre,f,8130
05334002,2014,85 bis unter 90 Jahre,m,1350
05334002,2014,85 bis unter 90 Jahre,f,2648
05334002,2014,60 bis unter 65 Jahre,f,6541
05334002,2014,60 bis unter 65 Jahre,m,5958
05334002,2014,40 bis unter 45 Jahre,f,6471
05334002,2014,40 bis unter 45 Jahre,m,6637
05334002,2014,30 bis unter 35 Jahre,m,9697
05334002,2014,30 bis unter 35 Jahre,f,8116
05334002,2014,20 bis unter 25 Jahre,f,11139
05334002,2014,20 bis unter 25 Jahre,m,16816
05334002,2014,90 bis unter 95 Jahre,m,360
05334002,2014,90 bis unter 95 Jahre,f,1336
05334002,2014,70 bis unter 75 Jahre,m,4963
05334002,2014,70 bis unter 75 Jahre,f,6051
05334002,2014,65 bis unter 70 Jahre,m,4875
05334002,2014,65 bis unter 70 Jahre,f,5567
05334002,2014,25 bis unter 30 Jahre,m,15224
05334002,2014,25 bis unter 30 Jahre,f,10706
05334002,2014,80 bis unter 85 Jahre,f,3765
05334002,2014,80 bis unter 85 Jahre,m,2516
05334002,2014,55 bis unter 60 Jahre,f,7196
05334002,2014,55 bis unter 60 Jahre,m,7282
05334002,2014,10 bis unter 15 Jahre,m,4654
05334002,2014,10 bis unter 15 Jahre,f,4452
05334002,2014,95 Jahre und mehr,f,248
05334002,2014,95 Jahre und mehr,m,68
05334002,2014,15 bis unter 20 Jahre,m,7160
05334002,2014,15 bis unter 20 Jahre,f,5801
05334002,2014,unter 5 Jahre,f,4755
05334002,2014,unter 5 Jahre,m,4875
05334002,2014,5 bis unter 10 Jahre,m,4600
05334002,2014,5 bis unter 10 Jahre,f,4474
05334002,2014,75 bis unter 80 Jahre,f,5963
05334002,2014,75 bis unter 80 Jahre,m,4595
05334002,2014,35 bis unter 40 Jahre,m,6660
05334002,2014,35 bis unter 40 Jahre,f,6205
05334002,2014,45 bis unter 50 Jahre,f,8205
05334002,2014,45 bis unter 50 Jahre,m,8686
09561,2014,80 bis unter 85 Jahre,m,479
09561,2014,80 bis unter 85 Jahre,f,705
09561,2014,20 bis unter 25 Jahre,m,1239
09561,2014,20 bis unter 25 Jahre,f,1366
09561,2014,5 bis unter 10 Jahre,f,859
09561,2014,5 bis unter 10 Jahre,m,851
09561,2014,35 bis unter 40 Jahre,m,1100
09561,2014,35 bis unter 40 Jahre,f,1173
09561,2014,60 bis unter 65 Jahre,m,1127
09561,2014,60 bis unter 65 Jahre,f,1299
09561,2014,30 bis unter 35 Jahre,f,1204
09561,2014,30 bis unter 35 Jahre,m,1273
09561,2014,75 bis unter 80 Jahre,m,866
09561,2014,75 bis unter 80 Jahre,f,1136
09561,2014,45 bis unter 50 Jahre,f,1580
09561,2014,45 bis unter 50 Jahre,m,1596
09561,2014,50 bis unter 55 Jahre,f,1679
09561,2014,50 bis unter 55 Jahre,m,1627
09561,2014,15 bis unter 20 Jahre,m,1050
09561,2014,15 bis unter 20 Jahre,f,993
09561,2014,70 bis unter 75 Jahre,f,1175
09561,2014,70 bis unter 75 Jahre,m,953
09561,2014,25 bis unter 30 Jahre,m,1243
09561,2014,25 bis unter 30 Jahre,f,1348
09561,2014,40 bis unter 45 Jahre,f,1262
09561,2014,40 bis unter 45 Jahre,m,1156
09561,2014,95 Jahre und mehr,f,46
09561,2014,95 Jahre und mehr,m,16
09561,2014,90 bis unter 95 Jahre,m,93
09561,2014,90 bis unter 95 Jahre,f,327
09561,2014,85 bis unter 90 Jahre,m,263
09561,2014,85 bis unter 90 Jahre,f,584
09561,2014,65 bis unter 70 Jahre,m,944
09561,2014,65 bis unter 70 Jahre,f,1089
09561,2014,10 bis unter 15 Jahre,m,882
09561,2014,10 bis unter 15 Jahre,f,844
09561,2014,55 bis unter 60 Jahre,f,1524
09561,2014,55 bis unter 60 Jahre,m,1376
09561,2014,unter 5 Jahre,m,867
09561,2014,unter 5 Jahre,f,816
06412,2014,80 bis unter 85 Jahre,f,8998
06412,2014,80 bis unter 85 Jahre,m,5723
06412,2014,35 bis unter 40 Jahre,m,30416
06412,2014,35 bis unter 40 Jahre,f,29139
06412,2014,15 bis unter 20 Jahre,m,14746
06412,2014,15 bis unter 20 Jahre,f,14062
06412,2014,95 Jahre und mehr,m,173
06412,2014,95 Jahre und mehr,f,786
06412,2014,20 bis unter 25 Jahre,m,20529
06412,2014,20 bis unter 25 Jahre,f,22172
06412,2014,60 bis unter 65 Jahre,f,18456
06412,2014,60 bis unter 65 Jahre,m,17150
06412,2014,40 bis unter 45 Jahre,f,25988
06412,2014,40 bis unter 45 Jahre,m,28910
06412,2014,unter 5 Jahre,m,19012
06412,2014,unter 5 Jahre,f,18512
06412,2014,75 bis unter 80 Jahre,f,14121
06412,2014,75 bis unter 80 Jahre,m,10649
06412,2014,55 bis unter 60 Jahre,m,20663
06412,2014,55 bis unter 60 Jahre,f,20364
06412,2014,70 bis unter 75 Jahre,m,13779
06412,2014,70 bis unter 75 Jahre,f,15436
06412,2014,50 bis unter 55 Jahre,m,26886
06412,2014,50 bis unter 55 Jahre,f,24657
06412,2014,45 bis unter 50 Jahre,f,27450
06412,2014,45 bis unter 50 Jahre,m,31556
06412,2014,90 bis unter 95 Jahre,f,3463
06412,2014,90 bis unter 95 Jahre,m,1063
06412,2014,25 bis unter 30 Jahre,m,30131
06412,2014,25 bis unter 30 Jahre,f,33268
06412,2014,85 bis unter 90 Jahre,f,6635
06412,2014,85 bis unter 90 Jahre,m,3238
06412,2014,65 bis unter 70 Jahre,m,14475
06412,2014,65 bis unter 70 Jahre,f,15696
06412,2014,10 bis unter 15 Jahre,f,14105
06412,2014,10 bis unter 15 Jahre,m,14874
06412,2014,30 bis unter 35 Jahre,m,33151
06412,2014,30 bis unter 35 Jahre,f,34384
06412,2014,5 bis unter 10 Jahre,m,16698
06412,2014,5 bis unter 10 Jahre,f,16110
05966,2014,15 bis unter 20 Jahre,m,4198
05966,2014,15 bis unter 20 Jahre,f,3821
05966,2014,60 bis unter 65 Jahre,f,4081
05966,2014,60 bis unter 65 Jahre,m,4181
05966,2014,35 bis unter 40 Jahre,m,3782
05966,2014,35 bis unter 40 Jahre,f,3770
05966,2014,80 bis unter 85 Jahre,f,2338
05966,2014,80 bis unter 85 Jahre,m,1590
05966,2014,75 bis unter 80 Jahre,f,3559
05966,2014,75 bis unter 80 Jahre,m,2758
05966,2014,55 bis unter 60 Jahre,m,5173
05966,2014,55 bis unter 60 Jahre,f,4917
05966,2014,40 bis unter 45 Jahre,m,4333
05966,2014,40 bis unter 45 Jahre,f,4375
05966,2014,unter 5 Jahre,m,2999
05966,2014,unter 5 Jahre,f,2730
05966,2014,20 bis unter 25 Jahre,f,3686
05966,2014,20 bis unter 25 Jahre,m,4161
05966,2014,5 bis unter 10 Jahre,f,2863
05966,2014,5 bis unter 10 Jahre,m,3173
05966,2014,25 bis unter 30 Jahre,f,3636
05966,2014,25 bis unter 30 Jahre,m,3961
05966,2014,30 bis unter 35 Jahre,m,3931
05966,2014,30 bis unter 35 Jahre,f,3763
05966,2014,85 bis unter 90 Jahre,m,758
05966,2014,85 bis unter 90 Jahre,f,1594
05966,2014,70 bis unter 75 Jahre,f,3352
05966,2014,70 bis unter 75 Jahre,m,3066
05966,2014,10 bis unter 15 Jahre,m,3666
05966,2014,10 bis unter 15 Jahre,f,3413
05966,2014,50 bis unter 55 Jahre,f,5905
05966,2014,50 bis unter 55 Jahre,m,6055
05966,2014,45 bis unter 50 Jahre,f,5899
05966,2014,45 bis unter 50 Jahre,m,6215
05966,2014,65 bis unter 70 Jahre,m,3074
05966,2014,65 bis unter 70 Jahre,f,3011
05966,2014,90 bis unter 95 Jahre,m,199
05966,2014,90 bis unter 95 Jahre,f,626
05966,2014,95 Jahre und mehr,f,121
05966,2014,95 Jahre und mehr,m,26
07318,2014,15 bis unter 20 Jahre,m,1287
07318,2014,15 bis unter 20 Jahre,f,1249
07318,2014,40 bis unter 45 Jahre,f,1598
07318,2014,40 bis unter 45 Jahre,m,1549
07318,2014,35 bis unter 40 Jahre,m,1403
07318,2014,35 bis unter 40 Jahre,f,1482
07318,2014,unter 5 Jahre,m,1111
07318,2014,unter 5 Jahre,f,1049
07318,2014,80 bis unter 85 Jahre,f,908
07318,2014,80 bis unter 85 Jahre,m,560
07318,2014,75 bis unter 80 Jahre,f,1394
07318,2014,75 bis unter 80 Jahre,m,1071
07318,2014,60 bis unter 65 Jahre,f,1792
07318,2014,60 bis unter 65 Jahre,m,1577
07318,2014,55 bis unter 60 Jahre,f,1939
07318,2014,55 bis unter 60 Jahre,m,1824
07318,2014,20 bis unter 25 Jahre,m,1280
07318,2014,20 bis unter 25 Jahre,f,1274
07318,2014,70 bis unter 75 Jahre,m,1175
07318,2014,70 bis unter 75 Jahre,f,1505
07318,2014,90 bis unter 95 Jahre,m,93
07318,2014,90 bis unter 95 Jahre,f,348
07318,2014,10 bis unter 15 Jahre,f,1150
07318,2014,10 bis unter 15 Jahre,m,1181
07318,2014,45 bis unter 50 Jahre,m,2067
07318,2014,45 bis unter 50 Jahre,f,2128
07318,2014,65 bis unter 70 Jahre,f,1350
07318,2014,65 bis unter 70 Jahre,m,1198
07318,2014,25 bis unter 30 Jahre,m,1468
07318,2014,25 bis unter 30 Jahre,f,1373
07318,2014,85 bis unter 90 Jahre,f,654
07318,2014,85 bis unter 90 Jahre,m,341
07318,2014,95 Jahre und mehr,f,68
07318,2014,95 Jahre und mehr,m,10
07318,2014,50 bis unter 55 Jahre,m,2177
07318,2014,50 bis unter 55 Jahre,f,2149
07318,2014,30 bis unter 35 Jahre,f,1430
07318,2014,30 bis unter 35 Jahre,m,1489
07318,2014,5 bis unter 10 Jahre,f,1057
07318,2014,5 bis unter 10 Jahre,m,1097
01051,2014,75 bis unter 80 Jahre,m,3564
01051,2014,75 bis unter 80 Jahre,f,4139
01051,2014,40 bis unter 45 Jahre,m,4125
01051,2014,40 bis unter 45 Jahre,f,4011
01051,2014,55 bis unter 60 Jahre,m,4758
01051,2014,55 bis unter 60 Jahre,f,4918
01051,2014,60 bis unter 65 Jahre,m,4458
01051,2014,60 bis unter 65 Jahre,f,4568
01051,2014,unter 5 Jahre,m,2611
01051,2014,unter 5 Jahre,f,2490
01051,2014,35 bis unter 40 Jahre,m,3252
01051,2014,35 bis unter 40 Jahre,f,3280
01051,2014,20 bis unter 25 Jahre,m,3682
01051,2014,20 bis unter 25 Jahre,f,3318
01051,2014,80 bis unter 85 Jahre,f,2466
01051,2014,80 bis unter 85 Jahre,m,1730
01051,2014,45 bis unter 50 Jahre,f,5672
01051,2014,45 bis unter 50 Jahre,m,5633
01051,2014,95 Jahre und mehr,m,29
01051,2014,95 Jahre und mehr,f,151
01051,2014,25 bis unter 30 Jahre,f,3024
01051,2014,25 bis unter 30 Jahre,m,3388
01051,2014,15 bis unter 20 Jahre,m,4053
01051,2014,15 bis unter 20 Jahre,f,4011
01051,2014,70 bis unter 75 Jahre,f,4325
01051,2014,70 bis unter 75 Jahre,m,4016
01051,2014,30 bis unter 35 Jahre,m,3181
01051,2014,30 bis unter 35 Jahre,f,3189
01051,2014,65 bis unter 70 Jahre,m,3843
01051,2014,65 bis unter 70 Jahre,f,3940
01051,2014,50 bis unter 55 Jahre,m,5582
01051,2014,50 bis unter 55 Jahre,f,5618
01051,2014,85 bis unter 90 Jahre,m,817
01051,2014,85 bis unter 90 Jahre,f,1613
01051,2014,5 bis unter 10 Jahre,m,2793
01051,2014,5 bis unter 10 Jahre,f,2724
01051,2014,90 bis unter 95 Jahre,f,818
01051,2014,90 bis unter 95 Jahre,m,267
01051,2014,10 bis unter 15 Jahre,f,3260
01051,2014,10 bis unter 15 Jahre,m,3368
08221,2014,5 bis unter 10 Jahre,f,2938
08221,2014,5 bis unter 10 Jahre,m,3044
08221,2014,25 bis unter 30 Jahre,f,9232
08221,2014,25 bis unter 30 Jahre,m,8331
08221,2014,10 bis unter 15 Jahre,f,2617
08221,2014,10 bis unter 15 Jahre,m,2768
08221,2014,60 bis unter 65 Jahre,m,3456
08221,2014,60 bis unter 65 Jahre,f,3959
08221,2014,30 bis unter 35 Jahre,f,7135
08221,2014,30 bis unter 35 Jahre,m,7120
08221,2014,45 bis unter 50 Jahre,f,5135
08221,2014,45 bis unter 50 Jahre,m,5354
08221,2014,75 bis unter 80 Jahre,m,2373
08221,2014,75 bis unter 80 Jahre,f,3166
08221,2014,85 bis unter 90 Jahre,f,1582
08221,2014,85 bis unter 90 Jahre,m,788
08221,2014,70 bis unter 75 Jahre,f,3519
08221,2014,70 bis unter 75 Jahre,m,2944
08221,2014,35 bis unter 40 Jahre,m,5256
08221,2014,35 bis unter 40 Jahre,f,5067
08221,2014,90 bis unter 95 Jahre,f,870
08221,2014,90 bis unter 95 Jahre,m,270
08221,2014,55 bis unter 60 Jahre,m,4085
08221,2014,55 bis unter 60 Jahre,f,4365
08221,2014,unter 5 Jahre,m,3295
08221,2014,unter 5 Jahre,f,3130
08221,2014,65 bis unter 70 Jahre,m,2848
08221,2014,65 bis unter 70 Jahre,f,3232
08221,2014,80 bis unter 85 Jahre,f,2013
08221,2014,80 bis unter 85 Jahre,m,1269
08221,2014,15 bis unter 20 Jahre,f,3781
08221,2014,15 bis unter 20 Jahre,m,3687
08221,2014,50 bis unter 55 Jahre,m,4959
08221,2014,50 bis unter 55 Jahre,f,5094
08221,2014,20 bis unter 25 Jahre,f,9184
08221,2014,20 bis unter 25 Jahre,m,7497
08221,2014,95 Jahre und mehr,f,198
08221,2014,95 Jahre und mehr,m,46
08221,2014,40 bis unter 45 Jahre,m,4598
08221,2014,40 bis unter 45 Jahre,f,4510
03354,2014,5 bis unter 10 Jahre,m,1015
03354,2014,5 bis unter 10 Jahre,f,877
03354,2014,50 bis unter 55 Jahre,f,2125
03354,2014,50 bis unter 55 Jahre,m,2039
03354,2014,70 bis unter 75 Jahre,f,1753
03354,2014,70 bis unter 75 Jahre,m,1699
03354,2014,10 bis unter 15 Jahre,f,1162
03354,2014,10 bis unter 15 Jahre,m,1230
03354,2014,30 bis unter 35 Jahre,f,1101
03354,2014,30 bis unter 35 Jahre,m,1135
03354,2014,65 bis unter 70 Jahre,m,1498
03354,2014,65 bis unter 70 Jahre,f,1516
03354,2014,45 bis unter 50 Jahre,f,2014
03354,2014,45 bis unter 50 Jahre,m,1974
03354,2014,25 bis unter 30 Jahre,m,1127
03354,2014,25 bis unter 30 Jahre,f,954
03354,2014,85 bis unter 90 Jahre,f,730
03354,2014,85 bis unter 90 Jahre,m,375
03354,2014,80 bis unter 85 Jahre,m,728
03354,2014,80 bis unter 85 Jahre,f,1096
03354,2014,90 bis unter 95 Jahre,m,118
03354,2014,90 bis unter 95 Jahre,f,344
03354,2014,95 Jahre und mehr,m,12
03354,2014,95 Jahre und mehr,f,70
03354,2014,60 bis unter 65 Jahre,m,1780
03354,2014,60 bis unter 65 Jahre,f,1827
03354,2014,unter 5 Jahre,f,835
03354,2014,unter 5 Jahre,m,858
03354,2014,55 bis unter 60 Jahre,f,1988
03354,2014,55 bis unter 60 Jahre,m,1900
03354,2014,40 bis unter 45 Jahre,f,1412
03354,2014,40 bis unter 45 Jahre,m,1402
03354,2014,15 bis unter 20 Jahre,m,1289
03354,2014,15 bis unter 20 Jahre,f,1196
03354,2014,35 bis unter 40 Jahre,m,1228
03354,2014,35 bis unter 40 Jahre,f,1123
03354,2014,75 bis unter 80 Jahre,f,1647
03354,2014,75 bis unter 80 Jahre,m,1377
03354,2014,20 bis unter 25 Jahre,f,976
03354,2014,20 bis unter 25 Jahre,m,1198
06436,2014,55 bis unter 60 Jahre,f,7864
06436,2014,55 bis unter 60 Jahre,m,7509
06436,2014,20 bis unter 25 Jahre,f,5048
06436,2014,20 bis unter 25 Jahre,m,5402
06436,2014,35 bis unter 40 Jahre,f,7569
06436,2014,35 bis unter 40 Jahre,m,7054
06436,2014,40 bis unter 45 Jahre,f,8435
06436,2014,40 bis unter 45 Jahre,m,8097
06436,2014,unter 5 Jahre,f,5229
06436,2014,unter 5 Jahre,m,5538
06436,2014,15 bis unter 20 Jahre,f,5523
06436,2014,15 bis unter 20 Jahre,m,5985
06436,2014,80 bis unter 85 Jahre,f,3631
06436,2014,80 bis unter 85 Jahre,m,2825
06436,2014,50 bis unter 55 Jahre,m,9741
06436,2014,50 bis unter 55 Jahre,f,9731
06436,2014,85 bis unter 90 Jahre,m,1537
06436,2014,85 bis unter 90 Jahre,f,2396
06436,2014,60 bis unter 65 Jahre,m,6175
06436,2014,60 bis unter 65 Jahre,f,6970
06436,2014,30 bis unter 35 Jahre,m,6540
06436,2014,30 bis unter 35 Jahre,f,7170
06436,2014,5 bis unter 10 Jahre,m,5905
06436,2014,5 bis unter 10 Jahre,f,5575
06436,2014,25 bis unter 30 Jahre,f,5810
06436,2014,25 bis unter 30 Jahre,m,5754
06436,2014,65 bis unter 70 Jahre,f,6220
06436,2014,65 bis unter 70 Jahre,m,5532
06436,2014,45 bis unter 50 Jahre,f,10615
06436,2014,45 bis unter 50 Jahre,m,10600
06436,2014,95 Jahre und mehr,f,232
06436,2014,95 Jahre und mehr,m,53
06436,2014,70 bis unter 75 Jahre,f,7123
06436,2014,70 bis unter 75 Jahre,m,6003
06436,2014,75 bis unter 80 Jahre,m,5235
06436,2014,75 bis unter 80 Jahre,f,6291
06436,2014,10 bis unter 15 Jahre,m,5898
06436,2014,10 bis unter 15 Jahre,f,5559
06436,2014,90 bis unter 95 Jahre,f,1183
06436,2014,90 bis unter 95 Jahre,m,419
07232,2014,15 bis unter 20 Jahre,f,2685
07232,2014,15 bis unter 20 Jahre,m,2868
07232,2014,90 bis unter 95 Jahre,m,168
07232,2014,90 bis unter 95 Jahre,f,553
07232,2014,70 bis unter 75 Jahre,m,2095
07232,2014,70 bis unter 75 Jahre,f,2284
07232,2014,35 bis unter 40 Jahre,f,2556
07232,2014,35 bis unter 40 Jahre,m,2585
07232,2014,20 bis unter 25 Jahre,f,2647
07232,2014,20 bis unter 25 Jahre,m,3035
07232,2014,55 bis unter 60 Jahre,f,3682
07232,2014,55 bis unter 60 Jahre,m,3861
07232,2014,85 bis unter 90 Jahre,m,629
07232,2014,85 bis unter 90 Jahre,f,1288
07232,2014,95 Jahre und mehr,f,101
07232,2014,95 Jahre und mehr,m,9
07232,2014,45 bis unter 50 Jahre,m,4165
07232,2014,45 bis unter 50 Jahre,f,4030
07232,2014,unter 5 Jahre,m,2096
07232,2014,unter 5 Jahre,f,1894
07232,2014,10 bis unter 15 Jahre,m,2421
07232,2014,10 bis unter 15 Jahre,f,2262
07232,2014,80 bis unter 85 Jahre,f,1773
07232,2014,80 bis unter 85 Jahre,m,1174
07232,2014,65 bis unter 70 Jahre,m,2321
07232,2014,65 bis unter 70 Jahre,f,2238
07232,2014,75 bis unter 80 Jahre,f,2558
07232,2014,75 bis unter 80 Jahre,m,2024
07232,2014,5 bis unter 10 Jahre,f,2018
07232,2014,5 bis unter 10 Jahre,m,2218
07232,2014,30 bis unter 35 Jahre,f,2633
07232,2014,30 bis unter 35 Jahre,m,2869
07232,2014,60 bis unter 65 Jahre,m,3354
07232,2014,60 bis unter 65 Jahre,f,3080
07232,2014,25 bis unter 30 Jahre,m,2840
07232,2014,25 bis unter 30 Jahre,f,2698
07232,2014,50 bis unter 55 Jahre,m,4470
07232,2014,50 bis unter 55 Jahre,f,4305
07232,2014,40 bis unter 45 Jahre,f,2969
07232,2014,40 bis unter 45 Jahre,m,2952
01060,2014,25 bis unter 30 Jahre,f,6602
01060,2014,25 bis unter 30 Jahre,m,6890
01060,2014,5 bis unter 10 Jahre,f,5673
01060,2014,5 bis unter 10 Jahre,m,6122
01060,2014,10 bis unter 15 Jahre,f,6413
01060,2014,10 bis unter 15 Jahre,m,6711
01060,2014,85 bis unter 90 Jahre,f,2560
01060,2014,85 bis unter 90 Jahre,m,1421
01060,2014,60 bis unter 65 Jahre,m,7868
01060,2014,60 bis unter 65 Jahre,f,8338
01060,2014,30 bis unter 35 Jahre,f,7552
01060,2014,30 bis unter 35 Jahre,m,7314
01060,2014,70 bis unter 75 Jahre,f,8264
01060,2014,70 bis unter 75 Jahre,m,7545
01060,2014,45 bis unter 50 Jahre,f,12441
01060,2014,45 bis unter 50 Jahre,m,12534
01060,2014,75 bis unter 80 Jahre,m,6311
01060,2014,75 bis unter 80 Jahre,f,7509
01060,2014,55 bis unter 60 Jahre,m,9130
01060,2014,55 bis unter 60 Jahre,f,9519
01060,2014,35 bis unter 40 Jahre,m,7655
01060,2014,35 bis unter 40 Jahre,f,7944
01060,2014,90 bis unter 95 Jahre,f,1272
01060,2014,90 bis unter 95 Jahre,m,402
01060,2014,80 bis unter 85 Jahre,f,4086
01060,2014,80 bis unter 85 Jahre,m,2890
01060,2014,unter 5 Jahre,m,5810
01060,2014,unter 5 Jahre,f,5495
01060,2014,65 bis unter 70 Jahre,m,6894
01060,2014,65 bis unter 70 Jahre,f,7434
01060,2014,95 Jahre und mehr,m,45
01060,2014,95 Jahre und mehr,f,261
01060,2014,15 bis unter 20 Jahre,f,6968
01060,2014,15 bis unter 20 Jahre,m,7444
01060,2014,50 bis unter 55 Jahre,m,11781
01060,2014,50 bis unter 55 Jahre,f,11442
01060,2014,20 bis unter 25 Jahre,f,5934
01060,2014,20 bis unter 25 Jahre,m,6654
01060,2014,40 bis unter 45 Jahre,m,8874
01060,2014,40 bis unter 45 Jahre,f,8970
08436,2014,10 bis unter 15 Jahre,m,7537
08436,2014,10 bis unter 15 Jahre,f,7080
08436,2014,45 bis unter 50 Jahre,m,11674
08436,2014,45 bis unter 50 Jahre,f,11428
08436,2014,90 bis unter 95 Jahre,f,1452
08436,2014,90 bis unter 95 Jahre,m,435
08436,2014,95 Jahre und mehr,f,292
08436,2014,95 Jahre und mehr,m,81
08436,2014,30 bis unter 35 Jahre,m,8194
08436,2014,30 bis unter 35 Jahre,f,8179
08436,2014,70 bis unter 75 Jahre,f,7000
08436,2014,70 bis unter 75 Jahre,m,6394
08436,2014,50 bis unter 55 Jahre,f,11341
08436,2014,50 bis unter 55 Jahre,m,11398
08436,2014,5 bis unter 10 Jahre,m,6714
08436,2014,5 bis unter 10 Jahre,f,6279
08436,2014,65 bis unter 70 Jahre,f,6570
08436,2014,65 bis unter 70 Jahre,m,6416
08436,2014,85 bis unter 90 Jahre,m,1535
08436,2014,85 bis unter 90 Jahre,f,3066
08436,2014,unter 5 Jahre,f,6073
08436,2014,unter 5 Jahre,m,6328
08436,2014,75 bis unter 80 Jahre,f,6746
08436,2014,75 bis unter 80 Jahre,m,5647
08436,2014,20 bis unter 25 Jahre,f,8173
08436,2014,20 bis unter 25 Jahre,m,8935
08436,2014,55 bis unter 60 Jahre,m,9445
08436,2014,55 bis unter 60 Jahre,f,9810
08436,2014,35 bis unter 40 Jahre,m,7920
08436,2014,35 bis unter 40 Jahre,f,7871
08436,2014,80 bis unter 85 Jahre,f,4192
08436,2014,80 bis unter 85 Jahre,m,2938
08436,2014,40 bis unter 45 Jahre,m,9086
08436,2014,40 bis unter 45 Jahre,f,9204
08436,2014,60 bis unter 65 Jahre,m,7879
08436,2014,60 bis unter 65 Jahre,f,8203
08436,2014,25 bis unter 30 Jahre,f,8179
08436,2014,25 bis unter 30 Jahre,m,8886
08436,2014,15 bis unter 20 Jahre,f,8072
08436,2014,15 bis unter 20 Jahre,m,8687
09775,2014,75 bis unter 80 Jahre,f,4206
09775,2014,75 bis unter 80 Jahre,m,3441
09775,2014,40 bis unter 45 Jahre,f,5584
09775,2014,40 bis unter 45 Jahre,m,5717
09775,2014,55 bis unter 60 Jahre,f,5953
09775,2014,55 bis unter 60 Jahre,m,5919
09775,2014,15 bis unter 20 Jahre,f,4445
09775,2014,15 bis unter 20 Jahre,m,4637
09775,2014,35 bis unter 40 Jahre,m,5101
09775,2014,35 bis unter 40 Jahre,f,4929
09775,2014,20 bis unter 25 Jahre,m,5188
09775,2014,20 bis unter 25 Jahre,f,4657
09775,2014,80 bis unter 85 Jahre,f,2598
09775,2014,80 bis unter 85 Jahre,m,1869
09775,2014,unter 5 Jahre,f,3668
09775,2014,unter 5 Jahre,m,3814
09775,2014,95 Jahre und mehr,m,27
09775,2014,95 Jahre und mehr,f,128
09775,2014,85 bis unter 90 Jahre,m,908
09775,2014,85 bis unter 90 Jahre,f,1853
09775,2014,90 bis unter 95 Jahre,m,251
09775,2014,90 bis unter 95 Jahre,f,764
09775,2014,10 bis unter 15 Jahre,m,4223
09775,2014,10 bis unter 15 Jahre,f,4074
09775,2014,65 bis unter 70 Jahre,m,3960
09775,2014,65 bis unter 70 Jahre,f,4147
09775,2014,5 bis unter 10 Jahre,m,3758
09775,2014,5 bis unter 10 Jahre,f,3877
09775,2014,45 bis unter 50 Jahre,f,6824
09775,2014,45 bis unter 50 Jahre,m,6958
09775,2014,50 bis unter 55 Jahre,f,6850
09775,2014,50 bis unter 55 Jahre,m,6951
09775,2014,30 bis unter 35 Jahre,f,5367
09775,2014,30 bis unter 35 Jahre,m,5498
09775,2014,25 bis unter 30 Jahre,f,5183
09775,2014,25 bis unter 30 Jahre,m,5492
09775,2014,70 bis unter 75 Jahre,m,4239
09775,2014,70 bis unter 75 Jahre,f,4691
09775,2014,60 bis unter 65 Jahre,m,4862
09775,2014,60 bis unter 65 Jahre,f,5236
09476,2014,45 bis unter 50 Jahre,m,3046
09476,2014,45 bis unter 50 Jahre,f,2929
09476,2014,90 bis unter 95 Jahre,f,396
09476,2014,90 bis unter 95 Jahre,m,116
09476,2014,10 bis unter 15 Jahre,m,1545
09476,2014,10 bis unter 15 Jahre,f,1511
09476,2014,65 bis unter 70 Jahre,m,1842
09476,2014,65 bis unter 70 Jahre,f,1807
09476,2014,85 bis unter 90 Jahre,m,457
09476,2014,85 bis unter 90 Jahre,f,1010
09476,2014,50 bis unter 55 Jahre,f,3101
09476,2014,50 bis unter 55 Jahre,m,3275
09476,2014,70 bis unter 75 Jahre,m,1639
09476,2014,70 bis unter 75 Jahre,f,1925
09476,2014,5 bis unter 10 Jahre,m,1209
09476,2014,5 bis unter 10 Jahre,f,1216
09476,2014,30 bis unter 35 Jahre,m,1822
09476,2014,30 bis unter 35 Jahre,f,1686
09476,2014,25 bis unter 30 Jahre,f,1605
09476,2014,25 bis unter 30 Jahre,m,1730
09476,2014,35 bis unter 40 Jahre,f,1766
09476,2014,35 bis unter 40 Jahre,m,1838
09476,2014,55 bis unter 60 Jahre,f,2735
09476,2014,55 bis unter 60 Jahre,m,2820
09476,2014,60 bis unter 65 Jahre,m,2397
09476,2014,60 bis unter 65 Jahre,f,2397
09476,2014,unter 5 Jahre,m,1194
09476,2014,unter 5 Jahre,f,1117
09476,2014,15 bis unter 20 Jahre,m,1703
09476,2014,15 bis unter 20 Jahre,f,1638
09476,2014,80 bis unter 85 Jahre,f,1481
09476,2014,80 bis unter 85 Jahre,m,900
09476,2014,20 bis unter 25 Jahre,m,1873
09476,2014,20 bis unter 25 Jahre,f,1624
09476,2014,40 bis unter 45 Jahre,m,2270
09476,2014,40 bis unter 45 Jahre,f,2270
09476,2014,75 bis unter 80 Jahre,f,2326
09476,2014,75 bis unter 80 Jahre,m,1723
09476,2014,95 Jahre und mehr,f,45
09476,2014,95 Jahre und mehr,m,14
08327,2014,95 Jahre und mehr,f,115
08327,2014,95 Jahre und mehr,m,26
08327,2014,35 bis unter 40 Jahre,m,3973
08327,2014,35 bis unter 40 Jahre,f,3932
08327,2014,unter 5 Jahre,m,3251
08327,2014,unter 5 Jahre,f,3090
08327,2014,80 bis unter 85 Jahre,f,2313
08327,2014,80 bis unter 85 Jahre,m,1652
08327,2014,20 bis unter 25 Jahre,m,4204
08327,2014,20 bis unter 25 Jahre,f,3618
08327,2014,15 bis unter 20 Jahre,m,4176
08327,2014,15 bis unter 20 Jahre,f,3808
08327,2014,60 bis unter 65 Jahre,f,4138
08327,2014,60 bis unter 65 Jahre,m,3961
08327,2014,40 bis unter 45 Jahre,f,4185
08327,2014,40 bis unter 45 Jahre,m,4369
08327,2014,55 bis unter 60 Jahre,f,4797
08327,2014,55 bis unter 60 Jahre,m,4821
08327,2014,75 bis unter 80 Jahre,m,2910
08327,2014,75 bis unter 80 Jahre,f,3579
08327,2014,5 bis unter 10 Jahre,f,3252
08327,2014,5 bis unter 10 Jahre,m,3393
08327,2014,50 bis unter 55 Jahre,f,5381
08327,2014,50 bis unter 55 Jahre,m,5687
08327,2014,25 bis unter 30 Jahre,f,3963
08327,2014,25 bis unter 30 Jahre,m,4450
08327,2014,90 bis unter 95 Jahre,f,624
08327,2014,90 bis unter 95 Jahre,m,241
08327,2014,70 bis unter 75 Jahre,f,3384
08327,2014,70 bis unter 75 Jahre,m,2977
08327,2014,10 bis unter 15 Jahre,m,3740
08327,2014,10 bis unter 15 Jahre,f,3549
08327,2014,30 bis unter 35 Jahre,m,4203
08327,2014,30 bis unter 35 Jahre,f,3927
08327,2014,65 bis unter 70 Jahre,m,2869
08327,2014,65 bis unter 70 Jahre,f,2965
08327,2014,85 bis unter 90 Jahre,f,1559
08327,2014,85 bis unter 90 Jahre,m,819
08327,2014,45 bis unter 50 Jahre,m,5411
08327,2014,45 bis unter 50 Jahre,f,5295
03352,2014,25 bis unter 30 Jahre,f,4498
03352,2014,25 bis unter 30 Jahre,m,4653
03352,2014,45 bis unter 50 Jahre,f,8625
03352,2014,45 bis unter 50 Jahre,m,8318
03352,2014,65 bis unter 70 Jahre,f,6043
03352,2014,65 bis unter 70 Jahre,m,5975
03352,2014,80 bis unter 85 Jahre,m,2512
03352,2014,80 bis unter 85 Jahre,f,3816
03352,2014,50 bis unter 55 Jahre,f,8462
03352,2014,50 bis unter 55 Jahre,m,8320
03352,2014,5 bis unter 10 Jahre,m,4351
03352,2014,5 bis unter 10 Jahre,f,3942
03352,2014,85 bis unter 90 Jahre,f,2582
03352,2014,85 bis unter 90 Jahre,m,1271
03352,2014,10 bis unter 15 Jahre,f,4827
03352,2014,10 bis unter 15 Jahre,m,4909
03352,2014,40 bis unter 45 Jahre,m,6074
03352,2014,40 bis unter 45 Jahre,f,6413
03352,2014,55 bis unter 60 Jahre,m,7139
03352,2014,55 bis unter 60 Jahre,f,7608
03352,2014,90 bis unter 95 Jahre,f,1294
03352,2014,90 bis unter 95 Jahre,m,388
03352,2014,70 bis unter 75 Jahre,f,6269
03352,2014,70 bis unter 75 Jahre,m,5916
03352,2014,95 Jahre und mehr,m,59
03352,2014,95 Jahre und mehr,f,272
03352,2014,60 bis unter 65 Jahre,m,6974
03352,2014,60 bis unter 65 Jahre,f,7130
03352,2014,35 bis unter 40 Jahre,m,4785
03352,2014,35 bis unter 40 Jahre,f,4982
03352,2014,15 bis unter 20 Jahre,f,5410
03352,2014,15 bis unter 20 Jahre,m,5662
03352,2014,20 bis unter 25 Jahre,f,4124
03352,2014,20 bis unter 25 Jahre,m,5166
03352,2014,unter 5 Jahre,f,3728
03352,2014,unter 5 Jahre,m,3838
03352,2014,75 bis unter 80 Jahre,f,5938
03352,2014,75 bis unter 80 Jahre,m,5101
03352,2014,30 bis unter 35 Jahre,m,4709
03352,2014,30 bis unter 35 Jahre,f,4704
05962,2014,70 bis unter 75 Jahre,m,10556
05962,2014,70 bis unter 75 Jahre,f,12274
05962,2014,50 bis unter 55 Jahre,m,18560
05962,2014,50 bis unter 55 Jahre,f,18229
05962,2014,85 bis unter 90 Jahre,m,2395
05962,2014,85 bis unter 90 Jahre,f,5099
05962,2014,90 bis unter 95 Jahre,m,599
05962,2014,90 bis unter 95 Jahre,f,2236
05962,2014,15 bis unter 20 Jahre,f,11199
05962,2014,15 bis unter 20 Jahre,m,12019
05962,2014,45 bis unter 50 Jahre,m,18233
05962,2014,45 bis unter 50 Jahre,f,18066
05962,2014,5 bis unter 10 Jahre,m,9207
05962,2014,5 bis unter 10 Jahre,f,8797
05962,2014,30 bis unter 35 Jahre,m,11251
05962,2014,30 bis unter 35 Jahre,f,11039
05962,2014,unter 5 Jahre,f,8140
05962,2014,unter 5 Jahre,m,8577
05962,2014,40 bis unter 45 Jahre,f,13137
05962,2014,40 bis unter 45 Jahre,m,12563
05962,2014,75 bis unter 80 Jahre,f,12342
05962,2014,75 bis unter 80 Jahre,m,9842
05962,2014,20 bis unter 25 Jahre,f,11034
05962,2014,20 bis unter 25 Jahre,m,12304
05962,2014,10 bis unter 15 Jahre,f,9986
05962,2014,10 bis unter 15 Jahre,m,10454
05962,2014,65 bis unter 70 Jahre,m,9706
05962,2014,65 bis unter 70 Jahre,f,10852
05962,2014,95 Jahre und mehr,m,77
05962,2014,95 Jahre und mehr,f,438
05962,2014,80 bis unter 85 Jahre,m,5005
05962,2014,80 bis unter 85 Jahre,f,7502
05962,2014,60 bis unter 65 Jahre,m,12872
05962,2014,60 bis unter 65 Jahre,f,13504
05962,2014,55 bis unter 60 Jahre,m,15631
05962,2014,55 bis unter 60 Jahre,f,15457
05962,2014,25 bis unter 30 Jahre,f,10887
05962,2014,25 bis unter 30 Jahre,m,11946
05962,2014,35 bis unter 40 Jahre,m,10721
05962,2014,35 bis unter 40 Jahre,f,11084
05166,2014,85 bis unter 90 Jahre,f,3419
05166,2014,85 bis unter 90 Jahre,m,1756
05166,2014,30 bis unter 35 Jahre,f,7712
05166,2014,30 bis unter 35 Jahre,m,7545
05166,2014,10 bis unter 15 Jahre,f,7259
05166,2014,10 bis unter 15 Jahre,m,7292
05166,2014,25 bis unter 30 Jahre,f,7045
05166,2014,25 bis unter 30 Jahre,m,7566
05166,2014,90 bis unter 95 Jahre,f,1480
05166,2014,90 bis unter 95 Jahre,m,459
05166,2014,45 bis unter 50 Jahre,m,13762
05166,2014,45 bis unter 50 Jahre,f,14036
05166,2014,65 bis unter 70 Jahre,f,7919
05166,2014,65 bis unter 70 Jahre,m,7092
05166,2014,50 bis unter 55 Jahre,f,13851
05166,2014,50 bis unter 55 Jahre,m,13996
05166,2014,80 bis unter 85 Jahre,m,3587
05166,2014,80 bis unter 85 Jahre,f,5172
05166,2014,5 bis unter 10 Jahre,m,6330
05166,2014,5 bis unter 10 Jahre,f,6186
05166,2014,70 bis unter 75 Jahre,m,7465
05166,2014,70 bis unter 75 Jahre,f,8683
05166,2014,60 bis unter 65 Jahre,m,9277
05166,2014,60 bis unter 65 Jahre,f,9820
05166,2014,40 bis unter 45 Jahre,m,9115
05166,2014,40 bis unter 45 Jahre,f,9656
05166,2014,35 bis unter 40 Jahre,f,7987
05166,2014,35 bis unter 40 Jahre,m,7411
05166,2014,95 Jahre und mehr,f,290
05166,2014,95 Jahre und mehr,m,52
05166,2014,75 bis unter 80 Jahre,f,8511
05166,2014,75 bis unter 80 Jahre,m,6721
05166,2014,20 bis unter 25 Jahre,f,7456
05166,2014,20 bis unter 25 Jahre,m,8230
05166,2014,55 bis unter 60 Jahre,f,11359
05166,2014,55 bis unter 60 Jahre,m,11358
05166,2014,15 bis unter 20 Jahre,m,8689
05166,2014,15 bis unter 20 Jahre,f,8195
05166,2014,unter 5 Jahre,f,5584
05166,2014,unter 5 Jahre,m,5744
08135,2014,unter 5 Jahre,m,2766
08135,2014,unter 5 Jahre,f,2596
08135,2014,35 bis unter 40 Jahre,m,3571
08135,2014,35 bis unter 40 Jahre,f,3443
08135,2014,80 bis unter 85 Jahre,f,2611
08135,2014,80 bis unter 85 Jahre,m,1749
08135,2014,55 bis unter 60 Jahre,m,4641
08135,2014,55 bis unter 60 Jahre,f,4612
08135,2014,75 bis unter 80 Jahre,m,3009
08135,2014,75 bis unter 80 Jahre,f,3779
08135,2014,60 bis unter 65 Jahre,m,3936
08135,2014,60 bis unter 65 Jahre,f,3963
08135,2014,40 bis unter 45 Jahre,f,4049
08135,2014,40 bis unter 45 Jahre,m,3995
08135,2014,20 bis unter 25 Jahre,m,3957
08135,2014,20 bis unter 25 Jahre,f,3444
08135,2014,25 bis unter 30 Jahre,f,3412
08135,2014,25 bis unter 30 Jahre,m,3976
08135,2014,15 bis unter 20 Jahre,f,3564
08135,2014,15 bis unter 20 Jahre,m,3844
08135,2014,45 bis unter 50 Jahre,f,5086
08135,2014,45 bis unter 50 Jahre,m,5243
08135,2014,50 bis unter 55 Jahre,m,5513
08135,2014,50 bis unter 55 Jahre,f,5347
08135,2014,90 bis unter 95 Jahre,f,728
08135,2014,90 bis unter 95 Jahre,m,253
08135,2014,30 bis unter 35 Jahre,m,3818
08135,2014,30 bis unter 35 Jahre,f,3667
08135,2014,10 bis unter 15 Jahre,m,3478
08135,2014,10 bis unter 15 Jahre,f,3120
08135,2014,70 bis unter 75 Jahre,f,3705
08135,2014,70 bis unter 75 Jahre,m,3067
08135,2014,5 bis unter 10 Jahre,m,2931
08135,2014,5 bis unter 10 Jahre,f,2786
08135,2014,65 bis unter 70 Jahre,f,3253
08135,2014,65 bis unter 70 Jahre,m,3129
08135,2014,95 Jahre und mehr,m,31
08135,2014,95 Jahre und mehr,f,119
08135,2014,85 bis unter 90 Jahre,m,944
08135,2014,85 bis unter 90 Jahre,f,1759
09175,2014,95 Jahre und mehr,f,117
09175,2014,95 Jahre und mehr,m,34
09175,2014,35 bis unter 40 Jahre,m,4274
09175,2014,35 bis unter 40 Jahre,f,4485
09175,2014,unter 5 Jahre,m,3525
09175,2014,unter 5 Jahre,f,3268
09175,2014,80 bis unter 85 Jahre,f,1935
09175,2014,80 bis unter 85 Jahre,m,1439
09175,2014,15 bis unter 20 Jahre,m,4046
09175,2014,15 bis unter 20 Jahre,f,3738
09175,2014,60 bis unter 65 Jahre,f,3635
09175,2014,60 bis unter 65 Jahre,m,3279
09175,2014,20 bis unter 25 Jahre,m,3763
09175,2014,20 bis unter 25 Jahre,f,3424
09175,2014,55 bis unter 60 Jahre,m,4472
09175,2014,55 bis unter 60 Jahre,f,4281
09175,2014,40 bis unter 45 Jahre,f,4886
09175,2014,40 bis unter 45 Jahre,m,4987
09175,2014,5 bis unter 10 Jahre,f,3413
09175,2014,5 bis unter 10 Jahre,m,3679
09175,2014,90 bis unter 95 Jahre,m,213
09175,2014,90 bis unter 95 Jahre,f,568
09175,2014,10 bis unter 15 Jahre,f,3486
09175,2014,10 bis unter 15 Jahre,m,3714
09175,2014,75 bis unter 80 Jahre,f,3183
09175,2014,75 bis unter 80 Jahre,m,2764
09175,2014,65 bis unter 70 Jahre,m,3013
09175,2014,65 bis unter 70 Jahre,f,3191
09175,2014,85 bis unter 90 Jahre,f,1182
09175,2014,85 bis unter 90 Jahre,m,731
09175,2014,25 bis unter 30 Jahre,m,3462
09175,2014,25 bis unter 30 Jahre,f,3423
09175,2014,70 bis unter 75 Jahre,f,3693
09175,2014,70 bis unter 75 Jahre,m,3276
09175,2014,50 bis unter 55 Jahre,f,5756
09175,2014,50 bis unter 55 Jahre,m,5795
09175,2014,30 bis unter 35 Jahre,f,4133
09175,2014,30 bis unter 35 Jahre,m,3870
09175,2014,45 bis unter 50 Jahre,m,6509
09175,2014,45 bis unter 50 Jahre,f,6231
08111,2014,95 Jahre und mehr,m,193
08111,2014,95 Jahre und mehr,f,820
08111,2014,60 bis unter 65 Jahre,m,14214
08111,2014,60 bis unter 65 Jahre,f,15835
08111,2014,80 bis unter 85 Jahre,m,6307
08111,2014,80 bis unter 85 Jahre,f,9165
08111,2014,unter 5 Jahre,m,14211
08111,2014,unter 5 Jahre,f,13681
08111,2014,55 bis unter 60 Jahre,m,17522
08111,2014,55 bis unter 60 Jahre,f,17400
08111,2014,25 bis unter 30 Jahre,f,28093
08111,2014,25 bis unter 30 Jahre,m,28795
08111,2014,40 bis unter 45 Jahre,m,22202
08111,2014,40 bis unter 45 Jahre,f,20349
08111,2014,15 bis unter 20 Jahre,m,13867
08111,2014,15 bis unter 20 Jahre,f,12994
08111,2014,10 bis unter 15 Jahre,f,11859
08111,2014,10 bis unter 15 Jahre,m,12691
08111,2014,65 bis unter 70 Jahre,f,13734
08111,2014,65 bis unter 70 Jahre,m,12539
08111,2014,70 bis unter 75 Jahre,f,15428
08111,2014,70 bis unter 75 Jahre,m,13177
08111,2014,90 bis unter 95 Jahre,f,3477
08111,2014,90 bis unter 95 Jahre,m,1080
08111,2014,45 bis unter 50 Jahre,m,24118
08111,2014,45 bis unter 50 Jahre,f,21976
08111,2014,35 bis unter 40 Jahre,m,23162
08111,2014,35 bis unter 40 Jahre,f,21881
08111,2014,30 bis unter 35 Jahre,m,27865
08111,2014,30 bis unter 35 Jahre,f,26513
08111,2014,50 bis unter 55 Jahre,m,22293
08111,2014,50 bis unter 55 Jahre,f,20808
08111,2014,75 bis unter 80 Jahre,f,14698
08111,2014,75 bis unter 80 Jahre,m,11474
08111,2014,5 bis unter 10 Jahre,m,13221
08111,2014,5 bis unter 10 Jahre,f,12674
08111,2014,85 bis unter 90 Jahre,f,6507
08111,2014,85 bis unter 90 Jahre,m,3336
08111,2014,20 bis unter 25 Jahre,f,20927
08111,2014,20 bis unter 25 Jahre,m,21355
09180,2014,40 bis unter 45 Jahre,f,2616
09180,2014,40 bis unter 45 Jahre,m,2567
09180,2014,75 bis unter 80 Jahre,f,2888
09180,2014,75 bis unter 80 Jahre,m,2262
09180,2014,95 Jahre und mehr,f,147
09180,2014,95 Jahre und mehr,m,41
09180,2014,55 bis unter 60 Jahre,f,2989
09180,2014,55 bis unter 60 Jahre,m,2813
09180,2014,15 bis unter 20 Jahre,m,2360
09180,2014,15 bis unter 20 Jahre,f,2097
09180,2014,60 bis unter 65 Jahre,f,2743
09180,2014,60 bis unter 65 Jahre,m,2442
09180,2014,20 bis unter 25 Jahre,f,2203
09180,2014,20 bis unter 25 Jahre,m,2561
09180,2014,35 bis unter 40 Jahre,f,2362
09180,2014,35 bis unter 40 Jahre,m,2175
09180,2014,unter 5 Jahre,m,1742
09180,2014,unter 5 Jahre,f,1627
09180,2014,90 bis unter 95 Jahre,m,189
09180,2014,90 bis unter 95 Jahre,f,620
09180,2014,85 bis unter 90 Jahre,m,621
09180,2014,85 bis unter 90 Jahre,f,1116
09180,2014,65 bis unter 70 Jahre,m,2415
09180,2014,65 bis unter 70 Jahre,f,2736
09180,2014,10 bis unter 15 Jahre,m,1954
09180,2014,10 bis unter 15 Jahre,f,1817
09180,2014,5 bis unter 10 Jahre,f,1643
09180,2014,5 bis unter 10 Jahre,m,1816
09180,2014,30 bis unter 35 Jahre,f,2359
09180,2014,30 bis unter 35 Jahre,m,2254
09180,2014,25 bis unter 30 Jahre,f,2222
09180,2014,25 bis unter 30 Jahre,m,2389
09180,2014,45 bis unter 50 Jahre,m,3576
09180,2014,45 bis unter 50 Jahre,f,3791
09180,2014,50 bis unter 55 Jahre,f,3642
09180,2014,50 bis unter 55 Jahre,m,3579
09180,2014,70 bis unter 75 Jahre,m,2578
09180,2014,70 bis unter 75 Jahre,f,3169
09180,2014,80 bis unter 85 Jahre,m,1191
09180,2014,80 bis unter 85 Jahre,f,1619
09171,2014,90 bis unter 95 Jahre,m,172
09171,2014,90 bis unter 95 Jahre,f,562
09171,2014,85 bis unter 90 Jahre,m,666
09171,2014,85 bis unter 90 Jahre,f,1394
09171,2014,70 bis unter 75 Jahre,m,2652
09171,2014,70 bis unter 75 Jahre,f,3070
09171,2014,65 bis unter 70 Jahre,m,2613
09171,2014,65 bis unter 70 Jahre,f,2954
09171,2014,35 bis unter 40 Jahre,f,2892
09171,2014,35 bis unter 40 Jahre,m,2975
09171,2014,20 bis unter 25 Jahre,f,2888
09171,2014,20 bis unter 25 Jahre,m,3138
09171,2014,50 bis unter 55 Jahre,m,4722
09171,2014,50 bis unter 55 Jahre,f,4641
09171,2014,10 bis unter 15 Jahre,m,2665
09171,2014,10 bis unter 15 Jahre,f,2611
09171,2014,80 bis unter 85 Jahre,f,1985
09171,2014,80 bis unter 85 Jahre,m,1346
09171,2014,45 bis unter 50 Jahre,m,4574
09171,2014,45 bis unter 50 Jahre,f,4394
09171,2014,75 bis unter 80 Jahre,f,3052
09171,2014,75 bis unter 80 Jahre,m,2291
09171,2014,unter 5 Jahre,m,2345
09171,2014,unter 5 Jahre,f,2214
09171,2014,55 bis unter 60 Jahre,f,4042
09171,2014,55 bis unter 60 Jahre,m,3957
09171,2014,5 bis unter 10 Jahre,f,2269
09171,2014,5 bis unter 10 Jahre,m,2406
09171,2014,30 bis unter 35 Jahre,f,3055
09171,2014,30 bis unter 35 Jahre,m,3199
09171,2014,60 bis unter 65 Jahre,m,3354
09171,2014,60 bis unter 65 Jahre,f,3523
09171,2014,95 Jahre und mehr,f,111
09171,2014,95 Jahre und mehr,m,29
09171,2014,15 bis unter 20 Jahre,m,3050
09171,2014,15 bis unter 20 Jahre,f,2841
09171,2014,25 bis unter 30 Jahre,m,3110
09171,2014,25 bis unter 30 Jahre,f,2806
09171,2014,40 bis unter 45 Jahre,f,3400
09171,2014,40 bis unter 45 Jahre,m,3497
09377,2014,15 bis unter 20 Jahre,f,2021
09377,2014,15 bis unter 20 Jahre,m,2149
09377,2014,75 bis unter 80 Jahre,f,2215
09377,2014,75 bis unter 80 Jahre,m,1656
09377,2014,60 bis unter 65 Jahre,f,2429
09377,2014,60 bis unter 65 Jahre,m,2569
09377,2014,90 bis unter 95 Jahre,m,135
09377,2014,90 bis unter 95 Jahre,f,428
09377,2014,35 bis unter 40 Jahre,f,1947
09377,2014,35 bis unter 40 Jahre,m,1901
09377,2014,65 bis unter 70 Jahre,m,1840
09377,2014,65 bis unter 70 Jahre,f,1846
09377,2014,50 bis unter 55 Jahre,m,3351
09377,2014,50 bis unter 55 Jahre,f,3269
09377,2014,20 bis unter 25 Jahre,f,1969
09377,2014,20 bis unter 25 Jahre,m,2287
09377,2014,unter 5 Jahre,m,1436
09377,2014,unter 5 Jahre,f,1365
09377,2014,80 bis unter 85 Jahre,f,1507
09377,2014,80 bis unter 85 Jahre,m,969
09377,2014,55 bis unter 60 Jahre,m,2895
09377,2014,55 bis unter 60 Jahre,f,2845
09377,2014,70 bis unter 75 Jahre,m,1818
09377,2014,70 bis unter 75 Jahre,f,1993
09377,2014,45 bis unter 50 Jahre,m,3152
09377,2014,45 bis unter 50 Jahre,f,3004
09377,2014,5 bis unter 10 Jahre,f,1389
09377,2014,5 bis unter 10 Jahre,m,1468
09377,2014,10 bis unter 15 Jahre,f,1640
09377,2014,10 bis unter 15 Jahre,m,1703
09377,2014,25 bis unter 30 Jahre,f,1795
09377,2014,25 bis unter 30 Jahre,m,2133
09377,2014,30 bis unter 35 Jahre,f,1907
09377,2014,30 bis unter 35 Jahre,m,1961
09377,2014,85 bis unter 90 Jahre,f,1040
09377,2014,85 bis unter 90 Jahre,m,468
09377,2014,40 bis unter 45 Jahre,m,2377
09377,2014,40 bis unter 45 Jahre,f,2286
09377,2014,95 Jahre und mehr,f,69
09377,2014,95 Jahre und mehr,m,18
07134,2014,85 bis unter 90 Jahre,m,609
07134,2014,85 bis unter 90 Jahre,f,1159
07134,2014,50 bis unter 55 Jahre,m,3687
07134,2014,50 bis unter 55 Jahre,f,3573
07134,2014,30 bis unter 35 Jahre,m,2166
07134,2014,30 bis unter 35 Jahre,f,2036
07134,2014,70 bis unter 75 Jahre,m,2045
07134,2014,70 bis unter 75 Jahre,f,2192
07134,2014,45 bis unter 50 Jahre,m,3153
07134,2014,45 bis unter 50 Jahre,f,3249
07134,2014,90 bis unter 95 Jahre,f,518
07134,2014,90 bis unter 95 Jahre,m,158
07134,2014,65 bis unter 70 Jahre,m,2099
07134,2014,65 bis unter 70 Jahre,f,2193
07134,2014,5 bis unter 10 Jahre,m,1612
07134,2014,5 bis unter 10 Jahre,f,1516
07134,2014,95 Jahre und mehr,f,81
07134,2014,95 Jahre und mehr,m,22
07134,2014,55 bis unter 60 Jahre,f,3340
07134,2014,55 bis unter 60 Jahre,m,3317
07134,2014,unter 5 Jahre,f,1449
07134,2014,unter 5 Jahre,m,1525
07134,2014,35 bis unter 40 Jahre,f,1934
07134,2014,35 bis unter 40 Jahre,m,1995
07134,2014,25 bis unter 30 Jahre,m,2455
07134,2014,25 bis unter 30 Jahre,f,2018
07134,2014,80 bis unter 85 Jahre,f,1763
07134,2014,80 bis unter 85 Jahre,m,1204
07134,2014,60 bis unter 65 Jahre,m,3023
07134,2014,60 bis unter 65 Jahre,f,3047
07134,2014,40 bis unter 45 Jahre,m,2294
07134,2014,40 bis unter 45 Jahre,f,2386
07134,2014,75 bis unter 80 Jahre,m,2138
07134,2014,75 bis unter 80 Jahre,f,2705
07134,2014,20 bis unter 25 Jahre,m,2300
07134,2014,20 bis unter 25 Jahre,f,1915
07134,2014,15 bis unter 20 Jahre,m,2099
07134,2014,15 bis unter 20 Jahre,f,2024
07134,2014,10 bis unter 15 Jahre,f,1713
07134,2014,10 bis unter 15 Jahre,m,1879
07319,2014,10 bis unter 15 Jahre,m,1927
07319,2014,10 bis unter 15 Jahre,f,1850
07319,2014,45 bis unter 50 Jahre,m,3239
07319,2014,45 bis unter 50 Jahre,f,3011
07319,2014,90 bis unter 95 Jahre,f,492
07319,2014,90 bis unter 95 Jahre,m,120
07319,2014,30 bis unter 35 Jahre,m,2460
07319,2014,30 bis unter 35 Jahre,f,2447
07319,2014,25 bis unter 30 Jahre,m,2689
07319,2014,25 bis unter 30 Jahre,f,2602
07319,2014,85 bis unter 90 Jahre,m,465
07319,2014,85 bis unter 90 Jahre,f,1028
07319,2014,50 bis unter 55 Jahre,m,3347
07319,2014,50 bis unter 55 Jahre,f,3301
07319,2014,65 bis unter 70 Jahre,m,1837
07319,2014,65 bis unter 70 Jahre,f,2109
07319,2014,70 bis unter 75 Jahre,m,1799
07319,2014,70 bis unter 75 Jahre,f,2186
07319,2014,15 bis unter 20 Jahre,f,2005
07319,2014,15 bis unter 20 Jahre,m,2191
07319,2014,5 bis unter 10 Jahre,f,1804
07319,2014,5 bis unter 10 Jahre,m,1901
07319,2014,35 bis unter 40 Jahre,f,2407
07319,2014,35 bis unter 40 Jahre,m,2458
07319,2014,40 bis unter 45 Jahre,m,2583
07319,2014,40 bis unter 45 Jahre,f,2485
07319,2014,55 bis unter 60 Jahre,m,2936
07319,2014,55 bis unter 60 Jahre,f,3039
07319,2014,80 bis unter 85 Jahre,f,1369
07319,2014,80 bis unter 85 Jahre,m,900
07319,2014,20 bis unter 25 Jahre,m,2649
07319,2014,20 bis unter 25 Jahre,f,2615
07319,2014,60 bis unter 65 Jahre,f,2691
07319,2014,60 bis unter 65 Jahre,m,2479
07319,2014,unter 5 Jahre,m,1928
07319,2014,unter 5 Jahre,f,1821
07319,2014,75 bis unter 80 Jahre,m,1635
07319,2014,75 bis unter 80 Jahre,f,2097
07319,2014,95 Jahre und mehr,f,95
07319,2014,95 Jahre und mehr,m,13
09174,2014,85 bis unter 90 Jahre,f,1363
09174,2014,85 bis unter 90 Jahre,m,663
09174,2014,30 bis unter 35 Jahre,f,4840
09174,2014,30 bis unter 35 Jahre,m,4769
09174,2014,25 bis unter 30 Jahre,m,4388
09174,2014,25 bis unter 30 Jahre,f,4301
09174,2014,65 bis unter 70 Jahre,f,3578
09174,2014,65 bis unter 70 Jahre,m,3318
09174,2014,70 bis unter 75 Jahre,f,3553
09174,2014,70 bis unter 75 Jahre,m,3362
09174,2014,5 bis unter 10 Jahre,m,3532
09174,2014,5 bis unter 10 Jahre,f,3409
09174,2014,10 bis unter 15 Jahre,m,3786
09174,2014,10 bis unter 15 Jahre,f,3522
09174,2014,45 bis unter 50 Jahre,f,6604
09174,2014,45 bis unter 50 Jahre,m,6766
09174,2014,50 bis unter 55 Jahre,f,6166
09174,2014,50 bis unter 55 Jahre,m,6359
09174,2014,90 bis unter 95 Jahre,f,642
09174,2014,90 bis unter 95 Jahre,m,229
09174,2014,60 bis unter 65 Jahre,m,3927
09174,2014,60 bis unter 65 Jahre,f,4125
09174,2014,95 Jahre und mehr,f,115
09174,2014,95 Jahre und mehr,m,22
09174,2014,40 bis unter 45 Jahre,m,5167
09174,2014,40 bis unter 45 Jahre,f,5149
09174,2014,15 bis unter 20 Jahre,m,4235
09174,2014,15 bis unter 20 Jahre,f,3899
09174,2014,35 bis unter 40 Jahre,f,4884
09174,2014,35 bis unter 40 Jahre,m,4882
09174,2014,75 bis unter 80 Jahre,f,3319
09174,2014,75 bis unter 80 Jahre,m,2716
09174,2014,20 bis unter 25 Jahre,f,4067
09174,2014,20 bis unter 25 Jahre,m,4320
09174,2014,unter 5 Jahre,f,3342
09174,2014,unter 5 Jahre,m,3714
09174,2014,80 bis unter 85 Jahre,f,1965
09174,2014,80 bis unter 85 Jahre,m,1417
09174,2014,55 bis unter 60 Jahre,f,4813
09174,2014,55 bis unter 60 Jahre,m,5051
06433,2014,60 bis unter 65 Jahre,m,7258
06433,2014,60 bis unter 65 Jahre,f,7857
06433,2014,80 bis unter 85 Jahre,m,2808
06433,2014,80 bis unter 85 Jahre,f,3849
06433,2014,20 bis unter 25 Jahre,m,7567
06433,2014,20 bis unter 25 Jahre,f,7203
06433,2014,5 bis unter 10 Jahre,f,6023
06433,2014,5 bis unter 10 Jahre,m,6105
06433,2014,40 bis unter 45 Jahre,m,9042
06433,2014,40 bis unter 45 Jahre,f,8583
06433,2014,unter 5 Jahre,m,6360
06433,2014,unter 5 Jahre,f,6199
06433,2014,75 bis unter 80 Jahre,m,5462
06433,2014,75 bis unter 80 Jahre,f,6354
06433,2014,65 bis unter 70 Jahre,f,6643
06433,2014,65 bis unter 70 Jahre,m,6286
06433,2014,55 bis unter 60 Jahre,f,8761
06433,2014,55 bis unter 60 Jahre,m,8758
06433,2014,45 bis unter 50 Jahre,f,10922
06433,2014,45 bis unter 50 Jahre,m,11431
06433,2014,10 bis unter 15 Jahre,f,6078
06433,2014,10 bis unter 15 Jahre,m,6611
06433,2014,35 bis unter 40 Jahre,m,8465
06433,2014,35 bis unter 40 Jahre,f,8583
06433,2014,90 bis unter 95 Jahre,f,1133
06433,2014,90 bis unter 95 Jahre,m,399
06433,2014,95 Jahre und mehr,m,50
06433,2014,95 Jahre und mehr,f,220
06433,2014,50 bis unter 55 Jahre,m,11090
06433,2014,50 bis unter 55 Jahre,f,10449
06433,2014,85 bis unter 90 Jahre,m,1379
06433,2014,85 bis unter 90 Jahre,f,2459
06433,2014,70 bis unter 75 Jahre,m,6222
06433,2014,70 bis unter 75 Jahre,f,7041
06433,2014,25 bis unter 30 Jahre,m,8248
06433,2014,25 bis unter 30 Jahre,f,8011
06433,2014,30 bis unter 35 Jahre,f,8454
06433,2014,30 bis unter 35 Jahre,m,8595
06433,2014,15 bis unter 20 Jahre,m,7051
06433,2014,15 bis unter 20 Jahre,f,6784
09179,2014,25 bis unter 30 Jahre,f,5567
09179,2014,25 bis unter 30 Jahre,m,5617
09179,2014,45 bis unter 50 Jahre,f,9239
09179,2014,45 bis unter 50 Jahre,m,9293
09179,2014,65 bis unter 70 Jahre,f,6126
09179,2014,65 bis unter 70 Jahre,m,5151
09179,2014,85 bis unter 90 Jahre,f,2016
09179,2014,85 bis unter 90 Jahre,m,1118
09179,2014,50 bis unter 55 Jahre,f,8673
09179,2014,50 bis unter 55 Jahre,m,8677
09179,2014,5 bis unter 10 Jahre,m,5128
09179,2014,5 bis unter 10 Jahre,f,4900
09179,2014,80 bis unter 85 Jahre,m,2459
09179,2014,80 bis unter 85 Jahre,f,3184
09179,2014,10 bis unter 15 Jahre,f,5147
09179,2014,10 bis unter 15 Jahre,m,5194
09179,2014,40 bis unter 45 Jahre,m,7236
09179,2014,40 bis unter 45 Jahre,f,7245
09179,2014,unter 5 Jahre,m,5212
09179,2014,unter 5 Jahre,f,4850
09179,2014,75 bis unter 80 Jahre,m,4853
09179,2014,75 bis unter 80 Jahre,f,5788
09179,2014,30 bis unter 35 Jahre,m,5992
09179,2014,30 bis unter 35 Jahre,f,6293
09179,2014,20 bis unter 25 Jahre,m,5718
09179,2014,20 bis unter 25 Jahre,f,5333
09179,2014,15 bis unter 20 Jahre,f,5283
09179,2014,15 bis unter 20 Jahre,m,5769
09179,2014,35 bis unter 40 Jahre,f,6720
09179,2014,35 bis unter 40 Jahre,m,6485
09179,2014,60 bis unter 65 Jahre,f,6307
09179,2014,60 bis unter 65 Jahre,m,5453
09179,2014,90 bis unter 95 Jahre,m,329
09179,2014,90 bis unter 95 Jahre,f,1095
09179,2014,55 bis unter 60 Jahre,m,6672
09179,2014,55 bis unter 60 Jahre,f,7022
09179,2014,95 Jahre und mehr,f,216
09179,2014,95 Jahre und mehr,m,41
09179,2014,70 bis unter 75 Jahre,f,6904
09179,2014,70 bis unter 75 Jahre,m,5973
09163,2014,20 bis unter 25 Jahre,m,2039
09163,2014,20 bis unter 25 Jahre,f,1872
09163,2014,75 bis unter 80 Jahre,m,1151
09163,2014,75 bis unter 80 Jahre,f,1566
09163,2014,40 bis unter 45 Jahre,m,1985
09163,2014,40 bis unter 45 Jahre,f,1980
09163,2014,unter 5 Jahre,m,1366
09163,2014,unter 5 Jahre,f,1345
09163,2014,80 bis unter 85 Jahre,m,620
09163,2014,80 bis unter 85 Jahre,f,941
09163,2014,60 bis unter 65 Jahre,f,1915
09163,2014,60 bis unter 65 Jahre,m,1511
09163,2014,15 bis unter 20 Jahre,m,1538
09163,2014,15 bis unter 20 Jahre,f,1467
09163,2014,55 bis unter 60 Jahre,m,1811
09163,2014,55 bis unter 60 Jahre,f,1854
09163,2014,25 bis unter 30 Jahre,f,2245
09163,2014,25 bis unter 30 Jahre,m,2461
09163,2014,10 bis unter 15 Jahre,f,1338
09163,2014,10 bis unter 15 Jahre,m,1412
09163,2014,95 Jahre und mehr,m,16
09163,2014,95 Jahre und mehr,f,76
09163,2014,85 bis unter 90 Jahre,f,676
09163,2014,85 bis unter 90 Jahre,m,316
09163,2014,5 bis unter 10 Jahre,f,1345
09163,2014,5 bis unter 10 Jahre,m,1332
09163,2014,30 bis unter 35 Jahre,f,2035
09163,2014,30 bis unter 35 Jahre,m,2166
09163,2014,65 bis unter 70 Jahre,m,1475
09163,2014,65 bis unter 70 Jahre,f,1714
09163,2014,90 bis unter 95 Jahre,f,345
09163,2014,90 bis unter 95 Jahre,m,106
09163,2014,50 bis unter 55 Jahre,m,2287
09163,2014,50 bis unter 55 Jahre,f,2304
09163,2014,45 bis unter 50 Jahre,m,2505
09163,2014,45 bis unter 50 Jahre,f,2380
09163,2014,70 bis unter 75 Jahre,m,1508
09163,2014,70 bis unter 75 Jahre,f,1884
09163,2014,35 bis unter 40 Jahre,f,1915
09163,2014,35 bis unter 40 Jahre,m,2087
09772,2014,80 bis unter 85 Jahre,m,2682
09772,2014,80 bis unter 85 Jahre,f,3875
09772,2014,20 bis unter 25 Jahre,m,7345
09772,2014,20 bis unter 25 Jahre,f,6468
09772,2014,45 bis unter 50 Jahre,f,10883
09772,2014,45 bis unter 50 Jahre,m,10901
09772,2014,75 bis unter 80 Jahre,m,4982
09772,2014,75 bis unter 80 Jahre,f,5977
09772,2014,5 bis unter 10 Jahre,f,5264
09772,2014,5 bis unter 10 Jahre,m,5678
09772,2014,35 bis unter 40 Jahre,m,6956
09772,2014,35 bis unter 40 Jahre,f,7181
09772,2014,30 bis unter 35 Jahre,f,6782
09772,2014,30 bis unter 35 Jahre,m,6948
09772,2014,60 bis unter 65 Jahre,m,7100
09772,2014,60 bis unter 65 Jahre,f,7492
09772,2014,50 bis unter 55 Jahre,f,10563
09772,2014,50 bis unter 55 Jahre,m,10803
09772,2014,15 bis unter 20 Jahre,m,7264
09772,2014,15 bis unter 20 Jahre,f,6787
09772,2014,95 Jahre und mehr,f,208
09772,2014,95 Jahre und mehr,m,54
09772,2014,70 bis unter 75 Jahre,f,6776
09772,2014,70 bis unter 75 Jahre,m,6200
09772,2014,25 bis unter 30 Jahre,m,6934
09772,2014,25 bis unter 30 Jahre,f,6249
09772,2014,40 bis unter 45 Jahre,f,8011
09772,2014,40 bis unter 45 Jahre,m,8079
09772,2014,90 bis unter 95 Jahre,m,330
09772,2014,90 bis unter 95 Jahre,f,1163
09772,2014,10 bis unter 15 Jahre,m,6310
09772,2014,10 bis unter 15 Jahre,f,6100
09772,2014,85 bis unter 90 Jahre,m,1351
09772,2014,85 bis unter 90 Jahre,f,2551
09772,2014,65 bis unter 70 Jahre,f,6308
09772,2014,65 bis unter 70 Jahre,m,5928
09772,2014,55 bis unter 60 Jahre,f,8757
09772,2014,55 bis unter 60 Jahre,m,8788
09772,2014,unter 5 Jahre,m,5463
09772,2014,unter 5 Jahre,f,5206
05114,2014,10 bis unter 15 Jahre,f,5030
05114,2014,10 bis unter 15 Jahre,m,5344
05114,2014,45 bis unter 50 Jahre,f,9588
05114,2014,45 bis unter 50 Jahre,m,9612
05114,2014,95 Jahre und mehr,m,49
05114,2014,95 Jahre und mehr,f,283
05114,2014,85 bis unter 90 Jahre,f,2821
05114,2014,85 bis unter 90 Jahre,m,1331
05114,2014,65 bis unter 70 Jahre,f,6147
05114,2014,65 bis unter 70 Jahre,m,5343
05114,2014,70 bis unter 75 Jahre,f,6930
05114,2014,70 bis unter 75 Jahre,m,5727
05114,2014,25 bis unter 30 Jahre,m,6886
05114,2014,25 bis unter 30 Jahre,f,6519
05114,2014,30 bis unter 35 Jahre,f,6380
05114,2014,30 bis unter 35 Jahre,m,6328
05114,2014,60 bis unter 65 Jahre,m,6392
05114,2014,60 bis unter 65 Jahre,f,7282
05114,2014,5 bis unter 10 Jahre,f,4631
05114,2014,5 bis unter 10 Jahre,m,4917
05114,2014,50 bis unter 55 Jahre,m,9417
05114,2014,50 bis unter 55 Jahre,f,9217
05114,2014,15 bis unter 20 Jahre,m,5829
05114,2014,15 bis unter 20 Jahre,f,5616
05114,2014,40 bis unter 45 Jahre,m,6936
05114,2014,40 bis unter 45 Jahre,f,7122
05114,2014,55 bis unter 60 Jahre,f,8231
05114,2014,55 bis unter 60 Jahre,m,8053
05114,2014,unter 5 Jahre,f,4432
05114,2014,unter 5 Jahre,m,4739
05114,2014,35 bis unter 40 Jahre,f,6317
05114,2014,35 bis unter 40 Jahre,m,6036
05114,2014,20 bis unter 25 Jahre,f,6278
05114,2014,20 bis unter 25 Jahre,m,6343
05114,2014,80 bis unter 85 Jahre,f,4139
05114,2014,80 bis unter 85 Jahre,m,2732
05114,2014,75 bis unter 80 Jahre,m,5163
05114,2014,75 bis unter 80 Jahre,f,6633
05114,2014,90 bis unter 95 Jahre,f,1356
05114,2014,90 bis unter 95 Jahre,m,371
08231,2014,55 bis unter 60 Jahre,m,3873
08231,2014,55 bis unter 60 Jahre,f,4048
08231,2014,35 bis unter 40 Jahre,m,3618
08231,2014,35 bis unter 40 Jahre,f,3405
08231,2014,80 bis unter 85 Jahre,f,2264
08231,2014,80 bis unter 85 Jahre,m,1403
08231,2014,20 bis unter 25 Jahre,m,4109
08231,2014,20 bis unter 25 Jahre,f,4043
08231,2014,95 Jahre und mehr,m,31
08231,2014,95 Jahre und mehr,f,180
08231,2014,60 bis unter 65 Jahre,f,3650
08231,2014,60 bis unter 65 Jahre,m,3155
08231,2014,unter 5 Jahre,m,2871
08231,2014,unter 5 Jahre,f,2673
08231,2014,15 bis unter 20 Jahre,m,3218
08231,2014,15 bis unter 20 Jahre,f,3123
08231,2014,75 bis unter 80 Jahre,f,3459
08231,2014,75 bis unter 80 Jahre,m,2548
08231,2014,40 bis unter 45 Jahre,m,3707
08231,2014,40 bis unter 45 Jahre,f,3665
08231,2014,25 bis unter 30 Jahre,f,4007
08231,2014,25 bis unter 30 Jahre,m,4588
08231,2014,70 bis unter 75 Jahre,m,2608
08231,2014,70 bis unter 75 Jahre,f,3293
08231,2014,45 bis unter 50 Jahre,f,4308
08231,2014,45 bis unter 50 Jahre,m,4416
08231,2014,10 bis unter 15 Jahre,m,2886
08231,2014,10 bis unter 15 Jahre,f,2701
08231,2014,90 bis unter 95 Jahre,f,805
08231,2014,90 bis unter 95 Jahre,m,263
08231,2014,30 bis unter 35 Jahre,m,4099
08231,2014,30 bis unter 35 Jahre,f,3760
08231,2014,85 bis unter 90 Jahre,m,767
08231,2014,85 bis unter 90 Jahre,f,1576
08231,2014,50 bis unter 55 Jahre,m,4584
08231,2014,50 bis unter 55 Jahre,f,4490
08231,2014,65 bis unter 70 Jahre,m,2556
08231,2014,65 bis unter 70 Jahre,f,3084
08231,2014,5 bis unter 10 Jahre,m,2789
08231,2014,5 bis unter 10 Jahre,f,2668
09279,2014,85 bis unter 90 Jahre,m,492
09279,2014,85 bis unter 90 Jahre,f,913
09279,2014,95 Jahre und mehr,f,58
09279,2014,95 Jahre und mehr,m,11
09279,2014,30 bis unter 35 Jahre,m,3102
09279,2014,30 bis unter 35 Jahre,f,2702
09279,2014,10 bis unter 15 Jahre,m,2375
09279,2014,10 bis unter 15 Jahre,f,2310
09279,2014,5 bis unter 10 Jahre,m,2050
09279,2014,5 bis unter 10 Jahre,f,1943
09279,2014,70 bis unter 75 Jahre,m,2024
09279,2014,70 bis unter 75 Jahre,f,2172
09279,2014,90 bis unter 95 Jahre,f,359
09279,2014,90 bis unter 95 Jahre,m,121
09279,2014,15 bis unter 20 Jahre,f,2371
09279,2014,15 bis unter 20 Jahre,m,2758
09279,2014,45 bis unter 50 Jahre,m,3974
09279,2014,45 bis unter 50 Jahre,f,3730
09279,2014,55 bis unter 60 Jahre,f,3539
09279,2014,55 bis unter 60 Jahre,m,3638
09279,2014,25 bis unter 30 Jahre,f,2604
09279,2014,25 bis unter 30 Jahre,m,3524
09279,2014,50 bis unter 55 Jahre,f,4022
09279,2014,50 bis unter 55 Jahre,m,4218
09279,2014,60 bis unter 65 Jahre,f,2749
09279,2014,60 bis unter 65 Jahre,m,2889
09279,2014,35 bis unter 40 Jahre,f,2565
09279,2014,35 bis unter 40 Jahre,m,2961
09279,2014,40 bis unter 45 Jahre,m,3257
09279,2014,40 bis unter 45 Jahre,f,3033
09279,2014,75 bis unter 80 Jahre,m,1873
09279,2014,75 bis unter 80 Jahre,f,2294
09279,2014,20 bis unter 25 Jahre,m,3335
09279,2014,20 bis unter 25 Jahre,f,2742
09279,2014,80 bis unter 85 Jahre,m,1017
09279,2014,80 bis unter 85 Jahre,f,1488
09279,2014,65 bis unter 70 Jahre,f,2207
09279,2014,65 bis unter 70 Jahre,m,2172
09279,2014,unter 5 Jahre,f,1822
09279,2014,unter 5 Jahre,m,2036
07331,2014,90 bis unter 95 Jahre,f,602
07331,2014,90 bis unter 95 Jahre,m,171
07331,2014,45 bis unter 50 Jahre,m,5548
07331,2014,45 bis unter 50 Jahre,f,5694
07331,2014,10 bis unter 15 Jahre,m,3296
07331,2014,10 bis unter 15 Jahre,f,3093
07331,2014,65 bis unter 70 Jahre,m,3094
07331,2014,65 bis unter 70 Jahre,f,2996
07331,2014,30 bis unter 35 Jahre,m,3607
07331,2014,30 bis unter 35 Jahre,f,3361
07331,2014,70 bis unter 75 Jahre,f,2947
07331,2014,70 bis unter 75 Jahre,m,2746
07331,2014,85 bis unter 90 Jahre,f,1361
07331,2014,85 bis unter 90 Jahre,m,691
07331,2014,25 bis unter 30 Jahre,m,3524
07331,2014,25 bis unter 30 Jahre,f,3299
07331,2014,50 bis unter 55 Jahre,m,5848
07331,2014,50 bis unter 55 Jahre,f,5910
07331,2014,5 bis unter 10 Jahre,m,2831
07331,2014,5 bis unter 10 Jahre,f,2691
07331,2014,unter 5 Jahre,f,2576
07331,2014,unter 5 Jahre,m,2788
07331,2014,35 bis unter 40 Jahre,f,3582
07331,2014,35 bis unter 40 Jahre,m,3510
07331,2014,60 bis unter 65 Jahre,m,4547
07331,2014,60 bis unter 65 Jahre,f,4469
07331,2014,55 bis unter 60 Jahre,f,5250
07331,2014,55 bis unter 60 Jahre,m,5229
07331,2014,80 bis unter 85 Jahre,f,1984
07331,2014,80 bis unter 85 Jahre,m,1295
07331,2014,75 bis unter 80 Jahre,m,2462
07331,2014,75 bis unter 80 Jahre,f,2814
07331,2014,95 Jahre und mehr,m,28
07331,2014,95 Jahre und mehr,f,93
07331,2014,15 bis unter 20 Jahre,m,3712
07331,2014,15 bis unter 20 Jahre,f,3487
07331,2014,40 bis unter 45 Jahre,m,4062
07331,2014,40 bis unter 45 Jahre,f,4093
07331,2014,20 bis unter 25 Jahre,f,3092
07331,2014,20 bis unter 25 Jahre,m,3615
07339,2014,40 bis unter 45 Jahre,m,6908
07339,2014,40 bis unter 45 Jahre,f,7247
07339,2014,75 bis unter 80 Jahre,m,4256
07339,2014,75 bis unter 80 Jahre,f,4997
07339,2014,20 bis unter 25 Jahre,m,5431
07339,2014,20 bis unter 25 Jahre,f,4881
07339,2014,80 bis unter 85 Jahre,m,2131
07339,2014,80 bis unter 85 Jahre,f,3053
07339,2014,60 bis unter 65 Jahre,m,6824
07339,2014,60 bis unter 65 Jahre,f,6870
07339,2014,55 bis unter 60 Jahre,m,7832
07339,2014,55 bis unter 60 Jahre,f,8045
07339,2014,95 Jahre und mehr,f,174
07339,2014,95 Jahre und mehr,m,42
07339,2014,35 bis unter 40 Jahre,m,5696
07339,2014,35 bis unter 40 Jahre,f,6078
07339,2014,5 bis unter 10 Jahre,f,4575
07339,2014,5 bis unter 10 Jahre,m,4878
07339,2014,10 bis unter 15 Jahre,f,4919
07339,2014,10 bis unter 15 Jahre,m,5115
07339,2014,unter 5 Jahre,f,4384
07339,2014,unter 5 Jahre,m,4643
07339,2014,65 bis unter 70 Jahre,f,5271
07339,2014,65 bis unter 70 Jahre,m,5003
07339,2014,30 bis unter 35 Jahre,f,5788
07339,2014,30 bis unter 35 Jahre,m,5571
07339,2014,90 bis unter 95 Jahre,m,278
07339,2014,90 bis unter 95 Jahre,f,956
07339,2014,85 bis unter 90 Jahre,f,2106
07339,2014,85 bis unter 90 Jahre,m,1123
07339,2014,50 bis unter 55 Jahre,m,9327
07339,2014,50 bis unter 55 Jahre,f,9466
07339,2014,70 bis unter 75 Jahre,m,5007
07339,2014,70 bis unter 75 Jahre,f,5394
07339,2014,15 bis unter 20 Jahre,f,5444
07339,2014,15 bis unter 20 Jahre,m,5754
07339,2014,45 bis unter 50 Jahre,m,9401
07339,2014,45 bis unter 50 Jahre,f,9482
07339,2014,25 bis unter 30 Jahre,f,5013
07339,2014,25 bis unter 30 Jahre,m,5151
05770,2014,70 bis unter 75 Jahre,m,7379
05770,2014,70 bis unter 75 Jahre,f,8500
05770,2014,90 bis unter 95 Jahre,m,619
05770,2014,90 bis unter 95 Jahre,f,2047
05770,2014,85 bis unter 90 Jahre,m,2206
05770,2014,85 bis unter 90 Jahre,f,4359
05770,2014,15 bis unter 20 Jahre,f,8744
05770,2014,15 bis unter 20 Jahre,m,9365
05770,2014,50 bis unter 55 Jahre,m,13371
05770,2014,50 bis unter 55 Jahre,f,13359
05770,2014,95 Jahre und mehr,m,74
05770,2014,95 Jahre und mehr,f,438
05770,2014,65 bis unter 70 Jahre,m,7048
05770,2014,65 bis unter 70 Jahre,f,7476
05770,2014,30 bis unter 35 Jahre,m,8366
05770,2014,30 bis unter 35 Jahre,f,8082
05770,2014,unter 5 Jahre,f,6445
05770,2014,unter 5 Jahre,m,6771
05770,2014,40 bis unter 45 Jahre,f,9779
05770,2014,40 bis unter 45 Jahre,m,9637
05770,2014,75 bis unter 80 Jahre,f,9164
05770,2014,75 bis unter 80 Jahre,m,7185
05770,2014,5 bis unter 10 Jahre,m,7332
05770,2014,5 bis unter 10 Jahre,f,6961
05770,2014,20 bis unter 25 Jahre,f,8090
05770,2014,20 bis unter 25 Jahre,m,9008
05770,2014,10 bis unter 15 Jahre,m,8179
05770,2014,10 bis unter 15 Jahre,f,7739
05770,2014,80 bis unter 85 Jahre,m,3844
05770,2014,80 bis unter 85 Jahre,f,6193
05770,2014,55 bis unter 60 Jahre,m,11528
05770,2014,55 bis unter 60 Jahre,f,11689
05770,2014,25 bis unter 30 Jahre,f,7975
05770,2014,25 bis unter 30 Jahre,m,8959
05770,2014,60 bis unter 65 Jahre,f,9768
05770,2014,60 bis unter 65 Jahre,m,9515
05770,2014,35 bis unter 40 Jahre,f,8093
05770,2014,35 bis unter 40 Jahre,m,8098
05770,2014,45 bis unter 50 Jahre,m,12974
05770,2014,45 bis unter 50 Jahre,f,12857
01058,2014,40 bis unter 45 Jahre,m,8504
01058,2014,40 bis unter 45 Jahre,f,8913
01058,2014,75 bis unter 80 Jahre,m,6926
01058,2014,75 bis unter 80 Jahre,f,7920
01058,2014,20 bis unter 25 Jahre,m,6813
01058,2014,20 bis unter 25 Jahre,f,5884
01058,2014,unter 5 Jahre,m,5535
01058,2014,unter 5 Jahre,f,5241
01058,2014,35 bis unter 40 Jahre,m,6841
01058,2014,35 bis unter 40 Jahre,f,7221
01058,2014,5 bis unter 10 Jahre,f,5877
01058,2014,5 bis unter 10 Jahre,m,6182
01058,2014,80 bis unter 85 Jahre,f,4473
01058,2014,80 bis unter 85 Jahre,m,3037
01058,2014,60 bis unter 65 Jahre,m,8602
01058,2014,60 bis unter 65 Jahre,f,8825
01058,2014,45 bis unter 50 Jahre,f,12703
01058,2014,45 bis unter 50 Jahre,m,12445
01058,2014,15 bis unter 20 Jahre,f,7731
01058,2014,15 bis unter 20 Jahre,m,8410
01058,2014,25 bis unter 30 Jahre,f,5738
01058,2014,25 bis unter 30 Jahre,m,6159
01058,2014,50 bis unter 55 Jahre,f,12085
01058,2014,50 bis unter 55 Jahre,m,11882
01058,2014,85 bis unter 90 Jahre,m,1521
01058,2014,85 bis unter 90 Jahre,f,2977
01058,2014,95 Jahre und mehr,f,274
01058,2014,95 Jahre und mehr,m,76
01058,2014,30 bis unter 35 Jahre,m,6200
01058,2014,30 bis unter 35 Jahre,f,6688
01058,2014,90 bis unter 95 Jahre,f,1453
01058,2014,90 bis unter 95 Jahre,m,465
01058,2014,65 bis unter 70 Jahre,m,7404
01058,2014,65 bis unter 70 Jahre,f,7797
01058,2014,70 bis unter 75 Jahre,m,8106
01058,2014,70 bis unter 75 Jahre,f,8522
01058,2014,10 bis unter 15 Jahre,m,7147
01058,2014,10 bis unter 15 Jahre,f,6785
01058,2014,55 bis unter 60 Jahre,f,9751
01058,2014,55 bis unter 60 Jahre,m,9515
09679,2014,20 bis unter 25 Jahre,f,4343
09679,2014,20 bis unter 25 Jahre,m,4668
09679,2014,75 bis unter 80 Jahre,f,3949
09679,2014,75 bis unter 80 Jahre,m,3553
09679,2014,35 bis unter 40 Jahre,f,4734
09679,2014,35 bis unter 40 Jahre,m,4597
09679,2014,15 bis unter 20 Jahre,m,4492
09679,2014,15 bis unter 20 Jahre,f,4226
09679,2014,40 bis unter 45 Jahre,f,5068
09679,2014,40 bis unter 45 Jahre,m,5007
09679,2014,55 bis unter 60 Jahre,f,6248
09679,2014,55 bis unter 60 Jahre,m,6120
09679,2014,60 bis unter 65 Jahre,f,5613
09679,2014,60 bis unter 65 Jahre,m,5388
09679,2014,80 bis unter 85 Jahre,f,2482
09679,2014,80 bis unter 85 Jahre,m,1951
09679,2014,95 Jahre und mehr,m,29
09679,2014,95 Jahre und mehr,f,127
09679,2014,65 bis unter 70 Jahre,m,4024
09679,2014,65 bis unter 70 Jahre,f,4057
09679,2014,90 bis unter 95 Jahre,m,274
09679,2014,90 bis unter 95 Jahre,f,738
09679,2014,70 bis unter 75 Jahre,m,3756
09679,2014,70 bis unter 75 Jahre,f,3958
09679,2014,unter 5 Jahre,m,3552
09679,2014,unter 5 Jahre,f,3259
09679,2014,45 bis unter 50 Jahre,m,6707
09679,2014,45 bis unter 50 Jahre,f,6626
09679,2014,30 bis unter 35 Jahre,f,4532
09679,2014,30 bis unter 35 Jahre,m,4636
09679,2014,10 bis unter 15 Jahre,f,3703
09679,2014,10 bis unter 15 Jahre,m,3961
09679,2014,85 bis unter 90 Jahre,f,1707
09679,2014,85 bis unter 90 Jahre,m,927
09679,2014,5 bis unter 10 Jahre,f,3370
09679,2014,5 bis unter 10 Jahre,m,3557
09679,2014,25 bis unter 30 Jahre,m,4714
09679,2014,25 bis unter 30 Jahre,f,4386
09679,2014,50 bis unter 55 Jahre,m,7026
09679,2014,50 bis unter 55 Jahre,f,7188
07143,2014,35 bis unter 40 Jahre,f,5497
07143,2014,35 bis unter 40 Jahre,m,5430
07143,2014,unter 5 Jahre,f,4023
07143,2014,unter 5 Jahre,m,4189
07143,2014,95 Jahre und mehr,m,37
07143,2014,95 Jahre und mehr,f,192
07143,2014,55 bis unter 60 Jahre,f,7507
07143,2014,55 bis unter 60 Jahre,m,7617
07143,2014,20 bis unter 25 Jahre,f,4959
07143,2014,20 bis unter 25 Jahre,m,5832
07143,2014,15 bis unter 20 Jahre,f,5512
07143,2014,15 bis unter 20 Jahre,m,5781
07143,2014,40 bis unter 45 Jahre,f,6600
07143,2014,40 bis unter 45 Jahre,m,6519
07143,2014,70 bis unter 75 Jahre,m,4565
07143,2014,70 bis unter 75 Jahre,f,5093
07143,2014,80 bis unter 85 Jahre,f,3389
07143,2014,80 bis unter 85 Jahre,m,2378
07143,2014,65 bis unter 70 Jahre,m,4897
07143,2014,65 bis unter 70 Jahre,f,4935
07143,2014,75 bis unter 80 Jahre,m,4386
07143,2014,75 bis unter 80 Jahre,f,5321
07143,2014,10 bis unter 15 Jahre,m,5173
07143,2014,10 bis unter 15 Jahre,f,4955
07143,2014,45 bis unter 50 Jahre,m,8863
07143,2014,45 bis unter 50 Jahre,f,8638
07143,2014,90 bis unter 95 Jahre,f,1035
07143,2014,90 bis unter 95 Jahre,m,296
07143,2014,25 bis unter 30 Jahre,f,5259
07143,2014,25 bis unter 30 Jahre,m,5592
07143,2014,85 bis unter 90 Jahre,f,2324
07143,2014,85 bis unter 90 Jahre,m,1233
07143,2014,5 bis unter 10 Jahre,f,4244
07143,2014,5 bis unter 10 Jahre,m,4509
07143,2014,60 bis unter 65 Jahre,m,6553
07143,2014,60 bis unter 65 Jahre,f,6632
07143,2014,30 bis unter 35 Jahre,f,5454
07143,2014,30 bis unter 35 Jahre,m,5546
07143,2014,50 bis unter 55 Jahre,m,9239
07143,2014,50 bis unter 55 Jahre,f,8927
08116,2014,unter 5 Jahre,m,11827
08116,2014,unter 5 Jahre,f,11299
08116,2014,80 bis unter 85 Jahre,f,8614
08116,2014,80 bis unter 85 Jahre,m,6177
08116,2014,20 bis unter 25 Jahre,m,15430
08116,2014,20 bis unter 25 Jahre,f,14086
08116,2014,35 bis unter 40 Jahre,m,15931
08116,2014,35 bis unter 40 Jahre,f,16014
08116,2014,15 bis unter 20 Jahre,m,14344
08116,2014,15 bis unter 20 Jahre,f,13603
08116,2014,60 bis unter 65 Jahre,f,15239
08116,2014,60 bis unter 65 Jahre,m,13887
08116,2014,40 bis unter 45 Jahre,f,17411
08116,2014,40 bis unter 45 Jahre,m,17686
08116,2014,75 bis unter 80 Jahre,m,11453
08116,2014,75 bis unter 80 Jahre,f,13879
08116,2014,5 bis unter 10 Jahre,f,11518
08116,2014,5 bis unter 10 Jahre,m,12262
08116,2014,30 bis unter 35 Jahre,m,16315
08116,2014,30 bis unter 35 Jahre,f,15869
08116,2014,50 bis unter 55 Jahre,f,20992
08116,2014,50 bis unter 55 Jahre,m,21999
08116,2014,25 bis unter 30 Jahre,f,15372
08116,2014,25 bis unter 30 Jahre,m,16229
08116,2014,45 bis unter 50 Jahre,m,22264
08116,2014,45 bis unter 50 Jahre,f,21802
08116,2014,90 bis unter 95 Jahre,f,2379
08116,2014,90 bis unter 95 Jahre,m,808
08116,2014,10 bis unter 15 Jahre,m,13042
08116,2014,10 bis unter 15 Jahre,f,12304
08116,2014,95 Jahre und mehr,m,103
08116,2014,95 Jahre und mehr,f,437
08116,2014,70 bis unter 75 Jahre,f,14568
08116,2014,70 bis unter 75 Jahre,m,13063
08116,2014,65 bis unter 70 Jahre,m,11752
08116,2014,65 bis unter 70 Jahre,f,13220
08116,2014,85 bis unter 90 Jahre,f,5445
08116,2014,85 bis unter 90 Jahre,m,3187
08116,2014,55 bis unter 60 Jahre,f,17505
08116,2014,55 bis unter 60 Jahre,m,17464
09263,2014,65 bis unter 70 Jahre,f,1252
09263,2014,65 bis unter 70 Jahre,m,1182
09263,2014,85 bis unter 90 Jahre,f,613
09263,2014,85 bis unter 90 Jahre,m,270
09263,2014,30 bis unter 35 Jahre,f,1409
09263,2014,30 bis unter 35 Jahre,m,1729
09263,2014,5 bis unter 10 Jahre,m,950
09263,2014,5 bis unter 10 Jahre,f,833
09263,2014,45 bis unter 50 Jahre,f,1711
09263,2014,45 bis unter 50 Jahre,m,1884
09263,2014,50 bis unter 55 Jahre,f,1925
09263,2014,50 bis unter 55 Jahre,m,2001
09263,2014,70 bis unter 75 Jahre,f,1283
09263,2014,70 bis unter 75 Jahre,m,1096
09263,2014,25 bis unter 30 Jahre,m,1795
09263,2014,25 bis unter 30 Jahre,f,1577
09263,2014,90 bis unter 95 Jahre,f,289
09263,2014,90 bis unter 95 Jahre,m,67
09263,2014,40 bis unter 45 Jahre,m,1547
09263,2014,40 bis unter 45 Jahre,f,1378
09263,2014,60 bis unter 65 Jahre,m,1412
09263,2014,60 bis unter 65 Jahre,f,1560
09263,2014,35 bis unter 40 Jahre,f,1291
09263,2014,35 bis unter 40 Jahre,m,1490
09263,2014,15 bis unter 20 Jahre,m,1049
09263,2014,15 bis unter 20 Jahre,f,1033
09263,2014,20 bis unter 25 Jahre,f,1373
09263,2014,20 bis unter 25 Jahre,m,1463
09263,2014,75 bis unter 80 Jahre,f,1294
09263,2014,75 bis unter 80 Jahre,m,970
09263,2014,95 Jahre und mehr,m,7
09263,2014,95 Jahre und mehr,f,47
09263,2014,unter 5 Jahre,f,835
09263,2014,unter 5 Jahre,m,919
09263,2014,80 bis unter 85 Jahre,f,855
09263,2014,80 bis unter 85 Jahre,m,520
09263,2014,55 bis unter 60 Jahre,f,1651
09263,2014,55 bis unter 60 Jahre,m,1659
09263,2014,10 bis unter 15 Jahre,m,943
09263,2014,10 bis unter 15 Jahre,f,865
07317,2014,30 bis unter 35 Jahre,f,941
07317,2014,30 bis unter 35 Jahre,m,1053
07317,2014,65 bis unter 70 Jahre,f,1097
07317,2014,65 bis unter 70 Jahre,m,994
07317,2014,50 bis unter 55 Jahre,f,1806
07317,2014,50 bis unter 55 Jahre,m,1692
07317,2014,5 bis unter 10 Jahre,m,794
07317,2014,5 bis unter 10 Jahre,f,741
07317,2014,45 bis unter 50 Jahre,f,1464
07317,2014,45 bis unter 50 Jahre,m,1551
07317,2014,25 bis unter 30 Jahre,f,1081
07317,2014,25 bis unter 30 Jahre,m,1188
07317,2014,10 bis unter 15 Jahre,f,804
07317,2014,10 bis unter 15 Jahre,m,808
07317,2014,95 Jahre und mehr,m,10
07317,2014,95 Jahre und mehr,f,80
07317,2014,70 bis unter 75 Jahre,f,1333
07317,2014,70 bis unter 75 Jahre,m,1046
07317,2014,85 bis unter 90 Jahre,f,725
07317,2014,85 bis unter 90 Jahre,m,338
07317,2014,75 bis unter 80 Jahre,m,1037
07317,2014,75 bis unter 80 Jahre,f,1475
07317,2014,20 bis unter 25 Jahre,m,1108
07317,2014,20 bis unter 25 Jahre,f,1060
07317,2014,40 bis unter 45 Jahre,m,1074
07317,2014,40 bis unter 45 Jahre,f,1115
07317,2014,15 bis unter 20 Jahre,f,996
07317,2014,15 bis unter 20 Jahre,m,1032
07317,2014,55 bis unter 60 Jahre,f,1565
07317,2014,55 bis unter 60 Jahre,m,1628
07317,2014,60 bis unter 65 Jahre,f,1492
07317,2014,60 bis unter 65 Jahre,m,1439
07317,2014,80 bis unter 85 Jahre,f,1048
07317,2014,80 bis unter 85 Jahre,m,661
07317,2014,35 bis unter 40 Jahre,m,990
07317,2014,35 bis unter 40 Jahre,f,972
07317,2014,unter 5 Jahre,m,771
07317,2014,unter 5 Jahre,f,713
07317,2014,90 bis unter 95 Jahre,m,75
07317,2014,90 bis unter 95 Jahre,f,249
08235,2014,45 bis unter 50 Jahre,f,6289
08235,2014,45 bis unter 50 Jahre,m,6362
08235,2014,25 bis unter 30 Jahre,f,3988
08235,2014,25 bis unter 30 Jahre,m,4506
08235,2014,30 bis unter 35 Jahre,f,4062
08235,2014,30 bis unter 35 Jahre,m,4301
08235,2014,10 bis unter 15 Jahre,f,3935
08235,2014,10 bis unter 15 Jahre,m,4143
08235,2014,5 bis unter 10 Jahre,f,3312
08235,2014,5 bis unter 10 Jahre,m,3616
08235,2014,70 bis unter 75 Jahre,f,3954
08235,2014,70 bis unter 75 Jahre,m,3681
08235,2014,95 Jahre und mehr,f,130
08235,2014,95 Jahre und mehr,m,31
08235,2014,85 bis unter 90 Jahre,f,1773
08235,2014,85 bis unter 90 Jahre,m,915
08235,2014,65 bis unter 70 Jahre,m,3607
08235,2014,65 bis unter 70 Jahre,f,3694
08235,2014,60 bis unter 65 Jahre,m,4802
08235,2014,60 bis unter 65 Jahre,f,5046
08235,2014,55 bis unter 60 Jahre,m,5709
08235,2014,55 bis unter 60 Jahre,f,5779
08235,2014,80 bis unter 85 Jahre,f,2620
08235,2014,80 bis unter 85 Jahre,m,1877
08235,2014,35 bis unter 40 Jahre,m,4260
08235,2014,35 bis unter 40 Jahre,f,4210
08235,2014,90 bis unter 95 Jahre,f,804
08235,2014,90 bis unter 95 Jahre,m,256
08235,2014,unter 5 Jahre,f,3087
08235,2014,unter 5 Jahre,m,3352
08235,2014,75 bis unter 80 Jahre,f,4303
08235,2014,75 bis unter 80 Jahre,m,3359
08235,2014,15 bis unter 20 Jahre,m,4702
08235,2014,15 bis unter 20 Jahre,f,4401
08235,2014,20 bis unter 25 Jahre,f,3940
08235,2014,20 bis unter 25 Jahre,m,4620
08235,2014,50 bis unter 55 Jahre,m,6894
08235,2014,50 bis unter 55 Jahre,f,6744
08235,2014,40 bis unter 45 Jahre,m,4901
08235,2014,40 bis unter 45 Jahre,f,4801
05513,2014,55 bis unter 60 Jahre,m,9619
05513,2014,55 bis unter 60 Jahre,f,9467
05513,2014,unter 5 Jahre,m,5621
05513,2014,unter 5 Jahre,f,5329
05513,2014,75 bis unter 80 Jahre,m,5095
05513,2014,75 bis unter 80 Jahre,f,7107
05513,2014,80 bis unter 85 Jahre,m,2946
05513,2014,80 bis unter 85 Jahre,f,5172
05513,2014,40 bis unter 45 Jahre,m,8604
05513,2014,40 bis unter 45 Jahre,f,8268
05513,2014,60 bis unter 65 Jahre,f,8368
05513,2014,60 bis unter 65 Jahre,m,7901
05513,2014,15 bis unter 20 Jahre,m,7044
05513,2014,15 bis unter 20 Jahre,f,6495
05513,2014,25 bis unter 30 Jahre,f,7811
05513,2014,25 bis unter 30 Jahre,m,8542
05513,2014,95 Jahre und mehr,m,44
05513,2014,95 Jahre und mehr,f,273
05513,2014,20 bis unter 25 Jahre,f,7640
05513,2014,20 bis unter 25 Jahre,m,8126
05513,2014,30 bis unter 35 Jahre,f,7394
05513,2014,30 bis unter 35 Jahre,m,7866
05513,2014,5 bis unter 10 Jahre,f,5421
05513,2014,5 bis unter 10 Jahre,m,5920
05513,2014,85 bis unter 90 Jahre,m,1675
05513,2014,85 bis unter 90 Jahre,f,3642
05513,2014,10 bis unter 15 Jahre,m,6405
05513,2014,10 bis unter 15 Jahre,f,5826
05513,2014,65 bis unter 70 Jahre,m,6297
05513,2014,65 bis unter 70 Jahre,f,6683
05513,2014,45 bis unter 50 Jahre,m,10690
05513,2014,45 bis unter 50 Jahre,f,9873
05513,2014,90 bis unter 95 Jahre,f,1497
05513,2014,90 bis unter 95 Jahre,m,399
05513,2014,70 bis unter 75 Jahre,f,6690
05513,2014,70 bis unter 75 Jahre,m,5988
05513,2014,50 bis unter 55 Jahre,f,10264
05513,2014,50 bis unter 55 Jahre,m,10638
05513,2014,35 bis unter 40 Jahre,f,7243
05513,2014,35 bis unter 40 Jahre,m,7768
08127,2014,65 bis unter 70 Jahre,f,4263
08127,2014,65 bis unter 70 Jahre,m,4293
08127,2014,30 bis unter 35 Jahre,f,5535
08127,2014,30 bis unter 35 Jahre,m,6118
08127,2014,10 bis unter 15 Jahre,f,4740
08127,2014,10 bis unter 15 Jahre,m,5146
08127,2014,85 bis unter 90 Jahre,f,2088
08127,2014,85 bis unter 90 Jahre,m,1126
08127,2014,5 bis unter 10 Jahre,m,4414
08127,2014,5 bis unter 10 Jahre,f,4375
08127,2014,25 bis unter 30 Jahre,f,5522
08127,2014,25 bis unter 30 Jahre,m,6335
08127,2014,45 bis unter 50 Jahre,f,7728
08127,2014,45 bis unter 50 Jahre,m,7978
08127,2014,50 bis unter 55 Jahre,f,7853
08127,2014,50 bis unter 55 Jahre,m,8194
08127,2014,70 bis unter 75 Jahre,f,4472
08127,2014,70 bis unter 75 Jahre,m,3949
08127,2014,60 bis unter 65 Jahre,m,5957
08127,2014,60 bis unter 65 Jahre,f,6076
08127,2014,55 bis unter 60 Jahre,m,7036
08127,2014,55 bis unter 60 Jahre,f,7100
08127,2014,80 bis unter 85 Jahre,m,2064
08127,2014,80 bis unter 85 Jahre,f,3018
08127,2014,90 bis unter 95 Jahre,f,1025
08127,2014,90 bis unter 95 Jahre,m,304
08127,2014,35 bis unter 40 Jahre,m,5593
08127,2014,35 bis unter 40 Jahre,f,5287
08127,2014,20 bis unter 25 Jahre,f,5131
08127,2014,20 bis unter 25 Jahre,m,5989
08127,2014,75 bis unter 80 Jahre,f,4530
08127,2014,75 bis unter 80 Jahre,m,3584
08127,2014,95 Jahre und mehr,m,41
08127,2014,95 Jahre und mehr,f,163
08127,2014,unter 5 Jahre,f,4130
08127,2014,unter 5 Jahre,m,4319
08127,2014,15 bis unter 20 Jahre,m,5845
08127,2014,15 bis unter 20 Jahre,f,5434
08127,2014,40 bis unter 45 Jahre,m,6179
08127,2014,40 bis unter 45 Jahre,f,6040
06535,2014,85 bis unter 90 Jahre,m,924
06535,2014,85 bis unter 90 Jahre,f,1566
06535,2014,30 bis unter 35 Jahre,m,2740
06535,2014,30 bis unter 35 Jahre,f,2561
06535,2014,50 bis unter 55 Jahre,m,4873
06535,2014,50 bis unter 55 Jahre,f,4824
06535,2014,10 bis unter 15 Jahre,m,2411
06535,2014,10 bis unter 15 Jahre,f,2305
06535,2014,70 bis unter 75 Jahre,f,2734
06535,2014,70 bis unter 75 Jahre,m,2540
06535,2014,25 bis unter 30 Jahre,m,2776
06535,2014,25 bis unter 30 Jahre,f,2428
06535,2014,65 bis unter 70 Jahre,m,2891
06535,2014,65 bis unter 70 Jahre,f,2850
06535,2014,35 bis unter 40 Jahre,f,2787
06535,2014,35 bis unter 40 Jahre,m,2741
06535,2014,95 Jahre und mehr,m,22
06535,2014,95 Jahre und mehr,f,123
06535,2014,90 bis unter 95 Jahre,m,235
06535,2014,90 bis unter 95 Jahre,f,698
06535,2014,20 bis unter 25 Jahre,f,2413
06535,2014,20 bis unter 25 Jahre,m,2911
06535,2014,5 bis unter 10 Jahre,m,2097
06535,2014,5 bis unter 10 Jahre,f,1990
06535,2014,15 bis unter 20 Jahre,f,2758
06535,2014,15 bis unter 20 Jahre,m,2935
06535,2014,40 bis unter 45 Jahre,f,3292
06535,2014,40 bis unter 45 Jahre,m,3262
06535,2014,60 bis unter 65 Jahre,m,3986
06535,2014,60 bis unter 65 Jahre,f,3836
06535,2014,55 bis unter 60 Jahre,m,4625
06535,2014,55 bis unter 60 Jahre,f,4374
06535,2014,80 bis unter 85 Jahre,m,1593
06535,2014,80 bis unter 85 Jahre,f,2331
06535,2014,75 bis unter 80 Jahre,m,2717
06535,2014,75 bis unter 80 Jahre,f,3330
06535,2014,unter 5 Jahre,m,1887
06535,2014,unter 5 Jahre,f,1836
06535,2014,45 bis unter 50 Jahre,f,4241
06535,2014,45 bis unter 50 Jahre,m,4320
03151,2014,75 bis unter 80 Jahre,m,3606
03151,2014,75 bis unter 80 Jahre,f,4200
03151,2014,20 bis unter 25 Jahre,m,4927
03151,2014,20 bis unter 25 Jahre,f,4157
03151,2014,40 bis unter 45 Jahre,m,5535
03151,2014,40 bis unter 45 Jahre,f,5722
03151,2014,55 bis unter 60 Jahre,m,6798
03151,2014,55 bis unter 60 Jahre,f,6451
03151,2014,60 bis unter 65 Jahre,m,5487
03151,2014,60 bis unter 65 Jahre,f,5486
03151,2014,80 bis unter 85 Jahre,m,1882
03151,2014,80 bis unter 85 Jahre,f,2682
03151,2014,5 bis unter 10 Jahre,f,3974
03151,2014,5 bis unter 10 Jahre,m,4120
03151,2014,35 bis unter 40 Jahre,m,4807
03151,2014,35 bis unter 40 Jahre,f,4822
03151,2014,45 bis unter 50 Jahre,f,7725
03151,2014,45 bis unter 50 Jahre,m,7842
03151,2014,25 bis unter 30 Jahre,f,4368
03151,2014,25 bis unter 30 Jahre,m,4722
03151,2014,50 bis unter 55 Jahre,f,7973
03151,2014,50 bis unter 55 Jahre,m,8202
03151,2014,15 bis unter 20 Jahre,m,5376
03151,2014,15 bis unter 20 Jahre,f,4878
03151,2014,70 bis unter 75 Jahre,f,4448
03151,2014,70 bis unter 75 Jahre,m,4181
03151,2014,30 bis unter 35 Jahre,m,4781
03151,2014,30 bis unter 35 Jahre,f,4723
03151,2014,85 bis unter 90 Jahre,m,902
03151,2014,85 bis unter 90 Jahre,f,1664
03151,2014,10 bis unter 15 Jahre,m,4699
03151,2014,10 bis unter 15 Jahre,f,4576
03151,2014,90 bis unter 95 Jahre,f,769
03151,2014,90 bis unter 95 Jahre,m,230
03151,2014,unter 5 Jahre,f,3768
03151,2014,unter 5 Jahre,m,3913
03151,2014,95 Jahre und mehr,f,147
03151,2014,95 Jahre und mehr,m,30
03151,2014,65 bis unter 70 Jahre,f,4005
03151,2014,65 bis unter 70 Jahre,m,3963
03453,2014,80 bis unter 85 Jahre,m,1581
03453,2014,80 bis unter 85 Jahre,f,2356
03453,2014,60 bis unter 65 Jahre,m,4509
03453,2014,60 bis unter 65 Jahre,f,4304
03453,2014,5 bis unter 10 Jahre,f,4219
03453,2014,5 bis unter 10 Jahre,m,4496
03453,2014,40 bis unter 45 Jahre,m,5589
03453,2014,40 bis unter 45 Jahre,f,5268
03453,2014,20 bis unter 25 Jahre,m,5750
03453,2014,20 bis unter 25 Jahre,f,5086
03453,2014,25 bis unter 30 Jahre,f,4832
03453,2014,25 bis unter 30 Jahre,m,5490
03453,2014,55 bis unter 60 Jahre,m,5601
03453,2014,55 bis unter 60 Jahre,f,5451
03453,2014,65 bis unter 70 Jahre,f,3046
03453,2014,65 bis unter 70 Jahre,m,3110
03453,2014,50 bis unter 55 Jahre,f,6538
03453,2014,50 bis unter 55 Jahre,m,6892
03453,2014,35 bis unter 40 Jahre,m,4789
03453,2014,35 bis unter 40 Jahre,f,4549
03453,2014,15 bis unter 20 Jahre,m,5809
03453,2014,15 bis unter 20 Jahre,f,5478
03453,2014,45 bis unter 50 Jahre,f,6578
03453,2014,45 bis unter 50 Jahre,m,7030
03453,2014,70 bis unter 75 Jahre,f,3323
03453,2014,70 bis unter 75 Jahre,m,2855
03453,2014,85 bis unter 90 Jahre,m,703
03453,2014,85 bis unter 90 Jahre,f,1530
03453,2014,90 bis unter 95 Jahre,m,168
03453,2014,90 bis unter 95 Jahre,f,629
03453,2014,95 Jahre und mehr,m,22
03453,2014,95 Jahre und mehr,f,105
03453,2014,30 bis unter 35 Jahre,m,5242
03453,2014,30 bis unter 35 Jahre,f,4670
03453,2014,unter 5 Jahre,f,4007
03453,2014,unter 5 Jahre,m,4232
03453,2014,75 bis unter 80 Jahre,f,3575
03453,2014,75 bis unter 80 Jahre,m,2745
03453,2014,10 bis unter 15 Jahre,f,4987
03453,2014,10 bis unter 15 Jahre,m,5206
01056,2014,60 bis unter 65 Jahre,f,9179
01056,2014,60 bis unter 65 Jahre,m,8633
01056,2014,15 bis unter 20 Jahre,m,8290
01056,2014,15 bis unter 20 Jahre,f,7723
01056,2014,75 bis unter 80 Jahre,f,9137
01056,2014,75 bis unter 80 Jahre,m,7558
01056,2014,80 bis unter 85 Jahre,f,5073
01056,2014,80 bis unter 85 Jahre,m,3600
01056,2014,55 bis unter 60 Jahre,m,10480
01056,2014,55 bis unter 60 Jahre,f,10646
01056,2014,35 bis unter 40 Jahre,m,8589
01056,2014,35 bis unter 40 Jahre,f,9120
01056,2014,95 Jahre und mehr,f,316
01056,2014,95 Jahre und mehr,m,63
01056,2014,unter 5 Jahre,m,6634
01056,2014,unter 5 Jahre,f,6426
01056,2014,20 bis unter 25 Jahre,f,7160
01056,2014,20 bis unter 25 Jahre,m,8125
01056,2014,5 bis unter 10 Jahre,f,6734
01056,2014,5 bis unter 10 Jahre,m,7052
01056,2014,25 bis unter 30 Jahre,f,7433
01056,2014,25 bis unter 30 Jahre,m,7956
01056,2014,40 bis unter 45 Jahre,m,10065
01056,2014,40 bis unter 45 Jahre,f,10366
01056,2014,30 bis unter 35 Jahre,m,8210
01056,2014,30 bis unter 35 Jahre,f,8595
01056,2014,85 bis unter 90 Jahre,m,1728
01056,2014,85 bis unter 90 Jahre,f,3244
01056,2014,70 bis unter 75 Jahre,f,9677
01056,2014,70 bis unter 75 Jahre,m,8544
01056,2014,50 bis unter 55 Jahre,f,13315
01056,2014,50 bis unter 55 Jahre,m,13271
01056,2014,10 bis unter 15 Jahre,f,7270
01056,2014,10 bis unter 15 Jahre,m,7612
01056,2014,65 bis unter 70 Jahre,m,7595
01056,2014,65 bis unter 70 Jahre,f,8551
01056,2014,45 bis unter 50 Jahre,f,14078
01056,2014,45 bis unter 50 Jahre,m,14015
01056,2014,90 bis unter 95 Jahre,m,478
01056,2014,90 bis unter 95 Jahre,f,1546
09675,2014,30 bis unter 35 Jahre,m,2609
09675,2014,30 bis unter 35 Jahre,f,2463
09675,2014,85 bis unter 90 Jahre,m,543
09675,2014,85 bis unter 90 Jahre,f,1030
09675,2014,65 bis unter 70 Jahre,m,2266
09675,2014,65 bis unter 70 Jahre,f,2163
09675,2014,90 bis unter 95 Jahre,f,526
09675,2014,90 bis unter 95 Jahre,m,169
09675,2014,10 bis unter 15 Jahre,m,2215
09675,2014,10 bis unter 15 Jahre,f,2159
09675,2014,50 bis unter 55 Jahre,m,4010
09675,2014,50 bis unter 55 Jahre,f,3946
09675,2014,45 bis unter 50 Jahre,m,3895
09675,2014,45 bis unter 50 Jahre,f,3731
09675,2014,70 bis unter 75 Jahre,f,2065
09675,2014,70 bis unter 75 Jahre,m,1935
09675,2014,25 bis unter 30 Jahre,m,2732
09675,2014,25 bis unter 30 Jahre,f,2434
09675,2014,5 bis unter 10 Jahre,m,1881
09675,2014,5 bis unter 10 Jahre,f,1818
09675,2014,95 Jahre und mehr,m,16
09675,2014,95 Jahre und mehr,f,81
09675,2014,unter 5 Jahre,f,1708
09675,2014,unter 5 Jahre,m,1845
09675,2014,55 bis unter 60 Jahre,f,3309
09675,2014,55 bis unter 60 Jahre,m,3378
09675,2014,35 bis unter 40 Jahre,f,2535
09675,2014,35 bis unter 40 Jahre,m,2473
09675,2014,60 bis unter 65 Jahre,m,2987
09675,2014,60 bis unter 65 Jahre,f,2737
09675,2014,80 bis unter 85 Jahre,f,1524
09675,2014,80 bis unter 85 Jahre,m,1057
09675,2014,75 bis unter 80 Jahre,m,1907
09675,2014,75 bis unter 80 Jahre,f,2358
09675,2014,20 bis unter 25 Jahre,m,2846
09675,2014,20 bis unter 25 Jahre,f,2513
09675,2014,15 bis unter 20 Jahre,m,2561
09675,2014,15 bis unter 20 Jahre,f,2409
09675,2014,40 bis unter 45 Jahre,m,2823
09675,2014,40 bis unter 45 Jahre,f,2835
09373,2014,25 bis unter 30 Jahre,m,4015
09373,2014,25 bis unter 30 Jahre,f,3467
09373,2014,70 bis unter 75 Jahre,f,2999
09373,2014,70 bis unter 75 Jahre,m,2691
09373,2014,90 bis unter 95 Jahre,f,587
09373,2014,90 bis unter 95 Jahre,m,180
09373,2014,45 bis unter 50 Jahre,m,5903
09373,2014,45 bis unter 50 Jahre,f,5525
09373,2014,95 Jahre und mehr,f,108
09373,2014,95 Jahre und mehr,m,27
09373,2014,85 bis unter 90 Jahre,f,1369
09373,2014,85 bis unter 90 Jahre,m,663
09373,2014,65 bis unter 70 Jahre,m,2937
09373,2014,65 bis unter 70 Jahre,f,2845
09373,2014,10 bis unter 15 Jahre,f,3253
09373,2014,10 bis unter 15 Jahre,m,3335
09373,2014,30 bis unter 35 Jahre,m,3949
09373,2014,30 bis unter 35 Jahre,f,3710
09373,2014,50 bis unter 55 Jahre,f,5652
09373,2014,50 bis unter 55 Jahre,m,5931
09373,2014,5 bis unter 10 Jahre,m,2948
09373,2014,5 bis unter 10 Jahre,f,2765
09373,2014,35 bis unter 40 Jahre,f,3596
09373,2014,35 bis unter 40 Jahre,m,3779
09373,2014,55 bis unter 60 Jahre,f,4755
09373,2014,55 bis unter 60 Jahre,m,4919
09373,2014,60 bis unter 65 Jahre,m,4065
09373,2014,60 bis unter 65 Jahre,f,3901
09373,2014,80 bis unter 85 Jahre,f,2087
09373,2014,80 bis unter 85 Jahre,m,1358
09373,2014,40 bis unter 45 Jahre,f,4293
09373,2014,40 bis unter 45 Jahre,m,4389
09373,2014,20 bis unter 25 Jahre,m,4305
09373,2014,20 bis unter 25 Jahre,f,3736
09373,2014,15 bis unter 20 Jahre,m,4022
09373,2014,15 bis unter 20 Jahre,f,3756
09373,2014,unter 5 Jahre,m,2854
09373,2014,unter 5 Jahre,f,2723
09373,2014,75 bis unter 80 Jahre,f,3126
09373,2014,75 bis unter 80 Jahre,m,2452
09764,2014,10 bis unter 15 Jahre,m,1042
09764,2014,10 bis unter 15 Jahre,f,973
09764,2014,65 bis unter 70 Jahre,m,970
09764,2014,65 bis unter 70 Jahre,f,1095
09764,2014,70 bis unter 75 Jahre,f,1269
09764,2014,70 bis unter 75 Jahre,m,1095
09764,2014,30 bis unter 35 Jahre,m,1424
09764,2014,30 bis unter 35 Jahre,f,1317
09764,2014,25 bis unter 30 Jahre,m,1389
09764,2014,25 bis unter 30 Jahre,f,1286
09764,2014,90 bis unter 95 Jahre,f,297
09764,2014,90 bis unter 95 Jahre,m,97
09764,2014,45 bis unter 50 Jahre,m,1729
09764,2014,45 bis unter 50 Jahre,f,1528
09764,2014,50 bis unter 55 Jahre,m,1735
09764,2014,50 bis unter 55 Jahre,f,1699
09764,2014,5 bis unter 10 Jahre,m,898
09764,2014,5 bis unter 10 Jahre,f,918
09764,2014,35 bis unter 40 Jahre,f,1263
09764,2014,35 bis unter 40 Jahre,m,1328
09764,2014,unter 5 Jahre,f,929
09764,2014,unter 5 Jahre,m,940
09764,2014,55 bis unter 60 Jahre,f,1501
09764,2014,55 bis unter 60 Jahre,m,1433
09764,2014,80 bis unter 85 Jahre,f,787
09764,2014,80 bis unter 85 Jahre,m,465
09764,2014,60 bis unter 65 Jahre,m,1161
09764,2014,60 bis unter 65 Jahre,f,1376
09764,2014,20 bis unter 25 Jahre,m,1292
09764,2014,20 bis unter 25 Jahre,f,1181
09764,2014,75 bis unter 80 Jahre,m,917
09764,2014,75 bis unter 80 Jahre,f,1146
09764,2014,15 bis unter 20 Jahre,m,1120
09764,2014,15 bis unter 20 Jahre,f,1056
09764,2014,40 bis unter 45 Jahre,m,1357
09764,2014,40 bis unter 45 Jahre,f,1259
09764,2014,95 Jahre und mehr,m,12
09764,2014,95 Jahre und mehr,f,68
09764,2014,85 bis unter 90 Jahre,f,583
09764,2014,85 bis unter 90 Jahre,m,266
06633,2014,15 bis unter 20 Jahre,f,5915
06633,2014,15 bis unter 20 Jahre,m,6398
06633,2014,unter 5 Jahre,f,4183
06633,2014,unter 5 Jahre,m,4585
06633,2014,95 Jahre und mehr,f,276
06633,2014,95 Jahre und mehr,m,64
06633,2014,40 bis unter 45 Jahre,f,7537
06633,2014,40 bis unter 45 Jahre,m,7315
06633,2014,70 bis unter 75 Jahre,m,7078
06633,2014,70 bis unter 75 Jahre,f,7549
06633,2014,85 bis unter 90 Jahre,m,1662
06633,2014,85 bis unter 90 Jahre,f,3120
06633,2014,55 bis unter 60 Jahre,f,9061
06633,2014,55 bis unter 60 Jahre,m,8904
06633,2014,80 bis unter 85 Jahre,f,4507
06633,2014,80 bis unter 85 Jahre,m,2932
06633,2014,35 bis unter 40 Jahre,m,5815
06633,2014,35 bis unter 40 Jahre,f,6203
06633,2014,30 bis unter 35 Jahre,m,5857
06633,2014,30 bis unter 35 Jahre,f,5877
06633,2014,25 bis unter 30 Jahre,m,5760
06633,2014,25 bis unter 30 Jahre,f,5377
06633,2014,50 bis unter 55 Jahre,f,10280
06633,2014,50 bis unter 55 Jahre,m,10197
06633,2014,5 bis unter 10 Jahre,m,4660
06633,2014,5 bis unter 10 Jahre,f,4585
06633,2014,60 bis unter 65 Jahre,f,8337
06633,2014,60 bis unter 65 Jahre,m,7930
06633,2014,45 bis unter 50 Jahre,f,10357
06633,2014,45 bis unter 50 Jahre,m,10191
06633,2014,65 bis unter 70 Jahre,f,7124
06633,2014,65 bis unter 70 Jahre,m,6695
06633,2014,20 bis unter 25 Jahre,m,5796
06633,2014,20 bis unter 25 Jahre,f,5194
06633,2014,90 bis unter 95 Jahre,f,1475
06633,2014,90 bis unter 95 Jahre,m,509
06633,2014,75 bis unter 80 Jahre,m,6149
06633,2014,75 bis unter 80 Jahre,f,7267
06633,2014,10 bis unter 15 Jahre,m,5523
06633,2014,10 bis unter 15 Jahre,f,5207
05754,2014,30 bis unter 35 Jahre,f,9988
05754,2014,30 bis unter 35 Jahre,m,10510
05754,2014,95 Jahre und mehr,f,371
05754,2014,95 Jahre und mehr,m,75
05754,2014,50 bis unter 55 Jahre,f,15170
05754,2014,50 bis unter 55 Jahre,m,15523
05754,2014,45 bis unter 50 Jahre,f,15503
05754,2014,45 bis unter 50 Jahre,m,15918
05754,2014,5 bis unter 10 Jahre,m,8657
05754,2014,5 bis unter 10 Jahre,f,8075
05754,2014,25 bis unter 30 Jahre,m,10914
05754,2014,25 bis unter 30 Jahre,f,9495
05754,2014,85 bis unter 90 Jahre,f,4007
05754,2014,85 bis unter 90 Jahre,m,1899
05754,2014,70 bis unter 75 Jahre,f,8927
05754,2014,70 bis unter 75 Jahre,m,7951
05754,2014,65 bis unter 70 Jahre,f,8099
05754,2014,65 bis unter 70 Jahre,m,7416
05754,2014,10 bis unter 15 Jahre,f,9310
05754,2014,10 bis unter 15 Jahre,m,9880
05754,2014,60 bis unter 65 Jahre,m,10089
05754,2014,60 bis unter 65 Jahre,f,10322
05754,2014,80 bis unter 85 Jahre,m,4028
05754,2014,80 bis unter 85 Jahre,f,5868
05754,2014,90 bis unter 95 Jahre,f,1865
05754,2014,90 bis unter 95 Jahre,m,562
05754,2014,55 bis unter 60 Jahre,f,12420
05754,2014,55 bis unter 60 Jahre,m,12810
05754,2014,35 bis unter 40 Jahre,m,10257
05754,2014,35 bis unter 40 Jahre,f,10122
05754,2014,20 bis unter 25 Jahre,f,9416
05754,2014,20 bis unter 25 Jahre,m,11066
05754,2014,40 bis unter 45 Jahre,f,11905
05754,2014,40 bis unter 45 Jahre,m,11870
05754,2014,unter 5 Jahre,f,7842
05754,2014,unter 5 Jahre,m,8131
05754,2014,15 bis unter 20 Jahre,m,11067
05754,2014,15 bis unter 20 Jahre,f,10439
05754,2014,75 bis unter 80 Jahre,f,9241
05754,2014,75 bis unter 80 Jahre,m,7455
09564,2014,40 bis unter 45 Jahre,f,16329
09564,2014,40 bis unter 45 Jahre,m,16432
09564,2014,20 bis unter 25 Jahre,f,17231
09564,2014,20 bis unter 25 Jahre,m,16151
09564,2014,75 bis unter 80 Jahre,f,13929
09564,2014,75 bis unter 80 Jahre,m,10186
09564,2014,unter 5 Jahre,f,11110
09564,2014,unter 5 Jahre,m,11688
09564,2014,15 bis unter 20 Jahre,f,10910
09564,2014,15 bis unter 20 Jahre,m,11300
09564,2014,35 bis unter 40 Jahre,m,16772
09564,2014,35 bis unter 40 Jahre,f,16657
09564,2014,80 bis unter 85 Jahre,f,8842
09564,2014,80 bis unter 85 Jahre,m,5561
09564,2014,55 bis unter 60 Jahre,f,16111
09564,2014,55 bis unter 60 Jahre,m,15596
09564,2014,70 bis unter 75 Jahre,m,11906
09564,2014,70 bis unter 75 Jahre,f,14373
09564,2014,95 Jahre und mehr,m,98
09564,2014,95 Jahre und mehr,f,559
09564,2014,10 bis unter 15 Jahre,m,10445
09564,2014,10 bis unter 15 Jahre,f,9847
09564,2014,90 bis unter 95 Jahre,m,923
09564,2014,90 bis unter 95 Jahre,f,2956
09564,2014,65 bis unter 70 Jahre,m,11579
09564,2014,65 bis unter 70 Jahre,f,13276
09564,2014,85 bis unter 90 Jahre,f,6176
09564,2014,85 bis unter 90 Jahre,m,2994
09564,2014,30 bis unter 35 Jahre,f,19057
09564,2014,30 bis unter 35 Jahre,m,18989
09564,2014,45 bis unter 50 Jahre,f,18799
09564,2014,45 bis unter 50 Jahre,m,19994
09564,2014,5 bis unter 10 Jahre,m,10586
09564,2014,5 bis unter 10 Jahre,f,10040
09564,2014,50 bis unter 55 Jahre,f,18286
09564,2014,50 bis unter 55 Jahre,m,18540
09564,2014,60 bis unter 65 Jahre,m,12847
09564,2014,60 bis unter 65 Jahre,f,15041
09564,2014,25 bis unter 30 Jahre,f,19665
09564,2014,25 bis unter 30 Jahre,m,19291
09462,2014,5 bis unter 10 Jahre,m,1261
09462,2014,5 bis unter 10 Jahre,f,1213
09462,2014,50 bis unter 55 Jahre,f,2626
09462,2014,50 bis unter 55 Jahre,m,2470
09462,2014,85 bis unter 90 Jahre,f,1016
09462,2014,85 bis unter 90 Jahre,m,441
09462,2014,30 bis unter 35 Jahre,f,2052
09462,2014,30 bis unter 35 Jahre,m,2304
09462,2014,10 bis unter 15 Jahre,f,1200
09462,2014,10 bis unter 15 Jahre,m,1379
09462,2014,95 Jahre und mehr,f,116
09462,2014,95 Jahre und mehr,m,19
09462,2014,45 bis unter 50 Jahre,m,2506
09462,2014,45 bis unter 50 Jahre,f,2523
09462,2014,25 bis unter 30 Jahre,f,2936
09462,2014,25 bis unter 30 Jahre,m,3118
09462,2014,65 bis unter 70 Jahre,f,1985
09462,2014,65 bis unter 70 Jahre,m,1712
09462,2014,90 bis unter 95 Jahre,f,533
09462,2014,90 bis unter 95 Jahre,m,148
09462,2014,70 bis unter 75 Jahre,m,1762
09462,2014,70 bis unter 75 Jahre,f,2156
09462,2014,60 bis unter 65 Jahre,m,2010
09462,2014,60 bis unter 65 Jahre,f,2345
09462,2014,40 bis unter 45 Jahre,m,1985
09462,2014,40 bis unter 45 Jahre,f,2003
09462,2014,35 bis unter 40 Jahre,f,1833
09462,2014,35 bis unter 40 Jahre,m,1956
09462,2014,80 bis unter 85 Jahre,f,1281
09462,2014,80 bis unter 85 Jahre,m,739
09462,2014,unter 5 Jahre,m,1221
09462,2014,unter 5 Jahre,f,1219
09462,2014,75 bis unter 80 Jahre,f,2072
09462,2014,75 bis unter 80 Jahre,m,1479
09462,2014,55 bis unter 60 Jahre,f,2466
09462,2014,55 bis unter 60 Jahre,m,2159
09462,2014,15 bis unter 20 Jahre,m,1769
09462,2014,15 bis unter 20 Jahre,f,1781
09462,2014,20 bis unter 25 Jahre,m,3929
09462,2014,20 bis unter 25 Jahre,f,3878
03157,2014,45 bis unter 50 Jahre,m,6210
03157,2014,45 bis unter 50 Jahre,f,5923
03157,2014,90 bis unter 95 Jahre,f,792
03157,2014,90 bis unter 95 Jahre,m,222
03157,2014,25 bis unter 30 Jahre,m,3229
03157,2014,25 bis unter 30 Jahre,f,2976
03157,2014,30 bis unter 35 Jahre,m,3300
03157,2014,30 bis unter 35 Jahre,f,3363
03157,2014,70 bis unter 75 Jahre,f,3761
03157,2014,70 bis unter 75 Jahre,m,3384
03157,2014,50 bis unter 55 Jahre,f,5764
03157,2014,50 bis unter 55 Jahre,m,5899
03157,2014,5 bis unter 10 Jahre,m,3049
03157,2014,5 bis unter 10 Jahre,f,2869
03157,2014,10 bis unter 15 Jahre,m,3662
03157,2014,10 bis unter 15 Jahre,f,3313
03157,2014,85 bis unter 90 Jahre,f,1609
03157,2014,85 bis unter 90 Jahre,m,747
03157,2014,65 bis unter 70 Jahre,m,3138
03157,2014,65 bis unter 70 Jahre,f,3297
03157,2014,unter 5 Jahre,f,2682
03157,2014,unter 5 Jahre,m,2749
03157,2014,80 bis unter 85 Jahre,m,1536
03157,2014,80 bis unter 85 Jahre,f,2354
03157,2014,60 bis unter 65 Jahre,m,4099
03157,2014,60 bis unter 65 Jahre,f,4194
03157,2014,55 bis unter 60 Jahre,f,4658
03157,2014,55 bis unter 60 Jahre,m,4868
03157,2014,35 bis unter 40 Jahre,m,3518
03157,2014,35 bis unter 40 Jahre,f,3662
03157,2014,95 Jahre und mehr,m,19
03157,2014,95 Jahre und mehr,f,162
03157,2014,75 bis unter 80 Jahre,m,3026
03157,2014,75 bis unter 80 Jahre,f,3645
03157,2014,20 bis unter 25 Jahre,f,3033
03157,2014,20 bis unter 25 Jahre,m,3409
03157,2014,40 bis unter 45 Jahre,m,4392
03157,2014,40 bis unter 45 Jahre,f,4607
03157,2014,15 bis unter 20 Jahre,m,3863
03157,2014,15 bis unter 20 Jahre,f,3618
03459,2014,50 bis unter 55 Jahre,m,15563
03459,2014,50 bis unter 55 Jahre,f,15297
03459,2014,70 bis unter 75 Jahre,m,7950
03459,2014,70 bis unter 75 Jahre,f,9129
03459,2014,65 bis unter 70 Jahre,m,7906
03459,2014,65 bis unter 70 Jahre,f,8027
03459,2014,85 bis unter 90 Jahre,m,2052
03459,2014,85 bis unter 90 Jahre,f,4249
03459,2014,90 bis unter 95 Jahre,m,539
03459,2014,90 bis unter 95 Jahre,f,1827
03459,2014,10 bis unter 15 Jahre,m,9803
03459,2014,10 bis unter 15 Jahre,f,9543
03459,2014,25 bis unter 30 Jahre,m,9945
03459,2014,25 bis unter 30 Jahre,f,8987
03459,2014,20 bis unter 25 Jahre,f,9144
03459,2014,20 bis unter 25 Jahre,m,10710
03459,2014,75 bis unter 80 Jahre,f,9459
03459,2014,75 bis unter 80 Jahre,m,7444
03459,2014,55 bis unter 60 Jahre,f,12834
03459,2014,55 bis unter 60 Jahre,m,13056
03459,2014,45 bis unter 50 Jahre,m,15207
03459,2014,45 bis unter 50 Jahre,f,15062
03459,2014,80 bis unter 85 Jahre,m,4166
03459,2014,80 bis unter 85 Jahre,f,6194
03459,2014,unter 5 Jahre,f,7539
03459,2014,unter 5 Jahre,m,7972
03459,2014,95 Jahre und mehr,m,75
03459,2014,95 Jahre und mehr,f,383
03459,2014,60 bis unter 65 Jahre,m,10886
03459,2014,60 bis unter 65 Jahre,f,10825
03459,2014,40 bis unter 45 Jahre,m,11466
03459,2014,40 bis unter 45 Jahre,f,11770
03459,2014,35 bis unter 40 Jahre,m,9606
03459,2014,35 bis unter 40 Jahre,f,9722
03459,2014,5 bis unter 10 Jahre,f,8027
03459,2014,5 bis unter 10 Jahre,m,8525
03459,2014,30 bis unter 35 Jahre,f,9252
03459,2014,30 bis unter 35 Jahre,m,9459
03459,2014,15 bis unter 20 Jahre,m,11311
03459,2014,15 bis unter 20 Jahre,f,10405
08216,2014,45 bis unter 50 Jahre,f,9424
08216,2014,45 bis unter 50 Jahre,m,9694
08216,2014,10 bis unter 15 Jahre,f,5341
08216,2014,10 bis unter 15 Jahre,m,5640
08216,2014,25 bis unter 30 Jahre,f,5905
08216,2014,25 bis unter 30 Jahre,m,6530
08216,2014,30 bis unter 35 Jahre,f,6346
08216,2014,30 bis unter 35 Jahre,m,6548
08216,2014,50 bis unter 55 Jahre,f,9975
08216,2014,50 bis unter 55 Jahre,m,10261
08216,2014,5 bis unter 10 Jahre,m,4935
08216,2014,5 bis unter 10 Jahre,f,4696
08216,2014,65 bis unter 70 Jahre,f,5570
08216,2014,65 bis unter 70 Jahre,m,5360
08216,2014,85 bis unter 90 Jahre,f,2748
08216,2014,85 bis unter 90 Jahre,m,1347
08216,2014,55 bis unter 60 Jahre,m,8775
08216,2014,55 bis unter 60 Jahre,f,8621
08216,2014,60 bis unter 65 Jahre,m,7312
08216,2014,60 bis unter 65 Jahre,f,7587
08216,2014,90 bis unter 95 Jahre,f,1126
08216,2014,90 bis unter 95 Jahre,m,341
08216,2014,80 bis unter 85 Jahre,m,2758
08216,2014,80 bis unter 85 Jahre,f,4039
08216,2014,70 bis unter 75 Jahre,f,6067
08216,2014,70 bis unter 75 Jahre,m,5394
08216,2014,95 Jahre und mehr,f,220
08216,2014,95 Jahre und mehr,m,42
08216,2014,35 bis unter 40 Jahre,m,6235
08216,2014,35 bis unter 40 Jahre,f,6314
08216,2014,unter 5 Jahre,f,4367
08216,2014,unter 5 Jahre,m,4708
08216,2014,20 bis unter 25 Jahre,f,5731
08216,2014,20 bis unter 25 Jahre,m,6480
08216,2014,15 bis unter 20 Jahre,f,6014
08216,2014,15 bis unter 20 Jahre,m,6333
08216,2014,75 bis unter 80 Jahre,f,6404
08216,2014,75 bis unter 80 Jahre,m,5123
08216,2014,40 bis unter 45 Jahre,m,7077
08216,2014,40 bis unter 45 Jahre,f,7299
09262,2014,35 bis unter 40 Jahre,f,1285
09262,2014,35 bis unter 40 Jahre,m,1346
09262,2014,unter 5 Jahre,f,874
09262,2014,unter 5 Jahre,m,889
09262,2014,55 bis unter 60 Jahre,f,1737
09262,2014,55 bis unter 60 Jahre,m,1540
09262,2014,15 bis unter 20 Jahre,f,1307
09262,2014,15 bis unter 20 Jahre,m,1193
09262,2014,20 bis unter 25 Jahre,f,2841
09262,2014,20 bis unter 25 Jahre,m,2240
09262,2014,40 bis unter 45 Jahre,f,1312
09262,2014,40 bis unter 45 Jahre,m,1380
09262,2014,70 bis unter 75 Jahre,m,1215
09262,2014,70 bis unter 75 Jahre,f,1555
09262,2014,80 bis unter 85 Jahre,f,865
09262,2014,80 bis unter 85 Jahre,m,553
09262,2014,85 bis unter 90 Jahre,m,289
09262,2014,85 bis unter 90 Jahre,f,749
09262,2014,65 bis unter 70 Jahre,m,1256
09262,2014,65 bis unter 70 Jahre,f,1413
09262,2014,75 bis unter 80 Jahre,m,1009
09262,2014,75 bis unter 80 Jahre,f,1365
09262,2014,10 bis unter 15 Jahre,m,910
09262,2014,10 bis unter 15 Jahre,f,895
09262,2014,45 bis unter 50 Jahre,m,1724
09262,2014,45 bis unter 50 Jahre,f,1691
09262,2014,90 bis unter 95 Jahre,f,381
09262,2014,90 bis unter 95 Jahre,m,98
09262,2014,25 bis unter 30 Jahre,f,2142
09262,2014,25 bis unter 30 Jahre,m,2295
09262,2014,5 bis unter 10 Jahre,f,821
09262,2014,5 bis unter 10 Jahre,m,849
09262,2014,60 bis unter 65 Jahre,m,1323
09262,2014,60 bis unter 65 Jahre,f,1659
09262,2014,95 Jahre und mehr,m,13
09262,2014,95 Jahre und mehr,f,69
09262,2014,30 bis unter 35 Jahre,f,1582
09262,2014,30 bis unter 35 Jahre,m,1675
09262,2014,50 bis unter 55 Jahre,m,1794
09262,2014,50 bis unter 55 Jahre,f,1818
03241001,2014,55 bis unter 60 Jahre,f,16599
03241001,2014,55 bis unter 60 Jahre,m,16058
03241001,2014,10 bis unter 15 Jahre,m,10646
03241001,2014,10 bis unter 15 Jahre,f,10091
03241001,2014,20 bis unter 25 Jahre,f,18986
03241001,2014,20 bis unter 25 Jahre,m,17540
03241001,2014,65 bis unter 70 Jahre,m,10779
03241001,2014,65 bis unter 70 Jahre,f,12316
03241001,2014,30 bis unter 35 Jahre,m,21117
03241001,2014,30 bis unter 35 Jahre,f,21087
03241001,2014,35 bis unter 40 Jahre,f,17510
03241001,2014,35 bis unter 40 Jahre,m,18144
03241001,2014,85 bis unter 90 Jahre,m,3017
03241001,2014,85 bis unter 90 Jahre,f,6605
03241001,2014,40 bis unter 45 Jahre,f,16876
03241001,2014,40 bis unter 45 Jahre,m,17568
03241001,2014,75 bis unter 80 Jahre,f,13504
03241001,2014,75 bis unter 80 Jahre,m,10031
03241001,2014,60 bis unter 65 Jahre,f,14695
03241001,2014,60 bis unter 65 Jahre,m,13164
03241001,2014,70 bis unter 75 Jahre,m,11245
03241001,2014,70 bis unter 75 Jahre,f,13451
03241001,2014,5 bis unter 10 Jahre,m,11285
03241001,2014,5 bis unter 10 Jahre,f,10849
03241001,2014,15 bis unter 20 Jahre,f,11233
03241001,2014,15 bis unter 20 Jahre,m,11659
03241001,2014,95 Jahre und mehr,f,745
03241001,2014,95 Jahre und mehr,m,131
03241001,2014,unter 5 Jahre,f,11833
03241001,2014,unter 5 Jahre,m,12608
03241001,2014,45 bis unter 50 Jahre,m,20868
03241001,2014,45 bis unter 50 Jahre,f,19746
03241001,2014,25 bis unter 30 Jahre,m,22143
03241001,2014,25 bis unter 30 Jahre,f,22915
03241001,2014,50 bis unter 55 Jahre,m,19478
03241001,2014,50 bis unter 55 Jahre,f,19097
03241001,2014,80 bis unter 85 Jahre,m,5177
03241001,2014,80 bis unter 85 Jahre,f,8635
03241001,2014,90 bis unter 95 Jahre,f,3253
03241001,2014,90 bis unter 95 Jahre,m,958
05374,2014,95 Jahre und mehr,f,294
05374,2014,95 Jahre und mehr,m,55
05374,2014,90 bis unter 95 Jahre,m,397
05374,2014,90 bis unter 95 Jahre,f,1497
05374,2014,30 bis unter 35 Jahre,m,7448
05374,2014,30 bis unter 35 Jahre,f,7487
05374,2014,unter 5 Jahre,f,5680
05374,2014,unter 5 Jahre,m,6044
05374,2014,15 bis unter 20 Jahre,f,7923
05374,2014,15 bis unter 20 Jahre,m,8314
05374,2014,45 bis unter 50 Jahre,m,11459
05374,2014,45 bis unter 50 Jahre,f,11829
05374,2014,55 bis unter 60 Jahre,f,10322
05374,2014,55 bis unter 60 Jahre,m,10262
05374,2014,85 bis unter 90 Jahre,m,1702
05374,2014,85 bis unter 90 Jahre,f,3374
05374,2014,70 bis unter 75 Jahre,m,6508
05374,2014,70 bis unter 75 Jahre,f,7499
05374,2014,40 bis unter 45 Jahre,f,8350
05374,2014,40 bis unter 45 Jahre,m,8001
05374,2014,75 bis unter 80 Jahre,f,7736
05374,2014,75 bis unter 80 Jahre,m,6170
05374,2014,65 bis unter 70 Jahre,f,6457
05374,2014,65 bis unter 70 Jahre,m,6136
05374,2014,10 bis unter 15 Jahre,m,7163
05374,2014,10 bis unter 15 Jahre,f,6995
05374,2014,20 bis unter 25 Jahre,f,6968
05374,2014,20 bis unter 25 Jahre,m,8281
05374,2014,80 bis unter 85 Jahre,m,3325
05374,2014,80 bis unter 85 Jahre,f,4905
05374,2014,5 bis unter 10 Jahre,f,6037
05374,2014,5 bis unter 10 Jahre,m,6110
05374,2014,60 bis unter 65 Jahre,m,8281
05374,2014,60 bis unter 65 Jahre,f,8678
05374,2014,50 bis unter 55 Jahre,f,11910
05374,2014,50 bis unter 55 Jahre,m,11959
05374,2014,25 bis unter 30 Jahre,m,7656
05374,2014,25 bis unter 30 Jahre,f,6896
05374,2014,35 bis unter 40 Jahre,m,7221
05374,2014,35 bis unter 40 Jahre,f,7289
07337,2014,60 bis unter 65 Jahre,f,4000
07337,2014,60 bis unter 65 Jahre,m,3927
07337,2014,15 bis unter 20 Jahre,m,3058
07337,2014,15 bis unter 20 Jahre,f,2906
07337,2014,40 bis unter 45 Jahre,f,3508
07337,2014,40 bis unter 45 Jahre,m,3350
07337,2014,unter 5 Jahre,m,2236
07337,2014,unter 5 Jahre,f,2051
07337,2014,20 bis unter 25 Jahre,f,2756
07337,2014,20 bis unter 25 Jahre,m,2978
07337,2014,75 bis unter 80 Jahre,m,2710
07337,2014,75 bis unter 80 Jahre,f,3151
07337,2014,55 bis unter 60 Jahre,f,4341
07337,2014,55 bis unter 60 Jahre,m,4397
07337,2014,35 bis unter 40 Jahre,m,2825
07337,2014,35 bis unter 40 Jahre,f,2893
07337,2014,80 bis unter 85 Jahre,f,2069
07337,2014,80 bis unter 85 Jahre,m,1403
07337,2014,90 bis unter 95 Jahre,m,161
07337,2014,90 bis unter 95 Jahre,f,538
07337,2014,70 bis unter 75 Jahre,m,2776
07337,2014,70 bis unter 75 Jahre,f,3045
07337,2014,65 bis unter 70 Jahre,m,2813
07337,2014,65 bis unter 70 Jahre,f,2938
07337,2014,10 bis unter 15 Jahre,f,2447
07337,2014,10 bis unter 15 Jahre,m,2682
07337,2014,5 bis unter 10 Jahre,m,2316
07337,2014,5 bis unter 10 Jahre,f,2139
07337,2014,50 bis unter 55 Jahre,f,5101
07337,2014,50 bis unter 55 Jahre,m,5259
07337,2014,45 bis unter 50 Jahre,m,4833
07337,2014,45 bis unter 50 Jahre,f,4848
07337,2014,85 bis unter 90 Jahre,f,1313
07337,2014,85 bis unter 90 Jahre,m,681
07337,2014,25 bis unter 30 Jahre,m,2826
07337,2014,25 bis unter 30 Jahre,f,2664
07337,2014,30 bis unter 35 Jahre,f,2780
07337,2014,30 bis unter 35 Jahre,m,2910
07337,2014,95 Jahre und mehr,m,24
07337,2014,95 Jahre und mehr,f,82
03458,2014,55 bis unter 60 Jahre,m,4759
03458,2014,55 bis unter 60 Jahre,f,4647
03458,2014,unter 5 Jahre,m,2641
03458,2014,unter 5 Jahre,f,2479
03458,2014,75 bis unter 80 Jahre,m,2922
03458,2014,75 bis unter 80 Jahre,f,3353
03458,2014,20 bis unter 25 Jahre,m,3495
03458,2014,20 bis unter 25 Jahre,f,2997
03458,2014,35 bis unter 40 Jahre,m,3393
03458,2014,35 bis unter 40 Jahre,f,3508
03458,2014,40 bis unter 45 Jahre,m,4210
03458,2014,40 bis unter 45 Jahre,f,4459
03458,2014,80 bis unter 85 Jahre,f,1964
03458,2014,80 bis unter 85 Jahre,m,1394
03458,2014,60 bis unter 65 Jahre,m,3916
03458,2014,60 bis unter 65 Jahre,f,4052
03458,2014,15 bis unter 20 Jahre,m,3879
03458,2014,15 bis unter 20 Jahre,f,3719
03458,2014,25 bis unter 30 Jahre,f,2868
03458,2014,25 bis unter 30 Jahre,m,3297
03458,2014,95 Jahre und mehr,m,34
03458,2014,95 Jahre und mehr,f,110
03458,2014,5 bis unter 10 Jahre,f,2782
03458,2014,5 bis unter 10 Jahre,m,3000
03458,2014,30 bis unter 35 Jahre,f,3033
03458,2014,30 bis unter 35 Jahre,m,3183
03458,2014,50 bis unter 55 Jahre,f,5825
03458,2014,50 bis unter 55 Jahre,m,5893
03458,2014,10 bis unter 15 Jahre,m,3560
03458,2014,10 bis unter 15 Jahre,f,3303
03458,2014,65 bis unter 70 Jahre,m,3178
03458,2014,65 bis unter 70 Jahre,f,3205
03458,2014,85 bis unter 90 Jahre,m,674
03458,2014,85 bis unter 90 Jahre,f,1321
03458,2014,90 bis unter 95 Jahre,m,183
03458,2014,90 bis unter 95 Jahre,f,647
03458,2014,70 bis unter 75 Jahre,f,3481
03458,2014,70 bis unter 75 Jahre,m,3309
03458,2014,45 bis unter 50 Jahre,f,5978
03458,2014,45 bis unter 50 Jahre,m,6147
07313,2014,40 bis unter 45 Jahre,m,1384
07313,2014,40 bis unter 45 Jahre,f,1372
07313,2014,75 bis unter 80 Jahre,m,831
07313,2014,75 bis unter 80 Jahre,f,1152
07313,2014,20 bis unter 25 Jahre,m,1594
07313,2014,20 bis unter 25 Jahre,f,2475
07313,2014,unter 5 Jahre,m,894
07313,2014,unter 5 Jahre,f,860
07313,2014,15 bis unter 20 Jahre,m,1113
07313,2014,15 bis unter 20 Jahre,f,1136
07313,2014,60 bis unter 65 Jahre,f,1322
07313,2014,60 bis unter 65 Jahre,m,1265
07313,2014,55 bis unter 60 Jahre,m,1497
07313,2014,55 bis unter 60 Jahre,f,1536
07313,2014,25 bis unter 30 Jahre,f,1721
07313,2014,25 bis unter 30 Jahre,m,1729
07313,2014,80 bis unter 85 Jahre,m,460
07313,2014,80 bis unter 85 Jahre,f,752
07313,2014,10 bis unter 15 Jahre,f,941
07313,2014,10 bis unter 15 Jahre,m,941
07313,2014,85 bis unter 90 Jahre,f,577
07313,2014,85 bis unter 90 Jahre,m,242
07313,2014,95 Jahre und mehr,f,49
07313,2014,95 Jahre und mehr,m,10
07313,2014,5 bis unter 10 Jahre,f,905
07313,2014,5 bis unter 10 Jahre,m,923
07313,2014,30 bis unter 35 Jahre,f,1337
07313,2014,30 bis unter 35 Jahre,m,1402
07313,2014,50 bis unter 55 Jahre,m,1810
07313,2014,50 bis unter 55 Jahre,f,1803
07313,2014,90 bis unter 95 Jahre,f,287
07313,2014,90 bis unter 95 Jahre,m,60
07313,2014,45 bis unter 50 Jahre,m,1795
07313,2014,45 bis unter 50 Jahre,f,1851
07313,2014,65 bis unter 70 Jahre,m,871
07313,2014,65 bis unter 70 Jahre,f,1082
07313,2014,70 bis unter 75 Jahre,m,966
07313,2014,70 bis unter 75 Jahre,f,1152
07313,2014,35 bis unter 40 Jahre,f,1179
07313,2014,35 bis unter 40 Jahre,m,1189
01004,2014,20 bis unter 25 Jahre,f,2243
01004,2014,20 bis unter 25 Jahre,m,2370
01004,2014,55 bis unter 60 Jahre,f,2679
01004,2014,55 bis unter 60 Jahre,m,2679
01004,2014,75 bis unter 80 Jahre,f,2406
01004,2014,75 bis unter 80 Jahre,m,1914
01004,2014,35 bis unter 40 Jahre,f,2045
01004,2014,35 bis unter 40 Jahre,m,2134
01004,2014,15 bis unter 20 Jahre,m,2206
01004,2014,15 bis unter 20 Jahre,f,2090
01004,2014,60 bis unter 65 Jahre,f,2462
01004,2014,60 bis unter 65 Jahre,m,2271
01004,2014,40 bis unter 45 Jahre,f,2416
01004,2014,40 bis unter 45 Jahre,m,2381
01004,2014,unter 5 Jahre,f,1549
01004,2014,unter 5 Jahre,m,1636
01004,2014,85 bis unter 90 Jahre,m,475
01004,2014,85 bis unter 90 Jahre,f,1021
01004,2014,90 bis unter 95 Jahre,m,152
01004,2014,90 bis unter 95 Jahre,f,466
01004,2014,65 bis unter 70 Jahre,m,1981
01004,2014,65 bis unter 70 Jahre,f,2117
01004,2014,5 bis unter 10 Jahre,f,1660
01004,2014,5 bis unter 10 Jahre,m,1746
01004,2014,95 Jahre und mehr,m,27
01004,2014,95 Jahre und mehr,f,91
01004,2014,10 bis unter 15 Jahre,m,1903
01004,2014,10 bis unter 15 Jahre,f,1779
01004,2014,30 bis unter 35 Jahre,f,2083
01004,2014,30 bis unter 35 Jahre,m,2207
01004,2014,45 bis unter 50 Jahre,m,3310
01004,2014,45 bis unter 50 Jahre,f,3120
01004,2014,80 bis unter 85 Jahre,m,816
01004,2014,80 bis unter 85 Jahre,f,1421
01004,2014,25 bis unter 30 Jahre,f,2330
01004,2014,25 bis unter 30 Jahre,m,2435
01004,2014,50 bis unter 55 Jahre,f,3155
01004,2014,50 bis unter 55 Jahre,m,3133
01004,2014,70 bis unter 75 Jahre,m,2164
01004,2014,70 bis unter 75 Jahre,f,2515
08128,2014,15 bis unter 20 Jahre,m,3757
08128,2014,15 bis unter 20 Jahre,f,3591
08128,2014,60 bis unter 65 Jahre,f,4503
08128,2014,60 bis unter 65 Jahre,m,4468
08128,2014,35 bis unter 40 Jahre,m,3512
08128,2014,35 bis unter 40 Jahre,f,3429
08128,2014,80 bis unter 85 Jahre,f,2431
08128,2014,80 bis unter 85 Jahre,m,1698
08128,2014,75 bis unter 80 Jahre,f,3673
08128,2014,75 bis unter 80 Jahre,m,2954
08128,2014,55 bis unter 60 Jahre,m,5018
08128,2014,55 bis unter 60 Jahre,f,4992
08128,2014,unter 5 Jahre,m,2600
08128,2014,unter 5 Jahre,f,2444
08128,2014,20 bis unter 25 Jahre,f,3311
08128,2014,20 bis unter 25 Jahre,m,3973
08128,2014,95 Jahre und mehr,m,42
08128,2014,95 Jahre und mehr,f,141
08128,2014,5 bis unter 10 Jahre,f,2762
08128,2014,5 bis unter 10 Jahre,m,2751
08128,2014,25 bis unter 30 Jahre,f,3476
08128,2014,25 bis unter 30 Jahre,m,3897
08128,2014,40 bis unter 45 Jahre,m,4004
08128,2014,40 bis unter 45 Jahre,f,4133
08128,2014,30 bis unter 35 Jahre,m,3706
08128,2014,30 bis unter 35 Jahre,f,3491
08128,2014,85 bis unter 90 Jahre,m,906
08128,2014,85 bis unter 90 Jahre,f,1782
08128,2014,50 bis unter 55 Jahre,f,5607
08128,2014,50 bis unter 55 Jahre,m,5583
08128,2014,70 bis unter 75 Jahre,f,3478
08128,2014,70 bis unter 75 Jahre,m,3161
08128,2014,45 bis unter 50 Jahre,f,5290
08128,2014,45 bis unter 50 Jahre,m,5498
08128,2014,65 bis unter 70 Jahre,m,3277
08128,2014,65 bis unter 70 Jahre,f,3359
08128,2014,10 bis unter 15 Jahre,f,3144
08128,2014,10 bis unter 15 Jahre,m,3314
08128,2014,90 bis unter 95 Jahre,m,265
08128,2014,90 bis unter 95 Jahre,f,878
08421,2014,75 bis unter 80 Jahre,f,2870
08421,2014,75 bis unter 80 Jahre,m,2216
08421,2014,40 bis unter 45 Jahre,f,3781
08421,2014,40 bis unter 45 Jahre,m,4128
08421,2014,20 bis unter 25 Jahre,f,4730
08421,2014,20 bis unter 25 Jahre,m,4690
08421,2014,95 Jahre und mehr,f,151
08421,2014,95 Jahre und mehr,m,40
08421,2014,unter 5 Jahre,f,2690
08421,2014,unter 5 Jahre,m,2946
08421,2014,80 bis unter 85 Jahre,f,1775
08421,2014,80 bis unter 85 Jahre,m,1188
08421,2014,35 bis unter 40 Jahre,m,4130
08421,2014,35 bis unter 40 Jahre,f,3948
08421,2014,15 bis unter 20 Jahre,f,2975
08421,2014,15 bis unter 20 Jahre,m,3110
08421,2014,55 bis unter 60 Jahre,f,3928
08421,2014,55 bis unter 60 Jahre,m,3449
08421,2014,70 bis unter 75 Jahre,m,2675
08421,2014,70 bis unter 75 Jahre,f,3112
08421,2014,60 bis unter 65 Jahre,m,3032
08421,2014,60 bis unter 65 Jahre,f,3383
08421,2014,50 bis unter 55 Jahre,m,4297
08421,2014,50 bis unter 55 Jahre,f,4139
08421,2014,30 bis unter 35 Jahre,m,4686
08421,2014,30 bis unter 35 Jahre,f,4551
08421,2014,25 bis unter 30 Jahre,m,5217
08421,2014,25 bis unter 30 Jahre,f,5006
08421,2014,65 bis unter 70 Jahre,f,2934
08421,2014,65 bis unter 70 Jahre,m,2506
08421,2014,85 bis unter 90 Jahre,f,1364
08421,2014,85 bis unter 90 Jahre,m,695
08421,2014,10 bis unter 15 Jahre,f,2516
08421,2014,10 bis unter 15 Jahre,m,2688
08421,2014,45 bis unter 50 Jahre,f,4343
08421,2014,45 bis unter 50 Jahre,m,4603
08421,2014,5 bis unter 10 Jahre,m,2623
08421,2014,5 bis unter 10 Jahre,f,2653
08421,2014,90 bis unter 95 Jahre,f,721
08421,2014,90 bis unter 95 Jahre,m,225
05382,2014,45 bis unter 50 Jahre,f,26362
05382,2014,45 bis unter 50 Jahre,m,25896
05382,2014,25 bis unter 30 Jahre,f,14899
05382,2014,25 bis unter 30 Jahre,m,15671
05382,2014,10 bis unter 15 Jahre,f,14598
05382,2014,10 bis unter 15 Jahre,m,15678
05382,2014,95 Jahre und mehr,m,141
05382,2014,95 Jahre und mehr,f,593
05382,2014,30 bis unter 35 Jahre,f,16122
05382,2014,30 bis unter 35 Jahre,m,15642
05382,2014,65 bis unter 70 Jahre,f,15601
05382,2014,65 bis unter 70 Jahre,m,14052
05382,2014,50 bis unter 55 Jahre,f,26402
05382,2014,50 bis unter 55 Jahre,m,25820
05382,2014,5 bis unter 10 Jahre,m,14117
05382,2014,5 bis unter 10 Jahre,f,13238
05382,2014,85 bis unter 90 Jahre,f,6196
05382,2014,85 bis unter 90 Jahre,m,3353
05382,2014,55 bis unter 60 Jahre,m,21358
05382,2014,55 bis unter 60 Jahre,f,22272
05382,2014,60 bis unter 65 Jahre,m,17571
05382,2014,60 bis unter 65 Jahre,f,18958
05382,2014,90 bis unter 95 Jahre,f,2922
05382,2014,90 bis unter 95 Jahre,m,900
05382,2014,70 bis unter 75 Jahre,f,17089
05382,2014,70 bis unter 75 Jahre,m,14993
05382,2014,80 bis unter 85 Jahre,m,6639
05382,2014,80 bis unter 85 Jahre,f,9007
05382,2014,35 bis unter 40 Jahre,m,15288
05382,2014,35 bis unter 40 Jahre,f,16760
05382,2014,unter 5 Jahre,f,12381
05382,2014,unter 5 Jahre,m,13516
05382,2014,20 bis unter 25 Jahre,f,15307
05382,2014,20 bis unter 25 Jahre,m,16434
05382,2014,15 bis unter 20 Jahre,f,16284
05382,2014,15 bis unter 20 Jahre,m,17350
05382,2014,75 bis unter 80 Jahre,f,15763
05382,2014,75 bis unter 80 Jahre,m,13382
05382,2014,40 bis unter 45 Jahre,m,17908
05382,2014,40 bis unter 45 Jahre,f,19318
08115,2014,5 bis unter 10 Jahre,m,9102
08115,2014,5 bis unter 10 Jahre,f,8640
08115,2014,50 bis unter 55 Jahre,f,15261
08115,2014,50 bis unter 55 Jahre,m,15730
08115,2014,85 bis unter 90 Jahre,f,3781
08115,2014,85 bis unter 90 Jahre,m,2150
08115,2014,30 bis unter 35 Jahre,f,11816
08115,2014,30 bis unter 35 Jahre,m,11953
08115,2014,10 bis unter 15 Jahre,f,9084
08115,2014,10 bis unter 15 Jahre,m,9749
08115,2014,45 bis unter 50 Jahre,f,15602
08115,2014,45 bis unter 50 Jahre,m,16018
08115,2014,65 bis unter 70 Jahre,m,8221
08115,2014,65 bis unter 70 Jahre,f,9166
08115,2014,25 bis unter 30 Jahre,m,11596
08115,2014,25 bis unter 30 Jahre,f,11084
08115,2014,70 bis unter 75 Jahre,f,10699
08115,2014,70 bis unter 75 Jahre,m,9584
08115,2014,80 bis unter 85 Jahre,m,4381
08115,2014,80 bis unter 85 Jahre,f,5864
08115,2014,60 bis unter 65 Jahre,m,10111
08115,2014,60 bis unter 65 Jahre,f,11020
08115,2014,90 bis unter 95 Jahre,m,595
08115,2014,90 bis unter 95 Jahre,f,1618
08115,2014,unter 5 Jahre,f,8655
08115,2014,unter 5 Jahre,m,8925
08115,2014,55 bis unter 60 Jahre,m,12956
08115,2014,55 bis unter 60 Jahre,f,12894
08115,2014,40 bis unter 45 Jahre,f,12641
08115,2014,40 bis unter 45 Jahre,m,12752
08115,2014,35 bis unter 40 Jahre,m,11625
08115,2014,35 bis unter 40 Jahre,f,11770
08115,2014,75 bis unter 80 Jahre,f,9663
08115,2014,75 bis unter 80 Jahre,m,8190
08115,2014,20 bis unter 25 Jahre,m,10559
08115,2014,20 bis unter 25 Jahre,f,9735
08115,2014,15 bis unter 20 Jahre,m,10636
08115,2014,15 bis unter 20 Jahre,f,10045
08115,2014,95 Jahre und mehr,m,79
08115,2014,95 Jahre und mehr,f,329
09173,2014,55 bis unter 60 Jahre,f,4277
09173,2014,55 bis unter 60 Jahre,m,4310
09173,2014,20 bis unter 25 Jahre,f,3126
09173,2014,20 bis unter 25 Jahre,m,3539
09173,2014,35 bis unter 40 Jahre,f,3660
09173,2014,35 bis unter 40 Jahre,m,3527
09173,2014,15 bis unter 20 Jahre,f,3314
09173,2014,15 bis unter 20 Jahre,m,3507
09173,2014,unter 5 Jahre,f,2623
09173,2014,unter 5 Jahre,m,2824
09173,2014,40 bis unter 45 Jahre,f,4125
09173,2014,40 bis unter 45 Jahre,m,3935
09173,2014,70 bis unter 75 Jahre,m,3314
09173,2014,70 bis unter 75 Jahre,f,3701
09173,2014,80 bis unter 85 Jahre,f,1938
09173,2014,80 bis unter 85 Jahre,m,1438
09173,2014,75 bis unter 80 Jahre,m,2740
09173,2014,75 bis unter 80 Jahre,f,3292
09173,2014,65 bis unter 70 Jahre,m,2984
09173,2014,65 bis unter 70 Jahre,f,3309
09173,2014,10 bis unter 15 Jahre,m,3130
09173,2014,10 bis unter 15 Jahre,f,3135
09173,2014,45 bis unter 50 Jahre,m,5530
09173,2014,45 bis unter 50 Jahre,f,5545
09173,2014,90 bis unter 95 Jahre,f,728
09173,2014,90 bis unter 95 Jahre,m,224
09173,2014,30 bis unter 35 Jahre,f,3546
09173,2014,30 bis unter 35 Jahre,m,3495
09173,2014,85 bis unter 90 Jahre,f,1412
09173,2014,85 bis unter 90 Jahre,m,803
09173,2014,95 Jahre und mehr,m,25
09173,2014,95 Jahre und mehr,f,140
09173,2014,5 bis unter 10 Jahre,f,2710
09173,2014,5 bis unter 10 Jahre,m,2955
09173,2014,50 bis unter 55 Jahre,m,5264
09173,2014,50 bis unter 55 Jahre,f,5240
09173,2014,60 bis unter 65 Jahre,m,3448
09173,2014,60 bis unter 65 Jahre,f,3747
09173,2014,25 bis unter 30 Jahre,m,3490
09173,2014,25 bis unter 30 Jahre,f,3290
03353,2014,55 bis unter 60 Jahre,f,8650
03353,2014,55 bis unter 60 Jahre,m,8717
03353,2014,20 bis unter 25 Jahre,f,5293
03353,2014,20 bis unter 25 Jahre,m,6167
03353,2014,unter 5 Jahre,f,5269
03353,2014,unter 5 Jahre,m,5501
03353,2014,75 bis unter 80 Jahre,f,6986
03353,2014,75 bis unter 80 Jahre,m,5901
03353,2014,35 bis unter 40 Jahre,f,7247
03353,2014,35 bis unter 40 Jahre,m,6613
03353,2014,15 bis unter 20 Jahre,m,6980
03353,2014,15 bis unter 20 Jahre,f,6647
03353,2014,90 bis unter 95 Jahre,m,376
03353,2014,90 bis unter 95 Jahre,f,1098
03353,2014,60 bis unter 65 Jahre,f,7761
03353,2014,60 bis unter 65 Jahre,m,7176
03353,2014,95 Jahre und mehr,f,200
03353,2014,95 Jahre und mehr,m,51
03353,2014,85 bis unter 90 Jahre,m,1376
03353,2014,85 bis unter 90 Jahre,f,2487
03353,2014,30 bis unter 35 Jahre,m,6116
03353,2014,30 bis unter 35 Jahre,f,6601
03353,2014,40 bis unter 45 Jahre,m,7951
03353,2014,40 bis unter 45 Jahre,f,8511
03353,2014,10 bis unter 15 Jahre,m,6429
03353,2014,10 bis unter 15 Jahre,f,6109
03353,2014,5 bis unter 10 Jahre,f,5488
03353,2014,5 bis unter 10 Jahre,m,5853
03353,2014,65 bis unter 70 Jahre,f,7061
03353,2014,65 bis unter 70 Jahre,m,6406
03353,2014,25 bis unter 30 Jahre,f,5380
03353,2014,25 bis unter 30 Jahre,m,5586
03353,2014,45 bis unter 50 Jahre,f,12036
03353,2014,45 bis unter 50 Jahre,m,11489
03353,2014,50 bis unter 55 Jahre,f,11034
03353,2014,50 bis unter 55 Jahre,m,11156
03353,2014,70 bis unter 75 Jahre,f,7735
03353,2014,70 bis unter 75 Jahre,m,7058
03353,2014,80 bis unter 85 Jahre,m,2834
03353,2014,80 bis unter 85 Jahre,f,3870
03460,2014,5 bis unter 10 Jahre,f,3361
03460,2014,5 bis unter 10 Jahre,m,3648
03460,2014,80 bis unter 85 Jahre,m,1271
03460,2014,80 bis unter 85 Jahre,f,1934
03460,2014,45 bis unter 50 Jahre,f,5538
03460,2014,45 bis unter 50 Jahre,m,5923
03460,2014,25 bis unter 30 Jahre,f,4436
03460,2014,25 bis unter 30 Jahre,m,4990
03460,2014,60 bis unter 65 Jahre,m,3783
03460,2014,60 bis unter 65 Jahre,f,3630
03460,2014,40 bis unter 45 Jahre,m,4611
03460,2014,40 bis unter 45 Jahre,f,4472
03460,2014,10 bis unter 15 Jahre,f,3924
03460,2014,10 bis unter 15 Jahre,m,4240
03460,2014,85 bis unter 90 Jahre,f,1266
03460,2014,85 bis unter 90 Jahre,m,596
03460,2014,unter 5 Jahre,m,3565
03460,2014,unter 5 Jahre,f,3319
03460,2014,35 bis unter 40 Jahre,m,4133
03460,2014,35 bis unter 40 Jahre,f,4109
03460,2014,90 bis unter 95 Jahre,f,543
03460,2014,90 bis unter 95 Jahre,m,153
03460,2014,70 bis unter 75 Jahre,f,2634
03460,2014,70 bis unter 75 Jahre,m,2435
03460,2014,55 bis unter 60 Jahre,m,4609
03460,2014,55 bis unter 60 Jahre,f,4418
03460,2014,65 bis unter 70 Jahre,f,2480
03460,2014,65 bis unter 70 Jahre,m,2570
03460,2014,15 bis unter 20 Jahre,f,4488
03460,2014,15 bis unter 20 Jahre,m,4604
03460,2014,50 bis unter 55 Jahre,m,5797
03460,2014,50 bis unter 55 Jahre,f,5504
03460,2014,20 bis unter 25 Jahre,f,4846
03460,2014,20 bis unter 25 Jahre,m,4901
03460,2014,75 bis unter 80 Jahre,f,2777
03460,2014,75 bis unter 80 Jahre,m,2175
03460,2014,30 bis unter 35 Jahre,f,3956
03460,2014,30 bis unter 35 Jahre,m,4431
03460,2014,95 Jahre und mehr,m,23
03460,2014,95 Jahre und mehr,f,91
05158,2014,15 bis unter 20 Jahre,f,11784
05158,2014,15 bis unter 20 Jahre,m,12578
05158,2014,90 bis unter 95 Jahre,m,852
05158,2014,90 bis unter 95 Jahre,f,2674
05158,2014,55 bis unter 60 Jahre,f,18137
05158,2014,55 bis unter 60 Jahre,m,17428
05158,2014,35 bis unter 40 Jahre,f,13031
05158,2014,35 bis unter 40 Jahre,m,12128
05158,2014,20 bis unter 25 Jahre,f,11150
05158,2014,20 bis unter 25 Jahre,m,11805
05158,2014,50 bis unter 55 Jahre,m,21091
05158,2014,50 bis unter 55 Jahre,f,21372
05158,2014,10 bis unter 15 Jahre,m,11572
05158,2014,10 bis unter 15 Jahre,f,10884
05158,2014,45 bis unter 50 Jahre,m,20964
05158,2014,45 bis unter 50 Jahre,f,21579
05158,2014,80 bis unter 85 Jahre,f,9210
05158,2014,80 bis unter 85 Jahre,m,6626
05158,2014,65 bis unter 70 Jahre,m,11883
05158,2014,65 bis unter 70 Jahre,f,13813
05158,2014,unter 5 Jahre,m,10011
05158,2014,unter 5 Jahre,f,9661
05158,2014,70 bis unter 75 Jahre,m,13539
05158,2014,70 bis unter 75 Jahre,f,16607
05158,2014,75 bis unter 80 Jahre,f,15445
05158,2014,75 bis unter 80 Jahre,m,12649
05158,2014,95 Jahre und mehr,f,555
05158,2014,95 Jahre und mehr,m,106
05158,2014,25 bis unter 30 Jahre,f,11696
05158,2014,25 bis unter 30 Jahre,m,11682
05158,2014,5 bis unter 10 Jahre,f,10275
05158,2014,5 bis unter 10 Jahre,m,10532
05158,2014,85 bis unter 90 Jahre,f,5854
05158,2014,85 bis unter 90 Jahre,m,3235
05158,2014,60 bis unter 65 Jahre,m,14384
05158,2014,60 bis unter 65 Jahre,f,15884
05158,2014,30 bis unter 35 Jahre,f,12853
05158,2014,30 bis unter 35 Jahre,m,11997
05158,2014,40 bis unter 45 Jahre,f,15498
05158,2014,40 bis unter 45 Jahre,m,14736
09662,2014,75 bis unter 80 Jahre,m,1250
09662,2014,75 bis unter 80 Jahre,f,1637
09662,2014,20 bis unter 25 Jahre,m,1614
09662,2014,20 bis unter 25 Jahre,f,1588
09662,2014,40 bis unter 45 Jahre,m,1429
09662,2014,40 bis unter 45 Jahre,f,1441
09662,2014,60 bis unter 65 Jahre,m,1546
09662,2014,60 bis unter 65 Jahre,f,1826
09662,2014,55 bis unter 60 Jahre,m,1785
09662,2014,55 bis unter 60 Jahre,f,1918
09662,2014,80 bis unter 85 Jahre,m,707
09662,2014,80 bis unter 85 Jahre,f,1110
09662,2014,15 bis unter 20 Jahre,m,1225
09662,2014,15 bis unter 20 Jahre,f,1182
09662,2014,unter 5 Jahre,m,1096
09662,2014,unter 5 Jahre,f,1023
09662,2014,30 bis unter 35 Jahre,f,1580
09662,2014,30 bis unter 35 Jahre,m,1690
09662,2014,25 bis unter 30 Jahre,f,1636
09662,2014,25 bis unter 30 Jahre,m,1906
09662,2014,50 bis unter 55 Jahre,f,1908
09662,2014,50 bis unter 55 Jahre,m,1929
09662,2014,5 bis unter 10 Jahre,m,1131
09662,2014,5 bis unter 10 Jahre,f,1049
09662,2014,95 Jahre und mehr,m,15
09662,2014,95 Jahre und mehr,f,94
09662,2014,85 bis unter 90 Jahre,m,464
09662,2014,85 bis unter 90 Jahre,f,937
09662,2014,10 bis unter 15 Jahre,m,1109
09662,2014,10 bis unter 15 Jahre,f,1022
09662,2014,90 bis unter 95 Jahre,m,122
09662,2014,90 bis unter 95 Jahre,f,499
09662,2014,70 bis unter 75 Jahre,f,1700
09662,2014,70 bis unter 75 Jahre,m,1376
09662,2014,65 bis unter 70 Jahre,m,1234
09662,2014,65 bis unter 70 Jahre,f,1424
09662,2014,35 bis unter 40 Jahre,f,1369
09662,2014,35 bis unter 40 Jahre,m,1394
09662,2014,45 bis unter 50 Jahre,f,1781
09662,2014,45 bis unter 50 Jahre,m,1864
03403,2014,5 bis unter 10 Jahre,f,3250
03403,2014,5 bis unter 10 Jahre,m,3338
03403,2014,25 bis unter 30 Jahre,f,7075
03403,2014,25 bis unter 30 Jahre,m,6420
03403,2014,80 bis unter 85 Jahre,m,1438
03403,2014,80 bis unter 85 Jahre,f,2318
03403,2014,45 bis unter 50 Jahre,f,6855
03403,2014,45 bis unter 50 Jahre,m,6539
03403,2014,30 bis unter 35 Jahre,f,5765
03403,2014,30 bis unter 35 Jahre,m,5586
03403,2014,65 bis unter 70 Jahre,f,3991
03403,2014,65 bis unter 70 Jahre,m,3589
03403,2014,60 bis unter 65 Jahre,m,4307
03403,2014,60 bis unter 65 Jahre,f,4737
03403,2014,20 bis unter 25 Jahre,m,5359
03403,2014,20 bis unter 25 Jahre,f,6336
03403,2014,35 bis unter 40 Jahre,m,4796
03403,2014,35 bis unter 40 Jahre,f,4915
03403,2014,95 Jahre und mehr,f,194
03403,2014,95 Jahre und mehr,m,57
03403,2014,70 bis unter 75 Jahre,f,4291
03403,2014,70 bis unter 75 Jahre,m,3702
03403,2014,50 bis unter 55 Jahre,f,6590
03403,2014,50 bis unter 55 Jahre,m,6013
03403,2014,40 bis unter 45 Jahre,m,4984
03403,2014,40 bis unter 45 Jahre,f,5199
03403,2014,15 bis unter 20 Jahre,m,3952
03403,2014,15 bis unter 20 Jahre,f,4108
03403,2014,unter 5 Jahre,f,3304
03403,2014,unter 5 Jahre,m,3492
03403,2014,85 bis unter 90 Jahre,m,817
03403,2014,85 bis unter 90 Jahre,f,1799
03403,2014,55 bis unter 60 Jahre,f,5438
03403,2014,55 bis unter 60 Jahre,m,5171
03403,2014,90 bis unter 95 Jahre,f,865
03403,2014,90 bis unter 95 Jahre,m,284
03403,2014,10 bis unter 15 Jahre,m,3577
03403,2014,10 bis unter 15 Jahre,f,3474
03403,2014,75 bis unter 80 Jahre,m,3037
03403,2014,75 bis unter 80 Jahre,f,3945
07211,2014,50 bis unter 55 Jahre,m,3785
07211,2014,50 bis unter 55 Jahre,f,3848
07211,2014,70 bis unter 75 Jahre,m,2009
07211,2014,70 bis unter 75 Jahre,f,2441
07211,2014,10 bis unter 15 Jahre,m,2083
07211,2014,10 bis unter 15 Jahre,f,1969
07211,2014,30 bis unter 35 Jahre,m,4538
07211,2014,30 bis unter 35 Jahre,f,4081
07211,2014,35 bis unter 40 Jahre,f,3114
07211,2014,35 bis unter 40 Jahre,m,3433
07211,2014,65 bis unter 70 Jahre,m,1929
07211,2014,65 bis unter 70 Jahre,f,2225
07211,2014,90 bis unter 95 Jahre,m,181
07211,2014,90 bis unter 95 Jahre,f,748
07211,2014,75 bis unter 80 Jahre,f,2774
07211,2014,75 bis unter 80 Jahre,m,1869
07211,2014,45 bis unter 50 Jahre,f,3742
07211,2014,45 bis unter 50 Jahre,m,3983
07211,2014,25 bis unter 30 Jahre,m,5554
07211,2014,25 bis unter 30 Jahre,f,5387
07211,2014,unter 5 Jahre,f,2168
07211,2014,unter 5 Jahre,m,2294
07211,2014,80 bis unter 85 Jahre,f,1737
07211,2014,80 bis unter 85 Jahre,m,1074
07211,2014,55 bis unter 60 Jahre,f,3446
07211,2014,55 bis unter 60 Jahre,m,3327
07211,2014,40 bis unter 45 Jahre,m,3201
07211,2014,40 bis unter 45 Jahre,f,3001
07211,2014,60 bis unter 65 Jahre,m,2787
07211,2014,60 bis unter 65 Jahre,f,3028
07211,2014,95 Jahre und mehr,f,138
07211,2014,95 Jahre und mehr,m,24
07211,2014,15 bis unter 20 Jahre,m,2475
07211,2014,15 bis unter 20 Jahre,f,2511
07211,2014,20 bis unter 25 Jahre,f,6091
07211,2014,20 bis unter 25 Jahre,m,5436
07211,2014,85 bis unter 90 Jahre,f,1359
07211,2014,85 bis unter 90 Jahre,m,597
07211,2014,5 bis unter 10 Jahre,m,2187
07211,2014,5 bis unter 10 Jahre,f,1898
05558,2014,20 bis unter 25 Jahre,m,6475
05558,2014,20 bis unter 25 Jahre,f,5502
05558,2014,55 bis unter 60 Jahre,m,8346
05558,2014,55 bis unter 60 Jahre,f,8592
05558,2014,unter 5 Jahre,m,4680
05558,2014,unter 5 Jahre,f,4355
05558,2014,75 bis unter 80 Jahre,m,4357
05558,2014,75 bis unter 80 Jahre,f,5538
05558,2014,80 bis unter 85 Jahre,m,2413
05558,2014,80 bis unter 85 Jahre,f,3599
05558,2014,40 bis unter 45 Jahre,m,6852
05558,2014,40 bis unter 45 Jahre,f,7060
05558,2014,60 bis unter 65 Jahre,f,7107
05558,2014,60 bis unter 65 Jahre,m,6946
05558,2014,15 bis unter 20 Jahre,m,7091
05558,2014,15 bis unter 20 Jahre,f,6732
05558,2014,25 bis unter 30 Jahre,f,5036
05558,2014,25 bis unter 30 Jahre,m,5750
05558,2014,30 bis unter 35 Jahre,f,5587
05558,2014,30 bis unter 35 Jahre,m,5579
05558,2014,85 bis unter 90 Jahre,m,1141
05558,2014,85 bis unter 90 Jahre,f,2524
05558,2014,5 bis unter 10 Jahre,f,4778
05558,2014,5 bis unter 10 Jahre,m,5013
05558,2014,10 bis unter 15 Jahre,m,5944
05558,2014,10 bis unter 15 Jahre,f,5657
05558,2014,45 bis unter 50 Jahre,m,9761
05558,2014,45 bis unter 50 Jahre,f,9869
05558,2014,65 bis unter 70 Jahre,m,5138
05558,2014,65 bis unter 70 Jahre,f,5218
05558,2014,50 bis unter 55 Jahre,m,9788
05558,2014,50 bis unter 55 Jahre,f,9925
05558,2014,90 bis unter 95 Jahre,f,1159
05558,2014,90 bis unter 95 Jahre,m,293
05558,2014,70 bis unter 75 Jahre,f,5415
05558,2014,70 bis unter 75 Jahre,m,4786
05558,2014,95 Jahre und mehr,m,31
05558,2014,95 Jahre und mehr,f,210
05558,2014,35 bis unter 40 Jahre,f,5901
05558,2014,35 bis unter 40 Jahre,m,5848
06532,2014,20 bis unter 25 Jahre,f,6781
06532,2014,20 bis unter 25 Jahre,m,7560
06532,2014,75 bis unter 80 Jahre,f,7251
06532,2014,75 bis unter 80 Jahre,m,5754
06532,2014,40 bis unter 45 Jahre,f,8141
06532,2014,40 bis unter 45 Jahre,m,7740
06532,2014,95 Jahre und mehr,m,54
06532,2014,95 Jahre und mehr,f,262
06532,2014,35 bis unter 40 Jahre,f,7053
06532,2014,35 bis unter 40 Jahre,m,6899
06532,2014,15 bis unter 20 Jahre,m,7240
06532,2014,15 bis unter 20 Jahre,f,6866
06532,2014,60 bis unter 65 Jahre,f,8351
06532,2014,60 bis unter 65 Jahre,m,7885
06532,2014,55 bis unter 60 Jahre,f,9297
06532,2014,55 bis unter 60 Jahre,m,9362
06532,2014,unter 5 Jahre,f,5022
06532,2014,unter 5 Jahre,m,5242
06532,2014,70 bis unter 75 Jahre,m,6241
06532,2014,70 bis unter 75 Jahre,f,7040
06532,2014,50 bis unter 55 Jahre,m,10970
06532,2014,50 bis unter 55 Jahre,f,10915
06532,2014,80 bis unter 85 Jahre,f,4655
06532,2014,80 bis unter 85 Jahre,m,3045
06532,2014,45 bis unter 50 Jahre,f,10611
06532,2014,45 bis unter 50 Jahre,m,10701
06532,2014,25 bis unter 30 Jahre,m,7350
06532,2014,25 bis unter 30 Jahre,f,6789
06532,2014,65 bis unter 70 Jahre,f,6637
06532,2014,65 bis unter 70 Jahre,m,6290
06532,2014,10 bis unter 15 Jahre,f,5847
06532,2014,10 bis unter 15 Jahre,m,6191
06532,2014,85 bis unter 90 Jahre,f,3176
06532,2014,85 bis unter 90 Jahre,m,1585
06532,2014,30 bis unter 35 Jahre,f,6847
06532,2014,30 bis unter 35 Jahre,m,7043
06532,2014,90 bis unter 95 Jahre,f,1455
06532,2014,90 bis unter 95 Jahre,m,449
06532,2014,5 bis unter 10 Jahre,m,5693
06532,2014,5 bis unter 10 Jahre,f,5150
05970,2014,25 bis unter 30 Jahre,f,8427
05970,2014,25 bis unter 30 Jahre,m,9106
05970,2014,45 bis unter 50 Jahre,f,10927
05970,2014,45 bis unter 50 Jahre,m,11510
05970,2014,5 bis unter 10 Jahre,f,5553
05970,2014,5 bis unter 10 Jahre,m,5834
05970,2014,10 bis unter 15 Jahre,f,6273
05970,2014,10 bis unter 15 Jahre,m,6519
05970,2014,85 bis unter 90 Jahre,f,3420
05970,2014,85 bis unter 90 Jahre,m,1716
05970,2014,30 bis unter 35 Jahre,f,7814
05970,2014,30 bis unter 35 Jahre,m,8157
05970,2014,60 bis unter 65 Jahre,m,8807
05970,2014,60 bis unter 65 Jahre,f,9147
05970,2014,70 bis unter 75 Jahre,f,7651
05970,2014,70 bis unter 75 Jahre,m,6554
05970,2014,55 bis unter 60 Jahre,m,10202
05970,2014,55 bis unter 60 Jahre,f,10214
05970,2014,unter 5 Jahre,m,5773
05970,2014,unter 5 Jahre,f,5484
05970,2014,65 bis unter 70 Jahre,m,6577
05970,2014,65 bis unter 70 Jahre,f,7095
05970,2014,35 bis unter 40 Jahre,m,7575
05970,2014,35 bis unter 40 Jahre,f,7315
05970,2014,80 bis unter 85 Jahre,f,4989
05970,2014,80 bis unter 85 Jahre,m,3393
05970,2014,90 bis unter 95 Jahre,f,1394
05970,2014,90 bis unter 95 Jahre,m,455
05970,2014,15 bis unter 20 Jahre,f,7457
05970,2014,15 bis unter 20 Jahre,m,7818
05970,2014,95 Jahre und mehr,m,48
05970,2014,95 Jahre und mehr,f,268
05970,2014,75 bis unter 80 Jahre,f,8038
05970,2014,75 bis unter 80 Jahre,m,6423
05970,2014,20 bis unter 25 Jahre,f,8939
05970,2014,20 bis unter 25 Jahre,m,9303
05970,2014,50 bis unter 55 Jahre,m,11792
05970,2014,50 bis unter 55 Jahre,f,11411
05970,2014,40 bis unter 45 Jahre,m,8330
05970,2014,40 bis unter 45 Jahre,f,8201
05111,2014,50 bis unter 55 Jahre,m,23415
05111,2014,50 bis unter 55 Jahre,f,22827
05111,2014,85 bis unter 90 Jahre,m,3328
05111,2014,85 bis unter 90 Jahre,f,7000
05111,2014,70 bis unter 75 Jahre,m,13637
05111,2014,70 bis unter 75 Jahre,f,17037
05111,2014,95 Jahre und mehr,f,681
05111,2014,95 Jahre und mehr,m,134
05111,2014,90 bis unter 95 Jahre,m,922
05111,2014,90 bis unter 95 Jahre,f,3271
05111,2014,10 bis unter 15 Jahre,m,12321
05111,2014,10 bis unter 15 Jahre,f,11574
05111,2014,65 bis unter 70 Jahre,m,13048
05111,2014,65 bis unter 70 Jahre,f,15237
05111,2014,35 bis unter 40 Jahre,f,21401
05111,2014,35 bis unter 40 Jahre,m,21761
05111,2014,25 bis unter 30 Jahre,m,21863
05111,2014,25 bis unter 30 Jahre,f,24594
05111,2014,20 bis unter 25 Jahre,f,18032
05111,2014,20 bis unter 25 Jahre,m,15730
05111,2014,55 bis unter 60 Jahre,f,19452
05111,2014,55 bis unter 60 Jahre,m,18503
05111,2014,45 bis unter 50 Jahre,f,24181
05111,2014,45 bis unter 50 Jahre,m,26000
05111,2014,75 bis unter 80 Jahre,f,16139
05111,2014,75 bis unter 80 Jahre,m,12253
05111,2014,80 bis unter 85 Jahre,f,9993
05111,2014,80 bis unter 85 Jahre,m,6519
05111,2014,unter 5 Jahre,f,14133
05111,2014,unter 5 Jahre,m,14827
05111,2014,60 bis unter 65 Jahre,m,15366
05111,2014,60 bis unter 65 Jahre,f,17372
05111,2014,40 bis unter 45 Jahre,m,21869
05111,2014,40 bis unter 45 Jahre,f,20800
05111,2014,30 bis unter 35 Jahre,f,24997
05111,2014,30 bis unter 35 Jahre,m,24055
05111,2014,15 bis unter 20 Jahre,m,12425
05111,2014,15 bis unter 20 Jahre,f,12046
05111,2014,5 bis unter 10 Jahre,f,12561
05111,2014,5 bis unter 10 Jahre,m,13223
03455,2014,45 bis unter 50 Jahre,f,4367
03455,2014,45 bis unter 50 Jahre,m,4263
03455,2014,10 bis unter 15 Jahre,f,2333
03455,2014,10 bis unter 15 Jahre,m,2487
03455,2014,65 bis unter 70 Jahre,f,3178
03455,2014,65 bis unter 70 Jahre,m,2911
03455,2014,85 bis unter 90 Jahre,f,1195
03455,2014,85 bis unter 90 Jahre,m,606
03455,2014,50 bis unter 55 Jahre,f,4402
03455,2014,50 bis unter 55 Jahre,m,4196
03455,2014,80 bis unter 85 Jahre,m,1279
03455,2014,80 bis unter 85 Jahre,f,1758
03455,2014,5 bis unter 10 Jahre,m,1992
03455,2014,5 bis unter 10 Jahre,f,1825
03455,2014,25 bis unter 30 Jahre,f,2128
03455,2014,25 bis unter 30 Jahre,m,2139
03455,2014,40 bis unter 45 Jahre,m,2897
03455,2014,40 bis unter 45 Jahre,f,3029
03455,2014,90 bis unter 95 Jahre,f,566
03455,2014,90 bis unter 95 Jahre,m,203
03455,2014,70 bis unter 75 Jahre,m,3197
03455,2014,70 bis unter 75 Jahre,f,3263
03455,2014,60 bis unter 65 Jahre,m,3285
03455,2014,60 bis unter 65 Jahre,f,3421
03455,2014,35 bis unter 40 Jahre,m,2206
03455,2014,35 bis unter 40 Jahre,f,2455
03455,2014,unter 5 Jahre,f,1759
03455,2014,unter 5 Jahre,m,1845
03455,2014,55 bis unter 60 Jahre,f,3501
03455,2014,55 bis unter 60 Jahre,m,3384
03455,2014,15 bis unter 20 Jahre,f,2792
03455,2014,15 bis unter 20 Jahre,m,2918
03455,2014,20 bis unter 25 Jahre,f,2217
03455,2014,20 bis unter 25 Jahre,m,2514
03455,2014,75 bis unter 80 Jahre,f,3263
03455,2014,75 bis unter 80 Jahre,m,2695
03455,2014,30 bis unter 35 Jahre,m,2137
03455,2014,30 bis unter 35 Jahre,f,2167
03455,2014,95 Jahre und mehr,f,135
03455,2014,95 Jahre und mehr,m,29
09190,2014,90 bis unter 95 Jahre,m,225
09190,2014,90 bis unter 95 Jahre,f,689
09190,2014,70 bis unter 75 Jahre,m,3564
09190,2014,70 bis unter 75 Jahre,f,3833
09190,2014,15 bis unter 20 Jahre,f,3591
09190,2014,15 bis unter 20 Jahre,m,3964
09190,2014,50 bis unter 55 Jahre,m,5700
09190,2014,50 bis unter 55 Jahre,f,5764
09190,2014,30 bis unter 35 Jahre,m,3696
09190,2014,30 bis unter 35 Jahre,f,3585
09190,2014,85 bis unter 90 Jahre,m,815
09190,2014,85 bis unter 90 Jahre,f,1526
09190,2014,55 bis unter 60 Jahre,f,4697
09190,2014,55 bis unter 60 Jahre,m,4722
09190,2014,45 bis unter 50 Jahre,m,5690
09190,2014,45 bis unter 50 Jahre,f,5793
09190,2014,20 bis unter 25 Jahre,f,3510
09190,2014,20 bis unter 25 Jahre,m,3820
09190,2014,10 bis unter 15 Jahre,m,3451
09190,2014,10 bis unter 15 Jahre,f,3313
09190,2014,65 bis unter 70 Jahre,f,3479
09190,2014,65 bis unter 70 Jahre,m,3260
09190,2014,unter 5 Jahre,f,2859
09190,2014,unter 5 Jahre,m,2990
09190,2014,75 bis unter 80 Jahre,f,3363
09190,2014,75 bis unter 80 Jahre,m,3015
09190,2014,80 bis unter 85 Jahre,m,1530
09190,2014,80 bis unter 85 Jahre,f,2118
09190,2014,60 bis unter 65 Jahre,m,3929
09190,2014,60 bis unter 65 Jahre,f,4005
09190,2014,95 Jahre und mehr,f,128
09190,2014,95 Jahre und mehr,m,43
09190,2014,5 bis unter 10 Jahre,f,2921
09190,2014,5 bis unter 10 Jahre,m,3093
09190,2014,35 bis unter 40 Jahre,m,3593
09190,2014,35 bis unter 40 Jahre,f,3612
09190,2014,40 bis unter 45 Jahre,f,4304
09190,2014,40 bis unter 45 Jahre,m,4002
09190,2014,25 bis unter 30 Jahre,m,3610
09190,2014,25 bis unter 30 Jahre,f,3388
05315,2014,65 bis unter 70 Jahre,m,21162
05315,2014,65 bis unter 70 Jahre,f,24364
05315,2014,10 bis unter 15 Jahre,m,22049
05315,2014,10 bis unter 15 Jahre,f,20837
05315,2014,30 bis unter 35 Jahre,m,42777
05315,2014,30 bis unter 35 Jahre,f,44961
05315,2014,50 bis unter 55 Jahre,m,39662
05315,2014,50 bis unter 55 Jahre,f,38214
05315,2014,85 bis unter 90 Jahre,m,5118
05315,2014,85 bis unter 90 Jahre,f,9840
05315,2014,90 bis unter 95 Jahre,f,4573
05315,2014,90 bis unter 95 Jahre,m,1388
05315,2014,45 bis unter 50 Jahre,m,44785
05315,2014,45 bis unter 50 Jahre,f,41729
05315,2014,70 bis unter 75 Jahre,m,22622
05315,2014,70 bis unter 75 Jahre,f,25726
05315,2014,5 bis unter 10 Jahre,m,23162
05315,2014,5 bis unter 10 Jahre,f,21811
05315,2014,95 Jahre und mehr,m,199
05315,2014,95 Jahre und mehr,f,950
05315,2014,unter 5 Jahre,f,24287
05315,2014,unter 5 Jahre,m,25514
05315,2014,55 bis unter 60 Jahre,f,31597
05315,2014,55 bis unter 60 Jahre,m,31124
05315,2014,35 bis unter 40 Jahre,f,38807
05315,2014,35 bis unter 40 Jahre,m,38870
05315,2014,25 bis unter 30 Jahre,m,41527
05315,2014,25 bis unter 30 Jahre,f,46557
05315,2014,80 bis unter 85 Jahre,f,14801
05315,2014,80 bis unter 85 Jahre,m,10287
05315,2014,60 bis unter 65 Jahre,m,24778
05315,2014,60 bis unter 65 Jahre,f,28134
05315,2014,20 bis unter 25 Jahre,m,32435
05315,2014,20 bis unter 25 Jahre,f,37278
05315,2014,75 bis unter 80 Jahre,m,19566
05315,2014,75 bis unter 80 Jahre,f,24007
05315,2014,40 bis unter 45 Jahre,m,38393
05315,2014,40 bis unter 45 Jahre,f,36523
05315,2014,15 bis unter 20 Jahre,m,23373
05315,2014,15 bis unter 20 Jahre,f,22893
06438,2014,80 bis unter 85 Jahre,f,5586
06438,2014,80 bis unter 85 Jahre,m,4041
06438,2014,unter 5 Jahre,m,7951
06438,2014,unter 5 Jahre,f,7438
06438,2014,35 bis unter 40 Jahre,m,10445
06438,2014,35 bis unter 40 Jahre,f,10824
06438,2014,95 Jahre und mehr,f,361
06438,2014,95 Jahre und mehr,m,75
06438,2014,15 bis unter 20 Jahre,m,8949
06438,2014,15 bis unter 20 Jahre,f,8110
06438,2014,75 bis unter 80 Jahre,m,7434
06438,2014,75 bis unter 80 Jahre,f,8974
06438,2014,55 bis unter 60 Jahre,m,11786
06438,2014,55 bis unter 60 Jahre,f,11962
06438,2014,20 bis unter 25 Jahre,m,9002
06438,2014,20 bis unter 25 Jahre,f,8643
06438,2014,40 bis unter 45 Jahre,f,11548
06438,2014,40 bis unter 45 Jahre,m,11675
06438,2014,45 bis unter 50 Jahre,f,14700
06438,2014,45 bis unter 50 Jahre,m,14796
06438,2014,25 bis unter 30 Jahre,f,9534
06438,2014,25 bis unter 30 Jahre,m,9872
06438,2014,60 bis unter 65 Jahre,m,9853
06438,2014,60 bis unter 65 Jahre,f,11085
06438,2014,50 bis unter 55 Jahre,m,14362
06438,2014,50 bis unter 55 Jahre,f,14272
06438,2014,90 bis unter 95 Jahre,f,1630
06438,2014,90 bis unter 95 Jahre,m,587
06438,2014,70 bis unter 75 Jahre,f,10071
06438,2014,70 bis unter 75 Jahre,m,8818
06438,2014,10 bis unter 15 Jahre,m,8501
06438,2014,10 bis unter 15 Jahre,f,7822
06438,2014,5 bis unter 10 Jahre,m,8164
06438,2014,5 bis unter 10 Jahre,f,7633
06438,2014,30 bis unter 35 Jahre,f,10805
06438,2014,30 bis unter 35 Jahre,m,10369
06438,2014,85 bis unter 90 Jahre,m,2142
06438,2014,85 bis unter 90 Jahre,f,3578
06438,2014,65 bis unter 70 Jahre,f,9549
06438,2014,65 bis unter 70 Jahre,m,8722
09471,2014,70 bis unter 75 Jahre,m,3066
09471,2014,70 bis unter 75 Jahre,f,3206
09471,2014,50 bis unter 55 Jahre,m,6812
09471,2014,50 bis unter 55 Jahre,f,6549
09471,2014,90 bis unter 95 Jahre,m,187
09471,2014,90 bis unter 95 Jahre,f,574
09471,2014,85 bis unter 90 Jahre,m,716
09471,2014,85 bis unter 90 Jahre,f,1445
09471,2014,65 bis unter 70 Jahre,m,3351
09471,2014,65 bis unter 70 Jahre,f,3257
09471,2014,95 Jahre und mehr,f,94
09471,2014,95 Jahre und mehr,m,17
09471,2014,25 bis unter 30 Jahre,m,4389
09471,2014,25 bis unter 30 Jahre,f,4083
09471,2014,10 bis unter 15 Jahre,m,3718
09471,2014,10 bis unter 15 Jahre,f,3589
09471,2014,75 bis unter 80 Jahre,f,3570
09471,2014,75 bis unter 80 Jahre,m,2746
09471,2014,20 bis unter 25 Jahre,f,3930
09471,2014,20 bis unter 25 Jahre,m,4622
09471,2014,55 bis unter 60 Jahre,f,5440
09471,2014,55 bis unter 60 Jahre,m,5656
09471,2014,45 bis unter 50 Jahre,m,6518
09471,2014,45 bis unter 50 Jahre,f,6480
09471,2014,unter 5 Jahre,f,3088
09471,2014,unter 5 Jahre,m,3160
09471,2014,80 bis unter 85 Jahre,m,1468
09471,2014,80 bis unter 85 Jahre,f,2210
09471,2014,60 bis unter 65 Jahre,m,4636
09471,2014,60 bis unter 65 Jahre,f,4460
09471,2014,40 bis unter 45 Jahre,m,4974
09471,2014,40 bis unter 45 Jahre,f,4921
09471,2014,35 bis unter 40 Jahre,m,4243
09471,2014,35 bis unter 40 Jahre,f,4246
09471,2014,5 bis unter 10 Jahre,f,3105
09471,2014,5 bis unter 10 Jahre,m,3358
09471,2014,30 bis unter 35 Jahre,f,4298
09471,2014,30 bis unter 35 Jahre,m,4307
09471,2014,15 bis unter 20 Jahre,m,4288
09471,2014,15 bis unter 20 Jahre,f,3918
03356,2014,30 bis unter 35 Jahre,m,2661
03356,2014,30 bis unter 35 Jahre,f,2838
03356,2014,85 bis unter 90 Jahre,m,584
03356,2014,85 bis unter 90 Jahre,f,1194
03356,2014,50 bis unter 55 Jahre,m,5117
03356,2014,50 bis unter 55 Jahre,f,5117
03356,2014,45 bis unter 50 Jahre,m,5256
03356,2014,45 bis unter 50 Jahre,f,5354
03356,2014,90 bis unter 95 Jahre,f,573
03356,2014,90 bis unter 95 Jahre,m,146
03356,2014,70 bis unter 75 Jahre,m,3231
03356,2014,70 bis unter 75 Jahre,f,3615
03356,2014,65 bis unter 70 Jahre,m,3127
03356,2014,65 bis unter 70 Jahre,f,3306
03356,2014,25 bis unter 30 Jahre,m,2488
03356,2014,25 bis unter 30 Jahre,f,2288
03356,2014,10 bis unter 15 Jahre,m,2930
03356,2014,10 bis unter 15 Jahre,f,2715
03356,2014,unter 5 Jahre,f,2056
03356,2014,unter 5 Jahre,m,2300
03356,2014,55 bis unter 60 Jahre,f,4144
03356,2014,55 bis unter 60 Jahre,m,4162
03356,2014,20 bis unter 25 Jahre,f,2409
03356,2014,20 bis unter 25 Jahre,m,2809
03356,2014,75 bis unter 80 Jahre,f,3255
03356,2014,75 bis unter 80 Jahre,m,2805
03356,2014,80 bis unter 85 Jahre,m,1262
03356,2014,80 bis unter 85 Jahre,f,1787
03356,2014,40 bis unter 45 Jahre,m,3615
03356,2014,40 bis unter 45 Jahre,f,3717
03356,2014,35 bis unter 40 Jahre,m,2789
03356,2014,35 bis unter 40 Jahre,f,3095
03356,2014,5 bis unter 10 Jahre,f,2329
03356,2014,5 bis unter 10 Jahre,m,2510
03356,2014,60 bis unter 65 Jahre,m,3570
03356,2014,60 bis unter 65 Jahre,f,3791
03356,2014,15 bis unter 20 Jahre,f,3068
03356,2014,15 bis unter 20 Jahre,m,3320
03356,2014,95 Jahre und mehr,f,126
03356,2014,95 Jahre und mehr,m,25
02000,2014,85 bis unter 90 Jahre,f,19259
02000,2014,85 bis unter 90 Jahre,m,9077
02000,2014,25 bis unter 30 Jahre,m,68283
02000,2014,25 bis unter 30 Jahre,f,73959
02000,2014,65 bis unter 70 Jahre,f,41937
02000,2014,65 bis unter 70 Jahre,m,37903
02000,2014,70 bis unter 75 Jahre,f,47024
02000,2014,70 bis unter 75 Jahre,m,40844
02000,2014,30 bis unter 35 Jahre,f,74601
02000,2014,30 bis unter 35 Jahre,m,71814
02000,2014,45 bis unter 50 Jahre,f,70467
02000,2014,45 bis unter 50 Jahre,m,73926
02000,2014,5 bis unter 10 Jahre,m,39656
02000,2014,5 bis unter 10 Jahre,f,37156
02000,2014,10 bis unter 15 Jahre,m,37726
02000,2014,10 bis unter 15 Jahre,f,35492
02000,2014,50 bis unter 55 Jahre,f,65423
02000,2014,50 bis unter 55 Jahre,m,66520
02000,2014,75 bis unter 80 Jahre,m,33986
02000,2014,75 bis unter 80 Jahre,f,44256
02000,2014,20 bis unter 25 Jahre,m,52263
02000,2014,20 bis unter 25 Jahre,f,54849
02000,2014,15 bis unter 20 Jahre,f,38167
02000,2014,15 bis unter 20 Jahre,m,40801
02000,2014,40 bis unter 45 Jahre,f,60121
02000,2014,40 bis unter 45 Jahre,m,62378
02000,2014,95 Jahre und mehr,f,2188
02000,2014,95 Jahre und mehr,m,518
02000,2014,35 bis unter 40 Jahre,f,63513
02000,2014,35 bis unter 40 Jahre,m,64988
02000,2014,55 bis unter 60 Jahre,m,51564
02000,2014,55 bis unter 60 Jahre,f,52662
02000,2014,60 bis unter 65 Jahre,f,46217
02000,2014,60 bis unter 65 Jahre,m,42070
02000,2014,90 bis unter 95 Jahre,m,3017
02000,2014,90 bis unter 95 Jahre,f,9862
02000,2014,unter 5 Jahre,m,43531
02000,2014,unter 5 Jahre,f,41630
02000,2014,80 bis unter 85 Jahre,m,16581
02000,2014,80 bis unter 85 Jahre,f,26562
09576,2014,unter 5 Jahre,f,2542
09576,2014,unter 5 Jahre,m,2651
09576,2014,55 bis unter 60 Jahre,f,4653
09576,2014,55 bis unter 60 Jahre,m,4745
09576,2014,15 bis unter 20 Jahre,f,3562
09576,2014,15 bis unter 20 Jahre,m,3757
09576,2014,40 bis unter 45 Jahre,f,4119
09576,2014,40 bis unter 45 Jahre,m,4016
09576,2014,35 bis unter 40 Jahre,f,3534
09576,2014,35 bis unter 40 Jahre,m,3462
09576,2014,20 bis unter 25 Jahre,f,3199
09576,2014,20 bis unter 25 Jahre,m,3668
09576,2014,80 bis unter 85 Jahre,f,2041
09576,2014,80 bis unter 85 Jahre,m,1309
09576,2014,75 bis unter 80 Jahre,m,2824
09576,2014,75 bis unter 80 Jahre,f,3155
09576,2014,65 bis unter 70 Jahre,m,3112
09576,2014,65 bis unter 70 Jahre,f,3114
09576,2014,45 bis unter 50 Jahre,m,5706
09576,2014,45 bis unter 50 Jahre,f,5565
09576,2014,90 bis unter 95 Jahre,f,560
09576,2014,90 bis unter 95 Jahre,m,161
09576,2014,70 bis unter 75 Jahre,m,3030
09576,2014,70 bis unter 75 Jahre,f,3461
09576,2014,10 bis unter 15 Jahre,f,2992
09576,2014,10 bis unter 15 Jahre,m,3117
09576,2014,95 Jahre und mehr,m,27
09576,2014,95 Jahre und mehr,f,97
09576,2014,85 bis unter 90 Jahre,f,1321
09576,2014,85 bis unter 90 Jahre,m,679
09576,2014,25 bis unter 30 Jahre,m,3419
09576,2014,25 bis unter 30 Jahre,f,3225
09576,2014,5 bis unter 10 Jahre,f,2625
09576,2014,5 bis unter 10 Jahre,m,2732
09576,2014,60 bis unter 65 Jahre,m,3790
09576,2014,60 bis unter 65 Jahre,f,3913
09576,2014,30 bis unter 35 Jahre,f,3392
09576,2014,30 bis unter 35 Jahre,m,3428
09576,2014,50 bis unter 55 Jahre,m,5664
09576,2014,50 bis unter 55 Jahre,f,5523
07135,2014,80 bis unter 85 Jahre,m,870
07135,2014,80 bis unter 85 Jahre,f,1228
07135,2014,60 bis unter 65 Jahre,m,2185
07135,2014,60 bis unter 65 Jahre,f,2175
07135,2014,95 Jahre und mehr,m,25
07135,2014,95 Jahre und mehr,f,54
07135,2014,25 bis unter 30 Jahre,f,1453
07135,2014,25 bis unter 30 Jahre,m,1750
07135,2014,55 bis unter 60 Jahre,m,2501
07135,2014,55 bis unter 60 Jahre,f,2386
07135,2014,unter 5 Jahre,m,1175
07135,2014,unter 5 Jahre,f,1068
07135,2014,15 bis unter 20 Jahre,m,1735
07135,2014,15 bis unter 20 Jahre,f,1626
07135,2014,40 bis unter 45 Jahre,m,1833
07135,2014,40 bis unter 45 Jahre,f,1872
07135,2014,10 bis unter 15 Jahre,f,1443
07135,2014,10 bis unter 15 Jahre,m,1552
07135,2014,85 bis unter 90 Jahre,f,922
07135,2014,85 bis unter 90 Jahre,m,449
07135,2014,5 bis unter 10 Jahre,m,1272
07135,2014,5 bis unter 10 Jahre,f,1187
07135,2014,30 bis unter 35 Jahre,f,1499
07135,2014,30 bis unter 35 Jahre,m,1600
07135,2014,50 bis unter 55 Jahre,f,2759
07135,2014,50 bis unter 55 Jahre,m,2900
07135,2014,20 bis unter 25 Jahre,f,1472
07135,2014,20 bis unter 25 Jahre,m,1842
07135,2014,75 bis unter 80 Jahre,m,1590
07135,2014,75 bis unter 80 Jahre,f,1954
07135,2014,90 bis unter 95 Jahre,m,123
07135,2014,90 bis unter 95 Jahre,f,427
07135,2014,70 bis unter 75 Jahre,m,1636
07135,2014,70 bis unter 75 Jahre,f,1791
07135,2014,65 bis unter 70 Jahre,m,1695
07135,2014,65 bis unter 70 Jahre,f,1586
07135,2014,35 bis unter 40 Jahre,f,1544
07135,2014,35 bis unter 40 Jahre,m,1530
07135,2014,45 bis unter 50 Jahre,m,2721
07135,2014,45 bis unter 50 Jahre,f,2611
09761,2014,unter 5 Jahre,f,5938
09761,2014,unter 5 Jahre,m,6214
09761,2014,35 bis unter 40 Jahre,f,8922
09761,2014,35 bis unter 40 Jahre,m,9480
09761,2014,55 bis unter 60 Jahre,f,8870
09761,2014,55 bis unter 60 Jahre,m,8628
09761,2014,75 bis unter 80 Jahre,f,7400
09761,2014,75 bis unter 80 Jahre,m,5438
09761,2014,70 bis unter 75 Jahre,m,6462
09761,2014,70 bis unter 75 Jahre,f,7711
09761,2014,40 bis unter 45 Jahre,f,8883
09761,2014,40 bis unter 45 Jahre,m,9267
09761,2014,95 Jahre und mehr,f,338
09761,2014,95 Jahre und mehr,m,65
09761,2014,15 bis unter 20 Jahre,f,6448
09761,2014,15 bis unter 20 Jahre,m,6510
09761,2014,65 bis unter 70 Jahre,m,6101
09761,2014,65 bis unter 70 Jahre,f,7231
09761,2014,10 bis unter 15 Jahre,m,5714
09761,2014,10 bis unter 15 Jahre,f,5610
09761,2014,85 bis unter 90 Jahre,m,1649
09761,2014,85 bis unter 90 Jahre,f,3543
09761,2014,20 bis unter 25 Jahre,m,10049
09761,2014,20 bis unter 25 Jahre,f,10614
09761,2014,90 bis unter 95 Jahre,m,548
09761,2014,90 bis unter 95 Jahre,f,1708
09761,2014,45 bis unter 50 Jahre,f,9988
09761,2014,45 bis unter 50 Jahre,m,10799
09761,2014,5 bis unter 10 Jahre,f,5524
09761,2014,5 bis unter 10 Jahre,m,5845
09761,2014,30 bis unter 35 Jahre,f,10407
09761,2014,30 bis unter 35 Jahre,m,11571
09761,2014,25 bis unter 30 Jahre,f,11704
09761,2014,25 bis unter 30 Jahre,m,12483
09761,2014,50 bis unter 55 Jahre,f,9978
09761,2014,50 bis unter 55 Jahre,m,10345
09761,2014,80 bis unter 85 Jahre,m,3033
09761,2014,80 bis unter 85 Jahre,f,4979
09761,2014,60 bis unter 65 Jahre,m,6981
09761,2014,60 bis unter 65 Jahre,f,8133
03355,2014,unter 5 Jahre,m,4039
03355,2014,unter 5 Jahre,f,3839
03355,2014,35 bis unter 40 Jahre,m,5223
03355,2014,35 bis unter 40 Jahre,f,5486
03355,2014,55 bis unter 60 Jahre,m,5972
03355,2014,55 bis unter 60 Jahre,f,6043
03355,2014,60 bis unter 65 Jahre,f,5384
03355,2014,60 bis unter 65 Jahre,m,5110
03355,2014,15 bis unter 20 Jahre,m,5273
03355,2014,15 bis unter 20 Jahre,f,4839
03355,2014,20 bis unter 25 Jahre,m,5240
03355,2014,20 bis unter 25 Jahre,f,5469
03355,2014,40 bis unter 45 Jahre,m,6007
03355,2014,40 bis unter 45 Jahre,f,6208
03355,2014,80 bis unter 85 Jahre,f,2699
03355,2014,80 bis unter 85 Jahre,m,1714
03355,2014,75 bis unter 80 Jahre,m,3551
03355,2014,75 bis unter 80 Jahre,f,4438
03355,2014,5 bis unter 10 Jahre,f,4039
03355,2014,5 bis unter 10 Jahre,m,4176
03355,2014,25 bis unter 30 Jahre,f,5177
03355,2014,25 bis unter 30 Jahre,m,5371
03355,2014,50 bis unter 55 Jahre,f,7594
03355,2014,50 bis unter 55 Jahre,m,7590
03355,2014,30 bis unter 35 Jahre,m,5104
03355,2014,30 bis unter 35 Jahre,f,5429
03355,2014,95 Jahre und mehr,f,168
03355,2014,95 Jahre und mehr,m,38
03355,2014,45 bis unter 50 Jahre,m,7893
03355,2014,45 bis unter 50 Jahre,f,8086
03355,2014,10 bis unter 15 Jahre,m,4602
03355,2014,10 bis unter 15 Jahre,f,4480
03355,2014,90 bis unter 95 Jahre,f,972
03355,2014,90 bis unter 95 Jahre,m,262
03355,2014,65 bis unter 70 Jahre,m,4186
03355,2014,65 bis unter 70 Jahre,f,4389
03355,2014,85 bis unter 90 Jahre,m,916
03355,2014,85 bis unter 90 Jahre,f,1909
03355,2014,70 bis unter 75 Jahre,f,4805
03355,2014,70 bis unter 75 Jahre,m,4402
01061,2014,20 bis unter 25 Jahre,f,3192
01061,2014,20 bis unter 25 Jahre,m,3572
01061,2014,75 bis unter 80 Jahre,f,3989
01061,2014,75 bis unter 80 Jahre,m,3281
01061,2014,unter 5 Jahre,f,2453
01061,2014,unter 5 Jahre,m,2570
01061,2014,55 bis unter 60 Jahre,f,4729
01061,2014,55 bis unter 60 Jahre,m,4914
01061,2014,35 bis unter 40 Jahre,f,3399
01061,2014,35 bis unter 40 Jahre,m,3159
01061,2014,40 bis unter 45 Jahre,f,4163
01061,2014,40 bis unter 45 Jahre,m,4206
01061,2014,15 bis unter 20 Jahre,f,3712
01061,2014,15 bis unter 20 Jahre,m,3974
01061,2014,80 bis unter 85 Jahre,f,2172
01061,2014,80 bis unter 85 Jahre,m,1515
01061,2014,50 bis unter 55 Jahre,m,6080
01061,2014,50 bis unter 55 Jahre,f,5978
01061,2014,30 bis unter 35 Jahre,m,3128
01061,2014,30 bis unter 35 Jahre,f,3112
01061,2014,85 bis unter 90 Jahre,m,705
01061,2014,85 bis unter 90 Jahre,f,1507
01061,2014,60 bis unter 65 Jahre,f,4053
01061,2014,60 bis unter 65 Jahre,m,4042
01061,2014,5 bis unter 10 Jahre,m,2819
01061,2014,5 bis unter 10 Jahre,f,2647
01061,2014,25 bis unter 30 Jahre,f,3032
01061,2014,25 bis unter 30 Jahre,m,3309
01061,2014,10 bis unter 15 Jahre,f,3275
01061,2014,10 bis unter 15 Jahre,m,3308
01061,2014,45 bis unter 50 Jahre,f,6245
01061,2014,45 bis unter 50 Jahre,m,6148
01061,2014,65 bis unter 70 Jahre,f,3496
01061,2014,65 bis unter 70 Jahre,m,3450
01061,2014,70 bis unter 75 Jahre,f,4104
01061,2014,70 bis unter 75 Jahre,m,3692
01061,2014,90 bis unter 95 Jahre,f,708
01061,2014,90 bis unter 95 Jahre,m,218
01061,2014,95 Jahre und mehr,f,139
01061,2014,95 Jahre und mehr,m,23
07332,2014,75 bis unter 80 Jahre,m,3286
07332,2014,75 bis unter 80 Jahre,f,3822
07332,2014,40 bis unter 45 Jahre,m,3956
07332,2014,40 bis unter 45 Jahre,f,4287
07332,2014,55 bis unter 60 Jahre,m,5338
07332,2014,55 bis unter 60 Jahre,f,5378
07332,2014,60 bis unter 65 Jahre,m,4665
07332,2014,60 bis unter 65 Jahre,f,4885
07332,2014,80 bis unter 85 Jahre,m,1698
07332,2014,80 bis unter 85 Jahre,f,2500
07332,2014,15 bis unter 20 Jahre,m,3668
07332,2014,15 bis unter 20 Jahre,f,3342
07332,2014,unter 5 Jahre,m,2498
07332,2014,unter 5 Jahre,f,2415
07332,2014,20 bis unter 25 Jahre,f,2909
07332,2014,20 bis unter 25 Jahre,m,3404
07332,2014,25 bis unter 30 Jahre,f,2971
07332,2014,25 bis unter 30 Jahre,m,3201
07332,2014,30 bis unter 35 Jahre,f,3259
07332,2014,30 bis unter 35 Jahre,m,3140
07332,2014,50 bis unter 55 Jahre,f,6273
07332,2014,50 bis unter 55 Jahre,m,6090
07332,2014,95 Jahre und mehr,f,136
07332,2014,95 Jahre und mehr,m,27
07332,2014,5 bis unter 10 Jahre,m,2755
07332,2014,5 bis unter 10 Jahre,f,2531
07332,2014,85 bis unter 90 Jahre,m,853
07332,2014,85 bis unter 90 Jahre,f,1680
07332,2014,65 bis unter 70 Jahre,m,3548
07332,2014,65 bis unter 70 Jahre,f,3790
07332,2014,90 bis unter 95 Jahre,f,707
07332,2014,90 bis unter 95 Jahre,m,245
07332,2014,10 bis unter 15 Jahre,m,3081
07332,2014,10 bis unter 15 Jahre,f,2936
07332,2014,70 bis unter 75 Jahre,f,4145
07332,2014,70 bis unter 75 Jahre,m,3686
07332,2014,45 bis unter 50 Jahre,f,5849
07332,2014,45 bis unter 50 Jahre,m,5876
07332,2014,35 bis unter 40 Jahre,f,3410
07332,2014,35 bis unter 40 Jahre,m,3290
09176,2014,65 bis unter 70 Jahre,m,2619
09176,2014,65 bis unter 70 Jahre,f,2587
09176,2014,10 bis unter 15 Jahre,m,3566
09176,2014,10 bis unter 15 Jahre,f,3369
09176,2014,85 bis unter 90 Jahre,m,645
09176,2014,85 bis unter 90 Jahre,f,1213
09176,2014,50 bis unter 55 Jahre,f,5209
09176,2014,50 bis unter 55 Jahre,m,5448
09176,2014,5 bis unter 10 Jahre,m,3143
09176,2014,5 bis unter 10 Jahre,f,2992
09176,2014,70 bis unter 75 Jahre,m,2591
09176,2014,70 bis unter 75 Jahre,f,2683
09176,2014,15 bis unter 20 Jahre,f,3628
09176,2014,15 bis unter 20 Jahre,m,3876
09176,2014,45 bis unter 50 Jahre,m,5647
09176,2014,45 bis unter 50 Jahre,f,5204
09176,2014,90 bis unter 95 Jahre,f,539
09176,2014,90 bis unter 95 Jahre,m,169
09176,2014,30 bis unter 35 Jahre,m,4218
09176,2014,30 bis unter 35 Jahre,f,4009
09176,2014,35 bis unter 40 Jahre,f,3820
09176,2014,35 bis unter 40 Jahre,m,4295
09176,2014,25 bis unter 30 Jahre,f,3782
09176,2014,25 bis unter 30 Jahre,m,4228
09176,2014,95 Jahre und mehr,f,63
09176,2014,95 Jahre und mehr,m,19
09176,2014,55 bis unter 60 Jahre,f,4356
09176,2014,55 bis unter 60 Jahre,m,4676
09176,2014,60 bis unter 65 Jahre,f,3548
09176,2014,60 bis unter 65 Jahre,m,3585
09176,2014,20 bis unter 25 Jahre,m,4133
09176,2014,20 bis unter 25 Jahre,f,3950
09176,2014,75 bis unter 80 Jahre,m,2420
09176,2014,75 bis unter 80 Jahre,f,2914
09176,2014,unter 5 Jahre,m,3200
09176,2014,unter 5 Jahre,f,3028
09176,2014,80 bis unter 85 Jahre,f,1886
09176,2014,80 bis unter 85 Jahre,m,1373
09176,2014,40 bis unter 45 Jahre,m,4320
09176,2014,40 bis unter 45 Jahre,f,4238
08316,2014,70 bis unter 75 Jahre,m,3813
08316,2014,70 bis unter 75 Jahre,f,4389
08316,2014,85 bis unter 90 Jahre,m,909
08316,2014,85 bis unter 90 Jahre,f,1719
08316,2014,90 bis unter 95 Jahre,m,265
08316,2014,90 bis unter 95 Jahre,f,819
08316,2014,45 bis unter 50 Jahre,m,7059
08316,2014,45 bis unter 50 Jahre,f,6890
08316,2014,30 bis unter 35 Jahre,m,4542
08316,2014,30 bis unter 35 Jahre,f,4577
08316,2014,unter 5 Jahre,f,3365
08316,2014,unter 5 Jahre,m,3537
08316,2014,15 bis unter 20 Jahre,f,4469
08316,2014,15 bis unter 20 Jahre,m,4677
08316,2014,75 bis unter 80 Jahre,f,4116
08316,2014,75 bis unter 80 Jahre,m,3308
08316,2014,40 bis unter 45 Jahre,f,5240
08316,2014,40 bis unter 45 Jahre,m,5066
08316,2014,65 bis unter 70 Jahre,f,3988
08316,2014,65 bis unter 70 Jahre,m,3746
08316,2014,10 bis unter 15 Jahre,f,3838
08316,2014,10 bis unter 15 Jahre,m,4212
08316,2014,95 Jahre und mehr,f,159
08316,2014,95 Jahre und mehr,m,31
08316,2014,20 bis unter 25 Jahre,f,4164
08316,2014,20 bis unter 25 Jahre,m,4578
08316,2014,60 bis unter 65 Jahre,m,5080
08316,2014,60 bis unter 65 Jahre,f,5305
08316,2014,80 bis unter 85 Jahre,m,1914
08316,2014,80 bis unter 85 Jahre,f,2630
08316,2014,5 bis unter 10 Jahre,f,3636
08316,2014,5 bis unter 10 Jahre,m,3850
08316,2014,25 bis unter 30 Jahre,f,4212
08316,2014,25 bis unter 30 Jahre,m,4492
08316,2014,55 bis unter 60 Jahre,m,5963
08316,2014,55 bis unter 60 Jahre,f,6073
08316,2014,50 bis unter 55 Jahre,f,7157
08316,2014,50 bis unter 55 Jahre,m,7031
08316,2014,35 bis unter 40 Jahre,m,4343
08316,2014,35 bis unter 40 Jahre,f,4546
01059,2014,70 bis unter 75 Jahre,m,5987
01059,2014,70 bis unter 75 Jahre,f,6127
01059,2014,90 bis unter 95 Jahre,m,335
01059,2014,90 bis unter 95 Jahre,f,1099
01059,2014,30 bis unter 35 Jahre,m,4643
01059,2014,30 bis unter 35 Jahre,f,4712
01059,2014,50 bis unter 55 Jahre,m,8548
01059,2014,50 bis unter 55 Jahre,f,8516
01059,2014,15 bis unter 20 Jahre,f,5681
01059,2014,15 bis unter 20 Jahre,m,6093
01059,2014,10 bis unter 15 Jahre,m,5176
01059,2014,10 bis unter 15 Jahre,f,4982
01059,2014,85 bis unter 90 Jahre,m,1146
01059,2014,85 bis unter 90 Jahre,f,2211
01059,2014,55 bis unter 60 Jahre,f,6991
01059,2014,55 bis unter 60 Jahre,m,6942
01059,2014,95 Jahre und mehr,m,43
01059,2014,95 Jahre und mehr,f,241
01059,2014,unter 5 Jahre,f,3813
01059,2014,unter 5 Jahre,m,3988
01059,2014,65 bis unter 70 Jahre,f,5715
01059,2014,65 bis unter 70 Jahre,m,5645
01059,2014,45 bis unter 50 Jahre,m,8888
01059,2014,45 bis unter 50 Jahre,f,8864
01059,2014,20 bis unter 25 Jahre,f,4552
01059,2014,20 bis unter 25 Jahre,m,5137
01059,2014,75 bis unter 80 Jahre,f,5835
01059,2014,75 bis unter 80 Jahre,m,5098
01059,2014,80 bis unter 85 Jahre,m,2316
01059,2014,80 bis unter 85 Jahre,f,3242
01059,2014,60 bis unter 65 Jahre,m,6318
01059,2014,60 bis unter 65 Jahre,f,6516
01059,2014,5 bis unter 10 Jahre,f,4168
01059,2014,5 bis unter 10 Jahre,m,4572
01059,2014,35 bis unter 40 Jahre,m,4965
01059,2014,35 bis unter 40 Jahre,f,5181
01059,2014,40 bis unter 45 Jahre,f,6205
01059,2014,40 bis unter 45 Jahre,m,6063
01059,2014,25 bis unter 30 Jahre,m,4695
01059,2014,25 bis unter 30 Jahre,f,4344
06431,2014,35 bis unter 40 Jahre,m,7097
06431,2014,35 bis unter 40 Jahre,f,7329
06431,2014,80 bis unter 85 Jahre,f,4561
06431,2014,80 bis unter 85 Jahre,m,3198
06431,2014,unter 5 Jahre,m,5459
06431,2014,unter 5 Jahre,f,5333
06431,2014,55 bis unter 60 Jahre,m,10197
06431,2014,55 bis unter 60 Jahre,f,10170
06431,2014,75 bis unter 80 Jahre,m,6082
06431,2014,75 bis unter 80 Jahre,f,7301
06431,2014,95 Jahre und mehr,f,273
06431,2014,95 Jahre und mehr,m,66
06431,2014,20 bis unter 25 Jahre,f,6604
06431,2014,20 bis unter 25 Jahre,m,7321
06431,2014,40 bis unter 45 Jahre,m,8243
06431,2014,40 bis unter 45 Jahre,f,8613
06431,2014,15 bis unter 20 Jahre,m,7292
06431,2014,15 bis unter 20 Jahre,f,6760
06431,2014,60 bis unter 65 Jahre,f,8823
06431,2014,60 bis unter 65 Jahre,m,8541
06431,2014,45 bis unter 50 Jahre,f,11777
06431,2014,45 bis unter 50 Jahre,m,11526
06431,2014,65 bis unter 70 Jahre,f,7521
06431,2014,65 bis unter 70 Jahre,m,6834
06431,2014,70 bis unter 75 Jahre,m,6877
06431,2014,70 bis unter 75 Jahre,f,7583
06431,2014,25 bis unter 30 Jahre,m,7333
06431,2014,25 bis unter 30 Jahre,f,6798
06431,2014,90 bis unter 95 Jahre,f,1395
06431,2014,90 bis unter 95 Jahre,m,423
06431,2014,50 bis unter 55 Jahre,f,11989
06431,2014,50 bis unter 55 Jahre,m,12179
06431,2014,30 bis unter 35 Jahre,m,7353
06431,2014,30 bis unter 35 Jahre,f,7187
06431,2014,10 bis unter 15 Jahre,m,6344
06431,2014,10 bis unter 15 Jahre,f,5954
06431,2014,5 bis unter 10 Jahre,m,5598
06431,2014,5 bis unter 10 Jahre,f,5185
06431,2014,85 bis unter 90 Jahre,f,3136
06431,2014,85 bis unter 90 Jahre,m,1567
07314,2014,70 bis unter 75 Jahre,m,3650
07314,2014,70 bis unter 75 Jahre,f,4203
07314,2014,90 bis unter 95 Jahre,m,253
07314,2014,90 bis unter 95 Jahre,f,853
07314,2014,30 bis unter 35 Jahre,m,5725
07314,2014,30 bis unter 35 Jahre,f,5424
07314,2014,15 bis unter 20 Jahre,f,4167
07314,2014,15 bis unter 20 Jahre,m,4206
07314,2014,50 bis unter 55 Jahre,m,6701
07314,2014,50 bis unter 55 Jahre,f,6264
07314,2014,35 bis unter 40 Jahre,f,4948
07314,2014,35 bis unter 40 Jahre,m,5265
07314,2014,65 bis unter 70 Jahre,m,3597
07314,2014,65 bis unter 70 Jahre,f,3834
07314,2014,95 Jahre und mehr,f,164
07314,2014,95 Jahre und mehr,m,42
07314,2014,75 bis unter 80 Jahre,f,4269
07314,2014,75 bis unter 80 Jahre,m,3395
07314,2014,60 bis unter 65 Jahre,f,4849
07314,2014,60 bis unter 65 Jahre,m,4357
07314,2014,25 bis unter 30 Jahre,m,5895
07314,2014,25 bis unter 30 Jahre,f,5696
07314,2014,unter 5 Jahre,f,4053
07314,2014,unter 5 Jahre,m,4281
07314,2014,45 bis unter 50 Jahre,m,6834
07314,2014,45 bis unter 50 Jahre,f,6260
07314,2014,55 bis unter 60 Jahre,f,5264
07314,2014,55 bis unter 60 Jahre,m,5479
07314,2014,80 bis unter 85 Jahre,f,2786
07314,2014,80 bis unter 85 Jahre,m,1926
07314,2014,40 bis unter 45 Jahre,m,5518
07314,2014,40 bis unter 45 Jahre,f,5238
07314,2014,10 bis unter 15 Jahre,f,3618
07314,2014,10 bis unter 15 Jahre,m,3931
07314,2014,85 bis unter 90 Jahre,f,1888
07314,2014,85 bis unter 90 Jahre,m,978
07314,2014,5 bis unter 10 Jahre,m,3965
07314,2014,5 bis unter 10 Jahre,f,3714
07314,2014,20 bis unter 25 Jahre,f,5190
07314,2014,20 bis unter 25 Jahre,m,5152
03454,2014,95 Jahre und mehr,m,39
03454,2014,95 Jahre und mehr,f,202
03454,2014,15 bis unter 20 Jahre,f,9510
03454,2014,15 bis unter 20 Jahre,m,10222
03454,2014,35 bis unter 40 Jahre,f,8722
03454,2014,35 bis unter 40 Jahre,m,9722
03454,2014,90 bis unter 95 Jahre,m,394
03454,2014,90 bis unter 95 Jahre,f,1247
03454,2014,70 bis unter 75 Jahre,m,7011
03454,2014,70 bis unter 75 Jahre,f,7559
03454,2014,55 bis unter 60 Jahre,f,10990
03454,2014,55 bis unter 60 Jahre,m,11396
03454,2014,75 bis unter 80 Jahre,f,7473
03454,2014,75 bis unter 80 Jahre,m,6090
03454,2014,unter 5 Jahre,f,6837
03454,2014,unter 5 Jahre,m,7227
03454,2014,30 bis unter 35 Jahre,m,9851
03454,2014,30 bis unter 35 Jahre,f,8793
03454,2014,65 bis unter 70 Jahre,m,7254
03454,2014,65 bis unter 70 Jahre,f,7242
03454,2014,20 bis unter 25 Jahre,m,10555
03454,2014,20 bis unter 25 Jahre,f,8955
03454,2014,40 bis unter 45 Jahre,f,10335
03454,2014,40 bis unter 45 Jahre,m,11123
03454,2014,85 bis unter 90 Jahre,m,1475
03454,2014,85 bis unter 90 Jahre,f,3172
03454,2014,10 bis unter 15 Jahre,m,8971
03454,2014,10 bis unter 15 Jahre,f,8553
03454,2014,5 bis unter 10 Jahre,f,7367
03454,2014,5 bis unter 10 Jahre,m,7878
03454,2014,25 bis unter 30 Jahre,f,9038
03454,2014,25 bis unter 30 Jahre,m,10557
03454,2014,80 bis unter 85 Jahre,m,3193
03454,2014,80 bis unter 85 Jahre,f,4912
03454,2014,50 bis unter 55 Jahre,f,12632
03454,2014,50 bis unter 55 Jahre,m,13406
03454,2014,45 bis unter 50 Jahre,m,13945
03454,2014,45 bis unter 50 Jahre,f,12889
03454,2014,60 bis unter 65 Jahre,f,9439
03454,2014,60 bis unter 65 Jahre,m,9581
03461,2014,35 bis unter 40 Jahre,f,2215
03461,2014,35 bis unter 40 Jahre,m,2158
03461,2014,unter 5 Jahre,f,1520
03461,2014,unter 5 Jahre,m,1718
03461,2014,55 bis unter 60 Jahre,f,3260
03461,2014,55 bis unter 60 Jahre,m,3360
03461,2014,75 bis unter 80 Jahre,f,2620
03461,2014,75 bis unter 80 Jahre,m,2195
03461,2014,60 bis unter 65 Jahre,f,2968
03461,2014,60 bis unter 65 Jahre,m,2999
03461,2014,15 bis unter 20 Jahre,m,2819
03461,2014,15 bis unter 20 Jahre,f,2624
03461,2014,90 bis unter 95 Jahre,m,149
03461,2014,90 bis unter 95 Jahre,f,480
03461,2014,20 bis unter 25 Jahre,f,2253
03461,2014,20 bis unter 25 Jahre,m,2660
03461,2014,50 bis unter 55 Jahre,m,4049
03461,2014,50 bis unter 55 Jahre,f,3994
03461,2014,30 bis unter 35 Jahre,m,2122
03461,2014,30 bis unter 35 Jahre,f,2009
03461,2014,10 bis unter 15 Jahre,m,2328
03461,2014,10 bis unter 15 Jahre,f,2233
03461,2014,85 bis unter 90 Jahre,m,540
03461,2014,85 bis unter 90 Jahre,f,1147
03461,2014,40 bis unter 45 Jahre,m,2751
03461,2014,40 bis unter 45 Jahre,f,2805
03461,2014,5 bis unter 10 Jahre,m,1926
03461,2014,5 bis unter 10 Jahre,f,1797
03461,2014,25 bis unter 30 Jahre,f,2056
03461,2014,25 bis unter 30 Jahre,m,2278
03461,2014,45 bis unter 50 Jahre,f,3848
03461,2014,45 bis unter 50 Jahre,m,3970
03461,2014,95 Jahre und mehr,f,103
03461,2014,95 Jahre und mehr,m,19
03461,2014,70 bis unter 75 Jahre,f,2607
03461,2014,70 bis unter 75 Jahre,m,2471
03461,2014,65 bis unter 70 Jahre,m,2531
03461,2014,65 bis unter 70 Jahre,f,2438
03461,2014,80 bis unter 85 Jahre,f,1584
03461,2014,80 bis unter 85 Jahre,m,1161
09181,2014,25 bis unter 30 Jahre,m,3300
09181,2014,25 bis unter 30 Jahre,f,2830
09181,2014,70 bis unter 75 Jahre,f,2980
09181,2014,70 bis unter 75 Jahre,m,2862
09181,2014,5 bis unter 10 Jahre,m,2859
09181,2014,5 bis unter 10 Jahre,f,2748
09181,2014,10 bis unter 15 Jahre,m,3261
09181,2014,10 bis unter 15 Jahre,f,3128
09181,2014,50 bis unter 55 Jahre,f,5320
09181,2014,50 bis unter 55 Jahre,m,5222
09181,2014,85 bis unter 90 Jahre,f,1144
09181,2014,85 bis unter 90 Jahre,m,646
09181,2014,90 bis unter 95 Jahre,f,599
09181,2014,90 bis unter 95 Jahre,m,172
09181,2014,30 bis unter 35 Jahre,m,3252
09181,2014,30 bis unter 35 Jahre,f,3082
09181,2014,45 bis unter 50 Jahre,m,5454
09181,2014,45 bis unter 50 Jahre,f,5489
09181,2014,65 bis unter 70 Jahre,f,3008
09181,2014,65 bis unter 70 Jahre,m,2885
09181,2014,80 bis unter 85 Jahre,m,1133
09181,2014,80 bis unter 85 Jahre,f,1588
09181,2014,unter 5 Jahre,f,2478
09181,2014,unter 5 Jahre,m,2588
09181,2014,95 Jahre und mehr,m,28
09181,2014,95 Jahre und mehr,f,123
09181,2014,55 bis unter 60 Jahre,f,4019
09181,2014,55 bis unter 60 Jahre,m,4104
09181,2014,60 bis unter 65 Jahre,m,3212
09181,2014,60 bis unter 65 Jahre,f,3436
09181,2014,35 bis unter 40 Jahre,m,3324
09181,2014,35 bis unter 40 Jahre,f,3288
09181,2014,15 bis unter 20 Jahre,m,3833
09181,2014,15 bis unter 20 Jahre,f,3478
09181,2014,40 bis unter 45 Jahre,f,3994
09181,2014,40 bis unter 45 Jahre,m,3868
09181,2014,20 bis unter 25 Jahre,f,2975
09181,2014,20 bis unter 25 Jahre,m,3368
09181,2014,75 bis unter 80 Jahre,f,2696
09181,2014,75 bis unter 80 Jahre,m,2344
03156,2014,60 bis unter 65 Jahre,f,2810
03156,2014,60 bis unter 65 Jahre,m,2776
03156,2014,40 bis unter 45 Jahre,f,2300
03156,2014,40 bis unter 45 Jahre,m,2199
03156,2014,20 bis unter 25 Jahre,f,1458
03156,2014,20 bis unter 25 Jahre,m,1663
03156,2014,unter 5 Jahre,f,1127
03156,2014,unter 5 Jahre,m,1200
03156,2014,35 bis unter 40 Jahre,f,1715
03156,2014,35 bis unter 40 Jahre,m,1688
03156,2014,55 bis unter 60 Jahre,m,2977
03156,2014,55 bis unter 60 Jahre,f,2860
03156,2014,75 bis unter 80 Jahre,f,2632
03156,2014,75 bis unter 80 Jahre,m,2125
03156,2014,15 bis unter 20 Jahre,m,1958
03156,2014,15 bis unter 20 Jahre,f,1850
03156,2014,95 Jahre und mehr,m,33
03156,2014,95 Jahre und mehr,f,121
03156,2014,90 bis unter 95 Jahre,m,189
03156,2014,90 bis unter 95 Jahre,f,696
03156,2014,30 bis unter 35 Jahre,m,1628
03156,2014,30 bis unter 35 Jahre,f,1615
03156,2014,5 bis unter 10 Jahre,f,1288
03156,2014,5 bis unter 10 Jahre,m,1387
03156,2014,85 bis unter 90 Jahre,m,678
03156,2014,85 bis unter 90 Jahre,f,1359
03156,2014,50 bis unter 55 Jahre,f,3209
03156,2014,50 bis unter 55 Jahre,m,3306
03156,2014,45 bis unter 50 Jahre,m,3060
03156,2014,45 bis unter 50 Jahre,f,2943
03156,2014,10 bis unter 15 Jahre,m,1655
03156,2014,10 bis unter 15 Jahre,f,1597
03156,2014,25 bis unter 30 Jahre,m,1625
03156,2014,25 bis unter 30 Jahre,f,1409
03156,2014,65 bis unter 70 Jahre,f,2356
03156,2014,65 bis unter 70 Jahre,m,2296
03156,2014,70 bis unter 75 Jahre,f,2628
03156,2014,70 bis unter 75 Jahre,m,2394
03156,2014,80 bis unter 85 Jahre,m,1177
03156,2014,80 bis unter 85 Jahre,f,1806
03158,2014,40 bis unter 45 Jahre,m,3745
03158,2014,40 bis unter 45 Jahre,f,4013
03158,2014,20 bis unter 25 Jahre,m,3408
03158,2014,20 bis unter 25 Jahre,f,2837
03158,2014,75 bis unter 80 Jahre,m,3098
03158,2014,75 bis unter 80 Jahre,f,3594
03158,2014,55 bis unter 60 Jahre,m,4619
03158,2014,55 bis unter 60 Jahre,f,4471
03158,2014,60 bis unter 65 Jahre,m,3908
03158,2014,60 bis unter 65 Jahre,f,4012
03158,2014,80 bis unter 85 Jahre,f,2181
03158,2014,80 bis unter 85 Jahre,m,1471
03158,2014,35 bis unter 40 Jahre,m,2984
03158,2014,35 bis unter 40 Jahre,f,3216
03158,2014,95 Jahre und mehr,m,30
03158,2014,95 Jahre und mehr,f,148
03158,2014,15 bis unter 20 Jahre,m,3473
03158,2014,15 bis unter 20 Jahre,f,3344
03158,2014,unter 5 Jahre,m,2284
03158,2014,unter 5 Jahre,f,2210
03158,2014,25 bis unter 30 Jahre,f,2726
03158,2014,25 bis unter 30 Jahre,m,3013
03158,2014,5 bis unter 10 Jahre,f,2320
03158,2014,5 bis unter 10 Jahre,m,2494
03158,2014,30 bis unter 35 Jahre,f,2815
03158,2014,30 bis unter 35 Jahre,m,2888
03158,2014,50 bis unter 55 Jahre,f,5317
03158,2014,50 bis unter 55 Jahre,m,5453
03158,2014,85 bis unter 90 Jahre,m,758
03158,2014,85 bis unter 90 Jahre,f,1542
03158,2014,65 bis unter 70 Jahre,m,3210
03158,2014,65 bis unter 70 Jahre,f,3358
03158,2014,10 bis unter 15 Jahre,m,3020
03158,2014,10 bis unter 15 Jahre,f,2792
03158,2014,70 bis unter 75 Jahre,f,3827
03158,2014,70 bis unter 75 Jahre,m,3443
03158,2014,90 bis unter 95 Jahre,m,219
03158,2014,90 bis unter 95 Jahre,f,756
03158,2014,45 bis unter 50 Jahre,f,5442
03158,2014,45 bis unter 50 Jahre,m,5596
09777,2014,20 bis unter 25 Jahre,m,4224
09777,2014,20 bis unter 25 Jahre,f,3712
09777,2014,55 bis unter 60 Jahre,m,4848
09777,2014,55 bis unter 60 Jahre,f,4759
09777,2014,35 bis unter 40 Jahre,m,3804
09777,2014,35 bis unter 40 Jahre,f,3735
09777,2014,40 bis unter 45 Jahre,m,4369
09777,2014,40 bis unter 45 Jahre,f,4459
09777,2014,80 bis unter 85 Jahre,f,2153
09777,2014,80 bis unter 85 Jahre,m,1553
09777,2014,60 bis unter 65 Jahre,f,4158
09777,2014,60 bis unter 65 Jahre,m,4122
09777,2014,unter 5 Jahre,m,3035
09777,2014,unter 5 Jahre,f,2877
09777,2014,15 bis unter 20 Jahre,m,4134
09777,2014,15 bis unter 20 Jahre,f,3899
09777,2014,75 bis unter 80 Jahre,f,3290
09777,2014,75 bis unter 80 Jahre,m,2934
09777,2014,5 bis unter 10 Jahre,f,3128
09777,2014,5 bis unter 10 Jahre,m,3161
09777,2014,10 bis unter 15 Jahre,f,3500
09777,2014,10 bis unter 15 Jahre,m,3662
09777,2014,95 Jahre und mehr,m,38
09777,2014,95 Jahre und mehr,f,133
09777,2014,90 bis unter 95 Jahre,m,262
09777,2014,90 bis unter 95 Jahre,f,801
09777,2014,30 bis unter 35 Jahre,f,3863
09777,2014,30 bis unter 35 Jahre,m,3907
09777,2014,85 bis unter 90 Jahre,f,1516
09777,2014,85 bis unter 90 Jahre,m,838
09777,2014,65 bis unter 70 Jahre,m,3445
09777,2014,65 bis unter 70 Jahre,f,3486
09777,2014,45 bis unter 50 Jahre,m,5904
09777,2014,45 bis unter 50 Jahre,f,5756
09777,2014,70 bis unter 75 Jahre,m,3540
09777,2014,70 bis unter 75 Jahre,f,3865
09777,2014,50 bis unter 55 Jahre,f,5797
09777,2014,50 bis unter 55 Jahre,m,5713
09777,2014,25 bis unter 30 Jahre,f,3483
09777,2014,25 bis unter 30 Jahre,m,4031
09776,2014,70 bis unter 75 Jahre,f,2493
09776,2014,70 bis unter 75 Jahre,m,2284
09776,2014,5 bis unter 10 Jahre,m,1704
09776,2014,5 bis unter 10 Jahre,f,1721
09776,2014,50 bis unter 55 Jahre,f,3410
09776,2014,50 bis unter 55 Jahre,m,3415
09776,2014,95 Jahre und mehr,m,23
09776,2014,95 Jahre und mehr,f,102
09776,2014,30 bis unter 35 Jahre,f,2146
09776,2014,30 bis unter 35 Jahre,m,2243
09776,2014,10 bis unter 15 Jahre,f,1958
09776,2014,10 bis unter 15 Jahre,m,2121
09776,2014,85 bis unter 90 Jahre,m,552
09776,2014,85 bis unter 90 Jahre,f,1024
09776,2014,90 bis unter 95 Jahre,f,528
09776,2014,90 bis unter 95 Jahre,m,152
09776,2014,45 bis unter 50 Jahre,m,3460
09776,2014,45 bis unter 50 Jahre,f,3488
09776,2014,65 bis unter 70 Jahre,f,2140
09776,2014,65 bis unter 70 Jahre,m,2024
09776,2014,25 bis unter 30 Jahre,f,2105
09776,2014,25 bis unter 30 Jahre,m,2240
09776,2014,60 bis unter 65 Jahre,m,2244
09776,2014,60 bis unter 65 Jahre,f,2436
09776,2014,35 bis unter 40 Jahre,f,2171
09776,2014,35 bis unter 40 Jahre,m,2172
09776,2014,15 bis unter 20 Jahre,m,2339
09776,2014,15 bis unter 20 Jahre,f,2285
09776,2014,unter 5 Jahre,m,1672
09776,2014,unter 5 Jahre,f,1532
09776,2014,55 bis unter 60 Jahre,m,2770
09776,2014,55 bis unter 60 Jahre,f,2739
09776,2014,20 bis unter 25 Jahre,m,2175
09776,2014,20 bis unter 25 Jahre,f,1947
09776,2014,75 bis unter 80 Jahre,f,2251
09776,2014,75 bis unter 80 Jahre,m,1878
09776,2014,80 bis unter 85 Jahre,f,1369
09776,2014,80 bis unter 85 Jahre,m,983
09776,2014,40 bis unter 45 Jahre,m,2465
09776,2014,40 bis unter 45 Jahre,f,2626
09363,2014,90 bis unter 95 Jahre,m,73
09363,2014,90 bis unter 95 Jahre,f,275
09363,2014,70 bis unter 75 Jahre,m,1051
09363,2014,70 bis unter 75 Jahre,f,1274
09363,2014,65 bis unter 70 Jahre,m,1032
09363,2014,65 bis unter 70 Jahre,f,1240
09363,2014,35 bis unter 40 Jahre,f,1133
09363,2014,35 bis unter 40 Jahre,m,1110
09363,2014,10 bis unter 15 Jahre,m,903
09363,2014,10 bis unter 15 Jahre,f,898
09363,2014,25 bis unter 30 Jahre,m,1351
09363,2014,25 bis unter 30 Jahre,f,1307
09363,2014,50 bis unter 55 Jahre,m,1734
09363,2014,50 bis unter 55 Jahre,f,1779
09363,2014,20 bis unter 25 Jahre,f,1250
09363,2014,20 bis unter 25 Jahre,m,1284
09363,2014,75 bis unter 80 Jahre,f,1322
09363,2014,75 bis unter 80 Jahre,m,962
09363,2014,80 bis unter 85 Jahre,f,893
09363,2014,80 bis unter 85 Jahre,m,503
09363,2014,55 bis unter 60 Jahre,m,1459
09363,2014,55 bis unter 60 Jahre,f,1510
09363,2014,unter 5 Jahre,f,776
09363,2014,unter 5 Jahre,m,829
09363,2014,45 bis unter 50 Jahre,m,1720
09363,2014,45 bis unter 50 Jahre,f,1686
09363,2014,60 bis unter 65 Jahre,m,1228
09363,2014,60 bis unter 65 Jahre,f,1422
09363,2014,5 bis unter 10 Jahre,f,786
09363,2014,5 bis unter 10 Jahre,m,783
09363,2014,40 bis unter 45 Jahre,m,1234
09363,2014,40 bis unter 45 Jahre,f,1362
09363,2014,95 Jahre und mehr,f,53
09363,2014,95 Jahre und mehr,m,8
09363,2014,85 bis unter 90 Jahre,f,618
09363,2014,85 bis unter 90 Jahre,m,284
09363,2014,15 bis unter 20 Jahre,m,1102
09363,2014,15 bis unter 20 Jahre,f,1099
09363,2014,30 bis unter 35 Jahre,f,1271
09363,2014,30 bis unter 35 Jahre,m,1213
06411,2014,85 bis unter 90 Jahre,f,1697
06411,2014,85 bis unter 90 Jahre,m,840
06411,2014,50 bis unter 55 Jahre,f,5353
06411,2014,50 bis unter 55 Jahre,m,5419
06411,2014,5 bis unter 10 Jahre,m,3454
06411,2014,5 bis unter 10 Jahre,f,3193
06411,2014,30 bis unter 35 Jahre,f,5597
06411,2014,30 bis unter 35 Jahre,m,6306
06411,2014,10 bis unter 15 Jahre,f,3026
06411,2014,10 bis unter 15 Jahre,m,3163
06411,2014,90 bis unter 95 Jahre,f,956
06411,2014,90 bis unter 95 Jahre,m,283
06411,2014,45 bis unter 50 Jahre,m,5786
06411,2014,45 bis unter 50 Jahre,f,5333
06411,2014,25 bis unter 30 Jahre,f,6642
06411,2014,25 bis unter 30 Jahre,m,8784
06411,2014,65 bis unter 70 Jahre,f,3457
06411,2014,65 bis unter 70 Jahre,m,3080
06411,2014,80 bis unter 85 Jahre,m,1417
06411,2014,80 bis unter 85 Jahre,f,2102
06411,2014,95 Jahre und mehr,m,50
06411,2014,95 Jahre und mehr,f,260
06411,2014,20 bis unter 25 Jahre,m,7258
06411,2014,20 bis unter 25 Jahre,f,5706
06411,2014,unter 5 Jahre,m,3600
06411,2014,unter 5 Jahre,f,3592
06411,2014,75 bis unter 80 Jahre,m,2594
06411,2014,75 bis unter 80 Jahre,f,3356
06411,2014,40 bis unter 45 Jahre,f,4556
06411,2014,40 bis unter 45 Jahre,m,4875
06411,2014,55 bis unter 60 Jahre,f,4515
06411,2014,55 bis unter 60 Jahre,m,4522
06411,2014,35 bis unter 40 Jahre,m,4910
06411,2014,35 bis unter 40 Jahre,f,4701
06411,2014,60 bis unter 65 Jahre,f,4200
06411,2014,60 bis unter 65 Jahre,m,3571
06411,2014,15 bis unter 20 Jahre,m,3653
06411,2014,15 bis unter 20 Jahre,f,3267
06411,2014,70 bis unter 75 Jahre,m,3151
06411,2014,70 bis unter 75 Jahre,f,3654
05762,2014,unter 5 Jahre,m,2899
05762,2014,unter 5 Jahre,f,2691
05762,2014,55 bis unter 60 Jahre,m,5618
05762,2014,55 bis unter 60 Jahre,f,5382
05762,2014,20 bis unter 25 Jahre,m,4457
05762,2014,20 bis unter 25 Jahre,f,3641
05762,2014,75 bis unter 80 Jahre,m,3341
05762,2014,75 bis unter 80 Jahre,f,4252
05762,2014,95 Jahre und mehr,f,188
05762,2014,95 Jahre und mehr,m,30
05762,2014,60 bis unter 65 Jahre,m,4750
05762,2014,60 bis unter 65 Jahre,f,4788
05762,2014,40 bis unter 45 Jahre,f,4442
05762,2014,40 bis unter 45 Jahre,m,4200
05762,2014,35 bis unter 40 Jahre,m,3716
05762,2014,35 bis unter 40 Jahre,f,3623
05762,2014,5 bis unter 10 Jahre,f,3091
05762,2014,5 bis unter 10 Jahre,m,3215
05762,2014,80 bis unter 85 Jahre,f,2765
05762,2014,80 bis unter 85 Jahre,m,1803
05762,2014,15 bis unter 20 Jahre,f,4189
05762,2014,15 bis unter 20 Jahre,m,4552
05762,2014,25 bis unter 30 Jahre,f,3530
05762,2014,25 bis unter 30 Jahre,m,4118
05762,2014,45 bis unter 50 Jahre,f,5952
05762,2014,45 bis unter 50 Jahre,m,6114
05762,2014,50 bis unter 55 Jahre,f,6213
05762,2014,50 bis unter 55 Jahre,m,6362
05762,2014,65 bis unter 70 Jahre,m,3385
05762,2014,65 bis unter 70 Jahre,f,3381
05762,2014,10 bis unter 15 Jahre,m,3841
05762,2014,10 bis unter 15 Jahre,f,3647
05762,2014,30 bis unter 35 Jahre,m,3768
05762,2014,30 bis unter 35 Jahre,f,3496
05762,2014,70 bis unter 75 Jahre,f,3850
05762,2014,70 bis unter 75 Jahre,m,3471
05762,2014,85 bis unter 90 Jahre,f,1909
05762,2014,85 bis unter 90 Jahre,m,937
05762,2014,90 bis unter 95 Jahre,f,899
05762,2014,90 bis unter 95 Jahre,m,264
03456,2014,75 bis unter 80 Jahre,f,3407
03456,2014,75 bis unter 80 Jahre,m,2811
03456,2014,20 bis unter 25 Jahre,f,3664
03456,2014,20 bis unter 25 Jahre,m,4045
03456,2014,40 bis unter 45 Jahre,f,4441
03456,2014,40 bis unter 45 Jahre,m,4444
03456,2014,unter 5 Jahre,f,2962
03456,2014,unter 5 Jahre,m,3136
03456,2014,35 bis unter 40 Jahre,f,3553
03456,2014,35 bis unter 40 Jahre,m,3760
03456,2014,55 bis unter 60 Jahre,m,4765
03456,2014,55 bis unter 60 Jahre,f,4698
03456,2014,90 bis unter 95 Jahre,m,225
03456,2014,90 bis unter 95 Jahre,f,644
03456,2014,15 bis unter 20 Jahre,m,4408
03456,2014,15 bis unter 20 Jahre,f,4051
03456,2014,60 bis unter 65 Jahre,f,4226
03456,2014,60 bis unter 65 Jahre,m,4139
03456,2014,30 bis unter 35 Jahre,m,3749
03456,2014,30 bis unter 35 Jahre,f,3657
03456,2014,10 bis unter 15 Jahre,m,3808
03456,2014,10 bis unter 15 Jahre,f,3579
03456,2014,85 bis unter 90 Jahre,m,772
03456,2014,85 bis unter 90 Jahre,f,1490
03456,2014,5 bis unter 10 Jahre,f,3147
03456,2014,5 bis unter 10 Jahre,m,3296
03456,2014,50 bis unter 55 Jahre,f,5478
03456,2014,50 bis unter 55 Jahre,m,5809
03456,2014,45 bis unter 50 Jahre,f,5825
03456,2014,45 bis unter 50 Jahre,m,5850
03456,2014,25 bis unter 30 Jahre,m,3834
03456,2014,25 bis unter 30 Jahre,f,3566
03456,2014,70 bis unter 75 Jahre,f,3310
03456,2014,70 bis unter 75 Jahre,m,3062
03456,2014,65 bis unter 70 Jahre,f,3266
03456,2014,65 bis unter 70 Jahre,m,3301
03456,2014,95 Jahre und mehr,f,126
03456,2014,95 Jahre und mehr,m,25
03456,2014,80 bis unter 85 Jahre,m,1614
03456,2014,80 bis unter 85 Jahre,f,2386
03360,2014,40 bis unter 45 Jahre,f,3003
03360,2014,40 bis unter 45 Jahre,m,2844
03360,2014,15 bis unter 20 Jahre,m,2636
03360,2014,15 bis unter 20 Jahre,f,2481
03360,2014,60 bis unter 65 Jahre,f,3181
03360,2014,60 bis unter 65 Jahre,m,3182
03360,2014,20 bis unter 25 Jahre,f,2283
03360,2014,20 bis unter 25 Jahre,m,2423
03360,2014,unter 5 Jahre,f,1619
03360,2014,unter 5 Jahre,m,1682
03360,2014,75 bis unter 80 Jahre,m,2537
03360,2014,75 bis unter 80 Jahre,f,3128
03360,2014,80 bis unter 85 Jahre,f,1897
03360,2014,80 bis unter 85 Jahre,m,1291
03360,2014,55 bis unter 60 Jahre,f,3574
03360,2014,55 bis unter 60 Jahre,m,3451
03360,2014,35 bis unter 40 Jahre,m,2312
03360,2014,35 bis unter 40 Jahre,f,2388
03360,2014,50 bis unter 55 Jahre,m,4108
03360,2014,50 bis unter 55 Jahre,f,4031
03360,2014,30 bis unter 35 Jahre,m,2147
03360,2014,30 bis unter 35 Jahre,f,2042
03360,2014,25 bis unter 30 Jahre,f,2094
03360,2014,25 bis unter 30 Jahre,m,2418
03360,2014,85 bis unter 90 Jahre,f,1321
03360,2014,85 bis unter 90 Jahre,m,670
03360,2014,5 bis unter 10 Jahre,m,1925
03360,2014,5 bis unter 10 Jahre,f,1847
03360,2014,95 Jahre und mehr,m,33
03360,2014,95 Jahre und mehr,f,165
03360,2014,65 bis unter 70 Jahre,f,2515
03360,2014,65 bis unter 70 Jahre,m,2384
03360,2014,70 bis unter 75 Jahre,f,3083
03360,2014,70 bis unter 75 Jahre,m,2704
03360,2014,45 bis unter 50 Jahre,m,3941
03360,2014,45 bis unter 50 Jahre,f,3953
03360,2014,90 bis unter 95 Jahre,f,659
03360,2014,90 bis unter 95 Jahre,m,216
03360,2014,10 bis unter 15 Jahre,m,2240
03360,2014,10 bis unter 15 Jahre,f,2125
06635,2014,40 bis unter 45 Jahre,f,5019
06635,2014,40 bis unter 45 Jahre,m,4719
06635,2014,60 bis unter 65 Jahre,f,5310
06635,2014,60 bis unter 65 Jahre,m,5249
06635,2014,55 bis unter 60 Jahre,f,6073
06635,2014,55 bis unter 60 Jahre,m,6052
06635,2014,15 bis unter 20 Jahre,m,4612
06635,2014,15 bis unter 20 Jahre,f,4126
06635,2014,80 bis unter 85 Jahre,f,3077
06635,2014,80 bis unter 85 Jahre,m,2071
06635,2014,75 bis unter 80 Jahre,f,4710
06635,2014,75 bis unter 80 Jahre,m,3890
06635,2014,35 bis unter 40 Jahre,m,3924
06635,2014,35 bis unter 40 Jahre,f,4225
06635,2014,20 bis unter 25 Jahre,m,4506
06635,2014,20 bis unter 25 Jahre,f,3730
06635,2014,unter 5 Jahre,f,2946
06635,2014,unter 5 Jahre,m,3080
06635,2014,70 bis unter 75 Jahre,m,3966
06635,2014,70 bis unter 75 Jahre,f,4486
06635,2014,95 Jahre und mehr,f,181
06635,2014,95 Jahre und mehr,m,48
06635,2014,45 bis unter 50 Jahre,f,6482
06635,2014,45 bis unter 50 Jahre,m,6735
06635,2014,25 bis unter 30 Jahre,m,4351
06635,2014,25 bis unter 30 Jahre,f,3736
06635,2014,50 bis unter 55 Jahre,m,7223
06635,2014,50 bis unter 55 Jahre,f,6901
06635,2014,85 bis unter 90 Jahre,f,2169
06635,2014,85 bis unter 90 Jahre,m,1108
06635,2014,30 bis unter 35 Jahre,f,3874
06635,2014,30 bis unter 35 Jahre,m,4189
06635,2014,5 bis unter 10 Jahre,m,3419
06635,2014,5 bis unter 10 Jahre,f,3183
06635,2014,10 bis unter 15 Jahre,f,3737
06635,2014,10 bis unter 15 Jahre,m,3903
06635,2014,65 bis unter 70 Jahre,f,4067
06635,2014,65 bis unter 70 Jahre,m,4055
06635,2014,90 bis unter 95 Jahre,f,1023
06635,2014,90 bis unter 95 Jahre,m,305
03405,2014,30 bis unter 35 Jahre,f,1843
03405,2014,30 bis unter 35 Jahre,m,1903
03405,2014,85 bis unter 90 Jahre,f,1131
03405,2014,85 bis unter 90 Jahre,m,529
03405,2014,5 bis unter 10 Jahre,m,1379
03405,2014,5 bis unter 10 Jahre,f,1287
03405,2014,50 bis unter 55 Jahre,f,3075
03405,2014,50 bis unter 55 Jahre,m,2987
03405,2014,10 bis unter 15 Jahre,f,1439
03405,2014,10 bis unter 15 Jahre,m,1458
03405,2014,25 bis unter 30 Jahre,f,2283
03405,2014,25 bis unter 30 Jahre,m,2831
03405,2014,90 bis unter 95 Jahre,f,547
03405,2014,90 bis unter 95 Jahre,m,163
03405,2014,45 bis unter 50 Jahre,m,2931
03405,2014,45 bis unter 50 Jahre,f,2933
03405,2014,65 bis unter 70 Jahre,f,2426
03405,2014,65 bis unter 70 Jahre,m,2259
03405,2014,70 bis unter 75 Jahre,m,2475
03405,2014,70 bis unter 75 Jahre,f,2815
03405,2014,60 bis unter 65 Jahre,m,2309
03405,2014,60 bis unter 65 Jahre,f,2571
03405,2014,40 bis unter 45 Jahre,m,1979
03405,2014,40 bis unter 45 Jahre,f,1961
03405,2014,35 bis unter 40 Jahre,f,1652
03405,2014,35 bis unter 40 Jahre,m,1787
03405,2014,75 bis unter 80 Jahre,f,2650
03405,2014,75 bis unter 80 Jahre,m,2223
03405,2014,15 bis unter 20 Jahre,m,1814
03405,2014,15 bis unter 20 Jahre,f,1835
03405,2014,55 bis unter 60 Jahre,f,2652
03405,2014,55 bis unter 60 Jahre,m,2538
03405,2014,80 bis unter 85 Jahre,f,1592
03405,2014,80 bis unter 85 Jahre,m,980
03405,2014,95 Jahre und mehr,f,100
03405,2014,95 Jahre und mehr,m,27
03405,2014,unter 5 Jahre,f,1327
03405,2014,unter 5 Jahre,m,1377
03405,2014,20 bis unter 25 Jahre,m,2943
03405,2014,20 bis unter 25 Jahre,f,2523
06634,2014,10 bis unter 15 Jahre,f,4005
06634,2014,10 bis unter 15 Jahre,m,4307
06634,2014,45 bis unter 50 Jahre,f,7538
06634,2014,45 bis unter 50 Jahre,m,7772
06634,2014,65 bis unter 70 Jahre,f,4817
06634,2014,65 bis unter 70 Jahre,m,4983
06634,2014,25 bis unter 30 Jahre,f,4371
06634,2014,25 bis unter 30 Jahre,m,5074
06634,2014,5 bis unter 10 Jahre,m,3738
06634,2014,5 bis unter 10 Jahre,f,3464
06634,2014,50 bis unter 55 Jahre,f,7872
06634,2014,50 bis unter 55 Jahre,m,8211
06634,2014,30 bis unter 35 Jahre,f,4611
06634,2014,30 bis unter 35 Jahre,m,4942
06634,2014,90 bis unter 95 Jahre,f,1059
06634,2014,90 bis unter 95 Jahre,m,325
06634,2014,85 bis unter 90 Jahre,m,1186
06634,2014,85 bis unter 90 Jahre,f,2373
06634,2014,75 bis unter 80 Jahre,m,4451
06634,2014,75 bis unter 80 Jahre,f,5407
06634,2014,20 bis unter 25 Jahre,m,5186
06634,2014,20 bis unter 25 Jahre,f,4276
06634,2014,80 bis unter 85 Jahre,m,2297
06634,2014,80 bis unter 85 Jahre,f,3441
06634,2014,55 bis unter 60 Jahre,m,7041
06634,2014,55 bis unter 60 Jahre,f,6964
06634,2014,unter 5 Jahre,m,3507
06634,2014,unter 5 Jahre,f,3373
06634,2014,95 Jahre und mehr,f,203
06634,2014,95 Jahre und mehr,m,45
06634,2014,35 bis unter 40 Jahre,m,4850
06634,2014,35 bis unter 40 Jahre,f,4756
06634,2014,70 bis unter 75 Jahre,m,4552
06634,2014,70 bis unter 75 Jahre,f,5051
06634,2014,15 bis unter 20 Jahre,f,4572
06634,2014,15 bis unter 20 Jahre,m,5114
06634,2014,40 bis unter 45 Jahre,f,5735
06634,2014,40 bis unter 45 Jahre,m,5709
06634,2014,60 bis unter 65 Jahre,m,6095
06634,2014,60 bis unter 65 Jahre,f,6193
05915,2014,70 bis unter 75 Jahre,f,4678
05915,2014,70 bis unter 75 Jahre,m,4213
05915,2014,25 bis unter 30 Jahre,m,5414
05915,2014,25 bis unter 30 Jahre,f,5218
05915,2014,90 bis unter 95 Jahre,f,926
05915,2014,90 bis unter 95 Jahre,m,291
05915,2014,85 bis unter 90 Jahre,f,2210
05915,2014,85 bis unter 90 Jahre,m,1105
05915,2014,45 bis unter 50 Jahre,m,6983
05915,2014,45 bis unter 50 Jahre,f,6995
05915,2014,65 bis unter 70 Jahre,m,4148
05915,2014,65 bis unter 70 Jahre,f,4554
05915,2014,30 bis unter 35 Jahre,m,5222
05915,2014,30 bis unter 35 Jahre,f,5243
05915,2014,10 bis unter 15 Jahre,f,4424
05915,2014,10 bis unter 15 Jahre,m,4653
05915,2014,5 bis unter 10 Jahre,m,4182
05915,2014,5 bis unter 10 Jahre,f,3949
05915,2014,50 bis unter 55 Jahre,f,6869
05915,2014,50 bis unter 55 Jahre,m,7044
05915,2014,35 bis unter 40 Jahre,f,5241
05915,2014,35 bis unter 40 Jahre,m,5382
05915,2014,55 bis unter 60 Jahre,f,6415
05915,2014,55 bis unter 60 Jahre,m,6051
05915,2014,60 bis unter 65 Jahre,m,5273
05915,2014,60 bis unter 65 Jahre,f,5868
05915,2014,15 bis unter 20 Jahre,m,5197
05915,2014,15 bis unter 20 Jahre,f,4958
05915,2014,80 bis unter 85 Jahre,f,3252
05915,2014,80 bis unter 85 Jahre,m,2073
05915,2014,95 Jahre und mehr,m,32
05915,2014,95 Jahre und mehr,f,174
05915,2014,40 bis unter 45 Jahre,f,5757
05915,2014,40 bis unter 45 Jahre,m,5723
05915,2014,unter 5 Jahre,m,3933
05915,2014,unter 5 Jahre,f,3912
05915,2014,75 bis unter 80 Jahre,f,4854
05915,2014,75 bis unter 80 Jahre,m,3632
05915,2014,20 bis unter 25 Jahre,m,5439
05915,2014,20 bis unter 25 Jahre,f,5093
06611,2014,55 bis unter 60 Jahre,m,6210
06611,2014,55 bis unter 60 Jahre,f,6465
06611,2014,20 bis unter 25 Jahre,m,7275
06611,2014,20 bis unter 25 Jahre,f,7787
06611,2014,40 bis unter 45 Jahre,m,5745
06611,2014,40 bis unter 45 Jahre,f,5973
06611,2014,80 bis unter 85 Jahre,f,3153
06611,2014,80 bis unter 85 Jahre,m,1973
06611,2014,35 bis unter 40 Jahre,m,5653
06611,2014,35 bis unter 40 Jahre,f,5708
06611,2014,60 bis unter 65 Jahre,m,5124
06611,2014,60 bis unter 65 Jahre,f,5713
06611,2014,75 bis unter 80 Jahre,m,3622
06611,2014,75 bis unter 80 Jahre,f,5103
06611,2014,15 bis unter 20 Jahre,m,4708
06611,2014,15 bis unter 20 Jahre,f,4651
06611,2014,unter 5 Jahre,m,4431
06611,2014,unter 5 Jahre,f,4111
06611,2014,10 bis unter 15 Jahre,f,3808
06611,2014,10 bis unter 15 Jahre,m,4102
06611,2014,65 bis unter 70 Jahre,f,5050
06611,2014,65 bis unter 70 Jahre,m,4448
06611,2014,45 bis unter 50 Jahre,f,7299
06611,2014,45 bis unter 50 Jahre,m,7227
06611,2014,70 bis unter 75 Jahre,m,4326
06611,2014,70 bis unter 75 Jahre,f,5269
06611,2014,30 bis unter 35 Jahre,m,7458
06611,2014,30 bis unter 35 Jahre,f,6529
06611,2014,90 bis unter 95 Jahre,f,1404
06611,2014,90 bis unter 95 Jahre,m,402
06611,2014,85 bis unter 90 Jahre,f,2603
06611,2014,85 bis unter 90 Jahre,m,1176
06611,2014,25 bis unter 30 Jahre,m,9084
06611,2014,25 bis unter 30 Jahre,f,8082
06611,2014,50 bis unter 55 Jahre,m,7285
06611,2014,50 bis unter 55 Jahre,f,7447
06611,2014,95 Jahre und mehr,f,292
06611,2014,95 Jahre und mehr,m,49
06611,2014,5 bis unter 10 Jahre,f,3894
06611,2014,5 bis unter 10 Jahre,m,4108
06437,2014,50 bis unter 55 Jahre,f,4223
06437,2014,50 bis unter 55 Jahre,m,4214
06437,2014,30 bis unter 35 Jahre,f,2444
06437,2014,30 bis unter 35 Jahre,m,2534
06437,2014,85 bis unter 90 Jahre,f,1225
06437,2014,85 bis unter 90 Jahre,m,648
06437,2014,65 bis unter 70 Jahre,f,2642
06437,2014,65 bis unter 70 Jahre,m,2657
06437,2014,70 bis unter 75 Jahre,f,2685
06437,2014,70 bis unter 75 Jahre,m,2501
06437,2014,25 bis unter 30 Jahre,m,2768
06437,2014,25 bis unter 30 Jahre,f,2448
06437,2014,45 bis unter 50 Jahre,f,3946
06437,2014,45 bis unter 50 Jahre,m,3942
06437,2014,10 bis unter 15 Jahre,m,2371
06437,2014,10 bis unter 15 Jahre,f,2189
06437,2014,5 bis unter 10 Jahre,m,2011
06437,2014,5 bis unter 10 Jahre,f,1982
06437,2014,90 bis unter 95 Jahre,f,614
06437,2014,90 bis unter 95 Jahre,m,201
06437,2014,80 bis unter 85 Jahre,m,1267
06437,2014,80 bis unter 85 Jahre,f,1785
06437,2014,95 Jahre und mehr,f,127
06437,2014,95 Jahre und mehr,m,22
06437,2014,75 bis unter 80 Jahre,m,2255
06437,2014,75 bis unter 80 Jahre,f,2701
06437,2014,55 bis unter 60 Jahre,m,3789
06437,2014,55 bis unter 60 Jahre,f,3735
06437,2014,unter 5 Jahre,m,1879
06437,2014,unter 5 Jahre,f,1794
06437,2014,40 bis unter 45 Jahre,f,3049
06437,2014,40 bis unter 45 Jahre,m,2962
06437,2014,20 bis unter 25 Jahre,f,2515
06437,2014,20 bis unter 25 Jahre,m,2864
06437,2014,15 bis unter 20 Jahre,f,2534
06437,2014,15 bis unter 20 Jahre,m,2696
06437,2014,35 bis unter 40 Jahre,m,2466
06437,2014,35 bis unter 40 Jahre,f,2592
06437,2014,60 bis unter 65 Jahre,m,3373
06437,2014,60 bis unter 65 Jahre,f,3432
03257,2014,55 bis unter 60 Jahre,f,5819
03257,2014,55 bis unter 60 Jahre,m,5835
03257,2014,20 bis unter 25 Jahre,f,3678
03257,2014,20 bis unter 25 Jahre,m,4066
03257,2014,35 bis unter 40 Jahre,f,3891
03257,2014,35 bis unter 40 Jahre,m,3869
03257,2014,75 bis unter 80 Jahre,f,5013
03257,2014,75 bis unter 80 Jahre,m,4027
03257,2014,40 bis unter 45 Jahre,f,4938
03257,2014,40 bis unter 45 Jahre,m,4824
03257,2014,15 bis unter 20 Jahre,f,4263
03257,2014,15 bis unter 20 Jahre,m,4371
03257,2014,unter 5 Jahre,f,2805
03257,2014,unter 5 Jahre,m,2925
03257,2014,65 bis unter 70 Jahre,m,4166
03257,2014,65 bis unter 70 Jahre,f,4312
03257,2014,85 bis unter 90 Jahre,m,1173
03257,2014,85 bis unter 90 Jahre,f,2336
03257,2014,90 bis unter 95 Jahre,m,338
03257,2014,90 bis unter 95 Jahre,f,1175
03257,2014,10 bis unter 15 Jahre,m,3836
03257,2014,10 bis unter 15 Jahre,f,3697
03257,2014,45 bis unter 50 Jahre,f,7003
03257,2014,45 bis unter 50 Jahre,m,7072
03257,2014,25 bis unter 30 Jahre,f,3551
03257,2014,25 bis unter 30 Jahre,m,3780
03257,2014,30 bis unter 35 Jahre,f,3764
03257,2014,30 bis unter 35 Jahre,m,3788
03257,2014,5 bis unter 10 Jahre,f,3043
03257,2014,5 bis unter 10 Jahre,m,3149
03257,2014,50 bis unter 55 Jahre,f,6950
03257,2014,50 bis unter 55 Jahre,m,7052
03257,2014,95 Jahre und mehr,m,40
03257,2014,95 Jahre und mehr,f,205
03257,2014,80 bis unter 85 Jahre,m,2016
03257,2014,80 bis unter 85 Jahre,f,3214
03257,2014,60 bis unter 65 Jahre,m,5102
03257,2014,60 bis unter 65 Jahre,f,5341
03257,2014,70 bis unter 75 Jahre,m,4473
03257,2014,70 bis unter 75 Jahre,f,4947
05366,2014,20 bis unter 25 Jahre,m,5308
05366,2014,20 bis unter 25 Jahre,f,4790
05366,2014,75 bis unter 80 Jahre,m,4270
05366,2014,75 bis unter 80 Jahre,f,5028
05366,2014,95 Jahre und mehr,m,36
05366,2014,95 Jahre und mehr,f,182
05366,2014,80 bis unter 85 Jahre,f,3179
05366,2014,80 bis unter 85 Jahre,m,2162
05366,2014,40 bis unter 45 Jahre,m,5767
05366,2014,40 bis unter 45 Jahre,f,5863
05366,2014,35 bis unter 40 Jahre,m,4933
05366,2014,35 bis unter 40 Jahre,f,5061
05366,2014,60 bis unter 65 Jahre,m,6472
05366,2014,60 bis unter 65 Jahre,f,6414
05366,2014,55 bis unter 60 Jahre,m,7462
05366,2014,55 bis unter 60 Jahre,f,7379
05366,2014,15 bis unter 20 Jahre,m,5632
05366,2014,15 bis unter 20 Jahre,f,5257
05366,2014,unter 5 Jahre,m,3909
05366,2014,unter 5 Jahre,f,3662
05366,2014,25 bis unter 30 Jahre,f,4682
05366,2014,25 bis unter 30 Jahre,m,5050
05366,2014,5 bis unter 10 Jahre,f,4038
05366,2014,5 bis unter 10 Jahre,m,4149
05366,2014,30 bis unter 35 Jahre,f,4893
05366,2014,30 bis unter 35 Jahre,m,4964
05366,2014,50 bis unter 55 Jahre,f,8761
05366,2014,50 bis unter 55 Jahre,m,8797
05366,2014,85 bis unter 90 Jahre,m,1115
05366,2014,85 bis unter 90 Jahre,f,2247
05366,2014,65 bis unter 70 Jahre,m,4733
05366,2014,65 bis unter 70 Jahre,f,4925
05366,2014,10 bis unter 15 Jahre,m,4873
05366,2014,10 bis unter 15 Jahre,f,4629
05366,2014,90 bis unter 95 Jahre,m,304
05366,2014,90 bis unter 95 Jahre,f,979
05366,2014,70 bis unter 75 Jahre,f,5008
05366,2014,70 bis unter 75 Jahre,m,4579
05366,2014,45 bis unter 50 Jahre,f,8418
05366,2014,45 bis unter 50 Jahre,m,8248
09678,2014,25 bis unter 30 Jahre,f,3096
09678,2014,25 bis unter 30 Jahre,m,3325
09678,2014,45 bis unter 50 Jahre,f,4847
09678,2014,45 bis unter 50 Jahre,m,4819
09678,2014,5 bis unter 10 Jahre,f,2186
09678,2014,5 bis unter 10 Jahre,m,2462
09678,2014,10 bis unter 15 Jahre,f,2730
09678,2014,10 bis unter 15 Jahre,m,2800
09678,2014,95 Jahre und mehr,f,87
09678,2014,95 Jahre und mehr,m,32
09678,2014,85 bis unter 90 Jahre,f,1316
09678,2014,85 bis unter 90 Jahre,m,769
09678,2014,30 bis unter 35 Jahre,f,3050
09678,2014,30 bis unter 35 Jahre,m,3341
09678,2014,60 bis unter 65 Jahre,m,3870
09678,2014,60 bis unter 65 Jahre,f,3757
09678,2014,70 bis unter 75 Jahre,f,3017
09678,2014,70 bis unter 75 Jahre,m,2699
09678,2014,20 bis unter 25 Jahre,m,3478
09678,2014,20 bis unter 25 Jahre,f,3110
09678,2014,75 bis unter 80 Jahre,m,2757
09678,2014,75 bis unter 80 Jahre,f,3144
09678,2014,15 bis unter 20 Jahre,m,3323
09678,2014,15 bis unter 20 Jahre,f,3092
09678,2014,40 bis unter 45 Jahre,m,3490
09678,2014,40 bis unter 45 Jahre,f,3453
09678,2014,50 bis unter 55 Jahre,f,5106
09678,2014,50 bis unter 55 Jahre,m,5345
09678,2014,35 bis unter 40 Jahre,f,3055
09678,2014,35 bis unter 40 Jahre,m,2989
09678,2014,55 bis unter 60 Jahre,f,4447
09678,2014,55 bis unter 60 Jahre,m,4509
09678,2014,90 bis unter 95 Jahre,m,171
09678,2014,90 bis unter 95 Jahre,f,533
09678,2014,unter 5 Jahre,m,2368
09678,2014,unter 5 Jahre,f,2232
09678,2014,65 bis unter 70 Jahre,m,2761
09678,2014,65 bis unter 70 Jahre,f,2805
09678,2014,80 bis unter 85 Jahre,f,1988
09678,2014,80 bis unter 85 Jahre,m,1388
03251,2014,30 bis unter 35 Jahre,f,5431
03251,2014,30 bis unter 35 Jahre,m,5354
03251,2014,85 bis unter 90 Jahre,f,2515
03251,2014,85 bis unter 90 Jahre,m,1292
03251,2014,50 bis unter 55 Jahre,f,9115
03251,2014,50 bis unter 55 Jahre,m,9719
03251,2014,10 bis unter 15 Jahre,f,5057
03251,2014,10 bis unter 15 Jahre,m,5495
03251,2014,65 bis unter 70 Jahre,m,5478
03251,2014,65 bis unter 70 Jahre,f,5640
03251,2014,45 bis unter 50 Jahre,f,9789
03251,2014,45 bis unter 50 Jahre,m,9781
03251,2014,70 bis unter 75 Jahre,f,6041
03251,2014,70 bis unter 75 Jahre,m,5608
03251,2014,25 bis unter 30 Jahre,m,5395
03251,2014,25 bis unter 30 Jahre,f,4924
03251,2014,60 bis unter 65 Jahre,m,6866
03251,2014,60 bis unter 65 Jahre,f,6893
03251,2014,80 bis unter 85 Jahre,m,2586
03251,2014,80 bis unter 85 Jahre,f,3726
03251,2014,90 bis unter 95 Jahre,m,369
03251,2014,90 bis unter 95 Jahre,f,1111
03251,2014,55 bis unter 60 Jahre,m,8037
03251,2014,55 bis unter 60 Jahre,f,7711
03251,2014,unter 5 Jahre,f,4044
03251,2014,unter 5 Jahre,m,4413
03251,2014,95 Jahre und mehr,f,246
03251,2014,95 Jahre und mehr,m,48
03251,2014,75 bis unter 80 Jahre,f,6124
03251,2014,75 bis unter 80 Jahre,m,5151
03251,2014,20 bis unter 25 Jahre,f,5001
03251,2014,20 bis unter 25 Jahre,m,5729
03251,2014,40 bis unter 45 Jahre,f,7000
03251,2014,40 bis unter 45 Jahre,m,6878
03251,2014,15 bis unter 20 Jahre,m,6337
03251,2014,15 bis unter 20 Jahre,f,5846
03251,2014,35 bis unter 40 Jahre,m,5422
03251,2014,35 bis unter 40 Jahre,f,5659
03251,2014,5 bis unter 10 Jahre,f,4489
03251,2014,5 bis unter 10 Jahre,m,4773
07140,2014,40 bis unter 45 Jahre,m,3139
07140,2014,40 bis unter 45 Jahre,f,3190
07140,2014,20 bis unter 25 Jahre,m,2920
07140,2014,20 bis unter 25 Jahre,f,2508
07140,2014,75 bis unter 80 Jahre,m,2341
07140,2014,75 bis unter 80 Jahre,f,2890
07140,2014,60 bis unter 65 Jahre,m,3640
07140,2014,60 bis unter 65 Jahre,f,3656
07140,2014,55 bis unter 60 Jahre,m,4205
07140,2014,55 bis unter 60 Jahre,f,3953
07140,2014,80 bis unter 85 Jahre,f,1887
07140,2014,80 bis unter 85 Jahre,m,1309
07140,2014,35 bis unter 40 Jahre,m,2675
07140,2014,35 bis unter 40 Jahre,f,2638
07140,2014,15 bis unter 20 Jahre,m,2941
07140,2014,15 bis unter 20 Jahre,f,2669
07140,2014,unter 5 Jahre,m,1950
07140,2014,unter 5 Jahre,f,1965
07140,2014,95 Jahre und mehr,f,113
07140,2014,95 Jahre und mehr,m,30
07140,2014,30 bis unter 35 Jahre,f,2679
07140,2014,30 bis unter 35 Jahre,m,2761
07140,2014,25 bis unter 30 Jahre,f,2550
07140,2014,25 bis unter 30 Jahre,m,2851
07140,2014,5 bis unter 10 Jahre,f,1995
07140,2014,5 bis unter 10 Jahre,m,2216
07140,2014,50 bis unter 55 Jahre,f,4720
07140,2014,50 bis unter 55 Jahre,m,4618
07140,2014,65 bis unter 70 Jahre,m,2659
07140,2014,65 bis unter 70 Jahre,f,2590
07140,2014,85 bis unter 90 Jahre,m,729
07140,2014,85 bis unter 90 Jahre,f,1278
07140,2014,10 bis unter 15 Jahre,m,2519
07140,2014,10 bis unter 15 Jahre,f,2487
07140,2014,70 bis unter 75 Jahre,f,2755
07140,2014,70 bis unter 75 Jahre,m,2416
07140,2014,90 bis unter 95 Jahre,m,205
07140,2014,90 bis unter 95 Jahre,f,679
07140,2014,45 bis unter 50 Jahre,f,4279
07140,2014,45 bis unter 50 Jahre,m,4340
07141,2014,70 bis unter 75 Jahre,m,3135
07141,2014,70 bis unter 75 Jahre,f,3539
07141,2014,50 bis unter 55 Jahre,m,5495
07141,2014,50 bis unter 55 Jahre,f,5457
07141,2014,85 bis unter 90 Jahre,m,815
07141,2014,85 bis unter 90 Jahre,f,1540
07141,2014,90 bis unter 95 Jahre,m,210
07141,2014,90 bis unter 95 Jahre,f,755
07141,2014,10 bis unter 15 Jahre,m,2874
07141,2014,10 bis unter 15 Jahre,f,2701
07141,2014,65 bis unter 70 Jahre,m,3364
07141,2014,65 bis unter 70 Jahre,f,3490
07141,2014,35 bis unter 40 Jahre,f,3210
07141,2014,35 bis unter 40 Jahre,m,3239
07141,2014,25 bis unter 30 Jahre,m,3291
07141,2014,25 bis unter 30 Jahre,f,2962
07141,2014,20 bis unter 25 Jahre,f,3060
07141,2014,20 bis unter 25 Jahre,m,3301
07141,2014,75 bis unter 80 Jahre,f,3642
07141,2014,75 bis unter 80 Jahre,m,3077
07141,2014,55 bis unter 60 Jahre,f,4823
07141,2014,55 bis unter 60 Jahre,m,4795
07141,2014,80 bis unter 85 Jahre,f,2134
07141,2014,80 bis unter 85 Jahre,m,1564
07141,2014,45 bis unter 50 Jahre,m,5124
07141,2014,45 bis unter 50 Jahre,f,5163
07141,2014,unter 5 Jahre,f,2268
07141,2014,unter 5 Jahre,m,2383
07141,2014,60 bis unter 65 Jahre,m,4269
07141,2014,60 bis unter 65 Jahre,f,4322
07141,2014,40 bis unter 45 Jahre,m,3731
07141,2014,40 bis unter 45 Jahre,f,3718
07141,2014,95 Jahre und mehr,f,135
07141,2014,95 Jahre und mehr,m,26
07141,2014,5 bis unter 10 Jahre,f,2434
07141,2014,5 bis unter 10 Jahre,m,2516
07141,2014,30 bis unter 35 Jahre,f,3182
07141,2014,30 bis unter 35 Jahre,m,3216
07141,2014,15 bis unter 20 Jahre,m,3404
07141,2014,15 bis unter 20 Jahre,f,3123
09479,2014,5 bis unter 10 Jahre,f,1274
09479,2014,5 bis unter 10 Jahre,m,1283
09479,2014,80 bis unter 85 Jahre,m,1071
09479,2014,80 bis unter 85 Jahre,f,1912
09479,2014,40 bis unter 45 Jahre,m,2162
09479,2014,40 bis unter 45 Jahre,f,2236
09479,2014,25 bis unter 30 Jahre,f,1606
09479,2014,25 bis unter 30 Jahre,m,1837
09479,2014,10 bis unter 15 Jahre,f,1519
09479,2014,10 bis unter 15 Jahre,m,1604
09479,2014,unter 5 Jahre,m,1297
09479,2014,unter 5 Jahre,f,1141
09479,2014,50 bis unter 55 Jahre,f,3264
09479,2014,50 bis unter 55 Jahre,m,3379
09479,2014,85 bis unter 90 Jahre,f,1236
09479,2014,85 bis unter 90 Jahre,m,564
09479,2014,30 bis unter 35 Jahre,m,1800
09479,2014,30 bis unter 35 Jahre,f,1761
09479,2014,75 bis unter 80 Jahre,m,1917
09479,2014,75 bis unter 80 Jahre,f,2737
09479,2014,20 bis unter 25 Jahre,m,1969
09479,2014,20 bis unter 25 Jahre,f,1715
09479,2014,95 Jahre und mehr,f,75
09479,2014,95 Jahre und mehr,m,25
09479,2014,15 bis unter 20 Jahre,f,1751
09479,2014,15 bis unter 20 Jahre,m,1836
09479,2014,35 bis unter 40 Jahre,f,1760
09479,2014,35 bis unter 40 Jahre,m,1742
09479,2014,65 bis unter 70 Jahre,m,2197
09479,2014,65 bis unter 70 Jahre,f,2295
09479,2014,60 bis unter 65 Jahre,f,2770
09479,2014,60 bis unter 65 Jahre,m,2561
09479,2014,90 bis unter 95 Jahre,m,141
09479,2014,90 bis unter 95 Jahre,f,483
09479,2014,45 bis unter 50 Jahre,m,3018
09479,2014,45 bis unter 50 Jahre,f,3029
09479,2014,55 bis unter 60 Jahre,m,2964
09479,2014,55 bis unter 60 Jahre,f,2944
09479,2014,70 bis unter 75 Jahre,f,2445
09479,2014,70 bis unter 75 Jahre,m,2083
09162,2014,25 bis unter 30 Jahre,m,64319
09162,2014,25 bis unter 30 Jahre,f,69215
09162,2014,45 bis unter 50 Jahre,m,58653
09162,2014,45 bis unter 50 Jahre,f,54208
09162,2014,90 bis unter 95 Jahre,f,6545
09162,2014,90 bis unter 95 Jahre,m,2162
09162,2014,65 bis unter 70 Jahre,m,30810
09162,2014,65 bis unter 70 Jahre,f,35167
09162,2014,85 bis unter 90 Jahre,m,6744
09162,2014,85 bis unter 90 Jahre,f,13034
09162,2014,10 bis unter 15 Jahre,f,25395
09162,2014,10 bis unter 15 Jahre,m,26661
09162,2014,5 bis unter 10 Jahre,m,29940
09162,2014,5 bis unter 10 Jahre,f,28892
09162,2014,50 bis unter 55 Jahre,f,49460
09162,2014,50 bis unter 55 Jahre,m,49606
09162,2014,30 bis unter 35 Jahre,m,65864
09162,2014,30 bis unter 35 Jahre,f,67968
09162,2014,70 bis unter 75 Jahre,m,32182
09162,2014,70 bis unter 75 Jahre,f,37839
09162,2014,35 bis unter 40 Jahre,f,55986
09162,2014,35 bis unter 40 Jahre,m,56846
09162,2014,55 bis unter 60 Jahre,f,40621
09162,2014,55 bis unter 60 Jahre,m,38901
09162,2014,60 bis unter 65 Jahre,m,31369
09162,2014,60 bis unter 65 Jahre,f,37562
09162,2014,95 Jahre und mehr,m,411
09162,2014,95 Jahre und mehr,f,1512
09162,2014,80 bis unter 85 Jahre,f,19309
09162,2014,80 bis unter 85 Jahre,m,13044
09162,2014,unter 5 Jahre,m,36795
09162,2014,unter 5 Jahre,f,35001
09162,2014,40 bis unter 45 Jahre,f,50183
09162,2014,40 bis unter 45 Jahre,m,53231
09162,2014,75 bis unter 80 Jahre,f,32565
09162,2014,75 bis unter 80 Jahre,m,24828
09162,2014,20 bis unter 25 Jahre,m,43775
09162,2014,20 bis unter 25 Jahre,f,47230
09162,2014,15 bis unter 20 Jahre,m,28732
09162,2014,15 bis unter 20 Jahre,f,27019
08211,2014,70 bis unter 75 Jahre,f,1978
08211,2014,70 bis unter 75 Jahre,m,1468
08211,2014,25 bis unter 30 Jahre,m,1302
08211,2014,25 bis unter 30 Jahre,f,1382
08211,2014,10 bis unter 15 Jahre,m,1105
08211,2014,10 bis unter 15 Jahre,f,1115
08211,2014,30 bis unter 35 Jahre,f,1507
08211,2014,30 bis unter 35 Jahre,m,1422
08211,2014,5 bis unter 10 Jahre,m,1057
08211,2014,5 bis unter 10 Jahre,f,922
08211,2014,50 bis unter 55 Jahre,f,2310
08211,2014,50 bis unter 55 Jahre,m,2251
08211,2014,85 bis unter 90 Jahre,m,457
08211,2014,85 bis unter 90 Jahre,f,937
08211,2014,65 bis unter 70 Jahre,f,1719
08211,2014,65 bis unter 70 Jahre,m,1432
08211,2014,90 bis unter 95 Jahre,f,515
08211,2014,90 bis unter 95 Jahre,m,151
08211,2014,45 bis unter 50 Jahre,m,2095
08211,2014,45 bis unter 50 Jahre,f,2278
08211,2014,95 Jahre und mehr,m,31
08211,2014,95 Jahre und mehr,f,112
08211,2014,80 bis unter 85 Jahre,m,752
08211,2014,80 bis unter 85 Jahre,f,1156
08211,2014,75 bis unter 80 Jahre,m,1518
08211,2014,75 bis unter 80 Jahre,f,1911
08211,2014,20 bis unter 25 Jahre,f,1172
08211,2014,20 bis unter 25 Jahre,m,1352
08211,2014,unter 5 Jahre,m,976
08211,2014,unter 5 Jahre,f,883
08211,2014,60 bis unter 65 Jahre,f,1912
08211,2014,60 bis unter 65 Jahre,m,1687
08211,2014,15 bis unter 20 Jahre,m,1372
08211,2014,15 bis unter 20 Jahre,f,1223
08211,2014,35 bis unter 40 Jahre,m,1406
08211,2014,35 bis unter 40 Jahre,f,1442
08211,2014,55 bis unter 60 Jahre,m,1819
08211,2014,55 bis unter 60 Jahre,f,2034
08211,2014,40 bis unter 45 Jahre,f,1657
08211,2014,40 bis unter 45 Jahre,m,1524
09464,2014,85 bis unter 90 Jahre,m,294
09464,2014,85 bis unter 90 Jahre,f,748
09464,2014,30 bis unter 35 Jahre,m,1263
09464,2014,30 bis unter 35 Jahre,f,1235
09464,2014,65 bis unter 70 Jahre,m,1201
09464,2014,65 bis unter 70 Jahre,f,1434
09464,2014,10 bis unter 15 Jahre,m,935
09464,2014,10 bis unter 15 Jahre,f,899
09464,2014,45 bis unter 50 Jahre,m,1691
09464,2014,45 bis unter 50 Jahre,f,1750
09464,2014,70 bis unter 75 Jahre,m,1193
09464,2014,70 bis unter 75 Jahre,f,1453
09464,2014,50 bis unter 55 Jahre,m,1790
09464,2014,50 bis unter 55 Jahre,f,1795
09464,2014,90 bis unter 95 Jahre,f,341
09464,2014,90 bis unter 95 Jahre,m,104
09464,2014,5 bis unter 10 Jahre,m,809
09464,2014,5 bis unter 10 Jahre,f,800
09464,2014,unter 5 Jahre,f,866
09464,2014,unter 5 Jahre,m,906
09464,2014,35 bis unter 40 Jahre,f,1154
09464,2014,35 bis unter 40 Jahre,m,1157
09464,2014,55 bis unter 60 Jahre,f,1668
09464,2014,55 bis unter 60 Jahre,m,1577
09464,2014,25 bis unter 30 Jahre,m,1434
09464,2014,25 bis unter 30 Jahre,f,1339
09464,2014,60 bis unter 65 Jahre,m,1349
09464,2014,60 bis unter 65 Jahre,f,1611
09464,2014,80 bis unter 85 Jahre,f,1010
09464,2014,80 bis unter 85 Jahre,m,534
09464,2014,95 Jahre und mehr,f,65
09464,2014,95 Jahre und mehr,m,18
09464,2014,40 bis unter 45 Jahre,m,1341
09464,2014,40 bis unter 45 Jahre,f,1348
09464,2014,20 bis unter 25 Jahre,m,1300
09464,2014,20 bis unter 25 Jahre,f,1277
09464,2014,75 bis unter 80 Jahre,m,1020
09464,2014,75 bis unter 80 Jahre,f,1461
09464,2014,15 bis unter 20 Jahre,m,1091
09464,2014,15 bis unter 20 Jahre,f,1064
01054,2014,35 bis unter 40 Jahre,f,4199
01054,2014,35 bis unter 40 Jahre,m,3932
01054,2014,15 bis unter 20 Jahre,f,4757
01054,2014,15 bis unter 20 Jahre,m,4953
01054,2014,20 bis unter 25 Jahre,f,3945
01054,2014,20 bis unter 25 Jahre,m,4757
01054,2014,unter 5 Jahre,f,2882
01054,2014,unter 5 Jahre,m,3101
01054,2014,90 bis unter 95 Jahre,m,275
01054,2014,90 bis unter 95 Jahre,f,918
01054,2014,75 bis unter 80 Jahre,f,4927
01054,2014,75 bis unter 80 Jahre,m,4198
01054,2014,60 bis unter 65 Jahre,f,5454
01054,2014,60 bis unter 65 Jahre,m,5201
01054,2014,10 bis unter 15 Jahre,m,4154
01054,2014,10 bis unter 15 Jahre,f,4132
01054,2014,65 bis unter 70 Jahre,m,4515
01054,2014,65 bis unter 70 Jahre,f,4877
01054,2014,30 bis unter 35 Jahre,m,4135
01054,2014,30 bis unter 35 Jahre,f,3994
01054,2014,40 bis unter 45 Jahre,f,5106
01054,2014,40 bis unter 45 Jahre,m,4822
01054,2014,5 bis unter 10 Jahre,f,3217
01054,2014,5 bis unter 10 Jahre,m,3410
01054,2014,85 bis unter 90 Jahre,m,982
01054,2014,85 bis unter 90 Jahre,f,1964
01054,2014,25 bis unter 30 Jahre,f,3918
01054,2014,25 bis unter 30 Jahre,m,4463
01054,2014,45 bis unter 50 Jahre,f,7125
01054,2014,45 bis unter 50 Jahre,m,6880
01054,2014,80 bis unter 85 Jahre,m,1957
01054,2014,80 bis unter 85 Jahre,f,2843
01054,2014,50 bis unter 55 Jahre,f,7182
01054,2014,50 bis unter 55 Jahre,m,6778
01054,2014,95 Jahre und mehr,m,41
01054,2014,95 Jahre und mehr,f,210
01054,2014,55 bis unter 60 Jahre,m,5630
01054,2014,55 bis unter 60 Jahre,f,6126
01054,2014,70 bis unter 75 Jahre,f,5327
01054,2014,70 bis unter 75 Jahre,m,4916
04011,2014,25 bis unter 30 Jahre,m,21229
04011,2014,25 bis unter 30 Jahre,f,20500
04011,2014,70 bis unter 75 Jahre,f,16060
04011,2014,70 bis unter 75 Jahre,m,14059
04011,2014,50 bis unter 55 Jahre,f,20961
04011,2014,50 bis unter 55 Jahre,m,21422
04011,2014,5 bis unter 10 Jahre,m,11559
04011,2014,5 bis unter 10 Jahre,f,10886
04011,2014,95 Jahre und mehr,f,824
04011,2014,95 Jahre und mehr,m,171
04011,2014,10 bis unter 15 Jahre,m,11745
04011,2014,10 bis unter 15 Jahre,f,10910
04011,2014,45 bis unter 50 Jahre,m,22624
04011,2014,45 bis unter 50 Jahre,f,21423
04011,2014,85 bis unter 90 Jahre,f,6932
04011,2014,85 bis unter 90 Jahre,m,3204
04011,2014,65 bis unter 70 Jahre,f,14800
04011,2014,65 bis unter 70 Jahre,m,13467
04011,2014,90 bis unter 95 Jahre,f,3492
04011,2014,90 bis unter 95 Jahre,m,1073
04011,2014,30 bis unter 35 Jahre,m,19556
04011,2014,30 bis unter 35 Jahre,f,18807
04011,2014,15 bis unter 20 Jahre,f,12726
04011,2014,15 bis unter 20 Jahre,m,13729
04011,2014,75 bis unter 80 Jahre,m,11850
04011,2014,75 bis unter 80 Jahre,f,15764
04011,2014,20 bis unter 25 Jahre,m,18334
04011,2014,20 bis unter 25 Jahre,f,18241
04011,2014,60 bis unter 65 Jahre,f,16729
04011,2014,60 bis unter 65 Jahre,m,15318
04011,2014,unter 5 Jahre,m,11957
04011,2014,unter 5 Jahre,f,11260
04011,2014,40 bis unter 45 Jahre,f,16940
04011,2014,40 bis unter 45 Jahre,m,17785
04011,2014,35 bis unter 40 Jahre,f,16354
04011,2014,35 bis unter 40 Jahre,m,17198
04011,2014,55 bis unter 60 Jahre,m,17788
04011,2014,55 bis unter 60 Jahre,f,18540
04011,2014,80 bis unter 85 Jahre,m,5936
04011,2014,80 bis unter 85 Jahre,f,9614
06413,2014,65 bis unter 70 Jahre,m,2613
06413,2014,65 bis unter 70 Jahre,f,2882
06413,2014,30 bis unter 35 Jahre,m,4856
06413,2014,30 bis unter 35 Jahre,f,4667
06413,2014,85 bis unter 90 Jahre,m,609
06413,2014,85 bis unter 90 Jahre,f,1134
06413,2014,10 bis unter 15 Jahre,m,3040
06413,2014,10 bis unter 15 Jahre,f,2770
06413,2014,25 bis unter 30 Jahre,m,4582
06413,2014,25 bis unter 30 Jahre,f,4870
06413,2014,45 bis unter 50 Jahre,m,5045
06413,2014,45 bis unter 50 Jahre,f,4504
06413,2014,50 bis unter 55 Jahre,m,4823
06413,2014,50 bis unter 55 Jahre,f,4292
06413,2014,90 bis unter 95 Jahre,f,599
06413,2014,90 bis unter 95 Jahre,m,201
06413,2014,5 bis unter 10 Jahre,m,3072
06413,2014,5 bis unter 10 Jahre,f,3033
06413,2014,15 bis unter 20 Jahre,f,2804
06413,2014,15 bis unter 20 Jahre,m,3023
06413,2014,20 bis unter 25 Jahre,f,3989
06413,2014,20 bis unter 25 Jahre,m,3723
06413,2014,40 bis unter 45 Jahre,f,3915
06413,2014,40 bis unter 45 Jahre,m,4331
06413,2014,55 bis unter 60 Jahre,m,3796
06413,2014,55 bis unter 60 Jahre,f,3730
06413,2014,75 bis unter 80 Jahre,m,2095
06413,2014,75 bis unter 80 Jahre,f,2655
06413,2014,unter 5 Jahre,m,3264
06413,2014,unter 5 Jahre,f,3252
06413,2014,60 bis unter 65 Jahre,f,3228
06413,2014,60 bis unter 65 Jahre,m,2980
06413,2014,80 bis unter 85 Jahre,m,1048
06413,2014,80 bis unter 85 Jahre,f,1676
06413,2014,35 bis unter 40 Jahre,f,4228
06413,2014,35 bis unter 40 Jahre,m,4241
06413,2014,95 Jahre und mehr,f,104
06413,2014,95 Jahre und mehr,m,28
06413,2014,70 bis unter 75 Jahre,m,2478
06413,2014,70 bis unter 75 Jahre,f,2808
06533,2014,5 bis unter 10 Jahre,m,3927
06533,2014,5 bis unter 10 Jahre,f,3512
06533,2014,50 bis unter 55 Jahre,f,7566
06533,2014,50 bis unter 55 Jahre,m,7713
06533,2014,25 bis unter 30 Jahre,m,4974
06533,2014,25 bis unter 30 Jahre,f,4457
06533,2014,70 bis unter 75 Jahre,f,4446
06533,2014,70 bis unter 75 Jahre,m,4075
06533,2014,45 bis unter 50 Jahre,m,7406
06533,2014,45 bis unter 50 Jahre,f,7477
06533,2014,85 bis unter 90 Jahre,f,2129
06533,2014,85 bis unter 90 Jahre,m,1052
06533,2014,90 bis unter 95 Jahre,f,931
06533,2014,90 bis unter 95 Jahre,m,276
06533,2014,65 bis unter 70 Jahre,m,4217
06533,2014,65 bis unter 70 Jahre,f,4398
06533,2014,30 bis unter 35 Jahre,m,4797
06533,2014,30 bis unter 35 Jahre,f,4684
06533,2014,10 bis unter 15 Jahre,f,4236
06533,2014,10 bis unter 15 Jahre,m,4366
06533,2014,15 bis unter 20 Jahre,f,4646
06533,2014,15 bis unter 20 Jahre,m,5043
06533,2014,75 bis unter 80 Jahre,m,3686
06533,2014,75 bis unter 80 Jahre,f,4524
06533,2014,20 bis unter 25 Jahre,m,4955
06533,2014,20 bis unter 25 Jahre,f,4454
06533,2014,60 bis unter 65 Jahre,f,5630
06533,2014,60 bis unter 65 Jahre,m,5639
06533,2014,80 bis unter 85 Jahre,f,2890
06533,2014,80 bis unter 85 Jahre,m,1958
06533,2014,unter 5 Jahre,m,3479
06533,2014,unter 5 Jahre,f,3449
06533,2014,40 bis unter 45 Jahre,f,5423
06533,2014,40 bis unter 45 Jahre,m,5438
06533,2014,55 bis unter 60 Jahre,m,6499
06533,2014,55 bis unter 60 Jahre,f,6433
06533,2014,95 Jahre und mehr,m,43
06533,2014,95 Jahre und mehr,f,158
06533,2014,35 bis unter 40 Jahre,f,4701
06533,2014,35 bis unter 40 Jahre,m,4698
07133,2014,55 bis unter 60 Jahre,m,5898
07133,2014,55 bis unter 60 Jahre,f,6183
07133,2014,unter 5 Jahre,m,3298
07133,2014,unter 5 Jahre,f,3190
07133,2014,80 bis unter 85 Jahre,f,2885
07133,2014,80 bis unter 85 Jahre,m,1885
07133,2014,35 bis unter 40 Jahre,m,4024
07133,2014,35 bis unter 40 Jahre,f,4201
07133,2014,15 bis unter 20 Jahre,m,4184
07133,2014,15 bis unter 20 Jahre,f,4031
07133,2014,40 bis unter 45 Jahre,m,4692
07133,2014,40 bis unter 45 Jahre,f,4902
07133,2014,20 bis unter 25 Jahre,m,4253
07133,2014,20 bis unter 25 Jahre,f,3897
07133,2014,60 bis unter 65 Jahre,f,5724
07133,2014,60 bis unter 65 Jahre,m,5430
07133,2014,75 bis unter 80 Jahre,f,4450
07133,2014,75 bis unter 80 Jahre,m,3643
07133,2014,5 bis unter 10 Jahre,f,3170
07133,2014,5 bis unter 10 Jahre,m,3389
07133,2014,10 bis unter 15 Jahre,f,3577
07133,2014,10 bis unter 15 Jahre,m,3743
07133,2014,90 bis unter 95 Jahre,m,284
07133,2014,90 bis unter 95 Jahre,f,992
07133,2014,30 bis unter 35 Jahre,f,4210
07133,2014,30 bis unter 35 Jahre,m,4181
07133,2014,85 bis unter 90 Jahre,f,2037
07133,2014,85 bis unter 90 Jahre,m,1026
07133,2014,45 bis unter 50 Jahre,m,6587
07133,2014,45 bis unter 50 Jahre,f,6524
07133,2014,95 Jahre und mehr,f,191
07133,2014,95 Jahre und mehr,m,40
07133,2014,65 bis unter 70 Jahre,m,4002
07133,2014,65 bis unter 70 Jahre,f,4346
07133,2014,70 bis unter 75 Jahre,m,4072
07133,2014,70 bis unter 75 Jahre,f,4508
07133,2014,50 bis unter 55 Jahre,f,7000
07133,2014,50 bis unter 55 Jahre,m,6907
07133,2014,25 bis unter 30 Jahre,f,4112
07133,2014,25 bis unter 30 Jahre,m,4276
05122,2014,35 bis unter 40 Jahre,m,4222
05122,2014,35 bis unter 40 Jahre,f,4458
05122,2014,80 bis unter 85 Jahre,f,3011
05122,2014,80 bis unter 85 Jahre,m,2001
05122,2014,60 bis unter 65 Jahre,f,4640
05122,2014,60 bis unter 65 Jahre,m,4346
05122,2014,unter 5 Jahre,m,3441
05122,2014,unter 5 Jahre,f,3216
05122,2014,15 bis unter 20 Jahre,m,4473
05122,2014,15 bis unter 20 Jahre,f,4078
05122,2014,40 bis unter 45 Jahre,f,5079
05122,2014,40 bis unter 45 Jahre,m,4807
05122,2014,20 bis unter 25 Jahre,f,4374
05122,2014,20 bis unter 25 Jahre,m,4463
05122,2014,95 Jahre und mehr,f,164
05122,2014,95 Jahre und mehr,m,33
05122,2014,55 bis unter 60 Jahre,m,5636
05122,2014,55 bis unter 60 Jahre,f,5649
05122,2014,75 bis unter 80 Jahre,f,4748
05122,2014,75 bis unter 80 Jahre,m,3647
05122,2014,5 bis unter 10 Jahre,f,3403
05122,2014,5 bis unter 10 Jahre,m,3512
05122,2014,90 bis unter 95 Jahre,m,257
05122,2014,90 bis unter 95 Jahre,f,938
05122,2014,85 bis unter 90 Jahre,m,982
05122,2014,85 bis unter 90 Jahre,f,2102
05122,2014,10 bis unter 15 Jahre,m,3859
05122,2014,10 bis unter 15 Jahre,f,3673
05122,2014,30 bis unter 35 Jahre,f,4636
05122,2014,30 bis unter 35 Jahre,m,4385
05122,2014,70 bis unter 75 Jahre,f,4698
05122,2014,70 bis unter 75 Jahre,m,3960
05122,2014,25 bis unter 30 Jahre,m,4404
05122,2014,25 bis unter 30 Jahre,f,4541
05122,2014,65 bis unter 70 Jahre,m,3540
05122,2014,65 bis unter 70 Jahre,f,3888
05122,2014,45 bis unter 50 Jahre,m,6826
05122,2014,45 bis unter 50 Jahre,f,6951
05122,2014,50 bis unter 55 Jahre,f,6865
05122,2014,50 bis unter 55 Jahre,m,6865
05914,2014,20 bis unter 25 Jahre,f,5280
05914,2014,20 bis unter 25 Jahre,m,5538
05914,2014,75 bis unter 80 Jahre,f,5758
05914,2014,75 bis unter 80 Jahre,m,4391
05914,2014,40 bis unter 45 Jahre,f,5830
05914,2014,40 bis unter 45 Jahre,m,5675
05914,2014,60 bis unter 65 Jahre,f,6066
05914,2014,60 bis unter 65 Jahre,m,5700
05914,2014,35 bis unter 40 Jahre,f,5118
05914,2014,35 bis unter 40 Jahre,m,5119
05914,2014,55 bis unter 60 Jahre,f,6798
05914,2014,55 bis unter 60 Jahre,m,6744
05914,2014,15 bis unter 20 Jahre,m,4941
05914,2014,15 bis unter 20 Jahre,f,4915
05914,2014,unter 5 Jahre,f,3685
05914,2014,unter 5 Jahre,m,3998
05914,2014,95 Jahre und mehr,f,227
05914,2014,95 Jahre und mehr,m,37
05914,2014,90 bis unter 95 Jahre,m,353
05914,2014,90 bis unter 95 Jahre,f,1178
05914,2014,65 bis unter 70 Jahre,m,4371
05914,2014,65 bis unter 70 Jahre,f,5043
05914,2014,85 bis unter 90 Jahre,m,1277
05914,2014,85 bis unter 90 Jahre,f,2696
05914,2014,5 bis unter 10 Jahre,f,3811
05914,2014,5 bis unter 10 Jahre,m,3957
05914,2014,10 bis unter 15 Jahre,m,4569
05914,2014,10 bis unter 15 Jahre,f,4307
05914,2014,30 bis unter 35 Jahre,f,5068
05914,2014,30 bis unter 35 Jahre,m,5497
05914,2014,45 bis unter 50 Jahre,m,7760
05914,2014,45 bis unter 50 Jahre,f,7611
05914,2014,25 bis unter 30 Jahre,f,5296
05914,2014,25 bis unter 30 Jahre,m,5657
05914,2014,50 bis unter 55 Jahre,f,7757
05914,2014,50 bis unter 55 Jahre,m,7837
05914,2014,80 bis unter 85 Jahre,m,2367
05914,2014,80 bis unter 85 Jahre,f,3876
05914,2014,70 bis unter 75 Jahre,m,4748
05914,2014,70 bis unter 75 Jahre,f,5860
08118,2014,80 bis unter 85 Jahre,m,6056
08118,2014,80 bis unter 85 Jahre,f,8350
08118,2014,60 bis unter 65 Jahre,m,14107
08118,2014,60 bis unter 65 Jahre,f,15633
08118,2014,75 bis unter 80 Jahre,m,11235
08118,2014,75 bis unter 80 Jahre,f,13608
08118,2014,35 bis unter 40 Jahre,m,16920
08118,2014,35 bis unter 40 Jahre,f,16673
08118,2014,5 bis unter 10 Jahre,f,12061
08118,2014,5 bis unter 10 Jahre,m,12521
08118,2014,95 Jahre und mehr,m,97
08118,2014,95 Jahre und mehr,f,446
08118,2014,20 bis unter 25 Jahre,m,14945
08118,2014,20 bis unter 25 Jahre,f,14290
08118,2014,40 bis unter 45 Jahre,f,17970
08118,2014,40 bis unter 45 Jahre,m,18106
08118,2014,50 bis unter 55 Jahre,f,21186
08118,2014,50 bis unter 55 Jahre,m,21837
08118,2014,25 bis unter 30 Jahre,m,16736
08118,2014,25 bis unter 30 Jahre,f,15875
08118,2014,70 bis unter 75 Jahre,f,14735
08118,2014,70 bis unter 75 Jahre,m,12840
08118,2014,45 bis unter 50 Jahre,f,22016
08118,2014,45 bis unter 50 Jahre,m,23094
08118,2014,15 bis unter 20 Jahre,m,14535
08118,2014,15 bis unter 20 Jahre,f,13616
08118,2014,30 bis unter 35 Jahre,m,17117
08118,2014,30 bis unter 35 Jahre,f,17025
08118,2014,10 bis unter 15 Jahre,m,13459
08118,2014,10 bis unter 15 Jahre,f,12720
08118,2014,90 bis unter 95 Jahre,f,2387
08118,2014,90 bis unter 95 Jahre,m,743
08118,2014,55 bis unter 60 Jahre,f,18011
08118,2014,55 bis unter 60 Jahre,m,17938
08118,2014,85 bis unter 90 Jahre,m,2927
08118,2014,85 bis unter 90 Jahre,f,5464
08118,2014,unter 5 Jahre,f,11971
08118,2014,unter 5 Jahre,m,12655
08118,2014,65 bis unter 70 Jahre,f,12686
08118,2014,65 bis unter 70 Jahre,m,11786
03256,2014,5 bis unter 10 Jahre,f,2575
03256,2014,5 bis unter 10 Jahre,m,2603
03256,2014,45 bis unter 50 Jahre,f,5116
03256,2014,45 bis unter 50 Jahre,m,5328
03256,2014,10 bis unter 15 Jahre,f,2951
03256,2014,10 bis unter 15 Jahre,m,3137
03256,2014,95 Jahre und mehr,f,118
03256,2014,95 Jahre und mehr,m,37
03256,2014,25 bis unter 30 Jahre,f,2877
03256,2014,25 bis unter 30 Jahre,m,3179
03256,2014,65 bis unter 70 Jahre,f,3035
03256,2014,65 bis unter 70 Jahre,m,3040
03256,2014,80 bis unter 85 Jahre,m,1487
03256,2014,80 bis unter 85 Jahre,f,2336
03256,2014,50 bis unter 55 Jahre,f,5337
03256,2014,50 bis unter 55 Jahre,m,5586
03256,2014,35 bis unter 40 Jahre,m,3096
03256,2014,35 bis unter 40 Jahre,f,3044
03256,2014,70 bis unter 75 Jahre,f,3292
03256,2014,70 bis unter 75 Jahre,m,2889
03256,2014,60 bis unter 65 Jahre,f,3910
03256,2014,60 bis unter 65 Jahre,m,4014
03256,2014,15 bis unter 20 Jahre,m,3651
03256,2014,15 bis unter 20 Jahre,f,3412
03256,2014,40 bis unter 45 Jahre,m,3761
03256,2014,40 bis unter 45 Jahre,f,3799
03256,2014,90 bis unter 95 Jahre,m,222
03256,2014,90 bis unter 95 Jahre,f,736
03256,2014,85 bis unter 90 Jahre,m,772
03256,2014,85 bis unter 90 Jahre,f,1615
03256,2014,55 bis unter 60 Jahre,f,4559
03256,2014,55 bis unter 60 Jahre,m,4673
03256,2014,30 bis unter 35 Jahre,m,3110
03256,2014,30 bis unter 35 Jahre,f,2965
03256,2014,unter 5 Jahre,f,2310
03256,2014,unter 5 Jahre,m,2389
03256,2014,20 bis unter 25 Jahre,m,3373
03256,2014,20 bis unter 25 Jahre,f,2999
03256,2014,75 bis unter 80 Jahre,m,2824
03256,2014,75 bis unter 80 Jahre,f,3474
05566,2014,90 bis unter 95 Jahre,m,599
05566,2014,90 bis unter 95 Jahre,f,2094
05566,2014,70 bis unter 75 Jahre,m,9623
05566,2014,70 bis unter 75 Jahre,f,10858
05566,2014,50 bis unter 55 Jahre,m,19401
05566,2014,50 bis unter 55 Jahre,f,19250
05566,2014,15 bis unter 20 Jahre,f,13324
05566,2014,15 bis unter 20 Jahre,m,14359
05566,2014,10 bis unter 15 Jahre,m,12447
05566,2014,10 bis unter 15 Jahre,f,11834
05566,2014,55 bis unter 60 Jahre,f,15668
05566,2014,55 bis unter 60 Jahre,m,15890
05566,2014,85 bis unter 90 Jahre,m,2306
05566,2014,85 bis unter 90 Jahre,f,4958
05566,2014,20 bis unter 25 Jahre,f,11740
05566,2014,20 bis unter 25 Jahre,m,13738
05566,2014,65 bis unter 70 Jahre,f,9986
05566,2014,65 bis unter 70 Jahre,m,9722
05566,2014,45 bis unter 50 Jahre,m,19849
05566,2014,45 bis unter 50 Jahre,f,19718
05566,2014,unter 5 Jahre,f,9435
05566,2014,unter 5 Jahre,m,9969
05566,2014,75 bis unter 80 Jahre,f,11595
05566,2014,75 bis unter 80 Jahre,m,9176
05566,2014,80 bis unter 85 Jahre,m,4940
05566,2014,80 bis unter 85 Jahre,f,7549
05566,2014,5 bis unter 10 Jahre,f,10055
05566,2014,5 bis unter 10 Jahre,m,10710
05566,2014,30 bis unter 35 Jahre,f,11553
05566,2014,30 bis unter 35 Jahre,m,11927
05566,2014,60 bis unter 65 Jahre,m,12996
05566,2014,60 bis unter 65 Jahre,f,13130
05566,2014,95 Jahre und mehr,f,405
05566,2014,95 Jahre und mehr,m,75
05566,2014,35 bis unter 40 Jahre,m,11801
05566,2014,35 bis unter 40 Jahre,f,11884
05566,2014,40 bis unter 45 Jahre,f,14585
05566,2014,40 bis unter 45 Jahre,m,14226
05566,2014,25 bis unter 30 Jahre,m,12444
05566,2014,25 bis unter 30 Jahre,f,11308
05911,2014,80 bis unter 85 Jahre,m,4570
05911,2014,80 bis unter 85 Jahre,f,7334
05911,2014,60 bis unter 65 Jahre,m,11064
05911,2014,60 bis unter 65 Jahre,f,12155
05911,2014,75 bis unter 80 Jahre,m,7763
05911,2014,75 bis unter 80 Jahre,f,11013
05911,2014,5 bis unter 10 Jahre,f,6449
05911,2014,5 bis unter 10 Jahre,m,7067
05911,2014,35 bis unter 40 Jahre,m,10070
05911,2014,35 bis unter 40 Jahre,f,10063
05911,2014,20 bis unter 25 Jahre,m,12343
05911,2014,20 bis unter 25 Jahre,f,12322
05911,2014,40 bis unter 45 Jahre,f,10785
05911,2014,40 bis unter 45 Jahre,m,10875
05911,2014,50 bis unter 55 Jahre,f,14194
05911,2014,50 bis unter 55 Jahre,m,14210
05911,2014,25 bis unter 30 Jahre,m,13616
05911,2014,25 bis unter 30 Jahre,f,13272
05911,2014,45 bis unter 50 Jahre,f,14168
05911,2014,45 bis unter 50 Jahre,m,14307
05911,2014,70 bis unter 75 Jahre,f,10522
05911,2014,70 bis unter 75 Jahre,m,8744
05911,2014,15 bis unter 20 Jahre,m,8584
05911,2014,15 bis unter 20 Jahre,f,8050
05911,2014,30 bis unter 35 Jahre,m,12250
05911,2014,30 bis unter 35 Jahre,f,11756
05911,2014,10 bis unter 15 Jahre,m,7532
05911,2014,10 bis unter 15 Jahre,f,7052
05911,2014,90 bis unter 95 Jahre,f,2184
05911,2014,90 bis unter 95 Jahre,m,582
05911,2014,55 bis unter 60 Jahre,f,13404
05911,2014,55 bis unter 60 Jahre,m,12978
05911,2014,85 bis unter 90 Jahre,m,2385
05911,2014,85 bis unter 90 Jahre,f,5270
05911,2014,95 Jahre und mehr,f,401
05911,2014,95 Jahre und mehr,m,69
05911,2014,unter 5 Jahre,f,6773
05911,2014,unter 5 Jahre,m,7075
05911,2014,65 bis unter 70 Jahre,f,9883
05911,2014,65 bis unter 70 Jahre,m,8742
08337,2014,35 bis unter 40 Jahre,f,4496
08337,2014,35 bis unter 40 Jahre,m,4428
08337,2014,15 bis unter 20 Jahre,f,4691
08337,2014,15 bis unter 20 Jahre,m,5042
08337,2014,unter 5 Jahre,f,3582
08337,2014,unter 5 Jahre,m,3802
08337,2014,75 bis unter 80 Jahre,f,4405
08337,2014,75 bis unter 80 Jahre,m,3704
08337,2014,20 bis unter 25 Jahre,f,4302
08337,2014,20 bis unter 25 Jahre,m,4873
08337,2014,50 bis unter 55 Jahre,m,7100
08337,2014,50 bis unter 55 Jahre,f,6957
08337,2014,90 bis unter 95 Jahre,m,306
08337,2014,90 bis unter 95 Jahre,f,968
08337,2014,60 bis unter 65 Jahre,f,5480
08337,2014,60 bis unter 65 Jahre,m,5103
08337,2014,10 bis unter 15 Jahre,m,4539
08337,2014,10 bis unter 15 Jahre,f,4191
08337,2014,65 bis unter 70 Jahre,m,3953
08337,2014,65 bis unter 70 Jahre,f,3975
08337,2014,30 bis unter 35 Jahre,m,4730
08337,2014,30 bis unter 35 Jahre,f,4800
08337,2014,5 bis unter 10 Jahre,m,4004
08337,2014,5 bis unter 10 Jahre,f,3869
08337,2014,40 bis unter 45 Jahre,f,5226
08337,2014,40 bis unter 45 Jahre,m,5028
08337,2014,95 Jahre und mehr,m,42
08337,2014,95 Jahre und mehr,f,159
08337,2014,85 bis unter 90 Jahre,m,1056
08337,2014,85 bis unter 90 Jahre,f,1977
08337,2014,25 bis unter 30 Jahre,f,4579
08337,2014,25 bis unter 30 Jahre,m,4722
08337,2014,45 bis unter 50 Jahre,f,6794
08337,2014,45 bis unter 50 Jahre,m,6808
08337,2014,80 bis unter 85 Jahre,m,2087
08337,2014,80 bis unter 85 Jahre,f,2887
08337,2014,55 bis unter 60 Jahre,m,6094
08337,2014,55 bis unter 60 Jahre,f,6154
08337,2014,70 bis unter 75 Jahre,f,4429
08337,2014,70 bis unter 75 Jahre,m,3869
07311,2014,15 bis unter 20 Jahre,m,1207
07311,2014,15 bis unter 20 Jahre,f,1231
07311,2014,40 bis unter 45 Jahre,f,1435
07311,2014,40 bis unter 45 Jahre,m,1422
07311,2014,60 bis unter 65 Jahre,f,1603
07311,2014,60 bis unter 65 Jahre,m,1389
07311,2014,35 bis unter 40 Jahre,m,1360
07311,2014,35 bis unter 40 Jahre,f,1338
07311,2014,80 bis unter 85 Jahre,f,938
07311,2014,80 bis unter 85 Jahre,m,649
07311,2014,75 bis unter 80 Jahre,f,1491
07311,2014,75 bis unter 80 Jahre,m,1181
07311,2014,55 bis unter 60 Jahre,m,1675
07311,2014,55 bis unter 60 Jahre,f,1721
07311,2014,20 bis unter 25 Jahre,m,1398
07311,2014,20 bis unter 25 Jahre,f,1324
07311,2014,unter 5 Jahre,f,1018
07311,2014,unter 5 Jahre,m,1108
07311,2014,90 bis unter 95 Jahre,m,103
07311,2014,90 bis unter 95 Jahre,f,302
07311,2014,5 bis unter 10 Jahre,f,968
07311,2014,5 bis unter 10 Jahre,m,1005
07311,2014,95 Jahre und mehr,f,69
07311,2014,95 Jahre und mehr,m,7
07311,2014,65 bis unter 70 Jahre,m,1017
07311,2014,65 bis unter 70 Jahre,f,1263
07311,2014,10 bis unter 15 Jahre,m,1136
07311,2014,10 bis unter 15 Jahre,f,1023
07311,2014,85 bis unter 90 Jahre,f,636
07311,2014,85 bis unter 90 Jahre,m,334
07311,2014,70 bis unter 75 Jahre,f,1527
07311,2014,70 bis unter 75 Jahre,m,1185
07311,2014,50 bis unter 55 Jahre,f,1879
07311,2014,50 bis unter 55 Jahre,m,1911
07311,2014,30 bis unter 35 Jahre,f,1453
07311,2014,30 bis unter 35 Jahre,m,1472
07311,2014,45 bis unter 50 Jahre,m,1936
07311,2014,45 bis unter 50 Jahre,f,1858
07311,2014,25 bis unter 30 Jahre,f,1545
07311,2014,25 bis unter 30 Jahre,m,1607
07111,2014,25 bis unter 30 Jahre,f,4653
07111,2014,25 bis unter 30 Jahre,m,4693
07111,2014,10 bis unter 15 Jahre,f,2086
07111,2014,10 bis unter 15 Jahre,m,2187
07111,2014,85 bis unter 90 Jahre,f,1627
07111,2014,85 bis unter 90 Jahre,m,791
07111,2014,70 bis unter 75 Jahre,f,3127
07111,2014,70 bis unter 75 Jahre,m,2735
07111,2014,5 bis unter 10 Jahre,f,2050
07111,2014,5 bis unter 10 Jahre,m,2198
07111,2014,75 bis unter 80 Jahre,m,2440
07111,2014,75 bis unter 80 Jahre,f,3323
07111,2014,45 bis unter 50 Jahre,f,4045
07111,2014,45 bis unter 50 Jahre,m,4092
07111,2014,30 bis unter 35 Jahre,f,3766
07111,2014,30 bis unter 35 Jahre,m,4207
07111,2014,60 bis unter 65 Jahre,m,3145
07111,2014,60 bis unter 65 Jahre,f,3550
07111,2014,20 bis unter 25 Jahre,m,3973
07111,2014,20 bis unter 25 Jahre,f,4660
07111,2014,40 bis unter 45 Jahre,m,3266
07111,2014,40 bis unter 45 Jahre,f,3129
07111,2014,50 bis unter 55 Jahre,m,4167
07111,2014,50 bis unter 55 Jahre,f,4104
07111,2014,15 bis unter 20 Jahre,m,2473
07111,2014,15 bis unter 20 Jahre,f,2522
07111,2014,unter 5 Jahre,f,2272
07111,2014,unter 5 Jahre,m,2387
07111,2014,55 bis unter 60 Jahre,f,3709
07111,2014,55 bis unter 60 Jahre,m,3543
07111,2014,35 bis unter 40 Jahre,f,3118
07111,2014,35 bis unter 40 Jahre,m,3347
07111,2014,80 bis unter 85 Jahre,f,2057
07111,2014,80 bis unter 85 Jahre,m,1305
07111,2014,65 bis unter 70 Jahre,m,2498
07111,2014,65 bis unter 70 Jahre,f,2877
07111,2014,95 Jahre und mehr,m,49
07111,2014,95 Jahre und mehr,f,183
07111,2014,90 bis unter 95 Jahre,f,849
07111,2014,90 bis unter 95 Jahre,m,231
09571,2014,60 bis unter 65 Jahre,f,5601
09571,2014,60 bis unter 65 Jahre,m,5831
09571,2014,15 bis unter 20 Jahre,m,5696
09571,2014,15 bis unter 20 Jahre,f,5178
09571,2014,40 bis unter 45 Jahre,f,5806
09571,2014,40 bis unter 45 Jahre,m,5898
09571,2014,unter 5 Jahre,m,3880
09571,2014,unter 5 Jahre,f,3719
09571,2014,20 bis unter 25 Jahre,f,5020
09571,2014,20 bis unter 25 Jahre,m,5779
09571,2014,95 Jahre und mehr,m,35
09571,2014,95 Jahre und mehr,f,175
09571,2014,35 bis unter 40 Jahre,f,4999
09571,2014,35 bis unter 40 Jahre,m,5011
09571,2014,55 bis unter 60 Jahre,m,6906
09571,2014,55 bis unter 60 Jahre,f,6716
09571,2014,75 bis unter 80 Jahre,f,4728
09571,2014,75 bis unter 80 Jahre,m,3832
09571,2014,90 bis unter 95 Jahre,m,309
09571,2014,90 bis unter 95 Jahre,f,969
09571,2014,85 bis unter 90 Jahre,m,1048
09571,2014,85 bis unter 90 Jahre,f,2062
09571,2014,30 bis unter 35 Jahre,f,5076
09571,2014,30 bis unter 35 Jahre,m,5284
09571,2014,5 bis unter 10 Jahre,f,3865
09571,2014,5 bis unter 10 Jahre,m,4161
09571,2014,70 bis unter 75 Jahre,f,4226
09571,2014,70 bis unter 75 Jahre,m,3816
09571,2014,50 bis unter 55 Jahre,f,7744
09571,2014,50 bis unter 55 Jahre,m,8118
09571,2014,10 bis unter 15 Jahre,m,4742
09571,2014,10 bis unter 15 Jahre,f,4383
09571,2014,45 bis unter 50 Jahre,m,7582
09571,2014,45 bis unter 50 Jahre,f,7542
09571,2014,65 bis unter 70 Jahre,f,4023
09571,2014,65 bis unter 70 Jahre,m,4157
09571,2014,25 bis unter 30 Jahre,m,5314
09571,2014,25 bis unter 30 Jahre,f,4902
09571,2014,80 bis unter 85 Jahre,m,2076
09571,2014,80 bis unter 85 Jahre,f,3210
08417,2014,65 bis unter 70 Jahre,m,4511
08417,2014,65 bis unter 70 Jahre,f,4617
08417,2014,10 bis unter 15 Jahre,m,4762
08417,2014,10 bis unter 15 Jahre,f,4460
08417,2014,25 bis unter 30 Jahre,m,5682
08417,2014,25 bis unter 30 Jahre,f,4904
08417,2014,70 bis unter 75 Jahre,f,5076
08417,2014,70 bis unter 75 Jahre,m,4393
08417,2014,30 bis unter 35 Jahre,m,5229
08417,2014,30 bis unter 35 Jahre,f,4959
08417,2014,45 bis unter 50 Jahre,m,7788
08417,2014,45 bis unter 50 Jahre,f,7603
08417,2014,50 bis unter 55 Jahre,m,8351
08417,2014,50 bis unter 55 Jahre,f,8137
08417,2014,90 bis unter 95 Jahre,f,1071
08417,2014,90 bis unter 95 Jahre,m,340
08417,2014,85 bis unter 90 Jahre,m,1177
08417,2014,85 bis unter 90 Jahre,f,2461
08417,2014,95 Jahre und mehr,m,38
08417,2014,95 Jahre und mehr,f,204
08417,2014,unter 5 Jahre,f,3638
08417,2014,unter 5 Jahre,m,3817
08417,2014,20 bis unter 25 Jahre,f,5169
08417,2014,20 bis unter 25 Jahre,m,5847
08417,2014,80 bis unter 85 Jahre,m,2476
08417,2014,80 bis unter 85 Jahre,f,3609
08417,2014,75 bis unter 80 Jahre,f,5482
08417,2014,75 bis unter 80 Jahre,m,4301
08417,2014,55 bis unter 60 Jahre,m,7058
08417,2014,55 bis unter 60 Jahre,f,6986
08417,2014,40 bis unter 45 Jahre,f,5915
08417,2014,40 bis unter 45 Jahre,m,5890
08417,2014,60 bis unter 65 Jahre,m,5793
08417,2014,60 bis unter 65 Jahre,f,6119
08417,2014,5 bis unter 10 Jahre,f,3999
08417,2014,5 bis unter 10 Jahre,m,4125
08417,2014,35 bis unter 40 Jahre,m,4953
08417,2014,35 bis unter 40 Jahre,f,4915
08417,2014,15 bis unter 20 Jahre,f,5008
08417,2014,15 bis unter 20 Jahre,m,5497
08426,2014,15 bis unter 20 Jahre,f,5745
08426,2014,15 bis unter 20 Jahre,m,6034
08426,2014,35 bis unter 40 Jahre,f,5518
08426,2014,35 bis unter 40 Jahre,m,5603
08426,2014,unter 5 Jahre,f,4475
08426,2014,unter 5 Jahre,m,4613
08426,2014,20 bis unter 25 Jahre,f,5294
08426,2014,20 bis unter 25 Jahre,m,5987
08426,2014,50 bis unter 55 Jahre,m,8123
08426,2014,50 bis unter 55 Jahre,f,7808
08426,2014,65 bis unter 70 Jahre,m,4172
08426,2014,65 bis unter 70 Jahre,f,4100
08426,2014,90 bis unter 95 Jahre,m,272
08426,2014,90 bis unter 95 Jahre,f,912
08426,2014,60 bis unter 65 Jahre,f,5608
08426,2014,60 bis unter 65 Jahre,m,5763
08426,2014,75 bis unter 80 Jahre,f,4597
08426,2014,75 bis unter 80 Jahre,m,3785
08426,2014,10 bis unter 15 Jahre,m,5226
08426,2014,10 bis unter 15 Jahre,f,5091
08426,2014,5 bis unter 10 Jahre,m,4808
08426,2014,5 bis unter 10 Jahre,f,4567
08426,2014,85 bis unter 90 Jahre,f,1975
08426,2014,85 bis unter 90 Jahre,m,1021
08426,2014,30 bis unter 35 Jahre,m,5788
08426,2014,30 bis unter 35 Jahre,f,5663
08426,2014,40 bis unter 45 Jahre,f,6376
08426,2014,40 bis unter 45 Jahre,m,6506
08426,2014,95 Jahre und mehr,m,41
08426,2014,95 Jahre und mehr,f,169
08426,2014,25 bis unter 30 Jahre,f,5468
08426,2014,25 bis unter 30 Jahre,m,6029
08426,2014,45 bis unter 50 Jahre,f,7900
08426,2014,45 bis unter 50 Jahre,m,8323
08426,2014,80 bis unter 85 Jahre,m,2010
08426,2014,80 bis unter 85 Jahre,f,2909
08426,2014,55 bis unter 60 Jahre,m,6904
08426,2014,55 bis unter 60 Jahre,f,6836
08426,2014,70 bis unter 75 Jahre,f,4378
08426,2014,70 bis unter 75 Jahre,m,4041
01001,2014,60 bis unter 65 Jahre,m,2354
01001,2014,60 bis unter 65 Jahre,f,2527
01001,2014,40 bis unter 45 Jahre,m,2467
01001,2014,40 bis unter 45 Jahre,f,2389
01001,2014,80 bis unter 85 Jahre,m,859
01001,2014,80 bis unter 85 Jahre,f,1306
01001,2014,75 bis unter 80 Jahre,m,1938
01001,2014,75 bis unter 80 Jahre,f,2376
01001,2014,20 bis unter 25 Jahre,m,3830
01001,2014,20 bis unter 25 Jahre,f,4084
01001,2014,5 bis unter 10 Jahre,f,1594
01001,2014,5 bis unter 10 Jahre,m,1700
01001,2014,35 bis unter 40 Jahre,m,2456
01001,2014,35 bis unter 40 Jahre,f,2160
01001,2014,70 bis unter 75 Jahre,f,2433
01001,2014,70 bis unter 75 Jahre,m,2099
01001,2014,25 bis unter 30 Jahre,m,3803
01001,2014,25 bis unter 30 Jahre,f,3197
01001,2014,45 bis unter 50 Jahre,f,3181
01001,2014,45 bis unter 50 Jahre,m,3356
01001,2014,50 bis unter 55 Jahre,f,3068
01001,2014,50 bis unter 55 Jahre,m,3133
01001,2014,15 bis unter 20 Jahre,m,2150
01001,2014,15 bis unter 20 Jahre,f,2141
01001,2014,95 Jahre und mehr,f,97
01001,2014,95 Jahre und mehr,m,16
01001,2014,30 bis unter 35 Jahre,m,2865
01001,2014,30 bis unter 35 Jahre,f,2442
01001,2014,90 bis unter 95 Jahre,f,518
01001,2014,90 bis unter 95 Jahre,m,134
01001,2014,85 bis unter 90 Jahre,m,416
01001,2014,85 bis unter 90 Jahre,f,979
01001,2014,55 bis unter 60 Jahre,f,2696
01001,2014,55 bis unter 60 Jahre,m,2634
01001,2014,65 bis unter 70 Jahre,f,2241
01001,2014,65 bis unter 70 Jahre,m,2040
01001,2014,10 bis unter 15 Jahre,f,1608
01001,2014,10 bis unter 15 Jahre,m,1768
01001,2014,unter 5 Jahre,f,1831
01001,2014,unter 5 Jahre,m,1808
08311,2014,15 bis unter 20 Jahre,f,5413
08311,2014,15 bis unter 20 Jahre,m,5416
08311,2014,35 bis unter 40 Jahre,f,7054
08311,2014,35 bis unter 40 Jahre,m,7139
08311,2014,55 bis unter 60 Jahre,f,6678
08311,2014,55 bis unter 60 Jahre,m,6296
08311,2014,90 bis unter 95 Jahre,m,404
08311,2014,90 bis unter 95 Jahre,f,1280
08311,2014,20 bis unter 25 Jahre,f,12768
08311,2014,20 bis unter 25 Jahre,m,9221
08311,2014,50 bis unter 55 Jahre,m,7510
08311,2014,50 bis unter 55 Jahre,f,7753
08311,2014,10 bis unter 15 Jahre,m,4587
08311,2014,10 bis unter 15 Jahre,f,4381
08311,2014,40 bis unter 45 Jahre,m,6692
08311,2014,40 bis unter 45 Jahre,f,6796
08311,2014,85 bis unter 90 Jahre,m,1172
08311,2014,85 bis unter 90 Jahre,f,2351
08311,2014,60 bis unter 65 Jahre,f,5806
08311,2014,60 bis unter 65 Jahre,m,5226
08311,2014,5 bis unter 10 Jahre,m,4598
08311,2014,5 bis unter 10 Jahre,f,4719
08311,2014,30 bis unter 35 Jahre,m,9368
08311,2014,30 bis unter 35 Jahre,f,9210
08311,2014,25 bis unter 30 Jahre,f,12026
08311,2014,25 bis unter 30 Jahre,m,10963
08311,2014,95 Jahre und mehr,m,56
08311,2014,95 Jahre und mehr,f,276
08311,2014,70 bis unter 75 Jahre,f,5123
08311,2014,70 bis unter 75 Jahre,m,4039
08311,2014,75 bis unter 80 Jahre,m,3319
08311,2014,75 bis unter 80 Jahre,f,4629
08311,2014,45 bis unter 50 Jahre,f,7911
08311,2014,45 bis unter 50 Jahre,m,7934
08311,2014,unter 5 Jahre,m,5589
08311,2014,unter 5 Jahre,f,5255
08311,2014,65 bis unter 70 Jahre,m,3847
08311,2014,65 bis unter 70 Jahre,f,4417
08311,2014,80 bis unter 85 Jahre,f,3092
08311,2014,80 bis unter 85 Jahre,m,1889
03152,2014,95 Jahre und mehr,m,64
03152,2014,95 Jahre und mehr,f,338
03152,2014,70 bis unter 75 Jahre,m,6094
03152,2014,70 bis unter 75 Jahre,f,6726
03152,2014,90 bis unter 95 Jahre,m,463
03152,2014,90 bis unter 95 Jahre,f,1499
03152,2014,85 bis unter 90 Jahre,m,1573
03152,2014,85 bis unter 90 Jahre,f,3013
03152,2014,unter 5 Jahre,f,4792
03152,2014,unter 5 Jahre,m,5146
03152,2014,30 bis unter 35 Jahre,m,8031
03152,2014,30 bis unter 35 Jahre,f,7861
03152,2014,45 bis unter 50 Jahre,m,9593
03152,2014,45 bis unter 50 Jahre,f,9807
03152,2014,15 bis unter 20 Jahre,f,6537
03152,2014,15 bis unter 20 Jahre,m,6942
03152,2014,40 bis unter 45 Jahre,f,7403
03152,2014,40 bis unter 45 Jahre,m,7282
03152,2014,75 bis unter 80 Jahre,f,6575
03152,2014,75 bis unter 80 Jahre,m,5413
03152,2014,65 bis unter 70 Jahre,f,6179
03152,2014,65 bis unter 70 Jahre,m,6010
03152,2014,10 bis unter 15 Jahre,f,5408
03152,2014,10 bis unter 15 Jahre,m,5551
03152,2014,20 bis unter 25 Jahre,f,9611
03152,2014,20 bis unter 25 Jahre,m,9548
03152,2014,80 bis unter 85 Jahre,m,2815
03152,2014,80 bis unter 85 Jahre,f,4191
03152,2014,5 bis unter 10 Jahre,f,4822
03152,2014,5 bis unter 10 Jahre,m,5244
03152,2014,60 bis unter 65 Jahre,m,7391
03152,2014,60 bis unter 65 Jahre,f,7660
03152,2014,55 bis unter 60 Jahre,m,8717
03152,2014,55 bis unter 60 Jahre,f,8855
03152,2014,50 bis unter 55 Jahre,f,10224
03152,2014,50 bis unter 55 Jahre,m,9944
03152,2014,35 bis unter 40 Jahre,m,6630
03152,2014,35 bis unter 40 Jahre,f,6795
03152,2014,25 bis unter 30 Jahre,f,9502
03152,2014,25 bis unter 30 Jahre,m,9971
09362,2014,60 bis unter 65 Jahre,m,3341
09362,2014,60 bis unter 65 Jahre,f,3793
09362,2014,40 bis unter 45 Jahre,m,4616
09362,2014,40 bis unter 45 Jahre,f,4553
09362,2014,80 bis unter 85 Jahre,m,1288
09362,2014,80 bis unter 85 Jahre,f,2254
09362,2014,95 Jahre und mehr,m,41
09362,2014,95 Jahre und mehr,f,142
09362,2014,75 bis unter 80 Jahre,m,2344
09362,2014,75 bis unter 80 Jahre,f,3397
09362,2014,55 bis unter 60 Jahre,m,4103
09362,2014,55 bis unter 60 Jahre,f,4260
09362,2014,15 bis unter 20 Jahre,m,2955
09362,2014,15 bis unter 20 Jahre,f,3027
09362,2014,unter 5 Jahre,m,3159
09362,2014,unter 5 Jahre,f,3052
09362,2014,20 bis unter 25 Jahre,f,6677
09362,2014,20 bis unter 25 Jahre,m,5557
09362,2014,30 bis unter 35 Jahre,f,5974
09362,2014,30 bis unter 35 Jahre,m,6433
09362,2014,50 bis unter 55 Jahre,f,5050
09362,2014,50 bis unter 55 Jahre,m,4800
09362,2014,5 bis unter 10 Jahre,m,2754
09362,2014,5 bis unter 10 Jahre,f,2692
09362,2014,25 bis unter 30 Jahre,f,7548
09362,2014,25 bis unter 30 Jahre,m,7315
09362,2014,85 bis unter 90 Jahre,m,802
09362,2014,85 bis unter 90 Jahre,f,1632
09362,2014,10 bis unter 15 Jahre,m,2613
09362,2014,10 bis unter 15 Jahre,f,2542
09362,2014,70 bis unter 75 Jahre,f,3582
09362,2014,70 bis unter 75 Jahre,m,2873
09362,2014,35 bis unter 40 Jahre,f,4732
09362,2014,35 bis unter 40 Jahre,m,4814
09362,2014,90 bis unter 95 Jahre,m,252
09362,2014,90 bis unter 95 Jahre,f,902
09362,2014,65 bis unter 70 Jahre,m,2690
09362,2014,65 bis unter 70 Jahre,f,3265
09362,2014,45 bis unter 50 Jahre,f,5132
09362,2014,45 bis unter 50 Jahre,m,5336
05120,2014,55 bis unter 60 Jahre,f,4022
05120,2014,55 bis unter 60 Jahre,m,3974
05120,2014,35 bis unter 40 Jahre,f,3023
05120,2014,35 bis unter 40 Jahre,m,2960
05120,2014,75 bis unter 80 Jahre,f,3215
05120,2014,75 bis unter 80 Jahre,m,2535
05120,2014,70 bis unter 75 Jahre,m,2974
05120,2014,70 bis unter 75 Jahre,f,3507
05120,2014,40 bis unter 45 Jahre,f,3454
05120,2014,40 bis unter 45 Jahre,m,3488
05120,2014,15 bis unter 20 Jahre,f,2890
05120,2014,15 bis unter 20 Jahre,m,2895
05120,2014,unter 5 Jahre,f,2195
05120,2014,unter 5 Jahre,m,2297
05120,2014,65 bis unter 70 Jahre,m,2748
05120,2014,65 bis unter 70 Jahre,f,2970
05120,2014,20 bis unter 25 Jahre,m,3073
05120,2014,20 bis unter 25 Jahre,f,2960
05120,2014,85 bis unter 90 Jahre,m,682
05120,2014,85 bis unter 90 Jahre,f,1439
05120,2014,90 bis unter 95 Jahre,m,146
05120,2014,90 bis unter 95 Jahre,f,615
05120,2014,10 bis unter 15 Jahre,m,2637
05120,2014,10 bis unter 15 Jahre,f,2511
05120,2014,45 bis unter 50 Jahre,f,4616
05120,2014,45 bis unter 50 Jahre,m,4866
05120,2014,25 bis unter 30 Jahre,f,2846
05120,2014,25 bis unter 30 Jahre,m,3050
05120,2014,30 bis unter 35 Jahre,f,2850
05120,2014,30 bis unter 35 Jahre,m,3018
05120,2014,5 bis unter 10 Jahre,f,2338
05120,2014,5 bis unter 10 Jahre,m,2343
05120,2014,80 bis unter 85 Jahre,m,1332
05120,2014,80 bis unter 85 Jahre,f,2152
05120,2014,50 bis unter 55 Jahre,f,4588
05120,2014,50 bis unter 55 Jahre,m,4931
05120,2014,60 bis unter 65 Jahre,m,3295
05120,2014,60 bis unter 65 Jahre,f,3415
05120,2014,95 Jahre und mehr,m,22
05120,2014,95 Jahre und mehr,f,137
07131,2014,75 bis unter 80 Jahre,f,3947
07131,2014,75 bis unter 80 Jahre,m,3253
07131,2014,20 bis unter 25 Jahre,f,3214
07131,2014,20 bis unter 25 Jahre,m,3517
07131,2014,55 bis unter 60 Jahre,f,4936
07131,2014,55 bis unter 60 Jahre,m,4960
07131,2014,unter 5 Jahre,f,2386
07131,2014,unter 5 Jahre,m,2433
07131,2014,35 bis unter 40 Jahre,m,3058
07131,2014,35 bis unter 40 Jahre,f,3190
07131,2014,80 bis unter 85 Jahre,f,2536
07131,2014,80 bis unter 85 Jahre,m,1786
07131,2014,15 bis unter 20 Jahre,f,3378
07131,2014,15 bis unter 20 Jahre,m,3621
07131,2014,70 bis unter 75 Jahre,m,3462
07131,2014,70 bis unter 75 Jahre,f,4017
07131,2014,40 bis unter 45 Jahre,f,3871
07131,2014,40 bis unter 45 Jahre,m,3553
07131,2014,95 Jahre und mehr,m,56
07131,2014,95 Jahre und mehr,f,159
07131,2014,85 bis unter 90 Jahre,m,940
07131,2014,85 bis unter 90 Jahre,f,1808
07131,2014,10 bis unter 15 Jahre,m,2940
07131,2014,10 bis unter 15 Jahre,f,2789
07131,2014,90 bis unter 95 Jahre,m,306
07131,2014,90 bis unter 95 Jahre,f,897
07131,2014,65 bis unter 70 Jahre,m,3297
07131,2014,65 bis unter 70 Jahre,f,3598
07131,2014,45 bis unter 50 Jahre,f,5583
07131,2014,45 bis unter 50 Jahre,m,5424
07131,2014,50 bis unter 55 Jahre,f,5712
07131,2014,50 bis unter 55 Jahre,m,5877
07131,2014,5 bis unter 10 Jahre,m,2528
07131,2014,5 bis unter 10 Jahre,f,2371
07131,2014,30 bis unter 35 Jahre,f,3162
07131,2014,30 bis unter 35 Jahre,m,3129
07131,2014,25 bis unter 30 Jahre,f,2978
07131,2014,25 bis unter 30 Jahre,m,3361
07131,2014,60 bis unter 65 Jahre,m,4312
07131,2014,60 bis unter 65 Jahre,f,4298
09676,2014,60 bis unter 65 Jahre,m,4168
09676,2014,60 bis unter 65 Jahre,f,4151
09676,2014,80 bis unter 85 Jahre,m,1539
09676,2014,80 bis unter 85 Jahre,f,2161
09676,2014,75 bis unter 80 Jahre,m,2935
09676,2014,75 bis unter 80 Jahre,f,3499
09676,2014,unter 5 Jahre,m,2664
09676,2014,unter 5 Jahre,f,2638
09676,2014,25 bis unter 30 Jahre,f,3304
09676,2014,25 bis unter 30 Jahre,m,3576
09676,2014,55 bis unter 60 Jahre,m,4846
09676,2014,55 bis unter 60 Jahre,f,4739
09676,2014,15 bis unter 20 Jahre,m,3990
09676,2014,15 bis unter 20 Jahre,f,3580
09676,2014,10 bis unter 15 Jahre,f,3112
09676,2014,10 bis unter 15 Jahre,m,3304
09676,2014,40 bis unter 45 Jahre,m,4192
09676,2014,40 bis unter 45 Jahre,f,4367
09676,2014,30 bis unter 35 Jahre,f,3559
09676,2014,30 bis unter 35 Jahre,m,3616
09676,2014,20 bis unter 25 Jahre,f,3343
09676,2014,20 bis unter 25 Jahre,m,3891
09676,2014,95 Jahre und mehr,f,105
09676,2014,95 Jahre und mehr,m,24
09676,2014,85 bis unter 90 Jahre,f,1422
09676,2014,85 bis unter 90 Jahre,m,760
09676,2014,5 bis unter 10 Jahre,m,2834
09676,2014,5 bis unter 10 Jahre,f,2595
09676,2014,50 bis unter 55 Jahre,f,5627
09676,2014,50 bis unter 55 Jahre,m,5789
09676,2014,70 bis unter 75 Jahre,m,3085
09676,2014,70 bis unter 75 Jahre,f,3214
09676,2014,90 bis unter 95 Jahre,m,214
09676,2014,90 bis unter 95 Jahre,f,570
09676,2014,35 bis unter 40 Jahre,f,3622
09676,2014,35 bis unter 40 Jahre,m,3508
09676,2014,65 bis unter 70 Jahre,m,3010
09676,2014,65 bis unter 70 Jahre,f,3127
09676,2014,45 bis unter 50 Jahre,f,5535
09676,2014,45 bis unter 50 Jahre,m,5726
06636,2014,25 bis unter 30 Jahre,m,2571
06636,2014,25 bis unter 30 Jahre,f,2329
06636,2014,95 Jahre und mehr,m,33
06636,2014,95 Jahre und mehr,f,137
06636,2014,90 bis unter 95 Jahre,f,729
06636,2014,90 bis unter 95 Jahre,m,215
06636,2014,45 bis unter 50 Jahre,m,4073
06636,2014,45 bis unter 50 Jahre,f,4136
06636,2014,65 bis unter 70 Jahre,m,2933
06636,2014,65 bis unter 70 Jahre,f,2994
06636,2014,85 bis unter 90 Jahre,m,760
06636,2014,85 bis unter 90 Jahre,f,1584
06636,2014,10 bis unter 15 Jahre,f,2152
06636,2014,10 bis unter 15 Jahre,m,2258
06636,2014,5 bis unter 10 Jahre,m,1871
06636,2014,5 bis unter 10 Jahre,f,1871
06636,2014,50 bis unter 55 Jahre,f,4430
06636,2014,50 bis unter 55 Jahre,m,4513
06636,2014,30 bis unter 35 Jahre,m,2485
06636,2014,30 bis unter 35 Jahre,f,2358
06636,2014,15 bis unter 20 Jahre,f,2447
06636,2014,15 bis unter 20 Jahre,m,2649
06636,2014,20 bis unter 25 Jahre,f,2412
06636,2014,20 bis unter 25 Jahre,m,2774
06636,2014,75 bis unter 80 Jahre,m,2789
06636,2014,75 bis unter 80 Jahre,f,3325
06636,2014,80 bis unter 85 Jahre,f,2210
06636,2014,80 bis unter 85 Jahre,m,1429
06636,2014,35 bis unter 40 Jahre,m,2355
06636,2014,35 bis unter 40 Jahre,f,2405
06636,2014,unter 5 Jahre,m,1778
06636,2014,unter 5 Jahre,f,1754
06636,2014,40 bis unter 45 Jahre,f,3073
06636,2014,40 bis unter 45 Jahre,m,3023
06636,2014,60 bis unter 65 Jahre,f,3688
06636,2014,60 bis unter 65 Jahre,m,3568
06636,2014,55 bis unter 60 Jahre,m,4041
06636,2014,55 bis unter 60 Jahre,f,3978
06636,2014,70 bis unter 75 Jahre,m,2887
06636,2014,70 bis unter 75 Jahre,f,3189
09273,2014,80 bis unter 85 Jahre,m,1212
09273,2014,80 bis unter 85 Jahre,f,1856
09273,2014,40 bis unter 45 Jahre,m,4156
09273,2014,40 bis unter 45 Jahre,f,3869
09273,2014,5 bis unter 10 Jahre,f,2638
09273,2014,5 bis unter 10 Jahre,m,2832
09273,2014,60 bis unter 65 Jahre,m,3457
09273,2014,60 bis unter 65 Jahre,f,3540
09273,2014,unter 5 Jahre,m,2665
09273,2014,unter 5 Jahre,f,2589
09273,2014,75 bis unter 80 Jahre,m,2213
09273,2014,75 bis unter 80 Jahre,f,2713
09273,2014,95 Jahre und mehr,m,20
09273,2014,95 Jahre und mehr,f,73
09273,2014,85 bis unter 90 Jahre,f,1166
09273,2014,85 bis unter 90 Jahre,m,590
09273,2014,50 bis unter 55 Jahre,f,4823
09273,2014,50 bis unter 55 Jahre,m,5197
09273,2014,15 bis unter 20 Jahre,m,3524
09273,2014,15 bis unter 20 Jahre,f,3216
09273,2014,30 bis unter 35 Jahre,f,3480
09273,2014,30 bis unter 35 Jahre,m,3665
09273,2014,25 bis unter 30 Jahre,f,3251
09273,2014,25 bis unter 30 Jahre,m,3697
09273,2014,20 bis unter 25 Jahre,m,3902
09273,2014,20 bis unter 25 Jahre,f,3353
09273,2014,70 bis unter 75 Jahre,m,2536
09273,2014,70 bis unter 75 Jahre,f,2631
09273,2014,90 bis unter 95 Jahre,m,148
09273,2014,90 bis unter 95 Jahre,f,543
09273,2014,10 bis unter 15 Jahre,m,3038
09273,2014,10 bis unter 15 Jahre,f,2989
09273,2014,65 bis unter 70 Jahre,m,2657
09273,2014,65 bis unter 70 Jahre,f,2664
09273,2014,35 bis unter 40 Jahre,f,3535
09273,2014,35 bis unter 40 Jahre,m,3605
09273,2014,45 bis unter 50 Jahre,f,4834
09273,2014,45 bis unter 50 Jahre,m,5168
09273,2014,55 bis unter 60 Jahre,m,4350
09273,2014,55 bis unter 60 Jahre,f,4100
08222,2014,35 bis unter 40 Jahre,f,9473
08222,2014,35 bis unter 40 Jahre,m,9961
08222,2014,unter 5 Jahre,f,6402
08222,2014,unter 5 Jahre,m,6779
08222,2014,20 bis unter 25 Jahre,f,11258
08222,2014,20 bis unter 25 Jahre,m,11582
08222,2014,15 bis unter 20 Jahre,f,7178
08222,2014,15 bis unter 20 Jahre,m,7439
08222,2014,75 bis unter 80 Jahre,f,7327
08222,2014,75 bis unter 80 Jahre,m,5614
08222,2014,40 bis unter 45 Jahre,f,9548
08222,2014,40 bis unter 45 Jahre,m,10065
08222,2014,55 bis unter 60 Jahre,f,9353
08222,2014,55 bis unter 60 Jahre,m,9422
08222,2014,80 bis unter 85 Jahre,f,4810
08222,2014,80 bis unter 85 Jahre,m,3247
08222,2014,30 bis unter 35 Jahre,m,12258
08222,2014,30 bis unter 35 Jahre,f,11107
08222,2014,50 bis unter 55 Jahre,m,11670
08222,2014,50 bis unter 55 Jahre,f,10856
08222,2014,85 bis unter 90 Jahre,m,1649
08222,2014,85 bis unter 90 Jahre,f,3336
08222,2014,60 bis unter 65 Jahre,f,8501
08222,2014,60 bis unter 65 Jahre,m,7589
08222,2014,95 Jahre und mehr,f,335
08222,2014,95 Jahre und mehr,m,80
08222,2014,5 bis unter 10 Jahre,m,6174
08222,2014,5 bis unter 10 Jahre,f,5913
08222,2014,25 bis unter 30 Jahre,f,12182
08222,2014,25 bis unter 30 Jahre,m,12974
08222,2014,10 bis unter 15 Jahre,f,5870
08222,2014,10 bis unter 15 Jahre,m,6330
08222,2014,70 bis unter 75 Jahre,f,7577
08222,2014,70 bis unter 75 Jahre,m,6531
08222,2014,45 bis unter 50 Jahre,f,11147
08222,2014,45 bis unter 50 Jahre,m,12140
08222,2014,90 bis unter 95 Jahre,f,1695
08222,2014,90 bis unter 95 Jahre,m,492
08222,2014,65 bis unter 70 Jahre,m,6552
08222,2014,65 bis unter 70 Jahre,f,7428
03252,2014,60 bis unter 65 Jahre,f,5149
03252,2014,60 bis unter 65 Jahre,m,4850
03252,2014,15 bis unter 20 Jahre,m,4121
03252,2014,15 bis unter 20 Jahre,f,3810
03252,2014,80 bis unter 85 Jahre,f,3171
03252,2014,80 bis unter 85 Jahre,m,2060
03252,2014,35 bis unter 40 Jahre,m,3574
03252,2014,35 bis unter 40 Jahre,f,3699
03252,2014,40 bis unter 45 Jahre,f,4497
03252,2014,40 bis unter 45 Jahre,m,4324
03252,2014,20 bis unter 25 Jahre,m,3998
03252,2014,20 bis unter 25 Jahre,f,3630
03252,2014,unter 5 Jahre,m,2779
03252,2014,unter 5 Jahre,f,2706
03252,2014,55 bis unter 60 Jahre,f,5719
03252,2014,55 bis unter 60 Jahre,m,5577
03252,2014,95 Jahre und mehr,m,44
03252,2014,95 Jahre und mehr,f,249
03252,2014,75 bis unter 80 Jahre,m,4017
03252,2014,75 bis unter 80 Jahre,f,5098
03252,2014,5 bis unter 10 Jahre,f,2894
03252,2014,5 bis unter 10 Jahre,m,3000
03252,2014,30 bis unter 35 Jahre,m,3572
03252,2014,30 bis unter 35 Jahre,f,3713
03252,2014,25 bis unter 30 Jahre,f,3547
03252,2014,25 bis unter 30 Jahre,m,3556
03252,2014,50 bis unter 55 Jahre,f,6518
03252,2014,50 bis unter 55 Jahre,m,6428
03252,2014,70 bis unter 75 Jahre,f,4967
03252,2014,70 bis unter 75 Jahre,m,4139
03252,2014,90 bis unter 95 Jahre,f,1195
03252,2014,90 bis unter 95 Jahre,m,365
03252,2014,85 bis unter 90 Jahre,f,2367
03252,2014,85 bis unter 90 Jahre,m,1127
03252,2014,45 bis unter 50 Jahre,m,6210
03252,2014,45 bis unter 50 Jahre,f,6285
03252,2014,65 bis unter 70 Jahre,m,3944
03252,2014,65 bis unter 70 Jahre,f,4204
03252,2014,10 bis unter 15 Jahre,m,3403
03252,2014,10 bis unter 15 Jahre,f,3307
08415,2014,85 bis unter 90 Jahre,f,3162
08415,2014,85 bis unter 90 Jahre,m,1810
08415,2014,30 bis unter 35 Jahre,f,8078
08415,2014,30 bis unter 35 Jahre,m,8402
08415,2014,10 bis unter 15 Jahre,f,6663
08415,2014,10 bis unter 15 Jahre,m,7234
08415,2014,5 bis unter 10 Jahre,f,6196
08415,2014,5 bis unter 10 Jahre,m,6431
08415,2014,65 bis unter 70 Jahre,m,6210
08415,2014,65 bis unter 70 Jahre,f,6540
08415,2014,45 bis unter 50 Jahre,f,11498
08415,2014,45 bis unter 50 Jahre,m,11853
08415,2014,25 bis unter 30 Jahre,m,8473
08415,2014,25 bis unter 30 Jahre,f,8230
08415,2014,70 bis unter 75 Jahre,f,7618
08415,2014,70 bis unter 75 Jahre,m,6416
08415,2014,60 bis unter 65 Jahre,m,8118
08415,2014,60 bis unter 65 Jahre,f,8463
08415,2014,90 bis unter 95 Jahre,m,418
08415,2014,90 bis unter 95 Jahre,f,1445
08415,2014,55 bis unter 60 Jahre,m,9864
08415,2014,55 bis unter 60 Jahre,f,10039
08415,2014,unter 5 Jahre,f,5872
08415,2014,unter 5 Jahre,m,6192
08415,2014,80 bis unter 85 Jahre,m,3380
08415,2014,80 bis unter 85 Jahre,f,4889
08415,2014,95 Jahre und mehr,m,56
08415,2014,95 Jahre und mehr,f,285
08415,2014,75 bis unter 80 Jahre,f,7658
08415,2014,75 bis unter 80 Jahre,m,6202
08415,2014,40 bis unter 45 Jahre,f,9252
08415,2014,40 bis unter 45 Jahre,m,9096
08415,2014,20 bis unter 25 Jahre,f,8099
08415,2014,20 bis unter 25 Jahre,m,8787
08415,2014,15 bis unter 20 Jahre,m,8132
08415,2014,15 bis unter 20 Jahre,f,7633
08415,2014,35 bis unter 40 Jahre,m,7739
08415,2014,35 bis unter 40 Jahre,f,8081
08415,2014,50 bis unter 55 Jahre,m,11862
08415,2014,50 bis unter 55 Jahre,f,11655
05162,2014,60 bis unter 65 Jahre,m,13171
05162,2014,60 bis unter 65 Jahre,f,14533
05162,2014,75 bis unter 80 Jahre,m,10395
05162,2014,75 bis unter 80 Jahre,f,12952
05162,2014,80 bis unter 85 Jahre,m,5644
05162,2014,80 bis unter 85 Jahre,f,7833
05162,2014,20 bis unter 25 Jahre,m,11221
05162,2014,20 bis unter 25 Jahre,f,10450
05162,2014,5 bis unter 10 Jahre,f,9822
05162,2014,5 bis unter 10 Jahre,m,10287
05162,2014,35 bis unter 40 Jahre,m,12386
05162,2014,35 bis unter 40 Jahre,f,13454
05162,2014,40 bis unter 45 Jahre,f,14972
05162,2014,40 bis unter 45 Jahre,m,14340
05162,2014,45 bis unter 50 Jahre,f,20112
05162,2014,45 bis unter 50 Jahre,m,19680
05162,2014,50 bis unter 55 Jahre,f,19402
05162,2014,50 bis unter 55 Jahre,m,19127
05162,2014,25 bis unter 30 Jahre,m,11366
05162,2014,25 bis unter 30 Jahre,f,11265
05162,2014,15 bis unter 20 Jahre,f,11367
05162,2014,15 bis unter 20 Jahre,m,11927
05162,2014,85 bis unter 90 Jahre,m,2677
05162,2014,85 bis unter 90 Jahre,f,4913
05162,2014,70 bis unter 75 Jahre,m,11294
05162,2014,70 bis unter 75 Jahre,f,13196
05162,2014,65 bis unter 70 Jahre,m,10712
05162,2014,65 bis unter 70 Jahre,f,12152
05162,2014,30 bis unter 35 Jahre,m,11993
05162,2014,30 bis unter 35 Jahre,f,12734
05162,2014,90 bis unter 95 Jahre,f,2039
05162,2014,90 bis unter 95 Jahre,m,622
05162,2014,10 bis unter 15 Jahre,m,11258
05162,2014,10 bis unter 15 Jahre,f,10402
05162,2014,55 bis unter 60 Jahre,f,16653
05162,2014,55 bis unter 60 Jahre,m,16256
05162,2014,95 Jahre und mehr,f,399
05162,2014,95 Jahre und mehr,m,103
05162,2014,unter 5 Jahre,f,9473
05162,2014,unter 5 Jahre,m,9940
05958,2014,45 bis unter 50 Jahre,f,11093
05958,2014,45 bis unter 50 Jahre,m,11579
05958,2014,10 bis unter 15 Jahre,f,6534
05958,2014,10 bis unter 15 Jahre,m,7014
05958,2014,5 bis unter 10 Jahre,f,5481
05958,2014,5 bis unter 10 Jahre,m,5847
05958,2014,30 bis unter 35 Jahre,f,6791
05958,2014,30 bis unter 35 Jahre,m,6999
05958,2014,25 bis unter 30 Jahre,f,6627
05958,2014,25 bis unter 30 Jahre,m,7510
05958,2014,80 bis unter 85 Jahre,m,3299
05958,2014,80 bis unter 85 Jahre,f,5083
05958,2014,50 bis unter 55 Jahre,f,11233
05958,2014,50 bis unter 55 Jahre,m,11705
05958,2014,65 bis unter 70 Jahre,f,6318
05958,2014,65 bis unter 70 Jahre,m,6310
05958,2014,90 bis unter 95 Jahre,f,1602
05958,2014,90 bis unter 95 Jahre,m,479
05958,2014,95 Jahre und mehr,f,294
05958,2014,95 Jahre und mehr,m,58
05958,2014,40 bis unter 45 Jahre,m,8471
05958,2014,40 bis unter 45 Jahre,f,8293
05958,2014,35 bis unter 40 Jahre,m,6706
05958,2014,35 bis unter 40 Jahre,f,6947
05958,2014,60 bis unter 65 Jahre,m,8195
05958,2014,60 bis unter 65 Jahre,f,8430
05958,2014,70 bis unter 75 Jahre,f,7349
05958,2014,70 bis unter 75 Jahre,m,6374
05958,2014,15 bis unter 20 Jahre,m,8081
05958,2014,15 bis unter 20 Jahre,f,7175
05958,2014,55 bis unter 60 Jahre,f,9948
05958,2014,55 bis unter 60 Jahre,m,10025
05958,2014,unter 5 Jahre,f,4899
05958,2014,unter 5 Jahre,m,5220
05958,2014,75 bis unter 80 Jahre,f,7831
05958,2014,75 bis unter 80 Jahre,m,6063
05958,2014,85 bis unter 90 Jahre,m,1760
05958,2014,85 bis unter 90 Jahre,f,3476
05958,2014,20 bis unter 25 Jahre,m,8009
05958,2014,20 bis unter 25 Jahre,f,6453
09661,2014,90 bis unter 95 Jahre,f,434
09661,2014,90 bis unter 95 Jahre,m,122
09661,2014,45 bis unter 50 Jahre,m,2767
09661,2014,45 bis unter 50 Jahre,f,2792
09661,2014,5 bis unter 10 Jahre,m,1479
09661,2014,5 bis unter 10 Jahre,f,1401
09661,2014,85 bis unter 90 Jahre,f,862
09661,2014,85 bis unter 90 Jahre,m,405
09661,2014,50 bis unter 55 Jahre,f,2770
09661,2014,50 bis unter 55 Jahre,m,2826
09661,2014,10 bis unter 15 Jahre,m,1522
09661,2014,10 bis unter 15 Jahre,f,1477
09661,2014,30 bis unter 35 Jahre,m,2260
09661,2014,30 bis unter 35 Jahre,f,2449
09661,2014,25 bis unter 30 Jahre,m,2311
09661,2014,25 bis unter 30 Jahre,f,2397
09661,2014,70 bis unter 75 Jahre,f,1876
09661,2014,70 bis unter 75 Jahre,m,1638
09661,2014,95 Jahre und mehr,m,22
09661,2014,95 Jahre und mehr,f,97
09661,2014,65 bis unter 70 Jahre,m,1535
09661,2014,65 bis unter 70 Jahre,f,1790
09661,2014,80 bis unter 85 Jahre,m,714
09661,2014,80 bis unter 85 Jahre,f,1194
09661,2014,unter 5 Jahre,f,1428
09661,2014,unter 5 Jahre,m,1463
09661,2014,60 bis unter 65 Jahre,m,2036
09661,2014,60 bis unter 65 Jahre,f,2285
09661,2014,55 bis unter 60 Jahre,f,2542
09661,2014,55 bis unter 60 Jahre,m,2335
09661,2014,35 bis unter 40 Jahre,m,2168
09661,2014,35 bis unter 40 Jahre,f,2118
09661,2014,75 bis unter 80 Jahre,m,1341
09661,2014,75 bis unter 80 Jahre,f,1827
09661,2014,20 bis unter 25 Jahre,f,1984
09661,2014,20 bis unter 25 Jahre,m,1926
09661,2014,40 bis unter 45 Jahre,m,2207
09661,2014,40 bis unter 45 Jahre,f,2197
09661,2014,15 bis unter 20 Jahre,m,1606
09661,2014,15 bis unter 20 Jahre,f,1564
05916,2014,unter 5 Jahre,m,3179
05916,2014,unter 5 Jahre,f,3034
05916,2014,55 bis unter 60 Jahre,m,5488
05916,2014,55 bis unter 60 Jahre,f,5783
05916,2014,20 bis unter 25 Jahre,m,4523
05916,2014,20 bis unter 25 Jahre,f,4459
05916,2014,75 bis unter 80 Jahre,m,3229
05916,2014,75 bis unter 80 Jahre,f,4561
05916,2014,95 Jahre und mehr,f,181
05916,2014,95 Jahre und mehr,m,40
05916,2014,60 bis unter 65 Jahre,f,5206
05916,2014,60 bis unter 65 Jahre,m,4748
05916,2014,80 bis unter 85 Jahre,m,1874
05916,2014,80 bis unter 85 Jahre,f,3206
05916,2014,40 bis unter 45 Jahre,m,5365
05916,2014,40 bis unter 45 Jahre,f,5042
05916,2014,15 bis unter 20 Jahre,m,4114
05916,2014,15 bis unter 20 Jahre,f,3925
05916,2014,25 bis unter 30 Jahre,f,4476
05916,2014,25 bis unter 30 Jahre,m,4697
05916,2014,30 bis unter 35 Jahre,f,4383
05916,2014,30 bis unter 35 Jahre,m,4583
05916,2014,85 bis unter 90 Jahre,m,979
05916,2014,85 bis unter 90 Jahre,f,2390
05916,2014,5 bis unter 10 Jahre,f,3014
05916,2014,5 bis unter 10 Jahre,m,3193
05916,2014,65 bis unter 70 Jahre,m,3803
05916,2014,65 bis unter 70 Jahre,f,4314
05916,2014,10 bis unter 15 Jahre,m,3611
05916,2014,10 bis unter 15 Jahre,f,3573
05916,2014,70 bis unter 75 Jahre,f,4375
05916,2014,70 bis unter 75 Jahre,m,3814
05916,2014,45 bis unter 50 Jahre,m,6501
05916,2014,45 bis unter 50 Jahre,f,6123
05916,2014,50 bis unter 55 Jahre,m,6530
05916,2014,50 bis unter 55 Jahre,f,6263
05916,2014,90 bis unter 95 Jahre,f,1014
05916,2014,90 bis unter 95 Jahre,m,270
05916,2014,35 bis unter 40 Jahre,f,4260
05916,2014,35 bis unter 40 Jahre,m,4485
03359,2014,25 bis unter 30 Jahre,f,5130
03359,2014,25 bis unter 30 Jahre,m,5748
03359,2014,10 bis unter 15 Jahre,f,5105
03359,2014,10 bis unter 15 Jahre,m,5196
03359,2014,5 bis unter 10 Jahre,f,4390
03359,2014,5 bis unter 10 Jahre,m,4546
03359,2014,65 bis unter 70 Jahre,f,5290
03359,2014,65 bis unter 70 Jahre,m,5092
03359,2014,30 bis unter 35 Jahre,f,5414
03359,2014,30 bis unter 35 Jahre,m,5634
03359,2014,45 bis unter 50 Jahre,f,8365
03359,2014,45 bis unter 50 Jahre,m,8740
03359,2014,80 bis unter 85 Jahre,m,2056
03359,2014,80 bis unter 85 Jahre,f,2998
03359,2014,50 bis unter 55 Jahre,f,8382
03359,2014,50 bis unter 55 Jahre,m,8585
03359,2014,95 Jahre und mehr,f,181
03359,2014,95 Jahre und mehr,m,50
03359,2014,35 bis unter 40 Jahre,m,5733
03359,2014,35 bis unter 40 Jahre,f,5572
03359,2014,40 bis unter 45 Jahre,m,6762
03359,2014,40 bis unter 45 Jahre,f,6480
03359,2014,70 bis unter 75 Jahre,f,5644
03359,2014,70 bis unter 75 Jahre,m,5218
03359,2014,60 bis unter 65 Jahre,m,6004
03359,2014,60 bis unter 65 Jahre,f,6377
03359,2014,15 bis unter 20 Jahre,m,5974
03359,2014,15 bis unter 20 Jahre,f,5640
03359,2014,unter 5 Jahre,f,4130
03359,2014,unter 5 Jahre,m,4512
03359,2014,55 bis unter 60 Jahre,f,6886
03359,2014,55 bis unter 60 Jahre,m,6958
03359,2014,85 bis unter 90 Jahre,m,1018
03359,2014,85 bis unter 90 Jahre,f,2048
03359,2014,20 bis unter 25 Jahre,m,5707
03359,2014,20 bis unter 25 Jahre,f,4929
03359,2014,90 bis unter 95 Jahre,f,977
03359,2014,90 bis unter 95 Jahre,m,261
03359,2014,75 bis unter 80 Jahre,m,4481
03359,2014,75 bis unter 80 Jahre,f,5235
09474,2014,30 bis unter 35 Jahre,f,3323
09474,2014,30 bis unter 35 Jahre,m,3294
09474,2014,65 bis unter 70 Jahre,f,2794
09474,2014,65 bis unter 70 Jahre,m,2724
09474,2014,10 bis unter 15 Jahre,f,2796
09474,2014,10 bis unter 15 Jahre,m,2859
09474,2014,85 bis unter 90 Jahre,f,1157
09474,2014,85 bis unter 90 Jahre,m,568
09474,2014,50 bis unter 55 Jahre,f,5255
09474,2014,50 bis unter 55 Jahre,m,5486
09474,2014,5 bis unter 10 Jahre,m,2472
09474,2014,5 bis unter 10 Jahre,f,2535
09474,2014,25 bis unter 30 Jahre,f,3081
09474,2014,25 bis unter 30 Jahre,m,3269
09474,2014,45 bis unter 50 Jahre,f,4973
09474,2014,45 bis unter 50 Jahre,m,4953
09474,2014,90 bis unter 95 Jahre,f,491
09474,2014,90 bis unter 95 Jahre,m,159
09474,2014,95 Jahre und mehr,m,14
09474,2014,95 Jahre und mehr,f,77
09474,2014,60 bis unter 65 Jahre,m,3607
09474,2014,60 bis unter 65 Jahre,f,3660
09474,2014,40 bis unter 45 Jahre,m,3530
09474,2014,40 bis unter 45 Jahre,f,3748
09474,2014,70 bis unter 75 Jahre,f,2757
09474,2014,70 bis unter 75 Jahre,m,2574
09474,2014,35 bis unter 40 Jahre,f,3180
09474,2014,35 bis unter 40 Jahre,m,3349
09474,2014,15 bis unter 20 Jahre,m,3318
09474,2014,15 bis unter 20 Jahre,f,3039
09474,2014,20 bis unter 25 Jahre,f,3118
09474,2014,20 bis unter 25 Jahre,m,3430
09474,2014,75 bis unter 80 Jahre,f,2955
09474,2014,75 bis unter 80 Jahre,m,2356
09474,2014,unter 5 Jahre,f,2426
09474,2014,unter 5 Jahre,m,2446
09474,2014,80 bis unter 85 Jahre,f,1917
09474,2014,80 bis unter 85 Jahre,m,1316
09474,2014,55 bis unter 60 Jahre,f,4301
09474,2014,55 bis unter 60 Jahre,m,4593
05378,2014,80 bis unter 85 Jahre,f,5049
05378,2014,80 bis unter 85 Jahre,m,3940
05378,2014,60 bis unter 65 Jahre,f,9009
05378,2014,60 bis unter 65 Jahre,m,8247
05378,2014,unter 5 Jahre,m,5966
05378,2014,unter 5 Jahre,f,5463
05378,2014,15 bis unter 20 Jahre,m,8061
05378,2014,15 bis unter 20 Jahre,f,7608
05378,2014,40 bis unter 45 Jahre,f,9310
05378,2014,40 bis unter 45 Jahre,m,8604
05378,2014,20 bis unter 25 Jahre,f,6522
05378,2014,20 bis unter 25 Jahre,m,7107
05378,2014,55 bis unter 60 Jahre,m,10472
05378,2014,55 bis unter 60 Jahre,f,10581
05378,2014,75 bis unter 80 Jahre,f,8519
05378,2014,75 bis unter 80 Jahre,m,7001
05378,2014,90 bis unter 95 Jahre,m,549
05378,2014,90 bis unter 95 Jahre,f,1637
05378,2014,95 Jahre und mehr,f,322
05378,2014,95 Jahre und mehr,m,64
05378,2014,85 bis unter 90 Jahre,m,1903
05378,2014,85 bis unter 90 Jahre,f,3432
05378,2014,5 bis unter 10 Jahre,f,6025
05378,2014,5 bis unter 10 Jahre,m,6401
05378,2014,30 bis unter 35 Jahre,f,6988
05378,2014,30 bis unter 35 Jahre,m,6594
05378,2014,70 bis unter 75 Jahre,f,9040
05378,2014,70 bis unter 75 Jahre,m,7714
05378,2014,25 bis unter 30 Jahre,m,6365
05378,2014,25 bis unter 30 Jahre,f,6328
05378,2014,50 bis unter 55 Jahre,f,12942
05378,2014,50 bis unter 55 Jahre,m,12778
05378,2014,10 bis unter 15 Jahre,m,7306
05378,2014,10 bis unter 15 Jahre,f,6773
05378,2014,65 bis unter 70 Jahre,m,6654
05378,2014,65 bis unter 70 Jahre,f,7688
05378,2014,45 bis unter 50 Jahre,m,12539
05378,2014,45 bis unter 50 Jahre,f,13370
05378,2014,35 bis unter 40 Jahre,f,7599
05378,2014,35 bis unter 40 Jahre,m,7027
09663,2014,70 bis unter 75 Jahre,m,2639
09663,2014,70 bis unter 75 Jahre,f,3418
09663,2014,85 bis unter 90 Jahre,m,776
09663,2014,85 bis unter 90 Jahre,f,1783
09663,2014,90 bis unter 95 Jahre,m,261
09663,2014,90 bis unter 95 Jahre,f,958
09663,2014,65 bis unter 70 Jahre,m,2466
09663,2014,65 bis unter 70 Jahre,f,2931
09663,2014,10 bis unter 15 Jahre,m,1940
09663,2014,10 bis unter 15 Jahre,f,1914
09663,2014,35 bis unter 40 Jahre,f,3420
09663,2014,35 bis unter 40 Jahre,m,3673
09663,2014,25 bis unter 30 Jahre,m,6969
09663,2014,25 bis unter 30 Jahre,f,6772
09663,2014,20 bis unter 25 Jahre,f,7697
09663,2014,20 bis unter 25 Jahre,m,5734
09663,2014,50 bis unter 55 Jahre,m,4149
09663,2014,50 bis unter 55 Jahre,f,4337
09663,2014,75 bis unter 80 Jahre,f,3525
09663,2014,75 bis unter 80 Jahre,m,2471
09663,2014,95 Jahre und mehr,m,36
09663,2014,95 Jahre und mehr,f,204
09663,2014,55 bis unter 60 Jahre,f,3882
09663,2014,55 bis unter 60 Jahre,m,3421
09663,2014,45 bis unter 50 Jahre,f,4099
09663,2014,45 bis unter 50 Jahre,m,4157
09663,2014,80 bis unter 85 Jahre,f,2302
09663,2014,80 bis unter 85 Jahre,m,1416
09663,2014,unter 5 Jahre,f,2291
09663,2014,unter 5 Jahre,m,2375
09663,2014,60 bis unter 65 Jahre,m,3007
09663,2014,60 bis unter 65 Jahre,f,3617
09663,2014,40 bis unter 45 Jahre,m,3328
09663,2014,40 bis unter 45 Jahre,f,3168
09663,2014,5 bis unter 10 Jahre,f,1908
09663,2014,5 bis unter 10 Jahre,m,2022
09663,2014,30 bis unter 35 Jahre,f,4659
09663,2014,30 bis unter 35 Jahre,m,5273
09663,2014,15 bis unter 20 Jahre,m,2474
09663,2014,15 bis unter 20 Jahre,f,2747
09674,2014,80 bis unter 85 Jahre,f,1467
09674,2014,80 bis unter 85 Jahre,m,940
09674,2014,unter 5 Jahre,m,1786
09674,2014,unter 5 Jahre,f,1741
09674,2014,35 bis unter 40 Jahre,m,2249
09674,2014,35 bis unter 40 Jahre,f,2176
09674,2014,15 bis unter 20 Jahre,m,2502
09674,2014,15 bis unter 20 Jahre,f,2370
09674,2014,20 bis unter 25 Jahre,m,2640
09674,2014,20 bis unter 25 Jahre,f,2222
09674,2014,60 bis unter 65 Jahre,f,2839
09674,2014,60 bis unter 65 Jahre,m,2909
09674,2014,40 bis unter 45 Jahre,f,2612
09674,2014,40 bis unter 45 Jahre,m,2666
09674,2014,75 bis unter 80 Jahre,f,2194
09674,2014,75 bis unter 80 Jahre,m,1801
09674,2014,55 bis unter 60 Jahre,m,3461
09674,2014,55 bis unter 60 Jahre,f,3326
09674,2014,5 bis unter 10 Jahre,f,1656
09674,2014,5 bis unter 10 Jahre,m,1823
09674,2014,90 bis unter 95 Jahre,m,127
09674,2014,90 bis unter 95 Jahre,f,403
09674,2014,85 bis unter 90 Jahre,m,423
09674,2014,85 bis unter 90 Jahre,f,930
09674,2014,30 bis unter 35 Jahre,f,2391
09674,2014,30 bis unter 35 Jahre,m,2530
09674,2014,70 bis unter 75 Jahre,f,1969
09674,2014,70 bis unter 75 Jahre,m,1856
09674,2014,10 bis unter 15 Jahre,m,2134
09674,2014,10 bis unter 15 Jahre,f,2035
09674,2014,25 bis unter 30 Jahre,m,2450
09674,2014,25 bis unter 30 Jahre,f,2291
09674,2014,65 bis unter 70 Jahre,m,2138
09674,2014,65 bis unter 70 Jahre,f,1963
09674,2014,45 bis unter 50 Jahre,m,3590
09674,2014,45 bis unter 50 Jahre,f,3520
09674,2014,95 Jahre und mehr,m,9
09674,2014,95 Jahre und mehr,f,74
09674,2014,50 bis unter 55 Jahre,f,3922
09674,2014,50 bis unter 55 Jahre,m,4017
03254,2014,40 bis unter 45 Jahre,m,8470
03254,2014,40 bis unter 45 Jahre,f,8642
03254,2014,60 bis unter 65 Jahre,m,8670
03254,2014,60 bis unter 65 Jahre,f,9102
03254,2014,80 bis unter 85 Jahre,m,3487
03254,2014,80 bis unter 85 Jahre,f,5446
03254,2014,75 bis unter 80 Jahre,m,6802
03254,2014,75 bis unter 80 Jahre,f,8523
03254,2014,35 bis unter 40 Jahre,m,7056
03254,2014,35 bis unter 40 Jahre,f,7322
03254,2014,5 bis unter 10 Jahre,f,5440
03254,2014,5 bis unter 10 Jahre,m,5704
03254,2014,20 bis unter 25 Jahre,m,7992
03254,2014,20 bis unter 25 Jahre,f,8539
03254,2014,45 bis unter 50 Jahre,f,11724
03254,2014,45 bis unter 50 Jahre,m,11923
03254,2014,50 bis unter 55 Jahre,f,11826
03254,2014,50 bis unter 55 Jahre,m,11936
03254,2014,25 bis unter 30 Jahre,m,7370
03254,2014,25 bis unter 30 Jahre,f,7170
03254,2014,70 bis unter 75 Jahre,f,8455
03254,2014,70 bis unter 75 Jahre,m,7323
03254,2014,15 bis unter 20 Jahre,m,7695
03254,2014,15 bis unter 20 Jahre,f,7357
03254,2014,95 Jahre und mehr,m,71
03254,2014,95 Jahre und mehr,f,370
03254,2014,10 bis unter 15 Jahre,m,6694
03254,2014,10 bis unter 15 Jahre,f,6344
03254,2014,30 bis unter 35 Jahre,m,7073
03254,2014,30 bis unter 35 Jahre,f,7125
03254,2014,90 bis unter 95 Jahre,f,1785
03254,2014,90 bis unter 95 Jahre,m,534
03254,2014,85 bis unter 90 Jahre,m,1866
03254,2014,85 bis unter 90 Jahre,f,3853
03254,2014,55 bis unter 60 Jahre,f,10078
03254,2014,55 bis unter 60 Jahre,m,10071
03254,2014,unter 5 Jahre,f,5060
03254,2014,unter 5 Jahre,m,5295
03254,2014,65 bis unter 70 Jahre,f,7441
03254,2014,65 bis unter 70 Jahre,m,6920
09272,2014,30 bis unter 35 Jahre,m,2157
09272,2014,30 bis unter 35 Jahre,f,2026
09272,2014,85 bis unter 90 Jahre,m,463
09272,2014,85 bis unter 90 Jahre,f,988
09272,2014,50 bis unter 55 Jahre,m,3523
09272,2014,50 bis unter 55 Jahre,f,3591
09272,2014,10 bis unter 15 Jahre,m,1958
09272,2014,10 bis unter 15 Jahre,f,1816
09272,2014,25 bis unter 30 Jahre,m,2158
09272,2014,25 bis unter 30 Jahre,f,2018
09272,2014,90 bis unter 95 Jahre,m,109
09272,2014,90 bis unter 95 Jahre,f,397
09272,2014,70 bis unter 75 Jahre,f,1980
09272,2014,70 bis unter 75 Jahre,m,1784
09272,2014,95 Jahre und mehr,m,15
09272,2014,95 Jahre und mehr,f,60
09272,2014,35 bis unter 40 Jahre,f,2025
09272,2014,35 bis unter 40 Jahre,m,2069
09272,2014,65 bis unter 70 Jahre,m,2165
09272,2014,65 bis unter 70 Jahre,f,1926
09272,2014,55 bis unter 60 Jahre,f,3120
09272,2014,55 bis unter 60 Jahre,m,3276
09272,2014,unter 5 Jahre,f,1413
09272,2014,unter 5 Jahre,m,1491
09272,2014,45 bis unter 50 Jahre,f,3200
09272,2014,45 bis unter 50 Jahre,m,3298
09272,2014,80 bis unter 85 Jahre,f,1442
09272,2014,80 bis unter 85 Jahre,m,893
09272,2014,40 bis unter 45 Jahre,m,2589
09272,2014,40 bis unter 45 Jahre,f,2601
09272,2014,60 bis unter 65 Jahre,m,2804
09272,2014,60 bis unter 65 Jahre,f,2729
09272,2014,75 bis unter 80 Jahre,m,1548
09272,2014,75 bis unter 80 Jahre,f,2057
09272,2014,15 bis unter 20 Jahre,m,2391
09272,2014,15 bis unter 20 Jahre,f,2202
09272,2014,20 bis unter 25 Jahre,f,2188
09272,2014,20 bis unter 25 Jahre,m,2436
09272,2014,5 bis unter 10 Jahre,m,1601
09272,2014,5 bis unter 10 Jahre,f,1420
09779,2014,80 bis unter 85 Jahre,m,1484
09779,2014,80 bis unter 85 Jahre,f,2168
09779,2014,95 Jahre und mehr,f,121
09779,2014,95 Jahre und mehr,m,22
09779,2014,55 bis unter 60 Jahre,m,4838
09779,2014,55 bis unter 60 Jahre,f,4543
09779,2014,25 bis unter 30 Jahre,f,3572
09779,2014,25 bis unter 30 Jahre,m,4221
09779,2014,unter 5 Jahre,m,2914
09779,2014,unter 5 Jahre,f,2754
09779,2014,40 bis unter 45 Jahre,m,4402
09779,2014,40 bis unter 45 Jahre,f,4256
09779,2014,10 bis unter 15 Jahre,f,3338
09779,2014,10 bis unter 15 Jahre,m,3524
09779,2014,5 bis unter 10 Jahre,m,3039
09779,2014,5 bis unter 10 Jahre,f,2885
09779,2014,50 bis unter 55 Jahre,f,5552
09779,2014,50 bis unter 55 Jahre,m,5633
09779,2014,20 bis unter 25 Jahre,f,3564
09779,2014,20 bis unter 25 Jahre,m,4170
09779,2014,85 bis unter 90 Jahre,f,1433
09779,2014,85 bis unter 90 Jahre,m,725
09779,2014,75 bis unter 80 Jahre,m,2657
09779,2014,75 bis unter 80 Jahre,f,3250
09779,2014,30 bis unter 35 Jahre,f,3672
09779,2014,30 bis unter 35 Jahre,m,4161
09779,2014,90 bis unter 95 Jahre,m,190
09779,2014,90 bis unter 95 Jahre,f,685
09779,2014,70 bis unter 75 Jahre,m,3001
09779,2014,70 bis unter 75 Jahre,f,3204
09779,2014,15 bis unter 20 Jahre,f,3659
09779,2014,15 bis unter 20 Jahre,m,3905
09779,2014,65 bis unter 70 Jahre,m,3023
09779,2014,65 bis unter 70 Jahre,f,3020
09779,2014,35 bis unter 40 Jahre,f,3757
09779,2014,35 bis unter 40 Jahre,m,4119
09779,2014,60 bis unter 65 Jahre,f,3902
09779,2014,60 bis unter 65 Jahre,m,3938
09779,2014,45 bis unter 50 Jahre,m,5704
09779,2014,45 bis unter 50 Jahre,f,5198
03241,2014,85 bis unter 90 Jahre,m,6825
03241,2014,85 bis unter 90 Jahre,f,13820
03241,2014,50 bis unter 55 Jahre,m,45823
03241,2014,50 bis unter 55 Jahre,f,45136
03241,2014,30 bis unter 35 Jahre,m,36799
03241,2014,30 bis unter 35 Jahre,f,37321
03241,2014,95 Jahre und mehr,f,1416
03241,2014,95 Jahre und mehr,m,279
03241,2014,10 bis unter 15 Jahre,m,25807
03241,2014,10 bis unter 15 Jahre,f,24650
03241,2014,15 bis unter 20 Jahre,f,27412
03241,2014,15 bis unter 20 Jahre,m,28650
03241,2014,90 bis unter 95 Jahre,f,6719
03241,2014,90 bis unter 95 Jahre,m,2027
03241,2014,45 bis unter 50 Jahre,m,47666
03241,2014,45 bis unter 50 Jahre,f,46414
03241,2014,70 bis unter 75 Jahre,m,28421
03241,2014,70 bis unter 75 Jahre,f,33530
03241,2014,20 bis unter 25 Jahre,f,32647
03241,2014,20 bis unter 25 Jahre,m,32933
03241,2014,75 bis unter 80 Jahre,f,32271
03241,2014,75 bis unter 80 Jahre,m,25430
03241,2014,unter 5 Jahre,f,24391
03241,2014,unter 5 Jahre,m,25864
03241,2014,65 bis unter 70 Jahre,f,28924
03241,2014,65 bis unter 70 Jahre,m,25964
03241,2014,40 bis unter 45 Jahre,m,36560
03241,2014,40 bis unter 45 Jahre,f,36500
03241,2014,80 bis unter 85 Jahre,m,12689
03241,2014,80 bis unter 85 Jahre,f,19543
03241,2014,55 bis unter 60 Jahre,m,38037
03241,2014,55 bis unter 60 Jahre,f,38731
03241,2014,60 bis unter 65 Jahre,m,31705
03241,2014,60 bis unter 65 Jahre,f,34218
03241,2014,35 bis unter 40 Jahre,m,34634
03241,2014,35 bis unter 40 Jahre,f,34686
03241,2014,5 bis unter 10 Jahre,f,24031
03241,2014,5 bis unter 10 Jahre,m,25200
03241,2014,25 bis unter 30 Jahre,f,37194
03241,2014,25 bis unter 30 Jahre,m,37170
09361,2014,65 bis unter 70 Jahre,m,1056
09361,2014,65 bis unter 70 Jahre,f,1122
09361,2014,10 bis unter 15 Jahre,m,880
09361,2014,10 bis unter 15 Jahre,f,888
09361,2014,90 bis unter 95 Jahre,f,268
09361,2014,90 bis unter 95 Jahre,m,100
09361,2014,45 bis unter 50 Jahre,m,1653
09361,2014,45 bis unter 50 Jahre,f,1641
09361,2014,50 bis unter 55 Jahre,m,1726
09361,2014,50 bis unter 55 Jahre,f,1706
09361,2014,25 bis unter 30 Jahre,m,1479
09361,2014,25 bis unter 30 Jahre,f,1244
09361,2014,30 bis unter 35 Jahre,m,1432
09361,2014,30 bis unter 35 Jahre,f,1149
09361,2014,70 bis unter 75 Jahre,f,1232
09361,2014,70 bis unter 75 Jahre,m,942
09361,2014,85 bis unter 90 Jahre,f,619
09361,2014,85 bis unter 90 Jahre,m,288
09361,2014,5 bis unter 10 Jahre,m,878
09361,2014,5 bis unter 10 Jahre,f,763
09361,2014,35 bis unter 40 Jahre,f,1086
09361,2014,35 bis unter 40 Jahre,m,1203
09361,2014,unter 5 Jahre,f,782
09361,2014,unter 5 Jahre,m,789
09361,2014,60 bis unter 65 Jahre,m,1337
09361,2014,60 bis unter 65 Jahre,f,1470
09361,2014,55 bis unter 60 Jahre,f,1552
09361,2014,55 bis unter 60 Jahre,m,1513
09361,2014,80 bis unter 85 Jahre,f,895
09361,2014,80 bis unter 85 Jahre,m,526
09361,2014,75 bis unter 80 Jahre,m,946
09361,2014,75 bis unter 80 Jahre,f,1405
09361,2014,40 bis unter 45 Jahre,m,1215
09361,2014,40 bis unter 45 Jahre,f,1247
09361,2014,15 bis unter 20 Jahre,m,1052
09361,2014,15 bis unter 20 Jahre,f,958
09361,2014,95 Jahre und mehr,m,8
09361,2014,95 Jahre und mehr,f,64
09361,2014,20 bis unter 25 Jahre,f,1084
09361,2014,20 bis unter 25 Jahre,m,1337
05766,2014,45 bis unter 50 Jahre,f,14379
05766,2014,45 bis unter 50 Jahre,m,14035
05766,2014,10 bis unter 15 Jahre,f,8672
05766,2014,10 bis unter 15 Jahre,m,9231
05766,2014,25 bis unter 30 Jahre,f,8964
05766,2014,25 bis unter 30 Jahre,m,9964
05766,2014,5 bis unter 10 Jahre,f,7942
05766,2014,5 bis unter 10 Jahre,m,8178
05766,2014,80 bis unter 85 Jahre,m,4635
05766,2014,80 bis unter 85 Jahre,f,6752
05766,2014,50 bis unter 55 Jahre,f,14594
05766,2014,50 bis unter 55 Jahre,m,14439
05766,2014,65 bis unter 70 Jahre,f,8794
05766,2014,65 bis unter 70 Jahre,m,8061
05766,2014,90 bis unter 95 Jahre,f,2368
05766,2014,90 bis unter 95 Jahre,m,698
05766,2014,40 bis unter 45 Jahre,m,10213
05766,2014,40 bis unter 45 Jahre,f,10480
05766,2014,35 bis unter 40 Jahre,m,8673
05766,2014,35 bis unter 40 Jahre,f,9089
05766,2014,95 Jahre und mehr,f,525
05766,2014,95 Jahre und mehr,m,128
05766,2014,60 bis unter 65 Jahre,f,11188
05766,2014,60 bis unter 65 Jahre,m,10491
05766,2014,15 bis unter 20 Jahre,m,10289
05766,2014,15 bis unter 20 Jahre,f,9823
05766,2014,70 bis unter 75 Jahre,f,9757
05766,2014,70 bis unter 75 Jahre,m,8447
05766,2014,unter 5 Jahre,f,7334
05766,2014,unter 5 Jahre,m,7820
05766,2014,75 bis unter 80 Jahre,f,10492
05766,2014,75 bis unter 80 Jahre,m,8114
05766,2014,55 bis unter 60 Jahre,f,12773
05766,2014,55 bis unter 60 Jahre,m,12752
05766,2014,30 bis unter 35 Jahre,m,9182
05766,2014,30 bis unter 35 Jahre,f,8917
05766,2014,85 bis unter 90 Jahre,m,2454
05766,2014,85 bis unter 90 Jahre,f,4883
05766,2014,20 bis unter 25 Jahre,m,10364
05766,2014,20 bis unter 25 Jahre,f,9233
09563,2014,10 bis unter 15 Jahre,f,2501
09563,2014,10 bis unter 15 Jahre,m,2756
09563,2014,45 bis unter 50 Jahre,f,5230
09563,2014,45 bis unter 50 Jahre,m,5254
09563,2014,25 bis unter 30 Jahre,f,4238
09563,2014,25 bis unter 30 Jahre,m,4219
09563,2014,95 Jahre und mehr,m,30
09563,2014,95 Jahre und mehr,f,99
09563,2014,65 bis unter 70 Jahre,f,3038
09563,2014,65 bis unter 70 Jahre,m,2658
09563,2014,30 bis unter 35 Jahre,f,4546
09563,2014,30 bis unter 35 Jahre,m,4445
09563,2014,5 bis unter 10 Jahre,f,2389
09563,2014,5 bis unter 10 Jahre,m,2641
09563,2014,40 bis unter 45 Jahre,m,4062
09563,2014,40 bis unter 45 Jahre,f,4220
09563,2014,50 bis unter 55 Jahre,m,5102
09563,2014,50 bis unter 55 Jahre,f,5085
09563,2014,60 bis unter 65 Jahre,m,3183
09563,2014,60 bis unter 65 Jahre,f,3546
09563,2014,70 bis unter 75 Jahre,f,3172
09563,2014,70 bis unter 75 Jahre,m,2661
09563,2014,15 bis unter 20 Jahre,m,3089
09563,2014,15 bis unter 20 Jahre,f,2956
09563,2014,unter 5 Jahre,f,2693
09563,2014,unter 5 Jahre,m,2974
09563,2014,35 bis unter 40 Jahre,f,4253
09563,2014,35 bis unter 40 Jahre,m,4152
09563,2014,20 bis unter 25 Jahre,f,3565
09563,2014,20 bis unter 25 Jahre,m,3668
09563,2014,80 bis unter 85 Jahre,f,1884
09563,2014,80 bis unter 85 Jahre,m,1162
09563,2014,55 bis unter 60 Jahre,f,4237
09563,2014,55 bis unter 60 Jahre,m,4132
09563,2014,85 bis unter 90 Jahre,m,595
09563,2014,85 bis unter 90 Jahre,f,1215
09563,2014,75 bis unter 80 Jahre,m,2144
09563,2014,75 bis unter 80 Jahre,f,2976
09563,2014,90 bis unter 95 Jahre,f,586
09563,2014,90 bis unter 95 Jahre,m,163
09574,2014,90 bis unter 95 Jahre,m,314
09574,2014,90 bis unter 95 Jahre,f,909
09574,2014,70 bis unter 75 Jahre,m,4475
09574,2014,70 bis unter 75 Jahre,f,5076
09574,2014,85 bis unter 90 Jahre,m,1054
09574,2014,85 bis unter 90 Jahre,f,1912
09574,2014,65 bis unter 70 Jahre,m,4320
09574,2014,65 bis unter 70 Jahre,f,4584
09574,2014,10 bis unter 15 Jahre,m,4102
09574,2014,10 bis unter 15 Jahre,f,3730
09574,2014,35 bis unter 40 Jahre,f,4641
09574,2014,35 bis unter 40 Jahre,m,4572
09574,2014,20 bis unter 25 Jahre,f,4095
09574,2014,20 bis unter 25 Jahre,m,4530
09574,2014,50 bis unter 55 Jahre,m,7482
09574,2014,50 bis unter 55 Jahre,f,7383
09574,2014,25 bis unter 30 Jahre,m,4292
09574,2014,25 bis unter 30 Jahre,f,4144
09574,2014,55 bis unter 60 Jahre,f,6281
09574,2014,55 bis unter 60 Jahre,m,6269
09574,2014,75 bis unter 80 Jahre,f,4741
09574,2014,75 bis unter 80 Jahre,m,3941
09574,2014,80 bis unter 85 Jahre,f,2942
09574,2014,80 bis unter 85 Jahre,m,1904
09574,2014,45 bis unter 50 Jahre,m,7436
09574,2014,45 bis unter 50 Jahre,f,7321
09574,2014,unter 5 Jahre,f,3238
09574,2014,unter 5 Jahre,m,3545
09574,2014,5 bis unter 10 Jahre,f,3310
09574,2014,5 bis unter 10 Jahre,m,3616
09574,2014,60 bis unter 65 Jahre,m,5119
09574,2014,60 bis unter 65 Jahre,f,5531
09574,2014,40 bis unter 45 Jahre,m,5294
09574,2014,40 bis unter 45 Jahre,f,5601
09574,2014,15 bis unter 20 Jahre,m,4636
09574,2014,15 bis unter 20 Jahre,f,4252
09574,2014,30 bis unter 35 Jahre,f,4717
09574,2014,30 bis unter 35 Jahre,m,4426
09574,2014,95 Jahre und mehr,f,158
09574,2014,95 Jahre und mehr,m,25
06534,2014,55 bis unter 60 Jahre,m,8355
06534,2014,55 bis unter 60 Jahre,f,8412
06534,2014,20 bis unter 25 Jahre,m,9378
06534,2014,20 bis unter 25 Jahre,f,10390
06534,2014,unter 5 Jahre,m,5066
06534,2014,unter 5 Jahre,f,4800
06534,2014,75 bis unter 80 Jahre,m,5064
06534,2014,75 bis unter 80 Jahre,f,6219
06534,2014,80 bis unter 85 Jahre,m,2708
06534,2014,80 bis unter 85 Jahre,f,4017
06534,2014,60 bis unter 65 Jahre,f,7346
06534,2014,60 bis unter 65 Jahre,m,7261
06534,2014,15 bis unter 20 Jahre,m,6871
06534,2014,15 bis unter 20 Jahre,f,6682
06534,2014,40 bis unter 45 Jahre,m,7235
06534,2014,40 bis unter 45 Jahre,f,7484
06534,2014,35 bis unter 40 Jahre,f,6681
06534,2014,35 bis unter 40 Jahre,m,6858
06534,2014,45 bis unter 50 Jahre,f,9234
06534,2014,45 bis unter 50 Jahre,m,9448
06534,2014,65 bis unter 70 Jahre,f,5707
06534,2014,65 bis unter 70 Jahre,m,5426
06534,2014,70 bis unter 75 Jahre,m,5147
06534,2014,70 bis unter 75 Jahre,f,5861
06534,2014,10 bis unter 15 Jahre,m,5677
06534,2014,10 bis unter 15 Jahre,f,5449
06534,2014,30 bis unter 35 Jahre,m,7573
06534,2014,30 bis unter 35 Jahre,f,7339
06534,2014,25 bis unter 30 Jahre,m,9021
06534,2014,25 bis unter 30 Jahre,f,8789
06534,2014,50 bis unter 55 Jahre,m,9923
06534,2014,50 bis unter 55 Jahre,f,9829
06534,2014,85 bis unter 90 Jahre,f,2734
06534,2014,85 bis unter 90 Jahre,m,1485
06534,2014,90 bis unter 95 Jahre,f,1280
06534,2014,90 bis unter 95 Jahre,m,341
06534,2014,95 Jahre und mehr,m,65
06534,2014,95 Jahre und mehr,f,249
06534,2014,5 bis unter 10 Jahre,m,5177
06534,2014,5 bis unter 10 Jahre,f,5017
05512,2014,25 bis unter 30 Jahre,m,3314
05512,2014,25 bis unter 30 Jahre,f,3215
05512,2014,70 bis unter 75 Jahre,f,3240
05512,2014,70 bis unter 75 Jahre,m,2753
05512,2014,5 bis unter 10 Jahre,m,2354
05512,2014,5 bis unter 10 Jahre,f,2299
05512,2014,50 bis unter 55 Jahre,f,5072
05512,2014,50 bis unter 55 Jahre,m,5008
05512,2014,65 bis unter 70 Jahre,f,3205
05512,2014,65 bis unter 70 Jahre,m,2920
05512,2014,90 bis unter 95 Jahre,f,671
05512,2014,90 bis unter 95 Jahre,m,189
05512,2014,45 bis unter 50 Jahre,m,4963
05512,2014,45 bis unter 50 Jahre,f,5066
05512,2014,85 bis unter 90 Jahre,f,1628
05512,2014,85 bis unter 90 Jahre,m,743
05512,2014,10 bis unter 15 Jahre,f,2646
05512,2014,10 bis unter 15 Jahre,m,2739
05512,2014,30 bis unter 35 Jahre,m,3195
05512,2014,30 bis unter 35 Jahre,f,3225
05512,2014,80 bis unter 85 Jahre,m,1431
05512,2014,80 bis unter 85 Jahre,f,2382
05512,2014,55 bis unter 60 Jahre,f,4715
05512,2014,55 bis unter 60 Jahre,m,4598
05512,2014,60 bis unter 65 Jahre,m,3824
05512,2014,60 bis unter 65 Jahre,f,4182
05512,2014,35 bis unter 40 Jahre,m,3276
05512,2014,35 bis unter 40 Jahre,f,3195
05512,2014,95 Jahre und mehr,m,13
05512,2014,95 Jahre und mehr,f,126
05512,2014,15 bis unter 20 Jahre,m,3178
05512,2014,15 bis unter 20 Jahre,f,2933
05512,2014,40 bis unter 45 Jahre,f,3682
05512,2014,40 bis unter 45 Jahre,m,3695
05512,2014,unter 5 Jahre,m,2249
05512,2014,unter 5 Jahre,f,2053
05512,2014,20 bis unter 25 Jahre,f,3030
05512,2014,20 bis unter 25 Jahre,m,3273
05512,2014,75 bis unter 80 Jahre,f,3324
05512,2014,75 bis unter 80 Jahre,m,2413
08117,2014,30 bis unter 35 Jahre,m,7386
08117,2014,30 bis unter 35 Jahre,f,7054
08117,2014,85 bis unter 90 Jahre,m,1614
08117,2014,85 bis unter 90 Jahre,f,3013
08117,2014,65 bis unter 70 Jahre,m,6034
08117,2014,65 bis unter 70 Jahre,f,6543
08117,2014,10 bis unter 15 Jahre,m,6387
08117,2014,10 bis unter 15 Jahre,f,5976
08117,2014,70 bis unter 75 Jahre,m,6379
08117,2014,70 bis unter 75 Jahre,f,7207
08117,2014,45 bis unter 50 Jahre,m,10604
08117,2014,45 bis unter 50 Jahre,f,10437
08117,2014,50 bis unter 55 Jahre,m,10922
08117,2014,50 bis unter 55 Jahre,f,10307
08117,2014,90 bis unter 95 Jahre,f,1405
08117,2014,90 bis unter 95 Jahre,m,448
08117,2014,95 Jahre und mehr,f,264
08117,2014,95 Jahre und mehr,m,62
08117,2014,25 bis unter 30 Jahre,m,7509
08117,2014,25 bis unter 30 Jahre,f,6834
08117,2014,55 bis unter 60 Jahre,f,8944
08117,2014,55 bis unter 60 Jahre,m,8956
08117,2014,unter 5 Jahre,f,5121
08117,2014,unter 5 Jahre,m,5306
08117,2014,20 bis unter 25 Jahre,f,6719
08117,2014,20 bis unter 25 Jahre,m,7723
08117,2014,80 bis unter 85 Jahre,m,3146
08117,2014,80 bis unter 85 Jahre,f,4398
08117,2014,75 bis unter 80 Jahre,f,6964
08117,2014,75 bis unter 80 Jahre,m,5751
08117,2014,60 bis unter 65 Jahre,m,7348
08117,2014,60 bis unter 65 Jahre,f,7854
08117,2014,35 bis unter 40 Jahre,m,7088
08117,2014,35 bis unter 40 Jahre,f,6981
08117,2014,5 bis unter 10 Jahre,f,5431
08117,2014,5 bis unter 10 Jahre,m,5582
08117,2014,40 bis unter 45 Jahre,f,8161
08117,2014,40 bis unter 45 Jahre,m,8124
08117,2014,15 bis unter 20 Jahre,f,6825
08117,2014,15 bis unter 20 Jahre,m,7310
08325,2014,55 bis unter 60 Jahre,f,4905
08325,2014,55 bis unter 60 Jahre,m,5086
08325,2014,20 bis unter 25 Jahre,f,3552
08325,2014,20 bis unter 25 Jahre,m,4142
08325,2014,35 bis unter 40 Jahre,f,3607
08325,2014,35 bis unter 40 Jahre,m,3706
08325,2014,40 bis unter 45 Jahre,f,4256
08325,2014,40 bis unter 45 Jahre,m,4332
08325,2014,60 bis unter 65 Jahre,f,4229
08325,2014,60 bis unter 65 Jahre,m,4098
08325,2014,15 bis unter 20 Jahre,m,4224
08325,2014,15 bis unter 20 Jahre,f,3997
08325,2014,75 bis unter 80 Jahre,f,3920
08325,2014,75 bis unter 80 Jahre,m,3188
08325,2014,80 bis unter 85 Jahre,f,2390
08325,2014,80 bis unter 85 Jahre,m,1658
08325,2014,unter 5 Jahre,m,3011
08325,2014,unter 5 Jahre,f,2782
08325,2014,85 bis unter 90 Jahre,m,817
08325,2014,85 bis unter 90 Jahre,f,1594
08325,2014,50 bis unter 55 Jahre,m,6008
08325,2014,50 bis unter 55 Jahre,f,5847
08325,2014,5 bis unter 10 Jahre,m,3259
08325,2014,5 bis unter 10 Jahre,f,3081
08325,2014,30 bis unter 35 Jahre,m,3802
08325,2014,30 bis unter 35 Jahre,f,3669
08325,2014,45 bis unter 50 Jahre,f,5570
08325,2014,45 bis unter 50 Jahre,m,5863
08325,2014,25 bis unter 30 Jahre,f,3707
08325,2014,25 bis unter 30 Jahre,m,3930
08325,2014,10 bis unter 15 Jahre,f,3505
08325,2014,10 bis unter 15 Jahre,m,3545
08325,2014,95 Jahre und mehr,m,21
08325,2014,95 Jahre und mehr,f,124
08325,2014,70 bis unter 75 Jahre,f,3808
08325,2014,70 bis unter 75 Jahre,m,3396
08325,2014,65 bis unter 70 Jahre,m,3095
08325,2014,65 bis unter 70 Jahre,f,3257
08325,2014,90 bis unter 95 Jahre,m,208
08325,2014,90 bis unter 95 Jahre,f,723
05974,2014,85 bis unter 90 Jahre,m,1757
05974,2014,85 bis unter 90 Jahre,f,3660
05974,2014,30 bis unter 35 Jahre,m,8230
05974,2014,30 bis unter 35 Jahre,f,8105
05974,2014,50 bis unter 55 Jahre,m,13115
05974,2014,50 bis unter 55 Jahre,f,12850
05974,2014,10 bis unter 15 Jahre,m,7889
05974,2014,10 bis unter 15 Jahre,f,7416
05974,2014,90 bis unter 95 Jahre,f,1683
05974,2014,90 bis unter 95 Jahre,m,463
05974,2014,15 bis unter 20 Jahre,f,8211
05974,2014,15 bis unter 20 Jahre,m,9010
05974,2014,45 bis unter 50 Jahre,m,12944
05974,2014,45 bis unter 50 Jahre,f,12866
05974,2014,70 bis unter 75 Jahre,m,7005
05974,2014,70 bis unter 75 Jahre,f,8057
05974,2014,unter 5 Jahre,f,6013
05974,2014,unter 5 Jahre,m,6413
05974,2014,65 bis unter 70 Jahre,f,7361
05974,2014,65 bis unter 70 Jahre,m,6901
05974,2014,20 bis unter 25 Jahre,f,7620
05974,2014,20 bis unter 25 Jahre,m,8679
05974,2014,75 bis unter 80 Jahre,f,8538
05974,2014,75 bis unter 80 Jahre,m,6583
05974,2014,40 bis unter 45 Jahre,m,9535
05974,2014,40 bis unter 45 Jahre,f,9699
05974,2014,60 bis unter 65 Jahre,m,9309
05974,2014,60 bis unter 65 Jahre,f,9615
05974,2014,55 bis unter 60 Jahre,m,11163
05974,2014,55 bis unter 60 Jahre,f,11167
05974,2014,80 bis unter 85 Jahre,m,3481
05974,2014,80 bis unter 85 Jahre,f,5356
05974,2014,35 bis unter 40 Jahre,m,8157
05974,2014,35 bis unter 40 Jahre,f,8165
05974,2014,5 bis unter 10 Jahre,f,6466
05974,2014,5 bis unter 10 Jahre,m,6865
05974,2014,95 Jahre und mehr,f,330
05974,2014,95 Jahre und mehr,m,54
05974,2014,25 bis unter 30 Jahre,f,7568
05974,2014,25 bis unter 30 Jahre,m,8443
08226,2014,40 bis unter 45 Jahre,m,17047
08226,2014,40 bis unter 45 Jahre,f,17675
08226,2014,75 bis unter 80 Jahre,m,11833
08226,2014,75 bis unter 80 Jahre,f,14411
08226,2014,20 bis unter 25 Jahre,m,15065
08226,2014,20 bis unter 25 Jahre,f,13956
08226,2014,80 bis unter 85 Jahre,m,6287
08226,2014,80 bis unter 85 Jahre,f,8957
08226,2014,55 bis unter 60 Jahre,m,19260
08226,2014,55 bis unter 60 Jahre,f,19825
08226,2014,60 bis unter 65 Jahre,m,15787
08226,2014,60 bis unter 65 Jahre,f,17197
08226,2014,95 Jahre und mehr,f,462
08226,2014,95 Jahre und mehr,m,97
08226,2014,35 bis unter 40 Jahre,m,15015
08226,2014,35 bis unter 40 Jahre,f,15907
08226,2014,5 bis unter 10 Jahre,f,11569
08226,2014,5 bis unter 10 Jahre,m,12416
08226,2014,45 bis unter 50 Jahre,f,23306
08226,2014,45 bis unter 50 Jahre,m,23682
08226,2014,50 bis unter 55 Jahre,f,23185
08226,2014,50 bis unter 55 Jahre,m,22965
08226,2014,25 bis unter 30 Jahre,f,14992
08226,2014,25 bis unter 30 Jahre,m,15253
08226,2014,70 bis unter 75 Jahre,f,15221
08226,2014,70 bis unter 75 Jahre,m,13691
08226,2014,15 bis unter 20 Jahre,m,14500
08226,2014,15 bis unter 20 Jahre,f,13731
08226,2014,85 bis unter 90 Jahre,m,3136
08226,2014,85 bis unter 90 Jahre,f,5949
08226,2014,30 bis unter 35 Jahre,m,15476
08226,2014,30 bis unter 35 Jahre,f,16031
08226,2014,90 bis unter 95 Jahre,f,2784
08226,2014,90 bis unter 95 Jahre,m,894
08226,2014,65 bis unter 70 Jahre,f,14621
08226,2014,65 bis unter 70 Jahre,m,13138
08226,2014,10 bis unter 15 Jahre,f,12462
08226,2014,10 bis unter 15 Jahre,m,13136
08226,2014,unter 5 Jahre,f,11456
08226,2014,unter 5 Jahre,m,12354
05314,2014,35 bis unter 40 Jahre,m,10037
05314,2014,35 bis unter 40 Jahre,f,10538
05314,2014,80 bis unter 85 Jahre,f,4844
05314,2014,80 bis unter 85 Jahre,m,3100
05314,2014,40 bis unter 45 Jahre,f,10215
05314,2014,40 bis unter 45 Jahre,m,10053
05314,2014,75 bis unter 80 Jahre,f,7588
05314,2014,75 bis unter 80 Jahre,m,5520
05314,2014,unter 5 Jahre,m,7980
05314,2014,unter 5 Jahre,f,7611
05314,2014,60 bis unter 65 Jahre,f,8636
05314,2014,60 bis unter 65 Jahre,m,7555
05314,2014,15 bis unter 20 Jahre,m,7856
05314,2014,15 bis unter 20 Jahre,f,7688
05314,2014,20 bis unter 25 Jahre,m,10502
05314,2014,20 bis unter 25 Jahre,f,12446
05314,2014,55 bis unter 60 Jahre,m,9451
05314,2014,55 bis unter 60 Jahre,f,10068
05314,2014,5 bis unter 10 Jahre,f,7030
05314,2014,5 bis unter 10 Jahre,m,7723
05314,2014,90 bis unter 95 Jahre,m,628
05314,2014,90 bis unter 95 Jahre,f,2055
05314,2014,30 bis unter 35 Jahre,f,12585
05314,2014,30 bis unter 35 Jahre,m,11516
05314,2014,85 bis unter 90 Jahre,f,3726
05314,2014,85 bis unter 90 Jahre,m,1803
05314,2014,10 bis unter 15 Jahre,m,7374
05314,2014,10 bis unter 15 Jahre,f,7038
05314,2014,25 bis unter 30 Jahre,m,11499
05314,2014,25 bis unter 30 Jahre,f,13132
05314,2014,70 bis unter 75 Jahre,f,8034
05314,2014,70 bis unter 75 Jahre,m,6293
05314,2014,95 Jahre und mehr,m,90
05314,2014,95 Jahre und mehr,f,443
05314,2014,45 bis unter 50 Jahre,m,12197
05314,2014,45 bis unter 50 Jahre,f,12417
05314,2014,65 bis unter 70 Jahre,m,5979
05314,2014,65 bis unter 70 Jahre,f,7124
05314,2014,50 bis unter 55 Jahre,f,12004
05314,2014,50 bis unter 55 Jahre,m,11580
09183,2014,50 bis unter 55 Jahre,m,4838
09183,2014,50 bis unter 55 Jahre,f,4644
09183,2014,85 bis unter 90 Jahre,m,614
09183,2014,85 bis unter 90 Jahre,f,1251
09183,2014,30 bis unter 35 Jahre,m,3326
09183,2014,30 bis unter 35 Jahre,f,2975
09183,2014,95 Jahre und mehr,m,16
09183,2014,95 Jahre und mehr,f,98
09183,2014,10 bis unter 15 Jahre,m,2742
09183,2014,10 bis unter 15 Jahre,f,2728
09183,2014,70 bis unter 75 Jahre,f,2945
09183,2014,70 bis unter 75 Jahre,m,2701
09183,2014,25 bis unter 30 Jahre,m,3437
09183,2014,25 bis unter 30 Jahre,f,2988
09183,2014,35 bis unter 40 Jahre,f,3159
09183,2014,35 bis unter 40 Jahre,m,3311
09183,2014,65 bis unter 70 Jahre,m,2643
09183,2014,65 bis unter 70 Jahre,f,2816
09183,2014,90 bis unter 95 Jahre,m,159
09183,2014,90 bis unter 95 Jahre,f,525
09183,2014,75 bis unter 80 Jahre,f,2692
09183,2014,75 bis unter 80 Jahre,m,2221
09183,2014,55 bis unter 60 Jahre,f,4003
09183,2014,55 bis unter 60 Jahre,m,4117
09183,2014,unter 5 Jahre,f,2313
09183,2014,unter 5 Jahre,m,2580
09183,2014,45 bis unter 50 Jahre,f,4587
09183,2014,45 bis unter 50 Jahre,m,4905
09183,2014,80 bis unter 85 Jahre,f,1857
09183,2014,80 bis unter 85 Jahre,m,1231
09183,2014,40 bis unter 45 Jahre,m,3724
09183,2014,40 bis unter 45 Jahre,f,3580
09183,2014,60 bis unter 65 Jahre,m,3297
09183,2014,60 bis unter 65 Jahre,f,3337
09183,2014,15 bis unter 20 Jahre,m,3355
09183,2014,15 bis unter 20 Jahre,f,3155
09183,2014,20 bis unter 25 Jahre,f,3029
09183,2014,20 bis unter 25 Jahre,m,3526
09183,2014,5 bis unter 10 Jahre,m,2528
09183,2014,5 bis unter 10 Jahre,f,2343
09763,2014,60 bis unter 65 Jahre,f,1999
09763,2014,60 bis unter 65 Jahre,m,1723
09763,2014,15 bis unter 20 Jahre,m,1675
09763,2014,15 bis unter 20 Jahre,f,1546
09763,2014,35 bis unter 40 Jahre,m,1962
09763,2014,35 bis unter 40 Jahre,f,1889
09763,2014,80 bis unter 85 Jahre,f,1150
09763,2014,80 bis unter 85 Jahre,m,856
09763,2014,40 bis unter 45 Jahre,f,1936
09763,2014,40 bis unter 45 Jahre,m,2011
09763,2014,20 bis unter 25 Jahre,m,2395
09763,2014,20 bis unter 25 Jahre,f,2210
09763,2014,unter 5 Jahre,m,1362
09763,2014,unter 5 Jahre,f,1300
09763,2014,75 bis unter 80 Jahre,f,1851
09763,2014,75 bis unter 80 Jahre,m,1417
09763,2014,55 bis unter 60 Jahre,m,2151
09763,2014,55 bis unter 60 Jahre,f,2257
09763,2014,90 bis unter 95 Jahre,m,139
09763,2014,90 bis unter 95 Jahre,f,430
09763,2014,5 bis unter 10 Jahre,f,1281
09763,2014,5 bis unter 10 Jahre,m,1422
09763,2014,85 bis unter 90 Jahre,m,468
09763,2014,85 bis unter 90 Jahre,f,893
09763,2014,10 bis unter 15 Jahre,m,1447
09763,2014,10 bis unter 15 Jahre,f,1383
09763,2014,30 bis unter 35 Jahre,f,2099
09763,2014,30 bis unter 35 Jahre,m,2371
09763,2014,70 bis unter 75 Jahre,f,2089
09763,2014,70 bis unter 75 Jahre,m,1842
09763,2014,95 Jahre und mehr,m,26
09763,2014,95 Jahre und mehr,f,98
09763,2014,25 bis unter 30 Jahre,m,2500
09763,2014,25 bis unter 30 Jahre,f,2231
09763,2014,45 bis unter 50 Jahre,m,2461
09763,2014,45 bis unter 50 Jahre,f,2391
09763,2014,65 bis unter 70 Jahre,m,1678
09763,2014,65 bis unter 70 Jahre,f,1927
09763,2014,50 bis unter 55 Jahre,f,2403
09763,2014,50 bis unter 55 Jahre,m,2355
05124,2014,60 bis unter 65 Jahre,m,9563
05124,2014,60 bis unter 65 Jahre,f,10644
05124,2014,40 bis unter 45 Jahre,m,10853
05124,2014,40 bis unter 45 Jahre,f,10754
05124,2014,75 bis unter 80 Jahre,m,7703
05124,2014,75 bis unter 80 Jahre,f,9844
05124,2014,55 bis unter 60 Jahre,m,11928
05124,2014,55 bis unter 60 Jahre,f,12199
05124,2014,80 bis unter 85 Jahre,m,4037
05124,2014,80 bis unter 85 Jahre,f,6485
05124,2014,15 bis unter 20 Jahre,m,8899
05124,2014,15 bis unter 20 Jahre,f,8605
05124,2014,unter 5 Jahre,m,7702
05124,2014,unter 5 Jahre,f,7230
05124,2014,20 bis unter 25 Jahre,f,10833
05124,2014,20 bis unter 25 Jahre,m,10723
05124,2014,30 bis unter 35 Jahre,f,10345
05124,2014,30 bis unter 35 Jahre,m,10919
05124,2014,85 bis unter 90 Jahre,f,4565
05124,2014,85 bis unter 90 Jahre,m,2054
05124,2014,5 bis unter 10 Jahre,m,7610
05124,2014,5 bis unter 10 Jahre,f,7459
05124,2014,25 bis unter 30 Jahre,f,11182
05124,2014,25 bis unter 30 Jahre,m,11653
05124,2014,50 bis unter 55 Jahre,f,14165
05124,2014,50 bis unter 55 Jahre,m,14376
05124,2014,95 Jahre und mehr,f,420
05124,2014,95 Jahre und mehr,m,63
05124,2014,10 bis unter 15 Jahre,m,8065
05124,2014,10 bis unter 15 Jahre,f,7798
05124,2014,70 bis unter 75 Jahre,f,10252
05124,2014,70 bis unter 75 Jahre,m,8431
05124,2014,35 bis unter 40 Jahre,f,9602
05124,2014,35 bis unter 40 Jahre,m,9782
05124,2014,90 bis unter 95 Jahre,m,623
05124,2014,90 bis unter 95 Jahre,f,2136
05124,2014,65 bis unter 70 Jahre,m,8242
05124,2014,65 bis unter 70 Jahre,f,9116
05124,2014,45 bis unter 50 Jahre,f,14025
05124,2014,45 bis unter 50 Jahre,m,14540
05334,2014,65 bis unter 70 Jahre,m,12431
05334,2014,65 bis unter 70 Jahre,f,13664
05334,2014,30 bis unter 35 Jahre,m,17856
05334,2014,30 bis unter 35 Jahre,f,16400
05334,2014,45 bis unter 50 Jahre,m,21785
05334,2014,45 bis unter 50 Jahre,f,21544
05334,2014,90 bis unter 95 Jahre,f,2851
05334,2014,90 bis unter 95 Jahre,m,787
05334,2014,70 bis unter 75 Jahre,f,14719
05334,2014,70 bis unter 75 Jahre,m,12583
05334,2014,25 bis unter 30 Jahre,m,23672
05334,2014,25 bis unter 30 Jahre,f,18626
05334,2014,5 bis unter 10 Jahre,m,11481
05334,2014,5 bis unter 10 Jahre,f,10931
05334,2014,10 bis unter 15 Jahre,m,12480
05334,2014,10 bis unter 15 Jahre,f,11914
05334,2014,50 bis unter 55 Jahre,f,21097
05334,2014,50 bis unter 55 Jahre,m,21805
05334,2014,85 bis unter 90 Jahre,f,6324
05334,2014,85 bis unter 90 Jahre,m,3163
05334,2014,35 bis unter 40 Jahre,f,14700
05334,2014,35 bis unter 40 Jahre,m,14664
05334,2014,unter 5 Jahre,f,10837
05334,2014,unter 5 Jahre,m,11508
05334,2014,60 bis unter 65 Jahre,m,15552
05334,2014,60 bis unter 65 Jahre,f,16800
05334,2014,80 bis unter 85 Jahre,f,9290
05334,2014,80 bis unter 85 Jahre,m,6381
05334,2014,55 bis unter 60 Jahre,f,18756
05334,2014,55 bis unter 60 Jahre,m,18684
05334,2014,20 bis unter 25 Jahre,m,25668
05334,2014,20 bis unter 25 Jahre,f,19068
05334,2014,75 bis unter 80 Jahre,m,11410
05334,2014,75 bis unter 80 Jahre,f,14380
05334,2014,40 bis unter 45 Jahre,m,16319
05334,2014,40 bis unter 45 Jahre,f,16460
05334,2014,95 Jahre und mehr,f,503
05334,2014,95 Jahre und mehr,m,110
05334,2014,15 bis unter 20 Jahre,m,16232
05334,2014,15 bis unter 20 Jahre,f,14226
08416,2014,15 bis unter 20 Jahre,m,6425
08416,2014,15 bis unter 20 Jahre,f,6350
08416,2014,60 bis unter 65 Jahre,f,6210
08416,2014,60 bis unter 65 Jahre,m,5926
08416,2014,35 bis unter 40 Jahre,m,6286
08416,2014,35 bis unter 40 Jahre,f,6234
08416,2014,80 bis unter 85 Jahre,f,2979
08416,2014,80 bis unter 85 Jahre,m,2009
08416,2014,40 bis unter 45 Jahre,f,6814
08416,2014,40 bis unter 45 Jahre,m,6587
08416,2014,20 bis unter 25 Jahre,m,8998
08416,2014,20 bis unter 25 Jahre,f,10468
08416,2014,unter 5 Jahre,m,4914
08416,2014,unter 5 Jahre,f,4750
08416,2014,75 bis unter 80 Jahre,m,3832
08416,2014,75 bis unter 80 Jahre,f,4773
08416,2014,55 bis unter 60 Jahre,f,7503
08416,2014,55 bis unter 60 Jahre,m,7315
08416,2014,95 Jahre und mehr,f,213
08416,2014,95 Jahre und mehr,m,41
08416,2014,5 bis unter 10 Jahre,f,4845
08416,2014,5 bis unter 10 Jahre,m,5051
08416,2014,30 bis unter 35 Jahre,m,7480
08416,2014,30 bis unter 35 Jahre,f,7279
08416,2014,25 bis unter 30 Jahre,f,8835
08416,2014,25 bis unter 30 Jahre,m,8979
08416,2014,50 bis unter 55 Jahre,f,8826
08416,2014,50 bis unter 55 Jahre,m,8663
08416,2014,70 bis unter 75 Jahre,f,4759
08416,2014,70 bis unter 75 Jahre,m,4150
08416,2014,85 bis unter 90 Jahre,f,2102
08416,2014,85 bis unter 90 Jahre,m,1026
08416,2014,90 bis unter 95 Jahre,f,978
08416,2014,90 bis unter 95 Jahre,m,294
08416,2014,45 bis unter 50 Jahre,m,8479
08416,2014,45 bis unter 50 Jahre,f,8583
08416,2014,65 bis unter 70 Jahre,m,4386
08416,2014,65 bis unter 70 Jahre,f,4424
08416,2014,10 bis unter 15 Jahre,m,5434
08416,2014,10 bis unter 15 Jahre,f,5155
05954,2014,55 bis unter 60 Jahre,m,12314
05954,2014,55 bis unter 60 Jahre,f,12632
05954,2014,unter 5 Jahre,m,6192
05954,2014,unter 5 Jahre,f,6078
05954,2014,80 bis unter 85 Jahre,f,6415
05954,2014,80 bis unter 85 Jahre,m,4249
05954,2014,35 bis unter 40 Jahre,m,8287
05954,2014,35 bis unter 40 Jahre,f,8558
05954,2014,15 bis unter 20 Jahre,m,8448
05954,2014,15 bis unter 20 Jahre,f,7790
05954,2014,40 bis unter 45 Jahre,m,9750
05954,2014,40 bis unter 45 Jahre,f,10062
05954,2014,20 bis unter 25 Jahre,m,8944
05954,2014,20 bis unter 25 Jahre,f,8405
05954,2014,60 bis unter 65 Jahre,f,11343
05954,2014,60 bis unter 65 Jahre,m,10393
05954,2014,75 bis unter 80 Jahre,m,7950
05954,2014,75 bis unter 80 Jahre,f,10160
05954,2014,5 bis unter 10 Jahre,f,6159
05954,2014,5 bis unter 10 Jahre,m,6446
05954,2014,25 bis unter 30 Jahre,f,8471
05954,2014,25 bis unter 30 Jahre,m,8720
05954,2014,30 bis unter 35 Jahre,m,8550
05954,2014,30 bis unter 35 Jahre,f,8583
05954,2014,50 bis unter 55 Jahre,f,14418
05954,2014,50 bis unter 55 Jahre,m,14292
05954,2014,45 bis unter 50 Jahre,m,14110
05954,2014,45 bis unter 50 Jahre,f,14528
05954,2014,90 bis unter 95 Jahre,f,2006
05954,2014,90 bis unter 95 Jahre,m,527
05954,2014,65 bis unter 70 Jahre,m,8455
05954,2014,65 bis unter 70 Jahre,f,9293
05954,2014,85 bis unter 90 Jahre,m,2189
05954,2014,85 bis unter 90 Jahre,f,4460
05954,2014,95 Jahre und mehr,m,66
05954,2014,95 Jahre und mehr,f,420
05954,2014,70 bis unter 75 Jahre,f,10385
05954,2014,70 bis unter 75 Jahre,m,8744
05954,2014,10 bis unter 15 Jahre,m,7319
05954,2014,10 bis unter 15 Jahre,f,6805
09773,2014,15 bis unter 20 Jahre,f,2791
09773,2014,15 bis unter 20 Jahre,m,2910
09773,2014,35 bis unter 40 Jahre,f,2682
09773,2014,35 bis unter 40 Jahre,m,2725
09773,2014,unter 5 Jahre,f,1880
09773,2014,unter 5 Jahre,m,2034
09773,2014,85 bis unter 90 Jahre,m,483
09773,2014,85 bis unter 90 Jahre,f,1019
09773,2014,55 bis unter 60 Jahre,f,3482
09773,2014,55 bis unter 60 Jahre,m,3555
09773,2014,40 bis unter 45 Jahre,f,3034
09773,2014,40 bis unter 45 Jahre,m,3119
09773,2014,70 bis unter 75 Jahre,m,2139
09773,2014,70 bis unter 75 Jahre,f,2199
09773,2014,95 Jahre und mehr,m,14
09773,2014,95 Jahre und mehr,f,82
09773,2014,80 bis unter 85 Jahre,f,1568
09773,2014,80 bis unter 85 Jahre,m,1049
09773,2014,90 bis unter 95 Jahre,f,496
09773,2014,90 bis unter 95 Jahre,m,126
09773,2014,45 bis unter 50 Jahre,m,4062
09773,2014,45 bis unter 50 Jahre,f,4001
09773,2014,10 bis unter 15 Jahre,m,2482
09773,2014,10 bis unter 15 Jahre,f,2392
09773,2014,65 bis unter 70 Jahre,m,2205
09773,2014,65 bis unter 70 Jahre,f,2304
09773,2014,20 bis unter 25 Jahre,f,2651
09773,2014,20 bis unter 25 Jahre,m,2939
09773,2014,75 bis unter 80 Jahre,f,2334
09773,2014,75 bis unter 80 Jahre,m,1909
09773,2014,5 bis unter 10 Jahre,f,2063
09773,2014,5 bis unter 10 Jahre,m,2142
09773,2014,30 bis unter 35 Jahre,f,2552
09773,2014,30 bis unter 35 Jahre,m,2700
09773,2014,60 bis unter 65 Jahre,m,2875
09773,2014,60 bis unter 65 Jahre,f,2909
09773,2014,50 bis unter 55 Jahre,f,3987
09773,2014,50 bis unter 55 Jahre,m,4122
09773,2014,25 bis unter 30 Jahre,m,2908
09773,2014,25 bis unter 30 Jahre,f,2554
03402,2014,90 bis unter 95 Jahre,m,87
03402,2014,90 bis unter 95 Jahre,f,262
03402,2014,70 bis unter 75 Jahre,m,1167
03402,2014,70 bis unter 75 Jahre,f,1366
03402,2014,15 bis unter 20 Jahre,f,1409
03402,2014,15 bis unter 20 Jahre,m,1407
03402,2014,50 bis unter 55 Jahre,m,1926
03402,2014,50 bis unter 55 Jahre,f,1884
03402,2014,30 bis unter 35 Jahre,m,1517
03402,2014,30 bis unter 35 Jahre,f,1410
03402,2014,10 bis unter 15 Jahre,m,1194
03402,2014,10 bis unter 15 Jahre,f,1200
03402,2014,55 bis unter 60 Jahre,f,1610
03402,2014,55 bis unter 60 Jahre,m,1614
03402,2014,85 bis unter 90 Jahre,m,308
03402,2014,85 bis unter 90 Jahre,f,619
03402,2014,20 bis unter 25 Jahre,f,1810
03402,2014,20 bis unter 25 Jahre,m,1937
03402,2014,65 bis unter 70 Jahre,f,1365
03402,2014,65 bis unter 70 Jahre,m,1319
03402,2014,45 bis unter 50 Jahre,m,2051
03402,2014,45 bis unter 50 Jahre,f,1950
03402,2014,unter 5 Jahre,f,1034
03402,2014,unter 5 Jahre,m,1129
03402,2014,75 bis unter 80 Jahre,f,1364
03402,2014,75 bis unter 80 Jahre,m,1038
03402,2014,80 bis unter 85 Jahre,m,555
03402,2014,80 bis unter 85 Jahre,f,879
03402,2014,95 Jahre und mehr,m,12
03402,2014,95 Jahre und mehr,f,56
03402,2014,60 bis unter 65 Jahre,m,1530
03402,2014,60 bis unter 65 Jahre,f,1587
03402,2014,5 bis unter 10 Jahre,f,1017
03402,2014,5 bis unter 10 Jahre,m,1111
03402,2014,35 bis unter 40 Jahre,m,1392
03402,2014,35 bis unter 40 Jahre,f,1314
03402,2014,40 bis unter 45 Jahre,f,1544
03402,2014,40 bis unter 45 Jahre,m,1595
03402,2014,25 bis unter 30 Jahre,m,1810
03402,2014,25 bis unter 30 Jahre,f,1637
08236,2014,75 bis unter 80 Jahre,f,5150
08236,2014,75 bis unter 80 Jahre,m,4311
08236,2014,40 bis unter 45 Jahre,f,6296
08236,2014,40 bis unter 45 Jahre,m,6168
08236,2014,20 bis unter 25 Jahre,f,4977
08236,2014,20 bis unter 25 Jahre,m,5845
08236,2014,15 bis unter 20 Jahre,m,6066
08236,2014,15 bis unter 20 Jahre,f,5516
08236,2014,35 bis unter 40 Jahre,f,5285
08236,2014,35 bis unter 40 Jahre,m,5278
08236,2014,55 bis unter 60 Jahre,f,7205
08236,2014,55 bis unter 60 Jahre,m,7264
08236,2014,60 bis unter 65 Jahre,f,6089
08236,2014,60 bis unter 65 Jahre,m,5785
08236,2014,unter 5 Jahre,m,4100
08236,2014,unter 5 Jahre,f,3813
08236,2014,80 bis unter 85 Jahre,f,3398
08236,2014,80 bis unter 85 Jahre,m,2306
08236,2014,50 bis unter 55 Jahre,m,8734
08236,2014,50 bis unter 55 Jahre,f,8622
08236,2014,85 bis unter 90 Jahre,m,1159
08236,2014,85 bis unter 90 Jahre,f,2209
08236,2014,25 bis unter 30 Jahre,f,4931
08236,2014,25 bis unter 30 Jahre,m,5365
08236,2014,30 bis unter 35 Jahre,m,5316
08236,2014,30 bis unter 35 Jahre,f,5288
08236,2014,5 bis unter 10 Jahre,m,4341
08236,2014,5 bis unter 10 Jahre,f,4149
08236,2014,95 Jahre und mehr,f,174
08236,2014,95 Jahre und mehr,m,34
08236,2014,10 bis unter 15 Jahre,f,4929
08236,2014,10 bis unter 15 Jahre,m,5134
08236,2014,45 bis unter 50 Jahre,f,8713
08236,2014,45 bis unter 50 Jahre,m,8549
08236,2014,70 bis unter 75 Jahre,f,5432
08236,2014,70 bis unter 75 Jahre,m,4984
08236,2014,65 bis unter 70 Jahre,m,4580
08236,2014,65 bis unter 70 Jahre,f,4934
08236,2014,90 bis unter 95 Jahre,m,325
08236,2014,90 bis unter 95 Jahre,f,974
03451,2014,55 bis unter 60 Jahre,m,4148
03451,2014,55 bis unter 60 Jahre,f,4340
03451,2014,35 bis unter 40 Jahre,m,3081
03451,2014,35 bis unter 40 Jahre,f,3314
03451,2014,80 bis unter 85 Jahre,f,1951
03451,2014,80 bis unter 85 Jahre,m,1386
03451,2014,75 bis unter 80 Jahre,m,3058
03451,2014,75 bis unter 80 Jahre,f,3514
03451,2014,40 bis unter 45 Jahre,f,4075
03451,2014,40 bis unter 45 Jahre,m,3881
03451,2014,60 bis unter 65 Jahre,m,3791
03451,2014,60 bis unter 65 Jahre,f,4054
03451,2014,95 Jahre und mehr,f,137
03451,2014,95 Jahre und mehr,m,13
03451,2014,20 bis unter 25 Jahre,m,3254
03451,2014,20 bis unter 25 Jahre,f,2909
03451,2014,25 bis unter 30 Jahre,f,2849
03451,2014,25 bis unter 30 Jahre,m,2946
03451,2014,15 bis unter 20 Jahre,f,3335
03451,2014,15 bis unter 20 Jahre,m,3643
03451,2014,45 bis unter 50 Jahre,f,5336
03451,2014,45 bis unter 50 Jahre,m,5353
03451,2014,50 bis unter 55 Jahre,m,5123
03451,2014,50 bis unter 55 Jahre,f,5312
03451,2014,90 bis unter 95 Jahre,f,613
03451,2014,90 bis unter 95 Jahre,m,201
03451,2014,30 bis unter 35 Jahre,m,2965
03451,2014,30 bis unter 35 Jahre,f,3104
03451,2014,70 bis unter 75 Jahre,f,3615
03451,2014,70 bis unter 75 Jahre,m,3271
03451,2014,5 bis unter 10 Jahre,m,2799
03451,2014,5 bis unter 10 Jahre,f,2563
03451,2014,10 bis unter 15 Jahre,m,3312
03451,2014,10 bis unter 15 Jahre,f,3101
03451,2014,65 bis unter 70 Jahre,f,3377
03451,2014,65 bis unter 70 Jahre,m,3251
03451,2014,85 bis unter 90 Jahre,m,701
03451,2014,85 bis unter 90 Jahre,f,1258
03451,2014,unter 5 Jahre,f,2456
03451,2014,unter 5 Jahre,m,2527
08317,2014,5 bis unter 10 Jahre,f,9519
08317,2014,5 bis unter 10 Jahre,m,9834
08317,2014,10 bis unter 15 Jahre,f,10230
08317,2014,10 bis unter 15 Jahre,m,10853
08317,2014,40 bis unter 45 Jahre,m,13247
08317,2014,40 bis unter 45 Jahre,f,13150
08317,2014,25 bis unter 30 Jahre,f,11591
08317,2014,25 bis unter 30 Jahre,m,12900
08317,2014,55 bis unter 60 Jahre,m,15551
08317,2014,55 bis unter 60 Jahre,f,15385
08317,2014,80 bis unter 85 Jahre,m,5065
08317,2014,80 bis unter 85 Jahre,f,7154
08317,2014,50 bis unter 55 Jahre,f,17707
08317,2014,50 bis unter 55 Jahre,m,18352
08317,2014,65 bis unter 70 Jahre,f,9652
08317,2014,65 bis unter 70 Jahre,m,9451
08317,2014,70 bis unter 75 Jahre,f,10674
08317,2014,70 bis unter 75 Jahre,m,9312
08317,2014,35 bis unter 40 Jahre,m,11496
08317,2014,35 bis unter 40 Jahre,f,11371
08317,2014,90 bis unter 95 Jahre,f,2445
08317,2014,90 bis unter 95 Jahre,m,702
08317,2014,45 bis unter 50 Jahre,m,17730
08317,2014,45 bis unter 50 Jahre,f,17346
08317,2014,60 bis unter 65 Jahre,f,13663
08317,2014,60 bis unter 65 Jahre,m,13287
08317,2014,15 bis unter 20 Jahre,m,12337
08317,2014,15 bis unter 20 Jahre,f,11437
08317,2014,95 Jahre und mehr,m,96
08317,2014,95 Jahre und mehr,f,454
08317,2014,85 bis unter 90 Jahre,m,2662
08317,2014,85 bis unter 90 Jahre,f,5287
08317,2014,30 bis unter 35 Jahre,m,11983
08317,2014,30 bis unter 35 Jahre,f,11762
08317,2014,unter 5 Jahre,f,8712
08317,2014,unter 5 Jahre,m,9336
08317,2014,75 bis unter 80 Jahre,f,11253
08317,2014,75 bis unter 80 Jahre,m,9149
08317,2014,20 bis unter 25 Jahre,m,12305
08317,2014,20 bis unter 25 Jahre,f,11199
05978,2014,40 bis unter 45 Jahre,f,12628
05978,2014,40 bis unter 45 Jahre,m,12166
05978,2014,75 bis unter 80 Jahre,f,11455
05978,2014,75 bis unter 80 Jahre,m,8692
05978,2014,55 bis unter 60 Jahre,f,15735
05978,2014,55 bis unter 60 Jahre,m,14904
05978,2014,95 Jahre und mehr,f,402
05978,2014,95 Jahre und mehr,m,74
05978,2014,unter 5 Jahre,f,7486
05978,2014,unter 5 Jahre,m,7874
05978,2014,35 bis unter 40 Jahre,f,11016
05978,2014,35 bis unter 40 Jahre,m,10646
05978,2014,20 bis unter 25 Jahre,f,9936
05978,2014,20 bis unter 25 Jahre,m,11161
05978,2014,15 bis unter 20 Jahre,f,10603
05978,2014,15 bis unter 20 Jahre,m,11185
05978,2014,60 bis unter 65 Jahre,f,13775
05978,2014,60 bis unter 65 Jahre,m,12649
05978,2014,90 bis unter 95 Jahre,m,600
05978,2014,90 bis unter 95 Jahre,f,2232
05978,2014,85 bis unter 90 Jahre,m,2482
05978,2014,85 bis unter 90 Jahre,f,5204
05978,2014,30 bis unter 35 Jahre,m,10383
05978,2014,30 bis unter 35 Jahre,f,10245
05978,2014,65 bis unter 70 Jahre,m,9876
05978,2014,65 bis unter 70 Jahre,f,10754
05978,2014,5 bis unter 10 Jahre,f,7848
05978,2014,5 bis unter 10 Jahre,m,8337
05978,2014,10 bis unter 15 Jahre,m,9647
05978,2014,10 bis unter 15 Jahre,f,9044
05978,2014,50 bis unter 55 Jahre,f,17378
05978,2014,50 bis unter 55 Jahre,m,17012
05978,2014,25 bis unter 30 Jahre,f,9919
05978,2014,25 bis unter 30 Jahre,m,10413
05978,2014,70 bis unter 75 Jahre,m,10073
05978,2014,70 bis unter 75 Jahre,f,11731
05978,2014,80 bis unter 85 Jahre,m,4995
05978,2014,80 bis unter 85 Jahre,f,7608
05978,2014,45 bis unter 50 Jahre,m,16626
05978,2014,45 bis unter 50 Jahre,f,16980
09375,2014,50 bis unter 55 Jahre,m,8538
09375,2014,50 bis unter 55 Jahre,f,8315
09375,2014,70 bis unter 75 Jahre,m,4259
09375,2014,70 bis unter 75 Jahre,f,4425
09375,2014,30 bis unter 35 Jahre,m,5456
09375,2014,30 bis unter 35 Jahre,f,5485
09375,2014,35 bis unter 40 Jahre,f,5724
09375,2014,35 bis unter 40 Jahre,m,5679
09375,2014,65 bis unter 70 Jahre,m,4554
09375,2014,65 bis unter 70 Jahre,f,4604
09375,2014,90 bis unter 95 Jahre,m,228
09375,2014,90 bis unter 95 Jahre,f,739
09375,2014,45 bis unter 50 Jahre,f,8245
09375,2014,45 bis unter 50 Jahre,m,8392
09375,2014,unter 5 Jahre,f,4024
09375,2014,unter 5 Jahre,m,4374
09375,2014,25 bis unter 30 Jahre,m,5390
09375,2014,25 bis unter 30 Jahre,f,4858
09375,2014,80 bis unter 85 Jahre,f,2771
09375,2014,80 bis unter 85 Jahre,m,1836
09375,2014,55 bis unter 60 Jahre,f,7147
09375,2014,55 bis unter 60 Jahre,m,7129
09375,2014,60 bis unter 65 Jahre,m,5994
09375,2014,60 bis unter 65 Jahre,f,6030
09375,2014,75 bis unter 80 Jahre,m,3533
09375,2014,75 bis unter 80 Jahre,f,4179
09375,2014,95 Jahre und mehr,f,133
09375,2014,95 Jahre und mehr,m,19
09375,2014,15 bis unter 20 Jahre,m,5476
09375,2014,15 bis unter 20 Jahre,f,5162
09375,2014,10 bis unter 15 Jahre,f,4567
09375,2014,10 bis unter 15 Jahre,m,4813
09375,2014,40 bis unter 45 Jahre,m,6626
09375,2014,40 bis unter 45 Jahre,f,6548
09375,2014,20 bis unter 25 Jahre,f,5011
09375,2014,20 bis unter 25 Jahre,m,5597
09375,2014,5 bis unter 10 Jahre,m,4425
09375,2014,5 bis unter 10 Jahre,f,4135
09375,2014,85 bis unter 90 Jahre,f,1855
09375,2014,85 bis unter 90 Jahre,m,930
08125,2014,5 bis unter 10 Jahre,f,7376
08125,2014,5 bis unter 10 Jahre,m,7677
08125,2014,40 bis unter 45 Jahre,m,11273
08125,2014,40 bis unter 45 Jahre,f,11138
08125,2014,10 bis unter 15 Jahre,f,8572
08125,2014,10 bis unter 15 Jahre,m,8769
08125,2014,65 bis unter 70 Jahre,f,7849
08125,2014,65 bis unter 70 Jahre,m,7439
08125,2014,25 bis unter 30 Jahre,f,9239
08125,2014,25 bis unter 30 Jahre,m,10094
08125,2014,55 bis unter 60 Jahre,m,12047
08125,2014,55 bis unter 60 Jahre,f,11718
08125,2014,80 bis unter 85 Jahre,m,3614
08125,2014,80 bis unter 85 Jahre,f,5130
08125,2014,50 bis unter 55 Jahre,f,14169
08125,2014,50 bis unter 55 Jahre,m,14735
08125,2014,70 bis unter 75 Jahre,f,8250
08125,2014,70 bis unter 75 Jahre,m,7442
08125,2014,35 bis unter 40 Jahre,m,10112
08125,2014,35 bis unter 40 Jahre,f,9840
08125,2014,15 bis unter 20 Jahre,m,10005
08125,2014,15 bis unter 20 Jahre,f,9393
08125,2014,60 bis unter 65 Jahre,f,10167
08125,2014,60 bis unter 65 Jahre,m,9735
08125,2014,95 Jahre und mehr,f,251
08125,2014,95 Jahre und mehr,m,44
08125,2014,90 bis unter 95 Jahre,f,1513
08125,2014,90 bis unter 95 Jahre,m,473
08125,2014,45 bis unter 50 Jahre,m,14647
08125,2014,45 bis unter 50 Jahre,f,14081
08125,2014,30 bis unter 35 Jahre,m,10085
08125,2014,30 bis unter 35 Jahre,f,9691
08125,2014,unter 5 Jahre,f,7035
08125,2014,unter 5 Jahre,m,7325
08125,2014,75 bis unter 80 Jahre,f,7998
08125,2014,75 bis unter 80 Jahre,m,6653
08125,2014,85 bis unter 90 Jahre,f,3265
08125,2014,85 bis unter 90 Jahre,m,1737
08125,2014,20 bis unter 25 Jahre,f,8664
08125,2014,20 bis unter 25 Jahre,m,10005
07235,2014,90 bis unter 95 Jahre,f,831
07235,2014,90 bis unter 95 Jahre,m,224
07235,2014,70 bis unter 75 Jahre,f,3588
07235,2014,70 bis unter 75 Jahre,m,3202
07235,2014,25 bis unter 30 Jahre,m,3802
07235,2014,25 bis unter 30 Jahre,f,3750
07235,2014,10 bis unter 15 Jahre,m,3595
07235,2014,10 bis unter 15 Jahre,f,3437
07235,2014,50 bis unter 55 Jahre,f,6514
07235,2014,50 bis unter 55 Jahre,m,6695
07235,2014,5 bis unter 10 Jahre,m,3403
07235,2014,5 bis unter 10 Jahre,f,3233
07235,2014,30 bis unter 35 Jahre,f,4210
07235,2014,30 bis unter 35 Jahre,m,4145
07235,2014,85 bis unter 90 Jahre,m,894
07235,2014,85 bis unter 90 Jahre,f,1796
07235,2014,65 bis unter 70 Jahre,f,3261
07235,2014,65 bis unter 70 Jahre,m,3309
07235,2014,45 bis unter 50 Jahre,m,6645
07235,2014,45 bis unter 50 Jahre,f,6404
07235,2014,95 Jahre und mehr,m,27
07235,2014,95 Jahre und mehr,f,112
07235,2014,60 bis unter 65 Jahre,m,5073
07235,2014,60 bis unter 65 Jahre,f,4959
07235,2014,40 bis unter 45 Jahre,m,4797
07235,2014,40 bis unter 45 Jahre,f,4940
07235,2014,35 bis unter 40 Jahre,f,4368
07235,2014,35 bis unter 40 Jahre,m,4090
07235,2014,80 bis unter 85 Jahre,f,2506
07235,2014,80 bis unter 85 Jahre,m,1689
07235,2014,15 bis unter 20 Jahre,m,4106
07235,2014,15 bis unter 20 Jahre,f,3930
07235,2014,55 bis unter 60 Jahre,m,5624
07235,2014,55 bis unter 60 Jahre,f,5504
07235,2014,unter 5 Jahre,f,3108
07235,2014,unter 5 Jahre,m,3146
07235,2014,20 bis unter 25 Jahre,m,3899
07235,2014,20 bis unter 25 Jahre,f,3540
07235,2014,75 bis unter 80 Jahre,m,3048
07235,2014,75 bis unter 80 Jahre,f,3823
09189,2014,75 bis unter 80 Jahre,m,4093
09189,2014,75 bis unter 80 Jahre,f,4874
09189,2014,40 bis unter 45 Jahre,m,5374
09189,2014,40 bis unter 45 Jahre,f,5387
09189,2014,20 bis unter 25 Jahre,m,5195
09189,2014,20 bis unter 25 Jahre,f,4698
09189,2014,80 bis unter 85 Jahre,f,2991
09189,2014,80 bis unter 85 Jahre,m,2194
09189,2014,35 bis unter 40 Jahre,m,4637
09189,2014,35 bis unter 40 Jahre,f,4741
09189,2014,55 bis unter 60 Jahre,m,6092
09189,2014,55 bis unter 60 Jahre,f,6216
09189,2014,60 bis unter 65 Jahre,m,5146
09189,2014,60 bis unter 65 Jahre,f,5467
09189,2014,95 Jahre und mehr,m,48
09189,2014,95 Jahre und mehr,f,192
09189,2014,10 bis unter 15 Jahre,f,4009
09189,2014,10 bis unter 15 Jahre,m,4211
09189,2014,unter 5 Jahre,f,3453
09189,2014,unter 5 Jahre,m,3592
09189,2014,65 bis unter 70 Jahre,f,4981
09189,2014,65 bis unter 70 Jahre,m,4510
09189,2014,5 bis unter 10 Jahre,f,3720
09189,2014,5 bis unter 10 Jahre,m,3824
09189,2014,30 bis unter 35 Jahre,f,4650
09189,2014,30 bis unter 35 Jahre,m,4921
09189,2014,90 bis unter 95 Jahre,m,312
09189,2014,90 bis unter 95 Jahre,f,1080
09189,2014,85 bis unter 90 Jahre,f,2192
09189,2014,85 bis unter 90 Jahre,m,1160
09189,2014,50 bis unter 55 Jahre,f,7432
09189,2014,50 bis unter 55 Jahre,m,7374
09189,2014,45 bis unter 50 Jahre,m,6990
09189,2014,45 bis unter 50 Jahre,f,7112
09189,2014,15 bis unter 20 Jahre,f,4666
09189,2014,15 bis unter 20 Jahre,m,4986
09189,2014,70 bis unter 75 Jahre,m,4589
09189,2014,70 bis unter 75 Jahre,f,5280
09189,2014,25 bis unter 30 Jahre,f,4619
09189,2014,25 bis unter 30 Jahre,m,4970
03255,2014,90 bis unter 95 Jahre,m,191
03255,2014,90 bis unter 95 Jahre,f,551
03255,2014,30 bis unter 35 Jahre,m,1758
03255,2014,30 bis unter 35 Jahre,f,1636
03255,2014,unter 5 Jahre,f,1238
03255,2014,unter 5 Jahre,m,1277
03255,2014,15 bis unter 20 Jahre,f,1930
03255,2014,15 bis unter 20 Jahre,m,2040
03255,2014,45 bis unter 50 Jahre,m,2940
03255,2014,45 bis unter 50 Jahre,f,2987
03255,2014,85 bis unter 90 Jahre,m,609
03255,2014,85 bis unter 90 Jahre,f,1108
03255,2014,40 bis unter 45 Jahre,f,2104
03255,2014,40 bis unter 45 Jahre,m,2055
03255,2014,70 bis unter 75 Jahre,m,2113
03255,2014,70 bis unter 75 Jahre,f,2287
03255,2014,55 bis unter 60 Jahre,f,2658
03255,2014,55 bis unter 60 Jahre,m,2699
03255,2014,75 bis unter 80 Jahre,f,2440
03255,2014,75 bis unter 80 Jahre,m,2026
03255,2014,65 bis unter 70 Jahre,f,2098
03255,2014,65 bis unter 70 Jahre,m,2035
03255,2014,10 bis unter 15 Jahre,m,1731
03255,2014,10 bis unter 15 Jahre,f,1590
03255,2014,95 Jahre und mehr,m,19
03255,2014,95 Jahre und mehr,f,95
03255,2014,20 bis unter 25 Jahre,f,1770
03255,2014,20 bis unter 25 Jahre,m,2052
03255,2014,5 bis unter 10 Jahre,f,1295
03255,2014,5 bis unter 10 Jahre,m,1388
03255,2014,60 bis unter 65 Jahre,m,2498
03255,2014,60 bis unter 65 Jahre,f,2552
03255,2014,80 bis unter 85 Jahre,m,1016
03255,2014,80 bis unter 85 Jahre,f,1592
03255,2014,25 bis unter 30 Jahre,m,1979
03255,2014,25 bis unter 30 Jahre,f,1627
03255,2014,35 bis unter 40 Jahre,m,1654
03255,2014,35 bis unter 40 Jahre,f,1671
03255,2014,50 bis unter 55 Jahre,f,3024
03255,2014,50 bis unter 55 Jahre,m,3105
05117,2014,20 bis unter 25 Jahre,m,4563
05117,2014,20 bis unter 25 Jahre,f,4212
05117,2014,55 bis unter 60 Jahre,m,6049
05117,2014,55 bis unter 60 Jahre,f,6398
05117,2014,75 bis unter 80 Jahre,m,4015
05117,2014,75 bis unter 80 Jahre,f,5573
05117,2014,unter 5 Jahre,m,3496
05117,2014,unter 5 Jahre,f,3303
05117,2014,60 bis unter 65 Jahre,m,5212
05117,2014,60 bis unter 65 Jahre,f,5810
05117,2014,40 bis unter 45 Jahre,m,5063
05117,2014,40 bis unter 45 Jahre,f,5348
05117,2014,80 bis unter 85 Jahre,f,3619
05117,2014,80 bis unter 85 Jahre,m,2383
05117,2014,35 bis unter 40 Jahre,m,4313
05117,2014,35 bis unter 40 Jahre,f,4597
05117,2014,95 Jahre und mehr,m,36
05117,2014,95 Jahre und mehr,f,232
05117,2014,30 bis unter 35 Jahre,f,4657
05117,2014,30 bis unter 35 Jahre,m,4502
05117,2014,10 bis unter 15 Jahre,f,3473
05117,2014,10 bis unter 15 Jahre,m,3705
05117,2014,5 bis unter 10 Jahre,f,3337
05117,2014,5 bis unter 10 Jahre,m,3381
05117,2014,90 bis unter 95 Jahre,m,380
05117,2014,90 bis unter 95 Jahre,f,1084
05117,2014,85 bis unter 90 Jahre,f,2464
05117,2014,85 bis unter 90 Jahre,m,1244
05117,2014,65 bis unter 70 Jahre,m,4157
05117,2014,65 bis unter 70 Jahre,f,4871
05117,2014,70 bis unter 75 Jahre,m,4498
05117,2014,70 bis unter 75 Jahre,f,5520
05117,2014,50 bis unter 55 Jahre,f,7137
05117,2014,50 bis unter 55 Jahre,m,7033
05117,2014,45 bis unter 50 Jahre,m,7074
05117,2014,45 bis unter 50 Jahre,f,7221
05117,2014,15 bis unter 20 Jahre,f,3814
05117,2014,15 bis unter 20 Jahre,m,4009
05117,2014,25 bis unter 30 Jahre,f,4590
05117,2014,25 bis unter 30 Jahre,m,4735
09577,2014,85 bis unter 90 Jahre,f,1114
09577,2014,85 bis unter 90 Jahre,m,579
09577,2014,5 bis unter 10 Jahre,m,2067
09577,2014,5 bis unter 10 Jahre,f,1889
09577,2014,50 bis unter 55 Jahre,f,4075
09577,2014,50 bis unter 55 Jahre,m,4322
09577,2014,30 bis unter 35 Jahre,f,2505
09577,2014,30 bis unter 35 Jahre,m,2579
09577,2014,70 bis unter 75 Jahre,f,2495
09577,2014,70 bis unter 75 Jahre,m,2176
09577,2014,45 bis unter 50 Jahre,f,3792
09577,2014,45 bis unter 50 Jahre,m,3825
09577,2014,65 bis unter 70 Jahre,f,2327
09577,2014,65 bis unter 70 Jahre,m,2296
09577,2014,25 bis unter 30 Jahre,m,2826
09577,2014,25 bis unter 30 Jahre,f,2498
09577,2014,10 bis unter 15 Jahre,m,2381
09577,2014,10 bis unter 15 Jahre,f,2287
09577,2014,90 bis unter 95 Jahre,f,577
09577,2014,90 bis unter 95 Jahre,m,149
09577,2014,95 Jahre und mehr,m,15
09577,2014,95 Jahre und mehr,f,100
09577,2014,60 bis unter 65 Jahre,m,3015
09577,2014,60 bis unter 65 Jahre,f,3062
09577,2014,35 bis unter 40 Jahre,f,2472
09577,2014,35 bis unter 40 Jahre,m,2619
09577,2014,40 bis unter 45 Jahre,m,2870
09577,2014,40 bis unter 45 Jahre,f,2699
09577,2014,15 bis unter 20 Jahre,m,2763
09577,2014,15 bis unter 20 Jahre,f,2536
09577,2014,20 bis unter 25 Jahre,f,2496
09577,2014,20 bis unter 25 Jahre,m,2790
09577,2014,unter 5 Jahre,f,1764
09577,2014,unter 5 Jahre,m,1880
09577,2014,55 bis unter 60 Jahre,f,3466
09577,2014,55 bis unter 60 Jahre,m,3593
09577,2014,80 bis unter 85 Jahre,f,1754
09577,2014,80 bis unter 85 Jahre,m,1127
09577,2014,75 bis unter 80 Jahre,m,2103
09577,2014,75 bis unter 80 Jahre,f,2635
09172,2014,5 bis unter 10 Jahre,f,1995
09172,2014,5 bis unter 10 Jahre,m,2141
09172,2014,60 bis unter 65 Jahre,m,2864
09172,2014,60 bis unter 65 Jahre,f,3257
09172,2014,45 bis unter 50 Jahre,f,4095
09172,2014,45 bis unter 50 Jahre,m,4227
09172,2014,95 Jahre und mehr,f,143
09172,2014,95 Jahre und mehr,m,37
09172,2014,75 bis unter 80 Jahre,m,2421
09172,2014,75 bis unter 80 Jahre,f,3098
09172,2014,30 bis unter 35 Jahre,f,3026
09172,2014,30 bis unter 35 Jahre,m,3231
09172,2014,70 bis unter 75 Jahre,f,3330
09172,2014,70 bis unter 75 Jahre,m,2954
09172,2014,20 bis unter 25 Jahre,m,3375
09172,2014,20 bis unter 25 Jahre,f,2929
09172,2014,25 bis unter 30 Jahre,m,3399
09172,2014,25 bis unter 30 Jahre,f,3075
09172,2014,50 bis unter 55 Jahre,m,4072
09172,2014,50 bis unter 55 Jahre,f,4254
09172,2014,15 bis unter 20 Jahre,m,2819
09172,2014,15 bis unter 20 Jahre,f,2563
09172,2014,40 bis unter 45 Jahre,m,3156
09172,2014,40 bis unter 45 Jahre,f,3105
09172,2014,unter 5 Jahre,f,2053
09172,2014,unter 5 Jahre,m,2144
09172,2014,35 bis unter 40 Jahre,f,2889
09172,2014,35 bis unter 40 Jahre,m,2869
09172,2014,85 bis unter 90 Jahre,m,721
09172,2014,85 bis unter 90 Jahre,f,1318
09172,2014,55 bis unter 60 Jahre,f,3484
09172,2014,55 bis unter 60 Jahre,m,3363
09172,2014,90 bis unter 95 Jahre,f,814
09172,2014,90 bis unter 95 Jahre,m,225
09172,2014,10 bis unter 15 Jahre,m,2322
09172,2014,10 bis unter 15 Jahre,f,2198
09172,2014,80 bis unter 85 Jahre,f,1897
09172,2014,80 bis unter 85 Jahre,m,1284
09172,2014,65 bis unter 70 Jahre,m,2697
09172,2014,65 bis unter 70 Jahre,f,3132
09278,2014,55 bis unter 60 Jahre,m,3778
09278,2014,55 bis unter 60 Jahre,f,3641
09278,2014,80 bis unter 85 Jahre,f,1660
09278,2014,80 bis unter 85 Jahre,m,1000
09278,2014,35 bis unter 40 Jahre,m,2915
09278,2014,35 bis unter 40 Jahre,f,2838
09278,2014,75 bis unter 80 Jahre,m,1925
09278,2014,75 bis unter 80 Jahre,f,2301
09278,2014,40 bis unter 45 Jahre,f,3509
09278,2014,40 bis unter 45 Jahre,m,3515
09278,2014,60 bis unter 65 Jahre,m,3117
09278,2014,60 bis unter 65 Jahre,f,3109
09278,2014,20 bis unter 25 Jahre,m,3068
09278,2014,20 bis unter 25 Jahre,f,2681
09278,2014,5 bis unter 10 Jahre,f,2236
09278,2014,5 bis unter 10 Jahre,m,2271
09278,2014,unter 5 Jahre,f,2005
09278,2014,unter 5 Jahre,m,2121
09278,2014,85 bis unter 90 Jahre,f,1033
09278,2014,85 bis unter 90 Jahre,m,465
09278,2014,10 bis unter 15 Jahre,f,2451
09278,2014,10 bis unter 15 Jahre,m,2681
09278,2014,90 bis unter 95 Jahre,m,113
09278,2014,90 bis unter 95 Jahre,f,420
09278,2014,65 bis unter 70 Jahre,m,2340
09278,2014,65 bis unter 70 Jahre,f,2400
09278,2014,45 bis unter 50 Jahre,m,4429
09278,2014,45 bis unter 50 Jahre,f,4179
09278,2014,70 bis unter 75 Jahre,f,2240
09278,2014,70 bis unter 75 Jahre,m,2181
09278,2014,25 bis unter 30 Jahre,m,2890
09278,2014,25 bis unter 30 Jahre,f,2472
09278,2014,30 bis unter 35 Jahre,m,2834
09278,2014,30 bis unter 35 Jahre,f,2725
09278,2014,50 bis unter 55 Jahre,f,4234
09278,2014,50 bis unter 55 Jahre,m,4466
09278,2014,15 bis unter 20 Jahre,f,2749
09278,2014,15 bis unter 20 Jahre,m,2908
09278,2014,95 Jahre und mehr,f,53
09278,2014,95 Jahre und mehr,m,14
09276,2014,75 bis unter 80 Jahre,f,2276
09276,2014,75 bis unter 80 Jahre,m,1663
09276,2014,55 bis unter 60 Jahre,f,3055
09276,2014,55 bis unter 60 Jahre,m,3137
09276,2014,unter 5 Jahre,f,1323
09276,2014,unter 5 Jahre,m,1540
09276,2014,35 bis unter 40 Jahre,f,2094
09276,2014,35 bis unter 40 Jahre,m,2050
09276,2014,40 bis unter 45 Jahre,f,2403
09276,2014,40 bis unter 45 Jahre,m,2485
09276,2014,95 Jahre und mehr,m,13
09276,2014,95 Jahre und mehr,f,45
09276,2014,20 bis unter 25 Jahre,f,2019
09276,2014,20 bis unter 25 Jahre,m,2352
09276,2014,15 bis unter 20 Jahre,f,1946
09276,2014,15 bis unter 20 Jahre,m,2074
09276,2014,80 bis unter 85 Jahre,f,1478
09276,2014,80 bis unter 85 Jahre,m,870
09276,2014,70 bis unter 75 Jahre,m,1729
09276,2014,70 bis unter 75 Jahre,f,1969
09276,2014,65 bis unter 70 Jahre,m,2153
09276,2014,65 bis unter 70 Jahre,f,2042
09276,2014,45 bis unter 50 Jahre,m,3172
09276,2014,45 bis unter 50 Jahre,f,3125
09276,2014,90 bis unter 95 Jahre,f,346
09276,2014,90 bis unter 95 Jahre,m,97
09276,2014,10 bis unter 15 Jahre,f,1752
09276,2014,10 bis unter 15 Jahre,m,1873
09276,2014,85 bis unter 90 Jahre,f,982
09276,2014,85 bis unter 90 Jahre,m,435
09276,2014,5 bis unter 10 Jahre,f,1455
09276,2014,5 bis unter 10 Jahre,m,1532
09276,2014,25 bis unter 30 Jahre,m,2370
09276,2014,25 bis unter 30 Jahre,f,2022
09276,2014,30 bis unter 35 Jahre,f,1987
09276,2014,30 bis unter 35 Jahre,m,2235
09276,2014,60 bis unter 65 Jahre,m,2723
09276,2014,60 bis unter 65 Jahre,f,2731
09276,2014,50 bis unter 55 Jahre,m,3349
09276,2014,50 bis unter 55 Jahre,f,3363
03361,2014,25 bis unter 30 Jahre,m,3430
03361,2014,25 bis unter 30 Jahre,f,3299
03361,2014,90 bis unter 95 Jahre,f,733
03361,2014,90 bis unter 95 Jahre,m,212
03361,2014,45 bis unter 50 Jahre,m,5848
03361,2014,45 bis unter 50 Jahre,f,5886
03361,2014,5 bis unter 10 Jahre,m,3101
03361,2014,5 bis unter 10 Jahre,f,2978
03361,2014,50 bis unter 55 Jahre,f,5896
03361,2014,50 bis unter 55 Jahre,m,5685
03361,2014,30 bis unter 35 Jahre,m,3473
03361,2014,30 bis unter 35 Jahre,f,3593
03361,2014,70 bis unter 75 Jahre,f,3871
03361,2014,70 bis unter 75 Jahre,m,3695
03361,2014,10 bis unter 15 Jahre,m,3468
03361,2014,10 bis unter 15 Jahre,f,3430
03361,2014,65 bis unter 70 Jahre,f,3709
03361,2014,65 bis unter 70 Jahre,m,3563
03361,2014,95 Jahre und mehr,m,24
03361,2014,95 Jahre und mehr,f,155
03361,2014,85 bis unter 90 Jahre,m,732
03361,2014,85 bis unter 90 Jahre,f,1481
03361,2014,80 bis unter 85 Jahre,m,1377
03361,2014,80 bis unter 85 Jahre,f,2140
03361,2014,unter 5 Jahre,f,2912
03361,2014,unter 5 Jahre,m,3025
03361,2014,20 bis unter 25 Jahre,f,3224
03361,2014,20 bis unter 25 Jahre,m,3593
03361,2014,75 bis unter 80 Jahre,f,3545
03361,2014,75 bis unter 80 Jahre,m,3107
03361,2014,35 bis unter 40 Jahre,m,3452
03361,2014,35 bis unter 40 Jahre,f,3588
03361,2014,55 bis unter 60 Jahre,m,4842
03361,2014,55 bis unter 60 Jahre,f,5002
03361,2014,60 bis unter 65 Jahre,m,4360
03361,2014,60 bis unter 65 Jahre,f,4477
03361,2014,40 bis unter 45 Jahre,f,4438
03361,2014,40 bis unter 45 Jahre,m,4284
03361,2014,15 bis unter 20 Jahre,f,3689
03361,2014,15 bis unter 20 Jahre,m,3898
09473,2014,15 bis unter 20 Jahre,f,2213
09473,2014,15 bis unter 20 Jahre,m,2398
09473,2014,35 bis unter 40 Jahre,f,2306
09473,2014,35 bis unter 40 Jahre,m,2247
09473,2014,20 bis unter 25 Jahre,f,2084
09473,2014,20 bis unter 25 Jahre,m,2466
09473,2014,unter 5 Jahre,f,1569
09473,2014,unter 5 Jahre,m,1728
09473,2014,40 bis unter 45 Jahre,f,2794
09473,2014,40 bis unter 45 Jahre,m,2689
09473,2014,70 bis unter 75 Jahre,m,2124
09473,2014,70 bis unter 75 Jahre,f,2418
09473,2014,85 bis unter 90 Jahre,m,569
09473,2014,85 bis unter 90 Jahre,f,1112
09473,2014,55 bis unter 60 Jahre,f,3373
09473,2014,55 bis unter 60 Jahre,m,3517
09473,2014,80 bis unter 85 Jahre,f,1740
09473,2014,80 bis unter 85 Jahre,m,1136
09473,2014,10 bis unter 15 Jahre,m,2105
09473,2014,10 bis unter 15 Jahre,f,1965
09473,2014,45 bis unter 50 Jahre,m,3822
09473,2014,45 bis unter 50 Jahre,f,3713
09473,2014,75 bis unter 80 Jahre,m,2076
09473,2014,75 bis unter 80 Jahre,f,2659
09473,2014,95 Jahre und mehr,m,19
09473,2014,95 Jahre und mehr,f,71
09473,2014,65 bis unter 70 Jahre,m,2340
09473,2014,65 bis unter 70 Jahre,f,2312
09473,2014,90 bis unter 95 Jahre,f,485
09473,2014,90 bis unter 95 Jahre,m,198
09473,2014,25 bis unter 30 Jahre,f,2200
09473,2014,25 bis unter 30 Jahre,m,2411
09473,2014,30 bis unter 35 Jahre,f,2301
09473,2014,30 bis unter 35 Jahre,m,2324
09473,2014,60 bis unter 65 Jahre,m,2856
09473,2014,60 bis unter 65 Jahre,f,3055
09473,2014,5 bis unter 10 Jahre,f,1649
09473,2014,5 bis unter 10 Jahre,m,1729
09473,2014,50 bis unter 55 Jahre,m,3987
09473,2014,50 bis unter 55 Jahre,f,3955
09478,2014,70 bis unter 75 Jahre,m,1682
09478,2014,70 bis unter 75 Jahre,f,1814
09478,2014,90 bis unter 95 Jahre,m,96
09478,2014,90 bis unter 95 Jahre,f,427
09478,2014,15 bis unter 20 Jahre,f,1732
09478,2014,15 bis unter 20 Jahre,m,1792
09478,2014,50 bis unter 55 Jahre,m,3132
09478,2014,50 bis unter 55 Jahre,f,2943
09478,2014,35 bis unter 40 Jahre,f,1818
09478,2014,35 bis unter 40 Jahre,m,1837
09478,2014,65 bis unter 70 Jahre,m,1640
09478,2014,65 bis unter 70 Jahre,f,1685
09478,2014,unter 5 Jahre,f,1316
09478,2014,unter 5 Jahre,m,1334
09478,2014,30 bis unter 35 Jahre,m,1808
09478,2014,30 bis unter 35 Jahre,f,1775
09478,2014,95 Jahre und mehr,f,52
09478,2014,95 Jahre und mehr,m,12
09478,2014,60 bis unter 65 Jahre,f,2265
09478,2014,60 bis unter 65 Jahre,m,2232
09478,2014,25 bis unter 30 Jahre,m,1813
09478,2014,25 bis unter 30 Jahre,f,1727
09478,2014,55 bis unter 60 Jahre,f,2634
09478,2014,55 bis unter 60 Jahre,m,2668
09478,2014,45 bis unter 50 Jahre,m,2834
09478,2014,45 bis unter 50 Jahre,f,2805
09478,2014,80 bis unter 85 Jahre,f,1356
09478,2014,80 bis unter 85 Jahre,m,816
09478,2014,40 bis unter 45 Jahre,m,2156
09478,2014,40 bis unter 45 Jahre,f,2185
09478,2014,10 bis unter 15 Jahre,f,1437
09478,2014,10 bis unter 15 Jahre,m,1506
09478,2014,85 bis unter 90 Jahre,f,843
09478,2014,85 bis unter 90 Jahre,m,391
09478,2014,75 bis unter 80 Jahre,f,1973
09478,2014,75 bis unter 80 Jahre,m,1592
09478,2014,5 bis unter 10 Jahre,m,1326
09478,2014,5 bis unter 10 Jahre,f,1312
09478,2014,20 bis unter 25 Jahre,f,1755
09478,2014,20 bis unter 25 Jahre,m,2019
06631,2014,50 bis unter 55 Jahre,m,9209
06631,2014,50 bis unter 55 Jahre,f,9048
06631,2014,85 bis unter 90 Jahre,m,1460
06631,2014,85 bis unter 90 Jahre,f,2858
06631,2014,30 bis unter 35 Jahre,m,6398
06631,2014,30 bis unter 35 Jahre,f,6111
06631,2014,65 bis unter 70 Jahre,m,4864
06631,2014,65 bis unter 70 Jahre,f,5178
06631,2014,90 bis unter 95 Jahre,m,473
06631,2014,90 bis unter 95 Jahre,f,1364
06631,2014,70 bis unter 75 Jahre,m,5086
06631,2014,70 bis unter 75 Jahre,f,5621
06631,2014,25 bis unter 30 Jahre,m,6770
06631,2014,25 bis unter 30 Jahre,f,6309
06631,2014,10 bis unter 15 Jahre,m,5723
06631,2014,10 bis unter 15 Jahre,f,5442
06631,2014,35 bis unter 40 Jahre,f,5936
06631,2014,35 bis unter 40 Jahre,m,5938
06631,2014,60 bis unter 65 Jahre,f,6714
06631,2014,60 bis unter 65 Jahre,m,6517
06631,2014,40 bis unter 45 Jahre,f,7151
06631,2014,40 bis unter 45 Jahre,m,6853
06631,2014,15 bis unter 20 Jahre,f,6182
06631,2014,15 bis unter 20 Jahre,m,6596
06631,2014,5 bis unter 10 Jahre,m,4812
06631,2014,5 bis unter 10 Jahre,f,4680
06631,2014,95 Jahre und mehr,f,239
06631,2014,95 Jahre und mehr,m,54
06631,2014,20 bis unter 25 Jahre,m,6841
06631,2014,20 bis unter 25 Jahre,f,6443
06631,2014,unter 5 Jahre,m,4790
06631,2014,unter 5 Jahre,f,4603
06631,2014,80 bis unter 85 Jahre,f,3889
06631,2014,80 bis unter 85 Jahre,m,2661
06631,2014,75 bis unter 80 Jahre,m,4767
06631,2014,75 bis unter 80 Jahre,f,5969
06631,2014,45 bis unter 50 Jahre,f,9002
06631,2014,45 bis unter 50 Jahre,m,9258
06631,2014,55 bis unter 60 Jahre,f,7679
06631,2014,55 bis unter 60 Jahre,m,7838
09188,2014,25 bis unter 30 Jahre,m,3052
09188,2014,25 bis unter 30 Jahre,f,2982
09188,2014,90 bis unter 95 Jahre,f,827
09188,2014,90 bis unter 95 Jahre,m,298
09188,2014,45 bis unter 50 Jahre,m,5994
09188,2014,45 bis unter 50 Jahre,f,6235
09188,2014,5 bis unter 10 Jahre,m,3358
09188,2014,5 bis unter 10 Jahre,f,3238
09188,2014,50 bis unter 55 Jahre,f,5727
09188,2014,50 bis unter 55 Jahre,m,5579
09188,2014,30 bis unter 35 Jahre,m,3126
09188,2014,30 bis unter 35 Jahre,f,3357
09188,2014,10 bis unter 15 Jahre,m,3625
09188,2014,10 bis unter 15 Jahre,f,3425
09188,2014,70 bis unter 75 Jahre,f,4675
09188,2014,70 bis unter 75 Jahre,m,4101
09188,2014,65 bis unter 70 Jahre,f,3935
09188,2014,65 bis unter 70 Jahre,m,3326
09188,2014,85 bis unter 90 Jahre,m,899
09188,2014,85 bis unter 90 Jahre,f,1520
09188,2014,15 bis unter 20 Jahre,f,3484
09188,2014,15 bis unter 20 Jahre,m,3650
09188,2014,40 bis unter 45 Jahre,m,4270
09188,2014,40 bis unter 45 Jahre,f,4712
09188,2014,35 bis unter 40 Jahre,f,3892
09188,2014,35 bis unter 40 Jahre,m,3459
09188,2014,60 bis unter 65 Jahre,f,3950
09188,2014,60 bis unter 65 Jahre,m,3492
09188,2014,80 bis unter 85 Jahre,f,1983
09188,2014,80 bis unter 85 Jahre,m,1564
09188,2014,95 Jahre und mehr,m,44
09188,2014,95 Jahre und mehr,f,191
09188,2014,unter 5 Jahre,m,2906
09188,2014,unter 5 Jahre,f,2838
09188,2014,55 bis unter 60 Jahre,m,4271
09188,2014,55 bis unter 60 Jahre,f,4694
09188,2014,75 bis unter 80 Jahre,m,3145
09188,2014,75 bis unter 80 Jahre,f,3547
09188,2014,20 bis unter 25 Jahre,m,3331
09188,2014,20 bis unter 25 Jahre,f,3171
05570,2014,55 bis unter 60 Jahre,m,10105
05570,2014,55 bis unter 60 Jahre,f,10161
05570,2014,80 bis unter 85 Jahre,f,4838
05570,2014,80 bis unter 85 Jahre,m,3281
05570,2014,35 bis unter 40 Jahre,m,7348
05570,2014,35 bis unter 40 Jahre,f,7709
05570,2014,75 bis unter 80 Jahre,m,5733
05570,2014,75 bis unter 80 Jahre,f,7421
05570,2014,40 bis unter 45 Jahre,f,8992
05570,2014,40 bis unter 45 Jahre,m,8808
05570,2014,60 bis unter 65 Jahre,m,8325
05570,2014,60 bis unter 65 Jahre,f,8900
05570,2014,20 bis unter 25 Jahre,m,7902
05570,2014,20 bis unter 25 Jahre,f,7007
05570,2014,15 bis unter 20 Jahre,f,8131
05570,2014,15 bis unter 20 Jahre,m,8525
05570,2014,25 bis unter 30 Jahre,f,6828
05570,2014,25 bis unter 30 Jahre,m,7605
05570,2014,45 bis unter 50 Jahre,f,11798
05570,2014,45 bis unter 50 Jahre,m,12131
05570,2014,50 bis unter 55 Jahre,m,11860
05570,2014,50 bis unter 55 Jahre,f,11830
05570,2014,90 bis unter 95 Jahre,f,1505
05570,2014,90 bis unter 95 Jahre,m,426
05570,2014,30 bis unter 35 Jahre,m,7406
05570,2014,30 bis unter 35 Jahre,f,7103
05570,2014,70 bis unter 75 Jahre,f,7154
05570,2014,70 bis unter 75 Jahre,m,6372
05570,2014,5 bis unter 10 Jahre,m,6537
05570,2014,5 bis unter 10 Jahre,f,6175
05570,2014,10 bis unter 15 Jahre,m,7717
05570,2014,10 bis unter 15 Jahre,f,7463
05570,2014,65 bis unter 70 Jahre,f,6682
05570,2014,65 bis unter 70 Jahre,m,6465
05570,2014,85 bis unter 90 Jahre,m,1680
05570,2014,85 bis unter 90 Jahre,f,3420
05570,2014,unter 5 Jahre,f,5590
05570,2014,unter 5 Jahre,m,6117
05570,2014,95 Jahre und mehr,m,51
05570,2014,95 Jahre und mehr,f,311
05316,2014,60 bis unter 65 Jahre,m,4293
05316,2014,60 bis unter 65 Jahre,f,4899
05316,2014,75 bis unter 80 Jahre,m,4045
05316,2014,75 bis unter 80 Jahre,f,5178
05316,2014,80 bis unter 85 Jahre,m,2214
05316,2014,80 bis unter 85 Jahre,f,3146
05316,2014,unter 5 Jahre,m,3704
05316,2014,unter 5 Jahre,f,3527
05316,2014,15 bis unter 20 Jahre,m,4193
05316,2014,15 bis unter 20 Jahre,f,3898
05316,2014,25 bis unter 30 Jahre,f,4832
05316,2014,25 bis unter 30 Jahre,m,4735
05316,2014,55 bis unter 60 Jahre,m,5508
05316,2014,55 bis unter 60 Jahre,f,5678
05316,2014,40 bis unter 45 Jahre,m,5243
05316,2014,40 bis unter 45 Jahre,f,5262
05316,2014,10 bis unter 15 Jahre,f,3661
05316,2014,10 bis unter 15 Jahre,m,3961
05316,2014,20 bis unter 25 Jahre,f,4300
05316,2014,20 bis unter 25 Jahre,m,4322
05316,2014,30 bis unter 35 Jahre,f,4966
05316,2014,30 bis unter 35 Jahre,m,4821
05316,2014,50 bis unter 55 Jahre,f,6763
05316,2014,50 bis unter 55 Jahre,m,6957
05316,2014,5 bis unter 10 Jahre,m,3755
05316,2014,5 bis unter 10 Jahre,f,3444
05316,2014,95 Jahre und mehr,f,150
05316,2014,95 Jahre und mehr,m,24
05316,2014,85 bis unter 90 Jahre,f,1999
05316,2014,85 bis unter 90 Jahre,m,1074
05316,2014,70 bis unter 75 Jahre,m,4048
05316,2014,70 bis unter 75 Jahre,f,4875
05316,2014,65 bis unter 70 Jahre,m,3441
05316,2014,65 bis unter 70 Jahre,f,4096
05316,2014,90 bis unter 95 Jahre,f,848
05316,2014,90 bis unter 95 Jahre,m,245
05316,2014,45 bis unter 50 Jahre,f,6916
05316,2014,45 bis unter 50 Jahre,m,7039
05316,2014,35 bis unter 40 Jahre,f,4835
05316,2014,35 bis unter 40 Jahre,m,4645
09277,2014,5 bis unter 10 Jahre,m,2613
09277,2014,5 bis unter 10 Jahre,f,2482
09277,2014,50 bis unter 55 Jahre,f,5067
09277,2014,50 bis unter 55 Jahre,m,5135
09277,2014,45 bis unter 50 Jahre,m,4984
09277,2014,45 bis unter 50 Jahre,f,4803
09277,2014,10 bis unter 15 Jahre,m,2974
09277,2014,10 bis unter 15 Jahre,f,2858
09277,2014,85 bis unter 90 Jahre,f,1455
09277,2014,85 bis unter 90 Jahre,m,706
09277,2014,90 bis unter 95 Jahre,f,662
09277,2014,90 bis unter 95 Jahre,m,204
09277,2014,70 bis unter 75 Jahre,f,3123
09277,2014,70 bis unter 75 Jahre,m,2846
09277,2014,65 bis unter 70 Jahre,f,3100
09277,2014,65 bis unter 70 Jahre,m,2893
09277,2014,25 bis unter 30 Jahre,m,3526
09277,2014,25 bis unter 30 Jahre,f,3156
09277,2014,30 bis unter 35 Jahre,m,3520
09277,2014,30 bis unter 35 Jahre,f,3386
09277,2014,15 bis unter 20 Jahre,f,3340
09277,2014,15 bis unter 20 Jahre,m,3559
09277,2014,40 bis unter 45 Jahre,m,3987
09277,2014,40 bis unter 45 Jahre,f,3713
09277,2014,35 bis unter 40 Jahre,f,3195
09277,2014,35 bis unter 40 Jahre,m,3374
09277,2014,60 bis unter 65 Jahre,f,3639
09277,2014,60 bis unter 65 Jahre,m,3655
09277,2014,20 bis unter 25 Jahre,f,3226
09277,2014,20 bis unter 25 Jahre,m,3673
09277,2014,75 bis unter 80 Jahre,m,2581
09277,2014,75 bis unter 80 Jahre,f,3134
09277,2014,55 bis unter 60 Jahre,f,4425
09277,2014,55 bis unter 60 Jahre,m,4473
09277,2014,80 bis unter 85 Jahre,f,2202
09277,2014,80 bis unter 85 Jahre,m,1462
09277,2014,95 Jahre und mehr,m,24
09277,2014,95 Jahre und mehr,f,116
09277,2014,unter 5 Jahre,f,2397
09277,2014,unter 5 Jahre,m,2496
08437,2014,60 bis unter 65 Jahre,m,3838
08437,2014,60 bis unter 65 Jahre,f,3991
08437,2014,75 bis unter 80 Jahre,m,2704
08437,2014,75 bis unter 80 Jahre,f,3425
08437,2014,55 bis unter 60 Jahre,m,4796
08437,2014,55 bis unter 60 Jahre,f,4568
08437,2014,20 bis unter 25 Jahre,m,4253
08437,2014,20 bis unter 25 Jahre,f,3661
08437,2014,40 bis unter 45 Jahre,m,3943
08437,2014,40 bis unter 45 Jahre,f,4106
08437,2014,35 bis unter 40 Jahre,m,3471
08437,2014,35 bis unter 40 Jahre,f,3291
08437,2014,80 bis unter 85 Jahre,f,2185
08437,2014,80 bis unter 85 Jahre,m,1493
08437,2014,45 bis unter 50 Jahre,f,5337
08437,2014,45 bis unter 50 Jahre,m,5369
08437,2014,25 bis unter 30 Jahre,f,3440
08437,2014,25 bis unter 30 Jahre,m,4005
08437,2014,95 Jahre und mehr,m,28
08437,2014,95 Jahre und mehr,f,117
08437,2014,70 bis unter 75 Jahre,f,3274
08437,2014,70 bis unter 75 Jahre,m,2893
08437,2014,15 bis unter 20 Jahre,m,4122
08437,2014,15 bis unter 20 Jahre,f,4016
08437,2014,50 bis unter 55 Jahre,m,5807
08437,2014,50 bis unter 55 Jahre,f,5549
08437,2014,85 bis unter 90 Jahre,m,739
08437,2014,85 bis unter 90 Jahre,f,1449
08437,2014,65 bis unter 70 Jahre,m,2893
08437,2014,65 bis unter 70 Jahre,f,2957
08437,2014,5 bis unter 10 Jahre,m,3007
08437,2014,5 bis unter 10 Jahre,f,2855
08437,2014,90 bis unter 95 Jahre,f,611
08437,2014,90 bis unter 95 Jahre,m,207
08437,2014,unter 5 Jahre,f,2627
08437,2014,unter 5 Jahre,m,2779
08437,2014,30 bis unter 35 Jahre,m,3609
08437,2014,30 bis unter 35 Jahre,f,3535
08437,2014,10 bis unter 15 Jahre,f,3300
08437,2014,10 bis unter 15 Jahre,m,3466
08435,2014,80 bis unter 85 Jahre,f,3303
08435,2014,80 bis unter 85 Jahre,m,2435
08435,2014,35 bis unter 40 Jahre,m,6022
08435,2014,35 bis unter 40 Jahre,f,5931
08435,2014,55 bis unter 60 Jahre,m,7202
08435,2014,55 bis unter 60 Jahre,f,7495
08435,2014,75 bis unter 80 Jahre,m,5066
08435,2014,75 bis unter 80 Jahre,f,5793
08435,2014,unter 5 Jahre,f,4397
08435,2014,unter 5 Jahre,m,4534
08435,2014,60 bis unter 65 Jahre,m,6140
08435,2014,60 bis unter 65 Jahre,f,6895
08435,2014,40 bis unter 45 Jahre,f,6621
08435,2014,40 bis unter 45 Jahre,m,6538
08435,2014,20 bis unter 25 Jahre,m,6099
08435,2014,20 bis unter 25 Jahre,f,5565
08435,2014,95 Jahre und mehr,f,264
08435,2014,95 Jahre und mehr,m,56
08435,2014,15 bis unter 20 Jahre,f,5808
08435,2014,15 bis unter 20 Jahre,m,6157
08435,2014,50 bis unter 55 Jahre,m,8639
08435,2014,50 bis unter 55 Jahre,f,8814
08435,2014,25 bis unter 30 Jahre,f,5824
08435,2014,25 bis unter 30 Jahre,m,6018
08435,2014,70 bis unter 75 Jahre,f,6544
08435,2014,70 bis unter 75 Jahre,m,5896
08435,2014,90 bis unter 95 Jahre,f,1225
08435,2014,90 bis unter 95 Jahre,m,388
08435,2014,85 bis unter 90 Jahre,f,2244
08435,2014,85 bis unter 90 Jahre,m,1311
08435,2014,45 bis unter 50 Jahre,m,8786
08435,2014,45 bis unter 50 Jahre,f,8790
08435,2014,10 bis unter 15 Jahre,m,5278
08435,2014,10 bis unter 15 Jahre,f,4857
08435,2014,5 bis unter 10 Jahre,m,4643
08435,2014,5 bis unter 10 Jahre,f,4511
08435,2014,65 bis unter 70 Jahre,f,5748
08435,2014,65 bis unter 70 Jahre,m,5335
08435,2014,30 bis unter 35 Jahre,m,6194
08435,2014,30 bis unter 35 Jahre,f,6020
09275,2014,25 bis unter 30 Jahre,f,4956
09275,2014,25 bis unter 30 Jahre,m,5123
09275,2014,10 bis unter 15 Jahre,f,4351
09275,2014,10 bis unter 15 Jahre,m,4684
09275,2014,5 bis unter 10 Jahre,f,3699
09275,2014,5 bis unter 10 Jahre,m,3965
09275,2014,85 bis unter 90 Jahre,f,2208
09275,2014,85 bis unter 90 Jahre,m,1065
09275,2014,30 bis unter 35 Jahre,f,5131
09275,2014,30 bis unter 35 Jahre,m,5405
09275,2014,70 bis unter 75 Jahre,f,5074
09275,2014,70 bis unter 75 Jahre,m,4596
09275,2014,95 Jahre und mehr,f,171
09275,2014,95 Jahre und mehr,m,44
09275,2014,60 bis unter 65 Jahre,m,6092
09275,2014,60 bis unter 65 Jahre,f,6371
09275,2014,75 bis unter 80 Jahre,m,3922
09275,2014,75 bis unter 80 Jahre,f,5076
09275,2014,45 bis unter 50 Jahre,f,7671
09275,2014,45 bis unter 50 Jahre,m,7940
09275,2014,20 bis unter 25 Jahre,m,5614
09275,2014,20 bis unter 25 Jahre,f,5048
09275,2014,40 bis unter 45 Jahre,m,6305
09275,2014,40 bis unter 45 Jahre,f,6135
09275,2014,50 bis unter 55 Jahre,m,8059
09275,2014,50 bis unter 55 Jahre,f,8238
09275,2014,15 bis unter 20 Jahre,m,5341
09275,2014,15 bis unter 20 Jahre,f,5025
09275,2014,35 bis unter 40 Jahre,f,5144
09275,2014,35 bis unter 40 Jahre,m,5300
09275,2014,unter 5 Jahre,f,3656
09275,2014,unter 5 Jahre,m,3794
09275,2014,55 bis unter 60 Jahre,f,7129
09275,2014,55 bis unter 60 Jahre,m,7305
09275,2014,65 bis unter 70 Jahre,m,4886
09275,2014,65 bis unter 70 Jahre,f,5106
09275,2014,90 bis unter 95 Jahre,f,974
09275,2014,90 bis unter 95 Jahre,m,301
09275,2014,80 bis unter 85 Jahre,f,3307
09275,2014,80 bis unter 85 Jahre,m,2073
09472,2014,5 bis unter 10 Jahre,f,2140
09472,2014,5 bis unter 10 Jahre,m,2275
09472,2014,45 bis unter 50 Jahre,f,4526
09472,2014,45 bis unter 50 Jahre,m,4690
09472,2014,75 bis unter 80 Jahre,m,2332
09472,2014,75 bis unter 80 Jahre,f,2948
09472,2014,20 bis unter 25 Jahre,m,2948
09472,2014,20 bis unter 25 Jahre,f,2624
09472,2014,60 bis unter 65 Jahre,m,3557
09472,2014,60 bis unter 65 Jahre,f,3413
09472,2014,30 bis unter 35 Jahre,f,2851
09472,2014,30 bis unter 35 Jahre,m,2937
09472,2014,70 bis unter 75 Jahre,f,2809
09472,2014,70 bis unter 75 Jahre,m,2629
09472,2014,25 bis unter 30 Jahre,m,2686
09472,2014,25 bis unter 30 Jahre,f,2583
09472,2014,15 bis unter 20 Jahre,m,2925
09472,2014,15 bis unter 20 Jahre,f,2782
09472,2014,40 bis unter 45 Jahre,f,3647
09472,2014,40 bis unter 45 Jahre,m,3507
09472,2014,95 Jahre und mehr,m,29
09472,2014,95 Jahre und mehr,f,84
09472,2014,50 bis unter 55 Jahre,f,4620
09472,2014,50 bis unter 55 Jahre,m,4823
09472,2014,90 bis unter 95 Jahre,m,172
09472,2014,90 bis unter 95 Jahre,f,578
09472,2014,35 bis unter 40 Jahre,f,2819
09472,2014,35 bis unter 40 Jahre,m,2756
09472,2014,55 bis unter 60 Jahre,f,3982
09472,2014,55 bis unter 60 Jahre,m,4121
09472,2014,85 bis unter 90 Jahre,m,606
09472,2014,85 bis unter 90 Jahre,f,1366
09472,2014,10 bis unter 15 Jahre,m,2603
09472,2014,10 bis unter 15 Jahre,f,2511
09472,2014,80 bis unter 85 Jahre,f,1995
09472,2014,80 bis unter 85 Jahre,m,1166
09472,2014,unter 5 Jahre,m,2196
09472,2014,unter 5 Jahre,f,2009
09472,2014,65 bis unter 70 Jahre,m,2639
09472,2014,65 bis unter 70 Jahre,f,2731
03401,2014,40 bis unter 45 Jahre,m,2398
03401,2014,40 bis unter 45 Jahre,f,2436
03401,2014,75 bis unter 80 Jahre,m,1865
03401,2014,75 bis unter 80 Jahre,f,2238
03401,2014,20 bis unter 25 Jahre,m,2335
03401,2014,20 bis unter 25 Jahre,f,2112
03401,2014,unter 5 Jahre,m,1660
03401,2014,unter 5 Jahre,f,1497
03401,2014,5 bis unter 10 Jahre,f,1464
03401,2014,5 bis unter 10 Jahre,m,1627
03401,2014,35 bis unter 40 Jahre,m,2041
03401,2014,35 bis unter 40 Jahre,f,2071
03401,2014,80 bis unter 85 Jahre,f,1257
03401,2014,80 bis unter 85 Jahre,m,825
03401,2014,95 Jahre und mehr,m,15
03401,2014,95 Jahre und mehr,f,92
03401,2014,60 bis unter 65 Jahre,m,2304
03401,2014,60 bis unter 65 Jahre,f,2473
03401,2014,45 bis unter 50 Jahre,f,3019
03401,2014,45 bis unter 50 Jahre,m,3135
03401,2014,15 bis unter 20 Jahre,f,1940
03401,2014,15 bis unter 20 Jahre,m,2041
03401,2014,50 bis unter 55 Jahre,f,3058
03401,2014,50 bis unter 55 Jahre,m,3114
03401,2014,25 bis unter 30 Jahre,f,2188
03401,2014,25 bis unter 30 Jahre,m,2310
03401,2014,30 bis unter 35 Jahre,m,2079
03401,2014,30 bis unter 35 Jahre,f,2000
03401,2014,85 bis unter 90 Jahre,m,420
03401,2014,85 bis unter 90 Jahre,f,848
03401,2014,65 bis unter 70 Jahre,m,1998
03401,2014,65 bis unter 70 Jahre,f,2206
03401,2014,70 bis unter 75 Jahre,m,2120
03401,2014,70 bis unter 75 Jahre,f,2313
03401,2014,90 bis unter 95 Jahre,f,335
03401,2014,90 bis unter 95 Jahre,m,100
03401,2014,10 bis unter 15 Jahre,m,1946
03401,2014,10 bis unter 15 Jahre,f,1677
03401,2014,55 bis unter 60 Jahre,f,2689
03401,2014,55 bis unter 60 Jahre,m,2558
07335,2014,35 bis unter 40 Jahre,f,2878
07335,2014,35 bis unter 40 Jahre,m,2735
07335,2014,15 bis unter 20 Jahre,f,2771
07335,2014,15 bis unter 20 Jahre,m,3066
07335,2014,55 bis unter 60 Jahre,f,4329
07335,2014,55 bis unter 60 Jahre,m,4260
07335,2014,90 bis unter 95 Jahre,m,180
07335,2014,90 bis unter 95 Jahre,f,544
07335,2014,50 bis unter 55 Jahre,m,4771
07335,2014,50 bis unter 55 Jahre,f,4856
07335,2014,20 bis unter 25 Jahre,f,2639
07335,2014,20 bis unter 25 Jahre,m,3046
07335,2014,65 bis unter 70 Jahre,m,2512
07335,2014,65 bis unter 70 Jahre,f,2504
07335,2014,45 bis unter 50 Jahre,m,4181
07335,2014,45 bis unter 50 Jahre,f,4309
07335,2014,80 bis unter 85 Jahre,f,1929
07335,2014,80 bis unter 85 Jahre,m,1266
07335,2014,unter 5 Jahre,m,2209
07335,2014,unter 5 Jahre,f,2070
07335,2014,95 Jahre und mehr,m,22
07335,2014,95 Jahre und mehr,f,95
07335,2014,70 bis unter 75 Jahre,m,2369
07335,2014,70 bis unter 75 Jahre,f,2788
07335,2014,75 bis unter 80 Jahre,f,2941
07335,2014,75 bis unter 80 Jahre,m,2347
07335,2014,25 bis unter 30 Jahre,f,2759
07335,2014,25 bis unter 30 Jahre,m,2838
07335,2014,5 bis unter 10 Jahre,f,2174
07335,2014,5 bis unter 10 Jahre,m,2307
07335,2014,10 bis unter 15 Jahre,f,2526
07335,2014,10 bis unter 15 Jahre,m,2674
07335,2014,30 bis unter 35 Jahre,f,2863
07335,2014,30 bis unter 35 Jahre,m,2756
07335,2014,60 bis unter 65 Jahre,m,3809
07335,2014,60 bis unter 65 Jahre,f,3660
07335,2014,85 bis unter 90 Jahre,f,1312
07335,2014,85 bis unter 90 Jahre,m,672
07335,2014,40 bis unter 45 Jahre,m,3062
07335,2014,40 bis unter 45 Jahre,f,3259
03103,2014,25 bis unter 30 Jahre,f,4288
03103,2014,25 bis unter 30 Jahre,m,4752
03103,2014,10 bis unter 15 Jahre,f,2512
03103,2014,10 bis unter 15 Jahre,m,2638
03103,2014,5 bis unter 10 Jahre,f,2485
03103,2014,5 bis unter 10 Jahre,m,2637
03103,2014,65 bis unter 70 Jahre,f,2983
03103,2014,65 bis unter 70 Jahre,m,2658
03103,2014,30 bis unter 35 Jahre,f,4165
03103,2014,30 bis unter 35 Jahre,m,4574
03103,2014,45 bis unter 50 Jahre,f,4631
03103,2014,45 bis unter 50 Jahre,m,4695
03103,2014,80 bis unter 85 Jahre,m,1702
03103,2014,80 bis unter 85 Jahre,f,2426
03103,2014,40 bis unter 45 Jahre,m,3761
03103,2014,40 bis unter 45 Jahre,f,3607
03103,2014,35 bis unter 40 Jahre,m,3984
03103,2014,35 bis unter 40 Jahre,f,3546
03103,2014,70 bis unter 75 Jahre,f,3893
03103,2014,70 bis unter 75 Jahre,m,3179
03103,2014,60 bis unter 65 Jahre,m,3555
03103,2014,60 bis unter 65 Jahre,f,3699
03103,2014,50 bis unter 55 Jahre,f,4727
03103,2014,50 bis unter 55 Jahre,m,4873
03103,2014,15 bis unter 20 Jahre,m,2765
03103,2014,15 bis unter 20 Jahre,f,2604
03103,2014,unter 5 Jahre,f,2641
03103,2014,unter 5 Jahre,m,2917
03103,2014,95 Jahre und mehr,m,37
03103,2014,95 Jahre und mehr,f,119
03103,2014,85 bis unter 90 Jahre,m,870
03103,2014,85 bis unter 90 Jahre,f,1579
03103,2014,55 bis unter 60 Jahre,f,4233
03103,2014,55 bis unter 60 Jahre,m,4112
03103,2014,20 bis unter 25 Jahre,m,3656
03103,2014,20 bis unter 25 Jahre,f,3388
03103,2014,90 bis unter 95 Jahre,f,654
03103,2014,90 bis unter 95 Jahre,m,237
03103,2014,75 bis unter 80 Jahre,m,3189
03103,2014,75 bis unter 80 Jahre,f,4056
05116,2014,90 bis unter 95 Jahre,f,1331
05116,2014,90 bis unter 95 Jahre,m,412
05116,2014,25 bis unter 30 Jahre,m,8653
05116,2014,25 bis unter 30 Jahre,f,8320
05116,2014,70 bis unter 75 Jahre,f,7169
05116,2014,70 bis unter 75 Jahre,m,6206
05116,2014,50 bis unter 55 Jahre,f,10938
05116,2014,50 bis unter 55 Jahre,m,10969
05116,2014,10 bis unter 15 Jahre,m,6087
05116,2014,10 bis unter 15 Jahre,f,5881
05116,2014,5 bis unter 10 Jahre,m,5579
05116,2014,5 bis unter 10 Jahre,f,5205
05116,2014,30 bis unter 35 Jahre,f,7500
05116,2014,30 bis unter 35 Jahre,m,7879
05116,2014,85 bis unter 90 Jahre,m,1485
05116,2014,85 bis unter 90 Jahre,f,2985
05116,2014,65 bis unter 70 Jahre,f,6710
05116,2014,65 bis unter 70 Jahre,m,6300
05116,2014,45 bis unter 50 Jahre,m,10881
05116,2014,45 bis unter 50 Jahre,f,10352
05116,2014,60 bis unter 65 Jahre,m,7850
05116,2014,60 bis unter 65 Jahre,f,8311
05116,2014,40 bis unter 45 Jahre,m,7836
05116,2014,40 bis unter 45 Jahre,f,7887
05116,2014,35 bis unter 40 Jahre,f,7211
05116,2014,35 bis unter 40 Jahre,m,6949
05116,2014,80 bis unter 85 Jahre,f,4647
05116,2014,80 bis unter 85 Jahre,m,2993
05116,2014,15 bis unter 20 Jahre,m,6884
05116,2014,15 bis unter 20 Jahre,f,6597
05116,2014,75 bis unter 80 Jahre,m,5485
05116,2014,75 bis unter 80 Jahre,f,7269
05116,2014,55 bis unter 60 Jahre,m,9452
05116,2014,55 bis unter 60 Jahre,f,9700
05116,2014,unter 5 Jahre,f,5219
05116,2014,unter 5 Jahre,m,5521
05116,2014,20 bis unter 25 Jahre,m,7927
05116,2014,20 bis unter 25 Jahre,f,7948
05116,2014,95 Jahre und mehr,f,276
05116,2014,95 Jahre und mehr,m,49
01003,2014,45 bis unter 50 Jahre,f,8811
01003,2014,45 bis unter 50 Jahre,m,8584
01003,2014,25 bis unter 30 Jahre,f,7278
01003,2014,25 bis unter 30 Jahre,m,7512
01003,2014,5 bis unter 10 Jahre,f,4252
01003,2014,5 bis unter 10 Jahre,m,4427
01003,2014,95 Jahre und mehr,f,298
01003,2014,95 Jahre und mehr,m,95
01003,2014,10 bis unter 15 Jahre,f,4381
01003,2014,10 bis unter 15 Jahre,m,4436
01003,2014,50 bis unter 55 Jahre,f,8590
01003,2014,50 bis unter 55 Jahre,m,8354
01003,2014,80 bis unter 85 Jahre,m,2479
01003,2014,80 bis unter 85 Jahre,f,3963
01003,2014,90 bis unter 95 Jahre,f,1565
01003,2014,90 bis unter 95 Jahre,m,446
01003,2014,65 bis unter 70 Jahre,f,6129
01003,2014,65 bis unter 70 Jahre,m,5385
01003,2014,40 bis unter 45 Jahre,m,6695
01003,2014,40 bis unter 45 Jahre,f,6634
01003,2014,35 bis unter 40 Jahre,m,5955
01003,2014,35 bis unter 40 Jahre,f,6218
01003,2014,15 bis unter 20 Jahre,m,5139
01003,2014,15 bis unter 20 Jahre,f,4941
01003,2014,60 bis unter 65 Jahre,f,6700
01003,2014,60 bis unter 65 Jahre,m,5850
01003,2014,70 bis unter 75 Jahre,f,7128
01003,2014,70 bis unter 75 Jahre,m,5830
01003,2014,55 bis unter 60 Jahre,f,7305
01003,2014,55 bis unter 60 Jahre,m,6708
01003,2014,75 bis unter 80 Jahre,f,6768
01003,2014,75 bis unter 80 Jahre,m,5138
01003,2014,30 bis unter 35 Jahre,m,6868
01003,2014,30 bis unter 35 Jahre,f,6704
01003,2014,unter 5 Jahre,f,4298
01003,2014,unter 5 Jahre,m,4529
01003,2014,20 bis unter 25 Jahre,m,6752
01003,2014,20 bis unter 25 Jahre,f,6847
01003,2014,85 bis unter 90 Jahre,m,1337
01003,2014,85 bis unter 90 Jahre,f,3091
06531,2014,25 bis unter 30 Jahre,f,10195
06531,2014,25 bis unter 30 Jahre,m,10902
06531,2014,45 bis unter 50 Jahre,f,9962
06531,2014,45 bis unter 50 Jahre,m,9837
06531,2014,30 bis unter 35 Jahre,f,7967
06531,2014,30 bis unter 35 Jahre,m,8845
06531,2014,10 bis unter 15 Jahre,f,5535
06531,2014,10 bis unter 15 Jahre,m,5848
06531,2014,5 bis unter 10 Jahre,f,5202
06531,2014,5 bis unter 10 Jahre,m,5391
06531,2014,80 bis unter 85 Jahre,m,2861
06531,2014,80 bis unter 85 Jahre,f,4134
06531,2014,50 bis unter 55 Jahre,f,10502
06531,2014,50 bis unter 55 Jahre,m,10442
06531,2014,65 bis unter 70 Jahre,f,6284
06531,2014,65 bis unter 70 Jahre,m,5900
06531,2014,90 bis unter 95 Jahre,f,1313
06531,2014,90 bis unter 95 Jahre,m,434
06531,2014,20 bis unter 25 Jahre,m,10332
06531,2014,20 bis unter 25 Jahre,f,11172
06531,2014,55 bis unter 60 Jahre,m,8851
06531,2014,55 bis unter 60 Jahre,f,9121
06531,2014,75 bis unter 80 Jahre,m,5168
06531,2014,75 bis unter 80 Jahre,f,6260
06531,2014,unter 5 Jahre,m,5451
06531,2014,unter 5 Jahre,f,5277
06531,2014,85 bis unter 90 Jahre,m,1572
06531,2014,85 bis unter 90 Jahre,f,2889
06531,2014,35 bis unter 40 Jahre,f,7300
06531,2014,35 bis unter 40 Jahre,m,7303
06531,2014,70 bis unter 75 Jahre,m,5728
06531,2014,70 bis unter 75 Jahre,f,6259
06531,2014,40 bis unter 45 Jahre,f,7753
06531,2014,40 bis unter 45 Jahre,m,7697
06531,2014,95 Jahre und mehr,m,65
06531,2014,95 Jahre und mehr,f,274
06531,2014,15 bis unter 20 Jahre,f,6721
06531,2014,15 bis unter 20 Jahre,m,7445
06531,2014,60 bis unter 65 Jahre,m,7700
06531,2014,60 bis unter 65 Jahre,f,7942
07137,2014,45 bis unter 50 Jahre,f,9166
07137,2014,45 bis unter 50 Jahre,m,9123
07137,2014,10 bis unter 15 Jahre,f,4931
07137,2014,10 bis unter 15 Jahre,m,5108
07137,2014,65 bis unter 70 Jahre,f,5329
07137,2014,65 bis unter 70 Jahre,m,5277
07137,2014,5 bis unter 10 Jahre,f,4376
07137,2014,5 bis unter 10 Jahre,m,4496
07137,2014,30 bis unter 35 Jahre,f,5931
07137,2014,30 bis unter 35 Jahre,m,6018
07137,2014,25 bis unter 30 Jahre,f,5659
07137,2014,25 bis unter 30 Jahre,m,5907
07137,2014,70 bis unter 75 Jahre,f,5665
07137,2014,70 bis unter 75 Jahre,m,5119
07137,2014,85 bis unter 90 Jahre,f,2675
07137,2014,85 bis unter 90 Jahre,m,1278
07137,2014,75 bis unter 80 Jahre,m,4851
07137,2014,75 bis unter 80 Jahre,f,5837
07137,2014,40 bis unter 45 Jahre,m,6439
07137,2014,40 bis unter 45 Jahre,f,6650
07137,2014,20 bis unter 25 Jahre,m,6047
07137,2014,20 bis unter 25 Jahre,f,5199
07137,2014,95 Jahre und mehr,f,210
07137,2014,95 Jahre und mehr,m,43
07137,2014,50 bis unter 55 Jahre,f,9442
07137,2014,50 bis unter 55 Jahre,m,9440
07137,2014,15 bis unter 20 Jahre,f,5521
07137,2014,15 bis unter 20 Jahre,m,5820
07137,2014,35 bis unter 40 Jahre,f,5946
07137,2014,35 bis unter 40 Jahre,m,5714
07137,2014,55 bis unter 60 Jahre,f,8175
07137,2014,55 bis unter 60 Jahre,m,8213
07137,2014,unter 5 Jahre,f,4165
07137,2014,unter 5 Jahre,m,4315
07137,2014,90 bis unter 95 Jahre,m,384
07137,2014,90 bis unter 95 Jahre,f,1168
07137,2014,60 bis unter 65 Jahre,f,7400
07137,2014,60 bis unter 65 Jahre,m,7251
07137,2014,80 bis unter 85 Jahre,f,3641
07137,2014,80 bis unter 85 Jahre,m,2512
07315,2014,5 bis unter 10 Jahre,f,3853
07315,2014,5 bis unter 10 Jahre,m,4297
07315,2014,25 bis unter 30 Jahre,f,11120
07315,2014,25 bis unter 30 Jahre,m,10388
07315,2014,80 bis unter 85 Jahre,m,2050
07315,2014,80 bis unter 85 Jahre,f,2932
07315,2014,45 bis unter 50 Jahre,f,7298
07315,2014,45 bis unter 50 Jahre,m,7716
07315,2014,40 bis unter 45 Jahre,m,6569
07315,2014,40 bis unter 45 Jahre,f,6332
07315,2014,10 bis unter 15 Jahre,f,3707
07315,2014,10 bis unter 15 Jahre,m,4161
07315,2014,unter 5 Jahre,m,4770
07315,2014,unter 5 Jahre,f,4376
07315,2014,85 bis unter 90 Jahre,f,2179
07315,2014,85 bis unter 90 Jahre,m,1194
07315,2014,50 bis unter 55 Jahre,f,7128
07315,2014,50 bis unter 55 Jahre,m,7040
07315,2014,75 bis unter 80 Jahre,m,3727
07315,2014,75 bis unter 80 Jahre,f,4782
07315,2014,30 bis unter 35 Jahre,m,9022
07315,2014,30 bis unter 35 Jahre,f,8868
07315,2014,20 bis unter 25 Jahre,m,7993
07315,2014,20 bis unter 25 Jahre,f,10489
07315,2014,95 Jahre und mehr,f,244
07315,2014,95 Jahre und mehr,m,53
07315,2014,15 bis unter 20 Jahre,f,4381
07315,2014,15 bis unter 20 Jahre,m,4519
07315,2014,35 bis unter 40 Jahre,f,6709
07315,2014,35 bis unter 40 Jahre,m,6914
07315,2014,65 bis unter 70 Jahre,m,4069
07315,2014,65 bis unter 70 Jahre,f,4576
07315,2014,60 bis unter 65 Jahre,f,5564
07315,2014,60 bis unter 65 Jahre,m,5053
07315,2014,90 bis unter 95 Jahre,m,331
07315,2014,90 bis unter 95 Jahre,f,1118
07315,2014,55 bis unter 60 Jahre,m,5836
07315,2014,55 bis unter 60 Jahre,f,6290
07315,2014,70 bis unter 75 Jahre,f,5039
07315,2014,70 bis unter 75 Jahre,m,4304
09573,2014,40 bis unter 45 Jahre,m,3546
09573,2014,40 bis unter 45 Jahre,f,3773
09573,2014,75 bis unter 80 Jahre,m,2640
09573,2014,75 bis unter 80 Jahre,f,3250
09573,2014,20 bis unter 25 Jahre,m,2916
09573,2014,20 bis unter 25 Jahre,f,2607
09573,2014,80 bis unter 85 Jahre,m,1358
09573,2014,80 bis unter 85 Jahre,f,2028
09573,2014,55 bis unter 60 Jahre,m,4238
09573,2014,55 bis unter 60 Jahre,f,4334
09573,2014,60 bis unter 65 Jahre,m,3624
09573,2014,60 bis unter 65 Jahre,f,3778
09573,2014,15 bis unter 20 Jahre,m,3056
09573,2014,15 bis unter 20 Jahre,f,2886
09573,2014,unter 5 Jahre,m,2449
09573,2014,unter 5 Jahre,f,2344
09573,2014,5 bis unter 10 Jahre,m,2483
09573,2014,5 bis unter 10 Jahre,f,2386
09573,2014,50 bis unter 55 Jahre,f,5177
09573,2014,50 bis unter 55 Jahre,m,5095
09573,2014,25 bis unter 30 Jahre,f,2860
09573,2014,25 bis unter 30 Jahre,m,2784
09573,2014,30 bis unter 35 Jahre,f,3317
09573,2014,30 bis unter 35 Jahre,m,2997
09573,2014,95 Jahre und mehr,m,24
09573,2014,95 Jahre und mehr,f,108
09573,2014,85 bis unter 90 Jahre,m,673
09573,2014,85 bis unter 90 Jahre,f,1299
09573,2014,10 bis unter 15 Jahre,m,2591
09573,2014,10 bis unter 15 Jahre,f,2546
09573,2014,70 bis unter 75 Jahre,f,3506
09573,2014,70 bis unter 75 Jahre,m,3124
09573,2014,90 bis unter 95 Jahre,m,148
09573,2014,90 bis unter 95 Jahre,f,580
09573,2014,35 bis unter 40 Jahre,f,3422
09573,2014,35 bis unter 40 Jahre,m,3179
09573,2014,65 bis unter 70 Jahre,m,3133
09573,2014,65 bis unter 70 Jahre,f,3335
09573,2014,45 bis unter 50 Jahre,f,5183
09573,2014,45 bis unter 50 Jahre,m,5070
08225,2014,30 bis unter 35 Jahre,m,3866
08225,2014,30 bis unter 35 Jahre,f,3699
08225,2014,90 bis unter 95 Jahre,f,821
08225,2014,90 bis unter 95 Jahre,m,239
08225,2014,45 bis unter 50 Jahre,m,6131
08225,2014,45 bis unter 50 Jahre,f,5761
08225,2014,25 bis unter 30 Jahre,m,4226
08225,2014,25 bis unter 30 Jahre,f,3637
08225,2014,70 bis unter 75 Jahre,f,3695
08225,2014,70 bis unter 75 Jahre,m,3398
08225,2014,5 bis unter 10 Jahre,m,3092
08225,2014,5 bis unter 10 Jahre,f,2948
08225,2014,10 bis unter 15 Jahre,m,3762
08225,2014,10 bis unter 15 Jahre,f,3453
08225,2014,50 bis unter 55 Jahre,f,6427
08225,2014,50 bis unter 55 Jahre,m,6505
08225,2014,85 bis unter 90 Jahre,m,884
08225,2014,85 bis unter 90 Jahre,f,1743
08225,2014,unter 5 Jahre,f,2731
08225,2014,unter 5 Jahre,m,2796
08225,2014,65 bis unter 70 Jahre,f,3624
08225,2014,65 bis unter 70 Jahre,m,3548
08225,2014,80 bis unter 85 Jahre,m,1683
08225,2014,80 bis unter 85 Jahre,f,2427
08225,2014,95 Jahre und mehr,m,27
08225,2014,95 Jahre und mehr,f,139
08225,2014,75 bis unter 80 Jahre,f,3900
08225,2014,75 bis unter 80 Jahre,m,3197
08225,2014,20 bis unter 25 Jahre,f,3712
08225,2014,20 bis unter 25 Jahre,m,4430
08225,2014,55 bis unter 60 Jahre,m,5591
08225,2014,55 bis unter 60 Jahre,f,5589
08225,2014,35 bis unter 40 Jahre,m,3807
08225,2014,35 bis unter 40 Jahre,f,3779
08225,2014,40 bis unter 45 Jahre,m,4340
08225,2014,40 bis unter 45 Jahre,f,4564
08225,2014,60 bis unter 65 Jahre,m,4707
08225,2014,60 bis unter 65 Jahre,f,4686
08225,2014,15 bis unter 20 Jahre,f,3751
08225,2014,15 bis unter 20 Jahre,m,4336
08126,2014,15 bis unter 20 Jahre,f,3031
08126,2014,15 bis unter 20 Jahre,m,3368
08126,2014,35 bis unter 40 Jahre,f,3091
08126,2014,35 bis unter 40 Jahre,m,3087
08126,2014,20 bis unter 25 Jahre,f,3214
08126,2014,20 bis unter 25 Jahre,m,3490
08126,2014,unter 5 Jahre,f,2302
08126,2014,unter 5 Jahre,m,2472
08126,2014,95 Jahre und mehr,f,102
08126,2014,95 Jahre und mehr,m,33
08126,2014,60 bis unter 65 Jahre,f,3340
08126,2014,60 bis unter 65 Jahre,m,3344
08126,2014,90 bis unter 95 Jahre,m,184
08126,2014,90 bis unter 95 Jahre,f,595
08126,2014,75 bis unter 80 Jahre,f,2699
08126,2014,75 bis unter 80 Jahre,m,2141
08126,2014,65 bis unter 70 Jahre,m,2403
08126,2014,65 bis unter 70 Jahre,f,2458
08126,2014,10 bis unter 15 Jahre,m,2939
08126,2014,10 bis unter 15 Jahre,f,2766
08126,2014,30 bis unter 35 Jahre,m,3405
08126,2014,30 bis unter 35 Jahre,f,3023
08126,2014,40 bis unter 45 Jahre,f,3658
08126,2014,40 bis unter 45 Jahre,m,3602
08126,2014,5 bis unter 10 Jahre,f,2427
08126,2014,5 bis unter 10 Jahre,m,2578
08126,2014,85 bis unter 90 Jahre,m,670
08126,2014,85 bis unter 90 Jahre,f,1187
08126,2014,45 bis unter 50 Jahre,f,4394
08126,2014,45 bis unter 50 Jahre,m,4632
08126,2014,25 bis unter 30 Jahre,f,3120
08126,2014,25 bis unter 30 Jahre,m,3666
08126,2014,80 bis unter 85 Jahre,m,1248
08126,2014,80 bis unter 85 Jahre,f,1751
08126,2014,50 bis unter 55 Jahre,f,4604
08126,2014,50 bis unter 55 Jahre,m,4888
08126,2014,55 bis unter 60 Jahre,m,4094
08126,2014,55 bis unter 60 Jahre,f,3991
08126,2014,70 bis unter 75 Jahre,f,2508
08126,2014,70 bis unter 75 Jahre,m,2311
09774,2014,25 bis unter 30 Jahre,f,3359
09774,2014,25 bis unter 30 Jahre,m,3815
09774,2014,10 bis unter 15 Jahre,f,3075
09774,2014,10 bis unter 15 Jahre,m,3247
09774,2014,30 bis unter 35 Jahre,f,3490
09774,2014,30 bis unter 35 Jahre,m,3634
09774,2014,65 bis unter 70 Jahre,f,2843
09774,2014,65 bis unter 70 Jahre,m,2802
09774,2014,50 bis unter 55 Jahre,f,5242
09774,2014,50 bis unter 55 Jahre,m,5425
09774,2014,45 bis unter 50 Jahre,f,5091
09774,2014,45 bis unter 50 Jahre,m,5323
09774,2014,5 bis unter 10 Jahre,m,2828
09774,2014,5 bis unter 10 Jahre,f,2656
09774,2014,40 bis unter 45 Jahre,m,4132
09774,2014,40 bis unter 45 Jahre,f,4084
09774,2014,60 bis unter 65 Jahre,m,3665
09774,2014,60 bis unter 65 Jahre,f,3576
09774,2014,15 bis unter 20 Jahre,m,3831
09774,2014,15 bis unter 20 Jahre,f,3503
09774,2014,70 bis unter 75 Jahre,f,3001
09774,2014,70 bis unter 75 Jahre,m,2894
09774,2014,95 Jahre und mehr,f,91
09774,2014,95 Jahre und mehr,m,23
09774,2014,35 bis unter 40 Jahre,f,3512
09774,2014,35 bis unter 40 Jahre,m,3649
09774,2014,unter 5 Jahre,f,2525
09774,2014,unter 5 Jahre,m,2730
09774,2014,20 bis unter 25 Jahre,f,3467
09774,2014,20 bis unter 25 Jahre,m,4043
09774,2014,80 bis unter 85 Jahre,f,1870
09774,2014,80 bis unter 85 Jahre,m,1302
09774,2014,55 bis unter 60 Jahre,f,4471
09774,2014,55 bis unter 60 Jahre,m,4593
09774,2014,85 bis unter 90 Jahre,m,588
09774,2014,85 bis unter 90 Jahre,f,1267
09774,2014,90 bis unter 95 Jahre,f,588
09774,2014,90 bis unter 95 Jahre,m,160
09774,2014,75 bis unter 80 Jahre,m,2419
09774,2014,75 bis unter 80 Jahre,f,3014
07336,2014,10 bis unter 15 Jahre,f,1507
07336,2014,10 bis unter 15 Jahre,m,1609
07336,2014,65 bis unter 70 Jahre,f,1829
07336,2014,65 bis unter 70 Jahre,m,1807
07336,2014,95 Jahre und mehr,m,11
07336,2014,95 Jahre und mehr,f,61
07336,2014,85 bis unter 90 Jahre,f,947
07336,2014,85 bis unter 90 Jahre,m,532
07336,2014,5 bis unter 10 Jahre,f,1377
07336,2014,5 bis unter 10 Jahre,m,1414
07336,2014,70 bis unter 75 Jahre,f,1935
07336,2014,70 bis unter 75 Jahre,m,1711
07336,2014,25 bis unter 30 Jahre,m,1953
07336,2014,25 bis unter 30 Jahre,f,1750
07336,2014,45 bis unter 50 Jahre,f,2849
07336,2014,45 bis unter 50 Jahre,m,2964
07336,2014,30 bis unter 35 Jahre,f,1781
07336,2014,30 bis unter 35 Jahre,m,1866
07336,2014,60 bis unter 65 Jahre,m,2918
07336,2014,60 bis unter 65 Jahre,f,2692
07336,2014,50 bis unter 55 Jahre,m,3352
07336,2014,50 bis unter 55 Jahre,f,3233
07336,2014,40 bis unter 45 Jahre,m,2050
07336,2014,40 bis unter 45 Jahre,f,2160
07336,2014,20 bis unter 25 Jahre,m,1979
07336,2014,20 bis unter 25 Jahre,f,1758
07336,2014,15 bis unter 20 Jahre,f,1791
07336,2014,15 bis unter 20 Jahre,m,1940
07336,2014,75 bis unter 80 Jahre,f,2205
07336,2014,75 bis unter 80 Jahre,m,1735
07336,2014,55 bis unter 60 Jahre,f,3043
07336,2014,55 bis unter 60 Jahre,m,3054
07336,2014,unter 5 Jahre,f,1282
07336,2014,unter 5 Jahre,m,1349
07336,2014,35 bis unter 40 Jahre,f,1762
07336,2014,35 bis unter 40 Jahre,m,1710
07336,2014,80 bis unter 85 Jahre,f,1434
07336,2014,80 bis unter 85 Jahre,m,998
07336,2014,90 bis unter 95 Jahre,m,132
07336,2014,90 bis unter 95 Jahre,f,403
06435,2014,5 bis unter 10 Jahre,f,8728
06435,2014,5 bis unter 10 Jahre,m,9169
06435,2014,85 bis unter 90 Jahre,f,4522
06435,2014,85 bis unter 90 Jahre,m,2421
06435,2014,75 bis unter 80 Jahre,m,9046
06435,2014,75 bis unter 80 Jahre,f,10839
06435,2014,45 bis unter 50 Jahre,f,17689
06435,2014,45 bis unter 50 Jahre,m,17734
06435,2014,30 bis unter 35 Jahre,f,11790
06435,2014,30 bis unter 35 Jahre,m,11709
06435,2014,60 bis unter 65 Jahre,m,12428
06435,2014,60 bis unter 65 Jahre,f,13577
06435,2014,95 Jahre und mehr,f,356
06435,2014,95 Jahre und mehr,m,93
06435,2014,90 bis unter 95 Jahre,f,2057
06435,2014,90 bis unter 95 Jahre,m,650
06435,2014,10 bis unter 15 Jahre,m,10017
06435,2014,10 bis unter 15 Jahre,f,9608
06435,2014,35 bis unter 40 Jahre,m,11792
06435,2014,35 bis unter 40 Jahre,f,12228
06435,2014,80 bis unter 85 Jahre,f,6727
06435,2014,80 bis unter 85 Jahre,m,4680
06435,2014,65 bis unter 70 Jahre,m,10464
06435,2014,65 bis unter 70 Jahre,f,11490
06435,2014,unter 5 Jahre,m,8882
06435,2014,unter 5 Jahre,f,8306
06435,2014,55 bis unter 60 Jahre,m,14724
06435,2014,55 bis unter 60 Jahre,f,14918
06435,2014,15 bis unter 20 Jahre,f,10362
06435,2014,15 bis unter 20 Jahre,m,11371
06435,2014,20 bis unter 25 Jahre,f,10604
06435,2014,20 bis unter 25 Jahre,m,11290
06435,2014,40 bis unter 45 Jahre,f,13890
06435,2014,40 bis unter 45 Jahre,m,13464
06435,2014,70 bis unter 75 Jahre,m,10482
06435,2014,70 bis unter 75 Jahre,f,11570
06435,2014,25 bis unter 30 Jahre,m,11613
06435,2014,25 bis unter 30 Jahre,f,11355
06435,2014,50 bis unter 55 Jahre,m,17594
06435,2014,50 bis unter 55 Jahre,f,17380
03452,2014,30 bis unter 35 Jahre,m,4759
03452,2014,30 bis unter 35 Jahre,f,4694
03452,2014,85 bis unter 90 Jahre,m,982
03452,2014,85 bis unter 90 Jahre,f,2148
03452,2014,10 bis unter 15 Jahre,m,5004
03452,2014,10 bis unter 15 Jahre,f,4892
03452,2014,5 bis unter 10 Jahre,m,4312
03452,2014,5 bis unter 10 Jahre,f,3830
03452,2014,70 bis unter 75 Jahre,m,5004
03452,2014,70 bis unter 75 Jahre,f,5410
03452,2014,15 bis unter 20 Jahre,f,5631
03452,2014,15 bis unter 20 Jahre,m,5858
03452,2014,90 bis unter 95 Jahre,f,867
03452,2014,90 bis unter 95 Jahre,m,271
03452,2014,45 bis unter 50 Jahre,m,8125
03452,2014,45 bis unter 50 Jahre,f,8057
03452,2014,unter 5 Jahre,f,3687
03452,2014,unter 5 Jahre,m,3881
03452,2014,65 bis unter 70 Jahre,f,5660
03452,2014,65 bis unter 70 Jahre,m,5582
03452,2014,75 bis unter 80 Jahre,f,5101
03452,2014,75 bis unter 80 Jahre,m,4065
03452,2014,20 bis unter 25 Jahre,f,4746
03452,2014,20 bis unter 25 Jahre,m,5474
03452,2014,40 bis unter 45 Jahre,m,6200
03452,2014,40 bis unter 45 Jahre,f,6402
03452,2014,55 bis unter 60 Jahre,m,6597
03452,2014,55 bis unter 60 Jahre,f,7078
03452,2014,80 bis unter 85 Jahre,m,2200
03452,2014,80 bis unter 85 Jahre,f,3251
03452,2014,60 bis unter 65 Jahre,m,6263
03452,2014,60 bis unter 65 Jahre,f,6572
03452,2014,95 Jahre und mehr,f,141
03452,2014,95 Jahre und mehr,m,25
03452,2014,35 bis unter 40 Jahre,m,4905
03452,2014,35 bis unter 40 Jahre,f,4867
03452,2014,25 bis unter 30 Jahre,f,4665
03452,2014,25 bis unter 30 Jahre,m,5076
03452,2014,50 bis unter 55 Jahre,f,7960
03452,2014,50 bis unter 55 Jahre,m,7756
05711,2014,65 bis unter 70 Jahre,m,6736
05711,2014,65 bis unter 70 Jahre,f,7645
05711,2014,10 bis unter 15 Jahre,m,7994
05711,2014,10 bis unter 15 Jahre,f,7427
05711,2014,85 bis unter 90 Jahre,m,2184
05711,2014,85 bis unter 90 Jahre,f,4306
05711,2014,30 bis unter 35 Jahre,f,11213
05711,2014,30 bis unter 35 Jahre,m,11348
05711,2014,90 bis unter 95 Jahre,m,672
05711,2014,90 bis unter 95 Jahre,f,2087
05711,2014,70 bis unter 75 Jahre,f,8623
05711,2014,70 bis unter 75 Jahre,m,7270
05711,2014,25 bis unter 30 Jahre,m,12262
05711,2014,25 bis unter 30 Jahre,f,12615
05711,2014,50 bis unter 55 Jahre,m,12448
05711,2014,50 bis unter 55 Jahre,f,12454
05711,2014,95 Jahre und mehr,m,100
05711,2014,95 Jahre und mehr,f,467
05711,2014,45 bis unter 50 Jahre,f,12422
05711,2014,45 bis unter 50 Jahre,m,12986
05711,2014,55 bis unter 60 Jahre,f,10866
05711,2014,55 bis unter 60 Jahre,m,10286
05711,2014,80 bis unter 85 Jahre,m,3813
05711,2014,80 bis unter 85 Jahre,f,6082
05711,2014,unter 5 Jahre,f,7248
05711,2014,unter 5 Jahre,m,7719
05711,2014,20 bis unter 25 Jahre,m,10864
05711,2014,20 bis unter 25 Jahre,f,12090
05711,2014,75 bis unter 80 Jahre,m,6906
05711,2014,75 bis unter 80 Jahre,f,9125
05711,2014,40 bis unter 45 Jahre,m,10684
05711,2014,40 bis unter 45 Jahre,f,10652
05711,2014,15 bis unter 20 Jahre,m,8692
05711,2014,15 bis unter 20 Jahre,f,8763
05711,2014,35 bis unter 40 Jahre,m,9878
05711,2014,35 bis unter 40 Jahre,f,9915
05711,2014,60 bis unter 65 Jahre,m,8578
05711,2014,60 bis unter 65 Jahre,f,9524
05711,2014,5 bis unter 10 Jahre,f,7231
05711,2014,5 bis unter 10 Jahre,m,7607
08215,2014,95 Jahre und mehr,f,381
08215,2014,95 Jahre und mehr,m,89
08215,2014,35 bis unter 40 Jahre,f,12536
08215,2014,35 bis unter 40 Jahre,m,12294
08215,2014,unter 5 Jahre,f,8989
08215,2014,unter 5 Jahre,m,9569
08215,2014,20 bis unter 25 Jahre,f,10967
08215,2014,20 bis unter 25 Jahre,m,12502
08215,2014,15 bis unter 20 Jahre,f,11327
08215,2014,15 bis unter 20 Jahre,m,12457
08215,2014,75 bis unter 80 Jahre,f,11622
08215,2014,75 bis unter 80 Jahre,m,9486
08215,2014,60 bis unter 65 Jahre,f,14299
08215,2014,60 bis unter 65 Jahre,m,13469
08215,2014,90 bis unter 95 Jahre,m,694
08215,2014,90 bis unter 95 Jahre,f,2235
08215,2014,10 bis unter 15 Jahre,m,10739
08215,2014,10 bis unter 15 Jahre,f,9933
08215,2014,30 bis unter 35 Jahre,m,12854
08215,2014,30 bis unter 35 Jahre,f,12375
08215,2014,65 bis unter 70 Jahre,m,10398
08215,2014,65 bis unter 70 Jahre,f,11061
08215,2014,85 bis unter 90 Jahre,f,4897
08215,2014,85 bis unter 90 Jahre,m,2562
08215,2014,40 bis unter 45 Jahre,f,14255
08215,2014,40 bis unter 45 Jahre,m,14252
08215,2014,5 bis unter 10 Jahre,f,9177
08215,2014,5 bis unter 10 Jahre,m,9818
08215,2014,50 bis unter 55 Jahre,f,19089
08215,2014,50 bis unter 55 Jahre,m,19282
08215,2014,80 bis unter 85 Jahre,m,5090
08215,2014,80 bis unter 85 Jahre,f,7318
08215,2014,25 bis unter 30 Jahre,f,11605
08215,2014,25 bis unter 30 Jahre,m,12676
08215,2014,45 bis unter 50 Jahre,m,18777
08215,2014,45 bis unter 50 Jahre,f,18535
08215,2014,55 bis unter 60 Jahre,m,15859
08215,2014,55 bis unter 60 Jahre,f,15774
08215,2014,70 bis unter 75 Jahre,f,11710
08215,2014,70 bis unter 75 Jahre,m,10363
09671,2014,5 bis unter 10 Jahre,f,3589
09671,2014,5 bis unter 10 Jahre,m,3698
09671,2014,10 bis unter 15 Jahre,f,4070
09671,2014,10 bis unter 15 Jahre,m,4247
09671,2014,45 bis unter 50 Jahre,f,7762
09671,2014,45 bis unter 50 Jahre,m,7827
09671,2014,30 bis unter 35 Jahre,f,4798
09671,2014,30 bis unter 35 Jahre,m,4983
09671,2014,25 bis unter 30 Jahre,f,4495
09671,2014,25 bis unter 30 Jahre,m,4907
09671,2014,80 bis unter 85 Jahre,m,2071
09671,2014,80 bis unter 85 Jahre,f,2950
09671,2014,50 bis unter 55 Jahre,f,8066
09671,2014,50 bis unter 55 Jahre,m,8064
09671,2014,65 bis unter 70 Jahre,f,4368
09671,2014,65 bis unter 70 Jahre,m,4332
09671,2014,40 bis unter 45 Jahre,m,5431
09671,2014,40 bis unter 45 Jahre,f,5676
09671,2014,35 bis unter 40 Jahre,m,4727
09671,2014,35 bis unter 40 Jahre,f,4769
09671,2014,60 bis unter 65 Jahre,m,5658
09671,2014,60 bis unter 65 Jahre,f,5652
09671,2014,15 bis unter 20 Jahre,m,5006
09671,2014,15 bis unter 20 Jahre,f,4598
09671,2014,70 bis unter 75 Jahre,f,4401
09671,2014,70 bis unter 75 Jahre,m,4074
09671,2014,unter 5 Jahre,f,3298
09671,2014,unter 5 Jahre,m,3515
09671,2014,95 Jahre und mehr,m,39
09671,2014,95 Jahre und mehr,f,142
09671,2014,85 bis unter 90 Jahre,m,1091
09671,2014,85 bis unter 90 Jahre,f,1876
09671,2014,55 bis unter 60 Jahre,f,6475
09671,2014,55 bis unter 60 Jahre,m,6855
09671,2014,90 bis unter 95 Jahre,f,772
09671,2014,90 bis unter 95 Jahre,m,288
09671,2014,20 bis unter 25 Jahre,m,5045
09671,2014,20 bis unter 25 Jahre,f,4550
09671,2014,75 bis unter 80 Jahre,m,3980
09671,2014,75 bis unter 80 Jahre,f,4631
03154,2014,unter 5 Jahre,f,1649
03154,2014,unter 5 Jahre,m,1704
03154,2014,15 bis unter 20 Jahre,f,2234
03154,2014,15 bis unter 20 Jahre,m,2476
03154,2014,20 bis unter 25 Jahre,f,2137
03154,2014,20 bis unter 25 Jahre,m,2492
03154,2014,55 bis unter 60 Jahre,f,3499
03154,2014,55 bis unter 60 Jahre,m,3663
03154,2014,40 bis unter 45 Jahre,f,2762
03154,2014,40 bis unter 45 Jahre,m,2878
03154,2014,35 bis unter 40 Jahre,f,2438
03154,2014,35 bis unter 40 Jahre,m,2434
03154,2014,90 bis unter 95 Jahre,m,185
03154,2014,90 bis unter 95 Jahre,f,646
03154,2014,75 bis unter 80 Jahre,f,2820
03154,2014,75 bis unter 80 Jahre,m,2288
03154,2014,30 bis unter 35 Jahre,m,2470
03154,2014,30 bis unter 35 Jahre,f,2308
03154,2014,85 bis unter 90 Jahre,m,670
03154,2014,85 bis unter 90 Jahre,f,1340
03154,2014,65 bis unter 70 Jahre,m,2423
03154,2014,65 bis unter 70 Jahre,f,2490
03154,2014,10 bis unter 15 Jahre,m,2089
03154,2014,10 bis unter 15 Jahre,f,1908
03154,2014,95 Jahre und mehr,f,115
03154,2014,95 Jahre und mehr,m,32
03154,2014,25 bis unter 30 Jahre,f,2226
03154,2014,25 bis unter 30 Jahre,m,2380
03154,2014,5 bis unter 10 Jahre,f,1742
03154,2014,5 bis unter 10 Jahre,m,1849
03154,2014,80 bis unter 85 Jahre,m,1159
03154,2014,80 bis unter 85 Jahre,f,1831
03154,2014,50 bis unter 55 Jahre,f,4152
03154,2014,50 bis unter 55 Jahre,m,4165
03154,2014,45 bis unter 50 Jahre,m,3946
03154,2014,45 bis unter 50 Jahre,f,3885
03154,2014,60 bis unter 65 Jahre,f,3123
03154,2014,60 bis unter 65 Jahre,m,3167
03154,2014,70 bis unter 75 Jahre,m,2485
03154,2014,70 bis unter 75 Jahre,f,2648
05119,2014,5 bis unter 10 Jahre,f,4264
05119,2014,5 bis unter 10 Jahre,m,4288
05119,2014,10 bis unter 15 Jahre,f,4432
05119,2014,10 bis unter 15 Jahre,m,4690
05119,2014,40 bis unter 45 Jahre,m,6690
05119,2014,40 bis unter 45 Jahre,f,6271
05119,2014,65 bis unter 70 Jahre,f,5636
05119,2014,65 bis unter 70 Jahre,m,5292
05119,2014,80 bis unter 85 Jahre,m,2613
05119,2014,80 bis unter 85 Jahre,f,4098
05119,2014,50 bis unter 55 Jahre,f,8897
05119,2014,50 bis unter 55 Jahre,m,8942
05119,2014,25 bis unter 30 Jahre,f,6153
05119,2014,25 bis unter 30 Jahre,m,6370
05119,2014,55 bis unter 60 Jahre,m,7867
05119,2014,55 bis unter 60 Jahre,f,8180
05119,2014,unter 5 Jahre,m,4369
05119,2014,unter 5 Jahre,f,4104
05119,2014,85 bis unter 90 Jahre,f,2623
05119,2014,85 bis unter 90 Jahre,m,1245
05119,2014,20 bis unter 25 Jahre,f,5931
05119,2014,20 bis unter 25 Jahre,m,6342
05119,2014,75 bis unter 80 Jahre,m,4735
05119,2014,75 bis unter 80 Jahre,f,6285
05119,2014,30 bis unter 35 Jahre,f,6326
05119,2014,30 bis unter 35 Jahre,m,6237
05119,2014,90 bis unter 95 Jahre,m,332
05119,2014,90 bis unter 95 Jahre,f,1188
05119,2014,95 Jahre und mehr,f,209
05119,2014,95 Jahre und mehr,m,22
05119,2014,15 bis unter 20 Jahre,f,5155
05119,2014,15 bis unter 20 Jahre,m,5467
05119,2014,70 bis unter 75 Jahre,m,4836
05119,2014,70 bis unter 75 Jahre,f,5759
05119,2014,35 bis unter 40 Jahre,f,5972
05119,2014,35 bis unter 40 Jahre,m,6117
05119,2014,60 bis unter 65 Jahre,f,7210
05119,2014,60 bis unter 65 Jahre,m,6868
05119,2014,45 bis unter 50 Jahre,m,8743
05119,2014,45 bis unter 50 Jahre,f,8534
05154,2014,45 bis unter 50 Jahre,m,13616
05154,2014,45 bis unter 50 Jahre,f,13594
05154,2014,50 bis unter 55 Jahre,f,13433
05154,2014,50 bis unter 55 Jahre,m,13761
05154,2014,5 bis unter 10 Jahre,m,7018
05154,2014,5 bis unter 10 Jahre,f,6564
05154,2014,10 bis unter 15 Jahre,m,7775
05154,2014,10 bis unter 15 Jahre,f,7517
05154,2014,85 bis unter 90 Jahre,f,3339
05154,2014,85 bis unter 90 Jahre,m,1630
05154,2014,30 bis unter 35 Jahre,m,8808
05154,2014,30 bis unter 35 Jahre,f,8257
05154,2014,90 bis unter 95 Jahre,f,1571
05154,2014,90 bis unter 95 Jahre,m,443
05154,2014,65 bis unter 70 Jahre,f,7819
05154,2014,65 bis unter 70 Jahre,m,7564
05154,2014,70 bis unter 75 Jahre,f,7794
05154,2014,70 bis unter 75 Jahre,m,7088
05154,2014,25 bis unter 30 Jahre,m,9055
05154,2014,25 bis unter 30 Jahre,f,8397
05154,2014,95 Jahre und mehr,m,54
05154,2014,95 Jahre und mehr,f,292
05154,2014,80 bis unter 85 Jahre,m,3357
05154,2014,80 bis unter 85 Jahre,f,5162
05154,2014,unter 5 Jahre,f,6173
05154,2014,unter 5 Jahre,m,6530
05154,2014,55 bis unter 60 Jahre,f,11372
05154,2014,55 bis unter 60 Jahre,m,11554
05154,2014,60 bis unter 65 Jahre,m,9882
05154,2014,60 bis unter 65 Jahre,f,10029
05154,2014,35 bis unter 40 Jahre,m,8219
05154,2014,35 bis unter 40 Jahre,f,8123
05154,2014,40 bis unter 45 Jahre,m,9611
05154,2014,40 bis unter 45 Jahre,f,9749
05154,2014,20 bis unter 25 Jahre,f,8440
05154,2014,20 bis unter 25 Jahre,m,9539
05154,2014,75 bis unter 80 Jahre,f,7875
05154,2014,75 bis unter 80 Jahre,m,6378
05154,2014,15 bis unter 20 Jahre,m,9076
05154,2014,15 bis unter 20 Jahre,f,8505
09477,2014,95 Jahre und mehr,f,70
09477,2014,95 Jahre und mehr,m,23
09477,2014,40 bis unter 45 Jahre,m,2317
09477,2014,40 bis unter 45 Jahre,f,2452
09477,2014,20 bis unter 25 Jahre,m,2005
09477,2014,20 bis unter 25 Jahre,f,1634
09477,2014,unter 5 Jahre,m,1255
09477,2014,unter 5 Jahre,f,1241
09477,2014,60 bis unter 65 Jahre,f,2585
09477,2014,60 bis unter 65 Jahre,m,2532
09477,2014,15 bis unter 20 Jahre,m,2007
09477,2014,15 bis unter 20 Jahre,f,1815
09477,2014,25 bis unter 30 Jahre,f,1714
09477,2014,25 bis unter 30 Jahre,m,1822
09477,2014,55 bis unter 60 Jahre,m,2897
09477,2014,55 bis unter 60 Jahre,f,2962
09477,2014,80 bis unter 85 Jahre,m,879
09477,2014,80 bis unter 85 Jahre,f,1599
09477,2014,10 bis unter 15 Jahre,f,1603
09477,2014,10 bis unter 15 Jahre,m,1708
09477,2014,75 bis unter 80 Jahre,f,2294
09477,2014,75 bis unter 80 Jahre,m,1708
09477,2014,5 bis unter 10 Jahre,f,1388
09477,2014,5 bis unter 10 Jahre,m,1493
09477,2014,85 bis unter 90 Jahre,f,1067
09477,2014,85 bis unter 90 Jahre,m,507
09477,2014,30 bis unter 35 Jahre,f,1824
09477,2014,30 bis unter 35 Jahre,m,1859
09477,2014,50 bis unter 55 Jahre,m,3374
09477,2014,50 bis unter 55 Jahre,f,3181
09477,2014,45 bis unter 50 Jahre,m,3204
09477,2014,45 bis unter 50 Jahre,f,3209
09477,2014,70 bis unter 75 Jahre,m,1761
09477,2014,70 bis unter 75 Jahre,f,2033
09477,2014,65 bis unter 70 Jahre,m,1970
09477,2014,65 bis unter 70 Jahre,f,2073
09477,2014,90 bis unter 95 Jahre,m,145
09477,2014,90 bis unter 95 Jahre,f,418
09477,2014,35 bis unter 40 Jahre,f,1943
09477,2014,35 bis unter 40 Jahre,m,1970
07320,2014,80 bis unter 85 Jahre,m,482
07320,2014,80 bis unter 85 Jahre,f,664
07320,2014,60 bis unter 65 Jahre,m,1155
07320,2014,60 bis unter 65 Jahre,f,1268
07320,2014,40 bis unter 45 Jahre,m,977
07320,2014,40 bis unter 45 Jahre,f,934
07320,2014,5 bis unter 10 Jahre,f,673
07320,2014,5 bis unter 10 Jahre,m,677
07320,2014,20 bis unter 25 Jahre,m,1070
07320,2014,20 bis unter 25 Jahre,f,897
07320,2014,unter 5 Jahre,m,662
07320,2014,unter 5 Jahre,f,671
07320,2014,45 bis unter 50 Jahre,f,1256
07320,2014,45 bis unter 50 Jahre,m,1255
07320,2014,75 bis unter 80 Jahre,m,803
07320,2014,75 bis unter 80 Jahre,f,1057
07320,2014,30 bis unter 35 Jahre,f,973
07320,2014,30 bis unter 35 Jahre,m,1093
07320,2014,50 bis unter 55 Jahre,f,1422
07320,2014,50 bis unter 55 Jahre,m,1396
07320,2014,15 bis unter 20 Jahre,m,886
07320,2014,15 bis unter 20 Jahre,f,864
07320,2014,25 bis unter 30 Jahre,f,1026
07320,2014,25 bis unter 30 Jahre,m,1297
07320,2014,95 Jahre und mehr,f,42
07320,2014,95 Jahre und mehr,m,7
07320,2014,70 bis unter 75 Jahre,m,860
07320,2014,70 bis unter 75 Jahre,f,1025
07320,2014,85 bis unter 90 Jahre,m,250
07320,2014,85 bis unter 90 Jahre,f,510
07320,2014,90 bis unter 95 Jahre,m,65
07320,2014,90 bis unter 95 Jahre,f,205
07320,2014,10 bis unter 15 Jahre,m,794
07320,2014,10 bis unter 15 Jahre,f,736
07320,2014,65 bis unter 70 Jahre,m,802
07320,2014,65 bis unter 70 Jahre,f,854
07320,2014,35 bis unter 40 Jahre,f,882
07320,2014,35 bis unter 40 Jahre,m,918
07320,2014,55 bis unter 60 Jahre,f,1351
07320,2014,55 bis unter 60 Jahre,m,1252
01002,2014,90 bis unter 95 Jahre,m,368
01002,2014,90 bis unter 95 Jahre,f,1266
01002,2014,55 bis unter 60 Jahre,f,7404
01002,2014,55 bis unter 60 Jahre,m,7234
01002,2014,85 bis unter 90 Jahre,m,1067
01002,2014,85 bis unter 90 Jahre,f,2568
01002,2014,30 bis unter 35 Jahre,m,9524
01002,2014,30 bis unter 35 Jahre,f,9421
01002,2014,unter 5 Jahre,f,5111
01002,2014,unter 5 Jahre,m,5312
01002,2014,70 bis unter 75 Jahre,m,5705
01002,2014,70 bis unter 75 Jahre,f,6430
01002,2014,40 bis unter 45 Jahre,f,7212
01002,2014,40 bis unter 45 Jahre,m,7563
01002,2014,45 bis unter 50 Jahre,m,9495
01002,2014,45 bis unter 50 Jahre,f,8971
01002,2014,15 bis unter 20 Jahre,f,5377
01002,2014,15 bis unter 20 Jahre,m,5363
01002,2014,95 Jahre und mehr,f,285
01002,2014,95 Jahre und mehr,m,68
01002,2014,10 bis unter 15 Jahre,m,4842
01002,2014,10 bis unter 15 Jahre,f,4396
01002,2014,75 bis unter 80 Jahre,f,6002
01002,2014,75 bis unter 80 Jahre,m,4518
01002,2014,65 bis unter 70 Jahre,m,5253
01002,2014,65 bis unter 70 Jahre,f,5679
01002,2014,20 bis unter 25 Jahre,f,12117
01002,2014,20 bis unter 25 Jahre,m,10465
01002,2014,5 bis unter 10 Jahre,f,4553
01002,2014,5 bis unter 10 Jahre,m,4813
01002,2014,80 bis unter 85 Jahre,m,2086
01002,2014,80 bis unter 85 Jahre,f,3434
01002,2014,25 bis unter 30 Jahre,f,12208
01002,2014,25 bis unter 30 Jahre,m,11979
01002,2014,60 bis unter 65 Jahre,m,6106
01002,2014,60 bis unter 65 Jahre,f,6597
01002,2014,50 bis unter 55 Jahre,f,8782
01002,2014,50 bis unter 55 Jahre,m,8594
01002,2014,35 bis unter 40 Jahre,m,7677
01002,2014,35 bis unter 40 Jahre,f,7303
09461,2014,unter 5 Jahre,f,1391
09461,2014,unter 5 Jahre,m,1494
09461,2014,55 bis unter 60 Jahre,f,2402
09461,2014,55 bis unter 60 Jahre,m,2217
09461,2014,75 bis unter 80 Jahre,f,1996
09461,2014,75 bis unter 80 Jahre,m,1395
09461,2014,80 bis unter 85 Jahre,f,1439
09461,2014,80 bis unter 85 Jahre,m,816
09461,2014,35 bis unter 40 Jahre,m,2092
09461,2014,35 bis unter 40 Jahre,f,2094
09461,2014,40 bis unter 45 Jahre,f,2176
09461,2014,40 bis unter 45 Jahre,m,2117
09461,2014,70 bis unter 75 Jahre,m,1592
09461,2014,70 bis unter 75 Jahre,f,1980
09461,2014,15 bis unter 20 Jahre,f,1640
09461,2014,15 bis unter 20 Jahre,m,1576
09461,2014,85 bis unter 90 Jahre,m,445
09461,2014,85 bis unter 90 Jahre,f,987
09461,2014,20 bis unter 25 Jahre,m,2661
09461,2014,20 bis unter 25 Jahre,f,3382
09461,2014,90 bis unter 95 Jahre,m,139
09461,2014,90 bis unter 95 Jahre,f,494
09461,2014,10 bis unter 15 Jahre,m,1341
09461,2014,10 bis unter 15 Jahre,f,1307
09461,2014,65 bis unter 70 Jahre,m,1542
09461,2014,65 bis unter 70 Jahre,f,1805
09461,2014,45 bis unter 50 Jahre,f,2641
09461,2014,45 bis unter 50 Jahre,m,2672
09461,2014,95 Jahre und mehr,f,96
09461,2014,95 Jahre und mehr,m,15
09461,2014,50 bis unter 55 Jahre,f,2810
09461,2014,50 bis unter 55 Jahre,m,2705
09461,2014,25 bis unter 30 Jahre,f,3536
09461,2014,25 bis unter 30 Jahre,m,3427
09461,2014,30 bis unter 35 Jahre,f,2510
09461,2014,30 bis unter 35 Jahre,m,2575
09461,2014,5 bis unter 10 Jahre,f,1338
09461,2014,5 bis unter 10 Jahre,m,1312
09461,2014,60 bis unter 65 Jahre,m,1786
09461,2014,60 bis unter 65 Jahre,f,2009
09575,2014,25 bis unter 30 Jahre,f,2543
09575,2014,25 bis unter 30 Jahre,m,2849
09575,2014,5 bis unter 10 Jahre,f,2002
09575,2014,5 bis unter 10 Jahre,m,2205
09575,2014,60 bis unter 65 Jahre,m,3325
09575,2014,60 bis unter 65 Jahre,f,3211
09575,2014,30 bis unter 35 Jahre,f,2767
09575,2014,30 bis unter 35 Jahre,m,2847
09575,2014,95 Jahre und mehr,f,95
09575,2014,95 Jahre und mehr,m,17
09575,2014,85 bis unter 90 Jahre,f,1178
09575,2014,85 bis unter 90 Jahre,m,568
09575,2014,70 bis unter 75 Jahre,f,2391
09575,2014,70 bis unter 75 Jahre,m,2207
09575,2014,45 bis unter 50 Jahre,f,4207
09575,2014,45 bis unter 50 Jahre,m,4191
09575,2014,75 bis unter 80 Jahre,m,2133
09575,2014,75 bis unter 80 Jahre,f,2588
09575,2014,15 bis unter 20 Jahre,m,2916
09575,2014,15 bis unter 20 Jahre,f,2765
09575,2014,20 bis unter 25 Jahre,m,2938
09575,2014,20 bis unter 25 Jahre,f,2676
09575,2014,40 bis unter 45 Jahre,f,3152
09575,2014,40 bis unter 45 Jahre,m,3053
09575,2014,50 bis unter 55 Jahre,f,4353
09575,2014,50 bis unter 55 Jahre,m,4445
09575,2014,90 bis unter 95 Jahre,m,174
09575,2014,90 bis unter 95 Jahre,f,573
09575,2014,35 bis unter 40 Jahre,f,2671
09575,2014,35 bis unter 40 Jahre,m,2651
09575,2014,55 bis unter 60 Jahre,f,3720
09575,2014,55 bis unter 60 Jahre,m,3845
09575,2014,10 bis unter 15 Jahre,m,2582
09575,2014,10 bis unter 15 Jahre,f,2346
09575,2014,unter 5 Jahre,m,2046
09575,2014,unter 5 Jahre,f,1955
09575,2014,80 bis unter 85 Jahre,f,1760
09575,2014,80 bis unter 85 Jahre,m,1124
09575,2014,65 bis unter 70 Jahre,m,2419
09575,2014,65 bis unter 70 Jahre,f,2320
09187,2014,60 bis unter 65 Jahre,f,7794
09187,2014,60 bis unter 65 Jahre,m,7226
09187,2014,40 bis unter 45 Jahre,f,8354
09187,2014,40 bis unter 45 Jahre,m,8218
09187,2014,20 bis unter 25 Jahre,f,6819
09187,2014,20 bis unter 25 Jahre,m,7775
09187,2014,unter 5 Jahre,f,5535
09187,2014,unter 5 Jahre,m,5660
09187,2014,75 bis unter 80 Jahre,m,5382
09187,2014,75 bis unter 80 Jahre,f,6242
09187,2014,95 Jahre und mehr,f,287
09187,2014,95 Jahre und mehr,m,62
09187,2014,55 bis unter 60 Jahre,f,8947
09187,2014,55 bis unter 60 Jahre,m,8924
09187,2014,35 bis unter 40 Jahre,m,6874
09187,2014,35 bis unter 40 Jahre,f,7256
09187,2014,80 bis unter 85 Jahre,f,3719
09187,2014,80 bis unter 85 Jahre,m,2664
09187,2014,90 bis unter 95 Jahre,m,432
09187,2014,90 bis unter 95 Jahre,f,1437
09187,2014,70 bis unter 75 Jahre,m,6583
09187,2014,70 bis unter 75 Jahre,f,7248
09187,2014,65 bis unter 70 Jahre,m,6409
09187,2014,65 bis unter 70 Jahre,f,7063
09187,2014,10 bis unter 15 Jahre,f,6310
09187,2014,10 bis unter 15 Jahre,m,6607
09187,2014,85 bis unter 90 Jahre,f,2698
09187,2014,85 bis unter 90 Jahre,m,1411
09187,2014,5 bis unter 10 Jahre,m,5929
09187,2014,5 bis unter 10 Jahre,f,5474
09187,2014,30 bis unter 35 Jahre,f,6974
09187,2014,30 bis unter 35 Jahre,m,7251
09187,2014,50 bis unter 55 Jahre,f,10907
09187,2014,50 bis unter 55 Jahre,m,10732
09187,2014,25 bis unter 30 Jahre,m,7319
09187,2014,25 bis unter 30 Jahre,f,6559
09187,2014,45 bis unter 50 Jahre,m,11096
09187,2014,45 bis unter 50 Jahre,f,11190
09187,2014,15 bis unter 20 Jahre,f,6903
09187,2014,15 bis unter 20 Jahre,m,7580
03101,2014,80 bis unter 85 Jahre,m,2708
03101,2014,80 bis unter 85 Jahre,f,4275
03101,2014,20 bis unter 25 Jahre,m,9344
03101,2014,20 bis unter 25 Jahre,f,8408
03101,2014,95 Jahre und mehr,m,69
03101,2014,95 Jahre und mehr,f,344
03101,2014,45 bis unter 50 Jahre,f,9297
03101,2014,45 bis unter 50 Jahre,m,9926
03101,2014,75 bis unter 80 Jahre,m,5292
03101,2014,75 bis unter 80 Jahre,f,7052
03101,2014,5 bis unter 10 Jahre,f,4729
03101,2014,5 bis unter 10 Jahre,m,4967
03101,2014,35 bis unter 40 Jahre,m,7900
03101,2014,35 bis unter 40 Jahre,f,7470
03101,2014,30 bis unter 35 Jahre,f,8928
03101,2014,30 bis unter 35 Jahre,m,10116
03101,2014,60 bis unter 65 Jahre,m,6440
03101,2014,60 bis unter 65 Jahre,f,7224
03101,2014,40 bis unter 45 Jahre,f,7559
03101,2014,40 bis unter 45 Jahre,m,7876
03101,2014,50 bis unter 55 Jahre,f,9077
03101,2014,50 bis unter 55 Jahre,m,9132
03101,2014,15 bis unter 20 Jahre,m,5516
03101,2014,15 bis unter 20 Jahre,f,5244
03101,2014,25 bis unter 30 Jahre,m,11256
03101,2014,25 bis unter 30 Jahre,f,10028
03101,2014,70 bis unter 75 Jahre,f,7249
03101,2014,70 bis unter 75 Jahre,m,6259
03101,2014,85 bis unter 90 Jahre,m,1525
03101,2014,85 bis unter 90 Jahre,f,3425
03101,2014,90 bis unter 95 Jahre,m,464
03101,2014,90 bis unter 95 Jahre,f,1641
03101,2014,10 bis unter 15 Jahre,m,4934
03101,2014,10 bis unter 15 Jahre,f,4730
03101,2014,65 bis unter 70 Jahre,f,6234
03101,2014,65 bis unter 70 Jahre,m,5466
03101,2014,55 bis unter 60 Jahre,f,8032
03101,2014,55 bis unter 60 Jahre,m,7746
03101,2014,unter 5 Jahre,m,5379
03101,2014,unter 5 Jahre,f,5241
09184,2014,80 bis unter 85 Jahre,m,3665
09184,2014,80 bis unter 85 Jahre,f,4586
09184,2014,60 bis unter 65 Jahre,m,8072
09184,2014,60 bis unter 65 Jahre,f,9042
09184,2014,25 bis unter 30 Jahre,f,8819
09184,2014,25 bis unter 30 Jahre,m,9278
09184,2014,5 bis unter 10 Jahre,f,8582
09184,2014,5 bis unter 10 Jahre,m,9074
09184,2014,40 bis unter 45 Jahre,m,11828
09184,2014,40 bis unter 45 Jahre,f,12268
09184,2014,75 bis unter 80 Jahre,m,7370
09184,2014,75 bis unter 80 Jahre,f,8490
09184,2014,45 bis unter 50 Jahre,f,14840
09184,2014,45 bis unter 50 Jahre,m,15411
09184,2014,unter 5 Jahre,m,8404
09184,2014,unter 5 Jahre,f,7981
09184,2014,85 bis unter 90 Jahre,f,3311
09184,2014,85 bis unter 90 Jahre,m,1939
09184,2014,15 bis unter 20 Jahre,m,8712
09184,2014,15 bis unter 20 Jahre,f,8098
09184,2014,95 Jahre und mehr,m,123
09184,2014,95 Jahre und mehr,f,468
09184,2014,50 bis unter 55 Jahre,f,13145
09184,2014,50 bis unter 55 Jahre,m,13259
09184,2014,30 bis unter 35 Jahre,f,10246
09184,2014,30 bis unter 35 Jahre,m,9849
09184,2014,20 bis unter 25 Jahre,m,9555
09184,2014,20 bis unter 25 Jahre,f,8075
09184,2014,90 bis unter 95 Jahre,m,615
09184,2014,90 bis unter 95 Jahre,f,1772
09184,2014,70 bis unter 75 Jahre,m,9305
09184,2014,70 bis unter 75 Jahre,f,10677
09184,2014,35 bis unter 40 Jahre,f,11209
09184,2014,35 bis unter 40 Jahre,m,10728
09184,2014,10 bis unter 15 Jahre,m,8717
09184,2014,10 bis unter 15 Jahre,f,8096
09184,2014,65 bis unter 70 Jahre,m,7691
09184,2014,65 bis unter 70 Jahre,f,9023
09184,2014,55 bis unter 60 Jahre,f,10259
09184,2014,55 bis unter 60 Jahre,m,10218
08121,2014,75 bis unter 80 Jahre,f,3316
08121,2014,75 bis unter 80 Jahre,m,2563
08121,2014,20 bis unter 25 Jahre,m,4047
08121,2014,20 bis unter 25 Jahre,f,3719
08121,2014,unter 5 Jahre,f,2768
08121,2014,unter 5 Jahre,m,2967
08121,2014,15 bis unter 20 Jahre,f,3026
08121,2014,15 bis unter 20 Jahre,m,3133
08121,2014,80 bis unter 85 Jahre,f,2067
08121,2014,80 bis unter 85 Jahre,m,1328
08121,2014,35 bis unter 40 Jahre,m,3952
08121,2014,35 bis unter 40 Jahre,f,3727
08121,2014,40 bis unter 45 Jahre,f,3899
08121,2014,40 bis unter 45 Jahre,m,4156
08121,2014,55 bis unter 60 Jahre,f,3902
08121,2014,55 bis unter 60 Jahre,m,3827
08121,2014,60 bis unter 65 Jahre,m,3039
08121,2014,60 bis unter 65 Jahre,f,3511
08121,2014,25 bis unter 30 Jahre,f,3945
08121,2014,25 bis unter 30 Jahre,m,4666
08121,2014,50 bis unter 55 Jahre,m,4585
08121,2014,50 bis unter 55 Jahre,f,4387
08121,2014,5 bis unter 10 Jahre,m,2915
08121,2014,5 bis unter 10 Jahre,f,2743
08121,2014,85 bis unter 90 Jahre,f,1407
08121,2014,85 bis unter 90 Jahre,m,723
08121,2014,65 bis unter 70 Jahre,f,2979
08121,2014,65 bis unter 70 Jahre,m,2634
08121,2014,30 bis unter 35 Jahre,f,3880
08121,2014,30 bis unter 35 Jahre,m,4287
08121,2014,70 bis unter 75 Jahre,f,3331
08121,2014,70 bis unter 75 Jahre,m,2800
08121,2014,95 Jahre und mehr,f,132
08121,2014,95 Jahre und mehr,m,35
08121,2014,45 bis unter 50 Jahre,f,4250
08121,2014,45 bis unter 50 Jahre,m,4666
08121,2014,10 bis unter 15 Jahre,m,2941
08121,2014,10 bis unter 15 Jahre,f,2694
08121,2014,90 bis unter 95 Jahre,f,691
08121,2014,90 bis unter 95 Jahre,m,203
08119,2014,90 bis unter 95 Jahre,m,710
08119,2014,90 bis unter 95 Jahre,f,2145
08119,2014,85 bis unter 90 Jahre,m,2426
08119,2014,85 bis unter 90 Jahre,f,4699
08119,2014,55 bis unter 60 Jahre,f,14506
08119,2014,55 bis unter 60 Jahre,m,14592
08119,2014,unter 5 Jahre,f,8613
08119,2014,unter 5 Jahre,m,9042
08119,2014,30 bis unter 35 Jahre,m,12040
08119,2014,30 bis unter 35 Jahre,f,11852
08119,2014,15 bis unter 20 Jahre,f,11356
08119,2014,15 bis unter 20 Jahre,m,12053
08119,2014,45 bis unter 50 Jahre,m,18155
08119,2014,45 bis unter 50 Jahre,f,17840
08119,2014,70 bis unter 75 Jahre,m,10468
08119,2014,70 bis unter 75 Jahre,f,12072
08119,2014,40 bis unter 45 Jahre,f,13849
08119,2014,40 bis unter 45 Jahre,m,13702
08119,2014,10 bis unter 15 Jahre,m,10638
08119,2014,10 bis unter 15 Jahre,f,10253
08119,2014,75 bis unter 80 Jahre,m,9426
08119,2014,75 bis unter 80 Jahre,f,11505
08119,2014,20 bis unter 25 Jahre,f,11017
08119,2014,20 bis unter 25 Jahre,m,12222
08119,2014,65 bis unter 70 Jahre,m,9552
08119,2014,65 bis unter 70 Jahre,f,10432
08119,2014,5 bis unter 10 Jahre,f,9146
08119,2014,5 bis unter 10 Jahre,m,9560
08119,2014,95 Jahre und mehr,f,393
08119,2014,95 Jahre und mehr,m,98
08119,2014,80 bis unter 85 Jahre,m,5089
08119,2014,80 bis unter 85 Jahre,f,6970
08119,2014,25 bis unter 30 Jahre,f,11282
08119,2014,25 bis unter 30 Jahre,m,11925
08119,2014,60 bis unter 65 Jahre,m,11753
08119,2014,60 bis unter 65 Jahre,f,12819
08119,2014,35 bis unter 40 Jahre,m,11825
08119,2014,35 bis unter 40 Jahre,f,11998
08119,2014,50 bis unter 55 Jahre,f,17721
08119,2014,50 bis unter 55 Jahre,m,18272
03357,2014,80 bis unter 85 Jahre,m,1737
03357,2014,80 bis unter 85 Jahre,f,2566
03357,2014,95 Jahre und mehr,f,161
03357,2014,95 Jahre und mehr,m,32
03357,2014,20 bis unter 25 Jahre,m,4856
03357,2014,20 bis unter 25 Jahre,f,4144
03357,2014,75 bis unter 80 Jahre,m,3658
03357,2014,75 bis unter 80 Jahre,f,4174
03357,2014,45 bis unter 50 Jahre,f,7135
03357,2014,45 bis unter 50 Jahre,m,7281
03357,2014,5 bis unter 10 Jahre,f,3553
03357,2014,5 bis unter 10 Jahre,m,3793
03357,2014,35 bis unter 40 Jahre,m,4419
03357,2014,35 bis unter 40 Jahre,f,4224
03357,2014,60 bis unter 65 Jahre,m,5127
03357,2014,60 bis unter 65 Jahre,f,5226
03357,2014,30 bis unter 35 Jahre,f,4250
03357,2014,30 bis unter 35 Jahre,m,4309
03357,2014,40 bis unter 45 Jahre,f,5354
03357,2014,40 bis unter 45 Jahre,m,5358
03357,2014,50 bis unter 55 Jahre,f,6936
03357,2014,50 bis unter 55 Jahre,m,7316
03357,2014,15 bis unter 20 Jahre,m,5162
03357,2014,15 bis unter 20 Jahre,f,4765
03357,2014,70 bis unter 75 Jahre,f,4222
03357,2014,70 bis unter 75 Jahre,m,4085
03357,2014,25 bis unter 30 Jahre,m,4829
03357,2014,25 bis unter 30 Jahre,f,4106
03357,2014,90 bis unter 95 Jahre,m,247
03357,2014,90 bis unter 95 Jahre,f,893
03357,2014,10 bis unter 15 Jahre,m,4643
03357,2014,10 bis unter 15 Jahre,f,4257
03357,2014,85 bis unter 90 Jahre,m,920
03357,2014,85 bis unter 90 Jahre,f,1773
03357,2014,65 bis unter 70 Jahre,f,3974
03357,2014,65 bis unter 70 Jahre,m,4176
03357,2014,55 bis unter 60 Jahre,f,5825
03357,2014,55 bis unter 60 Jahre,m,5838
03357,2014,unter 5 Jahre,f,3147
03357,2014,unter 5 Jahre,m,3371
09374,2014,75 bis unter 80 Jahre,m,2014
09374,2014,75 bis unter 80 Jahre,f,2607
09374,2014,20 bis unter 25 Jahre,m,3006
09374,2014,20 bis unter 25 Jahre,f,2653
09374,2014,unter 5 Jahre,m,1876
09374,2014,unter 5 Jahre,f,1794
09374,2014,80 bis unter 85 Jahre,m,1144
09374,2014,80 bis unter 85 Jahre,f,1729
09374,2014,60 bis unter 65 Jahre,f,3138
09374,2014,60 bis unter 65 Jahre,m,3239
09374,2014,15 bis unter 20 Jahre,m,2895
09374,2014,15 bis unter 20 Jahre,f,2731
09374,2014,40 bis unter 45 Jahre,m,3019
09374,2014,40 bis unter 45 Jahre,f,3096
09374,2014,55 bis unter 60 Jahre,m,3823
09374,2014,55 bis unter 60 Jahre,f,3573
09374,2014,25 bis unter 30 Jahre,f,2594
09374,2014,25 bis unter 30 Jahre,m,2749
09374,2014,95 Jahre und mehr,m,17
09374,2014,95 Jahre und mehr,f,61
09374,2014,85 bis unter 90 Jahre,f,1124
09374,2014,85 bis unter 90 Jahre,m,532
09374,2014,5 bis unter 10 Jahre,f,1942
09374,2014,5 bis unter 10 Jahre,m,2068
09374,2014,30 bis unter 35 Jahre,f,2680
09374,2014,30 bis unter 35 Jahre,m,2738
09374,2014,10 bis unter 15 Jahre,m,2415
09374,2014,10 bis unter 15 Jahre,f,2351
09374,2014,65 bis unter 70 Jahre,m,2280
09374,2014,65 bis unter 70 Jahre,f,2202
09374,2014,50 bis unter 55 Jahre,m,4442
09374,2014,50 bis unter 55 Jahre,f,4217
09374,2014,45 bis unter 50 Jahre,m,4152
09374,2014,45 bis unter 50 Jahre,f,4165
09374,2014,90 bis unter 95 Jahre,f,391
09374,2014,90 bis unter 95 Jahre,m,118
09374,2014,35 bis unter 40 Jahre,f,2569
09374,2014,35 bis unter 40 Jahre,m,2643
09374,2014,70 bis unter 75 Jahre,m,2069
09374,2014,70 bis unter 75 Jahre,f,2328
06632,2014,80 bis unter 85 Jahre,m,1654
06632,2014,80 bis unter 85 Jahre,f,2435
06632,2014,20 bis unter 25 Jahre,m,3231
06632,2014,20 bis unter 25 Jahre,f,2803
06632,2014,75 bis unter 80 Jahre,m,3053
06632,2014,75 bis unter 80 Jahre,f,3782
06632,2014,45 bis unter 50 Jahre,f,4794
06632,2014,45 bis unter 50 Jahre,m,4929
06632,2014,30 bis unter 35 Jahre,f,2982
06632,2014,30 bis unter 35 Jahre,m,3304
06632,2014,60 bis unter 65 Jahre,m,4073
06632,2014,60 bis unter 65 Jahre,f,4282
06632,2014,5 bis unter 10 Jahre,f,2410
06632,2014,5 bis unter 10 Jahre,m,2562
06632,2014,35 bis unter 40 Jahre,m,3156
06632,2014,35 bis unter 40 Jahre,f,3024
06632,2014,95 Jahre und mehr,f,139
06632,2014,95 Jahre und mehr,m,35
06632,2014,90 bis unter 95 Jahre,f,795
06632,2014,90 bis unter 95 Jahre,m,280
06632,2014,unter 5 Jahre,m,2437
06632,2014,unter 5 Jahre,f,2216
06632,2014,65 bis unter 70 Jahre,f,3260
06632,2014,65 bis unter 70 Jahre,m,3247
06632,2014,85 bis unter 90 Jahre,f,1775
06632,2014,85 bis unter 90 Jahre,m,967
06632,2014,55 bis unter 60 Jahre,m,4604
06632,2014,55 bis unter 60 Jahre,f,4506
06632,2014,10 bis unter 15 Jahre,f,2694
06632,2014,10 bis unter 15 Jahre,m,2746
06632,2014,70 bis unter 75 Jahre,m,3233
06632,2014,70 bis unter 75 Jahre,f,3492
06632,2014,50 bis unter 55 Jahre,m,5237
06632,2014,50 bis unter 55 Jahre,f,5105
06632,2014,15 bis unter 20 Jahre,f,2981
06632,2014,15 bis unter 20 Jahre,m,3235
06632,2014,40 bis unter 45 Jahre,f,3768
06632,2014,40 bis unter 45 Jahre,m,3832
06632,2014,25 bis unter 30 Jahre,m,3289
06632,2014,25 bis unter 30 Jahre,f,3047
05362,2014,15 bis unter 20 Jahre,f,12021
05362,2014,15 bis unter 20 Jahre,m,12871
05362,2014,35 bis unter 40 Jahre,f,13744
05362,2014,35 bis unter 40 Jahre,m,12895
05362,2014,90 bis unter 95 Jahre,m,672
05362,2014,90 bis unter 95 Jahre,f,2037
05362,2014,55 bis unter 60 Jahre,f,16818
05362,2014,55 bis unter 60 Jahre,m,16655
05362,2014,75 bis unter 80 Jahre,f,12403
05362,2014,75 bis unter 80 Jahre,m,10273
05362,2014,70 bis unter 75 Jahre,m,11578
05362,2014,70 bis unter 75 Jahre,f,13101
05362,2014,40 bis unter 45 Jahre,f,15476
05362,2014,40 bis unter 45 Jahre,m,14709
05362,2014,30 bis unter 35 Jahre,m,12636
05362,2014,30 bis unter 35 Jahre,f,13143
05362,2014,unter 5 Jahre,f,9934
05362,2014,unter 5 Jahre,m,10431
05362,2014,95 Jahre und mehr,m,95
05362,2014,95 Jahre und mehr,f,382
05362,2014,65 bis unter 70 Jahre,m,11453
05362,2014,65 bis unter 70 Jahre,f,12703
05362,2014,85 bis unter 90 Jahre,m,2592
05362,2014,85 bis unter 90 Jahre,f,4828
05362,2014,20 bis unter 25 Jahre,m,12821
05362,2014,20 bis unter 25 Jahre,f,11961
05362,2014,10 bis unter 15 Jahre,m,11472
05362,2014,10 bis unter 15 Jahre,f,10974
05362,2014,5 bis unter 10 Jahre,f,10101
05362,2014,5 bis unter 10 Jahre,m,10657
05362,2014,25 bis unter 30 Jahre,f,12124
05362,2014,25 bis unter 30 Jahre,m,12372
05362,2014,80 bis unter 85 Jahre,m,5504
05362,2014,80 bis unter 85 Jahre,f,7694
05362,2014,50 bis unter 55 Jahre,f,20061
05362,2014,50 bis unter 55 Jahre,m,19840
05362,2014,45 bis unter 50 Jahre,m,20383
05362,2014,45 bis unter 50 Jahre,f,20695
05362,2014,60 bis unter 65 Jahre,f,15472
05362,2014,60 bis unter 65 Jahre,m,13867
08335,2014,85 bis unter 90 Jahre,m,1704
08335,2014,85 bis unter 90 Jahre,f,3170
08335,2014,90 bis unter 95 Jahre,m,499
08335,2014,90 bis unter 95 Jahre,f,1583
08335,2014,95 Jahre und mehr,f,345
08335,2014,95 Jahre und mehr,m,66
08335,2014,50 bis unter 55 Jahre,m,11281
08335,2014,50 bis unter 55 Jahre,f,11551
08335,2014,65 bis unter 70 Jahre,m,6242
08335,2014,65 bis unter 70 Jahre,f,6890
08335,2014,70 bis unter 75 Jahre,m,6765
08335,2014,70 bis unter 75 Jahre,f,7841
08335,2014,15 bis unter 20 Jahre,f,7584
08335,2014,15 bis unter 20 Jahre,m,7857
08335,2014,45 bis unter 50 Jahre,m,11107
08335,2014,45 bis unter 50 Jahre,f,11642
08335,2014,30 bis unter 35 Jahre,m,8020
08335,2014,30 bis unter 35 Jahre,f,8317
08335,2014,unter 5 Jahre,f,5652
08335,2014,unter 5 Jahre,m,5914
08335,2014,5 bis unter 10 Jahre,m,6100
08335,2014,5 bis unter 10 Jahre,f,5963
08335,2014,75 bis unter 80 Jahre,f,7541
08335,2014,75 bis unter 80 Jahre,m,6124
08335,2014,20 bis unter 25 Jahre,f,9956
08335,2014,20 bis unter 25 Jahre,m,10325
08335,2014,40 bis unter 45 Jahre,f,8620
08335,2014,40 bis unter 45 Jahre,m,8187
08335,2014,10 bis unter 15 Jahre,m,6646
08335,2014,10 bis unter 15 Jahre,f,6475
08335,2014,80 bis unter 85 Jahre,m,3254
08335,2014,80 bis unter 85 Jahre,f,4678
08335,2014,55 bis unter 60 Jahre,m,9356
08335,2014,55 bis unter 60 Jahre,f,9557
08335,2014,25 bis unter 30 Jahre,f,8845
08335,2014,25 bis unter 30 Jahre,m,9113
08335,2014,60 bis unter 65 Jahre,f,8383
08335,2014,60 bis unter 65 Jahre,m,7648
08335,2014,35 bis unter 40 Jahre,f,7623
08335,2014,35 bis unter 40 Jahre,m,7361
08136,2014,85 bis unter 90 Jahre,m,1881
08136,2014,85 bis unter 90 Jahre,f,3579
08136,2014,30 bis unter 35 Jahre,m,9344
08136,2014,30 bis unter 35 Jahre,f,8785
08136,2014,10 bis unter 15 Jahre,m,8230
08136,2014,10 bis unter 15 Jahre,f,7996
08136,2014,5 bis unter 10 Jahre,m,7299
08136,2014,5 bis unter 10 Jahre,f,7009
08136,2014,15 bis unter 20 Jahre,f,8970
08136,2014,15 bis unter 20 Jahre,m,9439
08136,2014,45 bis unter 50 Jahre,m,12912
08136,2014,45 bis unter 50 Jahre,f,12363
08136,2014,70 bis unter 75 Jahre,m,7270
08136,2014,70 bis unter 75 Jahre,f,8130
08136,2014,90 bis unter 95 Jahre,f,1674
08136,2014,90 bis unter 95 Jahre,m,472
08136,2014,unter 5 Jahre,f,6447
08136,2014,unter 5 Jahre,m,6770
08136,2014,65 bis unter 70 Jahre,f,7438
08136,2014,65 bis unter 70 Jahre,m,7097
08136,2014,75 bis unter 80 Jahre,f,8033
08136,2014,75 bis unter 80 Jahre,m,6391
08136,2014,20 bis unter 25 Jahre,f,8771
08136,2014,20 bis unter 25 Jahre,m,9935
08136,2014,40 bis unter 45 Jahre,m,10241
08136,2014,40 bis unter 45 Jahre,f,9973
08136,2014,35 bis unter 40 Jahre,m,8859
08136,2014,35 bis unter 40 Jahre,f,8793
08136,2014,55 bis unter 60 Jahre,m,11184
08136,2014,55 bis unter 60 Jahre,f,11032
08136,2014,60 bis unter 65 Jahre,m,9195
08136,2014,60 bis unter 65 Jahre,f,9640
08136,2014,80 bis unter 85 Jahre,m,3609
08136,2014,80 bis unter 85 Jahre,f,5325
08136,2014,95 Jahre und mehr,f,279
08136,2014,95 Jahre und mehr,m,84
08136,2014,50 bis unter 55 Jahre,f,12653
08136,2014,50 bis unter 55 Jahre,m,12930
08136,2014,25 bis unter 30 Jahre,f,8540
08136,2014,25 bis unter 30 Jahre,m,9633
01053,2014,80 bis unter 85 Jahre,m,2284
01053,2014,80 bis unter 85 Jahre,f,3316
01053,2014,95 Jahre und mehr,f,265
01053,2014,95 Jahre und mehr,m,41
01053,2014,10 bis unter 15 Jahre,f,4770
01053,2014,10 bis unter 15 Jahre,m,5099
01053,2014,40 bis unter 45 Jahre,m,6160
01053,2014,40 bis unter 45 Jahre,f,6514
01053,2014,65 bis unter 70 Jahre,f,5203
01053,2014,65 bis unter 70 Jahre,m,4681
01053,2014,25 bis unter 30 Jahre,f,4460
01053,2014,25 bis unter 30 Jahre,m,4650
01053,2014,55 bis unter 60 Jahre,m,6867
01053,2014,55 bis unter 60 Jahre,f,6948
01053,2014,70 bis unter 75 Jahre,f,5779
01053,2014,70 bis unter 75 Jahre,m,5352
01053,2014,15 bis unter 20 Jahre,m,5388
01053,2014,15 bis unter 20 Jahre,f,4986
01053,2014,60 bis unter 65 Jahre,f,5701
01053,2014,60 bis unter 65 Jahre,m,5734
01053,2014,45 bis unter 50 Jahre,m,8749
01053,2014,45 bis unter 50 Jahre,f,8744
01053,2014,90 bis unter 95 Jahre,f,1088
01053,2014,90 bis unter 95 Jahre,m,337
01053,2014,35 bis unter 40 Jahre,m,5107
01053,2014,35 bis unter 40 Jahre,f,5653
01053,2014,50 bis unter 55 Jahre,m,8528
01053,2014,50 bis unter 55 Jahre,f,8558
01053,2014,30 bis unter 35 Jahre,m,4902
01053,2014,30 bis unter 35 Jahre,f,5147
01053,2014,unter 5 Jahre,f,3890
01053,2014,unter 5 Jahre,m,4192
01053,2014,75 bis unter 80 Jahre,f,5689
01053,2014,75 bis unter 80 Jahre,m,4771
01053,2014,5 bis unter 10 Jahre,m,4455
01053,2014,5 bis unter 10 Jahre,f,4227
01053,2014,20 bis unter 25 Jahre,f,4271
01053,2014,20 bis unter 25 Jahre,m,4815
01053,2014,85 bis unter 90 Jahre,f,2206
01053,2014,85 bis unter 90 Jahre,m,1176
09463,2014,35 bis unter 40 Jahre,m,1004
09463,2014,35 bis unter 40 Jahre,f,1052
09463,2014,80 bis unter 85 Jahre,f,860
09463,2014,80 bis unter 85 Jahre,m,508
09463,2014,60 bis unter 65 Jahre,f,1305
09463,2014,60 bis unter 65 Jahre,m,1195
09463,2014,20 bis unter 25 Jahre,m,1299
09463,2014,20 bis unter 25 Jahre,f,1358
09463,2014,15 bis unter 20 Jahre,m,1028
09463,2014,15 bis unter 20 Jahre,f,928
09463,2014,40 bis unter 45 Jahre,f,1242
09463,2014,40 bis unter 45 Jahre,m,1143
09463,2014,unter 5 Jahre,m,769
09463,2014,unter 5 Jahre,f,738
09463,2014,95 Jahre und mehr,m,12
09463,2014,95 Jahre und mehr,f,67
09463,2014,75 bis unter 80 Jahre,f,1236
09463,2014,75 bis unter 80 Jahre,m,955
09463,2014,55 bis unter 60 Jahre,m,1429
09463,2014,55 bis unter 60 Jahre,f,1623
09463,2014,5 bis unter 10 Jahre,f,792
09463,2014,5 bis unter 10 Jahre,m,802
09463,2014,90 bis unter 95 Jahre,m,116
09463,2014,90 bis unter 95 Jahre,f,363
09463,2014,30 bis unter 35 Jahre,f,1167
09463,2014,30 bis unter 35 Jahre,m,1371
09463,2014,85 bis unter 90 Jahre,f,676
09463,2014,85 bis unter 90 Jahre,m,294
09463,2014,10 bis unter 15 Jahre,m,852
09463,2014,10 bis unter 15 Jahre,f,783
09463,2014,45 bis unter 50 Jahre,m,1600
09463,2014,45 bis unter 50 Jahre,f,1612
09463,2014,25 bis unter 30 Jahre,m,1591
09463,2014,25 bis unter 30 Jahre,f,1429
09463,2014,70 bis unter 75 Jahre,f,1239
09463,2014,70 bis unter 75 Jahre,m,1079
09463,2014,65 bis unter 70 Jahre,m,1000
09463,2014,65 bis unter 70 Jahre,f,1149
09463,2014,50 bis unter 55 Jahre,f,1705
09463,2014,50 bis unter 55 Jahre,m,1691
07132,2014,5 bis unter 10 Jahre,m,2848
07132,2014,5 bis unter 10 Jahre,f,2667
07132,2014,50 bis unter 55 Jahre,f,5654
07132,2014,50 bis unter 55 Jahre,m,5814
07132,2014,30 bis unter 35 Jahre,f,3444
07132,2014,30 bis unter 35 Jahre,m,3446
07132,2014,10 bis unter 15 Jahre,f,2955
07132,2014,10 bis unter 15 Jahre,m,3140
07132,2014,95 Jahre und mehr,m,29
07132,2014,95 Jahre und mehr,f,125
07132,2014,85 bis unter 90 Jahre,m,762
07132,2014,85 bis unter 90 Jahre,f,1631
07132,2014,25 bis unter 30 Jahre,f,3265
07132,2014,25 bis unter 30 Jahre,m,3555
07132,2014,90 bis unter 95 Jahre,f,664
07132,2014,90 bis unter 95 Jahre,m,238
07132,2014,45 bis unter 50 Jahre,m,5469
07132,2014,45 bis unter 50 Jahre,f,5377
07132,2014,65 bis unter 70 Jahre,f,3292
07132,2014,65 bis unter 70 Jahre,m,3058
07132,2014,70 bis unter 75 Jahre,m,3141
07132,2014,70 bis unter 75 Jahre,f,3581
07132,2014,60 bis unter 65 Jahre,m,4391
07132,2014,60 bis unter 65 Jahre,f,4477
07132,2014,40 bis unter 45 Jahre,m,3923
07132,2014,40 bis unter 45 Jahre,f,4010
07132,2014,35 bis unter 40 Jahre,f,3325
07132,2014,35 bis unter 40 Jahre,m,3325
07132,2014,15 bis unter 20 Jahre,m,3908
07132,2014,15 bis unter 20 Jahre,f,3555
07132,2014,80 bis unter 85 Jahre,f,2435
07132,2014,80 bis unter 85 Jahre,m,1599
07132,2014,75 bis unter 80 Jahre,f,3712
07132,2014,75 bis unter 80 Jahre,m,2956
07132,2014,unter 5 Jahre,f,2518
07132,2014,unter 5 Jahre,m,2707
07132,2014,20 bis unter 25 Jahre,m,3916
07132,2014,20 bis unter 25 Jahre,f,3417
07132,2014,55 bis unter 60 Jahre,f,4849
07132,2014,55 bis unter 60 Jahre,m,5050
09178,2014,90 bis unter 95 Jahre,m,194
09178,2014,90 bis unter 95 Jahre,f,618
09178,2014,15 bis unter 20 Jahre,f,4654
09178,2014,15 bis unter 20 Jahre,m,5061
09178,2014,70 bis unter 75 Jahre,m,3462
09178,2014,70 bis unter 75 Jahre,f,3629
09178,2014,50 bis unter 55 Jahre,m,7439
09178,2014,50 bis unter 55 Jahre,f,6874
09178,2014,95 Jahre und mehr,f,99
09178,2014,95 Jahre und mehr,m,18
09178,2014,unter 5 Jahre,f,4056
09178,2014,unter 5 Jahre,m,4310
09178,2014,30 bis unter 35 Jahre,m,6029
09178,2014,30 bis unter 35 Jahre,f,5936
09178,2014,65 bis unter 70 Jahre,m,3395
09178,2014,65 bis unter 70 Jahre,f,3525
09178,2014,35 bis unter 40 Jahre,f,5585
09178,2014,35 bis unter 40 Jahre,m,5927
09178,2014,75 bis unter 80 Jahre,f,3264
09178,2014,75 bis unter 80 Jahre,m,2794
09178,2014,25 bis unter 30 Jahre,m,6302
09178,2014,25 bis unter 30 Jahre,f,5821
09178,2014,60 bis unter 65 Jahre,f,4351
09178,2014,60 bis unter 65 Jahre,m,4230
09178,2014,45 bis unter 50 Jahre,m,8047
09178,2014,45 bis unter 50 Jahre,f,7514
09178,2014,55 bis unter 60 Jahre,f,5318
09178,2014,55 bis unter 60 Jahre,m,5791
09178,2014,80 bis unter 85 Jahre,f,2091
09178,2014,80 bis unter 85 Jahre,m,1424
09178,2014,40 bis unter 45 Jahre,m,6408
09178,2014,40 bis unter 45 Jahre,f,6003
09178,2014,10 bis unter 15 Jahre,f,4128
09178,2014,10 bis unter 15 Jahre,m,4468
09178,2014,5 bis unter 10 Jahre,m,4139
09178,2014,5 bis unter 10 Jahre,f,3926
09178,2014,20 bis unter 25 Jahre,f,5509
09178,2014,20 bis unter 25 Jahre,m,5942
09178,2014,85 bis unter 90 Jahre,f,1335
09178,2014,85 bis unter 90 Jahre,m,741
09261,2014,5 bis unter 10 Jahre,f,1323
09261,2014,5 bis unter 10 Jahre,m,1420
09261,2014,95 Jahre und mehr,f,102
09261,2014,95 Jahre und mehr,m,25
09261,2014,60 bis unter 65 Jahre,m,1883
09261,2014,60 bis unter 65 Jahre,f,2120
09261,2014,30 bis unter 35 Jahre,f,2263
09261,2014,30 bis unter 35 Jahre,m,2365
09261,2014,45 bis unter 50 Jahre,f,2653
09261,2014,45 bis unter 50 Jahre,m,2785
09261,2014,75 bis unter 80 Jahre,m,1388
09261,2014,75 bis unter 80 Jahre,f,1812
09261,2014,25 bis unter 30 Jahre,m,2392
09261,2014,25 bis unter 30 Jahre,f,2500
09261,2014,70 bis unter 75 Jahre,f,1947
09261,2014,70 bis unter 75 Jahre,m,1633
09261,2014,15 bis unter 20 Jahre,m,1580
09261,2014,15 bis unter 20 Jahre,f,1495
09261,2014,20 bis unter 25 Jahre,m,2217
09261,2014,20 bis unter 25 Jahre,f,2201
09261,2014,40 bis unter 45 Jahre,f,2214
09261,2014,40 bis unter 45 Jahre,m,2283
09261,2014,50 bis unter 55 Jahre,f,2559
09261,2014,50 bis unter 55 Jahre,m,2545
09261,2014,90 bis unter 95 Jahre,m,136
09261,2014,90 bis unter 95 Jahre,f,522
09261,2014,35 bis unter 40 Jahre,f,2239
09261,2014,35 bis unter 40 Jahre,m,2215
09261,2014,85 bis unter 90 Jahre,m,427
09261,2014,85 bis unter 90 Jahre,f,904
09261,2014,55 bis unter 60 Jahre,f,2338
09261,2014,55 bis unter 60 Jahre,m,2018
09261,2014,10 bis unter 15 Jahre,m,1390
09261,2014,10 bis unter 15 Jahre,f,1340
09261,2014,80 bis unter 85 Jahre,f,1260
09261,2014,80 bis unter 85 Jahre,m,721
09261,2014,65 bis unter 70 Jahre,m,1529
09261,2014,65 bis unter 70 Jahre,f,1881
09261,2014,unter 5 Jahre,m,1469
09261,2014,unter 5 Jahre,f,1415
07338,2014,90 bis unter 95 Jahre,f,788
07338,2014,90 bis unter 95 Jahre,m,230
07338,2014,45 bis unter 50 Jahre,m,6390
07338,2014,45 bis unter 50 Jahre,f,6607
07338,2014,70 bis unter 75 Jahre,f,4442
07338,2014,70 bis unter 75 Jahre,m,3997
07338,2014,30 bis unter 35 Jahre,m,3996
07338,2014,30 bis unter 35 Jahre,f,4203
07338,2014,25 bis unter 30 Jahre,m,3843
07338,2014,25 bis unter 30 Jahre,f,3642
07338,2014,5 bis unter 10 Jahre,m,3229
07338,2014,5 bis unter 10 Jahre,f,3043
07338,2014,50 bis unter 55 Jahre,f,7053
07338,2014,50 bis unter 55 Jahre,m,7122
07338,2014,10 bis unter 15 Jahre,m,3495
07338,2014,10 bis unter 15 Jahre,f,3363
07338,2014,85 bis unter 90 Jahre,m,969
07338,2014,85 bis unter 90 Jahre,f,1732
07338,2014,15 bis unter 20 Jahre,f,3815
07338,2014,15 bis unter 20 Jahre,m,4053
07338,2014,40 bis unter 45 Jahre,m,4576
07338,2014,40 bis unter 45 Jahre,f,4738
07338,2014,35 bis unter 40 Jahre,f,4217
07338,2014,35 bis unter 40 Jahre,m,4151
07338,2014,60 bis unter 65 Jahre,f,5168
07338,2014,60 bis unter 65 Jahre,m,4949
07338,2014,unter 5 Jahre,m,3269
07338,2014,unter 5 Jahre,f,3066
07338,2014,55 bis unter 60 Jahre,m,5863
07338,2014,55 bis unter 60 Jahre,f,5850
07338,2014,80 bis unter 85 Jahre,f,2795
07338,2014,80 bis unter 85 Jahre,m,2031
07338,2014,95 Jahre und mehr,m,39
07338,2014,95 Jahre und mehr,f,148
07338,2014,75 bis unter 80 Jahre,m,3706
07338,2014,75 bis unter 80 Jahre,f,4220
07338,2014,20 bis unter 25 Jahre,m,3900
07338,2014,20 bis unter 25 Jahre,f,3552
07338,2014,65 bis unter 70 Jahre,f,4075
07338,2014,65 bis unter 70 Jahre,m,3726
09376,2014,5 bis unter 10 Jahre,f,2903
09376,2014,5 bis unter 10 Jahre,m,2998
09376,2014,60 bis unter 65 Jahre,m,4783
09376,2014,60 bis unter 65 Jahre,f,4633
09376,2014,25 bis unter 30 Jahre,f,3915
09376,2014,25 bis unter 30 Jahre,m,4502
09376,2014,80 bis unter 85 Jahre,m,1677
09376,2014,80 bis unter 85 Jahre,f,2701
09376,2014,95 Jahre und mehr,m,27
09376,2014,95 Jahre und mehr,f,90
09376,2014,75 bis unter 80 Jahre,m,2938
09376,2014,75 bis unter 80 Jahre,f,3916
09376,2014,10 bis unter 15 Jahre,f,3368
09376,2014,10 bis unter 15 Jahre,m,3595
09376,2014,40 bis unter 45 Jahre,m,4945
09376,2014,40 bis unter 45 Jahre,f,4779
09376,2014,unter 5 Jahre,m,2907
09376,2014,unter 5 Jahre,f,2800
09376,2014,15 bis unter 20 Jahre,m,4144
09376,2014,15 bis unter 20 Jahre,f,3843
09376,2014,85 bis unter 90 Jahre,f,1696
09376,2014,85 bis unter 90 Jahre,m,828
09376,2014,30 bis unter 35 Jahre,f,4060
09376,2014,30 bis unter 35 Jahre,m,4350
09376,2014,50 bis unter 55 Jahre,f,6283
09376,2014,50 bis unter 55 Jahre,m,6661
09376,2014,20 bis unter 25 Jahre,m,4532
09376,2014,20 bis unter 25 Jahre,f,4046
09376,2014,90 bis unter 95 Jahre,m,219
09376,2014,90 bis unter 95 Jahre,f,687
09376,2014,35 bis unter 40 Jahre,f,4009
09376,2014,35 bis unter 40 Jahre,m,4390
09376,2014,65 bis unter 70 Jahre,m,3361
09376,2014,65 bis unter 70 Jahre,f,3462
09376,2014,70 bis unter 75 Jahre,f,3514
09376,2014,70 bis unter 75 Jahre,m,3188
09376,2014,55 bis unter 60 Jahre,m,5567
09376,2014,55 bis unter 60 Jahre,f,5237
09376,2014,45 bis unter 50 Jahre,f,5834
09376,2014,45 bis unter 50 Jahre,m,6226
07334,2014,80 bis unter 85 Jahre,m,1312
07334,2014,80 bis unter 85 Jahre,f,2027
07334,2014,25 bis unter 30 Jahre,f,3647
07334,2014,25 bis unter 30 Jahre,m,3953
07334,2014,5 bis unter 10 Jahre,f,2708
07334,2014,5 bis unter 10 Jahre,m,2973
07334,2014,10 bis unter 15 Jahre,f,2834
07334,2014,10 bis unter 15 Jahre,m,3206
07334,2014,60 bis unter 65 Jahre,m,4118
07334,2014,60 bis unter 65 Jahre,f,4155
07334,2014,45 bis unter 50 Jahre,f,5403
07334,2014,45 bis unter 50 Jahre,m,5507
07334,2014,75 bis unter 80 Jahre,m,2678
07334,2014,75 bis unter 80 Jahre,f,3159
07334,2014,85 bis unter 90 Jahre,f,1204
07334,2014,85 bis unter 90 Jahre,m,575
07334,2014,15 bis unter 20 Jahre,m,3543
07334,2014,15 bis unter 20 Jahre,f,3519
07334,2014,50 bis unter 55 Jahre,f,5509
07334,2014,50 bis unter 55 Jahre,m,5706
07334,2014,20 bis unter 25 Jahre,m,3722
07334,2014,20 bis unter 25 Jahre,f,3800
07334,2014,30 bis unter 35 Jahre,f,3750
07334,2014,30 bis unter 35 Jahre,m,3958
07334,2014,95 Jahre und mehr,f,97
07334,2014,95 Jahre und mehr,m,23
07334,2014,40 bis unter 45 Jahre,m,4196
07334,2014,40 bis unter 45 Jahre,f,4191
07334,2014,90 bis unter 95 Jahre,m,139
07334,2014,90 bis unter 95 Jahre,f,507
07334,2014,65 bis unter 70 Jahre,m,2845
07334,2014,65 bis unter 70 Jahre,f,2948
07334,2014,35 bis unter 40 Jahre,f,3584
07334,2014,35 bis unter 40 Jahre,m,3670
07334,2014,70 bis unter 75 Jahre,f,3043
07334,2014,70 bis unter 75 Jahre,m,2889
07334,2014,unter 5 Jahre,m,2796
07334,2014,unter 5 Jahre,f,2664
07334,2014,55 bis unter 60 Jahre,m,4928
07334,2014,55 bis unter 60 Jahre,f,4780
09572,2014,45 bis unter 50 Jahre,m,5763
09572,2014,45 bis unter 50 Jahre,f,5796
09572,2014,90 bis unter 95 Jahre,f,539
09572,2014,90 bis unter 95 Jahre,m,179
09572,2014,25 bis unter 30 Jahre,m,3658
09572,2014,25 bis unter 30 Jahre,f,3536
09572,2014,70 bis unter 75 Jahre,f,3507
09572,2014,70 bis unter 75 Jahre,m,3348
09572,2014,30 bis unter 35 Jahre,m,3979
09572,2014,30 bis unter 35 Jahre,f,3880
09572,2014,50 bis unter 55 Jahre,f,5823
09572,2014,50 bis unter 55 Jahre,m,5972
09572,2014,10 bis unter 15 Jahre,m,3335
09572,2014,10 bis unter 15 Jahre,f,3206
09572,2014,5 bis unter 10 Jahre,m,3179
09572,2014,5 bis unter 10 Jahre,f,3060
09572,2014,85 bis unter 90 Jahre,f,1240
09572,2014,85 bis unter 90 Jahre,m,725
09572,2014,65 bis unter 70 Jahre,m,3404
09572,2014,65 bis unter 70 Jahre,f,3360
09572,2014,95 Jahre und mehr,m,24
09572,2014,95 Jahre und mehr,f,88
09572,2014,35 bis unter 40 Jahre,f,4012
09572,2014,35 bis unter 40 Jahre,m,3850
09572,2014,unter 5 Jahre,f,2845
09572,2014,unter 5 Jahre,m,3101
09572,2014,80 bis unter 85 Jahre,m,1450
09572,2014,80 bis unter 85 Jahre,f,1996
09572,2014,60 bis unter 65 Jahre,m,4265
09572,2014,60 bis unter 65 Jahre,f,4351
09572,2014,55 bis unter 60 Jahre,f,5196
09572,2014,55 bis unter 60 Jahre,m,5084
09572,2014,20 bis unter 25 Jahre,m,3778
09572,2014,20 bis unter 25 Jahre,f,3319
09572,2014,75 bis unter 80 Jahre,m,2739
09572,2014,75 bis unter 80 Jahre,f,3227
09572,2014,40 bis unter 45 Jahre,m,4396
09572,2014,40 bis unter 45 Jahre,f,4411
09572,2014,15 bis unter 20 Jahre,m,3734
09572,2014,15 bis unter 20 Jahre,f,3475
07233,2014,45 bis unter 50 Jahre,f,2429
07233,2014,45 bis unter 50 Jahre,m,2473
07233,2014,85 bis unter 90 Jahre,f,841
07233,2014,85 bis unter 90 Jahre,m,480
07233,2014,65 bis unter 70 Jahre,f,1588
07233,2014,65 bis unter 70 Jahre,m,1638
07233,2014,70 bis unter 75 Jahre,f,1793
07233,2014,70 bis unter 75 Jahre,m,1616
07233,2014,25 bis unter 30 Jahre,m,1706
07233,2014,25 bis unter 30 Jahre,f,1440
07233,2014,60 bis unter 65 Jahre,m,2219
07233,2014,60 bis unter 65 Jahre,f,2160
07233,2014,30 bis unter 35 Jahre,f,1478
07233,2014,30 bis unter 35 Jahre,m,1510
07233,2014,5 bis unter 10 Jahre,f,1188
07233,2014,5 bis unter 10 Jahre,m,1237
07233,2014,95 Jahre und mehr,f,77
07233,2014,95 Jahre und mehr,m,18
07233,2014,50 bis unter 55 Jahre,m,2777
07233,2014,50 bis unter 55 Jahre,f,2697
07233,2014,15 bis unter 20 Jahre,m,1815
07233,2014,15 bis unter 20 Jahre,f,1728
07233,2014,40 bis unter 45 Jahre,m,1703
07233,2014,40 bis unter 45 Jahre,f,1773
07233,2014,55 bis unter 60 Jahre,f,2404
07233,2014,55 bis unter 60 Jahre,m,2538
07233,2014,unter 5 Jahre,f,1102
07233,2014,unter 5 Jahre,m,1157
07233,2014,35 bis unter 40 Jahre,f,1525
07233,2014,35 bis unter 40 Jahre,m,1525
07233,2014,20 bis unter 25 Jahre,f,1449
07233,2014,20 bis unter 25 Jahre,m,1781
07233,2014,80 bis unter 85 Jahre,f,1211
07233,2014,80 bis unter 85 Jahre,m,867
07233,2014,75 bis unter 80 Jahre,m,1618
07233,2014,75 bis unter 80 Jahre,f,1795
07233,2014,10 bis unter 15 Jahre,m,1460
07233,2014,10 bis unter 15 Jahre,f,1402
07233,2014,90 bis unter 95 Jahre,f,434
07233,2014,90 bis unter 95 Jahre,m,123
08336,2014,80 bis unter 85 Jahre,m,2766
08336,2014,80 bis unter 85 Jahre,f,3894
08336,2014,10 bis unter 15 Jahre,f,5431
08336,2014,10 bis unter 15 Jahre,m,5758
08336,2014,55 bis unter 60 Jahre,m,8200
08336,2014,55 bis unter 60 Jahre,f,8183
08336,2014,25 bis unter 30 Jahre,f,6446
08336,2014,25 bis unter 30 Jahre,m,6589
08336,2014,40 bis unter 45 Jahre,m,6962
08336,2014,40 bis unter 45 Jahre,f,7367
08336,2014,70 bis unter 75 Jahre,f,5936
08336,2014,70 bis unter 75 Jahre,m,5167
08336,2014,95 Jahre und mehr,m,53
08336,2014,95 Jahre und mehr,f,188
08336,2014,15 bis unter 20 Jahre,m,6656
08336,2014,15 bis unter 20 Jahre,f,6323
08336,2014,60 bis unter 65 Jahre,f,6779
08336,2014,60 bis unter 65 Jahre,m,6556
08336,2014,45 bis unter 50 Jahre,m,9598
08336,2014,45 bis unter 50 Jahre,f,9802
08336,2014,65 bis unter 70 Jahre,f,5389
08336,2014,65 bis unter 70 Jahre,m,4916
08336,2014,90 bis unter 95 Jahre,f,1064
08336,2014,90 bis unter 95 Jahre,m,358
08336,2014,35 bis unter 40 Jahre,m,6048
08336,2014,35 bis unter 40 Jahre,f,6519
08336,2014,50 bis unter 55 Jahre,m,9825
08336,2014,50 bis unter 55 Jahre,f,10049
08336,2014,unter 5 Jahre,f,5005
08336,2014,unter 5 Jahre,m,5167
08336,2014,75 bis unter 80 Jahre,f,5958
08336,2014,75 bis unter 80 Jahre,m,4770
08336,2014,5 bis unter 10 Jahre,m,5373
08336,2014,5 bis unter 10 Jahre,f,5046
08336,2014,85 bis unter 90 Jahre,f,2567
08336,2014,85 bis unter 90 Jahre,m,1351
08336,2014,20 bis unter 25 Jahre,f,5912
08336,2014,20 bis unter 25 Jahre,m,6455
08336,2014,30 bis unter 35 Jahre,m,6547
08336,2014,30 bis unter 35 Jahre,f,6719
05913,2014,45 bis unter 50 Jahre,f,22722
05913,2014,45 bis unter 50 Jahre,m,23680
05913,2014,95 Jahre und mehr,m,96
05913,2014,95 Jahre und mehr,f,533
05913,2014,5 bis unter 10 Jahre,f,11895
05913,2014,5 bis unter 10 Jahre,m,12420
05913,2014,30 bis unter 35 Jahre,f,18944
05913,2014,30 bis unter 35 Jahre,m,19817
05913,2014,10 bis unter 15 Jahre,f,12424
05913,2014,10 bis unter 15 Jahre,m,13222
05913,2014,25 bis unter 30 Jahre,f,20296
05913,2014,25 bis unter 30 Jahre,m,21653
05913,2014,50 bis unter 55 Jahre,f,22406
05913,2014,50 bis unter 55 Jahre,m,22633
05913,2014,80 bis unter 85 Jahre,m,6625
05913,2014,80 bis unter 85 Jahre,f,10585
05913,2014,65 bis unter 70 Jahre,f,14824
05913,2014,65 bis unter 70 Jahre,m,13284
05913,2014,90 bis unter 95 Jahre,f,3035
05913,2014,90 bis unter 95 Jahre,m,905
05913,2014,35 bis unter 40 Jahre,m,17514
05913,2014,35 bis unter 40 Jahre,f,17555
05913,2014,60 bis unter 65 Jahre,m,16769
05913,2014,60 bis unter 65 Jahre,f,18164
05913,2014,40 bis unter 45 Jahre,m,18791
05913,2014,40 bis unter 45 Jahre,f,18410
05913,2014,70 bis unter 75 Jahre,f,16004
05913,2014,70 bis unter 75 Jahre,m,13274
05913,2014,15 bis unter 20 Jahre,m,14942
05913,2014,15 bis unter 20 Jahre,f,13839
05913,2014,unter 5 Jahre,f,12399
05913,2014,unter 5 Jahre,m,12648
05913,2014,55 bis unter 60 Jahre,f,19874
05913,2014,55 bis unter 60 Jahre,m,19628
05913,2014,75 bis unter 80 Jahre,f,16311
05913,2014,75 bis unter 80 Jahre,m,12495
05913,2014,20 bis unter 25 Jahre,m,20043
05913,2014,20 bis unter 25 Jahre,f,18963
05913,2014,85 bis unter 90 Jahre,m,3563
05913,2014,85 bis unter 90 Jahre,f,7326
09475,2014,60 bis unter 65 Jahre,f,3380
09475,2014,60 bis unter 65 Jahre,m,3330
09475,2014,15 bis unter 20 Jahre,m,2581
09475,2014,15 bis unter 20 Jahre,f,2440
09475,2014,80 bis unter 85 Jahre,f,2369
09475,2014,80 bis unter 85 Jahre,m,1479
09475,2014,35 bis unter 40 Jahre,m,2294
09475,2014,35 bis unter 40 Jahre,f,2355
09475,2014,75 bis unter 80 Jahre,f,3314
09475,2014,75 bis unter 80 Jahre,m,2557
09475,2014,55 bis unter 60 Jahre,m,3849
09475,2014,55 bis unter 60 Jahre,f,3795
09475,2014,unter 5 Jahre,f,1607
09475,2014,unter 5 Jahre,m,1699
09475,2014,20 bis unter 25 Jahre,m,2598
09475,2014,20 bis unter 25 Jahre,f,2333
09475,2014,40 bis unter 45 Jahre,f,3209
09475,2014,40 bis unter 45 Jahre,m,2942
09475,2014,90 bis unter 95 Jahre,m,222
09475,2014,90 bis unter 95 Jahre,f,631
09475,2014,5 bis unter 10 Jahre,f,1762
09475,2014,5 bis unter 10 Jahre,m,1854
09475,2014,65 bis unter 70 Jahre,m,2647
09475,2014,65 bis unter 70 Jahre,f,2802
09475,2014,10 bis unter 15 Jahre,f,2145
09475,2014,10 bis unter 15 Jahre,m,2227
09475,2014,85 bis unter 90 Jahre,f,1567
09475,2014,85 bis unter 90 Jahre,m,750
09475,2014,50 bis unter 55 Jahre,f,4271
09475,2014,50 bis unter 55 Jahre,m,4458
09475,2014,25 bis unter 30 Jahre,m,2329
09475,2014,25 bis unter 30 Jahre,f,2123
09475,2014,70 bis unter 75 Jahre,f,3113
09475,2014,70 bis unter 75 Jahre,m,2653
09475,2014,30 bis unter 35 Jahre,f,2334
09475,2014,30 bis unter 35 Jahre,m,2277
09475,2014,45 bis unter 50 Jahre,m,4142
09475,2014,45 bis unter 50 Jahre,f,4040
09475,2014,95 Jahre und mehr,m,24
09475,2014,95 Jahre und mehr,f,106
05515,2014,80 bis unter 85 Jahre,m,2878
05515,2014,80 bis unter 85 Jahre,f,4618
05515,2014,5 bis unter 10 Jahre,f,5733
05515,2014,5 bis unter 10 Jahre,m,6252
05515,2014,60 bis unter 65 Jahre,m,7344
05515,2014,60 bis unter 65 Jahre,f,7906
05515,2014,40 bis unter 45 Jahre,m,9111
05515,2014,40 bis unter 45 Jahre,f,9092
05515,2014,75 bis unter 80 Jahre,m,5093
05515,2014,75 bis unter 80 Jahre,f,6902
05515,2014,45 bis unter 50 Jahre,f,11297
05515,2014,45 bis unter 50 Jahre,m,11149
05515,2014,unter 5 Jahre,m,6710
05515,2014,unter 5 Jahre,f,6423
05515,2014,85 bis unter 90 Jahre,f,3440
05515,2014,85 bis unter 90 Jahre,m,1675
05515,2014,15 bis unter 20 Jahre,m,7391
05515,2014,15 bis unter 20 Jahre,f,7720
05515,2014,50 bis unter 55 Jahre,f,11210
05515,2014,50 bis unter 55 Jahre,m,10675
05515,2014,30 bis unter 35 Jahre,f,11734
05515,2014,30 bis unter 35 Jahre,m,12133
05515,2014,20 bis unter 25 Jahre,m,13165
05515,2014,20 bis unter 25 Jahre,f,16895
05515,2014,25 bis unter 30 Jahre,f,15292
05515,2014,25 bis unter 30 Jahre,m,14565
05515,2014,90 bis unter 95 Jahre,m,524
05515,2014,90 bis unter 95 Jahre,f,1709
05515,2014,70 bis unter 75 Jahre,m,5588
05515,2014,70 bis unter 75 Jahre,f,7033
05515,2014,95 Jahre und mehr,m,64
05515,2014,95 Jahre und mehr,f,359
05515,2014,35 bis unter 40 Jahre,f,9156
05515,2014,35 bis unter 40 Jahre,m,9457
05515,2014,65 bis unter 70 Jahre,m,5419
05515,2014,65 bis unter 70 Jahre,f,6011
05515,2014,10 bis unter 15 Jahre,m,6143
05515,2014,10 bis unter 15 Jahre,f,5922
05515,2014,55 bis unter 60 Jahre,m,8982
05515,2014,55 bis unter 60 Jahre,f,9408
05554,2014,90 bis unter 95 Jahre,m,428
05554,2014,90 bis unter 95 Jahre,f,1537
05554,2014,55 bis unter 60 Jahre,f,12780
05554,2014,55 bis unter 60 Jahre,m,12932
05554,2014,unter 5 Jahre,f,8298
05554,2014,unter 5 Jahre,m,8418
05554,2014,85 bis unter 90 Jahre,m,1792
05554,2014,85 bis unter 90 Jahre,f,3672
05554,2014,30 bis unter 35 Jahre,m,10439
05554,2014,30 bis unter 35 Jahre,f,10243
05554,2014,70 bis unter 75 Jahre,m,7660
05554,2014,70 bis unter 75 Jahre,f,8396
05554,2014,40 bis unter 45 Jahre,f,11816
05554,2014,40 bis unter 45 Jahre,m,12011
05554,2014,15 bis unter 20 Jahre,f,11419
05554,2014,15 bis unter 20 Jahre,m,12107
05554,2014,45 bis unter 50 Jahre,m,16770
05554,2014,45 bis unter 50 Jahre,f,16008
05554,2014,10 bis unter 15 Jahre,m,10619
05554,2014,10 bis unter 15 Jahre,f,10019
05554,2014,20 bis unter 25 Jahre,m,12136
05554,2014,20 bis unter 25 Jahre,f,10643
05554,2014,75 bis unter 80 Jahre,m,7079
05554,2014,75 bis unter 80 Jahre,f,9103
05554,2014,95 Jahre und mehr,f,287
05554,2014,95 Jahre und mehr,m,48
05554,2014,65 bis unter 70 Jahre,m,7829
05554,2014,65 bis unter 70 Jahre,f,8120
05554,2014,5 bis unter 10 Jahre,f,8737
05554,2014,5 bis unter 10 Jahre,m,9179
05554,2014,80 bis unter 85 Jahre,m,3884
05554,2014,80 bis unter 85 Jahre,f,5940
05554,2014,60 bis unter 65 Jahre,m,10663
05554,2014,60 bis unter 65 Jahre,f,10580
05554,2014,25 bis unter 30 Jahre,f,10166
05554,2014,25 bis unter 30 Jahre,m,11043
05554,2014,35 bis unter 40 Jahre,m,10229
05554,2014,35 bis unter 40 Jahre,f,10074
05554,2014,50 bis unter 55 Jahre,f,15723
05554,2014,50 bis unter 55 Jahre,m,16364
09677,2014,90 bis unter 95 Jahre,m,224
09677,2014,90 bis unter 95 Jahre,f,686
09677,2014,65 bis unter 70 Jahre,m,3230
09677,2014,65 bis unter 70 Jahre,f,3213
09677,2014,35 bis unter 40 Jahre,f,3373
09677,2014,35 bis unter 40 Jahre,m,3341
09677,2014,20 bis unter 25 Jahre,f,3217
09677,2014,20 bis unter 25 Jahre,m,3773
09677,2014,50 bis unter 55 Jahre,m,5976
09677,2014,50 bis unter 55 Jahre,f,5648
09677,2014,25 bis unter 30 Jahre,m,3613
09677,2014,25 bis unter 30 Jahre,f,3159
09677,2014,70 bis unter 75 Jahre,f,3258
09677,2014,70 bis unter 75 Jahre,m,3029
09677,2014,80 bis unter 85 Jahre,f,2295
09677,2014,80 bis unter 85 Jahre,m,1662
09677,2014,55 bis unter 60 Jahre,m,5121
09677,2014,55 bis unter 60 Jahre,f,4965
09677,2014,75 bis unter 80 Jahre,f,3733
09677,2014,75 bis unter 80 Jahre,m,3008
09677,2014,unter 5 Jahre,f,2332
09677,2014,unter 5 Jahre,m,2390
09677,2014,95 Jahre und mehr,m,30
09677,2014,95 Jahre und mehr,f,125
09677,2014,45 bis unter 50 Jahre,m,5437
09677,2014,45 bis unter 50 Jahre,f,5497
09677,2014,5 bis unter 10 Jahre,f,2426
09677,2014,5 bis unter 10 Jahre,m,2519
09677,2014,60 bis unter 65 Jahre,m,4486
09677,2014,60 bis unter 65 Jahre,f,4321
09677,2014,10 bis unter 15 Jahre,f,2933
09677,2014,10 bis unter 15 Jahre,m,2988
09677,2014,40 bis unter 45 Jahre,m,3907
09677,2014,40 bis unter 45 Jahre,f,3921
09677,2014,85 bis unter 90 Jahre,f,1644
09677,2014,85 bis unter 90 Jahre,m,806
09677,2014,15 bis unter 20 Jahre,m,3604
09677,2014,15 bis unter 20 Jahre,f,3269
09677,2014,30 bis unter 35 Jahre,f,3260
09677,2014,30 bis unter 35 Jahre,m,3496
09185,2014,15 bis unter 20 Jahre,f,2589
09185,2014,15 bis unter 20 Jahre,m,2787
09185,2014,35 bis unter 40 Jahre,f,2792
09185,2014,35 bis unter 40 Jahre,m,3102
09185,2014,55 bis unter 60 Jahre,f,3387
09185,2014,55 bis unter 60 Jahre,m,3418
09185,2014,90 bis unter 95 Jahre,m,152
09185,2014,90 bis unter 95 Jahre,f,418
09185,2014,20 bis unter 25 Jahre,f,2624
09185,2014,20 bis unter 25 Jahre,m,2991
09185,2014,50 bis unter 55 Jahre,m,4110
09185,2014,50 bis unter 55 Jahre,f,3963
09185,2014,unter 5 Jahre,m,2242
09185,2014,unter 5 Jahre,f,2185
09185,2014,80 bis unter 85 Jahre,f,1515
09185,2014,80 bis unter 85 Jahre,m,930
09185,2014,45 bis unter 50 Jahre,m,4102
09185,2014,45 bis unter 50 Jahre,f,3749
09185,2014,65 bis unter 70 Jahre,m,2099
09185,2014,65 bis unter 70 Jahre,f,2159
09185,2014,75 bis unter 80 Jahre,f,2185
09185,2014,75 bis unter 80 Jahre,m,1832
09185,2014,70 bis unter 75 Jahre,m,2174
09185,2014,70 bis unter 75 Jahre,f,2317
09185,2014,5 bis unter 10 Jahre,f,2085
09185,2014,5 bis unter 10 Jahre,m,2213
09185,2014,25 bis unter 30 Jahre,f,2571
09185,2014,25 bis unter 30 Jahre,m,2875
09185,2014,10 bis unter 15 Jahre,f,2332
09185,2014,10 bis unter 15 Jahre,m,2464
09185,2014,30 bis unter 35 Jahre,f,2908
09185,2014,30 bis unter 35 Jahre,m,2998
09185,2014,60 bis unter 65 Jahre,m,2731
09185,2014,60 bis unter 65 Jahre,f,2738
09185,2014,85 bis unter 90 Jahre,f,1012
09185,2014,85 bis unter 90 Jahre,m,428
09185,2014,95 Jahre und mehr,m,10
09185,2014,95 Jahre und mehr,f,54
09185,2014,40 bis unter 45 Jahre,m,3205
09185,2014,40 bis unter 45 Jahre,f,3059
09372,2014,40 bis unter 45 Jahre,f,4122
09372,2014,40 bis unter 45 Jahre,m,4270
09372,2014,60 bis unter 65 Jahre,f,4163
09372,2014,60 bis unter 65 Jahre,m,4426
09372,2014,15 bis unter 20 Jahre,m,3624
09372,2014,15 bis unter 20 Jahre,f,3405
09372,2014,55 bis unter 60 Jahre,f,4786
09372,2014,55 bis unter 60 Jahre,m,4994
09372,2014,80 bis unter 85 Jahre,f,2360
09372,2014,80 bis unter 85 Jahre,m,1410
09372,2014,35 bis unter 40 Jahre,m,3561
09372,2014,35 bis unter 40 Jahre,f,3498
09372,2014,75 bis unter 80 Jahre,f,3267
09372,2014,75 bis unter 80 Jahre,m,2734
09372,2014,unter 5 Jahre,f,2517
09372,2014,unter 5 Jahre,m,2585
09372,2014,85 bis unter 90 Jahre,m,688
09372,2014,85 bis unter 90 Jahre,f,1502
09372,2014,90 bis unter 95 Jahre,m,179
09372,2014,90 bis unter 95 Jahre,f,618
09372,2014,5 bis unter 10 Jahre,f,2553
09372,2014,5 bis unter 10 Jahre,m,2653
09372,2014,20 bis unter 25 Jahre,m,3854
09372,2014,20 bis unter 25 Jahre,f,3438
09372,2014,95 Jahre und mehr,m,25
09372,2014,95 Jahre und mehr,f,95
09372,2014,10 bis unter 15 Jahre,m,2986
09372,2014,10 bis unter 15 Jahre,f,2969
09372,2014,65 bis unter 70 Jahre,m,3195
09372,2014,65 bis unter 70 Jahre,f,3136
09372,2014,30 bis unter 35 Jahre,f,3515
09372,2014,30 bis unter 35 Jahre,m,3763
09372,2014,50 bis unter 55 Jahre,f,5485
09372,2014,50 bis unter 55 Jahre,m,5684
09372,2014,25 bis unter 30 Jahre,f,3577
09372,2014,25 bis unter 30 Jahre,m,3855
09372,2014,45 bis unter 50 Jahre,m,5398
09372,2014,45 bis unter 50 Jahre,f,5039
09372,2014,70 bis unter 75 Jahre,m,2856
09372,2014,70 bis unter 75 Jahre,f,3059
03351,2014,90 bis unter 95 Jahre,m,290
03351,2014,90 bis unter 95 Jahre,f,1150
03351,2014,15 bis unter 20 Jahre,f,4734
03351,2014,15 bis unter 20 Jahre,m,5036
03351,2014,70 bis unter 75 Jahre,m,5075
03351,2014,70 bis unter 75 Jahre,f,5448
03351,2014,35 bis unter 40 Jahre,f,4622
03351,2014,35 bis unter 40 Jahre,m,4644
03351,2014,50 bis unter 55 Jahre,m,7403
03351,2014,50 bis unter 55 Jahre,f,7410
03351,2014,unter 5 Jahre,f,3620
03351,2014,unter 5 Jahre,m,3759
03351,2014,30 bis unter 35 Jahre,m,4820
03351,2014,30 bis unter 35 Jahre,f,4700
03351,2014,65 bis unter 70 Jahre,m,4611
03351,2014,65 bis unter 70 Jahre,f,4834
03351,2014,75 bis unter 80 Jahre,f,5112
03351,2014,75 bis unter 80 Jahre,m,4199
03351,2014,95 Jahre und mehr,m,45
03351,2014,95 Jahre und mehr,f,226
03351,2014,5 bis unter 10 Jahre,m,4063
03351,2014,5 bis unter 10 Jahre,f,3864
03351,2014,40 bis unter 45 Jahre,f,5443
03351,2014,40 bis unter 45 Jahre,m,5350
03351,2014,20 bis unter 25 Jahre,f,4332
03351,2014,20 bis unter 25 Jahre,m,4763
03351,2014,85 bis unter 90 Jahre,f,2374
03351,2014,85 bis unter 90 Jahre,m,1180
03351,2014,10 bis unter 15 Jahre,m,4572
03351,2014,10 bis unter 15 Jahre,f,4380
03351,2014,80 bis unter 85 Jahre,m,2136
03351,2014,80 bis unter 85 Jahre,f,3226
03351,2014,55 bis unter 60 Jahre,m,6340
03351,2014,55 bis unter 60 Jahre,f,6366
03351,2014,25 bis unter 30 Jahre,f,4618
03351,2014,25 bis unter 30 Jahre,m,4794
03351,2014,60 bis unter 65 Jahre,f,6204
03351,2014,60 bis unter 65 Jahre,m,5772
03351,2014,45 bis unter 50 Jahre,m,7396
03351,2014,45 bis unter 50 Jahre,f,7246
06440,2014,5 bis unter 10 Jahre,f,6395
06440,2014,5 bis unter 10 Jahre,m,6815
06440,2014,60 bis unter 65 Jahre,m,9258
06440,2014,60 bis unter 65 Jahre,f,9475
06440,2014,25 bis unter 30 Jahre,f,7822
06440,2014,25 bis unter 30 Jahre,m,8269
06440,2014,80 bis unter 85 Jahre,m,3331
06440,2014,80 bis unter 85 Jahre,f,4856
06440,2014,20 bis unter 25 Jahre,m,8500
06440,2014,20 bis unter 25 Jahre,f,7560
06440,2014,95 Jahre und mehr,f,332
06440,2014,95 Jahre und mehr,m,80
06440,2014,85 bis unter 90 Jahre,f,3364
06440,2014,85 bis unter 90 Jahre,m,1816
06440,2014,75 bis unter 80 Jahre,f,7858
06440,2014,75 bis unter 80 Jahre,m,6306
06440,2014,65 bis unter 70 Jahre,f,7746
06440,2014,65 bis unter 70 Jahre,m,7374
06440,2014,30 bis unter 35 Jahre,f,8465
06440,2014,30 bis unter 35 Jahre,m,8141
06440,2014,55 bis unter 60 Jahre,m,10828
06440,2014,55 bis unter 60 Jahre,f,10881
06440,2014,10 bis unter 15 Jahre,m,7497
06440,2014,10 bis unter 15 Jahre,f,7026
06440,2014,unter 5 Jahre,m,6409
06440,2014,unter 5 Jahre,f,6084
06440,2014,90 bis unter 95 Jahre,m,531
06440,2014,90 bis unter 95 Jahre,f,1675
06440,2014,45 bis unter 50 Jahre,m,13421
06440,2014,45 bis unter 50 Jahre,f,13467
06440,2014,15 bis unter 20 Jahre,f,8064
06440,2014,15 bis unter 20 Jahre,m,8365
06440,2014,40 bis unter 45 Jahre,f,10072
06440,2014,40 bis unter 45 Jahre,m,9880
06440,2014,70 bis unter 75 Jahre,m,7571
06440,2014,70 bis unter 75 Jahre,f,8143
06440,2014,35 bis unter 40 Jahre,m,8691
06440,2014,35 bis unter 40 Jahre,f,8944
06440,2014,50 bis unter 55 Jahre,f,12936
06440,2014,50 bis unter 55 Jahre,m,13121
03153,2014,25 bis unter 30 Jahre,f,3205
03153,2014,25 bis unter 30 Jahre,m,4034
03153,2014,5 bis unter 10 Jahre,f,2289
03153,2014,5 bis unter 10 Jahre,m,2462
03153,2014,40 bis unter 45 Jahre,m,4002
03153,2014,40 bis unter 45 Jahre,f,4134
03153,2014,10 bis unter 15 Jahre,f,2740
03153,2014,10 bis unter 15 Jahre,m,2901
03153,2014,80 bis unter 85 Jahre,m,2033
03153,2014,80 bis unter 85 Jahre,f,3157
03153,2014,50 bis unter 55 Jahre,f,5779
03153,2014,50 bis unter 55 Jahre,m,5716
03153,2014,65 bis unter 70 Jahre,f,4297
03153,2014,65 bis unter 70 Jahre,m,3944
03153,2014,35 bis unter 40 Jahre,m,3302
03153,2014,35 bis unter 40 Jahre,f,3220
03153,2014,60 bis unter 65 Jahre,f,4893
03153,2014,60 bis unter 65 Jahre,m,4715
03153,2014,95 Jahre und mehr,f,222
03153,2014,95 Jahre und mehr,m,52
03153,2014,15 bis unter 20 Jahre,m,3523
03153,2014,15 bis unter 20 Jahre,f,3176
03153,2014,45 bis unter 50 Jahre,f,5526
03153,2014,45 bis unter 50 Jahre,m,5825
03153,2014,70 bis unter 75 Jahre,f,4971
03153,2014,70 bis unter 75 Jahre,m,4375
03153,2014,90 bis unter 95 Jahre,m,362
03153,2014,90 bis unter 95 Jahre,f,1159
03153,2014,85 bis unter 90 Jahre,m,1149
03153,2014,85 bis unter 90 Jahre,f,2340
03153,2014,55 bis unter 60 Jahre,f,5091
03153,2014,55 bis unter 60 Jahre,m,5049
03153,2014,unter 5 Jahre,f,2092
03153,2014,unter 5 Jahre,m,2216
03153,2014,30 bis unter 35 Jahre,m,3389
03153,2014,30 bis unter 35 Jahre,f,3228
03153,2014,75 bis unter 80 Jahre,f,5014
03153,2014,75 bis unter 80 Jahre,m,3954
03153,2014,20 bis unter 25 Jahre,m,4410
03153,2014,20 bis unter 25 Jahre,f,3310
05758,2014,50 bis unter 55 Jahre,m,10886
05758,2014,50 bis unter 55 Jahre,f,10826
05758,2014,85 bis unter 90 Jahre,m,1698
05758,2014,85 bis unter 90 Jahre,f,3470
05758,2014,70 bis unter 75 Jahre,m,6005
05758,2014,70 bis unter 75 Jahre,f,6865
05758,2014,90 bis unter 95 Jahre,m,469
05758,2014,90 bis unter 95 Jahre,f,1679
05758,2014,35 bis unter 40 Jahre,f,6878
05758,2014,35 bis unter 40 Jahre,m,6768
05758,2014,65 bis unter 70 Jahre,m,5794
05758,2014,65 bis unter 70 Jahre,f,6253
05758,2014,25 bis unter 30 Jahre,m,7009
05758,2014,25 bis unter 30 Jahre,f,6524
05758,2014,10 bis unter 15 Jahre,m,6307
05758,2014,10 bis unter 15 Jahre,f,6009
05758,2014,75 bis unter 80 Jahre,f,7461
05758,2014,75 bis unter 80 Jahre,m,5633
05758,2014,20 bis unter 25 Jahre,f,6420
05758,2014,20 bis unter 25 Jahre,m,7054
05758,2014,80 bis unter 85 Jahre,f,5245
05758,2014,80 bis unter 85 Jahre,m,3404
05758,2014,95 Jahre und mehr,f,363
05758,2014,95 Jahre und mehr,m,59
05758,2014,unter 5 Jahre,m,5366
05758,2014,unter 5 Jahre,f,5081
05758,2014,55 bis unter 60 Jahre,f,9204
05758,2014,55 bis unter 60 Jahre,m,9276
05758,2014,45 bis unter 50 Jahre,m,10650
05758,2014,45 bis unter 50 Jahre,f,10534
05758,2014,5 bis unter 10 Jahre,f,5383
05758,2014,5 bis unter 10 Jahre,m,5708
05758,2014,60 bis unter 65 Jahre,m,7483
05758,2014,60 bis unter 65 Jahre,f,7740
05758,2014,30 bis unter 35 Jahre,f,6818
05758,2014,30 bis unter 35 Jahre,m,6732
05758,2014,40 bis unter 45 Jahre,f,8088
05758,2014,40 bis unter 45 Jahre,m,7883
05758,2014,15 bis unter 20 Jahre,m,7323
05758,2014,15 bis unter 20 Jahre,f,6871
07231,2014,5 bis unter 10 Jahre,f,2254
07231,2014,5 bis unter 10 Jahre,m,2263
07231,2014,45 bis unter 50 Jahre,f,4537
07231,2014,45 bis unter 50 Jahre,m,4715
07231,2014,60 bis unter 65 Jahre,m,4094
07231,2014,60 bis unter 65 Jahre,f,3877
07231,2014,75 bis unter 80 Jahre,m,2626
07231,2014,75 bis unter 80 Jahre,f,3177
07231,2014,50 bis unter 55 Jahre,f,4970
07231,2014,50 bis unter 55 Jahre,m,5112
07231,2014,40 bis unter 45 Jahre,f,3470
07231,2014,40 bis unter 45 Jahre,m,3565
07231,2014,30 bis unter 35 Jahre,f,2953
07231,2014,30 bis unter 35 Jahre,m,3080
07231,2014,20 bis unter 25 Jahre,m,3131
07231,2014,20 bis unter 25 Jahre,f,2823
07231,2014,15 bis unter 20 Jahre,m,3027
07231,2014,15 bis unter 20 Jahre,f,2915
07231,2014,25 bis unter 30 Jahre,f,2784
07231,2014,25 bis unter 30 Jahre,m,3169
07231,2014,70 bis unter 75 Jahre,m,2604
07231,2014,70 bis unter 75 Jahre,f,2887
07231,2014,85 bis unter 90 Jahre,m,785
07231,2014,85 bis unter 90 Jahre,f,1539
07231,2014,90 bis unter 95 Jahre,m,193
07231,2014,90 bis unter 95 Jahre,f,714
07231,2014,65 bis unter 70 Jahre,m,2867
07231,2014,65 bis unter 70 Jahre,f,2754
07231,2014,35 bis unter 40 Jahre,f,2959
07231,2014,35 bis unter 40 Jahre,m,3027
07231,2014,10 bis unter 15 Jahre,m,2640
07231,2014,10 bis unter 15 Jahre,f,2595
07231,2014,80 bis unter 85 Jahre,f,2187
07231,2014,80 bis unter 85 Jahre,m,1492
07231,2014,unter 5 Jahre,m,2303
07231,2014,unter 5 Jahre,f,2128
07231,2014,55 bis unter 60 Jahre,f,4271
07231,2014,55 bis unter 60 Jahre,m,4352
07231,2014,95 Jahre und mehr,f,116
07231,2014,95 Jahre und mehr,m,26
05170,2014,unter 5 Jahre,f,8534
05170,2014,unter 5 Jahre,m,8936
05170,2014,35 bis unter 40 Jahre,f,12234
05170,2014,35 bis unter 40 Jahre,m,11635
05170,2014,15 bis unter 20 Jahre,f,11658
05170,2014,15 bis unter 20 Jahre,m,12463
05170,2014,20 bis unter 25 Jahre,f,11434
05170,2014,20 bis unter 25 Jahre,m,12948
05170,2014,75 bis unter 80 Jahre,f,13483
05170,2014,75 bis unter 80 Jahre,m,10621
05170,2014,90 bis unter 95 Jahre,m,733
05170,2014,90 bis unter 95 Jahre,f,2379
05170,2014,95 Jahre und mehr,f,424
05170,2014,95 Jahre und mehr,m,79
05170,2014,10 bis unter 15 Jahre,m,10813
05170,2014,10 bis unter 15 Jahre,f,10368
05170,2014,30 bis unter 35 Jahre,m,11848
05170,2014,30 bis unter 35 Jahre,f,11980
05170,2014,65 bis unter 70 Jahre,m,11789
05170,2014,65 bis unter 70 Jahre,f,12755
05170,2014,85 bis unter 90 Jahre,f,5733
05170,2014,85 bis unter 90 Jahre,m,3027
05170,2014,40 bis unter 45 Jahre,f,14466
05170,2014,40 bis unter 45 Jahre,m,13767
05170,2014,5 bis unter 10 Jahre,f,8999
05170,2014,5 bis unter 10 Jahre,m,9535
05170,2014,80 bis unter 85 Jahre,m,6074
05170,2014,80 bis unter 85 Jahre,f,8799
05170,2014,50 bis unter 55 Jahre,f,21033
05170,2014,50 bis unter 55 Jahre,m,20571
05170,2014,55 bis unter 60 Jahre,m,18297
05170,2014,55 bis unter 60 Jahre,f,18541
05170,2014,25 bis unter 30 Jahre,f,11937
05170,2014,25 bis unter 30 Jahre,m,12380
05170,2014,70 bis unter 75 Jahre,f,13382
05170,2014,70 bis unter 75 Jahre,m,11705
05170,2014,60 bis unter 65 Jahre,f,16585
05170,2014,60 bis unter 65 Jahre,m,15415
05170,2014,45 bis unter 50 Jahre,m,19578
05170,2014,45 bis unter 50 Jahre,f,20306
06434,2014,70 bis unter 75 Jahre,m,6431
06434,2014,70 bis unter 75 Jahre,f,7447
06434,2014,85 bis unter 90 Jahre,m,1640
06434,2014,85 bis unter 90 Jahre,f,2849
06434,2014,90 bis unter 95 Jahre,m,539
06434,2014,90 bis unter 95 Jahre,f,1507
06434,2014,65 bis unter 70 Jahre,m,5720
06434,2014,65 bis unter 70 Jahre,f,6633
06434,2014,35 bis unter 40 Jahre,f,7161
06434,2014,35 bis unter 40 Jahre,m,6422
06434,2014,20 bis unter 25 Jahre,f,4966
06434,2014,20 bis unter 25 Jahre,m,5312
06434,2014,50 bis unter 55 Jahre,m,9759
06434,2014,50 bis unter 55 Jahre,f,10154
06434,2014,10 bis unter 15 Jahre,m,6198
06434,2014,10 bis unter 15 Jahre,f,5718
06434,2014,15 bis unter 20 Jahre,m,6252
06434,2014,15 bis unter 20 Jahre,f,5877
06434,2014,25 bis unter 30 Jahre,m,5285
06434,2014,25 bis unter 30 Jahre,f,5294
06434,2014,40 bis unter 45 Jahre,f,8493
06434,2014,40 bis unter 45 Jahre,m,7812
06434,2014,60 bis unter 65 Jahre,f,7034
06434,2014,60 bis unter 65 Jahre,m,6498
06434,2014,30 bis unter 35 Jahre,m,5616
06434,2014,30 bis unter 35 Jahre,f,6204
06434,2014,5 bis unter 10 Jahre,m,5886
06434,2014,5 bis unter 10 Jahre,f,5569
06434,2014,45 bis unter 50 Jahre,f,10701
06434,2014,45 bis unter 50 Jahre,m,10518
06434,2014,75 bis unter 80 Jahre,m,5393
06434,2014,75 bis unter 80 Jahre,f,6490
06434,2014,80 bis unter 85 Jahre,f,3889
06434,2014,80 bis unter 85 Jahre,m,2815
06434,2014,95 Jahre und mehr,m,85
06434,2014,95 Jahre und mehr,f,376
06434,2014,unter 5 Jahre,m,5278
06434,2014,unter 5 Jahre,f,5050
06434,2014,55 bis unter 60 Jahre,f,8226
06434,2014,55 bis unter 60 Jahre,m,7701
05112,2014,5 bis unter 10 Jahre,f,10204
05112,2014,5 bis unter 10 Jahre,m,10817
05112,2014,75 bis unter 80 Jahre,m,10603
05112,2014,75 bis unter 80 Jahre,f,14173
05112,2014,45 bis unter 50 Jahre,f,18988
05112,2014,45 bis unter 50 Jahre,m,20078
05112,2014,60 bis unter 65 Jahre,m,14124
05112,2014,60 bis unter 65 Jahre,f,15333
05112,2014,30 bis unter 35 Jahre,f,14518
05112,2014,30 bis unter 35 Jahre,m,15076
05112,2014,50 bis unter 55 Jahre,f,19286
05112,2014,50 bis unter 55 Jahre,m,20052
05112,2014,40 bis unter 45 Jahre,f,15714
05112,2014,40 bis unter 45 Jahre,m,15784
05112,2014,20 bis unter 25 Jahre,m,15653
05112,2014,20 bis unter 25 Jahre,f,14746
05112,2014,15 bis unter 20 Jahre,m,12914
05112,2014,15 bis unter 20 Jahre,f,12146
05112,2014,95 Jahre und mehr,m,92
05112,2014,95 Jahre und mehr,f,516
05112,2014,25 bis unter 30 Jahre,f,15565
05112,2014,25 bis unter 30 Jahre,m,16000
05112,2014,70 bis unter 75 Jahre,m,11091
05112,2014,70 bis unter 75 Jahre,f,13253
05112,2014,85 bis unter 90 Jahre,m,3055
05112,2014,85 bis unter 90 Jahre,f,6349
05112,2014,90 bis unter 95 Jahre,m,735
05112,2014,90 bis unter 95 Jahre,f,2667
05112,2014,35 bis unter 40 Jahre,f,14280
05112,2014,35 bis unter 40 Jahre,m,14273
05112,2014,65 bis unter 70 Jahre,m,11002
05112,2014,65 bis unter 70 Jahre,f,12332
05112,2014,10 bis unter 15 Jahre,m,11545
05112,2014,10 bis unter 15 Jahre,f,11040
05112,2014,unter 5 Jahre,m,10724
05112,2014,unter 5 Jahre,f,10290
05112,2014,80 bis unter 85 Jahre,f,9632
05112,2014,80 bis unter 85 Jahre,m,6405
05112,2014,55 bis unter 60 Jahre,f,17172
05112,2014,55 bis unter 60 Jahre,m,17238
09562,2014,unter 5 Jahre,f,2359
09562,2014,unter 5 Jahre,m,2471
09562,2014,35 bis unter 40 Jahre,f,3239
09562,2014,35 bis unter 40 Jahre,m,3444
09562,2014,20 bis unter 25 Jahre,f,4413
09562,2014,20 bis unter 25 Jahre,m,4295
09562,2014,15 bis unter 20 Jahre,f,2518
09562,2014,15 bis unter 20 Jahre,m,2534
09562,2014,40 bis unter 45 Jahre,f,3226
09562,2014,40 bis unter 45 Jahre,m,3315
09562,2014,85 bis unter 90 Jahre,m,697
09562,2014,85 bis unter 90 Jahre,f,1269
09562,2014,70 bis unter 75 Jahre,m,2209
09562,2014,70 bis unter 75 Jahre,f,2641
09562,2014,55 bis unter 60 Jahre,f,3149
09562,2014,55 bis unter 60 Jahre,m,3166
09562,2014,80 bis unter 85 Jahre,f,1686
09562,2014,80 bis unter 85 Jahre,m,1108
09562,2014,10 bis unter 15 Jahre,m,2312
09562,2014,10 bis unter 15 Jahre,f,2136
09562,2014,65 bis unter 70 Jahre,m,2084
09562,2014,65 bis unter 70 Jahre,f,2362
09562,2014,45 bis unter 50 Jahre,m,4127
09562,2014,45 bis unter 50 Jahre,f,4020
09562,2014,90 bis unter 95 Jahre,f,647
09562,2014,90 bis unter 95 Jahre,m,226
09562,2014,95 Jahre und mehr,f,110
09562,2014,95 Jahre und mehr,m,25
09562,2014,75 bis unter 80 Jahre,f,2555
09562,2014,75 bis unter 80 Jahre,m,1938
09562,2014,5 bis unter 10 Jahre,f,2157
09562,2014,5 bis unter 10 Jahre,m,2366
09562,2014,60 bis unter 65 Jahre,m,2525
09562,2014,60 bis unter 65 Jahre,f,2805
09562,2014,30 bis unter 35 Jahre,f,4033
09562,2014,30 bis unter 35 Jahre,m,4499
09562,2014,25 bis unter 30 Jahre,m,5125
09562,2014,25 bis unter 30 Jahre,f,4871
09562,2014,50 bis unter 55 Jahre,m,3917
09562,2014,50 bis unter 55 Jahre,f,3844
07340,2014,15 bis unter 20 Jahre,f,2380
07340,2014,15 bis unter 20 Jahre,m,2634
07340,2014,unter 5 Jahre,f,1692
07340,2014,unter 5 Jahre,m,1638
07340,2014,85 bis unter 90 Jahre,m,725
07340,2014,85 bis unter 90 Jahre,f,1278
07340,2014,55 bis unter 60 Jahre,f,4036
07340,2014,55 bis unter 60 Jahre,m,4108
07340,2014,70 bis unter 75 Jahre,m,2547
07340,2014,70 bis unter 75 Jahre,f,2794
07340,2014,40 bis unter 45 Jahre,f,2902
07340,2014,40 bis unter 45 Jahre,m,2779
07340,2014,45 bis unter 50 Jahre,m,4156
07340,2014,45 bis unter 50 Jahre,f,4215
07340,2014,90 bis unter 95 Jahre,f,483
07340,2014,90 bis unter 95 Jahre,m,152
07340,2014,10 bis unter 15 Jahre,m,2201
07340,2014,10 bis unter 15 Jahre,f,1929
07340,2014,95 Jahre und mehr,f,74
07340,2014,95 Jahre und mehr,m,21
07340,2014,65 bis unter 70 Jahre,f,2519
07340,2014,65 bis unter 70 Jahre,m,2513
07340,2014,20 bis unter 25 Jahre,f,2326
07340,2014,20 bis unter 25 Jahre,m,2645
07340,2014,75 bis unter 80 Jahre,f,3200
07340,2014,75 bis unter 80 Jahre,m,2690
07340,2014,80 bis unter 85 Jahre,m,1519
07340,2014,80 bis unter 85 Jahre,f,2113
07340,2014,30 bis unter 35 Jahre,f,2392
07340,2014,30 bis unter 35 Jahre,m,2346
07340,2014,60 bis unter 65 Jahre,m,3579
07340,2014,60 bis unter 65 Jahre,f,3681
07340,2014,5 bis unter 10 Jahre,f,1700
07340,2014,5 bis unter 10 Jahre,m,1753
07340,2014,35 bis unter 40 Jahre,m,2335
07340,2014,35 bis unter 40 Jahre,f,2361
07340,2014,25 bis unter 30 Jahre,m,2551
07340,2014,25 bis unter 30 Jahre,f,2242
07340,2014,50 bis unter 55 Jahre,f,4558
07340,2014,50 bis unter 55 Jahre,m,4643
03102,2014,15 bis unter 20 Jahre,f,2591
03102,2014,15 bis unter 20 Jahre,m,2707
03102,2014,unter 5 Jahre,f,2038
03102,2014,unter 5 Jahre,m,2154
03102,2014,55 bis unter 60 Jahre,f,3672
03102,2014,55 bis unter 60 Jahre,m,3569
03102,2014,85 bis unter 90 Jahre,m,688
03102,2014,85 bis unter 90 Jahre,f,1397
03102,2014,95 Jahre und mehr,m,30
03102,2014,95 Jahre und mehr,f,112
03102,2014,70 bis unter 75 Jahre,m,2754
03102,2014,70 bis unter 75 Jahre,f,3170
03102,2014,40 bis unter 45 Jahre,f,2975
03102,2014,40 bis unter 45 Jahre,m,2921
03102,2014,45 bis unter 50 Jahre,m,3863
03102,2014,45 bis unter 50 Jahre,f,3806
03102,2014,10 bis unter 15 Jahre,m,2357
03102,2014,10 bis unter 15 Jahre,f,2216
03102,2014,90 bis unter 95 Jahre,f,601
03102,2014,90 bis unter 95 Jahre,m,174
03102,2014,65 bis unter 70 Jahre,f,2840
03102,2014,65 bis unter 70 Jahre,m,2677
03102,2014,20 bis unter 25 Jahre,f,2644
03102,2014,20 bis unter 25 Jahre,m,2900
03102,2014,75 bis unter 80 Jahre,f,3172
03102,2014,75 bis unter 80 Jahre,m,2491
03102,2014,80 bis unter 85 Jahre,m,1349
03102,2014,80 bis unter 85 Jahre,f,2135
03102,2014,60 bis unter 65 Jahre,m,3219
03102,2014,60 bis unter 65 Jahre,f,3377
03102,2014,30 bis unter 35 Jahre,f,2518
03102,2014,30 bis unter 35 Jahre,m,2742
03102,2014,5 bis unter 10 Jahre,f,2011
03102,2014,5 bis unter 10 Jahre,m,2252
03102,2014,35 bis unter 40 Jahre,m,2638
03102,2014,35 bis unter 40 Jahre,f,2596
03102,2014,50 bis unter 55 Jahre,f,4017
03102,2014,50 bis unter 55 Jahre,m,4181
03102,2014,25 bis unter 30 Jahre,m,2873
03102,2014,25 bis unter 30 Jahre,f,2539
03358,2014,15 bis unter 20 Jahre,f,3776
03358,2014,15 bis unter 20 Jahre,m,4112
03358,2014,unter 5 Jahre,f,2647
03358,2014,unter 5 Jahre,m,2842
03358,2014,85 bis unter 90 Jahre,m,915
03358,2014,85 bis unter 90 Jahre,f,1667
03358,2014,55 bis unter 60 Jahre,f,5013
03358,2014,55 bis unter 60 Jahre,m,5074
03358,2014,40 bis unter 45 Jahre,f,4347
03358,2014,40 bis unter 45 Jahre,m,4234
03358,2014,70 bis unter 75 Jahre,m,3688
03358,2014,70 bis unter 75 Jahre,f,4033
03358,2014,45 bis unter 50 Jahre,m,5814
03358,2014,45 bis unter 50 Jahre,f,5898
03358,2014,90 bis unter 95 Jahre,f,889
03358,2014,90 bis unter 95 Jahre,m,259
03358,2014,10 bis unter 15 Jahre,m,3615
03358,2014,10 bis unter 15 Jahre,f,3377
03358,2014,65 bis unter 70 Jahre,f,3517
03358,2014,65 bis unter 70 Jahre,m,3368
03358,2014,20 bis unter 25 Jahre,f,3246
03358,2014,20 bis unter 25 Jahre,m,4112
03358,2014,75 bis unter 80 Jahre,f,4046
03358,2014,75 bis unter 80 Jahre,m,3297
03358,2014,95 Jahre und mehr,f,153
03358,2014,95 Jahre und mehr,m,33
03358,2014,80 bis unter 85 Jahre,m,1706
03358,2014,80 bis unter 85 Jahre,f,2498
03358,2014,60 bis unter 65 Jahre,m,4320
03358,2014,60 bis unter 65 Jahre,f,4326
03358,2014,30 bis unter 35 Jahre,f,3454
03358,2014,30 bis unter 35 Jahre,m,3469
03358,2014,5 bis unter 10 Jahre,f,2895
03358,2014,5 bis unter 10 Jahre,m,3127
03358,2014,25 bis unter 30 Jahre,m,3970
03358,2014,25 bis unter 30 Jahre,f,3354
03358,2014,35 bis unter 40 Jahre,m,3539
03358,2014,35 bis unter 40 Jahre,f,3557
03358,2014,50 bis unter 55 Jahre,f,5996
03358,2014,50 bis unter 55 Jahre,m,6017
09274,2014,90 bis unter 95 Jahre,m,172
09274,2014,90 bis unter 95 Jahre,f,659
09274,2014,50 bis unter 55 Jahre,m,6950
09274,2014,50 bis unter 55 Jahre,f,6607
09274,2014,20 bis unter 25 Jahre,f,3989
09274,2014,20 bis unter 25 Jahre,m,4835
09274,2014,35 bis unter 40 Jahre,f,4588
09274,2014,35 bis unter 40 Jahre,m,4707
09274,2014,65 bis unter 70 Jahre,m,3634
09274,2014,65 bis unter 70 Jahre,f,3618
09274,2014,10 bis unter 15 Jahre,m,4021
09274,2014,10 bis unter 15 Jahre,f,3881
09274,2014,80 bis unter 85 Jahre,f,2189
09274,2014,80 bis unter 85 Jahre,m,1514
09274,2014,45 bis unter 50 Jahre,m,7082
09274,2014,45 bis unter 50 Jahre,f,6597
09274,2014,unter 5 Jahre,m,3505
09274,2014,unter 5 Jahre,f,3269
09274,2014,55 bis unter 60 Jahre,m,5747
09274,2014,55 bis unter 60 Jahre,f,5436
09274,2014,75 bis unter 80 Jahre,f,3414
09274,2014,75 bis unter 80 Jahre,m,2824
09274,2014,70 bis unter 75 Jahre,m,3441
09274,2014,70 bis unter 75 Jahre,f,3469
09274,2014,95 Jahre und mehr,m,30
09274,2014,95 Jahre und mehr,f,113
09274,2014,25 bis unter 30 Jahre,f,3918
09274,2014,25 bis unter 30 Jahre,m,4534
09274,2014,5 bis unter 10 Jahre,f,3500
09274,2014,5 bis unter 10 Jahre,m,3701
09274,2014,60 bis unter 65 Jahre,m,4544
09274,2014,60 bis unter 65 Jahre,f,4628
09274,2014,30 bis unter 35 Jahre,f,4288
09274,2014,30 bis unter 35 Jahre,m,4600
09274,2014,85 bis unter 90 Jahre,f,1393
09274,2014,85 bis unter 90 Jahre,m,723
09274,2014,15 bis unter 20 Jahre,m,4605
09274,2014,15 bis unter 20 Jahre,f,4311
09274,2014,40 bis unter 45 Jahre,m,5471
09274,2014,40 bis unter 45 Jahre,f,5312
