ags,year,age_band,sex,count
10041,2017,55 bis unter 60 Jahre,f,13465
10041,2017,55 bis unter 60 Jahre,m,13385
10041,2017,20 bis unter 25 Jahre,f,9699
10041,2017,20 bis unter 25 Jahre,m,10468
10041,2017,unter 5 Jahre,f,6707
10041,2017,unter 5 Jahre,m,7208
10041,2017,40 bis unter 45 Jahre,f,8437
10041,2017,40 bis unter 45 Jahre,m,8538
10041,2017,15 bis unter 20 Jahre,f,7289
10041,2017,15 bis unter 20 Jahre,m,7941
10041,2017,35 bis unter 40 Jahre,f,9469
10041,2017,35 bis unter 40 Jahre,m,9891
10041,2017,80 bis unter 85 Jahre,f,7579
10041,2017,80 bis unter 85 Jahre,m,4949
10041,2017,75 bis unter 80 Jahre,m,7348
10041,2017,75 bis unter 80 Jahre,f,9601
10041,2017,70 bis unter 75 Jahre,m,6696
10041,2017,70 bis unter 75 Jahre,f,7686
10041,2017,65 bis unter 70 Jahre,m,10193
10041,2017,65 bis unter 70 Jahre,f,11151
10041,2017,90 bis unter 95 Jahre,f,2037
10041,2017,90 bis unter 95 Jahre,m,695
10041,2017,45 bis unter 50 Jahre,m,10820
10041,2017,45 bis unter 50 Jahre,f,10960
10041,2017,95 Jahre und mehr,m,119
10041,2017,95 Jahre und mehr,f,518
10041,2017,10 bis unter 15 Jahre,f,6227
10041,2017,10 bis unter 15 Jahre,m,6912
10041,2017,85 bis unter 90 Jahre,f,4242
10041,2017,85 bis unter 90 Jahre,m,2257
10041,2017,25 bis unter 30 Jahre,m,12141
10041,2017,25 bis unter 30 Jahre,f,11103
10041,2017,5 bis unter 10 Jahre,f,6310
10041,2017,5 bis unter 10 Jahre,m,6732
10041,2017,30 bis unter 35 Jahre,f,10050
10041,2017,30 bis unter 35 Jahre,m,11045
10041,2017,60 bis unter 65 Jahre,m,11297
10041,2017,60 bis unter 65 Jahre,f,11975
10041,2017,50 bis unter 55 Jahre,m,13472
10041,2017,50 bis unter 55 Jahre,f,13538
10042,2017,5 bis unter 10 Jahre,m,2230
10042,2017,5 bis unter 10 Jahre,f,2015
10042,2017,50 bis unter 55 Jahre,f,4699
10042,2017,50 bis unter 55 Jahre,m,4660
10042,2017,85 bis unter 90 Jahre,f,1300
10042,2017,85 bis unter 90 Jahre,m,677
10042,2017,30 bis unter 35 Jahre,f,2867
10042,2017,30 bis unter 35 Jahre,m,2945
10042,2017,65 bis unter 70 Jahre,f,3420
10042,2017,65 bis unter 70 Jahre,m,3405
10042,2017,45 bis unter 50 Jahre,m,3719
10042,2017,45 bis unter 50 Jahre,f,3710
10042,2017,90 bis unter 95 Jahre,f,588
10042,2017,90 bis unter 95 Jahre,m,215
10042,2017,70 bis unter 75 Jahre,f,2118
10042,2017,70 bis unter 75 Jahre,m,1866
10042,2017,25 bis unter 30 Jahre,m,2930
10042,2017,25 bis unter 30 Jahre,f,2734
10042,2017,10 bis unter 15 Jahre,m,2408
10042,2017,10 bis unter 15 Jahre,f,2139
10042,2017,95 Jahre und mehr,f,127
10042,2017,95 Jahre und mehr,m,38
10042,2017,60 bis unter 65 Jahre,m,4000
10042,2017,60 bis unter 65 Jahre,f,3977
10042,2017,15 bis unter 20 Jahre,f,2522
10042,2017,15 bis unter 20 Jahre,m,2689
10042,2017,35 bis unter 40 Jahre,f,2990
10042,2017,35 bis unter 40 Jahre,m,2966
10042,2017,40 bis unter 45 Jahre,m,2930
10042,2017,40 bis unter 45 Jahre,f,2936
10042,2017,20 bis unter 25 Jahre,f,2338
10042,2017,20 bis unter 25 Jahre,m,2794
10042,2017,unter 5 Jahre,f,1933
10042,2017,unter 5 Jahre,m,2098
10042,2017,75 bis unter 80 Jahre,m,2318
10042,2017,75 bis unter 80 Jahre,f,3049
10042,2017,55 bis unter 60 Jahre,f,4641
10042,2017,55 bis unter 60 Jahre,m,4735
10042,2017,80 bis unter 85 Jahre,f,2346
10042,2017,80 bis unter 85 Jahre,m,1584
10043,2017,35 bis unter 40 Jahre,m,3860
10043,2017,35 bis unter 40 Jahre,f,3697
10043,2017,80 bis unter 85 Jahre,f,3404
10043,2017,80 bis unter 85 Jahre,m,2270
10043,2017,unter 5 Jahre,m,2727
10043,2017,unter 5 Jahre,f,2553
10043,2017,95 Jahre und mehr,m,36
10043,2017,95 Jahre und mehr,f,202
10043,2017,55 bis unter 60 Jahre,m,6108
10043,2017,55 bis unter 60 Jahre,f,5954
10043,2017,75 bis unter 80 Jahre,m,3256
10043,2017,75 bis unter 80 Jahre,f,4197
10043,2017,60 bis unter 65 Jahre,m,5038
10043,2017,60 bis unter 65 Jahre,f,5191
10043,2017,20 bis unter 25 Jahre,m,3586
10043,2017,20 bis unter 25 Jahre,f,3205
10043,2017,40 bis unter 45 Jahre,f,3409
10043,2017,40 bis unter 45 Jahre,m,3348
10043,2017,5 bis unter 10 Jahre,f,2503
10043,2017,5 bis unter 10 Jahre,m,2606
10043,2017,10 bis unter 15 Jahre,f,2521
10043,2017,10 bis unter 15 Jahre,m,2705
10043,2017,85 bis unter 90 Jahre,f,1800
10043,2017,85 bis unter 90 Jahre,m,946
10043,2017,65 bis unter 70 Jahre,m,4401
10043,2017,65 bis unter 70 Jahre,f,4615
10043,2017,90 bis unter 95 Jahre,m,287
10043,2017,90 bis unter 95 Jahre,f,794
10043,2017,25 bis unter 30 Jahre,m,4039
10043,2017,25 bis unter 30 Jahre,f,3565
10043,2017,70 bis unter 75 Jahre,f,3190
10043,2017,70 bis unter 75 Jahre,m,2735
10043,2017,45 bis unter 50 Jahre,m,4548
10043,2017,45 bis unter 50 Jahre,f,4582
10043,2017,50 bis unter 55 Jahre,f,5931
10043,2017,50 bis unter 55 Jahre,m,5869
10043,2017,30 bis unter 35 Jahre,m,3886
10043,2017,30 bis unter 35 Jahre,f,3624
10043,2017,15 bis unter 20 Jahre,f,2873
10043,2017,15 bis unter 20 Jahre,m,3236
10044,2017,30 bis unter 35 Jahre,m,5835
10044,2017,30 bis unter 35 Jahre,f,5435
10044,2017,65 bis unter 70 Jahre,m,6648
10044,2017,65 bis unter 70 Jahre,f,6815
10044,2017,10 bis unter 15 Jahre,m,4113
10044,2017,10 bis unter 15 Jahre,f,3825
10044,2017,85 bis unter 90 Jahre,m,1431
10044,2017,85 bis unter 90 Jahre,f,2679
10044,2017,5 bis unter 10 Jahre,m,3932
10044,2017,5 bis unter 10 Jahre,f,3774
10044,2017,50 bis unter 55 Jahre,f,8701
10044,2017,50 bis unter 55 Jahre,m,8479
10044,2017,90 bis unter 95 Jahre,f,1184
10044,2017,90 bis unter 95 Jahre,m,397
10044,2017,45 bis unter 50 Jahre,m,6443
10044,2017,45 bis unter 50 Jahre,f,6752
10044,2017,15 bis unter 20 Jahre,f,4322
10044,2017,15 bis unter 20 Jahre,m,4933
10044,2017,70 bis unter 75 Jahre,m,3815
10044,2017,70 bis unter 75 Jahre,f,4392
10044,2017,35 bis unter 40 Jahre,f,5356
10044,2017,35 bis unter 40 Jahre,m,5494
10044,2017,55 bis unter 60 Jahre,f,8838
10044,2017,55 bis unter 60 Jahre,m,8638
10044,2017,25 bis unter 30 Jahre,f,5210
10044,2017,25 bis unter 30 Jahre,m,5992
10044,2017,60 bis unter 65 Jahre,f,7689
10044,2017,60 bis unter 65 Jahre,m,7553
10044,2017,75 bis unter 80 Jahre,m,4526
10044,2017,75 bis unter 80 Jahre,f,6033
10044,2017,40 bis unter 45 Jahre,m,5053
10044,2017,40 bis unter 45 Jahre,f,5210
10044,2017,20 bis unter 25 Jahre,m,5220
10044,2017,20 bis unter 25 Jahre,f,4779
10044,2017,80 bis unter 85 Jahre,f,4695
10044,2017,80 bis unter 85 Jahre,m,3191
10044,2017,95 Jahre und mehr,m,64
10044,2017,95 Jahre und mehr,f,294
10044,2017,unter 5 Jahre,f,3960
10044,2017,unter 5 Jahre,m,4115
10045,2017,60 bis unter 65 Jahre,m,5305
10045,2017,60 bis unter 65 Jahre,f,5702
10045,2017,80 bis unter 85 Jahre,m,2532
10045,2017,80 bis unter 85 Jahre,f,3621
10045,2017,20 bis unter 25 Jahre,m,4014
10045,2017,20 bis unter 25 Jahre,f,3659
10045,2017,5 bis unter 10 Jahre,f,2689
10045,2017,5 bis unter 10 Jahre,m,2873
10045,2017,40 bis unter 45 Jahre,m,3589
10045,2017,40 bis unter 45 Jahre,f,3732
10045,2017,25 bis unter 30 Jahre,f,3793
10045,2017,25 bis unter 30 Jahre,m,4190
10045,2017,55 bis unter 60 Jahre,m,6281
10045,2017,55 bis unter 60 Jahre,f,6393
10045,2017,65 bis unter 70 Jahre,f,4992
10045,2017,65 bis unter 70 Jahre,m,4784
10045,2017,75 bis unter 80 Jahre,f,4530
10045,2017,75 bis unter 80 Jahre,m,3502
10045,2017,30 bis unter 35 Jahre,f,3761
10045,2017,30 bis unter 35 Jahre,m,3966
10045,2017,85 bis unter 90 Jahre,f,2140
10045,2017,85 bis unter 90 Jahre,m,1183
10045,2017,10 bis unter 15 Jahre,f,2789
10045,2017,10 bis unter 15 Jahre,m,2913
10045,2017,unter 5 Jahre,m,2854
10045,2017,unter 5 Jahre,f,2659
10045,2017,70 bis unter 75 Jahre,m,2972
10045,2017,70 bis unter 75 Jahre,f,3432
10045,2017,90 bis unter 95 Jahre,m,369
10045,2017,90 bis unter 95 Jahre,f,960
10045,2017,15 bis unter 20 Jahre,f,3242
10045,2017,15 bis unter 20 Jahre,m,3540
10045,2017,45 bis unter 50 Jahre,m,4769
10045,2017,45 bis unter 50 Jahre,f,4959
10045,2017,50 bis unter 55 Jahre,f,6477
10045,2017,50 bis unter 55 Jahre,m,6179
10045,2017,95 Jahre und mehr,f,242
10045,2017,95 Jahre und mehr,m,63
10045,2017,35 bis unter 40 Jahre,m,3890
10045,2017,35 bis unter 40 Jahre,f,3862
10046,2017,95 Jahre und mehr,f,128
10046,2017,95 Jahre und mehr,m,51
10046,2017,15 bis unter 20 Jahre,f,1941
10046,2017,15 bis unter 20 Jahre,m,2131
10046,2017,70 bis unter 75 Jahre,m,1854
10046,2017,70 bis unter 75 Jahre,f,1957
10046,2017,35 bis unter 40 Jahre,f,2362
10046,2017,35 bis unter 40 Jahre,m,2398
10046,2017,90 bis unter 95 Jahre,m,182
10046,2017,90 bis unter 95 Jahre,f,546
10046,2017,30 bis unter 35 Jahre,m,2413
10046,2017,30 bis unter 35 Jahre,f,2293
10046,2017,unter 5 Jahre,f,1568
10046,2017,unter 5 Jahre,m,1589
10046,2017,75 bis unter 80 Jahre,f,2657
10046,2017,75 bis unter 80 Jahre,m,2178
10046,2017,25 bis unter 30 Jahre,m,2488
10046,2017,25 bis unter 30 Jahre,f,2280
10046,2017,80 bis unter 85 Jahre,f,2070
10046,2017,80 bis unter 85 Jahre,m,1516
10046,2017,45 bis unter 50 Jahre,m,3089
10046,2017,45 bis unter 50 Jahre,f,3152
10046,2017,60 bis unter 65 Jahre,f,3513
10046,2017,60 bis unter 65 Jahre,m,3625
10046,2017,55 bis unter 60 Jahre,f,4096
10046,2017,55 bis unter 60 Jahre,m,4206
10046,2017,50 bis unter 55 Jahre,m,3926
10046,2017,50 bis unter 55 Jahre,f,4043
10046,2017,5 bis unter 10 Jahre,f,1613
10046,2017,5 bis unter 10 Jahre,m,1669
10046,2017,10 bis unter 15 Jahre,f,1737
10046,2017,10 bis unter 15 Jahre,m,1801
10046,2017,40 bis unter 45 Jahre,m,2286
10046,2017,40 bis unter 45 Jahre,f,2272
10046,2017,65 bis unter 70 Jahre,f,3081
10046,2017,65 bis unter 70 Jahre,m,3011
10046,2017,85 bis unter 90 Jahre,f,1189
10046,2017,85 bis unter 90 Jahre,m,694
10046,2017,20 bis unter 25 Jahre,m,2347
10046,2017,20 bis unter 25 Jahre,f,1915
11000,2017,15 bis unter 20 Jahre,m,76087
11000,2017,15 bis unter 20 Jahre,f,71189
11000,2017,35 bis unter 40 Jahre,m,141775
11000,2017,35 bis unter 40 Jahre,f,135111
11000,2017,80 bis unter 85 Jahre,f,65166
11000,2017,80 bis unter 85 Jahre,m,44242
11000,2017,20 bis unter 25 Jahre,m,98926
11000,2017,20 bis unter 25 Jahre,f,99114
11000,2017,60 bis unter 65 Jahre,f,101659
11000,2017,60 bis unter 65 Jahre,m,95331
11000,2017,unter 5 Jahre,m,97822
11000,2017,unter 5 Jahre,f,92674
11000,2017,40 bis unter 45 Jahre,f,109061
11000,2017,40 bis unter 45 Jahre,m,114085
11000,2017,55 bis unter 60 Jahre,f,120853
11000,2017,55 bis unter 60 Jahre,m,122076
11000,2017,95 Jahre und mehr,m,1203
11000,2017,95 Jahre und mehr,f,5549
11000,2017,75 bis unter 80 Jahre,m,75647
11000,2017,75 bis unter 80 Jahre,f,96429
11000,2017,5 bis unter 10 Jahre,f,80452
11000,2017,5 bis unter 10 Jahre,m,85091
11000,2017,30 bis unter 35 Jahre,m,160091
11000,2017,30 bis unter 35 Jahre,f,155641
11000,2017,25 bis unter 30 Jahre,f,149800
11000,2017,25 bis unter 30 Jahre,m,147264
11000,2017,50 bis unter 55 Jahre,f,136583
11000,2017,50 bis unter 55 Jahre,m,140880
11000,2017,70 bis unter 75 Jahre,f,82393
11000,2017,70 bis unter 75 Jahre,m,69893
11000,2017,90 bis unter 95 Jahre,f,15844
11000,2017,90 bis unter 95 Jahre,m,5335
11000,2017,85 bis unter 90 Jahre,f,32695
11000,2017,85 bis unter 90 Jahre,m,17695
11000,2017,45 bis unter 50 Jahre,m,123254
11000,2017,45 bis unter 50 Jahre,f,117263
11000,2017,65 bis unter 70 Jahre,m,83935
11000,2017,65 bis unter 70 Jahre,f,98255
11000,2017,10 bis unter 15 Jahre,m,75635
11000,2017,10 bis unter 15 Jahre,f,71497
12051,2017,45 bis unter 50 Jahre,f,2023
12051,2017,45 bis unter 50 Jahre,m,2199
12051,2017,5 bis unter 10 Jahre,f,1428
12051,2017,5 bis unter 10 Jahre,m,1503
12051,2017,30 bis unter 35 Jahre,f,2310
12051,2017,30 bis unter 35 Jahre,m,2655
12051,2017,25 bis unter 30 Jahre,f,1937
12051,2017,25 bis unter 30 Jahre,m,2270
12051,2017,10 bis unter 15 Jahre,f,1236
12051,2017,10 bis unter 15 Jahre,m,1268
12051,2017,70 bis unter 75 Jahre,f,2070
12051,2017,70 bis unter 75 Jahre,m,1708
12051,2017,85 bis unter 90 Jahre,f,1072
12051,2017,85 bis unter 90 Jahre,m,586
12051,2017,20 bis unter 25 Jahre,m,1535
12051,2017,20 bis unter 25 Jahre,f,1154
12051,2017,75 bis unter 80 Jahre,m,2410
12051,2017,75 bis unter 80 Jahre,f,3030
12051,2017,40 bis unter 45 Jahre,m,1894
12051,2017,40 bis unter 45 Jahre,f,1595
12051,2017,95 Jahre und mehr,f,104
12051,2017,95 Jahre und mehr,m,22
12051,2017,50 bis unter 55 Jahre,f,2792
12051,2017,50 bis unter 55 Jahre,m,2932
12051,2017,15 bis unter 20 Jahre,f,1182
12051,2017,15 bis unter 20 Jahre,m,1331
12051,2017,35 bis unter 40 Jahre,f,2086
12051,2017,35 bis unter 40 Jahre,m,2448
12051,2017,unter 5 Jahre,f,1545
12051,2017,unter 5 Jahre,m,1516
12051,2017,55 bis unter 60 Jahre,f,3027
12051,2017,55 bis unter 60 Jahre,m,3045
12051,2017,60 bis unter 65 Jahre,f,2767
12051,2017,60 bis unter 65 Jahre,m,2551
12051,2017,90 bis unter 95 Jahre,m,147
12051,2017,90 bis unter 95 Jahre,f,503
12051,2017,65 bis unter 70 Jahre,m,2119
12051,2017,65 bis unter 70 Jahre,f,2380
12051,2017,80 bis unter 85 Jahre,f,2123
12051,2017,80 bis unter 85 Jahre,m,1383
12052,2017,75 bis unter 80 Jahre,f,3746
12052,2017,75 bis unter 80 Jahre,m,2778
12052,2017,95 Jahre und mehr,f,169
12052,2017,95 Jahre und mehr,m,26
12052,2017,20 bis unter 25 Jahre,f,2227
12052,2017,20 bis unter 25 Jahre,m,2719
12052,2017,40 bis unter 45 Jahre,f,2307
12052,2017,40 bis unter 45 Jahre,m,2524
12052,2017,15 bis unter 20 Jahre,m,2047
12052,2017,15 bis unter 20 Jahre,f,1865
12052,2017,60 bis unter 65 Jahre,f,4000
12052,2017,60 bis unter 65 Jahre,m,3512
12052,2017,80 bis unter 85 Jahre,f,2597
12052,2017,80 bis unter 85 Jahre,m,1742
12052,2017,55 bis unter 60 Jahre,f,4269
12052,2017,55 bis unter 60 Jahre,m,4064
12052,2017,unter 5 Jahre,m,2263
12052,2017,unter 5 Jahre,f,2098
12052,2017,35 bis unter 40 Jahre,m,3341
12052,2017,35 bis unter 40 Jahre,f,2869
12052,2017,70 bis unter 75 Jahre,m,2059
12052,2017,70 bis unter 75 Jahre,f,2666
12052,2017,90 bis unter 95 Jahre,m,173
12052,2017,90 bis unter 95 Jahre,f,595
12052,2017,65 bis unter 70 Jahre,m,2969
12052,2017,65 bis unter 70 Jahre,f,3379
12052,2017,45 bis unter 50 Jahre,m,3116
12052,2017,45 bis unter 50 Jahre,f,2973
12052,2017,85 bis unter 90 Jahre,f,1343
12052,2017,85 bis unter 90 Jahre,m,760
12052,2017,30 bis unter 35 Jahre,f,3263
12052,2017,30 bis unter 35 Jahre,m,3954
12052,2017,10 bis unter 15 Jahre,f,1810
12052,2017,10 bis unter 15 Jahre,m,1912
12052,2017,5 bis unter 10 Jahre,f,2031
12052,2017,5 bis unter 10 Jahre,m,2131
12052,2017,25 bis unter 30 Jahre,m,3796
12052,2017,25 bis unter 30 Jahre,f,3099
12052,2017,50 bis unter 55 Jahre,m,3906
12052,2017,50 bis unter 55 Jahre,f,3938
12053,2017,70 bis unter 75 Jahre,f,1425
12053,2017,70 bis unter 75 Jahre,m,1130
12053,2017,25 bis unter 30 Jahre,m,1752
12053,2017,25 bis unter 30 Jahre,f,1632
12053,2017,90 bis unter 95 Jahre,f,351
12053,2017,90 bis unter 95 Jahre,m,107
12053,2017,85 bis unter 90 Jahre,f,866
12053,2017,85 bis unter 90 Jahre,m,446
12053,2017,45 bis unter 50 Jahre,m,1699
12053,2017,45 bis unter 50 Jahre,f,1667
12053,2017,65 bis unter 70 Jahre,m,1860
12053,2017,65 bis unter 70 Jahre,f,2085
12053,2017,50 bis unter 55 Jahre,m,2206
12053,2017,50 bis unter 55 Jahre,f,2285
12053,2017,10 bis unter 15 Jahre,m,1187
12053,2017,10 bis unter 15 Jahre,f,1105
12053,2017,30 bis unter 35 Jahre,f,1738
12053,2017,30 bis unter 35 Jahre,m,1954
12053,2017,95 Jahre und mehr,f,80
12053,2017,95 Jahre und mehr,m,14
12053,2017,5 bis unter 10 Jahre,f,1194
12053,2017,5 bis unter 10 Jahre,m,1187
12053,2017,15 bis unter 20 Jahre,f,1208
12053,2017,15 bis unter 20 Jahre,m,1171
12053,2017,35 bis unter 40 Jahre,f,1580
12053,2017,35 bis unter 40 Jahre,m,1795
12053,2017,40 bis unter 45 Jahre,m,1515
12053,2017,40 bis unter 45 Jahre,f,1454
12053,2017,60 bis unter 65 Jahre,f,2448
12053,2017,60 bis unter 65 Jahre,m,2383
12053,2017,80 bis unter 85 Jahre,f,1568
12053,2017,80 bis unter 85 Jahre,m,1028
12053,2017,unter 5 Jahre,m,1230
12053,2017,unter 5 Jahre,f,1095
12053,2017,75 bis unter 80 Jahre,m,1541
12053,2017,75 bis unter 80 Jahre,f,2184
12053,2017,55 bis unter 60 Jahre,f,2673
12053,2017,55 bis unter 60 Jahre,m,2515
12053,2017,20 bis unter 25 Jahre,m,1447
12053,2017,20 bis unter 25 Jahre,f,1432
12054,2017,55 bis unter 60 Jahre,m,5767
12054,2017,55 bis unter 60 Jahre,f,5904
12054,2017,20 bis unter 25 Jahre,m,4117
12054,2017,20 bis unter 25 Jahre,f,4386
12054,2017,unter 5 Jahre,m,5022
12054,2017,unter 5 Jahre,f,4685
12054,2017,75 bis unter 80 Jahre,m,3645
12054,2017,75 bis unter 80 Jahre,f,4866
12054,2017,40 bis unter 45 Jahre,f,5596
12054,2017,40 bis unter 45 Jahre,m,5687
12054,2017,80 bis unter 85 Jahre,f,3711
12054,2017,80 bis unter 85 Jahre,m,2416
12054,2017,60 bis unter 65 Jahre,m,4756
12054,2017,60 bis unter 65 Jahre,f,5246
12054,2017,5 bis unter 10 Jahre,f,4293
12054,2017,5 bis unter 10 Jahre,m,4622
12054,2017,35 bis unter 40 Jahre,m,6812
12054,2017,35 bis unter 40 Jahre,f,6859
12054,2017,65 bis unter 70 Jahre,f,4655
12054,2017,65 bis unter 70 Jahre,m,3891
12054,2017,85 bis unter 90 Jahre,f,1920
12054,2017,85 bis unter 90 Jahre,m,1102
12054,2017,90 bis unter 95 Jahre,m,325
12054,2017,90 bis unter 95 Jahre,f,871
12054,2017,95 Jahre und mehr,m,52
12054,2017,95 Jahre und mehr,f,215
12054,2017,10 bis unter 15 Jahre,f,3774
12054,2017,10 bis unter 15 Jahre,m,4068
12054,2017,25 bis unter 30 Jahre,m,6544
12054,2017,25 bis unter 30 Jahre,f,7005
12054,2017,70 bis unter 75 Jahre,f,3689
12054,2017,70 bis unter 75 Jahre,m,3002
12054,2017,30 bis unter 35 Jahre,m,7254
12054,2017,30 bis unter 35 Jahre,f,7516
12054,2017,45 bis unter 50 Jahre,m,5944
12054,2017,45 bis unter 50 Jahre,f,5679
12054,2017,50 bis unter 55 Jahre,m,6361
12054,2017,50 bis unter 55 Jahre,f,6241
12054,2017,15 bis unter 20 Jahre,f,3553
12054,2017,15 bis unter 20 Jahre,m,3659
12060,2017,10 bis unter 15 Jahre,m,4188
12060,2017,10 bis unter 15 Jahre,f,3792
12060,2017,90 bis unter 95 Jahre,f,857
12060,2017,90 bis unter 95 Jahre,m,260
12060,2017,45 bis unter 50 Jahre,m,6503
12060,2017,45 bis unter 50 Jahre,f,6297
12060,2017,65 bis unter 70 Jahre,m,5691
12060,2017,65 bis unter 70 Jahre,f,5982
12060,2017,85 bis unter 90 Jahre,m,1132
12060,2017,85 bis unter 90 Jahre,f,2054
12060,2017,95 Jahre und mehr,m,49
12060,2017,95 Jahre und mehr,f,244
12060,2017,70 bis unter 75 Jahre,m,3971
12060,2017,70 bis unter 75 Jahre,f,4346
12060,2017,5 bis unter 10 Jahre,m,4458
12060,2017,5 bis unter 10 Jahre,f,4084
12060,2017,50 bis unter 55 Jahre,f,8352
12060,2017,50 bis unter 55 Jahre,m,8344
12060,2017,30 bis unter 35 Jahre,m,5406
12060,2017,30 bis unter 35 Jahre,f,5331
12060,2017,25 bis unter 30 Jahre,f,3746
12060,2017,25 bis unter 30 Jahre,m,4013
12060,2017,35 bis unter 40 Jahre,f,5833
12060,2017,35 bis unter 40 Jahre,m,5923
12060,2017,55 bis unter 60 Jahre,f,8484
12060,2017,55 bis unter 60 Jahre,m,8709
12060,2017,60 bis unter 65 Jahre,m,7058
12060,2017,60 bis unter 65 Jahre,f,7213
12060,2017,unter 5 Jahre,m,4054
12060,2017,unter 5 Jahre,f,3778
12060,2017,40 bis unter 45 Jahre,m,5277
12060,2017,40 bis unter 45 Jahre,f,5024
12060,2017,15 bis unter 20 Jahre,m,3853
12060,2017,15 bis unter 20 Jahre,f,3468
12060,2017,20 bis unter 25 Jahre,m,3040
12060,2017,20 bis unter 25 Jahre,f,2496
12060,2017,80 bis unter 85 Jahre,f,3962
12060,2017,80 bis unter 85 Jahre,m,2848
12060,2017,75 bis unter 80 Jahre,f,5837
12060,2017,75 bis unter 80 Jahre,m,4907
12061,2017,60 bis unter 65 Jahre,m,6376
12061,2017,60 bis unter 65 Jahre,f,6329
12061,2017,40 bis unter 45 Jahre,m,4857
12061,2017,40 bis unter 45 Jahre,f,4581
12061,2017,20 bis unter 25 Jahre,m,2903
12061,2017,20 bis unter 25 Jahre,f,2439
12061,2017,unter 5 Jahre,m,3891
12061,2017,unter 5 Jahre,f,3596
12061,2017,25 bis unter 30 Jahre,f,3543
12061,2017,25 bis unter 30 Jahre,m,3887
12061,2017,55 bis unter 60 Jahre,m,7666
12061,2017,55 bis unter 60 Jahre,f,7378
12061,2017,80 bis unter 85 Jahre,m,2852
12061,2017,80 bis unter 85 Jahre,f,4083
12061,2017,10 bis unter 15 Jahre,f,3378
12061,2017,10 bis unter 15 Jahre,m,3600
12061,2017,30 bis unter 35 Jahre,f,4901
12061,2017,30 bis unter 35 Jahre,m,5047
12061,2017,75 bis unter 80 Jahre,f,5635
12061,2017,75 bis unter 80 Jahre,m,4749
12061,2017,95 Jahre und mehr,m,56
12061,2017,95 Jahre und mehr,f,246
12061,2017,85 bis unter 90 Jahre,f,2027
12061,2017,85 bis unter 90 Jahre,m,1240
12061,2017,5 bis unter 10 Jahre,f,3681
12061,2017,5 bis unter 10 Jahre,m,3876
12061,2017,50 bis unter 55 Jahre,m,7972
12061,2017,50 bis unter 55 Jahre,f,7655
12061,2017,70 bis unter 75 Jahre,m,3496
12061,2017,70 bis unter 75 Jahre,f,4010
12061,2017,90 bis unter 95 Jahre,m,292
12061,2017,90 bis unter 95 Jahre,f,911
12061,2017,65 bis unter 70 Jahre,m,5018
12061,2017,65 bis unter 70 Jahre,f,5208
12061,2017,45 bis unter 50 Jahre,m,6198
12061,2017,45 bis unter 50 Jahre,f,5924
12061,2017,15 bis unter 20 Jahre,f,3371
12061,2017,15 bis unter 20 Jahre,m,3512
12061,2017,35 bis unter 40 Jahre,f,5401
12061,2017,35 bis unter 40 Jahre,m,5534
12062,2017,70 bis unter 75 Jahre,m,2377
12062,2017,70 bis unter 75 Jahre,f,2827
12062,2017,90 bis unter 95 Jahre,m,208
12062,2017,90 bis unter 95 Jahre,f,625
12062,2017,50 bis unter 55 Jahre,m,4739
12062,2017,50 bis unter 55 Jahre,f,4558
12062,2017,15 bis unter 20 Jahre,f,1797
12062,2017,15 bis unter 20 Jahre,m,2071
12062,2017,35 bis unter 40 Jahre,f,2623
12062,2017,35 bis unter 40 Jahre,m,3121
12062,2017,65 bis unter 70 Jahre,m,3599
12062,2017,65 bis unter 70 Jahre,f,3811
12062,2017,30 bis unter 35 Jahre,m,3135
12062,2017,30 bis unter 35 Jahre,f,2546
12062,2017,unter 5 Jahre,f,1858
12062,2017,unter 5 Jahre,m,1960
12062,2017,75 bis unter 80 Jahre,f,4134
12062,2017,75 bis unter 80 Jahre,m,3186
12062,2017,60 bis unter 65 Jahre,f,4588
12062,2017,60 bis unter 65 Jahre,m,4637
12062,2017,25 bis unter 30 Jahre,m,2313
12062,2017,25 bis unter 30 Jahre,f,1904
12062,2017,45 bis unter 50 Jahre,m,3873
12062,2017,45 bis unter 50 Jahre,f,3451
12062,2017,55 bis unter 60 Jahre,f,4989
12062,2017,55 bis unter 60 Jahre,m,5033
12062,2017,80 bis unter 85 Jahre,f,2989
12062,2017,80 bis unter 85 Jahre,m,1961
12062,2017,95 Jahre und mehr,m,30
12062,2017,95 Jahre und mehr,f,183
12062,2017,40 bis unter 45 Jahre,m,2782
12062,2017,40 bis unter 45 Jahre,f,2427
12062,2017,10 bis unter 15 Jahre,f,2013
12062,2017,10 bis unter 15 Jahre,m,2097
12062,2017,5 bis unter 10 Jahre,m,2011
12062,2017,5 bis unter 10 Jahre,f,1981
12062,2017,20 bis unter 25 Jahre,f,1147
12062,2017,20 bis unter 25 Jahre,m,1463
12062,2017,85 bis unter 90 Jahre,f,1650
12062,2017,85 bis unter 90 Jahre,m,758
12063,2017,5 bis unter 10 Jahre,f,3676
12063,2017,5 bis unter 10 Jahre,m,3901
12063,2017,25 bis unter 30 Jahre,f,3332
12063,2017,25 bis unter 30 Jahre,m,3691
12063,2017,45 bis unter 50 Jahre,f,6247
12063,2017,45 bis unter 50 Jahre,m,6049
12063,2017,80 bis unter 85 Jahre,m,2379
12063,2017,80 bis unter 85 Jahre,f,3390
12063,2017,65 bis unter 70 Jahre,f,4878
12063,2017,65 bis unter 70 Jahre,m,4691
12063,2017,10 bis unter 15 Jahre,f,3570
12063,2017,10 bis unter 15 Jahre,m,3804
12063,2017,40 bis unter 45 Jahre,m,4601
12063,2017,40 bis unter 45 Jahre,f,4603
12063,2017,unter 5 Jahre,m,3602
12063,2017,unter 5 Jahre,f,3491
12063,2017,50 bis unter 55 Jahre,f,7856
12063,2017,50 bis unter 55 Jahre,m,8227
12063,2017,75 bis unter 80 Jahre,m,4134
12063,2017,75 bis unter 80 Jahre,f,5153
12063,2017,85 bis unter 90 Jahre,f,1727
12063,2017,85 bis unter 90 Jahre,m,939
12063,2017,30 bis unter 35 Jahre,m,4619
12063,2017,30 bis unter 35 Jahre,f,4486
12063,2017,20 bis unter 25 Jahre,m,3043
12063,2017,20 bis unter 25 Jahre,f,2467
12063,2017,15 bis unter 20 Jahre,f,3667
12063,2017,15 bis unter 20 Jahre,m,4055
12063,2017,35 bis unter 40 Jahre,f,4925
12063,2017,35 bis unter 40 Jahre,m,4940
12063,2017,60 bis unter 65 Jahre,f,5830
12063,2017,60 bis unter 65 Jahre,m,5848
12063,2017,90 bis unter 95 Jahre,m,240
12063,2017,90 bis unter 95 Jahre,f,697
12063,2017,55 bis unter 60 Jahre,m,7423
12063,2017,55 bis unter 60 Jahre,f,7195
12063,2017,70 bis unter 75 Jahre,f,3793
12063,2017,70 bis unter 75 Jahre,m,3307
12063,2017,95 Jahre und mehr,f,200
12063,2017,95 Jahre und mehr,m,34
12064,2017,unter 5 Jahre,f,3963
12064,2017,unter 5 Jahre,m,4247
12064,2017,35 bis unter 40 Jahre,f,6247
12064,2017,35 bis unter 40 Jahre,m,6414
12064,2017,20 bis unter 25 Jahre,f,2400
12064,2017,20 bis unter 25 Jahre,m,2790
12064,2017,90 bis unter 95 Jahre,m,344
12064,2017,90 bis unter 95 Jahre,f,1000
12064,2017,15 bis unter 20 Jahre,m,3994
12064,2017,15 bis unter 20 Jahre,f,3562
12064,2017,60 bis unter 65 Jahre,f,7903
12064,2017,60 bis unter 65 Jahre,m,8142
12064,2017,75 bis unter 80 Jahre,f,6189
12064,2017,75 bis unter 80 Jahre,m,4970
12064,2017,95 Jahre und mehr,f,248
12064,2017,95 Jahre und mehr,m,57
12064,2017,50 bis unter 55 Jahre,m,9330
12064,2017,50 bis unter 55 Jahre,f,9191
12064,2017,55 bis unter 60 Jahre,m,9728
12064,2017,55 bis unter 60 Jahre,f,9489
12064,2017,80 bis unter 85 Jahre,m,3276
12064,2017,80 bis unter 85 Jahre,f,4668
12064,2017,45 bis unter 50 Jahre,m,6935
12064,2017,45 bis unter 50 Jahre,f,6549
12064,2017,70 bis unter 75 Jahre,m,3853
12064,2017,70 bis unter 75 Jahre,f,4267
12064,2017,10 bis unter 15 Jahre,f,3889
12064,2017,10 bis unter 15 Jahre,m,4297
12064,2017,30 bis unter 35 Jahre,f,5564
12064,2017,30 bis unter 35 Jahre,m,5572
12064,2017,65 bis unter 70 Jahre,f,6424
12064,2017,65 bis unter 70 Jahre,m,6157
12064,2017,25 bis unter 30 Jahre,f,3689
12064,2017,25 bis unter 30 Jahre,m,3971
12064,2017,5 bis unter 10 Jahre,m,4567
12064,2017,5 bis unter 10 Jahre,f,4296
12064,2017,85 bis unter 90 Jahre,f,2441
12064,2017,85 bis unter 90 Jahre,m,1385
12064,2017,40 bis unter 45 Jahre,m,5689
12064,2017,40 bis unter 45 Jahre,f,5224
12065,2017,50 bis unter 55 Jahre,f,10110
12065,2017,50 bis unter 55 Jahre,m,10459
12065,2017,5 bis unter 10 Jahre,m,4959
12065,2017,5 bis unter 10 Jahre,f,4760
12065,2017,65 bis unter 70 Jahre,f,6439
12065,2017,65 bis unter 70 Jahre,m,6146
12065,2017,45 bis unter 50 Jahre,f,8042
12065,2017,45 bis unter 50 Jahre,m,7823
12065,2017,10 bis unter 15 Jahre,f,4730
12065,2017,10 bis unter 15 Jahre,m,4981
12065,2017,25 bis unter 30 Jahre,f,4273
12065,2017,25 bis unter 30 Jahre,m,4552
12065,2017,30 bis unter 35 Jahre,f,5989
12065,2017,30 bis unter 35 Jahre,m,6043
12065,2017,70 bis unter 75 Jahre,f,4925
12065,2017,70 bis unter 75 Jahre,m,4351
12065,2017,85 bis unter 90 Jahre,f,2394
12065,2017,85 bis unter 90 Jahre,m,1307
12065,2017,75 bis unter 80 Jahre,m,5360
12065,2017,75 bis unter 80 Jahre,f,6692
12065,2017,40 bis unter 45 Jahre,m,5946
12065,2017,40 bis unter 45 Jahre,f,6011
12065,2017,15 bis unter 20 Jahre,f,4510
12065,2017,15 bis unter 20 Jahre,m,4978
12065,2017,20 bis unter 25 Jahre,m,3857
12065,2017,20 bis unter 25 Jahre,f,3156
12065,2017,95 Jahre und mehr,f,292
12065,2017,95 Jahre und mehr,m,44
12065,2017,55 bis unter 60 Jahre,f,9433
12065,2017,55 bis unter 60 Jahre,m,9761
12065,2017,60 bis unter 65 Jahre,f,7842
12065,2017,60 bis unter 65 Jahre,m,7828
12065,2017,80 bis unter 85 Jahre,f,4663
12065,2017,80 bis unter 85 Jahre,m,3297
12065,2017,35 bis unter 40 Jahre,m,6681
12065,2017,35 bis unter 40 Jahre,f,6755
12065,2017,unter 5 Jahre,m,4727
12065,2017,unter 5 Jahre,f,4487
12065,2017,90 bis unter 95 Jahre,m,314
12065,2017,90 bis unter 95 Jahre,f,976
12066,2017,60 bis unter 65 Jahre,f,4695
12066,2017,60 bis unter 65 Jahre,m,4491
12066,2017,unter 5 Jahre,m,2245
12066,2017,unter 5 Jahre,f,2064
12066,2017,40 bis unter 45 Jahre,f,2591
12066,2017,40 bis unter 45 Jahre,m,2993
12066,2017,55 bis unter 60 Jahre,m,5160
12066,2017,55 bis unter 60 Jahre,f,5182
12066,2017,35 bis unter 40 Jahre,m,3536
12066,2017,35 bis unter 40 Jahre,f,2855
12066,2017,20 bis unter 25 Jahre,m,1697
12066,2017,20 bis unter 25 Jahre,f,1273
12066,2017,15 bis unter 20 Jahre,m,2142
12066,2017,15 bis unter 20 Jahre,f,1886
12066,2017,75 bis unter 80 Jahre,f,4877
12066,2017,75 bis unter 80 Jahre,m,3587
12066,2017,80 bis unter 85 Jahre,f,3179
12066,2017,80 bis unter 85 Jahre,m,2126
12066,2017,95 Jahre und mehr,m,33
12066,2017,95 Jahre und mehr,f,161
12066,2017,70 bis unter 75 Jahre,m,2520
12066,2017,70 bis unter 75 Jahre,f,3288
12066,2017,90 bis unter 95 Jahre,m,200
12066,2017,90 bis unter 95 Jahre,f,724
12066,2017,10 bis unter 15 Jahre,f,2030
12066,2017,10 bis unter 15 Jahre,m,2130
12066,2017,45 bis unter 50 Jahre,m,3936
12066,2017,45 bis unter 50 Jahre,f,3521
12066,2017,65 bis unter 70 Jahre,f,4213
12066,2017,65 bis unter 70 Jahre,m,3815
12066,2017,50 bis unter 55 Jahre,m,5007
12066,2017,50 bis unter 55 Jahre,f,4771
12066,2017,30 bis unter 35 Jahre,f,2940
12066,2017,30 bis unter 35 Jahre,m,3364
12066,2017,85 bis unter 90 Jahre,f,1870
12066,2017,85 bis unter 90 Jahre,m,820
12066,2017,25 bis unter 30 Jahre,m,2617
12066,2017,25 bis unter 30 Jahre,f,2224
12066,2017,5 bis unter 10 Jahre,f,2164
12066,2017,5 bis unter 10 Jahre,m,2195
12067,2017,30 bis unter 35 Jahre,m,4969
12067,2017,30 bis unter 35 Jahre,f,4962
12067,2017,90 bis unter 95 Jahre,f,933
12067,2017,90 bis unter 95 Jahre,m,343
12067,2017,45 bis unter 50 Jahre,m,6092
12067,2017,45 bis unter 50 Jahre,f,5947
12067,2017,50 bis unter 55 Jahre,m,8300
12067,2017,50 bis unter 55 Jahre,f,8053
12067,2017,85 bis unter 90 Jahre,m,1331
12067,2017,85 bis unter 90 Jahre,f,2498
12067,2017,95 Jahre und mehr,m,54
12067,2017,95 Jahre und mehr,f,245
12067,2017,70 bis unter 75 Jahre,m,3981
12067,2017,70 bis unter 75 Jahre,f,4599
12067,2017,65 bis unter 70 Jahre,m,5915
12067,2017,65 bis unter 70 Jahre,f,6280
12067,2017,25 bis unter 30 Jahre,m,3725
12067,2017,25 bis unter 30 Jahre,f,3462
12067,2017,10 bis unter 15 Jahre,m,3673
12067,2017,10 bis unter 15 Jahre,f,3568
12067,2017,35 bis unter 40 Jahre,f,5319
12067,2017,35 bis unter 40 Jahre,m,5587
12067,2017,15 bis unter 20 Jahre,f,3361
12067,2017,15 bis unter 20 Jahre,m,3779
12067,2017,5 bis unter 10 Jahre,f,3757
12067,2017,5 bis unter 10 Jahre,m,3981
12067,2017,40 bis unter 45 Jahre,f,4593
12067,2017,40 bis unter 45 Jahre,m,4858
12067,2017,20 bis unter 25 Jahre,m,2905
12067,2017,20 bis unter 25 Jahre,f,2188
12067,2017,55 bis unter 60 Jahre,m,8343
12067,2017,55 bis unter 60 Jahre,f,8332
12067,2017,80 bis unter 85 Jahre,f,4707
12067,2017,80 bis unter 85 Jahre,m,3263
12067,2017,60 bis unter 65 Jahre,f,7757
12067,2017,60 bis unter 65 Jahre,m,7513
12067,2017,unter 5 Jahre,m,3715
12067,2017,unter 5 Jahre,f,3585
12067,2017,75 bis unter 80 Jahre,m,5256
12067,2017,75 bis unter 80 Jahre,f,6618
12068,2017,75 bis unter 80 Jahre,m,2729
12068,2017,75 bis unter 80 Jahre,f,3441
12068,2017,35 bis unter 40 Jahre,m,3144
12068,2017,35 bis unter 40 Jahre,f,2830
12068,2017,5 bis unter 10 Jahre,f,1943
12068,2017,5 bis unter 10 Jahre,m,2196
12068,2017,80 bis unter 85 Jahre,f,2478
12068,2017,80 bis unter 85 Jahre,m,1645
12068,2017,20 bis unter 25 Jahre,m,1524
12068,2017,20 bis unter 25 Jahre,f,1418
12068,2017,60 bis unter 65 Jahre,m,4476
12068,2017,60 bis unter 65 Jahre,f,4477
12068,2017,65 bis unter 70 Jahre,f,3460
12068,2017,65 bis unter 70 Jahre,m,3418
12068,2017,10 bis unter 15 Jahre,f,1895
12068,2017,10 bis unter 15 Jahre,m,2059
12068,2017,unter 5 Jahre,f,1992
12068,2017,unter 5 Jahre,m,2066
12068,2017,55 bis unter 60 Jahre,f,4824
12068,2017,55 bis unter 60 Jahre,m,4930
12068,2017,85 bis unter 90 Jahre,f,1397
12068,2017,85 bis unter 90 Jahre,m,687
12068,2017,95 Jahre und mehr,m,19
12068,2017,95 Jahre und mehr,f,145
12068,2017,90 bis unter 95 Jahre,m,200
12068,2017,90 bis unter 95 Jahre,f,584
12068,2017,50 bis unter 55 Jahre,m,4581
12068,2017,50 bis unter 55 Jahre,f,4402
12068,2017,30 bis unter 35 Jahre,m,3115
12068,2017,30 bis unter 35 Jahre,f,2784
12068,2017,70 bis unter 75 Jahre,m,2079
12068,2017,70 bis unter 75 Jahre,f,2261
12068,2017,45 bis unter 50 Jahre,m,3456
12068,2017,45 bis unter 50 Jahre,f,3195
12068,2017,25 bis unter 30 Jahre,m,2365
12068,2017,25 bis unter 30 Jahre,f,2022
12068,2017,40 bis unter 45 Jahre,f,2447
12068,2017,40 bis unter 45 Jahre,m,2640
12068,2017,15 bis unter 20 Jahre,f,1852
12068,2017,15 bis unter 20 Jahre,m,2192
12069,2017,90 bis unter 95 Jahre,m,372
12069,2017,90 bis unter 95 Jahre,f,1062
12069,2017,70 bis unter 75 Jahre,m,4416
12069,2017,70 bis unter 75 Jahre,f,4776
12069,2017,50 bis unter 55 Jahre,m,10629
12069,2017,50 bis unter 55 Jahre,f,10509
12069,2017,15 bis unter 20 Jahre,f,4947
12069,2017,15 bis unter 20 Jahre,m,5255
12069,2017,30 bis unter 35 Jahre,m,5726
12069,2017,30 bis unter 35 Jahre,f,5687
12069,2017,85 bis unter 90 Jahre,m,1337
12069,2017,85 bis unter 90 Jahre,f,2459
12069,2017,55 bis unter 60 Jahre,f,9839
12069,2017,55 bis unter 60 Jahre,m,10136
12069,2017,60 bis unter 65 Jahre,f,8124
12069,2017,60 bis unter 65 Jahre,m,8336
12069,2017,5 bis unter 10 Jahre,m,5400
12069,2017,5 bis unter 10 Jahre,f,5139
12069,2017,40 bis unter 45 Jahre,f,6409
12069,2017,40 bis unter 45 Jahre,m,6407
12069,2017,95 Jahre und mehr,m,62
12069,2017,95 Jahre und mehr,f,275
12069,2017,25 bis unter 30 Jahre,m,4154
12069,2017,25 bis unter 30 Jahre,f,3814
12069,2017,35 bis unter 40 Jahre,f,6714
12069,2017,35 bis unter 40 Jahre,m,6681
12069,2017,80 bis unter 85 Jahre,m,3138
12069,2017,80 bis unter 85 Jahre,f,4364
12069,2017,20 bis unter 25 Jahre,m,3462
12069,2017,20 bis unter 25 Jahre,f,2757
12069,2017,45 bis unter 50 Jahre,f,8128
12069,2017,45 bis unter 50 Jahre,m,8299
12069,2017,75 bis unter 80 Jahre,m,5199
12069,2017,75 bis unter 80 Jahre,f,6376
12069,2017,10 bis unter 15 Jahre,m,5444
12069,2017,10 bis unter 15 Jahre,f,5164
12069,2017,unter 5 Jahre,f,4566
12069,2017,unter 5 Jahre,m,4723
12069,2017,65 bis unter 70 Jahre,f,6493
12069,2017,65 bis unter 70 Jahre,m,6436
12070,2017,45 bis unter 50 Jahre,f,2373
12070,2017,45 bis unter 50 Jahre,m,2641
12070,2017,10 bis unter 15 Jahre,f,1399
12070,2017,10 bis unter 15 Jahre,m,1488
12070,2017,65 bis unter 70 Jahre,f,2876
12070,2017,65 bis unter 70 Jahre,m,2717
12070,2017,85 bis unter 90 Jahre,f,1199
12070,2017,85 bis unter 90 Jahre,m,654
12070,2017,70 bis unter 75 Jahre,f,2027
12070,2017,70 bis unter 75 Jahre,m,1672
12070,2017,25 bis unter 30 Jahre,m,1943
12070,2017,25 bis unter 30 Jahre,f,1556
12070,2017,5 bis unter 10 Jahre,f,1434
12070,2017,5 bis unter 10 Jahre,m,1478
12070,2017,30 bis unter 35 Jahre,f,1930
12070,2017,30 bis unter 35 Jahre,m,2396
12070,2017,60 bis unter 65 Jahre,m,3391
12070,2017,60 bis unter 65 Jahre,f,3418
12070,2017,20 bis unter 25 Jahre,m,1282
12070,2017,20 bis unter 25 Jahre,f,995
12070,2017,40 bis unter 45 Jahre,m,1879
12070,2017,40 bis unter 45 Jahre,f,1577
12070,2017,50 bis unter 55 Jahre,m,3611
12070,2017,50 bis unter 55 Jahre,f,3494
12070,2017,15 bis unter 20 Jahre,m,1665
12070,2017,15 bis unter 20 Jahre,f,1357
12070,2017,35 bis unter 40 Jahre,f,1889
12070,2017,35 bis unter 40 Jahre,m,2168
12070,2017,95 Jahre und mehr,f,105
12070,2017,95 Jahre und mehr,m,32
12070,2017,55 bis unter 60 Jahre,f,3858
12070,2017,55 bis unter 60 Jahre,m,3910
12070,2017,unter 5 Jahre,f,1422
12070,2017,unter 5 Jahre,m,1524
12070,2017,80 bis unter 85 Jahre,f,2201
12070,2017,80 bis unter 85 Jahre,m,1458
12070,2017,75 bis unter 80 Jahre,m,2375
12070,2017,75 bis unter 80 Jahre,f,3171
12070,2017,90 bis unter 95 Jahre,f,539
12070,2017,90 bis unter 95 Jahre,m,159
12071,2017,75 bis unter 80 Jahre,f,4485
12071,2017,75 bis unter 80 Jahre,m,3469
12071,2017,55 bis unter 60 Jahre,f,5919
12071,2017,55 bis unter 60 Jahre,m,6009
12071,2017,40 bis unter 45 Jahre,f,2751
12071,2017,40 bis unter 45 Jahre,m,2831
12071,2017,unter 5 Jahre,f,2063
12071,2017,unter 5 Jahre,m,2215
12071,2017,20 bis unter 25 Jahre,f,1205
12071,2017,20 bis unter 25 Jahre,m,1457
12071,2017,15 bis unter 20 Jahre,f,2043
12071,2017,15 bis unter 20 Jahre,m,2308
12071,2017,80 bis unter 85 Jahre,f,3064
12071,2017,80 bis unter 85 Jahre,m,2068
12071,2017,35 bis unter 40 Jahre,m,3448
12071,2017,35 bis unter 40 Jahre,f,2970
12071,2017,70 bis unter 75 Jahre,m,2623
12071,2017,70 bis unter 75 Jahre,f,3119
12071,2017,95 Jahre und mehr,f,195
12071,2017,95 Jahre und mehr,m,38
12071,2017,65 bis unter 70 Jahre,m,4168
12071,2017,65 bis unter 70 Jahre,f,4416
12071,2017,90 bis unter 95 Jahre,m,232
12071,2017,90 bis unter 95 Jahre,f,711
12071,2017,10 bis unter 15 Jahre,f,2146
12071,2017,10 bis unter 15 Jahre,m,2348
12071,2017,30 bis unter 35 Jahre,f,2880
12071,2017,30 bis unter 35 Jahre,m,3036
12071,2017,5 bis unter 10 Jahre,m,2277
12071,2017,5 bis unter 10 Jahre,f,2270
12071,2017,45 bis unter 50 Jahre,f,3944
12071,2017,45 bis unter 50 Jahre,m,4192
12071,2017,50 bis unter 55 Jahre,f,5368
12071,2017,50 bis unter 55 Jahre,m,5512
12071,2017,25 bis unter 30 Jahre,m,2303
12071,2017,25 bis unter 30 Jahre,f,1945
12071,2017,85 bis unter 90 Jahre,f,1760
12071,2017,85 bis unter 90 Jahre,m,860
12071,2017,60 bis unter 65 Jahre,m,5451
12071,2017,60 bis unter 65 Jahre,f,5357
12072,2017,70 bis unter 75 Jahre,f,3803
12072,2017,70 bis unter 75 Jahre,m,3295
12072,2017,25 bis unter 30 Jahre,m,4237
12072,2017,25 bis unter 30 Jahre,f,3860
12072,2017,90 bis unter 95 Jahre,f,853
12072,2017,90 bis unter 95 Jahre,m,245
12072,2017,85 bis unter 90 Jahre,f,1963
12072,2017,85 bis unter 90 Jahre,m,1005
12072,2017,45 bis unter 50 Jahre,m,6279
12072,2017,45 bis unter 50 Jahre,f,5917
12072,2017,10 bis unter 15 Jahre,m,3803
12072,2017,10 bis unter 15 Jahre,f,3492
12072,2017,50 bis unter 55 Jahre,f,7676
12072,2017,50 bis unter 55 Jahre,m,8152
12072,2017,5 bis unter 10 Jahre,m,3840
12072,2017,5 bis unter 10 Jahre,f,3792
12072,2017,65 bis unter 70 Jahre,f,4972
12072,2017,65 bis unter 70 Jahre,m,4887
12072,2017,95 Jahre und mehr,m,42
12072,2017,95 Jahre und mehr,f,242
12072,2017,30 bis unter 35 Jahre,m,5523
12072,2017,30 bis unter 35 Jahre,f,5162
12072,2017,15 bis unter 20 Jahre,f,3469
12072,2017,15 bis unter 20 Jahre,m,3846
12072,2017,60 bis unter 65 Jahre,m,6040
12072,2017,60 bis unter 65 Jahre,f,6047
12072,2017,40 bis unter 45 Jahre,m,4826
12072,2017,40 bis unter 45 Jahre,f,4611
12072,2017,35 bis unter 40 Jahre,f,5271
12072,2017,35 bis unter 40 Jahre,m,5710
12072,2017,80 bis unter 85 Jahre,f,3731
12072,2017,80 bis unter 85 Jahre,m,2536
12072,2017,55 bis unter 60 Jahre,m,7689
12072,2017,55 bis unter 60 Jahre,f,7263
12072,2017,75 bis unter 80 Jahre,m,4200
12072,2017,75 bis unter 80 Jahre,f,5429
12072,2017,unter 5 Jahre,f,3717
12072,2017,unter 5 Jahre,m,3815
12072,2017,20 bis unter 25 Jahre,m,3123
12072,2017,20 bis unter 25 Jahre,f,2527
12073,2017,55 bis unter 60 Jahre,m,6016
12073,2017,55 bis unter 60 Jahre,f,6003
12073,2017,35 bis unter 40 Jahre,m,3450
12073,2017,35 bis unter 40 Jahre,f,3095
12073,2017,80 bis unter 85 Jahre,f,3345
12073,2017,80 bis unter 85 Jahre,m,2289
12073,2017,20 bis unter 25 Jahre,m,1910
12073,2017,20 bis unter 25 Jahre,f,1544
12073,2017,40 bis unter 45 Jahre,m,2967
12073,2017,40 bis unter 45 Jahre,f,2962
12073,2017,75 bis unter 80 Jahre,m,3555
12073,2017,75 bis unter 80 Jahre,f,4716
12073,2017,60 bis unter 65 Jahre,m,5323
12073,2017,60 bis unter 65 Jahre,f,5371
12073,2017,5 bis unter 10 Jahre,f,2303
12073,2017,5 bis unter 10 Jahre,m,2534
12073,2017,unter 5 Jahre,f,2266
12073,2017,unter 5 Jahre,m,2353
12073,2017,10 bis unter 15 Jahre,f,2373
12073,2017,10 bis unter 15 Jahre,m,2474
12073,2017,30 bis unter 35 Jahre,f,3072
12073,2017,30 bis unter 35 Jahre,m,3385
12073,2017,85 bis unter 90 Jahre,f,1734
12073,2017,85 bis unter 90 Jahre,m,904
12073,2017,90 bis unter 95 Jahre,m,192
12073,2017,90 bis unter 95 Jahre,f,699
12073,2017,95 Jahre und mehr,f,169
12073,2017,95 Jahre und mehr,m,32
12073,2017,65 bis unter 70 Jahre,m,4375
12073,2017,65 bis unter 70 Jahre,f,4729
12073,2017,45 bis unter 50 Jahre,m,3930
12073,2017,45 bis unter 50 Jahre,f,3842
12073,2017,70 bis unter 75 Jahre,f,3060
12073,2017,70 bis unter 75 Jahre,m,2686
12073,2017,50 bis unter 55 Jahre,f,5382
12073,2017,50 bis unter 55 Jahre,m,5471
12073,2017,25 bis unter 30 Jahre,f,2445
12073,2017,25 bis unter 30 Jahre,m,2623
12073,2017,15 bis unter 20 Jahre,f,2225
12073,2017,15 bis unter 20 Jahre,m,2545
13003,2017,30 bis unter 35 Jahre,f,7864
13003,2017,30 bis unter 35 Jahre,m,9433
13003,2017,85 bis unter 90 Jahre,f,2770
13003,2017,85 bis unter 90 Jahre,m,1516
13003,2017,10 bis unter 15 Jahre,f,3553
13003,2017,10 bis unter 15 Jahre,m,3744
13003,2017,90 bis unter 95 Jahre,f,1061
13003,2017,90 bis unter 95 Jahre,m,344
13003,2017,45 bis unter 50 Jahre,m,6115
13003,2017,45 bis unter 50 Jahre,f,5518
13003,2017,25 bis unter 30 Jahre,f,8196
13003,2017,25 bis unter 30 Jahre,m,9697
13003,2017,5 bis unter 10 Jahre,m,4213
13003,2017,5 bis unter 10 Jahre,f,4042
13003,2017,80 bis unter 85 Jahre,m,3535
13003,2017,80 bis unter 85 Jahre,f,5343
13003,2017,50 bis unter 55 Jahre,f,7037
13003,2017,50 bis unter 55 Jahre,m,7369
13003,2017,65 bis unter 70 Jahre,f,6360
13003,2017,65 bis unter 70 Jahre,m,5328
13003,2017,70 bis unter 75 Jahre,m,3960
13003,2017,70 bis unter 75 Jahre,f,5141
13003,2017,60 bis unter 65 Jahre,m,6297
13003,2017,60 bis unter 65 Jahre,f,7080
13003,2017,40 bis unter 45 Jahre,m,5532
13003,2017,40 bis unter 45 Jahre,f,4615
13003,2017,35 bis unter 40 Jahre,m,7580
13003,2017,35 bis unter 40 Jahre,f,6366
13003,2017,75 bis unter 80 Jahre,f,7799
13003,2017,75 bis unter 80 Jahre,m,5576
13003,2017,20 bis unter 25 Jahre,f,6594
13003,2017,20 bis unter 25 Jahre,m,6423
13003,2017,55 bis unter 60 Jahre,f,7350
13003,2017,55 bis unter 60 Jahre,m,7119
13003,2017,15 bis unter 20 Jahre,m,4139
13003,2017,15 bis unter 20 Jahre,f,4073
13003,2017,unter 5 Jahre,f,4670
13003,2017,unter 5 Jahre,m,4726
13003,2017,95 Jahre und mehr,f,277
13003,2017,95 Jahre und mehr,m,54
13004,2017,15 bis unter 20 Jahre,m,2193
13004,2017,15 bis unter 20 Jahre,f,1959
13004,2017,60 bis unter 65 Jahre,f,3716
13004,2017,60 bis unter 65 Jahre,m,3336
13004,2017,95 Jahre und mehr,m,36
13004,2017,95 Jahre und mehr,f,186
13004,2017,35 bis unter 40 Jahre,m,3222
13004,2017,35 bis unter 40 Jahre,f,2902
13004,2017,80 bis unter 85 Jahre,f,2531
13004,2017,80 bis unter 85 Jahre,m,1516
13004,2017,40 bis unter 45 Jahre,f,2347
13004,2017,40 bis unter 45 Jahre,m,2584
13004,2017,unter 5 Jahre,m,2270
13004,2017,unter 5 Jahre,f,2209
13004,2017,75 bis unter 80 Jahre,f,3545
13004,2017,75 bis unter 80 Jahre,m,2581
13004,2017,55 bis unter 60 Jahre,m,3424
13004,2017,55 bis unter 60 Jahre,f,3811
13004,2017,90 bis unter 95 Jahre,m,184
13004,2017,90 bis unter 95 Jahre,f,705
13004,2017,5 bis unter 10 Jahre,f,2055
13004,2017,5 bis unter 10 Jahre,m,2198
13004,2017,85 bis unter 90 Jahre,m,721
13004,2017,85 bis unter 90 Jahre,f,1424
13004,2017,20 bis unter 25 Jahre,m,2247
13004,2017,20 bis unter 25 Jahre,f,1995
13004,2017,10 bis unter 15 Jahre,m,1968
13004,2017,10 bis unter 15 Jahre,f,1914
13004,2017,30 bis unter 35 Jahre,f,3327
13004,2017,30 bis unter 35 Jahre,m,3395
13004,2017,70 bis unter 75 Jahre,f,2536
13004,2017,70 bis unter 75 Jahre,m,1982
13004,2017,25 bis unter 30 Jahre,m,3049
13004,2017,25 bis unter 30 Jahre,f,2902
13004,2017,45 bis unter 50 Jahre,m,2972
13004,2017,45 bis unter 50 Jahre,f,2765
13004,2017,65 bis unter 70 Jahre,m,2757
13004,2017,65 bis unter 70 Jahre,f,3330
13004,2017,50 bis unter 55 Jahre,f,3592
13004,2017,50 bis unter 55 Jahre,m,3411
13071,2017,15 bis unter 20 Jahre,f,5026
13071,2017,15 bis unter 20 Jahre,m,5614
13071,2017,unter 5 Jahre,f,5143
13071,2017,unter 5 Jahre,m,5466
13071,2017,95 Jahre und mehr,m,48
13071,2017,95 Jahre und mehr,f,284
13071,2017,20 bis unter 25 Jahre,f,3489
13071,2017,20 bis unter 25 Jahre,m,4133
13071,2017,50 bis unter 55 Jahre,m,11567
13071,2017,50 bis unter 55 Jahre,f,11439
13071,2017,65 bis unter 70 Jahre,m,9039
13071,2017,65 bis unter 70 Jahre,f,9773
13071,2017,35 bis unter 40 Jahre,f,7408
13071,2017,35 bis unter 40 Jahre,m,8114
13071,2017,75 bis unter 80 Jahre,f,9130
13071,2017,75 bis unter 80 Jahre,m,6806
13071,2017,60 bis unter 65 Jahre,f,11895
13071,2017,60 bis unter 65 Jahre,m,11502
13071,2017,90 bis unter 95 Jahre,m,383
13071,2017,90 bis unter 95 Jahre,f,1479
13071,2017,10 bis unter 15 Jahre,m,5533
13071,2017,10 bis unter 15 Jahre,f,5174
13071,2017,85 bis unter 90 Jahre,f,3705
13071,2017,85 bis unter 90 Jahre,m,1794
13071,2017,30 bis unter 35 Jahre,m,7992
13071,2017,30 bis unter 35 Jahre,f,7333
13071,2017,5 bis unter 10 Jahre,m,5668
13071,2017,5 bis unter 10 Jahre,f,5503
13071,2017,40 bis unter 45 Jahre,f,6313
13071,2017,40 bis unter 45 Jahre,m,7043
13071,2017,25 bis unter 30 Jahre,f,5721
13071,2017,25 bis unter 30 Jahre,m,6408
13071,2017,80 bis unter 85 Jahre,m,4331
13071,2017,80 bis unter 85 Jahre,f,7094
13071,2017,45 bis unter 50 Jahre,f,7921
13071,2017,45 bis unter 50 Jahre,m,8520
13071,2017,70 bis unter 75 Jahre,f,5979
13071,2017,70 bis unter 75 Jahre,m,5266
13071,2017,55 bis unter 60 Jahre,m,12739
13071,2017,55 bis unter 60 Jahre,f,12799
13072,2017,10 bis unter 15 Jahre,f,4728
13072,2017,10 bis unter 15 Jahre,m,4930
13072,2017,5 bis unter 10 Jahre,f,4877
13072,2017,5 bis unter 10 Jahre,m,5126
13072,2017,45 bis unter 50 Jahre,f,7214
13072,2017,45 bis unter 50 Jahre,m,7610
13072,2017,30 bis unter 35 Jahre,f,6295
13072,2017,30 bis unter 35 Jahre,m,6599
13072,2017,25 bis unter 30 Jahre,f,4394
13072,2017,25 bis unter 30 Jahre,m,4583
13072,2017,85 bis unter 90 Jahre,f,2636
13072,2017,85 bis unter 90 Jahre,m,1317
13072,2017,70 bis unter 75 Jahre,f,4837
13072,2017,70 bis unter 75 Jahre,m,4370
13072,2017,65 bis unter 70 Jahre,m,7285
13072,2017,65 bis unter 70 Jahre,f,7464
13072,2017,80 bis unter 85 Jahre,f,4693
13072,2017,80 bis unter 85 Jahre,m,3220
13072,2017,35 bis unter 40 Jahre,m,7202
13072,2017,35 bis unter 40 Jahre,f,6496
13072,2017,60 bis unter 65 Jahre,m,9175
13072,2017,60 bis unter 65 Jahre,f,9262
13072,2017,55 bis unter 60 Jahre,m,10707
13072,2017,55 bis unter 60 Jahre,f,10341
13072,2017,90 bis unter 95 Jahre,f,1076
13072,2017,90 bis unter 95 Jahre,m,341
13072,2017,unter 5 Jahre,f,4638
13072,2017,unter 5 Jahre,m,4865
13072,2017,95 Jahre und mehr,f,270
13072,2017,95 Jahre und mehr,m,51
13072,2017,15 bis unter 20 Jahre,m,4600
13072,2017,15 bis unter 20 Jahre,f,4163
13072,2017,75 bis unter 80 Jahre,f,6788
13072,2017,75 bis unter 80 Jahre,m,5410
13072,2017,50 bis unter 55 Jahre,m,10124
13072,2017,50 bis unter 55 Jahre,f,9833
13072,2017,20 bis unter 25 Jahre,f,2452
13072,2017,20 bis unter 25 Jahre,m,3093
13072,2017,40 bis unter 45 Jahre,m,6138
13072,2017,40 bis unter 45 Jahre,f,5432
13073,2017,20 bis unter 25 Jahre,f,3183
13073,2017,20 bis unter 25 Jahre,m,3805
13073,2017,40 bis unter 45 Jahre,f,5463
13073,2017,40 bis unter 45 Jahre,m,6055
13073,2017,55 bis unter 60 Jahre,f,10661
13073,2017,55 bis unter 60 Jahre,m,10855
13073,2017,60 bis unter 65 Jahre,f,9914
13073,2017,60 bis unter 65 Jahre,m,9473
13073,2017,15 bis unter 20 Jahre,m,4523
13073,2017,15 bis unter 20 Jahre,f,4051
13073,2017,75 bis unter 80 Jahre,f,8252
13073,2017,75 bis unter 80 Jahre,m,6343
13073,2017,80 bis unter 85 Jahre,f,6016
13073,2017,80 bis unter 85 Jahre,m,3912
13073,2017,35 bis unter 40 Jahre,m,7237
13073,2017,35 bis unter 40 Jahre,f,6600
13073,2017,unter 5 Jahre,m,4477
13073,2017,unter 5 Jahre,f,4366
13073,2017,50 bis unter 55 Jahre,m,10140
13073,2017,50 bis unter 55 Jahre,f,9919
13073,2017,85 bis unter 90 Jahre,m,1616
13073,2017,85 bis unter 90 Jahre,f,3118
13073,2017,5 bis unter 10 Jahre,f,4722
13073,2017,5 bis unter 10 Jahre,m,4972
13073,2017,30 bis unter 35 Jahre,m,7086
13073,2017,30 bis unter 35 Jahre,f,6464
13073,2017,65 bis unter 70 Jahre,f,8050
13073,2017,65 bis unter 70 Jahre,m,7672
13073,2017,45 bis unter 50 Jahre,f,6980
13073,2017,45 bis unter 50 Jahre,m,7374
13073,2017,25 bis unter 30 Jahre,f,5050
13073,2017,25 bis unter 30 Jahre,m,5539
13073,2017,10 bis unter 15 Jahre,f,4412
13073,2017,10 bis unter 15 Jahre,m,4547
13073,2017,70 bis unter 75 Jahre,f,5659
13073,2017,70 bis unter 75 Jahre,m,4780
13073,2017,95 Jahre und mehr,f,274
13073,2017,95 Jahre und mehr,m,54
13073,2017,90 bis unter 95 Jahre,m,362
13073,2017,90 bis unter 95 Jahre,f,1147
13074,2017,85 bis unter 90 Jahre,f,2070
13074,2017,85 bis unter 90 Jahre,m,976
13074,2017,95 Jahre und mehr,f,207
13074,2017,95 Jahre und mehr,m,48
13074,2017,45 bis unter 50 Jahre,f,5246
13074,2017,45 bis unter 50 Jahre,m,5638
13074,2017,65 bis unter 70 Jahre,m,5077
13074,2017,65 bis unter 70 Jahre,f,5339
13074,2017,50 bis unter 55 Jahre,m,7086
13074,2017,50 bis unter 55 Jahre,f,6737
13074,2017,30 bis unter 35 Jahre,f,4830
13074,2017,30 bis unter 35 Jahre,m,5223
13074,2017,25 bis unter 30 Jahre,m,4133
13074,2017,25 bis unter 30 Jahre,f,3695
13074,2017,10 bis unter 15 Jahre,m,3429
13074,2017,10 bis unter 15 Jahre,f,3309
13074,2017,70 bis unter 75 Jahre,f,3488
13074,2017,70 bis unter 75 Jahre,m,3211
13074,2017,90 bis unter 95 Jahre,m,210
13074,2017,90 bis unter 95 Jahre,f,783
13074,2017,unter 5 Jahre,f,3234
13074,2017,unter 5 Jahre,m,3436
13074,2017,55 bis unter 60 Jahre,m,7085
13074,2017,55 bis unter 60 Jahre,f,7059
13074,2017,80 bis unter 85 Jahre,m,2325
13074,2017,80 bis unter 85 Jahre,f,3593
13074,2017,60 bis unter 65 Jahre,f,6397
13074,2017,60 bis unter 65 Jahre,m,6403
13074,2017,15 bis unter 20 Jahre,m,3522
13074,2017,15 bis unter 20 Jahre,f,3158
13074,2017,35 bis unter 40 Jahre,m,5383
13074,2017,35 bis unter 40 Jahre,f,4891
13074,2017,40 bis unter 45 Jahre,f,4029
13074,2017,40 bis unter 45 Jahre,m,4547
13074,2017,75 bis unter 80 Jahre,f,4914
13074,2017,75 bis unter 80 Jahre,m,3742
13074,2017,20 bis unter 25 Jahre,m,3028
13074,2017,20 bis unter 25 Jahre,f,2345
13074,2017,5 bis unter 10 Jahre,f,3471
13074,2017,5 bis unter 10 Jahre,m,3696
13075,2017,20 bis unter 25 Jahre,m,4627
13075,2017,20 bis unter 25 Jahre,f,4719
13075,2017,80 bis unter 85 Jahre,f,6280
13075,2017,80 bis unter 85 Jahre,m,3991
13075,2017,35 bis unter 40 Jahre,m,7432
13075,2017,35 bis unter 40 Jahre,f,6739
13075,2017,15 bis unter 20 Jahre,m,4825
13075,2017,15 bis unter 20 Jahre,f,4539
13075,2017,60 bis unter 65 Jahre,f,10129
13075,2017,60 bis unter 65 Jahre,m,10072
13075,2017,unter 5 Jahre,m,4937
13075,2017,unter 5 Jahre,f,4683
13075,2017,40 bis unter 45 Jahre,f,5565
13075,2017,40 bis unter 45 Jahre,m,6141
13075,2017,75 bis unter 80 Jahre,m,6018
13075,2017,75 bis unter 80 Jahre,f,7976
13075,2017,5 bis unter 10 Jahre,f,4901
13075,2017,5 bis unter 10 Jahre,m,5072
13075,2017,95 Jahre und mehr,f,323
13075,2017,95 Jahre und mehr,m,78
13075,2017,50 bis unter 55 Jahre,f,9712
13075,2017,50 bis unter 55 Jahre,m,9858
13075,2017,25 bis unter 30 Jahre,f,6532
13075,2017,25 bis unter 30 Jahre,m,6851
13075,2017,45 bis unter 50 Jahre,m,7564
13075,2017,45 bis unter 50 Jahre,f,6970
13075,2017,10 bis unter 15 Jahre,m,4960
13075,2017,10 bis unter 15 Jahre,f,4550
13075,2017,90 bis unter 95 Jahre,f,1362
13075,2017,90 bis unter 95 Jahre,m,368
13075,2017,70 bis unter 75 Jahre,f,5231
13075,2017,70 bis unter 75 Jahre,m,4740
13075,2017,30 bis unter 35 Jahre,m,7791
13075,2017,30 bis unter 35 Jahre,f,7386
13075,2017,85 bis unter 90 Jahre,m,1707
13075,2017,85 bis unter 90 Jahre,f,3367
13075,2017,65 bis unter 70 Jahre,m,8157
13075,2017,65 bis unter 70 Jahre,f,8525
13075,2017,55 bis unter 60 Jahre,f,11201
13075,2017,55 bis unter 60 Jahre,m,11187
13076,2017,85 bis unter 90 Jahre,m,1305
13076,2017,85 bis unter 90 Jahre,f,2718
13076,2017,65 bis unter 70 Jahre,m,7299
13076,2017,65 bis unter 70 Jahre,f,7369
13076,2017,70 bis unter 75 Jahre,m,4256
13076,2017,70 bis unter 75 Jahre,f,4631
13076,2017,10 bis unter 15 Jahre,m,4512
13076,2017,10 bis unter 15 Jahre,f,4394
13076,2017,45 bis unter 50 Jahre,m,7646
13076,2017,45 bis unter 50 Jahre,f,7187
13076,2017,90 bis unter 95 Jahre,f,1094
13076,2017,90 bis unter 95 Jahre,m,255
13076,2017,30 bis unter 35 Jahre,m,6712
13076,2017,30 bis unter 35 Jahre,f,6059
13076,2017,50 bis unter 55 Jahre,m,9976
13076,2017,50 bis unter 55 Jahre,f,9664
13076,2017,25 bis unter 30 Jahre,m,5281
13076,2017,25 bis unter 30 Jahre,f,4661
13076,2017,55 bis unter 60 Jahre,f,10403
13076,2017,55 bis unter 60 Jahre,m,10650
13076,2017,unter 5 Jahre,f,4476
13076,2017,unter 5 Jahre,m,4541
13076,2017,95 Jahre und mehr,m,44
13076,2017,95 Jahre und mehr,f,257
13076,2017,20 bis unter 25 Jahre,f,2670
13076,2017,20 bis unter 25 Jahre,m,3385
13076,2017,80 bis unter 85 Jahre,m,3067
13076,2017,80 bis unter 85 Jahre,f,4972
13076,2017,75 bis unter 80 Jahre,f,6705
13076,2017,75 bis unter 80 Jahre,m,5184
13076,2017,60 bis unter 65 Jahre,m,9415
13076,2017,60 bis unter 65 Jahre,f,9272
13076,2017,35 bis unter 40 Jahre,m,6967
13076,2017,35 bis unter 40 Jahre,f,6153
13076,2017,5 bis unter 10 Jahre,f,4465
13076,2017,5 bis unter 10 Jahre,m,4677
13076,2017,40 bis unter 45 Jahre,f,5317
13076,2017,40 bis unter 45 Jahre,m,6174
13076,2017,15 bis unter 20 Jahre,f,4036
13076,2017,15 bis unter 20 Jahre,m,4673
14511,2017,50 bis unter 55 Jahre,f,8426
14511,2017,50 bis unter 55 Jahre,m,8538
14511,2017,5 bis unter 10 Jahre,m,5354
14511,2017,5 bis unter 10 Jahre,f,5013
14511,2017,70 bis unter 75 Jahre,f,7835
14511,2017,70 bis unter 75 Jahre,m,6414
14511,2017,25 bis unter 30 Jahre,m,9590
14511,2017,25 bis unter 30 Jahre,f,7426
14511,2017,30 bis unter 35 Jahre,f,7963
14511,2017,30 bis unter 35 Jahre,m,9539
14511,2017,95 Jahre und mehr,f,543
14511,2017,95 Jahre und mehr,m,100
14511,2017,10 bis unter 15 Jahre,m,4759
14511,2017,10 bis unter 15 Jahre,f,4588
14511,2017,45 bis unter 50 Jahre,f,6798
14511,2017,45 bis unter 50 Jahre,m,7803
14511,2017,85 bis unter 90 Jahre,f,3924
14511,2017,85 bis unter 90 Jahre,m,1933
14511,2017,65 bis unter 70 Jahre,m,7960
14511,2017,65 bis unter 70 Jahre,f,9469
14511,2017,20 bis unter 25 Jahre,m,5982
14511,2017,20 bis unter 25 Jahre,f,4980
14511,2017,15 bis unter 20 Jahre,f,4596
14511,2017,15 bis unter 20 Jahre,m,4997
14511,2017,40 bis unter 45 Jahre,f,5732
14511,2017,40 bis unter 45 Jahre,m,6589
14511,2017,60 bis unter 65 Jahre,f,8890
14511,2017,60 bis unter 65 Jahre,m,7617
14511,2017,80 bis unter 85 Jahre,f,6431
14511,2017,80 bis unter 85 Jahre,m,4257
14511,2017,75 bis unter 80 Jahre,f,9518
14511,2017,75 bis unter 80 Jahre,m,7320
14511,2017,35 bis unter 40 Jahre,m,8465
14511,2017,35 bis unter 40 Jahre,f,7128
14511,2017,55 bis unter 60 Jahre,m,8171
14511,2017,55 bis unter 60 Jahre,f,8474
14511,2017,unter 5 Jahre,m,5809
14511,2017,unter 5 Jahre,f,5544
14511,2017,90 bis unter 95 Jahre,m,574
14511,2017,90 bis unter 95 Jahre,f,1806
14521,2017,5 bis unter 10 Jahre,f,7204
14521,2017,5 bis unter 10 Jahre,m,7510
14521,2017,25 bis unter 30 Jahre,f,6238
14521,2017,25 bis unter 30 Jahre,m,7202
14521,2017,40 bis unter 45 Jahre,m,9871
14521,2017,40 bis unter 45 Jahre,f,8617
14521,2017,10 bis unter 15 Jahre,f,7030
14521,2017,10 bis unter 15 Jahre,m,7522
14521,2017,50 bis unter 55 Jahre,f,12989
14521,2017,50 bis unter 55 Jahre,m,13167
14521,2017,80 bis unter 85 Jahre,m,5973
14521,2017,80 bis unter 85 Jahre,f,9710
14521,2017,65 bis unter 70 Jahre,f,15421
14521,2017,65 bis unter 70 Jahre,m,14468
14521,2017,unter 5 Jahre,m,7041
14521,2017,unter 5 Jahre,f,6815
14521,2017,55 bis unter 60 Jahre,m,13944
14521,2017,55 bis unter 60 Jahre,f,14249
14521,2017,20 bis unter 25 Jahre,m,5058
14521,2017,20 bis unter 25 Jahre,f,4210
14521,2017,75 bis unter 80 Jahre,f,12390
14521,2017,75 bis unter 80 Jahre,m,9019
14521,2017,85 bis unter 90 Jahre,m,2838
14521,2017,85 bis unter 90 Jahre,f,5797
14521,2017,30 bis unter 35 Jahre,f,8787
14521,2017,30 bis unter 35 Jahre,m,9617
14521,2017,15 bis unter 20 Jahre,f,6460
14521,2017,15 bis unter 20 Jahre,m,7133
14521,2017,95 Jahre und mehr,f,685
14521,2017,95 Jahre und mehr,m,136
14521,2017,35 bis unter 40 Jahre,f,9455
14521,2017,35 bis unter 40 Jahre,m,10706
14521,2017,90 bis unter 95 Jahre,m,854
14521,2017,90 bis unter 95 Jahre,f,2592
14521,2017,70 bis unter 75 Jahre,m,8571
14521,2017,70 bis unter 75 Jahre,f,9557
14521,2017,45 bis unter 50 Jahre,m,11658
14521,2017,45 bis unter 50 Jahre,f,10554
14521,2017,60 bis unter 65 Jahre,f,15103
14521,2017,60 bis unter 65 Jahre,m,14222
14522,2017,35 bis unter 40 Jahre,f,8266
14522,2017,35 bis unter 40 Jahre,m,9812
14522,2017,unter 5 Jahre,f,6227
14522,2017,unter 5 Jahre,m,6607
14522,2017,15 bis unter 20 Jahre,f,5696
14522,2017,15 bis unter 20 Jahre,m,6463
14522,2017,20 bis unter 25 Jahre,f,4208
14522,2017,20 bis unter 25 Jahre,m,5556
14522,2017,55 bis unter 60 Jahre,f,12917
14522,2017,55 bis unter 60 Jahre,m,12851
14522,2017,40 bis unter 45 Jahre,f,7491
14522,2017,40 bis unter 45 Jahre,m,8593
14522,2017,60 bis unter 65 Jahre,f,12513
14522,2017,60 bis unter 65 Jahre,m,12159
14522,2017,90 bis unter 95 Jahre,m,752
14522,2017,90 bis unter 95 Jahre,f,2342
14522,2017,75 bis unter 80 Jahre,f,11403
14522,2017,75 bis unter 80 Jahre,m,8840
14522,2017,95 Jahre und mehr,m,128
14522,2017,95 Jahre und mehr,f,626
14522,2017,50 bis unter 55 Jahre,m,12885
14522,2017,50 bis unter 55 Jahre,f,12242
14522,2017,45 bis unter 50 Jahre,m,10872
14522,2017,45 bis unter 50 Jahre,f,9892
14522,2017,70 bis unter 75 Jahre,m,7609
14522,2017,70 bis unter 75 Jahre,f,8793
14522,2017,25 bis unter 30 Jahre,m,8039
14522,2017,25 bis unter 30 Jahre,f,6330
14522,2017,80 bis unter 85 Jahre,f,8402
14522,2017,80 bis unter 85 Jahre,m,5691
14522,2017,10 bis unter 15 Jahre,f,6089
14522,2017,10 bis unter 15 Jahre,m,6445
14522,2017,5 bis unter 10 Jahre,m,6767
14522,2017,5 bis unter 10 Jahre,f,6513
14522,2017,65 bis unter 70 Jahre,f,11591
14522,2017,65 bis unter 70 Jahre,m,10951
14522,2017,30 bis unter 35 Jahre,m,9451
14522,2017,30 bis unter 35 Jahre,f,8187
14522,2017,85 bis unter 90 Jahre,m,2683
14522,2017,85 bis unter 90 Jahre,f,5271
14523,2017,30 bis unter 35 Jahre,f,5918
14523,2017,30 bis unter 35 Jahre,m,6558
14523,2017,65 bis unter 70 Jahre,f,9463
14523,2017,65 bis unter 70 Jahre,m,8369
14523,2017,50 bis unter 55 Jahre,f,9281
14523,2017,50 bis unter 55 Jahre,m,9469
14523,2017,5 bis unter 10 Jahre,m,4750
14523,2017,5 bis unter 10 Jahre,f,4387
14523,2017,25 bis unter 30 Jahre,m,5181
14523,2017,25 bis unter 30 Jahre,f,4574
14523,2017,85 bis unter 90 Jahre,f,3958
14523,2017,85 bis unter 90 Jahre,m,1840
14523,2017,90 bis unter 95 Jahre,f,1947
14523,2017,90 bis unter 95 Jahre,m,527
14523,2017,95 Jahre und mehr,m,95
14523,2017,95 Jahre und mehr,f,494
14523,2017,10 bis unter 15 Jahre,f,4359
14523,2017,10 bis unter 15 Jahre,m,4743
14523,2017,75 bis unter 80 Jahre,m,7005
14523,2017,75 bis unter 80 Jahre,f,9387
14523,2017,20 bis unter 25 Jahre,m,3622
14523,2017,20 bis unter 25 Jahre,f,2973
14523,2017,40 bis unter 45 Jahre,f,5541
14523,2017,40 bis unter 45 Jahre,m,6242
14523,2017,55 bis unter 60 Jahre,f,9623
14523,2017,55 bis unter 60 Jahre,m,9573
14523,2017,unter 5 Jahre,f,4335
14523,2017,unter 5 Jahre,m,4544
14523,2017,35 bis unter 40 Jahre,f,5977
14523,2017,35 bis unter 40 Jahre,m,6877
14523,2017,15 bis unter 20 Jahre,f,4221
14523,2017,15 bis unter 20 Jahre,m,4784
14523,2017,60 bis unter 65 Jahre,f,9732
14523,2017,60 bis unter 65 Jahre,m,9030
14523,2017,70 bis unter 75 Jahre,m,6127
14523,2017,70 bis unter 75 Jahre,f,7426
14523,2017,80 bis unter 85 Jahre,m,4342
14523,2017,80 bis unter 85 Jahre,f,6727
14523,2017,45 bis unter 50 Jahre,m,8157
14523,2017,45 bis unter 50 Jahre,f,7426
14524,2017,15 bis unter 20 Jahre,m,6599
14524,2017,15 bis unter 20 Jahre,f,5998
14524,2017,60 bis unter 65 Jahre,f,12964
14524,2017,60 bis unter 65 Jahre,m,12080
14524,2017,40 bis unter 45 Jahre,f,7689
14524,2017,40 bis unter 45 Jahre,m,8630
14524,2017,20 bis unter 25 Jahre,f,4540
14524,2017,20 bis unter 25 Jahre,m,5506
14524,2017,35 bis unter 40 Jahre,f,8525
14524,2017,35 bis unter 40 Jahre,m,9718
14524,2017,55 bis unter 60 Jahre,m,13336
14524,2017,55 bis unter 60 Jahre,f,13164
14524,2017,75 bis unter 80 Jahre,f,12375
14524,2017,75 bis unter 80 Jahre,m,9560
14524,2017,unter 5 Jahre,m,6710
14524,2017,unter 5 Jahre,f,6364
14524,2017,80 bis unter 85 Jahre,m,5873
14524,2017,80 bis unter 85 Jahre,f,9294
14524,2017,45 bis unter 50 Jahre,f,10345
14524,2017,45 bis unter 50 Jahre,m,11259
14524,2017,95 Jahre und mehr,m,157
14524,2017,95 Jahre und mehr,f,757
14524,2017,70 bis unter 75 Jahre,m,8388
14524,2017,70 bis unter 75 Jahre,f,10181
14524,2017,5 bis unter 10 Jahre,m,6688
14524,2017,5 bis unter 10 Jahre,f,6287
14524,2017,50 bis unter 55 Jahre,f,12992
14524,2017,50 bis unter 55 Jahre,m,13243
14524,2017,10 bis unter 15 Jahre,m,6472
14524,2017,10 bis unter 15 Jahre,f,6329
14524,2017,85 bis unter 90 Jahre,f,5416
14524,2017,85 bis unter 90 Jahre,m,2638
14524,2017,90 bis unter 95 Jahre,f,2577
14524,2017,90 bis unter 95 Jahre,m,771
14524,2017,25 bis unter 30 Jahre,m,7472
14524,2017,25 bis unter 30 Jahre,f,6784
14524,2017,65 bis unter 70 Jahre,f,12841
14524,2017,65 bis unter 70 Jahre,m,11456
14524,2017,30 bis unter 35 Jahre,m,9443
14524,2017,30 bis unter 35 Jahre,f,8567
14612,2017,95 Jahre und mehr,m,240
14612,2017,95 Jahre und mehr,f,1080
14612,2017,10 bis unter 15 Jahre,f,10809
14612,2017,10 bis unter 15 Jahre,m,11437
14612,2017,45 bis unter 50 Jahre,f,15544
14612,2017,45 bis unter 50 Jahre,m,17366
14612,2017,65 bis unter 70 Jahre,f,15043
14612,2017,65 bis unter 70 Jahre,m,12447
14612,2017,85 bis unter 90 Jahre,f,6548
14612,2017,85 bis unter 90 Jahre,m,3811
14612,2017,25 bis unter 30 Jahre,f,21743
14612,2017,25 bis unter 30 Jahre,m,25237
14612,2017,80 bis unter 85 Jahre,m,8743
14612,2017,80 bis unter 85 Jahre,f,12051
14612,2017,5 bis unter 10 Jahre,m,13645
14612,2017,5 bis unter 10 Jahre,f,13072
14612,2017,50 bis unter 55 Jahre,f,17049
14612,2017,50 bis unter 55 Jahre,m,18118
14612,2017,75 bis unter 80 Jahre,m,13664
14612,2017,75 bis unter 80 Jahre,f,17616
14612,2017,20 bis unter 25 Jahre,m,18170
14612,2017,20 bis unter 25 Jahre,f,15910
14612,2017,30 bis unter 35 Jahre,m,24841
14612,2017,30 bis unter 35 Jahre,f,22009
14612,2017,unter 5 Jahre,m,15625
14612,2017,unter 5 Jahre,f,14788
14612,2017,55 bis unter 60 Jahre,f,16216
14612,2017,55 bis unter 60 Jahre,m,15991
14612,2017,40 bis unter 45 Jahre,f,14875
14612,2017,40 bis unter 45 Jahre,m,16438
14612,2017,15 bis unter 20 Jahre,f,10951
14612,2017,15 bis unter 20 Jahre,m,11874
14612,2017,35 bis unter 40 Jahre,f,19179
14612,2017,35 bis unter 40 Jahre,m,21360
14612,2017,60 bis unter 65 Jahre,f,15083
14612,2017,60 bis unter 65 Jahre,m,13588
14612,2017,90 bis unter 95 Jahre,m,1121
14612,2017,90 bis unter 95 Jahre,f,3214
14612,2017,70 bis unter 75 Jahre,m,10797
14612,2017,70 bis unter 75 Jahre,f,13779
14625,2017,55 bis unter 60 Jahre,f,13411
14625,2017,55 bis unter 60 Jahre,m,13377
14625,2017,20 bis unter 25 Jahre,f,3340
14625,2017,20 bis unter 25 Jahre,m,4120
14625,2017,35 bis unter 40 Jahre,f,8516
14625,2017,35 bis unter 40 Jahre,m,9696
14625,2017,40 bis unter 45 Jahre,f,7673
14625,2017,40 bis unter 45 Jahre,m,8927
14625,2017,75 bis unter 80 Jahre,f,11420
14625,2017,75 bis unter 80 Jahre,m,9007
14625,2017,60 bis unter 65 Jahre,f,12535
14625,2017,60 bis unter 65 Jahre,m,12175
14625,2017,15 bis unter 20 Jahre,m,6521
14625,2017,15 bis unter 20 Jahre,f,5833
14625,2017,unter 5 Jahre,f,6468
14625,2017,unter 5 Jahre,m,6808
14625,2017,50 bis unter 55 Jahre,m,12994
14625,2017,50 bis unter 55 Jahre,f,12708
14625,2017,70 bis unter 75 Jahre,m,6888
14625,2017,70 bis unter 75 Jahre,f,8258
14625,2017,25 bis unter 30 Jahre,m,6430
14625,2017,25 bis unter 30 Jahre,f,5731
14625,2017,80 bis unter 85 Jahre,f,8613
14625,2017,80 bis unter 85 Jahre,m,5734
14625,2017,10 bis unter 15 Jahre,f,6410
14625,2017,10 bis unter 15 Jahre,m,6715
14625,2017,45 bis unter 50 Jahre,f,9523
14625,2017,45 bis unter 50 Jahre,m,10635
14625,2017,30 bis unter 35 Jahre,f,7949
14625,2017,30 bis unter 35 Jahre,m,8917
14625,2017,95 Jahre und mehr,f,513
14625,2017,95 Jahre und mehr,m,116
14625,2017,5 bis unter 10 Jahre,f,6747
14625,2017,5 bis unter 10 Jahre,m,7020
14625,2017,90 bis unter 95 Jahre,f,2189
14625,2017,90 bis unter 95 Jahre,m,684
14625,2017,65 bis unter 70 Jahre,f,10633
14625,2017,65 bis unter 70 Jahre,m,10243
14625,2017,85 bis unter 90 Jahre,m,2370
14625,2017,85 bis unter 90 Jahre,f,4787
14626,2017,50 bis unter 55 Jahre,f,10494
14626,2017,50 bis unter 55 Jahre,m,10817
14626,2017,85 bis unter 90 Jahre,f,4580
14626,2017,85 bis unter 90 Jahre,m,2284
14626,2017,5 bis unter 10 Jahre,m,5467
14626,2017,5 bis unter 10 Jahre,f,5300
14626,2017,25 bis unter 30 Jahre,m,5408
14626,2017,25 bis unter 30 Jahre,f,4847
14626,2017,30 bis unter 35 Jahre,m,7152
14626,2017,30 bis unter 35 Jahre,f,6364
14626,2017,45 bis unter 50 Jahre,m,8672
14626,2017,45 bis unter 50 Jahre,f,7783
14626,2017,90 bis unter 95 Jahre,f,2152
14626,2017,90 bis unter 95 Jahre,m,617
14626,2017,10 bis unter 15 Jahre,f,5262
14626,2017,10 bis unter 15 Jahre,m,5423
14626,2017,65 bis unter 70 Jahre,f,9931
14626,2017,65 bis unter 70 Jahre,m,9073
14626,2017,20 bis unter 25 Jahre,m,3929
14626,2017,20 bis unter 25 Jahre,f,3701
14626,2017,75 bis unter 80 Jahre,m,8107
14626,2017,75 bis unter 80 Jahre,f,10513
14626,2017,15 bis unter 20 Jahre,m,5357
14626,2017,15 bis unter 20 Jahre,f,4880
14626,2017,55 bis unter 60 Jahre,f,11235
14626,2017,55 bis unter 60 Jahre,m,11364
14626,2017,60 bis unter 65 Jahre,f,10664
14626,2017,60 bis unter 65 Jahre,m,10553
14626,2017,35 bis unter 40 Jahre,f,6549
14626,2017,35 bis unter 40 Jahre,m,7543
14626,2017,40 bis unter 45 Jahre,f,6045
14626,2017,40 bis unter 45 Jahre,m,6821
14626,2017,unter 5 Jahre,m,5306
14626,2017,unter 5 Jahre,f,5076
14626,2017,80 bis unter 85 Jahre,m,5049
14626,2017,80 bis unter 85 Jahre,f,7394
14626,2017,95 Jahre und mehr,m,121
14626,2017,95 Jahre und mehr,f,565
14626,2017,70 bis unter 75 Jahre,m,6597
14626,2017,70 bis unter 75 Jahre,f,7592
14627,2017,35 bis unter 40 Jahre,m,8072
14627,2017,35 bis unter 40 Jahre,f,7088
14627,2017,80 bis unter 85 Jahre,f,6662
14627,2017,80 bis unter 85 Jahre,m,4648
14627,2017,unter 5 Jahre,m,5288
14627,2017,unter 5 Jahre,f,5169
14627,2017,15 bis unter 20 Jahre,m,5196
14627,2017,15 bis unter 20 Jahre,f,4662
14627,2017,60 bis unter 65 Jahre,f,9529
14627,2017,60 bis unter 65 Jahre,m,9310
14627,2017,40 bis unter 45 Jahre,f,6312
14627,2017,40 bis unter 45 Jahre,m,7091
14627,2017,95 Jahre und mehr,f,480
14627,2017,95 Jahre und mehr,m,93
14627,2017,55 bis unter 60 Jahre,m,10327
14627,2017,55 bis unter 60 Jahre,f,10330
14627,2017,75 bis unter 80 Jahre,f,9318
14627,2017,75 bis unter 80 Jahre,m,7231
14627,2017,70 bis unter 75 Jahre,m,5675
14627,2017,70 bis unter 75 Jahre,f,6905
14627,2017,45 bis unter 50 Jahre,f,7901
14627,2017,45 bis unter 50 Jahre,m,8724
14627,2017,25 bis unter 30 Jahre,m,5101
14627,2017,25 bis unter 30 Jahre,f,4559
14627,2017,10 bis unter 15 Jahre,m,5439
14627,2017,10 bis unter 15 Jahre,f,5406
14627,2017,65 bis unter 70 Jahre,m,7775
14627,2017,65 bis unter 70 Jahre,f,8386
14627,2017,30 bis unter 35 Jahre,m,7221
14627,2017,30 bis unter 35 Jahre,f,6458
14627,2017,90 bis unter 95 Jahre,f,1835
14627,2017,90 bis unter 95 Jahre,m,591
14627,2017,50 bis unter 55 Jahre,m,10648
14627,2017,50 bis unter 55 Jahre,f,10079
14627,2017,85 bis unter 90 Jahre,f,3950
14627,2017,85 bis unter 90 Jahre,m,2031
14627,2017,5 bis unter 10 Jahre,m,5805
14627,2017,5 bis unter 10 Jahre,f,5269
14627,2017,20 bis unter 25 Jahre,f,2871
14627,2017,20 bis unter 25 Jahre,m,3427
14628,2017,30 bis unter 35 Jahre,m,7312
14628,2017,30 bis unter 35 Jahre,f,6854
14628,2017,65 bis unter 70 Jahre,m,8229
14628,2017,65 bis unter 70 Jahre,f,8829
14628,2017,90 bis unter 95 Jahre,f,1802
14628,2017,90 bis unter 95 Jahre,m,554
14628,2017,45 bis unter 50 Jahre,m,8769
14628,2017,45 bis unter 50 Jahre,f,7870
14628,2017,50 bis unter 55 Jahre,m,10403
14628,2017,50 bis unter 55 Jahre,f,9829
14628,2017,25 bis unter 30 Jahre,m,5116
14628,2017,25 bis unter 30 Jahre,f,4988
14628,2017,10 bis unter 15 Jahre,m,5660
14628,2017,10 bis unter 15 Jahre,f,5435
14628,2017,70 bis unter 75 Jahre,f,7159
14628,2017,70 bis unter 75 Jahre,m,5956
14628,2017,5 bis unter 10 Jahre,m,5986
14628,2017,5 bis unter 10 Jahre,f,5620
14628,2017,85 bis unter 90 Jahre,f,3727
14628,2017,85 bis unter 90 Jahre,m,1939
14628,2017,15 bis unter 20 Jahre,f,4850
14628,2017,15 bis unter 20 Jahre,m,5376
14628,2017,20 bis unter 25 Jahre,f,2879
14628,2017,20 bis unter 25 Jahre,m,3533
14628,2017,40 bis unter 45 Jahre,f,6634
14628,2017,40 bis unter 45 Jahre,m,7538
14628,2017,75 bis unter 80 Jahre,m,7476
14628,2017,75 bis unter 80 Jahre,f,9133
14628,2017,55 bis unter 60 Jahre,m,10153
14628,2017,55 bis unter 60 Jahre,f,9832
14628,2017,95 Jahre und mehr,m,119
14628,2017,95 Jahre und mehr,f,569
14628,2017,60 bis unter 65 Jahre,f,9309
14628,2017,60 bis unter 65 Jahre,m,9021
14628,2017,80 bis unter 85 Jahre,m,4508
14628,2017,80 bis unter 85 Jahre,f,6480
14628,2017,unter 5 Jahre,m,5767
14628,2017,unter 5 Jahre,f,5242
14628,2017,35 bis unter 40 Jahre,f,7270
14628,2017,35 bis unter 40 Jahre,m,7692
14713,2017,5 bis unter 10 Jahre,f,12936
14713,2017,5 bis unter 10 Jahre,m,13491
14713,2017,25 bis unter 30 Jahre,f,27159
14713,2017,25 bis unter 30 Jahre,m,27599
14713,2017,80 bis unter 85 Jahre,m,8142
14713,2017,80 bis unter 85 Jahre,f,12206
14713,2017,60 bis unter 65 Jahre,m,14272
14713,2017,60 bis unter 65 Jahre,f,15857
14713,2017,45 bis unter 50 Jahre,f,15925
14713,2017,45 bis unter 50 Jahre,m,18398
14713,2017,65 bis unter 70 Jahre,f,15313
14713,2017,65 bis unter 70 Jahre,m,12631
14713,2017,20 bis unter 25 Jahre,m,17565
14713,2017,20 bis unter 25 Jahre,f,20024
14713,2017,95 Jahre und mehr,m,207
14713,2017,95 Jahre und mehr,f,1022
14713,2017,90 bis unter 95 Jahre,f,3224
14713,2017,90 bis unter 95 Jahre,m,1063
14713,2017,10 bis unter 15 Jahre,m,11063
14713,2017,10 bis unter 15 Jahre,f,10583
14713,2017,75 bis unter 80 Jahre,m,13120
14713,2017,75 bis unter 80 Jahre,f,17797
14713,2017,30 bis unter 35 Jahre,f,26134
14713,2017,30 bis unter 35 Jahre,m,28649
14713,2017,55 bis unter 60 Jahre,m,16882
14713,2017,55 bis unter 60 Jahre,f,16910
14713,2017,85 bis unter 90 Jahre,f,6884
14713,2017,85 bis unter 90 Jahre,m,3645
14713,2017,unter 5 Jahre,m,16630
14713,2017,unter 5 Jahre,f,15440
14713,2017,15 bis unter 20 Jahre,f,11485
14713,2017,15 bis unter 20 Jahre,m,11308
14713,2017,40 bis unter 45 Jahre,f,15037
14713,2017,40 bis unter 45 Jahre,m,17338
14713,2017,70 bis unter 75 Jahre,m,10647
14713,2017,70 bis unter 75 Jahre,f,13443
14713,2017,35 bis unter 40 Jahre,m,23974
14713,2017,35 bis unter 40 Jahre,f,21153
14713,2017,50 bis unter 55 Jahre,f,17671
14713,2017,50 bis unter 55 Jahre,m,19153
14729,2017,50 bis unter 55 Jahre,f,11252
14729,2017,50 bis unter 55 Jahre,m,11819
14729,2017,30 bis unter 35 Jahre,m,7251
14729,2017,30 bis unter 35 Jahre,f,7155
14729,2017,10 bis unter 15 Jahre,f,5449
14729,2017,10 bis unter 15 Jahre,m,5755
14729,2017,25 bis unter 30 Jahre,f,4963
14729,2017,25 bis unter 30 Jahre,m,5399
14729,2017,45 bis unter 50 Jahre,m,9736
14729,2017,45 bis unter 50 Jahre,f,9036
14729,2017,90 bis unter 95 Jahre,f,1707
14729,2017,90 bis unter 95 Jahre,m,522
14729,2017,5 bis unter 10 Jahre,m,6119
14729,2017,5 bis unter 10 Jahre,f,5525
14729,2017,65 bis unter 70 Jahre,f,9255
14729,2017,65 bis unter 70 Jahre,m,8714
14729,2017,85 bis unter 90 Jahre,m,1926
14729,2017,85 bis unter 90 Jahre,f,3859
14729,2017,75 bis unter 80 Jahre,m,7188
14729,2017,75 bis unter 80 Jahre,f,9403
14729,2017,20 bis unter 25 Jahre,f,3006
14729,2017,20 bis unter 25 Jahre,m,3534
14729,2017,60 bis unter 65 Jahre,f,10375
14729,2017,60 bis unter 65 Jahre,m,10088
14729,2017,95 Jahre und mehr,f,467
14729,2017,95 Jahre und mehr,m,74
14729,2017,unter 5 Jahre,m,5599
14729,2017,unter 5 Jahre,f,5357
14729,2017,40 bis unter 45 Jahre,f,6924
14729,2017,40 bis unter 45 Jahre,m,7574
14729,2017,35 bis unter 40 Jahre,m,8073
14729,2017,35 bis unter 40 Jahre,f,7565
14729,2017,80 bis unter 85 Jahre,f,6440
14729,2017,80 bis unter 85 Jahre,m,4341
14729,2017,55 bis unter 60 Jahre,f,11271
14729,2017,55 bis unter 60 Jahre,m,11358
14729,2017,15 bis unter 20 Jahre,m,5396
14729,2017,15 bis unter 20 Jahre,f,5100
14729,2017,70 bis unter 75 Jahre,m,6064
14729,2017,70 bis unter 75 Jahre,f,7369
14730,2017,75 bis unter 80 Jahre,m,5486
14730,2017,75 bis unter 80 Jahre,f,7101
14730,2017,40 bis unter 45 Jahre,m,5761
14730,2017,40 bis unter 45 Jahre,f,5048
14730,2017,20 bis unter 25 Jahre,m,3066
14730,2017,20 bis unter 25 Jahre,f,2415
14730,2017,35 bis unter 40 Jahre,m,6615
14730,2017,35 bis unter 40 Jahre,f,5738
14730,2017,60 bis unter 65 Jahre,m,8140
14730,2017,60 bis unter 65 Jahre,f,8196
14730,2017,55 bis unter 60 Jahre,m,9121
14730,2017,55 bis unter 60 Jahre,f,9016
14730,2017,80 bis unter 85 Jahre,m,3270
14730,2017,80 bis unter 85 Jahre,f,4983
14730,2017,10 bis unter 15 Jahre,f,4058
14730,2017,10 bis unter 15 Jahre,m,4257
14730,2017,unter 5 Jahre,f,4064
14730,2017,unter 5 Jahre,m,4288
14730,2017,65 bis unter 70 Jahre,f,6801
14730,2017,65 bis unter 70 Jahre,m,6465
14730,2017,30 bis unter 35 Jahre,f,5508
14730,2017,30 bis unter 35 Jahre,m,6139
14730,2017,5 bis unter 10 Jahre,f,4164
14730,2017,5 bis unter 10 Jahre,m,4395
14730,2017,90 bis unter 95 Jahre,m,397
14730,2017,90 bis unter 95 Jahre,f,1289
14730,2017,85 bis unter 90 Jahre,f,3015
14730,2017,85 bis unter 90 Jahre,m,1413
14730,2017,50 bis unter 55 Jahre,f,8557
14730,2017,50 bis unter 55 Jahre,m,8962
14730,2017,15 bis unter 20 Jahre,f,3638
14730,2017,15 bis unter 20 Jahre,m,4333
14730,2017,70 bis unter 75 Jahre,m,4199
14730,2017,70 bis unter 75 Jahre,f,4959
14730,2017,45 bis unter 50 Jahre,m,7306
14730,2017,45 bis unter 50 Jahre,f,6704
14730,2017,95 Jahre und mehr,m,68
14730,2017,95 Jahre und mehr,f,327
14730,2017,25 bis unter 30 Jahre,f,3925
14730,2017,25 bis unter 30 Jahre,m,4607
15001,2017,40 bis unter 45 Jahre,f,1848
15001,2017,40 bis unter 45 Jahre,m,2003
15001,2017,55 bis unter 60 Jahre,f,3414
15001,2017,55 bis unter 60 Jahre,m,3490
15001,2017,80 bis unter 85 Jahre,f,2549
15001,2017,80 bis unter 85 Jahre,m,1831
15001,2017,35 bis unter 40 Jahre,m,2350
15001,2017,35 bis unter 40 Jahre,f,2060
15001,2017,15 bis unter 20 Jahre,m,1583
15001,2017,15 bis unter 20 Jahre,f,1328
15001,2017,60 bis unter 65 Jahre,f,3335
15001,2017,60 bis unter 65 Jahre,m,3076
15001,2017,75 bis unter 80 Jahre,f,3745
15001,2017,75 bis unter 80 Jahre,m,2950
15001,2017,20 bis unter 25 Jahre,m,1379
15001,2017,20 bis unter 25 Jahre,f,1272
15001,2017,unter 5 Jahre,f,1534
15001,2017,unter 5 Jahre,m,1621
15001,2017,85 bis unter 90 Jahre,m,674
15001,2017,85 bis unter 90 Jahre,f,1320
15001,2017,5 bis unter 10 Jahre,f,1441
15001,2017,5 bis unter 10 Jahre,m,1621
15001,2017,90 bis unter 95 Jahre,m,188
15001,2017,90 bis unter 95 Jahre,f,616
15001,2017,65 bis unter 70 Jahre,m,2773
15001,2017,65 bis unter 70 Jahre,f,3335
15001,2017,10 bis unter 15 Jahre,m,1510
15001,2017,10 bis unter 15 Jahre,f,1385
15001,2017,50 bis unter 55 Jahre,f,3356
15001,2017,50 bis unter 55 Jahre,m,3412
15001,2017,30 bis unter 35 Jahre,f,2140
15001,2017,30 bis unter 35 Jahre,m,2401
15001,2017,25 bis unter 30 Jahre,f,1966
15001,2017,25 bis unter 30 Jahre,m,2095
15001,2017,45 bis unter 50 Jahre,m,2653
15001,2017,45 bis unter 50 Jahre,f,2579
15001,2017,95 Jahre und mehr,f,168
15001,2017,95 Jahre und mehr,m,25
15001,2017,70 bis unter 75 Jahre,m,2298
15001,2017,70 bis unter 75 Jahre,f,2787
15002,2017,70 bis unter 75 Jahre,f,6892
15002,2017,70 bis unter 75 Jahre,m,5384
15002,2017,45 bis unter 50 Jahre,m,7683
15002,2017,45 bis unter 50 Jahre,f,7067
15002,2017,25 bis unter 30 Jahre,m,9625
15002,2017,25 bis unter 30 Jahre,f,9008
15002,2017,90 bis unter 95 Jahre,f,1437
15002,2017,90 bis unter 95 Jahre,m,429
15002,2017,95 Jahre und mehr,m,76
15002,2017,95 Jahre und mehr,f,392
15002,2017,65 bis unter 70 Jahre,m,6304
15002,2017,65 bis unter 70 Jahre,f,8089
15002,2017,10 bis unter 15 Jahre,f,4558
15002,2017,10 bis unter 15 Jahre,m,4873
15002,2017,5 bis unter 10 Jahre,m,5431
15002,2017,5 bis unter 10 Jahre,f,5217
15002,2017,50 bis unter 55 Jahre,f,7834
15002,2017,50 bis unter 55 Jahre,m,8005
15002,2017,30 bis unter 35 Jahre,m,9328
15002,2017,30 bis unter 35 Jahre,f,8440
15002,2017,35 bis unter 40 Jahre,f,7076
15002,2017,35 bis unter 40 Jahre,m,8018
15002,2017,60 bis unter 65 Jahre,m,6806
15002,2017,60 bis unter 65 Jahre,f,7996
15002,2017,55 bis unter 60 Jahre,f,7663
15002,2017,55 bis unter 60 Jahre,m,7316
15002,2017,80 bis unter 85 Jahre,f,5526
15002,2017,80 bis unter 85 Jahre,m,3575
15002,2017,20 bis unter 25 Jahre,m,7645
15002,2017,20 bis unter 25 Jahre,f,8374
15002,2017,15 bis unter 20 Jahre,m,5309
15002,2017,15 bis unter 20 Jahre,f,5210
15002,2017,40 bis unter 45 Jahre,f,5737
15002,2017,40 bis unter 45 Jahre,m,6345
15002,2017,unter 5 Jahre,m,5872
15002,2017,unter 5 Jahre,f,5478
15002,2017,75 bis unter 80 Jahre,f,8311
15002,2017,75 bis unter 80 Jahre,m,6265
15002,2017,85 bis unter 90 Jahre,m,1482
15002,2017,85 bis unter 90 Jahre,f,3097
15003,2017,75 bis unter 80 Jahre,m,6312
15003,2017,75 bis unter 80 Jahre,f,8590
15003,2017,20 bis unter 25 Jahre,m,8004
15003,2017,20 bis unter 25 Jahre,f,6835
15003,2017,unter 5 Jahre,m,5905
15003,2017,unter 5 Jahre,f,5339
15003,2017,80 bis unter 85 Jahre,m,3773
15003,2017,80 bis unter 85 Jahre,f,5882
15003,2017,15 bis unter 20 Jahre,m,5130
15003,2017,15 bis unter 20 Jahre,f,4370
15003,2017,60 bis unter 65 Jahre,f,8081
15003,2017,60 bis unter 65 Jahre,m,6987
15003,2017,55 bis unter 60 Jahre,m,8049
15003,2017,55 bis unter 60 Jahre,f,8279
15003,2017,25 bis unter 30 Jahre,f,8555
15003,2017,25 bis unter 30 Jahre,m,10286
15003,2017,40 bis unter 45 Jahre,m,6135
15003,2017,40 bis unter 45 Jahre,f,5543
15003,2017,85 bis unter 90 Jahre,f,3093
15003,2017,85 bis unter 90 Jahre,m,1536
15003,2017,95 Jahre und mehr,f,410
15003,2017,95 Jahre und mehr,m,75
15003,2017,5 bis unter 10 Jahre,f,4975
15003,2017,5 bis unter 10 Jahre,m,5209
15003,2017,30 bis unter 35 Jahre,f,8223
15003,2017,30 bis unter 35 Jahre,m,9668
15003,2017,65 bis unter 70 Jahre,m,6278
15003,2017,65 bis unter 70 Jahre,f,7867
15003,2017,10 bis unter 15 Jahre,m,4584
15003,2017,10 bis unter 15 Jahre,f,4280
15003,2017,90 bis unter 95 Jahre,f,1374
15003,2017,90 bis unter 95 Jahre,m,437
15003,2017,70 bis unter 75 Jahre,m,5255
15003,2017,70 bis unter 75 Jahre,f,6681
15003,2017,50 bis unter 55 Jahre,m,8506
15003,2017,50 bis unter 55 Jahre,f,8413
15003,2017,45 bis unter 50 Jahre,m,7570
15003,2017,45 bis unter 50 Jahre,f,7013
15003,2017,35 bis unter 40 Jahre,f,6998
15003,2017,35 bis unter 40 Jahre,m,7978
15081,2017,5 bis unter 10 Jahre,f,1778
15081,2017,5 bis unter 10 Jahre,m,1867
15081,2017,25 bis unter 30 Jahre,f,1819
15081,2017,25 bis unter 30 Jahre,m,2104
15081,2017,10 bis unter 15 Jahre,f,1711
15081,2017,10 bis unter 15 Jahre,m,1830
15081,2017,40 bis unter 45 Jahre,m,2316
15081,2017,40 bis unter 45 Jahre,f,2011
15081,2017,65 bis unter 70 Jahre,f,2819
15081,2017,65 bis unter 70 Jahre,m,2672
15081,2017,55 bis unter 60 Jahre,m,4131
15081,2017,55 bis unter 60 Jahre,f,4100
15081,2017,50 bis unter 55 Jahre,f,3834
15081,2017,50 bis unter 55 Jahre,m,4089
15081,2017,80 bis unter 85 Jahre,m,1266
15081,2017,80 bis unter 85 Jahre,f,2173
15081,2017,60 bis unter 65 Jahre,f,3492
15081,2017,60 bis unter 65 Jahre,m,3622
15081,2017,15 bis unter 20 Jahre,m,1919
15081,2017,15 bis unter 20 Jahre,f,1628
15081,2017,70 bis unter 75 Jahre,f,1922
15081,2017,70 bis unter 75 Jahre,m,1638
15081,2017,35 bis unter 40 Jahre,m,2739
15081,2017,35 bis unter 40 Jahre,f,2289
15081,2017,90 bis unter 95 Jahre,f,499
15081,2017,90 bis unter 95 Jahre,m,149
15081,2017,45 bis unter 50 Jahre,m,3104
15081,2017,45 bis unter 50 Jahre,f,2797
15081,2017,95 Jahre und mehr,m,26
15081,2017,95 Jahre und mehr,f,106
15081,2017,85 bis unter 90 Jahre,m,556
15081,2017,85 bis unter 90 Jahre,f,1086
15081,2017,30 bis unter 35 Jahre,m,2651
15081,2017,30 bis unter 35 Jahre,f,2377
15081,2017,unter 5 Jahre,f,1774
15081,2017,unter 5 Jahre,m,1864
15081,2017,75 bis unter 80 Jahre,f,2870
15081,2017,75 bis unter 80 Jahre,m,2178
15081,2017,20 bis unter 25 Jahre,m,1431
15081,2017,20 bis unter 25 Jahre,f,1220
15082,2017,15 bis unter 20 Jahre,f,2821
15082,2017,15 bis unter 20 Jahre,m,3246
15082,2017,unter 5 Jahre,f,2991
15082,2017,unter 5 Jahre,m,3120
15082,2017,35 bis unter 40 Jahre,f,4272
15082,2017,35 bis unter 40 Jahre,m,4914
15082,2017,20 bis unter 25 Jahre,f,2178
15082,2017,20 bis unter 25 Jahre,m,2852
15082,2017,75 bis unter 80 Jahre,f,6484
15082,2017,75 bis unter 80 Jahre,m,4855
15082,2017,60 bis unter 65 Jahre,f,6984
15082,2017,60 bis unter 65 Jahre,m,6812
15082,2017,90 bis unter 95 Jahre,m,273
15082,2017,90 bis unter 95 Jahre,f,993
15082,2017,10 bis unter 15 Jahre,m,3073
15082,2017,10 bis unter 15 Jahre,f,2947
15082,2017,30 bis unter 35 Jahre,m,4730
15082,2017,30 bis unter 35 Jahre,f,4232
15082,2017,65 bis unter 70 Jahre,m,5615
15082,2017,65 bis unter 70 Jahre,f,6165
15082,2017,85 bis unter 90 Jahre,f,2549
15082,2017,85 bis unter 90 Jahre,m,1160
15082,2017,40 bis unter 45 Jahre,f,3807
15082,2017,40 bis unter 45 Jahre,m,4458
15082,2017,5 bis unter 10 Jahre,f,2982
15082,2017,5 bis unter 10 Jahre,m,3145
15082,2017,95 Jahre und mehr,m,48
15082,2017,95 Jahre und mehr,f,267
15082,2017,80 bis unter 85 Jahre,m,2801
15082,2017,80 bis unter 85 Jahre,f,4366
15082,2017,50 bis unter 55 Jahre,f,6998
15082,2017,50 bis unter 55 Jahre,m,7065
15082,2017,55 bis unter 60 Jahre,m,7356
15082,2017,55 bis unter 60 Jahre,f,7547
15082,2017,25 bis unter 30 Jahre,f,3354
15082,2017,25 bis unter 30 Jahre,m,3910
15082,2017,45 bis unter 50 Jahre,m,5949
15082,2017,45 bis unter 50 Jahre,f,5535
15082,2017,70 bis unter 75 Jahre,f,4626
15082,2017,70 bis unter 75 Jahre,m,3784
15083,2017,10 bis unter 15 Jahre,f,3467
15083,2017,10 bis unter 15 Jahre,m,3796
15083,2017,45 bis unter 50 Jahre,f,6091
15083,2017,45 bis unter 50 Jahre,m,6768
15083,2017,30 bis unter 35 Jahre,f,5131
15083,2017,30 bis unter 35 Jahre,m,5450
15083,2017,5 bis unter 10 Jahre,m,3859
15083,2017,5 bis unter 10 Jahre,f,3680
15083,2017,95 Jahre und mehr,m,41
15083,2017,95 Jahre und mehr,f,246
15083,2017,85 bis unter 90 Jahre,f,2167
15083,2017,85 bis unter 90 Jahre,m,981
15083,2017,65 bis unter 70 Jahre,f,5957
15083,2017,65 bis unter 70 Jahre,m,5856
15083,2017,50 bis unter 55 Jahre,f,7650
15083,2017,50 bis unter 55 Jahre,m,8055
15083,2017,25 bis unter 30 Jahre,f,3752
15083,2017,25 bis unter 30 Jahre,m,4123
15083,2017,60 bis unter 65 Jahre,m,7253
15083,2017,60 bis unter 65 Jahre,f,7275
15083,2017,80 bis unter 85 Jahre,m,2399
15083,2017,80 bis unter 85 Jahre,f,3954
15083,2017,90 bis unter 95 Jahre,f,912
15083,2017,90 bis unter 95 Jahre,m,271
15083,2017,70 bis unter 75 Jahre,f,3994
15083,2017,70 bis unter 75 Jahre,m,3595
15083,2017,35 bis unter 40 Jahre,m,5907
15083,2017,35 bis unter 40 Jahre,f,5150
15083,2017,55 bis unter 60 Jahre,f,8103
15083,2017,55 bis unter 60 Jahre,m,8202
15083,2017,20 bis unter 25 Jahre,f,2159
15083,2017,20 bis unter 25 Jahre,m,2869
15083,2017,15 bis unter 20 Jahre,f,3319
15083,2017,15 bis unter 20 Jahre,m,3758
15083,2017,unter 5 Jahre,f,3694
15083,2017,unter 5 Jahre,m,3765
15083,2017,75 bis unter 80 Jahre,f,5272
15083,2017,75 bis unter 80 Jahre,m,4164
15083,2017,40 bis unter 45 Jahre,m,4999
15083,2017,40 bis unter 45 Jahre,f,4535
15084,2017,40 bis unter 45 Jahre,f,4072
15084,2017,40 bis unter 45 Jahre,m,4864
15084,2017,75 bis unter 80 Jahre,f,7082
15084,2017,75 bis unter 80 Jahre,m,5380
15084,2017,20 bis unter 25 Jahre,f,2299
15084,2017,20 bis unter 25 Jahre,m,3055
15084,2017,55 bis unter 60 Jahre,m,8274
15084,2017,55 bis unter 60 Jahre,f,8175
15084,2017,15 bis unter 20 Jahre,m,3623
15084,2017,15 bis unter 20 Jahre,f,3111
15084,2017,60 bis unter 65 Jahre,f,7767
15084,2017,60 bis unter 65 Jahre,m,7501
15084,2017,unter 5 Jahre,m,3693
15084,2017,unter 5 Jahre,f,3407
15084,2017,90 bis unter 95 Jahre,m,358
15084,2017,90 bis unter 95 Jahre,f,1248
15084,2017,35 bis unter 40 Jahre,f,4931
15084,2017,35 bis unter 40 Jahre,m,5890
15084,2017,30 bis unter 35 Jahre,m,5666
15084,2017,30 bis unter 35 Jahre,f,4832
15084,2017,5 bis unter 10 Jahre,f,3370
15084,2017,5 bis unter 10 Jahre,m,3666
15084,2017,85 bis unter 90 Jahre,m,1426
15084,2017,85 bis unter 90 Jahre,f,3117
15084,2017,25 bis unter 30 Jahre,m,4678
15084,2017,25 bis unter 30 Jahre,f,3792
15084,2017,65 bis unter 70 Jahre,f,6686
15084,2017,65 bis unter 70 Jahre,m,6150
15084,2017,70 bis unter 75 Jahre,f,5052
15084,2017,70 bis unter 75 Jahre,m,4335
15084,2017,10 bis unter 15 Jahre,m,3582
15084,2017,10 bis unter 15 Jahre,f,3344
15084,2017,45 bis unter 50 Jahre,f,5953
15084,2017,45 bis unter 50 Jahre,m,6706
15084,2017,50 bis unter 55 Jahre,f,7727
15084,2017,50 bis unter 55 Jahre,m,8222
15084,2017,95 Jahre und mehr,f,292
15084,2017,95 Jahre und mehr,m,52
15084,2017,80 bis unter 85 Jahre,m,3289
15084,2017,80 bis unter 85 Jahre,f,5301
15085,2017,25 bis unter 30 Jahre,m,5378
15085,2017,25 bis unter 30 Jahre,f,4505
15085,2017,10 bis unter 15 Jahre,m,4371
15085,2017,10 bis unter 15 Jahre,f,3911
15085,2017,70 bis unter 75 Jahre,f,6538
15085,2017,70 bis unter 75 Jahre,m,5463
15085,2017,50 bis unter 55 Jahre,f,9254
15085,2017,50 bis unter 55 Jahre,m,9573
15085,2017,5 bis unter 10 Jahre,m,4267
15085,2017,5 bis unter 10 Jahre,f,4059
15085,2017,30 bis unter 35 Jahre,f,5691
15085,2017,30 bis unter 35 Jahre,m,6363
15085,2017,45 bis unter 50 Jahre,f,7303
15085,2017,45 bis unter 50 Jahre,m,7753
15085,2017,65 bis unter 70 Jahre,m,7590
15085,2017,65 bis unter 70 Jahre,f,8338
15085,2017,85 bis unter 90 Jahre,f,3415
15085,2017,85 bis unter 90 Jahre,m,1541
15085,2017,90 bis unter 95 Jahre,m,422
15085,2017,90 bis unter 95 Jahre,f,1538
15085,2017,80 bis unter 85 Jahre,m,3669
15085,2017,80 bis unter 85 Jahre,f,5790
15085,2017,60 bis unter 65 Jahre,m,8898
15085,2017,60 bis unter 65 Jahre,f,9215
15085,2017,unter 5 Jahre,f,3926
15085,2017,unter 5 Jahre,m,4231
15085,2017,55 bis unter 60 Jahre,f,9843
15085,2017,55 bis unter 60 Jahre,m,9632
15085,2017,35 bis unter 40 Jahre,m,6449
15085,2017,35 bis unter 40 Jahre,f,5981
15085,2017,15 bis unter 20 Jahre,m,4672
15085,2017,15 bis unter 20 Jahre,f,4053
15085,2017,20 bis unter 25 Jahre,m,3724
15085,2017,20 bis unter 25 Jahre,f,3071
15085,2017,95 Jahre und mehr,m,81
15085,2017,95 Jahre und mehr,f,350
15085,2017,40 bis unter 45 Jahre,m,5719
15085,2017,40 bis unter 45 Jahre,f,5024
15085,2017,75 bis unter 80 Jahre,f,8359
15085,2017,75 bis unter 80 Jahre,m,6339
15086,2017,20 bis unter 25 Jahre,m,1411
15086,2017,20 bis unter 25 Jahre,f,1085
15086,2017,75 bis unter 80 Jahre,m,2437
15086,2017,75 bis unter 80 Jahre,f,3205
15086,2017,55 bis unter 60 Jahre,m,4604
15086,2017,55 bis unter 60 Jahre,f,4377
15086,2017,35 bis unter 40 Jahre,m,2835
15086,2017,35 bis unter 40 Jahre,f,2499
15086,2017,unter 5 Jahre,m,1942
15086,2017,unter 5 Jahre,f,1843
15086,2017,80 bis unter 85 Jahre,f,2396
15086,2017,80 bis unter 85 Jahre,m,1484
15086,2017,40 bis unter 45 Jahre,m,2537
15086,2017,40 bis unter 45 Jahre,f,2221
15086,2017,15 bis unter 20 Jahre,m,1999
15086,2017,15 bis unter 20 Jahre,f,1668
15086,2017,95 Jahre und mehr,f,149
15086,2017,95 Jahre und mehr,m,35
15086,2017,60 bis unter 65 Jahre,f,3895
15086,2017,60 bis unter 65 Jahre,m,3850
15086,2017,25 bis unter 30 Jahre,f,1763
15086,2017,25 bis unter 30 Jahre,m,2062
15086,2017,30 bis unter 35 Jahre,f,2312
15086,2017,30 bis unter 35 Jahre,m,2764
15086,2017,5 bis unter 10 Jahre,f,1884
15086,2017,5 bis unter 10 Jahre,m,1847
15086,2017,50 bis unter 55 Jahre,f,4093
15086,2017,50 bis unter 55 Jahre,m,4232
15086,2017,65 bis unter 70 Jahre,m,3062
15086,2017,65 bis unter 70 Jahre,f,3117
15086,2017,10 bis unter 15 Jahre,m,1808
15086,2017,10 bis unter 15 Jahre,f,1710
15086,2017,85 bis unter 90 Jahre,m,631
15086,2017,85 bis unter 90 Jahre,f,1262
15086,2017,90 bis unter 95 Jahre,m,153
15086,2017,90 bis unter 95 Jahre,f,502
15086,2017,70 bis unter 75 Jahre,f,2350
15086,2017,70 bis unter 75 Jahre,m,2037
15086,2017,45 bis unter 50 Jahre,f,3063
15086,2017,45 bis unter 50 Jahre,m,3341
15087,2017,50 bis unter 55 Jahre,m,6065
15087,2017,50 bis unter 55 Jahre,f,5989
15087,2017,90 bis unter 95 Jahre,m,274
15087,2017,90 bis unter 95 Jahre,f,941
15087,2017,85 bis unter 90 Jahre,m,1147
15087,2017,85 bis unter 90 Jahre,f,2295
15087,2017,70 bis unter 75 Jahre,m,3642
15087,2017,70 bis unter 75 Jahre,f,4259
15087,2017,65 bis unter 70 Jahre,m,5056
15087,2017,65 bis unter 70 Jahre,f,5547
15087,2017,25 bis unter 30 Jahre,m,3043
15087,2017,25 bis unter 30 Jahre,f,2682
15087,2017,95 Jahre und mehr,m,40
15087,2017,95 Jahre und mehr,f,199
15087,2017,10 bis unter 15 Jahre,m,2638
15087,2017,10 bis unter 15 Jahre,f,2540
15087,2017,75 bis unter 80 Jahre,f,5531
15087,2017,75 bis unter 80 Jahre,m,4373
15087,2017,20 bis unter 25 Jahre,f,1571
15087,2017,20 bis unter 25 Jahre,m,2103
15087,2017,55 bis unter 60 Jahre,f,6334
15087,2017,55 bis unter 60 Jahre,m,6444
15087,2017,45 bis unter 50 Jahre,m,4878
15087,2017,45 bis unter 50 Jahre,f,4548
15087,2017,unter 5 Jahre,f,2409
15087,2017,unter 5 Jahre,m,2501
15087,2017,80 bis unter 85 Jahre,m,2496
15087,2017,80 bis unter 85 Jahre,f,4052
15087,2017,60 bis unter 65 Jahre,m,6061
15087,2017,60 bis unter 65 Jahre,f,6167
15087,2017,40 bis unter 45 Jahre,m,3686
15087,2017,40 bis unter 45 Jahre,f,3173
15087,2017,5 bis unter 10 Jahre,f,2553
15087,2017,5 bis unter 10 Jahre,m,2714
15087,2017,35 bis unter 40 Jahre,m,4012
15087,2017,35 bis unter 40 Jahre,f,3506
15087,2017,30 bis unter 35 Jahre,f,3378
15087,2017,30 bis unter 35 Jahre,m,3916
15087,2017,15 bis unter 20 Jahre,m,2834
15087,2017,15 bis unter 20 Jahre,f,2416
15088,2017,80 bis unter 85 Jahre,m,2739
15088,2017,80 bis unter 85 Jahre,f,4376
15088,2017,45 bis unter 50 Jahre,f,6679
15088,2017,45 bis unter 50 Jahre,m,7139
15088,2017,75 bis unter 80 Jahre,m,5004
15088,2017,75 bis unter 80 Jahre,f,6314
15088,2017,20 bis unter 25 Jahre,m,3021
15088,2017,20 bis unter 25 Jahre,f,2443
15088,2017,60 bis unter 65 Jahre,m,7494
15088,2017,60 bis unter 65 Jahre,f,7985
15088,2017,5 bis unter 10 Jahre,f,3941
15088,2017,5 bis unter 10 Jahre,m,4181
15088,2017,35 bis unter 40 Jahre,m,6120
15088,2017,35 bis unter 40 Jahre,f,5449
15088,2017,30 bis unter 35 Jahre,f,5162
15088,2017,30 bis unter 35 Jahre,m,5541
15088,2017,15 bis unter 20 Jahre,m,3891
15088,2017,15 bis unter 20 Jahre,f,3431
15088,2017,70 bis unter 75 Jahre,f,4879
15088,2017,70 bis unter 75 Jahre,m,4403
15088,2017,25 bis unter 30 Jahre,m,4351
15088,2017,25 bis unter 30 Jahre,f,3893
15088,2017,50 bis unter 55 Jahre,f,8038
15088,2017,50 bis unter 55 Jahre,m,8359
15088,2017,40 bis unter 45 Jahre,f,4687
15088,2017,40 bis unter 45 Jahre,m,5297
15088,2017,95 Jahre und mehr,m,49
15088,2017,95 Jahre und mehr,f,217
15088,2017,90 bis unter 95 Jahre,m,297
15088,2017,90 bis unter 95 Jahre,f,1016
15088,2017,55 bis unter 60 Jahre,f,8199
15088,2017,55 bis unter 60 Jahre,m,8386
15088,2017,85 bis unter 90 Jahre,m,1164
15088,2017,85 bis unter 90 Jahre,f,2545
15088,2017,10 bis unter 15 Jahre,m,3987
15088,2017,10 bis unter 15 Jahre,f,3638
15088,2017,unter 5 Jahre,m,3877
15088,2017,unter 5 Jahre,f,3770
15088,2017,65 bis unter 70 Jahre,m,6567
15088,2017,65 bis unter 70 Jahre,f,6965
15089,2017,15 bis unter 20 Jahre,f,3490
15089,2017,15 bis unter 20 Jahre,m,3940
15089,2017,35 bis unter 40 Jahre,f,5071
15089,2017,35 bis unter 40 Jahre,m,5827
15089,2017,20 bis unter 25 Jahre,f,2764
15089,2017,20 bis unter 25 Jahre,m,3369
15089,2017,unter 5 Jahre,f,3622
15089,2017,unter 5 Jahre,m,3829
15089,2017,40 bis unter 45 Jahre,f,4407
15089,2017,40 bis unter 45 Jahre,m,5003
15089,2017,70 bis unter 75 Jahre,m,4734
15089,2017,70 bis unter 75 Jahre,f,5823
15089,2017,85 bis unter 90 Jahre,m,1324
15089,2017,85 bis unter 90 Jahre,f,3021
15089,2017,95 Jahre und mehr,f,312
15089,2017,95 Jahre und mehr,m,67
15089,2017,55 bis unter 60 Jahre,f,8928
15089,2017,55 bis unter 60 Jahre,m,8624
15089,2017,80 bis unter 85 Jahre,f,5281
15089,2017,80 bis unter 85 Jahre,m,3230
15089,2017,45 bis unter 50 Jahre,m,7228
15089,2017,45 bis unter 50 Jahre,f,6573
15089,2017,90 bis unter 95 Jahre,f,1306
15089,2017,90 bis unter 95 Jahre,m,339
15089,2017,10 bis unter 15 Jahre,m,3803
15089,2017,10 bis unter 15 Jahre,f,3626
15089,2017,65 bis unter 70 Jahre,m,6561
15089,2017,65 bis unter 70 Jahre,f,7271
15089,2017,75 bis unter 80 Jahre,m,5833
15089,2017,75 bis unter 80 Jahre,f,7667
15089,2017,25 bis unter 30 Jahre,f,4085
15089,2017,25 bis unter 30 Jahre,m,4673
15089,2017,30 bis unter 35 Jahre,f,5003
15089,2017,30 bis unter 35 Jahre,m,5715
15089,2017,60 bis unter 65 Jahre,m,7814
15089,2017,60 bis unter 65 Jahre,f,8144
15089,2017,5 bis unter 10 Jahre,f,3683
15089,2017,5 bis unter 10 Jahre,m,3789
15089,2017,50 bis unter 55 Jahre,m,8560
15089,2017,50 bis unter 55 Jahre,f,8400
15090,2017,50 bis unter 55 Jahre,f,5140
15090,2017,50 bis unter 55 Jahre,m,5273
15090,2017,85 bis unter 90 Jahre,f,1523
15090,2017,85 bis unter 90 Jahre,m,731
15090,2017,5 bis unter 10 Jahre,m,2397
15090,2017,5 bis unter 10 Jahre,f,2328
15090,2017,65 bis unter 70 Jahre,f,3953
15090,2017,65 bis unter 70 Jahre,m,3751
15090,2017,10 bis unter 15 Jahre,m,2359
15090,2017,10 bis unter 15 Jahre,f,2229
15090,2017,25 bis unter 30 Jahre,m,2898
15090,2017,25 bis unter 30 Jahre,f,2532
15090,2017,70 bis unter 75 Jahre,f,2860
15090,2017,70 bis unter 75 Jahre,m,2466
15090,2017,45 bis unter 50 Jahre,f,3906
15090,2017,45 bis unter 50 Jahre,m,4053
15090,2017,30 bis unter 35 Jahre,f,3053
15090,2017,30 bis unter 35 Jahre,m,3559
15090,2017,80 bis unter 85 Jahre,m,1858
15090,2017,80 bis unter 85 Jahre,f,2910
15090,2017,90 bis unter 95 Jahre,m,194
15090,2017,90 bis unter 95 Jahre,f,657
15090,2017,55 bis unter 60 Jahre,m,5500
15090,2017,55 bis unter 60 Jahre,f,5546
15090,2017,unter 5 Jahre,f,2225
15090,2017,unter 5 Jahre,m,2336
15090,2017,40 bis unter 45 Jahre,f,2635
15090,2017,40 bis unter 45 Jahre,m,2928
15090,2017,75 bis unter 80 Jahre,f,3969
15090,2017,75 bis unter 80 Jahre,m,3028
15090,2017,15 bis unter 20 Jahre,m,2561
15090,2017,15 bis unter 20 Jahre,f,2273
15090,2017,60 bis unter 65 Jahre,f,4890
15090,2017,60 bis unter 65 Jahre,m,4859
15090,2017,20 bis unter 25 Jahre,f,1681
15090,2017,20 bis unter 25 Jahre,m,1910
15090,2017,95 Jahre und mehr,f,149
15090,2017,95 Jahre und mehr,m,32
15090,2017,35 bis unter 40 Jahre,f,2797
15090,2017,35 bis unter 40 Jahre,m,3237
15091,2017,15 bis unter 20 Jahre,m,2615
15091,2017,15 bis unter 20 Jahre,f,2208
15091,2017,60 bis unter 65 Jahre,f,5675
15091,2017,60 bis unter 65 Jahre,m,5315
15091,2017,unter 5 Jahre,m,2386
15091,2017,unter 5 Jahre,f,2291
15091,2017,40 bis unter 45 Jahre,f,2913
15091,2017,40 bis unter 45 Jahre,m,3222
15091,2017,55 bis unter 60 Jahre,f,5911
15091,2017,55 bis unter 60 Jahre,m,5913
15091,2017,75 bis unter 80 Jahre,m,3918
15091,2017,75 bis unter 80 Jahre,f,5221
15091,2017,20 bis unter 25 Jahre,m,2010
15091,2017,20 bis unter 25 Jahre,f,1505
15091,2017,95 Jahre und mehr,f,188
15091,2017,95 Jahre und mehr,m,39
15091,2017,35 bis unter 40 Jahre,m,3676
15091,2017,35 bis unter 40 Jahre,f,3173
15091,2017,80 bis unter 85 Jahre,f,3669
15091,2017,80 bis unter 85 Jahre,m,2391
15091,2017,50 bis unter 55 Jahre,m,5836
15091,2017,50 bis unter 55 Jahre,f,5636
15091,2017,25 bis unter 30 Jahre,f,2475
15091,2017,25 bis unter 30 Jahre,m,3008
15091,2017,70 bis unter 75 Jahre,f,3691
15091,2017,70 bis unter 75 Jahre,m,3105
15091,2017,5 bis unter 10 Jahre,m,2580
15091,2017,5 bis unter 10 Jahre,f,2355
15091,2017,10 bis unter 15 Jahre,m,2436
15091,2017,10 bis unter 15 Jahre,f,2342
15091,2017,85 bis unter 90 Jahre,f,2012
15091,2017,85 bis unter 90 Jahre,m,939
15091,2017,30 bis unter 35 Jahre,m,3712
15091,2017,30 bis unter 35 Jahre,f,3257
15091,2017,90 bis unter 95 Jahre,f,761
15091,2017,90 bis unter 95 Jahre,m,218
15091,2017,45 bis unter 50 Jahre,m,4606
15091,2017,45 bis unter 50 Jahre,f,4239
15091,2017,65 bis unter 70 Jahre,f,4825
15091,2017,65 bis unter 70 Jahre,m,4543
16051,2017,90 bis unter 95 Jahre,m,307
16051,2017,90 bis unter 95 Jahre,f,1091
16051,2017,70 bis unter 75 Jahre,m,4428
16051,2017,70 bis unter 75 Jahre,f,5473
16051,2017,50 bis unter 55 Jahre,m,7670
16051,2017,50 bis unter 55 Jahre,f,7747
16051,2017,95 Jahre und mehr,m,61
16051,2017,95 Jahre und mehr,f,264
16051,2017,15 bis unter 20 Jahre,f,4391
16051,2017,15 bis unter 20 Jahre,m,4440
16051,2017,30 bis unter 35 Jahre,m,8775
16051,2017,30 bis unter 35 Jahre,f,7910
16051,2017,10 bis unter 15 Jahre,m,4280
16051,2017,10 bis unter 15 Jahre,f,4206
16051,2017,85 bis unter 90 Jahre,m,1281
16051,2017,85 bis unter 90 Jahre,f,2409
16051,2017,55 bis unter 60 Jahre,f,7690
16051,2017,55 bis unter 60 Jahre,m,7499
16051,2017,5 bis unter 10 Jahre,m,4807
16051,2017,5 bis unter 10 Jahre,f,4611
16051,2017,60 bis unter 65 Jahre,f,7428
16051,2017,60 bis unter 65 Jahre,m,6723
16051,2017,40 bis unter 45 Jahre,f,5556
16051,2017,40 bis unter 45 Jahre,m,6157
16051,2017,25 bis unter 30 Jahre,m,7955
16051,2017,25 bis unter 30 Jahre,f,7777
16051,2017,35 bis unter 40 Jahre,f,6886
16051,2017,35 bis unter 40 Jahre,m,7673
16051,2017,80 bis unter 85 Jahre,m,2891
16051,2017,80 bis unter 85 Jahre,f,4402
16051,2017,20 bis unter 25 Jahre,m,5540
16051,2017,20 bis unter 25 Jahre,f,6508
16051,2017,45 bis unter 50 Jahre,f,6516
16051,2017,45 bis unter 50 Jahre,m,7065
16051,2017,75 bis unter 80 Jahre,m,5079
16051,2017,75 bis unter 80 Jahre,f,6591
16051,2017,unter 5 Jahre,f,5163
16051,2017,unter 5 Jahre,m,5288
16051,2017,65 bis unter 70 Jahre,f,6686
16051,2017,65 bis unter 70 Jahre,m,5764
16052,2017,5 bis unter 10 Jahre,f,1890
16052,2017,5 bis unter 10 Jahre,m,1970
16052,2017,25 bis unter 30 Jahre,f,2505
16052,2017,25 bis unter 30 Jahre,m,2502
16052,2017,80 bis unter 85 Jahre,m,1790
16052,2017,80 bis unter 85 Jahre,f,2679
16052,2017,45 bis unter 50 Jahre,f,2768
16052,2017,45 bis unter 50 Jahre,m,3002
16052,2017,60 bis unter 65 Jahre,m,3764
16052,2017,60 bis unter 65 Jahre,f,4211
16052,2017,65 bis unter 70 Jahre,f,3716
16052,2017,65 bis unter 70 Jahre,m,3209
16052,2017,30 bis unter 35 Jahre,f,2734
16052,2017,30 bis unter 35 Jahre,m,3122
16052,2017,20 bis unter 25 Jahre,m,1699
16052,2017,20 bis unter 25 Jahre,f,1494
16052,2017,90 bis unter 95 Jahre,f,772
16052,2017,90 bis unter 95 Jahre,m,218
16052,2017,unter 5 Jahre,m,2087
16052,2017,unter 5 Jahre,f,1908
16052,2017,75 bis unter 80 Jahre,m,2747
16052,2017,75 bis unter 80 Jahre,f,3833
16052,2017,55 bis unter 60 Jahre,m,3964
16052,2017,55 bis unter 60 Jahre,f,4053
16052,2017,10 bis unter 15 Jahre,m,1778
16052,2017,10 bis unter 15 Jahre,f,1672
16052,2017,85 bis unter 90 Jahre,f,1605
16052,2017,85 bis unter 90 Jahre,m,794
16052,2017,15 bis unter 20 Jahre,f,1680
16052,2017,15 bis unter 20 Jahre,m,1872
16052,2017,70 bis unter 75 Jahre,m,2390
16052,2017,70 bis unter 75 Jahre,f,2966
16052,2017,40 bis unter 45 Jahre,f,2019
16052,2017,40 bis unter 45 Jahre,m,2413
16052,2017,95 Jahre und mehr,f,195
16052,2017,95 Jahre und mehr,m,48
16052,2017,35 bis unter 40 Jahre,m,2832
16052,2017,35 bis unter 40 Jahre,f,2547
16052,2017,50 bis unter 55 Jahre,f,3722
16052,2017,50 bis unter 55 Jahre,m,3689
16053,2017,unter 5 Jahre,f,2678
16053,2017,unter 5 Jahre,m,2878
16053,2017,35 bis unter 40 Jahre,f,3700
16053,2017,35 bis unter 40 Jahre,m,4201
16053,2017,55 bis unter 60 Jahre,f,3130
16053,2017,55 bis unter 60 Jahre,m,3091
16053,2017,75 bis unter 80 Jahre,f,3496
16053,2017,75 bis unter 80 Jahre,m,2748
16053,2017,15 bis unter 20 Jahre,f,2173
16053,2017,15 bis unter 20 Jahre,m,2337
16053,2017,40 bis unter 45 Jahre,f,2747
16053,2017,40 bis unter 45 Jahre,m,3006
16053,2017,70 bis unter 75 Jahre,m,2253
16053,2017,70 bis unter 75 Jahre,f,2725
16053,2017,30 bis unter 35 Jahre,m,5656
16053,2017,30 bis unter 35 Jahre,f,4487
16053,2017,60 bis unter 65 Jahre,m,2780
16053,2017,60 bis unter 65 Jahre,f,3228
16053,2017,80 bis unter 85 Jahre,f,2212
16053,2017,80 bis unter 85 Jahre,m,1511
16053,2017,25 bis unter 30 Jahre,m,5974
16053,2017,25 bis unter 30 Jahre,f,5192
16053,2017,50 bis unter 55 Jahre,m,3413
16053,2017,50 bis unter 55 Jahre,f,3205
16053,2017,45 bis unter 50 Jahre,f,2862
16053,2017,45 bis unter 50 Jahre,m,3249
16053,2017,10 bis unter 15 Jahre,f,2085
16053,2017,10 bis unter 15 Jahre,m,2183
16053,2017,65 bis unter 70 Jahre,f,3035
16053,2017,65 bis unter 70 Jahre,m,2623
16053,2017,95 Jahre und mehr,f,176
16053,2017,95 Jahre und mehr,m,55
16053,2017,5 bis unter 10 Jahre,f,2430
16053,2017,5 bis unter 10 Jahre,m,2558
16053,2017,90 bis unter 95 Jahre,f,510
16053,2017,90 bis unter 95 Jahre,m,198
16053,2017,20 bis unter 25 Jahre,m,4103
16053,2017,20 bis unter 25 Jahre,f,4343
16053,2017,85 bis unter 90 Jahre,m,655
16053,2017,85 bis unter 90 Jahre,f,1213
16054,2017,50 bis unter 55 Jahre,f,1484
16054,2017,50 bis unter 55 Jahre,m,1411
16054,2017,85 bis unter 90 Jahre,f,498
16054,2017,85 bis unter 90 Jahre,m,253
16054,2017,30 bis unter 35 Jahre,f,769
16054,2017,30 bis unter 35 Jahre,m,947
16054,2017,10 bis unter 15 Jahre,f,546
16054,2017,10 bis unter 15 Jahre,m,593
16054,2017,45 bis unter 50 Jahre,m,1188
16054,2017,45 bis unter 50 Jahre,f,1096
16054,2017,90 bis unter 95 Jahre,f,218
16054,2017,90 bis unter 95 Jahre,m,70
16054,2017,25 bis unter 30 Jahre,f,778
16054,2017,25 bis unter 30 Jahre,m,861
16054,2017,5 bis unter 10 Jahre,m,609
16054,2017,5 bis unter 10 Jahre,f,562
16054,2017,65 bis unter 70 Jahre,f,1618
16054,2017,65 bis unter 70 Jahre,m,1434
16054,2017,95 Jahre und mehr,m,9
16054,2017,95 Jahre und mehr,f,56
16054,2017,80 bis unter 85 Jahre,m,673
16054,2017,80 bis unter 85 Jahre,f,989
16054,2017,20 bis unter 25 Jahre,m,649
16054,2017,20 bis unter 25 Jahre,f,526
16054,2017,unter 5 Jahre,m,668
16054,2017,unter 5 Jahre,f,620
16054,2017,75 bis unter 80 Jahre,m,1265
16054,2017,75 bis unter 80 Jahre,f,1558
16054,2017,40 bis unter 45 Jahre,f,763
16054,2017,40 bis unter 45 Jahre,m,832
16054,2017,55 bis unter 60 Jahre,f,1580
16054,2017,55 bis unter 60 Jahre,m,1438
16054,2017,60 bis unter 65 Jahre,f,1657
16054,2017,60 bis unter 65 Jahre,m,1410
16054,2017,35 bis unter 40 Jahre,m,999
16054,2017,35 bis unter 40 Jahre,f,837
16054,2017,15 bis unter 20 Jahre,m,726
16054,2017,15 bis unter 20 Jahre,f,550
16054,2017,70 bis unter 75 Jahre,m,1096
16054,2017,70 bis unter 75 Jahre,f,1330
16055,2017,15 bis unter 20 Jahre,m,1444
16055,2017,15 bis unter 20 Jahre,f,1334
16055,2017,35 bis unter 40 Jahre,m,2244
16055,2017,35 bis unter 40 Jahre,f,2119
16055,2017,80 bis unter 85 Jahre,f,1403
16055,2017,80 bis unter 85 Jahre,m,920
16055,2017,40 bis unter 45 Jahre,f,1678
16055,2017,40 bis unter 45 Jahre,m,1840
16055,2017,20 bis unter 25 Jahre,m,1716
16055,2017,20 bis unter 25 Jahre,f,1822
16055,2017,unter 5 Jahre,m,1582
16055,2017,unter 5 Jahre,f,1543
16055,2017,60 bis unter 65 Jahre,f,2141
16055,2017,60 bis unter 65 Jahre,m,1873
16055,2017,75 bis unter 80 Jahre,f,2058
16055,2017,75 bis unter 80 Jahre,m,1550
16055,2017,55 bis unter 60 Jahre,m,2188
16055,2017,55 bis unter 60 Jahre,f,2288
16055,2017,95 Jahre und mehr,m,10
16055,2017,95 Jahre und mehr,f,135
16055,2017,70 bis unter 75 Jahre,m,1363
16055,2017,70 bis unter 75 Jahre,f,1679
16055,2017,50 bis unter 55 Jahre,m,2272
16055,2017,50 bis unter 55 Jahre,f,2308
16055,2017,45 bis unter 50 Jahre,f,2021
16055,2017,45 bis unter 50 Jahre,m,2095
16055,2017,25 bis unter 30 Jahre,m,2427
16055,2017,25 bis unter 30 Jahre,f,2367
16055,2017,90 bis unter 95 Jahre,f,455
16055,2017,90 bis unter 95 Jahre,m,124
16055,2017,85 bis unter 90 Jahre,f,826
16055,2017,85 bis unter 90 Jahre,m,425
16055,2017,65 bis unter 70 Jahre,m,1722
16055,2017,65 bis unter 70 Jahre,f,2003
16055,2017,30 bis unter 35 Jahre,m,2443
16055,2017,30 bis unter 35 Jahre,f,2263
16055,2017,10 bis unter 15 Jahre,f,1297
16055,2017,10 bis unter 15 Jahre,m,1442
16055,2017,5 bis unter 10 Jahre,m,1551
16055,2017,5 bis unter 10 Jahre,f,1455
16056,2017,65 bis unter 70 Jahre,m,1176
16056,2017,65 bis unter 70 Jahre,f,1379
16056,2017,30 bis unter 35 Jahre,m,1454
16056,2017,30 bis unter 35 Jahre,f,1352
16056,2017,85 bis unter 90 Jahre,m,282
16056,2017,85 bis unter 90 Jahre,f,622
16056,2017,10 bis unter 15 Jahre,m,924
16056,2017,10 bis unter 15 Jahre,f,860
16056,2017,25 bis unter 30 Jahre,m,1332
16056,2017,25 bis unter 30 Jahre,f,1162
16056,2017,70 bis unter 75 Jahre,f,1235
16056,2017,70 bis unter 75 Jahre,m,967
16056,2017,90 bis unter 95 Jahre,f,284
16056,2017,90 bis unter 95 Jahre,m,97
16056,2017,45 bis unter 50 Jahre,m,1537
16056,2017,45 bis unter 50 Jahre,f,1388
16056,2017,50 bis unter 55 Jahre,m,1726
16056,2017,50 bis unter 55 Jahre,f,1618
16056,2017,5 bis unter 10 Jahre,m,963
16056,2017,5 bis unter 10 Jahre,f,796
16056,2017,20 bis unter 25 Jahre,f,715
16056,2017,20 bis unter 25 Jahre,m,910
16056,2017,15 bis unter 20 Jahre,f,808
16056,2017,15 bis unter 20 Jahre,m,952
16056,2017,40 bis unter 45 Jahre,f,1099
16056,2017,40 bis unter 45 Jahre,m,1232
16056,2017,95 Jahre und mehr,m,9
16056,2017,95 Jahre und mehr,f,82
16056,2017,55 bis unter 60 Jahre,m,1708
16056,2017,55 bis unter 60 Jahre,f,1741
16056,2017,75 bis unter 80 Jahre,m,1241
16056,2017,75 bis unter 80 Jahre,f,1712
16056,2017,unter 5 Jahre,m,981
16056,2017,unter 5 Jahre,f,859
16056,2017,80 bis unter 85 Jahre,m,728
16056,2017,80 bis unter 85 Jahre,f,1136
16056,2017,60 bis unter 65 Jahre,f,1525
16056,2017,60 bis unter 65 Jahre,m,1396
16056,2017,35 bis unter 40 Jahre,f,1277
16056,2017,35 bis unter 40 Jahre,m,1445
16061,2017,25 bis unter 30 Jahre,m,2625
16061,2017,25 bis unter 30 Jahre,f,2392
16061,2017,5 bis unter 10 Jahre,m,2438
16061,2017,5 bis unter 10 Jahre,f,2380
16061,2017,70 bis unter 75 Jahre,f,2425
16061,2017,70 bis unter 75 Jahre,m,2152
16061,2017,10 bis unter 15 Jahre,m,2389
16061,2017,10 bis unter 15 Jahre,f,2235
16061,2017,50 bis unter 55 Jahre,f,4005
16061,2017,50 bis unter 55 Jahre,m,4126
16061,2017,30 bis unter 35 Jahre,f,3144
16061,2017,30 bis unter 35 Jahre,m,3423
16061,2017,45 bis unter 50 Jahre,f,3103
16061,2017,45 bis unter 50 Jahre,m,3619
16061,2017,85 bis unter 90 Jahre,f,1160
16061,2017,85 bis unter 90 Jahre,m,612
16061,2017,65 bis unter 70 Jahre,m,3440
16061,2017,65 bis unter 70 Jahre,f,3345
16061,2017,20 bis unter 25 Jahre,m,1804
16061,2017,20 bis unter 25 Jahre,f,1478
16061,2017,40 bis unter 45 Jahre,f,2777
16061,2017,40 bis unter 45 Jahre,m,3208
16061,2017,15 bis unter 20 Jahre,f,2104
16061,2017,15 bis unter 20 Jahre,m,2290
16061,2017,95 Jahre und mehr,f,130
16061,2017,95 Jahre und mehr,m,34
16061,2017,35 bis unter 40 Jahre,m,3490
16061,2017,35 bis unter 40 Jahre,f,3110
16061,2017,80 bis unter 85 Jahre,f,2045
16061,2017,80 bis unter 85 Jahre,m,1361
16061,2017,60 bis unter 65 Jahre,f,3911
16061,2017,60 bis unter 65 Jahre,m,3998
16061,2017,75 bis unter 80 Jahre,f,3167
16061,2017,75 bis unter 80 Jahre,m,2601
16061,2017,55 bis unter 60 Jahre,m,4286
16061,2017,55 bis unter 60 Jahre,f,4189
16061,2017,unter 5 Jahre,m,2479
16061,2017,unter 5 Jahre,f,2420
16061,2017,90 bis unter 95 Jahre,m,207
16061,2017,90 bis unter 95 Jahre,f,543
16062,2017,55 bis unter 60 Jahre,m,3647
16062,2017,55 bis unter 60 Jahre,f,3673
16062,2017,20 bis unter 25 Jahre,m,1819
16062,2017,20 bis unter 25 Jahre,f,1621
16062,2017,unter 5 Jahre,m,1860
16062,2017,unter 5 Jahre,f,1710
16062,2017,75 bis unter 80 Jahre,m,2452
16062,2017,75 bis unter 80 Jahre,f,3094
16062,2017,15 bis unter 20 Jahre,m,1919
16062,2017,15 bis unter 20 Jahre,f,1749
16062,2017,35 bis unter 40 Jahre,m,2587
16062,2017,35 bis unter 40 Jahre,f,2376
16062,2017,40 bis unter 45 Jahre,m,2199
16062,2017,40 bis unter 45 Jahre,f,1905
16062,2017,80 bis unter 85 Jahre,f,2142
16062,2017,80 bis unter 85 Jahre,m,1422
16062,2017,60 bis unter 65 Jahre,m,3321
16062,2017,60 bis unter 65 Jahre,f,3377
16062,2017,45 bis unter 50 Jahre,f,2820
16062,2017,45 bis unter 50 Jahre,m,2967
16062,2017,95 Jahre und mehr,f,114
16062,2017,95 Jahre und mehr,m,31
16062,2017,10 bis unter 15 Jahre,f,1649
16062,2017,10 bis unter 15 Jahre,m,1779
16062,2017,70 bis unter 75 Jahre,m,2072
16062,2017,70 bis unter 75 Jahre,f,2453
16062,2017,65 bis unter 70 Jahre,f,2928
16062,2017,65 bis unter 70 Jahre,m,2671
16062,2017,90 bis unter 95 Jahre,f,505
16062,2017,90 bis unter 95 Jahre,m,148
16062,2017,85 bis unter 90 Jahre,m,624
16062,2017,85 bis unter 90 Jahre,f,1193
16062,2017,30 bis unter 35 Jahre,f,2310
16062,2017,30 bis unter 35 Jahre,m,2763
16062,2017,25 bis unter 30 Jahre,m,2291
16062,2017,25 bis unter 30 Jahre,f,1961
16062,2017,50 bis unter 55 Jahre,m,3559
16062,2017,50 bis unter 55 Jahre,f,3448
16062,2017,5 bis unter 10 Jahre,f,1706
16062,2017,5 bis unter 10 Jahre,m,1832
16063,2017,50 bis unter 55 Jahre,m,5325
16063,2017,50 bis unter 55 Jahre,f,5207
16063,2017,65 bis unter 70 Jahre,m,4382
16063,2017,65 bis unter 70 Jahre,f,4529
16063,2017,70 bis unter 75 Jahre,m,2717
16063,2017,70 bis unter 75 Jahre,f,3042
16063,2017,85 bis unter 90 Jahre,m,811
16063,2017,85 bis unter 90 Jahre,f,1606
16063,2017,90 bis unter 95 Jahre,m,192
16063,2017,90 bis unter 95 Jahre,f,671
16063,2017,25 bis unter 30 Jahre,m,3132
16063,2017,25 bis unter 30 Jahre,f,2664
16063,2017,95 Jahre und mehr,f,143
16063,2017,95 Jahre und mehr,m,44
16063,2017,10 bis unter 15 Jahre,m,2602
16063,2017,10 bis unter 15 Jahre,f,2394
16063,2017,30 bis unter 35 Jahre,f,3390
16063,2017,30 bis unter 35 Jahre,m,3868
16063,2017,35 bis unter 40 Jahre,f,3623
16063,2017,35 bis unter 40 Jahre,m,4122
16063,2017,40 bis unter 45 Jahre,f,3254
16063,2017,40 bis unter 45 Jahre,m,3617
16063,2017,15 bis unter 20 Jahre,m,2523
16063,2017,15 bis unter 20 Jahre,f,2318
16063,2017,60 bis unter 65 Jahre,f,5131
16063,2017,60 bis unter 65 Jahre,m,5173
16063,2017,5 bis unter 10 Jahre,m,2781
16063,2017,5 bis unter 10 Jahre,f,2566
16063,2017,20 bis unter 25 Jahre,m,1977
16063,2017,20 bis unter 25 Jahre,f,1660
16063,2017,80 bis unter 85 Jahre,f,2957
16063,2017,80 bis unter 85 Jahre,m,2061
16063,2017,unter 5 Jahre,m,2721
16063,2017,unter 5 Jahre,f,2594
16063,2017,45 bis unter 50 Jahre,f,4134
16063,2017,45 bis unter 50 Jahre,m,4648
16063,2017,75 bis unter 80 Jahre,m,3336
16063,2017,75 bis unter 80 Jahre,f,4318
16063,2017,55 bis unter 60 Jahre,f,5638
16063,2017,55 bis unter 60 Jahre,m,5893
16064,2017,80 bis unter 85 Jahre,m,1611
16064,2017,80 bis unter 85 Jahre,f,2460
16064,2017,45 bis unter 50 Jahre,f,3368
16064,2017,45 bis unter 50 Jahre,m,3798
16064,2017,75 bis unter 80 Jahre,m,2772
16064,2017,75 bis unter 80 Jahre,f,3608
16064,2017,20 bis unter 25 Jahre,m,1903
16064,2017,20 bis unter 25 Jahre,f,1556
16064,2017,5 bis unter 10 Jahre,f,2254
16064,2017,5 bis unter 10 Jahre,m,2370
16064,2017,35 bis unter 40 Jahre,m,3422
16064,2017,35 bis unter 40 Jahre,f,2970
16064,2017,30 bis unter 35 Jahre,f,2894
16064,2017,30 bis unter 35 Jahre,m,3241
16064,2017,60 bis unter 65 Jahre,m,4178
16064,2017,60 bis unter 65 Jahre,f,4219
16064,2017,unter 5 Jahre,m,2364
16064,2017,unter 5 Jahre,f,2237
16064,2017,90 bis unter 95 Jahre,f,638
16064,2017,90 bis unter 95 Jahre,m,192
16064,2017,85 bis unter 90 Jahre,f,1480
16064,2017,85 bis unter 90 Jahre,m,703
16064,2017,65 bis unter 70 Jahre,m,3482
16064,2017,65 bis unter 70 Jahre,f,3543
16064,2017,10 bis unter 15 Jahre,f,2251
16064,2017,10 bis unter 15 Jahre,m,2380
16064,2017,55 bis unter 60 Jahre,m,4649
16064,2017,55 bis unter 60 Jahre,f,4584
16064,2017,95 Jahre und mehr,f,129
16064,2017,95 Jahre und mehr,m,25
16064,2017,50 bis unter 55 Jahre,m,4333
16064,2017,50 bis unter 55 Jahre,f,4332
16064,2017,15 bis unter 20 Jahre,f,2080
16064,2017,15 bis unter 20 Jahre,m,2272
16064,2017,70 bis unter 75 Jahre,m,2159
16064,2017,70 bis unter 75 Jahre,f,2574
16064,2017,25 bis unter 30 Jahre,m,2591
16064,2017,25 bis unter 30 Jahre,f,2334
16064,2017,40 bis unter 45 Jahre,f,2620
16064,2017,40 bis unter 45 Jahre,m,2928
16065,2017,15 bis unter 20 Jahre,f,1432
16065,2017,15 bis unter 20 Jahre,m,1663
16065,2017,35 bis unter 40 Jahre,f,2018
16065,2017,35 bis unter 40 Jahre,m,2286
16065,2017,unter 5 Jahre,f,1381
16065,2017,unter 5 Jahre,m,1561
16065,2017,20 bis unter 25 Jahre,f,955
16065,2017,20 bis unter 25 Jahre,m,1205
16065,2017,40 bis unter 45 Jahre,f,1807
16065,2017,40 bis unter 45 Jahre,m,2042
16065,2017,70 bis unter 75 Jahre,m,1768
16065,2017,70 bis unter 75 Jahre,f,2181
16065,2017,85 bis unter 90 Jahre,m,509
16065,2017,85 bis unter 90 Jahre,f,1077
16065,2017,55 bis unter 60 Jahre,f,3600
16065,2017,55 bis unter 60 Jahre,m,3502
16065,2017,80 bis unter 85 Jahre,f,1915
16065,2017,80 bis unter 85 Jahre,m,1243
16065,2017,30 bis unter 35 Jahre,m,2361
16065,2017,30 bis unter 35 Jahre,f,1992
16065,2017,5 bis unter 10 Jahre,m,1567
16065,2017,5 bis unter 10 Jahre,f,1438
16065,2017,25 bis unter 30 Jahre,m,1802
16065,2017,25 bis unter 30 Jahre,f,1542
16065,2017,50 bis unter 55 Jahre,m,3360
16065,2017,50 bis unter 55 Jahre,f,3229
16065,2017,60 bis unter 65 Jahre,f,3332
16065,2017,60 bis unter 65 Jahre,m,3343
16065,2017,45 bis unter 50 Jahre,f,2457
16065,2017,45 bis unter 50 Jahre,m,2708
16065,2017,65 bis unter 70 Jahre,f,2935
16065,2017,65 bis unter 70 Jahre,m,2764
16065,2017,90 bis unter 95 Jahre,f,412
16065,2017,90 bis unter 95 Jahre,m,127
16065,2017,10 bis unter 15 Jahre,m,1629
16065,2017,10 bis unter 15 Jahre,f,1494
16065,2017,95 Jahre und mehr,m,17
16065,2017,95 Jahre und mehr,f,111
16065,2017,75 bis unter 80 Jahre,m,2250
16065,2017,75 bis unter 80 Jahre,f,2803
16066,2017,10 bis unter 15 Jahre,f,2271
16066,2017,10 bis unter 15 Jahre,m,2403
16066,2017,95 Jahre und mehr,m,47
16066,2017,95 Jahre und mehr,f,162
16066,2017,30 bis unter 35 Jahre,f,3387
16066,2017,30 bis unter 35 Jahre,m,4118
16066,2017,25 bis unter 30 Jahre,f,2564
16066,2017,25 bis unter 30 Jahre,m,3171
16066,2017,65 bis unter 70 Jahre,f,4591
16066,2017,65 bis unter 70 Jahre,m,4316
16066,2017,50 bis unter 55 Jahre,f,5254
16066,2017,50 bis unter 55 Jahre,m,5191
16066,2017,45 bis unter 50 Jahre,f,4052
16066,2017,45 bis unter 50 Jahre,m,4483
16066,2017,5 bis unter 10 Jahre,m,2567
16066,2017,5 bis unter 10 Jahre,f,2347
16066,2017,90 bis unter 95 Jahre,f,687
16066,2017,90 bis unter 95 Jahre,m,234
16066,2017,85 bis unter 90 Jahre,m,777
16066,2017,85 bis unter 90 Jahre,f,1594
16066,2017,55 bis unter 60 Jahre,m,5737
16066,2017,55 bis unter 60 Jahre,f,5666
16066,2017,80 bis unter 85 Jahre,m,2177
16066,2017,80 bis unter 85 Jahre,f,3083
16066,2017,75 bis unter 80 Jahre,m,3498
16066,2017,75 bis unter 80 Jahre,f,4653
16066,2017,unter 5 Jahre,m,2569
16066,2017,unter 5 Jahre,f,2490
16066,2017,20 bis unter 25 Jahre,f,1770
16066,2017,20 bis unter 25 Jahre,m,2378
16066,2017,35 bis unter 40 Jahre,m,3993
16066,2017,35 bis unter 40 Jahre,f,3352
16066,2017,15 bis unter 20 Jahre,f,2238
16066,2017,15 bis unter 20 Jahre,m,2405
16066,2017,70 bis unter 75 Jahre,m,2835
16066,2017,70 bis unter 75 Jahre,f,3226
16066,2017,40 bis unter 45 Jahre,f,2978
16066,2017,40 bis unter 45 Jahre,m,3463
16066,2017,60 bis unter 65 Jahre,m,5082
16066,2017,60 bis unter 65 Jahre,f,5143
16067,2017,40 bis unter 45 Jahre,f,3403
16067,2017,40 bis unter 45 Jahre,m,3977
16067,2017,75 bis unter 80 Jahre,f,4744
16067,2017,75 bis unter 80 Jahre,m,3666
16067,2017,60 bis unter 65 Jahre,f,5315
16067,2017,60 bis unter 65 Jahre,m,5291
16067,2017,15 bis unter 20 Jahre,m,3125
16067,2017,15 bis unter 20 Jahre,f,2629
16067,2017,80 bis unter 85 Jahre,f,3129
16067,2017,80 bis unter 85 Jahre,m,2086
16067,2017,35 bis unter 40 Jahre,m,4477
16067,2017,35 bis unter 40 Jahre,f,3971
16067,2017,55 bis unter 60 Jahre,m,5923
16067,2017,55 bis unter 60 Jahre,f,5965
16067,2017,20 bis unter 25 Jahre,m,2562
16067,2017,20 bis unter 25 Jahre,f,2080
16067,2017,unter 5 Jahre,f,2888
16067,2017,unter 5 Jahre,m,2976
16067,2017,70 bis unter 75 Jahre,m,3144
16067,2017,70 bis unter 75 Jahre,f,3573
16067,2017,25 bis unter 30 Jahre,m,3521
16067,2017,25 bis unter 30 Jahre,f,3118
16067,2017,50 bis unter 55 Jahre,m,5803
16067,2017,50 bis unter 55 Jahre,f,5618
16067,2017,85 bis unter 90 Jahre,f,1765
16067,2017,85 bis unter 90 Jahre,m,926
16067,2017,5 bis unter 10 Jahre,m,2969
16067,2017,5 bis unter 10 Jahre,f,2886
16067,2017,65 bis unter 70 Jahre,f,4845
16067,2017,65 bis unter 70 Jahre,m,4490
16067,2017,10 bis unter 15 Jahre,f,2718
16067,2017,10 bis unter 15 Jahre,m,2848
16067,2017,45 bis unter 50 Jahre,f,4583
16067,2017,45 bis unter 50 Jahre,m,5102
16067,2017,30 bis unter 35 Jahre,f,3876
16067,2017,30 bis unter 35 Jahre,m,4350
16067,2017,95 Jahre und mehr,f,164
16067,2017,95 Jahre und mehr,m,35
16067,2017,90 bis unter 95 Jahre,f,746
16067,2017,90 bis unter 95 Jahre,m,234
16068,2017,65 bis unter 70 Jahre,f,2685
16068,2017,65 bis unter 70 Jahre,m,2568
16068,2017,85 bis unter 90 Jahre,m,393
16068,2017,85 bis unter 90 Jahre,f,842
16068,2017,70 bis unter 75 Jahre,m,1567
16068,2017,70 bis unter 75 Jahre,f,1731
16068,2017,50 bis unter 55 Jahre,f,3011
16068,2017,50 bis unter 55 Jahre,m,3080
16068,2017,5 bis unter 10 Jahre,m,1590
16068,2017,5 bis unter 10 Jahre,f,1525
16068,2017,45 bis unter 50 Jahre,m,2725
16068,2017,45 bis unter 50 Jahre,f,2420
16068,2017,30 bis unter 35 Jahre,m,2168
16068,2017,30 bis unter 35 Jahre,f,1933
16068,2017,90 bis unter 95 Jahre,f,373
16068,2017,90 bis unter 95 Jahre,m,107
16068,2017,95 Jahre und mehr,f,89
16068,2017,95 Jahre und mehr,m,16
16068,2017,10 bis unter 15 Jahre,f,1412
16068,2017,10 bis unter 15 Jahre,m,1570
16068,2017,20 bis unter 25 Jahre,f,935
16068,2017,20 bis unter 25 Jahre,m,1174
16068,2017,75 bis unter 80 Jahre,m,1744
16068,2017,75 bis unter 80 Jahre,f,2124
16068,2017,35 bis unter 40 Jahre,m,2375
16068,2017,35 bis unter 40 Jahre,f,2114
16068,2017,unter 5 Jahre,m,1639
16068,2017,unter 5 Jahre,f,1407
16068,2017,55 bis unter 60 Jahre,m,3142
16068,2017,55 bis unter 60 Jahre,f,3128
16068,2017,60 bis unter 65 Jahre,f,3122
16068,2017,60 bis unter 65 Jahre,m,3014
16068,2017,15 bis unter 20 Jahre,m,1469
16068,2017,15 bis unter 20 Jahre,f,1305
16068,2017,40 bis unter 45 Jahre,m,2129
16068,2017,40 bis unter 45 Jahre,f,1847
16068,2017,80 bis unter 85 Jahre,f,1543
16068,2017,80 bis unter 85 Jahre,m,919
16068,2017,25 bis unter 30 Jahre,f,1479
16068,2017,25 bis unter 30 Jahre,m,1613
16069,2017,20 bis unter 25 Jahre,m,1106
16069,2017,20 bis unter 25 Jahre,f,832
16069,2017,55 bis unter 60 Jahre,m,3009
16069,2017,55 bis unter 60 Jahre,f,2977
16069,2017,40 bis unter 45 Jahre,m,1859
16069,2017,40 bis unter 45 Jahre,f,1648
16069,2017,95 Jahre und mehr,f,87
16069,2017,95 Jahre und mehr,m,18
16069,2017,35 bis unter 40 Jahre,m,2313
16069,2017,35 bis unter 40 Jahre,f,1913
16069,2017,80 bis unter 85 Jahre,f,1608
16069,2017,80 bis unter 85 Jahre,m,1006
16069,2017,unter 5 Jahre,m,1317
16069,2017,unter 5 Jahre,f,1275
16069,2017,15 bis unter 20 Jahre,m,1306
16069,2017,15 bis unter 20 Jahre,f,1181
16069,2017,60 bis unter 65 Jahre,f,2733
16069,2017,60 bis unter 65 Jahre,m,2733
16069,2017,75 bis unter 80 Jahre,f,2156
16069,2017,75 bis unter 80 Jahre,m,1593
16069,2017,25 bis unter 30 Jahre,f,1396
16069,2017,25 bis unter 30 Jahre,m,1638
16069,2017,70 bis unter 75 Jahre,f,1488
16069,2017,70 bis unter 75 Jahre,m,1347
16069,2017,45 bis unter 50 Jahre,f,2059
16069,2017,45 bis unter 50 Jahre,m,2345
16069,2017,65 bis unter 70 Jahre,m,2210
16069,2017,65 bis unter 70 Jahre,f,2292
16069,2017,30 bis unter 35 Jahre,m,2202
16069,2017,30 bis unter 35 Jahre,f,1829
16069,2017,90 bis unter 95 Jahre,f,345
16069,2017,90 bis unter 95 Jahre,m,115
16069,2017,50 bis unter 55 Jahre,m,2811
16069,2017,50 bis unter 55 Jahre,f,2664
16069,2017,85 bis unter 90 Jahre,m,375
16069,2017,85 bis unter 90 Jahre,f,911
16069,2017,5 bis unter 10 Jahre,m,1380
16069,2017,5 bis unter 10 Jahre,f,1337
16069,2017,10 bis unter 15 Jahre,f,1218
16069,2017,10 bis unter 15 Jahre,m,1291
16070,2017,70 bis unter 75 Jahre,m,2574
16070,2017,70 bis unter 75 Jahre,f,3005
16070,2017,90 bis unter 95 Jahre,m,192
16070,2017,90 bis unter 95 Jahre,f,625
16070,2017,unter 5 Jahre,f,2227
16070,2017,unter 5 Jahre,m,2392
16070,2017,30 bis unter 35 Jahre,m,3706
16070,2017,30 bis unter 35 Jahre,f,3097
16070,2017,85 bis unter 90 Jahre,m,653
16070,2017,85 bis unter 90 Jahre,f,1472
16070,2017,55 bis unter 60 Jahre,f,4528
16070,2017,55 bis unter 60 Jahre,m,4556
16070,2017,45 bis unter 50 Jahre,m,3923
16070,2017,45 bis unter 50 Jahre,f,3462
16070,2017,15 bis unter 20 Jahre,f,1958
16070,2017,15 bis unter 20 Jahre,m,2324
16070,2017,50 bis unter 55 Jahre,f,4359
16070,2017,50 bis unter 55 Jahre,m,4499
16070,2017,95 Jahre und mehr,m,33
16070,2017,95 Jahre und mehr,f,191
16070,2017,60 bis unter 65 Jahre,f,4337
16070,2017,60 bis unter 65 Jahre,m,4114
16070,2017,5 bis unter 10 Jahre,m,2350
16070,2017,5 bis unter 10 Jahre,f,2203
16070,2017,80 bis unter 85 Jahre,f,2552
16070,2017,80 bis unter 85 Jahre,m,1718
16070,2017,35 bis unter 40 Jahre,m,3586
16070,2017,35 bis unter 40 Jahre,f,3121
16070,2017,25 bis unter 30 Jahre,m,3662
16070,2017,25 bis unter 30 Jahre,f,2520
16070,2017,40 bis unter 45 Jahre,m,2982
16070,2017,40 bis unter 45 Jahre,f,2550
16070,2017,20 bis unter 25 Jahre,m,2603
16070,2017,20 bis unter 25 Jahre,f,1824
16070,2017,65 bis unter 70 Jahre,f,4012
16070,2017,65 bis unter 70 Jahre,m,3633
16070,2017,75 bis unter 80 Jahre,f,3963
16070,2017,75 bis unter 80 Jahre,m,3069
16070,2017,10 bis unter 15 Jahre,f,2126
16070,2017,10 bis unter 15 Jahre,m,2129
16071,2017,5 bis unter 10 Jahre,f,1993
16071,2017,5 bis unter 10 Jahre,m,1968
16071,2017,25 bis unter 30 Jahre,f,1706
16071,2017,25 bis unter 30 Jahre,m,1757
16071,2017,95 Jahre und mehr,m,30
16071,2017,95 Jahre und mehr,f,94
16071,2017,10 bis unter 15 Jahre,f,1800
16071,2017,10 bis unter 15 Jahre,m,1866
16071,2017,65 bis unter 70 Jahre,f,2990
16071,2017,65 bis unter 70 Jahre,m,3041
16071,2017,80 bis unter 85 Jahre,m,1107
16071,2017,80 bis unter 85 Jahre,f,1682
16071,2017,50 bis unter 55 Jahre,f,3571
16071,2017,50 bis unter 55 Jahre,m,3626
16071,2017,unter 5 Jahre,m,1895
16071,2017,unter 5 Jahre,f,1867
16071,2017,55 bis unter 60 Jahre,m,3680
16071,2017,55 bis unter 60 Jahre,f,3705
16071,2017,85 bis unter 90 Jahre,m,463
16071,2017,85 bis unter 90 Jahre,f,982
16071,2017,20 bis unter 25 Jahre,m,1305
16071,2017,20 bis unter 25 Jahre,f,1194
16071,2017,30 bis unter 35 Jahre,f,2381
16071,2017,30 bis unter 35 Jahre,m,2459
16071,2017,75 bis unter 80 Jahre,m,1973
16071,2017,75 bis unter 80 Jahre,f,2437
16071,2017,15 bis unter 20 Jahre,f,1591
16071,2017,15 bis unter 20 Jahre,m,1845
16071,2017,35 bis unter 40 Jahre,f,2508
16071,2017,35 bis unter 40 Jahre,m,2714
16071,2017,90 bis unter 95 Jahre,m,132
16071,2017,90 bis unter 95 Jahre,f,392
16071,2017,70 bis unter 75 Jahre,m,1861
16071,2017,70 bis unter 75 Jahre,f,1996
16071,2017,40 bis unter 45 Jahre,f,2208
16071,2017,40 bis unter 45 Jahre,m,2586
16071,2017,45 bis unter 50 Jahre,m,3060
16071,2017,45 bis unter 50 Jahre,f,2791
16071,2017,60 bis unter 65 Jahre,f,3474
16071,2017,60 bis unter 65 Jahre,m,3401
16072,2017,unter 5 Jahre,f,1013
16072,2017,unter 5 Jahre,m,1076
16072,2017,55 bis unter 60 Jahre,f,2613
16072,2017,55 bis unter 60 Jahre,m,2586
16072,2017,20 bis unter 25 Jahre,f,778
16072,2017,20 bis unter 25 Jahre,m,964
16072,2017,15 bis unter 20 Jahre,f,1001
16072,2017,15 bis unter 20 Jahre,m,1160
16072,2017,40 bis unter 45 Jahre,f,1386
16072,2017,40 bis unter 45 Jahre,m,1559
16072,2017,35 bis unter 40 Jahre,f,1567
16072,2017,35 bis unter 40 Jahre,m,1786
16072,2017,90 bis unter 95 Jahre,m,131
16072,2017,90 bis unter 95 Jahre,f,387
16072,2017,60 bis unter 65 Jahre,f,2431
16072,2017,60 bis unter 65 Jahre,m,2365
16072,2017,75 bis unter 80 Jahre,f,2198
16072,2017,75 bis unter 80 Jahre,m,1609
16072,2017,50 bis unter 55 Jahre,m,2442
16072,2017,50 bis unter 55 Jahre,f,2296
16072,2017,45 bis unter 50 Jahre,m,2133
16072,2017,45 bis unter 50 Jahre,f,1896
16072,2017,70 bis unter 75 Jahre,m,1312
16072,2017,70 bis unter 75 Jahre,f,1533
16072,2017,80 bis unter 85 Jahre,f,1688
16072,2017,80 bis unter 85 Jahre,m,958
16072,2017,25 bis unter 30 Jahre,m,1336
16072,2017,25 bis unter 30 Jahre,f,1149
16072,2017,65 bis unter 70 Jahre,f,2201
16072,2017,65 bis unter 70 Jahre,m,2046
16072,2017,10 bis unter 15 Jahre,f,989
16072,2017,10 bis unter 15 Jahre,m,1134
16072,2017,85 bis unter 90 Jahre,f,888
16072,2017,85 bis unter 90 Jahre,m,412
16072,2017,95 Jahre und mehr,f,80
16072,2017,95 Jahre und mehr,m,15
16072,2017,5 bis unter 10 Jahre,m,1049
16072,2017,5 bis unter 10 Jahre,f,1025
16072,2017,30 bis unter 35 Jahre,m,1653
16072,2017,30 bis unter 35 Jahre,f,1516
16073,2017,30 bis unter 35 Jahre,f,2743
16073,2017,30 bis unter 35 Jahre,m,3238
16073,2017,65 bis unter 70 Jahre,f,4089
16073,2017,65 bis unter 70 Jahre,m,3866
16073,2017,50 bis unter 55 Jahre,f,4367
16073,2017,50 bis unter 55 Jahre,m,4718
16073,2017,5 bis unter 10 Jahre,m,2102
16073,2017,5 bis unter 10 Jahre,f,2048
16073,2017,25 bis unter 30 Jahre,m,2525
16073,2017,25 bis unter 30 Jahre,f,2089
16073,2017,70 bis unter 75 Jahre,f,3154
16073,2017,70 bis unter 75 Jahre,m,2708
16073,2017,85 bis unter 90 Jahre,f,1746
16073,2017,85 bis unter 90 Jahre,m,845
16073,2017,90 bis unter 95 Jahre,f,778
16073,2017,90 bis unter 95 Jahre,m,203
16073,2017,10 bis unter 15 Jahre,f,1934
16073,2017,10 bis unter 15 Jahre,m,2036
16073,2017,15 bis unter 20 Jahre,f,1884
16073,2017,15 bis unter 20 Jahre,m,2125
16073,2017,20 bis unter 25 Jahre,m,1685
16073,2017,20 bis unter 25 Jahre,f,1331
16073,2017,75 bis unter 80 Jahre,m,3208
16073,2017,75 bis unter 80 Jahre,f,4375
16073,2017,40 bis unter 45 Jahre,f,2641
16073,2017,40 bis unter 45 Jahre,m,2820
16073,2017,60 bis unter 65 Jahre,f,4551
16073,2017,60 bis unter 65 Jahre,m,4468
16073,2017,unter 5 Jahre,f,2042
16073,2017,unter 5 Jahre,m,2159
16073,2017,55 bis unter 60 Jahre,m,5010
16073,2017,55 bis unter 60 Jahre,f,5004
16073,2017,35 bis unter 40 Jahre,f,2771
16073,2017,35 bis unter 40 Jahre,m,3276
16073,2017,95 Jahre und mehr,f,203
16073,2017,95 Jahre und mehr,m,37
16073,2017,80 bis unter 85 Jahre,m,2018
16073,2017,80 bis unter 85 Jahre,f,3282
16073,2017,45 bis unter 50 Jahre,m,3829
16073,2017,45 bis unter 50 Jahre,f,3460
16074,2017,95 Jahre und mehr,f,103
16074,2017,95 Jahre und mehr,m,21
16074,2017,80 bis unter 85 Jahre,f,1875
16074,2017,80 bis unter 85 Jahre,m,1300
16074,2017,35 bis unter 40 Jahre,m,2741
16074,2017,35 bis unter 40 Jahre,f,2402
16074,2017,unter 5 Jahre,m,1800
16074,2017,unter 5 Jahre,f,1724
16074,2017,55 bis unter 60 Jahre,m,3824
16074,2017,55 bis unter 60 Jahre,f,3718
16074,2017,75 bis unter 80 Jahre,m,2310
16074,2017,75 bis unter 80 Jahre,f,2801
16074,2017,20 bis unter 25 Jahre,f,1027
16074,2017,20 bis unter 25 Jahre,m,1372
16074,2017,40 bis unter 45 Jahre,m,2331
16074,2017,40 bis unter 45 Jahre,f,2122
16074,2017,60 bis unter 65 Jahre,f,3470
16074,2017,60 bis unter 65 Jahre,m,3467
16074,2017,15 bis unter 20 Jahre,m,1880
16074,2017,15 bis unter 20 Jahre,f,1660
16074,2017,45 bis unter 50 Jahre,f,2781
16074,2017,45 bis unter 50 Jahre,m,3103
16074,2017,70 bis unter 75 Jahre,m,2036
16074,2017,70 bis unter 75 Jahre,f,2303
16074,2017,25 bis unter 30 Jahre,m,1795
16074,2017,25 bis unter 30 Jahre,f,1658
16074,2017,90 bis unter 95 Jahre,f,451
16074,2017,90 bis unter 95 Jahre,m,170
16074,2017,85 bis unter 90 Jahre,f,1085
16074,2017,85 bis unter 90 Jahre,m,539
16074,2017,10 bis unter 15 Jahre,m,1723
16074,2017,10 bis unter 15 Jahre,f,1587
16074,2017,50 bis unter 55 Jahre,f,3576
16074,2017,50 bis unter 55 Jahre,m,3719
16074,2017,5 bis unter 10 Jahre,m,1820
16074,2017,5 bis unter 10 Jahre,f,1797
16074,2017,65 bis unter 70 Jahre,f,3154
16074,2017,65 bis unter 70 Jahre,m,2920
16074,2017,30 bis unter 35 Jahre,m,2449
16074,2017,30 bis unter 35 Jahre,f,2376
16075,2017,10 bis unter 15 Jahre,m,1733
16075,2017,10 bis unter 15 Jahre,f,1520
16075,2017,30 bis unter 35 Jahre,m,2455
16075,2017,30 bis unter 35 Jahre,f,2164
16075,2017,90 bis unter 95 Jahre,f,542
16075,2017,90 bis unter 95 Jahre,m,139
16075,2017,85 bis unter 90 Jahre,f,1278
16075,2017,85 bis unter 90 Jahre,m,580
16075,2017,70 bis unter 75 Jahre,f,2130
16075,2017,70 bis unter 75 Jahre,m,1866
16075,2017,25 bis unter 30 Jahre,m,1830
16075,2017,25 bis unter 30 Jahre,f,1611
16075,2017,50 bis unter 55 Jahre,m,3555
16075,2017,50 bis unter 55 Jahre,f,3420
16075,2017,65 bis unter 70 Jahre,m,2844
16075,2017,65 bis unter 70 Jahre,f,3068
16075,2017,15 bis unter 20 Jahre,f,1637
16075,2017,15 bis unter 20 Jahre,m,1713
16075,2017,5 bis unter 10 Jahre,f,1652
16075,2017,5 bis unter 10 Jahre,m,1756
16075,2017,95 Jahre und mehr,f,95
16075,2017,95 Jahre und mehr,m,17
16075,2017,40 bis unter 45 Jahre,f,2031
16075,2017,40 bis unter 45 Jahre,m,2256
16075,2017,20 bis unter 25 Jahre,m,1304
16075,2017,20 bis unter 25 Jahre,f,1053
16075,2017,55 bis unter 60 Jahre,m,3789
16075,2017,55 bis unter 60 Jahre,f,3755
16075,2017,80 bis unter 85 Jahre,f,2225
16075,2017,80 bis unter 85 Jahre,m,1360
16075,2017,35 bis unter 40 Jahre,m,2668
16075,2017,35 bis unter 40 Jahre,f,2192
16075,2017,75 bis unter 80 Jahre,m,2209
16075,2017,75 bis unter 80 Jahre,f,2891
16075,2017,60 bis unter 65 Jahre,m,3640
16075,2017,60 bis unter 65 Jahre,f,3523
16075,2017,unter 5 Jahre,m,1688
16075,2017,unter 5 Jahre,f,1655
16075,2017,45 bis unter 50 Jahre,f,2683
16075,2017,45 bis unter 50 Jahre,m,2974
16076,2017,60 bis unter 65 Jahre,m,4492
16076,2017,60 bis unter 65 Jahre,f,4614
16076,2017,75 bis unter 80 Jahre,m,3046
16076,2017,75 bis unter 80 Jahre,f,3937
16076,2017,80 bis unter 85 Jahre,m,1874
16076,2017,80 bis unter 85 Jahre,f,2901
16076,2017,20 bis unter 25 Jahre,m,1483
16076,2017,20 bis unter 25 Jahre,f,1071
16076,2017,55 bis unter 60 Jahre,m,4626
16076,2017,55 bis unter 60 Jahre,f,4697
16076,2017,40 bis unter 45 Jahre,m,2681
16076,2017,40 bis unter 45 Jahre,f,2338
16076,2017,unter 5 Jahre,m,1943
16076,2017,unter 5 Jahre,f,1815
16076,2017,65 bis unter 70 Jahre,f,3877
16076,2017,65 bis unter 70 Jahre,m,3716
16076,2017,45 bis unter 50 Jahre,f,3291
16076,2017,45 bis unter 50 Jahre,m,3406
16076,2017,10 bis unter 15 Jahre,f,1874
16076,2017,10 bis unter 15 Jahre,m,2039
16076,2017,35 bis unter 40 Jahre,m,3057
16076,2017,35 bis unter 40 Jahre,f,2546
16076,2017,95 Jahre und mehr,f,184
16076,2017,95 Jahre und mehr,m,49
16076,2017,90 bis unter 95 Jahre,f,756
16076,2017,90 bis unter 95 Jahre,m,213
16076,2017,50 bis unter 55 Jahre,m,4534
16076,2017,50 bis unter 55 Jahre,f,4303
16076,2017,85 bis unter 90 Jahre,m,790
16076,2017,85 bis unter 90 Jahre,f,1690
16076,2017,70 bis unter 75 Jahre,m,2440
16076,2017,70 bis unter 75 Jahre,f,2842
16076,2017,25 bis unter 30 Jahre,m,1845
16076,2017,25 bis unter 30 Jahre,f,1670
16076,2017,30 bis unter 35 Jahre,f,2398
16076,2017,30 bis unter 35 Jahre,m,2669
16076,2017,15 bis unter 20 Jahre,m,2030
16076,2017,15 bis unter 20 Jahre,f,1724
16076,2017,5 bis unter 10 Jahre,f,1846
16076,2017,5 bis unter 10 Jahre,m,1968
16077,2017,70 bis unter 75 Jahre,m,2527
16077,2017,70 bis unter 75 Jahre,f,2858
16077,2017,90 bis unter 95 Jahre,m,236
16077,2017,90 bis unter 95 Jahre,f,732
16077,2017,85 bis unter 90 Jahre,m,749
16077,2017,85 bis unter 90 Jahre,f,1586
16077,2017,65 bis unter 70 Jahre,m,3399
16077,2017,65 bis unter 70 Jahre,f,3830
16077,2017,35 bis unter 40 Jahre,f,2293
16077,2017,35 bis unter 40 Jahre,m,2598
16077,2017,20 bis unter 25 Jahre,f,1070
16077,2017,20 bis unter 25 Jahre,m,1313
16077,2017,50 bis unter 55 Jahre,m,4030
16077,2017,50 bis unter 55 Jahre,f,3819
16077,2017,95 Jahre und mehr,f,182
16077,2017,95 Jahre und mehr,m,40
16077,2017,25 bis unter 30 Jahre,m,1889
16077,2017,25 bis unter 30 Jahre,f,1688
16077,2017,10 bis unter 15 Jahre,m,1766
16077,2017,10 bis unter 15 Jahre,f,1633
16077,2017,60 bis unter 65 Jahre,f,3968
16077,2017,60 bis unter 65 Jahre,m,3777
16077,2017,5 bis unter 10 Jahre,m,1701
16077,2017,5 bis unter 10 Jahre,f,1791
16077,2017,40 bis unter 45 Jahre,f,2059
16077,2017,40 bis unter 45 Jahre,m,2405
16077,2017,30 bis unter 35 Jahre,f,2182
16077,2017,30 bis unter 35 Jahre,m,2432
16077,2017,15 bis unter 20 Jahre,m,1826
16077,2017,15 bis unter 20 Jahre,f,1632
16077,2017,80 bis unter 85 Jahre,m,1715
16077,2017,80 bis unter 85 Jahre,f,2572
16077,2017,75 bis unter 80 Jahre,m,2929
16077,2017,75 bis unter 80 Jahre,f,3765
16077,2017,45 bis unter 50 Jahre,f,3071
16077,2017,45 bis unter 50 Jahre,m,3432
16077,2017,unter 5 Jahre,m,1636
16077,2017,unter 5 Jahre,f,1617
16077,2017,55 bis unter 60 Jahre,f,3906
16077,2017,55 bis unter 60 Jahre,m,3996
10041100,2017,90 bis unter 95 Jahre,f,1114
10041100,2017,90 bis unter 95 Jahre,m,400
10041100,2017,70 bis unter 75 Jahre,f,3978
10041100,2017,70 bis unter 75 Jahre,m,3406
10041100,2017,50 bis unter 55 Jahre,f,6947
10041100,2017,50 bis unter 55 Jahre,m,6985
10041100,2017,80 bis unter 85 Jahre,m,2517
10041100,2017,80 bis unter 85 Jahre,f,3788
10041100,2017,75 bis unter 80 Jahre,m,3759
10041100,2017,75 bis unter 80 Jahre,f,4877
10041100,2017,65 bis unter 70 Jahre,f,5615
10041100,2017,65 bis unter 70 Jahre,m,5087
10041100,2017,60 bis unter 65 Jahre,m,5809
10041100,2017,60 bis unter 65 Jahre,f,6097
10041100,2017,95 Jahre und mehr,f,307
10041100,2017,95 Jahre und mehr,m,83
10041100,2017,35 bis unter 40 Jahre,m,5840
10041100,2017,35 bis unter 40 Jahre,f,5355
10041100,2017,20 bis unter 25 Jahre,m,6427
10041100,2017,20 bis unter 25 Jahre,f,6059
10041100,2017,25 bis unter 30 Jahre,m,7859
10041100,2017,25 bis unter 30 Jahre,f,7000
10041100,2017,5 bis unter 10 Jahre,f,3446
10041100,2017,5 bis unter 10 Jahre,m,3664
10041100,2017,unter 5 Jahre,f,3764
10041100,2017,unter 5 Jahre,m,4069
10041100,2017,10 bis unter 15 Jahre,f,3317
10041100,2017,10 bis unter 15 Jahre,m,3678
10041100,2017,30 bis unter 35 Jahre,m,7068
10041100,2017,30 bis unter 35 Jahre,f,6153
10041100,2017,85 bis unter 90 Jahre,f,2142
10041100,2017,85 bis unter 90 Jahre,m,1142
10041100,2017,40 bis unter 45 Jahre,m,4882
10041100,2017,40 bis unter 45 Jahre,f,4686
10041100,2017,15 bis unter 20 Jahre,m,4319
10041100,2017,15 bis unter 20 Jahre,f,3925
10041100,2017,55 bis unter 60 Jahre,f,6881
10041100,2017,55 bis unter 60 Jahre,m,6950
10041100,2017,45 bis unter 50 Jahre,m,5811
10041100,2017,45 bis unter 50 Jahre,f,5760
09677,2017,55 bis unter 60 Jahre,m,5687
09677,2017,55 bis unter 60 Jahre,f,5465
09677,2017,35 bis unter 40 Jahre,m,3624
09677,2017,35 bis unter 40 Jahre,f,3468
09677,2017,75 bis unter 80 Jahre,m,2951
09677,2017,75 bis unter 80 Jahre,f,3576
09677,2017,20 bis unter 25 Jahre,f,3040
09677,2017,20 bis unter 25 Jahre,m,3648
09677,2017,40 bis unter 45 Jahre,m,3407
09677,2017,40 bis unter 45 Jahre,f,3479
09677,2017,60 bis unter 65 Jahre,f,4653
09677,2017,60 bis unter 65 Jahre,m,4669
09677,2017,unter 5 Jahre,m,2721
09677,2017,unter 5 Jahre,f,2599
09677,2017,15 bis unter 20 Jahre,m,3378
09677,2017,15 bis unter 20 Jahre,f,3078
09677,2017,25 bis unter 30 Jahre,f,3262
09677,2017,25 bis unter 30 Jahre,m,3770
09677,2017,5 bis unter 10 Jahre,f,2492
09677,2017,5 bis unter 10 Jahre,m,2549
09677,2017,30 bis unter 35 Jahre,f,3262
09677,2017,30 bis unter 35 Jahre,m,3609
09677,2017,85 bis unter 90 Jahre,m,872
09677,2017,85 bis unter 90 Jahre,f,1538
09677,2017,10 bis unter 15 Jahre,m,2775
09677,2017,10 bis unter 15 Jahre,f,2686
09677,2017,45 bis unter 50 Jahre,m,4644
09677,2017,45 bis unter 50 Jahre,f,4714
09677,2017,90 bis unter 95 Jahre,f,710
09677,2017,90 bis unter 95 Jahre,m,279
09677,2017,70 bis unter 75 Jahre,f,2798
09677,2017,70 bis unter 75 Jahre,m,2582
09677,2017,50 bis unter 55 Jahre,f,5706
09677,2017,50 bis unter 55 Jahre,m,5700
09677,2017,65 bis unter 70 Jahre,m,4170
09677,2017,65 bis unter 70 Jahre,f,3966
09677,2017,95 Jahre und mehr,f,173
09677,2017,95 Jahre und mehr,m,43
09677,2017,80 bis unter 85 Jahre,m,2010
09677,2017,80 bis unter 85 Jahre,f,2770
05754,2017,90 bis unter 95 Jahre,m,676
05754,2017,90 bis unter 95 Jahre,f,1875
05754,2017,15 bis unter 20 Jahre,f,9931
05754,2017,15 bis unter 20 Jahre,m,10978
05754,2017,50 bis unter 55 Jahre,m,16242
05754,2017,50 bis unter 55 Jahre,f,15843
05754,2017,70 bis unter 75 Jahre,m,6431
05754,2017,70 bis unter 75 Jahre,f,7242
05754,2017,35 bis unter 40 Jahre,f,10618
05754,2017,35 bis unter 40 Jahre,m,11017
05754,2017,30 bis unter 35 Jahre,m,11375
05754,2017,30 bis unter 35 Jahre,f,10374
05754,2017,65 bis unter 70 Jahre,m,8974
05754,2017,65 bis unter 70 Jahre,f,9415
05754,2017,unter 5 Jahre,f,8557
05754,2017,unter 5 Jahre,m,9077
05754,2017,75 bis unter 80 Jahre,f,9324
05754,2017,75 bis unter 80 Jahre,m,7510
05754,2017,5 bis unter 10 Jahre,m,8728
05754,2017,5 bis unter 10 Jahre,f,8386
05754,2017,95 Jahre und mehr,f,537
05754,2017,95 Jahre und mehr,m,116
05754,2017,20 bis unter 25 Jahre,f,9792
05754,2017,20 bis unter 25 Jahre,m,11588
05754,2017,85 bis unter 90 Jahre,f,4121
05754,2017,85 bis unter 90 Jahre,m,2288
05754,2017,40 bis unter 45 Jahre,f,10980
05754,2017,40 bis unter 45 Jahre,m,10729
05754,2017,10 bis unter 15 Jahre,m,9510
05754,2017,10 bis unter 15 Jahre,f,8874
05754,2017,80 bis unter 85 Jahre,m,4879
05754,2017,80 bis unter 85 Jahre,f,6861
05754,2017,25 bis unter 30 Jahre,f,9965
05754,2017,25 bis unter 30 Jahre,m,11877
05754,2017,55 bis unter 60 Jahre,m,14309
05754,2017,55 bis unter 60 Jahre,f,14009
05754,2017,60 bis unter 65 Jahre,f,11316
05754,2017,60 bis unter 65 Jahre,m,11092
05754,2017,45 bis unter 50 Jahre,m,13986
05754,2017,45 bis unter 50 Jahre,f,13647
08118,2017,25 bis unter 30 Jahre,m,18258
08118,2017,25 bis unter 30 Jahre,f,17155
08118,2017,70 bis unter 75 Jahre,f,12028
08118,2017,70 bis unter 75 Jahre,m,10342
08118,2017,50 bis unter 55 Jahre,f,22175
08118,2017,50 bis unter 55 Jahre,m,23318
08118,2017,5 bis unter 10 Jahre,m,13099
08118,2017,5 bis unter 10 Jahre,f,12462
08118,2017,10 bis unter 15 Jahre,m,13151
08118,2017,10 bis unter 15 Jahre,f,12672
08118,2017,85 bis unter 90 Jahre,f,5624
08118,2017,85 bis unter 90 Jahre,m,3370
08118,2017,45 bis unter 50 Jahre,m,20626
08118,2017,45 bis unter 50 Jahre,f,20075
08118,2017,90 bis unter 95 Jahre,f,2475
08118,2017,90 bis unter 95 Jahre,m,964
08118,2017,30 bis unter 35 Jahre,f,17225
08118,2017,30 bis unter 35 Jahre,m,18186
08118,2017,80 bis unter 85 Jahre,m,7488
08118,2017,80 bis unter 85 Jahre,f,9961
08118,2017,unter 5 Jahre,f,13524
08118,2017,unter 5 Jahre,m,14260
08118,2017,65 bis unter 70 Jahre,f,14597
08118,2017,65 bis unter 70 Jahre,m,12759
08118,2017,55 bis unter 60 Jahre,m,19910
08118,2017,55 bis unter 60 Jahre,f,19669
08118,2017,75 bis unter 80 Jahre,f,14468
08118,2017,75 bis unter 80 Jahre,m,11789
08118,2017,60 bis unter 65 Jahre,f,16451
08118,2017,60 bis unter 65 Jahre,m,15666
08118,2017,15 bis unter 20 Jahre,m,14648
08118,2017,15 bis unter 20 Jahre,f,13221
08118,2017,40 bis unter 45 Jahre,f,17129
08118,2017,40 bis unter 45 Jahre,m,17371
08118,2017,20 bis unter 25 Jahre,f,14062
08118,2017,20 bis unter 25 Jahre,m,15639
08118,2017,95 Jahre und mehr,m,167
08118,2017,95 Jahre und mehr,f,620
08118,2017,35 bis unter 40 Jahre,m,18283
08118,2017,35 bis unter 40 Jahre,f,17743
09163,2017,65 bis unter 70 Jahre,f,1823
09163,2017,65 bis unter 70 Jahre,m,1493
09163,2017,95 Jahre und mehr,m,25
09163,2017,95 Jahre und mehr,f,96
09163,2017,85 bis unter 90 Jahre,f,626
09163,2017,85 bis unter 90 Jahre,m,361
09163,2017,30 bis unter 35 Jahre,f,2179
09163,2017,30 bis unter 35 Jahre,m,2491
09163,2017,10 bis unter 15 Jahre,f,1346
09163,2017,10 bis unter 15 Jahre,m,1419
09163,2017,90 bis unter 95 Jahre,f,345
09163,2017,90 bis unter 95 Jahre,m,101
09163,2017,45 bis unter 50 Jahre,m,2230
09163,2017,45 bis unter 50 Jahre,f,2116
09163,2017,25 bis unter 30 Jahre,f,2253
09163,2017,25 bis unter 30 Jahre,m,2645
09163,2017,5 bis unter 10 Jahre,m,1380
09163,2017,5 bis unter 10 Jahre,f,1355
09163,2017,80 bis unter 85 Jahre,m,735
09163,2017,80 bis unter 85 Jahre,f,1131
09163,2017,50 bis unter 55 Jahre,f,2466
09163,2017,50 bis unter 55 Jahre,m,2519
09163,2017,40 bis unter 45 Jahre,m,2051
09163,2017,40 bis unter 45 Jahre,f,1983
09163,2017,70 bis unter 75 Jahre,m,1287
09163,2017,70 bis unter 75 Jahre,f,1613
09163,2017,60 bis unter 65 Jahre,m,1612
09163,2017,60 bis unter 65 Jahre,f,1821
09163,2017,35 bis unter 40 Jahre,m,2119
09163,2017,35 bis unter 40 Jahre,f,2048
09163,2017,20 bis unter 25 Jahre,f,2056
09163,2017,20 bis unter 25 Jahre,m,2106
09163,2017,75 bis unter 80 Jahre,f,1714
09163,2017,75 bis unter 80 Jahre,m,1318
09163,2017,55 bis unter 60 Jahre,f,2052
09163,2017,55 bis unter 60 Jahre,m,2025
09163,2017,15 bis unter 20 Jahre,m,1595
09163,2017,15 bis unter 20 Jahre,f,1498
09163,2017,unter 5 Jahre,f,1433
09163,2017,unter 5 Jahre,m,1614
03361,2017,35 bis unter 40 Jahre,f,3940
03361,2017,35 bis unter 40 Jahre,m,3792
03361,2017,unter 5 Jahre,f,3347
03361,2017,unter 5 Jahre,m,3426
03361,2017,55 bis unter 60 Jahre,f,5543
03361,2017,55 bis unter 60 Jahre,m,5285
03361,2017,95 Jahre und mehr,f,220
03361,2017,95 Jahre und mehr,m,56
03361,2017,20 bis unter 25 Jahre,f,3252
03361,2017,20 bis unter 25 Jahre,m,3907
03361,2017,15 bis unter 20 Jahre,f,3652
03361,2017,15 bis unter 20 Jahre,m,3816
03361,2017,40 bis unter 45 Jahre,f,3809
03361,2017,40 bis unter 45 Jahre,m,3757
03361,2017,70 bis unter 75 Jahre,m,3077
03361,2017,70 bis unter 75 Jahre,f,3291
03361,2017,80 bis unter 85 Jahre,f,2480
03361,2017,80 bis unter 85 Jahre,m,1969
03361,2017,85 bis unter 90 Jahre,m,777
03361,2017,85 bis unter 90 Jahre,f,1532
03361,2017,30 bis unter 35 Jahre,m,3764
03361,2017,30 bis unter 35 Jahre,f,3759
03361,2017,50 bis unter 55 Jahre,m,5991
03361,2017,50 bis unter 55 Jahre,f,6052
03361,2017,25 bis unter 30 Jahre,m,3735
03361,2017,25 bis unter 30 Jahre,f,3426
03361,2017,5 bis unter 10 Jahre,m,3245
03361,2017,5 bis unter 10 Jahre,f,3129
03361,2017,60 bis unter 65 Jahre,f,4666
03361,2017,60 bis unter 65 Jahre,m,4450
03361,2017,45 bis unter 50 Jahre,f,5229
03361,2017,45 bis unter 50 Jahre,m,5106
03361,2017,65 bis unter 70 Jahre,f,4342
03361,2017,65 bis unter 70 Jahre,m,4146
03361,2017,75 bis unter 80 Jahre,m,3301
03361,2017,75 bis unter 80 Jahre,f,3827
03361,2017,10 bis unter 15 Jahre,m,3316
03361,2017,10 bis unter 15 Jahre,f,3198
03361,2017,90 bis unter 95 Jahre,f,723
03361,2017,90 bis unter 95 Jahre,m,257
08226,2017,50 bis unter 55 Jahre,f,23857
08226,2017,50 bis unter 55 Jahre,m,24160
08226,2017,85 bis unter 90 Jahre,f,5989
08226,2017,85 bis unter 90 Jahre,m,3468
08226,2017,30 bis unter 35 Jahre,f,16153
08226,2017,30 bis unter 35 Jahre,m,16230
08226,2017,25 bis unter 30 Jahre,m,16765
08226,2017,25 bis unter 30 Jahre,f,15280
08226,2017,65 bis unter 70 Jahre,f,16613
08226,2017,65 bis unter 70 Jahre,m,14835
08226,2017,70 bis unter 75 Jahre,f,13215
08226,2017,70 bis unter 75 Jahre,m,11408
08226,2017,45 bis unter 50 Jahre,f,20589
08226,2017,45 bis unter 50 Jahre,m,20327
08226,2017,5 bis unter 10 Jahre,m,12869
08226,2017,5 bis unter 10 Jahre,f,12085
08226,2017,10 bis unter 15 Jahre,m,13111
08226,2017,10 bis unter 15 Jahre,f,12173
08226,2017,95 Jahre und mehr,f,734
08226,2017,95 Jahre und mehr,m,154
08226,2017,90 bis unter 95 Jahre,f,2795
08226,2017,90 bis unter 95 Jahre,m,1060
08226,2017,75 bis unter 80 Jahre,m,12505
08226,2017,75 bis unter 80 Jahre,f,15021
08226,2017,80 bis unter 85 Jahre,m,8008
08226,2017,80 bis unter 85 Jahre,f,10558
08226,2017,55 bis unter 60 Jahre,m,21267
08226,2017,55 bis unter 60 Jahre,f,21906
08226,2017,20 bis unter 25 Jahre,f,13807
08226,2017,20 bis unter 25 Jahre,m,15711
08226,2017,unter 5 Jahre,m,13281
08226,2017,unter 5 Jahre,f,12535
08226,2017,40 bis unter 45 Jahre,f,16243
08226,2017,40 bis unter 45 Jahre,m,15655
08226,2017,15 bis unter 20 Jahre,f,13206
08226,2017,15 bis unter 20 Jahre,m,14367
08226,2017,35 bis unter 40 Jahre,m,16573
08226,2017,35 bis unter 40 Jahre,f,17084
08226,2017,60 bis unter 65 Jahre,m,17132
08226,2017,60 bis unter 65 Jahre,f,18016
09472,2017,10 bis unter 15 Jahre,m,2398
09472,2017,10 bis unter 15 Jahre,f,2287
09472,2017,45 bis unter 50 Jahre,m,4089
09472,2017,45 bis unter 50 Jahre,f,4127
09472,2017,90 bis unter 95 Jahre,f,597
09472,2017,90 bis unter 95 Jahre,m,205
09472,2017,85 bis unter 90 Jahre,m,642
09472,2017,85 bis unter 90 Jahre,f,1306
09472,2017,65 bis unter 70 Jahre,m,3161
09472,2017,65 bis unter 70 Jahre,f,3204
09472,2017,30 bis unter 35 Jahre,f,2776
09472,2017,30 bis unter 35 Jahre,m,2791
09472,2017,50 bis unter 55 Jahre,m,4760
09472,2017,50 bis unter 55 Jahre,f,4621
09472,2017,70 bis unter 75 Jahre,f,2349
09472,2017,70 bis unter 75 Jahre,m,2244
09472,2017,25 bis unter 30 Jahre,m,2738
09472,2017,25 bis unter 30 Jahre,f,2589
09472,2017,55 bis unter 60 Jahre,f,4412
09472,2017,55 bis unter 60 Jahre,m,4589
09472,2017,75 bis unter 80 Jahre,f,2937
09472,2017,75 bis unter 80 Jahre,m,2452
09472,2017,unter 5 Jahre,f,2084
09472,2017,unter 5 Jahre,m,2203
09472,2017,80 bis unter 85 Jahre,m,1446
09472,2017,80 bis unter 85 Jahre,f,2234
09472,2017,35 bis unter 40 Jahre,m,3019
09472,2017,35 bis unter 40 Jahre,f,3013
09472,2017,40 bis unter 45 Jahre,m,2970
09472,2017,40 bis unter 45 Jahre,f,2991
09472,2017,20 bis unter 25 Jahre,m,2808
09472,2017,20 bis unter 25 Jahre,f,2435
09472,2017,15 bis unter 20 Jahre,m,2779
09472,2017,15 bis unter 20 Jahre,f,2559
09472,2017,60 bis unter 65 Jahre,f,3676
09472,2017,60 bis unter 65 Jahre,m,3721
09472,2017,95 Jahre und mehr,f,129
09472,2017,95 Jahre und mehr,m,36
09472,2017,5 bis unter 10 Jahre,f,2120
09472,2017,5 bis unter 10 Jahre,m,2308
09277,2017,15 bis unter 20 Jahre,f,3083
09277,2017,15 bis unter 20 Jahre,m,3369
09277,2017,unter 5 Jahre,f,2558
09277,2017,unter 5 Jahre,m,2706
09277,2017,35 bis unter 40 Jahre,f,3523
09277,2017,35 bis unter 40 Jahre,m,3637
09277,2017,20 bis unter 25 Jahre,f,3358
09277,2017,20 bis unter 25 Jahre,m,3881
09277,2017,70 bis unter 75 Jahre,m,2454
09277,2017,70 bis unter 75 Jahre,f,2703
09277,2017,40 bis unter 45 Jahre,f,3361
09277,2017,40 bis unter 45 Jahre,m,3601
09277,2017,55 bis unter 60 Jahre,f,4927
09277,2017,55 bis unter 60 Jahre,m,4889
09277,2017,85 bis unter 90 Jahre,m,796
09277,2017,85 bis unter 90 Jahre,f,1500
09277,2017,45 bis unter 50 Jahre,m,4613
09277,2017,45 bis unter 50 Jahre,f,4343
09277,2017,90 bis unter 95 Jahre,f,619
09277,2017,90 bis unter 95 Jahre,m,255
09277,2017,10 bis unter 15 Jahre,m,2765
09277,2017,10 bis unter 15 Jahre,f,2721
09277,2017,80 bis unter 85 Jahre,f,2365
09277,2017,80 bis unter 85 Jahre,m,1653
09277,2017,65 bis unter 70 Jahre,m,3379
09277,2017,65 bis unter 70 Jahre,f,3491
09277,2017,75 bis unter 80 Jahre,f,3268
09277,2017,75 bis unter 80 Jahre,m,2752
09277,2017,5 bis unter 10 Jahre,f,2479
09277,2017,5 bis unter 10 Jahre,m,2677
09277,2017,60 bis unter 65 Jahre,m,4007
09277,2017,60 bis unter 65 Jahre,f,4078
09277,2017,95 Jahre und mehr,f,168
09277,2017,95 Jahre und mehr,m,39
09277,2017,30 bis unter 35 Jahre,f,3317
09277,2017,30 bis unter 35 Jahre,m,3605
09277,2017,25 bis unter 30 Jahre,m,3874
09277,2017,25 bis unter 30 Jahre,f,3342
09277,2017,50 bis unter 55 Jahre,m,5205
09277,2017,50 bis unter 55 Jahre,f,5010
09376,2017,90 bis unter 95 Jahre,f,748
09376,2017,90 bis unter 95 Jahre,m,248
09376,2017,45 bis unter 50 Jahre,m,5685
09376,2017,45 bis unter 50 Jahre,f,5480
09376,2017,10 bis unter 15 Jahre,m,3371
09376,2017,10 bis unter 15 Jahre,f,3233
09376,2017,65 bis unter 70 Jahre,m,4264
09376,2017,65 bis unter 70 Jahre,f,4249
09376,2017,30 bis unter 35 Jahre,m,4598
09376,2017,30 bis unter 35 Jahre,f,4110
09376,2017,5 bis unter 10 Jahre,m,3115
09376,2017,5 bis unter 10 Jahre,f,2980
09376,2017,85 bis unter 90 Jahre,f,1742
09376,2017,85 bis unter 90 Jahre,m,952
09376,2017,70 bis unter 75 Jahre,f,3012
09376,2017,70 bis unter 75 Jahre,m,2729
09376,2017,25 bis unter 30 Jahre,m,4805
09376,2017,25 bis unter 30 Jahre,f,4150
09376,2017,50 bis unter 55 Jahre,m,6571
09376,2017,50 bis unter 55 Jahre,f,6126
09376,2017,95 Jahre und mehr,m,57
09376,2017,95 Jahre und mehr,f,145
09376,2017,35 bis unter 40 Jahre,f,4374
09376,2017,35 bis unter 40 Jahre,m,4585
09376,2017,unter 5 Jahre,f,3080
09376,2017,unter 5 Jahre,m,3288
09376,2017,60 bis unter 65 Jahre,m,5052
09376,2017,60 bis unter 65 Jahre,f,4906
09376,2017,55 bis unter 60 Jahre,f,5890
09376,2017,55 bis unter 60 Jahre,m,6205
09376,2017,80 bis unter 85 Jahre,f,2942
09376,2017,80 bis unter 85 Jahre,m,1893
09376,2017,75 bis unter 80 Jahre,m,3018
09376,2017,75 bis unter 80 Jahre,f,3799
09376,2017,20 bis unter 25 Jahre,f,3919
09376,2017,20 bis unter 25 Jahre,m,4556
09376,2017,15 bis unter 20 Jahre,m,4018
09376,2017,15 bis unter 20 Jahre,f,3673
09376,2017,40 bis unter 45 Jahre,m,4643
09376,2017,40 bis unter 45 Jahre,f,4276
07232,2017,75 bis unter 80 Jahre,m,2082
07232,2017,75 bis unter 80 Jahre,f,2476
07232,2017,40 bis unter 45 Jahre,m,2758
07232,2017,40 bis unter 45 Jahre,f,2666
07232,2017,55 bis unter 60 Jahre,m,4172
07232,2017,55 bis unter 60 Jahre,f,4022
07232,2017,35 bis unter 40 Jahre,m,2927
07232,2017,35 bis unter 40 Jahre,f,2769
07232,2017,unter 5 Jahre,m,2396
07232,2017,unter 5 Jahre,f,2231
07232,2017,80 bis unter 85 Jahre,f,1943
07232,2017,80 bis unter 85 Jahre,m,1334
07232,2017,20 bis unter 25 Jahre,m,2837
07232,2017,20 bis unter 25 Jahre,f,2459
07232,2017,60 bis unter 65 Jahre,f,3420
07232,2017,60 bis unter 65 Jahre,m,3565
07232,2017,25 bis unter 30 Jahre,f,2802
07232,2017,25 bis unter 30 Jahre,m,3246
07232,2017,5 bis unter 10 Jahre,f,2064
07232,2017,5 bis unter 10 Jahre,m,2310
07232,2017,95 Jahre und mehr,f,135
07232,2017,95 Jahre und mehr,m,26
07232,2017,15 bis unter 20 Jahre,m,2672
07232,2017,15 bis unter 20 Jahre,f,2477
07232,2017,50 bis unter 55 Jahre,f,4314
07232,2017,50 bis unter 55 Jahre,m,4516
07232,2017,30 bis unter 35 Jahre,m,2965
07232,2017,30 bis unter 35 Jahre,f,2838
07232,2017,65 bis unter 70 Jahre,m,2970
07232,2017,65 bis unter 70 Jahre,f,2896
07232,2017,70 bis unter 75 Jahre,m,1757
07232,2017,70 bis unter 75 Jahre,f,1787
07232,2017,85 bis unter 90 Jahre,m,637
07232,2017,85 bis unter 90 Jahre,f,1226
07232,2017,90 bis unter 95 Jahre,m,218
07232,2017,90 bis unter 95 Jahre,f,599
07232,2017,10 bis unter 15 Jahre,m,2375
07232,2017,10 bis unter 15 Jahre,f,2175
07232,2017,45 bis unter 50 Jahre,f,3584
07232,2017,45 bis unter 50 Jahre,m,3567
07312,2017,unter 5 Jahre,f,2064
07312,2017,unter 5 Jahre,m,2266
07312,2017,35 bis unter 40 Jahre,f,2731
07312,2017,35 bis unter 40 Jahre,m,2893
07312,2017,55 bis unter 60 Jahre,f,3645
07312,2017,55 bis unter 60 Jahre,m,3561
07312,2017,75 bis unter 80 Jahre,f,2726
07312,2017,75 bis unter 80 Jahre,m,2046
07312,2017,70 bis unter 75 Jahre,m,1774
07312,2017,70 bis unter 75 Jahre,f,2271
07312,2017,40 bis unter 45 Jahre,f,2583
07312,2017,40 bis unter 45 Jahre,m,2490
07312,2017,15 bis unter 20 Jahre,f,2234
07312,2017,15 bis unter 20 Jahre,m,2427
07312,2017,65 bis unter 70 Jahre,m,2513
07312,2017,65 bis unter 70 Jahre,f,2888
07312,2017,85 bis unter 90 Jahre,m,632
07312,2017,85 bis unter 90 Jahre,f,1117
07312,2017,20 bis unter 25 Jahre,m,5232
07312,2017,20 bis unter 25 Jahre,f,3735
07312,2017,95 Jahre und mehr,m,40
07312,2017,95 Jahre und mehr,f,138
07312,2017,10 bis unter 15 Jahre,m,1986
07312,2017,10 bis unter 15 Jahre,f,1810
07312,2017,90 bis unter 95 Jahre,m,207
07312,2017,90 bis unter 95 Jahre,f,552
07312,2017,45 bis unter 50 Jahre,f,3106
07312,2017,45 bis unter 50 Jahre,m,3083
07312,2017,30 bis unter 35 Jahre,f,3126
07312,2017,30 bis unter 35 Jahre,m,3733
07312,2017,5 bis unter 10 Jahre,f,1946
07312,2017,5 bis unter 10 Jahre,m,1995
07312,2017,25 bis unter 30 Jahre,f,3829
07312,2017,25 bis unter 30 Jahre,m,5497
07312,2017,50 bis unter 55 Jahre,f,3647
07312,2017,50 bis unter 55 Jahre,m,3663
07312,2017,80 bis unter 85 Jahre,m,1289
07312,2017,80 bis unter 85 Jahre,f,1920
07312,2017,60 bis unter 65 Jahre,m,2980
07312,2017,60 bis unter 65 Jahre,f,3309
08311,2017,40 bis unter 45 Jahre,m,6416
08311,2017,40 bis unter 45 Jahre,f,6657
08311,2017,20 bis unter 25 Jahre,m,9434
08311,2017,20 bis unter 25 Jahre,f,12379
08311,2017,75 bis unter 80 Jahre,m,3519
08311,2017,75 bis unter 80 Jahre,f,4894
08311,2017,55 bis unter 60 Jahre,m,6911
08311,2017,55 bis unter 60 Jahre,f,7221
08311,2017,60 bis unter 65 Jahre,m,5577
08311,2017,60 bis unter 65 Jahre,f,6171
08311,2017,35 bis unter 40 Jahre,m,7964
08311,2017,35 bis unter 40 Jahre,f,7720
08311,2017,15 bis unter 20 Jahre,m,5620
08311,2017,15 bis unter 20 Jahre,f,5568
08311,2017,unter 5 Jahre,m,5961
08311,2017,unter 5 Jahre,f,5505
08311,2017,95 Jahre und mehr,m,106
08311,2017,95 Jahre und mehr,f,404
08311,2017,10 bis unter 15 Jahre,f,4811
08311,2017,10 bis unter 15 Jahre,m,4644
08311,2017,65 bis unter 70 Jahre,f,5267
08311,2017,65 bis unter 70 Jahre,m,4638
08311,2017,45 bis unter 50 Jahre,f,7261
08311,2017,45 bis unter 50 Jahre,m,7082
08311,2017,80 bis unter 85 Jahre,f,3522
08311,2017,80 bis unter 85 Jahre,m,2334
08311,2017,70 bis unter 75 Jahre,m,3483
08311,2017,70 bis unter 75 Jahre,f,4233
08311,2017,90 bis unter 95 Jahre,f,1235
08311,2017,90 bis unter 95 Jahre,m,443
08311,2017,85 bis unter 90 Jahre,m,1211
08311,2017,85 bis unter 90 Jahre,f,2214
08311,2017,30 bis unter 35 Jahre,m,9928
08311,2017,30 bis unter 35 Jahre,f,9864
08311,2017,25 bis unter 30 Jahre,m,11311
08311,2017,25 bis unter 30 Jahre,f,12381
08311,2017,50 bis unter 55 Jahre,m,7876
08311,2017,50 bis unter 55 Jahre,f,7982
08311,2017,5 bis unter 10 Jahre,f,4810
08311,2017,5 bis unter 10 Jahre,m,5079
01060,2017,85 bis unter 90 Jahre,m,1588
01060,2017,85 bis unter 90 Jahre,f,2649
01060,2017,50 bis unter 55 Jahre,m,12857
01060,2017,50 bis unter 55 Jahre,f,12552
01060,2017,65 bis unter 70 Jahre,m,7290
01060,2017,65 bis unter 70 Jahre,f,8093
01060,2017,25 bis unter 30 Jahre,m,7443
01060,2017,25 bis unter 30 Jahre,f,6785
01060,2017,70 bis unter 75 Jahre,f,7094
01060,2017,70 bis unter 75 Jahre,m,6287
01060,2017,90 bis unter 95 Jahre,m,465
01060,2017,90 bis unter 95 Jahre,f,1215
01060,2017,10 bis unter 15 Jahre,m,6760
01060,2017,10 bis unter 15 Jahre,f,6388
01060,2017,95 Jahre und mehr,f,413
01060,2017,95 Jahre und mehr,m,91
01060,2017,35 bis unter 40 Jahre,f,8616
01060,2017,35 bis unter 40 Jahre,m,8370
01060,2017,30 bis unter 35 Jahre,f,7735
01060,2017,30 bis unter 35 Jahre,m,7866
01060,2017,5 bis unter 10 Jahre,f,6030
01060,2017,5 bis unter 10 Jahre,m,6568
01060,2017,40 bis unter 45 Jahre,f,8368
01060,2017,40 bis unter 45 Jahre,m,8224
01060,2017,15 bis unter 20 Jahre,f,6874
01060,2017,15 bis unter 20 Jahre,m,7563
01060,2017,60 bis unter 65 Jahre,m,8195
01060,2017,60 bis unter 65 Jahre,f,8757
01060,2017,75 bis unter 80 Jahre,m,6788
01060,2017,75 bis unter 80 Jahre,f,8011
01060,2017,55 bis unter 60 Jahre,m,10608
01060,2017,55 bis unter 60 Jahre,f,10505
01060,2017,20 bis unter 25 Jahre,m,7402
01060,2017,20 bis unter 25 Jahre,f,6139
01060,2017,80 bis unter 85 Jahre,f,5450
01060,2017,80 bis unter 85 Jahre,m,4092
01060,2017,unter 5 Jahre,m,6309
01060,2017,unter 5 Jahre,f,6102
01060,2017,45 bis unter 50 Jahre,f,10779
01060,2017,45 bis unter 50 Jahre,m,10704
09572,2017,55 bis unter 60 Jahre,f,5537
09572,2017,55 bis unter 60 Jahre,m,5494
09572,2017,20 bis unter 25 Jahre,f,3163
09572,2017,20 bis unter 25 Jahre,m,3680
09572,2017,35 bis unter 40 Jahre,f,4478
09572,2017,35 bis unter 40 Jahre,m,4374
09572,2017,40 bis unter 45 Jahre,f,4054
09572,2017,40 bis unter 45 Jahre,m,4042
09572,2017,unter 5 Jahre,f,3257
09572,2017,unter 5 Jahre,m,3474
09572,2017,15 bis unter 20 Jahre,f,3402
09572,2017,15 bis unter 20 Jahre,m,3668
09572,2017,90 bis unter 95 Jahre,m,231
09572,2017,90 bis unter 95 Jahre,f,557
09572,2017,60 bis unter 65 Jahre,f,4657
09572,2017,60 bis unter 65 Jahre,m,4588
09572,2017,75 bis unter 80 Jahre,f,3504
09572,2017,75 bis unter 80 Jahre,m,3006
09572,2017,85 bis unter 90 Jahre,m,823
09572,2017,85 bis unter 90 Jahre,f,1303
09572,2017,65 bis unter 70 Jahre,m,3805
09572,2017,65 bis unter 70 Jahre,f,4038
09572,2017,10 bis unter 15 Jahre,m,3340
09572,2017,10 bis unter 15 Jahre,f,3075
09572,2017,30 bis unter 35 Jahre,m,3886
09572,2017,30 bis unter 35 Jahre,f,3961
09572,2017,5 bis unter 10 Jahre,f,3167
09572,2017,5 bis unter 10 Jahre,m,3296
09572,2017,45 bis unter 50 Jahre,f,5154
09572,2017,45 bis unter 50 Jahre,m,5088
09572,2017,95 Jahre und mehr,f,139
09572,2017,95 Jahre und mehr,m,22
09572,2017,50 bis unter 55 Jahre,f,5893
09572,2017,50 bis unter 55 Jahre,m,6002
09572,2017,80 bis unter 85 Jahre,m,1740
09572,2017,80 bis unter 85 Jahre,f,2277
09572,2017,25 bis unter 30 Jahre,f,3490
09572,2017,25 bis unter 30 Jahre,m,3753
09572,2017,70 bis unter 75 Jahre,m,2947
09572,2017,70 bis unter 75 Jahre,f,2969
08231,2017,10 bis unter 15 Jahre,f,2856
08231,2017,10 bis unter 15 Jahre,m,3005
08231,2017,45 bis unter 50 Jahre,f,4109
08231,2017,45 bis unter 50 Jahre,m,4225
08231,2017,25 bis unter 30 Jahre,f,4521
08231,2017,25 bis unter 30 Jahre,m,4884
08231,2017,30 bis unter 35 Jahre,f,3954
08231,2017,30 bis unter 35 Jahre,m,4637
08231,2017,90 bis unter 95 Jahre,f,748
08231,2017,90 bis unter 95 Jahre,m,295
08231,2017,95 Jahre und mehr,f,237
08231,2017,95 Jahre und mehr,m,57
08231,2017,80 bis unter 85 Jahre,m,1667
08231,2017,80 bis unter 85 Jahre,f,2632
08231,2017,50 bis unter 55 Jahre,f,4522
08231,2017,50 bis unter 55 Jahre,m,4579
08231,2017,65 bis unter 70 Jahre,f,3553
08231,2017,65 bis unter 70 Jahre,m,2910
08231,2017,5 bis unter 10 Jahre,m,2997
08231,2017,5 bis unter 10 Jahre,f,2746
08231,2017,75 bis unter 80 Jahre,m,2483
08231,2017,75 bis unter 80 Jahre,f,3286
08231,2017,unter 5 Jahre,m,3218
08231,2017,unter 5 Jahre,f,3238
08231,2017,20 bis unter 25 Jahre,m,4145
08231,2017,20 bis unter 25 Jahre,f,3989
08231,2017,85 bis unter 90 Jahre,m,829
08231,2017,85 bis unter 90 Jahre,f,1590
08231,2017,55 bis unter 60 Jahre,f,4348
08231,2017,55 bis unter 60 Jahre,m,4329
08231,2017,35 bis unter 40 Jahre,f,3818
08231,2017,35 bis unter 40 Jahre,m,4052
08231,2017,40 bis unter 45 Jahre,f,3516
08231,2017,40 bis unter 45 Jahre,m,3632
08231,2017,15 bis unter 20 Jahre,m,3444
08231,2017,15 bis unter 20 Jahre,f,3071
08231,2017,60 bis unter 65 Jahre,f,3805
08231,2017,60 bis unter 65 Jahre,m,3459
08231,2017,70 bis unter 75 Jahre,m,2185
08231,2017,70 bis unter 75 Jahre,f,2718
01051,2017,30 bis unter 35 Jahre,f,3170
01051,2017,30 bis unter 35 Jahre,m,3393
01051,2017,65 bis unter 70 Jahre,f,4489
01051,2017,65 bis unter 70 Jahre,m,4374
01051,2017,50 bis unter 55 Jahre,f,5897
01051,2017,50 bis unter 55 Jahre,m,5849
01051,2017,5 bis unter 10 Jahre,m,2848
01051,2017,5 bis unter 10 Jahre,f,2734
01051,2017,45 bis unter 50 Jahre,f,4972
01051,2017,45 bis unter 50 Jahre,m,4947
01051,2017,10 bis unter 15 Jahre,f,2973
01051,2017,10 bis unter 15 Jahre,m,3178
01051,2017,25 bis unter 30 Jahre,f,3197
01051,2017,25 bis unter 30 Jahre,m,3676
01051,2017,90 bis unter 95 Jahre,f,767
01051,2017,90 bis unter 95 Jahre,m,268
01051,2017,80 bis unter 85 Jahre,m,2254
01051,2017,80 bis unter 85 Jahre,f,2978
01051,2017,85 bis unter 90 Jahre,m,871
01051,2017,85 bis unter 90 Jahre,f,1548
01051,2017,75 bis unter 80 Jahre,m,3701
01051,2017,75 bis unter 80 Jahre,f,4283
01051,2017,55 bis unter 60 Jahre,m,5253
01051,2017,55 bis unter 60 Jahre,f,5484
01051,2017,unter 5 Jahre,m,2723
01051,2017,unter 5 Jahre,f,2645
01051,2017,20 bis unter 25 Jahre,f,3443
01051,2017,20 bis unter 25 Jahre,m,3994
01051,2017,95 Jahre und mehr,f,199
01051,2017,95 Jahre und mehr,m,61
01051,2017,40 bis unter 45 Jahre,f,3494
01051,2017,40 bis unter 45 Jahre,m,3532
01051,2017,60 bis unter 65 Jahre,f,4732
01051,2017,60 bis unter 65 Jahre,m,4516
01051,2017,15 bis unter 20 Jahre,m,3709
01051,2017,15 bis unter 20 Jahre,f,3615
01051,2017,35 bis unter 40 Jahre,m,3324
01051,2017,35 bis unter 40 Jahre,f,3362
01051,2017,70 bis unter 75 Jahre,m,3440
01051,2017,70 bis unter 75 Jahre,f,3554
08222,2017,60 bis unter 65 Jahre,m,8246
08222,2017,60 bis unter 65 Jahre,f,8656
08222,2017,80 bis unter 85 Jahre,m,3832
08222,2017,80 bis unter 85 Jahre,f,5403
08222,2017,20 bis unter 25 Jahre,m,12164
08222,2017,20 bis unter 25 Jahre,f,11894
08222,2017,40 bis unter 45 Jahre,m,9566
08222,2017,40 bis unter 45 Jahre,f,9075
08222,2017,5 bis unter 10 Jahre,f,6113
08222,2017,5 bis unter 10 Jahre,m,6362
08222,2017,95 Jahre und mehr,f,473
08222,2017,95 Jahre und mehr,m,111
08222,2017,unter 5 Jahre,m,7574
08222,2017,unter 5 Jahre,f,6998
08222,2017,75 bis unter 80 Jahre,m,5703
08222,2017,75 bis unter 80 Jahre,f,7290
08222,2017,45 bis unter 50 Jahre,f,10262
08222,2017,45 bis unter 50 Jahre,m,11007
08222,2017,55 bis unter 60 Jahre,f,10090
08222,2017,55 bis unter 60 Jahre,m,10276
08222,2017,35 bis unter 40 Jahre,m,11083
08222,2017,35 bis unter 40 Jahre,f,10340
08222,2017,10 bis unter 15 Jahre,f,5962
08222,2017,10 bis unter 15 Jahre,m,6532
08222,2017,90 bis unter 95 Jahre,f,1601
08222,2017,90 bis unter 95 Jahre,m,576
08222,2017,65 bis unter 70 Jahre,f,7949
08222,2017,65 bis unter 70 Jahre,m,6705
08222,2017,50 bis unter 55 Jahre,m,12058
08222,2017,50 bis unter 55 Jahre,f,11272
08222,2017,70 bis unter 75 Jahre,m,5600
08222,2017,70 bis unter 75 Jahre,f,6612
08222,2017,85 bis unter 90 Jahre,m,1790
08222,2017,85 bis unter 90 Jahre,f,3316
08222,2017,25 bis unter 30 Jahre,m,13987
08222,2017,25 bis unter 30 Jahre,f,12685
08222,2017,30 bis unter 35 Jahre,f,11356
08222,2017,30 bis unter 35 Jahre,m,12728
08222,2017,15 bis unter 20 Jahre,m,7763
08222,2017,15 bis unter 20 Jahre,f,6987
03151,2017,30 bis unter 35 Jahre,f,5005
03151,2017,30 bis unter 35 Jahre,m,5174
03151,2017,85 bis unter 90 Jahre,f,1731
03151,2017,85 bis unter 90 Jahre,m,1045
03151,2017,50 bis unter 55 Jahre,f,8143
03151,2017,50 bis unter 55 Jahre,m,8189
03151,2017,45 bis unter 50 Jahre,f,6598
03151,2017,45 bis unter 50 Jahre,m,6638
03151,2017,5 bis unter 10 Jahre,m,4171
03151,2017,5 bis unter 10 Jahre,f,4045
03151,2017,95 Jahre und mehr,m,45
03151,2017,95 Jahre und mehr,f,210
03151,2017,70 bis unter 75 Jahre,f,3609
03151,2017,70 bis unter 75 Jahre,m,3281
03151,2017,65 bis unter 70 Jahre,f,4996
03151,2017,65 bis unter 70 Jahre,m,4958
03151,2017,25 bis unter 30 Jahre,m,4990
03151,2017,25 bis unter 30 Jahre,f,4319
03151,2017,90 bis unter 95 Jahre,f,751
03151,2017,90 bis unter 95 Jahre,m,306
03151,2017,10 bis unter 15 Jahre,m,4458
03151,2017,10 bis unter 15 Jahre,f,4193
03151,2017,80 bis unter 85 Jahre,m,2290
03151,2017,80 bis unter 85 Jahre,f,3232
03151,2017,75 bis unter 80 Jahre,m,3867
03151,2017,75 bis unter 80 Jahre,f,4328
03151,2017,unter 5 Jahre,m,4432
03151,2017,unter 5 Jahre,f,4168
03151,2017,55 bis unter 60 Jahre,m,7676
03151,2017,55 bis unter 60 Jahre,f,7310
03151,2017,20 bis unter 25 Jahre,f,4001
03151,2017,20 bis unter 25 Jahre,m,4977
03151,2017,40 bis unter 45 Jahre,f,4947
03151,2017,40 bis unter 45 Jahre,m,4956
03151,2017,15 bis unter 20 Jahre,f,4716
03151,2017,15 bis unter 20 Jahre,m,5165
03151,2017,35 bis unter 40 Jahre,m,5226
03151,2017,35 bis unter 40 Jahre,f,5207
03151,2017,60 bis unter 65 Jahre,m,5899
03151,2017,60 bis unter 65 Jahre,f,5827
05374,2017,35 bis unter 40 Jahre,m,7686
05374,2017,35 bis unter 40 Jahre,f,7782
05374,2017,80 bis unter 85 Jahre,f,5758
05374,2017,80 bis unter 85 Jahre,m,4130
05374,2017,unter 5 Jahre,m,6605
05374,2017,unter 5 Jahre,f,6243
05374,2017,55 bis unter 60 Jahre,m,11174
05374,2017,55 bis unter 60 Jahre,f,11255
05374,2017,75 bis unter 80 Jahre,m,6097
05374,2017,75 bis unter 80 Jahre,f,7693
05374,2017,60 bis unter 65 Jahre,m,9025
05374,2017,60 bis unter 65 Jahre,f,9370
05374,2017,40 bis unter 45 Jahre,f,7657
05374,2017,40 bis unter 45 Jahre,m,7403
05374,2017,20 bis unter 25 Jahre,m,8407
05374,2017,20 bis unter 25 Jahre,f,6988
05374,2017,15 bis unter 20 Jahre,f,7420
05374,2017,15 bis unter 20 Jahre,m,8034
05374,2017,25 bis unter 30 Jahre,f,7042
05374,2017,25 bis unter 30 Jahre,m,8115
05374,2017,95 Jahre und mehr,m,78
05374,2017,95 Jahre und mehr,f,384
05374,2017,45 bis unter 50 Jahre,f,10069
05374,2017,45 bis unter 50 Jahre,m,9631
05374,2017,50 bis unter 55 Jahre,m,12028
05374,2017,50 bis unter 55 Jahre,f,12162
05374,2017,90 bis unter 95 Jahre,f,1557
05374,2017,90 bis unter 95 Jahre,m,531
05374,2017,85 bis unter 90 Jahre,f,3310
05374,2017,85 bis unter 90 Jahre,m,1850
05374,2017,10 bis unter 15 Jahre,m,6752
05374,2017,10 bis unter 15 Jahre,f,6566
05374,2017,5 bis unter 10 Jahre,m,6408
05374,2017,5 bis unter 10 Jahre,f,6206
05374,2017,70 bis unter 75 Jahre,f,5871
05374,2017,70 bis unter 75 Jahre,m,5242
05374,2017,30 bis unter 35 Jahre,m,7851
05374,2017,30 bis unter 35 Jahre,f,7402
05374,2017,65 bis unter 70 Jahre,f,7834
05374,2017,65 bis unter 70 Jahre,m,7352
03256,2017,30 bis unter 35 Jahre,m,3289
03256,2017,30 bis unter 35 Jahre,f,3090
03256,2017,85 bis unter 90 Jahre,m,795
03256,2017,85 bis unter 90 Jahre,f,1602
03256,2017,50 bis unter 55 Jahre,m,5609
03256,2017,50 bis unter 55 Jahre,f,5368
03256,2017,10 bis unter 15 Jahre,m,2973
03256,2017,10 bis unter 15 Jahre,f,2922
03256,2017,90 bis unter 95 Jahre,f,701
03256,2017,90 bis unter 95 Jahre,m,251
03256,2017,15 bis unter 20 Jahre,f,3223
03256,2017,15 bis unter 20 Jahre,m,3587
03256,2017,45 bis unter 50 Jahre,m,4584
03256,2017,45 bis unter 50 Jahre,f,4525
03256,2017,70 bis unter 75 Jahre,m,2473
03256,2017,70 bis unter 75 Jahre,f,2688
03256,2017,unter 5 Jahre,f,2740
03256,2017,unter 5 Jahre,m,2641
03256,2017,20 bis unter 25 Jahre,f,2942
03256,2017,20 bis unter 25 Jahre,m,3556
03256,2017,95 Jahre und mehr,f,206
03256,2017,95 Jahre und mehr,m,51
03256,2017,65 bis unter 70 Jahre,f,3655
03256,2017,65 bis unter 70 Jahre,m,3596
03256,2017,75 bis unter 80 Jahre,f,3436
03256,2017,75 bis unter 80 Jahre,m,2741
03256,2017,40 bis unter 45 Jahre,m,3365
03256,2017,40 bis unter 45 Jahre,f,3246
03256,2017,55 bis unter 60 Jahre,m,5210
03256,2017,55 bis unter 60 Jahre,f,5091
03256,2017,60 bis unter 65 Jahre,m,4280
03256,2017,60 bis unter 65 Jahre,f,4178
03256,2017,80 bis unter 85 Jahre,m,1838
03256,2017,80 bis unter 85 Jahre,f,2662
03256,2017,5 bis unter 10 Jahre,f,2619
03256,2017,5 bis unter 10 Jahre,m,2750
03256,2017,35 bis unter 40 Jahre,m,3301
03256,2017,35 bis unter 40 Jahre,f,3202
03256,2017,25 bis unter 30 Jahre,f,2995
03256,2017,25 bis unter 30 Jahre,m,3489
07134,2017,40 bis unter 45 Jahre,f,2086
07134,2017,40 bis unter 45 Jahre,m,2132
07134,2017,75 bis unter 80 Jahre,f,2388
07134,2017,75 bis unter 80 Jahre,m,1998
07134,2017,95 Jahre und mehr,f,113
07134,2017,95 Jahre und mehr,m,28
07134,2017,20 bis unter 25 Jahre,f,1901
07134,2017,20 bis unter 25 Jahre,m,2208
07134,2017,80 bis unter 85 Jahre,f,1946
07134,2017,80 bis unter 85 Jahre,m,1419
07134,2017,15 bis unter 20 Jahre,m,2188
07134,2017,15 bis unter 20 Jahre,f,1903
07134,2017,60 bis unter 65 Jahre,f,3147
07134,2017,60 bis unter 65 Jahre,m,3077
07134,2017,55 bis unter 60 Jahre,f,3580
07134,2017,55 bis unter 60 Jahre,m,3572
07134,2017,unter 5 Jahre,f,1590
07134,2017,unter 5 Jahre,m,1622
07134,2017,85 bis unter 90 Jahre,m,650
07134,2017,85 bis unter 90 Jahre,f,1152
07134,2017,90 bis unter 95 Jahre,m,215
07134,2017,90 bis unter 95 Jahre,f,531
07134,2017,10 bis unter 15 Jahre,m,1739
07134,2017,10 bis unter 15 Jahre,f,1638
07134,2017,65 bis unter 70 Jahre,m,2785
07134,2017,65 bis unter 70 Jahre,f,2823
07134,2017,5 bis unter 10 Jahre,f,1590
07134,2017,5 bis unter 10 Jahre,m,1657
07134,2017,30 bis unter 35 Jahre,f,2081
07134,2017,30 bis unter 35 Jahre,m,2301
07134,2017,25 bis unter 30 Jahre,f,2068
07134,2017,25 bis unter 30 Jahre,m,2532
07134,2017,45 bis unter 50 Jahre,m,2688
07134,2017,45 bis unter 50 Jahre,f,2783
07134,2017,50 bis unter 55 Jahre,f,3466
07134,2017,50 bis unter 55 Jahre,m,3455
07134,2017,70 bis unter 75 Jahre,m,1605
07134,2017,70 bis unter 75 Jahre,f,1800
07134,2017,35 bis unter 40 Jahre,f,2102
07134,2017,35 bis unter 40 Jahre,m,2169
08315,2017,30 bis unter 35 Jahre,f,7302
08315,2017,30 bis unter 35 Jahre,m,7643
08315,2017,95 Jahre und mehr,m,118
08315,2017,95 Jahre und mehr,f,420
08315,2017,85 bis unter 90 Jahre,f,2821
08315,2017,85 bis unter 90 Jahre,m,1835
08315,2017,5 bis unter 10 Jahre,m,6258
08315,2017,5 bis unter 10 Jahre,f,5875
08315,2017,50 bis unter 55 Jahre,f,11426
08315,2017,50 bis unter 55 Jahre,m,11417
08315,2017,45 bis unter 50 Jahre,f,9714
08315,2017,45 bis unter 50 Jahre,m,9179
08315,2017,25 bis unter 30 Jahre,m,7731
08315,2017,25 bis unter 30 Jahre,f,7170
08315,2017,65 bis unter 70 Jahre,f,7994
08315,2017,65 bis unter 70 Jahre,m,7381
08315,2017,70 bis unter 75 Jahre,f,6056
08315,2017,70 bis unter 75 Jahre,m,5493
08315,2017,90 bis unter 95 Jahre,f,1456
08315,2017,90 bis unter 95 Jahre,m,573
08315,2017,10 bis unter 15 Jahre,m,6573
08315,2017,10 bis unter 15 Jahre,f,6108
08315,2017,75 bis unter 80 Jahre,m,6040
08315,2017,75 bis unter 80 Jahre,f,7195
08315,2017,80 bis unter 85 Jahre,m,3859
08315,2017,80 bis unter 85 Jahre,f,5045
08315,2017,unter 5 Jahre,m,6385
08315,2017,unter 5 Jahre,f,6136
08315,2017,55 bis unter 60 Jahre,m,10116
08315,2017,55 bis unter 60 Jahre,f,10481
08315,2017,20 bis unter 25 Jahre,f,6791
08315,2017,20 bis unter 25 Jahre,m,8079
08315,2017,40 bis unter 45 Jahre,f,7491
08315,2017,40 bis unter 45 Jahre,m,7351
08315,2017,15 bis unter 20 Jahre,f,6695
08315,2017,15 bis unter 20 Jahre,m,7493
08315,2017,35 bis unter 40 Jahre,m,7565
08315,2017,35 bis unter 40 Jahre,f,7791
08315,2017,60 bis unter 65 Jahre,m,8365
08315,2017,60 bis unter 65 Jahre,f,8984
08116,2017,45 bis unter 50 Jahre,f,19735
08116,2017,45 bis unter 50 Jahre,m,20190
08116,2017,10 bis unter 15 Jahre,f,12045
08116,2017,10 bis unter 15 Jahre,m,13031
08116,2017,25 bis unter 30 Jahre,f,16021
08116,2017,25 bis unter 30 Jahre,m,18643
08116,2017,30 bis unter 35 Jahre,f,16214
08116,2017,30 bis unter 35 Jahre,m,17608
08116,2017,5 bis unter 10 Jahre,f,11691
08116,2017,5 bis unter 10 Jahre,m,12157
08116,2017,85 bis unter 90 Jahre,f,5831
08116,2017,85 bis unter 90 Jahre,m,3526
08116,2017,70 bis unter 75 Jahre,f,12326
08116,2017,70 bis unter 75 Jahre,m,10577
08116,2017,95 Jahre und mehr,m,152
08116,2017,95 Jahre und mehr,f,635
08116,2017,65 bis unter 70 Jahre,m,12643
08116,2017,65 bis unter 70 Jahre,f,14530
08116,2017,55 bis unter 60 Jahre,m,19806
08116,2017,55 bis unter 60 Jahre,f,19352
08116,2017,60 bis unter 65 Jahre,m,15166
08116,2017,60 bis unter 65 Jahre,f,15913
08116,2017,unter 5 Jahre,m,12737
08116,2017,unter 5 Jahre,f,12256
08116,2017,35 bis unter 40 Jahre,m,17166
08116,2017,35 bis unter 40 Jahre,f,16741
08116,2017,80 bis unter 85 Jahre,f,10361
08116,2017,80 bis unter 85 Jahre,m,7786
08116,2017,90 bis unter 95 Jahre,f,2382
08116,2017,90 bis unter 95 Jahre,m,1096
08116,2017,20 bis unter 25 Jahre,f,14335
08116,2017,20 bis unter 25 Jahre,m,17333
08116,2017,75 bis unter 80 Jahre,f,14456
08116,2017,75 bis unter 80 Jahre,m,12116
08116,2017,15 bis unter 20 Jahre,m,14422
08116,2017,15 bis unter 20 Jahre,f,13234
08116,2017,40 bis unter 45 Jahre,m,16687
08116,2017,40 bis unter 45 Jahre,f,16268
08116,2017,50 bis unter 55 Jahre,m,23114
08116,2017,50 bis unter 55 Jahre,f,22165
01003,2017,50 bis unter 55 Jahre,m,8744
01003,2017,50 bis unter 55 Jahre,f,8981
01003,2017,30 bis unter 35 Jahre,m,7092
01003,2017,30 bis unter 35 Jahre,f,6620
01003,2017,85 bis unter 90 Jahre,m,1354
01003,2017,85 bis unter 90 Jahre,f,2768
01003,2017,70 bis unter 75 Jahre,m,4750
01003,2017,70 bis unter 75 Jahre,f,5904
01003,2017,15 bis unter 20 Jahre,f,4969
01003,2017,15 bis unter 20 Jahre,m,5057
01003,2017,90 bis unter 95 Jahre,f,1584
01003,2017,90 bis unter 95 Jahre,m,478
01003,2017,45 bis unter 50 Jahre,m,7579
01003,2017,45 bis unter 50 Jahre,f,7676
01003,2017,20 bis unter 25 Jahre,f,6576
01003,2017,20 bis unter 25 Jahre,m,6798
01003,2017,65 bis unter 70 Jahre,f,6537
01003,2017,65 bis unter 70 Jahre,m,5582
01003,2017,10 bis unter 15 Jahre,f,4365
01003,2017,10 bis unter 15 Jahre,m,4601
01003,2017,unter 5 Jahre,f,4469
01003,2017,unter 5 Jahre,m,4909
01003,2017,75 bis unter 80 Jahre,f,6967
01003,2017,75 bis unter 80 Jahre,m,5383
01003,2017,40 bis unter 45 Jahre,m,5935
01003,2017,40 bis unter 45 Jahre,f,6168
01003,2017,80 bis unter 85 Jahre,m,3371
01003,2017,80 bis unter 85 Jahre,f,5022
01003,2017,55 bis unter 60 Jahre,m,7577
01003,2017,55 bis unter 60 Jahre,f,8108
01003,2017,60 bis unter 65 Jahre,m,6096
01003,2017,60 bis unter 65 Jahre,f,6951
01003,2017,35 bis unter 40 Jahre,m,6354
01003,2017,35 bis unter 40 Jahre,f,6608
01003,2017,5 bis unter 10 Jahre,f,4272
01003,2017,5 bis unter 10 Jahre,m,4498
01003,2017,95 Jahre und mehr,f,431
01003,2017,95 Jahre und mehr,m,99
01003,2017,25 bis unter 30 Jahre,f,7458
01003,2017,25 bis unter 30 Jahre,m,7627
03359,2017,50 bis unter 55 Jahre,m,8921
03359,2017,50 bis unter 55 Jahre,f,8680
03359,2017,85 bis unter 90 Jahre,m,1070
03359,2017,85 bis unter 90 Jahre,f,2048
03359,2017,95 Jahre und mehr,f,268
03359,2017,95 Jahre und mehr,m,56
03359,2017,70 bis unter 75 Jahre,m,4371
03359,2017,70 bis unter 75 Jahre,f,4914
03359,2017,10 bis unter 15 Jahre,m,4973
03359,2017,10 bis unter 15 Jahre,f,4836
03359,2017,30 bis unter 35 Jahre,m,5966
03359,2017,30 bis unter 35 Jahre,f,5622
03359,2017,90 bis unter 95 Jahre,f,955
03359,2017,90 bis unter 95 Jahre,m,331
03359,2017,15 bis unter 20 Jahre,f,5550
03359,2017,15 bis unter 20 Jahre,m,5816
03359,2017,45 bis unter 50 Jahre,m,7627
03359,2017,45 bis unter 50 Jahre,f,7369
03359,2017,55 bis unter 60 Jahre,f,7771
03359,2017,55 bis unter 60 Jahre,m,7845
03359,2017,20 bis unter 25 Jahre,f,5050
03359,2017,20 bis unter 25 Jahre,m,5885
03359,2017,65 bis unter 70 Jahre,f,6089
03359,2017,65 bis unter 70 Jahre,m,5730
03359,2017,unter 5 Jahre,f,4649
03359,2017,unter 5 Jahre,m,4998
03359,2017,75 bis unter 80 Jahre,f,5559
03359,2017,75 bis unter 80 Jahre,m,4894
03359,2017,60 bis unter 65 Jahre,m,6149
03359,2017,60 bis unter 65 Jahre,f,6529
03359,2017,80 bis unter 85 Jahre,m,2804
03359,2017,80 bis unter 85 Jahre,f,3750
03359,2017,35 bis unter 40 Jahre,m,5955
03359,2017,35 bis unter 40 Jahre,f,5948
03359,2017,5 bis unter 10 Jahre,f,4481
03359,2017,5 bis unter 10 Jahre,m,4976
03359,2017,40 bis unter 45 Jahre,f,6000
03359,2017,40 bis unter 45 Jahre,m,5969
03359,2017,25 bis unter 30 Jahre,m,6094
03359,2017,25 bis unter 30 Jahre,f,5389
09179,2017,85 bis unter 90 Jahre,m,1381
09179,2017,85 bis unter 90 Jahre,f,2056
09179,2017,30 bis unter 35 Jahre,m,6329
09179,2017,30 bis unter 35 Jahre,f,6273
09179,2017,70 bis unter 75 Jahre,m,4954
09179,2017,70 bis unter 75 Jahre,f,5911
09179,2017,65 bis unter 70 Jahre,m,5143
09179,2017,65 bis unter 70 Jahre,f,6144
09179,2017,90 bis unter 95 Jahre,f,1049
09179,2017,90 bis unter 95 Jahre,m,424
09179,2017,45 bis unter 50 Jahre,m,8397
09179,2017,45 bis unter 50 Jahre,f,8245
09179,2017,50 bis unter 55 Jahre,m,9343
09179,2017,50 bis unter 55 Jahre,f,9395
09179,2017,5 bis unter 10 Jahre,m,5464
09179,2017,5 bis unter 10 Jahre,f,5221
09179,2017,unter 5 Jahre,f,5380
09179,2017,unter 5 Jahre,m,5421
09179,2017,55 bis unter 60 Jahre,f,7801
09179,2017,55 bis unter 60 Jahre,m,7730
09179,2017,35 bis unter 40 Jahre,f,7276
09179,2017,35 bis unter 40 Jahre,m,6972
09179,2017,25 bis unter 30 Jahre,m,6447
09179,2017,25 bis unter 30 Jahre,f,5938
09179,2017,80 bis unter 85 Jahre,f,4010
09179,2017,80 bis unter 85 Jahre,m,3114
09179,2017,60 bis unter 65 Jahre,m,5784
09179,2017,60 bis unter 65 Jahre,f,6428
09179,2017,40 bis unter 45 Jahre,m,6971
09179,2017,40 bis unter 45 Jahre,f,7015
09179,2017,75 bis unter 80 Jahre,m,5486
09179,2017,75 bis unter 80 Jahre,f,6791
09179,2017,20 bis unter 25 Jahre,m,6186
09179,2017,20 bis unter 25 Jahre,f,5529
09179,2017,95 Jahre und mehr,f,305
09179,2017,95 Jahre und mehr,m,76
09179,2017,15 bis unter 20 Jahre,m,5737
09179,2017,15 bis unter 20 Jahre,f,5320
09179,2017,10 bis unter 15 Jahre,f,5073
09179,2017,10 bis unter 15 Jahre,m,5312
09273,2017,70 bis unter 75 Jahre,f,2340
09273,2017,70 bis unter 75 Jahre,m,2212
09273,2017,25 bis unter 30 Jahre,m,4264
09273,2017,25 bis unter 30 Jahre,f,3543
09273,2017,45 bis unter 50 Jahre,m,4854
09273,2017,45 bis unter 50 Jahre,f,4456
09273,2017,90 bis unter 95 Jahre,f,528
09273,2017,90 bis unter 95 Jahre,m,186
09273,2017,50 bis unter 55 Jahre,f,5029
09273,2017,50 bis unter 55 Jahre,m,5353
09273,2017,5 bis unter 10 Jahre,m,2930
09273,2017,5 bis unter 10 Jahre,f,2784
09273,2017,10 bis unter 15 Jahre,m,3008
09273,2017,10 bis unter 15 Jahre,f,2936
09273,2017,85 bis unter 90 Jahre,f,1234
09273,2017,85 bis unter 90 Jahre,m,659
09273,2017,65 bis unter 70 Jahre,m,3148
09273,2017,65 bis unter 70 Jahre,f,3259
09273,2017,60 bis unter 65 Jahre,m,3833
09273,2017,60 bis unter 65 Jahre,f,3771
09273,2017,80 bis unter 85 Jahre,m,1413
09273,2017,80 bis unter 85 Jahre,f,1948
09273,2017,55 bis unter 60 Jahre,f,4512
09273,2017,55 bis unter 60 Jahre,m,4854
09273,2017,unter 5 Jahre,f,2798
09273,2017,unter 5 Jahre,m,2985
09273,2017,15 bis unter 20 Jahre,m,3526
09273,2017,15 bis unter 20 Jahre,f,3189
09273,2017,35 bis unter 40 Jahre,m,4023
09273,2017,35 bis unter 40 Jahre,f,3772
09273,2017,75 bis unter 80 Jahre,m,2382
09273,2017,75 bis unter 80 Jahre,f,2752
09273,2017,40 bis unter 45 Jahre,m,3874
09273,2017,40 bis unter 45 Jahre,f,3729
09273,2017,95 Jahre und mehr,m,31
09273,2017,95 Jahre und mehr,f,129
09273,2017,20 bis unter 25 Jahre,f,3332
09273,2017,20 bis unter 25 Jahre,m,3977
09273,2017,30 bis unter 35 Jahre,m,4017
09273,2017,30 bis unter 35 Jahre,f,3549
09184,2017,90 bis unter 95 Jahre,f,1767
09184,2017,90 bis unter 95 Jahre,m,695
09184,2017,45 bis unter 50 Jahre,m,13884
09184,2017,45 bis unter 50 Jahre,f,13656
09184,2017,10 bis unter 15 Jahre,m,9179
09184,2017,10 bis unter 15 Jahre,f,8602
09184,2017,70 bis unter 75 Jahre,f,8984
09184,2017,70 bis unter 75 Jahre,m,7617
09184,2017,25 bis unter 30 Jahre,m,10499
09184,2017,25 bis unter 30 Jahre,f,9291
09184,2017,30 bis unter 35 Jahre,m,10429
09184,2017,30 bis unter 35 Jahre,f,10020
09184,2017,5 bis unter 10 Jahre,m,9257
09184,2017,5 bis unter 10 Jahre,f,8709
09184,2017,50 bis unter 55 Jahre,f,14632
09184,2017,50 bis unter 55 Jahre,m,15036
09184,2017,85 bis unter 90 Jahre,f,3238
09184,2017,85 bis unter 90 Jahre,m,2193
09184,2017,65 bis unter 70 Jahre,m,7340
09184,2017,65 bis unter 70 Jahre,f,8838
09184,2017,unter 5 Jahre,f,8385
09184,2017,unter 5 Jahre,m,8888
09184,2017,80 bis unter 85 Jahre,m,4998
09184,2017,80 bis unter 85 Jahre,f,5918
09184,2017,60 bis unter 65 Jahre,m,8767
09184,2017,60 bis unter 65 Jahre,f,9252
09184,2017,55 bis unter 60 Jahre,f,11665
09184,2017,55 bis unter 60 Jahre,m,11731
09184,2017,35 bis unter 40 Jahre,m,11313
09184,2017,35 bis unter 40 Jahre,f,11886
09184,2017,95 Jahre und mehr,f,572
09184,2017,95 Jahre und mehr,m,176
09184,2017,20 bis unter 25 Jahre,m,11328
09184,2017,20 bis unter 25 Jahre,f,8730
09184,2017,75 bis unter 80 Jahre,m,8430
09184,2017,75 bis unter 80 Jahre,f,10105
09184,2017,40 bis unter 45 Jahre,m,11436
09184,2017,40 bis unter 45 Jahre,f,11701
09184,2017,15 bis unter 20 Jahre,m,9040
09184,2017,15 bis unter 20 Jahre,f,8246
03462,2017,90 bis unter 95 Jahre,m,124
03462,2017,90 bis unter 95 Jahre,f,346
03462,2017,70 bis unter 75 Jahre,m,1490
03462,2017,70 bis unter 75 Jahre,f,1516
03462,2017,35 bis unter 40 Jahre,f,1522
03462,2017,35 bis unter 40 Jahre,m,1424
03462,2017,65 bis unter 70 Jahre,m,2008
03462,2017,65 bis unter 70 Jahre,f,2017
03462,2017,10 bis unter 15 Jahre,m,1351
03462,2017,10 bis unter 15 Jahre,f,1312
03462,2017,95 Jahre und mehr,f,89
03462,2017,95 Jahre und mehr,m,27
03462,2017,50 bis unter 55 Jahre,m,2408
03462,2017,50 bis unter 55 Jahre,f,2376
03462,2017,25 bis unter 30 Jahre,m,1585
03462,2017,25 bis unter 30 Jahre,f,1360
03462,2017,20 bis unter 25 Jahre,f,1407
03462,2017,20 bis unter 25 Jahre,m,1566
03462,2017,60 bis unter 65 Jahre,f,2112
03462,2017,60 bis unter 65 Jahre,m,1835
03462,2017,15 bis unter 20 Jahre,m,1636
03462,2017,15 bis unter 20 Jahre,f,1624
03462,2017,40 bis unter 45 Jahre,f,1492
03462,2017,40 bis unter 45 Jahre,m,1491
03462,2017,5 bis unter 10 Jahre,m,1294
03462,2017,5 bis unter 10 Jahre,f,1165
03462,2017,30 bis unter 35 Jahre,f,1362
03462,2017,30 bis unter 35 Jahre,m,1361
03462,2017,85 bis unter 90 Jahre,m,379
03462,2017,85 bis unter 90 Jahre,f,711
03462,2017,80 bis unter 85 Jahre,m,817
03462,2017,80 bis unter 85 Jahre,f,1159
03462,2017,75 bis unter 80 Jahre,m,1444
03462,2017,75 bis unter 80 Jahre,f,1627
03462,2017,45 bis unter 50 Jahre,f,2146
03462,2017,45 bis unter 50 Jahre,m,2132
03462,2017,unter 5 Jahre,m,1228
03462,2017,unter 5 Jahre,f,1100
03462,2017,55 bis unter 60 Jahre,m,2284
03462,2017,55 bis unter 60 Jahre,f,2404
09661,2017,35 bis unter 40 Jahre,f,2289
09661,2017,35 bis unter 40 Jahre,m,2266
09661,2017,unter 5 Jahre,f,1565
09661,2017,unter 5 Jahre,m,1654
09661,2017,55 bis unter 60 Jahre,f,2644
09661,2017,55 bis unter 60 Jahre,m,2588
09661,2017,20 bis unter 25 Jahre,f,1899
09661,2017,20 bis unter 25 Jahre,m,2020
09661,2017,40 bis unter 45 Jahre,f,2137
09661,2017,40 bis unter 45 Jahre,m,2099
09661,2017,15 bis unter 20 Jahre,f,1569
09661,2017,15 bis unter 20 Jahre,m,1737
09661,2017,60 bis unter 65 Jahre,f,2394
09661,2017,60 bis unter 65 Jahre,m,2042
09661,2017,90 bis unter 95 Jahre,m,136
09661,2017,90 bis unter 95 Jahre,f,426
09661,2017,75 bis unter 80 Jahre,f,1887
09661,2017,75 bis unter 80 Jahre,m,1448
09661,2017,30 bis unter 35 Jahre,m,2482
09661,2017,30 bis unter 35 Jahre,f,2430
09661,2017,65 bis unter 70 Jahre,m,1877
09661,2017,65 bis unter 70 Jahre,f,2129
09661,2017,10 bis unter 15 Jahre,m,1510
09661,2017,10 bis unter 15 Jahre,f,1501
09661,2017,85 bis unter 90 Jahre,m,399
09661,2017,85 bis unter 90 Jahre,f,784
09661,2017,5 bis unter 10 Jahre,f,1458
09661,2017,5 bis unter 10 Jahre,m,1567
09661,2017,45 bis unter 50 Jahre,f,2437
09661,2017,45 bis unter 50 Jahre,m,2433
09661,2017,80 bis unter 85 Jahre,m,921
09661,2017,80 bis unter 85 Jahre,f,1380
09661,2017,50 bis unter 55 Jahre,f,2945
09661,2017,50 bis unter 55 Jahre,m,2861
09661,2017,95 Jahre und mehr,m,26
09661,2017,95 Jahre und mehr,f,133
09661,2017,25 bis unter 30 Jahre,f,2395
09661,2017,25 bis unter 30 Jahre,m,2503
09661,2017,70 bis unter 75 Jahre,m,1330
09661,2017,70 bis unter 75 Jahre,f,1627
06535,2017,40 bis unter 45 Jahre,f,2917
06535,2017,40 bis unter 45 Jahre,m,2922
06535,2017,60 bis unter 65 Jahre,f,3970
06535,2017,60 bis unter 65 Jahre,m,4180
06535,2017,unter 5 Jahre,f,2025
06535,2017,unter 5 Jahre,m,2091
06535,2017,95 Jahre und mehr,m,50
06535,2017,95 Jahre und mehr,f,182
06535,2017,20 bis unter 25 Jahre,f,2329
06535,2017,20 bis unter 25 Jahre,m,3013
06535,2017,55 bis unter 60 Jahre,m,4814
06535,2017,55 bis unter 60 Jahre,f,4780
06535,2017,35 bis unter 40 Jahre,f,2827
06535,2017,35 bis unter 40 Jahre,m,2950
06535,2017,15 bis unter 20 Jahre,m,2871
06535,2017,15 bis unter 20 Jahre,f,2579
06535,2017,75 bis unter 80 Jahre,f,3033
06535,2017,75 bis unter 80 Jahre,m,2544
06535,2017,70 bis unter 75 Jahre,m,2238
06535,2017,70 bis unter 75 Jahre,f,2335
06535,2017,80 bis unter 85 Jahre,m,1803
06535,2017,80 bis unter 85 Jahre,f,2572
06535,2017,50 bis unter 55 Jahre,m,4725
06535,2017,50 bis unter 55 Jahre,f,4597
06535,2017,45 bis unter 50 Jahre,f,3788
06535,2017,45 bis unter 50 Jahre,m,3791
06535,2017,85 bis unter 90 Jahre,f,1548
06535,2017,85 bis unter 90 Jahre,m,908
06535,2017,30 bis unter 35 Jahre,f,2555
06535,2017,30 bis unter 35 Jahre,m,2888
06535,2017,5 bis unter 10 Jahre,m,2174
06535,2017,5 bis unter 10 Jahre,f,2092
06535,2017,25 bis unter 30 Jahre,m,3000
06535,2017,25 bis unter 30 Jahre,f,2490
06535,2017,65 bis unter 70 Jahre,f,3613
06535,2017,65 bis unter 70 Jahre,m,3685
06535,2017,90 bis unter 95 Jahre,f,696
06535,2017,90 bis unter 95 Jahre,m,296
06535,2017,10 bis unter 15 Jahre,f,2201
06535,2017,10 bis unter 15 Jahre,m,2379
05114,2017,70 bis unter 75 Jahre,m,4588
05114,2017,70 bis unter 75 Jahre,f,5739
05114,2017,85 bis unter 90 Jahre,m,1509
05114,2017,85 bis unter 90 Jahre,f,2798
05114,2017,90 bis unter 95 Jahre,m,442
05114,2017,90 bis unter 95 Jahre,f,1391
05114,2017,50 bis unter 55 Jahre,m,9872
05114,2017,50 bis unter 55 Jahre,f,9623
05114,2017,65 bis unter 70 Jahre,m,5835
05114,2017,65 bis unter 70 Jahre,f,6877
05114,2017,10 bis unter 15 Jahre,m,5372
05114,2017,10 bis unter 15 Jahre,f,4931
05114,2017,25 bis unter 30 Jahre,m,7363
05114,2017,25 bis unter 30 Jahre,f,6913
05114,2017,95 Jahre und mehr,m,79
05114,2017,95 Jahre und mehr,f,379
05114,2017,75 bis unter 80 Jahre,f,6663
05114,2017,75 bis unter 80 Jahre,m,5275
05114,2017,55 bis unter 60 Jahre,f,8832
05114,2017,55 bis unter 60 Jahre,m,8611
05114,2017,20 bis unter 25 Jahre,f,6281
05114,2017,20 bis unter 25 Jahre,m,6811
05114,2017,unter 5 Jahre,m,5261
05114,2017,unter 5 Jahre,f,5074
05114,2017,45 bis unter 50 Jahre,m,8220
05114,2017,45 bis unter 50 Jahre,f,8395
05114,2017,80 bis unter 85 Jahre,m,3363
05114,2017,80 bis unter 85 Jahre,f,4825
05114,2017,5 bis unter 10 Jahre,f,4716
05114,2017,5 bis unter 10 Jahre,m,5223
05114,2017,35 bis unter 40 Jahre,m,6439
05114,2017,35 bis unter 40 Jahre,f,6556
05114,2017,60 bis unter 65 Jahre,m,7038
05114,2017,60 bis unter 65 Jahre,f,7552
05114,2017,30 bis unter 35 Jahre,f,6652
05114,2017,30 bis unter 35 Jahre,m,6873
05114,2017,15 bis unter 20 Jahre,m,5899
05114,2017,15 bis unter 20 Jahre,f,5387
05114,2017,40 bis unter 45 Jahre,f,6648
05114,2017,40 bis unter 45 Jahre,m,6394
01053,2017,10 bis unter 15 Jahre,m,4955
01053,2017,10 bis unter 15 Jahre,f,4689
01053,2017,45 bis unter 50 Jahre,m,7405
01053,2017,45 bis unter 50 Jahre,f,7651
01053,2017,30 bis unter 35 Jahre,m,5336
01053,2017,30 bis unter 35 Jahre,f,5322
01053,2017,90 bis unter 95 Jahre,f,1060
01053,2017,90 bis unter 95 Jahre,m,435
01053,2017,85 bis unter 90 Jahre,m,1232
01053,2017,85 bis unter 90 Jahre,f,2239
01053,2017,50 bis unter 55 Jahre,m,9264
01053,2017,50 bis unter 55 Jahre,f,9224
01053,2017,65 bis unter 70 Jahre,m,5340
01053,2017,65 bis unter 70 Jahre,f,5646
01053,2017,70 bis unter 75 Jahre,m,4243
01053,2017,70 bis unter 75 Jahre,f,4844
01053,2017,95 Jahre und mehr,f,362
01053,2017,95 Jahre und mehr,m,72
01053,2017,5 bis unter 10 Jahre,m,4586
01053,2017,5 bis unter 10 Jahre,f,4311
01053,2017,15 bis unter 20 Jahre,f,5002
01053,2017,15 bis unter 20 Jahre,m,5539
01053,2017,20 bis unter 25 Jahre,f,4146
01053,2017,20 bis unter 25 Jahre,m,5019
01053,2017,75 bis unter 80 Jahre,m,4981
01053,2017,75 bis unter 80 Jahre,f,5859
01053,2017,55 bis unter 60 Jahre,m,7774
01053,2017,55 bis unter 60 Jahre,f,7936
01053,2017,80 bis unter 85 Jahre,f,4240
01053,2017,80 bis unter 85 Jahre,m,3101
01053,2017,35 bis unter 40 Jahre,m,5687
01053,2017,35 bis unter 40 Jahre,f,5911
01053,2017,40 bis unter 45 Jahre,m,5509
01053,2017,40 bis unter 45 Jahre,f,5957
01053,2017,60 bis unter 65 Jahre,f,6245
01053,2017,60 bis unter 65 Jahre,m,6141
01053,2017,unter 5 Jahre,m,4695
01053,2017,unter 5 Jahre,f,4494
01053,2017,25 bis unter 30 Jahre,f,4655
01053,2017,25 bis unter 30 Jahre,m,4967
09362,2017,5 bis unter 10 Jahre,m,2978
09362,2017,5 bis unter 10 Jahre,f,2878
09362,2017,50 bis unter 55 Jahre,f,5280
09362,2017,50 bis unter 55 Jahre,m,5261
09362,2017,85 bis unter 90 Jahre,f,1523
09362,2017,85 bis unter 90 Jahre,m,788
09362,2017,30 bis unter 35 Jahre,f,6484
09362,2017,30 bis unter 35 Jahre,m,7189
09362,2017,65 bis unter 70 Jahre,f,3514
09362,2017,65 bis unter 70 Jahre,m,3035
09362,2017,90 bis unter 95 Jahre,f,824
09362,2017,90 bis unter 95 Jahre,m,303
09362,2017,25 bis unter 30 Jahre,m,8431
09362,2017,25 bis unter 30 Jahre,f,8345
09362,2017,70 bis unter 75 Jahre,f,3046
09362,2017,70 bis unter 75 Jahre,m,2399
09362,2017,10 bis unter 15 Jahre,f,2685
09362,2017,10 bis unter 15 Jahre,m,2852
09362,2017,80 bis unter 85 Jahre,m,1593
09362,2017,80 bis unter 85 Jahre,f,2493
09362,2017,95 Jahre und mehr,m,55
09362,2017,95 Jahre und mehr,f,232
09362,2017,60 bis unter 65 Jahre,m,3535
09362,2017,60 bis unter 65 Jahre,f,4065
09362,2017,45 bis unter 50 Jahre,f,4934
09362,2017,45 bis unter 50 Jahre,m,5086
09362,2017,35 bis unter 40 Jahre,m,5490
09362,2017,35 bis unter 40 Jahre,f,5298
09362,2017,55 bis unter 60 Jahre,f,4779
09362,2017,55 bis unter 60 Jahre,m,4508
09362,2017,40 bis unter 45 Jahre,f,4495
09362,2017,40 bis unter 45 Jahre,m,4502
09362,2017,20 bis unter 25 Jahre,f,6751
09362,2017,20 bis unter 25 Jahre,m,5618
09362,2017,unter 5 Jahre,f,3346
09362,2017,unter 5 Jahre,m,3556
09362,2017,15 bis unter 20 Jahre,m,3367
09362,2017,15 bis unter 20 Jahre,f,3170
09362,2017,75 bis unter 80 Jahre,f,3631
09362,2017,75 bis unter 80 Jahre,m,2575
05362,2017,95 Jahre und mehr,m,147
05362,2017,95 Jahre und mehr,f,597
05362,2017,20 bis unter 25 Jahre,m,12999
05362,2017,20 bis unter 25 Jahre,f,11743
05362,2017,55 bis unter 60 Jahre,m,18214
05362,2017,55 bis unter 60 Jahre,f,18614
05362,2017,75 bis unter 80 Jahre,m,10558
05362,2017,75 bis unter 80 Jahre,f,12697
05362,2017,80 bis unter 85 Jahre,f,9132
05362,2017,80 bis unter 85 Jahre,m,6897
05362,2017,60 bis unter 65 Jahre,m,14691
05362,2017,60 bis unter 65 Jahre,f,15605
05362,2017,40 bis unter 45 Jahre,m,13771
05362,2017,40 bis unter 45 Jahre,f,14373
05362,2017,35 bis unter 40 Jahre,m,13824
05362,2017,35 bis unter 40 Jahre,f,14511
05362,2017,45 bis unter 50 Jahre,f,17862
05362,2017,45 bis unter 50 Jahre,m,17451
05362,2017,25 bis unter 30 Jahre,f,12679
05362,2017,25 bis unter 30 Jahre,m,13510
05362,2017,15 bis unter 20 Jahre,m,12615
05362,2017,15 bis unter 20 Jahre,f,11576
05362,2017,70 bis unter 75 Jahre,f,11497
05362,2017,70 bis unter 75 Jahre,m,9859
05362,2017,50 bis unter 55 Jahre,m,20733
05362,2017,50 bis unter 55 Jahre,f,20988
05362,2017,65 bis unter 70 Jahre,m,12552
05362,2017,65 bis unter 70 Jahre,f,14527
05362,2017,30 bis unter 35 Jahre,m,13081
05362,2017,30 bis unter 35 Jahre,f,13290
05362,2017,10 bis unter 15 Jahre,m,11226
05362,2017,10 bis unter 15 Jahre,f,10548
05362,2017,85 bis unter 90 Jahre,m,2940
05362,2017,85 bis unter 90 Jahre,f,4972
05362,2017,5 bis unter 10 Jahre,m,11006
05362,2017,5 bis unter 10 Jahre,f,10515
05362,2017,90 bis unter 95 Jahre,f,2150
05362,2017,90 bis unter 95 Jahre,m,813
05362,2017,unter 5 Jahre,f,10726
05362,2017,unter 5 Jahre,m,11720
05162,2017,50 bis unter 55 Jahre,f,20345
05162,2017,50 bis unter 55 Jahre,m,20024
05162,2017,5 bis unter 10 Jahre,m,10651
05162,2017,5 bis unter 10 Jahre,f,10181
05162,2017,85 bis unter 90 Jahre,f,5165
05162,2017,85 bis unter 90 Jahre,m,3056
05162,2017,70 bis unter 75 Jahre,f,11216
05162,2017,70 bis unter 75 Jahre,m,9251
05162,2017,25 bis unter 30 Jahre,m,12000
05162,2017,25 bis unter 30 Jahre,f,11376
05162,2017,90 bis unter 95 Jahre,f,2218
05162,2017,90 bis unter 95 Jahre,m,883
05162,2017,45 bis unter 50 Jahre,m,16959
05162,2017,45 bis unter 50 Jahre,f,17354
05162,2017,10 bis unter 15 Jahre,m,11028
05162,2017,10 bis unter 15 Jahre,f,10234
05162,2017,30 bis unter 35 Jahre,f,12779
05162,2017,30 bis unter 35 Jahre,m,12349
05162,2017,80 bis unter 85 Jahre,m,6968
05162,2017,80 bis unter 85 Jahre,f,9559
05162,2017,65 bis unter 70 Jahre,m,11926
05162,2017,65 bis unter 70 Jahre,f,13725
05162,2017,unter 5 Jahre,f,10360
05162,2017,unter 5 Jahre,m,10993
05162,2017,95 Jahre und mehr,f,564
05162,2017,95 Jahre und mehr,m,113
05162,2017,55 bis unter 60 Jahre,m,17473
05162,2017,55 bis unter 60 Jahre,f,18242
05162,2017,60 bis unter 65 Jahre,f,15166
05162,2017,60 bis unter 65 Jahre,m,14381
05162,2017,75 bis unter 80 Jahre,f,12984
05162,2017,75 bis unter 80 Jahre,m,10521
05162,2017,15 bis unter 20 Jahre,m,11919
05162,2017,15 bis unter 20 Jahre,f,10897
05162,2017,20 bis unter 25 Jahre,f,10442
05162,2017,20 bis unter 25 Jahre,m,11531
05162,2017,40 bis unter 45 Jahre,f,13969
05162,2017,40 bis unter 45 Jahre,m,13028
05162,2017,35 bis unter 40 Jahre,m,13266
05162,2017,35 bis unter 40 Jahre,f,14312
06434,2017,95 Jahre und mehr,m,137
06434,2017,95 Jahre und mehr,f,509
06434,2017,unter 5 Jahre,m,5662
06434,2017,unter 5 Jahre,f,5419
06434,2017,55 bis unter 60 Jahre,m,8724
06434,2017,55 bis unter 60 Jahre,f,9141
06434,2017,20 bis unter 25 Jahre,m,5928
06434,2017,20 bis unter 25 Jahre,f,5092
06434,2017,15 bis unter 20 Jahre,m,6567
06434,2017,15 bis unter 20 Jahre,f,5721
06434,2017,60 bis unter 65 Jahre,f,7339
06434,2017,60 bis unter 65 Jahre,m,6764
06434,2017,80 bis unter 85 Jahre,f,4898
06434,2017,80 bis unter 85 Jahre,m,3646
06434,2017,40 bis unter 45 Jahre,m,7198
06434,2017,40 bis unter 45 Jahre,f,7816
06434,2017,35 bis unter 40 Jahre,m,6647
06434,2017,35 bis unter 40 Jahre,f,7394
06434,2017,75 bis unter 80 Jahre,f,7011
06434,2017,75 bis unter 80 Jahre,m,5880
06434,2017,90 bis unter 95 Jahre,m,617
06434,2017,90 bis unter 95 Jahre,f,1522
06434,2017,10 bis unter 15 Jahre,f,5898
06434,2017,10 bis unter 15 Jahre,m,6301
06434,2017,65 bis unter 70 Jahre,f,6852
06434,2017,65 bis unter 70 Jahre,m,6086
06434,2017,70 bis unter 75 Jahre,m,5180
06434,2017,70 bis unter 75 Jahre,f,6468
06434,2017,45 bis unter 50 Jahre,m,9280
06434,2017,45 bis unter 50 Jahre,f,9764
06434,2017,85 bis unter 90 Jahre,m,1703
06434,2017,85 bis unter 90 Jahre,f,2699
06434,2017,30 bis unter 35 Jahre,f,6046
06434,2017,30 bis unter 35 Jahre,m,5870
06434,2017,25 bis unter 30 Jahre,m,5556
06434,2017,25 bis unter 30 Jahre,f,5321
06434,2017,50 bis unter 55 Jahre,m,10648
06434,2017,50 bis unter 55 Jahre,f,10853
06434,2017,5 bis unter 10 Jahre,f,5772
06434,2017,5 bis unter 10 Jahre,m,6066
08317,2017,10 bis unter 15 Jahre,m,10550
08317,2017,10 bis unter 15 Jahre,f,10084
08317,2017,65 bis unter 70 Jahre,m,11984
08317,2017,65 bis unter 70 Jahre,f,12465
08317,2017,85 bis unter 90 Jahre,m,2949
08317,2017,85 bis unter 90 Jahre,f,5059
08317,2017,70 bis unter 75 Jahre,m,7774
08317,2017,70 bis unter 75 Jahre,f,8549
08317,2017,50 bis unter 55 Jahre,f,17919
08317,2017,50 bis unter 55 Jahre,m,18780
08317,2017,5 bis unter 10 Jahre,m,9967
08317,2017,5 bis unter 10 Jahre,f,9413
08317,2017,30 bis unter 35 Jahre,m,13173
08317,2017,30 bis unter 35 Jahre,f,12149
08317,2017,45 bis unter 50 Jahre,m,15704
08317,2017,45 bis unter 50 Jahre,f,15455
08317,2017,90 bis unter 95 Jahre,f,2473
08317,2017,90 bis unter 95 Jahre,m,941
08317,2017,15 bis unter 20 Jahre,f,10964
08317,2017,15 bis unter 20 Jahre,m,11966
08317,2017,75 bis unter 80 Jahre,f,11296
08317,2017,75 bis unter 80 Jahre,m,9078
08317,2017,20 bis unter 25 Jahre,f,11133
08317,2017,20 bis unter 25 Jahre,m,12892
08317,2017,55 bis unter 60 Jahre,m,17201
08317,2017,55 bis unter 60 Jahre,f,16972
08317,2017,unter 5 Jahre,m,10366
08317,2017,unter 5 Jahre,f,9868
08317,2017,40 bis unter 45 Jahre,m,12097
08317,2017,40 bis unter 45 Jahre,f,12041
08317,2017,80 bis unter 85 Jahre,f,8405
08317,2017,80 bis unter 85 Jahre,m,6109
08317,2017,60 bis unter 65 Jahre,m,14263
08317,2017,60 bis unter 65 Jahre,f,14459
08317,2017,35 bis unter 40 Jahre,m,12494
08317,2017,35 bis unter 40 Jahre,f,12338
08317,2017,25 bis unter 30 Jahre,f,12220
08317,2017,25 bis unter 30 Jahre,m,13615
08317,2017,95 Jahre und mehr,m,139
08317,2017,95 Jahre und mehr,f,628
05112,2017,90 bis unter 95 Jahre,f,2763
05112,2017,90 bis unter 95 Jahre,m,934
05112,2017,45 bis unter 50 Jahre,m,17911
05112,2017,45 bis unter 50 Jahre,f,17472
05112,2017,10 bis unter 15 Jahre,m,11754
05112,2017,10 bis unter 15 Jahre,f,11090
05112,2017,30 bis unter 35 Jahre,f,15306
05112,2017,30 bis unter 35 Jahre,m,16130
05112,2017,65 bis unter 70 Jahre,m,12116
05112,2017,65 bis unter 70 Jahre,f,13860
05112,2017,70 bis unter 75 Jahre,f,11016
05112,2017,70 bis unter 75 Jahre,m,9244
05112,2017,85 bis unter 90 Jahre,f,6282
05112,2017,85 bis unter 90 Jahre,m,3437
05112,2017,25 bis unter 30 Jahre,m,18315
05112,2017,25 bis unter 30 Jahre,f,16949
05112,2017,50 bis unter 55 Jahre,m,20667
05112,2017,50 bis unter 55 Jahre,f,19533
05112,2017,55 bis unter 60 Jahre,f,18176
05112,2017,55 bis unter 60 Jahre,m,18516
05112,2017,80 bis unter 85 Jahre,m,7230
05112,2017,80 bis unter 85 Jahre,f,10799
05112,2017,unter 5 Jahre,f,11759
05112,2017,unter 5 Jahre,m,12734
05112,2017,15 bis unter 20 Jahre,m,13262
05112,2017,15 bis unter 20 Jahre,f,12158
05112,2017,60 bis unter 65 Jahre,f,15920
05112,2017,60 bis unter 65 Jahre,m,15175
05112,2017,20 bis unter 25 Jahre,m,16359
05112,2017,20 bis unter 25 Jahre,f,14520
05112,2017,40 bis unter 45 Jahre,m,15005
05112,2017,40 bis unter 45 Jahre,f,14656
05112,2017,35 bis unter 40 Jahre,m,15621
05112,2017,35 bis unter 40 Jahre,f,14877
05112,2017,75 bis unter 80 Jahre,f,13139
05112,2017,75 bis unter 80 Jahre,m,10081
05112,2017,95 Jahre und mehr,f,740
05112,2017,95 Jahre und mehr,m,134
05112,2017,5 bis unter 10 Jahre,f,10912
05112,2017,5 bis unter 10 Jahre,m,11558
03356,2017,75 bis unter 80 Jahre,f,3502
03356,2017,75 bis unter 80 Jahre,m,2965
03356,2017,20 bis unter 25 Jahre,f,2502
03356,2017,20 bis unter 25 Jahre,m,2846
03356,2017,95 Jahre und mehr,m,34
03356,2017,95 Jahre und mehr,f,194
03356,2017,40 bis unter 45 Jahre,f,3251
03356,2017,40 bis unter 45 Jahre,m,3114
03356,2017,15 bis unter 20 Jahre,m,3228
03356,2017,15 bis unter 20 Jahre,f,2905
03356,2017,55 bis unter 60 Jahre,f,4688
03356,2017,55 bis unter 60 Jahre,m,4685
03356,2017,60 bis unter 65 Jahre,f,3815
03356,2017,60 bis unter 65 Jahre,m,3679
03356,2017,80 bis unter 85 Jahre,f,2305
03356,2017,80 bis unter 85 Jahre,m,1730
03356,2017,35 bis unter 40 Jahre,m,3083
03356,2017,35 bis unter 40 Jahre,f,3269
03356,2017,unter 5 Jahre,m,2624
03356,2017,unter 5 Jahre,f,2424
03356,2017,50 bis unter 55 Jahre,m,5357
03356,2017,50 bis unter 55 Jahre,f,5476
03356,2017,5 bis unter 10 Jahre,f,2324
03356,2017,5 bis unter 10 Jahre,m,2634
03356,2017,85 bis unter 90 Jahre,m,663
03356,2017,85 bis unter 90 Jahre,f,1206
03356,2017,25 bis unter 30 Jahre,f,2412
03356,2017,25 bis unter 30 Jahre,m,2649
03356,2017,30 bis unter 35 Jahre,m,2757
03356,2017,30 bis unter 35 Jahre,f,2830
03356,2017,10 bis unter 15 Jahre,f,2576
03356,2017,10 bis unter 15 Jahre,m,2749
03356,2017,65 bis unter 70 Jahre,m,3419
03356,2017,65 bis unter 70 Jahre,f,3698
03356,2017,45 bis unter 50 Jahre,f,4524
03356,2017,45 bis unter 50 Jahre,m,4426
03356,2017,70 bis unter 75 Jahre,f,3045
03356,2017,70 bis unter 75 Jahre,m,2773
03356,2017,90 bis unter 95 Jahre,m,206
03356,2017,90 bis unter 95 Jahre,f,538
09188,2017,35 bis unter 40 Jahre,f,4046
09188,2017,35 bis unter 40 Jahre,m,3674
09188,2017,unter 5 Jahre,f,3007
09188,2017,unter 5 Jahre,m,3172
09188,2017,20 bis unter 25 Jahre,f,3164
09188,2017,20 bis unter 25 Jahre,m,3717
09188,2017,15 bis unter 20 Jahre,f,3575
09188,2017,15 bis unter 20 Jahre,m,3881
09188,2017,70 bis unter 75 Jahre,m,3318
09188,2017,70 bis unter 75 Jahre,f,3958
09188,2017,40 bis unter 45 Jahre,f,4401
09188,2017,40 bis unter 45 Jahre,m,3953
09188,2017,80 bis unter 85 Jahre,f,2510
09188,2017,80 bis unter 85 Jahre,m,2068
09188,2017,55 bis unter 60 Jahre,f,5137
09188,2017,55 bis unter 60 Jahre,m,4906
09188,2017,85 bis unter 90 Jahre,m,941
09188,2017,85 bis unter 90 Jahre,f,1439
09188,2017,65 bis unter 70 Jahre,m,3265
09188,2017,65 bis unter 70 Jahre,f,3937
09188,2017,10 bis unter 15 Jahre,m,3614
09188,2017,10 bis unter 15 Jahre,f,3438
09188,2017,75 bis unter 80 Jahre,m,3733
09188,2017,75 bis unter 80 Jahre,f,4297
09188,2017,45 bis unter 50 Jahre,m,5148
09188,2017,45 bis unter 50 Jahre,f,5413
09188,2017,90 bis unter 95 Jahre,f,808
09188,2017,90 bis unter 95 Jahre,m,353
09188,2017,95 Jahre und mehr,m,63
09188,2017,95 Jahre und mehr,f,255
09188,2017,25 bis unter 30 Jahre,f,3157
09188,2017,25 bis unter 30 Jahre,m,3377
09188,2017,5 bis unter 10 Jahre,f,3341
09188,2017,5 bis unter 10 Jahre,m,3457
09188,2017,60 bis unter 65 Jahre,m,3721
09188,2017,60 bis unter 65 Jahre,f,4235
09188,2017,30 bis unter 35 Jahre,f,3318
09188,2017,30 bis unter 35 Jahre,m,3181
09188,2017,50 bis unter 55 Jahre,m,6161
09188,2017,50 bis unter 55 Jahre,f,6406
07317,2017,90 bis unter 95 Jahre,m,100
07317,2017,90 bis unter 95 Jahre,f,309
07317,2017,20 bis unter 25 Jahre,f,1079
07317,2017,20 bis unter 25 Jahre,m,1281
07317,2017,50 bis unter 55 Jahre,m,1666
07317,2017,50 bis unter 55 Jahre,f,1655
07317,2017,65 bis unter 70 Jahre,m,1271
07317,2017,65 bis unter 70 Jahre,f,1399
07317,2017,35 bis unter 40 Jahre,f,977
07317,2017,35 bis unter 40 Jahre,m,1072
07317,2017,25 bis unter 30 Jahre,m,1265
07317,2017,25 bis unter 30 Jahre,f,1129
07317,2017,70 bis unter 75 Jahre,f,967
07317,2017,70 bis unter 75 Jahre,m,807
07317,2017,80 bis unter 85 Jahre,f,1095
07317,2017,80 bis unter 85 Jahre,m,711
07317,2017,75 bis unter 80 Jahre,f,1397
07317,2017,75 bis unter 80 Jahre,m,1043
07317,2017,55 bis unter 60 Jahre,m,1662
07317,2017,55 bis unter 60 Jahre,f,1696
07317,2017,unter 5 Jahre,f,823
07317,2017,unter 5 Jahre,m,933
07317,2017,95 Jahre und mehr,f,85
07317,2017,95 Jahre und mehr,m,12
07317,2017,45 bis unter 50 Jahre,m,1288
07317,2017,45 bis unter 50 Jahre,f,1317
07317,2017,5 bis unter 10 Jahre,f,800
07317,2017,5 bis unter 10 Jahre,m,877
07317,2017,60 bis unter 65 Jahre,m,1548
07317,2017,60 bis unter 65 Jahre,f,1506
07317,2017,10 bis unter 15 Jahre,f,793
07317,2017,10 bis unter 15 Jahre,m,856
07317,2017,40 bis unter 45 Jahre,m,1000
07317,2017,40 bis unter 45 Jahre,f,1004
07317,2017,15 bis unter 20 Jahre,m,971
07317,2017,15 bis unter 20 Jahre,f,958
07317,2017,85 bis unter 90 Jahre,f,686
07317,2017,85 bis unter 90 Jahre,m,374
07317,2017,30 bis unter 35 Jahre,f,1048
07317,2017,30 bis unter 35 Jahre,m,1172
08436,2017,55 bis unter 60 Jahre,f,10712
08436,2017,55 bis unter 60 Jahre,m,10595
08436,2017,20 bis unter 25 Jahre,f,8180
08436,2017,20 bis unter 25 Jahre,m,9619
08436,2017,unter 5 Jahre,f,6655
08436,2017,unter 5 Jahre,m,6982
08436,2017,80 bis unter 85 Jahre,f,4960
08436,2017,80 bis unter 85 Jahre,m,3715
08436,2017,35 bis unter 40 Jahre,m,8610
08436,2017,35 bis unter 40 Jahre,f,8411
08436,2017,15 bis unter 20 Jahre,f,7833
08436,2017,15 bis unter 20 Jahre,m,8512
08436,2017,40 bis unter 45 Jahre,f,8302
08436,2017,40 bis unter 45 Jahre,m,8390
08436,2017,70 bis unter 75 Jahre,m,5565
08436,2017,70 bis unter 75 Jahre,f,5955
08436,2017,60 bis unter 65 Jahre,m,8511
08436,2017,60 bis unter 65 Jahre,f,8912
08436,2017,50 bis unter 55 Jahre,m,11996
08436,2017,50 bis unter 55 Jahre,f,11742
08436,2017,30 bis unter 35 Jahre,m,8813
08436,2017,30 bis unter 35 Jahre,f,8429
08436,2017,25 bis unter 30 Jahre,m,9748
08436,2017,25 bis unter 30 Jahre,f,8813
08436,2017,45 bis unter 50 Jahre,f,10491
08436,2017,45 bis unter 50 Jahre,m,10575
08436,2017,10 bis unter 15 Jahre,f,6633
08436,2017,10 bis unter 15 Jahre,m,7224
08436,2017,85 bis unter 90 Jahre,f,2877
08436,2017,85 bis unter 90 Jahre,m,1665
08436,2017,65 bis unter 70 Jahre,f,7750
08436,2017,65 bis unter 70 Jahre,m,7268
08436,2017,5 bis unter 10 Jahre,m,6772
08436,2017,5 bis unter 10 Jahre,f,6491
08436,2017,90 bis unter 95 Jahre,f,1482
08436,2017,90 bis unter 95 Jahre,m,537
08436,2017,95 Jahre und mehr,f,392
08436,2017,95 Jahre und mehr,m,104
08436,2017,75 bis unter 80 Jahre,m,5975
08436,2017,75 bis unter 80 Jahre,f,7068
06633,2017,75 bis unter 80 Jahre,m,6547
06633,2017,75 bis unter 80 Jahre,f,7517
06633,2017,20 bis unter 25 Jahre,m,6313
06633,2017,20 bis unter 25 Jahre,f,5177
06633,2017,unter 5 Jahre,m,5189
06633,2017,unter 5 Jahre,f,4780
06633,2017,60 bis unter 65 Jahre,m,8150
06633,2017,60 bis unter 65 Jahre,f,8431
06633,2017,80 bis unter 85 Jahre,f,5347
06633,2017,80 bis unter 85 Jahre,m,3808
06633,2017,5 bis unter 10 Jahre,f,4703
06633,2017,5 bis unter 10 Jahre,m,5094
06633,2017,35 bis unter 40 Jahre,m,6223
06633,2017,35 bis unter 40 Jahre,f,6417
06633,2017,95 Jahre und mehr,m,96
06633,2017,95 Jahre und mehr,f,389
06633,2017,55 bis unter 60 Jahre,f,9888
06633,2017,55 bis unter 60 Jahre,m,9656
06633,2017,65 bis unter 70 Jahre,f,8209
06633,2017,65 bis unter 70 Jahre,m,7594
06633,2017,85 bis unter 90 Jahre,f,3045
06633,2017,85 bis unter 90 Jahre,m,1709
06633,2017,90 bis unter 95 Jahre,m,529
06633,2017,90 bis unter 95 Jahre,f,1445
06633,2017,10 bis unter 15 Jahre,f,5078
06633,2017,10 bis unter 15 Jahre,m,5101
06633,2017,30 bis unter 35 Jahre,m,6275
06633,2017,30 bis unter 35 Jahre,f,6058
06633,2017,45 bis unter 50 Jahre,m,8815
06633,2017,45 bis unter 50 Jahre,f,9026
06633,2017,70 bis unter 75 Jahre,m,5842
06633,2017,70 bis unter 75 Jahre,f,6362
06633,2017,50 bis unter 55 Jahre,m,10533
06633,2017,50 bis unter 55 Jahre,f,10493
06633,2017,25 bis unter 30 Jahre,m,6191
06633,2017,25 bis unter 30 Jahre,f,5655
06633,2017,15 bis unter 20 Jahre,f,5655
06633,2017,15 bis unter 20 Jahre,m,6232
06633,2017,40 bis unter 45 Jahre,f,6729
06633,2017,40 bis unter 45 Jahre,m,6373
05911,2017,25 bis unter 30 Jahre,m,14649
05911,2017,25 bis unter 30 Jahre,f,13664
05911,2017,70 bis unter 75 Jahre,f,8712
05911,2017,70 bis unter 75 Jahre,m,7222
05911,2017,50 bis unter 55 Jahre,f,14278
05911,2017,50 bis unter 55 Jahre,m,14266
05911,2017,5 bis unter 10 Jahre,m,7409
05911,2017,5 bis unter 10 Jahre,f,6755
05911,2017,85 bis unter 90 Jahre,f,5007
05911,2017,85 bis unter 90 Jahre,m,2531
05911,2017,65 bis unter 70 Jahre,m,9918
05911,2017,65 bis unter 70 Jahre,f,11361
05911,2017,90 bis unter 95 Jahre,f,2310
05911,2017,90 bis unter 95 Jahre,m,767
05911,2017,45 bis unter 50 Jahre,m,12408
05911,2017,45 bis unter 50 Jahre,f,12425
05911,2017,10 bis unter 15 Jahre,m,7450
05911,2017,10 bis unter 15 Jahre,f,6869
05911,2017,30 bis unter 35 Jahre,f,12099
05911,2017,30 bis unter 35 Jahre,m,12931
05911,2017,80 bis unter 85 Jahre,m,5122
05911,2017,80 bis unter 85 Jahre,f,8348
05911,2017,unter 5 Jahre,f,7510
05911,2017,unter 5 Jahre,m,7935
05911,2017,55 bis unter 60 Jahre,m,13338
05911,2017,55 bis unter 60 Jahre,f,13751
05911,2017,75 bis unter 80 Jahre,f,10437
05911,2017,75 bis unter 80 Jahre,m,7860
05911,2017,95 Jahre und mehr,f,605
05911,2017,95 Jahre und mehr,m,119
05911,2017,15 bis unter 20 Jahre,m,8740
05911,2017,15 bis unter 20 Jahre,f,7980
05911,2017,60 bis unter 65 Jahre,f,12397
05911,2017,60 bis unter 65 Jahre,m,11680
05911,2017,40 bis unter 45 Jahre,f,9963
05911,2017,40 bis unter 45 Jahre,m,9926
05911,2017,20 bis unter 25 Jahre,f,12107
05911,2017,20 bis unter 25 Jahre,m,12677
05911,2017,35 bis unter 40 Jahre,m,11174
05911,2017,35 bis unter 40 Jahre,f,10829
03102,2017,55 bis unter 60 Jahre,m,3963
03102,2017,55 bis unter 60 Jahre,f,3856
03102,2017,75 bis unter 80 Jahre,m,2507
03102,2017,75 bis unter 80 Jahre,f,3055
03102,2017,20 bis unter 25 Jahre,m,3383
03102,2017,20 bis unter 25 Jahre,f,2922
03102,2017,unter 5 Jahre,m,2743
03102,2017,unter 5 Jahre,f,2611
03102,2017,40 bis unter 45 Jahre,f,2848
03102,2017,40 bis unter 45 Jahre,m,2834
03102,2017,35 bis unter 40 Jahre,m,3113
03102,2017,35 bis unter 40 Jahre,f,2811
03102,2017,80 bis unter 85 Jahre,f,2349
03102,2017,80 bis unter 85 Jahre,m,1639
03102,2017,5 bis unter 10 Jahre,f,2393
03102,2017,5 bis unter 10 Jahre,m,2587
03102,2017,60 bis unter 65 Jahre,m,3310
03102,2017,60 bis unter 65 Jahre,f,3450
03102,2017,25 bis unter 30 Jahre,f,2908
03102,2017,25 bis unter 30 Jahre,m,3402
03102,2017,45 bis unter 50 Jahre,f,3548
03102,2017,45 bis unter 50 Jahre,m,3447
03102,2017,15 bis unter 20 Jahre,f,2618
03102,2017,15 bis unter 20 Jahre,m,2880
03102,2017,95 Jahre und mehr,f,160
03102,2017,95 Jahre und mehr,m,32
03102,2017,50 bis unter 55 Jahre,f,4063
03102,2017,50 bis unter 55 Jahre,m,4199
03102,2017,10 bis unter 15 Jahre,m,2558
03102,2017,10 bis unter 15 Jahre,f,2293
03102,2017,65 bis unter 70 Jahre,m,2980
03102,2017,65 bis unter 70 Jahre,f,3253
03102,2017,30 bis unter 35 Jahre,m,3202
03102,2017,30 bis unter 35 Jahre,f,2795
03102,2017,85 bis unter 90 Jahre,m,726
03102,2017,85 bis unter 90 Jahre,f,1393
03102,2017,70 bis unter 75 Jahre,f,2633
03102,2017,70 bis unter 75 Jahre,m,2284
03102,2017,90 bis unter 95 Jahre,f,599
03102,2017,90 bis unter 95 Jahre,m,201
09671,2017,85 bis unter 90 Jahre,m,1123
09671,2017,85 bis unter 90 Jahre,f,1944
09671,2017,30 bis unter 35 Jahre,m,5115
09671,2017,30 bis unter 35 Jahre,f,4801
09671,2017,50 bis unter 55 Jahre,m,8190
09671,2017,50 bis unter 55 Jahre,f,8075
09671,2017,10 bis unter 15 Jahre,m,4019
09671,2017,10 bis unter 15 Jahre,f,3864
09671,2017,95 Jahre und mehr,m,66
09671,2017,95 Jahre und mehr,f,183
09671,2017,45 bis unter 50 Jahre,m,6490
09671,2017,45 bis unter 50 Jahre,f,6679
09671,2017,15 bis unter 20 Jahre,f,4330
09671,2017,15 bis unter 20 Jahre,m,4598
09671,2017,90 bis unter 95 Jahre,f,870
09671,2017,90 bis unter 95 Jahre,m,366
09671,2017,70 bis unter 75 Jahre,m,3607
09671,2017,70 bis unter 75 Jahre,f,3839
09671,2017,unter 5 Jahre,f,3692
09671,2017,unter 5 Jahre,m,3969
09671,2017,20 bis unter 25 Jahre,f,4201
09671,2017,20 bis unter 25 Jahre,m,4936
09671,2017,65 bis unter 70 Jahre,f,5200
09671,2017,65 bis unter 70 Jahre,m,5057
09671,2017,75 bis unter 80 Jahre,f,4452
09671,2017,75 bis unter 80 Jahre,m,3877
09671,2017,40 bis unter 45 Jahre,m,4778
09671,2017,40 bis unter 45 Jahre,f,5063
09671,2017,60 bis unter 65 Jahre,m,6059
09671,2017,60 bis unter 65 Jahre,f,6008
09671,2017,55 bis unter 60 Jahre,m,7502
09671,2017,55 bis unter 60 Jahre,f,7445
09671,2017,80 bis unter 85 Jahre,m,2702
09671,2017,80 bis unter 85 Jahre,f,3508
09671,2017,5 bis unter 10 Jahre,f,3599
09671,2017,5 bis unter 10 Jahre,m,3817
09671,2017,35 bis unter 40 Jahre,m,5053
09671,2017,35 bis unter 40 Jahre,f,5094
09671,2017,25 bis unter 30 Jahre,f,4740
09671,2017,25 bis unter 30 Jahre,m,5058
03404,2017,60 bis unter 65 Jahre,m,4232
03404,2017,60 bis unter 65 Jahre,f,4634
03404,2017,40 bis unter 45 Jahre,m,4601
03404,2017,40 bis unter 45 Jahre,f,4636
03404,2017,75 bis unter 80 Jahre,m,3101
03404,2017,75 bis unter 80 Jahre,f,4187
03404,2017,80 bis unter 85 Jahre,m,2021
03404,2017,80 bis unter 85 Jahre,f,3211
03404,2017,5 bis unter 10 Jahre,f,3251
03404,2017,5 bis unter 10 Jahre,m,3408
03404,2017,35 bis unter 40 Jahre,m,5117
03404,2017,35 bis unter 40 Jahre,f,4985
03404,2017,20 bis unter 25 Jahre,m,7265
03404,2017,20 bis unter 25 Jahre,f,8497
03404,2017,45 bis unter 50 Jahre,f,5510
03404,2017,45 bis unter 50 Jahre,m,5519
03404,2017,70 bis unter 75 Jahre,f,3404
03404,2017,70 bis unter 75 Jahre,m,2798
03404,2017,25 bis unter 30 Jahre,m,7975
03404,2017,25 bis unter 30 Jahre,f,7631
03404,2017,50 bis unter 55 Jahre,f,5917
03404,2017,50 bis unter 55 Jahre,m,5938
03404,2017,15 bis unter 20 Jahre,m,4122
03404,2017,15 bis unter 20 Jahre,f,3978
03404,2017,30 bis unter 35 Jahre,m,6204
03404,2017,30 bis unter 35 Jahre,f,5789
03404,2017,10 bis unter 15 Jahre,m,3348
03404,2017,10 bis unter 15 Jahre,f,3153
03404,2017,90 bis unter 95 Jahre,f,929
03404,2017,90 bis unter 95 Jahre,m,322
03404,2017,55 bis unter 60 Jahre,f,5408
03404,2017,55 bis unter 60 Jahre,m,5233
03404,2017,85 bis unter 90 Jahre,m,946
03404,2017,85 bis unter 90 Jahre,f,1835
03404,2017,65 bis unter 70 Jahre,f,4050
03404,2017,65 bis unter 70 Jahre,m,3598
03404,2017,95 Jahre und mehr,f,249
03404,2017,95 Jahre und mehr,m,56
03404,2017,unter 5 Jahre,f,3615
03404,2017,unter 5 Jahre,m,3701
05954,2017,45 bis unter 50 Jahre,f,12264
05954,2017,45 bis unter 50 Jahre,m,11943
05954,2017,25 bis unter 30 Jahre,f,8945
05954,2017,25 bis unter 30 Jahre,m,9428
05954,2017,30 bis unter 35 Jahre,f,8843
05954,2017,30 bis unter 35 Jahre,m,9072
05954,2017,10 bis unter 15 Jahre,f,6631
05954,2017,10 bis unter 15 Jahre,m,7017
05954,2017,5 bis unter 10 Jahre,f,6358
05954,2017,5 bis unter 10 Jahre,m,6707
05954,2017,70 bis unter 75 Jahre,f,8594
05954,2017,70 bis unter 75 Jahre,m,7249
05954,2017,85 bis unter 90 Jahre,f,4259
05954,2017,85 bis unter 90 Jahre,m,2327
05954,2017,95 Jahre und mehr,f,603
05954,2017,95 Jahre und mehr,m,98
05954,2017,65 bis unter 70 Jahre,m,9402
05954,2017,65 bis unter 70 Jahre,f,10383
05954,2017,55 bis unter 60 Jahre,m,13179
05954,2017,55 bis unter 60 Jahre,f,13411
05954,2017,60 bis unter 65 Jahre,m,11014
05954,2017,60 bis unter 65 Jahre,f,11968
05954,2017,80 bis unter 85 Jahre,f,7536
05954,2017,80 bis unter 85 Jahre,m,5150
05954,2017,35 bis unter 40 Jahre,m,8977
05954,2017,35 bis unter 40 Jahre,f,9051
05954,2017,90 bis unter 95 Jahre,f,2045
05954,2017,90 bis unter 95 Jahre,m,689
05954,2017,unter 5 Jahre,f,6784
05954,2017,unter 5 Jahre,m,7173
05954,2017,75 bis unter 80 Jahre,f,10136
05954,2017,75 bis unter 80 Jahre,m,7945
05954,2017,15 bis unter 20 Jahre,m,8152
05954,2017,15 bis unter 20 Jahre,f,7368
05954,2017,50 bis unter 55 Jahre,m,14742
05954,2017,50 bis unter 55 Jahre,f,14934
05954,2017,20 bis unter 25 Jahre,f,8055
05954,2017,20 bis unter 25 Jahre,m,8957
05954,2017,40 bis unter 45 Jahre,m,8392
05954,2017,40 bis unter 45 Jahre,f,8889
05566,2017,80 bis unter 85 Jahre,f,8531
05566,2017,80 bis unter 85 Jahre,m,5980
05566,2017,35 bis unter 40 Jahre,m,12914
05566,2017,35 bis unter 40 Jahre,f,12698
05566,2017,15 bis unter 20 Jahre,m,14066
05566,2017,15 bis unter 20 Jahre,f,12795
05566,2017,20 bis unter 25 Jahre,m,14490
05566,2017,20 bis unter 25 Jahre,f,11729
05566,2017,60 bis unter 65 Jahre,f,14337
05566,2017,60 bis unter 65 Jahre,m,14135
05566,2017,unter 5 Jahre,m,11223
05566,2017,unter 5 Jahre,f,10462
05566,2017,40 bis unter 45 Jahre,f,12696
05566,2017,40 bis unter 45 Jahre,m,12686
05566,2017,55 bis unter 60 Jahre,f,17794
05566,2017,55 bis unter 60 Jahre,m,17884
05566,2017,75 bis unter 80 Jahre,m,9113
05566,2017,75 bis unter 80 Jahre,f,11402
05566,2017,5 bis unter 10 Jahre,f,10113
05566,2017,5 bis unter 10 Jahre,m,10994
05566,2017,95 Jahre und mehr,f,530
05566,2017,95 Jahre und mehr,m,116
05566,2017,30 bis unter 35 Jahre,m,13051
05566,2017,30 bis unter 35 Jahre,f,12173
05566,2017,50 bis unter 55 Jahre,f,20190
05566,2017,50 bis unter 55 Jahre,m,20405
05566,2017,25 bis unter 30 Jahre,f,11892
05566,2017,25 bis unter 30 Jahre,m,13334
05566,2017,90 bis unter 95 Jahre,f,2218
05566,2017,90 bis unter 95 Jahre,m,743
05566,2017,45 bis unter 50 Jahre,m,17076
05566,2017,45 bis unter 50 Jahre,f,17252
05566,2017,70 bis unter 75 Jahre,f,8997
05566,2017,70 bis unter 75 Jahre,m,8250
05566,2017,65 bis unter 70 Jahre,m,11632
05566,2017,65 bis unter 70 Jahre,f,12048
05566,2017,85 bis unter 90 Jahre,f,5246
05566,2017,85 bis unter 90 Jahre,m,2634
05566,2017,10 bis unter 15 Jahre,m,11667
05566,2017,10 bis unter 15 Jahre,f,11069
01002,2017,55 bis unter 60 Jahre,m,7838
01002,2017,55 bis unter 60 Jahre,f,8125
01002,2017,20 bis unter 25 Jahre,m,10311
01002,2017,20 bis unter 25 Jahre,f,11474
01002,2017,80 bis unter 85 Jahre,f,4336
01002,2017,80 bis unter 85 Jahre,m,2916
01002,2017,40 bis unter 45 Jahre,m,6905
01002,2017,40 bis unter 45 Jahre,f,6821
01002,2017,35 bis unter 40 Jahre,m,7990
01002,2017,35 bis unter 40 Jahre,f,7869
01002,2017,75 bis unter 80 Jahre,m,5009
01002,2017,75 bis unter 80 Jahre,f,6306
01002,2017,95 Jahre und mehr,f,374
01002,2017,95 Jahre und mehr,m,98
01002,2017,60 bis unter 65 Jahre,m,6300
01002,2017,60 bis unter 65 Jahre,f,6866
01002,2017,25 bis unter 30 Jahre,f,12582
01002,2017,25 bis unter 30 Jahre,m,12590
01002,2017,15 bis unter 20 Jahre,f,5579
01002,2017,15 bis unter 20 Jahre,m,5881
01002,2017,45 bis unter 50 Jahre,f,8052
01002,2017,45 bis unter 50 Jahre,m,8401
01002,2017,50 bis unter 55 Jahre,m,9134
01002,2017,50 bis unter 55 Jahre,f,9201
01002,2017,10 bis unter 15 Jahre,m,4923
01002,2017,10 bis unter 15 Jahre,f,4553
01002,2017,30 bis unter 35 Jahre,m,10057
01002,2017,30 bis unter 35 Jahre,f,9588
01002,2017,90 bis unter 95 Jahre,f,1302
01002,2017,90 bis unter 95 Jahre,m,409
01002,2017,70 bis unter 75 Jahre,f,5318
01002,2017,70 bis unter 75 Jahre,m,4661
01002,2017,5 bis unter 10 Jahre,m,5005
01002,2017,5 bis unter 10 Jahre,f,4798
01002,2017,85 bis unter 90 Jahre,m,1086
01002,2017,85 bis unter 90 Jahre,f,2311
01002,2017,unter 5 Jahre,f,5511
01002,2017,unter 5 Jahre,m,5726
01002,2017,65 bis unter 70 Jahre,f,6168
01002,2017,65 bis unter 70 Jahre,m,5569
07331,2017,unter 5 Jahre,f,3061
07331,2017,unter 5 Jahre,m,3072
07331,2017,55 bis unter 60 Jahre,f,5604
07331,2017,55 bis unter 60 Jahre,m,5566
07331,2017,20 bis unter 25 Jahre,f,3009
07331,2017,20 bis unter 25 Jahre,m,3624
07331,2017,15 bis unter 20 Jahre,f,3385
07331,2017,15 bis unter 20 Jahre,m,3640
07331,2017,35 bis unter 40 Jahre,f,3844
07331,2017,35 bis unter 40 Jahre,m,3928
07331,2017,40 bis unter 45 Jahre,f,3790
07331,2017,40 bis unter 45 Jahre,m,3731
07331,2017,60 bis unter 65 Jahre,f,4865
07331,2017,60 bis unter 65 Jahre,m,4738
07331,2017,90 bis unter 95 Jahre,m,229
07331,2017,90 bis unter 95 Jahre,f,644
07331,2017,75 bis unter 80 Jahre,f,2955
07331,2017,75 bis unter 80 Jahre,m,2452
07331,2017,30 bis unter 35 Jahre,m,3777
07331,2017,30 bis unter 35 Jahre,f,3546
07331,2017,85 bis unter 90 Jahre,m,724
07331,2017,85 bis unter 90 Jahre,f,1314
07331,2017,65 bis unter 70 Jahre,m,4076
07331,2017,65 bis unter 70 Jahre,f,3907
07331,2017,5 bis unter 10 Jahre,f,2747
07331,2017,5 bis unter 10 Jahre,m,3003
07331,2017,10 bis unter 15 Jahre,m,3129
07331,2017,10 bis unter 15 Jahre,f,2865
07331,2017,95 Jahre und mehr,m,37
07331,2017,95 Jahre und mehr,f,155
07331,2017,45 bis unter 50 Jahre,f,4806
07331,2017,45 bis unter 50 Jahre,m,4822
07331,2017,80 bis unter 85 Jahre,m,1555
07331,2017,80 bis unter 85 Jahre,f,2122
07331,2017,25 bis unter 30 Jahre,f,3359
07331,2017,25 bis unter 30 Jahre,m,3681
07331,2017,50 bis unter 55 Jahre,f,5899
07331,2017,50 bis unter 55 Jahre,m,5787
07331,2017,70 bis unter 75 Jahre,m,2508
07331,2017,70 bis unter 75 Jahre,f,2563
08221,2017,65 bis unter 70 Jahre,m,3112
08221,2017,65 bis unter 70 Jahre,f,3679
08221,2017,10 bis unter 15 Jahre,m,2849
08221,2017,10 bis unter 15 Jahre,f,2863
08221,2017,30 bis unter 35 Jahre,m,7520
08221,2017,30 bis unter 35 Jahre,f,7398
08221,2017,85 bis unter 90 Jahre,m,760
08221,2017,85 bis unter 90 Jahre,f,1514
08221,2017,70 bis unter 75 Jahre,f,2975
08221,2017,70 bis unter 75 Jahre,m,2562
08221,2017,25 bis unter 30 Jahre,m,8669
08221,2017,25 bis unter 30 Jahre,f,9113
08221,2017,90 bis unter 95 Jahre,m,336
08221,2017,90 bis unter 95 Jahre,f,870
08221,2017,50 bis unter 55 Jahre,m,5183
08221,2017,50 bis unter 55 Jahre,f,5224
08221,2017,35 bis unter 40 Jahre,f,5919
08221,2017,35 bis unter 40 Jahre,m,5912
08221,2017,5 bis unter 10 Jahre,f,2949
08221,2017,5 bis unter 10 Jahre,m,3205
08221,2017,95 Jahre und mehr,m,79
08221,2017,95 Jahre und mehr,f,309
08221,2017,40 bis unter 45 Jahre,f,4471
08221,2017,40 bis unter 45 Jahre,m,4561
08221,2017,15 bis unter 20 Jahre,f,3762
08221,2017,15 bis unter 20 Jahre,m,3847
08221,2017,75 bis unter 80 Jahre,m,2540
08221,2017,75 bis unter 80 Jahre,f,3344
08221,2017,20 bis unter 25 Jahre,m,7743
08221,2017,20 bis unter 25 Jahre,f,9534
08221,2017,80 bis unter 85 Jahre,f,2321
08221,2017,80 bis unter 85 Jahre,m,1588
08221,2017,55 bis unter 60 Jahre,m,4460
08221,2017,55 bis unter 60 Jahre,f,4688
08221,2017,60 bis unter 65 Jahre,m,3705
08221,2017,60 bis unter 65 Jahre,f,4073
08221,2017,unter 5 Jahre,m,3719
08221,2017,unter 5 Jahre,f,3542
08221,2017,45 bis unter 50 Jahre,f,4734
08221,2017,45 bis unter 50 Jahre,m,4969
03451,2017,10 bis unter 15 Jahre,f,2950
03451,2017,10 bis unter 15 Jahre,m,3162
03451,2017,45 bis unter 50 Jahre,f,4858
03451,2017,45 bis unter 50 Jahre,m,4727
03451,2017,85 bis unter 90 Jahre,f,1311
03451,2017,85 bis unter 90 Jahre,m,744
03451,2017,65 bis unter 70 Jahre,f,4048
03451,2017,65 bis unter 70 Jahre,m,3669
03451,2017,70 bis unter 75 Jahre,f,3054
03451,2017,70 bis unter 75 Jahre,m,2894
03451,2017,30 bis unter 35 Jahre,f,3278
03451,2017,30 bis unter 35 Jahre,m,3185
03451,2017,5 bis unter 10 Jahre,f,2750
03451,2017,5 bis unter 10 Jahre,m,2856
03451,2017,75 bis unter 80 Jahre,m,3222
03451,2017,75 bis unter 80 Jahre,f,3760
03451,2017,90 bis unter 95 Jahre,f,600
03451,2017,90 bis unter 95 Jahre,m,245
03451,2017,80 bis unter 85 Jahre,m,1894
03451,2017,80 bis unter 85 Jahre,f,2474
03451,2017,unter 5 Jahre,m,2884
03451,2017,unter 5 Jahre,f,2692
03451,2017,55 bis unter 60 Jahre,m,4695
03451,2017,55 bis unter 60 Jahre,f,4932
03451,2017,35 bis unter 40 Jahre,f,3490
03451,2017,35 bis unter 40 Jahre,m,3370
03451,2017,15 bis unter 20 Jahre,f,3366
03451,2017,15 bis unter 20 Jahre,m,3706
03451,2017,20 bis unter 25 Jahre,f,2887
03451,2017,20 bis unter 25 Jahre,m,3306
03451,2017,40 bis unter 45 Jahre,f,3588
03451,2017,40 bis unter 45 Jahre,m,3392
03451,2017,50 bis unter 55 Jahre,m,5445
03451,2017,50 bis unter 55 Jahre,f,5516
03451,2017,60 bis unter 65 Jahre,m,3839
03451,2017,60 bis unter 65 Jahre,f,4114
03451,2017,95 Jahre und mehr,m,36
03451,2017,95 Jahre und mehr,f,170
03451,2017,25 bis unter 30 Jahre,m,3114
03451,2017,25 bis unter 30 Jahre,f,3154
04012,2017,10 bis unter 15 Jahre,f,2611
04012,2017,10 bis unter 15 Jahre,m,2704
04012,2017,65 bis unter 70 Jahre,f,3506
04012,2017,65 bis unter 70 Jahre,m,3051
04012,2017,45 bis unter 50 Jahre,f,3576
04012,2017,45 bis unter 50 Jahre,m,3967
04012,2017,85 bis unter 90 Jahre,f,1332
04012,2017,85 bis unter 90 Jahre,m,618
04012,2017,80 bis unter 85 Jahre,m,1567
04012,2017,80 bis unter 85 Jahre,f,2378
04012,2017,5 bis unter 10 Jahre,m,2699
04012,2017,5 bis unter 10 Jahre,f,2555
04012,2017,50 bis unter 55 Jahre,f,4214
04012,2017,50 bis unter 55 Jahre,m,4292
04012,2017,25 bis unter 30 Jahre,f,3472
04012,2017,25 bis unter 30 Jahre,m,3998
04012,2017,75 bis unter 80 Jahre,m,2524
04012,2017,75 bis unter 80 Jahre,f,3234
04012,2017,30 bis unter 35 Jahre,m,3805
04012,2017,30 bis unter 35 Jahre,f,3174
04012,2017,20 bis unter 25 Jahre,m,3764
04012,2017,20 bis unter 25 Jahre,f,3336
04012,2017,55 bis unter 60 Jahre,f,4271
04012,2017,55 bis unter 60 Jahre,m,4175
04012,2017,unter 5 Jahre,f,2768
04012,2017,unter 5 Jahre,m,2994
04012,2017,95 Jahre und mehr,f,155
04012,2017,95 Jahre und mehr,m,40
04012,2017,35 bis unter 40 Jahre,f,3056
04012,2017,35 bis unter 40 Jahre,m,3549
04012,2017,40 bis unter 45 Jahre,f,2986
04012,2017,40 bis unter 45 Jahre,m,3253
04012,2017,15 bis unter 20 Jahre,f,2829
04012,2017,15 bis unter 20 Jahre,m,2912
04012,2017,90 bis unter 95 Jahre,m,211
04012,2017,90 bis unter 95 Jahre,f,614
04012,2017,60 bis unter 65 Jahre,f,3945
04012,2017,60 bis unter 65 Jahre,m,3500
04012,2017,70 bis unter 75 Jahre,m,2558
04012,2017,70 bis unter 75 Jahre,f,2833
09575,2017,30 bis unter 35 Jahre,m,2966
09575,2017,30 bis unter 35 Jahre,f,2850
09575,2017,10 bis unter 15 Jahre,m,2380
09575,2017,10 bis unter 15 Jahre,f,2244
09575,2017,65 bis unter 70 Jahre,m,3083
09575,2017,65 bis unter 70 Jahre,f,2892
09575,2017,85 bis unter 90 Jahre,m,643
09575,2017,85 bis unter 90 Jahre,f,1135
09575,2017,90 bis unter 95 Jahre,m,200
09575,2017,90 bis unter 95 Jahre,f,535
09575,2017,50 bis unter 55 Jahre,m,4561
09575,2017,50 bis unter 55 Jahre,f,4450
09575,2017,25 bis unter 30 Jahre,m,3008
09575,2017,25 bis unter 30 Jahre,f,2657
09575,2017,70 bis unter 75 Jahre,f,2005
09575,2017,70 bis unter 75 Jahre,m,1877
09575,2017,45 bis unter 50 Jahre,f,3619
09575,2017,45 bis unter 50 Jahre,m,3631
09575,2017,unter 5 Jahre,f,2180
09575,2017,unter 5 Jahre,m,2329
09575,2017,55 bis unter 60 Jahre,f,4126
09575,2017,55 bis unter 60 Jahre,m,4201
09575,2017,75 bis unter 80 Jahre,f,2540
09575,2017,75 bis unter 80 Jahre,m,2150
09575,2017,80 bis unter 85 Jahre,m,1322
09575,2017,80 bis unter 85 Jahre,f,1961
09575,2017,95 Jahre und mehr,m,33
09575,2017,95 Jahre und mehr,f,130
09575,2017,20 bis unter 25 Jahre,m,2987
09575,2017,20 bis unter 25 Jahre,f,2568
09575,2017,60 bis unter 65 Jahre,m,3477
09575,2017,60 bis unter 65 Jahre,f,3528
09575,2017,35 bis unter 40 Jahre,m,2970
09575,2017,35 bis unter 40 Jahre,f,2908
09575,2017,40 bis unter 45 Jahre,m,2877
09575,2017,40 bis unter 45 Jahre,f,2820
09575,2017,15 bis unter 20 Jahre,m,2946
09575,2017,15 bis unter 20 Jahre,f,2523
09575,2017,5 bis unter 10 Jahre,f,2082
09575,2017,5 bis unter 10 Jahre,m,2247
06634,2017,70 bis unter 75 Jahre,m,4020
06634,2017,70 bis unter 75 Jahre,f,4200
06634,2017,50 bis unter 55 Jahre,m,8118
06634,2017,50 bis unter 55 Jahre,f,7838
06634,2017,30 bis unter 35 Jahre,m,5162
06634,2017,30 bis unter 35 Jahre,f,4713
06634,2017,15 bis unter 20 Jahre,f,4375
06634,2017,15 bis unter 20 Jahre,m,4926
06634,2017,10 bis unter 15 Jahre,m,4187
06634,2017,10 bis unter 15 Jahre,f,3791
06634,2017,90 bis unter 95 Jahre,f,1078
06634,2017,90 bis unter 95 Jahre,m,372
06634,2017,45 bis unter 50 Jahre,m,6769
06634,2017,45 bis unter 50 Jahre,f,6651
06634,2017,85 bis unter 90 Jahre,m,1230
06634,2017,85 bis unter 90 Jahre,f,2411
06634,2017,55 bis unter 60 Jahre,f,7567
06634,2017,55 bis unter 60 Jahre,m,7788
06634,2017,40 bis unter 45 Jahre,f,5059
06634,2017,40 bis unter 45 Jahre,m,5096
06634,2017,25 bis unter 30 Jahre,m,5329
06634,2017,25 bis unter 30 Jahre,f,4468
06634,2017,5 bis unter 10 Jahre,m,3885
06634,2017,5 bis unter 10 Jahre,f,3666
06634,2017,35 bis unter 40 Jahre,f,4952
06634,2017,35 bis unter 40 Jahre,m,5203
06634,2017,60 bis unter 65 Jahre,f,6381
06634,2017,60 bis unter 65 Jahre,m,6411
06634,2017,75 bis unter 80 Jahre,m,4331
06634,2017,75 bis unter 80 Jahre,f,5273
06634,2017,95 Jahre und mehr,f,317
06634,2017,95 Jahre und mehr,m,55
06634,2017,80 bis unter 85 Jahre,m,2845
06634,2017,80 bis unter 85 Jahre,f,3830
06634,2017,20 bis unter 25 Jahre,m,5188
06634,2017,20 bis unter 25 Jahre,f,4088
06634,2017,65 bis unter 70 Jahre,f,5879
06634,2017,65 bis unter 70 Jahre,m,5718
06634,2017,unter 5 Jahre,f,3740
06634,2017,unter 5 Jahre,m,3844
05758,2017,35 bis unter 40 Jahre,m,7145
05758,2017,35 bis unter 40 Jahre,f,7206
05758,2017,55 bis unter 60 Jahre,m,10180
05758,2017,55 bis unter 60 Jahre,f,10215
05758,2017,unter 5 Jahre,m,5936
05758,2017,unter 5 Jahre,f,5546
05758,2017,20 bis unter 25 Jahre,m,7267
05758,2017,20 bis unter 25 Jahre,f,6294
05758,2017,15 bis unter 20 Jahre,m,7082
05758,2017,15 bis unter 20 Jahre,f,6504
05758,2017,60 bis unter 65 Jahre,f,8456
05758,2017,60 bis unter 65 Jahre,m,8068
05758,2017,75 bis unter 80 Jahre,f,7114
05758,2017,75 bis unter 80 Jahre,m,5615
05758,2017,40 bis unter 45 Jahre,m,7152
05758,2017,40 bis unter 45 Jahre,f,7263
05758,2017,80 bis unter 85 Jahre,f,5709
05758,2017,80 bis unter 85 Jahre,m,3792
05758,2017,5 bis unter 10 Jahre,f,5418
05758,2017,5 bis unter 10 Jahre,m,5847
05758,2017,25 bis unter 30 Jahre,f,6641
05758,2017,25 bis unter 30 Jahre,m,7448
05758,2017,85 bis unter 90 Jahre,m,1954
05758,2017,85 bis unter 90 Jahre,f,3649
05758,2017,50 bis unter 55 Jahre,f,10968
05758,2017,50 bis unter 55 Jahre,m,11089
05758,2017,30 bis unter 35 Jahre,m,7060
05758,2017,30 bis unter 35 Jahre,f,6961
05758,2017,90 bis unter 95 Jahre,f,1703
05758,2017,90 bis unter 95 Jahre,m,583
05758,2017,45 bis unter 50 Jahre,m,9209
05758,2017,45 bis unter 50 Jahre,f,9317
05758,2017,10 bis unter 15 Jahre,m,6157
05758,2017,10 bis unter 15 Jahre,f,5901
05758,2017,95 Jahre und mehr,m,88
05758,2017,95 Jahre und mehr,f,486
05758,2017,65 bis unter 70 Jahre,m,6715
05758,2017,65 bis unter 70 Jahre,f,7192
05758,2017,70 bis unter 75 Jahre,f,5558
05758,2017,70 bis unter 75 Jahre,m,5051
05316,2017,5 bis unter 10 Jahre,m,3875
05316,2017,5 bis unter 10 Jahre,f,3616
05316,2017,50 bis unter 55 Jahre,f,7100
05316,2017,50 bis unter 55 Jahre,m,7231
05316,2017,85 bis unter 90 Jahre,f,2000
05316,2017,85 bis unter 90 Jahre,m,1177
05316,2017,70 bis unter 75 Jahre,f,3952
05316,2017,70 bis unter 75 Jahre,m,3014
05316,2017,25 bis unter 30 Jahre,m,5034
05316,2017,25 bis unter 30 Jahre,f,4943
05316,2017,45 bis unter 50 Jahre,m,6113
05316,2017,45 bis unter 50 Jahre,f,5998
05316,2017,90 bis unter 95 Jahre,f,847
05316,2017,90 bis unter 95 Jahre,m,339
05316,2017,65 bis unter 70 Jahre,m,3845
05316,2017,65 bis unter 70 Jahre,f,4538
05316,2017,10 bis unter 15 Jahre,f,3692
05316,2017,10 bis unter 15 Jahre,m,4079
05316,2017,30 bis unter 35 Jahre,m,4865
05316,2017,30 bis unter 35 Jahre,f,4879
05316,2017,80 bis unter 85 Jahre,m,2737
05316,2017,80 bis unter 85 Jahre,f,3918
05316,2017,35 bis unter 40 Jahre,f,5156
05316,2017,35 bis unter 40 Jahre,m,4845
05316,2017,60 bis unter 65 Jahre,m,4714
05316,2017,60 bis unter 65 Jahre,f,5195
05316,2017,15 bis unter 20 Jahre,m,4276
05316,2017,15 bis unter 20 Jahre,f,3796
05316,2017,75 bis unter 80 Jahre,f,4939
05316,2017,75 bis unter 80 Jahre,m,3911
05316,2017,20 bis unter 25 Jahre,f,4149
05316,2017,20 bis unter 25 Jahre,m,4494
05316,2017,55 bis unter 60 Jahre,f,6282
05316,2017,55 bis unter 60 Jahre,m,6278
05316,2017,unter 5 Jahre,m,4066
05316,2017,unter 5 Jahre,f,3812
05316,2017,40 bis unter 45 Jahre,f,4873
05316,2017,40 bis unter 45 Jahre,m,4739
05316,2017,95 Jahre und mehr,m,43
05316,2017,95 Jahre und mehr,f,217
01001,2017,70 bis unter 75 Jahre,f,2103
01001,2017,70 bis unter 75 Jahre,m,1817
01001,2017,50 bis unter 55 Jahre,f,3173
01001,2017,50 bis unter 55 Jahre,m,3356
01001,2017,45 bis unter 50 Jahre,m,2971
01001,2017,45 bis unter 50 Jahre,f,2867
01001,2017,85 bis unter 90 Jahre,f,864
01001,2017,85 bis unter 90 Jahre,m,462
01001,2017,10 bis unter 15 Jahre,m,1785
01001,2017,10 bis unter 15 Jahre,f,1679
01001,2017,90 bis unter 95 Jahre,f,444
01001,2017,90 bis unter 95 Jahre,m,165
01001,2017,5 bis unter 10 Jahre,m,1908
01001,2017,5 bis unter 10 Jahre,f,1840
01001,2017,65 bis unter 70 Jahre,f,2442
01001,2017,65 bis unter 70 Jahre,m,2166
01001,2017,25 bis unter 30 Jahre,m,4446
01001,2017,25 bis unter 30 Jahre,f,3572
01001,2017,30 bis unter 35 Jahre,m,3129
01001,2017,30 bis unter 35 Jahre,f,2469
01001,2017,80 bis unter 85 Jahre,m,1205
01001,2017,80 bis unter 85 Jahre,f,1698
01001,2017,unter 5 Jahre,f,1981
01001,2017,unter 5 Jahre,m,2069
01001,2017,95 Jahre und mehr,m,17
01001,2017,95 Jahre und mehr,f,141
01001,2017,20 bis unter 25 Jahre,f,4408
01001,2017,20 bis unter 25 Jahre,m,4056
01001,2017,55 bis unter 60 Jahre,m,2929
01001,2017,55 bis unter 60 Jahre,f,3024
01001,2017,75 bis unter 80 Jahre,f,2433
01001,2017,75 bis unter 80 Jahre,m,1953
01001,2017,15 bis unter 20 Jahre,m,2297
01001,2017,15 bis unter 20 Jahre,f,2153
01001,2017,60 bis unter 65 Jahre,f,2541
01001,2017,60 bis unter 65 Jahre,m,2346
01001,2017,40 bis unter 45 Jahre,f,2329
01001,2017,40 bis unter 45 Jahre,m,2402
01001,2017,35 bis unter 40 Jahre,m,2607
01001,2017,35 bis unter 40 Jahre,f,2272
09675,2017,75 bis unter 80 Jahre,f,2295
09675,2017,75 bis unter 80 Jahre,m,1891
09675,2017,20 bis unter 25 Jahre,f,2371
09675,2017,20 bis unter 25 Jahre,m,2859
09675,2017,55 bis unter 60 Jahre,f,3788
09675,2017,55 bis unter 60 Jahre,m,3813
09675,2017,unter 5 Jahre,f,1948
09675,2017,unter 5 Jahre,m,2187
09675,2017,15 bis unter 20 Jahre,m,2484
09675,2017,15 bis unter 20 Jahre,f,2231
09675,2017,60 bis unter 65 Jahre,f,3012
09675,2017,60 bis unter 65 Jahre,m,3071
09675,2017,40 bis unter 45 Jahre,f,2655
09675,2017,40 bis unter 45 Jahre,m,2559
09675,2017,35 bis unter 40 Jahre,f,2729
09675,2017,35 bis unter 40 Jahre,m,2797
09675,2017,95 Jahre und mehr,m,39
09675,2017,95 Jahre und mehr,f,114
09675,2017,85 bis unter 90 Jahre,m,603
09675,2017,85 bis unter 90 Jahre,f,1010
09675,2017,90 bis unter 95 Jahre,m,185
09675,2017,90 bis unter 95 Jahre,f,487
09675,2017,30 bis unter 35 Jahre,m,2812
09675,2017,30 bis unter 35 Jahre,f,2584
09675,2017,65 bis unter 70 Jahre,m,2750
09675,2017,65 bis unter 70 Jahre,f,2568
09675,2017,10 bis unter 15 Jahre,m,2042
09675,2017,10 bis unter 15 Jahre,f,2047
09675,2017,5 bis unter 10 Jahre,f,1870
09675,2017,5 bis unter 10 Jahre,m,1962
09675,2017,45 bis unter 50 Jahre,m,3421
09675,2017,45 bis unter 50 Jahre,f,3195
09675,2017,50 bis unter 55 Jahre,f,3931
09675,2017,50 bis unter 55 Jahre,m,4061
09675,2017,80 bis unter 85 Jahre,m,1249
09675,2017,80 bis unter 85 Jahre,f,1758
09675,2017,25 bis unter 30 Jahre,f,2552
09675,2017,25 bis unter 30 Jahre,m,2976
09675,2017,70 bis unter 75 Jahre,m,1765
09675,2017,70 bis unter 75 Jahre,f,1758
09278,2017,10 bis unter 15 Jahre,f,2397
09278,2017,10 bis unter 15 Jahre,m,2457
09278,2017,45 bis unter 50 Jahre,f,3889
09278,2017,45 bis unter 50 Jahre,m,4000
09278,2017,85 bis unter 90 Jahre,f,1054
09278,2017,85 bis unter 90 Jahre,m,537
09278,2017,65 bis unter 70 Jahre,f,2879
09278,2017,65 bis unter 70 Jahre,m,2831
09278,2017,70 bis unter 75 Jahre,f,2011
09278,2017,70 bis unter 75 Jahre,m,1922
09278,2017,30 bis unter 35 Jahre,f,2765
09278,2017,30 bis unter 35 Jahre,m,3001
09278,2017,5 bis unter 10 Jahre,f,2170
09278,2017,5 bis unter 10 Jahre,m,2271
09278,2017,95 Jahre und mehr,m,18
09278,2017,95 Jahre und mehr,f,112
09278,2017,40 bis unter 45 Jahre,m,3135
09278,2017,40 bis unter 45 Jahre,f,3086
09278,2017,50 bis unter 55 Jahre,m,4540
09278,2017,50 bis unter 55 Jahre,f,4299
09278,2017,60 bis unter 65 Jahre,m,3450
09278,2017,60 bis unter 65 Jahre,f,3352
09278,2017,25 bis unter 30 Jahre,m,3175
09278,2017,25 bis unter 30 Jahre,f,2658
09278,2017,15 bis unter 20 Jahre,m,3007
09278,2017,15 bis unter 20 Jahre,f,2570
09278,2017,55 bis unter 60 Jahre,f,4049
09278,2017,55 bis unter 60 Jahre,m,4185
09278,2017,20 bis unter 25 Jahre,f,2556
09278,2017,20 bis unter 25 Jahre,m,2947
09278,2017,35 bis unter 40 Jahre,f,2942
09278,2017,35 bis unter 40 Jahre,m,3080
09278,2017,unter 5 Jahre,f,2215
09278,2017,unter 5 Jahre,m,2341
09278,2017,80 bis unter 85 Jahre,f,1748
09278,2017,80 bis unter 85 Jahre,m,1130
09278,2017,75 bis unter 80 Jahre,m,2095
09278,2017,75 bis unter 80 Jahre,f,2367
09278,2017,90 bis unter 95 Jahre,f,443
09278,2017,90 bis unter 95 Jahre,m,154
05314,2017,25 bis unter 30 Jahre,f,13788
05314,2017,25 bis unter 30 Jahre,m,12916
05314,2017,45 bis unter 50 Jahre,f,11304
05314,2017,45 bis unter 50 Jahre,m,10907
05314,2017,10 bis unter 15 Jahre,f,7243
05314,2017,10 bis unter 15 Jahre,m,7977
05314,2017,30 bis unter 35 Jahre,f,12332
05314,2017,30 bis unter 35 Jahre,m,11754
05314,2017,5 bis unter 10 Jahre,f,7554
05314,2017,5 bis unter 10 Jahre,m,7972
05314,2017,50 bis unter 55 Jahre,f,12474
05314,2017,50 bis unter 55 Jahre,m,12205
05314,2017,80 bis unter 85 Jahre,m,3828
05314,2017,80 bis unter 85 Jahre,f,5673
05314,2017,65 bis unter 70 Jahre,f,7863
05314,2017,65 bis unter 70 Jahre,m,6686
05314,2017,90 bis unter 95 Jahre,f,1963
05314,2017,90 bis unter 95 Jahre,m,689
05314,2017,95 Jahre und mehr,m,134
05314,2017,95 Jahre und mehr,f,610
05314,2017,40 bis unter 45 Jahre,m,9448
05314,2017,40 bis unter 45 Jahre,f,10067
05314,2017,60 bis unter 65 Jahre,m,8364
05314,2017,60 bis unter 65 Jahre,f,9204
05314,2017,35 bis unter 40 Jahre,m,10776
05314,2017,35 bis unter 40 Jahre,f,11341
05314,2017,15 bis unter 20 Jahre,m,8410
05314,2017,15 bis unter 20 Jahre,f,8303
05314,2017,70 bis unter 75 Jahre,f,6884
05314,2017,70 bis unter 75 Jahre,m,5305
05314,2017,55 bis unter 60 Jahre,f,11102
05314,2017,55 bis unter 60 Jahre,m,10424
05314,2017,75 bis unter 80 Jahre,f,7772
05314,2017,75 bis unter 80 Jahre,m,5657
05314,2017,unter 5 Jahre,f,7982
05314,2017,unter 5 Jahre,m,8529
05314,2017,20 bis unter 25 Jahre,m,11745
05314,2017,20 bis unter 25 Jahre,f,12898
05314,2017,85 bis unter 90 Jahre,m,1879
05314,2017,85 bis unter 90 Jahre,f,3528
05562,2017,90 bis unter 95 Jahre,m,1393
05562,2017,90 bis unter 95 Jahre,f,3789
05562,2017,15 bis unter 20 Jahre,f,14997
05562,2017,15 bis unter 20 Jahre,m,16439
05562,2017,35 bis unter 40 Jahre,f,17587
05562,2017,35 bis unter 40 Jahre,m,17331
05562,2017,65 bis unter 70 Jahre,m,18061
05562,2017,65 bis unter 70 Jahre,f,20054
05562,2017,20 bis unter 25 Jahre,f,15084
05562,2017,20 bis unter 25 Jahre,m,17235
05562,2017,50 bis unter 55 Jahre,m,26999
05562,2017,50 bis unter 55 Jahre,f,26852
05562,2017,75 bis unter 80 Jahre,f,17242
05562,2017,75 bis unter 80 Jahre,m,13514
05562,2017,5 bis unter 10 Jahre,m,13381
05562,2017,5 bis unter 10 Jahre,f,12535
05562,2017,85 bis unter 90 Jahre,f,8354
05562,2017,85 bis unter 90 Jahre,m,4353
05562,2017,40 bis unter 45 Jahre,f,17678
05562,2017,40 bis unter 45 Jahre,m,17344
05562,2017,10 bis unter 15 Jahre,m,14164
05562,2017,10 bis unter 15 Jahre,f,13247
05562,2017,30 bis unter 35 Jahre,m,17242
05562,2017,30 bis unter 35 Jahre,f,16575
05562,2017,80 bis unter 85 Jahre,m,8840
05562,2017,80 bis unter 85 Jahre,f,13580
05562,2017,60 bis unter 65 Jahre,m,21859
05562,2017,60 bis unter 65 Jahre,f,23327
05562,2017,55 bis unter 60 Jahre,m,24973
05562,2017,55 bis unter 60 Jahre,f,26051
05562,2017,25 bis unter 30 Jahre,f,16620
05562,2017,25 bis unter 30 Jahre,m,17692
05562,2017,unter 5 Jahre,m,13884
05562,2017,unter 5 Jahre,f,13168
05562,2017,95 Jahre und mehr,f,964
05562,2017,95 Jahre und mehr,m,195
05562,2017,45 bis unter 50 Jahre,m,22796
05562,2017,45 bis unter 50 Jahre,f,23175
05562,2017,70 bis unter 75 Jahre,f,14963
05562,2017,70 bis unter 75 Jahre,m,13287
08336,2017,10 bis unter 15 Jahre,m,5728
08336,2017,10 bis unter 15 Jahre,f,5337
08336,2017,45 bis unter 50 Jahre,m,8338
08336,2017,45 bis unter 50 Jahre,f,8638
08336,2017,90 bis unter 95 Jahre,f,1138
08336,2017,90 bis unter 95 Jahre,m,444
08336,2017,30 bis unter 35 Jahre,m,7076
08336,2017,30 bis unter 35 Jahre,f,6853
08336,2017,25 bis unter 30 Jahre,m,6917
08336,2017,25 bis unter 30 Jahre,f,6731
08336,2017,85 bis unter 90 Jahre,m,1562
08336,2017,85 bis unter 90 Jahre,f,2559
08336,2017,50 bis unter 55 Jahre,m,9891
08336,2017,50 bis unter 55 Jahre,f,10147
08336,2017,65 bis unter 70 Jahre,m,5813
08336,2017,65 bis unter 70 Jahre,f,6321
08336,2017,5 bis unter 10 Jahre,m,5446
08336,2017,5 bis unter 10 Jahre,f,5355
08336,2017,15 bis unter 20 Jahre,f,5905
08336,2017,15 bis unter 20 Jahre,m,6295
08336,2017,20 bis unter 25 Jahre,f,5753
08336,2017,20 bis unter 25 Jahre,m,6666
08336,2017,75 bis unter 80 Jahre,m,4759
08336,2017,75 bis unter 80 Jahre,f,5984
08336,2017,55 bis unter 60 Jahre,m,9207
08336,2017,55 bis unter 60 Jahre,f,9338
08336,2017,95 Jahre und mehr,f,276
08336,2017,95 Jahre und mehr,m,58
08336,2017,80 bis unter 85 Jahre,f,4589
08336,2017,80 bis unter 85 Jahre,m,3320
08336,2017,35 bis unter 40 Jahre,m,6843
08336,2017,35 bis unter 40 Jahre,f,7095
08336,2017,60 bis unter 65 Jahre,f,7338
08336,2017,60 bis unter 65 Jahre,m,7160
08336,2017,unter 5 Jahre,m,5613
08336,2017,unter 5 Jahre,f,5378
08336,2017,40 bis unter 45 Jahre,f,6819
08336,2017,40 bis unter 45 Jahre,m,6535
08336,2017,70 bis unter 75 Jahre,m,4233
08336,2017,70 bis unter 75 Jahre,f,4856
09461,2017,80 bis unter 85 Jahre,m,955
09461,2017,80 bis unter 85 Jahre,f,1530
09461,2017,60 bis unter 65 Jahre,m,1997
09461,2017,60 bis unter 65 Jahre,f,2198
09461,2017,75 bis unter 80 Jahre,m,1438
09461,2017,75 bis unter 80 Jahre,f,2038
09461,2017,20 bis unter 25 Jahre,m,2868
09461,2017,20 bis unter 25 Jahre,f,3357
09461,2017,35 bis unter 40 Jahre,m,2508
09461,2017,35 bis unter 40 Jahre,f,2389
09461,2017,5 bis unter 10 Jahre,f,1472
09461,2017,5 bis unter 10 Jahre,m,1520
09461,2017,95 Jahre und mehr,f,129
09461,2017,95 Jahre und mehr,m,28
09461,2017,50 bis unter 55 Jahre,f,2810
09461,2017,50 bis unter 55 Jahre,m,2729
09461,2017,15 bis unter 20 Jahre,m,1774
09461,2017,15 bis unter 20 Jahre,f,1658
09461,2017,25 bis unter 30 Jahre,m,3867
09461,2017,25 bis unter 30 Jahre,f,3985
09461,2017,70 bis unter 75 Jahre,f,1677
09461,2017,70 bis unter 75 Jahre,m,1370
09461,2017,45 bis unter 50 Jahre,f,2530
09461,2017,45 bis unter 50 Jahre,m,2523
09461,2017,40 bis unter 45 Jahre,m,2046
09461,2017,40 bis unter 45 Jahre,f,2049
09461,2017,90 bis unter 95 Jahre,m,164
09461,2017,90 bis unter 95 Jahre,f,476
09461,2017,unter 5 Jahre,f,1745
09461,2017,unter 5 Jahre,m,1837
09461,2017,30 bis unter 35 Jahre,m,3452
09461,2017,30 bis unter 35 Jahre,f,2988
09461,2017,85 bis unter 90 Jahre,m,469
09461,2017,85 bis unter 90 Jahre,f,952
09461,2017,55 bis unter 60 Jahre,f,2691
09461,2017,55 bis unter 60 Jahre,m,2500
09461,2017,65 bis unter 70 Jahre,f,1928
09461,2017,65 bis unter 70 Jahre,m,1676
09461,2017,10 bis unter 15 Jahre,m,1444
09461,2017,10 bis unter 15 Jahre,f,1412
09764,2017,55 bis unter 60 Jahre,f,1653
09764,2017,55 bis unter 60 Jahre,m,1626
09764,2017,unter 5 Jahre,f,1047
09764,2017,unter 5 Jahre,m,1033
09764,2017,95 Jahre und mehr,m,25
09764,2017,95 Jahre und mehr,f,84
09764,2017,20 bis unter 25 Jahre,f,1117
09764,2017,20 bis unter 25 Jahre,m,1291
09764,2017,75 bis unter 80 Jahre,f,1285
09764,2017,75 bis unter 80 Jahre,m,1038
09764,2017,40 bis unter 45 Jahre,f,1259
09764,2017,40 bis unter 45 Jahre,m,1347
09764,2017,35 bis unter 40 Jahre,f,1323
09764,2017,35 bis unter 40 Jahre,m,1414
09764,2017,60 bis unter 65 Jahre,f,1415
09764,2017,60 bis unter 65 Jahre,m,1312
09764,2017,15 bis unter 20 Jahre,m,1202
09764,2017,15 bis unter 20 Jahre,f,1042
09764,2017,85 bis unter 90 Jahre,m,274
09764,2017,85 bis unter 90 Jahre,f,544
09764,2017,30 bis unter 35 Jahre,m,1402
09764,2017,30 bis unter 35 Jahre,f,1327
09764,2017,90 bis unter 95 Jahre,m,107
09764,2017,90 bis unter 95 Jahre,f,292
09764,2017,65 bis unter 70 Jahre,m,1071
09764,2017,65 bis unter 70 Jahre,f,1248
09764,2017,5 bis unter 10 Jahre,f,904
09764,2017,5 bis unter 10 Jahre,m,946
09764,2017,10 bis unter 15 Jahre,m,976
09764,2017,10 bis unter 15 Jahre,f,1035
09764,2017,45 bis unter 50 Jahre,m,1503
09764,2017,45 bis unter 50 Jahre,f,1451
09764,2017,25 bis unter 30 Jahre,f,1392
09764,2017,25 bis unter 30 Jahre,m,1585
09764,2017,50 bis unter 55 Jahre,f,1653
09764,2017,50 bis unter 55 Jahre,m,1824
09764,2017,80 bis unter 85 Jahre,m,585
09764,2017,80 bis unter 85 Jahre,f,854
09764,2017,70 bis unter 75 Jahre,m,917
09764,2017,70 bis unter 75 Jahre,f,1067
06632,2017,90 bis unter 95 Jahre,f,789
06632,2017,90 bis unter 95 Jahre,m,340
06632,2017,45 bis unter 50 Jahre,m,4507
06632,2017,45 bis unter 50 Jahre,f,4373
06632,2017,25 bis unter 30 Jahre,m,3655
06632,2017,25 bis unter 30 Jahre,f,3108
06632,2017,70 bis unter 75 Jahre,f,2840
06632,2017,70 bis unter 75 Jahre,m,2789
06632,2017,95 Jahre und mehr,f,197
06632,2017,95 Jahre und mehr,m,54
06632,2017,65 bis unter 70 Jahre,m,3776
06632,2017,65 bis unter 70 Jahre,f,3917
06632,2017,30 bis unter 35 Jahre,f,3133
06632,2017,30 bis unter 35 Jahre,m,3463
06632,2017,50 bis unter 55 Jahre,m,5301
06632,2017,50 bis unter 55 Jahre,f,5070
06632,2017,85 bis unter 90 Jahre,f,1613
06632,2017,85 bis unter 90 Jahre,m,949
06632,2017,10 bis unter 15 Jahre,m,2852
06632,2017,10 bis unter 15 Jahre,f,2719
06632,2017,5 bis unter 10 Jahre,f,2429
06632,2017,5 bis unter 10 Jahre,m,2637
06632,2017,15 bis unter 20 Jahre,f,2846
06632,2017,15 bis unter 20 Jahre,m,3200
06632,2017,35 bis unter 40 Jahre,f,3116
06632,2017,35 bis unter 40 Jahre,m,3436
06632,2017,40 bis unter 45 Jahre,m,3338
06632,2017,40 bis unter 45 Jahre,f,3256
06632,2017,80 bis unter 85 Jahre,f,2790
06632,2017,80 bis unter 85 Jahre,m,2024
06632,2017,20 bis unter 25 Jahre,m,3352
06632,2017,20 bis unter 25 Jahre,f,2778
06632,2017,60 bis unter 65 Jahre,f,4321
06632,2017,60 bis unter 65 Jahre,m,4221
06632,2017,unter 5 Jahre,m,2744
06632,2017,unter 5 Jahre,f,2524
06632,2017,55 bis unter 60 Jahre,f,4936
06632,2017,55 bis unter 60 Jahre,m,4936
06632,2017,75 bis unter 80 Jahre,m,3037
06632,2017,75 bis unter 80 Jahre,f,3735
05915,2017,15 bis unter 20 Jahre,f,4777
05915,2017,15 bis unter 20 Jahre,m,5301
05915,2017,35 bis unter 40 Jahre,f,5337
05915,2017,35 bis unter 40 Jahre,m,5479
05915,2017,90 bis unter 95 Jahre,m,400
05915,2017,90 bis unter 95 Jahre,f,1036
05915,2017,55 bis unter 60 Jahre,f,6591
05915,2017,55 bis unter 60 Jahre,m,6515
05915,2017,75 bis unter 80 Jahre,f,4688
05915,2017,75 bis unter 80 Jahre,m,3727
05915,2017,70 bis unter 75 Jahre,m,3501
05915,2017,70 bis unter 75 Jahre,f,3975
05915,2017,40 bis unter 45 Jahre,f,5417
05915,2017,40 bis unter 45 Jahre,m,5534
05915,2017,30 bis unter 35 Jahre,m,5424
05915,2017,30 bis unter 35 Jahre,f,5218
05915,2017,unter 5 Jahre,f,4241
05915,2017,unter 5 Jahre,m,4361
05915,2017,10 bis unter 15 Jahre,m,4467
05915,2017,10 bis unter 15 Jahre,f,4300
05915,2017,65 bis unter 70 Jahre,m,4710
05915,2017,65 bis unter 70 Jahre,f,5404
05915,2017,20 bis unter 25 Jahre,m,5914
05915,2017,20 bis unter 25 Jahre,f,5215
05915,2017,85 bis unter 90 Jahre,m,1119
05915,2017,85 bis unter 90 Jahre,f,2159
05915,2017,5 bis unter 10 Jahre,f,4006
05915,2017,5 bis unter 10 Jahre,m,4272
05915,2017,25 bis unter 30 Jahre,f,5314
05915,2017,25 bis unter 30 Jahre,m,5766
05915,2017,50 bis unter 55 Jahre,f,7122
05915,2017,50 bis unter 55 Jahre,m,7077
05915,2017,80 bis unter 85 Jahre,m,2365
05915,2017,80 bis unter 85 Jahre,f,3672
05915,2017,45 bis unter 50 Jahre,m,6532
05915,2017,45 bis unter 50 Jahre,f,6374
05915,2017,95 Jahre und mehr,m,48
05915,2017,95 Jahre und mehr,f,238
05915,2017,60 bis unter 65 Jahre,f,6089
05915,2017,60 bis unter 65 Jahre,m,5500
07339,2017,85 bis unter 90 Jahre,f,2070
07339,2017,85 bis unter 90 Jahre,m,1177
07339,2017,50 bis unter 55 Jahre,f,9823
07339,2017,50 bis unter 55 Jahre,m,9665
07339,2017,30 bis unter 35 Jahre,f,5712
07339,2017,30 bis unter 35 Jahre,m,5575
07339,2017,25 bis unter 30 Jahre,m,5492
07339,2017,25 bis unter 30 Jahre,f,5173
07339,2017,70 bis unter 75 Jahre,f,4655
07339,2017,70 bis unter 75 Jahre,m,4310
07339,2017,95 Jahre und mehr,m,73
07339,2017,95 Jahre und mehr,f,275
07339,2017,5 bis unter 10 Jahre,m,5153
07339,2017,5 bis unter 10 Jahre,f,4697
07339,2017,65 bis unter 70 Jahre,f,6411
07339,2017,65 bis unter 70 Jahre,m,6169
07339,2017,45 bis unter 50 Jahre,f,8408
07339,2017,45 bis unter 50 Jahre,m,8308
07339,2017,10 bis unter 15 Jahre,m,5154
07339,2017,10 bis unter 15 Jahre,f,4944
07339,2017,90 bis unter 95 Jahre,f,998
07339,2017,90 bis unter 95 Jahre,m,382
07339,2017,60 bis unter 65 Jahre,m,7048
07339,2017,60 bis unter 65 Jahre,f,7303
07339,2017,35 bis unter 40 Jahre,f,6535
07339,2017,35 bis unter 40 Jahre,m,6318
07339,2017,40 bis unter 45 Jahre,m,6063
07339,2017,40 bis unter 45 Jahre,f,6594
07339,2017,15 bis unter 20 Jahre,m,5768
07339,2017,15 bis unter 20 Jahre,f,5352
07339,2017,75 bis unter 80 Jahre,f,5266
07339,2017,75 bis unter 80 Jahre,m,4541
07339,2017,20 bis unter 25 Jahre,f,4847
07339,2017,20 bis unter 25 Jahre,m,5770
07339,2017,unter 5 Jahre,f,4767
07339,2017,unter 5 Jahre,m,5068
07339,2017,55 bis unter 60 Jahre,f,8841
07339,2017,55 bis unter 60 Jahre,m,8674
07339,2017,80 bis unter 85 Jahre,f,3673
07339,2017,80 bis unter 85 Jahre,m,2733
03452,2017,40 bis unter 45 Jahre,f,5231
03452,2017,40 bis unter 45 Jahre,m,5307
03452,2017,75 bis unter 80 Jahre,f,5343
03452,2017,75 bis unter 80 Jahre,m,4367
03452,2017,20 bis unter 25 Jahre,f,4880
03452,2017,20 bis unter 25 Jahre,m,5686
03452,2017,unter 5 Jahre,f,3906
03452,2017,unter 5 Jahre,m,4245
03452,2017,35 bis unter 40 Jahre,m,4963
03452,2017,35 bis unter 40 Jahre,f,5028
03452,2017,15 bis unter 20 Jahre,f,5281
03452,2017,15 bis unter 20 Jahre,m,5706
03452,2017,55 bis unter 60 Jahre,f,7763
03452,2017,55 bis unter 60 Jahre,m,7277
03452,2017,80 bis unter 85 Jahre,f,3616
03452,2017,80 bis unter 85 Jahre,m,2547
03452,2017,60 bis unter 65 Jahre,m,6261
03452,2017,60 bis unter 65 Jahre,f,6734
03452,2017,50 bis unter 55 Jahre,m,8194
03452,2017,50 bis unter 55 Jahre,f,8342
03452,2017,25 bis unter 30 Jahre,f,4898
03452,2017,25 bis unter 30 Jahre,m,5508
03452,2017,85 bis unter 90 Jahre,f,2135
03452,2017,85 bis unter 90 Jahre,m,1127
03452,2017,30 bis unter 35 Jahre,f,4822
03452,2017,30 bis unter 35 Jahre,m,5112
03452,2017,70 bis unter 75 Jahre,f,4824
03452,2017,70 bis unter 75 Jahre,m,4528
03452,2017,65 bis unter 70 Jahre,f,6545
03452,2017,65 bis unter 70 Jahre,m,6327
03452,2017,45 bis unter 50 Jahre,f,7545
03452,2017,45 bis unter 50 Jahre,m,7242
03452,2017,5 bis unter 10 Jahre,m,4232
03452,2017,5 bis unter 10 Jahre,f,3933
03452,2017,10 bis unter 15 Jahre,m,4692
03452,2017,10 bis unter 15 Jahre,f,4349
03452,2017,90 bis unter 95 Jahre,f,885
03452,2017,90 bis unter 95 Jahre,m,328
03452,2017,95 Jahre und mehr,f,186
03452,2017,95 Jahre und mehr,m,54
01057,2017,unter 5 Jahre,f,2490
01057,2017,unter 5 Jahre,m,2618
01057,2017,35 bis unter 40 Jahre,f,3440
01057,2017,35 bis unter 40 Jahre,m,3214
01057,2017,55 bis unter 60 Jahre,f,5437
01057,2017,55 bis unter 60 Jahre,m,5194
01057,2017,75 bis unter 80 Jahre,f,4570
01057,2017,75 bis unter 80 Jahre,m,3939
01057,2017,15 bis unter 20 Jahre,m,3653
01057,2017,15 bis unter 20 Jahre,f,3288
01057,2017,90 bis unter 95 Jahre,m,265
01057,2017,90 bis unter 95 Jahre,f,705
01057,2017,60 bis unter 65 Jahre,f,4569
01057,2017,60 bis unter 65 Jahre,m,4276
01057,2017,20 bis unter 25 Jahre,f,2574
01057,2017,20 bis unter 25 Jahre,m,3043
01057,2017,50 bis unter 55 Jahre,m,5977
01057,2017,50 bis unter 55 Jahre,f,6111
01057,2017,40 bis unter 45 Jahre,m,3331
01057,2017,40 bis unter 45 Jahre,f,3577
01057,2017,30 bis unter 35 Jahre,m,2812
01057,2017,30 bis unter 35 Jahre,f,3019
01057,2017,10 bis unter 15 Jahre,m,3077
01057,2017,10 bis unter 15 Jahre,f,2905
01057,2017,85 bis unter 90 Jahre,m,893
01057,2017,85 bis unter 90 Jahre,f,1482
01057,2017,95 Jahre und mehr,m,52
01057,2017,95 Jahre und mehr,f,252
01057,2017,5 bis unter 10 Jahre,m,2711
01057,2017,5 bis unter 10 Jahre,f,2720
01057,2017,45 bis unter 50 Jahre,f,5107
01057,2017,45 bis unter 50 Jahre,m,4827
01057,2017,25 bis unter 30 Jahre,f,2661
01057,2017,25 bis unter 30 Jahre,m,2919
01057,2017,70 bis unter 75 Jahre,f,3919
01057,2017,70 bis unter 75 Jahre,m,3466
01057,2017,65 bis unter 70 Jahre,m,4074
01057,2017,65 bis unter 70 Jahre,f,4430
01057,2017,80 bis unter 85 Jahre,f,2916
01057,2017,80 bis unter 85 Jahre,m,2329
03254,2017,50 bis unter 55 Jahre,f,12124
03254,2017,50 bis unter 55 Jahre,m,12196
03254,2017,5 bis unter 10 Jahre,m,5643
03254,2017,5 bis unter 10 Jahre,f,5390
03254,2017,70 bis unter 75 Jahre,f,6735
03254,2017,70 bis unter 75 Jahre,m,5959
03254,2017,65 bis unter 70 Jahre,f,8734
03254,2017,65 bis unter 70 Jahre,m,8102
03254,2017,25 bis unter 30 Jahre,m,8410
03254,2017,25 bis unter 30 Jahre,f,7769
03254,2017,45 bis unter 50 Jahre,m,10133
03254,2017,45 bis unter 50 Jahre,f,10084
03254,2017,90 bis unter 95 Jahre,f,1761
03254,2017,90 bis unter 95 Jahre,m,635
03254,2017,85 bis unter 90 Jahre,f,3694
03254,2017,85 bis unter 90 Jahre,m,1987
03254,2017,10 bis unter 15 Jahre,m,6377
03254,2017,10 bis unter 15 Jahre,f,5987
03254,2017,30 bis unter 35 Jahre,f,7124
03254,2017,30 bis unter 35 Jahre,m,7376
03254,2017,80 bis unter 85 Jahre,m,4442
03254,2017,80 bis unter 85 Jahre,f,6251
03254,2017,unter 5 Jahre,f,5586
03254,2017,unter 5 Jahre,m,5868
03254,2017,75 bis unter 80 Jahre,f,8646
03254,2017,75 bis unter 80 Jahre,m,6670
03254,2017,55 bis unter 60 Jahre,m,11155
03254,2017,55 bis unter 60 Jahre,f,11089
03254,2017,40 bis unter 45 Jahre,f,7671
03254,2017,40 bis unter 45 Jahre,m,7486
03254,2017,60 bis unter 65 Jahre,f,9316
03254,2017,60 bis unter 65 Jahre,m,8911
03254,2017,15 bis unter 20 Jahre,m,7487
03254,2017,15 bis unter 20 Jahre,f,7057
03254,2017,20 bis unter 25 Jahre,f,8659
03254,2017,20 bis unter 25 Jahre,m,8426
03254,2017,35 bis unter 40 Jahre,m,7477
03254,2017,35 bis unter 40 Jahre,f,7588
03254,2017,95 Jahre und mehr,f,534
03254,2017,95 Jahre und mehr,m,101
07316,2017,95 Jahre und mehr,m,21
07316,2017,95 Jahre und mehr,f,115
07316,2017,40 bis unter 45 Jahre,m,1300
07316,2017,40 bis unter 45 Jahre,f,1352
07316,2017,60 bis unter 65 Jahre,m,1890
07316,2017,60 bis unter 65 Jahre,f,1949
07316,2017,80 bis unter 85 Jahre,m,887
07316,2017,80 bis unter 85 Jahre,f,1273
07316,2017,75 bis unter 80 Jahre,m,1326
07316,2017,75 bis unter 80 Jahre,f,1694
07316,2017,unter 5 Jahre,m,1243
07316,2017,unter 5 Jahre,f,1228
07316,2017,55 bis unter 60 Jahre,m,2205
07316,2017,55 bis unter 60 Jahre,f,2291
07316,2017,25 bis unter 30 Jahre,f,1502
07316,2017,25 bis unter 30 Jahre,m,1736
07316,2017,10 bis unter 15 Jahre,f,1097
07316,2017,10 bis unter 15 Jahre,m,1215
07316,2017,15 bis unter 20 Jahre,m,1298
07316,2017,15 bis unter 20 Jahre,f,1254
07316,2017,20 bis unter 25 Jahre,f,1234
07316,2017,20 bis unter 25 Jahre,m,1383
07316,2017,85 bis unter 90 Jahre,f,808
07316,2017,85 bis unter 90 Jahre,m,445
07316,2017,30 bis unter 35 Jahre,f,1494
07316,2017,30 bis unter 35 Jahre,m,1597
07316,2017,5 bis unter 10 Jahre,m,1112
07316,2017,5 bis unter 10 Jahre,f,1085
07316,2017,50 bis unter 55 Jahre,f,2257
07316,2017,50 bis unter 55 Jahre,m,2307
07316,2017,70 bis unter 75 Jahre,m,1063
07316,2017,70 bis unter 75 Jahre,f,1280
07316,2017,35 bis unter 40 Jahre,f,1419
07316,2017,35 bis unter 40 Jahre,m,1469
07316,2017,65 bis unter 70 Jahre,m,1569
07316,2017,65 bis unter 70 Jahre,f,1738
07316,2017,90 bis unter 95 Jahre,m,180
07316,2017,90 bis unter 95 Jahre,f,406
07316,2017,45 bis unter 50 Jahre,f,1880
07316,2017,45 bis unter 50 Jahre,m,1751
01061,2017,80 bis unter 85 Jahre,m,2055
01061,2017,80 bis unter 85 Jahre,f,2836
01061,2017,60 bis unter 65 Jahre,m,4346
01061,2017,60 bis unter 65 Jahre,f,4218
01061,2017,95 Jahre und mehr,m,56
01061,2017,95 Jahre und mehr,f,195
01061,2017,5 bis unter 10 Jahre,f,2717
01061,2017,5 bis unter 10 Jahre,m,2901
01061,2017,40 bis unter 45 Jahre,m,3430
01061,2017,40 bis unter 45 Jahre,f,3570
01061,2017,20 bis unter 25 Jahre,m,3614
01061,2017,20 bis unter 25 Jahre,f,3090
01061,2017,45 bis unter 50 Jahre,f,5271
01061,2017,45 bis unter 50 Jahre,m,5263
01061,2017,75 bis unter 80 Jahre,m,3405
01061,2017,75 bis unter 80 Jahre,f,4083
01061,2017,85 bis unter 90 Jahre,f,1398
01061,2017,85 bis unter 90 Jahre,m,777
01061,2017,35 bis unter 40 Jahre,m,3397
01061,2017,35 bis unter 40 Jahre,f,3475
01061,2017,10 bis unter 15 Jahre,f,2974
01061,2017,10 bis unter 15 Jahre,m,3107
01061,2017,unter 5 Jahre,m,2796
01061,2017,unter 5 Jahre,f,2840
01061,2017,55 bis unter 60 Jahre,f,5512
01061,2017,55 bis unter 60 Jahre,m,5571
01061,2017,90 bis unter 95 Jahre,f,738
01061,2017,90 bis unter 95 Jahre,m,246
01061,2017,65 bis unter 70 Jahre,f,3971
01061,2017,65 bis unter 70 Jahre,m,3777
01061,2017,70 bis unter 75 Jahre,m,2987
01061,2017,70 bis unter 75 Jahre,f,3255
01061,2017,50 bis unter 55 Jahre,m,6332
01061,2017,50 bis unter 55 Jahre,f,6336
01061,2017,25 bis unter 30 Jahre,m,3629
01061,2017,25 bis unter 30 Jahre,f,3199
01061,2017,30 bis unter 35 Jahre,f,3339
01061,2017,30 bis unter 35 Jahre,m,3525
01061,2017,15 bis unter 20 Jahre,m,3840
01061,2017,15 bis unter 20 Jahre,f,3542
07233,2017,70 bis unter 75 Jahre,m,1327
07233,2017,70 bis unter 75 Jahre,f,1367
07233,2017,85 bis unter 90 Jahre,m,501
07233,2017,85 bis unter 90 Jahre,f,753
07233,2017,90 bis unter 95 Jahre,m,164
07233,2017,90 bis unter 95 Jahre,f,392
07233,2017,50 bis unter 55 Jahre,m,2738
07233,2017,50 bis unter 55 Jahre,f,2713
07233,2017,65 bis unter 70 Jahre,m,2029
07233,2017,65 bis unter 70 Jahre,f,1996
07233,2017,10 bis unter 15 Jahre,m,1361
07233,2017,10 bis unter 15 Jahre,f,1339
07233,2017,25 bis unter 30 Jahre,m,1803
07233,2017,25 bis unter 30 Jahre,f,1424
07233,2017,75 bis unter 80 Jahre,f,1840
07233,2017,75 bis unter 80 Jahre,m,1594
07233,2017,55 bis unter 60 Jahre,f,2585
07233,2017,55 bis unter 60 Jahre,m,2748
07233,2017,20 bis unter 25 Jahre,f,1396
07233,2017,20 bis unter 25 Jahre,m,1716
07233,2017,unter 5 Jahre,m,1257
07233,2017,unter 5 Jahre,f,1202
07233,2017,45 bis unter 50 Jahre,m,2057
07233,2017,45 bis unter 50 Jahre,f,2105
07233,2017,95 Jahre und mehr,m,25
07233,2017,95 Jahre und mehr,f,94
07233,2017,80 bis unter 85 Jahre,m,1057
07233,2017,80 bis unter 85 Jahre,f,1350
07233,2017,35 bis unter 40 Jahre,m,1558
07233,2017,35 bis unter 40 Jahre,f,1582
07233,2017,5 bis unter 10 Jahre,f,1159
07233,2017,5 bis unter 10 Jahre,m,1227
07233,2017,60 bis unter 65 Jahre,m,2406
07233,2017,60 bis unter 65 Jahre,f,2293
07233,2017,30 bis unter 35 Jahre,f,1526
07233,2017,30 bis unter 35 Jahre,m,1662
07233,2017,15 bis unter 20 Jahre,m,1640
07233,2017,15 bis unter 20 Jahre,f,1546
07233,2017,40 bis unter 45 Jahre,f,1575
07233,2017,40 bis unter 45 Jahre,m,1598
08121,2017,5 bis unter 10 Jahre,f,2829
08121,2017,5 bis unter 10 Jahre,m,2968
08121,2017,80 bis unter 85 Jahre,m,1709
08121,2017,80 bis unter 85 Jahre,f,2488
08121,2017,30 bis unter 35 Jahre,f,4087
08121,2017,30 bis unter 35 Jahre,m,4974
08121,2017,45 bis unter 50 Jahre,f,4119
08121,2017,45 bis unter 50 Jahre,m,4547
08121,2017,75 bis unter 80 Jahre,m,2579
08121,2017,75 bis unter 80 Jahre,f,3256
08121,2017,60 bis unter 65 Jahre,m,3340
08121,2017,60 bis unter 65 Jahre,f,3585
08121,2017,20 bis unter 25 Jahre,m,4405
08121,2017,20 bis unter 25 Jahre,f,3834
08121,2017,90 bis unter 95 Jahre,f,664
08121,2017,90 bis unter 95 Jahre,m,249
08121,2017,95 Jahre und mehr,f,189
08121,2017,95 Jahre und mehr,m,37
08121,2017,10 bis unter 15 Jahre,m,3045
08121,2017,10 bis unter 15 Jahre,f,2861
08121,2017,55 bis unter 60 Jahre,m,4232
08121,2017,55 bis unter 60 Jahre,f,4205
08121,2017,unter 5 Jahre,m,3316
08121,2017,unter 5 Jahre,f,3086
08121,2017,85 bis unter 90 Jahre,f,1406
08121,2017,85 bis unter 90 Jahre,m,745
08121,2017,65 bis unter 70 Jahre,f,3356
08121,2017,65 bis unter 70 Jahre,m,2757
08121,2017,15 bis unter 20 Jahre,f,2970
08121,2017,15 bis unter 20 Jahre,m,3335
08121,2017,40 bis unter 45 Jahre,f,3767
08121,2017,40 bis unter 45 Jahre,m,4107
08121,2017,70 bis unter 75 Jahre,m,2293
08121,2017,70 bis unter 75 Jahre,f,2726
08121,2017,35 bis unter 40 Jahre,m,4365
08121,2017,35 bis unter 40 Jahre,f,3966
08121,2017,50 bis unter 55 Jahre,f,4359
08121,2017,50 bis unter 55 Jahre,m,4764
08121,2017,25 bis unter 30 Jahre,m,5301
08121,2017,25 bis unter 30 Jahre,f,4292
03402,2017,80 bis unter 85 Jahre,f,1001
03402,2017,80 bis unter 85 Jahre,m,697
03402,2017,unter 5 Jahre,m,1262
03402,2017,unter 5 Jahre,f,1106
03402,2017,35 bis unter 40 Jahre,m,1538
03402,2017,35 bis unter 40 Jahre,f,1446
03402,2017,60 bis unter 65 Jahre,f,1558
03402,2017,60 bis unter 65 Jahre,m,1491
03402,2017,15 bis unter 20 Jahre,m,1414
03402,2017,15 bis unter 20 Jahre,f,1342
03402,2017,20 bis unter 25 Jahre,m,1894
03402,2017,20 bis unter 25 Jahre,f,1694
03402,2017,40 bis unter 45 Jahre,f,1309
03402,2017,40 bis unter 45 Jahre,m,1427
03402,2017,75 bis unter 80 Jahre,m,1042
03402,2017,75 bis unter 80 Jahre,f,1359
03402,2017,55 bis unter 60 Jahre,f,1700
03402,2017,55 bis unter 60 Jahre,m,1758
03402,2017,5 bis unter 10 Jahre,f,1097
03402,2017,5 bis unter 10 Jahre,m,1134
03402,2017,30 bis unter 35 Jahre,m,1625
03402,2017,30 bis unter 35 Jahre,f,1462
03402,2017,50 bis unter 55 Jahre,f,1947
03402,2017,50 bis unter 55 Jahre,m,2091
03402,2017,25 bis unter 30 Jahre,f,1683
03402,2017,25 bis unter 30 Jahre,m,1966
03402,2017,90 bis unter 95 Jahre,f,273
03402,2017,90 bis unter 95 Jahre,m,96
03402,2017,70 bis unter 75 Jahre,f,1184
03402,2017,70 bis unter 75 Jahre,m,1072
03402,2017,65 bis unter 70 Jahre,m,1428
03402,2017,65 bis unter 70 Jahre,f,1540
03402,2017,85 bis unter 90 Jahre,f,584
03402,2017,85 bis unter 90 Jahre,m,300
03402,2017,45 bis unter 50 Jahre,m,1889
03402,2017,45 bis unter 50 Jahre,f,1827
03402,2017,10 bis unter 15 Jahre,m,1199
03402,2017,10 bis unter 15 Jahre,f,1109
03402,2017,95 Jahre und mehr,m,16
03402,2017,95 Jahre und mehr,f,47
08325,2017,80 bis unter 85 Jahre,m,2061
08325,2017,80 bis unter 85 Jahre,f,2819
08325,2017,40 bis unter 45 Jahre,m,3986
08325,2017,40 bis unter 45 Jahre,f,3880
08325,2017,5 bis unter 10 Jahre,f,3067
08325,2017,5 bis unter 10 Jahre,m,3293
08325,2017,60 bis unter 65 Jahre,m,4473
08325,2017,60 bis unter 65 Jahre,f,4530
08325,2017,25 bis unter 30 Jahre,f,3899
08325,2017,25 bis unter 30 Jahre,m,4444
08325,2017,45 bis unter 50 Jahre,f,4917
08325,2017,45 bis unter 50 Jahre,m,5134
08325,2017,75 bis unter 80 Jahre,m,3284
08325,2017,75 bis unter 80 Jahre,f,3981
08325,2017,unter 5 Jahre,m,3440
08325,2017,unter 5 Jahre,f,3197
08325,2017,70 bis unter 75 Jahre,f,2943
08325,2017,70 bis unter 75 Jahre,m,2635
08325,2017,65 bis unter 70 Jahre,f,3898
08325,2017,65 bis unter 70 Jahre,m,3764
08325,2017,10 bis unter 15 Jahre,f,3390
08325,2017,10 bis unter 15 Jahre,m,3486
08325,2017,35 bis unter 40 Jahre,m,3998
08325,2017,35 bis unter 40 Jahre,f,3873
08325,2017,55 bis unter 60 Jahre,m,5631
08325,2017,55 bis unter 60 Jahre,f,5491
08325,2017,90 bis unter 95 Jahre,f,711
08325,2017,90 bis unter 95 Jahre,m,252
08325,2017,95 Jahre und mehr,m,37
08325,2017,95 Jahre und mehr,f,167
08325,2017,20 bis unter 25 Jahre,f,3624
08325,2017,20 bis unter 25 Jahre,m,4197
08325,2017,50 bis unter 55 Jahre,m,6219
08325,2017,50 bis unter 55 Jahre,f,5889
08325,2017,85 bis unter 90 Jahre,f,1629
08325,2017,85 bis unter 90 Jahre,m,902
08325,2017,15 bis unter 20 Jahre,m,4109
08325,2017,15 bis unter 20 Jahre,f,3641
08325,2017,30 bis unter 35 Jahre,f,3897
08325,2017,30 bis unter 35 Jahre,m,4070
09476,2017,unter 5 Jahre,f,1178
09476,2017,unter 5 Jahre,m,1198
09476,2017,55 bis unter 60 Jahre,f,3021
09476,2017,55 bis unter 60 Jahre,m,3065
09476,2017,75 bis unter 80 Jahre,f,2115
09476,2017,75 bis unter 80 Jahre,m,1584
09476,2017,80 bis unter 85 Jahre,f,1699
09476,2017,80 bis unter 85 Jahre,m,1139
09476,2017,15 bis unter 20 Jahre,f,1552
09476,2017,15 bis unter 20 Jahre,m,1758
09476,2017,70 bis unter 75 Jahre,m,1450
09476,2017,70 bis unter 75 Jahre,f,1570
09476,2017,40 bis unter 45 Jahre,f,1901
09476,2017,40 bis unter 45 Jahre,m,1894
09476,2017,65 bis unter 70 Jahre,m,2163
09476,2017,65 bis unter 70 Jahre,f,2220
09476,2017,20 bis unter 25 Jahre,m,1714
09476,2017,20 bis unter 25 Jahre,f,1512
09476,2017,85 bis unter 90 Jahre,m,497
09476,2017,85 bis unter 90 Jahre,f,987
09476,2017,10 bis unter 15 Jahre,m,1341
09476,2017,10 bis unter 15 Jahre,f,1350
09476,2017,90 bis unter 95 Jahre,m,142
09476,2017,90 bis unter 95 Jahre,f,438
09476,2017,95 Jahre und mehr,m,27
09476,2017,95 Jahre und mehr,f,72
09476,2017,45 bis unter 50 Jahre,f,2656
09476,2017,45 bis unter 50 Jahre,m,2671
09476,2017,5 bis unter 10 Jahre,f,1254
09476,2017,5 bis unter 10 Jahre,m,1278
09476,2017,25 bis unter 30 Jahre,f,1694
09476,2017,25 bis unter 30 Jahre,m,1836
09476,2017,30 bis unter 35 Jahre,f,1636
09476,2017,30 bis unter 35 Jahre,m,1857
09476,2017,50 bis unter 55 Jahre,f,3022
09476,2017,50 bis unter 55 Jahre,m,3264
09476,2017,35 bis unter 40 Jahre,m,1861
09476,2017,35 bis unter 40 Jahre,f,1773
09476,2017,60 bis unter 65 Jahre,m,2562
09476,2017,60 bis unter 65 Jahre,f,2523
05570,2017,45 bis unter 50 Jahre,f,10484
05570,2017,45 bis unter 50 Jahre,m,10383
05570,2017,85 bis unter 90 Jahre,f,3435
05570,2017,85 bis unter 90 Jahre,m,1867
05570,2017,65 bis unter 70 Jahre,f,8163
05570,2017,65 bis unter 70 Jahre,m,7476
05570,2017,70 bis unter 75 Jahre,f,5893
05570,2017,70 bis unter 75 Jahre,m,5507
05570,2017,60 bis unter 65 Jahre,m,8998
05570,2017,60 bis unter 65 Jahre,f,9429
05570,2017,30 bis unter 35 Jahre,f,7370
05570,2017,30 bis unter 35 Jahre,m,7996
05570,2017,5 bis unter 10 Jahre,f,6194
05570,2017,5 bis unter 10 Jahre,m,6631
05570,2017,75 bis unter 80 Jahre,m,5894
05570,2017,75 bis unter 80 Jahre,f,7367
05570,2017,55 bis unter 60 Jahre,m,11024
05570,2017,55 bis unter 60 Jahre,f,11157
05570,2017,10 bis unter 15 Jahre,m,7287
05570,2017,10 bis unter 15 Jahre,f,6902
05570,2017,90 bis unter 95 Jahre,f,1724
05570,2017,90 bis unter 95 Jahre,m,607
05570,2017,80 bis unter 85 Jahre,m,3815
05570,2017,80 bis unter 85 Jahre,f,5615
05570,2017,unter 5 Jahre,m,6677
05570,2017,unter 5 Jahre,f,6190
05570,2017,95 Jahre und mehr,f,412
05570,2017,95 Jahre und mehr,m,83
05570,2017,35 bis unter 40 Jahre,f,7961
05570,2017,35 bis unter 40 Jahre,m,7756
05570,2017,15 bis unter 20 Jahre,f,7974
05570,2017,15 bis unter 20 Jahre,m,8525
05570,2017,20 bis unter 25 Jahre,f,6824
05570,2017,20 bis unter 25 Jahre,m,8244
05570,2017,40 bis unter 45 Jahre,f,8100
05570,2017,40 bis unter 45 Jahre,m,8048
05570,2017,50 bis unter 55 Jahre,m,12499
05570,2017,50 bis unter 55 Jahre,f,12085
05570,2017,25 bis unter 30 Jahre,m,7862
05570,2017,25 bis unter 30 Jahre,f,7000
05334,2017,20 bis unter 25 Jahre,f,19194
05334,2017,20 bis unter 25 Jahre,m,27072
05334,2017,55 bis unter 60 Jahre,f,19985
05334,2017,55 bis unter 60 Jahre,m,20204
05334,2017,35 bis unter 40 Jahre,f,15610
05334,2017,35 bis unter 40 Jahre,m,15571
05334,2017,40 bis unter 45 Jahre,f,14805
05334,2017,40 bis unter 45 Jahre,m,14521
05334,2017,unter 5 Jahre,f,11776
05334,2017,unter 5 Jahre,m,12505
05334,2017,15 bis unter 20 Jahre,f,13865
05334,2017,15 bis unter 20 Jahre,m,16186
05334,2017,60 bis unter 65 Jahre,f,17511
05334,2017,60 bis unter 65 Jahre,m,16675
05334,2017,90 bis unter 95 Jahre,m,1017
05334,2017,90 bis unter 95 Jahre,f,2917
05334,2017,95 Jahre und mehr,f,778
05334,2017,95 Jahre und mehr,m,155
05334,2017,75 bis unter 80 Jahre,f,14369
05334,2017,75 bis unter 80 Jahre,m,11514
05334,2017,85 bis unter 90 Jahre,m,3467
05334,2017,85 bis unter 90 Jahre,f,6101
05334,2017,65 bis unter 70 Jahre,m,14090
05334,2017,65 bis unter 70 Jahre,f,15654
05334,2017,30 bis unter 35 Jahre,m,18721
05334,2017,30 bis unter 35 Jahre,f,16232
05334,2017,10 bis unter 15 Jahre,m,12053
05334,2017,10 bis unter 15 Jahre,f,11525
05334,2017,5 bis unter 10 Jahre,f,10908
05334,2017,5 bis unter 10 Jahre,m,11620
05334,2017,45 bis unter 50 Jahre,f,18844
05334,2017,45 bis unter 50 Jahre,m,18628
05334,2017,50 bis unter 55 Jahre,f,21940
05334,2017,50 bis unter 55 Jahre,m,22147
05334,2017,25 bis unter 30 Jahre,f,19411
05334,2017,25 bis unter 30 Jahre,m,24867
05334,2017,70 bis unter 75 Jahre,m,10675
05334,2017,70 bis unter 75 Jahre,f,12353
05334,2017,80 bis unter 85 Jahre,m,7666
05334,2017,80 bis unter 85 Jahre,f,10936
01058,2017,85 bis unter 90 Jahre,f,2953
01058,2017,85 bis unter 90 Jahre,m,1605
01058,2017,50 bis unter 55 Jahre,f,13127
01058,2017,50 bis unter 55 Jahre,m,12732
01058,2017,30 bis unter 35 Jahre,f,6652
01058,2017,30 bis unter 35 Jahre,m,6646
01058,2017,10 bis unter 15 Jahre,f,6491
01058,2017,10 bis unter 15 Jahre,m,6885
01058,2017,65 bis unter 70 Jahre,m,8258
01058,2017,65 bis unter 70 Jahre,f,8568
01058,2017,25 bis unter 30 Jahre,m,6806
01058,2017,25 bis unter 30 Jahre,f,6173
01058,2017,45 bis unter 50 Jahre,f,10895
01058,2017,45 bis unter 50 Jahre,m,10590
01058,2017,70 bis unter 75 Jahre,f,7244
01058,2017,70 bis unter 75 Jahre,m,6589
01058,2017,80 bis unter 85 Jahre,m,4406
01058,2017,80 bis unter 85 Jahre,f,5594
01058,2017,60 bis unter 65 Jahre,m,8896
01058,2017,60 bis unter 65 Jahre,f,9228
01058,2017,95 Jahre und mehr,m,140
01058,2017,95 Jahre und mehr,f,380
01058,2017,90 bis unter 95 Jahre,m,511
01058,2017,90 bis unter 95 Jahre,f,1382
01058,2017,55 bis unter 60 Jahre,m,10836
01058,2017,55 bis unter 60 Jahre,f,11048
01058,2017,unter 5 Jahre,f,5636
01058,2017,unter 5 Jahre,m,5995
01058,2017,40 bis unter 45 Jahre,f,7836
01058,2017,40 bis unter 45 Jahre,m,7512
01058,2017,75 bis unter 80 Jahre,f,8391
01058,2017,75 bis unter 80 Jahre,m,7346
01058,2017,20 bis unter 25 Jahre,f,5966
01058,2017,20 bis unter 25 Jahre,m,7076
01058,2017,35 bis unter 40 Jahre,m,7181
01058,2017,35 bis unter 40 Jahre,f,7683
01058,2017,15 bis unter 20 Jahre,m,8149
01058,2017,15 bis unter 20 Jahre,f,7346
01058,2017,5 bis unter 10 Jahre,f,6022
01058,2017,5 bis unter 10 Jahre,m,6248
03403,2017,30 bis unter 35 Jahre,m,6074
03403,2017,30 bis unter 35 Jahre,f,6139
03403,2017,10 bis unter 15 Jahre,m,3559
03403,2017,10 bis unter 15 Jahre,f,3458
03403,2017,95 Jahre und mehr,f,271
03403,2017,95 Jahre und mehr,m,76
03403,2017,65 bis unter 70 Jahre,m,4038
03403,2017,65 bis unter 70 Jahre,f,4503
03403,2017,90 bis unter 95 Jahre,f,910
03403,2017,90 bis unter 95 Jahre,m,277
03403,2017,50 bis unter 55 Jahre,m,6367
03403,2017,50 bis unter 55 Jahre,f,6893
03403,2017,45 bis unter 50 Jahre,m,5727
03403,2017,45 bis unter 50 Jahre,f,5967
03403,2017,25 bis unter 30 Jahre,m,7114
03403,2017,25 bis unter 30 Jahre,f,7506
03403,2017,70 bis unter 75 Jahre,f,3650
03403,2017,70 bis unter 75 Jahre,m,3079
03403,2017,85 bis unter 90 Jahre,m,840
03403,2017,85 bis unter 90 Jahre,f,1621
03403,2017,unter 5 Jahre,f,3639
03403,2017,unter 5 Jahre,m,3822
03403,2017,20 bis unter 25 Jahre,f,6832
03403,2017,20 bis unter 25 Jahre,m,6002
03403,2017,80 bis unter 85 Jahre,m,1935
03403,2017,80 bis unter 85 Jahre,f,2859
03403,2017,75 bis unter 80 Jahre,f,4178
03403,2017,75 bis unter 80 Jahre,m,3328
03403,2017,55 bis unter 60 Jahre,m,5605
03403,2017,55 bis unter 60 Jahre,f,6093
03403,2017,40 bis unter 45 Jahre,f,4853
03403,2017,40 bis unter 45 Jahre,m,4565
03403,2017,5 bis unter 10 Jahre,f,3422
03403,2017,5 bis unter 10 Jahre,m,3483
03403,2017,60 bis unter 65 Jahre,m,4581
03403,2017,60 bis unter 65 Jahre,f,5098
03403,2017,35 bis unter 40 Jahre,m,5116
03403,2017,35 bis unter 40 Jahre,f,5223
03403,2017,15 bis unter 20 Jahre,f,4133
03403,2017,15 bis unter 20 Jahre,m,4245
09475,2017,5 bis unter 10 Jahre,f,1783
09475,2017,5 bis unter 10 Jahre,m,1840
09475,2017,25 bis unter 30 Jahre,f,2283
09475,2017,25 bis unter 30 Jahre,m,2542
09475,2017,80 bis unter 85 Jahre,m,1664
09475,2017,80 bis unter 85 Jahre,f,2561
09475,2017,45 bis unter 50 Jahre,f,3752
09475,2017,45 bis unter 50 Jahre,m,3624
09475,2017,60 bis unter 65 Jahre,m,3477
09475,2017,60 bis unter 65 Jahre,f,3530
09475,2017,30 bis unter 35 Jahre,f,2237
09475,2017,30 bis unter 35 Jahre,m,2354
09475,2017,65 bis unter 70 Jahre,f,3280
09475,2017,65 bis unter 70 Jahre,m,3053
09475,2017,20 bis unter 25 Jahre,m,2445
09475,2017,20 bis unter 25 Jahre,f,2124
09475,2017,35 bis unter 40 Jahre,m,2451
09475,2017,35 bis unter 40 Jahre,f,2496
09475,2017,70 bis unter 75 Jahre,f,2518
09475,2017,70 bis unter 75 Jahre,m,2323
09475,2017,50 bis unter 55 Jahre,f,4208
09475,2017,50 bis unter 55 Jahre,m,4378
09475,2017,40 bis unter 45 Jahre,m,2473
09475,2017,40 bis unter 45 Jahre,f,2566
09475,2017,95 Jahre und mehr,f,151
09475,2017,95 Jahre und mehr,m,47
09475,2017,15 bis unter 20 Jahre,m,2572
09475,2017,15 bis unter 20 Jahre,f,2277
09475,2017,unter 5 Jahre,f,1745
09475,2017,unter 5 Jahre,m,1799
09475,2017,85 bis unter 90 Jahre,m,798
09475,2017,85 bis unter 90 Jahre,f,1586
09475,2017,55 bis unter 60 Jahre,f,4120
09475,2017,55 bis unter 60 Jahre,m,4242
09475,2017,90 bis unter 95 Jahre,f,691
09475,2017,90 bis unter 95 Jahre,m,240
09475,2017,75 bis unter 80 Jahre,m,2467
09475,2017,75 bis unter 80 Jahre,f,3110
09475,2017,10 bis unter 15 Jahre,m,1993
09475,2017,10 bis unter 15 Jahre,f,1973
06636,2017,35 bis unter 40 Jahre,f,2501
06636,2017,35 bis unter 40 Jahre,m,2567
06636,2017,unter 5 Jahre,f,1882
06636,2017,unter 5 Jahre,m,2058
06636,2017,55 bis unter 60 Jahre,f,4292
06636,2017,55 bis unter 60 Jahre,m,4334
06636,2017,75 bis unter 80 Jahre,f,3287
06636,2017,75 bis unter 80 Jahre,m,2729
06636,2017,40 bis unter 45 Jahre,f,2617
06636,2017,40 bis unter 45 Jahre,m,2528
06636,2017,70 bis unter 75 Jahre,m,2451
06636,2017,70 bis unter 75 Jahre,f,2625
06636,2017,15 bis unter 20 Jahre,f,2316
06636,2017,15 bis unter 20 Jahre,m,2620
06636,2017,30 bis unter 35 Jahre,m,2619
06636,2017,30 bis unter 35 Jahre,f,2500
06636,2017,80 bis unter 85 Jahre,f,2409
06636,2017,80 bis unter 85 Jahre,m,1784
06636,2017,60 bis unter 65 Jahre,m,3733
06636,2017,60 bis unter 65 Jahre,f,3754
06636,2017,50 bis unter 55 Jahre,m,4374
06636,2017,50 bis unter 55 Jahre,f,4296
06636,2017,25 bis unter 30 Jahre,m,2853
06636,2017,25 bis unter 30 Jahre,f,2528
06636,2017,45 bis unter 50 Jahre,f,3701
06636,2017,45 bis unter 50 Jahre,m,3633
06636,2017,10 bis unter 15 Jahre,f,2076
06636,2017,10 bis unter 15 Jahre,m,2133
06636,2017,5 bis unter 10 Jahre,f,1937
06636,2017,5 bis unter 10 Jahre,m,1997
06636,2017,65 bis unter 70 Jahre,f,3573
06636,2017,65 bis unter 70 Jahre,m,3363
06636,2017,90 bis unter 95 Jahre,f,694
06636,2017,90 bis unter 95 Jahre,m,235
06636,2017,20 bis unter 25 Jahre,m,3083
06636,2017,20 bis unter 25 Jahre,f,2468
06636,2017,95 Jahre und mehr,f,173
06636,2017,95 Jahre und mehr,m,53
06636,2017,85 bis unter 90 Jahre,m,814
06636,2017,85 bis unter 90 Jahre,f,1511
08415,2017,90 bis unter 95 Jahre,m,597
08415,2017,90 bis unter 95 Jahre,f,1412
08415,2017,35 bis unter 40 Jahre,f,8658
08415,2017,35 bis unter 40 Jahre,m,8648
08415,2017,65 bis unter 70 Jahre,m,7213
08415,2017,65 bis unter 70 Jahre,f,7824
08415,2017,10 bis unter 15 Jahre,m,7002
08415,2017,10 bis unter 15 Jahre,f,6710
08415,2017,20 bis unter 25 Jahre,f,7818
08415,2017,20 bis unter 25 Jahre,m,9118
08415,2017,50 bis unter 55 Jahre,m,12374
08415,2017,50 bis unter 55 Jahre,f,11950
08415,2017,15 bis unter 20 Jahre,m,8117
08415,2017,15 bis unter 20 Jahre,f,7365
08415,2017,60 bis unter 65 Jahre,f,9220
08415,2017,60 bis unter 65 Jahre,m,8792
08415,2017,5 bis unter 10 Jahre,m,6653
08415,2017,5 bis unter 10 Jahre,f,6280
08415,2017,30 bis unter 35 Jahre,f,8324
08415,2017,30 bis unter 35 Jahre,m,8947
08415,2017,85 bis unter 90 Jahre,m,1933
08415,2017,85 bis unter 90 Jahre,f,3309
08415,2017,40 bis unter 45 Jahre,f,8441
08415,2017,40 bis unter 45 Jahre,m,8436
08415,2017,80 bis unter 85 Jahre,m,4165
08415,2017,80 bis unter 85 Jahre,f,5827
08415,2017,25 bis unter 30 Jahre,f,8598
08415,2017,25 bis unter 30 Jahre,m,9442
08415,2017,45 bis unter 50 Jahre,f,10546
08415,2017,45 bis unter 50 Jahre,m,10548
08415,2017,75 bis unter 80 Jahre,m,6255
08415,2017,75 bis unter 80 Jahre,f,7740
08415,2017,unter 5 Jahre,m,7141
08415,2017,unter 5 Jahre,f,6588
08415,2017,70 bis unter 75 Jahre,f,5998
08415,2017,70 bis unter 75 Jahre,m,5372
08415,2017,95 Jahre und mehr,f,383
08415,2017,95 Jahre und mehr,m,89
08415,2017,55 bis unter 60 Jahre,m,11011
08415,2017,55 bis unter 60 Jahre,f,10910
09663,2017,60 bis unter 65 Jahre,f,3766
09663,2017,60 bis unter 65 Jahre,m,3180
09663,2017,15 bis unter 20 Jahre,m,2642
09663,2017,15 bis unter 20 Jahre,f,2721
09663,2017,80 bis unter 85 Jahre,f,2704
09663,2017,80 bis unter 85 Jahre,m,1674
09663,2017,35 bis unter 40 Jahre,m,4142
09663,2017,35 bis unter 40 Jahre,f,3744
09663,2017,95 Jahre und mehr,f,274
09663,2017,95 Jahre und mehr,m,77
09663,2017,55 bis unter 60 Jahre,m,3793
09663,2017,55 bis unter 60 Jahre,f,4053
09663,2017,75 bis unter 80 Jahre,m,2511
09663,2017,75 bis unter 80 Jahre,f,3524
09663,2017,20 bis unter 25 Jahre,f,7590
09663,2017,20 bis unter 25 Jahre,m,5722
09663,2017,40 bis unter 45 Jahre,m,3201
09663,2017,40 bis unter 45 Jahre,f,3106
09663,2017,unter 5 Jahre,m,2621
09663,2017,unter 5 Jahre,f,2614
09663,2017,5 bis unter 10 Jahre,f,2008
09663,2017,5 bis unter 10 Jahre,m,2095
09663,2017,25 bis unter 30 Jahre,f,6942
09663,2017,25 bis unter 30 Jahre,m,7182
09663,2017,30 bis unter 35 Jahre,m,5799
09663,2017,30 bis unter 35 Jahre,f,4782
09663,2017,85 bis unter 90 Jahre,m,783
09663,2017,85 bis unter 90 Jahre,f,1640
09663,2017,70 bis unter 75 Jahre,f,2734
09663,2017,70 bis unter 75 Jahre,m,2209
09663,2017,50 bis unter 55 Jahre,f,4316
09663,2017,50 bis unter 55 Jahre,m,4182
09663,2017,10 bis unter 15 Jahre,m,2028
09663,2017,10 bis unter 15 Jahre,f,1909
09663,2017,45 bis unter 50 Jahre,f,3487
09663,2017,45 bis unter 50 Jahre,m,3652
09663,2017,65 bis unter 70 Jahre,m,2659
09663,2017,65 bis unter 70 Jahre,f,3352
09663,2017,90 bis unter 95 Jahre,m,295
09663,2017,90 bis unter 95 Jahre,f,922
09190,2017,35 bis unter 40 Jahre,m,3893
09190,2017,35 bis unter 40 Jahre,f,3932
09190,2017,80 bis unter 85 Jahre,f,2545
09190,2017,80 bis unter 85 Jahre,m,1930
09190,2017,unter 5 Jahre,m,3247
09190,2017,unter 5 Jahre,f,3075
09190,2017,15 bis unter 20 Jahre,m,3761
09190,2017,15 bis unter 20 Jahre,f,3499
09190,2017,60 bis unter 65 Jahre,f,4346
09190,2017,60 bis unter 65 Jahre,m,4311
09190,2017,20 bis unter 25 Jahre,m,4132
09190,2017,20 bis unter 25 Jahre,f,3388
09190,2017,40 bis unter 45 Jahre,f,3810
09190,2017,40 bis unter 45 Jahre,m,3813
09190,2017,75 bis unter 80 Jahre,m,3364
09190,2017,75 bis unter 80 Jahre,f,3644
09190,2017,55 bis unter 60 Jahre,f,5354
09190,2017,55 bis unter 60 Jahre,m,5256
09190,2017,95 Jahre und mehr,f,172
09190,2017,95 Jahre und mehr,m,42
09190,2017,5 bis unter 10 Jahre,f,3035
09190,2017,5 bis unter 10 Jahre,m,3155
09190,2017,50 bis unter 55 Jahre,f,5919
09190,2017,50 bis unter 55 Jahre,m,6016
09190,2017,25 bis unter 30 Jahre,f,3538
09190,2017,25 bis unter 30 Jahre,m,4017
09190,2017,90 bis unter 95 Jahre,f,707
09190,2017,90 bis unter 95 Jahre,m,292
09190,2017,10 bis unter 15 Jahre,m,3331
09190,2017,10 bis unter 15 Jahre,f,3079
09190,2017,70 bis unter 75 Jahre,f,3323
09190,2017,70 bis unter 75 Jahre,m,3027
09190,2017,30 bis unter 35 Jahre,m,3926
09190,2017,30 bis unter 35 Jahre,f,3735
09190,2017,65 bis unter 70 Jahre,m,3621
09190,2017,65 bis unter 70 Jahre,f,3777
09190,2017,85 bis unter 90 Jahre,f,1438
09190,2017,85 bis unter 90 Jahre,m,868
09190,2017,45 bis unter 50 Jahre,m,4765
09190,2017,45 bis unter 50 Jahre,f,5169
08215,2017,75 bis unter 80 Jahre,m,9608
08215,2017,75 bis unter 80 Jahre,f,11934
08215,2017,20 bis unter 25 Jahre,m,13427
08215,2017,20 bis unter 25 Jahre,f,10757
08215,2017,40 bis unter 45 Jahre,m,13061
08215,2017,40 bis unter 45 Jahre,f,13130
08215,2017,unter 5 Jahre,m,10408
08215,2017,unter 5 Jahre,f,9998
08215,2017,60 bis unter 65 Jahre,f,14695
08215,2017,60 bis unter 65 Jahre,m,14267
08215,2017,15 bis unter 20 Jahre,m,11946
08215,2017,15 bis unter 20 Jahre,f,10818
08215,2017,25 bis unter 30 Jahre,f,12122
08215,2017,25 bis unter 30 Jahre,m,13768
08215,2017,55 bis unter 60 Jahre,m,17840
08215,2017,55 bis unter 60 Jahre,f,17750
08215,2017,80 bis unter 85 Jahre,m,6407
08215,2017,80 bis unter 85 Jahre,f,8706
08215,2017,45 bis unter 50 Jahre,f,16576
08215,2017,45 bis unter 50 Jahre,m,16695
08215,2017,95 Jahre und mehr,f,582
08215,2017,95 Jahre und mehr,m,144
08215,2017,35 bis unter 40 Jahre,f,13539
08215,2017,35 bis unter 40 Jahre,m,13794
08215,2017,70 bis unter 75 Jahre,f,9555
08215,2017,70 bis unter 75 Jahre,m,8700
08215,2017,30 bis unter 35 Jahre,m,13767
08215,2017,30 bis unter 35 Jahre,f,12692
08215,2017,85 bis unter 90 Jahre,m,2893
08215,2017,85 bis unter 90 Jahre,f,4961
08215,2017,90 bis unter 95 Jahre,f,2196
08215,2017,90 bis unter 95 Jahre,m,879
08215,2017,50 bis unter 55 Jahre,m,19650
08215,2017,50 bis unter 55 Jahre,f,19286
08215,2017,65 bis unter 70 Jahre,m,12474
08215,2017,65 bis unter 70 Jahre,f,13593
08215,2017,5 bis unter 10 Jahre,m,10260
08215,2017,5 bis unter 10 Jahre,f,9406
08215,2017,10 bis unter 15 Jahre,f,9784
08215,2017,10 bis unter 15 Jahre,m,10605
05970,2017,50 bis unter 55 Jahre,m,11776
05970,2017,50 bis unter 55 Jahre,f,11432
05970,2017,30 bis unter 35 Jahre,m,8567
05970,2017,30 bis unter 35 Jahre,f,8046
05970,2017,85 bis unter 90 Jahre,m,1770
05970,2017,85 bis unter 90 Jahre,f,3332
05970,2017,10 bis unter 15 Jahre,m,6391
05970,2017,10 bis unter 15 Jahre,f,5887
05970,2017,25 bis unter 30 Jahre,m,10020
05970,2017,25 bis unter 30 Jahre,f,8595
05970,2017,90 bis unter 95 Jahre,m,559
05970,2017,90 bis unter 95 Jahre,f,1435
05970,2017,70 bis unter 75 Jahre,f,6190
05970,2017,70 bis unter 75 Jahre,m,5425
05970,2017,35 bis unter 40 Jahre,f,7822
05970,2017,35 bis unter 40 Jahre,m,8085
05970,2017,65 bis unter 70 Jahre,m,7765
05970,2017,65 bis unter 70 Jahre,f,8328
05970,2017,20 bis unter 25 Jahre,f,8799
05970,2017,20 bis unter 25 Jahre,m,9509
05970,2017,5 bis unter 10 Jahre,m,6127
05970,2017,5 bis unter 10 Jahre,f,5742
05970,2017,40 bis unter 45 Jahre,f,7419
05970,2017,40 bis unter 45 Jahre,m,7512
05970,2017,15 bis unter 20 Jahre,f,6952
05970,2017,15 bis unter 20 Jahre,m,7435
05970,2017,75 bis unter 80 Jahre,m,6210
05970,2017,75 bis unter 80 Jahre,f,7835
05970,2017,80 bis unter 85 Jahre,m,4223
05970,2017,80 bis unter 85 Jahre,f,5842
05970,2017,55 bis unter 60 Jahre,m,10951
05970,2017,55 bis unter 60 Jahre,f,10784
05970,2017,60 bis unter 65 Jahre,m,9181
05970,2017,60 bis unter 65 Jahre,f,9557
05970,2017,95 Jahre und mehr,f,336
05970,2017,95 Jahre und mehr,m,81
05970,2017,unter 5 Jahre,m,6565
05970,2017,unter 5 Jahre,f,6108
05970,2017,45 bis unter 50 Jahre,f,9435
05970,2017,45 bis unter 50 Jahre,m,9949
09676,2017,70 bis unter 75 Jahre,f,2635
09676,2017,70 bis unter 75 Jahre,m,2543
09676,2017,5 bis unter 10 Jahre,m,2811
09676,2017,5 bis unter 10 Jahre,f,2726
09676,2017,50 bis unter 55 Jahre,f,5647
09676,2017,50 bis unter 55 Jahre,m,5931
09676,2017,10 bis unter 15 Jahre,m,3058
09676,2017,10 bis unter 15 Jahre,f,2848
09676,2017,90 bis unter 95 Jahre,f,623
09676,2017,90 bis unter 95 Jahre,m,225
09676,2017,85 bis unter 90 Jahre,f,1409
09676,2017,85 bis unter 90 Jahre,m,870
09676,2017,45 bis unter 50 Jahre,m,4895
09676,2017,45 bis unter 50 Jahre,f,4983
09676,2017,65 bis unter 70 Jahre,f,3923
09676,2017,65 bis unter 70 Jahre,m,3780
09676,2017,30 bis unter 35 Jahre,m,3540
09676,2017,30 bis unter 35 Jahre,f,3422
09676,2017,25 bis unter 30 Jahre,m,3807
09676,2017,25 bis unter 30 Jahre,f,3423
09676,2017,80 bis unter 85 Jahre,m,1921
09676,2017,80 bis unter 85 Jahre,f,2534
09676,2017,55 bis unter 60 Jahre,f,5291
09676,2017,55 bis unter 60 Jahre,m,5416
09676,2017,60 bis unter 65 Jahre,m,4354
09676,2017,60 bis unter 65 Jahre,f,4395
09676,2017,35 bis unter 40 Jahre,m,3791
09676,2017,35 bis unter 40 Jahre,f,3801
09676,2017,15 bis unter 20 Jahre,m,3677
09676,2017,15 bis unter 20 Jahre,f,3314
09676,2017,40 bis unter 45 Jahre,f,3862
09676,2017,40 bis unter 45 Jahre,m,3688
09676,2017,unter 5 Jahre,m,2902
09676,2017,unter 5 Jahre,f,2794
09676,2017,20 bis unter 25 Jahre,f,3231
09676,2017,20 bis unter 25 Jahre,m,3887
09676,2017,95 Jahre und mehr,m,45
09676,2017,95 Jahre und mehr,f,151
09676,2017,75 bis unter 80 Jahre,f,3437
09676,2017,75 bis unter 80 Jahre,m,2894
06534,2017,45 bis unter 50 Jahre,f,8395
06534,2017,45 bis unter 50 Jahre,m,8280
06534,2017,10 bis unter 15 Jahre,f,5340
06534,2017,10 bis unter 15 Jahre,m,5689
06534,2017,65 bis unter 70 Jahre,f,6804
06534,2017,65 bis unter 70 Jahre,m,6496
06534,2017,85 bis unter 90 Jahre,f,2662
06534,2017,85 bis unter 90 Jahre,m,1457
06534,2017,5 bis unter 10 Jahre,m,5382
06534,2017,5 bis unter 10 Jahre,f,5159
06534,2017,50 bis unter 55 Jahre,f,9761
06534,2017,50 bis unter 55 Jahre,m,9898
06534,2017,80 bis unter 85 Jahre,m,3312
06534,2017,80 bis unter 85 Jahre,f,4553
06534,2017,95 Jahre und mehr,f,351
06534,2017,95 Jahre und mehr,m,90
06534,2017,25 bis unter 30 Jahre,f,8986
06534,2017,25 bis unter 30 Jahre,m,9804
06534,2017,75 bis unter 80 Jahre,m,4961
06534,2017,75 bis unter 80 Jahre,f,6123
06534,2017,20 bis unter 25 Jahre,m,9860
06534,2017,20 bis unter 25 Jahre,f,10721
06534,2017,30 bis unter 35 Jahre,m,7811
06534,2017,30 bis unter 35 Jahre,f,7354
06534,2017,unter 5 Jahre,m,5493
06534,2017,unter 5 Jahre,f,5182
06534,2017,55 bis unter 60 Jahre,f,9254
06534,2017,55 bis unter 60 Jahre,m,9226
06534,2017,15 bis unter 20 Jahre,f,6657
06534,2017,15 bis unter 20 Jahre,m,6930
06534,2017,35 bis unter 40 Jahre,f,7043
06534,2017,35 bis unter 40 Jahre,m,7333
06534,2017,40 bis unter 45 Jahre,f,6809
06534,2017,40 bis unter 45 Jahre,m,6826
06534,2017,90 bis unter 95 Jahre,m,464
06534,2017,90 bis unter 95 Jahre,f,1266
06534,2017,60 bis unter 65 Jahre,f,7658
06534,2017,60 bis unter 65 Jahre,m,7476
06534,2017,70 bis unter 75 Jahre,m,4386
06534,2017,70 bis unter 75 Jahre,f,4913
09574,2017,80 bis unter 85 Jahre,f,3376
09574,2017,80 bis unter 85 Jahre,m,2462
09574,2017,unter 5 Jahre,m,3976
09574,2017,unter 5 Jahre,f,3784
09574,2017,35 bis unter 40 Jahre,m,5101
09574,2017,35 bis unter 40 Jahre,f,5316
09574,2017,15 bis unter 20 Jahre,m,4599
09574,2017,15 bis unter 20 Jahre,f,4042
09574,2017,95 Jahre und mehr,f,231
09574,2017,95 Jahre und mehr,m,54
09574,2017,75 bis unter 80 Jahre,m,4204
09574,2017,75 bis unter 80 Jahre,f,5054
09574,2017,55 bis unter 60 Jahre,m,6817
09574,2017,55 bis unter 60 Jahre,f,7049
09574,2017,20 bis unter 25 Jahre,f,3995
09574,2017,20 bis unter 25 Jahre,m,4597
09574,2017,40 bis unter 45 Jahre,m,4915
09574,2017,40 bis unter 45 Jahre,f,4911
09574,2017,60 bis unter 65 Jahre,f,5734
09574,2017,60 bis unter 65 Jahre,m,5536
09574,2017,5 bis unter 10 Jahre,f,3513
09574,2017,5 bis unter 10 Jahre,m,3947
09574,2017,25 bis unter 30 Jahre,f,4261
09574,2017,25 bis unter 30 Jahre,m,4704
09574,2017,30 bis unter 35 Jahre,m,4655
09574,2017,30 bis unter 35 Jahre,f,4808
09574,2017,85 bis unter 90 Jahre,m,1060
09574,2017,85 bis unter 90 Jahre,f,1956
09574,2017,90 bis unter 95 Jahre,f,833
09574,2017,90 bis unter 95 Jahre,m,387
09574,2017,70 bis unter 75 Jahre,f,4197
09574,2017,70 bis unter 75 Jahre,m,3842
09574,2017,10 bis unter 15 Jahre,m,3901
09574,2017,10 bis unter 15 Jahre,f,3584
09574,2017,50 bis unter 55 Jahre,f,7474
09574,2017,50 bis unter 55 Jahre,m,7755
09574,2017,65 bis unter 70 Jahre,m,4734
09574,2017,65 bis unter 70 Jahre,f,5234
09574,2017,45 bis unter 50 Jahre,f,6645
09574,2017,45 bis unter 50 Jahre,m,6509
05120,2017,60 bis unter 65 Jahre,m,3542
05120,2017,60 bis unter 65 Jahre,f,3581
05120,2017,80 bis unter 85 Jahre,m,1686
05120,2017,80 bis unter 85 Jahre,f,2440
05120,2017,75 bis unter 80 Jahre,m,2605
05120,2017,75 bis unter 80 Jahre,f,3339
05120,2017,40 bis unter 45 Jahre,m,3181
05120,2017,40 bis unter 45 Jahre,f,3105
05120,2017,55 bis unter 60 Jahre,m,4436
05120,2017,55 bis unter 60 Jahre,f,4353
05120,2017,5 bis unter 10 Jahre,f,2314
05120,2017,5 bis unter 10 Jahre,m,2456
05120,2017,20 bis unter 25 Jahre,m,3135
05120,2017,20 bis unter 25 Jahre,f,2874
05120,2017,50 bis unter 55 Jahre,f,4740
05120,2017,50 bis unter 55 Jahre,m,5066
05120,2017,45 bis unter 50 Jahre,f,4011
05120,2017,45 bis unter 50 Jahre,m,4099
05120,2017,15 bis unter 20 Jahre,m,2960
05120,2017,15 bis unter 20 Jahre,f,2711
05120,2017,35 bis unter 40 Jahre,m,3241
05120,2017,35 bis unter 40 Jahre,f,3170
05120,2017,25 bis unter 30 Jahre,f,3164
05120,2017,25 bis unter 30 Jahre,m,3329
05120,2017,70 bis unter 75 Jahre,f,2697
05120,2017,70 bis unter 75 Jahre,m,2347
05120,2017,95 Jahre und mehr,f,170
05120,2017,95 Jahre und mehr,m,28
05120,2017,85 bis unter 90 Jahre,m,722
05120,2017,85 bis unter 90 Jahre,f,1439
05120,2017,90 bis unter 95 Jahre,m,227
05120,2017,90 bis unter 95 Jahre,f,629
05120,2017,unter 5 Jahre,f,2536
05120,2017,unter 5 Jahre,m,2637
05120,2017,30 bis unter 35 Jahre,m,3151
05120,2017,30 bis unter 35 Jahre,f,2948
05120,2017,65 bis unter 70 Jahre,f,3309
05120,2017,65 bis unter 70 Jahre,m,2989
05120,2017,10 bis unter 15 Jahre,f,2572
05120,2017,10 bis unter 15 Jahre,m,2645
03401,2017,50 bis unter 55 Jahre,f,3178
03401,2017,50 bis unter 55 Jahre,m,3292
03401,2017,30 bis unter 35 Jahre,f,2231
03401,2017,30 bis unter 35 Jahre,m,2417
03401,2017,85 bis unter 90 Jahre,f,817
03401,2017,85 bis unter 90 Jahre,m,472
03401,2017,10 bis unter 15 Jahre,f,1647
03401,2017,10 bis unter 15 Jahre,m,1968
03401,2017,65 bis unter 70 Jahre,m,2181
03401,2017,65 bis unter 70 Jahre,f,2467
03401,2017,70 bis unter 75 Jahre,f,1948
03401,2017,70 bis unter 75 Jahre,m,1752
03401,2017,25 bis unter 30 Jahre,m,2571
03401,2017,25 bis unter 30 Jahre,f,2375
03401,2017,45 bis unter 50 Jahre,f,2737
03401,2017,45 bis unter 50 Jahre,m,2684
03401,2017,60 bis unter 65 Jahre,m,2325
03401,2017,60 bis unter 65 Jahre,f,2504
03401,2017,90 bis unter 95 Jahre,m,114
03401,2017,90 bis unter 95 Jahre,f,356
03401,2017,55 bis unter 60 Jahre,m,2883
03401,2017,55 bis unter 60 Jahre,f,2919
03401,2017,unter 5 Jahre,f,1945
03401,2017,unter 5 Jahre,m,2006
03401,2017,80 bis unter 85 Jahre,m,1145
03401,2017,80 bis unter 85 Jahre,f,1530
03401,2017,40 bis unter 45 Jahre,f,2225
03401,2017,40 bis unter 45 Jahre,m,2241
03401,2017,75 bis unter 80 Jahre,f,2272
03401,2017,75 bis unter 80 Jahre,m,1878
03401,2017,20 bis unter 25 Jahre,f,2154
03401,2017,20 bis unter 25 Jahre,m,2389
03401,2017,95 Jahre und mehr,m,23
03401,2017,95 Jahre und mehr,f,85
03401,2017,15 bis unter 20 Jahre,m,2117
03401,2017,15 bis unter 20 Jahre,f,1976
03401,2017,35 bis unter 40 Jahre,f,2147
03401,2017,35 bis unter 40 Jahre,m,2114
03401,2017,5 bis unter 10 Jahre,f,1625
03401,2017,5 bis unter 10 Jahre,m,1811
03353,2017,80 bis unter 85 Jahre,m,3794
03353,2017,80 bis unter 85 Jahre,f,5024
03353,2017,60 bis unter 65 Jahre,m,7613
03353,2017,60 bis unter 65 Jahre,f,7808
03353,2017,25 bis unter 30 Jahre,f,5415
03353,2017,25 bis unter 30 Jahre,m,6406
03353,2017,55 bis unter 60 Jahre,m,9952
03353,2017,55 bis unter 60 Jahre,f,10043
03353,2017,95 Jahre und mehr,f,298
03353,2017,95 Jahre und mehr,m,82
03353,2017,unter 5 Jahre,m,6033
03353,2017,unter 5 Jahre,f,5711
03353,2017,15 bis unter 20 Jahre,m,6915
03353,2017,15 bis unter 20 Jahre,f,6334
03353,2017,40 bis unter 45 Jahre,m,7283
03353,2017,40 bis unter 45 Jahre,f,7575
03353,2017,10 bis unter 15 Jahre,f,5841
03353,2017,10 bis unter 15 Jahre,m,6234
03353,2017,90 bis unter 95 Jahre,f,1132
03353,2017,90 bis unter 95 Jahre,m,497
03353,2017,70 bis unter 75 Jahre,f,6666
03353,2017,70 bis unter 75 Jahre,m,5858
03353,2017,65 bis unter 70 Jahre,f,7641
03353,2017,65 bis unter 70 Jahre,m,6816
03353,2017,45 bis unter 50 Jahre,m,9698
03353,2017,45 bis unter 50 Jahre,f,10179
03353,2017,35 bis unter 40 Jahre,m,7310
03353,2017,35 bis unter 40 Jahre,f,7899
03353,2017,50 bis unter 55 Jahre,m,12010
03353,2017,50 bis unter 55 Jahre,f,12169
03353,2017,30 bis unter 35 Jahre,m,6586
03353,2017,30 bis unter 35 Jahre,f,6448
03353,2017,75 bis unter 80 Jahre,f,7544
03353,2017,75 bis unter 80 Jahre,m,6435
03353,2017,5 bis unter 10 Jahre,m,5947
03353,2017,5 bis unter 10 Jahre,f,5718
03353,2017,85 bis unter 90 Jahre,f,2622
03353,2017,85 bis unter 90 Jahre,m,1527
03353,2017,20 bis unter 25 Jahre,f,5532
03353,2017,20 bis unter 25 Jahre,m,6916
05119,2017,10 bis unter 15 Jahre,m,4589
05119,2017,10 bis unter 15 Jahre,f,4519
05119,2017,90 bis unter 95 Jahre,f,1165
05119,2017,90 bis unter 95 Jahre,m,380
05119,2017,45 bis unter 50 Jahre,m,7646
05119,2017,45 bis unter 50 Jahre,f,7448
05119,2017,65 bis unter 70 Jahre,m,6103
05119,2017,65 bis unter 70 Jahre,f,6645
05119,2017,85 bis unter 90 Jahre,m,1380
05119,2017,85 bis unter 90 Jahre,f,2629
05119,2017,70 bis unter 75 Jahre,m,4133
05119,2017,70 bis unter 75 Jahre,f,4785
05119,2017,30 bis unter 35 Jahre,m,6664
05119,2017,30 bis unter 35 Jahre,f,6433
05119,2017,50 bis unter 55 Jahre,f,8780
05119,2017,50 bis unter 55 Jahre,m,9021
05119,2017,5 bis unter 10 Jahre,m,4574
05119,2017,5 bis unter 10 Jahre,f,4325
05119,2017,25 bis unter 30 Jahre,f,6505
05119,2017,25 bis unter 30 Jahre,m,7103
05119,2017,35 bis unter 40 Jahre,f,6520
05119,2017,35 bis unter 40 Jahre,m,6473
05119,2017,55 bis unter 60 Jahre,f,8498
05119,2017,55 bis unter 60 Jahre,m,8250
05119,2017,60 bis unter 65 Jahre,m,7158
05119,2017,60 bis unter 65 Jahre,f,7660
05119,2017,unter 5 Jahre,m,4936
05119,2017,unter 5 Jahre,f,4638
05119,2017,40 bis unter 45 Jahre,m,6238
05119,2017,40 bis unter 45 Jahre,f,5777
05119,2017,80 bis unter 85 Jahre,f,4772
05119,2017,80 bis unter 85 Jahre,m,3114
05119,2017,20 bis unter 25 Jahre,m,6233
05119,2017,20 bis unter 25 Jahre,f,5491
05119,2017,15 bis unter 20 Jahre,m,5266
05119,2017,15 bis unter 20 Jahre,f,4865
05119,2017,75 bis unter 80 Jahre,f,5794
05119,2017,75 bis unter 80 Jahre,m,4510
05119,2017,95 Jahre und mehr,m,80
05119,2017,95 Jahre und mehr,f,322
03158,2017,85 bis unter 90 Jahre,f,1478
03158,2017,85 bis unter 90 Jahre,m,802
03158,2017,30 bis unter 35 Jahre,f,2878
03158,2017,30 bis unter 35 Jahre,m,3204
03158,2017,65 bis unter 70 Jahre,f,3801
03158,2017,65 bis unter 70 Jahre,m,3616
03158,2017,70 bis unter 75 Jahre,f,3074
03158,2017,70 bis unter 75 Jahre,m,2818
03158,2017,25 bis unter 30 Jahre,m,3270
03158,2017,25 bis unter 30 Jahre,f,2921
03158,2017,95 Jahre und mehr,m,47
03158,2017,95 Jahre und mehr,f,213
03158,2017,5 bis unter 10 Jahre,m,2499
03158,2017,5 bis unter 10 Jahre,f,2438
03158,2017,45 bis unter 50 Jahre,f,4697
03158,2017,45 bis unter 50 Jahre,m,4679
03158,2017,50 bis unter 55 Jahre,f,5595
03158,2017,50 bis unter 55 Jahre,m,5705
03158,2017,10 bis unter 15 Jahre,m,2822
03158,2017,10 bis unter 15 Jahre,f,2568
03158,2017,60 bis unter 65 Jahre,m,4052
03158,2017,60 bis unter 65 Jahre,f,4151
03158,2017,80 bis unter 85 Jahre,m,1907
03158,2017,80 bis unter 85 Jahre,f,2583
03158,2017,90 bis unter 95 Jahre,f,672
03158,2017,90 bis unter 95 Jahre,m,268
03158,2017,35 bis unter 40 Jahre,m,3138
03158,2017,35 bis unter 40 Jahre,f,3313
03158,2017,55 bis unter 60 Jahre,f,4927
03158,2017,55 bis unter 60 Jahre,m,4963
03158,2017,40 bis unter 45 Jahre,f,3436
03158,2017,40 bis unter 45 Jahre,m,3194
03158,2017,20 bis unter 25 Jahre,f,2921
03158,2017,20 bis unter 25 Jahre,m,3422
03158,2017,75 bis unter 80 Jahre,f,3708
03158,2017,75 bis unter 80 Jahre,m,3253
03158,2017,unter 5 Jahre,f,2407
03158,2017,unter 5 Jahre,m,2479
03158,2017,15 bis unter 20 Jahre,m,3431
03158,2017,15 bis unter 20 Jahre,f,3087
09679,2017,80 bis unter 85 Jahre,m,2314
09679,2017,80 bis unter 85 Jahre,f,2947
09679,2017,5 bis unter 10 Jahre,f,3421
09679,2017,5 bis unter 10 Jahre,m,3639
09679,2017,60 bis unter 65 Jahre,m,5559
09679,2017,60 bis unter 65 Jahre,f,5780
09679,2017,40 bis unter 45 Jahre,m,4771
09679,2017,40 bis unter 45 Jahre,f,4691
09679,2017,75 bis unter 80 Jahre,m,3587
09679,2017,75 bis unter 80 Jahre,f,4045
09679,2017,45 bis unter 50 Jahre,f,5889
09679,2017,45 bis unter 50 Jahre,m,5695
09679,2017,unter 5 Jahre,m,3863
09679,2017,unter 5 Jahre,f,3693
09679,2017,50 bis unter 55 Jahre,f,6967
09679,2017,50 bis unter 55 Jahre,m,7005
09679,2017,15 bis unter 20 Jahre,m,4392
09679,2017,15 bis unter 20 Jahre,f,3949
09679,2017,30 bis unter 35 Jahre,f,4632
09679,2017,30 bis unter 35 Jahre,m,4814
09679,2017,20 bis unter 25 Jahre,m,4667
09679,2017,20 bis unter 25 Jahre,f,4083
09679,2017,25 bis unter 30 Jahre,f,4377
09679,2017,25 bis unter 30 Jahre,m,4725
09679,2017,90 bis unter 95 Jahre,m,331
09679,2017,90 bis unter 95 Jahre,f,729
09679,2017,70 bis unter 75 Jahre,m,3322
09679,2017,70 bis unter 75 Jahre,f,3409
09679,2017,85 bis unter 90 Jahre,m,1058
09679,2017,85 bis unter 90 Jahre,f,1733
09679,2017,35 bis unter 40 Jahre,f,4971
09679,2017,35 bis unter 40 Jahre,m,4984
09679,2017,65 bis unter 70 Jahre,m,4972
09679,2017,65 bis unter 70 Jahre,f,5094
09679,2017,95 Jahre und mehr,f,208
09679,2017,95 Jahre und mehr,m,47
09679,2017,10 bis unter 15 Jahre,m,3766
09679,2017,10 bis unter 15 Jahre,f,3576
09679,2017,55 bis unter 60 Jahre,f,6904
09679,2017,55 bis unter 60 Jahre,m,6731
09189,2017,30 bis unter 35 Jahre,f,4840
09189,2017,30 bis unter 35 Jahre,m,5284
09189,2017,65 bis unter 70 Jahre,f,5424
09189,2017,65 bis unter 70 Jahre,m,4979
09189,2017,95 Jahre und mehr,m,68
09189,2017,95 Jahre und mehr,f,274
09189,2017,85 bis unter 90 Jahre,f,2097
09189,2017,85 bis unter 90 Jahre,m,1301
09189,2017,10 bis unter 15 Jahre,f,3958
09189,2017,10 bis unter 15 Jahre,m,3988
09189,2017,45 bis unter 50 Jahre,f,6306
09189,2017,45 bis unter 50 Jahre,m,6256
09189,2017,50 bis unter 55 Jahre,f,7574
09189,2017,50 bis unter 55 Jahre,m,7468
09189,2017,25 bis unter 30 Jahre,m,5566
09189,2017,25 bis unter 30 Jahre,f,4952
09189,2017,70 bis unter 75 Jahre,f,4551
09189,2017,70 bis unter 75 Jahre,m,4012
09189,2017,5 bis unter 10 Jahre,m,3943
09189,2017,5 bis unter 10 Jahre,f,3679
09189,2017,90 bis unter 95 Jahre,f,1002
09189,2017,90 bis unter 95 Jahre,m,387
09189,2017,60 bis unter 65 Jahre,m,5423
09189,2017,60 bis unter 65 Jahre,f,5732
09189,2017,40 bis unter 45 Jahre,m,5046
09189,2017,40 bis unter 45 Jahre,f,5061
09189,2017,35 bis unter 40 Jahre,f,5034
09189,2017,35 bis unter 40 Jahre,m,5174
09189,2017,15 bis unter 20 Jahre,m,4735
09189,2017,15 bis unter 20 Jahre,f,4414
09189,2017,75 bis unter 80 Jahre,f,5208
09189,2017,75 bis unter 80 Jahre,m,4318
09189,2017,20 bis unter 25 Jahre,f,4594
09189,2017,20 bis unter 25 Jahre,m,5527
09189,2017,unter 5 Jahre,f,3814
09189,2017,unter 5 Jahre,m,4004
09189,2017,80 bis unter 85 Jahre,f,3529
09189,2017,80 bis unter 85 Jahre,m,2656
09189,2017,55 bis unter 60 Jahre,f,7070
09189,2017,55 bis unter 60 Jahre,m,7042
03255,2017,35 bis unter 40 Jahre,m,1791
03255,2017,35 bis unter 40 Jahre,f,1763
03255,2017,55 bis unter 60 Jahre,m,2948
03255,2017,55 bis unter 60 Jahre,f,2908
03255,2017,unter 5 Jahre,m,1413
03255,2017,unter 5 Jahre,f,1369
03255,2017,75 bis unter 80 Jahre,m,2009
03255,2017,75 bis unter 80 Jahre,f,2290
03255,2017,60 bis unter 65 Jahre,m,2567
03255,2017,60 bis unter 65 Jahre,f,2606
03255,2017,40 bis unter 45 Jahre,f,1757
03255,2017,40 bis unter 45 Jahre,m,1718
03255,2017,95 Jahre und mehr,f,170
03255,2017,95 Jahre und mehr,m,43
03255,2017,20 bis unter 25 Jahre,m,2009
03255,2017,20 bis unter 25 Jahre,f,1797
03255,2017,80 bis unter 85 Jahre,f,1870
03255,2017,80 bis unter 85 Jahre,m,1317
03255,2017,15 bis unter 20 Jahre,f,1700
03255,2017,15 bis unter 20 Jahre,m,2016
03255,2017,25 bis unter 30 Jahre,f,1678
03255,2017,25 bis unter 30 Jahre,m,2021
03255,2017,45 bis unter 50 Jahre,f,2572
03255,2017,45 bis unter 50 Jahre,m,2486
03255,2017,50 bis unter 55 Jahre,m,3104
03255,2017,50 bis unter 55 Jahre,f,3046
03255,2017,90 bis unter 95 Jahre,f,550
03255,2017,90 bis unter 95 Jahre,m,209
03255,2017,10 bis unter 15 Jahre,m,1544
03255,2017,10 bis unter 15 Jahre,f,1483
03255,2017,85 bis unter 90 Jahre,f,1069
03255,2017,85 bis unter 90 Jahre,m,614
03255,2017,5 bis unter 10 Jahre,m,1426
03255,2017,5 bis unter 10 Jahre,f,1347
03255,2017,70 bis unter 75 Jahre,f,1888
03255,2017,70 bis unter 75 Jahre,m,1687
03255,2017,30 bis unter 35 Jahre,m,1922
03255,2017,30 bis unter 35 Jahre,f,1650
03255,2017,65 bis unter 70 Jahre,f,2412
03255,2017,65 bis unter 70 Jahre,m,2375
09773,2017,20 bis unter 25 Jahre,m,3003
09773,2017,20 bis unter 25 Jahre,f,2571
09773,2017,75 bis unter 80 Jahre,m,2033
09773,2017,75 bis unter 80 Jahre,f,2301
09773,2017,40 bis unter 45 Jahre,m,2880
09773,2017,40 bis unter 45 Jahre,f,2839
09773,2017,unter 5 Jahre,m,2233
09773,2017,unter 5 Jahre,f,2059
09773,2017,5 bis unter 10 Jahre,f,2072
09773,2017,5 bis unter 10 Jahre,m,2211
09773,2017,35 bis unter 40 Jahre,m,2900
09773,2017,35 bis unter 40 Jahre,f,2714
09773,2017,80 bis unter 85 Jahre,f,1762
09773,2017,80 bis unter 85 Jahre,m,1243
09773,2017,60 bis unter 65 Jahre,m,3171
09773,2017,60 bis unter 65 Jahre,f,3196
09773,2017,45 bis unter 50 Jahre,f,3506
09773,2017,45 bis unter 50 Jahre,m,3691
09773,2017,15 bis unter 20 Jahre,f,2560
09773,2017,15 bis unter 20 Jahre,m,2789
09773,2017,95 Jahre und mehr,m,27
09773,2017,95 Jahre und mehr,f,132
09773,2017,50 bis unter 55 Jahre,f,4083
09773,2017,50 bis unter 55 Jahre,m,4153
09773,2017,25 bis unter 30 Jahre,f,2732
09773,2017,25 bis unter 30 Jahre,m,3062
09773,2017,65 bis unter 70 Jahre,m,2649
09773,2017,65 bis unter 70 Jahre,f,2677
09773,2017,10 bis unter 15 Jahre,m,2333
09773,2017,10 bis unter 15 Jahre,f,2254
09773,2017,85 bis unter 90 Jahre,m,562
09773,2017,85 bis unter 90 Jahre,f,1108
09773,2017,30 bis unter 35 Jahre,m,2879
09773,2017,30 bis unter 35 Jahre,f,2602
09773,2017,90 bis unter 95 Jahre,f,487
09773,2017,90 bis unter 95 Jahre,m,165
09773,2017,70 bis unter 75 Jahre,m,1790
09773,2017,70 bis unter 75 Jahre,f,1996
09773,2017,55 bis unter 60 Jahre,f,3845
09773,2017,55 bis unter 60 Jahre,m,3889
09279,2017,40 bis unter 45 Jahre,f,2741
09279,2017,40 bis unter 45 Jahre,m,3175
09279,2017,75 bis unter 80 Jahre,f,2237
09279,2017,75 bis unter 80 Jahre,m,1923
09279,2017,20 bis unter 25 Jahre,f,2532
09279,2017,20 bis unter 25 Jahre,m,3169
09279,2017,unter 5 Jahre,f,2049
09279,2017,unter 5 Jahre,m,2231
09279,2017,80 bis unter 85 Jahre,f,1734
09279,2017,80 bis unter 85 Jahre,m,1220
09279,2017,15 bis unter 20 Jahre,f,2380
09279,2017,15 bis unter 20 Jahre,m,2694
09279,2017,35 bis unter 40 Jahre,m,3212
09279,2017,35 bis unter 40 Jahre,f,2781
09279,2017,55 bis unter 60 Jahre,f,3896
09279,2017,55 bis unter 60 Jahre,m,4050
09279,2017,70 bis unter 75 Jahre,m,1777
09279,2017,70 bis unter 75 Jahre,f,1868
09279,2017,95 Jahre und mehr,f,83
09279,2017,95 Jahre und mehr,m,19
09279,2017,10 bis unter 15 Jahre,f,2135
09279,2017,10 bis unter 15 Jahre,m,2250
09279,2017,90 bis unter 95 Jahre,m,140
09279,2017,90 bis unter 95 Jahre,f,356
09279,2017,65 bis unter 70 Jahre,m,2540
09279,2017,65 bis unter 70 Jahre,f,2592
09279,2017,85 bis unter 90 Jahre,f,953
09279,2017,85 bis unter 90 Jahre,m,540
09279,2017,30 bis unter 35 Jahre,f,2812
09279,2017,30 bis unter 35 Jahre,m,3438
09279,2017,25 bis unter 30 Jahre,m,3713
09279,2017,25 bis unter 30 Jahre,f,2836
09279,2017,50 bis unter 55 Jahre,f,3896
09279,2017,50 bis unter 55 Jahre,m,4226
09279,2017,5 bis unter 10 Jahre,m,2092
09279,2017,5 bis unter 10 Jahre,f,1975
09279,2017,45 bis unter 50 Jahre,f,3468
09279,2017,45 bis unter 50 Jahre,m,3787
09279,2017,60 bis unter 65 Jahre,m,3260
09279,2017,60 bis unter 65 Jahre,f,3051
05913,2017,50 bis unter 55 Jahre,m,23597
05913,2017,50 bis unter 55 Jahre,f,22888
05913,2017,85 bis unter 90 Jahre,m,3694
05913,2017,85 bis unter 90 Jahre,f,6959
05913,2017,30 bis unter 35 Jahre,m,20524
05913,2017,30 bis unter 35 Jahre,f,19342
05913,2017,10 bis unter 15 Jahre,m,13043
05913,2017,10 bis unter 15 Jahre,f,12340
05913,2017,45 bis unter 50 Jahre,m,21198
05913,2017,45 bis unter 50 Jahre,f,20512
05913,2017,15 bis unter 20 Jahre,f,13423
05913,2017,15 bis unter 20 Jahre,m,15174
05913,2017,90 bis unter 95 Jahre,f,3206
05913,2017,90 bis unter 95 Jahre,m,1152
05913,2017,70 bis unter 75 Jahre,m,11302
05913,2017,70 bis unter 75 Jahre,f,13288
05913,2017,95 Jahre und mehr,f,715
05913,2017,95 Jahre und mehr,m,186
05913,2017,65 bis unter 70 Jahre,f,16694
05913,2017,65 bis unter 70 Jahre,m,14653
05913,2017,20 bis unter 25 Jahre,f,18330
05913,2017,20 bis unter 25 Jahre,m,19895
05913,2017,75 bis unter 80 Jahre,f,15833
05913,2017,75 bis unter 80 Jahre,m,12021
05913,2017,unter 5 Jahre,f,13779
05913,2017,unter 5 Jahre,m,14145
05913,2017,60 bis unter 65 Jahre,m,17608
05913,2017,60 bis unter 65 Jahre,f,18698
05913,2017,40 bis unter 45 Jahre,m,17117
05913,2017,40 bis unter 45 Jahre,f,17328
05913,2017,80 bis unter 85 Jahre,m,8049
05913,2017,80 bis unter 85 Jahre,f,12078
05913,2017,55 bis unter 60 Jahre,m,20571
05913,2017,55 bis unter 60 Jahre,f,21026
05913,2017,35 bis unter 40 Jahre,m,18518
05913,2017,35 bis unter 40 Jahre,f,18473
05913,2017,5 bis unter 10 Jahre,f,12416
05913,2017,5 bis unter 10 Jahre,m,12745
05913,2017,25 bis unter 30 Jahre,f,21196
05913,2017,25 bis unter 30 Jahre,m,22884
06533,2017,15 bis unter 20 Jahre,f,4508
06533,2017,15 bis unter 20 Jahre,m,4918
06533,2017,35 bis unter 40 Jahre,f,5008
06533,2017,35 bis unter 40 Jahre,m,5029
06533,2017,55 bis unter 60 Jahre,f,6980
06533,2017,55 bis unter 60 Jahre,m,7181
06533,2017,90 bis unter 95 Jahre,m,375
06533,2017,90 bis unter 95 Jahre,f,979
06533,2017,70 bis unter 75 Jahre,m,3458
06533,2017,70 bis unter 75 Jahre,f,3804
06533,2017,40 bis unter 45 Jahre,f,4864
06533,2017,40 bis unter 45 Jahre,m,4853
06533,2017,75 bis unter 80 Jahre,f,4588
06533,2017,75 bis unter 80 Jahre,m,3783
06533,2017,30 bis unter 35 Jahre,m,5039
06533,2017,30 bis unter 35 Jahre,f,4741
06533,2017,unter 5 Jahre,f,3677
06533,2017,unter 5 Jahre,m,3820
06533,2017,45 bis unter 50 Jahre,m,6355
06533,2017,45 bis unter 50 Jahre,f,6417
06533,2017,80 bis unter 85 Jahre,f,3309
06533,2017,80 bis unter 85 Jahre,m,2418
06533,2017,60 bis unter 65 Jahre,f,5943
06533,2017,60 bis unter 65 Jahre,m,5818
06533,2017,50 bis unter 55 Jahre,m,7631
06533,2017,50 bis unter 55 Jahre,f,7710
06533,2017,25 bis unter 30 Jahre,m,5291
06533,2017,25 bis unter 30 Jahre,f,4591
06533,2017,5 bis unter 10 Jahre,f,3692
06533,2017,5 bis unter 10 Jahre,m,3876
06533,2017,95 Jahre und mehr,m,51
06533,2017,95 Jahre und mehr,f,242
06533,2017,10 bis unter 15 Jahre,f,3961
06533,2017,10 bis unter 15 Jahre,m,4282
06533,2017,65 bis unter 70 Jahre,f,5231
06533,2017,65 bis unter 70 Jahre,m,5115
06533,2017,85 bis unter 90 Jahre,m,1048
06533,2017,85 bis unter 90 Jahre,f,2011
06533,2017,20 bis unter 25 Jahre,m,5051
06533,2017,20 bis unter 25 Jahre,f,4323
03461,2017,60 bis unter 65 Jahre,m,3128
03461,2017,60 bis unter 65 Jahre,f,3035
03461,2017,40 bis unter 45 Jahre,m,2406
03461,2017,40 bis unter 45 Jahre,f,2413
03461,2017,75 bis unter 80 Jahre,m,2248
03461,2017,75 bis unter 80 Jahre,f,2635
03461,2017,80 bis unter 85 Jahre,m,1454
03461,2017,80 bis unter 85 Jahre,f,1846
03461,2017,55 bis unter 60 Jahre,m,3761
03461,2017,55 bis unter 60 Jahre,f,3632
03461,2017,15 bis unter 20 Jahre,m,2671
03461,2017,15 bis unter 20 Jahre,f,2408
03461,2017,unter 5 Jahre,m,1918
03461,2017,unter 5 Jahre,f,1759
03461,2017,65 bis unter 70 Jahre,f,2780
03461,2017,65 bis unter 70 Jahre,m,2793
03461,2017,10 bis unter 15 Jahre,f,2056
03461,2017,10 bis unter 15 Jahre,m,2114
03461,2017,45 bis unter 50 Jahre,f,3275
03461,2017,45 bis unter 50 Jahre,m,3432
03461,2017,95 Jahre und mehr,m,34
03461,2017,95 Jahre und mehr,f,136
03461,2017,35 bis unter 40 Jahre,m,2271
03461,2017,35 bis unter 40 Jahre,f,2148
03461,2017,90 bis unter 95 Jahre,f,508
03461,2017,90 bis unter 95 Jahre,m,180
03461,2017,70 bis unter 75 Jahre,m,2120
03461,2017,70 bis unter 75 Jahre,f,2218
03461,2017,50 bis unter 55 Jahre,m,4118
03461,2017,50 bis unter 55 Jahre,f,4120
03461,2017,85 bis unter 90 Jahre,m,594
03461,2017,85 bis unter 90 Jahre,f,1098
03461,2017,30 bis unter 35 Jahre,m,2270
03461,2017,30 bis unter 35 Jahre,f,2132
03461,2017,25 bis unter 30 Jahre,m,2529
03461,2017,25 bis unter 30 Jahre,f,2232
03461,2017,20 bis unter 25 Jahre,f,2222
03461,2017,20 bis unter 25 Jahre,m,2636
03461,2017,5 bis unter 10 Jahre,m,1955
03461,2017,5 bis unter 10 Jahre,f,1737
08437,2017,50 bis unter 55 Jahre,f,5725
08437,2017,50 bis unter 55 Jahre,m,5767
08437,2017,5 bis unter 10 Jahre,m,3061
08437,2017,5 bis unter 10 Jahre,f,2841
08437,2017,85 bis unter 90 Jahre,f,1483
08437,2017,85 bis unter 90 Jahre,m,846
08437,2017,70 bis unter 75 Jahre,f,2666
08437,2017,70 bis unter 75 Jahre,m,2410
08437,2017,65 bis unter 70 Jahre,f,3589
08437,2017,65 bis unter 70 Jahre,m,3485
08437,2017,25 bis unter 30 Jahre,m,4352
08437,2017,25 bis unter 30 Jahre,f,3582
08437,2017,45 bis unter 50 Jahre,f,4721
08437,2017,45 bis unter 50 Jahre,m,4609
08437,2017,30 bis unter 35 Jahre,f,3618
08437,2017,30 bis unter 35 Jahre,m,3912
08437,2017,90 bis unter 95 Jahre,f,624
08437,2017,90 bis unter 95 Jahre,m,266
08437,2017,80 bis unter 85 Jahre,m,1833
08437,2017,80 bis unter 85 Jahre,f,2602
08437,2017,75 bis unter 80 Jahre,m,2793
08437,2017,75 bis unter 80 Jahre,f,3357
08437,2017,10 bis unter 15 Jahre,m,3282
08437,2017,10 bis unter 15 Jahre,f,3060
08437,2017,20 bis unter 25 Jahre,f,3654
08437,2017,20 bis unter 25 Jahre,m,4345
08437,2017,unter 5 Jahre,m,3112
08437,2017,unter 5 Jahre,f,2925
08437,2017,15 bis unter 20 Jahre,m,3993
08437,2017,15 bis unter 20 Jahre,f,3687
08437,2017,60 bis unter 65 Jahre,f,4282
08437,2017,60 bis unter 65 Jahre,m,4240
08437,2017,35 bis unter 40 Jahre,m,3705
08437,2017,35 bis unter 40 Jahre,f,3620
08437,2017,55 bis unter 60 Jahre,m,5479
08437,2017,55 bis unter 60 Jahre,f,5236
08437,2017,95 Jahre und mehr,f,150
08437,2017,95 Jahre und mehr,m,44
08437,2017,40 bis unter 45 Jahre,f,3560
08437,2017,40 bis unter 45 Jahre,m,3676
09263,2017,90 bis unter 95 Jahre,m,92
09263,2017,90 bis unter 95 Jahre,f,273
09263,2017,70 bis unter 75 Jahre,m,956
09263,2017,70 bis unter 75 Jahre,f,1096
09263,2017,50 bis unter 55 Jahre,m,1994
09263,2017,50 bis unter 55 Jahre,f,1818
09263,2017,15 bis unter 20 Jahre,f,1022
09263,2017,15 bis unter 20 Jahre,m,1137
09263,2017,10 bis unter 15 Jahre,m,987
09263,2017,10 bis unter 15 Jahre,f,905
09263,2017,55 bis unter 60 Jahre,f,1861
09263,2017,55 bis unter 60 Jahre,m,1848
09263,2017,85 bis unter 90 Jahre,m,279
09263,2017,85 bis unter 90 Jahre,f,578
09263,2017,95 Jahre und mehr,m,7
09263,2017,95 Jahre und mehr,f,77
09263,2017,65 bis unter 70 Jahre,f,1482
09263,2017,65 bis unter 70 Jahre,m,1353
09263,2017,unter 5 Jahre,m,1001
09263,2017,unter 5 Jahre,f,956
09263,2017,45 bis unter 50 Jahre,m,1816
09263,2017,45 bis unter 50 Jahre,f,1629
09263,2017,20 bis unter 25 Jahre,f,1347
09263,2017,20 bis unter 25 Jahre,m,1531
09263,2017,75 bis unter 80 Jahre,f,1341
09263,2017,75 bis unter 80 Jahre,m,1011
09263,2017,80 bis unter 85 Jahre,m,588
09263,2017,80 bis unter 85 Jahre,f,969
09263,2017,60 bis unter 65 Jahre,m,1434
09263,2017,60 bis unter 65 Jahre,f,1567
09263,2017,35 bis unter 40 Jahre,m,1680
09263,2017,35 bis unter 40 Jahre,f,1412
09263,2017,5 bis unter 10 Jahre,f,864
09263,2017,5 bis unter 10 Jahre,m,925
09263,2017,30 bis unter 35 Jahre,f,1501
09263,2017,30 bis unter 35 Jahre,m,1771
09263,2017,40 bis unter 45 Jahre,f,1341
09263,2017,40 bis unter 45 Jahre,m,1500
09263,2017,25 bis unter 30 Jahre,m,2046
09263,2017,25 bis unter 30 Jahre,f,1591
05554,2017,20 bis unter 25 Jahre,m,12120
05554,2017,20 bis unter 25 Jahre,f,10063
05554,2017,40 bis unter 45 Jahre,m,10611
05554,2017,40 bis unter 45 Jahre,f,10691
05554,2017,55 bis unter 60 Jahre,m,14788
05554,2017,55 bis unter 60 Jahre,f,14435
05554,2017,60 bis unter 65 Jahre,m,11571
05554,2017,60 bis unter 65 Jahre,f,11616
05554,2017,75 bis unter 80 Jahre,m,7180
05554,2017,75 bis unter 80 Jahre,f,8887
05554,2017,80 bis unter 85 Jahre,m,4687
05554,2017,80 bis unter 85 Jahre,f,6813
05554,2017,35 bis unter 40 Jahre,m,10893
05554,2017,35 bis unter 40 Jahre,f,10596
05554,2017,5 bis unter 10 Jahre,f,8822
05554,2017,5 bis unter 10 Jahre,m,9085
05554,2017,25 bis unter 30 Jahre,f,10752
05554,2017,25 bis unter 30 Jahre,m,11866
05554,2017,15 bis unter 20 Jahre,f,10591
05554,2017,15 bis unter 20 Jahre,m,11614
05554,2017,45 bis unter 50 Jahre,f,13749
05554,2017,45 bis unter 50 Jahre,m,14163
05554,2017,50 bis unter 55 Jahre,f,16588
05554,2017,50 bis unter 55 Jahre,m,17245
05554,2017,65 bis unter 70 Jahre,m,9539
05554,2017,65 bis unter 70 Jahre,f,9668
05554,2017,30 bis unter 35 Jahre,m,10935
05554,2017,30 bis unter 35 Jahre,f,10486
05554,2017,90 bis unter 95 Jahre,f,1710
05554,2017,90 bis unter 95 Jahre,m,568
05554,2017,70 bis unter 75 Jahre,f,7098
05554,2017,70 bis unter 75 Jahre,m,6532
05554,2017,10 bis unter 15 Jahre,m,9887
05554,2017,10 bis unter 15 Jahre,f,9348
05554,2017,95 Jahre und mehr,m,70
05554,2017,95 Jahre und mehr,f,393
05554,2017,85 bis unter 90 Jahre,m,2062
05554,2017,85 bis unter 90 Jahre,f,3875
05554,2017,unter 5 Jahre,f,8914
05554,2017,unter 5 Jahre,m,9207
03252,2017,95 Jahre und mehr,m,69
03252,2017,95 Jahre und mehr,f,355
03252,2017,25 bis unter 30 Jahre,f,3706
03252,2017,25 bis unter 30 Jahre,m,3839
03252,2017,10 bis unter 15 Jahre,f,3192
03252,2017,10 bis unter 15 Jahre,m,3325
03252,2017,5 bis unter 10 Jahre,f,2992
03252,2017,5 bis unter 10 Jahre,m,3095
03252,2017,30 bis unter 35 Jahre,f,3751
03252,2017,30 bis unter 35 Jahre,m,3707
03252,2017,85 bis unter 90 Jahre,f,2253
03252,2017,85 bis unter 90 Jahre,m,1142
03252,2017,60 bis unter 65 Jahre,m,5146
03252,2017,60 bis unter 65 Jahre,f,5314
03252,2017,70 bis unter 75 Jahre,f,3926
03252,2017,70 bis unter 75 Jahre,m,3399
03252,2017,75 bis unter 80 Jahre,m,3973
03252,2017,75 bis unter 80 Jahre,f,5079
03252,2017,45 bis unter 50 Jahre,f,5468
03252,2017,45 bis unter 50 Jahre,m,5281
03252,2017,55 bis unter 60 Jahre,m,6050
03252,2017,55 bis unter 60 Jahre,f,6270
03252,2017,90 bis unter 95 Jahre,f,1178
03252,2017,90 bis unter 95 Jahre,m,437
03252,2017,65 bis unter 70 Jahre,m,4540
03252,2017,65 bis unter 70 Jahre,f,4924
03252,2017,unter 5 Jahre,m,3172
03252,2017,unter 5 Jahre,f,3089
03252,2017,35 bis unter 40 Jahre,m,3819
03252,2017,35 bis unter 40 Jahre,f,3944
03252,2017,80 bis unter 85 Jahre,f,3762
03252,2017,80 bis unter 85 Jahre,m,2610
03252,2017,15 bis unter 20 Jahre,f,3626
03252,2017,15 bis unter 20 Jahre,m,3860
03252,2017,20 bis unter 25 Jahre,f,3471
03252,2017,20 bis unter 25 Jahre,m,3907
03252,2017,50 bis unter 55 Jahre,m,6463
03252,2017,50 bis unter 55 Jahre,f,6481
03252,2017,40 bis unter 45 Jahre,m,3791
03252,2017,40 bis unter 45 Jahre,f,3890
05762,2017,45 bis unter 50 Jahre,f,5142
05762,2017,45 bis unter 50 Jahre,m,4984
05762,2017,65 bis unter 70 Jahre,f,4269
05762,2017,65 bis unter 70 Jahre,m,4227
05762,2017,10 bis unter 15 Jahre,f,3395
05762,2017,10 bis unter 15 Jahre,m,3527
05762,2017,85 bis unter 90 Jahre,f,1864
05762,2017,85 bis unter 90 Jahre,m,1020
05762,2017,70 bis unter 75 Jahre,f,3056
05762,2017,70 bis unter 75 Jahre,m,2810
05762,2017,25 bis unter 30 Jahre,m,4170
05762,2017,25 bis unter 30 Jahre,f,3488
05762,2017,5 bis unter 10 Jahre,f,2902
05762,2017,5 bis unter 10 Jahre,m,3175
05762,2017,60 bis unter 65 Jahre,m,5144
05762,2017,60 bis unter 65 Jahre,f,5046
05762,2017,30 bis unter 35 Jahre,f,3502
05762,2017,30 bis unter 35 Jahre,m,3911
05762,2017,75 bis unter 80 Jahre,m,3346
05762,2017,75 bis unter 80 Jahre,f,4057
05762,2017,90 bis unter 95 Jahre,f,903
05762,2017,90 bis unter 95 Jahre,m,337
05762,2017,95 Jahre und mehr,m,53
05762,2017,95 Jahre und mehr,f,213
05762,2017,unter 5 Jahre,m,3108
05762,2017,unter 5 Jahre,f,2964
05762,2017,55 bis unter 60 Jahre,m,5998
05762,2017,55 bis unter 60 Jahre,f,5946
05762,2017,80 bis unter 85 Jahre,m,2135
05762,2017,80 bis unter 85 Jahre,f,3236
05762,2017,20 bis unter 25 Jahre,f,3508
05762,2017,20 bis unter 25 Jahre,m,4380
05762,2017,15 bis unter 20 Jahre,f,3832
05762,2017,15 bis unter 20 Jahre,m,4195
05762,2017,40 bis unter 45 Jahre,f,3831
05762,2017,40 bis unter 45 Jahre,m,3849
05762,2017,35 bis unter 40 Jahre,f,3655
05762,2017,35 bis unter 40 Jahre,m,3755
05762,2017,50 bis unter 55 Jahre,m,6384
05762,2017,50 bis unter 55 Jahre,f,6248
03357,2017,25 bis unter 30 Jahre,m,5098
03357,2017,25 bis unter 30 Jahre,f,4082
03357,2017,70 bis unter 75 Jahre,f,3521
03357,2017,70 bis unter 75 Jahre,m,3486
03357,2017,90 bis unter 95 Jahre,f,861
03357,2017,90 bis unter 95 Jahre,m,270
03357,2017,85 bis unter 90 Jahre,f,1687
03357,2017,85 bis unter 90 Jahre,m,965
03357,2017,45 bis unter 50 Jahre,m,6278
03357,2017,45 bis unter 50 Jahre,f,6329
03357,2017,65 bis unter 70 Jahre,m,4821
03357,2017,65 bis unter 70 Jahre,f,4852
03357,2017,50 bis unter 55 Jahre,m,7581
03357,2017,50 bis unter 55 Jahre,f,7238
03357,2017,10 bis unter 15 Jahre,m,4245
03357,2017,10 bis unter 15 Jahre,f,3908
03357,2017,30 bis unter 35 Jahre,f,4419
03357,2017,30 bis unter 35 Jahre,m,4724
03357,2017,95 Jahre und mehr,f,249
03357,2017,95 Jahre und mehr,m,52
03357,2017,unter 5 Jahre,f,3449
03357,2017,unter 5 Jahre,m,3631
03357,2017,75 bis unter 80 Jahre,f,4352
03357,2017,75 bis unter 80 Jahre,m,3724
03357,2017,55 bis unter 60 Jahre,m,6607
03357,2017,55 bis unter 60 Jahre,f,6616
03357,2017,80 bis unter 85 Jahre,m,2270
03357,2017,80 bis unter 85 Jahre,f,3014
03357,2017,15 bis unter 20 Jahre,m,5129
03357,2017,15 bis unter 20 Jahre,f,4616
03357,2017,35 bis unter 40 Jahre,m,4644
03357,2017,35 bis unter 40 Jahre,f,4470
03357,2017,40 bis unter 45 Jahre,f,4559
03357,2017,40 bis unter 45 Jahre,m,4648
03357,2017,20 bis unter 25 Jahre,m,5043
03357,2017,20 bis unter 25 Jahre,f,4117
03357,2017,60 bis unter 65 Jahre,f,5358
03357,2017,60 bis unter 65 Jahre,m,5307
03357,2017,5 bis unter 10 Jahre,f,3500
03357,2017,5 bis unter 10 Jahre,m,3657
06413,2017,20 bis unter 25 Jahre,f,3945
06413,2017,20 bis unter 25 Jahre,m,4046
06413,2017,55 bis unter 60 Jahre,f,4068
06413,2017,55 bis unter 60 Jahre,m,4228
06413,2017,75 bis unter 80 Jahre,f,2644
06413,2017,75 bis unter 80 Jahre,m,2127
06413,2017,35 bis unter 40 Jahre,f,4557
06413,2017,35 bis unter 40 Jahre,m,4563
06413,2017,15 bis unter 20 Jahre,m,3113
06413,2017,15 bis unter 20 Jahre,f,2972
06413,2017,60 bis unter 65 Jahre,f,3413
06413,2017,60 bis unter 65 Jahre,m,3331
06413,2017,40 bis unter 45 Jahre,f,4233
06413,2017,40 bis unter 45 Jahre,m,4249
06413,2017,unter 5 Jahre,f,3525
06413,2017,unter 5 Jahre,m,3592
06413,2017,50 bis unter 55 Jahre,m,5024
06413,2017,50 bis unter 55 Jahre,f,4507
06413,2017,70 bis unter 75 Jahre,m,2233
06413,2017,70 bis unter 75 Jahre,f,2560
06413,2017,25 bis unter 30 Jahre,m,5012
06413,2017,25 bis unter 30 Jahre,f,5298
06413,2017,80 bis unter 85 Jahre,f,1924
06413,2017,80 bis unter 85 Jahre,m,1401
06413,2017,95 Jahre und mehr,f,144
06413,2017,95 Jahre und mehr,m,49
06413,2017,45 bis unter 50 Jahre,f,4291
06413,2017,45 bis unter 50 Jahre,m,4683
06413,2017,65 bis unter 70 Jahre,f,3061
06413,2017,65 bis unter 70 Jahre,m,2585
06413,2017,30 bis unter 35 Jahre,f,5113
06413,2017,30 bis unter 35 Jahre,m,5110
06413,2017,10 bis unter 15 Jahre,f,3002
06413,2017,10 bis unter 15 Jahre,m,3159
06413,2017,85 bis unter 90 Jahre,f,1086
06413,2017,85 bis unter 90 Jahre,m,585
06413,2017,90 bis unter 95 Jahre,f,570
06413,2017,90 bis unter 95 Jahre,m,187
06413,2017,5 bis unter 10 Jahre,m,3289
06413,2017,5 bis unter 10 Jahre,f,3179
08111,2017,70 bis unter 75 Jahre,f,12933
08111,2017,70 bis unter 75 Jahre,m,10948
08111,2017,25 bis unter 30 Jahre,m,30725
08111,2017,25 bis unter 30 Jahre,f,29455
08111,2017,45 bis unter 50 Jahre,m,22912
08111,2017,45 bis unter 50 Jahre,f,21243
08111,2017,90 bis unter 95 Jahre,f,3228
08111,2017,90 bis unter 95 Jahre,m,1266
08111,2017,85 bis unter 90 Jahre,f,6418
08111,2017,85 bis unter 90 Jahre,m,3638
08111,2017,65 bis unter 70 Jahre,m,12788
08111,2017,65 bis unter 70 Jahre,f,14566
08111,2017,30 bis unter 35 Jahre,m,29788
08111,2017,30 bis unter 35 Jahre,f,27214
08111,2017,10 bis unter 15 Jahre,f,12490
08111,2017,10 bis unter 15 Jahre,m,13258
08111,2017,50 bis unter 55 Jahre,f,21610
08111,2017,50 bis unter 55 Jahre,m,23784
08111,2017,5 bis unter 10 Jahre,m,13556
08111,2017,5 bis unter 10 Jahre,f,13024
08111,2017,15 bis unter 20 Jahre,f,13066
08111,2017,15 bis unter 20 Jahre,m,14198
08111,2017,75 bis unter 80 Jahre,m,11943
08111,2017,75 bis unter 80 Jahre,f,14976
08111,2017,20 bis unter 25 Jahre,m,21784
08111,2017,20 bis unter 25 Jahre,f,20826
08111,2017,60 bis unter 65 Jahre,f,16035
08111,2017,60 bis unter 65 Jahre,m,15280
08111,2017,80 bis unter 85 Jahre,f,10982
08111,2017,80 bis unter 85 Jahre,m,7909
08111,2017,35 bis unter 40 Jahre,m,25342
08111,2017,35 bis unter 40 Jahre,f,23761
08111,2017,40 bis unter 45 Jahre,f,20134
08111,2017,40 bis unter 45 Jahre,m,21606
08111,2017,unter 5 Jahre,m,15500
08111,2017,unter 5 Jahre,f,14573
08111,2017,55 bis unter 60 Jahre,m,19585
08111,2017,55 bis unter 60 Jahre,f,18909
08111,2017,95 Jahre und mehr,f,1174
08111,2017,95 Jahre und mehr,m,316
09573,2017,50 bis unter 55 Jahre,f,5248
09573,2017,50 bis unter 55 Jahre,m,5319
09573,2017,30 bis unter 35 Jahre,f,3261
09573,2017,30 bis unter 35 Jahre,m,3114
09573,2017,85 bis unter 90 Jahre,f,1336
09573,2017,85 bis unter 90 Jahre,m,768
09573,2017,70 bis unter 75 Jahre,f,3051
09573,2017,70 bis unter 75 Jahre,m,2810
09573,2017,65 bis unter 70 Jahre,f,3755
09573,2017,65 bis unter 70 Jahre,m,3325
09573,2017,25 bis unter 30 Jahre,m,2931
09573,2017,25 bis unter 30 Jahre,f,2870
09573,2017,45 bis unter 50 Jahre,f,4474
09573,2017,45 bis unter 50 Jahre,m,4236
09573,2017,10 bis unter 15 Jahre,m,2497
09573,2017,10 bis unter 15 Jahre,f,2446
09573,2017,5 bis unter 10 Jahre,m,2671
09573,2017,5 bis unter 10 Jahre,f,2537
09573,2017,80 bis unter 85 Jahre,m,1684
09573,2017,80 bis unter 85 Jahre,f,2405
09573,2017,95 Jahre und mehr,f,148
09573,2017,95 Jahre und mehr,m,26
09573,2017,60 bis unter 65 Jahre,m,3838
09573,2017,60 bis unter 65 Jahre,f,3929
09573,2017,90 bis unter 95 Jahre,f,621
09573,2017,90 bis unter 95 Jahre,m,220
09573,2017,35 bis unter 40 Jahre,m,3431
09573,2017,35 bis unter 40 Jahre,f,3711
09573,2017,55 bis unter 60 Jahre,f,4899
09573,2017,55 bis unter 60 Jahre,m,4676
09573,2017,40 bis unter 45 Jahre,f,3530
09573,2017,40 bis unter 45 Jahre,m,3422
09573,2017,75 bis unter 80 Jahre,f,3488
09573,2017,75 bis unter 80 Jahre,m,2832
09573,2017,20 bis unter 25 Jahre,f,2660
09573,2017,20 bis unter 25 Jahre,m,2948
09573,2017,unter 5 Jahre,f,2665
09573,2017,unter 5 Jahre,m,2815
09573,2017,15 bis unter 20 Jahre,m,2847
09573,2017,15 bis unter 20 Jahre,f,2749
07315,2017,65 bis unter 70 Jahre,m,4525
07315,2017,65 bis unter 70 Jahre,f,5168
07315,2017,30 bis unter 35 Jahre,m,9641
07315,2017,30 bis unter 35 Jahre,f,9196
07315,2017,10 bis unter 15 Jahre,m,4325
07315,2017,10 bis unter 15 Jahre,f,3848
07315,2017,70 bis unter 75 Jahre,f,4291
07315,2017,70 bis unter 75 Jahre,m,3616
07315,2017,25 bis unter 30 Jahre,m,10814
07315,2017,25 bis unter 30 Jahre,f,11679
07315,2017,45 bis unter 50 Jahre,m,7039
07315,2017,45 bis unter 50 Jahre,f,6893
07315,2017,50 bis unter 55 Jahre,m,7488
07315,2017,50 bis unter 55 Jahre,f,7356
07315,2017,90 bis unter 95 Jahre,f,1126
07315,2017,90 bis unter 95 Jahre,m,451
07315,2017,5 bis unter 10 Jahre,m,4585
07315,2017,5 bis unter 10 Jahre,f,4090
07315,2017,35 bis unter 40 Jahre,f,7407
07315,2017,35 bis unter 40 Jahre,m,7708
07315,2017,unter 5 Jahre,f,4771
07315,2017,unter 5 Jahre,m,5194
07315,2017,80 bis unter 85 Jahre,f,3577
07315,2017,80 bis unter 85 Jahre,m,2497
07315,2017,55 bis unter 60 Jahre,f,6720
07315,2017,55 bis unter 60 Jahre,m,6408
07315,2017,60 bis unter 65 Jahre,m,5276
07315,2017,60 bis unter 65 Jahre,f,5848
07315,2017,20 bis unter 25 Jahre,m,8631
07315,2017,20 bis unter 25 Jahre,f,10414
07315,2017,75 bis unter 80 Jahre,m,3933
07315,2017,75 bis unter 80 Jahre,f,4876
07315,2017,15 bis unter 20 Jahre,m,4886
07315,2017,15 bis unter 20 Jahre,f,4676
07315,2017,95 Jahre und mehr,f,354
07315,2017,95 Jahre und mehr,m,82
07315,2017,40 bis unter 45 Jahre,m,6297
07315,2017,40 bis unter 45 Jahre,f,6230
07315,2017,85 bis unter 90 Jahre,f,2026
07315,2017,85 bis unter 90 Jahre,m,1168
06432,2017,20 bis unter 25 Jahre,f,7499
06432,2017,20 bis unter 25 Jahre,m,8804
06432,2017,75 bis unter 80 Jahre,f,7504
06432,2017,75 bis unter 80 Jahre,m,6576
06432,2017,40 bis unter 45 Jahre,f,8932
06432,2017,40 bis unter 45 Jahre,m,8817
06432,2017,unter 5 Jahre,f,6827
06432,2017,unter 5 Jahre,m,7221
06432,2017,55 bis unter 60 Jahre,m,11732
06432,2017,55 bis unter 60 Jahre,f,11723
06432,2017,35 bis unter 40 Jahre,f,9193
06432,2017,35 bis unter 40 Jahre,m,9011
06432,2017,60 bis unter 65 Jahre,f,9802
06432,2017,60 bis unter 65 Jahre,m,9301
06432,2017,15 bis unter 20 Jahre,m,8251
06432,2017,15 bis unter 20 Jahre,f,7382
06432,2017,90 bis unter 95 Jahre,m,528
06432,2017,90 bis unter 95 Jahre,f,1398
06432,2017,50 bis unter 55 Jahre,m,13481
06432,2017,50 bis unter 55 Jahre,f,13346
06432,2017,80 bis unter 85 Jahre,m,4076
06432,2017,80 bis unter 85 Jahre,f,5195
06432,2017,45 bis unter 50 Jahre,m,11182
06432,2017,45 bis unter 50 Jahre,f,11321
06432,2017,70 bis unter 75 Jahre,m,6252
06432,2017,70 bis unter 75 Jahre,f,6914
06432,2017,65 bis unter 70 Jahre,f,9016
06432,2017,65 bis unter 70 Jahre,m,8491
06432,2017,10 bis unter 15 Jahre,f,6712
06432,2017,10 bis unter 15 Jahre,m,6956
06432,2017,85 bis unter 90 Jahre,f,2849
06432,2017,85 bis unter 90 Jahre,m,1728
06432,2017,30 bis unter 35 Jahre,f,8290
06432,2017,30 bis unter 35 Jahre,m,8581
06432,2017,5 bis unter 10 Jahre,m,6979
06432,2017,5 bis unter 10 Jahre,f,6589
06432,2017,95 Jahre und mehr,m,83
06432,2017,95 Jahre und mehr,f,326
06432,2017,25 bis unter 30 Jahre,m,9084
06432,2017,25 bis unter 30 Jahre,f,8096
07320,2017,25 bis unter 30 Jahre,m,1277
07320,2017,25 bis unter 30 Jahre,f,1009
07320,2017,5 bis unter 10 Jahre,m,696
07320,2017,5 bis unter 10 Jahre,f,709
07320,2017,70 bis unter 75 Jahre,f,756
07320,2017,70 bis unter 75 Jahre,m,653
07320,2017,10 bis unter 15 Jahre,m,730
07320,2017,10 bis unter 15 Jahre,f,719
07320,2017,50 bis unter 55 Jahre,f,1330
07320,2017,50 bis unter 55 Jahre,m,1329
07320,2017,30 bis unter 35 Jahre,f,992
07320,2017,30 bis unter 35 Jahre,m,1211
07320,2017,45 bis unter 50 Jahre,f,1088
07320,2017,45 bis unter 50 Jahre,m,1114
07320,2017,85 bis unter 90 Jahre,f,448
07320,2017,85 bis unter 90 Jahre,m,285
07320,2017,65 bis unter 70 Jahre,m,1027
07320,2017,65 bis unter 70 Jahre,f,1133
07320,2017,80 bis unter 85 Jahre,m,558
07320,2017,80 bis unter 85 Jahre,f,759
07320,2017,90 bis unter 95 Jahre,m,72
07320,2017,90 bis unter 95 Jahre,f,233
07320,2017,60 bis unter 65 Jahre,m,1183
07320,2017,60 bis unter 65 Jahre,f,1251
07320,2017,55 bis unter 60 Jahre,f,1465
07320,2017,55 bis unter 60 Jahre,m,1314
07320,2017,unter 5 Jahre,f,740
07320,2017,unter 5 Jahre,m,717
07320,2017,15 bis unter 20 Jahre,m,899
07320,2017,15 bis unter 20 Jahre,f,794
07320,2017,75 bis unter 80 Jahre,f,1069
07320,2017,75 bis unter 80 Jahre,m,795
07320,2017,35 bis unter 40 Jahre,m,1050
07320,2017,35 bis unter 40 Jahre,f,959
07320,2017,40 bis unter 45 Jahre,m,911
07320,2017,40 bis unter 45 Jahre,f,911
07320,2017,20 bis unter 25 Jahre,f,904
07320,2017,20 bis unter 25 Jahre,m,1102
07320,2017,95 Jahre und mehr,m,13
07320,2017,95 Jahre und mehr,f,65
09171,2017,35 bis unter 40 Jahre,m,3359
09171,2017,35 bis unter 40 Jahre,f,3282
09171,2017,95 Jahre und mehr,m,37
09171,2017,95 Jahre und mehr,f,155
09171,2017,55 bis unter 60 Jahre,m,4466
09171,2017,55 bis unter 60 Jahre,f,4413
09171,2017,unter 5 Jahre,m,2561
09171,2017,unter 5 Jahre,f,2543
09171,2017,20 bis unter 25 Jahre,m,3261
09171,2017,20 bis unter 25 Jahre,f,2929
09171,2017,15 bis unter 20 Jahre,m,2989
09171,2017,15 bis unter 20 Jahre,f,2767
09171,2017,60 bis unter 65 Jahre,f,3725
09171,2017,60 bis unter 65 Jahre,m,3542
09171,2017,40 bis unter 45 Jahre,m,3201
09171,2017,40 bis unter 45 Jahre,f,3058
09171,2017,80 bis unter 85 Jahre,f,2281
09171,2017,80 bis unter 85 Jahre,m,1546
09171,2017,75 bis unter 80 Jahre,f,3156
09171,2017,75 bis unter 80 Jahre,m,2514
09171,2017,25 bis unter 30 Jahre,f,3005
09171,2017,25 bis unter 30 Jahre,m,3396
09171,2017,5 bis unter 10 Jahre,f,2403
09171,2017,5 bis unter 10 Jahre,m,2546
09171,2017,50 bis unter 55 Jahre,f,4701
09171,2017,50 bis unter 55 Jahre,m,4699
09171,2017,30 bis unter 35 Jahre,m,3351
09171,2017,30 bis unter 35 Jahre,f,3061
09171,2017,90 bis unter 95 Jahre,f,611
09171,2017,90 bis unter 95 Jahre,m,229
09171,2017,45 bis unter 50 Jahre,m,4123
09171,2017,45 bis unter 50 Jahre,f,3897
09171,2017,10 bis unter 15 Jahre,m,2660
09171,2017,10 bis unter 15 Jahre,f,2511
09171,2017,65 bis unter 70 Jahre,m,3017
09171,2017,65 bis unter 70 Jahre,f,3324
09171,2017,85 bis unter 90 Jahre,m,770
09171,2017,85 bis unter 90 Jahre,f,1411
09171,2017,70 bis unter 75 Jahre,f,2638
09171,2017,70 bis unter 75 Jahre,m,2200
05113,2017,75 bis unter 80 Jahre,m,12474
05113,2017,75 bis unter 80 Jahre,f,16470
05113,2017,40 bis unter 45 Jahre,m,16617
05113,2017,40 bis unter 45 Jahre,f,16640
05113,2017,55 bis unter 60 Jahre,m,20795
05113,2017,55 bis unter 60 Jahre,f,21249
05113,2017,60 bis unter 65 Jahre,m,17775
05113,2017,60 bis unter 65 Jahre,f,19368
05113,2017,unter 5 Jahre,m,14452
05113,2017,unter 5 Jahre,f,13590
05113,2017,35 bis unter 40 Jahre,m,18432
05113,2017,35 bis unter 40 Jahre,f,18152
05113,2017,80 bis unter 85 Jahre,f,13071
05113,2017,80 bis unter 85 Jahre,m,8078
05113,2017,20 bis unter 25 Jahre,m,17718
05113,2017,20 bis unter 25 Jahre,f,17466
05113,2017,95 Jahre und mehr,f,969
05113,2017,95 Jahre und mehr,m,236
05113,2017,25 bis unter 30 Jahre,f,21389
05113,2017,25 bis unter 30 Jahre,m,21487
05113,2017,30 bis unter 35 Jahre,f,19620
05113,2017,30 bis unter 35 Jahre,m,20110
05113,2017,5 bis unter 10 Jahre,f,12189
05113,2017,5 bis unter 10 Jahre,m,12735
05113,2017,15 bis unter 20 Jahre,m,13914
05113,2017,15 bis unter 20 Jahre,f,12762
05113,2017,50 bis unter 55 Jahre,f,22854
05113,2017,50 bis unter 55 Jahre,m,23128
05113,2017,65 bis unter 70 Jahre,m,15043
05113,2017,65 bis unter 70 Jahre,f,16975
05113,2017,70 bis unter 75 Jahre,m,11538
05113,2017,70 bis unter 75 Jahre,f,14044
05113,2017,90 bis unter 95 Jahre,m,1248
05113,2017,90 bis unter 95 Jahre,f,3767
05113,2017,85 bis unter 90 Jahre,m,4028
05113,2017,85 bis unter 90 Jahre,f,7598
05113,2017,10 bis unter 15 Jahre,m,13057
05113,2017,10 bis unter 15 Jahre,f,12072
05113,2017,45 bis unter 50 Jahre,f,19942
05113,2017,45 bis unter 50 Jahre,m,20341
09662,2017,30 bis unter 35 Jahre,f,1603
09662,2017,30 bis unter 35 Jahre,m,1836
09662,2017,85 bis unter 90 Jahre,f,831
09662,2017,85 bis unter 90 Jahre,m,445
09662,2017,50 bis unter 55 Jahre,f,1884
09662,2017,50 bis unter 55 Jahre,m,1976
09662,2017,45 bis unter 50 Jahre,f,1598
09662,2017,45 bis unter 50 Jahre,m,1593
09662,2017,5 bis unter 10 Jahre,m,1179
09662,2017,5 bis unter 10 Jahre,f,1114
09662,2017,25 bis unter 30 Jahre,m,2079
09662,2017,25 bis unter 30 Jahre,f,1721
09662,2017,70 bis unter 75 Jahre,f,1352
09662,2017,70 bis unter 75 Jahre,m,1072
09662,2017,65 bis unter 70 Jahre,f,1675
09662,2017,65 bis unter 70 Jahre,m,1410
09662,2017,10 bis unter 15 Jahre,f,1103
09662,2017,10 bis unter 15 Jahre,m,1177
09662,2017,60 bis unter 65 Jahre,m,1617
09662,2017,60 bis unter 65 Jahre,f,1842
09662,2017,80 bis unter 85 Jahre,m,878
09662,2017,80 bis unter 85 Jahre,f,1219
09662,2017,35 bis unter 40 Jahre,m,1638
09662,2017,35 bis unter 40 Jahre,f,1540
09662,2017,90 bis unter 95 Jahre,f,484
09662,2017,90 bis unter 95 Jahre,m,171
09662,2017,55 bis unter 60 Jahre,f,2009
09662,2017,55 bis unter 60 Jahre,m,1872
09662,2017,75 bis unter 80 Jahre,f,1735
09662,2017,75 bis unter 80 Jahre,m,1268
09662,2017,20 bis unter 25 Jahre,f,1549
09662,2017,20 bis unter 25 Jahre,m,1752
09662,2017,40 bis unter 45 Jahre,f,1458
09662,2017,40 bis unter 45 Jahre,m,1418
09662,2017,95 Jahre und mehr,m,22
09662,2017,95 Jahre und mehr,f,163
09662,2017,unter 5 Jahre,f,1216
09662,2017,unter 5 Jahre,m,1316
09662,2017,15 bis unter 20 Jahre,m,1431
09662,2017,15 bis unter 20 Jahre,f,1191
09771,2017,40 bis unter 45 Jahre,f,3908
09771,2017,40 bis unter 45 Jahre,m,4084
09771,2017,60 bis unter 65 Jahre,f,4101
09771,2017,60 bis unter 65 Jahre,m,4039
09771,2017,55 bis unter 60 Jahre,f,5181
09771,2017,55 bis unter 60 Jahre,m,5307
09771,2017,15 bis unter 20 Jahre,m,3787
09771,2017,15 bis unter 20 Jahre,f,3571
09771,2017,80 bis unter 85 Jahre,f,2276
09771,2017,80 bis unter 85 Jahre,m,1693
09771,2017,35 bis unter 40 Jahre,m,4200
09771,2017,35 bis unter 40 Jahre,f,4154
09771,2017,75 bis unter 80 Jahre,f,3442
09771,2017,75 bis unter 80 Jahre,m,2956
09771,2017,unter 5 Jahre,m,3430
09771,2017,unter 5 Jahre,f,3310
09771,2017,20 bis unter 25 Jahre,f,3345
09771,2017,20 bis unter 25 Jahre,m,3877
09771,2017,85 bis unter 90 Jahre,m,775
09771,2017,85 bis unter 90 Jahre,f,1331
09771,2017,95 Jahre und mehr,m,27
09771,2017,95 Jahre und mehr,f,146
09771,2017,5 bis unter 10 Jahre,f,3101
09771,2017,5 bis unter 10 Jahre,m,3225
09771,2017,25 bis unter 30 Jahre,f,3503
09771,2017,25 bis unter 30 Jahre,m,3882
09771,2017,30 bis unter 35 Jahre,m,3920
09771,2017,30 bis unter 35 Jahre,f,3864
09771,2017,50 bis unter 55 Jahre,f,5864
09771,2017,50 bis unter 55 Jahre,m,6130
09771,2017,10 bis unter 15 Jahre,f,3132
09771,2017,10 bis unter 15 Jahre,m,3248
09771,2017,65 bis unter 70 Jahre,m,3429
09771,2017,65 bis unter 70 Jahre,f,3611
09771,2017,45 bis unter 50 Jahre,f,5145
09771,2017,45 bis unter 50 Jahre,m,5272
09771,2017,70 bis unter 75 Jahre,f,2923
09771,2017,70 bis unter 75 Jahre,m,2680
09771,2017,90 bis unter 95 Jahre,m,221
09771,2017,90 bis unter 95 Jahre,f,506
07231,2017,45 bis unter 50 Jahre,m,4178
07231,2017,45 bis unter 50 Jahre,f,3915
07231,2017,10 bis unter 15 Jahre,m,2570
07231,2017,10 bis unter 15 Jahre,f,2459
07231,2017,30 bis unter 35 Jahre,f,2995
07231,2017,30 bis unter 35 Jahre,m,3182
07231,2017,65 bis unter 70 Jahre,m,3683
07231,2017,65 bis unter 70 Jahre,f,3532
07231,2017,70 bis unter 75 Jahre,f,2349
07231,2017,70 bis unter 75 Jahre,m,2311
07231,2017,25 bis unter 30 Jahre,m,3300
07231,2017,25 bis unter 30 Jahre,f,2862
07231,2017,85 bis unter 90 Jahre,f,1477
07231,2017,85 bis unter 90 Jahre,m,812
07231,2017,50 bis unter 55 Jahre,m,5033
07231,2017,50 bis unter 55 Jahre,f,4900
07231,2017,95 Jahre und mehr,m,38
07231,2017,95 Jahre und mehr,f,193
07231,2017,90 bis unter 95 Jahre,m,274
07231,2017,90 bis unter 95 Jahre,f,739
07231,2017,55 bis unter 60 Jahre,f,4710
07231,2017,55 bis unter 60 Jahre,m,4813
07231,2017,80 bis unter 85 Jahre,m,1780
07231,2017,80 bis unter 85 Jahre,f,2452
07231,2017,unter 5 Jahre,f,2443
07231,2017,unter 5 Jahre,m,2594
07231,2017,60 bis unter 65 Jahre,f,4174
07231,2017,60 bis unter 65 Jahre,m,4103
07231,2017,20 bis unter 25 Jahre,m,2991
07231,2017,20 bis unter 25 Jahre,f,2616
07231,2017,15 bis unter 20 Jahre,m,2901
07231,2017,15 bis unter 20 Jahre,f,2749
07231,2017,40 bis unter 45 Jahre,m,3230
07231,2017,40 bis unter 45 Jahre,f,3178
07231,2017,75 bis unter 80 Jahre,f,3013
07231,2017,75 bis unter 80 Jahre,m,2560
07231,2017,35 bis unter 40 Jahre,m,3266
07231,2017,35 bis unter 40 Jahre,f,3105
07231,2017,5 bis unter 10 Jahre,f,2274
07231,2017,5 bis unter 10 Jahre,m,2380
09178,2017,unter 5 Jahre,m,4632
09178,2017,unter 5 Jahre,f,4474
09178,2017,55 bis unter 60 Jahre,m,6613
09178,2017,55 bis unter 60 Jahre,f,6252
09178,2017,80 bis unter 85 Jahre,f,2410
09178,2017,80 bis unter 85 Jahre,m,1776
09178,2017,35 bis unter 40 Jahre,m,6439
09178,2017,35 bis unter 40 Jahre,f,6226
09178,2017,15 bis unter 20 Jahre,m,5011
09178,2017,15 bis unter 20 Jahre,f,4456
09178,2017,60 bis unter 65 Jahre,f,4646
09178,2017,60 bis unter 65 Jahre,m,4896
09178,2017,20 bis unter 25 Jahre,m,6503
09178,2017,20 bis unter 25 Jahre,f,5682
09178,2017,75 bis unter 80 Jahre,f,3497
09178,2017,75 bis unter 80 Jahre,m,3141
09178,2017,40 bis unter 45 Jahre,f,5579
09178,2017,40 bis unter 45 Jahre,m,6243
09178,2017,95 Jahre und mehr,f,137
09178,2017,95 Jahre und mehr,m,51
09178,2017,5 bis unter 10 Jahre,f,4003
09178,2017,5 bis unter 10 Jahre,m,4335
09178,2017,90 bis unter 95 Jahre,m,238
09178,2017,90 bis unter 95 Jahre,f,619
09178,2017,30 bis unter 35 Jahre,f,6041
09178,2017,30 bis unter 35 Jahre,m,6736
09178,2017,85 bis unter 90 Jahre,f,1369
09178,2017,85 bis unter 90 Jahre,m,789
09178,2017,10 bis unter 15 Jahre,m,4343
09178,2017,10 bis unter 15 Jahre,f,4133
09178,2017,45 bis unter 50 Jahre,m,7282
09178,2017,45 bis unter 50 Jahre,f,6848
09178,2017,65 bis unter 70 Jahre,m,3591
09178,2017,65 bis unter 70 Jahre,f,4018
09178,2017,70 bis unter 75 Jahre,m,3015
09178,2017,70 bis unter 75 Jahre,f,3234
09178,2017,50 bis unter 55 Jahre,f,7415
09178,2017,50 bis unter 55 Jahre,m,8042
09178,2017,25 bis unter 30 Jahre,f,6153
09178,2017,25 bis unter 30 Jahre,m,7129
03358,2017,55 bis unter 60 Jahre,m,5614
03358,2017,55 bis unter 60 Jahre,f,5672
03358,2017,unter 5 Jahre,m,3236
03358,2017,unter 5 Jahre,f,2896
03358,2017,75 bis unter 80 Jahre,m,3370
03358,2017,75 bis unter 80 Jahre,f,4039
03358,2017,20 bis unter 25 Jahre,m,4218
03358,2017,20 bis unter 25 Jahre,f,3344
03358,2017,40 bis unter 45 Jahre,f,3802
03358,2017,40 bis unter 45 Jahre,m,3817
03358,2017,5 bis unter 10 Jahre,f,2916
03358,2017,5 bis unter 10 Jahre,m,3196
03358,2017,35 bis unter 40 Jahre,m,3744
03358,2017,35 bis unter 40 Jahre,f,3749
03358,2017,80 bis unter 85 Jahre,f,3010
03358,2017,80 bis unter 85 Jahre,m,2135
03358,2017,60 bis unter 65 Jahre,m,4537
03358,2017,60 bis unter 65 Jahre,f,4667
03358,2017,25 bis unter 30 Jahre,f,3563
03358,2017,25 bis unter 30 Jahre,m,4427
03358,2017,45 bis unter 50 Jahre,f,5173
03358,2017,45 bis unter 50 Jahre,m,5169
03358,2017,15 bis unter 20 Jahre,f,3685
03358,2017,15 bis unter 20 Jahre,m,4056
03358,2017,50 bis unter 55 Jahre,f,6113
03358,2017,50 bis unter 55 Jahre,m,6070
03358,2017,95 Jahre und mehr,m,52
03358,2017,95 Jahre und mehr,f,252
03358,2017,10 bis unter 15 Jahre,m,3489
03358,2017,10 bis unter 15 Jahre,f,3151
03358,2017,65 bis unter 70 Jahre,m,4070
03358,2017,65 bis unter 70 Jahre,f,4070
03358,2017,30 bis unter 35 Jahre,m,4029
03358,2017,30 bis unter 35 Jahre,f,3762
03358,2017,70 bis unter 75 Jahre,f,3296
03358,2017,70 bis unter 75 Jahre,m,2931
03358,2017,90 bis unter 95 Jahre,f,819
03358,2017,90 bis unter 95 Jahre,m,338
03358,2017,85 bis unter 90 Jahre,f,1694
03358,2017,85 bis unter 90 Jahre,m,928
07340,2017,55 bis unter 60 Jahre,m,4433
07340,2017,55 bis unter 60 Jahre,f,4389
07340,2017,unter 5 Jahre,m,1836
07340,2017,unter 5 Jahre,f,1841
07340,2017,75 bis unter 80 Jahre,m,2529
07340,2017,75 bis unter 80 Jahre,f,2978
07340,2017,20 bis unter 25 Jahre,m,2463
07340,2017,20 bis unter 25 Jahre,f,2110
07340,2017,40 bis unter 45 Jahre,f,2471
07340,2017,40 bis unter 45 Jahre,m,2371
07340,2017,95 Jahre und mehr,m,36
07340,2017,95 Jahre und mehr,f,110
07340,2017,80 bis unter 85 Jahre,f,2485
07340,2017,80 bis unter 85 Jahre,m,1766
07340,2017,5 bis unter 10 Jahre,f,1757
07340,2017,5 bis unter 10 Jahre,m,1735
07340,2017,35 bis unter 40 Jahre,m,2430
07340,2017,35 bis unter 40 Jahre,f,2468
07340,2017,60 bis unter 65 Jahre,m,3795
07340,2017,60 bis unter 65 Jahre,f,3845
07340,2017,25 bis unter 30 Jahre,f,2339
07340,2017,25 bis unter 30 Jahre,m,2570
07340,2017,15 bis unter 20 Jahre,f,2086
07340,2017,15 bis unter 20 Jahre,m,2425
07340,2017,50 bis unter 55 Jahre,f,4577
07340,2017,50 bis unter 55 Jahre,m,4444
07340,2017,10 bis unter 15 Jahre,m,1968
07340,2017,10 bis unter 15 Jahre,f,1803
07340,2017,65 bis unter 70 Jahre,m,3300
07340,2017,65 bis unter 70 Jahre,f,3338
07340,2017,70 bis unter 75 Jahre,f,2143
07340,2017,70 bis unter 75 Jahre,m,2045
07340,2017,30 bis unter 35 Jahre,m,2531
07340,2017,30 bis unter 35 Jahre,f,2321
07340,2017,90 bis unter 95 Jahre,f,540
07340,2017,90 bis unter 95 Jahre,m,234
07340,2017,45 bis unter 50 Jahre,m,3413
07340,2017,45 bis unter 50 Jahre,f,3445
07340,2017,85 bis unter 90 Jahre,f,1284
07340,2017,85 bis unter 90 Jahre,m,820
08211,2017,95 Jahre und mehr,m,41
08211,2017,95 Jahre und mehr,f,155
08211,2017,15 bis unter 20 Jahre,f,1179
08211,2017,15 bis unter 20 Jahre,m,1306
08211,2017,35 bis unter 40 Jahre,f,1607
08211,2017,35 bis unter 40 Jahre,m,1580
08211,2017,unter 5 Jahre,f,994
08211,2017,unter 5 Jahre,m,1130
08211,2017,40 bis unter 45 Jahre,f,1558
08211,2017,40 bis unter 45 Jahre,m,1444
08211,2017,70 bis unter 75 Jahre,m,1297
08211,2017,70 bis unter 75 Jahre,f,1553
08211,2017,55 bis unter 60 Jahre,f,2229
08211,2017,55 bis unter 60 Jahre,m,2034
08211,2017,80 bis unter 85 Jahre,f,1373
08211,2017,80 bis unter 85 Jahre,m,1043
08211,2017,85 bis unter 90 Jahre,m,450
08211,2017,85 bis unter 90 Jahre,f,814
08211,2017,5 bis unter 10 Jahre,m,1075
08211,2017,5 bis unter 10 Jahre,f,965
08211,2017,30 bis unter 35 Jahre,m,1522
08211,2017,30 bis unter 35 Jahre,f,1504
08211,2017,25 bis unter 30 Jahre,m,1556
08211,2017,25 bis unter 30 Jahre,f,1422
08211,2017,50 bis unter 55 Jahre,f,2360
08211,2017,50 bis unter 55 Jahre,m,2265
08211,2017,60 bis unter 65 Jahre,f,1970
08211,2017,60 bis unter 65 Jahre,m,1724
08211,2017,45 bis unter 50 Jahre,f,2042
08211,2017,45 bis unter 50 Jahre,m,1876
08211,2017,65 bis unter 70 Jahre,f,1949
08211,2017,65 bis unter 70 Jahre,m,1546
08211,2017,20 bis unter 25 Jahre,m,1587
08211,2017,20 bis unter 25 Jahre,f,1266
08211,2017,90 bis unter 95 Jahre,f,458
08211,2017,90 bis unter 95 Jahre,m,176
08211,2017,10 bis unter 15 Jahre,m,1140
08211,2017,10 bis unter 15 Jahre,f,1069
08211,2017,75 bis unter 80 Jahre,m,1474
08211,2017,75 bis unter 80 Jahre,f,1985
03360,2017,5 bis unter 10 Jahre,f,1804
03360,2017,5 bis unter 10 Jahre,m,1854
03360,2017,75 bis unter 80 Jahre,m,2570
03360,2017,75 bis unter 80 Jahre,f,3159
03360,2017,45 bis unter 50 Jahre,f,3496
03360,2017,45 bis unter 50 Jahre,m,3383
03360,2017,60 bis unter 65 Jahre,m,3199
03360,2017,60 bis unter 65 Jahre,f,3343
03360,2017,30 bis unter 35 Jahre,f,2191
03360,2017,30 bis unter 35 Jahre,m,2361
03360,2017,80 bis unter 85 Jahre,f,2283
03360,2017,80 bis unter 85 Jahre,m,1655
03360,2017,35 bis unter 40 Jahre,m,2277
03360,2017,35 bis unter 40 Jahre,f,2334
03360,2017,90 bis unter 95 Jahre,f,615
03360,2017,90 bis unter 95 Jahre,m,272
03360,2017,95 Jahre und mehr,f,217
03360,2017,95 Jahre und mehr,m,43
03360,2017,85 bis unter 90 Jahre,f,1268
03360,2017,85 bis unter 90 Jahre,m,685
03360,2017,unter 5 Jahre,m,1817
03360,2017,unter 5 Jahre,f,1750
03360,2017,65 bis unter 70 Jahre,m,2953
03360,2017,65 bis unter 70 Jahre,f,3029
03360,2017,10 bis unter 15 Jahre,f,2026
03360,2017,10 bis unter 15 Jahre,m,2183
03360,2017,55 bis unter 60 Jahre,m,3914
03360,2017,55 bis unter 60 Jahre,f,3901
03360,2017,15 bis unter 20 Jahre,f,2315
03360,2017,15 bis unter 20 Jahre,m,2455
03360,2017,70 bis unter 75 Jahre,m,2058
03360,2017,70 bis unter 75 Jahre,f,2382
03360,2017,20 bis unter 25 Jahre,f,2252
03360,2017,20 bis unter 25 Jahre,m,2558
03360,2017,50 bis unter 55 Jahre,m,4159
03360,2017,50 bis unter 55 Jahre,f,4166
03360,2017,25 bis unter 30 Jahre,m,2461
03360,2017,25 bis unter 30 Jahre,f,2219
03360,2017,40 bis unter 45 Jahre,f,2633
03360,2017,40 bis unter 45 Jahre,m,2504
09187,2017,5 bis unter 10 Jahre,f,5672
09187,2017,5 bis unter 10 Jahre,m,6076
09187,2017,75 bis unter 80 Jahre,m,6119
09187,2017,75 bis unter 80 Jahre,f,7044
09187,2017,45 bis unter 50 Jahre,f,9993
09187,2017,45 bis unter 50 Jahre,m,9881
09187,2017,30 bis unter 35 Jahre,f,7099
09187,2017,30 bis unter 35 Jahre,m,7716
09187,2017,60 bis unter 65 Jahre,m,7835
09187,2017,60 bis unter 65 Jahre,f,8250
09187,2017,15 bis unter 20 Jahre,m,7454
09187,2017,15 bis unter 20 Jahre,f,6629
09187,2017,70 bis unter 75 Jahre,f,6577
09187,2017,70 bis unter 75 Jahre,m,5878
09187,2017,25 bis unter 30 Jahre,m,8106
09187,2017,25 bis unter 30 Jahre,f,7168
09187,2017,20 bis unter 25 Jahre,m,7874
09187,2017,20 bis unter 25 Jahre,f,6632
09187,2017,40 bis unter 45 Jahre,f,7748
09187,2017,40 bis unter 45 Jahre,m,7450
09187,2017,95 Jahre und mehr,m,109
09187,2017,95 Jahre und mehr,f,424
09187,2017,50 bis unter 55 Jahre,f,11648
09187,2017,50 bis unter 55 Jahre,m,11313
09187,2017,90 bis unter 95 Jahre,m,514
09187,2017,90 bis unter 95 Jahre,f,1389
09187,2017,35 bis unter 40 Jahre,f,7704
09187,2017,35 bis unter 40 Jahre,m,7718
09187,2017,55 bis unter 60 Jahre,f,10283
09187,2017,55 bis unter 60 Jahre,m,10089
09187,2017,85 bis unter 90 Jahre,m,1501
09187,2017,85 bis unter 90 Jahre,f,2615
09187,2017,10 bis unter 15 Jahre,m,6402
09187,2017,10 bis unter 15 Jahre,f,6031
09187,2017,80 bis unter 85 Jahre,f,4498
09187,2017,80 bis unter 85 Jahre,m,3462
09187,2017,65 bis unter 70 Jahre,m,6908
09187,2017,65 bis unter 70 Jahre,f,7626
09187,2017,unter 5 Jahre,m,6132
09187,2017,unter 5 Jahre,f,5882
06439,2017,75 bis unter 80 Jahre,f,5342
06439,2017,75 bis unter 80 Jahre,m,4582
06439,2017,20 bis unter 25 Jahre,f,4495
06439,2017,20 bis unter 25 Jahre,m,5223
06439,2017,55 bis unter 60 Jahre,f,7705
06439,2017,55 bis unter 60 Jahre,m,7556
06439,2017,unter 5 Jahre,f,3853
06439,2017,unter 5 Jahre,m,4132
06439,2017,35 bis unter 40 Jahre,m,5167
06439,2017,35 bis unter 40 Jahre,f,5570
06439,2017,15 bis unter 20 Jahre,f,4651
06439,2017,15 bis unter 20 Jahre,m,5182
06439,2017,80 bis unter 85 Jahre,f,3640
06439,2017,80 bis unter 85 Jahre,m,2833
06439,2017,70 bis unter 75 Jahre,m,4371
06439,2017,70 bis unter 75 Jahre,f,4793
06439,2017,40 bis unter 45 Jahre,f,5639
06439,2017,40 bis unter 45 Jahre,m,5234
06439,2017,60 bis unter 65 Jahre,m,5907
06439,2017,60 bis unter 65 Jahre,f,6381
06439,2017,50 bis unter 55 Jahre,m,8707
06439,2017,50 bis unter 55 Jahre,f,8686
06439,2017,25 bis unter 30 Jahre,m,4910
06439,2017,25 bis unter 30 Jahre,f,4307
06439,2017,30 bis unter 35 Jahre,f,4787
06439,2017,30 bis unter 35 Jahre,m,4830
06439,2017,85 bis unter 90 Jahre,f,2032
06439,2017,85 bis unter 90 Jahre,m,1244
06439,2017,10 bis unter 15 Jahre,f,4206
06439,2017,10 bis unter 15 Jahre,m,4499
06439,2017,65 bis unter 70 Jahre,f,6106
06439,2017,65 bis unter 70 Jahre,m,5508
06439,2017,5 bis unter 10 Jahre,m,4183
06439,2017,5 bis unter 10 Jahre,f,3943
06439,2017,95 Jahre und mehr,f,338
06439,2017,95 Jahre und mehr,m,80
06439,2017,45 bis unter 50 Jahre,f,7274
06439,2017,45 bis unter 50 Jahre,m,7213
06439,2017,90 bis unter 95 Jahre,f,1076
06439,2017,90 bis unter 95 Jahre,m,417
05513,2017,10 bis unter 15 Jahre,f,5800
05513,2017,10 bis unter 15 Jahre,m,6528
05513,2017,95 Jahre und mehr,m,58
05513,2017,95 Jahre und mehr,f,372
05513,2017,65 bis unter 70 Jahre,f,7522
05513,2017,65 bis unter 70 Jahre,m,6877
05513,2017,45 bis unter 50 Jahre,f,9151
05513,2017,45 bis unter 50 Jahre,m,9528
05513,2017,85 bis unter 90 Jahre,f,3450
05513,2017,85 bis unter 90 Jahre,m,1604
05513,2017,50 bis unter 55 Jahre,f,10005
05513,2017,50 bis unter 55 Jahre,m,10701
05513,2017,80 bis unter 85 Jahre,m,3303
05513,2017,80 bis unter 85 Jahre,f,5442
05513,2017,5 bis unter 10 Jahre,m,6314
05513,2017,5 bis unter 10 Jahre,f,5833
05513,2017,25 bis unter 30 Jahre,f,8238
05513,2017,25 bis unter 30 Jahre,m,9221
05513,2017,40 bis unter 45 Jahre,m,7894
05513,2017,40 bis unter 45 Jahre,f,7314
05513,2017,70 bis unter 75 Jahre,m,5267
05513,2017,70 bis unter 75 Jahre,f,5800
05513,2017,90 bis unter 95 Jahre,f,1615
05513,2017,90 bis unter 95 Jahre,m,522
05513,2017,60 bis unter 65 Jahre,m,8539
05513,2017,60 bis unter 65 Jahre,f,8777
05513,2017,35 bis unter 40 Jahre,m,7869
05513,2017,35 bis unter 40 Jahre,f,7645
05513,2017,55 bis unter 60 Jahre,f,9797
05513,2017,55 bis unter 60 Jahre,m,9738
05513,2017,unter 5 Jahre,f,6208
05513,2017,unter 5 Jahre,m,6610
05513,2017,15 bis unter 20 Jahre,f,6408
05513,2017,15 bis unter 20 Jahre,m,7254
05513,2017,20 bis unter 25 Jahre,f,7131
05513,2017,20 bis unter 25 Jahre,m,8154
05513,2017,75 bis unter 80 Jahre,f,6644
05513,2017,75 bis unter 80 Jahre,m,5181
05513,2017,30 bis unter 35 Jahre,m,8386
05513,2017,30 bis unter 35 Jahre,f,7605
03351,2017,unter 5 Jahre,m,4177
03351,2017,unter 5 Jahre,f,4124
03351,2017,55 bis unter 60 Jahre,m,6867
03351,2017,55 bis unter 60 Jahre,f,6983
03351,2017,35 bis unter 40 Jahre,m,5160
03351,2017,35 bis unter 40 Jahre,f,5030
03351,2017,80 bis unter 85 Jahre,f,3726
03351,2017,80 bis unter 85 Jahre,m,2662
03351,2017,15 bis unter 20 Jahre,m,5123
03351,2017,15 bis unter 20 Jahre,f,4600
03351,2017,40 bis unter 45 Jahre,m,4695
03351,2017,40 bis unter 45 Jahre,f,4936
03351,2017,20 bis unter 25 Jahre,m,4772
03351,2017,20 bis unter 25 Jahre,f,4237
03351,2017,60 bis unter 65 Jahre,f,6291
03351,2017,60 bis unter 65 Jahre,m,5941
03351,2017,75 bis unter 80 Jahre,f,5346
03351,2017,75 bis unter 80 Jahre,m,4539
03351,2017,25 bis unter 30 Jahre,f,4620
03351,2017,25 bis unter 30 Jahre,m,5061
03351,2017,50 bis unter 55 Jahre,m,7721
03351,2017,50 bis unter 55 Jahre,f,7653
03351,2017,70 bis unter 75 Jahre,f,4520
03351,2017,70 bis unter 75 Jahre,m,4085
03351,2017,45 bis unter 50 Jahre,f,6262
03351,2017,45 bis unter 50 Jahre,m,6342
03351,2017,90 bis unter 95 Jahre,f,1136
03351,2017,90 bis unter 95 Jahre,m,397
03351,2017,95 Jahre und mehr,f,320
03351,2017,95 Jahre und mehr,m,62
03351,2017,85 bis unter 90 Jahre,m,1228
03351,2017,85 bis unter 90 Jahre,f,2257
03351,2017,65 bis unter 70 Jahre,m,5445
03351,2017,65 bis unter 70 Jahre,f,5673
03351,2017,30 bis unter 35 Jahre,m,5000
03351,2017,30 bis unter 35 Jahre,f,4944
03351,2017,5 bis unter 10 Jahre,m,4191
03351,2017,5 bis unter 10 Jahre,f,3999
03351,2017,10 bis unter 15 Jahre,f,4230
03351,2017,10 bis unter 15 Jahre,m,4409
08125,2017,95 Jahre und mehr,m,89
08125,2017,95 Jahre und mehr,f,359
08125,2017,30 bis unter 35 Jahre,m,11087
08125,2017,30 bis unter 35 Jahre,f,10238
08125,2017,45 bis unter 50 Jahre,m,13201
08125,2017,45 bis unter 50 Jahre,f,12612
08125,2017,90 bis unter 95 Jahre,f,1485
08125,2017,90 bis unter 95 Jahre,m,581
08125,2017,85 bis unter 90 Jahre,m,1982
08125,2017,85 bis unter 90 Jahre,f,3438
08125,2017,65 bis unter 70 Jahre,m,8786
08125,2017,65 bis unter 70 Jahre,f,9444
08125,2017,70 bis unter 75 Jahre,m,6331
08125,2017,70 bis unter 75 Jahre,f,6950
08125,2017,50 bis unter 55 Jahre,f,14590
08125,2017,50 bis unter 55 Jahre,m,15108
08125,2017,5 bis unter 10 Jahre,m,7834
08125,2017,5 bis unter 10 Jahre,f,7663
08125,2017,15 bis unter 20 Jahre,f,8994
08125,2017,15 bis unter 20 Jahre,m,9759
08125,2017,10 bis unter 15 Jahre,f,8065
08125,2017,10 bis unter 15 Jahre,m,8401
08125,2017,20 bis unter 25 Jahre,f,8808
08125,2017,20 bis unter 25 Jahre,m,10621
08125,2017,75 bis unter 80 Jahre,m,6946
08125,2017,75 bis unter 80 Jahre,f,8240
08125,2017,55 bis unter 60 Jahre,m,13716
08125,2017,55 bis unter 60 Jahre,f,13019
08125,2017,80 bis unter 85 Jahre,f,5958
08125,2017,80 bis unter 85 Jahre,m,4431
08125,2017,35 bis unter 40 Jahre,m,11156
08125,2017,35 bis unter 40 Jahre,f,10550
08125,2017,40 bis unter 45 Jahre,m,10786
08125,2017,40 bis unter 45 Jahre,f,10507
08125,2017,60 bis unter 65 Jahre,f,10853
08125,2017,60 bis unter 65 Jahre,m,10475
08125,2017,unter 5 Jahre,m,8607
08125,2017,unter 5 Jahre,f,7972
08125,2017,25 bis unter 30 Jahre,f,9832
08125,2017,25 bis unter 30 Jahre,m,11298
09772,2017,95 Jahre und mehr,f,321
09772,2017,95 Jahre und mehr,m,71
09772,2017,70 bis unter 75 Jahre,f,5793
09772,2017,70 bis unter 75 Jahre,m,5368
09772,2017,25 bis unter 30 Jahre,m,7350
09772,2017,25 bis unter 30 Jahre,f,6681
09772,2017,45 bis unter 50 Jahre,m,9542
09772,2017,45 bis unter 50 Jahre,f,9519
09772,2017,90 bis unter 95 Jahre,f,1215
09772,2017,90 bis unter 95 Jahre,m,478
09772,2017,65 bis unter 70 Jahre,m,6434
09772,2017,65 bis unter 70 Jahre,f,7103
09772,2017,85 bis unter 90 Jahre,m,1510
09772,2017,85 bis unter 90 Jahre,f,2629
09772,2017,30 bis unter 35 Jahre,f,7154
09772,2017,30 bis unter 35 Jahre,m,7273
09772,2017,50 bis unter 55 Jahre,m,11290
09772,2017,50 bis unter 55 Jahre,f,11120
09772,2017,10 bis unter 15 Jahre,m,6102
09772,2017,10 bis unter 15 Jahre,f,5706
09772,2017,55 bis unter 60 Jahre,f,9754
09772,2017,55 bis unter 60 Jahre,m,9924
09772,2017,75 bis unter 80 Jahre,f,6618
09772,2017,75 bis unter 80 Jahre,m,5673
09772,2017,80 bis unter 85 Jahre,m,3135
09772,2017,80 bis unter 85 Jahre,f,4416
09772,2017,unter 5 Jahre,f,6018
09772,2017,unter 5 Jahre,m,6333
09772,2017,35 bis unter 40 Jahre,m,7762
09772,2017,35 bis unter 40 Jahre,f,7659
09772,2017,20 bis unter 25 Jahre,m,7266
09772,2017,20 bis unter 25 Jahre,f,6386
09772,2017,40 bis unter 45 Jahre,f,7585
09772,2017,40 bis unter 45 Jahre,m,7549
09772,2017,15 bis unter 20 Jahre,m,7131
09772,2017,15 bis unter 20 Jahre,f,6463
09772,2017,60 bis unter 65 Jahre,f,8059
09772,2017,60 bis unter 65 Jahre,m,7859
09772,2017,5 bis unter 10 Jahre,f,5646
09772,2017,5 bis unter 10 Jahre,m,5943
07131,2017,80 bis unter 85 Jahre,m,2199
07131,2017,80 bis unter 85 Jahre,f,2908
07131,2017,95 Jahre und mehr,f,259
07131,2017,95 Jahre und mehr,m,74
07131,2017,60 bis unter 65 Jahre,m,4629
07131,2017,60 bis unter 65 Jahre,f,4579
07131,2017,75 bis unter 80 Jahre,m,3328
07131,2017,75 bis unter 80 Jahre,f,4094
07131,2017,45 bis unter 50 Jahre,f,4642
07131,2017,45 bis unter 50 Jahre,m,4439
07131,2017,5 bis unter 10 Jahre,f,2514
07131,2017,5 bis unter 10 Jahre,m,2634
07131,2017,35 bis unter 40 Jahre,m,3426
07131,2017,35 bis unter 40 Jahre,f,3469
07131,2017,20 bis unter 25 Jahre,m,3599
07131,2017,20 bis unter 25 Jahre,f,3192
07131,2017,50 bis unter 55 Jahre,f,5995
07131,2017,50 bis unter 55 Jahre,m,5867
07131,2017,40 bis unter 45 Jahre,f,3416
07131,2017,40 bis unter 45 Jahre,m,3137
07131,2017,25 bis unter 30 Jahre,m,3671
07131,2017,25 bis unter 30 Jahre,f,3290
07131,2017,70 bis unter 75 Jahre,f,3350
07131,2017,70 bis unter 75 Jahre,m,2899
07131,2017,15 bis unter 20 Jahre,m,3454
07131,2017,15 bis unter 20 Jahre,f,3164
07131,2017,unter 5 Jahre,f,2644
07131,2017,unter 5 Jahre,m,2829
07131,2017,30 bis unter 35 Jahre,m,3472
07131,2017,30 bis unter 35 Jahre,f,3294
07131,2017,55 bis unter 60 Jahre,f,5377
07131,2017,55 bis unter 60 Jahre,m,5521
07131,2017,85 bis unter 90 Jahre,m,1033
07131,2017,85 bis unter 90 Jahre,f,1776
07131,2017,65 bis unter 70 Jahre,f,4192
07131,2017,65 bis unter 70 Jahre,m,3955
07131,2017,90 bis unter 95 Jahre,f,888
07131,2017,90 bis unter 95 Jahre,m,351
07131,2017,10 bis unter 15 Jahre,m,2750
07131,2017,10 bis unter 15 Jahre,f,2604
03241,2017,40 bis unter 45 Jahre,f,34520
03241,2017,40 bis unter 45 Jahre,m,34107
03241,2017,20 bis unter 25 Jahre,f,33553
03241,2017,20 bis unter 25 Jahre,m,35960
03241,2017,unter 5 Jahre,f,26726
03241,2017,unter 5 Jahre,m,28371
03241,2017,95 Jahre und mehr,f,1879
03241,2017,95 Jahre und mehr,m,393
03241,2017,15 bis unter 20 Jahre,f,27248
03241,2017,15 bis unter 20 Jahre,m,29076
03241,2017,80 bis unter 85 Jahre,f,23904
03241,2017,80 bis unter 85 Jahre,m,16825
03241,2017,55 bis unter 60 Jahre,f,41924
03241,2017,55 bis unter 60 Jahre,m,41479
03241,2017,35 bis unter 40 Jahre,m,36586
03241,2017,35 bis unter 40 Jahre,f,37216
03241,2017,60 bis unter 65 Jahre,m,33687
03241,2017,60 bis unter 65 Jahre,f,35748
03241,2017,50 bis unter 55 Jahre,m,47809
03241,2017,50 bis unter 55 Jahre,f,47109
03241,2017,30 bis unter 35 Jahre,m,38043
03241,2017,30 bis unter 35 Jahre,f,37506
03241,2017,25 bis unter 30 Jahre,f,38281
03241,2017,25 bis unter 30 Jahre,m,39941
03241,2017,85 bis unter 90 Jahre,f,13189
03241,2017,85 bis unter 90 Jahre,m,7152
03241,2017,5 bis unter 10 Jahre,m,26431
03241,2017,5 bis unter 10 Jahre,f,24900
03241,2017,45 bis unter 50 Jahre,f,41062
03241,2017,45 bis unter 50 Jahre,m,41509
03241,2017,70 bis unter 75 Jahre,f,27213
03241,2017,70 bis unter 75 Jahre,m,22837
03241,2017,65 bis unter 70 Jahre,f,32207
03241,2017,65 bis unter 70 Jahre,m,28855
03241,2017,10 bis unter 15 Jahre,m,26139
03241,2017,10 bis unter 15 Jahre,f,24952
03241,2017,90 bis unter 95 Jahre,f,6711
03241,2017,90 bis unter 95 Jahre,m,2446
03241,2017,75 bis unter 80 Jahre,m,26164
03241,2017,75 bis unter 80 Jahre,f,33017
07111,2017,50 bis unter 55 Jahre,m,4143
07111,2017,50 bis unter 55 Jahre,f,4117
07111,2017,70 bis unter 75 Jahre,m,2211
07111,2017,70 bis unter 75 Jahre,f,2590
07111,2017,65 bis unter 70 Jahre,m,2869
07111,2017,65 bis unter 70 Jahre,f,3341
07111,2017,85 bis unter 90 Jahre,m,776
07111,2017,85 bis unter 90 Jahre,f,1498
07111,2017,90 bis unter 95 Jahre,m,280
07111,2017,90 bis unter 95 Jahre,f,818
07111,2017,95 Jahre und mehr,m,52
07111,2017,95 Jahre und mehr,f,282
07111,2017,10 bis unter 15 Jahre,m,2286
07111,2017,10 bis unter 15 Jahre,f,2045
07111,2017,25 bis unter 30 Jahre,m,5157
07111,2017,25 bis unter 30 Jahre,f,4773
07111,2017,20 bis unter 25 Jahre,f,4629
07111,2017,20 bis unter 25 Jahre,m,4158
07111,2017,75 bis unter 80 Jahre,f,3286
07111,2017,75 bis unter 80 Jahre,m,2447
07111,2017,55 bis unter 60 Jahre,f,3882
07111,2017,55 bis unter 60 Jahre,m,3772
07111,2017,45 bis unter 50 Jahre,m,3602
07111,2017,45 bis unter 50 Jahre,f,3516
07111,2017,80 bis unter 85 Jahre,m,1679
07111,2017,80 bis unter 85 Jahre,f,2505
07111,2017,unter 5 Jahre,f,2496
07111,2017,unter 5 Jahre,m,2611
07111,2017,40 bis unter 45 Jahre,m,3007
07111,2017,40 bis unter 45 Jahre,f,3040
07111,2017,60 bis unter 65 Jahre,m,3225
07111,2017,60 bis unter 65 Jahre,f,3560
07111,2017,5 bis unter 10 Jahre,f,2184
07111,2017,5 bis unter 10 Jahre,m,2290
07111,2017,35 bis unter 40 Jahre,m,3771
07111,2017,35 bis unter 40 Jahre,f,3369
07111,2017,30 bis unter 35 Jahre,f,4013
07111,2017,30 bis unter 35 Jahre,m,4455
07111,2017,15 bis unter 20 Jahre,m,2581
07111,2017,15 bis unter 20 Jahre,f,2528
05315,2017,20 bis unter 25 Jahre,f,37744
05315,2017,20 bis unter 25 Jahre,m,33960
05315,2017,75 bis unter 80 Jahre,f,24152
05315,2017,75 bis unter 80 Jahre,m,20501
05315,2017,95 Jahre und mehr,f,1218
05315,2017,95 Jahre und mehr,m,293
05315,2017,35 bis unter 40 Jahre,f,41239
05315,2017,35 bis unter 40 Jahre,m,40254
05315,2017,40 bis unter 45 Jahre,f,36170
05315,2017,40 bis unter 45 Jahre,m,36551
05315,2017,55 bis unter 60 Jahre,f,34709
05315,2017,55 bis unter 60 Jahre,m,34808
05315,2017,60 bis unter 65 Jahre,f,29002
05315,2017,60 bis unter 65 Jahre,m,26831
05315,2017,15 bis unter 20 Jahre,m,24447
05315,2017,15 bis unter 20 Jahre,f,23221
05315,2017,unter 5 Jahre,f,26603
05315,2017,unter 5 Jahre,m,27934
05315,2017,65 bis unter 70 Jahre,m,22231
05315,2017,65 bis unter 70 Jahre,f,26375
05315,2017,85 bis unter 90 Jahre,m,5613
05315,2017,85 bis unter 90 Jahre,f,9843
05315,2017,90 bis unter 95 Jahre,m,1722
05315,2017,90 bis unter 95 Jahre,f,4496
05315,2017,5 bis unter 10 Jahre,f,23072
05315,2017,5 bis unter 10 Jahre,m,24461
05315,2017,10 bis unter 15 Jahre,m,23112
05315,2017,10 bis unter 15 Jahre,f,21742
05315,2017,30 bis unter 35 Jahre,f,45435
05315,2017,30 bis unter 35 Jahre,m,43886
05315,2017,45 bis unter 50 Jahre,m,40533
05315,2017,45 bis unter 50 Jahre,f,38726
05315,2017,25 bis unter 30 Jahre,f,48644
05315,2017,25 bis unter 30 Jahre,m,45156
05315,2017,80 bis unter 85 Jahre,m,12895
05315,2017,80 bis unter 85 Jahre,f,17682
05315,2017,50 bis unter 55 Jahre,f,40882
05315,2017,50 bis unter 55 Jahre,m,43215
05315,2017,70 bis unter 75 Jahre,m,18562
05315,2017,70 bis unter 75 Jahre,f,22474
05366,2017,65 bis unter 70 Jahre,f,5990
05366,2017,65 bis unter 70 Jahre,m,5876
05366,2017,10 bis unter 15 Jahre,f,4452
05366,2017,10 bis unter 15 Jahre,m,4629
05366,2017,30 bis unter 35 Jahre,f,5182
05366,2017,30 bis unter 35 Jahre,m,5417
05366,2017,50 bis unter 55 Jahre,f,8986
05366,2017,50 bis unter 55 Jahre,m,8932
05366,2017,85 bis unter 90 Jahre,f,2155
05366,2017,85 bis unter 90 Jahre,m,1229
05366,2017,5 bis unter 10 Jahre,m,4356
05366,2017,5 bis unter 10 Jahre,f,4070
05366,2017,45 bis unter 50 Jahre,f,7191
05366,2017,45 bis unter 50 Jahre,m,6958
05366,2017,70 bis unter 75 Jahre,f,4371
05366,2017,70 bis unter 75 Jahre,m,3904
05366,2017,25 bis unter 30 Jahre,m,5321
05366,2017,25 bis unter 30 Jahre,f,4969
05366,2017,95 Jahre und mehr,f,267
05366,2017,95 Jahre und mehr,m,51
05366,2017,60 bis unter 65 Jahre,m,6809
05366,2017,60 bis unter 65 Jahre,f,6820
05366,2017,55 bis unter 60 Jahre,m,8258
05366,2017,55 bis unter 60 Jahre,f,8331
05366,2017,80 bis unter 85 Jahre,m,2721
05366,2017,80 bis unter 85 Jahre,f,3728
05366,2017,35 bis unter 40 Jahre,m,5264
05366,2017,35 bis unter 40 Jahre,f,5403
05366,2017,90 bis unter 95 Jahre,f,1065
05366,2017,90 bis unter 95 Jahre,m,373
05366,2017,20 bis unter 25 Jahre,f,4685
05366,2017,20 bis unter 25 Jahre,m,5461
05366,2017,75 bis unter 80 Jahre,f,5035
05366,2017,75 bis unter 80 Jahre,m,4236
05366,2017,unter 5 Jahre,f,4220
05366,2017,unter 5 Jahre,m,4352
05366,2017,15 bis unter 20 Jahre,m,5431
05366,2017,15 bis unter 20 Jahre,f,5013
05366,2017,40 bis unter 45 Jahre,m,5217
05366,2017,40 bis unter 45 Jahre,f,5399
09176,2017,20 bis unter 25 Jahre,f,3776
09176,2017,20 bis unter 25 Jahre,m,4492
09176,2017,75 bis unter 80 Jahre,f,2932
09176,2017,75 bis unter 80 Jahre,m,2497
09176,2017,unter 5 Jahre,f,3524
09176,2017,unter 5 Jahre,m,3576
09176,2017,55 bis unter 60 Jahre,f,4963
09176,2017,55 bis unter 60 Jahre,m,5139
09176,2017,35 bis unter 40 Jahre,m,4602
09176,2017,35 bis unter 40 Jahre,f,4273
09176,2017,80 bis unter 85 Jahre,f,2131
09176,2017,80 bis unter 85 Jahre,m,1604
09176,2017,70 bis unter 75 Jahre,m,2139
09176,2017,70 bis unter 75 Jahre,f,2237
09176,2017,40 bis unter 45 Jahre,f,3903
09176,2017,40 bis unter 45 Jahre,m,4440
09176,2017,15 bis unter 20 Jahre,f,3523
09176,2017,15 bis unter 20 Jahre,m,3833
09176,2017,85 bis unter 90 Jahre,m,727
09176,2017,85 bis unter 90 Jahre,f,1254
09176,2017,10 bis unter 15 Jahre,m,3391
09176,2017,10 bis unter 15 Jahre,f,3174
09176,2017,90 bis unter 95 Jahre,m,203
09176,2017,90 bis unter 95 Jahre,f,536
09176,2017,65 bis unter 70 Jahre,m,3275
09176,2017,65 bis unter 70 Jahre,f,3220
09176,2017,95 Jahre und mehr,m,35
09176,2017,95 Jahre und mehr,f,115
09176,2017,5 bis unter 10 Jahre,m,3374
09176,2017,5 bis unter 10 Jahre,f,3108
09176,2017,45 bis unter 50 Jahre,f,4713
09176,2017,45 bis unter 50 Jahre,m,4991
09176,2017,50 bis unter 55 Jahre,f,5335
09176,2017,50 bis unter 55 Jahre,m,5665
09176,2017,25 bis unter 30 Jahre,f,3999
09176,2017,25 bis unter 30 Jahre,m,4533
09176,2017,30 bis unter 35 Jahre,f,4140
09176,2017,30 bis unter 35 Jahre,m,4463
09176,2017,60 bis unter 65 Jahre,m,3950
09176,2017,60 bis unter 65 Jahre,f,3861
05117,2017,30 bis unter 35 Jahre,f,4865
05117,2017,30 bis unter 35 Jahre,m,4908
05117,2017,10 bis unter 15 Jahre,f,3513
05117,2017,10 bis unter 15 Jahre,m,3738
05117,2017,65 bis unter 70 Jahre,f,5353
05117,2017,65 bis unter 70 Jahre,m,4610
05117,2017,50 bis unter 55 Jahre,f,7424
05117,2017,50 bis unter 55 Jahre,m,7244
05117,2017,45 bis unter 50 Jahre,f,6295
05117,2017,45 bis unter 50 Jahre,m,6111
05117,2017,5 bis unter 10 Jahre,m,3826
05117,2017,5 bis unter 10 Jahre,f,3688
05117,2017,25 bis unter 30 Jahre,f,4998
05117,2017,25 bis unter 30 Jahre,m,5446
05117,2017,90 bis unter 95 Jahre,f,1145
05117,2017,90 bis unter 95 Jahre,m,449
05117,2017,95 Jahre und mehr,f,331
05117,2017,95 Jahre und mehr,m,49
05117,2017,60 bis unter 65 Jahre,m,5466
05117,2017,60 bis unter 65 Jahre,f,6006
05117,2017,40 bis unter 45 Jahre,m,4519
05117,2017,40 bis unter 45 Jahre,f,4922
05117,2017,70 bis unter 75 Jahre,f,4589
05117,2017,70 bis unter 75 Jahre,m,3688
05117,2017,35 bis unter 40 Jahre,f,4934
05117,2017,35 bis unter 40 Jahre,m,4868
05117,2017,15 bis unter 20 Jahre,m,4065
05117,2017,15 bis unter 20 Jahre,f,3715
05117,2017,20 bis unter 25 Jahre,f,4193
05117,2017,20 bis unter 25 Jahre,m,4837
05117,2017,55 bis unter 60 Jahre,f,6774
05117,2017,55 bis unter 60 Jahre,m,6507
05117,2017,75 bis unter 80 Jahre,f,5535
05117,2017,75 bis unter 80 Jahre,m,4070
05117,2017,unter 5 Jahre,f,3729
05117,2017,unter 5 Jahre,m,4108
05117,2017,80 bis unter 85 Jahre,f,4216
05117,2017,80 bis unter 85 Jahre,m,2755
05117,2017,85 bis unter 90 Jahre,m,1352
05117,2017,85 bis unter 90 Jahre,f,2424
03153,2017,10 bis unter 15 Jahre,m,2746
03153,2017,10 bis unter 15 Jahre,f,2533
03153,2017,65 bis unter 70 Jahre,m,4485
03153,2017,65 bis unter 70 Jahre,f,4831
03153,2017,30 bis unter 35 Jahre,m,3419
03153,2017,30 bis unter 35 Jahre,f,3283
03153,2017,85 bis unter 90 Jahre,m,1123
03153,2017,85 bis unter 90 Jahre,f,2099
03153,2017,50 bis unter 55 Jahre,f,5804
03153,2017,50 bis unter 55 Jahre,m,5976
03153,2017,70 bis unter 75 Jahre,m,3595
03153,2017,70 bis unter 75 Jahre,f,4062
03153,2017,5 bis unter 10 Jahre,m,2512
03153,2017,5 bis unter 10 Jahre,f,2359
03153,2017,90 bis unter 95 Jahre,f,1127
03153,2017,90 bis unter 95 Jahre,m,417
03153,2017,45 bis unter 50 Jahre,m,5032
03153,2017,45 bis unter 50 Jahre,f,5036
03153,2017,15 bis unter 20 Jahre,f,3091
03153,2017,15 bis unter 20 Jahre,m,3558
03153,2017,unter 5 Jahre,f,2392
03153,2017,unter 5 Jahre,m,2458
03153,2017,75 bis unter 80 Jahre,f,4928
03153,2017,75 bis unter 80 Jahre,m,4062
03153,2017,20 bis unter 25 Jahre,f,3304
03153,2017,20 bis unter 25 Jahre,m,4441
03153,2017,55 bis unter 60 Jahre,m,5455
03153,2017,55 bis unter 60 Jahre,f,5523
03153,2017,95 Jahre und mehr,f,324
03153,2017,95 Jahre und mehr,m,78
03153,2017,40 bis unter 45 Jahre,m,3377
03153,2017,40 bis unter 45 Jahre,f,3466
03153,2017,35 bis unter 40 Jahre,m,3540
03153,2017,35 bis unter 40 Jahre,f,3379
03153,2017,80 bis unter 85 Jahre,f,3705
03153,2017,80 bis unter 85 Jahre,m,2537
03153,2017,60 bis unter 65 Jahre,m,4821
03153,2017,60 bis unter 65 Jahre,f,4948
03153,2017,25 bis unter 30 Jahre,f,3347
03153,2017,25 bis unter 30 Jahre,m,4390
09478,2017,80 bis unter 85 Jahre,f,1480
09478,2017,80 bis unter 85 Jahre,m,1007
09478,2017,35 bis unter 40 Jahre,m,1941
09478,2017,35 bis unter 40 Jahre,f,1920
09478,2017,40 bis unter 45 Jahre,f,1892
09478,2017,40 bis unter 45 Jahre,m,1918
09478,2017,20 bis unter 25 Jahre,m,1928
09478,2017,20 bis unter 25 Jahre,f,1673
09478,2017,unter 5 Jahre,m,1435
09478,2017,unter 5 Jahre,f,1374
09478,2017,15 bis unter 20 Jahre,m,1764
09478,2017,15 bis unter 20 Jahre,f,1584
09478,2017,60 bis unter 65 Jahre,f,2383
09478,2017,60 bis unter 65 Jahre,m,2393
09478,2017,75 bis unter 80 Jahre,f,1950
09478,2017,75 bis unter 80 Jahre,m,1628
09478,2017,55 bis unter 60 Jahre,m,2901
09478,2017,55 bis unter 60 Jahre,f,2902
09478,2017,5 bis unter 10 Jahre,f,1400
09478,2017,5 bis unter 10 Jahre,m,1440
09478,2017,90 bis unter 95 Jahre,m,115
09478,2017,90 bis unter 95 Jahre,f,390
09478,2017,85 bis unter 90 Jahre,m,447
09478,2017,85 bis unter 90 Jahre,f,813
09478,2017,30 bis unter 35 Jahre,f,1754
09478,2017,30 bis unter 35 Jahre,m,1862
09478,2017,10 bis unter 15 Jahre,m,1340
09478,2017,10 bis unter 15 Jahre,f,1390
09478,2017,25 bis unter 30 Jahre,m,1961
09478,2017,25 bis unter 30 Jahre,f,1762
09478,2017,70 bis unter 75 Jahre,f,1505
09478,2017,70 bis unter 75 Jahre,m,1357
09478,2017,45 bis unter 50 Jahre,m,2515
09478,2017,45 bis unter 50 Jahre,f,2491
09478,2017,95 Jahre und mehr,f,86
09478,2017,95 Jahre und mehr,m,15
09478,2017,65 bis unter 70 Jahre,m,1985
09478,2017,65 bis unter 70 Jahre,f,2040
09478,2017,50 bis unter 55 Jahre,f,2987
09478,2017,50 bis unter 55 Jahre,m,3049
09678,2017,50 bis unter 55 Jahre,m,5189
09678,2017,50 bis unter 55 Jahre,f,5158
09678,2017,30 bis unter 35 Jahre,m,3538
09678,2017,30 bis unter 35 Jahre,f,3238
09678,2017,85 bis unter 90 Jahre,m,789
09678,2017,85 bis unter 90 Jahre,f,1347
09678,2017,95 Jahre und mehr,f,107
09678,2017,95 Jahre und mehr,m,27
09678,2017,10 bis unter 15 Jahre,m,2660
09678,2017,10 bis unter 15 Jahre,f,2418
09678,2017,25 bis unter 30 Jahre,m,3507
09678,2017,25 bis unter 30 Jahre,f,3225
09678,2017,90 bis unter 95 Jahre,m,271
09678,2017,90 bis unter 95 Jahre,f,567
09678,2017,70 bis unter 75 Jahre,f,2430
09678,2017,70 bis unter 75 Jahre,m,2298
09678,2017,35 bis unter 40 Jahre,f,3276
09678,2017,35 bis unter 40 Jahre,m,3415
09678,2017,65 bis unter 70 Jahre,m,3472
09678,2017,65 bis unter 70 Jahre,f,3417
09678,2017,75 bis unter 80 Jahre,f,3159
09678,2017,75 bis unter 80 Jahre,m,2609
09678,2017,45 bis unter 50 Jahre,f,4085
09678,2017,45 bis unter 50 Jahre,m,4085
09678,2017,unter 5 Jahre,f,2525
09678,2017,unter 5 Jahre,m,2745
09678,2017,55 bis unter 60 Jahre,f,4843
09678,2017,55 bis unter 60 Jahre,m,5019
09678,2017,80 bis unter 85 Jahre,f,2311
09678,2017,80 bis unter 85 Jahre,m,1787
09678,2017,40 bis unter 45 Jahre,m,3100
09678,2017,40 bis unter 45 Jahre,f,3111
09678,2017,60 bis unter 65 Jahre,m,4151
09678,2017,60 bis unter 65 Jahre,f,4096
09678,2017,15 bis unter 20 Jahre,m,3062
09678,2017,15 bis unter 20 Jahre,f,2964
09678,2017,20 bis unter 25 Jahre,f,2859
09678,2017,20 bis unter 25 Jahre,m,3381
09678,2017,5 bis unter 10 Jahre,m,2552
09678,2017,5 bis unter 10 Jahre,f,2312
05158,2017,40 bis unter 45 Jahre,m,13199
05158,2017,40 bis unter 45 Jahre,f,14072
05158,2017,75 bis unter 80 Jahre,m,12681
05158,2017,75 bis unter 80 Jahre,f,16255
05158,2017,60 bis unter 65 Jahre,m,15337
05158,2017,60 bis unter 65 Jahre,f,16523
05158,2017,55 bis unter 60 Jahre,m,19260
05158,2017,55 bis unter 60 Jahre,f,19866
05158,2017,35 bis unter 40 Jahre,m,13331
05158,2017,35 bis unter 40 Jahre,f,14019
05158,2017,20 bis unter 25 Jahre,m,12490
05158,2017,20 bis unter 25 Jahre,f,11071
05158,2017,80 bis unter 85 Jahre,f,11290
05158,2017,80 bis unter 85 Jahre,m,8510
05158,2017,15 bis unter 20 Jahre,m,12590
05158,2017,15 bis unter 20 Jahre,f,11534
05158,2017,unter 5 Jahre,m,11391
05158,2017,unter 5 Jahre,f,10879
05158,2017,95 Jahre und mehr,f,647
05158,2017,95 Jahre und mehr,m,142
05158,2017,25 bis unter 30 Jahre,f,12172
05158,2017,25 bis unter 30 Jahre,m,12536
05158,2017,30 bis unter 35 Jahre,f,13403
05158,2017,30 bis unter 35 Jahre,m,12738
05158,2017,5 bis unter 10 Jahre,f,10545
05158,2017,5 bis unter 10 Jahre,m,10986
05158,2017,50 bis unter 55 Jahre,f,22060
05158,2017,50 bis unter 55 Jahre,m,21822
05158,2017,85 bis unter 90 Jahre,m,3662
05158,2017,85 bis unter 90 Jahre,f,6163
05158,2017,65 bis unter 70 Jahre,m,13115
05158,2017,65 bis unter 70 Jahre,f,15119
05158,2017,70 bis unter 75 Jahre,f,13344
05158,2017,70 bis unter 75 Jahre,m,10712
05158,2017,90 bis unter 95 Jahre,m,1096
05158,2017,90 bis unter 95 Jahre,f,2623
05158,2017,10 bis unter 15 Jahre,m,11353
05158,2017,10 bis unter 15 Jahre,f,10859
05158,2017,45 bis unter 50 Jahre,f,18381
05158,2017,45 bis unter 50 Jahre,m,17633
05154,2017,35 bis unter 40 Jahre,f,8576
05154,2017,35 bis unter 40 Jahre,m,9152
05154,2017,unter 5 Jahre,f,6800
05154,2017,unter 5 Jahre,m,7141
05154,2017,55 bis unter 60 Jahre,f,12566
05154,2017,55 bis unter 60 Jahre,m,12734
05154,2017,20 bis unter 25 Jahre,f,8616
05154,2017,20 bis unter 25 Jahre,m,9970
05154,2017,15 bis unter 20 Jahre,f,7954
05154,2017,15 bis unter 20 Jahre,m,8760
05154,2017,75 bis unter 80 Jahre,f,7860
05154,2017,75 bis unter 80 Jahre,m,6494
05154,2017,60 bis unter 65 Jahre,f,10566
05154,2017,60 bis unter 65 Jahre,m,10502
05154,2017,90 bis unter 95 Jahre,m,509
05154,2017,90 bis unter 95 Jahre,f,1570
05154,2017,10 bis unter 15 Jahre,m,7523
05154,2017,10 bis unter 15 Jahre,f,7108
05154,2017,65 bis unter 70 Jahre,m,8946
05154,2017,65 bis unter 70 Jahre,f,9218
05154,2017,30 bis unter 35 Jahre,m,9549
05154,2017,30 bis unter 35 Jahre,f,8826
05154,2017,85 bis unter 90 Jahre,m,1807
05154,2017,85 bis unter 90 Jahre,f,3470
05154,2017,40 bis unter 45 Jahre,f,8608
05154,2017,40 bis unter 45 Jahre,m,8609
05154,2017,5 bis unter 10 Jahre,f,6633
05154,2017,5 bis unter 10 Jahre,m,7083
05154,2017,95 Jahre und mehr,m,80
05154,2017,95 Jahre und mehr,f,361
05154,2017,45 bis unter 50 Jahre,f,11717
05154,2017,45 bis unter 50 Jahre,m,11636
05154,2017,80 bis unter 85 Jahre,m,4096
05154,2017,80 bis unter 85 Jahre,f,5839
05154,2017,50 bis unter 55 Jahre,f,14018
05154,2017,50 bis unter 55 Jahre,m,14160
05154,2017,25 bis unter 30 Jahre,f,9039
05154,2017,25 bis unter 30 Jahre,m,10104
05154,2017,70 bis unter 75 Jahre,m,6234
05154,2017,70 bis unter 75 Jahre,f,6836
03103,2017,85 bis unter 90 Jahre,m,905
03103,2017,85 bis unter 90 Jahre,f,1567
03103,2017,50 bis unter 55 Jahre,m,4819
03103,2017,50 bis unter 55 Jahre,f,4734
03103,2017,70 bis unter 75 Jahre,m,2379
03103,2017,70 bis unter 75 Jahre,f,2886
03103,2017,10 bis unter 15 Jahre,m,2614
03103,2017,10 bis unter 15 Jahre,f,2497
03103,2017,30 bis unter 35 Jahre,m,4690
03103,2017,30 bis unter 35 Jahre,f,4226
03103,2017,90 bis unter 95 Jahre,f,668
03103,2017,90 bis unter 95 Jahre,m,300
03103,2017,45 bis unter 50 Jahre,m,4128
03103,2017,45 bis unter 50 Jahre,f,4160
03103,2017,15 bis unter 20 Jahre,f,2594
03103,2017,15 bis unter 20 Jahre,m,2906
03103,2017,20 bis unter 25 Jahre,f,3058
03103,2017,20 bis unter 25 Jahre,m,3450
03103,2017,65 bis unter 70 Jahre,f,3424
03103,2017,65 bis unter 70 Jahre,m,3191
03103,2017,55 bis unter 60 Jahre,f,4501
03103,2017,55 bis unter 60 Jahre,m,4462
03103,2017,unter 5 Jahre,f,3032
03103,2017,unter 5 Jahre,m,3271
03103,2017,75 bis unter 80 Jahre,f,3929
03103,2017,75 bis unter 80 Jahre,m,3094
03103,2017,95 Jahre und mehr,f,148
03103,2017,95 Jahre und mehr,m,54
03103,2017,60 bis unter 65 Jahre,m,3628
03103,2017,60 bis unter 65 Jahre,f,3906
03103,2017,80 bis unter 85 Jahre,m,2166
03103,2017,80 bis unter 85 Jahre,f,2960
03103,2017,5 bis unter 10 Jahre,f,2645
03103,2017,5 bis unter 10 Jahre,m,2836
03103,2017,35 bis unter 40 Jahre,m,4302
03103,2017,35 bis unter 40 Jahre,f,4003
03103,2017,40 bis unter 45 Jahre,f,3370
03103,2017,40 bis unter 45 Jahre,m,3705
03103,2017,25 bis unter 30 Jahre,m,4659
03103,2017,25 bis unter 30 Jahre,f,4047
05958,2017,95 Jahre und mehr,m,84
05958,2017,95 Jahre und mehr,f,426
05958,2017,50 bis unter 55 Jahre,m,11892
05958,2017,50 bis unter 55 Jahre,f,11485
05958,2017,30 bis unter 35 Jahre,m,7447
05958,2017,30 bis unter 35 Jahre,f,6791
05958,2017,10 bis unter 15 Jahre,m,6552
05958,2017,10 bis unter 15 Jahre,f,6108
05958,2017,15 bis unter 20 Jahre,f,6839
05958,2017,15 bis unter 20 Jahre,m,7769
05958,2017,45 bis unter 50 Jahre,m,10045
05958,2017,45 bis unter 50 Jahre,f,9627
05958,2017,90 bis unter 95 Jahre,f,1582
05958,2017,90 bis unter 95 Jahre,m,566
05958,2017,85 bis unter 90 Jahre,m,1754
05958,2017,85 bis unter 90 Jahre,f,3414
05958,2017,70 bis unter 75 Jahre,m,5279
05958,2017,70 bis unter 75 Jahre,f,5729
05958,2017,55 bis unter 60 Jahre,f,10689
05958,2017,55 bis unter 60 Jahre,m,10959
05958,2017,75 bis unter 80 Jahre,f,7621
05958,2017,75 bis unter 80 Jahre,m,5953
05958,2017,65 bis unter 70 Jahre,f,7623
05958,2017,65 bis unter 70 Jahre,m,7325
05958,2017,20 bis unter 25 Jahre,f,6322
05958,2017,20 bis unter 25 Jahre,m,8047
05958,2017,unter 5 Jahre,f,5506
05958,2017,unter 5 Jahre,m,5675
05958,2017,60 bis unter 65 Jahre,m,9096
05958,2017,60 bis unter 65 Jahre,f,9096
05958,2017,40 bis unter 45 Jahre,m,7142
05958,2017,40 bis unter 45 Jahre,f,7255
05958,2017,80 bis unter 85 Jahre,m,3957
05958,2017,80 bis unter 85 Jahre,f,5726
05958,2017,35 bis unter 40 Jahre,m,7043
05958,2017,35 bis unter 40 Jahre,f,7127
05958,2017,5 bis unter 10 Jahre,f,5272
05958,2017,5 bis unter 10 Jahre,m,5606
05958,2017,25 bis unter 30 Jahre,m,8228
05958,2017,25 bis unter 30 Jahre,f,6934
09177,2017,5 bis unter 10 Jahre,m,3392
09177,2017,5 bis unter 10 Jahre,f,3111
09177,2017,50 bis unter 55 Jahre,f,6276
09177,2017,50 bis unter 55 Jahre,m,6465
09177,2017,30 bis unter 35 Jahre,f,4174
09177,2017,30 bis unter 35 Jahre,m,4248
09177,2017,10 bis unter 15 Jahre,f,3358
09177,2017,10 bis unter 15 Jahre,m,3556
09177,2017,25 bis unter 30 Jahre,f,4069
09177,2017,25 bis unter 30 Jahre,m,4494
09177,2017,90 bis unter 95 Jahre,f,519
09177,2017,90 bis unter 95 Jahre,m,215
09177,2017,45 bis unter 50 Jahre,m,5889
09177,2017,45 bis unter 50 Jahre,f,5554
09177,2017,65 bis unter 70 Jahre,f,3347
09177,2017,65 bis unter 70 Jahre,m,3231
09177,2017,70 bis unter 75 Jahre,m,2330
09177,2017,70 bis unter 75 Jahre,f,2495
09177,2017,60 bis unter 65 Jahre,m,3978
09177,2017,60 bis unter 65 Jahre,f,3881
09177,2017,40 bis unter 45 Jahre,m,4708
09177,2017,40 bis unter 45 Jahre,f,4359
09177,2017,35 bis unter 40 Jahre,f,4626
09177,2017,35 bis unter 40 Jahre,m,4697
09177,2017,15 bis unter 20 Jahre,m,3940
09177,2017,15 bis unter 20 Jahre,f,3726
09177,2017,unter 5 Jahre,m,3580
09177,2017,unter 5 Jahre,f,3337
09177,2017,75 bis unter 80 Jahre,f,2814
09177,2017,75 bis unter 80 Jahre,m,2414
09177,2017,55 bis unter 60 Jahre,f,5077
09177,2017,55 bis unter 60 Jahre,m,5453
09177,2017,20 bis unter 25 Jahre,m,4275
09177,2017,20 bis unter 25 Jahre,f,3797
09177,2017,80 bis unter 85 Jahre,f,2003
09177,2017,80 bis unter 85 Jahre,m,1507
09177,2017,95 Jahre und mehr,f,125
09177,2017,95 Jahre und mehr,m,32
09177,2017,85 bis unter 90 Jahre,m,671
09177,2017,85 bis unter 90 Jahre,f,1161
03454,2017,75 bis unter 80 Jahre,m,6436
03454,2017,75 bis unter 80 Jahre,f,7583
03454,2017,20 bis unter 25 Jahre,m,10558
03454,2017,20 bis unter 25 Jahre,f,8684
03454,2017,55 bis unter 60 Jahre,m,12522
03454,2017,55 bis unter 60 Jahre,f,11999
03454,2017,unter 5 Jahre,m,7987
03454,2017,unter 5 Jahre,f,7728
03454,2017,60 bis unter 65 Jahre,m,10308
03454,2017,60 bis unter 65 Jahre,f,10351
03454,2017,35 bis unter 40 Jahre,m,10223
03454,2017,35 bis unter 40 Jahre,f,9286
03454,2017,40 bis unter 45 Jahre,m,10263
03454,2017,40 bis unter 45 Jahre,f,9231
03454,2017,80 bis unter 85 Jahre,f,5488
03454,2017,80 bis unter 85 Jahre,m,3890
03454,2017,95 Jahre und mehr,m,58
03454,2017,95 Jahre und mehr,f,306
03454,2017,45 bis unter 50 Jahre,f,11806
03454,2017,45 bis unter 50 Jahre,m,12600
03454,2017,25 bis unter 30 Jahre,f,9323
03454,2017,25 bis unter 30 Jahre,m,11151
03454,2017,15 bis unter 20 Jahre,m,10196
03454,2017,15 bis unter 20 Jahre,f,9218
03454,2017,50 bis unter 55 Jahre,m,14184
03454,2017,50 bis unter 55 Jahre,f,13316
03454,2017,70 bis unter 75 Jahre,f,6393
03454,2017,70 bis unter 75 Jahre,m,5970
03454,2017,65 bis unter 70 Jahre,m,8862
03454,2017,65 bis unter 70 Jahre,f,8800
03454,2017,10 bis unter 15 Jahre,m,8563
03454,2017,10 bis unter 15 Jahre,f,8129
03454,2017,85 bis unter 90 Jahre,m,1725
03454,2017,85 bis unter 90 Jahre,f,3286
03454,2017,5 bis unter 10 Jahre,m,7843
03454,2017,5 bis unter 10 Jahre,f,7476
03454,2017,90 bis unter 95 Jahre,f,1303
03454,2017,90 bis unter 95 Jahre,m,471
03454,2017,30 bis unter 35 Jahre,m,10724
03454,2017,30 bis unter 35 Jahre,f,9396
08425,2017,25 bis unter 30 Jahre,m,6433
08425,2017,25 bis unter 30 Jahre,f,5544
08425,2017,70 bis unter 75 Jahre,f,3748
08425,2017,70 bis unter 75 Jahre,m,3575
08425,2017,45 bis unter 50 Jahre,m,7404
08425,2017,45 bis unter 50 Jahre,f,7110
08425,2017,90 bis unter 95 Jahre,f,1008
08425,2017,90 bis unter 95 Jahre,m,393
08425,2017,65 bis unter 70 Jahre,m,5004
08425,2017,65 bis unter 70 Jahre,f,5132
08425,2017,85 bis unter 90 Jahre,m,1189
08425,2017,85 bis unter 90 Jahre,f,2037
08425,2017,10 bis unter 15 Jahre,f,4862
08425,2017,10 bis unter 15 Jahre,m,5154
08425,2017,50 bis unter 55 Jahre,f,8169
08425,2017,50 bis unter 55 Jahre,m,8632
08425,2017,30 bis unter 35 Jahre,m,6246
08425,2017,30 bis unter 35 Jahre,f,5457
08425,2017,5 bis unter 10 Jahre,m,4753
08425,2017,5 bis unter 10 Jahre,f,4530
08425,2017,15 bis unter 20 Jahre,f,5323
08425,2017,15 bis unter 20 Jahre,m,5922
08425,2017,95 Jahre und mehr,f,256
08425,2017,95 Jahre und mehr,m,72
08425,2017,20 bis unter 25 Jahre,f,5157
08425,2017,20 bis unter 25 Jahre,m,6225
08425,2017,75 bis unter 80 Jahre,m,4016
08425,2017,75 bis unter 80 Jahre,f,4753
08425,2017,80 bis unter 85 Jahre,f,3430
08425,2017,80 bis unter 85 Jahre,m,2552
08425,2017,35 bis unter 40 Jahre,m,6124
08425,2017,35 bis unter 40 Jahre,f,5845
08425,2017,40 bis unter 45 Jahre,f,5653
08425,2017,40 bis unter 45 Jahre,m,5889
08425,2017,unter 5 Jahre,m,5010
08425,2017,unter 5 Jahre,f,4689
08425,2017,60 bis unter 65 Jahre,f,6099
08425,2017,60 bis unter 65 Jahre,m,6196
08425,2017,55 bis unter 60 Jahre,m,7612
08425,2017,55 bis unter 60 Jahre,f,7426
03457,2017,15 bis unter 20 Jahre,f,4727
03457,2017,15 bis unter 20 Jahre,m,5160
03457,2017,35 bis unter 40 Jahre,f,4549
03457,2017,35 bis unter 40 Jahre,m,4970
03457,2017,20 bis unter 25 Jahre,f,4551
03457,2017,20 bis unter 25 Jahre,m,5074
03457,2017,unter 5 Jahre,f,3725
03457,2017,unter 5 Jahre,m,4012
03457,2017,95 Jahre und mehr,f,177
03457,2017,95 Jahre und mehr,m,39
03457,2017,60 bis unter 65 Jahre,f,5541
03457,2017,60 bis unter 65 Jahre,m,5418
03457,2017,90 bis unter 95 Jahre,m,290
03457,2017,90 bis unter 95 Jahre,f,792
03457,2017,75 bis unter 80 Jahre,f,4483
03457,2017,75 bis unter 80 Jahre,m,3798
03457,2017,10 bis unter 15 Jahre,m,4212
03457,2017,10 bis unter 15 Jahre,f,4130
03457,2017,65 bis unter 70 Jahre,m,5080
03457,2017,65 bis unter 70 Jahre,f,5158
03457,2017,30 bis unter 35 Jahre,m,5161
03457,2017,30 bis unter 35 Jahre,f,4508
03457,2017,40 bis unter 45 Jahre,f,4653
03457,2017,40 bis unter 45 Jahre,m,4781
03457,2017,85 bis unter 90 Jahre,m,958
03457,2017,85 bis unter 90 Jahre,f,1769
03457,2017,5 bis unter 10 Jahre,f,3694
03457,2017,5 bis unter 10 Jahre,m,3848
03457,2017,25 bis unter 30 Jahre,f,4678
03457,2017,25 bis unter 30 Jahre,m,5172
03457,2017,45 bis unter 50 Jahre,f,6476
03457,2017,45 bis unter 50 Jahre,m,6531
03457,2017,80 bis unter 85 Jahre,m,2254
03457,2017,80 bis unter 85 Jahre,f,3155
03457,2017,50 bis unter 55 Jahre,f,7294
03457,2017,50 bis unter 55 Jahre,m,7445
03457,2017,55 bis unter 60 Jahre,m,6389
03457,2017,55 bis unter 60 Jahre,f,6586
03457,2017,70 bis unter 75 Jahre,f,4003
03457,2017,70 bis unter 75 Jahre,m,3705
09479,2017,10 bis unter 15 Jahre,m,1484
09479,2017,10 bis unter 15 Jahre,f,1481
09479,2017,65 bis unter 70 Jahre,m,2401
09479,2017,65 bis unter 70 Jahre,f,2619
09479,2017,30 bis unter 35 Jahre,m,1852
09479,2017,30 bis unter 35 Jahre,f,1793
09479,2017,85 bis unter 90 Jahre,m,606
09479,2017,85 bis unter 90 Jahre,f,1262
09479,2017,50 bis unter 55 Jahre,m,3183
09479,2017,50 bis unter 55 Jahre,f,3241
09479,2017,25 bis unter 30 Jahre,m,1987
09479,2017,25 bis unter 30 Jahre,f,1704
09479,2017,45 bis unter 50 Jahre,m,2646
09479,2017,45 bis unter 50 Jahre,f,2633
09479,2017,90 bis unter 95 Jahre,f,491
09479,2017,90 bis unter 95 Jahre,m,164
09479,2017,5 bis unter 10 Jahre,m,1447
09479,2017,5 bis unter 10 Jahre,f,1317
09479,2017,95 Jahre und mehr,m,30
09479,2017,95 Jahre und mehr,f,124
09479,2017,35 bis unter 40 Jahre,f,1882
09479,2017,35 bis unter 40 Jahre,m,1910
09479,2017,unter 5 Jahre,f,1363
09479,2017,unter 5 Jahre,m,1477
09479,2017,55 bis unter 60 Jahre,f,3191
09479,2017,55 bis unter 60 Jahre,m,3295
09479,2017,70 bis unter 75 Jahre,m,1818
09479,2017,70 bis unter 75 Jahre,f,2031
09479,2017,80 bis unter 85 Jahre,f,2008
09479,2017,80 bis unter 85 Jahre,m,1197
09479,2017,60 bis unter 65 Jahre,m,2647
09479,2017,60 bis unter 65 Jahre,f,2716
09479,2017,75 bis unter 80 Jahre,m,1964
09479,2017,75 bis unter 80 Jahre,f,2557
09479,2017,20 bis unter 25 Jahre,m,1969
09479,2017,20 bis unter 25 Jahre,f,1725
09479,2017,15 bis unter 20 Jahre,m,1929
09479,2017,15 bis unter 20 Jahre,f,1627
09479,2017,40 bis unter 45 Jahre,m,1812
09479,2017,40 bis unter 45 Jahre,f,1902
03154,2017,40 bis unter 45 Jahre,m,2572
03154,2017,40 bis unter 45 Jahre,f,2458
03154,2017,75 bis unter 80 Jahre,m,2273
03154,2017,75 bis unter 80 Jahre,f,2698
03154,2017,60 bis unter 65 Jahre,m,3250
03154,2017,60 bis unter 65 Jahre,f,3251
03154,2017,20 bis unter 25 Jahre,m,2346
03154,2017,20 bis unter 25 Jahre,f,2018
03154,2017,55 bis unter 60 Jahre,m,3957
03154,2017,55 bis unter 60 Jahre,f,3892
03154,2017,80 bis unter 85 Jahre,m,1402
03154,2017,80 bis unter 85 Jahre,f,2143
03154,2017,95 Jahre und mehr,m,53
03154,2017,95 Jahre und mehr,f,164
03154,2017,45 bis unter 50 Jahre,f,3304
03154,2017,45 bis unter 50 Jahre,m,3377
03154,2017,35 bis unter 40 Jahre,f,2650
03154,2017,35 bis unter 40 Jahre,m,2689
03154,2017,25 bis unter 30 Jahre,f,2296
03154,2017,25 bis unter 30 Jahre,m,2550
03154,2017,15 bis unter 20 Jahre,m,2371
03154,2017,15 bis unter 20 Jahre,f,2125
03154,2017,70 bis unter 75 Jahre,f,2175
03154,2017,70 bis unter 75 Jahre,m,2021
03154,2017,85 bis unter 90 Jahre,m,630
03154,2017,85 bis unter 90 Jahre,f,1244
03154,2017,50 bis unter 55 Jahre,m,4201
03154,2017,50 bis unter 55 Jahre,f,4135
03154,2017,65 bis unter 70 Jahre,m,2831
03154,2017,65 bis unter 70 Jahre,f,2869
03154,2017,90 bis unter 95 Jahre,m,197
03154,2017,90 bis unter 95 Jahre,f,619
03154,2017,5 bis unter 10 Jahre,m,1890
03154,2017,5 bis unter 10 Jahre,f,1801
03154,2017,unter 5 Jahre,f,1984
03154,2017,unter 5 Jahre,m,2063
03154,2017,30 bis unter 35 Jahre,m,2677
03154,2017,30 bis unter 35 Jahre,f,2524
03154,2017,10 bis unter 15 Jahre,f,1903
03154,2017,10 bis unter 15 Jahre,m,2117
07337,2017,5 bis unter 10 Jahre,f,2218
07337,2017,5 bis unter 10 Jahre,m,2427
07337,2017,30 bis unter 35 Jahre,f,2922
07337,2017,30 bis unter 35 Jahre,m,2911
07337,2017,60 bis unter 65 Jahre,m,4104
07337,2017,60 bis unter 65 Jahre,f,4087
07337,2017,85 bis unter 90 Jahre,f,1394
07337,2017,85 bis unter 90 Jahre,m,754
07337,2017,45 bis unter 50 Jahre,f,4194
07337,2017,45 bis unter 50 Jahre,m,4016
07337,2017,75 bis unter 80 Jahre,m,2639
07337,2017,75 bis unter 80 Jahre,f,3129
07337,2017,20 bis unter 25 Jahre,m,2875
07337,2017,20 bis unter 25 Jahre,f,2539
07337,2017,70 bis unter 75 Jahre,f,2507
07337,2017,70 bis unter 75 Jahre,m,2327
07337,2017,25 bis unter 30 Jahre,m,2933
07337,2017,25 bis unter 30 Jahre,f,2812
07337,2017,15 bis unter 20 Jahre,m,2899
07337,2017,15 bis unter 20 Jahre,f,2694
07337,2017,40 bis unter 45 Jahre,f,3099
07337,2017,40 bis unter 45 Jahre,m,2944
07337,2017,50 bis unter 55 Jahre,f,5200
07337,2017,50 bis unter 55 Jahre,m,5202
07337,2017,95 Jahre und mehr,m,36
07337,2017,95 Jahre und mehr,f,118
07337,2017,90 bis unter 95 Jahre,m,194
07337,2017,90 bis unter 95 Jahre,f,568
07337,2017,35 bis unter 40 Jahre,f,3018
07337,2017,35 bis unter 40 Jahre,m,3099
07337,2017,55 bis unter 60 Jahre,f,4864
07337,2017,55 bis unter 60 Jahre,m,4877
07337,2017,unter 5 Jahre,m,2465
07337,2017,unter 5 Jahre,f,2325
07337,2017,10 bis unter 15 Jahre,m,2494
07337,2017,10 bis unter 15 Jahre,f,2254
07337,2017,80 bis unter 85 Jahre,f,2308
07337,2017,80 bis unter 85 Jahre,m,1740
07337,2017,65 bis unter 70 Jahre,m,3629
07337,2017,65 bis unter 70 Jahre,f,3807
06531,2017,85 bis unter 90 Jahre,m,1639
06531,2017,85 bis unter 90 Jahre,f,2764
06531,2017,50 bis unter 55 Jahre,m,10287
06531,2017,50 bis unter 55 Jahre,f,10563
06531,2017,30 bis unter 35 Jahre,m,9311
06531,2017,30 bis unter 35 Jahre,f,8405
06531,2017,10 bis unter 15 Jahre,m,5729
06531,2017,10 bis unter 15 Jahre,f,5478
06531,2017,90 bis unter 95 Jahre,f,1381
06531,2017,90 bis unter 95 Jahre,m,546
06531,2017,45 bis unter 50 Jahre,m,8574
06531,2017,45 bis unter 50 Jahre,f,8822
06531,2017,15 bis unter 20 Jahre,f,6686
06531,2017,15 bis unter 20 Jahre,m,7067
06531,2017,95 Jahre und mehr,m,80
06531,2017,95 Jahre und mehr,f,339
06531,2017,70 bis unter 75 Jahre,m,4829
06531,2017,70 bis unter 75 Jahre,f,5383
06531,2017,55 bis unter 60 Jahre,f,9866
06531,2017,55 bis unter 60 Jahre,m,9854
06531,2017,25 bis unter 30 Jahre,f,10791
06531,2017,25 bis unter 30 Jahre,m,11234
06531,2017,5 bis unter 10 Jahre,m,5745
06531,2017,5 bis unter 10 Jahre,f,5478
06531,2017,60 bis unter 65 Jahre,f,8509
06531,2017,60 bis unter 65 Jahre,m,8023
06531,2017,35 bis unter 40 Jahre,f,7768
06531,2017,35 bis unter 40 Jahre,m,8218
06531,2017,40 bis unter 45 Jahre,m,7032
06531,2017,40 bis unter 45 Jahre,f,7193
06531,2017,80 bis unter 85 Jahre,m,3408
06531,2017,80 bis unter 85 Jahre,f,4780
06531,2017,75 bis unter 80 Jahre,m,5337
06531,2017,75 bis unter 80 Jahre,f,6341
06531,2017,20 bis unter 25 Jahre,m,11084
06531,2017,20 bis unter 25 Jahre,f,11893
06531,2017,65 bis unter 70 Jahre,f,7475
06531,2017,65 bis unter 70 Jahre,m,7052
06531,2017,unter 5 Jahre,f,5869
06531,2017,unter 5 Jahre,m,6223
09563,2017,70 bis unter 75 Jahre,m,2419
09563,2017,70 bis unter 75 Jahre,f,2850
09563,2017,85 bis unter 90 Jahre,m,638
09563,2017,85 bis unter 90 Jahre,f,1278
09563,2017,30 bis unter 35 Jahre,m,4718
09563,2017,30 bis unter 35 Jahre,f,4552
09563,2017,65 bis unter 70 Jahre,m,2795
09563,2017,65 bis unter 70 Jahre,f,3337
09563,2017,50 bis unter 55 Jahre,m,5321
09563,2017,50 bis unter 55 Jahre,f,5323
09563,2017,45 bis unter 50 Jahre,m,4701
09563,2017,45 bis unter 50 Jahre,f,4833
09563,2017,10 bis unter 15 Jahre,m,2724
09563,2017,10 bis unter 15 Jahre,f,2570
09563,2017,95 Jahre und mehr,m,47
09563,2017,95 Jahre und mehr,f,142
09563,2017,75 bis unter 80 Jahre,f,3098
09563,2017,75 bis unter 80 Jahre,m,2288
09563,2017,55 bis unter 60 Jahre,f,4795
09563,2017,55 bis unter 60 Jahre,m,4654
09563,2017,unter 5 Jahre,f,3124
09563,2017,unter 5 Jahre,m,3307
09563,2017,20 bis unter 25 Jahre,f,3594
09563,2017,20 bis unter 25 Jahre,m,3866
09563,2017,90 bis unter 95 Jahre,f,529
09563,2017,90 bis unter 95 Jahre,m,179
09563,2017,60 bis unter 65 Jahre,m,3664
09563,2017,60 bis unter 65 Jahre,f,3830
09563,2017,80 bis unter 85 Jahre,m,1359
09563,2017,80 bis unter 85 Jahre,f,2157
09563,2017,5 bis unter 10 Jahre,f,2492
09563,2017,5 bis unter 10 Jahre,m,2845
09563,2017,35 bis unter 40 Jahre,m,4518
09563,2017,35 bis unter 40 Jahre,f,4630
09563,2017,40 bis unter 45 Jahre,f,4145
09563,2017,40 bis unter 45 Jahre,m,4089
09563,2017,25 bis unter 30 Jahre,m,4639
09563,2017,25 bis unter 30 Jahre,f,4444
09563,2017,15 bis unter 20 Jahre,f,2841
09563,2017,15 bis unter 20 Jahre,m,3191
09477,2017,30 bis unter 35 Jahre,f,1726
09477,2017,30 bis unter 35 Jahre,m,1915
09477,2017,85 bis unter 90 Jahre,f,1062
09477,2017,85 bis unter 90 Jahre,m,497
09477,2017,5 bis unter 10 Jahre,m,1396
09477,2017,5 bis unter 10 Jahre,f,1367
09477,2017,50 bis unter 55 Jahre,f,3139
09477,2017,50 bis unter 55 Jahre,m,3327
09477,2017,10 bis unter 15 Jahre,f,1463
09477,2017,10 bis unter 15 Jahre,m,1591
09477,2017,25 bis unter 30 Jahre,f,1678
09477,2017,25 bis unter 30 Jahre,m,1995
09477,2017,90 bis unter 95 Jahre,f,473
09477,2017,90 bis unter 95 Jahre,m,176
09477,2017,45 bis unter 50 Jahre,m,2754
09477,2017,45 bis unter 50 Jahre,f,2869
09477,2017,95 Jahre und mehr,f,95
09477,2017,95 Jahre und mehr,m,27
09477,2017,65 bis unter 70 Jahre,f,2497
09477,2017,65 bis unter 70 Jahre,m,2333
09477,2017,60 bis unter 65 Jahre,m,2618
09477,2017,60 bis unter 65 Jahre,f,2729
09477,2017,70 bis unter 75 Jahre,m,1615
09477,2017,70 bis unter 75 Jahre,f,1764
09477,2017,40 bis unter 45 Jahre,m,2007
09477,2017,40 bis unter 45 Jahre,f,2116
09477,2017,35 bis unter 40 Jahre,f,1988
09477,2017,35 bis unter 40 Jahre,m,1964
09477,2017,15 bis unter 20 Jahre,m,2020
09477,2017,15 bis unter 20 Jahre,f,1673
09477,2017,55 bis unter 60 Jahre,f,3150
09477,2017,55 bis unter 60 Jahre,m,3178
09477,2017,75 bis unter 80 Jahre,f,2125
09477,2017,75 bis unter 80 Jahre,m,1697
09477,2017,80 bis unter 85 Jahre,f,1720
09477,2017,80 bis unter 85 Jahre,m,1067
09477,2017,unter 5 Jahre,f,1273
09477,2017,unter 5 Jahre,m,1293
09477,2017,20 bis unter 25 Jahre,m,1924
09477,2017,20 bis unter 25 Jahre,f,1711
09261,2017,65 bis unter 70 Jahre,m,1704
09261,2017,65 bis unter 70 Jahre,f,2045
09261,2017,10 bis unter 15 Jahre,m,1490
09261,2017,10 bis unter 15 Jahre,f,1376
09261,2017,90 bis unter 95 Jahre,f,443
09261,2017,90 bis unter 95 Jahre,m,149
09261,2017,45 bis unter 50 Jahre,m,2658
09261,2017,45 bis unter 50 Jahre,f,2531
09261,2017,85 bis unter 90 Jahre,m,432
09261,2017,85 bis unter 90 Jahre,f,853
09261,2017,30 bis unter 35 Jahre,f,2457
09261,2017,30 bis unter 35 Jahre,m,2587
09261,2017,25 bis unter 30 Jahre,m,2832
09261,2017,25 bis unter 30 Jahre,f,2721
09261,2017,50 bis unter 55 Jahre,m,2816
09261,2017,50 bis unter 55 Jahre,f,2676
09261,2017,95 Jahre und mehr,f,149
09261,2017,95 Jahre und mehr,m,35
09261,2017,70 bis unter 75 Jahre,f,1805
09261,2017,70 bis unter 75 Jahre,m,1404
09261,2017,55 bis unter 60 Jahre,f,2510
09261,2017,55 bis unter 60 Jahre,m,2297
09261,2017,75 bis unter 80 Jahre,f,1872
09261,2017,75 bis unter 80 Jahre,m,1492
09261,2017,80 bis unter 85 Jahre,m,915
09261,2017,80 bis unter 85 Jahre,f,1360
09261,2017,unter 5 Jahre,f,1592
09261,2017,unter 5 Jahre,m,1635
09261,2017,35 bis unter 40 Jahre,m,2369
09261,2017,35 bis unter 40 Jahre,f,2369
09261,2017,40 bis unter 45 Jahre,m,2343
09261,2017,40 bis unter 45 Jahre,f,2339
09261,2017,15 bis unter 20 Jahre,m,1707
09261,2017,15 bis unter 20 Jahre,f,1537
09261,2017,60 bis unter 65 Jahre,f,2199
09261,2017,60 bis unter 65 Jahre,m,1884
09261,2017,20 bis unter 25 Jahre,m,2326
09261,2017,20 bis unter 25 Jahre,f,2221
09261,2017,5 bis unter 10 Jahre,f,1521
09261,2017,5 bis unter 10 Jahre,m,1542
03159,2017,35 bis unter 40 Jahre,m,8935
03159,2017,35 bis unter 40 Jahre,f,9015
03159,2017,80 bis unter 85 Jahre,f,6863
03159,2017,80 bis unter 85 Jahre,m,4954
03159,2017,15 bis unter 20 Jahre,m,8897
03159,2017,15 bis unter 20 Jahre,f,8095
03159,2017,60 bis unter 65 Jahre,f,11052
03159,2017,60 bis unter 65 Jahre,m,10601
03159,2017,55 bis unter 60 Jahre,m,12687
03159,2017,55 bis unter 60 Jahre,f,12728
03159,2017,75 bis unter 80 Jahre,f,9243
03159,2017,75 bis unter 80 Jahre,m,7790
03159,2017,40 bis unter 45 Jahre,m,8333
03159,2017,40 bis unter 45 Jahre,f,8728
03159,2017,unter 5 Jahre,m,6999
03159,2017,unter 5 Jahre,f,6581
03159,2017,20 bis unter 25 Jahre,f,11381
03159,2017,20 bis unter 25 Jahre,m,11843
03159,2017,5 bis unter 10 Jahre,f,6311
03159,2017,5 bis unter 10 Jahre,m,6769
03159,2017,25 bis unter 30 Jahre,f,11273
03159,2017,25 bis unter 30 Jahre,m,12059
03159,2017,85 bis unter 90 Jahre,m,2278
03159,2017,85 bis unter 90 Jahre,f,4061
03159,2017,95 Jahre und mehr,f,590
03159,2017,95 Jahre und mehr,m,131
03159,2017,30 bis unter 35 Jahre,m,10150
03159,2017,30 bis unter 35 Jahre,f,9691
03159,2017,70 bis unter 75 Jahre,f,7804
03159,2017,70 bis unter 75 Jahre,m,7188
03159,2017,10 bis unter 15 Jahre,m,7086
03159,2017,10 bis unter 15 Jahre,f,6751
03159,2017,50 bis unter 55 Jahre,f,13451
03159,2017,50 bis unter 55 Jahre,m,13109
03159,2017,45 bis unter 50 Jahre,f,11196
03159,2017,45 bis unter 50 Jahre,m,11052
03159,2017,65 bis unter 70 Jahre,m,9558
03159,2017,65 bis unter 70 Jahre,f,9886
03159,2017,90 bis unter 95 Jahre,m,790
03159,2017,90 bis unter 95 Jahre,f,2127
05111,2017,60 bis unter 65 Jahre,f,17658
05111,2017,60 bis unter 65 Jahre,m,16024
05111,2017,15 bis unter 20 Jahre,m,13015
05111,2017,15 bis unter 20 Jahre,f,12109
05111,2017,75 bis unter 80 Jahre,f,16310
05111,2017,75 bis unter 80 Jahre,m,12415
05111,2017,80 bis unter 85 Jahre,f,11829
05111,2017,80 bis unter 85 Jahre,m,8003
05111,2017,35 bis unter 40 Jahre,m,22791
05111,2017,35 bis unter 40 Jahre,f,22624
05111,2017,55 bis unter 60 Jahre,m,20459
05111,2017,55 bis unter 60 Jahre,f,20920
05111,2017,40 bis unter 45 Jahre,m,20224
05111,2017,40 bis unter 45 Jahre,f,20063
05111,2017,20 bis unter 25 Jahre,f,17715
05111,2017,20 bis unter 25 Jahre,m,16184
05111,2017,unter 5 Jahre,m,16054
05111,2017,unter 5 Jahre,f,15217
05111,2017,5 bis unter 10 Jahre,f,13183
05111,2017,5 bis unter 10 Jahre,m,14159
05111,2017,25 bis unter 30 Jahre,f,26012
05111,2017,25 bis unter 30 Jahre,m,23137
05111,2017,85 bis unter 90 Jahre,m,3674
05111,2017,85 bis unter 90 Jahre,f,6672
05111,2017,30 bis unter 35 Jahre,m,24722
05111,2017,30 bis unter 35 Jahre,f,25835
05111,2017,50 bis unter 55 Jahre,f,23700
05111,2017,50 bis unter 55 Jahre,m,25160
05111,2017,70 bis unter 75 Jahre,f,14292
05111,2017,70 bis unter 75 Jahre,m,11213
05111,2017,65 bis unter 70 Jahre,f,16130
05111,2017,65 bis unter 70 Jahre,m,13698
05111,2017,10 bis unter 15 Jahre,m,12862
05111,2017,10 bis unter 15 Jahre,f,12183
05111,2017,45 bis unter 50 Jahre,f,22229
05111,2017,45 bis unter 50 Jahre,m,23168
05111,2017,95 Jahre und mehr,f,986
05111,2017,95 Jahre und mehr,m,230
05111,2017,90 bis unter 95 Jahre,m,1138
05111,2017,90 bis unter 95 Jahre,f,3283
03453,2017,25 bis unter 30 Jahre,m,5941
03453,2017,25 bis unter 30 Jahre,f,5185
03453,2017,70 bis unter 75 Jahre,f,2565
03453,2017,70 bis unter 75 Jahre,m,2477
03453,2017,50 bis unter 55 Jahre,f,6732
03453,2017,50 bis unter 55 Jahre,m,7183
03453,2017,5 bis unter 10 Jahre,m,4541
03453,2017,5 bis unter 10 Jahre,f,4365
03453,2017,10 bis unter 15 Jahre,m,5015
03453,2017,10 bis unter 15 Jahre,f,4673
03453,2017,30 bis unter 35 Jahre,f,4968
03453,2017,30 bis unter 35 Jahre,m,5683
03453,2017,65 bis unter 70 Jahre,f,3935
03453,2017,65 bis unter 70 Jahre,m,3967
03453,2017,95 Jahre und mehr,f,186
03453,2017,95 Jahre und mehr,m,24
03453,2017,85 bis unter 90 Jahre,m,852
03453,2017,85 bis unter 90 Jahre,f,1578
03453,2017,45 bis unter 50 Jahre,m,6371
03453,2017,45 bis unter 50 Jahre,f,5985
03453,2017,90 bis unter 95 Jahre,f,681
03453,2017,90 bis unter 95 Jahre,m,223
03453,2017,80 bis unter 85 Jahre,m,1771
03453,2017,80 bis unter 85 Jahre,f,2660
03453,2017,20 bis unter 25 Jahre,f,5264
03453,2017,20 bis unter 25 Jahre,m,5898
03453,2017,75 bis unter 80 Jahre,f,3556
03453,2017,75 bis unter 80 Jahre,m,2731
03453,2017,unter 5 Jahre,m,4714
03453,2017,unter 5 Jahre,f,4546
03453,2017,35 bis unter 40 Jahre,m,5297
03453,2017,35 bis unter 40 Jahre,f,4933
03453,2017,60 bis unter 65 Jahre,f,4903
03453,2017,60 bis unter 65 Jahre,m,4950
03453,2017,15 bis unter 20 Jahre,m,5847
03453,2017,15 bis unter 20 Jahre,f,5275
03453,2017,55 bis unter 60 Jahre,m,6334
03453,2017,55 bis unter 60 Jahre,f,6156
03453,2017,40 bis unter 45 Jahre,f,4848
03453,2017,40 bis unter 45 Jahre,m,5112
09175,2017,25 bis unter 30 Jahre,f,3666
09175,2017,25 bis unter 30 Jahre,m,4042
09175,2017,10 bis unter 15 Jahre,f,3436
09175,2017,10 bis unter 15 Jahre,m,3771
09175,2017,65 bis unter 70 Jahre,f,3441
09175,2017,65 bis unter 70 Jahre,m,3089
09175,2017,45 bis unter 50 Jahre,f,5783
09175,2017,45 bis unter 50 Jahre,m,5809
09175,2017,80 bis unter 85 Jahre,m,1832
09175,2017,80 bis unter 85 Jahre,f,2291
09175,2017,30 bis unter 35 Jahre,f,4127
09175,2017,30 bis unter 35 Jahre,m,4147
09175,2017,5 bis unter 10 Jahre,f,3501
09175,2017,5 bis unter 10 Jahre,m,3706
09175,2017,95 Jahre und mehr,m,45
09175,2017,95 Jahre und mehr,f,163
09175,2017,40 bis unter 45 Jahre,m,4751
09175,2017,40 bis unter 45 Jahre,f,4744
09175,2017,35 bis unter 40 Jahre,m,4695
09175,2017,35 bis unter 40 Jahre,f,4861
09175,2017,60 bis unter 65 Jahre,m,3748
09175,2017,60 bis unter 65 Jahre,f,3802
09175,2017,70 bis unter 75 Jahre,f,3112
09175,2017,70 bis unter 75 Jahre,m,2718
09175,2017,50 bis unter 55 Jahre,f,6112
09175,2017,50 bis unter 55 Jahre,m,6374
09175,2017,15 bis unter 20 Jahre,m,4086
09175,2017,15 bis unter 20 Jahre,f,3735
09175,2017,unter 5 Jahre,f,3623
09175,2017,unter 5 Jahre,m,3722
09175,2017,55 bis unter 60 Jahre,f,5088
09175,2017,55 bis unter 60 Jahre,m,5322
09175,2017,85 bis unter 90 Jahre,m,802
09175,2017,85 bis unter 90 Jahre,f,1310
09175,2017,20 bis unter 25 Jahre,m,4288
09175,2017,20 bis unter 25 Jahre,f,3517
09175,2017,90 bis unter 95 Jahre,f,587
09175,2017,90 bis unter 95 Jahre,m,248
09175,2017,75 bis unter 80 Jahre,m,3090
09175,2017,75 bis unter 80 Jahre,f,3616
06435,2017,30 bis unter 35 Jahre,m,12364
06435,2017,30 bis unter 35 Jahre,f,11977
06435,2017,50 bis unter 55 Jahre,m,18267
06435,2017,50 bis unter 55 Jahre,f,18168
06435,2017,65 bis unter 70 Jahre,m,11748
06435,2017,65 bis unter 70 Jahre,f,13070
06435,2017,70 bis unter 75 Jahre,m,8983
06435,2017,70 bis unter 75 Jahre,f,10101
06435,2017,85 bis unter 90 Jahre,m,2651
06435,2017,85 bis unter 90 Jahre,f,4481
06435,2017,90 bis unter 95 Jahre,m,806
06435,2017,90 bis unter 95 Jahre,f,2159
06435,2017,25 bis unter 30 Jahre,m,12657
06435,2017,25 bis unter 30 Jahre,f,11754
06435,2017,10 bis unter 15 Jahre,m,9835
06435,2017,10 bis unter 15 Jahre,f,9442
06435,2017,35 bis unter 40 Jahre,f,12892
06435,2017,35 bis unter 40 Jahre,m,12808
06435,2017,95 Jahre und mehr,f,508
06435,2017,95 Jahre und mehr,m,127
06435,2017,40 bis unter 45 Jahre,f,12760
06435,2017,40 bis unter 45 Jahre,m,12445
06435,2017,60 bis unter 65 Jahre,f,13974
06435,2017,60 bis unter 65 Jahre,m,13175
06435,2017,15 bis unter 20 Jahre,m,11356
06435,2017,15 bis unter 20 Jahre,f,10346
06435,2017,5 bis unter 10 Jahre,m,9552
06435,2017,5 bis unter 10 Jahre,f,9006
06435,2017,unter 5 Jahre,m,9940
06435,2017,unter 5 Jahre,f,9429
06435,2017,20 bis unter 25 Jahre,m,12154
06435,2017,20 bis unter 25 Jahre,f,10417
06435,2017,80 bis unter 85 Jahre,f,7987
06435,2017,80 bis unter 85 Jahre,m,5870
06435,2017,75 bis unter 80 Jahre,m,9514
06435,2017,75 bis unter 80 Jahre,f,11250
06435,2017,45 bis unter 50 Jahre,f,15840
06435,2017,45 bis unter 50 Jahre,m,15765
06435,2017,55 bis unter 60 Jahre,f,16329
06435,2017,55 bis unter 60 Jahre,m,16301
03458,2017,65 bis unter 70 Jahre,f,3783
03458,2017,65 bis unter 70 Jahre,m,3760
03458,2017,30 bis unter 35 Jahre,f,3353
03458,2017,30 bis unter 35 Jahre,m,3412
03458,2017,10 bis unter 15 Jahre,f,3046
03458,2017,10 bis unter 15 Jahre,m,3322
03458,2017,25 bis unter 30 Jahre,f,3069
03458,2017,25 bis unter 30 Jahre,m,3384
03458,2017,5 bis unter 10 Jahre,m,3063
03458,2017,5 bis unter 10 Jahre,f,2836
03458,2017,50 bis unter 55 Jahre,f,6105
03458,2017,50 bis unter 55 Jahre,m,6374
03458,2017,45 bis unter 50 Jahre,f,5319
03458,2017,45 bis unter 50 Jahre,m,5156
03458,2017,70 bis unter 75 Jahre,f,2980
03458,2017,70 bis unter 75 Jahre,m,2726
03458,2017,85 bis unter 90 Jahre,f,1313
03458,2017,85 bis unter 90 Jahre,m,786
03458,2017,60 bis unter 65 Jahre,m,4128
03458,2017,60 bis unter 65 Jahre,f,4225
03458,2017,55 bis unter 60 Jahre,m,5357
03458,2017,55 bis unter 60 Jahre,f,5426
03458,2017,80 bis unter 85 Jahre,m,1801
03458,2017,80 bis unter 85 Jahre,f,2475
03458,2017,90 bis unter 95 Jahre,f,658
03458,2017,90 bis unter 95 Jahre,m,215
03458,2017,35 bis unter 40 Jahre,m,3549
03458,2017,35 bis unter 40 Jahre,f,3649
03458,2017,unter 5 Jahre,f,2884
03458,2017,unter 5 Jahre,m,2924
03458,2017,75 bis unter 80 Jahre,f,3457
03458,2017,75 bis unter 80 Jahre,m,3088
03458,2017,20 bis unter 25 Jahre,f,3148
03458,2017,20 bis unter 25 Jahre,m,3671
03458,2017,95 Jahre und mehr,f,183
03458,2017,95 Jahre und mehr,m,44
03458,2017,15 bis unter 20 Jahre,m,4039
03458,2017,15 bis unter 20 Jahre,f,3672
03458,2017,40 bis unter 45 Jahre,m,3703
03458,2017,40 bis unter 45 Jahre,f,3841
05711,2017,unter 5 Jahre,f,7901
05711,2017,unter 5 Jahre,m,8263
05711,2017,55 bis unter 60 Jahre,f,11715
05711,2017,55 bis unter 60 Jahre,m,11083
05711,2017,20 bis unter 25 Jahre,f,12025
05711,2017,20 bis unter 25 Jahre,m,10753
05711,2017,95 Jahre und mehr,f,586
05711,2017,95 Jahre und mehr,m,146
05711,2017,75 bis unter 80 Jahre,f,8802
05711,2017,75 bis unter 80 Jahre,m,6719
05711,2017,60 bis unter 65 Jahre,f,10134
05711,2017,60 bis unter 65 Jahre,m,9105
05711,2017,90 bis unter 95 Jahre,m,779
05711,2017,90 bis unter 95 Jahre,f,2053
05711,2017,15 bis unter 20 Jahre,m,9052
05711,2017,15 bis unter 20 Jahre,f,8639
05711,2017,35 bis unter 40 Jahre,f,10515
05711,2017,35 bis unter 40 Jahre,m,10101
05711,2017,85 bis unter 90 Jahre,m,2265
05711,2017,85 bis unter 90 Jahre,f,4180
05711,2017,30 bis unter 35 Jahre,m,11454
05711,2017,30 bis unter 35 Jahre,f,11545
05711,2017,40 bis unter 45 Jahre,m,9595
05711,2017,40 bis unter 45 Jahre,f,9975
05711,2017,10 bis unter 15 Jahre,m,8023
05711,2017,10 bis unter 15 Jahre,f,7606
05711,2017,5 bis unter 10 Jahre,f,7453
05711,2017,5 bis unter 10 Jahre,m,7818
05711,2017,65 bis unter 70 Jahre,f,8670
05711,2017,65 bis unter 70 Jahre,m,7653
05711,2017,25 bis unter 30 Jahre,f,12638
05711,2017,25 bis unter 30 Jahre,m,12316
05711,2017,50 bis unter 55 Jahre,f,12568
05711,2017,50 bis unter 55 Jahre,m,12991
05711,2017,45 bis unter 50 Jahre,f,11346
05711,2017,45 bis unter 50 Jahre,m,11641
05711,2017,70 bis unter 75 Jahre,f,6957
05711,2017,70 bis unter 75 Jahre,m,5870
05711,2017,80 bis unter 85 Jahre,m,4640
05711,2017,80 bis unter 85 Jahre,f,6977
05770,2017,15 bis unter 20 Jahre,m,8940
05770,2017,15 bis unter 20 Jahre,f,8301
05770,2017,35 bis unter 40 Jahre,m,8471
05770,2017,35 bis unter 40 Jahre,f,8528
05770,2017,80 bis unter 85 Jahre,f,6961
05770,2017,80 bis unter 85 Jahre,m,4739
05770,2017,40 bis unter 45 Jahre,f,8466
05770,2017,40 bis unter 45 Jahre,m,8371
05770,2017,95 Jahre und mehr,m,127
05770,2017,95 Jahre und mehr,f,572
05770,2017,60 bis unter 65 Jahre,f,10551
05770,2017,60 bis unter 65 Jahre,m,10157
05770,2017,unter 5 Jahre,m,7581
05770,2017,unter 5 Jahre,f,7024
05770,2017,20 bis unter 25 Jahre,m,9279
05770,2017,20 bis unter 25 Jahre,f,7905
05770,2017,75 bis unter 80 Jahre,f,8768
05770,2017,75 bis unter 80 Jahre,m,7020
05770,2017,55 bis unter 60 Jahre,m,12622
05770,2017,55 bis unter 60 Jahre,f,12788
05770,2017,70 bis unter 75 Jahre,m,5922
05770,2017,70 bis unter 75 Jahre,f,6829
05770,2017,50 bis unter 55 Jahre,m,13468
05770,2017,50 bis unter 55 Jahre,f,13292
05770,2017,45 bis unter 50 Jahre,f,11475
05770,2017,45 bis unter 50 Jahre,m,11175
05770,2017,25 bis unter 30 Jahre,m,9465
05770,2017,25 bis unter 30 Jahre,f,8343
05770,2017,90 bis unter 95 Jahre,f,1994
05770,2017,90 bis unter 95 Jahre,m,795
05770,2017,85 bis unter 90 Jahre,f,4263
05770,2017,85 bis unter 90 Jahre,m,2252
05770,2017,65 bis unter 70 Jahre,m,8599
05770,2017,65 bis unter 70 Jahre,f,9032
05770,2017,10 bis unter 15 Jahre,f,7404
05770,2017,10 bis unter 15 Jahre,m,8097
05770,2017,30 bis unter 35 Jahre,m,9136
05770,2017,30 bis unter 35 Jahre,f,8217
05770,2017,5 bis unter 10 Jahre,m,7293
05770,2017,5 bis unter 10 Jahre,f,6985
08426,2017,75 bis unter 80 Jahre,m,3923
08426,2017,75 bis unter 80 Jahre,f,4618
08426,2017,40 bis unter 45 Jahre,m,6090
08426,2017,40 bis unter 45 Jahre,f,5854
08426,2017,20 bis unter 25 Jahre,m,6069
08426,2017,20 bis unter 25 Jahre,f,5262
08426,2017,unter 5 Jahre,m,5269
08426,2017,unter 5 Jahre,f,4995
08426,2017,60 bis unter 65 Jahre,f,6160
08426,2017,60 bis unter 65 Jahre,m,6299
08426,2017,80 bis unter 85 Jahre,m,2508
08426,2017,80 bis unter 85 Jahre,f,3462
08426,2017,15 bis unter 20 Jahre,m,5972
08426,2017,15 bis unter 20 Jahre,f,5494
08426,2017,55 bis unter 60 Jahre,m,7580
08426,2017,55 bis unter 60 Jahre,f,7572
08426,2017,25 bis unter 30 Jahre,f,5965
08426,2017,25 bis unter 30 Jahre,m,6804
08426,2017,35 bis unter 40 Jahre,f,6038
08426,2017,35 bis unter 40 Jahre,m,6347
08426,2017,45 bis unter 50 Jahre,f,7254
08426,2017,45 bis unter 50 Jahre,m,7518
08426,2017,65 bis unter 70 Jahre,f,5127
08426,2017,65 bis unter 70 Jahre,m,5182
08426,2017,95 Jahre und mehr,f,245
08426,2017,95 Jahre und mehr,m,44
08426,2017,70 bis unter 75 Jahre,f,3591
08426,2017,70 bis unter 75 Jahre,m,3430
08426,2017,30 bis unter 35 Jahre,m,6490
08426,2017,30 bis unter 35 Jahre,f,6090
08426,2017,10 bis unter 15 Jahre,m,5262
08426,2017,10 bis unter 15 Jahre,f,4919
08426,2017,85 bis unter 90 Jahre,m,1119
08426,2017,85 bis unter 90 Jahre,f,1982
08426,2017,90 bis unter 95 Jahre,f,898
08426,2017,90 bis unter 95 Jahre,m,366
08426,2017,50 bis unter 55 Jahre,m,8556
08426,2017,50 bis unter 55 Jahre,f,8129
08426,2017,5 bis unter 10 Jahre,m,5012
08426,2017,5 bis unter 10 Jahre,f,4770
05966,2017,5 bis unter 10 Jahre,f,2797
05966,2017,5 bis unter 10 Jahre,m,3144
05966,2017,25 bis unter 30 Jahre,f,3733
05966,2017,25 bis unter 30 Jahre,m,4072
05966,2017,45 bis unter 50 Jahre,f,5055
05966,2017,45 bis unter 50 Jahre,m,5180
05966,2017,95 Jahre und mehr,f,158
05966,2017,95 Jahre und mehr,m,38
05966,2017,80 bis unter 85 Jahre,m,1776
05966,2017,80 bis unter 85 Jahre,f,2633
05966,2017,65 bis unter 70 Jahre,f,3635
05966,2017,65 bis unter 70 Jahre,m,3662
05966,2017,85 bis unter 90 Jahre,f,1619
05966,2017,85 bis unter 90 Jahre,m,850
05966,2017,40 bis unter 45 Jahre,m,3870
05966,2017,40 bis unter 45 Jahre,f,3899
05966,2017,10 bis unter 15 Jahre,f,3195
05966,2017,10 bis unter 15 Jahre,m,3438
05966,2017,90 bis unter 95 Jahre,f,701
05966,2017,90 bis unter 95 Jahre,m,272
05966,2017,35 bis unter 40 Jahre,m,4084
05966,2017,35 bis unter 40 Jahre,f,3901
05966,2017,55 bis unter 60 Jahre,m,5525
05966,2017,55 bis unter 60 Jahre,f,5433
05966,2017,70 bis unter 75 Jahre,f,2630
05966,2017,70 bis unter 75 Jahre,m,2582
05966,2017,60 bis unter 65 Jahre,m,4522
05966,2017,60 bis unter 65 Jahre,f,4495
05966,2017,15 bis unter 20 Jahre,f,3662
05966,2017,15 bis unter 20 Jahre,m,4044
05966,2017,unter 5 Jahre,f,3043
05966,2017,unter 5 Jahre,m,3302
05966,2017,75 bis unter 80 Jahre,f,3456
05966,2017,75 bis unter 80 Jahre,m,2812
05966,2017,50 bis unter 55 Jahre,m,6401
05966,2017,50 bis unter 55 Jahre,f,6027
05966,2017,20 bis unter 25 Jahre,f,3343
05966,2017,20 bis unter 25 Jahre,m,4046
05966,2017,30 bis unter 35 Jahre,m,3901
05966,2017,30 bis unter 35 Jahre,f,3872
09474,2017,90 bis unter 95 Jahre,m,182
09474,2017,90 bis unter 95 Jahre,f,511
09474,2017,70 bis unter 75 Jahre,m,2240
09474,2017,70 bis unter 75 Jahre,f,2392
09474,2017,50 bis unter 55 Jahre,m,5415
09474,2017,50 bis unter 55 Jahre,f,5236
09474,2017,15 bis unter 20 Jahre,f,2922
09474,2017,15 bis unter 20 Jahre,m,3212
09474,2017,30 bis unter 35 Jahre,m,3302
09474,2017,30 bis unter 35 Jahre,f,3264
09474,2017,10 bis unter 15 Jahre,m,2639
09474,2017,10 bis unter 15 Jahre,f,2672
09474,2017,85 bis unter 90 Jahre,m,686
09474,2017,85 bis unter 90 Jahre,f,1188
09474,2017,55 bis unter 60 Jahre,f,4960
09474,2017,55 bis unter 60 Jahre,m,5084
09474,2017,95 Jahre und mehr,f,136
09474,2017,95 Jahre und mehr,m,34
09474,2017,20 bis unter 25 Jahre,f,2901
09474,2017,20 bis unter 25 Jahre,m,3379
09474,2017,65 bis unter 70 Jahre,f,3391
09474,2017,65 bis unter 70 Jahre,m,3275
09474,2017,45 bis unter 50 Jahre,m,4162
09474,2017,45 bis unter 50 Jahre,f,4391
09474,2017,unter 5 Jahre,f,2677
09474,2017,unter 5 Jahre,m,2725
09474,2017,75 bis unter 80 Jahre,f,2935
09474,2017,75 bis unter 80 Jahre,m,2445
09474,2017,80 bis unter 85 Jahre,m,1509
09474,2017,80 bis unter 85 Jahre,f,2204
09474,2017,35 bis unter 40 Jahre,m,3576
09474,2017,35 bis unter 40 Jahre,f,3520
09474,2017,5 bis unter 10 Jahre,f,2543
09474,2017,5 bis unter 10 Jahre,m,2614
09474,2017,60 bis unter 65 Jahre,m,4028
09474,2017,60 bis unter 65 Jahre,f,3937
09474,2017,40 bis unter 45 Jahre,f,3331
09474,2017,40 bis unter 45 Jahre,m,3367
09474,2017,25 bis unter 30 Jahre,m,3538
09474,2017,25 bis unter 30 Jahre,f,3158
08417,2017,20 bis unter 25 Jahre,f,4831
08417,2017,20 bis unter 25 Jahre,m,5826
08417,2017,55 bis unter 60 Jahre,f,7686
08417,2017,55 bis unter 60 Jahre,m,7813
08417,2017,unter 5 Jahre,f,3985
08417,2017,unter 5 Jahre,m,4200
08417,2017,75 bis unter 80 Jahre,f,5361
08417,2017,75 bis unter 80 Jahre,m,4134
08417,2017,40 bis unter 45 Jahre,f,5305
08417,2017,40 bis unter 45 Jahre,m,5313
08417,2017,60 bis unter 65 Jahre,f,6493
08417,2017,60 bis unter 65 Jahre,m,6206
08417,2017,35 bis unter 40 Jahre,f,5117
08417,2017,35 bis unter 40 Jahre,m,5393
08417,2017,80 bis unter 85 Jahre,f,4225
08417,2017,80 bis unter 85 Jahre,m,2980
08417,2017,50 bis unter 55 Jahre,m,8298
08417,2017,50 bis unter 55 Jahre,f,8165
08417,2017,85 bis unter 90 Jahre,m,1382
08417,2017,85 bis unter 90 Jahre,f,2435
08417,2017,30 bis unter 35 Jahre,m,5614
08417,2017,30 bis unter 35 Jahre,f,5146
08417,2017,15 bis unter 20 Jahre,m,5180
08417,2017,15 bis unter 20 Jahre,f,4819
08417,2017,25 bis unter 30 Jahre,f,5267
08417,2017,25 bis unter 30 Jahre,m,6033
08417,2017,5 bis unter 10 Jahre,m,4103
08417,2017,5 bis unter 10 Jahre,f,3856
08417,2017,65 bis unter 70 Jahre,f,5635
08417,2017,65 bis unter 70 Jahre,m,5294
08417,2017,10 bis unter 15 Jahre,f,4251
08417,2017,10 bis unter 15 Jahre,m,4456
08417,2017,95 Jahre und mehr,m,85
08417,2017,95 Jahre und mehr,f,282
08417,2017,70 bis unter 75 Jahre,f,4090
08417,2017,70 bis unter 75 Jahre,m,3827
08417,2017,45 bis unter 50 Jahre,f,6751
08417,2017,45 bis unter 50 Jahre,m,6814
08417,2017,90 bis unter 95 Jahre,m,406
08417,2017,90 bis unter 95 Jahre,f,1113
06611,2017,10 bis unter 15 Jahre,f,4029
06611,2017,10 bis unter 15 Jahre,m,4294
06611,2017,30 bis unter 35 Jahre,f,6719
06611,2017,30 bis unter 35 Jahre,m,8224
06611,2017,50 bis unter 55 Jahre,f,7583
06611,2017,50 bis unter 55 Jahre,m,7385
06611,2017,85 bis unter 90 Jahre,f,2237
06611,2017,85 bis unter 90 Jahre,m,1136
06611,2017,5 bis unter 10 Jahre,m,4383
06611,2017,5 bis unter 10 Jahre,f,3977
06611,2017,45 bis unter 50 Jahre,f,6613
06611,2017,45 bis unter 50 Jahre,m,6352
06611,2017,25 bis unter 30 Jahre,m,9717
06611,2017,25 bis unter 30 Jahre,f,8484
06611,2017,65 bis unter 70 Jahre,f,5436
06611,2017,65 bis unter 70 Jahre,m,4626
06611,2017,70 bis unter 75 Jahre,f,4583
06611,2017,70 bis unter 75 Jahre,m,3895
06611,2017,40 bis unter 45 Jahre,m,5475
06611,2017,40 bis unter 45 Jahre,f,5613
06611,2017,75 bis unter 80 Jahre,m,3774
06611,2017,75 bis unter 80 Jahre,f,5073
06611,2017,15 bis unter 20 Jahre,f,4692
06611,2017,15 bis unter 20 Jahre,m,4999
06611,2017,20 bis unter 25 Jahre,m,7855
06611,2017,20 bis unter 25 Jahre,f,8160
06611,2017,95 Jahre und mehr,f,389
06611,2017,95 Jahre und mehr,m,84
06611,2017,55 bis unter 60 Jahre,f,7007
06611,2017,55 bis unter 60 Jahre,m,6578
06611,2017,unter 5 Jahre,f,4692
06611,2017,unter 5 Jahre,m,4930
06611,2017,35 bis unter 40 Jahre,f,6026
06611,2017,35 bis unter 40 Jahre,m,6275
06611,2017,60 bis unter 65 Jahre,f,6001
06611,2017,60 bis unter 65 Jahre,m,5513
06611,2017,90 bis unter 95 Jahre,m,431
06611,2017,90 bis unter 95 Jahre,f,1306
06611,2017,80 bis unter 85 Jahre,m,2445
06611,2017,80 bis unter 85 Jahre,f,3745
09172,2017,85 bis unter 90 Jahre,m,743
09172,2017,85 bis unter 90 Jahre,f,1297
09172,2017,30 bis unter 35 Jahre,m,3491
09172,2017,30 bis unter 35 Jahre,f,3214
09172,2017,50 bis unter 55 Jahre,m,4317
09172,2017,50 bis unter 55 Jahre,f,4389
09172,2017,45 bis unter 50 Jahre,m,3666
09172,2017,45 bis unter 50 Jahre,f,3658
09172,2017,70 bis unter 75 Jahre,m,2546
09172,2017,70 bis unter 75 Jahre,f,2985
09172,2017,65 bis unter 70 Jahre,m,2798
09172,2017,65 bis unter 70 Jahre,f,3229
09172,2017,25 bis unter 30 Jahre,m,3606
09172,2017,25 bis unter 30 Jahre,f,3203
09172,2017,10 bis unter 15 Jahre,m,2330
09172,2017,10 bis unter 15 Jahre,f,2137
09172,2017,unter 5 Jahre,f,2200
09172,2017,unter 5 Jahre,m,2403
09172,2017,95 Jahre und mehr,m,60
09172,2017,95 Jahre und mehr,f,255
09172,2017,20 bis unter 25 Jahre,f,2809
09172,2017,20 bis unter 25 Jahre,m,3249
09172,2017,75 bis unter 80 Jahre,f,3376
09172,2017,75 bis unter 80 Jahre,m,2714
09172,2017,55 bis unter 60 Jahre,f,3911
09172,2017,55 bis unter 60 Jahre,m,3798
09172,2017,90 bis unter 95 Jahre,m,250
09172,2017,90 bis unter 95 Jahre,f,698
09172,2017,80 bis unter 85 Jahre,m,1583
09172,2017,80 bis unter 85 Jahre,f,2262
09172,2017,40 bis unter 45 Jahre,m,2958
09172,2017,40 bis unter 45 Jahre,f,2923
09172,2017,5 bis unter 10 Jahre,f,2083
09172,2017,5 bis unter 10 Jahre,m,2142
09172,2017,35 bis unter 40 Jahre,m,3211
09172,2017,35 bis unter 40 Jahre,f,3112
09172,2017,60 bis unter 65 Jahre,m,3036
09172,2017,60 bis unter 65 Jahre,f,3311
09172,2017,15 bis unter 20 Jahre,f,2397
09172,2017,15 bis unter 20 Jahre,m,2702
01054,2017,40 bis unter 45 Jahre,m,4300
01054,2017,40 bis unter 45 Jahre,f,4492
01054,2017,75 bis unter 80 Jahre,m,4583
01054,2017,75 bis unter 80 Jahre,f,5239
01054,2017,15 bis unter 20 Jahre,m,4675
01054,2017,15 bis unter 20 Jahre,f,4488
01054,2017,unter 5 Jahre,m,3538
01054,2017,unter 5 Jahre,f,3252
01054,2017,60 bis unter 65 Jahre,f,5743
01054,2017,60 bis unter 65 Jahre,m,5293
01054,2017,25 bis unter 30 Jahre,f,4192
01054,2017,25 bis unter 30 Jahre,m,5086
01054,2017,80 bis unter 85 Jahre,m,2500
01054,2017,80 bis unter 85 Jahre,f,3507
01054,2017,55 bis unter 60 Jahre,m,6261
01054,2017,55 bis unter 60 Jahre,f,6835
01054,2017,65 bis unter 70 Jahre,f,5450
01054,2017,65 bis unter 70 Jahre,m,5073
01054,2017,45 bis unter 50 Jahre,f,6155
01054,2017,45 bis unter 50 Jahre,m,5926
01054,2017,35 bis unter 40 Jahre,f,4377
01054,2017,35 bis unter 40 Jahre,m,4265
01054,2017,70 bis unter 75 Jahre,f,4567
01054,2017,70 bis unter 75 Jahre,m,4107
01054,2017,30 bis unter 35 Jahre,m,4498
01054,2017,30 bis unter 35 Jahre,f,4172
01054,2017,85 bis unter 90 Jahre,m,1027
01054,2017,85 bis unter 90 Jahre,f,1934
01054,2017,90 bis unter 95 Jahre,f,949
01054,2017,90 bis unter 95 Jahre,m,356
01054,2017,95 Jahre und mehr,f,261
01054,2017,95 Jahre und mehr,m,63
01054,2017,50 bis unter 55 Jahre,m,7306
01054,2017,50 bis unter 55 Jahre,f,7658
01054,2017,5 bis unter 10 Jahre,m,3432
01054,2017,5 bis unter 10 Jahre,f,3186
01054,2017,10 bis unter 15 Jahre,f,3736
01054,2017,10 bis unter 15 Jahre,m,3959
01054,2017,20 bis unter 25 Jahre,f,4161
01054,2017,20 bis unter 25 Jahre,m,4860
05382,2017,50 bis unter 55 Jahre,m,26686
05382,2017,50 bis unter 55 Jahre,f,27412
05382,2017,70 bis unter 75 Jahre,m,12466
05382,2017,70 bis unter 75 Jahre,f,14416
05382,2017,30 bis unter 35 Jahre,m,16576
05382,2017,30 bis unter 35 Jahre,f,16257
05382,2017,65 bis unter 70 Jahre,m,15955
05382,2017,65 bis unter 70 Jahre,f,17844
05382,2017,35 bis unter 40 Jahre,f,18202
05382,2017,35 bis unter 40 Jahre,m,17085
05382,2017,90 bis unter 95 Jahre,m,1157
05382,2017,90 bis unter 95 Jahre,f,3022
05382,2017,95 Jahre und mehr,f,849
05382,2017,95 Jahre und mehr,m,186
05382,2017,40 bis unter 45 Jahre,f,17542
05382,2017,40 bis unter 45 Jahre,m,16288
05382,2017,5 bis unter 10 Jahre,m,14808
05382,2017,5 bis unter 10 Jahre,f,13671
05382,2017,85 bis unter 90 Jahre,f,6011
05382,2017,85 bis unter 90 Jahre,m,3634
05382,2017,20 bis unter 25 Jahre,f,15139
05382,2017,20 bis unter 25 Jahre,m,17083
05382,2017,15 bis unter 20 Jahre,f,15658
05382,2017,15 bis unter 20 Jahre,m,17129
05382,2017,10 bis unter 15 Jahre,m,15285
05382,2017,10 bis unter 15 Jahre,f,14207
05382,2017,60 bis unter 65 Jahre,m,19000
05382,2017,60 bis unter 65 Jahre,f,20393
05382,2017,80 bis unter 85 Jahre,m,8836
05382,2017,80 bis unter 85 Jahre,f,11606
05382,2017,75 bis unter 80 Jahre,m,13908
05382,2017,75 bis unter 80 Jahre,f,16532
05382,2017,unter 5 Jahre,m,14701
05382,2017,unter 5 Jahre,f,13561
05382,2017,25 bis unter 30 Jahre,f,15733
05382,2017,25 bis unter 30 Jahre,m,16953
05382,2017,55 bis unter 60 Jahre,m,23935
05382,2017,55 bis unter 60 Jahre,f,24531
05382,2017,45 bis unter 50 Jahre,f,22870
05382,2017,45 bis unter 50 Jahre,m,21929
09562,2017,20 bis unter 25 Jahre,m,4617
09562,2017,20 bis unter 25 Jahre,f,4544
09562,2017,40 bis unter 45 Jahre,m,3058
09562,2017,40 bis unter 45 Jahre,f,3086
09562,2017,unter 5 Jahre,m,2773
09562,2017,unter 5 Jahre,f,2666
09562,2017,80 bis unter 85 Jahre,f,1977
09562,2017,80 bis unter 85 Jahre,m,1305
09562,2017,35 bis unter 40 Jahre,m,3920
09562,2017,35 bis unter 40 Jahre,f,3576
09562,2017,5 bis unter 10 Jahre,f,2242
09562,2017,5 bis unter 10 Jahre,m,2427
09562,2017,95 Jahre und mehr,m,41
09562,2017,95 Jahre und mehr,f,164
09562,2017,60 bis unter 65 Jahre,m,2690
09562,2017,60 bis unter 65 Jahre,f,2839
09562,2017,75 bis unter 80 Jahre,m,2021
09562,2017,75 bis unter 80 Jahre,f,2625
09562,2017,25 bis unter 30 Jahre,f,5202
09562,2017,25 bis unter 30 Jahre,m,6000
09562,2017,15 bis unter 20 Jahre,f,2590
09562,2017,15 bis unter 20 Jahre,m,2802
09562,2017,50 bis unter 55 Jahre,f,4077
09562,2017,50 bis unter 55 Jahre,m,4107
09562,2017,30 bis unter 35 Jahre,m,4742
09562,2017,30 bis unter 35 Jahre,f,4278
09562,2017,90 bis unter 95 Jahre,f,606
09562,2017,90 bis unter 95 Jahre,m,261
09562,2017,45 bis unter 50 Jahre,m,3652
09562,2017,45 bis unter 50 Jahre,f,3588
09562,2017,85 bis unter 90 Jahre,m,700
09562,2017,85 bis unter 90 Jahre,f,1186
09562,2017,70 bis unter 75 Jahre,m,1867
09562,2017,70 bis unter 75 Jahre,f,2225
09562,2017,65 bis unter 70 Jahre,m,2222
09562,2017,65 bis unter 70 Jahre,f,2627
09562,2017,10 bis unter 15 Jahre,m,2416
09562,2017,10 bis unter 15 Jahre,f,2182
09562,2017,55 bis unter 60 Jahre,f,3518
09562,2017,55 bis unter 60 Jahre,m,3579
08126,2017,40 bis unter 45 Jahre,m,3278
08126,2017,40 bis unter 45 Jahre,f,3186
08126,2017,75 bis unter 80 Jahre,m,2225
08126,2017,75 bis unter 80 Jahre,f,2612
08126,2017,20 bis unter 25 Jahre,m,3571
08126,2017,20 bis unter 25 Jahre,f,2986
08126,2017,unter 5 Jahre,m,2629
08126,2017,unter 5 Jahre,f,2608
08126,2017,15 bis unter 20 Jahre,m,3318
08126,2017,15 bis unter 20 Jahre,f,2930
08126,2017,60 bis unter 65 Jahre,f,3659
08126,2017,60 bis unter 65 Jahre,m,3650
08126,2017,80 bis unter 85 Jahre,m,1433
08126,2017,80 bis unter 85 Jahre,f,2063
08126,2017,25 bis unter 30 Jahre,f,3347
08126,2017,25 bis unter 30 Jahre,m,3849
08126,2017,55 bis unter 60 Jahre,m,4556
08126,2017,55 bis unter 60 Jahre,f,4421
08126,2017,65 bis unter 70 Jahre,f,3042
08126,2017,65 bis unter 70 Jahre,m,3001
08126,2017,45 bis unter 50 Jahre,f,4076
08126,2017,45 bis unter 50 Jahre,m,4171
08126,2017,35 bis unter 40 Jahre,f,3207
08126,2017,35 bis unter 40 Jahre,m,3481
08126,2017,70 bis unter 75 Jahre,f,2157
08126,2017,70 bis unter 75 Jahre,m,1930
08126,2017,50 bis unter 55 Jahre,m,4906
08126,2017,50 bis unter 55 Jahre,f,4609
08126,2017,30 bis unter 35 Jahre,m,3769
08126,2017,30 bis unter 35 Jahre,f,3263
08126,2017,85 bis unter 90 Jahre,m,712
08126,2017,85 bis unter 90 Jahre,f,1178
08126,2017,90 bis unter 95 Jahre,f,593
08126,2017,90 bis unter 95 Jahre,m,226
08126,2017,5 bis unter 10 Jahre,m,2724
08126,2017,5 bis unter 10 Jahre,f,2417
08126,2017,10 bis unter 15 Jahre,f,2675
08126,2017,10 bis unter 15 Jahre,m,2752
08126,2017,95 Jahre und mehr,f,151
08126,2017,95 Jahre und mehr,m,31
03157,2017,55 bis unter 60 Jahre,f,5233
03157,2017,55 bis unter 60 Jahre,m,5409
03157,2017,35 bis unter 40 Jahre,f,3938
03157,2017,35 bis unter 40 Jahre,m,3742
03157,2017,15 bis unter 20 Jahre,f,3548
03157,2017,15 bis unter 20 Jahre,m,3954
03157,2017,20 bis unter 25 Jahre,f,3069
03157,2017,20 bis unter 25 Jahre,m,3644
03157,2017,unter 5 Jahre,f,3117
03157,2017,unter 5 Jahre,m,3180
03157,2017,60 bis unter 65 Jahre,f,4404
03157,2017,60 bis unter 65 Jahre,m,4283
03157,2017,90 bis unter 95 Jahre,m,265
03157,2017,90 bis unter 95 Jahre,f,776
03157,2017,75 bis unter 80 Jahre,f,3693
03157,2017,75 bis unter 80 Jahre,m,3104
03157,2017,95 Jahre und mehr,f,237
03157,2017,95 Jahre und mehr,m,38
03157,2017,40 bis unter 45 Jahre,m,3808
03157,2017,40 bis unter 45 Jahre,f,3964
03157,2017,65 bis unter 70 Jahre,m,3690
03157,2017,65 bis unter 70 Jahre,f,3856
03157,2017,10 bis unter 15 Jahre,m,3356
03157,2017,10 bis unter 15 Jahre,f,3146
03157,2017,30 bis unter 35 Jahre,m,3642
03157,2017,30 bis unter 35 Jahre,f,3567
03157,2017,85 bis unter 90 Jahre,m,821
03157,2017,85 bis unter 90 Jahre,f,1576
03157,2017,5 bis unter 10 Jahre,f,2995
03157,2017,5 bis unter 10 Jahre,m,3179
03157,2017,45 bis unter 50 Jahre,f,5249
03157,2017,45 bis unter 50 Jahre,m,5347
03157,2017,25 bis unter 30 Jahre,f,3193
03157,2017,25 bis unter 30 Jahre,m,3413
03157,2017,80 bis unter 85 Jahre,m,1974
03157,2017,80 bis unter 85 Jahre,f,2780
03157,2017,50 bis unter 55 Jahre,f,6100
03157,2017,50 bis unter 55 Jahre,m,6338
03157,2017,70 bis unter 75 Jahre,f,2980
03157,2017,70 bis unter 75 Jahre,m,2760
08316,2017,60 bis unter 65 Jahre,f,5674
08316,2017,60 bis unter 65 Jahre,m,5466
08316,2017,15 bis unter 20 Jahre,m,4629
08316,2017,15 bis unter 20 Jahre,f,4175
08316,2017,35 bis unter 40 Jahre,m,4912
08316,2017,35 bis unter 40 Jahre,f,4945
08316,2017,80 bis unter 85 Jahre,f,3082
08316,2017,80 bis unter 85 Jahre,m,2189
08316,2017,55 bis unter 60 Jahre,m,6602
08316,2017,55 bis unter 60 Jahre,f,6821
08316,2017,unter 5 Jahre,f,3852
08316,2017,unter 5 Jahre,m,4047
08316,2017,20 bis unter 25 Jahre,m,4865
08316,2017,20 bis unter 25 Jahre,f,4189
08316,2017,40 bis unter 45 Jahre,f,4799
08316,2017,40 bis unter 45 Jahre,m,4628
08316,2017,25 bis unter 30 Jahre,f,4404
08316,2017,25 bis unter 30 Jahre,m,4860
08316,2017,45 bis unter 50 Jahre,f,6107
08316,2017,45 bis unter 50 Jahre,m,6073
08316,2017,50 bis unter 55 Jahre,m,7353
08316,2017,50 bis unter 55 Jahre,f,7256
08316,2017,70 bis unter 75 Jahre,f,3754
08316,2017,70 bis unter 75 Jahre,m,3229
08316,2017,10 bis unter 15 Jahre,m,4210
08316,2017,10 bis unter 15 Jahre,f,3822
08316,2017,30 bis unter 35 Jahre,f,4764
08316,2017,30 bis unter 35 Jahre,m,4807
08316,2017,5 bis unter 10 Jahre,m,3878
08316,2017,5 bis unter 10 Jahre,f,3648
08316,2017,85 bis unter 90 Jahre,m,1059
08316,2017,85 bis unter 90 Jahre,f,1819
08316,2017,65 bis unter 70 Jahre,f,4843
08316,2017,65 bis unter 70 Jahre,m,4618
08316,2017,95 Jahre und mehr,m,54
08316,2017,95 Jahre und mehr,f,245
08316,2017,90 bis unter 95 Jahre,f,815
08316,2017,90 bis unter 95 Jahre,m,320
08316,2017,75 bis unter 80 Jahre,m,3549
08316,2017,75 bis unter 80 Jahre,f,4350
06433,2017,50 bis unter 55 Jahre,f,11241
06433,2017,50 bis unter 55 Jahre,m,11829
06433,2017,5 bis unter 10 Jahre,m,6678
06433,2017,5 bis unter 10 Jahre,f,6385
06433,2017,25 bis unter 30 Jahre,m,8884
06433,2017,25 bis unter 30 Jahre,f,8565
06433,2017,70 bis unter 75 Jahre,f,5991
06433,2017,70 bis unter 75 Jahre,m,5355
06433,2017,30 bis unter 35 Jahre,f,8551
06433,2017,30 bis unter 35 Jahre,m,8993
06433,2017,10 bis unter 15 Jahre,m,6524
06433,2017,10 bis unter 15 Jahre,f,6277
06433,2017,45 bis unter 50 Jahre,f,9834
06433,2017,45 bis unter 50 Jahre,m,10518
06433,2017,85 bis unter 90 Jahre,f,2511
06433,2017,85 bis unter 90 Jahre,m,1577
06433,2017,65 bis unter 70 Jahre,m,6704
06433,2017,65 bis unter 70 Jahre,f,7553
06433,2017,95 Jahre und mehr,f,333
06433,2017,95 Jahre und mehr,m,82
06433,2017,20 bis unter 25 Jahre,m,8288
06433,2017,20 bis unter 25 Jahre,f,7414
06433,2017,15 bis unter 20 Jahre,f,6605
06433,2017,15 bis unter 20 Jahre,m,7406
06433,2017,40 bis unter 45 Jahre,f,8551
06433,2017,40 bis unter 45 Jahre,m,8656
06433,2017,60 bis unter 65 Jahre,f,7964
06433,2017,60 bis unter 65 Jahre,m,7634
06433,2017,80 bis unter 85 Jahre,f,4629
06433,2017,80 bis unter 85 Jahre,m,3604
06433,2017,75 bis unter 80 Jahre,f,6719
06433,2017,75 bis unter 80 Jahre,m,5636
06433,2017,35 bis unter 40 Jahre,m,9377
06433,2017,35 bis unter 40 Jahre,f,9130
06433,2017,55 bis unter 60 Jahre,m,9868
06433,2017,55 bis unter 60 Jahre,f,9628
06433,2017,unter 5 Jahre,m,7369
06433,2017,unter 5 Jahre,f,6915
06433,2017,90 bis unter 95 Jahre,m,477
06433,2017,90 bis unter 95 Jahre,f,1148
08216,2017,70 bis unter 75 Jahre,m,4447
08216,2017,70 bis unter 75 Jahre,f,4880
08216,2017,85 bis unter 90 Jahre,m,1524
08216,2017,85 bis unter 90 Jahre,f,2740
08216,2017,30 bis unter 35 Jahre,m,7013
08216,2017,30 bis unter 35 Jahre,f,6472
08216,2017,50 bis unter 55 Jahre,m,10367
08216,2017,50 bis unter 55 Jahre,f,9932
08216,2017,65 bis unter 70 Jahre,m,6650
08216,2017,65 bis unter 70 Jahre,f,7075
08216,2017,90 bis unter 95 Jahre,m,398
08216,2017,90 bis unter 95 Jahre,f,1199
08216,2017,75 bis unter 80 Jahre,f,6341
08216,2017,75 bis unter 80 Jahre,m,5159
08216,2017,40 bis unter 45 Jahre,f,6643
08216,2017,40 bis unter 45 Jahre,m,6564
08216,2017,5 bis unter 10 Jahre,m,5108
08216,2017,5 bis unter 10 Jahre,f,4774
08216,2017,20 bis unter 25 Jahre,f,5670
08216,2017,20 bis unter 25 Jahre,m,6574
08216,2017,15 bis unter 20 Jahre,f,5745
08216,2017,15 bis unter 20 Jahre,m,6273
08216,2017,10 bis unter 15 Jahre,m,5374
08216,2017,10 bis unter 15 Jahre,f,5154
08216,2017,60 bis unter 65 Jahre,m,7846
08216,2017,60 bis unter 65 Jahre,f,7986
08216,2017,80 bis unter 85 Jahre,m,3479
08216,2017,80 bis unter 85 Jahre,f,4796
08216,2017,95 Jahre und mehr,f,327
08216,2017,95 Jahre und mehr,m,88
08216,2017,unter 5 Jahre,m,5319
08216,2017,unter 5 Jahre,f,4991
08216,2017,55 bis unter 60 Jahre,m,9660
08216,2017,55 bis unter 60 Jahre,f,9496
08216,2017,25 bis unter 30 Jahre,f,6310
08216,2017,25 bis unter 30 Jahre,m,7043
08216,2017,35 bis unter 40 Jahre,f,6924
08216,2017,35 bis unter 40 Jahre,m,6891
08216,2017,45 bis unter 50 Jahre,m,8490
08216,2017,45 bis unter 50 Jahre,f,8494
06436,2017,80 bis unter 85 Jahre,m,3579
06436,2017,80 bis unter 85 Jahre,f,4596
06436,2017,20 bis unter 25 Jahre,m,6006
06436,2017,20 bis unter 25 Jahre,f,5257
06436,2017,5 bis unter 10 Jahre,f,5729
06436,2017,5 bis unter 10 Jahre,m,6132
06436,2017,35 bis unter 40 Jahre,m,7549
06436,2017,35 bis unter 40 Jahre,f,8051
06436,2017,45 bis unter 50 Jahre,f,9571
06436,2017,45 bis unter 50 Jahre,m,9335
06436,2017,75 bis unter 80 Jahre,m,5426
06436,2017,75 bis unter 80 Jahre,f,6759
06436,2017,60 bis unter 65 Jahre,m,6461
06436,2017,60 bis unter 65 Jahre,f,7047
06436,2017,30 bis unter 35 Jahre,f,6910
06436,2017,30 bis unter 35 Jahre,m,6695
06436,2017,85 bis unter 90 Jahre,f,2375
06436,2017,85 bis unter 90 Jahre,m,1658
06436,2017,65 bis unter 70 Jahre,f,6835
06436,2017,65 bis unter 70 Jahre,m,5839
06436,2017,55 bis unter 60 Jahre,f,8823
06436,2017,55 bis unter 60 Jahre,m,8597
06436,2017,unter 5 Jahre,m,5968
06436,2017,unter 5 Jahre,f,5678
06436,2017,95 Jahre und mehr,m,87
06436,2017,95 Jahre und mehr,f,330
06436,2017,90 bis unter 95 Jahre,f,1196
06436,2017,90 bis unter 95 Jahre,m,596
06436,2017,10 bis unter 15 Jahre,f,5783
06436,2017,10 bis unter 15 Jahre,m,6200
06436,2017,70 bis unter 75 Jahre,m,5021
06436,2017,70 bis unter 75 Jahre,f,5861
06436,2017,50 bis unter 55 Jahre,m,10615
06436,2017,50 bis unter 55 Jahre,f,10545
06436,2017,15 bis unter 20 Jahre,m,6371
06436,2017,15 bis unter 20 Jahre,f,5691
06436,2017,25 bis unter 30 Jahre,m,6234
06436,2017,25 bis unter 30 Jahre,f,6091
06436,2017,40 bis unter 45 Jahre,f,7948
06436,2017,40 bis unter 45 Jahre,m,7524
05558,2017,10 bis unter 15 Jahre,f,5159
05558,2017,10 bis unter 15 Jahre,m,5446
05558,2017,45 bis unter 50 Jahre,f,8290
05558,2017,45 bis unter 50 Jahre,m,8141
05558,2017,65 bis unter 70 Jahre,f,6521
05558,2017,65 bis unter 70 Jahre,m,6269
05558,2017,85 bis unter 90 Jahre,f,2600
05558,2017,85 bis unter 90 Jahre,m,1295
05558,2017,80 bis unter 85 Jahre,m,2893
05558,2017,80 bis unter 85 Jahre,f,4137
05558,2017,5 bis unter 10 Jahre,m,5031
05558,2017,5 bis unter 10 Jahre,f,4716
05558,2017,50 bis unter 55 Jahre,f,10422
05558,2017,50 bis unter 55 Jahre,m,10183
05558,2017,95 Jahre und mehr,m,70
05558,2017,95 Jahre und mehr,f,308
05558,2017,25 bis unter 30 Jahre,f,5266
05558,2017,25 bis unter 30 Jahre,m,6054
05558,2017,40 bis unter 45 Jahre,m,6189
05558,2017,40 bis unter 45 Jahre,f,6251
05558,2017,70 bis unter 75 Jahre,m,4172
05558,2017,70 bis unter 75 Jahre,f,4615
05558,2017,90 bis unter 95 Jahre,f,1255
05558,2017,90 bis unter 95 Jahre,m,374
05558,2017,35 bis unter 40 Jahre,m,6153
05558,2017,35 bis unter 40 Jahre,f,6207
05558,2017,60 bis unter 65 Jahre,m,7604
05558,2017,60 bis unter 65 Jahre,f,7745
05558,2017,55 bis unter 60 Jahre,f,9420
05558,2017,55 bis unter 60 Jahre,m,9119
05558,2017,20 bis unter 25 Jahre,f,5449
05558,2017,20 bis unter 25 Jahre,m,6578
05558,2017,75 bis unter 80 Jahre,f,5646
05558,2017,75 bis unter 80 Jahre,m,4556
05558,2017,unter 5 Jahre,f,4992
05558,2017,unter 5 Jahre,m,5212
05558,2017,15 bis unter 20 Jahre,f,6258
05558,2017,15 bis unter 20 Jahre,m,6863
05558,2017,30 bis unter 35 Jahre,m,6094
05558,2017,30 bis unter 35 Jahre,f,5807
07338,2017,unter 5 Jahre,f,3550
07338,2017,unter 5 Jahre,m,3905
07338,2017,55 bis unter 60 Jahre,f,6704
07338,2017,55 bis unter 60 Jahre,m,6586
07338,2017,35 bis unter 40 Jahre,f,4748
07338,2017,35 bis unter 40 Jahre,m,4564
07338,2017,15 bis unter 20 Jahre,f,3627
07338,2017,15 bis unter 20 Jahre,m,3946
07338,2017,40 bis unter 45 Jahre,f,4323
07338,2017,40 bis unter 45 Jahre,m,4367
07338,2017,20 bis unter 25 Jahre,f,3350
07338,2017,20 bis unter 25 Jahre,m,3859
07338,2017,80 bis unter 85 Jahre,f,3193
07338,2017,80 bis unter 85 Jahre,m,2518
07338,2017,75 bis unter 80 Jahre,m,3755
07338,2017,75 bis unter 80 Jahre,f,4345
07338,2017,95 Jahre und mehr,m,48
07338,2017,95 Jahre und mehr,f,212
07338,2017,65 bis unter 70 Jahre,m,4598
07338,2017,65 bis unter 70 Jahre,f,4967
07338,2017,10 bis unter 15 Jahre,m,3394
07338,2017,10 bis unter 15 Jahre,f,3277
07338,2017,70 bis unter 75 Jahre,m,3144
07338,2017,70 bis unter 75 Jahre,f,3596
07338,2017,45 bis unter 50 Jahre,m,5464
07338,2017,45 bis unter 50 Jahre,f,5679
07338,2017,90 bis unter 95 Jahre,f,823
07338,2017,90 bis unter 95 Jahre,m,320
07338,2017,85 bis unter 90 Jahre,f,1865
07338,2017,85 bis unter 90 Jahre,m,1128
07338,2017,25 bis unter 30 Jahre,m,4210
07338,2017,25 bis unter 30 Jahre,f,3973
07338,2017,60 bis unter 65 Jahre,m,5242
07338,2017,60 bis unter 65 Jahre,f,5347
07338,2017,30 bis unter 35 Jahre,f,4200
07338,2017,30 bis unter 35 Jahre,m,4228
07338,2017,5 bis unter 10 Jahre,f,3230
07338,2017,5 bis unter 10 Jahre,m,3511
07338,2017,50 bis unter 55 Jahre,m,6905
07338,2017,50 bis unter 55 Jahre,f,6928
08136,2017,40 bis unter 45 Jahre,f,9224
08136,2017,40 bis unter 45 Jahre,m,9294
08136,2017,75 bis unter 80 Jahre,f,8285
08136,2017,75 bis unter 80 Jahre,m,6700
08136,2017,20 bis unter 25 Jahre,f,8928
08136,2017,20 bis unter 25 Jahre,m,10155
08136,2017,unter 5 Jahre,f,6944
08136,2017,unter 5 Jahre,m,7354
08136,2017,95 Jahre und mehr,m,103
08136,2017,95 Jahre und mehr,f,459
08136,2017,15 bis unter 20 Jahre,f,8623
08136,2017,15 bis unter 20 Jahre,m,9181
08136,2017,80 bis unter 85 Jahre,f,6059
08136,2017,80 bis unter 85 Jahre,m,4266
08136,2017,35 bis unter 40 Jahre,m,9499
08136,2017,35 bis unter 40 Jahre,f,9013
08136,2017,55 bis unter 60 Jahre,f,12152
08136,2017,55 bis unter 60 Jahre,m,12242
08136,2017,60 bis unter 65 Jahre,m,10000
08136,2017,60 bis unter 65 Jahre,f,10271
08136,2017,50 bis unter 55 Jahre,m,13131
08136,2017,50 bis unter 55 Jahre,f,12581
08136,2017,30 bis unter 35 Jahre,m,9601
08136,2017,30 bis unter 35 Jahre,f,8860
08136,2017,25 bis unter 30 Jahre,f,9008
08136,2017,25 bis unter 30 Jahre,m,10301
08136,2017,85 bis unter 90 Jahre,f,3637
08136,2017,85 bis unter 90 Jahre,m,2070
08136,2017,45 bis unter 50 Jahre,f,11262
08136,2017,45 bis unter 50 Jahre,m,11718
08136,2017,70 bis unter 75 Jahre,f,6646
08136,2017,70 bis unter 75 Jahre,m,6083
08136,2017,5 bis unter 10 Jahre,m,7144
08136,2017,5 bis unter 10 Jahre,f,6903
08136,2017,65 bis unter 70 Jahre,f,8898
08136,2017,65 bis unter 70 Jahre,m,8267
08136,2017,90 bis unter 95 Jahre,f,1661
08136,2017,90 bis unter 95 Jahre,m,644
08136,2017,10 bis unter 15 Jahre,m,7723
08136,2017,10 bis unter 15 Jahre,f,7532
08225,2017,20 bis unter 25 Jahre,f,3566
08225,2017,20 bis unter 25 Jahre,m,4529
08225,2017,55 bis unter 60 Jahre,f,6149
08225,2017,55 bis unter 60 Jahre,m,6095
08225,2017,35 bis unter 40 Jahre,f,3982
08225,2017,35 bis unter 40 Jahre,m,4009
08225,2017,40 bis unter 45 Jahre,f,3989
08225,2017,40 bis unter 45 Jahre,m,3986
08225,2017,15 bis unter 20 Jahre,f,3635
08225,2017,15 bis unter 20 Jahre,m,4169
08225,2017,unter 5 Jahre,f,3113
08225,2017,unter 5 Jahre,m,3176
08225,2017,80 bis unter 85 Jahre,f,2845
08225,2017,80 bis unter 85 Jahre,m,2039
08225,2017,85 bis unter 90 Jahre,m,903
08225,2017,85 bis unter 90 Jahre,f,1653
08225,2017,50 bis unter 55 Jahre,m,6440
08225,2017,50 bis unter 55 Jahre,f,6153
08225,2017,60 bis unter 65 Jahre,m,5093
08225,2017,60 bis unter 65 Jahre,f,5057
08225,2017,30 bis unter 35 Jahre,m,4335
08225,2017,30 bis unter 35 Jahre,f,3736
08225,2017,25 bis unter 30 Jahre,f,3742
08225,2017,25 bis unter 30 Jahre,m,4665
08225,2017,45 bis unter 50 Jahre,f,5277
08225,2017,45 bis unter 50 Jahre,m,5237
08225,2017,5 bis unter 10 Jahre,m,3063
08225,2017,5 bis unter 10 Jahre,f,2881
08225,2017,65 bis unter 70 Jahre,f,4413
08225,2017,65 bis unter 70 Jahre,m,4298
08225,2017,70 bis unter 75 Jahre,f,3094
08225,2017,70 bis unter 75 Jahre,m,2786
08225,2017,75 bis unter 80 Jahre,m,3285
08225,2017,75 bis unter 80 Jahre,f,3870
08225,2017,95 Jahre und mehr,f,195
08225,2017,95 Jahre und mehr,m,55
08225,2017,10 bis unter 15 Jahre,m,3510
08225,2017,10 bis unter 15 Jahre,f,3275
08225,2017,90 bis unter 95 Jahre,f,777
08225,2017,90 bis unter 95 Jahre,m,301
07318,2017,25 bis unter 30 Jahre,f,1500
07318,2017,25 bis unter 30 Jahre,m,1574
07318,2017,45 bis unter 50 Jahre,f,1859
07318,2017,45 bis unter 50 Jahre,m,1789
07318,2017,5 bis unter 10 Jahre,f,1058
07318,2017,5 bis unter 10 Jahre,m,1134
07318,2017,10 bis unter 15 Jahre,f,1057
07318,2017,10 bis unter 15 Jahre,m,1182
07318,2017,30 bis unter 35 Jahre,f,1411
07318,2017,30 bis unter 35 Jahre,m,1615
07318,2017,60 bis unter 65 Jahre,m,1665
07318,2017,60 bis unter 65 Jahre,f,1832
07318,2017,70 bis unter 75 Jahre,f,1218
07318,2017,70 bis unter 75 Jahre,m,1003
07318,2017,85 bis unter 90 Jahre,f,663
07318,2017,85 bis unter 90 Jahre,m,321
07318,2017,20 bis unter 25 Jahre,m,1478
07318,2017,20 bis unter 25 Jahre,f,1247
07318,2017,75 bis unter 80 Jahre,m,1109
07318,2017,75 bis unter 80 Jahre,f,1469
07318,2017,15 bis unter 20 Jahre,m,1290
07318,2017,15 bis unter 20 Jahre,f,1291
07318,2017,40 bis unter 45 Jahre,m,1431
07318,2017,40 bis unter 45 Jahre,f,1507
07318,2017,95 Jahre und mehr,f,120
07318,2017,95 Jahre und mehr,m,18
07318,2017,50 bis unter 55 Jahre,f,2186
07318,2017,50 bis unter 55 Jahre,m,2159
07318,2017,90 bis unter 95 Jahre,m,114
07318,2017,90 bis unter 95 Jahre,f,349
07318,2017,35 bis unter 40 Jahre,f,1513
07318,2017,35 bis unter 40 Jahre,m,1528
07318,2017,unter 5 Jahre,m,1210
07318,2017,unter 5 Jahre,f,1073
07318,2017,55 bis unter 60 Jahre,m,2029
07318,2017,55 bis unter 60 Jahre,f,2073
07318,2017,65 bis unter 70 Jahre,m,1410
07318,2017,65 bis unter 70 Jahre,f,1667
07318,2017,80 bis unter 85 Jahre,f,1079
07318,2017,80 bis unter 85 Jahre,m,700
07141,2017,80 bis unter 85 Jahre,f,2595
07141,2017,80 bis unter 85 Jahre,m,1939
07141,2017,15 bis unter 20 Jahre,m,3157
07141,2017,15 bis unter 20 Jahre,f,2969
07141,2017,60 bis unter 65 Jahre,f,4475
07141,2017,60 bis unter 65 Jahre,m,4331
07141,2017,55 bis unter 60 Jahre,m,5227
07141,2017,55 bis unter 60 Jahre,f,5274
07141,2017,75 bis unter 80 Jahre,f,3550
07141,2017,75 bis unter 80 Jahre,m,3027
07141,2017,35 bis unter 40 Jahre,m,3465
07141,2017,35 bis unter 40 Jahre,f,3427
07141,2017,40 bis unter 45 Jahre,m,3374
07141,2017,40 bis unter 45 Jahre,f,3317
07141,2017,unter 5 Jahre,m,2689
07141,2017,unter 5 Jahre,f,2652
07141,2017,20 bis unter 25 Jahre,f,2809
07141,2017,20 bis unter 25 Jahre,m,3301
07141,2017,25 bis unter 30 Jahre,f,3115
07141,2017,25 bis unter 30 Jahre,m,3505
07141,2017,5 bis unter 10 Jahre,f,2464
07141,2017,5 bis unter 10 Jahre,m,2621
07141,2017,85 bis unter 90 Jahre,m,864
07141,2017,85 bis unter 90 Jahre,f,1428
07141,2017,95 Jahre und mehr,m,50
07141,2017,95 Jahre und mehr,f,163
07141,2017,30 bis unter 35 Jahre,m,3416
07141,2017,30 bis unter 35 Jahre,f,3236
07141,2017,70 bis unter 75 Jahre,f,2978
07141,2017,70 bis unter 75 Jahre,m,2694
07141,2017,50 bis unter 55 Jahre,f,5484
07141,2017,50 bis unter 55 Jahre,m,5475
07141,2017,10 bis unter 15 Jahre,m,2737
07141,2017,10 bis unter 15 Jahre,f,2597
07141,2017,45 bis unter 50 Jahre,f,4466
07141,2017,45 bis unter 50 Jahre,m,4474
07141,2017,65 bis unter 70 Jahre,m,3966
07141,2017,65 bis unter 70 Jahre,f,4137
07141,2017,90 bis unter 95 Jahre,m,262
07141,2017,90 bis unter 95 Jahre,f,671
05124,2017,50 bis unter 55 Jahre,f,14618
05124,2017,50 bis unter 55 Jahre,m,14877
05124,2017,85 bis unter 90 Jahre,f,4281
05124,2017,85 bis unter 90 Jahre,m,2187
05124,2017,5 bis unter 10 Jahre,m,8260
05124,2017,5 bis unter 10 Jahre,f,7985
05124,2017,45 bis unter 50 Jahre,m,12416
05124,2017,45 bis unter 50 Jahre,f,12271
05124,2017,90 bis unter 95 Jahre,f,2151
05124,2017,90 bis unter 95 Jahre,m,684
05124,2017,70 bis unter 75 Jahre,f,8347
05124,2017,70 bis unter 75 Jahre,m,7096
05124,2017,25 bis unter 30 Jahre,m,12500
05124,2017,25 bis unter 30 Jahre,f,11884
05124,2017,65 bis unter 70 Jahre,f,10003
05124,2017,65 bis unter 70 Jahre,m,8606
05124,2017,10 bis unter 15 Jahre,f,8049
05124,2017,10 bis unter 15 Jahre,m,8338
05124,2017,95 Jahre und mehr,m,104
05124,2017,95 Jahre und mehr,f,568
05124,2017,80 bis unter 85 Jahre,m,5042
05124,2017,80 bis unter 85 Jahre,f,7328
05124,2017,60 bis unter 65 Jahre,m,10311
05124,2017,60 bis unter 65 Jahre,f,11062
05124,2017,35 bis unter 40 Jahre,m,10899
05124,2017,35 bis unter 40 Jahre,f,10462
05124,2017,55 bis unter 60 Jahre,f,12927
05124,2017,55 bis unter 60 Jahre,m,13206
05124,2017,40 bis unter 45 Jahre,f,9937
05124,2017,40 bis unter 45 Jahre,m,9904
05124,2017,20 bis unter 25 Jahre,f,10785
05124,2017,20 bis unter 25 Jahre,m,11211
05124,2017,unter 5 Jahre,f,8332
05124,2017,unter 5 Jahre,m,8984
05124,2017,75 bis unter 80 Jahre,f,9954
05124,2017,75 bis unter 80 Jahre,m,7455
05124,2017,15 bis unter 20 Jahre,m,9243
05124,2017,15 bis unter 20 Jahre,f,8647
05124,2017,30 bis unter 35 Jahre,m,11702
05124,2017,30 bis unter 35 Jahre,f,10974
09162,2017,35 bis unter 40 Jahre,f,59308
09162,2017,35 bis unter 40 Jahre,m,58160
09162,2017,unter 5 Jahre,f,38191
09162,2017,unter 5 Jahre,m,39671
09162,2017,55 bis unter 60 Jahre,f,44031
09162,2017,55 bis unter 60 Jahre,m,42402
09162,2017,75 bis unter 80 Jahre,f,35040
09162,2017,75 bis unter 80 Jahre,m,27373
09162,2017,70 bis unter 75 Jahre,m,27871
09162,2017,70 bis unter 75 Jahre,f,33067
09162,2017,40 bis unter 45 Jahre,f,49866
09162,2017,40 bis unter 45 Jahre,m,49914
09162,2017,15 bis unter 20 Jahre,f,27908
09162,2017,15 bis unter 20 Jahre,m,29977
09162,2017,20 bis unter 25 Jahre,m,45259
09162,2017,20 bis unter 25 Jahre,f,45399
09162,2017,65 bis unter 70 Jahre,m,29000
09162,2017,65 bis unter 70 Jahre,f,35378
09162,2017,10 bis unter 15 Jahre,m,28696
09162,2017,10 bis unter 15 Jahre,f,27328
09162,2017,85 bis unter 90 Jahre,m,7635
09162,2017,85 bis unter 90 Jahre,f,12834
09162,2017,90 bis unter 95 Jahre,m,2551
09162,2017,90 bis unter 95 Jahre,f,6259
09162,2017,25 bis unter 30 Jahre,f,68871
09162,2017,25 bis unter 30 Jahre,m,64374
09162,2017,45 bis unter 50 Jahre,f,51206
09162,2017,45 bis unter 50 Jahre,m,53435
09162,2017,5 bis unter 10 Jahre,f,30554
09162,2017,5 bis unter 10 Jahre,m,31742
09162,2017,30 bis unter 35 Jahre,f,67608
09162,2017,30 bis unter 35 Jahre,m,67011
09162,2017,80 bis unter 85 Jahre,m,16041
09162,2017,80 bis unter 85 Jahre,f,23378
09162,2017,50 bis unter 55 Jahre,f,52797
09162,2017,50 bis unter 55 Jahre,m,54178
09162,2017,95 Jahre und mehr,f,1778
09162,2017,95 Jahre und mehr,m,555
09162,2017,60 bis unter 65 Jahre,m,32577
09162,2017,60 bis unter 65 Jahre,f,36816
06414,2017,70 bis unter 75 Jahre,f,6606
06414,2017,70 bis unter 75 Jahre,m,5504
06414,2017,25 bis unter 30 Jahre,m,8962
06414,2017,25 bis unter 30 Jahre,f,9759
06414,2017,5 bis unter 10 Jahre,m,6852
06414,2017,5 bis unter 10 Jahre,f,6500
06414,2017,50 bis unter 55 Jahre,f,11208
06414,2017,50 bis unter 55 Jahre,m,11248
06414,2017,90 bis unter 95 Jahre,f,1638
06414,2017,90 bis unter 95 Jahre,m,656
06414,2017,45 bis unter 50 Jahre,m,9876
06414,2017,45 bis unter 50 Jahre,f,10312
06414,2017,65 bis unter 70 Jahre,f,7611
06414,2017,65 bis unter 70 Jahre,m,6389
06414,2017,85 bis unter 90 Jahre,f,2932
06414,2017,85 bis unter 90 Jahre,m,1693
06414,2017,30 bis unter 35 Jahre,m,8966
06414,2017,30 bis unter 35 Jahre,f,9742
06414,2017,10 bis unter 15 Jahre,f,6377
06414,2017,10 bis unter 15 Jahre,m,6778
06414,2017,15 bis unter 20 Jahre,f,6532
06414,2017,15 bis unter 20 Jahre,m,7157
06414,2017,95 Jahre und mehr,f,596
06414,2017,95 Jahre und mehr,m,122
06414,2017,20 bis unter 25 Jahre,m,7841
06414,2017,20 bis unter 25 Jahre,f,8249
06414,2017,75 bis unter 80 Jahre,m,5681
06414,2017,75 bis unter 80 Jahre,f,7349
06414,2017,60 bis unter 65 Jahre,f,8324
06414,2017,60 bis unter 65 Jahre,m,7413
06414,2017,unter 5 Jahre,m,7620
06414,2017,unter 5 Jahre,f,7312
06414,2017,40 bis unter 45 Jahre,f,9308
06414,2017,40 bis unter 45 Jahre,m,8470
06414,2017,35 bis unter 40 Jahre,f,10180
06414,2017,35 bis unter 40 Jahre,m,8957
06414,2017,55 bis unter 60 Jahre,m,9278
06414,2017,55 bis unter 60 Jahre,f,9842
06414,2017,80 bis unter 85 Jahre,m,3685
06414,2017,80 bis unter 85 Jahre,f,5129
09776,2017,15 bis unter 20 Jahre,f,2129
09776,2017,15 bis unter 20 Jahre,m,2394
09776,2017,unter 5 Jahre,f,1771
09776,2017,unter 5 Jahre,m,1829
09776,2017,40 bis unter 45 Jahre,f,2341
09776,2017,40 bis unter 45 Jahre,m,2217
09776,2017,70 bis unter 75 Jahre,m,1874
09776,2017,70 bis unter 75 Jahre,f,2032
09776,2017,85 bis unter 90 Jahre,m,570
09776,2017,85 bis unter 90 Jahre,f,981
09776,2017,55 bis unter 60 Jahre,f,3189
09776,2017,55 bis unter 60 Jahre,m,3238
09776,2017,10 bis unter 15 Jahre,m,1922
09776,2017,10 bis unter 15 Jahre,f,1851
09776,2017,45 bis unter 50 Jahre,m,2984
09776,2017,45 bis unter 50 Jahre,f,3136
09776,2017,90 bis unter 95 Jahre,f,506
09776,2017,90 bis unter 95 Jahre,m,197
09776,2017,20 bis unter 25 Jahre,m,2201
09776,2017,20 bis unter 25 Jahre,f,1966
09776,2017,75 bis unter 80 Jahre,m,2091
09776,2017,75 bis unter 80 Jahre,f,2446
09776,2017,65 bis unter 70 Jahre,m,2115
09776,2017,65 bis unter 70 Jahre,f,2387
09776,2017,5 bis unter 10 Jahre,f,1623
09776,2017,5 bis unter 10 Jahre,m,1783
09776,2017,30 bis unter 35 Jahre,f,2274
09776,2017,30 bis unter 35 Jahre,m,2462
09776,2017,25 bis unter 30 Jahre,f,2203
09776,2017,25 bis unter 30 Jahre,m,2391
09776,2017,50 bis unter 55 Jahre,f,3639
09776,2017,50 bis unter 55 Jahre,m,3585
09776,2017,80 bis unter 85 Jahre,m,1223
09776,2017,80 bis unter 85 Jahre,f,1673
09776,2017,95 Jahre und mehr,m,41
09776,2017,95 Jahre und mehr,f,128
09776,2017,35 bis unter 40 Jahre,m,2399
09776,2017,35 bis unter 40 Jahre,f,2374
09776,2017,60 bis unter 65 Jahre,m,2449
09776,2017,60 bis unter 65 Jahre,f,2534
03355,2017,45 bis unter 50 Jahre,f,7155
03355,2017,45 bis unter 50 Jahre,m,6956
03355,2017,10 bis unter 15 Jahre,f,4347
03355,2017,10 bis unter 15 Jahre,m,4519
03355,2017,5 bis unter 10 Jahre,f,4105
03355,2017,5 bis unter 10 Jahre,m,4313
03355,2017,25 bis unter 30 Jahre,f,5389
03355,2017,25 bis unter 30 Jahre,m,5746
03355,2017,30 bis unter 35 Jahre,f,5264
03355,2017,30 bis unter 35 Jahre,m,5412
03355,2017,70 bis unter 75 Jahre,f,3987
03355,2017,70 bis unter 75 Jahre,m,3642
03355,2017,85 bis unter 90 Jahre,f,1872
03355,2017,85 bis unter 90 Jahre,m,985
03355,2017,65 bis unter 70 Jahre,m,4813
03355,2017,65 bis unter 70 Jahre,f,5136
03355,2017,60 bis unter 65 Jahre,m,5430
03355,2017,60 bis unter 65 Jahre,f,5741
03355,2017,80 bis unter 85 Jahre,f,3216
03355,2017,80 bis unter 85 Jahre,m,2196
03355,2017,35 bis unter 40 Jahre,m,5445
03355,2017,35 bis unter 40 Jahre,f,5835
03355,2017,55 bis unter 60 Jahre,m,6850
03355,2017,55 bis unter 60 Jahre,f,6875
03355,2017,95 Jahre und mehr,f,290
03355,2017,95 Jahre und mehr,m,52
03355,2017,90 bis unter 95 Jahre,f,962
03355,2017,90 bis unter 95 Jahre,m,321
03355,2017,unter 5 Jahre,f,4195
03355,2017,unter 5 Jahre,m,4437
03355,2017,75 bis unter 80 Jahre,f,4732
03355,2017,75 bis unter 80 Jahre,m,3975
03355,2017,15 bis unter 20 Jahre,m,5200
03355,2017,15 bis unter 20 Jahre,f,4921
03355,2017,50 bis unter 55 Jahre,m,8070
03355,2017,50 bis unter 55 Jahre,f,8209
03355,2017,20 bis unter 25 Jahre,f,5670
03355,2017,20 bis unter 25 Jahre,m,5684
03355,2017,40 bis unter 45 Jahre,m,5366
03355,2017,40 bis unter 45 Jahre,f,5617
08127,2017,90 bis unter 95 Jahre,m,360
08127,2017,90 bis unter 95 Jahre,f,1077
08127,2017,70 bis unter 75 Jahre,m,3392
08127,2017,70 bis unter 75 Jahre,f,3682
08127,2017,50 bis unter 55 Jahre,m,8330
08127,2017,50 bis unter 55 Jahre,f,8016
08127,2017,15 bis unter 20 Jahre,f,5104
08127,2017,15 bis unter 20 Jahre,m,5721
08127,2017,30 bis unter 35 Jahre,m,6700
08127,2017,30 bis unter 35 Jahre,f,5894
08127,2017,35 bis unter 40 Jahre,f,5701
08127,2017,35 bis unter 40 Jahre,m,6190
08127,2017,65 bis unter 70 Jahre,m,5334
08127,2017,65 bis unter 70 Jahre,f,5414
08127,2017,75 bis unter 80 Jahre,f,4592
08127,2017,75 bis unter 80 Jahre,m,3690
08127,2017,5 bis unter 10 Jahre,m,4549
08127,2017,5 bis unter 10 Jahre,f,4418
08127,2017,85 bis unter 90 Jahre,f,2094
08127,2017,85 bis unter 90 Jahre,m,1152
08127,2017,40 bis unter 45 Jahre,f,5622
08127,2017,40 bis unter 45 Jahre,m,5809
08127,2017,20 bis unter 25 Jahre,f,5201
08127,2017,20 bis unter 25 Jahre,m,6024
08127,2017,10 bis unter 15 Jahre,m,4933
08127,2017,10 bis unter 15 Jahre,f,4674
08127,2017,80 bis unter 85 Jahre,m,2400
08127,2017,80 bis unter 85 Jahre,f,3452
08127,2017,60 bis unter 65 Jahre,m,6328
08127,2017,60 bis unter 65 Jahre,f,6727
08127,2017,95 Jahre und mehr,f,260
08127,2017,95 Jahre und mehr,m,64
08127,2017,55 bis unter 60 Jahre,m,7844
08127,2017,55 bis unter 60 Jahre,f,7514
08127,2017,25 bis unter 30 Jahre,f,5745
08127,2017,25 bis unter 30 Jahre,m,6537
08127,2017,unter 5 Jahre,m,4926
08127,2017,unter 5 Jahre,f,4654
08127,2017,45 bis unter 50 Jahre,m,7112
08127,2017,45 bis unter 50 Jahre,f,6967
08435,2017,25 bis unter 30 Jahre,f,5975
08435,2017,25 bis unter 30 Jahre,m,6422
08435,2017,45 bis unter 50 Jahre,f,7745
08435,2017,45 bis unter 50 Jahre,m,7673
08435,2017,65 bis unter 70 Jahre,f,6585
08435,2017,65 bis unter 70 Jahre,m,5990
08435,2017,60 bis unter 65 Jahre,m,6446
08435,2017,60 bis unter 65 Jahre,f,7068
08435,2017,30 bis unter 35 Jahre,f,6144
08435,2017,30 bis unter 35 Jahre,m,6258
08435,2017,95 Jahre und mehr,m,78
08435,2017,95 Jahre und mehr,f,344
08435,2017,5 bis unter 10 Jahre,f,4627
08435,2017,5 bis unter 10 Jahre,m,4908
08435,2017,unter 5 Jahre,m,5025
08435,2017,unter 5 Jahre,f,4806
08435,2017,55 bis unter 60 Jahre,m,8012
08435,2017,55 bis unter 60 Jahre,f,8484
08435,2017,10 bis unter 15 Jahre,m,5108
08435,2017,10 bis unter 15 Jahre,f,4836
08435,2017,75 bis unter 80 Jahre,m,5531
08435,2017,75 bis unter 80 Jahre,f,6608
08435,2017,90 bis unter 95 Jahre,f,1140
08435,2017,90 bis unter 95 Jahre,m,468
08435,2017,85 bis unter 90 Jahre,f,2304
08435,2017,85 bis unter 90 Jahre,m,1440
08435,2017,80 bis unter 85 Jahre,m,3315
08435,2017,80 bis unter 85 Jahre,f,4041
08435,2017,15 bis unter 20 Jahre,f,5545
08435,2017,15 bis unter 20 Jahre,m,6161
08435,2017,35 bis unter 40 Jahre,f,6474
08435,2017,35 bis unter 40 Jahre,m,6559
08435,2017,20 bis unter 25 Jahre,f,5481
08435,2017,20 bis unter 25 Jahre,m,6249
08435,2017,40 bis unter 45 Jahre,f,6109
08435,2017,40 bis unter 45 Jahre,m,6127
08435,2017,70 bis unter 75 Jahre,m,4831
08435,2017,70 bis unter 75 Jahre,f,5452
08435,2017,50 bis unter 55 Jahre,m,9192
08435,2017,50 bis unter 55 Jahre,f,9094
05515,2017,90 bis unter 95 Jahre,f,1694
05515,2017,90 bis unter 95 Jahre,m,631
05515,2017,45 bis unter 50 Jahre,m,9968
05515,2017,45 bis unter 50 Jahre,f,9991
05515,2017,70 bis unter 75 Jahre,f,5687
05515,2017,70 bis unter 75 Jahre,m,4757
05515,2017,25 bis unter 30 Jahre,m,15421
05515,2017,25 bis unter 30 Jahre,f,16021
05515,2017,5 bis unter 10 Jahre,m,6510
05515,2017,5 bis unter 10 Jahre,f,6154
05515,2017,50 bis unter 55 Jahre,f,11672
05515,2017,50 bis unter 55 Jahre,m,11207
05515,2017,10 bis unter 15 Jahre,m,6345
05515,2017,10 bis unter 15 Jahre,f,5955
05515,2017,85 bis unter 90 Jahre,f,3320
05515,2017,85 bis unter 90 Jahre,m,1768
05515,2017,65 bis unter 70 Jahre,m,6385
05515,2017,65 bis unter 70 Jahre,f,7105
05515,2017,80 bis unter 85 Jahre,m,3459
05515,2017,80 bis unter 85 Jahre,f,5371
05515,2017,60 bis unter 65 Jahre,m,8133
05515,2017,60 bis unter 65 Jahre,f,8651
05515,2017,55 bis unter 60 Jahre,f,10414
05515,2017,55 bis unter 60 Jahre,m,9808
05515,2017,unter 5 Jahre,f,6930
05515,2017,unter 5 Jahre,m,7473
05515,2017,35 bis unter 40 Jahre,m,10185
05515,2017,35 bis unter 40 Jahre,f,10113
05515,2017,75 bis unter 80 Jahre,m,5206
05515,2017,75 bis unter 80 Jahre,f,6992
05515,2017,20 bis unter 25 Jahre,f,17754
05515,2017,20 bis unter 25 Jahre,m,13793
05515,2017,40 bis unter 45 Jahre,m,8805
05515,2017,40 bis unter 45 Jahre,f,8654
05515,2017,15 bis unter 20 Jahre,m,7661
05515,2017,15 bis unter 20 Jahre,f,7854
05515,2017,95 Jahre und mehr,f,522
05515,2017,95 Jahre und mehr,m,144
05515,2017,30 bis unter 35 Jahre,f,12345
05515,2017,30 bis unter 35 Jahre,m,12701
07313,2017,85 bis unter 90 Jahre,f,502
07313,2017,85 bis unter 90 Jahre,m,253
07313,2017,50 bis unter 55 Jahre,f,1925
07313,2017,50 bis unter 55 Jahre,m,1893
07313,2017,30 bis unter 35 Jahre,f,1461
07313,2017,30 bis unter 35 Jahre,m,1562
07313,2017,10 bis unter 15 Jahre,f,945
07313,2017,10 bis unter 15 Jahre,m,915
07313,2017,45 bis unter 50 Jahre,m,1554
07313,2017,45 bis unter 50 Jahre,f,1572
07313,2017,90 bis unter 95 Jahre,f,291
07313,2017,90 bis unter 95 Jahre,m,74
07313,2017,25 bis unter 30 Jahre,f,1857
07313,2017,25 bis unter 30 Jahre,m,1790
07313,2017,95 Jahre und mehr,m,11
07313,2017,95 Jahre und mehr,f,78
07313,2017,80 bis unter 85 Jahre,m,570
07313,2017,80 bis unter 85 Jahre,f,879
07313,2017,65 bis unter 70 Jahre,f,1253
07313,2017,65 bis unter 70 Jahre,m,1108
07313,2017,5 bis unter 10 Jahre,m,944
07313,2017,5 bis unter 10 Jahre,f,930
07313,2017,70 bis unter 75 Jahre,m,772
07313,2017,70 bis unter 75 Jahre,f,962
07313,2017,60 bis unter 65 Jahre,m,1337
07313,2017,60 bis unter 65 Jahre,f,1444
07313,2017,40 bis unter 45 Jahre,m,1241
07313,2017,40 bis unter 45 Jahre,f,1228
07313,2017,35 bis unter 40 Jahre,m,1322
07313,2017,35 bis unter 40 Jahre,f,1266
07313,2017,75 bis unter 80 Jahre,f,1160
07313,2017,75 bis unter 80 Jahre,m,884
07313,2017,20 bis unter 25 Jahre,f,2827
07313,2017,20 bis unter 25 Jahre,m,1732
07313,2017,55 bis unter 60 Jahre,f,1712
07313,2017,55 bis unter 60 Jahre,m,1679
07313,2017,15 bis unter 20 Jahre,m,1167
07313,2017,15 bis unter 20 Jahre,f,1158
07313,2017,unter 5 Jahre,f,964
07313,2017,unter 5 Jahre,m,1070
07314,2017,15 bis unter 20 Jahre,m,4357
07314,2017,15 bis unter 20 Jahre,f,4120
07314,2017,60 bis unter 65 Jahre,f,4902
07314,2017,60 bis unter 65 Jahre,m,4651
07314,2017,35 bis unter 40 Jahre,m,5658
07314,2017,35 bis unter 40 Jahre,f,5450
07314,2017,80 bis unter 85 Jahre,f,3261
07314,2017,80 bis unter 85 Jahre,m,2288
07314,2017,40 bis unter 45 Jahre,f,5060
07314,2017,40 bis unter 45 Jahre,m,5402
07314,2017,20 bis unter 25 Jahre,m,5455
07314,2017,20 bis unter 25 Jahre,f,5073
07314,2017,unter 5 Jahre,m,4711
07314,2017,unter 5 Jahre,f,4601
07314,2017,75 bis unter 80 Jahre,f,4198
07314,2017,75 bis unter 80 Jahre,m,3368
07314,2017,55 bis unter 60 Jahre,m,6090
07314,2017,55 bis unter 60 Jahre,f,5786
07314,2017,90 bis unter 95 Jahre,m,297
07314,2017,90 bis unter 95 Jahre,f,846
07314,2017,5 bis unter 10 Jahre,f,4002
07314,2017,5 bis unter 10 Jahre,m,4315
07314,2017,85 bis unter 90 Jahre,m,1049
07314,2017,85 bis unter 90 Jahre,f,1836
07314,2017,10 bis unter 15 Jahre,m,4187
07314,2017,10 bis unter 15 Jahre,f,3801
07314,2017,30 bis unter 35 Jahre,f,5595
07314,2017,30 bis unter 35 Jahre,m,6005
07314,2017,25 bis unter 30 Jahre,m,6245
07314,2017,25 bis unter 30 Jahre,f,5775
07314,2017,70 bis unter 75 Jahre,f,3372
07314,2017,70 bis unter 75 Jahre,m,3032
07314,2017,45 bis unter 50 Jahre,m,5995
07314,2017,45 bis unter 50 Jahre,f,5727
07314,2017,95 Jahre und mehr,f,235
07314,2017,95 Jahre und mehr,m,48
07314,2017,65 bis unter 70 Jahre,m,3842
07314,2017,65 bis unter 70 Jahre,f,4582
07314,2017,50 bis unter 55 Jahre,f,6382
07314,2017,50 bis unter 55 Jahre,m,6898
09774,2017,50 bis unter 55 Jahre,m,5545
09774,2017,50 bis unter 55 Jahre,f,5287
09774,2017,70 bis unter 75 Jahre,m,2437
09774,2017,70 bis unter 75 Jahre,f,2514
09774,2017,30 bis unter 35 Jahre,m,3969
09774,2017,30 bis unter 35 Jahre,f,3511
09774,2017,15 bis unter 20 Jahre,f,3189
09774,2017,15 bis unter 20 Jahre,m,3706
09774,2017,90 bis unter 95 Jahre,f,561
09774,2017,90 bis unter 95 Jahre,m,197
09774,2017,45 bis unter 50 Jahre,m,4718
09774,2017,45 bis unter 50 Jahre,f,4660
09774,2017,10 bis unter 15 Jahre,m,3065
09774,2017,10 bis unter 15 Jahre,f,2892
09774,2017,85 bis unter 90 Jahre,m,708
09774,2017,85 bis unter 90 Jahre,f,1272
09774,2017,65 bis unter 70 Jahre,f,3291
09774,2017,65 bis unter 70 Jahre,m,3353
09774,2017,20 bis unter 25 Jahre,f,3433
09774,2017,20 bis unter 25 Jahre,m,3894
09774,2017,55 bis unter 60 Jahre,f,5013
09774,2017,55 bis unter 60 Jahre,m,5022
09774,2017,unter 5 Jahre,f,2801
09774,2017,unter 5 Jahre,m,3007
09774,2017,75 bis unter 80 Jahre,f,3018
09774,2017,75 bis unter 80 Jahre,m,2637
09774,2017,60 bis unter 65 Jahre,m,4089
09774,2017,60 bis unter 65 Jahre,f,4012
09774,2017,80 bis unter 85 Jahre,m,1549
09774,2017,80 bis unter 85 Jahre,f,2235
09774,2017,95 Jahre und mehr,m,35
09774,2017,95 Jahre und mehr,f,159
09774,2017,35 bis unter 40 Jahre,m,3808
09774,2017,35 bis unter 40 Jahre,f,3673
09774,2017,5 bis unter 10 Jahre,f,2667
09774,2017,5 bis unter 10 Jahre,m,2903
09774,2017,40 bis unter 45 Jahre,f,3753
09774,2017,40 bis unter 45 Jahre,m,3934
09774,2017,25 bis unter 30 Jahre,m,4275
09774,2017,25 bis unter 30 Jahre,f,3727
09779,2017,90 bis unter 95 Jahre,f,696
09779,2017,90 bis unter 95 Jahre,m,232
09779,2017,70 bis unter 75 Jahre,f,2725
09779,2017,70 bis unter 75 Jahre,m,2470
09779,2017,10 bis unter 15 Jahre,m,3299
09779,2017,10 bis unter 15 Jahre,f,3135
09779,2017,25 bis unter 30 Jahre,m,4422
09779,2017,25 bis unter 30 Jahre,f,3711
09779,2017,65 bis unter 70 Jahre,m,3570
09779,2017,65 bis unter 70 Jahre,f,3555
09779,2017,30 bis unter 35 Jahre,m,4445
09779,2017,30 bis unter 35 Jahre,f,3756
09779,2017,85 bis unter 90 Jahre,f,1440
09779,2017,85 bis unter 90 Jahre,m,777
09779,2017,45 bis unter 50 Jahre,m,4985
09779,2017,45 bis unter 50 Jahre,f,4772
09779,2017,95 Jahre und mehr,m,34
09779,2017,95 Jahre und mehr,f,179
09779,2017,5 bis unter 10 Jahre,m,3055
09779,2017,5 bis unter 10 Jahre,f,2942
09779,2017,50 bis unter 55 Jahre,f,5491
09779,2017,50 bis unter 55 Jahre,m,5892
09779,2017,35 bis unter 40 Jahre,f,3925
09779,2017,35 bis unter 40 Jahre,m,4283
09779,2017,55 bis unter 60 Jahre,f,5190
09779,2017,55 bis unter 60 Jahre,m,5362
09779,2017,60 bis unter 65 Jahre,m,4329
09779,2017,60 bis unter 65 Jahre,f,4238
09779,2017,80 bis unter 85 Jahre,f,2463
09779,2017,80 bis unter 85 Jahre,m,1696
09779,2017,unter 5 Jahre,m,3251
09779,2017,unter 5 Jahre,f,2936
09779,2017,15 bis unter 20 Jahre,m,3954
09779,2017,15 bis unter 20 Jahre,f,3531
09779,2017,20 bis unter 25 Jahre,m,4209
09779,2017,20 bis unter 25 Jahre,f,3524
09779,2017,40 bis unter 45 Jahre,f,3959
09779,2017,40 bis unter 45 Jahre,m,4339
09779,2017,75 bis unter 80 Jahre,f,3316
09779,2017,75 bis unter 80 Jahre,m,2955
05170,2017,20 bis unter 25 Jahre,m,12326
05170,2017,20 bis unter 25 Jahre,f,10571
05170,2017,40 bis unter 45 Jahre,m,12081
05170,2017,40 bis unter 45 Jahre,f,12536
05170,2017,unter 5 Jahre,m,10071
05170,2017,unter 5 Jahre,f,9555
05170,2017,60 bis unter 65 Jahre,f,17324
05170,2017,60 bis unter 65 Jahre,m,16476
05170,2017,15 bis unter 20 Jahre,m,11828
05170,2017,15 bis unter 20 Jahre,f,10972
05170,2017,75 bis unter 80 Jahre,f,13490
05170,2017,75 bis unter 80 Jahre,m,10730
05170,2017,55 bis unter 60 Jahre,m,19374
05170,2017,55 bis unter 60 Jahre,f,20064
05170,2017,80 bis unter 85 Jahre,m,7195
05170,2017,80 bis unter 85 Jahre,f,10145
05170,2017,35 bis unter 40 Jahre,f,13028
05170,2017,35 bis unter 40 Jahre,m,12623
05170,2017,25 bis unter 30 Jahre,f,12265
05170,2017,25 bis unter 30 Jahre,m,13501
05170,2017,95 Jahre und mehr,m,144
05170,2017,95 Jahre und mehr,f,604
05170,2017,70 bis unter 75 Jahre,f,11406
05170,2017,70 bis unter 75 Jahre,m,9949
05170,2017,45 bis unter 50 Jahre,f,17275
05170,2017,45 bis unter 50 Jahre,m,16517
05170,2017,30 bis unter 35 Jahre,m,12620
05170,2017,30 bis unter 35 Jahre,f,12719
05170,2017,90 bis unter 95 Jahre,f,2661
05170,2017,90 bis unter 95 Jahre,m,933
05170,2017,50 bis unter 55 Jahre,m,20617
05170,2017,50 bis unter 55 Jahre,f,21289
05170,2017,85 bis unter 90 Jahre,m,3398
05170,2017,85 bis unter 90 Jahre,f,5881
05170,2017,65 bis unter 70 Jahre,m,13952
05170,2017,65 bis unter 70 Jahre,f,15219
05170,2017,5 bis unter 10 Jahre,m,9751
05170,2017,5 bis unter 10 Jahre,f,9288
05170,2017,10 bis unter 15 Jahre,f,9756
05170,2017,10 bis unter 15 Jahre,m,10532
09576,2017,60 bis unter 65 Jahre,m,4217
09576,2017,60 bis unter 65 Jahre,f,4270
09576,2017,40 bis unter 45 Jahre,m,3657
09576,2017,40 bis unter 45 Jahre,f,3708
09576,2017,20 bis unter 25 Jahre,m,3817
09576,2017,20 bis unter 25 Jahre,f,3236
09576,2017,unter 5 Jahre,m,3012
09576,2017,unter 5 Jahre,f,2839
09576,2017,80 bis unter 85 Jahre,f,2310
09576,2017,80 bis unter 85 Jahre,m,1740
09576,2017,5 bis unter 10 Jahre,f,2686
09576,2017,5 bis unter 10 Jahre,m,2817
09576,2017,35 bis unter 40 Jahre,m,3840
09576,2017,35 bis unter 40 Jahre,f,3745
09576,2017,45 bis unter 50 Jahre,f,4861
09576,2017,45 bis unter 50 Jahre,m,4862
09576,2017,75 bis unter 80 Jahre,m,2856
09576,2017,75 bis unter 80 Jahre,f,3443
09576,2017,30 bis unter 35 Jahre,f,3478
09576,2017,30 bis unter 35 Jahre,m,3553
09576,2017,15 bis unter 20 Jahre,m,3521
09576,2017,15 bis unter 20 Jahre,f,3307
09576,2017,25 bis unter 30 Jahre,f,3335
09576,2017,25 bis unter 30 Jahre,m,3640
09576,2017,95 Jahre und mehr,m,28
09576,2017,95 Jahre und mehr,f,133
09576,2017,50 bis unter 55 Jahre,f,5730
09576,2017,50 bis unter 55 Jahre,m,5832
09576,2017,70 bis unter 75 Jahre,m,2664
09576,2017,70 bis unter 75 Jahre,f,2819
09576,2017,90 bis unter 95 Jahre,m,206
09576,2017,90 bis unter 95 Jahre,f,591
09576,2017,85 bis unter 90 Jahre,m,715
09576,2017,85 bis unter 90 Jahre,f,1354
09576,2017,65 bis unter 70 Jahre,m,3462
09576,2017,65 bis unter 70 Jahre,f,3642
09576,2017,10 bis unter 15 Jahre,m,2912
09576,2017,10 bis unter 15 Jahre,f,2800
09576,2017,55 bis unter 60 Jahre,f,5113
09576,2017,55 bis unter 60 Jahre,m,5350
07143,2017,60 bis unter 65 Jahre,m,6858
07143,2017,60 bis unter 65 Jahre,f,6901
07143,2017,40 bis unter 45 Jahre,m,5713
07143,2017,40 bis unter 45 Jahre,f,5709
07143,2017,20 bis unter 25 Jahre,m,5701
07143,2017,20 bis unter 25 Jahre,f,4734
07143,2017,unter 5 Jahre,m,4678
07143,2017,unter 5 Jahre,f,4345
07143,2017,35 bis unter 40 Jahre,m,5810
07143,2017,35 bis unter 40 Jahre,f,5866
07143,2017,80 bis unter 85 Jahre,f,3916
07143,2017,80 bis unter 85 Jahre,m,2889
07143,2017,5 bis unter 10 Jahre,f,4408
07143,2017,5 bis unter 10 Jahre,m,4620
07143,2017,45 bis unter 50 Jahre,f,7689
07143,2017,45 bis unter 50 Jahre,m,7688
07143,2017,75 bis unter 80 Jahre,m,4267
07143,2017,75 bis unter 80 Jahre,f,5200
07143,2017,30 bis unter 35 Jahre,f,5591
07143,2017,30 bis unter 35 Jahre,m,5821
07143,2017,15 bis unter 20 Jahre,m,5546
07143,2017,15 bis unter 20 Jahre,f,5245
07143,2017,50 bis unter 55 Jahre,f,8992
07143,2017,50 bis unter 55 Jahre,m,9447
07143,2017,25 bis unter 30 Jahre,f,5352
07143,2017,25 bis unter 30 Jahre,m,5879
07143,2017,85 bis unter 90 Jahre,m,1303
07143,2017,85 bis unter 90 Jahre,f,2229
07143,2017,65 bis unter 70 Jahre,m,5919
07143,2017,65 bis unter 70 Jahre,f,6093
07143,2017,90 bis unter 95 Jahre,m,395
07143,2017,90 bis unter 95 Jahre,f,1115
07143,2017,70 bis unter 75 Jahre,m,3946
07143,2017,70 bis unter 75 Jahre,f,4264
07143,2017,10 bis unter 15 Jahre,m,4959
07143,2017,10 bis unter 15 Jahre,f,4599
07143,2017,55 bis unter 60 Jahre,f,8455
07143,2017,55 bis unter 60 Jahre,m,8513
07143,2017,95 Jahre und mehr,m,60
07143,2017,95 Jahre und mehr,f,324
03155,2017,90 bis unter 95 Jahre,m,361
03155,2017,90 bis unter 95 Jahre,f,1036
03155,2017,50 bis unter 55 Jahre,m,5880
03155,2017,50 bis unter 55 Jahre,f,5987
03155,2017,85 bis unter 90 Jahre,m,1069
03155,2017,85 bis unter 90 Jahre,f,1913
03155,2017,70 bis unter 75 Jahre,m,3102
03155,2017,70 bis unter 75 Jahre,f,3203
03155,2017,30 bis unter 35 Jahre,m,3348
03155,2017,30 bis unter 35 Jahre,f,3108
03155,2017,unter 5 Jahre,f,2576
03155,2017,unter 5 Jahre,m,2721
03155,2017,15 bis unter 20 Jahre,f,3266
03155,2017,15 bis unter 20 Jahre,m,3536
03155,2017,45 bis unter 50 Jahre,m,4768
03155,2017,45 bis unter 50 Jahre,f,4919
03155,2017,95 Jahre und mehr,m,66
03155,2017,95 Jahre und mehr,f,250
03155,2017,5 bis unter 10 Jahre,m,2704
03155,2017,5 bis unter 10 Jahre,f,2569
03155,2017,75 bis unter 80 Jahre,f,4418
03155,2017,75 bis unter 80 Jahre,m,3489
03155,2017,20 bis unter 25 Jahre,f,3059
03155,2017,20 bis unter 25 Jahre,m,3486
03155,2017,40 bis unter 45 Jahre,f,3461
03155,2017,40 bis unter 45 Jahre,m,3498
03155,2017,65 bis unter 70 Jahre,m,4472
03155,2017,65 bis unter 70 Jahre,f,4505
03155,2017,10 bis unter 15 Jahre,m,2934
03155,2017,10 bis unter 15 Jahre,f,2754
03155,2017,55 bis unter 60 Jahre,m,5862
03155,2017,55 bis unter 60 Jahre,f,5781
03155,2017,25 bis unter 30 Jahre,f,3164
03155,2017,25 bis unter 30 Jahre,m,3487
03155,2017,80 bis unter 85 Jahre,m,2396
03155,2017,80 bis unter 85 Jahre,f,3316
03155,2017,60 bis unter 65 Jahre,f,4839
03155,2017,60 bis unter 65 Jahre,m,4949
03155,2017,35 bis unter 40 Jahre,m,3369
03155,2017,35 bis unter 40 Jahre,f,3425
09373,2017,15 bis unter 20 Jahre,f,3521
09373,2017,15 bis unter 20 Jahre,m,3890
09373,2017,35 bis unter 40 Jahre,f,3977
09373,2017,35 bis unter 40 Jahre,m,4207
09373,2017,55 bis unter 60 Jahre,f,5245
09373,2017,55 bis unter 60 Jahre,m,5582
09373,2017,90 bis unter 95 Jahre,m,228
09373,2017,90 bis unter 95 Jahre,f,618
09373,2017,75 bis unter 80 Jahre,f,3208
09373,2017,75 bis unter 80 Jahre,m,2639
09373,2017,70 bis unter 75 Jahre,m,2292
09373,2017,70 bis unter 75 Jahre,f,2514
09373,2017,40 bis unter 45 Jahre,f,3852
09373,2017,40 bis unter 45 Jahre,m,4135
09373,2017,30 bis unter 35 Jahre,m,4157
09373,2017,30 bis unter 35 Jahre,f,3717
09373,2017,unter 5 Jahre,f,3000
09373,2017,unter 5 Jahre,m,3247
09373,2017,10 bis unter 15 Jahre,m,3091
09373,2017,10 bis unter 15 Jahre,f,3045
09373,2017,20 bis unter 25 Jahre,m,4379
09373,2017,20 bis unter 25 Jahre,f,3649
09373,2017,65 bis unter 70 Jahre,m,3671
09373,2017,65 bis unter 70 Jahre,f,3534
09373,2017,85 bis unter 90 Jahre,m,722
09373,2017,85 bis unter 90 Jahre,f,1376
09373,2017,25 bis unter 30 Jahre,f,3833
09373,2017,25 bis unter 30 Jahre,m,4455
09373,2017,45 bis unter 50 Jahre,f,4949
09373,2017,45 bis unter 50 Jahre,m,5227
09373,2017,5 bis unter 10 Jahre,f,2852
09373,2017,5 bis unter 10 Jahre,m,3034
09373,2017,80 bis unter 85 Jahre,m,1566
09373,2017,80 bis unter 85 Jahre,f,2325
09373,2017,50 bis unter 55 Jahre,f,5865
09373,2017,50 bis unter 55 Jahre,m,6066
09373,2017,60 bis unter 65 Jahre,f,4371
09373,2017,60 bis unter 65 Jahre,m,4399
09373,2017,95 Jahre und mehr,m,50
09373,2017,95 Jahre und mehr,f,156
09275,2017,85 bis unter 90 Jahre,m,1188
09275,2017,85 bis unter 90 Jahre,f,2210
09275,2017,50 bis unter 55 Jahre,m,8162
09275,2017,50 bis unter 55 Jahre,f,8108
09275,2017,95 Jahre und mehr,m,60
09275,2017,95 Jahre und mehr,f,229
09275,2017,70 bis unter 75 Jahre,m,4188
09275,2017,70 bis unter 75 Jahre,f,4536
09275,2017,65 bis unter 70 Jahre,m,5782
09275,2017,65 bis unter 70 Jahre,f,6093
09275,2017,90 bis unter 95 Jahre,m,334
09275,2017,90 bis unter 95 Jahre,f,1004
09275,2017,10 bis unter 15 Jahre,m,4394
09275,2017,10 bis unter 15 Jahre,f,4012
09275,2017,25 bis unter 30 Jahre,m,5687
09275,2017,25 bis unter 30 Jahre,f,5154
09275,2017,20 bis unter 25 Jahre,f,4936
09275,2017,20 bis unter 25 Jahre,m,5695
09275,2017,55 bis unter 60 Jahre,f,8003
09275,2017,55 bis unter 60 Jahre,m,7961
09275,2017,45 bis unter 50 Jahre,f,7074
09275,2017,45 bis unter 50 Jahre,m,7371
09275,2017,75 bis unter 80 Jahre,f,5183
09275,2017,75 bis unter 80 Jahre,m,4248
09275,2017,80 bis unter 85 Jahre,m,2530
09275,2017,80 bis unter 85 Jahre,f,3753
09275,2017,unter 5 Jahre,f,3983
09275,2017,unter 5 Jahre,m,4090
09275,2017,60 bis unter 65 Jahre,m,6620
09275,2017,60 bis unter 65 Jahre,f,6821
09275,2017,40 bis unter 45 Jahre,m,5670
09275,2017,40 bis unter 45 Jahre,f,5505
09275,2017,35 bis unter 40 Jahre,m,5861
09275,2017,35 bis unter 40 Jahre,f,5524
09275,2017,5 bis unter 10 Jahre,f,3885
09275,2017,5 bis unter 10 Jahre,m,4101
09275,2017,30 bis unter 35 Jahre,f,5172
09275,2017,30 bis unter 35 Jahre,m,5416
09275,2017,15 bis unter 20 Jahre,m,5247
09275,2017,15 bis unter 20 Jahre,f,4714
05512,2017,15 bis unter 20 Jahre,f,2824
05512,2017,15 bis unter 20 Jahre,m,3092
05512,2017,90 bis unter 95 Jahre,m,251
05512,2017,90 bis unter 95 Jahre,f,742
05512,2017,55 bis unter 60 Jahre,f,4997
05512,2017,55 bis unter 60 Jahre,m,4799
05512,2017,35 bis unter 40 Jahre,f,3468
05512,2017,35 bis unter 40 Jahre,m,3469
05512,2017,70 bis unter 75 Jahre,m,2407
05512,2017,70 bis unter 75 Jahre,f,2780
05512,2017,40 bis unter 45 Jahre,f,3318
05512,2017,40 bis unter 45 Jahre,m,3381
05512,2017,75 bis unter 80 Jahre,f,3237
05512,2017,75 bis unter 80 Jahre,m,2502
05512,2017,unter 5 Jahre,f,2388
05512,2017,unter 5 Jahre,m,2615
05512,2017,10 bis unter 15 Jahre,m,2577
05512,2017,10 bis unter 15 Jahre,f,2462
05512,2017,20 bis unter 25 Jahre,m,3386
05512,2017,20 bis unter 25 Jahre,f,2905
05512,2017,30 bis unter 35 Jahre,m,3330
05512,2017,30 bis unter 35 Jahre,f,3286
05512,2017,85 bis unter 90 Jahre,m,788
05512,2017,85 bis unter 90 Jahre,f,1606
05512,2017,65 bis unter 70 Jahre,m,3383
05512,2017,65 bis unter 70 Jahre,f,3834
05512,2017,25 bis unter 30 Jahre,f,3351
05512,2017,25 bis unter 30 Jahre,m,3598
05512,2017,5 bis unter 10 Jahre,f,2330
05512,2017,5 bis unter 10 Jahre,m,2478
05512,2017,95 Jahre und mehr,m,24
05512,2017,95 Jahre und mehr,f,174
05512,2017,50 bis unter 55 Jahre,f,5168
05512,2017,50 bis unter 55 Jahre,m,5073
05512,2017,80 bis unter 85 Jahre,m,1544
05512,2017,80 bis unter 85 Jahre,f,2609
05512,2017,45 bis unter 50 Jahre,m,4264
05512,2017,45 bis unter 50 Jahre,f,4332
05512,2017,60 bis unter 65 Jahre,f,4437
05512,2017,60 bis unter 65 Jahre,m,4155
09271,2017,10 bis unter 15 Jahre,f,2635
09271,2017,10 bis unter 15 Jahre,m,2710
09271,2017,45 bis unter 50 Jahre,f,4341
09271,2017,45 bis unter 50 Jahre,m,4442
09271,2017,65 bis unter 70 Jahre,f,3528
09271,2017,65 bis unter 70 Jahre,m,3365
09271,2017,85 bis unter 90 Jahre,f,1309
09271,2017,85 bis unter 90 Jahre,m,653
09271,2017,5 bis unter 10 Jahre,m,2581
09271,2017,5 bis unter 10 Jahre,f,2410
09271,2017,80 bis unter 85 Jahre,m,1436
09271,2017,80 bis unter 85 Jahre,f,2171
09271,2017,50 bis unter 55 Jahre,f,4988
09271,2017,50 bis unter 55 Jahre,m,5082
09271,2017,25 bis unter 30 Jahre,f,3427
09271,2017,25 bis unter 30 Jahre,m,4025
09271,2017,95 Jahre und mehr,m,23
09271,2017,95 Jahre und mehr,f,127
09271,2017,40 bis unter 45 Jahre,m,3619
09271,2017,40 bis unter 45 Jahre,f,3518
09271,2017,90 bis unter 95 Jahre,f,539
09271,2017,90 bis unter 95 Jahre,m,201
09271,2017,70 bis unter 75 Jahre,m,2410
09271,2017,70 bis unter 75 Jahre,f,2652
09271,2017,60 bis unter 65 Jahre,m,3957
09271,2017,60 bis unter 65 Jahre,f,4046
09271,2017,35 bis unter 40 Jahre,m,3699
09271,2017,35 bis unter 40 Jahre,f,3568
09271,2017,unter 5 Jahre,f,2524
09271,2017,unter 5 Jahre,m,2576
09271,2017,55 bis unter 60 Jahre,f,4993
09271,2017,55 bis unter 60 Jahre,m,4912
09271,2017,15 bis unter 20 Jahre,f,2972
09271,2017,15 bis unter 20 Jahre,m,3372
09271,2017,20 bis unter 25 Jahre,f,3443
09271,2017,20 bis unter 25 Jahre,m,3964
09271,2017,75 bis unter 80 Jahre,f,2955
09271,2017,75 bis unter 80 Jahre,m,2425
09271,2017,30 bis unter 35 Jahre,m,3741
09271,2017,30 bis unter 35 Jahre,f,3402
09262,2017,60 bis unter 65 Jahre,m,1403
09262,2017,60 bis unter 65 Jahre,f,1630
09262,2017,40 bis unter 45 Jahre,m,1339
09262,2017,40 bis unter 45 Jahre,f,1301
09262,2017,20 bis unter 25 Jahre,m,2400
09262,2017,20 bis unter 25 Jahre,f,2788
09262,2017,unter 5 Jahre,m,958
09262,2017,unter 5 Jahre,f,947
09262,2017,35 bis unter 40 Jahre,m,1510
09262,2017,35 bis unter 40 Jahre,f,1486
09262,2017,5 bis unter 10 Jahre,f,893
09262,2017,5 bis unter 10 Jahre,m,882
09262,2017,80 bis unter 85 Jahre,f,971
09262,2017,80 bis unter 85 Jahre,m,685
09262,2017,45 bis unter 50 Jahre,f,1518
09262,2017,45 bis unter 50 Jahre,m,1578
09262,2017,75 bis unter 80 Jahre,m,1144
09262,2017,75 bis unter 80 Jahre,f,1531
09262,2017,30 bis unter 35 Jahre,f,1679
09262,2017,30 bis unter 35 Jahre,m,2036
09262,2017,15 bis unter 20 Jahre,m,1207
09262,2017,15 bis unter 20 Jahre,f,1317
09262,2017,50 bis unter 55 Jahre,f,1746
09262,2017,50 bis unter 55 Jahre,m,1816
09262,2017,25 bis unter 30 Jahre,f,2381
09262,2017,25 bis unter 30 Jahre,m,2603
09262,2017,95 Jahre und mehr,f,77
09262,2017,95 Jahre und mehr,m,15
09262,2017,85 bis unter 90 Jahre,m,271
09262,2017,85 bis unter 90 Jahre,f,682
09262,2017,90 bis unter 95 Jahre,m,118
09262,2017,90 bis unter 95 Jahre,f,352
09262,2017,70 bis unter 75 Jahre,m,1055
09262,2017,70 bis unter 75 Jahre,f,1342
09262,2017,65 bis unter 70 Jahre,m,1283
09262,2017,65 bis unter 70 Jahre,f,1591
09262,2017,10 bis unter 15 Jahre,m,911
09262,2017,10 bis unter 15 Jahre,f,865
09262,2017,55 bis unter 60 Jahre,f,1820
09262,2017,55 bis unter 60 Jahre,m,1650
09371,2017,70 bis unter 75 Jahre,m,1918
09371,2017,70 bis unter 75 Jahre,f,2059
09371,2017,50 bis unter 55 Jahre,m,4820
09371,2017,50 bis unter 55 Jahre,f,4653
09371,2017,30 bis unter 35 Jahre,m,2992
09371,2017,30 bis unter 35 Jahre,f,2733
09371,2017,10 bis unter 15 Jahre,m,2372
09371,2017,10 bis unter 15 Jahre,f,2157
09371,2017,45 bis unter 50 Jahre,m,3851
09371,2017,45 bis unter 50 Jahre,f,3810
09371,2017,15 bis unter 20 Jahre,f,2675
09371,2017,15 bis unter 20 Jahre,m,2925
09371,2017,90 bis unter 95 Jahre,f,510
09371,2017,90 bis unter 95 Jahre,m,181
09371,2017,85 bis unter 90 Jahre,m,713
09371,2017,85 bis unter 90 Jahre,f,1303
09371,2017,55 bis unter 60 Jahre,f,4442
09371,2017,55 bis unter 60 Jahre,m,4729
09371,2017,75 bis unter 80 Jahre,f,2805
09371,2017,75 bis unter 80 Jahre,m,2239
09371,2017,65 bis unter 70 Jahre,f,2986
09371,2017,65 bis unter 70 Jahre,m,2998
09371,2017,20 bis unter 25 Jahre,f,2695
09371,2017,20 bis unter 25 Jahre,m,3178
09371,2017,unter 5 Jahre,f,2074
09371,2017,unter 5 Jahre,m,2063
09371,2017,60 bis unter 65 Jahre,m,3759
09371,2017,60 bis unter 65 Jahre,f,3670
09371,2017,95 Jahre und mehr,m,38
09371,2017,95 Jahre und mehr,f,124
09371,2017,40 bis unter 45 Jahre,m,2895
09371,2017,40 bis unter 45 Jahre,f,2847
09371,2017,80 bis unter 85 Jahre,m,1485
09371,2017,80 bis unter 85 Jahre,f,2054
09371,2017,35 bis unter 40 Jahre,m,2929
09371,2017,35 bis unter 40 Jahre,f,2884
09371,2017,5 bis unter 10 Jahre,f,2116
09371,2017,5 bis unter 10 Jahre,m,2173
09371,2017,25 bis unter 30 Jahre,m,3194
09371,2017,25 bis unter 30 Jahre,f,2787
05962,2017,80 bis unter 85 Jahre,f,8964
05962,2017,80 bis unter 85 Jahre,m,6293
05962,2017,15 bis unter 20 Jahre,m,11602
05962,2017,15 bis unter 20 Jahre,f,10616
05962,2017,60 bis unter 65 Jahre,f,14118
05962,2017,60 bis unter 65 Jahre,m,13722
05962,2017,55 bis unter 60 Jahre,m,16958
05962,2017,55 bis unter 60 Jahre,f,16887
05962,2017,75 bis unter 80 Jahre,f,12386
05962,2017,75 bis unter 80 Jahre,m,9757
05962,2017,35 bis unter 40 Jahre,m,11348
05962,2017,35 bis unter 40 Jahre,f,11602
05962,2017,unter 5 Jahre,f,8918
05962,2017,unter 5 Jahre,m,9421
05962,2017,20 bis unter 25 Jahre,m,12148
05962,2017,20 bis unter 25 Jahre,f,10241
05962,2017,40 bis unter 45 Jahre,f,11551
05962,2017,40 bis unter 45 Jahre,m,11091
05962,2017,25 bis unter 30 Jahre,f,11279
05962,2017,25 bis unter 30 Jahre,m,12523
05962,2017,45 bis unter 50 Jahre,f,15360
05962,2017,45 bis unter 50 Jahre,m,15024
05962,2017,50 bis unter 55 Jahre,m,19100
05962,2017,50 bis unter 55 Jahre,f,18608
05962,2017,70 bis unter 75 Jahre,f,9725
05962,2017,70 bis unter 75 Jahre,m,8332
05962,2017,5 bis unter 10 Jahre,m,9358
05962,2017,5 bis unter 10 Jahre,f,8749
05962,2017,10 bis unter 15 Jahre,m,10007
05962,2017,10 bis unter 15 Jahre,f,9496
05962,2017,30 bis unter 35 Jahre,f,11164
05962,2017,30 bis unter 35 Jahre,m,11927
05962,2017,85 bis unter 90 Jahre,m,2720
05962,2017,85 bis unter 90 Jahre,f,4984
05962,2017,65 bis unter 70 Jahre,f,12426
05962,2017,65 bis unter 70 Jahre,m,11253
05962,2017,90 bis unter 95 Jahre,f,2237
05962,2017,90 bis unter 95 Jahre,m,813
05962,2017,95 Jahre und mehr,m,106
05962,2017,95 Jahre und mehr,f,569
03459,2017,40 bis unter 45 Jahre,f,10484
03459,2017,40 bis unter 45 Jahre,m,10279
03459,2017,60 bis unter 65 Jahre,f,11798
03459,2017,60 bis unter 65 Jahre,m,11726
03459,2017,15 bis unter 20 Jahre,m,10805
03459,2017,15 bis unter 20 Jahre,f,9894
03459,2017,35 bis unter 40 Jahre,m,10123
03459,2017,35 bis unter 40 Jahre,f,10055
03459,2017,75 bis unter 80 Jahre,f,9598
03459,2017,75 bis unter 80 Jahre,m,7640
03459,2017,80 bis unter 85 Jahre,f,7078
03459,2017,80 bis unter 85 Jahre,m,4921
03459,2017,55 bis unter 60 Jahre,m,14519
03459,2017,55 bis unter 60 Jahre,f,14335
03459,2017,20 bis unter 25 Jahre,f,8884
03459,2017,20 bis unter 25 Jahre,m,10896
03459,2017,unter 5 Jahre,m,8753
03459,2017,unter 5 Jahre,f,8232
03459,2017,5 bis unter 10 Jahre,f,8117
03459,2017,5 bis unter 10 Jahre,m,8622
03459,2017,25 bis unter 30 Jahre,f,9397
03459,2017,25 bis unter 30 Jahre,m,10576
03459,2017,30 bis unter 35 Jahre,m,10102
03459,2017,30 bis unter 35 Jahre,f,9592
03459,2017,85 bis unter 90 Jahre,m,2317
03459,2017,85 bis unter 90 Jahre,f,4317
03459,2017,50 bis unter 55 Jahre,f,15685
03459,2017,50 bis unter 55 Jahre,m,15873
03459,2017,70 bis unter 75 Jahre,f,7333
03459,2017,70 bis unter 75 Jahre,m,6610
03459,2017,10 bis unter 15 Jahre,f,8764
03459,2017,10 bis unter 15 Jahre,m,9225
03459,2017,65 bis unter 70 Jahre,m,9694
03459,2017,65 bis unter 70 Jahre,f,9860
03459,2017,45 bis unter 50 Jahre,f,13281
03459,2017,45 bis unter 50 Jahre,m,13347
03459,2017,95 Jahre und mehr,f,532
03459,2017,95 Jahre und mehr,m,140
03459,2017,90 bis unter 95 Jahre,m,701
03459,2017,90 bis unter 95 Jahre,f,2035
06440,2017,45 bis unter 50 Jahre,m,11669
06440,2017,45 bis unter 50 Jahre,f,11696
06440,2017,10 bis unter 15 Jahre,m,7269
06440,2017,10 bis unter 15 Jahre,f,6933
06440,2017,90 bis unter 95 Jahre,f,1694
06440,2017,90 bis unter 95 Jahre,m,616
06440,2017,65 bis unter 70 Jahre,m,8546
06440,2017,65 bis unter 70 Jahre,f,8966
06440,2017,50 bis unter 55 Jahre,f,13870
06440,2017,50 bis unter 55 Jahre,m,13724
06440,2017,5 bis unter 10 Jahre,m,7104
06440,2017,5 bis unter 10 Jahre,f,6649
06440,2017,25 bis unter 30 Jahre,m,9293
06440,2017,25 bis unter 30 Jahre,f,8248
06440,2017,70 bis unter 75 Jahre,f,7072
06440,2017,70 bis unter 75 Jahre,m,6416
06440,2017,30 bis unter 35 Jahre,m,8717
06440,2017,30 bis unter 35 Jahre,f,8524
06440,2017,85 bis unter 90 Jahre,m,1837
06440,2017,85 bis unter 90 Jahre,f,3318
06440,2017,15 bis unter 20 Jahre,f,7633
06440,2017,15 bis unter 20 Jahre,m,8411
06440,2017,35 bis unter 40 Jahre,f,9565
06440,2017,35 bis unter 40 Jahre,m,9152
06440,2017,95 Jahre und mehr,m,124
06440,2017,95 Jahre und mehr,f,483
06440,2017,60 bis unter 65 Jahre,f,9955
06440,2017,60 bis unter 65 Jahre,m,9769
06440,2017,40 bis unter 45 Jahre,m,9283
06440,2017,40 bis unter 45 Jahre,f,9365
06440,2017,unter 5 Jahre,m,7086
06440,2017,unter 5 Jahre,f,6750
06440,2017,55 bis unter 60 Jahre,m,11989
06440,2017,55 bis unter 60 Jahre,f,12090
06440,2017,75 bis unter 80 Jahre,m,6766
06440,2017,75 bis unter 80 Jahre,f,8047
06440,2017,20 bis unter 25 Jahre,m,9026
06440,2017,20 bis unter 25 Jahre,f,7580
06440,2017,80 bis unter 85 Jahre,f,5897
06440,2017,80 bis unter 85 Jahre,m,4180
03101,2017,25 bis unter 30 Jahre,m,11616
03101,2017,25 bis unter 30 Jahre,f,9816
03101,2017,70 bis unter 75 Jahre,f,5789
03101,2017,70 bis unter 75 Jahre,m,4836
03101,2017,90 bis unter 95 Jahre,f,1688
03101,2017,90 bis unter 95 Jahre,m,551
03101,2017,45 bis unter 50 Jahre,m,8753
03101,2017,45 bis unter 50 Jahre,f,8301
03101,2017,85 bis unter 90 Jahre,f,3040
03101,2017,85 bis unter 90 Jahre,m,1565
03101,2017,95 Jahre und mehr,m,91
03101,2017,95 Jahre und mehr,f,437
03101,2017,65 bis unter 70 Jahre,m,5880
03101,2017,65 bis unter 70 Jahre,f,6858
03101,2017,50 bis unter 55 Jahre,m,9573
03101,2017,50 bis unter 55 Jahre,f,9159
03101,2017,30 bis unter 35 Jahre,f,8713
03101,2017,30 bis unter 35 Jahre,m,10140
03101,2017,10 bis unter 15 Jahre,m,4906
03101,2017,10 bis unter 15 Jahre,f,4638
03101,2017,unter 5 Jahre,f,5441
03101,2017,unter 5 Jahre,m,5434
03101,2017,75 bis unter 80 Jahre,f,7131
03101,2017,75 bis unter 80 Jahre,m,5678
03101,2017,55 bis unter 60 Jahre,m,8220
03101,2017,55 bis unter 60 Jahre,f,8612
03101,2017,80 bis unter 85 Jahre,m,3438
03101,2017,80 bis unter 85 Jahre,f,5188
03101,2017,15 bis unter 20 Jahre,m,5581
03101,2017,15 bis unter 20 Jahre,f,5193
03101,2017,35 bis unter 40 Jahre,m,8411
03101,2017,35 bis unter 40 Jahre,f,7900
03101,2017,40 bis unter 45 Jahre,f,7146
03101,2017,40 bis unter 45 Jahre,m,7104
03101,2017,20 bis unter 25 Jahre,m,9102
03101,2017,20 bis unter 25 Jahre,f,8162
03101,2017,60 bis unter 65 Jahre,f,7363
03101,2017,60 bis unter 65 Jahre,m,6855
03101,2017,5 bis unter 10 Jahre,f,4727
03101,2017,5 bis unter 10 Jahre,m,4987
09374,2017,65 bis unter 70 Jahre,f,2818
09374,2017,65 bis unter 70 Jahre,m,2856
09374,2017,30 bis unter 35 Jahre,f,2693
09374,2017,30 bis unter 35 Jahre,m,2769
09374,2017,10 bis unter 15 Jahre,f,2104
09374,2017,10 bis unter 15 Jahre,m,2179
09374,2017,85 bis unter 90 Jahre,f,1116
09374,2017,85 bis unter 90 Jahre,m,590
09374,2017,45 bis unter 50 Jahre,m,3490
09374,2017,45 bis unter 50 Jahre,f,3652
09374,2017,90 bis unter 95 Jahre,f,485
09374,2017,90 bis unter 95 Jahre,m,159
09374,2017,80 bis unter 85 Jahre,m,1276
09374,2017,80 bis unter 85 Jahre,f,1878
09374,2017,50 bis unter 55 Jahre,f,4231
09374,2017,50 bis unter 55 Jahre,m,4345
09374,2017,25 bis unter 30 Jahre,f,2587
09374,2017,25 bis unter 30 Jahre,m,2821
09374,2017,5 bis unter 10 Jahre,m,2017
09374,2017,5 bis unter 10 Jahre,f,1909
09374,2017,60 bis unter 65 Jahre,m,3454
09374,2017,60 bis unter 65 Jahre,f,3270
09374,2017,40 bis unter 45 Jahre,m,2704
09374,2017,40 bis unter 45 Jahre,f,2673
09374,2017,70 bis unter 75 Jahre,m,1768
09374,2017,70 bis unter 75 Jahre,f,1973
09374,2017,35 bis unter 40 Jahre,m,2801
09374,2017,35 bis unter 40 Jahre,f,2709
09374,2017,95 Jahre und mehr,f,94
09374,2017,95 Jahre und mehr,m,24
09374,2017,75 bis unter 80 Jahre,f,2511
09374,2017,75 bis unter 80 Jahre,m,2017
09374,2017,20 bis unter 25 Jahre,f,2488
09374,2017,20 bis unter 25 Jahre,m,2775
09374,2017,15 bis unter 20 Jahre,m,2790
09374,2017,15 bis unter 20 Jahre,f,2525
09374,2017,55 bis unter 60 Jahre,f,3942
09374,2017,55 bis unter 60 Jahre,m,4182
09374,2017,unter 5 Jahre,f,1861
09374,2017,unter 5 Jahre,m,1950
09181,2017,15 bis unter 20 Jahre,f,3306
09181,2017,15 bis unter 20 Jahre,m,3646
09181,2017,unter 5 Jahre,f,2717
09181,2017,unter 5 Jahre,m,2796
09181,2017,55 bis unter 60 Jahre,f,4743
09181,2017,55 bis unter 60 Jahre,m,4786
09181,2017,20 bis unter 25 Jahre,f,3003
09181,2017,20 bis unter 25 Jahre,m,3798
09181,2017,35 bis unter 40 Jahre,f,3542
09181,2017,35 bis unter 40 Jahre,m,3634
09181,2017,40 bis unter 45 Jahre,f,3599
09181,2017,40 bis unter 45 Jahre,m,3443
09181,2017,90 bis unter 95 Jahre,m,244
09181,2017,90 bis unter 95 Jahre,f,538
09181,2017,60 bis unter 65 Jahre,f,3706
09181,2017,60 bis unter 65 Jahre,m,3572
09181,2017,75 bis unter 80 Jahre,f,2947
09181,2017,75 bis unter 80 Jahre,m,2614
09181,2017,10 bis unter 15 Jahre,m,3031
09181,2017,10 bis unter 15 Jahre,f,2913
09181,2017,30 bis unter 35 Jahre,m,3504
09181,2017,30 bis unter 35 Jahre,f,3084
09181,2017,85 bis unter 90 Jahre,m,651
09181,2017,85 bis unter 90 Jahre,f,1145
09181,2017,65 bis unter 70 Jahre,m,3076
09181,2017,65 bis unter 70 Jahre,f,3243
09181,2017,25 bis unter 30 Jahre,f,3043
09181,2017,25 bis unter 30 Jahre,m,3580
09181,2017,95 Jahre und mehr,f,193
09181,2017,95 Jahre und mehr,m,43
09181,2017,5 bis unter 10 Jahre,f,2720
09181,2017,5 bis unter 10 Jahre,m,2893
09181,2017,50 bis unter 55 Jahre,f,5647
09181,2017,50 bis unter 55 Jahre,m,5532
09181,2017,80 bis unter 85 Jahre,m,1478
09181,2017,80 bis unter 85 Jahre,f,1967
09181,2017,45 bis unter 50 Jahre,m,4758
09181,2017,45 bis unter 50 Jahre,f,4683
09181,2017,70 bis unter 75 Jahre,m,2594
09181,2017,70 bis unter 75 Jahre,f,2729
07332,2017,30 bis unter 35 Jahre,f,3294
07332,2017,30 bis unter 35 Jahre,m,3348
07332,2017,65 bis unter 70 Jahre,f,4603
07332,2017,65 bis unter 70 Jahre,m,4377
07332,2017,50 bis unter 55 Jahre,f,6136
07332,2017,50 bis unter 55 Jahre,m,6247
07332,2017,5 bis unter 10 Jahre,m,2824
07332,2017,5 bis unter 10 Jahre,f,2628
07332,2017,25 bis unter 30 Jahre,m,3322
07332,2017,25 bis unter 30 Jahre,f,3107
07332,2017,70 bis unter 75 Jahre,f,3465
07332,2017,70 bis unter 75 Jahre,m,2968
07332,2017,95 Jahre und mehr,m,55
07332,2017,95 Jahre und mehr,f,221
07332,2017,85 bis unter 90 Jahre,f,1640
07332,2017,85 bis unter 90 Jahre,m,923
07332,2017,90 bis unter 95 Jahre,f,764
07332,2017,90 bis unter 95 Jahre,m,292
07332,2017,10 bis unter 15 Jahre,f,2766
07332,2017,10 bis unter 15 Jahre,m,2991
07332,2017,60 bis unter 65 Jahre,m,4805
07332,2017,60 bis unter 65 Jahre,f,4996
07332,2017,80 bis unter 85 Jahre,m,2196
07332,2017,80 bis unter 85 Jahre,f,2825
07332,2017,45 bis unter 50 Jahre,m,4867
07332,2017,45 bis unter 50 Jahre,f,5189
07332,2017,35 bis unter 40 Jahre,m,3486
07332,2017,35 bis unter 40 Jahre,f,3735
07332,2017,75 bis unter 80 Jahre,f,3998
07332,2017,75 bis unter 80 Jahre,m,3345
07332,2017,40 bis unter 45 Jahre,f,3583
07332,2017,40 bis unter 45 Jahre,m,3419
07332,2017,55 bis unter 60 Jahre,f,6172
07332,2017,55 bis unter 60 Jahre,m,5896
07332,2017,unter 5 Jahre,f,2694
07332,2017,unter 5 Jahre,m,2809
07332,2017,20 bis unter 25 Jahre,f,2866
07332,2017,20 bis unter 25 Jahre,m,3273
07332,2017,15 bis unter 20 Jahre,m,3501
07332,2017,15 bis unter 20 Jahre,f,3113
09761,2017,60 bis unter 65 Jahre,m,7678
09761,2017,60 bis unter 65 Jahre,f,8406
09761,2017,40 bis unter 45 Jahre,m,9100
09761,2017,40 bis unter 45 Jahre,f,8779
09761,2017,55 bis unter 60 Jahre,m,9421
09761,2017,55 bis unter 60 Jahre,f,9620
09761,2017,80 bis unter 85 Jahre,m,3636
09761,2017,80 bis unter 85 Jahre,f,5626
09761,2017,95 Jahre und mehr,f,478
09761,2017,95 Jahre und mehr,m,120
09761,2017,75 bis unter 80 Jahre,m,5845
09761,2017,75 bis unter 80 Jahre,f,7598
09761,2017,5 bis unter 10 Jahre,f,5686
09761,2017,5 bis unter 10 Jahre,m,6000
09761,2017,35 bis unter 40 Jahre,m,10797
09761,2017,35 bis unter 40 Jahre,f,9901
09761,2017,20 bis unter 25 Jahre,m,10329
09761,2017,20 bis unter 25 Jahre,f,10755
09761,2017,25 bis unter 30 Jahre,f,12635
09761,2017,25 bis unter 30 Jahre,m,13366
09761,2017,45 bis unter 50 Jahre,f,9637
09761,2017,45 bis unter 50 Jahre,m,10075
09761,2017,50 bis unter 55 Jahre,f,10198
09761,2017,50 bis unter 55 Jahre,m,10903
09761,2017,70 bis unter 75 Jahre,f,6823
09761,2017,70 bis unter 75 Jahre,m,5562
09761,2017,15 bis unter 20 Jahre,m,6873
09761,2017,15 bis unter 20 Jahre,f,6576
09761,2017,30 bis unter 35 Jahre,m,12311
09761,2017,30 bis unter 35 Jahre,f,10831
09761,2017,10 bis unter 15 Jahre,m,6120
09761,2017,10 bis unter 15 Jahre,f,5753
09761,2017,90 bis unter 95 Jahre,f,1707
09761,2017,90 bis unter 95 Jahre,m,627
09761,2017,85 bis unter 90 Jahre,m,1758
09761,2017,85 bis unter 90 Jahre,f,3452
09761,2017,65 bis unter 70 Jahre,f,7741
09761,2017,65 bis unter 70 Jahre,m,6262
09761,2017,unter 5 Jahre,f,6782
09761,2017,unter 5 Jahre,m,7084
01059,2017,15 bis unter 20 Jahre,m,5871
01059,2017,15 bis unter 20 Jahre,f,5357
01059,2017,95 Jahre und mehr,f,329
01059,2017,95 Jahre und mehr,m,80
01059,2017,35 bis unter 40 Jahre,m,5349
01059,2017,35 bis unter 40 Jahre,f,5465
01059,2017,80 bis unter 85 Jahre,f,4109
01059,2017,80 bis unter 85 Jahre,m,3165
01059,2017,40 bis unter 45 Jahre,f,5488
01059,2017,40 bis unter 45 Jahre,m,5352
01059,2017,20 bis unter 25 Jahre,m,5174
01059,2017,20 bis unter 25 Jahre,f,4454
01059,2017,60 bis unter 65 Jahre,f,6795
01059,2017,60 bis unter 65 Jahre,m,6506
01059,2017,unter 5 Jahre,m,4544
01059,2017,unter 5 Jahre,f,4311
01059,2017,55 bis unter 60 Jahre,f,7919
01059,2017,55 bis unter 60 Jahre,m,7965
01059,2017,75 bis unter 80 Jahre,m,5524
01059,2017,75 bis unter 80 Jahre,f,6078
01059,2017,5 bis unter 10 Jahre,f,4298
01059,2017,5 bis unter 10 Jahre,m,4663
01059,2017,30 bis unter 35 Jahre,m,4991
01059,2017,30 bis unter 35 Jahre,f,4982
01059,2017,25 bis unter 30 Jahre,f,4797
01059,2017,25 bis unter 30 Jahre,m,5264
01059,2017,50 bis unter 55 Jahre,f,9132
01059,2017,50 bis unter 55 Jahre,m,9113
01059,2017,70 bis unter 75 Jahre,f,5292
01059,2017,70 bis unter 75 Jahre,m,5033
01059,2017,90 bis unter 95 Jahre,f,1048
01059,2017,90 bis unter 95 Jahre,m,410
01059,2017,85 bis unter 90 Jahre,f,2141
01059,2017,85 bis unter 90 Jahre,m,1213
01059,2017,45 bis unter 50 Jahre,m,7444
01059,2017,45 bis unter 50 Jahre,f,7624
01059,2017,65 bis unter 70 Jahre,m,6191
01059,2017,65 bis unter 70 Jahre,f,6393
01059,2017,10 bis unter 15 Jahre,m,4994
01059,2017,10 bis unter 15 Jahre,f,4645
09463,2017,45 bis unter 50 Jahre,f,1451
09463,2017,45 bis unter 50 Jahre,m,1334
09463,2017,25 bis unter 30 Jahre,f,1436
09463,2017,25 bis unter 30 Jahre,m,1651
09463,2017,30 bis unter 35 Jahre,f,1276
09463,2017,30 bis unter 35 Jahre,m,1508
09463,2017,5 bis unter 10 Jahre,f,765
09463,2017,5 bis unter 10 Jahre,m,777
09463,2017,10 bis unter 15 Jahre,f,775
09463,2017,10 bis unter 15 Jahre,m,809
09463,2017,50 bis unter 55 Jahre,f,1667
09463,2017,50 bis unter 55 Jahre,m,1634
09463,2017,80 bis unter 85 Jahre,m,627
09463,2017,80 bis unter 85 Jahre,f,931
09463,2017,90 bis unter 95 Jahre,f,334
09463,2017,90 bis unter 95 Jahre,m,117
09463,2017,65 bis unter 70 Jahre,f,1312
09463,2017,65 bis unter 70 Jahre,m,1121
09463,2017,40 bis unter 45 Jahre,m,1017
09463,2017,40 bis unter 45 Jahre,f,1042
09463,2017,60 bis unter 65 Jahre,m,1287
09463,2017,60 bis unter 65 Jahre,f,1436
09463,2017,35 bis unter 40 Jahre,m,1230
09463,2017,35 bis unter 40 Jahre,f,1118
09463,2017,95 Jahre und mehr,m,25
09463,2017,95 Jahre und mehr,f,113
09463,2017,15 bis unter 20 Jahre,m,1031
09463,2017,15 bis unter 20 Jahre,f,913
09463,2017,70 bis unter 75 Jahre,f,1051
09463,2017,70 bis unter 75 Jahre,m,902
09463,2017,75 bis unter 80 Jahre,f,1246
09463,2017,75 bis unter 80 Jahre,m,974
09463,2017,55 bis unter 60 Jahre,f,1649
09463,2017,55 bis unter 60 Jahre,m,1528
09463,2017,unter 5 Jahre,f,830
09463,2017,unter 5 Jahre,m,802
09463,2017,85 bis unter 90 Jahre,m,306
09463,2017,85 bis unter 90 Jahre,f,621
09463,2017,20 bis unter 25 Jahre,m,1385
09463,2017,20 bis unter 25 Jahre,f,1205
08235,2017,50 bis unter 55 Jahre,m,6963
08235,2017,50 bis unter 55 Jahre,f,6821
08235,2017,85 bis unter 90 Jahre,m,1030
08235,2017,85 bis unter 90 Jahre,f,1804
08235,2017,10 bis unter 15 Jahre,m,3935
08235,2017,10 bis unter 15 Jahre,f,3691
08235,2017,70 bis unter 75 Jahre,f,3246
08235,2017,70 bis unter 75 Jahre,m,3167
08235,2017,25 bis unter 30 Jahre,m,5057
08235,2017,25 bis unter 30 Jahre,f,4102
08235,2017,90 bis unter 95 Jahre,m,330
08235,2017,90 bis unter 95 Jahre,f,779
08235,2017,35 bis unter 40 Jahre,f,4537
08235,2017,35 bis unter 40 Jahre,m,4709
08235,2017,65 bis unter 70 Jahre,m,4315
08235,2017,65 bis unter 70 Jahre,f,4579
08235,2017,30 bis unter 35 Jahre,f,4351
08235,2017,30 bis unter 35 Jahre,m,4556
08235,2017,20 bis unter 25 Jahre,f,4075
08235,2017,20 bis unter 25 Jahre,m,4875
08235,2017,5 bis unter 10 Jahre,m,3701
08235,2017,5 bis unter 10 Jahre,f,3460
08235,2017,15 bis unter 20 Jahre,f,4115
08235,2017,15 bis unter 20 Jahre,m,4712
08235,2017,95 Jahre und mehr,m,61
08235,2017,95 Jahre und mehr,f,180
08235,2017,40 bis unter 45 Jahre,f,4575
08235,2017,40 bis unter 45 Jahre,m,4660
08235,2017,60 bis unter 65 Jahre,m,5223
08235,2017,60 bis unter 65 Jahre,f,5293
08235,2017,75 bis unter 80 Jahre,m,3303
08235,2017,75 bis unter 80 Jahre,f,4180
08235,2017,80 bis unter 85 Jahre,m,2240
08235,2017,80 bis unter 85 Jahre,f,3103
08235,2017,55 bis unter 60 Jahre,m,6536
08235,2017,55 bis unter 60 Jahre,f,6505
08235,2017,unter 5 Jahre,m,3807
08235,2017,unter 5 Jahre,f,3472
08235,2017,45 bis unter 50 Jahre,f,5550
08235,2017,45 bis unter 50 Jahre,m,5826
09672,2017,80 bis unter 85 Jahre,m,1714
09672,2017,80 bis unter 85 Jahre,f,2432
09672,2017,5 bis unter 10 Jahre,f,2070
09672,2017,5 bis unter 10 Jahre,m,2047
09672,2017,40 bis unter 45 Jahre,m,2759
09672,2017,40 bis unter 45 Jahre,f,2778
09672,2017,60 bis unter 65 Jahre,m,3827
09672,2017,60 bis unter 65 Jahre,f,3836
09672,2017,25 bis unter 30 Jahre,f,2622
09672,2017,25 bis unter 30 Jahre,m,2900
09672,2017,20 bis unter 25 Jahre,m,2761
09672,2017,20 bis unter 25 Jahre,f,2493
09672,2017,50 bis unter 55 Jahre,f,4439
09672,2017,50 bis unter 55 Jahre,m,4587
09672,2017,15 bis unter 20 Jahre,m,2649
09672,2017,15 bis unter 20 Jahre,f,2544
09672,2017,70 bis unter 75 Jahre,f,2349
09672,2017,70 bis unter 75 Jahre,m,2225
09672,2017,95 Jahre und mehr,m,60
09672,2017,95 Jahre und mehr,f,221
09672,2017,35 bis unter 40 Jahre,m,2819
09672,2017,35 bis unter 40 Jahre,f,2765
09672,2017,45 bis unter 50 Jahre,f,3648
09672,2017,45 bis unter 50 Jahre,m,3670
09672,2017,90 bis unter 95 Jahre,m,291
09672,2017,90 bis unter 95 Jahre,f,712
09672,2017,30 bis unter 35 Jahre,m,2870
09672,2017,30 bis unter 35 Jahre,f,2628
09672,2017,unter 5 Jahre,f,2055
09672,2017,unter 5 Jahre,m,2199
09672,2017,85 bis unter 90 Jahre,m,776
09672,2017,85 bis unter 90 Jahre,f,1451
09672,2017,55 bis unter 60 Jahre,f,4465
09672,2017,55 bis unter 60 Jahre,m,4457
09672,2017,75 bis unter 80 Jahre,f,3248
09672,2017,75 bis unter 80 Jahre,m,2596
09672,2017,65 bis unter 70 Jahre,f,3473
09672,2017,65 bis unter 70 Jahre,m,3343
09672,2017,10 bis unter 15 Jahre,f,2246
09672,2017,10 bis unter 15 Jahre,m,2240
09182,2017,30 bis unter 35 Jahre,f,2726
09182,2017,30 bis unter 35 Jahre,m,2770
09182,2017,65 bis unter 70 Jahre,f,2917
09182,2017,65 bis unter 70 Jahre,m,2412
09182,2017,45 bis unter 50 Jahre,f,3879
09182,2017,45 bis unter 50 Jahre,m,3815
09182,2017,5 bis unter 10 Jahre,m,2269
09182,2017,5 bis unter 10 Jahre,f,2126
09182,2017,85 bis unter 90 Jahre,f,1111
09182,2017,85 bis unter 90 Jahre,m,636
09182,2017,50 bis unter 55 Jahre,f,4594
09182,2017,50 bis unter 55 Jahre,m,4361
09182,2017,25 bis unter 30 Jahre,f,2638
09182,2017,25 bis unter 30 Jahre,m,2892
09182,2017,10 bis unter 15 Jahre,f,2235
09182,2017,10 bis unter 15 Jahre,m,2335
09182,2017,60 bis unter 65 Jahre,m,2812
09182,2017,60 bis unter 65 Jahre,f,2966
09182,2017,70 bis unter 75 Jahre,m,2393
09182,2017,70 bis unter 75 Jahre,f,2779
09182,2017,80 bis unter 85 Jahre,m,1544
09182,2017,80 bis unter 85 Jahre,f,1977
09182,2017,90 bis unter 95 Jahre,f,563
09182,2017,90 bis unter 95 Jahre,m,220
09182,2017,35 bis unter 40 Jahre,m,2898
09182,2017,35 bis unter 40 Jahre,f,2971
09182,2017,20 bis unter 25 Jahre,f,2421
09182,2017,20 bis unter 25 Jahre,m,2869
09182,2017,55 bis unter 60 Jahre,f,3882
09182,2017,55 bis unter 60 Jahre,m,3885
09182,2017,40 bis unter 45 Jahre,f,3088
09182,2017,40 bis unter 45 Jahre,m,2902
09182,2017,unter 5 Jahre,f,2182
09182,2017,unter 5 Jahre,m,2346
09182,2017,15 bis unter 20 Jahre,f,2290
09182,2017,15 bis unter 20 Jahre,m,2634
09182,2017,75 bis unter 80 Jahre,f,3130
09182,2017,75 bis unter 80 Jahre,m,2518
09182,2017,95 Jahre und mehr,m,47
09182,2017,95 Jahre und mehr,f,156
07334,2017,10 bis unter 15 Jahre,m,3103
07334,2017,10 bis unter 15 Jahre,f,2805
07334,2017,90 bis unter 95 Jahre,f,539
07334,2017,90 bis unter 95 Jahre,m,188
07334,2017,30 bis unter 35 Jahre,m,4045
07334,2017,30 bis unter 35 Jahre,f,3799
07334,2017,85 bis unter 90 Jahre,f,1302
07334,2017,85 bis unter 90 Jahre,m,664
07334,2017,70 bis unter 75 Jahre,f,2555
07334,2017,70 bis unter 75 Jahre,m,2344
07334,2017,25 bis unter 30 Jahre,m,4075
07334,2017,25 bis unter 30 Jahre,f,3658
07334,2017,50 bis unter 55 Jahre,m,5702
07334,2017,50 bis unter 55 Jahre,f,5518
07334,2017,65 bis unter 70 Jahre,m,3587
07334,2017,65 bis unter 70 Jahre,f,3778
07334,2017,unter 5 Jahre,f,2949
07334,2017,unter 5 Jahre,m,3143
07334,2017,45 bis unter 50 Jahre,f,4838
07334,2017,45 bis unter 50 Jahre,m,4859
07334,2017,80 bis unter 85 Jahre,m,1710
07334,2017,80 bis unter 85 Jahre,f,2401
07334,2017,55 bis unter 60 Jahre,f,5302
07334,2017,55 bis unter 60 Jahre,m,5460
07334,2017,20 bis unter 25 Jahre,m,3677
07334,2017,20 bis unter 25 Jahre,f,3589
07334,2017,95 Jahre und mehr,m,42
07334,2017,95 Jahre und mehr,f,155
07334,2017,40 bis unter 45 Jahre,m,3791
07334,2017,40 bis unter 45 Jahre,f,3790
07334,2017,35 bis unter 40 Jahre,m,4070
07334,2017,35 bis unter 40 Jahre,f,3940
07334,2017,75 bis unter 80 Jahre,m,2731
07334,2017,75 bis unter 80 Jahre,f,3077
07334,2017,60 bis unter 65 Jahre,m,4383
07334,2017,60 bis unter 65 Jahre,f,4432
07334,2017,15 bis unter 20 Jahre,m,3478
07334,2017,15 bis unter 20 Jahre,f,3211
07334,2017,5 bis unter 10 Jahre,f,2772
07334,2017,5 bis unter 10 Jahre,m,3015
07132,2017,15 bis unter 20 Jahre,f,3239
07132,2017,15 bis unter 20 Jahre,m,3568
07132,2017,unter 5 Jahre,f,2742
07132,2017,unter 5 Jahre,m,2891
07132,2017,55 bis unter 60 Jahre,f,5340
07132,2017,55 bis unter 60 Jahre,m,5495
07132,2017,85 bis unter 90 Jahre,m,859
07132,2017,85 bis unter 90 Jahre,f,1600
07132,2017,30 bis unter 35 Jahre,m,3490
07132,2017,30 bis unter 35 Jahre,f,3452
07132,2017,70 bis unter 75 Jahre,m,2609
07132,2017,70 bis unter 75 Jahre,f,2872
07132,2017,40 bis unter 45 Jahre,f,3483
07132,2017,40 bis unter 45 Jahre,m,3469
07132,2017,90 bis unter 95 Jahre,f,694
07132,2017,90 bis unter 95 Jahre,m,258
07132,2017,45 bis unter 50 Jahre,m,4723
07132,2017,45 bis unter 50 Jahre,f,4673
07132,2017,10 bis unter 15 Jahre,m,3043
07132,2017,10 bis unter 15 Jahre,f,2899
07132,2017,20 bis unter 25 Jahre,m,3765
07132,2017,20 bis unter 25 Jahre,f,3234
07132,2017,75 bis unter 80 Jahre,m,2912
07132,2017,75 bis unter 80 Jahre,f,3623
07132,2017,95 Jahre und mehr,f,171
07132,2017,95 Jahre und mehr,m,43
07132,2017,65 bis unter 70 Jahre,m,3884
07132,2017,65 bis unter 70 Jahre,f,4034
07132,2017,5 bis unter 10 Jahre,f,2739
07132,2017,5 bis unter 10 Jahre,m,2899
07132,2017,80 bis unter 85 Jahre,m,1967
07132,2017,80 bis unter 85 Jahre,f,2822
07132,2017,25 bis unter 30 Jahre,f,3488
07132,2017,25 bis unter 30 Jahre,m,4052
07132,2017,60 bis unter 65 Jahre,m,4503
07132,2017,60 bis unter 65 Jahre,f,4566
07132,2017,35 bis unter 40 Jahre,m,3549
07132,2017,35 bis unter 40 Jahre,f,3600
07132,2017,50 bis unter 55 Jahre,f,5753
07132,2017,50 bis unter 55 Jahre,m,5788
05116,2017,35 bis unter 40 Jahre,f,7683
05116,2017,35 bis unter 40 Jahre,m,7758
05116,2017,15 bis unter 20 Jahre,f,6419
05116,2017,15 bis unter 20 Jahre,m,6880
05116,2017,20 bis unter 25 Jahre,f,7800
05116,2017,20 bis unter 25 Jahre,m,7946
05116,2017,unter 5 Jahre,f,5942
05116,2017,unter 5 Jahre,m,6353
05116,2017,40 bis unter 45 Jahre,f,7359
05116,2017,40 bis unter 45 Jahre,m,7276
05116,2017,70 bis unter 75 Jahre,m,5344
05116,2017,70 bis unter 75 Jahre,f,6041
05116,2017,80 bis unter 85 Jahre,f,5415
05116,2017,80 bis unter 85 Jahre,m,3633
05116,2017,55 bis unter 60 Jahre,f,10322
05116,2017,55 bis unter 60 Jahre,m,10154
05116,2017,85 bis unter 90 Jahre,m,1559
05116,2017,85 bis unter 90 Jahre,f,2980
05116,2017,65 bis unter 70 Jahre,m,6983
05116,2017,65 bis unter 70 Jahre,f,7648
05116,2017,90 bis unter 95 Jahre,f,1262
05116,2017,90 bis unter 95 Jahre,m,519
05116,2017,95 Jahre und mehr,m,75
05116,2017,95 Jahre und mehr,f,350
05116,2017,45 bis unter 50 Jahre,m,9373
05116,2017,45 bis unter 50 Jahre,f,9257
05116,2017,10 bis unter 15 Jahre,m,6069
05116,2017,10 bis unter 15 Jahre,f,5727
05116,2017,75 bis unter 80 Jahre,m,5518
05116,2017,75 bis unter 80 Jahre,f,7048
05116,2017,25 bis unter 30 Jahre,f,8688
05116,2017,25 bis unter 30 Jahre,m,9274
05116,2017,60 bis unter 65 Jahre,m,8428
05116,2017,60 bis unter 65 Jahre,f,8890
05116,2017,30 bis unter 35 Jahre,f,8075
05116,2017,30 bis unter 35 Jahre,m,8647
05116,2017,5 bis unter 10 Jahre,f,5512
05116,2017,5 bis unter 10 Jahre,m,5897
05116,2017,50 bis unter 55 Jahre,m,11239
05116,2017,50 bis unter 55 Jahre,f,10845
08237,2017,35 bis unter 40 Jahre,f,3421
08237,2017,35 bis unter 40 Jahre,m,3435
08237,2017,95 Jahre und mehr,f,180
08237,2017,95 Jahre und mehr,m,42
08237,2017,15 bis unter 20 Jahre,f,3047
08237,2017,15 bis unter 20 Jahre,m,3488
08237,2017,55 bis unter 60 Jahre,f,4746
08237,2017,55 bis unter 60 Jahre,m,4771
08237,2017,90 bis unter 95 Jahre,m,235
08237,2017,90 bis unter 95 Jahre,f,609
08237,2017,50 bis unter 55 Jahre,m,5220
08237,2017,50 bis unter 55 Jahre,f,5097
08237,2017,20 bis unter 25 Jahre,f,3090
08237,2017,20 bis unter 25 Jahre,m,3789
08237,2017,10 bis unter 15 Jahre,m,3063
08237,2017,10 bis unter 15 Jahre,f,2808
08237,2017,85 bis unter 90 Jahre,m,723
08237,2017,85 bis unter 90 Jahre,f,1325
08237,2017,40 bis unter 45 Jahre,m,3393
08237,2017,40 bis unter 45 Jahre,f,3272
08237,2017,60 bis unter 65 Jahre,f,3971
08237,2017,60 bis unter 65 Jahre,m,3999
08237,2017,30 bis unter 35 Jahre,m,3428
08237,2017,30 bis unter 35 Jahre,f,3258
08237,2017,5 bis unter 10 Jahre,m,2682
08237,2017,5 bis unter 10 Jahre,f,2600
08237,2017,25 bis unter 30 Jahre,f,3266
08237,2017,25 bis unter 30 Jahre,m,3805
08237,2017,70 bis unter 75 Jahre,f,2333
08237,2017,70 bis unter 75 Jahre,m,2122
08237,2017,75 bis unter 80 Jahre,m,2554
08237,2017,75 bis unter 80 Jahre,f,3247
08237,2017,45 bis unter 50 Jahre,f,4309
08237,2017,45 bis unter 50 Jahre,m,4278
08237,2017,65 bis unter 70 Jahre,m,3308
08237,2017,65 bis unter 70 Jahre,f,3277
08237,2017,unter 5 Jahre,m,2682
08237,2017,unter 5 Jahre,f,2629
08237,2017,80 bis unter 85 Jahre,f,2352
08237,2017,80 bis unter 85 Jahre,m,1602
01004,2017,80 bis unter 85 Jahre,m,1141
01004,2017,80 bis unter 85 Jahre,f,1808
01004,2017,60 bis unter 65 Jahre,m,2318
01004,2017,60 bis unter 65 Jahre,f,2537
01004,2017,5 bis unter 10 Jahre,f,1693
01004,2017,5 bis unter 10 Jahre,m,1804
01004,2017,40 bis unter 45 Jahre,m,2222
01004,2017,40 bis unter 45 Jahre,f,2182
01004,2017,20 bis unter 25 Jahre,m,2445
01004,2017,20 bis unter 25 Jahre,f,2136
01004,2017,25 bis unter 30 Jahre,f,2429
01004,2017,25 bis unter 30 Jahre,m,2701
01004,2017,55 bis unter 60 Jahre,m,2964
01004,2017,55 bis unter 60 Jahre,f,2942
01004,2017,65 bis unter 70 Jahre,f,2338
01004,2017,65 bis unter 70 Jahre,m,2179
01004,2017,50 bis unter 55 Jahre,f,3232
01004,2017,50 bis unter 55 Jahre,m,3320
01004,2017,35 bis unter 40 Jahre,m,2328
01004,2017,35 bis unter 40 Jahre,f,2208
01004,2017,15 bis unter 20 Jahre,m,2293
01004,2017,15 bis unter 20 Jahre,f,2130
01004,2017,45 bis unter 50 Jahre,f,2814
01004,2017,45 bis unter 50 Jahre,m,2893
01004,2017,70 bis unter 75 Jahre,f,2007
01004,2017,70 bis unter 75 Jahre,m,1722
01004,2017,90 bis unter 95 Jahre,m,167
01004,2017,90 bis unter 95 Jahre,f,473
01004,2017,95 Jahre und mehr,m,32
01004,2017,95 Jahre und mehr,f,122
01004,2017,85 bis unter 90 Jahre,m,467
01004,2017,85 bis unter 90 Jahre,f,953
01004,2017,30 bis unter 35 Jahre,m,2438
01004,2017,30 bis unter 35 Jahre,f,2224
01004,2017,unter 5 Jahre,f,1694
01004,2017,unter 5 Jahre,m,1826
01004,2017,75 bis unter 80 Jahre,f,2471
01004,2017,75 bis unter 80 Jahre,m,2030
01004,2017,10 bis unter 15 Jahre,f,1752
01004,2017,10 bis unter 15 Jahre,m,1900
09471,2017,60 bis unter 65 Jahre,f,4901
09471,2017,60 bis unter 65 Jahre,m,5033
09471,2017,15 bis unter 20 Jahre,m,4190
09471,2017,15 bis unter 20 Jahre,f,3748
09471,2017,40 bis unter 45 Jahre,f,4342
09471,2017,40 bis unter 45 Jahre,m,4510
09471,2017,unter 5 Jahre,m,3518
09471,2017,unter 5 Jahre,f,3426
09471,2017,55 bis unter 60 Jahre,m,6494
09471,2017,55 bis unter 60 Jahre,f,6197
09471,2017,80 bis unter 85 Jahre,f,2573
09471,2017,80 bis unter 85 Jahre,m,1789
09471,2017,20 bis unter 25 Jahre,m,4254
09471,2017,20 bis unter 25 Jahre,f,3631
09471,2017,35 bis unter 40 Jahre,m,4585
09471,2017,35 bis unter 40 Jahre,f,4624
09471,2017,75 bis unter 80 Jahre,f,3420
09471,2017,75 bis unter 80 Jahre,m,2884
09471,2017,25 bis unter 30 Jahre,f,4137
09471,2017,25 bis unter 30 Jahre,m,4581
09471,2017,5 bis unter 10 Jahre,f,3193
09471,2017,5 bis unter 10 Jahre,m,3384
09471,2017,30 bis unter 35 Jahre,m,4444
09471,2017,30 bis unter 35 Jahre,f,4343
09471,2017,85 bis unter 90 Jahre,m,750
09471,2017,85 bis unter 90 Jahre,f,1476
09471,2017,70 bis unter 75 Jahre,f,2774
09471,2017,70 bis unter 75 Jahre,m,2599
09471,2017,50 bis unter 55 Jahre,f,6626
09471,2017,50 bis unter 55 Jahre,m,6746
09471,2017,10 bis unter 15 Jahre,f,3344
09471,2017,10 bis unter 15 Jahre,m,3438
09471,2017,45 bis unter 50 Jahre,f,5660
09471,2017,45 bis unter 50 Jahre,m,5765
09471,2017,65 bis unter 70 Jahre,m,4162
09471,2017,65 bis unter 70 Jahre,f,3995
09471,2017,90 bis unter 95 Jahre,m,254
09471,2017,90 bis unter 95 Jahre,f,601
09471,2017,95 Jahre und mehr,m,37
09471,2017,95 Jahre und mehr,f,156
03460,2017,65 bis unter 70 Jahre,m,3378
03460,2017,65 bis unter 70 Jahre,f,3238
03460,2017,45 bis unter 50 Jahre,m,5289
03460,2017,45 bis unter 50 Jahre,f,5014
03460,2017,90 bis unter 95 Jahre,f,615
03460,2017,90 bis unter 95 Jahre,m,219
03460,2017,50 bis unter 55 Jahre,m,6056
03460,2017,50 bis unter 55 Jahre,f,5768
03460,2017,25 bis unter 30 Jahre,m,5104
03460,2017,25 bis unter 30 Jahre,f,4494
03460,2017,30 bis unter 35 Jahre,m,4830
03460,2017,30 bis unter 35 Jahre,f,4377
03460,2017,10 bis unter 15 Jahre,m,4004
03460,2017,10 bis unter 15 Jahre,f,3753
03460,2017,70 bis unter 75 Jahre,f,2181
03460,2017,70 bis unter 75 Jahre,m,2066
03460,2017,5 bis unter 10 Jahre,m,3774
03460,2017,5 bis unter 10 Jahre,f,3511
03460,2017,85 bis unter 90 Jahre,f,1293
03460,2017,85 bis unter 90 Jahre,m,702
03460,2017,15 bis unter 20 Jahre,f,4248
03460,2017,15 bis unter 20 Jahre,m,4786
03460,2017,20 bis unter 25 Jahre,f,4790
03460,2017,20 bis unter 25 Jahre,m,5104
03460,2017,40 bis unter 45 Jahre,f,4211
03460,2017,40 bis unter 45 Jahre,m,4340
03460,2017,95 Jahre und mehr,f,128
03460,2017,95 Jahre und mehr,m,29
03460,2017,55 bis unter 60 Jahre,m,5369
03460,2017,55 bis unter 60 Jahre,f,5069
03460,2017,75 bis unter 80 Jahre,m,2251
03460,2017,75 bis unter 80 Jahre,f,2776
03460,2017,80 bis unter 85 Jahre,m,1439
03460,2017,80 bis unter 85 Jahre,f,2077
03460,2017,unter 5 Jahre,m,3933
03460,2017,unter 5 Jahre,f,3656
03460,2017,60 bis unter 65 Jahre,f,3968
03460,2017,60 bis unter 65 Jahre,m,4058
03460,2017,35 bis unter 40 Jahre,f,4238
03460,2017,35 bis unter 40 Jahre,m,4404
08326,2017,15 bis unter 20 Jahre,f,5191
08326,2017,15 bis unter 20 Jahre,m,5874
08326,2017,90 bis unter 95 Jahre,m,485
08326,2017,90 bis unter 95 Jahre,f,1265
08326,2017,20 bis unter 25 Jahre,f,5598
08326,2017,20 bis unter 25 Jahre,m,6745
08326,2017,95 Jahre und mehr,m,83
08326,2017,95 Jahre und mehr,f,320
08326,2017,50 bis unter 55 Jahre,m,8499
08326,2017,50 bis unter 55 Jahre,f,8441
08326,2017,35 bis unter 40 Jahre,f,6053
08326,2017,35 bis unter 40 Jahre,m,6312
08326,2017,10 bis unter 15 Jahre,m,4912
08326,2017,10 bis unter 15 Jahre,f,4803
08326,2017,60 bis unter 65 Jahre,f,7065
08326,2017,60 bis unter 65 Jahre,m,6770
08326,2017,40 bis unter 45 Jahre,m,5908
08326,2017,40 bis unter 45 Jahre,f,5755
08326,2017,85 bis unter 90 Jahre,m,1599
08326,2017,85 bis unter 90 Jahre,f,2660
08326,2017,5 bis unter 10 Jahre,m,4768
08326,2017,5 bis unter 10 Jahre,f,4504
08326,2017,30 bis unter 35 Jahre,m,6804
08326,2017,30 bis unter 35 Jahre,f,6064
08326,2017,25 bis unter 30 Jahre,f,6338
08326,2017,25 bis unter 30 Jahre,m,7341
08326,2017,45 bis unter 50 Jahre,f,7185
08326,2017,45 bis unter 50 Jahre,m,7269
08326,2017,75 bis unter 80 Jahre,m,4851
08326,2017,75 bis unter 80 Jahre,f,6155
08326,2017,70 bis unter 75 Jahre,f,4743
08326,2017,70 bis unter 75 Jahre,m,4251
08326,2017,55 bis unter 60 Jahre,m,8353
08326,2017,55 bis unter 60 Jahre,f,8312
08326,2017,unter 5 Jahre,m,4920
08326,2017,unter 5 Jahre,f,4751
08326,2017,65 bis unter 70 Jahre,m,5843
08326,2017,65 bis unter 70 Jahre,f,6349
08326,2017,80 bis unter 85 Jahre,f,4658
08326,2017,80 bis unter 85 Jahre,m,3410
06431,2017,25 bis unter 30 Jahre,f,6863
06431,2017,25 bis unter 30 Jahre,m,7643
06431,2017,45 bis unter 50 Jahre,f,10299
06431,2017,45 bis unter 50 Jahre,m,9944
06431,2017,65 bis unter 70 Jahre,f,8583
06431,2017,65 bis unter 70 Jahre,m,8011
06431,2017,85 bis unter 90 Jahre,f,3057
06431,2017,85 bis unter 90 Jahre,m,1697
06431,2017,5 bis unter 10 Jahre,m,5945
06431,2017,5 bis unter 10 Jahre,f,5589
06431,2017,50 bis unter 55 Jahre,f,12414
06431,2017,50 bis unter 55 Jahre,m,12294
06431,2017,80 bis unter 85 Jahre,m,4057
06431,2017,80 bis unter 85 Jahre,f,5422
06431,2017,95 Jahre und mehr,f,349
06431,2017,95 Jahre und mehr,m,85
06431,2017,40 bis unter 45 Jahre,m,7554
06431,2017,40 bis unter 45 Jahre,f,7599
06431,2017,10 bis unter 15 Jahre,f,5657
06431,2017,10 bis unter 15 Jahre,m,6191
06431,2017,20 bis unter 25 Jahre,m,7724
06431,2017,20 bis unter 25 Jahre,f,6559
06431,2017,75 bis unter 80 Jahre,m,6217
06431,2017,75 bis unter 80 Jahre,f,7408
06431,2017,unter 5 Jahre,m,6053
06431,2017,unter 5 Jahre,f,5929
06431,2017,30 bis unter 35 Jahre,m,7824
06431,2017,30 bis unter 35 Jahre,f,7379
06431,2017,35 bis unter 40 Jahre,f,7912
06431,2017,35 bis unter 40 Jahre,m,7888
06431,2017,15 bis unter 20 Jahre,f,6396
06431,2017,15 bis unter 20 Jahre,m,7068
06431,2017,90 bis unter 95 Jahre,m,471
06431,2017,90 bis unter 95 Jahre,f,1465
06431,2017,60 bis unter 65 Jahre,f,9361
06431,2017,60 bis unter 65 Jahre,m,9169
06431,2017,55 bis unter 60 Jahre,m,11181
06431,2017,55 bis unter 60 Jahre,f,11174
06431,2017,70 bis unter 75 Jahre,f,6535
06431,2017,70 bis unter 75 Jahre,m,5814
07235,2017,35 bis unter 40 Jahre,f,4771
07235,2017,35 bis unter 40 Jahre,m,4697
07235,2017,15 bis unter 20 Jahre,f,3632
07235,2017,15 bis unter 20 Jahre,m,4012
07235,2017,20 bis unter 25 Jahre,f,3416
07235,2017,20 bis unter 25 Jahre,m,3949
07235,2017,unter 5 Jahre,f,3376
07235,2017,unter 5 Jahre,m,3507
07235,2017,40 bis unter 45 Jahre,f,4474
07235,2017,40 bis unter 45 Jahre,m,4306
07235,2017,70 bis unter 75 Jahre,m,2603
07235,2017,70 bis unter 75 Jahre,f,2729
07235,2017,95 Jahre und mehr,m,47
07235,2017,95 Jahre und mehr,f,229
07235,2017,80 bis unter 85 Jahre,f,2841
07235,2017,80 bis unter 85 Jahre,m,2039
07235,2017,85 bis unter 90 Jahre,m,921
07235,2017,85 bis unter 90 Jahre,f,1791
07235,2017,55 bis unter 60 Jahre,f,6142
07235,2017,55 bis unter 60 Jahre,m,6254
07235,2017,65 bis unter 70 Jahre,m,4423
07235,2017,65 bis unter 70 Jahre,f,4382
07235,2017,45 bis unter 50 Jahre,m,5659
07235,2017,45 bis unter 50 Jahre,f,5658
07235,2017,90 bis unter 95 Jahre,f,867
07235,2017,90 bis unter 95 Jahre,m,289
07235,2017,75 bis unter 80 Jahre,m,3087
07235,2017,75 bis unter 80 Jahre,f,3858
07235,2017,10 bis unter 15 Jahre,m,3545
07235,2017,10 bis unter 15 Jahre,f,3371
07235,2017,25 bis unter 30 Jahre,f,3853
07235,2017,25 bis unter 30 Jahre,m,4089
07235,2017,30 bis unter 35 Jahre,f,4251
07235,2017,30 bis unter 35 Jahre,m,4247
07235,2017,60 bis unter 65 Jahre,m,5366
07235,2017,60 bis unter 65 Jahre,f,5268
07235,2017,5 bis unter 10 Jahre,f,3442
07235,2017,5 bis unter 10 Jahre,m,3555
07235,2017,50 bis unter 55 Jahre,m,6879
07235,2017,50 bis unter 55 Jahre,f,6707
06412,2017,45 bis unter 50 Jahre,f,26327
06412,2017,45 bis unter 50 Jahre,m,29742
06412,2017,25 bis unter 30 Jahre,f,34380
06412,2017,25 bis unter 30 Jahre,m,31920
06412,2017,10 bis unter 15 Jahre,f,15430
06412,2017,10 bis unter 15 Jahre,m,16504
06412,2017,5 bis unter 10 Jahre,f,17336
06412,2017,5 bis unter 10 Jahre,m,17692
06412,2017,80 bis unter 85 Jahre,m,6927
06412,2017,80 bis unter 85 Jahre,f,10332
06412,2017,50 bis unter 55 Jahre,f,26837
06412,2017,50 bis unter 55 Jahre,m,29600
06412,2017,90 bis unter 95 Jahre,f,3387
06412,2017,90 bis unter 95 Jahre,m,1221
06412,2017,65 bis unter 70 Jahre,f,17024
06412,2017,65 bis unter 70 Jahre,m,15213
06412,2017,20 bis unter 25 Jahre,m,21565
06412,2017,20 bis unter 25 Jahre,f,22069
06412,2017,95 Jahre und mehr,f,1104
06412,2017,95 Jahre und mehr,m,285
06412,2017,unter 5 Jahre,m,20770
06412,2017,unter 5 Jahre,f,20125
06412,2017,55 bis unter 60 Jahre,m,22892
06412,2017,55 bis unter 60 Jahre,f,22000
06412,2017,85 bis unter 90 Jahre,m,3300
06412,2017,85 bis unter 90 Jahre,f,6092
06412,2017,30 bis unter 35 Jahre,f,35092
06412,2017,30 bis unter 35 Jahre,m,33972
06412,2017,75 bis unter 80 Jahre,m,11564
06412,2017,75 bis unter 80 Jahre,f,14320
06412,2017,35 bis unter 40 Jahre,f,32004
06412,2017,35 bis unter 40 Jahre,m,31382
06412,2017,15 bis unter 20 Jahre,f,14837
06412,2017,15 bis unter 20 Jahre,m,16046
06412,2017,40 bis unter 45 Jahre,f,26735
06412,2017,40 bis unter 45 Jahre,m,28083
06412,2017,70 bis unter 75 Jahre,m,12302
06412,2017,70 bis unter 75 Jahre,f,13861
06412,2017,60 bis unter 65 Jahre,f,18865
06412,2017,60 bis unter 65 Jahre,m,17741
09778,2017,40 bis unter 45 Jahre,f,4037
09778,2017,40 bis unter 45 Jahre,m,4289
09778,2017,75 bis unter 80 Jahre,f,3927
09778,2017,75 bis unter 80 Jahre,m,3323
09778,2017,20 bis unter 25 Jahre,f,3779
09778,2017,20 bis unter 25 Jahre,m,4513
09778,2017,80 bis unter 85 Jahre,f,2673
09778,2017,80 bis unter 85 Jahre,m,1981
09778,2017,35 bis unter 40 Jahre,m,4338
09778,2017,35 bis unter 40 Jahre,f,4102
09778,2017,unter 5 Jahre,m,3429
09778,2017,unter 5 Jahre,f,3376
09778,2017,15 bis unter 20 Jahre,m,4288
09778,2017,15 bis unter 20 Jahre,f,3789
09778,2017,55 bis unter 60 Jahre,f,5550
09778,2017,55 bis unter 60 Jahre,m,5522
09778,2017,60 bis unter 65 Jahre,f,4484
09778,2017,60 bis unter 65 Jahre,m,4386
09778,2017,95 Jahre und mehr,m,48
09778,2017,95 Jahre und mehr,f,209
09778,2017,5 bis unter 10 Jahre,f,3092
09778,2017,5 bis unter 10 Jahre,m,3315
09778,2017,90 bis unter 95 Jahre,m,310
09778,2017,90 bis unter 95 Jahre,f,802
09778,2017,85 bis unter 90 Jahre,m,924
09778,2017,85 bis unter 90 Jahre,f,1569
09778,2017,65 bis unter 70 Jahre,m,3927
09778,2017,65 bis unter 70 Jahre,f,3930
09778,2017,10 bis unter 15 Jahre,m,3407
09778,2017,10 bis unter 15 Jahre,f,3279
09778,2017,50 bis unter 55 Jahre,f,5855
09778,2017,50 bis unter 55 Jahre,m,6399
09778,2017,30 bis unter 35 Jahre,f,3867
09778,2017,30 bis unter 35 Jahre,m,4343
09778,2017,25 bis unter 30 Jahre,f,3998
09778,2017,25 bis unter 30 Jahre,m,4542
09778,2017,45 bis unter 50 Jahre,m,5527
09778,2017,45 bis unter 50 Jahre,f,5172
09778,2017,70 bis unter 75 Jahre,m,2958
09778,2017,70 bis unter 75 Jahre,f,3285
05774,2017,5 bis unter 10 Jahre,f,7065
05774,2017,5 bis unter 10 Jahre,m,7381
05774,2017,45 bis unter 50 Jahre,f,10587
05774,2017,45 bis unter 50 Jahre,m,10747
05774,2017,10 bis unter 15 Jahre,f,7249
05774,2017,10 bis unter 15 Jahre,m,7667
05774,2017,25 bis unter 30 Jahre,f,10329
05774,2017,25 bis unter 30 Jahre,m,11877
05774,2017,30 bis unter 35 Jahre,f,9867
05774,2017,30 bis unter 35 Jahre,m,10917
05774,2017,60 bis unter 65 Jahre,m,9650
05774,2017,60 bis unter 65 Jahre,f,9814
05774,2017,85 bis unter 90 Jahre,f,3057
05774,2017,85 bis unter 90 Jahre,m,1668
05774,2017,unter 5 Jahre,m,7912
05774,2017,unter 5 Jahre,f,7463
05774,2017,90 bis unter 95 Jahre,f,1491
05774,2017,90 bis unter 95 Jahre,m,513
05774,2017,35 bis unter 40 Jahre,m,9603
05774,2017,35 bis unter 40 Jahre,f,9239
05774,2017,80 bis unter 85 Jahre,f,5212
05774,2017,80 bis unter 85 Jahre,m,3570
05774,2017,70 bis unter 75 Jahre,f,5504
05774,2017,70 bis unter 75 Jahre,m,5016
05774,2017,55 bis unter 60 Jahre,m,11550
05774,2017,55 bis unter 60 Jahre,f,11706
05774,2017,65 bis unter 70 Jahre,f,7873
05774,2017,65 bis unter 70 Jahre,m,7498
05774,2017,15 bis unter 20 Jahre,f,8094
05774,2017,15 bis unter 20 Jahre,m,9123
05774,2017,75 bis unter 80 Jahre,f,7022
05774,2017,75 bis unter 80 Jahre,m,5576
05774,2017,50 bis unter 55 Jahre,m,12465
05774,2017,50 bis unter 55 Jahre,f,12020
05774,2017,20 bis unter 25 Jahre,f,9678
05774,2017,20 bis unter 25 Jahre,m,11048
05774,2017,95 Jahre und mehr,f,348
05774,2017,95 Jahre und mehr,m,77
05774,2017,40 bis unter 45 Jahre,m,8938
05774,2017,40 bis unter 45 Jahre,f,8948
05122,2017,25 bis unter 30 Jahre,f,4760
05122,2017,25 bis unter 30 Jahre,m,4724
05122,2017,5 bis unter 10 Jahre,f,3438
05122,2017,5 bis unter 10 Jahre,m,3605
05122,2017,10 bis unter 15 Jahre,f,3572
05122,2017,10 bis unter 15 Jahre,m,3896
05122,2017,95 Jahre und mehr,f,234
05122,2017,95 Jahre und mehr,m,45
05122,2017,65 bis unter 70 Jahre,f,4299
05122,2017,65 bis unter 70 Jahre,m,3854
05122,2017,80 bis unter 85 Jahre,m,2516
05122,2017,80 bis unter 85 Jahre,f,3590
05122,2017,50 bis unter 55 Jahre,f,7199
05122,2017,50 bis unter 55 Jahre,m,7096
05122,2017,90 bis unter 95 Jahre,f,989
05122,2017,90 bis unter 95 Jahre,m,311
05122,2017,45 bis unter 50 Jahre,m,5787
05122,2017,45 bis unter 50 Jahre,f,6029
05122,2017,35 bis unter 40 Jahre,m,4437
05122,2017,35 bis unter 40 Jahre,f,4844
05122,2017,40 bis unter 45 Jahre,m,4455
05122,2017,40 bis unter 45 Jahre,f,4532
05122,2017,15 bis unter 20 Jahre,m,4282
05122,2017,15 bis unter 20 Jahre,f,3971
05122,2017,60 bis unter 65 Jahre,f,5082
05122,2017,60 bis unter 65 Jahre,m,4924
05122,2017,70 bis unter 75 Jahre,f,3746
05122,2017,70 bis unter 75 Jahre,m,3158
05122,2017,unter 5 Jahre,f,3542
05122,2017,unter 5 Jahre,m,3804
05122,2017,55 bis unter 60 Jahre,f,6349
05122,2017,55 bis unter 60 Jahre,m,6359
05122,2017,75 bis unter 80 Jahre,f,4662
05122,2017,75 bis unter 80 Jahre,m,3546
05122,2017,20 bis unter 25 Jahre,m,4649
05122,2017,20 bis unter 25 Jahre,f,4194
05122,2017,30 bis unter 35 Jahre,m,4621
05122,2017,30 bis unter 35 Jahre,f,4712
05122,2017,85 bis unter 90 Jahre,m,1088
05122,2017,85 bis unter 90 Jahre,f,1902
09186,2017,70 bis unter 75 Jahre,m,2301
09186,2017,70 bis unter 75 Jahre,f,2470
09186,2017,50 bis unter 55 Jahre,m,5641
09186,2017,50 bis unter 55 Jahre,f,5357
09186,2017,85 bis unter 90 Jahre,m,672
09186,2017,85 bis unter 90 Jahre,f,1148
09186,2017,90 bis unter 95 Jahre,m,211
09186,2017,90 bis unter 95 Jahre,f,503
09186,2017,10 bis unter 15 Jahre,m,2962
09186,2017,10 bis unter 15 Jahre,f,2896
09186,2017,35 bis unter 40 Jahre,f,4161
09186,2017,35 bis unter 40 Jahre,m,4508
09186,2017,65 bis unter 70 Jahre,m,3032
09186,2017,65 bis unter 70 Jahre,f,3202
09186,2017,95 Jahre und mehr,m,44
09186,2017,95 Jahre und mehr,f,117
09186,2017,25 bis unter 30 Jahre,m,4441
09186,2017,25 bis unter 30 Jahre,f,3661
09186,2017,75 bis unter 80 Jahre,f,2845
09186,2017,75 bis unter 80 Jahre,m,2522
09186,2017,20 bis unter 25 Jahre,f,3280
09186,2017,20 bis unter 25 Jahre,m,3992
09186,2017,80 bis unter 85 Jahre,f,2032
09186,2017,80 bis unter 85 Jahre,m,1498
09186,2017,55 bis unter 60 Jahre,f,4849
09186,2017,55 bis unter 60 Jahre,m,5214
09186,2017,45 bis unter 50 Jahre,m,4923
09186,2017,45 bis unter 50 Jahre,f,4526
09186,2017,unter 5 Jahre,f,3138
09186,2017,unter 5 Jahre,m,3239
09186,2017,60 bis unter 65 Jahre,m,3928
09186,2017,60 bis unter 65 Jahre,f,3907
09186,2017,40 bis unter 45 Jahre,m,4233
09186,2017,40 bis unter 45 Jahre,f,3790
09186,2017,5 bis unter 10 Jahre,f,2876
09186,2017,5 bis unter 10 Jahre,m,3023
09186,2017,30 bis unter 35 Jahre,f,4066
09186,2017,30 bis unter 35 Jahre,m,4446
09186,2017,15 bis unter 20 Jahre,m,3469
09186,2017,15 bis unter 20 Jahre,f,3121
05378,2017,25 bis unter 30 Jahre,f,6709
05378,2017,25 bis unter 30 Jahre,m,6760
05378,2017,10 bis unter 15 Jahre,f,6441
05378,2017,10 bis unter 15 Jahre,m,7015
05378,2017,5 bis unter 10 Jahre,f,6084
05378,2017,5 bis unter 10 Jahre,m,6584
05378,2017,65 bis unter 70 Jahre,f,8540
05378,2017,65 bis unter 70 Jahre,m,7437
05378,2017,50 bis unter 55 Jahre,f,13722
05378,2017,50 bis unter 55 Jahre,m,13013
05378,2017,80 bis unter 85 Jahre,m,4936
05378,2017,80 bis unter 85 Jahre,f,6374
05378,2017,90 bis unter 95 Jahre,f,1716
05378,2017,90 bis unter 95 Jahre,m,668
05378,2017,45 bis unter 50 Jahre,m,10540
05378,2017,45 bis unter 50 Jahre,f,11205
05378,2017,35 bis unter 40 Jahre,m,7520
05378,2017,35 bis unter 40 Jahre,f,8101
05378,2017,40 bis unter 45 Jahre,m,7683
05378,2017,40 bis unter 45 Jahre,f,8206
05378,2017,15 bis unter 20 Jahre,m,7909
05378,2017,15 bis unter 20 Jahre,f,7314
05378,2017,60 bis unter 65 Jahre,f,9527
05378,2017,60 bis unter 65 Jahre,m,9159
05378,2017,70 bis unter 75 Jahre,m,6121
05378,2017,70 bis unter 75 Jahre,f,7448
05378,2017,unter 5 Jahre,f,6148
05378,2017,unter 5 Jahre,m,6495
05378,2017,55 bis unter 60 Jahre,f,11883
05378,2017,55 bis unter 60 Jahre,m,11724
05378,2017,20 bis unter 25 Jahre,f,6371
05378,2017,20 bis unter 25 Jahre,m,7391
05378,2017,75 bis unter 80 Jahre,f,8799
05378,2017,75 bis unter 80 Jahre,m,7194
05378,2017,95 Jahre und mehr,m,104
05378,2017,95 Jahre und mehr,f,479
05378,2017,30 bis unter 35 Jahre,m,7063
05378,2017,30 bis unter 35 Jahre,f,7384
05378,2017,85 bis unter 90 Jahre,m,2139
05378,2017,85 bis unter 90 Jahre,f,3438
09473,2017,40 bis unter 45 Jahre,m,2338
09473,2017,40 bis unter 45 Jahre,f,2373
09473,2017,75 bis unter 80 Jahre,m,2105
09473,2017,75 bis unter 80 Jahre,f,2561
09473,2017,20 bis unter 25 Jahre,m,2300
09473,2017,20 bis unter 25 Jahre,f,1971
09473,2017,95 Jahre und mehr,m,46
09473,2017,95 Jahre und mehr,f,111
09473,2017,unter 5 Jahre,m,1873
09473,2017,unter 5 Jahre,f,1829
09473,2017,80 bis unter 85 Jahre,f,1982
09473,2017,80 bis unter 85 Jahre,m,1300
09473,2017,5 bis unter 10 Jahre,f,1658
09473,2017,5 bis unter 10 Jahre,m,1821
09473,2017,35 bis unter 40 Jahre,m,2520
09473,2017,35 bis unter 40 Jahre,f,2457
09473,2017,60 bis unter 65 Jahre,m,3076
09473,2017,60 bis unter 65 Jahre,f,3205
09473,2017,45 bis unter 50 Jahre,f,3352
09473,2017,45 bis unter 50 Jahre,m,3242
09473,2017,15 bis unter 20 Jahre,f,2069
09473,2017,15 bis unter 20 Jahre,m,2357
09473,2017,50 bis unter 55 Jahre,f,3787
09473,2017,50 bis unter 55 Jahre,m,3963
09473,2017,25 bis unter 30 Jahre,f,2137
09473,2017,25 bis unter 30 Jahre,m,2486
09473,2017,30 bis unter 35 Jahre,m,2439
09473,2017,30 bis unter 35 Jahre,f,2460
09473,2017,85 bis unter 90 Jahre,m,603
09473,2017,85 bis unter 90 Jahre,f,1133
09473,2017,70 bis unter 75 Jahre,m,1865
09473,2017,70 bis unter 75 Jahre,f,1978
09473,2017,65 bis unter 70 Jahre,m,2700
09473,2017,65 bis unter 70 Jahre,f,2833
09473,2017,90 bis unter 95 Jahre,f,480
09473,2017,90 bis unter 95 Jahre,m,201
09473,2017,10 bis unter 15 Jahre,m,1912
09473,2017,10 bis unter 15 Jahre,f,1829
09473,2017,55 bis unter 60 Jahre,f,3753
09473,2017,55 bis unter 60 Jahre,m,3780
07137,2017,70 bis unter 75 Jahre,m,4281
07137,2017,70 bis unter 75 Jahre,f,4649
07137,2017,50 bis unter 55 Jahre,m,9633
07137,2017,50 bis unter 55 Jahre,f,9545
07137,2017,30 bis unter 35 Jahre,m,6304
07137,2017,30 bis unter 35 Jahre,f,6070
07137,2017,10 bis unter 15 Jahre,m,4867
07137,2017,10 bis unter 15 Jahre,f,4652
07137,2017,95 Jahre und mehr,m,68
07137,2017,95 Jahre und mehr,f,307
07137,2017,65 bis unter 70 Jahre,m,6488
07137,2017,65 bis unter 70 Jahre,f,6748
07137,2017,35 bis unter 40 Jahre,f,6414
07137,2017,35 bis unter 40 Jahre,m,6296
07137,2017,90 bis unter 95 Jahre,m,447
07137,2017,90 bis unter 95 Jahre,f,1196
07137,2017,75 bis unter 80 Jahre,f,5808
07137,2017,75 bis unter 80 Jahre,m,4856
07137,2017,unter 5 Jahre,f,4754
07137,2017,unter 5 Jahre,m,4956
07137,2017,45 bis unter 50 Jahre,f,7789
07137,2017,45 bis unter 50 Jahre,m,7758
07137,2017,25 bis unter 30 Jahre,m,6307
07137,2017,25 bis unter 30 Jahre,f,5739
07137,2017,80 bis unter 85 Jahre,f,4271
07137,2017,80 bis unter 85 Jahre,m,3164
07137,2017,55 bis unter 60 Jahre,f,8871
07137,2017,55 bis unter 60 Jahre,m,8816
07137,2017,60 bis unter 65 Jahre,m,7570
07137,2017,60 bis unter 65 Jahre,f,7816
07137,2017,40 bis unter 45 Jahre,m,5881
07137,2017,40 bis unter 45 Jahre,f,5991
07137,2017,15 bis unter 20 Jahre,m,5774
07137,2017,15 bis unter 20 Jahre,f,5280
07137,2017,85 bis unter 90 Jahre,f,2525
07137,2017,85 bis unter 90 Jahre,m,1375
07137,2017,20 bis unter 25 Jahre,f,5114
07137,2017,20 bis unter 25 Jahre,m,5959
07137,2017,5 bis unter 10 Jahre,m,4655
07137,2017,5 bis unter 10 Jahre,f,4560
07211,2017,40 bis unter 45 Jahre,f,2926
07211,2017,40 bis unter 45 Jahre,m,3173
07211,2017,15 bis unter 20 Jahre,m,2656
07211,2017,15 bis unter 20 Jahre,f,2444
07211,2017,60 bis unter 65 Jahre,f,3192
07211,2017,60 bis unter 65 Jahre,m,2984
07211,2017,unter 5 Jahre,m,2532
07211,2017,unter 5 Jahre,f,2249
07211,2017,20 bis unter 25 Jahre,f,5443
07211,2017,20 bis unter 25 Jahre,m,5189
07211,2017,35 bis unter 40 Jahre,f,3419
07211,2017,35 bis unter 40 Jahre,m,3772
07211,2017,55 bis unter 60 Jahre,m,3495
07211,2017,55 bis unter 60 Jahre,f,3646
07211,2017,75 bis unter 80 Jahre,f,2558
07211,2017,75 bis unter 80 Jahre,m,1833
07211,2017,90 bis unter 95 Jahre,m,217
07211,2017,90 bis unter 95 Jahre,f,675
07211,2017,95 Jahre und mehr,m,50
07211,2017,95 Jahre und mehr,f,203
07211,2017,10 bis unter 15 Jahre,m,2211
07211,2017,10 bis unter 15 Jahre,f,1901
07211,2017,85 bis unter 90 Jahre,m,604
07211,2017,85 bis unter 90 Jahre,f,1260
07211,2017,5 bis unter 10 Jahre,f,1986
07211,2017,5 bis unter 10 Jahre,m,2138
07211,2017,30 bis unter 35 Jahre,f,4254
07211,2017,30 bis unter 35 Jahre,m,4620
07211,2017,50 bis unter 55 Jahre,f,3930
07211,2017,50 bis unter 55 Jahre,m,4004
07211,2017,70 bis unter 75 Jahre,f,1976
07211,2017,70 bis unter 75 Jahre,m,1619
07211,2017,65 bis unter 70 Jahre,f,2761
07211,2017,65 bis unter 70 Jahre,m,2464
07211,2017,25 bis unter 30 Jahre,m,5868
07211,2017,25 bis unter 30 Jahre,f,5564
07211,2017,45 bis unter 50 Jahre,m,3493
07211,2017,45 bis unter 50 Jahre,f,3402
07211,2017,80 bis unter 85 Jahre,m,1259
07211,2017,80 bis unter 85 Jahre,f,2043
07138,2017,80 bis unter 85 Jahre,m,2804
07138,2017,80 bis unter 85 Jahre,f,3879
07138,2017,60 bis unter 65 Jahre,m,6248
07138,2017,60 bis unter 65 Jahre,f,6525
07138,2017,5 bis unter 10 Jahre,f,3928
07138,2017,5 bis unter 10 Jahre,m,4112
07138,2017,25 bis unter 30 Jahre,f,4914
07138,2017,25 bis unter 30 Jahre,m,5379
07138,2017,75 bis unter 80 Jahre,m,4144
07138,2017,75 bis unter 80 Jahre,f,5106
07138,2017,45 bis unter 50 Jahre,f,6612
07138,2017,45 bis unter 50 Jahre,m,6376
07138,2017,40 bis unter 45 Jahre,m,4770
07138,2017,40 bis unter 45 Jahre,f,4978
07138,2017,10 bis unter 15 Jahre,f,4189
07138,2017,10 bis unter 15 Jahre,m,4488
07138,2017,unter 5 Jahre,m,4305
07138,2017,unter 5 Jahre,f,3967
07138,2017,85 bis unter 90 Jahre,f,2219
07138,2017,85 bis unter 90 Jahre,m,1313
07138,2017,15 bis unter 20 Jahre,m,5013
07138,2017,15 bis unter 20 Jahre,f,4856
07138,2017,50 bis unter 55 Jahre,f,8071
07138,2017,50 bis unter 55 Jahre,m,8208
07138,2017,30 bis unter 35 Jahre,f,4817
07138,2017,30 bis unter 35 Jahre,m,4875
07138,2017,20 bis unter 25 Jahre,m,5227
07138,2017,20 bis unter 25 Jahre,f,4472
07138,2017,90 bis unter 95 Jahre,m,404
07138,2017,90 bis unter 95 Jahre,f,1066
07138,2017,65 bis unter 70 Jahre,m,5539
07138,2017,65 bis unter 70 Jahre,f,5678
07138,2017,35 bis unter 40 Jahre,f,5086
07138,2017,35 bis unter 40 Jahre,m,4936
07138,2017,70 bis unter 75 Jahre,f,4075
07138,2017,70 bis unter 75 Jahre,m,3602
07138,2017,95 Jahre und mehr,m,55
07138,2017,95 Jahre und mehr,f,283
07138,2017,55 bis unter 60 Jahre,m,7551
07138,2017,55 bis unter 60 Jahre,f,7585
07333,2017,80 bis unter 85 Jahre,f,1500
07333,2017,80 bis unter 85 Jahre,m,1092
07333,2017,35 bis unter 40 Jahre,m,2060
07333,2017,35 bis unter 40 Jahre,f,2122
07333,2017,55 bis unter 60 Jahre,m,3346
07333,2017,55 bis unter 60 Jahre,f,3301
07333,2017,75 bis unter 80 Jahre,m,1577
07333,2017,75 bis unter 80 Jahre,f,1857
07333,2017,40 bis unter 45 Jahre,m,2075
07333,2017,40 bis unter 45 Jahre,f,2152
07333,2017,20 bis unter 25 Jahre,f,1673
07333,2017,20 bis unter 25 Jahre,m,1992
07333,2017,unter 5 Jahre,m,1672
07333,2017,unter 5 Jahre,f,1568
07333,2017,95 Jahre und mehr,m,30
07333,2017,95 Jahre und mehr,f,121
07333,2017,15 bis unter 20 Jahre,m,2117
07333,2017,15 bis unter 20 Jahre,f,1940
07333,2017,60 bis unter 65 Jahre,f,2924
07333,2017,60 bis unter 65 Jahre,m,2925
07333,2017,5 bis unter 10 Jahre,f,1613
07333,2017,5 bis unter 10 Jahre,m,1655
07333,2017,30 bis unter 35 Jahre,f,1996
07333,2017,30 bis unter 35 Jahre,m,2037
07333,2017,85 bis unter 90 Jahre,m,463
07333,2017,85 bis unter 90 Jahre,f,860
07333,2017,70 bis unter 75 Jahre,f,1526
07333,2017,70 bis unter 75 Jahre,m,1404
07333,2017,25 bis unter 30 Jahre,m,2066
07333,2017,25 bis unter 30 Jahre,f,1886
07333,2017,90 bis unter 95 Jahre,f,433
07333,2017,90 bis unter 95 Jahre,m,165
07333,2017,45 bis unter 50 Jahre,m,2760
07333,2017,45 bis unter 50 Jahre,f,2791
07333,2017,10 bis unter 15 Jahre,m,1853
07333,2017,10 bis unter 15 Jahre,f,1767
07333,2017,50 bis unter 55 Jahre,f,3416
07333,2017,50 bis unter 55 Jahre,m,3421
07333,2017,65 bis unter 70 Jahre,f,2440
07333,2017,65 bis unter 70 Jahre,m,2506
07140,2017,30 bis unter 35 Jahre,f,2727
07140,2017,30 bis unter 35 Jahre,m,3015
07140,2017,65 bis unter 70 Jahre,f,3294
07140,2017,65 bis unter 70 Jahre,m,3320
07140,2017,85 bis unter 90 Jahre,f,1286
07140,2017,85 bis unter 90 Jahre,m,731
07140,2017,10 bis unter 15 Jahre,f,2240
07140,2017,10 bis unter 15 Jahre,m,2327
07140,2017,45 bis unter 50 Jahre,f,3747
07140,2017,45 bis unter 50 Jahre,m,3711
07140,2017,70 bis unter 75 Jahre,f,2219
07140,2017,70 bis unter 75 Jahre,m,2102
07140,2017,50 bis unter 55 Jahre,f,4635
07140,2017,50 bis unter 55 Jahre,m,4612
07140,2017,5 bis unter 10 Jahre,m,2245
07140,2017,5 bis unter 10 Jahre,f,2050
07140,2017,25 bis unter 30 Jahre,f,2580
07140,2017,25 bis unter 30 Jahre,m,3025
07140,2017,60 bis unter 65 Jahre,m,3899
07140,2017,60 bis unter 65 Jahre,f,3782
07140,2017,95 Jahre und mehr,f,184
07140,2017,95 Jahre und mehr,m,33
07140,2017,80 bis unter 85 Jahre,m,1566
07140,2017,80 bis unter 85 Jahre,f,2140
07140,2017,90 bis unter 95 Jahre,f,642
07140,2017,90 bis unter 95 Jahre,m,261
07140,2017,35 bis unter 40 Jahre,m,2886
07140,2017,35 bis unter 40 Jahre,f,2900
07140,2017,55 bis unter 60 Jahre,f,4517
07140,2017,55 bis unter 60 Jahre,m,4386
07140,2017,40 bis unter 45 Jahre,f,2743
07140,2017,40 bis unter 45 Jahre,m,2811
07140,2017,20 bis unter 25 Jahre,f,2302
07140,2017,20 bis unter 25 Jahre,m,2746
07140,2017,75 bis unter 80 Jahre,f,2885
07140,2017,75 bis unter 80 Jahre,m,2332
07140,2017,unter 5 Jahre,f,2185
07140,2017,unter 5 Jahre,m,2288
07140,2017,15 bis unter 20 Jahre,m,2926
07140,2017,15 bis unter 20 Jahre,f,2658
09180,2017,5 bis unter 10 Jahre,f,1671
09180,2017,5 bis unter 10 Jahre,m,1816
09180,2017,40 bis unter 45 Jahre,m,2290
09180,2017,40 bis unter 45 Jahre,f,2473
09180,2017,10 bis unter 15 Jahre,f,1782
09180,2017,10 bis unter 15 Jahre,m,1892
09180,2017,25 bis unter 30 Jahre,f,2387
09180,2017,25 bis unter 30 Jahre,m,2680
09180,2017,55 bis unter 60 Jahre,m,3266
09180,2017,55 bis unter 60 Jahre,f,3432
09180,2017,50 bis unter 55 Jahre,f,3996
09180,2017,50 bis unter 55 Jahre,m,3840
09180,2017,80 bis unter 85 Jahre,m,1522
09180,2017,80 bis unter 85 Jahre,f,2104
09180,2017,65 bis unter 70 Jahre,f,2833
09180,2017,65 bis unter 70 Jahre,m,2413
09180,2017,70 bis unter 75 Jahre,f,2657
09180,2017,70 bis unter 75 Jahre,m,2260
09180,2017,95 Jahre und mehr,m,47
09180,2017,95 Jahre und mehr,f,196
09180,2017,35 bis unter 40 Jahre,m,2375
09180,2017,35 bis unter 40 Jahre,f,2581
09180,2017,90 bis unter 95 Jahre,f,545
09180,2017,90 bis unter 95 Jahre,m,196
09180,2017,45 bis unter 50 Jahre,m,3114
09180,2017,45 bis unter 50 Jahre,f,3232
09180,2017,15 bis unter 20 Jahre,m,2336
09180,2017,15 bis unter 20 Jahre,f,1998
09180,2017,60 bis unter 65 Jahre,f,2839
09180,2017,60 bis unter 65 Jahre,m,2565
09180,2017,85 bis unter 90 Jahre,m,697
09180,2017,85 bis unter 90 Jahre,f,1090
09180,2017,30 bis unter 35 Jahre,m,2429
09180,2017,30 bis unter 35 Jahre,f,2355
09180,2017,unter 5 Jahre,f,1858
09180,2017,unter 5 Jahre,m,1963
09180,2017,75 bis unter 80 Jahre,f,3062
09180,2017,75 bis unter 80 Jahre,m,2407
09180,2017,20 bis unter 25 Jahre,m,2647
09180,2017,20 bis unter 25 Jahre,f,2309
07135,2017,90 bis unter 95 Jahre,f,440
07135,2017,90 bis unter 95 Jahre,m,141
07135,2017,25 bis unter 30 Jahre,m,1905
07135,2017,25 bis unter 30 Jahre,f,1530
07135,2017,70 bis unter 75 Jahre,f,1356
07135,2017,70 bis unter 75 Jahre,m,1404
07135,2017,85 bis unter 90 Jahre,f,828
07135,2017,85 bis unter 90 Jahre,m,448
07135,2017,45 bis unter 50 Jahre,m,2157
07135,2017,45 bis unter 50 Jahre,f,2242
07135,2017,65 bis unter 70 Jahre,m,2061
07135,2017,65 bis unter 70 Jahre,f,2030
07135,2017,10 bis unter 15 Jahre,f,1280
07135,2017,10 bis unter 15 Jahre,m,1386
07135,2017,30 bis unter 35 Jahre,m,1673
07135,2017,30 bis unter 35 Jahre,f,1468
07135,2017,5 bis unter 10 Jahre,m,1259
07135,2017,5 bis unter 10 Jahre,f,1135
07135,2017,50 bis unter 55 Jahre,f,2737
07135,2017,50 bis unter 55 Jahre,m,2932
07135,2017,95 Jahre und mehr,m,36
07135,2017,95 Jahre und mehr,f,115
07135,2017,35 bis unter 40 Jahre,f,1596
07135,2017,35 bis unter 40 Jahre,m,1632
07135,2017,55 bis unter 60 Jahre,f,2668
07135,2017,55 bis unter 60 Jahre,m,2671
07135,2017,60 bis unter 65 Jahre,m,2342
07135,2017,60 bis unter 65 Jahre,f,2243
07135,2017,80 bis unter 85 Jahre,f,1456
07135,2017,80 bis unter 85 Jahre,m,1052
07135,2017,15 bis unter 20 Jahre,m,1735
07135,2017,15 bis unter 20 Jahre,f,1535
07135,2017,20 bis unter 25 Jahre,m,1658
07135,2017,20 bis unter 25 Jahre,f,1444
07135,2017,unter 5 Jahre,m,1247
07135,2017,unter 5 Jahre,f,1183
07135,2017,40 bis unter 45 Jahre,f,1602
07135,2017,40 bis unter 45 Jahre,m,1591
07135,2017,75 bis unter 80 Jahre,f,1896
07135,2017,75 bis unter 80 Jahre,m,1548
09561,2017,90 bis unter 95 Jahre,f,300
09561,2017,90 bis unter 95 Jahre,m,88
09561,2017,45 bis unter 50 Jahre,m,1389
09561,2017,45 bis unter 50 Jahre,f,1467
09561,2017,65 bis unter 70 Jahre,m,1069
09561,2017,65 bis unter 70 Jahre,f,1257
09561,2017,85 bis unter 90 Jahre,m,277
09561,2017,85 bis unter 90 Jahre,f,509
09561,2017,50 bis unter 55 Jahre,m,1616
09561,2017,50 bis unter 55 Jahre,f,1739
09561,2017,30 bis unter 35 Jahre,f,1299
09561,2017,30 bis unter 35 Jahre,m,1393
09561,2017,10 bis unter 15 Jahre,m,914
09561,2017,10 bis unter 15 Jahre,f,892
09561,2017,25 bis unter 30 Jahre,m,1441
09561,2017,25 bis unter 30 Jahre,f,1489
09561,2017,70 bis unter 75 Jahre,f,964
09561,2017,70 bis unter 75 Jahre,m,764
09561,2017,55 bis unter 60 Jahre,f,1617
09561,2017,55 bis unter 60 Jahre,m,1576
09561,2017,80 bis unter 85 Jahre,m,570
09561,2017,80 bis unter 85 Jahre,f,865
09561,2017,unter 5 Jahre,f,1016
09561,2017,unter 5 Jahre,m,1019
09561,2017,35 bis unter 40 Jahre,m,1243
09561,2017,35 bis unter 40 Jahre,f,1250
09561,2017,95 Jahre und mehr,m,25
09561,2017,95 Jahre und mehr,f,86
09561,2017,20 bis unter 25 Jahre,m,1335
09561,2017,20 bis unter 25 Jahre,f,1288
09561,2017,60 bis unter 65 Jahre,f,1407
09561,2017,60 bis unter 65 Jahre,m,1215
09561,2017,75 bis unter 80 Jahre,f,1209
09561,2017,75 bis unter 80 Jahre,m,911
09561,2017,40 bis unter 45 Jahre,m,1111
09561,2017,40 bis unter 45 Jahre,f,1205
09561,2017,15 bis unter 20 Jahre,m,1099
09561,2017,15 bis unter 20 Jahre,f,992
09561,2017,5 bis unter 10 Jahre,f,871
09561,2017,5 bis unter 10 Jahre,m,875
07335,2017,60 bis unter 65 Jahre,m,3965
07335,2017,60 bis unter 65 Jahre,f,3994
07335,2017,75 bis unter 80 Jahre,m,2291
07335,2017,75 bis unter 80 Jahre,f,2906
07335,2017,20 bis unter 25 Jahre,m,2930
07335,2017,20 bis unter 25 Jahre,f,2467
07335,2017,55 bis unter 60 Jahre,m,4610
07335,2017,55 bis unter 60 Jahre,f,4660
07335,2017,40 bis unter 45 Jahre,m,2687
07335,2017,40 bis unter 45 Jahre,f,2920
07335,2017,35 bis unter 40 Jahre,m,2977
07335,2017,35 bis unter 40 Jahre,f,3097
07335,2017,unter 5 Jahre,m,2599
07335,2017,unter 5 Jahre,f,2470
07335,2017,30 bis unter 35 Jahre,f,2996
07335,2017,30 bis unter 35 Jahre,m,2974
07335,2017,50 bis unter 55 Jahre,f,4655
07335,2017,50 bis unter 55 Jahre,m,4471
07335,2017,25 bis unter 30 Jahre,f,2834
07335,2017,25 bis unter 30 Jahre,m,3011
07335,2017,15 bis unter 20 Jahre,m,3014
07335,2017,15 bis unter 20 Jahre,f,2681
07335,2017,5 bis unter 10 Jahre,f,2261
07335,2017,5 bis unter 10 Jahre,m,2441
07335,2017,85 bis unter 90 Jahre,m,703
07335,2017,85 bis unter 90 Jahre,f,1278
07335,2017,70 bis unter 75 Jahre,m,2003
07335,2017,70 bis unter 75 Jahre,f,2161
07335,2017,90 bis unter 95 Jahre,m,227
07335,2017,90 bis unter 95 Jahre,f,591
07335,2017,10 bis unter 15 Jahre,m,2553
07335,2017,10 bis unter 15 Jahre,f,2345
07335,2017,65 bis unter 70 Jahre,m,3321
07335,2017,65 bis unter 70 Jahre,f,3272
07335,2017,45 bis unter 50 Jahre,f,3749
07335,2017,45 bis unter 50 Jahre,m,3727
07335,2017,95 Jahre und mehr,f,145
07335,2017,95 Jahre und mehr,m,41
07335,2017,80 bis unter 85 Jahre,f,2146
07335,2017,80 bis unter 85 Jahre,m,1476
04011,2017,15 bis unter 20 Jahre,f,12810
04011,2017,15 bis unter 20 Jahre,m,14988
04011,2017,unter 5 Jahre,f,13070
04011,2017,unter 5 Jahre,m,13902
04011,2017,90 bis unter 95 Jahre,m,1176
04011,2017,90 bis unter 95 Jahre,f,3373
04011,2017,55 bis unter 60 Jahre,f,19871
04011,2017,55 bis unter 60 Jahre,m,19398
04011,2017,35 bis unter 40 Jahre,f,17724
04011,2017,35 bis unter 40 Jahre,m,18791
04011,2017,70 bis unter 75 Jahre,m,11877
04011,2017,70 bis unter 75 Jahre,f,13601
04011,2017,75 bis unter 80 Jahre,f,15842
04011,2017,75 bis unter 80 Jahre,m,12463
04011,2017,95 Jahre und mehr,f,1089
04011,2017,95 Jahre und mehr,m,288
04011,2017,45 bis unter 50 Jahre,m,19845
04011,2017,45 bis unter 50 Jahre,f,19187
04011,2017,80 bis unter 85 Jahre,f,11569
04011,2017,80 bis unter 85 Jahre,m,7784
04011,2017,25 bis unter 30 Jahre,m,22481
04011,2017,25 bis unter 30 Jahre,f,20889
04011,2017,60 bis unter 65 Jahre,f,17232
04011,2017,60 bis unter 65 Jahre,m,15963
04011,2017,50 bis unter 55 Jahre,m,22794
04011,2017,50 bis unter 55 Jahre,f,21867
04011,2017,5 bis unter 10 Jahre,f,11476
04011,2017,5 bis unter 10 Jahre,m,12170
04011,2017,65 bis unter 70 Jahre,f,15975
04011,2017,65 bis unter 70 Jahre,m,14237
04011,2017,10 bis unter 15 Jahre,f,11454
04011,2017,10 bis unter 15 Jahre,m,12386
04011,2017,40 bis unter 45 Jahre,m,16893
04011,2017,40 bis unter 45 Jahre,f,16400
04011,2017,20 bis unter 25 Jahre,m,18996
04011,2017,20 bis unter 25 Jahre,f,17907
04011,2017,30 bis unter 35 Jahre,m,20773
04011,2017,30 bis unter 35 Jahre,f,19609
04011,2017,85 bis unter 90 Jahre,m,3279
04011,2017,85 bis unter 90 Jahre,f,6577
05766,2017,85 bis unter 90 Jahre,m,2687
05766,2017,85 bis unter 90 Jahre,f,4627
05766,2017,70 bis unter 75 Jahre,m,6838
05766,2017,70 bis unter 75 Jahre,f,7859
05766,2017,90 bis unter 95 Jahre,m,814
05766,2017,90 bis unter 95 Jahre,f,2361
05766,2017,30 bis unter 35 Jahre,m,9891
05766,2017,30 bis unter 35 Jahre,f,9253
05766,2017,unter 5 Jahre,f,8054
05766,2017,unter 5 Jahre,m,8645
05766,2017,15 bis unter 20 Jahre,f,9429
05766,2017,15 bis unter 20 Jahre,m,10012
05766,2017,45 bis unter 50 Jahre,m,12255
05766,2017,45 bis unter 50 Jahre,f,12368
05766,2017,75 bis unter 80 Jahre,f,10309
05766,2017,75 bis unter 80 Jahre,m,7985
05766,2017,65 bis unter 70 Jahre,f,10428
05766,2017,65 bis unter 70 Jahre,m,9700
05766,2017,40 bis unter 45 Jahre,f,9441
05766,2017,40 bis unter 45 Jahre,m,9054
05766,2017,10 bis unter 15 Jahre,f,8449
05766,2017,10 bis unter 15 Jahre,m,9038
05766,2017,20 bis unter 25 Jahre,f,9247
05766,2017,20 bis unter 25 Jahre,m,10630
05766,2017,60 bis unter 65 Jahre,m,11406
05766,2017,60 bis unter 65 Jahre,f,11810
05766,2017,80 bis unter 85 Jahre,m,5529
05766,2017,80 bis unter 85 Jahre,f,7810
05766,2017,55 bis unter 60 Jahre,m,13715
05766,2017,55 bis unter 60 Jahre,f,13978
05766,2017,5 bis unter 10 Jahre,f,8057
05766,2017,5 bis unter 10 Jahre,m,8574
05766,2017,95 Jahre und mehr,m,145
05766,2017,95 Jahre und mehr,f,717
05766,2017,50 bis unter 55 Jahre,f,14819
05766,2017,50 bis unter 55 Jahre,m,14495
05766,2017,25 bis unter 30 Jahre,f,9188
05766,2017,25 bis unter 30 Jahre,m,10406
05766,2017,35 bis unter 40 Jahre,m,9483
05766,2017,35 bis unter 40 Jahre,f,9563
09183,2017,40 bis unter 45 Jahre,f,3361
09183,2017,40 bis unter 45 Jahre,m,3607
09183,2017,20 bis unter 25 Jahre,f,3106
09183,2017,20 bis unter 25 Jahre,m,3764
09183,2017,35 bis unter 40 Jahre,f,3356
09183,2017,35 bis unter 40 Jahre,m,3653
09183,2017,95 Jahre und mehr,f,109
09183,2017,95 Jahre und mehr,m,29
09183,2017,55 bis unter 60 Jahre,m,4614
09183,2017,55 bis unter 60 Jahre,f,4532
09183,2017,75 bis unter 80 Jahre,f,2889
09183,2017,75 bis unter 80 Jahre,m,2425
09183,2017,unter 5 Jahre,m,2885
09183,2017,unter 5 Jahre,f,2617
09183,2017,15 bis unter 20 Jahre,m,3135
09183,2017,15 bis unter 20 Jahre,f,3016
09183,2017,60 bis unter 65 Jahre,f,3569
09183,2017,60 bis unter 65 Jahre,m,3646
09183,2017,90 bis unter 95 Jahre,m,183
09183,2017,90 bis unter 95 Jahre,f,528
09183,2017,30 bis unter 35 Jahre,m,3663
09183,2017,30 bis unter 35 Jahre,f,3148
09183,2017,5 bis unter 10 Jahre,f,2549
09183,2017,5 bis unter 10 Jahre,m,2656
09183,2017,85 bis unter 90 Jahre,m,666
09183,2017,85 bis unter 90 Jahre,f,1175
09183,2017,50 bis unter 55 Jahre,f,4723
09183,2017,50 bis unter 55 Jahre,m,5054
09183,2017,65 bis unter 70 Jahre,f,3264
09183,2017,65 bis unter 70 Jahre,m,3043
09183,2017,10 bis unter 15 Jahre,m,2752
09183,2017,10 bis unter 15 Jahre,f,2515
09183,2017,70 bis unter 75 Jahre,f,2542
09183,2017,70 bis unter 75 Jahre,m,2309
09183,2017,25 bis unter 30 Jahre,m,3969
09183,2017,25 bis unter 30 Jahre,f,3283
09183,2017,80 bis unter 85 Jahre,m,1420
09183,2017,80 bis unter 85 Jahre,f,2079
09183,2017,45 bis unter 50 Jahre,f,4164
09183,2017,45 bis unter 50 Jahre,m,4488
09674,2017,10 bis unter 15 Jahre,f,1784
09674,2017,10 bis unter 15 Jahre,m,2045
09674,2017,25 bis unter 30 Jahre,f,2279
09674,2017,25 bis unter 30 Jahre,m,2559
09674,2017,5 bis unter 10 Jahre,f,1775
09674,2017,5 bis unter 10 Jahre,m,1826
09674,2017,50 bis unter 55 Jahre,f,3769
09674,2017,50 bis unter 55 Jahre,m,3831
09674,2017,95 Jahre und mehr,f,103
09674,2017,95 Jahre und mehr,m,19
09674,2017,65 bis unter 70 Jahre,f,2541
09674,2017,65 bis unter 70 Jahre,m,2646
09674,2017,80 bis unter 85 Jahre,m,1176
09674,2017,80 bis unter 85 Jahre,f,1593
09674,2017,40 bis unter 45 Jahre,m,2347
09674,2017,40 bis unter 45 Jahre,f,2344
09674,2017,45 bis unter 50 Jahre,m,3084
09674,2017,45 bis unter 50 Jahre,f,3009
09674,2017,90 bis unter 95 Jahre,f,397
09674,2017,90 bis unter 95 Jahre,m,140
09674,2017,35 bis unter 40 Jahre,m,2524
09674,2017,35 bis unter 40 Jahre,f,2397
09674,2017,70 bis unter 75 Jahre,m,1642
09674,2017,70 bis unter 75 Jahre,f,1605
09674,2017,60 bis unter 65 Jahre,f,3078
09674,2017,60 bis unter 65 Jahre,m,3185
09674,2017,unter 5 Jahre,f,1843
09674,2017,unter 5 Jahre,m,1983
09674,2017,20 bis unter 25 Jahre,f,2089
09674,2017,20 bis unter 25 Jahre,m,2443
09674,2017,15 bis unter 20 Jahre,f,2225
09674,2017,15 bis unter 20 Jahre,m,2379
09674,2017,75 bis unter 80 Jahre,f,2193
09674,2017,75 bis unter 80 Jahre,m,1772
09674,2017,55 bis unter 60 Jahre,f,3715
09674,2017,55 bis unter 60 Jahre,m,3793
09674,2017,30 bis unter 35 Jahre,m,2535
09674,2017,30 bis unter 35 Jahre,f,2392
09674,2017,85 bis unter 90 Jahre,m,469
09674,2017,85 bis unter 90 Jahre,f,935
09372,2017,5 bis unter 10 Jahre,f,2644
09372,2017,5 bis unter 10 Jahre,m,2654
09372,2017,80 bis unter 85 Jahre,m,1696
09372,2017,80 bis unter 85 Jahre,f,2489
09372,2017,25 bis unter 30 Jahre,f,3578
09372,2017,25 bis unter 30 Jahre,m,4090
09372,2017,60 bis unter 65 Jahre,m,4665
09372,2017,60 bis unter 65 Jahre,f,4406
09372,2017,95 Jahre und mehr,m,47
09372,2017,95 Jahre und mehr,f,151
09372,2017,20 bis unter 25 Jahre,m,3860
09372,2017,20 bis unter 25 Jahre,f,3493
09372,2017,65 bis unter 70 Jahre,f,3843
09372,2017,65 bis unter 70 Jahre,m,3955
09372,2017,70 bis unter 75 Jahre,f,2632
09372,2017,70 bis unter 75 Jahre,m,2548
09372,2017,35 bis unter 40 Jahre,m,3955
09372,2017,35 bis unter 40 Jahre,f,3638
09372,2017,15 bis unter 20 Jahre,m,3387
09372,2017,15 bis unter 20 Jahre,f,3140
09372,2017,50 bis unter 55 Jahre,f,5370
09372,2017,50 bis unter 55 Jahre,m,5597
09372,2017,40 bis unter 45 Jahre,m,3777
09372,2017,40 bis unter 45 Jahre,f,3644
09372,2017,45 bis unter 50 Jahre,f,4718
09372,2017,45 bis unter 50 Jahre,m,4866
09372,2017,90 bis unter 95 Jahre,m,204
09372,2017,90 bis unter 95 Jahre,f,640
09372,2017,55 bis unter 60 Jahre,f,5294
09372,2017,55 bis unter 60 Jahre,m,5433
09372,2017,unter 5 Jahre,f,2654
09372,2017,unter 5 Jahre,m,2934
09372,2017,30 bis unter 35 Jahre,m,3827
09372,2017,30 bis unter 35 Jahre,f,3565
09372,2017,85 bis unter 90 Jahre,m,730
09372,2017,85 bis unter 90 Jahre,f,1528
09372,2017,10 bis unter 15 Jahre,m,2903
09372,2017,10 bis unter 15 Jahre,f,2706
09372,2017,75 bis unter 80 Jahre,f,3296
09372,2017,75 bis unter 80 Jahre,m,2782
06411,2017,90 bis unter 95 Jahre,m,305
06411,2017,90 bis unter 95 Jahre,f,862
06411,2017,95 Jahre und mehr,m,78
06411,2017,95 Jahre und mehr,f,276
06411,2017,55 bis unter 60 Jahre,f,4957
06411,2017,55 bis unter 60 Jahre,m,4876
06411,2017,85 bis unter 90 Jahre,m,804
06411,2017,85 bis unter 90 Jahre,f,1509
06411,2017,30 bis unter 35 Jahre,m,6856
06411,2017,30 bis unter 35 Jahre,f,5783
06411,2017,unter 5 Jahre,f,3868
06411,2017,unter 5 Jahre,m,3901
06411,2017,40 bis unter 45 Jahre,f,4483
06411,2017,40 bis unter 45 Jahre,m,4515
06411,2017,70 bis unter 75 Jahre,m,2637
06411,2017,70 bis unter 75 Jahre,f,3129
06411,2017,45 bis unter 50 Jahre,m,5227
06411,2017,45 bis unter 50 Jahre,f,4923
06411,2017,15 bis unter 20 Jahre,f,3429
06411,2017,15 bis unter 20 Jahre,m,3992
06411,2017,80 bis unter 85 Jahre,f,2444
06411,2017,80 bis unter 85 Jahre,m,1745
06411,2017,25 bis unter 30 Jahre,m,9385
06411,2017,25 bis unter 30 Jahre,f,7236
06411,2017,60 bis unter 65 Jahre,f,4179
06411,2017,60 bis unter 65 Jahre,m,3856
06411,2017,5 bis unter 10 Jahre,m,3612
06411,2017,5 bis unter 10 Jahre,f,3435
06411,2017,50 bis unter 55 Jahre,f,5405
06411,2017,50 bis unter 55 Jahre,m,5654
06411,2017,35 bis unter 40 Jahre,m,5391
06411,2017,35 bis unter 40 Jahre,f,5062
06411,2017,65 bis unter 70 Jahre,f,3951
06411,2017,65 bis unter 70 Jahre,m,3345
06411,2017,20 bis unter 25 Jahre,m,8165
06411,2017,20 bis unter 25 Jahre,f,6086
06411,2017,10 bis unter 15 Jahre,m,3451
06411,2017,10 bis unter 15 Jahre,f,3184
06411,2017,75 bis unter 80 Jahre,f,3488
06411,2017,75 bis unter 80 Jahre,m,2770
09361,2017,unter 5 Jahre,f,890
09361,2017,unter 5 Jahre,m,841
09361,2017,55 bis unter 60 Jahre,f,1652
09361,2017,55 bis unter 60 Jahre,m,1617
09361,2017,40 bis unter 45 Jahre,f,1125
09361,2017,40 bis unter 45 Jahre,m,1168
09361,2017,35 bis unter 40 Jahre,f,1141
09361,2017,35 bis unter 40 Jahre,m,1353
09361,2017,95 Jahre und mehr,f,88
09361,2017,95 Jahre und mehr,m,21
09361,2017,20 bis unter 25 Jahre,f,1055
09361,2017,20 bis unter 25 Jahre,m,1306
09361,2017,15 bis unter 20 Jahre,f,994
09361,2017,15 bis unter 20 Jahre,m,1086
09361,2017,60 bis unter 65 Jahre,f,1486
09361,2017,60 bis unter 65 Jahre,m,1378
09361,2017,90 bis unter 95 Jahre,m,94
09361,2017,90 bis unter 95 Jahre,f,312
09361,2017,75 bis unter 80 Jahre,f,1343
09361,2017,75 bis unter 80 Jahre,m,904
09361,2017,85 bis unter 90 Jahre,m,301
09361,2017,85 bis unter 90 Jahre,f,586
09361,2017,30 bis unter 35 Jahre,m,1484
09361,2017,30 bis unter 35 Jahre,f,1201
09361,2017,65 bis unter 70 Jahre,m,1224
09361,2017,65 bis unter 70 Jahre,f,1387
09361,2017,5 bis unter 10 Jahre,f,800
09361,2017,5 bis unter 10 Jahre,m,901
09361,2017,10 bis unter 15 Jahre,m,908
09361,2017,10 bis unter 15 Jahre,f,845
09361,2017,45 bis unter 50 Jahre,f,1409
09361,2017,45 bis unter 50 Jahre,m,1448
09361,2017,25 bis unter 30 Jahre,f,1287
09361,2017,25 bis unter 30 Jahre,m,1564
09361,2017,80 bis unter 85 Jahre,m,650
09361,2017,80 bis unter 85 Jahre,f,1043
09361,2017,50 bis unter 55 Jahre,f,1779
09361,2017,50 bis unter 55 Jahre,m,1698
09361,2017,70 bis unter 75 Jahre,m,863
09361,2017,70 bis unter 75 Jahre,f,1016
07336,2017,70 bis unter 75 Jahre,m,1418
07336,2017,70 bis unter 75 Jahre,f,1511
07336,2017,85 bis unter 90 Jahre,m,580
07336,2017,85 bis unter 90 Jahre,f,962
07336,2017,90 bis unter 95 Jahre,m,150
07336,2017,90 bis unter 95 Jahre,f,409
07336,2017,65 bis unter 70 Jahre,m,2544
07336,2017,65 bis unter 70 Jahre,f,2496
07336,2017,35 bis unter 40 Jahre,f,1920
07336,2017,35 bis unter 40 Jahre,m,1894
07336,2017,50 bis unter 55 Jahre,m,3235
07336,2017,50 bis unter 55 Jahre,f,3044
07336,2017,20 bis unter 25 Jahre,f,1644
07336,2017,20 bis unter 25 Jahre,m,1926
07336,2017,10 bis unter 15 Jahre,m,1491
07336,2017,10 bis unter 15 Jahre,f,1450
07336,2017,25 bis unter 30 Jahre,m,1994
07336,2017,25 bis unter 30 Jahre,f,1814
07336,2017,95 Jahre und mehr,f,109
07336,2017,95 Jahre und mehr,m,27
07336,2017,75 bis unter 80 Jahre,f,2041
07336,2017,75 bis unter 80 Jahre,m,1660
07336,2017,80 bis unter 85 Jahre,f,1604
07336,2017,80 bis unter 85 Jahre,m,1141
07336,2017,unter 5 Jahre,m,1517
07336,2017,unter 5 Jahre,f,1399
07336,2017,55 bis unter 60 Jahre,f,3268
07336,2017,55 bis unter 60 Jahre,m,3312
07336,2017,45 bis unter 50 Jahre,m,2400
07336,2017,45 bis unter 50 Jahre,f,2488
07336,2017,5 bis unter 10 Jahre,f,1405
07336,2017,5 bis unter 10 Jahre,m,1397
07336,2017,60 bis unter 65 Jahre,m,2858
07336,2017,60 bis unter 65 Jahre,f,2830
07336,2017,40 bis unter 45 Jahre,f,1834
07336,2017,40 bis unter 45 Jahre,m,1813
07336,2017,30 bis unter 35 Jahre,f,1769
07336,2017,30 bis unter 35 Jahre,m,1910
07336,2017,15 bis unter 20 Jahre,m,1910
07336,2017,15 bis unter 20 Jahre,f,1590
06438,2017,10 bis unter 15 Jahre,f,8103
06438,2017,10 bis unter 15 Jahre,m,8672
06438,2017,25 bis unter 30 Jahre,f,9964
06438,2017,25 bis unter 30 Jahre,m,10477
06438,2017,65 bis unter 70 Jahre,f,10646
06438,2017,65 bis unter 70 Jahre,m,9197
06438,2017,45 bis unter 50 Jahre,f,13131
06438,2017,45 bis unter 50 Jahre,m,13083
06438,2017,30 bis unter 35 Jahre,f,10608
06438,2017,30 bis unter 35 Jahre,m,10668
06438,2017,5 bis unter 10 Jahre,f,7930
06438,2017,5 bis unter 10 Jahre,m,8580
06438,2017,55 bis unter 60 Jahre,m,12981
06438,2017,55 bis unter 60 Jahre,f,13081
06438,2017,90 bis unter 95 Jahre,f,1679
06438,2017,90 bis unter 95 Jahre,m,743
06438,2017,75 bis unter 80 Jahre,m,7788
06438,2017,75 bis unter 80 Jahre,f,9596
06438,2017,80 bis unter 85 Jahre,m,5069
06438,2017,80 bis unter 85 Jahre,f,6639
06438,2017,85 bis unter 90 Jahre,f,3742
06438,2017,85 bis unter 90 Jahre,m,2358
06438,2017,unter 5 Jahre,m,9001
06438,2017,unter 5 Jahre,f,8437
06438,2017,35 bis unter 40 Jahre,f,11722
06438,2017,35 bis unter 40 Jahre,m,11334
06438,2017,15 bis unter 20 Jahre,f,8232
06438,2017,15 bis unter 20 Jahre,m,9459
06438,2017,20 bis unter 25 Jahre,f,8736
06438,2017,20 bis unter 25 Jahre,m,9684
06438,2017,40 bis unter 45 Jahre,f,10942
06438,2017,40 bis unter 45 Jahre,m,10830
06438,2017,70 bis unter 75 Jahre,m,7584
06438,2017,70 bis unter 75 Jahre,f,8642
06438,2017,95 Jahre und mehr,m,115
06438,2017,95 Jahre und mehr,f,484
06438,2017,50 bis unter 55 Jahre,m,15159
06438,2017,50 bis unter 55 Jahre,f,15040
06438,2017,60 bis unter 65 Jahre,m,10422
06438,2017,60 bis unter 65 Jahre,f,11134
07319,2017,35 bis unter 40 Jahre,f,2502
07319,2017,35 bis unter 40 Jahre,m,2568
07319,2017,20 bis unter 25 Jahre,f,2523
07319,2017,20 bis unter 25 Jahre,m,2804
07319,2017,95 Jahre und mehr,f,149
07319,2017,95 Jahre und mehr,m,23
07319,2017,40 bis unter 45 Jahre,f,2474
07319,2017,40 bis unter 45 Jahre,m,2412
07319,2017,75 bis unter 80 Jahre,f,2165
07319,2017,75 bis unter 80 Jahre,m,1624
07319,2017,60 bis unter 65 Jahre,f,2815
07319,2017,60 bis unter 65 Jahre,m,2603
07319,2017,55 bis unter 60 Jahre,f,3244
07319,2017,55 bis unter 60 Jahre,m,3079
07319,2017,15 bis unter 20 Jahre,m,2173
07319,2017,15 bis unter 20 Jahre,f,2048
07319,2017,80 bis unter 85 Jahre,f,1606
07319,2017,80 bis unter 85 Jahre,m,1084
07319,2017,65 bis unter 70 Jahre,m,2246
07319,2017,65 bis unter 70 Jahre,f,2536
07319,2017,70 bis unter 75 Jahre,m,1514
07319,2017,70 bis unter 75 Jahre,f,1792
07319,2017,unter 5 Jahre,m,2116
07319,2017,unter 5 Jahre,f,2106
07319,2017,90 bis unter 95 Jahre,m,179
07319,2017,90 bis unter 95 Jahre,f,485
07319,2017,45 bis unter 50 Jahre,m,2912
07319,2017,45 bis unter 50 Jahre,f,2716
07319,2017,10 bis unter 15 Jahre,f,1897
07319,2017,10 bis unter 15 Jahre,m,1979
07319,2017,25 bis unter 30 Jahre,f,2639
07319,2017,25 bis unter 30 Jahre,m,3040
07319,2017,30 bis unter 35 Jahre,f,2560
07319,2017,30 bis unter 35 Jahre,m,2615
07319,2017,5 bis unter 10 Jahre,f,1826
07319,2017,5 bis unter 10 Jahre,m,1981
07319,2017,85 bis unter 90 Jahre,f,946
07319,2017,85 bis unter 90 Jahre,m,515
07319,2017,50 bis unter 55 Jahre,m,3403
07319,2017,50 bis unter 55 Jahre,f,3182
09777,2017,30 bis unter 35 Jahre,f,3967
09777,2017,30 bis unter 35 Jahre,m,4180
09777,2017,45 bis unter 50 Jahre,f,5092
09777,2017,45 bis unter 50 Jahre,m,5186
09777,2017,25 bis unter 30 Jahre,f,3827
09777,2017,25 bis unter 30 Jahre,m,4298
09777,2017,5 bis unter 10 Jahre,f,3119
09777,2017,5 bis unter 10 Jahre,m,3142
09777,2017,10 bis unter 15 Jahre,f,3375
09777,2017,10 bis unter 15 Jahre,m,3463
09777,2017,50 bis unter 55 Jahre,f,6095
09777,2017,50 bis unter 55 Jahre,m,6081
09777,2017,80 bis unter 85 Jahre,m,1881
09777,2017,80 bis unter 85 Jahre,f,2465
09777,2017,90 bis unter 95 Jahre,f,737
09777,2017,90 bis unter 95 Jahre,m,309
09777,2017,65 bis unter 70 Jahre,f,4043
09777,2017,65 bis unter 70 Jahre,m,3917
09777,2017,60 bis unter 65 Jahre,m,4352
09777,2017,60 bis unter 65 Jahre,f,4423
09777,2017,70 bis unter 75 Jahre,m,3150
09777,2017,70 bis unter 75 Jahre,f,3232
09777,2017,35 bis unter 40 Jahre,m,4096
09777,2017,35 bis unter 40 Jahre,f,4076
09777,2017,40 bis unter 45 Jahre,m,4031
09777,2017,40 bis unter 45 Jahre,f,4059
09777,2017,15 bis unter 20 Jahre,m,4053
09777,2017,15 bis unter 20 Jahre,f,3719
09777,2017,20 bis unter 25 Jahre,f,3597
09777,2017,20 bis unter 25 Jahre,m,4205
09777,2017,55 bis unter 60 Jahre,f,5389
09777,2017,55 bis unter 60 Jahre,m,5407
09777,2017,95 Jahre und mehr,m,67
09777,2017,95 Jahre und mehr,f,223
09777,2017,75 bis unter 80 Jahre,f,3653
09777,2017,75 bis unter 80 Jahre,m,3224
09777,2017,unter 5 Jahre,f,3336
09777,2017,unter 5 Jahre,m,3484
09777,2017,85 bis unter 90 Jahre,m,893
09777,2017,85 bis unter 90 Jahre,f,1432
08128,2017,25 bis unter 30 Jahre,f,3541
08128,2017,25 bis unter 30 Jahre,m,4179
08128,2017,5 bis unter 10 Jahre,f,2683
08128,2017,5 bis unter 10 Jahre,m,2809
08128,2017,95 Jahre und mehr,f,196
08128,2017,95 Jahre und mehr,m,29
08128,2017,45 bis unter 50 Jahre,f,4700
08128,2017,45 bis unter 50 Jahre,m,4763
08128,2017,80 bis unter 85 Jahre,m,1980
08128,2017,80 bis unter 85 Jahre,f,2769
08128,2017,85 bis unter 90 Jahre,f,1728
08128,2017,85 bis unter 90 Jahre,m,926
08128,2017,10 bis unter 15 Jahre,f,3034
08128,2017,10 bis unter 15 Jahre,m,3109
08128,2017,40 bis unter 45 Jahre,m,3643
08128,2017,40 bis unter 45 Jahre,f,3654
08128,2017,90 bis unter 95 Jahre,f,853
08128,2017,90 bis unter 95 Jahre,m,320
08128,2017,55 bis unter 60 Jahre,m,5413
08128,2017,55 bis unter 60 Jahre,f,5399
08128,2017,35 bis unter 40 Jahre,m,3917
08128,2017,35 bis unter 40 Jahre,f,3727
08128,2017,70 bis unter 75 Jahre,f,2892
08128,2017,70 bis unter 75 Jahre,m,2654
08128,2017,65 bis unter 70 Jahre,f,4200
08128,2017,65 bis unter 70 Jahre,m,4095
08128,2017,60 bis unter 65 Jahre,m,4592
08128,2017,60 bis unter 65 Jahre,f,4710
08128,2017,15 bis unter 20 Jahre,f,3345
08128,2017,15 bis unter 20 Jahre,m,3721
08128,2017,unter 5 Jahre,f,2807
08128,2017,unter 5 Jahre,m,3001
08128,2017,75 bis unter 80 Jahre,f,3639
08128,2017,75 bis unter 80 Jahre,m,3061
08128,2017,50 bis unter 55 Jahre,m,5704
08128,2017,50 bis unter 55 Jahre,f,5574
08128,2017,20 bis unter 25 Jahre,f,3315
08128,2017,20 bis unter 25 Jahre,m,3957
08128,2017,30 bis unter 35 Jahre,m,3924
08128,2017,30 bis unter 35 Jahre,f,3626
09274,2017,75 bis unter 80 Jahre,m,3157
09274,2017,75 bis unter 80 Jahre,f,3536
09274,2017,20 bis unter 25 Jahre,m,4859
09274,2017,20 bis unter 25 Jahre,f,4015
09274,2017,80 bis unter 85 Jahre,f,2537
09274,2017,80 bis unter 85 Jahre,m,1779
09274,2017,35 bis unter 40 Jahre,m,5212
09274,2017,35 bis unter 40 Jahre,f,4849
09274,2017,40 bis unter 45 Jahre,m,5147
09274,2017,40 bis unter 45 Jahre,f,4933
09274,2017,60 bis unter 65 Jahre,m,5061
09274,2017,60 bis unter 65 Jahre,f,4885
09274,2017,55 bis unter 60 Jahre,m,6463
09274,2017,55 bis unter 60 Jahre,f,6178
09274,2017,15 bis unter 20 Jahre,m,4504
09274,2017,15 bis unter 20 Jahre,f,4100
09274,2017,unter 5 Jahre,m,3934
09274,2017,unter 5 Jahre,f,3755
09274,2017,5 bis unter 10 Jahre,f,3619
09274,2017,5 bis unter 10 Jahre,m,3918
09274,2017,25 bis unter 30 Jahre,f,4219
09274,2017,25 bis unter 30 Jahre,m,5045
09274,2017,30 bis unter 35 Jahre,f,4433
09274,2017,30 bis unter 35 Jahre,m,4939
09274,2017,50 bis unter 55 Jahre,f,6820
09274,2017,50 bis unter 55 Jahre,m,7235
09274,2017,65 bis unter 70 Jahre,m,4120
09274,2017,65 bis unter 70 Jahre,f,4309
09274,2017,10 bis unter 15 Jahre,m,3932
09274,2017,10 bis unter 15 Jahre,f,3740
09274,2017,85 bis unter 90 Jahre,m,857
09274,2017,85 bis unter 90 Jahre,f,1440
09274,2017,90 bis unter 95 Jahre,m,228
09274,2017,90 bis unter 95 Jahre,f,625
09274,2017,95 Jahre und mehr,m,36
09274,2017,95 Jahre und mehr,f,158
09274,2017,70 bis unter 75 Jahre,f,3135
09274,2017,70 bis unter 75 Jahre,m,3043
09274,2017,45 bis unter 50 Jahre,f,6087
09274,2017,45 bis unter 50 Jahre,m,6397
03456,2017,80 bis unter 85 Jahre,m,1860
03456,2017,80 bis unter 85 Jahre,f,2543
03456,2017,40 bis unter 45 Jahre,m,3935
03456,2017,40 bis unter 45 Jahre,f,3862
03456,2017,10 bis unter 15 Jahre,f,3372
03456,2017,10 bis unter 15 Jahre,m,3591
03456,2017,65 bis unter 70 Jahre,f,4017
03456,2017,65 bis unter 70 Jahre,m,3868
03456,2017,25 bis unter 30 Jahre,f,3629
03456,2017,25 bis unter 30 Jahre,m,4140
03456,2017,55 bis unter 60 Jahre,m,5341
03456,2017,55 bis unter 60 Jahre,f,5068
03456,2017,70 bis unter 75 Jahre,f,2840
03456,2017,70 bis unter 75 Jahre,m,2802
03456,2017,60 bis unter 65 Jahre,f,4377
03456,2017,60 bis unter 65 Jahre,m,4314
03456,2017,15 bis unter 20 Jahre,m,4196
03456,2017,15 bis unter 20 Jahre,f,3801
03456,2017,95 Jahre und mehr,f,168
03456,2017,95 Jahre und mehr,m,57
03456,2017,45 bis unter 50 Jahre,m,5178
03456,2017,45 bis unter 50 Jahre,f,5198
03456,2017,90 bis unter 95 Jahre,f,670
03456,2017,90 bis unter 95 Jahre,m,263
03456,2017,35 bis unter 40 Jahre,m,3885
03456,2017,35 bis unter 40 Jahre,f,3800
03456,2017,50 bis unter 55 Jahre,m,6064
03456,2017,50 bis unter 55 Jahre,f,5967
03456,2017,unter 5 Jahre,f,3143
03456,2017,unter 5 Jahre,m,3335
03456,2017,30 bis unter 35 Jahre,m,3924
03456,2017,30 bis unter 35 Jahre,f,3747
03456,2017,75 bis unter 80 Jahre,f,3370
03456,2017,75 bis unter 80 Jahre,m,2854
03456,2017,5 bis unter 10 Jahre,m,3315
03456,2017,5 bis unter 10 Jahre,f,3227
03456,2017,20 bis unter 25 Jahre,f,3540
03456,2017,20 bis unter 25 Jahre,m,4147
03456,2017,85 bis unter 90 Jahre,f,1575
03456,2017,85 bis unter 90 Jahre,m,876
08337,2017,75 bis unter 80 Jahre,m,3750
08337,2017,75 bis unter 80 Jahre,f,4585
08337,2017,60 bis unter 65 Jahre,f,5870
08337,2017,60 bis unter 65 Jahre,m,5545
08337,2017,unter 5 Jahre,m,4132
08337,2017,unter 5 Jahre,f,3937
08337,2017,15 bis unter 20 Jahre,m,5030
08337,2017,15 bis unter 20 Jahre,f,4499
08337,2017,80 bis unter 85 Jahre,m,2425
08337,2017,80 bis unter 85 Jahre,f,3259
08337,2017,55 bis unter 60 Jahre,m,6758
08337,2017,55 bis unter 60 Jahre,f,6768
08337,2017,25 bis unter 30 Jahre,f,4811
08337,2017,25 bis unter 30 Jahre,m,5268
08337,2017,40 bis unter 45 Jahre,m,4767
08337,2017,40 bis unter 45 Jahre,f,4784
08337,2017,65 bis unter 70 Jahre,f,5000
08337,2017,65 bis unter 70 Jahre,m,4869
08337,2017,35 bis unter 40 Jahre,f,5151
08337,2017,35 bis unter 40 Jahre,m,5085
08337,2017,45 bis unter 50 Jahre,f,5992
08337,2017,45 bis unter 50 Jahre,m,5996
08337,2017,70 bis unter 75 Jahre,f,3575
08337,2017,70 bis unter 75 Jahre,m,3333
08337,2017,85 bis unter 90 Jahre,m,1193
08337,2017,85 bis unter 90 Jahre,f,1949
08337,2017,50 bis unter 55 Jahre,m,7279
08337,2017,50 bis unter 55 Jahre,f,7087
08337,2017,90 bis unter 95 Jahre,f,956
08337,2017,90 bis unter 95 Jahre,m,361
08337,2017,30 bis unter 35 Jahre,m,5071
08337,2017,30 bis unter 35 Jahre,f,4924
08337,2017,5 bis unter 10 Jahre,m,4170
08337,2017,5 bis unter 10 Jahre,f,4012
08337,2017,10 bis unter 15 Jahre,f,4112
08337,2017,10 bis unter 15 Jahre,m,4378
08337,2017,95 Jahre und mehr,m,52
08337,2017,95 Jahre und mehr,f,254
08337,2017,20 bis unter 25 Jahre,f,4217
08337,2017,20 bis unter 25 Jahre,m,4994
03241001,2017,90 bis unter 95 Jahre,f,3268
03241001,2017,90 bis unter 95 Jahre,m,1145
03241001,2017,95 Jahre und mehr,m,193
03241001,2017,95 Jahre und mehr,f,911
03241001,2017,80 bis unter 85 Jahre,m,6735
03241001,2017,80 bis unter 85 Jahre,f,10192
03241001,2017,70 bis unter 75 Jahre,f,11272
03241001,2017,70 bis unter 75 Jahre,m,9427
03241001,2017,50 bis unter 55 Jahre,f,19773
03241001,2017,50 bis unter 55 Jahre,m,20296
03241001,2017,60 bis unter 65 Jahre,m,14149
03241001,2017,60 bis unter 65 Jahre,f,15338
03241001,2017,75 bis unter 80 Jahre,m,10037
03241001,2017,75 bis unter 80 Jahre,f,13355
03241001,2017,20 bis unter 25 Jahre,m,19365
03241001,2017,20 bis unter 25 Jahre,f,19391
03241001,2017,35 bis unter 40 Jahre,m,18753
03241001,2017,35 bis unter 40 Jahre,f,18624
03241001,2017,25 bis unter 30 Jahre,f,23672
03241001,2017,25 bis unter 30 Jahre,m,24007
03241001,2017,unter 5 Jahre,m,13588
03241001,2017,unter 5 Jahre,f,12511
03241001,2017,15 bis unter 20 Jahre,f,11487
03241001,2017,15 bis unter 20 Jahre,m,12114
03241001,2017,10 bis unter 15 Jahre,m,11011
03241001,2017,10 bis unter 15 Jahre,f,10597
03241001,2017,45 bis unter 50 Jahre,f,17913
03241001,2017,45 bis unter 50 Jahre,m,18811
03241001,2017,65 bis unter 70 Jahre,m,11660
03241001,2017,65 bis unter 70 Jahre,f,13571
03241001,2017,55 bis unter 60 Jahre,m,17340
03241001,2017,55 bis unter 60 Jahre,f,17665
03241001,2017,40 bis unter 45 Jahre,f,16488
03241001,2017,40 bis unter 45 Jahre,m,16424
03241001,2017,85 bis unter 90 Jahre,m,2958
03241001,2017,85 bis unter 90 Jahre,f,5979
03241001,2017,5 bis unter 10 Jahre,f,11060
03241001,2017,5 bis unter 10 Jahre,m,11730
03241001,2017,30 bis unter 35 Jahre,f,20802
03241001,2017,30 bis unter 35 Jahre,m,21449
09185,2017,20 bis unter 25 Jahre,m,3006
09185,2017,20 bis unter 25 Jahre,f,2544
09185,2017,75 bis unter 80 Jahre,m,2016
09185,2017,75 bis unter 80 Jahre,f,2324
09185,2017,55 bis unter 60 Jahre,m,3850
09185,2017,55 bis unter 60 Jahre,f,3800
09185,2017,60 bis unter 65 Jahre,m,3004
09185,2017,60 bis unter 65 Jahre,f,3084
09185,2017,80 bis unter 85 Jahre,f,1695
09185,2017,80 bis unter 85 Jahre,m,1122
09185,2017,40 bis unter 45 Jahre,m,3100
09185,2017,40 bis unter 45 Jahre,f,2883
09185,2017,35 bis unter 40 Jahre,m,3284
09185,2017,35 bis unter 40 Jahre,f,3047
09185,2017,15 bis unter 20 Jahre,m,2708
09185,2017,15 bis unter 20 Jahre,f,2527
09185,2017,unter 5 Jahre,m,2433
09185,2017,unter 5 Jahre,f,2426
09185,2017,30 bis unter 35 Jahre,f,2949
09185,2017,30 bis unter 35 Jahre,m,3174
09185,2017,25 bis unter 30 Jahre,f,2753
09185,2017,25 bis unter 30 Jahre,m,3085
09185,2017,5 bis unter 10 Jahre,f,2193
09185,2017,5 bis unter 10 Jahre,m,2337
09185,2017,95 Jahre und mehr,f,76
09185,2017,95 Jahre und mehr,m,24
09185,2017,50 bis unter 55 Jahre,f,3900
09185,2017,50 bis unter 55 Jahre,m,4180
09185,2017,85 bis unter 90 Jahre,m,519
09185,2017,85 bis unter 90 Jahre,f,994
09185,2017,65 bis unter 70 Jahre,m,2494
09185,2017,65 bis unter 70 Jahre,f,2540
09185,2017,10 bis unter 15 Jahre,m,2392
09185,2017,10 bis unter 15 Jahre,f,2234
09185,2017,90 bis unter 95 Jahre,m,148
09185,2017,90 bis unter 95 Jahre,f,419
09185,2017,70 bis unter 75 Jahre,f,1925
09185,2017,70 bis unter 75 Jahre,m,1816
09185,2017,45 bis unter 50 Jahre,f,3430
09185,2017,45 bis unter 50 Jahre,m,3729
08117,2017,20 bis unter 25 Jahre,f,6710
08117,2017,20 bis unter 25 Jahre,m,7894
08117,2017,75 bis unter 80 Jahre,f,7168
08117,2017,75 bis unter 80 Jahre,m,5918
08117,2017,95 Jahre und mehr,m,88
08117,2017,95 Jahre und mehr,f,363
08117,2017,15 bis unter 20 Jahre,m,7244
08117,2017,15 bis unter 20 Jahre,f,6528
08117,2017,55 bis unter 60 Jahre,f,9867
08117,2017,55 bis unter 60 Jahre,m,10040
08117,2017,60 bis unter 65 Jahre,f,8193
08117,2017,60 bis unter 65 Jahre,m,8022
08117,2017,35 bis unter 40 Jahre,f,7564
08117,2017,35 bis unter 40 Jahre,m,7903
08117,2017,40 bis unter 45 Jahre,f,7389
08117,2017,40 bis unter 45 Jahre,m,7544
08117,2017,unter 5 Jahre,m,6106
08117,2017,unter 5 Jahre,f,5749
08117,2017,80 bis unter 85 Jahre,f,5136
08117,2017,80 bis unter 85 Jahre,m,3897
08117,2017,85 bis unter 90 Jahre,m,1759
08117,2017,85 bis unter 90 Jahre,f,3006
08117,2017,50 bis unter 55 Jahre,m,11117
08117,2017,50 bis unter 55 Jahre,f,10623
08117,2017,25 bis unter 30 Jahre,f,7080
08117,2017,25 bis unter 30 Jahre,m,8317
08117,2017,30 bis unter 35 Jahre,m,7826
08117,2017,30 bis unter 35 Jahre,f,7393
08117,2017,5 bis unter 10 Jahre,m,5777
08117,2017,5 bis unter 10 Jahre,f,5641
08117,2017,65 bis unter 70 Jahre,f,7496
08117,2017,65 bis unter 70 Jahre,m,6730
08117,2017,10 bis unter 15 Jahre,f,5928
08117,2017,10 bis unter 15 Jahre,m,6126
08117,2017,70 bis unter 75 Jahre,f,6026
08117,2017,70 bis unter 75 Jahre,m,5337
08117,2017,45 bis unter 50 Jahre,f,9354
08117,2017,45 bis unter 50 Jahre,m,9479
08117,2017,90 bis unter 95 Jahre,m,593
08117,2017,90 bis unter 95 Jahre,f,1414
08119,2017,unter 5 Jahre,m,10306
08119,2017,unter 5 Jahre,f,9748
08119,2017,55 bis unter 60 Jahre,m,16597
08119,2017,55 bis unter 60 Jahre,f,16274
08119,2017,75 bis unter 80 Jahre,m,9679
08119,2017,75 bis unter 80 Jahre,f,12028
08119,2017,40 bis unter 45 Jahre,f,12661
08119,2017,40 bis unter 45 Jahre,m,12602
08119,2017,60 bis unter 65 Jahre,m,12826
08119,2017,60 bis unter 65 Jahre,f,13426
08119,2017,80 bis unter 85 Jahre,f,8371
08119,2017,80 bis unter 85 Jahre,m,6429
08119,2017,35 bis unter 40 Jahre,m,12852
08119,2017,35 bis unter 40 Jahre,f,12856
08119,2017,5 bis unter 10 Jahre,f,9245
08119,2017,5 bis unter 10 Jahre,m,9738
08119,2017,20 bis unter 25 Jahre,m,12739
08119,2017,20 bis unter 25 Jahre,f,11109
08119,2017,15 bis unter 20 Jahre,f,11000
08119,2017,15 bis unter 20 Jahre,m,11777
08119,2017,25 bis unter 30 Jahre,f,11988
08119,2017,25 bis unter 30 Jahre,m,13322
08119,2017,45 bis unter 50 Jahre,f,15947
08119,2017,45 bis unter 50 Jahre,m,16054
08119,2017,50 bis unter 55 Jahre,f,18413
08119,2017,50 bis unter 55 Jahre,m,18832
08119,2017,10 bis unter 15 Jahre,m,10532
08119,2017,10 bis unter 15 Jahre,f,9922
08119,2017,65 bis unter 70 Jahre,m,10734
08119,2017,65 bis unter 70 Jahre,f,11779
08119,2017,90 bis unter 95 Jahre,f,2267
08119,2017,90 bis unter 95 Jahre,m,838
08119,2017,30 bis unter 35 Jahre,m,12901
08119,2017,30 bis unter 35 Jahre,f,12400
08119,2017,70 bis unter 75 Jahre,f,9893
08119,2017,70 bis unter 75 Jahre,m,8512
08119,2017,95 Jahre und mehr,m,139
08119,2017,95 Jahre und mehr,f,522
08119,2017,85 bis unter 90 Jahre,m,2852
08119,2017,85 bis unter 90 Jahre,f,4768
08327,2017,25 bis unter 30 Jahre,f,4286
08327,2017,25 bis unter 30 Jahre,m,4770
08327,2017,10 bis unter 15 Jahre,f,3519
08327,2017,10 bis unter 15 Jahre,m,3756
08327,2017,5 bis unter 10 Jahre,f,3365
08327,2017,5 bis unter 10 Jahre,m,3509
08327,2017,70 bis unter 75 Jahre,f,2699
08327,2017,70 bis unter 75 Jahre,m,2342
08327,2017,85 bis unter 90 Jahre,f,1596
08327,2017,85 bis unter 90 Jahre,m,948
08327,2017,60 bis unter 65 Jahre,m,4281
08327,2017,60 bis unter 65 Jahre,f,4329
08327,2017,30 bis unter 35 Jahre,f,4091
08327,2017,30 bis unter 35 Jahre,m,4722
08327,2017,75 bis unter 80 Jahre,m,2903
08327,2017,75 bis unter 80 Jahre,f,3522
08327,2017,45 bis unter 50 Jahre,f,4797
08327,2017,45 bis unter 50 Jahre,m,4961
08327,2017,65 bis unter 70 Jahre,m,3537
08327,2017,65 bis unter 70 Jahre,f,3741
08327,2017,95 Jahre und mehr,f,144
08327,2017,95 Jahre und mehr,m,47
08327,2017,90 bis unter 95 Jahre,f,649
08327,2017,90 bis unter 95 Jahre,m,292
08327,2017,unter 5 Jahre,m,3542
08327,2017,unter 5 Jahre,f,3530
08327,2017,55 bis unter 60 Jahre,m,5308
08327,2017,55 bis unter 60 Jahre,f,5257
08327,2017,80 bis unter 85 Jahre,m,1972
08327,2017,80 bis unter 85 Jahre,f,2714
08327,2017,35 bis unter 40 Jahre,f,4320
08327,2017,35 bis unter 40 Jahre,m,4440
08327,2017,20 bis unter 25 Jahre,f,3639
08327,2017,20 bis unter 25 Jahre,m,4355
08327,2017,15 bis unter 20 Jahre,f,3726
08327,2017,15 bis unter 20 Jahre,m,4245
08327,2017,40 bis unter 45 Jahre,f,4039
08327,2017,40 bis unter 45 Jahre,m,4234
08327,2017,50 bis unter 55 Jahre,m,5845
08327,2017,50 bis unter 55 Jahre,f,5425
09571,2017,5 bis unter 10 Jahre,f,3952
09571,2017,5 bis unter 10 Jahre,m,4201
09571,2017,95 Jahre und mehr,f,266
09571,2017,95 Jahre und mehr,m,60
09571,2017,80 bis unter 85 Jahre,m,2530
09571,2017,80 bis unter 85 Jahre,f,3454
09571,2017,50 bis unter 55 Jahre,f,7844
09571,2017,50 bis unter 55 Jahre,m,8140
09571,2017,65 bis unter 70 Jahre,f,5187
09571,2017,65 bis unter 70 Jahre,m,5121
09571,2017,40 bis unter 45 Jahre,m,5393
09571,2017,40 bis unter 45 Jahre,f,5304
09571,2017,10 bis unter 15 Jahre,f,4201
09571,2017,10 bis unter 15 Jahre,m,4621
09571,2017,25 bis unter 30 Jahre,f,5186
09571,2017,25 bis unter 30 Jahre,m,5938
09571,2017,55 bis unter 60 Jahre,m,7715
09571,2017,55 bis unter 60 Jahre,f,7340
09571,2017,45 bis unter 50 Jahre,m,6828
09571,2017,45 bis unter 50 Jahre,f,6778
09571,2017,90 bis unter 95 Jahre,f,916
09571,2017,90 bis unter 95 Jahre,m,315
09571,2017,35 bis unter 40 Jahre,m,5591
09571,2017,35 bis unter 40 Jahre,f,5365
09571,2017,70 bis unter 75 Jahre,f,3320
09571,2017,70 bis unter 75 Jahre,m,3301
09571,2017,60 bis unter 65 Jahre,f,6152
09571,2017,60 bis unter 65 Jahre,m,6370
09571,2017,15 bis unter 20 Jahre,f,4796
09571,2017,15 bis unter 20 Jahre,m,5257
09571,2017,unter 5 Jahre,f,4158
09571,2017,unter 5 Jahre,m,4415
09571,2017,20 bis unter 25 Jahre,f,4855
09571,2017,20 bis unter 25 Jahre,m,5865
09571,2017,75 bis unter 80 Jahre,f,4729
09571,2017,75 bis unter 80 Jahre,m,3776
09571,2017,30 bis unter 35 Jahre,m,5589
09571,2017,30 bis unter 35 Jahre,f,5204
09571,2017,85 bis unter 90 Jahre,f,2123
09571,2017,85 bis unter 90 Jahre,m,1100
08335,2017,35 bis unter 40 Jahre,m,8048
08335,2017,35 bis unter 40 Jahre,f,8315
08335,2017,40 bis unter 45 Jahre,f,8079
08335,2017,40 bis unter 45 Jahre,m,7628
08335,2017,unter 5 Jahre,m,6643
08335,2017,unter 5 Jahre,f,6283
08335,2017,75 bis unter 80 Jahre,f,7841
08335,2017,75 bis unter 80 Jahre,m,6400
08335,2017,80 bis unter 85 Jahre,f,5611
08335,2017,80 bis unter 85 Jahre,m,4097
08335,2017,55 bis unter 60 Jahre,f,10658
08335,2017,55 bis unter 60 Jahre,m,10519
08335,2017,60 bis unter 65 Jahre,f,8929
08335,2017,60 bis unter 65 Jahre,m,8255
08335,2017,15 bis unter 20 Jahre,m,7861
08335,2017,15 bis unter 20 Jahre,f,7532
08335,2017,20 bis unter 25 Jahre,m,10840
08335,2017,20 bis unter 25 Jahre,f,10302
08335,2017,95 Jahre und mehr,f,428
08335,2017,95 Jahre und mehr,m,115
08335,2017,70 bis unter 75 Jahre,m,5493
08335,2017,70 bis unter 75 Jahre,f,6497
08335,2017,45 bis unter 50 Jahre,f,10167
08335,2017,45 bis unter 50 Jahre,m,9636
08335,2017,50 bis unter 55 Jahre,m,11706
08335,2017,50 bis unter 55 Jahre,f,12161
08335,2017,25 bis unter 30 Jahre,m,10033
08335,2017,25 bis unter 30 Jahre,f,9045
08335,2017,85 bis unter 90 Jahre,f,3192
08335,2017,85 bis unter 90 Jahre,m,1867
08335,2017,30 bis unter 35 Jahre,m,8753
08335,2017,30 bis unter 35 Jahre,f,8670
08335,2017,10 bis unter 15 Jahre,f,6329
08335,2017,10 bis unter 15 Jahre,m,6557
08335,2017,90 bis unter 95 Jahre,f,1533
08335,2017,90 bis unter 95 Jahre,m,620
08335,2017,5 bis unter 10 Jahre,m,6267
08335,2017,5 bis unter 10 Jahre,f,6060
08335,2017,65 bis unter 70 Jahre,f,7910
08335,2017,65 bis unter 70 Jahre,m,7135
05166,2017,90 bis unter 95 Jahre,m,592
05166,2017,90 bis unter 95 Jahre,f,1594
05166,2017,55 bis unter 60 Jahre,f,12742
05166,2017,55 bis unter 60 Jahre,m,12727
05166,2017,85 bis unter 90 Jahre,m,1958
05166,2017,85 bis unter 90 Jahre,f,3358
05166,2017,unter 5 Jahre,f,6136
05166,2017,unter 5 Jahre,m,6556
05166,2017,70 bis unter 75 Jahre,m,6256
05166,2017,70 bis unter 75 Jahre,f,7185
05166,2017,40 bis unter 45 Jahre,f,8477
05166,2017,40 bis unter 45 Jahre,m,7964
05166,2017,45 bis unter 50 Jahre,m,11230
05166,2017,45 bis unter 50 Jahre,f,11862
05166,2017,30 bis unter 35 Jahre,m,7949
05166,2017,30 bis unter 35 Jahre,f,7830
05166,2017,15 bis unter 20 Jahre,f,7688
05166,2017,15 bis unter 20 Jahre,m,8236
05166,2017,20 bis unter 25 Jahre,m,8268
05166,2017,20 bis unter 25 Jahre,f,7322
05166,2017,75 bis unter 80 Jahre,f,8607
05166,2017,75 bis unter 80 Jahre,m,6786
05166,2017,10 bis unter 15 Jahre,f,6781
05166,2017,10 bis unter 15 Jahre,m,6890
05166,2017,65 bis unter 70 Jahre,m,8398
05166,2017,65 bis unter 70 Jahre,f,9108
05166,2017,80 bis unter 85 Jahre,m,4493
05166,2017,80 bis unter 85 Jahre,f,6410
05166,2017,60 bis unter 65 Jahre,m,10070
05166,2017,60 bis unter 65 Jahre,f,10415
05166,2017,25 bis unter 30 Jahre,f,7590
05166,2017,25 bis unter 30 Jahre,m,8239
05166,2017,5 bis unter 10 Jahre,f,6202
05166,2017,5 bis unter 10 Jahre,m,6489
05166,2017,95 Jahre und mehr,m,75
05166,2017,95 Jahre und mehr,f,390
05166,2017,50 bis unter 55 Jahre,f,14612
05166,2017,50 bis unter 55 Jahre,m,14500
05166,2017,35 bis unter 40 Jahre,m,8277
05166,2017,35 bis unter 40 Jahre,f,8471
05370,2017,95 Jahre und mehr,f,283
05370,2017,95 Jahre und mehr,m,54
05370,2017,90 bis unter 95 Jahre,m,465
05370,2017,90 bis unter 95 Jahre,f,1303
05370,2017,35 bis unter 40 Jahre,f,7372
05370,2017,35 bis unter 40 Jahre,m,7277
05370,2017,65 bis unter 70 Jahre,m,7341
05370,2017,65 bis unter 70 Jahre,f,7538
05370,2017,10 bis unter 15 Jahre,m,6184
05370,2017,10 bis unter 15 Jahre,f,5774
05370,2017,50 bis unter 55 Jahre,m,11578
05370,2017,50 bis unter 55 Jahre,f,11592
05370,2017,20 bis unter 25 Jahre,f,6401
05370,2017,20 bis unter 25 Jahre,m,7231
05370,2017,15 bis unter 20 Jahre,m,7439
05370,2017,15 bis unter 20 Jahre,f,6533
05370,2017,60 bis unter 65 Jahre,f,8888
05370,2017,60 bis unter 65 Jahre,m,8776
05370,2017,5 bis unter 10 Jahre,m,5764
05370,2017,5 bis unter 10 Jahre,f,5408
05370,2017,30 bis unter 35 Jahre,f,7182
05370,2017,30 bis unter 35 Jahre,m,7190
05370,2017,85 bis unter 90 Jahre,m,1606
05370,2017,85 bis unter 90 Jahre,f,2773
05370,2017,40 bis unter 45 Jahre,f,7343
05370,2017,40 bis unter 45 Jahre,m,6995
05370,2017,80 bis unter 85 Jahre,m,3494
05370,2017,80 bis unter 85 Jahre,f,4947
05370,2017,25 bis unter 30 Jahre,f,6679
05370,2017,25 bis unter 30 Jahre,m,7629
05370,2017,45 bis unter 50 Jahre,f,9601
05370,2017,45 bis unter 50 Jahre,m,9252
05370,2017,75 bis unter 80 Jahre,m,5315
05370,2017,75 bis unter 80 Jahre,f,6581
05370,2017,unter 5 Jahre,m,5830
05370,2017,unter 5 Jahre,f,5531
05370,2017,70 bis unter 75 Jahre,f,5445
05370,2017,70 bis unter 75 Jahre,m,4996
05370,2017,55 bis unter 60 Jahre,m,10840
05370,2017,55 bis unter 60 Jahre,f,10676
06631,2017,40 bis unter 45 Jahre,f,6326
06631,2017,40 bis unter 45 Jahre,m,6275
06631,2017,35 bis unter 40 Jahre,m,6506
06631,2017,35 bis unter 40 Jahre,f,6183
06631,2017,80 bis unter 85 Jahre,f,4476
06631,2017,80 bis unter 85 Jahre,m,3204
06631,2017,unter 5 Jahre,m,5368
06631,2017,unter 5 Jahre,f,5077
06631,2017,75 bis unter 80 Jahre,f,5951
06631,2017,75 bis unter 80 Jahre,m,4961
06631,2017,55 bis unter 60 Jahre,f,8539
06631,2017,55 bis unter 60 Jahre,m,8435
06631,2017,60 bis unter 65 Jahre,f,7075
06631,2017,60 bis unter 65 Jahre,m,7179
06631,2017,20 bis unter 25 Jahre,m,7239
06631,2017,20 bis unter 25 Jahre,f,6536
06631,2017,15 bis unter 20 Jahre,m,6412
06631,2017,15 bis unter 20 Jahre,f,5745
06631,2017,70 bis unter 75 Jahre,m,4211
06631,2017,70 bis unter 75 Jahre,f,4529
06631,2017,95 Jahre und mehr,m,72
06631,2017,95 Jahre und mehr,f,365
06631,2017,90 bis unter 95 Jahre,m,546
06631,2017,90 bis unter 95 Jahre,f,1395
06631,2017,45 bis unter 50 Jahre,m,8042
06631,2017,45 bis unter 50 Jahre,f,8103
06631,2017,65 bis unter 70 Jahre,f,6358
06631,2017,65 bis unter 70 Jahre,m,5833
06631,2017,5 bis unter 10 Jahre,m,4977
06631,2017,5 bis unter 10 Jahre,f,4690
06631,2017,50 bis unter 55 Jahre,f,9246
06631,2017,50 bis unter 55 Jahre,m,9625
06631,2017,85 bis unter 90 Jahre,f,2802
06631,2017,85 bis unter 90 Jahre,m,1586
06631,2017,30 bis unter 35 Jahre,f,6422
06631,2017,30 bis unter 35 Jahre,m,6883
06631,2017,10 bis unter 15 Jahre,f,5227
06631,2017,10 bis unter 15 Jahre,m,5438
06631,2017,25 bis unter 30 Jahre,m,7347
06631,2017,25 bis unter 30 Jahre,f,6599
03354,2017,15 bis unter 20 Jahre,f,1159
03354,2017,15 bis unter 20 Jahre,m,1324
03354,2017,unter 5 Jahre,f,889
03354,2017,unter 5 Jahre,m,938
03354,2017,50 bis unter 55 Jahre,m,2088
03354,2017,50 bis unter 55 Jahre,f,2146
03354,2017,20 bis unter 25 Jahre,f,929
03354,2017,20 bis unter 25 Jahre,m,1127
03354,2017,75 bis unter 80 Jahre,f,1691
03354,2017,75 bis unter 80 Jahre,m,1477
03354,2017,65 bis unter 70 Jahre,m,1739
03354,2017,65 bis unter 70 Jahre,f,1784
03354,2017,35 bis unter 40 Jahre,f,1221
03354,2017,35 bis unter 40 Jahre,m,1222
03354,2017,90 bis unter 95 Jahre,m,149
03354,2017,90 bis unter 95 Jahre,f,328
03354,2017,60 bis unter 65 Jahre,f,1920
03354,2017,60 bis unter 65 Jahre,m,1768
03354,2017,5 bis unter 10 Jahre,m,993
03354,2017,5 bis unter 10 Jahre,f,850
03354,2017,30 bis unter 35 Jahre,m,1193
03354,2017,30 bis unter 35 Jahre,f,1058
03354,2017,10 bis unter 15 Jahre,m,1116
03354,2017,10 bis unter 15 Jahre,f,1084
03354,2017,85 bis unter 90 Jahre,m,378
03354,2017,85 bis unter 90 Jahre,f,735
03354,2017,40 bis unter 45 Jahre,f,1193
03354,2017,40 bis unter 45 Jahre,m,1171
03354,2017,25 bis unter 30 Jahre,f,1011
03354,2017,25 bis unter 30 Jahre,m,1114
03354,2017,80 bis unter 85 Jahre,m,908
03354,2017,80 bis unter 85 Jahre,f,1242
03354,2017,45 bis unter 50 Jahre,f,1716
03354,2017,45 bis unter 50 Jahre,m,1660
03354,2017,95 Jahre und mehr,f,112
03354,2017,95 Jahre und mehr,m,32
03354,2017,70 bis unter 75 Jahre,f,1388
03354,2017,70 bis unter 75 Jahre,m,1369
03354,2017,55 bis unter 60 Jahre,m,1984
03354,2017,55 bis unter 60 Jahre,f,2151
09173,2017,80 bis unter 85 Jahre,m,1794
09173,2017,80 bis unter 85 Jahre,f,2328
09173,2017,20 bis unter 25 Jahre,m,3792
09173,2017,20 bis unter 25 Jahre,f,3333
09173,2017,75 bis unter 80 Jahre,m,3034
09173,2017,75 bis unter 80 Jahre,f,3642
09173,2017,45 bis unter 50 Jahre,f,4889
09173,2017,45 bis unter 50 Jahre,m,4644
09173,2017,5 bis unter 10 Jahre,f,2785
09173,2017,5 bis unter 10 Jahre,m,3048
09173,2017,35 bis unter 40 Jahre,m,3798
09173,2017,35 bis unter 40 Jahre,f,3891
09173,2017,60 bis unter 65 Jahre,m,3726
09173,2017,60 bis unter 65 Jahre,f,3900
09173,2017,30 bis unter 35 Jahre,f,3624
09173,2017,30 bis unter 35 Jahre,m,3701
09173,2017,40 bis unter 45 Jahre,f,3789
09173,2017,40 bis unter 45 Jahre,m,3740
09173,2017,50 bis unter 55 Jahre,f,5629
09173,2017,50 bis unter 55 Jahre,m,5695
09173,2017,15 bis unter 20 Jahre,m,3495
09173,2017,15 bis unter 20 Jahre,f,3234
09173,2017,70 bis unter 75 Jahre,f,3108
09173,2017,70 bis unter 75 Jahre,m,2785
09173,2017,25 bis unter 30 Jahre,m,3815
09173,2017,25 bis unter 30 Jahre,f,3390
09173,2017,95 Jahre und mehr,m,44
09173,2017,95 Jahre und mehr,f,223
09173,2017,90 bis unter 95 Jahre,m,287
09173,2017,90 bis unter 95 Jahre,f,698
09173,2017,85 bis unter 90 Jahre,m,834
09173,2017,85 bis unter 90 Jahre,f,1371
09173,2017,65 bis unter 70 Jahre,m,3130
09173,2017,65 bis unter 70 Jahre,f,3604
09173,2017,10 bis unter 15 Jahre,m,3076
09173,2017,10 bis unter 15 Jahre,f,2938
09173,2017,55 bis unter 60 Jahre,f,4841
09173,2017,55 bis unter 60 Jahre,m,4814
09173,2017,unter 5 Jahre,m,3156
09173,2017,unter 5 Jahre,f,2947
09775,2017,5 bis unter 10 Jahre,f,3895
09775,2017,5 bis unter 10 Jahre,m,3978
09775,2017,60 bis unter 65 Jahre,m,5261
09775,2017,60 bis unter 65 Jahre,f,5540
09775,2017,95 Jahre und mehr,m,52
09775,2017,95 Jahre und mehr,f,195
09775,2017,80 bis unter 85 Jahre,m,2250
09775,2017,80 bis unter 85 Jahre,f,3069
09775,2017,45 bis unter 50 Jahre,f,6313
09775,2017,45 bis unter 50 Jahre,m,6413
09775,2017,75 bis unter 80 Jahre,m,3834
09775,2017,75 bis unter 80 Jahre,f,4627
09775,2017,20 bis unter 25 Jahre,m,5352
09775,2017,20 bis unter 25 Jahre,f,4734
09775,2017,15 bis unter 20 Jahre,m,4729
09775,2017,15 bis unter 20 Jahre,f,4394
09775,2017,70 bis unter 75 Jahre,f,3862
09775,2017,70 bis unter 75 Jahre,m,3464
09775,2017,25 bis unter 30 Jahre,m,5795
09775,2017,25 bis unter 30 Jahre,f,5397
09775,2017,35 bis unter 40 Jahre,m,5613
09775,2017,35 bis unter 40 Jahre,f,5425
09775,2017,50 bis unter 55 Jahre,f,6960
09775,2017,50 bis unter 55 Jahre,m,7118
09775,2017,40 bis unter 45 Jahre,m,5303
09775,2017,40 bis unter 45 Jahre,f,5219
09775,2017,90 bis unter 95 Jahre,m,292
09775,2017,90 bis unter 95 Jahre,f,894
09775,2017,unter 5 Jahre,f,3957
09775,2017,unter 5 Jahre,m,4207
09775,2017,30 bis unter 35 Jahre,m,5770
09775,2017,30 bis unter 35 Jahre,f,5372
09775,2017,85 bis unter 90 Jahre,m,1097
09775,2017,85 bis unter 90 Jahre,f,1820
09775,2017,55 bis unter 60 Jahre,f,6430
09775,2017,55 bis unter 60 Jahre,m,6542
09775,2017,65 bis unter 70 Jahre,f,4862
09775,2017,65 bis unter 70 Jahre,m,4414
09775,2017,10 bis unter 15 Jahre,m,4078
09775,2017,10 bis unter 15 Jahre,f,4019
09565,2017,unter 5 Jahre,f,960
09565,2017,unter 5 Jahre,m,1012
09565,2017,15 bis unter 20 Jahre,f,987
09565,2017,15 bis unter 20 Jahre,m,1144
09565,2017,70 bis unter 75 Jahre,m,979
09565,2017,70 bis unter 75 Jahre,f,1060
09565,2017,40 bis unter 45 Jahre,f,1210
09565,2017,40 bis unter 45 Jahre,m,1140
09565,2017,55 bis unter 60 Jahre,f,1529
09565,2017,55 bis unter 60 Jahre,m,1561
09565,2017,85 bis unter 90 Jahre,m,247
09565,2017,85 bis unter 90 Jahre,f,490
09565,2017,10 bis unter 15 Jahre,m,951
09565,2017,10 bis unter 15 Jahre,f,910
09565,2017,20 bis unter 25 Jahre,m,1148
09565,2017,20 bis unter 25 Jahre,f,994
09565,2017,45 bis unter 50 Jahre,m,1527
09565,2017,45 bis unter 50 Jahre,f,1555
09565,2017,90 bis unter 95 Jahre,f,231
09565,2017,90 bis unter 95 Jahre,m,82
09565,2017,75 bis unter 80 Jahre,m,940
09565,2017,75 bis unter 80 Jahre,f,1201
09565,2017,65 bis unter 70 Jahre,m,974
09565,2017,65 bis unter 70 Jahre,f,1224
09565,2017,25 bis unter 30 Jahre,f,1196
09565,2017,25 bis unter 30 Jahre,m,1131
09565,2017,5 bis unter 10 Jahre,f,890
09565,2017,5 bis unter 10 Jahre,m,943
09565,2017,80 bis unter 85 Jahre,m,557
09565,2017,80 bis unter 85 Jahre,f,812
09565,2017,30 bis unter 35 Jahre,f,1224
09565,2017,30 bis unter 35 Jahre,m,1182
09565,2017,95 Jahre und mehr,m,16
09565,2017,95 Jahre und mehr,f,72
09565,2017,35 bis unter 40 Jahre,m,1285
09565,2017,35 bis unter 40 Jahre,f,1241
09565,2017,60 bis unter 65 Jahre,m,1217
09565,2017,60 bis unter 65 Jahre,f,1260
09565,2017,50 bis unter 55 Jahre,f,1850
09565,2017,50 bis unter 55 Jahre,m,1849
06635,2017,5 bis unter 10 Jahre,f,3236
06635,2017,5 bis unter 10 Jahre,m,3427
06635,2017,25 bis unter 30 Jahre,f,3827
06635,2017,25 bis unter 30 Jahre,m,4736
06635,2017,80 bis unter 85 Jahre,m,2521
06635,2017,80 bis unter 85 Jahre,f,3507
06635,2017,60 bis unter 65 Jahre,m,5455
06635,2017,60 bis unter 65 Jahre,f,5553
06635,2017,45 bis unter 50 Jahre,f,5842
06635,2017,45 bis unter 50 Jahre,m,5718
06635,2017,95 Jahre und mehr,m,82
06635,2017,95 Jahre und mehr,f,267
06635,2017,65 bis unter 70 Jahre,f,4965
06635,2017,65 bis unter 70 Jahre,m,4891
06635,2017,20 bis unter 25 Jahre,m,4644
06635,2017,20 bis unter 25 Jahre,f,3610
06635,2017,90 bis unter 95 Jahre,f,993
06635,2017,90 bis unter 95 Jahre,m,362
06635,2017,55 bis unter 60 Jahre,m,6777
06635,2017,55 bis unter 60 Jahre,f,6657
06635,2017,10 bis unter 15 Jahre,m,3788
06635,2017,10 bis unter 15 Jahre,f,3469
06635,2017,30 bis unter 35 Jahre,f,3953
06635,2017,30 bis unter 35 Jahre,m,4414
06635,2017,75 bis unter 80 Jahre,m,3822
06635,2017,75 bis unter 80 Jahre,f,4601
06635,2017,85 bis unter 90 Jahre,f,2078
06635,2017,85 bis unter 90 Jahre,m,1135
06635,2017,unter 5 Jahre,m,3442
06635,2017,unter 5 Jahre,f,3261
06635,2017,15 bis unter 20 Jahre,f,3922
06635,2017,15 bis unter 20 Jahre,m,4473
06635,2017,70 bis unter 75 Jahre,m,3275
06635,2017,70 bis unter 75 Jahre,f,3667
06635,2017,40 bis unter 45 Jahre,f,4337
06635,2017,40 bis unter 45 Jahre,m,4226
06635,2017,35 bis unter 40 Jahre,m,4257
06635,2017,35 bis unter 40 Jahre,f,4186
06635,2017,50 bis unter 55 Jahre,f,6820
06635,2017,50 bis unter 55 Jahre,m,7060
05916,2017,65 bis unter 70 Jahre,f,4801
05916,2017,65 bis unter 70 Jahre,m,4110
05916,2017,10 bis unter 15 Jahre,f,3259
05916,2017,10 bis unter 15 Jahre,m,3493
05916,2017,85 bis unter 90 Jahre,f,2217
05916,2017,85 bis unter 90 Jahre,m,999
05916,2017,95 Jahre und mehr,f,241
05916,2017,95 Jahre und mehr,m,55
05916,2017,90 bis unter 95 Jahre,f,1098
05916,2017,90 bis unter 95 Jahre,m,330
05916,2017,25 bis unter 30 Jahre,f,4755
05916,2017,25 bis unter 30 Jahre,m,5217
05916,2017,50 bis unter 55 Jahre,f,6137
05916,2017,50 bis unter 55 Jahre,m,6717
05916,2017,80 bis unter 85 Jahre,m,2172
05916,2017,80 bis unter 85 Jahre,f,3408
05916,2017,5 bis unter 10 Jahre,m,3332
05916,2017,5 bis unter 10 Jahre,f,3224
05916,2017,40 bis unter 45 Jahre,m,4813
05916,2017,40 bis unter 45 Jahre,f,4541
05916,2017,70 bis unter 75 Jahre,m,3238
05916,2017,70 bis unter 75 Jahre,f,3814
05916,2017,45 bis unter 50 Jahre,m,5858
05916,2017,45 bis unter 50 Jahre,f,5839
05916,2017,35 bis unter 40 Jahre,m,4731
05916,2017,35 bis unter 40 Jahre,f,4464
05916,2017,60 bis unter 65 Jahre,m,4932
05916,2017,60 bis unter 65 Jahre,f,5405
05916,2017,unter 5 Jahre,f,3383
05916,2017,unter 5 Jahre,m,3668
05916,2017,55 bis unter 60 Jahre,f,5995
05916,2017,55 bis unter 60 Jahre,m,5961
05916,2017,20 bis unter 25 Jahre,f,4464
05916,2017,20 bis unter 25 Jahre,m,4844
05916,2017,75 bis unter 80 Jahre,f,4372
05916,2017,75 bis unter 80 Jahre,m,3290
05916,2017,15 bis unter 20 Jahre,f,4046
05916,2017,15 bis unter 20 Jahre,m,4260
05916,2017,30 bis unter 35 Jahre,m,4645
05916,2017,30 bis unter 35 Jahre,f,4362
08212,2017,65 bis unter 70 Jahre,f,7727
08212,2017,65 bis unter 70 Jahre,m,6742
08212,2017,10 bis unter 15 Jahre,f,5716
08212,2017,10 bis unter 15 Jahre,m,6091
08212,2017,25 bis unter 30 Jahre,f,13210
08212,2017,25 bis unter 30 Jahre,m,16873
08212,2017,30 bis unter 35 Jahre,f,11344
08212,2017,30 bis unter 35 Jahre,m,13497
08212,2017,5 bis unter 10 Jahre,m,6218
08212,2017,5 bis unter 10 Jahre,f,5735
08212,2017,45 bis unter 50 Jahre,f,10138
08212,2017,45 bis unter 50 Jahre,m,10744
08212,2017,50 bis unter 55 Jahre,f,11080
08212,2017,50 bis unter 55 Jahre,m,11867
08212,2017,90 bis unter 95 Jahre,f,1707
08212,2017,90 bis unter 95 Jahre,m,654
08212,2017,85 bis unter 90 Jahre,m,1817
08212,2017,85 bis unter 90 Jahre,f,3381
08212,2017,55 bis unter 60 Jahre,m,10057
08212,2017,55 bis unter 60 Jahre,f,10044
08212,2017,75 bis unter 80 Jahre,m,5893
08212,2017,75 bis unter 80 Jahre,f,7578
08212,2017,80 bis unter 85 Jahre,m,3855
08212,2017,80 bis unter 85 Jahre,f,5570
08212,2017,95 Jahre und mehr,f,575
08212,2017,95 Jahre und mehr,m,134
08212,2017,unter 5 Jahre,m,6930
08212,2017,unter 5 Jahre,f,6538
08212,2017,20 bis unter 25 Jahre,f,11661
08212,2017,20 bis unter 25 Jahre,m,16177
08212,2017,15 bis unter 20 Jahre,f,6410
08212,2017,15 bis unter 20 Jahre,m,8163
08212,2017,35 bis unter 40 Jahre,m,11188
08212,2017,35 bis unter 40 Jahre,f,10112
08212,2017,40 bis unter 45 Jahre,f,8877
08212,2017,40 bis unter 45 Jahre,m,9431
08212,2017,70 bis unter 75 Jahre,m,5290
08212,2017,70 bis unter 75 Jahre,f,6312
08212,2017,60 bis unter 65 Jahre,m,8038
08212,2017,60 bis unter 65 Jahre,f,8545
01055,2017,70 bis unter 75 Jahre,m,5688
01055,2017,70 bis unter 75 Jahre,f,6321
01055,2017,50 bis unter 55 Jahre,m,8881
01055,2017,50 bis unter 55 Jahre,f,9362
01055,2017,15 bis unter 20 Jahre,f,4718
01055,2017,15 bis unter 20 Jahre,m,5086
01055,2017,30 bis unter 35 Jahre,m,4571
01055,2017,30 bis unter 35 Jahre,f,4501
01055,2017,65 bis unter 70 Jahre,m,6884
01055,2017,65 bis unter 70 Jahre,f,7235
01055,2017,35 bis unter 40 Jahre,f,5390
01055,2017,35 bis unter 40 Jahre,m,4833
01055,2017,75 bis unter 80 Jahre,f,7517
01055,2017,75 bis unter 80 Jahre,m,6343
01055,2017,90 bis unter 95 Jahre,m,460
01055,2017,90 bis unter 95 Jahre,f,1344
01055,2017,5 bis unter 10 Jahre,m,4006
01055,2017,5 bis unter 10 Jahre,f,3863
01055,2017,85 bis unter 90 Jahre,f,2532
01055,2017,85 bis unter 90 Jahre,m,1440
01055,2017,40 bis unter 45 Jahre,f,5500
01055,2017,40 bis unter 45 Jahre,m,5135
01055,2017,95 Jahre und mehr,m,87
01055,2017,95 Jahre und mehr,f,405
01055,2017,20 bis unter 25 Jahre,f,3994
01055,2017,20 bis unter 25 Jahre,m,4847
01055,2017,10 bis unter 15 Jahre,m,4302
01055,2017,10 bis unter 15 Jahre,f,4129
01055,2017,80 bis unter 85 Jahre,m,3692
01055,2017,80 bis unter 85 Jahre,f,4840
01055,2017,60 bis unter 65 Jahre,m,6865
01055,2017,60 bis unter 65 Jahre,f,7700
01055,2017,unter 5 Jahre,m,3571
01055,2017,unter 5 Jahre,f,3567
01055,2017,25 bis unter 30 Jahre,f,4406
01055,2017,25 bis unter 30 Jahre,m,4849
01055,2017,55 bis unter 60 Jahre,m,8055
01055,2017,55 bis unter 60 Jahre,f,8633
01055,2017,45 bis unter 50 Jahre,f,7777
01055,2017,45 bis unter 50 Jahre,m,7255
08421,2017,80 bis unter 85 Jahre,m,1470
08421,2017,80 bis unter 85 Jahre,f,2155
08421,2017,75 bis unter 80 Jahre,m,2421
08421,2017,75 bis unter 80 Jahre,f,2998
08421,2017,45 bis unter 50 Jahre,f,4120
08421,2017,45 bis unter 50 Jahre,m,4393
08421,2017,20 bis unter 25 Jahre,m,5123
08421,2017,20 bis unter 25 Jahre,f,4891
08421,2017,30 bis unter 35 Jahre,f,4656
08421,2017,30 bis unter 35 Jahre,m,5187
08421,2017,60 bis unter 65 Jahre,m,3086
08421,2017,60 bis unter 65 Jahre,f,3654
08421,2017,35 bis unter 40 Jahre,m,4450
08421,2017,35 bis unter 40 Jahre,f,4191
08421,2017,5 bis unter 10 Jahre,f,2715
08421,2017,5 bis unter 10 Jahre,m,2899
08421,2017,90 bis unter 95 Jahre,f,661
08421,2017,90 bis unter 95 Jahre,m,247
08421,2017,65 bis unter 70 Jahre,f,3212
08421,2017,65 bis unter 70 Jahre,m,2734
08421,2017,85 bis unter 90 Jahre,f,1303
08421,2017,85 bis unter 90 Jahre,m,703
08421,2017,unter 5 Jahre,f,2897
08421,2017,unter 5 Jahre,m,3160
08421,2017,55 bis unter 60 Jahre,m,3829
08421,2017,55 bis unter 60 Jahre,f,3960
08421,2017,10 bis unter 15 Jahre,f,2637
08421,2017,10 bis unter 15 Jahre,m,2726
08421,2017,70 bis unter 75 Jahre,m,2228
08421,2017,70 bis unter 75 Jahre,f,2644
08421,2017,15 bis unter 20 Jahre,f,3080
08421,2017,15 bis unter 20 Jahre,m,3318
08421,2017,50 bis unter 55 Jahre,m,4463
08421,2017,50 bis unter 55 Jahre,f,4239
08421,2017,40 bis unter 45 Jahre,f,3766
08421,2017,40 bis unter 45 Jahre,m,3921
08421,2017,25 bis unter 30 Jahre,m,5903
08421,2017,25 bis unter 30 Jahre,f,5280
08421,2017,95 Jahre und mehr,m,60
08421,2017,95 Jahre und mehr,f,216
01056,2017,95 Jahre und mehr,m,96
01056,2017,95 Jahre und mehr,f,431
01056,2017,5 bis unter 10 Jahre,f,7047
01056,2017,5 bis unter 10 Jahre,m,7321
01056,2017,25 bis unter 30 Jahre,f,7763
01056,2017,25 bis unter 30 Jahre,m,8593
01056,2017,80 bis unter 85 Jahre,m,4907
01056,2017,80 bis unter 85 Jahre,f,6530
01056,2017,45 bis unter 50 Jahre,f,12144
01056,2017,45 bis unter 50 Jahre,m,12190
01056,2017,85 bis unter 90 Jahre,f,3342
01056,2017,85 bis unter 90 Jahre,m,1965
01056,2017,40 bis unter 45 Jahre,m,9305
01056,2017,40 bis unter 45 Jahre,f,9638
01056,2017,10 bis unter 15 Jahre,f,7198
01056,2017,10 bis unter 15 Jahre,m,7655
01056,2017,unter 5 Jahre,m,7437
01056,2017,unter 5 Jahre,f,7014
01056,2017,90 bis unter 95 Jahre,f,1498
01056,2017,90 bis unter 95 Jahre,m,580
01056,2017,70 bis unter 75 Jahre,f,8264
01056,2017,70 bis unter 75 Jahre,m,7067
01056,2017,35 bis unter 40 Jahre,m,9311
01056,2017,35 bis unter 40 Jahre,f,9707
01056,2017,55 bis unter 60 Jahre,m,12187
01056,2017,55 bis unter 60 Jahre,f,12182
01056,2017,60 bis unter 65 Jahre,m,9178
01056,2017,60 bis unter 65 Jahre,f,9713
01056,2017,65 bis unter 70 Jahre,f,9015
01056,2017,65 bis unter 70 Jahre,m,7983
01056,2017,15 bis unter 20 Jahre,f,7751
01056,2017,15 bis unter 20 Jahre,m,8333
01056,2017,20 bis unter 25 Jahre,f,7348
01056,2017,20 bis unter 25 Jahre,m,8510
01056,2017,50 bis unter 55 Jahre,m,14289
01056,2017,50 bis unter 55 Jahre,f,14566
01056,2017,75 bis unter 80 Jahre,f,9561
01056,2017,75 bis unter 80 Jahre,m,7829
01056,2017,30 bis unter 35 Jahre,m,8665
01056,2017,30 bis unter 35 Jahre,f,8549
09464,2017,20 bis unter 25 Jahre,f,1337
09464,2017,20 bis unter 25 Jahre,m,1425
09464,2017,75 bis unter 80 Jahre,f,1478
09464,2017,75 bis unter 80 Jahre,m,1067
09464,2017,55 bis unter 60 Jahre,f,1689
09464,2017,55 bis unter 60 Jahre,m,1698
09464,2017,60 bis unter 65 Jahre,f,1604
09464,2017,60 bis unter 65 Jahre,m,1463
09464,2017,15 bis unter 20 Jahre,m,1269
09464,2017,15 bis unter 20 Jahre,f,1102
09464,2017,35 bis unter 40 Jahre,f,1286
09464,2017,35 bis unter 40 Jahre,m,1281
09464,2017,40 bis unter 45 Jahre,f,1200
09464,2017,40 bis unter 45 Jahre,m,1194
09464,2017,unter 5 Jahre,m,1101
09464,2017,unter 5 Jahre,f,1095
09464,2017,90 bis unter 95 Jahre,m,104
09464,2017,90 bis unter 95 Jahre,f,327
09464,2017,85 bis unter 90 Jahre,m,291
09464,2017,85 bis unter 90 Jahre,f,713
09464,2017,65 bis unter 70 Jahre,m,1210
09464,2017,65 bis unter 70 Jahre,f,1584
09464,2017,10 bis unter 15 Jahre,m,894
09464,2017,10 bis unter 15 Jahre,f,908
09464,2017,5 bis unter 10 Jahre,f,906
09464,2017,5 bis unter 10 Jahre,m,956
09464,2017,30 bis unter 35 Jahre,f,1305
09464,2017,30 bis unter 35 Jahre,m,1437
09464,2017,45 bis unter 50 Jahre,m,1564
09464,2017,45 bis unter 50 Jahre,f,1594
09464,2017,25 bis unter 30 Jahre,f,1454
09464,2017,25 bis unter 30 Jahre,m,1563
09464,2017,95 Jahre und mehr,m,17
09464,2017,95 Jahre und mehr,f,99
09464,2017,80 bis unter 85 Jahre,m,645
09464,2017,80 bis unter 85 Jahre,f,1098
09464,2017,50 bis unter 55 Jahre,f,1835
09464,2017,50 bis unter 55 Jahre,m,1790
09464,2017,70 bis unter 75 Jahre,m,1086
09464,2017,70 bis unter 75 Jahre,f,1281
03257,2017,80 bis unter 85 Jahre,m,2572
03257,2017,80 bis unter 85 Jahre,f,3736
03257,2017,75 bis unter 80 Jahre,m,4161
03257,2017,75 bis unter 80 Jahre,f,5119
03257,2017,40 bis unter 45 Jahre,m,4187
03257,2017,40 bis unter 45 Jahre,f,4226
03257,2017,5 bis unter 10 Jahre,f,3121
03257,2017,5 bis unter 10 Jahre,m,3197
03257,2017,60 bis unter 65 Jahre,m,5332
03257,2017,60 bis unter 65 Jahre,f,5460
03257,2017,55 bis unter 60 Jahre,m,6509
03257,2017,55 bis unter 60 Jahre,f,6427
03257,2017,20 bis unter 25 Jahre,m,4200
03257,2017,20 bis unter 25 Jahre,f,3685
03257,2017,50 bis unter 55 Jahre,f,7297
03257,2017,50 bis unter 55 Jahre,m,7311
03257,2017,15 bis unter 20 Jahre,m,4505
03257,2017,15 bis unter 20 Jahre,f,4103
03257,2017,45 bis unter 50 Jahre,f,6020
03257,2017,45 bis unter 50 Jahre,m,5922
03257,2017,35 bis unter 40 Jahre,m,4207
03257,2017,35 bis unter 40 Jahre,f,4199
03257,2017,25 bis unter 30 Jahre,f,3833
03257,2017,25 bis unter 30 Jahre,m,4072
03257,2017,70 bis unter 75 Jahre,f,4009
03257,2017,70 bis unter 75 Jahre,m,3641
03257,2017,85 bis unter 90 Jahre,m,1172
03257,2017,85 bis unter 90 Jahre,f,2294
03257,2017,90 bis unter 95 Jahre,m,393
03257,2017,90 bis unter 95 Jahre,f,1141
03257,2017,95 Jahre und mehr,f,327
03257,2017,95 Jahre und mehr,m,64
03257,2017,unter 5 Jahre,f,3245
03257,2017,unter 5 Jahre,m,3264
03257,2017,30 bis unter 35 Jahre,m,4035
03257,2017,30 bis unter 35 Jahre,f,3900
03257,2017,65 bis unter 70 Jahre,f,5061
03257,2017,65 bis unter 70 Jahre,m,4757
03257,2017,10 bis unter 15 Jahre,f,3474
03257,2017,10 bis unter 15 Jahre,m,3705
03352,2017,30 bis unter 35 Jahre,m,5048
03352,2017,30 bis unter 35 Jahre,f,4868
03352,2017,85 bis unter 90 Jahre,m,1296
03352,2017,85 bis unter 90 Jahre,f,2635
03352,2017,70 bis unter 75 Jahre,m,5163
03352,2017,70 bis unter 75 Jahre,f,5405
03352,2017,65 bis unter 70 Jahre,m,6764
03352,2017,65 bis unter 70 Jahre,f,7003
03352,2017,90 bis unter 95 Jahre,f,1278
03352,2017,90 bis unter 95 Jahre,m,467
03352,2017,50 bis unter 55 Jahre,m,8602
03352,2017,50 bis unter 55 Jahre,f,8876
03352,2017,45 bis unter 50 Jahre,m,7283
03352,2017,45 bis unter 50 Jahre,f,7652
03352,2017,5 bis unter 10 Jahre,m,4345
03352,2017,5 bis unter 10 Jahre,f,4156
03352,2017,10 bis unter 15 Jahre,f,4434
03352,2017,10 bis unter 15 Jahre,m,4731
03352,2017,40 bis unter 45 Jahre,f,5379
03352,2017,40 bis unter 45 Jahre,m,5246
03352,2017,20 bis unter 25 Jahre,f,4199
03352,2017,20 bis unter 25 Jahre,m,5094
03352,2017,15 bis unter 20 Jahre,f,5146
03352,2017,15 bis unter 20 Jahre,m,5399
03352,2017,75 bis unter 80 Jahre,m,5389
03352,2017,75 bis unter 80 Jahre,f,6152
03352,2017,unter 5 Jahre,m,4390
03352,2017,unter 5 Jahre,f,3935
03352,2017,60 bis unter 65 Jahre,f,7249
03352,2017,60 bis unter 65 Jahre,m,6767
03352,2017,25 bis unter 30 Jahre,f,4589
03352,2017,25 bis unter 30 Jahre,m,5005
03352,2017,55 bis unter 60 Jahre,m,7772
03352,2017,55 bis unter 60 Jahre,f,8129
03352,2017,80 bis unter 85 Jahre,m,3258
03352,2017,80 bis unter 85 Jahre,f,4328
03352,2017,95 Jahre und mehr,f,344
03352,2017,95 Jahre und mehr,m,73
03352,2017,35 bis unter 40 Jahre,f,5258
03352,2017,35 bis unter 40 Jahre,m,4993
03405,2017,90 bis unter 95 Jahre,m,197
03405,2017,90 bis unter 95 Jahre,f,502
03405,2017,30 bis unter 35 Jahre,m,2072
03405,2017,30 bis unter 35 Jahre,f,2026
03405,2017,55 bis unter 60 Jahre,f,2926
03405,2017,55 bis unter 60 Jahre,m,2739
03405,2017,unter 5 Jahre,f,1547
03405,2017,unter 5 Jahre,m,1645
03405,2017,85 bis unter 90 Jahre,m,520
03405,2017,85 bis unter 90 Jahre,f,1057
03405,2017,70 bis unter 75 Jahre,m,1967
03405,2017,70 bis unter 75 Jahre,f,2240
03405,2017,40 bis unter 45 Jahre,f,1725
03405,2017,40 bis unter 45 Jahre,m,1790
03405,2017,15 bis unter 20 Jahre,f,1733
03405,2017,15 bis unter 20 Jahre,m,1790
03405,2017,45 bis unter 50 Jahre,m,2464
03405,2017,45 bis unter 50 Jahre,f,2388
03405,2017,10 bis unter 15 Jahre,m,1529
03405,2017,10 bis unter 15 Jahre,f,1414
03405,2017,75 bis unter 80 Jahre,f,2725
03405,2017,75 bis unter 80 Jahre,m,2315
03405,2017,65 bis unter 70 Jahre,m,2334
03405,2017,65 bis unter 70 Jahre,f,2623
03405,2017,20 bis unter 25 Jahre,f,2587
03405,2017,20 bis unter 25 Jahre,m,2864
03405,2017,80 bis unter 85 Jahre,m,1399
03405,2017,80 bis unter 85 Jahre,f,1929
03405,2017,5 bis unter 10 Jahre,f,1420
03405,2017,5 bis unter 10 Jahre,m,1439
03405,2017,60 bis unter 65 Jahre,m,2283
03405,2017,60 bis unter 65 Jahre,f,2541
03405,2017,25 bis unter 30 Jahre,f,2343
03405,2017,25 bis unter 30 Jahre,m,3261
03405,2017,95 Jahre und mehr,f,150
03405,2017,95 Jahre und mehr,m,27
03405,2017,50 bis unter 55 Jahre,f,3111
03405,2017,50 bis unter 55 Jahre,m,3033
03405,2017,35 bis unter 40 Jahre,m,1904
03405,2017,35 bis unter 40 Jahre,f,1757
09363,2017,80 bis unter 85 Jahre,f,979
09363,2017,80 bis unter 85 Jahre,m,620
09363,2017,35 bis unter 40 Jahre,m,1250
09363,2017,35 bis unter 40 Jahre,f,1263
09363,2017,75 bis unter 80 Jahre,m,995
09363,2017,75 bis unter 80 Jahre,f,1281
09363,2017,55 bis unter 60 Jahre,m,1637
09363,2017,55 bis unter 60 Jahre,f,1639
09363,2017,20 bis unter 25 Jahre,f,1220
09363,2017,20 bis unter 25 Jahre,m,1326
09363,2017,40 bis unter 45 Jahre,m,1124
09363,2017,40 bis unter 45 Jahre,f,1195
09363,2017,60 bis unter 65 Jahre,f,1467
09363,2017,60 bis unter 65 Jahre,m,1286
09363,2017,15 bis unter 20 Jahre,m,1149
09363,2017,15 bis unter 20 Jahre,f,1036
09363,2017,unter 5 Jahre,m,889
09363,2017,unter 5 Jahre,f,884
09363,2017,5 bis unter 10 Jahre,f,792
09363,2017,5 bis unter 10 Jahre,m,832
09363,2017,25 bis unter 30 Jahre,f,1388
09363,2017,25 bis unter 30 Jahre,m,1512
09363,2017,30 bis unter 35 Jahre,f,1241
09363,2017,30 bis unter 35 Jahre,m,1373
09363,2017,85 bis unter 90 Jahre,m,279
09363,2017,85 bis unter 90 Jahre,f,646
09363,2017,95 Jahre und mehr,m,8
09363,2017,95 Jahre und mehr,f,79
09363,2017,90 bis unter 95 Jahre,f,269
09363,2017,90 bis unter 95 Jahre,m,111
09363,2017,45 bis unter 50 Jahre,m,1472
09363,2017,45 bis unter 50 Jahre,f,1489
09363,2017,70 bis unter 75 Jahre,f,1152
09363,2017,70 bis unter 75 Jahre,m,910
09363,2017,10 bis unter 15 Jahre,m,854
09363,2017,10 bis unter 15 Jahre,f,851
09363,2017,50 bis unter 55 Jahre,f,1794
09363,2017,50 bis unter 55 Jahre,m,1751
09363,2017,65 bis unter 70 Jahre,m,1128
09363,2017,65 bis unter 70 Jahre,f,1372
01062,2017,90 bis unter 95 Jahre,m,524
01062,2017,90 bis unter 95 Jahre,f,1467
01062,2017,35 bis unter 40 Jahre,f,7812
01062,2017,35 bis unter 40 Jahre,m,7287
01062,2017,15 bis unter 20 Jahre,f,6164
01062,2017,15 bis unter 20 Jahre,m,6534
01062,2017,70 bis unter 75 Jahre,m,5678
01062,2017,70 bis unter 75 Jahre,f,6366
01062,2017,20 bis unter 25 Jahre,f,5000
01062,2017,20 bis unter 25 Jahre,m,6066
01062,2017,50 bis unter 55 Jahre,m,11385
01062,2017,50 bis unter 55 Jahre,f,11508
01062,2017,55 bis unter 60 Jahre,f,9343
01062,2017,55 bis unter 60 Jahre,m,9281
01062,2017,85 bis unter 90 Jahre,m,1657
01062,2017,85 bis unter 90 Jahre,f,2859
01062,2017,10 bis unter 15 Jahre,m,5992
01062,2017,10 bis unter 15 Jahre,f,5692
01062,2017,25 bis unter 30 Jahre,m,5530
01062,2017,25 bis unter 30 Jahre,f,5033
01062,2017,60 bis unter 65 Jahre,f,7720
01062,2017,60 bis unter 65 Jahre,m,7233
01062,2017,40 bis unter 45 Jahre,f,7479
01062,2017,40 bis unter 45 Jahre,m,7265
01062,2017,95 Jahre und mehr,m,103
01062,2017,95 Jahre und mehr,f,453
01062,2017,30 bis unter 35 Jahre,m,5964
01062,2017,30 bis unter 35 Jahre,f,6427
01062,2017,5 bis unter 10 Jahre,m,6046
01062,2017,5 bis unter 10 Jahre,f,5639
01062,2017,75 bis unter 80 Jahre,m,6383
01062,2017,75 bis unter 80 Jahre,f,7373
01062,2017,45 bis unter 50 Jahre,f,9804
01062,2017,45 bis unter 50 Jahre,m,9435
01062,2017,80 bis unter 85 Jahre,f,5231
01062,2017,80 bis unter 85 Jahre,m,4002
01062,2017,unter 5 Jahre,m,5634
01062,2017,unter 5 Jahre,f,5434
01062,2017,65 bis unter 70 Jahre,m,6569
01062,2017,65 bis unter 70 Jahre,f,7100
09763,2017,25 bis unter 30 Jahre,f,2433
09763,2017,25 bis unter 30 Jahre,m,2857
09763,2017,10 bis unter 15 Jahre,f,1370
09763,2017,10 bis unter 15 Jahre,m,1498
09763,2017,5 bis unter 10 Jahre,f,1293
09763,2017,5 bis unter 10 Jahre,m,1420
09763,2017,80 bis unter 85 Jahre,m,972
09763,2017,80 bis unter 85 Jahre,f,1318
09763,2017,50 bis unter 55 Jahre,f,2516
09763,2017,50 bis unter 55 Jahre,m,2476
09763,2017,65 bis unter 70 Jahre,f,2029
09763,2017,65 bis unter 70 Jahre,m,1688
09763,2017,45 bis unter 50 Jahre,m,2299
09763,2017,45 bis unter 50 Jahre,f,2231
09763,2017,90 bis unter 95 Jahre,f,405
09763,2017,90 bis unter 95 Jahre,m,193
09763,2017,15 bis unter 20 Jahre,m,1737
09763,2017,15 bis unter 20 Jahre,f,1622
09763,2017,40 bis unter 45 Jahre,m,2001
09763,2017,40 bis unter 45 Jahre,f,1848
09763,2017,60 bis unter 65 Jahre,f,2133
09763,2017,60 bis unter 65 Jahre,m,1926
09763,2017,95 Jahre und mehr,f,134
09763,2017,95 Jahre und mehr,m,30
09763,2017,35 bis unter 40 Jahre,m,2241
09763,2017,35 bis unter 40 Jahre,f,2118
09763,2017,70 bis unter 75 Jahre,f,1836
09763,2017,70 bis unter 75 Jahre,m,1488
09763,2017,55 bis unter 60 Jahre,f,2352
09763,2017,55 bis unter 60 Jahre,m,2208
09763,2017,75 bis unter 80 Jahre,f,2061
09763,2017,75 bis unter 80 Jahre,m,1653
09763,2017,unter 5 Jahre,f,1558
09763,2017,unter 5 Jahre,m,1626
09763,2017,30 bis unter 35 Jahre,m,2495
09763,2017,30 bis unter 35 Jahre,f,2132
09763,2017,85 bis unter 90 Jahre,m,507
09763,2017,85 bis unter 90 Jahre,f,853
09763,2017,20 bis unter 25 Jahre,m,2474
09763,2017,20 bis unter 25 Jahre,f,2299
09462,2017,90 bis unter 95 Jahre,m,174
09462,2017,90 bis unter 95 Jahre,f,513
09462,2017,70 bis unter 75 Jahre,m,1509
09462,2017,70 bis unter 75 Jahre,f,1795
09462,2017,85 bis unter 90 Jahre,m,437
09462,2017,85 bis unter 90 Jahre,f,899
09462,2017,55 bis unter 60 Jahre,f,2523
09462,2017,55 bis unter 60 Jahre,m,2381
09462,2017,95 Jahre und mehr,f,179
09462,2017,95 Jahre und mehr,m,34
09462,2017,unter 5 Jahre,f,1324
09462,2017,unter 5 Jahre,m,1413
09462,2017,30 bis unter 35 Jahre,m,2502
09462,2017,30 bis unter 35 Jahre,f,2198
09462,2017,40 bis unter 45 Jahre,f,1940
09462,2017,40 bis unter 45 Jahre,m,1930
09462,2017,15 bis unter 20 Jahre,f,1813
09462,2017,15 bis unter 20 Jahre,m,2003
09462,2017,45 bis unter 50 Jahre,m,2222
09462,2017,45 bis unter 50 Jahre,f,2324
09462,2017,10 bis unter 15 Jahre,m,1343
09462,2017,10 bis unter 15 Jahre,f,1247
09462,2017,20 bis unter 25 Jahre,m,4081
09462,2017,20 bis unter 25 Jahre,f,3977
09462,2017,75 bis unter 80 Jahre,f,2184
09462,2017,75 bis unter 80 Jahre,m,1643
09462,2017,65 bis unter 70 Jahre,m,1863
09462,2017,65 bis unter 70 Jahre,f,2245
09462,2017,5 bis unter 10 Jahre,f,1238
09462,2017,5 bis unter 10 Jahre,m,1224
09462,2017,80 bis unter 85 Jahre,m,947
09462,2017,80 bis unter 85 Jahre,f,1493
09462,2017,25 bis unter 30 Jahre,f,3145
09462,2017,25 bis unter 30 Jahre,m,3589
09462,2017,35 bis unter 40 Jahre,m,2203
09462,2017,35 bis unter 40 Jahre,f,1927
09462,2017,60 bis unter 65 Jahre,f,2356
09462,2017,60 bis unter 65 Jahre,m,1974
09462,2017,50 bis unter 55 Jahre,f,2644
09462,2017,50 bis unter 55 Jahre,m,2563
09375,2017,60 bis unter 65 Jahre,f,6500
09375,2017,60 bis unter 65 Jahre,m,6399
09375,2017,15 bis unter 20 Jahre,m,5330
09375,2017,15 bis unter 20 Jahre,f,4896
09375,2017,20 bis unter 25 Jahre,f,4907
09375,2017,20 bis unter 25 Jahre,m,5817
09375,2017,unter 5 Jahre,m,4728
09375,2017,unter 5 Jahre,f,4565
09375,2017,40 bis unter 45 Jahre,f,6020
09375,2017,40 bis unter 45 Jahre,m,6011
09375,2017,35 bis unter 40 Jahre,f,6208
09375,2017,35 bis unter 40 Jahre,m,6217
09375,2017,75 bis unter 80 Jahre,f,4451
09375,2017,75 bis unter 80 Jahre,m,3792
09375,2017,55 bis unter 60 Jahre,m,7967
09375,2017,55 bis unter 60 Jahre,f,7853
09375,2017,95 Jahre und mehr,f,172
09375,2017,95 Jahre und mehr,m,52
09375,2017,90 bis unter 95 Jahre,m,289
09375,2017,90 bis unter 95 Jahre,f,819
09375,2017,10 bis unter 15 Jahre,m,4659
09375,2017,10 bis unter 15 Jahre,f,4428
09375,2017,85 bis unter 90 Jahre,m,1007
09375,2017,85 bis unter 90 Jahre,f,1904
09375,2017,5 bis unter 10 Jahre,f,4225
09375,2017,5 bis unter 10 Jahre,m,4585
09375,2017,30 bis unter 35 Jahre,f,5467
09375,2017,30 bis unter 35 Jahre,m,5796
09375,2017,50 bis unter 55 Jahre,f,8477
09375,2017,50 bis unter 55 Jahre,m,8675
09375,2017,70 bis unter 75 Jahre,f,3895
09375,2017,70 bis unter 75 Jahre,m,3810
09375,2017,25 bis unter 30 Jahre,m,5739
09375,2017,25 bis unter 30 Jahre,f,5043
09375,2017,65 bis unter 70 Jahre,f,5561
09375,2017,65 bis unter 70 Jahre,m,5432
09375,2017,45 bis unter 50 Jahre,m,7743
09375,2017,45 bis unter 50 Jahre,f,7372
09375,2017,80 bis unter 85 Jahre,m,2302
09375,2017,80 bis unter 85 Jahre,f,3087
03455,2017,50 bis unter 55 Jahre,m,4395
03455,2017,50 bis unter 55 Jahre,f,4584
03455,2017,90 bis unter 95 Jahre,m,205
03455,2017,90 bis unter 95 Jahre,f,578
03455,2017,85 bis unter 90 Jahre,m,689
03455,2017,85 bis unter 90 Jahre,f,1202
03455,2017,70 bis unter 75 Jahre,m,2643
03455,2017,70 bis unter 75 Jahre,f,2911
03455,2017,65 bis unter 70 Jahre,m,3220
03455,2017,65 bis unter 70 Jahre,f,3471
03455,2017,15 bis unter 20 Jahre,f,2594
03455,2017,15 bis unter 20 Jahre,m,2815
03455,2017,45 bis unter 50 Jahre,m,3608
03455,2017,45 bis unter 50 Jahre,f,3781
03455,2017,30 bis unter 35 Jahre,m,2324
03455,2017,30 bis unter 35 Jahre,f,2394
03455,2017,unter 5 Jahre,f,2016
03455,2017,unter 5 Jahre,m,2127
03455,2017,5 bis unter 10 Jahre,m,2146
03455,2017,5 bis unter 10 Jahre,f,1947
03455,2017,75 bis unter 80 Jahre,f,3278
03455,2017,75 bis unter 80 Jahre,m,2998
03455,2017,10 bis unter 15 Jahre,f,2107
03455,2017,10 bis unter 15 Jahre,m,2259
03455,2017,20 bis unter 25 Jahre,f,2170
03455,2017,20 bis unter 25 Jahre,m,2645
03455,2017,40 bis unter 45 Jahre,f,2608
03455,2017,40 bis unter 45 Jahre,m,2473
03455,2017,60 bis unter 65 Jahre,m,3225
03455,2017,60 bis unter 65 Jahre,f,3407
03455,2017,95 Jahre und mehr,m,38
03455,2017,95 Jahre und mehr,f,168
03455,2017,55 bis unter 60 Jahre,m,3826
03455,2017,55 bis unter 60 Jahre,f,4069
03455,2017,25 bis unter 30 Jahre,f,2357
03455,2017,25 bis unter 30 Jahre,m,2389
03455,2017,80 bis unter 85 Jahre,m,1754
03455,2017,80 bis unter 85 Jahre,f,2284
03455,2017,35 bis unter 40 Jahre,f,2474
03455,2017,35 bis unter 40 Jahre,m,2330
05978,2017,5 bis unter 10 Jahre,f,7997
05978,2017,5 bis unter 10 Jahre,m,8505
05978,2017,25 bis unter 30 Jahre,f,10196
05978,2017,25 bis unter 30 Jahre,m,11293
05978,2017,10 bis unter 15 Jahre,f,8603
05978,2017,10 bis unter 15 Jahre,m,9063
05978,2017,40 bis unter 45 Jahre,m,10998
05978,2017,40 bis unter 45 Jahre,f,11397
05978,2017,65 bis unter 70 Jahre,f,12759
05978,2017,65 bis unter 70 Jahre,m,11432
05978,2017,55 bis unter 60 Jahre,m,15901
05978,2017,55 bis unter 60 Jahre,f,16473
05978,2017,50 bis unter 55 Jahre,f,17689
05978,2017,50 bis unter 55 Jahre,m,17286
05978,2017,80 bis unter 85 Jahre,m,5776
05978,2017,80 bis unter 85 Jahre,f,8722
05978,2017,15 bis unter 20 Jahre,m,10750
05978,2017,15 bis unter 20 Jahre,f,9815
05978,2017,60 bis unter 65 Jahre,f,14645
05978,2017,60 bis unter 65 Jahre,m,13551
05978,2017,70 bis unter 75 Jahre,f,9641
05978,2017,70 bis unter 75 Jahre,m,8395
05978,2017,35 bis unter 40 Jahre,m,11258
05978,2017,35 bis unter 40 Jahre,f,11268
05978,2017,90 bis unter 95 Jahre,f,2435
05978,2017,90 bis unter 95 Jahre,m,771
05978,2017,45 bis unter 50 Jahre,m,14234
05978,2017,45 bis unter 50 Jahre,f,14686
05978,2017,85 bis unter 90 Jahre,m,2716
05978,2017,85 bis unter 90 Jahre,f,5132
05978,2017,30 bis unter 35 Jahre,m,10859
05978,2017,30 bis unter 35 Jahre,f,10449
05978,2017,unter 5 Jahre,f,8394
05978,2017,unter 5 Jahre,m,8873
05978,2017,75 bis unter 80 Jahre,f,11555
05978,2017,75 bis unter 80 Jahre,m,8970
05978,2017,95 Jahre und mehr,m,94
05978,2017,95 Jahre und mehr,f,558
05978,2017,20 bis unter 25 Jahre,m,11014
05978,2017,20 bis unter 25 Jahre,f,9781
05914,2017,80 bis unter 85 Jahre,m,2901
05914,2017,80 bis unter 85 Jahre,f,4339
05914,2017,5 bis unter 10 Jahre,f,4138
05914,2017,5 bis unter 10 Jahre,m,4314
05914,2017,60 bis unter 65 Jahre,m,5959
05914,2017,60 bis unter 65 Jahre,f,6269
05914,2017,40 bis unter 45 Jahre,m,5172
05914,2017,40 bis unter 45 Jahre,f,5257
05914,2017,25 bis unter 30 Jahre,f,5552
05914,2017,25 bis unter 30 Jahre,m,5975
05914,2017,20 bis unter 25 Jahre,m,5359
05914,2017,20 bis unter 25 Jahre,f,5043
05914,2017,65 bis unter 70 Jahre,f,5593
05914,2017,65 bis unter 70 Jahre,m,5004
05914,2017,15 bis unter 20 Jahre,m,5144
05914,2017,15 bis unter 20 Jahre,f,4768
05914,2017,70 bis unter 75 Jahre,f,4645
05914,2017,70 bis unter 75 Jahre,m,3830
05914,2017,50 bis unter 55 Jahre,f,7735
05914,2017,50 bis unter 55 Jahre,m,7867
05914,2017,35 bis unter 40 Jahre,m,5431
05914,2017,35 bis unter 40 Jahre,f,5262
05914,2017,45 bis unter 50 Jahre,f,6723
05914,2017,45 bis unter 50 Jahre,m,6584
05914,2017,90 bis unter 95 Jahre,m,407
05914,2017,90 bis unter 95 Jahre,f,1192
05914,2017,95 Jahre und mehr,m,79
05914,2017,95 Jahre und mehr,f,324
05914,2017,30 bis unter 35 Jahre,m,5558
05914,2017,30 bis unter 35 Jahre,f,5155
05914,2017,unter 5 Jahre,f,4362
05914,2017,unter 5 Jahre,m,4639
05914,2017,55 bis unter 60 Jahre,f,7370
05914,2017,55 bis unter 60 Jahre,m,7193
05914,2017,85 bis unter 90 Jahre,m,1318
05914,2017,85 bis unter 90 Jahre,f,2617
05914,2017,75 bis unter 80 Jahre,f,5690
05914,2017,75 bis unter 80 Jahre,m,4208
05914,2017,10 bis unter 15 Jahre,f,4253
05914,2017,10 bis unter 15 Jahre,m,4501
05358,2017,15 bis unter 20 Jahre,f,6807
05358,2017,15 bis unter 20 Jahre,m,7373
05358,2017,85 bis unter 90 Jahre,m,1615
05358,2017,85 bis unter 90 Jahre,f,2967
05358,2017,55 bis unter 60 Jahre,f,10649
05358,2017,55 bis unter 60 Jahre,m,10777
05358,2017,30 bis unter 35 Jahre,m,7720
05358,2017,30 bis unter 35 Jahre,f,7238
05358,2017,unter 5 Jahre,f,5854
05358,2017,unter 5 Jahre,m,6085
05358,2017,40 bis unter 45 Jahre,f,7219
05358,2017,40 bis unter 45 Jahre,m,7193
05358,2017,70 bis unter 75 Jahre,m,5345
05358,2017,70 bis unter 75 Jahre,f,5936
05358,2017,45 bis unter 50 Jahre,m,9502
05358,2017,45 bis unter 50 Jahre,f,9730
05358,2017,90 bis unter 95 Jahre,f,1312
05358,2017,90 bis unter 95 Jahre,m,487
05358,2017,75 bis unter 80 Jahre,m,5582
05358,2017,75 bis unter 80 Jahre,f,6927
05358,2017,10 bis unter 15 Jahre,m,6344
05358,2017,10 bis unter 15 Jahre,f,5813
05358,2017,20 bis unter 25 Jahre,f,6977
05358,2017,20 bis unter 25 Jahre,m,8473
05358,2017,65 bis unter 70 Jahre,m,7744
05358,2017,65 bis unter 70 Jahre,f,8118
05358,2017,5 bis unter 10 Jahre,f,5534
05358,2017,5 bis unter 10 Jahre,m,6012
05358,2017,25 bis unter 30 Jahre,f,7352
05358,2017,25 bis unter 30 Jahre,m,8286
05358,2017,60 bis unter 65 Jahre,m,8811
05358,2017,60 bis unter 65 Jahre,f,9609
05358,2017,80 bis unter 85 Jahre,m,3816
05358,2017,80 bis unter 85 Jahre,f,5168
05358,2017,95 Jahre und mehr,f,306
05358,2017,95 Jahre und mehr,m,70
05358,2017,35 bis unter 40 Jahre,m,7535
05358,2017,35 bis unter 40 Jahre,f,7475
05358,2017,50 bis unter 55 Jahre,f,11626
05358,2017,50 bis unter 55 Jahre,m,11502
09577,2017,90 bis unter 95 Jahre,m,208
09577,2017,90 bis unter 95 Jahre,f,526
09577,2017,70 bis unter 75 Jahre,m,1837
09577,2017,70 bis unter 75 Jahre,f,2066
09577,2017,15 bis unter 20 Jahre,f,2446
09577,2017,15 bis unter 20 Jahre,m,2672
09577,2017,95 Jahre und mehr,f,169
09577,2017,95 Jahre und mehr,m,22
09577,2017,35 bis unter 40 Jahre,f,2687
09577,2017,35 bis unter 40 Jahre,m,2753
09577,2017,50 bis unter 55 Jahre,m,4178
09577,2017,50 bis unter 55 Jahre,f,3987
09577,2017,55 bis unter 60 Jahre,f,3942
09577,2017,55 bis unter 60 Jahre,m,4023
09577,2017,85 bis unter 90 Jahre,m,628
09577,2017,85 bis unter 90 Jahre,f,1146
09577,2017,10 bis unter 15 Jahre,m,2267
09577,2017,10 bis unter 15 Jahre,f,2141
09577,2017,80 bis unter 85 Jahre,f,1970
09577,2017,80 bis unter 85 Jahre,m,1331
09577,2017,unter 5 Jahre,m,2152
09577,2017,unter 5 Jahre,f,2112
09577,2017,65 bis unter 70 Jahre,m,2807
09577,2017,65 bis unter 70 Jahre,f,2917
09577,2017,20 bis unter 25 Jahre,f,2420
09577,2017,20 bis unter 25 Jahre,m,2759
09577,2017,45 bis unter 50 Jahre,m,3386
09577,2017,45 bis unter 50 Jahre,f,3242
09577,2017,75 bis unter 80 Jahre,f,2621
09577,2017,75 bis unter 80 Jahre,m,2110
09577,2017,5 bis unter 10 Jahre,f,1915
09577,2017,5 bis unter 10 Jahre,m,2118
09577,2017,60 bis unter 65 Jahre,m,3213
09577,2017,60 bis unter 65 Jahre,f,3164
09577,2017,30 bis unter 35 Jahre,f,2605
09577,2017,30 bis unter 35 Jahre,m,2840
09577,2017,25 bis unter 30 Jahre,m,2919
09577,2017,25 bis unter 30 Jahre,f,2610
09577,2017,40 bis unter 45 Jahre,f,2567
09577,2017,40 bis unter 45 Jahre,m,2732
09377,2017,40 bis unter 45 Jahre,m,2083
09377,2017,40 bis unter 45 Jahre,f,2021
09377,2017,55 bis unter 60 Jahre,m,3254
09377,2017,55 bis unter 60 Jahre,f,3055
09377,2017,60 bis unter 65 Jahre,m,2621
09377,2017,60 bis unter 65 Jahre,f,2642
09377,2017,75 bis unter 80 Jahre,m,1708
09377,2017,75 bis unter 80 Jahre,f,2129
09377,2017,80 bis unter 85 Jahre,m,1096
09377,2017,80 bis unter 85 Jahre,f,1628
09377,2017,15 bis unter 20 Jahre,m,1928
09377,2017,15 bis unter 20 Jahre,f,1767
09377,2017,unter 5 Jahre,m,1562
09377,2017,unter 5 Jahre,f,1455
09377,2017,20 bis unter 25 Jahre,f,1923
09377,2017,20 bis unter 25 Jahre,m,2216
09377,2017,30 bis unter 35 Jahre,f,1848
09377,2017,30 bis unter 35 Jahre,m,2121
09377,2017,25 bis unter 30 Jahre,f,1897
09377,2017,25 bis unter 30 Jahre,m,2242
09377,2017,50 bis unter 55 Jahre,f,3212
09377,2017,50 bis unter 55 Jahre,m,3256
09377,2017,5 bis unter 10 Jahre,m,1475
09377,2017,5 bis unter 10 Jahre,f,1462
09377,2017,95 Jahre und mehr,f,112
09377,2017,95 Jahre und mehr,m,21
09377,2017,85 bis unter 90 Jahre,m,497
09377,2017,85 bis unter 90 Jahre,f,1002
09377,2017,10 bis unter 15 Jahre,m,1555
09377,2017,10 bis unter 15 Jahre,f,1446
09377,2017,90 bis unter 95 Jahre,m,132
09377,2017,90 bis unter 95 Jahre,f,421
09377,2017,70 bis unter 75 Jahre,f,1650
09377,2017,70 bis unter 75 Jahre,m,1442
09377,2017,35 bis unter 40 Jahre,f,1949
09377,2017,35 bis unter 40 Jahre,m,1972
09377,2017,65 bis unter 70 Jahre,m,2309
09377,2017,65 bis unter 70 Jahre,f,2193
09377,2017,45 bis unter 50 Jahre,f,2663
09377,2017,45 bis unter 50 Jahre,m,2765
09161,2017,5 bis unter 10 Jahre,f,2856
09161,2017,5 bis unter 10 Jahre,m,3053
09161,2017,25 bis unter 30 Jahre,f,5268
09161,2017,25 bis unter 30 Jahre,m,5937
09161,2017,60 bis unter 65 Jahre,m,3618
09161,2017,60 bis unter 65 Jahre,f,3868
09161,2017,80 bis unter 85 Jahre,m,1636
09161,2017,80 bis unter 85 Jahre,f,2365
09161,2017,45 bis unter 50 Jahre,f,4506
09161,2017,45 bis unter 50 Jahre,m,4894
09161,2017,65 bis unter 70 Jahre,f,3404
09161,2017,65 bis unter 70 Jahre,m,2968
09161,2017,20 bis unter 25 Jahre,m,4281
09161,2017,20 bis unter 25 Jahre,f,3794
09161,2017,70 bis unter 75 Jahre,f,2781
09161,2017,70 bis unter 75 Jahre,m,2430
09161,2017,15 bis unter 20 Jahre,m,3567
09161,2017,15 bis unter 20 Jahre,f,2942
09161,2017,35 bis unter 40 Jahre,m,5155
09161,2017,35 bis unter 40 Jahre,f,4703
09161,2017,50 bis unter 55 Jahre,f,4859
09161,2017,50 bis unter 55 Jahre,m,5046
09161,2017,40 bis unter 45 Jahre,m,4409
09161,2017,40 bis unter 45 Jahre,f,4184
09161,2017,90 bis unter 95 Jahre,m,254
09161,2017,90 bis unter 95 Jahre,f,677
09161,2017,85 bis unter 90 Jahre,m,781
09161,2017,85 bis unter 90 Jahre,f,1393
09161,2017,55 bis unter 60 Jahre,f,4476
09161,2017,55 bis unter 60 Jahre,m,4601
09161,2017,95 Jahre und mehr,m,48
09161,2017,95 Jahre und mehr,f,154
09161,2017,30 bis unter 35 Jahre,m,6265
09161,2017,30 bis unter 35 Jahre,f,5156
09161,2017,unter 5 Jahre,f,3378
09161,2017,unter 5 Jahre,m,3600
09161,2017,10 bis unter 15 Jahre,m,2989
09161,2017,10 bis unter 15 Jahre,f,2867
09161,2017,75 bis unter 80 Jahre,m,2760
09161,2017,75 bis unter 80 Jahre,f,3321
08135,2017,45 bis unter 50 Jahre,f,4678
08135,2017,45 bis unter 50 Jahre,m,4691
08135,2017,65 bis unter 70 Jahre,f,3709
08135,2017,65 bis unter 70 Jahre,m,3639
08135,2017,85 bis unter 90 Jahre,f,1765
08135,2017,85 bis unter 90 Jahre,m,1007
08135,2017,70 bis unter 75 Jahre,f,2970
08135,2017,70 bis unter 75 Jahre,m,2603
08135,2017,60 bis unter 65 Jahre,m,4106
08135,2017,60 bis unter 65 Jahre,f,4304
08135,2017,30 bis unter 35 Jahre,f,3801
08135,2017,30 bis unter 35 Jahre,m,4168
08135,2017,5 bis unter 10 Jahre,f,2916
08135,2017,5 bis unter 10 Jahre,m,3024
08135,2017,75 bis unter 80 Jahre,m,2993
08135,2017,75 bis unter 80 Jahre,f,3815
08135,2017,10 bis unter 15 Jahre,m,3270
08135,2017,10 bis unter 15 Jahre,f,3127
08135,2017,unter 5 Jahre,m,3050
08135,2017,unter 5 Jahre,f,2995
08135,2017,90 bis unter 95 Jahre,f,764
08135,2017,90 bis unter 95 Jahre,m,297
08135,2017,95 Jahre und mehr,f,162
08135,2017,95 Jahre und mehr,m,38
08135,2017,80 bis unter 85 Jahre,m,2093
08135,2017,80 bis unter 85 Jahre,f,2923
08135,2017,55 bis unter 60 Jahre,m,5184
08135,2017,55 bis unter 60 Jahre,f,5144
08135,2017,35 bis unter 40 Jahre,f,3794
08135,2017,35 bis unter 40 Jahre,m,4028
08135,2017,15 bis unter 20 Jahre,f,3377
08135,2017,15 bis unter 20 Jahre,m,3951
08135,2017,20 bis unter 25 Jahre,f,3371
08135,2017,20 bis unter 25 Jahre,m,4020
08135,2017,40 bis unter 45 Jahre,f,3695
08135,2017,40 bis unter 45 Jahre,m,3838
08135,2017,25 bis unter 30 Jahre,m,4252
08135,2017,25 bis unter 30 Jahre,f,3645
08135,2017,50 bis unter 55 Jahre,m,5516
08135,2017,50 bis unter 55 Jahre,f,5283
03251,2017,90 bis unter 95 Jahre,m,459
03251,2017,90 bis unter 95 Jahre,f,1119
03251,2017,65 bis unter 70 Jahre,m,6354
03251,2017,65 bis unter 70 Jahre,f,6559
03251,2017,50 bis unter 55 Jahre,m,10196
03251,2017,50 bis unter 55 Jahre,f,9918
03251,2017,35 bis unter 40 Jahre,f,6071
03251,2017,35 bis unter 40 Jahre,m,5750
03251,2017,20 bis unter 25 Jahre,f,5210
03251,2017,20 bis unter 25 Jahre,m,5988
03251,2017,60 bis unter 65 Jahre,f,7162
03251,2017,60 bis unter 65 Jahre,m,7242
03251,2017,5 bis unter 10 Jahre,m,4948
03251,2017,5 bis unter 10 Jahre,f,4568
03251,2017,95 Jahre und mehr,m,77
03251,2017,95 Jahre und mehr,f,326
03251,2017,15 bis unter 20 Jahre,m,6295
03251,2017,15 bis unter 20 Jahre,f,5598
03251,2017,10 bis unter 15 Jahre,m,5197
03251,2017,10 bis unter 15 Jahre,f,4930
03251,2017,30 bis unter 35 Jahre,f,5588
03251,2017,30 bis unter 35 Jahre,m,5811
03251,2017,85 bis unter 90 Jahre,m,1421
03251,2017,85 bis unter 90 Jahre,f,2497
03251,2017,40 bis unter 45 Jahre,f,6063
03251,2017,40 bis unter 45 Jahre,m,5938
03251,2017,80 bis unter 85 Jahre,m,3374
03251,2017,80 bis unter 85 Jahre,f,4519
03251,2017,25 bis unter 30 Jahre,f,5423
03251,2017,25 bis unter 30 Jahre,m,5960
03251,2017,45 bis unter 50 Jahre,f,8554
03251,2017,45 bis unter 50 Jahre,m,8473
03251,2017,75 bis unter 80 Jahre,m,5282
03251,2017,75 bis unter 80 Jahre,f,6269
03251,2017,unter 5 Jahre,m,4868
03251,2017,unter 5 Jahre,f,4614
03251,2017,70 bis unter 75 Jahre,f,5071
03251,2017,70 bis unter 75 Jahre,m,4613
03251,2017,55 bis unter 60 Jahre,m,9041
03251,2017,55 bis unter 60 Jahre,f,8666
09272,2017,40 bis unter 45 Jahre,f,2239
09272,2017,40 bis unter 45 Jahre,m,2257
09272,2017,95 Jahre und mehr,m,21
09272,2017,95 Jahre und mehr,f,86
09272,2017,unter 5 Jahre,f,1592
09272,2017,unter 5 Jahre,m,1677
09272,2017,20 bis unter 25 Jahre,f,2117
09272,2017,20 bis unter 25 Jahre,m,2366
09272,2017,55 bis unter 60 Jahre,m,3505
09272,2017,55 bis unter 60 Jahre,f,3508
09272,2017,35 bis unter 40 Jahre,f,2109
09272,2017,35 bis unter 40 Jahre,m,2282
09272,2017,15 bis unter 20 Jahre,m,2269
09272,2017,15 bis unter 20 Jahre,f,1996
09272,2017,90 bis unter 95 Jahre,m,143
09272,2017,90 bis unter 95 Jahre,f,416
09272,2017,60 bis unter 65 Jahre,f,2974
09272,2017,60 bis unter 65 Jahre,m,3025
09272,2017,75 bis unter 80 Jahre,f,2039
09272,2017,75 bis unter 80 Jahre,m,1664
09272,2017,30 bis unter 35 Jahre,m,2202
09272,2017,30 bis unter 35 Jahre,f,2056
09272,2017,10 bis unter 15 Jahre,m,1701
09272,2017,10 bis unter 15 Jahre,f,1603
09272,2017,85 bis unter 90 Jahre,m,444
09272,2017,85 bis unter 90 Jahre,f,927
09272,2017,5 bis unter 10 Jahre,f,1442
09272,2017,5 bis unter 10 Jahre,m,1514
09272,2017,50 bis unter 55 Jahre,f,3486
09272,2017,50 bis unter 55 Jahre,m,3462
09272,2017,70 bis unter 75 Jahre,f,1676
09272,2017,70 bis unter 75 Jahre,m,1630
09272,2017,45 bis unter 50 Jahre,f,2857
09272,2017,45 bis unter 50 Jahre,m,2925
09272,2017,65 bis unter 70 Jahre,f,2403
09272,2017,65 bis unter 70 Jahre,m,2612
09272,2017,25 bis unter 30 Jahre,m,2386
09272,2017,25 bis unter 30 Jahre,f,2146
09272,2017,80 bis unter 85 Jahre,m,1026
09272,2017,80 bis unter 85 Jahre,f,1562
08236,2017,80 bis unter 85 Jahre,m,2845
08236,2017,80 bis unter 85 Jahre,f,3931
08236,2017,25 bis unter 30 Jahre,f,5186
08236,2017,25 bis unter 30 Jahre,m,5932
08236,2017,60 bis unter 65 Jahre,m,6393
08236,2017,60 bis unter 65 Jahre,f,6549
08236,2017,5 bis unter 10 Jahre,f,4383
08236,2017,5 bis unter 10 Jahre,m,4631
08236,2017,40 bis unter 45 Jahre,m,5644
08236,2017,40 bis unter 45 Jahre,f,5658
08236,2017,10 bis unter 15 Jahre,f,4631
08236,2017,10 bis unter 15 Jahre,m,4883
08236,2017,75 bis unter 80 Jahre,m,4512
08236,2017,75 bis unter 80 Jahre,f,5341
08236,2017,45 bis unter 50 Jahre,f,7418
08236,2017,45 bis unter 50 Jahre,m,7422
08236,2017,85 bis unter 90 Jahre,f,2318
08236,2017,85 bis unter 90 Jahre,m,1342
08236,2017,70 bis unter 75 Jahre,f,4495
08236,2017,70 bis unter 75 Jahre,m,3990
08236,2017,unter 5 Jahre,m,4669
08236,2017,unter 5 Jahre,f,4407
08236,2017,55 bis unter 60 Jahre,m,8111
08236,2017,55 bis unter 60 Jahre,f,8054
08236,2017,35 bis unter 40 Jahre,m,5927
08236,2017,35 bis unter 40 Jahre,f,5874
08236,2017,95 Jahre und mehr,m,61
08236,2017,95 Jahre und mehr,f,270
08236,2017,65 bis unter 70 Jahre,f,5696
08236,2017,65 bis unter 70 Jahre,m,5277
08236,2017,90 bis unter 95 Jahre,f,1002
08236,2017,90 bis unter 95 Jahre,m,409
08236,2017,20 bis unter 25 Jahre,f,4924
08236,2017,20 bis unter 25 Jahre,m,5765
08236,2017,50 bis unter 55 Jahre,m,8989
08236,2017,50 bis unter 55 Jahre,f,9025
08236,2017,15 bis unter 20 Jahre,m,5893
08236,2017,15 bis unter 20 Jahre,f,5320
08236,2017,30 bis unter 35 Jahre,f,5513
08236,2017,30 bis unter 35 Jahre,m,5679
08416,2017,25 bis unter 30 Jahre,f,9489
08416,2017,25 bis unter 30 Jahre,m,9529
08416,2017,10 bis unter 15 Jahre,f,5025
08416,2017,10 bis unter 15 Jahre,m,5351
08416,2017,5 bis unter 10 Jahre,f,4979
08416,2017,5 bis unter 10 Jahre,m,5086
08416,2017,85 bis unter 90 Jahre,f,2135
08416,2017,85 bis unter 90 Jahre,m,1172
08416,2017,30 bis unter 35 Jahre,f,7665
08416,2017,30 bis unter 35 Jahre,m,8012
08416,2017,60 bis unter 65 Jahre,m,6559
08416,2017,60 bis unter 65 Jahre,f,6955
08416,2017,95 Jahre und mehr,f,312
08416,2017,95 Jahre und mehr,m,71
08416,2017,75 bis unter 80 Jahre,m,3895
08416,2017,75 bis unter 80 Jahre,f,4833
08416,2017,45 bis unter 50 Jahre,f,7567
08416,2017,45 bis unter 50 Jahre,m,7425
08416,2017,70 bis unter 75 Jahre,f,4043
08416,2017,70 bis unter 75 Jahre,m,3704
08416,2017,unter 5 Jahre,m,5630
08416,2017,unter 5 Jahre,f,5432
08416,2017,90 bis unter 95 Jahre,f,996
08416,2017,90 bis unter 95 Jahre,m,416
08416,2017,65 bis unter 70 Jahre,m,5110
08416,2017,65 bis unter 70 Jahre,f,5514
08416,2017,55 bis unter 60 Jahre,m,8103
08416,2017,55 bis unter 60 Jahre,f,8139
08416,2017,35 bis unter 40 Jahre,m,6989
08416,2017,35 bis unter 40 Jahre,f,6880
08416,2017,80 bis unter 85 Jahre,f,3573
08416,2017,80 bis unter 85 Jahre,m,2551
08416,2017,15 bis unter 20 Jahre,f,6313
08416,2017,15 bis unter 20 Jahre,m,6287
08416,2017,20 bis unter 25 Jahre,f,10652
08416,2017,20 bis unter 25 Jahre,m,9199
08416,2017,50 bis unter 55 Jahre,m,8763
08416,2017,50 bis unter 55 Jahre,f,8948
08416,2017,40 bis unter 45 Jahre,m,6190
08416,2017,40 bis unter 45 Jahre,f,6263
07133,2017,45 bis unter 50 Jahre,f,5707
07133,2017,45 bis unter 50 Jahre,m,5602
07133,2017,30 bis unter 35 Jahre,f,4321
07133,2017,30 bis unter 35 Jahre,m,4363
07133,2017,25 bis unter 30 Jahre,f,4213
07133,2017,25 bis unter 30 Jahre,m,4526
07133,2017,10 bis unter 15 Jahre,f,3374
07133,2017,10 bis unter 15 Jahre,m,3620
07133,2017,5 bis unter 10 Jahre,f,3322
07133,2017,5 bis unter 10 Jahre,m,3578
07133,2017,80 bis unter 85 Jahre,m,2369
07133,2017,80 bis unter 85 Jahre,f,3309
07133,2017,50 bis unter 55 Jahre,f,6940
07133,2017,50 bis unter 55 Jahre,m,6872
07133,2017,65 bis unter 70 Jahre,f,5377
07133,2017,65 bis unter 70 Jahre,m,5068
07133,2017,90 bis unter 95 Jahre,f,960
07133,2017,90 bis unter 95 Jahre,m,360
07133,2017,60 bis unter 65 Jahre,m,5493
07133,2017,60 bis unter 65 Jahre,f,5871
07133,2017,95 Jahre und mehr,m,68
07133,2017,95 Jahre und mehr,f,255
07133,2017,40 bis unter 45 Jahre,m,4082
07133,2017,40 bis unter 45 Jahre,f,4477
07133,2017,35 bis unter 40 Jahre,m,4328
07133,2017,35 bis unter 40 Jahre,f,4403
07133,2017,70 bis unter 75 Jahre,f,3745
07133,2017,70 bis unter 75 Jahre,m,3307
07133,2017,15 bis unter 20 Jahre,m,4161
07133,2017,15 bis unter 20 Jahre,f,3880
07133,2017,55 bis unter 60 Jahre,f,6768
07133,2017,55 bis unter 60 Jahre,m,6516
07133,2017,unter 5 Jahre,f,3476
07133,2017,unter 5 Jahre,m,3545
07133,2017,75 bis unter 80 Jahre,f,4556
07133,2017,75 bis unter 80 Jahre,m,3803
07133,2017,85 bis unter 90 Jahre,m,1094
07133,2017,85 bis unter 90 Jahre,f,1962
07133,2017,20 bis unter 25 Jahre,m,4139
07133,2017,20 bis unter 25 Jahre,f,3739
05974,2017,40 bis unter 45 Jahre,f,8573
05974,2017,40 bis unter 45 Jahre,m,8616
05974,2017,20 bis unter 25 Jahre,f,7546
05974,2017,20 bis unter 25 Jahre,m,9280
05974,2017,95 Jahre und mehr,f,422
05974,2017,95 Jahre und mehr,m,76
05974,2017,unter 5 Jahre,f,6624
05974,2017,unter 5 Jahre,m,7096
05974,2017,15 bis unter 20 Jahre,f,7789
05974,2017,15 bis unter 20 Jahre,m,8930
05974,2017,55 bis unter 60 Jahre,f,12287
05974,2017,55 bis unter 60 Jahre,m,12243
05974,2017,35 bis unter 40 Jahre,m,8814
05974,2017,35 bis unter 40 Jahre,f,8714
05974,2017,80 bis unter 85 Jahre,f,6305
05974,2017,80 bis unter 85 Jahre,m,4344
05974,2017,60 bis unter 65 Jahre,m,10056
05974,2017,60 bis unter 65 Jahre,f,10288
05974,2017,50 bis unter 55 Jahre,m,13547
05974,2017,50 bis unter 55 Jahre,f,13269
05974,2017,30 bis unter 35 Jahre,m,8807
05974,2017,30 bis unter 35 Jahre,f,8222
05974,2017,25 bis unter 30 Jahre,f,7894
05974,2017,25 bis unter 30 Jahre,m,9136
05974,2017,85 bis unter 90 Jahre,f,3535
05974,2017,85 bis unter 90 Jahre,m,1894
05974,2017,5 bis unter 10 Jahre,m,6962
05974,2017,5 bis unter 10 Jahre,f,6462
05974,2017,70 bis unter 75 Jahre,f,6556
05974,2017,70 bis unter 75 Jahre,m,5749
05974,2017,45 bis unter 50 Jahre,f,11376
05974,2017,45 bis unter 50 Jahre,m,11234
05974,2017,65 bis unter 70 Jahre,f,8791
05974,2017,65 bis unter 70 Jahre,m,8260
05974,2017,10 bis unter 15 Jahre,m,7626
05974,2017,10 bis unter 15 Jahre,f,7022
05974,2017,90 bis unter 95 Jahre,f,1790
05974,2017,90 bis unter 95 Jahre,m,576
05974,2017,75 bis unter 80 Jahre,m,6631
05974,2017,75 bis unter 80 Jahre,f,8351
09762,2017,90 bis unter 95 Jahre,m,135
09762,2017,90 bis unter 95 Jahre,f,342
09762,2017,unter 5 Jahre,f,1004
09762,2017,unter 5 Jahre,m,1049
09762,2017,30 bis unter 35 Jahre,m,1481
09762,2017,30 bis unter 35 Jahre,f,1280
09762,2017,55 bis unter 60 Jahre,f,1687
09762,2017,55 bis unter 60 Jahre,m,1671
09762,2017,85 bis unter 90 Jahre,m,345
09762,2017,85 bis unter 90 Jahre,f,609
09762,2017,45 bis unter 50 Jahre,m,1433
09762,2017,45 bis unter 50 Jahre,f,1465
09762,2017,15 bis unter 20 Jahre,f,1076
09762,2017,15 bis unter 20 Jahre,m,1169
09762,2017,40 bis unter 45 Jahre,f,1170
09762,2017,40 bis unter 45 Jahre,m,1284
09762,2017,70 bis unter 75 Jahre,m,920
09762,2017,70 bis unter 75 Jahre,f,1049
09762,2017,75 bis unter 80 Jahre,f,1320
09762,2017,75 bis unter 80 Jahre,m,1049
09762,2017,65 bis unter 70 Jahre,m,1194
09762,2017,65 bis unter 70 Jahre,f,1332
09762,2017,10 bis unter 15 Jahre,f,959
09762,2017,10 bis unter 15 Jahre,m,1003
09762,2017,20 bis unter 25 Jahre,f,1117
09762,2017,20 bis unter 25 Jahre,m,1312
09762,2017,80 bis unter 85 Jahre,m,626
09762,2017,80 bis unter 85 Jahre,f,920
09762,2017,60 bis unter 65 Jahre,m,1330
09762,2017,60 bis unter 65 Jahre,f,1464
09762,2017,5 bis unter 10 Jahre,f,918
09762,2017,5 bis unter 10 Jahre,m,904
09762,2017,25 bis unter 30 Jahre,f,1285
09762,2017,25 bis unter 30 Jahre,m,1410
09762,2017,95 Jahre und mehr,f,105
09762,2017,95 Jahre und mehr,m,28
09762,2017,50 bis unter 55 Jahre,f,1762
09762,2017,50 bis unter 55 Jahre,m,1711
09762,2017,35 bis unter 40 Jahre,m,1330
09762,2017,35 bis unter 40 Jahre,f,1230
06532,2017,80 bis unter 85 Jahre,m,3727
06532,2017,80 bis unter 85 Jahre,f,5369
06532,2017,5 bis unter 10 Jahre,f,5364
06532,2017,5 bis unter 10 Jahre,m,5777
06532,2017,60 bis unter 65 Jahre,m,8401
06532,2017,60 bis unter 65 Jahre,f,8633
06532,2017,40 bis unter 45 Jahre,m,6971
06532,2017,40 bis unter 45 Jahre,f,7394
06532,2017,20 bis unter 25 Jahre,m,7550
06532,2017,20 bis unter 25 Jahre,f,6651
06532,2017,25 bis unter 30 Jahre,f,7041
06532,2017,25 bis unter 30 Jahre,m,7878
06532,2017,55 bis unter 60 Jahre,m,10218
06532,2017,55 bis unter 60 Jahre,f,10225
06532,2017,95 Jahre und mehr,m,103
06532,2017,95 Jahre und mehr,f,382
06532,2017,65 bis unter 70 Jahre,f,7924
06532,2017,65 bis unter 70 Jahre,m,7329
06532,2017,30 bis unter 35 Jahre,f,7012
06532,2017,30 bis unter 35 Jahre,m,7403
06532,2017,10 bis unter 15 Jahre,f,5616
06532,2017,10 bis unter 15 Jahre,m,6092
06532,2017,75 bis unter 80 Jahre,f,7232
06532,2017,75 bis unter 80 Jahre,m,5814
06532,2017,unter 5 Jahre,m,5835
06532,2017,unter 5 Jahre,f,5560
06532,2017,85 bis unter 90 Jahre,f,3068
06532,2017,85 bis unter 90 Jahre,m,1631
06532,2017,90 bis unter 95 Jahre,m,555
06532,2017,90 bis unter 95 Jahre,f,1439
06532,2017,70 bis unter 75 Jahre,m,5237
06532,2017,70 bis unter 75 Jahre,f,5806
06532,2017,45 bis unter 50 Jahre,m,9278
06532,2017,45 bis unter 50 Jahre,f,9330
06532,2017,15 bis unter 20 Jahre,f,6450
06532,2017,15 bis unter 20 Jahre,m,7031
06532,2017,50 bis unter 55 Jahre,f,11057
06532,2017,50 bis unter 55 Jahre,m,11090
06532,2017,35 bis unter 40 Jahre,m,7412
06532,2017,35 bis unter 40 Jahre,f,7279
07311,2017,5 bis unter 10 Jahre,f,1035
07311,2017,5 bis unter 10 Jahre,m,1122
07311,2017,80 bis unter 85 Jahre,m,800
07311,2017,80 bis unter 85 Jahre,f,1144
07311,2017,25 bis unter 30 Jahre,f,1547
07311,2017,25 bis unter 30 Jahre,m,1573
07311,2017,45 bis unter 50 Jahre,f,1680
07311,2017,45 bis unter 50 Jahre,m,1638
07311,2017,65 bis unter 70 Jahre,f,1488
07311,2017,65 bis unter 70 Jahre,m,1239
07311,2017,60 bis unter 65 Jahre,m,1454
07311,2017,60 bis unter 65 Jahre,f,1589
07311,2017,30 bis unter 35 Jahre,f,1508
07311,2017,30 bis unter 35 Jahre,m,1460
07311,2017,20 bis unter 25 Jahre,m,1355
07311,2017,20 bis unter 25 Jahre,f,1308
07311,2017,35 bis unter 40 Jahre,m,1512
07311,2017,35 bis unter 40 Jahre,f,1537
07311,2017,70 bis unter 75 Jahre,f,1227
07311,2017,70 bis unter 75 Jahre,m,919
07311,2017,50 bis unter 55 Jahre,f,1890
07311,2017,50 bis unter 55 Jahre,m,1871
07311,2017,40 bis unter 45 Jahre,m,1355
07311,2017,40 bis unter 45 Jahre,f,1286
07311,2017,15 bis unter 20 Jahre,m,1238
07311,2017,15 bis unter 20 Jahre,f,1105
07311,2017,unter 5 Jahre,f,1168
07311,2017,unter 5 Jahre,m,1271
07311,2017,95 Jahre und mehr,m,19
07311,2017,95 Jahre und mehr,f,110
07311,2017,55 bis unter 60 Jahre,f,1866
07311,2017,55 bis unter 60 Jahre,m,1810
07311,2017,85 bis unter 90 Jahre,m,364
07311,2017,85 bis unter 90 Jahre,f,672
07311,2017,90 bis unter 95 Jahre,f,312
07311,2017,90 bis unter 95 Jahre,m,138
07311,2017,75 bis unter 80 Jahre,m,1139
07311,2017,75 bis unter 80 Jahre,f,1499
07311,2017,10 bis unter 15 Jahre,m,1105
07311,2017,10 bis unter 15 Jahre,f,1064
09780,2017,60 bis unter 65 Jahre,m,4838
09780,2017,60 bis unter 65 Jahre,f,5085
09780,2017,95 Jahre und mehr,f,237
09780,2017,95 Jahre und mehr,m,47
09780,2017,20 bis unter 25 Jahre,m,4502
09780,2017,20 bis unter 25 Jahre,f,3781
09780,2017,40 bis unter 45 Jahre,m,4301
09780,2017,40 bis unter 45 Jahre,f,4534
09780,2017,55 bis unter 60 Jahre,m,6100
09780,2017,55 bis unter 60 Jahre,f,6336
09780,2017,25 bis unter 30 Jahre,f,4202
09780,2017,25 bis unter 30 Jahre,m,4546
09780,2017,80 bis unter 85 Jahre,m,2313
09780,2017,80 bis unter 85 Jahre,f,2945
09780,2017,65 bis unter 70 Jahre,f,4762
09780,2017,65 bis unter 70 Jahre,m,4330
09780,2017,35 bis unter 40 Jahre,f,4506
09780,2017,35 bis unter 40 Jahre,m,4446
09780,2017,15 bis unter 20 Jahre,m,4226
09780,2017,15 bis unter 20 Jahre,f,3908
09780,2017,45 bis unter 50 Jahre,f,5844
09780,2017,45 bis unter 50 Jahre,m,5639
09780,2017,70 bis unter 75 Jahre,f,4004
09780,2017,70 bis unter 75 Jahre,m,3671
09780,2017,50 bis unter 55 Jahre,m,6910
09780,2017,50 bis unter 55 Jahre,f,6754
09780,2017,85 bis unter 90 Jahre,m,1028
09780,2017,85 bis unter 90 Jahre,f,1755
09780,2017,90 bis unter 95 Jahre,m,329
09780,2017,90 bis unter 95 Jahre,f,883
09780,2017,5 bis unter 10 Jahre,m,3312
09780,2017,5 bis unter 10 Jahre,f,3144
09780,2017,unter 5 Jahre,f,3450
09780,2017,unter 5 Jahre,m,3684
09780,2017,30 bis unter 35 Jahre,m,4513
09780,2017,30 bis unter 35 Jahre,f,4282
09780,2017,75 bis unter 80 Jahre,f,4575
09780,2017,75 bis unter 80 Jahre,m,3968
09780,2017,10 bis unter 15 Jahre,f,3349
09780,2017,10 bis unter 15 Jahre,m,3529
06437,2017,35 bis unter 40 Jahre,f,2646
06437,2017,35 bis unter 40 Jahre,m,2542
06437,2017,unter 5 Jahre,f,1881
06437,2017,unter 5 Jahre,m,2096
06437,2017,15 bis unter 20 Jahre,f,2434
06437,2017,15 bis unter 20 Jahre,m,2550
06437,2017,95 Jahre und mehr,f,184
06437,2017,95 Jahre und mehr,m,43
06437,2017,85 bis unter 90 Jahre,m,738
06437,2017,85 bis unter 90 Jahre,f,1228
06437,2017,55 bis unter 60 Jahre,f,4024
06437,2017,55 bis unter 60 Jahre,m,4070
06437,2017,40 bis unter 45 Jahre,f,2743
06437,2017,40 bis unter 45 Jahre,m,2707
06437,2017,70 bis unter 75 Jahre,m,2160
06437,2017,70 bis unter 75 Jahre,f,2282
06437,2017,25 bis unter 30 Jahre,m,2836
06437,2017,25 bis unter 30 Jahre,f,2502
06437,2017,60 bis unter 65 Jahre,f,3535
06437,2017,60 bis unter 65 Jahre,m,3526
06437,2017,50 bis unter 55 Jahre,f,4189
06437,2017,50 bis unter 55 Jahre,m,4213
06437,2017,5 bis unter 10 Jahre,m,1993
06437,2017,5 bis unter 10 Jahre,f,1997
06437,2017,30 bis unter 35 Jahre,m,2695
06437,2017,30 bis unter 35 Jahre,f,2521
06437,2017,80 bis unter 85 Jahre,m,1444
06437,2017,80 bis unter 85 Jahre,f,2026
06437,2017,45 bis unter 50 Jahre,f,3552
06437,2017,45 bis unter 50 Jahre,m,3414
06437,2017,75 bis unter 80 Jahre,m,2351
06437,2017,75 bis unter 80 Jahre,f,2755
06437,2017,20 bis unter 25 Jahre,m,2762
06437,2017,20 bis unter 25 Jahre,f,2306
06437,2017,10 bis unter 15 Jahre,m,2203
06437,2017,10 bis unter 15 Jahre,f,2124
06437,2017,65 bis unter 70 Jahre,m,3174
06437,2017,65 bis unter 70 Jahre,f,3328
06437,2017,90 bis unter 95 Jahre,f,583
06437,2017,90 bis unter 95 Jahre,m,240
08115,2017,90 bis unter 95 Jahre,m,770
08115,2017,90 bis unter 95 Jahre,f,1730
08115,2017,75 bis unter 80 Jahre,f,10445
08115,2017,75 bis unter 80 Jahre,m,8883
08115,2017,65 bis unter 70 Jahre,m,9134
08115,2017,65 bis unter 70 Jahre,f,10224
08115,2017,35 bis unter 40 Jahre,f,12930
08115,2017,35 bis unter 40 Jahre,m,12978
08115,2017,50 bis unter 55 Jahre,m,16375
08115,2017,50 bis unter 55 Jahre,f,15961
08115,2017,20 bis unter 25 Jahre,f,9833
08115,2017,20 bis unter 25 Jahre,m,11228
08115,2017,10 bis unter 15 Jahre,m,9781
08115,2017,10 bis unter 15 Jahre,f,9016
08115,2017,60 bis unter 65 Jahre,f,11700
08115,2017,60 bis unter 65 Jahre,m,11261
08115,2017,15 bis unter 20 Jahre,m,10759
08115,2017,15 bis unter 20 Jahre,f,9818
08115,2017,40 bis unter 45 Jahre,m,12187
08115,2017,40 bis unter 45 Jahre,f,12102
08115,2017,85 bis unter 90 Jahre,m,2445
08115,2017,85 bis unter 90 Jahre,f,3939
08115,2017,5 bis unter 10 Jahre,m,9539
08115,2017,5 bis unter 10 Jahre,f,9066
08115,2017,30 bis unter 35 Jahre,m,13046
08115,2017,30 bis unter 35 Jahre,f,12397
08115,2017,95 Jahre und mehr,f,427
08115,2017,95 Jahre und mehr,m,136
08115,2017,25 bis unter 30 Jahre,f,12092
08115,2017,25 bis unter 30 Jahre,m,12940
08115,2017,45 bis unter 50 Jahre,f,14114
08115,2017,45 bis unter 50 Jahre,m,14619
08115,2017,unter 5 Jahre,m,10256
08115,2017,unter 5 Jahre,f,9909
08115,2017,80 bis unter 85 Jahre,f,7110
08115,2017,80 bis unter 85 Jahre,m,5445
08115,2017,70 bis unter 75 Jahre,f,8797
08115,2017,70 bis unter 75 Jahre,m,7610
08115,2017,55 bis unter 60 Jahre,m,14398
08115,2017,55 bis unter 60 Jahre,f,14148
09276,2017,5 bis unter 10 Jahre,f,1407
09276,2017,5 bis unter 10 Jahre,m,1637
09276,2017,20 bis unter 25 Jahre,m,2316
09276,2017,20 bis unter 25 Jahre,f,1994
09276,2017,30 bis unter 35 Jahre,f,2132
09276,2017,30 bis unter 35 Jahre,m,2347
09276,2017,60 bis unter 65 Jahre,m,2802
09276,2017,60 bis unter 65 Jahre,f,2861
09276,2017,75 bis unter 80 Jahre,m,1665
09276,2017,75 bis unter 80 Jahre,f,2146
09276,2017,45 bis unter 50 Jahre,f,2809
09276,2017,45 bis unter 50 Jahre,m,2808
09276,2017,15 bis unter 20 Jahre,m,2121
09276,2017,15 bis unter 20 Jahre,f,1891
09276,2017,70 bis unter 75 Jahre,f,1685
09276,2017,70 bis unter 75 Jahre,m,1707
09276,2017,25 bis unter 30 Jahre,m,2576
09276,2017,25 bis unter 30 Jahre,f,2080
09276,2017,40 bis unter 45 Jahre,f,2172
09276,2017,40 bis unter 45 Jahre,m,2221
09276,2017,50 bis unter 55 Jahre,f,3277
09276,2017,50 bis unter 55 Jahre,m,3330
09276,2017,90 bis unter 95 Jahre,m,110
09276,2017,90 bis unter 95 Jahre,f,374
09276,2017,85 bis unter 90 Jahre,m,491
09276,2017,85 bis unter 90 Jahre,f,946
09276,2017,35 bis unter 40 Jahre,f,2122
09276,2017,35 bis unter 40 Jahre,m,2213
09276,2017,65 bis unter 70 Jahre,m,2566
09276,2017,65 bis unter 70 Jahre,f,2584
09276,2017,95 Jahre und mehr,f,97
09276,2017,95 Jahre und mehr,m,24
09276,2017,10 bis unter 15 Jahre,m,1727
09276,2017,10 bis unter 15 Jahre,f,1635
09276,2017,80 bis unter 85 Jahre,f,1683
09276,2017,80 bis unter 85 Jahre,m,969
09276,2017,unter 5 Jahre,m,1708
09276,2017,unter 5 Jahre,f,1594
09276,2017,55 bis unter 60 Jahre,f,3321
09276,2017,55 bis unter 60 Jahre,m,3341
09174,2017,15 bis unter 20 Jahre,f,3679
09174,2017,15 bis unter 20 Jahre,m,4176
09174,2017,unter 5 Jahre,f,3703
09174,2017,unter 5 Jahre,m,3959
09174,2017,95 Jahre und mehr,m,44
09174,2017,95 Jahre und mehr,f,222
09174,2017,55 bis unter 60 Jahre,f,5573
09174,2017,55 bis unter 60 Jahre,m,5783
09174,2017,85 bis unter 90 Jahre,m,791
09174,2017,85 bis unter 90 Jahre,f,1377
09174,2017,40 bis unter 45 Jahre,f,4997
09174,2017,40 bis unter 45 Jahre,m,5028
09174,2017,70 bis unter 75 Jahre,m,2969
09174,2017,70 bis unter 75 Jahre,f,3229
09174,2017,10 bis unter 15 Jahre,m,3754
09174,2017,10 bis unter 15 Jahre,f,3580
09174,2017,45 bis unter 50 Jahre,m,6069
09174,2017,45 bis unter 50 Jahre,f,5842
09174,2017,90 bis unter 95 Jahre,f,657
09174,2017,90 bis unter 95 Jahre,m,250
09174,2017,65 bis unter 70 Jahre,f,3941
09174,2017,65 bis unter 70 Jahre,m,3512
09174,2017,20 bis unter 25 Jahre,f,4137
09174,2017,20 bis unter 25 Jahre,m,4733
09174,2017,75 bis unter 80 Jahre,f,3584
09174,2017,75 bis unter 80 Jahre,m,3162
09174,2017,80 bis unter 85 Jahre,m,1785
09174,2017,80 bis unter 85 Jahre,f,2394
09174,2017,30 bis unter 35 Jahre,f,4895
09174,2017,30 bis unter 35 Jahre,m,5038
09174,2017,60 bis unter 65 Jahre,m,4371
09174,2017,60 bis unter 65 Jahre,f,4337
09174,2017,35 bis unter 40 Jahre,m,5495
09174,2017,35 bis unter 40 Jahre,f,5382
09174,2017,5 bis unter 10 Jahre,f,3588
09174,2017,5 bis unter 10 Jahre,m,3711
09174,2017,50 bis unter 55 Jahre,f,6655
09174,2017,50 bis unter 55 Jahre,m,6796
09174,2017,25 bis unter 30 Jahre,m,5005
09174,2017,25 bis unter 30 Jahre,f,4500
02000,2017,15 bis unter 20 Jahre,f,39024
02000,2017,15 bis unter 20 Jahre,m,42459
02000,2017,unter 5 Jahre,f,47613
02000,2017,unter 5 Jahre,m,49746
02000,2017,20 bis unter 25 Jahre,f,55249
02000,2017,20 bis unter 25 Jahre,m,56659
02000,2017,50 bis unter 55 Jahre,m,72389
02000,2017,50 bis unter 55 Jahre,f,70296
02000,2017,65 bis unter 70 Jahre,m,38665
02000,2017,65 bis unter 70 Jahre,f,44215
02000,2017,35 bis unter 40 Jahre,f,70017
02000,2017,35 bis unter 40 Jahre,m,69900
02000,2017,75 bis unter 80 Jahre,f,45161
02000,2017,75 bis unter 80 Jahre,m,35619
02000,2017,60 bis unter 65 Jahre,f,47394
02000,2017,60 bis unter 65 Jahre,m,44210
02000,2017,90 bis unter 95 Jahre,m,3349
02000,2017,90 bis unter 95 Jahre,f,9364
02000,2017,80 bis unter 85 Jahre,f,32439
02000,2017,80 bis unter 85 Jahre,m,22198
02000,2017,45 bis unter 50 Jahre,m,67175
02000,2017,45 bis unter 50 Jahre,f,64554
02000,2017,55 bis unter 60 Jahre,m,58210
02000,2017,55 bis unter 60 Jahre,f,58707
02000,2017,70 bis unter 75 Jahre,f,39743
02000,2017,70 bis unter 75 Jahre,m,34273
02000,2017,25 bis unter 30 Jahre,m,73374
02000,2017,25 bis unter 30 Jahre,f,75975
02000,2017,40 bis unter 45 Jahre,m,61241
02000,2017,40 bis unter 45 Jahre,f,59989
02000,2017,95 Jahre und mehr,f,2976
02000,2017,95 Jahre und mehr,m,784
02000,2017,10 bis unter 15 Jahre,f,37189
02000,2017,10 bis unter 15 Jahre,m,40123
02000,2017,5 bis unter 10 Jahre,m,42096
02000,2017,5 bis unter 10 Jahre,f,39675
02000,2017,85 bis unter 90 Jahre,f,18036
02000,2017,85 bis unter 90 Jahre,m,9498
02000,2017,30 bis unter 35 Jahre,m,75239
02000,2017,30 bis unter 35 Jahre,f,75761
09673,2017,90 bis unter 95 Jahre,m,164
09673,2017,90 bis unter 95 Jahre,f,480
09673,2017,55 bis unter 60 Jahre,f,3391
09673,2017,55 bis unter 60 Jahre,m,3570
09673,2017,85 bis unter 90 Jahre,m,542
09673,2017,85 bis unter 90 Jahre,f,973
09673,2017,40 bis unter 45 Jahre,f,2128
09673,2017,40 bis unter 45 Jahre,m,2115
09673,2017,70 bis unter 75 Jahre,m,1531
09673,2017,70 bis unter 75 Jahre,f,1557
09673,2017,unter 5 Jahre,f,1717
09673,2017,unter 5 Jahre,m,1803
09673,2017,15 bis unter 20 Jahre,f,1976
09673,2017,15 bis unter 20 Jahre,m,2258
09673,2017,30 bis unter 35 Jahre,m,2296
09673,2017,30 bis unter 35 Jahre,f,2197
09673,2017,10 bis unter 15 Jahre,m,1875
09673,2017,10 bis unter 15 Jahre,f,1894
09673,2017,20 bis unter 25 Jahre,m,2342
09673,2017,20 bis unter 25 Jahre,f,2004
09673,2017,75 bis unter 80 Jahre,f,2192
09673,2017,75 bis unter 80 Jahre,m,1806
09673,2017,65 bis unter 70 Jahre,m,2501
09673,2017,65 bis unter 70 Jahre,f,2482
09673,2017,95 Jahre und mehr,m,38
09673,2017,95 Jahre und mehr,f,123
09673,2017,25 bis unter 30 Jahre,f,2139
09673,2017,25 bis unter 30 Jahre,m,2308
09673,2017,5 bis unter 10 Jahre,f,1642
09673,2017,5 bis unter 10 Jahre,m,1719
09673,2017,80 bis unter 85 Jahre,m,1245
09673,2017,80 bis unter 85 Jahre,f,1659
09673,2017,50 bis unter 55 Jahre,f,3522
09673,2017,50 bis unter 55 Jahre,m,3500
09673,2017,35 bis unter 40 Jahre,m,2198
09673,2017,35 bis unter 40 Jahre,f,2210
09673,2017,45 bis unter 50 Jahre,m,2877
09673,2017,45 bis unter 50 Jahre,f,2909
09673,2017,60 bis unter 65 Jahre,f,2899
09673,2017,60 bis unter 65 Jahre,m,3014
09564,2017,80 bis unter 85 Jahre,m,6629
09564,2017,80 bis unter 85 Jahre,f,10248
09564,2017,45 bis unter 50 Jahre,f,17841
09564,2017,45 bis unter 50 Jahre,m,18235
09564,2017,75 bis unter 80 Jahre,m,10494
09564,2017,75 bis unter 80 Jahre,f,14112
09564,2017,60 bis unter 65 Jahre,m,13659
09564,2017,60 bis unter 65 Jahre,f,15142
09564,2017,30 bis unter 35 Jahre,f,19032
09564,2017,30 bis unter 35 Jahre,m,19981
09564,2017,35 bis unter 40 Jahre,m,18135
09564,2017,35 bis unter 40 Jahre,f,18147
09564,2017,5 bis unter 10 Jahre,f,10539
09564,2017,5 bis unter 10 Jahre,m,11237
09564,2017,20 bis unter 25 Jahre,m,16622
09564,2017,20 bis unter 25 Jahre,f,16527
09564,2017,15 bis unter 20 Jahre,m,11928
09564,2017,15 bis unter 20 Jahre,f,10972
09564,2017,50 bis unter 55 Jahre,f,19007
09564,2017,50 bis unter 55 Jahre,m,19689
09564,2017,25 bis unter 30 Jahre,m,21080
09564,2017,25 bis unter 30 Jahre,f,20904
09564,2017,70 bis unter 75 Jahre,f,12324
09564,2017,70 bis unter 75 Jahre,m,10344
09564,2017,40 bis unter 45 Jahre,m,15870
09564,2017,40 bis unter 45 Jahre,f,16101
09564,2017,95 Jahre und mehr,m,183
09564,2017,95 Jahre und mehr,f,755
09564,2017,unter 5 Jahre,f,12177
09564,2017,unter 5 Jahre,m,12960
09564,2017,85 bis unter 90 Jahre,m,3161
09564,2017,85 bis unter 90 Jahre,f,6041
09564,2017,55 bis unter 60 Jahre,f,17266
09564,2017,55 bis unter 60 Jahre,m,16810
09564,2017,90 bis unter 95 Jahre,f,2852
09564,2017,90 bis unter 95 Jahre,m,1036
09564,2017,10 bis unter 15 Jahre,m,10994
09564,2017,10 bis unter 15 Jahre,f,10425
09564,2017,65 bis unter 70 Jahre,f,14087
09564,2017,65 bis unter 70 Jahre,m,11655
05334002,2017,95 Jahre und mehr,m,80
05334002,2017,95 Jahre und mehr,f,392
05334002,2017,25 bis unter 30 Jahre,m,15966
05334002,2017,25 bis unter 30 Jahre,f,11103
05334002,2017,70 bis unter 75 Jahre,f,5100
05334002,2017,70 bis unter 75 Jahre,m,4224
05334002,2017,65 bis unter 70 Jahre,m,5285
05334002,2017,65 bis unter 70 Jahre,f,6122
05334002,2017,40 bis unter 45 Jahre,f,5903
05334002,2017,40 bis unter 45 Jahre,m,6014
05334002,2017,30 bis unter 35 Jahre,f,7905
05334002,2017,30 bis unter 35 Jahre,m,9938
05334002,2017,35 bis unter 40 Jahre,m,6973
05334002,2017,35 bis unter 40 Jahre,f,6564
05334002,2017,60 bis unter 65 Jahre,f,6724
05334002,2017,60 bis unter 65 Jahre,m,6374
05334002,2017,55 bis unter 60 Jahre,m,7861
05334002,2017,55 bis unter 60 Jahre,f,7622
05334002,2017,80 bis unter 85 Jahre,m,3105
05334002,2017,80 bis unter 85 Jahre,f,4537
05334002,2017,15 bis unter 20 Jahre,f,5802
05334002,2017,15 bis unter 20 Jahre,m,7447
05334002,2017,50 bis unter 55 Jahre,f,8353
05334002,2017,50 bis unter 55 Jahre,m,8688
05334002,2017,45 bis unter 50 Jahre,m,7209
05334002,2017,45 bis unter 50 Jahre,f,7074
05334002,2017,5 bis unter 10 Jahre,f,4381
05334002,2017,5 bis unter 10 Jahre,m,4554
05334002,2017,90 bis unter 95 Jahre,m,463
05334002,2017,90 bis unter 95 Jahre,f,1314
05334002,2017,unter 5 Jahre,m,5137
05334002,2017,unter 5 Jahre,f,4931
05334002,2017,75 bis unter 80 Jahre,m,4548
05334002,2017,75 bis unter 80 Jahre,f,5931
05334002,2017,20 bis unter 25 Jahre,f,11469
05334002,2017,20 bis unter 25 Jahre,m,18113
05334002,2017,10 bis unter 15 Jahre,m,4692
05334002,2017,10 bis unter 15 Jahre,f,4494
05334002,2017,85 bis unter 90 Jahre,f,2487
05334002,2017,85 bis unter 90 Jahre,m,1393
