ags,year,age_band,sex,count
10041,2023,70 bis unter 75 Jahre,m,9026
10041,2023,70 bis unter 75 Jahre,f,10432
10041,2023,50 bis unter 55 Jahre,m,10026
10041,2023,50 bis unter 55 Jahre,f,10170
10041,2023,30 bis unter 35 Jahre,m,12166
10041,2023,30 bis unter 35 Jahre,f,10957
10041,2023,45 bis unter 50 Jahre,m,8759
10041,2023,45 bis unter 50 Jahre,f,8873
10041,2023,15 bis unter 20 Jahre,f,7066
10041,2023,15 bis unter 20 Jahre,m,7762
10041,2023,90 bis unter 95 Jahre,f,2038
10041,2023,90 bis unter 95 Jahre,m,868
10041,2023,55 bis unter 60 Jahre,f,13244
10041,2023,55 bis unter 60 Jahre,m,12795
10041,2023,85 bis unter 90 Jahre,m,2942
10041,2023,85 bis unter 90 Jahre,f,5360
10041,2023,75 bis unter 80 Jahre,f,7051
10041,2023,75 bis unter 80 Jahre,m,5675
10041,2023,20 bis unter 25 Jahre,f,9068
10041,2023,20 bis unter 25 Jahre,m,9427
10041,2023,unter 5 Jahre,f,7016
10041,2023,unter 5 Jahre,m,7380
10041,2023,65 bis unter 70 Jahre,f,11609
10041,2023,65 bis unter 70 Jahre,m,10791
10041,2023,10 bis unter 15 Jahre,m,7311
10041,2023,10 bis unter 15 Jahre,f,6831
10041,2023,60 bis unter 65 Jahre,m,12743
10041,2023,60 bis unter 65 Jahre,f,13288
10041,2023,80 bis unter 85 Jahre,m,5046
10041,2023,80 bis unter 85 Jahre,f,7203
10041,2023,5 bis unter 10 Jahre,f,7194
10041,2023,5 bis unter 10 Jahre,m,7661
10041,2023,35 bis unter 40 Jahre,m,11222
10041,2023,35 bis unter 40 Jahre,f,10443
10041,2023,95 Jahre und mehr,f,610
10041,2023,95 Jahre und mehr,m,173
10041,2023,40 bis unter 45 Jahre,f,9795
10041,2023,40 bis unter 45 Jahre,m,10184
10041,2023,25 bis unter 30 Jahre,m,11681
10041,2023,25 bis unter 30 Jahre,f,10530
10042,2023,5 bis unter 10 Jahre,f,2224
10042,2023,5 bis unter 10 Jahre,m,2555
10042,2023,80 bis unter 85 Jahre,m,1572
10042,2023,80 bis unter 85 Jahre,f,2447
10042,2023,60 bis unter 65 Jahre,m,4783
10042,2023,60 bis unter 65 Jahre,f,4754
10042,2023,25 bis unter 30 Jahre,f,2764
10042,2023,25 bis unter 30 Jahre,m,3040
10042,2023,65 bis unter 70 Jahre,f,4180
10042,2023,65 bis unter 70 Jahre,m,3960
10042,2023,20 bis unter 25 Jahre,m,2671
10042,2023,20 bis unter 25 Jahre,f,2416
10042,2023,35 bis unter 40 Jahre,m,3489
10042,2023,35 bis unter 40 Jahre,f,3314
10042,2023,70 bis unter 75 Jahre,f,3484
10042,2023,70 bis unter 75 Jahre,m,3179
10042,2023,15 bis unter 20 Jahre,m,2769
10042,2023,15 bis unter 20 Jahre,f,2332
10042,2023,50 bis unter 55 Jahre,f,3778
10042,2023,50 bis unter 55 Jahre,m,3860
10042,2023,40 bis unter 45 Jahre,m,3455
10042,2023,40 bis unter 45 Jahre,f,3368
10042,2023,45 bis unter 50 Jahre,f,3181
10042,2023,45 bis unter 50 Jahre,m,3107
10042,2023,90 bis unter 95 Jahre,m,245
10042,2023,90 bis unter 95 Jahre,f,624
10042,2023,95 Jahre und mehr,f,219
10042,2023,95 Jahre und mehr,m,33
10042,2023,unter 5 Jahre,f,2088
10042,2023,unter 5 Jahre,m,2268
10042,2023,30 bis unter 35 Jahre,m,3487
10042,2023,30 bis unter 35 Jahre,f,3103
10042,2023,85 bis unter 90 Jahre,m,974
10042,2023,85 bis unter 90 Jahre,f,1760
10042,2023,55 bis unter 60 Jahre,f,4705
10042,2023,55 bis unter 60 Jahre,m,4791
10042,2023,10 bis unter 15 Jahre,m,2502
10042,2023,10 bis unter 15 Jahre,f,2212
10042,2023,75 bis unter 80 Jahre,f,1997
10042,2023,75 bis unter 80 Jahre,m,1646
10043,2023,35 bis unter 40 Jahre,f,4129
10043,2023,35 bis unter 40 Jahre,m,4390
10043,2023,55 bis unter 60 Jahre,f,5772
10043,2023,55 bis unter 60 Jahre,m,5670
10043,2023,75 bis unter 80 Jahre,f,2827
10043,2023,75 bis unter 80 Jahre,m,2442
10043,2023,70 bis unter 75 Jahre,m,3864
10043,2023,70 bis unter 75 Jahre,f,4363
10043,2023,40 bis unter 45 Jahre,f,3975
10043,2023,40 bis unter 45 Jahre,m,4117
10043,2023,95 Jahre und mehr,m,57
10043,2023,95 Jahre und mehr,f,226
10043,2023,15 bis unter 20 Jahre,f,2805
10043,2023,15 bis unter 20 Jahre,m,3135
10043,2023,unter 5 Jahre,f,2687
10043,2023,unter 5 Jahre,m,2868
10043,2023,30 bis unter 35 Jahre,m,4200
10043,2023,30 bis unter 35 Jahre,f,3919
10043,2023,20 bis unter 25 Jahre,m,3263
10043,2023,20 bis unter 25 Jahre,f,2891
10043,2023,10 bis unter 15 Jahre,m,2865
10043,2023,10 bis unter 15 Jahre,f,2682
10043,2023,65 bis unter 70 Jahre,m,4865
10043,2023,65 bis unter 70 Jahre,f,5160
10043,2023,85 bis unter 90 Jahre,m,1333
10043,2023,85 bis unter 90 Jahre,f,2346
10043,2023,90 bis unter 95 Jahre,m,312
10043,2023,90 bis unter 95 Jahre,f,792
10043,2023,25 bis unter 30 Jahre,f,3241
10043,2023,25 bis unter 30 Jahre,m,3695
10043,2023,45 bis unter 50 Jahre,f,3590
10043,2023,45 bis unter 50 Jahre,m,3530
10043,2023,5 bis unter 10 Jahre,f,2887
10043,2023,5 bis unter 10 Jahre,m,3084
10043,2023,50 bis unter 55 Jahre,f,4320
10043,2023,50 bis unter 55 Jahre,m,4215
10043,2023,80 bis unter 85 Jahre,m,2074
10043,2023,80 bis unter 85 Jahre,f,3180
10043,2023,60 bis unter 65 Jahre,m,5863
10043,2023,60 bis unter 65 Jahre,f,6033
10044,2023,30 bis unter 35 Jahre,f,6036
10044,2023,30 bis unter 35 Jahre,m,6554
10044,2023,65 bis unter 70 Jahre,f,7985
10044,2023,65 bis unter 70 Jahre,m,7432
10044,2023,10 bis unter 15 Jahre,f,4239
10044,2023,10 bis unter 15 Jahre,m,4404
10044,2023,85 bis unter 90 Jahre,f,3561
10044,2023,85 bis unter 90 Jahre,m,2031
10044,2023,90 bis unter 95 Jahre,f,1307
10044,2023,90 bis unter 95 Jahre,m,568
10044,2023,45 bis unter 50 Jahre,m,5532
10044,2023,45 bis unter 50 Jahre,f,5685
10044,2023,25 bis unter 30 Jahre,f,5135
10044,2023,25 bis unter 30 Jahre,m,5771
10044,2023,5 bis unter 10 Jahre,m,4667
10044,2023,5 bis unter 10 Jahre,f,4505
10044,2023,50 bis unter 55 Jahre,f,6713
10044,2023,50 bis unter 55 Jahre,m,6377
10044,2023,80 bis unter 85 Jahre,m,3171
10044,2023,80 bis unter 85 Jahre,f,4761
10044,2023,60 bis unter 65 Jahre,m,8929
10044,2023,60 bis unter 65 Jahre,f,9197
10044,2023,95 Jahre und mehr,m,104
10044,2023,95 Jahre und mehr,f,345
10044,2023,40 bis unter 45 Jahre,m,6376
10044,2023,40 bis unter 45 Jahre,f,6109
10044,2023,70 bis unter 75 Jahre,m,6338
10044,2023,70 bis unter 75 Jahre,f,6883
10044,2023,35 bis unter 40 Jahre,m,6775
10044,2023,35 bis unter 40 Jahre,f,6449
10044,2023,75 bis unter 80 Jahre,f,4274
10044,2023,75 bis unter 80 Jahre,m,3414
10044,2023,20 bis unter 25 Jahre,f,4272
10044,2023,20 bis unter 25 Jahre,m,5237
10044,2023,15 bis unter 20 Jahre,m,4851
10044,2023,15 bis unter 20 Jahre,f,4235
10044,2023,55 bis unter 60 Jahre,f,8840
10044,2023,55 bis unter 60 Jahre,m,8501
10044,2023,unter 5 Jahre,f,4180
10044,2023,unter 5 Jahre,m,4351
10045,2023,80 bis unter 85 Jahre,f,3507
10045,2023,80 bis unter 85 Jahre,m,2461
10045,2023,60 bis unter 65 Jahre,f,6376
10045,2023,60 bis unter 65 Jahre,m,6235
10045,2023,15 bis unter 20 Jahre,m,3160
10045,2023,15 bis unter 20 Jahre,f,2999
10045,2023,40 bis unter 45 Jahre,f,4261
10045,2023,40 bis unter 45 Jahre,m,4340
10045,2023,unter 5 Jahre,m,2947
10045,2023,unter 5 Jahre,f,2793
10045,2023,20 bis unter 25 Jahre,f,3331
10045,2023,20 bis unter 25 Jahre,m,3411
10045,2023,75 bis unter 80 Jahre,f,3133
10045,2023,75 bis unter 80 Jahre,m,2624
10045,2023,55 bis unter 60 Jahre,m,6083
10045,2023,55 bis unter 60 Jahre,f,6351
10045,2023,90 bis unter 95 Jahre,m,434
10045,2023,90 bis unter 95 Jahre,f,968
10045,2023,85 bis unter 90 Jahre,m,1566
10045,2023,85 bis unter 90 Jahre,f,2686
10045,2023,10 bis unter 15 Jahre,m,3130
10045,2023,10 bis unter 15 Jahre,f,2850
10045,2023,5 bis unter 10 Jahre,f,2990
10045,2023,5 bis unter 10 Jahre,m,3175
10045,2023,30 bis unter 35 Jahre,f,4154
10045,2023,30 bis unter 35 Jahre,m,4445
10045,2023,25 bis unter 30 Jahre,m,3855
10045,2023,25 bis unter 30 Jahre,f,3693
10045,2023,95 Jahre und mehr,m,93
10045,2023,95 Jahre und mehr,f,278
10045,2023,50 bis unter 55 Jahre,f,4686
10045,2023,50 bis unter 55 Jahre,m,4519
10045,2023,70 bis unter 75 Jahre,f,4934
10045,2023,70 bis unter 75 Jahre,m,4439
10045,2023,45 bis unter 50 Jahre,m,3860
10045,2023,45 bis unter 50 Jahre,f,3973
10045,2023,65 bis unter 70 Jahre,m,5268
10045,2023,65 bis unter 70 Jahre,f,5721
10045,2023,35 bis unter 40 Jahre,f,4352
10045,2023,35 bis unter 40 Jahre,m,4397
10046,2023,10 bis unter 15 Jahre,m,1854
10046,2023,10 bis unter 15 Jahre,f,1747
10046,2023,90 bis unter 95 Jahre,f,544
10046,2023,90 bis unter 95 Jahre,m,249
10046,2023,45 bis unter 50 Jahre,m,2375
10046,2023,45 bis unter 50 Jahre,f,2390
10046,2023,65 bis unter 70 Jahre,m,3504
10046,2023,65 bis unter 70 Jahre,f,3542
10046,2023,70 bis unter 75 Jahre,f,3002
10046,2023,70 bis unter 75 Jahre,m,2986
10046,2023,50 bis unter 55 Jahre,m,2930
10046,2023,50 bis unter 55 Jahre,f,2987
10046,2023,30 bis unter 35 Jahre,m,2584
10046,2023,30 bis unter 35 Jahre,f,2581
10046,2023,25 bis unter 30 Jahre,m,2182
10046,2023,25 bis unter 30 Jahre,f,2079
10046,2023,85 bis unter 90 Jahre,f,1495
10046,2023,85 bis unter 90 Jahre,m,912
10046,2023,5 bis unter 10 Jahre,m,1863
10046,2023,5 bis unter 10 Jahre,f,1817
10046,2023,35 bis unter 40 Jahre,f,2549
10046,2023,35 bis unter 40 Jahre,m,2624
10046,2023,95 Jahre und mehr,m,34
10046,2023,95 Jahre und mehr,f,135
10046,2023,unter 5 Jahre,f,1719
10046,2023,unter 5 Jahre,m,1756
10046,2023,60 bis unter 65 Jahre,m,4257
10046,2023,60 bis unter 65 Jahre,f,4112
10046,2023,55 bis unter 60 Jahre,f,3900
10046,2023,55 bis unter 60 Jahre,m,3852
10046,2023,80 bis unter 85 Jahre,f,2034
10046,2023,80 bis unter 85 Jahre,m,1527
10046,2023,20 bis unter 25 Jahre,m,1894
10046,2023,20 bis unter 25 Jahre,f,1688
10046,2023,75 bis unter 80 Jahre,m,1681
10046,2023,75 bis unter 80 Jahre,f,1811
10046,2023,40 bis unter 45 Jahre,m,2512
10046,2023,40 bis unter 45 Jahre,f,2627
10046,2023,15 bis unter 20 Jahre,m,1862
10046,2023,15 bis unter 20 Jahre,f,1859
11000,2023,95 Jahre und mehr,f,5375
11000,2023,95 Jahre und mehr,m,1381
11000,2023,35 bis unter 40 Jahre,f,152301
11000,2023,35 bis unter 40 Jahre,m,156936
11000,2023,15 bis unter 20 Jahre,f,77197
11000,2023,15 bis unter 20 Jahre,m,82786
11000,2023,20 bis unter 25 Jahre,f,99712
11000,2023,20 bis unter 25 Jahre,m,99041
11000,2023,unter 5 Jahre,f,84769
11000,2023,unter 5 Jahre,m,88930
11000,2023,40 bis unter 45 Jahre,f,133560
11000,2023,40 bis unter 45 Jahre,m,136462
11000,2023,70 bis unter 75 Jahre,m,71515
11000,2023,70 bis unter 75 Jahre,f,89241
11000,2023,55 bis unter 60 Jahre,f,127032
11000,2023,55 bis unter 60 Jahre,m,128523
11000,2023,80 bis unter 85 Jahre,f,78300
11000,2023,80 bis unter 85 Jahre,m,54403
11000,2023,85 bis unter 90 Jahre,m,28502
11000,2023,85 bis unter 90 Jahre,f,49511
11000,2023,25 bis unter 30 Jahre,m,134232
11000,2023,25 bis unter 30 Jahre,f,134481
11000,2023,50 bis unter 55 Jahre,m,111522
11000,2023,50 bis unter 55 Jahre,f,108972
11000,2023,30 bis unter 35 Jahre,m,154901
11000,2023,30 bis unter 35 Jahre,f,152566
11000,2023,5 bis unter 10 Jahre,m,89791
11000,2023,5 bis unter 10 Jahre,f,86269
11000,2023,60 bis unter 65 Jahre,f,119431
11000,2023,60 bis unter 65 Jahre,m,116937
11000,2023,45 bis unter 50 Jahre,f,109579
11000,2023,45 bis unter 50 Jahre,m,111965
11000,2023,65 bis unter 70 Jahre,f,93500
11000,2023,65 bis unter 70 Jahre,m,85234
11000,2023,10 bis unter 15 Jahre,m,83656
11000,2023,10 bis unter 15 Jahre,f,79879
11000,2023,90 bis unter 95 Jahre,f,16146
11000,2023,90 bis unter 95 Jahre,m,7018
11000,2023,75 bis unter 80 Jahre,m,52674
11000,2023,75 bis unter 80 Jahre,f,68151
12051,2023,60 bis unter 65 Jahre,m,3013
12051,2023,60 bis unter 65 Jahre,f,3125
12051,2023,40 bis unter 45 Jahre,m,2568
12051,2023,40 bis unter 45 Jahre,f,2417
12051,2023,20 bis unter 25 Jahre,m,1709
12051,2023,20 bis unter 25 Jahre,f,1609
12051,2023,unter 5 Jahre,m,1438
12051,2023,unter 5 Jahre,f,1363
12051,2023,80 bis unter 85 Jahre,f,2486
12051,2023,80 bis unter 85 Jahre,m,1743
12051,2023,35 bis unter 40 Jahre,m,2901
12051,2023,35 bis unter 40 Jahre,f,2519
12051,2023,5 bis unter 10 Jahre,f,1681
12051,2023,5 bis unter 10 Jahre,m,1641
12051,2023,75 bis unter 80 Jahre,m,1268
12051,2023,75 bis unter 80 Jahre,f,1764
12051,2023,45 bis unter 50 Jahre,f,1848
12051,2023,45 bis unter 50 Jahre,m,2179
12051,2023,30 bis unter 35 Jahre,f,1925
12051,2023,30 bis unter 35 Jahre,m,2174
12051,2023,15 bis unter 20 Jahre,m,1501
12051,2023,15 bis unter 20 Jahre,f,1456
12051,2023,25 bis unter 30 Jahre,f,1504
12051,2023,25 bis unter 30 Jahre,m,1902
12051,2023,50 bis unter 55 Jahre,f,2060
12051,2023,50 bis unter 55 Jahre,m,2085
12051,2023,95 Jahre und mehr,f,159
12051,2023,95 Jahre und mehr,m,33
12051,2023,85 bis unter 90 Jahre,m,944
12051,2023,85 bis unter 90 Jahre,f,1649
12051,2023,90 bis unter 95 Jahre,m,232
12051,2023,90 bis unter 95 Jahre,f,564
12051,2023,70 bis unter 75 Jahre,m,2101
12051,2023,70 bis unter 75 Jahre,f,2478
12051,2023,65 bis unter 70 Jahre,m,2439
12051,2023,65 bis unter 70 Jahre,f,2834
12051,2023,10 bis unter 15 Jahre,m,1476
12051,2023,10 bis unter 15 Jahre,f,1605
12051,2023,55 bis unter 60 Jahre,f,2747
12051,2023,55 bis unter 60 Jahre,m,2799
12052,2023,90 bis unter 95 Jahre,m,302
12052,2023,90 bis unter 95 Jahre,f,631
12052,2023,15 bis unter 20 Jahre,f,2103
12052,2023,15 bis unter 20 Jahre,m,2190
12052,2023,70 bis unter 75 Jahre,m,2676
12052,2023,70 bis unter 75 Jahre,f,3384
12052,2023,50 bis unter 55 Jahre,m,2610
12052,2023,50 bis unter 55 Jahre,f,2811
12052,2023,85 bis unter 90 Jahre,m,1128
12052,2023,85 bis unter 90 Jahre,f,1942
12052,2023,55 bis unter 60 Jahre,f,3665
12052,2023,55 bis unter 60 Jahre,m,3297
12052,2023,10 bis unter 15 Jahre,m,2138
12052,2023,10 bis unter 15 Jahre,f,2029
12052,2023,45 bis unter 50 Jahre,m,2428
12052,2023,45 bis unter 50 Jahre,f,2262
12052,2023,unter 5 Jahre,m,1855
12052,2023,unter 5 Jahre,f,1874
12052,2023,65 bis unter 70 Jahre,f,3751
12052,2023,65 bis unter 70 Jahre,m,3094
12052,2023,20 bis unter 25 Jahre,f,2394
12052,2023,20 bis unter 25 Jahre,m,2681
12052,2023,75 bis unter 80 Jahre,f,2173
12052,2023,75 bis unter 80 Jahre,m,1559
12052,2023,80 bis unter 85 Jahre,m,1942
12052,2023,80 bis unter 85 Jahre,f,3049
12052,2023,30 bis unter 35 Jahre,f,2357
12052,2023,30 bis unter 35 Jahre,m,2798
12052,2023,60 bis unter 65 Jahre,m,3651
12052,2023,60 bis unter 65 Jahre,f,4242
12052,2023,35 bis unter 40 Jahre,m,3385
12052,2023,35 bis unter 40 Jahre,f,2990
12052,2023,5 bis unter 10 Jahre,f,2036
12052,2023,5 bis unter 10 Jahre,m,2096
12052,2023,25 bis unter 30 Jahre,m,2881
12052,2023,25 bis unter 30 Jahre,f,2304
12052,2023,95 Jahre und mehr,f,163
12052,2023,95 Jahre und mehr,m,46
12052,2023,40 bis unter 45 Jahre,f,2802
12052,2023,40 bis unter 45 Jahre,m,3059
12053,2023,25 bis unter 30 Jahre,f,1321
12053,2023,25 bis unter 30 Jahre,m,1500
12053,2023,45 bis unter 50 Jahre,f,1589
12053,2023,45 bis unter 50 Jahre,m,1637
12053,2023,65 bis unter 70 Jahre,f,2331
12053,2023,65 bis unter 70 Jahre,m,2199
12053,2023,95 Jahre und mehr,m,25
12053,2023,95 Jahre und mehr,f,114
12053,2023,60 bis unter 65 Jahre,m,2315
12053,2023,60 bis unter 65 Jahre,f,2637
12053,2023,30 bis unter 35 Jahre,f,1302
12053,2023,30 bis unter 35 Jahre,m,1537
12053,2023,5 bis unter 10 Jahre,f,1133
12053,2023,5 bis unter 10 Jahre,m,1298
12053,2023,20 bis unter 25 Jahre,m,1554
12053,2023,20 bis unter 25 Jahre,f,1492
12053,2023,70 bis unter 75 Jahre,f,2096
12053,2023,70 bis unter 75 Jahre,m,1761
12053,2023,50 bis unter 55 Jahre,f,1675
12053,2023,50 bis unter 55 Jahre,m,1695
12053,2023,40 bis unter 45 Jahre,m,1842
12053,2023,40 bis unter 45 Jahre,f,1599
12053,2023,15 bis unter 20 Jahre,m,1383
12053,2023,15 bis unter 20 Jahre,f,1264
12053,2023,35 bis unter 40 Jahre,f,1788
12053,2023,35 bis unter 40 Jahre,m,1942
12053,2023,unter 5 Jahre,f,980
12053,2023,unter 5 Jahre,m,1000
12053,2023,55 bis unter 60 Jahre,f,2153
12053,2023,55 bis unter 60 Jahre,m,2020
12053,2023,80 bis unter 85 Jahre,f,1771
12053,2023,80 bis unter 85 Jahre,m,1150
12053,2023,85 bis unter 90 Jahre,m,685
12053,2023,85 bis unter 90 Jahre,f,1172
12053,2023,10 bis unter 15 Jahre,m,1210
12053,2023,10 bis unter 15 Jahre,f,1199
12053,2023,90 bis unter 95 Jahre,f,397
12053,2023,90 bis unter 95 Jahre,m,203
12053,2023,75 bis unter 80 Jahre,m,906
12053,2023,75 bis unter 80 Jahre,f,1190
12054,2023,20 bis unter 25 Jahre,f,5552
12054,2023,20 bis unter 25 Jahre,m,5258
12054,2023,55 bis unter 60 Jahre,f,6218
12054,2023,55 bis unter 60 Jahre,m,6152
12054,2023,unter 5 Jahre,f,4061
12054,2023,unter 5 Jahre,m,4346
12054,2023,75 bis unter 80 Jahre,f,3279
12054,2023,75 bis unter 80 Jahre,m,2451
12054,2023,35 bis unter 40 Jahre,m,7183
12054,2023,35 bis unter 40 Jahre,f,7420
12054,2023,80 bis unter 85 Jahre,f,4216
12054,2023,80 bis unter 85 Jahre,m,2830
12054,2023,15 bis unter 20 Jahre,f,4300
12054,2023,15 bis unter 20 Jahre,m,4680
12054,2023,40 bis unter 45 Jahre,f,7178
12054,2023,40 bis unter 45 Jahre,m,6895
12054,2023,70 bis unter 75 Jahre,m,3737
12054,2023,70 bis unter 75 Jahre,f,4945
12054,2023,85 bis unter 90 Jahre,m,1593
12054,2023,85 bis unter 90 Jahre,f,2934
12054,2023,10 bis unter 15 Jahre,m,4769
12054,2023,10 bis unter 15 Jahre,f,4458
12054,2023,90 bis unter 95 Jahre,m,484
12054,2023,90 bis unter 95 Jahre,f,1026
12054,2023,65 bis unter 70 Jahre,m,4418
12054,2023,65 bis unter 70 Jahre,f,5079
12054,2023,50 bis unter 55 Jahre,f,5653
12054,2023,50 bis unter 55 Jahre,m,5782
12054,2023,25 bis unter 30 Jahre,f,5530
12054,2023,25 bis unter 30 Jahre,m,5386
12054,2023,5 bis unter 10 Jahre,m,4860
12054,2023,5 bis unter 10 Jahre,f,4695
12054,2023,95 Jahre und mehr,f,307
12054,2023,95 Jahre und mehr,m,83
12054,2023,30 bis unter 35 Jahre,f,6135
12054,2023,30 bis unter 35 Jahre,m,6118
12054,2023,45 bis unter 50 Jahre,f,6118
12054,2023,45 bis unter 50 Jahre,m,6000
12054,2023,60 bis unter 65 Jahre,m,5892
12054,2023,60 bis unter 65 Jahre,f,6269
12060,2023,10 bis unter 15 Jahre,f,4609
12060,2023,10 bis unter 15 Jahre,m,4859
12060,2023,45 bis unter 50 Jahre,f,5737
12060,2023,45 bis unter 50 Jahre,m,6091
12060,2023,65 bis unter 70 Jahre,f,7288
12060,2023,65 bis unter 70 Jahre,m,6893
12060,2023,85 bis unter 90 Jahre,f,3113
12060,2023,85 bis unter 90 Jahre,m,1909
12060,2023,80 bis unter 85 Jahre,m,3812
12060,2023,80 bis unter 85 Jahre,f,4945
12060,2023,5 bis unter 10 Jahre,m,4894
12060,2023,5 bis unter 10 Jahre,f,4777
12060,2023,50 bis unter 55 Jahre,f,6239
12060,2023,50 bis unter 55 Jahre,m,6342
12060,2023,25 bis unter 30 Jahre,f,3028
12060,2023,25 bis unter 30 Jahre,m,3382
12060,2023,40 bis unter 45 Jahre,m,7052
12060,2023,40 bis unter 45 Jahre,f,6798
12060,2023,95 Jahre und mehr,f,282
12060,2023,95 Jahre und mehr,m,76
12060,2023,70 bis unter 75 Jahre,m,5700
12060,2023,70 bis unter 75 Jahre,f,6125
12060,2023,90 bis unter 95 Jahre,f,982
12060,2023,90 bis unter 95 Jahre,m,472
12060,2023,35 bis unter 40 Jahre,m,6977
12060,2023,35 bis unter 40 Jahre,f,7173
12060,2023,60 bis unter 65 Jahre,m,8525
12060,2023,60 bis unter 65 Jahre,f,8901
12060,2023,unter 5 Jahre,f,3701
12060,2023,unter 5 Jahre,m,3948
12060,2023,55 bis unter 60 Jahre,f,8200
12060,2023,55 bis unter 60 Jahre,m,7974
12060,2023,20 bis unter 25 Jahre,f,3371
12060,2023,20 bis unter 25 Jahre,m,3740
12060,2023,15 bis unter 20 Jahre,f,4237
12060,2023,15 bis unter 20 Jahre,m,4523
12060,2023,75 bis unter 80 Jahre,f,3820
12060,2023,75 bis unter 80 Jahre,m,3263
12060,2023,30 bis unter 35 Jahre,m,4437
12060,2023,30 bis unter 35 Jahre,f,4581
12061,2023,40 bis unter 45 Jahre,f,6423
12061,2023,40 bis unter 45 Jahre,m,6594
12061,2023,20 bis unter 25 Jahre,f,3088
12061,2023,20 bis unter 25 Jahre,m,3590
12061,2023,95 Jahre und mehr,m,76
12061,2023,95 Jahre und mehr,f,267
12061,2023,unter 5 Jahre,f,3633
12061,2023,unter 5 Jahre,m,3936
12061,2023,55 bis unter 60 Jahre,m,7637
12061,2023,55 bis unter 60 Jahre,f,7440
12061,2023,35 bis unter 40 Jahre,f,6338
12061,2023,35 bis unter 40 Jahre,m,6410
12061,2023,60 bis unter 65 Jahre,f,7680
12061,2023,60 bis unter 65 Jahre,m,7755
12061,2023,75 bis unter 80 Jahre,f,3394
12061,2023,75 bis unter 80 Jahre,m,2811
12061,2023,90 bis unter 95 Jahre,m,500
12061,2023,90 bis unter 95 Jahre,f,1001
12061,2023,15 bis unter 20 Jahre,m,3917
12061,2023,15 bis unter 20 Jahre,f,3685
12061,2023,30 bis unter 35 Jahre,m,4585
12061,2023,30 bis unter 35 Jahre,f,4556
12061,2023,10 bis unter 15 Jahre,m,4238
12061,2023,10 bis unter 15 Jahre,f,4123
12061,2023,85 bis unter 90 Jahre,m,1864
12061,2023,85 bis unter 90 Jahre,f,3092
12061,2023,5 bis unter 10 Jahre,f,4388
12061,2023,5 bis unter 10 Jahre,m,4687
12061,2023,50 bis unter 55 Jahre,f,5850
12061,2023,50 bis unter 55 Jahre,m,6086
12061,2023,70 bis unter 75 Jahre,f,5386
12061,2023,70 bis unter 75 Jahre,m,4863
12061,2023,65 bis unter 70 Jahre,f,6388
12061,2023,65 bis unter 70 Jahre,m,6104
12061,2023,25 bis unter 30 Jahre,m,3365
12061,2023,25 bis unter 30 Jahre,f,3082
12061,2023,80 bis unter 85 Jahre,m,3455
12061,2023,80 bis unter 85 Jahre,f,4704
12061,2023,45 bis unter 50 Jahre,m,5489
12061,2023,45 bis unter 50 Jahre,f,5182
12062,2023,25 bis unter 30 Jahre,m,1419
12062,2023,25 bis unter 30 Jahre,f,1259
12062,2023,70 bis unter 75 Jahre,f,3868
12062,2023,70 bis unter 75 Jahre,m,3474
12062,2023,45 bis unter 50 Jahre,m,2891
12062,2023,45 bis unter 50 Jahre,f,2563
12062,2023,90 bis unter 95 Jahre,f,682
12062,2023,90 bis unter 95 Jahre,m,271
12062,2023,50 bis unter 55 Jahre,f,3317
12062,2023,50 bis unter 55 Jahre,m,3584
12062,2023,5 bis unter 10 Jahre,m,2147
12062,2023,5 bis unter 10 Jahre,f,2058
12062,2023,30 bis unter 35 Jahre,m,2018
12062,2023,30 bis unter 35 Jahre,f,1936
12062,2023,10 bis unter 15 Jahre,m,2147
12062,2023,10 bis unter 15 Jahre,f,2043
12062,2023,85 bis unter 90 Jahre,f,2060
12062,2023,85 bis unter 90 Jahre,m,1160
12062,2023,65 bis unter 70 Jahre,m,4228
12062,2023,65 bis unter 70 Jahre,f,4429
12062,2023,80 bis unter 85 Jahre,m,2132
12062,2023,80 bis unter 85 Jahre,f,3137
12062,2023,unter 5 Jahre,f,1704
12062,2023,unter 5 Jahre,m,1786
12062,2023,95 Jahre und mehr,m,49
12062,2023,95 Jahre und mehr,f,193
12062,2023,55 bis unter 60 Jahre,f,4299
12062,2023,55 bis unter 60 Jahre,m,4425
12062,2023,60 bis unter 65 Jahre,m,4813
12062,2023,60 bis unter 65 Jahre,f,4957
12062,2023,35 bis unter 40 Jahre,m,3250
12062,2023,35 bis unter 40 Jahre,f,2913
12062,2023,75 bis unter 80 Jahre,m,1860
12062,2023,75 bis unter 80 Jahre,f,2273
12062,2023,20 bis unter 25 Jahre,f,1347
12062,2023,20 bis unter 25 Jahre,m,1702
12062,2023,40 bis unter 45 Jahre,m,3308
12062,2023,40 bis unter 45 Jahre,f,2900
12062,2023,15 bis unter 20 Jahre,m,2171
12062,2023,15 bis unter 20 Jahre,f,1977
12063,2023,75 bis unter 80 Jahre,m,2594
12063,2023,75 bis unter 80 Jahre,f,3354
12063,2023,20 bis unter 25 Jahre,m,3825
12063,2023,20 bis unter 25 Jahre,f,3236
12063,2023,35 bis unter 40 Jahre,m,5773
12063,2023,35 bis unter 40 Jahre,f,5841
12063,2023,60 bis unter 65 Jahre,m,7617
12063,2023,60 bis unter 65 Jahre,f,7425
12063,2023,80 bis unter 85 Jahre,f,4284
12063,2023,80 bis unter 85 Jahre,m,3084
12063,2023,40 bis unter 45 Jahre,m,5779
12063,2023,40 bis unter 45 Jahre,f,5967
12063,2023,55 bis unter 60 Jahre,m,8010
12063,2023,55 bis unter 60 Jahre,f,7734
12063,2023,15 bis unter 20 Jahre,m,4155
12063,2023,15 bis unter 20 Jahre,f,3866
12063,2023,unter 5 Jahre,m,3482
12063,2023,unter 5 Jahre,f,3340
12063,2023,5 bis unter 10 Jahre,f,4325
12063,2023,5 bis unter 10 Jahre,m,4336
12063,2023,25 bis unter 30 Jahre,f,2806
12063,2023,25 bis unter 30 Jahre,m,3431
12063,2023,30 bis unter 35 Jahre,f,4049
12063,2023,30 bis unter 35 Jahre,m,4121
12063,2023,50 bis unter 55 Jahre,f,5805
12063,2023,50 bis unter 55 Jahre,m,5860
12063,2023,95 Jahre und mehr,m,54
12063,2023,95 Jahre und mehr,f,231
12063,2023,65 bis unter 70 Jahre,m,5688
12063,2023,65 bis unter 70 Jahre,f,5864
12063,2023,10 bis unter 15 Jahre,m,4297
12063,2023,10 bis unter 15 Jahre,f,4165
12063,2023,85 bis unter 90 Jahre,m,1543
12063,2023,85 bis unter 90 Jahre,f,2593
12063,2023,70 bis unter 75 Jahre,f,4996
12063,2023,70 bis unter 75 Jahre,m,4409
12063,2023,90 bis unter 95 Jahre,m,352
12063,2023,90 bis unter 95 Jahre,f,834
12063,2023,45 bis unter 50 Jahre,f,5302
12063,2023,45 bis unter 50 Jahre,m,5294
12064,2023,95 Jahre und mehr,f,304
12064,2023,95 Jahre und mehr,m,92
12064,2023,50 bis unter 55 Jahre,m,6682
12064,2023,50 bis unter 55 Jahre,f,6312
12064,2023,70 bis unter 75 Jahre,m,5834
12064,2023,70 bis unter 75 Jahre,f,6507
12064,2023,90 bis unter 95 Jahre,m,546
12064,2023,90 bis unter 95 Jahre,f,1166
12064,2023,85 bis unter 90 Jahre,m,1985
12064,2023,85 bis unter 90 Jahre,f,3572
12064,2023,10 bis unter 15 Jahre,m,5134
12064,2023,10 bis unter 15 Jahre,f,4711
12064,2023,35 bis unter 40 Jahre,f,7119
12064,2023,35 bis unter 40 Jahre,m,6739
12064,2023,65 bis unter 70 Jahre,m,7611
12064,2023,65 bis unter 70 Jahre,f,7920
12064,2023,25 bis unter 30 Jahre,m,2927
12064,2023,25 bis unter 30 Jahre,f,2638
12064,2023,75 bis unter 80 Jahre,f,3722
12064,2023,75 bis unter 80 Jahre,m,3079
12064,2023,20 bis unter 25 Jahre,f,3028
12064,2023,20 bis unter 25 Jahre,m,3687
12064,2023,55 bis unter 60 Jahre,f,8522
12064,2023,55 bis unter 60 Jahre,m,8655
12064,2023,80 bis unter 85 Jahre,f,4947
12064,2023,80 bis unter 85 Jahre,m,3576
12064,2023,45 bis unter 50 Jahre,m,6356
12064,2023,45 bis unter 50 Jahre,f,5934
12064,2023,unter 5 Jahre,f,3605
12064,2023,unter 5 Jahre,m,3785
12064,2023,60 bis unter 65 Jahre,m,9613
12064,2023,60 bis unter 65 Jahre,f,9685
12064,2023,40 bis unter 45 Jahre,m,7309
12064,2023,40 bis unter 45 Jahre,f,7231
12064,2023,5 bis unter 10 Jahre,f,4800
12064,2023,5 bis unter 10 Jahre,m,5254
12064,2023,30 bis unter 35 Jahre,f,4289
12064,2023,30 bis unter 35 Jahre,m,4060
12064,2023,15 bis unter 20 Jahre,m,4676
12064,2023,15 bis unter 20 Jahre,f,4173
12065,2023,5 bis unter 10 Jahre,f,5202
12065,2023,5 bis unter 10 Jahre,m,5371
12065,2023,30 bis unter 35 Jahre,f,5033
12065,2023,30 bis unter 35 Jahre,m,5061
12065,2023,60 bis unter 65 Jahre,m,9877
12065,2023,60 bis unter 65 Jahre,f,9697
12065,2023,75 bis unter 80 Jahre,m,3469
12065,2023,75 bis unter 80 Jahre,f,4205
12065,2023,45 bis unter 50 Jahre,f,6637
12065,2023,45 bis unter 50 Jahre,m,6756
12065,2023,25 bis unter 30 Jahre,m,3927
12065,2023,25 bis unter 30 Jahre,f,3401
12065,2023,70 bis unter 75 Jahre,f,6602
12065,2023,70 bis unter 75 Jahre,m,5828
12065,2023,15 bis unter 20 Jahre,m,5266
12065,2023,15 bis unter 20 Jahre,f,4845
12065,2023,40 bis unter 45 Jahre,f,7741
12065,2023,40 bis unter 45 Jahre,m,7796
12065,2023,20 bis unter 25 Jahre,m,4538
12065,2023,20 bis unter 25 Jahre,f,4049
12065,2023,50 bis unter 55 Jahre,f,7660
12065,2023,50 bis unter 55 Jahre,m,7475
12065,2023,90 bis unter 95 Jahre,m,569
12065,2023,90 bis unter 95 Jahre,f,1226
12065,2023,35 bis unter 40 Jahre,f,7561
12065,2023,35 bis unter 40 Jahre,m,7518
12065,2023,55 bis unter 60 Jahre,f,10051
12065,2023,55 bis unter 60 Jahre,m,10024
12065,2023,85 bis unter 90 Jahre,m,2149
12065,2023,85 bis unter 90 Jahre,f,3668
12065,2023,95 Jahre und mehr,m,101
12065,2023,95 Jahre und mehr,f,317
12065,2023,10 bis unter 15 Jahre,m,5348
12065,2023,10 bis unter 15 Jahre,f,5173
12065,2023,80 bis unter 85 Jahre,f,5500
12065,2023,80 bis unter 85 Jahre,m,4035
12065,2023,65 bis unter 70 Jahre,m,7514
12065,2023,65 bis unter 70 Jahre,f,7658
12065,2023,unter 5 Jahre,m,4305
12065,2023,unter 5 Jahre,f,4137
12066,2023,35 bis unter 40 Jahre,f,3294
12066,2023,35 bis unter 40 Jahre,m,3553
12066,2023,unter 5 Jahre,f,1861
12066,2023,unter 5 Jahre,m,1865
12066,2023,20 bis unter 25 Jahre,f,1709
12066,2023,20 bis unter 25 Jahre,m,2013
12066,2023,15 bis unter 20 Jahre,f,2094
12066,2023,15 bis unter 20 Jahre,m,2291
12066,2023,40 bis unter 45 Jahre,f,3154
12066,2023,40 bis unter 45 Jahre,m,3794
12066,2023,70 bis unter 75 Jahre,m,3558
12066,2023,70 bis unter 75 Jahre,f,4305
12066,2023,55 bis unter 60 Jahre,f,4605
12066,2023,55 bis unter 60 Jahre,m,4566
12066,2023,85 bis unter 90 Jahre,m,1257
12066,2023,85 bis unter 90 Jahre,f,2398
12066,2023,80 bis unter 85 Jahre,f,3861
12066,2023,80 bis unter 85 Jahre,m,2461
12066,2023,10 bis unter 15 Jahre,m,2362
12066,2023,10 bis unter 15 Jahre,f,2356
12066,2023,65 bis unter 70 Jahre,m,4204
12066,2023,65 bis unter 70 Jahre,f,4655
12066,2023,75 bis unter 80 Jahre,m,1934
12066,2023,75 bis unter 80 Jahre,f,2713
12066,2023,90 bis unter 95 Jahre,f,822
12066,2023,90 bis unter 95 Jahre,m,316
12066,2023,45 bis unter 50 Jahre,m,3251
12066,2023,45 bis unter 50 Jahre,f,2784
12066,2023,25 bis unter 30 Jahre,f,1505
12066,2023,25 bis unter 30 Jahre,m,1816
12066,2023,5 bis unter 10 Jahre,f,2307
12066,2023,5 bis unter 10 Jahre,m,2516
12066,2023,60 bis unter 65 Jahre,m,5007
12066,2023,60 bis unter 65 Jahre,f,5232
12066,2023,30 bis unter 35 Jahre,f,2200
12066,2023,30 bis unter 35 Jahre,m,2361
12066,2023,50 bis unter 55 Jahre,m,3790
12066,2023,50 bis unter 55 Jahre,f,3413
12066,2023,95 Jahre und mehr,f,215
12066,2023,95 Jahre und mehr,m,36
12067,2023,10 bis unter 15 Jahre,f,4060
12067,2023,10 bis unter 15 Jahre,m,4301
12067,2023,45 bis unter 50 Jahre,f,5043
12067,2023,45 bis unter 50 Jahre,m,5339
12067,2023,30 bis unter 35 Jahre,f,3831
12067,2023,30 bis unter 35 Jahre,m,4068
12067,2023,50 bis unter 55 Jahre,f,5588
12067,2023,50 bis unter 55 Jahre,m,5822
12067,2023,5 bis unter 10 Jahre,m,4305
12067,2023,5 bis unter 10 Jahre,f,4065
12067,2023,85 bis unter 90 Jahre,f,3700
12067,2023,85 bis unter 90 Jahre,m,2083
12067,2023,70 bis unter 75 Jahre,f,6488
12067,2023,70 bis unter 75 Jahre,m,5785
12067,2023,25 bis unter 30 Jahre,m,3341
12067,2023,25 bis unter 30 Jahre,f,2605
12067,2023,65 bis unter 70 Jahre,f,7356
12067,2023,65 bis unter 70 Jahre,m,6880
12067,2023,90 bis unter 95 Jahre,f,1209
12067,2023,90 bis unter 95 Jahre,m,494
12067,2023,95 Jahre und mehr,f,296
12067,2023,95 Jahre und mehr,m,83
12067,2023,40 bis unter 45 Jahre,m,6062
12067,2023,40 bis unter 45 Jahre,f,6113
12067,2023,60 bis unter 65 Jahre,m,8258
12067,2023,60 bis unter 65 Jahre,f,8462
12067,2023,15 bis unter 20 Jahre,m,4153
12067,2023,15 bis unter 20 Jahre,f,3780
12067,2023,55 bis unter 60 Jahre,f,7429
12067,2023,55 bis unter 60 Jahre,m,7920
12067,2023,20 bis unter 25 Jahre,f,2799
12067,2023,20 bis unter 25 Jahre,m,3872
12067,2023,35 bis unter 40 Jahre,f,6230
12067,2023,35 bis unter 40 Jahre,m,5993
12067,2023,unter 5 Jahre,f,3255
12067,2023,unter 5 Jahre,m,3415
12067,2023,80 bis unter 85 Jahre,f,5291
12067,2023,80 bis unter 85 Jahre,m,3741
12067,2023,75 bis unter 80 Jahre,m,3081
12067,2023,75 bis unter 80 Jahre,f,3903
12068,2023,60 bis unter 65 Jahre,f,4828
12068,2023,60 bis unter 65 Jahre,m,4814
12068,2023,15 bis unter 20 Jahre,m,2277
12068,2023,15 bis unter 20 Jahre,f,2003
12068,2023,75 bis unter 80 Jahre,f,2085
12068,2023,75 bis unter 80 Jahre,m,1663
12068,2023,35 bis unter 40 Jahre,m,3330
12068,2023,35 bis unter 40 Jahre,f,3224
12068,2023,20 bis unter 25 Jahre,m,2121
12068,2023,20 bis unter 25 Jahre,f,1744
12068,2023,unter 5 Jahre,f,1680
12068,2023,unter 5 Jahre,m,1833
12068,2023,80 bis unter 85 Jahre,f,2708
12068,2023,80 bis unter 85 Jahre,m,1981
12068,2023,55 bis unter 60 Jahre,f,4239
12068,2023,55 bis unter 60 Jahre,m,4394
12068,2023,40 bis unter 45 Jahre,f,3179
12068,2023,40 bis unter 45 Jahre,m,3267
12068,2023,90 bis unter 95 Jahre,m,252
12068,2023,90 bis unter 95 Jahre,f,682
12068,2023,95 Jahre und mehr,f,171
12068,2023,95 Jahre und mehr,m,48
12068,2023,65 bis unter 70 Jahre,m,4184
12068,2023,65 bis unter 70 Jahre,f,4455
12068,2023,10 bis unter 15 Jahre,f,2056
12068,2023,10 bis unter 15 Jahre,m,2339
12068,2023,5 bis unter 10 Jahre,m,2266
12068,2023,5 bis unter 10 Jahre,f,2185
12068,2023,70 bis unter 75 Jahre,f,3483
12068,2023,70 bis unter 75 Jahre,m,3297
12068,2023,85 bis unter 90 Jahre,f,1886
12068,2023,85 bis unter 90 Jahre,m,987
12068,2023,25 bis unter 30 Jahre,m,1781
12068,2023,25 bis unter 30 Jahre,f,1602
12068,2023,30 bis unter 35 Jahre,f,2134
12068,2023,30 bis unter 35 Jahre,m,2279
12068,2023,45 bis unter 50 Jahre,f,2703
12068,2023,45 bis unter 50 Jahre,m,2813
12068,2023,50 bis unter 55 Jahre,f,3101
12068,2023,50 bis unter 55 Jahre,m,3298
12069,2023,90 bis unter 95 Jahre,f,1181
12069,2023,90 bis unter 95 Jahre,m,489
12069,2023,25 bis unter 30 Jahre,m,3629
12069,2023,25 bis unter 30 Jahre,f,2854
12069,2023,10 bis unter 15 Jahre,m,5790
12069,2023,10 bis unter 15 Jahre,f,5679
12069,2023,70 bis unter 75 Jahre,f,6783
12069,2023,70 bis unter 75 Jahre,m,6252
12069,2023,50 bis unter 55 Jahre,f,7772
12069,2023,50 bis unter 55 Jahre,m,7901
12069,2023,65 bis unter 70 Jahre,f,8153
12069,2023,65 bis unter 70 Jahre,m,7977
12069,2023,85 bis unter 90 Jahre,m,2080
12069,2023,85 bis unter 90 Jahre,f,3603
12069,2023,5 bis unter 10 Jahre,m,5743
12069,2023,5 bis unter 10 Jahre,f,5520
12069,2023,30 bis unter 35 Jahre,m,4384
12069,2023,30 bis unter 35 Jahre,f,4471
12069,2023,45 bis unter 50 Jahre,m,7118
12069,2023,45 bis unter 50 Jahre,f,7200
12069,2023,60 bis unter 65 Jahre,m,10119
12069,2023,60 bis unter 65 Jahre,f,10045
12069,2023,35 bis unter 40 Jahre,f,7382
12069,2023,35 bis unter 40 Jahre,m,7186
12069,2023,80 bis unter 85 Jahre,f,5359
12069,2023,80 bis unter 85 Jahre,m,3915
12069,2023,unter 5 Jahre,m,4136
12069,2023,unter 5 Jahre,f,4076
12069,2023,95 Jahre und mehr,f,305
12069,2023,95 Jahre und mehr,m,77
12069,2023,20 bis unter 25 Jahre,m,4696
12069,2023,20 bis unter 25 Jahre,f,3661
12069,2023,15 bis unter 20 Jahre,m,5759
12069,2023,15 bis unter 20 Jahre,f,5307
12069,2023,75 bis unter 80 Jahre,m,3485
12069,2023,75 bis unter 80 Jahre,f,4152
12069,2023,40 bis unter 45 Jahre,m,7825
12069,2023,40 bis unter 45 Jahre,f,7751
12069,2023,55 bis unter 60 Jahre,m,10225
12069,2023,55 bis unter 60 Jahre,f,10118
12070,2023,60 bis unter 65 Jahre,m,3801
12070,2023,60 bis unter 65 Jahre,f,3886
12070,2023,40 bis unter 45 Jahre,m,2456
12070,2023,40 bis unter 45 Jahre,f,2185
12070,2023,75 bis unter 80 Jahre,m,1303
12070,2023,75 bis unter 80 Jahre,f,1710
12070,2023,80 bis unter 85 Jahre,m,1618
12070,2023,80 bis unter 85 Jahre,f,2423
12070,2023,35 bis unter 40 Jahre,m,2699
12070,2023,35 bis unter 40 Jahre,f,2324
12070,2023,5 bis unter 10 Jahre,f,1595
12070,2023,5 bis unter 10 Jahre,m,1619
12070,2023,20 bis unter 25 Jahre,m,1621
12070,2023,20 bis unter 25 Jahre,f,1174
12070,2023,45 bis unter 50 Jahre,f,1789
12070,2023,45 bis unter 50 Jahre,m,2072
12070,2023,50 bis unter 55 Jahre,f,2345
12070,2023,50 bis unter 55 Jahre,m,2557
12070,2023,25 bis unter 30 Jahre,m,1421
12070,2023,25 bis unter 30 Jahre,f,1108
12070,2023,70 bis unter 75 Jahre,f,2927
12070,2023,70 bis unter 75 Jahre,m,2559
12070,2023,15 bis unter 20 Jahre,m,1622
12070,2023,15 bis unter 20 Jahre,f,1470
12070,2023,30 bis unter 35 Jahre,m,1769
12070,2023,30 bis unter 35 Jahre,f,1670
12070,2023,10 bis unter 15 Jahre,m,1670
12070,2023,10 bis unter 15 Jahre,f,1545
12070,2023,90 bis unter 95 Jahre,f,522
12070,2023,90 bis unter 95 Jahre,m,232
12070,2023,95 Jahre und mehr,m,27
12070,2023,95 Jahre und mehr,f,142
12070,2023,85 bis unter 90 Jahre,m,925
12070,2023,85 bis unter 90 Jahre,f,1619
12070,2023,55 bis unter 60 Jahre,f,3286
12070,2023,55 bis unter 60 Jahre,m,3338
12070,2023,65 bis unter 70 Jahre,f,3289
12070,2023,65 bis unter 70 Jahre,m,3184
12070,2023,unter 5 Jahre,f,1301
12070,2023,unter 5 Jahre,m,1345
12071,2023,90 bis unter 95 Jahre,m,323
12071,2023,90 bis unter 95 Jahre,f,755
12071,2023,unter 5 Jahre,f,1816
12071,2023,unter 5 Jahre,m,1891
12071,2023,55 bis unter 60 Jahre,f,4953
12071,2023,55 bis unter 60 Jahre,m,4997
12071,2023,85 bis unter 90 Jahre,m,1266
12071,2023,85 bis unter 90 Jahre,f,2220
12071,2023,30 bis unter 35 Jahre,m,2049
12071,2023,30 bis unter 35 Jahre,f,2097
12071,2023,45 bis unter 50 Jahre,m,3007
12071,2023,45 bis unter 50 Jahre,f,3007
12071,2023,15 bis unter 20 Jahre,f,2078
12071,2023,15 bis unter 20 Jahre,m,2419
12071,2023,40 bis unter 45 Jahre,f,3365
12071,2023,40 bis unter 45 Jahre,m,3641
12071,2023,70 bis unter 75 Jahre,m,4048
12071,2023,70 bis unter 75 Jahre,f,4431
12071,2023,75 bis unter 80 Jahre,f,2516
12071,2023,75 bis unter 80 Jahre,m,1914
12071,2023,10 bis unter 15 Jahre,m,2429
12071,2023,10 bis unter 15 Jahre,f,2380
12071,2023,20 bis unter 25 Jahre,f,1431
12071,2023,20 bis unter 25 Jahre,m,1843
12071,2023,65 bis unter 70 Jahre,m,4944
12071,2023,65 bis unter 70 Jahre,f,5076
12071,2023,80 bis unter 85 Jahre,m,2495
12071,2023,80 bis unter 85 Jahre,f,3501
12071,2023,5 bis unter 10 Jahre,f,2388
12071,2023,5 bis unter 10 Jahre,m,2554
12071,2023,60 bis unter 65 Jahre,m,5696
12071,2023,60 bis unter 65 Jahre,f,5919
12071,2023,25 bis unter 30 Jahre,f,1273
12071,2023,25 bis unter 30 Jahre,m,1460
12071,2023,95 Jahre und mehr,m,45
12071,2023,95 Jahre und mehr,f,205
12071,2023,35 bis unter 40 Jahre,m,3322
12071,2023,35 bis unter 40 Jahre,f,3359
12071,2023,50 bis unter 55 Jahre,f,3642
12071,2023,50 bis unter 55 Jahre,m,3825
12072,2023,25 bis unter 30 Jahre,f,3094
12072,2023,25 bis unter 30 Jahre,m,3666
12072,2023,45 bis unter 50 Jahre,f,5271
12072,2023,45 bis unter 50 Jahre,m,5613
12072,2023,95 Jahre und mehr,m,76
12072,2023,95 Jahre und mehr,f,235
12072,2023,5 bis unter 10 Jahre,f,4592
12072,2023,5 bis unter 10 Jahre,m,4639
12072,2023,10 bis unter 15 Jahre,f,4183
12072,2023,10 bis unter 15 Jahre,m,4393
12072,2023,80 bis unter 85 Jahre,m,2974
12072,2023,80 bis unter 85 Jahre,f,4359
12072,2023,50 bis unter 55 Jahre,f,5718
12072,2023,50 bis unter 55 Jahre,m,6130
12072,2023,65 bis unter 70 Jahre,f,5974
12072,2023,65 bis unter 70 Jahre,m,5848
12072,2023,90 bis unter 95 Jahre,f,955
12072,2023,90 bis unter 95 Jahre,m,389
12072,2023,60 bis unter 65 Jahre,f,7519
12072,2023,60 bis unter 65 Jahre,m,7672
12072,2023,15 bis unter 20 Jahre,m,4260
12072,2023,15 bis unter 20 Jahre,f,3762
12072,2023,40 bis unter 45 Jahre,m,6909
12072,2023,40 bis unter 45 Jahre,f,6242
12072,2023,35 bis unter 40 Jahre,m,6908
12072,2023,35 bis unter 40 Jahre,f,6632
12072,2023,70 bis unter 75 Jahre,f,5057
12072,2023,70 bis unter 75 Jahre,m,4664
12072,2023,55 bis unter 60 Jahre,f,7497
12072,2023,55 bis unter 60 Jahre,m,7769
12072,2023,75 bis unter 80 Jahre,f,3211
12072,2023,75 bis unter 80 Jahre,m,2637
12072,2023,30 bis unter 35 Jahre,m,4671
12072,2023,30 bis unter 35 Jahre,f,4553
12072,2023,unter 5 Jahre,f,3680
12072,2023,unter 5 Jahre,m,3904
12072,2023,20 bis unter 25 Jahre,m,4011
12072,2023,20 bis unter 25 Jahre,f,3256
12072,2023,85 bis unter 90 Jahre,m,1618
12072,2023,85 bis unter 90 Jahre,f,2879
12073,2023,55 bis unter 60 Jahre,f,5112
12073,2023,55 bis unter 60 Jahre,m,5145
12073,2023,20 bis unter 25 Jahre,f,1787
12073,2023,20 bis unter 25 Jahre,m,2200
12073,2023,40 bis unter 45 Jahre,f,3283
12073,2023,40 bis unter 45 Jahre,m,3744
12073,2023,75 bis unter 80 Jahre,f,2640
12073,2023,75 bis unter 80 Jahre,m,2171
12073,2023,35 bis unter 40 Jahre,f,3517
12073,2023,35 bis unter 40 Jahre,m,3723
12073,2023,15 bis unter 20 Jahre,m,2646
12073,2023,15 bis unter 20 Jahre,f,2393
12073,2023,60 bis unter 65 Jahre,f,6058
12073,2023,60 bis unter 65 Jahre,m,5908
12073,2023,unter 5 Jahre,f,1847
12073,2023,unter 5 Jahre,m,2059
12073,2023,85 bis unter 90 Jahre,m,1402
12073,2023,85 bis unter 90 Jahre,f,2445
12073,2023,65 bis unter 70 Jahre,m,5089
12073,2023,65 bis unter 70 Jahre,f,5379
12073,2023,90 bis unter 95 Jahre,m,336
12073,2023,90 bis unter 95 Jahre,f,843
12073,2023,5 bis unter 10 Jahre,f,2364
12073,2023,5 bis unter 10 Jahre,m,2605
12073,2023,10 bis unter 15 Jahre,m,2708
12073,2023,10 bis unter 15 Jahre,f,2480
12073,2023,30 bis unter 35 Jahre,f,2433
12073,2023,30 bis unter 35 Jahre,m,2542
12073,2023,45 bis unter 50 Jahre,m,3234
12073,2023,45 bis unter 50 Jahre,f,3203
12073,2023,25 bis unter 30 Jahre,f,1664
12073,2023,25 bis unter 30 Jahre,m,1925
12073,2023,50 bis unter 55 Jahre,f,3697
12073,2023,50 bis unter 55 Jahre,m,3849
12073,2023,80 bis unter 85 Jahre,m,2529
12073,2023,80 bis unter 85 Jahre,f,3742
12073,2023,95 Jahre und mehr,m,49
12073,2023,95 Jahre und mehr,f,241
12073,2023,70 bis unter 75 Jahre,m,4048
12073,2023,70 bis unter 75 Jahre,f,4757
13003,2023,80 bis unter 85 Jahre,m,4112
13003,2023,80 bis unter 85 Jahre,f,6465
13003,2023,55 bis unter 60 Jahre,m,6898
13003,2023,55 bis unter 60 Jahre,f,6873
13003,2023,10 bis unter 15 Jahre,f,4009
13003,2023,10 bis unter 15 Jahre,m,4119
13003,2023,25 bis unter 30 Jahre,f,6260
13003,2023,25 bis unter 30 Jahre,m,7079
13003,2023,40 bis unter 45 Jahre,m,7082
13003,2023,40 bis unter 45 Jahre,f,6262
13003,2023,60 bis unter 65 Jahre,f,7563
13003,2023,60 bis unter 65 Jahre,m,7102
13003,2023,15 bis unter 20 Jahre,m,4449
13003,2023,15 bis unter 20 Jahre,f,4513
13003,2023,70 bis unter 75 Jahre,f,6726
13003,2023,70 bis unter 75 Jahre,m,5190
13003,2023,90 bis unter 95 Jahre,f,1384
13003,2023,90 bis unter 95 Jahre,m,624
13003,2023,45 bis unter 50 Jahre,m,5564
13003,2023,45 bis unter 50 Jahre,f,5058
13003,2023,65 bis unter 70 Jahre,f,7072
13003,2023,65 bis unter 70 Jahre,m,5866
13003,2023,95 Jahre und mehr,m,97
13003,2023,95 Jahre und mehr,f,346
13003,2023,35 bis unter 40 Jahre,m,8068
13003,2023,35 bis unter 40 Jahre,f,7141
13003,2023,50 bis unter 55 Jahre,m,5570
13003,2023,50 bis unter 55 Jahre,f,5367
13003,2023,unter 5 Jahre,f,3689
13003,2023,unter 5 Jahre,m,3977
13003,2023,30 bis unter 35 Jahre,m,7103
13003,2023,30 bis unter 35 Jahre,f,6051
13003,2023,75 bis unter 80 Jahre,f,4465
13003,2023,75 bis unter 80 Jahre,m,3215
13003,2023,5 bis unter 10 Jahre,m,4324
13003,2023,5 bis unter 10 Jahre,f,4080
13003,2023,20 bis unter 25 Jahre,f,7539
13003,2023,20 bis unter 25 Jahre,m,7003
13003,2023,85 bis unter 90 Jahre,f,4220
13003,2023,85 bis unter 90 Jahre,m,2423
13004,2023,15 bis unter 20 Jahre,f,2176
13004,2023,15 bis unter 20 Jahre,m,2233
13004,2023,35 bis unter 40 Jahre,f,3339
13004,2023,35 bis unter 40 Jahre,m,3679
13004,2023,unter 5 Jahre,f,1868
13004,2023,unter 5 Jahre,m,1936
13004,2023,75 bis unter 80 Jahre,f,2213
13004,2023,75 bis unter 80 Jahre,m,1626
13004,2023,95 Jahre und mehr,f,228
13004,2023,95 Jahre und mehr,m,68
13004,2023,20 bis unter 25 Jahre,f,2484
13004,2023,20 bis unter 25 Jahre,m,2583
13004,2023,50 bis unter 55 Jahre,m,2948
13004,2023,50 bis unter 55 Jahre,f,2746
13004,2023,60 bis unter 65 Jahre,f,4060
13004,2023,60 bis unter 65 Jahre,m,3385
13004,2023,90 bis unter 95 Jahre,m,296
13004,2023,90 bis unter 95 Jahre,f,718
13004,2023,10 bis unter 15 Jahre,m,2212
13004,2023,10 bis unter 15 Jahre,f,2093
13004,2023,65 bis unter 70 Jahre,m,3228
13004,2023,65 bis unter 70 Jahre,f,3769
13004,2023,5 bis unter 10 Jahre,m,2202
13004,2023,5 bis unter 10 Jahre,f,2213
13004,2023,30 bis unter 35 Jahre,m,2810
13004,2023,30 bis unter 35 Jahre,f,2566
13004,2023,40 bis unter 45 Jahre,f,3177
13004,2023,40 bis unter 45 Jahre,m,3399
13004,2023,85 bis unter 90 Jahre,m,1099
13004,2023,85 bis unter 90 Jahre,f,2064
13004,2023,25 bis unter 30 Jahre,f,2229
13004,2023,25 bis unter 30 Jahre,m,2379
13004,2023,45 bis unter 50 Jahre,f,2648
13004,2023,45 bis unter 50 Jahre,m,2909
13004,2023,80 bis unter 85 Jahre,m,1921
13004,2023,80 bis unter 85 Jahre,f,3083
13004,2023,55 bis unter 60 Jahre,m,3346
13004,2023,55 bis unter 60 Jahre,f,3600
13004,2023,70 bis unter 75 Jahre,f,3576
13004,2023,70 bis unter 75 Jahre,m,2741
13071,2023,65 bis unter 70 Jahre,m,10770
13071,2023,65 bis unter 70 Jahre,f,11598
13071,2023,10 bis unter 15 Jahre,m,5797
13071,2023,10 bis unter 15 Jahre,f,5586
13071,2023,85 bis unter 90 Jahre,m,2485
13071,2023,85 bis unter 90 Jahre,f,5087
13071,2023,95 Jahre und mehr,f,452
13071,2023,95 Jahre und mehr,m,84
13071,2023,90 bis unter 95 Jahre,m,686
13071,2023,90 bis unter 95 Jahre,f,1773
13071,2023,25 bis unter 30 Jahre,m,4071
13071,2023,25 bis unter 30 Jahre,f,3633
13071,2023,50 bis unter 55 Jahre,m,7854
13071,2023,50 bis unter 55 Jahre,f,7518
13071,2023,70 bis unter 75 Jahre,f,9908
13071,2023,70 bis unter 75 Jahre,m,8527
13071,2023,35 bis unter 40 Jahre,f,7672
13071,2023,35 bis unter 40 Jahre,m,8087
13071,2023,30 bis unter 35 Jahre,f,5082
13071,2023,30 bis unter 35 Jahre,m,5362
13071,2023,5 bis unter 10 Jahre,f,5235
13071,2023,5 bis unter 10 Jahre,m,5433
13071,2023,40 bis unter 45 Jahre,f,7746
13071,2023,40 bis unter 45 Jahre,m,8074
13071,2023,15 bis unter 20 Jahre,f,5349
13071,2023,15 bis unter 20 Jahre,m,5671
13071,2023,20 bis unter 25 Jahre,m,4943
13071,2023,20 bis unter 25 Jahre,f,4123
13071,2023,55 bis unter 60 Jahre,m,10219
13071,2023,55 bis unter 60 Jahre,f,10669
13071,2023,unter 5 Jahre,m,4469
13071,2023,unter 5 Jahre,f,4239
13071,2023,75 bis unter 80 Jahre,m,4232
13071,2023,75 bis unter 80 Jahre,f,5105
13071,2023,80 bis unter 85 Jahre,f,6912
13071,2023,80 bis unter 85 Jahre,m,4549
13071,2023,60 bis unter 65 Jahre,m,12018
13071,2023,60 bis unter 65 Jahre,f,12733
13071,2023,45 bis unter 50 Jahre,f,6561
13071,2023,45 bis unter 50 Jahre,m,7263
13072,2023,40 bis unter 45 Jahre,m,7842
13072,2023,40 bis unter 45 Jahre,f,7469
13072,2023,60 bis unter 65 Jahre,m,10575
13072,2023,60 bis unter 65 Jahre,f,10644
13072,2023,20 bis unter 25 Jahre,m,3807
13072,2023,20 bis unter 25 Jahre,f,3102
13072,2023,35 bis unter 40 Jahre,m,7520
13072,2023,35 bis unter 40 Jahre,f,7656
13072,2023,5 bis unter 10 Jahre,f,5306
13072,2023,5 bis unter 10 Jahre,m,5608
13072,2023,unter 5 Jahre,m,4413
13072,2023,unter 5 Jahre,f,4180
13072,2023,80 bis unter 85 Jahre,f,5560
13072,2023,80 bis unter 85 Jahre,m,3969
13072,2023,75 bis unter 80 Jahre,m,3607
13072,2023,75 bis unter 80 Jahre,f,4314
13072,2023,45 bis unter 50 Jahre,f,6101
13072,2023,45 bis unter 50 Jahre,m,6732
13072,2023,95 Jahre und mehr,m,79
13072,2023,95 Jahre und mehr,f,372
13072,2023,65 bis unter 70 Jahre,f,9327
13072,2023,65 bis unter 70 Jahre,m,8734
13072,2023,10 bis unter 15 Jahre,f,5289
13072,2023,10 bis unter 15 Jahre,m,5548
13072,2023,85 bis unter 90 Jahre,f,3573
13072,2023,85 bis unter 90 Jahre,m,2064
13072,2023,55 bis unter 60 Jahre,f,9387
13072,2023,55 bis unter 60 Jahre,m,9619
13072,2023,90 bis unter 95 Jahre,f,1275
13072,2023,90 bis unter 95 Jahre,m,513
13072,2023,50 bis unter 55 Jahre,m,7190
13072,2023,50 bis unter 55 Jahre,f,6933
13072,2023,70 bis unter 75 Jahre,m,7120
13072,2023,70 bis unter 75 Jahre,f,7756
13072,2023,25 bis unter 30 Jahre,m,3250
13072,2023,25 bis unter 30 Jahre,f,2907
13072,2023,30 bis unter 35 Jahre,f,4962
13072,2023,30 bis unter 35 Jahre,m,4687
13072,2023,15 bis unter 20 Jahre,m,5179
13072,2023,15 bis unter 20 Jahre,f,4611
13073,2023,90 bis unter 95 Jahre,m,548
13073,2023,90 bis unter 95 Jahre,f,1383
13073,2023,15 bis unter 20 Jahre,f,4469
13073,2023,15 bis unter 20 Jahre,m,4789
13073,2023,50 bis unter 55 Jahre,m,6948
13073,2023,50 bis unter 55 Jahre,f,6795
13073,2023,70 bis unter 75 Jahre,m,7227
13073,2023,70 bis unter 75 Jahre,f,8181
13073,2023,35 bis unter 40 Jahre,f,6923
13073,2023,35 bis unter 40 Jahre,m,7020
13073,2023,55 bis unter 60 Jahre,f,9491
13073,2023,55 bis unter 60 Jahre,m,9267
13073,2023,85 bis unter 90 Jahre,m,2344
13073,2023,85 bis unter 90 Jahre,f,4355
13073,2023,10 bis unter 15 Jahre,m,5017
13073,2023,10 bis unter 15 Jahre,f,4804
13073,2023,60 bis unter 65 Jahre,f,11013
13073,2023,60 bis unter 65 Jahre,m,10511
13073,2023,5 bis unter 10 Jahre,m,4492
13073,2023,5 bis unter 10 Jahre,f,4368
13073,2023,25 bis unter 30 Jahre,m,3568
13073,2023,25 bis unter 30 Jahre,f,3199
13073,2023,40 bis unter 45 Jahre,f,6991
13073,2023,40 bis unter 45 Jahre,m,7302
13073,2023,30 bis unter 35 Jahre,m,4713
13073,2023,30 bis unter 35 Jahre,f,4677
13073,2023,80 bis unter 85 Jahre,m,4119
13073,2023,80 bis unter 85 Jahre,f,6328
13073,2023,95 Jahre und mehr,f,342
13073,2023,95 Jahre und mehr,m,76
13073,2023,20 bis unter 25 Jahre,m,4212
13073,2023,20 bis unter 25 Jahre,f,3693
13073,2023,45 bis unter 50 Jahre,f,6016
13073,2023,45 bis unter 50 Jahre,m,6355
13073,2023,75 bis unter 80 Jahre,m,3865
13073,2023,75 bis unter 80 Jahre,f,4826
13073,2023,unter 5 Jahre,m,3604
13073,2023,unter 5 Jahre,f,3502
13073,2023,65 bis unter 70 Jahre,m,9032
13073,2023,65 bis unter 70 Jahre,f,9810
13074,2023,25 bis unter 30 Jahre,f,2476
13074,2023,25 bis unter 30 Jahre,m,2867
13074,2023,45 bis unter 50 Jahre,f,4430
13074,2023,45 bis unter 50 Jahre,m,4897
13074,2023,95 Jahre und mehr,m,66
13074,2023,95 Jahre und mehr,f,247
13074,2023,30 bis unter 35 Jahre,f,3589
13074,2023,30 bis unter 35 Jahre,m,3597
13074,2023,60 bis unter 65 Jahre,m,7013
13074,2023,60 bis unter 65 Jahre,f,7267
13074,2023,20 bis unter 25 Jahre,m,3297
13074,2023,20 bis unter 25 Jahre,f,2775
13074,2023,5 bis unter 10 Jahre,f,3549
13074,2023,5 bis unter 10 Jahre,m,3807
13074,2023,unter 5 Jahre,m,3105
13074,2023,unter 5 Jahre,f,2971
13074,2023,90 bis unter 95 Jahre,f,1004
13074,2023,90 bis unter 95 Jahre,m,407
13074,2023,55 bis unter 60 Jahre,m,6795
13074,2023,55 bis unter 60 Jahre,f,6635
13074,2023,65 bis unter 70 Jahre,m,6136
13074,2023,65 bis unter 70 Jahre,f,6438
13074,2023,10 bis unter 15 Jahre,m,3831
13074,2023,10 bis unter 15 Jahre,f,3631
13074,2023,75 bis unter 80 Jahre,m,2695
13074,2023,75 bis unter 80 Jahre,f,3162
13074,2023,85 bis unter 90 Jahre,f,2647
13074,2023,85 bis unter 90 Jahre,m,1491
13074,2023,80 bis unter 85 Jahre,m,2630
13074,2023,80 bis unter 85 Jahre,f,3856
13074,2023,15 bis unter 20 Jahre,f,3341
13074,2023,15 bis unter 20 Jahre,m,3740
13074,2023,35 bis unter 40 Jahre,f,5483
13074,2023,35 bis unter 40 Jahre,m,5411
13074,2023,40 bis unter 45 Jahre,f,5304
13074,2023,40 bis unter 45 Jahre,m,5549
13074,2023,70 bis unter 75 Jahre,m,4980
13074,2023,70 bis unter 75 Jahre,f,5496
13074,2023,50 bis unter 55 Jahre,m,5436
13074,2023,50 bis unter 55 Jahre,f,5109
13075,2023,unter 5 Jahre,f,3747
13075,2023,unter 5 Jahre,m,3993
13075,2023,35 bis unter 40 Jahre,f,7161
13075,2023,35 bis unter 40 Jahre,m,7511
13075,2023,20 bis unter 25 Jahre,f,5619
13075,2023,20 bis unter 25 Jahre,m,5206
13075,2023,80 bis unter 85 Jahre,f,6119
13075,2023,80 bis unter 85 Jahre,m,3989
13075,2023,15 bis unter 20 Jahre,f,4977
13075,2023,15 bis unter 20 Jahre,m,5124
13075,2023,40 bis unter 45 Jahre,f,6879
13075,2023,40 bis unter 45 Jahre,m,7422
13075,2023,70 bis unter 75 Jahre,m,7615
13075,2023,70 bis unter 75 Jahre,f,8514
13075,2023,85 bis unter 90 Jahre,m,2308
13075,2023,85 bis unter 90 Jahre,f,4435
13075,2023,55 bis unter 60 Jahre,f,9105
13075,2023,55 bis unter 60 Jahre,m,8964
13075,2023,30 bis unter 35 Jahre,m,5190
13075,2023,30 bis unter 35 Jahre,f,4896
13075,2023,50 bis unter 55 Jahre,m,7065
13075,2023,50 bis unter 55 Jahre,f,6586
13075,2023,60 bis unter 65 Jahre,m,10755
13075,2023,60 bis unter 65 Jahre,f,10944
13075,2023,25 bis unter 30 Jahre,m,4548
13075,2023,25 bis unter 30 Jahre,f,4439
13075,2023,45 bis unter 50 Jahre,f,5980
13075,2023,45 bis unter 50 Jahre,m,6510
13075,2023,10 bis unter 15 Jahre,f,5084
13075,2023,10 bis unter 15 Jahre,m,5050
13075,2023,5 bis unter 10 Jahre,m,4884
13075,2023,5 bis unter 10 Jahre,f,4976
13075,2023,65 bis unter 70 Jahre,f,10156
13075,2023,65 bis unter 70 Jahre,m,9469
13075,2023,90 bis unter 95 Jahre,f,1563
13075,2023,90 bis unter 95 Jahre,m,644
13075,2023,75 bis unter 80 Jahre,m,3778
13075,2023,75 bis unter 80 Jahre,f,4529
13075,2023,95 Jahre und mehr,f,371
13075,2023,95 Jahre und mehr,m,76
13076,2023,85 bis unter 90 Jahre,f,3579
13076,2023,85 bis unter 90 Jahre,m,1817
13076,2023,50 bis unter 55 Jahre,f,6797
13076,2023,50 bis unter 55 Jahre,m,7291
13076,2023,5 bis unter 10 Jahre,m,5103
13076,2023,5 bis unter 10 Jahre,f,4809
13076,2023,70 bis unter 75 Jahre,f,7474
13076,2023,70 bis unter 75 Jahre,m,6925
13076,2023,65 bis unter 70 Jahre,f,9027
13076,2023,65 bis unter 70 Jahre,m,8983
13076,2023,10 bis unter 15 Jahre,f,4756
13076,2023,10 bis unter 15 Jahre,m,5017
13076,2023,45 bis unter 50 Jahre,f,5729
13076,2023,45 bis unter 50 Jahre,m,6417
13076,2023,30 bis unter 35 Jahre,f,4819
13076,2023,30 bis unter 35 Jahre,m,4812
13076,2023,90 bis unter 95 Jahre,f,1253
13076,2023,90 bis unter 95 Jahre,m,463
13076,2023,80 bis unter 85 Jahre,m,3666
13076,2023,80 bis unter 85 Jahre,f,5103
13076,2023,75 bis unter 80 Jahre,m,3421
13076,2023,75 bis unter 80 Jahre,f,3905
13076,2023,55 bis unter 60 Jahre,m,9298
13076,2023,55 bis unter 60 Jahre,f,9057
13076,2023,20 bis unter 25 Jahre,f,3222
13076,2023,20 bis unter 25 Jahre,m,3763
13076,2023,unter 5 Jahre,m,4223
13076,2023,unter 5 Jahre,f,3851
13076,2023,95 Jahre und mehr,f,314
13076,2023,95 Jahre und mehr,m,73
13076,2023,40 bis unter 45 Jahre,f,6747
13076,2023,40 bis unter 45 Jahre,m,7318
13076,2023,60 bis unter 65 Jahre,f,10352
13076,2023,60 bis unter 65 Jahre,m,10352
13076,2023,15 bis unter 20 Jahre,m,4769
13076,2023,15 bis unter 20 Jahre,f,4241
13076,2023,35 bis unter 40 Jahre,m,7208
13076,2023,35 bis unter 40 Jahre,f,6952
13076,2023,25 bis unter 30 Jahre,f,3098
13076,2023,25 bis unter 30 Jahre,m,3368
14511,2023,5 bis unter 10 Jahre,f,5656
14511,2023,5 bis unter 10 Jahre,m,5922
14511,2023,25 bis unter 30 Jahre,f,5764
14511,2023,25 bis unter 30 Jahre,m,7304
14511,2023,10 bis unter 15 Jahre,f,5392
14511,2023,10 bis unter 15 Jahre,m,5737
14511,2023,30 bis unter 35 Jahre,f,6577
14511,2023,30 bis unter 35 Jahre,m,7617
14511,2023,60 bis unter 65 Jahre,m,8122
14511,2023,60 bis unter 65 Jahre,f,8527
14511,2023,85 bis unter 90 Jahre,f,4904
14511,2023,85 bis unter 90 Jahre,m,2891
14511,2023,75 bis unter 80 Jahre,m,4929
14511,2023,75 bis unter 80 Jahre,f,6937
14511,2023,45 bis unter 50 Jahre,f,6251
14511,2023,45 bis unter 50 Jahre,m,7022
14511,2023,70 bis unter 75 Jahre,f,9367
14511,2023,70 bis unter 75 Jahre,m,7210
14511,2023,95 Jahre und mehr,m,140
14511,2023,95 Jahre und mehr,f,527
14511,2023,15 bis unter 20 Jahre,m,5602
14511,2023,15 bis unter 20 Jahre,f,5285
14511,2023,40 bis unter 45 Jahre,m,8370
14511,2023,40 bis unter 45 Jahre,f,7518
14511,2023,20 bis unter 25 Jahre,m,6750
14511,2023,20 bis unter 25 Jahre,f,6218
14511,2023,50 bis unter 55 Jahre,f,6625
14511,2023,50 bis unter 55 Jahre,m,7471
14511,2023,35 bis unter 40 Jahre,f,8208
14511,2023,35 bis unter 40 Jahre,m,8888
14511,2023,55 bis unter 60 Jahre,f,8099
14511,2023,55 bis unter 60 Jahre,m,8085
14511,2023,90 bis unter 95 Jahre,m,705
14511,2023,90 bis unter 95 Jahre,f,1726
14511,2023,80 bis unter 85 Jahre,f,8016
14511,2023,80 bis unter 85 Jahre,m,5355
14511,2023,unter 5 Jahre,m,5193
14511,2023,unter 5 Jahre,f,4904
14511,2023,65 bis unter 70 Jahre,m,6842
14511,2023,65 bis unter 70 Jahre,f,8494
14521,2023,20 bis unter 25 Jahre,m,6455
14521,2023,20 bis unter 25 Jahre,f,5224
14521,2023,55 bis unter 60 Jahre,m,12183
14521,2023,55 bis unter 60 Jahre,f,12122
14521,2023,75 bis unter 80 Jahre,m,6767
14521,2023,75 bis unter 80 Jahre,f,8320
14521,2023,unter 5 Jahre,m,5732
14521,2023,unter 5 Jahre,f,5586
14521,2023,80 bis unter 85 Jahre,m,6464
14521,2023,80 bis unter 85 Jahre,f,9703
14521,2023,15 bis unter 20 Jahre,m,7891
14521,2023,15 bis unter 20 Jahre,f,7060
14521,2023,60 bis unter 65 Jahre,f,13868
14521,2023,60 bis unter 65 Jahre,m,13123
14521,2023,40 bis unter 45 Jahre,m,10802
14521,2023,40 bis unter 45 Jahre,f,9943
14521,2023,25 bis unter 30 Jahre,f,4406
14521,2023,25 bis unter 30 Jahre,m,5129
14521,2023,85 bis unter 90 Jahre,f,6799
14521,2023,85 bis unter 90 Jahre,m,3532
14521,2023,5 bis unter 10 Jahre,f,7258
14521,2023,5 bis unter 10 Jahre,m,7301
14521,2023,30 bis unter 35 Jahre,f,6155
14521,2023,30 bis unter 35 Jahre,m,6517
14521,2023,65 bis unter 70 Jahre,m,12569
14521,2023,65 bis unter 70 Jahre,f,14073
14521,2023,10 bis unter 15 Jahre,m,7711
14521,2023,10 bis unter 15 Jahre,f,7492
14521,2023,70 bis unter 75 Jahre,f,15222
14521,2023,70 bis unter 75 Jahre,m,13121
14521,2023,45 bis unter 50 Jahre,m,9978
14521,2023,45 bis unter 50 Jahre,f,8899
14521,2023,90 bis unter 95 Jahre,f,2479
14521,2023,90 bis unter 95 Jahre,m,932
14521,2023,50 bis unter 55 Jahre,m,11217
14521,2023,50 bis unter 55 Jahre,f,10111
14521,2023,95 Jahre und mehr,m,172
14521,2023,95 Jahre und mehr,f,702
14521,2023,35 bis unter 40 Jahre,f,9265
14521,2023,35 bis unter 40 Jahre,m,9896
14522,2023,50 bis unter 55 Jahre,m,10300
14522,2023,50 bis unter 55 Jahre,f,9346
14522,2023,70 bis unter 75 Jahre,m,10211
14522,2023,70 bis unter 75 Jahre,f,11709
14522,2023,10 bis unter 15 Jahre,m,7322
14522,2023,10 bis unter 15 Jahre,f,6757
14522,2023,30 bis unter 35 Jahre,m,6592
14522,2023,30 bis unter 35 Jahre,f,6147
14522,2023,65 bis unter 70 Jahre,m,11097
14522,2023,65 bis unter 70 Jahre,f,11889
14522,2023,35 bis unter 40 Jahre,f,9024
14522,2023,35 bis unter 40 Jahre,m,9460
14522,2023,90 bis unter 95 Jahre,m,971
14522,2023,90 bis unter 95 Jahre,f,2362
14522,2023,75 bis unter 80 Jahre,f,7461
14522,2023,75 bis unter 80 Jahre,m,6037
14522,2023,45 bis unter 50 Jahre,f,8169
14522,2023,45 bis unter 50 Jahre,m,8916
14522,2023,25 bis unter 30 Jahre,m,5615
14522,2023,25 bis unter 30 Jahre,f,4540
14522,2023,unter 5 Jahre,f,5276
14522,2023,unter 5 Jahre,m,5670
14522,2023,80 bis unter 85 Jahre,f,9127
14522,2023,80 bis unter 85 Jahre,m,6288
14522,2023,55 bis unter 60 Jahre,f,11680
14522,2023,55 bis unter 60 Jahre,m,12176
14522,2023,60 bis unter 65 Jahre,m,12463
14522,2023,60 bis unter 65 Jahre,f,12910
14522,2023,40 bis unter 45 Jahre,m,10002
14522,2023,40 bis unter 45 Jahre,f,9045
14522,2023,15 bis unter 20 Jahre,m,7097
14522,2023,15 bis unter 20 Jahre,f,6144
14522,2023,20 bis unter 25 Jahre,f,5243
14522,2023,20 bis unter 25 Jahre,m,6505
14522,2023,85 bis unter 90 Jahre,f,6167
14522,2023,85 bis unter 90 Jahre,m,3552
14522,2023,5 bis unter 10 Jahre,m,7151
14522,2023,5 bis unter 10 Jahre,f,6535
14522,2023,95 Jahre und mehr,m,141
14522,2023,95 Jahre und mehr,f,669
14523,2023,5 bis unter 10 Jahre,f,4616
14523,2023,5 bis unter 10 Jahre,m,4889
14523,2023,60 bis unter 65 Jahre,m,9526
14523,2023,60 bis unter 65 Jahre,f,9703
14523,2023,95 Jahre und mehr,f,514
14523,2023,95 Jahre und mehr,m,103
14523,2023,25 bis unter 30 Jahre,f,3311
14523,2023,25 bis unter 30 Jahre,m,3889
14523,2023,80 bis unter 85 Jahre,m,5037
14523,2023,80 bis unter 85 Jahre,f,7582
14523,2023,45 bis unter 50 Jahre,f,5844
14523,2023,45 bis unter 50 Jahre,m,6590
14523,2023,75 bis unter 80 Jahre,m,4642
14523,2023,75 bis unter 80 Jahre,f,6366
14523,2023,10 bis unter 15 Jahre,f,4697
14523,2023,10 bis unter 15 Jahre,m,4989
14523,2023,40 bis unter 45 Jahre,m,7178
14523,2023,40 bis unter 45 Jahre,f,6503
14523,2023,unter 5 Jahre,m,3830
14523,2023,unter 5 Jahre,f,3650
14523,2023,15 bis unter 20 Jahre,m,5057
14523,2023,15 bis unter 20 Jahre,f,4476
14523,2023,85 bis unter 90 Jahre,f,4919
14523,2023,85 bis unter 90 Jahre,m,2693
14523,2023,30 bis unter 35 Jahre,f,4409
14523,2023,30 bis unter 35 Jahre,m,4840
14523,2023,50 bis unter 55 Jahre,f,7102
14523,2023,50 bis unter 55 Jahre,m,7886
14523,2023,20 bis unter 25 Jahre,m,4412
14523,2023,20 bis unter 25 Jahre,f,3682
14523,2023,90 bis unter 95 Jahre,m,648
14523,2023,90 bis unter 95 Jahre,f,1704
14523,2023,65 bis unter 70 Jahre,m,8229
14523,2023,65 bis unter 70 Jahre,f,9350
14523,2023,35 bis unter 40 Jahre,f,6405
14523,2023,35 bis unter 40 Jahre,m,6911
14523,2023,70 bis unter 75 Jahre,f,9401
14523,2023,70 bis unter 75 Jahre,m,7662
14523,2023,55 bis unter 60 Jahre,m,8966
14523,2023,55 bis unter 60 Jahre,f,8877
14524,2023,90 bis unter 95 Jahre,m,858
14524,2023,90 bis unter 95 Jahre,f,2379
14524,2023,75 bis unter 80 Jahre,f,8487
14524,2023,75 bis unter 80 Jahre,m,6492
14524,2023,60 bis unter 65 Jahre,f,13195
14524,2023,60 bis unter 65 Jahre,m,12899
14524,2023,35 bis unter 40 Jahre,f,9290
14524,2023,35 bis unter 40 Jahre,m,10053
14524,2023,50 bis unter 55 Jahre,m,10739
14524,2023,50 bis unter 55 Jahre,f,9868
14524,2023,20 bis unter 25 Jahre,f,5499
14524,2023,20 bis unter 25 Jahre,m,6887
14524,2023,95 Jahre und mehr,f,674
14524,2023,95 Jahre und mehr,m,148
14524,2023,45 bis unter 50 Jahre,m,9041
14524,2023,45 bis unter 50 Jahre,f,8135
14524,2023,55 bis unter 60 Jahre,m,12475
14524,2023,55 bis unter 60 Jahre,f,12432
14524,2023,unter 5 Jahre,m,5668
14524,2023,unter 5 Jahre,f,5515
14524,2023,65 bis unter 70 Jahre,m,10943
14524,2023,65 bis unter 70 Jahre,f,12377
14524,2023,80 bis unter 85 Jahre,f,10110
14524,2023,80 bis unter 85 Jahre,m,6850
14524,2023,70 bis unter 75 Jahre,m,10473
14524,2023,70 bis unter 75 Jahre,f,12879
14524,2023,25 bis unter 30 Jahre,f,4810
14524,2023,25 bis unter 30 Jahre,m,6027
14524,2023,10 bis unter 15 Jahre,f,6708
14524,2023,10 bis unter 15 Jahre,m,7170
14524,2023,5 bis unter 10 Jahre,f,6675
14524,2023,5 bis unter 10 Jahre,m,7129
14524,2023,30 bis unter 35 Jahre,f,6637
14524,2023,30 bis unter 35 Jahre,m,7217
14524,2023,85 bis unter 90 Jahre,f,6568
14524,2023,85 bis unter 90 Jahre,m,3570
14524,2023,40 bis unter 45 Jahre,m,10222
14524,2023,40 bis unter 45 Jahre,f,9241
14524,2023,15 bis unter 20 Jahre,m,6995
14524,2023,15 bis unter 20 Jahre,f,6531
14612,2023,60 bis unter 65 Jahre,m,16157
14612,2023,60 bis unter 65 Jahre,f,16913
14612,2023,80 bis unter 85 Jahre,m,10547
14612,2023,80 bis unter 85 Jahre,f,15321
14612,2023,75 bis unter 80 Jahre,m,8419
14612,2023,75 bis unter 80 Jahre,f,11682
14612,2023,25 bis unter 30 Jahre,f,17589
14612,2023,25 bis unter 30 Jahre,m,20285
14612,2023,55 bis unter 60 Jahre,m,17617
14612,2023,55 bis unter 60 Jahre,f,16911
14612,2023,unter 5 Jahre,m,12447
14612,2023,unter 5 Jahre,f,11766
14612,2023,95 Jahre und mehr,f,1120
14612,2023,95 Jahre und mehr,m,284
14612,2023,40 bis unter 45 Jahre,m,20949
14612,2023,40 bis unter 45 Jahre,f,19557
14612,2023,10 bis unter 15 Jahre,f,13359
14612,2023,10 bis unter 15 Jahre,m,14130
14612,2023,15 bis unter 20 Jahre,m,14084
14612,2023,15 bis unter 20 Jahre,f,13401
14612,2023,85 bis unter 90 Jahre,f,9704
14612,2023,85 bis unter 90 Jahre,m,6134
14612,2023,20 bis unter 25 Jahre,f,18042
14612,2023,20 bis unter 25 Jahre,m,19011
14612,2023,30 bis unter 35 Jahre,f,18128
14612,2023,30 bis unter 35 Jahre,m,21326
14612,2023,5 bis unter 10 Jahre,m,14431
14612,2023,5 bis unter 10 Jahre,f,13690
14612,2023,50 bis unter 55 Jahre,f,15347
14612,2023,50 bis unter 55 Jahre,m,16633
14612,2023,70 bis unter 75 Jahre,m,11717
14612,2023,70 bis unter 75 Jahre,f,15556
14612,2023,65 bis unter 70 Jahre,m,12861
14612,2023,65 bis unter 70 Jahre,f,14772
14612,2023,35 bis unter 40 Jahre,f,21335
14612,2023,35 bis unter 40 Jahre,m,23256
14612,2023,90 bis unter 95 Jahre,m,1616
14612,2023,90 bis unter 95 Jahre,f,3277
14612,2023,45 bis unter 50 Jahre,f,16362
14612,2023,45 bis unter 50 Jahre,m,17283
14625,2023,70 bis unter 75 Jahre,m,9646
14625,2023,70 bis unter 75 Jahre,f,10778
14625,2023,90 bis unter 95 Jahre,m,886
14625,2023,90 bis unter 95 Jahre,f,2089
14625,2023,30 bis unter 35 Jahre,m,6268
14625,2023,30 bis unter 35 Jahre,f,5875
14625,2023,50 bis unter 55 Jahre,m,10189
14625,2023,50 bis unter 55 Jahre,f,9229
14625,2023,15 bis unter 20 Jahre,f,6321
14625,2023,15 bis unter 20 Jahre,m,7067
14625,2023,65 bis unter 70 Jahre,m,11222
14625,2023,65 bis unter 70 Jahre,f,12214
14625,2023,35 bis unter 40 Jahre,f,9139
14625,2023,35 bis unter 40 Jahre,m,9567
14625,2023,75 bis unter 80 Jahre,f,7064
14625,2023,75 bis unter 80 Jahre,m,5479
14625,2023,60 bis unter 65 Jahre,f,13508
14625,2023,60 bis unter 65 Jahre,m,12817
14625,2023,25 bis unter 30 Jahre,m,4476
14625,2023,25 bis unter 30 Jahre,f,3820
14625,2023,unter 5 Jahre,f,5493
14625,2023,unter 5 Jahre,m,5731
14625,2023,95 Jahre und mehr,m,165
14625,2023,95 Jahre und mehr,f,619
14625,2023,45 bis unter 50 Jahre,m,9396
14625,2023,45 bis unter 50 Jahre,f,8282
14625,2023,55 bis unter 60 Jahre,f,11861
14625,2023,55 bis unter 60 Jahre,m,11805
14625,2023,80 bis unter 85 Jahre,f,9145
14625,2023,80 bis unter 85 Jahre,m,6310
14625,2023,10 bis unter 15 Jahre,f,7090
14625,2023,10 bis unter 15 Jahre,m,7477
14625,2023,40 bis unter 45 Jahre,m,10222
14625,2023,40 bis unter 45 Jahre,f,9214
14625,2023,85 bis unter 90 Jahre,f,6257
14625,2023,85 bis unter 90 Jahre,m,3598
14625,2023,5 bis unter 10 Jahre,m,7466
14625,2023,5 bis unter 10 Jahre,f,7027
14625,2023,20 bis unter 25 Jahre,f,4408
14625,2023,20 bis unter 25 Jahre,m,5526
14626,2023,5 bis unter 10 Jahre,f,5472
14626,2023,5 bis unter 10 Jahre,m,5632
14626,2023,25 bis unter 30 Jahre,f,3584
14626,2023,25 bis unter 30 Jahre,m,3900
14626,2023,80 bis unter 85 Jahre,m,5782
14626,2023,80 bis unter 85 Jahre,f,8425
14626,2023,45 bis unter 50 Jahre,f,6523
14626,2023,45 bis unter 50 Jahre,m,7114
14626,2023,40 bis unter 45 Jahre,m,7869
14626,2023,40 bis unter 45 Jahre,f,7077
14626,2023,10 bis unter 15 Jahre,f,5579
14626,2023,10 bis unter 15 Jahre,m,5872
14626,2023,unter 5 Jahre,m,4479
14626,2023,unter 5 Jahre,f,4115
14626,2023,85 bis unter 90 Jahre,f,5450
14626,2023,85 bis unter 90 Jahre,m,3093
14626,2023,50 bis unter 55 Jahre,f,7430
14626,2023,50 bis unter 55 Jahre,m,8201
14626,2023,30 bis unter 35 Jahre,m,5076
14626,2023,30 bis unter 35 Jahre,f,4653
14626,2023,75 bis unter 80 Jahre,m,5194
14626,2023,75 bis unter 80 Jahre,f,6496
14626,2023,20 bis unter 25 Jahre,m,4734
14626,2023,20 bis unter 25 Jahre,f,3966
14626,2023,95 Jahre und mehr,m,134
14626,2023,95 Jahre und mehr,f,635
14626,2023,15 bis unter 20 Jahre,f,5311
14626,2023,15 bis unter 20 Jahre,m,5704
14626,2023,65 bis unter 70 Jahre,m,9723
14626,2023,65 bis unter 70 Jahre,f,10440
14626,2023,35 bis unter 40 Jahre,f,7142
14626,2023,35 bis unter 40 Jahre,m,7562
14626,2023,90 bis unter 95 Jahre,m,833
14626,2023,90 bis unter 95 Jahre,f,2003
14626,2023,60 bis unter 65 Jahre,f,11355
14626,2023,60 bis unter 65 Jahre,m,11033
14626,2023,55 bis unter 60 Jahre,m,9912
14626,2023,55 bis unter 60 Jahre,f,9861
14626,2023,70 bis unter 75 Jahre,f,9888
14626,2023,70 bis unter 75 Jahre,m,8615
14627,2023,35 bis unter 40 Jahre,f,7569
14627,2023,35 bis unter 40 Jahre,m,7775
14627,2023,95 Jahre und mehr,f,569
14627,2023,95 Jahre und mehr,m,136
14627,2023,unter 5 Jahre,f,4282
14627,2023,unter 5 Jahre,m,4381
14627,2023,60 bis unter 65 Jahre,f,10509
14627,2023,60 bis unter 65 Jahre,m,10443
14627,2023,15 bis unter 20 Jahre,m,5752
14627,2023,15 bis unter 20 Jahre,f,5448
14627,2023,90 bis unter 95 Jahre,m,742
14627,2023,90 bis unter 95 Jahre,f,1903
14627,2023,75 bis unter 80 Jahre,f,5954
14627,2023,75 bis unter 80 Jahre,m,4459
14627,2023,20 bis unter 25 Jahre,f,3796
14627,2023,20 bis unter 25 Jahre,m,4724
14627,2023,50 bis unter 55 Jahre,m,8464
14627,2023,50 bis unter 55 Jahre,f,7570
14627,2023,55 bis unter 60 Jahre,m,10155
14627,2023,55 bis unter 60 Jahre,f,9529
14627,2023,80 bis unter 85 Jahre,m,5373
14627,2023,80 bis unter 85 Jahre,f,7859
14627,2023,45 bis unter 50 Jahre,m,7528
14627,2023,45 bis unter 50 Jahre,f,6875
14627,2023,70 bis unter 75 Jahre,m,7451
14627,2023,70 bis unter 75 Jahre,f,8669
14627,2023,25 bis unter 30 Jahre,f,3139
14627,2023,25 bis unter 30 Jahre,m,3588
14627,2023,10 bis unter 15 Jahre,f,5848
14627,2023,10 bis unter 15 Jahre,m,6235
14627,2023,5 bis unter 10 Jahre,f,5782
14627,2023,5 bis unter 10 Jahre,m,5739
14627,2023,65 bis unter 70 Jahre,f,9411
14627,2023,65 bis unter 70 Jahre,m,8664
14627,2023,30 bis unter 35 Jahre,f,4827
14627,2023,30 bis unter 35 Jahre,m,4838
14627,2023,85 bis unter 90 Jahre,f,5051
14627,2023,85 bis unter 90 Jahre,m,3057
14627,2023,40 bis unter 45 Jahre,m,8454
14627,2023,40 bis unter 45 Jahre,f,7820
14628,2023,30 bis unter 35 Jahre,f,5231
14628,2023,30 bis unter 35 Jahre,m,5051
14628,2023,65 bis unter 70 Jahre,f,9053
14628,2023,65 bis unter 70 Jahre,m,8397
14628,2023,50 bis unter 55 Jahre,f,7731
14628,2023,50 bis unter 55 Jahre,m,8632
14628,2023,45 bis unter 50 Jahre,f,7243
14628,2023,45 bis unter 50 Jahre,m,8119
14628,2023,5 bis unter 10 Jahre,m,6419
14628,2023,5 bis unter 10 Jahre,f,5976
14628,2023,25 bis unter 30 Jahre,f,3253
14628,2023,25 bis unter 30 Jahre,m,3776
14628,2023,10 bis unter 15 Jahre,f,6216
14628,2023,10 bis unter 15 Jahre,m,6477
14628,2023,70 bis unter 75 Jahre,f,8952
14628,2023,70 bis unter 75 Jahre,m,7923
14628,2023,85 bis unter 90 Jahre,f,5038
14628,2023,85 bis unter 90 Jahre,m,3071
14628,2023,95 Jahre und mehr,m,125
14628,2023,95 Jahre und mehr,f,567
14628,2023,75 bis unter 80 Jahre,m,4654
14628,2023,75 bis unter 80 Jahre,f,6075
14628,2023,40 bis unter 45 Jahre,m,8441
14628,2023,40 bis unter 45 Jahre,f,7914
14628,2023,20 bis unter 25 Jahre,m,4863
14628,2023,20 bis unter 25 Jahre,f,3950
14628,2023,15 bis unter 20 Jahre,f,5606
14628,2023,15 bis unter 20 Jahre,m,6157
14628,2023,55 bis unter 60 Jahre,f,9360
14628,2023,55 bis unter 60 Jahre,m,9866
14628,2023,60 bis unter 65 Jahre,f,10172
14628,2023,60 bis unter 65 Jahre,m,9971
14628,2023,35 bis unter 40 Jahre,m,8148
14628,2023,35 bis unter 40 Jahre,f,8001
14628,2023,unter 5 Jahre,m,4587
14628,2023,unter 5 Jahre,f,4404
14628,2023,80 bis unter 85 Jahre,m,5535
14628,2023,80 bis unter 85 Jahre,f,7676
14628,2023,90 bis unter 95 Jahre,m,743
14628,2023,90 bis unter 95 Jahre,f,1770
14713,2023,55 bis unter 60 Jahre,m,18064
14713,2023,55 bis unter 60 Jahre,f,17222
14713,2023,95 Jahre und mehr,f,1060
14713,2023,95 Jahre und mehr,m,287
14713,2023,35 bis unter 40 Jahre,m,28018
14713,2023,35 bis unter 40 Jahre,f,25834
14713,2023,40 bis unter 45 Jahre,m,23914
14713,2023,40 bis unter 45 Jahre,f,21392
14713,2023,80 bis unter 85 Jahre,f,14579
14713,2023,80 bis unter 85 Jahre,m,9604
14713,2023,unter 5 Jahre,m,14186
14713,2023,unter 5 Jahre,f,13326
14713,2023,15 bis unter 20 Jahre,m,13625
14713,2023,15 bis unter 20 Jahre,f,13247
14713,2023,20 bis unter 25 Jahre,m,20746
14713,2023,20 bis unter 25 Jahre,f,23493
14713,2023,60 bis unter 65 Jahre,f,17017
14713,2023,60 bis unter 65 Jahre,m,16572
14713,2023,75 bis unter 80 Jahre,f,11194
14713,2023,75 bis unter 80 Jahre,m,8109
14713,2023,10 bis unter 15 Jahre,f,12960
14713,2023,10 bis unter 15 Jahre,m,13669
14713,2023,5 bis unter 10 Jahre,f,14247
14713,2023,5 bis unter 10 Jahre,m,15164
14713,2023,90 bis unter 95 Jahre,m,1490
14713,2023,90 bis unter 95 Jahre,f,3267
14713,2023,30 bis unter 35 Jahre,f,24091
14713,2023,30 bis unter 35 Jahre,m,26469
14713,2023,85 bis unter 90 Jahre,f,9452
14713,2023,85 bis unter 90 Jahre,m,5531
14713,2023,65 bis unter 70 Jahre,m,12950
14713,2023,65 bis unter 70 Jahre,f,15153
14713,2023,45 bis unter 50 Jahre,m,18200
14713,2023,45 bis unter 50 Jahre,f,16318
14713,2023,50 bis unter 55 Jahre,f,15285
14713,2023,50 bis unter 55 Jahre,m,17378
14713,2023,70 bis unter 75 Jahre,m,11628
14713,2023,70 bis unter 75 Jahre,f,15126
14713,2023,25 bis unter 30 Jahre,f,24019
14713,2023,25 bis unter 30 Jahre,m,24127
14729,2023,25 bis unter 30 Jahre,f,3458
14729,2023,25 bis unter 30 Jahre,m,3748
14729,2023,45 bis unter 50 Jahre,f,7665
14729,2023,45 bis unter 50 Jahre,m,8348
14729,2023,50 bis unter 55 Jahre,f,8711
14729,2023,50 bis unter 55 Jahre,m,9214
14729,2023,65 bis unter 70 Jahre,f,10161
14729,2023,65 bis unter 70 Jahre,m,9288
14729,2023,80 bis unter 85 Jahre,m,5292
14729,2023,80 bis unter 85 Jahre,f,7629
14729,2023,5 bis unter 10 Jahre,m,6756
14729,2023,5 bis unter 10 Jahre,f,6341
14729,2023,40 bis unter 45 Jahre,m,9010
14729,2023,40 bis unter 45 Jahre,f,8656
14729,2023,10 bis unter 15 Jahre,f,5915
14729,2023,10 bis unter 15 Jahre,m,6774
14729,2023,unter 5 Jahre,m,5184
14729,2023,unter 5 Jahre,f,4826
14729,2023,20 bis unter 25 Jahre,m,4892
14729,2023,20 bis unter 25 Jahre,f,4178
14729,2023,75 bis unter 80 Jahre,m,4732
14729,2023,75 bis unter 80 Jahre,f,6246
14729,2023,30 bis unter 35 Jahre,m,5530
14729,2023,30 bis unter 35 Jahre,f,5812
14729,2023,85 bis unter 90 Jahre,f,4817
14729,2023,85 bis unter 90 Jahre,m,2855
14729,2023,35 bis unter 40 Jahre,f,8732
14729,2023,35 bis unter 40 Jahre,m,8787
14729,2023,15 bis unter 20 Jahre,f,5658
14729,2023,15 bis unter 20 Jahre,m,6311
14729,2023,95 Jahre und mehr,f,509
14729,2023,95 Jahre und mehr,m,144
14729,2023,90 bis unter 95 Jahre,m,699
14729,2023,90 bis unter 95 Jahre,f,1834
14729,2023,60 bis unter 65 Jahre,f,11350
14729,2023,60 bis unter 65 Jahre,m,11299
14729,2023,55 bis unter 60 Jahre,m,11140
14729,2023,55 bis unter 60 Jahre,f,10639
14729,2023,70 bis unter 75 Jahre,f,9380
14729,2023,70 bis unter 75 Jahre,m,8186
14730,2023,75 bis unter 80 Jahre,f,4353
14730,2023,75 bis unter 80 Jahre,m,3374
14730,2023,40 bis unter 45 Jahre,f,6491
14730,2023,40 bis unter 45 Jahre,m,7282
14730,2023,20 bis unter 25 Jahre,f,3144
14730,2023,20 bis unter 25 Jahre,m,4430
14730,2023,15 bis unter 20 Jahre,m,4700
14730,2023,15 bis unter 20 Jahre,f,4297
14730,2023,35 bis unter 40 Jahre,f,6866
14730,2023,35 bis unter 40 Jahre,m,7138
14730,2023,55 bis unter 60 Jahre,f,8262
14730,2023,55 bis unter 60 Jahre,m,8381
14730,2023,60 bis unter 65 Jahre,f,9128
14730,2023,60 bis unter 65 Jahre,m,8761
14730,2023,95 Jahre und mehr,f,381
14730,2023,95 Jahre und mehr,m,105
14730,2023,unter 5 Jahre,f,3760
14730,2023,unter 5 Jahre,m,3963
14730,2023,65 bis unter 70 Jahre,m,7525
14730,2023,65 bis unter 70 Jahre,f,7972
14730,2023,85 bis unter 90 Jahre,m,2080
14730,2023,85 bis unter 90 Jahre,f,3668
14730,2023,90 bis unter 95 Jahre,m,506
14730,2023,90 bis unter 95 Jahre,f,1356
14730,2023,5 bis unter 10 Jahre,f,4890
14730,2023,5 bis unter 10 Jahre,m,5072
14730,2023,10 bis unter 15 Jahre,m,4787
14730,2023,10 bis unter 15 Jahre,f,4633
14730,2023,30 bis unter 35 Jahre,f,4348
14730,2023,30 bis unter 35 Jahre,m,4711
14730,2023,25 bis unter 30 Jahre,f,2820
14730,2023,25 bis unter 30 Jahre,m,3350
14730,2023,45 bis unter 50 Jahre,m,6334
14730,2023,45 bis unter 50 Jahre,f,5532
14730,2023,50 bis unter 55 Jahre,f,6492
14730,2023,50 bis unter 55 Jahre,m,6944
14730,2023,80 bis unter 85 Jahre,m,3905
14730,2023,80 bis unter 85 Jahre,f,5697
14730,2023,70 bis unter 75 Jahre,m,6203
14730,2023,70 bis unter 75 Jahre,f,7137
15001,2023,90 bis unter 95 Jahre,m,259
15001,2023,90 bis unter 95 Jahre,f,594
15001,2023,35 bis unter 40 Jahre,f,2237
15001,2023,35 bis unter 40 Jahre,m,2250
15001,2023,70 bis unter 75 Jahre,m,2505
15001,2023,70 bis unter 75 Jahre,f,3260
15001,2023,15 bis unter 20 Jahre,f,1407
15001,2023,15 bis unter 20 Jahre,m,1626
15001,2023,50 bis unter 55 Jahre,m,2315
15001,2023,50 bis unter 55 Jahre,f,2365
15001,2023,30 bis unter 35 Jahre,m,1751
15001,2023,30 bis unter 35 Jahre,f,1735
15001,2023,unter 5 Jahre,f,1308
15001,2023,unter 5 Jahre,m,1376
15001,2023,75 bis unter 80 Jahre,f,2291
15001,2023,75 bis unter 80 Jahre,m,1688
15001,2023,10 bis unter 15 Jahre,m,1633
15001,2023,10 bis unter 15 Jahre,f,1436
15001,2023,5 bis unter 10 Jahre,m,1608
15001,2023,5 bis unter 10 Jahre,f,1491
15001,2023,40 bis unter 45 Jahre,f,2172
15001,2023,40 bis unter 45 Jahre,m,2243
15001,2023,65 bis unter 70 Jahre,m,2779
15001,2023,65 bis unter 70 Jahre,f,3122
15001,2023,85 bis unter 90 Jahre,f,1920
15001,2023,85 bis unter 90 Jahre,m,1147
15001,2023,20 bis unter 25 Jahre,f,1342
15001,2023,20 bis unter 25 Jahre,m,1476
15001,2023,95 Jahre und mehr,m,46
15001,2023,95 Jahre und mehr,f,180
15001,2023,25 bis unter 30 Jahre,f,1499
15001,2023,25 bis unter 30 Jahre,m,1537
15001,2023,80 bis unter 85 Jahre,m,2086
15001,2023,80 bis unter 85 Jahre,f,2867
15001,2023,55 bis unter 60 Jahre,m,3015
15001,2023,55 bis unter 60 Jahre,f,3155
15001,2023,60 bis unter 65 Jahre,f,3397
15001,2023,60 bis unter 65 Jahre,m,3136
15001,2023,45 bis unter 50 Jahre,m,1938
15001,2023,45 bis unter 50 Jahre,f,1870
15002,2023,45 bis unter 50 Jahre,f,5834
15002,2023,45 bis unter 50 Jahre,m,6094
15002,2023,25 bis unter 30 Jahre,f,7182
15002,2023,25 bis unter 30 Jahre,m,7817
15002,2023,65 bis unter 70 Jahre,f,7145
15002,2023,65 bis unter 70 Jahre,m,5722
15002,2023,5 bis unter 10 Jahre,m,5641
15002,2023,5 bis unter 10 Jahre,f,4882
15002,2023,95 Jahre und mehr,m,110
15002,2023,95 Jahre und mehr,f,413
15002,2023,50 bis unter 55 Jahre,f,6508
15002,2023,50 bis unter 55 Jahre,m,6759
15002,2023,80 bis unter 85 Jahre,m,4540
15002,2023,80 bis unter 85 Jahre,f,6799
15002,2023,85 bis unter 90 Jahre,f,4125
15002,2023,85 bis unter 90 Jahre,m,2170
15002,2023,40 bis unter 45 Jahre,m,7378
15002,2023,40 bis unter 45 Jahre,f,6947
15002,2023,10 bis unter 15 Jahre,f,4835
15002,2023,10 bis unter 15 Jahre,m,5382
15002,2023,55 bis unter 60 Jahre,m,7426
15002,2023,55 bis unter 60 Jahre,f,7412
15002,2023,90 bis unter 95 Jahre,f,1362
15002,2023,90 bis unter 95 Jahre,m,562
15002,2023,70 bis unter 75 Jahre,f,7700
15002,2023,70 bis unter 75 Jahre,m,5406
15002,2023,60 bis unter 65 Jahre,m,6805
15002,2023,60 bis unter 65 Jahre,f,7599
15002,2023,35 bis unter 40 Jahre,m,7872
15002,2023,35 bis unter 40 Jahre,f,7523
15002,2023,15 bis unter 20 Jahre,f,5526
15002,2023,15 bis unter 20 Jahre,m,5762
15002,2023,20 bis unter 25 Jahre,f,8928
15002,2023,20 bis unter 25 Jahre,m,8053
15002,2023,unter 5 Jahre,f,4522
15002,2023,unter 5 Jahre,m,4932
15002,2023,75 bis unter 80 Jahre,f,5796
15002,2023,75 bis unter 80 Jahre,m,3903
15002,2023,30 bis unter 35 Jahre,m,7483
15002,2023,30 bis unter 35 Jahre,f,6784
15003,2023,20 bis unter 25 Jahre,f,7811
15003,2023,20 bis unter 25 Jahre,m,8326
15003,2023,75 bis unter 80 Jahre,f,5794
15003,2023,75 bis unter 80 Jahre,m,4144
15003,2023,unter 5 Jahre,f,4655
15003,2023,unter 5 Jahre,m,5114
15003,2023,90 bis unter 95 Jahre,m,581
15003,2023,90 bis unter 95 Jahre,f,1443
15003,2023,60 bis unter 65 Jahre,f,8749
15003,2023,60 bis unter 65 Jahre,m,7964
15003,2023,15 bis unter 20 Jahre,m,5884
15003,2023,15 bis unter 20 Jahre,f,5084
15003,2023,35 bis unter 40 Jahre,f,8317
15003,2023,35 bis unter 40 Jahre,m,9283
15003,2023,40 bis unter 45 Jahre,m,8138
15003,2023,40 bis unter 45 Jahre,f,7334
15003,2023,30 bis unter 35 Jahre,m,8572
15003,2023,30 bis unter 35 Jahre,f,7269
15003,2023,10 bis unter 15 Jahre,m,5446
15003,2023,10 bis unter 15 Jahre,f,4845
15003,2023,5 bis unter 10 Jahre,f,5021
15003,2023,5 bis unter 10 Jahre,m,5862
15003,2023,85 bis unter 90 Jahre,m,2495
15003,2023,85 bis unter 90 Jahre,f,4411
15003,2023,65 bis unter 70 Jahre,f,7727
15003,2023,65 bis unter 70 Jahre,m,6546
15003,2023,25 bis unter 30 Jahre,f,7450
15003,2023,25 bis unter 30 Jahre,m,9209
15003,2023,50 bis unter 55 Jahre,f,7019
15003,2023,50 bis unter 55 Jahre,m,7152
15003,2023,45 bis unter 50 Jahre,f,6135
15003,2023,45 bis unter 50 Jahre,m,6570
15003,2023,70 bis unter 75 Jahre,f,7919
15003,2023,70 bis unter 75 Jahre,m,5852
15003,2023,95 Jahre und mehr,m,110
15003,2023,95 Jahre und mehr,f,449
15003,2023,55 bis unter 60 Jahre,m,7918
15003,2023,55 bis unter 60 Jahre,f,8162
15003,2023,80 bis unter 85 Jahre,m,4707
15003,2023,80 bis unter 85 Jahre,f,7024
15081,2023,unter 5 Jahre,m,1548
15081,2023,unter 5 Jahre,f,1410
15081,2023,35 bis unter 40 Jahre,m,2771
15081,2023,35 bis unter 40 Jahre,f,2514
15081,2023,55 bis unter 60 Jahre,m,3613
15081,2023,55 bis unter 60 Jahre,f,3716
15081,2023,75 bis unter 80 Jahre,m,1284
15081,2023,75 bis unter 80 Jahre,f,1701
15081,2023,20 bis unter 25 Jahre,f,1262
15081,2023,20 bis unter 25 Jahre,m,1581
15081,2023,60 bis unter 65 Jahre,f,4131
15081,2023,60 bis unter 65 Jahre,m,3975
15081,2023,15 bis unter 20 Jahre,m,2011
15081,2023,15 bis unter 20 Jahre,f,1610
15081,2023,95 Jahre und mehr,m,30
15081,2023,95 Jahre und mehr,f,132
15081,2023,40 bis unter 45 Jahre,m,2767
15081,2023,40 bis unter 45 Jahre,f,2420
15081,2023,45 bis unter 50 Jahre,f,2085
15081,2023,45 bis unter 50 Jahre,m,2376
15081,2023,80 bis unter 85 Jahre,m,1420
15081,2023,80 bis unter 85 Jahre,f,2136
15081,2023,65 bis unter 70 Jahre,f,3429
15081,2023,65 bis unter 70 Jahre,m,3316
15081,2023,70 bis unter 75 Jahre,m,2476
15081,2023,70 bis unter 75 Jahre,f,2835
15081,2023,90 bis unter 95 Jahre,f,479
15081,2023,90 bis unter 95 Jahre,m,181
15081,2023,10 bis unter 15 Jahre,m,1937
15081,2023,10 bis unter 15 Jahre,f,1811
15081,2023,30 bis unter 35 Jahre,m,1900
15081,2023,30 bis unter 35 Jahre,f,1760
15081,2023,5 bis unter 10 Jahre,m,1993
15081,2023,5 bis unter 10 Jahre,f,1702
15081,2023,25 bis unter 30 Jahre,m,1452
15081,2023,25 bis unter 30 Jahre,f,1255
15081,2023,50 bis unter 55 Jahre,m,2826
15081,2023,50 bis unter 55 Jahre,f,2643
15081,2023,85 bis unter 90 Jahre,f,1540
15081,2023,85 bis unter 90 Jahre,m,752
15082,2023,30 bis unter 35 Jahre,m,3501
15082,2023,30 bis unter 35 Jahre,f,3311
15082,2023,85 bis unter 90 Jahre,m,1671
15082,2023,85 bis unter 90 Jahre,f,2991
15082,2023,50 bis unter 55 Jahre,m,5535
15082,2023,50 bis unter 55 Jahre,f,5096
15082,2023,10 bis unter 15 Jahre,m,3341
15082,2023,10 bis unter 15 Jahre,f,3208
15082,2023,25 bis unter 30 Jahre,m,2644
15082,2023,25 bis unter 30 Jahre,f,2150
15082,2023,90 bis unter 95 Jahre,m,377
15082,2023,90 bis unter 95 Jahre,f,1108
15082,2023,70 bis unter 75 Jahre,f,6000
15082,2023,70 bis unter 75 Jahre,m,5102
15082,2023,65 bis unter 70 Jahre,m,6111
15082,2023,65 bis unter 70 Jahre,f,6732
15082,2023,35 bis unter 40 Jahre,f,4867
15082,2023,35 bis unter 40 Jahre,m,5106
15082,2023,20 bis unter 25 Jahre,f,2515
15082,2023,20 bis unter 25 Jahre,m,3257
15082,2023,5 bis unter 10 Jahre,m,3220
15082,2023,5 bis unter 10 Jahre,f,3212
15082,2023,15 bis unter 20 Jahre,f,3117
15082,2023,15 bis unter 20 Jahre,m,3266
15082,2023,40 bis unter 45 Jahre,f,4664
15082,2023,40 bis unter 45 Jahre,m,5200
15082,2023,75 bis unter 80 Jahre,m,2860
15082,2023,75 bis unter 80 Jahre,f,3887
15082,2023,95 Jahre und mehr,f,296
15082,2023,95 Jahre und mehr,m,55
15082,2023,55 bis unter 60 Jahre,m,6545
15082,2023,55 bis unter 60 Jahre,f,6536
15082,2023,60 bis unter 65 Jahre,m,7022
15082,2023,60 bis unter 65 Jahre,f,7266
15082,2023,80 bis unter 85 Jahre,m,3202
15082,2023,80 bis unter 85 Jahre,f,4951
15082,2023,unter 5 Jahre,m,2702
15082,2023,unter 5 Jahre,f,2559
15082,2023,45 bis unter 50 Jahre,f,4071
15082,2023,45 bis unter 50 Jahre,m,4547
15083,2023,80 bis unter 85 Jahre,m,2774
15083,2023,80 bis unter 85 Jahre,f,4085
15083,2023,40 bis unter 45 Jahre,m,6155
15083,2023,40 bis unter 45 Jahre,f,5593
15083,2023,5 bis unter 10 Jahre,f,3846
15083,2023,5 bis unter 10 Jahre,m,4114
15083,2023,60 bis unter 65 Jahre,m,7763
15083,2023,60 bis unter 65 Jahre,f,8016
15083,2023,unter 5 Jahre,m,3325
15083,2023,unter 5 Jahre,f,2997
15083,2023,75 bis unter 80 Jahre,m,2923
15083,2023,75 bis unter 80 Jahre,f,3537
15083,2023,65 bis unter 70 Jahre,f,6998
15083,2023,65 bis unter 70 Jahre,m,6530
15083,2023,95 Jahre und mehr,f,292
15083,2023,95 Jahre und mehr,m,48
15083,2023,55 bis unter 60 Jahre,f,7231
15083,2023,55 bis unter 60 Jahre,m,7347
15083,2023,10 bis unter 15 Jahre,f,3799
15083,2023,10 bis unter 15 Jahre,m,4136
15083,2023,45 bis unter 50 Jahre,f,4675
15083,2023,45 bis unter 50 Jahre,m,5271
15083,2023,35 bis unter 40 Jahre,m,6021
15083,2023,35 bis unter 40 Jahre,f,5810
15083,2023,90 bis unter 95 Jahre,f,982
15083,2023,90 bis unter 95 Jahre,m,341
15083,2023,70 bis unter 75 Jahre,m,5415
15083,2023,70 bis unter 75 Jahre,f,5993
15083,2023,85 bis unter 90 Jahre,m,1398
15083,2023,85 bis unter 90 Jahre,f,2792
15083,2023,25 bis unter 30 Jahre,m,2827
15083,2023,25 bis unter 30 Jahre,f,2339
15083,2023,20 bis unter 25 Jahre,f,2485
15083,2023,20 bis unter 25 Jahre,m,3277
15083,2023,50 bis unter 55 Jahre,m,6119
15083,2023,50 bis unter 55 Jahre,f,5833
15083,2023,15 bis unter 20 Jahre,m,4152
15083,2023,15 bis unter 20 Jahre,f,3455
15083,2023,30 bis unter 35 Jahre,f,3979
15083,2023,30 bis unter 35 Jahre,m,3920
15084,2023,95 Jahre und mehr,m,73
15084,2023,95 Jahre und mehr,f,359
15084,2023,90 bis unter 95 Jahre,m,493
15084,2023,90 bis unter 95 Jahre,f,1357
15084,2023,50 bis unter 55 Jahre,m,6024
15084,2023,50 bis unter 55 Jahre,f,5510
15084,2023,20 bis unter 25 Jahre,f,2828
15084,2023,20 bis unter 25 Jahre,m,3463
15084,2023,65 bis unter 70 Jahre,m,6812
15084,2023,65 bis unter 70 Jahre,f,7534
15084,2023,35 bis unter 40 Jahre,f,5698
15084,2023,35 bis unter 40 Jahre,m,5924
15084,2023,10 bis unter 15 Jahre,m,3958
15084,2023,10 bis unter 15 Jahre,f,3640
15084,2023,60 bis unter 65 Jahre,f,8079
15084,2023,60 bis unter 65 Jahre,m,7827
15084,2023,15 bis unter 20 Jahre,m,3994
15084,2023,15 bis unter 20 Jahre,f,3565
15084,2023,40 bis unter 45 Jahre,m,5799
15084,2023,40 bis unter 45 Jahre,f,5480
15084,2023,85 bis unter 90 Jahre,m,1881
15084,2023,85 bis unter 90 Jahre,f,3618
15084,2023,5 bis unter 10 Jahre,m,4021
15084,2023,5 bis unter 10 Jahre,f,3793
15084,2023,30 bis unter 35 Jahre,m,4054
15084,2023,30 bis unter 35 Jahre,f,3777
15084,2023,25 bis unter 30 Jahre,f,2636
15084,2023,25 bis unter 30 Jahre,m,3033
15084,2023,75 bis unter 80 Jahre,m,3269
15084,2023,75 bis unter 80 Jahre,f,4274
15084,2023,45 bis unter 50 Jahre,f,4483
15084,2023,45 bis unter 50 Jahre,m,4918
15084,2023,70 bis unter 75 Jahre,f,6791
15084,2023,70 bis unter 75 Jahre,m,5790
15084,2023,80 bis unter 85 Jahre,f,5565
15084,2023,80 bis unter 85 Jahre,m,3773
15084,2023,unter 5 Jahre,m,3166
15084,2023,unter 5 Jahre,f,3041
15084,2023,55 bis unter 60 Jahre,m,7536
15084,2023,55 bis unter 60 Jahre,f,7381
15085,2023,25 bis unter 30 Jahre,f,3130
15085,2023,25 bis unter 30 Jahre,m,3593
15085,2023,10 bis unter 15 Jahre,f,4180
15085,2023,10 bis unter 15 Jahre,m,4357
15085,2023,5 bis unter 10 Jahre,f,4086
15085,2023,5 bis unter 10 Jahre,m,4218
15085,2023,85 bis unter 90 Jahre,f,4256
15085,2023,85 bis unter 90 Jahre,m,2250
15085,2023,60 bis unter 65 Jahre,m,9383
15085,2023,60 bis unter 65 Jahre,f,9871
15085,2023,70 bis unter 75 Jahre,f,8378
15085,2023,70 bis unter 75 Jahre,m,7116
15085,2023,30 bis unter 35 Jahre,f,4356
15085,2023,30 bis unter 35 Jahre,m,4679
15085,2023,75 bis unter 80 Jahre,m,4284
15085,2023,75 bis unter 80 Jahre,f,5710
15085,2023,45 bis unter 50 Jahre,f,5431
15085,2023,45 bis unter 50 Jahre,m,5802
15085,2023,65 bis unter 70 Jahre,m,8117
15085,2023,65 bis unter 70 Jahre,f,8865
15085,2023,55 bis unter 60 Jahre,m,8917
15085,2023,55 bis unter 60 Jahre,f,8804
15085,2023,90 bis unter 95 Jahre,f,1507
15085,2023,90 bis unter 95 Jahre,m,516
15085,2023,35 bis unter 40 Jahre,m,6710
15085,2023,35 bis unter 40 Jahre,f,6451
15085,2023,80 bis unter 85 Jahre,f,6598
15085,2023,80 bis unter 85 Jahre,m,4458
15085,2023,unter 5 Jahre,m,3518
15085,2023,unter 5 Jahre,f,3258
15085,2023,15 bis unter 20 Jahre,f,4052
15085,2023,15 bis unter 20 Jahre,m,4567
15085,2023,20 bis unter 25 Jahre,f,3440
15085,2023,20 bis unter 25 Jahre,m,4476
15085,2023,95 Jahre und mehr,f,422
15085,2023,95 Jahre und mehr,m,90
15085,2023,40 bis unter 45 Jahre,f,6439
15085,2023,40 bis unter 45 Jahre,m,6714
15085,2023,50 bis unter 55 Jahre,m,7275
15085,2023,50 bis unter 55 Jahre,f,6860
15086,2023,75 bis unter 80 Jahre,f,1970
15086,2023,75 bis unter 80 Jahre,m,1553
15086,2023,55 bis unter 60 Jahre,f,3778
15086,2023,55 bis unter 60 Jahre,m,3891
15086,2023,unter 5 Jahre,f,1548
15086,2023,unter 5 Jahre,m,1620
15086,2023,35 bis unter 40 Jahre,f,2931
15086,2023,35 bis unter 40 Jahre,m,3017
15086,2023,40 bis unter 45 Jahre,f,2745
15086,2023,40 bis unter 45 Jahre,m,3036
15086,2023,20 bis unter 25 Jahre,f,1302
15086,2023,20 bis unter 25 Jahre,m,1704
15086,2023,15 bis unter 20 Jahre,f,1742
15086,2023,15 bis unter 20 Jahre,m,1955
15086,2023,80 bis unter 85 Jahre,f,2546
15086,2023,80 bis unter 85 Jahre,m,1675
15086,2023,60 bis unter 65 Jahre,m,4377
15086,2023,60 bis unter 65 Jahre,f,4340
15086,2023,85 bis unter 90 Jahre,m,897
15086,2023,85 bis unter 90 Jahre,f,1752
15086,2023,30 bis unter 35 Jahre,m,1987
15086,2023,30 bis unter 35 Jahre,f,1934
15086,2023,50 bis unter 55 Jahre,m,3172
15086,2023,50 bis unter 55 Jahre,f,2871
15086,2023,5 bis unter 10 Jahre,m,2148
15086,2023,5 bis unter 10 Jahre,f,1978
15086,2023,25 bis unter 30 Jahre,f,1161
15086,2023,25 bis unter 30 Jahre,m,1446
15086,2023,65 bis unter 70 Jahre,f,3778
15086,2023,65 bis unter 70 Jahre,m,3616
15086,2023,10 bis unter 15 Jahre,m,2003
15086,2023,10 bis unter 15 Jahre,f,2027
15086,2023,70 bis unter 75 Jahre,f,3239
15086,2023,70 bis unter 75 Jahre,m,2874
15086,2023,45 bis unter 50 Jahre,f,2448
15086,2023,45 bis unter 50 Jahre,m,2639
15086,2023,95 Jahre und mehr,m,31
15086,2023,95 Jahre und mehr,f,164
15086,2023,90 bis unter 95 Jahre,f,573
15086,2023,90 bis unter 95 Jahre,m,227
15087,2023,5 bis unter 10 Jahre,m,2622
15087,2023,5 bis unter 10 Jahre,f,2442
15087,2023,50 bis unter 55 Jahre,f,4355
15087,2023,50 bis unter 55 Jahre,m,4617
15087,2023,95 Jahre und mehr,m,56
15087,2023,95 Jahre und mehr,f,254
15087,2023,45 bis unter 50 Jahre,m,3709
15087,2023,45 bis unter 50 Jahre,f,3323
15087,2023,85 bis unter 90 Jahre,f,2794
15087,2023,85 bis unter 90 Jahre,m,1475
15087,2023,90 bis unter 95 Jahre,f,998
15087,2023,90 bis unter 95 Jahre,m,362
15087,2023,10 bis unter 15 Jahre,m,2817
15087,2023,10 bis unter 15 Jahre,f,2609
15087,2023,70 bis unter 75 Jahre,f,5478
15087,2023,70 bis unter 75 Jahre,m,4711
15087,2023,25 bis unter 30 Jahre,m,2172
15087,2023,25 bis unter 30 Jahre,f,1720
15087,2023,30 bis unter 35 Jahre,m,2755
15087,2023,30 bis unter 35 Jahre,f,2557
15087,2023,65 bis unter 70 Jahre,f,5856
15087,2023,65 bis unter 70 Jahre,m,5556
15087,2023,80 bis unter 85 Jahre,m,2922
15087,2023,80 bis unter 85 Jahre,f,4332
15087,2023,unter 5 Jahre,f,1962
15087,2023,unter 5 Jahre,m,2190
15087,2023,55 bis unter 60 Jahre,m,5669
15087,2023,55 bis unter 60 Jahre,f,5520
15087,2023,75 bis unter 80 Jahre,f,3594
15087,2023,75 bis unter 80 Jahre,m,2851
15087,2023,15 bis unter 20 Jahre,m,2746
15087,2023,15 bis unter 20 Jahre,f,2489
15087,2023,60 bis unter 65 Jahre,f,6347
15087,2023,60 bis unter 65 Jahre,m,6233
15087,2023,40 bis unter 45 Jahre,f,3742
15087,2023,40 bis unter 45 Jahre,m,4093
15087,2023,20 bis unter 25 Jahre,f,2009
15087,2023,20 bis unter 25 Jahre,m,2536
15087,2023,35 bis unter 40 Jahre,m,4033
15087,2023,35 bis unter 40 Jahre,f,3656
15088,2023,55 bis unter 60 Jahre,m,7841
15088,2023,55 bis unter 60 Jahre,f,7700
15088,2023,20 bis unter 25 Jahre,m,3660
15088,2023,20 bis unter 25 Jahre,f,2905
15088,2023,35 bis unter 40 Jahre,m,6239
15088,2023,35 bis unter 40 Jahre,f,6097
15088,2023,80 bis unter 85 Jahre,f,4882
15088,2023,80 bis unter 85 Jahre,m,3502
15088,2023,75 bis unter 80 Jahre,m,3467
15088,2023,75 bis unter 80 Jahre,f,4188
15088,2023,40 bis unter 45 Jahre,f,5957
15088,2023,40 bis unter 45 Jahre,m,6643
15088,2023,60 bis unter 65 Jahre,m,7846
15088,2023,60 bis unter 65 Jahre,f,8221
15088,2023,15 bis unter 20 Jahre,f,3803
15088,2023,15 bis unter 20 Jahre,m,4317
15088,2023,25 bis unter 30 Jahre,f,2688
15088,2023,25 bis unter 30 Jahre,m,3097
15088,2023,45 bis unter 50 Jahre,f,4938
15088,2023,45 bis unter 50 Jahre,m,5644
15088,2023,50 bis unter 55 Jahre,m,6746
15088,2023,50 bis unter 55 Jahre,f,6402
15088,2023,10 bis unter 15 Jahre,m,4311
15088,2023,10 bis unter 15 Jahre,f,4170
15088,2023,90 bis unter 95 Jahre,f,1129
15088,2023,90 bis unter 95 Jahre,m,425
15088,2023,70 bis unter 75 Jahre,f,6872
15088,2023,70 bis unter 75 Jahre,m,6058
15088,2023,30 bis unter 35 Jahre,m,4238
15088,2023,30 bis unter 35 Jahre,f,4114
15088,2023,5 bis unter 10 Jahre,m,4374
15088,2023,5 bis unter 10 Jahre,f,4140
15088,2023,65 bis unter 70 Jahre,f,7549
15088,2023,65 bis unter 70 Jahre,m,6684
15088,2023,95 Jahre und mehr,f,312
15088,2023,95 Jahre und mehr,m,65
15088,2023,85 bis unter 90 Jahre,m,1639
15088,2023,85 bis unter 90 Jahre,f,2939
15088,2023,unter 5 Jahre,f,3421
15088,2023,unter 5 Jahre,m,3454
15089,2023,85 bis unter 90 Jahre,m,1794
15089,2023,85 bis unter 90 Jahre,f,3729
15089,2023,30 bis unter 35 Jahre,m,4310
15089,2023,30 bis unter 35 Jahre,f,3897
15089,2023,10 bis unter 15 Jahre,m,3982
15089,2023,10 bis unter 15 Jahre,f,3805
15089,2023,5 bis unter 10 Jahre,m,4029
15089,2023,5 bis unter 10 Jahre,f,3735
15089,2023,70 bis unter 75 Jahre,m,5769
15089,2023,70 bis unter 75 Jahre,f,7119
15089,2023,90 bis unter 95 Jahre,f,1316
15089,2023,90 bis unter 95 Jahre,m,433
15089,2023,15 bis unter 20 Jahre,f,3632
15089,2023,15 bis unter 20 Jahre,m,4096
15089,2023,45 bis unter 50 Jahre,m,5225
15089,2023,45 bis unter 50 Jahre,f,4546
15089,2023,65 bis unter 70 Jahre,f,7803
15089,2023,65 bis unter 70 Jahre,m,6878
15089,2023,unter 5 Jahre,f,3050
15089,2023,unter 5 Jahre,m,3203
15089,2023,75 bis unter 80 Jahre,f,4980
15089,2023,75 bis unter 80 Jahre,m,3477
15089,2023,20 bis unter 25 Jahre,f,3185
15089,2023,20 bis unter 25 Jahre,m,3613
15089,2023,40 bis unter 45 Jahre,m,6122
15089,2023,40 bis unter 45 Jahre,f,5334
15089,2023,55 bis unter 60 Jahre,m,7939
15089,2023,55 bis unter 60 Jahre,f,7914
15089,2023,60 bis unter 65 Jahre,m,8301
15089,2023,60 bis unter 65 Jahre,f,8722
15089,2023,35 bis unter 40 Jahre,m,6108
15089,2023,35 bis unter 40 Jahre,f,5380
15089,2023,80 bis unter 85 Jahre,f,5964
15089,2023,80 bis unter 85 Jahre,m,3761
15089,2023,95 Jahre und mehr,f,409
15089,2023,95 Jahre und mehr,m,72
15089,2023,25 bis unter 30 Jahre,f,2867
15089,2023,25 bis unter 30 Jahre,m,3219
15089,2023,50 bis unter 55 Jahre,f,5904
15089,2023,50 bis unter 55 Jahre,m,6674
15090,2023,5 bis unter 10 Jahre,f,2210
15090,2023,5 bis unter 10 Jahre,m,2418
15090,2023,25 bis unter 30 Jahre,f,1652
15090,2023,25 bis unter 30 Jahre,m,1820
15090,2023,80 bis unter 85 Jahre,m,1969
15090,2023,80 bis unter 85 Jahre,f,2978
15090,2023,45 bis unter 50 Jahre,f,2769
15090,2023,45 bis unter 50 Jahre,m,2924
15090,2023,60 bis unter 65 Jahre,m,5242
15090,2023,60 bis unter 65 Jahre,f,5515
15090,2023,30 bis unter 35 Jahre,f,2369
15090,2023,30 bis unter 35 Jahre,m,2465
15090,2023,20 bis unter 25 Jahre,m,2151
15090,2023,20 bis unter 25 Jahre,f,1789
15090,2023,90 bis unter 95 Jahre,f,682
15090,2023,90 bis unter 95 Jahre,m,254
15090,2023,10 bis unter 15 Jahre,m,2535
15090,2023,10 bis unter 15 Jahre,f,2423
15090,2023,85 bis unter 90 Jahre,f,1989
15090,2023,85 bis unter 90 Jahre,m,1065
15090,2023,55 bis unter 60 Jahre,m,4750
15090,2023,55 bis unter 60 Jahre,f,4773
15090,2023,65 bis unter 70 Jahre,f,4683
15090,2023,65 bis unter 70 Jahre,m,4482
15090,2023,75 bis unter 80 Jahre,m,1927
15090,2023,75 bis unter 80 Jahre,f,2349
15090,2023,unter 5 Jahre,m,1991
15090,2023,unter 5 Jahre,f,1893
15090,2023,15 bis unter 20 Jahre,f,2223
15090,2023,15 bis unter 20 Jahre,m,2468
15090,2023,95 Jahre und mehr,m,44
15090,2023,95 Jahre und mehr,f,198
15090,2023,40 bis unter 45 Jahre,f,3016
15090,2023,40 bis unter 45 Jahre,m,3340
15090,2023,70 bis unter 75 Jahre,m,3488
15090,2023,70 bis unter 75 Jahre,f,3882
15090,2023,35 bis unter 40 Jahre,m,3577
15090,2023,35 bis unter 40 Jahre,f,3309
15090,2023,50 bis unter 55 Jahre,f,3524
15090,2023,50 bis unter 55 Jahre,m,3657
15091,2023,unter 5 Jahre,f,2069
15091,2023,unter 5 Jahre,m,2202
15091,2023,55 bis unter 60 Jahre,f,5300
15091,2023,55 bis unter 60 Jahre,m,5458
15091,2023,85 bis unter 90 Jahre,m,1374
15091,2023,85 bis unter 90 Jahre,f,2587
15091,2023,15 bis unter 20 Jahre,f,2319
15091,2023,15 bis unter 20 Jahre,m,2695
15091,2023,70 bis unter 75 Jahre,m,4211
15091,2023,70 bis unter 75 Jahre,f,4972
15091,2023,40 bis unter 45 Jahre,f,3520
15091,2023,40 bis unter 45 Jahre,m,3873
15091,2023,95 Jahre und mehr,m,42
15091,2023,95 Jahre und mehr,f,203
15091,2023,30 bis unter 35 Jahre,m,2818
15091,2023,30 bis unter 35 Jahre,f,2547
15091,2023,80 bis unter 85 Jahre,f,4167
15091,2023,80 bis unter 85 Jahre,m,2638
15091,2023,35 bis unter 40 Jahre,m,4011
15091,2023,35 bis unter 40 Jahre,f,3678
15091,2023,60 bis unter 65 Jahre,m,5706
15091,2023,60 bis unter 65 Jahre,f,5872
15091,2023,25 bis unter 30 Jahre,m,2018
15091,2023,25 bis unter 30 Jahre,f,1661
15091,2023,50 bis unter 55 Jahre,m,4337
15091,2023,50 bis unter 55 Jahre,f,3980
15091,2023,10 bis unter 15 Jahre,f,2495
15091,2023,10 bis unter 15 Jahre,m,2823
15091,2023,5 bis unter 10 Jahre,f,2462
15091,2023,5 bis unter 10 Jahre,m,2636
15091,2023,45 bis unter 50 Jahre,f,3139
15091,2023,45 bis unter 50 Jahre,m,3398
15091,2023,65 bis unter 70 Jahre,f,5513
15091,2023,65 bis unter 70 Jahre,m,4892
15091,2023,90 bis unter 95 Jahre,f,857
15091,2023,90 bis unter 95 Jahre,m,324
15091,2023,20 bis unter 25 Jahre,m,2314
15091,2023,20 bis unter 25 Jahre,f,1708
15091,2023,75 bis unter 80 Jahre,m,2388
15091,2023,75 bis unter 80 Jahre,f,3023
16051,2023,25 bis unter 30 Jahre,m,6717
16051,2023,25 bis unter 30 Jahre,f,6348
16051,2023,10 bis unter 15 Jahre,m,5135
16051,2023,10 bis unter 15 Jahre,f,4868
16051,2023,70 bis unter 75 Jahre,f,6820
16051,2023,70 bis unter 75 Jahre,m,5427
16051,2023,5 bis unter 10 Jahre,m,5024
16051,2023,5 bis unter 10 Jahre,f,5127
16051,2023,50 bis unter 55 Jahre,f,6423
16051,2023,50 bis unter 55 Jahre,m,6919
16051,2023,30 bis unter 35 Jahre,f,6758
16051,2023,30 bis unter 35 Jahre,m,7351
16051,2023,65 bis unter 70 Jahre,f,7207
16051,2023,65 bis unter 70 Jahre,m,6161
16051,2023,85 bis unter 90 Jahre,m,1932
16051,2023,85 bis unter 90 Jahre,f,3329
16051,2023,95 Jahre und mehr,f,344
16051,2023,95 Jahre und mehr,m,77
16051,2023,90 bis unter 95 Jahre,f,1087
16051,2023,90 bis unter 95 Jahre,m,497
16051,2023,45 bis unter 50 Jahre,m,6550
16051,2023,45 bis unter 50 Jahre,f,6077
16051,2023,60 bis unter 65 Jahre,m,7523
16051,2023,60 bis unter 65 Jahre,f,7940
16051,2023,35 bis unter 40 Jahre,f,7844
16051,2023,35 bis unter 40 Jahre,m,8778
16051,2023,80 bis unter 85 Jahre,f,5527
16051,2023,80 bis unter 85 Jahre,m,3905
16051,2023,unter 5 Jahre,m,4381
16051,2023,unter 5 Jahre,f,4274
16051,2023,15 bis unter 20 Jahre,m,5092
16051,2023,15 bis unter 20 Jahre,f,5124
16051,2023,20 bis unter 25 Jahre,m,6725
16051,2023,20 bis unter 25 Jahre,f,7620
16051,2023,40 bis unter 45 Jahre,m,7853
16051,2023,40 bis unter 45 Jahre,f,7226
16051,2023,55 bis unter 60 Jahre,m,7493
16051,2023,55 bis unter 60 Jahre,f,7734
16051,2023,75 bis unter 80 Jahre,f,4837
16051,2023,75 bis unter 80 Jahre,m,3495
16052,2023,75 bis unter 80 Jahre,m,1873
16052,2023,75 bis unter 80 Jahre,f,2554
16052,2023,55 bis unter 60 Jahre,m,3485
16052,2023,55 bis unter 60 Jahre,f,3580
16052,2023,60 bis unter 65 Jahre,m,4021
16052,2023,60 bis unter 65 Jahre,f,4069
16052,2023,unter 5 Jahre,m,1876
16052,2023,unter 5 Jahre,f,1757
16052,2023,95 Jahre und mehr,m,43
16052,2023,95 Jahre und mehr,f,191
16052,2023,35 bis unter 40 Jahre,m,3268
16052,2023,35 bis unter 40 Jahre,f,2937
16052,2023,40 bis unter 45 Jahre,m,3007
16052,2023,40 bis unter 45 Jahre,f,2857
16052,2023,80 bis unter 85 Jahre,f,3112
16052,2023,80 bis unter 85 Jahre,m,2057
16052,2023,20 bis unter 25 Jahre,m,2387
16052,2023,20 bis unter 25 Jahre,f,2154
16052,2023,30 bis unter 35 Jahre,f,2300
16052,2023,30 bis unter 35 Jahre,m,2380
16052,2023,5 bis unter 10 Jahre,f,2104
16052,2023,5 bis unter 10 Jahre,m,2212
16052,2023,10 bis unter 15 Jahre,f,2046
16052,2023,10 bis unter 15 Jahre,m,2326
16052,2023,90 bis unter 95 Jahre,m,276
16052,2023,90 bis unter 95 Jahre,f,724
16052,2023,85 bis unter 90 Jahre,f,1988
16052,2023,85 bis unter 90 Jahre,m,1086
16052,2023,65 bis unter 70 Jahre,m,3398
16052,2023,65 bis unter 70 Jahre,f,4005
16052,2023,50 bis unter 55 Jahre,f,2649
16052,2023,50 bis unter 55 Jahre,m,2936
16052,2023,70 bis unter 75 Jahre,m,2984
16052,2023,70 bis unter 75 Jahre,f,3682
16052,2023,45 bis unter 50 Jahre,m,2653
16052,2023,45 bis unter 50 Jahre,f,2352
16052,2023,15 bis unter 20 Jahre,f,2055
16052,2023,15 bis unter 20 Jahre,m,2186
16052,2023,25 bis unter 30 Jahre,f,1827
16052,2023,25 bis unter 30 Jahre,m,2298
16053,2023,50 bis unter 55 Jahre,m,3095
16053,2023,50 bis unter 55 Jahre,f,2871
16053,2023,85 bis unter 90 Jahre,m,1083
16053,2023,85 bis unter 90 Jahre,f,1789
16053,2023,90 bis unter 95 Jahre,m,287
16053,2023,90 bis unter 95 Jahre,f,607
16053,2023,65 bis unter 70 Jahre,m,2604
16053,2023,65 bis unter 70 Jahre,f,3117
16053,2023,70 bis unter 75 Jahre,m,2483
16053,2023,70 bis unter 75 Jahre,f,3159
16053,2023,45 bis unter 50 Jahre,m,3043
16053,2023,45 bis unter 50 Jahre,f,2895
16053,2023,15 bis unter 20 Jahre,f,2617
16053,2023,15 bis unter 20 Jahre,m,2539
16053,2023,unter 5 Jahre,f,2136
16053,2023,unter 5 Jahre,m,2235
16053,2023,30 bis unter 35 Jahre,m,4185
16053,2023,30 bis unter 35 Jahre,f,3574
16053,2023,5 bis unter 10 Jahre,m,2565
16053,2023,5 bis unter 10 Jahre,f,2483
16053,2023,55 bis unter 60 Jahre,f,3203
16053,2023,55 bis unter 60 Jahre,m,3288
16053,2023,60 bis unter 65 Jahre,f,3177
16053,2023,60 bis unter 65 Jahre,m,3021
16053,2023,35 bis unter 40 Jahre,f,3884
16053,2023,35 bis unter 40 Jahre,m,4256
16053,2023,80 bis unter 85 Jahre,f,3142
16053,2023,80 bis unter 85 Jahre,m,2175
16053,2023,25 bis unter 30 Jahre,m,4740
16053,2023,25 bis unter 30 Jahre,f,4302
16053,2023,40 bis unter 45 Jahre,m,3722
16053,2023,40 bis unter 45 Jahre,f,3555
16053,2023,20 bis unter 25 Jahre,m,4188
16053,2023,20 bis unter 25 Jahre,f,4632
16053,2023,95 Jahre und mehr,m,51
16053,2023,95 Jahre und mehr,f,189
16053,2023,10 bis unter 15 Jahre,f,2439
16053,2023,10 bis unter 15 Jahre,m,2504
16053,2023,75 bis unter 80 Jahre,f,2409
16053,2023,75 bis unter 80 Jahre,m,1832
16054,2023,80 bis unter 85 Jahre,m,890
16054,2023,80 bis unter 85 Jahre,f,1228
16054,2023,40 bis unter 45 Jahre,m,1064
16054,2023,40 bis unter 45 Jahre,f,904
16054,2023,10 bis unter 15 Jahre,f,644
16054,2023,10 bis unter 15 Jahre,m,653
16054,2023,65 bis unter 70 Jahre,f,1630
16054,2023,65 bis unter 70 Jahre,m,1345
16054,2023,55 bis unter 60 Jahre,m,1427
16054,2023,55 bis unter 60 Jahre,f,1452
16054,2023,25 bis unter 30 Jahre,f,548
16054,2023,25 bis unter 30 Jahre,m,950
16054,2023,5 bis unter 10 Jahre,m,667
16054,2023,5 bis unter 10 Jahre,f,619
16054,2023,50 bis unter 55 Jahre,f,1132
16054,2023,50 bis unter 55 Jahre,m,1187
16054,2023,85 bis unter 90 Jahre,f,746
16054,2023,85 bis unter 90 Jahre,m,435
16054,2023,unter 5 Jahre,m,538
16054,2023,unter 5 Jahre,f,552
16054,2023,20 bis unter 25 Jahre,f,603
16054,2023,20 bis unter 25 Jahre,m,1082
16054,2023,75 bis unter 80 Jahre,m,953
16054,2023,75 bis unter 80 Jahre,f,1184
16054,2023,30 bis unter 35 Jahre,f,773
16054,2023,30 bis unter 35 Jahre,m,955
16054,2023,90 bis unter 95 Jahre,m,114
16054,2023,90 bis unter 95 Jahre,f,244
16054,2023,70 bis unter 75 Jahre,m,1345
16054,2023,70 bis unter 75 Jahre,f,1713
16054,2023,35 bis unter 40 Jahre,f,982
16054,2023,35 bis unter 40 Jahre,m,1200
16054,2023,15 bis unter 20 Jahre,f,635
16054,2023,15 bis unter 20 Jahre,m,821
16054,2023,60 bis unter 65 Jahre,f,1666
16054,2023,60 bis unter 65 Jahre,m,1540
16054,2023,95 Jahre und mehr,f,58
16054,2023,95 Jahre und mehr,m,17
16054,2023,45 bis unter 50 Jahre,m,966
16054,2023,45 bis unter 50 Jahre,f,845
16055,2023,15 bis unter 20 Jahre,f,1603
16055,2023,15 bis unter 20 Jahre,m,1621
16055,2023,35 bis unter 40 Jahre,f,2269
16055,2023,35 bis unter 40 Jahre,m,2275
16055,2023,95 Jahre und mehr,f,151
16055,2023,95 Jahre und mehr,m,39
16055,2023,20 bis unter 25 Jahre,f,2305
16055,2023,20 bis unter 25 Jahre,m,2097
16055,2023,unter 5 Jahre,f,1207
16055,2023,unter 5 Jahre,m,1308
16055,2023,60 bis unter 65 Jahre,f,2439
16055,2023,60 bis unter 65 Jahre,m,2189
16055,2023,90 bis unter 95 Jahre,m,184
16055,2023,90 bis unter 95 Jahre,f,420
16055,2023,75 bis unter 80 Jahre,f,1556
16055,2023,75 bis unter 80 Jahre,m,1201
16055,2023,45 bis unter 50 Jahre,m,1949
16055,2023,45 bis unter 50 Jahre,f,1867
16055,2023,55 bis unter 60 Jahre,m,2218
16055,2023,55 bis unter 60 Jahre,f,2322
16055,2023,25 bis unter 30 Jahre,m,1881
16055,2023,25 bis unter 30 Jahre,f,1767
16055,2023,50 bis unter 55 Jahre,m,2009
16055,2023,50 bis unter 55 Jahre,f,2002
16055,2023,70 bis unter 75 Jahre,f,2006
16055,2023,70 bis unter 75 Jahre,m,1673
16055,2023,80 bis unter 85 Jahre,f,1764
16055,2023,80 bis unter 85 Jahre,m,1211
16055,2023,65 bis unter 70 Jahre,f,2142
16055,2023,65 bis unter 70 Jahre,m,1816
16055,2023,5 bis unter 10 Jahre,m,1558
16055,2023,5 bis unter 10 Jahre,f,1556
16055,2023,85 bis unter 90 Jahre,f,1152
16055,2023,85 bis unter 90 Jahre,m,676
16055,2023,10 bis unter 15 Jahre,f,1548
16055,2023,10 bis unter 15 Jahre,m,1585
16055,2023,40 bis unter 45 Jahre,m,2147
16055,2023,40 bis unter 45 Jahre,f,2190
16055,2023,30 bis unter 35 Jahre,m,1809
16055,2023,30 bis unter 35 Jahre,f,1816
16061,2023,25 bis unter 30 Jahre,f,1640
16061,2023,25 bis unter 30 Jahre,m,1853
16061,2023,5 bis unter 10 Jahre,f,2578
16061,2023,5 bis unter 10 Jahre,m,2594
16061,2023,10 bis unter 15 Jahre,f,2595
16061,2023,10 bis unter 15 Jahre,m,2620
16061,2023,60 bis unter 65 Jahre,m,4333
16061,2023,60 bis unter 65 Jahre,f,4241
16061,2023,30 bis unter 35 Jahre,f,2376
16061,2023,30 bis unter 35 Jahre,m,2457
16061,2023,85 bis unter 90 Jahre,f,1610
16061,2023,85 bis unter 90 Jahre,m,910
16061,2023,70 bis unter 75 Jahre,f,3520
16061,2023,70 bis unter 75 Jahre,m,3401
16061,2023,45 bis unter 50 Jahre,f,3059
16061,2023,45 bis unter 50 Jahre,m,3376
16061,2023,75 bis unter 80 Jahre,m,1844
16061,2023,75 bis unter 80 Jahre,f,2263
16061,2023,40 bis unter 45 Jahre,m,3716
16061,2023,40 bis unter 45 Jahre,f,3447
16061,2023,15 bis unter 20 Jahre,m,2501
16061,2023,15 bis unter 20 Jahre,f,2304
16061,2023,20 bis unter 25 Jahre,m,2166
16061,2023,20 bis unter 25 Jahre,f,1754
16061,2023,50 bis unter 55 Jahre,f,3125
16061,2023,50 bis unter 55 Jahre,m,3593
16061,2023,35 bis unter 40 Jahre,f,3405
16061,2023,35 bis unter 40 Jahre,m,3554
16061,2023,55 bis unter 60 Jahre,f,3853
16061,2023,55 bis unter 60 Jahre,m,4175
16061,2023,90 bis unter 95 Jahre,m,218
16061,2023,90 bis unter 95 Jahre,f,572
16061,2023,95 Jahre und mehr,f,142
16061,2023,95 Jahre und mehr,m,32
16061,2023,unter 5 Jahre,m,2302
16061,2023,unter 5 Jahre,f,2136
16061,2023,80 bis unter 85 Jahre,f,2670
16061,2023,80 bis unter 85 Jahre,m,1888
16061,2023,65 bis unter 70 Jahre,m,3854
16061,2023,65 bis unter 70 Jahre,f,4022
16062,2023,55 bis unter 60 Jahre,f,3328
16062,2023,55 bis unter 60 Jahre,m,3272
16062,2023,20 bis unter 25 Jahre,f,1555
16062,2023,20 bis unter 25 Jahre,m,1915
16062,2023,unter 5 Jahre,f,1340
16062,2023,unter 5 Jahre,m,1501
16062,2023,75 bis unter 80 Jahre,f,2170
16062,2023,75 bis unter 80 Jahre,m,1600
16062,2023,35 bis unter 40 Jahre,f,2536
16062,2023,35 bis unter 40 Jahre,m,2784
16062,2023,15 bis unter 20 Jahre,f,1812
16062,2023,15 bis unter 20 Jahre,m,1975
16062,2023,40 bis unter 45 Jahre,f,2430
16062,2023,40 bis unter 45 Jahre,m,2725
16062,2023,80 bis unter 85 Jahre,f,2454
16062,2023,80 bis unter 85 Jahre,m,1737
16062,2023,70 bis unter 75 Jahre,m,2477
16062,2023,70 bis unter 75 Jahre,f,2877
16062,2023,65 bis unter 70 Jahre,m,3113
16062,2023,65 bis unter 70 Jahre,f,3247
16062,2023,90 bis unter 95 Jahre,f,533
16062,2023,90 bis unter 95 Jahre,m,243
16062,2023,45 bis unter 50 Jahre,m,2248
16062,2023,45 bis unter 50 Jahre,f,2052
16062,2023,10 bis unter 15 Jahre,f,1807
16062,2023,10 bis unter 15 Jahre,m,1941
16062,2023,85 bis unter 90 Jahre,f,1593
16062,2023,85 bis unter 90 Jahre,m,884
16062,2023,25 bis unter 30 Jahre,m,1767
16062,2023,25 bis unter 30 Jahre,f,1398
16062,2023,5 bis unter 10 Jahre,f,1817
16062,2023,5 bis unter 10 Jahre,m,1902
16062,2023,95 Jahre und mehr,f,152
16062,2023,95 Jahre und mehr,m,35
16062,2023,30 bis unter 35 Jahre,f,1815
16062,2023,30 bis unter 35 Jahre,m,1927
16062,2023,60 bis unter 65 Jahre,m,3452
16062,2023,60 bis unter 65 Jahre,f,3660
16062,2023,50 bis unter 55 Jahre,m,2743
16062,2023,50 bis unter 55 Jahre,f,2685
16063,2023,50 bis unter 55 Jahre,f,5158
16063,2023,50 bis unter 55 Jahre,m,5687
16063,2023,5 bis unter 10 Jahre,m,3714
16063,2023,5 bis unter 10 Jahre,f,3451
16063,2023,85 bis unter 90 Jahre,f,2903
16063,2023,85 bis unter 90 Jahre,m,1695
16063,2023,95 Jahre und mehr,f,242
16063,2023,95 Jahre und mehr,m,71
16063,2023,65 bis unter 70 Jahre,f,6293
16063,2023,65 bis unter 70 Jahre,m,6066
16063,2023,45 bis unter 50 Jahre,m,4660
16063,2023,45 bis unter 50 Jahre,f,4353
16063,2023,70 bis unter 75 Jahre,f,5719
16063,2023,70 bis unter 75 Jahre,m,4994
16063,2023,90 bis unter 95 Jahre,f,898
16063,2023,90 bis unter 95 Jahre,m,351
16063,2023,25 bis unter 30 Jahre,m,3059
16063,2023,25 bis unter 30 Jahre,f,2528
16063,2023,10 bis unter 15 Jahre,m,3692
16063,2023,10 bis unter 15 Jahre,f,3425
16063,2023,30 bis unter 35 Jahre,f,3426
16063,2023,30 bis unter 35 Jahre,m,3775
16063,2023,15 bis unter 20 Jahre,f,3176
16063,2023,15 bis unter 20 Jahre,m,3506
16063,2023,35 bis unter 40 Jahre,f,4927
16063,2023,35 bis unter 40 Jahre,m,5221
16063,2023,40 bis unter 45 Jahre,m,5497
16063,2023,40 bis unter 45 Jahre,f,4984
16063,2023,60 bis unter 65 Jahre,f,7242
16063,2023,60 bis unter 65 Jahre,m,7116
16063,2023,20 bis unter 25 Jahre,f,2812
16063,2023,20 bis unter 25 Jahre,m,3328
16063,2023,unter 5 Jahre,f,2783
16063,2023,unter 5 Jahre,m,2927
16063,2023,75 bis unter 80 Jahre,m,2954
16063,2023,75 bis unter 80 Jahre,f,3714
16063,2023,55 bis unter 60 Jahre,f,6210
16063,2023,55 bis unter 60 Jahre,m,6323
16063,2023,80 bis unter 85 Jahre,f,4489
16063,2023,80 bis unter 85 Jahre,m,2965
16064,2023,unter 5 Jahre,m,1963
16064,2023,unter 5 Jahre,f,1774
16064,2023,35 bis unter 40 Jahre,m,3239
16064,2023,35 bis unter 40 Jahre,f,2954
16064,2023,80 bis unter 85 Jahre,f,2671
16064,2023,80 bis unter 85 Jahre,m,1776
16064,2023,55 bis unter 60 Jahre,m,3833
16064,2023,55 bis unter 60 Jahre,f,3889
16064,2023,75 bis unter 80 Jahre,m,1748
16064,2023,75 bis unter 80 Jahre,f,2212
16064,2023,60 bis unter 65 Jahre,m,4196
16064,2023,60 bis unter 65 Jahre,f,4422
16064,2023,40 bis unter 45 Jahre,f,3056
16064,2023,40 bis unter 45 Jahre,m,3366
16064,2023,20 bis unter 25 Jahre,m,2050
16064,2023,20 bis unter 25 Jahre,f,1646
16064,2023,95 Jahre und mehr,m,43
16064,2023,95 Jahre und mehr,f,160
16064,2023,5 bis unter 10 Jahre,f,2210
16064,2023,5 bis unter 10 Jahre,m,2498
16064,2023,10 bis unter 15 Jahre,f,2209
16064,2023,10 bis unter 15 Jahre,m,2440
16064,2023,85 bis unter 90 Jahre,f,1749
16064,2023,85 bis unter 90 Jahre,m,922
16064,2023,65 bis unter 70 Jahre,m,3662
16064,2023,65 bis unter 70 Jahre,f,4009
16064,2023,90 bis unter 95 Jahre,m,219
16064,2023,90 bis unter 95 Jahre,f,564
16064,2023,25 bis unter 30 Jahre,m,1869
16064,2023,25 bis unter 30 Jahre,f,1532
16064,2023,45 bis unter 50 Jahre,m,2764
16064,2023,45 bis unter 50 Jahre,f,2636
16064,2023,30 bis unter 35 Jahre,m,2283
16064,2023,30 bis unter 35 Jahre,f,2225
16064,2023,70 bis unter 75 Jahre,f,3445
16064,2023,70 bis unter 75 Jahre,m,3133
16064,2023,50 bis unter 55 Jahre,f,3137
16064,2023,50 bis unter 55 Jahre,m,3401
16064,2023,15 bis unter 20 Jahre,f,2111
16064,2023,15 bis unter 20 Jahre,m,2442
16065,2023,30 bis unter 35 Jahre,m,1655
16065,2023,30 bis unter 35 Jahre,f,1483
16065,2023,65 bis unter 70 Jahre,m,2974
16065,2023,65 bis unter 70 Jahre,f,3290
16065,2023,85 bis unter 90 Jahre,m,740
16065,2023,85 bis unter 90 Jahre,f,1354
16065,2023,10 bis unter 15 Jahre,m,1732
16065,2023,10 bis unter 15 Jahre,f,1521
16065,2023,5 bis unter 10 Jahre,m,1635
16065,2023,5 bis unter 10 Jahre,f,1454
16065,2023,50 bis unter 55 Jahre,f,2388
16065,2023,50 bis unter 55 Jahre,m,2530
16065,2023,45 bis unter 50 Jahre,m,2119
16065,2023,45 bis unter 50 Jahre,f,1823
16065,2023,15 bis unter 20 Jahre,f,1416
16065,2023,15 bis unter 20 Jahre,m,1703
16065,2023,90 bis unter 95 Jahre,f,437
16065,2023,90 bis unter 95 Jahre,m,157
16065,2023,70 bis unter 75 Jahre,m,2560
16065,2023,70 bis unter 75 Jahre,f,2912
16065,2023,55 bis unter 60 Jahre,f,3017
16065,2023,55 bis unter 60 Jahre,m,3111
16065,2023,25 bis unter 30 Jahre,f,1030
16065,2023,25 bis unter 30 Jahre,m,1242
16065,2023,60 bis unter 65 Jahre,f,3573
16065,2023,60 bis unter 65 Jahre,m,3321
16065,2023,95 Jahre und mehr,m,29
16065,2023,95 Jahre und mehr,f,107
16065,2023,35 bis unter 40 Jahre,f,2144
16065,2023,35 bis unter 40 Jahre,m,2438
16065,2023,75 bis unter 80 Jahre,m,1419
16065,2023,75 bis unter 80 Jahre,f,1840
16065,2023,40 bis unter 45 Jahre,m,2427
16065,2023,40 bis unter 45 Jahre,f,2167
16065,2023,20 bis unter 25 Jahre,m,1541
16065,2023,20 bis unter 25 Jahre,f,1172
16065,2023,80 bis unter 85 Jahre,m,1432
16065,2023,80 bis unter 85 Jahre,f,2139
16065,2023,unter 5 Jahre,f,1237
16065,2023,unter 5 Jahre,m,1287
16066,2023,60 bis unter 65 Jahre,m,5489
16066,2023,60 bis unter 65 Jahre,f,5759
16066,2023,80 bis unter 85 Jahre,m,2341
16066,2023,80 bis unter 85 Jahre,f,3624
16066,2023,40 bis unter 45 Jahre,m,4203
16066,2023,40 bis unter 45 Jahre,f,3707
16066,2023,5 bis unter 10 Jahre,f,2533
16066,2023,5 bis unter 10 Jahre,m,2721
16066,2023,95 Jahre und mehr,f,166
16066,2023,95 Jahre und mehr,m,55
16066,2023,55 bis unter 60 Jahre,m,4871
16066,2023,55 bis unter 60 Jahre,f,4981
16066,2023,25 bis unter 30 Jahre,f,1881
16066,2023,25 bis unter 30 Jahre,m,2506
16066,2023,20 bis unter 25 Jahre,m,2773
16066,2023,20 bis unter 25 Jahre,f,2174
16066,2023,65 bis unter 70 Jahre,f,5133
16066,2023,65 bis unter 70 Jahre,m,4816
16066,2023,85 bis unter 90 Jahre,f,2273
16066,2023,85 bis unter 90 Jahre,m,1370
16066,2023,30 bis unter 35 Jahre,f,2495
16066,2023,30 bis unter 35 Jahre,m,2793
16066,2023,75 bis unter 80 Jahre,f,2833
16066,2023,75 bis unter 80 Jahre,m,2351
16066,2023,10 bis unter 15 Jahre,f,2574
16066,2023,10 bis unter 15 Jahre,m,2832
16066,2023,unter 5 Jahre,m,2125
16066,2023,unter 5 Jahre,f,2015
16066,2023,70 bis unter 75 Jahre,m,4081
16066,2023,70 bis unter 75 Jahre,f,4744
16066,2023,90 bis unter 95 Jahre,m,245
16066,2023,90 bis unter 95 Jahre,f,672
16066,2023,15 bis unter 20 Jahre,f,2397
16066,2023,15 bis unter 20 Jahre,m,2722
16066,2023,45 bis unter 50 Jahre,m,3604
16066,2023,45 bis unter 50 Jahre,f,3187
16066,2023,50 bis unter 55 Jahre,f,3867
16066,2023,50 bis unter 55 Jahre,m,4291
16066,2023,35 bis unter 40 Jahre,m,4237
16066,2023,35 bis unter 40 Jahre,f,3710
16067,2023,15 bis unter 20 Jahre,f,2913
16067,2023,15 bis unter 20 Jahre,m,3118
16067,2023,70 bis unter 75 Jahre,m,4125
16067,2023,70 bis unter 75 Jahre,f,4896
16067,2023,35 bis unter 40 Jahre,f,4443
16067,2023,35 bis unter 40 Jahre,m,4698
16067,2023,90 bis unter 95 Jahre,m,330
16067,2023,90 bis unter 95 Jahre,f,758
16067,2023,unter 5 Jahre,f,2460
16067,2023,unter 5 Jahre,m,2523
16067,2023,30 bis unter 35 Jahre,m,3472
16067,2023,30 bis unter 35 Jahre,f,3088
16067,2023,75 bis unter 80 Jahre,f,3176
16067,2023,75 bis unter 80 Jahre,m,2589
16067,2023,95 Jahre und mehr,m,50
16067,2023,95 Jahre und mehr,f,236
16067,2023,25 bis unter 30 Jahre,m,3064
16067,2023,25 bis unter 30 Jahre,f,2375
16067,2023,80 bis unter 85 Jahre,f,3863
16067,2023,80 bis unter 85 Jahre,m,2617
16067,2023,45 bis unter 50 Jahre,m,4184
16067,2023,45 bis unter 50 Jahre,f,3836
16067,2023,60 bis unter 65 Jahre,f,5953
16067,2023,60 bis unter 65 Jahre,m,5778
16067,2023,55 bis unter 60 Jahre,f,5400
16067,2023,55 bis unter 60 Jahre,m,5620
16067,2023,50 bis unter 55 Jahre,m,5040
16067,2023,50 bis unter 55 Jahre,f,4609
16067,2023,5 bis unter 10 Jahre,f,3149
16067,2023,5 bis unter 10 Jahre,m,3143
16067,2023,40 bis unter 45 Jahre,m,4836
16067,2023,40 bis unter 45 Jahre,f,4514
16067,2023,10 bis unter 15 Jahre,f,3156
16067,2023,10 bis unter 15 Jahre,m,3158
16067,2023,65 bis unter 70 Jahre,f,5276
16067,2023,65 bis unter 70 Jahre,m,5011
16067,2023,85 bis unter 90 Jahre,f,2280
16067,2023,85 bis unter 90 Jahre,m,1309
16067,2023,20 bis unter 25 Jahre,m,3253
16067,2023,20 bis unter 25 Jahre,f,2634
16068,2023,45 bis unter 50 Jahre,f,1908
16068,2023,45 bis unter 50 Jahre,m,2036
16068,2023,65 bis unter 70 Jahre,f,2935
16068,2023,65 bis unter 70 Jahre,m,2550
16068,2023,80 bis unter 85 Jahre,m,1204
16068,2023,80 bis unter 85 Jahre,f,1665
16068,2023,5 bis unter 10 Jahre,m,1786
16068,2023,5 bis unter 10 Jahre,f,1474
16068,2023,50 bis unter 55 Jahre,f,2276
16068,2023,50 bis unter 55 Jahre,m,2646
16068,2023,10 bis unter 15 Jahre,f,1540
16068,2023,10 bis unter 15 Jahre,m,1746
16068,2023,40 bis unter 45 Jahre,m,2464
16068,2023,40 bis unter 45 Jahre,f,2250
16068,2023,25 bis unter 30 Jahre,f,1114
16068,2023,25 bis unter 30 Jahre,m,1143
16068,2023,20 bis unter 25 Jahre,m,1384
16068,2023,20 bis unter 25 Jahre,f,1155
16068,2023,75 bis unter 80 Jahre,m,1250
16068,2023,75 bis unter 80 Jahre,f,1576
16068,2023,30 bis unter 35 Jahre,m,1540
16068,2023,30 bis unter 35 Jahre,f,1532
16068,2023,85 bis unter 90 Jahre,m,512
16068,2023,85 bis unter 90 Jahre,f,1050
16068,2023,unter 5 Jahre,m,1343
16068,2023,unter 5 Jahre,f,1169
16068,2023,35 bis unter 40 Jahre,f,2197
16068,2023,35 bis unter 40 Jahre,m,2298
16068,2023,95 Jahre und mehr,f,111
16068,2023,95 Jahre und mehr,m,23
16068,2023,55 bis unter 60 Jahre,f,2713
16068,2023,55 bis unter 60 Jahre,m,2833
16068,2023,15 bis unter 20 Jahre,f,1380
16068,2023,15 bis unter 20 Jahre,m,1735
16068,2023,60 bis unter 65 Jahre,f,3096
16068,2023,60 bis unter 65 Jahre,m,2978
16068,2023,90 bis unter 95 Jahre,m,132
16068,2023,90 bis unter 95 Jahre,f,361
16068,2023,70 bis unter 75 Jahre,m,2370
16068,2023,70 bis unter 75 Jahre,f,2634
16069,2023,20 bis unter 25 Jahre,f,921
16069,2023,20 bis unter 25 Jahre,m,1205
16069,2023,55 bis unter 60 Jahre,f,2492
16069,2023,55 bis unter 60 Jahre,m,2562
16069,2023,40 bis unter 45 Jahre,f,1981
16069,2023,40 bis unter 45 Jahre,m,2375
16069,2023,unter 5 Jahre,f,1064
16069,2023,unter 5 Jahre,m,1068
16069,2023,35 bis unter 40 Jahre,f,1921
16069,2023,35 bis unter 40 Jahre,m,2196
16069,2023,15 bis unter 20 Jahre,m,1390
16069,2023,15 bis unter 20 Jahre,f,1184
16069,2023,90 bis unter 95 Jahre,m,101
16069,2023,90 bis unter 95 Jahre,f,315
16069,2023,60 bis unter 65 Jahre,f,2891
16069,2023,60 bis unter 65 Jahre,m,2850
16069,2023,75 bis unter 80 Jahre,f,1295
16069,2023,75 bis unter 80 Jahre,m,1068
16069,2023,50 bis unter 55 Jahre,m,2217
16069,2023,50 bis unter 55 Jahre,f,2015
16069,2023,70 bis unter 75 Jahre,m,2061
16069,2023,70 bis unter 75 Jahre,f,2273
16069,2023,80 bis unter 85 Jahre,m,1090
16069,2023,80 bis unter 85 Jahre,f,1591
16069,2023,45 bis unter 50 Jahre,m,1907
16069,2023,45 bis unter 50 Jahre,f,1718
16069,2023,65 bis unter 70 Jahre,f,2604
16069,2023,65 bis unter 70 Jahre,m,2504
16069,2023,30 bis unter 35 Jahre,f,1266
16069,2023,30 bis unter 35 Jahre,m,1420
16069,2023,5 bis unter 10 Jahre,m,1350
16069,2023,5 bis unter 10 Jahre,f,1316
16069,2023,85 bis unter 90 Jahre,f,1097
16069,2023,85 bis unter 90 Jahre,m,543
16069,2023,25 bis unter 30 Jahre,m,1041
16069,2023,25 bis unter 30 Jahre,f,874
16069,2023,10 bis unter 15 Jahre,f,1403
16069,2023,10 bis unter 15 Jahre,m,1418
16069,2023,95 Jahre und mehr,f,87
16069,2023,95 Jahre und mehr,m,17
16070,2023,90 bis unter 95 Jahre,f,560
16070,2023,90 bis unter 95 Jahre,m,240
16070,2023,45 bis unter 50 Jahre,m,3172
16070,2023,45 bis unter 50 Jahre,f,2701
16070,2023,70 bis unter 75 Jahre,f,3980
16070,2023,70 bis unter 75 Jahre,m,3308
16070,2023,25 bis unter 30 Jahre,m,2892
16070,2023,25 bis unter 30 Jahre,f,2020
16070,2023,65 bis unter 70 Jahre,m,3756
16070,2023,65 bis unter 70 Jahre,f,4085
16070,2023,85 bis unter 90 Jahre,f,1917
16070,2023,85 bis unter 90 Jahre,m,1050
16070,2023,30 bis unter 35 Jahre,m,3089
16070,2023,30 bis unter 35 Jahre,f,2441
16070,2023,10 bis unter 15 Jahre,f,2295
16070,2023,10 bis unter 15 Jahre,m,2503
16070,2023,5 bis unter 10 Jahre,m,2516
16070,2023,5 bis unter 10 Jahre,f,2407
16070,2023,50 bis unter 55 Jahre,f,3305
16070,2023,50 bis unter 55 Jahre,m,3667
16070,2023,35 bis unter 40 Jahre,f,3411
16070,2023,35 bis unter 40 Jahre,m,3776
16070,2023,60 bis unter 65 Jahre,m,4347
16070,2023,60 bis unter 65 Jahre,f,4521
16070,2023,55 bis unter 60 Jahre,f,4211
16070,2023,55 bis unter 60 Jahre,m,4277
16070,2023,95 Jahre und mehr,f,202
16070,2023,95 Jahre und mehr,m,39
16070,2023,80 bis unter 85 Jahre,f,3183
16070,2023,80 bis unter 85 Jahre,m,2147
16070,2023,20 bis unter 25 Jahre,m,2821
16070,2023,20 bis unter 25 Jahre,f,2020
16070,2023,15 bis unter 20 Jahre,m,2493
16070,2023,15 bis unter 20 Jahre,f,2248
16070,2023,40 bis unter 45 Jahre,f,3374
16070,2023,40 bis unter 45 Jahre,m,3716
16070,2023,unter 5 Jahre,m,1966
16070,2023,unter 5 Jahre,f,1766
16070,2023,75 bis unter 80 Jahre,f,2562
16070,2023,75 bis unter 80 Jahre,m,2018
16071,2023,20 bis unter 25 Jahre,m,1713
16071,2023,20 bis unter 25 Jahre,f,1387
16071,2023,75 bis unter 80 Jahre,m,1573
16071,2023,75 bis unter 80 Jahre,f,1755
16071,2023,unter 5 Jahre,m,1665
16071,2023,unter 5 Jahre,f,1634
16071,2023,60 bis unter 65 Jahre,f,3575
16071,2023,60 bis unter 65 Jahre,m,3529
16071,2023,15 bis unter 20 Jahre,m,2087
16071,2023,15 bis unter 20 Jahre,f,1895
16071,2023,95 Jahre und mehr,f,100
16071,2023,95 Jahre und mehr,m,41
16071,2023,80 bis unter 85 Jahre,m,1380
16071,2023,80 bis unter 85 Jahre,f,1933
16071,2023,55 bis unter 60 Jahre,m,3316
16071,2023,55 bis unter 60 Jahre,f,3443
16071,2023,25 bis unter 30 Jahre,f,1246
16071,2023,25 bis unter 30 Jahre,m,1431
16071,2023,40 bis unter 45 Jahre,m,2934
16071,2023,40 bis unter 45 Jahre,f,2849
16071,2023,85 bis unter 90 Jahre,f,1205
16071,2023,85 bis unter 90 Jahre,m,653
16071,2023,30 bis unter 35 Jahre,f,1859
16071,2023,30 bis unter 35 Jahre,m,1773
16071,2023,5 bis unter 10 Jahre,f,2074
16071,2023,5 bis unter 10 Jahre,m,2190
16071,2023,65 bis unter 70 Jahre,m,3146
16071,2023,65 bis unter 70 Jahre,f,3398
16071,2023,10 bis unter 15 Jahre,m,2172
16071,2023,10 bis unter 15 Jahre,f,2180
16071,2023,50 bis unter 55 Jahre,m,3034
16071,2023,50 bis unter 55 Jahre,f,2691
16071,2023,45 bis unter 50 Jahre,m,2638
16071,2023,45 bis unter 50 Jahre,f,2371
16071,2023,90 bis unter 95 Jahre,f,448
16071,2023,90 bis unter 95 Jahre,m,154
16071,2023,35 bis unter 40 Jahre,f,2813
16071,2023,35 bis unter 40 Jahre,m,2747
16071,2023,70 bis unter 75 Jahre,f,3012
16071,2023,70 bis unter 75 Jahre,m,2824
16072,2023,70 bis unter 75 Jahre,m,1990
16072,2023,70 bis unter 75 Jahre,f,2228
16072,2023,50 bis unter 55 Jahre,m,2083
16072,2023,50 bis unter 55 Jahre,f,1955
16072,2023,30 bis unter 35 Jahre,m,1328
16072,2023,30 bis unter 35 Jahre,f,1105
16072,2023,35 bis unter 40 Jahre,f,1660
16072,2023,35 bis unter 40 Jahre,m,1803
16072,2023,65 bis unter 70 Jahre,m,2179
16072,2023,65 bis unter 70 Jahre,f,2413
16072,2023,95 Jahre und mehr,f,91
16072,2023,95 Jahre und mehr,m,24
16072,2023,90 bis unter 95 Jahre,m,151
16072,2023,90 bis unter 95 Jahre,f,338
16072,2023,75 bis unter 80 Jahre,f,1366
16072,2023,75 bis unter 80 Jahre,m,1069
16072,2023,45 bis unter 50 Jahre,f,1548
16072,2023,45 bis unter 50 Jahre,m,1727
16072,2023,unter 5 Jahre,f,809
16072,2023,unter 5 Jahre,m,1004
16072,2023,25 bis unter 30 Jahre,m,1000
16072,2023,25 bis unter 30 Jahre,f,979
16072,2023,80 bis unter 85 Jahre,f,1719
16072,2023,80 bis unter 85 Jahre,m,1088
16072,2023,55 bis unter 60 Jahre,f,2273
16072,2023,55 bis unter 60 Jahre,m,2328
16072,2023,60 bis unter 65 Jahre,m,2566
16072,2023,60 bis unter 65 Jahre,f,2667
16072,2023,15 bis unter 20 Jahre,m,1194
16072,2023,15 bis unter 20 Jahre,f,1073
16072,2023,40 bis unter 45 Jahre,m,1934
16072,2023,40 bis unter 45 Jahre,f,1691
16072,2023,10 bis unter 15 Jahre,f,1063
16072,2023,10 bis unter 15 Jahre,m,1202
16072,2023,20 bis unter 25 Jahre,f,1122
16072,2023,20 bis unter 25 Jahre,m,1189
16072,2023,85 bis unter 90 Jahre,f,1217
16072,2023,85 bis unter 90 Jahre,m,578
16072,2023,5 bis unter 10 Jahre,m,1179
16072,2023,5 bis unter 10 Jahre,f,1026
16073,2023,5 bis unter 10 Jahre,f,2093
16073,2023,5 bis unter 10 Jahre,m,2262
16073,2023,25 bis unter 30 Jahre,f,1403
16073,2023,25 bis unter 30 Jahre,m,1667
16073,2023,80 bis unter 85 Jahre,m,2103
16073,2023,80 bis unter 85 Jahre,f,3424
16073,2023,60 bis unter 65 Jahre,m,4701
16073,2023,60 bis unter 65 Jahre,f,4910
16073,2023,40 bis unter 45 Jahre,m,3411
16073,2023,40 bis unter 45 Jahre,f,2953
16073,2023,45 bis unter 50 Jahre,f,2642
16073,2023,45 bis unter 50 Jahre,m,2893
16073,2023,75 bis unter 80 Jahre,m,2002
16073,2023,75 bis unter 80 Jahre,f,2689
16073,2023,10 bis unter 15 Jahre,f,2201
16073,2023,10 bis unter 15 Jahre,m,2237
16073,2023,85 bis unter 90 Jahre,f,2255
16073,2023,85 bis unter 90 Jahre,m,1220
16073,2023,unter 5 Jahre,m,1678
16073,2023,unter 5 Jahre,f,1616
16073,2023,15 bis unter 20 Jahre,m,2121
16073,2023,15 bis unter 20 Jahre,f,1983
16073,2023,30 bis unter 35 Jahre,f,1924
16073,2023,30 bis unter 35 Jahre,m,2257
16073,2023,50 bis unter 55 Jahre,f,3297
16073,2023,50 bis unter 55 Jahre,m,3562
16073,2023,20 bis unter 25 Jahre,m,2059
16073,2023,20 bis unter 25 Jahre,f,1638
16073,2023,90 bis unter 95 Jahre,m,281
16073,2023,90 bis unter 95 Jahre,f,711
16073,2023,95 Jahre und mehr,m,48
16073,2023,95 Jahre und mehr,f,208
16073,2023,35 bis unter 40 Jahre,f,2970
16073,2023,35 bis unter 40 Jahre,m,3267
16073,2023,65 bis unter 70 Jahre,m,4057
16073,2023,65 bis unter 70 Jahre,f,4414
16073,2023,70 bis unter 75 Jahre,f,4087
16073,2023,70 bis unter 75 Jahre,m,3518
16073,2023,55 bis unter 60 Jahre,m,4259
16073,2023,55 bis unter 60 Jahre,f,4090
16074,2023,35 bis unter 40 Jahre,f,2776
16074,2023,35 bis unter 40 Jahre,m,2847
16074,2023,55 bis unter 60 Jahre,f,3432
16074,2023,55 bis unter 60 Jahre,m,3503
16074,2023,75 bis unter 80 Jahre,f,2118
16074,2023,75 bis unter 80 Jahre,m,1682
16074,2023,60 bis unter 65 Jahre,f,3842
16074,2023,60 bis unter 65 Jahre,m,3736
16074,2023,15 bis unter 20 Jahre,m,1930
16074,2023,15 bis unter 20 Jahre,f,1778
16074,2023,90 bis unter 95 Jahre,m,197
16074,2023,90 bis unter 95 Jahre,f,480
16074,2023,95 Jahre und mehr,m,36
16074,2023,95 Jahre und mehr,f,126
16074,2023,20 bis unter 25 Jahre,f,1535
16074,2023,20 bis unter 25 Jahre,m,1854
16074,2023,50 bis unter 55 Jahre,m,2926
16074,2023,50 bis unter 55 Jahre,f,2690
16074,2023,unter 5 Jahre,m,1455
16074,2023,unter 5 Jahre,f,1470
16074,2023,65 bis unter 70 Jahre,m,3210
16074,2023,65 bis unter 70 Jahre,f,3396
16074,2023,80 bis unter 85 Jahre,f,2310
16074,2023,80 bis unter 85 Jahre,m,1732
16074,2023,70 bis unter 75 Jahre,m,2764
16074,2023,70 bis unter 75 Jahre,f,3066
16074,2023,45 bis unter 50 Jahre,m,2502
16074,2023,45 bis unter 50 Jahre,f,2252
16074,2023,25 bis unter 30 Jahre,f,1224
16074,2023,25 bis unter 30 Jahre,m,1486
16074,2023,10 bis unter 15 Jahre,f,1971
16074,2023,10 bis unter 15 Jahre,m,2019
16074,2023,30 bis unter 35 Jahre,f,1699
16074,2023,30 bis unter 35 Jahre,m,1861
16074,2023,5 bis unter 10 Jahre,f,2029
16074,2023,5 bis unter 10 Jahre,m,2054
16074,2023,85 bis unter 90 Jahre,f,1397
16074,2023,85 bis unter 90 Jahre,m,861
16074,2023,40 bis unter 45 Jahre,m,3104
16074,2023,40 bis unter 45 Jahre,f,2690
16075,2023,65 bis unter 70 Jahre,f,3362
16075,2023,65 bis unter 70 Jahre,m,3282
16075,2023,10 bis unter 15 Jahre,f,1877
16075,2023,10 bis unter 15 Jahre,m,1787
16075,2023,30 bis unter 35 Jahre,f,1515
16075,2023,30 bis unter 35 Jahre,m,1639
16075,2023,25 bis unter 30 Jahre,m,1320
16075,2023,25 bis unter 30 Jahre,f,1128
16075,2023,5 bis unter 10 Jahre,f,1703
16075,2023,5 bis unter 10 Jahre,m,1723
16075,2023,85 bis unter 90 Jahre,f,1524
16075,2023,85 bis unter 90 Jahre,m,813
16075,2023,45 bis unter 50 Jahre,f,2167
16075,2023,45 bis unter 50 Jahre,m,2359
16075,2023,70 bis unter 75 Jahre,f,3042
16075,2023,70 bis unter 75 Jahre,m,2688
16075,2023,50 bis unter 55 Jahre,m,2841
16075,2023,50 bis unter 55 Jahre,f,2571
16075,2023,40 bis unter 45 Jahre,m,2636
16075,2023,40 bis unter 45 Jahre,f,2316
16075,2023,20 bis unter 25 Jahre,m,1637
16075,2023,20 bis unter 25 Jahre,f,1343
16075,2023,15 bis unter 20 Jahre,f,1502
16075,2023,15 bis unter 20 Jahre,m,1808
16075,2023,75 bis unter 80 Jahre,f,1912
16075,2023,75 bis unter 80 Jahre,m,1468
16075,2023,35 bis unter 40 Jahre,f,2311
16075,2023,35 bis unter 40 Jahre,m,2534
16075,2023,60 bis unter 65 Jahre,f,3699
16075,2023,60 bis unter 65 Jahre,m,3679
16075,2023,55 bis unter 60 Jahre,f,3246
16075,2023,55 bis unter 60 Jahre,m,3285
16075,2023,80 bis unter 85 Jahre,f,2158
16075,2023,80 bis unter 85 Jahre,m,1486
16075,2023,unter 5 Jahre,m,1349
16075,2023,unter 5 Jahre,f,1314
16075,2023,90 bis unter 95 Jahre,m,198
16075,2023,90 bis unter 95 Jahre,f,460
16075,2023,95 Jahre und mehr,f,144
16075,2023,95 Jahre und mehr,m,33
16076,2023,15 bis unter 20 Jahre,m,2195
16076,2023,15 bis unter 20 Jahre,f,1735
16076,2023,60 bis unter 65 Jahre,f,4624
16076,2023,60 bis unter 65 Jahre,m,4397
16076,2023,75 bis unter 80 Jahre,f,2420
16076,2023,75 bis unter 80 Jahre,m,1940
16076,2023,80 bis unter 85 Jahre,f,3105
16076,2023,80 bis unter 85 Jahre,m,2107
16076,2023,20 bis unter 25 Jahre,f,1329
16076,2023,20 bis unter 25 Jahre,m,1793
16076,2023,55 bis unter 60 Jahre,f,4004
16076,2023,55 bis unter 60 Jahre,m,4145
16076,2023,unter 5 Jahre,m,1612
16076,2023,unter 5 Jahre,f,1540
16076,2023,40 bis unter 45 Jahre,f,2759
16076,2023,40 bis unter 45 Jahre,m,3090
16076,2023,35 bis unter 40 Jahre,m,2868
16076,2023,35 bis unter 40 Jahre,f,2676
16076,2023,90 bis unter 95 Jahre,m,256
16076,2023,90 bis unter 95 Jahre,f,748
16076,2023,70 bis unter 75 Jahre,m,3485
16076,2023,70 bis unter 75 Jahre,f,3884
16076,2023,65 bis unter 70 Jahre,m,4141
16076,2023,65 bis unter 70 Jahre,f,4410
16076,2023,10 bis unter 15 Jahre,f,1989
16076,2023,10 bis unter 15 Jahre,m,2145
16076,2023,5 bis unter 10 Jahre,m,2133
16076,2023,5 bis unter 10 Jahre,f,1964
16076,2023,50 bis unter 55 Jahre,f,3118
16076,2023,50 bis unter 55 Jahre,m,3185
16076,2023,85 bis unter 90 Jahre,f,2042
16076,2023,85 bis unter 90 Jahre,m,1138
16076,2023,25 bis unter 30 Jahre,m,1424
16076,2023,25 bis unter 30 Jahre,f,1146
16076,2023,45 bis unter 50 Jahre,m,2729
16076,2023,45 bis unter 50 Jahre,f,2435
16076,2023,95 Jahre und mehr,f,192
16076,2023,95 Jahre und mehr,m,55
16076,2023,30 bis unter 35 Jahre,f,1748
16076,2023,30 bis unter 35 Jahre,m,1782
16077,2023,90 bis unter 95 Jahre,f,711
16077,2023,90 bis unter 95 Jahre,m,238
16077,2023,45 bis unter 50 Jahre,m,2488
16077,2023,45 bis unter 50 Jahre,f,2161
16077,2023,65 bis unter 70 Jahre,m,3412
16077,2023,65 bis unter 70 Jahre,f,3920
16077,2023,10 bis unter 15 Jahre,m,1854
16077,2023,10 bis unter 15 Jahre,f,1938
16077,2023,30 bis unter 35 Jahre,m,1863
16077,2023,30 bis unter 35 Jahre,f,1677
16077,2023,70 bis unter 75 Jahre,f,3776
16077,2023,70 bis unter 75 Jahre,m,3163
16077,2023,25 bis unter 30 Jahre,m,1445
16077,2023,25 bis unter 30 Jahre,f,1232
16077,2023,85 bis unter 90 Jahre,f,1906
16077,2023,85 bis unter 90 Jahre,m,1089
16077,2023,50 bis unter 55 Jahre,m,3217
16077,2023,50 bis unter 55 Jahre,f,2960
16077,2023,15 bis unter 20 Jahre,f,1822
16077,2023,15 bis unter 20 Jahre,m,1893
16077,2023,95 Jahre und mehr,f,239
16077,2023,95 Jahre und mehr,m,50
16077,2023,35 bis unter 40 Jahre,f,2570
16077,2023,35 bis unter 40 Jahre,m,2645
16077,2023,5 bis unter 10 Jahre,m,1875
16077,2023,5 bis unter 10 Jahre,f,1809
16077,2023,60 bis unter 65 Jahre,f,3986
16077,2023,60 bis unter 65 Jahre,m,3782
16077,2023,40 bis unter 45 Jahre,m,2851
16077,2023,40 bis unter 45 Jahre,f,2462
16077,2023,unter 5 Jahre,m,1396
16077,2023,unter 5 Jahre,f,1373
16077,2023,55 bis unter 60 Jahre,m,3712
16077,2023,55 bis unter 60 Jahre,f,3739
16077,2023,75 bis unter 80 Jahre,m,1960
16077,2023,75 bis unter 80 Jahre,f,2491
16077,2023,20 bis unter 25 Jahre,m,1727
16077,2023,20 bis unter 25 Jahre,f,1419
16077,2023,80 bis unter 85 Jahre,f,3045
16077,2023,80 bis unter 85 Jahre,m,2059
10041100,2023,25 bis unter 30 Jahre,m,7664
10041100,2023,25 bis unter 30 Jahre,f,6813
10041100,2023,35 bis unter 40 Jahre,f,5925
10041100,2023,35 bis unter 40 Jahre,m,6631
10041100,2023,unter 5 Jahre,f,3791
10041100,2023,unter 5 Jahre,m,4094
10041100,2023,45 bis unter 50 Jahre,m,4906
10041100,2023,45 bis unter 50 Jahre,f,4890
10041100,2023,55 bis unter 60 Jahre,f,6669
10041100,2023,55 bis unter 60 Jahre,m,6607
10041100,2023,95 Jahre und mehr,m,86
10041100,2023,95 Jahre und mehr,f,351
10041100,2023,65 bis unter 70 Jahre,m,5459
10041100,2023,65 bis unter 70 Jahre,f,5832
10041100,2023,20 bis unter 25 Jahre,f,5815
10041100,2023,20 bis unter 25 Jahre,m,5975
10041100,2023,15 bis unter 20 Jahre,f,3861
10041100,2023,15 bis unter 20 Jahre,m,4293
10041100,2023,30 bis unter 35 Jahre,m,7470
10041100,2023,30 bis unter 35 Jahre,f,6375
10041100,2023,75 bis unter 80 Jahre,f,3637
10041100,2023,75 bis unter 80 Jahre,m,2825
10041100,2023,60 bis unter 65 Jahre,f,6760
10041100,2023,60 bis unter 65 Jahre,m,6483
10041100,2023,5 bis unter 10 Jahre,m,4115
10041100,2023,5 bis unter 10 Jahre,f,3859
10041100,2023,70 bis unter 75 Jahre,f,5257
10041100,2023,70 bis unter 75 Jahre,m,4366
10041100,2023,90 bis unter 95 Jahre,f,1031
10041100,2023,90 bis unter 95 Jahre,m,421
10041100,2023,85 bis unter 90 Jahre,m,1474
10041100,2023,85 bis unter 90 Jahre,f,2753
10041100,2023,10 bis unter 15 Jahre,m,3959
10041100,2023,10 bis unter 15 Jahre,f,3542
10041100,2023,80 bis unter 85 Jahre,f,3701
10041100,2023,80 bis unter 85 Jahre,m,2599
10041100,2023,40 bis unter 45 Jahre,m,5708
10041100,2023,40 bis unter 45 Jahre,f,5314
10041100,2023,50 bis unter 55 Jahre,f,5313
10041100,2023,50 bis unter 55 Jahre,m,5358
11001001,2023,55 bis unter 60 Jahre,m,12119
11001001,2023,55 bis unter 60 Jahre,f,9962
11001001,2023,20 bis unter 25 Jahre,m,12233
11001001,2023,20 bis unter 25 Jahre,f,12642
11001001,2023,65 bis unter 70 Jahre,f,6635
11001001,2023,65 bis unter 70 Jahre,m,7262
11001001,2023,10 bis unter 15 Jahre,f,7203
11001001,2023,10 bis unter 15 Jahre,m,7722
11001001,2023,45 bis unter 50 Jahre,f,10411
11001001,2023,45 bis unter 50 Jahre,m,11598
11001001,2023,35 bis unter 40 Jahre,m,18480
11001001,2023,35 bis unter 40 Jahre,f,16630
11001001,2023,40 bis unter 45 Jahre,m,14259
11001001,2023,40 bis unter 45 Jahre,f,12924
11001001,2023,unter 5 Jahre,m,8978
11001001,2023,unter 5 Jahre,f,8642
11001001,2023,15 bis unter 20 Jahre,m,8123
11001001,2023,15 bis unter 20 Jahre,f,7461
11001001,2023,85 bis unter 90 Jahre,f,2891
11001001,2023,85 bis unter 90 Jahre,m,1679
11001001,2023,95 Jahre und mehr,m,83
11001001,2023,95 Jahre und mehr,f,305
11001001,2023,50 bis unter 55 Jahre,f,9717
11001001,2023,50 bis unter 55 Jahre,m,11344
11001001,2023,25 bis unter 30 Jahre,f,19491
11001001,2023,25 bis unter 30 Jahre,m,19591
11001001,2023,80 bis unter 85 Jahre,m,3220
11001001,2023,80 bis unter 85 Jahre,f,4456
11001001,2023,90 bis unter 95 Jahre,m,426
11001001,2023,90 bis unter 95 Jahre,f,1011
11001001,2023,70 bis unter 75 Jahre,f,5744
11001001,2023,70 bis unter 75 Jahre,m,5180
11001001,2023,75 bis unter 80 Jahre,m,3644
11001001,2023,75 bis unter 80 Jahre,f,4324
11001001,2023,60 bis unter 65 Jahre,f,8844
11001001,2023,60 bis unter 65 Jahre,m,10204
11001001,2023,30 bis unter 35 Jahre,m,21704
11001001,2023,30 bis unter 35 Jahre,f,20493
11001001,2023,5 bis unter 10 Jahre,m,8386
11001001,2023,5 bis unter 10 Jahre,f,7909
11002002,2023,15 bis unter 20 Jahre,f,4987
11002002,2023,15 bis unter 20 Jahre,m,5416
11002002,2023,5 bis unter 10 Jahre,m,6119
11002002,2023,5 bis unter 10 Jahre,f,5608
11002002,2023,45 bis unter 50 Jahre,m,10572
11002002,2023,45 bis unter 50 Jahre,f,9240
11002002,2023,10 bis unter 15 Jahre,m,5359
11002002,2023,10 bis unter 15 Jahre,f,5158
11002002,2023,unter 5 Jahre,f,6120
11002002,2023,unter 5 Jahre,m,6469
11002002,2023,25 bis unter 30 Jahre,m,12002
11002002,2023,25 bis unter 30 Jahre,f,13164
11002002,2023,40 bis unter 45 Jahre,f,12175
11002002,2023,40 bis unter 45 Jahre,m,13277
11002002,2023,85 bis unter 90 Jahre,m,917
11002002,2023,85 bis unter 90 Jahre,f,1671
11002002,2023,55 bis unter 60 Jahre,f,7412
11002002,2023,55 bis unter 60 Jahre,m,8761
11002002,2023,90 bis unter 95 Jahre,m,259
11002002,2023,90 bis unter 95 Jahre,f,622
11002002,2023,80 bis unter 85 Jahre,m,1779
11002002,2023,80 bis unter 85 Jahre,f,2612
11002002,2023,70 bis unter 75 Jahre,m,3140
11002002,2023,70 bis unter 75 Jahre,f,3682
11002002,2023,50 bis unter 55 Jahre,f,7461
11002002,2023,50 bis unter 55 Jahre,m,8855
11002002,2023,65 bis unter 70 Jahre,m,4859
11002002,2023,65 bis unter 70 Jahre,f,4478
11002002,2023,60 bis unter 65 Jahre,f,6210
11002002,2023,60 bis unter 65 Jahre,m,7233
11002002,2023,35 bis unter 40 Jahre,f,14438
11002002,2023,35 bis unter 40 Jahre,m,15580
11002002,2023,95 Jahre und mehr,m,51
11002002,2023,95 Jahre und mehr,f,206
11002002,2023,75 bis unter 80 Jahre,m,1966
11002002,2023,75 bis unter 80 Jahre,f,2597
11002002,2023,30 bis unter 35 Jahre,f,15783
11002002,2023,30 bis unter 35 Jahre,m,15870
11002002,2023,20 bis unter 25 Jahre,m,7133
11002002,2023,20 bis unter 25 Jahre,f,7717
11003003,2023,5 bis unter 10 Jahre,f,10246
11003003,2023,5 bis unter 10 Jahre,m,10596
11003003,2023,unter 5 Jahre,m,9862
11003003,2023,unter 5 Jahre,f,9316
11003003,2023,45 bis unter 50 Jahre,f,15232
11003003,2023,45 bis unter 50 Jahre,m,14818
11003003,2023,15 bis unter 20 Jahre,m,9788
11003003,2023,15 bis unter 20 Jahre,f,9026
11003003,2023,90 bis unter 95 Jahre,m,680
11003003,2023,90 bis unter 95 Jahre,f,1653
11003003,2023,95 Jahre und mehr,m,138
11003003,2023,95 Jahre und mehr,f,496
11003003,2023,50 bis unter 55 Jahre,m,15268
11003003,2023,50 bis unter 55 Jahre,f,14681
11003003,2023,60 bis unter 65 Jahre,f,11201
11003003,2023,60 bis unter 65 Jahre,m,11978
11003003,2023,40 bis unter 45 Jahre,f,17718
11003003,2023,40 bis unter 45 Jahre,m,16781
11003003,2023,30 bis unter 35 Jahre,f,17833
11003003,2023,30 bis unter 35 Jahre,m,16557
11003003,2023,80 bis unter 85 Jahre,m,4697
11003003,2023,80 bis unter 85 Jahre,f,7612
11003003,2023,55 bis unter 60 Jahre,m,15762
11003003,2023,55 bis unter 60 Jahre,f,14248
11003003,2023,35 bis unter 40 Jahre,m,18487
11003003,2023,35 bis unter 40 Jahre,f,19256
11003003,2023,25 bis unter 30 Jahre,f,14450
11003003,2023,25 bis unter 30 Jahre,m,12941
11003003,2023,70 bis unter 75 Jahre,m,5792
11003003,2023,70 bis unter 75 Jahre,f,7276
11003003,2023,65 bis unter 70 Jahre,m,7556
11003003,2023,65 bis unter 70 Jahre,f,8007
11003003,2023,20 bis unter 25 Jahre,f,9859
11003003,2023,20 bis unter 25 Jahre,m,9697
11003003,2023,85 bis unter 90 Jahre,f,5089
11003003,2023,85 bis unter 90 Jahre,m,2675
11003003,2023,75 bis unter 80 Jahre,m,3859
11003003,2023,75 bis unter 80 Jahre,f,5480
11003003,2023,10 bis unter 15 Jahre,m,10218
11003003,2023,10 bis unter 15 Jahre,f,9802
11004004,2023,90 bis unter 95 Jahre,f,1577
11004004,2023,90 bis unter 95 Jahre,m,615
11004004,2023,50 bis unter 55 Jahre,f,10258
11004004,2023,50 bis unter 55 Jahre,m,9315
11004004,2023,95 Jahre und mehr,f,643
11004004,2023,95 Jahre und mehr,m,163
11004004,2023,80 bis unter 85 Jahre,m,5882
11004004,2023,80 bis unter 85 Jahre,f,8321
11004004,2023,5 bis unter 10 Jahre,m,6423
11004004,2023,5 bis unter 10 Jahre,f,6330
11004004,2023,20 bis unter 25 Jahre,f,9176
11004004,2023,20 bis unter 25 Jahre,m,8770
11004004,2023,10 bis unter 15 Jahre,f,5635
11004004,2023,10 bis unter 15 Jahre,m,6180
11004004,2023,35 bis unter 40 Jahre,m,11778
11004004,2023,35 bis unter 40 Jahre,f,11724
11004004,2023,45 bis unter 50 Jahre,m,8822
11004004,2023,45 bis unter 50 Jahre,f,9544
11004004,2023,40 bis unter 45 Jahre,f,10406
11004004,2023,40 bis unter 45 Jahre,m,10154
11004004,2023,85 bis unter 90 Jahre,f,4746
11004004,2023,85 bis unter 90 Jahre,m,2794
11004004,2023,15 bis unter 20 Jahre,f,5955
11004004,2023,15 bis unter 20 Jahre,m,6537
11004004,2023,60 bis unter 65 Jahre,m,10826
11004004,2023,60 bis unter 65 Jahre,f,11694
11004004,2023,25 bis unter 30 Jahre,m,12528
11004004,2023,25 bis unter 30 Jahre,f,12903
11004004,2023,30 bis unter 35 Jahre,f,12810
11004004,2023,30 bis unter 35 Jahre,m,12855
11004004,2023,70 bis unter 75 Jahre,m,7950
11004004,2023,70 bis unter 75 Jahre,f,9939
11004004,2023,75 bis unter 80 Jahre,f,8274
11004004,2023,75 bis unter 80 Jahre,m,6531
11004004,2023,55 bis unter 60 Jahre,m,11321
11004004,2023,55 bis unter 60 Jahre,f,12236
11004004,2023,65 bis unter 70 Jahre,m,8293
11004004,2023,65 bis unter 70 Jahre,f,9487
11004004,2023,unter 5 Jahre,m,6854
11004004,2023,unter 5 Jahre,f,6470
11005005,2023,90 bis unter 95 Jahre,m,457
11005005,2023,90 bis unter 95 Jahre,f,1224
11005005,2023,80 bis unter 85 Jahre,f,5976
11005005,2023,80 bis unter 85 Jahre,m,4035
11005005,2023,70 bis unter 75 Jahre,m,4991
11005005,2023,70 bis unter 75 Jahre,f,6505
11005005,2023,50 bis unter 55 Jahre,m,7176
11005005,2023,50 bis unter 55 Jahre,f,7358
11005005,2023,40 bis unter 45 Jahre,f,7922
11005005,2023,40 bis unter 45 Jahre,m,8055
11005005,2023,85 bis unter 90 Jahre,m,2186
11005005,2023,85 bis unter 90 Jahre,f,3632
11005005,2023,10 bis unter 15 Jahre,m,6354
11005005,2023,10 bis unter 15 Jahre,f,6110
11005005,2023,55 bis unter 60 Jahre,f,9014
11005005,2023,55 bis unter 60 Jahre,m,8568
11005005,2023,15 bis unter 20 Jahre,m,6331
11005005,2023,15 bis unter 20 Jahre,f,5914
11005005,2023,5 bis unter 10 Jahre,m,6754
11005005,2023,5 bis unter 10 Jahre,f,6501
11005005,2023,unter 5 Jahre,f,6097
11005005,2023,unter 5 Jahre,m,6288
11005005,2023,25 bis unter 30 Jahre,m,8247
11005005,2023,25 bis unter 30 Jahre,f,7717
11005005,2023,75 bis unter 80 Jahre,f,5032
11005005,2023,75 bis unter 80 Jahre,m,4015
11005005,2023,30 bis unter 35 Jahre,m,8960
11005005,2023,30 bis unter 35 Jahre,f,8370
11005005,2023,20 bis unter 25 Jahre,f,6615
11005005,2023,20 bis unter 25 Jahre,m,6763
11005005,2023,95 Jahre und mehr,f,344
11005005,2023,95 Jahre und mehr,m,96
11005005,2023,65 bis unter 70 Jahre,f,6609
11005005,2023,65 bis unter 70 Jahre,m,5816
11005005,2023,60 bis unter 65 Jahre,m,8053
11005005,2023,60 bis unter 65 Jahre,f,8735
11005005,2023,35 bis unter 40 Jahre,m,8894
11005005,2023,35 bis unter 40 Jahre,f,8602
11005005,2023,45 bis unter 50 Jahre,m,6622
11005005,2023,45 bis unter 50 Jahre,f,6889
11006006,2023,50 bis unter 55 Jahre,f,10113
11006006,2023,50 bis unter 55 Jahre,m,9061
11006006,2023,85 bis unter 90 Jahre,f,5714
11006006,2023,85 bis unter 90 Jahre,m,3437
11006006,2023,95 Jahre und mehr,m,188
11006006,2023,95 Jahre und mehr,f,759
11006006,2023,40 bis unter 45 Jahre,m,8672
11006006,2023,40 bis unter 45 Jahre,f,9576
11006006,2023,80 bis unter 85 Jahre,m,6574
11006006,2023,80 bis unter 85 Jahre,f,9380
11006006,2023,30 bis unter 35 Jahre,f,8591
11006006,2023,30 bis unter 35 Jahre,m,8568
11006006,2023,75 bis unter 80 Jahre,m,6187
11006006,2023,75 bis unter 80 Jahre,f,8218
11006006,2023,10 bis unter 15 Jahre,f,6679
11006006,2023,10 bis unter 15 Jahre,m,6896
11006006,2023,60 bis unter 65 Jahre,m,9847
11006006,2023,60 bis unter 65 Jahre,f,11317
11006006,2023,55 bis unter 60 Jahre,m,11258
11006006,2023,55 bis unter 60 Jahre,f,12658
11006006,2023,15 bis unter 20 Jahre,m,7145
11006006,2023,15 bis unter 20 Jahre,f,6713
11006006,2023,45 bis unter 50 Jahre,f,9024
11006006,2023,45 bis unter 50 Jahre,m,7856
11006006,2023,70 bis unter 75 Jahre,f,9735
11006006,2023,70 bis unter 75 Jahre,m,7229
11006006,2023,unter 5 Jahre,m,5806
11006006,2023,unter 5 Jahre,f,5790
11006006,2023,5 bis unter 10 Jahre,m,6855
11006006,2023,5 bis unter 10 Jahre,f,6528
11006006,2023,65 bis unter 70 Jahre,f,9027
11006006,2023,65 bis unter 70 Jahre,m,7396
11006006,2023,20 bis unter 25 Jahre,m,7693
11006006,2023,20 bis unter 25 Jahre,f,7960
11006006,2023,90 bis unter 95 Jahre,f,1839
11006006,2023,90 bis unter 95 Jahre,m,802
11006006,2023,35 bis unter 40 Jahre,f,9277
11006006,2023,35 bis unter 40 Jahre,m,8739
11006006,2023,25 bis unter 30 Jahre,m,8353
11006006,2023,25 bis unter 30 Jahre,f,8306
11007007,2023,55 bis unter 60 Jahre,f,12911
11007007,2023,55 bis unter 60 Jahre,m,12695
11007007,2023,10 bis unter 15 Jahre,m,7175
11007007,2023,10 bis unter 15 Jahre,f,6865
11007007,2023,20 bis unter 25 Jahre,f,8992
11007007,2023,20 bis unter 25 Jahre,m,8981
11007007,2023,65 bis unter 70 Jahre,m,8327
11007007,2023,65 bis unter 70 Jahre,f,9679
11007007,2023,unter 5 Jahre,f,7621
11007007,2023,unter 5 Jahre,m,8092
11007007,2023,45 bis unter 50 Jahre,m,9679
11007007,2023,45 bis unter 50 Jahre,f,9669
11007007,2023,95 Jahre und mehr,f,593
11007007,2023,95 Jahre und mehr,m,123
11007007,2023,85 bis unter 90 Jahre,m,2759
11007007,2023,85 bis unter 90 Jahre,f,4843
11007007,2023,40 bis unter 45 Jahre,f,11442
11007007,2023,40 bis unter 45 Jahre,m,11449
11007007,2023,35 bis unter 40 Jahre,f,12478
11007007,2023,35 bis unter 40 Jahre,m,12737
11007007,2023,15 bis unter 20 Jahre,f,6777
11007007,2023,15 bis unter 20 Jahre,m,7361
11007007,2023,70 bis unter 75 Jahre,m,7429
11007007,2023,70 bis unter 75 Jahre,f,9580
11007007,2023,60 bis unter 65 Jahre,f,11808
11007007,2023,60 bis unter 65 Jahre,m,11391
11007007,2023,75 bis unter 80 Jahre,f,7102
11007007,2023,75 bis unter 80 Jahre,m,5719
11007007,2023,5 bis unter 10 Jahre,m,7972
11007007,2023,5 bis unter 10 Jahre,f,7454
11007007,2023,30 bis unter 35 Jahre,m,13058
11007007,2023,30 bis unter 35 Jahre,f,12864
11007007,2023,90 bis unter 95 Jahre,f,1458
11007007,2023,90 bis unter 95 Jahre,m,625
11007007,2023,80 bis unter 85 Jahre,f,7686
11007007,2023,80 bis unter 85 Jahre,m,5484
11007007,2023,25 bis unter 30 Jahre,f,12265
11007007,2023,25 bis unter 30 Jahre,m,12402
11007007,2023,50 bis unter 55 Jahre,f,10351
11007007,2023,50 bis unter 55 Jahre,m,10174
11008008,2023,15 bis unter 20 Jahre,m,6888
11008008,2023,15 bis unter 20 Jahre,f,6538
11008008,2023,25 bis unter 30 Jahre,f,11725
11008008,2023,25 bis unter 30 Jahre,m,11487
11008008,2023,5 bis unter 10 Jahre,f,7095
11008008,2023,5 bis unter 10 Jahre,m,7418
11008008,2023,unter 5 Jahre,m,7649
11008008,2023,unter 5 Jahre,f,7299
11008008,2023,45 bis unter 50 Jahre,f,8859
11008008,2023,45 bis unter 50 Jahre,m,9686
11008008,2023,30 bis unter 35 Jahre,f,15126
11008008,2023,30 bis unter 35 Jahre,m,14533
11008008,2023,75 bis unter 80 Jahre,m,4275
11008008,2023,75 bis unter 80 Jahre,f,5321
11008008,2023,20 bis unter 25 Jahre,m,8259
11008008,2023,20 bis unter 25 Jahre,f,7887
11008008,2023,65 bis unter 70 Jahre,f,7238
11008008,2023,65 bis unter 70 Jahre,m,6744
11008008,2023,60 bis unter 65 Jahre,m,9472
11008008,2023,60 bis unter 65 Jahre,f,9215
11008008,2023,35 bis unter 40 Jahre,m,14413
11008008,2023,35 bis unter 40 Jahre,f,14129
11008008,2023,90 bis unter 95 Jahre,m,435
11008008,2023,90 bis unter 95 Jahre,f,1173
11008008,2023,80 bis unter 85 Jahre,f,5769
11008008,2023,80 bis unter 85 Jahre,m,4235
11008008,2023,70 bis unter 75 Jahre,m,5591
11008008,2023,70 bis unter 75 Jahre,f,7090
11008008,2023,50 bis unter 55 Jahre,f,8608
11008008,2023,50 bis unter 55 Jahre,m,9237
11008008,2023,55 bis unter 60 Jahre,m,10327
11008008,2023,55 bis unter 60 Jahre,f,9987
11008008,2023,95 Jahre und mehr,f,344
11008008,2023,95 Jahre und mehr,m,92
11008008,2023,40 bis unter 45 Jahre,f,11673
11008008,2023,40 bis unter 45 Jahre,m,12233
11008008,2023,85 bis unter 90 Jahre,m,2021
11008008,2023,85 bis unter 90 Jahre,f,3537
11008008,2023,10 bis unter 15 Jahre,m,6921
11008008,2023,10 bis unter 15 Jahre,f,6746
11009009,2023,5 bis unter 10 Jahre,m,7158
11009009,2023,5 bis unter 10 Jahre,f,6927
11009009,2023,25 bis unter 30 Jahre,m,9597
11009009,2023,25 bis unter 30 Jahre,f,8868
11009009,2023,35 bis unter 40 Jahre,f,12480
11009009,2023,35 bis unter 40 Jahre,m,12425
11009009,2023,20 bis unter 25 Jahre,f,7165
11009009,2023,20 bis unter 25 Jahre,m,7477
11009009,2023,65 bis unter 70 Jahre,m,6548
11009009,2023,65 bis unter 70 Jahre,f,7193
11009009,2023,70 bis unter 75 Jahre,f,6496
11009009,2023,70 bis unter 75 Jahre,m,5318
11009009,2023,50 bis unter 55 Jahre,f,8049
11009009,2023,50 bis unter 55 Jahre,m,8200
11009009,2023,60 bis unter 65 Jahre,f,9561
11009009,2023,60 bis unter 65 Jahre,m,9527
11009009,2023,40 bis unter 45 Jahre,f,10764
11009009,2023,40 bis unter 45 Jahre,m,10938
11009009,2023,80 bis unter 85 Jahre,m,4877
11009009,2023,80 bis unter 85 Jahre,f,7626
11009009,2023,30 bis unter 35 Jahre,f,10944
11009009,2023,30 bis unter 35 Jahre,m,11294
11009009,2023,95 Jahre und mehr,f,529
11009009,2023,95 Jahre und mehr,m,151
11009009,2023,55 bis unter 60 Jahre,m,10200
11009009,2023,55 bis unter 60 Jahre,f,10249
11009009,2023,45 bis unter 50 Jahre,m,8424
11009009,2023,45 bis unter 50 Jahre,f,8054
11009009,2023,15 bis unter 20 Jahre,f,5523
11009009,2023,15 bis unter 20 Jahre,m,6106
11009009,2023,90 bis unter 95 Jahre,m,938
11009009,2023,90 bis unter 95 Jahre,f,1695
11009009,2023,unter 5 Jahre,m,7313
11009009,2023,unter 5 Jahre,f,6753
11009009,2023,85 bis unter 90 Jahre,m,3163
11009009,2023,85 bis unter 90 Jahre,f,5508
11009009,2023,10 bis unter 15 Jahre,m,6326
11009009,2023,10 bis unter 15 Jahre,f,6022
11009009,2023,75 bis unter 80 Jahre,m,3612
11009009,2023,75 bis unter 80 Jahre,f,5090
11010010,2023,95 Jahre und mehr,f,345
11010010,2023,95 Jahre und mehr,m,77
11010010,2023,35 bis unter 40 Jahre,f,11279
11010010,2023,35 bis unter 40 Jahre,m,11738
11010010,2023,45 bis unter 50 Jahre,m,8065
11010010,2023,45 bis unter 50 Jahre,f,7691
11010010,2023,unter 5 Jahre,f,6991
11010010,2023,unter 5 Jahre,m,7240
11010010,2023,10 bis unter 15 Jahre,m,7231
11010010,2023,10 bis unter 15 Jahre,f,6994
11010010,2023,15 bis unter 20 Jahre,f,6417
11010010,2023,15 bis unter 20 Jahre,m,6502
11010010,2023,20 bis unter 25 Jahre,f,6856
11010010,2023,20 bis unter 25 Jahre,m,7023
11010010,2023,65 bis unter 70 Jahre,m,9040
11010010,2023,65 bis unter 70 Jahre,f,10220
11010010,2023,40 bis unter 45 Jahre,f,9996
11010010,2023,40 bis unter 45 Jahre,m,10660
11010010,2023,55 bis unter 60 Jahre,f,9967
11010010,2023,55 bis unter 60 Jahre,m,9182
11010010,2023,60 bis unter 65 Jahre,f,11850
11010010,2023,60 bis unter 65 Jahre,m,10489
11010010,2023,85 bis unter 90 Jahre,m,1891
11010010,2023,85 bis unter 90 Jahre,f,3274
11010010,2023,70 bis unter 75 Jahre,m,7564
11010010,2023,70 bis unter 75 Jahre,f,8753
11010010,2023,75 bis unter 80 Jahre,f,4934
11010010,2023,75 bis unter 80 Jahre,m,4293
11010010,2023,30 bis unter 35 Jahre,m,9542
11010010,2023,30 bis unter 35 Jahre,f,8937
11010010,2023,5 bis unter 10 Jahre,m,7568
11010010,2023,5 bis unter 10 Jahre,f,7645
11010010,2023,90 bis unter 95 Jahre,f,1074
11010010,2023,90 bis unter 95 Jahre,m,494
11010010,2023,80 bis unter 85 Jahre,f,5358
11010010,2023,80 bis unter 85 Jahre,m,4083
11010010,2023,25 bis unter 30 Jahre,f,7105
11010010,2023,25 bis unter 30 Jahre,m,7802
11010010,2023,50 bis unter 55 Jahre,f,7179
11010010,2023,50 bis unter 55 Jahre,m,7151
11011011,2023,15 bis unter 20 Jahre,m,6334
11011011,2023,15 bis unter 20 Jahre,f,6044
11011011,2023,unter 5 Jahre,m,8237
11011011,2023,unter 5 Jahre,f,7898
11011011,2023,20 bis unter 25 Jahre,m,7947
11011011,2023,20 bis unter 25 Jahre,f,8166
11011011,2023,30 bis unter 35 Jahre,f,12576
11011011,2023,30 bis unter 35 Jahre,m,13102
11011011,2023,45 bis unter 50 Jahre,f,7941
11011011,2023,45 bis unter 50 Jahre,m,8936
11011011,2023,35 bis unter 40 Jahre,m,15013
11011011,2023,35 bis unter 40 Jahre,f,13793
11011011,2023,75 bis unter 80 Jahre,m,3788
11011011,2023,75 bis unter 80 Jahre,f,5456
11011011,2023,60 bis unter 65 Jahre,m,8929
11011011,2023,60 bis unter 65 Jahre,f,9662
11011011,2023,5 bis unter 10 Jahre,f,7727
11011011,2023,5 bis unter 10 Jahre,m,8033
11011011,2023,80 bis unter 85 Jahre,f,6732
11011011,2023,80 bis unter 85 Jahre,m,4490
11011011,2023,70 bis unter 75 Jahre,m,5482
11011011,2023,70 bis unter 75 Jahre,f,7039
11011011,2023,90 bis unter 95 Jahre,m,705
11011011,2023,90 bis unter 95 Jahre,f,1473
11011011,2023,50 bis unter 55 Jahre,f,7230
11011011,2023,50 bis unter 55 Jahre,m,8052
11011011,2023,65 bis unter 70 Jahre,m,6905
11011011,2023,65 bis unter 70 Jahre,f,7632
11011011,2023,95 Jahre und mehr,f,400
11011011,2023,95 Jahre und mehr,m,107
11011011,2023,25 bis unter 30 Jahre,f,10926
11011011,2023,25 bis unter 30 Jahre,m,10963
11011011,2023,55 bis unter 60 Jahre,m,8582
11011011,2023,55 bis unter 60 Jahre,f,8554
11011011,2023,10 bis unter 15 Jahre,m,7115
11011011,2023,10 bis unter 15 Jahre,f,6725
11011011,2023,40 bis unter 45 Jahre,f,11221
11011011,2023,40 bis unter 45 Jahre,m,12185
11011011,2023,85 bis unter 90 Jahre,m,2380
11011011,2023,85 bis unter 90 Jahre,f,4311
11012012,2023,5 bis unter 10 Jahre,m,6509
11012012,2023,5 bis unter 10 Jahre,f,6299
11012012,2023,25 bis unter 30 Jahre,m,8319
11012012,2023,25 bis unter 30 Jahre,f,7561
11012012,2023,70 bis unter 75 Jahre,f,7402
11012012,2023,70 bis unter 75 Jahre,m,5849
11012012,2023,35 bis unter 40 Jahre,f,8215
11012012,2023,35 bis unter 40 Jahre,m,8652
11012012,2023,20 bis unter 25 Jahre,f,6677
11012012,2023,20 bis unter 25 Jahre,m,7065
11012012,2023,85 bis unter 90 Jahre,f,4295
11012012,2023,85 bis unter 90 Jahre,m,2600
11012012,2023,95 Jahre und mehr,f,411
11012012,2023,95 Jahre und mehr,m,112
11012012,2023,40 bis unter 45 Jahre,f,7743
11012012,2023,40 bis unter 45 Jahre,m,7799
11012012,2023,50 bis unter 55 Jahre,m,7689
11012012,2023,50 bis unter 55 Jahre,f,7967
11012012,2023,55 bis unter 60 Jahre,m,9748
11012012,2023,55 bis unter 60 Jahre,f,9834
11012012,2023,60 bis unter 65 Jahre,f,9334
11012012,2023,60 bis unter 65 Jahre,m,8988
11012012,2023,80 bis unter 85 Jahre,m,5047
11012012,2023,80 bis unter 85 Jahre,f,6772
11012012,2023,30 bis unter 35 Jahre,f,8239
11012012,2023,30 bis unter 35 Jahre,m,8858
11012012,2023,15 bis unter 20 Jahre,f,5842
11012012,2023,15 bis unter 20 Jahre,m,6255
11012012,2023,45 bis unter 50 Jahre,m,6887
11012012,2023,45 bis unter 50 Jahre,f,7025
11012012,2023,unter 5 Jahre,m,6142
11012012,2023,unter 5 Jahre,f,5772
11012012,2023,90 bis unter 95 Jahre,m,582
11012012,2023,90 bis unter 95 Jahre,f,1347
11012012,2023,75 bis unter 80 Jahre,m,4785
11012012,2023,75 bis unter 80 Jahre,f,6323
11012012,2023,65 bis unter 70 Jahre,m,6488
11012012,2023,65 bis unter 70 Jahre,f,7295
11012012,2023,10 bis unter 15 Jahre,f,5940
11012012,2023,10 bis unter 15 Jahre,m,6159
03457,2023,85 bis unter 90 Jahre,m,1331
03457,2023,85 bis unter 90 Jahre,f,2290
03457,2023,30 bis unter 35 Jahre,m,5305
03457,2023,30 bis unter 35 Jahre,f,5006
03457,2023,95 Jahre und mehr,f,205
03457,2023,95 Jahre und mehr,m,61
03457,2023,10 bis unter 15 Jahre,m,4096
03457,2023,10 bis unter 15 Jahre,f,4024
03457,2023,25 bis unter 30 Jahre,m,4741
03457,2023,25 bis unter 30 Jahre,f,4385
03457,2023,70 bis unter 75 Jahre,f,4985
03457,2023,70 bis unter 75 Jahre,m,4651
03457,2023,90 bis unter 95 Jahre,m,330
03457,2023,90 bis unter 95 Jahre,f,773
03457,2023,35 bis unter 40 Jahre,f,5171
03457,2023,35 bis unter 40 Jahre,m,5458
03457,2023,65 bis unter 70 Jahre,m,5393
03457,2023,65 bis unter 70 Jahre,f,5869
03457,2023,50 bis unter 55 Jahre,m,6012
03457,2023,50 bis unter 55 Jahre,f,6195
03457,2023,5 bis unter 10 Jahre,f,4112
03457,2023,5 bis unter 10 Jahre,m,4322
03457,2023,40 bis unter 45 Jahre,f,4931
03457,2023,40 bis unter 45 Jahre,m,5176
03457,2023,15 bis unter 20 Jahre,f,4235
03457,2023,15 bis unter 20 Jahre,m,4285
03457,2023,75 bis unter 80 Jahre,m,3093
03457,2023,75 bis unter 80 Jahre,f,3478
03457,2023,20 bis unter 25 Jahre,m,4469
03457,2023,20 bis unter 25 Jahre,f,3948
03457,2023,55 bis unter 60 Jahre,m,7081
03457,2023,55 bis unter 60 Jahre,f,7292
03457,2023,80 bis unter 85 Jahre,m,2521
03457,2023,80 bis unter 85 Jahre,f,3362
03457,2023,60 bis unter 65 Jahre,m,6267
03457,2023,60 bis unter 65 Jahre,f,6825
03457,2023,unter 5 Jahre,m,4125
03457,2023,unter 5 Jahre,f,3992
03457,2023,45 bis unter 50 Jahre,f,4682
03457,2023,45 bis unter 50 Jahre,m,4634
06636,2023,50 bis unter 55 Jahre,m,3399
06636,2023,50 bis unter 55 Jahre,f,3604
06636,2023,85 bis unter 90 Jahre,m,1019
06636,2023,85 bis unter 90 Jahre,f,1737
06636,2023,95 Jahre und mehr,f,155
06636,2023,95 Jahre und mehr,m,47
06636,2023,30 bis unter 35 Jahre,m,2857
06636,2023,30 bis unter 35 Jahre,f,2517
06636,2023,65 bis unter 70 Jahre,m,3529
06636,2023,65 bis unter 70 Jahre,f,3720
06636,2023,90 bis unter 95 Jahre,m,234
06636,2023,90 bis unter 95 Jahre,f,631
06636,2023,70 bis unter 75 Jahre,m,2943
06636,2023,70 bis unter 75 Jahre,f,3312
06636,2023,45 bis unter 50 Jahre,m,2586
06636,2023,45 bis unter 50 Jahre,f,2659
06636,2023,15 bis unter 20 Jahre,f,2085
06636,2023,15 bis unter 20 Jahre,m,2251
06636,2023,5 bis unter 10 Jahre,m,2273
06636,2023,5 bis unter 10 Jahre,f,2023
06636,2023,55 bis unter 60 Jahre,f,4202
06636,2023,55 bis unter 60 Jahre,m,4176
06636,2023,unter 5 Jahre,f,1867
06636,2023,unter 5 Jahre,m,2118
06636,2023,60 bis unter 65 Jahre,f,4379
06636,2023,60 bis unter 65 Jahre,m,4209
06636,2023,35 bis unter 40 Jahre,f,2796
06636,2023,35 bis unter 40 Jahre,m,2943
06636,2023,80 bis unter 85 Jahre,f,2502
06636,2023,80 bis unter 85 Jahre,m,1816
06636,2023,25 bis unter 30 Jahre,m,2740
06636,2023,25 bis unter 30 Jahre,f,2277
06636,2023,40 bis unter 45 Jahre,m,2731
06636,2023,40 bis unter 45 Jahre,f,2760
06636,2023,20 bis unter 25 Jahre,m,2575
06636,2023,20 bis unter 25 Jahre,f,1870
06636,2023,75 bis unter 80 Jahre,f,2289
06636,2023,75 bis unter 80 Jahre,m,2048
06636,2023,10 bis unter 15 Jahre,f,2063
06636,2023,10 bis unter 15 Jahre,m,2113
09762,2023,45 bis unter 50 Jahre,m,1354
09762,2023,45 bis unter 50 Jahre,f,1284
09762,2023,90 bis unter 95 Jahre,f,279
09762,2023,90 bis unter 95 Jahre,m,141
09762,2023,25 bis unter 30 Jahre,m,1437
09762,2023,25 bis unter 30 Jahre,f,1274
09762,2023,85 bis unter 90 Jahre,m,427
09762,2023,85 bis unter 90 Jahre,f,679
09762,2023,65 bis unter 70 Jahre,m,1325
09762,2023,65 bis unter 70 Jahre,f,1532
09762,2023,10 bis unter 15 Jahre,f,1000
09762,2023,10 bis unter 15 Jahre,m,1038
09762,2023,30 bis unter 35 Jahre,m,1588
09762,2023,30 bis unter 35 Jahre,f,1496
09762,2023,5 bis unter 10 Jahre,m,1158
09762,2023,5 bis unter 10 Jahre,f,1101
09762,2023,50 bis unter 55 Jahre,f,1378
09762,2023,50 bis unter 55 Jahre,m,1383
09762,2023,15 bis unter 20 Jahre,f,1086
09762,2023,15 bis unter 20 Jahre,m,1205
09762,2023,95 Jahre und mehr,m,27
09762,2023,95 Jahre und mehr,f,92
09762,2023,20 bis unter 25 Jahre,f,1172
09762,2023,20 bis unter 25 Jahre,m,1198
09762,2023,75 bis unter 80 Jahre,m,789
09762,2023,75 bis unter 80 Jahre,f,988
09762,2023,unter 5 Jahre,m,1218
09762,2023,unter 5 Jahre,f,1156
09762,2023,55 bis unter 60 Jahre,m,1725
09762,2023,55 bis unter 60 Jahre,f,1794
09762,2023,80 bis unter 85 Jahre,f,1131
09762,2023,80 bis unter 85 Jahre,m,768
09762,2023,35 bis unter 40 Jahre,m,1654
09762,2023,35 bis unter 40 Jahre,f,1454
09762,2023,60 bis unter 65 Jahre,f,1812
09762,2023,60 bis unter 65 Jahre,m,1632
09762,2023,40 bis unter 45 Jahre,f,1363
09762,2023,40 bis unter 45 Jahre,m,1549
09762,2023,70 bis unter 75 Jahre,m,1116
09762,2023,70 bis unter 75 Jahre,f,1268
09186,2023,25 bis unter 30 Jahre,m,3974
09186,2023,25 bis unter 30 Jahre,f,3340
09186,2023,70 bis unter 75 Jahre,f,3038
09186,2023,70 bis unter 75 Jahre,m,2752
09186,2023,5 bis unter 10 Jahre,m,3596
09186,2023,5 bis unter 10 Jahre,f,3353
09186,2023,50 bis unter 55 Jahre,f,4312
09186,2023,50 bis unter 55 Jahre,m,4529
09186,2023,85 bis unter 90 Jahre,f,1479
09186,2023,85 bis unter 90 Jahre,m,996
09186,2023,10 bis unter 15 Jahre,m,3210
09186,2023,10 bis unter 15 Jahre,f,3098
09186,2023,95 Jahre und mehr,f,139
09186,2023,95 Jahre und mehr,m,57
09186,2023,90 bis unter 95 Jahre,f,525
09186,2023,90 bis unter 95 Jahre,m,220
09186,2023,45 bis unter 50 Jahre,m,4243
09186,2023,45 bis unter 50 Jahre,f,3883
09186,2023,30 bis unter 35 Jahre,m,4458
09186,2023,30 bis unter 35 Jahre,f,4083
09186,2023,80 bis unter 85 Jahre,m,1796
09186,2023,80 bis unter 85 Jahre,f,2184
09186,2023,65 bis unter 70 Jahre,f,3841
09186,2023,65 bis unter 70 Jahre,m,3799
09186,2023,unter 5 Jahre,f,3389
09186,2023,unter 5 Jahre,m,3533
09186,2023,55 bis unter 60 Jahre,m,5410
09186,2023,55 bis unter 60 Jahre,f,5161
09186,2023,75 bis unter 80 Jahre,f,2254
09186,2023,75 bis unter 80 Jahre,m,1947
09186,2023,15 bis unter 20 Jahre,m,3203
09186,2023,15 bis unter 20 Jahre,f,2915
09186,2023,60 bis unter 65 Jahre,f,4843
09186,2023,60 bis unter 65 Jahre,m,4884
09186,2023,40 bis unter 45 Jahre,f,4555
09186,2023,40 bis unter 45 Jahre,m,4684
09186,2023,20 bis unter 25 Jahre,f,2909
09186,2023,20 bis unter 25 Jahre,m,3490
09186,2023,35 bis unter 40 Jahre,m,4839
09186,2023,35 bis unter 40 Jahre,f,4576
07319,2023,70 bis unter 75 Jahre,m,2069
07319,2023,70 bis unter 75 Jahre,f,2277
07319,2023,90 bis unter 95 Jahre,m,168
07319,2023,90 bis unter 95 Jahre,f,425
07319,2023,30 bis unter 35 Jahre,m,3157
07319,2023,30 bis unter 35 Jahre,f,2837
07319,2023,15 bis unter 20 Jahre,f,2099
07319,2023,15 bis unter 20 Jahre,m,2303
07319,2023,50 bis unter 55 Jahre,m,2892
07319,2023,50 bis unter 55 Jahre,f,2800
07319,2023,10 bis unter 15 Jahre,m,2141
07319,2023,10 bis unter 15 Jahre,f,1994
07319,2023,85 bis unter 90 Jahre,m,686
07319,2023,85 bis unter 90 Jahre,f,1120
07319,2023,55 bis unter 60 Jahre,f,3137
07319,2023,55 bis unter 60 Jahre,m,3371
07319,2023,95 Jahre und mehr,f,134
07319,2023,95 Jahre und mehr,m,53
07319,2023,unter 5 Jahre,f,1951
07319,2023,unter 5 Jahre,m,2153
07319,2023,65 bis unter 70 Jahre,f,2683
07319,2023,65 bis unter 70 Jahre,m,2546
07319,2023,45 bis unter 50 Jahre,m,2584
07319,2023,45 bis unter 50 Jahre,f,2683
07319,2023,20 bis unter 25 Jahre,f,2382
07319,2023,20 bis unter 25 Jahre,m,2582
07319,2023,75 bis unter 80 Jahre,f,1550
07319,2023,75 bis unter 80 Jahre,m,1320
07319,2023,60 bis unter 65 Jahre,m,3134
07319,2023,60 bis unter 65 Jahre,f,3184
07319,2023,80 bis unter 85 Jahre,m,1140
07319,2023,80 bis unter 85 Jahre,f,1595
07319,2023,5 bis unter 10 Jahre,f,2167
07319,2023,5 bis unter 10 Jahre,m,2325
07319,2023,35 bis unter 40 Jahre,m,2916
07319,2023,35 bis unter 40 Jahre,f,2866
07319,2023,40 bis unter 45 Jahre,f,2769
07319,2023,40 bis unter 45 Jahre,m,2789
07319,2023,25 bis unter 30 Jahre,m,2952
07319,2023,25 bis unter 30 Jahre,f,2469
01003,2023,50 bis unter 55 Jahre,f,7283
01003,2023,50 bis unter 55 Jahre,m,7087
01003,2023,5 bis unter 10 Jahre,m,4878
01003,2023,5 bis unter 10 Jahre,f,4432
01003,2023,25 bis unter 30 Jahre,m,7697
01003,2023,25 bis unter 30 Jahre,f,7425
01003,2023,85 bis unter 90 Jahre,f,3735
01003,2023,85 bis unter 90 Jahre,m,2274
01003,2023,95 Jahre und mehr,f,497
01003,2023,95 Jahre und mehr,m,122
01003,2023,30 bis unter 35 Jahre,m,7357
01003,2023,30 bis unter 35 Jahre,f,7225
01003,2023,45 bis unter 50 Jahre,m,5804
01003,2023,45 bis unter 50 Jahre,f,6427
01003,2023,90 bis unter 95 Jahre,f,1351
01003,2023,90 bis unter 95 Jahre,m,511
01003,2023,10 bis unter 15 Jahre,f,4387
01003,2023,10 bis unter 15 Jahre,m,4754
01003,2023,65 bis unter 70 Jahre,f,6855
01003,2023,65 bis unter 70 Jahre,m,5787
01003,2023,20 bis unter 25 Jahre,m,6293
01003,2023,20 bis unter 25 Jahre,f,6674
01003,2023,75 bis unter 80 Jahre,m,3842
01003,2023,75 bis unter 80 Jahre,f,5163
01003,2023,15 bis unter 20 Jahre,m,5115
01003,2023,15 bis unter 20 Jahre,f,4758
01003,2023,80 bis unter 85 Jahre,f,5700
01003,2023,80 bis unter 85 Jahre,m,3784
01003,2023,55 bis unter 60 Jahre,f,8837
01003,2023,55 bis unter 60 Jahre,m,8666
01003,2023,60 bis unter 65 Jahre,f,8144
01003,2023,60 bis unter 65 Jahre,m,7551
01003,2023,40 bis unter 45 Jahre,f,6768
01003,2023,40 bis unter 45 Jahre,m,6379
01003,2023,unter 5 Jahre,m,4489
01003,2023,unter 5 Jahre,f,4017
01003,2023,70 bis unter 75 Jahre,m,4887
01003,2023,70 bis unter 75 Jahre,f,6159
01003,2023,35 bis unter 40 Jahre,f,6961
01003,2023,35 bis unter 40 Jahre,m,6986
09179,2023,85 bis unter 90 Jahre,f,3241
09179,2023,85 bis unter 90 Jahre,m,2198
09179,2023,30 bis unter 35 Jahre,f,6429
09179,2023,30 bis unter 35 Jahre,m,6623
09179,2023,25 bis unter 30 Jahre,m,5882
09179,2023,25 bis unter 30 Jahre,f,5366
09179,2023,65 bis unter 70 Jahre,f,6061
09179,2023,65 bis unter 70 Jahre,m,5313
09179,2023,70 bis unter 75 Jahre,f,5582
09179,2023,70 bis unter 75 Jahre,m,4397
09179,2023,5 bis unter 10 Jahre,m,5809
09179,2023,5 bis unter 10 Jahre,f,5397
09179,2023,45 bis unter 50 Jahre,f,7097
09179,2023,45 bis unter 50 Jahre,m,6935
09179,2023,50 bis unter 55 Jahre,f,7665
09179,2023,50 bis unter 55 Jahre,m,7645
09179,2023,10 bis unter 15 Jahre,m,5667
09179,2023,10 bis unter 15 Jahre,f,5296
09179,2023,60 bis unter 65 Jahre,m,7411
09179,2023,60 bis unter 65 Jahre,f,7723
09179,2023,80 bis unter 85 Jahre,m,3969
09179,2023,80 bis unter 85 Jahre,f,5558
09179,2023,90 bis unter 95 Jahre,f,1077
09179,2023,90 bis unter 95 Jahre,m,597
09179,2023,35 bis unter 40 Jahre,m,7048
09179,2023,35 bis unter 40 Jahre,f,7079
09179,2023,55 bis unter 60 Jahre,f,8880
09179,2023,55 bis unter 60 Jahre,m,8927
09179,2023,40 bis unter 45 Jahre,f,7517
09179,2023,40 bis unter 45 Jahre,m,7176
09179,2023,20 bis unter 25 Jahre,f,5093
09179,2023,20 bis unter 25 Jahre,m,5550
09179,2023,75 bis unter 80 Jahre,f,5184
09179,2023,75 bis unter 80 Jahre,m,4033
09179,2023,unter 5 Jahre,f,4995
09179,2023,unter 5 Jahre,m,5408
09179,2023,15 bis unter 20 Jahre,m,5592
09179,2023,15 bis unter 20 Jahre,f,5077
09179,2023,95 Jahre und mehr,m,106
09179,2023,95 Jahre und mehr,f,309
08222,2023,60 bis unter 65 Jahre,f,10026
08222,2023,60 bis unter 65 Jahre,m,10093
08222,2023,15 bis unter 20 Jahre,m,7558
08222,2023,15 bis unter 20 Jahre,f,6987
08222,2023,unter 5 Jahre,m,7191
08222,2023,unter 5 Jahre,f,6980
08222,2023,20 bis unter 25 Jahre,f,11794
08222,2023,20 bis unter 25 Jahre,m,11974
08222,2023,40 bis unter 45 Jahre,f,10378
08222,2023,40 bis unter 45 Jahre,m,11029
08222,2023,75 bis unter 80 Jahre,m,4722
08222,2023,75 bis unter 80 Jahre,f,5818
08222,2023,55 bis unter 60 Jahre,f,11002
08222,2023,55 bis unter 60 Jahre,m,11591
08222,2023,35 bis unter 40 Jahre,m,11899
08222,2023,35 bis unter 40 Jahre,f,10901
08222,2023,80 bis unter 85 Jahre,f,5679
08222,2023,80 bis unter 85 Jahre,m,4147
08222,2023,90 bis unter 95 Jahre,m,769
08222,2023,90 bis unter 95 Jahre,f,1508
08222,2023,70 bis unter 75 Jahre,m,5946
08222,2023,70 bis unter 75 Jahre,f,7262
08222,2023,65 bis unter 70 Jahre,m,7827
08222,2023,65 bis unter 70 Jahre,f,8203
08222,2023,10 bis unter 15 Jahre,f,6342
08222,2023,10 bis unter 15 Jahre,m,6650
08222,2023,95 Jahre und mehr,f,568
08222,2023,95 Jahre und mehr,m,173
08222,2023,5 bis unter 10 Jahre,m,7188
08222,2023,5 bis unter 10 Jahre,f,6995
08222,2023,50 bis unter 55 Jahre,f,9919
08222,2023,50 bis unter 55 Jahre,m,10365
08222,2023,25 bis unter 30 Jahre,m,13408
08222,2023,25 bis unter 30 Jahre,f,12902
08222,2023,45 bis unter 50 Jahre,m,9609
08222,2023,45 bis unter 50 Jahre,f,9183
08222,2023,85 bis unter 90 Jahre,f,3860
08222,2023,85 bis unter 90 Jahre,m,2504
08222,2023,30 bis unter 35 Jahre,f,11895
08222,2023,30 bis unter 35 Jahre,m,13411
08336,2023,10 bis unter 15 Jahre,f,5853
08336,2023,10 bis unter 15 Jahre,m,6085
08336,2023,45 bis unter 50 Jahre,f,7125
08336,2023,45 bis unter 50 Jahre,m,6797
08336,2023,30 bis unter 35 Jahre,f,7404
08336,2023,30 bis unter 35 Jahre,m,7827
08336,2023,85 bis unter 90 Jahre,f,3417
08336,2023,85 bis unter 90 Jahre,m,2200
08336,2023,25 bis unter 30 Jahre,f,6224
08336,2023,25 bis unter 30 Jahre,m,6941
08336,2023,50 bis unter 55 Jahre,f,8375
08336,2023,50 bis unter 55 Jahre,m,7743
08336,2023,5 bis unter 10 Jahre,m,6361
08336,2023,5 bis unter 10 Jahre,f,6145
08336,2023,65 bis unter 70 Jahre,f,7540
08336,2023,65 bis unter 70 Jahre,m,6975
08336,2023,70 bis unter 75 Jahre,f,6305
08336,2023,70 bis unter 75 Jahre,m,5634
08336,2023,40 bis unter 45 Jahre,m,7448
08336,2023,40 bis unter 45 Jahre,f,7562
08336,2023,95 Jahre und mehr,f,325
08336,2023,95 Jahre und mehr,m,129
08336,2023,75 bis unter 80 Jahre,m,3573
08336,2023,75 bis unter 80 Jahre,f,4489
08336,2023,15 bis unter 20 Jahre,f,5797
08336,2023,15 bis unter 20 Jahre,m,6262
08336,2023,20 bis unter 25 Jahre,m,6176
08336,2023,20 bis unter 25 Jahre,f,5123
08336,2023,unter 5 Jahre,f,5604
08336,2023,unter 5 Jahre,m,5743
08336,2023,35 bis unter 40 Jahre,f,7793
08336,2023,35 bis unter 40 Jahre,m,7785
08336,2023,90 bis unter 95 Jahre,m,614
08336,2023,90 bis unter 95 Jahre,f,1234
08336,2023,60 bis unter 65 Jahre,f,9491
08336,2023,60 bis unter 65 Jahre,m,9096
08336,2023,55 bis unter 60 Jahre,m,9641
08336,2023,55 bis unter 60 Jahre,f,10056
08336,2023,80 bis unter 85 Jahre,m,3503
08336,2023,80 bis unter 85 Jahre,f,4817
09673,2023,65 bis unter 70 Jahre,m,2887
09673,2023,65 bis unter 70 Jahre,f,2865
09673,2023,10 bis unter 15 Jahre,m,1827
09673,2023,10 bis unter 15 Jahre,f,1747
09673,2023,85 bis unter 90 Jahre,m,737
09673,2023,85 bis unter 90 Jahre,f,1260
09673,2023,30 bis unter 35 Jahre,m,2473
09673,2023,30 bis unter 35 Jahre,f,2281
09673,2023,50 bis unter 55 Jahre,m,2607
09673,2023,50 bis unter 55 Jahre,f,2713
09673,2023,90 bis unter 95 Jahre,f,443
09673,2023,90 bis unter 95 Jahre,m,201
09673,2023,70 bis unter 75 Jahre,m,2364
09673,2023,70 bis unter 75 Jahre,f,2491
09673,2023,45 bis unter 50 Jahre,m,2124
09673,2023,45 bis unter 50 Jahre,f,2149
09673,2023,5 bis unter 10 Jahre,m,1954
09673,2023,5 bis unter 10 Jahre,f,1920
09673,2023,20 bis unter 25 Jahre,f,1732
09673,2023,20 bis unter 25 Jahre,m,2057
09673,2023,40 bis unter 45 Jahre,f,2353
09673,2023,40 bis unter 45 Jahre,m,2418
09673,2023,15 bis unter 20 Jahre,f,1864
09673,2023,15 bis unter 20 Jahre,m,1957
09673,2023,75 bis unter 80 Jahre,m,1359
09673,2023,75 bis unter 80 Jahre,f,1521
09673,2023,unter 5 Jahre,m,1887
09673,2023,unter 5 Jahre,f,1794
09673,2023,80 bis unter 85 Jahre,m,1171
09673,2023,80 bis unter 85 Jahre,f,1675
09673,2023,60 bis unter 65 Jahre,f,3409
09673,2023,60 bis unter 65 Jahre,m,3436
09673,2023,95 Jahre und mehr,f,105
09673,2023,95 Jahre und mehr,m,32
09673,2023,25 bis unter 30 Jahre,f,1841
09673,2023,25 bis unter 30 Jahre,m,2184
09673,2023,55 bis unter 60 Jahre,m,3391
09673,2023,55 bis unter 60 Jahre,f,3377
09673,2023,35 bis unter 40 Jahre,f,2304
09673,2023,35 bis unter 40 Jahre,m,2520
08327,2023,60 bis unter 65 Jahre,m,5236
08327,2023,60 bis unter 65 Jahre,f,5374
08327,2023,80 bis unter 85 Jahre,m,2005
08327,2023,80 bis unter 85 Jahre,f,2788
08327,2023,75 bis unter 80 Jahre,m,2034
08327,2023,75 bis unter 80 Jahre,f,2450
08327,2023,20 bis unter 25 Jahre,m,4219
08327,2023,20 bis unter 25 Jahre,f,3531
08327,2023,95 Jahre und mehr,f,194
08327,2023,95 Jahre und mehr,m,79
08327,2023,35 bis unter 40 Jahre,m,5093
08327,2023,35 bis unter 40 Jahre,f,4712
08327,2023,5 bis unter 10 Jahre,f,3877
08327,2023,5 bis unter 10 Jahre,m,3924
08327,2023,30 bis unter 35 Jahre,f,4552
08327,2023,30 bis unter 35 Jahre,m,4869
08327,2023,unter 5 Jahre,f,3745
08327,2023,unter 5 Jahre,m,4084
08327,2023,85 bis unter 90 Jahre,f,2031
08327,2023,85 bis unter 90 Jahre,m,1285
08327,2023,65 bis unter 70 Jahre,f,4400
08327,2023,65 bis unter 70 Jahre,m,4173
08327,2023,55 bis unter 60 Jahre,m,5567
08327,2023,55 bis unter 60 Jahre,f,5388
08327,2023,90 bis unter 95 Jahre,m,331
08327,2023,90 bis unter 95 Jahre,f,716
08327,2023,10 bis unter 15 Jahre,f,3541
08327,2023,10 bis unter 15 Jahre,m,3852
08327,2023,50 bis unter 55 Jahre,m,4849
08327,2023,50 bis unter 55 Jahre,f,4711
08327,2023,70 bis unter 75 Jahre,m,3307
08327,2023,70 bis unter 75 Jahre,f,3718
08327,2023,15 bis unter 20 Jahre,f,3643
08327,2023,15 bis unter 20 Jahre,m,4101
08327,2023,45 bis unter 50 Jahre,m,4435
08327,2023,45 bis unter 50 Jahre,f,4257
08327,2023,40 bis unter 45 Jahre,f,4563
08327,2023,40 bis unter 45 Jahre,m,4689
08327,2023,25 bis unter 30 Jahre,m,4616
08327,2023,25 bis unter 30 Jahre,f,4016
05911,2023,25 bis unter 30 Jahre,f,12611
05911,2023,25 bis unter 30 Jahre,m,13812
05911,2023,10 bis unter 15 Jahre,f,6996
05911,2023,10 bis unter 15 Jahre,m,7608
05911,2023,5 bis unter 10 Jahre,f,7795
05911,2023,5 bis unter 10 Jahre,m,8041
05911,2023,65 bis unter 70 Jahre,f,11517
05911,2023,65 bis unter 70 Jahre,m,10560
05911,2023,80 bis unter 85 Jahre,m,5343
05911,2023,80 bis unter 85 Jahre,f,7721
05911,2023,45 bis unter 50 Jahre,f,9847
05911,2023,45 bis unter 50 Jahre,m,9909
05911,2023,30 bis unter 35 Jahre,f,12311
05911,2023,30 bis unter 35 Jahre,m,13514
05911,2023,55 bis unter 60 Jahre,m,13785
05911,2023,55 bis unter 60 Jahre,f,13683
05911,2023,20 bis unter 25 Jahre,m,11160
05911,2023,20 bis unter 25 Jahre,f,11375
05911,2023,90 bis unter 95 Jahre,f,2166
05911,2023,90 bis unter 95 Jahre,m,870
05911,2023,75 bis unter 80 Jahre,m,5732
05911,2023,75 bis unter 80 Jahre,f,7367
05911,2023,85 bis unter 90 Jahre,f,5709
05911,2023,85 bis unter 90 Jahre,m,3162
05911,2023,unter 5 Jahre,m,7907
05911,2023,unter 5 Jahre,f,7496
05911,2023,15 bis unter 20 Jahre,f,7486
05911,2023,15 bis unter 20 Jahre,m,7895
05911,2023,70 bis unter 75 Jahre,m,8487
05911,2023,70 bis unter 75 Jahre,f,10117
05911,2023,40 bis unter 45 Jahre,f,10971
05911,2023,40 bis unter 45 Jahre,m,11245
05911,2023,95 Jahre und mehr,f,682
05911,2023,95 Jahre und mehr,m,187
05911,2023,35 bis unter 40 Jahre,m,12275
05911,2023,35 bis unter 40 Jahre,f,11381
05911,2023,60 bis unter 65 Jahre,m,12472
05911,2023,60 bis unter 65 Jahre,f,13197
05911,2023,50 bis unter 55 Jahre,f,11273
05911,2023,50 bis unter 55 Jahre,m,11359
03103,2023,50 bis unter 55 Jahre,f,4063
03103,2023,50 bis unter 55 Jahre,m,4039
03103,2023,5 bis unter 10 Jahre,m,3606
03103,2023,5 bis unter 10 Jahre,f,3224
03103,2023,70 bis unter 75 Jahre,f,3318
03103,2023,70 bis unter 75 Jahre,m,2861
03103,2023,10 bis unter 15 Jahre,f,2892
03103,2023,10 bis unter 15 Jahre,m,3259
03103,2023,30 bis unter 35 Jahre,f,4152
03103,2023,30 bis unter 35 Jahre,m,4610
03103,2023,85 bis unter 90 Jahre,m,1453
03103,2023,85 bis unter 90 Jahre,f,2253
03103,2023,65 bis unter 70 Jahre,f,3876
03103,2023,65 bis unter 70 Jahre,m,3576
03103,2023,45 bis unter 50 Jahre,m,3983
03103,2023,45 bis unter 50 Jahre,f,3629
03103,2023,90 bis unter 95 Jahre,f,704
03103,2023,90 bis unter 95 Jahre,m,360
03103,2023,80 bis unter 85 Jahre,m,2254
03103,2023,80 bis unter 85 Jahre,f,3028
03103,2023,75 bis unter 80 Jahre,m,2031
03103,2023,75 bis unter 80 Jahre,f,2495
03103,2023,20 bis unter 25 Jahre,f,3220
03103,2023,20 bis unter 25 Jahre,m,3393
03103,2023,unter 5 Jahre,m,3304
03103,2023,unter 5 Jahre,f,3045
03103,2023,95 Jahre und mehr,m,75
03103,2023,95 Jahre und mehr,f,218
03103,2023,60 bis unter 65 Jahre,f,4645
03103,2023,60 bis unter 65 Jahre,m,4478
03103,2023,15 bis unter 20 Jahre,m,3195
03103,2023,15 bis unter 20 Jahre,f,2825
03103,2023,35 bis unter 40 Jahre,m,4774
03103,2023,35 bis unter 40 Jahre,f,4369
03103,2023,55 bis unter 60 Jahre,m,4671
03103,2023,55 bis unter 60 Jahre,f,4635
03103,2023,40 bis unter 45 Jahre,f,4315
03103,2023,40 bis unter 45 Jahre,m,4603
03103,2023,25 bis unter 30 Jahre,f,3822
03103,2023,25 bis unter 30 Jahre,m,4094
05566,2023,35 bis unter 40 Jahre,f,14120
05566,2023,35 bis unter 40 Jahre,m,14489
05566,2023,15 bis unter 20 Jahre,f,10900
05566,2023,15 bis unter 20 Jahre,m,12199
05566,2023,20 bis unter 25 Jahre,f,10928
05566,2023,20 bis unter 25 Jahre,m,13162
05566,2023,unter 5 Jahre,f,10904
05566,2023,unter 5 Jahre,m,11323
05566,2023,70 bis unter 75 Jahre,m,10498
05566,2023,70 bis unter 75 Jahre,f,11918
05566,2023,40 bis unter 45 Jahre,f,13784
05566,2023,40 bis unter 45 Jahre,m,13802
05566,2023,80 bis unter 85 Jahre,f,8856
05566,2023,80 bis unter 85 Jahre,m,6065
05566,2023,55 bis unter 60 Jahre,f,19585
05566,2023,55 bis unter 60 Jahre,m,20108
05566,2023,85 bis unter 90 Jahre,m,3629
05566,2023,85 bis unter 90 Jahre,f,6374
05566,2023,30 bis unter 35 Jahre,m,14170
05566,2023,30 bis unter 35 Jahre,f,13115
05566,2023,50 bis unter 55 Jahre,m,15861
05566,2023,50 bis unter 55 Jahre,f,15938
05566,2023,25 bis unter 30 Jahre,m,13631
05566,2023,25 bis unter 30 Jahre,f,11562
05566,2023,5 bis unter 10 Jahre,m,11858
05566,2023,5 bis unter 10 Jahre,f,11130
05566,2023,60 bis unter 65 Jahre,f,17836
05566,2023,60 bis unter 65 Jahre,m,17812
05566,2023,45 bis unter 50 Jahre,f,12866
05566,2023,45 bis unter 50 Jahre,m,12783
05566,2023,65 bis unter 70 Jahre,f,14420
05566,2023,65 bis unter 70 Jahre,m,13655
05566,2023,95 Jahre und mehr,f,705
05566,2023,95 Jahre und mehr,m,133
05566,2023,90 bis unter 95 Jahre,f,2380
05566,2023,90 bis unter 95 Jahre,m,912
05566,2023,10 bis unter 15 Jahre,m,11094
05566,2023,10 bis unter 15 Jahre,f,10463
05566,2023,75 bis unter 80 Jahre,m,6928
05566,2023,75 bis unter 80 Jahre,f,8146
05978,2023,unter 5 Jahre,m,9199
05978,2023,unter 5 Jahre,f,8548
05978,2023,35 bis unter 40 Jahre,m,12368
05978,2023,35 bis unter 40 Jahre,f,12241
05978,2023,95 Jahre und mehr,f,719
05978,2023,95 Jahre und mehr,m,180
05978,2023,55 bis unter 60 Jahre,m,16504
05978,2023,55 bis unter 60 Jahre,f,17328
05978,2023,75 bis unter 80 Jahre,m,7026
05978,2023,75 bis unter 80 Jahre,f,8555
05978,2023,20 bis unter 25 Jahre,f,8694
05978,2023,20 bis unter 25 Jahre,m,10422
05978,2023,60 bis unter 65 Jahre,f,16399
05978,2023,60 bis unter 65 Jahre,m,15462
05978,2023,15 bis unter 20 Jahre,m,9846
05978,2023,15 bis unter 20 Jahre,f,8778
05978,2023,40 bis unter 45 Jahre,m,12226
05978,2023,40 bis unter 45 Jahre,f,12260
05978,2023,45 bis unter 50 Jahre,f,11775
05978,2023,45 bis unter 50 Jahre,m,11417
05978,2023,80 bis unter 85 Jahre,m,6292
05978,2023,80 bis unter 85 Jahre,f,8775
05978,2023,65 bis unter 70 Jahre,f,14281
05978,2023,65 bis unter 70 Jahre,m,12920
05978,2023,70 bis unter 75 Jahre,m,10450
05978,2023,70 bis unter 75 Jahre,f,11950
05978,2023,90 bis unter 95 Jahre,f,2360
05978,2023,90 bis unter 95 Jahre,m,1075
05978,2023,10 bis unter 15 Jahre,m,8997
05978,2023,10 bis unter 15 Jahre,f,8573
05978,2023,30 bis unter 35 Jahre,m,12263
05978,2023,30 bis unter 35 Jahre,f,11577
05978,2023,5 bis unter 10 Jahre,m,9514
05978,2023,5 bis unter 10 Jahre,f,9145
05978,2023,25 bis unter 30 Jahre,m,11136
05978,2023,25 bis unter 30 Jahre,f,9953
05978,2023,85 bis unter 90 Jahre,f,6316
05978,2023,85 bis unter 90 Jahre,m,3581
05978,2023,50 bis unter 55 Jahre,m,13246
05978,2023,50 bis unter 55 Jahre,f,13932
09161,2023,55 bis unter 60 Jahre,m,4926
09161,2023,55 bis unter 60 Jahre,f,4791
09161,2023,unter 5 Jahre,m,3776
09161,2023,unter 5 Jahre,f,3574
09161,2023,80 bis unter 85 Jahre,f,2543
09161,2023,80 bis unter 85 Jahre,m,1890
09161,2023,40 bis unter 45 Jahre,m,5056
09161,2023,40 bis unter 45 Jahre,f,4794
09161,2023,35 bis unter 40 Jahre,m,5758
09161,2023,35 bis unter 40 Jahre,f,5056
09161,2023,60 bis unter 65 Jahre,f,4393
09161,2023,60 bis unter 65 Jahre,m,4318
09161,2023,20 bis unter 25 Jahre,m,4673
09161,2023,20 bis unter 25 Jahre,f,3565
09161,2023,15 bis unter 20 Jahre,m,3435
09161,2023,15 bis unter 20 Jahre,f,3115
09161,2023,75 bis unter 80 Jahre,f,2425
09161,2023,75 bis unter 80 Jahre,m,2003
09161,2023,25 bis unter 30 Jahre,f,4670
09161,2023,25 bis unter 30 Jahre,m,5708
09161,2023,95 Jahre und mehr,f,167
09161,2023,95 Jahre und mehr,m,55
09161,2023,50 bis unter 55 Jahre,m,4570
09161,2023,50 bis unter 55 Jahre,f,4332
09161,2023,45 bis unter 50 Jahre,f,4258
09161,2023,45 bis unter 50 Jahre,m,4601
09161,2023,70 bis unter 75 Jahre,f,3221
09161,2023,70 bis unter 75 Jahre,m,2640
09161,2023,65 bis unter 70 Jahre,m,3416
09161,2023,65 bis unter 70 Jahre,f,3816
09161,2023,10 bis unter 15 Jahre,m,3314
09161,2023,10 bis unter 15 Jahre,f,3121
09161,2023,90 bis unter 95 Jahre,f,615
09161,2023,90 bis unter 95 Jahre,m,293
09161,2023,85 bis unter 90 Jahre,m,1019
09161,2023,85 bis unter 90 Jahre,f,1707
09161,2023,5 bis unter 10 Jahre,m,3516
09161,2023,5 bis unter 10 Jahre,f,3516
09161,2023,30 bis unter 35 Jahre,m,5791
09161,2023,30 bis unter 35 Jahre,f,5099
05562,2023,45 bis unter 50 Jahre,m,17847
05562,2023,45 bis unter 50 Jahre,f,18295
05562,2023,65 bis unter 70 Jahre,m,20265
05562,2023,65 bis unter 70 Jahre,f,22724
05562,2023,10 bis unter 15 Jahre,m,14888
05562,2023,10 bis unter 15 Jahre,f,13639
05562,2023,30 bis unter 35 Jahre,f,18565
05562,2023,30 bis unter 35 Jahre,m,19325
05562,2023,70 bis unter 75 Jahre,f,19102
05562,2023,70 bis unter 75 Jahre,m,16243
05562,2023,25 bis unter 30 Jahre,m,17143
05562,2023,25 bis unter 30 Jahre,f,15679
05562,2023,50 bis unter 55 Jahre,m,21099
05562,2023,50 bis unter 55 Jahre,f,22030
05562,2023,85 bis unter 90 Jahre,f,9810
05562,2023,85 bis unter 90 Jahre,m,5301
05562,2023,15 bis unter 20 Jahre,f,13940
05562,2023,15 bis unter 20 Jahre,m,15467
05562,2023,5 bis unter 10 Jahre,f,14697
05562,2023,5 bis unter 10 Jahre,m,15543
05562,2023,40 bis unter 45 Jahre,f,18969
05562,2023,40 bis unter 45 Jahre,m,18903
05562,2023,unter 5 Jahre,m,14854
05562,2023,unter 5 Jahre,f,13914
05562,2023,55 bis unter 60 Jahre,m,25829
05562,2023,55 bis unter 60 Jahre,f,26442
05562,2023,20 bis unter 25 Jahre,m,15798
05562,2023,20 bis unter 25 Jahre,f,13988
05562,2023,60 bis unter 65 Jahre,f,25749
05562,2023,60 bis unter 65 Jahre,m,24027
05562,2023,95 Jahre und mehr,f,1216
05562,2023,95 Jahre und mehr,m,295
05562,2023,80 bis unter 85 Jahre,f,13443
05562,2023,80 bis unter 85 Jahre,m,9285
05562,2023,35 bis unter 40 Jahre,m,19562
05562,2023,35 bis unter 40 Jahre,f,19265
05562,2023,75 bis unter 80 Jahre,f,13436
05562,2023,75 bis unter 80 Jahre,m,10868
05562,2023,90 bis unter 95 Jahre,m,1545
05562,2023,90 bis unter 95 Jahre,f,3865
06611,2023,80 bis unter 85 Jahre,m,2650
06611,2023,80 bis unter 85 Jahre,f,3973
06611,2023,5 bis unter 10 Jahre,f,4668
06611,2023,5 bis unter 10 Jahre,m,4520
06611,2023,40 bis unter 45 Jahre,m,6188
06611,2023,40 bis unter 45 Jahre,f,5946
06611,2023,60 bis unter 65 Jahre,m,6286
06611,2023,60 bis unter 65 Jahre,f,6723
06611,2023,75 bis unter 80 Jahre,m,3149
06611,2023,75 bis unter 80 Jahre,f,4053
06611,2023,45 bis unter 50 Jahre,f,5516
06611,2023,45 bis unter 50 Jahre,m,5287
06611,2023,unter 5 Jahre,m,4598
06611,2023,unter 5 Jahre,f,4664
06611,2023,85 bis unter 90 Jahre,f,2764
06611,2023,85 bis unter 90 Jahre,m,1560
06611,2023,50 bis unter 55 Jahre,f,6110
06611,2023,50 bis unter 55 Jahre,m,5862
06611,2023,15 bis unter 20 Jahre,m,4670
06611,2023,15 bis unter 20 Jahre,f,4721
06611,2023,30 bis unter 35 Jahre,f,7183
06611,2023,30 bis unter 35 Jahre,m,8116
06611,2023,20 bis unter 25 Jahre,m,6365
06611,2023,20 bis unter 25 Jahre,f,7181
06611,2023,25 bis unter 30 Jahre,f,8121
06611,2023,25 bis unter 30 Jahre,m,8395
06611,2023,70 bis unter 75 Jahre,m,4025
06611,2023,70 bis unter 75 Jahre,f,4979
06611,2023,90 bis unter 95 Jahre,m,422
06611,2023,90 bis unter 95 Jahre,f,992
06611,2023,65 bis unter 70 Jahre,m,5172
06611,2023,65 bis unter 70 Jahre,f,5645
06611,2023,35 bis unter 40 Jahre,f,6387
06611,2023,35 bis unter 40 Jahre,m,6980
06611,2023,95 Jahre und mehr,f,385
06611,2023,95 Jahre und mehr,m,97
06611,2023,10 bis unter 15 Jahre,m,4404
06611,2023,10 bis unter 15 Jahre,f,4201
06611,2023,55 bis unter 60 Jahre,m,7050
06611,2023,55 bis unter 60 Jahre,f,7057
03352,2023,85 bis unter 90 Jahre,f,3234
03352,2023,85 bis unter 90 Jahre,m,2057
03352,2023,30 bis unter 35 Jahre,f,5246
03352,2023,30 bis unter 35 Jahre,m,5556
03352,2023,25 bis unter 30 Jahre,m,4824
03352,2023,25 bis unter 30 Jahre,f,4444
03352,2023,65 bis unter 70 Jahre,f,7357
03352,2023,65 bis unter 70 Jahre,m,6677
03352,2023,70 bis unter 75 Jahre,f,6719
03352,2023,70 bis unter 75 Jahre,m,6185
03352,2023,50 bis unter 55 Jahre,f,7365
03352,2023,50 bis unter 55 Jahre,m,6900
03352,2023,5 bis unter 10 Jahre,m,4890
03352,2023,5 bis unter 10 Jahre,f,4414
03352,2023,10 bis unter 15 Jahre,m,4745
03352,2023,10 bis unter 15 Jahre,f,4381
03352,2023,45 bis unter 50 Jahre,f,5582
03352,2023,45 bis unter 50 Jahre,m,5238
03352,2023,75 bis unter 80 Jahre,m,4368
03352,2023,75 bis unter 80 Jahre,f,4856
03352,2023,20 bis unter 25 Jahre,m,4619
03352,2023,20 bis unter 25 Jahre,f,3934
03352,2023,15 bis unter 20 Jahre,f,4321
03352,2023,15 bis unter 20 Jahre,m,5013
03352,2023,95 Jahre und mehr,m,97
03352,2023,95 Jahre und mehr,f,356
03352,2023,40 bis unter 45 Jahre,f,5812
03352,2023,40 bis unter 45 Jahre,m,5505
03352,2023,unter 5 Jahre,f,4209
03352,2023,unter 5 Jahre,m,4426
03352,2023,55 bis unter 60 Jahre,m,8574
03352,2023,55 bis unter 60 Jahre,f,9019
03352,2023,60 bis unter 65 Jahre,f,8655
03352,2023,60 bis unter 65 Jahre,m,7969
03352,2023,35 bis unter 40 Jahre,f,5892
03352,2023,35 bis unter 40 Jahre,m,5677
03352,2023,90 bis unter 95 Jahre,m,464
03352,2023,90 bis unter 95 Jahre,f,1228
03352,2023,80 bis unter 85 Jahre,m,3788
03352,2023,80 bis unter 85 Jahre,f,4794
06531,2023,50 bis unter 55 Jahre,f,8227
06531,2023,50 bis unter 55 Jahre,m,8031
06531,2023,5 bis unter 10 Jahre,m,6396
06531,2023,5 bis unter 10 Jahre,f,6180
06531,2023,85 bis unter 90 Jahre,f,3468
06531,2023,85 bis unter 90 Jahre,m,2076
06531,2023,30 bis unter 35 Jahre,f,9091
06531,2023,30 bis unter 35 Jahre,m,10182
06531,2023,10 bis unter 15 Jahre,f,5726
06531,2023,10 bis unter 15 Jahre,m,5931
06531,2023,45 bis unter 50 Jahre,m,7052
06531,2023,45 bis unter 50 Jahre,f,7090
06531,2023,90 bis unter 95 Jahre,f,1284
06531,2023,90 bis unter 95 Jahre,m,613
06531,2023,25 bis unter 30 Jahre,f,10566
06531,2023,25 bis unter 30 Jahre,m,11185
06531,2023,65 bis unter 70 Jahre,f,8277
06531,2023,65 bis unter 70 Jahre,m,7574
06531,2023,70 bis unter 75 Jahre,m,6263
06531,2023,70 bis unter 75 Jahre,f,7137
06531,2023,60 bis unter 65 Jahre,m,9432
06531,2023,60 bis unter 65 Jahre,f,9739
06531,2023,40 bis unter 45 Jahre,m,8148
06531,2023,40 bis unter 45 Jahre,f,7794
06531,2023,35 bis unter 40 Jahre,f,8352
06531,2023,35 bis unter 40 Jahre,m,9034
06531,2023,80 bis unter 85 Jahre,f,4881
06531,2023,80 bis unter 85 Jahre,m,3770
06531,2023,unter 5 Jahre,m,6369
06531,2023,unter 5 Jahre,f,6018
06531,2023,75 bis unter 80 Jahre,f,4961
06531,2023,75 bis unter 80 Jahre,m,4203
06531,2023,55 bis unter 60 Jahre,f,9869
06531,2023,55 bis unter 60 Jahre,m,9735
06531,2023,15 bis unter 20 Jahre,m,6598
06531,2023,15 bis unter 20 Jahre,f,6372
06531,2023,20 bis unter 25 Jahre,m,9242
06531,2023,20 bis unter 25 Jahre,f,10748
06531,2023,95 Jahre und mehr,m,114
06531,2023,95 Jahre und mehr,f,413
09374,2023,80 bis unter 85 Jahre,m,1353
09374,2023,80 bis unter 85 Jahre,f,1943
09374,2023,60 bis unter 65 Jahre,m,4124
09374,2023,60 bis unter 65 Jahre,f,4045
09374,2023,25 bis unter 30 Jahre,f,2371
09374,2023,25 bis unter 30 Jahre,m,2669
09374,2023,55 bis unter 60 Jahre,m,4301
09374,2023,55 bis unter 60 Jahre,f,4168
09374,2023,unter 5 Jahre,m,2416
09374,2023,unter 5 Jahre,f,2291
09374,2023,15 bis unter 20 Jahre,m,2249
09374,2023,15 bis unter 20 Jahre,f,2056
09374,2023,10 bis unter 15 Jahre,f,2075
09374,2023,10 bis unter 15 Jahre,m,2146
09374,2023,40 bis unter 45 Jahre,m,3094
09374,2023,40 bis unter 45 Jahre,f,2885
09374,2023,65 bis unter 70 Jahre,f,3367
09374,2023,65 bis unter 70 Jahre,m,3367
09374,2023,90 bis unter 95 Jahre,f,488
09374,2023,90 bis unter 95 Jahre,m,188
09374,2023,95 Jahre und mehr,m,34
09374,2023,95 Jahre und mehr,f,134
09374,2023,45 bis unter 50 Jahre,m,2690
09374,2023,45 bis unter 50 Jahre,f,2741
09374,2023,70 bis unter 75 Jahre,f,2816
09374,2023,70 bis unter 75 Jahre,m,2669
09374,2023,35 bis unter 40 Jahre,m,3084
09374,2023,35 bis unter 40 Jahre,f,2993
09374,2023,50 bis unter 55 Jahre,m,3306
09374,2023,50 bis unter 55 Jahre,f,3461
09374,2023,30 bis unter 35 Jahre,m,2951
09374,2023,30 bis unter 35 Jahre,f,2866
09374,2023,75 bis unter 80 Jahre,f,1822
09374,2023,75 bis unter 80 Jahre,m,1590
09374,2023,5 bis unter 10 Jahre,m,2319
09374,2023,5 bis unter 10 Jahre,f,2217
09374,2023,85 bis unter 90 Jahre,f,1308
09374,2023,85 bis unter 90 Jahre,m,800
09374,2023,20 bis unter 25 Jahre,f,2221
09374,2023,20 bis unter 25 Jahre,m,2591
07132,2023,30 bis unter 35 Jahre,m,4344
07132,2023,30 bis unter 35 Jahre,f,4004
07132,2023,65 bis unter 70 Jahre,m,4365
07132,2023,65 bis unter 70 Jahre,f,4547
07132,2023,50 bis unter 55 Jahre,m,4461
07132,2023,50 bis unter 55 Jahre,f,4568
07132,2023,45 bis unter 50 Jahre,m,3634
07132,2023,45 bis unter 50 Jahre,f,3561
07132,2023,70 bis unter 75 Jahre,m,3597
07132,2023,70 bis unter 75 Jahre,f,4019
07132,2023,85 bis unter 90 Jahre,m,1156
07132,2023,85 bis unter 90 Jahre,f,2091
07132,2023,90 bis unter 95 Jahre,m,306
07132,2023,90 bis unter 95 Jahre,f,706
07132,2023,15 bis unter 20 Jahre,f,3109
07132,2023,15 bis unter 20 Jahre,m,3261
07132,2023,5 bis unter 10 Jahre,m,3405
07132,2023,5 bis unter 10 Jahre,f,3201
07132,2023,10 bis unter 15 Jahre,f,3055
07132,2023,10 bis unter 15 Jahre,m,3155
07132,2023,20 bis unter 25 Jahre,f,2798
07132,2023,20 bis unter 25 Jahre,m,3306
07132,2023,75 bis unter 80 Jahre,f,2655
07132,2023,75 bis unter 80 Jahre,m,2158
07132,2023,40 bis unter 45 Jahre,f,3902
07132,2023,40 bis unter 45 Jahre,m,4042
07132,2023,55 bis unter 60 Jahre,m,5652
07132,2023,55 bis unter 60 Jahre,f,5605
07132,2023,unter 5 Jahre,m,3220
07132,2023,unter 5 Jahre,f,3179
07132,2023,35 bis unter 40 Jahre,m,4178
07132,2023,35 bis unter 40 Jahre,f,4011
07132,2023,80 bis unter 85 Jahre,f,2707
07132,2023,80 bis unter 85 Jahre,m,1947
07132,2023,25 bis unter 30 Jahre,f,3235
07132,2023,25 bis unter 30 Jahre,m,3817
07132,2023,95 Jahre und mehr,f,194
07132,2023,95 Jahre und mehr,m,51
07132,2023,60 bis unter 65 Jahre,f,5487
07132,2023,60 bis unter 65 Jahre,m,5460
03404,2023,15 bis unter 20 Jahre,m,3843
03404,2023,15 bis unter 20 Jahre,f,3919
03404,2023,60 bis unter 65 Jahre,f,5277
03404,2023,60 bis unter 65 Jahre,m,5165
03404,2023,40 bis unter 45 Jahre,f,4849
03404,2023,40 bis unter 45 Jahre,m,4876
03404,2023,unter 5 Jahre,m,3569
03404,2023,unter 5 Jahre,f,3427
03404,2023,75 bis unter 80 Jahre,f,2904
03404,2023,75 bis unter 80 Jahre,m,2323
03404,2023,80 bis unter 85 Jahre,f,3274
03404,2023,80 bis unter 85 Jahre,m,2219
03404,2023,20 bis unter 25 Jahre,m,6556
03404,2023,20 bis unter 25 Jahre,f,8320
03404,2023,35 bis unter 40 Jahre,m,5564
03404,2023,35 bis unter 40 Jahre,f,4977
03404,2023,55 bis unter 60 Jahre,f,5874
03404,2023,55 bis unter 60 Jahre,m,5948
03404,2023,95 Jahre und mehr,f,281
03404,2023,95 Jahre und mehr,m,84
03404,2023,70 bis unter 75 Jahre,m,3222
03404,2023,70 bis unter 75 Jahre,f,3873
03404,2023,45 bis unter 50 Jahre,f,4591
03404,2023,45 bis unter 50 Jahre,m,4538
03404,2023,50 bis unter 55 Jahre,m,5237
03404,2023,50 bis unter 55 Jahre,f,5270
03404,2023,25 bis unter 30 Jahre,m,7854
03404,2023,25 bis unter 30 Jahre,f,7797
03404,2023,5 bis unter 10 Jahre,m,3445
03404,2023,5 bis unter 10 Jahre,f,3449
03404,2023,30 bis unter 35 Jahre,f,5964
03404,2023,30 bis unter 35 Jahre,m,6707
03404,2023,10 bis unter 15 Jahre,f,3337
03404,2023,10 bis unter 15 Jahre,m,3504
03404,2023,85 bis unter 90 Jahre,m,1278
03404,2023,85 bis unter 90 Jahre,f,2349
03404,2023,90 bis unter 95 Jahre,f,850
03404,2023,90 bis unter 95 Jahre,m,384
03404,2023,65 bis unter 70 Jahre,f,4617
03404,2023,65 bis unter 70 Jahre,m,4171
03241001,2023,35 bis unter 40 Jahre,f,17549
03241001,2023,35 bis unter 40 Jahre,m,18574
03241001,2023,45 bis unter 50 Jahre,m,15300
03241001,2023,45 bis unter 50 Jahre,f,15734
03241001,2023,unter 5 Jahre,f,11458
03241001,2023,unter 5 Jahre,m,11823
03241001,2023,20 bis unter 25 Jahre,f,18152
03241001,2023,20 bis unter 25 Jahre,m,16973
03241001,2023,65 bis unter 70 Jahre,m,12483
03241001,2023,65 bis unter 70 Jahre,f,14103
03241001,2023,15 bis unter 20 Jahre,f,11420
03241001,2023,15 bis unter 20 Jahre,m,11936
03241001,2023,55 bis unter 60 Jahre,f,18505
03241001,2023,55 bis unter 60 Jahre,m,18788
03241001,2023,85 bis unter 90 Jahre,m,4266
03241001,2023,85 bis unter 90 Jahre,f,7744
03241001,2023,40 bis unter 45 Jahre,f,17135
03241001,2023,40 bis unter 45 Jahre,m,16787
03241001,2023,60 bis unter 65 Jahre,f,16883
03241001,2023,60 bis unter 65 Jahre,m,16347
03241001,2023,75 bis unter 80 Jahre,f,9580
03241001,2023,75 bis unter 80 Jahre,m,7395
03241001,2023,70 bis unter 75 Jahre,m,9761
03241001,2023,70 bis unter 75 Jahre,f,12126
03241001,2023,5 bis unter 10 Jahre,m,11686
03241001,2023,5 bis unter 10 Jahre,f,10995
03241001,2023,30 bis unter 35 Jahre,m,22507
03241001,2023,30 bis unter 35 Jahre,f,20241
03241001,2023,50 bis unter 55 Jahre,m,16763
03241001,2023,50 bis unter 55 Jahre,f,16429
03241001,2023,25 bis unter 30 Jahre,m,23863
03241001,2023,25 bis unter 30 Jahre,f,22712
03241001,2023,10 bis unter 15 Jahre,f,10555
03241001,2023,10 bis unter 15 Jahre,m,11172
03241001,2023,95 Jahre und mehr,f,1081
03241001,2023,95 Jahre und mehr,m,293
03241001,2023,80 bis unter 85 Jahre,m,6948
03241001,2023,80 bis unter 85 Jahre,f,10297
03241001,2023,90 bis unter 95 Jahre,f,2757
03241001,2023,90 bis unter 95 Jahre,m,1169
09463,2023,60 bis unter 65 Jahre,m,1426
09463,2023,60 bis unter 65 Jahre,f,1677
09463,2023,80 bis unter 85 Jahre,m,677
09463,2023,80 bis unter 85 Jahre,f,967
09463,2023,unter 5 Jahre,m,860
09463,2023,unter 5 Jahre,f,849
09463,2023,95 Jahre und mehr,m,15
09463,2023,95 Jahre und mehr,f,76
09463,2023,15 bis unter 20 Jahre,m,949
09463,2023,15 bis unter 20 Jahre,f,880
09463,2023,10 bis unter 15 Jahre,f,797
09463,2023,10 bis unter 15 Jahre,m,789
09463,2023,55 bis unter 60 Jahre,m,1540
09463,2023,55 bis unter 60 Jahre,f,1609
09463,2023,40 bis unter 45 Jahre,m,1330
09463,2023,40 bis unter 45 Jahre,f,1213
09463,2023,25 bis unter 30 Jahre,f,1274
09463,2023,25 bis unter 30 Jahre,m,1530
09463,2023,65 bis unter 70 Jahre,f,1461
09463,2023,65 bis unter 70 Jahre,m,1226
09463,2023,35 bis unter 40 Jahre,f,1251
09463,2023,35 bis unter 40 Jahre,m,1498
09463,2023,70 bis unter 75 Jahre,f,1210
09463,2023,70 bis unter 75 Jahre,m,993
09463,2023,45 bis unter 50 Jahre,f,1114
09463,2023,45 bis unter 50 Jahre,m,1014
09463,2023,85 bis unter 90 Jahre,m,370
09463,2023,85 bis unter 90 Jahre,f,683
09463,2023,30 bis unter 35 Jahre,m,1512
09463,2023,30 bis unter 35 Jahre,f,1264
09463,2023,50 bis unter 55 Jahre,m,1192
09463,2023,50 bis unter 55 Jahre,f,1398
09463,2023,90 bis unter 95 Jahre,f,243
09463,2023,90 bis unter 95 Jahre,m,113
09463,2023,75 bis unter 80 Jahre,f,936
09463,2023,75 bis unter 80 Jahre,m,741
09463,2023,5 bis unter 10 Jahre,m,848
09463,2023,5 bis unter 10 Jahre,f,811
09463,2023,20 bis unter 25 Jahre,f,1271
09463,2023,20 bis unter 25 Jahre,m,1300
09275,2023,5 bis unter 10 Jahre,m,4521
09275,2023,5 bis unter 10 Jahre,f,4290
09275,2023,50 bis unter 55 Jahre,f,6918
09275,2023,50 bis unter 55 Jahre,m,6971
09275,2023,70 bis unter 75 Jahre,f,6028
09275,2023,70 bis unter 75 Jahre,m,5405
09275,2023,25 bis unter 30 Jahre,m,5399
09275,2023,25 bis unter 30 Jahre,f,4721
09275,2023,65 bis unter 70 Jahre,f,7163
09275,2023,65 bis unter 70 Jahre,m,6709
09275,2023,90 bis unter 95 Jahre,f,1040
09275,2023,90 bis unter 95 Jahre,m,411
09275,2023,85 bis unter 90 Jahre,f,2759
09275,2023,85 bis unter 90 Jahre,m,1553
09275,2023,45 bis unter 50 Jahre,m,5811
09275,2023,45 bis unter 50 Jahre,f,5634
09275,2023,10 bis unter 15 Jahre,m,4423
09275,2023,10 bis unter 15 Jahre,f,4190
09275,2023,95 Jahre und mehr,f,267
09275,2023,95 Jahre und mehr,m,80
09275,2023,30 bis unter 35 Jahre,f,5437
09275,2023,30 bis unter 35 Jahre,m,5986
09275,2023,80 bis unter 85 Jahre,m,3144
09275,2023,80 bis unter 85 Jahre,f,4125
09275,2023,unter 5 Jahre,f,4267
09275,2023,unter 5 Jahre,m,4474
09275,2023,75 bis unter 80 Jahre,f,4343
09275,2023,75 bis unter 80 Jahre,m,3628
09275,2023,55 bis unter 60 Jahre,m,7970
09275,2023,55 bis unter 60 Jahre,f,7996
09275,2023,60 bis unter 65 Jahre,f,8374
09275,2023,60 bis unter 65 Jahre,m,7914
09275,2023,15 bis unter 20 Jahre,m,4695
09275,2023,15 bis unter 20 Jahre,f,4038
09275,2023,20 bis unter 25 Jahre,f,4471
09275,2023,20 bis unter 25 Jahre,m,5048
09275,2023,40 bis unter 45 Jahre,f,5889
09275,2023,40 bis unter 45 Jahre,m,6298
09275,2023,35 bis unter 40 Jahre,m,5915
09275,2023,35 bis unter 40 Jahre,f,5763
09577,2023,10 bis unter 15 Jahre,m,2257
09577,2023,10 bis unter 15 Jahre,f,2024
09577,2023,45 bis unter 50 Jahre,m,2809
09577,2023,45 bis unter 50 Jahre,f,2705
09577,2023,90 bis unter 95 Jahre,f,509
09577,2023,90 bis unter 95 Jahre,m,211
09577,2023,70 bis unter 75 Jahre,f,2792
09577,2023,70 bis unter 75 Jahre,m,2519
09577,2023,25 bis unter 30 Jahre,m,2679
09577,2023,25 bis unter 30 Jahre,f,2354
09577,2023,30 bis unter 35 Jahre,m,2987
09577,2023,30 bis unter 35 Jahre,f,2797
09577,2023,50 bis unter 55 Jahre,f,3080
09577,2023,50 bis unter 55 Jahre,m,3073
09577,2023,5 bis unter 10 Jahre,m,2435
09577,2023,5 bis unter 10 Jahre,f,2356
09577,2023,85 bis unter 90 Jahre,m,870
09577,2023,85 bis unter 90 Jahre,f,1393
09577,2023,65 bis unter 70 Jahre,f,3244
09577,2023,65 bis unter 70 Jahre,m,3145
09577,2023,95 Jahre und mehr,m,46
09577,2023,95 Jahre und mehr,f,137
09577,2023,unter 5 Jahre,f,2231
09577,2023,unter 5 Jahre,m,2371
09577,2023,80 bis unter 85 Jahre,m,1460
09577,2023,80 bis unter 85 Jahre,f,1963
09577,2023,75 bis unter 80 Jahre,f,1903
09577,2023,75 bis unter 80 Jahre,m,1643
09577,2023,20 bis unter 25 Jahre,f,2190
09577,2023,20 bis unter 25 Jahre,m,2510
09577,2023,55 bis unter 60 Jahre,m,3903
09577,2023,55 bis unter 60 Jahre,f,3920
09577,2023,35 bis unter 40 Jahre,m,3131
09577,2023,35 bis unter 40 Jahre,f,2916
09577,2023,40 bis unter 45 Jahre,f,2876
09577,2023,40 bis unter 45 Jahre,m,2840
09577,2023,60 bis unter 65 Jahre,m,3971
09577,2023,60 bis unter 65 Jahre,f,3912
09577,2023,15 bis unter 20 Jahre,f,2140
09577,2023,15 bis unter 20 Jahre,m,2368
09184,2023,45 bis unter 50 Jahre,f,12177
09184,2023,45 bis unter 50 Jahre,m,11559
09184,2023,10 bis unter 15 Jahre,f,8896
09184,2023,10 bis unter 15 Jahre,m,9355
09184,2023,25 bis unter 30 Jahre,f,8843
09184,2023,25 bis unter 30 Jahre,m,10463
09184,2023,5 bis unter 10 Jahre,f,8846
09184,2023,5 bis unter 10 Jahre,m,9312
09184,2023,85 bis unter 90 Jahre,f,5052
09184,2023,85 bis unter 90 Jahre,m,3642
09184,2023,60 bis unter 65 Jahre,m,11329
09184,2023,60 bis unter 65 Jahre,f,11523
09184,2023,30 bis unter 35 Jahre,f,10126
09184,2023,30 bis unter 35 Jahre,m,10535
09184,2023,70 bis unter 75 Jahre,f,8134
09184,2023,70 bis unter 75 Jahre,m,6605
09184,2023,65 bis unter 70 Jahre,m,8203
09184,2023,65 bis unter 70 Jahre,f,8995
09184,2023,55 bis unter 60 Jahre,m,14622
09184,2023,55 bis unter 60 Jahre,f,14292
09184,2023,35 bis unter 40 Jahre,m,11312
09184,2023,35 bis unter 40 Jahre,f,11326
09184,2023,unter 5 Jahre,m,8298
09184,2023,unter 5 Jahre,f,7780
09184,2023,80 bis unter 85 Jahre,f,8753
09184,2023,80 bis unter 85 Jahre,m,6645
09184,2023,90 bis unter 95 Jahre,m,993
09184,2023,90 bis unter 95 Jahre,f,1783
09184,2023,20 bis unter 25 Jahre,f,8632
09184,2023,20 bis unter 25 Jahre,m,10661
09184,2023,75 bis unter 80 Jahre,f,7956
09184,2023,75 bis unter 80 Jahre,m,6254
09184,2023,40 bis unter 45 Jahre,f,12816
09184,2023,40 bis unter 45 Jahre,m,11866
09184,2023,95 Jahre und mehr,m,225
09184,2023,95 Jahre und mehr,f,561
09184,2023,50 bis unter 55 Jahre,m,12753
09184,2023,50 bis unter 55 Jahre,f,12787
09184,2023,15 bis unter 20 Jahre,m,9818
09184,2023,15 bis unter 20 Jahre,f,9043
05966,2023,75 bis unter 80 Jahre,m,2116
05966,2023,75 bis unter 80 Jahre,f,2334
05966,2023,20 bis unter 25 Jahre,m,3752
05966,2023,20 bis unter 25 Jahre,f,2991
05966,2023,60 bis unter 65 Jahre,m,5352
05966,2023,60 bis unter 65 Jahre,f,5437
05966,2023,55 bis unter 60 Jahre,m,6138
05966,2023,55 bis unter 60 Jahre,f,5840
05966,2023,35 bis unter 40 Jahre,m,4263
05966,2023,35 bis unter 40 Jahre,f,4071
05966,2023,80 bis unter 85 Jahre,f,2596
05966,2023,80 bis unter 85 Jahre,m,1850
05966,2023,40 bis unter 45 Jahre,m,4190
05966,2023,40 bis unter 45 Jahre,f,4045
05966,2023,15 bis unter 20 Jahre,m,3490
05966,2023,15 bis unter 20 Jahre,f,3117
05966,2023,unter 5 Jahre,m,3080
05966,2023,unter 5 Jahre,f,3046
05966,2023,45 bis unter 50 Jahre,f,3860
05966,2023,45 bis unter 50 Jahre,m,3832
05966,2023,10 bis unter 15 Jahre,f,2967
05966,2023,10 bis unter 15 Jahre,m,3168
05966,2023,70 bis unter 75 Jahre,m,3290
05966,2023,70 bis unter 75 Jahre,f,3500
05966,2023,65 bis unter 70 Jahre,f,4412
05966,2023,65 bis unter 70 Jahre,m,4192
05966,2023,90 bis unter 95 Jahre,f,710
05966,2023,90 bis unter 95 Jahre,m,267
05966,2023,30 bis unter 35 Jahre,m,4408
05966,2023,30 bis unter 35 Jahre,f,3913
05966,2023,85 bis unter 90 Jahre,m,1045
05966,2023,85 bis unter 90 Jahre,f,1820
05966,2023,25 bis unter 30 Jahre,m,3995
05966,2023,25 bis unter 30 Jahre,f,3184
05966,2023,50 bis unter 55 Jahre,m,4712
05966,2023,50 bis unter 55 Jahre,f,4762
05966,2023,95 Jahre und mehr,m,47
05966,2023,95 Jahre und mehr,f,199
05966,2023,5 bis unter 10 Jahre,f,3109
05966,2023,5 bis unter 10 Jahre,m,3326
05754,2023,90 bis unter 95 Jahre,f,2007
05754,2023,90 bis unter 95 Jahre,m,855
05754,2023,45 bis unter 50 Jahre,m,11018
05754,2023,45 bis unter 50 Jahre,f,11132
05754,2023,95 Jahre und mehr,f,609
05754,2023,95 Jahre und mehr,m,151
05754,2023,30 bis unter 35 Jahre,m,11813
05754,2023,30 bis unter 35 Jahre,f,10453
05754,2023,70 bis unter 75 Jahre,f,9085
05754,2023,70 bis unter 75 Jahre,m,8202
05754,2023,25 bis unter 30 Jahre,m,11019
05754,2023,25 bis unter 30 Jahre,f,9604
05754,2023,50 bis unter 55 Jahre,f,12935
05754,2023,50 bis unter 55 Jahre,m,12701
05754,2023,5 bis unter 10 Jahre,m,9494
05754,2023,5 bis unter 10 Jahre,f,8984
05754,2023,10 bis unter 15 Jahre,m,8907
05754,2023,10 bis unter 15 Jahre,f,8610
05754,2023,85 bis unter 90 Jahre,f,5197
05754,2023,85 bis unter 90 Jahre,m,3044
05754,2023,65 bis unter 70 Jahre,m,10530
05754,2023,65 bis unter 70 Jahre,f,11206
05754,2023,15 bis unter 20 Jahre,f,8903
05754,2023,15 bis unter 20 Jahre,m,9935
05754,2023,40 bis unter 45 Jahre,f,11211
05754,2023,40 bis unter 45 Jahre,m,11658
05754,2023,20 bis unter 25 Jahre,m,10453
05754,2023,20 bis unter 25 Jahre,f,8968
05754,2023,unter 5 Jahre,m,9316
05754,2023,unter 5 Jahre,f,8649
05754,2023,80 bis unter 85 Jahre,f,7255
05754,2023,80 bis unter 85 Jahre,m,5331
05754,2023,55 bis unter 60 Jahre,m,15535
05754,2023,55 bis unter 60 Jahre,f,15574
05754,2023,35 bis unter 40 Jahre,m,12104
05754,2023,35 bis unter 40 Jahre,f,11137
05754,2023,75 bis unter 80 Jahre,m,5333
05754,2023,75 bis unter 80 Jahre,f,6637
05754,2023,60 bis unter 65 Jahre,f,14162
05754,2023,60 bis unter 65 Jahre,m,13957
05116,2023,50 bis unter 55 Jahre,m,8685
05116,2023,50 bis unter 55 Jahre,f,8727
05116,2023,85 bis unter 90 Jahre,m,2176
05116,2023,85 bis unter 90 Jahre,f,3812
05116,2023,70 bis unter 75 Jahre,m,6156
05116,2023,70 bis unter 75 Jahre,f,7166
05116,2023,90 bis unter 95 Jahre,m,529
05116,2023,90 bis unter 95 Jahre,f,1391
05116,2023,5 bis unter 10 Jahre,m,6714
05116,2023,5 bis unter 10 Jahre,f,6319
05116,2023,30 bis unter 35 Jahre,m,9856
05116,2023,30 bis unter 35 Jahre,f,8596
05116,2023,unter 5 Jahre,f,6116
05116,2023,unter 5 Jahre,m,6444
05116,2023,45 bis unter 50 Jahre,m,7544
05116,2023,45 bis unter 50 Jahre,f,7726
05116,2023,15 bis unter 20 Jahre,f,6220
05116,2023,15 bis unter 20 Jahre,m,6885
05116,2023,65 bis unter 70 Jahre,f,8603
05116,2023,65 bis unter 70 Jahre,m,7946
05116,2023,20 bis unter 25 Jahre,f,6965
05116,2023,20 bis unter 25 Jahre,m,7919
05116,2023,40 bis unter 45 Jahre,f,8279
05116,2023,40 bis unter 45 Jahre,m,8456
05116,2023,75 bis unter 80 Jahre,f,5364
05116,2023,75 bis unter 80 Jahre,m,4417
05116,2023,10 bis unter 15 Jahre,f,5911
05116,2023,10 bis unter 15 Jahre,m,6282
05116,2023,60 bis unter 65 Jahre,m,9769
05116,2023,60 bis unter 65 Jahre,f,10329
05116,2023,55 bis unter 60 Jahre,m,10808
05116,2023,55 bis unter 60 Jahre,f,10469
05116,2023,35 bis unter 40 Jahre,m,9340
05116,2023,35 bis unter 40 Jahre,f,8580
05116,2023,80 bis unter 85 Jahre,f,5476
05116,2023,80 bis unter 85 Jahre,m,3766
05116,2023,95 Jahre und mehr,f,385
05116,2023,95 Jahre und mehr,m,110
05116,2023,25 bis unter 30 Jahre,f,8192
05116,2023,25 bis unter 30 Jahre,m,9239
03462,2023,45 bis unter 50 Jahre,m,1459
03462,2023,45 bis unter 50 Jahre,f,1525
03462,2023,90 bis unter 95 Jahre,f,327
03462,2023,90 bis unter 95 Jahre,m,131
03462,2023,95 Jahre und mehr,f,93
03462,2023,95 Jahre und mehr,m,38
03462,2023,10 bis unter 15 Jahre,m,1348
03462,2023,10 bis unter 15 Jahre,f,1202
03462,2023,70 bis unter 75 Jahre,f,1893
03462,2023,70 bis unter 75 Jahre,m,1864
03462,2023,25 bis unter 30 Jahre,m,1386
03462,2023,25 bis unter 30 Jahre,f,1379
03462,2023,30 bis unter 35 Jahre,m,1568
03462,2023,30 bis unter 35 Jahre,f,1427
03462,2023,65 bis unter 70 Jahre,m,2043
03462,2023,65 bis unter 70 Jahre,f,2220
03462,2023,50 bis unter 55 Jahre,m,1914
03462,2023,50 bis unter 55 Jahre,f,2143
03462,2023,85 bis unter 90 Jahre,f,910
03462,2023,85 bis unter 90 Jahre,m,501
03462,2023,15 bis unter 20 Jahre,f,1272
03462,2023,15 bis unter 20 Jahre,m,1407
03462,2023,5 bis unter 10 Jahre,f,1222
03462,2023,5 bis unter 10 Jahre,m,1308
03462,2023,35 bis unter 40 Jahre,f,1543
03462,2023,35 bis unter 40 Jahre,m,1494
03462,2023,40 bis unter 45 Jahre,m,1514
03462,2023,40 bis unter 45 Jahre,f,1583
03462,2023,unter 5 Jahre,m,1208
03462,2023,unter 5 Jahre,f,1042
03462,2023,20 bis unter 25 Jahre,m,1423
03462,2023,20 bis unter 25 Jahre,f,1237
03462,2023,80 bis unter 85 Jahre,f,1189
03462,2023,80 bis unter 85 Jahre,m,979
03462,2023,60 bis unter 65 Jahre,f,2580
03462,2023,60 bis unter 65 Jahre,m,2247
03462,2023,55 bis unter 60 Jahre,f,2480
03462,2023,55 bis unter 60 Jahre,m,2309
03462,2023,75 bis unter 80 Jahre,m,1256
03462,2023,75 bis unter 80 Jahre,f,1349
08118,2023,25 bis unter 30 Jahre,f,14838
08118,2023,25 bis unter 30 Jahre,m,16137
08118,2023,5 bis unter 10 Jahre,f,13520
08118,2023,5 bis unter 10 Jahre,m,14200
08118,2023,10 bis unter 15 Jahre,f,12732
08118,2023,10 bis unter 15 Jahre,m,13317
08118,2023,30 bis unter 35 Jahre,f,17326
08118,2023,30 bis unter 35 Jahre,m,18033
08118,2023,45 bis unter 50 Jahre,f,16958
08118,2023,45 bis unter 50 Jahre,m,16648
08118,2023,50 bis unter 55 Jahre,f,18492
08118,2023,50 bis unter 55 Jahre,m,18361
08118,2023,80 bis unter 85 Jahre,m,8364
08118,2023,80 bis unter 85 Jahre,f,11566
08118,2023,65 bis unter 70 Jahre,f,15619
08118,2023,65 bis unter 70 Jahre,m,14450
08118,2023,55 bis unter 60 Jahre,m,22057
08118,2023,55 bis unter 60 Jahre,f,21052
08118,2023,20 bis unter 25 Jahre,m,14338
08118,2023,20 bis unter 25 Jahre,f,12732
08118,2023,90 bis unter 95 Jahre,f,2807
08118,2023,90 bis unter 95 Jahre,m,1297
08118,2023,95 Jahre und mehr,m,213
08118,2023,95 Jahre und mehr,f,699
08118,2023,75 bis unter 80 Jahre,m,8334
08118,2023,75 bis unter 80 Jahre,f,10383
08118,2023,85 bis unter 90 Jahre,f,7503
08118,2023,85 bis unter 90 Jahre,m,4745
08118,2023,unter 5 Jahre,m,13981
08118,2023,unter 5 Jahre,f,13191
08118,2023,15 bis unter 20 Jahre,f,12521
08118,2023,15 bis unter 20 Jahre,m,13533
08118,2023,70 bis unter 75 Jahre,m,11082
08118,2023,70 bis unter 75 Jahre,f,13449
08118,2023,40 bis unter 45 Jahre,f,18057
08118,2023,40 bis unter 45 Jahre,m,17580
08118,2023,35 bis unter 40 Jahre,m,18352
08118,2023,35 bis unter 40 Jahre,f,18202
08118,2023,60 bis unter 65 Jahre,m,19090
08118,2023,60 bis unter 65 Jahre,f,19049
05914,2023,unter 5 Jahre,m,4959
05914,2023,unter 5 Jahre,f,4734
05914,2023,35 bis unter 40 Jahre,m,6371
05914,2023,35 bis unter 40 Jahre,f,5879
05914,2023,80 bis unter 85 Jahre,f,4198
05914,2023,80 bis unter 85 Jahre,m,2761
05914,2023,60 bis unter 65 Jahre,f,7108
05914,2023,60 bis unter 65 Jahre,m,7018
05914,2023,15 bis unter 20 Jahre,m,5054
05914,2023,15 bis unter 20 Jahre,f,4621
05914,2023,20 bis unter 25 Jahre,m,5365
05914,2023,20 bis unter 25 Jahre,f,5400
05914,2023,40 bis unter 45 Jahre,f,5551
05914,2023,40 bis unter 45 Jahre,m,6075
05914,2023,75 bis unter 80 Jahre,f,3927
05914,2023,75 bis unter 80 Jahre,m,2879
05914,2023,55 bis unter 60 Jahre,m,7707
05914,2023,55 bis unter 60 Jahre,f,7513
05914,2023,95 Jahre und mehr,m,92
05914,2023,95 Jahre und mehr,f,344
05914,2023,70 bis unter 75 Jahre,m,4190
05914,2023,70 bis unter 75 Jahre,f,5019
05914,2023,50 bis unter 55 Jahre,m,6316
05914,2023,50 bis unter 55 Jahre,f,6317
05914,2023,45 bis unter 50 Jahre,f,5308
05914,2023,45 bis unter 50 Jahre,m,5507
05914,2023,90 bis unter 95 Jahre,f,1132
05914,2023,90 bis unter 95 Jahre,m,456
05914,2023,25 bis unter 30 Jahre,m,5752
05914,2023,25 bis unter 30 Jahre,f,5792
05914,2023,85 bis unter 90 Jahre,m,1629
05914,2023,85 bis unter 90 Jahre,f,2928
05914,2023,65 bis unter 70 Jahre,m,5387
05914,2023,65 bis unter 70 Jahre,f,5907
05914,2023,10 bis unter 15 Jahre,f,4538
05914,2023,10 bis unter 15 Jahre,m,4723
05914,2023,30 bis unter 35 Jahre,m,6522
05914,2023,30 bis unter 35 Jahre,f,5939
05914,2023,5 bis unter 10 Jahre,m,5028
05914,2023,5 bis unter 10 Jahre,f,4694
08226,2023,5 bis unter 10 Jahre,f,13546
08226,2023,5 bis unter 10 Jahre,m,14373
08226,2023,25 bis unter 30 Jahre,f,14488
08226,2023,25 bis unter 30 Jahre,m,15458
08226,2023,95 Jahre und mehr,f,770
08226,2023,95 Jahre und mehr,m,279
08226,2023,10 bis unter 15 Jahre,f,12766
08226,2023,10 bis unter 15 Jahre,m,13725
08226,2023,65 bis unter 70 Jahre,f,17955
08226,2023,65 bis unter 70 Jahre,m,16779
08226,2023,80 bis unter 85 Jahre,m,9225
08226,2023,80 bis unter 85 Jahre,f,12074
08226,2023,50 bis unter 55 Jahre,f,19531
08226,2023,50 bis unter 55 Jahre,m,18789
08226,2023,55 bis unter 60 Jahre,m,23599
08226,2023,55 bis unter 60 Jahre,f,23633
08226,2023,unter 5 Jahre,m,13103
08226,2023,unter 5 Jahre,f,12472
08226,2023,20 bis unter 25 Jahre,m,14088
08226,2023,20 bis unter 25 Jahre,f,12864
08226,2023,75 bis unter 80 Jahre,f,12031
08226,2023,75 bis unter 80 Jahre,m,10006
08226,2023,30 bis unter 35 Jahre,f,16584
08226,2023,30 bis unter 35 Jahre,m,17262
08226,2023,85 bis unter 90 Jahre,f,8182
08226,2023,85 bis unter 90 Jahre,m,5326
08226,2023,15 bis unter 20 Jahre,f,12821
08226,2023,15 bis unter 20 Jahre,m,14186
08226,2023,90 bis unter 95 Jahre,m,1438
08226,2023,90 bis unter 95 Jahre,f,2752
08226,2023,40 bis unter 45 Jahre,f,18367
08226,2023,40 bis unter 45 Jahre,m,17805
08226,2023,70 bis unter 75 Jahre,m,13374
08226,2023,70 bis unter 75 Jahre,f,15689
08226,2023,35 bis unter 40 Jahre,m,18064
08226,2023,35 bis unter 40 Jahre,f,17920
08226,2023,45 bis unter 50 Jahre,m,16164
08226,2023,45 bis unter 50 Jahre,f,16991
08226,2023,60 bis unter 65 Jahre,f,22247
08226,2023,60 bis unter 65 Jahre,m,21093
08421,2023,unter 5 Jahre,m,2987
08421,2023,unter 5 Jahre,f,2969
08421,2023,35 bis unter 40 Jahre,m,4787
08421,2023,35 bis unter 40 Jahre,f,4089
08421,2023,80 bis unter 85 Jahre,f,2504
08421,2023,80 bis unter 85 Jahre,m,1923
08421,2023,95 Jahre und mehr,m,74
08421,2023,95 Jahre und mehr,f,220
08421,2023,20 bis unter 25 Jahre,m,4638
08421,2023,20 bis unter 25 Jahre,f,4863
08421,2023,15 bis unter 20 Jahre,m,3083
08421,2023,15 bis unter 20 Jahre,f,3262
08421,2023,75 bis unter 80 Jahre,m,1886
08421,2023,75 bis unter 80 Jahre,f,2471
08421,2023,40 bis unter 45 Jahre,m,4149
08421,2023,40 bis unter 45 Jahre,f,4098
08421,2023,55 bis unter 60 Jahre,m,4188
08421,2023,55 bis unter 60 Jahre,f,4346
08421,2023,60 bis unter 65 Jahre,m,3717
08421,2023,60 bis unter 65 Jahre,f,3958
08421,2023,5 bis unter 10 Jahre,f,2896
08421,2023,5 bis unter 10 Jahre,m,2960
08421,2023,10 bis unter 15 Jahre,f,2975
08421,2023,10 bis unter 15 Jahre,m,2913
08421,2023,90 bis unter 95 Jahre,m,296
08421,2023,90 bis unter 95 Jahre,f,652
08421,2023,65 bis unter 70 Jahre,m,2897
08421,2023,65 bis unter 70 Jahre,f,3573
08421,2023,85 bis unter 90 Jahre,f,1706
08421,2023,85 bis unter 90 Jahre,m,1048
08421,2023,45 bis unter 50 Jahre,m,3922
08421,2023,45 bis unter 50 Jahre,f,3805
08421,2023,25 bis unter 30 Jahre,m,5847
08421,2023,25 bis unter 30 Jahre,f,5251
08421,2023,70 bis unter 75 Jahre,f,3057
08421,2023,70 bis unter 75 Jahre,m,2554
08421,2023,50 bis unter 55 Jahre,f,3943
08421,2023,50 bis unter 55 Jahre,m,4081
08421,2023,30 bis unter 35 Jahre,f,4729
08421,2023,30 bis unter 35 Jahre,m,5681
07317,2023,90 bis unter 95 Jahre,f,281
07317,2023,90 bis unter 95 Jahre,m,102
07317,2023,45 bis unter 50 Jahre,m,1079
07317,2023,45 bis unter 50 Jahre,f,1009
07317,2023,65 bis unter 70 Jahre,m,1400
07317,2023,65 bis unter 70 Jahre,f,1392
07317,2023,85 bis unter 90 Jahre,m,377
07317,2023,85 bis unter 90 Jahre,f,770
07317,2023,50 bis unter 55 Jahre,m,1176
07317,2023,50 bis unter 55 Jahre,f,1223
07317,2023,30 bis unter 35 Jahre,f,1173
07317,2023,30 bis unter 35 Jahre,m,1331
07317,2023,10 bis unter 15 Jahre,m,837
07317,2023,10 bis unter 15 Jahre,f,838
07317,2023,25 bis unter 30 Jahre,m,1330
07317,2023,25 bis unter 30 Jahre,f,1065
07317,2023,70 bis unter 75 Jahre,f,1291
07317,2023,70 bis unter 75 Jahre,m,1105
07317,2023,55 bis unter 60 Jahre,f,1567
07317,2023,55 bis unter 60 Jahre,m,1600
07317,2023,75 bis unter 80 Jahre,f,872
07317,2023,75 bis unter 80 Jahre,m,640
07317,2023,unter 5 Jahre,f,860
07317,2023,unter 5 Jahre,m,884
07317,2023,80 bis unter 85 Jahre,m,693
07317,2023,80 bis unter 85 Jahre,f,1039
07317,2023,35 bis unter 40 Jahre,m,1222
07317,2023,35 bis unter 40 Jahre,f,1134
07317,2023,60 bis unter 65 Jahre,f,1728
07317,2023,60 bis unter 65 Jahre,m,1629
07317,2023,40 bis unter 45 Jahre,m,1102
07317,2023,40 bis unter 45 Jahre,f,1053
07317,2023,20 bis unter 25 Jahre,m,1047
07317,2023,20 bis unter 25 Jahre,f,1001
07317,2023,15 bis unter 20 Jahre,m,1008
07317,2023,15 bis unter 20 Jahre,f,814
07317,2023,5 bis unter 10 Jahre,f,853
07317,2023,5 bis unter 10 Jahre,m,951
07317,2023,95 Jahre und mehr,m,11
07317,2023,95 Jahre und mehr,f,89
05162,2023,5 bis unter 10 Jahre,f,11480
05162,2023,5 bis unter 10 Jahre,m,11938
05162,2023,25 bis unter 30 Jahre,f,10802
05162,2023,25 bis unter 30 Jahre,m,11963
05162,2023,80 bis unter 85 Jahre,m,7257
05162,2023,80 bis unter 85 Jahre,f,10215
05162,2023,45 bis unter 50 Jahre,f,14369
05162,2023,45 bis unter 50 Jahre,m,13914
05162,2023,65 bis unter 70 Jahre,f,15011
05162,2023,65 bis unter 70 Jahre,m,13722
05162,2023,60 bis unter 65 Jahre,m,17285
05162,2023,60 bis unter 65 Jahre,f,18129
05162,2023,30 bis unter 35 Jahre,f,13160
05162,2023,30 bis unter 35 Jahre,m,13480
05162,2023,20 bis unter 25 Jahre,m,11195
05162,2023,20 bis unter 25 Jahre,f,9720
05162,2023,unter 5 Jahre,m,10732
05162,2023,unter 5 Jahre,f,10150
05162,2023,55 bis unter 60 Jahre,m,19543
05162,2023,55 bis unter 60 Jahre,f,19888
05162,2023,90 bis unter 95 Jahre,f,2432
05162,2023,90 bis unter 95 Jahre,m,1147
05162,2023,10 bis unter 15 Jahre,m,11154
05162,2023,10 bis unter 15 Jahre,f,10730
05162,2023,75 bis unter 80 Jahre,m,7729
05162,2023,75 bis unter 80 Jahre,f,10148
05162,2023,85 bis unter 90 Jahre,f,7174
05162,2023,85 bis unter 90 Jahre,m,4332
05162,2023,15 bis unter 20 Jahre,f,10611
05162,2023,15 bis unter 20 Jahre,m,11402
05162,2023,40 bis unter 45 Jahre,f,15429
05162,2023,40 bis unter 45 Jahre,m,14907
05162,2023,70 bis unter 75 Jahre,m,10755
05162,2023,70 bis unter 75 Jahre,f,12938
05162,2023,35 bis unter 40 Jahre,m,14425
05162,2023,35 bis unter 40 Jahre,f,14928
05162,2023,95 Jahre und mehr,m,223
05162,2023,95 Jahre und mehr,f,647
05162,2023,50 bis unter 55 Jahre,f,16254
05162,2023,50 bis unter 55 Jahre,m,16080
09273,2023,25 bis unter 30 Jahre,f,3216
09273,2023,25 bis unter 30 Jahre,m,3812
09273,2023,45 bis unter 50 Jahre,f,3952
09273,2023,45 bis unter 50 Jahre,m,4037
09273,2023,10 bis unter 15 Jahre,f,3031
09273,2023,10 bis unter 15 Jahre,m,3109
09273,2023,5 bis unter 10 Jahre,f,3111
09273,2023,5 bis unter 10 Jahre,m,3252
09273,2023,85 bis unter 90 Jahre,f,1465
09273,2023,85 bis unter 90 Jahre,m,895
09273,2023,30 bis unter 35 Jahre,f,3812
09273,2023,30 bis unter 35 Jahre,m,4189
09273,2023,60 bis unter 65 Jahre,m,4874
09273,2023,60 bis unter 65 Jahre,f,4627
09273,2023,70 bis unter 75 Jahre,f,3314
09273,2023,70 bis unter 75 Jahre,m,2827
09273,2023,55 bis unter 60 Jahre,m,5256
09273,2023,55 bis unter 60 Jahre,f,4897
09273,2023,unter 5 Jahre,m,3180
09273,2023,unter 5 Jahre,f,3174
09273,2023,65 bis unter 70 Jahre,m,3812
09273,2023,65 bis unter 70 Jahre,f,3837
09273,2023,95 Jahre und mehr,m,37
09273,2023,95 Jahre und mehr,f,141
09273,2023,35 bis unter 40 Jahre,m,4413
09273,2023,35 bis unter 40 Jahre,f,4035
09273,2023,80 bis unter 85 Jahre,f,2197
09273,2023,80 bis unter 85 Jahre,m,1680
09273,2023,90 bis unter 95 Jahre,f,560
09273,2023,90 bis unter 95 Jahre,m,229
09273,2023,15 bis unter 20 Jahre,f,2982
09273,2023,15 bis unter 20 Jahre,m,3409
09273,2023,75 bis unter 80 Jahre,f,2202
09273,2023,75 bis unter 80 Jahre,m,1901
09273,2023,50 bis unter 55 Jahre,m,4662
09273,2023,50 bis unter 55 Jahre,f,4263
09273,2023,20 bis unter 25 Jahre,f,3082
09273,2023,20 bis unter 25 Jahre,m,3633
09273,2023,40 bis unter 45 Jahre,m,4346
09273,2023,40 bis unter 45 Jahre,f,4146
05913,2023,5 bis unter 10 Jahre,m,15017
05913,2023,5 bis unter 10 Jahre,f,14614
05913,2023,95 Jahre und mehr,f,969
05913,2023,95 Jahre und mehr,m,283
05913,2023,50 bis unter 55 Jahre,f,19617
05913,2023,50 bis unter 55 Jahre,m,20218
05913,2023,85 bis unter 90 Jahre,f,8557
05913,2023,85 bis unter 90 Jahre,m,4948
05913,2023,30 bis unter 35 Jahre,f,20866
05913,2023,30 bis unter 35 Jahre,m,22561
05913,2023,10 bis unter 15 Jahre,f,13621
05913,2023,10 bis unter 15 Jahre,m,13927
05913,2023,25 bis unter 30 Jahre,f,20263
05913,2023,25 bis unter 30 Jahre,m,22713
05913,2023,45 bis unter 50 Jahre,m,17615
05913,2023,45 bis unter 50 Jahre,f,17769
05913,2023,90 bis unter 95 Jahre,f,3058
05913,2023,90 bis unter 95 Jahre,m,1329
05913,2023,65 bis unter 70 Jahre,f,17793
05913,2023,65 bis unter 70 Jahre,m,16212
05913,2023,80 bis unter 85 Jahre,m,8132
05913,2023,80 bis unter 85 Jahre,f,12230
05913,2023,75 bis unter 80 Jahre,m,9012
05913,2023,75 bis unter 80 Jahre,f,11699
05913,2023,20 bis unter 25 Jahre,f,17959
05913,2023,20 bis unter 25 Jahre,m,18609
05913,2023,60 bis unter 65 Jahre,f,21020
05913,2023,60 bis unter 65 Jahre,m,20408
05913,2023,40 bis unter 45 Jahre,f,19341
05913,2023,40 bis unter 45 Jahre,m,19252
05913,2023,35 bis unter 40 Jahre,m,20413
05913,2023,35 bis unter 40 Jahre,f,19476
05913,2023,unter 5 Jahre,m,14764
05913,2023,unter 5 Jahre,f,13898
05913,2023,55 bis unter 60 Jahre,f,22435
05913,2023,55 bis unter 60 Jahre,m,23378
05913,2023,15 bis unter 20 Jahre,m,14817
05913,2023,15 bis unter 20 Jahre,f,14152
05913,2023,70 bis unter 75 Jahre,m,12763
05913,2023,70 bis unter 75 Jahre,f,15635
09575,2023,30 bis unter 35 Jahre,f,2926
09575,2023,30 bis unter 35 Jahre,m,3098
09575,2023,65 bis unter 70 Jahre,f,3474
09575,2023,65 bis unter 70 Jahre,m,3348
09575,2023,85 bis unter 90 Jahre,f,1391
09575,2023,85 bis unter 90 Jahre,m,832
09575,2023,5 bis unter 10 Jahre,f,2491
09575,2023,5 bis unter 10 Jahre,m,2543
09575,2023,10 bis unter 15 Jahre,m,2369
09575,2023,10 bis unter 15 Jahre,f,2246
09575,2023,25 bis unter 30 Jahre,m,2805
09575,2023,25 bis unter 30 Jahre,f,2363
09575,2023,70 bis unter 75 Jahre,f,2897
09575,2023,70 bis unter 75 Jahre,m,2861
09575,2023,95 Jahre und mehr,f,122
09575,2023,95 Jahre und mehr,m,47
09575,2023,45 bis unter 50 Jahre,f,2922
09575,2023,45 bis unter 50 Jahre,m,2994
09575,2023,90 bis unter 95 Jahre,m,196
09575,2023,90 bis unter 95 Jahre,f,502
09575,2023,unter 5 Jahre,m,2447
09575,2023,unter 5 Jahre,f,2417
09575,2023,80 bis unter 85 Jahre,m,1442
09575,2023,80 bis unter 85 Jahre,f,1972
09575,2023,55 bis unter 60 Jahre,m,4417
09575,2023,55 bis unter 60 Jahre,f,4380
09575,2023,75 bis unter 80 Jahre,f,1894
09575,2023,75 bis unter 80 Jahre,m,1689
09575,2023,20 bis unter 25 Jahre,f,2131
09575,2023,20 bis unter 25 Jahre,m,2650
09575,2023,60 bis unter 65 Jahre,f,4092
09575,2023,60 bis unter 65 Jahre,m,4253
09575,2023,35 bis unter 40 Jahre,f,3181
09575,2023,35 bis unter 40 Jahre,m,3340
09575,2023,40 bis unter 45 Jahre,f,3158
09575,2023,40 bis unter 45 Jahre,m,3390
09575,2023,50 bis unter 55 Jahre,m,3497
09575,2023,50 bis unter 55 Jahre,f,3438
09575,2023,15 bis unter 20 Jahre,f,2295
09575,2023,15 bis unter 20 Jahre,m,2472
06532,2023,95 Jahre und mehr,f,381
06532,2023,95 Jahre und mehr,m,110
06532,2023,35 bis unter 40 Jahre,m,8096
06532,2023,35 bis unter 40 Jahre,f,7859
06532,2023,80 bis unter 85 Jahre,f,5572
06532,2023,80 bis unter 85 Jahre,m,3993
06532,2023,15 bis unter 20 Jahre,m,6715
06532,2023,15 bis unter 20 Jahre,f,5786
06532,2023,20 bis unter 25 Jahre,m,6854
06532,2023,20 bis unter 25 Jahre,f,5667
06532,2023,60 bis unter 65 Jahre,f,10373
06532,2023,60 bis unter 65 Jahre,m,9967
06532,2023,unter 5 Jahre,m,5964
06532,2023,unter 5 Jahre,f,5685
06532,2023,40 bis unter 45 Jahre,f,7788
06532,2023,40 bis unter 45 Jahre,m,7768
06532,2023,75 bis unter 80 Jahre,f,5306
06532,2023,75 bis unter 80 Jahre,m,4411
06532,2023,55 bis unter 60 Jahre,m,10717
06532,2023,55 bis unter 60 Jahre,f,10882
06532,2023,5 bis unter 10 Jahre,f,6071
06532,2023,5 bis unter 10 Jahre,m,6440
06532,2023,90 bis unter 95 Jahre,m,606
06532,2023,90 bis unter 95 Jahre,f,1333
06532,2023,30 bis unter 35 Jahre,f,7398
06532,2023,30 bis unter 35 Jahre,m,8014
06532,2023,85 bis unter 90 Jahre,f,3835
06532,2023,85 bis unter 90 Jahre,m,2193
06532,2023,10 bis unter 15 Jahre,m,6261
06532,2023,10 bis unter 15 Jahre,f,5733
06532,2023,45 bis unter 50 Jahre,m,7207
06532,2023,45 bis unter 50 Jahre,f,7539
06532,2023,70 bis unter 75 Jahre,f,7541
06532,2023,70 bis unter 75 Jahre,m,6544
06532,2023,25 bis unter 30 Jahre,m,7432
06532,2023,25 bis unter 30 Jahre,f,6533
06532,2023,65 bis unter 70 Jahre,m,7990
06532,2023,65 bis unter 70 Jahre,f,8547
06532,2023,50 bis unter 55 Jahre,f,8887
06532,2023,50 bis unter 55 Jahre,m,8446
05366,2023,80 bis unter 85 Jahre,m,3042
05366,2023,80 bis unter 85 Jahre,f,4016
05366,2023,60 bis unter 65 Jahre,m,8425
05366,2023,60 bis unter 65 Jahre,f,8701
05366,2023,40 bis unter 45 Jahre,m,6136
05366,2023,40 bis unter 45 Jahre,f,6073
05366,2023,5 bis unter 10 Jahre,f,4868
05366,2023,5 bis unter 10 Jahre,m,5128
05366,2023,75 bis unter 80 Jahre,m,3371
05366,2023,75 bis unter 80 Jahre,f,4000
05366,2023,unter 5 Jahre,m,4794
05366,2023,unter 5 Jahre,f,4445
05366,2023,45 bis unter 50 Jahre,f,5774
05366,2023,45 bis unter 50 Jahre,m,5724
05366,2023,95 Jahre und mehr,m,77
05366,2023,95 Jahre und mehr,f,331
05366,2023,85 bis unter 90 Jahre,f,2801
05366,2023,85 bis unter 90 Jahre,m,1711
05366,2023,55 bis unter 60 Jahre,f,8989
05366,2023,55 bis unter 60 Jahre,m,8820
05366,2023,10 bis unter 15 Jahre,f,4415
05366,2023,10 bis unter 15 Jahre,m,4808
05366,2023,35 bis unter 40 Jahre,m,6488
05366,2023,35 bis unter 40 Jahre,f,6280
05366,2023,65 bis unter 70 Jahre,f,7093
05366,2023,65 bis unter 70 Jahre,m,6699
05366,2023,90 bis unter 95 Jahre,f,1019
05366,2023,90 bis unter 95 Jahre,m,432
05366,2023,70 bis unter 75 Jahre,m,5572
05366,2023,70 bis unter 75 Jahre,f,5924
05366,2023,20 bis unter 25 Jahre,f,4438
05366,2023,20 bis unter 25 Jahre,m,5424
05366,2023,50 bis unter 55 Jahre,m,6621
05366,2023,50 bis unter 55 Jahre,f,7035
05366,2023,25 bis unter 30 Jahre,m,5622
05366,2023,25 bis unter 30 Jahre,f,4857
05366,2023,15 bis unter 20 Jahre,m,5140
05366,2023,15 bis unter 20 Jahre,f,4632
05366,2023,30 bis unter 35 Jahre,f,5834
05366,2023,30 bis unter 35 Jahre,m,6282
07337,2023,75 bis unter 80 Jahre,m,2068
07337,2023,75 bis unter 80 Jahre,f,2346
07337,2023,40 bis unter 45 Jahre,m,3513
07337,2023,40 bis unter 45 Jahre,f,3406
07337,2023,55 bis unter 60 Jahre,m,5009
07337,2023,55 bis unter 60 Jahre,f,5269
07337,2023,60 bis unter 65 Jahre,m,4881
07337,2023,60 bis unter 65 Jahre,f,5172
07337,2023,80 bis unter 85 Jahre,m,1828
07337,2023,80 bis unter 85 Jahre,f,2481
07337,2023,35 bis unter 40 Jahre,m,3564
07337,2023,35 bis unter 40 Jahre,f,3492
07337,2023,5 bis unter 10 Jahre,f,2612
07337,2023,5 bis unter 10 Jahre,m,2807
07337,2023,20 bis unter 25 Jahre,m,2665
07337,2023,20 bis unter 25 Jahre,f,2196
07337,2023,45 bis unter 50 Jahre,f,3233
07337,2023,45 bis unter 50 Jahre,m,3165
07337,2023,25 bis unter 30 Jahre,f,2472
07337,2023,25 bis unter 30 Jahre,m,2706
07337,2023,15 bis unter 20 Jahre,f,2383
07337,2023,15 bis unter 20 Jahre,m,2642
07337,2023,50 bis unter 55 Jahre,f,4002
07337,2023,50 bis unter 55 Jahre,m,3788
07337,2023,30 bis unter 35 Jahre,m,3228
07337,2023,30 bis unter 35 Jahre,f,3128
07337,2023,65 bis unter 70 Jahre,m,3864
07337,2023,65 bis unter 70 Jahre,f,4130
07337,2023,90 bis unter 95 Jahre,f,638
07337,2023,90 bis unter 95 Jahre,m,264
07337,2023,70 bis unter 75 Jahre,f,3801
07337,2023,70 bis unter 75 Jahre,m,3428
07337,2023,10 bis unter 15 Jahre,m,2636
07337,2023,10 bis unter 15 Jahre,f,2483
07337,2023,85 bis unter 90 Jahre,m,1081
07337,2023,85 bis unter 90 Jahre,f,1678
07337,2023,unter 5 Jahre,f,2346
07337,2023,unter 5 Jahre,m,2505
07337,2023,95 Jahre und mehr,m,50
07337,2023,95 Jahre und mehr,f,190
03359,2023,50 bis unter 55 Jahre,f,7205
03359,2023,50 bis unter 55 Jahre,m,7140
03359,2023,5 bis unter 10 Jahre,m,5573
03359,2023,5 bis unter 10 Jahre,f,4968
03359,2023,70 bis unter 75 Jahre,f,5818
03359,2023,70 bis unter 75 Jahre,m,5183
03359,2023,10 bis unter 15 Jahre,f,4666
03359,2023,10 bis unter 15 Jahre,m,5515
03359,2023,30 bis unter 35 Jahre,f,6059
03359,2023,30 bis unter 35 Jahre,m,6451
03359,2023,85 bis unter 90 Jahre,m,1841
03359,2023,85 bis unter 90 Jahre,f,2989
03359,2023,65 bis unter 70 Jahre,f,6613
03359,2023,65 bis unter 70 Jahre,m,5921
03359,2023,95 Jahre und mehr,m,77
03359,2023,95 Jahre und mehr,f,297
03359,2023,90 bis unter 95 Jahre,f,955
03359,2023,90 bis unter 95 Jahre,m,424
03359,2023,45 bis unter 50 Jahre,m,6178
03359,2023,45 bis unter 50 Jahre,f,6263
03359,2023,80 bis unter 85 Jahre,m,3444
03359,2023,80 bis unter 85 Jahre,f,4451
03359,2023,75 bis unter 80 Jahre,m,3762
03359,2023,75 bis unter 80 Jahre,f,4522
03359,2023,20 bis unter 25 Jahre,f,4932
03359,2023,20 bis unter 25 Jahre,m,5249
03359,2023,unter 5 Jahre,m,5317
03359,2023,unter 5 Jahre,f,4712
03359,2023,40 bis unter 45 Jahre,f,6495
03359,2023,40 bis unter 45 Jahre,m,6572
03359,2023,15 bis unter 20 Jahre,m,5478
03359,2023,15 bis unter 20 Jahre,f,4870
03359,2023,60 bis unter 65 Jahre,f,8046
03359,2023,60 bis unter 65 Jahre,m,7762
03359,2023,35 bis unter 40 Jahre,m,6756
03359,2023,35 bis unter 40 Jahre,f,6626
03359,2023,55 bis unter 60 Jahre,m,8601
03359,2023,55 bis unter 60 Jahre,f,8730
03359,2023,25 bis unter 30 Jahre,f,5397
03359,2023,25 bis unter 30 Jahre,m,5801
03460,2023,65 bis unter 70 Jahre,f,4148
03460,2023,65 bis unter 70 Jahre,m,4020
03460,2023,30 bis unter 35 Jahre,f,4697
03460,2023,30 bis unter 35 Jahre,m,4857
03460,2023,45 bis unter 50 Jahre,f,4568
03460,2023,45 bis unter 50 Jahre,m,4401
03460,2023,50 bis unter 55 Jahre,f,4873
03460,2023,50 bis unter 55 Jahre,m,5082
03460,2023,25 bis unter 30 Jahre,f,4528
03460,2023,25 bis unter 30 Jahre,m,4990
03460,2023,10 bis unter 15 Jahre,f,3714
03460,2023,10 bis unter 15 Jahre,m,4036
03460,2023,70 bis unter 75 Jahre,f,3262
03460,2023,70 bis unter 75 Jahre,m,3164
03460,2023,85 bis unter 90 Jahre,f,1629
03460,2023,85 bis unter 90 Jahre,m,928
03460,2023,75 bis unter 80 Jahre,m,1861
03460,2023,75 bis unter 80 Jahre,f,2069
03460,2023,20 bis unter 25 Jahre,m,4588
03460,2023,20 bis unter 25 Jahre,f,4335
03460,2023,40 bis unter 45 Jahre,m,4731
03460,2023,40 bis unter 45 Jahre,f,4582
03460,2023,5 bis unter 10 Jahre,f,3949
03460,2023,5 bis unter 10 Jahre,m,4004
03460,2023,15 bis unter 20 Jahre,f,3942
03460,2023,15 bis unter 20 Jahre,m,4279
03460,2023,55 bis unter 60 Jahre,f,5628
03460,2023,55 bis unter 60 Jahre,m,6002
03460,2023,60 bis unter 65 Jahre,f,5143
03460,2023,60 bis unter 65 Jahre,m,5363
03460,2023,unter 5 Jahre,m,4021
03460,2023,unter 5 Jahre,f,3970
03460,2023,35 bis unter 40 Jahre,f,4880
03460,2023,35 bis unter 40 Jahre,m,5199
03460,2023,80 bis unter 85 Jahre,m,1648
03460,2023,80 bis unter 85 Jahre,f,2227
03460,2023,90 bis unter 95 Jahre,m,253
03460,2023,90 bis unter 95 Jahre,f,588
03460,2023,95 Jahre und mehr,m,57
03460,2023,95 Jahre und mehr,f,184
08311,2023,40 bis unter 45 Jahre,f,7336
08311,2023,40 bis unter 45 Jahre,m,7189
08311,2023,20 bis unter 25 Jahre,f,12746
08311,2023,20 bis unter 25 Jahre,m,8902
08311,2023,75 bis unter 80 Jahre,f,3703
08311,2023,75 bis unter 80 Jahre,m,3102
08311,2023,55 bis unter 60 Jahre,f,7768
08311,2023,55 bis unter 60 Jahre,m,7293
08311,2023,60 bis unter 65 Jahre,f,7460
08311,2023,60 bis unter 65 Jahre,m,6585
08311,2023,15 bis unter 20 Jahre,m,5765
08311,2023,15 bis unter 20 Jahre,f,5882
08311,2023,35 bis unter 40 Jahre,f,8509
08311,2023,35 bis unter 40 Jahre,m,8442
08311,2023,unter 5 Jahre,m,5769
08311,2023,unter 5 Jahre,f,5324
08311,2023,80 bis unter 85 Jahre,f,4033
08311,2023,80 bis unter 85 Jahre,m,2875
08311,2023,70 bis unter 75 Jahre,m,4510
08311,2023,70 bis unter 75 Jahre,f,5058
08311,2023,90 bis unter 95 Jahre,m,527
08311,2023,90 bis unter 95 Jahre,f,1045
08311,2023,65 bis unter 70 Jahre,m,5575
08311,2023,65 bis unter 70 Jahre,f,6061
08311,2023,45 bis unter 50 Jahre,m,5980
08311,2023,45 bis unter 50 Jahre,f,6510
08311,2023,85 bis unter 90 Jahre,f,2728
08311,2023,85 bis unter 90 Jahre,m,1690
08311,2023,30 bis unter 35 Jahre,f,10185
08311,2023,30 bis unter 35 Jahre,m,9967
08311,2023,10 bis unter 15 Jahre,f,4765
08311,2023,10 bis unter 15 Jahre,m,5263
08311,2023,5 bis unter 10 Jahre,f,5085
08311,2023,5 bis unter 10 Jahre,m,5620
08311,2023,25 bis unter 30 Jahre,m,10904
08311,2023,25 bis unter 30 Jahre,f,12303
08311,2023,50 bis unter 55 Jahre,m,6382
08311,2023,50 bis unter 55 Jahre,f,6915
08311,2023,95 Jahre und mehr,f,374
08311,2023,95 Jahre und mehr,m,106
03252,2023,40 bis unter 45 Jahre,m,4223
03252,2023,40 bis unter 45 Jahre,f,4320
03252,2023,75 bis unter 80 Jahre,m,2852
03252,2023,75 bis unter 80 Jahre,f,3563
03252,2023,20 bis unter 25 Jahre,m,3719
03252,2023,20 bis unter 25 Jahre,f,3138
03252,2023,unter 5 Jahre,m,3443
03252,2023,unter 5 Jahre,f,3224
03252,2023,80 bis unter 85 Jahre,f,4064
03252,2023,80 bis unter 85 Jahre,m,2835
03252,2023,5 bis unter 10 Jahre,f,3447
03252,2023,5 bis unter 10 Jahre,m,3478
03252,2023,95 Jahre und mehr,m,98
03252,2023,95 Jahre und mehr,f,367
03252,2023,35 bis unter 40 Jahre,m,4414
03252,2023,35 bis unter 40 Jahre,f,4251
03252,2023,60 bis unter 65 Jahre,m,6033
03252,2023,60 bis unter 65 Jahre,f,6463
03252,2023,10 bis unter 15 Jahre,f,3264
03252,2023,10 bis unter 15 Jahre,m,3369
03252,2023,65 bis unter 70 Jahre,f,5386
03252,2023,65 bis unter 70 Jahre,m,4988
03252,2023,55 bis unter 60 Jahre,f,6728
03252,2023,55 bis unter 60 Jahre,m,6337
03252,2023,85 bis unter 90 Jahre,f,2867
03252,2023,85 bis unter 90 Jahre,m,1723
03252,2023,90 bis unter 95 Jahre,m,424
03252,2023,90 bis unter 95 Jahre,f,1011
03252,2023,30 bis unter 35 Jahre,m,4426
03252,2023,30 bis unter 35 Jahre,f,4223
03252,2023,70 bis unter 75 Jahre,m,4111
03252,2023,70 bis unter 75 Jahre,f,4773
03252,2023,50 bis unter 55 Jahre,m,5022
03252,2023,50 bis unter 55 Jahre,f,5084
03252,2023,45 bis unter 50 Jahre,m,3901
03252,2023,45 bis unter 50 Jahre,f,4180
03252,2023,25 bis unter 30 Jahre,m,4041
03252,2023,25 bis unter 30 Jahre,f,3666
03252,2023,15 bis unter 20 Jahre,f,3370
03252,2023,15 bis unter 20 Jahre,m,3709
08119,2023,20 bis unter 25 Jahre,f,10404
08119,2023,20 bis unter 25 Jahre,m,12028
08119,2023,55 bis unter 60 Jahre,f,18274
08119,2023,55 bis unter 60 Jahre,m,18478
08119,2023,75 bis unter 80 Jahre,f,8911
08119,2023,75 bis unter 80 Jahre,m,7238
08119,2023,80 bis unter 85 Jahre,f,9790
08119,2023,80 bis unter 85 Jahre,m,7406
08119,2023,40 bis unter 45 Jahre,f,13953
08119,2023,40 bis unter 45 Jahre,m,13853
08119,2023,unter 5 Jahre,f,10510
08119,2023,unter 5 Jahre,m,10767
08119,2023,15 bis unter 20 Jahre,f,10459
08119,2023,15 bis unter 20 Jahre,m,11145
08119,2023,50 bis unter 55 Jahre,m,15257
08119,2023,50 bis unter 55 Jahre,f,15271
08119,2023,60 bis unter 65 Jahre,m,16858
08119,2023,60 bis unter 65 Jahre,f,16769
08119,2023,70 bis unter 75 Jahre,m,9857
08119,2023,70 bis unter 75 Jahre,f,11505
08119,2023,35 bis unter 40 Jahre,m,14611
08119,2023,35 bis unter 40 Jahre,f,13774
08119,2023,25 bis unter 30 Jahre,m,13290
08119,2023,25 bis unter 30 Jahre,f,11922
08119,2023,95 Jahre und mehr,m,209
08119,2023,95 Jahre und mehr,f,685
08119,2023,65 bis unter 70 Jahre,f,13255
08119,2023,65 bis unter 70 Jahre,m,12405
08119,2023,45 bis unter 50 Jahre,f,13143
08119,2023,45 bis unter 50 Jahre,m,13134
08119,2023,30 bis unter 35 Jahre,f,13549
08119,2023,30 bis unter 35 Jahre,m,14224
08119,2023,10 bis unter 15 Jahre,f,10149
08119,2023,10 bis unter 15 Jahre,m,10387
08119,2023,5 bis unter 10 Jahre,f,10850
08119,2023,5 bis unter 10 Jahre,m,11280
08119,2023,90 bis unter 95 Jahre,f,2303
08119,2023,90 bis unter 95 Jahre,m,1238
08119,2023,85 bis unter 90 Jahre,m,4318
08119,2023,85 bis unter 90 Jahre,f,6644
09362,2023,5 bis unter 10 Jahre,f,3010
09362,2023,5 bis unter 10 Jahre,m,3011
09362,2023,80 bis unter 85 Jahre,m,1867
09362,2023,80 bis unter 85 Jahre,f,2662
09362,2023,10 bis unter 15 Jahre,f,2907
09362,2023,10 bis unter 15 Jahre,m,2835
09362,2023,25 bis unter 30 Jahre,f,7359
09362,2023,25 bis unter 30 Jahre,m,8047
09362,2023,60 bis unter 65 Jahre,m,4169
09362,2023,60 bis unter 65 Jahre,f,4585
09362,2023,95 Jahre und mehr,f,193
09362,2023,95 Jahre und mehr,m,76
09362,2023,45 bis unter 50 Jahre,f,4551
09362,2023,45 bis unter 50 Jahre,m,4309
09362,2023,75 bis unter 80 Jahre,m,2051
09362,2023,75 bis unter 80 Jahre,f,2563
09362,2023,85 bis unter 90 Jahre,f,1765
09362,2023,85 bis unter 90 Jahre,m,1046
09362,2023,35 bis unter 40 Jahre,m,5808
09362,2023,35 bis unter 40 Jahre,f,5399
09362,2023,unter 5 Jahre,m,3162
09362,2023,unter 5 Jahre,f,3259
09362,2023,70 bis unter 75 Jahre,f,3138
09362,2023,70 bis unter 75 Jahre,m,2743
09362,2023,55 bis unter 60 Jahre,m,4865
09362,2023,55 bis unter 60 Jahre,f,4787
09362,2023,65 bis unter 70 Jahre,f,3708
09362,2023,65 bis unter 70 Jahre,m,3335
09362,2023,90 bis unter 95 Jahre,f,651
09362,2023,90 bis unter 95 Jahre,m,294
09362,2023,20 bis unter 25 Jahre,f,6352
09362,2023,20 bis unter 25 Jahre,m,5888
09362,2023,50 bis unter 55 Jahre,m,4530
09362,2023,50 bis unter 55 Jahre,f,4588
09362,2023,15 bis unter 20 Jahre,m,3234
09362,2023,15 bis unter 20 Jahre,f,3377
09362,2023,40 bis unter 45 Jahre,m,4923
09362,2023,40 bis unter 45 Jahre,f,4933
09362,2023,30 bis unter 35 Jahre,f,6313
09362,2023,30 bis unter 35 Jahre,m,7371
05114,2023,70 bis unter 75 Jahre,f,6294
05114,2023,70 bis unter 75 Jahre,m,5073
05114,2023,25 bis unter 30 Jahre,m,7135
05114,2023,25 bis unter 30 Jahre,f,6579
05114,2023,90 bis unter 95 Jahre,f,1328
05114,2023,90 bis unter 95 Jahre,m,602
05114,2023,45 bis unter 50 Jahre,m,6748
05114,2023,45 bis unter 50 Jahre,f,6962
05114,2023,95 Jahre und mehr,f,397
05114,2023,95 Jahre und mehr,m,114
05114,2023,10 bis unter 15 Jahre,m,5516
05114,2023,10 bis unter 15 Jahre,f,5150
05114,2023,85 bis unter 90 Jahre,f,3593
05114,2023,85 bis unter 90 Jahre,m,2103
05114,2023,50 bis unter 55 Jahre,f,8068
05114,2023,50 bis unter 55 Jahre,m,7822
05114,2023,30 bis unter 35 Jahre,m,7832
05114,2023,30 bis unter 35 Jahre,f,7283
05114,2023,5 bis unter 10 Jahre,m,5694
05114,2023,5 bis unter 10 Jahre,f,5418
05114,2023,65 bis unter 70 Jahre,f,7351
05114,2023,65 bis unter 70 Jahre,m,6630
05114,2023,unter 5 Jahre,f,4937
05114,2023,unter 5 Jahre,m,5245
05114,2023,80 bis unter 85 Jahre,m,3634
05114,2023,80 bis unter 85 Jahre,f,5213
05114,2023,20 bis unter 25 Jahre,f,5810
05114,2023,20 bis unter 25 Jahre,m,6189
05114,2023,75 bis unter 80 Jahre,f,4921
05114,2023,75 bis unter 80 Jahre,m,3756
05114,2023,35 bis unter 40 Jahre,m,7525
05114,2023,35 bis unter 40 Jahre,f,7276
05114,2023,55 bis unter 60 Jahre,m,9675
05114,2023,55 bis unter 60 Jahre,f,9649
05114,2023,60 bis unter 65 Jahre,m,8604
05114,2023,60 bis unter 65 Jahre,f,8798
05114,2023,40 bis unter 45 Jahre,f,7136
05114,2023,40 bis unter 45 Jahre,m,7109
05114,2023,15 bis unter 20 Jahre,f,5315
05114,2023,15 bis unter 20 Jahre,m,5909
09376,2023,45 bis unter 50 Jahre,f,4410
09376,2023,45 bis unter 50 Jahre,m,4797
09376,2023,10 bis unter 15 Jahre,f,3151
09376,2023,10 bis unter 15 Jahre,m,3395
09376,2023,65 bis unter 70 Jahre,f,4861
09376,2023,65 bis unter 70 Jahre,m,4787
09376,2023,5 bis unter 10 Jahre,f,3433
09376,2023,5 bis unter 10 Jahre,m,3647
09376,2023,25 bis unter 30 Jahre,f,3955
09376,2023,25 bis unter 30 Jahre,m,4460
09376,2023,95 Jahre und mehr,m,60
09376,2023,95 Jahre und mehr,f,190
09376,2023,30 bis unter 35 Jahre,f,4551
09376,2023,30 bis unter 35 Jahre,m,4925
09376,2023,70 bis unter 75 Jahre,f,4160
09376,2023,70 bis unter 75 Jahre,m,3873
09376,2023,85 bis unter 90 Jahre,f,2027
09376,2023,85 bis unter 90 Jahre,m,1105
09376,2023,60 bis unter 65 Jahre,m,6009
09376,2023,60 bis unter 65 Jahre,f,6038
09376,2023,35 bis unter 40 Jahre,m,5050
09376,2023,35 bis unter 40 Jahre,f,4688
09376,2023,80 bis unter 85 Jahre,f,2896
09376,2023,80 bis unter 85 Jahre,m,2084
09376,2023,55 bis unter 60 Jahre,m,6328
09376,2023,55 bis unter 60 Jahre,f,6000
09376,2023,90 bis unter 95 Jahre,f,779
09376,2023,90 bis unter 95 Jahre,m,289
09376,2023,unter 5 Jahre,f,3421
09376,2023,unter 5 Jahre,m,3626
09376,2023,75 bis unter 80 Jahre,f,2844
09376,2023,75 bis unter 80 Jahre,m,2319
09376,2023,15 bis unter 20 Jahre,m,3566
09376,2023,15 bis unter 20 Jahre,f,3301
09376,2023,50 bis unter 55 Jahre,m,5316
09376,2023,50 bis unter 55 Jahre,f,5192
09376,2023,20 bis unter 25 Jahre,f,3458
09376,2023,20 bis unter 25 Jahre,m,4126
09376,2023,40 bis unter 45 Jahre,m,4812
09376,2023,40 bis unter 45 Jahre,f,4769
08237,2023,85 bis unter 90 Jahre,m,1046
08237,2023,85 bis unter 90 Jahre,f,1858
08237,2023,50 bis unter 55 Jahre,m,4218
08237,2023,50 bis unter 55 Jahre,f,4174
08237,2023,65 bis unter 70 Jahre,m,3760
08237,2023,65 bis unter 70 Jahre,f,4001
08237,2023,70 bis unter 75 Jahre,m,2981
08237,2023,70 bis unter 75 Jahre,f,3224
08237,2023,30 bis unter 35 Jahre,m,4023
08237,2023,30 bis unter 35 Jahre,f,3622
08237,2023,90 bis unter 95 Jahre,f,639
08237,2023,90 bis unter 95 Jahre,m,282
08237,2023,45 bis unter 50 Jahre,m,3559
08237,2023,45 bis unter 50 Jahre,f,3408
08237,2023,25 bis unter 30 Jahre,m,3876
08237,2023,25 bis unter 30 Jahre,f,3203
08237,2023,10 bis unter 15 Jahre,m,2907
08237,2023,10 bis unter 15 Jahre,f,2822
08237,2023,95 Jahre und mehr,m,52
08237,2023,95 Jahre und mehr,f,181
08237,2023,35 bis unter 40 Jahre,f,3675
08237,2023,35 bis unter 40 Jahre,m,3913
08237,2023,40 bis unter 45 Jahre,f,3723
08237,2023,40 bis unter 45 Jahre,m,3799
08237,2023,15 bis unter 20 Jahre,f,2975
08237,2023,15 bis unter 20 Jahre,m,3263
08237,2023,60 bis unter 65 Jahre,f,4938
08237,2023,60 bis unter 65 Jahre,m,4937
08237,2023,5 bis unter 10 Jahre,m,2981
08237,2023,5 bis unter 10 Jahre,f,3002
08237,2023,75 bis unter 80 Jahre,m,1840
08237,2023,75 bis unter 80 Jahre,f,2210
08237,2023,20 bis unter 25 Jahre,m,3593
08237,2023,20 bis unter 25 Jahre,f,2872
08237,2023,80 bis unter 85 Jahre,f,2548
08237,2023,80 bis unter 85 Jahre,m,1805
08237,2023,55 bis unter 60 Jahre,f,5028
08237,2023,55 bis unter 60 Jahre,m,5158
08237,2023,unter 5 Jahre,f,2812
08237,2023,unter 5 Jahre,m,2993
08128,2023,75 bis unter 80 Jahre,m,2304
08128,2023,75 bis unter 80 Jahre,f,2667
08128,2023,55 bis unter 60 Jahre,m,5609
08128,2023,55 bis unter 60 Jahre,f,5530
08128,2023,60 bis unter 65 Jahre,m,5319
08128,2023,60 bis unter 65 Jahre,f,5543
08128,2023,unter 5 Jahre,m,3207
08128,2023,unter 5 Jahre,f,2949
08128,2023,35 bis unter 40 Jahre,m,4294
08128,2023,35 bis unter 40 Jahre,f,3927
08128,2023,20 bis unter 25 Jahre,m,3529
08128,2023,20 bis unter 25 Jahre,f,3050
08128,2023,40 bis unter 45 Jahre,m,4181
08128,2023,40 bis unter 45 Jahre,f,3852
08128,2023,80 bis unter 85 Jahre,f,2923
08128,2023,80 bis unter 85 Jahre,m,2184
08128,2023,15 bis unter 20 Jahre,m,3290
08128,2023,15 bis unter 20 Jahre,f,3066
08128,2023,45 bis unter 50 Jahre,f,3786
08128,2023,45 bis unter 50 Jahre,m,3819
08128,2023,10 bis unter 15 Jahre,f,2837
08128,2023,10 bis unter 15 Jahre,m,3011
08128,2023,70 bis unter 75 Jahre,m,3893
08128,2023,70 bis unter 75 Jahre,f,4215
08128,2023,90 bis unter 95 Jahre,f,787
08128,2023,90 bis unter 95 Jahre,m,336
08128,2023,65 bis unter 70 Jahre,f,4760
08128,2023,65 bis unter 70 Jahre,m,4363
08128,2023,30 bis unter 35 Jahre,m,4349
08128,2023,30 bis unter 35 Jahre,f,3783
08128,2023,85 bis unter 90 Jahre,m,1285
08128,2023,85 bis unter 90 Jahre,f,2070
08128,2023,50 bis unter 55 Jahre,m,4450
08128,2023,50 bis unter 55 Jahre,f,4560
08128,2023,25 bis unter 30 Jahre,m,3898
08128,2023,25 bis unter 30 Jahre,f,3241
08128,2023,95 Jahre und mehr,m,71
08128,2023,95 Jahre und mehr,f,249
08128,2023,5 bis unter 10 Jahre,f,2982
08128,2023,5 bis unter 10 Jahre,m,3290
09171,2023,unter 5 Jahre,f,2611
09171,2023,unter 5 Jahre,m,2926
09171,2023,35 bis unter 40 Jahre,f,3474
09171,2023,35 bis unter 40 Jahre,m,3764
09171,2023,55 bis unter 60 Jahre,f,4611
09171,2023,55 bis unter 60 Jahre,m,4572
09171,2023,15 bis unter 20 Jahre,f,2558
09171,2023,15 bis unter 20 Jahre,m,2809
09171,2023,20 bis unter 25 Jahre,f,2680
09171,2023,20 bis unter 25 Jahre,m,2981
09171,2023,40 bis unter 45 Jahre,f,3579
09171,2023,40 bis unter 45 Jahre,m,3731
09171,2023,80 bis unter 85 Jahre,f,2506
09171,2023,80 bis unter 85 Jahre,m,1759
09171,2023,30 bis unter 35 Jahre,m,3663
09171,2023,30 bis unter 35 Jahre,f,3305
09171,2023,85 bis unter 90 Jahre,m,955
09171,2023,85 bis unter 90 Jahre,f,1697
09171,2023,50 bis unter 55 Jahre,m,3826
09171,2023,50 bis unter 55 Jahre,f,3753
09171,2023,60 bis unter 65 Jahre,f,4431
09171,2023,60 bis unter 65 Jahre,m,4440
09171,2023,5 bis unter 10 Jahre,m,2896
09171,2023,5 bis unter 10 Jahre,f,2811
09171,2023,25 bis unter 30 Jahre,f,2873
09171,2023,25 bis unter 30 Jahre,m,3344
09171,2023,10 bis unter 15 Jahre,f,2604
09171,2023,10 bis unter 15 Jahre,m,2698
09171,2023,45 bis unter 50 Jahre,f,3208
09171,2023,45 bis unter 50 Jahre,m,3311
09171,2023,65 bis unter 70 Jahre,f,3793
09171,2023,65 bis unter 70 Jahre,m,3390
09171,2023,70 bis unter 75 Jahre,f,3198
09171,2023,70 bis unter 75 Jahre,m,2745
09171,2023,75 bis unter 80 Jahre,m,1880
09171,2023,75 bis unter 80 Jahre,f,2458
09171,2023,95 Jahre und mehr,m,51
09171,2023,95 Jahre und mehr,f,202
09171,2023,90 bis unter 95 Jahre,f,681
09171,2023,90 bis unter 95 Jahre,m,244
09162,2023,50 bis unter 55 Jahre,m,48501
09162,2023,50 bis unter 55 Jahre,f,48010
09162,2023,85 bis unter 90 Jahre,m,10623
09162,2023,85 bis unter 90 Jahre,f,17375
09162,2023,30 bis unter 35 Jahre,m,68652
09162,2023,30 bis unter 35 Jahre,f,68892
09162,2023,90 bis unter 95 Jahre,m,2951
09162,2023,90 bis unter 95 Jahre,f,6231
09162,2023,70 bis unter 75 Jahre,m,23942
09162,2023,70 bis unter 75 Jahre,f,30591
09162,2023,65 bis unter 70 Jahre,m,29106
09162,2023,65 bis unter 70 Jahre,f,33358
09162,2023,15 bis unter 20 Jahre,f,30698
09162,2023,15 bis unter 20 Jahre,m,32645
09162,2023,45 bis unter 50 Jahre,m,47805
09162,2023,45 bis unter 50 Jahre,f,48109
09162,2023,5 bis unter 10 Jahre,m,33670
09162,2023,5 bis unter 10 Jahre,f,32587
09162,2023,20 bis unter 25 Jahre,f,46082
09162,2023,20 bis unter 25 Jahre,m,45361
09162,2023,75 bis unter 80 Jahre,f,27778
09162,2023,75 bis unter 80 Jahre,m,21824
09162,2023,10 bis unter 15 Jahre,f,29793
09162,2023,10 bis unter 15 Jahre,m,31530
09162,2023,40 bis unter 45 Jahre,f,54131
09162,2023,40 bis unter 45 Jahre,m,53614
09162,2023,95 Jahre und mehr,f,2004
09162,2023,95 Jahre und mehr,m,657
09162,2023,unter 5 Jahre,m,37898
09162,2023,unter 5 Jahre,f,35652
09162,2023,80 bis unter 85 Jahre,m,20090
09162,2023,80 bis unter 85 Jahre,f,28006
09162,2023,55 bis unter 60 Jahre,m,51090
09162,2023,55 bis unter 60 Jahre,f,50510
09162,2023,25 bis unter 30 Jahre,f,67797
09162,2023,25 bis unter 30 Jahre,m,66189
09162,2023,60 bis unter 65 Jahre,f,42757
09162,2023,60 bis unter 65 Jahre,m,39612
09162,2023,35 bis unter 40 Jahre,f,60234
09162,2023,35 bis unter 40 Jahre,m,62364
01062,2023,65 bis unter 70 Jahre,m,6872
01062,2023,65 bis unter 70 Jahre,f,7676
01062,2023,30 bis unter 35 Jahre,m,6218
01062,2023,30 bis unter 35 Jahre,f,6086
01062,2023,45 bis unter 50 Jahre,m,7674
01062,2023,45 bis unter 50 Jahre,f,7875
01062,2023,90 bis unter 95 Jahre,f,1429
01062,2023,90 bis unter 95 Jahre,m,667
01062,2023,50 bis unter 55 Jahre,m,8663
01062,2023,50 bis unter 55 Jahre,f,9142
01062,2023,25 bis unter 30 Jahre,m,5426
01062,2023,25 bis unter 30 Jahre,f,4874
01062,2023,10 bis unter 15 Jahre,m,6392
01062,2023,10 bis unter 15 Jahre,f,6167
01062,2023,70 bis unter 75 Jahre,f,6734
01062,2023,70 bis unter 75 Jahre,m,5941
01062,2023,85 bis unter 90 Jahre,m,2753
01062,2023,85 bis unter 90 Jahre,f,4285
01062,2023,95 Jahre und mehr,f,481
01062,2023,95 Jahre und mehr,m,127
01062,2023,35 bis unter 40 Jahre,f,7762
01062,2023,35 bis unter 40 Jahre,m,7215
01062,2023,15 bis unter 20 Jahre,f,6033
01062,2023,15 bis unter 20 Jahre,m,6476
01062,2023,5 bis unter 10 Jahre,m,6455
01062,2023,5 bis unter 10 Jahre,f,6160
01062,2023,60 bis unter 65 Jahre,f,9564
01062,2023,60 bis unter 65 Jahre,m,9260
01062,2023,20 bis unter 25 Jahre,m,5670
01062,2023,20 bis unter 25 Jahre,f,4853
01062,2023,55 bis unter 60 Jahre,m,10992
01062,2023,55 bis unter 60 Jahre,f,11314
01062,2023,40 bis unter 45 Jahre,m,7968
01062,2023,40 bis unter 45 Jahre,f,8649
01062,2023,75 bis unter 80 Jahre,m,4773
01062,2023,75 bis unter 80 Jahre,f,5764
01062,2023,80 bis unter 85 Jahre,m,4773
01062,2023,80 bis unter 85 Jahre,f,6279
01062,2023,unter 5 Jahre,f,5240
01062,2023,unter 5 Jahre,m,5519
09276,2023,unter 5 Jahre,m,1763
09276,2023,unter 5 Jahre,f,1713
09276,2023,35 bis unter 40 Jahre,m,2472
09276,2023,35 bis unter 40 Jahre,f,2288
09276,2023,55 bis unter 60 Jahre,m,3247
09276,2023,55 bis unter 60 Jahre,f,3279
09276,2023,75 bis unter 80 Jahre,m,1502
09276,2023,75 bis unter 80 Jahre,f,1598
09276,2023,95 Jahre und mehr,m,24
09276,2023,95 Jahre und mehr,f,99
09276,2023,60 bis unter 65 Jahre,m,3268
09276,2023,60 bis unter 65 Jahre,f,3394
09276,2023,40 bis unter 45 Jahre,f,2257
09276,2023,40 bis unter 45 Jahre,m,2362
09276,2023,20 bis unter 25 Jahre,m,2052
09276,2023,20 bis unter 25 Jahre,f,1755
09276,2023,5 bis unter 10 Jahre,f,1757
09276,2023,5 bis unter 10 Jahre,m,1762
09276,2023,80 bis unter 85 Jahre,f,1604
09276,2023,80 bis unter 85 Jahre,m,1098
09276,2023,15 bis unter 20 Jahre,f,1731
09276,2023,15 bis unter 20 Jahre,m,1791
09276,2023,25 bis unter 30 Jahre,f,1951
09276,2023,25 bis unter 30 Jahre,m,2185
09276,2023,45 bis unter 50 Jahre,f,2238
09276,2023,45 bis unter 50 Jahre,m,2200
09276,2023,50 bis unter 55 Jahre,m,2708
09276,2023,50 bis unter 55 Jahre,f,2673
09276,2023,90 bis unter 95 Jahre,f,386
09276,2023,90 bis unter 95 Jahre,m,151
09276,2023,10 bis unter 15 Jahre,m,1731
09276,2023,10 bis unter 15 Jahre,f,1522
09276,2023,65 bis unter 70 Jahre,m,2770
09276,2023,65 bis unter 70 Jahre,f,2872
09276,2023,30 bis unter 35 Jahre,m,2426
09276,2023,30 bis unter 35 Jahre,f,2120
09276,2023,85 bis unter 90 Jahre,f,1174
09276,2023,85 bis unter 90 Jahre,m,629
09276,2023,70 bis unter 75 Jahre,f,2469
09276,2023,70 bis unter 75 Jahre,m,2418
03254,2023,5 bis unter 10 Jahre,f,5881
03254,2023,5 bis unter 10 Jahre,m,6254
03254,2023,80 bis unter 85 Jahre,m,4513
03254,2023,80 bis unter 85 Jahre,f,6497
03254,2023,25 bis unter 30 Jahre,f,7610
03254,2023,25 bis unter 30 Jahre,m,7945
03254,2023,45 bis unter 50 Jahre,f,7705
03254,2023,45 bis unter 50 Jahre,m,7285
03254,2023,65 bis unter 70 Jahre,f,9015
03254,2023,65 bis unter 70 Jahre,m,8443
03254,2023,30 bis unter 35 Jahre,f,7695
03254,2023,30 bis unter 35 Jahre,m,8351
03254,2023,60 bis unter 65 Jahre,m,10528
03254,2023,60 bis unter 65 Jahre,f,10818
03254,2023,20 bis unter 25 Jahre,m,7416
03254,2023,20 bis unter 25 Jahre,f,7482
03254,2023,90 bis unter 95 Jahre,f,1646
03254,2023,90 bis unter 95 Jahre,m,680
03254,2023,55 bis unter 60 Jahre,m,11519
03254,2023,55 bis unter 60 Jahre,f,11521
03254,2023,75 bis unter 80 Jahre,m,4834
03254,2023,75 bis unter 80 Jahre,f,5819
03254,2023,10 bis unter 15 Jahre,m,5857
03254,2023,10 bis unter 15 Jahre,f,5647
03254,2023,85 bis unter 90 Jahre,f,4666
03254,2023,85 bis unter 90 Jahre,m,2769
03254,2023,95 Jahre und mehr,m,142
03254,2023,95 Jahre und mehr,f,540
03254,2023,unter 5 Jahre,m,5910
03254,2023,unter 5 Jahre,f,5714
03254,2023,15 bis unter 20 Jahre,f,6264
03254,2023,15 bis unter 20 Jahre,m,6588
03254,2023,70 bis unter 75 Jahre,m,7091
03254,2023,70 bis unter 75 Jahre,f,7952
03254,2023,40 bis unter 45 Jahre,f,7802
03254,2023,40 bis unter 45 Jahre,m,7679
03254,2023,35 bis unter 40 Jahre,m,8168
03254,2023,35 bis unter 40 Jahre,f,7781
03254,2023,50 bis unter 55 Jahre,f,9189
03254,2023,50 bis unter 55 Jahre,m,9102
03358,2023,55 bis unter 60 Jahre,f,6192
03358,2023,55 bis unter 60 Jahre,m,6058
03358,2023,unter 5 Jahre,f,3160
03358,2023,unter 5 Jahre,m,3204
03358,2023,75 bis unter 80 Jahre,f,2935
03358,2023,75 bis unter 80 Jahre,m,2498
03358,2023,20 bis unter 25 Jahre,f,3180
03358,2023,20 bis unter 25 Jahre,m,3792
03358,2023,15 bis unter 20 Jahre,f,3430
03358,2023,15 bis unter 20 Jahre,m,3633
03358,2023,35 bis unter 40 Jahre,m,4533
03358,2023,35 bis unter 40 Jahre,f,4279
03358,2023,80 bis unter 85 Jahre,f,3261
03358,2023,80 bis unter 85 Jahre,m,2403
03358,2023,40 bis unter 45 Jahre,f,4262
03358,2023,40 bis unter 45 Jahre,m,4181
03358,2023,70 bis unter 75 Jahre,m,3755
03358,2023,70 bis unter 75 Jahre,f,3974
03358,2023,50 bis unter 55 Jahre,m,4938
03358,2023,50 bis unter 55 Jahre,f,4920
03358,2023,30 bis unter 35 Jahre,m,4376
03358,2023,30 bis unter 35 Jahre,f,4083
03358,2023,60 bis unter 65 Jahre,m,5774
03358,2023,60 bis unter 65 Jahre,f,5863
03358,2023,25 bis unter 30 Jahre,m,3919
03358,2023,25 bis unter 30 Jahre,f,3346
03358,2023,65 bis unter 70 Jahre,f,4769
03358,2023,65 bis unter 70 Jahre,m,4426
03358,2023,95 Jahre und mehr,m,71
03358,2023,95 Jahre und mehr,f,246
03358,2023,10 bis unter 15 Jahre,f,3204
03358,2023,10 bis unter 15 Jahre,m,3453
03358,2023,5 bis unter 10 Jahre,m,3445
03358,2023,5 bis unter 10 Jahre,f,3241
03358,2023,45 bis unter 50 Jahre,f,4017
03358,2023,45 bis unter 50 Jahre,m,3935
03358,2023,90 bis unter 95 Jahre,f,801
03358,2023,90 bis unter 95 Jahre,m,350
03358,2023,85 bis unter 90 Jahre,m,1404
03358,2023,85 bis unter 90 Jahre,f,2316
05358,2023,10 bis unter 15 Jahre,m,6525
05358,2023,10 bis unter 15 Jahre,f,6038
05358,2023,45 bis unter 50 Jahre,m,7919
05358,2023,45 bis unter 50 Jahre,f,7789
05358,2023,65 bis unter 70 Jahre,m,8778
05358,2023,65 bis unter 70 Jahre,f,9441
05358,2023,85 bis unter 90 Jahre,m,2406
05358,2023,85 bis unter 90 Jahre,f,3864
05358,2023,50 bis unter 55 Jahre,f,9371
05358,2023,50 bis unter 55 Jahre,m,9287
05358,2023,5 bis unter 10 Jahre,m,7119
05358,2023,5 bis unter 10 Jahre,f,6601
05358,2023,95 Jahre und mehr,f,353
05358,2023,95 Jahre und mehr,m,125
05358,2023,70 bis unter 75 Jahre,m,7109
05358,2023,70 bis unter 75 Jahre,f,7980
05358,2023,90 bis unter 95 Jahre,f,1431
05358,2023,90 bis unter 95 Jahre,m,585
05358,2023,30 bis unter 35 Jahre,m,9404
05358,2023,30 bis unter 35 Jahre,f,8859
05358,2023,15 bis unter 20 Jahre,f,6141
05358,2023,15 bis unter 20 Jahre,m,7050
05358,2023,75 bis unter 80 Jahre,f,5455
05358,2023,75 bis unter 80 Jahre,m,4669
05358,2023,20 bis unter 25 Jahre,f,6608
05358,2023,20 bis unter 25 Jahre,m,7758
05358,2023,55 bis unter 60 Jahre,m,11603
05358,2023,55 bis unter 60 Jahre,f,11802
05358,2023,unter 5 Jahre,m,6986
05358,2023,unter 5 Jahre,f,6580
05358,2023,40 bis unter 45 Jahre,m,8551
05358,2023,40 bis unter 45 Jahre,f,8546
05358,2023,60 bis unter 65 Jahre,f,11126
05358,2023,60 bis unter 65 Jahre,m,10902
05358,2023,35 bis unter 40 Jahre,m,9303
05358,2023,35 bis unter 40 Jahre,f,8791
05358,2023,80 bis unter 85 Jahre,f,5450
05358,2023,80 bis unter 85 Jahre,m,4065
05358,2023,25 bis unter 30 Jahre,f,7516
05358,2023,25 bis unter 30 Jahre,m,8576
09678,2023,50 bis unter 55 Jahre,f,3746
09678,2023,50 bis unter 55 Jahre,m,3747
09678,2023,30 bis unter 35 Jahre,f,3459
09678,2023,30 bis unter 35 Jahre,m,3550
09678,2023,85 bis unter 90 Jahre,f,1677
09678,2023,85 bis unter 90 Jahre,m,1093
09678,2023,10 bis unter 15 Jahre,f,2475
09678,2023,10 bis unter 15 Jahre,m,2691
09678,2023,65 bis unter 70 Jahre,m,3983
09678,2023,65 bis unter 70 Jahre,f,4069
09678,2023,95 Jahre und mehr,m,46
09678,2023,95 Jahre und mehr,f,171
09678,2023,70 bis unter 75 Jahre,f,3371
09678,2023,70 bis unter 75 Jahre,m,3180
09678,2023,25 bis unter 30 Jahre,m,3000
09678,2023,25 bis unter 30 Jahre,f,2612
09678,2023,45 bis unter 50 Jahre,f,3136
09678,2023,45 bis unter 50 Jahre,m,3084
09678,2023,80 bis unter 85 Jahre,m,1819
09678,2023,80 bis unter 85 Jahre,f,2388
09678,2023,90 bis unter 95 Jahre,m,271
09678,2023,90 bis unter 95 Jahre,f,566
09678,2023,55 bis unter 60 Jahre,m,4839
09678,2023,55 bis unter 60 Jahre,f,4951
09678,2023,unter 5 Jahre,f,2645
09678,2023,unter 5 Jahre,m,2926
09678,2023,40 bis unter 45 Jahre,f,3446
09678,2023,40 bis unter 45 Jahre,m,3679
09678,2023,75 bis unter 80 Jahre,f,2245
09678,2023,75 bis unter 80 Jahre,m,2005
09678,2023,20 bis unter 25 Jahre,f,2445
09678,2023,20 bis unter 25 Jahre,m,2869
09678,2023,35 bis unter 40 Jahre,m,3870
09678,2023,35 bis unter 40 Jahre,f,3612
09678,2023,15 bis unter 20 Jahre,m,2879
09678,2023,15 bis unter 20 Jahre,f,2442
09678,2023,60 bis unter 65 Jahre,f,4858
09678,2023,60 bis unter 65 Jahre,m,4847
09678,2023,5 bis unter 10 Jahre,f,2699
09678,2023,5 bis unter 10 Jahre,m,3013
03153,2023,10 bis unter 15 Jahre,f,2330
03153,2023,10 bis unter 15 Jahre,m,2543
03153,2023,65 bis unter 70 Jahre,f,4795
03153,2023,65 bis unter 70 Jahre,m,4503
03153,2023,30 bis unter 35 Jahre,f,3274
03153,2023,30 bis unter 35 Jahre,m,3678
03153,2023,85 bis unter 90 Jahre,f,2538
03153,2023,85 bis unter 90 Jahre,m,1505
03153,2023,90 bis unter 95 Jahre,f,916
03153,2023,90 bis unter 95 Jahre,m,391
03153,2023,45 bis unter 50 Jahre,m,3273
03153,2023,45 bis unter 50 Jahre,f,3458
03153,2023,25 bis unter 30 Jahre,f,3137
03153,2023,25 bis unter 30 Jahre,m,3720
03153,2023,50 bis unter 55 Jahre,f,4532
03153,2023,50 bis unter 55 Jahre,m,4340
03153,2023,80 bis unter 85 Jahre,m,2712
03153,2023,80 bis unter 85 Jahre,f,3649
03153,2023,5 bis unter 10 Jahre,m,2611
03153,2023,5 bis unter 10 Jahre,f,2383
03153,2023,20 bis unter 25 Jahre,m,3481
03153,2023,20 bis unter 25 Jahre,f,2730
03153,2023,unter 5 Jahre,m,2350
03153,2023,unter 5 Jahre,f,2320
03153,2023,95 Jahre und mehr,f,284
03153,2023,95 Jahre und mehr,m,77
03153,2023,75 bis unter 80 Jahre,m,2796
03153,2023,75 bis unter 80 Jahre,f,3422
03153,2023,55 bis unter 60 Jahre,f,5610
03153,2023,55 bis unter 60 Jahre,m,5638
03153,2023,40 bis unter 45 Jahre,f,3509
03153,2023,40 bis unter 45 Jahre,m,3547
03153,2023,60 bis unter 65 Jahre,f,5396
03153,2023,60 bis unter 65 Jahre,m,5301
03153,2023,35 bis unter 40 Jahre,f,3438
03153,2023,35 bis unter 40 Jahre,m,3550
03153,2023,15 bis unter 20 Jahre,m,3030
03153,2023,15 bis unter 20 Jahre,f,2606
03153,2023,70 bis unter 75 Jahre,m,3903
03153,2023,70 bis unter 75 Jahre,f,4436
09187,2023,20 bis unter 25 Jahre,m,6462
09187,2023,20 bis unter 25 Jahre,f,5610
09187,2023,55 bis unter 60 Jahre,m,10787
09187,2023,55 bis unter 60 Jahre,f,11343
09187,2023,75 bis unter 80 Jahre,m,4871
09187,2023,75 bis unter 80 Jahre,f,5979
09187,2023,40 bis unter 45 Jahre,f,8110
09187,2023,40 bis unter 45 Jahre,m,8223
09187,2023,60 bis unter 65 Jahre,m,9647
09187,2023,60 bis unter 65 Jahre,f,10310
09187,2023,35 bis unter 40 Jahre,m,8258
09187,2023,35 bis unter 40 Jahre,f,8043
09187,2023,5 bis unter 10 Jahre,f,6239
09187,2023,5 bis unter 10 Jahre,m,6774
09187,2023,80 bis unter 85 Jahre,f,5850
09187,2023,80 bis unter 85 Jahre,m,4428
09187,2023,95 Jahre und mehr,f,363
09187,2023,95 Jahre und mehr,m,122
09187,2023,25 bis unter 30 Jahre,f,6160
09187,2023,25 bis unter 30 Jahre,m,7136
09187,2023,15 bis unter 20 Jahre,f,5762
09187,2023,15 bis unter 20 Jahre,m,6501
09187,2023,45 bis unter 50 Jahre,f,7797
09187,2023,45 bis unter 50 Jahre,m,7272
09187,2023,50 bis unter 55 Jahre,f,9256
09187,2023,50 bis unter 55 Jahre,m,8914
09187,2023,65 bis unter 70 Jahre,m,7516
09187,2023,65 bis unter 70 Jahre,f,8149
09187,2023,90 bis unter 95 Jahre,f,1286
09187,2023,90 bis unter 95 Jahre,m,575
09187,2023,70 bis unter 75 Jahre,f,6969
09187,2023,70 bis unter 75 Jahre,m,6114
09187,2023,30 bis unter 35 Jahre,m,7814
09187,2023,30 bis unter 35 Jahre,f,7558
09187,2023,10 bis unter 15 Jahre,m,6287
09187,2023,10 bis unter 15 Jahre,f,5961
09187,2023,85 bis unter 90 Jahre,m,2320
09187,2023,85 bis unter 90 Jahre,f,3495
09187,2023,unter 5 Jahre,f,6053
09187,2023,unter 5 Jahre,m,6501
09763,2023,40 bis unter 45 Jahre,m,2103
09763,2023,40 bis unter 45 Jahre,f,2104
09763,2023,75 bis unter 80 Jahre,m,1195
09763,2023,75 bis unter 80 Jahre,f,1583
09763,2023,20 bis unter 25 Jahre,m,2004
09763,2023,20 bis unter 25 Jahre,f,1960
09763,2023,unter 5 Jahre,m,1635
09763,2023,unter 5 Jahre,f,1490
09763,2023,80 bis unter 85 Jahre,m,1153
09763,2023,80 bis unter 85 Jahre,f,1577
09763,2023,60 bis unter 65 Jahre,f,2303
09763,2023,60 bis unter 65 Jahre,m,2038
09763,2023,15 bis unter 20 Jahre,m,1603
09763,2023,15 bis unter 20 Jahre,f,1435
09763,2023,25 bis unter 30 Jahre,f,2319
09763,2023,25 bis unter 30 Jahre,m,2570
09763,2023,55 bis unter 60 Jahre,m,2315
09763,2023,55 bis unter 60 Jahre,f,2323
09763,2023,45 bis unter 50 Jahre,f,1927
09763,2023,45 bis unter 50 Jahre,m,1893
09763,2023,65 bis unter 70 Jahre,f,2020
09763,2023,65 bis unter 70 Jahre,m,1744
09763,2023,35 bis unter 40 Jahre,f,2136
09763,2023,35 bis unter 40 Jahre,m,2236
09763,2023,70 bis unter 75 Jahre,f,1757
09763,2023,70 bis unter 75 Jahre,m,1427
09763,2023,30 bis unter 35 Jahre,m,2571
09763,2023,30 bis unter 35 Jahre,f,2366
09763,2023,95 Jahre und mehr,m,36
09763,2023,95 Jahre und mehr,f,112
09763,2023,85 bis unter 90 Jahre,m,584
09763,2023,85 bis unter 90 Jahre,f,995
09763,2023,90 bis unter 95 Jahre,f,342
09763,2023,90 bis unter 95 Jahre,m,177
09763,2023,50 bis unter 55 Jahre,m,2006
09763,2023,50 bis unter 55 Jahre,f,2084
09763,2023,5 bis unter 10 Jahre,m,1550
09763,2023,5 bis unter 10 Jahre,f,1490
09763,2023,10 bis unter 15 Jahre,f,1334
09763,2023,10 bis unter 15 Jahre,m,1436
09663,2023,15 bis unter 20 Jahre,f,2656
09663,2023,15 bis unter 20 Jahre,m,2612
09663,2023,35 bis unter 40 Jahre,f,4108
09663,2023,35 bis unter 40 Jahre,m,4852
09663,2023,90 bis unter 95 Jahre,m,337
09663,2023,90 bis unter 95 Jahre,f,829
09663,2023,55 bis unter 60 Jahre,f,4368
09663,2023,55 bis unter 60 Jahre,m,4142
09663,2023,20 bis unter 25 Jahre,f,7212
09663,2023,20 bis unter 25 Jahre,m,5264
09663,2023,50 bis unter 55 Jahre,m,3379
09663,2023,50 bis unter 55 Jahre,f,3462
09663,2023,10 bis unter 15 Jahre,m,2259
09663,2023,10 bis unter 15 Jahre,f,2137
09663,2023,40 bis unter 45 Jahre,m,3826
09663,2023,40 bis unter 45 Jahre,f,3738
09663,2023,60 bis unter 65 Jahre,f,4233
09663,2023,60 bis unter 65 Jahre,m,3825
09663,2023,85 bis unter 90 Jahre,m,1248
09663,2023,85 bis unter 90 Jahre,f,2170
09663,2023,95 Jahre und mehr,m,65
09663,2023,95 Jahre und mehr,f,322
09663,2023,5 bis unter 10 Jahre,m,2432
09663,2023,5 bis unter 10 Jahre,f,2406
09663,2023,30 bis unter 35 Jahre,m,6038
09663,2023,30 bis unter 35 Jahre,f,5511
09663,2023,25 bis unter 30 Jahre,f,7248
09663,2023,25 bis unter 30 Jahre,m,6965
09663,2023,45 bis unter 50 Jahre,f,3287
09663,2023,45 bis unter 50 Jahre,m,3319
09663,2023,75 bis unter 80 Jahre,m,1984
09663,2023,75 bis unter 80 Jahre,f,2553
09663,2023,70 bis unter 75 Jahre,f,3310
09663,2023,70 bis unter 75 Jahre,m,2614
09663,2023,unter 5 Jahre,m,2700
09663,2023,unter 5 Jahre,f,2568
09663,2023,65 bis unter 70 Jahre,m,3130
09663,2023,65 bis unter 70 Jahre,f,3819
09663,2023,80 bis unter 85 Jahre,f,2904
09663,2023,80 bis unter 85 Jahre,m,1927
08215,2023,75 bis unter 80 Jahre,f,8939
08215,2023,75 bis unter 80 Jahre,m,7662
08215,2023,20 bis unter 25 Jahre,f,9647
08215,2023,20 bis unter 25 Jahre,m,11975
08215,2023,40 bis unter 45 Jahre,f,14912
08215,2023,40 bis unter 45 Jahre,m,14989
08215,2023,unter 5 Jahre,f,10283
08215,2023,unter 5 Jahre,m,10833
08215,2023,95 Jahre und mehr,f,664
08215,2023,95 Jahre und mehr,m,193
08215,2023,55 bis unter 60 Jahre,m,19225
08215,2023,55 bis unter 60 Jahre,f,18934
08215,2023,60 bis unter 65 Jahre,f,18102
08215,2023,60 bis unter 65 Jahre,m,17822
08215,2023,90 bis unter 95 Jahre,m,1136
08215,2023,90 bis unter 95 Jahre,f,2371
08215,2023,35 bis unter 40 Jahre,f,14545
08215,2023,35 bis unter 40 Jahre,m,15499
08215,2023,15 bis unter 20 Jahre,m,11595
08215,2023,15 bis unter 20 Jahre,f,10161
08215,2023,70 bis unter 75 Jahre,m,11254
08215,2023,70 bis unter 75 Jahre,f,13112
08215,2023,50 bis unter 55 Jahre,m,15847
08215,2023,50 bis unter 55 Jahre,f,15774
08215,2023,80 bis unter 85 Jahre,m,7059
08215,2023,80 bis unter 85 Jahre,f,9734
08215,2023,45 bis unter 50 Jahre,m,13665
08215,2023,45 bis unter 50 Jahre,f,13689
08215,2023,30 bis unter 35 Jahre,f,13532
08215,2023,30 bis unter 35 Jahre,m,14708
08215,2023,85 bis unter 90 Jahre,f,6720
08215,2023,85 bis unter 90 Jahre,m,4260
08215,2023,5 bis unter 10 Jahre,m,11314
08215,2023,5 bis unter 10 Jahre,f,10855
08215,2023,25 bis unter 30 Jahre,m,13273
08215,2023,25 bis unter 30 Jahre,f,11290
08215,2023,65 bis unter 70 Jahre,f,14719
08215,2023,65 bis unter 70 Jahre,m,13693
08215,2023,10 bis unter 15 Jahre,f,10275
08215,2023,10 bis unter 15 Jahre,m,11090
07338,2023,70 bis unter 75 Jahre,m,4121
07338,2023,70 bis unter 75 Jahre,f,4820
07338,2023,45 bis unter 50 Jahre,m,4629
07338,2023,45 bis unter 50 Jahre,f,4490
07338,2023,15 bis unter 20 Jahre,f,3409
07338,2023,15 bis unter 20 Jahre,m,3610
07338,2023,90 bis unter 95 Jahre,f,926
07338,2023,90 bis unter 95 Jahre,m,423
07338,2023,30 bis unter 35 Jahre,m,4440
07338,2023,30 bis unter 35 Jahre,f,4347
07338,2023,unter 5 Jahre,f,3685
07338,2023,unter 5 Jahre,m,3811
07338,2023,85 bis unter 90 Jahre,m,1648
07338,2023,85 bis unter 90 Jahre,f,2400
07338,2023,55 bis unter 60 Jahre,f,6759
07338,2023,55 bis unter 60 Jahre,m,6492
07338,2023,75 bis unter 80 Jahre,f,3292
07338,2023,75 bis unter 80 Jahre,m,2618
07338,2023,65 bis unter 70 Jahre,f,5261
07338,2023,65 bis unter 70 Jahre,m,4995
07338,2023,10 bis unter 15 Jahre,f,3533
07338,2023,10 bis unter 15 Jahre,m,3703
07338,2023,20 bis unter 25 Jahre,f,3000
07338,2023,20 bis unter 25 Jahre,m,3619
07338,2023,80 bis unter 85 Jahre,m,2707
07338,2023,80 bis unter 85 Jahre,f,3563
07338,2023,40 bis unter 45 Jahre,m,5036
07338,2023,40 bis unter 45 Jahre,f,5079
07338,2023,60 bis unter 65 Jahre,m,6474
07338,2023,60 bis unter 65 Jahre,f,6663
07338,2023,95 Jahre und mehr,f,250
07338,2023,95 Jahre und mehr,m,79
07338,2023,35 bis unter 40 Jahre,m,4995
07338,2023,35 bis unter 40 Jahre,f,4988
07338,2023,5 bis unter 10 Jahre,f,3992
07338,2023,5 bis unter 10 Jahre,m,4375
07338,2023,50 bis unter 55 Jahre,f,5290
07338,2023,50 bis unter 55 Jahre,m,5118
07338,2023,25 bis unter 30 Jahre,f,3275
07338,2023,25 bis unter 30 Jahre,m,3610
06633,2023,75 bis unter 80 Jahre,f,5663
06633,2023,75 bis unter 80 Jahre,m,4739
06633,2023,20 bis unter 25 Jahre,f,4621
06633,2023,20 bis unter 25 Jahre,m,5342
06633,2023,unter 5 Jahre,f,4900
06633,2023,unter 5 Jahre,m,5190
06633,2023,15 bis unter 20 Jahre,f,5193
06633,2023,15 bis unter 20 Jahre,m,5373
06633,2023,80 bis unter 85 Jahre,f,5893
06633,2023,80 bis unter 85 Jahre,m,4482
06633,2023,35 bis unter 40 Jahre,m,7102
06633,2023,35 bis unter 40 Jahre,f,6938
06633,2023,55 bis unter 60 Jahre,f,10213
06633,2023,55 bis unter 60 Jahre,m,9955
06633,2023,70 bis unter 75 Jahre,m,6647
06633,2023,70 bis unter 75 Jahre,f,7455
06633,2023,95 Jahre und mehr,m,126
06633,2023,95 Jahre und mehr,f,429
06633,2023,40 bis unter 45 Jahre,f,6939
06633,2023,40 bis unter 45 Jahre,m,6780
06633,2023,10 bis unter 15 Jahre,m,5303
06633,2023,10 bis unter 15 Jahre,f,4937
06633,2023,90 bis unter 95 Jahre,m,582
06633,2023,90 bis unter 95 Jahre,f,1350
06633,2023,65 bis unter 70 Jahre,m,7606
06633,2023,65 bis unter 70 Jahre,f,8178
06633,2023,30 bis unter 35 Jahre,f,6232
06633,2023,30 bis unter 35 Jahre,m,6534
06633,2023,85 bis unter 90 Jahre,f,3883
06633,2023,85 bis unter 90 Jahre,m,2464
06633,2023,45 bis unter 50 Jahre,f,6641
06633,2023,45 bis unter 50 Jahre,m,6279
06633,2023,5 bis unter 10 Jahre,m,5642
06633,2023,5 bis unter 10 Jahre,f,5283
06633,2023,50 bis unter 55 Jahre,f,8274
06633,2023,50 bis unter 55 Jahre,m,7937
06633,2023,25 bis unter 30 Jahre,f,5104
06633,2023,25 bis unter 30 Jahre,m,5623
06633,2023,60 bis unter 65 Jahre,m,9136
06633,2023,60 bis unter 65 Jahre,f,9774
07340,2023,55 bis unter 60 Jahre,f,4166
07340,2023,55 bis unter 60 Jahre,m,4085
07340,2023,unter 5 Jahre,f,1813
07340,2023,unter 5 Jahre,m,1885
07340,2023,75 bis unter 80 Jahre,f,1893
07340,2023,75 bis unter 80 Jahre,m,1729
07340,2023,20 bis unter 25 Jahre,f,1610
07340,2023,20 bis unter 25 Jahre,m,1969
07340,2023,15 bis unter 20 Jahre,f,1755
07340,2023,15 bis unter 20 Jahre,m,1948
07340,2023,80 bis unter 85 Jahre,f,2130
07340,2023,80 bis unter 85 Jahre,m,1616
07340,2023,35 bis unter 40 Jahre,m,2745
07340,2023,35 bis unter 40 Jahre,f,2587
07340,2023,40 bis unter 45 Jahre,f,2581
07340,2023,40 bis unter 45 Jahre,m,2511
07340,2023,70 bis unter 75 Jahre,m,2959
07340,2023,70 bis unter 75 Jahre,f,3170
07340,2023,30 bis unter 35 Jahre,m,2513
07340,2023,30 bis unter 35 Jahre,f,2463
07340,2023,50 bis unter 55 Jahre,m,3046
07340,2023,50 bis unter 55 Jahre,f,3128
07340,2023,95 Jahre und mehr,f,155
07340,2023,95 Jahre und mehr,m,47
07340,2023,60 bis unter 65 Jahre,m,4169
07340,2023,60 bis unter 65 Jahre,f,4369
07340,2023,25 bis unter 30 Jahre,m,2060
07340,2023,25 bis unter 30 Jahre,f,1918
07340,2023,10 bis unter 15 Jahre,f,1794
07340,2023,10 bis unter 15 Jahre,m,1815
07340,2023,65 bis unter 70 Jahre,f,3686
07340,2023,65 bis unter 70 Jahre,m,3537
07340,2023,5 bis unter 10 Jahre,m,2006
07340,2023,5 bis unter 10 Jahre,f,1904
07340,2023,45 bis unter 50 Jahre,f,2404
07340,2023,45 bis unter 50 Jahre,m,2390
07340,2023,90 bis unter 95 Jahre,f,610
07340,2023,90 bis unter 95 Jahre,m,278
07340,2023,85 bis unter 90 Jahre,m,1039
07340,2023,85 bis unter 90 Jahre,f,1685
08415,2023,45 bis unter 50 Jahre,m,8385
08415,2023,45 bis unter 50 Jahre,f,8860
08415,2023,10 bis unter 15 Jahre,m,7094
08415,2023,10 bis unter 15 Jahre,f,6737
08415,2023,90 bis unter 95 Jahre,f,1643
08415,2023,90 bis unter 95 Jahre,m,802
08415,2023,25 bis unter 30 Jahre,m,9100
08415,2023,25 bis unter 30 Jahre,f,7952
08415,2023,85 bis unter 90 Jahre,m,2717
08415,2023,85 bis unter 90 Jahre,f,4422
08415,2023,65 bis unter 70 Jahre,m,8555
08415,2023,65 bis unter 70 Jahre,f,9314
08415,2023,30 bis unter 35 Jahre,f,8893
08415,2023,30 bis unter 35 Jahre,m,9680
08415,2023,50 bis unter 55 Jahre,m,10034
08415,2023,50 bis unter 55 Jahre,f,10069
08415,2023,70 bis unter 75 Jahre,f,7702
08415,2023,70 bis unter 75 Jahre,m,6606
08415,2023,15 bis unter 20 Jahre,f,7197
08415,2023,15 bis unter 20 Jahre,m,7557
08415,2023,5 bis unter 10 Jahre,f,7260
08415,2023,5 bis unter 10 Jahre,m,7698
08415,2023,35 bis unter 40 Jahre,f,9335
08415,2023,35 bis unter 40 Jahre,m,9530
08415,2023,95 Jahre und mehr,m,163
08415,2023,95 Jahre und mehr,f,452
08415,2023,40 bis unter 45 Jahre,m,9297
08415,2023,40 bis unter 45 Jahre,f,9226
08415,2023,55 bis unter 60 Jahre,m,11980
08415,2023,55 bis unter 60 Jahre,f,11804
08415,2023,80 bis unter 85 Jahre,f,6229
08415,2023,80 bis unter 85 Jahre,m,4517
08415,2023,60 bis unter 65 Jahre,f,11041
08415,2023,60 bis unter 65 Jahre,m,11093
08415,2023,20 bis unter 25 Jahre,m,8527
08415,2023,20 bis unter 25 Jahre,f,7384
08415,2023,unter 5 Jahre,m,7425
08415,2023,unter 5 Jahre,f,7035
08415,2023,75 bis unter 80 Jahre,m,4658
08415,2023,75 bis unter 80 Jahre,f,5412
09477,2023,95 Jahre und mehr,m,28
09477,2023,95 Jahre und mehr,f,150
09477,2023,5 bis unter 10 Jahre,f,1458
09477,2023,5 bis unter 10 Jahre,m,1540
09477,2023,80 bis unter 85 Jahre,m,1105
09477,2023,80 bis unter 85 Jahre,f,1660
09477,2023,10 bis unter 15 Jahre,f,1416
09477,2023,10 bis unter 15 Jahre,m,1474
09477,2023,40 bis unter 45 Jahre,m,2110
09477,2023,40 bis unter 45 Jahre,f,2129
09477,2023,65 bis unter 70 Jahre,f,2716
09477,2023,65 bis unter 70 Jahre,m,2509
09477,2023,50 bis unter 55 Jahre,f,2686
09477,2023,50 bis unter 55 Jahre,m,2553
09477,2023,55 bis unter 60 Jahre,m,3288
09477,2023,55 bis unter 60 Jahre,f,3206
09477,2023,25 bis unter 30 Jahre,f,1664
09477,2023,25 bis unter 30 Jahre,m,1880
09477,2023,70 bis unter 75 Jahre,f,2379
09477,2023,70 bis unter 75 Jahre,m,2050
09477,2023,60 bis unter 65 Jahre,f,3136
09477,2023,60 bis unter 65 Jahre,m,3151
09477,2023,15 bis unter 20 Jahre,m,1698
09477,2023,15 bis unter 20 Jahre,f,1440
09477,2023,90 bis unter 95 Jahre,f,471
09477,2023,90 bis unter 95 Jahre,m,182
09477,2023,45 bis unter 50 Jahre,m,2055
09477,2023,45 bis unter 50 Jahre,f,2077
09477,2023,35 bis unter 40 Jahre,m,2213
09477,2023,35 bis unter 40 Jahre,f,2026
09477,2023,30 bis unter 35 Jahre,m,2139
09477,2023,30 bis unter 35 Jahre,f,1901
09477,2023,unter 5 Jahre,f,1400
09477,2023,unter 5 Jahre,m,1436
09477,2023,75 bis unter 80 Jahre,f,1681
09477,2023,75 bis unter 80 Jahre,m,1402
09477,2023,85 bis unter 90 Jahre,f,1257
09477,2023,85 bis unter 90 Jahre,m,651
09477,2023,20 bis unter 25 Jahre,f,1544
09477,2023,20 bis unter 25 Jahre,m,1891
09574,2023,35 bis unter 40 Jahre,f,5669
09574,2023,35 bis unter 40 Jahre,m,5262
09574,2023,unter 5 Jahre,f,3729
09574,2023,unter 5 Jahre,m,4106
09574,2023,15 bis unter 20 Jahre,f,3595
09574,2023,15 bis unter 20 Jahre,m,4075
09574,2023,20 bis unter 25 Jahre,f,3347
09574,2023,20 bis unter 25 Jahre,m,4016
09574,2023,75 bis unter 80 Jahre,f,3779
09574,2023,75 bis unter 80 Jahre,m,3117
09574,2023,40 bis unter 45 Jahre,f,5815
09574,2023,40 bis unter 45 Jahre,m,5546
09574,2023,55 bis unter 60 Jahre,f,7331
09574,2023,55 bis unter 60 Jahre,m,7331
09574,2023,95 Jahre und mehr,f,206
09574,2023,95 Jahre und mehr,m,87
09574,2023,30 bis unter 35 Jahre,m,4893
09574,2023,30 bis unter 35 Jahre,f,4841
09574,2023,50 bis unter 55 Jahre,m,5931
09574,2023,50 bis unter 55 Jahre,f,6123
09574,2023,85 bis unter 90 Jahre,m,1552
09574,2023,85 bis unter 90 Jahre,f,2462
09574,2023,60 bis unter 65 Jahre,f,6983
09574,2023,60 bis unter 65 Jahre,m,6682
09574,2023,5 bis unter 10 Jahre,m,4373
09574,2023,5 bis unter 10 Jahre,f,4171
09574,2023,10 bis unter 15 Jahre,f,3622
09574,2023,10 bis unter 15 Jahre,m,4149
09574,2023,25 bis unter 30 Jahre,f,3732
09574,2023,25 bis unter 30 Jahre,m,4218
09574,2023,70 bis unter 75 Jahre,f,4966
09574,2023,70 bis unter 75 Jahre,m,4203
09574,2023,45 bis unter 50 Jahre,f,5138
09574,2023,45 bis unter 50 Jahre,m,5021
09574,2023,65 bis unter 70 Jahre,m,5262
09574,2023,65 bis unter 70 Jahre,f,5613
09574,2023,90 bis unter 95 Jahre,f,900
09574,2023,90 bis unter 95 Jahre,m,411
09574,2023,80 bis unter 85 Jahre,f,4017
09574,2023,80 bis unter 85 Jahre,m,2919
07318,2023,75 bis unter 80 Jahre,m,874
07318,2023,75 bis unter 80 Jahre,f,1110
07318,2023,20 bis unter 25 Jahre,m,1406
07318,2023,20 bis unter 25 Jahre,f,1114
07318,2023,40 bis unter 45 Jahre,m,1502
07318,2023,40 bis unter 45 Jahre,f,1512
07318,2023,unter 5 Jahre,m,1110
07318,2023,unter 5 Jahre,f,1029
07318,2023,80 bis unter 85 Jahre,f,1234
07318,2023,80 bis unter 85 Jahre,m,735
07318,2023,5 bis unter 10 Jahre,f,1047
07318,2023,5 bis unter 10 Jahre,m,1138
07318,2023,35 bis unter 40 Jahre,m,1585
07318,2023,35 bis unter 40 Jahre,f,1427
07318,2023,60 bis unter 65 Jahre,m,1932
07318,2023,60 bis unter 65 Jahre,f,1985
07318,2023,45 bis unter 50 Jahre,f,1484
07318,2023,45 bis unter 50 Jahre,m,1414
07318,2023,15 bis unter 20 Jahre,f,1078
07318,2023,15 bis unter 20 Jahre,m,1244
07318,2023,25 bis unter 30 Jahre,f,1371
07318,2023,25 bis unter 30 Jahre,m,1584
07318,2023,50 bis unter 55 Jahre,f,1765
07318,2023,50 bis unter 55 Jahre,m,1585
07318,2023,85 bis unter 90 Jahre,m,470
07318,2023,85 bis unter 90 Jahre,f,776
07318,2023,95 Jahre und mehr,f,111
07318,2023,95 Jahre und mehr,m,26
07318,2023,30 bis unter 35 Jahre,m,1669
07318,2023,30 bis unter 35 Jahre,f,1502
07318,2023,90 bis unter 95 Jahre,f,304
07318,2023,90 bis unter 95 Jahre,m,115
07318,2023,65 bis unter 70 Jahre,m,1564
07318,2023,65 bis unter 70 Jahre,f,1776
07318,2023,70 bis unter 75 Jahre,m,1265
07318,2023,70 bis unter 75 Jahre,f,1614
07318,2023,10 bis unter 15 Jahre,m,1122
07318,2023,10 bis unter 15 Jahre,f,1078
07318,2023,55 bis unter 60 Jahre,f,2172
07318,2023,55 bis unter 60 Jahre,m,2045
09674,2023,60 bis unter 65 Jahre,m,3639
09674,2023,60 bis unter 65 Jahre,f,3687
09674,2023,80 bis unter 85 Jahre,m,1178
09674,2023,80 bis unter 85 Jahre,f,1616
09674,2023,75 bis unter 80 Jahre,m,1454
09674,2023,75 bis unter 80 Jahre,f,1504
09674,2023,55 bis unter 60 Jahre,m,3662
09674,2023,55 bis unter 60 Jahre,f,3578
09674,2023,25 bis unter 30 Jahre,f,1981
09674,2023,25 bis unter 30 Jahre,m,2282
09674,2023,unter 5 Jahre,m,2009
09674,2023,unter 5 Jahre,f,1940
09674,2023,15 bis unter 20 Jahre,m,2082
09674,2023,15 bis unter 20 Jahre,f,1750
09674,2023,40 bis unter 45 Jahre,m,2685
09674,2023,40 bis unter 45 Jahre,f,2554
09674,2023,10 bis unter 15 Jahre,f,1883
09674,2023,10 bis unter 15 Jahre,m,1874
09674,2023,65 bis unter 70 Jahre,f,3058
09674,2023,65 bis unter 70 Jahre,m,3045
09674,2023,45 bis unter 50 Jahre,f,2307
09674,2023,45 bis unter 50 Jahre,m,2339
09674,2023,95 Jahre und mehr,f,112
09674,2023,95 Jahre und mehr,m,35
09674,2023,70 bis unter 75 Jahre,f,2459
09674,2023,70 bis unter 75 Jahre,m,2372
09674,2023,90 bis unter 95 Jahre,f,429
09674,2023,90 bis unter 95 Jahre,m,169
09674,2023,35 bis unter 40 Jahre,m,2684
09674,2023,35 bis unter 40 Jahre,f,2565
09674,2023,50 bis unter 55 Jahre,m,2851
09674,2023,50 bis unter 55 Jahre,f,2875
09674,2023,30 bis unter 35 Jahre,m,2616
09674,2023,30 bis unter 35 Jahre,f,2318
09674,2023,20 bis unter 25 Jahre,f,1901
09674,2023,20 bis unter 25 Jahre,m,2186
09674,2023,5 bis unter 10 Jahre,m,2129
09674,2023,5 bis unter 10 Jahre,f,2021
09674,2023,85 bis unter 90 Jahre,f,1139
09674,2023,85 bis unter 90 Jahre,m,705
07111,2023,50 bis unter 55 Jahre,f,3204
07111,2023,50 bis unter 55 Jahre,m,3272
07111,2023,5 bis unter 10 Jahre,m,2528
07111,2023,5 bis unter 10 Jahre,f,2418
07111,2023,65 bis unter 70 Jahre,f,3406
07111,2023,65 bis unter 70 Jahre,m,2976
07111,2023,70 bis unter 75 Jahre,f,3192
07111,2023,70 bis unter 75 Jahre,m,2497
07111,2023,25 bis unter 30 Jahre,m,5252
07111,2023,25 bis unter 30 Jahre,f,4468
07111,2023,90 bis unter 95 Jahre,f,714
07111,2023,90 bis unter 95 Jahre,m,293
07111,2023,45 bis unter 50 Jahre,m,3097
07111,2023,45 bis unter 50 Jahre,f,3067
07111,2023,85 bis unter 90 Jahre,f,1887
07111,2023,85 bis unter 90 Jahre,m,1066
07111,2023,10 bis unter 15 Jahre,m,2464
07111,2023,10 bis unter 15 Jahre,f,2137
07111,2023,30 bis unter 35 Jahre,f,4033
07111,2023,30 bis unter 35 Jahre,m,4891
07111,2023,80 bis unter 85 Jahre,m,1769
07111,2023,80 bis unter 85 Jahre,f,2631
07111,2023,unter 5 Jahre,f,2333
07111,2023,unter 5 Jahre,m,2478
07111,2023,55 bis unter 60 Jahre,m,3986
07111,2023,55 bis unter 60 Jahre,f,4073
07111,2023,75 bis unter 80 Jahre,f,2383
07111,2023,75 bis unter 80 Jahre,m,1724
07111,2023,40 bis unter 45 Jahre,f,3320
07111,2023,40 bis unter 45 Jahre,m,3522
07111,2023,15 bis unter 20 Jahre,m,2586
07111,2023,15 bis unter 20 Jahre,f,2400
07111,2023,60 bis unter 65 Jahre,f,3860
07111,2023,60 bis unter 65 Jahre,m,3702
07111,2023,20 bis unter 25 Jahre,f,3996
07111,2023,20 bis unter 25 Jahre,m,3696
07111,2023,35 bis unter 40 Jahre,m,4095
07111,2023,35 bis unter 40 Jahre,f,3582
07111,2023,95 Jahre und mehr,f,273
07111,2023,95 Jahre und mehr,m,75
08326,2023,65 bis unter 70 Jahre,m,6534
08326,2023,65 bis unter 70 Jahre,f,6974
08326,2023,30 bis unter 35 Jahre,m,7073
08326,2023,30 bis unter 35 Jahre,f,6550
08326,2023,10 bis unter 15 Jahre,m,5186
08326,2023,10 bis unter 15 Jahre,f,4922
08326,2023,85 bis unter 90 Jahre,m,2214
08326,2023,85 bis unter 90 Jahre,f,3546
08326,2023,50 bis unter 55 Jahre,m,6775
08326,2023,50 bis unter 55 Jahre,f,6740
08326,2023,90 bis unter 95 Jahre,f,1242
08326,2023,90 bis unter 95 Jahre,m,584
08326,2023,70 bis unter 75 Jahre,m,5267
08326,2023,70 bis unter 75 Jahre,f,6125
08326,2023,45 bis unter 50 Jahre,m,6039
08326,2023,45 bis unter 50 Jahre,f,6080
08326,2023,25 bis unter 30 Jahre,m,6674
08326,2023,25 bis unter 30 Jahre,f,5730
08326,2023,35 bis unter 40 Jahre,f,6703
08326,2023,35 bis unter 40 Jahre,m,7185
08326,2023,40 bis unter 45 Jahre,f,6548
08326,2023,40 bis unter 45 Jahre,m,6525
08326,2023,15 bis unter 20 Jahre,f,5047
08326,2023,15 bis unter 20 Jahre,m,5442
08326,2023,5 bis unter 10 Jahre,m,5420
08326,2023,5 bis unter 10 Jahre,f,5326
08326,2023,60 bis unter 65 Jahre,f,8212
08326,2023,60 bis unter 65 Jahre,m,8146
08326,2023,75 bis unter 80 Jahre,m,3552
08326,2023,75 bis unter 80 Jahre,f,4304
08326,2023,20 bis unter 25 Jahre,m,6011
08326,2023,20 bis unter 25 Jahre,f,5291
08326,2023,unter 5 Jahre,m,5395
08326,2023,unter 5 Jahre,f,5301
08326,2023,80 bis unter 85 Jahre,f,4826
08326,2023,80 bis unter 85 Jahre,m,3438
08326,2023,95 Jahre und mehr,f,363
08326,2023,95 Jahre und mehr,m,118
08326,2023,55 bis unter 60 Jahre,f,8290
08326,2023,55 bis unter 60 Jahre,m,8224
09565,2023,85 bis unter 90 Jahre,m,366
09565,2023,85 bis unter 90 Jahre,f,607
09565,2023,50 bis unter 55 Jahre,m,1328
09565,2023,50 bis unter 55 Jahre,f,1460
09565,2023,65 bis unter 70 Jahre,m,1239
09565,2023,65 bis unter 70 Jahre,f,1254
09565,2023,70 bis unter 75 Jahre,m,906
09565,2023,70 bis unter 75 Jahre,f,1188
09565,2023,90 bis unter 95 Jahre,m,110
09565,2023,90 bis unter 95 Jahre,f,232
09565,2023,45 bis unter 50 Jahre,m,1175
09565,2023,45 bis unter 50 Jahre,f,1270
09565,2023,5 bis unter 10 Jahre,m,1075
09565,2023,5 bis unter 10 Jahre,f,980
09565,2023,15 bis unter 20 Jahre,f,960
09565,2023,15 bis unter 20 Jahre,m,1035
09565,2023,30 bis unter 35 Jahre,m,1166
09565,2023,30 bis unter 35 Jahre,f,1251
09565,2023,unter 5 Jahre,f,895
09565,2023,unter 5 Jahre,m,1011
09565,2023,10 bis unter 15 Jahre,f,872
09565,2023,10 bis unter 15 Jahre,m,1028
09565,2023,20 bis unter 25 Jahre,f,968
09565,2023,20 bis unter 25 Jahre,m,955
09565,2023,40 bis unter 45 Jahre,f,1323
09565,2023,40 bis unter 45 Jahre,m,1326
09565,2023,75 bis unter 80 Jahre,f,965
09565,2023,75 bis unter 80 Jahre,m,806
09565,2023,60 bis unter 65 Jahre,m,1520
09565,2023,60 bis unter 65 Jahre,f,1519
09565,2023,95 Jahre und mehr,f,71
09565,2023,95 Jahre und mehr,m,17
09565,2023,55 bis unter 60 Jahre,m,1820
09565,2023,55 bis unter 60 Jahre,f,1805
09565,2023,80 bis unter 85 Jahre,m,718
09565,2023,80 bis unter 85 Jahre,f,958
09565,2023,35 bis unter 40 Jahre,f,1325
09565,2023,35 bis unter 40 Jahre,m,1306
09565,2023,25 bis unter 30 Jahre,f,1088
09565,2023,25 bis unter 30 Jahre,m,1096
06439,2023,90 bis unter 95 Jahre,m,493
06439,2023,90 bis unter 95 Jahre,f,1043
06439,2023,70 bis unter 75 Jahre,m,4817
06439,2023,70 bis unter 75 Jahre,f,5723
06439,2023,85 bis unter 90 Jahre,m,1770
06439,2023,85 bis unter 90 Jahre,f,2795
06439,2023,unter 5 Jahre,f,3787
06439,2023,unter 5 Jahre,m,3947
06439,2023,30 bis unter 35 Jahre,m,5053
06439,2023,30 bis unter 35 Jahre,f,4674
06439,2023,45 bis unter 50 Jahre,m,5435
06439,2023,45 bis unter 50 Jahre,f,5827
06439,2023,15 bis unter 20 Jahre,f,4367
06439,2023,15 bis unter 20 Jahre,m,4948
06439,2023,25 bis unter 30 Jahre,m,4649
06439,2023,25 bis unter 30 Jahre,f,4258
06439,2023,35 bis unter 40 Jahre,m,5340
06439,2023,35 bis unter 40 Jahre,f,5511
06439,2023,80 bis unter 85 Jahre,f,4392
06439,2023,80 bis unter 85 Jahre,m,3393
06439,2023,55 bis unter 60 Jahre,f,8763
06439,2023,55 bis unter 60 Jahre,m,8402
06439,2023,60 bis unter 65 Jahre,f,7682
06439,2023,60 bis unter 65 Jahre,m,7307
06439,2023,95 Jahre und mehr,m,127
06439,2023,95 Jahre und mehr,f,320
06439,2023,50 bis unter 55 Jahre,m,6579
06439,2023,50 bis unter 55 Jahre,f,6932
06439,2023,5 bis unter 10 Jahre,f,4222
06439,2023,5 bis unter 10 Jahre,m,4566
06439,2023,40 bis unter 45 Jahre,m,5682
06439,2023,40 bis unter 45 Jahre,f,6015
06439,2023,10 bis unter 15 Jahre,f,4143
06439,2023,10 bis unter 15 Jahre,m,4442
06439,2023,65 bis unter 70 Jahre,f,6283
06439,2023,65 bis unter 70 Jahre,m,5856
06439,2023,75 bis unter 80 Jahre,f,4272
06439,2023,75 bis unter 80 Jahre,m,3686
06439,2023,20 bis unter 25 Jahre,m,4592
06439,2023,20 bis unter 25 Jahre,f,3957
08335,2023,15 bis unter 20 Jahre,f,6972
08335,2023,15 bis unter 20 Jahre,m,7386
08335,2023,95 Jahre und mehr,m,196
08335,2023,95 Jahre und mehr,f,452
08335,2023,35 bis unter 40 Jahre,f,9303
08335,2023,35 bis unter 40 Jahre,m,9180
08335,2023,unter 5 Jahre,f,6436
08335,2023,unter 5 Jahre,m,6938
08335,2023,20 bis unter 25 Jahre,f,9756
08335,2023,20 bis unter 25 Jahre,m,9611
08335,2023,75 bis unter 80 Jahre,f,5803
08335,2023,75 bis unter 80 Jahre,m,4884
08335,2023,60 bis unter 65 Jahre,f,11141
08335,2023,60 bis unter 65 Jahre,m,10473
08335,2023,90 bis unter 95 Jahre,m,751
08335,2023,90 bis unter 95 Jahre,f,1561
08335,2023,45 bis unter 50 Jahre,m,7689
08335,2023,45 bis unter 50 Jahre,f,8363
08335,2023,55 bis unter 60 Jahre,m,11224
08335,2023,55 bis unter 60 Jahre,f,12183
08335,2023,25 bis unter 30 Jahre,m,9733
08335,2023,25 bis unter 30 Jahre,f,9453
08335,2023,70 bis unter 75 Jahre,f,7714
08335,2023,70 bis unter 75 Jahre,m,6804
08335,2023,50 bis unter 55 Jahre,m,8948
08335,2023,50 bis unter 55 Jahre,f,9557
08335,2023,80 bis unter 85 Jahre,f,6406
08335,2023,80 bis unter 85 Jahre,m,4798
08335,2023,65 bis unter 70 Jahre,f,8882
08335,2023,65 bis unter 70 Jahre,m,8299
08335,2023,5 bis unter 10 Jahre,m,7321
08335,2023,5 bis unter 10 Jahre,f,6751
08335,2023,10 bis unter 15 Jahre,f,6428
08335,2023,10 bis unter 15 Jahre,m,6786
08335,2023,40 bis unter 45 Jahre,m,8597
08335,2023,40 bis unter 45 Jahre,f,8987
08335,2023,30 bis unter 35 Jahre,m,9486
08335,2023,30 bis unter 35 Jahre,f,8979
08335,2023,85 bis unter 90 Jahre,f,4346
08335,2023,85 bis unter 90 Jahre,m,2820
05334002,2023,30 bis unter 35 Jahre,m,12213
05334002,2023,30 bis unter 35 Jahre,f,9293
05334002,2023,65 bis unter 70 Jahre,m,6457
05334002,2023,65 bis unter 70 Jahre,f,6826
05334002,2023,40 bis unter 45 Jahre,f,6953
05334002,2023,40 bis unter 45 Jahre,m,7182
05334002,2023,75 bis unter 80 Jahre,f,4675
05334002,2023,75 bis unter 80 Jahre,m,3723
05334002,2023,85 bis unter 90 Jahre,m,2141
05334002,2023,85 bis unter 90 Jahre,f,3527
05334002,2023,10 bis unter 15 Jahre,m,4849
05334002,2023,10 bis unter 15 Jahre,f,4785
05334002,2023,20 bis unter 25 Jahre,f,12006
05334002,2023,20 bis unter 25 Jahre,m,17852
05334002,2023,unter 5 Jahre,f,4977
05334002,2023,unter 5 Jahre,m,5181
05334002,2023,70 bis unter 75 Jahre,m,4924
05334002,2023,70 bis unter 75 Jahre,f,5947
05334002,2023,50 bis unter 55 Jahre,m,7050
05334002,2023,50 bis unter 55 Jahre,f,6985
05334002,2023,45 bis unter 50 Jahre,m,6399
05334002,2023,45 bis unter 50 Jahre,f,6248
05334002,2023,15 bis unter 20 Jahre,f,6046
05334002,2023,15 bis unter 20 Jahre,m,6973
05334002,2023,80 bis unter 85 Jahre,f,4933
05334002,2023,80 bis unter 85 Jahre,m,3271
05334002,2023,25 bis unter 30 Jahre,m,18368
05334002,2023,25 bis unter 30 Jahre,f,12215
05334002,2023,55 bis unter 60 Jahre,f,8579
05334002,2023,55 bis unter 60 Jahre,m,8596
05334002,2023,95 Jahre und mehr,m,114
05334002,2023,95 Jahre und mehr,f,426
05334002,2023,5 bis unter 10 Jahre,m,5089
05334002,2023,5 bis unter 10 Jahre,f,4942
05334002,2023,90 bis unter 95 Jahre,f,1292
05334002,2023,90 bis unter 95 Jahre,m,589
05334002,2023,60 bis unter 65 Jahre,m,8082
05334002,2023,60 bis unter 65 Jahre,f,7828
05334002,2023,35 bis unter 40 Jahre,m,8706
05334002,2023,35 bis unter 40 Jahre,f,7530
05370,2023,90 bis unter 95 Jahre,f,1325
05370,2023,90 bis unter 95 Jahre,m,552
05370,2023,45 bis unter 50 Jahre,m,7380
05370,2023,45 bis unter 50 Jahre,f,7569
05370,2023,25 bis unter 30 Jahre,m,7340
05370,2023,25 bis unter 30 Jahre,f,6494
05370,2023,85 bis unter 90 Jahre,m,2202
05370,2023,85 bis unter 90 Jahre,f,3704
05370,2023,65 bis unter 70 Jahre,m,8613
05370,2023,65 bis unter 70 Jahre,f,9073
05370,2023,30 bis unter 35 Jahre,f,8025
05370,2023,30 bis unter 35 Jahre,m,8536
05370,2023,50 bis unter 55 Jahre,m,8814
05370,2023,50 bis unter 55 Jahre,f,9153
05370,2023,70 bis unter 75 Jahre,f,7452
05370,2023,70 bis unter 75 Jahre,m,6885
05370,2023,95 Jahre und mehr,f,369
05370,2023,95 Jahre und mehr,m,87
05370,2023,10 bis unter 15 Jahre,m,6105
05370,2023,10 bis unter 15 Jahre,f,5986
05370,2023,15 bis unter 20 Jahre,f,6053
05370,2023,15 bis unter 20 Jahre,m,6684
05370,2023,5 bis unter 10 Jahre,f,6319
05370,2023,5 bis unter 10 Jahre,m,6484
05370,2023,35 bis unter 40 Jahre,f,8409
05370,2023,35 bis unter 40 Jahre,m,8504
05370,2023,40 bis unter 45 Jahre,f,8133
05370,2023,40 bis unter 45 Jahre,m,8175
05370,2023,unter 5 Jahre,m,6268
05370,2023,unter 5 Jahre,f,5875
05370,2023,55 bis unter 60 Jahre,m,11412
05370,2023,55 bis unter 60 Jahre,f,11339
05370,2023,80 bis unter 85 Jahre,f,5247
05370,2023,80 bis unter 85 Jahre,m,3761
05370,2023,60 bis unter 65 Jahre,f,10979
05370,2023,60 bis unter 65 Jahre,m,10905
05370,2023,20 bis unter 25 Jahre,m,6793
05370,2023,20 bis unter 25 Jahre,f,5656
05370,2023,75 bis unter 80 Jahre,m,4350
05370,2023,75 bis unter 80 Jahre,f,5139
05120,2023,15 bis unter 20 Jahre,m,2851
05120,2023,15 bis unter 20 Jahre,f,2675
05120,2023,60 bis unter 65 Jahre,f,4368
05120,2023,60 bis unter 65 Jahre,m,4526
05120,2023,80 bis unter 85 Jahre,f,2718
05120,2023,80 bis unter 85 Jahre,m,1786
05120,2023,35 bis unter 40 Jahre,m,3706
05120,2023,35 bis unter 40 Jahre,f,3660
05120,2023,75 bis unter 80 Jahre,f,2375
05120,2023,75 bis unter 80 Jahre,m,1915
05120,2023,unter 5 Jahre,m,2708
05120,2023,unter 5 Jahre,f,2524
05120,2023,40 bis unter 45 Jahre,f,3637
05120,2023,40 bis unter 45 Jahre,m,3697
05120,2023,20 bis unter 25 Jahre,m,3110
05120,2023,20 bis unter 25 Jahre,f,2720
05120,2023,55 bis unter 60 Jahre,m,5008
05120,2023,55 bis unter 60 Jahre,f,4654
05120,2023,70 bis unter 75 Jahre,m,2465
05120,2023,70 bis unter 75 Jahre,f,2964
05120,2023,50 bis unter 55 Jahre,m,3951
05120,2023,50 bis unter 55 Jahre,f,3864
05120,2023,45 bis unter 50 Jahre,f,3271
05120,2023,45 bis unter 50 Jahre,m,3267
05120,2023,25 bis unter 30 Jahre,m,3454
05120,2023,25 bis unter 30 Jahre,f,3072
05120,2023,85 bis unter 90 Jahre,f,1712
05120,2023,85 bis unter 90 Jahre,m,1067
05120,2023,90 bis unter 95 Jahre,f,706
05120,2023,90 bis unter 95 Jahre,m,272
05120,2023,65 bis unter 70 Jahre,m,3392
05120,2023,65 bis unter 70 Jahre,f,3520
05120,2023,30 bis unter 35 Jahre,m,3809
05120,2023,30 bis unter 35 Jahre,f,3479
05120,2023,10 bis unter 15 Jahre,f,2540
05120,2023,10 bis unter 15 Jahre,m,2744
05120,2023,5 bis unter 10 Jahre,m,2884
05120,2023,5 bis unter 10 Jahre,f,2743
05120,2023,95 Jahre und mehr,m,42
05120,2023,95 Jahre und mehr,f,205
09576,2023,15 bis unter 20 Jahre,m,2954
09576,2023,15 bis unter 20 Jahre,f,2859
09576,2023,60 bis unter 65 Jahre,f,5192
09576,2023,60 bis unter 65 Jahre,m,5230
09576,2023,40 bis unter 45 Jahre,f,3988
09576,2023,40 bis unter 45 Jahre,m,4200
09576,2023,unter 5 Jahre,m,3101
09576,2023,unter 5 Jahre,f,3030
09576,2023,20 bis unter 25 Jahre,f,2782
09576,2023,20 bis unter 25 Jahre,m,3303
09576,2023,75 bis unter 80 Jahre,m,2301
09576,2023,75 bis unter 80 Jahre,f,2618
09576,2023,55 bis unter 60 Jahre,f,5676
09576,2023,55 bis unter 60 Jahre,m,5668
09576,2023,80 bis unter 85 Jahre,f,2769
09576,2023,80 bis unter 85 Jahre,m,2037
09576,2023,35 bis unter 40 Jahre,m,4253
09576,2023,35 bis unter 40 Jahre,f,4189
09576,2023,50 bis unter 55 Jahre,m,4388
09576,2023,50 bis unter 55 Jahre,f,4604
09576,2023,25 bis unter 30 Jahre,f,3001
09576,2023,25 bis unter 30 Jahre,m,3410
09576,2023,70 bis unter 75 Jahre,f,3494
09576,2023,70 bis unter 75 Jahre,m,3158
09576,2023,5 bis unter 10 Jahre,m,3488
09576,2023,5 bis unter 10 Jahre,f,3183
09576,2023,95 Jahre und mehr,f,154
09576,2023,95 Jahre und mehr,m,53
09576,2023,10 bis unter 15 Jahre,m,2968
09576,2023,10 bis unter 15 Jahre,f,2865
09576,2023,90 bis unter 95 Jahre,f,648
09576,2023,90 bis unter 95 Jahre,m,252
09576,2023,85 bis unter 90 Jahre,f,1836
09576,2023,85 bis unter 90 Jahre,m,1169
09576,2023,45 bis unter 50 Jahre,m,3833
09576,2023,45 bis unter 50 Jahre,f,3735
09576,2023,65 bis unter 70 Jahre,f,4294
09576,2023,65 bis unter 70 Jahre,m,4125
09576,2023,30 bis unter 35 Jahre,m,3865
09576,2023,30 bis unter 35 Jahre,f,3765
09461,2023,35 bis unter 40 Jahre,m,2955
09461,2023,35 bis unter 40 Jahre,f,2525
09461,2023,80 bis unter 85 Jahre,f,1637
09461,2023,80 bis unter 85 Jahre,m,1023
09461,2023,unter 5 Jahre,m,1705
09461,2023,unter 5 Jahre,f,1692
09461,2023,55 bis unter 60 Jahre,m,2587
09461,2023,55 bis unter 60 Jahre,f,2728
09461,2023,20 bis unter 25 Jahre,m,2648
09461,2023,20 bis unter 25 Jahre,f,2552
09461,2023,15 bis unter 20 Jahre,m,1642
09461,2023,15 bis unter 20 Jahre,f,1570
09461,2023,75 bis unter 80 Jahre,f,1472
09461,2023,75 bis unter 80 Jahre,m,1066
09461,2023,60 bis unter 65 Jahre,f,2549
09461,2023,60 bis unter 65 Jahre,m,2463
09461,2023,40 bis unter 45 Jahre,m,2397
09461,2023,40 bis unter 45 Jahre,f,2282
09461,2023,25 bis unter 30 Jahre,f,3170
09461,2023,25 bis unter 30 Jahre,m,3575
09461,2023,50 bis unter 55 Jahre,m,2253
09461,2023,50 bis unter 55 Jahre,f,2297
09461,2023,45 bis unter 50 Jahre,f,1994
09461,2023,45 bis unter 50 Jahre,m,2073
09461,2023,70 bis unter 75 Jahre,f,1874
09461,2023,70 bis unter 75 Jahre,m,1430
09461,2023,90 bis unter 95 Jahre,f,438
09461,2023,90 bis unter 95 Jahre,m,177
09461,2023,65 bis unter 70 Jahre,m,1800
09461,2023,65 bis unter 70 Jahre,f,2225
09461,2023,85 bis unter 90 Jahre,m,562
09461,2023,85 bis unter 90 Jahre,f,1107
09461,2023,95 Jahre und mehr,f,139
09461,2023,95 Jahre und mehr,m,37
09461,2023,5 bis unter 10 Jahre,m,1603
09461,2023,5 bis unter 10 Jahre,f,1558
09461,2023,30 bis unter 35 Jahre,m,3373
09461,2023,30 bis unter 35 Jahre,f,2965
09461,2023,10 bis unter 15 Jahre,f,1452
09461,2023,10 bis unter 15 Jahre,m,1492
05158,2023,40 bis unter 45 Jahre,f,15571
05158,2023,40 bis unter 45 Jahre,m,15126
05158,2023,75 bis unter 80 Jahre,f,11827
05158,2023,75 bis unter 80 Jahre,m,8851
05158,2023,60 bis unter 65 Jahre,f,20039
05158,2023,60 bis unter 65 Jahre,m,19044
05158,2023,55 bis unter 60 Jahre,f,21506
05158,2023,55 bis unter 60 Jahre,m,21339
05158,2023,15 bis unter 20 Jahre,m,11880
05158,2023,15 bis unter 20 Jahre,f,11310
05158,2023,35 bis unter 40 Jahre,f,15321
05158,2023,35 bis unter 40 Jahre,m,15104
05158,2023,20 bis unter 25 Jahre,f,10308
05158,2023,20 bis unter 25 Jahre,m,11541
05158,2023,80 bis unter 85 Jahre,f,13091
05158,2023,80 bis unter 85 Jahre,m,9027
05158,2023,85 bis unter 90 Jahre,m,5449
05158,2023,85 bis unter 90 Jahre,f,8891
05158,2023,30 bis unter 35 Jahre,m,13930
05158,2023,30 bis unter 35 Jahre,f,13912
05158,2023,50 bis unter 55 Jahre,m,16698
05158,2023,50 bis unter 55 Jahre,f,17112
05158,2023,25 bis unter 30 Jahre,f,11489
05158,2023,25 bis unter 30 Jahre,m,12264
05158,2023,5 bis unter 10 Jahre,m,12302
05158,2023,5 bis unter 10 Jahre,f,11671
05158,2023,65 bis unter 70 Jahre,f,16344
05158,2023,65 bis unter 70 Jahre,m,14655
05158,2023,70 bis unter 75 Jahre,f,14284
05158,2023,70 bis unter 75 Jahre,m,11539
05158,2023,95 Jahre und mehr,f,877
05158,2023,95 Jahre und mehr,m,235
05158,2023,90 bis unter 95 Jahre,f,2926
05158,2023,90 bis unter 95 Jahre,m,1450
05158,2023,45 bis unter 50 Jahre,m,13930
05158,2023,45 bis unter 50 Jahre,f,14582
05158,2023,10 bis unter 15 Jahre,m,11559
05158,2023,10 bis unter 15 Jahre,f,11017
05158,2023,unter 5 Jahre,m,11176
05158,2023,unter 5 Jahre,f,10583
08135,2023,60 bis unter 65 Jahre,m,5054
08135,2023,60 bis unter 65 Jahre,f,5318
08135,2023,40 bis unter 45 Jahre,m,4414
08135,2023,40 bis unter 45 Jahre,f,4272
08135,2023,80 bis unter 85 Jahre,m,2132
08135,2023,80 bis unter 85 Jahre,f,3085
08135,2023,75 bis unter 80 Jahre,m,2252
08135,2023,75 bis unter 80 Jahre,f,2697
08135,2023,55 bis unter 60 Jahre,m,5333
08135,2023,55 bis unter 60 Jahre,f,5153
08135,2023,5 bis unter 10 Jahre,f,3347
08135,2023,5 bis unter 10 Jahre,m,3373
08135,2023,35 bis unter 40 Jahre,m,4523
08135,2023,35 bis unter 40 Jahre,f,4239
08135,2023,20 bis unter 25 Jahre,m,3917
08135,2023,20 bis unter 25 Jahre,f,3162
08135,2023,30 bis unter 35 Jahre,f,4041
08135,2023,30 bis unter 35 Jahre,m,4518
08135,2023,85 bis unter 90 Jahre,f,2143
08135,2023,85 bis unter 90 Jahre,m,1327
08135,2023,10 bis unter 15 Jahre,f,3116
08135,2023,10 bis unter 15 Jahre,m,3351
08135,2023,65 bis unter 70 Jahre,f,4213
08135,2023,65 bis unter 70 Jahre,m,4041
08135,2023,unter 5 Jahre,f,3102
08135,2023,unter 5 Jahre,m,3216
08135,2023,90 bis unter 95 Jahre,m,374
08135,2023,90 bis unter 95 Jahre,f,829
08135,2023,50 bis unter 55 Jahre,m,4529
08135,2023,50 bis unter 55 Jahre,f,4556
08135,2023,95 Jahre und mehr,m,92
08135,2023,95 Jahre und mehr,f,226
08135,2023,45 bis unter 50 Jahre,m,4052
08135,2023,45 bis unter 50 Jahre,f,3969
08135,2023,15 bis unter 20 Jahre,f,3223
08135,2023,15 bis unter 20 Jahre,m,3460
08135,2023,70 bis unter 75 Jahre,m,3283
08135,2023,70 bis unter 75 Jahre,f,3634
08135,2023,25 bis unter 30 Jahre,f,3528
08135,2023,25 bis unter 30 Jahre,m,4147
08116,2023,60 bis unter 65 Jahre,m,19360
08116,2023,60 bis unter 65 Jahre,f,19322
08116,2023,80 bis unter 85 Jahre,m,8951
08116,2023,80 bis unter 85 Jahre,f,11595
08116,2023,20 bis unter 25 Jahre,m,15303
08116,2023,20 bis unter 25 Jahre,f,12839
08116,2023,75 bis unter 80 Jahre,m,8924
08116,2023,75 bis unter 80 Jahre,f,10994
08116,2023,45 bis unter 50 Jahre,f,16625
08116,2023,45 bis unter 50 Jahre,m,16474
08116,2023,5 bis unter 10 Jahre,f,12776
08116,2023,5 bis unter 10 Jahre,m,13286
08116,2023,35 bis unter 40 Jahre,m,18257
08116,2023,35 bis unter 40 Jahre,f,17392
08116,2023,30 bis unter 35 Jahre,f,16976
08116,2023,30 bis unter 35 Jahre,m,18716
08116,2023,65 bis unter 70 Jahre,f,15396
08116,2023,65 bis unter 70 Jahre,m,14512
08116,2023,55 bis unter 60 Jahre,f,21561
08116,2023,55 bis unter 60 Jahre,m,21877
08116,2023,unter 5 Jahre,f,12722
08116,2023,unter 5 Jahre,m,13223
08116,2023,85 bis unter 90 Jahre,f,7859
08116,2023,85 bis unter 90 Jahre,m,5203
08116,2023,90 bis unter 95 Jahre,f,2794
08116,2023,90 bis unter 95 Jahre,m,1465
08116,2023,10 bis unter 15 Jahre,f,12233
08116,2023,10 bis unter 15 Jahre,m,12749
08116,2023,70 bis unter 75 Jahre,m,11277
08116,2023,70 bis unter 75 Jahre,f,13442
08116,2023,95 Jahre und mehr,m,274
08116,2023,95 Jahre und mehr,f,774
08116,2023,50 bis unter 55 Jahre,m,18597
08116,2023,50 bis unter 55 Jahre,f,18594
08116,2023,15 bis unter 20 Jahre,f,12488
08116,2023,15 bis unter 20 Jahre,m,13692
08116,2023,40 bis unter 45 Jahre,f,17302
08116,2023,40 bis unter 45 Jahre,m,17323
08116,2023,25 bis unter 30 Jahre,m,17743
08116,2023,25 bis unter 30 Jahre,f,15137
08115,2023,30 bis unter 35 Jahre,m,13355
08115,2023,30 bis unter 35 Jahre,f,13044
08115,2023,85 bis unter 90 Jahre,m,3699
08115,2023,85 bis unter 90 Jahre,f,5397
08115,2023,90 bis unter 95 Jahre,f,1915
08115,2023,90 bis unter 95 Jahre,m,1019
08115,2023,50 bis unter 55 Jahre,m,13737
08115,2023,50 bis unter 55 Jahre,f,13145
08115,2023,45 bis unter 50 Jahre,m,12206
08115,2023,45 bis unter 50 Jahre,f,12301
08115,2023,65 bis unter 70 Jahre,m,10652
08115,2023,65 bis unter 70 Jahre,f,11280
08115,2023,70 bis unter 75 Jahre,m,8094
08115,2023,70 bis unter 75 Jahre,f,9602
08115,2023,25 bis unter 30 Jahre,m,11757
08115,2023,25 bis unter 30 Jahre,f,11068
08115,2023,10 bis unter 15 Jahre,m,9849
08115,2023,10 bis unter 15 Jahre,f,9571
08115,2023,15 bis unter 20 Jahre,f,9254
08115,2023,15 bis unter 20 Jahre,m,10115
08115,2023,40 bis unter 45 Jahre,f,13302
08115,2023,40 bis unter 45 Jahre,m,13473
08115,2023,35 bis unter 40 Jahre,f,13528
08115,2023,35 bis unter 40 Jahre,m,14031
08115,2023,5 bis unter 10 Jahre,m,10623
08115,2023,5 bis unter 10 Jahre,f,10174
08115,2023,60 bis unter 65 Jahre,f,13849
08115,2023,60 bis unter 65 Jahre,m,13985
08115,2023,75 bis unter 80 Jahre,m,6293
08115,2023,75 bis unter 80 Jahre,f,7557
08115,2023,20 bis unter 25 Jahre,m,10218
08115,2023,20 bis unter 25 Jahre,f,9007
08115,2023,unter 5 Jahre,m,10482
08115,2023,unter 5 Jahre,f,9988
08115,2023,80 bis unter 85 Jahre,f,8530
08115,2023,80 bis unter 85 Jahre,m,6557
08115,2023,55 bis unter 60 Jahre,f,15194
08115,2023,55 bis unter 60 Jahre,m,15726
08115,2023,95 Jahre und mehr,f,499
08115,2023,95 Jahre und mehr,m,185
03458,2023,80 bis unter 85 Jahre,m,2183
03458,2023,80 bis unter 85 Jahre,f,2862
03458,2023,60 bis unter 65 Jahre,m,5234
03458,2023,60 bis unter 65 Jahre,f,5505
03458,2023,5 bis unter 10 Jahre,f,3126
03458,2023,5 bis unter 10 Jahre,m,3293
03458,2023,40 bis unter 45 Jahre,m,3933
03458,2023,40 bis unter 45 Jahre,f,3955
03458,2023,45 bis unter 50 Jahre,f,3863
03458,2023,45 bis unter 50 Jahre,m,3781
03458,2023,75 bis unter 80 Jahre,m,2309
03458,2023,75 bis unter 80 Jahre,f,2752
03458,2023,unter 5 Jahre,m,3216
03458,2023,unter 5 Jahre,f,2955
03458,2023,95 Jahre und mehr,m,41
03458,2023,95 Jahre und mehr,f,195
03458,2023,85 bis unter 90 Jahre,f,1916
03458,2023,85 bis unter 90 Jahre,m,1254
03458,2023,35 bis unter 40 Jahre,m,4129
03458,2023,35 bis unter 40 Jahre,f,4094
03458,2023,55 bis unter 60 Jahre,f,6033
03458,2023,55 bis unter 60 Jahre,m,6163
03458,2023,10 bis unter 15 Jahre,f,2992
03458,2023,10 bis unter 15 Jahre,m,3183
03458,2023,90 bis unter 95 Jahre,f,652
03458,2023,90 bis unter 95 Jahre,m,290
03458,2023,65 bis unter 70 Jahre,f,4224
03458,2023,65 bis unter 70 Jahre,m,4081
03458,2023,70 bis unter 75 Jahre,m,3434
03458,2023,70 bis unter 75 Jahre,f,3649
03458,2023,20 bis unter 25 Jahre,f,2976
03458,2023,20 bis unter 25 Jahre,m,3428
03458,2023,50 bis unter 55 Jahre,m,4690
03458,2023,50 bis unter 55 Jahre,f,5058
03458,2023,25 bis unter 30 Jahre,m,3235
03458,2023,25 bis unter 30 Jahre,f,3155
03458,2023,30 bis unter 35 Jahre,f,3711
03458,2023,30 bis unter 35 Jahre,m,3865
03458,2023,15 bis unter 20 Jahre,m,3397
03458,2023,15 bis unter 20 Jahre,f,3153
07336,2023,90 bis unter 95 Jahre,f,430
07336,2023,90 bis unter 95 Jahre,m,183
07336,2023,45 bis unter 50 Jahre,m,1895
07336,2023,45 bis unter 50 Jahre,f,1872
07336,2023,95 Jahre und mehr,f,107
07336,2023,95 Jahre und mehr,m,48
07336,2023,10 bis unter 15 Jahre,m,1511
07336,2023,10 bis unter 15 Jahre,f,1471
07336,2023,65 bis unter 70 Jahre,m,2699
07336,2023,65 bis unter 70 Jahre,f,2772
07336,2023,5 bis unter 10 Jahre,m,1655
07336,2023,5 bis unter 10 Jahre,f,1509
07336,2023,30 bis unter 35 Jahre,m,2044
07336,2023,30 bis unter 35 Jahre,f,2042
07336,2023,25 bis unter 30 Jahre,m,1857
07336,2023,25 bis unter 30 Jahre,f,1532
07336,2023,85 bis unter 90 Jahre,f,1117
07336,2023,85 bis unter 90 Jahre,m,652
07336,2023,70 bis unter 75 Jahre,f,2388
07336,2023,70 bis unter 75 Jahre,m,2350
07336,2023,unter 5 Jahre,f,1522
07336,2023,unter 5 Jahre,m,1619
07336,2023,20 bis unter 25 Jahre,f,1328
07336,2023,20 bis unter 25 Jahre,m,1779
07336,2023,80 bis unter 85 Jahre,m,1059
07336,2023,80 bis unter 85 Jahre,f,1531
07336,2023,75 bis unter 80 Jahre,f,1356
07336,2023,75 bis unter 80 Jahre,m,1240
07336,2023,55 bis unter 60 Jahre,m,3005
07336,2023,55 bis unter 60 Jahre,f,2912
07336,2023,60 bis unter 65 Jahre,m,3191
07336,2023,60 bis unter 65 Jahre,f,3206
07336,2023,40 bis unter 45 Jahre,f,1983
07336,2023,40 bis unter 45 Jahre,m,2060
07336,2023,35 bis unter 40 Jahre,m,2120
07336,2023,35 bis unter 40 Jahre,f,1973
07336,2023,15 bis unter 20 Jahre,f,1482
07336,2023,15 bis unter 20 Jahre,m,1650
07336,2023,50 bis unter 55 Jahre,m,2287
07336,2023,50 bis unter 55 Jahre,f,2409
09182,2023,80 bis unter 85 Jahre,m,1801
09182,2023,80 bis unter 85 Jahre,f,2516
09182,2023,5 bis unter 10 Jahre,f,2217
09182,2023,5 bis unter 10 Jahre,m,2398
09182,2023,25 bis unter 30 Jahre,f,2274
09182,2023,25 bis unter 30 Jahre,m,2599
09182,2023,60 bis unter 65 Jahre,m,3737
09182,2023,60 bis unter 65 Jahre,f,3791
09182,2023,75 bis unter 80 Jahre,m,1923
09182,2023,75 bis unter 80 Jahre,f,2429
09182,2023,10 bis unter 15 Jahre,f,2133
09182,2023,10 bis unter 15 Jahre,m,2282
09182,2023,40 bis unter 45 Jahre,m,2952
09182,2023,40 bis unter 45 Jahre,f,3106
09182,2023,unter 5 Jahre,m,2319
09182,2023,unter 5 Jahre,f,2128
09182,2023,70 bis unter 75 Jahre,f,2582
09182,2023,70 bis unter 75 Jahre,m,2103
09182,2023,35 bis unter 40 Jahre,m,2987
09182,2023,35 bis unter 40 Jahre,f,3045
09182,2023,65 bis unter 70 Jahre,f,2832
09182,2023,65 bis unter 70 Jahre,m,2733
09182,2023,45 bis unter 50 Jahre,f,3091
09182,2023,45 bis unter 50 Jahre,m,2858
09182,2023,55 bis unter 60 Jahre,m,4309
09182,2023,55 bis unter 60 Jahre,f,4424
09182,2023,95 Jahre und mehr,m,50
09182,2023,95 Jahre und mehr,f,152
09182,2023,90 bis unter 95 Jahre,f,552
09182,2023,90 bis unter 95 Jahre,m,246
09182,2023,20 bis unter 25 Jahre,f,2003
09182,2023,20 bis unter 25 Jahre,m,2470
09182,2023,50 bis unter 55 Jahre,m,3424
09182,2023,50 bis unter 55 Jahre,f,3574
09182,2023,85 bis unter 90 Jahre,f,1500
09182,2023,85 bis unter 90 Jahre,m,1011
09182,2023,15 bis unter 20 Jahre,m,2432
09182,2023,15 bis unter 20 Jahre,f,2104
09182,2023,30 bis unter 35 Jahre,f,2717
09182,2023,30 bis unter 35 Jahre,m,2926
03402,2023,35 bis unter 40 Jahre,f,1529
03402,2023,35 bis unter 40 Jahre,m,1591
03402,2023,unter 5 Jahre,f,1059
03402,2023,unter 5 Jahre,m,1100
03402,2023,15 bis unter 20 Jahre,f,1182
03402,2023,15 bis unter 20 Jahre,m,1275
03402,2023,20 bis unter 25 Jahre,f,1460
03402,2023,20 bis unter 25 Jahre,m,1587
03402,2023,40 bis unter 45 Jahre,f,1513
03402,2023,40 bis unter 45 Jahre,m,1507
03402,2023,80 bis unter 85 Jahre,f,999
03402,2023,80 bis unter 85 Jahre,m,712
03402,2023,70 bis unter 75 Jahre,m,1249
03402,2023,70 bis unter 75 Jahre,f,1438
03402,2023,55 bis unter 60 Jahre,f,1927
03402,2023,55 bis unter 60 Jahre,m,1997
03402,2023,85 bis unter 90 Jahre,m,395
03402,2023,85 bis unter 90 Jahre,f,704
03402,2023,30 bis unter 35 Jahre,m,1704
03402,2023,30 bis unter 35 Jahre,f,1541
03402,2023,60 bis unter 65 Jahre,m,1681
03402,2023,60 bis unter 65 Jahre,f,1768
03402,2023,25 bis unter 30 Jahre,m,1754
03402,2023,25 bis unter 30 Jahre,f,1481
03402,2023,5 bis unter 10 Jahre,m,1307
03402,2023,5 bis unter 10 Jahre,f,1167
03402,2023,50 bis unter 55 Jahre,f,1769
03402,2023,50 bis unter 55 Jahre,m,1781
03402,2023,10 bis unter 15 Jahre,f,1163
03402,2023,10 bis unter 15 Jahre,m,1188
03402,2023,65 bis unter 70 Jahre,f,1514
03402,2023,65 bis unter 70 Jahre,m,1446
03402,2023,95 Jahre und mehr,f,63
03402,2023,95 Jahre und mehr,m,21
03402,2023,45 bis unter 50 Jahre,f,1386
03402,2023,45 bis unter 50 Jahre,m,1388
03402,2023,90 bis unter 95 Jahre,f,287
03402,2023,90 bis unter 95 Jahre,m,104
03402,2023,75 bis unter 80 Jahre,m,872
03402,2023,75 bis unter 80 Jahre,f,1092
09761,2023,60 bis unter 65 Jahre,f,9634
09761,2023,60 bis unter 65 Jahre,m,9079
09761,2023,15 bis unter 20 Jahre,m,7085
09761,2023,15 bis unter 20 Jahre,f,6516
09761,2023,40 bis unter 45 Jahre,f,9754
09761,2023,40 bis unter 45 Jahre,m,10471
09761,2023,unter 5 Jahre,m,7001
09761,2023,unter 5 Jahre,f,6774
09761,2023,35 bis unter 40 Jahre,m,11578
09761,2023,35 bis unter 40 Jahre,f,10155
09761,2023,75 bis unter 80 Jahre,f,6033
09761,2023,75 bis unter 80 Jahre,m,4425
09761,2023,95 Jahre und mehr,m,148
09761,2023,95 Jahre und mehr,f,468
09761,2023,55 bis unter 60 Jahre,f,10147
09761,2023,55 bis unter 60 Jahre,m,10397
09761,2023,80 bis unter 85 Jahre,f,6020
09761,2023,80 bis unter 85 Jahre,m,4180
09761,2023,20 bis unter 25 Jahre,m,9843
09761,2023,20 bis unter 25 Jahre,f,10147
09761,2023,70 bis unter 75 Jahre,m,5509
09761,2023,70 bis unter 75 Jahre,f,7239
09761,2023,45 bis unter 50 Jahre,f,8977
09761,2023,45 bis unter 50 Jahre,m,9325
09761,2023,50 bis unter 55 Jahre,m,9499
09761,2023,50 bis unter 55 Jahre,f,9376
09761,2023,25 bis unter 30 Jahre,m,12723
09761,2023,25 bis unter 30 Jahre,f,12002
09761,2023,5 bis unter 10 Jahre,m,6870
09761,2023,5 bis unter 10 Jahre,f,6679
09761,2023,85 bis unter 90 Jahre,f,4176
09761,2023,85 bis unter 90 Jahre,m,2304
09761,2023,30 bis unter 35 Jahre,f,11442
09761,2023,30 bis unter 35 Jahre,m,12766
09761,2023,10 bis unter 15 Jahre,f,5976
09761,2023,10 bis unter 15 Jahre,m,6455
09761,2023,90 bis unter 95 Jahre,f,1637
09761,2023,90 bis unter 95 Jahre,m,671
09761,2023,65 bis unter 70 Jahre,f,8328
09761,2023,65 bis unter 70 Jahre,m,7163
09188,2023,50 bis unter 55 Jahre,m,5001
09188,2023,50 bis unter 55 Jahre,f,5255
09188,2023,85 bis unter 90 Jahre,m,1522
09188,2023,85 bis unter 90 Jahre,f,2116
09188,2023,30 bis unter 35 Jahre,m,3476
09188,2023,30 bis unter 35 Jahre,f,3331
09188,2023,10 bis unter 15 Jahre,m,3681
09188,2023,10 bis unter 15 Jahre,f,3605
09188,2023,15 bis unter 20 Jahre,f,3602
09188,2023,15 bis unter 20 Jahre,m,3837
09188,2023,45 bis unter 50 Jahre,m,4209
09188,2023,45 bis unter 50 Jahre,f,4752
09188,2023,90 bis unter 95 Jahre,f,757
09188,2023,90 bis unter 95 Jahre,m,450
09188,2023,70 bis unter 75 Jahre,m,2973
09188,2023,70 bis unter 75 Jahre,f,3680
09188,2023,20 bis unter 25 Jahre,f,3060
09188,2023,20 bis unter 25 Jahre,m,3417
09188,2023,75 bis unter 80 Jahre,f,3567
09188,2023,75 bis unter 80 Jahre,m,2725
09188,2023,unter 5 Jahre,f,2922
09188,2023,unter 5 Jahre,m,3065
09188,2023,65 bis unter 70 Jahre,f,4188
09188,2023,65 bis unter 70 Jahre,m,3616
09188,2023,40 bis unter 45 Jahre,m,4112
09188,2023,40 bis unter 45 Jahre,f,4636
09188,2023,95 Jahre und mehr,m,100
09188,2023,95 Jahre und mehr,f,291
09188,2023,80 bis unter 85 Jahre,m,3025
09188,2023,80 bis unter 85 Jahre,f,3875
09188,2023,60 bis unter 65 Jahre,m,5009
09188,2023,60 bis unter 65 Jahre,f,5322
09188,2023,55 bis unter 60 Jahre,m,6278
09188,2023,55 bis unter 60 Jahre,f,6459
09188,2023,5 bis unter 10 Jahre,f,3430
09188,2023,5 bis unter 10 Jahre,m,3526
09188,2023,35 bis unter 40 Jahre,m,3740
09188,2023,35 bis unter 40 Jahre,f,4016
09188,2023,25 bis unter 30 Jahre,f,2981
09188,2023,25 bis unter 30 Jahre,m,3319
06533,2023,30 bis unter 35 Jahre,m,5403
06533,2023,30 bis unter 35 Jahre,f,5111
06533,2023,85 bis unter 90 Jahre,m,1503
06533,2023,85 bis unter 90 Jahre,f,2518
06533,2023,65 bis unter 70 Jahre,m,5676
06533,2023,65 bis unter 70 Jahre,f,5939
06533,2023,10 bis unter 15 Jahre,m,3996
06533,2023,10 bis unter 15 Jahre,f,4013
06533,2023,90 bis unter 95 Jahre,f,855
06533,2023,90 bis unter 95 Jahre,m,403
06533,2023,45 bis unter 50 Jahre,m,5111
06533,2023,45 bis unter 50 Jahre,f,5041
06533,2023,25 bis unter 30 Jahre,m,5078
06533,2023,25 bis unter 30 Jahre,f,4382
06533,2023,50 bis unter 55 Jahre,m,5964
06533,2023,50 bis unter 55 Jahre,f,6019
06533,2023,5 bis unter 10 Jahre,m,4187
06533,2023,5 bis unter 10 Jahre,f,4141
06533,2023,unter 5 Jahre,f,3902
06533,2023,unter 5 Jahre,m,3920
06533,2023,55 bis unter 60 Jahre,f,7602
06533,2023,55 bis unter 60 Jahre,m,7418
06533,2023,35 bis unter 40 Jahre,f,5411
06533,2023,35 bis unter 40 Jahre,m,5666
06533,2023,70 bis unter 75 Jahre,f,5008
06533,2023,70 bis unter 75 Jahre,m,4620
06533,2023,60 bis unter 65 Jahre,m,7059
06533,2023,60 bis unter 65 Jahre,f,7127
06533,2023,80 bis unter 85 Jahre,f,3545
06533,2023,80 bis unter 85 Jahre,m,2642
06533,2023,75 bis unter 80 Jahre,m,2950
06533,2023,75 bis unter 80 Jahre,f,3567
06533,2023,20 bis unter 25 Jahre,m,4796
06533,2023,20 bis unter 25 Jahre,f,3958
06533,2023,15 bis unter 20 Jahre,m,4608
06533,2023,15 bis unter 20 Jahre,f,4208
06533,2023,95 Jahre und mehr,f,256
06533,2023,95 Jahre und mehr,m,82
06533,2023,40 bis unter 45 Jahre,m,5288
06533,2023,40 bis unter 45 Jahre,f,5308
06413,2023,90 bis unter 95 Jahre,m,232
06413,2023,90 bis unter 95 Jahre,f,513
06413,2023,70 bis unter 75 Jahre,m,2144
06413,2023,70 bis unter 75 Jahre,f,2617
06413,2023,50 bis unter 55 Jahre,m,4628
06413,2023,50 bis unter 55 Jahre,f,4121
06413,2023,15 bis unter 20 Jahre,f,3233
06413,2023,15 bis unter 20 Jahre,m,3247
06413,2023,65 bis unter 70 Jahre,m,2973
06413,2023,65 bis unter 70 Jahre,f,3072
06413,2023,35 bis unter 40 Jahre,f,4998
06413,2023,35 bis unter 40 Jahre,m,5575
06413,2023,75 bis unter 80 Jahre,f,2115
06413,2023,75 bis unter 80 Jahre,m,1693
06413,2023,60 bis unter 65 Jahre,f,3858
06413,2023,60 bis unter 65 Jahre,m,4126
06413,2023,45 bis unter 50 Jahre,m,4562
06413,2023,45 bis unter 50 Jahre,f,4380
06413,2023,25 bis unter 30 Jahre,m,5112
06413,2023,25 bis unter 30 Jahre,f,5060
06413,2023,unter 5 Jahre,f,3444
06413,2023,unter 5 Jahre,m,3602
06413,2023,80 bis unter 85 Jahre,f,1945
06413,2023,80 bis unter 85 Jahre,m,1417
06413,2023,55 bis unter 60 Jahre,f,4390
06413,2023,55 bis unter 60 Jahre,m,4866
06413,2023,95 Jahre und mehr,f,159
06413,2023,95 Jahre und mehr,m,75
06413,2023,40 bis unter 45 Jahre,m,5012
06413,2023,40 bis unter 45 Jahre,f,4755
06413,2023,10 bis unter 15 Jahre,f,3087
06413,2023,10 bis unter 15 Jahre,m,3227
06413,2023,5 bis unter 10 Jahre,m,3251
06413,2023,5 bis unter 10 Jahre,f,3280
06413,2023,85 bis unter 90 Jahre,f,1384
06413,2023,85 bis unter 90 Jahre,m,763
06413,2023,30 bis unter 35 Jahre,f,5426
06413,2023,30 bis unter 35 Jahre,m,5602
06413,2023,20 bis unter 25 Jahre,f,3844
06413,2023,20 bis unter 25 Jahre,m,4057
08125,2023,10 bis unter 15 Jahre,f,8122
08125,2023,10 bis unter 15 Jahre,m,8852
08125,2023,45 bis unter 50 Jahre,f,10723
08125,2023,45 bis unter 50 Jahre,m,10918
08125,2023,30 bis unter 35 Jahre,f,11098
08125,2023,30 bis unter 35 Jahre,m,11899
08125,2023,50 bis unter 55 Jahre,f,12122
08125,2023,50 bis unter 55 Jahre,m,12079
08125,2023,5 bis unter 10 Jahre,m,9774
08125,2023,5 bis unter 10 Jahre,f,8821
08125,2023,85 bis unter 90 Jahre,f,4512
08125,2023,85 bis unter 90 Jahre,m,2916
08125,2023,65 bis unter 70 Jahre,f,10941
08125,2023,65 bis unter 70 Jahre,m,10164
08125,2023,25 bis unter 30 Jahre,m,10782
08125,2023,25 bis unter 30 Jahre,f,9428
08125,2023,40 bis unter 45 Jahre,m,11865
08125,2023,40 bis unter 45 Jahre,f,11415
08125,2023,75 bis unter 80 Jahre,m,5474
08125,2023,75 bis unter 80 Jahre,f,6484
08125,2023,95 Jahre und mehr,f,408
08125,2023,95 Jahre und mehr,m,121
08125,2023,20 bis unter 25 Jahre,m,9673
08125,2023,20 bis unter 25 Jahre,f,8359
08125,2023,55 bis unter 60 Jahre,f,14432
08125,2023,55 bis unter 60 Jahre,m,14470
08125,2023,35 bis unter 40 Jahre,f,11704
08125,2023,35 bis unter 40 Jahre,m,12477
08125,2023,15 bis unter 20 Jahre,f,8154
08125,2023,15 bis unter 20 Jahre,m,9093
08125,2023,unter 5 Jahre,f,8998
08125,2023,unter 5 Jahre,m,9595
08125,2023,60 bis unter 65 Jahre,f,13396
08125,2023,60 bis unter 65 Jahre,m,13166
08125,2023,90 bis unter 95 Jahre,m,788
08125,2023,90 bis unter 95 Jahre,f,1657
08125,2023,70 bis unter 75 Jahre,m,7991
08125,2023,70 bis unter 75 Jahre,f,9120
08125,2023,80 bis unter 85 Jahre,m,4946
08125,2023,80 bis unter 85 Jahre,f,6672
09271,2023,60 bis unter 65 Jahre,m,4859
09271,2023,60 bis unter 65 Jahre,f,4930
09271,2023,40 bis unter 45 Jahre,m,3930
09271,2023,40 bis unter 45 Jahre,f,3765
09271,2023,75 bis unter 80 Jahre,m,2034
09271,2023,75 bis unter 80 Jahre,f,2499
09271,2023,80 bis unter 85 Jahre,m,1662
09271,2023,80 bis unter 85 Jahre,f,2351
09271,2023,unter 5 Jahre,m,2834
09271,2023,unter 5 Jahre,f,2619
09271,2023,55 bis unter 60 Jahre,m,4926
09271,2023,55 bis unter 60 Jahre,f,4759
09271,2023,25 bis unter 30 Jahre,f,3425
09271,2023,25 bis unter 30 Jahre,m,4247
09271,2023,15 bis unter 20 Jahre,m,2910
09271,2023,15 bis unter 20 Jahre,f,2732
09271,2023,65 bis unter 70 Jahre,f,4102
09271,2023,65 bis unter 70 Jahre,m,3772
09271,2023,10 bis unter 15 Jahre,f,2558
09271,2023,10 bis unter 15 Jahre,m,2803
09271,2023,45 bis unter 50 Jahre,f,3592
09271,2023,45 bis unter 50 Jahre,m,3605
09271,2023,70 bis unter 75 Jahre,f,3481
09271,2023,70 bis unter 75 Jahre,m,3097
09271,2023,35 bis unter 40 Jahre,m,3985
09271,2023,35 bis unter 40 Jahre,f,3643
09271,2023,90 bis unter 95 Jahre,f,606
09271,2023,90 bis unter 95 Jahre,m,197
09271,2023,50 bis unter 55 Jahre,m,4215
09271,2023,50 bis unter 55 Jahre,f,4118
09271,2023,30 bis unter 35 Jahre,m,4052
09271,2023,30 bis unter 35 Jahre,f,3661
09271,2023,95 Jahre und mehr,m,33
09271,2023,95 Jahre und mehr,f,131
09271,2023,85 bis unter 90 Jahre,f,1562
09271,2023,85 bis unter 90 Jahre,m,880
09271,2023,20 bis unter 25 Jahre,f,3252
09271,2023,20 bis unter 25 Jahre,m,3926
09271,2023,5 bis unter 10 Jahre,m,2739
09271,2023,5 bis unter 10 Jahre,f,2645
09672,2023,80 bis unter 85 Jahre,f,2539
09672,2023,80 bis unter 85 Jahre,m,1937
09672,2023,35 bis unter 40 Jahre,m,3123
09672,2023,35 bis unter 40 Jahre,f,2994
09672,2023,95 Jahre und mehr,f,202
09672,2023,95 Jahre und mehr,m,63
09672,2023,20 bis unter 25 Jahre,m,2429
09672,2023,20 bis unter 25 Jahre,f,2198
09672,2023,40 bis unter 45 Jahre,f,2957
09672,2023,40 bis unter 45 Jahre,m,2997
09672,2023,15 bis unter 20 Jahre,m,2312
09672,2023,15 bis unter 20 Jahre,f,2230
09672,2023,60 bis unter 65 Jahre,f,4520
09672,2023,60 bis unter 65 Jahre,m,4405
09672,2023,unter 5 Jahre,m,2408
09672,2023,unter 5 Jahre,f,2290
09672,2023,75 bis unter 80 Jahre,f,2266
09672,2023,75 bis unter 80 Jahre,m,2067
09672,2023,55 bis unter 60 Jahre,m,4424
09672,2023,55 bis unter 60 Jahre,f,4381
09672,2023,70 bis unter 75 Jahre,m,3159
09672,2023,70 bis unter 75 Jahre,f,3386
09672,2023,50 bis unter 55 Jahre,m,3467
09672,2023,50 bis unter 55 Jahre,f,3463
09672,2023,45 bis unter 50 Jahre,f,2956
09672,2023,45 bis unter 50 Jahre,m,2757
09672,2023,25 bis unter 30 Jahre,m,2604
09672,2023,25 bis unter 30 Jahre,f,2488
09672,2023,90 bis unter 95 Jahre,f,627
09672,2023,90 bis unter 95 Jahre,m,269
09672,2023,65 bis unter 70 Jahre,m,3718
09672,2023,65 bis unter 70 Jahre,f,3863
09672,2023,10 bis unter 15 Jahre,f,2241
09672,2023,10 bis unter 15 Jahre,m,2233
09672,2023,30 bis unter 35 Jahre,m,2985
09672,2023,30 bis unter 35 Jahre,f,2835
09672,2023,5 bis unter 10 Jahre,m,2360
09672,2023,5 bis unter 10 Jahre,f,2288
09672,2023,85 bis unter 90 Jahre,m,1189
09672,2023,85 bis unter 90 Jahre,f,1817
08325,2023,35 bis unter 40 Jahre,m,4516
08325,2023,35 bis unter 40 Jahre,f,4318
08325,2023,80 bis unter 85 Jahre,f,3033
08325,2023,80 bis unter 85 Jahre,m,2267
08325,2023,20 bis unter 25 Jahre,m,3774
08325,2023,20 bis unter 25 Jahre,f,3103
08325,2023,40 bis unter 45 Jahre,f,4189
08325,2023,40 bis unter 45 Jahre,m,4217
08325,2023,15 bis unter 20 Jahre,m,3666
08325,2023,15 bis unter 20 Jahre,f,3472
08325,2023,60 bis unter 65 Jahre,f,5634
08325,2023,60 bis unter 65 Jahre,m,5515
08325,2023,unter 5 Jahre,m,3852
08325,2023,unter 5 Jahre,f,3501
08325,2023,55 bis unter 60 Jahre,f,5739
08325,2023,55 bis unter 60 Jahre,m,5887
08325,2023,75 bis unter 80 Jahre,m,2187
08325,2023,75 bis unter 80 Jahre,f,2635
08325,2023,70 bis unter 75 Jahre,m,3455
08325,2023,70 bis unter 75 Jahre,f,3708
08325,2023,90 bis unter 95 Jahre,m,332
08325,2023,90 bis unter 95 Jahre,f,715
08325,2023,65 bis unter 70 Jahre,f,4488
08325,2023,65 bis unter 70 Jahre,m,4327
08325,2023,10 bis unter 15 Jahre,f,3242
08325,2023,10 bis unter 15 Jahre,m,3515
08325,2023,25 bis unter 30 Jahre,m,4158
08325,2023,25 bis unter 30 Jahre,f,3604
08325,2023,45 bis unter 50 Jahre,m,4085
08325,2023,45 bis unter 50 Jahre,f,3953
08325,2023,50 bis unter 55 Jahre,m,4819
08325,2023,50 bis unter 55 Jahre,f,4732
08325,2023,85 bis unter 90 Jahre,m,1314
08325,2023,85 bis unter 90 Jahre,f,2110
08325,2023,30 bis unter 35 Jahre,f,4169
08325,2023,30 bis unter 35 Jahre,m,4577
08325,2023,95 Jahre und mehr,m,58
08325,2023,95 Jahre und mehr,f,174
08325,2023,5 bis unter 10 Jahre,f,3640
08325,2023,5 bis unter 10 Jahre,m,3664
07232,2023,75 bis unter 80 Jahre,f,1617
07232,2023,75 bis unter 80 Jahre,m,1615
07232,2023,40 bis unter 45 Jahre,f,3155
07232,2023,40 bis unter 45 Jahre,m,3259
07232,2023,95 Jahre und mehr,m,54
07232,2023,95 Jahre und mehr,f,140
07232,2023,55 bis unter 60 Jahre,f,4352
07232,2023,55 bis unter 60 Jahre,m,4234
07232,2023,unter 5 Jahre,f,2267
07232,2023,unter 5 Jahre,m,2454
07232,2023,20 bis unter 25 Jahre,f,2107
07232,2023,20 bis unter 25 Jahre,m,2631
07232,2023,15 bis unter 20 Jahre,f,2266
07232,2023,15 bis unter 20 Jahre,m,2767
07232,2023,80 bis unter 85 Jahre,f,1764
07232,2023,80 bis unter 85 Jahre,m,1351
07232,2023,35 bis unter 40 Jahre,m,3306
07232,2023,35 bis unter 40 Jahre,f,3186
07232,2023,60 bis unter 65 Jahre,m,4044
07232,2023,60 bis unter 65 Jahre,f,4249
07232,2023,30 bis unter 35 Jahre,m,3463
07232,2023,30 bis unter 35 Jahre,f,3065
07232,2023,50 bis unter 55 Jahre,m,3311
07232,2023,50 bis unter 55 Jahre,f,3619
07232,2023,25 bis unter 30 Jahre,f,2625
07232,2023,25 bis unter 30 Jahre,m,3059
07232,2023,65 bis unter 70 Jahre,f,3358
07232,2023,65 bis unter 70 Jahre,m,3386
07232,2023,5 bis unter 10 Jahre,m,2722
07232,2023,5 bis unter 10 Jahre,f,2431
07232,2023,45 bis unter 50 Jahre,f,2855
07232,2023,45 bis unter 50 Jahre,m,2821
07232,2023,70 bis unter 75 Jahre,f,2664
07232,2023,70 bis unter 75 Jahre,m,2787
07232,2023,85 bis unter 90 Jahre,f,1349
07232,2023,85 bis unter 90 Jahre,m,825
07232,2023,90 bis unter 95 Jahre,f,489
07232,2023,90 bis unter 95 Jahre,m,231
07232,2023,10 bis unter 15 Jahre,m,2625
07232,2023,10 bis unter 15 Jahre,f,2237
01060,2023,85 bis unter 90 Jahre,f,4249
01060,2023,85 bis unter 90 Jahre,m,2719
01060,2023,50 bis unter 55 Jahre,f,10168
01060,2023,50 bis unter 55 Jahre,m,9944
01060,2023,5 bis unter 10 Jahre,m,7044
01060,2023,5 bis unter 10 Jahre,f,6822
01060,2023,65 bis unter 70 Jahre,f,8743
01060,2023,65 bis unter 70 Jahre,m,7815
01060,2023,70 bis unter 75 Jahre,f,7618
01060,2023,70 bis unter 75 Jahre,m,6359
01060,2023,25 bis unter 30 Jahre,m,7376
01060,2023,25 bis unter 30 Jahre,f,6508
01060,2023,90 bis unter 95 Jahre,f,1346
01060,2023,90 bis unter 95 Jahre,m,617
01060,2023,45 bis unter 50 Jahre,m,8619
01060,2023,45 bis unter 50 Jahre,f,8867
01060,2023,10 bis unter 15 Jahre,m,7009
01060,2023,10 bis unter 15 Jahre,f,6552
01060,2023,30 bis unter 35 Jahre,f,8223
01060,2023,30 bis unter 35 Jahre,m,8456
01060,2023,15 bis unter 20 Jahre,f,6427
01060,2023,15 bis unter 20 Jahre,m,7250
01060,2023,40 bis unter 45 Jahre,m,9331
01060,2023,40 bis unter 45 Jahre,f,9538
01060,2023,75 bis unter 80 Jahre,f,6407
01060,2023,75 bis unter 80 Jahre,m,5218
01060,2023,60 bis unter 65 Jahre,f,10740
01060,2023,60 bis unter 65 Jahre,m,10551
01060,2023,55 bis unter 60 Jahre,f,12606
01060,2023,55 bis unter 60 Jahre,m,12608
01060,2023,20 bis unter 25 Jahre,f,5885
01060,2023,20 bis unter 25 Jahre,m,7263
01060,2023,95 Jahre und mehr,m,110
01060,2023,95 Jahre und mehr,f,379
01060,2023,35 bis unter 40 Jahre,f,9312
01060,2023,35 bis unter 40 Jahre,m,9393
01060,2023,unter 5 Jahre,m,6535
01060,2023,unter 5 Jahre,f,6198
01060,2023,80 bis unter 85 Jahre,f,6534
01060,2023,80 bis unter 85 Jahre,m,4929
03354,2023,65 bis unter 70 Jahre,m,1789
03354,2023,65 bis unter 70 Jahre,f,1986
03354,2023,10 bis unter 15 Jahre,m,1032
03354,2023,10 bis unter 15 Jahre,f,920
03354,2023,85 bis unter 90 Jahre,m,535
03354,2023,85 bis unter 90 Jahre,f,946
03354,2023,90 bis unter 95 Jahre,m,129
03354,2023,90 bis unter 95 Jahre,f,303
03354,2023,50 bis unter 55 Jahre,m,1537
03354,2023,50 bis unter 55 Jahre,f,1614
03354,2023,70 bis unter 75 Jahre,f,1711
03354,2023,70 bis unter 75 Jahre,m,1557
03354,2023,25 bis unter 30 Jahre,m,945
03354,2023,25 bis unter 30 Jahre,f,883
03354,2023,35 bis unter 40 Jahre,f,1227
03354,2023,35 bis unter 40 Jahre,m,1282
03354,2023,95 Jahre und mehr,m,27
03354,2023,95 Jahre und mehr,f,104
03354,2023,5 bis unter 10 Jahre,f,1014
03354,2023,5 bis unter 10 Jahre,m,1068
03354,2023,30 bis unter 35 Jahre,f,1098
03354,2023,30 bis unter 35 Jahre,m,1092
03354,2023,40 bis unter 45 Jahre,f,1343
03354,2023,40 bis unter 45 Jahre,m,1250
03354,2023,15 bis unter 20 Jahre,f,1019
03354,2023,15 bis unter 20 Jahre,m,1182
03354,2023,20 bis unter 25 Jahre,m,999
03354,2023,20 bis unter 25 Jahre,f,834
03354,2023,75 bis unter 80 Jahre,m,1174
03354,2023,75 bis unter 80 Jahre,f,1241
03354,2023,55 bis unter 60 Jahre,m,2044
03354,2023,55 bis unter 60 Jahre,f,2116
03354,2023,unter 5 Jahre,m,902
03354,2023,unter 5 Jahre,f,871
03354,2023,80 bis unter 85 Jahre,f,1274
03354,2023,80 bis unter 85 Jahre,m,1018
03354,2023,60 bis unter 65 Jahre,f,2260
03354,2023,60 bis unter 65 Jahre,m,2011
03354,2023,45 bis unter 50 Jahre,f,1251
03354,2023,45 bis unter 50 Jahre,m,1227
07135,2023,25 bis unter 30 Jahre,f,1379
07135,2023,25 bis unter 30 Jahre,m,1621
07135,2023,65 bis unter 70 Jahre,f,2324
07135,2023,65 bis unter 70 Jahre,m,2284
07135,2023,45 bis unter 50 Jahre,f,1700
07135,2023,45 bis unter 50 Jahre,m,1614
07135,2023,50 bis unter 55 Jahre,f,2237
07135,2023,50 bis unter 55 Jahre,m,2077
07135,2023,80 bis unter 85 Jahre,m,1064
07135,2023,80 bis unter 85 Jahre,f,1446
07135,2023,85 bis unter 90 Jahre,f,1058
07135,2023,85 bis unter 90 Jahre,m,627
07135,2023,40 bis unter 45 Jahre,m,1726
07135,2023,40 bis unter 45 Jahre,f,1678
07135,2023,10 bis unter 15 Jahre,f,1191
07135,2023,10 bis unter 15 Jahre,m,1336
07135,2023,95 Jahre und mehr,m,32
07135,2023,95 Jahre und mehr,f,138
07135,2023,55 bis unter 60 Jahre,m,2812
07135,2023,55 bis unter 60 Jahre,f,2736
07135,2023,90 bis unter 95 Jahre,f,358
07135,2023,90 bis unter 95 Jahre,m,153
07135,2023,70 bis unter 75 Jahre,f,1984
07135,2023,70 bis unter 75 Jahre,m,1872
07135,2023,60 bis unter 65 Jahre,m,2694
07135,2023,60 bis unter 65 Jahre,f,2777
07135,2023,35 bis unter 40 Jahre,m,1836
07135,2023,35 bis unter 40 Jahre,f,1711
07135,2023,15 bis unter 20 Jahre,f,1324
07135,2023,15 bis unter 20 Jahre,m,1501
07135,2023,20 bis unter 25 Jahre,f,1288
07135,2023,20 bis unter 25 Jahre,m,1618
07135,2023,unter 5 Jahre,f,1235
07135,2023,unter 5 Jahre,m,1351
07135,2023,75 bis unter 80 Jahre,f,1237
07135,2023,75 bis unter 80 Jahre,m,1156
07135,2023,30 bis unter 35 Jahre,m,1906
07135,2023,30 bis unter 35 Jahre,f,1662
07135,2023,5 bis unter 10 Jahre,m,1447
07135,2023,5 bis unter 10 Jahre,f,1348
03357,2023,25 bis unter 30 Jahre,f,4151
03357,2023,25 bis unter 30 Jahre,m,4821
03357,2023,45 bis unter 50 Jahre,f,4675
03357,2023,45 bis unter 50 Jahre,m,4723
03357,2023,65 bis unter 70 Jahre,f,5419
03357,2023,65 bis unter 70 Jahre,m,5184
03357,2023,30 bis unter 35 Jahre,f,4672
03357,2023,30 bis unter 35 Jahre,m,5173
03357,2023,60 bis unter 65 Jahre,m,6641
03357,2023,60 bis unter 65 Jahre,f,6769
03357,2023,20 bis unter 25 Jahre,m,4627
03357,2023,20 bis unter 25 Jahre,f,3907
03357,2023,5 bis unter 10 Jahre,f,3872
03357,2023,5 bis unter 10 Jahre,m,4070
03357,2023,95 Jahre und mehr,f,205
03357,2023,95 Jahre und mehr,m,65
03357,2023,10 bis unter 15 Jahre,m,3913
03357,2023,10 bis unter 15 Jahre,f,3664
03357,2023,55 bis unter 60 Jahre,m,7262
03357,2023,55 bis unter 60 Jahre,f,7195
03357,2023,90 bis unter 95 Jahre,f,772
03357,2023,90 bis unter 95 Jahre,m,327
03357,2023,unter 5 Jahre,m,3902
03357,2023,unter 5 Jahre,f,3739
03357,2023,75 bis unter 80 Jahre,m,3042
03357,2023,75 bis unter 80 Jahre,f,3299
03357,2023,80 bis unter 85 Jahre,m,2623
03357,2023,80 bis unter 85 Jahre,f,3356
03357,2023,85 bis unter 90 Jahre,f,2281
03357,2023,85 bis unter 90 Jahre,m,1494
03357,2023,15 bis unter 20 Jahre,f,4032
03357,2023,15 bis unter 20 Jahre,m,4490
03357,2023,35 bis unter 40 Jahre,f,5010
03357,2023,35 bis unter 40 Jahre,m,5450
03357,2023,40 bis unter 45 Jahre,f,4946
03357,2023,40 bis unter 45 Jahre,m,4852
03357,2023,70 bis unter 75 Jahre,m,4432
03357,2023,70 bis unter 75 Jahre,f,4700
03357,2023,50 bis unter 55 Jahre,m,5796
03357,2023,50 bis unter 55 Jahre,f,6010
06632,2023,45 bis unter 50 Jahre,f,3339
06632,2023,45 bis unter 50 Jahre,m,3396
06632,2023,10 bis unter 15 Jahre,f,2533
06632,2023,10 bis unter 15 Jahre,m,2830
06632,2023,25 bis unter 30 Jahre,f,2651
06632,2023,25 bis unter 30 Jahre,m,3117
06632,2023,65 bis unter 70 Jahre,f,4194
06632,2023,65 bis unter 70 Jahre,m,4024
06632,2023,30 bis unter 35 Jahre,f,3193
06632,2023,30 bis unter 35 Jahre,m,3436
06632,2023,5 bis unter 10 Jahre,f,2651
06632,2023,5 bis unter 10 Jahre,m,2916
06632,2023,40 bis unter 45 Jahre,m,3594
06632,2023,40 bis unter 45 Jahre,f,3378
06632,2023,95 Jahre und mehr,f,203
06632,2023,95 Jahre und mehr,m,60
06632,2023,50 bis unter 55 Jahre,m,4134
06632,2023,50 bis unter 55 Jahre,f,4151
06632,2023,60 bis unter 65 Jahre,m,4768
06632,2023,60 bis unter 65 Jahre,f,4872
06632,2023,70 bis unter 75 Jahre,f,3760
06632,2023,70 bis unter 75 Jahre,m,3291
06632,2023,15 bis unter 20 Jahre,m,2961
06632,2023,15 bis unter 20 Jahre,f,2772
06632,2023,unter 5 Jahre,f,2536
06632,2023,unter 5 Jahre,m,2663
06632,2023,35 bis unter 40 Jahre,f,3406
06632,2023,35 bis unter 40 Jahre,m,3648
06632,2023,20 bis unter 25 Jahre,f,2485
06632,2023,20 bis unter 25 Jahre,m,2854
06632,2023,80 bis unter 85 Jahre,f,2854
06632,2023,80 bis unter 85 Jahre,m,2073
06632,2023,55 bis unter 60 Jahre,f,4902
06632,2023,55 bis unter 60 Jahre,m,4964
06632,2023,85 bis unter 90 Jahre,m,1234
06632,2023,85 bis unter 90 Jahre,f,2063
06632,2023,75 bis unter 80 Jahre,m,2391
06632,2023,75 bis unter 80 Jahre,f,2689
06632,2023,90 bis unter 95 Jahre,f,687
06632,2023,90 bis unter 95 Jahre,m,337
09377,2023,75 bis unter 80 Jahre,f,1471
09377,2023,75 bis unter 80 Jahre,m,1205
09377,2023,40 bis unter 45 Jahre,f,2103
09377,2023,40 bis unter 45 Jahre,m,2084
09377,2023,15 bis unter 20 Jahre,m,1607
09377,2023,15 bis unter 20 Jahre,f,1551
09377,2023,55 bis unter 60 Jahre,f,3135
09377,2023,55 bis unter 60 Jahre,m,3205
09377,2023,60 bis unter 65 Jahre,f,3083
09377,2023,60 bis unter 65 Jahre,m,3276
09377,2023,80 bis unter 85 Jahre,f,1643
09377,2023,80 bis unter 85 Jahre,m,1153
09377,2023,35 bis unter 40 Jahre,m,2357
09377,2023,35 bis unter 40 Jahre,f,2059
09377,2023,unter 5 Jahre,m,1587
09377,2023,unter 5 Jahre,f,1633
09377,2023,20 bis unter 25 Jahre,f,1584
09377,2023,20 bis unter 25 Jahre,m,1823
09377,2023,85 bis unter 90 Jahre,m,625
09377,2023,85 bis unter 90 Jahre,f,1155
09377,2023,5 bis unter 10 Jahre,f,1611
09377,2023,5 bis unter 10 Jahre,m,1592
09377,2023,25 bis unter 30 Jahre,f,1868
09377,2023,25 bis unter 30 Jahre,m,2128
09377,2023,30 bis unter 35 Jahre,m,2296
09377,2023,30 bis unter 35 Jahre,f,2132
09377,2023,50 bis unter 55 Jahre,f,2463
09377,2023,50 bis unter 55 Jahre,m,2668
09377,2023,10 bis unter 15 Jahre,f,1565
09377,2023,10 bis unter 15 Jahre,m,1514
09377,2023,65 bis unter 70 Jahre,m,2561
09377,2023,65 bis unter 70 Jahre,f,2711
09377,2023,45 bis unter 50 Jahre,f,2034
09377,2023,45 bis unter 50 Jahre,m,2102
09377,2023,70 bis unter 75 Jahre,f,2166
09377,2023,70 bis unter 75 Jahre,m,2091
09377,2023,95 Jahre und mehr,f,105
09377,2023,95 Jahre und mehr,m,36
09377,2023,90 bis unter 95 Jahre,m,142
09377,2023,90 bis unter 95 Jahre,f,421
05970,2023,50 bis unter 55 Jahre,f,8991
05970,2023,50 bis unter 55 Jahre,m,9080
05970,2023,30 bis unter 35 Jahre,f,8293
05970,2023,30 bis unter 35 Jahre,m,9326
05970,2023,85 bis unter 90 Jahre,f,4198
05970,2023,85 bis unter 90 Jahre,m,2570
05970,2023,10 bis unter 15 Jahre,f,5943
05970,2023,10 bis unter 15 Jahre,m,6572
05970,2023,65 bis unter 70 Jahre,m,8531
05970,2023,65 bis unter 70 Jahre,f,9268
05970,2023,70 bis unter 75 Jahre,f,7937
05970,2023,70 bis unter 75 Jahre,m,6863
05970,2023,25 bis unter 30 Jahre,m,9186
05970,2023,25 bis unter 30 Jahre,f,7744
05970,2023,45 bis unter 50 Jahre,f,7616
05970,2023,45 bis unter 50 Jahre,m,7696
05970,2023,5 bis unter 10 Jahre,f,6490
05970,2023,5 bis unter 10 Jahre,m,6913
05970,2023,15 bis unter 20 Jahre,f,6016
05970,2023,15 bis unter 20 Jahre,m,6829
05970,2023,40 bis unter 45 Jahre,m,8539
05970,2023,40 bis unter 45 Jahre,f,8331
05970,2023,95 Jahre und mehr,f,365
05970,2023,95 Jahre und mehr,m,108
05970,2023,75 bis unter 80 Jahre,f,5498
05970,2023,75 bis unter 80 Jahre,m,4491
05970,2023,20 bis unter 25 Jahre,f,7145
05970,2023,20 bis unter 25 Jahre,m,7866
05970,2023,55 bis unter 60 Jahre,f,11137
05970,2023,55 bis unter 60 Jahre,m,11189
05970,2023,80 bis unter 85 Jahre,f,5783
05970,2023,80 bis unter 85 Jahre,m,4133
05970,2023,60 bis unter 65 Jahre,f,10869
05970,2023,60 bis unter 65 Jahre,m,10387
05970,2023,unter 5 Jahre,m,6599
05970,2023,unter 5 Jahre,f,6118
05970,2023,35 bis unter 40 Jahre,f,8595
05970,2023,35 bis unter 40 Jahre,m,9140
05970,2023,90 bis unter 95 Jahre,m,622
05970,2023,90 bis unter 95 Jahre,f,1402
09263,2023,90 bis unter 95 Jahre,f,282
09263,2023,90 bis unter 95 Jahre,m,98
09263,2023,45 bis unter 50 Jahre,m,1564
09263,2023,45 bis unter 50 Jahre,f,1399
09263,2023,70 bis unter 75 Jahre,f,1376
09263,2023,70 bis unter 75 Jahre,m,1111
09263,2023,25 bis unter 30 Jahre,m,1821
09263,2023,25 bis unter 30 Jahre,f,1552
09263,2023,5 bis unter 10 Jahre,m,984
09263,2023,5 bis unter 10 Jahre,f,941
09263,2023,30 bis unter 35 Jahre,m,1984
09263,2023,30 bis unter 35 Jahre,f,1383
09263,2023,10 bis unter 15 Jahre,m,1007
09263,2023,10 bis unter 15 Jahre,f,912
09263,2023,50 bis unter 55 Jahre,f,1564
09263,2023,50 bis unter 55 Jahre,m,1631
09263,2023,65 bis unter 70 Jahre,f,1588
09263,2023,65 bis unter 70 Jahre,m,1335
09263,2023,85 bis unter 90 Jahre,m,363
09263,2023,85 bis unter 90 Jahre,f,705
09263,2023,unter 5 Jahre,f,953
09263,2023,unter 5 Jahre,m,1050
09263,2023,80 bis unter 85 Jahre,m,674
09263,2023,80 bis unter 85 Jahre,f,1002
09263,2023,20 bis unter 25 Jahre,f,1430
09263,2023,20 bis unter 25 Jahre,m,1497
09263,2023,75 bis unter 80 Jahre,f,992
09263,2023,75 bis unter 80 Jahre,m,813
09263,2023,35 bis unter 40 Jahre,m,1722
09263,2023,35 bis unter 40 Jahre,f,1418
09263,2023,55 bis unter 60 Jahre,m,1810
09263,2023,55 bis unter 60 Jahre,f,1663
09263,2023,60 bis unter 65 Jahre,m,1756
09263,2023,60 bis unter 65 Jahre,f,1797
09263,2023,40 bis unter 45 Jahre,f,1454
09263,2023,40 bis unter 45 Jahre,m,1640
09263,2023,15 bis unter 20 Jahre,f,1011
09263,2023,15 bis unter 20 Jahre,m,1145
09263,2023,95 Jahre und mehr,m,22
09263,2023,95 Jahre und mehr,f,75
01004,2023,35 bis unter 40 Jahre,m,2600
01004,2023,35 bis unter 40 Jahre,f,2356
01004,2023,80 bis unter 85 Jahre,f,1926
01004,2023,80 bis unter 85 Jahre,m,1379
01004,2023,unter 5 Jahre,m,1771
01004,2023,unter 5 Jahre,f,1673
01004,2023,15 bis unter 20 Jahre,m,2213
01004,2023,15 bis unter 20 Jahre,f,1895
01004,2023,20 bis unter 25 Jahre,m,2393
01004,2023,20 bis unter 25 Jahre,f,2126
01004,2023,60 bis unter 65 Jahre,f,3012
01004,2023,60 bis unter 65 Jahre,m,2897
01004,2023,40 bis unter 45 Jahre,f,2286
01004,2023,40 bis unter 45 Jahre,m,2403
01004,2023,75 bis unter 80 Jahre,f,1795
01004,2023,75 bis unter 80 Jahre,m,1400
01004,2023,55 bis unter 60 Jahre,m,3319
01004,2023,55 bis unter 60 Jahre,f,3239
01004,2023,95 Jahre und mehr,m,37
01004,2023,95 Jahre und mehr,f,141
01004,2023,70 bis unter 75 Jahre,m,1884
01004,2023,70 bis unter 75 Jahre,f,2274
01004,2023,45 bis unter 50 Jahre,f,2232
01004,2023,45 bis unter 50 Jahre,m,2277
01004,2023,90 bis unter 95 Jahre,f,436
01004,2023,90 bis unter 95 Jahre,m,181
01004,2023,10 bis unter 15 Jahre,m,1847
01004,2023,10 bis unter 15 Jahre,f,1703
01004,2023,25 bis unter 30 Jahre,m,2655
01004,2023,25 bis unter 30 Jahre,f,2256
01004,2023,30 bis unter 35 Jahre,m,2740
01004,2023,30 bis unter 35 Jahre,f,2456
01004,2023,65 bis unter 70 Jahre,m,2212
01004,2023,65 bis unter 70 Jahre,f,2490
01004,2023,85 bis unter 90 Jahre,f,1325
01004,2023,85 bis unter 90 Jahre,m,750
01004,2023,50 bis unter 55 Jahre,m,2709
01004,2023,50 bis unter 55 Jahre,f,2752
01004,2023,5 bis unter 10 Jahre,m,1777
01004,2023,5 bis unter 10 Jahre,f,1644
09261,2023,10 bis unter 15 Jahre,f,1586
09261,2023,10 bis unter 15 Jahre,m,1552
09261,2023,95 Jahre und mehr,m,43
09261,2023,95 Jahre und mehr,f,113
09261,2023,65 bis unter 70 Jahre,f,1994
09261,2023,65 bis unter 70 Jahre,m,1658
09261,2023,45 bis unter 50 Jahre,f,2241
09261,2023,45 bis unter 50 Jahre,m,2182
09261,2023,85 bis unter 90 Jahre,f,961
09261,2023,85 bis unter 90 Jahre,m,555
09261,2023,5 bis unter 10 Jahre,f,1560
09261,2023,5 bis unter 10 Jahre,m,1660
09261,2023,70 bis unter 75 Jahre,f,1773
09261,2023,70 bis unter 75 Jahre,m,1416
09261,2023,25 bis unter 30 Jahre,m,2462
09261,2023,25 bis unter 30 Jahre,f,2432
09261,2023,60 bis unter 65 Jahre,m,2189
09261,2023,60 bis unter 65 Jahre,f,2327
09261,2023,30 bis unter 35 Jahre,f,2294
09261,2023,30 bis unter 35 Jahre,m,2624
09261,2023,75 bis unter 80 Jahre,m,1053
09261,2023,75 bis unter 80 Jahre,f,1498
09261,2023,90 bis unter 95 Jahre,f,389
09261,2023,90 bis unter 95 Jahre,m,165
09261,2023,unter 5 Jahre,m,1661
09261,2023,unter 5 Jahre,f,1612
09261,2023,80 bis unter 85 Jahre,m,1024
09261,2023,80 bis unter 85 Jahre,f,1487
09261,2023,55 bis unter 60 Jahre,m,2564
09261,2023,55 bis unter 60 Jahre,f,2523
09261,2023,35 bis unter 40 Jahre,f,2319
09261,2023,35 bis unter 40 Jahre,m,2491
09261,2023,40 bis unter 45 Jahre,f,2269
09261,2023,40 bis unter 45 Jahre,m,2272
09261,2023,20 bis unter 25 Jahre,f,2003
09261,2023,20 bis unter 25 Jahre,m,2003
09261,2023,15 bis unter 20 Jahre,f,1582
09261,2023,15 bis unter 20 Jahre,m,1660
09261,2023,50 bis unter 55 Jahre,m,2295
09261,2023,50 bis unter 55 Jahre,f,2249
05958,2023,5 bis unter 10 Jahre,m,6103
05958,2023,5 bis unter 10 Jahre,f,5834
05958,2023,50 bis unter 55 Jahre,f,9165
05958,2023,50 bis unter 55 Jahre,m,9499
05958,2023,30 bis unter 35 Jahre,f,7394
05958,2023,30 bis unter 35 Jahre,m,8391
05958,2023,10 bis unter 15 Jahre,f,5649
05958,2023,10 bis unter 15 Jahre,m,6001
05958,2023,25 bis unter 30 Jahre,f,6450
05958,2023,25 bis unter 30 Jahre,m,7736
05958,2023,95 Jahre und mehr,f,455
05958,2023,95 Jahre und mehr,m,122
05958,2023,90 bis unter 95 Jahre,f,1557
05958,2023,90 bis unter 95 Jahre,m,628
05958,2023,65 bis unter 70 Jahre,f,9086
05958,2023,65 bis unter 70 Jahre,m,8829
05958,2023,45 bis unter 50 Jahre,m,7199
05958,2023,45 bis unter 50 Jahre,f,7395
05958,2023,80 bis unter 85 Jahre,m,4112
05958,2023,80 bis unter 85 Jahre,f,5831
05958,2023,85 bis unter 90 Jahre,m,2408
05958,2023,85 bis unter 90 Jahre,f,4350
05958,2023,75 bis unter 80 Jahre,m,4496
05958,2023,75 bis unter 80 Jahre,f,5089
05958,2023,unter 5 Jahre,m,5883
05958,2023,unter 5 Jahre,f,5611
05958,2023,20 bis unter 25 Jahre,f,5788
05958,2023,20 bis unter 25 Jahre,m,7046
05958,2023,60 bis unter 65 Jahre,f,10880
05958,2023,60 bis unter 65 Jahre,m,10954
05958,2023,15 bis unter 20 Jahre,m,6677
05958,2023,15 bis unter 20 Jahre,f,6046
05958,2023,40 bis unter 45 Jahre,f,7579
05958,2023,40 bis unter 45 Jahre,m,7652
05958,2023,35 bis unter 40 Jahre,m,8286
05958,2023,35 bis unter 40 Jahre,f,7659
05958,2023,55 bis unter 60 Jahre,f,11540
05958,2023,55 bis unter 60 Jahre,m,11637
05958,2023,70 bis unter 75 Jahre,m,6689
05958,2023,70 bis unter 75 Jahre,f,7487
07315,2023,65 bis unter 70 Jahre,f,5647
07315,2023,65 bis unter 70 Jahre,m,5060
07315,2023,10 bis unter 15 Jahre,f,4426
07315,2023,10 bis unter 15 Jahre,m,4449
07315,2023,50 bis unter 55 Jahre,f,6367
07315,2023,50 bis unter 55 Jahre,m,6785
07315,2023,5 bis unter 10 Jahre,m,4646
07315,2023,5 bis unter 10 Jahre,f,4678
07315,2023,25 bis unter 30 Jahre,f,11491
07315,2023,25 bis unter 30 Jahre,m,11265
07315,2023,45 bis unter 50 Jahre,f,6360
07315,2023,45 bis unter 50 Jahre,m,6138
07315,2023,30 bis unter 35 Jahre,f,9675
07315,2023,30 bis unter 35 Jahre,m,10301
07315,2023,70 bis unter 75 Jahre,f,5005
07315,2023,70 bis unter 75 Jahre,m,4128
07315,2023,85 bis unter 90 Jahre,f,2723
07315,2023,85 bis unter 90 Jahre,m,1676
07315,2023,80 bis unter 85 Jahre,m,3033
07315,2023,80 bis unter 85 Jahre,f,3983
07315,2023,55 bis unter 60 Jahre,m,7543
07315,2023,55 bis unter 60 Jahre,f,6958
07315,2023,60 bis unter 65 Jahre,m,6432
07315,2023,60 bis unter 65 Jahre,f,6579
07315,2023,35 bis unter 40 Jahre,m,8406
07315,2023,35 bis unter 40 Jahre,f,7958
07315,2023,90 bis unter 95 Jahre,f,1021
07315,2023,90 bis unter 95 Jahre,m,480
07315,2023,20 bis unter 25 Jahre,f,10693
07315,2023,20 bis unter 25 Jahre,m,8823
07315,2023,75 bis unter 80 Jahre,f,3857
07315,2023,75 bis unter 80 Jahre,m,3000
07315,2023,95 Jahre und mehr,m,118
07315,2023,95 Jahre und mehr,f,359
07315,2023,unter 5 Jahre,f,4963
07315,2023,unter 5 Jahre,m,4794
07315,2023,15 bis unter 20 Jahre,m,4788
07315,2023,15 bis unter 20 Jahre,f,4988
07315,2023,40 bis unter 45 Jahre,m,7205
07315,2023,40 bis unter 45 Jahre,f,7070
09181,2023,50 bis unter 55 Jahre,m,4298
09181,2023,50 bis unter 55 Jahre,f,4477
09181,2023,10 bis unter 15 Jahre,m,3048
09181,2023,10 bis unter 15 Jahre,f,2919
09181,2023,30 bis unter 35 Jahre,m,3697
09181,2023,30 bis unter 35 Jahre,f,3272
09181,2023,25 bis unter 30 Jahre,m,3506
09181,2023,25 bis unter 30 Jahre,f,2814
09181,2023,70 bis unter 75 Jahre,f,3161
09181,2023,70 bis unter 75 Jahre,m,2778
09181,2023,35 bis unter 40 Jahre,f,3689
09181,2023,35 bis unter 40 Jahre,m,3763
09181,2023,65 bis unter 70 Jahre,m,3540
09181,2023,65 bis unter 70 Jahre,f,3681
09181,2023,90 bis unter 95 Jahre,m,227
09181,2023,90 bis unter 95 Jahre,f,540
09181,2023,20 bis unter 25 Jahre,f,2605
09181,2023,20 bis unter 25 Jahre,m,3080
09181,2023,85 bis unter 90 Jahre,f,1562
09181,2023,85 bis unter 90 Jahre,m,1022
09181,2023,5 bis unter 10 Jahre,m,3186
09181,2023,5 bis unter 10 Jahre,f,3079
09181,2023,95 Jahre und mehr,m,47
09181,2023,95 Jahre und mehr,f,155
09181,2023,15 bis unter 20 Jahre,f,2968
09181,2023,15 bis unter 20 Jahre,m,3074
09181,2023,40 bis unter 45 Jahre,f,3932
09181,2023,40 bis unter 45 Jahre,m,3926
09181,2023,60 bis unter 65 Jahre,m,4742
09181,2023,60 bis unter 65 Jahre,f,4951
09181,2023,80 bis unter 85 Jahre,m,2012
09181,2023,80 bis unter 85 Jahre,f,2451
09181,2023,55 bis unter 60 Jahre,m,5387
09181,2023,55 bis unter 60 Jahre,f,5546
09181,2023,75 bis unter 80 Jahre,m,2187
09181,2023,75 bis unter 80 Jahre,f,2504
09181,2023,unter 5 Jahre,m,2983
09181,2023,unter 5 Jahre,f,2848
09181,2023,45 bis unter 50 Jahre,f,3701
09181,2023,45 bis unter 50 Jahre,m,3608
06634,2023,25 bis unter 30 Jahre,m,4928
06634,2023,25 bis unter 30 Jahre,f,4104
06634,2023,70 bis unter 75 Jahre,f,5520
06634,2023,70 bis unter 75 Jahre,m,5078
06634,2023,5 bis unter 10 Jahre,m,4208
06634,2023,5 bis unter 10 Jahre,f,4162
06634,2023,50 bis unter 55 Jahre,f,6441
06634,2023,50 bis unter 55 Jahre,m,6265
06634,2023,30 bis unter 35 Jahre,f,5005
06634,2023,30 bis unter 35 Jahre,m,5558
06634,2023,85 bis unter 90 Jahre,m,1778
06634,2023,85 bis unter 90 Jahre,f,2807
06634,2023,65 bis unter 70 Jahre,f,6339
06634,2023,65 bis unter 70 Jahre,m,6131
06634,2023,45 bis unter 50 Jahre,m,5139
06634,2023,45 bis unter 50 Jahre,f,5143
06634,2023,90 bis unter 95 Jahre,f,1067
06634,2023,90 bis unter 95 Jahre,m,402
06634,2023,60 bis unter 65 Jahre,m,7592
06634,2023,60 bis unter 65 Jahre,f,7527
06634,2023,40 bis unter 45 Jahre,m,5612
06634,2023,40 bis unter 45 Jahre,f,5369
06634,2023,95 Jahre und mehr,f,279
06634,2023,95 Jahre und mehr,m,82
06634,2023,35 bis unter 40 Jahre,f,5430
06634,2023,35 bis unter 40 Jahre,m,5781
06634,2023,15 bis unter 20 Jahre,m,4475
06634,2023,15 bis unter 20 Jahre,f,4115
06634,2023,unter 5 Jahre,m,4005
06634,2023,unter 5 Jahre,f,3684
06634,2023,55 bis unter 60 Jahre,m,7739
06634,2023,55 bis unter 60 Jahre,f,7653
06634,2023,80 bis unter 85 Jahre,f,4025
06634,2023,80 bis unter 85 Jahre,m,2992
06634,2023,75 bis unter 80 Jahre,f,3818
06634,2023,75 bis unter 80 Jahre,m,3532
06634,2023,20 bis unter 25 Jahre,m,4645
06634,2023,20 bis unter 25 Jahre,f,3698
06634,2023,10 bis unter 15 Jahre,f,4080
06634,2023,10 bis unter 15 Jahre,m,4160
09172,2023,30 bis unter 35 Jahre,f,3189
09172,2023,30 bis unter 35 Jahre,m,3561
09172,2023,85 bis unter 90 Jahre,f,1727
09172,2023,85 bis unter 90 Jahre,m,1049
09172,2023,5 bis unter 10 Jahre,m,2625
09172,2023,5 bis unter 10 Jahre,f,2448
09172,2023,50 bis unter 55 Jahre,f,3429
09172,2023,50 bis unter 55 Jahre,m,3363
09172,2023,45 bis unter 50 Jahre,f,3013
09172,2023,45 bis unter 50 Jahre,m,3015
09172,2023,70 bis unter 75 Jahre,f,3109
09172,2023,70 bis unter 75 Jahre,m,2475
09172,2023,65 bis unter 70 Jahre,f,3275
09172,2023,65 bis unter 70 Jahre,m,2951
09172,2023,25 bis unter 30 Jahre,m,3208
09172,2023,25 bis unter 30 Jahre,f,2932
09172,2023,10 bis unter 15 Jahre,m,2325
09172,2023,10 bis unter 15 Jahre,f,2267
09172,2023,90 bis unter 95 Jahre,f,600
09172,2023,90 bis unter 95 Jahre,m,284
09172,2023,95 Jahre und mehr,f,179
09172,2023,95 Jahre und mehr,m,57
09172,2023,80 bis unter 85 Jahre,m,1984
09172,2023,80 bis unter 85 Jahre,f,2805
09172,2023,75 bis unter 80 Jahre,m,2046
09172,2023,75 bis unter 80 Jahre,f,2695
09172,2023,55 bis unter 60 Jahre,m,4181
09172,2023,55 bis unter 60 Jahre,f,4275
09172,2023,unter 5 Jahre,m,2480
09172,2023,unter 5 Jahre,f,2373
09172,2023,40 bis unter 45 Jahre,f,3204
09172,2023,40 bis unter 45 Jahre,m,3335
09172,2023,20 bis unter 25 Jahre,f,2499
09172,2023,20 bis unter 25 Jahre,m,2643
09172,2023,15 bis unter 20 Jahre,f,2265
09172,2023,15 bis unter 20 Jahre,m,2462
09172,2023,35 bis unter 40 Jahre,m,3576
09172,2023,35 bis unter 40 Jahre,f,3319
09172,2023,60 bis unter 65 Jahre,m,3794
09172,2023,60 bis unter 65 Jahre,f,4091
05154,2023,50 bis unter 55 Jahre,m,10894
05154,2023,50 bis unter 55 Jahre,f,11103
05154,2023,85 bis unter 90 Jahre,m,2554
05154,2023,85 bis unter 90 Jahre,f,4356
05154,2023,30 bis unter 35 Jahre,m,10979
05154,2023,30 bis unter 35 Jahre,f,10114
05154,2023,10 bis unter 15 Jahre,m,7565
05154,2023,10 bis unter 15 Jahre,f,7073
05154,2023,25 bis unter 30 Jahre,m,10126
05154,2023,25 bis unter 30 Jahre,f,8905
05154,2023,70 bis unter 75 Jahre,f,9027
05154,2023,70 bis unter 75 Jahre,m,8019
05154,2023,65 bis unter 70 Jahre,m,10178
05154,2023,65 bis unter 70 Jahre,f,10480
05154,2023,35 bis unter 40 Jahre,f,10109
05154,2023,35 bis unter 40 Jahre,m,11071
05154,2023,90 bis unter 95 Jahre,m,630
05154,2023,90 bis unter 95 Jahre,f,1677
05154,2023,20 bis unter 25 Jahre,f,7986
05154,2023,20 bis unter 25 Jahre,m,8992
05154,2023,5 bis unter 10 Jahre,m,7685
05154,2023,5 bis unter 10 Jahre,f,7417
05154,2023,15 bis unter 20 Jahre,f,7370
05154,2023,15 bis unter 20 Jahre,m,8097
05154,2023,40 bis unter 45 Jahre,f,9405
05154,2023,40 bis unter 45 Jahre,m,10093
05154,2023,60 bis unter 65 Jahre,m,12478
05154,2023,60 bis unter 65 Jahre,f,12616
05154,2023,55 bis unter 60 Jahre,m,13898
05154,2023,55 bis unter 60 Jahre,f,13973
05154,2023,75 bis unter 80 Jahre,m,5335
05154,2023,75 bis unter 80 Jahre,f,6151
05154,2023,80 bis unter 85 Jahre,m,4389
05154,2023,80 bis unter 85 Jahre,f,6110
05154,2023,95 Jahre und mehr,m,117
05154,2023,95 Jahre und mehr,f,438
05154,2023,unter 5 Jahre,m,7518
05154,2023,unter 5 Jahre,f,7050
05154,2023,45 bis unter 50 Jahre,f,8954
05154,2023,45 bis unter 50 Jahre,m,8996
01001,2023,25 bis unter 30 Jahre,f,4058
01001,2023,25 bis unter 30 Jahre,m,4219
01001,2023,10 bis unter 15 Jahre,f,2069
01001,2023,10 bis unter 15 Jahre,m,2065
01001,2023,45 bis unter 50 Jahre,f,2623
01001,2023,45 bis unter 50 Jahre,m,2670
01001,2023,5 bis unter 10 Jahre,f,2021
01001,2023,5 bis unter 10 Jahre,m,2099
01001,2023,30 bis unter 35 Jahre,f,3258
01001,2023,30 bis unter 35 Jahre,m,3987
01001,2023,50 bis unter 55 Jahre,f,2948
01001,2023,50 bis unter 55 Jahre,m,2910
01001,2023,65 bis unter 70 Jahre,f,2636
01001,2023,65 bis unter 70 Jahre,m,2409
01001,2023,80 bis unter 85 Jahre,m,1415
01001,2023,80 bis unter 85 Jahre,f,1997
01001,2023,90 bis unter 95 Jahre,f,390
01001,2023,90 bis unter 95 Jahre,m,188
01001,2023,55 bis unter 60 Jahre,m,3488
01001,2023,55 bis unter 60 Jahre,f,3484
01001,2023,unter 5 Jahre,m,2185
01001,2023,unter 5 Jahre,f,1996
01001,2023,75 bis unter 80 Jahre,m,1598
01001,2023,75 bis unter 80 Jahre,f,1962
01001,2023,20 bis unter 25 Jahre,m,3718
01001,2023,20 bis unter 25 Jahre,f,4278
01001,2023,85 bis unter 90 Jahre,m,845
01001,2023,85 bis unter 90 Jahre,f,1335
01001,2023,95 Jahre und mehr,f,136
01001,2023,95 Jahre und mehr,m,42
01001,2023,70 bis unter 75 Jahre,m,1962
01001,2023,70 bis unter 75 Jahre,f,2384
01001,2023,40 bis unter 45 Jahre,f,2866
01001,2023,40 bis unter 45 Jahre,m,2966
01001,2023,15 bis unter 20 Jahre,f,2322
01001,2023,15 bis unter 20 Jahre,m,2258
01001,2023,35 bis unter 40 Jahre,m,3420
01001,2023,35 bis unter 40 Jahre,f,3016
01001,2023,60 bis unter 65 Jahre,m,3109
01001,2023,60 bis unter 65 Jahre,f,3099
09190,2023,35 bis unter 40 Jahre,f,4291
09190,2023,35 bis unter 40 Jahre,m,4399
09190,2023,unter 5 Jahre,f,3320
09190,2023,unter 5 Jahre,m,3495
09190,2023,20 bis unter 25 Jahre,f,3059
09190,2023,20 bis unter 25 Jahre,m,3514
09190,2023,80 bis unter 85 Jahre,f,3081
09190,2023,80 bis unter 85 Jahre,m,2487
09190,2023,15 bis unter 20 Jahre,f,3183
09190,2023,15 bis unter 20 Jahre,m,3500
09190,2023,85 bis unter 90 Jahre,m,1384
09190,2023,85 bis unter 90 Jahre,f,1933
09190,2023,55 bis unter 60 Jahre,f,5943
09190,2023,55 bis unter 60 Jahre,m,5775
09190,2023,70 bis unter 75 Jahre,m,3363
09190,2023,70 bis unter 75 Jahre,f,3739
09190,2023,40 bis unter 45 Jahre,f,4331
09190,2023,40 bis unter 45 Jahre,m,4297
09190,2023,30 bis unter 35 Jahre,m,4260
09190,2023,30 bis unter 35 Jahre,f,4116
09190,2023,60 bis unter 65 Jahre,m,5235
09190,2023,60 bis unter 65 Jahre,f,5505
09190,2023,25 bis unter 30 Jahre,m,3932
09190,2023,25 bis unter 30 Jahre,f,3450
09190,2023,50 bis unter 55 Jahre,m,4480
09190,2023,50 bis unter 55 Jahre,f,4868
09190,2023,10 bis unter 15 Jahre,f,3249
09190,2023,10 bis unter 15 Jahre,m,3429
09190,2023,65 bis unter 70 Jahre,f,4405
09190,2023,65 bis unter 70 Jahre,m,4097
09190,2023,45 bis unter 50 Jahre,f,3910
09190,2023,45 bis unter 50 Jahre,m,3979
09190,2023,5 bis unter 10 Jahre,m,3669
09190,2023,5 bis unter 10 Jahre,f,3512
09190,2023,90 bis unter 95 Jahre,f,718
09190,2023,90 bis unter 95 Jahre,m,321
09190,2023,95 Jahre und mehr,m,64
09190,2023,95 Jahre und mehr,f,202
09190,2023,75 bis unter 80 Jahre,m,2570
09190,2023,75 bis unter 80 Jahre,f,2987
08316,2023,15 bis unter 20 Jahre,f,4031
08316,2023,15 bis unter 20 Jahre,m,4461
08316,2023,35 bis unter 40 Jahre,f,5521
08316,2023,35 bis unter 40 Jahre,m,5529
08316,2023,55 bis unter 60 Jahre,f,7106
08316,2023,55 bis unter 60 Jahre,m,6952
08316,2023,90 bis unter 95 Jahre,m,415
08316,2023,90 bis unter 95 Jahre,f,831
08316,2023,40 bis unter 45 Jahre,f,5453
08316,2023,40 bis unter 45 Jahre,m,5380
08316,2023,70 bis unter 75 Jahre,m,4280
08316,2023,70 bis unter 75 Jahre,f,4764
08316,2023,75 bis unter 80 Jahre,f,3347
08316,2023,75 bis unter 80 Jahre,m,2815
08316,2023,30 bis unter 35 Jahre,m,5330
08316,2023,30 bis unter 35 Jahre,f,4887
08316,2023,unter 5 Jahre,f,4139
08316,2023,unter 5 Jahre,m,4312
08316,2023,45 bis unter 50 Jahre,m,4795
08316,2023,45 bis unter 50 Jahre,f,4924
08316,2023,95 Jahre und mehr,f,232
08316,2023,95 Jahre und mehr,m,63
08316,2023,80 bis unter 85 Jahre,f,3534
08316,2023,80 bis unter 85 Jahre,m,2618
08316,2023,60 bis unter 65 Jahre,f,6868
08316,2023,60 bis unter 65 Jahre,m,6436
08316,2023,50 bis unter 55 Jahre,m,5666
08316,2023,50 bis unter 55 Jahre,f,5839
08316,2023,25 bis unter 30 Jahre,m,5064
08316,2023,25 bis unter 30 Jahre,f,4224
08316,2023,10 bis unter 15 Jahre,f,3891
08316,2023,10 bis unter 15 Jahre,m,4031
08316,2023,5 bis unter 10 Jahre,f,4301
08316,2023,5 bis unter 10 Jahre,m,4386
08316,2023,65 bis unter 70 Jahre,f,5625
08316,2023,65 bis unter 70 Jahre,m,5339
08316,2023,20 bis unter 25 Jahre,m,4559
08316,2023,20 bis unter 25 Jahre,f,3691
08316,2023,85 bis unter 90 Jahre,m,1447
08316,2023,85 bis unter 90 Jahre,f,2384
07137,2023,5 bis unter 10 Jahre,m,5458
07137,2023,5 bis unter 10 Jahre,f,5303
07137,2023,50 bis unter 55 Jahre,f,7308
07137,2023,50 bis unter 55 Jahre,m,7169
07137,2023,30 bis unter 35 Jahre,f,6518
07137,2023,30 bis unter 35 Jahre,m,6978
07137,2023,10 bis unter 15 Jahre,f,4760
07137,2023,10 bis unter 15 Jahre,m,5038
07137,2023,65 bis unter 70 Jahre,m,7183
07137,2023,65 bis unter 70 Jahre,f,7580
07137,2023,45 bis unter 50 Jahre,f,6245
07137,2023,45 bis unter 50 Jahre,m,6145
07137,2023,25 bis unter 30 Jahre,m,5964
07137,2023,25 bis unter 30 Jahre,f,5506
07137,2023,70 bis unter 75 Jahre,f,6544
07137,2023,70 bis unter 75 Jahre,m,5976
07137,2023,85 bis unter 90 Jahre,f,3145
07137,2023,85 bis unter 90 Jahre,m,1978
07137,2023,90 bis unter 95 Jahre,m,493
07137,2023,90 bis unter 95 Jahre,f,1144
07137,2023,95 Jahre und mehr,m,103
07137,2023,95 Jahre und mehr,f,365
07137,2023,80 bis unter 85 Jahre,m,3305
07137,2023,80 bis unter 85 Jahre,f,4423
07137,2023,60 bis unter 65 Jahre,m,8619
07137,2023,60 bis unter 65 Jahre,f,8917
07137,2023,unter 5 Jahre,f,4863
07137,2023,unter 5 Jahre,m,5120
07137,2023,55 bis unter 60 Jahre,f,9288
07137,2023,55 bis unter 60 Jahre,m,9141
07137,2023,15 bis unter 20 Jahre,m,5275
07137,2023,15 bis unter 20 Jahre,f,4888
07137,2023,40 bis unter 45 Jahre,f,6954
07137,2023,40 bis unter 45 Jahre,m,6805
07137,2023,35 bis unter 40 Jahre,m,7167
07137,2023,35 bis unter 40 Jahre,f,6932
07137,2023,75 bis unter 80 Jahre,f,4274
07137,2023,75 bis unter 80 Jahre,m,3683
07137,2023,20 bis unter 25 Jahre,f,4821
07137,2023,20 bis unter 25 Jahre,m,5496
09562,2023,75 bis unter 80 Jahre,f,2155
09562,2023,75 bis unter 80 Jahre,m,1496
09562,2023,20 bis unter 25 Jahre,f,4493
09562,2023,20 bis unter 25 Jahre,m,4643
09562,2023,40 bis unter 45 Jahre,f,3645
09562,2023,40 bis unter 45 Jahre,m,3756
09562,2023,unter 5 Jahre,f,2545
09562,2023,unter 5 Jahre,m,2719
09562,2023,15 bis unter 20 Jahre,f,2503
09562,2023,15 bis unter 20 Jahre,m,2785
09562,2023,35 bis unter 40 Jahre,m,3949
09562,2023,35 bis unter 40 Jahre,f,3858
09562,2023,55 bis unter 60 Jahre,f,3993
09562,2023,55 bis unter 60 Jahre,m,3902
09562,2023,80 bis unter 85 Jahre,f,2337
09562,2023,80 bis unter 85 Jahre,m,1445
09562,2023,60 bis unter 65 Jahre,m,3567
09562,2023,60 bis unter 65 Jahre,f,3631
09562,2023,50 bis unter 55 Jahre,m,3370
09562,2023,50 bis unter 55 Jahre,f,3365
09562,2023,95 Jahre und mehr,m,66
09562,2023,95 Jahre und mehr,f,201
09562,2023,30 bis unter 35 Jahre,m,4970
09562,2023,30 bis unter 35 Jahre,f,4369
09562,2023,25 bis unter 30 Jahre,f,5226
09562,2023,25 bis unter 30 Jahre,m,6556
09562,2023,85 bis unter 90 Jahre,f,1601
09562,2023,85 bis unter 90 Jahre,m,923
09562,2023,5 bis unter 10 Jahre,m,2732
09562,2023,5 bis unter 10 Jahre,f,2506
09562,2023,45 bis unter 50 Jahre,f,3194
09562,2023,45 bis unter 50 Jahre,m,2950
09562,2023,70 bis unter 75 Jahre,f,2604
09562,2023,70 bis unter 75 Jahre,m,1954
09562,2023,65 bis unter 70 Jahre,f,2907
09562,2023,65 bis unter 70 Jahre,m,2557
09562,2023,90 bis unter 95 Jahre,f,640
09562,2023,90 bis unter 95 Jahre,m,291
09562,2023,10 bis unter 15 Jahre,m,2550
09562,2023,10 bis unter 15 Jahre,f,2360
07320,2023,25 bis unter 30 Jahre,f,844
07320,2023,25 bis unter 30 Jahre,m,1083
07320,2023,5 bis unter 10 Jahre,f,767
07320,2023,5 bis unter 10 Jahre,m,770
07320,2023,10 bis unter 15 Jahre,f,781
07320,2023,10 bis unter 15 Jahre,m,711
07320,2023,30 bis unter 35 Jahre,f,965
07320,2023,30 bis unter 35 Jahre,m,1095
07320,2023,60 bis unter 65 Jahre,m,1341
07320,2023,60 bis unter 65 Jahre,f,1364
07320,2023,85 bis unter 90 Jahre,f,522
07320,2023,85 bis unter 90 Jahre,m,357
07320,2023,70 bis unter 75 Jahre,f,1087
07320,2023,70 bis unter 75 Jahre,m,959
07320,2023,45 bis unter 50 Jahre,f,997
07320,2023,45 bis unter 50 Jahre,m,889
07320,2023,75 bis unter 80 Jahre,m,569
07320,2023,75 bis unter 80 Jahre,f,666
07320,2023,unter 5 Jahre,m,732
07320,2023,unter 5 Jahre,f,711
07320,2023,55 bis unter 60 Jahre,m,1349
07320,2023,55 bis unter 60 Jahre,f,1201
07320,2023,35 bis unter 40 Jahre,m,1108
07320,2023,35 bis unter 40 Jahre,f,1031
07320,2023,80 bis unter 85 Jahre,f,811
07320,2023,80 bis unter 85 Jahre,m,555
07320,2023,90 bis unter 95 Jahre,f,207
07320,2023,90 bis unter 95 Jahre,m,106
07320,2023,65 bis unter 70 Jahre,m,1104
07320,2023,65 bis unter 70 Jahre,f,1190
07320,2023,15 bis unter 20 Jahre,f,762
07320,2023,15 bis unter 20 Jahre,m,834
07320,2023,95 Jahre und mehr,m,20
07320,2023,95 Jahre und mehr,f,64
07320,2023,50 bis unter 55 Jahre,m,1042
07320,2023,50 bis unter 55 Jahre,f,1018
07320,2023,20 bis unter 25 Jahre,f,786
07320,2023,20 bis unter 25 Jahre,m,950
07320,2023,40 bis unter 45 Jahre,m,998
07320,2023,40 bis unter 45 Jahre,f,1009
05113,2023,75 bis unter 80 Jahre,f,12229
05113,2023,75 bis unter 80 Jahre,m,9226
05113,2023,40 bis unter 45 Jahre,f,18037
05113,2023,40 bis unter 45 Jahre,m,18004
05113,2023,unter 5 Jahre,f,13457
05113,2023,unter 5 Jahre,m,14078
05113,2023,20 bis unter 25 Jahre,f,15112
05113,2023,20 bis unter 25 Jahre,m,15565
05113,2023,15 bis unter 20 Jahre,f,12864
05113,2023,15 bis unter 20 Jahre,m,13784
05113,2023,55 bis unter 60 Jahre,f,22027
05113,2023,55 bis unter 60 Jahre,m,21597
05113,2023,80 bis unter 85 Jahre,f,12331
05113,2023,80 bis unter 85 Jahre,m,8463
05113,2023,35 bis unter 40 Jahre,m,19761
05113,2023,35 bis unter 40 Jahre,f,19613
05113,2023,60 bis unter 65 Jahre,m,19494
05113,2023,60 bis unter 65 Jahre,f,20936
05113,2023,30 bis unter 35 Jahre,m,21518
05113,2023,30 bis unter 35 Jahre,f,20794
05113,2023,50 bis unter 55 Jahre,m,18372
05113,2023,50 bis unter 55 Jahre,f,18695
05113,2023,25 bis unter 30 Jahre,f,18989
05113,2023,25 bis unter 30 Jahre,m,19431
05113,2023,65 bis unter 70 Jahre,f,18001
05113,2023,65 bis unter 70 Jahre,m,16214
05113,2023,5 bis unter 10 Jahre,m,14785
05113,2023,5 bis unter 10 Jahre,f,13510
05113,2023,70 bis unter 75 Jahre,f,15540
05113,2023,70 bis unter 75 Jahre,m,13007
05113,2023,85 bis unter 90 Jahre,f,9200
05113,2023,85 bis unter 90 Jahre,m,4922
05113,2023,90 bis unter 95 Jahre,f,3403
05113,2023,90 bis unter 95 Jahre,m,1464
05113,2023,45 bis unter 50 Jahre,m,16029
05113,2023,45 bis unter 50 Jahre,f,16557
05113,2023,10 bis unter 15 Jahre,m,13236
05113,2023,10 bis unter 15 Jahre,f,12471
05113,2023,95 Jahre und mehr,m,311
05113,2023,95 Jahre und mehr,f,1055
03251,2023,45 bis unter 50 Jahre,m,6105
03251,2023,45 bis unter 50 Jahre,f,6240
03251,2023,90 bis unter 95 Jahre,f,1152
03251,2023,90 bis unter 95 Jahre,m,518
03251,2023,85 bis unter 90 Jahre,m,2196
03251,2023,85 bis unter 90 Jahre,f,3442
03251,2023,65 bis unter 70 Jahre,m,7034
03251,2023,65 bis unter 70 Jahre,f,7253
03251,2023,30 bis unter 35 Jahre,f,6395
03251,2023,30 bis unter 35 Jahre,m,6627
03251,2023,50 bis unter 55 Jahre,m,7796
03251,2023,50 bis unter 55 Jahre,f,7948
03251,2023,25 bis unter 30 Jahre,m,5782
03251,2023,25 bis unter 30 Jahre,f,5328
03251,2023,70 bis unter 75 Jahre,f,6349
03251,2023,70 bis unter 75 Jahre,m,5941
03251,2023,10 bis unter 15 Jahre,m,5222
03251,2023,10 bis unter 15 Jahre,f,4963
03251,2023,15 bis unter 20 Jahre,f,5172
03251,2023,15 bis unter 20 Jahre,m,5594
03251,2023,5 bis unter 10 Jahre,f,5272
03251,2023,5 bis unter 10 Jahre,m,5441
03251,2023,35 bis unter 40 Jahre,f,6568
03251,2023,35 bis unter 40 Jahre,m,6941
03251,2023,40 bis unter 45 Jahre,f,6607
03251,2023,40 bis unter 45 Jahre,m,6591
03251,2023,unter 5 Jahre,m,5187
03251,2023,unter 5 Jahre,f,5098
03251,2023,55 bis unter 60 Jahre,m,9844
03251,2023,55 bis unter 60 Jahre,f,10014
03251,2023,80 bis unter 85 Jahre,f,4926
03251,2023,80 bis unter 85 Jahre,m,3708
03251,2023,95 Jahre und mehr,m,94
03251,2023,95 Jahre und mehr,f,336
03251,2023,60 bis unter 65 Jahre,f,8919
03251,2023,60 bis unter 65 Jahre,m,8958
03251,2023,20 bis unter 25 Jahre,m,5629
03251,2023,20 bis unter 25 Jahre,f,4819
03251,2023,75 bis unter 80 Jahre,m,4070
03251,2023,75 bis unter 80 Jahre,f,4664
09764,2023,70 bis unter 75 Jahre,m,1034
09764,2023,70 bis unter 75 Jahre,f,1164
09764,2023,50 bis unter 55 Jahre,m,1380
09764,2023,50 bis unter 55 Jahre,f,1368
09764,2023,30 bis unter 35 Jahre,m,1615
09764,2023,30 bis unter 35 Jahre,f,1468
09764,2023,65 bis unter 70 Jahre,m,1256
09764,2023,65 bis unter 70 Jahre,f,1386
09764,2023,35 bis unter 40 Jahre,f,1375
09764,2023,35 bis unter 40 Jahre,m,1436
09764,2023,75 bis unter 80 Jahre,f,911
09764,2023,75 bis unter 80 Jahre,m,747
09764,2023,90 bis unter 95 Jahre,m,115
09764,2023,90 bis unter 95 Jahre,f,248
09764,2023,85 bis unter 90 Jahre,f,609
09764,2023,85 bis unter 90 Jahre,m,423
09764,2023,40 bis unter 45 Jahre,f,1385
09764,2023,40 bis unter 45 Jahre,m,1393
09764,2023,5 bis unter 10 Jahre,m,1068
09764,2023,5 bis unter 10 Jahre,f,1096
09764,2023,20 bis unter 25 Jahre,f,1141
09764,2023,20 bis unter 25 Jahre,m,1298
09764,2023,15 bis unter 20 Jahre,f,1065
09764,2023,15 bis unter 20 Jahre,m,1048
09764,2023,10 bis unter 15 Jahre,m,951
09764,2023,10 bis unter 15 Jahre,f,1008
09764,2023,80 bis unter 85 Jahre,m,763
09764,2023,80 bis unter 85 Jahre,f,1021
09764,2023,60 bis unter 65 Jahre,m,1555
09764,2023,60 bis unter 65 Jahre,f,1566
09764,2023,25 bis unter 30 Jahre,f,1326
09764,2023,25 bis unter 30 Jahre,m,1363
09764,2023,55 bis unter 60 Jahre,m,1725
09764,2023,55 bis unter 60 Jahre,f,1680
09764,2023,unter 5 Jahre,m,1131
09764,2023,unter 5 Jahre,f,1186
09764,2023,45 bis unter 50 Jahre,f,1309
09764,2023,45 bis unter 50 Jahre,m,1339
09764,2023,95 Jahre und mehr,f,78
09764,2023,95 Jahre und mehr,m,18
09475,2023,75 bis unter 80 Jahre,m,1913
09475,2023,75 bis unter 80 Jahre,f,2178
09475,2023,20 bis unter 25 Jahre,m,2223
09475,2023,20 bis unter 25 Jahre,f,1880
09475,2023,55 bis unter 60 Jahre,m,4180
09475,2023,55 bis unter 60 Jahre,f,4194
09475,2023,unter 5 Jahre,m,1924
09475,2023,unter 5 Jahre,f,1867
09475,2023,35 bis unter 40 Jahre,m,2600
09475,2023,35 bis unter 40 Jahre,f,2564
09475,2023,60 bis unter 65 Jahre,m,4143
09475,2023,60 bis unter 65 Jahre,f,4162
09475,2023,40 bis unter 45 Jahre,m,2617
09475,2023,40 bis unter 45 Jahre,f,2652
09475,2023,80 bis unter 85 Jahre,f,2359
09475,2023,80 bis unter 85 Jahre,m,1610
09475,2023,45 bis unter 50 Jahre,f,2557
09475,2023,45 bis unter 50 Jahre,m,2465
09475,2023,25 bis unter 30 Jahre,f,2054
09475,2023,25 bis unter 30 Jahre,m,2257
09475,2023,15 bis unter 20 Jahre,m,2103
09475,2023,15 bis unter 20 Jahre,f,1922
09475,2023,50 bis unter 55 Jahre,m,3319
09475,2023,50 bis unter 55 Jahre,f,3535
09475,2023,70 bis unter 75 Jahre,f,3053
09475,2023,70 bis unter 75 Jahre,m,2717
09475,2023,30 bis unter 35 Jahre,m,2655
09475,2023,30 bis unter 35 Jahre,f,2460
09475,2023,10 bis unter 15 Jahre,m,1979
09475,2023,10 bis unter 15 Jahre,f,1841
09475,2023,65 bis unter 70 Jahre,m,3404
09475,2023,65 bis unter 70 Jahre,f,3462
09475,2023,85 bis unter 90 Jahre,m,983
09475,2023,85 bis unter 90 Jahre,f,1713
09475,2023,95 Jahre und mehr,f,157
09475,2023,95 Jahre und mehr,m,42
09475,2023,5 bis unter 10 Jahre,m,2030
09475,2023,5 bis unter 10 Jahre,f,1993
09475,2023,90 bis unter 95 Jahre,f,667
09475,2023,90 bis unter 95 Jahre,m,241
09471,2023,15 bis unter 20 Jahre,f,3305
09471,2023,15 bis unter 20 Jahre,m,3659
09471,2023,unter 5 Jahre,f,3534
09471,2023,unter 5 Jahre,m,3677
09471,2023,20 bis unter 25 Jahre,f,3157
09471,2023,20 bis unter 25 Jahre,m,3829
09471,2023,35 bis unter 40 Jahre,f,4859
09471,2023,35 bis unter 40 Jahre,m,4989
09471,2023,70 bis unter 75 Jahre,m,3808
09471,2023,70 bis unter 75 Jahre,f,3953
09471,2023,40 bis unter 45 Jahre,f,4816
09471,2023,40 bis unter 45 Jahre,m,4928
09471,2023,95 Jahre und mehr,f,152
09471,2023,95 Jahre und mehr,m,48
09471,2023,55 bis unter 60 Jahre,f,6448
09471,2023,55 bis unter 60 Jahre,m,6449
09471,2023,85 bis unter 90 Jahre,m,1035
09471,2023,85 bis unter 90 Jahre,f,1955
09471,2023,25 bis unter 30 Jahre,m,3894
09471,2023,25 bis unter 30 Jahre,f,3485
09471,2023,30 bis unter 35 Jahre,m,4545
09471,2023,30 bis unter 35 Jahre,f,4391
09471,2023,60 bis unter 65 Jahre,f,6339
09471,2023,60 bis unter 65 Jahre,m,6242
09471,2023,50 bis unter 55 Jahre,m,5389
09471,2023,50 bis unter 55 Jahre,f,5387
09471,2023,5 bis unter 10 Jahre,m,3888
09471,2023,5 bis unter 10 Jahre,f,3799
09471,2023,75 bis unter 80 Jahre,m,2313
09471,2023,75 bis unter 80 Jahre,f,2577
09471,2023,45 bis unter 50 Jahre,f,4339
09471,2023,45 bis unter 50 Jahre,m,4576
09471,2023,90 bis unter 95 Jahre,f,622
09471,2023,90 bis unter 95 Jahre,m,245
09471,2023,10 bis unter 15 Jahre,m,3543
09471,2023,10 bis unter 15 Jahre,f,3389
09471,2023,80 bis unter 85 Jahre,f,2583
09471,2023,80 bis unter 85 Jahre,m,1929
09471,2023,65 bis unter 70 Jahre,m,4931
09471,2023,65 bis unter 70 Jahre,f,5010
06635,2023,55 bis unter 60 Jahre,m,6809
06635,2023,55 bis unter 60 Jahre,f,6670
06635,2023,unter 5 Jahre,m,3408
06635,2023,unter 5 Jahre,f,3218
06635,2023,35 bis unter 40 Jahre,m,4727
06635,2023,35 bis unter 40 Jahre,f,4464
06635,2023,40 bis unter 45 Jahre,m,4468
06635,2023,40 bis unter 45 Jahre,f,4406
06635,2023,80 bis unter 85 Jahre,f,3489
06635,2023,80 bis unter 85 Jahre,m,2535
06635,2023,60 bis unter 65 Jahre,f,6641
06635,2023,60 bis unter 65 Jahre,m,6632
06635,2023,15 bis unter 20 Jahre,m,3994
06635,2023,15 bis unter 20 Jahre,f,3586
06635,2023,20 bis unter 25 Jahre,m,4090
06635,2023,20 bis unter 25 Jahre,f,3416
06635,2023,75 bis unter 80 Jahre,f,3318
06635,2023,75 bis unter 80 Jahre,m,2769
06635,2023,95 Jahre und mehr,f,250
06635,2023,95 Jahre und mehr,m,55
06635,2023,5 bis unter 10 Jahre,f,3462
06635,2023,5 bis unter 10 Jahre,m,3804
06635,2023,10 bis unter 15 Jahre,f,3516
06635,2023,10 bis unter 15 Jahre,m,3617
06635,2023,90 bis unter 95 Jahre,m,364
06635,2023,90 bis unter 95 Jahre,f,848
06635,2023,85 bis unter 90 Jahre,f,2551
06635,2023,85 bis unter 90 Jahre,m,1494
06635,2023,30 bis unter 35 Jahre,f,4302
06635,2023,30 bis unter 35 Jahre,m,4692
06635,2023,65 bis unter 70 Jahre,m,5282
06635,2023,65 bis unter 70 Jahre,f,5581
06635,2023,45 bis unter 50 Jahre,m,4252
06635,2023,45 bis unter 50 Jahre,f,4489
06635,2023,50 bis unter 55 Jahre,f,5569
06635,2023,50 bis unter 55 Jahre,m,5169
06635,2023,70 bis unter 75 Jahre,m,4309
06635,2023,70 bis unter 75 Jahre,f,4679
06635,2023,25 bis unter 30 Jahre,f,3739
06635,2023,25 bis unter 30 Jahre,m,4471
09176,2023,90 bis unter 95 Jahre,m,279
09176,2023,90 bis unter 95 Jahre,f,522
09176,2023,85 bis unter 90 Jahre,m,1060
09176,2023,85 bis unter 90 Jahre,f,1609
09176,2023,70 bis unter 75 Jahre,m,3071
09176,2023,70 bis unter 75 Jahre,f,3189
09176,2023,30 bis unter 35 Jahre,m,4389
09176,2023,30 bis unter 35 Jahre,f,4023
09176,2023,unter 5 Jahre,f,3630
09176,2023,unter 5 Jahre,m,3785
09176,2023,15 bis unter 20 Jahre,f,3314
09176,2023,15 bis unter 20 Jahre,m,3650
09176,2023,75 bis unter 80 Jahre,f,2062
09176,2023,75 bis unter 80 Jahre,m,1921
09176,2023,40 bis unter 45 Jahre,f,4638
09176,2023,40 bis unter 45 Jahre,m,4774
09176,2023,65 bis unter 70 Jahre,m,4022
09176,2023,65 bis unter 70 Jahre,f,3843
09176,2023,20 bis unter 25 Jahre,m,3854
09176,2023,20 bis unter 25 Jahre,f,3457
09176,2023,10 bis unter 15 Jahre,m,3645
09176,2023,10 bis unter 15 Jahre,f,3382
09176,2023,95 Jahre und mehr,m,41
09176,2023,95 Jahre und mehr,f,126
09176,2023,5 bis unter 10 Jahre,f,3810
09176,2023,5 bis unter 10 Jahre,m,3908
09176,2023,55 bis unter 60 Jahre,m,5497
09176,2023,55 bis unter 60 Jahre,f,5225
09176,2023,25 bis unter 30 Jahre,f,3512
09176,2023,25 bis unter 30 Jahre,m,4074
09176,2023,50 bis unter 55 Jahre,f,4434
09176,2023,50 bis unter 55 Jahre,m,4561
09176,2023,80 bis unter 85 Jahre,m,1818
09176,2023,80 bis unter 85 Jahre,f,2260
09176,2023,60 bis unter 65 Jahre,f,4988
09176,2023,60 bis unter 65 Jahre,m,4984
09176,2023,35 bis unter 40 Jahre,m,4745
09176,2023,35 bis unter 40 Jahre,f,4609
09176,2023,45 bis unter 50 Jahre,m,4457
09176,2023,45 bis unter 50 Jahre,f,4052
05112,2023,45 bis unter 50 Jahre,f,14796
05112,2023,45 bis unter 50 Jahre,m,15256
05112,2023,10 bis unter 15 Jahre,f,11978
05112,2023,10 bis unter 15 Jahre,m,12495
05112,2023,65 bis unter 70 Jahre,f,15055
05112,2023,65 bis unter 70 Jahre,m,13955
05112,2023,85 bis unter 90 Jahre,f,7494
05112,2023,85 bis unter 90 Jahre,m,4072
05112,2023,70 bis unter 75 Jahre,f,12717
05112,2023,70 bis unter 75 Jahre,m,10275
05112,2023,5 bis unter 10 Jahre,f,12660
05112,2023,5 bis unter 10 Jahre,m,13566
05112,2023,25 bis unter 30 Jahre,m,17436
05112,2023,25 bis unter 30 Jahre,f,15502
05112,2023,60 bis unter 65 Jahre,m,17745
05112,2023,60 bis unter 65 Jahre,f,17958
05112,2023,30 bis unter 35 Jahre,f,17120
05112,2023,30 bis unter 35 Jahre,m,18483
05112,2023,75 bis unter 80 Jahre,m,7389
05112,2023,75 bis unter 80 Jahre,f,9539
05112,2023,90 bis unter 95 Jahre,f,2787
05112,2023,90 bis unter 95 Jahre,m,1215
05112,2023,unter 5 Jahre,m,12966
05112,2023,unter 5 Jahre,f,12158
05112,2023,80 bis unter 85 Jahre,m,6498
05112,2023,80 bis unter 85 Jahre,f,9798
05112,2023,55 bis unter 60 Jahre,m,19926
05112,2023,55 bis unter 60 Jahre,f,18914
05112,2023,20 bis unter 25 Jahre,f,13824
05112,2023,20 bis unter 25 Jahre,m,14757
05112,2023,15 bis unter 20 Jahre,f,12058
05112,2023,15 bis unter 20 Jahre,m,13113
05112,2023,95 Jahre und mehr,m,234
05112,2023,95 Jahre und mehr,f,855
05112,2023,35 bis unter 40 Jahre,f,16252
05112,2023,35 bis unter 40 Jahre,m,17039
05112,2023,40 bis unter 45 Jahre,f,15457
05112,2023,40 bis unter 45 Jahre,m,16121
05112,2023,50 bis unter 55 Jahre,m,17055
05112,2023,50 bis unter 55 Jahre,f,16667
07131,2023,unter 5 Jahre,m,2945
07131,2023,unter 5 Jahre,f,2860
07131,2023,60 bis unter 65 Jahre,f,5402
07131,2023,60 bis unter 65 Jahre,m,5381
07131,2023,15 bis unter 20 Jahre,m,2770
07131,2023,15 bis unter 20 Jahre,f,2667
07131,2023,20 bis unter 25 Jahre,m,3077
07131,2023,20 bis unter 25 Jahre,f,2679
07131,2023,55 bis unter 60 Jahre,m,5672
07131,2023,55 bis unter 60 Jahre,f,5742
07131,2023,40 bis unter 45 Jahre,m,3887
07131,2023,40 bis unter 45 Jahre,f,3811
07131,2023,80 bis unter 85 Jahre,f,3204
07131,2023,80 bis unter 85 Jahre,m,2351
07131,2023,75 bis unter 80 Jahre,f,3053
07131,2023,75 bis unter 80 Jahre,m,2464
07131,2023,35 bis unter 40 Jahre,m,4147
07131,2023,35 bis unter 40 Jahre,f,3698
07131,2023,95 Jahre und mehr,m,79
07131,2023,95 Jahre und mehr,f,244
07131,2023,25 bis unter 30 Jahre,f,3049
07131,2023,25 bis unter 30 Jahre,m,3538
07131,2023,50 bis unter 55 Jahre,m,4114
07131,2023,50 bis unter 55 Jahre,f,4249
07131,2023,45 bis unter 50 Jahre,f,3446
07131,2023,45 bis unter 50 Jahre,m,3456
07131,2023,70 bis unter 75 Jahre,f,3945
07131,2023,70 bis unter 75 Jahre,m,3710
07131,2023,10 bis unter 15 Jahre,m,2744
07131,2023,10 bis unter 15 Jahre,f,2724
07131,2023,65 bis unter 70 Jahre,f,4563
07131,2023,65 bis unter 70 Jahre,m,4491
07131,2023,85 bis unter 90 Jahre,m,1446
07131,2023,85 bis unter 90 Jahre,f,2240
07131,2023,5 bis unter 10 Jahre,m,2994
07131,2023,5 bis unter 10 Jahre,f,2842
07131,2023,30 bis unter 35 Jahre,m,3912
07131,2023,30 bis unter 35 Jahre,f,3765
07131,2023,90 bis unter 95 Jahre,f,799
07131,2023,90 bis unter 95 Jahre,m,386
05314,2023,40 bis unter 45 Jahre,m,10365
05314,2023,40 bis unter 45 Jahre,f,10694
05314,2023,20 bis unter 25 Jahre,m,10888
05314,2023,20 bis unter 25 Jahre,f,12393
05314,2023,unter 5 Jahre,m,7402
05314,2023,unter 5 Jahre,f,6917
05314,2023,60 bis unter 65 Jahre,f,10807
05314,2023,60 bis unter 65 Jahre,m,10080
05314,2023,15 bis unter 20 Jahre,m,8427
05314,2023,15 bis unter 20 Jahre,f,7977
05314,2023,80 bis unter 85 Jahre,m,4110
05314,2023,80 bis unter 85 Jahre,f,6131
05314,2023,55 bis unter 60 Jahre,m,11552
05314,2023,55 bis unter 60 Jahre,f,11870
05314,2023,25 bis unter 30 Jahre,f,13127
05314,2023,25 bis unter 30 Jahre,m,12705
05314,2023,65 bis unter 70 Jahre,f,8764
05314,2023,65 bis unter 70 Jahre,m,7859
05314,2023,35 bis unter 40 Jahre,f,11068
05314,2023,35 bis unter 40 Jahre,m,11095
05314,2023,70 bis unter 75 Jahre,f,7422
05314,2023,70 bis unter 75 Jahre,m,6140
05314,2023,95 Jahre und mehr,f,661
05314,2023,95 Jahre und mehr,m,200
05314,2023,45 bis unter 50 Jahre,f,9801
05314,2023,45 bis unter 50 Jahre,m,8929
05314,2023,85 bis unter 90 Jahre,m,2444
05314,2023,85 bis unter 90 Jahre,f,4383
05314,2023,50 bis unter 55 Jahre,m,10057
05314,2023,50 bis unter 55 Jahre,f,10423
05314,2023,30 bis unter 35 Jahre,m,12281
05314,2023,30 bis unter 35 Jahre,f,11950
05314,2023,90 bis unter 95 Jahre,m,780
05314,2023,90 bis unter 95 Jahre,f,1659
05314,2023,5 bis unter 10 Jahre,m,7791
05314,2023,5 bis unter 10 Jahre,f,7244
05314,2023,75 bis unter 80 Jahre,f,5901
05314,2023,75 bis unter 80 Jahre,m,4312
05314,2023,10 bis unter 15 Jahre,f,7390
05314,2023,10 bis unter 15 Jahre,m,7681
09675,2023,90 bis unter 95 Jahre,m,201
09675,2023,90 bis unter 95 Jahre,f,467
09675,2023,95 Jahre und mehr,m,45
09675,2023,95 Jahre und mehr,f,123
09675,2023,35 bis unter 40 Jahre,f,2903
09675,2023,35 bis unter 40 Jahre,m,3132
09675,2023,20 bis unter 25 Jahre,f,2081
09675,2023,20 bis unter 25 Jahre,m,2466
09675,2023,50 bis unter 55 Jahre,m,3211
09675,2023,50 bis unter 55 Jahre,f,3092
09675,2023,75 bis unter 80 Jahre,f,1659
09675,2023,75 bis unter 80 Jahre,m,1528
09675,2023,65 bis unter 70 Jahre,m,2910
09675,2023,65 bis unter 70 Jahre,f,3073
09675,2023,15 bis unter 20 Jahre,m,2147
09675,2023,15 bis unter 20 Jahre,f,2080
09675,2023,60 bis unter 65 Jahre,f,3775
09675,2023,60 bis unter 65 Jahre,m,3668
09675,2023,85 bis unter 90 Jahre,f,1339
09675,2023,85 bis unter 90 Jahre,m,695
09675,2023,30 bis unter 35 Jahre,f,2778
09675,2023,30 bis unter 35 Jahre,m,2940
09675,2023,10 bis unter 15 Jahre,m,2099
09675,2023,10 bis unter 15 Jahre,f,1982
09675,2023,5 bis unter 10 Jahre,m,2402
09675,2023,5 bis unter 10 Jahre,f,2152
09675,2023,40 bis unter 45 Jahre,f,2927
09675,2023,40 bis unter 45 Jahre,m,2983
09675,2023,80 bis unter 85 Jahre,m,1240
09675,2023,80 bis unter 85 Jahre,f,1701
09675,2023,25 bis unter 30 Jahre,f,2186
09675,2023,25 bis unter 30 Jahre,m,2612
09675,2023,unter 5 Jahre,m,2384
09675,2023,unter 5 Jahre,f,2192
09675,2023,70 bis unter 75 Jahre,f,2504
09675,2023,70 bis unter 75 Jahre,m,2423
09675,2023,55 bis unter 60 Jahre,m,3948
09675,2023,55 bis unter 60 Jahre,f,3780
09675,2023,45 bis unter 50 Jahre,f,2719
09675,2023,45 bis unter 50 Jahre,m,2650
08211,2023,85 bis unter 90 Jahre,m,766
08211,2023,85 bis unter 90 Jahre,f,1127
08211,2023,30 bis unter 35 Jahre,m,1526
08211,2023,30 bis unter 35 Jahre,f,1637
08211,2023,65 bis unter 70 Jahre,m,1830
08211,2023,65 bis unter 70 Jahre,f,1983
08211,2023,10 bis unter 15 Jahre,m,1186
08211,2023,10 bis unter 15 Jahre,f,1131
08211,2023,5 bis unter 10 Jahre,m,1202
08211,2023,5 bis unter 10 Jahre,f,1209
08211,2023,50 bis unter 55 Jahre,f,1881
08211,2023,50 bis unter 55 Jahre,m,1839
08211,2023,70 bis unter 75 Jahre,m,1459
08211,2023,70 bis unter 75 Jahre,f,1913
08211,2023,95 Jahre und mehr,m,49
08211,2023,95 Jahre und mehr,f,160
08211,2023,90 bis unter 95 Jahre,f,384
08211,2023,90 bis unter 95 Jahre,m,201
08211,2023,45 bis unter 50 Jahre,m,1505
08211,2023,45 bis unter 50 Jahre,f,1833
08211,2023,15 bis unter 20 Jahre,f,1220
08211,2023,15 bis unter 20 Jahre,m,1298
08211,2023,35 bis unter 40 Jahre,f,1816
08211,2023,35 bis unter 40 Jahre,m,1656
08211,2023,55 bis unter 60 Jahre,f,2334
08211,2023,55 bis unter 60 Jahre,m,2407
08211,2023,25 bis unter 30 Jahre,f,1398
08211,2023,25 bis unter 30 Jahre,m,1430
08211,2023,60 bis unter 65 Jahre,f,2175
08211,2023,60 bis unter 65 Jahre,m,2307
08211,2023,40 bis unter 45 Jahre,m,1555
08211,2023,40 bis unter 45 Jahre,f,1874
08211,2023,20 bis unter 25 Jahre,m,1289
08211,2023,20 bis unter 25 Jahre,f,1254
08211,2023,75 bis unter 80 Jahre,m,1173
08211,2023,75 bis unter 80 Jahre,f,1496
08211,2023,80 bis unter 85 Jahre,f,1652
08211,2023,80 bis unter 85 Jahre,m,1084
08211,2023,unter 5 Jahre,f,1135
08211,2023,unter 5 Jahre,m,1152
05554,2023,20 bis unter 25 Jahre,f,8884
05554,2023,20 bis unter 25 Jahre,m,10885
05554,2023,55 bis unter 60 Jahre,f,16524
05554,2023,55 bis unter 60 Jahre,m,16840
05554,2023,40 bis unter 45 Jahre,f,11514
05554,2023,40 bis unter 45 Jahre,m,11678
05554,2023,15 bis unter 20 Jahre,m,10248
05554,2023,15 bis unter 20 Jahre,f,9447
05554,2023,60 bis unter 65 Jahre,f,15057
05554,2023,60 bis unter 65 Jahre,m,14940
05554,2023,75 bis unter 80 Jahre,f,6496
05554,2023,75 bis unter 80 Jahre,m,5733
05554,2023,80 bis unter 85 Jahre,f,6791
05554,2023,80 bis unter 85 Jahre,m,4937
05554,2023,unter 5 Jahre,f,9731
05554,2023,unter 5 Jahre,m,9986
05554,2023,50 bis unter 55 Jahre,m,13076
05554,2023,50 bis unter 55 Jahre,f,13018
05554,2023,70 bis unter 75 Jahre,m,8837
05554,2023,70 bis unter 75 Jahre,f,9494
05554,2023,35 bis unter 40 Jahre,m,12391
05554,2023,35 bis unter 40 Jahre,f,11769
05554,2023,25 bis unter 30 Jahre,m,12050
05554,2023,25 bis unter 30 Jahre,f,10146
05554,2023,65 bis unter 70 Jahre,f,11715
05554,2023,65 bis unter 70 Jahre,m,11392
05554,2023,30 bis unter 35 Jahre,f,11712
05554,2023,30 bis unter 35 Jahre,m,12796
05554,2023,45 bis unter 50 Jahre,f,11023
05554,2023,45 bis unter 50 Jahre,m,10903
05554,2023,95 Jahre und mehr,m,112
05554,2023,95 Jahre und mehr,f,490
05554,2023,10 bis unter 15 Jahre,f,9469
05554,2023,10 bis unter 15 Jahre,m,9398
05554,2023,90 bis unter 95 Jahre,f,1814
05554,2023,90 bis unter 95 Jahre,m,743
05554,2023,5 bis unter 10 Jahre,m,10153
05554,2023,5 bis unter 10 Jahre,f,9708
05554,2023,85 bis unter 90 Jahre,m,2930
05554,2023,85 bis unter 90 Jahre,f,4957
09564,2023,55 bis unter 60 Jahre,m,19570
09564,2023,55 bis unter 60 Jahre,f,18711
09564,2023,unter 5 Jahre,m,12179
09564,2023,unter 5 Jahre,f,11773
09564,2023,20 bis unter 25 Jahre,m,15729
09564,2023,20 bis unter 25 Jahre,f,15130
09564,2023,75 bis unter 80 Jahre,m,8347
09564,2023,75 bis unter 80 Jahre,f,11046
09564,2023,40 bis unter 45 Jahre,m,18229
09564,2023,40 bis unter 45 Jahre,f,18125
09564,2023,80 bis unter 85 Jahre,f,11207
09564,2023,80 bis unter 85 Jahre,m,7577
09564,2023,35 bis unter 40 Jahre,m,19788
09564,2023,35 bis unter 40 Jahre,f,18609
09564,2023,60 bis unter 65 Jahre,m,16567
09564,2023,60 bis unter 65 Jahre,f,17223
09564,2023,25 bis unter 30 Jahre,f,19059
09564,2023,25 bis unter 30 Jahre,m,20205
09564,2023,95 Jahre und mehr,m,221
09564,2023,95 Jahre und mehr,f,820
09564,2023,45 bis unter 50 Jahre,f,16762
09564,2023,45 bis unter 50 Jahre,m,16395
09564,2023,15 bis unter 20 Jahre,m,12370
09564,2023,15 bis unter 20 Jahre,f,11671
09564,2023,70 bis unter 75 Jahre,f,13289
09564,2023,70 bis unter 75 Jahre,m,10089
09564,2023,50 bis unter 55 Jahre,m,17433
09564,2023,50 bis unter 55 Jahre,f,17282
09564,2023,10 bis unter 15 Jahre,m,11636
09564,2023,10 bis unter 15 Jahre,f,11050
09564,2023,65 bis unter 70 Jahre,m,13067
09564,2023,65 bis unter 70 Jahre,f,14727
09564,2023,85 bis unter 90 Jahre,m,4233
09564,2023,85 bis unter 90 Jahre,f,7715
09564,2023,5 bis unter 10 Jahre,m,12278
09564,2023,5 bis unter 10 Jahre,f,11687
09564,2023,30 bis unter 35 Jahre,m,21377
09564,2023,30 bis unter 35 Jahre,f,19479
09564,2023,90 bis unter 95 Jahre,f,2722
09564,2023,90 bis unter 95 Jahre,m,1229
09174,2023,10 bis unter 15 Jahre,m,3898
09174,2023,10 bis unter 15 Jahre,f,3548
09174,2023,65 bis unter 70 Jahre,m,4047
09174,2023,65 bis unter 70 Jahre,f,4272
09174,2023,30 bis unter 35 Jahre,m,5055
09174,2023,30 bis unter 35 Jahre,f,4698
09174,2023,85 bis unter 90 Jahre,m,1161
09174,2023,85 bis unter 90 Jahre,f,1864
09174,2023,5 bis unter 10 Jahre,m,4095
09174,2023,5 bis unter 10 Jahre,f,3715
09174,2023,70 bis unter 75 Jahre,m,2978
09174,2023,70 bis unter 75 Jahre,f,3676
09174,2023,50 bis unter 55 Jahre,f,5298
09174,2023,50 bis unter 55 Jahre,m,5420
09174,2023,90 bis unter 95 Jahre,f,678
09174,2023,90 bis unter 95 Jahre,m,292
09174,2023,45 bis unter 50 Jahre,m,4999
09174,2023,45 bis unter 50 Jahre,f,5128
09174,2023,15 bis unter 20 Jahre,f,3514
09174,2023,15 bis unter 20 Jahre,m,3863
09174,2023,95 Jahre und mehr,m,52
09174,2023,95 Jahre und mehr,f,191
09174,2023,unter 5 Jahre,f,3694
09174,2023,unter 5 Jahre,m,3947
09174,2023,75 bis unter 80 Jahre,f,3038
09174,2023,75 bis unter 80 Jahre,m,2348
09174,2023,20 bis unter 25 Jahre,f,3417
09174,2023,20 bis unter 25 Jahre,m,4185
09174,2023,55 bis unter 60 Jahre,m,6493
09174,2023,55 bis unter 60 Jahre,f,6240
09174,2023,35 bis unter 40 Jahre,m,5290
09174,2023,35 bis unter 40 Jahre,f,5248
09174,2023,80 bis unter 85 Jahre,f,2898
09174,2023,80 bis unter 85 Jahre,m,2237
09174,2023,40 bis unter 45 Jahre,m,5336
09174,2023,40 bis unter 45 Jahre,f,5533
09174,2023,60 bis unter 65 Jahre,m,5491
09174,2023,60 bis unter 65 Jahre,f,5367
09174,2023,25 bis unter 30 Jahre,f,3944
09174,2023,25 bis unter 30 Jahre,m,4777
06435,2023,85 bis unter 90 Jahre,f,5800
06435,2023,85 bis unter 90 Jahre,m,3717
06435,2023,30 bis unter 35 Jahre,f,12695
06435,2023,30 bis unter 35 Jahre,m,13209
06435,2023,5 bis unter 10 Jahre,m,10748
06435,2023,5 bis unter 10 Jahre,f,10066
06435,2023,50 bis unter 55 Jahre,f,14716
06435,2023,50 bis unter 55 Jahre,m,14512
06435,2023,70 bis unter 75 Jahre,f,11914
06435,2023,70 bis unter 75 Jahre,m,10330
06435,2023,25 bis unter 30 Jahre,m,12083
06435,2023,25 bis unter 30 Jahre,f,10595
06435,2023,65 bis unter 70 Jahre,f,13478
06435,2023,65 bis unter 70 Jahre,m,12458
06435,2023,90 bis unter 95 Jahre,f,2017
06435,2023,90 bis unter 95 Jahre,m,913
06435,2023,10 bis unter 15 Jahre,m,10036
06435,2023,10 bis unter 15 Jahre,f,9534
06435,2023,45 bis unter 50 Jahre,m,12562
06435,2023,45 bis unter 50 Jahre,f,12877
06435,2023,95 Jahre und mehr,f,580
06435,2023,95 Jahre und mehr,m,182
06435,2023,60 bis unter 65 Jahre,m,15719
06435,2023,60 bis unter 65 Jahre,f,16270
06435,2023,15 bis unter 20 Jahre,f,9576
06435,2023,15 bis unter 20 Jahre,m,10562
06435,2023,35 bis unter 40 Jahre,f,13469
06435,2023,35 bis unter 40 Jahre,m,13685
06435,2023,40 bis unter 45 Jahre,m,13498
06435,2023,40 bis unter 45 Jahre,f,13612
06435,2023,unter 5 Jahre,f,9939
06435,2023,unter 5 Jahre,m,10271
06435,2023,20 bis unter 25 Jahre,f,9714
06435,2023,20 bis unter 25 Jahre,m,11031
06435,2023,75 bis unter 80 Jahre,m,7575
06435,2023,75 bis unter 80 Jahre,f,8834
06435,2023,55 bis unter 60 Jahre,f,17689
06435,2023,55 bis unter 60 Jahre,m,17159
06435,2023,80 bis unter 85 Jahre,f,8755
06435,2023,80 bis unter 85 Jahre,m,6675
01002,2023,55 bis unter 60 Jahre,f,9022
01002,2023,55 bis unter 60 Jahre,m,8948
01002,2023,20 bis unter 25 Jahre,f,11240
01002,2023,20 bis unter 25 Jahre,m,9910
01002,2023,35 bis unter 40 Jahre,f,8017
01002,2023,35 bis unter 40 Jahre,m,8963
01002,2023,40 bis unter 45 Jahre,f,7528
01002,2023,40 bis unter 45 Jahre,m,7397
01002,2023,60 bis unter 65 Jahre,f,8305
01002,2023,60 bis unter 65 Jahre,m,7644
01002,2023,15 bis unter 20 Jahre,m,5701
01002,2023,15 bis unter 20 Jahre,f,5653
01002,2023,75 bis unter 80 Jahre,f,4815
01002,2023,75 bis unter 80 Jahre,m,3765
01002,2023,unter 5 Jahre,f,5255
01002,2023,unter 5 Jahre,m,5361
01002,2023,95 Jahre und mehr,m,90
01002,2023,95 Jahre und mehr,f,411
01002,2023,50 bis unter 55 Jahre,m,7615
01002,2023,50 bis unter 55 Jahre,f,7632
01002,2023,70 bis unter 75 Jahre,m,4922
01002,2023,70 bis unter 75 Jahre,f,5842
01002,2023,80 bis unter 85 Jahre,f,5023
01002,2023,80 bis unter 85 Jahre,m,3698
01002,2023,25 bis unter 30 Jahre,m,12260
01002,2023,25 bis unter 30 Jahre,f,11711
01002,2023,10 bis unter 15 Jahre,f,4901
01002,2023,10 bis unter 15 Jahre,m,5146
01002,2023,30 bis unter 35 Jahre,f,9831
01002,2023,30 bis unter 35 Jahre,m,11004
01002,2023,45 bis unter 50 Jahre,f,6744
01002,2023,45 bis unter 50 Jahre,m,6681
01002,2023,5 bis unter 10 Jahre,f,5262
01002,2023,5 bis unter 10 Jahre,m,5422
01002,2023,90 bis unter 95 Jahre,f,1140
01002,2023,90 bis unter 95 Jahre,m,441
01002,2023,65 bis unter 70 Jahre,f,6893
01002,2023,65 bis unter 70 Jahre,m,6058
01002,2023,85 bis unter 90 Jahre,m,2054
01002,2023,85 bis unter 90 Jahre,f,3446
08221,2023,30 bis unter 35 Jahre,f,6612
08221,2023,30 bis unter 35 Jahre,m,6768
08221,2023,65 bis unter 70 Jahre,f,3650
08221,2023,65 bis unter 70 Jahre,m,3302
08221,2023,10 bis unter 15 Jahre,f,2998
08221,2023,10 bis unter 15 Jahre,m,3059
08221,2023,85 bis unter 90 Jahre,f,1664
08221,2023,85 bis unter 90 Jahre,m,1018
08221,2023,5 bis unter 10 Jahre,f,3293
08221,2023,5 bis unter 10 Jahre,m,3335
08221,2023,25 bis unter 30 Jahre,m,8410
08221,2023,25 bis unter 30 Jahre,f,8661
08221,2023,70 bis unter 75 Jahre,f,3216
08221,2023,70 bis unter 75 Jahre,m,2713
08221,2023,45 bis unter 50 Jahre,f,4134
08221,2023,45 bis unter 50 Jahre,m,3816
08221,2023,40 bis unter 45 Jahre,m,4602
08221,2023,40 bis unter 45 Jahre,f,4905
08221,2023,50 bis unter 55 Jahre,m,4035
08221,2023,50 bis unter 55 Jahre,f,4071
08221,2023,20 bis unter 25 Jahre,m,8021
08221,2023,20 bis unter 25 Jahre,f,10404
08221,2023,15 bis unter 20 Jahre,f,4048
08221,2023,15 bis unter 20 Jahre,m,3802
08221,2023,75 bis unter 80 Jahre,f,2520
08221,2023,75 bis unter 80 Jahre,m,2013
08221,2023,35 bis unter 40 Jahre,f,5317
08221,2023,35 bis unter 40 Jahre,m,5392
08221,2023,95 Jahre und mehr,f,215
08221,2023,95 Jahre und mehr,m,91
08221,2023,55 bis unter 60 Jahre,f,4613
08221,2023,55 bis unter 60 Jahre,m,4462
08221,2023,60 bis unter 65 Jahre,f,4292
08221,2023,60 bis unter 65 Jahre,m,3942
08221,2023,80 bis unter 85 Jahre,f,2505
08221,2023,80 bis unter 85 Jahre,m,1827
08221,2023,unter 5 Jahre,m,3292
08221,2023,unter 5 Jahre,f,3242
08221,2023,90 bis unter 95 Jahre,m,303
08221,2023,90 bis unter 95 Jahre,f,612
08417,2023,70 bis unter 75 Jahre,m,4827
08417,2023,70 bis unter 75 Jahre,f,5525
08417,2023,50 bis unter 55 Jahre,m,6538
08417,2023,50 bis unter 55 Jahre,f,6684
08417,2023,30 bis unter 35 Jahre,m,6106
08417,2023,30 bis unter 35 Jahre,f,5792
08417,2023,10 bis unter 15 Jahre,m,4551
08417,2023,10 bis unter 15 Jahre,f,4392
08417,2023,90 bis unter 95 Jahre,f,1140
08417,2023,90 bis unter 95 Jahre,m,532
08417,2023,15 bis unter 20 Jahre,f,4498
08417,2023,15 bis unter 20 Jahre,m,4868
08417,2023,45 bis unter 50 Jahre,m,5478
08417,2023,45 bis unter 50 Jahre,f,5500
08417,2023,55 bis unter 60 Jahre,f,7967
08417,2023,55 bis unter 60 Jahre,m,8048
08417,2023,85 bis unter 90 Jahre,m,1819
08417,2023,85 bis unter 90 Jahre,f,3164
08417,2023,95 Jahre und mehr,m,87
08417,2023,95 Jahre und mehr,f,348
08417,2023,40 bis unter 45 Jahre,f,5835
08417,2023,40 bis unter 45 Jahre,m,5873
08417,2023,5 bis unter 10 Jahre,m,4791
08417,2023,5 bis unter 10 Jahre,f,4584
08417,2023,25 bis unter 30 Jahre,m,5787
08417,2023,25 bis unter 30 Jahre,f,4803
08417,2023,35 bis unter 40 Jahre,f,6109
08417,2023,35 bis unter 40 Jahre,m,6183
08417,2023,60 bis unter 65 Jahre,f,7866
08417,2023,60 bis unter 65 Jahre,m,7822
08417,2023,80 bis unter 85 Jahre,m,2905
08417,2023,80 bis unter 85 Jahre,f,4161
08417,2023,75 bis unter 80 Jahre,m,3277
08417,2023,75 bis unter 80 Jahre,f,3839
08417,2023,20 bis unter 25 Jahre,m,5293
08417,2023,20 bis unter 25 Jahre,f,4426
08417,2023,unter 5 Jahre,f,4577
08417,2023,unter 5 Jahre,m,4732
08417,2023,65 bis unter 70 Jahre,f,6515
08417,2023,65 bis unter 70 Jahre,m,6097
07233,2023,70 bis unter 75 Jahre,f,1875
07233,2023,70 bis unter 75 Jahre,m,1936
07233,2023,25 bis unter 30 Jahre,m,1654
07233,2023,25 bis unter 30 Jahre,f,1508
07233,2023,90 bis unter 95 Jahre,f,308
07233,2023,90 bis unter 95 Jahre,m,159
07233,2023,45 bis unter 50 Jahre,m,1625
07233,2023,45 bis unter 50 Jahre,f,1621
07233,2023,85 bis unter 90 Jahre,f,940
07233,2023,85 bis unter 90 Jahre,m,655
07233,2023,10 bis unter 15 Jahre,m,1303
07233,2023,10 bis unter 15 Jahre,f,1261
07233,2023,5 bis unter 10 Jahre,m,1350
07233,2023,5 bis unter 10 Jahre,f,1284
07233,2023,50 bis unter 55 Jahre,f,2033
07233,2023,50 bis unter 55 Jahre,m,1875
07233,2023,65 bis unter 70 Jahre,f,2295
07233,2023,65 bis unter 70 Jahre,m,2373
07233,2023,30 bis unter 35 Jahre,m,1845
07233,2023,30 bis unter 35 Jahre,f,1576
07233,2023,80 bis unter 85 Jahre,m,995
07233,2023,80 bis unter 85 Jahre,f,1319
07233,2023,95 Jahre und mehr,f,105
07233,2023,95 Jahre und mehr,m,34
07233,2023,20 bis unter 25 Jahre,f,1189
07233,2023,20 bis unter 25 Jahre,m,1380
07233,2023,unter 5 Jahre,m,1310
07233,2023,unter 5 Jahre,f,1239
07233,2023,75 bis unter 80 Jahre,f,1197
07233,2023,75 bis unter 80 Jahre,m,1135
07233,2023,35 bis unter 40 Jahre,m,1862
07233,2023,35 bis unter 40 Jahre,f,1697
07233,2023,55 bis unter 60 Jahre,m,2587
07233,2023,55 bis unter 60 Jahre,f,2675
07233,2023,60 bis unter 65 Jahre,m,2674
07233,2023,60 bis unter 65 Jahre,f,2630
07233,2023,40 bis unter 45 Jahre,f,1700
07233,2023,40 bis unter 45 Jahre,m,1695
07233,2023,15 bis unter 20 Jahre,f,1253
07233,2023,15 bis unter 20 Jahre,m,1390
03456,2023,unter 5 Jahre,m,3711
03456,2023,unter 5 Jahre,f,3539
03456,2023,55 bis unter 60 Jahre,m,6222
03456,2023,55 bis unter 60 Jahre,f,6160
03456,2023,35 bis unter 40 Jahre,m,4588
03456,2023,35 bis unter 40 Jahre,f,4432
03456,2023,80 bis unter 85 Jahre,f,2753
03456,2023,80 bis unter 85 Jahre,m,2072
03456,2023,75 bis unter 80 Jahre,m,2391
03456,2023,75 bis unter 80 Jahre,f,2644
03456,2023,20 bis unter 25 Jahre,f,3268
03456,2023,20 bis unter 25 Jahre,m,4017
03456,2023,40 bis unter 45 Jahre,m,4373
03456,2023,40 bis unter 45 Jahre,f,4379
03456,2023,60 bis unter 65 Jahre,f,5494
03456,2023,60 bis unter 65 Jahre,m,5611
03456,2023,15 bis unter 20 Jahre,m,3829
03456,2023,15 bis unter 20 Jahre,f,3545
03456,2023,45 bis unter 50 Jahre,f,4119
03456,2023,45 bis unter 50 Jahre,m,4217
03456,2023,70 bis unter 75 Jahre,m,3551
03456,2023,70 bis unter 75 Jahre,f,3946
03456,2023,65 bis unter 70 Jahre,f,4522
03456,2023,65 bis unter 70 Jahre,m,4282
03456,2023,90 bis unter 95 Jahre,f,874
03456,2023,90 bis unter 95 Jahre,m,338
03456,2023,25 bis unter 30 Jahre,m,4439
03456,2023,25 bis unter 30 Jahre,f,3766
03456,2023,30 bis unter 35 Jahre,m,4611
03456,2023,30 bis unter 35 Jahre,f,4314
03456,2023,50 bis unter 55 Jahre,f,5130
03456,2023,50 bis unter 55 Jahre,m,5052
03456,2023,5 bis unter 10 Jahre,m,3822
03456,2023,5 bis unter 10 Jahre,f,3580
03456,2023,10 bis unter 15 Jahre,m,3716
03456,2023,10 bis unter 15 Jahre,f,3491
03456,2023,85 bis unter 90 Jahre,f,1936
03456,2023,85 bis unter 90 Jahre,m,1182
03456,2023,95 Jahre und mehr,f,235
03456,2023,95 Jahre und mehr,m,61
08426,2023,75 bis unter 80 Jahre,f,3379
08426,2023,75 bis unter 80 Jahre,m,3010
08426,2023,20 bis unter 25 Jahre,f,4804
08426,2023,20 bis unter 25 Jahre,m,5918
08426,2023,unter 5 Jahre,f,5438
08426,2023,unter 5 Jahre,m,5546
08426,2023,55 bis unter 60 Jahre,m,8411
08426,2023,55 bis unter 60 Jahre,f,8049
08426,2023,60 bis unter 65 Jahre,f,7659
08426,2023,60 bis unter 65 Jahre,m,7577
08426,2023,35 bis unter 40 Jahre,f,6844
08426,2023,35 bis unter 40 Jahre,m,7319
08426,2023,90 bis unter 95 Jahre,m,409
08426,2023,90 bis unter 95 Jahre,f,972
08426,2023,15 bis unter 20 Jahre,m,5565
08426,2023,15 bis unter 20 Jahre,f,5004
08426,2023,50 bis unter 55 Jahre,m,7112
08426,2023,50 bis unter 55 Jahre,f,6944
08426,2023,80 bis unter 85 Jahre,m,2825
08426,2023,80 bis unter 85 Jahre,f,3691
08426,2023,45 bis unter 50 Jahre,m,6350
08426,2023,45 bis unter 50 Jahre,f,6093
08426,2023,70 bis unter 75 Jahre,m,4873
08426,2023,70 bis unter 75 Jahre,f,5098
08426,2023,30 bis unter 35 Jahre,f,6511
08426,2023,30 bis unter 35 Jahre,m,7171
08426,2023,95 Jahre und mehr,f,269
08426,2023,95 Jahre und mehr,m,90
08426,2023,65 bis unter 70 Jahre,f,6288
08426,2023,65 bis unter 70 Jahre,m,6084
08426,2023,85 bis unter 90 Jahre,f,2646
08426,2023,85 bis unter 90 Jahre,m,1648
08426,2023,10 bis unter 15 Jahre,f,5114
08426,2023,10 bis unter 15 Jahre,m,5339
08426,2023,5 bis unter 10 Jahre,m,5778
08426,2023,5 bis unter 10 Jahre,f,5536
08426,2023,25 bis unter 30 Jahre,m,6462
08426,2023,25 bis unter 30 Jahre,f,5501
08426,2023,40 bis unter 45 Jahre,m,6801
08426,2023,40 bis unter 45 Jahre,f,6655
08435,2023,40 bis unter 45 Jahre,m,6885
08435,2023,40 bis unter 45 Jahre,f,7056
08435,2023,75 bis unter 80 Jahre,m,4192
08435,2023,75 bis unter 80 Jahre,f,5111
08435,2023,20 bis unter 25 Jahre,m,5625
08435,2023,20 bis unter 25 Jahre,f,4836
08435,2023,55 bis unter 60 Jahre,m,9094
08435,2023,55 bis unter 60 Jahre,f,8987
08435,2023,80 bis unter 85 Jahre,m,4308
08435,2023,80 bis unter 85 Jahre,f,5623
08435,2023,60 bis unter 65 Jahre,m,8228
08435,2023,60 bis unter 65 Jahre,f,8740
08435,2023,35 bis unter 40 Jahre,m,7107
08435,2023,35 bis unter 40 Jahre,f,6893
08435,2023,5 bis unter 10 Jahre,f,5194
08435,2023,5 bis unter 10 Jahre,m,5318
08435,2023,10 bis unter 15 Jahre,f,4901
08435,2023,10 bis unter 15 Jahre,m,5252
08435,2023,65 bis unter 70 Jahre,f,7254
08435,2023,65 bis unter 70 Jahre,m,6433
08435,2023,unter 5 Jahre,f,5035
08435,2023,unter 5 Jahre,m,5354
08435,2023,95 Jahre und mehr,m,115
08435,2023,95 Jahre und mehr,f,332
08435,2023,30 bis unter 35 Jahre,f,6605
08435,2023,30 bis unter 35 Jahre,m,6869
08435,2023,90 bis unter 95 Jahre,m,583
08435,2023,90 bis unter 95 Jahre,f,1162
08435,2023,85 bis unter 90 Jahre,f,3453
08435,2023,85 bis unter 90 Jahre,m,2306
08435,2023,50 bis unter 55 Jahre,m,7209
08435,2023,50 bis unter 55 Jahre,f,7448
08435,2023,70 bis unter 75 Jahre,m,5521
08435,2023,70 bis unter 75 Jahre,f,6518
08435,2023,45 bis unter 50 Jahre,m,6447
08435,2023,45 bis unter 50 Jahre,f,6395
08435,2023,15 bis unter 20 Jahre,f,5263
08435,2023,15 bis unter 20 Jahre,m,5701
08435,2023,25 bis unter 30 Jahre,f,5569
08435,2023,25 bis unter 30 Jahre,m,6286
05122,2023,40 bis unter 45 Jahre,m,5107
05122,2023,40 bis unter 45 Jahre,f,5217
05122,2023,75 bis unter 80 Jahre,m,2663
05122,2023,75 bis unter 80 Jahre,f,3429
05122,2023,60 bis unter 65 Jahre,m,6505
05122,2023,60 bis unter 65 Jahre,f,6644
05122,2023,95 Jahre und mehr,f,320
05122,2023,95 Jahre und mehr,m,72
05122,2023,80 bis unter 85 Jahre,m,2567
05122,2023,80 bis unter 85 Jahre,f,3741
05122,2023,unter 5 Jahre,m,3979
05122,2023,unter 5 Jahre,f,3734
05122,2023,55 bis unter 60 Jahre,m,7188
05122,2023,55 bis unter 60 Jahre,f,7266
05122,2023,25 bis unter 30 Jahre,f,4552
05122,2023,25 bis unter 30 Jahre,m,5029
05122,2023,15 bis unter 20 Jahre,m,4291
05122,2023,15 bis unter 20 Jahre,f,3834
05122,2023,10 bis unter 15 Jahre,f,3685
05122,2023,10 bis unter 15 Jahre,m,3915
05122,2023,45 bis unter 50 Jahre,f,4817
05122,2023,45 bis unter 50 Jahre,m,4819
05122,2023,35 bis unter 40 Jahre,f,5462
05122,2023,35 bis unter 40 Jahre,m,5321
05122,2023,65 bis unter 70 Jahre,f,5178
05122,2023,65 bis unter 70 Jahre,m,4857
05122,2023,70 bis unter 75 Jahre,f,4170
05122,2023,70 bis unter 75 Jahre,m,3575
05122,2023,90 bis unter 95 Jahre,f,1004
05122,2023,90 bis unter 95 Jahre,m,435
05122,2023,85 bis unter 90 Jahre,m,1543
05122,2023,85 bis unter 90 Jahre,f,2786
05122,2023,50 bis unter 55 Jahre,m,5520
05122,2023,50 bis unter 55 Jahre,f,5747
05122,2023,30 bis unter 35 Jahre,m,5480
05122,2023,30 bis unter 35 Jahre,f,5208
05122,2023,20 bis unter 25 Jahre,f,4085
05122,2023,20 bis unter 25 Jahre,m,4250
05122,2023,5 bis unter 10 Jahre,m,4189
05122,2023,5 bis unter 10 Jahre,f,3894
06437,2023,65 bis unter 70 Jahre,m,3294
06437,2023,65 bis unter 70 Jahre,f,3459
06437,2023,10 bis unter 15 Jahre,m,2105
06437,2023,10 bis unter 15 Jahre,f,2095
06437,2023,85 bis unter 90 Jahre,m,891
06437,2023,85 bis unter 90 Jahre,f,1526
06437,2023,30 bis unter 35 Jahre,m,2795
06437,2023,30 bis unter 35 Jahre,f,2561
06437,2023,50 bis unter 55 Jahre,f,3361
06437,2023,50 bis unter 55 Jahre,m,3234
06437,2023,5 bis unter 10 Jahre,m,2269
06437,2023,5 bis unter 10 Jahre,f,2028
06437,2023,15 bis unter 20 Jahre,f,2151
06437,2023,15 bis unter 20 Jahre,m,2214
06437,2023,90 bis unter 95 Jahre,f,584
06437,2023,90 bis unter 95 Jahre,m,268
06437,2023,70 bis unter 75 Jahre,m,2825
06437,2023,70 bis unter 75 Jahre,f,3053
06437,2023,45 bis unter 50 Jahre,m,2650
06437,2023,45 bis unter 50 Jahre,f,2731
06437,2023,35 bis unter 40 Jahre,f,2839
06437,2023,35 bis unter 40 Jahre,m,2885
06437,2023,95 Jahre und mehr,m,67
06437,2023,95 Jahre und mehr,f,194
06437,2023,25 bis unter 30 Jahre,f,2128
06437,2023,25 bis unter 30 Jahre,m,2535
06437,2023,60 bis unter 65 Jahre,f,4107
06437,2023,60 bis unter 65 Jahre,m,3897
06437,2023,20 bis unter 25 Jahre,m,2294
06437,2023,20 bis unter 25 Jahre,f,1958
06437,2023,75 bis unter 80 Jahre,m,1851
06437,2023,75 bis unter 80 Jahre,f,2059
06437,2023,40 bis unter 45 Jahre,m,2778
06437,2023,40 bis unter 45 Jahre,f,2777
06437,2023,80 bis unter 85 Jahre,f,2107
06437,2023,80 bis unter 85 Jahre,m,1629
06437,2023,55 bis unter 60 Jahre,m,3976
06437,2023,55 bis unter 60 Jahre,f,4006
06437,2023,unter 5 Jahre,f,1938
06437,2023,unter 5 Jahre,m,2127
09274,2023,55 bis unter 60 Jahre,f,6668
09274,2023,55 bis unter 60 Jahre,m,7056
09274,2023,75 bis unter 80 Jahre,f,2813
09274,2023,75 bis unter 80 Jahre,m,2661
09274,2023,20 bis unter 25 Jahre,f,3698
09274,2023,20 bis unter 25 Jahre,m,4309
09274,2023,35 bis unter 40 Jahre,f,5338
09274,2023,35 bis unter 40 Jahre,m,5429
09274,2023,40 bis unter 45 Jahre,f,5332
09274,2023,40 bis unter 45 Jahre,m,5419
09274,2023,15 bis unter 20 Jahre,m,4166
09274,2023,15 bis unter 20 Jahre,f,3848
09274,2023,60 bis unter 65 Jahre,f,6264
09274,2023,60 bis unter 65 Jahre,m,6275
09274,2023,80 bis unter 85 Jahre,f,2799
09274,2023,80 bis unter 85 Jahre,m,2192
09274,2023,50 bis unter 55 Jahre,m,5867
09274,2023,50 bis unter 55 Jahre,f,5834
09274,2023,85 bis unter 90 Jahre,m,1146
09274,2023,85 bis unter 90 Jahre,f,1852
09274,2023,25 bis unter 30 Jahre,f,3809
09274,2023,25 bis unter 30 Jahre,m,4606
09274,2023,30 bis unter 35 Jahre,m,5209
09274,2023,30 bis unter 35 Jahre,f,4854
09274,2023,5 bis unter 10 Jahre,m,4388
09274,2023,5 bis unter 10 Jahre,f,4195
09274,2023,10 bis unter 15 Jahre,f,3842
09274,2023,10 bis unter 15 Jahre,m,3998
09274,2023,95 Jahre und mehr,f,171
09274,2023,95 Jahre und mehr,m,49
09274,2023,65 bis unter 70 Jahre,f,4923
09274,2023,65 bis unter 70 Jahre,m,4893
09274,2023,70 bis unter 75 Jahre,f,4141
09274,2023,70 bis unter 75 Jahre,m,3789
09274,2023,45 bis unter 50 Jahre,f,5092
09274,2023,45 bis unter 50 Jahre,m,5127
09274,2023,unter 5 Jahre,m,4163
09274,2023,unter 5 Jahre,f,4047
09274,2023,90 bis unter 95 Jahre,m,293
09274,2023,90 bis unter 95 Jahre,f,625
09363,2023,35 bis unter 40 Jahre,f,1265
09363,2023,35 bis unter 40 Jahre,m,1330
09363,2023,75 bis unter 80 Jahre,f,1028
09363,2023,75 bis unter 80 Jahre,m,765
09363,2023,55 bis unter 60 Jahre,f,1738
09363,2023,55 bis unter 60 Jahre,m,1739
09363,2023,90 bis unter 95 Jahre,m,79
09363,2023,90 bis unter 95 Jahre,f,289
09363,2023,60 bis unter 65 Jahre,f,1675
09363,2023,60 bis unter 65 Jahre,m,1578
09363,2023,20 bis unter 25 Jahre,f,1207
09363,2023,20 bis unter 25 Jahre,m,1302
09363,2023,50 bis unter 55 Jahre,m,1372
09363,2023,50 bis unter 55 Jahre,f,1444
09363,2023,30 bis unter 35 Jahre,m,1528
09363,2023,30 bis unter 35 Jahre,f,1284
09363,2023,40 bis unter 45 Jahre,m,1228
09363,2023,40 bis unter 45 Jahre,f,1281
09363,2023,85 bis unter 90 Jahre,m,390
09363,2023,85 bis unter 90 Jahre,f,692
09363,2023,15 bis unter 20 Jahre,m,996
09363,2023,15 bis unter 20 Jahre,f,931
09363,2023,5 bis unter 10 Jahre,m,884
09363,2023,5 bis unter 10 Jahre,f,918
09363,2023,45 bis unter 50 Jahre,f,1275
09363,2023,45 bis unter 50 Jahre,m,1162
09363,2023,25 bis unter 30 Jahre,f,1360
09363,2023,25 bis unter 30 Jahre,m,1552
09363,2023,10 bis unter 15 Jahre,f,842
09363,2023,10 bis unter 15 Jahre,m,944
09363,2023,95 Jahre und mehr,f,74
09363,2023,95 Jahre und mehr,m,16
09363,2023,70 bis unter 75 Jahre,f,1249
09363,2023,70 bis unter 75 Jahre,m,999
09363,2023,65 bis unter 70 Jahre,m,1216
09363,2023,65 bis unter 70 Jahre,f,1435
09363,2023,unter 5 Jahre,m,868
09363,2023,unter 5 Jahre,f,860
09363,2023,80 bis unter 85 Jahre,f,980
09363,2023,80 bis unter 85 Jahre,m,655
09671,2023,85 bis unter 90 Jahre,f,2549
09671,2023,85 bis unter 90 Jahre,m,1675
09671,2023,30 bis unter 35 Jahre,f,5026
09671,2023,30 bis unter 35 Jahre,m,5067
09671,2023,5 bis unter 10 Jahre,m,4218
09671,2023,5 bis unter 10 Jahre,f,3957
09671,2023,50 bis unter 55 Jahre,f,6138
09671,2023,50 bis unter 55 Jahre,m,5834
09671,2023,10 bis unter 15 Jahre,f,3608
09671,2023,10 bis unter 15 Jahre,m,3899
09671,2023,25 bis unter 30 Jahre,f,3786
09671,2023,25 bis unter 30 Jahre,m,4509
09671,2023,45 bis unter 50 Jahre,m,4796
09671,2023,45 bis unter 50 Jahre,f,5133
09671,2023,65 bis unter 70 Jahre,f,5820
09671,2023,65 bis unter 70 Jahre,m,5744
09671,2023,90 bis unter 95 Jahre,f,830
09671,2023,90 bis unter 95 Jahre,m,399
09671,2023,80 bis unter 85 Jahre,m,2758
09671,2023,80 bis unter 85 Jahre,f,3465
09671,2023,75 bis unter 80 Jahre,m,3097
09671,2023,75 bis unter 80 Jahre,f,3435
09671,2023,unter 5 Jahre,m,4140
09671,2023,unter 5 Jahre,f,4016
09671,2023,20 bis unter 25 Jahre,f,3516
09671,2023,20 bis unter 25 Jahre,m,4139
09671,2023,40 bis unter 45 Jahre,f,5474
09671,2023,40 bis unter 45 Jahre,m,5416
09671,2023,55 bis unter 60 Jahre,f,7686
09671,2023,55 bis unter 60 Jahre,m,7608
09671,2023,60 bis unter 65 Jahre,f,7537
09671,2023,60 bis unter 65 Jahre,m,7169
09671,2023,15 bis unter 20 Jahre,m,4202
09671,2023,15 bis unter 20 Jahre,f,3792
09671,2023,35 bis unter 40 Jahre,m,5401
09671,2023,35 bis unter 40 Jahre,f,5362
09671,2023,70 bis unter 75 Jahre,m,4438
09671,2023,70 bis unter 75 Jahre,f,4920
09671,2023,95 Jahre und mehr,f,226
09671,2023,95 Jahre und mehr,m,71
09776,2023,85 bis unter 90 Jahre,m,810
09776,2023,85 bis unter 90 Jahre,f,1245
09776,2023,30 bis unter 35 Jahre,m,2547
09776,2023,30 bis unter 35 Jahre,f,2386
09776,2023,50 bis unter 55 Jahre,m,2721
09776,2023,50 bis unter 55 Jahre,f,3063
09776,2023,70 bis unter 75 Jahre,m,1946
09776,2023,70 bis unter 75 Jahre,f,2239
09776,2023,95 Jahre und mehr,m,50
09776,2023,95 Jahre und mehr,f,151
09776,2023,65 bis unter 70 Jahre,m,2417
09776,2023,65 bis unter 70 Jahre,f,2554
09776,2023,90 bis unter 95 Jahre,m,255
09776,2023,90 bis unter 95 Jahre,f,497
09776,2023,15 bis unter 20 Jahre,f,1868
09776,2023,15 bis unter 20 Jahre,m,1876
09776,2023,45 bis unter 50 Jahre,m,2303
09776,2023,45 bis unter 50 Jahre,f,2428
09776,2023,5 bis unter 10 Jahre,m,2031
09776,2023,5 bis unter 10 Jahre,f,2010
09776,2023,10 bis unter 15 Jahre,f,1815
09776,2023,10 bis unter 15 Jahre,m,1857
09776,2023,20 bis unter 25 Jahre,f,1593
09776,2023,20 bis unter 25 Jahre,m,2243
09776,2023,40 bis unter 45 Jahre,f,2640
09776,2023,40 bis unter 45 Jahre,m,2548
09776,2023,75 bis unter 80 Jahre,f,1770
09776,2023,75 bis unter 80 Jahre,m,1521
09776,2023,60 bis unter 65 Jahre,m,3144
09776,2023,60 bis unter 65 Jahre,f,3344
09776,2023,unter 5 Jahre,m,1965
09776,2023,unter 5 Jahre,f,1921
09776,2023,55 bis unter 60 Jahre,m,3562
09776,2023,55 bis unter 60 Jahre,f,3680
09776,2023,25 bis unter 30 Jahre,f,2036
09776,2023,25 bis unter 30 Jahre,m,2348
09776,2023,80 bis unter 85 Jahre,m,1601
09776,2023,80 bis unter 85 Jahre,f,2084
09776,2023,35 bis unter 40 Jahre,f,2513
09776,2023,35 bis unter 40 Jahre,m,2642
01053,2023,10 bis unter 15 Jahre,f,4783
01053,2023,10 bis unter 15 Jahre,m,5174
01053,2023,45 bis unter 50 Jahre,f,6413
01053,2023,45 bis unter 50 Jahre,m,6066
01053,2023,30 bis unter 35 Jahre,f,5841
01053,2023,30 bis unter 35 Jahre,m,5792
01053,2023,85 bis unter 90 Jahre,f,3515
01053,2023,85 bis unter 90 Jahre,m,2054
01053,2023,50 bis unter 55 Jahre,f,7378
01053,2023,50 bis unter 55 Jahre,m,6943
01053,2023,95 Jahre und mehr,f,386
01053,2023,95 Jahre und mehr,m,121
01053,2023,5 bis unter 10 Jahre,m,5479
01053,2023,5 bis unter 10 Jahre,f,5309
01053,2023,65 bis unter 70 Jahre,f,6496
01053,2023,65 bis unter 70 Jahre,m,6087
01053,2023,70 bis unter 75 Jahre,f,5400
01053,2023,70 bis unter 75 Jahre,m,4928
01053,2023,25 bis unter 30 Jahre,m,4841
01053,2023,25 bis unter 30 Jahre,f,4382
01053,2023,40 bis unter 45 Jahre,m,6575
01053,2023,40 bis unter 45 Jahre,f,6898
01053,2023,75 bis unter 80 Jahre,m,3593
01053,2023,75 bis unter 80 Jahre,f,4486
01053,2023,20 bis unter 25 Jahre,m,4869
01053,2023,20 bis unter 25 Jahre,f,4299
01053,2023,55 bis unter 60 Jahre,f,9093
01053,2023,55 bis unter 60 Jahre,m,9196
01053,2023,35 bis unter 40 Jahre,f,6673
01053,2023,35 bis unter 40 Jahre,m,6602
01053,2023,15 bis unter 20 Jahre,f,4915
01053,2023,15 bis unter 20 Jahre,m,5330
01053,2023,unter 5 Jahre,f,4512
01053,2023,unter 5 Jahre,m,4824
01053,2023,60 bis unter 65 Jahre,f,8098
01053,2023,60 bis unter 65 Jahre,m,7842
01053,2023,90 bis unter 95 Jahre,m,476
01053,2023,90 bis unter 95 Jahre,f,1180
01053,2023,80 bis unter 85 Jahre,m,3658
01053,2023,80 bis unter 85 Jahre,f,4938
07235,2023,50 bis unter 55 Jahre,m,5057
07235,2023,50 bis unter 55 Jahre,f,5382
07235,2023,85 bis unter 90 Jahre,m,1206
07235,2023,85 bis unter 90 Jahre,f,2086
07235,2023,70 bis unter 75 Jahre,m,4134
07235,2023,70 bis unter 75 Jahre,f,4251
07235,2023,90 bis unter 95 Jahre,m,365
07235,2023,90 bis unter 95 Jahre,f,752
07235,2023,5 bis unter 10 Jahre,m,3874
07235,2023,5 bis unter 10 Jahre,f,3647
07235,2023,unter 5 Jahre,f,3284
07235,2023,unter 5 Jahre,m,3435
07235,2023,30 bis unter 35 Jahre,m,4532
07235,2023,30 bis unter 35 Jahre,f,4423
07235,2023,45 bis unter 50 Jahre,m,4369
07235,2023,45 bis unter 50 Jahre,f,4582
07235,2023,15 bis unter 20 Jahre,f,3403
07235,2023,15 bis unter 20 Jahre,m,3950
07235,2023,20 bis unter 25 Jahre,f,3000
07235,2023,20 bis unter 25 Jahre,m,3658
07235,2023,65 bis unter 70 Jahre,f,5073
07235,2023,65 bis unter 70 Jahre,m,4985
07235,2023,40 bis unter 45 Jahre,f,5014
07235,2023,40 bis unter 45 Jahre,m,4976
07235,2023,75 bis unter 80 Jahre,f,2469
07235,2023,75 bis unter 80 Jahre,m,2321
07235,2023,10 bis unter 15 Jahre,f,3544
07235,2023,10 bis unter 15 Jahre,m,3710
07235,2023,95 Jahre und mehr,m,63
07235,2023,95 Jahre und mehr,f,244
07235,2023,60 bis unter 65 Jahre,m,6004
07235,2023,60 bis unter 65 Jahre,f,6069
07235,2023,55 bis unter 60 Jahre,m,6514
07235,2023,55 bis unter 60 Jahre,f,6497
07235,2023,35 bis unter 40 Jahre,m,4827
07235,2023,35 bis unter 40 Jahre,f,4883
07235,2023,80 bis unter 85 Jahre,f,2924
07235,2023,80 bis unter 85 Jahre,m,2128
07235,2023,25 bis unter 30 Jahre,f,3442
07235,2023,25 bis unter 30 Jahre,m,3979
03255,2023,unter 5 Jahre,f,1376
03255,2023,unter 5 Jahre,m,1380
03255,2023,35 bis unter 40 Jahre,f,1808
03255,2023,35 bis unter 40 Jahre,m,1936
03255,2023,55 bis unter 60 Jahre,f,2889
03255,2023,55 bis unter 60 Jahre,m,2781
03255,2023,75 bis unter 80 Jahre,f,1555
03255,2023,75 bis unter 80 Jahre,m,1395
03255,2023,70 bis unter 75 Jahre,m,2072
03255,2023,70 bis unter 75 Jahre,f,2202
03255,2023,40 bis unter 45 Jahre,f,1772
03255,2023,40 bis unter 45 Jahre,m,1902
03255,2023,15 bis unter 20 Jahre,f,1459
03255,2023,15 bis unter 20 Jahre,m,1530
03255,2023,30 bis unter 35 Jahre,m,1829
03255,2023,30 bis unter 35 Jahre,f,1694
03255,2023,95 Jahre und mehr,m,46
03255,2023,95 Jahre und mehr,f,115
03255,2023,60 bis unter 65 Jahre,m,2788
03255,2023,60 bis unter 65 Jahre,f,2836
03255,2023,80 bis unter 85 Jahre,f,1643
03255,2023,80 bis unter 85 Jahre,m,1339
03255,2023,25 bis unter 30 Jahre,m,1843
03255,2023,25 bis unter 30 Jahre,f,1482
03255,2023,50 bis unter 55 Jahre,m,2229
03255,2023,50 bis unter 55 Jahre,f,2227
03255,2023,45 bis unter 50 Jahre,f,1714
03255,2023,45 bis unter 50 Jahre,m,1733
03255,2023,5 bis unter 10 Jahre,f,1484
03255,2023,5 bis unter 10 Jahre,m,1454
03255,2023,10 bis unter 15 Jahre,f,1469
03255,2023,10 bis unter 15 Jahre,m,1444
03255,2023,65 bis unter 70 Jahre,f,2374
03255,2023,65 bis unter 70 Jahre,m,2356
03255,2023,90 bis unter 95 Jahre,f,443
03255,2023,90 bis unter 95 Jahre,m,222
03255,2023,85 bis unter 90 Jahre,m,862
03255,2023,85 bis unter 90 Jahre,f,1185
03255,2023,20 bis unter 25 Jahre,m,1778
03255,2023,20 bis unter 25 Jahre,f,1442
05374,2023,unter 5 Jahre,f,6569
05374,2023,unter 5 Jahre,m,6810
05374,2023,95 Jahre und mehr,m,124
05374,2023,95 Jahre und mehr,f,397
05374,2023,35 bis unter 40 Jahre,f,8530
05374,2023,35 bis unter 40 Jahre,m,8809
05374,2023,55 bis unter 60 Jahre,f,11837
05374,2023,55 bis unter 60 Jahre,m,11833
05374,2023,75 bis unter 80 Jahre,f,5183
05374,2023,75 bis unter 80 Jahre,m,4332
05374,2023,70 bis unter 75 Jahre,m,6682
05374,2023,70 bis unter 75 Jahre,f,7579
05374,2023,40 bis unter 45 Jahre,f,8474
05374,2023,40 bis unter 45 Jahre,m,8305
05374,2023,15 bis unter 20 Jahre,f,6690
05374,2023,15 bis unter 20 Jahre,m,6881
05374,2023,30 bis unter 35 Jahre,m,8443
05374,2023,30 bis unter 35 Jahre,f,7938
05374,2023,60 bis unter 65 Jahre,m,11192
05374,2023,60 bis unter 65 Jahre,f,11294
05374,2023,80 bis unter 85 Jahre,f,5837
05374,2023,80 bis unter 85 Jahre,m,4095
05374,2023,25 bis unter 30 Jahre,m,7663
05374,2023,25 bis unter 30 Jahre,f,6852
05374,2023,50 bis unter 55 Jahre,m,9046
05374,2023,50 bis unter 55 Jahre,f,9229
05374,2023,45 bis unter 50 Jahre,f,7988
05374,2023,45 bis unter 50 Jahre,m,7532
05374,2023,5 bis unter 10 Jahre,f,6984
05374,2023,5 bis unter 10 Jahre,m,7037
05374,2023,10 bis unter 15 Jahre,f,6582
05374,2023,10 bis unter 15 Jahre,m,6667
05374,2023,65 bis unter 70 Jahre,f,9190
05374,2023,65 bis unter 70 Jahre,m,8917
05374,2023,90 bis unter 95 Jahre,f,1471
05374,2023,90 bis unter 95 Jahre,m,687
05374,2023,85 bis unter 90 Jahre,m,2521
05374,2023,85 bis unter 90 Jahre,f,4138
05374,2023,20 bis unter 25 Jahre,m,7388
05374,2023,20 bis unter 25 Jahre,f,6237
05117,2023,80 bis unter 85 Jahre,m,2907
05117,2023,80 bis unter 85 Jahre,f,4295
05117,2023,95 Jahre und mehr,f,368
05117,2023,95 Jahre und mehr,m,114
05117,2023,5 bis unter 10 Jahre,f,4123
05117,2023,5 bis unter 10 Jahre,m,4452
05117,2023,55 bis unter 60 Jahre,m,7110
05117,2023,55 bis unter 60 Jahre,f,7383
05117,2023,10 bis unter 15 Jahre,f,3949
05117,2023,10 bis unter 15 Jahre,m,4160
05117,2023,25 bis unter 30 Jahre,f,4536
05117,2023,25 bis unter 30 Jahre,m,5144
05117,2023,40 bis unter 45 Jahre,m,5172
05117,2023,40 bis unter 45 Jahre,f,5354
05117,2023,65 bis unter 70 Jahre,f,5685
05117,2023,65 bis unter 70 Jahre,m,5098
05117,2023,50 bis unter 55 Jahre,f,5986
05117,2023,50 bis unter 55 Jahre,m,5709
05117,2023,35 bis unter 40 Jahre,m,5423
05117,2023,35 bis unter 40 Jahre,f,5504
05117,2023,15 bis unter 20 Jahre,m,3977
05117,2023,15 bis unter 20 Jahre,f,3783
05117,2023,60 bis unter 65 Jahre,f,6723
05117,2023,60 bis unter 65 Jahre,m,6421
05117,2023,45 bis unter 50 Jahre,f,5007
05117,2023,45 bis unter 50 Jahre,m,4677
05117,2023,70 bis unter 75 Jahre,f,4976
05117,2023,70 bis unter 75 Jahre,m,4165
05117,2023,85 bis unter 90 Jahre,m,1771
05117,2023,85 bis unter 90 Jahre,f,3027
05117,2023,90 bis unter 95 Jahre,m,501
05117,2023,90 bis unter 95 Jahre,f,1094
05117,2023,30 bis unter 35 Jahre,m,5602
05117,2023,30 bis unter 35 Jahre,f,5561
05117,2023,unter 5 Jahre,f,3899
05117,2023,unter 5 Jahre,m,4071
05117,2023,75 bis unter 80 Jahre,f,4070
05117,2023,75 bis unter 80 Jahre,m,3026
05117,2023,20 bis unter 25 Jahre,m,4327
05117,2023,20 bis unter 25 Jahre,f,3737
09661,2023,50 bis unter 55 Jahre,m,2316
09661,2023,50 bis unter 55 Jahre,f,2450
09661,2023,85 bis unter 90 Jahre,m,570
09661,2023,85 bis unter 90 Jahre,f,1042
09661,2023,30 bis unter 35 Jahre,m,2719
09661,2023,30 bis unter 35 Jahre,f,2392
09661,2023,10 bis unter 15 Jahre,m,1615
09661,2023,10 bis unter 15 Jahre,f,1540
09661,2023,70 bis unter 75 Jahre,f,2091
09661,2023,70 bis unter 75 Jahre,m,1710
09661,2023,25 bis unter 30 Jahre,m,2482
09661,2023,25 bis unter 30 Jahre,f,2301
09661,2023,65 bis unter 70 Jahre,m,2014
09661,2023,65 bis unter 70 Jahre,f,2349
09661,2023,35 bis unter 40 Jahre,f,2493
09661,2023,35 bis unter 40 Jahre,m,2617
09661,2023,90 bis unter 95 Jahre,m,156
09661,2023,90 bis unter 95 Jahre,f,364
09661,2023,20 bis unter 25 Jahre,f,1880
09661,2023,20 bis unter 25 Jahre,m,2000
09661,2023,5 bis unter 10 Jahre,m,1676
09661,2023,5 bis unter 10 Jahre,f,1576
09661,2023,95 Jahre und mehr,f,108
09661,2023,95 Jahre und mehr,m,41
09661,2023,15 bis unter 20 Jahre,f,1610
09661,2023,15 bis unter 20 Jahre,m,1694
09661,2023,40 bis unter 45 Jahre,f,2397
09661,2023,40 bis unter 45 Jahre,m,2385
09661,2023,60 bis unter 65 Jahre,m,2551
09661,2023,60 bis unter 65 Jahre,f,2748
09661,2023,55 bis unter 60 Jahre,m,2764
09661,2023,55 bis unter 60 Jahre,f,2924
09661,2023,75 bis unter 80 Jahre,m,1147
09661,2023,75 bis unter 80 Jahre,f,1492
09661,2023,80 bis unter 85 Jahre,m,1109
09661,2023,80 bis unter 85 Jahre,f,1545
09661,2023,unter 5 Jahre,m,1732
09661,2023,unter 5 Jahre,f,1576
09661,2023,45 bis unter 50 Jahre,f,2223
09661,2023,45 bis unter 50 Jahre,m,2155
03101,2023,25 bis unter 30 Jahre,f,9810
03101,2023,25 bis unter 30 Jahre,m,11370
03101,2023,45 bis unter 50 Jahre,f,7258
03101,2023,45 bis unter 50 Jahre,m,7318
03101,2023,65 bis unter 70 Jahre,f,7372
03101,2023,65 bis unter 70 Jahre,m,6547
03101,2023,95 Jahre und mehr,m,127
03101,2023,95 Jahre und mehr,f,485
03101,2023,30 bis unter 35 Jahre,f,9057
03101,2023,30 bis unter 35 Jahre,m,10784
03101,2023,60 bis unter 65 Jahre,m,8215
03101,2023,60 bis unter 65 Jahre,f,8593
03101,2023,5 bis unter 10 Jahre,f,5201
03101,2023,5 bis unter 10 Jahre,m,5302
03101,2023,10 bis unter 15 Jahre,m,5179
03101,2023,10 bis unter 15 Jahre,f,4959
03101,2023,55 bis unter 60 Jahre,m,9654
03101,2023,55 bis unter 60 Jahre,f,9273
03101,2023,90 bis unter 95 Jahre,f,1438
03101,2023,90 bis unter 95 Jahre,m,595
03101,2023,unter 5 Jahre,m,5386
03101,2023,unter 5 Jahre,f,5236
03101,2023,75 bis unter 80 Jahre,m,3994
03101,2023,75 bis unter 80 Jahre,f,5256
03101,2023,80 bis unter 85 Jahre,m,4196
03101,2023,80 bis unter 85 Jahre,f,5879
03101,2023,85 bis unter 90 Jahre,f,4027
03101,2023,85 bis unter 90 Jahre,m,2351
03101,2023,15 bis unter 20 Jahre,f,5313
03101,2023,15 bis unter 20 Jahre,m,5509
03101,2023,35 bis unter 40 Jahre,f,8224
03101,2023,35 bis unter 40 Jahre,m,9158
03101,2023,20 bis unter 25 Jahre,f,8014
03101,2023,20 bis unter 25 Jahre,m,8415
03101,2023,70 bis unter 75 Jahre,m,5210
03101,2023,70 bis unter 75 Jahre,f,6637
03101,2023,40 bis unter 45 Jahre,f,7927
03101,2023,40 bis unter 45 Jahre,m,8120
03101,2023,50 bis unter 55 Jahre,m,8236
03101,2023,50 bis unter 55 Jahre,f,7902
07334,2023,65 bis unter 70 Jahre,f,4269
07334,2023,65 bis unter 70 Jahre,m,4351
07334,2023,10 bis unter 15 Jahre,f,2926
07334,2023,10 bis unter 15 Jahre,m,3108
07334,2023,30 bis unter 35 Jahre,f,4003
07334,2023,30 bis unter 35 Jahre,m,4118
07334,2023,25 bis unter 30 Jahre,m,3642
07334,2023,25 bis unter 30 Jahre,f,3437
07334,2023,70 bis unter 75 Jahre,f,3643
07334,2023,70 bis unter 75 Jahre,m,3396
07334,2023,5 bis unter 10 Jahre,f,3222
07334,2023,5 bis unter 10 Jahre,m,3524
07334,2023,85 bis unter 90 Jahre,f,1687
07334,2023,85 bis unter 90 Jahre,m,1074
07334,2023,45 bis unter 50 Jahre,f,3996
07334,2023,45 bis unter 50 Jahre,m,3925
07334,2023,60 bis unter 65 Jahre,m,5309
07334,2023,60 bis unter 65 Jahre,f,5378
07334,2023,90 bis unter 95 Jahre,m,249
07334,2023,90 bis unter 95 Jahre,f,624
07334,2023,95 Jahre und mehr,m,68
07334,2023,95 Jahre und mehr,f,152
07334,2023,55 bis unter 60 Jahre,m,5548
07334,2023,55 bis unter 60 Jahre,f,5415
07334,2023,80 bis unter 85 Jahre,m,1917
07334,2023,80 bis unter 85 Jahre,f,2369
07334,2023,unter 5 Jahre,f,3117
07334,2023,unter 5 Jahre,m,3272
07334,2023,20 bis unter 25 Jahre,f,3045
07334,2023,20 bis unter 25 Jahre,m,3352
07334,2023,75 bis unter 80 Jahre,f,2328
07334,2023,75 bis unter 80 Jahre,m,2003
07334,2023,35 bis unter 40 Jahre,f,4406
07334,2023,35 bis unter 40 Jahre,m,4506
07334,2023,40 bis unter 45 Jahre,f,4394
07334,2023,40 bis unter 45 Jahre,m,4405
07334,2023,15 bis unter 20 Jahre,m,3390
07334,2023,15 bis unter 20 Jahre,f,2995
07334,2023,50 bis unter 55 Jahre,m,4551
07334,2023,50 bis unter 55 Jahre,f,4564
09572,2023,70 bis unter 75 Jahre,m,3453
09572,2023,70 bis unter 75 Jahre,f,3788
09572,2023,90 bis unter 95 Jahre,m,294
09572,2023,90 bis unter 95 Jahre,f,590
09572,2023,65 bis unter 70 Jahre,m,4280
09572,2023,65 bis unter 70 Jahre,f,4766
09572,2023,10 bis unter 15 Jahre,m,3650
09572,2023,10 bis unter 15 Jahre,f,3297
09572,2023,25 bis unter 30 Jahre,m,3431
09572,2023,25 bis unter 30 Jahre,f,3048
09572,2023,50 bis unter 55 Jahre,m,4762
09572,2023,50 bis unter 55 Jahre,f,4819
09572,2023,20 bis unter 25 Jahre,f,2934
09572,2023,20 bis unter 25 Jahre,m,3319
09572,2023,35 bis unter 40 Jahre,f,4781
09572,2023,35 bis unter 40 Jahre,m,4572
09572,2023,85 bis unter 90 Jahre,f,1763
09572,2023,85 bis unter 90 Jahre,m,1060
09572,2023,40 bis unter 45 Jahre,f,4888
09572,2023,40 bis unter 45 Jahre,m,4951
09572,2023,5 bis unter 10 Jahre,m,3948
09572,2023,5 bis unter 10 Jahre,f,3644
09572,2023,60 bis unter 65 Jahre,f,5493
09572,2023,60 bis unter 65 Jahre,m,5377
09572,2023,15 bis unter 20 Jahre,m,3582
09572,2023,15 bis unter 20 Jahre,f,3195
09572,2023,30 bis unter 35 Jahre,f,3787
09572,2023,30 bis unter 35 Jahre,m,3964
09572,2023,80 bis unter 85 Jahre,m,2131
09572,2023,80 bis unter 85 Jahre,f,2779
09572,2023,75 bis unter 80 Jahre,m,2475
09572,2023,75 bis unter 80 Jahre,f,2787
09572,2023,unter 5 Jahre,m,3591
09572,2023,unter 5 Jahre,f,3294
09572,2023,95 Jahre und mehr,f,134
09572,2023,95 Jahre und mehr,m,53
09572,2023,45 bis unter 50 Jahre,f,4245
09572,2023,45 bis unter 50 Jahre,m,4286
09572,2023,55 bis unter 60 Jahre,m,5642
09572,2023,55 bis unter 60 Jahre,f,5728
06440,2023,45 bis unter 50 Jahre,f,9830
06440,2023,45 bis unter 50 Jahre,m,9514
06440,2023,10 bis unter 15 Jahre,f,7178
06440,2023,10 bis unter 15 Jahre,m,7579
06440,2023,30 bis unter 35 Jahre,f,9024
06440,2023,30 bis unter 35 Jahre,m,9395
06440,2023,5 bis unter 10 Jahre,f,7548
06440,2023,5 bis unter 10 Jahre,m,7803
06440,2023,25 bis unter 30 Jahre,f,7523
06440,2023,25 bis unter 30 Jahre,m,8718
06440,2023,50 bis unter 55 Jahre,f,11014
06440,2023,50 bis unter 55 Jahre,m,10838
06440,2023,80 bis unter 85 Jahre,m,4947
06440,2023,80 bis unter 85 Jahre,f,6495
06440,2023,95 Jahre und mehr,f,479
06440,2023,95 Jahre und mehr,m,141
06440,2023,90 bis unter 95 Jahre,f,1536
06440,2023,90 bis unter 95 Jahre,m,729
06440,2023,65 bis unter 70 Jahre,f,9878
06440,2023,65 bis unter 70 Jahre,m,9351
06440,2023,40 bis unter 45 Jahre,m,9799
06440,2023,40 bis unter 45 Jahre,f,10503
06440,2023,60 bis unter 65 Jahre,m,11785
06440,2023,60 bis unter 65 Jahre,f,12126
06440,2023,35 bis unter 40 Jahre,m,9916
06440,2023,35 bis unter 40 Jahre,f,10128
06440,2023,15 bis unter 20 Jahre,m,8039
06440,2023,15 bis unter 20 Jahre,f,7349
06440,2023,70 bis unter 75 Jahre,f,8580
06440,2023,70 bis unter 75 Jahre,m,7783
06440,2023,unter 5 Jahre,f,7025
06440,2023,unter 5 Jahre,m,7328
06440,2023,55 bis unter 60 Jahre,f,13579
06440,2023,55 bis unter 60 Jahre,m,13329
06440,2023,75 bis unter 80 Jahre,f,6419
06440,2023,75 bis unter 80 Jahre,m,5465
06440,2023,85 bis unter 90 Jahre,m,2683
06440,2023,85 bis unter 90 Jahre,f,4540
06440,2023,20 bis unter 25 Jahre,m,8203
06440,2023,20 bis unter 25 Jahre,f,6606
05758,2023,35 bis unter 40 Jahre,f,7754
05758,2023,35 bis unter 40 Jahre,m,8098
05758,2023,55 bis unter 60 Jahre,f,10939
05758,2023,55 bis unter 60 Jahre,m,10636
05758,2023,unter 5 Jahre,f,5724
05758,2023,unter 5 Jahre,m,5906
05758,2023,20 bis unter 25 Jahre,f,5567
05758,2023,20 bis unter 25 Jahre,m,7102
05758,2023,40 bis unter 45 Jahre,f,7897
05758,2023,40 bis unter 45 Jahre,m,7793
05758,2023,15 bis unter 20 Jahre,f,6259
05758,2023,15 bis unter 20 Jahre,m,6610
05758,2023,80 bis unter 85 Jahre,f,5506
05758,2023,80 bis unter 85 Jahre,m,4035
05758,2023,95 Jahre und mehr,f,505
05758,2023,95 Jahre und mehr,m,160
05758,2023,30 bis unter 35 Jahre,m,7730
05758,2023,30 bis unter 35 Jahre,f,7329
05758,2023,85 bis unter 90 Jahre,m,2513
05758,2023,85 bis unter 90 Jahre,f,4264
05758,2023,50 bis unter 55 Jahre,m,8495
05758,2023,50 bis unter 55 Jahre,f,8946
05758,2023,5 bis unter 10 Jahre,m,6359
05758,2023,5 bis unter 10 Jahre,f,6291
05758,2023,60 bis unter 65 Jahre,f,10653
05758,2023,60 bis unter 65 Jahre,m,9946
05758,2023,25 bis unter 30 Jahre,f,6106
05758,2023,25 bis unter 30 Jahre,m,7176
05758,2023,45 bis unter 50 Jahre,f,7569
05758,2023,45 bis unter 50 Jahre,m,7422
05758,2023,10 bis unter 15 Jahre,f,6043
05758,2023,10 bis unter 15 Jahre,m,6125
05758,2023,65 bis unter 70 Jahre,f,8358
05758,2023,65 bis unter 70 Jahre,m,8014
05758,2023,70 bis unter 75 Jahre,f,6847
05758,2023,70 bis unter 75 Jahre,m,6161
05758,2023,75 bis unter 80 Jahre,m,4282
05758,2023,75 bis unter 80 Jahre,f,5054
05758,2023,90 bis unter 95 Jahre,f,1623
05758,2023,90 bis unter 95 Jahre,m,796
09371,2023,70 bis unter 75 Jahre,f,2928
09371,2023,70 bis unter 75 Jahre,m,2751
09371,2023,50 bis unter 55 Jahre,f,3680
09371,2023,50 bis unter 55 Jahre,m,3597
09371,2023,5 bis unter 10 Jahre,m,2473
09371,2023,5 bis unter 10 Jahre,f,2379
09371,2023,30 bis unter 35 Jahre,f,3083
09371,2023,30 bis unter 35 Jahre,m,3276
09371,2023,10 bis unter 15 Jahre,f,2266
09371,2023,10 bis unter 15 Jahre,m,2350
09371,2023,85 bis unter 90 Jahre,m,927
09371,2023,85 bis unter 90 Jahre,f,1478
09371,2023,90 bis unter 95 Jahre,f,559
09371,2023,90 bis unter 95 Jahre,m,268
09371,2023,45 bis unter 50 Jahre,m,2963
09371,2023,45 bis unter 50 Jahre,f,2942
09371,2023,65 bis unter 70 Jahre,f,3695
09371,2023,65 bis unter 70 Jahre,m,3696
09371,2023,80 bis unter 85 Jahre,m,1563
09371,2023,80 bis unter 85 Jahre,f,2124
09371,2023,75 bis unter 80 Jahre,m,1666
09371,2023,75 bis unter 80 Jahre,f,1892
09371,2023,20 bis unter 25 Jahre,f,2379
09371,2023,20 bis unter 25 Jahre,m,2729
09371,2023,95 Jahre und mehr,f,161
09371,2023,95 Jahre und mehr,m,34
09371,2023,15 bis unter 20 Jahre,m,2569
09371,2023,15 bis unter 20 Jahre,f,2212
09371,2023,60 bis unter 65 Jahre,f,4532
09371,2023,60 bis unter 65 Jahre,m,4517
09371,2023,40 bis unter 45 Jahre,f,3154
09371,2023,40 bis unter 45 Jahre,m,3160
09371,2023,unter 5 Jahre,m,2527
09371,2023,unter 5 Jahre,f,2402
09371,2023,35 bis unter 40 Jahre,m,3409
09371,2023,35 bis unter 40 Jahre,f,3161
09371,2023,55 bis unter 60 Jahre,f,4532
09371,2023,55 bis unter 60 Jahre,m,4633
09371,2023,25 bis unter 30 Jahre,f,2518
09371,2023,25 bis unter 30 Jahre,m,2942
09185,2023,75 bis unter 80 Jahre,f,1804
09185,2023,75 bis unter 80 Jahre,m,1520
09185,2023,15 bis unter 20 Jahre,m,2532
09185,2023,15 bis unter 20 Jahre,f,2447
09185,2023,55 bis unter 60 Jahre,f,3800
09185,2023,55 bis unter 60 Jahre,m,4044
09185,2023,60 bis unter 65 Jahre,f,3791
09185,2023,60 bis unter 65 Jahre,m,3824
09185,2023,20 bis unter 25 Jahre,f,2340
09185,2023,20 bis unter 25 Jahre,m,2740
09185,2023,35 bis unter 40 Jahre,f,3188
09185,2023,35 bis unter 40 Jahre,m,3467
09185,2023,unter 5 Jahre,m,2589
09185,2023,unter 5 Jahre,f,2500
09185,2023,40 bis unter 45 Jahre,f,3340
09185,2023,40 bis unter 45 Jahre,m,3438
09185,2023,80 bis unter 85 Jahre,f,1848
09185,2023,80 bis unter 85 Jahre,m,1397
09185,2023,85 bis unter 90 Jahre,m,739
09185,2023,85 bis unter 90 Jahre,f,1210
09185,2023,50 bis unter 55 Jahre,m,3517
09185,2023,50 bis unter 55 Jahre,f,3271
09185,2023,30 bis unter 35 Jahre,m,3291
09185,2023,30 bis unter 35 Jahre,f,3063
09185,2023,5 bis unter 10 Jahre,m,2654
09185,2023,5 bis unter 10 Jahre,f,2575
09185,2023,25 bis unter 30 Jahre,f,2459
09185,2023,25 bis unter 30 Jahre,m,2958
09185,2023,65 bis unter 70 Jahre,f,3094
09185,2023,65 bis unter 70 Jahre,m,2953
09185,2023,95 Jahre und mehr,m,36
09185,2023,95 Jahre und mehr,f,119
09185,2023,10 bis unter 15 Jahre,m,2504
09185,2023,10 bis unter 15 Jahre,f,2424
09185,2023,70 bis unter 75 Jahre,f,2485
09185,2023,70 bis unter 75 Jahre,m,2220
09185,2023,45 bis unter 50 Jahre,f,2984
09185,2023,45 bis unter 50 Jahre,m,3149
09185,2023,90 bis unter 95 Jahre,m,183
09185,2023,90 bis unter 95 Jahre,f,470
03256,2023,30 bis unter 35 Jahre,f,3292
03256,2023,30 bis unter 35 Jahre,m,3678
03256,2023,85 bis unter 90 Jahre,f,1969
03256,2023,85 bis unter 90 Jahre,m,1142
03256,2023,50 bis unter 55 Jahre,f,4274
03256,2023,50 bis unter 55 Jahre,m,4186
03256,2023,10 bis unter 15 Jahre,f,2834
03256,2023,10 bis unter 15 Jahre,m,2997
03256,2023,45 bis unter 50 Jahre,m,3437
03256,2023,45 bis unter 50 Jahre,f,3357
03256,2023,90 bis unter 95 Jahre,f,705
03256,2023,90 bis unter 95 Jahre,m,297
03256,2023,25 bis unter 30 Jahre,f,3046
03256,2023,25 bis unter 30 Jahre,m,3308
03256,2023,95 Jahre und mehr,m,53
03256,2023,95 Jahre und mehr,f,199
03256,2023,80 bis unter 85 Jahre,m,1823
03256,2023,80 bis unter 85 Jahre,f,2631
03256,2023,5 bis unter 10 Jahre,m,2954
03256,2023,5 bis unter 10 Jahre,f,3025
03256,2023,65 bis unter 70 Jahre,f,4193
03256,2023,65 bis unter 70 Jahre,m,3980
03256,2023,20 bis unter 25 Jahre,m,3183
03256,2023,20 bis unter 25 Jahre,f,2817
03256,2023,unter 5 Jahre,m,2793
03256,2023,unter 5 Jahre,f,2663
03256,2023,75 bis unter 80 Jahre,m,2093
03256,2023,75 bis unter 80 Jahre,f,2383
03256,2023,40 bis unter 45 Jahre,f,3474
03256,2023,40 bis unter 45 Jahre,m,3618
03256,2023,60 bis unter 65 Jahre,f,5104
03256,2023,60 bis unter 65 Jahre,m,5211
03256,2023,15 bis unter 20 Jahre,m,3233
03256,2023,15 bis unter 20 Jahre,f,3103
03256,2023,55 bis unter 60 Jahre,f,5307
03256,2023,55 bis unter 60 Jahre,m,5383
03256,2023,70 bis unter 75 Jahre,m,3240
03256,2023,70 bis unter 75 Jahre,f,3508
03256,2023,35 bis unter 40 Jahre,m,3689
03256,2023,35 bis unter 40 Jahre,f,3541
05513,2023,80 bis unter 85 Jahre,m,3368
05513,2023,80 bis unter 85 Jahre,f,4858
05513,2023,60 bis unter 65 Jahre,m,9342
05513,2023,60 bis unter 65 Jahre,f,9525
05513,2023,75 bis unter 80 Jahre,m,3892
05513,2023,75 bis unter 80 Jahre,f,5030
05513,2023,25 bis unter 30 Jahre,f,7998
05513,2023,25 bis unter 30 Jahre,m,8669
05513,2023,55 bis unter 60 Jahre,m,10212
05513,2023,55 bis unter 60 Jahre,f,9765
05513,2023,95 Jahre und mehr,f,448
05513,2023,95 Jahre und mehr,m,110
05513,2023,40 bis unter 45 Jahre,m,8168
05513,2023,40 bis unter 45 Jahre,f,8301
05513,2023,10 bis unter 15 Jahre,f,6584
05513,2023,10 bis unter 15 Jahre,m,7110
05513,2023,unter 5 Jahre,m,7409
05513,2023,unter 5 Jahre,f,7154
05513,2023,65 bis unter 70 Jahre,f,8365
05513,2023,65 bis unter 70 Jahre,m,7653
05513,2023,70 bis unter 75 Jahre,f,6865
05513,2023,70 bis unter 75 Jahre,m,5787
05513,2023,45 bis unter 50 Jahre,f,7882
05513,2023,45 bis unter 50 Jahre,m,8034
05513,2023,90 bis unter 95 Jahre,f,1572
05513,2023,90 bis unter 95 Jahre,m,597
05513,2023,35 bis unter 40 Jahre,m,8870
05513,2023,35 bis unter 40 Jahre,f,8361
05513,2023,50 bis unter 55 Jahre,m,9092
05513,2023,50 bis unter 55 Jahre,f,8814
05513,2023,20 bis unter 25 Jahre,f,7273
05513,2023,20 bis unter 25 Jahre,m,7818
05513,2023,85 bis unter 90 Jahre,f,3738
05513,2023,85 bis unter 90 Jahre,m,1832
05513,2023,5 bis unter 10 Jahre,m,7475
05513,2023,5 bis unter 10 Jahre,f,7192
05513,2023,15 bis unter 20 Jahre,m,7292
05513,2023,15 bis unter 20 Jahre,f,6718
05513,2023,30 bis unter 35 Jahre,f,8737
05513,2023,30 bis unter 35 Jahre,m,9374
08127,2023,90 bis unter 95 Jahre,f,946
08127,2023,90 bis unter 95 Jahre,m,417
08127,2023,10 bis unter 15 Jahre,m,4816
08127,2023,10 bis unter 15 Jahre,f,4803
08127,2023,70 bis unter 75 Jahre,f,5235
08127,2023,70 bis unter 75 Jahre,m,4961
08127,2023,25 bis unter 30 Jahre,m,6442
08127,2023,25 bis unter 30 Jahre,f,5382
08127,2023,5 bis unter 10 Jahre,m,5351
08127,2023,5 bis unter 10 Jahre,f,5260
08127,2023,50 bis unter 55 Jahre,f,6761
08127,2023,50 bis unter 55 Jahre,m,6611
08127,2023,30 bis unter 35 Jahre,f,6200
08127,2023,30 bis unter 35 Jahre,m,7101
08127,2023,65 bis unter 70 Jahre,m,6085
08127,2023,65 bis unter 70 Jahre,f,6606
08127,2023,85 bis unter 90 Jahre,f,2484
08127,2023,85 bis unter 90 Jahre,m,1496
08127,2023,40 bis unter 45 Jahre,f,6272
08127,2023,40 bis unter 45 Jahre,m,6697
08127,2023,15 bis unter 20 Jahre,f,4987
08127,2023,15 bis unter 20 Jahre,m,5122
08127,2023,35 bis unter 40 Jahre,m,7275
08127,2023,35 bis unter 40 Jahre,f,6602
08127,2023,unter 5 Jahre,m,5161
08127,2023,unter 5 Jahre,f,5132
08127,2023,80 bis unter 85 Jahre,f,3567
08127,2023,80 bis unter 85 Jahre,m,2613
08127,2023,95 Jahre und mehr,m,104
08127,2023,95 Jahre und mehr,f,249
08127,2023,60 bis unter 65 Jahre,f,7612
08127,2023,60 bis unter 65 Jahre,m,7632
08127,2023,20 bis unter 25 Jahre,m,5791
08127,2023,20 bis unter 25 Jahre,f,4755
08127,2023,75 bis unter 80 Jahre,m,3041
08127,2023,75 bis unter 80 Jahre,f,3342
08127,2023,55 bis unter 60 Jahre,m,7887
08127,2023,55 bis unter 60 Jahre,f,7941
08127,2023,45 bis unter 50 Jahre,f,5828
08127,2023,45 bis unter 50 Jahre,m,6030
09571,2023,40 bis unter 45 Jahre,m,6163
09571,2023,40 bis unter 45 Jahre,f,5810
09571,2023,95 Jahre und mehr,f,236
09571,2023,95 Jahre und mehr,m,78
09571,2023,55 bis unter 60 Jahre,m,7784
09571,2023,55 bis unter 60 Jahre,f,7815
09571,2023,60 bis unter 65 Jahre,m,7621
09571,2023,60 bis unter 65 Jahre,f,7529
09571,2023,75 bis unter 80 Jahre,m,2927
09571,2023,75 bis unter 80 Jahre,f,3240
09571,2023,80 bis unter 85 Jahre,m,2485
09571,2023,80 bis unter 85 Jahre,f,3565
09571,2023,15 bis unter 20 Jahre,m,4770
09571,2023,15 bis unter 20 Jahre,f,4228
09571,2023,unter 5 Jahre,m,4888
09571,2023,unter 5 Jahre,f,4621
09571,2023,10 bis unter 15 Jahre,f,4171
09571,2023,10 bis unter 15 Jahre,m,4523
09571,2023,65 bis unter 70 Jahre,f,6239
09571,2023,65 bis unter 70 Jahre,m,6072
09571,2023,45 bis unter 50 Jahre,f,5566
09571,2023,45 bis unter 50 Jahre,m,5603
09571,2023,35 bis unter 40 Jahre,m,6237
09571,2023,35 bis unter 40 Jahre,f,5897
09571,2023,90 bis unter 95 Jahre,f,975
09571,2023,90 bis unter 95 Jahre,m,405
09571,2023,70 bis unter 75 Jahre,m,4722
09571,2023,70 bis unter 75 Jahre,f,5041
09571,2023,85 bis unter 90 Jahre,m,1494
09571,2023,85 bis unter 90 Jahre,f,2555
09571,2023,30 bis unter 35 Jahre,m,6051
09571,2023,30 bis unter 35 Jahre,f,5633
09571,2023,50 bis unter 55 Jahre,m,6541
09571,2023,50 bis unter 55 Jahre,f,6476
09571,2023,25 bis unter 30 Jahre,m,5415
09571,2023,25 bis unter 30 Jahre,f,4792
09571,2023,20 bis unter 25 Jahre,f,4435
09571,2023,20 bis unter 25 Jahre,m,5115
09571,2023,5 bis unter 10 Jahre,m,4891
09571,2023,5 bis unter 10 Jahre,f,4731
05170,2023,75 bis unter 80 Jahre,f,10105
05170,2023,75 bis unter 80 Jahre,m,8442
05170,2023,20 bis unter 25 Jahre,f,9447
05170,2023,20 bis unter 25 Jahre,m,10761
05170,2023,40 bis unter 45 Jahre,f,13860
05170,2023,40 bis unter 45 Jahre,m,13661
05170,2023,unter 5 Jahre,f,9910
05170,2023,unter 5 Jahre,m,10340
05170,2023,55 bis unter 60 Jahre,m,19493
05170,2023,55 bis unter 60 Jahre,f,20644
05170,2023,35 bis unter 40 Jahre,f,14359
05170,2023,35 bis unter 40 Jahre,m,14285
05170,2023,60 bis unter 65 Jahre,f,20050
05170,2023,60 bis unter 65 Jahre,m,18854
05170,2023,15 bis unter 20 Jahre,m,10980
05170,2023,15 bis unter 20 Jahre,f,9796
05170,2023,90 bis unter 95 Jahre,m,1183
05170,2023,90 bis unter 95 Jahre,f,2739
05170,2023,50 bis unter 55 Jahre,m,15225
05170,2023,50 bis unter 55 Jahre,f,15991
05170,2023,70 bis unter 75 Jahre,m,12504
05170,2023,70 bis unter 75 Jahre,f,14438
05170,2023,80 bis unter 85 Jahre,m,7409
05170,2023,80 bis unter 85 Jahre,f,10303
05170,2023,95 Jahre und mehr,f,758
05170,2023,95 Jahre und mehr,m,224
05170,2023,45 bis unter 50 Jahre,m,12184
05170,2023,45 bis unter 50 Jahre,f,12873
05170,2023,30 bis unter 35 Jahre,f,13647
05170,2023,30 bis unter 35 Jahre,m,14046
05170,2023,85 bis unter 90 Jahre,f,7503
05170,2023,85 bis unter 90 Jahre,m,4381
05170,2023,5 bis unter 10 Jahre,m,11113
05170,2023,5 bis unter 10 Jahre,f,10584
05170,2023,25 bis unter 30 Jahre,m,11763
05170,2023,25 bis unter 30 Jahre,f,10863
05170,2023,65 bis unter 70 Jahre,f,17021
05170,2023,65 bis unter 70 Jahre,m,15593
05170,2023,10 bis unter 15 Jahre,f,9883
05170,2023,10 bis unter 15 Jahre,m,10330
09373,2023,50 bis unter 55 Jahre,m,4914
09373,2023,50 bis unter 55 Jahre,f,4853
09373,2023,95 Jahre und mehr,m,51
09373,2023,95 Jahre und mehr,f,186
09373,2023,30 bis unter 35 Jahre,m,4695
09373,2023,30 bis unter 35 Jahre,f,4186
09373,2023,85 bis unter 90 Jahre,m,969
09373,2023,85 bis unter 90 Jahre,f,1739
09373,2023,70 bis unter 75 Jahre,m,3440
09373,2023,70 bis unter 75 Jahre,f,3579
09373,2023,65 bis unter 70 Jahre,m,4302
09373,2023,65 bis unter 70 Jahre,f,4482
09373,2023,90 bis unter 95 Jahre,f,646
09373,2023,90 bis unter 95 Jahre,m,257
09373,2023,45 bis unter 50 Jahre,m,4235
09373,2023,45 bis unter 50 Jahre,f,4023
09373,2023,5 bis unter 10 Jahre,m,3686
09373,2023,5 bis unter 10 Jahre,f,3252
09373,2023,20 bis unter 25 Jahre,f,3312
09373,2023,20 bis unter 25 Jahre,m,3940
09373,2023,10 bis unter 15 Jahre,f,3140
09373,2023,10 bis unter 15 Jahre,m,3290
09373,2023,40 bis unter 45 Jahre,f,4368
09373,2023,40 bis unter 45 Jahre,m,4651
09373,2023,15 bis unter 20 Jahre,f,3025
09373,2023,15 bis unter 20 Jahre,m,3443
09373,2023,75 bis unter 80 Jahre,m,2123
09373,2023,75 bis unter 80 Jahre,f,2304
09373,2023,unter 5 Jahre,m,3610
09373,2023,unter 5 Jahre,f,3450
09373,2023,60 bis unter 65 Jahre,f,5481
09373,2023,60 bis unter 65 Jahre,m,5540
09373,2023,55 bis unter 60 Jahre,m,5891
09373,2023,55 bis unter 60 Jahre,f,5755
09373,2023,80 bis unter 85 Jahre,m,1883
09373,2023,80 bis unter 85 Jahre,f,2538
09373,2023,25 bis unter 30 Jahre,f,3627
09373,2023,25 bis unter 30 Jahre,m,4206
09373,2023,35 bis unter 40 Jahre,f,4325
09373,2023,35 bis unter 40 Jahre,m,4817
05711,2023,70 bis unter 75 Jahre,m,6689
05711,2023,70 bis unter 75 Jahre,f,8121
05711,2023,50 bis unter 55 Jahre,m,10750
05711,2023,50 bis unter 55 Jahre,f,10849
05711,2023,85 bis unter 90 Jahre,m,2931
05711,2023,85 bis unter 90 Jahre,f,5006
05711,2023,90 bis unter 95 Jahre,m,808
05711,2023,90 bis unter 95 Jahre,f,1949
05711,2023,10 bis unter 15 Jahre,m,7907
05711,2023,10 bis unter 15 Jahre,f,7490
05711,2023,35 bis unter 40 Jahre,f,10935
05711,2023,35 bis unter 40 Jahre,m,11173
05711,2023,65 bis unter 70 Jahre,m,8525
05711,2023,65 bis unter 70 Jahre,f,9670
05711,2023,25 bis unter 30 Jahre,m,12356
05711,2023,25 bis unter 30 Jahre,f,12188
05711,2023,40 bis unter 45 Jahre,f,10479
05711,2023,40 bis unter 45 Jahre,m,10255
05711,2023,30 bis unter 35 Jahre,f,11356
05711,2023,30 bis unter 35 Jahre,m,12248
05711,2023,60 bis unter 65 Jahre,f,11516
05711,2023,60 bis unter 65 Jahre,m,10703
05711,2023,15 bis unter 20 Jahre,m,8634
05711,2023,15 bis unter 20 Jahre,f,8261
05711,2023,95 Jahre und mehr,m,203
05711,2023,95 Jahre und mehr,f,684
05711,2023,5 bis unter 10 Jahre,m,8173
05711,2023,5 bis unter 10 Jahre,f,7913
05711,2023,80 bis unter 85 Jahre,m,4642
05711,2023,80 bis unter 85 Jahre,f,6884
05711,2023,20 bis unter 25 Jahre,m,10475
05711,2023,20 bis unter 25 Jahre,f,11642
05711,2023,unter 5 Jahre,m,8078
05711,2023,unter 5 Jahre,f,7792
05711,2023,75 bis unter 80 Jahre,m,4643
05711,2023,75 bis unter 80 Jahre,f,6079
05711,2023,45 bis unter 50 Jahre,f,9756
05711,2023,45 bis unter 50 Jahre,m,9551
05711,2023,55 bis unter 60 Jahre,f,11988
05711,2023,55 bis unter 60 Jahre,m,12217
03102,2023,55 bis unter 60 Jahre,f,4016
03102,2023,55 bis unter 60 Jahre,m,4085
03102,2023,unter 5 Jahre,f,2706
03102,2023,unter 5 Jahre,m,2691
03102,2023,75 bis unter 80 Jahre,f,2254
03102,2023,75 bis unter 80 Jahre,m,1861
03102,2023,20 bis unter 25 Jahre,f,2712
03102,2023,20 bis unter 25 Jahre,m,3065
03102,2023,80 bis unter 85 Jahre,f,2353
03102,2023,80 bis unter 85 Jahre,m,1698
03102,2023,15 bis unter 20 Jahre,f,2515
03102,2023,15 bis unter 20 Jahre,m,2878
03102,2023,35 bis unter 40 Jahre,m,3439
03102,2023,35 bis unter 40 Jahre,f,3075
03102,2023,70 bis unter 75 Jahre,m,2618
03102,2023,70 bis unter 75 Jahre,f,2927
03102,2023,40 bis unter 45 Jahre,f,3077
03102,2023,40 bis unter 45 Jahre,m,3306
03102,2023,50 bis unter 55 Jahre,m,3269
03102,2023,50 bis unter 55 Jahre,f,3326
03102,2023,30 bis unter 35 Jahre,m,3461
03102,2023,30 bis unter 35 Jahre,f,2962
03102,2023,60 bis unter 65 Jahre,m,3844
03102,2023,60 bis unter 65 Jahre,f,3888
03102,2023,25 bis unter 30 Jahre,m,3305
03102,2023,25 bis unter 30 Jahre,f,2804
03102,2023,10 bis unter 15 Jahre,f,2534
03102,2023,10 bis unter 15 Jahre,m,2723
03102,2023,65 bis unter 70 Jahre,f,3321
03102,2023,65 bis unter 70 Jahre,m,3056
03102,2023,5 bis unter 10 Jahre,m,2879
03102,2023,5 bis unter 10 Jahre,f,2747
03102,2023,45 bis unter 50 Jahre,f,2813
03102,2023,45 bis unter 50 Jahre,m,3085
03102,2023,90 bis unter 95 Jahre,f,611
03102,2023,90 bis unter 95 Jahre,m,261
03102,2023,85 bis unter 90 Jahre,m,994
03102,2023,85 bis unter 90 Jahre,f,1677
03102,2023,95 Jahre und mehr,m,40
03102,2023,95 Jahre und mehr,f,180
06411,2023,10 bis unter 15 Jahre,m,3726
06411,2023,10 bis unter 15 Jahre,f,3492
06411,2023,90 bis unter 95 Jahre,f,656
06411,2023,90 bis unter 95 Jahre,m,311
06411,2023,30 bis unter 35 Jahre,m,7674
06411,2023,30 bis unter 35 Jahre,f,6365
06411,2023,45 bis unter 50 Jahre,m,4306
06411,2023,45 bis unter 50 Jahre,f,4620
06411,2023,50 bis unter 55 Jahre,m,4848
06411,2023,50 bis unter 55 Jahre,f,4927
06411,2023,85 bis unter 90 Jahre,m,1136
06411,2023,85 bis unter 90 Jahre,f,1846
06411,2023,70 bis unter 75 Jahre,m,2880
06411,2023,70 bis unter 75 Jahre,f,3589
06411,2023,65 bis unter 70 Jahre,m,3729
06411,2023,65 bis unter 70 Jahre,f,4099
06411,2023,5 bis unter 10 Jahre,m,3826
06411,2023,5 bis unter 10 Jahre,f,3572
06411,2023,95 Jahre und mehr,m,81
06411,2023,95 Jahre und mehr,f,227
06411,2023,25 bis unter 30 Jahre,f,7097
06411,2023,25 bis unter 30 Jahre,m,9464
06411,2023,unter 5 Jahre,f,3572
06411,2023,unter 5 Jahre,m,3839
06411,2023,55 bis unter 60 Jahre,f,5395
06411,2023,55 bis unter 60 Jahre,m,5503
06411,2023,35 bis unter 40 Jahre,f,5552
06411,2023,35 bis unter 40 Jahre,m,6006
06411,2023,60 bis unter 65 Jahre,m,4678
06411,2023,60 bis unter 65 Jahre,f,4953
06411,2023,20 bis unter 25 Jahre,m,8319
06411,2023,20 bis unter 25 Jahre,f,6298
06411,2023,40 bis unter 45 Jahre,m,5232
06411,2023,40 bis unter 45 Jahre,f,5051
06411,2023,80 bis unter 85 Jahre,f,2936
06411,2023,80 bis unter 85 Jahre,m,2087
06411,2023,15 bis unter 20 Jahre,m,4272
06411,2023,15 bis unter 20 Jahre,f,3710
06411,2023,75 bis unter 80 Jahre,f,2768
06411,2023,75 bis unter 80 Jahre,m,2190
03454,2023,20 bis unter 25 Jahre,f,8120
03454,2023,20 bis unter 25 Jahre,m,10039
03454,2023,95 Jahre und mehr,m,118
03454,2023,95 Jahre und mehr,f,378
03454,2023,75 bis unter 80 Jahre,f,5820
03454,2023,75 bis unter 80 Jahre,m,5056
03454,2023,55 bis unter 60 Jahre,f,13243
03454,2023,55 bis unter 60 Jahre,m,13839
03454,2023,35 bis unter 40 Jahre,f,10350
03454,2023,35 bis unter 40 Jahre,m,11773
03454,2023,unter 5 Jahre,f,8289
03454,2023,unter 5 Jahre,m,8576
03454,2023,40 bis unter 45 Jahre,f,10114
03454,2023,40 bis unter 45 Jahre,m,10771
03454,2023,15 bis unter 20 Jahre,f,8466
03454,2023,15 bis unter 20 Jahre,m,9117
03454,2023,60 bis unter 65 Jahre,f,12417
03454,2023,60 bis unter 65 Jahre,m,12573
03454,2023,90 bis unter 95 Jahre,m,627
03454,2023,90 bis unter 95 Jahre,f,1480
03454,2023,70 bis unter 75 Jahre,m,8326
03454,2023,70 bis unter 75 Jahre,f,8549
03454,2023,50 bis unter 55 Jahre,m,11983
03454,2023,50 bis unter 55 Jahre,f,11592
03454,2023,45 bis unter 50 Jahre,m,10446
03454,2023,45 bis unter 50 Jahre,f,9594
03454,2023,80 bis unter 85 Jahre,f,5917
03454,2023,80 bis unter 85 Jahre,m,4408
03454,2023,25 bis unter 30 Jahre,m,10729
03454,2023,25 bis unter 30 Jahre,f,9076
03454,2023,65 bis unter 70 Jahre,f,10607
03454,2023,65 bis unter 70 Jahre,m,10187
03454,2023,10 bis unter 15 Jahre,f,7973
03454,2023,10 bis unter 15 Jahre,m,8332
03454,2023,85 bis unter 90 Jahre,f,4015
03454,2023,85 bis unter 90 Jahre,m,2422
03454,2023,5 bis unter 10 Jahre,m,8766
03454,2023,5 bis unter 10 Jahre,f,8572
03454,2023,30 bis unter 35 Jahre,m,11447
03454,2023,30 bis unter 35 Jahre,f,10096
08216,2023,70 bis unter 75 Jahre,f,6872
08216,2023,70 bis unter 75 Jahre,m,6005
08216,2023,25 bis unter 30 Jahre,m,6522
08216,2023,25 bis unter 30 Jahre,f,5535
08216,2023,10 bis unter 15 Jahre,m,5454
08216,2023,10 bis unter 15 Jahre,f,5173
08216,2023,30 bis unter 35 Jahre,f,6904
08216,2023,30 bis unter 35 Jahre,m,7340
08216,2023,50 bis unter 55 Jahre,f,8056
08216,2023,50 bis unter 55 Jahre,m,7748
08216,2023,5 bis unter 10 Jahre,m,5762
08216,2023,5 bis unter 10 Jahre,f,5387
08216,2023,45 bis unter 50 Jahre,f,6853
08216,2023,45 bis unter 50 Jahre,m,6783
08216,2023,85 bis unter 90 Jahre,f,3675
08216,2023,85 bis unter 90 Jahre,m,2214
08216,2023,65 bis unter 70 Jahre,m,7560
08216,2023,65 bis unter 70 Jahre,f,7904
08216,2023,95 Jahre und mehr,f,344
08216,2023,95 Jahre und mehr,m,99
08216,2023,20 bis unter 25 Jahre,m,6024
08216,2023,20 bis unter 25 Jahre,f,4982
08216,2023,15 bis unter 20 Jahre,f,5175
08216,2023,15 bis unter 20 Jahre,m,5766
08216,2023,40 bis unter 45 Jahre,f,7413
08216,2023,40 bis unter 45 Jahre,m,7410
08216,2023,60 bis unter 65 Jahre,f,9454
08216,2023,60 bis unter 65 Jahre,m,9374
08216,2023,80 bis unter 85 Jahre,f,4850
08216,2023,80 bis unter 85 Jahre,m,3617
08216,2023,35 bis unter 40 Jahre,m,7666
08216,2023,35 bis unter 40 Jahre,f,7214
08216,2023,55 bis unter 60 Jahre,m,9767
08216,2023,55 bis unter 60 Jahre,f,9644
08216,2023,75 bis unter 80 Jahre,m,3773
08216,2023,75 bis unter 80 Jahre,f,4505
08216,2023,unter 5 Jahre,m,5417
08216,2023,unter 5 Jahre,f,5233
08216,2023,90 bis unter 95 Jahre,m,605
08216,2023,90 bis unter 95 Jahre,f,1277
09462,2023,30 bis unter 35 Jahre,m,2909
09462,2023,30 bis unter 35 Jahre,f,2316
09462,2023,50 bis unter 55 Jahre,m,2072
09462,2023,50 bis unter 55 Jahre,f,2160
09462,2023,90 bis unter 95 Jahre,f,406
09462,2023,90 bis unter 95 Jahre,m,156
09462,2023,45 bis unter 50 Jahre,m,1863
09462,2023,45 bis unter 50 Jahre,f,1917
09462,2023,85 bis unter 90 Jahre,m,608
09462,2023,85 bis unter 90 Jahre,f,1190
09462,2023,70 bis unter 75 Jahre,m,1612
09462,2023,70 bis unter 75 Jahre,f,2118
09462,2023,65 bis unter 70 Jahre,m,1853
09462,2023,65 bis unter 70 Jahre,f,2310
09462,2023,5 bis unter 10 Jahre,m,1424
09462,2023,5 bis unter 10 Jahre,f,1347
09462,2023,95 Jahre und mehr,f,152
09462,2023,95 Jahre und mehr,m,38
09462,2023,10 bis unter 15 Jahre,f,1325
09462,2023,10 bis unter 15 Jahre,m,1315
09462,2023,20 bis unter 25 Jahre,f,3267
09462,2023,20 bis unter 25 Jahre,m,3469
09462,2023,15 bis unter 20 Jahre,f,1602
09462,2023,15 bis unter 20 Jahre,m,1745
09462,2023,40 bis unter 45 Jahre,f,1982
09462,2023,40 bis unter 45 Jahre,m,2215
09462,2023,75 bis unter 80 Jahre,m,1292
09462,2023,75 bis unter 80 Jahre,f,1713
09462,2023,unter 5 Jahre,m,1398
09462,2023,unter 5 Jahre,f,1362
09462,2023,60 bis unter 65 Jahre,f,2593
09462,2023,60 bis unter 65 Jahre,m,2344
09462,2023,55 bis unter 60 Jahre,m,2457
09462,2023,55 bis unter 60 Jahre,f,2569
09462,2023,80 bis unter 85 Jahre,m,1146
09462,2023,80 bis unter 85 Jahre,f,1713
09462,2023,35 bis unter 40 Jahre,f,2126
09462,2023,35 bis unter 40 Jahre,m,2396
09462,2023,25 bis unter 30 Jahre,f,3062
09462,2023,25 bis unter 30 Jahre,m,3532
08436,2023,70 bis unter 75 Jahre,m,6753
08436,2023,70 bis unter 75 Jahre,f,7490
08436,2023,90 bis unter 95 Jahre,m,647
08436,2023,90 bis unter 95 Jahre,f,1401
08436,2023,85 bis unter 90 Jahre,m,2522
08436,2023,85 bis unter 90 Jahre,f,3889
08436,2023,unter 5 Jahre,f,7184
08436,2023,unter 5 Jahre,m,7420
08436,2023,30 bis unter 35 Jahre,m,9804
08436,2023,30 bis unter 35 Jahre,f,8923
08436,2023,95 Jahre und mehr,f,432
08436,2023,95 Jahre und mehr,m,159
08436,2023,45 bis unter 50 Jahre,m,8352
08436,2023,45 bis unter 50 Jahre,f,8332
08436,2023,15 bis unter 20 Jahre,f,7055
08436,2023,15 bis unter 20 Jahre,m,7660
08436,2023,60 bis unter 65 Jahre,f,10849
08436,2023,60 bis unter 65 Jahre,m,10485
08436,2023,50 bis unter 55 Jahre,f,10121
08436,2023,50 bis unter 55 Jahre,m,9813
08436,2023,5 bis unter 10 Jahre,m,7451
08436,2023,5 bis unter 10 Jahre,f,7208
08436,2023,55 bis unter 60 Jahre,f,11561
08436,2023,55 bis unter 60 Jahre,m,11593
08436,2023,80 bis unter 85 Jahre,f,5663
08436,2023,80 bis unter 85 Jahre,m,4459
08436,2023,35 bis unter 40 Jahre,m,9688
08436,2023,35 bis unter 40 Jahre,f,8961
08436,2023,25 bis unter 30 Jahre,m,9335
08436,2023,25 bis unter 30 Jahre,f,8298
08436,2023,40 bis unter 45 Jahre,m,8966
08436,2023,40 bis unter 45 Jahre,f,9051
08436,2023,20 bis unter 25 Jahre,m,8661
08436,2023,20 bis unter 25 Jahre,f,7824
08436,2023,65 bis unter 70 Jahre,f,8972
08436,2023,65 bis unter 70 Jahre,m,8422
08436,2023,10 bis unter 15 Jahre,f,6816
08436,2023,10 bis unter 15 Jahre,m,7171
08436,2023,75 bis unter 80 Jahre,f,5498
08436,2023,75 bis unter 80 Jahre,m,4836
08416,2023,40 bis unter 45 Jahre,m,7001
08416,2023,40 bis unter 45 Jahre,f,7175
08416,2023,20 bis unter 25 Jahre,m,8833
08416,2023,20 bis unter 25 Jahre,f,10663
08416,2023,75 bis unter 80 Jahre,m,3307
08416,2023,75 bis unter 80 Jahre,f,3726
08416,2023,95 Jahre und mehr,f,329
08416,2023,95 Jahre und mehr,m,91
08416,2023,unter 5 Jahre,m,5660
08416,2023,unter 5 Jahre,f,5523
08416,2023,80 bis unter 85 Jahre,f,3934
08416,2023,80 bis unter 85 Jahre,m,3000
08416,2023,35 bis unter 40 Jahre,m,7504
08416,2023,35 bis unter 40 Jahre,f,7687
08416,2023,60 bis unter 65 Jahre,m,7874
08416,2023,60 bis unter 65 Jahre,f,8200
08416,2023,5 bis unter 10 Jahre,f,5846
08416,2023,5 bis unter 10 Jahre,m,5822
08416,2023,10 bis unter 15 Jahre,f,5308
08416,2023,10 bis unter 15 Jahre,m,5197
08416,2023,55 bis unter 60 Jahre,f,8495
08416,2023,55 bis unter 60 Jahre,m,8389
08416,2023,65 bis unter 70 Jahre,f,6848
08416,2023,65 bis unter 70 Jahre,m,6533
08416,2023,85 bis unter 90 Jahre,f,2853
08416,2023,85 bis unter 90 Jahre,m,1712
08416,2023,90 bis unter 95 Jahre,m,501
08416,2023,90 bis unter 95 Jahre,f,1015
08416,2023,30 bis unter 35 Jahre,m,8416
08416,2023,30 bis unter 35 Jahre,f,8183
08416,2023,70 bis unter 75 Jahre,m,4982
08416,2023,70 bis unter 75 Jahre,f,5537
08416,2023,45 bis unter 50 Jahre,m,6081
08416,2023,45 bis unter 50 Jahre,f,6283
08416,2023,50 bis unter 55 Jahre,m,6826
08416,2023,50 bis unter 55 Jahre,f,7117
08416,2023,25 bis unter 30 Jahre,m,9439
08416,2023,25 bis unter 30 Jahre,f,9224
08416,2023,15 bis unter 20 Jahre,f,6096
08416,2023,15 bis unter 20 Jahre,m,5687
03453,2023,25 bis unter 30 Jahre,f,5445
03453,2023,25 bis unter 30 Jahre,m,5818
03453,2023,10 bis unter 15 Jahre,f,4406
03453,2023,10 bis unter 15 Jahre,m,4932
03453,2023,5 bis unter 10 Jahre,f,4789
03453,2023,5 bis unter 10 Jahre,m,5203
03453,2023,50 bis unter 55 Jahre,f,5885
03453,2023,50 bis unter 55 Jahre,m,6041
03453,2023,65 bis unter 70 Jahre,f,5114
03453,2023,65 bis unter 70 Jahre,m,4953
03453,2023,80 bis unter 85 Jahre,m,1882
03453,2023,80 bis unter 85 Jahre,f,2704
03453,2023,20 bis unter 25 Jahre,m,5751
03453,2023,20 bis unter 25 Jahre,f,4968
03453,2023,55 bis unter 60 Jahre,m,6986
03453,2023,55 bis unter 60 Jahre,f,6804
03453,2023,30 bis unter 35 Jahre,m,6354
03453,2023,30 bis unter 35 Jahre,f,5655
03453,2023,85 bis unter 90 Jahre,m,1065
03453,2023,85 bis unter 90 Jahre,f,1916
03453,2023,unter 5 Jahre,m,5332
03453,2023,unter 5 Jahre,f,4834
03453,2023,75 bis unter 80 Jahre,m,2211
03453,2023,75 bis unter 80 Jahre,f,2400
03453,2023,35 bis unter 40 Jahre,f,5452
03453,2023,35 bis unter 40 Jahre,m,6359
03453,2023,15 bis unter 20 Jahre,f,4733
03453,2023,15 bis unter 20 Jahre,m,5354
03453,2023,90 bis unter 95 Jahre,m,296
03453,2023,90 bis unter 95 Jahre,f,713
03453,2023,40 bis unter 45 Jahre,f,5358
03453,2023,40 bis unter 45 Jahre,m,5660
03453,2023,45 bis unter 50 Jahre,m,5302
03453,2023,45 bis unter 50 Jahre,f,5135
03453,2023,95 Jahre und mehr,m,51
03453,2023,95 Jahre und mehr,f,177
03453,2023,70 bis unter 75 Jahre,m,3938
03453,2023,70 bis unter 75 Jahre,f,3891
03453,2023,60 bis unter 65 Jahre,f,6343
03453,2023,60 bis unter 65 Jahre,m,6330
09474,2023,90 bis unter 95 Jahre,f,572
09474,2023,90 bis unter 95 Jahre,m,265
09474,2023,10 bis unter 15 Jahre,m,2684
09474,2023,10 bis unter 15 Jahre,f,2730
09474,2023,25 bis unter 30 Jahre,m,3182
09474,2023,25 bis unter 30 Jahre,f,2670
09474,2023,70 bis unter 75 Jahre,f,3218
09474,2023,70 bis unter 75 Jahre,m,3003
09474,2023,5 bis unter 10 Jahre,m,2964
09474,2023,5 bis unter 10 Jahre,f,2894
09474,2023,95 Jahre und mehr,m,38
09474,2023,95 Jahre und mehr,f,124
09474,2023,50 bis unter 55 Jahre,f,4071
09474,2023,50 bis unter 55 Jahre,m,3858
09474,2023,30 bis unter 35 Jahre,f,3299
09474,2023,30 bis unter 35 Jahre,m,3586
09474,2023,65 bis unter 70 Jahre,f,4028
09474,2023,65 bis unter 70 Jahre,m,3842
09474,2023,85 bis unter 90 Jahre,m,932
09474,2023,85 bis unter 90 Jahre,f,1573
09474,2023,45 bis unter 50 Jahre,m,3543
09474,2023,45 bis unter 50 Jahre,f,3419
09474,2023,80 bis unter 85 Jahre,m,1711
09474,2023,80 bis unter 85 Jahre,f,2235
09474,2023,20 bis unter 25 Jahre,f,2542
09474,2023,20 bis unter 25 Jahre,m,2978
09474,2023,75 bis unter 80 Jahre,f,2248
09474,2023,75 bis unter 80 Jahre,m,1952
09474,2023,35 bis unter 40 Jahre,m,3725
09474,2023,35 bis unter 40 Jahre,f,3762
09474,2023,unter 5 Jahre,m,2846
09474,2023,unter 5 Jahre,f,2761
09474,2023,60 bis unter 65 Jahre,f,5018
09474,2023,60 bis unter 65 Jahre,m,4954
09474,2023,15 bis unter 20 Jahre,m,2762
09474,2023,15 bis unter 20 Jahre,f,2642
09474,2023,55 bis unter 60 Jahre,m,5083
09474,2023,55 bis unter 60 Jahre,f,5016
09474,2023,40 bis unter 45 Jahre,f,3791
09474,2023,40 bis unter 45 Jahre,m,3763
05515,2023,45 bis unter 50 Jahre,f,8346
05515,2023,45 bis unter 50 Jahre,m,8190
05515,2023,25 bis unter 30 Jahre,f,15170
05515,2023,25 bis unter 30 Jahre,m,14334
05515,2023,5 bis unter 10 Jahre,f,6393
05515,2023,5 bis unter 10 Jahre,m,6998
05515,2023,10 bis unter 15 Jahre,f,6022
05515,2023,10 bis unter 15 Jahre,m,6460
05515,2023,85 bis unter 90 Jahre,f,4094
05515,2023,85 bis unter 90 Jahre,m,2277
05515,2023,60 bis unter 65 Jahre,m,9242
05515,2023,60 bis unter 65 Jahre,f,10189
05515,2023,30 bis unter 35 Jahre,f,11367
05515,2023,30 bis unter 35 Jahre,m,12076
05515,2023,70 bis unter 75 Jahre,f,6894
05515,2023,70 bis unter 75 Jahre,m,5838
05515,2023,65 bis unter 70 Jahre,m,7614
05515,2023,65 bis unter 70 Jahre,f,8300
05515,2023,55 bis unter 60 Jahre,m,10369
05515,2023,55 bis unter 60 Jahre,f,10932
05515,2023,unter 5 Jahre,m,6728
05515,2023,unter 5 Jahre,f,6348
05515,2023,80 bis unter 85 Jahre,f,5716
05515,2023,80 bis unter 85 Jahre,m,3836
05515,2023,35 bis unter 40 Jahre,m,9958
05515,2023,35 bis unter 40 Jahre,f,10009
05515,2023,90 bis unter 95 Jahre,f,1669
05515,2023,90 bis unter 95 Jahre,m,664
05515,2023,75 bis unter 80 Jahre,f,4989
05515,2023,75 bis unter 80 Jahre,m,3886
05515,2023,95 Jahre und mehr,f,601
05515,2023,95 Jahre und mehr,m,142
05515,2023,20 bis unter 25 Jahre,f,17579
05515,2023,20 bis unter 25 Jahre,m,13141
05515,2023,50 bis unter 55 Jahre,m,8792
05515,2023,50 bis unter 55 Jahre,f,9005
05515,2023,40 bis unter 45 Jahre,m,8998
05515,2023,40 bis unter 45 Jahre,f,9222
05515,2023,15 bis unter 20 Jahre,m,7283
05515,2023,15 bis unter 20 Jahre,f,7400
09173,2023,15 bis unter 20 Jahre,m,3375
09173,2023,15 bis unter 20 Jahre,f,2905
09173,2023,35 bis unter 40 Jahre,m,4150
09173,2023,35 bis unter 40 Jahre,f,4185
09173,2023,80 bis unter 85 Jahre,f,3096
09173,2023,80 bis unter 85 Jahre,m,2344
09173,2023,55 bis unter 60 Jahre,m,5589
09173,2023,55 bis unter 60 Jahre,f,5661
09173,2023,75 bis unter 80 Jahre,m,2296
09173,2023,75 bis unter 80 Jahre,f,2791
09173,2023,unter 5 Jahre,f,3027
09173,2023,unter 5 Jahre,m,3288
09173,2023,40 bis unter 45 Jahre,f,4297
09173,2023,40 bis unter 45 Jahre,m,4221
09173,2023,20 bis unter 25 Jahre,m,3210
09173,2023,20 bis unter 25 Jahre,f,3035
09173,2023,25 bis unter 30 Jahre,f,3321
09173,2023,25 bis unter 30 Jahre,m,3562
09173,2023,60 bis unter 65 Jahre,m,4799
09173,2023,60 bis unter 65 Jahre,f,4975
09173,2023,45 bis unter 50 Jahre,f,3948
09173,2023,45 bis unter 50 Jahre,m,3903
09173,2023,50 bis unter 55 Jahre,m,4369
09173,2023,50 bis unter 55 Jahre,f,4688
09173,2023,70 bis unter 75 Jahre,f,3455
09173,2023,70 bis unter 75 Jahre,m,2890
09173,2023,90 bis unter 95 Jahre,f,655
09173,2023,90 bis unter 95 Jahre,m,342
09173,2023,30 bis unter 35 Jahre,f,3679
09173,2023,30 bis unter 35 Jahre,m,4097
09173,2023,95 Jahre und mehr,f,199
09173,2023,95 Jahre und mehr,m,67
09173,2023,5 bis unter 10 Jahre,m,3425
09173,2023,5 bis unter 10 Jahre,f,3211
09173,2023,10 bis unter 15 Jahre,m,3252
09173,2023,10 bis unter 15 Jahre,f,2834
09173,2023,85 bis unter 90 Jahre,m,1253
09173,2023,85 bis unter 90 Jahre,f,1869
09173,2023,65 bis unter 70 Jahre,f,3862
09173,2023,65 bis unter 70 Jahre,m,3662
02000,2023,10 bis unter 15 Jahre,m,42985
02000,2023,10 bis unter 15 Jahre,f,39773
02000,2023,65 bis unter 70 Jahre,m,40406
02000,2023,65 bis unter 70 Jahre,f,45233
02000,2023,30 bis unter 35 Jahre,m,76018
02000,2023,30 bis unter 35 Jahre,f,75525
02000,2023,85 bis unter 90 Jahre,m,13792
02000,2023,85 bis unter 90 Jahre,f,24242
02000,2023,70 bis unter 75 Jahre,f,40015
02000,2023,70 bis unter 75 Jahre,m,32244
02000,2023,90 bis unter 95 Jahre,m,3553
02000,2023,90 bis unter 95 Jahre,f,8500
02000,2023,50 bis unter 55 Jahre,m,60332
02000,2023,50 bis unter 55 Jahre,f,59981
02000,2023,25 bis unter 30 Jahre,m,71601
02000,2023,25 bis unter 30 Jahre,f,72637
02000,2023,45 bis unter 50 Jahre,f,59317
02000,2023,45 bis unter 50 Jahre,m,59815
02000,2023,unter 5 Jahre,f,44361
02000,2023,unter 5 Jahre,m,47073
02000,2023,55 bis unter 60 Jahre,f,66593
02000,2023,55 bis unter 60 Jahre,m,67285
02000,2023,75 bis unter 80 Jahre,f,33848
02000,2023,75 bis unter 80 Jahre,m,26764
02000,2023,80 bis unter 85 Jahre,m,24781
02000,2023,80 bis unter 85 Jahre,f,35672
02000,2023,95 Jahre und mehr,f,3119
02000,2023,95 Jahre und mehr,m,866
02000,2023,20 bis unter 25 Jahre,m,54054
02000,2023,20 bis unter 25 Jahre,f,54923
02000,2023,40 bis unter 45 Jahre,m,65927
02000,2023,40 bis unter 45 Jahre,f,67578
02000,2023,35 bis unter 40 Jahre,m,72432
02000,2023,35 bis unter 40 Jahre,f,71583
02000,2023,60 bis unter 65 Jahre,m,54699
02000,2023,60 bis unter 65 Jahre,f,57499
02000,2023,15 bis unter 20 Jahre,m,44586
02000,2023,15 bis unter 20 Jahre,f,40627
02000,2023,5 bis unter 10 Jahre,f,44316
02000,2023,5 bis unter 10 Jahre,m,47041
05382,2023,5 bis unter 10 Jahre,m,15680
05382,2023,5 bis unter 10 Jahre,f,14504
05382,2023,50 bis unter 55 Jahre,f,21444
05382,2023,50 bis unter 55 Jahre,m,20335
05382,2023,95 Jahre und mehr,f,975
05382,2023,95 Jahre und mehr,m,291
05382,2023,25 bis unter 30 Jahre,m,16368
05382,2023,25 bis unter 30 Jahre,f,14636
05382,2023,70 bis unter 75 Jahre,f,16945
05382,2023,70 bis unter 75 Jahre,m,14669
05382,2023,30 bis unter 35 Jahre,f,17127
05382,2023,30 bis unter 35 Jahre,m,17982
05382,2023,10 bis unter 15 Jahre,m,15258
05382,2023,10 bis unter 15 Jahre,f,13935
05382,2023,45 bis unter 50 Jahre,f,18186
05382,2023,45 bis unter 50 Jahre,m,17361
05382,2023,85 bis unter 90 Jahre,f,8900
05382,2023,85 bis unter 90 Jahre,m,5824
05382,2023,65 bis unter 70 Jahre,m,18540
05382,2023,65 bis unter 70 Jahre,f,20160
05382,2023,20 bis unter 25 Jahre,m,15925
05382,2023,20 bis unter 25 Jahre,f,13828
05382,2023,15 bis unter 20 Jahre,f,14197
05382,2023,15 bis unter 20 Jahre,m,15921
05382,2023,40 bis unter 45 Jahre,f,19724
05382,2023,40 bis unter 45 Jahre,m,19034
05382,2023,60 bis unter 65 Jahre,f,24849
05382,2023,60 bis unter 65 Jahre,m,23653
05382,2023,80 bis unter 85 Jahre,f,13415
05382,2023,80 bis unter 85 Jahre,m,9934
05382,2023,75 bis unter 80 Jahre,f,12838
05382,2023,75 bis unter 80 Jahre,m,10518
05382,2023,35 bis unter 40 Jahre,m,19081
05382,2023,35 bis unter 40 Jahre,f,18977
05382,2023,55 bis unter 60 Jahre,m,26007
05382,2023,55 bis unter 60 Jahre,f,26564
05382,2023,unter 5 Jahre,m,14020
05382,2023,unter 5 Jahre,f,13326
05382,2023,90 bis unter 95 Jahre,m,1356
05382,2023,90 bis unter 95 Jahre,f,2996
09677,2023,20 bis unter 25 Jahre,f,2597
09677,2023,20 bis unter 25 Jahre,m,3161
09677,2023,55 bis unter 60 Jahre,f,5540
09677,2023,55 bis unter 60 Jahre,m,5407
09677,2023,35 bis unter 40 Jahre,f,3728
09677,2023,35 bis unter 40 Jahre,m,3926
09677,2023,75 bis unter 80 Jahre,f,2575
09677,2023,75 bis unter 80 Jahre,m,2348
09677,2023,15 bis unter 20 Jahre,m,3003
09677,2023,15 bis unter 20 Jahre,f,2687
09677,2023,60 bis unter 65 Jahre,f,5579
09677,2023,60 bis unter 65 Jahre,m,5491
09677,2023,unter 5 Jahre,m,2830
09677,2023,unter 5 Jahre,f,2763
09677,2023,85 bis unter 90 Jahre,m,1263
09677,2023,85 bis unter 90 Jahre,f,2161
09677,2023,40 bis unter 45 Jahre,m,3896
09677,2023,40 bis unter 45 Jahre,f,3672
09677,2023,50 bis unter 55 Jahre,m,4219
09677,2023,50 bis unter 55 Jahre,f,4442
09677,2023,5 bis unter 10 Jahre,m,3023
09677,2023,5 bis unter 10 Jahre,f,2835
09677,2023,95 Jahre und mehr,m,49
09677,2023,95 Jahre und mehr,f,192
09677,2023,30 bis unter 35 Jahre,m,3777
09677,2023,30 bis unter 35 Jahre,f,3438
09677,2023,45 bis unter 50 Jahre,f,3623
09677,2023,45 bis unter 50 Jahre,m,3485
09677,2023,25 bis unter 30 Jahre,f,2913
09677,2023,25 bis unter 30 Jahre,m,3410
09677,2023,10 bis unter 15 Jahre,f,2610
09677,2023,10 bis unter 15 Jahre,m,2740
09677,2023,70 bis unter 75 Jahre,f,3885
09677,2023,70 bis unter 75 Jahre,m,3802
09677,2023,65 bis unter 70 Jahre,m,4525
09677,2023,65 bis unter 70 Jahre,f,4541
09677,2023,90 bis unter 95 Jahre,m,317
09677,2023,90 bis unter 95 Jahre,f,675
09677,2023,80 bis unter 85 Jahre,f,2623
09677,2023,80 bis unter 85 Jahre,m,2063
09563,2023,70 bis unter 75 Jahre,f,3221
09563,2023,70 bis unter 75 Jahre,m,2500
09563,2023,25 bis unter 30 Jahre,m,4633
09563,2023,25 bis unter 30 Jahre,f,4216
09563,2023,85 bis unter 90 Jahre,f,1623
09563,2023,85 bis unter 90 Jahre,m,875
09563,2023,95 Jahre und mehr,m,43
09563,2023,95 Jahre und mehr,f,153
09563,2023,30 bis unter 35 Jahre,f,4706
09563,2023,30 bis unter 35 Jahre,m,5165
09563,2023,5 bis unter 10 Jahre,m,3148
09563,2023,5 bis unter 10 Jahre,f,3081
09563,2023,10 bis unter 15 Jahre,m,2878
09563,2023,10 bis unter 15 Jahre,f,2684
09563,2023,50 bis unter 55 Jahre,f,4610
09563,2023,50 bis unter 55 Jahre,m,4362
09563,2023,65 bis unter 70 Jahre,f,3978
09563,2023,65 bis unter 70 Jahre,m,3585
09563,2023,45 bis unter 50 Jahre,m,4299
09563,2023,45 bis unter 50 Jahre,f,4236
09563,2023,90 bis unter 95 Jahre,f,626
09563,2023,90 bis unter 95 Jahre,m,214
09563,2023,80 bis unter 85 Jahre,m,1721
09563,2023,80 bis unter 85 Jahre,f,2508
09563,2023,75 bis unter 80 Jahre,m,1964
09563,2023,75 bis unter 80 Jahre,f,2561
09563,2023,20 bis unter 25 Jahre,f,3372
09563,2023,20 bis unter 25 Jahre,m,3619
09563,2023,unter 5 Jahre,m,3226
09563,2023,unter 5 Jahre,f,3041
09563,2023,60 bis unter 65 Jahre,f,4921
09563,2023,60 bis unter 65 Jahre,m,4576
09563,2023,15 bis unter 20 Jahre,m,2960
09563,2023,15 bis unter 20 Jahre,f,2733
09563,2023,35 bis unter 40 Jahre,m,5061
09563,2023,35 bis unter 40 Jahre,f,4622
09563,2023,55 bis unter 60 Jahre,m,5233
09563,2023,55 bis unter 60 Jahre,f,5236
09563,2023,40 bis unter 45 Jahre,f,4737
09563,2023,40 bis unter 45 Jahre,m,4785
06434,2023,55 bis unter 60 Jahre,f,10580
06434,2023,55 bis unter 60 Jahre,m,10452
06434,2023,unter 5 Jahre,f,4947
06434,2023,unter 5 Jahre,m,5214
06434,2023,15 bis unter 20 Jahre,f,6047
06434,2023,15 bis unter 20 Jahre,m,6747
06434,2023,20 bis unter 25 Jahre,f,4682
06434,2023,20 bis unter 25 Jahre,m,5752
06434,2023,40 bis unter 45 Jahre,f,8488
06434,2023,40 bis unter 45 Jahre,m,7455
06434,2023,35 bis unter 40 Jahre,f,7339
06434,2023,35 bis unter 40 Jahre,m,6897
06434,2023,80 bis unter 85 Jahre,f,6204
06434,2023,80 bis unter 85 Jahre,m,4520
06434,2023,95 Jahre und mehr,f,523
06434,2023,95 Jahre und mehr,m,162
06434,2023,75 bis unter 80 Jahre,m,4442
06434,2023,75 bis unter 80 Jahre,f,5893
06434,2023,45 bis unter 50 Jahre,m,7678
06434,2023,45 bis unter 50 Jahre,f,8316
06434,2023,90 bis unter 95 Jahre,f,1479
06434,2023,90 bis unter 95 Jahre,m,710
06434,2023,65 bis unter 70 Jahre,m,6432
06434,2023,65 bis unter 70 Jahre,f,7309
06434,2023,70 bis unter 75 Jahre,m,5306
06434,2023,70 bis unter 75 Jahre,f,6477
06434,2023,10 bis unter 15 Jahre,f,6081
06434,2023,10 bis unter 15 Jahre,m,6659
06434,2023,85 bis unter 90 Jahre,f,3979
06434,2023,85 bis unter 90 Jahre,m,2481
06434,2023,5 bis unter 10 Jahre,f,5918
06434,2023,5 bis unter 10 Jahre,m,6459
06434,2023,25 bis unter 30 Jahre,m,5764
06434,2023,25 bis unter 30 Jahre,f,5081
06434,2023,30 bis unter 35 Jahre,f,6179
06434,2023,30 bis unter 35 Jahre,m,6070
06434,2023,60 bis unter 65 Jahre,m,8776
06434,2023,60 bis unter 65 Jahre,f,9215
06434,2023,50 bis unter 55 Jahre,m,8733
06434,2023,50 bis unter 55 Jahre,f,9176
07143,2023,60 bis unter 65 Jahre,f,8646
07143,2023,60 bis unter 65 Jahre,m,8669
07143,2023,40 bis unter 45 Jahre,f,6407
07143,2023,40 bis unter 45 Jahre,m,6561
07143,2023,20 bis unter 25 Jahre,f,4505
07143,2023,20 bis unter 25 Jahre,m,5022
07143,2023,95 Jahre und mehr,f,348
07143,2023,95 Jahre und mehr,m,83
07143,2023,unter 5 Jahre,f,4681
07143,2023,unter 5 Jahre,m,5050
07143,2023,75 bis unter 80 Jahre,m,3441
07143,2023,75 bis unter 80 Jahre,f,3952
07143,2023,35 bis unter 40 Jahre,m,6874
07143,2023,35 bis unter 40 Jahre,f,6690
07143,2023,80 bis unter 85 Jahre,f,4029
07143,2023,80 bis unter 85 Jahre,m,2999
07143,2023,55 bis unter 60 Jahre,f,9043
07143,2023,55 bis unter 60 Jahre,m,9123
07143,2023,50 bis unter 55 Jahre,m,7244
07143,2023,50 bis unter 55 Jahre,f,7408
07143,2023,15 bis unter 20 Jahre,f,4764
07143,2023,15 bis unter 20 Jahre,m,5242
07143,2023,30 bis unter 35 Jahre,m,6568
07143,2023,30 bis unter 35 Jahre,f,6288
07143,2023,25 bis unter 30 Jahre,f,5134
07143,2023,25 bis unter 30 Jahre,m,5508
07143,2023,5 bis unter 10 Jahre,m,5356
07143,2023,5 bis unter 10 Jahre,f,5033
07143,2023,85 bis unter 90 Jahre,f,2979
07143,2023,85 bis unter 90 Jahre,m,1759
07143,2023,65 bis unter 70 Jahre,f,6955
07143,2023,65 bis unter 70 Jahre,m,6718
07143,2023,90 bis unter 95 Jahre,f,1034
07143,2023,90 bis unter 95 Jahre,m,448
07143,2023,70 bis unter 75 Jahre,f,5976
07143,2023,70 bis unter 75 Jahre,m,5559
07143,2023,45 bis unter 50 Jahre,f,6017
07143,2023,45 bis unter 50 Jahre,m,5916
07143,2023,10 bis unter 15 Jahre,m,4896
07143,2023,10 bis unter 15 Jahre,f,4723
09773,2023,75 bis unter 80 Jahre,f,1838
09773,2023,75 bis unter 80 Jahre,m,1635
09773,2023,20 bis unter 25 Jahre,f,2363
09773,2023,20 bis unter 25 Jahre,m,2681
09773,2023,unter 5 Jahre,f,2460
09773,2023,unter 5 Jahre,m,2520
09773,2023,35 bis unter 40 Jahre,m,3369
09773,2023,35 bis unter 40 Jahre,f,3087
09773,2023,95 Jahre und mehr,m,40
09773,2023,95 Jahre und mehr,f,137
09773,2023,80 bis unter 85 Jahre,f,1880
09773,2023,80 bis unter 85 Jahre,m,1479
09773,2023,15 bis unter 20 Jahre,f,2364
09773,2023,15 bis unter 20 Jahre,m,2479
09773,2023,40 bis unter 45 Jahre,f,2904
09773,2023,40 bis unter 45 Jahre,m,3122
09773,2023,70 bis unter 75 Jahre,m,2380
09773,2023,70 bis unter 75 Jahre,f,2661
09773,2023,55 bis unter 60 Jahre,f,4067
09773,2023,55 bis unter 60 Jahre,m,4064
09773,2023,60 bis unter 65 Jahre,m,3822
09773,2023,60 bis unter 65 Jahre,f,3888
09773,2023,50 bis unter 55 Jahre,m,3417
09773,2023,50 bis unter 55 Jahre,f,3385
09773,2023,30 bis unter 35 Jahre,m,3285
09773,2023,30 bis unter 35 Jahre,f,2976
09773,2023,25 bis unter 30 Jahre,m,2811
09773,2023,25 bis unter 30 Jahre,f,2470
09773,2023,65 bis unter 70 Jahre,f,3280
09773,2023,65 bis unter 70 Jahre,m,3139
09773,2023,10 bis unter 15 Jahre,f,2277
09773,2023,10 bis unter 15 Jahre,m,2437
09773,2023,85 bis unter 90 Jahre,f,1282
09773,2023,85 bis unter 90 Jahre,m,802
09773,2023,5 bis unter 10 Jahre,m,2625
09773,2023,5 bis unter 10 Jahre,f,2427
09773,2023,45 bis unter 50 Jahre,f,2950
09773,2023,45 bis unter 50 Jahre,m,2959
09773,2023,90 bis unter 95 Jahre,f,508
09773,2023,90 bis unter 95 Jahre,m,204
09277,2023,85 bis unter 90 Jahre,m,987
09277,2023,85 bis unter 90 Jahre,f,1683
09277,2023,30 bis unter 35 Jahre,m,3889
09277,2023,30 bis unter 35 Jahre,f,3591
09277,2023,50 bis unter 55 Jahre,m,4220
09277,2023,50 bis unter 55 Jahre,f,4147
09277,2023,10 bis unter 15 Jahre,m,2846
09277,2023,10 bis unter 15 Jahre,f,2613
09277,2023,90 bis unter 95 Jahre,f,658
09277,2023,90 bis unter 95 Jahre,m,276
09277,2023,15 bis unter 20 Jahre,f,2784
09277,2023,15 bis unter 20 Jahre,m,2995
09277,2023,70 bis unter 75 Jahre,m,3147
09277,2023,70 bis unter 75 Jahre,f,3405
09277,2023,45 bis unter 50 Jahre,m,3550
09277,2023,45 bis unter 50 Jahre,f,3404
09277,2023,unter 5 Jahre,f,2757
09277,2023,unter 5 Jahre,m,2936
09277,2023,20 bis unter 25 Jahre,f,2878
09277,2023,20 bis unter 25 Jahre,m,3299
09277,2023,65 bis unter 70 Jahre,f,4216
09277,2023,65 bis unter 70 Jahre,m,3942
09277,2023,75 bis unter 80 Jahre,f,2511
09277,2023,75 bis unter 80 Jahre,m,2146
09277,2023,40 bis unter 45 Jahre,m,3707
09277,2023,40 bis unter 45 Jahre,f,3757
09277,2023,60 bis unter 65 Jahre,m,4799
09277,2023,60 bis unter 65 Jahre,f,5048
09277,2023,55 bis unter 60 Jahre,m,4977
09277,2023,55 bis unter 60 Jahre,f,4882
09277,2023,80 bis unter 85 Jahre,m,1872
09277,2023,80 bis unter 85 Jahre,f,2498
09277,2023,5 bis unter 10 Jahre,f,2730
09277,2023,5 bis unter 10 Jahre,m,2998
09277,2023,35 bis unter 40 Jahre,m,3814
09277,2023,35 bis unter 40 Jahre,f,3493
09277,2023,95 Jahre und mehr,m,48
09277,2023,95 Jahre und mehr,f,160
09277,2023,25 bis unter 30 Jahre,f,3212
09277,2023,25 bis unter 30 Jahre,m,3600
09774,2023,5 bis unter 10 Jahre,m,3442
09774,2023,5 bis unter 10 Jahre,f,3128
09774,2023,50 bis unter 55 Jahre,f,4608
09774,2023,50 bis unter 55 Jahre,m,4507
09774,2023,25 bis unter 30 Jahre,m,4121
09774,2023,25 bis unter 30 Jahre,f,3430
09774,2023,70 bis unter 75 Jahre,f,3143
09774,2023,70 bis unter 75 Jahre,m,3054
09774,2023,30 bis unter 35 Jahre,f,4000
09774,2023,30 bis unter 35 Jahre,m,4348
09774,2023,10 bis unter 15 Jahre,m,3161
09774,2023,10 bis unter 15 Jahre,f,2975
09774,2023,85 bis unter 90 Jahre,m,989
09774,2023,85 bis unter 90 Jahre,f,1617
09774,2023,65 bis unter 70 Jahre,f,4064
09774,2023,65 bis unter 70 Jahre,m,3884
09774,2023,90 bis unter 95 Jahre,f,588
09774,2023,90 bis unter 95 Jahre,m,258
09774,2023,45 bis unter 50 Jahre,m,4090
09774,2023,45 bis unter 50 Jahre,f,3910
09774,2023,80 bis unter 85 Jahre,m,1864
09774,2023,80 bis unter 85 Jahre,f,2452
09774,2023,75 bis unter 80 Jahre,m,2065
09774,2023,75 bis unter 80 Jahre,f,2312
09774,2023,unter 5 Jahre,m,3350
09774,2023,unter 5 Jahre,f,3181
09774,2023,20 bis unter 25 Jahre,f,3137
09774,2023,20 bis unter 25 Jahre,m,3868
09774,2023,15 bis unter 20 Jahre,m,3407
09774,2023,15 bis unter 20 Jahre,f,3039
09774,2023,60 bis unter 65 Jahre,f,5031
09774,2023,60 bis unter 65 Jahre,m,4990
09774,2023,95 Jahre und mehr,f,142
09774,2023,95 Jahre und mehr,m,45
09774,2023,35 bis unter 40 Jahre,m,4466
09774,2023,35 bis unter 40 Jahre,f,4162
09774,2023,55 bis unter 60 Jahre,m,5459
09774,2023,55 bis unter 60 Jahre,f,5210
09774,2023,40 bis unter 45 Jahre,f,4098
09774,2023,40 bis unter 45 Jahre,m,4101
09473,2023,40 bis unter 45 Jahre,f,2592
09473,2023,40 bis unter 45 Jahre,m,2699
09473,2023,75 bis unter 80 Jahre,f,1835
09473,2023,75 bis unter 80 Jahre,m,1558
09473,2023,20 bis unter 25 Jahre,f,1599
09473,2023,20 bis unter 25 Jahre,m,2037
09473,2023,unter 5 Jahre,f,1771
09473,2023,unter 5 Jahre,m,2013
09473,2023,15 bis unter 20 Jahre,f,1741
09473,2023,15 bis unter 20 Jahre,m,1972
09473,2023,35 bis unter 40 Jahre,m,2772
09473,2023,35 bis unter 40 Jahre,f,2685
09473,2023,55 bis unter 60 Jahre,f,3780
09473,2023,55 bis unter 60 Jahre,m,3772
09473,2023,80 bis unter 85 Jahre,f,1928
09473,2023,80 bis unter 85 Jahre,m,1345
09473,2023,95 Jahre und mehr,m,39
09473,2023,95 Jahre und mehr,f,120
09473,2023,60 bis unter 65 Jahre,m,3684
09473,2023,60 bis unter 65 Jahre,f,3704
09473,2023,50 bis unter 55 Jahre,m,2896
09473,2023,50 bis unter 55 Jahre,f,3080
09473,2023,25 bis unter 30 Jahre,f,1810
09473,2023,25 bis unter 30 Jahre,m,2031
09473,2023,30 bis unter 35 Jahre,f,2338
09473,2023,30 bis unter 35 Jahre,m,2521
09473,2023,85 bis unter 90 Jahre,f,1401
09473,2023,85 bis unter 90 Jahre,m,767
09473,2023,70 bis unter 75 Jahre,f,2695
09473,2023,70 bis unter 75 Jahre,m,2328
09473,2023,65 bis unter 70 Jahre,f,3109
09473,2023,65 bis unter 70 Jahre,m,2973
09473,2023,45 bis unter 50 Jahre,f,2393
09473,2023,45 bis unter 50 Jahre,m,2366
09473,2023,10 bis unter 15 Jahre,m,1883
09473,2023,10 bis unter 15 Jahre,f,1627
09473,2023,5 bis unter 10 Jahre,m,2062
09473,2023,5 bis unter 10 Jahre,f,1925
09473,2023,90 bis unter 95 Jahre,f,463
09473,2023,90 bis unter 95 Jahre,m,204
03155,2023,95 Jahre und mehr,f,249
03155,2023,95 Jahre und mehr,m,77
03155,2023,45 bis unter 50 Jahre,m,3404
03155,2023,45 bis unter 50 Jahre,f,3399
03155,2023,90 bis unter 95 Jahre,f,833
03155,2023,90 bis unter 95 Jahre,m,372
03155,2023,10 bis unter 15 Jahre,m,2727
03155,2023,10 bis unter 15 Jahre,f,2608
03155,2023,50 bis unter 55 Jahre,f,4427
03155,2023,50 bis unter 55 Jahre,m,4252
03155,2023,85 bis unter 90 Jahre,f,2361
03155,2023,85 bis unter 90 Jahre,m,1438
03155,2023,5 bis unter 10 Jahre,m,2856
03155,2023,5 bis unter 10 Jahre,f,2749
03155,2023,70 bis unter 75 Jahre,f,4162
03155,2023,70 bis unter 75 Jahre,m,3946
03155,2023,25 bis unter 30 Jahre,m,3224
03155,2023,25 bis unter 30 Jahre,f,2907
03155,2023,30 bis unter 35 Jahre,m,3593
03155,2023,30 bis unter 35 Jahre,f,3326
03155,2023,65 bis unter 70 Jahre,m,4635
03155,2023,65 bis unter 70 Jahre,f,4596
03155,2023,15 bis unter 20 Jahre,f,2832
03155,2023,15 bis unter 20 Jahre,m,2895
03155,2023,40 bis unter 45 Jahre,f,3613
03155,2023,40 bis unter 45 Jahre,m,3519
03155,2023,20 bis unter 25 Jahre,m,3036
03155,2023,20 bis unter 25 Jahre,f,2651
03155,2023,35 bis unter 40 Jahre,m,3715
03155,2023,35 bis unter 40 Jahre,f,3454
03155,2023,80 bis unter 85 Jahre,f,3161
03155,2023,80 bis unter 85 Jahre,m,2387
03155,2023,unter 5 Jahre,m,2629
03155,2023,unter 5 Jahre,f,2564
03155,2023,55 bis unter 60 Jahre,m,5481
03155,2023,55 bis unter 60 Jahre,f,5628
03155,2023,75 bis unter 80 Jahre,m,2626
03155,2023,75 bis unter 80 Jahre,f,2798
03155,2023,60 bis unter 65 Jahre,f,5711
03155,2023,60 bis unter 65 Jahre,m,5469
08425,2023,25 bis unter 30 Jahre,f,5488
08425,2023,25 bis unter 30 Jahre,m,6080
08425,2023,45 bis unter 50 Jahre,f,5929
08425,2023,45 bis unter 50 Jahre,m,6234
08425,2023,65 bis unter 70 Jahre,f,6157
08425,2023,65 bis unter 70 Jahre,m,5902
08425,2023,50 bis unter 55 Jahre,f,6704
08425,2023,50 bis unter 55 Jahre,m,6953
08425,2023,5 bis unter 10 Jahre,m,5519
08425,2023,5 bis unter 10 Jahre,f,5241
08425,2023,80 bis unter 85 Jahre,m,2839
08425,2023,80 bis unter 85 Jahre,f,3860
08425,2023,85 bis unter 90 Jahre,f,2596
08425,2023,85 bis unter 90 Jahre,m,1655
08425,2023,40 bis unter 45 Jahre,m,6682
08425,2023,40 bis unter 45 Jahre,f,6413
08425,2023,10 bis unter 15 Jahre,f,4783
08425,2023,10 bis unter 15 Jahre,m,5134
08425,2023,20 bis unter 25 Jahre,m,5783
08425,2023,20 bis unter 25 Jahre,f,4901
08425,2023,75 bis unter 80 Jahre,m,3022
08425,2023,75 bis unter 80 Jahre,f,3492
08425,2023,unter 5 Jahre,m,5509
08425,2023,unter 5 Jahre,f,5248
08425,2023,30 bis unter 35 Jahre,m,6548
08425,2023,30 bis unter 35 Jahre,f,6220
08425,2023,35 bis unter 40 Jahre,f,6538
08425,2023,35 bis unter 40 Jahre,m,6943
08425,2023,15 bis unter 20 Jahre,f,4980
08425,2023,15 bis unter 20 Jahre,m,5576
08425,2023,90 bis unter 95 Jahre,m,472
08425,2023,90 bis unter 95 Jahre,f,1035
08425,2023,60 bis unter 65 Jahre,f,7448
08425,2023,60 bis unter 65 Jahre,m,7589
08425,2023,55 bis unter 60 Jahre,m,8173
08425,2023,55 bis unter 60 Jahre,f,8084
08425,2023,95 Jahre und mehr,f,274
08425,2023,95 Jahre und mehr,m,89
08425,2023,70 bis unter 75 Jahre,f,5015
08425,2023,70 bis unter 75 Jahre,m,4661
09476,2023,70 bis unter 75 Jahre,m,1931
09476,2023,70 bis unter 75 Jahre,f,2151
09476,2023,50 bis unter 55 Jahre,m,2440
09476,2023,50 bis unter 55 Jahre,f,2506
09476,2023,90 bis unter 95 Jahre,m,158
09476,2023,90 bis unter 95 Jahre,f,414
09476,2023,65 bis unter 70 Jahre,m,2427
09476,2023,65 bis unter 70 Jahre,f,2470
09476,2023,85 bis unter 90 Jahre,m,626
09476,2023,85 bis unter 90 Jahre,f,1200
09476,2023,15 bis unter 20 Jahre,f,1322
09476,2023,15 bis unter 20 Jahre,m,1400
09476,2023,45 bis unter 50 Jahre,m,1919
09476,2023,45 bis unter 50 Jahre,f,1914
09476,2023,30 bis unter 35 Jahre,m,1887
09476,2023,30 bis unter 35 Jahre,f,1643
09476,2023,unter 5 Jahre,f,1174
09476,2023,unter 5 Jahre,m,1209
09476,2023,5 bis unter 10 Jahre,m,1279
09476,2023,5 bis unter 10 Jahre,f,1273
09476,2023,75 bis unter 80 Jahre,f,1428
09476,2023,75 bis unter 80 Jahre,m,1268
09476,2023,40 bis unter 45 Jahre,f,1862
09476,2023,40 bis unter 45 Jahre,m,1953
09476,2023,10 bis unter 15 Jahre,f,1364
09476,2023,10 bis unter 15 Jahre,m,1379
09476,2023,20 bis unter 25 Jahre,f,1290
09476,2023,20 bis unter 25 Jahre,m,1675
09476,2023,60 bis unter 65 Jahre,m,2966
09476,2023,60 bis unter 65 Jahre,f,3001
09476,2023,55 bis unter 60 Jahre,m,3000
09476,2023,55 bis unter 60 Jahre,f,2969
09476,2023,25 bis unter 30 Jahre,f,1415
09476,2023,25 bis unter 30 Jahre,m,1691
09476,2023,95 Jahre und mehr,f,96
09476,2023,95 Jahre und mehr,m,22
09476,2023,80 bis unter 85 Jahre,m,1000
09476,2023,80 bis unter 85 Jahre,f,1582
09476,2023,35 bis unter 40 Jahre,f,1800
09476,2023,35 bis unter 40 Jahre,m,1905
03455,2023,5 bis unter 10 Jahre,m,2382
03455,2023,5 bis unter 10 Jahre,f,2252
03455,2023,50 bis unter 55 Jahre,f,3698
03455,2023,50 bis unter 55 Jahre,m,3378
03455,2023,45 bis unter 50 Jahre,m,2512
03455,2023,45 bis unter 50 Jahre,f,2690
03455,2023,90 bis unter 95 Jahre,f,590
03455,2023,90 bis unter 95 Jahre,m,298
03455,2023,10 bis unter 15 Jahre,m,2264
03455,2023,10 bis unter 15 Jahre,f,2126
03455,2023,85 bis unter 90 Jahre,f,1816
03455,2023,85 bis unter 90 Jahre,m,1145
03455,2023,70 bis unter 75 Jahre,f,3365
03455,2023,70 bis unter 75 Jahre,m,2993
03455,2023,65 bis unter 70 Jahre,f,3550
03455,2023,65 bis unter 70 Jahre,m,3221
03455,2023,25 bis unter 30 Jahre,m,2560
03455,2023,25 bis unter 30 Jahre,f,2295
03455,2023,30 bis unter 35 Jahre,m,2856
03455,2023,30 bis unter 35 Jahre,f,2798
03455,2023,15 bis unter 20 Jahre,f,2166
03455,2023,15 bis unter 20 Jahre,m,2305
03455,2023,75 bis unter 80 Jahre,m,2302
03455,2023,75 bis unter 80 Jahre,f,2612
03455,2023,20 bis unter 25 Jahre,m,2316
03455,2023,20 bis unter 25 Jahre,f,1980
03455,2023,60 bis unter 65 Jahre,f,4446
03455,2023,60 bis unter 65 Jahre,m,4029
03455,2023,40 bis unter 45 Jahre,f,2734
03455,2023,40 bis unter 45 Jahre,m,2636
03455,2023,unter 5 Jahre,f,2046
03455,2023,unter 5 Jahre,m,2100
03455,2023,95 Jahre und mehr,f,178
03455,2023,95 Jahre und mehr,m,40
03455,2023,55 bis unter 60 Jahre,m,4449
03455,2023,55 bis unter 60 Jahre,f,4834
03455,2023,35 bis unter 40 Jahre,f,2888
03455,2023,35 bis unter 40 Jahre,m,2878
03455,2023,80 bis unter 85 Jahre,m,2175
03455,2023,80 bis unter 85 Jahre,f,2558
09177,2023,5 bis unter 10 Jahre,f,3586
09177,2023,5 bis unter 10 Jahre,m,3791
09177,2023,80 bis unter 85 Jahre,m,1750
09177,2023,80 bis unter 85 Jahre,f,2180
09177,2023,65 bis unter 70 Jahre,f,3788
09177,2023,65 bis unter 70 Jahre,m,3817
09177,2023,40 bis unter 45 Jahre,m,4789
09177,2023,40 bis unter 45 Jahre,f,4885
09177,2023,50 bis unter 55 Jahre,f,5110
09177,2023,50 bis unter 55 Jahre,m,5382
09177,2023,10 bis unter 15 Jahre,f,3239
09177,2023,10 bis unter 15 Jahre,m,3379
09177,2023,55 bis unter 60 Jahre,m,6207
09177,2023,55 bis unter 60 Jahre,f,5979
09177,2023,25 bis unter 30 Jahre,f,3904
09177,2023,25 bis unter 30 Jahre,m,4313
09177,2023,45 bis unter 50 Jahre,m,4738
09177,2023,45 bis unter 50 Jahre,f,4527
09177,2023,90 bis unter 95 Jahre,f,602
09177,2023,90 bis unter 95 Jahre,m,253
09177,2023,35 bis unter 40 Jahre,m,4724
09177,2023,35 bis unter 40 Jahre,f,4664
09177,2023,70 bis unter 75 Jahre,f,3150
09177,2023,70 bis unter 75 Jahre,m,2890
09177,2023,60 bis unter 65 Jahre,f,5020
09177,2023,60 bis unter 65 Jahre,m,5382
09177,2023,95 Jahre und mehr,m,49
09177,2023,95 Jahre und mehr,f,150
09177,2023,15 bis unter 20 Jahre,f,3408
09177,2023,15 bis unter 20 Jahre,m,3589
09177,2023,unter 5 Jahre,f,3497
09177,2023,unter 5 Jahre,m,3558
09177,2023,20 bis unter 25 Jahre,f,3579
09177,2023,20 bis unter 25 Jahre,m,3864
09177,2023,75 bis unter 80 Jahre,f,2358
09177,2023,75 bis unter 80 Jahre,m,1978
09177,2023,30 bis unter 35 Jahre,m,4598
09177,2023,30 bis unter 35 Jahre,f,4358
09177,2023,85 bis unter 90 Jahre,f,1541
09177,2023,85 bis unter 90 Jahre,m,971
03257,2023,60 bis unter 65 Jahre,f,6642
03257,2023,60 bis unter 65 Jahre,m,6388
03257,2023,15 bis unter 20 Jahre,m,3839
03257,2023,15 bis unter 20 Jahre,f,3574
03257,2023,80 bis unter 85 Jahre,f,4093
03257,2023,80 bis unter 85 Jahre,m,2987
03257,2023,35 bis unter 40 Jahre,m,4554
03257,2023,35 bis unter 40 Jahre,f,4523
03257,2023,40 bis unter 45 Jahre,f,4562
03257,2023,40 bis unter 45 Jahre,m,4559
03257,2023,20 bis unter 25 Jahre,m,3816
03257,2023,20 bis unter 25 Jahre,f,3517
03257,2023,unter 5 Jahre,m,3508
03257,2023,unter 5 Jahre,f,3223
03257,2023,75 bis unter 80 Jahre,f,3607
03257,2023,75 bis unter 80 Jahre,m,3041
03257,2023,55 bis unter 60 Jahre,m,7172
03257,2023,55 bis unter 60 Jahre,f,7032
03257,2023,70 bis unter 75 Jahre,m,4284
03257,2023,70 bis unter 75 Jahre,f,4841
03257,2023,50 bis unter 55 Jahre,m,5421
03257,2023,50 bis unter 55 Jahre,f,5664
03257,2023,45 bis unter 50 Jahre,f,4253
03257,2023,45 bis unter 50 Jahre,m,4287
03257,2023,25 bis unter 30 Jahre,m,4110
03257,2023,25 bis unter 30 Jahre,f,3682
03257,2023,90 bis unter 95 Jahre,f,1153
03257,2023,90 bis unter 95 Jahre,m,387
03257,2023,85 bis unter 90 Jahre,f,2997
03257,2023,85 bis unter 90 Jahre,m,1675
03257,2023,65 bis unter 70 Jahre,m,5122
03257,2023,65 bis unter 70 Jahre,f,5394
03257,2023,95 Jahre und mehr,m,91
03257,2023,95 Jahre und mehr,f,384
03257,2023,30 bis unter 35 Jahre,m,4447
03257,2023,30 bis unter 35 Jahre,f,4198
03257,2023,10 bis unter 15 Jahre,f,3280
03257,2023,10 bis unter 15 Jahre,m,3501
03257,2023,5 bis unter 10 Jahre,m,3686
03257,2023,5 bis unter 10 Jahre,f,3557
06433,2023,5 bis unter 10 Jahre,f,6984
06433,2023,5 bis unter 10 Jahre,m,7407
06433,2023,25 bis unter 30 Jahre,f,7175
06433,2023,25 bis unter 30 Jahre,m,8274
06433,2023,10 bis unter 15 Jahre,f,6499
06433,2023,10 bis unter 15 Jahre,m,6866
06433,2023,60 bis unter 65 Jahre,m,9431
06433,2023,60 bis unter 65 Jahre,f,9258
06433,2023,30 bis unter 35 Jahre,f,8460
06433,2023,30 bis unter 35 Jahre,m,8836
06433,2023,85 bis unter 90 Jahre,f,3303
06433,2023,85 bis unter 90 Jahre,m,2102
06433,2023,45 bis unter 50 Jahre,f,8738
06433,2023,45 bis unter 50 Jahre,m,8549
06433,2023,75 bis unter 80 Jahre,m,4190
06433,2023,75 bis unter 80 Jahre,f,5095
06433,2023,70 bis unter 75 Jahre,f,6579
06433,2023,70 bis unter 75 Jahre,m,5706
06433,2023,40 bis unter 45 Jahre,m,9270
06433,2023,40 bis unter 45 Jahre,f,9337
06433,2023,15 bis unter 20 Jahre,m,7107
06433,2023,15 bis unter 20 Jahre,f,6549
06433,2023,20 bis unter 25 Jahre,m,7673
06433,2023,20 bis unter 25 Jahre,f,6440
06433,2023,50 bis unter 55 Jahre,f,8960
06433,2023,50 bis unter 55 Jahre,m,9613
06433,2023,95 Jahre und mehr,f,318
06433,2023,95 Jahre und mehr,m,105
06433,2023,90 bis unter 95 Jahre,m,531
06433,2023,90 bis unter 95 Jahre,f,1151
06433,2023,35 bis unter 40 Jahre,f,9168
06433,2023,35 bis unter 40 Jahre,m,9415
06433,2023,55 bis unter 60 Jahre,f,10485
06433,2023,55 bis unter 60 Jahre,m,11297
06433,2023,unter 5 Jahre,m,6998
06433,2023,unter 5 Jahre,f,6608
06433,2023,80 bis unter 85 Jahre,f,5238
06433,2023,80 bis unter 85 Jahre,m,3802
06433,2023,65 bis unter 70 Jahre,m,6940
06433,2023,65 bis unter 70 Jahre,f,7463
09772,2023,25 bis unter 30 Jahre,f,6343
09772,2023,25 bis unter 30 Jahre,m,6928
09772,2023,45 bis unter 50 Jahre,f,7897
09772,2023,45 bis unter 50 Jahre,m,7946
09772,2023,65 bis unter 70 Jahre,f,8216
09772,2023,65 bis unter 70 Jahre,m,7625
09772,2023,60 bis unter 65 Jahre,m,9976
09772,2023,60 bis unter 65 Jahre,f,9963
09772,2023,30 bis unter 35 Jahre,f,7887
09772,2023,30 bis unter 35 Jahre,m,8179
09772,2023,5 bis unter 10 Jahre,f,6952
09772,2023,5 bis unter 10 Jahre,m,7452
09772,2023,55 bis unter 60 Jahre,m,10946
09772,2023,55 bis unter 60 Jahre,f,11143
09772,2023,75 bis unter 80 Jahre,m,4536
09772,2023,75 bis unter 80 Jahre,f,5283
09772,2023,10 bis unter 15 Jahre,m,6484
09772,2023,10 bis unter 15 Jahre,f,6167
09772,2023,unter 5 Jahre,m,6922
09772,2023,unter 5 Jahre,f,6365
09772,2023,95 Jahre und mehr,f,354
09772,2023,95 Jahre und mehr,m,108
09772,2023,90 bis unter 95 Jahre,f,1288
09772,2023,90 bis unter 95 Jahre,m,547
09772,2023,80 bis unter 85 Jahre,m,4146
09772,2023,80 bis unter 85 Jahre,f,5598
09772,2023,85 bis unter 90 Jahre,f,3363
09772,2023,85 bis unter 90 Jahre,m,2130
09772,2023,35 bis unter 40 Jahre,f,8613
09772,2023,35 bis unter 40 Jahre,m,8749
09772,2023,20 bis unter 25 Jahre,f,5919
09772,2023,20 bis unter 25 Jahre,m,6817
09772,2023,15 bis unter 20 Jahre,f,6070
09772,2023,15 bis unter 20 Jahre,m,6577
09772,2023,40 bis unter 45 Jahre,f,8606
09772,2023,40 bis unter 45 Jahre,m,8736
09772,2023,70 bis unter 75 Jahre,m,6059
09772,2023,70 bis unter 75 Jahre,f,6901
09772,2023,50 bis unter 55 Jahre,m,8990
09772,2023,50 bis unter 55 Jahre,f,8819
04011,2023,30 bis unter 35 Jahre,m,22523
04011,2023,30 bis unter 35 Jahre,f,20495
04011,2023,50 bis unter 55 Jahre,m,18294
04011,2023,50 bis unter 55 Jahre,f,18374
04011,2023,95 Jahre und mehr,m,242
04011,2023,95 Jahre und mehr,f,904
04011,2023,10 bis unter 15 Jahre,m,13351
04011,2023,10 bis unter 15 Jahre,f,12692
04011,2023,70 bis unter 75 Jahre,f,14930
04011,2023,70 bis unter 75 Jahre,m,12207
04011,2023,25 bis unter 30 Jahre,m,23361
04011,2023,25 bis unter 30 Jahre,f,20794
04011,2023,65 bis unter 70 Jahre,m,14797
04011,2023,65 bis unter 70 Jahre,f,16826
04011,2023,90 bis unter 95 Jahre,m,1141
04011,2023,90 bis unter 95 Jahre,f,2976
04011,2023,45 bis unter 50 Jahre,f,16749
04011,2023,45 bis unter 50 Jahre,m,16803
04011,2023,35 bis unter 40 Jahre,f,19453
04011,2023,35 bis unter 40 Jahre,m,20376
04011,2023,unter 5 Jahre,f,13842
04011,2023,unter 5 Jahre,m,14755
04011,2023,80 bis unter 85 Jahre,f,12426
04011,2023,80 bis unter 85 Jahre,m,8631
04011,2023,55 bis unter 60 Jahre,f,21370
04011,2023,55 bis unter 60 Jahre,m,21671
04011,2023,40 bis unter 45 Jahre,m,18736
04011,2023,40 bis unter 45 Jahre,f,18462
04011,2023,75 bis unter 80 Jahre,m,9462
04011,2023,75 bis unter 80 Jahre,f,12015
04011,2023,60 bis unter 65 Jahre,m,18434
04011,2023,60 bis unter 65 Jahre,f,19801
04011,2023,15 bis unter 20 Jahre,m,14633
04011,2023,15 bis unter 20 Jahre,f,13242
04011,2023,20 bis unter 25 Jahre,f,17811
04011,2023,20 bis unter 25 Jahre,m,18870
04011,2023,85 bis unter 90 Jahre,f,8626
04011,2023,85 bis unter 90 Jahre,m,4912
04011,2023,5 bis unter 10 Jahre,m,15009
04011,2023,5 bis unter 10 Jahre,f,14336
05962,2023,15 bis unter 20 Jahre,f,9648
05962,2023,15 bis unter 20 Jahre,m,10425
05962,2023,unter 5 Jahre,f,8981
05962,2023,unter 5 Jahre,m,9689
05962,2023,55 bis unter 60 Jahre,f,18159
05962,2023,55 bis unter 60 Jahre,m,18474
05962,2023,90 bis unter 95 Jahre,m,940
05962,2023,90 bis unter 95 Jahre,f,2292
05962,2023,35 bis unter 40 Jahre,f,12369
05962,2023,35 bis unter 40 Jahre,m,13091
05962,2023,40 bis unter 45 Jahre,f,12371
05962,2023,40 bis unter 45 Jahre,m,12155
05962,2023,70 bis unter 75 Jahre,m,9957
05962,2023,70 bis unter 75 Jahre,f,11641
05962,2023,75 bis unter 80 Jahre,f,8516
05962,2023,75 bis unter 80 Jahre,m,6693
05962,2023,45 bis unter 50 Jahre,m,11440
05962,2023,45 bis unter 50 Jahre,f,11754
05962,2023,80 bis unter 85 Jahre,f,9507
05962,2023,80 bis unter 85 Jahre,m,6628
05962,2023,50 bis unter 55 Jahre,m,13833
05962,2023,50 bis unter 55 Jahre,f,14294
05962,2023,60 bis unter 65 Jahre,f,16923
05962,2023,60 bis unter 65 Jahre,m,16728
05962,2023,25 bis unter 30 Jahre,m,11203
05962,2023,25 bis unter 30 Jahre,f,10097
05962,2023,95 Jahre und mehr,f,664
05962,2023,95 Jahre und mehr,m,176
05962,2023,5 bis unter 10 Jahre,f,9548
05962,2023,5 bis unter 10 Jahre,m,10062
05962,2023,10 bis unter 15 Jahre,f,9155
05962,2023,10 bis unter 15 Jahre,m,9781
05962,2023,65 bis unter 70 Jahre,f,13776
05962,2023,65 bis unter 70 Jahre,m,12854
05962,2023,20 bis unter 25 Jahre,m,10511
05962,2023,20 bis unter 25 Jahre,f,9301
05962,2023,30 bis unter 35 Jahre,m,12696
05962,2023,30 bis unter 35 Jahre,f,12037
05962,2023,85 bis unter 90 Jahre,m,3929
05962,2023,85 bis unter 90 Jahre,f,6601
09775,2023,55 bis unter 60 Jahre,m,6972
09775,2023,55 bis unter 60 Jahre,f,6887
09775,2023,unter 5 Jahre,m,4884
09775,2023,unter 5 Jahre,f,4647
09775,2023,60 bis unter 65 Jahre,f,6592
09775,2023,60 bis unter 65 Jahre,m,6472
09775,2023,15 bis unter 20 Jahre,m,4400
09775,2023,15 bis unter 20 Jahre,f,4179
09775,2023,80 bis unter 85 Jahre,f,3740
09775,2023,80 bis unter 85 Jahre,m,2924
09775,2023,20 bis unter 25 Jahre,m,5359
09775,2023,20 bis unter 25 Jahre,f,4699
09775,2023,35 bis unter 40 Jahre,m,6677
09775,2023,35 bis unter 40 Jahre,f,6154
09775,2023,40 bis unter 45 Jahre,m,6345
09775,2023,40 bis unter 45 Jahre,f,6041
09775,2023,95 Jahre und mehr,f,260
09775,2023,95 Jahre und mehr,m,80
09775,2023,25 bis unter 30 Jahre,f,5327
09775,2023,25 bis unter 30 Jahre,m,5843
09775,2023,45 bis unter 50 Jahre,f,5415
09775,2023,45 bis unter 50 Jahre,m,5600
09775,2023,70 bis unter 75 Jahre,f,4653
09775,2023,70 bis unter 75 Jahre,m,4199
09775,2023,50 bis unter 55 Jahre,m,6162
09775,2023,50 bis unter 55 Jahre,f,6089
09775,2023,10 bis unter 15 Jahre,m,4301
09775,2023,10 bis unter 15 Jahre,f,4064
09775,2023,90 bis unter 95 Jahre,f,829
09775,2023,90 bis unter 95 Jahre,m,418
09775,2023,65 bis unter 70 Jahre,m,5129
09775,2023,65 bis unter 70 Jahre,f,5513
09775,2023,85 bis unter 90 Jahre,m,1530
09775,2023,85 bis unter 90 Jahre,f,2341
09775,2023,5 bis unter 10 Jahre,m,4674
09775,2023,5 bis unter 10 Jahre,f,4314
09775,2023,30 bis unter 35 Jahre,m,6313
09775,2023,30 bis unter 35 Jahre,f,6070
09775,2023,75 bis unter 80 Jahre,f,3455
09775,2023,75 bis unter 80 Jahre,m,3009
06436,2023,35 bis unter 40 Jahre,m,7434
06436,2023,35 bis unter 40 Jahre,f,7616
06436,2023,80 bis unter 85 Jahre,f,5408
06436,2023,80 bis unter 85 Jahre,m,3989
06436,2023,55 bis unter 60 Jahre,m,10391
06436,2023,55 bis unter 60 Jahre,f,10145
06436,2023,75 bis unter 80 Jahre,m,4147
06436,2023,75 bis unter 80 Jahre,f,5259
06436,2023,60 bis unter 65 Jahre,m,8504
06436,2023,60 bis unter 65 Jahre,f,8677
06436,2023,40 bis unter 45 Jahre,f,8659
06436,2023,40 bis unter 45 Jahre,m,7986
06436,2023,20 bis unter 25 Jahre,m,5759
06436,2023,20 bis unter 25 Jahre,f,4874
06436,2023,5 bis unter 10 Jahre,f,6112
06436,2023,5 bis unter 10 Jahre,m,6243
06436,2023,unter 5 Jahre,f,5388
06436,2023,unter 5 Jahre,m,5759
06436,2023,10 bis unter 15 Jahre,f,5890
06436,2023,10 bis unter 15 Jahre,m,6368
06436,2023,65 bis unter 70 Jahre,m,6113
06436,2023,65 bis unter 70 Jahre,f,6815
06436,2023,90 bis unter 95 Jahre,m,642
06436,2023,90 bis unter 95 Jahre,f,1179
06436,2023,25 bis unter 30 Jahre,m,6204
06436,2023,25 bis unter 30 Jahre,f,5483
06436,2023,70 bis unter 75 Jahre,f,6214
06436,2023,70 bis unter 75 Jahre,m,5010
06436,2023,45 bis unter 50 Jahre,m,7778
06436,2023,45 bis unter 50 Jahre,f,8152
06436,2023,85 bis unter 90 Jahre,f,3542
06436,2023,85 bis unter 90 Jahre,m,2311
06436,2023,50 bis unter 55 Jahre,f,8911
06436,2023,50 bis unter 55 Jahre,m,8721
06436,2023,95 Jahre und mehr,f,374
06436,2023,95 Jahre und mehr,m,141
06436,2023,30 bis unter 35 Jahre,m,6972
06436,2023,30 bis unter 35 Jahre,f,6796
06436,2023,15 bis unter 20 Jahre,f,5982
06436,2023,15 bis unter 20 Jahre,m,6645
08121,2023,75 bis unter 80 Jahre,m,1898
08121,2023,75 bis unter 80 Jahre,f,2395
08121,2023,20 bis unter 25 Jahre,m,4922
08121,2023,20 bis unter 25 Jahre,f,3653
08121,2023,35 bis unter 40 Jahre,m,5019
08121,2023,35 bis unter 40 Jahre,f,4564
08121,2023,80 bis unter 85 Jahre,f,2629
08121,2023,80 bis unter 85 Jahre,m,1746
08121,2023,40 bis unter 45 Jahre,m,4381
08121,2023,40 bis unter 45 Jahre,f,4411
08121,2023,60 bis unter 65 Jahre,m,4091
08121,2023,60 bis unter 65 Jahre,f,4042
08121,2023,55 bis unter 60 Jahre,m,4540
08121,2023,55 bis unter 60 Jahre,f,4286
08121,2023,unter 5 Jahre,f,3184
08121,2023,unter 5 Jahre,m,3342
08121,2023,5 bis unter 10 Jahre,f,3162
08121,2023,5 bis unter 10 Jahre,m,3433
08121,2023,10 bis unter 15 Jahre,f,3090
08121,2023,10 bis unter 15 Jahre,m,3298
08121,2023,30 bis unter 35 Jahre,f,4656
08121,2023,30 bis unter 35 Jahre,m,5298
08121,2023,90 bis unter 95 Jahre,m,290
08121,2023,90 bis unter 95 Jahre,f,686
08121,2023,85 bis unter 90 Jahre,f,1877
08121,2023,85 bis unter 90 Jahre,m,1102
08121,2023,65 bis unter 70 Jahre,m,3107
08121,2023,65 bis unter 70 Jahre,f,3479
08121,2023,50 bis unter 55 Jahre,f,4061
08121,2023,50 bis unter 55 Jahre,m,4355
08121,2023,95 Jahre und mehr,f,196
08121,2023,95 Jahre und mehr,m,50
08121,2023,70 bis unter 75 Jahre,m,2342
08121,2023,70 bis unter 75 Jahre,f,3185
08121,2023,45 bis unter 50 Jahre,m,4034
08121,2023,45 bis unter 50 Jahre,f,4106
08121,2023,15 bis unter 20 Jahre,f,3215
08121,2023,15 bis unter 20 Jahre,m,3642
08121,2023,25 bis unter 30 Jahre,f,4171
08121,2023,25 bis unter 30 Jahre,m,5715
05770,2023,15 bis unter 20 Jahre,f,7965
05770,2023,15 bis unter 20 Jahre,m,8650
05770,2023,35 bis unter 40 Jahre,f,9349
05770,2023,35 bis unter 40 Jahre,m,10363
05770,2023,20 bis unter 25 Jahre,f,7605
05770,2023,20 bis unter 25 Jahre,m,8635
05770,2023,unter 5 Jahre,f,7310
05770,2023,unter 5 Jahre,m,7871
05770,2023,60 bis unter 65 Jahre,f,13137
05770,2023,60 bis unter 65 Jahre,m,12677
05770,2023,90 bis unter 95 Jahre,m,863
05770,2023,90 bis unter 95 Jahre,f,1990
05770,2023,95 Jahre und mehr,m,207
05770,2023,95 Jahre und mehr,f,637
05770,2023,75 bis unter 80 Jahre,f,6243
05770,2023,75 bis unter 80 Jahre,m,5031
05770,2023,55 bis unter 60 Jahre,m,13288
05770,2023,55 bis unter 60 Jahre,f,13365
05770,2023,45 bis unter 50 Jahre,m,9061
05770,2023,45 bis unter 50 Jahre,f,8922
05770,2023,25 bis unter 30 Jahre,m,9286
05770,2023,25 bis unter 30 Jahre,f,8409
05770,2023,70 bis unter 75 Jahre,f,8809
05770,2023,70 bis unter 75 Jahre,m,7985
05770,2023,50 bis unter 55 Jahre,m,10742
05770,2023,50 bis unter 55 Jahre,f,10962
05770,2023,80 bis unter 85 Jahre,f,7017
05770,2023,80 bis unter 85 Jahre,m,4994
05770,2023,65 bis unter 70 Jahre,f,10676
05770,2023,65 bis unter 70 Jahre,m,10052
05770,2023,85 bis unter 90 Jahre,f,5189
05770,2023,85 bis unter 90 Jahre,m,3136
05770,2023,5 bis unter 10 Jahre,m,8381
05770,2023,5 bis unter 10 Jahre,f,7882
05770,2023,10 bis unter 15 Jahre,f,7686
05770,2023,10 bis unter 15 Jahre,m,7962
05770,2023,40 bis unter 45 Jahre,m,9647
05770,2023,40 bis unter 45 Jahre,f,9340
05770,2023,30 bis unter 35 Jahre,m,10312
05770,2023,30 bis unter 35 Jahre,f,9289
09178,2023,55 bis unter 60 Jahre,f,7342
09178,2023,55 bis unter 60 Jahre,m,7755
09178,2023,35 bis unter 40 Jahre,f,6317
09178,2023,35 bis unter 40 Jahre,m,6947
09178,2023,95 Jahre und mehr,f,161
09178,2023,95 Jahre und mehr,m,58
09178,2023,15 bis unter 20 Jahre,f,4196
09178,2023,15 bis unter 20 Jahre,m,4797
09178,2023,20 bis unter 25 Jahre,f,5281
09178,2023,20 bis unter 25 Jahre,m,6053
09178,2023,unter 5 Jahre,f,4356
09178,2023,unter 5 Jahre,m,4768
09178,2023,90 bis unter 95 Jahre,m,297
09178,2023,90 bis unter 95 Jahre,f,683
09178,2023,60 bis unter 65 Jahre,f,6271
09178,2023,60 bis unter 65 Jahre,m,6379
09178,2023,75 bis unter 80 Jahre,f,2971
09178,2023,75 bis unter 80 Jahre,m,2534
09178,2023,85 bis unter 90 Jahre,m,1151
09178,2023,85 bis unter 90 Jahre,f,1779
09178,2023,40 bis unter 45 Jahre,m,6684
09178,2023,40 bis unter 45 Jahre,f,6378
09178,2023,65 bis unter 70 Jahre,m,4508
09178,2023,65 bis unter 70 Jahre,f,4577
09178,2023,10 bis unter 15 Jahre,m,4555
09178,2023,10 bis unter 15 Jahre,f,4109
09178,2023,30 bis unter 35 Jahre,m,6966
09178,2023,30 bis unter 35 Jahre,f,6105
09178,2023,5 bis unter 10 Jahre,f,4380
09178,2023,5 bis unter 10 Jahre,m,4751
09178,2023,45 bis unter 50 Jahre,f,5864
09178,2023,45 bis unter 50 Jahre,m,6314
09178,2023,50 bis unter 55 Jahre,f,6406
09178,2023,50 bis unter 55 Jahre,m,6712
09178,2023,80 bis unter 85 Jahre,m,2324
09178,2023,80 bis unter 85 Jahre,f,2844
09178,2023,25 bis unter 30 Jahre,f,6078
09178,2023,25 bis unter 30 Jahre,m,7003
09178,2023,70 bis unter 75 Jahre,f,3688
09178,2023,70 bis unter 75 Jahre,m,3193
06432,2023,90 bis unter 95 Jahre,m,668
06432,2023,90 bis unter 95 Jahre,f,1342
06432,2023,70 bis unter 75 Jahre,m,7625
06432,2023,70 bis unter 75 Jahre,f,8494
06432,2023,65 bis unter 70 Jahre,m,8891
06432,2023,65 bis unter 70 Jahre,f,9682
06432,2023,35 bis unter 40 Jahre,f,9594
06432,2023,35 bis unter 40 Jahre,m,9615
06432,2023,10 bis unter 15 Jahre,m,7507
06432,2023,10 bis unter 15 Jahre,f,7198
06432,2023,20 bis unter 25 Jahre,f,6706
06432,2023,20 bis unter 25 Jahre,m,7975
06432,2023,50 bis unter 55 Jahre,m,10448
06432,2023,50 bis unter 55 Jahre,f,10664
06432,2023,95 Jahre und mehr,m,105
06432,2023,95 Jahre und mehr,f,405
06432,2023,25 bis unter 30 Jahre,m,8587
06432,2023,25 bis unter 30 Jahre,f,7355
06432,2023,80 bis unter 85 Jahre,f,6021
06432,2023,80 bis unter 85 Jahre,m,4751
06432,2023,75 bis unter 80 Jahre,f,6403
06432,2023,75 bis unter 80 Jahre,m,5386
06432,2023,unter 5 Jahre,f,6733
06432,2023,unter 5 Jahre,m,7050
06432,2023,55 bis unter 60 Jahre,m,13222
06432,2023,55 bis unter 60 Jahre,f,12997
06432,2023,45 bis unter 50 Jahre,m,9150
06432,2023,45 bis unter 50 Jahre,f,9454
06432,2023,5 bis unter 10 Jahre,f,7631
06432,2023,5 bis unter 10 Jahre,m,7747
06432,2023,60 bis unter 65 Jahre,m,11632
06432,2023,60 bis unter 65 Jahre,f,11897
06432,2023,40 bis unter 45 Jahre,m,9881
06432,2023,40 bis unter 45 Jahre,f,10240
06432,2023,85 bis unter 90 Jahre,f,3933
06432,2023,85 bis unter 90 Jahre,m,2551
06432,2023,15 bis unter 20 Jahre,m,7751
06432,2023,15 bis unter 20 Jahre,f,7109
06432,2023,30 bis unter 35 Jahre,f,8712
06432,2023,30 bis unter 35 Jahre,m,9151
05766,2023,5 bis unter 10 Jahre,m,9251
05766,2023,5 bis unter 10 Jahre,f,8622
05766,2023,25 bis unter 30 Jahre,m,9764
05766,2023,25 bis unter 30 Jahre,f,8827
05766,2023,85 bis unter 90 Jahre,f,5931
05766,2023,85 bis unter 90 Jahre,m,3501
05766,2023,70 bis unter 75 Jahre,f,10064
05766,2023,70 bis unter 75 Jahre,m,8811
05766,2023,90 bis unter 95 Jahre,f,2225
05766,2023,90 bis unter 95 Jahre,m,961
05766,2023,45 bis unter 50 Jahre,m,9076
05766,2023,45 bis unter 50 Jahre,f,9677
05766,2023,65 bis unter 70 Jahre,m,10922
05766,2023,65 bis unter 70 Jahre,f,11799
05766,2023,30 bis unter 35 Jahre,m,10473
05766,2023,30 bis unter 35 Jahre,f,9813
05766,2023,10 bis unter 15 Jahre,f,8388
05766,2023,10 bis unter 15 Jahre,m,8830
05766,2023,50 bis unter 55 Jahre,f,11612
05766,2023,50 bis unter 55 Jahre,m,11433
05766,2023,15 bis unter 20 Jahre,f,8639
05766,2023,15 bis unter 20 Jahre,m,9383
05766,2023,95 Jahre und mehr,f,680
05766,2023,95 Jahre und mehr,m,205
05766,2023,75 bis unter 80 Jahre,m,5864
05766,2023,75 bis unter 80 Jahre,f,7100
05766,2023,20 bis unter 25 Jahre,m,9413
05766,2023,20 bis unter 25 Jahre,f,8292
05766,2023,60 bis unter 65 Jahre,f,14072
05766,2023,60 bis unter 65 Jahre,m,13646
05766,2023,80 bis unter 85 Jahre,f,7975
05766,2023,80 bis unter 85 Jahre,m,5574
05766,2023,40 bis unter 45 Jahre,f,10219
05766,2023,40 bis unter 45 Jahre,m,10024
05766,2023,unter 5 Jahre,m,8588
05766,2023,unter 5 Jahre,f,8137
05766,2023,55 bis unter 60 Jahre,m,14166
05766,2023,55 bis unter 60 Jahre,f,14557
05766,2023,35 bis unter 40 Jahre,f,10328
05766,2023,35 bis unter 40 Jahre,m,10771
08235,2023,25 bis unter 30 Jahre,m,4654
08235,2023,25 bis unter 30 Jahre,f,4051
08235,2023,85 bis unter 90 Jahre,f,2368
08235,2023,85 bis unter 90 Jahre,m,1443
08235,2023,45 bis unter 50 Jahre,f,4681
08235,2023,45 bis unter 50 Jahre,m,4836
08235,2023,65 bis unter 70 Jahre,m,4966
08235,2023,65 bis unter 70 Jahre,f,5326
08235,2023,50 bis unter 55 Jahre,m,5389
08235,2023,50 bis unter 55 Jahre,f,5413
08235,2023,30 bis unter 35 Jahre,f,4867
08235,2023,30 bis unter 35 Jahre,m,5117
08235,2023,10 bis unter 15 Jahre,m,3965
08235,2023,10 bis unter 15 Jahre,f,3653
08235,2023,95 Jahre und mehr,f,237
08235,2023,95 Jahre und mehr,m,72
08235,2023,70 bis unter 75 Jahre,f,4446
08235,2023,70 bis unter 75 Jahre,m,4069
08235,2023,5 bis unter 10 Jahre,f,3946
08235,2023,5 bis unter 10 Jahre,m,4221
08235,2023,40 bis unter 45 Jahre,m,5018
08235,2023,40 bis unter 45 Jahre,f,4995
08235,2023,15 bis unter 20 Jahre,f,3816
08235,2023,15 bis unter 20 Jahre,m,4122
08235,2023,75 bis unter 80 Jahre,f,2931
08235,2023,75 bis unter 80 Jahre,m,2619
08235,2023,35 bis unter 40 Jahre,m,5387
08235,2023,35 bis unter 40 Jahre,f,5020
08235,2023,unter 5 Jahre,m,4095
08235,2023,unter 5 Jahre,f,4024
08235,2023,80 bis unter 85 Jahre,f,3226
08235,2023,80 bis unter 85 Jahre,m,2433
08235,2023,60 bis unter 65 Jahre,f,6553
08235,2023,60 bis unter 65 Jahre,m,6449
08235,2023,55 bis unter 60 Jahre,f,6655
08235,2023,55 bis unter 60 Jahre,m,6616
08235,2023,20 bis unter 25 Jahre,m,4557
08235,2023,20 bis unter 25 Jahre,f,3696
08235,2023,90 bis unter 95 Jahre,m,402
08235,2023,90 bis unter 95 Jahre,f,847
05378,2023,40 bis unter 45 Jahre,m,8480
05378,2023,40 bis unter 45 Jahre,f,9023
05378,2023,75 bis unter 80 Jahre,m,5039
05378,2023,75 bis unter 80 Jahre,f,6558
05378,2023,60 bis unter 65 Jahre,m,11623
05378,2023,60 bis unter 65 Jahre,f,11927
05378,2023,80 bis unter 85 Jahre,m,5103
05378,2023,80 bis unter 85 Jahre,f,7100
05378,2023,unter 5 Jahre,m,6421
05378,2023,unter 5 Jahre,f,6161
05378,2023,55 bis unter 60 Jahre,m,12764
05378,2023,55 bis unter 60 Jahre,f,13448
05378,2023,25 bis unter 30 Jahre,f,6186
05378,2023,25 bis unter 30 Jahre,m,6748
05378,2023,15 bis unter 20 Jahre,m,7006
05378,2023,15 bis unter 20 Jahre,f,6571
05378,2023,95 Jahre und mehr,m,163
05378,2023,95 Jahre und mehr,f,505
05378,2023,10 bis unter 15 Jahre,f,6364
05378,2023,10 bis unter 15 Jahre,m,6873
05378,2023,45 bis unter 50 Jahre,f,8551
05378,2023,45 bis unter 50 Jahre,m,8027
05378,2023,35 bis unter 40 Jahre,f,9022
05378,2023,35 bis unter 40 Jahre,m,8465
05378,2023,70 bis unter 75 Jahre,f,7952
05378,2023,70 bis unter 75 Jahre,m,6779
05378,2023,65 bis unter 70 Jahre,f,9478
05378,2023,65 bis unter 70 Jahre,m,8919
05378,2023,90 bis unter 95 Jahre,f,1620
05378,2023,90 bis unter 95 Jahre,m,872
05378,2023,50 bis unter 55 Jahre,m,9895
05378,2023,50 bis unter 55 Jahre,f,10208
05378,2023,85 bis unter 90 Jahre,m,3141
05378,2023,85 bis unter 90 Jahre,f,4836
05378,2023,30 bis unter 35 Jahre,m,7749
05378,2023,30 bis unter 35 Jahre,f,7705
05378,2023,20 bis unter 25 Jahre,f,5851
05378,2023,20 bis unter 25 Jahre,m,6730
05378,2023,5 bis unter 10 Jahre,m,6952
05378,2023,5 bis unter 10 Jahre,f,6792
07331,2023,70 bis unter 75 Jahre,m,3722
07331,2023,70 bis unter 75 Jahre,f,3921
07331,2023,50 bis unter 55 Jahre,m,4419
07331,2023,50 bis unter 55 Jahre,f,4486
07331,2023,30 bis unter 35 Jahre,m,4057
07331,2023,30 bis unter 35 Jahre,f,3799
07331,2023,10 bis unter 15 Jahre,m,3260
07331,2023,10 bis unter 15 Jahre,f,2992
07331,2023,90 bis unter 95 Jahre,m,270
07331,2023,90 bis unter 95 Jahre,f,627
07331,2023,65 bis unter 70 Jahre,m,4459
07331,2023,65 bis unter 70 Jahre,f,4703
07331,2023,35 bis unter 40 Jahre,f,4239
07331,2023,35 bis unter 40 Jahre,m,4362
07331,2023,85 bis unter 90 Jahre,f,1625
07331,2023,85 bis unter 90 Jahre,m,983
07331,2023,40 bis unter 45 Jahre,f,4127
07331,2023,40 bis unter 45 Jahre,m,4275
07331,2023,20 bis unter 25 Jahre,f,2824
07331,2023,20 bis unter 25 Jahre,m,3316
07331,2023,5 bis unter 10 Jahre,m,3413
07331,2023,5 bis unter 10 Jahre,f,3382
07331,2023,15 bis unter 20 Jahre,f,2927
07331,2023,15 bis unter 20 Jahre,m,3118
07331,2023,60 bis unter 65 Jahre,m,5330
07331,2023,60 bis unter 65 Jahre,f,5495
07331,2023,95 Jahre und mehr,m,65
07331,2023,95 Jahre und mehr,f,193
07331,2023,75 bis unter 80 Jahre,m,2132
07331,2023,75 bis unter 80 Jahre,f,2360
07331,2023,80 bis unter 85 Jahre,m,1655
07331,2023,80 bis unter 85 Jahre,f,2283
07331,2023,unter 5 Jahre,m,3343
07331,2023,unter 5 Jahre,f,3202
07331,2023,25 bis unter 30 Jahre,f,3062
07331,2023,25 bis unter 30 Jahre,m,3237
07331,2023,55 bis unter 60 Jahre,m,5540
07331,2023,55 bis unter 60 Jahre,f,5736
07331,2023,45 bis unter 50 Jahre,f,3942
07331,2023,45 bis unter 50 Jahre,m,3913
07231,2023,45 bis unter 50 Jahre,f,3329
07231,2023,45 bis unter 50 Jahre,m,3293
07231,2023,10 bis unter 15 Jahre,f,2478
07231,2023,10 bis unter 15 Jahre,m,2635
07231,2023,65 bis unter 70 Jahre,f,4124
07231,2023,65 bis unter 70 Jahre,m,3941
07231,2023,25 bis unter 30 Jahre,m,3028
07231,2023,25 bis unter 30 Jahre,f,2733
07231,2023,85 bis unter 90 Jahre,f,1840
07231,2023,85 bis unter 90 Jahre,m,1086
07231,2023,70 bis unter 75 Jahre,f,3491
07231,2023,70 bis unter 75 Jahre,m,3459
07231,2023,5 bis unter 10 Jahre,f,2536
07231,2023,5 bis unter 10 Jahre,m,2748
07231,2023,60 bis unter 65 Jahre,m,4799
07231,2023,60 bis unter 65 Jahre,f,4802
07231,2023,30 bis unter 35 Jahre,f,3117
07231,2023,30 bis unter 35 Jahre,m,3490
07231,2023,75 bis unter 80 Jahre,m,2062
07231,2023,75 bis unter 80 Jahre,f,2146
07231,2023,unter 5 Jahre,m,2594
07231,2023,unter 5 Jahre,f,2443
07231,2023,90 bis unter 95 Jahre,f,678
07231,2023,90 bis unter 95 Jahre,m,294
07231,2023,80 bis unter 85 Jahre,m,1596
07231,2023,80 bis unter 85 Jahre,f,2328
07231,2023,55 bis unter 60 Jahre,m,4916
07231,2023,55 bis unter 60 Jahre,f,4783
07231,2023,20 bis unter 25 Jahre,f,2416
07231,2023,20 bis unter 25 Jahre,m,2730
07231,2023,15 bis unter 20 Jahre,f,2589
07231,2023,15 bis unter 20 Jahre,m,2760
07231,2023,35 bis unter 40 Jahre,f,3356
07231,2023,35 bis unter 40 Jahre,m,3573
07231,2023,40 bis unter 45 Jahre,f,3440
07231,2023,40 bis unter 45 Jahre,m,3537
07231,2023,50 bis unter 55 Jahre,m,3956
07231,2023,50 bis unter 55 Jahre,f,3913
07231,2023,95 Jahre und mehr,f,226
07231,2023,95 Jahre und mehr,m,62
08126,2023,40 bis unter 45 Jahre,f,3430
08126,2023,40 bis unter 45 Jahre,m,3730
08126,2023,75 bis unter 80 Jahre,f,1961
08126,2023,75 bis unter 80 Jahre,m,1685
08126,2023,35 bis unter 40 Jahre,f,3658
08126,2023,35 bis unter 40 Jahre,m,4129
08126,2023,55 bis unter 60 Jahre,m,4700
08126,2023,55 bis unter 60 Jahre,f,4620
08126,2023,20 bis unter 25 Jahre,f,2831
08126,2023,20 bis unter 25 Jahre,m,3338
08126,2023,15 bis unter 20 Jahre,m,3146
08126,2023,15 bis unter 20 Jahre,f,2681
08126,2023,unter 5 Jahre,m,2990
08126,2023,unter 5 Jahre,f,2869
08126,2023,60 bis unter 65 Jahre,f,4514
08126,2023,60 bis unter 65 Jahre,m,4498
08126,2023,95 Jahre und mehr,f,179
08126,2023,95 Jahre und mehr,m,48
08126,2023,90 bis unter 95 Jahre,m,279
08126,2023,90 bis unter 95 Jahre,f,543
08126,2023,80 bis unter 85 Jahre,m,1565
08126,2023,80 bis unter 85 Jahre,f,2076
08126,2023,45 bis unter 50 Jahre,m,3441
08126,2023,45 bis unter 50 Jahre,f,3308
08126,2023,70 bis unter 75 Jahre,m,2753
08126,2023,70 bis unter 75 Jahre,f,3068
08126,2023,50 bis unter 55 Jahre,f,4019
08126,2023,50 bis unter 55 Jahre,m,3955
08126,2023,85 bis unter 90 Jahre,f,1534
08126,2023,85 bis unter 90 Jahre,m,903
08126,2023,25 bis unter 30 Jahre,m,3670
08126,2023,25 bis unter 30 Jahre,f,3134
08126,2023,30 bis unter 35 Jahre,f,3633
08126,2023,30 bis unter 35 Jahre,m,3959
08126,2023,65 bis unter 70 Jahre,f,3729
08126,2023,65 bis unter 70 Jahre,m,3522
08126,2023,5 bis unter 10 Jahre,m,3010
08126,2023,5 bis unter 10 Jahre,f,2820
08126,2023,10 bis unter 15 Jahre,m,2892
08126,2023,10 bis unter 15 Jahre,f,2515
09372,2023,unter 5 Jahre,m,2983
09372,2023,unter 5 Jahre,f,2873
09372,2023,55 bis unter 60 Jahre,m,5399
09372,2023,55 bis unter 60 Jahre,f,5246
09372,2023,35 bis unter 40 Jahre,m,4277
09372,2023,35 bis unter 40 Jahre,f,3901
09372,2023,80 bis unter 85 Jahre,f,2496
09372,2023,80 bis unter 85 Jahre,m,1857
09372,2023,40 bis unter 45 Jahre,m,4129
09372,2023,40 bis unter 45 Jahre,f,3897
09372,2023,15 bis unter 20 Jahre,m,3072
09372,2023,15 bis unter 20 Jahre,f,2804
09372,2023,20 bis unter 25 Jahre,m,3463
09372,2023,20 bis unter 25 Jahre,f,2949
09372,2023,60 bis unter 65 Jahre,f,5373
09372,2023,60 bis unter 65 Jahre,m,5333
09372,2023,75 bis unter 80 Jahre,f,2449
09372,2023,75 bis unter 80 Jahre,m,2251
09372,2023,25 bis unter 30 Jahre,f,3196
09372,2023,25 bis unter 30 Jahre,m,3932
09372,2023,95 Jahre und mehr,f,165
09372,2023,95 Jahre und mehr,m,49
09372,2023,50 bis unter 55 Jahre,m,4523
09372,2023,50 bis unter 55 Jahre,f,4553
09372,2023,70 bis unter 75 Jahre,f,3770
09372,2023,70 bis unter 75 Jahre,m,3768
09372,2023,45 bis unter 50 Jahre,f,3692
09372,2023,45 bis unter 50 Jahre,m,3825
09372,2023,10 bis unter 15 Jahre,m,2755
09372,2023,10 bis unter 15 Jahre,f,2802
09372,2023,90 bis unter 95 Jahre,f,688
09372,2023,90 bis unter 95 Jahre,m,255
09372,2023,85 bis unter 90 Jahre,m,1037
09372,2023,85 bis unter 90 Jahre,f,1782
09372,2023,65 bis unter 70 Jahre,m,4458
09372,2023,65 bis unter 70 Jahre,f,4489
09372,2023,30 bis unter 35 Jahre,m,4108
09372,2023,30 bis unter 35 Jahre,f,3747
09372,2023,5 bis unter 10 Jahre,m,3027
09372,2023,5 bis unter 10 Jahre,f,2857
07311,2023,75 bis unter 80 Jahre,m,743
07311,2023,75 bis unter 80 Jahre,f,1067
07311,2023,55 bis unter 60 Jahre,m,1855
07311,2023,55 bis unter 60 Jahre,f,1815
07311,2023,unter 5 Jahre,m,1184
07311,2023,unter 5 Jahre,f,1102
07311,2023,80 bis unter 85 Jahre,f,1196
07311,2023,80 bis unter 85 Jahre,m,852
07311,2023,35 bis unter 40 Jahre,m,1621
07311,2023,35 bis unter 40 Jahre,f,1487
07311,2023,40 bis unter 45 Jahre,m,1632
07311,2023,40 bis unter 45 Jahre,f,1477
07311,2023,15 bis unter 20 Jahre,m,1186
07311,2023,15 bis unter 20 Jahre,f,1079
07311,2023,20 bis unter 25 Jahre,m,1311
07311,2023,20 bis unter 25 Jahre,f,1056
07311,2023,45 bis unter 50 Jahre,f,1308
07311,2023,45 bis unter 50 Jahre,m,1464
07311,2023,25 bis unter 30 Jahre,f,1285
07311,2023,25 bis unter 30 Jahre,m,1485
07311,2023,95 Jahre und mehr,f,107
07311,2023,95 Jahre und mehr,m,34
07311,2023,60 bis unter 65 Jahre,f,1819
07311,2023,60 bis unter 65 Jahre,m,1696
07311,2023,50 bis unter 55 Jahre,m,1533
07311,2023,50 bis unter 55 Jahre,f,1527
07311,2023,70 bis unter 75 Jahre,f,1439
07311,2023,70 bis unter 75 Jahre,m,1086
07311,2023,30 bis unter 35 Jahre,m,1647
07311,2023,30 bis unter 35 Jahre,f,1441
07311,2023,65 bis unter 70 Jahre,m,1397
07311,2023,65 bis unter 70 Jahre,f,1618
07311,2023,85 bis unter 90 Jahre,m,525
07311,2023,85 bis unter 90 Jahre,f,839
07311,2023,5 bis unter 10 Jahre,m,1280
07311,2023,5 bis unter 10 Jahre,f,1202
07311,2023,90 bis unter 95 Jahre,f,321
07311,2023,90 bis unter 95 Jahre,m,146
07311,2023,10 bis unter 15 Jahre,f,1088
07311,2023,10 bis unter 15 Jahre,m,1157
05362,2023,20 bis unter 25 Jahre,f,11245
05362,2023,20 bis unter 25 Jahre,m,12376
05362,2023,55 bis unter 60 Jahre,f,20278
05362,2023,55 bis unter 60 Jahre,m,20135
05362,2023,75 bis unter 80 Jahre,f,10072
05362,2023,75 bis unter 80 Jahre,m,8110
05362,2023,15 bis unter 20 Jahre,m,11873
05362,2023,15 bis unter 20 Jahre,f,11003
05362,2023,60 bis unter 65 Jahre,f,18378
05362,2023,60 bis unter 65 Jahre,m,17590
05362,2023,35 bis unter 40 Jahre,f,15757
05362,2023,35 bis unter 40 Jahre,m,15802
05362,2023,40 bis unter 45 Jahre,f,15994
05362,2023,40 bis unter 45 Jahre,m,15463
05362,2023,95 Jahre und mehr,m,212
05362,2023,95 Jahre und mehr,f,659
05362,2023,unter 5 Jahre,f,10881
05362,2023,unter 5 Jahre,m,11658
05362,2023,50 bis unter 55 Jahre,m,16265
05362,2023,50 bis unter 55 Jahre,f,16435
05362,2023,70 bis unter 75 Jahre,m,11150
05362,2023,70 bis unter 75 Jahre,f,13685
05362,2023,25 bis unter 30 Jahre,m,13275
05362,2023,25 bis unter 30 Jahre,f,12171
05362,2023,80 bis unter 85 Jahre,f,9940
05362,2023,80 bis unter 85 Jahre,m,7315
05362,2023,45 bis unter 50 Jahre,f,14905
05362,2023,45 bis unter 50 Jahre,m,14407
05362,2023,30 bis unter 35 Jahre,f,14367
05362,2023,30 bis unter 35 Jahre,m,14657
05362,2023,85 bis unter 90 Jahre,f,6821
05362,2023,85 bis unter 90 Jahre,m,4277
05362,2023,10 bis unter 15 Jahre,f,11015
05362,2023,10 bis unter 15 Jahre,m,11626
05362,2023,65 bis unter 70 Jahre,f,14944
05362,2023,65 bis unter 70 Jahre,m,13708
05362,2023,90 bis unter 95 Jahre,f,2385
05362,2023,90 bis unter 95 Jahre,m,1131
05362,2023,5 bis unter 10 Jahre,m,12754
05362,2023,5 bis unter 10 Jahre,f,11693
06412,2023,60 bis unter 65 Jahre,m,21389
06412,2023,60 bis unter 65 Jahre,f,21140
06412,2023,75 bis unter 80 Jahre,m,9740
06412,2023,75 bis unter 80 Jahre,f,12001
06412,2023,95 Jahre und mehr,m,293
06412,2023,95 Jahre und mehr,f,1036
06412,2023,unter 5 Jahre,m,18599
06412,2023,unter 5 Jahre,f,18075
06412,2023,15 bis unter 20 Jahre,m,17211
06412,2023,15 bis unter 20 Jahre,f,16761
06412,2023,80 bis unter 85 Jahre,m,8091
06412,2023,80 bis unter 85 Jahre,f,11148
06412,2023,25 bis unter 30 Jahre,f,32219
06412,2023,25 bis unter 30 Jahre,m,30795
06412,2023,55 bis unter 60 Jahre,m,26993
06412,2023,55 bis unter 60 Jahre,f,25114
06412,2023,40 bis unter 45 Jahre,m,27685
06412,2023,40 bis unter 45 Jahre,f,28825
06412,2023,10 bis unter 15 Jahre,f,16905
06412,2023,10 bis unter 15 Jahre,m,16935
06412,2023,20 bis unter 25 Jahre,f,22948
06412,2023,20 bis unter 25 Jahre,m,22087
06412,2023,85 bis unter 90 Jahre,f,7548
06412,2023,85 bis unter 90 Jahre,m,4285
06412,2023,5 bis unter 10 Jahre,f,17971
06412,2023,5 bis unter 10 Jahre,m,18101
06412,2023,30 bis unter 35 Jahre,f,34335
06412,2023,30 bis unter 35 Jahre,m,33775
06412,2023,50 bis unter 55 Jahre,m,25805
06412,2023,50 bis unter 55 Jahre,f,24368
06412,2023,65 bis unter 70 Jahre,m,15870
06412,2023,65 bis unter 70 Jahre,f,17115
06412,2023,70 bis unter 75 Jahre,m,12796
06412,2023,70 bis unter 75 Jahre,f,15192
06412,2023,45 bis unter 50 Jahre,m,25312
06412,2023,45 bis unter 50 Jahre,f,25569
06412,2023,90 bis unter 95 Jahre,f,2789
06412,2023,90 bis unter 95 Jahre,m,1229
06412,2023,35 bis unter 40 Jahre,f,30600
06412,2023,35 bis unter 40 Jahre,m,30946
04012,2023,80 bis unter 85 Jahre,m,1816
04012,2023,80 bis unter 85 Jahre,f,2380
04012,2023,40 bis unter 45 Jahre,m,3703
04012,2023,40 bis unter 45 Jahre,f,3411
04012,2023,75 bis unter 80 Jahre,m,2049
04012,2023,75 bis unter 80 Jahre,f,2447
04012,2023,60 bis unter 65 Jahre,m,4005
04012,2023,60 bis unter 65 Jahre,f,4386
04012,2023,25 bis unter 30 Jahre,f,3541
04012,2023,25 bis unter 30 Jahre,m,4276
04012,2023,55 bis unter 60 Jahre,m,4276
04012,2023,55 bis unter 60 Jahre,f,4265
04012,2023,unter 5 Jahre,m,3074
04012,2023,unter 5 Jahre,f,2942
04012,2023,50 bis unter 55 Jahre,f,3597
04012,2023,50 bis unter 55 Jahre,m,3708
04012,2023,5 bis unter 10 Jahre,m,3251
04012,2023,5 bis unter 10 Jahre,f,2927
04012,2023,85 bis unter 90 Jahre,f,1661
04012,2023,85 bis unter 90 Jahre,m,937
04012,2023,15 bis unter 20 Jahre,m,3213
04012,2023,15 bis unter 20 Jahre,f,2939
04012,2023,30 bis unter 35 Jahre,f,3688
04012,2023,30 bis unter 35 Jahre,m,4016
04012,2023,20 bis unter 25 Jahre,m,3757
04012,2023,20 bis unter 25 Jahre,f,3667
04012,2023,70 bis unter 75 Jahre,m,2762
04012,2023,70 bis unter 75 Jahre,f,3319
04012,2023,90 bis unter 95 Jahre,m,239
04012,2023,90 bis unter 95 Jahre,f,549
04012,2023,10 bis unter 15 Jahre,m,2982
04012,2023,10 bis unter 15 Jahre,f,2779
04012,2023,95 Jahre und mehr,m,33
04012,2023,95 Jahre und mehr,f,155
04012,2023,35 bis unter 40 Jahre,f,3657
04012,2023,35 bis unter 40 Jahre,m,3969
04012,2023,65 bis unter 70 Jahre,m,3412
04012,2023,65 bis unter 70 Jahre,f,3851
04012,2023,45 bis unter 50 Jahre,f,3226
04012,2023,45 bis unter 50 Jahre,m,3458
07211,2023,15 bis unter 20 Jahre,f,2255
07211,2023,15 bis unter 20 Jahre,m,2494
07211,2023,unter 5 Jahre,f,2211
07211,2023,unter 5 Jahre,m,2070
07211,2023,20 bis unter 25 Jahre,f,4413
07211,2023,20 bis unter 25 Jahre,m,3976
07211,2023,50 bis unter 55 Jahre,m,2999
07211,2023,50 bis unter 55 Jahre,f,3132
07211,2023,75 bis unter 80 Jahre,f,1740
07211,2023,75 bis unter 80 Jahre,m,1339
07211,2023,35 bis unter 40 Jahre,f,3462
07211,2023,35 bis unter 40 Jahre,m,3732
07211,2023,60 bis unter 65 Jahre,f,3551
07211,2023,60 bis unter 65 Jahre,m,3242
07211,2023,90 bis unter 95 Jahre,m,231
07211,2023,90 bis unter 95 Jahre,f,524
07211,2023,65 bis unter 70 Jahre,m,2725
07211,2023,65 bis unter 70 Jahre,f,3083
07211,2023,5 bis unter 10 Jahre,m,2380
07211,2023,5 bis unter 10 Jahre,f,2152
07211,2023,10 bis unter 15 Jahre,m,2150
07211,2023,10 bis unter 15 Jahre,f,2088
07211,2023,30 bis unter 35 Jahre,f,3897
07211,2023,30 bis unter 35 Jahre,m,4458
07211,2023,85 bis unter 90 Jahre,m,810
07211,2023,85 bis unter 90 Jahre,f,1501
07211,2023,40 bis unter 45 Jahre,f,3205
07211,2023,40 bis unter 45 Jahre,m,3425
07211,2023,95 Jahre und mehr,f,231
07211,2023,95 Jahre und mehr,m,42
07211,2023,80 bis unter 85 Jahre,m,1208
07211,2023,80 bis unter 85 Jahre,f,1938
07211,2023,25 bis unter 30 Jahre,f,4491
07211,2023,25 bis unter 30 Jahre,m,4881
07211,2023,45 bis unter 50 Jahre,f,2949
07211,2023,45 bis unter 50 Jahre,m,2940
07211,2023,70 bis unter 75 Jahre,f,2606
07211,2023,70 bis unter 75 Jahre,m,2167
07211,2023,55 bis unter 60 Jahre,m,3613
07211,2023,55 bis unter 60 Jahre,f,3675
08136,2023,90 bis unter 95 Jahre,m,805
08136,2023,90 bis unter 95 Jahre,f,1702
08136,2023,30 bis unter 35 Jahre,m,10306
08136,2023,30 bis unter 35 Jahre,f,9613
08136,2023,85 bis unter 90 Jahre,m,2746
08136,2023,85 bis unter 90 Jahre,f,4415
08136,2023,unter 5 Jahre,f,7490
08136,2023,unter 5 Jahre,m,8042
08136,2023,55 bis unter 60 Jahre,f,12568
08136,2023,55 bis unter 60 Jahre,m,12791
08136,2023,70 bis unter 75 Jahre,m,7607
08136,2023,70 bis unter 75 Jahre,f,8559
08136,2023,45 bis unter 50 Jahre,m,9360
08136,2023,45 bis unter 50 Jahre,f,9435
08136,2023,15 bis unter 20 Jahre,f,7758
08136,2023,15 bis unter 20 Jahre,m,8197
08136,2023,40 bis unter 45 Jahre,f,9777
08136,2023,40 bis unter 45 Jahre,m,10067
08136,2023,60 bis unter 65 Jahre,f,12241
08136,2023,60 bis unter 65 Jahre,m,11976
08136,2023,25 bis unter 30 Jahre,m,9896
08136,2023,25 bis unter 30 Jahre,f,8665
08136,2023,5 bis unter 10 Jahre,m,7970
08136,2023,5 bis unter 10 Jahre,f,7585
08136,2023,50 bis unter 55 Jahre,f,10937
08136,2023,50 bis unter 55 Jahre,m,11006
08136,2023,80 bis unter 85 Jahre,f,6643
08136,2023,80 bis unter 85 Jahre,m,4837
08136,2023,35 bis unter 40 Jahre,m,10455
08136,2023,35 bis unter 40 Jahre,f,9733
08136,2023,20 bis unter 25 Jahre,m,9072
08136,2023,20 bis unter 25 Jahre,f,8332
08136,2023,65 bis unter 70 Jahre,f,10156
08136,2023,65 bis unter 70 Jahre,m,9688
08136,2023,95 Jahre und mehr,f,464
08136,2023,95 Jahre und mehr,m,132
08136,2023,10 bis unter 15 Jahre,f,7261
08136,2023,10 bis unter 15 Jahre,m,7627
08136,2023,75 bis unter 80 Jahre,f,6066
08136,2023,75 bis unter 80 Jahre,m,5283
03451,2023,80 bis unter 85 Jahre,m,2309
03451,2023,80 bis unter 85 Jahre,f,3055
03451,2023,75 bis unter 80 Jahre,m,2597
03451,2023,75 bis unter 80 Jahre,f,2899
03451,2023,5 bis unter 10 Jahre,f,3028
03451,2023,5 bis unter 10 Jahre,m,3318
03451,2023,40 bis unter 45 Jahre,m,3780
03451,2023,40 bis unter 45 Jahre,f,3763
03451,2023,60 bis unter 65 Jahre,m,4821
03451,2023,60 bis unter 65 Jahre,f,5191
03451,2023,55 bis unter 60 Jahre,m,5363
03451,2023,55 bis unter 60 Jahre,f,5575
03451,2023,20 bis unter 25 Jahre,m,3238
03451,2023,20 bis unter 25 Jahre,f,2777
03451,2023,95 Jahre und mehr,f,186
03451,2023,95 Jahre und mehr,m,71
03451,2023,85 bis unter 90 Jahre,f,1951
03451,2023,85 bis unter 90 Jahre,m,1294
03451,2023,65 bis unter 70 Jahre,f,4266
03451,2023,65 bis unter 70 Jahre,m,3801
03451,2023,10 bis unter 15 Jahre,f,2910
03451,2023,10 bis unter 15 Jahre,m,3079
03451,2023,30 bis unter 35 Jahre,f,3698
03451,2023,30 bis unter 35 Jahre,m,3630
03451,2023,unter 5 Jahre,m,3015
03451,2023,unter 5 Jahre,f,2879
03451,2023,70 bis unter 75 Jahre,m,3537
03451,2023,70 bis unter 75 Jahre,f,4024
03451,2023,90 bis unter 95 Jahre,m,294
03451,2023,90 bis unter 95 Jahre,f,630
03451,2023,15 bis unter 20 Jahre,f,3060
03451,2023,15 bis unter 20 Jahre,m,3229
03451,2023,45 bis unter 50 Jahre,m,3531
03451,2023,45 bis unter 50 Jahre,f,3710
03451,2023,50 bis unter 55 Jahre,f,4663
03451,2023,50 bis unter 55 Jahre,m,4454
03451,2023,35 bis unter 40 Jahre,m,3835
03451,2023,35 bis unter 40 Jahre,f,3910
03451,2023,25 bis unter 30 Jahre,f,2828
03451,2023,25 bis unter 30 Jahre,m,3093
09679,2023,unter 5 Jahre,m,4057
09679,2023,unter 5 Jahre,f,3871
09679,2023,80 bis unter 85 Jahre,f,3216
09679,2023,80 bis unter 85 Jahre,m,2486
09679,2023,35 bis unter 40 Jahre,m,5296
09679,2023,35 bis unter 40 Jahre,f,5337
09679,2023,60 bis unter 65 Jahre,f,6792
09679,2023,60 bis unter 65 Jahre,m,6410
09679,2023,20 bis unter 25 Jahre,m,4001
09679,2023,20 bis unter 25 Jahre,f,3549
09679,2023,15 bis unter 20 Jahre,m,3952
09679,2023,15 bis unter 20 Jahre,f,3515
09679,2023,40 bis unter 45 Jahre,f,5205
09679,2023,40 bis unter 45 Jahre,m,5211
09679,2023,55 bis unter 60 Jahre,f,6746
09679,2023,55 bis unter 60 Jahre,m,6494
09679,2023,95 Jahre und mehr,m,57
09679,2023,95 Jahre und mehr,f,201
09679,2023,75 bis unter 80 Jahre,m,2915
09679,2023,75 bis unter 80 Jahre,f,3238
09679,2023,5 bis unter 10 Jahre,f,4022
09679,2023,5 bis unter 10 Jahre,m,4208
09679,2023,50 bis unter 55 Jahre,f,5386
09679,2023,50 bis unter 55 Jahre,m,5197
09679,2023,25 bis unter 30 Jahre,f,3772
09679,2023,25 bis unter 30 Jahre,m,4094
09679,2023,90 bis unter 95 Jahre,f,725
09679,2023,90 bis unter 95 Jahre,m,383
09679,2023,70 bis unter 75 Jahre,f,4961
09679,2023,70 bis unter 75 Jahre,m,4478
09679,2023,10 bis unter 15 Jahre,m,3891
09679,2023,10 bis unter 15 Jahre,f,3532
09679,2023,65 bis unter 70 Jahre,m,5360
09679,2023,65 bis unter 70 Jahre,f,5725
09679,2023,30 bis unter 35 Jahre,m,4747
09679,2023,30 bis unter 35 Jahre,f,4619
09679,2023,85 bis unter 90 Jahre,f,2175
09679,2023,85 bis unter 90 Jahre,m,1473
09679,2023,45 bis unter 50 Jahre,m,4846
09679,2023,45 bis unter 50 Jahre,f,4736
07335,2023,60 bis unter 65 Jahre,f,4511
07335,2023,60 bis unter 65 Jahre,m,4580
07335,2023,15 bis unter 20 Jahre,m,2745
07335,2023,15 bis unter 20 Jahre,f,2434
07335,2023,75 bis unter 80 Jahre,f,1994
07335,2023,75 bis unter 80 Jahre,m,1688
07335,2023,55 bis unter 60 Jahre,f,4344
07335,2023,55 bis unter 60 Jahre,m,4313
07335,2023,20 bis unter 25 Jahre,f,2229
07335,2023,20 bis unter 25 Jahre,m,2515
07335,2023,unter 5 Jahre,m,2749
07335,2023,unter 5 Jahre,f,2616
07335,2023,40 bis unter 45 Jahre,f,3393
07335,2023,40 bis unter 45 Jahre,m,3173
07335,2023,35 bis unter 40 Jahre,m,3341
07335,2023,35 bis unter 40 Jahre,f,3431
07335,2023,80 bis unter 85 Jahre,f,2198
07335,2023,80 bis unter 85 Jahre,m,1501
07335,2023,50 bis unter 55 Jahre,m,3511
07335,2023,50 bis unter 55 Jahre,f,3494
07335,2023,95 Jahre und mehr,m,35
07335,2023,95 Jahre und mehr,f,186
07335,2023,30 bis unter 35 Jahre,m,3054
07335,2023,30 bis unter 35 Jahre,f,3124
07335,2023,25 bis unter 30 Jahre,f,2527
07335,2023,25 bis unter 30 Jahre,m,2581
07335,2023,85 bis unter 90 Jahre,f,1532
07335,2023,85 bis unter 90 Jahre,m,883
07335,2023,5 bis unter 10 Jahre,m,2718
07335,2023,5 bis unter 10 Jahre,f,2681
07335,2023,70 bis unter 75 Jahre,f,3299
07335,2023,70 bis unter 75 Jahre,m,3068
07335,2023,90 bis unter 95 Jahre,f,566
07335,2023,90 bis unter 95 Jahre,m,228
07335,2023,45 bis unter 50 Jahre,m,2847
07335,2023,45 bis unter 50 Jahre,f,3066
07335,2023,10 bis unter 15 Jahre,m,2746
07335,2023,10 bis unter 15 Jahre,f,2479
07335,2023,65 bis unter 70 Jahre,m,3735
07335,2023,65 bis unter 70 Jahre,f,3967
03154,2023,40 bis unter 45 Jahre,f,2972
03154,2023,40 bis unter 45 Jahre,m,2951
03154,2023,15 bis unter 20 Jahre,m,2186
03154,2023,15 bis unter 20 Jahre,f,1982
03154,2023,60 bis unter 65 Jahre,f,3847
03154,2023,60 bis unter 65 Jahre,m,3774
03154,2023,20 bis unter 25 Jahre,f,1690
03154,2023,20 bis unter 25 Jahre,m,2044
03154,2023,unter 5 Jahre,m,2115
03154,2023,unter 5 Jahre,f,1996
03154,2023,55 bis unter 60 Jahre,m,3954
03154,2023,55 bis unter 60 Jahre,f,3971
03154,2023,35 bis unter 40 Jahre,f,2918
03154,2023,35 bis unter 40 Jahre,m,2992
03154,2023,75 bis unter 80 Jahre,f,1997
03154,2023,75 bis unter 80 Jahre,m,1652
03154,2023,80 bis unter 85 Jahre,m,1536
03154,2023,80 bis unter 85 Jahre,f,2030
03154,2023,70 bis unter 75 Jahre,m,2506
03154,2023,70 bis unter 75 Jahre,f,2665
03154,2023,50 bis unter 55 Jahre,m,3129
03154,2023,50 bis unter 55 Jahre,f,3087
03154,2023,95 Jahre und mehr,m,43
03154,2023,95 Jahre und mehr,f,187
03154,2023,45 bis unter 50 Jahre,f,2570
03154,2023,45 bis unter 50 Jahre,m,2640
03154,2023,5 bis unter 10 Jahre,m,2273
03154,2023,5 bis unter 10 Jahre,f,2188
03154,2023,65 bis unter 70 Jahre,f,3177
03154,2023,65 bis unter 70 Jahre,m,3083
03154,2023,25 bis unter 30 Jahre,m,2191
03154,2023,25 bis unter 30 Jahre,f,1929
03154,2023,90 bis unter 95 Jahre,f,530
03154,2023,90 bis unter 95 Jahre,m,213
03154,2023,85 bis unter 90 Jahre,f,1562
03154,2023,85 bis unter 90 Jahre,m,850
03154,2023,30 bis unter 35 Jahre,m,2698
03154,2023,30 bis unter 35 Jahre,f,2621
03154,2023,10 bis unter 15 Jahre,f,1929
03154,2023,10 bis unter 15 Jahre,m,2014
08225,2023,70 bis unter 75 Jahre,m,3949
08225,2023,70 bis unter 75 Jahre,f,4195
08225,2023,90 bis unter 95 Jahre,m,332
08225,2023,90 bis unter 95 Jahre,f,785
08225,2023,unter 5 Jahre,f,3220
08225,2023,unter 5 Jahre,m,3492
08225,2023,30 bis unter 35 Jahre,m,4655
08225,2023,30 bis unter 35 Jahre,f,4088
08225,2023,55 bis unter 60 Jahre,f,5994
08225,2023,55 bis unter 60 Jahre,m,6189
08225,2023,85 bis unter 90 Jahre,m,1356
08225,2023,85 bis unter 90 Jahre,f,2175
08225,2023,45 bis unter 50 Jahre,m,4119
08225,2023,45 bis unter 50 Jahre,f,4158
08225,2023,15 bis unter 20 Jahre,f,3359
08225,2023,15 bis unter 20 Jahre,m,3729
08225,2023,5 bis unter 10 Jahre,m,3525
08225,2023,5 bis unter 10 Jahre,f,3523
08225,2023,50 bis unter 55 Jahre,f,5046
08225,2023,50 bis unter 55 Jahre,m,4831
08225,2023,60 bis unter 65 Jahre,f,6205
08225,2023,60 bis unter 65 Jahre,m,6101
08225,2023,35 bis unter 40 Jahre,m,4710
08225,2023,35 bis unter 40 Jahre,f,4304
08225,2023,80 bis unter 85 Jahre,f,3015
08225,2023,80 bis unter 85 Jahre,m,2243
08225,2023,95 Jahre und mehr,m,62
08225,2023,95 Jahre und mehr,f,227
08225,2023,25 bis unter 30 Jahre,m,4332
08225,2023,25 bis unter 30 Jahre,f,3479
08225,2023,40 bis unter 45 Jahre,m,4388
08225,2023,40 bis unter 45 Jahre,f,4396
08225,2023,20 bis unter 25 Jahre,m,4165
08225,2023,20 bis unter 25 Jahre,f,3191
08225,2023,75 bis unter 80 Jahre,f,2881
08225,2023,75 bis unter 80 Jahre,m,2489
08225,2023,65 bis unter 70 Jahre,f,5130
08225,2023,65 bis unter 70 Jahre,m,4960
08225,2023,10 bis unter 15 Jahre,f,3286
08225,2023,10 bis unter 15 Jahre,m,3397
05124,2023,5 bis unter 10 Jahre,f,8846
05124,2023,5 bis unter 10 Jahre,m,9374
05124,2023,45 bis unter 50 Jahre,f,10093
05124,2023,45 bis unter 50 Jahre,m,10109
05124,2023,25 bis unter 30 Jahre,f,11308
05124,2023,25 bis unter 30 Jahre,m,12124
05124,2023,10 bis unter 15 Jahre,f,8246
05124,2023,10 bis unter 15 Jahre,m,8913
05124,2023,30 bis unter 35 Jahre,f,11822
05124,2023,30 bis unter 35 Jahre,m,12879
05124,2023,60 bis unter 65 Jahre,m,12985
05124,2023,60 bis unter 65 Jahre,f,12994
05124,2023,85 bis unter 90 Jahre,f,5423
05124,2023,85 bis unter 90 Jahre,m,3108
05124,2023,90 bis unter 95 Jahre,f,1955
05124,2023,90 bis unter 95 Jahre,m,816
05124,2023,35 bis unter 40 Jahre,m,12176
05124,2023,35 bis unter 40 Jahre,f,11543
05124,2023,80 bis unter 85 Jahre,f,7824
05124,2023,80 bis unter 85 Jahre,m,5188
05124,2023,unter 5 Jahre,m,8811
05124,2023,unter 5 Jahre,f,8221
05124,2023,70 bis unter 75 Jahre,f,9175
05124,2023,70 bis unter 75 Jahre,m,7329
05124,2023,55 bis unter 60 Jahre,m,14327
05124,2023,55 bis unter 60 Jahre,f,14056
05124,2023,65 bis unter 70 Jahre,f,10712
05124,2023,65 bis unter 70 Jahre,m,9675
05124,2023,95 Jahre und mehr,f,642
05124,2023,95 Jahre und mehr,m,163
05124,2023,75 bis unter 80 Jahre,f,7207
05124,2023,75 bis unter 80 Jahre,m,5685
05124,2023,50 bis unter 55 Jahre,m,11541
05124,2023,50 bis unter 55 Jahre,f,11533
05124,2023,20 bis unter 25 Jahre,f,10362
05124,2023,20 bis unter 25 Jahre,m,10569
05124,2023,15 bis unter 20 Jahre,m,9513
05124,2023,15 bis unter 20 Jahre,f,8711
05124,2023,40 bis unter 45 Jahre,m,11472
05124,2023,40 bis unter 45 Jahre,f,11162
03361,2023,50 bis unter 55 Jahre,m,4688
03361,2023,50 bis unter 55 Jahre,f,4880
03361,2023,85 bis unter 90 Jahre,m,1247
03361,2023,85 bis unter 90 Jahre,f,2015
03361,2023,30 bis unter 35 Jahre,m,4109
03361,2023,30 bis unter 35 Jahre,f,3870
03361,2023,10 bis unter 15 Jahre,m,3447
03361,2023,10 bis unter 15 Jahre,f,3370
03361,2023,90 bis unter 95 Jahre,f,685
03361,2023,90 bis unter 95 Jahre,m,269
03361,2023,95 Jahre und mehr,m,74
03361,2023,95 Jahre und mehr,f,222
03361,2023,45 bis unter 50 Jahre,m,3811
03361,2023,45 bis unter 50 Jahre,f,3898
03361,2023,15 bis unter 20 Jahre,f,3284
03361,2023,15 bis unter 20 Jahre,m,3470
03361,2023,70 bis unter 75 Jahre,m,3674
03361,2023,70 bis unter 75 Jahre,f,4114
03361,2023,55 bis unter 60 Jahre,f,5859
03361,2023,55 bis unter 60 Jahre,m,5797
03361,2023,5 bis unter 10 Jahre,m,3769
03361,2023,5 bis unter 10 Jahre,f,3555
03361,2023,25 bis unter 30 Jahre,f,3380
03361,2023,25 bis unter 30 Jahre,m,3684
03361,2023,35 bis unter 40 Jahre,f,4451
03361,2023,35 bis unter 40 Jahre,m,4344
03361,2023,60 bis unter 65 Jahre,f,5625
03361,2023,60 bis unter 65 Jahre,m,5106
03361,2023,40 bis unter 45 Jahre,m,4161
03361,2023,40 bis unter 45 Jahre,f,4250
03361,2023,75 bis unter 80 Jahre,m,2663
03361,2023,75 bis unter 80 Jahre,f,2958
03361,2023,80 bis unter 85 Jahre,m,2400
03361,2023,80 bis unter 85 Jahre,f,3079
03361,2023,20 bis unter 25 Jahre,m,3423
03361,2023,20 bis unter 25 Jahre,f,3057
03361,2023,65 bis unter 70 Jahre,f,4546
03361,2023,65 bis unter 70 Jahre,m,4238
03361,2023,unter 5 Jahre,f,3302
03361,2023,unter 5 Jahre,m,3499
09777,2023,80 bis unter 85 Jahre,m,2324
09777,2023,80 bis unter 85 Jahre,f,2997
09777,2023,10 bis unter 15 Jahre,f,3256
09777,2023,10 bis unter 15 Jahre,m,3240
09777,2023,40 bis unter 45 Jahre,m,4371
09777,2023,40 bis unter 45 Jahre,f,4400
09777,2023,55 bis unter 60 Jahre,m,5957
09777,2023,55 bis unter 60 Jahre,f,5965
09777,2023,25 bis unter 30 Jahre,f,3472
09777,2023,25 bis unter 30 Jahre,m,4092
09777,2023,60 bis unter 65 Jahre,f,5690
09777,2023,60 bis unter 65 Jahre,m,5341
09777,2023,15 bis unter 20 Jahre,m,3582
09777,2023,15 bis unter 20 Jahre,f,3387
09777,2023,65 bis unter 70 Jahre,f,4494
09777,2023,65 bis unter 70 Jahre,m,4216
09777,2023,70 bis unter 75 Jahre,f,3797
09777,2023,70 bis unter 75 Jahre,m,3488
09777,2023,90 bis unter 95 Jahre,f,705
09777,2023,90 bis unter 95 Jahre,m,293
09777,2023,45 bis unter 50 Jahre,m,4052
09777,2023,45 bis unter 50 Jahre,f,4027
09777,2023,35 bis unter 40 Jahre,m,4604
09777,2023,35 bis unter 40 Jahre,f,4384
09777,2023,50 bis unter 55 Jahre,m,4753
09777,2023,50 bis unter 55 Jahre,f,4967
09777,2023,95 Jahre und mehr,m,68
09777,2023,95 Jahre und mehr,f,204
09777,2023,unter 5 Jahre,f,3662
09777,2023,unter 5 Jahre,m,3742
09777,2023,30 bis unter 35 Jahre,m,4439
09777,2023,30 bis unter 35 Jahre,f,4283
09777,2023,85 bis unter 90 Jahre,f,1759
09777,2023,85 bis unter 90 Jahre,m,1222
09777,2023,5 bis unter 10 Jahre,m,3796
09777,2023,5 bis unter 10 Jahre,f,3599
09777,2023,75 bis unter 80 Jahre,f,2886
09777,2023,75 bis unter 80 Jahre,m,2690
09777,2023,20 bis unter 25 Jahre,f,3113
09777,2023,20 bis unter 25 Jahre,m,3820
01055,2023,25 bis unter 30 Jahre,m,4530
01055,2023,25 bis unter 30 Jahre,f,4036
01055,2023,70 bis unter 75 Jahre,f,7017
01055,2023,70 bis unter 75 Jahre,m,6443
01055,2023,10 bis unter 15 Jahre,m,4159
01055,2023,10 bis unter 15 Jahre,f,4111
01055,2023,5 bis unter 10 Jahre,m,3998
01055,2023,5 bis unter 10 Jahre,f,4072
01055,2023,50 bis unter 55 Jahre,f,7727
01055,2023,50 bis unter 55 Jahre,m,6967
01055,2023,30 bis unter 35 Jahre,f,4940
01055,2023,30 bis unter 35 Jahre,m,5089
01055,2023,45 bis unter 50 Jahre,f,5867
01055,2023,45 bis unter 50 Jahre,m,5282
01055,2023,65 bis unter 70 Jahre,m,7175
01055,2023,65 bis unter 70 Jahre,f,7884
01055,2023,85 bis unter 90 Jahre,f,3686
01055,2023,85 bis unter 90 Jahre,m,2407
01055,2023,40 bis unter 45 Jahre,f,6053
01055,2023,40 bis unter 45 Jahre,m,5442
01055,2023,15 bis unter 20 Jahre,f,4214
01055,2023,15 bis unter 20 Jahre,m,4473
01055,2023,80 bis unter 85 Jahre,f,5841
01055,2023,80 bis unter 85 Jahre,m,4591
01055,2023,35 bis unter 40 Jahre,m,5429
01055,2023,35 bis unter 40 Jahre,f,5423
01055,2023,unter 5 Jahre,m,3560
01055,2023,unter 5 Jahre,f,3589
01055,2023,60 bis unter 65 Jahre,f,9328
01055,2023,60 bis unter 65 Jahre,m,8458
01055,2023,20 bis unter 25 Jahre,m,4430
01055,2023,20 bis unter 25 Jahre,f,3845
01055,2023,95 Jahre und mehr,f,410
01055,2023,95 Jahre und mehr,m,99
01055,2023,55 bis unter 60 Jahre,m,9099
01055,2023,55 bis unter 60 Jahre,f,9746
01055,2023,75 bis unter 80 Jahre,f,5621
01055,2023,75 bis unter 80 Jahre,m,4717
01055,2023,90 bis unter 95 Jahre,m,554
01055,2023,90 bis unter 95 Jahre,f,1217
07134,2023,90 bis unter 95 Jahre,m,235
07134,2023,90 bis unter 95 Jahre,f,564
07134,2023,70 bis unter 75 Jahre,m,2605
07134,2023,70 bis unter 75 Jahre,f,2788
07134,2023,15 bis unter 20 Jahre,f,1828
07134,2023,15 bis unter 20 Jahre,m,2032
07134,2023,50 bis unter 55 Jahre,m,2560
07134,2023,50 bis unter 55 Jahre,f,2756
07134,2023,unter 5 Jahre,f,1800
07134,2023,unter 5 Jahre,m,1860
07134,2023,35 bis unter 40 Jahre,f,2387
07134,2023,35 bis unter 40 Jahre,m,2553
07134,2023,65 bis unter 70 Jahre,m,3011
07134,2023,65 bis unter 70 Jahre,f,3153
07134,2023,75 bis unter 80 Jahre,f,1665
07134,2023,75 bis unter 80 Jahre,m,1349
07134,2023,5 bis unter 10 Jahre,m,1908
07134,2023,5 bis unter 10 Jahre,f,1800
07134,2023,95 Jahre und mehr,f,134
07134,2023,95 Jahre und mehr,m,52
07134,2023,85 bis unter 90 Jahre,f,1410
07134,2023,85 bis unter 90 Jahre,m,851
07134,2023,10 bis unter 15 Jahre,m,1872
07134,2023,10 bis unter 15 Jahre,f,1793
07134,2023,40 bis unter 45 Jahre,f,2347
07134,2023,40 bis unter 45 Jahre,m,2427
07134,2023,30 bis unter 35 Jahre,m,2622
07134,2023,30 bis unter 35 Jahre,f,2404
07134,2023,20 bis unter 25 Jahre,f,1821
07134,2023,20 bis unter 25 Jahre,m,2211
07134,2023,80 bis unter 85 Jahre,m,1321
07134,2023,80 bis unter 85 Jahre,f,1740
07134,2023,55 bis unter 60 Jahre,m,3275
07134,2023,55 bis unter 60 Jahre,f,3501
07134,2023,25 bis unter 30 Jahre,f,2068
07134,2023,25 bis unter 30 Jahre,m,2292
07134,2023,60 bis unter 65 Jahre,f,3678
07134,2023,60 bis unter 65 Jahre,m,3461
07134,2023,45 bis unter 50 Jahre,m,2210
07134,2023,45 bis unter 50 Jahre,f,2278
05166,2023,10 bis unter 15 Jahre,m,6654
05166,2023,10 bis unter 15 Jahre,f,6550
05166,2023,90 bis unter 95 Jahre,f,1602
05166,2023,90 bis unter 95 Jahre,m,745
05166,2023,30 bis unter 35 Jahre,m,8995
05166,2023,30 bis unter 35 Jahre,f,8625
05166,2023,25 bis unter 30 Jahre,m,8328
05166,2023,25 bis unter 30 Jahre,f,7057
05166,2023,85 bis unter 90 Jahre,m,2797
05166,2023,85 bis unter 90 Jahre,f,4550
05166,2023,50 bis unter 55 Jahre,m,10089
05166,2023,50 bis unter 55 Jahre,f,10781
05166,2023,45 bis unter 50 Jahre,m,8054
05166,2023,45 bis unter 50 Jahre,f,8575
05166,2023,65 bis unter 70 Jahre,m,9839
05166,2023,65 bis unter 70 Jahre,f,10201
05166,2023,5 bis unter 10 Jahre,m,7115
05166,2023,5 bis unter 10 Jahre,f,6959
05166,2023,15 bis unter 20 Jahre,f,6688
05166,2023,15 bis unter 20 Jahre,m,7122
05166,2023,20 bis unter 25 Jahre,f,6186
05166,2023,20 bis unter 25 Jahre,m,7363
05166,2023,40 bis unter 45 Jahre,f,9177
05166,2023,40 bis unter 45 Jahre,m,8880
05166,2023,75 bis unter 80 Jahre,m,5333
05166,2023,75 bis unter 80 Jahre,f,6347
05166,2023,55 bis unter 60 Jahre,m,13450
05166,2023,55 bis unter 60 Jahre,f,14415
05166,2023,80 bis unter 85 Jahre,f,6573
05166,2023,80 bis unter 85 Jahre,m,4843
05166,2023,95 Jahre und mehr,f,455
05166,2023,95 Jahre und mehr,m,152
05166,2023,unter 5 Jahre,m,6476
05166,2023,unter 5 Jahre,f,6370
05166,2023,60 bis unter 65 Jahre,f,12993
05166,2023,60 bis unter 65 Jahre,m,12358
05166,2023,35 bis unter 40 Jahre,f,9143
05166,2023,35 bis unter 40 Jahre,m,9172
05166,2023,70 bis unter 75 Jahre,m,7822
05166,2023,70 bis unter 75 Jahre,f,8670
03353,2023,35 bis unter 40 Jahre,m,8272
03353,2023,35 bis unter 40 Jahre,f,8237
03353,2023,unter 5 Jahre,m,6218
03353,2023,unter 5 Jahre,f,5823
03353,2023,80 bis unter 85 Jahre,f,6370
03353,2023,80 bis unter 85 Jahre,m,4863
03353,2023,15 bis unter 20 Jahre,m,6736
03353,2023,15 bis unter 20 Jahre,f,6106
03353,2023,60 bis unter 65 Jahre,f,10505
03353,2023,60 bis unter 65 Jahre,m,10332
03353,2023,95 Jahre und mehr,m,110
03353,2023,95 Jahre und mehr,f,368
03353,2023,55 bis unter 60 Jahre,m,11984
03353,2023,55 bis unter 60 Jahre,f,12075
03353,2023,20 bis unter 25 Jahre,f,5376
03353,2023,20 bis unter 25 Jahre,m,6901
03353,2023,40 bis unter 45 Jahre,m,8445
03353,2023,40 bis unter 45 Jahre,f,8795
03353,2023,75 bis unter 80 Jahre,f,6009
03353,2023,75 bis unter 80 Jahre,m,5003
03353,2023,90 bis unter 95 Jahre,m,618
03353,2023,90 bis unter 95 Jahre,f,1301
03353,2023,65 bis unter 70 Jahre,f,7929
03353,2023,65 bis unter 70 Jahre,m,7590
03353,2023,70 bis unter 75 Jahre,m,6252
03353,2023,70 bis unter 75 Jahre,f,7211
03353,2023,45 bis unter 50 Jahre,m,7940
03353,2023,45 bis unter 50 Jahre,f,8049
03353,2023,25 bis unter 30 Jahre,m,7260
03353,2023,25 bis unter 30 Jahre,f,5823
03353,2023,50 bis unter 55 Jahre,f,9607
03353,2023,50 bis unter 55 Jahre,m,9363
03353,2023,5 bis unter 10 Jahre,m,6783
03353,2023,5 bis unter 10 Jahre,f,6422
03353,2023,10 bis unter 15 Jahre,m,6433
03353,2023,10 bis unter 15 Jahre,f,6092
03353,2023,30 bis unter 35 Jahre,f,7146
03353,2023,30 bis unter 35 Jahre,m,7699
03353,2023,85 bis unter 90 Jahre,f,4072
03353,2023,85 bis unter 90 Jahre,m,2649
01056,2023,40 bis unter 45 Jahre,m,10474
01056,2023,40 bis unter 45 Jahre,f,10912
01056,2023,75 bis unter 80 Jahre,m,5880
01056,2023,75 bis unter 80 Jahre,f,7391
01056,2023,55 bis unter 60 Jahre,m,14176
01056,2023,55 bis unter 60 Jahre,f,14539
01056,2023,60 bis unter 65 Jahre,m,12169
01056,2023,60 bis unter 65 Jahre,f,12568
01056,2023,unter 5 Jahre,m,7339
01056,2023,unter 5 Jahre,f,6921
01056,2023,35 bis unter 40 Jahre,m,10459
01056,2023,35 bis unter 40 Jahre,f,10339
01056,2023,80 bis unter 85 Jahre,f,8008
01056,2023,80 bis unter 85 Jahre,m,5726
01056,2023,20 bis unter 25 Jahre,m,8121
01056,2023,20 bis unter 25 Jahre,f,7060
01056,2023,95 Jahre und mehr,f,443
01056,2023,95 Jahre und mehr,m,159
01056,2023,15 bis unter 20 Jahre,m,8315
01056,2023,15 bis unter 20 Jahre,f,7665
01056,2023,45 bis unter 50 Jahre,f,10165
01056,2023,45 bis unter 50 Jahre,m,9972
01056,2023,10 bis unter 15 Jahre,f,7489
01056,2023,10 bis unter 15 Jahre,m,7916
01056,2023,70 bis unter 75 Jahre,m,7277
01056,2023,70 bis unter 75 Jahre,f,8581
01056,2023,90 bis unter 95 Jahre,f,1672
01056,2023,90 bis unter 95 Jahre,m,719
01056,2023,65 bis unter 70 Jahre,f,9846
01056,2023,65 bis unter 70 Jahre,m,8906
01056,2023,30 bis unter 35 Jahre,m,9341
01056,2023,30 bis unter 35 Jahre,f,9094
01056,2023,85 bis unter 90 Jahre,m,3235
01056,2023,85 bis unter 90 Jahre,f,5184
01056,2023,50 bis unter 55 Jahre,m,11643
01056,2023,50 bis unter 55 Jahre,f,11645
01056,2023,25 bis unter 30 Jahre,m,8569
01056,2023,25 bis unter 30 Jahre,f,7659
01056,2023,5 bis unter 10 Jahre,f,7893
01056,2023,5 bis unter 10 Jahre,m,8292
09479,2023,65 bis unter 70 Jahre,f,2616
09479,2023,65 bis unter 70 Jahre,m,2525
09479,2023,30 bis unter 35 Jahre,f,1903
09479,2023,30 bis unter 35 Jahre,m,1991
09479,2023,85 bis unter 90 Jahre,f,1374
09479,2023,85 bis unter 90 Jahre,m,724
09479,2023,10 bis unter 15 Jahre,f,1380
09479,2023,10 bis unter 15 Jahre,m,1584
09479,2023,50 bis unter 55 Jahre,f,2525
09479,2023,50 bis unter 55 Jahre,m,2416
09479,2023,25 bis unter 30 Jahre,f,1705
09479,2023,25 bis unter 30 Jahre,m,1780
09479,2023,5 bis unter 10 Jahre,m,1597
09479,2023,5 bis unter 10 Jahre,f,1474
09479,2023,45 bis unter 50 Jahre,f,1940
09479,2023,45 bis unter 50 Jahre,m,1846
09479,2023,70 bis unter 75 Jahre,f,2468
09479,2023,70 bis unter 75 Jahre,m,2127
09479,2023,60 bis unter 65 Jahre,m,3160
09479,2023,60 bis unter 65 Jahre,f,3190
09479,2023,55 bis unter 60 Jahre,m,2984
09479,2023,55 bis unter 60 Jahre,f,3157
09479,2023,80 bis unter 85 Jahre,m,1339
09479,2023,80 bis unter 85 Jahre,f,1839
09479,2023,95 Jahre und mehr,m,44
09479,2023,95 Jahre und mehr,f,130
09479,2023,35 bis unter 40 Jahre,m,2029
09479,2023,35 bis unter 40 Jahre,f,1897
09479,2023,90 bis unter 95 Jahre,f,533
09479,2023,90 bis unter 95 Jahre,m,186
09479,2023,20 bis unter 25 Jahre,f,1572
09479,2023,20 bis unter 25 Jahre,m,1705
09479,2023,75 bis unter 80 Jahre,f,1769
09479,2023,75 bis unter 80 Jahre,m,1501
09479,2023,unter 5 Jahre,f,1365
09479,2023,unter 5 Jahre,m,1541
09479,2023,15 bis unter 20 Jahre,m,1573
09479,2023,15 bis unter 20 Jahre,f,1440
09479,2023,40 bis unter 45 Jahre,m,1974
09479,2023,40 bis unter 45 Jahre,f,2056
08437,2023,5 bis unter 10 Jahre,f,3197
08437,2023,5 bis unter 10 Jahre,m,3394
08437,2023,25 bis unter 30 Jahre,f,3377
08437,2023,25 bis unter 30 Jahre,m,4205
08437,2023,65 bis unter 70 Jahre,f,4363
08437,2023,65 bis unter 70 Jahre,m,4257
08437,2023,40 bis unter 45 Jahre,m,3974
08437,2023,40 bis unter 45 Jahre,f,3992
08437,2023,10 bis unter 15 Jahre,f,3041
08437,2023,10 bis unter 15 Jahre,m,3324
08437,2023,80 bis unter 85 Jahre,m,1959
08437,2023,80 bis unter 85 Jahre,f,2739
08437,2023,50 bis unter 55 Jahre,f,4441
08437,2023,50 bis unter 55 Jahre,m,4385
08437,2023,unter 5 Jahre,m,3315
08437,2023,unter 5 Jahre,f,3132
08437,2023,55 bis unter 60 Jahre,m,5572
08437,2023,55 bis unter 60 Jahre,f,5680
08437,2023,85 bis unter 90 Jahre,m,1139
08437,2023,85 bis unter 90 Jahre,f,1938
08437,2023,20 bis unter 25 Jahre,m,3939
08437,2023,20 bis unter 25 Jahre,f,3226
08437,2023,30 bis unter 35 Jahre,f,3899
08437,2023,30 bis unter 35 Jahre,m,4396
08437,2023,75 bis unter 80 Jahre,m,2047
08437,2023,75 bis unter 80 Jahre,f,2452
08437,2023,15 bis unter 20 Jahre,f,3212
08437,2023,15 bis unter 20 Jahre,m,3556
08437,2023,70 bis unter 75 Jahre,m,3191
08437,2023,70 bis unter 75 Jahre,f,3565
08437,2023,35 bis unter 40 Jahre,f,4088
08437,2023,35 bis unter 40 Jahre,m,4327
08437,2023,95 Jahre und mehr,f,206
08437,2023,95 Jahre und mehr,m,60
08437,2023,90 bis unter 95 Jahre,m,300
08437,2023,90 bis unter 95 Jahre,f,665
08437,2023,45 bis unter 50 Jahre,m,3736
08437,2023,45 bis unter 50 Jahre,f,3654
08437,2023,60 bis unter 65 Jahre,f,5393
08437,2023,60 bis unter 65 Jahre,m,5422
09361,2023,90 bis unter 95 Jahre,m,112
09361,2023,90 bis unter 95 Jahre,f,283
09361,2023,50 bis unter 55 Jahre,m,1300
09361,2023,50 bis unter 55 Jahre,f,1426
09361,2023,20 bis unter 25 Jahre,f,1050
09361,2023,20 bis unter 25 Jahre,m,1257
09361,2023,35 bis unter 40 Jahre,f,1272
09361,2023,35 bis unter 40 Jahre,m,1446
09361,2023,65 bis unter 70 Jahre,m,1304
09361,2023,65 bis unter 70 Jahre,f,1486
09361,2023,85 bis unter 90 Jahre,f,727
09361,2023,85 bis unter 90 Jahre,m,411
09361,2023,5 bis unter 10 Jahre,m,916
09361,2023,5 bis unter 10 Jahre,f,905
09361,2023,15 bis unter 20 Jahre,m,1003
09361,2023,15 bis unter 20 Jahre,f,905
09361,2023,30 bis unter 35 Jahre,f,1228
09361,2023,30 bis unter 35 Jahre,m,1531
09361,2023,10 bis unter 15 Jahre,m,872
09361,2023,10 bis unter 15 Jahre,f,915
09361,2023,40 bis unter 45 Jahre,f,1206
09361,2023,40 bis unter 45 Jahre,m,1346
09361,2023,80 bis unter 85 Jahre,m,659
09361,2023,80 bis unter 85 Jahre,f,1045
09361,2023,75 bis unter 80 Jahre,m,743
09361,2023,75 bis unter 80 Jahre,f,935
09361,2023,60 bis unter 65 Jahre,m,1548
09361,2023,60 bis unter 65 Jahre,f,1700
09361,2023,55 bis unter 60 Jahre,m,1594
09361,2023,55 bis unter 60 Jahre,f,1736
09361,2023,25 bis unter 30 Jahre,f,1206
09361,2023,25 bis unter 30 Jahre,m,1462
09361,2023,unter 5 Jahre,m,859
09361,2023,unter 5 Jahre,f,880
09361,2023,70 bis unter 75 Jahre,f,1350
09361,2023,70 bis unter 75 Jahre,m,1076
09361,2023,45 bis unter 50 Jahre,f,1139
09361,2023,45 bis unter 50 Jahre,m,1276
09361,2023,95 Jahre und mehr,m,16
09361,2023,95 Jahre und mehr,f,92
05915,2023,30 bis unter 35 Jahre,m,6029
05915,2023,30 bis unter 35 Jahre,f,5424
05915,2023,65 bis unter 70 Jahre,m,5126
05915,2023,65 bis unter 70 Jahre,f,5901
05915,2023,85 bis unter 90 Jahre,m,1437
05915,2023,85 bis unter 90 Jahre,f,2602
05915,2023,10 bis unter 15 Jahre,m,4432
05915,2023,10 bis unter 15 Jahre,f,4239
05915,2023,70 bis unter 75 Jahre,m,4179
05915,2023,70 bis unter 75 Jahre,f,5034
05915,2023,50 bis unter 55 Jahre,m,6180
05915,2023,50 bis unter 55 Jahre,f,6073
05915,2023,90 bis unter 95 Jahre,f,977
05915,2023,90 bis unter 95 Jahre,m,373
05915,2023,45 bis unter 50 Jahre,m,5602
05915,2023,45 bis unter 50 Jahre,f,5479
05915,2023,5 bis unter 10 Jahre,m,4482
05915,2023,5 bis unter 10 Jahre,f,4465
05915,2023,40 bis unter 45 Jahre,f,5664
05915,2023,40 bis unter 45 Jahre,m,5584
05915,2023,20 bis unter 25 Jahre,f,4979
05915,2023,20 bis unter 25 Jahre,m,5531
05915,2023,15 bis unter 20 Jahre,f,4457
05915,2023,15 bis unter 20 Jahre,m,4802
05915,2023,95 Jahre und mehr,m,81
05915,2023,95 Jahre und mehr,f,308
05915,2023,75 bis unter 80 Jahre,m,2926
05915,2023,75 bis unter 80 Jahre,f,3540
05915,2023,unter 5 Jahre,m,4293
05915,2023,unter 5 Jahre,f,4079
05915,2023,80 bis unter 85 Jahre,m,2682
05915,2023,80 bis unter 85 Jahre,f,3628
05915,2023,60 bis unter 65 Jahre,f,6431
05915,2023,60 bis unter 65 Jahre,m,6262
05915,2023,55 bis unter 60 Jahre,m,6847
05915,2023,55 bis unter 60 Jahre,f,6917
05915,2023,25 bis unter 30 Jahre,f,5118
05915,2023,25 bis unter 30 Jahre,m,5854
05915,2023,35 bis unter 40 Jahre,f,5569
05915,2023,35 bis unter 40 Jahre,m,5794
07138,2023,unter 5 Jahre,m,4736
07138,2023,unter 5 Jahre,f,4527
07138,2023,80 bis unter 85 Jahre,f,3982
07138,2023,80 bis unter 85 Jahre,m,2921
07138,2023,55 bis unter 60 Jahre,m,8115
07138,2023,55 bis unter 60 Jahre,f,8027
07138,2023,35 bis unter 40 Jahre,m,5995
07138,2023,35 bis unter 40 Jahre,f,5738
07138,2023,95 Jahre und mehr,m,88
07138,2023,95 Jahre und mehr,f,359
07138,2023,15 bis unter 20 Jahre,m,4710
07138,2023,15 bis unter 20 Jahre,f,4365
07138,2023,40 bis unter 45 Jahre,m,5604
07138,2023,40 bis unter 45 Jahre,f,5769
07138,2023,20 bis unter 25 Jahre,m,4870
07138,2023,20 bis unter 25 Jahre,f,4325
07138,2023,60 bis unter 65 Jahre,f,7711
07138,2023,60 bis unter 65 Jahre,m,7652
07138,2023,75 bis unter 80 Jahre,m,3171
07138,2023,75 bis unter 80 Jahre,f,3736
07138,2023,5 bis unter 10 Jahre,f,4578
07138,2023,5 bis unter 10 Jahre,m,4876
07138,2023,25 bis unter 30 Jahre,f,4801
07138,2023,25 bis unter 30 Jahre,m,5288
07138,2023,30 bis unter 35 Jahre,m,5862
07138,2023,30 bis unter 35 Jahre,f,5558
07138,2023,50 bis unter 55 Jahre,f,6282
07138,2023,50 bis unter 55 Jahre,m,6154
07138,2023,45 bis unter 50 Jahre,m,5107
07138,2023,45 bis unter 50 Jahre,f,5221
07138,2023,90 bis unter 95 Jahre,f,1092
07138,2023,90 bis unter 95 Jahre,m,457
07138,2023,65 bis unter 70 Jahre,m,6186
07138,2023,65 bis unter 70 Jahre,f,6532
07138,2023,85 bis unter 90 Jahre,m,1805
07138,2023,85 bis unter 90 Jahre,f,2967
07138,2023,70 bis unter 75 Jahre,f,5580
07138,2023,70 bis unter 75 Jahre,m,5048
07138,2023,10 bis unter 15 Jahre,m,4553
07138,2023,10 bis unter 15 Jahre,f,4308
03351,2023,55 bis unter 60 Jahre,f,7239
03351,2023,55 bis unter 60 Jahre,m,7155
03351,2023,35 bis unter 40 Jahre,f,5483
03351,2023,35 bis unter 40 Jahre,m,5404
03351,2023,15 bis unter 20 Jahre,f,4206
03351,2023,15 bis unter 20 Jahre,m,4420
03351,2023,20 bis unter 25 Jahre,f,3707
03351,2023,20 bis unter 25 Jahre,m,4245
03351,2023,unter 5 Jahre,f,3985
03351,2023,unter 5 Jahre,m,4083
03351,2023,90 bis unter 95 Jahre,m,392
03351,2023,90 bis unter 95 Jahre,f,1003
03351,2023,60 bis unter 65 Jahre,f,6843
03351,2023,60 bis unter 65 Jahre,m,6538
03351,2023,75 bis unter 80 Jahre,f,3807
03351,2023,75 bis unter 80 Jahre,m,3238
03351,2023,50 bis unter 55 Jahre,m,5740
03351,2023,50 bis unter 55 Jahre,f,5866
03351,2023,95 Jahre und mehr,f,297
03351,2023,95 Jahre und mehr,m,81
03351,2023,45 bis unter 50 Jahre,m,4800
03351,2023,45 bis unter 50 Jahre,f,4919
03351,2023,25 bis unter 30 Jahre,m,4470
03351,2023,25 bis unter 30 Jahre,f,4175
03351,2023,70 bis unter 75 Jahre,f,5448
03351,2023,70 bis unter 75 Jahre,m,4705
03351,2023,80 bis unter 85 Jahre,f,4066
03351,2023,80 bis unter 85 Jahre,m,3094
03351,2023,85 bis unter 90 Jahre,f,2762
03351,2023,85 bis unter 90 Jahre,m,1585
03351,2023,65 bis unter 70 Jahre,f,5965
03351,2023,65 bis unter 70 Jahre,m,5574
03351,2023,5 bis unter 10 Jahre,m,4389
03351,2023,5 bis unter 10 Jahre,f,4223
03351,2023,10 bis unter 15 Jahre,f,4036
03351,2023,10 bis unter 15 Jahre,m,4153
03351,2023,40 bis unter 45 Jahre,m,5354
03351,2023,40 bis unter 45 Jahre,f,5391
03351,2023,30 bis unter 35 Jahre,m,5011
03351,2023,30 bis unter 35 Jahre,f,5019
08231,2023,60 bis unter 65 Jahre,m,4349
08231,2023,60 bis unter 65 Jahre,f,4526
08231,2023,95 Jahre und mehr,f,265
08231,2023,95 Jahre und mehr,m,80
08231,2023,80 bis unter 85 Jahre,m,1788
08231,2023,80 bis unter 85 Jahre,f,2762
08231,2023,25 bis unter 30 Jahre,f,4453
08231,2023,25 bis unter 30 Jahre,m,4948
08231,2023,55 bis unter 60 Jahre,m,4758
08231,2023,55 bis unter 60 Jahre,f,4661
08231,2023,unter 5 Jahre,m,3695
08231,2023,unter 5 Jahre,f,3455
08231,2023,10 bis unter 15 Jahre,f,3159
08231,2023,10 bis unter 15 Jahre,m,3416
08231,2023,40 bis unter 45 Jahre,m,4419
08231,2023,40 bis unter 45 Jahre,f,4307
08231,2023,15 bis unter 20 Jahre,m,3654
08231,2023,15 bis unter 20 Jahre,f,3404
08231,2023,85 bis unter 90 Jahre,f,2036
08231,2023,85 bis unter 90 Jahre,m,1122
08231,2023,30 bis unter 35 Jahre,f,4651
08231,2023,30 bis unter 35 Jahre,m,5076
08231,2023,50 bis unter 55 Jahre,f,4400
08231,2023,50 bis unter 55 Jahre,m,4238
08231,2023,5 bis unter 10 Jahre,m,3577
08231,2023,5 bis unter 10 Jahre,f,3520
08231,2023,20 bis unter 25 Jahre,f,4039
08231,2023,20 bis unter 25 Jahre,m,4380
08231,2023,75 bis unter 80 Jahre,m,1923
08231,2023,75 bis unter 80 Jahre,f,2532
08231,2023,70 bis unter 75 Jahre,m,2614
08231,2023,70 bis unter 75 Jahre,f,3426
08231,2023,90 bis unter 95 Jahre,m,350
08231,2023,90 bis unter 95 Jahre,f,740
08231,2023,35 bis unter 40 Jahre,f,4413
08231,2023,35 bis unter 40 Jahre,m,4835
08231,2023,65 bis unter 70 Jahre,m,3401
08231,2023,65 bis unter 70 Jahre,f,3845
08231,2023,45 bis unter 50 Jahre,m,3927
08231,2023,45 bis unter 50 Jahre,f,3943
05762,2023,95 Jahre und mehr,f,272
05762,2023,95 Jahre und mehr,m,53
05762,2023,60 bis unter 65 Jahre,m,5880
05762,2023,60 bis unter 65 Jahre,f,5915
05762,2023,75 bis unter 80 Jahre,m,2413
05762,2023,75 bis unter 80 Jahre,f,2751
05762,2023,80 bis unter 85 Jahre,m,2270
05762,2023,80 bis unter 85 Jahre,f,3105
05762,2023,35 bis unter 40 Jahre,m,4159
05762,2023,35 bis unter 40 Jahre,f,3997
05762,2023,5 bis unter 10 Jahre,f,3177
05762,2023,5 bis unter 10 Jahre,m,3343
05762,2023,20 bis unter 25 Jahre,m,3881
05762,2023,20 bis unter 25 Jahre,f,2906
05762,2023,85 bis unter 90 Jahre,f,2356
05762,2023,85 bis unter 90 Jahre,m,1353
05762,2023,30 bis unter 35 Jahre,f,3722
05762,2023,30 bis unter 35 Jahre,m,4042
05762,2023,65 bis unter 70 Jahre,f,4982
05762,2023,65 bis unter 70 Jahre,m,4995
05762,2023,unter 5 Jahre,f,3003
05762,2023,unter 5 Jahre,m,3169
05762,2023,55 bis unter 60 Jahre,m,6211
05762,2023,55 bis unter 60 Jahre,f,5989
05762,2023,10 bis unter 15 Jahre,f,3122
05762,2023,10 bis unter 15 Jahre,m,3307
05762,2023,90 bis unter 95 Jahre,m,364
05762,2023,90 bis unter 95 Jahre,f,848
05762,2023,70 bis unter 75 Jahre,m,3939
05762,2023,70 bis unter 75 Jahre,f,4231
05762,2023,50 bis unter 55 Jahre,m,4613
05762,2023,50 bis unter 55 Jahre,f,4786
05762,2023,15 bis unter 20 Jahre,f,3275
05762,2023,15 bis unter 20 Jahre,m,3633
05762,2023,45 bis unter 50 Jahre,m,3813
05762,2023,45 bis unter 50 Jahre,f,3874
05762,2023,40 bis unter 45 Jahre,f,4031
05762,2023,40 bis unter 45 Jahre,m,3965
05762,2023,25 bis unter 30 Jahre,m,4025
05762,2023,25 bis unter 30 Jahre,f,3272
09478,2023,15 bis unter 20 Jahre,f,1441
09478,2023,15 bis unter 20 Jahre,m,1514
09478,2023,35 bis unter 40 Jahre,f,1960
09478,2023,35 bis unter 40 Jahre,m,2082
09478,2023,20 bis unter 25 Jahre,f,1464
09478,2023,20 bis unter 25 Jahre,m,1696
09478,2023,unter 5 Jahre,f,1399
09478,2023,unter 5 Jahre,m,1517
09478,2023,60 bis unter 65 Jahre,f,2930
09478,2023,60 bis unter 65 Jahre,m,2900
09478,2023,90 bis unter 95 Jahre,m,145
09478,2023,90 bis unter 95 Jahre,f,388
09478,2023,75 bis unter 80 Jahre,f,1412
09478,2023,75 bis unter 80 Jahre,m,1201
09478,2023,10 bis unter 15 Jahre,m,1449
09478,2023,10 bis unter 15 Jahre,f,1482
09478,2023,65 bis unter 70 Jahre,m,2301
09478,2023,65 bis unter 70 Jahre,f,2459
09478,2023,30 bis unter 35 Jahre,m,2141
09478,2023,30 bis unter 35 Jahre,f,1980
09478,2023,40 bis unter 45 Jahre,f,2079
09478,2023,40 bis unter 45 Jahre,m,2097
09478,2023,85 bis unter 90 Jahre,m,591
09478,2023,85 bis unter 90 Jahre,f,1127
09478,2023,95 Jahre und mehr,f,94
09478,2023,95 Jahre und mehr,m,20
09478,2023,5 bis unter 10 Jahre,f,1498
09478,2023,5 bis unter 10 Jahre,m,1618
09478,2023,25 bis unter 30 Jahre,f,1685
09478,2023,25 bis unter 30 Jahre,m,1933
09478,2023,45 bis unter 50 Jahre,f,1993
09478,2023,45 bis unter 50 Jahre,m,1951
09478,2023,50 bis unter 55 Jahre,f,2462
09478,2023,50 bis unter 55 Jahre,m,2349
09478,2023,80 bis unter 85 Jahre,m,1117
09478,2023,80 bis unter 85 Jahre,f,1488
09478,2023,55 bis unter 60 Jahre,m,2937
09478,2023,55 bis unter 60 Jahre,f,2971
09478,2023,70 bis unter 75 Jahre,f,1995
09478,2023,70 bis unter 75 Jahre,m,1850
06438,2023,60 bis unter 65 Jahre,m,12474
06438,2023,60 bis unter 65 Jahre,f,13061
06438,2023,75 bis unter 80 Jahre,m,6337
06438,2023,75 bis unter 80 Jahre,f,7757
06438,2023,80 bis unter 85 Jahre,m,5661
06438,2023,80 bis unter 85 Jahre,f,7673
06438,2023,20 bis unter 25 Jahre,m,9476
06438,2023,20 bis unter 25 Jahre,f,8453
06438,2023,95 Jahre und mehr,f,489
06438,2023,95 Jahre und mehr,m,178
06438,2023,5 bis unter 10 Jahre,f,8960
06438,2023,5 bis unter 10 Jahre,m,9489
06438,2023,40 bis unter 45 Jahre,m,11807
06438,2023,40 bis unter 45 Jahre,f,12318
06438,2023,55 bis unter 60 Jahre,m,14295
06438,2023,55 bis unter 60 Jahre,f,14438
06438,2023,65 bis unter 70 Jahre,f,10530
06438,2023,65 bis unter 70 Jahre,m,9813
06438,2023,30 bis unter 35 Jahre,f,10827
06438,2023,30 bis unter 35 Jahre,m,11152
06438,2023,10 bis unter 15 Jahre,f,8225
06438,2023,10 bis unter 15 Jahre,m,8899
06438,2023,unter 5 Jahre,m,8829
06438,2023,unter 5 Jahre,f,8365
06438,2023,85 bis unter 90 Jahre,f,5091
06438,2023,85 bis unter 90 Jahre,m,3274
06438,2023,50 bis unter 55 Jahre,m,12285
06438,2023,50 bis unter 55 Jahre,f,12365
06438,2023,70 bis unter 75 Jahre,m,8079
06438,2023,70 bis unter 75 Jahre,f,9586
06438,2023,90 bis unter 95 Jahre,m,947
06438,2023,90 bis unter 95 Jahre,f,1753
06438,2023,15 bis unter 20 Jahre,f,8552
06438,2023,15 bis unter 20 Jahre,m,9257
06438,2023,45 bis unter 50 Jahre,m,11229
06438,2023,45 bis unter 50 Jahre,f,11204
06438,2023,25 bis unter 30 Jahre,f,9522
06438,2023,25 bis unter 30 Jahre,m,10260
06438,2023,35 bis unter 40 Jahre,m,11825
06438,2023,35 bis unter 40 Jahre,f,11843
09180,2023,55 bis unter 60 Jahre,m,3785
09180,2023,55 bis unter 60 Jahre,f,4102
09180,2023,20 bis unter 25 Jahre,m,2238
09180,2023,20 bis unter 25 Jahre,f,2029
09180,2023,unter 5 Jahre,m,1993
09180,2023,unter 5 Jahre,f,1904
09180,2023,75 bis unter 80 Jahre,m,1902
09180,2023,75 bis unter 80 Jahre,f,2349
09180,2023,60 bis unter 65 Jahre,f,3667
09180,2023,60 bis unter 65 Jahre,m,3444
09180,2023,80 bis unter 85 Jahre,m,1822
09180,2023,80 bis unter 85 Jahre,f,2574
09180,2023,95 Jahre und mehr,m,53
09180,2023,95 Jahre und mehr,f,169
09180,2023,40 bis unter 45 Jahre,m,2472
09180,2023,40 bis unter 45 Jahre,f,2720
09180,2023,15 bis unter 20 Jahre,m,1984
09180,2023,15 bis unter 20 Jahre,f,1891
09180,2023,35 bis unter 40 Jahre,f,2658
09180,2023,35 bis unter 40 Jahre,m,2578
09180,2023,45 bis unter 50 Jahre,f,2658
09180,2023,45 bis unter 50 Jahre,m,2372
09180,2023,65 bis unter 70 Jahre,f,2859
09180,2023,65 bis unter 70 Jahre,m,2549
09180,2023,70 bis unter 75 Jahre,m,2230
09180,2023,70 bis unter 75 Jahre,f,2635
09180,2023,10 bis unter 15 Jahre,m,1928
09180,2023,10 bis unter 15 Jahre,f,1816
09180,2023,25 bis unter 30 Jahre,m,2589
09180,2023,25 bis unter 30 Jahre,f,2407
09180,2023,30 bis unter 35 Jahre,m,2744
09180,2023,30 bis unter 35 Jahre,f,2711
09180,2023,50 bis unter 55 Jahre,m,2869
09180,2023,50 bis unter 55 Jahre,f,3122
09180,2023,90 bis unter 95 Jahre,f,540
09180,2023,90 bis unter 95 Jahre,m,253
09180,2023,85 bis unter 90 Jahre,f,1644
09180,2023,85 bis unter 90 Jahre,m,1057
09180,2023,5 bis unter 10 Jahre,m,2068
09180,2023,5 bis unter 10 Jahre,f,1937
08212,2023,80 bis unter 85 Jahre,m,4305
08212,2023,80 bis unter 85 Jahre,f,6199
08212,2023,60 bis unter 65 Jahre,m,9775
08212,2023,60 bis unter 65 Jahre,f,10183
08212,2023,5 bis unter 10 Jahre,f,6290
08212,2023,5 bis unter 10 Jahre,m,6420
08212,2023,40 bis unter 45 Jahre,m,9989
08212,2023,40 bis unter 45 Jahre,f,9563
08212,2023,20 bis unter 25 Jahre,m,14470
08212,2023,20 bis unter 25 Jahre,f,10525
08212,2023,25 bis unter 30 Jahre,f,12192
08212,2023,25 bis unter 30 Jahre,m,15640
08212,2023,95 Jahre und mehr,m,162
08212,2023,95 Jahre und mehr,f,577
08212,2023,55 bis unter 60 Jahre,m,11270
08212,2023,55 bis unter 60 Jahre,f,10940
08212,2023,65 bis unter 70 Jahre,f,8315
08212,2023,65 bis unter 70 Jahre,m,7512
08212,2023,85 bis unter 90 Jahre,f,4248
08212,2023,85 bis unter 90 Jahre,m,2585
08212,2023,30 bis unter 35 Jahre,f,11221
08212,2023,30 bis unter 35 Jahre,m,13360
08212,2023,10 bis unter 15 Jahre,f,5868
08212,2023,10 bis unter 15 Jahre,m,6273
08212,2023,75 bis unter 80 Jahre,f,5716
08212,2023,75 bis unter 80 Jahre,m,4502
08212,2023,unter 5 Jahre,m,6507
08212,2023,unter 5 Jahre,f,5987
08212,2023,70 bis unter 75 Jahre,m,5966
08212,2023,70 bis unter 75 Jahre,f,7387
08212,2023,90 bis unter 95 Jahre,m,822
08212,2023,90 bis unter 95 Jahre,f,1552
08212,2023,45 bis unter 50 Jahre,m,8918
08212,2023,45 bis unter 50 Jahre,f,8853
08212,2023,15 bis unter 20 Jahre,f,6538
08212,2023,15 bis unter 20 Jahre,m,7454
08212,2023,50 bis unter 55 Jahre,f,9649
08212,2023,50 bis unter 55 Jahre,m,9566
08212,2023,35 bis unter 40 Jahre,m,10978
08212,2023,35 bis unter 40 Jahre,f,9920
05916,2023,80 bis unter 85 Jahre,m,2259
05916,2023,80 bis unter 85 Jahre,f,3236
05916,2023,60 bis unter 65 Jahre,m,5785
05916,2023,60 bis unter 65 Jahre,f,5806
05916,2023,75 bis unter 80 Jahre,m,2531
05916,2023,75 bis unter 80 Jahre,f,3277
05916,2023,unter 5 Jahre,m,3923
05916,2023,unter 5 Jahre,f,3658
05916,2023,25 bis unter 30 Jahre,f,4616
05916,2023,25 bis unter 30 Jahre,m,5021
05916,2023,55 bis unter 60 Jahre,m,6137
05916,2023,55 bis unter 60 Jahre,f,6011
05916,2023,40 bis unter 45 Jahre,m,4657
05916,2023,40 bis unter 45 Jahre,f,4827
05916,2023,10 bis unter 15 Jahre,f,3554
05916,2023,10 bis unter 15 Jahre,m,3770
05916,2023,95 Jahre und mehr,f,307
05916,2023,95 Jahre und mehr,m,72
05916,2023,15 bis unter 20 Jahre,m,4000
05916,2023,15 bis unter 20 Jahre,f,3538
05916,2023,70 bis unter 75 Jahre,f,4346
05916,2023,70 bis unter 75 Jahre,m,3568
05916,2023,45 bis unter 50 Jahre,f,4635
05916,2023,45 bis unter 50 Jahre,m,4511
05916,2023,65 bis unter 70 Jahre,f,4957
05916,2023,65 bis unter 70 Jahre,m,4558
05916,2023,90 bis unter 95 Jahre,f,1026
05916,2023,90 bis unter 95 Jahre,m,352
05916,2023,35 bis unter 40 Jahre,m,4969
05916,2023,35 bis unter 40 Jahre,f,4773
05916,2023,50 bis unter 55 Jahre,m,5485
05916,2023,50 bis unter 55 Jahre,f,5578
05916,2023,30 bis unter 35 Jahre,m,5264
05916,2023,30 bis unter 35 Jahre,f,4936
05916,2023,85 bis unter 90 Jahre,f,2459
05916,2023,85 bis unter 90 Jahre,m,1290
05916,2023,20 bis unter 25 Jahre,f,4427
05916,2023,20 bis unter 25 Jahre,m,4473
05916,2023,5 bis unter 10 Jahre,m,3959
05916,2023,5 bis unter 10 Jahre,f,3603
09780,2023,40 bis unter 45 Jahre,f,4681
09780,2023,40 bis unter 45 Jahre,m,4414
09780,2023,15 bis unter 20 Jahre,m,3613
09780,2023,15 bis unter 20 Jahre,f,3306
09780,2023,60 bis unter 65 Jahre,f,6254
09780,2023,60 bis unter 65 Jahre,m,6058
09780,2023,unter 5 Jahre,m,3994
09780,2023,unter 5 Jahre,f,3692
09780,2023,20 bis unter 25 Jahre,f,3272
09780,2023,20 bis unter 25 Jahre,m,3752
09780,2023,35 bis unter 40 Jahre,f,4691
09780,2023,35 bis unter 40 Jahre,m,4849
09780,2023,75 bis unter 80 Jahre,f,3485
09780,2023,75 bis unter 80 Jahre,m,2987
09780,2023,55 bis unter 60 Jahre,m,6625
09780,2023,55 bis unter 60 Jahre,f,6546
09780,2023,70 bis unter 75 Jahre,m,3860
09780,2023,70 bis unter 75 Jahre,f,4382
09780,2023,95 Jahre und mehr,f,244
09780,2023,95 Jahre und mehr,m,88
09780,2023,80 bis unter 85 Jahre,m,2871
09780,2023,80 bis unter 85 Jahre,f,3643
09780,2023,50 bis unter 55 Jahre,m,5186
09780,2023,50 bis unter 55 Jahre,f,5416
09780,2023,45 bis unter 50 Jahre,f,4722
09780,2023,45 bis unter 50 Jahre,m,4194
09780,2023,5 bis unter 10 Jahre,m,3891
09780,2023,5 bis unter 10 Jahre,f,3785
09780,2023,65 bis unter 70 Jahre,f,5063
09780,2023,65 bis unter 70 Jahre,m,4690
09780,2023,25 bis unter 30 Jahre,m,4233
09780,2023,25 bis unter 30 Jahre,f,3761
09780,2023,90 bis unter 95 Jahre,f,787
09780,2023,90 bis unter 95 Jahre,m,401
09780,2023,85 bis unter 90 Jahre,f,2325
09780,2023,85 bis unter 90 Jahre,m,1591
09780,2023,30 bis unter 35 Jahre,m,4646
09780,2023,30 bis unter 35 Jahre,f,4643
09780,2023,10 bis unter 15 Jahre,f,3292
09780,2023,10 bis unter 15 Jahre,m,3461
03355,2023,60 bis unter 65 Jahre,m,6687
03355,2023,60 bis unter 65 Jahre,f,7002
03355,2023,40 bis unter 45 Jahre,m,5429
03355,2023,40 bis unter 45 Jahre,f,5952
03355,2023,20 bis unter 25 Jahre,m,4899
03355,2023,20 bis unter 25 Jahre,f,5659
03355,2023,unter 5 Jahre,m,4167
03355,2023,unter 5 Jahre,f,3889
03355,2023,35 bis unter 40 Jahre,m,5689
03355,2023,35 bis unter 40 Jahre,f,5576
03355,2023,80 bis unter 85 Jahre,f,3735
03355,2023,80 bis unter 85 Jahre,m,2761
03355,2023,5 bis unter 10 Jahre,f,4259
03355,2023,5 bis unter 10 Jahre,m,4563
03355,2023,75 bis unter 80 Jahre,m,2849
03355,2023,75 bis unter 80 Jahre,f,3526
03355,2023,45 bis unter 50 Jahre,f,5647
03355,2023,45 bis unter 50 Jahre,m,5400
03355,2023,65 bis unter 70 Jahre,f,5567
03355,2023,65 bis unter 70 Jahre,m,5074
03355,2023,85 bis unter 90 Jahre,f,2495
03355,2023,85 bis unter 90 Jahre,m,1387
03355,2023,10 bis unter 15 Jahre,f,4146
03355,2023,10 bis unter 15 Jahre,m,4335
03355,2023,55 bis unter 60 Jahre,f,7897
03355,2023,55 bis unter 60 Jahre,m,7647
03355,2023,90 bis unter 95 Jahre,f,784
03355,2023,90 bis unter 95 Jahre,m,335
03355,2023,50 bis unter 55 Jahre,m,6210
03355,2023,50 bis unter 55 Jahre,f,6535
03355,2023,95 Jahre und mehr,m,84
03355,2023,95 Jahre und mehr,f,264
03355,2023,70 bis unter 75 Jahre,m,4208
03355,2023,70 bis unter 75 Jahre,f,4864
03355,2023,25 bis unter 30 Jahre,m,5253
03355,2023,25 bis unter 30 Jahre,f,5094
03355,2023,30 bis unter 35 Jahre,f,5148
03355,2023,30 bis unter 35 Jahre,m,5449
03355,2023,15 bis unter 20 Jahre,m,4509
03355,2023,15 bis unter 20 Jahre,f,4429
01054,2023,15 bis unter 20 Jahre,m,4226
01054,2023,15 bis unter 20 Jahre,f,3867
01054,2023,75 bis unter 80 Jahre,f,4166
01054,2023,75 bis unter 80 Jahre,m,3474
01054,2023,55 bis unter 60 Jahre,m,7383
01054,2023,55 bis unter 60 Jahre,f,7953
01054,2023,40 bis unter 45 Jahre,m,4865
01054,2023,40 bis unter 45 Jahre,f,5009
01054,2023,20 bis unter 25 Jahre,f,3781
01054,2023,20 bis unter 25 Jahre,m,4366
01054,2023,60 bis unter 65 Jahre,f,7345
01054,2023,60 bis unter 65 Jahre,m,6613
01054,2023,35 bis unter 40 Jahre,f,4865
01054,2023,35 bis unter 40 Jahre,m,4978
01054,2023,unter 5 Jahre,m,3593
01054,2023,unter 5 Jahre,f,3440
01054,2023,80 bis unter 85 Jahre,m,3195
01054,2023,80 bis unter 85 Jahre,f,4221
01054,2023,90 bis unter 95 Jahre,m,378
01054,2023,90 bis unter 95 Jahre,f,870
01054,2023,45 bis unter 50 Jahre,m,4408
01054,2023,45 bis unter 50 Jahre,f,4871
01054,2023,70 bis unter 75 Jahre,m,4784
01054,2023,70 bis unter 75 Jahre,f,5290
01054,2023,50 bis unter 55 Jahre,f,6247
01054,2023,50 bis unter 55 Jahre,m,5818
01054,2023,85 bis unter 90 Jahre,f,2725
01054,2023,85 bis unter 90 Jahre,m,1674
01054,2023,5 bis unter 10 Jahre,m,3935
01054,2023,5 bis unter 10 Jahre,f,3629
01054,2023,65 bis unter 70 Jahre,f,6246
01054,2023,65 bis unter 70 Jahre,m,5522
01054,2023,25 bis unter 30 Jahre,m,4771
01054,2023,25 bis unter 30 Jahre,f,4094
01054,2023,30 bis unter 35 Jahre,f,4656
01054,2023,30 bis unter 35 Jahre,m,5045
01054,2023,10 bis unter 15 Jahre,m,3799
01054,2023,10 bis unter 15 Jahre,f,3570
01054,2023,95 Jahre und mehr,m,99
01054,2023,95 Jahre und mehr,f,277
05954,2023,80 bis unter 85 Jahre,m,5381
05954,2023,80 bis unter 85 Jahre,f,7629
05954,2023,20 bis unter 25 Jahre,m,7685
05954,2023,20 bis unter 25 Jahre,f,7056
05954,2023,35 bis unter 40 Jahre,m,9620
05954,2023,35 bis unter 40 Jahre,f,9647
05954,2023,5 bis unter 10 Jahre,f,7070
05954,2023,5 bis unter 10 Jahre,m,7505
05954,2023,75 bis unter 80 Jahre,m,5875
05954,2023,75 bis unter 80 Jahre,f,7377
05954,2023,45 bis unter 50 Jahre,f,8842
05954,2023,45 bis unter 50 Jahre,m,8174
05954,2023,60 bis unter 65 Jahre,m,12630
05954,2023,60 bis unter 65 Jahre,f,13175
05954,2023,30 bis unter 35 Jahre,f,9373
05954,2023,30 bis unter 35 Jahre,m,9552
05954,2023,85 bis unter 90 Jahre,f,5492
05954,2023,85 bis unter 90 Jahre,m,3099
05954,2023,65 bis unter 70 Jahre,f,11288
05954,2023,65 bis unter 70 Jahre,m,10136
05954,2023,55 bis unter 60 Jahre,f,14506
05954,2023,55 bis unter 60 Jahre,m,13872
05954,2023,unter 5 Jahre,m,7141
05954,2023,unter 5 Jahre,f,6736
05954,2023,90 bis unter 95 Jahre,f,1920
05954,2023,90 bis unter 95 Jahre,m,830
05954,2023,10 bis unter 15 Jahre,f,6529
05954,2023,10 bis unter 15 Jahre,m,6849
05954,2023,70 bis unter 75 Jahre,m,8170
05954,2023,70 bis unter 75 Jahre,f,9723
05954,2023,95 Jahre und mehr,f,596
05954,2023,95 Jahre und mehr,m,165
05954,2023,50 bis unter 55 Jahre,m,10608
05954,2023,50 bis unter 55 Jahre,f,11035
05954,2023,25 bis unter 30 Jahre,m,8859
05954,2023,25 bis unter 30 Jahre,f,8370
05954,2023,15 bis unter 20 Jahre,m,7095
05954,2023,15 bis unter 20 Jahre,f,6692
05954,2023,40 bis unter 45 Jahre,f,9465
05954,2023,40 bis unter 45 Jahre,m,9302
05316,2023,5 bis unter 10 Jahre,f,4089
05316,2023,5 bis unter 10 Jahre,m,4181
05316,2023,25 bis unter 30 Jahre,f,4727
05316,2023,25 bis unter 30 Jahre,m,5367
05316,2023,45 bis unter 50 Jahre,f,5035
05316,2023,45 bis unter 50 Jahre,m,5026
05316,2023,80 bis unter 85 Jahre,m,2736
05316,2023,80 bis unter 85 Jahre,f,3792
05316,2023,40 bis unter 45 Jahre,m,5345
05316,2023,40 bis unter 45 Jahre,f,5422
05316,2023,85 bis unter 90 Jahre,f,2856
05316,2023,85 bis unter 90 Jahre,m,1759
05316,2023,10 bis unter 15 Jahre,f,3940
05316,2023,10 bis unter 15 Jahre,m,4143
05316,2023,90 bis unter 95 Jahre,f,942
05316,2023,90 bis unter 95 Jahre,m,449
05316,2023,35 bis unter 40 Jahre,m,5506
05316,2023,35 bis unter 40 Jahre,f,5299
05316,2023,55 bis unter 60 Jahre,m,6967
05316,2023,55 bis unter 60 Jahre,f,7061
05316,2023,95 Jahre und mehr,f,275
05316,2023,95 Jahre und mehr,m,88
05316,2023,70 bis unter 75 Jahre,f,4215
05316,2023,70 bis unter 75 Jahre,m,3502
05316,2023,65 bis unter 70 Jahre,f,5029
05316,2023,65 bis unter 70 Jahre,m,4537
05316,2023,60 bis unter 65 Jahre,m,6179
05316,2023,60 bis unter 65 Jahre,f,6269
05316,2023,15 bis unter 20 Jahre,f,4089
05316,2023,15 bis unter 20 Jahre,m,4249
05316,2023,unter 5 Jahre,f,3780
05316,2023,unter 5 Jahre,m,3980
05316,2023,20 bis unter 25 Jahre,f,4063
05316,2023,20 bis unter 25 Jahre,m,4568
05316,2023,75 bis unter 80 Jahre,f,3437
05316,2023,75 bis unter 80 Jahre,m,2485
05316,2023,50 bis unter 55 Jahre,m,5706
05316,2023,50 bis unter 55 Jahre,f,5749
05316,2023,30 bis unter 35 Jahre,m,5695
05316,2023,30 bis unter 35 Jahre,f,5313
03157,2023,70 bis unter 75 Jahre,m,3319
03157,2023,70 bis unter 75 Jahre,f,3787
03157,2023,85 bis unter 90 Jahre,m,1338
03157,2023,85 bis unter 90 Jahre,f,2019
03157,2023,90 bis unter 95 Jahre,m,302
03157,2023,90 bis unter 95 Jahre,f,705
03157,2023,10 bis unter 15 Jahre,m,3356
03157,2023,10 bis unter 15 Jahre,f,3346
03157,2023,25 bis unter 30 Jahre,m,3510
03157,2023,25 bis unter 30 Jahre,f,3052
03157,2023,35 bis unter 40 Jahre,f,4401
03157,2023,35 bis unter 40 Jahre,m,4510
03157,2023,65 bis unter 70 Jahre,m,4216
03157,2023,65 bis unter 70 Jahre,f,4348
03157,2023,50 bis unter 55 Jahre,m,4832
03157,2023,50 bis unter 55 Jahre,f,4912
03157,2023,20 bis unter 25 Jahre,f,2964
03157,2023,20 bis unter 25 Jahre,m,3526
03157,2023,40 bis unter 45 Jahre,f,4312
03157,2023,40 bis unter 45 Jahre,m,4247
03157,2023,5 bis unter 10 Jahre,m,3702
03157,2023,5 bis unter 10 Jahre,f,3635
03157,2023,60 bis unter 65 Jahre,f,5335
03157,2023,60 bis unter 65 Jahre,m,5287
03157,2023,15 bis unter 20 Jahre,m,3563
03157,2023,15 bis unter 20 Jahre,f,3315
03157,2023,30 bis unter 35 Jahre,f,3966
03157,2023,30 bis unter 35 Jahre,m,4000
03157,2023,80 bis unter 85 Jahre,m,2211
03157,2023,80 bis unter 85 Jahre,f,2930
03157,2023,75 bis unter 80 Jahre,m,2286
03157,2023,75 bis unter 80 Jahre,f,2626
03157,2023,95 Jahre und mehr,f,219
03157,2023,95 Jahre und mehr,m,63
03157,2023,unter 5 Jahre,m,3581
03157,2023,unter 5 Jahre,f,3317
03157,2023,55 bis unter 60 Jahre,f,5844
03157,2023,55 bis unter 60 Jahre,m,6116
03157,2023,45 bis unter 50 Jahre,f,4021
03157,2023,45 bis unter 50 Jahre,m,3964
09676,2023,5 bis unter 10 Jahre,f,2955
09676,2023,5 bis unter 10 Jahre,m,3161
09676,2023,10 bis unter 15 Jahre,f,2922
09676,2023,10 bis unter 15 Jahre,m,2958
09676,2023,45 bis unter 50 Jahre,f,3847
09676,2023,45 bis unter 50 Jahre,m,3622
09676,2023,30 bis unter 35 Jahre,f,3670
09676,2023,30 bis unter 35 Jahre,m,3804
09676,2023,25 bis unter 30 Jahre,f,3057
09676,2023,25 bis unter 30 Jahre,m,3611
09676,2023,85 bis unter 90 Jahre,f,1854
09676,2023,85 bis unter 90 Jahre,m,1185
09676,2023,95 Jahre und mehr,m,51
09676,2023,95 Jahre und mehr,f,182
09676,2023,unter 5 Jahre,m,3000
09676,2023,unter 5 Jahre,f,2902
09676,2023,90 bis unter 95 Jahre,f,633
09676,2023,90 bis unter 95 Jahre,m,292
09676,2023,80 bis unter 85 Jahre,f,2643
09676,2023,80 bis unter 85 Jahre,m,1955
09676,2023,70 bis unter 75 Jahre,f,3705
09676,2023,70 bis unter 75 Jahre,m,3415
09676,2023,35 bis unter 40 Jahre,m,3993
09676,2023,35 bis unter 40 Jahre,f,3830
09676,2023,55 bis unter 60 Jahre,m,5636
09676,2023,55 bis unter 60 Jahre,f,5481
09676,2023,60 bis unter 65 Jahre,m,5230
09676,2023,60 bis unter 65 Jahre,f,5355
09676,2023,65 bis unter 70 Jahre,f,4303
09676,2023,65 bis unter 70 Jahre,m,4152
09676,2023,15 bis unter 20 Jahre,f,2848
09676,2023,15 bis unter 20 Jahre,m,3202
09676,2023,75 bis unter 80 Jahre,f,2507
09676,2023,75 bis unter 80 Jahre,m,2103
09676,2023,20 bis unter 25 Jahre,f,2779
09676,2023,20 bis unter 25 Jahre,m,3392
09676,2023,50 bis unter 55 Jahre,m,4506
09676,2023,50 bis unter 55 Jahre,f,4616
09676,2023,40 bis unter 45 Jahre,m,3885
09676,2023,40 bis unter 45 Jahre,f,3962
03159,2023,unter 5 Jahre,f,6616
03159,2023,unter 5 Jahre,m,6994
03159,2023,15 bis unter 20 Jahre,f,7182
03159,2023,15 bis unter 20 Jahre,m,7624
03159,2023,55 bis unter 60 Jahre,f,13088
03159,2023,55 bis unter 60 Jahre,m,12859
03159,2023,20 bis unter 25 Jahre,f,10483
03159,2023,20 bis unter 25 Jahre,m,10532
03159,2023,90 bis unter 95 Jahre,m,881
03159,2023,90 bis unter 95 Jahre,f,1968
03159,2023,35 bis unter 40 Jahre,f,9663
03159,2023,35 bis unter 40 Jahre,m,10372
03159,2023,30 bis unter 35 Jahre,m,11016
03159,2023,30 bis unter 35 Jahre,f,10163
03159,2023,40 bis unter 45 Jahre,m,9229
03159,2023,40 bis unter 45 Jahre,f,9363
03159,2023,50 bis unter 55 Jahre,m,10369
03159,2023,50 bis unter 55 Jahre,f,10665
03159,2023,85 bis unter 90 Jahre,m,3304
03159,2023,85 bis unter 90 Jahre,f,5232
03159,2023,60 bis unter 65 Jahre,f,13019
03159,2023,60 bis unter 65 Jahre,m,12565
03159,2023,5 bis unter 10 Jahre,m,7332
03159,2023,5 bis unter 10 Jahre,f,6968
03159,2023,25 bis unter 30 Jahre,f,11109
03159,2023,25 bis unter 30 Jahre,m,11845
03159,2023,10 bis unter 15 Jahre,f,6398
03159,2023,10 bis unter 15 Jahre,m,6856
03159,2023,70 bis unter 75 Jahre,f,9690
03159,2023,70 bis unter 75 Jahre,m,8693
03159,2023,75 bis unter 80 Jahre,m,6213
03159,2023,75 bis unter 80 Jahre,f,7180
03159,2023,45 bis unter 50 Jahre,f,8889
03159,2023,45 bis unter 50 Jahre,m,8552
03159,2023,95 Jahre und mehr,m,220
03159,2023,95 Jahre und mehr,f,726
03159,2023,80 bis unter 85 Jahre,f,7710
03159,2023,80 bis unter 85 Jahre,m,5689
03159,2023,65 bis unter 70 Jahre,m,10386
03159,2023,65 bis unter 70 Jahre,f,11014
03461,2023,40 bis unter 45 Jahre,f,2363
03461,2023,40 bis unter 45 Jahre,m,2444
03461,2023,35 bis unter 40 Jahre,m,2628
03461,2023,35 bis unter 40 Jahre,f,2497
03461,2023,unter 5 Jahre,m,2097
03461,2023,unter 5 Jahre,f,1923
03461,2023,75 bis unter 80 Jahre,f,1935
03461,2023,75 bis unter 80 Jahre,m,1783
03461,2023,80 bis unter 85 Jahre,f,2008
03461,2023,80 bis unter 85 Jahre,m,1598
03461,2023,15 bis unter 20 Jahre,m,2163
03461,2023,15 bis unter 20 Jahre,f,2075
03461,2023,60 bis unter 65 Jahre,f,3791
03461,2023,60 bis unter 65 Jahre,m,3785
03461,2023,20 bis unter 25 Jahre,m,2457
03461,2023,20 bis unter 25 Jahre,f,1972
03461,2023,55 bis unter 60 Jahre,f,4020
03461,2023,55 bis unter 60 Jahre,m,4029
03461,2023,70 bis unter 75 Jahre,m,2487
03461,2023,70 bis unter 75 Jahre,f,2690
03461,2023,90 bis unter 95 Jahre,m,220
03461,2023,90 bis unter 95 Jahre,f,471
03461,2023,10 bis unter 15 Jahre,f,1907
03461,2023,10 bis unter 15 Jahre,m,2033
03461,2023,45 bis unter 50 Jahre,m,2444
03461,2023,45 bis unter 50 Jahre,f,2464
03461,2023,65 bis unter 70 Jahre,f,3110
03461,2023,65 bis unter 70 Jahre,m,3065
03461,2023,5 bis unter 10 Jahre,m,2116
03461,2023,5 bis unter 10 Jahre,f,2058
03461,2023,50 bis unter 55 Jahre,f,3143
03461,2023,50 bis unter 55 Jahre,m,3130
03461,2023,85 bis unter 90 Jahre,f,1428
03461,2023,85 bis unter 90 Jahre,m,871
03461,2023,30 bis unter 35 Jahre,f,2613
03461,2023,30 bis unter 35 Jahre,m,2717
03461,2023,95 Jahre und mehr,f,158
03461,2023,95 Jahre und mehr,m,40
03461,2023,25 bis unter 30 Jahre,m,2439
03461,2023,25 bis unter 30 Jahre,f,2144
09779,2023,10 bis unter 15 Jahre,f,3115
09779,2023,10 bis unter 15 Jahre,m,3326
09779,2023,25 bis unter 30 Jahre,f,3481
09779,2023,25 bis unter 30 Jahre,m,4087
09779,2023,95 Jahre und mehr,m,55
09779,2023,95 Jahre und mehr,f,187
09779,2023,30 bis unter 35 Jahre,f,4035
09779,2023,30 bis unter 35 Jahre,m,4469
09779,2023,65 bis unter 70 Jahre,f,4232
09779,2023,65 bis unter 70 Jahre,m,4230
09779,2023,50 bis unter 55 Jahre,f,4576
09779,2023,50 bis unter 55 Jahre,m,4789
09779,2023,45 bis unter 50 Jahre,f,4059
09779,2023,45 bis unter 50 Jahre,m,4296
09779,2023,5 bis unter 10 Jahre,m,3466
09779,2023,5 bis unter 10 Jahre,f,3137
09779,2023,85 bis unter 90 Jahre,f,1763
09779,2023,85 bis unter 90 Jahre,m,1088
09779,2023,55 bis unter 60 Jahre,m,5661
09779,2023,55 bis unter 60 Jahre,f,5383
09779,2023,90 bis unter 95 Jahre,f,647
09779,2023,90 bis unter 95 Jahre,m,278
09779,2023,60 bis unter 65 Jahre,m,5251
09779,2023,60 bis unter 65 Jahre,f,5218
09779,2023,70 bis unter 75 Jahre,f,3445
09779,2023,70 bis unter 75 Jahre,m,3348
09779,2023,80 bis unter 85 Jahre,m,2056
09779,2023,80 bis unter 85 Jahre,f,2590
09779,2023,35 bis unter 40 Jahre,m,4697
09779,2023,35 bis unter 40 Jahre,f,4153
09779,2023,unter 5 Jahre,f,3362
09779,2023,unter 5 Jahre,m,3472
09779,2023,15 bis unter 20 Jahre,f,3100
09779,2023,15 bis unter 20 Jahre,m,3430
09779,2023,20 bis unter 25 Jahre,f,3131
09779,2023,20 bis unter 25 Jahre,m,3686
09779,2023,75 bis unter 80 Jahre,f,2531
09779,2023,75 bis unter 80 Jahre,m,2196
09779,2023,40 bis unter 45 Jahre,m,4493
09779,2023,40 bis unter 45 Jahre,f,4158
08236,2023,35 bis unter 40 Jahre,m,6419
08236,2023,35 bis unter 40 Jahre,f,6250
08236,2023,20 bis unter 25 Jahre,m,5495
08236,2023,20 bis unter 25 Jahre,f,4548
08236,2023,80 bis unter 85 Jahre,f,4284
08236,2023,80 bis unter 85 Jahre,m,3227
08236,2023,15 bis unter 20 Jahre,m,5035
08236,2023,15 bis unter 20 Jahre,f,4691
08236,2023,60 bis unter 65 Jahre,f,8092
08236,2023,60 bis unter 65 Jahre,m,7965
08236,2023,unter 5 Jahre,m,5102
08236,2023,unter 5 Jahre,f,5019
08236,2023,40 bis unter 45 Jahre,f,6317
08236,2023,40 bis unter 45 Jahre,m,6287
08236,2023,75 bis unter 80 Jahre,m,3382
08236,2023,75 bis unter 80 Jahre,f,3982
08236,2023,55 bis unter 60 Jahre,f,8556
08236,2023,55 bis unter 60 Jahre,m,8524
08236,2023,90 bis unter 95 Jahre,m,536
08236,2023,90 bis unter 95 Jahre,f,1128
08236,2023,65 bis unter 70 Jahre,f,6385
08236,2023,65 bis unter 70 Jahre,m,6164
08236,2023,10 bis unter 15 Jahre,f,4620
08236,2023,10 bis unter 15 Jahre,m,4823
08236,2023,45 bis unter 50 Jahre,m,5653
08236,2023,45 bis unter 50 Jahre,f,5573
08236,2023,95 Jahre und mehr,m,96
08236,2023,95 Jahre und mehr,f,289
08236,2023,25 bis unter 30 Jahre,m,5531
08236,2023,25 bis unter 30 Jahre,f,4819
08236,2023,30 bis unter 35 Jahre,m,6199
08236,2023,30 bis unter 35 Jahre,f,5838
08236,2023,85 bis unter 90 Jahre,m,1902
08236,2023,85 bis unter 90 Jahre,f,3011
08236,2023,50 bis unter 55 Jahre,m,6754
08236,2023,50 bis unter 55 Jahre,f,6893
08236,2023,70 bis unter 75 Jahre,m,4745
08236,2023,70 bis unter 75 Jahre,f,5386
08236,2023,5 bis unter 10 Jahre,f,5151
08236,2023,5 bis unter 10 Jahre,m,5207
03403,2023,10 bis unter 15 Jahre,f,3633
03403,2023,10 bis unter 15 Jahre,m,3785
03403,2023,65 bis unter 70 Jahre,f,5299
03403,2023,65 bis unter 70 Jahre,m,4512
03403,2023,5 bis unter 10 Jahre,m,3956
03403,2023,5 bis unter 10 Jahre,f,3736
03403,2023,50 bis unter 55 Jahre,f,5712
03403,2023,50 bis unter 55 Jahre,m,5469
03403,2023,45 bis unter 50 Jahre,f,5022
03403,2023,45 bis unter 50 Jahre,m,4705
03403,2023,25 bis unter 30 Jahre,f,7754
03403,2023,25 bis unter 30 Jahre,m,7728
03403,2023,30 bis unter 35 Jahre,f,6434
03403,2023,30 bis unter 35 Jahre,m,7150
03403,2023,90 bis unter 95 Jahre,f,798
03403,2023,90 bis unter 95 Jahre,m,336
03403,2023,95 Jahre und mehr,f,292
03403,2023,95 Jahre und mehr,m,54
03403,2023,85 bis unter 90 Jahre,m,1298
03403,2023,85 bis unter 90 Jahre,f,2290
03403,2023,75 bis unter 80 Jahre,m,2696
03403,2023,75 bis unter 80 Jahre,f,3431
03403,2023,80 bis unter 85 Jahre,m,2474
03403,2023,80 bis unter 85 Jahre,f,3528
03403,2023,55 bis unter 60 Jahre,m,6531
03403,2023,55 bis unter 60 Jahre,f,6970
03403,2023,unter 5 Jahre,m,3856
03403,2023,unter 5 Jahre,f,3648
03403,2023,20 bis unter 25 Jahre,f,6778
03403,2023,20 bis unter 25 Jahre,m,5995
03403,2023,15 bis unter 20 Jahre,f,3936
03403,2023,15 bis unter 20 Jahre,m,4179
03403,2023,35 bis unter 40 Jahre,m,5920
03403,2023,35 bis unter 40 Jahre,f,5618
03403,2023,70 bis unter 75 Jahre,m,3654
03403,2023,70 bis unter 75 Jahre,f,4460
03403,2023,40 bis unter 45 Jahre,f,5263
03403,2023,40 bis unter 45 Jahre,m,5249
03403,2023,60 bis unter 65 Jahre,m,5675
03403,2023,60 bis unter 65 Jahre,f,6418
07316,2023,40 bis unter 45 Jahre,f,1567
07316,2023,40 bis unter 45 Jahre,m,1500
07316,2023,15 bis unter 20 Jahre,m,1314
07316,2023,15 bis unter 20 Jahre,f,1124
07316,2023,60 bis unter 65 Jahre,f,2347
07316,2023,60 bis unter 65 Jahre,m,2130
07316,2023,35 bis unter 40 Jahre,m,1682
07316,2023,35 bis unter 40 Jahre,f,1576
07316,2023,80 bis unter 85 Jahre,f,1382
07316,2023,80 bis unter 85 Jahre,m,917
07316,2023,75 bis unter 80 Jahre,f,1138
07316,2023,75 bis unter 80 Jahre,m,919
07316,2023,unter 5 Jahre,m,1263
07316,2023,unter 5 Jahre,f,1117
07316,2023,95 Jahre und mehr,m,46
07316,2023,95 Jahre und mehr,f,122
07316,2023,20 bis unter 25 Jahre,f,1133
07316,2023,20 bis unter 25 Jahre,m,1219
07316,2023,5 bis unter 10 Jahre,f,1241
07316,2023,5 bis unter 10 Jahre,m,1348
07316,2023,25 bis unter 30 Jahre,f,1349
07316,2023,25 bis unter 30 Jahre,m,1341
07316,2023,30 bis unter 35 Jahre,m,1635
07316,2023,30 bis unter 35 Jahre,f,1652
07316,2023,85 bis unter 90 Jahre,m,588
07316,2023,85 bis unter 90 Jahre,f,968
07316,2023,50 bis unter 55 Jahre,f,1739
07316,2023,50 bis unter 55 Jahre,m,1616
07316,2023,70 bis unter 75 Jahre,f,1690
07316,2023,70 bis unter 75 Jahre,m,1438
07316,2023,10 bis unter 15 Jahre,f,1092
07316,2023,10 bis unter 15 Jahre,m,1175
07316,2023,65 bis unter 70 Jahre,m,1849
07316,2023,65 bis unter 70 Jahre,f,1892
07316,2023,45 bis unter 50 Jahre,f,1377
07316,2023,45 bis unter 50 Jahre,m,1293
07316,2023,90 bis unter 95 Jahre,m,202
07316,2023,90 bis unter 95 Jahre,f,335
07316,2023,55 bis unter 60 Jahre,m,2140
07316,2023,55 bis unter 60 Jahre,f,2253
08315,2023,80 bis unter 85 Jahre,m,4644
08315,2023,80 bis unter 85 Jahre,f,5953
08315,2023,60 bis unter 65 Jahre,m,10200
08315,2023,60 bis unter 65 Jahre,f,10714
08315,2023,25 bis unter 30 Jahre,f,6962
08315,2023,25 bis unter 30 Jahre,m,7812
08315,2023,5 bis unter 10 Jahre,f,6752
08315,2023,5 bis unter 10 Jahre,m,6976
08315,2023,40 bis unter 45 Jahre,m,8211
08315,2023,40 bis unter 45 Jahre,f,8548
08315,2023,20 bis unter 25 Jahre,m,7108
08315,2023,20 bis unter 25 Jahre,f,6124
08315,2023,65 bis unter 70 Jahre,f,9056
08315,2023,65 bis unter 70 Jahre,m,8340
08315,2023,75 bis unter 80 Jahre,f,5502
08315,2023,75 bis unter 80 Jahre,m,4857
08315,2023,30 bis unter 35 Jahre,f,8046
08315,2023,30 bis unter 35 Jahre,m,8593
08315,2023,55 bis unter 60 Jahre,m,11111
08315,2023,55 bis unter 60 Jahre,f,11454
08315,2023,95 Jahre und mehr,m,172
08315,2023,95 Jahre und mehr,f,454
08315,2023,10 bis unter 15 Jahre,f,6365
08315,2023,10 bis unter 15 Jahre,m,6834
08315,2023,unter 5 Jahre,m,6829
08315,2023,unter 5 Jahre,f,6487
08315,2023,85 bis unter 90 Jahre,f,3965
08315,2023,85 bis unter 90 Jahre,m,2757
08315,2023,90 bis unter 95 Jahre,m,774
08315,2023,90 bis unter 95 Jahre,f,1390
08315,2023,45 bis unter 50 Jahre,m,7660
08315,2023,45 bis unter 50 Jahre,f,7887
08315,2023,70 bis unter 75 Jahre,m,6984
08315,2023,70 bis unter 75 Jahre,f,7905
08315,2023,15 bis unter 20 Jahre,f,6474
08315,2023,15 bis unter 20 Jahre,m,7034
08315,2023,50 bis unter 55 Jahre,f,9292
08315,2023,50 bis unter 55 Jahre,m,8739
08315,2023,35 bis unter 40 Jahre,m,8539
08315,2023,35 bis unter 40 Jahre,f,8473
05512,2023,65 bis unter 70 Jahre,m,4015
05512,2023,65 bis unter 70 Jahre,f,4403
05512,2023,50 bis unter 55 Jahre,m,3982
05512,2023,50 bis unter 55 Jahre,f,4079
05512,2023,10 bis unter 15 Jahre,m,2684
05512,2023,10 bis unter 15 Jahre,f,2493
05512,2023,90 bis unter 95 Jahre,f,732
05512,2023,90 bis unter 95 Jahre,m,297
05512,2023,30 bis unter 35 Jahre,m,3837
05512,2023,30 bis unter 35 Jahre,f,3675
05512,2023,70 bis unter 75 Jahre,f,3785
05512,2023,70 bis unter 75 Jahre,m,3117
05512,2023,25 bis unter 30 Jahre,m,3297
05512,2023,25 bis unter 30 Jahre,f,3077
05512,2023,20 bis unter 25 Jahre,f,2678
05512,2023,20 bis unter 25 Jahre,m,3069
05512,2023,85 bis unter 90 Jahre,f,2032
05512,2023,85 bis unter 90 Jahre,m,983
05512,2023,15 bis unter 20 Jahre,f,2575
05512,2023,15 bis unter 20 Jahre,m,2733
05512,2023,5 bis unter 10 Jahre,m,2887
05512,2023,5 bis unter 10 Jahre,f,2730
05512,2023,40 bis unter 45 Jahre,f,3652
05512,2023,40 bis unter 45 Jahre,m,3644
05512,2023,75 bis unter 80 Jahre,m,2002
05512,2023,75 bis unter 80 Jahre,f,2542
05512,2023,55 bis unter 60 Jahre,m,4893
05512,2023,55 bis unter 60 Jahre,f,5097
05512,2023,60 bis unter 65 Jahre,m,4537
05512,2023,60 bis unter 65 Jahre,f,4926
05512,2023,95 Jahre und mehr,f,223
05512,2023,95 Jahre und mehr,m,55
05512,2023,80 bis unter 85 Jahre,m,1744
05512,2023,80 bis unter 85 Jahre,f,2522
05512,2023,unter 5 Jahre,m,2790
05512,2023,unter 5 Jahre,f,2704
05512,2023,45 bis unter 50 Jahre,f,3433
05512,2023,45 bis unter 50 Jahre,m,3377
05512,2023,35 bis unter 40 Jahre,f,3730
05512,2023,35 bis unter 40 Jahre,m,3881
08337,2023,60 bis unter 65 Jahre,f,6797
08337,2023,60 bis unter 65 Jahre,m,6582
08337,2023,75 bis unter 80 Jahre,f,3314
08337,2023,75 bis unter 80 Jahre,m,2843
08337,2023,15 bis unter 20 Jahre,m,4595
08337,2023,15 bis unter 20 Jahre,f,4277
08337,2023,80 bis unter 85 Jahre,f,3477
08337,2023,80 bis unter 85 Jahre,m,2623
08337,2023,35 bis unter 40 Jahre,m,5538
08337,2023,35 bis unter 40 Jahre,f,5589
08337,2023,55 bis unter 60 Jahre,m,6892
08337,2023,55 bis unter 60 Jahre,f,6937
08337,2023,20 bis unter 25 Jahre,f,3800
08337,2023,20 bis unter 25 Jahre,m,4451
08337,2023,unter 5 Jahre,m,4140
08337,2023,unter 5 Jahre,f,4043
08337,2023,90 bis unter 95 Jahre,m,434
08337,2023,90 bis unter 95 Jahre,f,877
08337,2023,45 bis unter 50 Jahre,m,4845
08337,2023,45 bis unter 50 Jahre,f,4905
08337,2023,95 Jahre und mehr,m,96
08337,2023,95 Jahre und mehr,f,271
08337,2023,70 bis unter 75 Jahre,m,4483
08337,2023,70 bis unter 75 Jahre,f,4922
08337,2023,50 bis unter 55 Jahre,f,5695
08337,2023,50 bis unter 55 Jahre,m,5511
08337,2023,5 bis unter 10 Jahre,m,4776
08337,2023,5 bis unter 10 Jahre,f,4477
08337,2023,85 bis unter 90 Jahre,f,2427
08337,2023,85 bis unter 90 Jahre,m,1513
08337,2023,65 bis unter 70 Jahre,f,5910
08337,2023,65 bis unter 70 Jahre,m,5419
08337,2023,25 bis unter 30 Jahre,m,4803
08337,2023,25 bis unter 30 Jahre,f,4286
08337,2023,10 bis unter 15 Jahre,f,4347
08337,2023,10 bis unter 15 Jahre,m,4404
08337,2023,30 bis unter 35 Jahre,f,5107
08337,2023,30 bis unter 35 Jahre,m,5451
08337,2023,40 bis unter 45 Jahre,m,5419
08337,2023,40 bis unter 45 Jahre,f,5501
05558,2023,60 bis unter 65 Jahre,m,9110
05558,2023,60 bis unter 65 Jahre,f,9666
05558,2023,80 bis unter 85 Jahre,m,3338
05558,2023,80 bis unter 85 Jahre,f,4636
05558,2023,75 bis unter 80 Jahre,m,3926
05558,2023,75 bis unter 80 Jahre,f,4297
05558,2023,25 bis unter 30 Jahre,f,5406
05558,2023,25 bis unter 30 Jahre,m,6240
05558,2023,55 bis unter 60 Jahre,m,9851
05558,2023,55 bis unter 60 Jahre,f,10305
05558,2023,40 bis unter 45 Jahre,m,6939
05558,2023,40 bis unter 45 Jahre,f,6804
05558,2023,10 bis unter 15 Jahre,f,4984
05558,2023,10 bis unter 15 Jahre,m,5330
05558,2023,15 bis unter 20 Jahre,m,5735
05558,2023,15 bis unter 20 Jahre,f,5395
05558,2023,unter 5 Jahre,m,5545
05558,2023,unter 5 Jahre,f,5449
05558,2023,70 bis unter 75 Jahre,f,6484
05558,2023,70 bis unter 75 Jahre,m,5991
05558,2023,65 bis unter 70 Jahre,f,7994
05558,2023,65 bis unter 70 Jahre,m,7427
05558,2023,45 bis unter 50 Jahre,f,6432
05558,2023,45 bis unter 50 Jahre,m,6395
05558,2023,35 bis unter 40 Jahre,m,7194
05558,2023,35 bis unter 40 Jahre,f,7084
05558,2023,90 bis unter 95 Jahre,f,1290
05558,2023,90 bis unter 95 Jahre,m,521
05558,2023,50 bis unter 55 Jahre,m,7540
05558,2023,50 bis unter 55 Jahre,f,7885
05558,2023,30 bis unter 35 Jahre,f,6294
05558,2023,30 bis unter 35 Jahre,m,6777
05558,2023,20 bis unter 25 Jahre,f,4751
05558,2023,20 bis unter 25 Jahre,m,5995
05558,2023,85 bis unter 90 Jahre,f,3220
05558,2023,85 bis unter 90 Jahre,m,1893
05558,2023,95 Jahre und mehr,m,95
05558,2023,95 Jahre und mehr,f,379
05558,2023,5 bis unter 10 Jahre,m,5804
05558,2023,5 bis unter 10 Jahre,f,5816
01057,2023,50 bis unter 55 Jahre,m,4427
01057,2023,50 bis unter 55 Jahre,f,4905
01057,2023,85 bis unter 90 Jahre,m,1565
01057,2023,85 bis unter 90 Jahre,f,2381
01057,2023,90 bis unter 95 Jahre,m,362
01057,2023,90 bis unter 95 Jahre,f,749
01057,2023,70 bis unter 75 Jahre,m,3675
01057,2023,70 bis unter 75 Jahre,f,4245
01057,2023,65 bis unter 70 Jahre,m,4327
01057,2023,65 bis unter 70 Jahre,f,4740
01057,2023,10 bis unter 15 Jahre,m,2957
01057,2023,10 bis unter 15 Jahre,f,2960
01057,2023,25 bis unter 30 Jahre,m,2684
01057,2023,25 bis unter 30 Jahre,f,2496
01057,2023,30 bis unter 35 Jahre,f,3369
01057,2023,30 bis unter 35 Jahre,m,3231
01057,2023,95 Jahre und mehr,f,251
01057,2023,95 Jahre und mehr,m,76
01057,2023,60 bis unter 65 Jahre,f,5762
01057,2023,60 bis unter 65 Jahre,m,5350
01057,2023,15 bis unter 20 Jahre,m,3157
01057,2023,15 bis unter 20 Jahre,f,3031
01057,2023,40 bis unter 45 Jahre,f,3949
01057,2023,40 bis unter 45 Jahre,m,3570
01057,2023,35 bis unter 40 Jahre,f,3755
01057,2023,35 bis unter 40 Jahre,m,3501
01057,2023,5 bis unter 10 Jahre,m,3098
01057,2023,5 bis unter 10 Jahre,f,3031
01057,2023,20 bis unter 25 Jahre,m,2813
01057,2023,20 bis unter 25 Jahre,f,2277
01057,2023,80 bis unter 85 Jahre,f,3788
01057,2023,80 bis unter 85 Jahre,m,2911
01057,2023,45 bis unter 50 Jahre,f,3766
01057,2023,45 bis unter 50 Jahre,m,3504
01057,2023,75 bis unter 80 Jahre,m,2969
01057,2023,75 bis unter 80 Jahre,f,3517
01057,2023,55 bis unter 60 Jahre,f,6212
01057,2023,55 bis unter 60 Jahre,m,5973
01057,2023,unter 5 Jahre,m,2699
01057,2023,unter 5 Jahre,f,2602
07312,2023,50 bis unter 55 Jahre,m,2943
07312,2023,50 bis unter 55 Jahre,f,3061
07312,2023,85 bis unter 90 Jahre,m,812
07312,2023,85 bis unter 90 Jahre,f,1382
07312,2023,90 bis unter 95 Jahre,m,228
07312,2023,90 bis unter 95 Jahre,f,516
07312,2023,70 bis unter 75 Jahre,m,2347
07312,2023,70 bis unter 75 Jahre,f,2745
07312,2023,65 bis unter 70 Jahre,m,2883
07312,2023,65 bis unter 70 Jahre,f,3211
07312,2023,45 bis unter 50 Jahre,m,2550
07312,2023,45 bis unter 50 Jahre,f,2736
07312,2023,15 bis unter 20 Jahre,f,2111
07312,2023,15 bis unter 20 Jahre,m,2357
07312,2023,30 bis unter 35 Jahre,m,4465
07312,2023,30 bis unter 35 Jahre,f,3366
07312,2023,unter 5 Jahre,f,2110
07312,2023,unter 5 Jahre,m,2174
07312,2023,5 bis unter 10 Jahre,m,2130
07312,2023,5 bis unter 10 Jahre,f,2111
07312,2023,75 bis unter 80 Jahre,f,1997
07312,2023,75 bis unter 80 Jahre,m,1448
07312,2023,20 bis unter 25 Jahre,f,3128
07312,2023,20 bis unter 25 Jahre,m,3824
07312,2023,10 bis unter 15 Jahre,f,2018
07312,2023,10 bis unter 15 Jahre,m,2105
07312,2023,40 bis unter 45 Jahre,f,2873
07312,2023,40 bis unter 45 Jahre,m,2886
07312,2023,95 Jahre und mehr,f,165
07312,2023,95 Jahre und mehr,m,42
07312,2023,60 bis unter 65 Jahre,m,3559
07312,2023,60 bis unter 65 Jahre,f,3734
07312,2023,25 bis unter 30 Jahre,f,3899
07312,2023,25 bis unter 30 Jahre,m,5487
07312,2023,55 bis unter 60 Jahre,m,3597
07312,2023,55 bis unter 60 Jahre,f,3508
07312,2023,80 bis unter 85 Jahre,m,1509
07312,2023,80 bis unter 85 Jahre,f,2180
07312,2023,35 bis unter 40 Jahre,f,2992
07312,2023,35 bis unter 40 Jahre,m,3382
03241,2023,90 bis unter 95 Jahre,m,2770
03241,2023,90 bis unter 95 Jahre,f,6328
03241,2023,95 Jahre und mehr,f,2206
03241,2023,95 Jahre und mehr,m,636
03241,2023,85 bis unter 90 Jahre,m,10978
03241,2023,85 bis unter 90 Jahre,f,18470
03241,2023,55 bis unter 60 Jahre,f,44977
03241,2023,55 bis unter 60 Jahre,m,45440
03241,2023,40 bis unter 45 Jahre,f,37424
03241,2023,40 bis unter 45 Jahre,m,36147
03241,2023,70 bis unter 75 Jahre,m,25054
03241,2023,70 bis unter 75 Jahre,f,29616
03241,2023,30 bis unter 35 Jahre,m,39825
03241,2023,30 bis unter 35 Jahre,f,37114
03241,2023,unter 5 Jahre,f,25226
03241,2023,unter 5 Jahre,m,26376
03241,2023,15 bis unter 20 Jahre,f,26095
03241,2023,15 bis unter 20 Jahre,m,27777
03241,2023,45 bis unter 50 Jahre,m,33548
03241,2023,45 bis unter 50 Jahre,f,34433
03241,2023,35 bis unter 40 Jahre,m,37715
03241,2023,35 bis unter 40 Jahre,f,37199
03241,2023,80 bis unter 85 Jahre,f,26000
03241,2023,80 bis unter 85 Jahre,m,18232
03241,2023,25 bis unter 30 Jahre,m,39580
03241,2023,25 bis unter 30 Jahre,f,36752
03241,2023,60 bis unter 65 Jahre,f,41140
03241,2023,60 bis unter 65 Jahre,m,39953
03241,2023,5 bis unter 10 Jahre,m,27753
03241,2023,5 bis unter 10 Jahre,f,26462
03241,2023,50 bis unter 55 Jahre,f,37893
03241,2023,50 bis unter 55 Jahre,m,37577
03241,2023,65 bis unter 70 Jahre,f,34041
03241,2023,65 bis unter 70 Jahre,m,30982
03241,2023,10 bis unter 15 Jahre,m,26486
03241,2023,10 bis unter 15 Jahre,f,25123
03241,2023,20 bis unter 25 Jahre,m,32245
03241,2023,20 bis unter 25 Jahre,f,31419
03241,2023,75 bis unter 80 Jahre,f,23492
03241,2023,75 bis unter 80 Jahre,m,18459
05334,2023,90 bis unter 95 Jahre,m,1379
05334,2023,90 bis unter 95 Jahre,f,3047
05334,2023,65 bis unter 70 Jahre,m,16677
05334,2023,65 bis unter 70 Jahre,f,17737
05334,2023,35 bis unter 40 Jahre,f,17384
05334,2023,35 bis unter 40 Jahre,m,19003
05334,2023,10 bis unter 15 Jahre,m,12444
05334,2023,10 bis unter 15 Jahre,f,11958
05334,2023,50 bis unter 55 Jahre,m,18010
05334,2023,50 bis unter 55 Jahre,f,18233
05334,2023,20 bis unter 25 Jahre,f,19649
05334,2023,20 bis unter 25 Jahre,m,26249
05334,2023,95 Jahre und mehr,f,881
05334,2023,95 Jahre und mehr,m,255
05334,2023,85 bis unter 90 Jahre,f,8173
05334,2023,85 bis unter 90 Jahre,m,4947
05334,2023,5 bis unter 10 Jahre,m,12953
05334,2023,5 bis unter 10 Jahre,f,12710
05334,2023,15 bis unter 20 Jahre,m,14839
05334,2023,15 bis unter 20 Jahre,f,13548
05334,2023,60 bis unter 65 Jahre,f,20441
05334,2023,60 bis unter 65 Jahre,m,20568
05334,2023,30 bis unter 35 Jahre,f,18822
05334,2023,30 bis unter 35 Jahre,m,22126
05334,2023,40 bis unter 45 Jahre,f,16877
05334,2023,40 bis unter 45 Jahre,m,16969
05334,2023,80 bis unter 85 Jahre,m,8109
05334,2023,80 bis unter 85 Jahre,f,11703
05334,2023,25 bis unter 30 Jahre,f,20560
05334,2023,25 bis unter 30 Jahre,m,27297
05334,2023,75 bis unter 80 Jahre,m,9308
05334,2023,75 bis unter 80 Jahre,f,11322
05334,2023,unter 5 Jahre,m,12784
05334,2023,unter 5 Jahre,f,12157
05334,2023,70 bis unter 75 Jahre,f,15215
05334,2023,70 bis unter 75 Jahre,m,13036
05334,2023,45 bis unter 50 Jahre,f,15436
05334,2023,45 bis unter 50 Jahre,m,15488
05334,2023,55 bis unter 60 Jahre,m,22126
05334,2023,55 bis unter 60 Jahre,f,22043
09175,2023,95 Jahre und mehr,f,208
09175,2023,95 Jahre und mehr,m,66
09175,2023,60 bis unter 65 Jahre,m,5027
09175,2023,60 bis unter 65 Jahre,f,5064
09175,2023,20 bis unter 25 Jahre,m,3904
09175,2023,20 bis unter 25 Jahre,f,3331
09175,2023,40 bis unter 45 Jahre,m,4996
09175,2023,40 bis unter 45 Jahre,f,5210
09175,2023,25 bis unter 30 Jahre,f,3426
09175,2023,25 bis unter 30 Jahre,m,4048
09175,2023,55 bis unter 60 Jahre,m,6199
09175,2023,55 bis unter 60 Jahre,f,6049
09175,2023,80 bis unter 85 Jahre,m,2334
09175,2023,80 bis unter 85 Jahre,f,3095
09175,2023,45 bis unter 50 Jahre,f,4825
09175,2023,45 bis unter 50 Jahre,m,4821
09175,2023,35 bis unter 40 Jahre,f,4771
09175,2023,35 bis unter 40 Jahre,m,4649
09175,2023,15 bis unter 20 Jahre,m,3941
09175,2023,15 bis unter 20 Jahre,f,3509
09175,2023,70 bis unter 75 Jahre,f,3125
09175,2023,70 bis unter 75 Jahre,m,2713
09175,2023,85 bis unter 90 Jahre,m,1237
09175,2023,85 bis unter 90 Jahre,f,1813
09175,2023,50 bis unter 55 Jahre,m,5383
09175,2023,50 bis unter 55 Jahre,f,5207
09175,2023,65 bis unter 70 Jahre,m,3577
09175,2023,65 bis unter 70 Jahre,f,3699
09175,2023,90 bis unter 95 Jahre,m,344
09175,2023,90 bis unter 95 Jahre,f,690
09175,2023,5 bis unter 10 Jahre,m,3951
09175,2023,5 bis unter 10 Jahre,f,3838
09175,2023,unter 5 Jahre,f,3503
09175,2023,unter 5 Jahre,m,3768
09175,2023,30 bis unter 35 Jahre,m,4248
09175,2023,30 bis unter 35 Jahre,f,3987
09175,2023,75 bis unter 80 Jahre,f,2693
09175,2023,75 bis unter 80 Jahre,m,2268
09175,2023,10 bis unter 15 Jahre,f,3619
09175,2023,10 bis unter 15 Jahre,m,3875
07141,2023,unter 5 Jahre,f,2652
07141,2023,unter 5 Jahre,m,2916
07141,2023,15 bis unter 20 Jahre,f,2820
07141,2023,15 bis unter 20 Jahre,m,3022
07141,2023,55 bis unter 60 Jahre,f,5379
07141,2023,55 bis unter 60 Jahre,m,5405
07141,2023,90 bis unter 95 Jahre,m,313
07141,2023,90 bis unter 95 Jahre,f,660
07141,2023,35 bis unter 40 Jahre,f,3820
07141,2023,35 bis unter 40 Jahre,m,4027
07141,2023,20 bis unter 25 Jahre,f,2562
07141,2023,20 bis unter 25 Jahre,m,2952
07141,2023,30 bis unter 35 Jahre,m,3750
07141,2023,30 bis unter 35 Jahre,f,3580
07141,2023,40 bis unter 45 Jahre,m,3942
07141,2023,40 bis unter 45 Jahre,f,3937
07141,2023,85 bis unter 90 Jahre,m,1169
07141,2023,85 bis unter 90 Jahre,f,1905
07141,2023,50 bis unter 55 Jahre,m,4265
07141,2023,50 bis unter 55 Jahre,f,4191
07141,2023,60 bis unter 65 Jahre,f,5259
07141,2023,60 bis unter 65 Jahre,m,5248
07141,2023,5 bis unter 10 Jahre,m,3084
07141,2023,5 bis unter 10 Jahre,f,3037
07141,2023,25 bis unter 30 Jahre,f,2896
07141,2023,25 bis unter 30 Jahre,m,3288
07141,2023,10 bis unter 15 Jahre,f,2690
07141,2023,10 bis unter 15 Jahre,m,2943
07141,2023,95 Jahre und mehr,f,218
07141,2023,95 Jahre und mehr,m,55
07141,2023,70 bis unter 75 Jahre,f,4128
07141,2023,70 bis unter 75 Jahre,m,3507
07141,2023,75 bis unter 80 Jahre,m,2317
07141,2023,75 bis unter 80 Jahre,f,2720
07141,2023,45 bis unter 50 Jahre,f,3617
07141,2023,45 bis unter 50 Jahre,m,3583
07141,2023,80 bis unter 85 Jahre,f,2737
07141,2023,80 bis unter 85 Jahre,m,1990
07141,2023,65 bis unter 70 Jahre,m,4211
07141,2023,65 bis unter 70 Jahre,f,4488
05315,2023,70 bis unter 75 Jahre,m,18148
05315,2023,70 bis unter 75 Jahre,f,23016
05315,2023,90 bis unter 95 Jahre,m,2076
05315,2023,90 bis unter 95 Jahre,f,4456
05315,2023,50 bis unter 55 Jahre,m,35070
05315,2023,50 bis unter 55 Jahre,f,34413
05315,2023,15 bis unter 20 Jahre,f,22242
05315,2023,15 bis unter 20 Jahre,m,23388
05315,2023,35 bis unter 40 Jahre,f,37908
05315,2023,35 bis unter 40 Jahre,m,37970
05315,2023,65 bis unter 70 Jahre,m,23561
05315,2023,65 bis unter 70 Jahre,f,26034
05315,2023,30 bis unter 35 Jahre,m,43314
05315,2023,30 bis unter 35 Jahre,f,43567
05315,2023,unter 5 Jahre,f,22545
05315,2023,unter 5 Jahre,m,23632
05315,2023,95 Jahre und mehr,m,457
05315,2023,95 Jahre und mehr,f,1379
05315,2023,75 bis unter 80 Jahre,f,18494
05315,2023,75 bis unter 80 Jahre,m,14068
05315,2023,40 bis unter 45 Jahre,f,36030
05315,2023,40 bis unter 45 Jahre,m,34654
05315,2023,5 bis unter 10 Jahre,m,23960
05315,2023,5 bis unter 10 Jahre,f,22607
05315,2023,20 bis unter 25 Jahre,f,33204
05315,2023,20 bis unter 25 Jahre,m,29409
05315,2023,85 bis unter 90 Jahre,f,12349
05315,2023,85 bis unter 90 Jahre,m,7495
05315,2023,10 bis unter 15 Jahre,m,22904
05315,2023,10 bis unter 15 Jahre,f,21478
05315,2023,80 bis unter 85 Jahre,m,13348
05315,2023,80 bis unter 85 Jahre,f,18238
05315,2023,25 bis unter 30 Jahre,f,44748
05315,2023,25 bis unter 30 Jahre,m,41062
05315,2023,55 bis unter 60 Jahre,m,39219
05315,2023,55 bis unter 60 Jahre,f,37929
05315,2023,60 bis unter 65 Jahre,f,32553
05315,2023,60 bis unter 65 Jahre,m,31729
05315,2023,45 bis unter 50 Jahre,m,32586
05315,2023,45 bis unter 50 Jahre,f,33168
07332,2023,5 bis unter 10 Jahre,f,3149
07332,2023,5 bis unter 10 Jahre,m,3056
07332,2023,60 bis unter 65 Jahre,m,6029
07332,2023,60 bis unter 65 Jahre,f,6076
07332,2023,80 bis unter 85 Jahre,m,2413
07332,2023,80 bis unter 85 Jahre,f,3145
07332,2023,25 bis unter 30 Jahre,f,2909
07332,2023,25 bis unter 30 Jahre,m,3158
07332,2023,45 bis unter 50 Jahre,f,3783
07332,2023,45 bis unter 50 Jahre,m,3741
07332,2023,40 bis unter 45 Jahre,m,3966
07332,2023,40 bis unter 45 Jahre,f,4189
07332,2023,75 bis unter 80 Jahre,m,2591
07332,2023,75 bis unter 80 Jahre,f,3079
07332,2023,10 bis unter 15 Jahre,f,2801
07332,2023,10 bis unter 15 Jahre,m,2966
07332,2023,85 bis unter 90 Jahre,f,2090
07332,2023,85 bis unter 90 Jahre,m,1352
07332,2023,unter 5 Jahre,m,2986
07332,2023,unter 5 Jahre,f,2906
07332,2023,95 Jahre und mehr,f,207
07332,2023,95 Jahre und mehr,m,82
07332,2023,35 bis unter 40 Jahre,m,4021
07332,2023,35 bis unter 40 Jahre,f,3921
07332,2023,70 bis unter 75 Jahre,f,4411
07332,2023,70 bis unter 75 Jahre,m,4044
07332,2023,55 bis unter 60 Jahre,m,6159
07332,2023,55 bis unter 60 Jahre,f,6066
07332,2023,65 bis unter 70 Jahre,f,4992
07332,2023,65 bis unter 70 Jahre,m,4698
07332,2023,90 bis unter 95 Jahre,f,754
07332,2023,90 bis unter 95 Jahre,m,351
07332,2023,20 bis unter 25 Jahre,f,2489
07332,2023,20 bis unter 25 Jahre,m,2801
07332,2023,50 bis unter 55 Jahre,m,4639
07332,2023,50 bis unter 55 Jahre,f,4788
07332,2023,15 bis unter 20 Jahre,m,3074
07332,2023,15 bis unter 20 Jahre,f,2874
07332,2023,30 bis unter 35 Jahre,f,3694
07332,2023,30 bis unter 35 Jahre,m,3771
09662,2023,80 bis unter 85 Jahre,m,868
09662,2023,80 bis unter 85 Jahre,f,1381
09662,2023,60 bis unter 65 Jahre,m,1870
09662,2023,60 bis unter 65 Jahre,f,1900
09662,2023,5 bis unter 10 Jahre,f,1279
09662,2023,5 bis unter 10 Jahre,m,1229
09662,2023,25 bis unter 30 Jahre,f,1472
09662,2023,25 bis unter 30 Jahre,m,1942
09662,2023,75 bis unter 80 Jahre,m,894
09662,2023,75 bis unter 80 Jahre,f,1304
09662,2023,45 bis unter 50 Jahre,f,1550
09662,2023,45 bis unter 50 Jahre,m,1474
09662,2023,40 bis unter 45 Jahre,m,1668
09662,2023,40 bis unter 45 Jahre,f,1651
09662,2023,10 bis unter 15 Jahre,f,1267
09662,2023,10 bis unter 15 Jahre,m,1213
09662,2023,unter 5 Jahre,m,1206
09662,2023,unter 5 Jahre,f,1248
09662,2023,85 bis unter 90 Jahre,f,983
09662,2023,85 bis unter 90 Jahre,m,539
09662,2023,70 bis unter 75 Jahre,f,1759
09662,2023,70 bis unter 75 Jahre,m,1228
09662,2023,35 bis unter 40 Jahre,m,1842
09662,2023,35 bis unter 40 Jahre,f,1598
09662,2023,55 bis unter 60 Jahre,m,1918
09662,2023,55 bis unter 60 Jahre,f,1746
09662,2023,90 bis unter 95 Jahre,f,365
09662,2023,90 bis unter 95 Jahre,m,154
09662,2023,65 bis unter 70 Jahre,f,1904
09662,2023,65 bis unter 70 Jahre,m,1501
09662,2023,95 Jahre und mehr,m,31
09662,2023,95 Jahre und mehr,f,130
09662,2023,20 bis unter 25 Jahre,f,1358
09662,2023,20 bis unter 25 Jahre,m,2125
09662,2023,50 bis unter 55 Jahre,m,1578
09662,2023,50 bis unter 55 Jahre,f,1519
09662,2023,15 bis unter 20 Jahre,m,1447
09662,2023,15 bis unter 20 Jahre,f,1285
09662,2023,30 bis unter 35 Jahre,f,1560
09662,2023,30 bis unter 35 Jahre,m,1952
09278,2023,80 bis unter 85 Jahre,m,1480
09278,2023,80 bis unter 85 Jahre,f,1842
09278,2023,40 bis unter 45 Jahre,m,3322
09278,2023,40 bis unter 45 Jahre,f,3239
09278,2023,75 bis unter 80 Jahre,m,1659
09278,2023,75 bis unter 80 Jahre,f,1893
09278,2023,5 bis unter 10 Jahre,f,2500
09278,2023,5 bis unter 10 Jahre,m,2663
09278,2023,60 bis unter 65 Jahre,m,4127
09278,2023,60 bis unter 65 Jahre,f,4184
09278,2023,55 bis unter 60 Jahre,m,4472
09278,2023,55 bis unter 60 Jahre,f,4355
09278,2023,20 bis unter 25 Jahre,m,2914
09278,2023,20 bis unter 25 Jahre,f,2282
09278,2023,50 bis unter 55 Jahre,f,3799
09278,2023,50 bis unter 55 Jahre,m,3782
09278,2023,15 bis unter 20 Jahre,m,2491
09278,2023,15 bis unter 20 Jahre,f,2444
09278,2023,45 bis unter 50 Jahre,f,3142
09278,2023,45 bis unter 50 Jahre,m,3258
09278,2023,35 bis unter 40 Jahre,m,3564
09278,2023,35 bis unter 40 Jahre,f,3310
09278,2023,25 bis unter 30 Jahre,f,2424
09278,2023,25 bis unter 30 Jahre,m,2761
09278,2023,70 bis unter 75 Jahre,f,2784
09278,2023,70 bis unter 75 Jahre,m,2638
09278,2023,90 bis unter 95 Jahre,m,179
09278,2023,90 bis unter 95 Jahre,f,458
09278,2023,85 bis unter 90 Jahre,m,706
09278,2023,85 bis unter 90 Jahre,f,1309
09278,2023,30 bis unter 35 Jahre,m,3287
09278,2023,30 bis unter 35 Jahre,f,3107
09278,2023,unter 5 Jahre,f,2603
09278,2023,unter 5 Jahre,m,2729
09278,2023,95 Jahre und mehr,f,123
09278,2023,95 Jahre und mehr,m,25
09278,2023,65 bis unter 70 Jahre,f,3369
09278,2023,65 bis unter 70 Jahre,m,3361
09278,2023,10 bis unter 15 Jahre,f,2333
09278,2023,10 bis unter 15 Jahre,m,2411
07314,2023,15 bis unter 20 Jahre,f,4421
07314,2023,15 bis unter 20 Jahre,m,4569
07314,2023,35 bis unter 40 Jahre,f,5869
07314,2023,35 bis unter 40 Jahre,m,6547
07314,2023,20 bis unter 25 Jahre,f,4871
07314,2023,20 bis unter 25 Jahre,m,5440
07314,2023,unter 5 Jahre,f,4615
07314,2023,unter 5 Jahre,m,4604
07314,2023,75 bis unter 80 Jahre,f,3011
07314,2023,75 bis unter 80 Jahre,m,2460
07314,2023,95 Jahre und mehr,f,279
07314,2023,95 Jahre und mehr,m,82
07314,2023,90 bis unter 95 Jahre,m,409
07314,2023,90 bis unter 95 Jahre,f,933
07314,2023,60 bis unter 65 Jahre,f,5716
07314,2023,60 bis unter 65 Jahre,m,5970
07314,2023,10 bis unter 15 Jahre,m,4497
07314,2023,10 bis unter 15 Jahre,f,4289
07314,2023,65 bis unter 70 Jahre,m,4390
07314,2023,65 bis unter 70 Jahre,f,4767
07314,2023,30 bis unter 35 Jahre,m,6744
07314,2023,30 bis unter 35 Jahre,f,5970
07314,2023,40 bis unter 45 Jahre,f,5619
07314,2023,40 bis unter 45 Jahre,m,6032
07314,2023,85 bis unter 90 Jahre,m,1420
07314,2023,85 bis unter 90 Jahre,f,2328
07314,2023,5 bis unter 10 Jahre,f,4694
07314,2023,5 bis unter 10 Jahre,m,4795
07314,2023,25 bis unter 30 Jahre,f,5518
07314,2023,25 bis unter 30 Jahre,m,6342
07314,2023,45 bis unter 50 Jahre,f,5201
07314,2023,45 bis unter 50 Jahre,m,5654
07314,2023,80 bis unter 85 Jahre,m,2336
07314,2023,80 bis unter 85 Jahre,f,3296
07314,2023,50 bis unter 55 Jahre,f,5551
07314,2023,50 bis unter 55 Jahre,m,5941
07314,2023,55 bis unter 60 Jahre,m,6864
07314,2023,55 bis unter 60 Jahre,f,6128
07314,2023,70 bis unter 75 Jahre,f,4197
07314,2023,70 bis unter 75 Jahre,m,3447
05570,2023,80 bis unter 85 Jahre,m,4220
05570,2023,80 bis unter 85 Jahre,f,5699
05570,2023,75 bis unter 80 Jahre,m,4747
05570,2023,75 bis unter 80 Jahre,f,5386
05570,2023,40 bis unter 45 Jahre,m,8576
05570,2023,40 bis unter 45 Jahre,f,8673
05570,2023,60 bis unter 65 Jahre,m,11002
05570,2023,60 bis unter 65 Jahre,f,11394
05570,2023,55 bis unter 60 Jahre,m,12416
05570,2023,55 bis unter 60 Jahre,f,12042
05570,2023,5 bis unter 10 Jahre,f,6889
05570,2023,5 bis unter 10 Jahre,m,7251
05570,2023,20 bis unter 25 Jahre,m,7592
05570,2023,20 bis unter 25 Jahre,f,6724
05570,2023,85 bis unter 90 Jahre,f,4204
05570,2023,85 bis unter 90 Jahre,m,2450
05570,2023,65 bis unter 70 Jahre,f,9320
05570,2023,65 bis unter 70 Jahre,m,8801
05570,2023,10 bis unter 15 Jahre,f,6501
05570,2023,10 bis unter 15 Jahre,m,6960
05570,2023,30 bis unter 35 Jahre,f,8005
05570,2023,30 bis unter 35 Jahre,m,8472
05570,2023,unter 5 Jahre,m,6953
05570,2023,unter 5 Jahre,f,6622
05570,2023,70 bis unter 75 Jahre,m,6913
05570,2023,70 bis unter 75 Jahre,f,7899
05570,2023,90 bis unter 95 Jahre,m,751
05570,2023,90 bis unter 95 Jahre,f,1636
05570,2023,15 bis unter 20 Jahre,f,6932
05570,2023,15 bis unter 20 Jahre,m,7567
05570,2023,45 bis unter 50 Jahre,m,8330
05570,2023,45 bis unter 50 Jahre,f,8345
05570,2023,50 bis unter 55 Jahre,f,9993
05570,2023,50 bis unter 55 Jahre,m,9844
05570,2023,35 bis unter 40 Jahre,m,9022
05570,2023,35 bis unter 40 Jahre,f,8684
05570,2023,25 bis unter 30 Jahre,f,7010
05570,2023,25 bis unter 30 Jahre,m,7714
05570,2023,95 Jahre und mehr,f,509
05570,2023,95 Jahre und mehr,m,168
06535,2023,90 bis unter 95 Jahre,m,262
06535,2023,90 bis unter 95 Jahre,f,648
06535,2023,50 bis unter 55 Jahre,m,3475
06535,2023,50 bis unter 55 Jahre,f,3550
06535,2023,20 bis unter 25 Jahre,f,1983
06535,2023,20 bis unter 25 Jahre,m,2311
06535,2023,75 bis unter 80 Jahre,f,2143
06535,2023,75 bis unter 80 Jahre,m,1944
06535,2023,95 Jahre und mehr,m,74
06535,2023,95 Jahre und mehr,f,155
06535,2023,65 bis unter 70 Jahre,m,3984
06535,2023,65 bis unter 70 Jahre,f,3970
06535,2023,35 bis unter 40 Jahre,f,2879
06535,2023,35 bis unter 40 Jahre,m,3051
06535,2023,25 bis unter 30 Jahre,m,2648
06535,2023,25 bis unter 30 Jahre,f,2180
06535,2023,70 bis unter 75 Jahre,f,3436
06535,2023,70 bis unter 75 Jahre,m,3241
06535,2023,80 bis unter 85 Jahre,f,2207
06535,2023,80 bis unter 85 Jahre,m,1605
06535,2023,55 bis unter 60 Jahre,m,4229
06535,2023,55 bis unter 60 Jahre,f,4379
06535,2023,unter 5 Jahre,f,2091
06535,2023,unter 5 Jahre,m,2249
06535,2023,45 bis unter 50 Jahre,m,2893
06535,2023,45 bis unter 50 Jahre,f,2889
06535,2023,5 bis unter 10 Jahre,f,2225
06535,2023,5 bis unter 10 Jahre,m,2217
06535,2023,60 bis unter 65 Jahre,m,4425
06535,2023,60 bis unter 65 Jahre,f,4698
06535,2023,10 bis unter 15 Jahre,f,2222
06535,2023,10 bis unter 15 Jahre,m,2240
06535,2023,40 bis unter 45 Jahre,m,3045
06535,2023,40 bis unter 45 Jahre,f,2916
06535,2023,85 bis unter 90 Jahre,f,1810
06535,2023,85 bis unter 90 Jahre,m,1105
06535,2023,15 bis unter 20 Jahre,m,2406
06535,2023,15 bis unter 20 Jahre,f,2272
06535,2023,30 bis unter 35 Jahre,f,2551
06535,2023,30 bis unter 35 Jahre,m,2886
09262,2023,40 bis unter 45 Jahre,f,1626
09262,2023,40 bis unter 45 Jahre,m,1532
09262,2023,20 bis unter 25 Jahre,f,2469
09262,2023,20 bis unter 25 Jahre,m,2104
09262,2023,unter 5 Jahre,f,1063
09262,2023,unter 5 Jahre,m,1058
09262,2023,75 bis unter 80 Jahre,m,945
09262,2023,75 bis unter 80 Jahre,f,1190
09262,2023,15 bis unter 20 Jahre,f,1143
09262,2023,15 bis unter 20 Jahre,m,1078
09262,2023,80 bis unter 85 Jahre,f,1274
09262,2023,80 bis unter 85 Jahre,m,879
09262,2023,35 bis unter 40 Jahre,m,1771
09262,2023,35 bis unter 40 Jahre,f,1614
09262,2023,55 bis unter 60 Jahre,f,1740
09262,2023,55 bis unter 60 Jahre,m,1781
09262,2023,60 bis unter 65 Jahre,m,1696
09262,2023,60 bis unter 65 Jahre,f,1819
09262,2023,50 bis unter 55 Jahre,m,1572
09262,2023,50 bis unter 55 Jahre,f,1520
09262,2023,30 bis unter 35 Jahre,m,2082
09262,2023,30 bis unter 35 Jahre,f,1754
09262,2023,25 bis unter 30 Jahre,f,2192
09262,2023,25 bis unter 30 Jahre,m,2554
09262,2023,5 bis unter 10 Jahre,m,1054
09262,2023,5 bis unter 10 Jahre,f,1023
09262,2023,85 bis unter 90 Jahre,f,745
09262,2023,85 bis unter 90 Jahre,m,434
09262,2023,65 bis unter 70 Jahre,f,1589
09262,2023,65 bis unter 70 Jahre,m,1448
09262,2023,90 bis unter 95 Jahre,f,307
09262,2023,90 bis unter 95 Jahre,m,120
09262,2023,70 bis unter 75 Jahre,f,1545
09262,2023,70 bis unter 75 Jahre,m,1144
09262,2023,10 bis unter 15 Jahre,m,997
09262,2023,10 bis unter 15 Jahre,f,1001
09262,2023,45 bis unter 50 Jahre,f,1465
09262,2023,45 bis unter 50 Jahre,m,1417
09262,2023,95 Jahre und mehr,m,31
09262,2023,95 Jahre und mehr,f,118
03459,2023,15 bis unter 20 Jahre,f,8846
03459,2023,15 bis unter 20 Jahre,m,9357
03459,2023,35 bis unter 40 Jahre,f,10865
03459,2023,35 bis unter 40 Jahre,m,11282
03459,2023,90 bis unter 95 Jahre,m,931
03459,2023,90 bis unter 95 Jahre,f,2097
03459,2023,55 bis unter 60 Jahre,f,15124
03459,2023,55 bis unter 60 Jahre,m,15120
03459,2023,70 bis unter 75 Jahre,m,8951
03459,2023,70 bis unter 75 Jahre,f,9722
03459,2023,20 bis unter 25 Jahre,f,8079
03459,2023,20 bis unter 25 Jahre,m,9422
03459,2023,50 bis unter 55 Jahre,m,12349
03459,2023,50 bis unter 55 Jahre,f,12524
03459,2023,85 bis unter 90 Jahre,m,3167
03459,2023,85 bis unter 90 Jahre,f,5490
03459,2023,10 bis unter 15 Jahre,m,8731
03459,2023,10 bis unter 15 Jahre,f,8454
03459,2023,25 bis unter 30 Jahre,m,9577
03459,2023,25 bis unter 30 Jahre,f,8523
03459,2023,60 bis unter 65 Jahre,f,14558
03459,2023,60 bis unter 65 Jahre,m,14292
03459,2023,40 bis unter 45 Jahre,f,10878
03459,2023,40 bis unter 45 Jahre,m,10724
03459,2023,5 bis unter 10 Jahre,m,9361
03459,2023,5 bis unter 10 Jahre,f,8889
03459,2023,30 bis unter 35 Jahre,m,11013
03459,2023,30 bis unter 35 Jahre,f,10305
03459,2023,95 Jahre und mehr,m,131
03459,2023,95 Jahre und mehr,f,595
03459,2023,75 bis unter 80 Jahre,m,5716
03459,2023,75 bis unter 80 Jahre,f,6596
03459,2023,45 bis unter 50 Jahre,f,10496
03459,2023,45 bis unter 50 Jahre,m,10220
03459,2023,80 bis unter 85 Jahre,f,7617
03459,2023,80 bis unter 85 Jahre,m,5382
03459,2023,65 bis unter 70 Jahre,m,11287
03459,2023,65 bis unter 70 Jahre,f,11696
03459,2023,unter 5 Jahre,m,9097
03459,2023,unter 5 Jahre,f,8730
01059,2023,15 bis unter 20 Jahre,f,4770
01059,2023,15 bis unter 20 Jahre,m,5399
01059,2023,35 bis unter 40 Jahre,f,5985
01059,2023,35 bis unter 40 Jahre,m,6055
01059,2023,20 bis unter 25 Jahre,f,4110
01059,2023,20 bis unter 25 Jahre,m,4604
01059,2023,unter 5 Jahre,f,4488
01059,2023,unter 5 Jahre,m,4760
01059,2023,40 bis unter 45 Jahre,f,5939
01059,2023,40 bis unter 45 Jahre,m,5640
01059,2023,70 bis unter 75 Jahre,m,5849
01059,2023,70 bis unter 75 Jahre,f,6257
01059,2023,55 bis unter 60 Jahre,f,9472
01059,2023,55 bis unter 60 Jahre,m,9181
01059,2023,80 bis unter 85 Jahre,f,4824
01059,2023,80 bis unter 85 Jahre,m,4004
01059,2023,85 bis unter 90 Jahre,m,2082
01059,2023,85 bis unter 90 Jahre,f,3232
01059,2023,25 bis unter 30 Jahre,m,4790
01059,2023,25 bis unter 30 Jahre,f,4704
01059,2023,50 bis unter 55 Jahre,m,7070
01059,2023,50 bis unter 55 Jahre,f,7116
01059,2023,95 Jahre und mehr,f,370
01059,2023,95 Jahre und mehr,m,107
01059,2023,30 bis unter 35 Jahre,m,5787
01059,2023,30 bis unter 35 Jahre,f,5839
01059,2023,5 bis unter 10 Jahre,m,5188
01059,2023,5 bis unter 10 Jahre,f,4864
01059,2023,60 bis unter 65 Jahre,f,8416
01059,2023,60 bis unter 65 Jahre,m,8236
01059,2023,45 bis unter 50 Jahre,f,5836
01059,2023,45 bis unter 50 Jahre,m,5497
01059,2023,65 bis unter 70 Jahre,f,7094
01059,2023,65 bis unter 70 Jahre,m,6715
01059,2023,10 bis unter 15 Jahre,m,5097
01059,2023,10 bis unter 15 Jahre,f,4745
01059,2023,90 bis unter 95 Jahre,f,997
01059,2023,90 bis unter 95 Jahre,m,526
01059,2023,75 bis unter 80 Jahre,m,4280
01059,2023,75 bis unter 80 Jahre,f,4836
09472,2023,45 bis unter 50 Jahre,f,3041
09472,2023,45 bis unter 50 Jahre,m,3016
09472,2023,85 bis unter 90 Jahre,f,1612
09472,2023,85 bis unter 90 Jahre,m,843
09472,2023,65 bis unter 70 Jahre,f,3690
09472,2023,65 bis unter 70 Jahre,m,3611
09472,2023,25 bis unter 30 Jahre,m,2596
09472,2023,25 bis unter 30 Jahre,f,2161
09472,2023,70 bis unter 75 Jahre,f,3045
09472,2023,70 bis unter 75 Jahre,m,2917
09472,2023,30 bis unter 35 Jahre,f,2789
09472,2023,30 bis unter 35 Jahre,m,2964
09472,2023,5 bis unter 10 Jahre,f,2279
09472,2023,5 bis unter 10 Jahre,m,2465
09472,2023,75 bis unter 80 Jahre,m,1909
09472,2023,75 bis unter 80 Jahre,f,2232
09472,2023,10 bis unter 15 Jahre,m,2374
09472,2023,10 bis unter 15 Jahre,f,2251
09472,2023,90 bis unter 95 Jahre,f,553
09472,2023,90 bis unter 95 Jahre,m,227
09472,2023,80 bis unter 85 Jahre,m,1642
09472,2023,80 bis unter 85 Jahre,f,2266
09472,2023,unter 5 Jahre,m,2382
09472,2023,unter 5 Jahre,f,2282
09472,2023,55 bis unter 60 Jahre,m,4594
09472,2023,55 bis unter 60 Jahre,f,4597
09472,2023,20 bis unter 25 Jahre,f,2036
09472,2023,20 bis unter 25 Jahre,m,2601
09472,2023,95 Jahre und mehr,f,141
09472,2023,95 Jahre und mehr,m,41
09472,2023,35 bis unter 40 Jahre,f,3158
09472,2023,35 bis unter 40 Jahre,m,3143
09472,2023,40 bis unter 45 Jahre,f,3209
09472,2023,40 bis unter 45 Jahre,m,3236
09472,2023,15 bis unter 20 Jahre,f,2249
09472,2023,15 bis unter 20 Jahre,m,2462
09472,2023,50 bis unter 55 Jahre,m,3753
09472,2023,50 bis unter 55 Jahre,f,3920
09472,2023,60 bis unter 65 Jahre,m,4513
09472,2023,60 bis unter 65 Jahre,f,4469
03151,2023,80 bis unter 85 Jahre,m,2701
03151,2023,80 bis unter 85 Jahre,f,3497
03151,2023,60 bis unter 65 Jahre,m,7385
03151,2023,60 bis unter 65 Jahre,f,7381
03151,2023,5 bis unter 10 Jahre,f,4763
03151,2023,5 bis unter 10 Jahre,m,4950
03151,2023,25 bis unter 30 Jahre,f,3783
03151,2023,25 bis unter 30 Jahre,m,4242
03151,2023,65 bis unter 70 Jahre,f,5807
03151,2023,65 bis unter 70 Jahre,m,5703
03151,2023,20 bis unter 25 Jahre,m,4114
03151,2023,20 bis unter 25 Jahre,f,3479
03151,2023,75 bis unter 80 Jahre,f,3157
03151,2023,75 bis unter 80 Jahre,m,2702
03151,2023,10 bis unter 15 Jahre,m,4457
03151,2023,10 bis unter 15 Jahre,f,4235
03151,2023,55 bis unter 60 Jahre,m,7707
03151,2023,55 bis unter 60 Jahre,f,7829
03151,2023,30 bis unter 35 Jahre,f,5052
03151,2023,30 bis unter 35 Jahre,m,5166
03151,2023,unter 5 Jahre,m,4619
03151,2023,unter 5 Jahre,f,4474
03151,2023,85 bis unter 90 Jahre,f,2346
03151,2023,85 bis unter 90 Jahre,m,1482
03151,2023,90 bis unter 95 Jahre,m,354
03151,2023,90 bis unter 95 Jahre,f,816
03151,2023,45 bis unter 50 Jahre,m,5035
03151,2023,45 bis unter 50 Jahre,f,4993
03151,2023,15 bis unter 20 Jahre,f,4300
03151,2023,15 bis unter 20 Jahre,m,4548
03151,2023,70 bis unter 75 Jahre,m,4551
03151,2023,70 bis unter 75 Jahre,f,4781
03151,2023,40 bis unter 45 Jahre,f,5617
03151,2023,40 bis unter 45 Jahre,m,5681
03151,2023,95 Jahre und mehr,f,217
03151,2023,95 Jahre und mehr,m,67
03151,2023,50 bis unter 55 Jahre,f,6146
03151,2023,50 bis unter 55 Jahre,m,5976
03151,2023,35 bis unter 40 Jahre,m,5930
03151,2023,35 bis unter 40 Jahre,f,5833
05111,2023,15 bis unter 20 Jahre,f,12646
05111,2023,15 bis unter 20 Jahre,m,13720
05111,2023,35 bis unter 40 Jahre,f,24213
05111,2023,35 bis unter 40 Jahre,m,23679
05111,2023,55 bis unter 60 Jahre,f,22638
05111,2023,55 bis unter 60 Jahre,m,23685
05111,2023,90 bis unter 95 Jahre,m,1327
05111,2023,90 bis unter 95 Jahre,f,3009
05111,2023,20 bis unter 25 Jahre,f,17386
05111,2023,20 bis unter 25 Jahre,m,15553
05111,2023,50 bis unter 55 Jahre,m,20997
05111,2023,50 bis unter 55 Jahre,f,20718
05111,2023,95 Jahre und mehr,f,1051
05111,2023,95 Jahre und mehr,m,262
05111,2023,10 bis unter 15 Jahre,m,14060
05111,2023,10 bis unter 15 Jahre,f,12732
05111,2023,60 bis unter 65 Jahre,f,19950
05111,2023,60 bis unter 65 Jahre,m,19554
05111,2023,85 bis unter 90 Jahre,m,4848
05111,2023,85 bis unter 90 Jahre,f,8602
05111,2023,40 bis unter 45 Jahre,m,21094
05111,2023,40 bis unter 45 Jahre,f,22067
05111,2023,5 bis unter 10 Jahre,m,14542
05111,2023,5 bis unter 10 Jahre,f,13539
05111,2023,30 bis unter 35 Jahre,m,25995
05111,2023,30 bis unter 35 Jahre,f,26843
05111,2023,25 bis unter 30 Jahre,f,24817
05111,2023,25 bis unter 30 Jahre,m,22755
05111,2023,75 bis unter 80 Jahre,m,8624
05111,2023,75 bis unter 80 Jahre,f,12070
05111,2023,45 bis unter 50 Jahre,f,19989
05111,2023,45 bis unter 50 Jahre,m,18939
05111,2023,70 bis unter 75 Jahre,f,14558
05111,2023,70 bis unter 75 Jahre,m,11405
05111,2023,unter 5 Jahre,m,14204
05111,2023,unter 5 Jahre,f,13015
05111,2023,80 bis unter 85 Jahre,f,12355
05111,2023,80 bis unter 85 Jahre,m,8143
05111,2023,65 bis unter 70 Jahre,m,14425
05111,2023,65 bis unter 70 Jahre,f,16310
08317,2023,65 bis unter 70 Jahre,f,14608
08317,2023,65 bis unter 70 Jahre,m,13924
08317,2023,10 bis unter 15 Jahre,f,10246
08317,2023,10 bis unter 15 Jahre,m,10843
08317,2023,85 bis unter 90 Jahre,f,6537
08317,2023,85 bis unter 90 Jahre,m,4078
08317,2023,90 bis unter 95 Jahre,f,2397
08317,2023,90 bis unter 95 Jahre,m,1093
08317,2023,25 bis unter 30 Jahre,f,11830
08317,2023,25 bis unter 30 Jahre,m,13758
08317,2023,80 bis unter 85 Jahre,m,6577
08317,2023,80 bis unter 85 Jahre,f,9000
08317,2023,5 bis unter 10 Jahre,m,11418
08317,2023,5 bis unter 10 Jahre,f,10983
08317,2023,50 bis unter 55 Jahre,f,14874
08317,2023,50 bis unter 55 Jahre,m,15054
08317,2023,30 bis unter 35 Jahre,m,14545
08317,2023,30 bis unter 35 Jahre,f,13328
08317,2023,20 bis unter 25 Jahre,m,12330
08317,2023,20 bis unter 25 Jahre,f,10403
08317,2023,unter 5 Jahre,m,11026
08317,2023,unter 5 Jahre,f,10499
08317,2023,75 bis unter 80 Jahre,m,6936
08317,2023,75 bis unter 80 Jahre,f,8066
08317,2023,55 bis unter 60 Jahre,f,17959
08317,2023,55 bis unter 60 Jahre,m,18342
08317,2023,95 Jahre und mehr,m,218
08317,2023,95 Jahre und mehr,f,749
08317,2023,40 bis unter 45 Jahre,f,13604
08317,2023,40 bis unter 45 Jahre,m,13787
08317,2023,15 bis unter 20 Jahre,f,10670
08317,2023,15 bis unter 20 Jahre,m,11430
08317,2023,35 bis unter 40 Jahre,f,13963
08317,2023,35 bis unter 40 Jahre,m,14811
08317,2023,60 bis unter 65 Jahre,f,17204
08317,2023,60 bis unter 65 Jahre,m,17390
08317,2023,45 bis unter 50 Jahre,m,12523
08317,2023,45 bis unter 50 Jahre,f,12744
08317,2023,70 bis unter 75 Jahre,m,11259
08317,2023,70 bis unter 75 Jahre,f,12476
09771,2023,90 bis unter 95 Jahre,m,280
09771,2023,90 bis unter 95 Jahre,f,620
09771,2023,70 bis unter 75 Jahre,m,3202
09771,2023,70 bis unter 75 Jahre,f,3437
09771,2023,15 bis unter 20 Jahre,f,3198
09771,2023,15 bis unter 20 Jahre,m,3441
09771,2023,35 bis unter 40 Jahre,f,4518
09771,2023,35 bis unter 40 Jahre,m,4542
09771,2023,85 bis unter 90 Jahre,m,1118
09771,2023,85 bis unter 90 Jahre,f,1786
09771,2023,55 bis unter 60 Jahre,f,5755
09771,2023,55 bis unter 60 Jahre,m,5988
09771,2023,20 bis unter 25 Jahre,f,3104
09771,2023,20 bis unter 25 Jahre,m,3607
09771,2023,50 bis unter 55 Jahre,m,4746
09771,2023,50 bis unter 55 Jahre,f,4792
09771,2023,10 bis unter 15 Jahre,m,3419
09771,2023,10 bis unter 15 Jahre,f,3347
09771,2023,25 bis unter 30 Jahre,m,3604
09771,2023,25 bis unter 30 Jahre,f,3254
09771,2023,60 bis unter 65 Jahre,f,5256
09771,2023,60 bis unter 65 Jahre,m,5270
09771,2023,40 bis unter 45 Jahre,f,4516
09771,2023,40 bis unter 45 Jahre,m,4518
09771,2023,30 bis unter 35 Jahre,m,4212
09771,2023,30 bis unter 35 Jahre,f,3939
09771,2023,5 bis unter 10 Jahre,m,3844
09771,2023,5 bis unter 10 Jahre,f,3787
09771,2023,95 Jahre und mehr,m,62
09771,2023,95 Jahre und mehr,f,147
09771,2023,45 bis unter 50 Jahre,f,4083
09771,2023,45 bis unter 50 Jahre,m,4239
09771,2023,75 bis unter 80 Jahre,m,2298
09771,2023,75 bis unter 80 Jahre,f,2676
09771,2023,80 bis unter 85 Jahre,f,2738
09771,2023,80 bis unter 85 Jahre,m,2200
09771,2023,unter 5 Jahre,m,3511
09771,2023,unter 5 Jahre,f,3356
09771,2023,65 bis unter 70 Jahre,m,3893
09771,2023,65 bis unter 70 Jahre,f,4127
06431,2023,40 bis unter 45 Jahre,m,8615
06431,2023,40 bis unter 45 Jahre,f,8666
06431,2023,80 bis unter 85 Jahre,m,4499
06431,2023,80 bis unter 85 Jahre,f,5939
06431,2023,95 Jahre und mehr,f,399
06431,2023,95 Jahre und mehr,m,127
06431,2023,75 bis unter 80 Jahre,m,5040
06431,2023,75 bis unter 80 Jahre,f,5977
06431,2023,60 bis unter 65 Jahre,m,11108
06431,2023,60 bis unter 65 Jahre,f,11225
06431,2023,55 bis unter 60 Jahre,m,11894
06431,2023,55 bis unter 60 Jahre,f,12039
06431,2023,15 bis unter 20 Jahre,m,6836
06431,2023,15 bis unter 20 Jahre,f,6115
06431,2023,unter 5 Jahre,m,6602
06431,2023,unter 5 Jahre,f,6087
06431,2023,20 bis unter 25 Jahre,f,5768
06431,2023,20 bis unter 25 Jahre,m,6938
06431,2023,25 bis unter 30 Jahre,f,6615
06431,2023,25 bis unter 30 Jahre,m,7496
06431,2023,50 bis unter 55 Jahre,f,9713
06431,2023,50 bis unter 55 Jahre,m,9183
06431,2023,5 bis unter 10 Jahre,m,6713
06431,2023,5 bis unter 10 Jahre,f,6703
06431,2023,30 bis unter 35 Jahre,f,7917
06431,2023,30 bis unter 35 Jahre,m,8177
06431,2023,85 bis unter 90 Jahre,m,2585
06431,2023,85 bis unter 90 Jahre,f,4035
06431,2023,10 bis unter 15 Jahre,m,6443
06431,2023,10 bis unter 15 Jahre,f,6141
06431,2023,90 bis unter 95 Jahre,m,668
06431,2023,90 bis unter 95 Jahre,f,1369
06431,2023,70 bis unter 75 Jahre,f,8078
06431,2023,70 bis unter 75 Jahre,m,7182
06431,2023,65 bis unter 70 Jahre,m,8863
06431,2023,65 bis unter 70 Jahre,f,9152
06431,2023,35 bis unter 40 Jahre,f,8777
06431,2023,35 bis unter 40 Jahre,m,8863
06431,2023,45 bis unter 50 Jahre,f,8072
06431,2023,45 bis unter 50 Jahre,m,7865
09561,2023,45 bis unter 50 Jahre,f,1180
09561,2023,45 bis unter 50 Jahre,m,1099
09561,2023,65 bis unter 70 Jahre,f,1408
09561,2023,65 bis unter 70 Jahre,m,1147
09561,2023,85 bis unter 90 Jahre,f,594
09561,2023,85 bis unter 90 Jahre,m,378
09561,2023,70 bis unter 75 Jahre,f,1135
09561,2023,70 bis unter 75 Jahre,m,919
09561,2023,5 bis unter 10 Jahre,f,922
09561,2023,5 bis unter 10 Jahre,m,912
09561,2023,60 bis unter 65 Jahre,m,1404
09561,2023,60 bis unter 65 Jahre,f,1602
09561,2023,30 bis unter 35 Jahre,f,1200
09561,2023,30 bis unter 35 Jahre,m,1346
09561,2023,10 bis unter 15 Jahre,m,893
09561,2023,10 bis unter 15 Jahre,f,864
09561,2023,75 bis unter 80 Jahre,m,591
09561,2023,75 bis unter 80 Jahre,f,861
09561,2023,unter 5 Jahre,m,1033
09561,2023,unter 5 Jahre,f,978
09561,2023,90 bis unter 95 Jahre,f,193
09561,2023,90 bis unter 95 Jahre,m,94
09561,2023,80 bis unter 85 Jahre,m,594
09561,2023,80 bis unter 85 Jahre,f,887
09561,2023,95 Jahre und mehr,f,52
09561,2023,95 Jahre und mehr,m,12
09561,2023,55 bis unter 60 Jahre,m,1523
09561,2023,55 bis unter 60 Jahre,f,1577
09561,2023,35 bis unter 40 Jahre,f,1238
09561,2023,35 bis unter 40 Jahre,m,1326
09561,2023,20 bis unter 25 Jahre,f,1100
09561,2023,20 bis unter 25 Jahre,m,1178
09561,2023,15 bis unter 20 Jahre,f,937
09561,2023,15 bis unter 20 Jahre,m,953
09561,2023,40 bis unter 45 Jahre,f,1210
09561,2023,40 bis unter 45 Jahre,m,1281
09561,2023,25 bis unter 30 Jahre,m,1366
09561,2023,25 bis unter 30 Jahre,f,1160
09561,2023,50 bis unter 55 Jahre,m,1226
09561,2023,50 bis unter 55 Jahre,f,1327
07333,2023,35 bis unter 40 Jahre,f,2258
07333,2023,35 bis unter 40 Jahre,m,2368
07333,2023,55 bis unter 60 Jahre,f,3312
07333,2023,55 bis unter 60 Jahre,m,3225
07333,2023,75 bis unter 80 Jahre,f,1411
07333,2023,75 bis unter 80 Jahre,m,1189
07333,2023,95 Jahre und mehr,m,29
07333,2023,95 Jahre und mehr,f,126
07333,2023,90 bis unter 95 Jahre,m,183
07333,2023,90 bis unter 95 Jahre,f,382
07333,2023,60 bis unter 65 Jahre,f,3334
07333,2023,60 bis unter 65 Jahre,m,3308
07333,2023,50 bis unter 55 Jahre,m,2539
07333,2023,50 bis unter 55 Jahre,f,2672
07333,2023,20 bis unter 25 Jahre,f,1571
07333,2023,20 bis unter 25 Jahre,m,1850
07333,2023,10 bis unter 15 Jahre,m,1714
07333,2023,10 bis unter 15 Jahre,f,1680
07333,2023,40 bis unter 45 Jahre,m,2207
07333,2023,40 bis unter 45 Jahre,f,2250
07333,2023,85 bis unter 90 Jahre,m,637
07333,2023,85 bis unter 90 Jahre,f,1064
07333,2023,15 bis unter 20 Jahre,m,1837
07333,2023,15 bis unter 20 Jahre,f,1771
07333,2023,5 bis unter 10 Jahre,m,1882
07333,2023,5 bis unter 10 Jahre,f,1727
07333,2023,30 bis unter 35 Jahre,m,2192
07333,2023,30 bis unter 35 Jahre,f,2098
07333,2023,25 bis unter 30 Jahre,f,1652
07333,2023,25 bis unter 30 Jahre,m,1861
07333,2023,45 bis unter 50 Jahre,f,2139
07333,2023,45 bis unter 50 Jahre,m,2150
07333,2023,70 bis unter 75 Jahre,f,2429
07333,2023,70 bis unter 75 Jahre,m,2312
07333,2023,unter 5 Jahre,m,1648
07333,2023,unter 5 Jahre,f,1630
07333,2023,65 bis unter 70 Jahre,m,2717
07333,2023,65 bis unter 70 Jahre,f,2820
07333,2023,80 bis unter 85 Jahre,f,1444
07333,2023,80 bis unter 85 Jahre,m,1110
09272,2023,90 bis unter 95 Jahre,m,147
09272,2023,90 bis unter 95 Jahre,f,418
09272,2023,65 bis unter 70 Jahre,m,2999
09272,2023,65 bis unter 70 Jahre,f,3071
09272,2023,35 bis unter 40 Jahre,f,2254
09272,2023,35 bis unter 40 Jahre,m,2299
09272,2023,20 bis unter 25 Jahre,f,1790
09272,2023,20 bis unter 25 Jahre,m,2111
09272,2023,50 bis unter 55 Jahre,m,2747
09272,2023,50 bis unter 55 Jahre,f,2848
09272,2023,95 Jahre und mehr,m,28
09272,2023,95 Jahre und mehr,f,107
09272,2023,5 bis unter 10 Jahre,m,1765
09272,2023,5 bis unter 10 Jahre,f,1765
09272,2023,60 bis unter 65 Jahre,f,3625
09272,2023,60 bis unter 65 Jahre,m,3410
09272,2023,15 bis unter 20 Jahre,m,1829
09272,2023,15 bis unter 20 Jahre,f,1608
09272,2023,10 bis unter 15 Jahre,m,1637
09272,2023,10 bis unter 15 Jahre,f,1571
09272,2023,30 bis unter 35 Jahre,f,2285
09272,2023,30 bis unter 35 Jahre,m,2438
09272,2023,85 bis unter 90 Jahre,m,588
09272,2023,85 bis unter 90 Jahre,f,1120
09272,2023,40 bis unter 45 Jahre,f,2249
09272,2023,40 bis unter 45 Jahre,m,2329
09272,2023,80 bis unter 85 Jahre,m,1065
09272,2023,80 bis unter 85 Jahre,f,1557
09272,2023,25 bis unter 30 Jahre,f,1989
09272,2023,25 bis unter 30 Jahre,m,2267
09272,2023,75 bis unter 80 Jahre,m,1476
09272,2023,75 bis unter 80 Jahre,f,1595
09272,2023,45 bis unter 50 Jahre,f,2283
09272,2023,45 bis unter 50 Jahre,m,2256
09272,2023,unter 5 Jahre,m,1711
09272,2023,unter 5 Jahre,f,1602
09272,2023,70 bis unter 75 Jahre,f,2414
09272,2023,70 bis unter 75 Jahre,m,2397
09272,2023,55 bis unter 60 Jahre,m,3418
09272,2023,55 bis unter 60 Jahre,f,3444
09375,2023,15 bis unter 20 Jahre,f,4408
09375,2023,15 bis unter 20 Jahre,m,4953
09375,2023,unter 5 Jahre,f,4580
09375,2023,unter 5 Jahre,m,4908
09375,2023,75 bis unter 80 Jahre,f,3640
09375,2023,75 bis unter 80 Jahre,m,3309
09375,2023,50 bis unter 55 Jahre,m,7141
09375,2023,50 bis unter 55 Jahre,f,6992
09375,2023,20 bis unter 25 Jahre,f,4330
09375,2023,20 bis unter 25 Jahre,m,5051
09375,2023,35 bis unter 40 Jahre,f,6296
09375,2023,35 bis unter 40 Jahre,m,6459
09375,2023,65 bis unter 70 Jahre,m,6144
09375,2023,65 bis unter 70 Jahre,f,6321
09375,2023,60 bis unter 65 Jahre,f,7710
09375,2023,60 bis unter 65 Jahre,m,7638
09375,2023,90 bis unter 95 Jahre,m,416
09375,2023,90 bis unter 95 Jahre,f,891
09375,2023,30 bis unter 35 Jahre,m,5873
09375,2023,30 bis unter 35 Jahre,f,5542
09375,2023,10 bis unter 15 Jahre,m,4878
09375,2023,10 bis unter 15 Jahre,f,4422
09375,2023,5 bis unter 10 Jahre,m,5214
09375,2023,5 bis unter 10 Jahre,f,4995
09375,2023,40 bis unter 45 Jahre,f,6587
09375,2023,40 bis unter 45 Jahre,m,6524
09375,2023,85 bis unter 90 Jahre,m,1452
09375,2023,85 bis unter 90 Jahre,f,2264
09375,2023,25 bis unter 30 Jahre,f,4606
09375,2023,25 bis unter 30 Jahre,m,5103
09375,2023,45 bis unter 50 Jahre,f,6067
09375,2023,45 bis unter 50 Jahre,m,5992
09375,2023,80 bis unter 85 Jahre,m,2724
09375,2023,80 bis unter 85 Jahre,f,3483
09375,2023,95 Jahre und mehr,m,68
09375,2023,95 Jahre und mehr,f,239
09375,2023,55 bis unter 60 Jahre,m,8153
09375,2023,55 bis unter 60 Jahre,f,8213
09375,2023,70 bis unter 75 Jahre,f,5368
09375,2023,70 bis unter 75 Jahre,m,4847
06534,2023,60 bis unter 65 Jahre,m,9028
06534,2023,60 bis unter 65 Jahre,f,9288
06534,2023,75 bis unter 80 Jahre,m,3783
06534,2023,75 bis unter 80 Jahre,f,4527
06534,2023,80 bis unter 85 Jahre,m,3347
06534,2023,80 bis unter 85 Jahre,f,4677
06534,2023,55 bis unter 60 Jahre,m,9327
06534,2023,55 bis unter 60 Jahre,f,9331
06534,2023,unter 5 Jahre,m,5419
06534,2023,unter 5 Jahre,f,5003
06534,2023,25 bis unter 30 Jahre,f,8334
06534,2023,25 bis unter 30 Jahre,m,9088
06534,2023,10 bis unter 15 Jahre,f,5363
06534,2023,10 bis unter 15 Jahre,m,5480
06534,2023,40 bis unter 45 Jahre,m,7188
06534,2023,40 bis unter 45 Jahre,f,7184
06534,2023,15 bis unter 20 Jahre,m,6284
06534,2023,15 bis unter 20 Jahre,f,6222
06534,2023,85 bis unter 90 Jahre,f,3387
06534,2023,85 bis unter 90 Jahre,m,1981
06534,2023,20 bis unter 25 Jahre,f,9654
06534,2023,20 bis unter 25 Jahre,m,8603
06534,2023,30 bis unter 35 Jahre,f,7587
06534,2023,30 bis unter 35 Jahre,m,8340
06534,2023,5 bis unter 10 Jahre,m,5635
06534,2023,5 bis unter 10 Jahre,f,5563
06534,2023,50 bis unter 55 Jahre,f,8124
06534,2023,50 bis unter 55 Jahre,m,7622
06534,2023,70 bis unter 75 Jahre,m,5819
06534,2023,70 bis unter 75 Jahre,f,6475
06534,2023,95 Jahre und mehr,f,318
06534,2023,95 Jahre und mehr,m,91
06534,2023,65 bis unter 70 Jahre,m,7140
06534,2023,65 bis unter 70 Jahre,f,7474
06534,2023,35 bis unter 40 Jahre,f,7296
06534,2023,35 bis unter 40 Jahre,m,7689
06534,2023,90 bis unter 95 Jahre,m,469
06534,2023,90 bis unter 95 Jahre,f,1195
06534,2023,45 bis unter 50 Jahre,f,6875
06534,2023,45 bis unter 50 Jahre,m,6883
06414,2023,5 bis unter 10 Jahre,f,6823
06414,2023,5 bis unter 10 Jahre,m,7188
06414,2023,45 bis unter 50 Jahre,f,9464
06414,2023,45 bis unter 50 Jahre,m,8804
06414,2023,25 bis unter 30 Jahre,f,9728
06414,2023,25 bis unter 30 Jahre,m,9795
06414,2023,80 bis unter 85 Jahre,m,4209
06414,2023,80 bis unter 85 Jahre,f,5975
06414,2023,85 bis unter 90 Jahre,f,3874
06414,2023,85 bis unter 90 Jahre,m,2363
06414,2023,40 bis unter 45 Jahre,m,9450
06414,2023,40 bis unter 45 Jahre,f,10172
06414,2023,10 bis unter 15 Jahre,f,6684
06414,2023,10 bis unter 15 Jahre,m,7013
06414,2023,75 bis unter 80 Jahre,m,4457
06414,2023,75 bis unter 80 Jahre,f,5801
06414,2023,30 bis unter 35 Jahre,m,10031
06414,2023,30 bis unter 35 Jahre,f,10210
06414,2023,50 bis unter 55 Jahre,f,9827
06414,2023,50 bis unter 55 Jahre,m,9721
06414,2023,20 bis unter 25 Jahre,m,8693
06414,2023,20 bis unter 25 Jahre,f,8647
06414,2023,15 bis unter 20 Jahre,f,6980
06414,2023,15 bis unter 20 Jahre,m,7341
06414,2023,unter 5 Jahre,f,6667
06414,2023,unter 5 Jahre,m,6886
06414,2023,95 Jahre und mehr,f,484
06414,2023,95 Jahre und mehr,m,156
06414,2023,90 bis unter 95 Jahre,m,636
06414,2023,90 bis unter 95 Jahre,f,1350
06414,2023,60 bis unter 65 Jahre,f,9893
06414,2023,60 bis unter 65 Jahre,m,9236
06414,2023,35 bis unter 40 Jahre,f,9769
06414,2023,35 bis unter 40 Jahre,m,9640
06414,2023,65 bis unter 70 Jahre,m,6966
06414,2023,65 bis unter 70 Jahre,f,7860
06414,2023,70 bis unter 75 Jahre,f,7062
06414,2023,70 bis unter 75 Jahre,m,5483
06414,2023,55 bis unter 60 Jahre,m,10955
06414,2023,55 bis unter 60 Jahre,f,10948
08111,2023,25 bis unter 30 Jahre,f,26088
08111,2023,25 bis unter 30 Jahre,m,26810
08111,2023,45 bis unter 50 Jahre,f,19146
08111,2023,45 bis unter 50 Jahre,m,19495
08111,2023,80 bis unter 85 Jahre,m,8722
08111,2023,80 bis unter 85 Jahre,f,11769
08111,2023,65 bis unter 70 Jahre,f,14691
08111,2023,65 bis unter 70 Jahre,m,13800
08111,2023,85 bis unter 90 Jahre,f,8186
08111,2023,85 bis unter 90 Jahre,m,5320
08111,2023,50 bis unter 55 Jahre,f,19496
08111,2023,50 bis unter 55 Jahre,m,20282
08111,2023,10 bis unter 15 Jahre,f,12921
08111,2023,10 bis unter 15 Jahre,m,13444
08111,2023,95 Jahre und mehr,f,943
08111,2023,95 Jahre und mehr,m,366
08111,2023,40 bis unter 45 Jahre,m,21356
08111,2023,40 bis unter 45 Jahre,f,20986
08111,2023,unter 5 Jahre,m,14206
08111,2023,unter 5 Jahre,f,13465
08111,2023,75 bis unter 80 Jahre,m,8971
08111,2023,75 bis unter 80 Jahre,f,10947
08111,2023,5 bis unter 10 Jahre,m,14111
08111,2023,5 bis unter 10 Jahre,f,13053
08111,2023,30 bis unter 35 Jahre,m,27689
08111,2023,30 bis unter 35 Jahre,f,26087
08111,2023,20 bis unter 25 Jahre,m,20147
08111,2023,20 bis unter 25 Jahre,f,19843
08111,2023,15 bis unter 20 Jahre,f,13418
08111,2023,15 bis unter 20 Jahre,m,14468
08111,2023,35 bis unter 40 Jahre,f,22632
08111,2023,35 bis unter 40 Jahre,m,24167
08111,2023,60 bis unter 65 Jahre,f,18113
08111,2023,60 bis unter 65 Jahre,m,18298
08111,2023,90 bis unter 95 Jahre,m,1545
08111,2023,90 bis unter 95 Jahre,f,3001
08111,2023,55 bis unter 60 Jahre,m,21204
08111,2023,55 bis unter 60 Jahre,f,20222
08111,2023,70 bis unter 75 Jahre,f,12878
08111,2023,70 bis unter 75 Jahre,m,10825
03405,2023,45 bis unter 50 Jahre,m,1981
03405,2023,45 bis unter 50 Jahre,f,1869
03405,2023,90 bis unter 95 Jahre,f,463
03405,2023,90 bis unter 95 Jahre,m,186
03405,2023,85 bis unter 90 Jahre,m,891
03405,2023,85 bis unter 90 Jahre,f,1415
03405,2023,65 bis unter 70 Jahre,m,2256
03405,2023,65 bis unter 70 Jahre,f,2573
03405,2023,70 bis unter 75 Jahre,m,2032
03405,2023,70 bis unter 75 Jahre,f,2405
03405,2023,30 bis unter 35 Jahre,m,2828
03405,2023,30 bis unter 35 Jahre,f,2156
03405,2023,5 bis unter 10 Jahre,m,1652
03405,2023,5 bis unter 10 Jahre,f,1582
03405,2023,50 bis unter 55 Jahre,f,2288
03405,2023,50 bis unter 55 Jahre,m,2289
03405,2023,15 bis unter 20 Jahre,f,1620
03405,2023,15 bis unter 20 Jahre,m,1760
03405,2023,10 bis unter 15 Jahre,f,1480
03405,2023,10 bis unter 15 Jahre,m,1570
03405,2023,20 bis unter 25 Jahre,f,2059
03405,2023,20 bis unter 25 Jahre,m,2239
03405,2023,75 bis unter 80 Jahre,m,1625
03405,2023,75 bis unter 80 Jahre,f,1961
03405,2023,unter 5 Jahre,m,1636
03405,2023,unter 5 Jahre,f,1561
03405,2023,55 bis unter 60 Jahre,m,2995
03405,2023,55 bis unter 60 Jahre,f,3114
03405,2023,35 bis unter 40 Jahre,m,2471
03405,2023,35 bis unter 40 Jahre,f,2099
03405,2023,95 Jahre und mehr,f,164
03405,2023,95 Jahre und mehr,m,36
03405,2023,80 bis unter 85 Jahre,f,2136
03405,2023,80 bis unter 85 Jahre,m,1514
03405,2023,40 bis unter 45 Jahre,m,2227
03405,2023,40 bis unter 45 Jahre,f,1916
03405,2023,60 bis unter 65 Jahre,f,3005
03405,2023,60 bis unter 65 Jahre,m,2790
03405,2023,25 bis unter 30 Jahre,f,2249
03405,2023,25 bis unter 30 Jahre,m,2917
03360,2023,55 bis unter 60 Jahre,m,3958
03360,2023,55 bis unter 60 Jahre,f,4147
03360,2023,75 bis unter 80 Jahre,m,1691
03360,2023,75 bis unter 80 Jahre,f,2083
03360,2023,40 bis unter 45 Jahre,f,2576
03360,2023,40 bis unter 45 Jahre,m,2472
03360,2023,60 bis unter 65 Jahre,m,3944
03360,2023,60 bis unter 65 Jahre,f,4034
03360,2023,35 bis unter 40 Jahre,m,2750
03360,2023,35 bis unter 40 Jahre,f,2530
03360,2023,5 bis unter 10 Jahre,f,1926
03360,2023,5 bis unter 10 Jahre,m,2034
03360,2023,80 bis unter 85 Jahre,f,2433
03360,2023,80 bis unter 85 Jahre,m,1769
03360,2023,20 bis unter 25 Jahre,m,2326
03360,2023,20 bis unter 25 Jahre,f,1917
03360,2023,65 bis unter 70 Jahre,f,3363
03360,2023,65 bis unter 70 Jahre,m,3111
03360,2023,unter 5 Jahre,f,1920
03360,2023,unter 5 Jahre,m,1987
03360,2023,85 bis unter 90 Jahre,f,1729
03360,2023,85 bis unter 90 Jahre,m,1034
03360,2023,10 bis unter 15 Jahre,f,1875
03360,2023,10 bis unter 15 Jahre,m,2022
03360,2023,90 bis unter 95 Jahre,m,240
03360,2023,90 bis unter 95 Jahre,f,581
03360,2023,45 bis unter 50 Jahre,m,2506
03360,2023,45 bis unter 50 Jahre,f,2638
03360,2023,50 bis unter 55 Jahre,m,3184
03360,2023,50 bis unter 55 Jahre,f,3256
03360,2023,25 bis unter 30 Jahre,m,2428
03360,2023,25 bis unter 30 Jahre,f,2163
03360,2023,30 bis unter 35 Jahre,m,2542
03360,2023,30 bis unter 35 Jahre,f,2455
03360,2023,70 bis unter 75 Jahre,f,2930
03360,2023,70 bis unter 75 Jahre,m,2649
03360,2023,95 Jahre und mehr,m,53
03360,2023,95 Jahre und mehr,f,139
03360,2023,15 bis unter 20 Jahre,f,2088
03360,2023,15 bis unter 20 Jahre,m,2349
09189,2023,80 bis unter 85 Jahre,m,3043
09189,2023,80 bis unter 85 Jahre,f,4124
09189,2023,60 bis unter 65 Jahre,m,6771
09189,2023,60 bis unter 65 Jahre,f,7063
09189,2023,40 bis unter 45 Jahre,m,5254
09189,2023,40 bis unter 45 Jahre,f,5160
09189,2023,5 bis unter 10 Jahre,f,3967
09189,2023,5 bis unter 10 Jahre,m,4279
09189,2023,20 bis unter 25 Jahre,m,4331
09189,2023,20 bis unter 25 Jahre,f,3710
09189,2023,25 bis unter 30 Jahre,f,4306
09189,2023,25 bis unter 30 Jahre,m,4852
09189,2023,55 bis unter 60 Jahre,m,7005
09189,2023,55 bis unter 60 Jahre,f,7273
09189,2023,95 Jahre und mehr,m,83
09189,2023,95 Jahre und mehr,f,259
09189,2023,65 bis unter 70 Jahre,f,5759
09189,2023,65 bis unter 70 Jahre,m,5334
09189,2023,15 bis unter 20 Jahre,m,4125
09189,2023,15 bis unter 20 Jahre,f,3990
09189,2023,50 bis unter 55 Jahre,f,5829
09189,2023,50 bis unter 55 Jahre,m,5730
09189,2023,35 bis unter 40 Jahre,m,5462
09189,2023,35 bis unter 40 Jahre,f,5371
09189,2023,45 bis unter 50 Jahre,f,5124
09189,2023,45 bis unter 50 Jahre,m,4827
09189,2023,70 bis unter 75 Jahre,f,4925
09189,2023,70 bis unter 75 Jahre,m,4338
09189,2023,90 bis unter 95 Jahre,m,480
09189,2023,90 bis unter 95 Jahre,f,919
09189,2023,unter 5 Jahre,f,3995
09189,2023,unter 5 Jahre,m,4316
09189,2023,30 bis unter 35 Jahre,m,5400
09189,2023,30 bis unter 35 Jahre,f,5211
09189,2023,85 bis unter 90 Jahre,m,1715
09189,2023,85 bis unter 90 Jahre,f,2605
09189,2023,75 bis unter 80 Jahre,f,4104
09189,2023,75 bis unter 80 Jahre,m,3384
09189,2023,10 bis unter 15 Jahre,f,3662
09189,2023,10 bis unter 15 Jahre,m,3936
05974,2023,90 bis unter 95 Jahre,m,663
05974,2023,90 bis unter 95 Jahre,f,1688
05974,2023,unter 5 Jahre,f,6563
05974,2023,unter 5 Jahre,m,6934
05974,2023,30 bis unter 35 Jahre,m,9464
05974,2023,30 bis unter 35 Jahre,f,8622
05974,2023,55 bis unter 60 Jahre,f,13006
05974,2023,55 bis unter 60 Jahre,m,13183
05974,2023,85 bis unter 90 Jahre,m,2760
05974,2023,85 bis unter 90 Jahre,f,4701
05974,2023,70 bis unter 75 Jahre,m,7584
05974,2023,70 bis unter 75 Jahre,f,8575
05974,2023,40 bis unter 45 Jahre,f,9179
05974,2023,40 bis unter 45 Jahre,m,9382
05974,2023,15 bis unter 20 Jahre,f,7062
05974,2023,15 bis unter 20 Jahre,m,7709
05974,2023,45 bis unter 50 Jahre,m,8771
05974,2023,45 bis unter 50 Jahre,f,8607
05974,2023,25 bis unter 30 Jahre,m,8783
05974,2023,25 bis unter 30 Jahre,f,7501
05974,2023,80 bis unter 85 Jahre,f,6371
05974,2023,80 bis unter 85 Jahre,m,4611
05974,2023,5 bis unter 10 Jahre,m,7334
05974,2023,5 bis unter 10 Jahre,f,7122
05974,2023,60 bis unter 65 Jahre,f,12383
05974,2023,60 bis unter 65 Jahre,m,12026
05974,2023,50 bis unter 55 Jahre,f,10659
05974,2023,50 bis unter 55 Jahre,m,10434
05974,2023,35 bis unter 40 Jahre,m,9853
05974,2023,35 bis unter 40 Jahre,f,9028
05974,2023,65 bis unter 70 Jahre,f,10245
05974,2023,65 bis unter 70 Jahre,m,9740
05974,2023,20 bis unter 25 Jahre,m,7974
05974,2023,20 bis unter 25 Jahre,f,6700
05974,2023,95 Jahre und mehr,f,490
05974,2023,95 Jahre und mehr,m,134
05974,2023,10 bis unter 15 Jahre,m,7077
05974,2023,10 bis unter 15 Jahre,f,6770
05974,2023,75 bis unter 80 Jahre,f,5818
05974,2023,75 bis unter 80 Jahre,m,4841
01058,2023,80 bis unter 85 Jahre,m,5188
01058,2023,80 bis unter 85 Jahre,f,6817
01058,2023,20 bis unter 25 Jahre,m,6827
01058,2023,20 bis unter 25 Jahre,f,5533
01058,2023,45 bis unter 50 Jahre,f,8070
01058,2023,45 bis unter 50 Jahre,m,7703
01058,2023,75 bis unter 80 Jahre,m,5634
01058,2023,75 bis unter 80 Jahre,f,6557
01058,2023,60 bis unter 65 Jahre,m,10929
01058,2023,60 bis unter 65 Jahre,f,11635
01058,2023,35 bis unter 40 Jahre,m,8228
01058,2023,35 bis unter 40 Jahre,f,8264
01058,2023,5 bis unter 10 Jahre,f,6582
01058,2023,5 bis unter 10 Jahre,m,6791
01058,2023,30 bis unter 35 Jahre,f,7482
01058,2023,30 bis unter 35 Jahre,m,7660
01058,2023,unter 5 Jahre,m,6174
01058,2023,unter 5 Jahre,f,5696
01058,2023,90 bis unter 95 Jahre,f,1354
01058,2023,90 bis unter 95 Jahre,m,617
01058,2023,85 bis unter 90 Jahre,f,4300
01058,2023,85 bis unter 90 Jahre,m,2911
01058,2023,10 bis unter 15 Jahre,f,6303
01058,2023,10 bis unter 15 Jahre,m,6774
01058,2023,65 bis unter 70 Jahre,f,9467
01058,2023,65 bis unter 70 Jahre,m,8750
01058,2023,55 bis unter 60 Jahre,m,12543
01058,2023,55 bis unter 60 Jahre,f,13138
01058,2023,95 Jahre und mehr,m,140
01058,2023,95 Jahre und mehr,f,469
01058,2023,70 bis unter 75 Jahre,m,7496
01058,2023,70 bis unter 75 Jahre,f,8148
01058,2023,50 bis unter 55 Jahre,m,9770
01058,2023,50 bis unter 55 Jahre,f,10330
01058,2023,15 bis unter 20 Jahre,f,6732
01058,2023,15 bis unter 20 Jahre,m,7278
01058,2023,25 bis unter 30 Jahre,m,6933
01058,2023,25 bis unter 30 Jahre,f,5981
01058,2023,40 bis unter 45 Jahre,f,8520
01058,2023,40 bis unter 45 Jahre,m,8164
05774,2023,40 bis unter 45 Jahre,m,10052
05774,2023,40 bis unter 45 Jahre,f,9564
05774,2023,unter 5 Jahre,m,7992
05774,2023,unter 5 Jahre,f,7304
05774,2023,20 bis unter 25 Jahre,m,10594
05774,2023,20 bis unter 25 Jahre,f,9749
05774,2023,95 Jahre und mehr,m,126
05774,2023,95 Jahre und mehr,f,480
05774,2023,5 bis unter 10 Jahre,f,7771
05774,2023,5 bis unter 10 Jahre,m,8211
05774,2023,80 bis unter 85 Jahre,f,5687
05774,2023,80 bis unter 85 Jahre,m,4045
05774,2023,35 bis unter 40 Jahre,m,11038
05774,2023,35 bis unter 40 Jahre,f,9956
05774,2023,60 bis unter 65 Jahre,m,11464
05774,2023,60 bis unter 65 Jahre,f,11826
05774,2023,75 bis unter 80 Jahre,m,4435
05774,2023,75 bis unter 80 Jahre,f,5175
05774,2023,45 bis unter 50 Jahre,f,9037
05774,2023,45 bis unter 50 Jahre,m,9097
05774,2023,10 bis unter 15 Jahre,f,7403
05774,2023,10 bis unter 15 Jahre,m,7917
05774,2023,55 bis unter 60 Jahre,f,11992
05774,2023,55 bis unter 60 Jahre,m,12305
05774,2023,90 bis unter 95 Jahre,m,606
05774,2023,90 bis unter 95 Jahre,f,1486
05774,2023,65 bis unter 70 Jahre,f,10036
05774,2023,65 bis unter 70 Jahre,m,9553
05774,2023,85 bis unter 90 Jahre,m,2337
05774,2023,85 bis unter 90 Jahre,f,4124
05774,2023,30 bis unter 35 Jahre,m,11178
05774,2023,30 bis unter 35 Jahre,f,10067
05774,2023,50 bis unter 55 Jahre,m,10235
05774,2023,50 bis unter 55 Jahre,f,10328
05774,2023,70 bis unter 75 Jahre,m,7123
05774,2023,70 bis unter 75 Jahre,f,7942
05774,2023,25 bis unter 30 Jahre,m,11328
05774,2023,25 bis unter 30 Jahre,f,9807
05774,2023,15 bis unter 20 Jahre,f,7768
05774,2023,15 bis unter 20 Jahre,m,8468
07339,2023,80 bis unter 85 Jahre,m,3122
07339,2023,80 bis unter 85 Jahre,f,4243
07339,2023,25 bis unter 30 Jahre,f,4350
07339,2023,25 bis unter 30 Jahre,m,5142
07339,2023,60 bis unter 65 Jahre,m,8391
07339,2023,60 bis unter 65 Jahre,f,8562
07339,2023,5 bis unter 10 Jahre,f,5143
07339,2023,5 bis unter 10 Jahre,m,5449
07339,2023,65 bis unter 70 Jahre,f,7009
07339,2023,65 bis unter 70 Jahre,m,6536
07339,2023,95 Jahre und mehr,f,299
07339,2023,95 Jahre und mehr,m,106
07339,2023,70 bis unter 75 Jahre,f,6058
07339,2023,70 bis unter 75 Jahre,m,5577
07339,2023,15 bis unter 20 Jahre,m,5356
07339,2023,15 bis unter 20 Jahre,f,4892
07339,2023,50 bis unter 55 Jahre,f,7554
07339,2023,50 bis unter 55 Jahre,m,7472
07339,2023,35 bis unter 40 Jahre,m,6286
07339,2023,35 bis unter 40 Jahre,f,6718
07339,2023,40 bis unter 45 Jahre,m,6763
07339,2023,40 bis unter 45 Jahre,f,7068
07339,2023,45 bis unter 50 Jahre,f,6585
07339,2023,45 bis unter 50 Jahre,m,6135
07339,2023,90 bis unter 95 Jahre,m,451
07339,2023,90 bis unter 95 Jahre,f,974
07339,2023,85 bis unter 90 Jahre,m,1660
07339,2023,85 bis unter 90 Jahre,f,2714
07339,2023,55 bis unter 60 Jahre,f,9200
07339,2023,55 bis unter 60 Jahre,m,9055
07339,2023,unter 5 Jahre,f,4642
07339,2023,unter 5 Jahre,m,4876
07339,2023,30 bis unter 35 Jahre,m,5542
07339,2023,30 bis unter 35 Jahre,f,5546
07339,2023,20 bis unter 25 Jahre,m,4939
07339,2023,20 bis unter 25 Jahre,f,4174
07339,2023,75 bis unter 80 Jahre,f,4080
07339,2023,75 bis unter 80 Jahre,m,3536
07339,2023,10 bis unter 15 Jahre,f,4801
07339,2023,10 bis unter 15 Jahre,m,5214
09163,2023,80 bis unter 85 Jahre,m,1064
09163,2023,80 bis unter 85 Jahre,f,1381
09163,2023,55 bis unter 60 Jahre,m,2398
09163,2023,55 bis unter 60 Jahre,f,2464
09163,2023,95 Jahre und mehr,m,33
09163,2023,95 Jahre und mehr,f,86
09163,2023,10 bis unter 15 Jahre,f,1374
09163,2023,10 bis unter 15 Jahre,m,1459
09163,2023,25 bis unter 30 Jahre,f,2378
09163,2023,25 bis unter 30 Jahre,m,2539
09163,2023,40 bis unter 45 Jahre,m,2117
09163,2023,40 bis unter 45 Jahre,f,2070
09163,2023,70 bis unter 75 Jahre,f,1676
09163,2023,70 bis unter 75 Jahre,m,1273
09163,2023,15 bis unter 20 Jahre,m,1584
09163,2023,15 bis unter 20 Jahre,f,1447
09163,2023,60 bis unter 65 Jahre,f,2139
09163,2023,60 bis unter 65 Jahre,m,1979
09163,2023,65 bis unter 70 Jahre,f,1683
09163,2023,65 bis unter 70 Jahre,m,1497
09163,2023,90 bis unter 95 Jahre,f,293
09163,2023,90 bis unter 95 Jahre,m,135
09163,2023,45 bis unter 50 Jahre,m,2022
09163,2023,45 bis unter 50 Jahre,f,2018
09163,2023,35 bis unter 40 Jahre,m,2324
09163,2023,35 bis unter 40 Jahre,f,2164
09163,2023,50 bis unter 55 Jahre,m,2095
09163,2023,50 bis unter 55 Jahre,f,2086
09163,2023,unter 5 Jahre,f,1552
09163,2023,unter 5 Jahre,m,1603
09163,2023,30 bis unter 35 Jahre,m,2493
09163,2023,30 bis unter 35 Jahre,f,2295
09163,2023,75 bis unter 80 Jahre,f,1404
09163,2023,75 bis unter 80 Jahre,m,1032
09163,2023,5 bis unter 10 Jahre,m,1557
09163,2023,5 bis unter 10 Jahre,f,1440
09163,2023,85 bis unter 90 Jahre,f,862
09163,2023,85 bis unter 90 Jahre,m,506
09163,2023,20 bis unter 25 Jahre,f,1818
09163,2023,20 bis unter 25 Jahre,m,2113
07313,2023,80 bis unter 85 Jahre,m,679
07313,2023,80 bis unter 85 Jahre,f,929
07313,2023,95 Jahre und mehr,f,72
07313,2023,95 Jahre und mehr,m,18
07313,2023,10 bis unter 15 Jahre,f,978
07313,2023,10 bis unter 15 Jahre,m,1022
07313,2023,40 bis unter 45 Jahre,m,1398
07313,2023,40 bis unter 45 Jahre,f,1374
07313,2023,65 bis unter 70 Jahre,f,1466
07313,2023,65 bis unter 70 Jahre,m,1402
07313,2023,25 bis unter 30 Jahre,f,2036
07313,2023,25 bis unter 30 Jahre,m,1955
07313,2023,55 bis unter 60 Jahre,m,1765
07313,2023,55 bis unter 60 Jahre,f,1857
07313,2023,70 bis unter 75 Jahre,f,1267
07313,2023,70 bis unter 75 Jahre,m,1072
07313,2023,15 bis unter 20 Jahre,m,1046
07313,2023,15 bis unter 20 Jahre,f,1147
07313,2023,60 bis unter 65 Jahre,f,1784
07313,2023,60 bis unter 65 Jahre,m,1759
07313,2023,90 bis unter 95 Jahre,f,240
07313,2023,90 bis unter 95 Jahre,m,96
07313,2023,45 bis unter 50 Jahre,m,1223
07313,2023,45 bis unter 50 Jahre,f,1276
07313,2023,35 bis unter 40 Jahre,m,1624
07313,2023,35 bis unter 40 Jahre,f,1567
07313,2023,50 bis unter 55 Jahre,m,1468
07313,2023,50 bis unter 55 Jahre,f,1547
07313,2023,30 bis unter 35 Jahre,m,1817
07313,2023,30 bis unter 35 Jahre,f,1680
07313,2023,unter 5 Jahre,f,1056
07313,2023,unter 5 Jahre,m,1100
07313,2023,75 bis unter 80 Jahre,f,857
07313,2023,75 bis unter 80 Jahre,m,695
07313,2023,5 bis unter 10 Jahre,m,1115
07313,2023,5 bis unter 10 Jahre,f,1016
07313,2023,20 bis unter 25 Jahre,f,2265
07313,2023,20 bis unter 25 Jahre,m,1493
07313,2023,85 bis unter 90 Jahre,f,661
07313,2023,85 bis unter 90 Jahre,m,380
09183,2023,95 Jahre und mehr,f,134
09183,2023,95 Jahre und mehr,m,60
09183,2023,90 bis unter 95 Jahre,m,230
09183,2023,90 bis unter 95 Jahre,f,547
09183,2023,35 bis unter 40 Jahre,f,3837
09183,2023,35 bis unter 40 Jahre,m,4194
09183,2023,65 bis unter 70 Jahre,m,3666
09183,2023,65 bis unter 70 Jahre,f,3718
09183,2023,50 bis unter 55 Jahre,m,4410
09183,2023,50 bis unter 55 Jahre,f,4122
09183,2023,20 bis unter 25 Jahre,f,2932
09183,2023,20 bis unter 25 Jahre,m,3450
09183,2023,10 bis unter 15 Jahre,m,2965
09183,2023,10 bis unter 15 Jahre,f,2722
09183,2023,60 bis unter 65 Jahre,f,4631
09183,2023,60 bis unter 65 Jahre,m,4647
09183,2023,15 bis unter 20 Jahre,m,2987
09183,2023,15 bis unter 20 Jahre,f,2775
09183,2023,40 bis unter 45 Jahre,m,4083
09183,2023,40 bis unter 45 Jahre,f,3685
09183,2023,85 bis unter 90 Jahre,m,911
09183,2023,85 bis unter 90 Jahre,f,1524
09183,2023,5 bis unter 10 Jahre,m,3146
09183,2023,5 bis unter 10 Jahre,f,2934
09183,2023,30 bis unter 35 Jahre,m,4262
09183,2023,30 bis unter 35 Jahre,f,3754
09183,2023,25 bis unter 30 Jahre,f,3229
09183,2023,25 bis unter 30 Jahre,m,3765
09183,2023,75 bis unter 80 Jahre,m,1973
09183,2023,75 bis unter 80 Jahre,f,2313
09183,2023,45 bis unter 50 Jahre,f,3731
09183,2023,45 bis unter 50 Jahre,m,3788
09183,2023,70 bis unter 75 Jahre,f,3160
09183,2023,70 bis unter 75 Jahre,m,2859
09183,2023,unter 5 Jahre,m,3060
09183,2023,unter 5 Jahre,f,3045
09183,2023,55 bis unter 60 Jahre,m,5061
09183,2023,55 bis unter 60 Jahre,f,4744
09183,2023,80 bis unter 85 Jahre,f,2376
09183,2023,80 bis unter 85 Jahre,m,1833
01061,2023,unter 5 Jahre,m,2877
01061,2023,unter 5 Jahre,f,2749
01061,2023,95 Jahre und mehr,f,238
01061,2023,95 Jahre und mehr,m,66
01061,2023,55 bis unter 60 Jahre,f,6314
01061,2023,55 bis unter 60 Jahre,m,6187
01061,2023,60 bis unter 65 Jahre,m,5611
01061,2023,60 bis unter 65 Jahre,f,5792
01061,2023,75 bis unter 80 Jahre,m,2483
01061,2023,75 bis unter 80 Jahre,f,2937
01061,2023,40 bis unter 45 Jahre,f,3751
01061,2023,40 bis unter 45 Jahre,m,3764
01061,2023,20 bis unter 25 Jahre,m,3298
01061,2023,20 bis unter 25 Jahre,f,2854
01061,2023,35 bis unter 40 Jahre,m,4083
01061,2023,35 bis unter 40 Jahre,f,3972
01061,2023,80 bis unter 85 Jahre,f,3178
01061,2023,80 bis unter 85 Jahre,m,2379
01061,2023,65 bis unter 70 Jahre,f,4299
01061,2023,65 bis unter 70 Jahre,m,4268
01061,2023,90 bis unter 95 Jahre,m,307
01061,2023,90 bis unter 95 Jahre,f,691
01061,2023,10 bis unter 15 Jahre,f,2922
01061,2023,10 bis unter 15 Jahre,m,3140
01061,2023,70 bis unter 75 Jahre,f,3691
01061,2023,70 bis unter 75 Jahre,m,3331
01061,2023,50 bis unter 55 Jahre,f,4821
01061,2023,50 bis unter 55 Jahre,m,4827
01061,2023,5 bis unter 10 Jahre,m,3135
01061,2023,5 bis unter 10 Jahre,f,3017
01061,2023,85 bis unter 90 Jahre,f,2143
01061,2023,85 bis unter 90 Jahre,m,1276
01061,2023,45 bis unter 50 Jahre,m,3560
01061,2023,45 bis unter 50 Jahre,f,3736
01061,2023,30 bis unter 35 Jahre,m,3996
01061,2023,30 bis unter 35 Jahre,f,3776
01061,2023,25 bis unter 30 Jahre,m,3606
01061,2023,25 bis unter 30 Jahre,f,3068
01061,2023,15 bis unter 20 Jahre,f,2989
01061,2023,15 bis unter 20 Jahre,m,3315
05119,2023,45 bis unter 50 Jahre,f,6232
05119,2023,45 bis unter 50 Jahre,m,6269
05119,2023,85 bis unter 90 Jahre,f,3374
05119,2023,85 bis unter 90 Jahre,m,1909
05119,2023,65 bis unter 70 Jahre,f,7504
05119,2023,65 bis unter 70 Jahre,m,6611
05119,2023,5 bis unter 10 Jahre,m,5437
05119,2023,5 bis unter 10 Jahre,f,5217
05119,2023,80 bis unter 85 Jahre,m,2945
05119,2023,80 bis unter 85 Jahre,f,4354
05119,2023,50 bis unter 55 Jahre,f,7018
05119,2023,50 bis unter 55 Jahre,m,7097
05119,2023,25 bis unter 30 Jahre,f,6068
05119,2023,25 bis unter 30 Jahre,m,6281
05119,2023,10 bis unter 15 Jahre,f,4881
05119,2023,10 bis unter 15 Jahre,m,5022
05119,2023,40 bis unter 45 Jahre,m,6618
05119,2023,40 bis unter 45 Jahre,f,6952
05119,2023,70 bis unter 75 Jahre,m,5373
05119,2023,70 bis unter 75 Jahre,f,6200
05119,2023,90 bis unter 95 Jahre,f,1221
05119,2023,90 bis unter 95 Jahre,m,470
05119,2023,60 bis unter 65 Jahre,m,8112
05119,2023,60 bis unter 65 Jahre,f,8488
05119,2023,35 bis unter 40 Jahre,m,7024
05119,2023,35 bis unter 40 Jahre,f,7046
05119,2023,55 bis unter 60 Jahre,f,8758
05119,2023,55 bis unter 60 Jahre,m,8570
05119,2023,unter 5 Jahre,f,4894
05119,2023,unter 5 Jahre,m,4960
05119,2023,95 Jahre und mehr,f,339
05119,2023,95 Jahre und mehr,m,83
05119,2023,15 bis unter 20 Jahre,f,4925
05119,2023,15 bis unter 20 Jahre,m,5086
05119,2023,20 bis unter 25 Jahre,f,5094
05119,2023,20 bis unter 25 Jahre,m,5153
05119,2023,75 bis unter 80 Jahre,f,4378
05119,2023,75 bis unter 80 Jahre,m,3429
05119,2023,30 bis unter 35 Jahre,m,7200
05119,2023,30 bis unter 35 Jahre,f,6918
01051,2023,5 bis unter 10 Jahre,f,2939
01051,2023,5 bis unter 10 Jahre,m,2966
01051,2023,10 bis unter 15 Jahre,f,2924
01051,2023,10 bis unter 15 Jahre,m,3052
01051,2023,40 bis unter 45 Jahre,m,3661
01051,2023,40 bis unter 45 Jahre,f,3605
01051,2023,65 bis unter 70 Jahre,f,4866
01051,2023,65 bis unter 70 Jahre,m,4515
01051,2023,55 bis unter 60 Jahre,m,5824
01051,2023,55 bis unter 60 Jahre,f,5947
01051,2023,25 bis unter 30 Jahre,f,3351
01051,2023,25 bis unter 30 Jahre,m,3691
01051,2023,80 bis unter 85 Jahre,m,2631
01051,2023,80 bis unter 85 Jahre,f,3334
01051,2023,50 bis unter 55 Jahre,f,4834
01051,2023,50 bis unter 55 Jahre,m,4704
01051,2023,85 bis unter 90 Jahre,f,2212
01051,2023,85 bis unter 90 Jahre,m,1267
01051,2023,75 bis unter 80 Jahre,f,3223
01051,2023,75 bis unter 80 Jahre,m,2837
01051,2023,unter 5 Jahre,m,2796
01051,2023,unter 5 Jahre,f,2651
01051,2023,20 bis unter 25 Jahre,m,3525
01051,2023,20 bis unter 25 Jahre,f,2996
01051,2023,30 bis unter 35 Jahre,f,3421
01051,2023,30 bis unter 35 Jahre,m,3931
01051,2023,95 Jahre und mehr,m,78
01051,2023,95 Jahre und mehr,f,224
01051,2023,90 bis unter 95 Jahre,m,294
01051,2023,90 bis unter 95 Jahre,f,737
01051,2023,15 bis unter 20 Jahre,f,3125
01051,2023,15 bis unter 20 Jahre,m,3258
01051,2023,70 bis unter 75 Jahre,m,4024
01051,2023,70 bis unter 75 Jahre,f,4282
01051,2023,35 bis unter 40 Jahre,f,3636
01051,2023,35 bis unter 40 Jahre,m,3753
01051,2023,60 bis unter 65 Jahre,f,5715
01051,2023,60 bis unter 65 Jahre,m,5512
01051,2023,45 bis unter 50 Jahre,m,3548
01051,2023,45 bis unter 50 Jahre,f,3625
03356,2023,90 bis unter 95 Jahre,m,244
03356,2023,90 bis unter 95 Jahre,f,532
03356,2023,15 bis unter 20 Jahre,f,2610
03356,2023,15 bis unter 20 Jahre,m,2739
03356,2023,70 bis unter 75 Jahre,m,3008
03356,2023,70 bis unter 75 Jahre,f,3504
03356,2023,50 bis unter 55 Jahre,m,3967
03356,2023,50 bis unter 55 Jahre,f,4117
03356,2023,95 Jahre und mehr,f,160
03356,2023,95 Jahre und mehr,m,38
03356,2023,85 bis unter 90 Jahre,m,1118
03356,2023,85 bis unter 90 Jahre,f,1736
03356,2023,55 bis unter 60 Jahre,f,5286
03356,2023,55 bis unter 60 Jahre,m,5285
03356,2023,10 bis unter 15 Jahre,m,2817
03356,2023,10 bis unter 15 Jahre,f,2593
03356,2023,25 bis unter 30 Jahre,m,2409
03356,2023,25 bis unter 30 Jahre,f,2301
03356,2023,5 bis unter 10 Jahre,m,3029
03356,2023,5 bis unter 10 Jahre,f,2929
03356,2023,60 bis unter 65 Jahre,f,4768
03356,2023,60 bis unter 65 Jahre,m,4731
03356,2023,40 bis unter 45 Jahre,f,3632
03356,2023,40 bis unter 45 Jahre,m,3444
03356,2023,30 bis unter 35 Jahre,m,2968
03356,2023,30 bis unter 35 Jahre,f,3014
03356,2023,35 bis unter 40 Jahre,f,3521
03356,2023,35 bis unter 40 Jahre,m,3237
03356,2023,80 bis unter 85 Jahre,m,2118
03356,2023,80 bis unter 85 Jahre,f,2832
03356,2023,45 bis unter 50 Jahre,f,3316
03356,2023,45 bis unter 50 Jahre,m,3181
03356,2023,75 bis unter 80 Jahre,m,2309
03356,2023,75 bis unter 80 Jahre,f,2716
03356,2023,20 bis unter 25 Jahre,m,2568
03356,2023,20 bis unter 25 Jahre,f,2311
03356,2023,unter 5 Jahre,m,2659
03356,2023,unter 5 Jahre,f,2532
03356,2023,65 bis unter 70 Jahre,m,3651
03356,2023,65 bis unter 70 Jahre,f,3854
06631,2023,35 bis unter 40 Jahre,f,6739
06631,2023,35 bis unter 40 Jahre,m,7261
06631,2023,unter 5 Jahre,f,5074
06631,2023,unter 5 Jahre,m,5319
06631,2023,15 bis unter 20 Jahre,f,5390
06631,2023,15 bis unter 20 Jahre,m,5716
06631,2023,20 bis unter 25 Jahre,f,5862
06631,2023,20 bis unter 25 Jahre,m,6428
06631,2023,40 bis unter 45 Jahre,f,6513
06631,2023,40 bis unter 45 Jahre,m,6796
06631,2023,85 bis unter 90 Jahre,m,2075
06631,2023,85 bis unter 90 Jahre,f,3394
06631,2023,70 bis unter 75 Jahre,m,5454
06631,2023,70 bis unter 75 Jahre,f,6116
06631,2023,55 bis unter 60 Jahre,f,9000
06631,2023,55 bis unter 60 Jahre,m,9174
06631,2023,80 bis unter 85 Jahre,f,4818
06631,2023,80 bis unter 85 Jahre,m,3566
06631,2023,10 bis unter 15 Jahre,m,5254
06631,2023,10 bis unter 15 Jahre,f,5131
06631,2023,65 bis unter 70 Jahre,m,6930
06631,2023,65 bis unter 70 Jahre,f,7054
06631,2023,90 bis unter 95 Jahre,f,1335
06631,2023,90 bis unter 95 Jahre,m,596
06631,2023,45 bis unter 50 Jahre,m,6220
06631,2023,45 bis unter 50 Jahre,f,6292
06631,2023,75 bis unter 80 Jahre,f,4153
06631,2023,75 bis unter 80 Jahre,m,3585
06631,2023,5 bis unter 10 Jahre,f,5295
06631,2023,5 bis unter 10 Jahre,m,5556
06631,2023,95 Jahre und mehr,f,437
06631,2023,95 Jahre und mehr,m,108
06631,2023,30 bis unter 35 Jahre,f,6611
06631,2023,30 bis unter 35 Jahre,m,7454
06631,2023,60 bis unter 65 Jahre,m,8387
06631,2023,60 bis unter 65 Jahre,f,8673
06631,2023,25 bis unter 30 Jahre,m,7391
06631,2023,25 bis unter 30 Jahre,f,6366
06631,2023,50 bis unter 55 Jahre,m,7489
06631,2023,50 bis unter 55 Jahre,f,7676
09778,2023,35 bis unter 40 Jahre,f,4483
09778,2023,35 bis unter 40 Jahre,m,4897
09778,2023,15 bis unter 20 Jahre,f,3206
09778,2023,15 bis unter 20 Jahre,m,3574
09778,2023,unter 5 Jahre,f,3843
09778,2023,unter 5 Jahre,m,3968
09778,2023,20 bis unter 25 Jahre,f,3380
09778,2023,20 bis unter 25 Jahre,m,4133
09778,2023,50 bis unter 55 Jahre,m,5182
09778,2023,50 bis unter 55 Jahre,f,4834
09778,2023,65 bis unter 70 Jahre,m,4199
09778,2023,65 bis unter 70 Jahre,f,4486
09778,2023,90 bis unter 95 Jahre,m,338
09778,2023,90 bis unter 95 Jahre,f,739
09778,2023,60 bis unter 65 Jahre,f,5593
09778,2023,60 bis unter 65 Jahre,m,5522
09778,2023,75 bis unter 80 Jahre,f,2982
09778,2023,75 bis unter 80 Jahre,m,2545
09778,2023,10 bis unter 15 Jahre,m,3518
09778,2023,10 bis unter 15 Jahre,f,3243
09778,2023,5 bis unter 10 Jahre,m,3762
09778,2023,5 bis unter 10 Jahre,f,3752
09778,2023,85 bis unter 90 Jahre,f,1988
09778,2023,85 bis unter 90 Jahre,m,1244
09778,2023,30 bis unter 35 Jahre,m,4824
09778,2023,30 bis unter 35 Jahre,f,4317
09778,2023,40 bis unter 45 Jahre,f,4355
09778,2023,40 bis unter 45 Jahre,m,4723
09778,2023,80 bis unter 85 Jahre,m,2367
09778,2023,80 bis unter 85 Jahre,f,3058
09778,2023,95 Jahre und mehr,m,57
09778,2023,95 Jahre und mehr,f,201
09778,2023,25 bis unter 30 Jahre,f,3778
09778,2023,25 bis unter 30 Jahre,m,4515
09778,2023,45 bis unter 50 Jahre,m,4349
09778,2023,45 bis unter 50 Jahre,f,4111
09778,2023,55 bis unter 60 Jahre,m,6145
09778,2023,55 bis unter 60 Jahre,f,5851
09778,2023,70 bis unter 75 Jahre,f,3668
09778,2023,70 bis unter 75 Jahre,m,3568
03158,2023,25 bis unter 30 Jahre,f,2720
03158,2023,25 bis unter 30 Jahre,m,2959
03158,2023,5 bis unter 10 Jahre,f,2708
03158,2023,5 bis unter 10 Jahre,m,2880
03158,2023,45 bis unter 50 Jahre,f,3418
03158,2023,45 bis unter 50 Jahre,m,3280
03158,2023,75 bis unter 80 Jahre,m,2282
03158,2023,75 bis unter 80 Jahre,f,2746
03158,2023,95 Jahre und mehr,m,61
03158,2023,95 Jahre und mehr,f,228
03158,2023,30 bis unter 35 Jahre,f,3217
03158,2023,30 bis unter 35 Jahre,m,3361
03158,2023,60 bis unter 65 Jahre,m,4829
03158,2023,60 bis unter 65 Jahre,f,4936
03158,2023,85 bis unter 90 Jahre,f,1981
03158,2023,85 bis unter 90 Jahre,m,1277
03158,2023,70 bis unter 75 Jahre,f,3546
03158,2023,70 bis unter 75 Jahre,m,3229
03158,2023,unter 5 Jahre,m,2808
03158,2023,unter 5 Jahre,f,2492
03158,2023,35 bis unter 40 Jahre,m,3636
03158,2023,35 bis unter 40 Jahre,f,3527
03158,2023,80 bis unter 85 Jahre,f,2948
03158,2023,80 bis unter 85 Jahre,m,2259
03158,2023,55 bis unter 60 Jahre,f,5397
03158,2023,55 bis unter 60 Jahre,m,5516
03158,2023,10 bis unter 15 Jahre,f,2511
03158,2023,10 bis unter 15 Jahre,m,2663
03158,2023,90 bis unter 95 Jahre,f,622
03158,2023,90 bis unter 95 Jahre,m,292
03158,2023,65 bis unter 70 Jahre,f,4038
03158,2023,65 bis unter 70 Jahre,m,3828
03158,2023,50 bis unter 55 Jahre,m,4149
03158,2023,50 bis unter 55 Jahre,f,4412
03158,2023,20 bis unter 25 Jahre,f,2465
03158,2023,20 bis unter 25 Jahre,m,2944
03158,2023,40 bis unter 45 Jahre,f,3556
03158,2023,40 bis unter 45 Jahre,m,3385
03158,2023,15 bis unter 20 Jahre,m,2892
03158,2023,15 bis unter 20 Jahre,f,2542
09464,2023,15 bis unter 20 Jahre,f,1090
09464,2023,15 bis unter 20 Jahre,m,1089
09464,2023,unter 5 Jahre,f,1013
09464,2023,unter 5 Jahre,m,1058
09464,2023,20 bis unter 25 Jahre,f,1230
09464,2023,20 bis unter 25 Jahre,m,1564
09464,2023,50 bis unter 55 Jahre,m,1464
09464,2023,50 bis unter 55 Jahre,f,1543
09464,2023,35 bis unter 40 Jahre,f,1375
09464,2023,35 bis unter 40 Jahre,m,1486
09464,2023,65 bis unter 70 Jahre,m,1392
09464,2023,65 bis unter 70 Jahre,f,1551
09464,2023,75 bis unter 80 Jahre,f,1147
09464,2023,75 bis unter 80 Jahre,m,841
09464,2023,90 bis unter 95 Jahre,m,100
09464,2023,90 bis unter 95 Jahre,f,284
09464,2023,85 bis unter 90 Jahre,f,807
09464,2023,85 bis unter 90 Jahre,m,396
09464,2023,10 bis unter 15 Jahre,m,1112
09464,2023,10 bis unter 15 Jahre,f,983
09464,2023,5 bis unter 10 Jahre,m,1082
09464,2023,5 bis unter 10 Jahre,f,1087
09464,2023,30 bis unter 35 Jahre,m,1610
09464,2023,30 bis unter 35 Jahre,f,1392
09464,2023,40 bis unter 45 Jahre,f,1339
09464,2023,40 bis unter 45 Jahre,m,1373
09464,2023,95 Jahre und mehr,f,96
09464,2023,95 Jahre und mehr,m,23
09464,2023,80 bis unter 85 Jahre,m,725
09464,2023,80 bis unter 85 Jahre,f,1140
09464,2023,25 bis unter 30 Jahre,f,1316
09464,2023,25 bis unter 30 Jahre,m,1872
09464,2023,55 bis unter 60 Jahre,m,1734
09464,2023,55 bis unter 60 Jahre,f,1787
09464,2023,60 bis unter 65 Jahre,f,1744
09464,2023,60 bis unter 65 Jahre,m,1635
09464,2023,45 bis unter 50 Jahre,m,1212
09464,2023,45 bis unter 50 Jahre,f,1274
09464,2023,70 bis unter 75 Jahre,f,1467
09464,2023,70 bis unter 75 Jahre,m,1051
03401,2023,80 bis unter 85 Jahre,m,1339
03401,2023,80 bis unter 85 Jahre,f,1851
03401,2023,75 bis unter 80 Jahre,m,1490
03401,2023,75 bis unter 80 Jahre,f,1877
03401,2023,45 bis unter 50 Jahre,f,2438
03401,2023,45 bis unter 50 Jahre,m,2367
03401,2023,30 bis unter 35 Jahre,f,2555
03401,2023,30 bis unter 35 Jahre,m,2765
03401,2023,60 bis unter 65 Jahre,m,2955
03401,2023,60 bis unter 65 Jahre,f,3002
03401,2023,20 bis unter 25 Jahre,m,2361
03401,2023,20 bis unter 25 Jahre,f,2122
03401,2023,35 bis unter 40 Jahre,m,2721
03401,2023,35 bis unter 40 Jahre,f,2582
03401,2023,5 bis unter 10 Jahre,f,2099
03401,2023,5 bis unter 10 Jahre,m,2191
03401,2023,95 Jahre und mehr,f,116
03401,2023,95 Jahre und mehr,m,36
03401,2023,unter 5 Jahre,m,2023
03401,2023,unter 5 Jahre,f,1921
03401,2023,10 bis unter 15 Jahre,m,2013
03401,2023,10 bis unter 15 Jahre,f,1831
03401,2023,85 bis unter 90 Jahre,f,1201
03401,2023,85 bis unter 90 Jahre,m,780
03401,2023,90 bis unter 95 Jahre,f,392
03401,2023,90 bis unter 95 Jahre,m,188
03401,2023,65 bis unter 70 Jahre,f,2491
03401,2023,65 bis unter 70 Jahre,m,2188
03401,2023,55 bis unter 60 Jahre,m,3244
03401,2023,55 bis unter 60 Jahre,f,3245
03401,2023,15 bis unter 20 Jahre,f,1907
03401,2023,15 bis unter 20 Jahre,m,2243
03401,2023,70 bis unter 75 Jahre,m,1917
03401,2023,70 bis unter 75 Jahre,f,2266
03401,2023,40 bis unter 45 Jahre,f,2427
03401,2023,40 bis unter 45 Jahre,m,2389
03401,2023,50 bis unter 55 Jahre,f,2800
03401,2023,50 bis unter 55 Jahre,m,2707
03401,2023,25 bis unter 30 Jahre,m,2465
03401,2023,25 bis unter 30 Jahre,f,2241
08117,2023,15 bis unter 20 Jahre,f,6168
08117,2023,15 bis unter 20 Jahre,m,6535
08117,2023,95 Jahre und mehr,f,393
08117,2023,95 Jahre und mehr,m,147
08117,2023,unter 5 Jahre,f,6191
08117,2023,unter 5 Jahre,m,6353
08117,2023,70 bis unter 75 Jahre,m,6024
08117,2023,70 bis unter 75 Jahre,f,7057
08117,2023,40 bis unter 45 Jahre,f,7999
08117,2023,40 bis unter 45 Jahre,m,8229
08117,2023,55 bis unter 60 Jahre,f,10393
08117,2023,55 bis unter 60 Jahre,m,10481
08117,2023,85 bis unter 90 Jahre,m,2554
08117,2023,85 bis unter 90 Jahre,f,4015
08117,2023,25 bis unter 30 Jahre,m,7820
08117,2023,25 bis unter 30 Jahre,f,6775
08117,2023,80 bis unter 85 Jahre,f,5707
08117,2023,80 bis unter 85 Jahre,m,4225
08117,2023,35 bis unter 40 Jahre,m,8519
08117,2023,35 bis unter 40 Jahre,f,8297
08117,2023,50 bis unter 55 Jahre,f,8952
08117,2023,50 bis unter 55 Jahre,m,8734
08117,2023,5 bis unter 10 Jahre,m,6731
08117,2023,5 bis unter 10 Jahre,f,6510
08117,2023,30 bis unter 35 Jahre,m,8517
08117,2023,30 bis unter 35 Jahre,f,7729
08117,2023,60 bis unter 65 Jahre,f,9787
08117,2023,60 bis unter 65 Jahre,m,9922
08117,2023,75 bis unter 80 Jahre,m,4412
08117,2023,75 bis unter 80 Jahre,f,5466
08117,2023,45 bis unter 50 Jahre,f,7483
08117,2023,45 bis unter 50 Jahre,m,7522
08117,2023,20 bis unter 25 Jahre,m,7291
08117,2023,20 bis unter 25 Jahre,f,6039
08117,2023,10 bis unter 15 Jahre,m,6300
08117,2023,10 bis unter 15 Jahre,f,5969
08117,2023,90 bis unter 95 Jahre,f,1409
08117,2023,90 bis unter 95 Jahre,m,692
08117,2023,65 bis unter 70 Jahre,f,8183
08117,2023,65 bis unter 70 Jahre,m,7702
09573,2023,25 bis unter 30 Jahre,f,2528
09573,2023,25 bis unter 30 Jahre,m,2848
09573,2023,5 bis unter 10 Jahre,f,2946
09573,2023,5 bis unter 10 Jahre,m,3054
09573,2023,10 bis unter 15 Jahre,f,2680
09573,2023,10 bis unter 15 Jahre,m,2885
09573,2023,30 bis unter 35 Jahre,f,3404
09573,2023,30 bis unter 35 Jahre,m,3305
09573,2023,60 bis unter 65 Jahre,m,4492
09573,2023,60 bis unter 65 Jahre,f,4884
09573,2023,45 bis unter 50 Jahre,f,3656
09573,2023,45 bis unter 50 Jahre,m,3564
09573,2023,75 bis unter 80 Jahre,m,2336
09573,2023,75 bis unter 80 Jahre,f,2736
09573,2023,85 bis unter 90 Jahre,f,1845
09573,2023,85 bis unter 90 Jahre,m,1122
09573,2023,70 bis unter 75 Jahre,f,3480
09573,2023,70 bis unter 75 Jahre,m,2964
09573,2023,35 bis unter 40 Jahre,m,3800
09573,2023,35 bis unter 40 Jahre,f,3905
09573,2023,unter 5 Jahre,m,2863
09573,2023,unter 5 Jahre,f,2627
09573,2023,55 bis unter 60 Jahre,m,4865
09573,2023,55 bis unter 60 Jahre,f,5173
09573,2023,80 bis unter 85 Jahre,f,2779
09573,2023,80 bis unter 85 Jahre,m,2052
09573,2023,65 bis unter 70 Jahre,f,3904
09573,2023,65 bis unter 70 Jahre,m,3635
09573,2023,90 bis unter 95 Jahre,f,659
09573,2023,90 bis unter 95 Jahre,m,236
09573,2023,95 Jahre und mehr,m,62
09573,2023,95 Jahre und mehr,f,189
09573,2023,20 bis unter 25 Jahre,f,2414
09573,2023,20 bis unter 25 Jahre,m,2682
09573,2023,50 bis unter 55 Jahre,m,3903
09573,2023,50 bis unter 55 Jahre,f,4157
09573,2023,15 bis unter 20 Jahre,m,2668
09573,2023,15 bis unter 20 Jahre,f,2473
09573,2023,40 bis unter 45 Jahre,m,3815
09573,2023,40 bis unter 45 Jahre,f,4027
09279,2023,90 bis unter 95 Jahre,m,157
09279,2023,90 bis unter 95 Jahre,f,410
09279,2023,55 bis unter 60 Jahre,f,3828
09279,2023,55 bis unter 60 Jahre,m,4101
09279,2023,85 bis unter 90 Jahre,m,706
09279,2023,85 bis unter 90 Jahre,f,1238
09279,2023,70 bis unter 75 Jahre,m,2384
09279,2023,70 bis unter 75 Jahre,f,2537
09279,2023,40 bis unter 45 Jahre,f,3224
09279,2023,40 bis unter 45 Jahre,m,3616
09279,2023,95 Jahre und mehr,f,93
09279,2023,95 Jahre und mehr,m,23
09279,2023,45 bis unter 50 Jahre,m,3265
09279,2023,45 bis unter 50 Jahre,f,2933
09279,2023,15 bis unter 20 Jahre,f,2240
09279,2023,15 bis unter 20 Jahre,m,2472
09279,2023,30 bis unter 35 Jahre,m,3873
09279,2023,30 bis unter 35 Jahre,f,3177
09279,2023,unter 5 Jahre,f,2434
09279,2023,unter 5 Jahre,m,2487
09279,2023,20 bis unter 25 Jahre,m,3144
09279,2023,20 bis unter 25 Jahre,f,2371
09279,2023,75 bis unter 80 Jahre,f,1739
09279,2023,75 bis unter 80 Jahre,m,1501
09279,2023,65 bis unter 70 Jahre,m,3137
09279,2023,65 bis unter 70 Jahre,f,3196
09279,2023,10 bis unter 15 Jahre,m,2290
09279,2023,10 bis unter 15 Jahre,f,2157
09279,2023,25 bis unter 30 Jahre,f,2511
09279,2023,25 bis unter 30 Jahre,m,3304
09279,2023,5 bis unter 10 Jahre,f,2374
09279,2023,5 bis unter 10 Jahre,m,2481
09279,2023,50 bis unter 55 Jahre,f,3465
09279,2023,50 bis unter 55 Jahre,m,3735
09279,2023,80 bis unter 85 Jahre,m,1304
09279,2023,80 bis unter 85 Jahre,f,1720
09279,2023,35 bis unter 40 Jahre,m,3845
09279,2023,35 bis unter 40 Jahre,f,3216
09279,2023,60 bis unter 65 Jahre,f,3971
09279,2023,60 bis unter 65 Jahre,m,4068
03452,2023,90 bis unter 95 Jahre,m,399
03452,2023,90 bis unter 95 Jahre,f,925
03452,2023,85 bis unter 90 Jahre,m,1515
03452,2023,85 bis unter 90 Jahre,f,2713
03452,2023,55 bis unter 60 Jahre,f,8527
03452,2023,55 bis unter 60 Jahre,m,8134
03452,2023,40 bis unter 45 Jahre,f,5372
03452,2023,40 bis unter 45 Jahre,m,5244
03452,2023,70 bis unter 75 Jahre,m,5764
03452,2023,70 bis unter 75 Jahre,f,6199
03452,2023,15 bis unter 20 Jahre,f,4357
03452,2023,15 bis unter 20 Jahre,m,4919
03452,2023,45 bis unter 50 Jahre,m,5172
03452,2023,45 bis unter 50 Jahre,f,5271
03452,2023,30 bis unter 35 Jahre,m,5505
03452,2023,30 bis unter 35 Jahre,f,5127
03452,2023,unter 5 Jahre,f,3916
03452,2023,unter 5 Jahre,m,4029
03452,2023,60 bis unter 65 Jahre,f,8134
03452,2023,60 bis unter 65 Jahre,m,7535
03452,2023,35 bis unter 40 Jahre,m,5509
03452,2023,35 bis unter 40 Jahre,f,5369
03452,2023,80 bis unter 85 Jahre,f,4055
03452,2023,80 bis unter 85 Jahre,m,2972
03452,2023,50 bis unter 55 Jahre,m,6920
03452,2023,50 bis unter 55 Jahre,f,7320
03452,2023,25 bis unter 30 Jahre,m,5143
03452,2023,25 bis unter 30 Jahre,f,4675
03452,2023,5 bis unter 10 Jahre,f,4127
03452,2023,5 bis unter 10 Jahre,m,4477
03452,2023,10 bis unter 15 Jahre,f,4139
03452,2023,10 bis unter 15 Jahre,m,4405
03452,2023,95 Jahre und mehr,f,243
03452,2023,95 Jahre und mehr,m,75
03452,2023,65 bis unter 70 Jahre,f,7086
03452,2023,65 bis unter 70 Jahre,m,6448
03452,2023,20 bis unter 25 Jahre,m,4786
03452,2023,20 bis unter 25 Jahre,f,4290
03452,2023,75 bis unter 80 Jahre,f,4321
03452,2023,75 bis unter 80 Jahre,m,3843
07140,2023,5 bis unter 10 Jahre,f,2454
07140,2023,5 bis unter 10 Jahre,m,2678
07140,2023,45 bis unter 50 Jahre,f,2973
07140,2023,45 bis unter 50 Jahre,m,3046
07140,2023,75 bis unter 80 Jahre,m,1824
07140,2023,75 bis unter 80 Jahre,f,2038
07140,2023,95 Jahre und mehr,f,178
07140,2023,95 Jahre und mehr,m,52
07140,2023,30 bis unter 35 Jahre,f,3083
07140,2023,30 bis unter 35 Jahre,m,3261
07140,2023,60 bis unter 65 Jahre,m,4485
07140,2023,60 bis unter 65 Jahre,f,4667
07140,2023,85 bis unter 90 Jahre,f,1568
07140,2023,85 bis unter 90 Jahre,m,958
07140,2023,unter 5 Jahre,m,2510
07140,2023,unter 5 Jahre,f,2421
07140,2023,35 bis unter 40 Jahre,m,3473
07140,2023,35 bis unter 40 Jahre,f,3280
07140,2023,80 bis unter 85 Jahre,f,2210
07140,2023,80 bis unter 85 Jahre,m,1605
07140,2023,55 bis unter 60 Jahre,f,4661
07140,2023,55 bis unter 60 Jahre,m,4459
07140,2023,10 bis unter 15 Jahre,f,2341
07140,2023,10 bis unter 15 Jahre,m,2479
07140,2023,90 bis unter 95 Jahre,f,564
07140,2023,90 bis unter 95 Jahre,m,251
07140,2023,65 bis unter 70 Jahre,f,3773
07140,2023,65 bis unter 70 Jahre,m,3833
07140,2023,70 bis unter 75 Jahre,m,3112
07140,2023,70 bis unter 75 Jahre,f,3399
07140,2023,20 bis unter 25 Jahre,f,2256
07140,2023,20 bis unter 25 Jahre,m,2681
07140,2023,50 bis unter 55 Jahre,m,3578
07140,2023,50 bis unter 55 Jahre,f,3650
07140,2023,25 bis unter 30 Jahre,m,2822
07140,2023,25 bis unter 30 Jahre,f,2413
07140,2023,15 bis unter 20 Jahre,m,2579
07140,2023,15 bis unter 20 Jahre,f,2351
07140,2023,40 bis unter 45 Jahre,f,3212
07140,2023,40 bis unter 45 Jahre,m,3212
07133,2023,40 bis unter 45 Jahre,m,5023
07133,2023,40 bis unter 45 Jahre,f,5067
07133,2023,10 bis unter 15 Jahre,f,3665
07133,2023,10 bis unter 15 Jahre,m,3974
07133,2023,80 bis unter 85 Jahre,m,2713
07133,2023,80 bis unter 85 Jahre,f,3669
07133,2023,25 bis unter 30 Jahre,f,3949
07133,2023,25 bis unter 30 Jahre,m,4302
07133,2023,55 bis unter 60 Jahre,m,6847
07133,2023,55 bis unter 60 Jahre,f,7089
07133,2023,65 bis unter 70 Jahre,f,6066
07133,2023,65 bis unter 70 Jahre,m,5392
07133,2023,15 bis unter 20 Jahre,m,4064
07133,2023,15 bis unter 20 Jahre,f,3622
07133,2023,60 bis unter 65 Jahre,f,7020
07133,2023,60 bis unter 65 Jahre,m,6681
07133,2023,35 bis unter 40 Jahre,f,5047
07133,2023,35 bis unter 40 Jahre,m,5039
07133,2023,70 bis unter 75 Jahre,f,5358
07133,2023,70 bis unter 75 Jahre,m,4698
07133,2023,45 bis unter 50 Jahre,f,4760
07133,2023,45 bis unter 50 Jahre,m,4556
07133,2023,95 Jahre und mehr,f,295
07133,2023,95 Jahre und mehr,m,94
07133,2023,90 bis unter 95 Jahre,m,439
07133,2023,90 bis unter 95 Jahre,f,906
07133,2023,85 bis unter 90 Jahre,m,1553
07133,2023,85 bis unter 90 Jahre,f,2462
07133,2023,50 bis unter 55 Jahre,m,5408
07133,2023,50 bis unter 55 Jahre,f,5620
07133,2023,unter 5 Jahre,f,3583
07133,2023,unter 5 Jahre,m,3823
07133,2023,30 bis unter 35 Jahre,m,5168
07133,2023,30 bis unter 35 Jahre,f,4840
07133,2023,5 bis unter 10 Jahre,m,4052
07133,2023,5 bis unter 10 Jahre,f,3900
07133,2023,75 bis unter 80 Jahre,f,3455
07133,2023,75 bis unter 80 Jahre,m,2890
07133,2023,20 bis unter 25 Jahre,f,3529
07133,2023,20 bis unter 25 Jahre,m,3946
