year,state,sex,age_band,count
2023,Rheinland-Pfalz,m,24 bis unter 25 Jahre,23940
2023,Rheinland-Pfalz,m,37 bis unter 38 Jahre,27092
2023,Rheinland-Pfalz,m,68 bis unter 69 Jahre,25180
2023,Rheinland-Pfalz,m,11 bis unter 12 Jahre,19140
2023,Rheinland-Pfalz,m,6 bis unter 7 Jahre,20898
2023,Rheinland-Pfalz,m,7 bis unter 8 Jahre,20961
2023,Rheinland-Pfalz,m,60 bis unter 61 Jahre,34802
2023,Rheinland-Pfalz,m,73 bis unter 74 Jahre,21833
2023,Rheinland-Pfalz,m,55 bis unter 56 Jahre,33135
2023,Rheinland-Pfalz,m,42 bis unter 43 Jahre,26268
2023,Rheinland-Pfalz,m,25 bis unter 26 Jahre,24609
2023,Rheinland-Pfalz,m,69 bis unter 70 Jahre,24501
2023,Rheinland-Pfalz,m,12 bis unter 13 Jahre,19036
2023,Rheinland-Pfalz,m,38 bis unter 39 Jahre,26051
2023,Rheinland-Pfalz,m,74 bis unter 75 Jahre,20464
2023,Rheinland-Pfalz,m,8 bis unter 9 Jahre,20109
2023,Rheinland-Pfalz,m,61 bis unter 62 Jahre,33679
2023,Rheinland-Pfalz,m,43 bis unter 44 Jahre,25488
2023,Rheinland-Pfalz,m,56 bis unter 57 Jahre,33476
2023,Rheinland-Pfalz,m,30 bis unter 31 Jahre,26360
2023,Rheinland-Pfalz,m,48 bis unter 49 Jahre,22743
2023,Rheinland-Pfalz,m,22 bis unter 23 Jahre,21814
2023,Rheinland-Pfalz,m,35 bis unter 36 Jahre,28569
2023,Rheinland-Pfalz,m,17 bis unter 18 Jahre,19725
2023,Rheinland-Pfalz,m,70 bis unter 71 Jahre,23172
2023,Rheinland-Pfalz,m,4 bis unter 5 Jahre,19875
2023,Rheinland-Pfalz,m,40 bis unter 41 Jahre,25930
2023,Rheinland-Pfalz,m,71 bis unter 72 Jahre,23021
2023,Rheinland-Pfalz,m,66 bis unter 67 Jahre,28233
2023,Rheinland-Pfalz,m,53 bis unter 54 Jahre,28883
2023,Rheinland-Pfalz,m,36 bis unter 37 Jahre,27391
2023,Rheinland-Pfalz,m,23 bis unter 24 Jahre,23279
2023,Rheinland-Pfalz,m,85 bis unter 90 Jahre,37250
2023,Rheinland-Pfalz,m,5 bis unter 6 Jahre,20356
2023,Rheinland-Pfalz,m,18 bis unter 19 Jahre,20171
2023,Rheinland-Pfalz,m,49 bis unter 50 Jahre,22756
2023,Rheinland-Pfalz,m,75 bis unter 80 Jahre,68111
2023,Rheinland-Pfalz,m,19 bis unter 20 Jahre,20802
2023,Rheinland-Pfalz,m,72 bis unter 73 Jahre,22067
2023,Rheinland-Pfalz,m,67 bis unter 68 Jahre,26802
2023,Rheinland-Pfalz,m,10 bis unter 11 Jahre,19149
2023,Rheinland-Pfalz,m,41 bis unter 42 Jahre,26323
2023,Rheinland-Pfalz,m,54 bis unter 55 Jahre,31320
2023,Rheinland-Pfalz,m,59 bis unter 60 Jahre,34924
2023,Rheinland-Pfalz,m,2 bis unter 3 Jahre,20112
2023,Rheinland-Pfalz,m,46 bis unter 47 Jahre,23562
2023,Rheinland-Pfalz,m,28 bis unter 29 Jahre,24614
2023,Rheinland-Pfalz,m,80 bis unter 85 Jahre,62640
2023,Rheinland-Pfalz,m,15 bis unter 16 Jahre,19806
2023,Rheinland-Pfalz,m,51 bis unter 52 Jahre,24981
2023,Rheinland-Pfalz,m,90 Jahre und mehr,12064
2023,Rheinland-Pfalz,m,20 bis unter 21 Jahre,20342
2023,Rheinland-Pfalz,m,33 bis unter 34 Jahre,28307
2023,Rheinland-Pfalz,m,64 bis unter 65 Jahre,30557
2023,Rheinland-Pfalz,m,47 bis unter 48 Jahre,23317
2023,Rheinland-Pfalz,m,34 bis unter 35 Jahre,27602
2023,Rheinland-Pfalz,m,29 bis unter 30 Jahre,25064
2023,Rheinland-Pfalz,m,3 bis unter 4 Jahre,19889
2023,Rheinland-Pfalz,m,16 bis unter 17 Jahre,19918
2023,Rheinland-Pfalz,m,52 bis unter 53 Jahre,27468
2023,Rheinland-Pfalz,m,21 bis unter 22 Jahre,20775
2023,Rheinland-Pfalz,m,65 bis unter 66 Jahre,28530
2023,Rheinland-Pfalz,m,13 bis unter 14 Jahre,19358
2023,Rheinland-Pfalz,m,57 bis unter 58 Jahre,35005
2023,Rheinland-Pfalz,m,unter 1 Jahr,17669
2023,Rheinland-Pfalz,m,26 bis unter 27 Jahre,25436
2023,Rheinland-Pfalz,m,39 bis unter 40 Jahre,25982
2023,Rheinland-Pfalz,m,62 bis unter 63 Jahre,33365
2023,Rheinland-Pfalz,m,9 bis unter 10 Jahre,19919
2023,Rheinland-Pfalz,m,44 bis unter 45 Jahre,24587
2023,Rheinland-Pfalz,m,31 bis unter 32 Jahre,26447
2023,Rheinland-Pfalz,m,1 bis unter 2 Jahre,19019
2023,Rheinland-Pfalz,m,14 bis unter 15 Jahre,19083
2023,Rheinland-Pfalz,m,45 bis unter 46 Jahre,24112
2023,Rheinland-Pfalz,m,58 bis unter 59 Jahre,34371
2023,Rheinland-Pfalz,m,27 bis unter 28 Jahre,25248
2023,Rheinland-Pfalz,m,50 bis unter 51 Jahre,23199
2023,Rheinland-Pfalz,m,63 bis unter 64 Jahre,31656
2023,Rheinland-Pfalz,m,32 bis unter 33 Jahre,27154
2023,Rheinland-Pfalz,f,40 bis unter 41 Jahre,25407
2023,Rheinland-Pfalz,f,5 bis unter 6 Jahre,19490
2023,Rheinland-Pfalz,f,71 bis unter 72 Jahre,25005
2023,Rheinland-Pfalz,f,18 bis unter 19 Jahre,18558
2023,Rheinland-Pfalz,f,23 bis unter 24 Jahre,21273
2023,Rheinland-Pfalz,f,49 bis unter 50 Jahre,23426
2023,Rheinland-Pfalz,f,36 bis unter 37 Jahre,26454
2023,Rheinland-Pfalz,f,54 bis unter 55 Jahre,31382
2023,Rheinland-Pfalz,f,10 bis unter 11 Jahre,18409
2023,Rheinland-Pfalz,f,67 bis unter 68 Jahre,28208
2023,Rheinland-Pfalz,f,52 bis unter 53 Jahre,28216
2023,Rheinland-Pfalz,f,17 bis unter 18 Jahre,17960
2023,Rheinland-Pfalz,f,4 bis unter 5 Jahre,19105
2023,Rheinland-Pfalz,f,85 bis unter 90 Jahre,61109
2023,Rheinland-Pfalz,f,70 bis unter 71 Jahre,25648
2023,Rheinland-Pfalz,f,35 bis unter 36 Jahre,26635
2023,Rheinland-Pfalz,f,48 bis unter 49 Jahre,23163
2023,Rheinland-Pfalz,f,66 bis unter 67 Jahre,29181
2023,Rheinland-Pfalz,f,53 bis unter 54 Jahre,29352
2023,Rheinland-Pfalz,f,22 bis unter 23 Jahre,19795
2023,Rheinland-Pfalz,f,64 bis unter 65 Jahre,31557
2023,Rheinland-Pfalz,f,51 bis unter 52 Jahre,25978
2023,Rheinland-Pfalz,f,16 bis unter 17 Jahre,18392
2023,Rheinland-Pfalz,f,29 bis unter 30 Jahre,22841
2023,Rheinland-Pfalz,f,75 bis unter 80 Jahre,80601
2023,Rheinland-Pfalz,f,47 bis unter 48 Jahre,23392
2023,Rheinland-Pfalz,f,34 bis unter 35 Jahre,26047
2023,Rheinland-Pfalz,f,3 bis unter 4 Jahre,19072
2023,Rheinland-Pfalz,f,65 bis unter 66 Jahre,29695
2023,Rheinland-Pfalz,f,21 bis unter 22 Jahre,19295
2023,Rheinland-Pfalz,f,50 bis unter 51 Jahre,23609
2023,Rheinland-Pfalz,f,63 bis unter 64 Jahre,33043
2023,Rheinland-Pfalz,f,28 bis unter 29 Jahre,21999
2023,Rheinland-Pfalz,f,15 bis unter 16 Jahre,18562
2023,Rheinland-Pfalz,f,46 bis unter 47 Jahre,24090
2023,Rheinland-Pfalz,f,59 bis unter 60 Jahre,35151
2023,Rheinland-Pfalz,f,2 bis unter 3 Jahre,19376
2023,Rheinland-Pfalz,f,20 bis unter 21 Jahre,18782
2023,Rheinland-Pfalz,f,33 bis unter 34 Jahre,26415
2023,Rheinland-Pfalz,f,9 bis unter 10 Jahre,19011
2023,Rheinland-Pfalz,f,62 bis unter 63 Jahre,34051
2023,Rheinland-Pfalz,f,80 bis unter 85 Jahre,86083
2023,Rheinland-Pfalz,f,27 bis unter 28 Jahre,22467
2023,Rheinland-Pfalz,f,58 bis unter 59 Jahre,34454
2023,Rheinland-Pfalz,f,1 bis unter 2 Jahre,18069
2023,Rheinland-Pfalz,f,14 bis unter 15 Jahre,17851
2023,Rheinland-Pfalz,f,45 bis unter 46 Jahre,24091
2023,Rheinland-Pfalz,f,32 bis unter 33 Jahre,25122
2023,Rheinland-Pfalz,f,8 bis unter 9 Jahre,19090
2023,Rheinland-Pfalz,f,61 bis unter 62 Jahre,34213
2023,Rheinland-Pfalz,f,74 bis unter 75 Jahre,23224
2023,Rheinland-Pfalz,f,39 bis unter 40 Jahre,25238
2023,Rheinland-Pfalz,f,57 bis unter 58 Jahre,34549
2023,Rheinland-Pfalz,f,unter 1 Jahr,16949
2023,Rheinland-Pfalz,f,26 bis unter 27 Jahre,22727
2023,Rheinland-Pfalz,f,13 bis unter 14 Jahre,18270
2023,Rheinland-Pfalz,f,31 bis unter 32 Jahre,24753
2023,Rheinland-Pfalz,f,44 bis unter 45 Jahre,24539
2023,Rheinland-Pfalz,f,73 bis unter 74 Jahre,24186
2023,Rheinland-Pfalz,f,90 Jahre und mehr,29465
2023,Rheinland-Pfalz,f,38 bis unter 39 Jahre,25040
2023,Rheinland-Pfalz,f,7 bis unter 8 Jahre,19875
2023,Rheinland-Pfalz,f,60 bis unter 61 Jahre,34867
2023,Rheinland-Pfalz,f,12 bis unter 13 Jahre,18052
2023,Rheinland-Pfalz,f,69 bis unter 70 Jahre,26423
2023,Rheinland-Pfalz,f,25 bis unter 26 Jahre,22124
2023,Rheinland-Pfalz,f,43 bis unter 44 Jahre,25801
2023,Rheinland-Pfalz,f,30 bis unter 31 Jahre,23981
2023,Rheinland-Pfalz,f,56 bis unter 57 Jahre,33769
2023,Rheinland-Pfalz,f,72 bis unter 73 Jahre,24289
2023,Rheinland-Pfalz,f,41 bis unter 42 Jahre,25858
2023,Rheinland-Pfalz,f,19 bis unter 20 Jahre,18977
2023,Rheinland-Pfalz,f,6 bis unter 7 Jahre,19595
2023,Rheinland-Pfalz,f,24 bis unter 25 Jahre,21455
2023,Rheinland-Pfalz,f,11 bis unter 12 Jahre,17955
2023,Rheinland-Pfalz,f,37 bis unter 38 Jahre,26033
2023,Rheinland-Pfalz,f,42 bis unter 43 Jahre,26106
2023,Rheinland-Pfalz,f,68 bis unter 69 Jahre,27064
2023,Rheinland-Pfalz,f,55 bis unter 56 Jahre,32978
2023,Bayern,m,50 bis unter 51 Jahre,78214
2023,Bayern,m,63 bis unter 64 Jahre,92254
2023,Bayern,m,15 bis unter 16 Jahre,62121
2023,Bayern,m,28 bis unter 29 Jahre,85160
2023,Bayern,m,58 bis unter 59 Jahre,106183
2023,Bayern,m,45 bis unter 46 Jahre,81462
2023,Bayern,m,14 bis unter 15 Jahre,60535
2023,Bayern,m,1 bis unter 2 Jahre,63807
2023,Bayern,m,32 bis unter 33 Jahre,91797
2023,Bayern,m,51 bis unter 52 Jahre,83825
2023,Bayern,m,16 bis unter 17 Jahre,62534
2023,Bayern,m,3 bis unter 4 Jahre,65932
2023,Bayern,m,29 bis unter 30 Jahre,85442
2023,Bayern,m,46 bis unter 47 Jahre,81123
2023,Bayern,m,2 bis unter 3 Jahre,68049
2023,Bayern,m,59 bis unter 60 Jahre,106216
2023,Bayern,m,64 bis unter 65 Jahre,88293
2023,Bayern,m,33 bis unter 34 Jahre,95832
2023,Bayern,m,20 bis unter 21 Jahre,67475
2023,Bayern,m,52 bis unter 53 Jahre,90772
2023,Bayern,m,4 bis unter 5 Jahre,65921
2023,Bayern,m,70 bis unter 71 Jahre,63564
2023,Bayern,m,17 bis unter 18 Jahre,62565
2023,Bayern,m,34 bis unter 35 Jahre,93167
2023,Bayern,m,47 bis unter 48 Jahre,79700
2023,Bayern,m,65 bis unter 66 Jahre,82724
2023,Bayern,m,21 bis unter 22 Jahre,69954
2023,Bayern,m,40 bis unter 41 Jahre,87819
2023,Bayern,m,49 bis unter 50 Jahre,78807
2023,Bayern,m,18 bis unter 19 Jahre,64926
2023,Bayern,m,71 bis unter 72 Jahre,62384
2023,Bayern,m,5 bis unter 6 Jahre,65842
2023,Bayern,m,35 bis unter 36 Jahre,95335
2023,Bayern,m,22 bis unter 23 Jahre,73639
2023,Bayern,m,48 bis unter 49 Jahre,77833
2023,Bayern,m,53 bis unter 54 Jahre,93829
2023,Bayern,m,66 bis unter 67 Jahre,79286
2023,Bayern,m,75 bis unter 80 Jahre,220948
2023,Bayern,m,19 bis unter 20 Jahre,67291
2023,Bayern,m,72 bis unter 73 Jahre,59599
2023,Bayern,m,6 bis unter 7 Jahre,66107
2023,Bayern,m,23 bis unter 24 Jahre,78806
2023,Bayern,m,36 bis unter 37 Jahre,92692
2023,Bayern,m,54 bis unter 55 Jahre,101585
2023,Bayern,m,41 bis unter 42 Jahre,88618
2023,Bayern,m,90 Jahre und mehr,34839
2023,Bayern,m,67 bis unter 68 Jahre,76375
2023,Bayern,m,10 bis unter 11 Jahre,61548
2023,Bayern,m,73 bis unter 74 Jahre,59041
2023,Bayern,m,7 bis unter 8 Jahre,66210
2023,Bayern,m,60 bis unter 61 Jahre,103322
2023,Bayern,m,38 bis unter 39 Jahre,88266
2023,Bayern,m,68 bis unter 69 Jahre,70669
2023,Bayern,m,11 bis unter 12 Jahre,61796
2023,Bayern,m,37 bis unter 38 Jahre,91922
2023,Bayern,m,24 bis unter 25 Jahre,82313
2023,Bayern,m,42 bis unter 43 Jahre,87960
2023,Bayern,m,85 bis unter 90 Jahre,110302
2023,Bayern,m,55 bis unter 56 Jahre,105368
2023,Bayern,m,8 bis unter 9 Jahre,64423
2023,Bayern,m,61 bis unter 62 Jahre,99760
2023,Bayern,m,74 bis unter 75 Jahre,56422
2023,Bayern,m,39 bis unter 40 Jahre,87350
2023,Bayern,m,26 bis unter 27 Jahre,87558
2023,Bayern,m,69 bis unter 70 Jahre,67399
2023,Bayern,m,12 bis unter 13 Jahre,60252
2023,Bayern,m,25 bis unter 26 Jahre,85907
2023,Bayern,m,80 bis unter 85 Jahre,201881
2023,Bayern,m,30 bis unter 31 Jahre,88146
2023,Bayern,m,56 bis unter 57 Jahre,107169
2023,Bayern,m,43 bis unter 44 Jahre,87076
2023,Bayern,m,9 bis unter 10 Jahre,63767
2023,Bayern,m,62 bis unter 63 Jahre,97755
2023,Bayern,m,27 bis unter 28 Jahre,85977
2023,Bayern,m,unter 1 Jahr,59933
2023,Bayern,m,57 bis unter 58 Jahre,107084
2023,Bayern,m,13 bis unter 14 Jahre,61100
2023,Bayern,m,31 bis unter 32 Jahre,89140
2023,Bayern,m,44 bis unter 45 Jahre,83297
2023,Bayern,f,57 bis unter 58 Jahre,106618
2023,Bayern,f,unter 1 Jahr,56694
2023,Bayern,f,13 bis unter 14 Jahre,57821
2023,Bayern,f,26 bis unter 27 Jahre,78548
2023,Bayern,f,39 bis unter 40 Jahre,85074
2023,Bayern,f,9 bis unter 10 Jahre,60280
2023,Bayern,f,62 bis unter 63 Jahre,100277
2023,Bayern,f,31 bis unter 32 Jahre,84207
2023,Bayern,f,44 bis unter 45 Jahre,83022
2023,Bayern,f,69 bis unter 70 Jahre,74799
2023,Bayern,f,12 bis unter 13 Jahre,56574
2023,Bayern,f,25 bis unter 26 Jahre,75797
2023,Bayern,f,38 bis unter 39 Jahre,84466
2023,Bayern,f,7 bis unter 8 Jahre,62908
2023,Bayern,f,60 bis unter 61 Jahre,105029
2023,Bayern,f,8 bis unter 9 Jahre,61237
2023,Bayern,f,61 bis unter 62 Jahre,101919
2023,Bayern,f,74 bis unter 75 Jahre,66119
2023,Bayern,f,30 bis unter 31 Jahre,81809
2023,Bayern,f,43 bis unter 44 Jahre,86860
2023,Bayern,f,56 bis unter 57 Jahre,106047
2023,Bayern,f,46 bis unter 47 Jahre,80358
2023,Bayern,f,59 bis unter 60 Jahre,106507
2023,Bayern,f,2 bis unter 3 Jahre,64741
2023,Bayern,f,15 bis unter 16 Jahre,58439
2023,Bayern,f,28 bis unter 29 Jahre,77275
2023,Bayern,f,51 bis unter 52 Jahre,84867
2023,Bayern,f,64 bis unter 65 Jahre,92223
2023,Bayern,f,80 bis unter 85 Jahre,274433
2023,Bayern,f,20 bis unter 21 Jahre,62481
2023,Bayern,f,33 bis unter 34 Jahre,89445
2023,Bayern,f,58 bis unter 59 Jahre,104556
2023,Bayern,f,1 bis unter 2 Jahre,60770
2023,Bayern,f,14 bis unter 15 Jahre,56966
2023,Bayern,f,27 bis unter 28 Jahre,77893
2023,Bayern,f,50 bis unter 51 Jahre,78527
2023,Bayern,f,63 bis unter 64 Jahre,95780
2023,Bayern,f,32 bis unter 33 Jahre,85015
2023,Bayern,f,85 bis unter 90 Jahre,181192
2023,Bayern,f,45 bis unter 46 Jahre,81987
2023,Bayern,f,35 bis unter 36 Jahre,89796
2023,Bayern,f,48 bis unter 49 Jahre,78264
2023,Bayern,f,4 bis unter 5 Jahre,62429
2023,Bayern,f,17 bis unter 18 Jahre,56962
2023,Bayern,f,70 bis unter 71 Jahre,71245
2023,Bayern,f,40 bis unter 41 Jahre,85063
2023,Bayern,f,53 bis unter 54 Jahre,94578
2023,Bayern,f,66 bis unter 67 Jahre,84399
2023,Bayern,f,75 bis unter 80 Jahre,266129
2023,Bayern,f,22 bis unter 23 Jahre,65866
2023,Bayern,f,34 bis unter 35 Jahre,87926
2023,Bayern,f,47 bis unter 48 Jahre,79711
2023,Bayern,f,3 bis unter 4 Jahre,62757
2023,Bayern,f,16 bis unter 17 Jahre,58310
2023,Bayern,f,29 bis unter 30 Jahre,78419
2023,Bayern,f,52 bis unter 53 Jahre,91680
2023,Bayern,f,65 bis unter 66 Jahre,87423
2023,Bayern,f,21 bis unter 22 Jahre,63857
2023,Bayern,f,11 bis unter 12 Jahre,58090
2023,Bayern,f,24 bis unter 25 Jahre,71865
2023,Bayern,f,37 bis unter 38 Jahre,87560
2023,Bayern,f,6 bis unter 7 Jahre,63362
2023,Bayern,f,90 Jahre und mehr,84331
2023,Bayern,f,19 bis unter 20 Jahre,61624
2023,Bayern,f,73 bis unter 74 Jahre,68505
2023,Bayern,f,42 bis unter 43 Jahre,87607
2023,Bayern,f,55 bis unter 56 Jahre,104095
2023,Bayern,f,68 bis unter 69 Jahre,76495
2023,Bayern,f,23 bis unter 24 Jahre,71059
2023,Bayern,f,36 bis unter 37 Jahre,87204
2023,Bayern,f,49 bis unter 50 Jahre,79130
2023,Bayern,f,5 bis unter 6 Jahre,62970
2023,Bayern,f,18 bis unter 19 Jahre,58875
2023,Bayern,f,71 bis unter 72 Jahre,71565
2023,Bayern,f,72 bis unter 73 Jahre,68642
2023,Bayern,f,41 bis unter 42 Jahre,87410
2023,Bayern,f,54 bis unter 55 Jahre,100657
2023,Bayern,f,67 bis unter 68 Jahre,80506
2023,Bayern,f,10 bis unter 11 Jahre,59206
2023,Schleswig-Holstein,m,52 bis unter 53 Jahre,20630
2023,Schleswig-Holstein,m,80 bis unter 85 Jahre,54261
2023,Schleswig-Holstein,m,65 bis unter 66 Jahre,18983
2023,Schleswig-Holstein,m,21 bis unter 22 Jahre,14815
2023,Schleswig-Holstein,m,34 bis unter 35 Jahre,18531
2023,Schleswig-Holstein,m,47 bis unter 48 Jahre,16638
2023,Schleswig-Holstein,m,4 bis unter 5 Jahre,13623
2023,Schleswig-Holstein,m,17 bis unter 18 Jahre,14705
2023,Schleswig-Holstein,m,70 bis unter 71 Jahre,15273
2023,Schleswig-Holstein,m,64 bis unter 65 Jahre,20328
2023,Schleswig-Holstein,m,20 bis unter 21 Jahre,14609
2023,Schleswig-Holstein,m,33 bis unter 34 Jahre,18954
2023,Schleswig-Holstein,m,46 bis unter 47 Jahre,16754
2023,Schleswig-Holstein,m,59 bis unter 60 Jahre,25466
2023,Schleswig-Holstein,m,2 bis unter 3 Jahre,13510
2023,Schleswig-Holstein,m,3 bis unter 4 Jahre,13270
2023,Schleswig-Holstein,m,16 bis unter 17 Jahre,14805
2023,Schleswig-Holstein,m,29 bis unter 30 Jahre,16718
2023,Schleswig-Holstein,m,51 bis unter 52 Jahre,18220
2023,Schleswig-Holstein,m,32 bis unter 33 Jahre,17822
2023,Schleswig-Holstein,m,45 bis unter 46 Jahre,17069
2023,Schleswig-Holstein,m,58 bis unter 59 Jahre,25114
2023,Schleswig-Holstein,m,1 bis unter 2 Jahre,12597
2023,Schleswig-Holstein,m,14 bis unter 15 Jahre,14180
2023,Schleswig-Holstein,m,15 bis unter 16 Jahre,14288
2023,Schleswig-Holstein,m,28 bis unter 29 Jahre,16380
2023,Schleswig-Holstein,m,75 bis unter 80 Jahre,56463
2023,Schleswig-Holstein,m,50 bis unter 51 Jahre,16719
2023,Schleswig-Holstein,m,63 bis unter 64 Jahre,21112
2023,Schleswig-Holstein,m,85 bis unter 90 Jahre,29866
2023,Schleswig-Holstein,m,31 bis unter 32 Jahre,17189
2023,Schleswig-Holstein,m,44 bis unter 45 Jahre,16904
2023,Schleswig-Holstein,m,57 bis unter 58 Jahre,25864
2023,Schleswig-Holstein,m,unter 1 Jahr,11482
2023,Schleswig-Holstein,m,13 bis unter 14 Jahre,14216
2023,Schleswig-Holstein,m,27 bis unter 28 Jahre,16834
2023,Schleswig-Holstein,m,9 bis unter 10 Jahre,13910
2023,Schleswig-Holstein,m,62 bis unter 63 Jahre,22806
2023,Schleswig-Holstein,m,30 bis unter 31 Jahre,17138
2023,Schleswig-Holstein,m,43 bis unter 44 Jahre,17920
2023,Schleswig-Holstein,m,56 bis unter 57 Jahre,25987
2023,Schleswig-Holstein,m,69 bis unter 70 Jahre,16206
2023,Schleswig-Holstein,m,12 bis unter 13 Jahre,13475
2023,Schleswig-Holstein,m,25 bis unter 26 Jahre,16742
2023,Schleswig-Holstein,m,26 bis unter 27 Jahre,17374
2023,Schleswig-Holstein,m,39 bis unter 40 Jahre,17686
2023,Schleswig-Holstein,m,8 bis unter 9 Jahre,14010
2023,Schleswig-Holstein,m,61 bis unter 62 Jahre,23222
2023,Schleswig-Holstein,m,74 bis unter 75 Jahre,14276
2023,Schleswig-Holstein,m,42 bis unter 43 Jahre,17960
2023,Schleswig-Holstein,m,55 bis unter 56 Jahre,25152
2023,Schleswig-Holstein,m,68 bis unter 69 Jahre,16579
2023,Schleswig-Holstein,m,11 bis unter 12 Jahre,13866
2023,Schleswig-Holstein,m,24 bis unter 25 Jahre,16982
2023,Schleswig-Holstein,m,37 bis unter 38 Jahre,18250
2023,Schleswig-Holstein,m,38 bis unter 39 Jahre,17415
2023,Schleswig-Holstein,m,7 bis unter 8 Jahre,14403
2023,Schleswig-Holstein,m,60 bis unter 61 Jahre,24264
2023,Schleswig-Holstein,m,73 bis unter 74 Jahre,14455
2023,Schleswig-Holstein,m,90 Jahre und mehr,8311
2023,Schleswig-Holstein,m,41 bis unter 42 Jahre,18066
2023,Schleswig-Holstein,m,54 bis unter 55 Jahre,23794
2023,Schleswig-Holstein,m,67 bis unter 68 Jahre,17388
2023,Schleswig-Holstein,m,10 bis unter 11 Jahre,13544
2023,Schleswig-Holstein,m,23 bis unter 24 Jahre,16402
2023,Schleswig-Holstein,m,36 bis unter 37 Jahre,18891
2023,Schleswig-Holstein,m,6 bis unter 7 Jahre,14181
2023,Schleswig-Holstein,m,19 bis unter 20 Jahre,15125
2023,Schleswig-Holstein,m,72 bis unter 73 Jahre,14775
2023,Schleswig-Holstein,m,53 bis unter 54 Jahre,21734
2023,Schleswig-Holstein,m,66 bis unter 67 Jahre,18262
2023,Schleswig-Holstein,m,22 bis unter 23 Jahre,15292
2023,Schleswig-Holstein,m,35 bis unter 36 Jahre,19423
2023,Schleswig-Holstein,m,48 bis unter 49 Jahre,16328
2023,Schleswig-Holstein,m,49 bis unter 50 Jahre,16476
2023,Schleswig-Holstein,m,5 bis unter 6 Jahre,14053
2023,Schleswig-Holstein,m,18 bis unter 19 Jahre,14841
2023,Schleswig-Holstein,m,71 bis unter 72 Jahre,14983
2023,Schleswig-Holstein,m,40 bis unter 41 Jahre,17749
2023,Schleswig-Holstein,f,2 bis unter 3 Jahre,12727
2023,Schleswig-Holstein,f,59 bis unter 60 Jahre,25897
2023,Schleswig-Holstein,f,46 bis unter 47 Jahre,17492
2023,Schleswig-Holstein,f,28 bis unter 29 Jahre,15106
2023,Schleswig-Holstein,f,15 bis unter 16 Jahre,13745
2023,Schleswig-Holstein,f,64 bis unter 65 Jahre,21854
2023,Schleswig-Holstein,f,51 bis unter 52 Jahre,19110
2023,Schleswig-Holstein,f,33 bis unter 34 Jahre,18215
2023,Schleswig-Holstein,f,20 bis unter 21 Jahre,13783
2023,Schleswig-Holstein,f,80 bis unter 85 Jahre,72408
2023,Schleswig-Holstein,f,3 bis unter 4 Jahre,12732
2023,Schleswig-Holstein,f,47 bis unter 48 Jahre,17642
2023,Schleswig-Holstein,f,34 bis unter 35 Jahre,17862
2023,Schleswig-Holstein,f,29 bis unter 30 Jahre,15239
2023,Schleswig-Holstein,f,16 bis unter 17 Jahre,13547
2023,Schleswig-Holstein,f,52 bis unter 53 Jahre,21564
2023,Schleswig-Holstein,f,90 Jahre und mehr,20672
2023,Schleswig-Holstein,f,21 bis unter 22 Jahre,13942
2023,Schleswig-Holstein,f,65 bis unter 66 Jahre,20290
2023,Schleswig-Holstein,f,48 bis unter 49 Jahre,17221
2023,Schleswig-Holstein,f,35 bis unter 36 Jahre,18435
2023,Schleswig-Holstein,f,75 bis unter 80 Jahre,68640
2023,Schleswig-Holstein,f,70 bis unter 71 Jahre,17148
2023,Schleswig-Holstein,f,17 bis unter 18 Jahre,13450
2023,Schleswig-Holstein,f,4 bis unter 5 Jahre,12860
2023,Schleswig-Holstein,f,40 bis unter 41 Jahre,17952
2023,Schleswig-Holstein,f,22 bis unter 23 Jahre,14178
2023,Schleswig-Holstein,f,66 bis unter 67 Jahre,20150
2023,Schleswig-Holstein,f,53 bis unter 54 Jahre,22266
2023,Schleswig-Holstein,f,49 bis unter 50 Jahre,17130
2023,Schleswig-Holstein,f,36 bis unter 37 Jahre,18178
2023,Schleswig-Holstein,f,23 bis unter 24 Jahre,14888
2023,Schleswig-Holstein,f,71 bis unter 72 Jahre,16886
2023,Schleswig-Holstein,f,18 bis unter 19 Jahre,13599
2023,Schleswig-Holstein,f,5 bis unter 6 Jahre,13348
2023,Schleswig-Holstein,f,41 bis unter 42 Jahre,18806
2023,Schleswig-Holstein,f,72 bis unter 73 Jahre,16743
2023,Schleswig-Holstein,f,19 bis unter 20 Jahre,14055
2023,Schleswig-Holstein,f,10 bis unter 11 Jahre,12902
2023,Schleswig-Holstein,f,67 bis unter 68 Jahre,19172
2023,Schleswig-Holstein,f,54 bis unter 55 Jahre,24525
2023,Schleswig-Holstein,f,37 bis unter 38 Jahre,18125
2023,Schleswig-Holstein,f,24 bis unter 25 Jahre,15020
2023,Schleswig-Holstein,f,11 bis unter 12 Jahre,13071
2023,Schleswig-Holstein,f,6 bis unter 7 Jahre,13529
2023,Schleswig-Holstein,f,73 bis unter 74 Jahre,16802
2023,Schleswig-Holstein,f,68 bis unter 69 Jahre,18368
2023,Schleswig-Holstein,f,55 bis unter 56 Jahre,25915
2023,Schleswig-Holstein,f,42 bis unter 43 Jahre,18646
2023,Schleswig-Holstein,f,25 bis unter 26 Jahre,15231
2023,Schleswig-Holstein,f,12 bis unter 13 Jahre,12933
2023,Schleswig-Holstein,f,69 bis unter 70 Jahre,18251
2023,Schleswig-Holstein,f,7 bis unter 8 Jahre,13846
2023,Schleswig-Holstein,f,60 bis unter 61 Jahre,25345
2023,Schleswig-Holstein,f,38 bis unter 39 Jahre,17769
2023,Schleswig-Holstein,f,74 bis unter 75 Jahre,16343
2023,Schleswig-Holstein,f,85 bis unter 90 Jahre,47753
2023,Schleswig-Holstein,f,8 bis unter 9 Jahre,13320
2023,Schleswig-Holstein,f,61 bis unter 62 Jahre,24252
2023,Schleswig-Holstein,f,56 bis unter 57 Jahre,26568
2023,Schleswig-Holstein,f,43 bis unter 44 Jahre,18911
2023,Schleswig-Holstein,f,30 bis unter 31 Jahre,15959
2023,Schleswig-Holstein,f,26 bis unter 27 Jahre,15391
2023,Schleswig-Holstein,f,13 bis unter 14 Jahre,13457
2023,Schleswig-Holstein,f,unter 1 Jahr,10798
2023,Schleswig-Holstein,f,57 bis unter 58 Jahre,26459
2023,Schleswig-Holstein,f,39 bis unter 40 Jahre,17829
2023,Schleswig-Holstein,f,9 bis unter 10 Jahre,13634
2023,Schleswig-Holstein,f,62 bis unter 63 Jahre,23602
2023,Schleswig-Holstein,f,44 bis unter 45 Jahre,17956
2023,Schleswig-Holstein,f,31 bis unter 32 Jahre,16435
2023,Schleswig-Holstein,f,14 bis unter 15 Jahre,13223
2023,Schleswig-Holstein,f,1 bis unter 2 Jahre,11910
2023,Schleswig-Holstein,f,58 bis unter 59 Jahre,26077
2023,Schleswig-Holstein,f,27 bis unter 28 Jahre,15636
2023,Schleswig-Holstein,f,63 bis unter 64 Jahre,22470
2023,Schleswig-Holstein,f,50 bis unter 51 Jahre,17463
2023,Schleswig-Holstein,f,45 bis unter 46 Jahre,17632
2023,Schleswig-Holstein,f,32 bis unter 33 Jahre,17026
2023,Nordrhein-Westfalen,m,51 bis unter 52 Jahre,111416
2023,Nordrhein-Westfalen,m,85 bis unter 90 Jahre,157727
2023,Nordrhein-Westfalen,m,29 bis unter 30 Jahre,115582
2023,Nordrhein-Westfalen,m,3 bis unter 4 Jahre,88213
2023,Nordrhein-Westfalen,m,16 bis unter 17 Jahre,89346
2023,Nordrhein-Westfalen,m,47 bis unter 48 Jahre,104199
2023,Nordrhein-Westfalen,m,34 bis unter 35 Jahre,122757
2023,Nordrhein-Westfalen,m,21 bis unter 22 Jahre,96722
2023,Nordrhein-Westfalen,m,52 bis unter 53 Jahre,122278
2023,Nordrhein-Westfalen,m,65 bis unter 66 Jahre,115941
2023,Nordrhein-Westfalen,m,17 bis unter 18 Jahre,89388
2023,Nordrhein-Westfalen,m,70 bis unter 71 Jahre,89136
2023,Nordrhein-Westfalen,m,4 bis unter 5 Jahre,88564
2023,Nordrhein-Westfalen,m,48 bis unter 49 Jahre,101377
2023,Nordrhein-Westfalen,m,22 bis unter 23 Jahre,100608
2023,Nordrhein-Westfalen,m,35 bis unter 36 Jahre,124831
2023,Nordrhein-Westfalen,m,66 bis unter 67 Jahre,112521
2023,Nordrhein-Westfalen,m,75 bis unter 80 Jahre,288983
2023,Nordrhein-Westfalen,m,53 bis unter 54 Jahre,127632
2023,Nordrhein-Westfalen,m,40 bis unter 41 Jahre,113709
2023,Nordrhein-Westfalen,m,71 bis unter 72 Jahre,86513
2023,Nordrhein-Westfalen,m,5 bis unter 6 Jahre,90416
2023,Nordrhein-Westfalen,m,18 bis unter 19 Jahre,91792
2023,Nordrhein-Westfalen,m,49 bis unter 50 Jahre,102173
2023,Nordrhein-Westfalen,m,36 bis unter 37 Jahre,122459
2023,Nordrhein-Westfalen,m,23 bis unter 24 Jahre,107843
2023,Nordrhein-Westfalen,m,10 bis unter 11 Jahre,85257
2023,Nordrhein-Westfalen,m,67 bis unter 68 Jahre,107270
2023,Nordrhein-Westfalen,m,41 bis unter 42 Jahre,115440
2023,Nordrhein-Westfalen,m,54 bis unter 55 Jahre,139669
2023,Nordrhein-Westfalen,m,19 bis unter 20 Jahre,93204
2023,Nordrhein-Westfalen,m,72 bis unter 73 Jahre,82120
2023,Nordrhein-Westfalen,m,6 bis unter 7 Jahre,91071
2023,Nordrhein-Westfalen,m,24 bis unter 25 Jahre,110802
2023,Nordrhein-Westfalen,m,37 bis unter 38 Jahre,118857
2023,Nordrhein-Westfalen,m,11 bis unter 12 Jahre,85493
2023,Nordrhein-Westfalen,m,68 bis unter 69 Jahre,100159
2023,Nordrhein-Westfalen,m,55 bis unter 56 Jahre,145244
2023,Nordrhein-Westfalen,m,42 bis unter 43 Jahre,112905
2023,Nordrhein-Westfalen,m,73 bis unter 74 Jahre,80620
2023,Nordrhein-Westfalen,m,60 bis unter 61 Jahre,145112
2023,Nordrhein-Westfalen,m,7 bis unter 8 Jahre,91446
2023,Nordrhein-Westfalen,m,90 Jahre und mehr,51170
2023,Nordrhein-Westfalen,m,38 bis unter 39 Jahre,114889
2023,Nordrhein-Westfalen,m,25 bis unter 26 Jahre,113813
2023,Nordrhein-Westfalen,m,12 bis unter 13 Jahre,83792
2023,Nordrhein-Westfalen,m,69 bis unter 70 Jahre,96165
2023,Nordrhein-Westfalen,m,43 bis unter 44 Jahre,113053
2023,Nordrhein-Westfalen,m,56 bis unter 57 Jahre,147936
2023,Nordrhein-Westfalen,m,30 bis unter 31 Jahre,118977
2023,Nordrhein-Westfalen,m,74 bis unter 75 Jahre,79069
2023,Nordrhein-Westfalen,m,61 bis unter 62 Jahre,138333
2023,Nordrhein-Westfalen,m,8 bis unter 9 Jahre,89243
2023,Nordrhein-Westfalen,m,26 bis unter 27 Jahre,117727
2023,Nordrhein-Westfalen,m,39 bis unter 40 Jahre,113557
2023,Nordrhein-Westfalen,m,13 bis unter 14 Jahre,86461
2023,Nordrhein-Westfalen,m,57 bis unter 58 Jahre,150500
2023,Nordrhein-Westfalen,m,unter 1 Jahr,78959
2023,Nordrhein-Westfalen,m,80 bis unter 85 Jahre,266308
2023,Nordrhein-Westfalen,m,44 bis unter 45 Jahre,106248
2023,Nordrhein-Westfalen,m,31 bis unter 32 Jahre,120854
2023,Nordrhein-Westfalen,m,62 bis unter 63 Jahre,134105
2023,Nordrhein-Westfalen,m,9 bis unter 10 Jahre,88118
2023,Nordrhein-Westfalen,m,27 bis unter 28 Jahre,116000
2023,Nordrhein-Westfalen,m,1 bis unter 2 Jahre,84290
2023,Nordrhein-Westfalen,m,14 bis unter 15 Jahre,85420
2023,Nordrhein-Westfalen,m,45 bis unter 46 Jahre,104846
2023,Nordrhein-Westfalen,m,58 bis unter 59 Jahre,148722
2023,Nordrhein-Westfalen,m,32 bis unter 33 Jahre,122050
2023,Nordrhein-Westfalen,m,50 bis unter 51 Jahre,103071
2023,Nordrhein-Westfalen,m,63 bis unter 64 Jahre,129041
2023,Nordrhein-Westfalen,m,28 bis unter 29 Jahre,113455
2023,Nordrhein-Westfalen,m,15 bis unter 16 Jahre,88814
2023,Nordrhein-Westfalen,m,59 bis unter 60 Jahre,149380
2023,Nordrhein-Westfalen,m,2 bis unter 3 Jahre,89316
2023,Nordrhein-Westfalen,m,46 bis unter 47 Jahre,105089
2023,Nordrhein-Westfalen,m,20 bis unter 21 Jahre,93184
2023,Nordrhein-Westfalen,m,33 bis unter 34 Jahre,126528
2023,Nordrhein-Westfalen,m,64 bis unter 65 Jahre,123758
2023,Nordrhein-Westfalen,f,1 bis unter 2 Jahre,80046
2023,Nordrhein-Westfalen,f,58 bis unter 59 Jahre,148899
2023,Nordrhein-Westfalen,f,14 bis unter 15 Jahre,80727
2023,Nordrhein-Westfalen,f,27 bis unter 28 Jahre,106874
2023,Nordrhein-Westfalen,f,62 bis unter 63 Jahre,138901
2023,Nordrhein-Westfalen,f,9 bis unter 10 Jahre,83767
2023,Nordrhein-Westfalen,f,85 bis unter 90 Jahre,270551
2023,Nordrhein-Westfalen,f,31 bis unter 32 Jahre,113452
2023,Nordrhein-Westfalen,f,44 bis unter 45 Jahre,108793
2023,Nordrhein-Westfalen,f,46 bis unter 47 Jahre,106061
2023,Nordrhein-Westfalen,f,2 bis unter 3 Jahre,84330
2023,Nordrhein-Westfalen,f,59 bis unter 60 Jahre,150005
2023,Nordrhein-Westfalen,f,28 bis unter 29 Jahre,105226
2023,Nordrhein-Westfalen,f,15 bis unter 16 Jahre,83289
2023,Nordrhein-Westfalen,f,50 bis unter 51 Jahre,105336
2023,Nordrhein-Westfalen,f,63 bis unter 64 Jahre,135462
2023,Nordrhein-Westfalen,f,45 bis unter 46 Jahre,106917
2023,Nordrhein-Westfalen,f,32 bis unter 33 Jahre,115429
2023,Nordrhein-Westfalen,f,47 bis unter 48 Jahre,106828
2023,Nordrhein-Westfalen,f,34 bis unter 35 Jahre,117184
2023,Nordrhein-Westfalen,f,3 bis unter 4 Jahre,83068
2023,Nordrhein-Westfalen,f,16 bis unter 17 Jahre,82837
2023,Nordrhein-Westfalen,f,29 bis unter 30 Jahre,107169
2023,Nordrhein-Westfalen,f,64 bis unter 65 Jahre,131233
2023,Nordrhein-Westfalen,f,51 bis unter 52 Jahre,113659
2023,Nordrhein-Westfalen,f,20 bis unter 21 Jahre,87261
2023,Nordrhein-Westfalen,f,33 bis unter 34 Jahre,119473
2023,Nordrhein-Westfalen,f,90 Jahre und mehr,129112
2023,Nordrhein-Westfalen,f,35 bis unter 36 Jahre,119870
2023,Nordrhein-Westfalen,f,48 bis unter 49 Jahre,103572
2023,Nordrhein-Westfalen,f,4 bis unter 5 Jahre,83922
2023,Nordrhein-Westfalen,f,70 bis unter 71 Jahre,102486
2023,Nordrhein-Westfalen,f,17 bis unter 18 Jahre,82290
2023,Nordrhein-Westfalen,f,52 bis unter 53 Jahre,124854
2023,Nordrhein-Westfalen,f,65 bis unter 66 Jahre,123258
2023,Nordrhein-Westfalen,f,21 bis unter 22 Jahre,90466
2023,Nordrhein-Westfalen,f,23 bis unter 24 Jahre,99044
2023,Nordrhein-Westfalen,f,49 bis unter 50 Jahre,105103
2023,Nordrhein-Westfalen,f,36 bis unter 37 Jahre,117108
2023,Nordrhein-Westfalen,f,5 bis unter 6 Jahre,85944
2023,Nordrhein-Westfalen,f,71 bis unter 72 Jahre,100871
2023,Nordrhein-Westfalen,f,18 bis unter 19 Jahre,83389
2023,Nordrhein-Westfalen,f,40 bis unter 41 Jahre,112306
2023,Nordrhein-Westfalen,f,66 bis unter 67 Jahre,119534
2023,Nordrhein-Westfalen,f,53 bis unter 54 Jahre,128745
2023,Nordrhein-Westfalen,f,22 bis unter 23 Jahre,93902
2023,Nordrhein-Westfalen,f,24 bis unter 25 Jahre,100590
2023,Nordrhein-Westfalen,f,11 bis unter 12 Jahre,80996
2023,Nordrhein-Westfalen,f,37 bis unter 38 Jahre,116150
2023,Nordrhein-Westfalen,f,19 bis unter 20 Jahre,86134
2023,Nordrhein-Westfalen,f,6 bis unter 7 Jahre,85999
2023,Nordrhein-Westfalen,f,72 bis unter 73 Jahre,96628
2023,Nordrhein-Westfalen,f,41 bis unter 42 Jahre,115011
2023,Nordrhein-Westfalen,f,54 bis unter 55 Jahre,140239
2023,Nordrhein-Westfalen,f,10 bis unter 11 Jahre,79995
2023,Nordrhein-Westfalen,f,67 bis unter 68 Jahre,114872
2023,Nordrhein-Westfalen,f,12 bis unter 13 Jahre,79740
2023,Nordrhein-Westfalen,f,69 bis unter 70 Jahre,107845
2023,Nordrhein-Westfalen,f,25 bis unter 26 Jahre,103731
2023,Nordrhein-Westfalen,f,38 bis unter 39 Jahre,112546
2023,Nordrhein-Westfalen,f,60 bis unter 61 Jahre,146942
2023,Nordrhein-Westfalen,f,7 bis unter 8 Jahre,87451
2023,Nordrhein-Westfalen,f,73 bis unter 74 Jahre,95428
2023,Nordrhein-Westfalen,f,42 bis unter 43 Jahre,114195
2023,Nordrhein-Westfalen,f,68 bis unter 69 Jahre,110809
2023,Nordrhein-Westfalen,f,55 bis unter 56 Jahre,145506
2023,Nordrhein-Westfalen,f,unter 1 Jahr,75101
2023,Nordrhein-Westfalen,f,57 bis unter 58 Jahre,150164
2023,Nordrhein-Westfalen,f,26 bis unter 27 Jahre,107565
2023,Nordrhein-Westfalen,f,13 bis unter 14 Jahre,81870
2023,Nordrhein-Westfalen,f,39 bis unter 40 Jahre,111926
2023,Nordrhein-Westfalen,f,61 bis unter 62 Jahre,141052
2023,Nordrhein-Westfalen,f,8 bis unter 9 Jahre,84314
2023,Nordrhein-Westfalen,f,80 bis unter 85 Jahre,378721
2023,Nordrhein-Westfalen,f,74 bis unter 75 Jahre,93593
2023,Nordrhein-Westfalen,f,75 bis unter 80 Jahre,360917
2023,Nordrhein-Westfalen,f,43 bis unter 44 Jahre,114669
2023,Nordrhein-Westfalen,f,30 bis unter 31 Jahre,111235
2023,Nordrhein-Westfalen,f,56 bis unter 57 Jahre,147997
2023,Thüringen,m,21 bis unter 22 Jahre,9750
2023,Thüringen,m,75 bis unter 80 Jahre,39889
2023,Thüringen,m,65 bis unter 66 Jahre,15608
2023,Thüringen,m,3 bis unter 4 Jahre,8523
2023,Thüringen,m,34 bis unter 35 Jahre,13576
2023,Thüringen,m,47 bis unter 48 Jahre,12012
2023,Thüringen,m,29 bis unter 30 Jahre,8116
2023,Thüringen,m,16 bis unter 17 Jahre,9850
2023,Thüringen,m,51 bis unter 52 Jahre,13959
2023,Thüringen,m,64 bis unter 65 Jahre,16942
2023,Thüringen,m,22 bis unter 23 Jahre,10247
2023,Thüringen,m,53 bis unter 54 Jahre,15516
2023,Thüringen,m,66 bis unter 67 Jahre,15446
2023,Thüringen,m,85 bis unter 90 Jahre,21499
2023,Thüringen,m,48 bis unter 49 Jahre,11590
2023,Thüringen,m,35 bis unter 36 Jahre,14550
2023,Thüringen,m,17 bis unter 18 Jahre,9501
2023,Thüringen,m,70 bis unter 71 Jahre,14594
2023,Thüringen,m,4 bis unter 5 Jahre,8802
2023,Thüringen,m,52 bis unter 53 Jahre,15519
2023,Thüringen,m,67 bis unter 68 Jahre,15751
2023,Thüringen,m,10 bis unter 11 Jahre,10101
2023,Thüringen,m,41 bis unter 42 Jahre,15008
2023,Thüringen,m,54 bis unter 55 Jahre,15555
2023,Thüringen,m,36 bis unter 37 Jahre,14826
2023,Thüringen,m,49 bis unter 50 Jahre,11854
2023,Thüringen,m,23 bis unter 24 Jahre,10643
2023,Thüringen,m,18 bis unter 19 Jahre,9688
2023,Thüringen,m,71 bis unter 72 Jahre,14360
2023,Thüringen,m,5 bis unter 6 Jahre,9335
2023,Thüringen,m,40 bis unter 41 Jahre,14537
2023,Thüringen,m,80 bis unter 85 Jahre,41390
2023,Thüringen,m,55 bis unter 56 Jahre,15626
2023,Thüringen,m,68 bis unter 69 Jahre,15369
2023,Thüringen,m,42 bis unter 43 Jahre,14543
2023,Thüringen,m,37 bis unter 38 Jahre,14631
2023,Thüringen,m,11 bis unter 12 Jahre,10035
2023,Thüringen,m,24 bis unter 25 Jahre,10665
2023,Thüringen,m,6 bis unter 7 Jahre,9671
2023,Thüringen,m,19 bis unter 20 Jahre,10000
2023,Thüringen,m,72 bis unter 73 Jahre,13980
2023,Thüringen,m,56 bis unter 57 Jahre,15803
2023,Thüringen,m,30 bis unter 31 Jahre,8231
2023,Thüringen,m,43 bis unter 44 Jahre,14791
2023,Thüringen,m,25 bis unter 26 Jahre,10276
2023,Thüringen,m,69 bis unter 70 Jahre,14883
2023,Thüringen,m,12 bis unter 13 Jahre,9898
2023,Thüringen,m,7 bis unter 8 Jahre,9917
2023,Thüringen,m,38 bis unter 39 Jahre,14369
2023,Thüringen,m,60 bis unter 61 Jahre,18129
2023,Thüringen,m,90 Jahre und mehr,5977
2023,Thüringen,m,73 bis unter 74 Jahre,12685
2023,Thüringen,m,44 bis unter 45 Jahre,14199
2023,Thüringen,m,31 bis unter 32 Jahre,8734
2023,Thüringen,m,13 bis unter 14 Jahre,10074
2023,Thüringen,m,26 bis unter 27 Jahre,10169
2023,Thüringen,m,57 bis unter 58 Jahre,16905
2023,Thüringen,m,unter 1 Jahr,6617
2023,Thüringen,m,39 bis unter 40 Jahre,14553
2023,Thüringen,m,74 bis unter 75 Jahre,11235
2023,Thüringen,m,8 bis unter 9 Jahre,10180
2023,Thüringen,m,61 bis unter 62 Jahre,17942
2023,Thüringen,m,32 bis unter 33 Jahre,9647
2023,Thüringen,m,45 bis unter 46 Jahre,13701
2023,Thüringen,m,14 bis unter 15 Jahre,9593
2023,Thüringen,m,58 bis unter 59 Jahre,17117
2023,Thüringen,m,1 bis unter 2 Jahre,7362
2023,Thüringen,m,27 bis unter 28 Jahre,9399
2023,Thüringen,m,62 bis unter 63 Jahre,18317
2023,Thüringen,m,9 bis unter 10 Jahre,10198
2023,Thüringen,m,33 bis unter 34 Jahre,13406
2023,Thüringen,m,20 bis unter 21 Jahre,9582
2023,Thüringen,m,59 bis unter 60 Jahre,17885
2023,Thüringen,m,2 bis unter 3 Jahre,8198
2023,Thüringen,m,46 bis unter 47 Jahre,13410
2023,Thüringen,m,15 bis unter 16 Jahre,10033
2023,Thüringen,m,28 bis unter 29 Jahre,8835
2023,Thüringen,m,63 bis unter 64 Jahre,17214
2023,Thüringen,m,50 bis unter 51 Jahre,12260
2023,Thüringen,f,28 bis unter 29 Jahre,7391
2023,Thüringen,f,59 bis unter 60 Jahre,18093
2023,Thüringen,f,46 bis unter 47 Jahre,12247
2023,Thüringen,f,15 bis unter 16 Jahre,9308
2023,Thüringen,f,2 bis unter 3 Jahre,7610
2023,Thüringen,f,32 bis unter 33 Jahre,8858
2023,Thüringen,f,45 bis unter 46 Jahre,12362
2023,Thüringen,f,50 bis unter 51 Jahre,11181
2023,Thüringen,f,75 bis unter 80 Jahre,50932
2023,Thüringen,f,63 bis unter 64 Jahre,17992
2023,Thüringen,f,27 bis unter 28 Jahre,8015
2023,Thüringen,f,1 bis unter 2 Jahre,6949
2023,Thüringen,f,58 bis unter 59 Jahre,17196
2023,Thüringen,f,14 bis unter 15 Jahre,9329
2023,Thüringen,f,31 bis unter 32 Jahre,7742
2023,Thüringen,f,57 bis unter 58 Jahre,16595
2023,Thüringen,f,44 bis unter 45 Jahre,12780
2023,Thüringen,f,62 bis unter 63 Jahre,18972
2023,Thüringen,f,9 bis unter 10 Jahre,9678
2023,Thüringen,f,70 bis unter 71 Jahre,16499
2023,Thüringen,f,17 bis unter 18 Jahre,8495
2023,Thüringen,f,4 bis unter 5 Jahre,8504
2023,Thüringen,f,35 bis unter 36 Jahre,13608
2023,Thüringen,f,48 bis unter 49 Jahre,10440
2023,Thüringen,f,65 bis unter 66 Jahre,16786
2023,Thüringen,f,34 bis unter 35 Jahre,12768
2023,Thüringen,f,21 bis unter 22 Jahre,8999
2023,Thüringen,f,52 bis unter 53 Jahre,14080
2023,Thüringen,f,16 bis unter 17 Jahre,9024
2023,Thüringen,f,29 bis unter 30 Jahre,7015
2023,Thüringen,f,47 bis unter 48 Jahre,11040
2023,Thüringen,f,3 bis unter 4 Jahre,8042
2023,Thüringen,f,20 bis unter 21 Jahre,8870
2023,Thüringen,f,33 bis unter 34 Jahre,12265
2023,Thüringen,f,51 bis unter 52 Jahre,12392
2023,Thüringen,f,64 bis unter 65 Jahre,18020
2023,Thüringen,f,19 bis unter 20 Jahre,9148
2023,Thüringen,f,72 bis unter 73 Jahre,16082
2023,Thüringen,f,6 bis unter 7 Jahre,9346
2023,Thüringen,f,24 bis unter 25 Jahre,8707
2023,Thüringen,f,37 bis unter 38 Jahre,13365
2023,Thüringen,f,54 bis unter 55 Jahre,14731
2023,Thüringen,f,67 bis unter 68 Jahre,16999
2023,Thüringen,f,10 bis unter 11 Jahre,9530
2023,Thüringen,f,41 bis unter 42 Jahre,13539
2023,Thüringen,f,5 bis unter 6 Jahre,8883
2023,Thüringen,f,71 bis unter 72 Jahre,16203
2023,Thüringen,f,18 bis unter 19 Jahre,8788
2023,Thüringen,f,36 bis unter 37 Jahre,13820
2023,Thüringen,f,23 bis unter 24 Jahre,9158
2023,Thüringen,f,49 bis unter 50 Jahre,10796
2023,Thüringen,f,66 bis unter 67 Jahre,16676
2023,Thüringen,f,22 bis unter 23 Jahre,9196
2023,Thüringen,f,53 bis unter 54 Jahre,14540
2023,Thüringen,f,40 bis unter 41 Jahre,13472
2023,Thüringen,f,39 bis unter 40 Jahre,13299
2023,Thüringen,f,8 bis unter 9 Jahre,9454
2023,Thüringen,f,13 bis unter 14 Jahre,9597
2023,Thüringen,f,unter 1 Jahr,6321
2023,Thüringen,f,26 bis unter 27 Jahre,8511
2023,Thüringen,f,43 bis unter 44 Jahre,13420
2023,Thüringen,f,56 bis unter 57 Jahre,15677
2023,Thüringen,f,74 bis unter 75 Jahre,13327
2023,Thüringen,f,61 bis unter 62 Jahre,18418
2023,Thüringen,f,80 bis unter 85 Jahre,60816
2023,Thüringen,f,30 bis unter 31 Jahre,7262
2023,Thüringen,f,90 Jahre und mehr,16286
2023,Thüringen,f,60 bis unter 61 Jahre,18550
2023,Thüringen,f,7 bis unter 8 Jahre,9615
2023,Thüringen,f,69 bis unter 70 Jahre,16741
2023,Thüringen,f,12 bis unter 13 Jahre,9389
2023,Thüringen,f,38 bis unter 39 Jahre,13248
2023,Thüringen,f,25 bis unter 26 Jahre,8610
2023,Thüringen,f,55 bis unter 56 Jahre,15051
2023,Thüringen,f,42 bis unter 43 Jahre,13151
2023,Thüringen,f,68 bis unter 69 Jahre,17106
2023,Thüringen,f,85 bis unter 90 Jahre,38376
2023,Thüringen,f,11 bis unter 12 Jahre,9444
2023,Thüringen,f,73 bis unter 74 Jahre,15364
2023,Hamburg,m,45 bis unter 46 Jahre,12456
2023,Hamburg,m,58 bis unter 59 Jahre,13020
2023,Hamburg,m,32 bis unter 33 Jahre,15002
2023,Hamburg,m,50 bis unter 51 Jahre,11057
2023,Hamburg,m,63 bis unter 64 Jahre,10437
2023,Hamburg,m,27 bis unter 28 Jahre,14451
2023,Hamburg,m,1 bis unter 2 Jahre,9382
2023,Hamburg,m,14 bis unter 15 Jahre,8498
2023,Hamburg,m,33 bis unter 34 Jahre,15824
2023,Hamburg,m,46 bis unter 47 Jahre,12233
2023,Hamburg,m,90 Jahre und mehr,4419
2023,Hamburg,m,20 bis unter 21 Jahre,9086
2023,Hamburg,m,64 bis unter 65 Jahre,9634
2023,Hamburg,m,51 bis unter 52 Jahre,11612
2023,Hamburg,m,28 bis unter 29 Jahre,14395
2023,Hamburg,m,15 bis unter 16 Jahre,8728
2023,Hamburg,m,59 bis unter 60 Jahre,13086
2023,Hamburg,m,2 bis unter 3 Jahre,9773
2023,Hamburg,m,69 bis unter 70 Jahre,7168
2023,Hamburg,m,12 bis unter 13 Jahre,8405
2023,Hamburg,m,43 bis unter 44 Jahre,13314
2023,Hamburg,m,56 bis unter 57 Jahre,13651
2023,Hamburg,m,30 bis unter 31 Jahre,14777
2023,Hamburg,m,74 bis unter 75 Jahre,6284
2023,Hamburg,m,7 bis unter 8 Jahre,9445
2023,Hamburg,m,60 bis unter 61 Jahre,12285
2023,Hamburg,m,38 bis unter 39 Jahre,13862
2023,Hamburg,m,25 bis unter 26 Jahre,13577
2023,Hamburg,m,57 bis unter 58 Jahre,13676
2023,Hamburg,m,unter 1 Jahr,9040
2023,Hamburg,m,31 bis unter 32 Jahre,14940
2023,Hamburg,m,44 bis unter 45 Jahre,12583
2023,Hamburg,m,9 bis unter 10 Jahre,9094
2023,Hamburg,m,62 bis unter 63 Jahre,10898
2023,Hamburg,m,8 bis unter 9 Jahre,9250
2023,Hamburg,m,61 bis unter 62 Jahre,11445
2023,Hamburg,m,26 bis unter 27 Jahre,14364
2023,Hamburg,m,39 bis unter 40 Jahre,13728
2023,Hamburg,m,13 bis unter 14 Jahre,8603
2023,Hamburg,m,10 bis unter 11 Jahre,8693
2023,Hamburg,m,23 bis unter 24 Jahre,11956
2023,Hamburg,m,54 bis unter 55 Jahre,12967
2023,Hamburg,m,67 bis unter 68 Jahre,8093
2023,Hamburg,m,41 bis unter 42 Jahre,13399
2023,Hamburg,m,71 bis unter 72 Jahre,6693
2023,Hamburg,m,5 bis unter 6 Jahre,9600
2023,Hamburg,m,18 bis unter 19 Jahre,9075
2023,Hamburg,m,49 bis unter 50 Jahre,11601
2023,Hamburg,m,36 bis unter 37 Jahre,15014
2023,Hamburg,m,75 bis unter 80 Jahre,26764
2023,Hamburg,m,68 bis unter 69 Jahre,7533
2023,Hamburg,m,11 bis unter 12 Jahre,8786
2023,Hamburg,m,55 bis unter 56 Jahre,13852
2023,Hamburg,m,42 bis unter 43 Jahre,13159
2023,Hamburg,m,73 bis unter 74 Jahre,6329
2023,Hamburg,m,19 bis unter 20 Jahre,9129
2023,Hamburg,m,72 bis unter 73 Jahre,6324
2023,Hamburg,m,80 bis unter 85 Jahre,24781
2023,Hamburg,m,6 bis unter 7 Jahre,9652
2023,Hamburg,m,24 bis unter 25 Jahre,12741
2023,Hamburg,m,37 bis unter 38 Jahre,14360
2023,Hamburg,m,34 bis unter 35 Jahre,15475
2023,Hamburg,m,21 bis unter 22 Jahre,9676
2023,Hamburg,m,52 bis unter 53 Jahre,12246
2023,Hamburg,m,65 bis unter 66 Jahre,9062
2023,Hamburg,m,29 bis unter 30 Jahre,14814
2023,Hamburg,m,3 bis unter 4 Jahre,9409
2023,Hamburg,m,85 bis unter 90 Jahre,13792
2023,Hamburg,m,16 bis unter 17 Jahre,8781
2023,Hamburg,m,47 bis unter 48 Jahre,12009
2023,Hamburg,m,22 bis unter 23 Jahre,10595
2023,Hamburg,m,35 bis unter 36 Jahre,15468
2023,Hamburg,m,66 bis unter 67 Jahre,8550
2023,Hamburg,m,53 bis unter 54 Jahre,12450
2023,Hamburg,m,40 bis unter 41 Jahre,13472
2023,Hamburg,m,17 bis unter 18 Jahre,8873
2023,Hamburg,m,70 bis unter 71 Jahre,6614
2023,Hamburg,m,4 bis unter 5 Jahre,9469
2023,Hamburg,m,48 bis unter 49 Jahre,11516
2023,Hamburg,f,8 bis unter 9 Jahre,8687
2023,Hamburg,f,61 bis unter 62 Jahre,11729
2023,Hamburg,f,74 bis unter 75 Jahre,7933
2023,Hamburg,f,43 bis unter 44 Jahre,13613
2023,Hamburg,f,30 bis unter 31 Jahre,15021
2023,Hamburg,f,44 bis unter 45 Jahre,12802
2023,Hamburg,f,57 bis unter 58 Jahre,13543
2023,Hamburg,f,unter 1 Jahr,8685
2023,Hamburg,f,26 bis unter 27 Jahre,14876
2023,Hamburg,f,13 bis unter 14 Jahre,8002
2023,Hamburg,f,39 bis unter 40 Jahre,13587
2023,Hamburg,f,7 bis unter 8 Jahre,9147
2023,Hamburg,f,60 bis unter 61 Jahre,12573
2023,Hamburg,f,73 bis unter 74 Jahre,8152
2023,Hamburg,f,42 bis unter 43 Jahre,13946
2023,Hamburg,f,56 bis unter 57 Jahre,13360
2023,Hamburg,f,12 bis unter 13 Jahre,7866
2023,Hamburg,f,69 bis unter 70 Jahre,8344
2023,Hamburg,f,25 bis unter 26 Jahre,13909
2023,Hamburg,f,38 bis unter 39 Jahre,13987
2023,Hamburg,f,6 bis unter 7 Jahre,8956
2023,Hamburg,f,19 bis unter 20 Jahre,8784
2023,Hamburg,f,72 bis unter 73 Jahre,7822
2023,Hamburg,f,41 bis unter 42 Jahre,13574
2023,Hamburg,f,54 bis unter 55 Jahre,12639
2023,Hamburg,f,68 bis unter 69 Jahre,8407
2023,Hamburg,f,55 bis unter 56 Jahre,13503
2023,Hamburg,f,24 bis unter 25 Jahre,12724
2023,Hamburg,f,11 bis unter 12 Jahre,8024
2023,Hamburg,f,37 bis unter 38 Jahre,14212
2023,Hamburg,f,18 bis unter 19 Jahre,8190
2023,Hamburg,f,71 bis unter 72 Jahre,8001
2023,Hamburg,f,40 bis unter 41 Jahre,13643
2023,Hamburg,f,66 bis unter 67 Jahre,9482
2023,Hamburg,f,53 bis unter 54 Jahre,12365
2023,Hamburg,f,10 bis unter 11 Jahre,8160
2023,Hamburg,f,67 bis unter 68 Jahre,8975
2023,Hamburg,f,23 bis unter 24 Jahre,11968
2023,Hamburg,f,49 bis unter 50 Jahre,11336
2023,Hamburg,f,36 bis unter 37 Jahre,14559
2023,Hamburg,f,5 bis unter 6 Jahre,8850
2023,Hamburg,f,17 bis unter 18 Jahre,7826
2023,Hamburg,f,70 bis unter 71 Jahre,8107
2023,Hamburg,f,52 bis unter 53 Jahre,12150
2023,Hamburg,f,80 bis unter 85 Jahre,35672
2023,Hamburg,f,65 bis unter 66 Jahre,10025
2023,Hamburg,f,22 bis unter 23 Jahre,10836
2023,Hamburg,f,35 bis unter 36 Jahre,15238
2023,Hamburg,f,48 bis unter 49 Jahre,11380
2023,Hamburg,f,4 bis unter 5 Jahre,8851
2023,Hamburg,f,29 bis unter 30 Jahre,14794
2023,Hamburg,f,90 Jahre und mehr,11619
2023,Hamburg,f,64 bis unter 65 Jahre,10603
2023,Hamburg,f,51 bis unter 52 Jahre,11545
2023,Hamburg,f,20 bis unter 21 Jahre,9368
2023,Hamburg,f,21 bis unter 22 Jahre,10027
2023,Hamburg,f,47 bis unter 48 Jahre,12135
2023,Hamburg,f,34 bis unter 35 Jahre,15179
2023,Hamburg,f,3 bis unter 4 Jahre,8727
2023,Hamburg,f,16 bis unter 17 Jahre,7845
2023,Hamburg,f,50 bis unter 51 Jahre,11282
2023,Hamburg,f,63 bis unter 64 Jahre,11077
2023,Hamburg,f,33 bis unter 34 Jahre,15703
2023,Hamburg,f,46 bis unter 47 Jahre,12126
2023,Hamburg,f,59 bis unter 60 Jahre,13088
2023,Hamburg,f,2 bis unter 3 Jahre,9265
2023,Hamburg,f,28 bis unter 29 Jahre,14435
2023,Hamburg,f,15 bis unter 16 Jahre,7982
2023,Hamburg,f,85 bis unter 90 Jahre,24242
2023,Hamburg,f,9 bis unter 10 Jahre,8676
2023,Hamburg,f,62 bis unter 63 Jahre,11517
2023,Hamburg,f,31 bis unter 32 Jahre,14619
2023,Hamburg,f,45 bis unter 46 Jahre,12340
2023,Hamburg,f,32 bis unter 33 Jahre,15003
2023,Hamburg,f,75 bis unter 80 Jahre,33848
2023,Hamburg,f,58 bis unter 59 Jahre,13099
2023,Hamburg,f,1 bis unter 2 Jahre,8833
2023,Hamburg,f,14 bis unter 15 Jahre,7721
2023,Hamburg,f,27 bis unter 28 Jahre,14623
2023,Berlin,m,42 bis unter 43 Jahre,27401
2023,Berlin,m,60 bis unter 61 Jahre,26098
2023,Berlin,m,73 bis unter 74 Jahre,14443
2023,Berlin,m,7 bis unter 8 Jahre,18190
2023,Berlin,m,38 bis unter 39 Jahre,30279
2023,Berlin,m,25 bis unter 26 Jahre,24726
2023,Berlin,m,69 bis unter 70 Jahre,15672
2023,Berlin,m,12 bis unter 13 Jahre,16503
2023,Berlin,m,43 bis unter 44 Jahre,27222
2023,Berlin,m,56 bis unter 57 Jahre,24921
2023,Berlin,m,41 bis unter 42 Jahre,28453
2023,Berlin,m,54 bis unter 55 Jahre,24174
2023,Berlin,m,19 bis unter 20 Jahre,16987
2023,Berlin,m,72 bis unter 73 Jahre,14355
2023,Berlin,m,6 bis unter 7 Jahre,17994
2023,Berlin,m,24 bis unter 25 Jahre,23098
2023,Berlin,m,37 bis unter 38 Jahre,31488
2023,Berlin,m,68 bis unter 69 Jahre,16429
2023,Berlin,m,11 bis unter 12 Jahre,17042
2023,Berlin,m,55 bis unter 56 Jahre,25216
2023,Berlin,m,31 bis unter 32 Jahre,29359
2023,Berlin,m,62 bis unter 63 Jahre,23295
2023,Berlin,m,90 Jahre und mehr,8399
2023,Berlin,m,9 bis unter 10 Jahre,17657
2023,Berlin,m,27 bis unter 28 Jahre,26996
2023,Berlin,m,1 bis unter 2 Jahre,17455
2023,Berlin,m,14 bis unter 15 Jahre,16429
2023,Berlin,m,45 bis unter 46 Jahre,24326
2023,Berlin,m,58 bis unter 59 Jahre,26380
2023,Berlin,m,32 bis unter 33 Jahre,30071
2023,Berlin,m,30 bis unter 31 Jahre,28910
2023,Berlin,m,74 bis unter 75 Jahre,13416
2023,Berlin,m,8 bis unter 9 Jahre,17954
2023,Berlin,m,61 bis unter 62 Jahre,24662
2023,Berlin,m,39 bis unter 40 Jahre,29396
2023,Berlin,m,13 bis unter 14 Jahre,16642
2023,Berlin,m,26 bis unter 27 Jahre,26675
2023,Berlin,m,57 bis unter 58 Jahre,25681
2023,Berlin,m,unter 1 Jahr,16995
2023,Berlin,m,44 bis unter 45 Jahre,25146
2023,Berlin,m,64 bis unter 65 Jahre,20675
2023,Berlin,m,51 bis unter 52 Jahre,20983
2023,Berlin,m,29 bis unter 30 Jahre,28198
2023,Berlin,m,16 bis unter 17 Jahre,16509
2023,Berlin,m,3 bis unter 4 Jahre,17972
2023,Berlin,m,34 bis unter 35 Jahre,33088
2023,Berlin,m,47 bis unter 48 Jahre,22154
2023,Berlin,m,21 bis unter 22 Jahre,18074
2023,Berlin,m,63 bis unter 64 Jahre,22207
2023,Berlin,m,50 bis unter 51 Jahre,19887
2023,Berlin,m,15 bis unter 16 Jahre,16658
2023,Berlin,m,28 bis unter 29 Jahre,27637
2023,Berlin,m,59 bis unter 60 Jahre,26325
2023,Berlin,m,2 bis unter 3 Jahre,18540
2023,Berlin,m,46 bis unter 47 Jahre,23402
2023,Berlin,m,20 bis unter 21 Jahre,16809
2023,Berlin,m,33 bis unter 34 Jahre,33473
2023,Berlin,m,53 bis unter 54 Jahre,23311
2023,Berlin,m,40 bis unter 41 Jahre,28240
2023,Berlin,m,80 bis unter 85 Jahre,54403
2023,Berlin,m,18 bis unter 19 Jahre,16623
2023,Berlin,m,71 bis unter 72 Jahre,14384
2023,Berlin,m,5 bis unter 6 Jahre,17996
2023,Berlin,m,36 bis unter 37 Jahre,32643
2023,Berlin,m,49 bis unter 50 Jahre,20805
2023,Berlin,m,23 bis unter 24 Jahre,21835
2023,Berlin,m,67 bis unter 68 Jahre,17143
2023,Berlin,m,10 bis unter 11 Jahre,17040
2023,Berlin,m,65 bis unter 66 Jahre,18501
2023,Berlin,m,85 bis unter 90 Jahre,28502
2023,Berlin,m,52 bis unter 53 Jahre,23167
2023,Berlin,m,17 bis unter 18 Jahre,16009
2023,Berlin,m,70 bis unter 71 Jahre,14917
2023,Berlin,m,4 bis unter 5 Jahre,17968
2023,Berlin,m,75 bis unter 80 Jahre,52674
2023,Berlin,m,48 bis unter 49 Jahre,21278
2023,Berlin,m,22 bis unter 23 Jahre,19225
2023,Berlin,m,35 bis unter 36 Jahre,33130
2023,Berlin,m,66 bis unter 67 Jahre,17489
2023,Berlin,f,49 bis unter 50 Jahre,20312
2023,Berlin,f,5 bis unter 6 Jahre,17264
2023,Berlin,f,71 bis unter 72 Jahre,17676
2023,Berlin,f,18 bis unter 19 Jahre,15154
2023,Berlin,f,75 bis unter 80 Jahre,68151
2023,Berlin,f,53 bis unter 54 Jahre,22783
2023,Berlin,f,40 bis unter 41 Jahre,27836
2023,Berlin,f,66 bis unter 67 Jahre,18838
2023,Berlin,f,22 bis unter 23 Jahre,19765
2023,Berlin,f,35 bis unter 36 Jahre,32502
2023,Berlin,f,48 bis unter 49 Jahre,20894
2023,Berlin,f,70 bis unter 71 Jahre,17875
2023,Berlin,f,17 bis unter 18 Jahre,15138
2023,Berlin,f,4 bis unter 5 Jahre,17276
2023,Berlin,f,85 bis unter 90 Jahre,49511
2023,Berlin,f,52 bis unter 53 Jahre,22500
2023,Berlin,f,65 bis unter 66 Jahre,19747
2023,Berlin,f,34 bis unter 35 Jahre,32503
2023,Berlin,f,21 bis unter 22 Jahre,18191
2023,Berlin,f,47 bis unter 48 Jahre,21945
2023,Berlin,f,38 bis unter 39 Jahre,29569
2023,Berlin,f,25 bis unter 26 Jahre,24711
2023,Berlin,f,60 bis unter 61 Jahre,26205
2023,Berlin,f,7 bis unter 8 Jahre,17647
2023,Berlin,f,73 bis unter 74 Jahre,18624
2023,Berlin,f,55 bis unter 56 Jahre,24532
2023,Berlin,f,42 bis unter 43 Jahre,27163
2023,Berlin,f,68 bis unter 69 Jahre,18319
2023,Berlin,f,11 bis unter 12 Jahre,16340
2023,Berlin,f,24 bis unter 25 Jahre,23075
2023,Berlin,f,37 bis unter 38 Jahre,30503
2023,Berlin,f,72 bis unter 73 Jahre,18004
2023,Berlin,f,19 bis unter 20 Jahre,16064
2023,Berlin,f,6 bis unter 7 Jahre,17258
2023,Berlin,f,41 bis unter 42 Jahre,27414
2023,Berlin,f,54 bis unter 55 Jahre,23388
2023,Berlin,f,67 bis unter 68 Jahre,18362
2023,Berlin,f,10 bis unter 11 Jahre,16224
2023,Berlin,f,36 bis unter 37 Jahre,31530
2023,Berlin,f,23 bis unter 24 Jahre,21658
2023,Berlin,f,14 bis unter 15 Jahre,15657
2023,Berlin,f,90 Jahre und mehr,21521
2023,Berlin,f,27 bis unter 28 Jahre,27188
2023,Berlin,f,62 bis unter 63 Jahre,23948
2023,Berlin,f,9 bis unter 10 Jahre,17041
2023,Berlin,f,31 bis unter 32 Jahre,28908
2023,Berlin,f,57 bis unter 58 Jahre,25757
2023,Berlin,f,44 bis unter 45 Jahre,24718
2023,Berlin,f,13 bis unter 14 Jahre,15974
2023,Berlin,f,unter 1 Jahr,16230
2023,Berlin,f,26 bis unter 27 Jahre,26609
2023,Berlin,f,39 bis unter 40 Jahre,28197
2023,Berlin,f,74 bis unter 75 Jahre,17062
2023,Berlin,f,61 bis unter 62 Jahre,25081
2023,Berlin,f,8 bis unter 9 Jahre,17059
2023,Berlin,f,30 bis unter 31 Jahre,28836
2023,Berlin,f,43 bis unter 44 Jahre,26429
2023,Berlin,f,56 bis unter 57 Jahre,24353
2023,Berlin,f,69 bis unter 70 Jahre,18234
2023,Berlin,f,12 bis unter 13 Jahre,15684
2023,Berlin,f,3 bis unter 4 Jahre,17250
2023,Berlin,f,16 bis unter 17 Jahre,15214
2023,Berlin,f,80 bis unter 85 Jahre,78300
2023,Berlin,f,29 bis unter 30 Jahre,28181
2023,Berlin,f,51 bis unter 52 Jahre,20448
2023,Berlin,f,64 bis unter 65 Jahre,21699
2023,Berlin,f,20 bis unter 21 Jahre,17023
2023,Berlin,f,33 bis unter 34 Jahre,32982
2023,Berlin,f,59 bis unter 60 Jahre,26501
2023,Berlin,f,46 bis unter 47 Jahre,22970
2023,Berlin,f,15 bis unter 16 Jahre,15627
2023,Berlin,f,2 bis unter 3 Jahre,17660
2023,Berlin,f,28 bis unter 29 Jahre,27792
2023,Berlin,f,50 bis unter 51 Jahre,19853
2023,Berlin,f,63 bis unter 64 Jahre,22498
2023,Berlin,f,32 bis unter 33 Jahre,29337
2023,Berlin,f,45 bis unter 46 Jahre,23458
2023,Berlin,f,1 bis unter 2 Jahre,16353
2023,Berlin,f,58 bis unter 59 Jahre,25889
2023,Bremen,m,18 bis unter 19 Jahre,3742
2023,Bremen,m,5 bis unter 6 Jahre,3731
2023,Bremen,m,71 bis unter 72 Jahre,2987
2023,Bremen,m,40 bis unter 41 Jahre,4607
2023,Bremen,m,53 bis unter 54 Jahre,4692
2023,Bremen,m,66 bis unter 67 Jahre,3869
2023,Bremen,m,90 Jahre und mehr,1655
2023,Bremen,m,35 bis unter 36 Jahre,5254
2023,Bremen,m,22 bis unter 23 Jahre,4503
2023,Bremen,m,48 bis unter 49 Jahre,4012
2023,Bremen,m,4 bis unter 5 Jahre,3900
2023,Bremen,m,6 bis unter 7 Jahre,3770
2023,Bremen,m,72 bis unter 73 Jahre,2986
2023,Bremen,m,19 bis unter 20 Jahre,3757
2023,Bremen,m,54 bis unter 55 Jahre,4897
2023,Bremen,m,41 bis unter 42 Jahre,4599
2023,Bremen,m,67 bis unter 68 Jahre,3639
2023,Bremen,m,10 bis unter 11 Jahre,3281
2023,Bremen,m,23 bis unter 24 Jahre,4896
2023,Bremen,m,36 bis unter 37 Jahre,4955
2023,Bremen,m,49 bis unter 50 Jahre,3981
2023,Bremen,m,80 bis unter 85 Jahre,10447
2023,Bremen,m,7 bis unter 8 Jahre,3646
2023,Bremen,m,60 bis unter 61 Jahre,4801
2023,Bremen,m,73 bis unter 74 Jahre,2967
2023,Bremen,m,42 bis unter 43 Jahre,4481
2023,Bremen,m,55 bis unter 56 Jahre,5148
2023,Bremen,m,68 bis unter 69 Jahre,3484
2023,Bremen,m,11 bis unter 12 Jahre,3302
2023,Bremen,m,37 bis unter 38 Jahre,4859
2023,Bremen,m,24 bis unter 25 Jahre,5346
2023,Bremen,m,8 bis unter 9 Jahre,3590
2023,Bremen,m,61 bis unter 62 Jahre,4805
2023,Bremen,m,74 bis unter 75 Jahre,2921
2023,Bremen,m,30 bis unter 31 Jahre,5329
2023,Bremen,m,85 bis unter 90 Jahre,5849
2023,Bremen,m,56 bis unter 57 Jahre,5174
2023,Bremen,m,43 bis unter 44 Jahre,4483
2023,Bremen,m,69 bis unter 70 Jahre,3296
2023,Bremen,m,12 bis unter 13 Jahre,3228
2023,Bremen,m,25 bis unter 26 Jahre,5808
2023,Bremen,m,38 bis unter 39 Jahre,4745
2023,Bremen,m,9 bis unter 10 Jahre,3523
2023,Bremen,m,62 bis unter 63 Jahre,4528
2023,Bremen,m,44 bis unter 45 Jahre,4269
2023,Bremen,m,75 bis unter 80 Jahre,11511
2023,Bremen,m,31 bis unter 32 Jahre,5193
2023,Bremen,m,unter 1 Jahr,3265
2023,Bremen,m,57 bis unter 58 Jahre,5276
2023,Bremen,m,13 bis unter 14 Jahre,3199
2023,Bremen,m,39 bis unter 40 Jahre,4532
2023,Bremen,m,26 bis unter 27 Jahre,5579
2023,Bremen,m,28 bis unter 29 Jahre,5340
2023,Bremen,m,63 bis unter 64 Jahre,4220
2023,Bremen,m,50 bis unter 51 Jahre,3907
2023,Bremen,m,32 bis unter 33 Jahre,5252
2023,Bremen,m,58 bis unter 59 Jahre,5237
2023,Bremen,m,45 bis unter 46 Jahre,4208
2023,Bremen,m,14 bis unter 15 Jahre,3323
2023,Bremen,m,1 bis unter 2 Jahre,3384
2023,Bremen,m,27 bis unter 28 Jahre,5577
2023,Bremen,m,29 bis unter 30 Jahre,5333
2023,Bremen,m,51 bis unter 52 Jahre,4150
2023,Bremen,m,64 bis unter 65 Jahre,4085
2023,Bremen,m,33 bis unter 34 Jahre,5486
2023,Bremen,m,20 bis unter 21 Jahre,3841
2023,Bremen,m,46 bis unter 47 Jahre,3987
2023,Bremen,m,2 bis unter 3 Jahre,3648
2023,Bremen,m,59 bis unter 60 Jahre,5112
2023,Bremen,m,15 bis unter 16 Jahre,3269
2023,Bremen,m,70 bis unter 71 Jahre,3108
2023,Bremen,m,17 bis unter 18 Jahre,3556
2023,Bremen,m,65 bis unter 66 Jahre,3921
2023,Bremen,m,52 bis unter 53 Jahre,4356
2023,Bremen,m,21 bis unter 22 Jahre,4041
2023,Bremen,m,34 bis unter 35 Jahre,5279
2023,Bremen,m,47 bis unter 48 Jahre,4073
2023,Bremen,m,16 bis unter 17 Jahre,3522
2023,Bremen,m,3 bis unter 4 Jahre,3632
2023,Bremen,f,21 bis unter 22 Jahre,3923
2023,Bremen,f,34 bis unter 35 Jahre,4901
2023,Bremen,f,47 bis unter 48 Jahre,3999
2023,Bremen,f,52 bis unter 53 Jahre,4485
2023,Bremen,f,65 bis unter 66 Jahre,4402
2023,Bremen,f,29 bis unter 30 Jahre,4802
2023,Bremen,f,3 bis unter 4 Jahre,3459
2023,Bremen,f,16 bis unter 17 Jahre,3211
2023,Bremen,f,33 bis unter 34 Jahre,4832
2023,Bremen,f,46 bis unter 47 Jahre,4062
2023,Bremen,f,51 bis unter 52 Jahre,4175
2023,Bremen,f,64 bis unter 65 Jahre,4612
2023,Bremen,f,20 bis unter 21 Jahre,3910
2023,Bremen,f,50 bis unter 51 Jahre,3968
2023,Bremen,f,59 bis unter 60 Jahre,5121
2023,Bremen,f,2 bis unter 3 Jahre,3493
2023,Bremen,f,15 bis unter 16 Jahre,3180
2023,Bremen,f,28 bis unter 29 Jahre,4908
2023,Bremen,f,67 bis unter 68 Jahre,4076
2023,Bremen,f,10 bis unter 11 Jahre,3159
2023,Bremen,f,23 bis unter 24 Jahre,4586
2023,Bremen,f,41 bis unter 42 Jahre,4613
2023,Bremen,f,54 bis unter 55 Jahre,4819
2023,Bremen,f,18 bis unter 19 Jahre,3150
2023,Bremen,f,71 bis unter 72 Jahre,3717
2023,Bremen,f,36 bis unter 37 Jahre,4752
2023,Bremen,f,80 bis unter 85 Jahre,14806
2023,Bremen,f,49 bis unter 50 Jahre,3838
2023,Bremen,f,5 bis unter 6 Jahre,3653
2023,Bremen,f,22 bis unter 23 Jahre,4294
2023,Bremen,f,35 bis unter 36 Jahre,4850
2023,Bremen,f,40 bis unter 41 Jahre,4551
2023,Bremen,f,53 bis unter 54 Jahre,4524
2023,Bremen,f,66 bis unter 67 Jahre,4320
2023,Bremen,f,17 bis unter 18 Jahre,3193
2023,Bremen,f,70 bis unter 71 Jahre,3721
2023,Bremen,f,48 bis unter 49 Jahre,3971
2023,Bremen,f,90 Jahre und mehr,4584
2023,Bremen,f,4 bis unter 5 Jahre,3559
2023,Bremen,f,75 bis unter 80 Jahre,14462
2023,Bremen,f,56 bis unter 57 Jahre,5045
2023,Bremen,f,69 bis unter 70 Jahre,3894
2023,Bremen,f,12 bis unter 13 Jahre,2992
2023,Bremen,f,74 bis unter 75 Jahre,3554
2023,Bremen,f,30 bis unter 31 Jahre,4889
2023,Bremen,f,43 bis unter 44 Jahre,4389
2023,Bremen,f,7 bis unter 8 Jahre,3483
2023,Bremen,f,60 bis unter 61 Jahre,5101
2023,Bremen,f,73 bis unter 74 Jahre,3598
2023,Bremen,f,25 bis unter 26 Jahre,4725
2023,Bremen,f,38 bis unter 39 Jahre,4454
2023,Bremen,f,55 bis unter 56 Jahre,5081
2023,Bremen,f,68 bis unter 69 Jahre,3985
2023,Bremen,f,11 bis unter 12 Jahre,3093
2023,Bremen,f,24 bis unter 25 Jahre,4765
2023,Bremen,f,85 bis unter 90 Jahre,10287
2023,Bremen,f,42 bis unter 43 Jahre,4272
2023,Bremen,f,6 bis unter 7 Jahre,3517
2023,Bremen,f,19 bis unter 20 Jahre,3447
2023,Bremen,f,72 bis unter 73 Jahre,3659
2023,Bremen,f,37 bis unter 38 Jahre,4628
2023,Bremen,f,32 bis unter 33 Jahre,4788
2023,Bremen,f,45 bis unter 46 Jahre,4105
2023,Bremen,f,58 bis unter 59 Jahre,5239
2023,Bremen,f,1 bis unter 2 Jahre,3151
2023,Bremen,f,63 bis unter 64 Jahre,4705
2023,Bremen,f,9 bis unter 10 Jahre,3328
2023,Bremen,f,62 bis unter 63 Jahre,4759
2023,Bremen,f,14 bis unter 15 Jahre,3111
2023,Bremen,f,27 bis unter 28 Jahre,4870
2023,Bremen,f,44 bis unter 45 Jahre,4048
2023,Bremen,f,57 bis unter 58 Jahre,5149
2023,Bremen,f,unter 1 Jahr,3122
2023,Bremen,f,31 bis unter 32 Jahre,4773
2023,Bremen,f,8 bis unter 9 Jahre,3282
2023,Bremen,f,61 bis unter 62 Jahre,5010
2023,Bremen,f,13 bis unter 14 Jahre,3116
2023,Bremen,f,26 bis unter 27 Jahre,5030
2023,Bremen,f,39 bis unter 40 Jahre,4426
2023,Baden-Württemberg,m,4 bis unter 5 Jahre,57150
2023,Baden-Württemberg,m,48 bis unter 49 Jahre,64609
2023,Baden-Württemberg,m,35 bis unter 36 Jahre,80795
2023,Baden-Württemberg,m,22 bis unter 23 Jahre,65664
2023,Baden-Württemberg,m,66 bis unter 67 Jahre,67635
2023,Baden-Württemberg,m,65 bis unter 66 Jahre,70051
2023,Baden-Württemberg,m,52 bis unter 53 Jahre,75761
2023,Baden-Württemberg,m,70 bis unter 71 Jahre,53817
2023,Baden-Württemberg,m,17 bis unter 18 Jahre,55950
2023,Baden-Württemberg,m,16 bis unter 17 Jahre,55646
2023,Baden-Württemberg,m,3 bis unter 4 Jahre,56948
2023,Baden-Württemberg,m,80 bis unter 85 Jahre,171091
2023,Baden-Württemberg,m,47 bis unter 48 Jahre,66368
2023,Baden-Württemberg,m,75 bis unter 80 Jahre,179231
2023,Baden-Württemberg,m,34 bis unter 35 Jahre,79410
2023,Baden-Württemberg,m,21 bis unter 22 Jahre,63833
2023,Baden-Württemberg,m,64 bis unter 65 Jahre,74709
2023,Baden-Württemberg,m,51 bis unter 52 Jahre,70200
2023,Baden-Württemberg,m,29 bis unter 30 Jahre,74298
2023,Baden-Württemberg,m,37 bis unter 38 Jahre,76396
2023,Baden-Württemberg,m,24 bis unter 25 Jahre,72350
2023,Baden-Württemberg,m,11 bis unter 12 Jahre,53505
2023,Baden-Württemberg,m,68 bis unter 69 Jahre,60624
2023,Baden-Württemberg,m,55 bis unter 56 Jahre,87028
2023,Baden-Württemberg,m,54 bis unter 55 Jahre,83740
2023,Baden-Württemberg,m,41 bis unter 42 Jahre,73427
2023,Baden-Württemberg,m,72 bis unter 73 Jahre,50649
2023,Baden-Württemberg,m,19 bis unter 20 Jahre,61126
2023,Baden-Württemberg,m,6 bis unter 7 Jahre,57504
2023,Baden-Württemberg,m,49 bis unter 50 Jahre,65664
2023,Baden-Württemberg,m,36 bis unter 37 Jahre,77666
2023,Baden-Württemberg,m,23 bis unter 24 Jahre,70281
2023,Baden-Württemberg,m,10 bis unter 11 Jahre,54105
2023,Baden-Württemberg,m,67 bis unter 68 Jahre,64980
2023,Baden-Württemberg,m,53 bis unter 54 Jahre,78231
2023,Baden-Württemberg,m,40 bis unter 41 Jahre,72325
2023,Baden-Württemberg,m,71 bis unter 72 Jahre,52799
2023,Baden-Württemberg,m,18 bis unter 19 Jahre,58306
2023,Baden-Württemberg,m,5 bis unter 6 Jahre,57485
2023,Baden-Württemberg,m,39 bis unter 40 Jahre,73511
2023,Baden-Württemberg,m,26 bis unter 27 Jahre,76072
2023,Baden-Württemberg,m,13 bis unter 14 Jahre,54394
2023,Baden-Württemberg,m,unter 1 Jahr,50205
2023,Baden-Württemberg,m,57 bis unter 58 Jahre,90221
2023,Baden-Württemberg,m,44 bis unter 45 Jahre,68154
2023,Baden-Württemberg,m,30 bis unter 31 Jahre,75561
2023,Baden-Württemberg,m,74 bis unter 75 Jahre,48201
2023,Baden-Württemberg,m,61 bis unter 62 Jahre,84976
2023,Baden-Württemberg,m,8 bis unter 9 Jahre,55783
2023,Baden-Württemberg,m,38 bis unter 39 Jahre,74165
2023,Baden-Württemberg,m,25 bis unter 26 Jahre,73993
2023,Baden-Württemberg,m,12 bis unter 13 Jahre,52776
2023,Baden-Württemberg,m,69 bis unter 70 Jahre,57040
2023,Baden-Württemberg,m,56 bis unter 57 Jahre,88825
2023,Baden-Württemberg,m,43 bis unter 44 Jahre,73104
2023,Baden-Württemberg,m,42 bis unter 43 Jahre,72519
2023,Baden-Württemberg,m,73 bis unter 74 Jahre,49549
2023,Baden-Württemberg,m,60 bis unter 61 Jahre,88558
2023,Baden-Württemberg,m,7 bis unter 8 Jahre,57788
2023,Baden-Württemberg,m,85 bis unter 90 Jahre,101040
2023,Baden-Württemberg,m,15 bis unter 16 Jahre,55267
2023,Baden-Württemberg,m,2 bis unter 3 Jahre,58782
2023,Baden-Württemberg,m,59 bis unter 60 Jahre,89923
2023,Baden-Württemberg,m,46 bis unter 47 Jahre,65934
2023,Baden-Württemberg,m,33 bis unter 34 Jahre,80665
2023,Baden-Württemberg,m,20 bis unter 21 Jahre,61828
2023,Baden-Württemberg,m,63 bis unter 64 Jahre,78519
2023,Baden-Württemberg,m,50 bis unter 51 Jahre,65077
2023,Baden-Württemberg,m,28 bis unter 29 Jahre,73758
2023,Baden-Württemberg,m,27 bis unter 28 Jahre,74472
2023,Baden-Württemberg,m,14 bis unter 15 Jahre,53832
2023,Baden-Württemberg,m,1 bis unter 2 Jahre,54388
2023,Baden-Württemberg,m,58 bis unter 59 Jahre,89303
2023,Baden-Württemberg,m,45 bis unter 46 Jahre,66945
2023,Baden-Württemberg,m,32 bis unter 33 Jahre,77556
2023,Baden-Württemberg,m,31 bis unter 32 Jahre,76606
2023,Baden-Württemberg,m,90 Jahre und mehr,33701
2023,Baden-Württemberg,m,62 bis unter 63 Jahre,82160
2023,Baden-Württemberg,m,9 bis unter 10 Jahre,55574
2023,Baden-Württemberg,f,20 bis unter 21 Jahre,56742
2023,Baden-Württemberg,f,51 bis unter 52 Jahre,71327
2023,Baden-Württemberg,f,64 bis unter 65 Jahre,77856
2023,Baden-Württemberg,f,46 bis unter 47 Jahre,66317
2023,Baden-Württemberg,f,33 bis unter 34 Jahre,75739
2023,Baden-Württemberg,f,16 bis unter 17 Jahre,52484
2023,Baden-Württemberg,f,3 bis unter 4 Jahre,54042
2023,Baden-Württemberg,f,29 bis unter 30 Jahre,67312
2023,Baden-Württemberg,f,65 bis unter 66 Jahre,73425
2023,Baden-Württemberg,f,52 bis unter 53 Jahre,75900
2023,Baden-Württemberg,f,34 bis unter 35 Jahre,74072
2023,Baden-Württemberg,f,47 bis unter 48 Jahre,66212
2023,Baden-Württemberg,f,21 bis unter 22 Jahre,58171
2023,Baden-Württemberg,f,4 bis unter 5 Jahre,54391
2023,Baden-Württemberg,f,17 bis unter 18 Jahre,51808
2023,Baden-Württemberg,f,48 bis unter 49 Jahre,65343
2023,Baden-Württemberg,f,70 bis unter 71 Jahre,60924
2023,Baden-Württemberg,f,31 bis unter 32 Jahre,70505
2023,Baden-Württemberg,f,unter 1 Jahr,47920
2023,Baden-Württemberg,f,57 bis unter 58 Jahre,89199
2023,Baden-Württemberg,f,44 bis unter 45 Jahre,68922
2023,Baden-Württemberg,f,27 bis unter 28 Jahre,66919
2023,Baden-Württemberg,f,14 bis unter 15 Jahre,51050
2023,Baden-Württemberg,f,62 bis unter 63 Jahre,83947
2023,Baden-Württemberg,f,9 bis unter 10 Jahre,52519
2023,Baden-Württemberg,f,63 bis unter 64 Jahre,81855
2023,Baden-Württemberg,f,1 bis unter 2 Jahre,51468
2023,Baden-Württemberg,f,58 bis unter 59 Jahre,87998
2023,Baden-Württemberg,f,32 bis unter 33 Jahre,72208
2023,Baden-Württemberg,f,45 bis unter 46 Jahre,67060
2023,Baden-Württemberg,f,15 bis unter 16 Jahre,52301
2023,Baden-Württemberg,f,28 bis unter 29 Jahre,66388
2023,Baden-Württemberg,f,2 bis unter 3 Jahre,57052
2023,Baden-Württemberg,f,59 bis unter 60 Jahre,89424
2023,Baden-Württemberg,f,50 bis unter 51 Jahre,66299
2023,Baden-Württemberg,f,42 bis unter 43 Jahre,72310
2023,Baden-Württemberg,f,11 bis unter 12 Jahre,50854
2023,Baden-Württemberg,f,24 bis unter 25 Jahre,63452
2023,Baden-Württemberg,f,55 bis unter 56 Jahre,86813
2023,Baden-Württemberg,f,68 bis unter 69 Jahre,65414
2023,Baden-Württemberg,f,25 bis unter 26 Jahre,65506
2023,Baden-Württemberg,f,38 bis unter 39 Jahre,70976
2023,Baden-Württemberg,f,73 bis unter 74 Jahre,58097
2023,Baden-Württemberg,f,60 bis unter 61 Jahre,87698
2023,Baden-Württemberg,f,7 bis unter 8 Jahre,54848
2023,Baden-Württemberg,f,30 bis unter 31 Jahre,69624
2023,Baden-Württemberg,f,43 bis unter 44 Jahre,72718
2023,Baden-Württemberg,f,74 bis unter 75 Jahre,55954
2023,Baden-Württemberg,f,69 bis unter 70 Jahre,63621
2023,Baden-Württemberg,f,12 bis unter 13 Jahre,50433
2023,Baden-Württemberg,f,56 bis unter 57 Jahre,87639
2023,Baden-Württemberg,f,39 bis unter 40 Jahre,71338
2023,Baden-Württemberg,f,13 bis unter 14 Jahre,51422
2023,Baden-Württemberg,f,26 bis unter 27 Jahre,67818
2023,Baden-Württemberg,f,61 bis unter 62 Jahre,85041
2023,Baden-Württemberg,f,8 bis unter 9 Jahre,54025
2023,Baden-Württemberg,f,53 bis unter 54 Jahre,78812
2023,Baden-Württemberg,f,66 bis unter 67 Jahre,70829
2023,Baden-Württemberg,f,40 bis unter 41 Jahre,71409
2023,Baden-Württemberg,f,90 Jahre und mehr,74578
2023,Baden-Württemberg,f,35 bis unter 36 Jahre,75744
2023,Baden-Württemberg,f,22 bis unter 23 Jahre,59665
2023,Baden-Württemberg,f,5 bis unter 6 Jahre,55253
2023,Baden-Württemberg,f,85 bis unter 90 Jahre,159721
2023,Baden-Württemberg,f,36 bis unter 37 Jahre,73059
2023,Baden-Württemberg,f,49 bis unter 50 Jahre,66777
2023,Baden-Württemberg,f,18 bis unter 19 Jahre,53591
2023,Baden-Württemberg,f,71 bis unter 72 Jahre,60472
2023,Baden-Württemberg,f,54 bis unter 55 Jahre,83636
2023,Baden-Württemberg,f,75 bis unter 80 Jahre,214424
2023,Baden-Württemberg,f,41 bis unter 42 Jahre,72611
2023,Baden-Württemberg,f,23 bis unter 24 Jahre,63287
2023,Baden-Württemberg,f,67 bis unter 68 Jahre,69263
2023,Baden-Württemberg,f,10 bis unter 11 Jahre,51320
2023,Baden-Württemberg,f,37 bis unter 38 Jahre,73858
2023,Baden-Württemberg,f,72 bis unter 73 Jahre,57832
2023,Baden-Württemberg,f,6 bis unter 7 Jahre,55231
2023,Baden-Württemberg,f,80 bis unter 85 Jahre,231351
2023,Baden-Württemberg,f,19 bis unter 20 Jahre,55235
2023,Niedersachsen,m,25 bis unter 26 Jahre,48788
2023,Niedersachsen,m,12 bis unter 13 Jahre,36991
2023,Niedersachsen,m,69 bis unter 70 Jahre,44313
2023,Niedersachsen,m,75 bis unter 80 Jahre,141208
2023,Niedersachsen,m,38 bis unter 39 Jahre,49402
2023,Niedersachsen,m,73 bis unter 74 Jahre,39806
2023,Niedersachsen,m,60 bis unter 61 Jahre,65313
2023,Niedersachsen,m,7 bis unter 8 Jahre,40181
2023,Niedersachsen,m,55 bis unter 56 Jahre,65782
2023,Niedersachsen,m,42 bis unter 43 Jahre,48837
2023,Niedersachsen,m,37 bis unter 38 Jahre,51606
2023,Niedersachsen,m,24 bis unter 25 Jahre,47847
2023,Niedersachsen,m,11 bis unter 12 Jahre,37640
2023,Niedersachsen,m,68 bis unter 69 Jahre,46455
2023,Niedersachsen,m,6 bis unter 7 Jahre,39790
2023,Niedersachsen,m,85 bis unter 90 Jahre,75005
2023,Niedersachsen,m,72 bis unter 73 Jahre,40702
2023,Niedersachsen,m,19 bis unter 20 Jahre,41553
2023,Niedersachsen,m,67 bis unter 68 Jahre,49110
2023,Niedersachsen,m,54 bis unter 55 Jahre,62891
2023,Niedersachsen,m,41 bis unter 42 Jahre,49515
2023,Niedersachsen,m,14 bis unter 15 Jahre,38153
2023,Niedersachsen,m,1 bis unter 2 Jahre,36912
2023,Niedersachsen,m,58 bis unter 59 Jahre,67104
2023,Niedersachsen,m,45 bis unter 46 Jahre,46166
2023,Niedersachsen,m,27 bis unter 28 Jahre,48883
2023,Niedersachsen,m,62 bis unter 63 Jahre,62140
2023,Niedersachsen,m,9 bis unter 10 Jahre,39067
2023,Niedersachsen,m,44 bis unter 45 Jahre,46419
2023,Niedersachsen,m,31 bis unter 32 Jahre,50493
2023,Niedersachsen,m,13 bis unter 14 Jahre,38568
2023,Niedersachsen,m,unter 1 Jahr,34196
2023,Niedersachsen,m,57 bis unter 58 Jahre,68235
2023,Niedersachsen,m,39 bis unter 40 Jahre,49072
2023,Niedersachsen,m,26 bis unter 27 Jahre,49811
2023,Niedersachsen,m,74 bis unter 75 Jahre,38536
2023,Niedersachsen,m,61 bis unter 62 Jahre,62967
2023,Niedersachsen,m,8 bis unter 9 Jahre,39160
2023,Niedersachsen,m,90 Jahre und mehr,22518
2023,Niedersachsen,m,56 bis unter 57 Jahre,67116
2023,Niedersachsen,m,43 bis unter 44 Jahre,48461
2023,Niedersachsen,m,30 bis unter 31 Jahre,49987
2023,Niedersachsen,m,47 bis unter 48 Jahre,45503
2023,Niedersachsen,m,34 bis unter 35 Jahre,52474
2023,Niedersachsen,m,29 bis unter 30 Jahre,48338
2023,Niedersachsen,m,16 bis unter 17 Jahre,39793
2023,Niedersachsen,m,3 bis unter 4 Jahre,38671
2023,Niedersachsen,m,51 bis unter 52 Jahre,50199
2023,Niedersachsen,m,33 bis unter 34 Jahre,53150
2023,Niedersachsen,m,20 bis unter 21 Jahre,40264
2023,Niedersachsen,m,64 bis unter 65 Jahre,56165
2023,Niedersachsen,m,2 bis unter 3 Jahre,39245
2023,Niedersachsen,m,59 bis unter 60 Jahre,66697
2023,Niedersachsen,m,46 bis unter 47 Jahre,45662
2023,Niedersachsen,m,28 bis unter 29 Jahre,47931
2023,Niedersachsen,m,15 bis unter 16 Jahre,39158
2023,Niedersachsen,m,63 bis unter 64 Jahre,58269
2023,Niedersachsen,m,50 bis unter 51 Jahre,45957
2023,Niedersachsen,m,32 bis unter 33 Jahre,50754
2023,Niedersachsen,m,36 bis unter 37 Jahre,52552
2023,Niedersachsen,m,23 bis unter 24 Jahre,46964
2023,Niedersachsen,m,10 bis unter 11 Jahre,37381
2023,Niedersachsen,m,18 bis unter 19 Jahre,41047
2023,Niedersachsen,m,5 bis unter 6 Jahre,39749
2023,Niedersachsen,m,49 bis unter 50 Jahre,45229
2023,Niedersachsen,m,40 bis unter 41 Jahre,48974
2023,Niedersachsen,m,71 bis unter 72 Jahre,41830
2023,Niedersachsen,m,66 bis unter 67 Jahre,50935
2023,Niedersachsen,m,53 bis unter 54 Jahre,57603
2023,Niedersachsen,m,48 bis unter 49 Jahre,44307
2023,Niedersachsen,m,35 bis unter 36 Jahre,53654
2023,Niedersachsen,m,22 bis unter 23 Jahre,43728
2023,Niedersachsen,m,70 bis unter 71 Jahre,42097
2023,Niedersachsen,m,17 bis unter 18 Jahre,39999
2023,Niedersachsen,m,4 bis unter 5 Jahre,39125
2023,Niedersachsen,m,80 bis unter 85 Jahre,131748
2023,Niedersachsen,m,21 bis unter 22 Jahre,41853
2023,Niedersachsen,m,65 bis unter 66 Jahre,52214
2023,Niedersachsen,m,52 bis unter 53 Jahre,55225
2023,Niedersachsen,f,41 bis unter 42 Jahre,49218
2023,Niedersachsen,f,72 bis unter 73 Jahre,45396
2023,Niedersachsen,f,19 bis unter 20 Jahre,39242
2023,Niedersachsen,f,6 bis unter 7 Jahre,38299
2023,Niedersachsen,f,36 bis unter 37 Jahre,49914
2023,Niedersachsen,f,49 bis unter 50 Jahre,46373
2023,Niedersachsen,f,23 bis unter 24 Jahre,42361
2023,Niedersachsen,f,67 bis unter 68 Jahre,52038
2023,Niedersachsen,f,10 bis unter 11 Jahre,35609
2023,Niedersachsen,f,54 bis unter 55 Jahre,63097
2023,Niedersachsen,f,80 bis unter 85 Jahre,178785
2023,Niedersachsen,f,73 bis unter 74 Jahre,44682
2023,Niedersachsen,f,60 bis unter 61 Jahre,66507
2023,Niedersachsen,f,7 bis unter 8 Jahre,38608
2023,Niedersachsen,f,75 bis unter 80 Jahre,167106
2023,Niedersachsen,f,38 bis unter 39 Jahre,48264
2023,Niedersachsen,f,37 bis unter 38 Jahre,49424
2023,Niedersachsen,f,11 bis unter 12 Jahre,35573
2023,Niedersachsen,f,24 bis unter 25 Jahre,42609
2023,Niedersachsen,f,55 bis unter 56 Jahre,65745
2023,Niedersachsen,f,68 bis unter 69 Jahre,49714
2023,Niedersachsen,f,42 bis unter 43 Jahre,49440
2023,Niedersachsen,f,85 bis unter 90 Jahre,124136
2023,Niedersachsen,f,52 bis unter 53 Jahre,56746
2023,Niedersachsen,f,17 bis unter 18 Jahre,36574
2023,Niedersachsen,f,70 bis unter 71 Jahre,46688
2023,Niedersachsen,f,4 bis unter 5 Jahre,37488
2023,Niedersachsen,f,3 bis unter 4 Jahre,36718
2023,Niedersachsen,f,34 bis unter 35 Jahre,49200
2023,Niedersachsen,f,47 bis unter 48 Jahre,46248
2023,Niedersachsen,f,21 bis unter 22 Jahre,38891
2023,Niedersachsen,f,65 bis unter 66 Jahre,55395
2023,Niedersachsen,f,40 bis unter 41 Jahre,48400
2023,Niedersachsen,f,90 Jahre und mehr,56977
2023,Niedersachsen,f,71 bis unter 72 Jahre,46612
2023,Niedersachsen,f,18 bis unter 19 Jahre,37788
2023,Niedersachsen,f,5 bis unter 6 Jahre,37611
2023,Niedersachsen,f,48 bis unter 49 Jahre,44865
2023,Niedersachsen,f,35 bis unter 36 Jahre,50416
2023,Niedersachsen,f,22 bis unter 23 Jahre,40355
2023,Niedersachsen,f,53 bis unter 54 Jahre,59143
2023,Niedersachsen,f,66 bis unter 67 Jahre,54241
2023,Niedersachsen,f,63 bis unter 64 Jahre,60930
2023,Niedersachsen,f,50 bis unter 51 Jahre,47093
2023,Niedersachsen,f,15 bis unter 16 Jahre,36918
2023,Niedersachsen,f,28 bis unter 29 Jahre,43305
2023,Niedersachsen,f,14 bis unter 15 Jahre,35699
2023,Niedersachsen,f,1 bis unter 2 Jahre,35000
2023,Niedersachsen,f,58 bis unter 59 Jahre,66866
2023,Niedersachsen,f,32 bis unter 33 Jahre,47317
2023,Niedersachsen,f,45 bis unter 46 Jahre,46418
2023,Niedersachsen,f,51 bis unter 52 Jahre,51110
2023,Niedersachsen,f,64 bis unter 65 Jahre,58974
2023,Niedersachsen,f,29 bis unter 30 Jahre,44275
2023,Niedersachsen,f,16 bis unter 17 Jahre,36736
2023,Niedersachsen,f,2 bis unter 3 Jahre,37190
2023,Niedersachsen,f,59 bis unter 60 Jahre,67826
2023,Niedersachsen,f,46 bis unter 47 Jahre,46104
2023,Niedersachsen,f,33 bis unter 34 Jahre,49778
2023,Niedersachsen,f,20 bis unter 21 Jahre,38329
2023,Niedersachsen,f,74 bis unter 75 Jahre,43422
2023,Niedersachsen,f,61 bis unter 62 Jahre,64749
2023,Niedersachsen,f,8 bis unter 9 Jahre,36823
2023,Niedersachsen,f,39 bis unter 40 Jahre,47643
2023,Niedersachsen,f,25 bis unter 26 Jahre,44047
2023,Niedersachsen,f,69 bis unter 70 Jahre,48886
2023,Niedersachsen,f,12 bis unter 13 Jahre,35015
2023,Niedersachsen,f,56 bis unter 57 Jahre,67602
2023,Niedersachsen,f,30 bis unter 31 Jahre,45560
2023,Niedersachsen,f,43 bis unter 44 Jahre,49485
2023,Niedersachsen,f,62 bis unter 63 Jahre,63780
2023,Niedersachsen,f,9 bis unter 10 Jahre,36913
2023,Niedersachsen,f,27 bis unter 28 Jahre,44392
2023,Niedersachsen,f,13 bis unter 14 Jahre,36155
2023,Niedersachsen,f,26 bis unter 27 Jahre,45498
2023,Niedersachsen,f,unter 1 Jahr,32767
2023,Niedersachsen,f,57 bis unter 58 Jahre,68325
2023,Niedersachsen,f,44 bis unter 45 Jahre,47113
2023,Niedersachsen,f,31 bis unter 32 Jahre,46453
2023,Hessen,m,90 Jahre und mehr,17253
2023,Hessen,m,44 bis unter 45 Jahre,39075
2023,Hessen,m,57 bis unter 58 Jahre,51140
2023,Hessen,m,unter 1 Jahr,27647
2023,Hessen,m,9 bis unter 10 Jahre,30345
2023,Hessen,m,62 bis unter 63 Jahre,45399
2023,Hessen,m,31 bis unter 32 Jahre,41502
2023,Hessen,m,80 bis unter 85 Jahre,95141
2023,Hessen,m,1 bis unter 2 Jahre,29020
2023,Hessen,m,14 bis unter 15 Jahre,30143
2023,Hessen,m,27 bis unter 28 Jahre,40429
2023,Hessen,m,43 bis unter 44 Jahre,40796
2023,Hessen,m,56 bis unter 57 Jahre,50488
2023,Hessen,m,69 bis unter 70 Jahre,32571
2023,Hessen,m,12 bis unter 13 Jahre,29802
2023,Hessen,m,74 bis unter 75 Jahre,28303
2023,Hessen,m,30 bis unter 31 Jahre,40736
2023,Hessen,m,8 bis unter 9 Jahre,31096
2023,Hessen,m,61 bis unter 62 Jahre,47000
2023,Hessen,m,13 bis unter 14 Jahre,30083
2023,Hessen,m,26 bis unter 27 Jahre,41535
2023,Hessen,m,39 bis unter 40 Jahre,40663
2023,Hessen,m,55 bis unter 56 Jahre,50563
2023,Hessen,m,68 bis unter 69 Jahre,33734
2023,Hessen,m,11 bis unter 12 Jahre,29825
2023,Hessen,m,73 bis unter 74 Jahre,29160
2023,Hessen,m,42 bis unter 43 Jahre,40284
2023,Hessen,m,7 bis unter 8 Jahre,31721
2023,Hessen,m,60 bis unter 61 Jahre,49592
2023,Hessen,m,25 bis unter 26 Jahre,40103
2023,Hessen,m,38 bis unter 39 Jahre,40745
2023,Hessen,m,67 bis unter 68 Jahre,35922
2023,Hessen,m,10 bis unter 11 Jahre,29541
2023,Hessen,m,23 bis unter 24 Jahre,37318
2023,Hessen,m,41 bis unter 42 Jahre,41197
2023,Hessen,m,54 bis unter 55 Jahre,48094
2023,Hessen,m,6 bis unter 7 Jahre,31326
2023,Hessen,m,19 bis unter 20 Jahre,33123
2023,Hessen,m,72 bis unter 73 Jahre,28777
2023,Hessen,m,24 bis unter 25 Jahre,38963
2023,Hessen,m,37 bis unter 38 Jahre,41909
2023,Hessen,m,66 bis unter 67 Jahre,37489
2023,Hessen,m,22 bis unter 23 Jahre,34925
2023,Hessen,m,35 bis unter 36 Jahre,43992
2023,Hessen,m,40 bis unter 41 Jahre,40404
2023,Hessen,m,53 bis unter 54 Jahre,44727
2023,Hessen,m,5 bis unter 6 Jahre,31116
2023,Hessen,m,18 bis unter 19 Jahre,32512
2023,Hessen,m,71 bis unter 72 Jahre,29875
2023,Hessen,m,36 bis unter 37 Jahre,42711
2023,Hessen,m,49 bis unter 50 Jahre,37437
2023,Hessen,m,21 bis unter 22 Jahre,33348
2023,Hessen,m,34 bis unter 35 Jahre,43388
2023,Hessen,m,52 bis unter 53 Jahre,43111
2023,Hessen,m,65 bis unter 66 Jahre,38871
2023,Hessen,m,17 bis unter 18 Jahre,30828
2023,Hessen,m,70 bis unter 71 Jahre,30085
2023,Hessen,m,48 bis unter 49 Jahre,36667
2023,Hessen,m,85 bis unter 90 Jahre,53394
2023,Hessen,m,4 bis unter 5 Jahre,30597
2023,Hessen,m,20 bis unter 21 Jahre,32400
2023,Hessen,m,33 bis unter 34 Jahre,43914
2023,Hessen,m,75 bis unter 80 Jahre,105703
2023,Hessen,m,46 bis unter 47 Jahre,37610
2023,Hessen,m,51 bis unter 52 Jahre,39696
2023,Hessen,m,64 bis unter 65 Jahre,41483
2023,Hessen,m,29 bis unter 30 Jahre,40005
2023,Hessen,m,47 bis unter 48 Jahre,37491
2023,Hessen,m,3 bis unter 4 Jahre,30074
2023,Hessen,m,16 bis unter 17 Jahre,31271
2023,Hessen,m,32 bis unter 33 Jahre,41824
2023,Hessen,m,45 bis unter 46 Jahre,38494
2023,Hessen,m,58 bis unter 59 Jahre,50810
2023,Hessen,m,50 bis unter 51 Jahre,37313
2023,Hessen,m,63 bis unter 64 Jahre,43509
2023,Hessen,m,28 bis unter 29 Jahre,39760
2023,Hessen,m,59 bis unter 60 Jahre,51026
2023,Hessen,m,2 bis unter 3 Jahre,30935
2023,Hessen,m,15 bis unter 16 Jahre,30494
2023,Hessen,f,38 bis unter 39 Jahre,39701
2023,Hessen,f,25 bis unter 26 Jahre,36014
2023,Hessen,f,12 bis unter 13 Jahre,28404
2023,Hessen,f,69 bis unter 70 Jahre,35844
2023,Hessen,f,56 bis unter 57 Jahre,50378
2023,Hessen,f,43 bis unter 44 Jahre,41606
2023,Hessen,f,30 bis unter 31 Jahre,38276
2023,Hessen,f,74 bis unter 75 Jahre,33065
2023,Hessen,f,61 bis unter 62 Jahre,47996
2023,Hessen,f,8 bis unter 9 Jahre,29560
2023,Hessen,f,39 bis unter 40 Jahre,40441
2023,Hessen,f,26 bis unter 27 Jahre,37638
2023,Hessen,f,13 bis unter 14 Jahre,29137
2023,Hessen,f,unter 1 Jahr,26022
2023,Hessen,f,57 bis unter 58 Jahre,50880
2023,Hessen,f,80 bis unter 85 Jahre,128672
2023,Hessen,f,44 bis unter 45 Jahre,40239
2023,Hessen,f,31 bis unter 32 Jahre,38802
2023,Hessen,f,62 bis unter 63 Jahre,46973
2023,Hessen,f,9 bis unter 10 Jahre,29380
2023,Hessen,f,27 bis unter 28 Jahre,36675
2023,Hessen,f,14 bis unter 15 Jahre,28574
2023,Hessen,f,1 bis unter 2 Jahre,27928
2023,Hessen,f,58 bis unter 59 Jahre,50746
2023,Hessen,f,45 bis unter 46 Jahre,39539
2023,Hessen,f,32 bis unter 33 Jahre,40053
2023,Hessen,f,63 bis unter 64 Jahre,45020
2023,Hessen,f,75 bis unter 80 Jahre,127140
2023,Hessen,f,50 bis unter 51 Jahre,37994
2023,Hessen,f,28 bis unter 29 Jahre,36533
2023,Hessen,f,15 bis unter 16 Jahre,29189
2023,Hessen,f,2 bis unter 3 Jahre,29253
2023,Hessen,f,59 bis unter 60 Jahre,50751
2023,Hessen,f,46 bis unter 47 Jahre,38880
2023,Hessen,f,33 bis unter 34 Jahre,42178
2023,Hessen,f,20 bis unter 21 Jahre,30338
2023,Hessen,f,64 bis unter 65 Jahre,43547
2023,Hessen,f,51 bis unter 52 Jahre,40625
2023,Hessen,f,85 bis unter 90 Jahre,87413
2023,Hessen,f,29 bis unter 30 Jahre,37336
2023,Hessen,f,16 bis unter 17 Jahre,28947
2023,Hessen,f,3 bis unter 4 Jahre,28917
2023,Hessen,f,47 bis unter 48 Jahre,38857
2023,Hessen,f,34 bis unter 35 Jahre,41653
2023,Hessen,f,21 bis unter 22 Jahre,30773
2023,Hessen,f,65 bis unter 66 Jahre,40934
2023,Hessen,f,52 bis unter 53 Jahre,43787
2023,Hessen,f,17 bis unter 18 Jahre,28782
2023,Hessen,f,70 bis unter 71 Jahre,34126
2023,Hessen,f,4 bis unter 5 Jahre,29097
2023,Hessen,f,48 bis unter 49 Jahre,37357
2023,Hessen,f,35 bis unter 36 Jahre,42239
2023,Hessen,f,22 bis unter 23 Jahre,32094
2023,Hessen,f,66 bis unter 67 Jahre,39741
2023,Hessen,f,53 bis unter 54 Jahre,45424
2023,Hessen,f,40 bis unter 41 Jahre,40377
2023,Hessen,f,90 Jahre und mehr,40634
2023,Hessen,f,71 bis unter 72 Jahre,34232
2023,Hessen,f,18 bis unter 19 Jahre,29654
2023,Hessen,f,5 bis unter 6 Jahre,30018
2023,Hessen,f,49 bis unter 50 Jahre,38114
2023,Hessen,f,36 bis unter 37 Jahre,41578
2023,Hessen,f,23 bis unter 24 Jahre,34219
2023,Hessen,f,10 bis unter 11 Jahre,28369
2023,Hessen,f,67 bis unter 68 Jahre,38160
2023,Hessen,f,54 bis unter 55 Jahre,47857
2023,Hessen,f,41 bis unter 42 Jahre,41541
2023,Hessen,f,72 bis unter 73 Jahre,33461
2023,Hessen,f,19 bis unter 20 Jahre,30631
2023,Hessen,f,6 bis unter 7 Jahre,30017
2023,Hessen,f,37 bis unter 38 Jahre,41201
2023,Hessen,f,24 bis unter 25 Jahre,34614
2023,Hessen,f,11 bis unter 12 Jahre,28186
2023,Hessen,f,68 bis unter 69 Jahre,36434
2023,Hessen,f,55 bis unter 56 Jahre,49573
2023,Hessen,f,42 bis unter 43 Jahre,41956
2023,Hessen,f,73 bis unter 74 Jahre,33692
2023,Hessen,f,60 bis unter 61 Jahre,49640
2023,Hessen,f,7 bis unter 8 Jahre,30567
2023,Brandenburg,m,66 bis unter 67 Jahre,18882
2023,Brandenburg,m,53 bis unter 54 Jahre,18405
2023,Brandenburg,m,48 bis unter 49 Jahre,14419
2023,Brandenburg,m,35 bis unter 36 Jahre,17584
2023,Brandenburg,m,22 bis unter 23 Jahre,10811
2023,Brandenburg,m,71 bis unter 72 Jahre,16103
2023,Brandenburg,m,18 bis unter 19 Jahre,11627
2023,Brandenburg,m,40 bis unter 41 Jahre,17840
2023,Brandenburg,m,5 bis unter 6 Jahre,12169
2023,Brandenburg,m,10 bis unter 11 Jahre,12221
2023,Brandenburg,m,67 bis unter 68 Jahre,18578
2023,Brandenburg,m,54 bis unter 55 Jahre,18873
2023,Brandenburg,m,41 bis unter 42 Jahre,18269
2023,Brandenburg,m,49 bis unter 50 Jahre,13907
2023,Brandenburg,m,36 bis unter 37 Jahre,17840
2023,Brandenburg,m,23 bis unter 24 Jahre,11113
2023,Brandenburg,m,80 bis unter 85 Jahre,49473
2023,Brandenburg,m,6 bis unter 7 Jahre,12568
2023,Brandenburg,m,72 bis unter 73 Jahre,15707
2023,Brandenburg,m,19 bis unter 20 Jahre,11517
2023,Brandenburg,m,68 bis unter 69 Jahre,18327
2023,Brandenburg,m,55 bis unter 56 Jahre,19773
2023,Brandenburg,m,42 bis unter 43 Jahre,17818
2023,Brandenburg,m,37 bis unter 38 Jahre,17546
2023,Brandenburg,m,24 bis unter 25 Jahre,10975
2023,Brandenburg,m,90 Jahre und mehr,7838
2023,Brandenburg,m,11 bis unter 12 Jahre,12303
2023,Brandenburg,m,38 bis unter 39 Jahre,18129
2023,Brandenburg,m,73 bis unter 74 Jahre,14108
2023,Brandenburg,m,7 bis unter 8 Jahre,12982
2023,Brandenburg,m,60 bis unter 61 Jahre,24070
2023,Brandenburg,m,56 bis unter 57 Jahre,20827
2023,Brandenburg,m,43 bis unter 44 Jahre,18325
2023,Brandenburg,m,30 bis unter 31 Jahre,8913
2023,Brandenburg,m,25 bis unter 26 Jahre,10748
2023,Brandenburg,m,12 bis unter 13 Jahre,12113
2023,Brandenburg,m,69 bis unter 70 Jahre,17382
2023,Brandenburg,m,8 bis unter 9 Jahre,12460
2023,Brandenburg,m,39 bis unter 40 Jahre,17693
2023,Brandenburg,m,74 bis unter 75 Jahre,11807
2023,Brandenburg,m,61 bis unter 62 Jahre,23822
2023,Brandenburg,m,44 bis unter 45 Jahre,17648
2023,Brandenburg,m,unter 1 Jahr,8222
2023,Brandenburg,m,31 bis unter 32 Jahre,9592
2023,Brandenburg,m,26 bis unter 27 Jahre,10326
2023,Brandenburg,m,13 bis unter 14 Jahre,12753
2023,Brandenburg,m,85 bis unter 90 Jahre,26578
2023,Brandenburg,m,57 bis unter 58 Jahre,22043
2023,Brandenburg,m,27 bis unter 28 Jahre,9989
2023,Brandenburg,m,62 bis unter 63 Jahre,23327
2023,Brandenburg,m,9 bis unter 10 Jahre,12652
2023,Brandenburg,m,32 bis unter 33 Jahre,10541
2023,Brandenburg,m,1 bis unter 2 Jahre,9360
2023,Brandenburg,m,75 bis unter 80 Jahre,41448
2023,Brandenburg,m,14 bis unter 15 Jahre,12218
2023,Brandenburg,m,58 bis unter 59 Jahre,22904
2023,Brandenburg,m,45 bis unter 46 Jahre,17317
2023,Brandenburg,m,28 bis unter 29 Jahre,9225
2023,Brandenburg,m,15 bis unter 16 Jahre,12586
2023,Brandenburg,m,63 bis unter 64 Jahre,21839
2023,Brandenburg,m,50 bis unter 51 Jahre,14063
2023,Brandenburg,m,33 bis unter 34 Jahre,15509
2023,Brandenburg,m,20 bis unter 21 Jahre,10997
2023,Brandenburg,m,2 bis unter 3 Jahre,10446
2023,Brandenburg,m,64 bis unter 65 Jahre,21288
2023,Brandenburg,m,59 bis unter 60 Jahre,23800
2023,Brandenburg,m,46 bis unter 47 Jahre,16649
2023,Brandenburg,m,29 bis unter 30 Jahre,8871
2023,Brandenburg,m,16 bis unter 17 Jahre,12321
2023,Brandenburg,m,51 bis unter 52 Jahre,15732
2023,Brandenburg,m,21 bis unter 22 Jahre,10765
2023,Brandenburg,m,65 bis unter 66 Jahre,19329
2023,Brandenburg,m,3 bis unter 4 Jahre,10946
2023,Brandenburg,m,47 bis unter 48 Jahre,15276
2023,Brandenburg,m,34 bis unter 35 Jahre,16477
2023,Brandenburg,m,70 bis unter 71 Jahre,16869
2023,Brandenburg,m,17 bis unter 18 Jahre,11838
2023,Brandenburg,m,52 bis unter 53 Jahre,18300
2023,Brandenburg,m,4 bis unter 5 Jahre,11355
2023,Brandenburg,f,29 bis unter 30 Jahre,7991
2023,Brandenburg,f,90 Jahre und mehr,19625
2023,Brandenburg,f,16 bis unter 17 Jahre,11498
2023,Brandenburg,f,3 bis unter 4 Jahre,10292
2023,Brandenburg,f,47 bis unter 48 Jahre,14422
2023,Brandenburg,f,34 bis unter 35 Jahre,16457
2023,Brandenburg,f,21 bis unter 22 Jahre,9353
2023,Brandenburg,f,65 bis unter 66 Jahre,20262
2023,Brandenburg,f,52 bis unter 53 Jahre,17522
2023,Brandenburg,f,28 bis unter 29 Jahre,8242
2023,Brandenburg,f,15 bis unter 16 Jahre,11891
2023,Brandenburg,f,2 bis unter 3 Jahre,10033
2023,Brandenburg,f,59 bis unter 60 Jahre,23366
2023,Brandenburg,f,46 bis unter 47 Jahre,15967
2023,Brandenburg,f,33 bis unter 34 Jahre,15092
2023,Brandenburg,f,20 bis unter 21 Jahre,9516
2023,Brandenburg,f,64 bis unter 65 Jahre,21924
2023,Brandenburg,f,51 bis unter 52 Jahre,14879
2023,Brandenburg,f,71 bis unter 72 Jahre,18225
2023,Brandenburg,f,18 bis unter 19 Jahre,10449
2023,Brandenburg,f,5 bis unter 6 Jahre,11488
2023,Brandenburg,f,49 bis unter 50 Jahre,13463
2023,Brandenburg,f,36 bis unter 37 Jahre,17863
2023,Brandenburg,f,23 bis unter 24 Jahre,9546
2023,Brandenburg,f,67 bis unter 68 Jahre,19473
2023,Brandenburg,f,10 bis unter 11 Jahre,11607
2023,Brandenburg,f,54 bis unter 55 Jahre,18713
2023,Brandenburg,f,41 bis unter 42 Jahre,17474
2023,Brandenburg,f,17 bis unter 18 Jahre,10863
2023,Brandenburg,f,75 bis unter 80 Jahre,52104
2023,Brandenburg,f,4 bis unter 5 Jahre,10899
2023,Brandenburg,f,70 bis unter 71 Jahre,18815
2023,Brandenburg,f,48 bis unter 49 Jahre,13611
2023,Brandenburg,f,35 bis unter 36 Jahre,17233
2023,Brandenburg,f,22 bis unter 23 Jahre,9137
2023,Brandenburg,f,66 bis unter 67 Jahre,19615
2023,Brandenburg,f,53 bis unter 54 Jahre,17960
2023,Brandenburg,f,40 bis unter 41 Jahre,17456
2023,Brandenburg,f,80 bis unter 85 Jahre,70283
2023,Brandenburg,f,7 bis unter 8 Jahre,12423
2023,Brandenburg,f,60 bis unter 61 Jahre,24194
2023,Brandenburg,f,38 bis unter 39 Jahre,17598
2023,Brandenburg,f,25 bis unter 26 Jahre,9035
2023,Brandenburg,f,69 bis unter 70 Jahre,19164
2023,Brandenburg,f,12 bis unter 13 Jahre,11732
2023,Brandenburg,f,85 bis unter 90 Jahre,46545
2023,Brandenburg,f,56 bis unter 57 Jahre,20621
2023,Brandenburg,f,43 bis unter 44 Jahre,17550
2023,Brandenburg,f,30 bis unter 31 Jahre,8289
2023,Brandenburg,f,61 bis unter 62 Jahre,23979
2023,Brandenburg,f,8 bis unter 9 Jahre,11817
2023,Brandenburg,f,74 bis unter 75 Jahre,13830
2023,Brandenburg,f,19 bis unter 20 Jahre,10092
2023,Brandenburg,f,6 bis unter 7 Jahre,12074
2023,Brandenburg,f,72 bis unter 73 Jahre,17362
2023,Brandenburg,f,37 bis unter 38 Jahre,17573
2023,Brandenburg,f,24 bis unter 25 Jahre,9175
2023,Brandenburg,f,11 bis unter 12 Jahre,11990
2023,Brandenburg,f,68 bis unter 69 Jahre,19365
2023,Brandenburg,f,55 bis unter 56 Jahre,19618
2023,Brandenburg,f,42 bis unter 43 Jahre,17204
2023,Brandenburg,f,73 bis unter 74 Jahre,16386
2023,Brandenburg,f,27 bis unter 28 Jahre,8500
2023,Brandenburg,f,14 bis unter 15 Jahre,11636
2023,Brandenburg,f,1 bis unter 2 Jahre,8843
2023,Brandenburg,f,58 bis unter 59 Jahre,22584
2023,Brandenburg,f,45 bis unter 46 Jahre,16709
2023,Brandenburg,f,32 bis unter 33 Jahre,10654
2023,Brandenburg,f,63 bis unter 64 Jahre,22770
2023,Brandenburg,f,50 bis unter 51 Jahre,13584
2023,Brandenburg,f,39 bis unter 40 Jahre,17357
2023,Brandenburg,f,26 bis unter 27 Jahre,8810
2023,Brandenburg,f,13 bis unter 14 Jahre,11889
2023,Brandenburg,f,unter 1 Jahr,7847
2023,Brandenburg,f,57 bis unter 58 Jahre,22079
2023,Brandenburg,f,44 bis unter 45 Jahre,16644
2023,Brandenburg,f,31 bis unter 32 Jahre,9060
2023,Brandenburg,f,9 bis unter 10 Jahre,12309
2023,Brandenburg,f,62 bis unter 63 Jahre,23700
2023,Sachsen,m,39 bis unter 40 Jahre,28377
2023,Sachsen,m,80 bis unter 85 Jahre,82342
2023,Sachsen,m,26 bis unter 27 Jahre,20139
2023,Sachsen,m,13 bis unter 14 Jahre,19762
2023,Sachsen,m,57 bis unter 58 Jahre,30283
2023,Sachsen,m,unter 1 Jahr,13487
2023,Sachsen,m,56 bis unter 57 Jahre,29086
2023,Sachsen,m,43 bis unter 44 Jahre,28868
2023,Sachsen,m,30 bis unter 31 Jahre,17729
2023,Sachsen,m,74 bis unter 75 Jahre,20224
2023,Sachsen,m,61 bis unter 62 Jahre,31528
2023,Sachsen,m,8 bis unter 9 Jahre,20093
2023,Sachsen,m,27 bis unter 28 Jahre,19328
2023,Sachsen,m,14 bis unter 15 Jahre,19535
2023,Sachsen,m,58 bis unter 59 Jahre,31201
2023,Sachsen,m,1 bis unter 2 Jahre,15118
2023,Sachsen,m,44 bis unter 45 Jahre,27894
2023,Sachsen,m,31 bis unter 32 Jahre,17930
2023,Sachsen,m,62 bis unter 63 Jahre,31037
2023,Sachsen,m,9 bis unter 10 Jahre,20075
2023,Sachsen,m,6 bis unter 7 Jahre,19716
2023,Sachsen,m,37 bis unter 38 Jahre,28609
2023,Sachsen,m,24 bis unter 25 Jahre,20937
2023,Sachsen,m,11 bis unter 12 Jahre,19645
2023,Sachsen,m,10 bis unter 11 Jahre,19795
2023,Sachsen,m,67 bis unter 68 Jahre,26140
2023,Sachsen,m,54 bis unter 55 Jahre,28262
2023,Sachsen,m,41 bis unter 42 Jahre,29097
2023,Sachsen,m,19 bis unter 20 Jahre,19576
2023,Sachsen,m,72 bis unter 73 Jahre,25281
2023,Sachsen,m,7 bis unter 8 Jahre,20221
2023,Sachsen,m,38 bis unter 39 Jahre,29039
2023,Sachsen,m,25 bis unter 26 Jahre,20087
2023,Sachsen,m,12 bis unter 13 Jahre,19613
2023,Sachsen,m,69 bis unter 70 Jahre,25589
2023,Sachsen,m,68 bis unter 69 Jahre,26415
2023,Sachsen,m,55 bis unter 56 Jahre,28459
2023,Sachsen,m,42 bis unter 43 Jahre,28263
2023,Sachsen,m,73 bis unter 74 Jahre,23843
2023,Sachsen,m,60 bis unter 61 Jahre,32230
2023,Sachsen,m,17 bis unter 18 Jahre,18502
2023,Sachsen,m,70 bis unter 71 Jahre,25294
2023,Sachsen,m,4 bis unter 5 Jahre,18120
2023,Sachsen,m,48 bis unter 49 Jahre,22907
2023,Sachsen,m,35 bis unter 36 Jahre,29470
2023,Sachsen,m,21 bis unter 22 Jahre,19003
2023,Sachsen,m,65 bis unter 66 Jahre,26253
2023,Sachsen,m,52 bis unter 53 Jahre,28895
2023,Sachsen,m,18 bis unter 19 Jahre,19023
2023,Sachsen,m,71 bis unter 72 Jahre,25404
2023,Sachsen,m,5 bis unter 6 Jahre,18966
2023,Sachsen,m,49 bis unter 50 Jahre,22639
2023,Sachsen,m,36 bis unter 37 Jahre,29964
2023,Sachsen,m,23 bis unter 24 Jahre,21323
2023,Sachsen,m,22 bis unter 23 Jahre,19973
2023,Sachsen,m,66 bis unter 67 Jahre,25913
2023,Sachsen,m,53 bis unter 54 Jahre,28469
2023,Sachsen,m,40 bis unter 41 Jahre,28593
2023,Sachsen,m,28 bis unter 29 Jahre,18047
2023,Sachsen,m,15 bis unter 16 Jahre,19690
2023,Sachsen,m,59 bis unter 60 Jahre,31796
2023,Sachsen,m,2 bis unter 3 Jahre,16972
2023,Sachsen,m,46 bis unter 47 Jahre,26877
2023,Sachsen,m,45 bis unter 46 Jahre,27558
2023,Sachsen,m,32 bis unter 33 Jahre,20121
2023,Sachsen,m,63 bis unter 64 Jahre,29511
2023,Sachsen,m,85 bis unter 90 Jahre,45657
2023,Sachsen,m,50 bis unter 51 Jahre,22667
2023,Sachsen,m,29 bis unter 30 Jahre,17613
2023,Sachsen,m,16 bis unter 17 Jahre,19251
2023,Sachsen,m,90 Jahre und mehr,13713
2023,Sachsen,m,3 bis unter 4 Jahre,17354
2023,Sachsen,m,47 bis unter 48 Jahre,23888
2023,Sachsen,m,34 bis unter 35 Jahre,28749
2023,Sachsen,m,33 bis unter 34 Jahre,27523
2023,Sachsen,m,20 bis unter 21 Jahre,18699
2023,Sachsen,m,75 bis unter 80 Jahre,73287
2023,Sachsen,m,64 bis unter 65 Jahre,28880
2023,Sachsen,m,51 bis unter 52 Jahre,24975
2023,Sachsen,f,68 bis unter 69 Jahre,29753
2023,Sachsen,f,11 bis unter 12 Jahre,18795
2023,Sachsen,f,42 bis unter 43 Jahre,25698
2023,Sachsen,f,55 bis unter 56 Jahre,26812
2023,Sachsen,f,37 bis unter 38 Jahre,27312
2023,Sachsen,f,80 bis unter 85 Jahre,120869
2023,Sachsen,f,24 bis unter 25 Jahre,18361
2023,Sachsen,f,90 Jahre und mehr,36695
2023,Sachsen,f,60 bis unter 61 Jahre,32313
2023,Sachsen,f,7 bis unter 8 Jahre,19340
2023,Sachsen,f,73 bis unter 74 Jahre,28967
2023,Sachsen,f,67 bis unter 68 Jahre,28873
2023,Sachsen,f,10 bis unter 11 Jahre,18373
2023,Sachsen,f,54 bis unter 55 Jahre,26403
2023,Sachsen,f,49 bis unter 50 Jahre,20188
2023,Sachsen,f,23 bis unter 24 Jahre,19036
2023,Sachsen,f,36 bis unter 37 Jahre,28238
2023,Sachsen,f,6 bis unter 7 Jahre,18781
2023,Sachsen,f,72 bis unter 73 Jahre,30519
2023,Sachsen,f,19 bis unter 20 Jahre,17942
2023,Sachsen,f,41 bis unter 42 Jahre,26551
2023,Sachsen,f,22 bis unter 23 Jahre,17941
2023,Sachsen,f,66 bis unter 67 Jahre,28479
2023,Sachsen,f,48 bis unter 49 Jahre,20654
2023,Sachsen,f,35 bis unter 36 Jahre,27598
2023,Sachsen,f,71 bis unter 72 Jahre,29723
2023,Sachsen,f,18 bis unter 19 Jahre,17457
2023,Sachsen,f,5 bis unter 6 Jahre,18002
2023,Sachsen,f,40 bis unter 41 Jahre,26763
2023,Sachsen,f,53 bis unter 54 Jahre,26004
2023,Sachsen,f,21 bis unter 22 Jahre,17879
2023,Sachsen,f,34 bis unter 35 Jahre,26677
2023,Sachsen,f,65 bis unter 66 Jahre,28626
2023,Sachsen,f,3 bis unter 4 Jahre,16577
2023,Sachsen,f,47 bis unter 48 Jahre,21840
2023,Sachsen,f,4 bis unter 5 Jahre,17289
2023,Sachsen,f,17 bis unter 18 Jahre,17099
2023,Sachsen,f,70 bis unter 71 Jahre,29657
2023,Sachsen,f,52 bis unter 53 Jahre,25942
2023,Sachsen,f,33 bis unter 34 Jahre,25648
2023,Sachsen,f,20 bis unter 21 Jahre,17626
2023,Sachsen,f,2 bis unter 3 Jahre,15937
2023,Sachsen,f,15 bis unter 16 Jahre,18448
2023,Sachsen,f,46 bis unter 47 Jahre,24342
2023,Sachsen,f,59 bis unter 60 Jahre,32249
2023,Sachsen,f,29 bis unter 30 Jahre,15440
2023,Sachsen,f,16 bis unter 17 Jahre,17839
2023,Sachsen,f,64 bis unter 65 Jahre,30838
2023,Sachsen,f,51 bis unter 52 Jahre,22175
2023,Sachsen,f,45 bis unter 46 Jahre,25074
2023,Sachsen,f,32 bis unter 33 Jahre,18560
2023,Sachsen,f,85 bis unter 90 Jahre,78794
2023,Sachsen,f,14 bis unter 15 Jahre,18080
2023,Sachsen,f,58 bis unter 59 Jahre,30555
2023,Sachsen,f,1 bis unter 2 Jahre,14373
2023,Sachsen,f,28 bis unter 29 Jahre,15941
2023,Sachsen,f,63 bis unter 64 Jahre,30909
2023,Sachsen,f,50 bis unter 51 Jahre,20323
2023,Sachsen,f,44 bis unter 45 Jahre,25009
2023,Sachsen,f,57 bis unter 58 Jahre,29545
2023,Sachsen,f,31 bis unter 32 Jahre,16382
2023,Sachsen,f,75 bis unter 80 Jahre,96635
2023,Sachsen,f,26 bis unter 27 Jahre,17875
2023,Sachsen,f,unter 1 Jahr,12727
2023,Sachsen,f,13 bis unter 14 Jahre,18997
2023,Sachsen,f,27 bis unter 28 Jahre,17261
2023,Sachsen,f,62 bis unter 63 Jahre,32214
2023,Sachsen,f,9 bis unter 10 Jahre,19139
2023,Sachsen,f,56 bis unter 57 Jahre,27694
2023,Sachsen,f,43 bis unter 44 Jahre,26350
2023,Sachsen,f,25 bis unter 26 Jahre,17996
2023,Sachsen,f,38 bis unter 39 Jahre,26996
2023,Sachsen,f,69 bis unter 70 Jahre,29628
2023,Sachsen,f,12 bis unter 13 Jahre,18401
2023,Sachsen,f,39 bis unter 40 Jahre,26666
2023,Sachsen,f,30 bis unter 31 Jahre,15623
2023,Sachsen,f,61 bis unter 62 Jahre,31881
2023,Sachsen,f,8 bis unter 9 Jahre,18903
2023,Sachsen,f,74 bis unter 75 Jahre,25198
2023,Saarland,m,9 bis unter 10 Jahre,4518
2023,Saarland,m,62 bis unter 63 Jahre,8834
2023,Saarland,m,31 bis unter 32 Jahre,6565
2023,Saarland,m,44 bis unter 45 Jahre,5766
2023,Saarland,m,57 bis unter 58 Jahre,8509
2023,Saarland,m,unter 1 Jahr,3933
2023,Saarland,m,13 bis unter 14 Jahre,4424
2023,Saarland,m,26 bis unter 27 Jahre,6188
2023,Saarland,m,39 bis unter 40 Jahre,6204
2023,Saarland,m,8 bis unter 9 Jahre,4597
2023,Saarland,m,61 bis unter 62 Jahre,8609
2023,Saarland,m,74 bis unter 75 Jahre,5778
2023,Saarland,m,30 bis unter 31 Jahre,6428
2023,Saarland,m,43 bis unter 44 Jahre,6265
2023,Saarland,m,56 bis unter 57 Jahre,8245
2023,Saarland,m,12 bis unter 13 Jahre,4505
2023,Saarland,m,69 bis unter 70 Jahre,6619
2023,Saarland,m,25 bis unter 26 Jahre,5840
2023,Saarland,m,38 bis unter 39 Jahre,6426
2023,Saarland,m,7 bis unter 8 Jahre,4611
2023,Saarland,m,90 Jahre und mehr,3170
2023,Saarland,m,51 bis unter 52 Jahre,5853
2023,Saarland,m,64 bis unter 65 Jahre,8437
2023,Saarland,m,20 bis unter 21 Jahre,4750
2023,Saarland,m,33 bis unter 34 Jahre,6958
2023,Saarland,m,46 bis unter 47 Jahre,5679
2023,Saarland,m,80 bis unter 85 Jahre,15851
2023,Saarland,m,59 bis unter 60 Jahre,8614
2023,Saarland,m,2 bis unter 3 Jahre,4537
2023,Saarland,m,15 bis unter 16 Jahre,4627
2023,Saarland,m,28 bis unter 29 Jahre,5993
2023,Saarland,m,50 bis unter 51 Jahre,5371
2023,Saarland,m,63 bis unter 64 Jahre,8187
2023,Saarland,m,32 bis unter 33 Jahre,6755
2023,Saarland,m,45 bis unter 46 Jahre,5454
2023,Saarland,m,58 bis unter 59 Jahre,8410
2023,Saarland,m,1 bis unter 2 Jahre,4106
2023,Saarland,m,14 bis unter 15 Jahre,4453
2023,Saarland,m,27 bis unter 28 Jahre,6113
2023,Saarland,m,40 bis unter 41 Jahre,6243
2023,Saarland,m,53 bis unter 54 Jahre,6739
2023,Saarland,m,66 bis unter 67 Jahre,7605
2023,Saarland,m,22 bis unter 23 Jahre,5075
2023,Saarland,m,35 bis unter 36 Jahre,6870
2023,Saarland,m,48 bis unter 49 Jahre,5302
2023,Saarland,m,4 bis unter 5 Jahre,4515
2023,Saarland,m,75 bis unter 80 Jahre,17482
2023,Saarland,m,70 bis unter 71 Jahre,6372
2023,Saarland,m,17 bis unter 18 Jahre,4676
2023,Saarland,m,52 bis unter 53 Jahre,6457
2023,Saarland,m,65 bis unter 66 Jahre,7809
2023,Saarland,m,21 bis unter 22 Jahre,4970
2023,Saarland,m,34 bis unter 35 Jahre,6730
2023,Saarland,m,47 bis unter 48 Jahre,5402
2023,Saarland,m,3 bis unter 4 Jahre,4479
2023,Saarland,m,16 bis unter 17 Jahre,4531
2023,Saarland,m,29 bis unter 30 Jahre,6090
2023,Saarland,m,85 bis unter 90 Jahre,9758
2023,Saarland,m,60 bis unter 61 Jahre,8743
2023,Saarland,m,73 bis unter 74 Jahre,5743
2023,Saarland,m,42 bis unter 43 Jahre,6339
2023,Saarland,m,55 bis unter 56 Jahre,7914
2023,Saarland,m,11 bis unter 12 Jahre,4330
2023,Saarland,m,68 bis unter 69 Jahre,6650
2023,Saarland,m,24 bis unter 25 Jahre,5621
2023,Saarland,m,37 bis unter 38 Jahre,6691
2023,Saarland,m,6 bis unter 7 Jahre,4714
2023,Saarland,m,72 bis unter 73 Jahre,5773
2023,Saarland,m,19 bis unter 20 Jahre,4884
2023,Saarland,m,41 bis unter 42 Jahre,6371
2023,Saarland,m,54 bis unter 55 Jahre,7507
2023,Saarland,m,10 bis unter 11 Jahre,4354
2023,Saarland,m,67 bis unter 68 Jahre,7137
2023,Saarland,m,23 bis unter 24 Jahre,5487
2023,Saarland,m,36 bis unter 37 Jahre,6706
2023,Saarland,m,49 bis unter 50 Jahre,5326
2023,Saarland,m,5 bis unter 6 Jahre,4565
2023,Saarland,m,71 bis unter 72 Jahre,6166
2023,Saarland,m,18 bis unter 19 Jahre,4821
2023,Saarland,f,56 bis unter 57 Jahre,8259
2023,Saarland,f,43 bis unter 44 Jahre,6106
2023,Saarland,f,38 bis unter 39 Jahre,6009
2023,Saarland,f,25 bis unter 26 Jahre,5119
2023,Saarland,f,12 bis unter 13 Jahre,4154
2023,Saarland,f,69 bis unter 70 Jahre,7276
2023,Saarland,f,60 bis unter 61 Jahre,8948
2023,Saarland,f,7 bis unter 8 Jahre,4551
2023,Saarland,f,90 Jahre und mehr,8086
2023,Saarland,f,73 bis unter 74 Jahre,6439
2023,Saarland,f,57 bis unter 58 Jahre,8558
2023,Saarland,f,44 bis unter 45 Jahre,5999
2023,Saarland,f,31 bis unter 32 Jahre,6133
2023,Saarland,f,26 bis unter 27 Jahre,5509
2023,Saarland,f,13 bis unter 14 Jahre,4247
2023,Saarland,f,unter 1 Jahr,3815
2023,Saarland,f,39 bis unter 40 Jahre,6032
2023,Saarland,f,30 bis unter 31 Jahre,5870
2023,Saarland,f,74 bis unter 75 Jahre,6460
2023,Saarland,f,61 bis unter 62 Jahre,8911
2023,Saarland,f,8 bis unter 9 Jahre,4125
2023,Saarland,f,10 bis unter 11 Jahre,3942
2023,Saarland,f,67 bis unter 68 Jahre,7592
2023,Saarland,f,54 bis unter 55 Jahre,7650
2023,Saarland,f,49 bis unter 50 Jahre,5442
2023,Saarland,f,36 bis unter 37 Jahre,6364
2023,Saarland,f,23 bis unter 24 Jahre,4978
2023,Saarland,f,71 bis unter 72 Jahre,6693
2023,Saarland,f,18 bis unter 19 Jahre,4316
2023,Saarland,f,5 bis unter 6 Jahre,4210
2023,Saarland,f,53 bis unter 54 Jahre,6779
2023,Saarland,f,40 bis unter 41 Jahre,5943
2023,Saarland,f,11 bis unter 12 Jahre,4046
2023,Saarland,f,68 bis unter 69 Jahre,7252
2023,Saarland,f,55 bis unter 56 Jahre,8093
2023,Saarland,f,42 bis unter 43 Jahre,5964
2023,Saarland,f,37 bis unter 38 Jahre,6371
2023,Saarland,f,24 bis unter 25 Jahre,5200
2023,Saarland,f,72 bis unter 73 Jahre,6477
2023,Saarland,f,19 bis unter 20 Jahre,4371
2023,Saarland,f,6 bis unter 7 Jahre,4447
2023,Saarland,f,41 bis unter 42 Jahre,6123
2023,Saarland,f,34 bis unter 35 Jahre,6292
2023,Saarland,f,21 bis unter 22 Jahre,4422
2023,Saarland,f,65 bis unter 66 Jahre,8209
2023,Saarland,f,3 bis unter 4 Jahre,4171
2023,Saarland,f,47 bis unter 48 Jahre,5409
2023,Saarland,f,29 bis unter 30 Jahre,5775
2023,Saarland,f,16 bis unter 17 Jahre,4271
2023,Saarland,f,75 bis unter 80 Jahre,21093
2023,Saarland,f,64 bis unter 65 Jahre,8522
2023,Saarland,f,51 bis unter 52 Jahre,6049
2023,Saarland,f,22 bis unter 23 Jahre,4629
2023,Saarland,f,80 bis unter 85 Jahre,23132
2023,Saarland,f,66 bis unter 67 Jahre,7868
2023,Saarland,f,48 bis unter 49 Jahre,5328
2023,Saarland,f,35 bis unter 36 Jahre,6460
2023,Saarland,f,70 bis unter 71 Jahre,7029
2023,Saarland,f,17 bis unter 18 Jahre,4054
2023,Saarland,f,4 bis unter 5 Jahre,4198
2023,Saarland,f,52 bis unter 53 Jahre,6736
2023,Saarland,f,45 bis unter 46 Jahre,5719
2023,Saarland,f,85 bis unter 90 Jahre,17208
2023,Saarland,f,32 bis unter 33 Jahre,6146
2023,Saarland,f,14 bis unter 15 Jahre,4172
2023,Saarland,f,1 bis unter 2 Jahre,3937
2023,Saarland,f,58 bis unter 59 Jahre,8868
2023,Saarland,f,27 bis unter 28 Jahre,5609
2023,Saarland,f,62 bis unter 63 Jahre,8802
2023,Saarland,f,9 bis unter 10 Jahre,4284
2023,Saarland,f,33 bis unter 34 Jahre,6309
2023,Saarland,f,20 bis unter 21 Jahre,4437
2023,Saarland,f,15 bis unter 16 Jahre,4284
2023,Saarland,f,2 bis unter 3 Jahre,4362
2023,Saarland,f,59 bis unter 60 Jahre,9034
2023,Saarland,f,46 bis unter 47 Jahre,5794
2023,Saarland,f,28 bis unter 29 Jahre,5430
2023,Saarland,f,63 bis unter 64 Jahre,8577
2023,Saarland,f,50 bis unter 51 Jahre,5440
2023,Sachsen-Anhalt,m,41 bis unter 42 Jahre,14404
2023,Sachsen-Anhalt,m,54 bis unter 55 Jahre,16186
2023,Sachsen-Anhalt,m,6 bis unter 7 Jahre,9862
2023,Sachsen-Anhalt,m,72 bis unter 73 Jahre,13474
2023,Sachsen-Anhalt,m,19 bis unter 20 Jahre,10015
2023,Sachsen-Anhalt,m,36 bis unter 37 Jahre,14849
2023,Sachsen-Anhalt,m,49 bis unter 50 Jahre,11356
2023,Sachsen-Anhalt,m,5 bis unter 6 Jahre,9282
2023,Sachsen-Anhalt,m,67 bis unter 68 Jahre,15416
2023,Sachsen-Anhalt,m,10 bis unter 11 Jahre,9534
2023,Sachsen-Anhalt,m,23 bis unter 24 Jahre,10559
2023,Sachsen-Anhalt,m,40 bis unter 41 Jahre,14582
2023,Sachsen-Anhalt,m,53 bis unter 54 Jahre,15797
2023,Sachsen-Anhalt,m,66 bis unter 67 Jahre,15488
2023,Sachsen-Anhalt,m,71 bis unter 72 Jahre,14506
2023,Sachsen-Anhalt,m,18 bis unter 19 Jahre,9725
2023,Sachsen-Anhalt,m,48 bis unter 49 Jahre,11237
2023,Sachsen-Anhalt,m,4 bis unter 5 Jahre,8927
2023,Sachsen-Anhalt,m,22 bis unter 23 Jahre,9987
2023,Sachsen-Anhalt,m,35 bis unter 36 Jahre,14766
2023,Sachsen-Anhalt,m,74 bis unter 75 Jahre,11058
2023,Sachsen-Anhalt,m,85 bis unter 90 Jahre,22008
2023,Sachsen-Anhalt,m,30 bis unter 31 Jahre,8127
2023,Sachsen-Anhalt,m,43 bis unter 44 Jahre,14320
2023,Sachsen-Anhalt,m,8 bis unter 9 Jahre,9651
2023,Sachsen-Anhalt,m,61 bis unter 62 Jahre,18747
2023,Sachsen-Anhalt,m,25 bis unter 26 Jahre,10018
2023,Sachsen-Anhalt,m,38 bis unter 39 Jahre,14463
2023,Sachsen-Anhalt,m,56 bis unter 57 Jahre,16928
2023,Sachsen-Anhalt,m,69 bis unter 70 Jahre,15201
2023,Sachsen-Anhalt,m,12 bis unter 13 Jahre,9726
2023,Sachsen-Anhalt,m,42 bis unter 43 Jahre,14288
2023,Sachsen-Anhalt,m,7 bis unter 8 Jahre,10058
2023,Sachsen-Anhalt,m,60 bis unter 61 Jahre,19231
2023,Sachsen-Anhalt,m,73 bis unter 74 Jahre,13002
2023,Sachsen-Anhalt,m,37 bis unter 38 Jahre,14464
2023,Sachsen-Anhalt,m,55 bis unter 56 Jahre,16509
2023,Sachsen-Anhalt,m,68 bis unter 69 Jahre,15908
2023,Sachsen-Anhalt,m,11 bis unter 12 Jahre,9781
2023,Sachsen-Anhalt,m,24 bis unter 25 Jahre,10509
2023,Sachsen-Anhalt,m,63 bis unter 64 Jahre,17933
2023,Sachsen-Anhalt,m,50 bis unter 51 Jahre,11795
2023,Sachsen-Anhalt,m,14 bis unter 15 Jahre,9856
2023,Sachsen-Anhalt,m,27 bis unter 28 Jahre,9206
2023,Sachsen-Anhalt,m,32 bis unter 33 Jahre,9701
2023,Sachsen-Anhalt,m,45 bis unter 46 Jahre,13604
2023,Sachsen-Anhalt,m,1 bis unter 2 Jahre,7497
2023,Sachsen-Anhalt,m,58 bis unter 59 Jahre,18190
2023,Sachsen-Anhalt,m,62 bis unter 63 Jahre,18657
2023,Sachsen-Anhalt,m,31 bis unter 32 Jahre,8730
2023,Sachsen-Anhalt,m,80 bis unter 85 Jahre,43427
2023,Sachsen-Anhalt,m,75 bis unter 80 Jahre,40018
2023,Sachsen-Anhalt,m,9 bis unter 10 Jahre,10051
2023,Sachsen-Anhalt,m,13 bis unter 14 Jahre,9764
2023,Sachsen-Anhalt,m,26 bis unter 27 Jahre,9894
2023,Sachsen-Anhalt,m,39 bis unter 40 Jahre,14380
2023,Sachsen-Anhalt,m,44 bis unter 45 Jahre,13907
2023,Sachsen-Anhalt,m,unter 1 Jahr,6899
2023,Sachsen-Anhalt,m,57 bis unter 58 Jahre,17636
2023,Sachsen-Anhalt,m,52 bis unter 53 Jahre,15953
2023,Sachsen-Anhalt,m,65 bis unter 66 Jahre,16028
2023,Sachsen-Anhalt,m,70 bis unter 71 Jahre,14733
2023,Sachsen-Anhalt,m,17 bis unter 18 Jahre,9826
2023,Sachsen-Anhalt,m,3 bis unter 4 Jahre,8583
2023,Sachsen-Anhalt,m,16 bis unter 17 Jahre,9841
2023,Sachsen-Anhalt,m,21 bis unter 22 Jahre,9656
2023,Sachsen-Anhalt,m,34 bis unter 35 Jahre,14067
2023,Sachsen-Anhalt,m,47 bis unter 48 Jahre,11731
2023,Sachsen-Anhalt,m,51 bis unter 52 Jahre,13477
2023,Sachsen-Anhalt,m,90 Jahre und mehr,6207
2023,Sachsen-Anhalt,m,64 bis unter 65 Jahre,17012
2023,Sachsen-Anhalt,m,29 bis unter 30 Jahre,8116
2023,Sachsen-Anhalt,m,2 bis unter 3 Jahre,8435
2023,Sachsen-Anhalt,m,59 bis unter 60 Jahre,18602
2023,Sachsen-Anhalt,m,15 bis unter 16 Jahre,10132
2023,Sachsen-Anhalt,m,28 bis unter 29 Jahre,8650
2023,Sachsen-Anhalt,m,20 bis unter 21 Jahre,9176
2023,Sachsen-Anhalt,m,33 bis unter 34 Jahre,13808
2023,Sachsen-Anhalt,m,46 bis unter 47 Jahre,13127
2023,Sachsen-Anhalt,f,35 bis unter 36 Jahre,13903
2023,Sachsen-Anhalt,f,22 bis unter 23 Jahre,8800
2023,Sachsen-Anhalt,f,66 bis unter 67 Jahre,17178
2023,Sachsen-Anhalt,f,53 bis unter 54 Jahre,15188
2023,Sachsen-Anhalt,f,40 bis unter 41 Jahre,13448
2023,Sachsen-Anhalt,f,17 bis unter 18 Jahre,8348
2023,Sachsen-Anhalt,f,70 bis unter 71 Jahre,17306
2023,Sachsen-Anhalt,f,4 bis unter 5 Jahre,8217
2023,Sachsen-Anhalt,f,48 bis unter 49 Jahre,10134
2023,Sachsen-Anhalt,f,36 bis unter 37 Jahre,14093
2023,Sachsen-Anhalt,f,23 bis unter 24 Jahre,9022
2023,Sachsen-Anhalt,f,10 bis unter 11 Jahre,9030
2023,Sachsen-Anhalt,f,67 bis unter 68 Jahre,17588
2023,Sachsen-Anhalt,f,54 bis unter 55 Jahre,15691
2023,Sachsen-Anhalt,f,41 bis unter 42 Jahre,13136
2023,Sachsen-Anhalt,f,18 bis unter 19 Jahre,8754
2023,Sachsen-Anhalt,f,71 bis unter 72 Jahre,16925
2023,Sachsen-Anhalt,f,5 bis unter 6 Jahre,8756
2023,Sachsen-Anhalt,f,49 bis unter 50 Jahre,10526
2023,Sachsen-Anhalt,f,59 bis unter 60 Jahre,19064
2023,Sachsen-Anhalt,f,46 bis unter 47 Jahre,11926
2023,Sachsen-Anhalt,f,33 bis unter 34 Jahre,12546
2023,Sachsen-Anhalt,f,20 bis unter 21 Jahre,8390
2023,Sachsen-Anhalt,f,85 bis unter 90 Jahre,41443
2023,Sachsen-Anhalt,f,64 bis unter 65 Jahre,18648
2023,Sachsen-Anhalt,f,50 bis unter 51 Jahre,10746
2023,Sachsen-Anhalt,f,28 bis unter 29 Jahre,7337
2023,Sachsen-Anhalt,f,15 bis unter 16 Jahre,9262
2023,Sachsen-Anhalt,f,2 bis unter 3 Jahre,7670
2023,Sachsen-Anhalt,f,75 bis unter 80 Jahre,53094
2023,Sachsen-Anhalt,f,47 bis unter 48 Jahre,10712
2023,Sachsen-Anhalt,f,34 bis unter 35 Jahre,13440
2023,Sachsen-Anhalt,f,21 bis unter 22 Jahre,8559
2023,Sachsen-Anhalt,f,65 bis unter 66 Jahre,17326
2023,Sachsen-Anhalt,f,52 bis unter 53 Jahre,14724
2023,Sachsen-Anhalt,f,51 bis unter 52 Jahre,12521
2023,Sachsen-Anhalt,f,80 bis unter 85 Jahre,64894
2023,Sachsen-Anhalt,f,29 bis unter 30 Jahre,7193
2023,Sachsen-Anhalt,f,16 bis unter 17 Jahre,8990
2023,Sachsen-Anhalt,f,3 bis unter 4 Jahre,8024
2023,Sachsen-Anhalt,f,13 bis unter 14 Jahre,9265
2023,Sachsen-Anhalt,f,unter 1 Jahr,6597
2023,Sachsen-Anhalt,f,57 bis unter 58 Jahre,17318
2023,Sachsen-Anhalt,f,44 bis unter 45 Jahre,12562
2023,Sachsen-Anhalt,f,31 bis unter 32 Jahre,8037
2023,Sachsen-Anhalt,f,74 bis unter 75 Jahre,14077
2023,Sachsen-Anhalt,f,8 bis unter 9 Jahre,9068
2023,Sachsen-Anhalt,f,61 bis unter 62 Jahre,19689
2023,Sachsen-Anhalt,f,39 bis unter 40 Jahre,13461
2023,Sachsen-Anhalt,f,26 bis unter 27 Jahre,8363
2023,Sachsen-Anhalt,f,1 bis unter 2 Jahre,7185
2023,Sachsen-Anhalt,f,58 bis unter 59 Jahre,18237
2023,Sachsen-Anhalt,f,45 bis unter 46 Jahre,12449
2023,Sachsen-Anhalt,f,32 bis unter 33 Jahre,8992
2023,Sachsen-Anhalt,f,63 bis unter 64 Jahre,18765
2023,Sachsen-Anhalt,f,62 bis unter 63 Jahre,19540
2023,Sachsen-Anhalt,f,9 bis unter 10 Jahre,9108
2023,Sachsen-Anhalt,f,27 bis unter 28 Jahre,7847
2023,Sachsen-Anhalt,f,14 bis unter 15 Jahre,9025
2023,Sachsen-Anhalt,f,24 bis unter 25 Jahre,8738
2023,Sachsen-Anhalt,f,11 bis unter 12 Jahre,9078
2023,Sachsen-Anhalt,f,68 bis unter 69 Jahre,17559
2023,Sachsen-Anhalt,f,55 bis unter 56 Jahre,16057
2023,Sachsen-Anhalt,f,42 bis unter 43 Jahre,12978
2023,Sachsen-Anhalt,f,19 bis unter 20 Jahre,8670
2023,Sachsen-Anhalt,f,72 bis unter 73 Jahre,16351
2023,Sachsen-Anhalt,f,6 bis unter 7 Jahre,8945
2023,Sachsen-Anhalt,f,37 bis unter 38 Jahre,13656
2023,Sachsen-Anhalt,f,12 bis unter 13 Jahre,8885
2023,Sachsen-Anhalt,f,69 bis unter 70 Jahre,17083
2023,Sachsen-Anhalt,f,56 bis unter 57 Jahre,16706
2023,Sachsen-Anhalt,f,90 Jahre und mehr,18470
2023,Sachsen-Anhalt,f,43 bis unter 44 Jahre,13239
2023,Sachsen-Anhalt,f,30 bis unter 31 Jahre,7374
2023,Sachsen-Anhalt,f,73 bis unter 74 Jahre,15779
2023,Sachsen-Anhalt,f,7 bis unter 8 Jahre,9123
2023,Sachsen-Anhalt,f,60 bis unter 61 Jahre,19483
2023,Sachsen-Anhalt,f,38 bis unter 39 Jahre,13355
2023,Sachsen-Anhalt,f,25 bis unter 26 Jahre,8650
2023,Mecklenburg-Vorpommern,m,2 bis unter 3 Jahre,6064
2023,Mecklenburg-Vorpommern,m,59 bis unter 60 Jahre,14189
2023,Mecklenburg-Vorpommern,m,28 bis unter 29 Jahre,5659
2023,Mecklenburg-Vorpommern,m,15 bis unter 16 Jahre,7419
2023,Mecklenburg-Vorpommern,m,50 bis unter 51 Jahre,8448
2023,Mecklenburg-Vorpommern,m,51 bis unter 52 Jahre,9142
2023,Mecklenburg-Vorpommern,m,64 bis unter 65 Jahre,13727
2023,Mecklenburg-Vorpommern,m,33 bis unter 34 Jahre,9687
2023,Mecklenburg-Vorpommern,m,20 bis unter 21 Jahre,6683
2023,Mecklenburg-Vorpommern,m,46 bis unter 47 Jahre,10326
2023,Mecklenburg-Vorpommern,m,14 bis unter 15 Jahre,7356
2023,Mecklenburg-Vorpommern,m,27 bis unter 28 Jahre,6364
2023,Mecklenburg-Vorpommern,m,9 bis unter 10 Jahre,7357
2023,Mecklenburg-Vorpommern,m,90 Jahre und mehr,4800
2023,Mecklenburg-Vorpommern,m,63 bis unter 64 Jahre,14104
2023,Mecklenburg-Vorpommern,m,85 bis unter 90 Jahre,16031
2023,Mecklenburg-Vorpommern,m,45 bis unter 46 Jahre,10560
2023,Mecklenburg-Vorpommern,m,32 bis unter 33 Jahre,6614
2023,Mecklenburg-Vorpommern,m,1 bis unter 2 Jahre,5577
2023,Mecklenburg-Vorpommern,m,58 bis unter 59 Jahre,13504
2023,Mecklenburg-Vorpommern,m,26 bis unter 27 Jahre,6883
2023,Mecklenburg-Vorpommern,m,13 bis unter 14 Jahre,7530
2023,Mecklenburg-Vorpommern,m,39 bis unter 40 Jahre,10627
2023,Mecklenburg-Vorpommern,m,61 bis unter 62 Jahre,14554
2023,Mecklenburg-Vorpommern,m,8 bis unter 9 Jahre,7361
2023,Mecklenburg-Vorpommern,m,62 bis unter 63 Jahre,14761
2023,Mecklenburg-Vorpommern,m,31 bis unter 32 Jahre,5932
2023,Mecklenburg-Vorpommern,m,44 bis unter 45 Jahre,10761
2023,Mecklenburg-Vorpommern,m,unter 1 Jahr,5079
2023,Mecklenburg-Vorpommern,m,57 bis unter 58 Jahre,12966
2023,Mecklenburg-Vorpommern,m,75 bis unter 80 Jahre,26439
2023,Mecklenburg-Vorpommern,m,25 bis unter 26 Jahre,6806
2023,Mecklenburg-Vorpommern,m,38 bis unter 39 Jahre,10776
2023,Mecklenburg-Vorpommern,m,7 bis unter 8 Jahre,7168
2023,Mecklenburg-Vorpommern,m,73 bis unter 74 Jahre,9509
2023,Mecklenburg-Vorpommern,m,60 bis unter 61 Jahre,14565
2023,Mecklenburg-Vorpommern,m,74 bis unter 75 Jahre,7916
2023,Mecklenburg-Vorpommern,m,30 bis unter 31 Jahre,5651
2023,Mecklenburg-Vorpommern,m,56 bis unter 57 Jahre,12012
2023,Mecklenburg-Vorpommern,m,43 bis unter 44 Jahre,10878
2023,Mecklenburg-Vorpommern,m,12 bis unter 13 Jahre,7290
2023,Mecklenburg-Vorpommern,m,69 bis unter 70 Jahre,12108
2023,Mecklenburg-Vorpommern,m,37 bis unter 38 Jahre,10899
2023,Mecklenburg-Vorpommern,m,6 bis unter 7 Jahre,7037
2023,Mecklenburg-Vorpommern,m,72 bis unter 73 Jahre,10313
2023,Mecklenburg-Vorpommern,m,19 bis unter 20 Jahre,7118
2023,Mecklenburg-Vorpommern,m,80 bis unter 85 Jahre,28955
2023,Mecklenburg-Vorpommern,m,42 bis unter 43 Jahre,10740
2023,Mecklenburg-Vorpommern,m,68 bis unter 69 Jahre,12257
2023,Mecklenburg-Vorpommern,m,55 bis unter 56 Jahre,11735
2023,Mecklenburg-Vorpommern,m,24 bis unter 25 Jahre,7043
2023,Mecklenburg-Vorpommern,m,11 bis unter 12 Jahre,7317
2023,Mecklenburg-Vorpommern,m,49 bis unter 50 Jahre,8297
2023,Mecklenburg-Vorpommern,m,36 bis unter 37 Jahre,11219
2023,Mecklenburg-Vorpommern,m,5 bis unter 6 Jahre,6930
2023,Mecklenburg-Vorpommern,m,71 bis unter 72 Jahre,10968
2023,Mecklenburg-Vorpommern,m,18 bis unter 19 Jahre,6891
2023,Mecklenburg-Vorpommern,m,54 bis unter 55 Jahre,11203
2023,Mecklenburg-Vorpommern,m,41 bis unter 42 Jahre,10937
2023,Mecklenburg-Vorpommern,m,10 bis unter 11 Jahre,7098
2023,Mecklenburg-Vorpommern,m,67 bis unter 68 Jahre,12366
2023,Mecklenburg-Vorpommern,m,23 bis unter 24 Jahre,7378
2023,Mecklenburg-Vorpommern,m,48 bis unter 49 Jahre,8510
2023,Mecklenburg-Vorpommern,m,4 bis unter 5 Jahre,6642
2023,Mecklenburg-Vorpommern,m,70 bis unter 71 Jahre,11619
2023,Mecklenburg-Vorpommern,m,17 bis unter 18 Jahre,7267
2023,Mecklenburg-Vorpommern,m,40 bis unter 41 Jahre,10672
2023,Mecklenburg-Vorpommern,m,53 bis unter 54 Jahre,10773
2023,Mecklenburg-Vorpommern,m,66 bis unter 67 Jahre,12605
2023,Mecklenburg-Vorpommern,m,35 bis unter 36 Jahre,10983
2023,Mecklenburg-Vorpommern,m,22 bis unter 23 Jahre,6978
2023,Mecklenburg-Vorpommern,m,3 bis unter 4 Jahre,6358
2023,Mecklenburg-Vorpommern,m,16 bis unter 17 Jahre,7259
2023,Mecklenburg-Vorpommern,m,29 bis unter 30 Jahre,5418
2023,Mecklenburg-Vorpommern,m,52 bis unter 53 Jahre,10736
2023,Mecklenburg-Vorpommern,m,65 bis unter 66 Jahre,12882
2023,Mecklenburg-Vorpommern,m,21 bis unter 22 Jahre,6732
2023,Mecklenburg-Vorpommern,m,47 bis unter 48 Jahre,8954
2023,Mecklenburg-Vorpommern,m,34 bis unter 35 Jahre,10390
2023,Mecklenburg-Vorpommern,f,31 bis unter 32 Jahre,5637
2023,Mecklenburg-Vorpommern,f,9 bis unter 10 Jahre,7006
2023,Mecklenburg-Vorpommern,f,62 bis unter 63 Jahre,15130
2023,Mecklenburg-Vorpommern,f,14 bis unter 15 Jahre,7153
2023,Mecklenburg-Vorpommern,f,27 bis unter 28 Jahre,5620
2023,Mecklenburg-Vorpommern,f,45 bis unter 46 Jahre,9686
2023,Mecklenburg-Vorpommern,f,58 bis unter 59 Jahre,13683
2023,Mecklenburg-Vorpommern,f,1 bis unter 2 Jahre,5307
2023,Mecklenburg-Vorpommern,f,63 bis unter 64 Jahre,14944
2023,Mecklenburg-Vorpommern,f,32 bis unter 33 Jahre,6412
2023,Mecklenburg-Vorpommern,f,50 bis unter 51 Jahre,7874
2023,Mecklenburg-Vorpommern,f,2 bis unter 3 Jahre,5849
2023,Mecklenburg-Vorpommern,f,15 bis unter 16 Jahre,7107
2023,Mecklenburg-Vorpommern,f,28 bis unter 29 Jahre,5308
2023,Mecklenburg-Vorpommern,f,33 bis unter 34 Jahre,9476
2023,Mecklenburg-Vorpommern,f,46 bis unter 47 Jahre,9302
2023,Mecklenburg-Vorpommern,f,59 bis unter 60 Jahre,14305
2023,Mecklenburg-Vorpommern,f,64 bis unter 65 Jahre,14641
2023,Mecklenburg-Vorpommern,f,20 bis unter 21 Jahre,6454
2023,Mecklenburg-Vorpommern,f,29 bis unter 30 Jahre,4975
2023,Mecklenburg-Vorpommern,f,51 bis unter 52 Jahre,8660
2023,Mecklenburg-Vorpommern,f,3 bis unter 4 Jahre,5900
2023,Mecklenburg-Vorpommern,f,16 bis unter 17 Jahre,6828
2023,Mecklenburg-Vorpommern,f,21 bis unter 22 Jahre,6434
2023,Mecklenburg-Vorpommern,f,34 bis unter 35 Jahre,9940
2023,Mecklenburg-Vorpommern,f,47 bis unter 48 Jahre,8188
2023,Mecklenburg-Vorpommern,f,52 bis unter 53 Jahre,10069
2023,Mecklenburg-Vorpommern,f,65 bis unter 66 Jahre,13711
2023,Mecklenburg-Vorpommern,f,48 bis unter 49 Jahre,7732
2023,Mecklenburg-Vorpommern,f,4 bis unter 5 Jahre,6380
2023,Mecklenburg-Vorpommern,f,17 bis unter 18 Jahre,6601
2023,Mecklenburg-Vorpommern,f,70 bis unter 71 Jahre,12969
2023,Mecklenburg-Vorpommern,f,22 bis unter 23 Jahre,6613
2023,Mecklenburg-Vorpommern,f,35 bis unter 36 Jahre,10471
2023,Mecklenburg-Vorpommern,f,40 bis unter 41 Jahre,10177
2023,Mecklenburg-Vorpommern,f,53 bis unter 54 Jahre,10434
2023,Mecklenburg-Vorpommern,f,66 bis unter 67 Jahre,13315
2023,Mecklenburg-Vorpommern,f,18 bis unter 19 Jahre,6449
2023,Mecklenburg-Vorpommern,f,71 bis unter 72 Jahre,12525
2023,Mecklenburg-Vorpommern,f,49 bis unter 50 Jahre,7615
2023,Mecklenburg-Vorpommern,f,5 bis unter 6 Jahre,6650
2023,Mecklenburg-Vorpommern,f,10 bis unter 11 Jahre,6940
2023,Mecklenburg-Vorpommern,f,67 bis unter 68 Jahre,13438
2023,Mecklenburg-Vorpommern,f,23 bis unter 24 Jahre,6751
2023,Mecklenburg-Vorpommern,f,36 bis unter 37 Jahre,10809
2023,Mecklenburg-Vorpommern,f,41 bis unter 42 Jahre,10262
2023,Mecklenburg-Vorpommern,f,54 bis unter 55 Jahre,10814
2023,Mecklenburg-Vorpommern,f,80 bis unter 85 Jahre,43426
2023,Mecklenburg-Vorpommern,f,6 bis unter 7 Jahre,6751
2023,Mecklenburg-Vorpommern,f,72 bis unter 73 Jahre,11956
2023,Mecklenburg-Vorpommern,f,19 bis unter 20 Jahre,6692
2023,Mecklenburg-Vorpommern,f,37 bis unter 38 Jahre,10486
2023,Mecklenburg-Vorpommern,f,11 bis unter 12 Jahre,6881
2023,Mecklenburg-Vorpommern,f,68 bis unter 69 Jahre,13563
2023,Mecklenburg-Vorpommern,f,24 bis unter 25 Jahre,6305
2023,Mecklenburg-Vorpommern,f,90 Jahre und mehr,13025
2023,Mecklenburg-Vorpommern,f,42 bis unter 43 Jahre,10053
2023,Mecklenburg-Vorpommern,f,55 bis unter 56 Jahre,11618
2023,Mecklenburg-Vorpommern,f,7 bis unter 8 Jahre,7048
2023,Mecklenburg-Vorpommern,f,60 bis unter 61 Jahre,14935
2023,Mecklenburg-Vorpommern,f,73 bis unter 74 Jahre,10858
2023,Mecklenburg-Vorpommern,f,25 bis unter 26 Jahre,6249
2023,Mecklenburg-Vorpommern,f,38 bis unter 39 Jahre,10416
2023,Mecklenburg-Vorpommern,f,75 bis unter 80 Jahre,32519
2023,Mecklenburg-Vorpommern,f,56 bis unter 57 Jahre,12164
2023,Mecklenburg-Vorpommern,f,12 bis unter 13 Jahre,7020
2023,Mecklenburg-Vorpommern,f,69 bis unter 70 Jahre,13170
2023,Mecklenburg-Vorpommern,f,30 bis unter 31 Jahre,5177
2023,Mecklenburg-Vorpommern,f,43 bis unter 44 Jahre,10266
2023,Mecklenburg-Vorpommern,f,61 bis unter 62 Jahre,14926
2023,Mecklenburg-Vorpommern,f,8 bis unter 9 Jahre,7081
2023,Mecklenburg-Vorpommern,f,74 bis unter 75 Jahre,9323
2023,Mecklenburg-Vorpommern,f,26 bis unter 27 Jahre,6089
2023,Mecklenburg-Vorpommern,f,39 bis unter 40 Jahre,10145
2023,Mecklenburg-Vorpommern,f,44 bis unter 45 Jahre,9817
2023,Mecklenburg-Vorpommern,f,57 bis unter 58 Jahre,13047
2023,Mecklenburg-Vorpommern,f,unter 1 Jahr,4611
2023,Mecklenburg-Vorpommern,f,13 bis unter 14 Jahre,7258
2023,Mecklenburg-Vorpommern,f,85 bis unter 90 Jahre,29960
2025,Sachsen-Anhalt,m,65 bis unter 66 Jahre,17398
2025,Sachsen-Anhalt,m,52 bis unter 53 Jahre,11729
2025,Sachsen-Anhalt,m,34 bis unter 35 Jahre,9796
2025,Sachsen-Anhalt,m,47 bis unter 48 Jahre,13607
2025,Sachsen-Anhalt,m,21 bis unter 22 Jahre,10726
2025,Sachsen-Anhalt,m,4 bis unter 5 Jahre,8565
2025,Sachsen-Anhalt,m,48 bis unter 49 Jahre,13178
2025,Sachsen-Anhalt,m,70 bis unter 71 Jahre,15077
2025,Sachsen-Anhalt,m,17 bis unter 18 Jahre,10421
2025,Sachsen-Anhalt,m,53 bis unter 54 Jahre,13315
2025,Sachsen-Anhalt,m,66 bis unter 67 Jahre,16397
2025,Sachsen-Anhalt,m,40 bis unter 41 Jahre,14503
2025,Sachsen-Anhalt,m,35 bis unter 36 Jahre,13980
2025,Sachsen-Anhalt,m,22 bis unter 23 Jahre,9934
2025,Sachsen-Anhalt,m,5 bis unter 6 Jahre,8732
2025,Sachsen-Anhalt,m,36 bis unter 37 Jahre,14113
2025,Sachsen-Anhalt,m,49 bis unter 50 Jahre,11739
2025,Sachsen-Anhalt,m,71 bis unter 72 Jahre,14397
2025,Sachsen-Anhalt,m,18 bis unter 19 Jahre,10303
2025,Sachsen-Anhalt,m,54 bis unter 55 Jahre,15805
2025,Sachsen-Anhalt,m,41 bis unter 42 Jahre,14473
2025,Sachsen-Anhalt,m,80 bis unter 85 Jahre,36493
2025,Sachsen-Anhalt,m,23 bis unter 24 Jahre,10289
2025,Sachsen-Anhalt,m,67 bis unter 68 Jahre,15420
2025,Sachsen-Anhalt,m,10 bis unter 11 Jahre,9794
2025,Sachsen-Anhalt,m,37 bis unter 38 Jahre,14840
2025,Sachsen-Anhalt,m,72 bis unter 73 Jahre,13840
2025,Sachsen-Anhalt,m,19 bis unter 20 Jahre,10496
2025,Sachsen-Anhalt,m,6 bis unter 7 Jahre,8975
2025,Sachsen-Anhalt,m,42 bis unter 43 Jahre,14690
2025,Sachsen-Anhalt,m,11 bis unter 12 Jahre,10205
2025,Sachsen-Anhalt,m,24 bis unter 25 Jahre,10499
2025,Sachsen-Anhalt,m,55 bis unter 56 Jahre,15605
2025,Sachsen-Anhalt,m,68 bis unter 69 Jahre,14795
2025,Sachsen-Anhalt,m,38 bis unter 39 Jahre,15011
2025,Sachsen-Anhalt,m,25 bis unter 26 Jahre,10967
2025,Sachsen-Anhalt,m,60 bis unter 61 Jahre,17883
2025,Sachsen-Anhalt,m,73 bis unter 74 Jahre,13600
2025,Sachsen-Anhalt,m,7 bis unter 8 Jahre,9343
2025,Sachsen-Anhalt,m,30 bis unter 31 Jahre,8699
2025,Sachsen-Anhalt,m,43 bis unter 44 Jahre,14488
2025,Sachsen-Anhalt,m,74 bis unter 75 Jahre,12625
2025,Sachsen-Anhalt,m,69 bis unter 70 Jahre,14744
2025,Sachsen-Anhalt,m,12 bis unter 13 Jahre,9655
2025,Sachsen-Anhalt,m,75 bis unter 80 Jahre,44662
2025,Sachsen-Anhalt,m,56 bis unter 57 Jahre,16013
2025,Sachsen-Anhalt,m,39 bis unter 40 Jahre,14554
2025,Sachsen-Anhalt,m,13 bis unter 14 Jahre,9867
2025,Sachsen-Anhalt,m,26 bis unter 27 Jahre,10772
2025,Sachsen-Anhalt,m,8 bis unter 9 Jahre,9946
2025,Sachsen-Anhalt,m,61 bis unter 62 Jahre,18215
2025,Sachsen-Anhalt,m,31 bis unter 32 Jahre,8263
2025,Sachsen-Anhalt,m,62 bis unter 63 Jahre,18829
2025,Sachsen-Anhalt,m,unter 1 Jahr,6066
2025,Sachsen-Anhalt,m,57 bis unter 58 Jahre,16298
2025,Sachsen-Anhalt,m,85 bis unter 90 Jahre,25637
2025,Sachsen-Anhalt,m,44 bis unter 45 Jahre,14316
2025,Sachsen-Anhalt,m,27 bis unter 28 Jahre,10187
2025,Sachsen-Anhalt,m,14 bis unter 15 Jahre,9840
2025,Sachsen-Anhalt,m,9 bis unter 10 Jahre,10193
2025,Sachsen-Anhalt,m,63 bis unter 64 Jahre,18220
2025,Sachsen-Anhalt,m,1 bis unter 2 Jahre,6506
2025,Sachsen-Anhalt,m,58 bis unter 59 Jahre,16666
2025,Sachsen-Anhalt,m,32 bis unter 33 Jahre,8192
2025,Sachsen-Anhalt,m,45 bis unter 46 Jahre,14332
2025,Sachsen-Anhalt,m,15 bis unter 16 Jahre,9907
2025,Sachsen-Anhalt,m,28 bis unter 29 Jahre,10019
2025,Sachsen-Anhalt,m,2 bis unter 3 Jahre,7156
2025,Sachsen-Anhalt,m,59 bis unter 60 Jahre,17365
2025,Sachsen-Anhalt,m,50 bis unter 51 Jahre,11214
2025,Sachsen-Anhalt,m,20 bis unter 21 Jahre,10479
2025,Sachsen-Anhalt,m,51 bis unter 52 Jahre,11260
2025,Sachsen-Anhalt,m,64 bis unter 65 Jahre,18107
2025,Sachsen-Anhalt,m,46 bis unter 47 Jahre,13933
2025,Sachsen-Anhalt,m,90 Jahre und mehr,7518
2025,Sachsen-Anhalt,m,33 bis unter 34 Jahre,8732
2025,Sachsen-Anhalt,m,16 bis unter 17 Jahre,9969
2025,Sachsen-Anhalt,m,3 bis unter 4 Jahre,7692
2025,Sachsen-Anhalt,m,29 bis unter 30 Jahre,9283
2025,Sachsen-Anhalt,f,28 bis unter 29 Jahre,8519
2025,Sachsen-Anhalt,f,2 bis unter 3 Jahre,6801
2025,Sachsen-Anhalt,f,15 bis unter 16 Jahre,9309
2025,Sachsen-Anhalt,f,46 bis unter 47 Jahre,12654
2025,Sachsen-Anhalt,f,59 bis unter 60 Jahre,17196
2025,Sachsen-Anhalt,f,33 bis unter 34 Jahre,8241
2025,Sachsen-Anhalt,f,64 bis unter 65 Jahre,19307
2025,Sachsen-Anhalt,f,20 bis unter 21 Jahre,9324
2025,Sachsen-Anhalt,f,51 bis unter 52 Jahre,10566
2025,Sachsen-Anhalt,f,27 bis unter 28 Jahre,8792
2025,Sachsen-Anhalt,f,14 bis unter 15 Jahre,8955
2025,Sachsen-Anhalt,f,1 bis unter 2 Jahre,6245
2025,Sachsen-Anhalt,f,45 bis unter 46 Jahre,13354
2025,Sachsen-Anhalt,f,58 bis unter 59 Jahre,16643
2025,Sachsen-Anhalt,f,32 bis unter 33 Jahre,7531
2025,Sachsen-Anhalt,f,63 bis unter 64 Jahre,19466
2025,Sachsen-Anhalt,f,50 bis unter 51 Jahre,10225
2025,Sachsen-Anhalt,f,4 bis unter 5 Jahre,7806
2025,Sachsen-Anhalt,f,17 bis unter 18 Jahre,9320
2025,Sachsen-Anhalt,f,48 bis unter 49 Jahre,12023
2025,Sachsen-Anhalt,f,70 bis unter 71 Jahre,17129
2025,Sachsen-Anhalt,f,35 bis unter 36 Jahre,12719
2025,Sachsen-Anhalt,f,22 bis unter 23 Jahre,8626
2025,Sachsen-Anhalt,f,53 bis unter 54 Jahre,12569
2025,Sachsen-Anhalt,f,40 bis unter 41 Jahre,13568
2025,Sachsen-Anhalt,f,66 bis unter 67 Jahre,18350
2025,Sachsen-Anhalt,f,71 bis unter 72 Jahre,16645
2025,Sachsen-Anhalt,f,18 bis unter 19 Jahre,9017
2025,Sachsen-Anhalt,f,16 bis unter 17 Jahre,9101
2025,Sachsen-Anhalt,f,29 bis unter 30 Jahre,8012
2025,Sachsen-Anhalt,f,3 bis unter 4 Jahre,7330
2025,Sachsen-Anhalt,f,47 bis unter 48 Jahre,12534
2025,Sachsen-Anhalt,f,21 bis unter 22 Jahre,9004
2025,Sachsen-Anhalt,f,34 bis unter 35 Jahre,9152
2025,Sachsen-Anhalt,f,52 bis unter 53 Jahre,10739
2025,Sachsen-Anhalt,f,65 bis unter 66 Jahre,18574
2025,Sachsen-Anhalt,f,37 bis unter 38 Jahre,14041
2025,Sachsen-Anhalt,f,68 bis unter 69 Jahre,16873
2025,Sachsen-Anhalt,f,24 bis unter 25 Jahre,9107
2025,Sachsen-Anhalt,f,75 bis unter 80 Jahre,58809
2025,Sachsen-Anhalt,f,11 bis unter 12 Jahre,9171
2025,Sachsen-Anhalt,f,42 bis unter 43 Jahre,13564
2025,Sachsen-Anhalt,f,55 bis unter 56 Jahre,15123
2025,Sachsen-Anhalt,f,60 bis unter 61 Jahre,18114
2025,Sachsen-Anhalt,f,7 bis unter 8 Jahre,8819
2025,Sachsen-Anhalt,f,73 bis unter 74 Jahre,16364
2025,Sachsen-Anhalt,f,5 bis unter 6 Jahre,8149
2025,Sachsen-Anhalt,f,49 bis unter 50 Jahre,10719
2025,Sachsen-Anhalt,f,23 bis unter 24 Jahre,8854
2025,Sachsen-Anhalt,f,36 bis unter 37 Jahre,13603
2025,Sachsen-Anhalt,f,67 bis unter 68 Jahre,17032
2025,Sachsen-Anhalt,f,10 bis unter 11 Jahre,9159
2025,Sachsen-Anhalt,f,80 bis unter 85 Jahre,54371
2025,Sachsen-Anhalt,f,41 bis unter 42 Jahre,13583
2025,Sachsen-Anhalt,f,54 bis unter 55 Jahre,14710
2025,Sachsen-Anhalt,f,72 bis unter 73 Jahre,16737
2025,Sachsen-Anhalt,f,6 bis unter 7 Jahre,8313
2025,Sachsen-Anhalt,f,19 bis unter 20 Jahre,8643
2025,Sachsen-Anhalt,f,39 bis unter 40 Jahre,13755
2025,Sachsen-Anhalt,f,26 bis unter 27 Jahre,8976
2025,Sachsen-Anhalt,f,unter 1 Jahr,5763
2025,Sachsen-Anhalt,f,57 bis unter 58 Jahre,16007
2025,Sachsen-Anhalt,f,13 bis unter 14 Jahre,9172
2025,Sachsen-Anhalt,f,44 bis unter 45 Jahre,13146
2025,Sachsen-Anhalt,f,85 bis unter 90 Jahre,46115
2025,Sachsen-Anhalt,f,31 bis unter 32 Jahre,7315
2025,Sachsen-Anhalt,f,9 bis unter 10 Jahre,9184
2025,Sachsen-Anhalt,f,62 bis unter 63 Jahre,19339
2025,Sachsen-Anhalt,f,90 Jahre und mehr,20849
2025,Sachsen-Anhalt,f,25 bis unter 26 Jahre,9271
2025,Sachsen-Anhalt,f,38 bis unter 39 Jahre,14290
2025,Sachsen-Anhalt,f,12 bis unter 13 Jahre,9084
2025,Sachsen-Anhalt,f,56 bis unter 57 Jahre,15655
2025,Sachsen-Anhalt,f,69 bis unter 70 Jahre,17202
2025,Sachsen-Anhalt,f,43 bis unter 44 Jahre,13249
2025,Sachsen-Anhalt,f,30 bis unter 31 Jahre,7466
2025,Sachsen-Anhalt,f,74 bis unter 75 Jahre,15799
2025,Sachsen-Anhalt,f,61 bis unter 62 Jahre,18958
2025,Sachsen-Anhalt,f,8 bis unter 9 Jahre,9101
2025,Nordrhein-Westfalen,m,31 bis unter 32 Jahre,116584
2025,Nordrhein-Westfalen,m,44 bis unter 45 Jahre,112426
2025,Nordrhein-Westfalen,m,9 bis unter 10 Jahre,92280
2025,Nordrhein-Westfalen,m,62 bis unter 63 Jahre,141651
2025,Nordrhein-Westfalen,m,39 bis unter 40 Jahre,118976
2025,Nordrhein-Westfalen,m,26 bis unter 27 Jahre,113729
2025,Nordrhein-Westfalen,m,85 bis unter 90 Jahre,174056
2025,Nordrhein-Westfalen,m,unter 1 Jahr,75731
2025,Nordrhein-Westfalen,m,57 bis unter 58 Jahre,142759
2025,Nordrhein-Westfalen,m,13 bis unter 14 Jahre,86423
2025,Nordrhein-Westfalen,m,32 bis unter 33 Jahre,119929
2025,Nordrhein-Westfalen,m,63 bis unter 64 Jahre,134590
2025,Nordrhein-Westfalen,m,50 bis unter 51 Jahre,100361
2025,Nordrhein-Westfalen,m,27 bis unter 28 Jahre,116214
2025,Nordrhein-Westfalen,m,58 bis unter 59 Jahre,145345
2025,Nordrhein-Westfalen,m,45 bis unter 46 Jahre,112685
2025,Nordrhein-Westfalen,m,14 bis unter 15 Jahre,84855
2025,Nordrhein-Westfalen,m,1 bis unter 2 Jahre,78952
2025,Nordrhein-Westfalen,m,42 bis unter 43 Jahre,113652
2025,Nordrhein-Westfalen,m,90 Jahre und mehr,59601
2025,Nordrhein-Westfalen,m,55 bis unter 56 Jahre,125925
2025,Nordrhein-Westfalen,m,73 bis unter 74 Jahre,81585
2025,Nordrhein-Westfalen,m,7 bis unter 8 Jahre,90910
2025,Nordrhein-Westfalen,m,60 bis unter 61 Jahre,145798
2025,Nordrhein-Westfalen,m,6 bis unter 7 Jahre,88870
2025,Nordrhein-Westfalen,m,68 bis unter 69 Jahre,107857
2025,Nordrhein-Westfalen,m,11 bis unter 12 Jahre,88982
2025,Nordrhein-Westfalen,m,37 bis unter 38 Jahre,125114
2025,Nordrhein-Westfalen,m,24 bis unter 25 Jahre,104031
2025,Nordrhein-Westfalen,m,30 bis unter 31 Jahre,114960
2025,Nordrhein-Westfalen,m,56 bis unter 57 Jahre,137495
2025,Nordrhein-Westfalen,m,43 bis unter 44 Jahre,115184
2025,Nordrhein-Westfalen,m,8 bis unter 9 Jahre,91889
2025,Nordrhein-Westfalen,m,61 bis unter 62 Jahre,146167
2025,Nordrhein-Westfalen,m,74 bis unter 75 Jahre,77093
2025,Nordrhein-Westfalen,m,38 bis unter 39 Jahre,122716
2025,Nordrhein-Westfalen,m,69 bis unter 70 Jahre,102527
2025,Nordrhein-Westfalen,m,12 bis unter 13 Jahre,86181
2025,Nordrhein-Westfalen,m,25 bis unter 26 Jahre,111049
2025,Nordrhein-Westfalen,m,53 bis unter 54 Jahre,110124
2025,Nordrhein-Westfalen,m,66 bis unter 67 Jahre,119214
2025,Nordrhein-Westfalen,m,71 bis unter 72 Jahre,91270
2025,Nordrhein-Westfalen,m,40 bis unter 41 Jahre,114965
2025,Nordrhein-Westfalen,m,4 bis unter 5 Jahre,89953
2025,Nordrhein-Westfalen,m,70 bis unter 71 Jahre,95475
2025,Nordrhein-Westfalen,m,17 bis unter 18 Jahre,91519
2025,Nordrhein-Westfalen,m,35 bis unter 36 Jahre,127122
2025,Nordrhein-Westfalen,m,22 bis unter 23 Jahre,97729
2025,Nordrhein-Westfalen,m,48 bis unter 49 Jahre,104257
2025,Nordrhein-Westfalen,m,54 bis unter 55 Jahre,120534
2025,Nordrhein-Westfalen,m,41 bis unter 42 Jahre,113423
2025,Nordrhein-Westfalen,m,67 bis unter 68 Jahre,111426
2025,Nordrhein-Westfalen,m,10 bis unter 11 Jahre,90149
2025,Nordrhein-Westfalen,m,72 bis unter 73 Jahre,84343
2025,Nordrhein-Westfalen,m,19 bis unter 20 Jahre,93442
2025,Nordrhein-Westfalen,m,49 bis unter 50 Jahre,103230
2025,Nordrhein-Westfalen,m,18 bis unter 19 Jahre,93173
2025,Nordrhein-Westfalen,m,5 bis unter 6 Jahre,88637
2025,Nordrhein-Westfalen,m,23 bis unter 24 Jahre,100586
2025,Nordrhein-Westfalen,m,36 bis unter 37 Jahre,123256
2025,Nordrhein-Westfalen,m,75 bis unter 80 Jahre,321232
2025,Nordrhein-Westfalen,m,64 bis unter 65 Jahre,130133
2025,Nordrhein-Westfalen,m,33 bis unter 34 Jahre,121675
2025,Nordrhein-Westfalen,m,20 bis unter 21 Jahre,96112
2025,Nordrhein-Westfalen,m,51 bis unter 52 Jahre,101053
2025,Nordrhein-Westfalen,m,15 bis unter 16 Jahre,87682
2025,Nordrhein-Westfalen,m,28 bis unter 29 Jahre,119664
2025,Nordrhein-Westfalen,m,46 bis unter 47 Jahre,105674
2025,Nordrhein-Westfalen,m,2 bis unter 3 Jahre,80562
2025,Nordrhein-Westfalen,m,59 bis unter 60 Jahre,147729
2025,Nordrhein-Westfalen,m,65 bis unter 66 Jahre,124661
2025,Nordrhein-Westfalen,m,21 bis unter 22 Jahre,97766
2025,Nordrhein-Westfalen,m,52 bis unter 53 Jahre,101858
2025,Nordrhein-Westfalen,m,16 bis unter 17 Jahre,87251
2025,Nordrhein-Westfalen,m,3 bis unter 4 Jahre,85051
2025,Nordrhein-Westfalen,m,29 bis unter 30 Jahre,117699
2025,Nordrhein-Westfalen,m,34 bis unter 35 Jahre,122815
2025,Nordrhein-Westfalen,m,47 bis unter 48 Jahre,104128
2025,Nordrhein-Westfalen,m,80 bis unter 85 Jahre,227094
2025,Nordrhein-Westfalen,f,38 bis unter 39 Jahre,117760
2025,Nordrhein-Westfalen,f,7 bis unter 8 Jahre,86343
2025,Nordrhein-Westfalen,f,60 bis unter 61 Jahre,147125
2025,Nordrhein-Westfalen,f,73 bis unter 74 Jahre,97220
2025,Nordrhein-Westfalen,f,30 bis unter 31 Jahre,107513
2025,Nordrhein-Westfalen,f,43 bis unter 44 Jahre,115293
2025,Nordrhein-Westfalen,f,56 bis unter 57 Jahre,138899
2025,Nordrhein-Westfalen,f,85 bis unter 90 Jahre,291203
2025,Nordrhein-Westfalen,f,69 bis unter 70 Jahre,111856
2025,Nordrhein-Westfalen,f,12 bis unter 13 Jahre,80848
2025,Nordrhein-Westfalen,f,25 bis unter 26 Jahre,102622
2025,Nordrhein-Westfalen,f,6 bis unter 7 Jahre,84282
2025,Nordrhein-Westfalen,f,19 bis unter 20 Jahre,84519
2025,Nordrhein-Westfalen,f,72 bis unter 73 Jahre,99183
2025,Nordrhein-Westfalen,f,41 bis unter 42 Jahre,112363
2025,Nordrhein-Westfalen,f,42 bis unter 43 Jahre,112792
2025,Nordrhein-Westfalen,f,55 bis unter 56 Jahre,127919
2025,Nordrhein-Westfalen,f,68 bis unter 69 Jahre,116632
2025,Nordrhein-Westfalen,f,11 bis unter 12 Jahre,84653
2025,Nordrhein-Westfalen,f,24 bis unter 25 Jahre,97518
2025,Nordrhein-Westfalen,f,75 bis unter 80 Jahre,397764
2025,Nordrhein-Westfalen,f,37 bis unter 38 Jahre,120625
2025,Nordrhein-Westfalen,f,5 bis unter 6 Jahre,83542
2025,Nordrhein-Westfalen,f,18 bis unter 19 Jahre,83899
2025,Nordrhein-Westfalen,f,71 bis unter 72 Jahre,104601
2025,Nordrhein-Westfalen,f,40 bis unter 41 Jahre,113010
2025,Nordrhein-Westfalen,f,54 bis unter 55 Jahre,124053
2025,Nordrhein-Westfalen,f,67 bis unter 68 Jahre,120378
2025,Nordrhein-Westfalen,f,10 bis unter 11 Jahre,85089
2025,Nordrhein-Westfalen,f,23 bis unter 24 Jahre,94085
2025,Nordrhein-Westfalen,f,36 bis unter 37 Jahre,118103
2025,Nordrhein-Westfalen,f,49 bis unter 50 Jahre,106624
2025,Nordrhein-Westfalen,f,4 bis unter 5 Jahre,84889
2025,Nordrhein-Westfalen,f,17 bis unter 18 Jahre,84271
2025,Nordrhein-Westfalen,f,70 bis unter 71 Jahre,107689
2025,Nordrhein-Westfalen,f,52 bis unter 53 Jahre,104816
2025,Nordrhein-Westfalen,f,53 bis unter 54 Jahre,113113
2025,Nordrhein-Westfalen,f,90 Jahre und mehr,142323
2025,Nordrhein-Westfalen,f,66 bis unter 67 Jahre,128326
2025,Nordrhein-Westfalen,f,22 bis unter 23 Jahre,91384
2025,Nordrhein-Westfalen,f,35 bis unter 36 Jahre,120348
2025,Nordrhein-Westfalen,f,48 bis unter 49 Jahre,106040
2025,Nordrhein-Westfalen,f,16 bis unter 17 Jahre,81498
2025,Nordrhein-Westfalen,f,29 bis unter 30 Jahre,109115
2025,Nordrhein-Westfalen,f,51 bis unter 52 Jahre,104727
2025,Nordrhein-Westfalen,f,64 bis unter 65 Jahre,136311
2025,Nordrhein-Westfalen,f,65 bis unter 66 Jahre,132837
2025,Nordrhein-Westfalen,f,21 bis unter 22 Jahre,91411
2025,Nordrhein-Westfalen,f,34 bis unter 35 Jahre,116373
2025,Nordrhein-Westfalen,f,47 bis unter 48 Jahre,106824
2025,Nordrhein-Westfalen,f,3 bis unter 4 Jahre,80764
2025,Nordrhein-Westfalen,f,15 bis unter 16 Jahre,82524
2025,Nordrhein-Westfalen,f,28 bis unter 29 Jahre,110272
2025,Nordrhein-Westfalen,f,50 bis unter 51 Jahre,103301
2025,Nordrhein-Westfalen,f,63 bis unter 64 Jahre,138931
2025,Nordrhein-Westfalen,f,20 bis unter 21 Jahre,87859
2025,Nordrhein-Westfalen,f,33 bis unter 34 Jahre,114469
2025,Nordrhein-Westfalen,f,80 bis unter 85 Jahre,317211
2025,Nordrhein-Westfalen,f,46 bis unter 47 Jahre,108804
2025,Nordrhein-Westfalen,f,59 bis unter 60 Jahre,148572
2025,Nordrhein-Westfalen,f,2 bis unter 3 Jahre,76561
2025,Nordrhein-Westfalen,f,27 bis unter 28 Jahre,106667
2025,Nordrhein-Westfalen,f,9 bis unter 10 Jahre,88197
2025,Nordrhein-Westfalen,f,62 bis unter 63 Jahre,144827
2025,Nordrhein-Westfalen,f,32 bis unter 33 Jahre,112560
2025,Nordrhein-Westfalen,f,45 bis unter 46 Jahre,114901
2025,Nordrhein-Westfalen,f,58 bis unter 59 Jahre,146483
2025,Nordrhein-Westfalen,f,1 bis unter 2 Jahre,74652
2025,Nordrhein-Westfalen,f,14 bis unter 15 Jahre,80343
2025,Nordrhein-Westfalen,f,39 bis unter 40 Jahre,116840
2025,Nordrhein-Westfalen,f,8 bis unter 9 Jahre,86707
2025,Nordrhein-Westfalen,f,61 bis unter 62 Jahre,148082
2025,Nordrhein-Westfalen,f,74 bis unter 75 Jahre,92825
2025,Nordrhein-Westfalen,f,31 bis unter 32 Jahre,109070
2025,Nordrhein-Westfalen,f,44 bis unter 45 Jahre,114522
2025,Nordrhein-Westfalen,f,57 bis unter 58 Jahre,144111
2025,Nordrhein-Westfalen,f,unter 1 Jahr,71289
2025,Nordrhein-Westfalen,f,13 bis unter 14 Jahre,81787
2025,Nordrhein-Westfalen,f,26 bis unter 27 Jahre,103674
2025,Brandenburg,m,59 bis unter 60 Jahre,21743
2025,Brandenburg,m,2 bis unter 3 Jahre,8800
2025,Brandenburg,m,46 bis unter 47 Jahre,17856
2025,Brandenburg,m,15 bis unter 16 Jahre,12900
2025,Brandenburg,m,28 bis unter 29 Jahre,10653
2025,Brandenburg,m,63 bis unter 64 Jahre,23372
2025,Brandenburg,m,50 bis unter 51 Jahre,14465
2025,Brandenburg,m,32 bis unter 33 Jahre,9262
2025,Brandenburg,m,45 bis unter 46 Jahre,18582
2025,Brandenburg,m,3 bis unter 4 Jahre,9790
2025,Brandenburg,m,34 bis unter 35 Jahre,10982
2025,Brandenburg,m,47 bis unter 48 Jahre,17486
2025,Brandenburg,m,29 bis unter 30 Jahre,10260
2025,Brandenburg,m,16 bis unter 17 Jahre,12420
2025,Brandenburg,m,51 bis unter 52 Jahre,13991
2025,Brandenburg,m,20 bis unter 21 Jahre,11737
2025,Brandenburg,m,33 bis unter 34 Jahre,9965
2025,Brandenburg,m,64 bis unter 65 Jahre,22823
2025,Brandenburg,m,13 bis unter 14 Jahre,12538
2025,Brandenburg,m,75 bis unter 80 Jahre,47263
2025,Brandenburg,m,26 bis unter 27 Jahre,11281
2025,Brandenburg,m,57 bis unter 58 Jahre,19640
2025,Brandenburg,m,unter 1 Jahr,7534
2025,Brandenburg,m,39 bis unter 40 Jahre,18078
2025,Brandenburg,m,74 bis unter 75 Jahre,14802
2025,Brandenburg,m,8 bis unter 9 Jahre,12898
2025,Brandenburg,m,61 bis unter 62 Jahre,23445
2025,Brandenburg,m,43 bis unter 44 Jahre,18646
2025,Brandenburg,m,56 bis unter 57 Jahre,18814
2025,Brandenburg,m,30 bis unter 31 Jahre,9550
2025,Brandenburg,m,14 bis unter 15 Jahre,12267
2025,Brandenburg,m,58 bis unter 59 Jahre,20658
2025,Brandenburg,m,1 bis unter 2 Jahre,8244
2025,Brandenburg,m,27 bis unter 28 Jahre,11092
2025,Brandenburg,m,62 bis unter 63 Jahre,23643
2025,Brandenburg,m,9 bis unter 10 Jahre,13243
2025,Brandenburg,m,44 bis unter 45 Jahre,18186
2025,Brandenburg,m,80 bis unter 85 Jahre,41275
2025,Brandenburg,m,31 bis unter 32 Jahre,9266
2025,Brandenburg,m,37 bis unter 38 Jahre,18091
2025,Brandenburg,m,11 bis unter 12 Jahre,12909
2025,Brandenburg,m,24 bis unter 25 Jahre,11066
2025,Brandenburg,m,6 bis unter 7 Jahre,11774
2025,Brandenburg,m,90 Jahre und mehr,9831
2025,Brandenburg,m,19 bis unter 20 Jahre,11930
2025,Brandenburg,m,72 bis unter 73 Jahre,16003
2025,Brandenburg,m,67 bis unter 68 Jahre,18709
2025,Brandenburg,m,10 bis unter 11 Jahre,12735
2025,Brandenburg,m,41 bis unter 42 Jahre,18053
2025,Brandenburg,m,54 bis unter 55 Jahre,18225
2025,Brandenburg,m,25 bis unter 26 Jahre,11547
2025,Brandenburg,m,69 bis unter 70 Jahre,17884
2025,Brandenburg,m,12 bis unter 13 Jahre,12427
2025,Brandenburg,m,85 bis unter 90 Jahre,30607
2025,Brandenburg,m,7 bis unter 8 Jahre,12528
2025,Brandenburg,m,38 bis unter 39 Jahre,18331
2025,Brandenburg,m,60 bis unter 61 Jahre,22612
2025,Brandenburg,m,73 bis unter 74 Jahre,15169
2025,Brandenburg,m,55 bis unter 56 Jahre,18336
2025,Brandenburg,m,68 bis unter 69 Jahre,18209
2025,Brandenburg,m,42 bis unter 43 Jahre,18245
2025,Brandenburg,m,48 bis unter 49 Jahre,16719
2025,Brandenburg,m,35 bis unter 36 Jahre,16004
2025,Brandenburg,m,17 bis unter 18 Jahre,12829
2025,Brandenburg,m,70 bis unter 71 Jahre,17545
2025,Brandenburg,m,4 bis unter 5 Jahre,11031
2025,Brandenburg,m,52 bis unter 53 Jahre,14081
2025,Brandenburg,m,21 bis unter 22 Jahre,11664
2025,Brandenburg,m,65 bis unter 66 Jahre,21276
2025,Brandenburg,m,36 bis unter 37 Jahre,17061
2025,Brandenburg,m,49 bis unter 50 Jahre,15441
2025,Brandenburg,m,23 bis unter 24 Jahre,11083
2025,Brandenburg,m,18 bis unter 19 Jahre,12439
2025,Brandenburg,m,71 bis unter 72 Jahre,16583
2025,Brandenburg,m,5 bis unter 6 Jahre,11399
2025,Brandenburg,m,40 bis unter 41 Jahre,18513
2025,Brandenburg,m,22 bis unter 23 Jahre,11411
2025,Brandenburg,m,53 bis unter 54 Jahre,15744
2025,Brandenburg,m,66 bis unter 67 Jahre,20702
2025,Brandenburg,f,62 bis unter 63 Jahre,24137
2025,Brandenburg,f,9 bis unter 10 Jahre,12683
2025,Brandenburg,f,27 bis unter 28 Jahre,9426
2025,Brandenburg,f,13 bis unter 14 Jahre,12168
2025,Brandenburg,f,unter 1 Jahr,7048
2025,Brandenburg,f,26 bis unter 27 Jahre,9448
2025,Brandenburg,f,31 bis unter 32 Jahre,8531
2025,Brandenburg,f,57 bis unter 58 Jahre,19645
2025,Brandenburg,f,44 bis unter 45 Jahre,17485
2025,Brandenburg,f,74 bis unter 75 Jahre,16847
2025,Brandenburg,f,61 bis unter 62 Jahre,23257
2025,Brandenburg,f,8 bis unter 9 Jahre,12383
2025,Brandenburg,f,30 bis unter 31 Jahre,8674
2025,Brandenburg,f,39 bis unter 40 Jahre,18174
2025,Brandenburg,f,69 bis unter 70 Jahre,19126
2025,Brandenburg,f,12 bis unter 13 Jahre,11845
2025,Brandenburg,f,38 bis unter 39 Jahre,18450
2025,Brandenburg,f,25 bis unter 26 Jahre,9891
2025,Brandenburg,f,43 bis unter 44 Jahre,17806
2025,Brandenburg,f,80 bis unter 85 Jahre,58326
2025,Brandenburg,f,56 bis unter 57 Jahre,18717
2025,Brandenburg,f,73 bis unter 74 Jahre,17777
2025,Brandenburg,f,60 bis unter 61 Jahre,22484
2025,Brandenburg,f,7 bis unter 8 Jahre,11777
2025,Brandenburg,f,90 Jahre und mehr,23462
2025,Brandenburg,f,24 bis unter 25 Jahre,9314
2025,Brandenburg,f,37 bis unter 38 Jahre,17921
2025,Brandenburg,f,55 bis unter 56 Jahre,18033
2025,Brandenburg,f,42 bis unter 43 Jahre,17851
2025,Brandenburg,f,68 bis unter 69 Jahre,19374
2025,Brandenburg,f,11 bis unter 12 Jahre,12559
2025,Brandenburg,f,41 bis unter 42 Jahre,17703
2025,Brandenburg,f,72 bis unter 73 Jahre,18310
2025,Brandenburg,f,19 bis unter 20 Jahre,10479
2025,Brandenburg,f,6 bis unter 7 Jahre,11365
2025,Brandenburg,f,36 bis unter 37 Jahre,17226
2025,Brandenburg,f,23 bis unter 24 Jahre,9420
2025,Brandenburg,f,49 bis unter 50 Jahre,14540
2025,Brandenburg,f,54 bis unter 55 Jahre,17535
2025,Brandenburg,f,67 bis unter 68 Jahre,20027
2025,Brandenburg,f,10 bis unter 11 Jahre,12038
2025,Brandenburg,f,53 bis unter 54 Jahre,14971
2025,Brandenburg,f,40 bis unter 41 Jahre,18142
2025,Brandenburg,f,5 bis unter 6 Jahre,10643
2025,Brandenburg,f,85 bis unter 90 Jahre,52126
2025,Brandenburg,f,71 bis unter 72 Jahre,18736
2025,Brandenburg,f,18 bis unter 19 Jahre,11345
2025,Brandenburg,f,35 bis unter 36 Jahre,15793
2025,Brandenburg,f,48 bis unter 49 Jahre,16027
2025,Brandenburg,f,66 bis unter 67 Jahre,21755
2025,Brandenburg,f,22 bis unter 23 Jahre,9501
2025,Brandenburg,f,52 bis unter 53 Jahre,13605
2025,Brandenburg,f,17 bis unter 18 Jahre,11962
2025,Brandenburg,f,70 bis unter 71 Jahre,18999
2025,Brandenburg,f,4 bis unter 5 Jahre,10484
2025,Brandenburg,f,47 bis unter 48 Jahre,16847
2025,Brandenburg,f,3 bis unter 4 Jahre,9321
2025,Brandenburg,f,75 bis unter 80 Jahre,58210
2025,Brandenburg,f,65 bis unter 66 Jahre,22580
2025,Brandenburg,f,34 bis unter 35 Jahre,11243
2025,Brandenburg,f,21 bis unter 22 Jahre,9939
2025,Brandenburg,f,51 bis unter 52 Jahre,13547
2025,Brandenburg,f,64 bis unter 65 Jahre,23486
2025,Brandenburg,f,16 bis unter 17 Jahre,11727
2025,Brandenburg,f,29 bis unter 30 Jahre,9030
2025,Brandenburg,f,59 bis unter 60 Jahre,22022
2025,Brandenburg,f,46 bis unter 47 Jahre,16882
2025,Brandenburg,f,15 bis unter 16 Jahre,12009
2025,Brandenburg,f,2 bis unter 3 Jahre,8284
2025,Brandenburg,f,20 bis unter 21 Jahre,10228
2025,Brandenburg,f,33 bis unter 34 Jahre,9543
2025,Brandenburg,f,50 bis unter 51 Jahre,13694
2025,Brandenburg,f,63 bis unter 64 Jahre,23774
2025,Brandenburg,f,28 bis unter 29 Jahre,9294
2025,Brandenburg,f,1 bis unter 2 Jahre,7671
2025,Brandenburg,f,58 bis unter 59 Jahre,20580
2025,Brandenburg,f,14 bis unter 15 Jahre,11856
2025,Brandenburg,f,32 bis unter 33 Jahre,8823
2025,Brandenburg,f,45 bis unter 46 Jahre,17752
2025,Berlin,m,85 bis unter 90 Jahre,32048
2025,Berlin,m,66 bis unter 67 Jahre,19662
2025,Berlin,m,22 bis unter 23 Jahre,20547
2025,Berlin,m,35 bis unter 36 Jahre,33267
2025,Berlin,m,40 bis unter 41 Jahre,29743
2025,Berlin,m,53 bis unter 54 Jahre,20436
2025,Berlin,m,70 bis unter 71 Jahre,15552
2025,Berlin,m,17 bis unter 18 Jahre,17483
2025,Berlin,m,48 bis unter 49 Jahre,22728
2025,Berlin,m,4 bis unter 5 Jahre,17692
2025,Berlin,m,21 bis unter 22 Jahre,20417
2025,Berlin,m,34 bis unter 35 Jahre,30279
2025,Berlin,m,47 bis unter 48 Jahre,23671
2025,Berlin,m,75 bis unter 80 Jahre,54684
2025,Berlin,m,52 bis unter 53 Jahre,19313
2025,Berlin,m,65 bis unter 66 Jahre,21245
2025,Berlin,m,29 bis unter 30 Jahre,29458
2025,Berlin,m,3 bis unter 4 Jahre,16903
2025,Berlin,m,16 bis unter 17 Jahre,16878
2025,Berlin,m,20 bis unter 21 Jahre,19790
2025,Berlin,m,33 bis unter 34 Jahre,29918
2025,Berlin,m,46 bis unter 47 Jahre,24447
2025,Berlin,m,51 bis unter 52 Jahre,20284
2025,Berlin,m,64 bis unter 65 Jahre,22514
2025,Berlin,m,50 bis unter 51 Jahre,20774
2025,Berlin,m,2 bis unter 3 Jahre,16782
2025,Berlin,m,59 bis unter 60 Jahre,24991
2025,Berlin,m,15 bis unter 16 Jahre,16908
2025,Berlin,m,28 bis unter 29 Jahre,29522
2025,Berlin,m,32 bis unter 33 Jahre,29719
2025,Berlin,m,45 bis unter 46 Jahre,26426
2025,Berlin,m,1 bis unter 2 Jahre,17055
2025,Berlin,m,58 bis unter 59 Jahre,24424
2025,Berlin,m,63 bis unter 64 Jahre,23754
2025,Berlin,m,9 bis unter 10 Jahre,18015
2025,Berlin,m,14 bis unter 15 Jahre,16604
2025,Berlin,m,27 bis unter 28 Jahre,28236
2025,Berlin,m,90 Jahre und mehr,10862
2025,Berlin,m,44 bis unter 45 Jahre,26772
2025,Berlin,m,57 bis unter 58 Jahre,24598
2025,Berlin,m,unter 1 Jahr,16297
2025,Berlin,m,62 bis unter 63 Jahre,25259
2025,Berlin,m,31 bis unter 32 Jahre,29688
2025,Berlin,m,8 bis unter 9 Jahre,17758
2025,Berlin,m,61 bis unter 62 Jahre,25589
2025,Berlin,m,13 bis unter 14 Jahre,17018
2025,Berlin,m,26 bis unter 27 Jahre,27091
2025,Berlin,m,39 bis unter 40 Jahre,30826
2025,Berlin,m,43 bis unter 44 Jahre,27890
2025,Berlin,m,80 bis unter 85 Jahre,48668
2025,Berlin,m,56 bis unter 57 Jahre,23665
2025,Berlin,m,69 bis unter 70 Jahre,16246
2025,Berlin,m,12 bis unter 13 Jahre,17053
2025,Berlin,m,74 bis unter 75 Jahre,13356
2025,Berlin,m,30 bis unter 31 Jahre,29550
2025,Berlin,m,7 bis unter 8 Jahre,17471
2025,Berlin,m,60 bis unter 61 Jahre,25680
2025,Berlin,m,73 bis unter 74 Jahre,13461
2025,Berlin,m,25 bis unter 26 Jahre,26089
2025,Berlin,m,38 bis unter 39 Jahre,32050
2025,Berlin,m,55 bis unter 56 Jahre,22771
2025,Berlin,m,68 bis unter 69 Jahre,16556
2025,Berlin,m,11 bis unter 12 Jahre,17613
2025,Berlin,m,24 bis unter 25 Jahre,23454
2025,Berlin,m,42 bis unter 43 Jahre,27740
2025,Berlin,m,6 bis unter 7 Jahre,17257
2025,Berlin,m,72 bis unter 73 Jahre,13992
2025,Berlin,m,19 bis unter 20 Jahre,18604
2025,Berlin,m,37 bis unter 38 Jahre,32621
2025,Berlin,m,67 bis unter 68 Jahre,17535
2025,Berlin,m,10 bis unter 11 Jahre,17807
2025,Berlin,m,23 bis unter 24 Jahre,21920
2025,Berlin,m,41 bis unter 42 Jahre,28798
2025,Berlin,m,54 bis unter 55 Jahre,22604
2025,Berlin,m,71 bis unter 72 Jahre,14742
2025,Berlin,m,18 bis unter 19 Jahre,18199
2025,Berlin,m,36 bis unter 37 Jahre,32806
2025,Berlin,m,49 bis unter 50 Jahre,21683
2025,Berlin,m,5 bis unter 6 Jahre,17257
2025,Berlin,f,16 bis unter 17 Jahre,15837
2025,Berlin,f,3 bis unter 4 Jahre,15830
2025,Berlin,f,47 bis unter 48 Jahre,23116
2025,Berlin,f,34 bis unter 35 Jahre,29012
2025,Berlin,f,21 bis unter 22 Jahre,19585
2025,Berlin,f,20 bis unter 21 Jahre,18340
2025,Berlin,f,85 bis unter 90 Jahre,54337
2025,Berlin,f,64 bis unter 65 Jahre,23348
2025,Berlin,f,51 bis unter 52 Jahre,20068
2025,Berlin,f,29 bis unter 30 Jahre,29281
2025,Berlin,f,17 bis unter 18 Jahre,15938
2025,Berlin,f,70 bis unter 71 Jahre,17758
2025,Berlin,f,4 bis unter 5 Jahre,16927
2025,Berlin,f,48 bis unter 49 Jahre,22631
2025,Berlin,f,35 bis unter 36 Jahre,32412
2025,Berlin,f,22 bis unter 23 Jahre,20214
2025,Berlin,f,65 bis unter 66 Jahre,21906
2025,Berlin,f,52 bis unter 53 Jahre,19561
2025,Berlin,f,5 bis unter 6 Jahre,16699
2025,Berlin,f,49 bis unter 50 Jahre,21610
2025,Berlin,f,36 bis unter 37 Jahre,31850
2025,Berlin,f,23 bis unter 24 Jahre,21555
2025,Berlin,f,90 Jahre und mehr,25522
2025,Berlin,f,10 bis unter 11 Jahre,16905
2025,Berlin,f,67 bis unter 68 Jahre,19131
2025,Berlin,f,66 bis unter 67 Jahre,21072
2025,Berlin,f,80 bis unter 85 Jahre,69563
2025,Berlin,f,53 bis unter 54 Jahre,20183
2025,Berlin,f,40 bis unter 41 Jahre,28987
2025,Berlin,f,18 bis unter 19 Jahre,16136
2025,Berlin,f,71 bis unter 72 Jahre,17678
2025,Berlin,f,37 bis unter 38 Jahre,31846
2025,Berlin,f,24 bis unter 25 Jahre,23264
2025,Berlin,f,11 bis unter 12 Jahre,16953
2025,Berlin,f,68 bis unter 69 Jahre,18334
2025,Berlin,f,75 bis unter 80 Jahre,72135
2025,Berlin,f,54 bis unter 55 Jahre,22193
2025,Berlin,f,41 bis unter 42 Jahre,27727
2025,Berlin,f,19 bis unter 20 Jahre,16988
2025,Berlin,f,72 bis unter 73 Jahre,17262
2025,Berlin,f,6 bis unter 7 Jahre,16581
2025,Berlin,f,38 bis unter 39 Jahre,30912
2025,Berlin,f,25 bis unter 26 Jahre,25351
2025,Berlin,f,12 bis unter 13 Jahre,16192
2025,Berlin,f,69 bis unter 70 Jahre,17814
2025,Berlin,f,56 bis unter 57 Jahre,23127
2025,Berlin,f,55 bis unter 56 Jahre,22518
2025,Berlin,f,42 bis unter 43 Jahre,27365
2025,Berlin,f,73 bis unter 74 Jahre,16952
2025,Berlin,f,7 bis unter 8 Jahre,16778
2025,Berlin,f,60 bis unter 61 Jahre,25469
2025,Berlin,f,39 bis unter 40 Jahre,29860
2025,Berlin,f,26 bis unter 27 Jahre,26652
2025,Berlin,f,13 bis unter 14 Jahre,16281
2025,Berlin,f,unter 1 Jahr,15686
2025,Berlin,f,57 bis unter 58 Jahre,24173
2025,Berlin,f,44 bis unter 45 Jahre,26730
2025,Berlin,f,43 bis unter 44 Jahre,27020
2025,Berlin,f,30 bis unter 31 Jahre,29213
2025,Berlin,f,74 bis unter 75 Jahre,17266
2025,Berlin,f,8 bis unter 9 Jahre,16996
2025,Berlin,f,61 bis unter 62 Jahre,25998
2025,Berlin,f,27 bis unter 28 Jahre,28136
2025,Berlin,f,14 bis unter 15 Jahre,15767
2025,Berlin,f,1 bis unter 2 Jahre,16122
2025,Berlin,f,58 bis unter 59 Jahre,23968
2025,Berlin,f,45 bis unter 46 Jahre,25965
2025,Berlin,f,31 bis unter 32 Jahre,29104
2025,Berlin,f,9 bis unter 10 Jahre,17536
2025,Berlin,f,62 bis unter 63 Jahre,25663
2025,Berlin,f,28 bis unter 29 Jahre,29430
2025,Berlin,f,15 bis unter 16 Jahre,16046
2025,Berlin,f,2 bis unter 3 Jahre,16041
2025,Berlin,f,59 bis unter 60 Jahre,25353
2025,Berlin,f,46 bis unter 47 Jahre,24277
2025,Berlin,f,33 bis unter 34 Jahre,29022
2025,Berlin,f,32 bis unter 33 Jahre,29305
2025,Berlin,f,63 bis unter 64 Jahre,24561
2025,Berlin,f,50 bis unter 51 Jahre,20588
2025,Thüringen,m,1 bis unter 2 Jahre,5953
2025,Thüringen,m,58 bis unter 59 Jahre,15553
2025,Thüringen,m,14 bis unter 15 Jahre,9916
2025,Thüringen,m,27 bis unter 28 Jahre,10188
2025,Thüringen,m,50 bis unter 51 Jahre,11520
2025,Thüringen,m,63 bis unter 64 Jahre,17505
2025,Thüringen,m,32 bis unter 33 Jahre,8084
2025,Thüringen,m,45 bis unter 46 Jahre,14720
2025,Thüringen,m,unter 1 Jahr,5669
2025,Thüringen,m,57 bis unter 58 Jahre,15404
2025,Thüringen,m,13 bis unter 14 Jahre,10027
2025,Thüringen,m,26 bis unter 27 Jahre,10737
2025,Thüringen,m,39 bis unter 40 Jahre,14544
2025,Thüringen,m,9 bis unter 10 Jahre,9964
2025,Thüringen,m,62 bis unter 63 Jahre,17781
2025,Thüringen,m,31 bis unter 32 Jahre,8072
2025,Thüringen,m,44 bis unter 45 Jahre,14452
2025,Thüringen,m,69 bis unter 70 Jahre,15124
2025,Thüringen,m,12 bis unter 13 Jahre,10131
2025,Thüringen,m,25 bis unter 26 Jahre,10774
2025,Thüringen,m,38 bis unter 39 Jahre,14691
2025,Thüringen,m,7 bis unter 8 Jahre,9354
2025,Thüringen,m,8 bis unter 9 Jahre,9690
2025,Thüringen,m,61 bis unter 62 Jahre,17602
2025,Thüringen,m,74 bis unter 75 Jahre,13129
2025,Thüringen,m,30 bis unter 31 Jahre,8663
2025,Thüringen,m,43 bis unter 44 Jahre,14981
2025,Thüringen,m,56 bis unter 57 Jahre,15287
2025,Thüringen,m,11 bis unter 12 Jahre,10223
2025,Thüringen,m,24 bis unter 25 Jahre,10514
2025,Thüringen,m,37 bis unter 38 Jahre,14383
2025,Thüringen,m,6 bis unter 7 Jahre,8806
2025,Thüringen,m,60 bis unter 61 Jahre,16850
2025,Thüringen,m,73 bis unter 74 Jahre,13555
2025,Thüringen,m,42 bis unter 43 Jahre,14502
2025,Thüringen,m,55 bis unter 56 Jahre,15373
2025,Thüringen,m,68 bis unter 69 Jahre,14850
2025,Thüringen,m,23 bis unter 24 Jahre,10010
2025,Thüringen,m,36 bis unter 37 Jahre,13499
2025,Thüringen,m,49 bis unter 50 Jahre,11937
2025,Thüringen,m,5 bis unter 6 Jahre,8568
2025,Thüringen,m,71 bis unter 72 Jahre,14136
2025,Thüringen,m,18 bis unter 19 Jahre,10069
2025,Thüringen,m,72 bis unter 73 Jahre,13804
2025,Thüringen,m,19 bis unter 20 Jahre,9714
2025,Thüringen,m,41 bis unter 42 Jahre,14516
2025,Thüringen,m,54 bis unter 55 Jahre,15325
2025,Thüringen,m,67 bis unter 68 Jahre,15062
2025,Thüringen,m,10 bis unter 11 Jahre,10203
2025,Thüringen,m,35 bis unter 36 Jahre,13224
2025,Thüringen,m,48 bis unter 49 Jahre,13337
2025,Thüringen,m,4 bis unter 5 Jahre,8214
2025,Thüringen,m,70 bis unter 71 Jahre,14673
2025,Thüringen,m,17 bis unter 18 Jahre,10197
2025,Thüringen,m,40 bis unter 41 Jahre,14298
2025,Thüringen,m,53 bis unter 54 Jahre,13857
2025,Thüringen,m,66 bis unter 67 Jahre,16376
2025,Thüringen,m,22 bis unter 23 Jahre,9868
2025,Thüringen,m,34 bis unter 35 Jahre,9588
2025,Thüringen,m,47 bis unter 48 Jahre,13634
2025,Thüringen,m,3 bis unter 4 Jahre,7424
2025,Thüringen,m,16 bis unter 17 Jahre,9702
2025,Thüringen,m,29 bis unter 30 Jahre,9275
2025,Thüringen,m,52 bis unter 53 Jahre,12144
2025,Thüringen,m,65 bis unter 66 Jahre,16689
2025,Thüringen,m,21 bis unter 22 Jahre,10389
2025,Thüringen,m,80 bis unter 85 Jahre,34726
2025,Thüringen,m,46 bis unter 47 Jahre,14120
2025,Thüringen,m,2 bis unter 3 Jahre,6686
2025,Thüringen,m,75 bis unter 80 Jahre,45085
2025,Thüringen,m,59 bis unter 60 Jahre,16656
2025,Thüringen,m,15 bis unter 16 Jahre,10073
2025,Thüringen,m,28 bis unter 29 Jahre,10045
2025,Thüringen,m,85 bis unter 90 Jahre,25528
2025,Thüringen,m,90 Jahre und mehr,7388
2025,Thüringen,m,51 bis unter 52 Jahre,11793
2025,Thüringen,m,64 bis unter 65 Jahre,17799
2025,Thüringen,m,20 bis unter 21 Jahre,10043
2025,Thüringen,m,33 bis unter 34 Jahre,8624
2025,Thüringen,f,8 bis unter 9 Jahre,9340
2025,Thüringen,f,39 bis unter 40 Jahre,13470
2025,Thüringen,f,30 bis unter 31 Jahre,7326
2025,Thüringen,f,74 bis unter 75 Jahre,15581
2025,Thüringen,f,61 bis unter 62 Jahre,17934
2025,Thüringen,f,57 bis unter 58 Jahre,14995
2025,Thüringen,f,75 bis unter 80 Jahre,57256
2025,Thüringen,f,44 bis unter 45 Jahre,13161
2025,Thüringen,f,31 bis unter 32 Jahre,6996
2025,Thüringen,f,26 bis unter 27 Jahre,8562
2025,Thüringen,f,13 bis unter 14 Jahre,9458
2025,Thüringen,f,unter 1 Jahr,5298
2025,Thüringen,f,85 bis unter 90 Jahre,44392
2025,Thüringen,f,27 bis unter 28 Jahre,8602
2025,Thüringen,f,62 bis unter 63 Jahre,18358
2025,Thüringen,f,9 bis unter 10 Jahre,9618
2025,Thüringen,f,45 bis unter 46 Jahre,13464
2025,Thüringen,f,32 bis unter 33 Jahre,7196
2025,Thüringen,f,14 bis unter 15 Jahre,9361
2025,Thüringen,f,1 bis unter 2 Jahre,5866
2025,Thüringen,f,58 bis unter 59 Jahre,15604
2025,Thüringen,f,28 bis unter 29 Jahre,8453
2025,Thüringen,f,63 bis unter 64 Jahre,18250
2025,Thüringen,f,50 bis unter 51 Jahre,10426
2025,Thüringen,f,33 bis unter 34 Jahre,7788
2025,Thüringen,f,20 bis unter 21 Jahre,9058
2025,Thüringen,f,15 bis unter 16 Jahre,9592
2025,Thüringen,f,2 bis unter 3 Jahre,6380
2025,Thüringen,f,59 bis unter 60 Jahre,16452
2025,Thüringen,f,46 bis unter 47 Jahre,12801
2025,Thüringen,f,29 bis unter 30 Jahre,7912
2025,Thüringen,f,16 bis unter 17 Jahre,9321
2025,Thüringen,f,64 bis unter 65 Jahre,18737
2025,Thüringen,f,51 bis unter 52 Jahre,10738
2025,Thüringen,f,34 bis unter 35 Jahre,8864
2025,Thüringen,f,21 bis unter 22 Jahre,9244
2025,Thüringen,f,65 bis unter 66 Jahre,17749
2025,Thüringen,f,3 bis unter 4 Jahre,7008
2025,Thüringen,f,47 bis unter 48 Jahre,12360
2025,Thüringen,f,70 bis unter 71 Jahre,16754
2025,Thüringen,f,17 bis unter 18 Jahre,9300
2025,Thüringen,f,4 bis unter 5 Jahre,7674
2025,Thüringen,f,52 bis unter 53 Jahre,11150
2025,Thüringen,f,22 bis unter 23 Jahre,8841
2025,Thüringen,f,66 bis unter 67 Jahre,17763
2025,Thüringen,f,48 bis unter 49 Jahre,12219
2025,Thüringen,f,35 bis unter 36 Jahre,12289
2025,Thüringen,f,71 bis unter 72 Jahre,16341
2025,Thüringen,f,18 bis unter 19 Jahre,8949
2025,Thüringen,f,5 bis unter 6 Jahre,8088
2025,Thüringen,f,53 bis unter 54 Jahre,12387
2025,Thüringen,f,40 bis unter 41 Jahre,13255
2025,Thüringen,f,10 bis unter 11 Jahre,9511
2025,Thüringen,f,67 bis unter 68 Jahre,16566
2025,Thüringen,f,54 bis unter 55 Jahre,14022
2025,Thüringen,f,49 bis unter 50 Jahre,11058
2025,Thüringen,f,36 bis unter 37 Jahre,12716
2025,Thüringen,f,23 bis unter 24 Jahre,9026
2025,Thüringen,f,72 bis unter 73 Jahre,16039
2025,Thüringen,f,19 bis unter 20 Jahre,8482
2025,Thüringen,f,6 bis unter 7 Jahre,8500
2025,Thüringen,f,41 bis unter 42 Jahre,13327
2025,Thüringen,f,11 bis unter 12 Jahre,9693
2025,Thüringen,f,68 bis unter 69 Jahre,16364
2025,Thüringen,f,55 bis unter 56 Jahre,14503
2025,Thüringen,f,42 bis unter 43 Jahre,13550
2025,Thüringen,f,37 bis unter 38 Jahre,13684
2025,Thüringen,f,24 bis unter 25 Jahre,9145
2025,Thüringen,f,80 bis unter 85 Jahre,50058
2025,Thüringen,f,60 bis unter 61 Jahre,17078
2025,Thüringen,f,7 bis unter 8 Jahre,8870
2025,Thüringen,f,90 Jahre und mehr,18693
2025,Thüringen,f,73 bis unter 74 Jahre,15763
2025,Thüringen,f,56 bis unter 57 Jahre,14688
2025,Thüringen,f,43 bis unter 44 Jahre,13589
2025,Thüringen,f,38 bis unter 39 Jahre,13815
2025,Thüringen,f,25 bis unter 26 Jahre,9138
2025,Thüringen,f,12 bis unter 13 Jahre,9545
2025,Thüringen,f,69 bis unter 70 Jahre,16673
2025,Saarland,m,60 bis unter 61 Jahre,8299
2025,Saarland,m,73 bis unter 74 Jahre,5797
2025,Saarland,m,7 bis unter 8 Jahre,4652
2025,Saarland,m,38 bis unter 39 Jahre,6733
2025,Saarland,m,37 bis unter 38 Jahre,6928
2025,Saarland,m,11 bis unter 12 Jahre,4599
2025,Saarland,m,24 bis unter 25 Jahre,5317
2025,Saarland,m,55 bis unter 56 Jahre,6674
2025,Saarland,m,68 bis unter 69 Jahre,7344
2025,Saarland,m,42 bis unter 43 Jahre,6272
2025,Saarland,m,74 bis unter 75 Jahre,5393
2025,Saarland,m,8 bis unter 9 Jahre,4793
2025,Saarland,m,61 bis unter 62 Jahre,8464
2025,Saarland,m,39 bis unter 40 Jahre,6725
2025,Saarland,m,25 bis unter 26 Jahre,5680
2025,Saarland,m,69 bis unter 70 Jahre,6854
2025,Saarland,m,12 bis unter 13 Jahre,4390
2025,Saarland,m,43 bis unter 44 Jahre,6401
2025,Saarland,m,56 bis unter 57 Jahre,7441
2025,Saarland,m,30 bis unter 31 Jahre,6007
2025,Saarland,m,62 bis unter 63 Jahre,8552
2025,Saarland,m,9 bis unter 10 Jahre,4686
2025,Saarland,m,27 bis unter 28 Jahre,5949
2025,Saarland,m,13 bis unter 14 Jahre,4399
2025,Saarland,m,26 bis unter 27 Jahre,5785
2025,Saarland,m,57 bis unter 58 Jahre,7826
2025,Saarland,m,unter 1 Jahr,3717
2025,Saarland,m,44 bis unter 45 Jahre,6324
2025,Saarland,m,31 bis unter 32 Jahre,6117
2025,Saarland,m,63 bis unter 64 Jahre,8424
2025,Saarland,m,50 bis unter 51 Jahre,5249
2025,Saarland,m,15 bis unter 16 Jahre,4477
2025,Saarland,m,28 bis unter 29 Jahre,6210
2025,Saarland,m,1 bis unter 2 Jahre,3985
2025,Saarland,m,14 bis unter 15 Jahre,4575
2025,Saarland,m,45 bis unter 46 Jahre,6255
2025,Saarland,m,58 bis unter 59 Jahre,8085
2025,Saarland,m,32 bis unter 33 Jahre,6449
2025,Saarland,m,51 bis unter 52 Jahre,5285
2025,Saarland,m,90 Jahre und mehr,3620
2025,Saarland,m,29 bis unter 30 Jahre,6088
2025,Saarland,m,16 bis unter 17 Jahre,4553
2025,Saarland,m,2 bis unter 3 Jahre,4034
2025,Saarland,m,59 bis unter 60 Jahre,8384
2025,Saarland,m,75 bis unter 80 Jahre,21282
2025,Saarland,m,46 bis unter 47 Jahre,5775
2025,Saarland,m,20 bis unter 21 Jahre,5040
2025,Saarland,m,33 bis unter 34 Jahre,6572
2025,Saarland,m,64 bis unter 65 Jahre,8629
2025,Saarland,m,52 bis unter 53 Jahre,5298
2025,Saarland,m,70 bis unter 71 Jahre,6356
2025,Saarland,m,17 bis unter 18 Jahre,4716
2025,Saarland,m,4 bis unter 5 Jahre,4599
2025,Saarland,m,3 bis unter 4 Jahre,4174
2025,Saarland,m,34 bis unter 35 Jahre,6747
2025,Saarland,m,47 bis unter 48 Jahre,5437
2025,Saarland,m,21 bis unter 22 Jahre,5037
2025,Saarland,m,65 bis unter 66 Jahre,7968
2025,Saarland,m,40 bis unter 41 Jahre,6374
2025,Saarland,m,80 bis unter 85 Jahre,13306
2025,Saarland,m,71 bis unter 72 Jahre,6322
2025,Saarland,m,18 bis unter 19 Jahre,4706
2025,Saarland,m,5 bis unter 6 Jahre,4579
2025,Saarland,m,48 bis unter 49 Jahre,5623
2025,Saarland,m,22 bis unter 23 Jahre,5020
2025,Saarland,m,35 bis unter 36 Jahre,6962
2025,Saarland,m,66 bis unter 67 Jahre,8177
2025,Saarland,m,53 bis unter 54 Jahre,5774
2025,Saarland,m,72 bis unter 73 Jahre,6035
2025,Saarland,m,19 bis unter 20 Jahre,4846
2025,Saarland,m,6 bis unter 7 Jahre,4578
2025,Saarland,m,36 bis unter 37 Jahre,6735
2025,Saarland,m,49 bis unter 50 Jahre,5366
2025,Saarland,m,23 bis unter 24 Jahre,5202
2025,Saarland,m,10 bis unter 11 Jahre,4690
2025,Saarland,m,67 bis unter 68 Jahre,7543
2025,Saarland,m,41 bis unter 42 Jahre,6217
2025,Saarland,m,54 bis unter 55 Jahre,6356
2025,Saarland,m,85 bis unter 90 Jahre,10560
2025,Saarland,f,36 bis unter 37 Jahre,6353
2025,Saarland,f,23 bis unter 24 Jahre,4593
2025,Saarland,f,49 bis unter 50 Jahre,5400
2025,Saarland,f,5 bis unter 6 Jahre,4262
2025,Saarland,f,71 bis unter 72 Jahre,7066
2025,Saarland,f,18 bis unter 19 Jahre,4354
2025,Saarland,f,41 bis unter 42 Jahre,6043
2025,Saarland,f,54 bis unter 55 Jahre,6686
2025,Saarland,f,10 bis unter 11 Jahre,4189
2025,Saarland,f,67 bis unter 68 Jahre,8055
2025,Saarland,f,35 bis unter 36 Jahre,6383
2025,Saarland,f,48 bis unter 49 Jahre,5810
2025,Saarland,f,70 bis unter 71 Jahre,7054
2025,Saarland,f,17 bis unter 18 Jahre,4334
2025,Saarland,f,4 bis unter 5 Jahre,4421
2025,Saarland,f,53 bis unter 54 Jahre,6035
2025,Saarland,f,40 bis unter 41 Jahre,6048
2025,Saarland,f,66 bis unter 67 Jahre,8411
2025,Saarland,f,22 bis unter 23 Jahre,4583
2025,Saarland,f,12 bis unter 13 Jahre,4035
2025,Saarland,f,69 bis unter 70 Jahre,7398
2025,Saarland,f,38 bis unter 39 Jahre,6422
2025,Saarland,f,25 bis unter 26 Jahre,5155
2025,Saarland,f,60 bis unter 61 Jahre,8819
2025,Saarland,f,7 bis unter 8 Jahre,4260
2025,Saarland,f,74 bis unter 75 Jahre,6239
2025,Saarland,f,61 bis unter 62 Jahre,8911
2025,Saarland,f,8 bis unter 9 Jahre,4518
2025,Saarland,f,90 Jahre und mehr,8639
2025,Saarland,f,30 bis unter 31 Jahre,5504
2025,Saarland,f,43 bis unter 44 Jahre,6155
2025,Saarland,f,56 bis unter 57 Jahre,7633
2025,Saarland,f,24 bis unter 25 Jahre,4891
2025,Saarland,f,37 bis unter 38 Jahre,6525
2025,Saarland,f,72 bis unter 73 Jahre,6812
2025,Saarland,f,19 bis unter 20 Jahre,4219
2025,Saarland,f,6 bis unter 7 Jahre,4300
2025,Saarland,f,73 bis unter 74 Jahre,6443
2025,Saarland,f,55 bis unter 56 Jahre,6747
2025,Saarland,f,42 bis unter 43 Jahre,5950
2025,Saarland,f,11 bis unter 12 Jahre,4333
2025,Saarland,f,68 bis unter 69 Jahre,7736
2025,Saarland,f,1 bis unter 2 Jahre,3679
2025,Saarland,f,58 bis unter 59 Jahre,8185
2025,Saarland,f,14 bis unter 15 Jahre,4186
2025,Saarland,f,27 bis unter 28 Jahre,5199
2025,Saarland,f,50 bis unter 51 Jahre,5299
2025,Saarland,f,63 bis unter 64 Jahre,8785
2025,Saarland,f,32 bis unter 33 Jahre,5932
2025,Saarland,f,75 bis unter 80 Jahre,25032
2025,Saarland,f,45 bis unter 46 Jahre,6119
2025,Saarland,f,13 bis unter 14 Jahre,4110
2025,Saarland,f,unter 1 Jahr,3573
2025,Saarland,f,26 bis unter 27 Jahre,5313
2025,Saarland,f,39 bis unter 40 Jahre,6470
2025,Saarland,f,62 bis unter 63 Jahre,8822
2025,Saarland,f,9 bis unter 10 Jahre,4610
2025,Saarland,f,31 bis unter 32 Jahre,5751
2025,Saarland,f,57 bis unter 58 Jahre,8022
2025,Saarland,f,85 bis unter 90 Jahre,18383
2025,Saarland,f,44 bis unter 45 Jahre,5967
2025,Saarland,f,47 bis unter 48 Jahre,5725
2025,Saarland,f,3 bis unter 4 Jahre,3979
2025,Saarland,f,16 bis unter 17 Jahre,4208
2025,Saarland,f,80 bis unter 85 Jahre,18700
2025,Saarland,f,29 bis unter 30 Jahre,5644
2025,Saarland,f,52 bis unter 53 Jahre,5452
2025,Saarland,f,65 bis unter 66 Jahre,8421
2025,Saarland,f,34 bis unter 35 Jahre,6219
2025,Saarland,f,21 bis unter 22 Jahre,4482
2025,Saarland,f,59 bis unter 60 Jahre,8472
2025,Saarland,f,46 bis unter 47 Jahre,6030
2025,Saarland,f,15 bis unter 16 Jahre,4277
2025,Saarland,f,2 bis unter 3 Jahre,3919
2025,Saarland,f,28 bis unter 29 Jahre,5603
2025,Saarland,f,51 bis unter 52 Jahre,5398
2025,Saarland,f,64 bis unter 65 Jahre,8681
2025,Saarland,f,20 bis unter 21 Jahre,4428
2025,Saarland,f,33 bis unter 34 Jahre,6151
2025,Hessen,m,11 bis unter 12 Jahre,30655
2025,Hessen,m,68 bis unter 69 Jahre,36013
2025,Hessen,m,55 bis unter 56 Jahre,44098
2025,Hessen,m,24 bis unter 25 Jahre,36861
2025,Hessen,m,37 bis unter 38 Jahre,44251
2025,Hessen,m,72 bis unter 73 Jahre,28646
2025,Hessen,m,19 bis unter 20 Jahre,32909
2025,Hessen,m,80 bis unter 85 Jahre,82138
2025,Hessen,m,6 bis unter 7 Jahre,30653
2025,Hessen,m,41 bis unter 42 Jahre,40722
2025,Hessen,m,54 bis unter 55 Jahre,42508
2025,Hessen,m,23 bis unter 24 Jahre,35278
2025,Hessen,m,10 bis unter 11 Jahre,31442
2025,Hessen,m,67 bis unter 68 Jahre,37331
2025,Hessen,m,49 bis unter 50 Jahre,37143
2025,Hessen,m,36 bis unter 37 Jahre,43728
2025,Hessen,m,71 bis unter 72 Jahre,31032
2025,Hessen,m,5 bis unter 6 Jahre,30140
2025,Hessen,m,18 bis unter 19 Jahre,32653
2025,Hessen,m,53 bis unter 54 Jahre,39163
2025,Hessen,m,40 bis unter 41 Jahre,40850
2025,Hessen,m,57 bis unter 58 Jahre,49734
2025,Hessen,m,90 Jahre und mehr,20126
2025,Hessen,m,unter 1 Jahr,26461
2025,Hessen,m,44 bis unter 45 Jahre,40318
2025,Hessen,m,26 bis unter 27 Jahre,40380
2025,Hessen,m,39 bis unter 40 Jahre,42110
2025,Hessen,m,13 bis unter 14 Jahre,30296
2025,Hessen,m,61 bis unter 62 Jahre,49937
2025,Hessen,m,8 bis unter 9 Jahre,31617
2025,Hessen,m,30 bis unter 31 Jahre,40584
2025,Hessen,m,75 bis unter 80 Jahre,117624
2025,Hessen,m,74 bis unter 75 Jahre,27225
2025,Hessen,m,12 bis unter 13 Jahre,29981
2025,Hessen,m,69 bis unter 70 Jahre,34401
2025,Hessen,m,43 bis unter 44 Jahre,41160
2025,Hessen,m,56 bis unter 57 Jahre,47336
2025,Hessen,m,38 bis unter 39 Jahre,42972
2025,Hessen,m,25 bis unter 26 Jahre,39099
2025,Hessen,m,60 bis unter 61 Jahre,49676
2025,Hessen,m,7 bis unter 8 Jahre,31153
2025,Hessen,m,73 bis unter 74 Jahre,28336
2025,Hessen,m,42 bis unter 43 Jahre,40356
2025,Hessen,m,85 bis unter 90 Jahre,60929
2025,Hessen,m,46 bis unter 47 Jahre,38855
2025,Hessen,m,20 bis unter 21 Jahre,34452
2025,Hessen,m,33 bis unter 34 Jahre,41964
2025,Hessen,m,15 bis unter 16 Jahre,30591
2025,Hessen,m,59 bis unter 60 Jahre,50200
2025,Hessen,m,2 bis unter 3 Jahre,28052
2025,Hessen,m,50 bis unter 51 Jahre,36374
2025,Hessen,m,28 bis unter 29 Jahre,42610
2025,Hessen,m,63 bis unter 64 Jahre,45658
2025,Hessen,m,45 bis unter 46 Jahre,40666
2025,Hessen,m,58 bis unter 59 Jahre,49610
2025,Hessen,m,32 bis unter 33 Jahre,41189
2025,Hessen,m,27 bis unter 28 Jahre,41423
2025,Hessen,m,1 bis unter 2 Jahre,27424
2025,Hessen,m,14 bis unter 15 Jahre,30223
2025,Hessen,m,31 bis unter 32 Jahre,40757
2025,Hessen,m,62 bis unter 63 Jahre,48437
2025,Hessen,m,9 bis unter 10 Jahre,31968
2025,Hessen,m,22 bis unter 23 Jahre,34387
2025,Hessen,m,35 bis unter 36 Jahre,44160
2025,Hessen,m,66 bis unter 67 Jahre,39865
2025,Hessen,m,4 bis unter 5 Jahre,31090
2025,Hessen,m,48 bis unter 49 Jahre,37408
2025,Hessen,m,17 bis unter 18 Jahre,31509
2025,Hessen,m,70 bis unter 71 Jahre,32286
2025,Hessen,m,65 bis unter 66 Jahre,42034
2025,Hessen,m,52 bis unter 53 Jahre,37032
2025,Hessen,m,34 bis unter 35 Jahre,42162
2025,Hessen,m,21 bis unter 22 Jahre,34823
2025,Hessen,m,3 bis unter 4 Jahre,29149
2025,Hessen,m,16 bis unter 17 Jahre,30787
2025,Hessen,m,47 bis unter 48 Jahre,38299
2025,Hessen,m,29 bis unter 30 Jahre,41534
2025,Hessen,m,64 bis unter 65 Jahre,44020
2025,Hessen,m,51 bis unter 52 Jahre,37132
2025,Hessen,f,71 bis unter 72 Jahre,34895
2025,Hessen,f,18 bis unter 19 Jahre,29808
2025,Hessen,f,80 bis unter 85 Jahre,108953
2025,Hessen,f,49 bis unter 50 Jahre,38842
2025,Hessen,f,36 bis unter 37 Jahre,41986
2025,Hessen,f,5 bis unter 6 Jahre,29083
2025,Hessen,f,22 bis unter 23 Jahre,31853
2025,Hessen,f,35 bis unter 36 Jahre,42634
2025,Hessen,f,90 Jahre und mehr,45033
2025,Hessen,f,40 bis unter 41 Jahre,39986
2025,Hessen,f,66 bis unter 67 Jahre,42658
2025,Hessen,f,53 bis unter 54 Jahre,40367
2025,Hessen,f,19 bis unter 20 Jahre,30579
2025,Hessen,f,6 bis unter 7 Jahre,29242
2025,Hessen,f,72 bis unter 73 Jahre,33132
2025,Hessen,f,37 bis unter 38 Jahre,42660
2025,Hessen,f,10 bis unter 11 Jahre,29912
2025,Hessen,f,67 bis unter 68 Jahre,40047
2025,Hessen,f,23 bis unter 24 Jahre,32367
2025,Hessen,f,41 bis unter 42 Jahre,40592
2025,Hessen,f,54 bis unter 55 Jahre,43532
2025,Hessen,f,29 bis unter 30 Jahre,37796
2025,Hessen,f,3 bis unter 4 Jahre,28042
2025,Hessen,f,16 bis unter 17 Jahre,28907
2025,Hessen,f,33 bis unter 34 Jahre,39307
2025,Hessen,f,75 bis unter 80 Jahre,142137
2025,Hessen,f,46 bis unter 47 Jahre,40307
2025,Hessen,f,64 bis unter 65 Jahre,46088
2025,Hessen,f,51 bis unter 52 Jahre,37973
2025,Hessen,f,20 bis unter 21 Jahre,31583
2025,Hessen,f,70 bis unter 71 Jahre,35501
2025,Hessen,f,48 bis unter 49 Jahre,38871
2025,Hessen,f,17 bis unter 18 Jahre,29614
2025,Hessen,f,4 bis unter 5 Jahre,29404
2025,Hessen,f,21 bis unter 22 Jahre,32329
2025,Hessen,f,47 bis unter 48 Jahre,39571
2025,Hessen,f,34 bis unter 35 Jahre,40445
2025,Hessen,f,52 bis unter 53 Jahre,37855
2025,Hessen,f,65 bis unter 66 Jahre,44168
2025,Hessen,f,62 bis unter 63 Jahre,48947
2025,Hessen,f,9 bis unter 10 Jahre,30852
2025,Hessen,f,14 bis unter 15 Jahre,28655
2025,Hessen,f,27 bis unter 28 Jahre,37208
2025,Hessen,f,44 bis unter 45 Jahre,41999
2025,Hessen,f,unter 1 Jahr,25111
2025,Hessen,f,57 bis unter 58 Jahre,49156
2025,Hessen,f,31 bis unter 32 Jahre,37942
2025,Hessen,f,85 bis unter 90 Jahre,96833
2025,Hessen,f,50 bis unter 51 Jahre,37330
2025,Hessen,f,2 bis unter 3 Jahre,26449
2025,Hessen,f,59 bis unter 60 Jahre,50337
2025,Hessen,f,28 bis unter 29 Jahre,38548
2025,Hessen,f,15 bis unter 16 Jahre,29421
2025,Hessen,f,45 bis unter 46 Jahre,41715
2025,Hessen,f,32 bis unter 33 Jahre,38892
2025,Hessen,f,1 bis unter 2 Jahre,25799
2025,Hessen,f,58 bis unter 59 Jahre,49911
2025,Hessen,f,63 bis unter 64 Jahre,47261
2025,Hessen,f,60 bis unter 61 Jahre,50108
2025,Hessen,f,7 bis unter 8 Jahre,30178
2025,Hessen,f,73 bis unter 74 Jahre,33140
2025,Hessen,f,38 bis unter 39 Jahre,41859
2025,Hessen,f,25 bis unter 26 Jahre,35977
2025,Hessen,f,68 bis unter 69 Jahre,38851
2025,Hessen,f,55 bis unter 56 Jahre,45042
2025,Hessen,f,24 bis unter 25 Jahre,33693
2025,Hessen,f,11 bis unter 12 Jahre,29744
2025,Hessen,f,42 bis unter 43 Jahre,40527
2025,Hessen,f,61 bis unter 62 Jahre,50066
2025,Hessen,f,8 bis unter 9 Jahre,30251
2025,Hessen,f,26 bis unter 27 Jahre,36023
2025,Hessen,f,13 bis unter 14 Jahre,28546
2025,Hessen,f,39 bis unter 40 Jahre,41431
2025,Hessen,f,56 bis unter 57 Jahre,47448
2025,Hessen,f,12 bis unter 13 Jahre,28634
2025,Hessen,f,69 bis unter 70 Jahre,37229
2025,Hessen,f,74 bis unter 75 Jahre,32242
2025,Hessen,f,43 bis unter 44 Jahre,41788
2025,Hessen,f,30 bis unter 31 Jahre,37237
2025,Baden-Württemberg,m,28 bis unter 29 Jahre,76410
2025,Baden-Württemberg,m,75 bis unter 80 Jahre,200406
2025,Baden-Württemberg,m,50 bis unter 51 Jahre,63826
2025,Baden-Württemberg,m,2 bis unter 3 Jahre,51216
2025,Baden-Württemberg,m,59 bis unter 60 Jahre,88800
2025,Baden-Württemberg,m,15 bis unter 16 Jahre,55045
2025,Baden-Württemberg,m,33 bis unter 34 Jahre,76596
2025,Baden-Württemberg,m,20 bis unter 21 Jahre,62512
2025,Baden-Württemberg,m,46 bis unter 47 Jahre,67624
2025,Baden-Württemberg,m,51 bis unter 52 Jahre,64935
2025,Baden-Württemberg,m,64 bis unter 65 Jahre,80103
2025,Baden-Württemberg,m,29 bis unter 30 Jahre,74487
2025,Baden-Württemberg,m,47 bis unter 48 Jahre,66462
2025,Baden-Württemberg,m,16 bis unter 17 Jahre,54583
2025,Baden-Württemberg,m,85 bis unter 90 Jahre,113705
2025,Baden-Württemberg,m,3 bis unter 4 Jahre,54568
2025,Baden-Württemberg,m,21 bis unter 22 Jahre,64599
2025,Baden-Württemberg,m,34 bis unter 35 Jahre,77366
2025,Baden-Württemberg,m,52 bis unter 53 Jahre,64256
2025,Baden-Württemberg,m,65 bis unter 66 Jahre,76236
2025,Baden-Württemberg,m,70 bis unter 71 Jahre,58324
2025,Baden-Württemberg,m,17 bis unter 18 Jahre,56637
2025,Baden-Württemberg,m,48 bis unter 49 Jahre,65310
2025,Baden-Württemberg,m,4 bis unter 5 Jahre,58915
2025,Baden-Württemberg,m,66 bis unter 67 Jahre,72306
2025,Baden-Württemberg,m,35 bis unter 36 Jahre,80668
2025,Baden-Württemberg,m,22 bis unter 23 Jahre,64904
2025,Baden-Württemberg,m,40 bis unter 41 Jahre,74066
2025,Baden-Württemberg,m,53 bis unter 54 Jahre,69247
2025,Baden-Württemberg,m,71 bis unter 72 Jahre,54721
2025,Baden-Württemberg,m,18 bis unter 19 Jahre,57924
2025,Baden-Württemberg,m,5 bis unter 6 Jahre,57131
2025,Baden-Württemberg,m,36 bis unter 37 Jahre,79235
2025,Baden-Württemberg,m,49 bis unter 50 Jahre,65710
2025,Baden-Württemberg,m,10 bis unter 11 Jahre,56394
2025,Baden-Württemberg,m,67 bis unter 68 Jahre,67528
2025,Baden-Württemberg,m,23 bis unter 24 Jahre,66041
2025,Baden-Württemberg,m,54 bis unter 55 Jahre,74937
2025,Baden-Württemberg,m,41 bis unter 42 Jahre,73385
2025,Baden-Württemberg,m,6 bis unter 7 Jahre,57202
2025,Baden-Württemberg,m,72 bis unter 73 Jahre,51510
2025,Baden-Württemberg,m,19 bis unter 20 Jahre,59628
2025,Baden-Württemberg,m,37 bis unter 38 Jahre,80742
2025,Baden-Württemberg,m,24 bis unter 25 Jahre,67560
2025,Baden-Württemberg,m,55 bis unter 56 Jahre,77042
2025,Baden-Württemberg,m,11 bis unter 12 Jahre,56116
2025,Baden-Württemberg,m,68 bis unter 69 Jahre,65222
2025,Baden-Württemberg,m,42 bis unter 43 Jahre,72298
2025,Baden-Württemberg,m,73 bis unter 74 Jahre,50412
2025,Baden-Württemberg,m,60 bis unter 61 Jahre,87816
2025,Baden-Württemberg,m,7 bis unter 8 Jahre,57718
2025,Baden-Württemberg,m,25 bis unter 26 Jahre,71713
2025,Baden-Württemberg,m,38 bis unter 39 Jahre,77664
2025,Baden-Württemberg,m,56 bis unter 57 Jahre,82696
2025,Baden-Württemberg,m,43 bis unter 44 Jahre,73134
2025,Baden-Württemberg,m,12 bis unter 13 Jahre,54676
2025,Baden-Württemberg,m,69 bis unter 70 Jahre,62648
2025,Baden-Württemberg,m,74 bis unter 75 Jahre,48095
2025,Baden-Württemberg,m,30 bis unter 31 Jahre,74062
2025,Baden-Württemberg,m,8 bis unter 9 Jahre,57889
2025,Baden-Württemberg,m,61 bis unter 62 Jahre,88271
2025,Baden-Württemberg,m,13 bis unter 14 Jahre,54129
2025,Baden-Württemberg,m,39 bis unter 40 Jahre,76299
2025,Baden-Württemberg,m,26 bis unter 27 Jahre,73092
2025,Baden-Württemberg,m,44 bis unter 45 Jahre,72128
2025,Baden-Württemberg,m,90 Jahre und mehr,39961
2025,Baden-Württemberg,m,unter 1 Jahr,47978
2025,Baden-Württemberg,m,57 bis unter 58 Jahre,85643
2025,Baden-Württemberg,m,62 bis unter 63 Jahre,86674
2025,Baden-Württemberg,m,9 bis unter 10 Jahre,58170
2025,Baden-Württemberg,m,31 bis unter 32 Jahre,74297
2025,Baden-Württemberg,m,14 bis unter 15 Jahre,53375
2025,Baden-Württemberg,m,1 bis unter 2 Jahre,50458
2025,Baden-Württemberg,m,27 bis unter 28 Jahre,74726
2025,Baden-Württemberg,m,32 bis unter 33 Jahre,75510
2025,Baden-Württemberg,m,58 bis unter 59 Jahre,87307
2025,Baden-Württemberg,m,45 bis unter 46 Jahre,72862
2025,Baden-Württemberg,m,80 bis unter 85 Jahre,146675
2025,Baden-Württemberg,m,63 bis unter 64 Jahre,83028
2025,Baden-Württemberg,f,44 bis unter 45 Jahre,72467
2025,Baden-Württemberg,f,unter 1 Jahr,45569
2025,Baden-Württemberg,f,57 bis unter 58 Jahre,86126
2025,Baden-Württemberg,f,13 bis unter 14 Jahre,51345
2025,Baden-Württemberg,f,26 bis unter 27 Jahre,64865
2025,Baden-Württemberg,f,39 bis unter 40 Jahre,74269
2025,Baden-Württemberg,f,61 bis unter 62 Jahre,88490
2025,Baden-Württemberg,f,8 bis unter 9 Jahre,55518
2025,Baden-Württemberg,f,74 bis unter 75 Jahre,56082
2025,Baden-Württemberg,f,90 Jahre und mehr,83591
2025,Baden-Württemberg,f,30 bis unter 31 Jahre,67103
2025,Baden-Württemberg,f,43 bis unter 44 Jahre,72870
2025,Baden-Württemberg,f,32 bis unter 33 Jahre,70164
2025,Baden-Württemberg,f,45 bis unter 46 Jahre,72850
2025,Baden-Württemberg,f,58 bis unter 59 Jahre,86847
2025,Baden-Württemberg,f,1 bis unter 2 Jahre,47613
2025,Baden-Württemberg,f,14 bis unter 15 Jahre,50797
2025,Baden-Württemberg,f,27 bis unter 28 Jahre,66823
2025,Baden-Württemberg,f,62 bis unter 63 Jahre,86646
2025,Baden-Württemberg,f,9 bis unter 10 Jahre,55281
2025,Baden-Württemberg,f,75 bis unter 80 Jahre,240660
2025,Baden-Württemberg,f,80 bis unter 85 Jahre,194844
2025,Baden-Württemberg,f,31 bis unter 32 Jahre,68222
2025,Baden-Württemberg,f,33 bis unter 34 Jahre,71174
2025,Baden-Württemberg,f,46 bis unter 47 Jahre,68995
2025,Baden-Württemberg,f,59 bis unter 60 Jahre,88440
2025,Baden-Württemberg,f,2 bis unter 3 Jahre,48715
2025,Baden-Württemberg,f,15 bis unter 16 Jahre,51882
2025,Baden-Württemberg,f,28 bis unter 29 Jahre,69011
2025,Baden-Württemberg,f,85 bis unter 90 Jahre,177933
2025,Baden-Württemberg,f,50 bis unter 51 Jahre,65167
2025,Baden-Württemberg,f,63 bis unter 64 Jahre,83946
2025,Baden-Württemberg,f,21 bis unter 22 Jahre,58445
2025,Baden-Württemberg,f,34 bis unter 35 Jahre,72747
2025,Baden-Württemberg,f,47 bis unter 48 Jahre,67084
2025,Baden-Württemberg,f,3 bis unter 4 Jahre,51710
2025,Baden-Württemberg,f,16 bis unter 17 Jahre,51570
2025,Baden-Württemberg,f,29 bis unter 30 Jahre,67949
2025,Baden-Württemberg,f,51 bis unter 52 Jahre,66508
2025,Baden-Württemberg,f,64 bis unter 65 Jahre,82808
2025,Baden-Württemberg,f,20 bis unter 21 Jahre,57672
2025,Baden-Württemberg,f,22 bis unter 23 Jahre,58839
2025,Baden-Württemberg,f,35 bis unter 36 Jahre,76236
2025,Baden-Württemberg,f,48 bis unter 49 Jahre,66254
2025,Baden-Württemberg,f,4 bis unter 5 Jahre,57240
2025,Baden-Württemberg,f,17 bis unter 18 Jahre,52839
2025,Baden-Württemberg,f,70 bis unter 71 Jahre,64044
2025,Baden-Württemberg,f,52 bis unter 53 Jahre,65922
2025,Baden-Württemberg,f,65 bis unter 66 Jahre,80549
2025,Baden-Württemberg,f,67 bis unter 68 Jahre,72047
2025,Baden-Württemberg,f,10 bis unter 11 Jahre,54394
2025,Baden-Württemberg,f,23 bis unter 24 Jahre,59527
2025,Baden-Württemberg,f,36 bis unter 37 Jahre,74532
2025,Baden-Württemberg,f,49 bis unter 50 Jahre,66074
2025,Baden-Württemberg,f,5 bis unter 6 Jahre,54173
2025,Baden-Württemberg,f,18 bis unter 19 Jahre,53614
2025,Baden-Württemberg,f,71 bis unter 72 Jahre,62186
2025,Baden-Württemberg,f,40 bis unter 41 Jahre,71339
2025,Baden-Württemberg,f,53 bis unter 54 Jahre,70919
2025,Baden-Württemberg,f,66 bis unter 67 Jahre,76591
2025,Baden-Württemberg,f,55 bis unter 56 Jahre,78281
2025,Baden-Württemberg,f,68 bis unter 69 Jahre,69524
2025,Baden-Württemberg,f,11 bis unter 12 Jahre,52910
2025,Baden-Württemberg,f,24 bis unter 25 Jahre,61397
2025,Baden-Württemberg,f,37 bis unter 38 Jahre,76022
2025,Baden-Württemberg,f,6 bis unter 7 Jahre,54512
2025,Baden-Württemberg,f,19 bis unter 20 Jahre,54449
2025,Baden-Württemberg,f,72 bis unter 73 Jahre,59379
2025,Baden-Württemberg,f,41 bis unter 42 Jahre,71725
2025,Baden-Württemberg,f,54 bis unter 55 Jahre,75306
2025,Baden-Württemberg,f,56 bis unter 57 Jahre,82989
2025,Baden-Württemberg,f,69 bis unter 70 Jahre,67845
2025,Baden-Württemberg,f,12 bis unter 13 Jahre,51630
2025,Baden-Württemberg,f,25 bis unter 26 Jahre,64917
2025,Baden-Württemberg,f,38 bis unter 39 Jahre,73452
2025,Baden-Württemberg,f,60 bis unter 61 Jahre,87084
2025,Baden-Württemberg,f,7 bis unter 8 Jahre,55286
2025,Baden-Württemberg,f,73 bis unter 74 Jahre,58862
2025,Baden-Württemberg,f,42 bis unter 43 Jahre,71530
2025,Niedersachsen,m,49 bis unter 50 Jahre,45479
2025,Niedersachsen,m,18 bis unter 19 Jahre,41430
2025,Niedersachsen,m,5 bis unter 6 Jahre,39227
2025,Niedersachsen,m,71 bis unter 72 Jahre,42312
2025,Niedersachsen,m,40 bis unter 41 Jahre,49801
2025,Niedersachsen,m,54 bis unter 55 Jahre,54686
2025,Niedersachsen,m,41 bis unter 42 Jahre,49364
2025,Niedersachsen,m,10 bis unter 11 Jahre,39723
2025,Niedersachsen,m,67 bis unter 68 Jahre,50613
2025,Niedersachsen,m,75 bis unter 80 Jahre,158962
2025,Niedersachsen,m,23 bis unter 24 Jahre,43259
2025,Niedersachsen,m,36 bis unter 37 Jahre,53039
2025,Niedersachsen,m,6 bis unter 7 Jahre,39630
2025,Niedersachsen,m,72 bis unter 73 Jahre,40038
2025,Niedersachsen,m,19 bis unter 20 Jahre,41486
2025,Niedersachsen,m,42 bis unter 43 Jahre,49324
2025,Niedersachsen,m,55 bis unter 56 Jahre,57032
2025,Niedersachsen,m,11 bis unter 12 Jahre,39619
2025,Niedersachsen,m,68 bis unter 69 Jahre,49126
2025,Niedersachsen,m,37 bis unter 38 Jahre,54357
2025,Niedersachsen,m,24 bis unter 25 Jahre,44933
2025,Niedersachsen,m,38 bis unter 39 Jahre,53075
2025,Niedersachsen,m,60 bis unter 61 Jahre,66105
2025,Niedersachsen,m,7 bis unter 8 Jahre,40083
2025,Niedersachsen,m,80 bis unter 85 Jahre,111661
2025,Niedersachsen,m,73 bis unter 74 Jahre,39610
2025,Niedersachsen,m,30 bis unter 31 Jahre,48484
2025,Niedersachsen,m,56 bis unter 57 Jahre,62199
2025,Niedersachsen,m,43 bis unter 44 Jahre,49783
2025,Niedersachsen,m,12 bis unter 13 Jahre,37837
2025,Niedersachsen,m,69 bis unter 70 Jahre,47301
2025,Niedersachsen,m,25 bis unter 26 Jahre,47972
2025,Niedersachsen,m,90 Jahre und mehr,26668
2025,Niedersachsen,m,39 bis unter 40 Jahre,52090
2025,Niedersachsen,m,26 bis unter 27 Jahre,48899
2025,Niedersachsen,m,61 bis unter 62 Jahre,65657
2025,Niedersachsen,m,8 bis unter 9 Jahre,40247
2025,Niedersachsen,m,74 bis unter 75 Jahre,38338
2025,Niedersachsen,m,31 bis unter 32 Jahre,48922
2025,Niedersachsen,m,44 bis unter 45 Jahre,49007
2025,Niedersachsen,m,unter 1 Jahr,32460
2025,Niedersachsen,m,57 bis unter 58 Jahre,64980
2025,Niedersachsen,m,85 bis unter 90 Jahre,84162
2025,Niedersachsen,m,13 bis unter 14 Jahre,38052
2025,Niedersachsen,m,27 bis unter 28 Jahre,49645
2025,Niedersachsen,m,62 bis unter 63 Jahre,64099
2025,Niedersachsen,m,9 bis unter 10 Jahre,40635
2025,Niedersachsen,m,32 bis unter 33 Jahre,50597
2025,Niedersachsen,m,58 bis unter 59 Jahre,66180
2025,Niedersachsen,m,45 bis unter 46 Jahre,48679
2025,Niedersachsen,m,14 bis unter 15 Jahre,37352
2025,Niedersachsen,m,1 bis unter 2 Jahre,34244
2025,Niedersachsen,m,15 bis unter 16 Jahre,39074
2025,Niedersachsen,m,28 bis unter 29 Jahre,50710
2025,Niedersachsen,m,63 bis unter 64 Jahre,61777
2025,Niedersachsen,m,50 bis unter 51 Jahre,44108
2025,Niedersachsen,m,64 bis unter 65 Jahre,60874
2025,Niedersachsen,m,33 bis unter 34 Jahre,51041
2025,Niedersachsen,m,20 bis unter 21 Jahre,42125
2025,Niedersachsen,m,46 bis unter 47 Jahre,46461
2025,Niedersachsen,m,2 bis unter 3 Jahre,35124
2025,Niedersachsen,m,59 bis unter 60 Jahre,67242
2025,Niedersachsen,m,16 bis unter 17 Jahre,38801
2025,Niedersachsen,m,3 bis unter 4 Jahre,37583
2025,Niedersachsen,m,29 bis unter 30 Jahre,49487
2025,Niedersachsen,m,51 bis unter 52 Jahre,44926
2025,Niedersachsen,m,65 bis unter 66 Jahre,56776
2025,Niedersachsen,m,52 bis unter 53 Jahre,45627
2025,Niedersachsen,m,21 bis unter 22 Jahre,42561
2025,Niedersachsen,m,34 bis unter 35 Jahre,51506
2025,Niedersachsen,m,47 bis unter 48 Jahre,46108
2025,Niedersachsen,m,4 bis unter 5 Jahre,39876
2025,Niedersachsen,m,70 bis unter 71 Jahre,44498
2025,Niedersachsen,m,17 bis unter 18 Jahre,40197
2025,Niedersachsen,m,53 bis unter 54 Jahre,49858
2025,Niedersachsen,m,66 bis unter 67 Jahre,54571
2025,Niedersachsen,m,35 bis unter 36 Jahre,53908
2025,Niedersachsen,m,22 bis unter 23 Jahre,41844
2025,Niedersachsen,m,48 bis unter 49 Jahre,45615
2025,Niedersachsen,f,65 bis unter 66 Jahre,60139
2025,Niedersachsen,f,21 bis unter 22 Jahre,39251
2025,Niedersachsen,f,75 bis unter 80 Jahre,186575
2025,Niedersachsen,f,52 bis unter 53 Jahre,47032
2025,Niedersachsen,f,4 bis unter 5 Jahre,37742
2025,Niedersachsen,f,17 bis unter 18 Jahre,37236
2025,Niedersachsen,f,70 bis unter 71 Jahre,48491
2025,Niedersachsen,f,35 bis unter 36 Jahre,50530
2025,Niedersachsen,f,48 bis unter 49 Jahre,46225
2025,Niedersachsen,f,20 bis unter 21 Jahre,38715
2025,Niedersachsen,f,85 bis unter 90 Jahre,135743
2025,Niedersachsen,f,33 bis unter 34 Jahre,47349
2025,Niedersachsen,f,51 bis unter 52 Jahre,46247
2025,Niedersachsen,f,64 bis unter 65 Jahre,63055
2025,Niedersachsen,f,16 bis unter 17 Jahre,36068
2025,Niedersachsen,f,29 bis unter 30 Jahre,45189
2025,Niedersachsen,f,34 bis unter 35 Jahre,48125
2025,Niedersachsen,f,47 bis unter 48 Jahre,46620
2025,Niedersachsen,f,3 bis unter 4 Jahre,35514
2025,Niedersachsen,f,54 bis unter 55 Jahre,56495
2025,Niedersachsen,f,67 bis unter 68 Jahre,54577
2025,Niedersachsen,f,10 bis unter 11 Jahre,37354
2025,Niedersachsen,f,72 bis unter 73 Jahre,45345
2025,Niedersachsen,f,41 bis unter 42 Jahre,48064
2025,Niedersachsen,f,80 bis unter 85 Jahre,149007
2025,Niedersachsen,f,6 bis unter 7 Jahre,37913
2025,Niedersachsen,f,19 bis unter 20 Jahre,37816
2025,Niedersachsen,f,11 bis unter 12 Jahre,37288
2025,Niedersachsen,f,24 bis unter 25 Jahre,41161
2025,Niedersachsen,f,37 bis unter 38 Jahre,51161
2025,Niedersachsen,f,53 bis unter 54 Jahre,50988
2025,Niedersachsen,f,66 bis unter 67 Jahre,58189
2025,Niedersachsen,f,22 bis unter 23 Jahre,38612
2025,Niedersachsen,f,40 bis unter 41 Jahre,48797
2025,Niedersachsen,f,5 bis unter 6 Jahre,37191
2025,Niedersachsen,f,18 bis unter 19 Jahre,37533
2025,Niedersachsen,f,71 bis unter 72 Jahre,47775
2025,Niedersachsen,f,23 bis unter 24 Jahre,39376
2025,Niedersachsen,f,36 bis unter 37 Jahre,50021
2025,Niedersachsen,f,49 bis unter 50 Jahre,46346
2025,Niedersachsen,f,30 bis unter 31 Jahre,44223
2025,Niedersachsen,f,43 bis unter 44 Jahre,49622
2025,Niedersachsen,f,56 bis unter 57 Jahre,62845
2025,Niedersachsen,f,61 bis unter 62 Jahre,67345
2025,Niedersachsen,f,8 bis unter 9 Jahre,38801
2025,Niedersachsen,f,74 bis unter 75 Jahre,43873
2025,Niedersachsen,f,39 bis unter 40 Jahre,50013
2025,Niedersachsen,f,unter 1 Jahr,30596
2025,Niedersachsen,f,57 bis unter 58 Jahre,65471
2025,Niedersachsen,f,13 bis unter 14 Jahre,35992
2025,Niedersachsen,f,26 bis unter 27 Jahre,43313
2025,Niedersachsen,f,42 bis unter 43 Jahre,48832
2025,Niedersachsen,f,90 Jahre und mehr,63367
2025,Niedersachsen,f,55 bis unter 56 Jahre,59052
2025,Niedersachsen,f,68 bis unter 69 Jahre,53336
2025,Niedersachsen,f,73 bis unter 74 Jahre,45124
2025,Niedersachsen,f,38 bis unter 39 Jahre,50435
2025,Niedersachsen,f,7 bis unter 8 Jahre,37982
2025,Niedersachsen,f,60 bis unter 61 Jahre,66462
2025,Niedersachsen,f,69 bis unter 70 Jahre,50883
2025,Niedersachsen,f,12 bis unter 13 Jahre,35957
2025,Niedersachsen,f,25 bis unter 26 Jahre,43067
2025,Niedersachsen,f,32 bis unter 33 Jahre,46620
2025,Niedersachsen,f,45 bis unter 46 Jahre,49710
2025,Niedersachsen,f,50 bis unter 51 Jahre,44856
2025,Niedersachsen,f,63 bis unter 64 Jahre,64136
2025,Niedersachsen,f,15 bis unter 16 Jahre,36441
2025,Niedersachsen,f,28 bis unter 29 Jahre,46276
2025,Niedersachsen,f,46 bis unter 47 Jahre,47261
2025,Niedersachsen,f,2 bis unter 3 Jahre,33600
2025,Niedersachsen,f,59 bis unter 60 Jahre,67870
2025,Niedersachsen,f,31 bis unter 32 Jahre,45096
2025,Niedersachsen,f,44 bis unter 45 Jahre,49674
2025,Niedersachsen,f,62 bis unter 63 Jahre,65889
2025,Niedersachsen,f,9 bis unter 10 Jahre,39059
2025,Niedersachsen,f,27 bis unter 28 Jahre,44971
2025,Niedersachsen,f,1 bis unter 2 Jahre,32558
2025,Niedersachsen,f,58 bis unter 59 Jahre,67260
2025,Niedersachsen,f,14 bis unter 15 Jahre,35362
2025,Bayern,m,74 bis unter 75 Jahre,56580
2025,Bayern,m,61 bis unter 62 Jahre,104604
2025,Bayern,m,8 bis unter 9 Jahre,66431
2025,Bayern,m,56 bis unter 57 Jahre,100226
2025,Bayern,m,43 bis unter 44 Jahre,88691
2025,Bayern,m,30 bis unter 31 Jahre,86509
2025,Bayern,m,13 bis unter 14 Jahre,62546
2025,Bayern,m,unter 1 Jahr,56843
2025,Bayern,m,57 bis unter 58 Jahre,104041
2025,Bayern,m,39 bis unter 40 Jahre,92178
2025,Bayern,m,26 bis unter 27 Jahre,85722
2025,Bayern,m,73 bis unter 74 Jahre,59540
2025,Bayern,m,60 bis unter 61 Jahre,104505
2025,Bayern,m,7 bis unter 8 Jahre,65904
2025,Bayern,m,55 bis unter 56 Jahre,92810
2025,Bayern,m,42 bis unter 43 Jahre,87813
2025,Bayern,m,25 bis unter 26 Jahre,82631
2025,Bayern,m,69 bis unter 70 Jahre,73659
2025,Bayern,m,12 bis unter 13 Jahre,62239
2025,Bayern,m,38 bis unter 39 Jahre,92964
2025,Bayern,m,19 bis unter 20 Jahre,67598
2025,Bayern,m,72 bis unter 73 Jahre,60768
2025,Bayern,m,67 bis unter 68 Jahre,79986
2025,Bayern,m,10 bis unter 11 Jahre,65133
2025,Bayern,m,54 bis unter 55 Jahre,89808
2025,Bayern,m,41 bis unter 42 Jahre,87417
2025,Bayern,m,37 bis unter 38 Jahre,95733
2025,Bayern,m,24 bis unter 25 Jahre,77529
2025,Bayern,m,80 bis unter 85 Jahre,173762
2025,Bayern,m,68 bis unter 69 Jahre,76590
2025,Bayern,m,11 bis unter 12 Jahre,64473
2025,Bayern,m,6 bis unter 7 Jahre,66021
2025,Bayern,m,40 bis unter 41 Jahre,88455
2025,Bayern,m,66 bis unter 67 Jahre,85523
2025,Bayern,m,53 bis unter 54 Jahre,82990
2025,Bayern,m,85 bis unter 90 Jahre,129548
2025,Bayern,m,36 bis unter 37 Jahre,93533
2025,Bayern,m,23 bis unter 24 Jahre,74799
2025,Bayern,m,18 bis unter 19 Jahre,66112
2025,Bayern,m,71 bis unter 72 Jahre,64606
2025,Bayern,m,5 bis unter 6 Jahre,66040
2025,Bayern,m,49 bis unter 50 Jahre,79027
2025,Bayern,m,52 bis unter 53 Jahre,77378
2025,Bayern,m,21 bis unter 22 Jahre,72516
2025,Bayern,m,65 bis unter 66 Jahre,89762
2025,Bayern,m,48 bis unter 49 Jahre,80719
2025,Bayern,m,35 bis unter 36 Jahre,96412
2025,Bayern,m,22 bis unter 23 Jahre,72619
2025,Bayern,m,17 bis unter 18 Jahre,64098
2025,Bayern,m,70 bis unter 71 Jahre,68022
2025,Bayern,m,4 bis unter 5 Jahre,68328
2025,Bayern,m,75 bis unter 80 Jahre,243091
2025,Bayern,m,51 bis unter 52 Jahre,78123
2025,Bayern,m,33 bis unter 34 Jahre,89988
2025,Bayern,m,20 bis unter 21 Jahre,70833
2025,Bayern,m,64 bis unter 65 Jahre,95343
2025,Bayern,m,47 bis unter 48 Jahre,80944
2025,Bayern,m,34 bis unter 35 Jahre,92423
2025,Bayern,m,29 bis unter 30 Jahre,87726
2025,Bayern,m,16 bis unter 17 Jahre,61840
2025,Bayern,m,3 bis unter 4 Jahre,64103
2025,Bayern,m,63 bis unter 64 Jahre,97682
2025,Bayern,m,50 bis unter 51 Jahre,77090
2025,Bayern,m,32 bis unter 33 Jahre,89207
2025,Bayern,m,2 bis unter 3 Jahre,60709
2025,Bayern,m,59 bis unter 60 Jahre,105692
2025,Bayern,m,46 bis unter 47 Jahre,83098
2025,Bayern,m,28 bis unter 29 Jahre,89498
2025,Bayern,m,15 bis unter 16 Jahre,62082
2025,Bayern,m,62 bis unter 63 Jahre,101416
2025,Bayern,m,9 bis unter 10 Jahre,66842
2025,Bayern,m,44 bis unter 45 Jahre,88002
2025,Bayern,m,31 bis unter 32 Jahre,86555
2025,Bayern,m,14 bis unter 15 Jahre,61016
2025,Bayern,m,1 bis unter 2 Jahre,59072
2025,Bayern,m,58 bis unter 59 Jahre,105702
2025,Bayern,m,45 bis unter 46 Jahre,86967
2025,Bayern,m,90 Jahre und mehr,40765
2025,Bayern,m,27 bis unter 28 Jahre,88541
2025,Bayern,f,37 bis unter 38 Jahre,90498
2025,Bayern,f,11 bis unter 12 Jahre,60910
2025,Bayern,f,24 bis unter 25 Jahre,69254
2025,Bayern,f,55 bis unter 56 Jahre,94203
2025,Bayern,f,68 bis unter 69 Jahre,82997
2025,Bayern,f,42 bis unter 43 Jahre,85602
2025,Bayern,f,73 bis unter 74 Jahre,69641
2025,Bayern,f,60 bis unter 61 Jahre,103735
2025,Bayern,f,7 bis unter 8 Jahre,63123
2025,Bayern,f,25 bis unter 26 Jahre,74562
2025,Bayern,f,38 bis unter 39 Jahre,88070
2025,Bayern,f,69 bis unter 70 Jahre,79094
2025,Bayern,f,12 bis unter 13 Jahre,59877
2025,Bayern,f,56 bis unter 57 Jahre,100108
2025,Bayern,f,30 bis unter 31 Jahre,79331
2025,Bayern,f,43 bis unter 44 Jahre,87890
2025,Bayern,f,74 bis unter 75 Jahre,66674
2025,Bayern,f,61 bis unter 62 Jahre,105567
2025,Bayern,f,8 bis unter 9 Jahre,63836
2025,Bayern,f,39 bis unter 40 Jahre,88341
2025,Bayern,f,26 bis unter 27 Jahre,75498
2025,Bayern,f,unter 1 Jahr,53513
2025,Bayern,f,80 bis unter 85 Jahre,231244
2025,Bayern,f,13 bis unter 14 Jahre,58640
2025,Bayern,f,44 bis unter 45 Jahre,88074
2025,Bayern,f,57 bis unter 58 Jahre,103457
2025,Bayern,f,31 bis unter 32 Jahre,80276
2025,Bayern,f,62 bis unter 63 Jahre,104051
2025,Bayern,f,9 bis unter 10 Jahre,63525
2025,Bayern,f,27 bis unter 28 Jahre,78960
2025,Bayern,f,14 bis unter 15 Jahre,57155
2025,Bayern,f,58 bis unter 59 Jahre,105454
2025,Bayern,f,1 bis unter 2 Jahre,56170
2025,Bayern,f,32 bis unter 33 Jahre,83247
2025,Bayern,f,45 bis unter 46 Jahre,87176
2025,Bayern,f,63 bis unter 64 Jahre,100899
2025,Bayern,f,50 bis unter 51 Jahre,78331
2025,Bayern,f,28 bis unter 29 Jahre,81155
2025,Bayern,f,2 bis unter 3 Jahre,57450
2025,Bayern,f,15 bis unter 16 Jahre,58401
2025,Bayern,f,46 bis unter 47 Jahre,83347
2025,Bayern,f,59 bis unter 60 Jahre,105902
2025,Bayern,f,33 bis unter 34 Jahre,85532
2025,Bayern,f,20 bis unter 21 Jahre,63736
2025,Bayern,f,51 bis unter 52 Jahre,79108
2025,Bayern,f,75 bis unter 80 Jahre,294740
2025,Bayern,f,64 bis unter 65 Jahre,99212
2025,Bayern,f,29 bis unter 30 Jahre,80211
2025,Bayern,f,16 bis unter 17 Jahre,57711
2025,Bayern,f,3 bis unter 4 Jahre,60963
2025,Bayern,f,34 bis unter 35 Jahre,86265
2025,Bayern,f,47 bis unter 48 Jahre,82259
2025,Bayern,f,21 bis unter 22 Jahre,65849
2025,Bayern,f,65 bis unter 66 Jahre,94562
2025,Bayern,f,52 bis unter 53 Jahre,78394
2025,Bayern,f,70 bis unter 71 Jahre,75115
2025,Bayern,f,85 bis unter 90 Jahre,206528
2025,Bayern,f,4 bis unter 5 Jahre,65041
2025,Bayern,f,17 bis unter 18 Jahre,59128
2025,Bayern,f,48 bis unter 49 Jahre,80447
2025,Bayern,f,35 bis unter 36 Jahre,90504
2025,Bayern,f,22 bis unter 23 Jahre,65695
2025,Bayern,f,53 bis unter 54 Jahre,84737
2025,Bayern,f,66 bis unter 67 Jahre,90971
2025,Bayern,f,40 bis unter 41 Jahre,85171
2025,Bayern,f,18 bis unter 19 Jahre,60036
2025,Bayern,f,71 bis unter 72 Jahre,73130
2025,Bayern,f,5 bis unter 6 Jahre,62936
2025,Bayern,f,49 bis unter 50 Jahre,79839
2025,Bayern,f,23 bis unter 24 Jahre,67165
2025,Bayern,f,36 bis unter 37 Jahre,89092
2025,Bayern,f,67 bis unter 68 Jahre,86010
2025,Bayern,f,10 bis unter 11 Jahre,61733
2025,Bayern,f,54 bis unter 55 Jahre,91532
2025,Bayern,f,41 bis unter 42 Jahre,85761
2025,Bayern,f,72 bis unter 73 Jahre,69628
2025,Bayern,f,90 Jahre und mehr,92924
2025,Bayern,f,6 bis unter 7 Jahre,62434
2025,Bayern,f,19 bis unter 20 Jahre,60075
2025,Mecklenburg-Vorpommern,m,39 bis unter 40 Jahre,11043
2025,Mecklenburg-Vorpommern,m,26 bis unter 27 Jahre,7300
2025,Mecklenburg-Vorpommern,m,13 bis unter 14 Jahre,7458
2025,Mecklenburg-Vorpommern,m,unter 1 Jahr,4295
2025,Mecklenburg-Vorpommern,m,57 bis unter 58 Jahre,11696
2025,Mecklenburg-Vorpommern,m,44 bis unter 45 Jahre,10842
2025,Mecklenburg-Vorpommern,m,31 bis unter 32 Jahre,5532
2025,Mecklenburg-Vorpommern,m,62 bis unter 63 Jahre,14428
2025,Mecklenburg-Vorpommern,m,9 bis unter 10 Jahre,7324
2025,Mecklenburg-Vorpommern,m,27 bis unter 28 Jahre,6899
2025,Mecklenburg-Vorpommern,m,14 bis unter 15 Jahre,7434
2025,Mecklenburg-Vorpommern,m,1 bis unter 2 Jahre,4783
2025,Mecklenburg-Vorpommern,m,58 bis unter 59 Jahre,11968
2025,Mecklenburg-Vorpommern,m,45 bis unter 46 Jahre,11029
2025,Mecklenburg-Vorpommern,m,32 bis unter 33 Jahre,5708
2025,Mecklenburg-Vorpommern,m,90 Jahre und mehr,5979
2025,Mecklenburg-Vorpommern,m,63 bis unter 64 Jahre,14430
2025,Mecklenburg-Vorpommern,m,50 bis unter 51 Jahre,8598
2025,Mecklenburg-Vorpommern,m,37 bis unter 38 Jahre,11113
2025,Mecklenburg-Vorpommern,m,24 bis unter 25 Jahre,7160
2025,Mecklenburg-Vorpommern,m,11 bis unter 12 Jahre,7480
2025,Mecklenburg-Vorpommern,m,68 bis unter 69 Jahre,12233
2025,Mecklenburg-Vorpommern,m,55 bis unter 56 Jahre,10799
2025,Mecklenburg-Vorpommern,m,42 bis unter 43 Jahre,10798
2025,Mecklenburg-Vorpommern,m,73 bis unter 74 Jahre,10312
2025,Mecklenburg-Vorpommern,m,60 bis unter 61 Jahre,13408
2025,Mecklenburg-Vorpommern,m,7 bis unter 8 Jahre,7049
2025,Mecklenburg-Vorpommern,m,38 bis unter 39 Jahre,11389
2025,Mecklenburg-Vorpommern,m,25 bis unter 26 Jahre,7515
2025,Mecklenburg-Vorpommern,m,12 bis unter 13 Jahre,7224
2025,Mecklenburg-Vorpommern,m,69 bis unter 70 Jahre,11954
2025,Mecklenburg-Vorpommern,m,56 bis unter 57 Jahre,11196
2025,Mecklenburg-Vorpommern,m,43 bis unter 44 Jahre,11040
2025,Mecklenburg-Vorpommern,m,30 bis unter 31 Jahre,5724
2025,Mecklenburg-Vorpommern,m,74 bis unter 75 Jahre,9711
2025,Mecklenburg-Vorpommern,m,61 bis unter 62 Jahre,14131
2025,Mecklenburg-Vorpommern,m,8 bis unter 9 Jahre,7162
2025,Mecklenburg-Vorpommern,m,4 bis unter 5 Jahre,6219
2025,Mecklenburg-Vorpommern,m,48 bis unter 49 Jahre,10377
2025,Mecklenburg-Vorpommern,m,35 bis unter 36 Jahre,9894
2025,Mecklenburg-Vorpommern,m,22 bis unter 23 Jahre,6989
2025,Mecklenburg-Vorpommern,m,66 bis unter 67 Jahre,13493
2025,Mecklenburg-Vorpommern,m,53 bis unter 54 Jahre,9213
2025,Mecklenburg-Vorpommern,m,80 bis unter 85 Jahre,24125
2025,Mecklenburg-Vorpommern,m,40 bis unter 41 Jahre,10992
2025,Mecklenburg-Vorpommern,m,71 bis unter 72 Jahre,11588
2025,Mecklenburg-Vorpommern,m,18 bis unter 19 Jahre,7606
2025,Mecklenburg-Vorpommern,m,5 bis unter 6 Jahre,6470
2025,Mecklenburg-Vorpommern,m,49 bis unter 50 Jahre,8981
2025,Mecklenburg-Vorpommern,m,36 bis unter 37 Jahre,10482
2025,Mecklenburg-Vorpommern,m,23 bis unter 24 Jahre,7072
2025,Mecklenburg-Vorpommern,m,10 bis unter 11 Jahre,7468
2025,Mecklenburg-Vorpommern,m,67 bis unter 68 Jahre,12596
2025,Mecklenburg-Vorpommern,m,54 bis unter 55 Jahre,10773
2025,Mecklenburg-Vorpommern,m,41 bis unter 42 Jahre,10735
2025,Mecklenburg-Vorpommern,m,72 bis unter 73 Jahre,11027
2025,Mecklenburg-Vorpommern,m,19 bis unter 20 Jahre,7454
2025,Mecklenburg-Vorpommern,m,6 bis unter 7 Jahre,6785
2025,Mecklenburg-Vorpommern,m,28 bis unter 29 Jahre,6919
2025,Mecklenburg-Vorpommern,m,15 bis unter 16 Jahre,7670
2025,Mecklenburg-Vorpommern,m,2 bis unter 3 Jahre,5237
2025,Mecklenburg-Vorpommern,m,59 bis unter 60 Jahre,12896
2025,Mecklenburg-Vorpommern,m,46 bis unter 47 Jahre,10884
2025,Mecklenburg-Vorpommern,m,33 bis unter 34 Jahre,5959
2025,Mecklenburg-Vorpommern,m,20 bis unter 21 Jahre,7137
2025,Mecklenburg-Vorpommern,m,64 bis unter 65 Jahre,14569
2025,Mecklenburg-Vorpommern,m,51 bis unter 52 Jahre,8331
2025,Mecklenburg-Vorpommern,m,75 bis unter 80 Jahre,31636
2025,Mecklenburg-Vorpommern,m,29 bis unter 30 Jahre,6432
2025,Mecklenburg-Vorpommern,m,16 bis unter 17 Jahre,7553
2025,Mecklenburg-Vorpommern,m,3 bis unter 4 Jahre,5646
2025,Mecklenburg-Vorpommern,m,47 bis unter 48 Jahre,10633
2025,Mecklenburg-Vorpommern,m,34 bis unter 35 Jahre,6740
2025,Mecklenburg-Vorpommern,m,21 bis unter 22 Jahre,7454
2025,Mecklenburg-Vorpommern,m,85 bis unter 90 Jahre,18179
2025,Mecklenburg-Vorpommern,m,65 bis unter 66 Jahre,13931
2025,Mecklenburg-Vorpommern,m,52 bis unter 53 Jahre,8492
2025,Mecklenburg-Vorpommern,m,70 bis unter 71 Jahre,11768
2025,Mecklenburg-Vorpommern,m,17 bis unter 18 Jahre,7641
2025,Mecklenburg-Vorpommern,f,42 bis unter 43 Jahre,10472
2025,Mecklenburg-Vorpommern,f,55 bis unter 56 Jahre,10575
2025,Mecklenburg-Vorpommern,f,24 bis unter 25 Jahre,6694
2025,Mecklenburg-Vorpommern,f,11 bis unter 12 Jahre,7148
2025,Mecklenburg-Vorpommern,f,68 bis unter 69 Jahre,13231
2025,Mecklenburg-Vorpommern,f,37 bis unter 38 Jahre,10678
2025,Mecklenburg-Vorpommern,f,6 bis unter 7 Jahre,6514
2025,Mecklenburg-Vorpommern,f,19 bis unter 20 Jahre,6753
2025,Mecklenburg-Vorpommern,f,72 bis unter 73 Jahre,12679
2025,Mecklenburg-Vorpommern,f,85 bis unter 90 Jahre,32882
2025,Mecklenburg-Vorpommern,f,43 bis unter 44 Jahre,10485
2025,Mecklenburg-Vorpommern,f,30 bis unter 31 Jahre,5375
2025,Mecklenburg-Vorpommern,f,12 bis unter 13 Jahre,7060
2025,Mecklenburg-Vorpommern,f,69 bis unter 70 Jahre,13280
2025,Mecklenburg-Vorpommern,f,56 bis unter 57 Jahre,10969
2025,Mecklenburg-Vorpommern,f,25 bis unter 26 Jahre,6776
2025,Mecklenburg-Vorpommern,f,38 bis unter 39 Jahre,11012
2025,Mecklenburg-Vorpommern,f,73 bis unter 74 Jahre,12249
2025,Mecklenburg-Vorpommern,f,7 bis unter 8 Jahre,6776
2025,Mecklenburg-Vorpommern,f,60 bis unter 61 Jahre,13756
2025,Mecklenburg-Vorpommern,f,66 bis unter 67 Jahre,14601
2025,Mecklenburg-Vorpommern,f,40 bis unter 41 Jahre,10653
2025,Mecklenburg-Vorpommern,f,53 bis unter 54 Jahre,8803
2025,Mecklenburg-Vorpommern,f,35 bis unter 36 Jahre,9710
2025,Mecklenburg-Vorpommern,f,22 bis unter 23 Jahre,6529
2025,Mecklenburg-Vorpommern,f,4 bis unter 5 Jahre,6031
2025,Mecklenburg-Vorpommern,f,17 bis unter 18 Jahre,7192
2025,Mecklenburg-Vorpommern,f,70 bis unter 71 Jahre,13314
2025,Mecklenburg-Vorpommern,f,48 bis unter 49 Jahre,9478
2025,Mecklenburg-Vorpommern,f,90 Jahre und mehr,15081
2025,Mecklenburg-Vorpommern,f,54 bis unter 55 Jahre,10206
2025,Mecklenburg-Vorpommern,f,41 bis unter 42 Jahre,10360
2025,Mecklenburg-Vorpommern,f,23 bis unter 24 Jahre,6501
2025,Mecklenburg-Vorpommern,f,36 bis unter 37 Jahre,10126
2025,Mecklenburg-Vorpommern,f,10 bis unter 11 Jahre,7239
2025,Mecklenburg-Vorpommern,f,67 bis unter 68 Jahre,13617
2025,Mecklenburg-Vorpommern,f,5 bis unter 6 Jahre,6045
2025,Mecklenburg-Vorpommern,f,49 bis unter 50 Jahre,8402
2025,Mecklenburg-Vorpommern,f,18 bis unter 19 Jahre,6907
2025,Mecklenburg-Vorpommern,f,71 bis unter 72 Jahre,12940
2025,Mecklenburg-Vorpommern,f,80 bis unter 85 Jahre,34778
2025,Mecklenburg-Vorpommern,f,20 bis unter 21 Jahre,6822
2025,Mecklenburg-Vorpommern,f,64 bis unter 65 Jahre,15224
2025,Mecklenburg-Vorpommern,f,46 bis unter 47 Jahre,9970
2025,Mecklenburg-Vorpommern,f,59 bis unter 60 Jahre,13141
2025,Mecklenburg-Vorpommern,f,33 bis unter 34 Jahre,5769
2025,Mecklenburg-Vorpommern,f,28 bis unter 29 Jahre,6173
2025,Mecklenburg-Vorpommern,f,2 bis unter 3 Jahre,4750
2025,Mecklenburg-Vorpommern,f,15 bis unter 16 Jahre,7373
2025,Mecklenburg-Vorpommern,f,50 bis unter 51 Jahre,7869
2025,Mecklenburg-Vorpommern,f,65 bis unter 66 Jahre,15015
2025,Mecklenburg-Vorpommern,f,52 bis unter 53 Jahre,7981
2025,Mecklenburg-Vorpommern,f,47 bis unter 48 Jahre,9844
2025,Mecklenburg-Vorpommern,f,21 bis unter 22 Jahre,7020
2025,Mecklenburg-Vorpommern,f,34 bis unter 35 Jahre,6544
2025,Mecklenburg-Vorpommern,f,16 bis unter 17 Jahre,7269
2025,Mecklenburg-Vorpommern,f,3 bis unter 4 Jahre,5475
2025,Mecklenburg-Vorpommern,f,51 bis unter 52 Jahre,7760
2025,Mecklenburg-Vorpommern,f,29 bis unter 30 Jahre,5712
2025,Mecklenburg-Vorpommern,f,31 bis unter 32 Jahre,5096
2025,Mecklenburg-Vorpommern,f,unter 1 Jahr,4099
2025,Mecklenburg-Vorpommern,f,13 bis unter 14 Jahre,7040
2025,Mecklenburg-Vorpommern,f,44 bis unter 45 Jahre,10220
2025,Mecklenburg-Vorpommern,f,57 bis unter 58 Jahre,11739
2025,Mecklenburg-Vorpommern,f,39 bis unter 40 Jahre,10703
2025,Mecklenburg-Vorpommern,f,26 bis unter 27 Jahre,6302
2025,Mecklenburg-Vorpommern,f,8 bis unter 9 Jahre,6838
2025,Mecklenburg-Vorpommern,f,61 bis unter 62 Jahre,14361
2025,Mecklenburg-Vorpommern,f,74 bis unter 75 Jahre,11662
2025,Mecklenburg-Vorpommern,f,75 bis unter 80 Jahre,38606
2025,Mecklenburg-Vorpommern,f,32 bis unter 33 Jahre,5308
2025,Mecklenburg-Vorpommern,f,63 bis unter 64 Jahre,15033
2025,Mecklenburg-Vorpommern,f,58 bis unter 59 Jahre,12266
2025,Mecklenburg-Vorpommern,f,1 bis unter 2 Jahre,4539
2025,Mecklenburg-Vorpommern,f,45 bis unter 46 Jahre,10461
2025,Mecklenburg-Vorpommern,f,27 bis unter 28 Jahre,6275
2025,Mecklenburg-Vorpommern,f,14 bis unter 15 Jahre,7128
2025,Mecklenburg-Vorpommern,f,9 bis unter 10 Jahre,7191
2025,Mecklenburg-Vorpommern,f,62 bis unter 63 Jahre,15040
2025,Schleswig-Holstein,m,32 bis unter 33 Jahre,17455
2025,Schleswig-Holstein,m,50 bis unter 51 Jahre,16345
2025,Schleswig-Holstein,m,63 bis unter 64 Jahre,22879
2025,Schleswig-Holstein,m,28 bis unter 29 Jahre,17734
2025,Schleswig-Holstein,m,15 bis unter 16 Jahre,14488
2025,Schleswig-Holstein,m,59 bis unter 60 Jahre,25648
2025,Schleswig-Holstein,m,2 bis unter 3 Jahre,11911
2025,Schleswig-Holstein,m,80 bis unter 85 Jahre,46511
2025,Schleswig-Holstein,m,46 bis unter 47 Jahre,17032
2025,Schleswig-Holstein,m,20 bis unter 21 Jahre,15223
2025,Schleswig-Holstein,m,33 bis unter 34 Jahre,17697
2025,Schleswig-Holstein,m,64 bis unter 65 Jahre,22407
2025,Schleswig-Holstein,m,75 bis unter 80 Jahre,60720
2025,Schleswig-Holstein,m,51 bis unter 52 Jahre,16455
2025,Schleswig-Holstein,m,29 bis unter 30 Jahre,17152
2025,Schleswig-Holstein,m,3 bis unter 4 Jahre,12922
2025,Schleswig-Holstein,m,16 bis unter 17 Jahre,14480
2025,Schleswig-Holstein,m,47 bis unter 48 Jahre,17191
2025,Schleswig-Holstein,m,34 bis unter 35 Jahre,18273
2025,Schleswig-Holstein,m,43 bis unter 44 Jahre,18349
2025,Schleswig-Holstein,m,56 bis unter 57 Jahre,23708
2025,Schleswig-Holstein,m,30 bis unter 31 Jahre,16755
2025,Schleswig-Holstein,m,74 bis unter 75 Jahre,13945
2025,Schleswig-Holstein,m,61 bis unter 62 Jahre,25210
2025,Schleswig-Holstein,m,8 bis unter 9 Jahre,14517
2025,Schleswig-Holstein,m,26 bis unter 27 Jahre,17289
2025,Schleswig-Holstein,m,39 bis unter 40 Jahre,18668
2025,Schleswig-Holstein,m,13 bis unter 14 Jahre,14103
2025,Schleswig-Holstein,m,57 bis unter 58 Jahre,24985
2025,Schleswig-Holstein,m,unter 1 Jahr,10709
2025,Schleswig-Holstein,m,31 bis unter 32 Jahre,17106
2025,Schleswig-Holstein,m,44 bis unter 45 Jahre,18271
2025,Schleswig-Holstein,m,62 bis unter 63 Jahre,24036
2025,Schleswig-Holstein,m,9 bis unter 10 Jahre,14602
2025,Schleswig-Holstein,m,27 bis unter 28 Jahre,17182
2025,Schleswig-Holstein,m,1 bis unter 2 Jahre,11531
2025,Schleswig-Holstein,m,14 bis unter 15 Jahre,13727
2025,Schleswig-Holstein,m,45 bis unter 46 Jahre,18135
2025,Schleswig-Holstein,m,58 bis unter 59 Jahre,25834
2025,Schleswig-Holstein,m,54 bis unter 55 Jahre,20515
2025,Schleswig-Holstein,m,67 bis unter 68 Jahre,18486
2025,Schleswig-Holstein,m,41 bis unter 42 Jahre,17984
2025,Schleswig-Holstein,m,19 bis unter 20 Jahre,15276
2025,Schleswig-Holstein,m,72 bis unter 73 Jahre,14573
2025,Schleswig-Holstein,m,6 bis unter 7 Jahre,13833
2025,Schleswig-Holstein,m,24 bis unter 25 Jahre,15658
2025,Schleswig-Holstein,m,37 bis unter 38 Jahre,19953
2025,Schleswig-Holstein,m,11 bis unter 12 Jahre,14206
2025,Schleswig-Holstein,m,68 bis unter 69 Jahre,17677
2025,Schleswig-Holstein,m,55 bis unter 56 Jahre,21703
2025,Schleswig-Holstein,m,90 Jahre und mehr,10438
2025,Schleswig-Holstein,m,42 bis unter 43 Jahre,18024
2025,Schleswig-Holstein,m,73 bis unter 74 Jahre,14229
2025,Schleswig-Holstein,m,60 bis unter 61 Jahre,24800
2025,Schleswig-Holstein,m,7 bis unter 8 Jahre,14265
2025,Schleswig-Holstein,m,38 bis unter 39 Jahre,19342
2025,Schleswig-Holstein,m,25 bis unter 26 Jahre,16760
2025,Schleswig-Holstein,m,12 bis unter 13 Jahre,13822
2025,Schleswig-Holstein,m,69 bis unter 70 Jahre,16796
2025,Schleswig-Holstein,m,21 bis unter 22 Jahre,15488
2025,Schleswig-Holstein,m,52 bis unter 53 Jahre,16656
2025,Schleswig-Holstein,m,65 bis unter 66 Jahre,20669
2025,Schleswig-Holstein,m,85 bis unter 90 Jahre,34079
2025,Schleswig-Holstein,m,17 bis unter 18 Jahre,14694
2025,Schleswig-Holstein,m,70 bis unter 71 Jahre,15947
2025,Schleswig-Holstein,m,4 bis unter 5 Jahre,13838
2025,Schleswig-Holstein,m,48 bis unter 49 Jahre,16864
2025,Schleswig-Holstein,m,22 bis unter 23 Jahre,15159
2025,Schleswig-Holstein,m,35 bis unter 36 Jahre,19307
2025,Schleswig-Holstein,m,66 bis unter 67 Jahre,19791
2025,Schleswig-Holstein,m,53 bis unter 54 Jahre,18126
2025,Schleswig-Holstein,m,40 bis unter 41 Jahre,17740
2025,Schleswig-Holstein,m,71 bis unter 72 Jahre,15516
2025,Schleswig-Holstein,m,5 bis unter 6 Jahre,13505
2025,Schleswig-Holstein,m,18 bis unter 19 Jahre,15397
2025,Schleswig-Holstein,m,49 bis unter 50 Jahre,16709
2025,Schleswig-Holstein,m,36 bis unter 37 Jahre,19034
2025,Schleswig-Holstein,m,10 bis unter 11 Jahre,14237
2025,Schleswig-Holstein,m,23 bis unter 24 Jahre,15096
2025,Schleswig-Holstein,f,39 bis unter 40 Jahre,18571
2025,Schleswig-Holstein,f,61 bis unter 62 Jahre,25848
2025,Schleswig-Holstein,f,8 bis unter 9 Jahre,13710
2025,Schleswig-Holstein,f,74 bis unter 75 Jahre,16206
2025,Schleswig-Holstein,f,43 bis unter 44 Jahre,19032
2025,Schleswig-Holstein,f,30 bis unter 31 Jahre,15518
2025,Schleswig-Holstein,f,56 bis unter 57 Jahre,24524
2025,Schleswig-Holstein,f,12 bis unter 13 Jahre,13101
2025,Schleswig-Holstein,f,69 bis unter 70 Jahre,18822
2025,Schleswig-Holstein,f,80 bis unter 85 Jahre,62261
2025,Schleswig-Holstein,f,25 bis unter 26 Jahre,15274
2025,Schleswig-Holstein,f,27 bis unter 28 Jahre,15543
2025,Schleswig-Holstein,f,62 bis unter 63 Jahre,25181
2025,Schleswig-Holstein,f,9 bis unter 10 Jahre,14077
2025,Schleswig-Holstein,f,31 bis unter 32 Jahre,15711
2025,Schleswig-Holstein,f,44 bis unter 45 Jahre,18907
2025,Schleswig-Holstein,f,unter 1 Jahr,10031
2025,Schleswig-Holstein,f,57 bis unter 58 Jahre,25909
2025,Schleswig-Holstein,f,26 bis unter 27 Jahre,15323
2025,Schleswig-Holstein,f,13 bis unter 14 Jahre,13285
2025,Schleswig-Holstein,f,6 bis unter 7 Jahre,13095
2025,Schleswig-Holstein,f,72 bis unter 73 Jahre,16660
2025,Schleswig-Holstein,f,19 bis unter 20 Jahre,13758
2025,Schleswig-Holstein,f,41 bis unter 42 Jahre,18184
2025,Schleswig-Holstein,f,54 bis unter 55 Jahre,21639
2025,Schleswig-Holstein,f,10 bis unter 11 Jahre,13564
2025,Schleswig-Holstein,f,67 bis unter 68 Jahre,20037
2025,Schleswig-Holstein,f,23 bis unter 24 Jahre,14080
2025,Schleswig-Holstein,f,49 bis unter 50 Jahre,17749
2025,Schleswig-Holstein,f,36 bis unter 37 Jahre,18371
2025,Schleswig-Holstein,f,38 bis unter 39 Jahre,18643
2025,Schleswig-Holstein,f,60 bis unter 61 Jahre,25971
2025,Schleswig-Holstein,f,7 bis unter 8 Jahre,13611
2025,Schleswig-Holstein,f,73 bis unter 74 Jahre,16374
2025,Schleswig-Holstein,f,42 bis unter 43 Jahre,18340
2025,Schleswig-Holstein,f,68 bis unter 69 Jahre,19884
2025,Schleswig-Holstein,f,55 bis unter 56 Jahre,22280
2025,Schleswig-Holstein,f,24 bis unter 25 Jahre,14446
2025,Schleswig-Holstein,f,11 bis unter 12 Jahre,13884
2025,Schleswig-Holstein,f,37 bis unter 38 Jahre,18981
2025,Schleswig-Holstein,f,4 bis unter 5 Jahre,13047
2025,Schleswig-Holstein,f,17 bis unter 18 Jahre,13945
2025,Schleswig-Holstein,f,70 bis unter 71 Jahre,17996
2025,Schleswig-Holstein,f,52 bis unter 53 Jahre,17548
2025,Schleswig-Holstein,f,65 bis unter 66 Jahre,22360
2025,Schleswig-Holstein,f,21 bis unter 22 Jahre,14045
2025,Schleswig-Holstein,f,47 bis unter 48 Jahre,17750
2025,Schleswig-Holstein,f,34 bis unter 35 Jahre,17601
2025,Schleswig-Holstein,f,3 bis unter 4 Jahre,12237
2025,Schleswig-Holstein,f,5 bis unter 6 Jahre,12961
2025,Schleswig-Holstein,f,71 bis unter 72 Jahre,17829
2025,Schleswig-Holstein,f,18 bis unter 19 Jahre,13775
2025,Schleswig-Holstein,f,40 bis unter 41 Jahre,18155
2025,Schleswig-Holstein,f,66 bis unter 67 Jahre,21675
2025,Schleswig-Holstein,f,53 bis unter 54 Jahre,19203
2025,Schleswig-Holstein,f,22 bis unter 23 Jahre,13945
2025,Schleswig-Holstein,f,35 bis unter 36 Jahre,18799
2025,Schleswig-Holstein,f,48 bis unter 49 Jahre,17606
2025,Schleswig-Holstein,f,28 bis unter 29 Jahre,15774
2025,Schleswig-Holstein,f,15 bis unter 16 Jahre,13635
2025,Schleswig-Holstein,f,50 bis unter 51 Jahre,17327
2025,Schleswig-Holstein,f,63 bis unter 64 Jahre,24145
2025,Schleswig-Holstein,f,90 Jahre und mehr,23731
2025,Schleswig-Holstein,f,45 bis unter 46 Jahre,19138
2025,Schleswig-Holstein,f,32 bis unter 33 Jahre,16455
2025,Schleswig-Holstein,f,1 bis unter 2 Jahre,10899
2025,Schleswig-Holstein,f,75 bis unter 80 Jahre,73188
2025,Schleswig-Holstein,f,58 bis unter 59 Jahre,26532
2025,Schleswig-Holstein,f,14 bis unter 15 Jahre,13092
2025,Schleswig-Holstein,f,16 bis unter 17 Jahre,13386
2025,Schleswig-Holstein,f,29 bis unter 30 Jahre,16050
2025,Schleswig-Holstein,f,64 bis unter 65 Jahre,23478
2025,Schleswig-Holstein,f,51 bis unter 52 Jahre,17251
2025,Schleswig-Holstein,f,20 bis unter 21 Jahre,13913
2025,Schleswig-Holstein,f,33 bis unter 34 Jahre,17009
2025,Schleswig-Holstein,f,85 bis unter 90 Jahre,53351
2025,Schleswig-Holstein,f,46 bis unter 47 Jahre,18155
2025,Schleswig-Holstein,f,2 bis unter 3 Jahre,11323
2025,Schleswig-Holstein,f,59 bis unter 60 Jahre,26448
2025,Rheinland-Pfalz,m,4 bis unter 5 Jahre,20386
2025,Rheinland-Pfalz,m,17 bis unter 18 Jahre,20494
2025,Rheinland-Pfalz,m,70 bis unter 71 Jahre,24179
2025,Rheinland-Pfalz,m,52 bis unter 53 Jahre,23045
2025,Rheinland-Pfalz,m,65 bis unter 66 Jahre,30760
2025,Rheinland-Pfalz,m,21 bis unter 22 Jahre,21425
2025,Rheinland-Pfalz,m,34 bis unter 35 Jahre,27281
2025,Rheinland-Pfalz,m,47 bis unter 48 Jahre,24014
2025,Rheinland-Pfalz,m,49 bis unter 50 Jahre,23194
2025,Rheinland-Pfalz,m,5 bis unter 6 Jahre,20097
2025,Rheinland-Pfalz,m,18 bis unter 19 Jahre,20876
2025,Rheinland-Pfalz,m,71 bis unter 72 Jahre,23437
2025,Rheinland-Pfalz,m,40 bis unter 41 Jahre,26306
2025,Rheinland-Pfalz,m,53 bis unter 54 Jahre,24772
2025,Rheinland-Pfalz,m,66 bis unter 67 Jahre,29690
2025,Rheinland-Pfalz,m,22 bis unter 23 Jahre,21215
2025,Rheinland-Pfalz,m,35 bis unter 36 Jahre,28535
2025,Rheinland-Pfalz,m,48 bis unter 49 Jahre,23479
2025,Rheinland-Pfalz,m,6 bis unter 7 Jahre,20108
2025,Rheinland-Pfalz,m,19 bis unter 20 Jahre,20409
2025,Rheinland-Pfalz,m,72 bis unter 73 Jahre,21992
2025,Rheinland-Pfalz,m,41 bis unter 42 Jahre,26289
2025,Rheinland-Pfalz,m,54 bis unter 55 Jahre,27269
2025,Rheinland-Pfalz,m,67 bis unter 68 Jahre,27538
2025,Rheinland-Pfalz,m,10 bis unter 11 Jahre,20404
2025,Rheinland-Pfalz,m,23 bis unter 24 Jahre,21457
2025,Rheinland-Pfalz,m,36 bis unter 37 Jahre,28001
2025,Rheinland-Pfalz,m,38 bis unter 39 Jahre,27735
2025,Rheinland-Pfalz,m,7 bis unter 8 Jahre,20587
2025,Rheinland-Pfalz,m,60 bis unter 61 Jahre,33908
2025,Rheinland-Pfalz,m,73 bis unter 74 Jahre,21803
2025,Rheinland-Pfalz,m,42 bis unter 43 Jahre,26094
2025,Rheinland-Pfalz,m,55 bis unter 56 Jahre,28581
2025,Rheinland-Pfalz,m,68 bis unter 69 Jahre,27188
2025,Rheinland-Pfalz,m,11 bis unter 12 Jahre,20251
2025,Rheinland-Pfalz,m,24 bis unter 25 Jahre,22403
2025,Rheinland-Pfalz,m,37 bis unter 38 Jahre,28829
2025,Rheinland-Pfalz,m,26 bis unter 27 Jahre,24248
2025,Rheinland-Pfalz,m,39 bis unter 40 Jahre,27375
2025,Rheinland-Pfalz,m,8 bis unter 9 Jahre,21164
2025,Rheinland-Pfalz,m,61 bis unter 62 Jahre,34324
2025,Rheinland-Pfalz,m,74 bis unter 75 Jahre,20790
2025,Rheinland-Pfalz,m,30 bis unter 31 Jahre,24999
2025,Rheinland-Pfalz,m,43 bis unter 44 Jahre,26540
2025,Rheinland-Pfalz,m,56 bis unter 57 Jahre,30989
2025,Rheinland-Pfalz,m,69 bis unter 70 Jahre,25699
2025,Rheinland-Pfalz,m,12 bis unter 13 Jahre,19465
2025,Rheinland-Pfalz,m,25 bis unter 26 Jahre,24011
2025,Rheinland-Pfalz,m,80 bis unter 85 Jahre,52746
2025,Rheinland-Pfalz,m,27 bis unter 28 Jahre,25032
2025,Rheinland-Pfalz,m,9 bis unter 10 Jahre,21300
2025,Rheinland-Pfalz,m,62 bis unter 63 Jahre,34235
2025,Rheinland-Pfalz,m,75 bis unter 80 Jahre,80913
2025,Rheinland-Pfalz,m,31 bis unter 32 Jahre,25298
2025,Rheinland-Pfalz,m,44 bis unter 45 Jahre,26385
2025,Rheinland-Pfalz,m,57 bis unter 58 Jahre,32882
2025,Rheinland-Pfalz,m,unter 1 Jahr,16666
2025,Rheinland-Pfalz,m,13 bis unter 14 Jahre,19411
2025,Rheinland-Pfalz,m,15 bis unter 16 Jahre,19730
2025,Rheinland-Pfalz,m,28 bis unter 29 Jahre,25855
2025,Rheinland-Pfalz,m,85 bis unter 90 Jahre,41165
2025,Rheinland-Pfalz,m,50 bis unter 51 Jahre,22653
2025,Rheinland-Pfalz,m,63 bis unter 64 Jahre,32988
2025,Rheinland-Pfalz,m,90 Jahre und mehr,14071
2025,Rheinland-Pfalz,m,32 bis unter 33 Jahre,26595
2025,Rheinland-Pfalz,m,45 bis unter 46 Jahre,25463
2025,Rheinland-Pfalz,m,58 bis unter 59 Jahre,32976
2025,Rheinland-Pfalz,m,1 bis unter 2 Jahre,17492
2025,Rheinland-Pfalz,m,14 bis unter 15 Jahre,19322
2025,Rheinland-Pfalz,m,3 bis unter 4 Jahre,19372
2025,Rheinland-Pfalz,m,16 bis unter 17 Jahre,19570
2025,Rheinland-Pfalz,m,29 bis unter 30 Jahre,25384
2025,Rheinland-Pfalz,m,51 bis unter 52 Jahre,22590
2025,Rheinland-Pfalz,m,64 bis unter 65 Jahre,32576
2025,Rheinland-Pfalz,m,20 bis unter 21 Jahre,20616
2025,Rheinland-Pfalz,m,33 bis unter 34 Jahre,26718
2025,Rheinland-Pfalz,m,46 bis unter 47 Jahre,24594
2025,Rheinland-Pfalz,m,59 bis unter 60 Jahre,34493
2025,Rheinland-Pfalz,m,2 bis unter 3 Jahre,18067
2025,Rheinland-Pfalz,f,64 bis unter 65 Jahre,33661
2025,Rheinland-Pfalz,f,51 bis unter 52 Jahre,23515
2025,Rheinland-Pfalz,f,33 bis unter 34 Jahre,25171
2025,Rheinland-Pfalz,f,20 bis unter 21 Jahre,19145
2025,Rheinland-Pfalz,f,15 bis unter 16 Jahre,18459
2025,Rheinland-Pfalz,f,2 bis unter 3 Jahre,17527
2025,Rheinland-Pfalz,f,59 bis unter 60 Jahre,34292
2025,Rheinland-Pfalz,f,46 bis unter 47 Jahre,24614
2025,Rheinland-Pfalz,f,28 bis unter 29 Jahre,22922
2025,Rheinland-Pfalz,f,63 bis unter 64 Jahre,33727
2025,Rheinland-Pfalz,f,50 bis unter 51 Jahre,23177
2025,Rheinland-Pfalz,f,45 bis unter 46 Jahre,25952
2025,Rheinland-Pfalz,f,32 bis unter 33 Jahre,24342
2025,Rheinland-Pfalz,f,14 bis unter 15 Jahre,18221
2025,Rheinland-Pfalz,f,58 bis unter 59 Jahre,33585
2025,Rheinland-Pfalz,f,1 bis unter 2 Jahre,16776
2025,Rheinland-Pfalz,f,27 bis unter 28 Jahre,22424
2025,Rheinland-Pfalz,f,40 bis unter 41 Jahre,25346
2025,Rheinland-Pfalz,f,22 bis unter 23 Jahre,19275
2025,Rheinland-Pfalz,f,66 bis unter 67 Jahre,31055
2025,Rheinland-Pfalz,f,53 bis unter 54 Jahre,25929
2025,Rheinland-Pfalz,f,48 bis unter 49 Jahre,24196
2025,Rheinland-Pfalz,f,35 bis unter 36 Jahre,26957
2025,Rheinland-Pfalz,f,70 bis unter 71 Jahre,26467
2025,Rheinland-Pfalz,f,17 bis unter 18 Jahre,18764
2025,Rheinland-Pfalz,f,4 bis unter 5 Jahre,19706
2025,Rheinland-Pfalz,f,52 bis unter 53 Jahre,23578
2025,Rheinland-Pfalz,f,21 bis unter 22 Jahre,19491
2025,Rheinland-Pfalz,f,65 bis unter 66 Jahre,32622
2025,Rheinland-Pfalz,f,3 bis unter 4 Jahre,18463
2025,Rheinland-Pfalz,f,47 bis unter 48 Jahre,24186
2025,Rheinland-Pfalz,f,34 bis unter 35 Jahre,25581
2025,Rheinland-Pfalz,f,29 bis unter 30 Jahre,22775
2025,Rheinland-Pfalz,f,16 bis unter 17 Jahre,18125
2025,Rheinland-Pfalz,f,73 bis unter 74 Jahre,24183
2025,Rheinland-Pfalz,f,68 bis unter 69 Jahre,28564
2025,Rheinland-Pfalz,f,55 bis unter 56 Jahre,29238
2025,Rheinland-Pfalz,f,42 bis unter 43 Jahre,25574
2025,Rheinland-Pfalz,f,37 bis unter 38 Jahre,27141
2025,Rheinland-Pfalz,f,24 bis unter 25 Jahre,20250
2025,Rheinland-Pfalz,f,11 bis unter 12 Jahre,19285
2025,Rheinland-Pfalz,f,19 bis unter 20 Jahre,18437
2025,Rheinland-Pfalz,f,6 bis unter 7 Jahre,19333
2025,Rheinland-Pfalz,f,41 bis unter 42 Jahre,25446
2025,Rheinland-Pfalz,f,72 bis unter 73 Jahre,24853
2025,Rheinland-Pfalz,f,10 bis unter 11 Jahre,19369
2025,Rheinland-Pfalz,f,67 bis unter 68 Jahre,29196
2025,Rheinland-Pfalz,f,54 bis unter 55 Jahre,28177
2025,Rheinland-Pfalz,f,49 bis unter 50 Jahre,23410
2025,Rheinland-Pfalz,f,36 bis unter 37 Jahre,26405
2025,Rheinland-Pfalz,f,23 bis unter 24 Jahre,19820
2025,Rheinland-Pfalz,f,71 bis unter 72 Jahre,25732
2025,Rheinland-Pfalz,f,18 bis unter 19 Jahre,18779
2025,Rheinland-Pfalz,f,5 bis unter 6 Jahre,19321
2025,Rheinland-Pfalz,f,90 Jahre und mehr,32057
2025,Rheinland-Pfalz,f,9 bis unter 10 Jahre,20148
2025,Rheinland-Pfalz,f,62 bis unter 63 Jahre,34497
2025,Rheinland-Pfalz,f,85 bis unter 90 Jahre,66776
2025,Rheinland-Pfalz,f,44 bis unter 45 Jahre,26295
2025,Rheinland-Pfalz,f,31 bis unter 32 Jahre,23304
2025,Rheinland-Pfalz,f,26 bis unter 27 Jahre,21794
2025,Rheinland-Pfalz,f,13 bis unter 14 Jahre,18156
2025,Rheinland-Pfalz,f,57 bis unter 58 Jahre,32734
2025,Rheinland-Pfalz,f,unter 1 Jahr,15706
2025,Rheinland-Pfalz,f,39 bis unter 40 Jahre,26372
2025,Rheinland-Pfalz,f,74 bis unter 75 Jahre,23394
2025,Rheinland-Pfalz,f,8 bis unter 9 Jahre,19848
2025,Rheinland-Pfalz,f,61 bis unter 62 Jahre,34885
2025,Rheinland-Pfalz,f,56 bis unter 57 Jahre,31270
2025,Rheinland-Pfalz,f,80 bis unter 85 Jahre,70774
2025,Rheinland-Pfalz,f,43 bis unter 44 Jahre,26088
2025,Rheinland-Pfalz,f,30 bis unter 31 Jahre,22437
2025,Rheinland-Pfalz,f,75 bis unter 80 Jahre,94592
2025,Rheinland-Pfalz,f,38 bis unter 39 Jahre,26804
2025,Rheinland-Pfalz,f,25 bis unter 26 Jahre,21656
2025,Rheinland-Pfalz,f,12 bis unter 13 Jahre,18668
2025,Rheinland-Pfalz,f,69 bis unter 70 Jahre,27569
2025,Rheinland-Pfalz,f,7 bis unter 8 Jahre,19722
2025,Rheinland-Pfalz,f,60 bis unter 61 Jahre,34144
2025,Sachsen,m,19 bis unter 20 Jahre,19749
2025,Sachsen,m,72 bis unter 73 Jahre,24010
2025,Sachsen,m,6 bis unter 7 Jahre,18195
2025,Sachsen,m,24 bis unter 25 Jahre,21170
2025,Sachsen,m,11 bis unter 12 Jahre,20264
2025,Sachsen,m,37 bis unter 38 Jahre,29470
2025,Sachsen,m,42 bis unter 43 Jahre,28566
2025,Sachsen,m,68 bis unter 69 Jahre,25047
2025,Sachsen,m,55 bis unter 56 Jahre,28252
2025,Sachsen,m,40 bis unter 41 Jahre,29020
2025,Sachsen,m,5 bis unter 6 Jahre,17466
2025,Sachsen,m,18 bis unter 19 Jahre,19993
2025,Sachsen,m,80 bis unter 85 Jahre,71373
2025,Sachsen,m,71 bis unter 72 Jahre,24476
2025,Sachsen,m,23 bis unter 24 Jahre,20268
2025,Sachsen,m,49 bis unter 50 Jahre,23829
2025,Sachsen,m,36 bis unter 37 Jahre,28762
2025,Sachsen,m,75 bis unter 80 Jahre,80540
2025,Sachsen,m,54 bis unter 55 Jahre,28705
2025,Sachsen,m,41 bis unter 42 Jahre,28351
2025,Sachsen,m,10 bis unter 11 Jahre,20221
2025,Sachsen,m,67 bis unter 68 Jahre,25371
2025,Sachsen,m,61 bis unter 62 Jahre,31278
2025,Sachsen,m,8 bis unter 9 Jahre,19800
2025,Sachsen,m,74 bis unter 75 Jahre,23778
2025,Sachsen,m,39 bis unter 40 Jahre,28739
2025,Sachsen,m,57 bis unter 58 Jahre,28190
2025,Sachsen,m,unter 1 Jahr,11792
2025,Sachsen,m,26 bis unter 27 Jahre,21739
2025,Sachsen,m,13 bis unter 14 Jahre,19806
2025,Sachsen,m,31 bis unter 32 Jahre,17570
2025,Sachsen,m,85 bis unter 90 Jahre,52373
2025,Sachsen,m,44 bis unter 45 Jahre,28185
2025,Sachsen,m,73 bis unter 74 Jahre,24029
2025,Sachsen,m,60 bis unter 61 Jahre,30708
2025,Sachsen,m,38 bis unter 39 Jahre,29986
2025,Sachsen,m,7 bis unter 8 Jahre,19067
2025,Sachsen,m,12 bis unter 13 Jahre,19902
2025,Sachsen,m,69 bis unter 70 Jahre,25158
2025,Sachsen,m,25 bis unter 26 Jahre,22355
2025,Sachsen,m,43 bis unter 44 Jahre,29073
2025,Sachsen,m,30 bis unter 31 Jahre,18248
2025,Sachsen,m,56 bis unter 57 Jahre,27897
2025,Sachsen,m,50 bis unter 51 Jahre,22785
2025,Sachsen,m,63 bis unter 64 Jahre,30965
2025,Sachsen,m,28 bis unter 29 Jahre,20703
2025,Sachsen,m,15 bis unter 16 Jahre,19943
2025,Sachsen,m,46 bis unter 47 Jahre,27857
2025,Sachsen,m,59 bis unter 60 Jahre,29877
2025,Sachsen,m,2 bis unter 3 Jahre,13651
2025,Sachsen,m,20 bis unter 21 Jahre,20524
2025,Sachsen,m,33 bis unter 34 Jahre,17908
2025,Sachsen,m,9 bis unter 10 Jahre,20342
2025,Sachsen,m,62 bis unter 63 Jahre,31657
2025,Sachsen,m,27 bis unter 28 Jahre,20874
2025,Sachsen,m,90 Jahre und mehr,17516
2025,Sachsen,m,58 bis unter 59 Jahre,28749
2025,Sachsen,m,1 bis unter 2 Jahre,12750
2025,Sachsen,m,14 bis unter 15 Jahre,19816
2025,Sachsen,m,45 bis unter 46 Jahre,28847
2025,Sachsen,m,32 bis unter 33 Jahre,17762
2025,Sachsen,m,52 bis unter 53 Jahre,22587
2025,Sachsen,m,4 bis unter 5 Jahre,17163
2025,Sachsen,m,17 bis unter 18 Jahre,20182
2025,Sachsen,m,70 bis unter 71 Jahre,25303
2025,Sachsen,m,35 bis unter 36 Jahre,27551
2025,Sachsen,m,48 bis unter 49 Jahre,26757
2025,Sachsen,m,66 bis unter 67 Jahre,28030
2025,Sachsen,m,53 bis unter 54 Jahre,24789
2025,Sachsen,m,22 bis unter 23 Jahre,20430
2025,Sachsen,m,64 bis unter 65 Jahre,30285
2025,Sachsen,m,51 bis unter 52 Jahre,22537
2025,Sachsen,m,16 bis unter 17 Jahre,19855
2025,Sachsen,m,29 bis unter 30 Jahre,19699
2025,Sachsen,m,47 bis unter 48 Jahre,27522
2025,Sachsen,m,34 bis unter 35 Jahre,20131
2025,Sachsen,m,3 bis unter 4 Jahre,15257
2025,Sachsen,m,65 bis unter 66 Jahre,28709
2025,Sachsen,m,21 bis unter 22 Jahre,20867
2025,Sachsen,f,35 bis unter 36 Jahre,25852
2025,Sachsen,f,48 bis unter 49 Jahre,24361
2025,Sachsen,f,4 bis unter 5 Jahre,16085
2025,Sachsen,f,70 bis unter 71 Jahre,29268
2025,Sachsen,f,17 bis unter 18 Jahre,18634
2025,Sachsen,f,52 bis unter 53 Jahre,20325
2025,Sachsen,f,65 bis unter 66 Jahre,30747
2025,Sachsen,f,21 bis unter 22 Jahre,19393
2025,Sachsen,f,34 bis unter 35 Jahre,18670
2025,Sachsen,f,47 bis unter 48 Jahre,25110
2025,Sachsen,f,3 bis unter 4 Jahre,14544
2025,Sachsen,f,16 bis unter 17 Jahre,18248
2025,Sachsen,f,29 bis unter 30 Jahre,17525
2025,Sachsen,f,51 bis unter 52 Jahre,20229
2025,Sachsen,f,64 bis unter 65 Jahre,31964
2025,Sachsen,f,20 bis unter 21 Jahre,19134
2025,Sachsen,f,33 bis unter 34 Jahre,16454
2025,Sachsen,f,24 bis unter 25 Jahre,18970
2025,Sachsen,f,37 bis unter 38 Jahre,27832
2025,Sachsen,f,6 bis unter 7 Jahre,17398
2025,Sachsen,f,19 bis unter 20 Jahre,18251
2025,Sachsen,f,72 bis unter 73 Jahre,29055
2025,Sachsen,f,41 bis unter 42 Jahre,26835
2025,Sachsen,f,85 bis unter 90 Jahre,88387
2025,Sachsen,f,54 bis unter 55 Jahre,25924
2025,Sachsen,f,67 bis unter 68 Jahre,28272
2025,Sachsen,f,10 bis unter 11 Jahre,19008
2025,Sachsen,f,23 bis unter 24 Jahre,18860
2025,Sachsen,f,75 bis unter 80 Jahre,105121
2025,Sachsen,f,36 bis unter 37 Jahre,26703
2025,Sachsen,f,49 bis unter 50 Jahre,21889
2025,Sachsen,f,5 bis unter 6 Jahre,16646
2025,Sachsen,f,18 bis unter 19 Jahre,18293
2025,Sachsen,f,71 bis unter 72 Jahre,29077
2025,Sachsen,f,80 bis unter 85 Jahre,104454
2025,Sachsen,f,40 bis unter 41 Jahre,27222
2025,Sachsen,f,53 bis unter 54 Jahre,22198
2025,Sachsen,f,66 bis unter 67 Jahre,30567
2025,Sachsen,f,22 bis unter 23 Jahre,18584
2025,Sachsen,f,unter 1 Jahr,11293
2025,Sachsen,f,13 bis unter 14 Jahre,18928
2025,Sachsen,f,26 bis unter 27 Jahre,19137
2025,Sachsen,f,39 bis unter 40 Jahre,27399
2025,Sachsen,f,8 bis unter 9 Jahre,18893
2025,Sachsen,f,61 bis unter 62 Jahre,32128
2025,Sachsen,f,74 bis unter 75 Jahre,29718
2025,Sachsen,f,30 bis unter 31 Jahre,16233
2025,Sachsen,f,43 bis unter 44 Jahre,26699
2025,Sachsen,f,56 bis unter 57 Jahre,26369
2025,Sachsen,f,69 bis unter 70 Jahre,28494
2025,Sachsen,f,12 bis unter 13 Jahre,18503
2025,Sachsen,f,25 bis unter 26 Jahre,19689
2025,Sachsen,f,38 bis unter 39 Jahre,28388
2025,Sachsen,f,60 bis unter 61 Jahre,30428
2025,Sachsen,f,7 bis unter 8 Jahre,18118
2025,Sachsen,f,73 bis unter 74 Jahre,28984
2025,Sachsen,f,90 Jahre und mehr,41723
2025,Sachsen,f,42 bis unter 43 Jahre,26912
2025,Sachsen,f,55 bis unter 56 Jahre,25987
2025,Sachsen,f,68 bis unter 69 Jahre,28105
2025,Sachsen,f,11 bis unter 12 Jahre,19267
2025,Sachsen,f,46 bis unter 47 Jahre,25132
2025,Sachsen,f,59 bis unter 60 Jahre,29431
2025,Sachsen,f,2 bis unter 3 Jahre,12883
2025,Sachsen,f,15 bis unter 16 Jahre,19075
2025,Sachsen,f,28 bis unter 29 Jahre,18261
2025,Sachsen,f,50 bis unter 51 Jahre,20690
2025,Sachsen,f,63 bis unter 64 Jahre,31710
2025,Sachsen,f,32 bis unter 33 Jahre,15842
2025,Sachsen,f,45 bis unter 46 Jahre,26391
2025,Sachsen,f,58 bis unter 59 Jahre,27597
2025,Sachsen,f,1 bis unter 2 Jahre,12090
2025,Sachsen,f,14 bis unter 15 Jahre,18562
2025,Sachsen,f,27 bis unter 28 Jahre,18680
2025,Sachsen,f,9 bis unter 10 Jahre,19477
2025,Sachsen,f,62 bis unter 63 Jahre,32128
2025,Sachsen,f,31 bis unter 32 Jahre,15616
2025,Sachsen,f,44 bis unter 45 Jahre,25830
2025,Sachsen,f,57 bis unter 58 Jahre,26769
2025,Hamburg,m,25 bis unter 26 Jahre,13361
2025,Hamburg,m,38 bis unter 39 Jahre,14735
2025,Hamburg,m,43 bis unter 44 Jahre,13221
2025,Hamburg,m,56 bis unter 57 Jahre,12695
2025,Hamburg,m,69 bis unter 70 Jahre,7685
2025,Hamburg,m,12 bis unter 13 Jahre,8712
2025,Hamburg,m,74 bis unter 75 Jahre,5929
2025,Hamburg,m,30 bis unter 31 Jahre,15111
2025,Hamburg,m,8 bis unter 9 Jahre,9499
2025,Hamburg,m,61 bis unter 62 Jahre,12701
2025,Hamburg,m,24 bis unter 25 Jahre,11942
2025,Hamburg,m,37 bis unter 38 Jahre,15112
2025,Hamburg,m,90 Jahre und mehr,5179
2025,Hamburg,m,55 bis unter 56 Jahre,12261
2025,Hamburg,m,68 bis unter 69 Jahre,8162
2025,Hamburg,m,11 bis unter 12 Jahre,9134
2025,Hamburg,m,73 bis unter 74 Jahre,6260
2025,Hamburg,m,42 bis unter 43 Jahre,13273
2025,Hamburg,m,7 bis unter 8 Jahre,9408
2025,Hamburg,m,60 bis unter 61 Jahre,12716
2025,Hamburg,m,1 bis unter 2 Jahre,8778
2025,Hamburg,m,14 bis unter 15 Jahre,8494
2025,Hamburg,m,27 bis unter 28 Jahre,14969
2025,Hamburg,m,32 bis unter 33 Jahre,15027
2025,Hamburg,m,45 bis unter 46 Jahre,13075
2025,Hamburg,m,58 bis unter 59 Jahre,13322
2025,Hamburg,m,50 bis unter 51 Jahre,11358
2025,Hamburg,m,63 bis unter 64 Jahre,11052
2025,Hamburg,m,28 bis unter 29 Jahre,15769
2025,Hamburg,m,13 bis unter 14 Jahre,8821
2025,Hamburg,m,26 bis unter 27 Jahre,14235
2025,Hamburg,m,39 bis unter 40 Jahre,14018
2025,Hamburg,m,31 bis unter 32 Jahre,15193
2025,Hamburg,m,44 bis unter 45 Jahre,13058
2025,Hamburg,m,57 bis unter 58 Jahre,13565
2025,Hamburg,m,unter 1 Jahr,8600
2025,Hamburg,m,9 bis unter 10 Jahre,9420
2025,Hamburg,m,62 bis unter 63 Jahre,11894
2025,Hamburg,m,47 bis unter 48 Jahre,12251
2025,Hamburg,m,3 bis unter 4 Jahre,9098
2025,Hamburg,m,16 bis unter 17 Jahre,8710
2025,Hamburg,m,21 bis unter 22 Jahre,10488
2025,Hamburg,m,34 bis unter 35 Jahre,14939
2025,Hamburg,m,52 bis unter 53 Jahre,10919
2025,Hamburg,m,65 bis unter 66 Jahre,10030
2025,Hamburg,m,17 bis unter 18 Jahre,9130
2025,Hamburg,m,70 bis unter 71 Jahre,7108
2025,Hamburg,m,59 bis unter 60 Jahre,13321
2025,Hamburg,m,2 bis unter 3 Jahre,8910
2025,Hamburg,m,15 bis unter 16 Jahre,8734
2025,Hamburg,m,20 bis unter 21 Jahre,10142
2025,Hamburg,m,33 bis unter 34 Jahre,15040
2025,Hamburg,m,46 bis unter 47 Jahre,12470
2025,Hamburg,m,51 bis unter 52 Jahre,11466
2025,Hamburg,m,64 bis unter 65 Jahre,10456
2025,Hamburg,m,29 bis unter 30 Jahre,15492
2025,Hamburg,m,36 bis unter 37 Jahre,15332
2025,Hamburg,m,49 bis unter 50 Jahre,11828
2025,Hamburg,m,67 bis unter 68 Jahre,8594
2025,Hamburg,m,10 bis unter 11 Jahre,9249
2025,Hamburg,m,23 bis unter 24 Jahre,11145
2025,Hamburg,m,85 bis unter 90 Jahre,15471
2025,Hamburg,m,41 bis unter 42 Jahre,13509
2025,Hamburg,m,54 bis unter 55 Jahre,12006
2025,Hamburg,m,6 bis unter 7 Jahre,9256
2025,Hamburg,m,19 bis unter 20 Jahre,9749
2025,Hamburg,m,72 bis unter 73 Jahre,6242
2025,Hamburg,m,48 bis unter 49 Jahre,12079
2025,Hamburg,m,4 bis unter 5 Jahre,9435
2025,Hamburg,m,66 bis unter 67 Jahre,9162
2025,Hamburg,m,22 bis unter 23 Jahre,10665
2025,Hamburg,m,35 bis unter 36 Jahre,15669
2025,Hamburg,m,80 bis unter 85 Jahre,22095
2025,Hamburg,m,40 bis unter 41 Jahre,13722
2025,Hamburg,m,53 bis unter 54 Jahre,11442
2025,Hamburg,m,5 bis unter 6 Jahre,9181
2025,Hamburg,m,18 bis unter 19 Jahre,9470
2025,Hamburg,m,71 bis unter 72 Jahre,6741
2025,Hamburg,m,75 bis unter 80 Jahre,27226
2025,Hamburg,f,72 bis unter 73 Jahre,7838
2025,Hamburg,f,19 bis unter 20 Jahre,8903
2025,Hamburg,f,6 bis unter 7 Jahre,8675
2025,Hamburg,f,37 bis unter 38 Jahre,14808
2025,Hamburg,f,24 bis unter 25 Jahre,12524
2025,Hamburg,f,11 bis unter 12 Jahre,8654
2025,Hamburg,f,68 bis unter 69 Jahre,9187
2025,Hamburg,f,55 bis unter 56 Jahre,12251
2025,Hamburg,f,42 bis unter 43 Jahre,13463
2025,Hamburg,f,73 bis unter 74 Jahre,7751
2025,Hamburg,f,7 bis unter 8 Jahre,8661
2025,Hamburg,f,60 bis unter 61 Jahre,12880
2025,Hamburg,f,90 Jahre und mehr,13064
2025,Hamburg,f,38 bis unter 39 Jahre,14303
2025,Hamburg,f,25 bis unter 26 Jahre,13699
2025,Hamburg,f,12 bis unter 13 Jahre,8148
2025,Hamburg,f,69 bis unter 70 Jahre,8727
2025,Hamburg,f,56 bis unter 57 Jahre,12470
2025,Hamburg,f,43 bis unter 44 Jahre,13459
2025,Hamburg,f,30 bis unter 31 Jahre,14767
2025,Hamburg,f,74 bis unter 75 Jahre,7486
2025,Hamburg,f,70 bis unter 71 Jahre,8178
2025,Hamburg,f,17 bis unter 18 Jahre,8208
2025,Hamburg,f,4 bis unter 5 Jahre,8963
2025,Hamburg,f,48 bis unter 49 Jahre,12069
2025,Hamburg,f,35 bis unter 36 Jahre,15417
2025,Hamburg,f,22 bis unter 23 Jahre,10961
2025,Hamburg,f,66 bis unter 67 Jahre,10361
2025,Hamburg,f,53 bis unter 54 Jahre,11451
2025,Hamburg,f,85 bis unter 90 Jahre,26377
2025,Hamburg,f,40 bis unter 41 Jahre,13837
2025,Hamburg,f,71 bis unter 72 Jahre,8116
2025,Hamburg,f,18 bis unter 19 Jahre,8318
2025,Hamburg,f,5 bis unter 6 Jahre,8503
2025,Hamburg,f,49 bis unter 50 Jahre,12038
2025,Hamburg,f,36 bis unter 37 Jahre,14770
2025,Hamburg,f,23 bis unter 24 Jahre,11519
2025,Hamburg,f,10 bis unter 11 Jahre,8632
2025,Hamburg,f,67 bis unter 68 Jahre,9721
2025,Hamburg,f,54 bis unter 55 Jahre,12039
2025,Hamburg,f,41 bis unter 42 Jahre,13418
2025,Hamburg,f,50 bis unter 51 Jahre,11318
2025,Hamburg,f,28 bis unter 29 Jahre,15910
2025,Hamburg,f,15 bis unter 16 Jahre,8091
2025,Hamburg,f,59 bis unter 60 Jahre,13374
2025,Hamburg,f,2 bis unter 3 Jahre,8534
2025,Hamburg,f,46 bis unter 47 Jahre,12721
2025,Hamburg,f,33 bis unter 34 Jahre,14461
2025,Hamburg,f,20 bis unter 21 Jahre,9703
2025,Hamburg,f,64 bis unter 65 Jahre,11239
2025,Hamburg,f,51 bis unter 52 Jahre,11266
2025,Hamburg,f,29 bis unter 30 Jahre,15386
2025,Hamburg,f,80 bis unter 85 Jahre,30887
2025,Hamburg,f,16 bis unter 17 Jahre,7871
2025,Hamburg,f,3 bis unter 4 Jahre,8558
2025,Hamburg,f,47 bis unter 48 Jahre,12277
2025,Hamburg,f,75 bis unter 80 Jahre,35266
2025,Hamburg,f,34 bis unter 35 Jahre,14754
2025,Hamburg,f,21 bis unter 22 Jahre,10459
2025,Hamburg,f,65 bis unter 66 Jahre,10767
2025,Hamburg,f,52 bis unter 53 Jahre,11236
2025,Hamburg,f,8 bis unter 9 Jahre,8875
2025,Hamburg,f,61 bis unter 62 Jahre,12833
2025,Hamburg,f,39 bis unter 40 Jahre,13961
2025,Hamburg,f,26 bis unter 27 Jahre,14368
2025,Hamburg,f,13 bis unter 14 Jahre,8084
2025,Hamburg,f,57 bis unter 58 Jahre,13339
2025,Hamburg,f,unter 1 Jahr,8293
2025,Hamburg,f,44 bis unter 45 Jahre,13818
2025,Hamburg,f,31 bis unter 32 Jahre,15073
2025,Hamburg,f,9 bis unter 10 Jahre,9142
2025,Hamburg,f,62 bis unter 63 Jahre,12307
2025,Hamburg,f,27 bis unter 28 Jahre,15416
2025,Hamburg,f,14 bis unter 15 Jahre,7925
2025,Hamburg,f,58 bis unter 59 Jahre,13176
2025,Hamburg,f,1 bis unter 2 Jahre,8438
2025,Hamburg,f,45 bis unter 46 Jahre,13530
2025,Hamburg,f,32 bis unter 33 Jahre,14997
2025,Hamburg,f,63 bis unter 64 Jahre,11490
2025,Bremen,m,29 bis unter 30 Jahre,5688
2025,Bremen,m,16 bis unter 17 Jahre,3461
2025,Bremen,m,3 bis unter 4 Jahre,3317
2025,Bremen,m,47 bis unter 48 Jahre,4179
2025,Bremen,m,46 bis unter 47 Jahre,4260
2025,Bremen,m,33 bis unter 34 Jahre,5270
2025,Bremen,m,20 bis unter 21 Jahre,4336
2025,Bremen,m,64 bis unter 65 Jahre,4410
2025,Bremen,m,51 bis unter 52 Jahre,3959
2025,Bremen,m,80 bis unter 85 Jahre,9054
2025,Bremen,m,28 bis unter 29 Jahre,5864
2025,Bremen,m,15 bis unter 16 Jahre,3315
2025,Bremen,m,2 bis unter 3 Jahre,3287
2025,Bremen,m,59 bis unter 60 Jahre,5163
2025,Bremen,m,58 bis unter 59 Jahre,5025
2025,Bremen,m,45 bis unter 46 Jahre,4483
2025,Bremen,m,32 bis unter 33 Jahre,5332
2025,Bremen,m,63 bis unter 64 Jahre,4652
2025,Bremen,m,50 bis unter 51 Jahre,3953
2025,Bremen,m,27 bis unter 28 Jahre,6085
2025,Bremen,m,14 bis unter 15 Jahre,3320
2025,Bremen,m,1 bis unter 2 Jahre,3131
2025,Bremen,m,unter 1 Jahr,2986
2025,Bremen,m,57 bis unter 58 Jahre,5073
2025,Bremen,m,44 bis unter 45 Jahre,4426
2025,Bremen,m,31 bis unter 32 Jahre,5429
2025,Bremen,m,9 bis unter 10 Jahre,3660
2025,Bremen,m,62 bis unter 63 Jahre,4629
2025,Bremen,m,8 bis unter 9 Jahre,3776
2025,Bremen,m,61 bis unter 62 Jahre,4958
2025,Bremen,m,39 bis unter 40 Jahre,4826
2025,Bremen,m,26 bis unter 27 Jahre,5732
2025,Bremen,m,13 bis unter 14 Jahre,3370
2025,Bremen,m,69 bis unter 70 Jahre,3463
2025,Bremen,m,12 bis unter 13 Jahre,3328
2025,Bremen,m,90 Jahre und mehr,2060
2025,Bremen,m,56 bis unter 57 Jahre,4814
2025,Bremen,m,43 bis unter 44 Jahre,4644
2025,Bremen,m,30 bis unter 31 Jahre,5395
2025,Bremen,m,74 bis unter 75 Jahre,2808
2025,Bremen,m,7 bis unter 8 Jahre,3692
2025,Bremen,m,85 bis unter 90 Jahre,6515
2025,Bremen,m,60 bis unter 61 Jahre,5146
2025,Bremen,m,38 bis unter 39 Jahre,4949
2025,Bremen,m,25 bis unter 26 Jahre,5291
2025,Bremen,m,68 bis unter 69 Jahre,3676
2025,Bremen,m,11 bis unter 12 Jahre,3527
2025,Bremen,m,55 bis unter 56 Jahre,4643
2025,Bremen,m,42 bis unter 43 Jahre,4600
2025,Bremen,m,73 bis unter 74 Jahre,2799
2025,Bremen,m,72 bis unter 73 Jahre,2881
2025,Bremen,m,19 bis unter 20 Jahre,4182
2025,Bremen,m,6 bis unter 7 Jahre,3872
2025,Bremen,m,75 bis unter 80 Jahre,12250
2025,Bremen,m,37 bis unter 38 Jahre,5189
2025,Bremen,m,24 bis unter 25 Jahre,4862
2025,Bremen,m,23 bis unter 24 Jahre,4468
2025,Bremen,m,67 bis unter 68 Jahre,3745
2025,Bremen,m,10 bis unter 11 Jahre,3600
2025,Bremen,m,54 bis unter 55 Jahre,4306
2025,Bremen,m,41 bis unter 42 Jahre,4521
2025,Bremen,m,71 bis unter 72 Jahre,3129
2025,Bremen,m,18 bis unter 19 Jahre,4029
2025,Bremen,m,5 bis unter 6 Jahre,3623
2025,Bremen,m,49 bis unter 50 Jahre,4036
2025,Bremen,m,36 bis unter 37 Jahre,5232
2025,Bremen,m,35 bis unter 36 Jahre,5448
2025,Bremen,m,22 bis unter 23 Jahre,4328
2025,Bremen,m,66 bis unter 67 Jahre,3906
2025,Bremen,m,53 bis unter 54 Jahre,4078
2025,Bremen,m,40 bis unter 41 Jahre,4779
2025,Bremen,m,70 bis unter 71 Jahre,3308
2025,Bremen,m,17 bis unter 18 Jahre,3492
2025,Bremen,m,4 bis unter 5 Jahre,3643
2025,Bremen,m,48 bis unter 49 Jahre,3934
2025,Bremen,m,34 bis unter 35 Jahre,5193
2025,Bremen,m,21 bis unter 22 Jahre,4348
2025,Bremen,m,65 bis unter 66 Jahre,4085
2025,Bremen,m,52 bis unter 53 Jahre,3866
2025,Bremen,f,1 bis unter 2 Jahre,2959
2025,Bremen,f,58 bis unter 59 Jahre,4998
2025,Bremen,f,32 bis unter 33 Jahre,4800
2025,Bremen,f,45 bis unter 46 Jahre,4403
2025,Bremen,f,27 bis unter 28 Jahre,4987
2025,Bremen,f,14 bis unter 15 Jahre,3048
2025,Bremen,f,50 bis unter 51 Jahre,3967
2025,Bremen,f,63 bis unter 64 Jahre,4916
2025,Bremen,f,46 bis unter 47 Jahre,4076
2025,Bremen,f,33 bis unter 34 Jahre,4748
2025,Bremen,f,15 bis unter 16 Jahre,3180
2025,Bremen,f,28 bis unter 29 Jahre,5202
2025,Bremen,f,2 bis unter 3 Jahre,3150
2025,Bremen,f,59 bis unter 60 Jahre,5077
2025,Bremen,f,29 bis unter 30 Jahre,4954
2025,Bremen,f,20 bis unter 21 Jahre,3762
2025,Bremen,f,51 bis unter 52 Jahre,3852
2025,Bremen,f,64 bis unter 65 Jahre,4676
2025,Bremen,f,34 bis unter 35 Jahre,4717
2025,Bremen,f,47 bis unter 48 Jahre,4118
2025,Bremen,f,21 bis unter 22 Jahre,4036
2025,Bremen,f,16 bis unter 17 Jahre,3205
2025,Bremen,f,3 bis unter 4 Jahre,3124
2025,Bremen,f,70 bis unter 71 Jahre,3865
2025,Bremen,f,17 bis unter 18 Jahre,3310
2025,Bremen,f,65 bis unter 66 Jahre,4619
2025,Bremen,f,52 bis unter 53 Jahre,3959
2025,Bremen,f,35 bis unter 36 Jahre,4762
2025,Bremen,f,22 bis unter 23 Jahre,4266
2025,Bremen,f,4 bis unter 5 Jahre,3447
2025,Bremen,f,90 Jahre und mehr,5153
2025,Bremen,f,48 bis unter 49 Jahre,4067
2025,Bremen,f,18 bis unter 19 Jahre,3511
2025,Bremen,f,71 bis unter 72 Jahre,3759
2025,Bremen,f,53 bis unter 54 Jahre,4156
2025,Bremen,f,66 bis unter 67 Jahre,4514
2025,Bremen,f,40 bis unter 41 Jahre,4421
2025,Bremen,f,23 bis unter 24 Jahre,4291
2025,Bremen,f,67 bis unter 68 Jahre,4309
2025,Bremen,f,10 bis unter 11 Jahre,3310
2025,Bremen,f,5 bis unter 6 Jahre,3454
2025,Bremen,f,36 bis unter 37 Jahre,4857
2025,Bremen,f,85 bis unter 90 Jahre,10976
2025,Bremen,f,49 bis unter 50 Jahre,4007
2025,Bremen,f,72 bis unter 73 Jahre,3599
2025,Bremen,f,6 bis unter 7 Jahre,3523
2025,Bremen,f,19 bis unter 20 Jahre,3614
2025,Bremen,f,54 bis unter 55 Jahre,4454
2025,Bremen,f,41 bis unter 42 Jahre,4422
2025,Bremen,f,11 bis unter 12 Jahre,3354
2025,Bremen,f,24 bis unter 25 Jahre,4564
2025,Bremen,f,55 bis unter 56 Jahre,4491
2025,Bremen,f,68 bis unter 69 Jahre,4215
2025,Bremen,f,37 bis unter 38 Jahre,4830
2025,Bremen,f,73 bis unter 74 Jahre,3572
2025,Bremen,f,60 bis unter 61 Jahre,5204
2025,Bremen,f,7 bis unter 8 Jahre,3617
2025,Bremen,f,42 bis unter 43 Jahre,4517
2025,Bremen,f,69 bis unter 70 Jahre,3965
2025,Bremen,f,12 bis unter 13 Jahre,3164
2025,Bremen,f,56 bis unter 57 Jahre,4769
2025,Bremen,f,38 bis unter 39 Jahre,4721
2025,Bremen,f,25 bis unter 26 Jahre,4997
2025,Bremen,f,80 bis unter 85 Jahre,12581
2025,Bremen,f,61 bis unter 62 Jahre,5021
2025,Bremen,f,8 bis unter 9 Jahre,3534
2025,Bremen,f,30 bis unter 31 Jahre,4922
2025,Bremen,f,43 bis unter 44 Jahre,4605
2025,Bremen,f,74 bis unter 75 Jahre,3517
2025,Bremen,f,unter 1 Jahr,2939
2025,Bremen,f,57 bis unter 58 Jahre,5029
2025,Bremen,f,75 bis unter 80 Jahre,15682
2025,Bremen,f,44 bis unter 45 Jahre,4290
2025,Bremen,f,39 bis unter 40 Jahre,4666
2025,Bremen,f,13 bis unter 14 Jahre,3137
2025,Bremen,f,26 bis unter 27 Jahre,5060
2025,Bremen,f,62 bis unter 63 Jahre,5028
2025,Bremen,f,9 bis unter 10 Jahre,3500
2025,Bremen,f,31 bis unter 32 Jahre,4752
2020,Sachsen,m,3 bis unter 4 Jahre,19258
2020,Sachsen,m,16 bis unter 17 Jahre,17404
2020,Sachsen,m,85 bis unter 90 Jahre,36770
2020,Sachsen,m,21 bis unter 22 Jahre,18922
2020,Sachsen,m,47 bis unter 48 Jahre,22644
2020,Sachsen,m,34 bis unter 35 Jahre,28232
2020,Sachsen,m,51 bis unter 52 Jahre,28337
2020,Sachsen,m,64 bis unter 65 Jahre,27336
2020,Sachsen,m,29 bis unter 30 Jahre,19664
2020,Sachsen,m,48 bis unter 49 Jahre,24817
2020,Sachsen,m,4 bis unter 5 Jahre,19733
2020,Sachsen,m,66 bis unter 67 Jahre,27215
2020,Sachsen,m,35 bis unter 36 Jahre,28719
2020,Sachsen,m,22 bis unter 23 Jahre,18112
2020,Sachsen,m,52 bis unter 53 Jahre,28598
2020,Sachsen,m,65 bis unter 66 Jahre,27946
2020,Sachsen,m,70 bis unter 71 Jahre,26039
2020,Sachsen,m,17 bis unter 18 Jahre,16773
2020,Sachsen,m,49 bis unter 50 Jahre,28709
2020,Sachsen,m,36 bis unter 37 Jahre,27825
2020,Sachsen,m,5 bis unter 6 Jahre,19742
2020,Sachsen,m,10 bis unter 11 Jahre,18915
2020,Sachsen,m,67 bis unter 68 Jahre,27025
2020,Sachsen,m,23 bis unter 24 Jahre,18486
2020,Sachsen,m,40 bis unter 41 Jahre,28340
2020,Sachsen,m,53 bis unter 54 Jahre,29442
2020,Sachsen,m,71 bis unter 72 Jahre,22392
2020,Sachsen,m,18 bis unter 19 Jahre,16896
2020,Sachsen,m,37 bis unter 38 Jahre,28142
2020,Sachsen,m,24 bis unter 25 Jahre,18041
2020,Sachsen,m,55 bis unter 56 Jahre,31994
2020,Sachsen,m,11 bis unter 12 Jahre,18582
2020,Sachsen,m,68 bis unter 69 Jahre,27416
2020,Sachsen,m,54 bis unter 55 Jahre,30672
2020,Sachsen,m,41 bis unter 42 Jahre,27381
2020,Sachsen,m,6 bis unter 7 Jahre,19479
2020,Sachsen,m,72 bis unter 73 Jahre,17756
2020,Sachsen,m,19 bis unter 20 Jahre,17803
2020,Sachsen,m,25 bis unter 26 Jahre,17139
2020,Sachsen,m,38 bis unter 39 Jahre,28656
2020,Sachsen,m,56 bis unter 57 Jahre,32648
2020,Sachsen,m,90 Jahre und mehr,13264
2020,Sachsen,m,43 bis unter 44 Jahre,26636
2020,Sachsen,m,12 bis unter 13 Jahre,18639
2020,Sachsen,m,69 bis unter 70 Jahre,27380
2020,Sachsen,m,42 bis unter 43 Jahre,27217
2020,Sachsen,m,7 bis unter 8 Jahre,19177
2020,Sachsen,m,73 bis unter 74 Jahre,17151
2020,Sachsen,m,60 bis unter 61 Jahre,30624
2020,Sachsen,m,26 bis unter 27 Jahre,16742
2020,Sachsen,m,13 bis unter 14 Jahre,18131
2020,Sachsen,m,39 bis unter 40 Jahre,27786
2020,Sachsen,m,44 bis unter 45 Jahre,23509
2020,Sachsen,m,unter 1 Jahr,17085
2020,Sachsen,m,57 bis unter 58 Jahre,33238
2020,Sachsen,m,74 bis unter 75 Jahre,12767
2020,Sachsen,m,30 bis unter 31 Jahre,27670
2020,Sachsen,m,61 bis unter 62 Jahre,30093
2020,Sachsen,m,8 bis unter 9 Jahre,19082
2020,Sachsen,m,14 bis unter 15 Jahre,17198
2020,Sachsen,m,1 bis unter 2 Jahre,17705
2020,Sachsen,m,27 bis unter 28 Jahre,17026
2020,Sachsen,m,32 bis unter 33 Jahre,29164
2020,Sachsen,m,58 bis unter 59 Jahre,32456
2020,Sachsen,m,45 bis unter 46 Jahre,22629
2020,Sachsen,m,62 bis unter 63 Jahre,27459
2020,Sachsen,m,31 bis unter 32 Jahre,28646
2020,Sachsen,m,75 bis unter 80 Jahre,95260
2020,Sachsen,m,9 bis unter 10 Jahre,18836
2020,Sachsen,m,2 bis unter 3 Jahre,18544
2020,Sachsen,m,59 bis unter 60 Jahre,31937
2020,Sachsen,m,28 bis unter 29 Jahre,17312
2020,Sachsen,m,15 bis unter 16 Jahre,17194
2020,Sachsen,m,33 bis unter 34 Jahre,29707
2020,Sachsen,m,20 bis unter 21 Jahre,19048
2020,Sachsen,m,46 bis unter 47 Jahre,22449
2020,Sachsen,m,80 bis unter 85 Jahre,84757
2020,Sachsen,m,63 bis unter 64 Jahre,27062
2020,Sachsen,m,50 bis unter 51 Jahre,28446
2020,Sachsen,f,63 bis unter 64 Jahre,28724
2020,Sachsen,f,32 bis unter 33 Jahre,26669
2020,Sachsen,f,85 bis unter 90 Jahre,64981
2020,Sachsen,f,45 bis unter 46 Jahre,20101
2020,Sachsen,f,1 bis unter 2 Jahre,16928
2020,Sachsen,f,58 bis unter 59 Jahre,32073
2020,Sachsen,f,15 bis unter 16 Jahre,16410
2020,Sachsen,f,2 bis unter 3 Jahre,17597
2020,Sachsen,f,28 bis unter 29 Jahre,15732
2020,Sachsen,f,50 bis unter 51 Jahre,25621
2020,Sachsen,f,75 bis unter 80 Jahre,124507
2020,Sachsen,f,31 bis unter 32 Jahre,25788
2020,Sachsen,f,44 bis unter 45 Jahre,21280
2020,Sachsen,f,57 bis unter 58 Jahre,32593
2020,Sachsen,f,13 bis unter 14 Jahre,17147
2020,Sachsen,f,unter 1 Jahr,16211
2020,Sachsen,f,14 bis unter 15 Jahre,16398
2020,Sachsen,f,27 bis unter 28 Jahre,15081
2020,Sachsen,f,9 bis unter 10 Jahre,17753
2020,Sachsen,f,62 bis unter 63 Jahre,28803
2020,Sachsen,f,52 bis unter 53 Jahre,26690
2020,Sachsen,f,65 bis unter 66 Jahre,30320
2020,Sachsen,f,21 bis unter 22 Jahre,17053
2020,Sachsen,f,34 bis unter 35 Jahre,26047
2020,Sachsen,f,47 bis unter 48 Jahre,19951
2020,Sachsen,f,48 bis unter 49 Jahre,21732
2020,Sachsen,f,17 bis unter 18 Jahre,16106
2020,Sachsen,f,4 bis unter 5 Jahre,18884
2020,Sachsen,f,70 bis unter 71 Jahre,30001
2020,Sachsen,f,64 bis unter 65 Jahre,29182
2020,Sachsen,f,20 bis unter 21 Jahre,17595
2020,Sachsen,f,33 bis unter 34 Jahre,27002
2020,Sachsen,f,46 bis unter 47 Jahre,19716
2020,Sachsen,f,59 bis unter 60 Jahre,32453
2020,Sachsen,f,3 bis unter 4 Jahre,18425
2020,Sachsen,f,16 bis unter 17 Jahre,16604
2020,Sachsen,f,29 bis unter 30 Jahre,18011
2020,Sachsen,f,51 bis unter 52 Jahre,26111
2020,Sachsen,f,41 bis unter 42 Jahre,24104
2020,Sachsen,f,54 bis unter 55 Jahre,29633
2020,Sachsen,f,67 bis unter 68 Jahre,30354
2020,Sachsen,f,10 bis unter 11 Jahre,18172
2020,Sachsen,f,23 bis unter 24 Jahre,16905
2020,Sachsen,f,36 bis unter 37 Jahre,25448
2020,Sachsen,f,37 bis unter 38 Jahre,25507
2020,Sachsen,f,19 bis unter 20 Jahre,16427
2020,Sachsen,f,6 bis unter 7 Jahre,18597
2020,Sachsen,f,72 bis unter 73 Jahre,20986
2020,Sachsen,f,40 bis unter 41 Jahre,25398
2020,Sachsen,f,53 bis unter 54 Jahre,27645
2020,Sachsen,f,66 bis unter 67 Jahre,30261
2020,Sachsen,f,22 bis unter 23 Jahre,16853
2020,Sachsen,f,80 bis unter 85 Jahre,123611
2020,Sachsen,f,35 bis unter 36 Jahre,25784
2020,Sachsen,f,49 bis unter 50 Jahre,25468
2020,Sachsen,f,5 bis unter 6 Jahre,18491
2020,Sachsen,f,71 bis unter 72 Jahre,26218
2020,Sachsen,f,18 bis unter 19 Jahre,16160
2020,Sachsen,f,30 bis unter 31 Jahre,24997
2020,Sachsen,f,43 bis unter 44 Jahre,23618
2020,Sachsen,f,56 bis unter 57 Jahre,32461
2020,Sachsen,f,69 bis unter 70 Jahre,31431
2020,Sachsen,f,12 bis unter 13 Jahre,17726
2020,Sachsen,f,26 bis unter 27 Jahre,14944
2020,Sachsen,f,39 bis unter 40 Jahre,24704
2020,Sachsen,f,61 bis unter 62 Jahre,30975
2020,Sachsen,f,8 bis unter 9 Jahre,18103
2020,Sachsen,f,74 bis unter 75 Jahre,15636
2020,Sachsen,f,42 bis unter 43 Jahre,24367
2020,Sachsen,f,55 bis unter 56 Jahre,30665
2020,Sachsen,f,11 bis unter 12 Jahre,17375
2020,Sachsen,f,68 bis unter 69 Jahre,30587
2020,Sachsen,f,24 bis unter 25 Jahre,16536
2020,Sachsen,f,90 Jahre und mehr,38604
2020,Sachsen,f,25 bis unter 26 Jahre,15342
2020,Sachsen,f,38 bis unter 39 Jahre,25454
2020,Sachsen,f,7 bis unter 8 Jahre,17874
2020,Sachsen,f,60 bis unter 61 Jahre,31083
2020,Sachsen,f,73 bis unter 74 Jahre,21131
2020,Berlin,m,50 bis unter 51 Jahre,23850
2020,Berlin,m,63 bis unter 64 Jahre,19077
2020,Berlin,m,28 bis unter 29 Jahre,27739
2020,Berlin,m,15 bis unter 16 Jahre,15093
2020,Berlin,m,46 bis unter 47 Jahre,21413
2020,Berlin,m,2 bis unter 3 Jahre,19683
2020,Berlin,m,59 bis unter 60 Jahre,24415
2020,Berlin,m,64 bis unter 65 Jahre,18480
2020,Berlin,m,33 bis unter 34 Jahre,34093
2020,Berlin,m,20 bis unter 21 Jahre,17426
2020,Berlin,m,9 bis unter 10 Jahre,16672
2020,Berlin,m,62 bis unter 63 Jahre,20207
2020,Berlin,m,90 Jahre und mehr,8264
2020,Berlin,m,27 bis unter 28 Jahre,26555
2020,Berlin,m,58 bis unter 59 Jahre,26151
2020,Berlin,m,45 bis unter 46 Jahre,22041
2020,Berlin,m,14 bis unter 15 Jahre,15246
2020,Berlin,m,1 bis unter 2 Jahre,19647
2020,Berlin,m,32 bis unter 33 Jahre,34666
2020,Berlin,m,61 bis unter 62 Jahre,22276
2020,Berlin,m,8 bis unter 9 Jahre,17595
2020,Berlin,m,74 bis unter 75 Jahre,10090
2020,Berlin,m,39 bis unter 40 Jahre,28639
2020,Berlin,m,26 bis unter 27 Jahre,25156
2020,Berlin,m,unter 1 Jahr,19395
2020,Berlin,m,57 bis unter 58 Jahre,27700
2020,Berlin,m,13 bis unter 14 Jahre,16223
2020,Berlin,m,31 bis unter 32 Jahre,34336
2020,Berlin,m,44 bis unter 45 Jahre,22772
2020,Berlin,m,73 bis unter 74 Jahre,12748
2020,Berlin,m,60 bis unter 61 Jahre,23678
2020,Berlin,m,38 bis unter 39 Jahre,29755
2020,Berlin,m,7 bis unter 8 Jahre,17555
2020,Berlin,m,69 bis unter 70 Jahre,15907
2020,Berlin,m,12 bis unter 13 Jahre,16722
2020,Berlin,m,25 bis unter 26 Jahre,23845
2020,Berlin,m,30 bis unter 31 Jahre,34091
2020,Berlin,m,56 bis unter 57 Jahre,27932
2020,Berlin,m,43 bis unter 44 Jahre,24150
2020,Berlin,m,19 bis unter 20 Jahre,15563
2020,Berlin,m,72 bis unter 73 Jahre,13892
2020,Berlin,m,6 bis unter 7 Jahre,18235
2020,Berlin,m,68 bis unter 69 Jahre,15898
2020,Berlin,m,11 bis unter 12 Jahre,16477
2020,Berlin,m,37 bis unter 38 Jahre,29733
2020,Berlin,m,24 bis unter 25 Jahre,22674
2020,Berlin,m,42 bis unter 43 Jahre,25067
2020,Berlin,m,55 bis unter 56 Jahre,27695
2020,Berlin,m,40 bis unter 41 Jahre,28213
2020,Berlin,m,49 bis unter 50 Jahre,23653
2020,Berlin,m,18 bis unter 19 Jahre,15106
2020,Berlin,m,71 bis unter 72 Jahre,15206
2020,Berlin,m,5 bis unter 6 Jahre,18932
2020,Berlin,m,23 bis unter 24 Jahre,21563
2020,Berlin,m,36 bis unter 37 Jahre,30934
2020,Berlin,m,54 bis unter 55 Jahre,26760
2020,Berlin,m,41 bis unter 42 Jahre,25978
2020,Berlin,m,67 bis unter 68 Jahre,16489
2020,Berlin,m,10 bis unter 11 Jahre,16891
2020,Berlin,m,85 bis unter 90 Jahre,22524
2020,Berlin,m,52 bis unter 53 Jahre,26066
2020,Berlin,m,4 bis unter 5 Jahre,19632
2020,Berlin,m,17 bis unter 18 Jahre,14593
2020,Berlin,m,70 bis unter 71 Jahre,16247
2020,Berlin,m,35 bis unter 36 Jahre,32057
2020,Berlin,m,22 bis unter 23 Jahre,19298
2020,Berlin,m,48 bis unter 49 Jahre,21539
2020,Berlin,m,53 bis unter 54 Jahre,26104
2020,Berlin,m,66 bis unter 67 Jahre,17157
2020,Berlin,m,80 bis unter 85 Jahre,53399
2020,Berlin,m,51 bis unter 52 Jahre,24950
2020,Berlin,m,16 bis unter 17 Jahre,15126
2020,Berlin,m,3 bis unter 4 Jahre,19793
2020,Berlin,m,29 bis unter 30 Jahre,29840
2020,Berlin,m,75 bis unter 80 Jahre,67878
2020,Berlin,m,34 bis unter 35 Jahre,32923
2020,Berlin,m,47 bis unter 48 Jahre,20552
2020,Berlin,m,65 bis unter 66 Jahre,17871
2020,Berlin,m,21 bis unter 22 Jahre,18247
2020,Berlin,f,unter 1 Jahr,18362
2020,Berlin,f,13 bis unter 14 Jahre,15036
2020,Berlin,f,26 bis unter 27 Jahre,25422
2020,Berlin,f,39 bis unter 40 Jahre,27890
2020,Berlin,f,8 bis unter 9 Jahre,16565
2020,Berlin,f,61 bis unter 62 Jahre,22576
2020,Berlin,f,74 bis unter 75 Jahre,11841
2020,Berlin,f,30 bis unter 31 Jahre,33692
2020,Berlin,f,43 bis unter 44 Jahre,23294
2020,Berlin,f,56 bis unter 57 Jahre,27606
2020,Berlin,f,69 bis unter 70 Jahre,19243
2020,Berlin,f,12 bis unter 13 Jahre,15558
2020,Berlin,f,25 bis unter 26 Jahre,24083
2020,Berlin,f,38 bis unter 39 Jahre,28192
2020,Berlin,f,7 bis unter 8 Jahre,16596
2020,Berlin,f,60 bis unter 61 Jahre,23326
2020,Berlin,f,73 bis unter 74 Jahre,15768
2020,Berlin,f,42 bis unter 43 Jahre,23748
2020,Berlin,f,55 bis unter 56 Jahre,27056
2020,Berlin,f,68 bis unter 69 Jahre,18968
2020,Berlin,f,11 bis unter 12 Jahre,15738
2020,Berlin,f,24 bis unter 25 Jahre,22962
2020,Berlin,f,37 bis unter 38 Jahre,28633
2020,Berlin,f,6 bis unter 7 Jahre,17635
2020,Berlin,f,85 bis unter 90 Jahre,38269
2020,Berlin,f,19 bis unter 20 Jahre,15193
2020,Berlin,f,72 bis unter 73 Jahre,16738
2020,Berlin,f,41 bis unter 42 Jahre,25011
2020,Berlin,f,54 bis unter 55 Jahre,26608
2020,Berlin,f,67 bis unter 68 Jahre,19100
2020,Berlin,f,10 bis unter 11 Jahre,15994
2020,Berlin,f,23 bis unter 24 Jahre,21416
2020,Berlin,f,36 bis unter 37 Jahre,29180
2020,Berlin,f,49 bis unter 50 Jahre,22792
2020,Berlin,f,5 bis unter 6 Jahre,17634
2020,Berlin,f,18 bis unter 19 Jahre,14216
2020,Berlin,f,71 bis unter 72 Jahre,18509
2020,Berlin,f,40 bis unter 41 Jahre,26808
2020,Berlin,f,53 bis unter 54 Jahre,25237
2020,Berlin,f,66 bis unter 67 Jahre,19433
2020,Berlin,f,22 bis unter 23 Jahre,19478
2020,Berlin,f,35 bis unter 36 Jahre,30465
2020,Berlin,f,48 bis unter 49 Jahre,20834
2020,Berlin,f,4 bis unter 5 Jahre,18934
2020,Berlin,f,17 bis unter 18 Jahre,13885
2020,Berlin,f,70 bis unter 71 Jahre,20064
2020,Berlin,f,52 bis unter 53 Jahre,25146
2020,Berlin,f,65 bis unter 66 Jahre,19524
2020,Berlin,f,21 bis unter 22 Jahre,18078
2020,Berlin,f,34 bis unter 35 Jahre,31657
2020,Berlin,f,47 bis unter 48 Jahre,20218
2020,Berlin,f,3 bis unter 4 Jahre,18647
2020,Berlin,f,16 bis unter 17 Jahre,14272
2020,Berlin,f,90 Jahre und mehr,21765
2020,Berlin,f,29 bis unter 30 Jahre,29411
2020,Berlin,f,75 bis unter 80 Jahre,86115
2020,Berlin,f,80 bis unter 85 Jahre,77021
2020,Berlin,f,51 bis unter 52 Jahre,23925
2020,Berlin,f,64 bis unter 65 Jahre,19633
2020,Berlin,f,20 bis unter 21 Jahre,16810
2020,Berlin,f,33 bis unter 34 Jahre,32900
2020,Berlin,f,46 bis unter 47 Jahre,20699
2020,Berlin,f,59 bis unter 60 Jahre,24921
2020,Berlin,f,2 bis unter 3 Jahre,18647
2020,Berlin,f,15 bis unter 16 Jahre,14179
2020,Berlin,f,28 bis unter 29 Jahre,27965
2020,Berlin,f,50 bis unter 51 Jahre,23179
2020,Berlin,f,63 bis unter 64 Jahre,19920
2020,Berlin,f,32 bis unter 33 Jahre,34084
2020,Berlin,f,45 bis unter 46 Jahre,21127
2020,Berlin,f,58 bis unter 59 Jahre,26053
2020,Berlin,f,1 bis unter 2 Jahre,18582
2020,Berlin,f,14 bis unter 15 Jahre,14709
2020,Berlin,f,27 bis unter 28 Jahre,27083
2020,Berlin,f,9 bis unter 10 Jahre,15739
2020,Berlin,f,62 bis unter 63 Jahre,20750
2020,Berlin,f,31 bis unter 32 Jahre,33949
2020,Berlin,f,44 bis unter 45 Jahre,22394
2020,Berlin,f,57 bis unter 58 Jahre,27360
2020,Rheinland-Pfalz,m,32 bis unter 33 Jahre,27525
2020,Rheinland-Pfalz,m,45 bis unter 46 Jahre,22413
2020,Rheinland-Pfalz,m,58 bis unter 59 Jahre,34585
2020,Rheinland-Pfalz,m,1 bis unter 2 Jahre,19532
2020,Rheinland-Pfalz,m,14 bis unter 15 Jahre,18533
2020,Rheinland-Pfalz,m,27 bis unter 28 Jahre,25724
2020,Rheinland-Pfalz,m,28 bis unter 29 Jahre,25704
2020,Rheinland-Pfalz,m,50 bis unter 51 Jahre,28767
2020,Rheinland-Pfalz,m,63 bis unter 64 Jahre,29352
2020,Rheinland-Pfalz,m,20 bis unter 21 Jahre,22287
2020,Rheinland-Pfalz,m,33 bis unter 34 Jahre,26527
2020,Rheinland-Pfalz,m,46 bis unter 47 Jahre,22473
2020,Rheinland-Pfalz,m,59 bis unter 60 Jahre,34222
2020,Rheinland-Pfalz,m,2 bis unter 3 Jahre,19973
2020,Rheinland-Pfalz,m,15 bis unter 16 Jahre,18693
2020,Rheinland-Pfalz,m,29 bis unter 30 Jahre,26581
2020,Rheinland-Pfalz,m,51 bis unter 52 Jahre,31254
2020,Rheinland-Pfalz,m,64 bis unter 65 Jahre,27822
2020,Rheinland-Pfalz,m,21 bis unter 22 Jahre,22779
2020,Rheinland-Pfalz,m,34 bis unter 35 Jahre,26043
2020,Rheinland-Pfalz,m,47 bis unter 48 Jahre,23064
2020,Rheinland-Pfalz,m,3 bis unter 4 Jahre,20623
2020,Rheinland-Pfalz,m,16 bis unter 17 Jahre,19388
2020,Rheinland-Pfalz,m,17 bis unter 18 Jahre,19465
2020,Rheinland-Pfalz,m,70 bis unter 71 Jahre,23666
2020,Rheinland-Pfalz,m,52 bis unter 53 Jahre,33088
2020,Rheinland-Pfalz,m,65 bis unter 66 Jahre,26468
2020,Rheinland-Pfalz,m,80 bis unter 85 Jahre,70702
2020,Rheinland-Pfalz,m,66 bis unter 67 Jahre,25677
2020,Rheinland-Pfalz,m,22 bis unter 23 Jahre,23360
2020,Rheinland-Pfalz,m,35 bis unter 36 Jahre,24904
2020,Rheinland-Pfalz,m,48 bis unter 49 Jahre,24918
2020,Rheinland-Pfalz,m,4 bis unter 5 Jahre,20498
2020,Rheinland-Pfalz,m,75 bis unter 80 Jahre,72255
2020,Rheinland-Pfalz,m,5 bis unter 6 Jahre,19718
2020,Rheinland-Pfalz,m,18 bis unter 19 Jahre,19974
2020,Rheinland-Pfalz,m,71 bis unter 72 Jahre,22442
2020,Rheinland-Pfalz,m,40 bis unter 41 Jahre,24622
2020,Rheinland-Pfalz,m,53 bis unter 54 Jahre,33686
2020,Rheinland-Pfalz,m,85 bis unter 90 Jahre,31146
2020,Rheinland-Pfalz,m,10 bis unter 11 Jahre,18669
2020,Rheinland-Pfalz,m,67 bis unter 68 Jahre,24579
2020,Rheinland-Pfalz,m,23 bis unter 24 Jahre,24905
2020,Rheinland-Pfalz,m,36 bis unter 37 Jahre,24901
2020,Rheinland-Pfalz,m,49 bis unter 50 Jahre,27416
2020,Rheinland-Pfalz,m,6 bis unter 7 Jahre,19314
2020,Rheinland-Pfalz,m,19 bis unter 20 Jahre,21042
2020,Rheinland-Pfalz,m,72 bis unter 73 Jahre,19108
2020,Rheinland-Pfalz,m,41 bis unter 42 Jahre,23857
2020,Rheinland-Pfalz,m,54 bis unter 55 Jahre,35331
2020,Rheinland-Pfalz,m,55 bis unter 56 Jahre,35195
2020,Rheinland-Pfalz,m,11 bis unter 12 Jahre,18308
2020,Rheinland-Pfalz,m,68 bis unter 69 Jahre,24465
2020,Rheinland-Pfalz,m,24 bis unter 25 Jahre,24831
2020,Rheinland-Pfalz,m,37 bis unter 38 Jahre,24848
2020,Rheinland-Pfalz,m,60 bis unter 61 Jahre,32595
2020,Rheinland-Pfalz,m,7 bis unter 8 Jahre,18480
2020,Rheinland-Pfalz,m,73 bis unter 74 Jahre,16617
2020,Rheinland-Pfalz,m,42 bis unter 43 Jahre,23591
2020,Rheinland-Pfalz,m,43 bis unter 44 Jahre,23090
2020,Rheinland-Pfalz,m,56 bis unter 57 Jahre,35839
2020,Rheinland-Pfalz,m,12 bis unter 13 Jahre,18987
2020,Rheinland-Pfalz,m,69 bis unter 70 Jahre,23667
2020,Rheinland-Pfalz,m,25 bis unter 26 Jahre,24171
2020,Rheinland-Pfalz,m,38 bis unter 39 Jahre,25472
2020,Rheinland-Pfalz,m,61 bis unter 62 Jahre,31703
2020,Rheinland-Pfalz,m,8 bis unter 9 Jahre,18488
2020,Rheinland-Pfalz,m,74 bis unter 75 Jahre,14522
2020,Rheinland-Pfalz,m,30 bis unter 31 Jahre,27546
2020,Rheinland-Pfalz,m,31 bis unter 32 Jahre,26789
2020,Rheinland-Pfalz,m,44 bis unter 45 Jahre,22880
2020,Rheinland-Pfalz,m,57 bis unter 58 Jahre,35840
2020,Rheinland-Pfalz,m,90 Jahre und mehr,12419
2020,Rheinland-Pfalz,m,unter 1 Jahr,19251
2020,Rheinland-Pfalz,m,13 bis unter 14 Jahre,18900
2020,Rheinland-Pfalz,m,26 bis unter 27 Jahre,24620
2020,Rheinland-Pfalz,m,39 bis unter 40 Jahre,25355
2020,Rheinland-Pfalz,m,62 bis unter 63 Jahre,29737
2020,Rheinland-Pfalz,m,9 bis unter 10 Jahre,18324
2020,Rheinland-Pfalz,f,39 bis unter 40 Jahre,25212
2020,Rheinland-Pfalz,f,26 bis unter 27 Jahre,22479
2020,Rheinland-Pfalz,f,13 bis unter 14 Jahre,17606
2020,Rheinland-Pfalz,f,61 bis unter 62 Jahre,32024
2020,Rheinland-Pfalz,f,8 bis unter 9 Jahre,17244
2020,Rheinland-Pfalz,f,31 bis unter 32 Jahre,24832
2020,Rheinland-Pfalz,f,unter 1 Jahr,18386
2020,Rheinland-Pfalz,f,57 bis unter 58 Jahre,35463
2020,Rheinland-Pfalz,f,44 bis unter 45 Jahre,23065
2020,Rheinland-Pfalz,f,38 bis unter 39 Jahre,24757
2020,Rheinland-Pfalz,f,25 bis unter 26 Jahre,21836
2020,Rheinland-Pfalz,f,73 bis unter 74 Jahre,18487
2020,Rheinland-Pfalz,f,60 bis unter 61 Jahre,33611
2020,Rheinland-Pfalz,f,7 bis unter 8 Jahre,17746
2020,Rheinland-Pfalz,f,43 bis unter 44 Jahre,23518
2020,Rheinland-Pfalz,f,30 bis unter 31 Jahre,25095
2020,Rheinland-Pfalz,f,80 bis unter 85 Jahre,96277
2020,Rheinland-Pfalz,f,74 bis unter 75 Jahre,16298
2020,Rheinland-Pfalz,f,12 bis unter 13 Jahre,17757
2020,Rheinland-Pfalz,f,69 bis unter 70 Jahre,25242
2020,Rheinland-Pfalz,f,56 bis unter 57 Jahre,35718
2020,Rheinland-Pfalz,f,28 bis unter 29 Jahre,23819
2020,Rheinland-Pfalz,f,15 bis unter 16 Jahre,17767
2020,Rheinland-Pfalz,f,2 bis unter 3 Jahre,19111
2020,Rheinland-Pfalz,f,59 bis unter 60 Jahre,34524
2020,Rheinland-Pfalz,f,50 bis unter 51 Jahre,29038
2020,Rheinland-Pfalz,f,20 bis unter 21 Jahre,20577
2020,Rheinland-Pfalz,f,64 bis unter 65 Jahre,28861
2020,Rheinland-Pfalz,f,51 bis unter 52 Jahre,31289
2020,Rheinland-Pfalz,f,46 bis unter 47 Jahre,23175
2020,Rheinland-Pfalz,f,33 bis unter 34 Jahre,25106
2020,Rheinland-Pfalz,f,27 bis unter 28 Jahre,23232
2020,Rheinland-Pfalz,f,14 bis unter 15 Jahre,17190
2020,Rheinland-Pfalz,f,62 bis unter 63 Jahre,30414
2020,Rheinland-Pfalz,f,9 bis unter 10 Jahre,17324
2020,Rheinland-Pfalz,f,63 bis unter 64 Jahre,29800
2020,Rheinland-Pfalz,f,1 bis unter 2 Jahre,18525
2020,Rheinland-Pfalz,f,58 bis unter 59 Jahre,34744
2020,Rheinland-Pfalz,f,45 bis unter 46 Jahre,22789
2020,Rheinland-Pfalz,f,32 bis unter 33 Jahre,25409
2020,Rheinland-Pfalz,f,4 bis unter 5 Jahre,19366
2020,Rheinland-Pfalz,f,48 bis unter 49 Jahre,25619
2020,Rheinland-Pfalz,f,85 bis unter 90 Jahre,51439
2020,Rheinland-Pfalz,f,70 bis unter 71 Jahre,25416
2020,Rheinland-Pfalz,f,17 bis unter 18 Jahre,18368
2020,Rheinland-Pfalz,f,66 bis unter 67 Jahre,27171
2020,Rheinland-Pfalz,f,53 bis unter 54 Jahre,34019
2020,Rheinland-Pfalz,f,40 bis unter 41 Jahre,24849
2020,Rheinland-Pfalz,f,35 bis unter 36 Jahre,23877
2020,Rheinland-Pfalz,f,22 bis unter 23 Jahre,21579
2020,Rheinland-Pfalz,f,16 bis unter 17 Jahre,17840
2020,Rheinland-Pfalz,f,75 bis unter 80 Jahre,87230
2020,Rheinland-Pfalz,f,3 bis unter 4 Jahre,19200
2020,Rheinland-Pfalz,f,29 bis unter 30 Jahre,24290
2020,Rheinland-Pfalz,f,65 bis unter 66 Jahre,27814
2020,Rheinland-Pfalz,f,52 bis unter 53 Jahre,32937
2020,Rheinland-Pfalz,f,47 bis unter 48 Jahre,23448
2020,Rheinland-Pfalz,f,34 bis unter 35 Jahre,24787
2020,Rheinland-Pfalz,f,21 bis unter 22 Jahre,20799
2020,Rheinland-Pfalz,f,37 bis unter 38 Jahre,24175
2020,Rheinland-Pfalz,f,72 bis unter 73 Jahre,20804
2020,Rheinland-Pfalz,f,19 bis unter 20 Jahre,19422
2020,Rheinland-Pfalz,f,6 bis unter 7 Jahre,18462
2020,Rheinland-Pfalz,f,42 bis unter 43 Jahre,23357
2020,Rheinland-Pfalz,f,24 bis unter 25 Jahre,22129
2020,Rheinland-Pfalz,f,11 bis unter 12 Jahre,17135
2020,Rheinland-Pfalz,f,68 bis unter 69 Jahre,25991
2020,Rheinland-Pfalz,f,55 bis unter 56 Jahre,34997
2020,Rheinland-Pfalz,f,5 bis unter 6 Jahre,18668
2020,Rheinland-Pfalz,f,90 Jahre und mehr,31443
2020,Rheinland-Pfalz,f,49 bis unter 50 Jahre,27833
2020,Rheinland-Pfalz,f,36 bis unter 37 Jahre,24003
2020,Rheinland-Pfalz,f,71 bis unter 72 Jahre,24442
2020,Rheinland-Pfalz,f,18 bis unter 19 Jahre,18853
2020,Rheinland-Pfalz,f,54 bis unter 55 Jahre,34853
2020,Rheinland-Pfalz,f,41 bis unter 42 Jahre,23713
2020,Rheinland-Pfalz,f,23 bis unter 24 Jahre,22517
2020,Rheinland-Pfalz,f,10 bis unter 11 Jahre,17520
2020,Rheinland-Pfalz,f,67 bis unter 68 Jahre,26574
2020,Brandenburg,m,30 bis unter 31 Jahre,14223
2020,Brandenburg,m,74 bis unter 75 Jahre,6704
2020,Brandenburg,m,75 bis unter 80 Jahre,55499
2020,Brandenburg,m,12 bis unter 13 Jahre,11997
2020,Brandenburg,m,69 bis unter 70 Jahre,16804
2020,Brandenburg,m,43 bis unter 44 Jahre,16199
2020,Brandenburg,m,56 bis unter 57 Jahre,24228
2020,Brandenburg,m,26 bis unter 27 Jahre,8291
2020,Brandenburg,m,39 bis unter 40 Jahre,16879
2020,Brandenburg,m,13 bis unter 14 Jahre,11693
2020,Brandenburg,m,8 bis unter 9 Jahre,11907
2020,Brandenburg,m,61 bis unter 62 Jahre,22263
2020,Brandenburg,m,31 bis unter 32 Jahre,15177
2020,Brandenburg,m,62 bis unter 63 Jahre,20266
2020,Brandenburg,m,57 bis unter 58 Jahre,24779
2020,Brandenburg,m,unter 1 Jahr,9930
2020,Brandenburg,m,44 bis unter 45 Jahre,14840
2020,Brandenburg,m,27 bis unter 28 Jahre,8092
2020,Brandenburg,m,1 bis unter 2 Jahre,10577
2020,Brandenburg,m,14 bis unter 15 Jahre,11223
2020,Brandenburg,m,9 bis unter 10 Jahre,11716
2020,Brandenburg,m,41 bis unter 42 Jahre,16893
2020,Brandenburg,m,54 bis unter 55 Jahre,22244
2020,Brandenburg,m,23 bis unter 24 Jahre,9787
2020,Brandenburg,m,10 bis unter 11 Jahre,12257
2020,Brandenburg,m,67 bis unter 68 Jahre,17941
2020,Brandenburg,m,24 bis unter 25 Jahre,9391
2020,Brandenburg,m,37 bis unter 38 Jahre,16718
2020,Brandenburg,m,72 bis unter 73 Jahre,11069
2020,Brandenburg,m,19 bis unter 20 Jahre,10591
2020,Brandenburg,m,6 bis unter 7 Jahre,12228
2020,Brandenburg,m,80 bis unter 85 Jahre,50670
2020,Brandenburg,m,42 bis unter 43 Jahre,16702
2020,Brandenburg,m,11 bis unter 12 Jahre,11799
2020,Brandenburg,m,68 bis unter 69 Jahre,17236
2020,Brandenburg,m,55 bis unter 56 Jahre,23316
2020,Brandenburg,m,38 bis unter 39 Jahre,17081
2020,Brandenburg,m,85 bis unter 90 Jahre,21478
2020,Brandenburg,m,25 bis unter 26 Jahre,8554
2020,Brandenburg,m,60 bis unter 61 Jahre,22704
2020,Brandenburg,m,73 bis unter 74 Jahre,10147
2020,Brandenburg,m,7 bis unter 8 Jahre,11775
2020,Brandenburg,m,65 bis unter 66 Jahre,19144
2020,Brandenburg,m,52 bis unter 53 Jahre,19776
2020,Brandenburg,m,34 bis unter 35 Jahre,16160
2020,Brandenburg,m,21 bis unter 22 Jahre,10719
2020,Brandenburg,m,4 bis unter 5 Jahre,12262
2020,Brandenburg,m,48 bis unter 49 Jahre,15608
2020,Brandenburg,m,70 bis unter 71 Jahre,15374
2020,Brandenburg,m,17 bis unter 18 Jahre,11183
2020,Brandenburg,m,53 bis unter 54 Jahre,20864
2020,Brandenburg,m,40 bis unter 41 Jahre,17547
2020,Brandenburg,m,22 bis unter 23 Jahre,10195
2020,Brandenburg,m,90 Jahre und mehr,7058
2020,Brandenburg,m,35 bis unter 36 Jahre,16795
2020,Brandenburg,m,66 bis unter 67 Jahre,18493
2020,Brandenburg,m,5 bis unter 6 Jahre,11955
2020,Brandenburg,m,36 bis unter 37 Jahre,16424
2020,Brandenburg,m,49 bis unter 50 Jahre,18137
2020,Brandenburg,m,71 bis unter 72 Jahre,12865
2020,Brandenburg,m,18 bis unter 19 Jahre,10659
2020,Brandenburg,m,63 bis unter 64 Jahre,19647
2020,Brandenburg,m,45 bis unter 46 Jahre,14153
2020,Brandenburg,m,58 bis unter 59 Jahre,24467
2020,Brandenburg,m,32 bis unter 33 Jahre,16115
2020,Brandenburg,m,15 bis unter 16 Jahre,10968
2020,Brandenburg,m,28 bis unter 29 Jahre,8720
2020,Brandenburg,m,59 bis unter 60 Jahre,23980
2020,Brandenburg,m,2 bis unter 3 Jahre,11220
2020,Brandenburg,m,50 bis unter 51 Jahre,18161
2020,Brandenburg,m,64 bis unter 65 Jahre,19333
2020,Brandenburg,m,51 bis unter 52 Jahre,18791
2020,Brandenburg,m,46 bis unter 47 Jahre,13639
2020,Brandenburg,m,20 bis unter 21 Jahre,10822
2020,Brandenburg,m,33 bis unter 34 Jahre,16410
2020,Brandenburg,m,3 bis unter 4 Jahre,11705
2020,Brandenburg,m,16 bis unter 17 Jahre,11231
2020,Brandenburg,m,47 bis unter 48 Jahre,13830
2020,Brandenburg,m,29 bis unter 30 Jahre,9772
2020,Brandenburg,f,37 bis unter 38 Jahre,16115
2020,Brandenburg,f,11 bis unter 12 Jahre,11157
2020,Brandenburg,f,68 bis unter 69 Jahre,18811
2020,Brandenburg,f,24 bis unter 25 Jahre,7946
2020,Brandenburg,f,75 bis unter 80 Jahre,69884
2020,Brandenburg,f,55 bis unter 56 Jahre,22759
2020,Brandenburg,f,42 bis unter 43 Jahre,16013
2020,Brandenburg,f,7 bis unter 8 Jahre,11058
2020,Brandenburg,f,60 bis unter 61 Jahre,23004
2020,Brandenburg,f,73 bis unter 74 Jahre,11801
2020,Brandenburg,f,49 bis unter 50 Jahre,17049
2020,Brandenburg,f,90 Jahre und mehr,19406
2020,Brandenburg,f,5 bis unter 6 Jahre,11173
2020,Brandenburg,f,10 bis unter 11 Jahre,11366
2020,Brandenburg,f,67 bis unter 68 Jahre,19249
2020,Brandenburg,f,36 bis unter 37 Jahre,15936
2020,Brandenburg,f,23 bis unter 24 Jahre,8242
2020,Brandenburg,f,41 bis unter 42 Jahre,15859
2020,Brandenburg,f,54 bis unter 55 Jahre,22043
2020,Brandenburg,f,85 bis unter 90 Jahre,37255
2020,Brandenburg,f,19 bis unter 20 Jahre,9356
2020,Brandenburg,f,72 bis unter 73 Jahre,12248
2020,Brandenburg,f,6 bis unter 7 Jahre,11665
2020,Brandenburg,f,48 bis unter 49 Jahre,14481
2020,Brandenburg,f,17 bis unter 18 Jahre,10247
2020,Brandenburg,f,70 bis unter 71 Jahre,17086
2020,Brandenburg,f,4 bis unter 5 Jahre,11601
2020,Brandenburg,f,22 bis unter 23 Jahre,8598
2020,Brandenburg,f,35 bis unter 36 Jahre,16044
2020,Brandenburg,f,53 bis unter 54 Jahre,20469
2020,Brandenburg,f,40 bis unter 41 Jahre,16593
2020,Brandenburg,f,66 bis unter 67 Jahre,19615
2020,Brandenburg,f,80 bis unter 85 Jahre,72797
2020,Brandenburg,f,18 bis unter 19 Jahre,9905
2020,Brandenburg,f,71 bis unter 72 Jahre,14388
2020,Brandenburg,f,3 bis unter 4 Jahre,11215
2020,Brandenburg,f,16 bis unter 17 Jahre,10368
2020,Brandenburg,f,34 bis unter 35 Jahre,15909
2020,Brandenburg,f,21 bis unter 22 Jahre,8974
2020,Brandenburg,f,47 bis unter 48 Jahre,13352
2020,Brandenburg,f,52 bis unter 53 Jahre,19494
2020,Brandenburg,f,65 bis unter 66 Jahre,19726
2020,Brandenburg,f,15 bis unter 16 Jahre,10335
2020,Brandenburg,f,2 bis unter 3 Jahre,10540
2020,Brandenburg,f,28 bis unter 29 Jahre,7986
2020,Brandenburg,f,33 bis unter 34 Jahre,16100
2020,Brandenburg,f,59 bis unter 60 Jahre,23857
2020,Brandenburg,f,46 bis unter 47 Jahre,13070
2020,Brandenburg,f,64 bis unter 65 Jahre,19669
2020,Brandenburg,f,20 bis unter 21 Jahre,9680
2020,Brandenburg,f,29 bis unter 30 Jahre,9403
2020,Brandenburg,f,51 bis unter 52 Jahre,18347
2020,Brandenburg,f,14 bis unter 15 Jahre,10483
2020,Brandenburg,f,27 bis unter 28 Jahre,7380
2020,Brandenburg,f,45 bis unter 46 Jahre,13151
2020,Brandenburg,f,1 bis unter 2 Jahre,9928
2020,Brandenburg,f,58 bis unter 59 Jahre,24126
2020,Brandenburg,f,63 bis unter 64 Jahre,19832
2020,Brandenburg,f,32 bis unter 33 Jahre,15476
2020,Brandenburg,f,50 bis unter 51 Jahre,17565
2020,Brandenburg,f,26 bis unter 27 Jahre,7292
2020,Brandenburg,f,39 bis unter 40 Jahre,16135
2020,Brandenburg,f,57 bis unter 58 Jahre,24362
2020,Brandenburg,f,44 bis unter 45 Jahre,13965
2020,Brandenburg,f,13 bis unter 14 Jahre,11074
2020,Brandenburg,f,unter 1 Jahr,9326
2020,Brandenburg,f,31 bis unter 32 Jahre,14745
2020,Brandenburg,f,9 bis unter 10 Jahre,11187
2020,Brandenburg,f,62 bis unter 63 Jahre,20437
2020,Brandenburg,f,38 bis unter 39 Jahre,16276
2020,Brandenburg,f,25 bis unter 26 Jahre,7468
2020,Brandenburg,f,56 bis unter 57 Jahre,23571
2020,Brandenburg,f,12 bis unter 13 Jahre,11375
2020,Brandenburg,f,69 bis unter 70 Jahre,17956
2020,Brandenburg,f,30 bis unter 31 Jahre,13699
2020,Brandenburg,f,43 bis unter 44 Jahre,15381
2020,Brandenburg,f,74 bis unter 75 Jahre,7966
2020,Brandenburg,f,8 bis unter 9 Jahre,11437
2020,Brandenburg,f,61 bis unter 62 Jahre,22184
2020,Sachsen-Anhalt,m,90 Jahre und mehr,5983
2020,Sachsen-Anhalt,m,27 bis unter 28 Jahre,8178
2020,Sachsen-Anhalt,m,62 bis unter 63 Jahre,17001
2020,Sachsen-Anhalt,m,9 bis unter 10 Jahre,9323
2020,Sachsen-Anhalt,m,44 bis unter 45 Jahre,11686
2020,Sachsen-Anhalt,m,31 bis unter 32 Jahre,13933
2020,Sachsen-Anhalt,m,80 bis unter 85 Jahre,45239
2020,Sachsen-Anhalt,m,26 bis unter 27 Jahre,8238
2020,Sachsen-Anhalt,m,13 bis unter 14 Jahre,9285
2020,Sachsen-Anhalt,m,unter 1 Jahr,8262
2020,Sachsen-Anhalt,m,57 bis unter 58 Jahre,20112
2020,Sachsen-Anhalt,m,39 bis unter 40 Jahre,14066
2020,Sachsen-Anhalt,m,74 bis unter 75 Jahre,7843
2020,Sachsen-Anhalt,m,61 bis unter 62 Jahre,18045
2020,Sachsen-Anhalt,m,8 bis unter 9 Jahre,9458
2020,Sachsen-Anhalt,m,56 bis unter 57 Jahre,19334
2020,Sachsen-Anhalt,m,43 bis unter 44 Jahre,13074
2020,Sachsen-Anhalt,m,30 bis unter 31 Jahre,13758
2020,Sachsen-Anhalt,m,25 bis unter 26 Jahre,8629
2020,Sachsen-Anhalt,m,12 bis unter 13 Jahre,9641
2020,Sachsen-Anhalt,m,69 bis unter 70 Jahre,14774
2020,Sachsen-Anhalt,m,7 bis unter 8 Jahre,9401
2020,Sachsen-Anhalt,m,75 bis unter 80 Jahre,51262
2020,Sachsen-Anhalt,m,38 bis unter 39 Jahre,14159
2020,Sachsen-Anhalt,m,73 bis unter 74 Jahre,9977
2020,Sachsen-Anhalt,m,60 bis unter 61 Jahre,18927
2020,Sachsen-Anhalt,m,68 bis unter 69 Jahre,15782
2020,Sachsen-Anhalt,m,55 bis unter 56 Jahre,18753
2020,Sachsen-Anhalt,m,42 bis unter 43 Jahre,13543
2020,Sachsen-Anhalt,m,37 bis unter 38 Jahre,14249
2020,Sachsen-Anhalt,m,24 bis unter 25 Jahre,9169
2020,Sachsen-Anhalt,m,11 bis unter 12 Jahre,9348
2020,Sachsen-Anhalt,m,6 bis unter 7 Jahre,9739
2020,Sachsen-Anhalt,m,72 bis unter 73 Jahre,10345
2020,Sachsen-Anhalt,m,85 bis unter 90 Jahre,18317
2020,Sachsen-Anhalt,m,19 bis unter 20 Jahre,9418
2020,Sachsen-Anhalt,m,10 bis unter 11 Jahre,9385
2020,Sachsen-Anhalt,m,67 bis unter 68 Jahre,16051
2020,Sachsen-Anhalt,m,54 bis unter 55 Jahre,18066
2020,Sachsen-Anhalt,m,41 bis unter 42 Jahre,13722
2020,Sachsen-Anhalt,m,49 bis unter 50 Jahre,16084
2020,Sachsen-Anhalt,m,36 bis unter 37 Jahre,14047
2020,Sachsen-Anhalt,m,23 bis unter 24 Jahre,9659
2020,Sachsen-Anhalt,m,71 bis unter 72 Jahre,12422
2020,Sachsen-Anhalt,m,18 bis unter 19 Jahre,9188
2020,Sachsen-Anhalt,m,5 bis unter 6 Jahre,9480
2020,Sachsen-Anhalt,m,40 bis unter 41 Jahre,14282
2020,Sachsen-Anhalt,m,66 bis unter 67 Jahre,16379
2020,Sachsen-Anhalt,m,53 bis unter 54 Jahre,17344
2020,Sachsen-Anhalt,m,48 bis unter 49 Jahre,13577
2020,Sachsen-Anhalt,m,35 bis unter 36 Jahre,14123
2020,Sachsen-Anhalt,m,22 bis unter 23 Jahre,9338
2020,Sachsen-Anhalt,m,70 bis unter 71 Jahre,14400
2020,Sachsen-Anhalt,m,17 bis unter 18 Jahre,8761
2020,Sachsen-Anhalt,m,4 bis unter 5 Jahre,9761
2020,Sachsen-Anhalt,m,52 bis unter 53 Jahre,16832
2020,Sachsen-Anhalt,m,21 bis unter 22 Jahre,10009
2020,Sachsen-Anhalt,m,65 bis unter 66 Jahre,17014
2020,Sachsen-Anhalt,m,3 bis unter 4 Jahre,9551
2020,Sachsen-Anhalt,m,47 bis unter 48 Jahre,11925
2020,Sachsen-Anhalt,m,34 bis unter 35 Jahre,14112
2020,Sachsen-Anhalt,m,29 bis unter 30 Jahre,9469
2020,Sachsen-Anhalt,m,16 bis unter 17 Jahre,8960
2020,Sachsen-Anhalt,m,51 bis unter 52 Jahre,16414
2020,Sachsen-Anhalt,m,33 bis unter 34 Jahre,14507
2020,Sachsen-Anhalt,m,20 bis unter 21 Jahre,10171
2020,Sachsen-Anhalt,m,64 bis unter 65 Jahre,16344
2020,Sachsen-Anhalt,m,2 bis unter 3 Jahre,9054
2020,Sachsen-Anhalt,m,59 bis unter 60 Jahre,19492
2020,Sachsen-Anhalt,m,46 bis unter 47 Jahre,11357
2020,Sachsen-Anhalt,m,28 bis unter 29 Jahre,8568
2020,Sachsen-Anhalt,m,15 bis unter 16 Jahre,8869
2020,Sachsen-Anhalt,m,63 bis unter 64 Jahre,16472
2020,Sachsen-Anhalt,m,50 bis unter 51 Jahre,15934
2020,Sachsen-Anhalt,m,32 bis unter 33 Jahre,14635
2020,Sachsen-Anhalt,m,14 bis unter 15 Jahre,9091
2020,Sachsen-Anhalt,m,1 bis unter 2 Jahre,8679
2020,Sachsen-Anhalt,m,58 bis unter 59 Jahre,19538
2020,Sachsen-Anhalt,m,45 bis unter 46 Jahre,11278
2020,Sachsen-Anhalt,f,56 bis unter 57 Jahre,19316
2020,Sachsen-Anhalt,f,43 bis unter 44 Jahre,11656
2020,Sachsen-Anhalt,f,30 bis unter 31 Jahre,12046
2020,Sachsen-Anhalt,f,8 bis unter 9 Jahre,8989
2020,Sachsen-Anhalt,f,61 bis unter 62 Jahre,18896
2020,Sachsen-Anhalt,f,74 bis unter 75 Jahre,9615
2020,Sachsen-Anhalt,f,7 bis unter 8 Jahre,8952
2020,Sachsen-Anhalt,f,60 bis unter 61 Jahre,19007
2020,Sachsen-Anhalt,f,25 bis unter 26 Jahre,7284
2020,Sachsen-Anhalt,f,38 bis unter 39 Jahre,12570
2020,Sachsen-Anhalt,f,12 bis unter 13 Jahre,9103
2020,Sachsen-Anhalt,f,80 bis unter 85 Jahre,67544
2020,Sachsen-Anhalt,f,69 bis unter 70 Jahre,16956
2020,Sachsen-Anhalt,f,44 bis unter 45 Jahre,10464
2020,Sachsen-Anhalt,f,57 bis unter 58 Jahre,19823
2020,Sachsen-Anhalt,f,31 bis unter 32 Jahre,12694
2020,Sachsen-Anhalt,f,9 bis unter 10 Jahre,8776
2020,Sachsen-Anhalt,f,62 bis unter 63 Jahre,17601
2020,Sachsen-Anhalt,f,39 bis unter 40 Jahre,12430
2020,Sachsen-Anhalt,f,26 bis unter 27 Jahre,7028
2020,Sachsen-Anhalt,f,unter 1 Jahr,7800
2020,Sachsen-Anhalt,f,13 bis unter 14 Jahre,8766
2020,Sachsen-Anhalt,f,45 bis unter 46 Jahre,9884
2020,Sachsen-Anhalt,f,32 bis unter 33 Jahre,13226
2020,Sachsen-Anhalt,f,75 bis unter 80 Jahre,67030
2020,Sachsen-Anhalt,f,63 bis unter 64 Jahre,17477
2020,Sachsen-Anhalt,f,50 bis unter 51 Jahre,14977
2020,Sachsen-Anhalt,f,27 bis unter 28 Jahre,7206
2020,Sachsen-Anhalt,f,14 bis unter 15 Jahre,8205
2020,Sachsen-Anhalt,f,58 bis unter 59 Jahre,19842
2020,Sachsen-Anhalt,f,1 bis unter 2 Jahre,8226
2020,Sachsen-Anhalt,f,33 bis unter 34 Jahre,13332
2020,Sachsen-Anhalt,f,20 bis unter 21 Jahre,8720
2020,Sachsen-Anhalt,f,64 bis unter 65 Jahre,17934
2020,Sachsen-Anhalt,f,51 bis unter 52 Jahre,15498
2020,Sachsen-Anhalt,f,28 bis unter 29 Jahre,7720
2020,Sachsen-Anhalt,f,2 bis unter 3 Jahre,8669
2020,Sachsen-Anhalt,f,15 bis unter 16 Jahre,8561
2020,Sachsen-Anhalt,f,46 bis unter 47 Jahre,10356
2020,Sachsen-Anhalt,f,59 bis unter 60 Jahre,19693
2020,Sachsen-Anhalt,f,21 bis unter 22 Jahre,8397
2020,Sachsen-Anhalt,f,34 bis unter 35 Jahre,12934
2020,Sachsen-Anhalt,f,65 bis unter 66 Jahre,17979
2020,Sachsen-Anhalt,f,52 bis unter 53 Jahre,15943
2020,Sachsen-Anhalt,f,85 bis unter 90 Jahre,35254
2020,Sachsen-Anhalt,f,29 bis unter 30 Jahre,8532
2020,Sachsen-Anhalt,f,16 bis unter 17 Jahre,8394
2020,Sachsen-Anhalt,f,3 bis unter 4 Jahre,8966
2020,Sachsen-Anhalt,f,47 bis unter 48 Jahre,10671
2020,Sachsen-Anhalt,f,22 bis unter 23 Jahre,8405
2020,Sachsen-Anhalt,f,66 bis unter 67 Jahre,17550
2020,Sachsen-Anhalt,f,40 bis unter 41 Jahre,12754
2020,Sachsen-Anhalt,f,53 bis unter 54 Jahre,16826
2020,Sachsen-Anhalt,f,4 bis unter 5 Jahre,9119
2020,Sachsen-Anhalt,f,17 bis unter 18 Jahre,8077
2020,Sachsen-Anhalt,f,70 bis unter 71 Jahre,16480
2020,Sachsen-Anhalt,f,48 bis unter 49 Jahre,12347
2020,Sachsen-Anhalt,f,35 bis unter 36 Jahre,12679
2020,Sachsen-Anhalt,f,10 bis unter 11 Jahre,9050
2020,Sachsen-Anhalt,f,67 bis unter 68 Jahre,17902
2020,Sachsen-Anhalt,f,54 bis unter 55 Jahre,17462
2020,Sachsen-Anhalt,f,41 bis unter 42 Jahre,12119
2020,Sachsen-Anhalt,f,18 bis unter 19 Jahre,8285
2020,Sachsen-Anhalt,f,71 bis unter 72 Jahre,14794
2020,Sachsen-Anhalt,f,90 Jahre und mehr,18974
2020,Sachsen-Anhalt,f,5 bis unter 6 Jahre,9122
2020,Sachsen-Anhalt,f,49 bis unter 50 Jahre,14584
2020,Sachsen-Anhalt,f,23 bis unter 24 Jahre,8370
2020,Sachsen-Anhalt,f,36 bis unter 37 Jahre,12754
2020,Sachsen-Anhalt,f,11 bis unter 12 Jahre,8815
2020,Sachsen-Anhalt,f,68 bis unter 69 Jahre,17550
2020,Sachsen-Anhalt,f,42 bis unter 43 Jahre,12140
2020,Sachsen-Anhalt,f,55 bis unter 56 Jahre,18445
2020,Sachsen-Anhalt,f,73 bis unter 74 Jahre,12045
2020,Sachsen-Anhalt,f,6 bis unter 7 Jahre,9023
2020,Sachsen-Anhalt,f,19 bis unter 20 Jahre,8534
2020,Sachsen-Anhalt,f,72 bis unter 73 Jahre,12356
2020,Sachsen-Anhalt,f,37 bis unter 38 Jahre,12728
2020,Sachsen-Anhalt,f,24 bis unter 25 Jahre,7858
2020,Bayern,m,5 bis unter 6 Jahre,63783
2020,Bayern,m,18 bis unter 19 Jahre,63622
2020,Bayern,m,71 bis unter 72 Jahre,62109
2020,Bayern,m,36 bis unter 37 Jahre,86232
2020,Bayern,m,49 bis unter 50 Jahre,91722
2020,Bayern,m,66 bis unter 67 Jahre,71044
2020,Bayern,m,22 bis unter 23 Jahre,80261
2020,Bayern,m,35 bis unter 36 Jahre,86864
2020,Bayern,m,40 bis unter 41 Jahre,86126
2020,Bayern,m,53 bis unter 54 Jahre,109800
2020,Bayern,m,6 bis unter 7 Jahre,62681
2020,Bayern,m,19 bis unter 20 Jahre,67725
2020,Bayern,m,72 bis unter 73 Jahre,58619
2020,Bayern,m,24 bis unter 25 Jahre,83321
2020,Bayern,m,37 bis unter 38 Jahre,86740
2020,Bayern,m,67 bis unter 68 Jahre,67474
2020,Bayern,m,10 bis unter 11 Jahre,59208
2020,Bayern,m,23 bis unter 24 Jahre,83635
2020,Bayern,m,80 bis unter 85 Jahre,214715
2020,Bayern,m,75 bis unter 80 Jahre,233395
2020,Bayern,m,41 bis unter 42 Jahre,82585
2020,Bayern,m,54 bis unter 55 Jahre,110205
2020,Bayern,m,29 bis unter 30 Jahre,91617
2020,Bayern,m,47 bis unter 48 Jahre,78938
2020,Bayern,m,3 bis unter 4 Jahre,66094
2020,Bayern,m,16 bis unter 17 Jahre,60968
2020,Bayern,m,20 bis unter 21 Jahre,72500
2020,Bayern,m,85 bis unter 90 Jahre,89877
2020,Bayern,m,33 bis unter 34 Jahre,92235
2020,Bayern,m,46 bis unter 47 Jahre,79267
2020,Bayern,m,51 bis unter 52 Jahre,103302
2020,Bayern,m,64 bis unter 65 Jahre,80365
2020,Bayern,m,17 bis unter 18 Jahre,61776
2020,Bayern,m,70 bis unter 71 Jahre,64375
2020,Bayern,m,48 bis unter 49 Jahre,84818
2020,Bayern,m,4 bis unter 5 Jahre,66099
2020,Bayern,m,21 bis unter 22 Jahre,76757
2020,Bayern,m,34 bis unter 35 Jahre,90857
2020,Bayern,m,52 bis unter 53 Jahre,107653
2020,Bayern,m,65 bis unter 66 Jahre,74410
2020,Bayern,m,1 bis unter 2 Jahre,66236
2020,Bayern,m,14 bis unter 15 Jahre,59008
2020,Bayern,m,27 bis unter 28 Jahre,87971
2020,Bayern,m,44 bis unter 45 Jahre,79887
2020,Bayern,m,57 bis unter 58 Jahre,107570
2020,Bayern,m,unter 1 Jahr,65813
2020,Bayern,m,9 bis unter 10 Jahre,58534
2020,Bayern,m,62 bis unter 63 Jahre,87761
2020,Bayern,m,31 bis unter 32 Jahre,92755
2020,Bayern,m,28 bis unter 29 Jahre,88819
2020,Bayern,m,59 bis unter 60 Jahre,101610
2020,Bayern,m,2 bis unter 3 Jahre,66300
2020,Bayern,m,15 bis unter 16 Jahre,59991
2020,Bayern,m,32 bis unter 33 Jahre,95033
2020,Bayern,m,45 bis unter 46 Jahre,78348
2020,Bayern,m,58 bis unter 59 Jahre,103605
2020,Bayern,m,50 bis unter 51 Jahre,95166
2020,Bayern,m,63 bis unter 64 Jahre,83962
2020,Bayern,m,90 Jahre und mehr,35557
2020,Bayern,m,7 bis unter 8 Jahre,60439
2020,Bayern,m,60 bis unter 61 Jahre,96906
2020,Bayern,m,25 bis unter 26 Jahre,82972
2020,Bayern,m,38 bis unter 39 Jahre,87847
2020,Bayern,m,55 bis unter 56 Jahre,109540
2020,Bayern,m,68 bis unter 69 Jahre,66802
2020,Bayern,m,11 bis unter 12 Jahre,58449
2020,Bayern,m,73 bis unter 74 Jahre,56625
2020,Bayern,m,42 bis unter 43 Jahre,80940
2020,Bayern,m,8 bis unter 9 Jahre,60605
2020,Bayern,m,61 bis unter 62 Jahre,93151
2020,Bayern,m,13 bis unter 14 Jahre,59903
2020,Bayern,m,26 bis unter 27 Jahre,84274
2020,Bayern,m,39 bis unter 40 Jahre,86927
2020,Bayern,m,43 bis unter 44 Jahre,80937
2020,Bayern,m,56 bis unter 57 Jahre,110300
2020,Bayern,m,69 bis unter 70 Jahre,64020
2020,Bayern,m,12 bis unter 13 Jahre,60138
2020,Bayern,m,74 bis unter 75 Jahre,48273
2020,Bayern,m,30 bis unter 31 Jahre,95847
2020,Bayern,f,80 bis unter 85 Jahre,292860
2020,Bayern,f,65 bis unter 66 Jahre,78688
2020,Bayern,f,52 bis unter 53 Jahre,105022
2020,Bayern,f,17 bis unter 18 Jahre,58899
2020,Bayern,f,70 bis unter 71 Jahre,72013
2020,Bayern,f,16 bis unter 17 Jahre,58563
2020,Bayern,f,3 bis unter 4 Jahre,63555
2020,Bayern,f,47 bis unter 48 Jahre,78992
2020,Bayern,f,34 bis unter 35 Jahre,85442
2020,Bayern,f,21 bis unter 22 Jahre,67916
2020,Bayern,f,20 bis unter 21 Jahre,66492
2020,Bayern,f,64 bis unter 65 Jahre,82781
2020,Bayern,f,51 bis unter 52 Jahre,101215
2020,Bayern,f,29 bis unter 30 Jahre,84108
2020,Bayern,f,28 bis unter 29 Jahre,83370
2020,Bayern,f,15 bis unter 16 Jahre,56652
2020,Bayern,f,59 bis unter 60 Jahre,101952
2020,Bayern,f,2 bis unter 3 Jahre,63188
2020,Bayern,f,46 bis unter 47 Jahre,79314
2020,Bayern,f,33 bis unter 34 Jahre,85640
2020,Bayern,f,63 bis unter 64 Jahre,86572
2020,Bayern,f,50 bis unter 51 Jahre,94534
2020,Bayern,f,27 bis unter 28 Jahre,81129
2020,Bayern,f,14 bis unter 15 Jahre,55573
2020,Bayern,f,58 bis unter 59 Jahre,104009
2020,Bayern,f,1 bis unter 2 Jahre,62821
2020,Bayern,f,45 bis unter 46 Jahre,78092
2020,Bayern,f,85 bis unter 90 Jahre,151885
2020,Bayern,f,32 bis unter 33 Jahre,88371
2020,Bayern,f,31 bis unter 32 Jahre,86959
2020,Bayern,f,9 bis unter 10 Jahre,55142
2020,Bayern,f,62 bis unter 63 Jahre,89315
2020,Bayern,f,39 bis unter 40 Jahre,85890
2020,Bayern,f,75 bis unter 80 Jahre,280702
2020,Bayern,f,26 bis unter 27 Jahre,77319
2020,Bayern,f,13 bis unter 14 Jahre,56886
2020,Bayern,f,57 bis unter 58 Jahre,107411
2020,Bayern,f,unter 1 Jahr,62805
2020,Bayern,f,44 bis unter 45 Jahre,79370
2020,Bayern,f,43 bis unter 44 Jahre,79850
2020,Bayern,f,30 bis unter 31 Jahre,88530
2020,Bayern,f,74 bis unter 75 Jahre,56349
2020,Bayern,f,8 bis unter 9 Jahre,57008
2020,Bayern,f,61 bis unter 62 Jahre,94056
2020,Bayern,f,38 bis unter 39 Jahre,85856
2020,Bayern,f,25 bis unter 26 Jahre,75644
2020,Bayern,f,12 bis unter 13 Jahre,56962
2020,Bayern,f,69 bis unter 70 Jahre,71797
2020,Bayern,f,56 bis unter 57 Jahre,108531
2020,Bayern,f,42 bis unter 43 Jahre,80852
2020,Bayern,f,73 bis unter 74 Jahre,63841
2020,Bayern,f,7 bis unter 8 Jahre,58013
2020,Bayern,f,60 bis unter 61 Jahre,97562
2020,Bayern,f,90 Jahre und mehr,86695
2020,Bayern,f,37 bis unter 38 Jahre,83180
2020,Bayern,f,24 bis unter 25 Jahre,75770
2020,Bayern,f,11 bis unter 12 Jahre,55351
2020,Bayern,f,68 bis unter 69 Jahre,74733
2020,Bayern,f,55 bis unter 56 Jahre,106463
2020,Bayern,f,54 bis unter 55 Jahre,108088
2020,Bayern,f,41 bis unter 42 Jahre,81845
2020,Bayern,f,72 bis unter 73 Jahre,65828
2020,Bayern,f,19 bis unter 20 Jahre,61921
2020,Bayern,f,6 bis unter 7 Jahre,59136
2020,Bayern,f,5 bis unter 6 Jahre,60672
2020,Bayern,f,49 bis unter 50 Jahre,91456
2020,Bayern,f,36 bis unter 37 Jahre,82725
2020,Bayern,f,23 bis unter 24 Jahre,75110
2020,Bayern,f,10 bis unter 11 Jahre,56231
2020,Bayern,f,67 bis unter 68 Jahre,74165
2020,Bayern,f,66 bis unter 67 Jahre,77216
2020,Bayern,f,53 bis unter 54 Jahre,107445
2020,Bayern,f,40 bis unter 41 Jahre,85442
2020,Bayern,f,71 bis unter 72 Jahre,69996
2020,Bayern,f,18 bis unter 19 Jahre,59888
2020,Bayern,f,4 bis unter 5 Jahre,62800
2020,Bayern,f,48 bis unter 49 Jahre,85047
2020,Bayern,f,35 bis unter 36 Jahre,82512
2020,Bayern,f,22 bis unter 23 Jahre,71575
2020,Hamburg,m,90 Jahre und mehr,4860
2020,Hamburg,m,53 bis unter 54 Jahre,14419
2020,Hamburg,m,66 bis unter 67 Jahre,7739
2020,Hamburg,m,71 bis unter 72 Jahre,7127
2020,Hamburg,m,40 bis unter 41 Jahre,13685
2020,Hamburg,m,4 bis unter 5 Jahre,10014
2020,Hamburg,m,17 bis unter 18 Jahre,8109
2020,Hamburg,m,80 bis unter 85 Jahre,26631
2020,Hamburg,m,70 bis unter 71 Jahre,7159
2020,Hamburg,m,22 bis unter 23 Jahre,11200
2020,Hamburg,m,35 bis unter 36 Jahre,14401
2020,Hamburg,m,48 bis unter 49 Jahre,11817
2020,Hamburg,m,41 bis unter 42 Jahre,12836
2020,Hamburg,m,54 bis unter 55 Jahre,14444
2020,Hamburg,m,67 bis unter 68 Jahre,7224
2020,Hamburg,m,19 bis unter 20 Jahre,8647
2020,Hamburg,m,72 bis unter 73 Jahre,6969
2020,Hamburg,m,49 bis unter 50 Jahre,12581
2020,Hamburg,m,5 bis unter 6 Jahre,9567
2020,Hamburg,m,18 bis unter 19 Jahre,8062
2020,Hamburg,m,10 bis unter 11 Jahre,8343
2020,Hamburg,m,23 bis unter 24 Jahre,12403
2020,Hamburg,m,36 bis unter 37 Jahre,14320
2020,Hamburg,m,42 bis unter 43 Jahre,12729
2020,Hamburg,m,55 bis unter 56 Jahre,13869
2020,Hamburg,m,60 bis unter 61 Jahre,11220
2020,Hamburg,m,7 bis unter 8 Jahre,8866
2020,Hamburg,m,73 bis unter 74 Jahre,6687
2020,Hamburg,m,6 bis unter 7 Jahre,9220
2020,Hamburg,m,68 bis unter 69 Jahre,7298
2020,Hamburg,m,11 bis unter 12 Jahre,8296
2020,Hamburg,m,24 bis unter 25 Jahre,12724
2020,Hamburg,m,37 bis unter 38 Jahre,13875
2020,Hamburg,m,30 bis unter 31 Jahre,16325
2020,Hamburg,m,43 bis unter 44 Jahre,12407
2020,Hamburg,m,61 bis unter 62 Jahre,10520
2020,Hamburg,m,8 bis unter 9 Jahre,8700
2020,Hamburg,m,74 bis unter 75 Jahre,5977
2020,Hamburg,m,38 bis unter 39 Jahre,13928
2020,Hamburg,m,56 bis unter 57 Jahre,14003
2020,Hamburg,m,69 bis unter 70 Jahre,6994
2020,Hamburg,m,12 bis unter 13 Jahre,8431
2020,Hamburg,m,25 bis unter 26 Jahre,12853
2020,Hamburg,m,31 bis unter 32 Jahre,15959
2020,Hamburg,m,44 bis unter 45 Jahre,12154
2020,Hamburg,m,62 bis unter 63 Jahre,9878
2020,Hamburg,m,9 bis unter 10 Jahre,8206
2020,Hamburg,m,26 bis unter 27 Jahre,13692
2020,Hamburg,m,39 bis unter 40 Jahre,13632
2020,Hamburg,m,unter 1 Jahr,10283
2020,Hamburg,m,57 bis unter 58 Jahre,13284
2020,Hamburg,m,13 bis unter 14 Jahre,8310
2020,Hamburg,m,32 bis unter 33 Jahre,16142
2020,Hamburg,m,50 bis unter 51 Jahre,12890
2020,Hamburg,m,63 bis unter 64 Jahre,9285
2020,Hamburg,m,14 bis unter 15 Jahre,8209
2020,Hamburg,m,27 bis unter 28 Jahre,14249
2020,Hamburg,m,45 bis unter 46 Jahre,11780
2020,Hamburg,m,1 bis unter 2 Jahre,10184
2020,Hamburg,m,58 bis unter 59 Jahre,12197
2020,Hamburg,m,64 bis unter 65 Jahre,8712
2020,Hamburg,m,20 bis unter 21 Jahre,9884
2020,Hamburg,m,51 bis unter 52 Jahre,13456
2020,Hamburg,m,15 bis unter 16 Jahre,8146
2020,Hamburg,m,28 bis unter 29 Jahre,14630
2020,Hamburg,m,75 bis unter 80 Jahre,30874
2020,Hamburg,m,33 bis unter 34 Jahre,15547
2020,Hamburg,m,46 bis unter 47 Jahre,11773
2020,Hamburg,m,59 bis unter 60 Jahre,11496
2020,Hamburg,m,2 bis unter 3 Jahre,10234
2020,Hamburg,m,52 bis unter 53 Jahre,14445
2020,Hamburg,m,65 bis unter 66 Jahre,8209
2020,Hamburg,m,21 bis unter 22 Jahre,10437
2020,Hamburg,m,3 bis unter 4 Jahre,10230
2020,Hamburg,m,16 bis unter 17 Jahre,8088
2020,Hamburg,m,29 bis unter 30 Jahre,15349
2020,Hamburg,m,34 bis unter 35 Jahre,15094
2020,Hamburg,m,47 bis unter 48 Jahre,11287
2020,Hamburg,m,85 bis unter 90 Jahre,11229
2020,Hamburg,f,3 bis unter 4 Jahre,9597
2020,Hamburg,f,47 bis unter 48 Jahre,11468
2020,Hamburg,f,34 bis unter 35 Jahre,14833
2020,Hamburg,f,21 bis unter 22 Jahre,9984
2020,Hamburg,f,65 bis unter 66 Jahre,8886
2020,Hamburg,f,64 bis unter 65 Jahre,9488
2020,Hamburg,f,51 bis unter 52 Jahre,13029
2020,Hamburg,f,29 bis unter 30 Jahre,15521
2020,Hamburg,f,16 bis unter 17 Jahre,7576
2020,Hamburg,f,2 bis unter 3 Jahre,9676
2020,Hamburg,f,59 bis unter 60 Jahre,11952
2020,Hamburg,f,46 bis unter 47 Jahre,11485
2020,Hamburg,f,33 bis unter 34 Jahre,15349
2020,Hamburg,f,20 bis unter 21 Jahre,9359
2020,Hamburg,f,63 bis unter 64 Jahre,9944
2020,Hamburg,f,50 bis unter 51 Jahre,12621
2020,Hamburg,f,28 bis unter 29 Jahre,14907
2020,Hamburg,f,15 bis unter 16 Jahre,7518
2020,Hamburg,f,49 bis unter 50 Jahre,12420
2020,Hamburg,f,36 bis unter 37 Jahre,14154
2020,Hamburg,f,23 bis unter 24 Jahre,12286
2020,Hamburg,f,10 bis unter 11 Jahre,7957
2020,Hamburg,f,67 bis unter 68 Jahre,8440
2020,Hamburg,f,54 bis unter 55 Jahre,14101
2020,Hamburg,f,90 Jahre und mehr,12390
2020,Hamburg,f,40 bis unter 41 Jahre,13974
2020,Hamburg,f,71 bis unter 72 Jahre,8571
2020,Hamburg,f,18 bis unter 19 Jahre,7752
2020,Hamburg,f,5 bis unter 6 Jahre,9128
2020,Hamburg,f,48 bis unter 49 Jahre,11732
2020,Hamburg,f,35 bis unter 36 Jahre,14556
2020,Hamburg,f,22 bis unter 23 Jahre,11010
2020,Hamburg,f,66 bis unter 67 Jahre,8761
2020,Hamburg,f,53 bis unter 54 Jahre,14011
2020,Hamburg,f,52 bis unter 53 Jahre,13905
2020,Hamburg,f,70 bis unter 71 Jahre,8649
2020,Hamburg,f,17 bis unter 18 Jahre,7455
2020,Hamburg,f,4 bis unter 5 Jahre,9754
2020,Hamburg,f,25 bis unter 26 Jahre,13216
2020,Hamburg,f,12 bis unter 13 Jahre,7914
2020,Hamburg,f,69 bis unter 70 Jahre,8398
2020,Hamburg,f,56 bis unter 57 Jahre,13784
2020,Hamburg,f,43 bis unter 44 Jahre,12249
2020,Hamburg,f,30 bis unter 31 Jahre,16477
2020,Hamburg,f,73 bis unter 74 Jahre,7728
2020,Hamburg,f,60 bis unter 61 Jahre,11447
2020,Hamburg,f,7 bis unter 8 Jahre,8466
2020,Hamburg,f,38 bis unter 39 Jahre,13956
2020,Hamburg,f,37 bis unter 38 Jahre,14063
2020,Hamburg,f,24 bis unter 25 Jahre,12875
2020,Hamburg,f,11 bis unter 12 Jahre,7654
2020,Hamburg,f,68 bis unter 69 Jahre,8494
2020,Hamburg,f,55 bis unter 56 Jahre,13698
2020,Hamburg,f,42 bis unter 43 Jahre,12545
2020,Hamburg,f,41 bis unter 42 Jahre,13004
2020,Hamburg,f,72 bis unter 73 Jahre,8202
2020,Hamburg,f,19 bis unter 20 Jahre,8466
2020,Hamburg,f,6 bis unter 7 Jahre,8861
2020,Hamburg,f,85 bis unter 90 Jahre,19684
2020,Hamburg,f,14 bis unter 15 Jahre,7494
2020,Hamburg,f,1 bis unter 2 Jahre,9782
2020,Hamburg,f,58 bis unter 59 Jahre,12356
2020,Hamburg,f,45 bis unter 46 Jahre,11561
2020,Hamburg,f,32 bis unter 33 Jahre,16245
2020,Hamburg,f,62 bis unter 63 Jahre,10424
2020,Hamburg,f,75 bis unter 80 Jahre,38551
2020,Hamburg,f,9 bis unter 10 Jahre,7827
2020,Hamburg,f,27 bis unter 28 Jahre,14716
2020,Hamburg,f,80 bis unter 85 Jahre,37745
2020,Hamburg,f,26 bis unter 27 Jahre,14063
2020,Hamburg,f,13 bis unter 14 Jahre,7614
2020,Hamburg,f,unter 1 Jahr,9576
2020,Hamburg,f,57 bis unter 58 Jahre,13235
2020,Hamburg,f,44 bis unter 45 Jahre,12352
2020,Hamburg,f,31 bis unter 32 Jahre,16078
2020,Hamburg,f,74 bis unter 75 Jahre,7156
2020,Hamburg,f,61 bis unter 62 Jahre,10920
2020,Hamburg,f,8 bis unter 9 Jahre,8206
2020,Hamburg,f,39 bis unter 40 Jahre,14264
2020,Hessen,m,21 bis unter 22 Jahre,36411
2020,Hessen,m,65 bis unter 66 Jahre,35789
2020,Hessen,m,52 bis unter 53 Jahre,51500
2020,Hessen,m,48 bis unter 49 Jahre,40398
2020,Hessen,m,35 bis unter 36 Jahre,40200
2020,Hessen,m,22 bis unter 23 Jahre,37865
2020,Hessen,m,70 bis unter 71 Jahre,31930
2020,Hessen,m,85 bis unter 90 Jahre,44333
2020,Hessen,m,17 bis unter 18 Jahre,30235
2020,Hessen,m,4 bis unter 5 Jahre,31932
2020,Hessen,m,51 bis unter 52 Jahre,49041
2020,Hessen,m,33 bis unter 34 Jahre,42415
2020,Hessen,m,20 bis unter 21 Jahre,34743
2020,Hessen,m,64 bis unter 65 Jahre,37992
2020,Hessen,m,47 bis unter 48 Jahre,37805
2020,Hessen,m,75 bis unter 80 Jahre,112417
2020,Hessen,m,34 bis unter 35 Jahre,41563
2020,Hessen,m,29 bis unter 30 Jahre,41777
2020,Hessen,m,16 bis unter 17 Jahre,30480
2020,Hessen,m,3 bis unter 4 Jahre,31824
2020,Hessen,m,72 bis unter 73 Jahre,29258
2020,Hessen,m,19 bis unter 20 Jahre,32617
2020,Hessen,m,67 bis unter 68 Jahre,32103
2020,Hessen,m,54 bis unter 55 Jahre,52889
2020,Hessen,m,41 bis unter 42 Jahre,38933
2020,Hessen,m,37 bis unter 38 Jahre,39653
2020,Hessen,m,24 bis unter 25 Jahre,39873
2020,Hessen,m,68 bis unter 69 Jahre,32160
2020,Hessen,m,11 bis unter 12 Jahre,29332
2020,Hessen,m,6 bis unter 7 Jahre,30116
2020,Hessen,m,40 bis unter 41 Jahre,40709
2020,Hessen,m,71 bis unter 72 Jahre,31336
2020,Hessen,m,66 bis unter 67 Jahre,34481
2020,Hessen,m,53 bis unter 54 Jahre,51974
2020,Hessen,m,36 bis unter 37 Jahre,40213
2020,Hessen,m,23 bis unter 24 Jahre,40749
2020,Hessen,m,10 bis unter 11 Jahre,29484
2020,Hessen,m,18 bis unter 19 Jahre,31172
2020,Hessen,m,5 bis unter 6 Jahre,31212
2020,Hessen,m,49 bis unter 50 Jahre,43566
2020,Hessen,m,74 bis unter 75 Jahre,22636
2020,Hessen,m,8 bis unter 9 Jahre,29332
2020,Hessen,m,61 bis unter 62 Jahre,43973
2020,Hessen,m,56 bis unter 57 Jahre,53173
2020,Hessen,m,43 bis unter 44 Jahre,37727
2020,Hessen,m,30 bis unter 31 Jahre,44049
2020,Hessen,m,13 bis unter 14 Jahre,30030
2020,Hessen,m,unter 1 Jahr,30490
2020,Hessen,m,57 bis unter 58 Jahre,51823
2020,Hessen,m,39 bis unter 40 Jahre,40108
2020,Hessen,m,26 bis unter 27 Jahre,39840
2020,Hessen,m,73 bis unter 74 Jahre,26764
2020,Hessen,m,7 bis unter 8 Jahre,29335
2020,Hessen,m,60 bis unter 61 Jahre,45754
2020,Hessen,m,55 bis unter 56 Jahre,52697
2020,Hessen,m,42 bis unter 43 Jahre,38452
2020,Hessen,m,25 bis unter 26 Jahre,39548
2020,Hessen,m,69 bis unter 70 Jahre,31128
2020,Hessen,m,12 bis unter 13 Jahre,29770
2020,Hessen,m,38 bis unter 39 Jahre,40818
2020,Hessen,m,63 bis unter 64 Jahre,39892
2020,Hessen,m,50 bis unter 51 Jahre,45555
2020,Hessen,m,80 bis unter 85 Jahre,103258
2020,Hessen,m,32 bis unter 33 Jahre,43976
2020,Hessen,m,2 bis unter 3 Jahre,31597
2020,Hessen,m,59 bis unter 60 Jahre,47469
2020,Hessen,m,46 bis unter 47 Jahre,38000
2020,Hessen,m,28 bis unter 29 Jahre,41160
2020,Hessen,m,15 bis unter 16 Jahre,29988
2020,Hessen,m,9 bis unter 10 Jahre,29206
2020,Hessen,m,90 Jahre und mehr,18362
2020,Hessen,m,62 bis unter 63 Jahre,41259
2020,Hessen,m,44 bis unter 45 Jahre,37893
2020,Hessen,m,31 bis unter 32 Jahre,43568
2020,Hessen,m,14 bis unter 15 Jahre,29131
2020,Hessen,m,1 bis unter 2 Jahre,30956
2020,Hessen,m,58 bis unter 59 Jahre,49332
2020,Hessen,m,45 bis unter 46 Jahre,37233
2020,Hessen,m,27 bis unter 28 Jahre,40646
2020,Hessen,f,59 bis unter 60 Jahre,48104
2020,Hessen,f,2 bis unter 3 Jahre,29920
2020,Hessen,f,46 bis unter 47 Jahre,38096
2020,Hessen,f,75 bis unter 80 Jahre,134595
2020,Hessen,f,33 bis unter 34 Jahre,40522
2020,Hessen,f,20 bis unter 21 Jahre,32232
2020,Hessen,f,51 bis unter 52 Jahre,48429
2020,Hessen,f,64 bis unter 65 Jahre,39714
2020,Hessen,f,29 bis unter 30 Jahre,39591
2020,Hessen,f,16 bis unter 17 Jahre,28605
2020,Hessen,f,3 bis unter 4 Jahre,30210
2020,Hessen,f,34 bis unter 35 Jahre,40120
2020,Hessen,f,47 bis unter 48 Jahre,38378
2020,Hessen,f,21 bis unter 22 Jahre,32770
2020,Hessen,f,65 bis unter 66 Jahre,38114
2020,Hessen,f,52 bis unter 53 Jahre,50451
2020,Hessen,f,70 bis unter 71 Jahre,35748
2020,Hessen,f,17 bis unter 18 Jahre,28412
2020,Hessen,f,4 bis unter 5 Jahre,30456
2020,Hessen,f,13 bis unter 14 Jahre,28097
2020,Hessen,f,26 bis unter 27 Jahre,37052
2020,Hessen,f,57 bis unter 58 Jahre,51218
2020,Hessen,f,unter 1 Jahr,28766
2020,Hessen,f,44 bis unter 45 Jahre,38833
2020,Hessen,f,80 bis unter 85 Jahre,139000
2020,Hessen,f,31 bis unter 32 Jahre,41195
2020,Hessen,f,9 bis unter 10 Jahre,27593
2020,Hessen,f,62 bis unter 63 Jahre,42308
2020,Hessen,f,27 bis unter 28 Jahre,37920
2020,Hessen,f,14 bis unter 15 Jahre,27728
2020,Hessen,f,85 bis unter 90 Jahre,72504
2020,Hessen,f,58 bis unter 59 Jahre,49308
2020,Hessen,f,1 bis unter 2 Jahre,29174
2020,Hessen,f,32 bis unter 33 Jahre,41397
2020,Hessen,f,45 bis unter 46 Jahre,37549
2020,Hessen,f,63 bis unter 64 Jahre,41231
2020,Hessen,f,50 bis unter 51 Jahre,45743
2020,Hessen,f,15 bis unter 16 Jahre,28100
2020,Hessen,f,28 bis unter 29 Jahre,38276
2020,Hessen,f,37 bis unter 38 Jahre,39377
2020,Hessen,f,11 bis unter 12 Jahre,27644
2020,Hessen,f,24 bis unter 25 Jahre,36306
2020,Hessen,f,55 bis unter 56 Jahre,52281
2020,Hessen,f,68 bis unter 69 Jahre,36024
2020,Hessen,f,42 bis unter 43 Jahre,39248
2020,Hessen,f,73 bis unter 74 Jahre,30759
2020,Hessen,f,7 bis unter 8 Jahre,27774
2020,Hessen,f,60 bis unter 61 Jahre,46315
2020,Hessen,f,38 bis unter 39 Jahre,40711
2020,Hessen,f,25 bis unter 26 Jahre,35918
2020,Hessen,f,69 bis unter 70 Jahre,35313
2020,Hessen,f,12 bis unter 13 Jahre,28501
2020,Hessen,f,56 bis unter 57 Jahre,52212
2020,Hessen,f,30 bis unter 31 Jahre,41662
2020,Hessen,f,43 bis unter 44 Jahre,38934
2020,Hessen,f,74 bis unter 75 Jahre,25854
2020,Hessen,f,8 bis unter 9 Jahre,27617
2020,Hessen,f,61 bis unter 62 Jahre,44742
2020,Hessen,f,39 bis unter 40 Jahre,41120
2020,Hessen,f,48 bis unter 49 Jahre,40900
2020,Hessen,f,35 bis unter 36 Jahre,38603
2020,Hessen,f,22 bis unter 23 Jahre,34231
2020,Hessen,f,53 bis unter 54 Jahre,51431
2020,Hessen,f,66 bis unter 67 Jahre,37391
2020,Hessen,f,40 bis unter 41 Jahre,41203
2020,Hessen,f,18 bis unter 19 Jahre,28679
2020,Hessen,f,71 bis unter 72 Jahre,35307
2020,Hessen,f,90 Jahre und mehr,44622
2020,Hessen,f,5 bis unter 6 Jahre,29393
2020,Hessen,f,36 bis unter 37 Jahre,39477
2020,Hessen,f,49 bis unter 50 Jahre,43913
2020,Hessen,f,23 bis unter 24 Jahre,36477
2020,Hessen,f,67 bis unter 68 Jahre,35761
2020,Hessen,f,10 bis unter 11 Jahre,28275
2020,Hessen,f,54 bis unter 55 Jahre,52126
2020,Hessen,f,41 bis unter 42 Jahre,39687
2020,Hessen,f,19 bis unter 20 Jahre,29902
2020,Hessen,f,72 bis unter 73 Jahre,32754
2020,Hessen,f,6 bis unter 7 Jahre,28843
2020,Niedersachsen,m,33 bis unter 34 Jahre,51043
2020,Niedersachsen,m,46 bis unter 47 Jahre,45154
2020,Niedersachsen,m,20 bis unter 21 Jahre,46172
2020,Niedersachsen,m,15 bis unter 16 Jahre,38461
2020,Niedersachsen,m,59 bis unter 60 Jahre,63790
2020,Niedersachsen,m,2 bis unter 3 Jahre,39107
2020,Niedersachsen,m,28 bis unter 29 Jahre,49568
2020,Niedersachsen,m,50 bis unter 51 Jahre,57793
2020,Niedersachsen,m,63 bis unter 64 Jahre,53120
2020,Niedersachsen,m,45 bis unter 46 Jahre,44235
2020,Niedersachsen,m,58 bis unter 59 Jahre,64514
2020,Niedersachsen,m,32 bis unter 33 Jahre,52364
2020,Niedersachsen,m,85 bis unter 90 Jahre,59475
2020,Niedersachsen,m,27 bis unter 28 Jahre,49884
2020,Niedersachsen,m,1 bis unter 2 Jahre,38535
2020,Niedersachsen,m,14 bis unter 15 Jahre,37878
2020,Niedersachsen,m,9 bis unter 10 Jahre,35922
2020,Niedersachsen,m,62 bis unter 63 Jahre,54659
2020,Niedersachsen,m,57 bis unter 58 Jahre,67446
2020,Niedersachsen,m,unter 1 Jahr,37817
2020,Niedersachsen,m,31 bis unter 32 Jahre,51264
2020,Niedersachsen,m,44 bis unter 45 Jahre,45101
2020,Niedersachsen,m,26 bis unter 27 Jahre,48731
2020,Niedersachsen,m,39 bis unter 40 Jahre,47246
2020,Niedersachsen,m,13 bis unter 14 Jahre,38305
2020,Niedersachsen,m,8 bis unter 9 Jahre,36573
2020,Niedersachsen,m,61 bis unter 62 Jahre,58326
2020,Niedersachsen,m,30 bis unter 31 Jahre,52447
2020,Niedersachsen,m,74 bis unter 75 Jahre,31326
2020,Niedersachsen,m,56 bis unter 57 Jahre,68538
2020,Niedersachsen,m,69 bis unter 70 Jahre,43619
2020,Niedersachsen,m,43 bis unter 44 Jahre,44948
2020,Niedersachsen,m,38 bis unter 39 Jahre,47522
2020,Niedersachsen,m,12 bis unter 13 Jahre,37866
2020,Niedersachsen,m,25 bis unter 26 Jahre,48236
2020,Niedersachsen,m,7 bis unter 8 Jahre,36650
2020,Niedersachsen,m,60 bis unter 61 Jahre,60412
2020,Niedersachsen,m,42 bis unter 43 Jahre,45314
2020,Niedersachsen,m,73 bis unter 74 Jahre,34363
2020,Niedersachsen,m,68 bis unter 69 Jahre,44534
2020,Niedersachsen,m,11 bis unter 12 Jahre,37036
2020,Niedersachsen,m,55 bis unter 56 Jahre,68711
2020,Niedersachsen,m,80 bis unter 85 Jahre,142576
2020,Niedersachsen,m,24 bis unter 25 Jahre,49250
2020,Niedersachsen,m,37 bis unter 38 Jahre,46904
2020,Niedersachsen,m,19 bis unter 20 Jahre,43558
2020,Niedersachsen,m,72 bis unter 73 Jahre,38879
2020,Niedersachsen,m,6 bis unter 7 Jahre,38535
2020,Niedersachsen,m,90 Jahre und mehr,22919
2020,Niedersachsen,m,41 bis unter 42 Jahre,45410
2020,Niedersachsen,m,10 bis unter 11 Jahre,37347
2020,Niedersachsen,m,23 bis unter 24 Jahre,49856
2020,Niedersachsen,m,54 bis unter 55 Jahre,69357
2020,Niedersachsen,m,67 bis unter 68 Jahre,44466
2020,Niedersachsen,m,49 bis unter 50 Jahre,55201
2020,Niedersachsen,m,36 bis unter 37 Jahre,46966
2020,Niedersachsen,m,71 bis unter 72 Jahre,42332
2020,Niedersachsen,m,75 bis unter 80 Jahre,152970
2020,Niedersachsen,m,5 bis unter 6 Jahre,38493
2020,Niedersachsen,m,18 bis unter 19 Jahre,42008
2020,Niedersachsen,m,53 bis unter 54 Jahre,67870
2020,Niedersachsen,m,40 bis unter 41 Jahre,47291
2020,Niedersachsen,m,22 bis unter 23 Jahre,47870
2020,Niedersachsen,m,66 bis unter 67 Jahre,46422
2020,Niedersachsen,m,4 bis unter 5 Jahre,39683
2020,Niedersachsen,m,35 bis unter 36 Jahre,47116
2020,Niedersachsen,m,48 bis unter 49 Jahre,50569
2020,Niedersachsen,m,17 bis unter 18 Jahre,40004
2020,Niedersachsen,m,70 bis unter 71 Jahre,43146
2020,Niedersachsen,m,52 bis unter 53 Jahre,66289
2020,Niedersachsen,m,65 bis unter 66 Jahre,48395
2020,Niedersachsen,m,34 bis unter 35 Jahre,49740
2020,Niedersachsen,m,21 bis unter 22 Jahre,47180
2020,Niedersachsen,m,3 bis unter 4 Jahre,39243
2020,Niedersachsen,m,16 bis unter 17 Jahre,39741
2020,Niedersachsen,m,47 bis unter 48 Jahre,45908
2020,Niedersachsen,m,29 bis unter 30 Jahre,50027
2020,Niedersachsen,m,64 bis unter 65 Jahre,50753
2020,Niedersachsen,m,51 bis unter 52 Jahre,63177
2020,Niedersachsen,f,62 bis unter 63 Jahre,56154
2020,Niedersachsen,f,9 bis unter 10 Jahre,34122
2020,Niedersachsen,f,14 bis unter 15 Jahre,35517
2020,Niedersachsen,f,27 bis unter 28 Jahre,44562
2020,Niedersachsen,f,44 bis unter 45 Jahre,45707
2020,Niedersachsen,f,57 bis unter 58 Jahre,67457
2020,Niedersachsen,f,unter 1 Jahr,35861
2020,Niedersachsen,f,31 bis unter 32 Jahre,47077
2020,Niedersachsen,f,50 bis unter 51 Jahre,58758
2020,Niedersachsen,f,59 bis unter 60 Jahre,64483
2020,Niedersachsen,f,2 bis unter 3 Jahre,36961
2020,Niedersachsen,f,28 bis unter 29 Jahre,44821
2020,Niedersachsen,f,15 bis unter 16 Jahre,36256
2020,Niedersachsen,f,45 bis unter 46 Jahre,44395
2020,Niedersachsen,f,32 bis unter 33 Jahre,48499
2020,Niedersachsen,f,58 bis unter 59 Jahre,65440
2020,Niedersachsen,f,1 bis unter 2 Jahre,36703
2020,Niedersachsen,f,63 bis unter 64 Jahre,55263
2020,Niedersachsen,f,90 Jahre und mehr,60312
2020,Niedersachsen,f,29 bis unter 30 Jahre,45761
2020,Niedersachsen,f,3 bis unter 4 Jahre,37634
2020,Niedersachsen,f,16 bis unter 17 Jahre,37731
2020,Niedersachsen,f,75 bis unter 80 Jahre,183127
2020,Niedersachsen,f,33 bis unter 34 Jahre,47724
2020,Niedersachsen,f,46 bis unter 47 Jahre,46157
2020,Niedersachsen,f,64 bis unter 65 Jahre,52745
2020,Niedersachsen,f,51 bis unter 52 Jahre,63172
2020,Niedersachsen,f,20 bis unter 21 Jahre,41870
2020,Niedersachsen,f,70 bis unter 71 Jahre,46835
2020,Niedersachsen,f,17 bis unter 18 Jahre,37965
2020,Niedersachsen,f,85 bis unter 90 Jahre,101144
2020,Niedersachsen,f,48 bis unter 49 Jahre,50992
2020,Niedersachsen,f,4 bis unter 5 Jahre,37910
2020,Niedersachsen,f,21 bis unter 22 Jahre,41837
2020,Niedersachsen,f,47 bis unter 48 Jahre,47121
2020,Niedersachsen,f,34 bis unter 35 Jahre,47118
2020,Niedersachsen,f,52 bis unter 53 Jahre,66119
2020,Niedersachsen,f,65 bis unter 66 Jahre,50810
2020,Niedersachsen,f,71 bis unter 72 Jahre,45899
2020,Niedersachsen,f,18 bis unter 19 Jahre,39331
2020,Niedersachsen,f,49 bis unter 50 Jahre,56207
2020,Niedersachsen,f,36 bis unter 37 Jahre,45244
2020,Niedersachsen,f,80 bis unter 85 Jahre,193790
2020,Niedersachsen,f,5 bis unter 6 Jahre,36221
2020,Niedersachsen,f,22 bis unter 23 Jahre,43249
2020,Niedersachsen,f,35 bis unter 36 Jahre,46161
2020,Niedersachsen,f,40 bis unter 41 Jahre,48283
2020,Niedersachsen,f,66 bis unter 67 Jahre,50119
2020,Niedersachsen,f,53 bis unter 54 Jahre,68354
2020,Niedersachsen,f,6 bis unter 7 Jahre,36147
2020,Niedersachsen,f,72 bis unter 73 Jahre,42110
2020,Niedersachsen,f,19 bis unter 20 Jahre,40351
2020,Niedersachsen,f,37 bis unter 38 Jahre,46246
2020,Niedersachsen,f,10 bis unter 11 Jahre,35203
2020,Niedersachsen,f,67 bis unter 68 Jahre,48276
2020,Niedersachsen,f,23 bis unter 24 Jahre,44903
2020,Niedersachsen,f,41 bis unter 42 Jahre,45899
2020,Niedersachsen,f,54 bis unter 55 Jahre,68955
2020,Niedersachsen,f,60 bis unter 61 Jahre,61686
2020,Niedersachsen,f,7 bis unter 8 Jahre,34896
2020,Niedersachsen,f,73 bis unter 74 Jahre,38468
2020,Niedersachsen,f,25 bis unter 26 Jahre,43244
2020,Niedersachsen,f,38 bis unter 39 Jahre,47239
2020,Niedersachsen,f,68 bis unter 69 Jahre,48321
2020,Niedersachsen,f,55 bis unter 56 Jahre,67928
2020,Niedersachsen,f,24 bis unter 25 Jahre,44073
2020,Niedersachsen,f,11 bis unter 12 Jahre,34829
2020,Niedersachsen,f,42 bis unter 43 Jahre,45615
2020,Niedersachsen,f,61 bis unter 62 Jahre,59754
2020,Niedersachsen,f,8 bis unter 9 Jahre,34590
2020,Niedersachsen,f,26 bis unter 27 Jahre,43665
2020,Niedersachsen,f,13 bis unter 14 Jahre,35724
2020,Niedersachsen,f,39 bis unter 40 Jahre,47640
2020,Niedersachsen,f,56 bis unter 57 Jahre,68915
2020,Niedersachsen,f,12 bis unter 13 Jahre,36021
2020,Niedersachsen,f,69 bis unter 70 Jahre,47329
2020,Niedersachsen,f,74 bis unter 75 Jahre,35706
2020,Niedersachsen,f,43 bis unter 44 Jahre,45380
2020,Niedersachsen,f,30 bis unter 31 Jahre,47874
2020,Bremen,m,26 bis unter 27 Jahre,4961
2020,Bremen,m,39 bis unter 40 Jahre,4461
2020,Bremen,m,8 bis unter 9 Jahre,3039
2020,Bremen,m,61 bis unter 62 Jahre,4320
2020,Bremen,m,74 bis unter 75 Jahre,2750
2020,Bremen,m,30 bis unter 31 Jahre,5430
2020,Bremen,m,43 bis unter 44 Jahre,3914
2020,Bremen,m,56 bis unter 57 Jahre,5306
2020,Bremen,m,69 bis unter 70 Jahre,3232
2020,Bremen,m,12 bis unter 13 Jahre,2971
2020,Bremen,m,25 bis unter 26 Jahre,4782
2020,Bremen,m,27 bis unter 28 Jahre,5012
2020,Bremen,m,9 bis unter 10 Jahre,2924
2020,Bremen,m,62 bis unter 63 Jahre,4131
2020,Bremen,m,90 Jahre und mehr,1953
2020,Bremen,m,31 bis unter 32 Jahre,5194
2020,Bremen,m,44 bis unter 45 Jahre,3970
2020,Bremen,m,57 bis unter 58 Jahre,5004
2020,Bremen,m,unter 1 Jahr,3413
2020,Bremen,m,13 bis unter 14 Jahre,3160
2020,Bremen,m,6 bis unter 7 Jahre,3276
2020,Bremen,m,19 bis unter 20 Jahre,3702
2020,Bremen,m,72 bis unter 73 Jahre,2985
2020,Bremen,m,85 bis unter 90 Jahre,4626
2020,Bremen,m,41 bis unter 42 Jahre,4197
2020,Bremen,m,54 bis unter 55 Jahre,5417
2020,Bremen,m,67 bis unter 68 Jahre,3324
2020,Bremen,m,10 bis unter 11 Jahre,2995
2020,Bremen,m,23 bis unter 24 Jahre,4913
2020,Bremen,m,36 bis unter 37 Jahre,4432
2020,Bremen,m,38 bis unter 39 Jahre,4579
2020,Bremen,m,80 bis unter 85 Jahre,11243
2020,Bremen,m,7 bis unter 8 Jahre,3054
2020,Bremen,m,60 bis unter 61 Jahre,4501
2020,Bremen,m,75 bis unter 80 Jahre,12566
2020,Bremen,m,73 bis unter 74 Jahre,2770
2020,Bremen,m,42 bis unter 43 Jahre,4137
2020,Bremen,m,55 bis unter 56 Jahre,5376
2020,Bremen,m,68 bis unter 69 Jahre,3232
2020,Bremen,m,11 bis unter 12 Jahre,3121
2020,Bremen,m,24 bis unter 25 Jahre,4981
2020,Bremen,m,37 bis unter 38 Jahre,4536
2020,Bremen,m,4 bis unter 5 Jahre,3442
2020,Bremen,m,17 bis unter 18 Jahre,3133
2020,Bremen,m,70 bis unter 71 Jahre,3228
2020,Bremen,m,52 bis unter 53 Jahre,5212
2020,Bremen,m,65 bis unter 66 Jahre,3644
2020,Bremen,m,21 bis unter 22 Jahre,4457
2020,Bremen,m,34 bis unter 35 Jahre,4837
2020,Bremen,m,47 bis unter 48 Jahre,3906
2020,Bremen,m,49 bis unter 50 Jahre,4372
2020,Bremen,m,5 bis unter 6 Jahre,3425
2020,Bremen,m,18 bis unter 19 Jahre,3222
2020,Bremen,m,71 bis unter 72 Jahre,3226
2020,Bremen,m,40 bis unter 41 Jahre,4343
2020,Bremen,m,53 bis unter 54 Jahre,5267
2020,Bremen,m,66 bis unter 67 Jahre,3447
2020,Bremen,m,22 bis unter 23 Jahre,4994
2020,Bremen,m,35 bis unter 36 Jahre,4642
2020,Bremen,m,48 bis unter 49 Jahre,4120
2020,Bremen,m,15 bis unter 16 Jahre,3149
2020,Bremen,m,28 bis unter 29 Jahre,5067
2020,Bremen,m,50 bis unter 51 Jahre,4631
2020,Bremen,m,63 bis unter 64 Jahre,4050
2020,Bremen,m,32 bis unter 33 Jahre,5260
2020,Bremen,m,45 bis unter 46 Jahre,3952
2020,Bremen,m,58 bis unter 59 Jahre,4967
2020,Bremen,m,1 bis unter 2 Jahre,3683
2020,Bremen,m,14 bis unter 15 Jahre,3085
2020,Bremen,m,3 bis unter 4 Jahre,3516
2020,Bremen,m,16 bis unter 17 Jahre,3083
2020,Bremen,m,29 bis unter 30 Jahre,5163
2020,Bremen,m,51 bis unter 52 Jahre,4962
2020,Bremen,m,64 bis unter 65 Jahre,3826
2020,Bremen,m,20 bis unter 21 Jahre,4098
2020,Bremen,m,33 bis unter 34 Jahre,4985
2020,Bremen,m,46 bis unter 47 Jahre,3912
2020,Bremen,m,59 bis unter 60 Jahre,4669
2020,Bremen,m,2 bis unter 3 Jahre,3525
2020,Bremen,f,73 bis unter 74 Jahre,3363
2020,Bremen,f,68 bis unter 69 Jahre,3832
2020,Bremen,f,55 bis unter 56 Jahre,5223
2020,Bremen,f,42 bis unter 43 Jahre,3884
2020,Bremen,f,37 bis unter 38 Jahre,4381
2020,Bremen,f,24 bis unter 25 Jahre,4462
2020,Bremen,f,11 bis unter 12 Jahre,2811
2020,Bremen,f,6 bis unter 7 Jahre,3056
2020,Bremen,f,41 bis unter 42 Jahre,3866
2020,Bremen,f,19 bis unter 20 Jahre,3420
2020,Bremen,f,75 bis unter 80 Jahre,15645
2020,Bremen,f,72 bis unter 73 Jahre,3455
2020,Bremen,f,10 bis unter 11 Jahre,2877
2020,Bremen,f,67 bis unter 68 Jahre,3817
2020,Bremen,f,54 bis unter 55 Jahre,5147
2020,Bremen,f,49 bis unter 50 Jahre,4352
2020,Bremen,f,36 bis unter 37 Jahre,4276
2020,Bremen,f,80 bis unter 85 Jahre,15969
2020,Bremen,f,23 bis unter 24 Jahre,4427
2020,Bremen,f,18 bis unter 19 Jahre,2954
2020,Bremen,f,71 bis unter 72 Jahre,3758
2020,Bremen,f,5 bis unter 6 Jahre,3142
2020,Bremen,f,40 bis unter 41 Jahre,4134
2020,Bremen,f,90 Jahre und mehr,5207
2020,Bremen,f,22 bis unter 23 Jahre,4089
2020,Bremen,f,66 bis unter 67 Jahre,3991
2020,Bremen,f,53 bis unter 54 Jahre,5049
2020,Bremen,f,48 bis unter 49 Jahre,4080
2020,Bremen,f,35 bis unter 36 Jahre,4351
2020,Bremen,f,17 bis unter 18 Jahre,2988
2020,Bremen,f,70 bis unter 71 Jahre,3779
2020,Bremen,f,4 bis unter 5 Jahre,3253
2020,Bremen,f,52 bis unter 53 Jahre,5045
2020,Bremen,f,21 bis unter 22 Jahre,4148
2020,Bremen,f,65 bis unter 66 Jahre,4079
2020,Bremen,f,3 bis unter 4 Jahre,3239
2020,Bremen,f,47 bis unter 48 Jahre,3885
2020,Bremen,f,34 bis unter 35 Jahre,4553
2020,Bremen,f,29 bis unter 30 Jahre,4725
2020,Bremen,f,16 bis unter 17 Jahre,2848
2020,Bremen,f,64 bis unter 65 Jahre,4152
2020,Bremen,f,51 bis unter 52 Jahre,4724
2020,Bremen,f,33 bis unter 34 Jahre,4662
2020,Bremen,f,20 bis unter 21 Jahre,3872
2020,Bremen,f,59 bis unter 60 Jahre,4777
2020,Bremen,f,2 bis unter 3 Jahre,3377
2020,Bremen,f,46 bis unter 47 Jahre,3733
2020,Bremen,f,28 bis unter 29 Jahre,4633
2020,Bremen,f,15 bis unter 16 Jahre,2709
2020,Bremen,f,63 bis unter 64 Jahre,4412
2020,Bremen,f,50 bis unter 51 Jahre,4445
2020,Bremen,f,45 bis unter 46 Jahre,3870
2020,Bremen,f,32 bis unter 33 Jahre,4867
2020,Bremen,f,14 bis unter 15 Jahre,2869
2020,Bremen,f,58 bis unter 59 Jahre,5042
2020,Bremen,f,1 bis unter 2 Jahre,3285
2020,Bremen,f,27 bis unter 28 Jahre,4650
2020,Bremen,f,9 bis unter 10 Jahre,2655
2020,Bremen,f,62 bis unter 63 Jahre,4400
2020,Bremen,f,44 bis unter 45 Jahre,3906
2020,Bremen,f,31 bis unter 32 Jahre,4830
2020,Bremen,f,85 bis unter 90 Jahre,8374
2020,Bremen,f,26 bis unter 27 Jahre,4506
2020,Bremen,f,13 bis unter 14 Jahre,3008
2020,Bremen,f,57 bis unter 58 Jahre,5171
2020,Bremen,f,unter 1 Jahr,3333
2020,Bremen,f,39 bis unter 40 Jahre,4158
2020,Bremen,f,74 bis unter 75 Jahre,3150
2020,Bremen,f,8 bis unter 9 Jahre,2866
2020,Bremen,f,61 bis unter 62 Jahre,4635
2020,Bremen,f,56 bis unter 57 Jahre,5147
2020,Bremen,f,43 bis unter 44 Jahre,3943
2020,Bremen,f,30 bis unter 31 Jahre,4737
2020,Bremen,f,25 bis unter 26 Jahre,4519
2020,Bremen,f,12 bis unter 13 Jahre,2893
2020,Bremen,f,69 bis unter 70 Jahre,3821
2020,Bremen,f,7 bis unter 8 Jahre,2922
2020,Bremen,f,60 bis unter 61 Jahre,4656
2020,Bremen,f,38 bis unter 39 Jahre,4471
2020,Saarland,m,4 bis unter 5 Jahre,4229
2020,Saarland,m,48 bis unter 49 Jahre,5620
2020,Saarland,m,35 bis unter 36 Jahre,5891
2020,Saarland,m,80 bis unter 85 Jahre,18173
2020,Saarland,m,22 bis unter 23 Jahre,5327
2020,Saarland,m,66 bis unter 67 Jahre,6804
2020,Saarland,m,53 bis unter 54 Jahre,8031
2020,Saarland,m,40 bis unter 41 Jahre,5918
2020,Saarland,m,71 bis unter 72 Jahre,6265
2020,Saarland,m,18 bis unter 19 Jahre,4570
2020,Saarland,m,5 bis unter 6 Jahre,4283
2020,Saarland,m,49 bis unter 50 Jahre,6185
2020,Saarland,m,36 bis unter 37 Jahre,5737
2020,Saarland,m,23 bis unter 24 Jahre,5660
2020,Saarland,m,10 bis unter 11 Jahre,4037
2020,Saarland,m,67 bis unter 68 Jahre,6648
2020,Saarland,m,75 bis unter 80 Jahre,18244
2020,Saarland,m,54 bis unter 55 Jahre,8404
2020,Saarland,m,41 bis unter 42 Jahre,5409
2020,Saarland,m,72 bis unter 73 Jahre,5230
2020,Saarland,m,19 bis unter 20 Jahre,4761
2020,Saarland,m,6 bis unter 7 Jahre,4168
2020,Saarland,m,37 bis unter 38 Jahre,5831
2020,Saarland,m,24 bis unter 25 Jahre,5717
2020,Saarland,m,11 bis unter 12 Jahre,4062
2020,Saarland,m,68 bis unter 69 Jahre,6477
2020,Saarland,m,55 bis unter 56 Jahre,8368
2020,Saarland,m,42 bis unter 43 Jahre,5187
2020,Saarland,m,73 bis unter 74 Jahre,4225
2020,Saarland,m,60 bis unter 61 Jahre,8308
2020,Saarland,m,7 bis unter 8 Jahre,4052
2020,Saarland,m,90 Jahre und mehr,2997
2020,Saarland,m,38 bis unter 39 Jahre,5970
2020,Saarland,m,25 bis unter 26 Jahre,5659
2020,Saarland,m,12 bis unter 13 Jahre,4199
2020,Saarland,m,69 bis unter 70 Jahre,6086
2020,Saarland,m,56 bis unter 57 Jahre,8584
2020,Saarland,m,43 bis unter 44 Jahre,5298
2020,Saarland,m,30 bis unter 31 Jahre,6428
2020,Saarland,m,74 bis unter 75 Jahre,3260
2020,Saarland,m,61 bis unter 62 Jahre,8557
2020,Saarland,m,8 bis unter 9 Jahre,4020
2020,Saarland,m,39 bis unter 40 Jahre,5953
2020,Saarland,m,26 bis unter 27 Jahre,5709
2020,Saarland,m,13 bis unter 14 Jahre,4179
2020,Saarland,m,unter 1 Jahr,4220
2020,Saarland,m,57 bis unter 58 Jahre,8699
2020,Saarland,m,44 bis unter 45 Jahre,5167
2020,Saarland,m,31 bis unter 32 Jahre,6332
2020,Saarland,m,62 bis unter 63 Jahre,8054
2020,Saarland,m,9 bis unter 10 Jahre,4151
2020,Saarland,m,27 bis unter 28 Jahre,6026
2020,Saarland,m,14 bis unter 15 Jahre,4210
2020,Saarland,m,1 bis unter 2 Jahre,4154
2020,Saarland,m,58 bis unter 59 Jahre,8594
2020,Saarland,m,45 bis unter 46 Jahre,5101
2020,Saarland,m,32 bis unter 33 Jahre,6416
2020,Saarland,m,63 bis unter 64 Jahre,7714
2020,Saarland,m,50 bis unter 51 Jahre,6503
2020,Saarland,m,28 bis unter 29 Jahre,6143
2020,Saarland,m,15 bis unter 16 Jahre,4253
2020,Saarland,m,2 bis unter 3 Jahre,4248
2020,Saarland,m,59 bis unter 60 Jahre,8814
2020,Saarland,m,46 bis unter 47 Jahre,5064
2020,Saarland,m,33 bis unter 34 Jahre,6240
2020,Saarland,m,20 bis unter 21 Jahre,5040
2020,Saarland,m,64 bis unter 65 Jahre,7318
2020,Saarland,m,51 bis unter 52 Jahre,7213
2020,Saarland,m,85 bis unter 90 Jahre,8143
2020,Saarland,m,29 bis unter 30 Jahre,6267
2020,Saarland,m,16 bis unter 17 Jahre,4368
2020,Saarland,m,3 bis unter 4 Jahre,4330
2020,Saarland,m,47 bis unter 48 Jahre,5116
2020,Saarland,m,34 bis unter 35 Jahre,6144
2020,Saarland,m,21 bis unter 22 Jahre,5187
2020,Saarland,m,65 bis unter 66 Jahre,6833
2020,Saarland,m,52 bis unter 53 Jahre,7688
2020,Saarland,m,17 bis unter 18 Jahre,4339
2020,Saarland,m,70 bis unter 71 Jahre,6192
2020,Saarland,f,20 bis unter 21 Jahre,4519
2020,Saarland,f,64 bis unter 65 Jahre,7603
2020,Saarland,f,46 bis unter 47 Jahre,5237
2020,Saarland,f,59 bis unter 60 Jahre,8743
2020,Saarland,f,33 bis unter 34 Jahre,5872
2020,Saarland,f,80 bis unter 85 Jahre,26647
2020,Saarland,f,28 bis unter 29 Jahre,5675
2020,Saarland,f,2 bis unter 3 Jahre,3962
2020,Saarland,f,15 bis unter 16 Jahre,3973
2020,Saarland,f,50 bis unter 51 Jahre,6587
2020,Saarland,f,65 bis unter 66 Jahre,7247
2020,Saarland,f,52 bis unter 53 Jahre,7922
2020,Saarland,f,47 bis unter 48 Jahre,5246
2020,Saarland,f,21 bis unter 22 Jahre,4718
2020,Saarland,f,34 bis unter 35 Jahre,5778
2020,Saarland,f,16 bis unter 17 Jahre,4019
2020,Saarland,f,3 bis unter 4 Jahre,4137
2020,Saarland,f,51 bis unter 52 Jahre,7366
2020,Saarland,f,29 bis unter 30 Jahre,5672
2020,Saarland,f,66 bis unter 67 Jahre,7364
2020,Saarland,f,40 bis unter 41 Jahre,5666
2020,Saarland,f,53 bis unter 54 Jahre,8119
2020,Saarland,f,35 bis unter 36 Jahre,5482
2020,Saarland,f,22 bis unter 23 Jahre,4681
2020,Saarland,f,4 bis unter 5 Jahre,4236
2020,Saarland,f,17 bis unter 18 Jahre,4010
2020,Saarland,f,70 bis unter 71 Jahre,6678
2020,Saarland,f,48 bis unter 49 Jahre,5827
2020,Saarland,f,54 bis unter 55 Jahre,8396
2020,Saarland,f,41 bis unter 42 Jahre,5610
2020,Saarland,f,23 bis unter 24 Jahre,5094
2020,Saarland,f,36 bis unter 37 Jahre,5530
2020,Saarland,f,10 bis unter 11 Jahre,3915
2020,Saarland,f,67 bis unter 68 Jahre,7121
2020,Saarland,f,90 Jahre und mehr,7969
2020,Saarland,f,5 bis unter 6 Jahre,3864
2020,Saarland,f,49 bis unter 50 Jahre,6472
2020,Saarland,f,18 bis unter 19 Jahre,4197
2020,Saarland,f,71 bis unter 72 Jahre,6734
2020,Saarland,f,42 bis unter 43 Jahre,5439
2020,Saarland,f,55 bis unter 56 Jahre,8774
2020,Saarland,f,24 bis unter 25 Jahre,5237
2020,Saarland,f,11 bis unter 12 Jahre,3891
2020,Saarland,f,68 bis unter 69 Jahre,6882
2020,Saarland,f,37 bis unter 38 Jahre,5553
2020,Saarland,f,6 bis unter 7 Jahre,3972
2020,Saarland,f,19 bis unter 20 Jahre,4308
2020,Saarland,f,72 bis unter 73 Jahre,5771
2020,Saarland,f,43 bis unter 44 Jahre,5491
2020,Saarland,f,30 bis unter 31 Jahre,5871
2020,Saarland,f,12 bis unter 13 Jahre,3979
2020,Saarland,f,69 bis unter 70 Jahre,6679
2020,Saarland,f,56 bis unter 57 Jahre,8971
2020,Saarland,f,25 bis unter 26 Jahre,5099
2020,Saarland,f,38 bis unter 39 Jahre,5704
2020,Saarland,f,73 bis unter 74 Jahre,4706
2020,Saarland,f,7 bis unter 8 Jahre,3647
2020,Saarland,f,60 bis unter 61 Jahre,8607
2020,Saarland,f,31 bis unter 32 Jahre,5743
2020,Saarland,f,75 bis unter 80 Jahre,23044
2020,Saarland,f,unter 1 Jahr,3965
2020,Saarland,f,13 bis unter 14 Jahre,3898
2020,Saarland,f,44 bis unter 45 Jahre,5150
2020,Saarland,f,57 bis unter 58 Jahre,8887
2020,Saarland,f,39 bis unter 40 Jahre,5556
2020,Saarland,f,26 bis unter 27 Jahre,5353
2020,Saarland,f,8 bis unter 9 Jahre,3792
2020,Saarland,f,61 bis unter 62 Jahre,8475
2020,Saarland,f,74 bis unter 75 Jahre,3844
2020,Saarland,f,32 bis unter 33 Jahre,5917
2020,Saarland,f,63 bis unter 64 Jahre,7874
2020,Saarland,f,85 bis unter 90 Jahre,14159
2020,Saarland,f,58 bis unter 59 Jahre,8774
2020,Saarland,f,1 bis unter 2 Jahre,3911
2020,Saarland,f,45 bis unter 46 Jahre,5041
2020,Saarland,f,27 bis unter 28 Jahre,5355
2020,Saarland,f,14 bis unter 15 Jahre,3761
2020,Saarland,f,9 bis unter 10 Jahre,3828
2020,Saarland,f,62 bis unter 63 Jahre,8194
2020,Nordrhein-Westfalen,m,6 bis unter 7 Jahre,86657
2020,Nordrhein-Westfalen,m,72 bis unter 73 Jahre,78348
2020,Nordrhein-Westfalen,m,19 bis unter 20 Jahre,95076
2020,Nordrhein-Westfalen,m,37 bis unter 38 Jahre,109295
2020,Nordrhein-Westfalen,m,24 bis unter 25 Jahre,113149
2020,Nordrhein-Westfalen,m,55 bis unter 56 Jahre,151431
2020,Nordrhein-Westfalen,m,11 bis unter 12 Jahre,82816
2020,Nordrhein-Westfalen,m,68 bis unter 69 Jahre,93053
2020,Nordrhein-Westfalen,m,73 bis unter 74 Jahre,71038
2020,Nordrhein-Westfalen,m,42 bis unter 43 Jahre,102293
2020,Nordrhein-Westfalen,m,60 bis unter 61 Jahre,134081
2020,Nordrhein-Westfalen,m,7 bis unter 8 Jahre,83399
2020,Nordrhein-Westfalen,m,25 bis unter 26 Jahre,111405
2020,Nordrhein-Westfalen,m,38 bis unter 39 Jahre,111454
2020,Nordrhein-Westfalen,m,56 bis unter 57 Jahre,153046
2020,Nordrhein-Westfalen,m,43 bis unter 44 Jahre,102959
2020,Nordrhein-Westfalen,m,12 bis unter 13 Jahre,85721
2020,Nordrhein-Westfalen,m,69 bis unter 70 Jahre,88852
2020,Nordrhein-Westfalen,m,74 bis unter 75 Jahre,63431
2020,Nordrhein-Westfalen,m,30 bis unter 31 Jahre,123601
2020,Nordrhein-Westfalen,m,70 bis unter 71 Jahre,88189
2020,Nordrhein-Westfalen,m,17 bis unter 18 Jahre,88881
2020,Nordrhein-Westfalen,m,48 bis unter 49 Jahre,111195
2020,Nordrhein-Westfalen,m,4 bis unter 5 Jahre,91009
2020,Nordrhein-Westfalen,m,66 bis unter 67 Jahre,102027
2020,Nordrhein-Westfalen,m,35 bis unter 36 Jahre,110332
2020,Nordrhein-Westfalen,m,22 bis unter 23 Jahre,107439
2020,Nordrhein-Westfalen,m,40 bis unter 41 Jahre,109812
2020,Nordrhein-Westfalen,m,53 bis unter 54 Jahre,149174
2020,Nordrhein-Westfalen,m,18 bis unter 19 Jahre,91075
2020,Nordrhein-Westfalen,m,5 bis unter 6 Jahre,88042
2020,Nordrhein-Westfalen,m,71 bis unter 72 Jahre,87332
2020,Nordrhein-Westfalen,m,36 bis unter 37 Jahre,109498
2020,Nordrhein-Westfalen,m,49 bis unter 50 Jahre,121371
2020,Nordrhein-Westfalen,m,67 bis unter 68 Jahre,95357
2020,Nordrhein-Westfalen,m,54 bis unter 55 Jahre,152592
2020,Nordrhein-Westfalen,m,23 bis unter 24 Jahre,113392
2020,Nordrhein-Westfalen,m,10 bis unter 11 Jahre,83897
2020,Nordrhein-Westfalen,m,41 bis unter 42 Jahre,103391
2020,Nordrhein-Westfalen,m,28 bis unter 29 Jahre,117341
2020,Nordrhein-Westfalen,m,2 bis unter 3 Jahre,90119
2020,Nordrhein-Westfalen,m,59 bis unter 60 Jahre,137963
2020,Nordrhein-Westfalen,m,15 bis unter 16 Jahre,85821
2020,Nordrhein-Westfalen,m,20 bis unter 21 Jahre,101611
2020,Nordrhein-Westfalen,m,46 bis unter 47 Jahre,101377
2020,Nordrhein-Westfalen,m,33 bis unter 34 Jahre,118193
2020,Nordrhein-Westfalen,m,51 bis unter 52 Jahre,139481
2020,Nordrhein-Westfalen,m,75 bis unter 80 Jahre,312585
2020,Nordrhein-Westfalen,m,64 bis unter 65 Jahre,112404
2020,Nordrhein-Westfalen,m,29 bis unter 30 Jahre,119156
2020,Nordrhein-Westfalen,m,47 bis unter 48 Jahre,102612
2020,Nordrhein-Westfalen,m,16 bis unter 17 Jahre,87605
2020,Nordrhein-Westfalen,m,3 bis unter 4 Jahre,90769
2020,Nordrhein-Westfalen,m,90 Jahre und mehr,51266
2020,Nordrhein-Westfalen,m,21 bis unter 22 Jahre,104242
2020,Nordrhein-Westfalen,m,34 bis unter 35 Jahre,114834
2020,Nordrhein-Westfalen,m,65 bis unter 66 Jahre,105833
2020,Nordrhein-Westfalen,m,52 bis unter 53 Jahre,145899
2020,Nordrhein-Westfalen,m,61 bis unter 62 Jahre,129501
2020,Nordrhein-Westfalen,m,8 bis unter 9 Jahre,83280
2020,Nordrhein-Westfalen,m,13 bis unter 14 Jahre,85134
2020,Nordrhein-Westfalen,m,39 bis unter 40 Jahre,109687
2020,Nordrhein-Westfalen,m,26 bis unter 27 Jahre,113596
2020,Nordrhein-Westfalen,m,44 bis unter 45 Jahre,102763
2020,Nordrhein-Westfalen,m,80 bis unter 85 Jahre,296845
2020,Nordrhein-Westfalen,m,31 bis unter 32 Jahre,119183
2020,Nordrhein-Westfalen,m,unter 1 Jahr,86955
2020,Nordrhein-Westfalen,m,57 bis unter 58 Jahre,149384
2020,Nordrhein-Westfalen,m,62 bis unter 63 Jahre,122044
2020,Nordrhein-Westfalen,m,9 bis unter 10 Jahre,81274
2020,Nordrhein-Westfalen,m,14 bis unter 15 Jahre,84395
2020,Nordrhein-Westfalen,m,1 bis unter 2 Jahre,88124
2020,Nordrhein-Westfalen,m,27 bis unter 28 Jahre,116321
2020,Nordrhein-Westfalen,m,32 bis unter 33 Jahre,121088
2020,Nordrhein-Westfalen,m,58 bis unter 59 Jahre,142301
2020,Nordrhein-Westfalen,m,85 bis unter 90 Jahre,132575
2020,Nordrhein-Westfalen,m,45 bis unter 46 Jahre,100522
2020,Nordrhein-Westfalen,m,63 bis unter 64 Jahre,118487
2020,Nordrhein-Westfalen,m,50 bis unter 51 Jahre,127208
2020,Nordrhein-Westfalen,f,22 bis unter 23 Jahre,98373
2020,Nordrhein-Westfalen,f,35 bis unter 36 Jahre,108381
2020,Nordrhein-Westfalen,f,48 bis unter 49 Jahre,113401
2020,Nordrhein-Westfalen,f,4 bis unter 5 Jahre,86654
2020,Nordrhein-Westfalen,f,17 bis unter 18 Jahre,82891
2020,Nordrhein-Westfalen,f,70 bis unter 71 Jahre,100667
2020,Nordrhein-Westfalen,f,52 bis unter 53 Jahre,146286
2020,Nordrhein-Westfalen,f,65 bis unter 66 Jahre,114453
2020,Nordrhein-Westfalen,f,67 bis unter 68 Jahre,107020
2020,Nordrhein-Westfalen,f,10 bis unter 11 Jahre,78936
2020,Nordrhein-Westfalen,f,23 bis unter 24 Jahre,103537
2020,Nordrhein-Westfalen,f,36 bis unter 37 Jahre,107777
2020,Nordrhein-Westfalen,f,49 bis unter 50 Jahre,123804
2020,Nordrhein-Westfalen,f,5 bis unter 6 Jahre,83135
2020,Nordrhein-Westfalen,f,18 bis unter 19 Jahre,84884
2020,Nordrhein-Westfalen,f,71 bis unter 72 Jahre,99277
2020,Nordrhein-Westfalen,f,40 bis unter 41 Jahre,111940
2020,Nordrhein-Westfalen,f,53 bis unter 54 Jahre,149005
2020,Nordrhein-Westfalen,f,66 bis unter 67 Jahre,112165
2020,Nordrhein-Westfalen,f,33 bis unter 34 Jahre,113168
2020,Nordrhein-Westfalen,f,46 bis unter 47 Jahre,104611
2020,Nordrhein-Westfalen,f,2 bis unter 3 Jahre,85403
2020,Nordrhein-Westfalen,f,59 bis unter 60 Jahre,141020
2020,Nordrhein-Westfalen,f,15 bis unter 16 Jahre,80281
2020,Nordrhein-Westfalen,f,28 bis unter 29 Jahre,110257
2020,Nordrhein-Westfalen,f,50 bis unter 51 Jahre,128379
2020,Nordrhein-Westfalen,f,63 bis unter 64 Jahre,122871
2020,Nordrhein-Westfalen,f,21 bis unter 22 Jahre,94995
2020,Nordrhein-Westfalen,f,34 bis unter 35 Jahre,112037
2020,Nordrhein-Westfalen,f,47 bis unter 48 Jahre,105691
2020,Nordrhein-Westfalen,f,3 bis unter 4 Jahre,85367
2020,Nordrhein-Westfalen,f,16 bis unter 17 Jahre,82347
2020,Nordrhein-Westfalen,f,29 bis unter 30 Jahre,112745
2020,Nordrhein-Westfalen,f,51 bis unter 52 Jahre,140011
2020,Nordrhein-Westfalen,f,64 bis unter 65 Jahre,118557
2020,Nordrhein-Westfalen,f,20 bis unter 21 Jahre,93456
2020,Nordrhein-Westfalen,f,44 bis unter 45 Jahre,105573
2020,Nordrhein-Westfalen,f,unter 1 Jahr,82062
2020,Nordrhein-Westfalen,f,57 bis unter 58 Jahre,149366
2020,Nordrhein-Westfalen,f,13 bis unter 14 Jahre,80212
2020,Nordrhein-Westfalen,f,26 bis unter 27 Jahre,104964
2020,Nordrhein-Westfalen,f,39 bis unter 40 Jahre,110802
2020,Nordrhein-Westfalen,f,75 bis unter 80 Jahre,393970
2020,Nordrhein-Westfalen,f,61 bis unter 62 Jahre,133682
2020,Nordrhein-Westfalen,f,8 bis unter 9 Jahre,78886
2020,Nordrhein-Westfalen,f,74 bis unter 75 Jahre,75515
2020,Nordrhein-Westfalen,f,30 bis unter 31 Jahre,116744
2020,Nordrhein-Westfalen,f,43 bis unter 44 Jahre,104675
2020,Nordrhein-Westfalen,f,32 bis unter 33 Jahre,115829
2020,Nordrhein-Westfalen,f,45 bis unter 46 Jahre,102740
2020,Nordrhein-Westfalen,f,1 bis unter 2 Jahre,83439
2020,Nordrhein-Westfalen,f,58 bis unter 59 Jahre,143282
2020,Nordrhein-Westfalen,f,14 bis unter 15 Jahre,79294
2020,Nordrhein-Westfalen,f,27 bis unter 28 Jahre,109030
2020,Nordrhein-Westfalen,f,62 bis unter 63 Jahre,126442
2020,Nordrhein-Westfalen,f,9 bis unter 10 Jahre,76936
2020,Nordrhein-Westfalen,f,85 bis unter 90 Jahre,227380
2020,Nordrhein-Westfalen,f,90 Jahre und mehr,133593
2020,Nordrhein-Westfalen,f,31 bis unter 32 Jahre,113980
2020,Nordrhein-Westfalen,f,55 bis unter 56 Jahre,150913
2020,Nordrhein-Westfalen,f,68 bis unter 69 Jahre,105510
2020,Nordrhein-Westfalen,f,11 bis unter 12 Jahre,77883
2020,Nordrhein-Westfalen,f,24 bis unter 25 Jahre,104108
2020,Nordrhein-Westfalen,f,37 bis unter 38 Jahre,108370
2020,Nordrhein-Westfalen,f,6 bis unter 7 Jahre,81813
2020,Nordrhein-Westfalen,f,72 bis unter 73 Jahre,90340
2020,Nordrhein-Westfalen,f,19 bis unter 20 Jahre,88229
2020,Nordrhein-Westfalen,f,41 bis unter 42 Jahre,106457
2020,Nordrhein-Westfalen,f,54 bis unter 55 Jahre,152062
2020,Nordrhein-Westfalen,f,56 bis unter 57 Jahre,152393
2020,Nordrhein-Westfalen,f,69 bis unter 70 Jahre,101540
2020,Nordrhein-Westfalen,f,80 bis unter 85 Jahre,421349
2020,Nordrhein-Westfalen,f,12 bis unter 13 Jahre,80492
2020,Nordrhein-Westfalen,f,25 bis unter 26 Jahre,102522
2020,Nordrhein-Westfalen,f,38 bis unter 39 Jahre,111153
2020,Nordrhein-Westfalen,f,7 bis unter 8 Jahre,77907
2020,Nordrhein-Westfalen,f,60 bis unter 61 Jahre,137782
2020,Nordrhein-Westfalen,f,73 bis unter 74 Jahre,82643
2020,Nordrhein-Westfalen,f,42 bis unter 43 Jahre,105038
2020,Schleswig-Holstein,m,7 bis unter 8 Jahre,13060
2020,Schleswig-Holstein,m,60 bis unter 61 Jahre,21642
2020,Schleswig-Holstein,m,85 bis unter 90 Jahre,22271
2020,Schleswig-Holstein,m,38 bis unter 39 Jahre,17025
2020,Schleswig-Holstein,m,25 bis unter 26 Jahre,16099
2020,Schleswig-Holstein,m,12 bis unter 13 Jahre,13501
2020,Schleswig-Holstein,m,11 bis unter 12 Jahre,13452
2020,Schleswig-Holstein,m,68 bis unter 69 Jahre,15710
2020,Schleswig-Holstein,m,55 bis unter 56 Jahre,25327
2020,Schleswig-Holstein,m,42 bis unter 43 Jahre,16607
2020,Schleswig-Holstein,m,73 bis unter 74 Jahre,13522
2020,Schleswig-Holstein,m,72 bis unter 73 Jahre,14702
2020,Schleswig-Holstein,m,19 bis unter 20 Jahre,15146
2020,Schleswig-Holstein,m,6 bis unter 7 Jahre,13258
2020,Schleswig-Holstein,m,37 bis unter 38 Jahre,16612
2020,Schleswig-Holstein,m,24 bis unter 25 Jahre,16519
2020,Schleswig-Holstein,m,23 bis unter 24 Jahre,17040
2020,Schleswig-Holstein,m,10 bis unter 11 Jahre,13515
2020,Schleswig-Holstein,m,67 bis unter 68 Jahre,15978
2020,Schleswig-Holstein,m,54 bis unter 55 Jahre,25992
2020,Schleswig-Holstein,m,41 bis unter 42 Jahre,16310
2020,Schleswig-Holstein,m,27 bis unter 28 Jahre,16546
2020,Schleswig-Holstein,m,14 bis unter 15 Jahre,13660
2020,Schleswig-Holstein,m,58 bis unter 59 Jahre,23554
2020,Schleswig-Holstein,m,1 bis unter 2 Jahre,12989
2020,Schleswig-Holstein,m,57 bis unter 58 Jahre,24803
2020,Schleswig-Holstein,m,unter 1 Jahr,12495
2020,Schleswig-Holstein,m,44 bis unter 45 Jahre,16417
2020,Schleswig-Holstein,m,31 bis unter 32 Jahre,17490
2020,Schleswig-Holstein,m,9 bis unter 10 Jahre,12824
2020,Schleswig-Holstein,m,62 bis unter 63 Jahre,19645
2020,Schleswig-Holstein,m,8 bis unter 9 Jahre,13269
2020,Schleswig-Holstein,m,61 bis unter 62 Jahre,20905
2020,Schleswig-Holstein,m,75 bis unter 80 Jahre,62567
2020,Schleswig-Holstein,m,39 bis unter 40 Jahre,16984
2020,Schleswig-Holstein,m,26 bis unter 27 Jahre,16425
2020,Schleswig-Holstein,m,13 bis unter 14 Jahre,13870
2020,Schleswig-Holstein,m,69 bis unter 70 Jahre,15631
2020,Schleswig-Holstein,m,56 bis unter 57 Jahre,25917
2020,Schleswig-Holstein,m,43 bis unter 44 Jahre,16303
2020,Schleswig-Holstein,m,30 bis unter 31 Jahre,18060
2020,Schleswig-Holstein,m,74 bis unter 75 Jahre,12326
2020,Schleswig-Holstein,m,80 bis unter 85 Jahre,56993
2020,Schleswig-Holstein,m,29 bis unter 30 Jahre,17074
2020,Schleswig-Holstein,m,16 bis unter 17 Jahre,14231
2020,Schleswig-Holstein,m,3 bis unter 4 Jahre,13648
2020,Schleswig-Holstein,m,47 bis unter 48 Jahre,16619
2020,Schleswig-Holstein,m,46 bis unter 47 Jahre,16149
2020,Schleswig-Holstein,m,33 bis unter 34 Jahre,17803
2020,Schleswig-Holstein,m,20 bis unter 21 Jahre,16146
2020,Schleswig-Holstein,m,90 Jahre und mehr,8383
2020,Schleswig-Holstein,m,64 bis unter 65 Jahre,17642
2020,Schleswig-Holstein,m,51 bis unter 52 Jahre,23584
2020,Schleswig-Holstein,m,28 bis unter 29 Jahre,16673
2020,Schleswig-Holstein,m,15 bis unter 16 Jahre,13662
2020,Schleswig-Holstein,m,59 bis unter 60 Jahre,22862
2020,Schleswig-Holstein,m,2 bis unter 3 Jahre,13443
2020,Schleswig-Holstein,m,45 bis unter 46 Jahre,16163
2020,Schleswig-Holstein,m,32 bis unter 33 Jahre,18262
2020,Schleswig-Holstein,m,63 bis unter 64 Jahre,18647
2020,Schleswig-Holstein,m,50 bis unter 51 Jahre,21329
2020,Schleswig-Holstein,m,71 bis unter 72 Jahre,15438
2020,Schleswig-Holstein,m,18 bis unter 19 Jahre,14728
2020,Schleswig-Holstein,m,5 bis unter 6 Jahre,13489
2020,Schleswig-Holstein,m,49 bis unter 50 Jahre,20281
2020,Schleswig-Holstein,m,36 bis unter 37 Jahre,16347
2020,Schleswig-Holstein,m,22 bis unter 23 Jahre,16359
2020,Schleswig-Holstein,m,66 bis unter 67 Jahre,16670
2020,Schleswig-Holstein,m,53 bis unter 54 Jahre,25968
2020,Schleswig-Holstein,m,40 bis unter 41 Jahre,17166
2020,Schleswig-Holstein,m,70 bis unter 71 Jahre,15526
2020,Schleswig-Holstein,m,17 bis unter 18 Jahre,14269
2020,Schleswig-Holstein,m,4 bis unter 5 Jahre,13778
2020,Schleswig-Holstein,m,48 bis unter 49 Jahre,18088
2020,Schleswig-Holstein,m,35 bis unter 36 Jahre,16397
2020,Schleswig-Holstein,m,34 bis unter 35 Jahre,17149
2020,Schleswig-Holstein,m,21 bis unter 22 Jahre,16764
2020,Schleswig-Holstein,m,65 bis unter 66 Jahre,16999
2020,Schleswig-Holstein,m,52 bis unter 53 Jahre,24952
2020,Schleswig-Holstein,f,23 bis unter 24 Jahre,15049
2020,Schleswig-Holstein,f,67 bis unter 68 Jahre,17365
2020,Schleswig-Holstein,f,10 bis unter 11 Jahre,12741
2020,Schleswig-Holstein,f,5 bis unter 6 Jahre,12731
2020,Schleswig-Holstein,f,36 bis unter 37 Jahre,16444
2020,Schleswig-Holstein,f,49 bis unter 50 Jahre,20916
2020,Schleswig-Holstein,f,19 bis unter 20 Jahre,14257
2020,Schleswig-Holstein,f,72 bis unter 73 Jahre,16623
2020,Schleswig-Holstein,f,6 bis unter 7 Jahre,12877
2020,Schleswig-Holstein,f,85 bis unter 90 Jahre,36747
2020,Schleswig-Holstein,f,54 bis unter 55 Jahre,26537
2020,Schleswig-Holstein,f,41 bis unter 42 Jahre,17082
2020,Schleswig-Holstein,f,11 bis unter 12 Jahre,12479
2020,Schleswig-Holstein,f,24 bis unter 25 Jahre,15259
2020,Schleswig-Holstein,f,55 bis unter 56 Jahre,26230
2020,Schleswig-Holstein,f,68 bis unter 69 Jahre,17320
2020,Schleswig-Holstein,f,37 bis unter 38 Jahre,16746
2020,Schleswig-Holstein,f,73 bis unter 74 Jahre,15271
2020,Schleswig-Holstein,f,7 bis unter 8 Jahre,12378
2020,Schleswig-Holstein,f,60 bis unter 61 Jahre,22561
2020,Schleswig-Holstein,f,42 bis unter 43 Jahre,16943
2020,Schleswig-Holstein,f,75 bis unter 80 Jahre,75196
2020,Schleswig-Holstein,f,34 bis unter 35 Jahre,16640
2020,Schleswig-Holstein,f,47 bis unter 48 Jahre,17241
2020,Schleswig-Holstein,f,21 bis unter 22 Jahre,14773
2020,Schleswig-Holstein,f,16 bis unter 17 Jahre,13387
2020,Schleswig-Holstein,f,3 bis unter 4 Jahre,12881
2020,Schleswig-Holstein,f,90 Jahre und mehr,21203
2020,Schleswig-Holstein,f,17 bis unter 18 Jahre,13545
2020,Schleswig-Holstein,f,70 bis unter 71 Jahre,17353
2020,Schleswig-Holstein,f,65 bis unter 66 Jahre,18487
2020,Schleswig-Holstein,f,52 bis unter 53 Jahre,25518
2020,Schleswig-Holstein,f,35 bis unter 36 Jahre,16320
2020,Schleswig-Holstein,f,22 bis unter 23 Jahre,14924
2020,Schleswig-Holstein,f,4 bis unter 5 Jahre,13253
2020,Schleswig-Holstein,f,48 bis unter 49 Jahre,18768
2020,Schleswig-Holstein,f,18 bis unter 19 Jahre,13809
2020,Schleswig-Holstein,f,71 bis unter 72 Jahre,16981
2020,Schleswig-Holstein,f,53 bis unter 54 Jahre,26351
2020,Schleswig-Holstein,f,66 bis unter 67 Jahre,18449
2020,Schleswig-Holstein,f,40 bis unter 41 Jahre,18024
2020,Schleswig-Holstein,f,58 bis unter 59 Jahre,24260
2020,Schleswig-Holstein,f,1 bis unter 2 Jahre,12281
2020,Schleswig-Holstein,f,32 bis unter 33 Jahre,16925
2020,Schleswig-Holstein,f,45 bis unter 46 Jahre,16667
2020,Schleswig-Holstein,f,27 bis unter 28 Jahre,15292
2020,Schleswig-Holstein,f,14 bis unter 15 Jahre,12810
2020,Schleswig-Holstein,f,50 bis unter 51 Jahre,21611
2020,Schleswig-Holstein,f,63 bis unter 64 Jahre,20210
2020,Schleswig-Holstein,f,46 bis unter 47 Jahre,16687
2020,Schleswig-Holstein,f,33 bis unter 34 Jahre,16779
2020,Schleswig-Holstein,f,15 bis unter 16 Jahre,12899
2020,Schleswig-Holstein,f,28 bis unter 29 Jahre,15433
2020,Schleswig-Holstein,f,59 bis unter 60 Jahre,23647
2020,Schleswig-Holstein,f,2 bis unter 3 Jahre,12756
2020,Schleswig-Holstein,f,29 bis unter 30 Jahre,15886
2020,Schleswig-Holstein,f,80 bis unter 85 Jahre,74730
2020,Schleswig-Holstein,f,20 bis unter 21 Jahre,15013
2020,Schleswig-Holstein,f,51 bis unter 52 Jahre,24042
2020,Schleswig-Holstein,f,64 bis unter 65 Jahre,18960
2020,Schleswig-Holstein,f,69 bis unter 70 Jahre,17137
2020,Schleswig-Holstein,f,12 bis unter 13 Jahre,13116
2020,Schleswig-Holstein,f,56 bis unter 57 Jahre,26037
2020,Schleswig-Holstein,f,38 bis unter 39 Jahre,17613
2020,Schleswig-Holstein,f,25 bis unter 26 Jahre,14681
2020,Schleswig-Holstein,f,8 bis unter 9 Jahre,12503
2020,Schleswig-Holstein,f,61 bis unter 62 Jahre,21838
2020,Schleswig-Holstein,f,30 bis unter 31 Jahre,16831
2020,Schleswig-Holstein,f,43 bis unter 44 Jahre,16996
2020,Schleswig-Holstein,f,74 bis unter 75 Jahre,14328
2020,Schleswig-Holstein,f,57 bis unter 58 Jahre,25610
2020,Schleswig-Holstein,f,unter 1 Jahr,12055
2020,Schleswig-Holstein,f,44 bis unter 45 Jahre,17218
2020,Schleswig-Holstein,f,39 bis unter 40 Jahre,17561
2020,Schleswig-Holstein,f,13 bis unter 14 Jahre,13011
2020,Schleswig-Holstein,f,26 bis unter 27 Jahre,14820
2020,Schleswig-Holstein,f,9 bis unter 10 Jahre,12317
2020,Schleswig-Holstein,f,62 bis unter 63 Jahre,20436
2020,Schleswig-Holstein,f,31 bis unter 32 Jahre,16571
2020,Baden-Württemberg,m,25 bis unter 26 Jahre,72292
2020,Baden-Württemberg,m,69 bis unter 70 Jahre,53968
2020,Baden-Württemberg,m,12 bis unter 13 Jahre,52690
2020,Baden-Württemberg,m,43 bis unter 44 Jahre,65958
2020,Baden-Württemberg,m,56 bis unter 57 Jahre,92820
2020,Baden-Württemberg,m,30 bis unter 31 Jahre,81000
2020,Baden-Württemberg,m,73 bis unter 74 Jahre,43708
2020,Baden-Württemberg,m,7 bis unter 8 Jahre,52119
2020,Baden-Württemberg,m,60 bis unter 61 Jahre,81527
2020,Baden-Württemberg,m,38 bis unter 39 Jahre,73255
2020,Baden-Württemberg,m,24 bis unter 25 Jahre,72784
2020,Baden-Württemberg,m,37 bis unter 38 Jahre,71590
2020,Baden-Württemberg,m,68 bis unter 69 Jahre,55981
2020,Baden-Württemberg,m,11 bis unter 12 Jahre,51476
2020,Baden-Württemberg,m,55 bis unter 56 Jahre,91800
2020,Baden-Württemberg,m,42 bis unter 43 Jahre,66453
2020,Baden-Württemberg,m,19 bis unter 20 Jahre,59802
2020,Baden-Württemberg,m,72 bis unter 73 Jahre,47970
2020,Baden-Württemberg,m,6 bis unter 7 Jahre,53795
2020,Baden-Württemberg,m,36 bis unter 37 Jahre,72954
2020,Baden-Württemberg,m,23 bis unter 24 Jahre,73039
2020,Baden-Württemberg,m,67 bis unter 68 Jahre,56609
2020,Baden-Württemberg,m,10 bis unter 11 Jahre,52126
2020,Baden-Württemberg,m,41 bis unter 42 Jahre,67759
2020,Baden-Württemberg,m,54 bis unter 55 Jahre,92167
2020,Baden-Württemberg,m,40 bis unter 41 Jahre,72503
2020,Baden-Württemberg,m,71 bis unter 72 Jahre,52210
2020,Baden-Württemberg,m,5 bis unter 6 Jahre,54381
2020,Baden-Württemberg,m,18 bis unter 19 Jahre,56839
2020,Baden-Württemberg,m,49 bis unter 50 Jahre,76369
2020,Baden-Württemberg,m,48 bis unter 49 Jahre,70817
2020,Baden-Württemberg,m,22 bis unter 23 Jahre,69586
2020,Baden-Württemberg,m,35 bis unter 36 Jahre,73621
2020,Baden-Württemberg,m,66 bis unter 67 Jahre,59759
2020,Baden-Württemberg,m,53 bis unter 54 Jahre,90597
2020,Baden-Württemberg,m,17 bis unter 18 Jahre,55263
2020,Baden-Württemberg,m,70 bis unter 71 Jahre,53245
2020,Baden-Württemberg,m,4 bis unter 5 Jahre,56684
2020,Baden-Württemberg,m,47 bis unter 48 Jahre,65667
2020,Baden-Württemberg,m,34 bis unter 35 Jahre,76198
2020,Baden-Württemberg,m,21 bis unter 22 Jahre,67476
2020,Baden-Württemberg,m,52 bis unter 53 Jahre,88577
2020,Baden-Württemberg,m,65 bis unter 66 Jahre,63396
2020,Baden-Württemberg,m,51 bis unter 52 Jahre,85087
2020,Baden-Württemberg,m,29 bis unter 30 Jahre,77380
2020,Baden-Württemberg,m,3 bis unter 4 Jahre,56615
2020,Baden-Württemberg,m,80 bis unter 85 Jahre,182462
2020,Baden-Württemberg,m,16 bis unter 17 Jahre,54809
2020,Baden-Württemberg,m,59 bis unter 60 Jahre,84835
2020,Baden-Württemberg,m,2 bis unter 3 Jahre,56607
2020,Baden-Württemberg,m,46 bis unter 47 Jahre,65921
2020,Baden-Württemberg,m,20 bis unter 21 Jahre,64339
2020,Baden-Württemberg,m,33 bis unter 34 Jahre,77516
2020,Baden-Württemberg,m,64 bis unter 65 Jahre,67799
2020,Baden-Württemberg,m,50 bis unter 51 Jahre,79185
2020,Baden-Württemberg,m,63 bis unter 64 Jahre,70862
2020,Baden-Württemberg,m,28 bis unter 29 Jahre,76238
2020,Baden-Württemberg,m,15 bis unter 16 Jahre,53379
2020,Baden-Württemberg,m,1 bis unter 2 Jahre,56028
2020,Baden-Württemberg,m,14 bis unter 15 Jahre,52367
2020,Baden-Württemberg,m,45 bis unter 46 Jahre,64814
2020,Baden-Württemberg,m,75 bis unter 80 Jahre,192719
2020,Baden-Württemberg,m,58 bis unter 59 Jahre,87739
2020,Baden-Württemberg,m,32 bis unter 33 Jahre,80650
2020,Baden-Württemberg,m,9 bis unter 10 Jahre,50508
2020,Baden-Württemberg,m,62 bis unter 63 Jahre,73603
2020,Baden-Württemberg,m,90 Jahre und mehr,31943
2020,Baden-Württemberg,m,27 bis unter 28 Jahre,75293
2020,Baden-Württemberg,m,13 bis unter 14 Jahre,52708
2020,Baden-Württemberg,m,57 bis unter 58 Jahre,91217
2020,Baden-Württemberg,m,unter 1 Jahr,55432
2020,Baden-Württemberg,m,44 bis unter 45 Jahre,66439
2020,Baden-Württemberg,m,85 bis unter 90 Jahre,82011
2020,Baden-Württemberg,m,31 bis unter 32 Jahre,79239
2020,Baden-Württemberg,m,74 bis unter 75 Jahre,37378
2020,Baden-Württemberg,m,8 bis unter 9 Jahre,51357
2020,Baden-Württemberg,m,61 bis unter 62 Jahre,77905
2020,Baden-Württemberg,m,26 bis unter 27 Jahre,73147
2020,Baden-Württemberg,m,39 bis unter 40 Jahre,72275
2020,Baden-Württemberg,f,72 bis unter 73 Jahre,53307
2020,Baden-Württemberg,f,41 bis unter 42 Jahre,67527
2020,Baden-Württemberg,f,54 bis unter 55 Jahre,90288
2020,Baden-Württemberg,f,10 bis unter 11 Jahre,49158
2020,Baden-Württemberg,f,67 bis unter 68 Jahre,62904
2020,Baden-Württemberg,f,24 bis unter 25 Jahre,65322
2020,Baden-Württemberg,f,11 bis unter 12 Jahre,48918
2020,Baden-Württemberg,f,37 bis unter 38 Jahre,69008
2020,Baden-Württemberg,f,19 bis unter 20 Jahre,55118
2020,Baden-Württemberg,f,6 bis unter 7 Jahre,50494
2020,Baden-Württemberg,f,73 bis unter 74 Jahre,49562
2020,Baden-Württemberg,f,42 bis unter 43 Jahre,65650
2020,Baden-Württemberg,f,68 bis unter 69 Jahre,62550
2020,Baden-Württemberg,f,55 bis unter 56 Jahre,89334
2020,Baden-Württemberg,f,12 bis unter 13 Jahre,50191
2020,Baden-Württemberg,f,69 bis unter 70 Jahre,60242
2020,Baden-Württemberg,f,25 bis unter 26 Jahre,64815
2020,Baden-Württemberg,f,85 bis unter 90 Jahre,131166
2020,Baden-Württemberg,f,38 bis unter 39 Jahre,70565
2020,Baden-Württemberg,f,7 bis unter 8 Jahre,49135
2020,Baden-Württemberg,f,60 bis unter 61 Jahre,82782
2020,Baden-Württemberg,f,61 bis unter 62 Jahre,78937
2020,Baden-Württemberg,f,8 bis unter 9 Jahre,48634
2020,Baden-Württemberg,f,74 bis unter 75 Jahre,43030
2020,Baden-Württemberg,f,43 bis unter 44 Jahre,65213
2020,Baden-Württemberg,f,30 bis unter 31 Jahre,74270
2020,Baden-Württemberg,f,56 bis unter 57 Jahre,90499
2020,Baden-Württemberg,f,unter 1 Jahr,51955
2020,Baden-Württemberg,f,57 bis unter 58 Jahre,89121
2020,Baden-Württemberg,f,26 bis unter 27 Jahre,65881
2020,Baden-Württemberg,f,13 bis unter 14 Jahre,50569
2020,Baden-Württemberg,f,39 bis unter 40 Jahre,70445
2020,Baden-Württemberg,f,62 bis unter 63 Jahre,74836
2020,Baden-Württemberg,f,9 bis unter 10 Jahre,47959
2020,Baden-Württemberg,f,31 bis unter 32 Jahre,72420
2020,Baden-Württemberg,f,44 bis unter 45 Jahre,65221
2020,Baden-Württemberg,f,1 bis unter 2 Jahre,53356
2020,Baden-Württemberg,f,58 bis unter 59 Jahre,86249
2020,Baden-Württemberg,f,14 bis unter 15 Jahre,49621
2020,Baden-Württemberg,f,27 bis unter 28 Jahre,68146
2020,Baden-Württemberg,f,50 bis unter 51 Jahre,78602
2020,Baden-Württemberg,f,63 bis unter 64 Jahre,72307
2020,Baden-Württemberg,f,45 bis unter 46 Jahre,64641
2020,Baden-Württemberg,f,32 bis unter 33 Jahre,73647
2020,Baden-Württemberg,f,46 bis unter 47 Jahre,66334
2020,Baden-Württemberg,f,2 bis unter 3 Jahre,53935
2020,Baden-Württemberg,f,59 bis unter 60 Jahre,85136
2020,Baden-Württemberg,f,28 bis unter 29 Jahre,68545
2020,Baden-Württemberg,f,15 bis unter 16 Jahre,50800
2020,Baden-Württemberg,f,80 bis unter 85 Jahre,248136
2020,Baden-Württemberg,f,64 bis unter 65 Jahre,70776
2020,Baden-Württemberg,f,51 bis unter 52 Jahre,83592
2020,Baden-Württemberg,f,20 bis unter 21 Jahre,59156
2020,Baden-Württemberg,f,33 bis unter 34 Jahre,71204
2020,Baden-Württemberg,f,47 bis unter 48 Jahre,65777
2020,Baden-Württemberg,f,34 bis unter 35 Jahre,71382
2020,Baden-Württemberg,f,3 bis unter 4 Jahre,53839
2020,Baden-Württemberg,f,16 bis unter 17 Jahre,51337
2020,Baden-Württemberg,f,29 bis unter 30 Jahre,71109
2020,Baden-Württemberg,f,52 bis unter 53 Jahre,87252
2020,Baden-Württemberg,f,65 bis unter 66 Jahre,67119
2020,Baden-Württemberg,f,21 bis unter 22 Jahre,60150
2020,Baden-Württemberg,f,35 bis unter 36 Jahre,68938
2020,Baden-Württemberg,f,48 bis unter 49 Jahre,70829
2020,Baden-Württemberg,f,4 bis unter 5 Jahre,53561
2020,Baden-Württemberg,f,75 bis unter 80 Jahre,234623
2020,Baden-Württemberg,f,70 bis unter 71 Jahre,60641
2020,Baden-Württemberg,f,17 bis unter 18 Jahre,51300
2020,Baden-Württemberg,f,90 Jahre und mehr,76282
2020,Baden-Württemberg,f,40 bis unter 41 Jahre,71171
2020,Baden-Württemberg,f,66 bis unter 67 Jahre,65432
2020,Baden-Württemberg,f,53 bis unter 54 Jahre,88552
2020,Baden-Württemberg,f,22 bis unter 23 Jahre,62140
2020,Baden-Württemberg,f,23 bis unter 24 Jahre,65133
2020,Baden-Württemberg,f,49 bis unter 50 Jahre,75578
2020,Baden-Württemberg,f,36 bis unter 37 Jahre,68848
2020,Baden-Württemberg,f,5 bis unter 6 Jahre,52551
2020,Baden-Württemberg,f,71 bis unter 72 Jahre,58760
2020,Baden-Württemberg,f,18 bis unter 19 Jahre,52894
2020,Thüringen,m,42 bis unter 43 Jahre,13493
2020,Thüringen,m,68 bis unter 69 Jahre,15299
2020,Thüringen,m,55 bis unter 56 Jahre,17513
2020,Thüringen,m,24 bis unter 25 Jahre,8940
2020,Thüringen,m,11 bis unter 12 Jahre,9094
2020,Thüringen,m,37 bis unter 38 Jahre,14242
2020,Thüringen,m,6 bis unter 7 Jahre,9831
2020,Thüringen,m,19 bis unter 20 Jahre,9182
2020,Thüringen,m,72 bis unter 73 Jahre,10444
2020,Thüringen,m,74 bis unter 75 Jahre,7727
2020,Thüringen,m,30 bis unter 31 Jahre,13192
2020,Thüringen,m,56 bis unter 57 Jahre,18417
2020,Thüringen,m,43 bis unter 44 Jahre,13205
2020,Thüringen,m,12 bis unter 13 Jahre,9508
2020,Thüringen,m,69 bis unter 70 Jahre,15095
2020,Thüringen,m,25 bis unter 26 Jahre,8534
2020,Thüringen,m,38 bis unter 39 Jahre,14708
2020,Thüringen,m,7 bis unter 8 Jahre,9644
2020,Thüringen,m,73 bis unter 74 Jahre,9756
2020,Thüringen,m,60 bis unter 61 Jahre,17841
2020,Thüringen,m,40 bis unter 41 Jahre,14535
2020,Thüringen,m,53 bis unter 54 Jahre,15915
2020,Thüringen,m,66 bis unter 67 Jahre,15831
2020,Thüringen,m,35 bis unter 36 Jahre,14118
2020,Thüringen,m,22 bis unter 23 Jahre,9413
2020,Thüringen,m,48 bis unter 49 Jahre,13865
2020,Thüringen,m,4 bis unter 5 Jahre,9670
2020,Thüringen,m,17 bis unter 18 Jahre,8861
2020,Thüringen,m,70 bis unter 71 Jahre,13956
2020,Thüringen,m,54 bis unter 55 Jahre,17155
2020,Thüringen,m,41 bis unter 42 Jahre,13943
2020,Thüringen,m,10 bis unter 11 Jahre,9611
2020,Thüringen,m,67 bis unter 68 Jahre,15669
2020,Thüringen,m,23 bis unter 24 Jahre,9494
2020,Thüringen,m,49 bis unter 50 Jahre,15406
2020,Thüringen,m,36 bis unter 37 Jahre,14199
2020,Thüringen,m,5 bis unter 6 Jahre,9829
2020,Thüringen,m,18 bis unter 19 Jahre,8938
2020,Thüringen,m,71 bis unter 72 Jahre,12373
2020,Thüringen,m,51 bis unter 52 Jahre,15568
2020,Thüringen,m,64 bis unter 65 Jahre,16365
2020,Thüringen,m,33 bis unter 34 Jahre,14581
2020,Thüringen,m,20 bis unter 21 Jahre,9568
2020,Thüringen,m,46 bis unter 47 Jahre,11839
2020,Thüringen,m,59 bis unter 60 Jahre,18809
2020,Thüringen,m,2 bis unter 3 Jahre,9019
2020,Thüringen,m,28 bis unter 29 Jahre,8337
2020,Thüringen,m,15 bis unter 16 Jahre,8841
2020,Thüringen,m,50 bis unter 51 Jahre,15476
2020,Thüringen,m,52 bis unter 53 Jahre,15616
2020,Thüringen,m,65 bis unter 66 Jahre,16202
2020,Thüringen,m,21 bis unter 22 Jahre,9631
2020,Thüringen,m,47 bis unter 48 Jahre,12168
2020,Thüringen,m,34 bis unter 35 Jahre,14255
2020,Thüringen,m,80 bis unter 85 Jahre,43543
2020,Thüringen,m,3 bis unter 4 Jahre,9428
2020,Thüringen,m,16 bis unter 17 Jahre,9154
2020,Thüringen,m,90 Jahre und mehr,5836
2020,Thüringen,m,75 bis unter 80 Jahre,47512
2020,Thüringen,m,29 bis unter 30 Jahre,9376
2020,Thüringen,m,62 bis unter 63 Jahre,16407
2020,Thüringen,m,31 bis unter 32 Jahre,13300
2020,Thüringen,m,44 bis unter 45 Jahre,11792
2020,Thüringen,m,unter 1 Jahr,8209
2020,Thüringen,m,57 bis unter 58 Jahre,18637
2020,Thüringen,m,85 bis unter 90 Jahre,17284
2020,Thüringen,m,26 bis unter 27 Jahre,7850
2020,Thüringen,m,13 bis unter 14 Jahre,9329
2020,Thüringen,m,39 bis unter 40 Jahre,14209
2020,Thüringen,m,61 bis unter 62 Jahre,17789
2020,Thüringen,m,8 bis unter 9 Jahre,9628
2020,Thüringen,m,63 bis unter 64 Jahre,16206
2020,Thüringen,m,45 bis unter 46 Jahre,11471
2020,Thüringen,m,32 bis unter 33 Jahre,14373
2020,Thüringen,m,58 bis unter 59 Jahre,18394
2020,Thüringen,m,1 bis unter 2 Jahre,8448
2020,Thüringen,m,14 bis unter 15 Jahre,8834
2020,Thüringen,m,27 bis unter 28 Jahre,8048
2020,Thüringen,m,9 bis unter 10 Jahre,9434
2020,Thüringen,f,49 bis unter 50 Jahre,13659
2020,Thüringen,f,5 bis unter 6 Jahre,9126
2020,Thüringen,f,67 bis unter 68 Jahre,16878
2020,Thüringen,f,10 bis unter 11 Jahre,9158
2020,Thüringen,f,23 bis unter 24 Jahre,8316
2020,Thüringen,f,36 bis unter 37 Jahre,12656
2020,Thüringen,f,40 bis unter 41 Jahre,12969
2020,Thüringen,f,53 bis unter 54 Jahre,15588
2020,Thüringen,f,66 bis unter 67 Jahre,17048
2020,Thüringen,f,18 bis unter 19 Jahre,8228
2020,Thüringen,f,71 bis unter 72 Jahre,13878
2020,Thüringen,f,48 bis unter 49 Jahre,12071
2020,Thüringen,f,85 bis unter 90 Jahre,31441
2020,Thüringen,f,4 bis unter 5 Jahre,9306
2020,Thüringen,f,17 bis unter 18 Jahre,8353
2020,Thüringen,f,70 bis unter 71 Jahre,15903
2020,Thüringen,f,22 bis unter 23 Jahre,8258
2020,Thüringen,f,35 bis unter 36 Jahre,12634
2020,Thüringen,f,52 bis unter 53 Jahre,14862
2020,Thüringen,f,65 bis unter 66 Jahre,17323
2020,Thüringen,f,3 bis unter 4 Jahre,8990
2020,Thüringen,f,16 bis unter 17 Jahre,8570
2020,Thüringen,f,21 bis unter 22 Jahre,8259
2020,Thüringen,f,34 bis unter 35 Jahre,12641
2020,Thüringen,f,47 bis unter 48 Jahre,10922
2020,Thüringen,f,64 bis unter 65 Jahre,17132
2020,Thüringen,f,20 bis unter 21 Jahre,8684
2020,Thüringen,f,29 bis unter 30 Jahre,8403
2020,Thüringen,f,51 bis unter 52 Jahre,14444
2020,Thüringen,f,2 bis unter 3 Jahre,8561
2020,Thüringen,f,15 bis unter 16 Jahre,8355
2020,Thüringen,f,28 bis unter 29 Jahre,7543
2020,Thüringen,f,33 bis unter 34 Jahre,13134
2020,Thüringen,f,46 bis unter 47 Jahre,10467
2020,Thüringen,f,59 bis unter 60 Jahre,19087
2020,Thüringen,f,63 bis unter 64 Jahre,16839
2020,Thüringen,f,32 bis unter 33 Jahre,13014
2020,Thüringen,f,50 bis unter 51 Jahre,14214
2020,Thüringen,f,14 bis unter 15 Jahre,8126
2020,Thüringen,f,27 bis unter 28 Jahre,7071
2020,Thüringen,f,80 bis unter 85 Jahre,63619
2020,Thüringen,f,45 bis unter 46 Jahre,10094
2020,Thüringen,f,58 bis unter 59 Jahre,18488
2020,Thüringen,f,1 bis unter 2 Jahre,8293
2020,Thüringen,f,31 bis unter 32 Jahre,12205
2020,Thüringen,f,62 bis unter 63 Jahre,16888
2020,Thüringen,f,9 bis unter 10 Jahre,8911
2020,Thüringen,f,26 bis unter 27 Jahre,6812
2020,Thüringen,f,39 bis unter 40 Jahre,12618
2020,Thüringen,f,44 bis unter 45 Jahre,10698
2020,Thüringen,f,57 bis unter 58 Jahre,18685
2020,Thüringen,f,unter 1 Jahr,7744
2020,Thüringen,f,13 bis unter 14 Jahre,8668
2020,Thüringen,f,30 bis unter 31 Jahre,11792
2020,Thüringen,f,43 bis unter 44 Jahre,11858
2020,Thüringen,f,61 bis unter 62 Jahre,18135
2020,Thüringen,f,8 bis unter 9 Jahre,9056
2020,Thüringen,f,74 bis unter 75 Jahre,9439
2020,Thüringen,f,25 bis unter 26 Jahre,7193
2020,Thüringen,f,90 Jahre und mehr,17447
2020,Thüringen,f,38 bis unter 39 Jahre,12974
2020,Thüringen,f,56 bis unter 57 Jahre,18151
2020,Thüringen,f,69 bis unter 70 Jahre,16586
2020,Thüringen,f,12 bis unter 13 Jahre,8910
2020,Thüringen,f,42 bis unter 43 Jahre,11970
2020,Thüringen,f,55 bis unter 56 Jahre,17234
2020,Thüringen,f,7 bis unter 8 Jahre,9167
2020,Thüringen,f,60 bis unter 61 Jahre,18134
2020,Thüringen,f,73 bis unter 74 Jahre,11428
2020,Thüringen,f,37 bis unter 38 Jahre,12758
2020,Thüringen,f,68 bis unter 69 Jahre,16696
2020,Thüringen,f,11 bis unter 12 Jahre,8871
2020,Thüringen,f,24 bis unter 25 Jahre,7946
2020,Thüringen,f,41 bis unter 42 Jahre,12367
2020,Thüringen,f,54 bis unter 55 Jahre,16544
2020,Thüringen,f,6 bis unter 7 Jahre,9337
2020,Thüringen,f,72 bis unter 73 Jahre,11980
2020,Thüringen,f,19 bis unter 20 Jahre,8603
2020,Thüringen,f,75 bis unter 80 Jahre,60615
2020,Mecklenburg-Vorpommern,m,23 bis unter 24 Jahre,6907
2020,Mecklenburg-Vorpommern,m,36 bis unter 37 Jahre,10739
2020,Mecklenburg-Vorpommern,m,49 bis unter 50 Jahre,10728
2020,Mecklenburg-Vorpommern,m,5 bis unter 6 Jahre,7363
2020,Mecklenburg-Vorpommern,m,18 bis unter 19 Jahre,6761
2020,Mecklenburg-Vorpommern,m,90 Jahre und mehr,4205
2020,Mecklenburg-Vorpommern,m,71 bis unter 72 Jahre,8819
2020,Mecklenburg-Vorpommern,m,19 bis unter 20 Jahre,7004
2020,Mecklenburg-Vorpommern,m,72 bis unter 73 Jahre,7494
2020,Mecklenburg-Vorpommern,m,41 bis unter 42 Jahre,10818
2020,Mecklenburg-Vorpommern,m,54 bis unter 55 Jahre,13252
2020,Mecklenburg-Vorpommern,m,67 bis unter 68 Jahre,12403
2020,Mecklenburg-Vorpommern,m,10 bis unter 11 Jahre,7395
2020,Mecklenburg-Vorpommern,m,22 bis unter 23 Jahre,6729
2020,Mecklenburg-Vorpommern,m,35 bis unter 36 Jahre,10872
2020,Mecklenburg-Vorpommern,m,48 bis unter 49 Jahre,9239
2020,Mecklenburg-Vorpommern,m,4 bis unter 5 Jahre,7114
2020,Mecklenburg-Vorpommern,m,17 bis unter 18 Jahre,6803
2020,Mecklenburg-Vorpommern,m,70 bis unter 71 Jahre,10454
2020,Mecklenburg-Vorpommern,m,80 bis unter 85 Jahre,31112
2020,Mecklenburg-Vorpommern,m,40 bis unter 41 Jahre,10861
2020,Mecklenburg-Vorpommern,m,53 bis unter 54 Jahre,12164
2020,Mecklenburg-Vorpommern,m,66 bis unter 67 Jahre,12825
2020,Mecklenburg-Vorpommern,m,69 bis unter 70 Jahre,11244
2020,Mecklenburg-Vorpommern,m,12 bis unter 13 Jahre,7298
2020,Mecklenburg-Vorpommern,m,25 bis unter 26 Jahre,5974
2020,Mecklenburg-Vorpommern,m,38 bis unter 39 Jahre,11048
2020,Mecklenburg-Vorpommern,m,7 bis unter 8 Jahre,7085
2020,Mecklenburg-Vorpommern,m,8 bis unter 9 Jahre,7241
2020,Mecklenburg-Vorpommern,m,61 bis unter 62 Jahre,14209
2020,Mecklenburg-Vorpommern,m,74 bis unter 75 Jahre,4525
2020,Mecklenburg-Vorpommern,m,30 bis unter 31 Jahre,10088
2020,Mecklenburg-Vorpommern,m,43 bis unter 44 Jahre,10383
2020,Mecklenburg-Vorpommern,m,56 bis unter 57 Jahre,14708
2020,Mecklenburg-Vorpommern,m,68 bis unter 69 Jahre,11712
2020,Mecklenburg-Vorpommern,m,11 bis unter 12 Jahre,7206
2020,Mecklenburg-Vorpommern,m,24 bis unter 25 Jahre,6608
2020,Mecklenburg-Vorpommern,m,37 bis unter 38 Jahre,10868
2020,Mecklenburg-Vorpommern,m,6 bis unter 7 Jahre,7226
2020,Mecklenburg-Vorpommern,m,60 bis unter 61 Jahre,14629
2020,Mecklenburg-Vorpommern,m,73 bis unter 74 Jahre,6793
2020,Mecklenburg-Vorpommern,m,42 bis unter 43 Jahre,10569
2020,Mecklenburg-Vorpommern,m,55 bis unter 56 Jahre,14003
2020,Mecklenburg-Vorpommern,m,45 bis unter 46 Jahre,8599
2020,Mecklenburg-Vorpommern,m,58 bis unter 59 Jahre,15083
2020,Mecklenburg-Vorpommern,m,1 bis unter 2 Jahre,6619
2020,Mecklenburg-Vorpommern,m,14 bis unter 15 Jahre,6875
2020,Mecklenburg-Vorpommern,m,27 bis unter 28 Jahre,5867
2020,Mecklenburg-Vorpommern,m,50 bis unter 51 Jahre,10870
2020,Mecklenburg-Vorpommern,m,63 bis unter 64 Jahre,13005
2020,Mecklenburg-Vorpommern,m,32 bis unter 33 Jahre,11235
2020,Mecklenburg-Vorpommern,m,85 bis unter 90 Jahre,13549
2020,Mecklenburg-Vorpommern,m,57 bis unter 58 Jahre,15171
2020,Mecklenburg-Vorpommern,m,unter 1 Jahr,6283
2020,Mecklenburg-Vorpommern,m,13 bis unter 14 Jahre,6999
2020,Mecklenburg-Vorpommern,m,26 bis unter 27 Jahre,5685
2020,Mecklenburg-Vorpommern,m,39 bis unter 40 Jahre,10733
2020,Mecklenburg-Vorpommern,m,9 bis unter 10 Jahre,7200
2020,Mecklenburg-Vorpommern,m,62 bis unter 63 Jahre,13422
2020,Mecklenburg-Vorpommern,m,31 bis unter 32 Jahre,10701
2020,Mecklenburg-Vorpommern,m,75 bis unter 80 Jahre,33027
2020,Mecklenburg-Vorpommern,m,44 bis unter 45 Jahre,9081
2020,Mecklenburg-Vorpommern,m,34 bis unter 35 Jahre,11000
2020,Mecklenburg-Vorpommern,m,47 bis unter 48 Jahre,8540
2020,Mecklenburg-Vorpommern,m,3 bis unter 4 Jahre,6952
2020,Mecklenburg-Vorpommern,m,16 bis unter 17 Jahre,6923
2020,Mecklenburg-Vorpommern,m,29 bis unter 30 Jahre,6921
2020,Mecklenburg-Vorpommern,m,52 bis unter 53 Jahre,11800
2020,Mecklenburg-Vorpommern,m,65 bis unter 66 Jahre,12869
2020,Mecklenburg-Vorpommern,m,21 bis unter 22 Jahre,7024
2020,Mecklenburg-Vorpommern,m,46 bis unter 47 Jahre,8392
2020,Mecklenburg-Vorpommern,m,59 bis unter 60 Jahre,15196
2020,Mecklenburg-Vorpommern,m,2 bis unter 3 Jahre,6863
2020,Mecklenburg-Vorpommern,m,15 bis unter 16 Jahre,6515
2020,Mecklenburg-Vorpommern,m,28 bis unter 29 Jahre,6267
2020,Mecklenburg-Vorpommern,m,51 bis unter 52 Jahre,11193
2020,Mecklenburg-Vorpommern,m,64 bis unter 65 Jahre,12812
2020,Mecklenburg-Vorpommern,m,20 bis unter 21 Jahre,7318
2020,Mecklenburg-Vorpommern,m,33 bis unter 34 Jahre,11470
2020,Mecklenburg-Vorpommern,f,70 bis unter 71 Jahre,11331
2020,Mecklenburg-Vorpommern,f,17 bis unter 18 Jahre,6399
2020,Mecklenburg-Vorpommern,f,4 bis unter 5 Jahre,6974
2020,Mecklenburg-Vorpommern,f,52 bis unter 53 Jahre,11468
2020,Mecklenburg-Vorpommern,f,22 bis unter 23 Jahre,6194
2020,Mecklenburg-Vorpommern,f,66 bis unter 67 Jahre,13516
2020,Mecklenburg-Vorpommern,f,48 bis unter 49 Jahre,8550
2020,Mecklenburg-Vorpommern,f,35 bis unter 36 Jahre,10258
2020,Mecklenburg-Vorpommern,f,71 bis unter 72 Jahre,9841
2020,Mecklenburg-Vorpommern,f,18 bis unter 19 Jahre,6184
2020,Mecklenburg-Vorpommern,f,5 bis unter 6 Jahre,7009
2020,Mecklenburg-Vorpommern,f,53 bis unter 54 Jahre,12166
2020,Mecklenburg-Vorpommern,f,40 bis unter 41 Jahre,10027
2020,Mecklenburg-Vorpommern,f,67 bis unter 68 Jahre,13289
2020,Mecklenburg-Vorpommern,f,10 bis unter 11 Jahre,7129
2020,Mecklenburg-Vorpommern,f,54 bis unter 55 Jahre,13034
2020,Mecklenburg-Vorpommern,f,49 bis unter 50 Jahre,9821
2020,Mecklenburg-Vorpommern,f,36 bis unter 37 Jahre,10001
2020,Mecklenburg-Vorpommern,f,23 bis unter 24 Jahre,6241
2020,Mecklenburg-Vorpommern,f,28 bis unter 29 Jahre,5801
2020,Mecklenburg-Vorpommern,f,63 bis unter 64 Jahre,13326
2020,Mecklenburg-Vorpommern,f,50 bis unter 51 Jahre,10207
2020,Mecklenburg-Vorpommern,f,33 bis unter 34 Jahre,10588
2020,Mecklenburg-Vorpommern,f,20 bis unter 21 Jahre,6735
2020,Mecklenburg-Vorpommern,f,15 bis unter 16 Jahre,6400
2020,Mecklenburg-Vorpommern,f,2 bis unter 3 Jahre,6527
2020,Mecklenburg-Vorpommern,f,59 bis unter 60 Jahre,15231
2020,Mecklenburg-Vorpommern,f,46 bis unter 47 Jahre,7477
2020,Mecklenburg-Vorpommern,f,29 bis unter 30 Jahre,6468
2020,Mecklenburg-Vorpommern,f,16 bis unter 17 Jahre,6558
2020,Mecklenburg-Vorpommern,f,64 bis unter 65 Jahre,13582
2020,Mecklenburg-Vorpommern,f,51 bis unter 52 Jahre,10614
2020,Mecklenburg-Vorpommern,f,34 bis unter 35 Jahre,10293
2020,Mecklenburg-Vorpommern,f,21 bis unter 22 Jahre,6337
2020,Mecklenburg-Vorpommern,f,65 bis unter 66 Jahre,13718
2020,Mecklenburg-Vorpommern,f,3 bis unter 4 Jahre,6717
2020,Mecklenburg-Vorpommern,f,47 bis unter 48 Jahre,7757
2020,Mecklenburg-Vorpommern,f,39 bis unter 40 Jahre,9700
2020,Mecklenburg-Vorpommern,f,30 bis unter 31 Jahre,9556
2020,Mecklenburg-Vorpommern,f,74 bis unter 75 Jahre,5095
2020,Mecklenburg-Vorpommern,f,61 bis unter 62 Jahre,14656
2020,Mecklenburg-Vorpommern,f,8 bis unter 9 Jahre,6813
2020,Mecklenburg-Vorpommern,f,57 bis unter 58 Jahre,15138
2020,Mecklenburg-Vorpommern,f,44 bis unter 45 Jahre,8038
2020,Mecklenburg-Vorpommern,f,31 bis unter 32 Jahre,10003
2020,Mecklenburg-Vorpommern,f,26 bis unter 27 Jahre,5060
2020,Mecklenburg-Vorpommern,f,13 bis unter 14 Jahre,6705
2020,Mecklenburg-Vorpommern,f,unter 1 Jahr,5840
2020,Mecklenburg-Vorpommern,f,27 bis unter 28 Jahre,5173
2020,Mecklenburg-Vorpommern,f,62 bis unter 63 Jahre,13732
2020,Mecklenburg-Vorpommern,f,9 bis unter 10 Jahre,6774
2020,Mecklenburg-Vorpommern,f,45 bis unter 46 Jahre,7614
2020,Mecklenburg-Vorpommern,f,32 bis unter 33 Jahre,10380
2020,Mecklenburg-Vorpommern,f,14 bis unter 15 Jahre,6449
2020,Mecklenburg-Vorpommern,f,1 bis unter 2 Jahre,6263
2020,Mecklenburg-Vorpommern,f,58 bis unter 59 Jahre,15120
2020,Mecklenburg-Vorpommern,f,72 bis unter 73 Jahre,8438
2020,Mecklenburg-Vorpommern,f,19 bis unter 20 Jahre,6447
2020,Mecklenburg-Vorpommern,f,80 bis unter 85 Jahre,47089
2020,Mecklenburg-Vorpommern,f,6 bis unter 7 Jahre,6911
2020,Mecklenburg-Vorpommern,f,41 bis unter 42 Jahre,9615
2020,Mecklenburg-Vorpommern,f,68 bis unter 69 Jahre,12964
2020,Mecklenburg-Vorpommern,f,11 bis unter 12 Jahre,7012
2020,Mecklenburg-Vorpommern,f,55 bis unter 56 Jahre,13769
2020,Mecklenburg-Vorpommern,f,42 bis unter 43 Jahre,9493
2020,Mecklenburg-Vorpommern,f,90 Jahre und mehr,12510
2020,Mecklenburg-Vorpommern,f,37 bis unter 38 Jahre,9999
2020,Mecklenburg-Vorpommern,f,24 bis unter 25 Jahre,5863
2020,Mecklenburg-Vorpommern,f,60 bis unter 61 Jahre,15023
2020,Mecklenburg-Vorpommern,f,85 bis unter 90 Jahre,24951
2020,Mecklenburg-Vorpommern,f,7 bis unter 8 Jahre,6825
2020,Mecklenburg-Vorpommern,f,73 bis unter 74 Jahre,7796
2020,Mecklenburg-Vorpommern,f,56 bis unter 57 Jahre,14467
2020,Mecklenburg-Vorpommern,f,43 bis unter 44 Jahre,9088
2020,Mecklenburg-Vorpommern,f,38 bis unter 39 Jahre,10050
2020,Mecklenburg-Vorpommern,f,25 bis unter 26 Jahre,5464
2020,Mecklenburg-Vorpommern,f,75 bis unter 80 Jahre,42164
2020,Mecklenburg-Vorpommern,f,69 bis unter 70 Jahre,12429
2020,Mecklenburg-Vorpommern,f,12 bis unter 13 Jahre,6993
2017,Bremen,m,50 bis unter 51 Jahre,5362
2017,Bremen,m,90 Jahre und mehr,1715
2017,Bremen,m,63 bis unter 64 Jahre,3724
2017,Bremen,m,28 bis unter 29 Jahre,5330
2017,Bremen,m,15 bis unter 16 Jahre,2994
2017,Bremen,m,58 bis unter 59 Jahre,4502
2017,Bremen,m,1 bis unter 2 Jahre,3518
2017,Bremen,m,45 bis unter 46 Jahre,4228
2017,Bremen,m,32 bis unter 33 Jahre,4882
2017,Bremen,m,9 bis unter 10 Jahre,2960
2017,Bremen,m,62 bis unter 63 Jahre,3873
2017,Bremen,m,14 bis unter 15 Jahre,2940
2017,Bremen,m,27 bis unter 28 Jahre,5525
2017,Bremen,m,13 bis unter 14 Jahre,2958
2017,Bremen,m,57 bis unter 58 Jahre,4754
2017,Bremen,m,unter 1 Jahr,3554
2017,Bremen,m,31 bis unter 32 Jahre,5146
2017,Bremen,m,44 bis unter 45 Jahre,3983
2017,Bremen,m,74 bis unter 75 Jahre,3071
2017,Bremen,m,8 bis unter 9 Jahre,3048
2017,Bremen,m,61 bis unter 62 Jahre,4027
2017,Bremen,m,39 bis unter 40 Jahre,4171
2017,Bremen,m,26 bis unter 27 Jahre,5225
2017,Bremen,m,12 bis unter 13 Jahre,3080
2017,Bremen,m,25 bis unter 26 Jahre,4916
2017,Bremen,m,56 bis unter 57 Jahre,4858
2017,Bremen,m,69 bis unter 70 Jahre,3262
2017,Bremen,m,43 bis unter 44 Jahre,4011
2017,Bremen,m,30 bis unter 31 Jahre,5196
2017,Bremen,m,73 bis unter 74 Jahre,2918
2017,Bremen,m,80 bis unter 85 Jahre,9351
2017,Bremen,m,7 bis unter 8 Jahre,2982
2017,Bremen,m,60 bis unter 61 Jahre,4295
2017,Bremen,m,38 bis unter 39 Jahre,4324
2017,Bremen,m,24 bis unter 25 Jahre,4790
2017,Bremen,m,68 bis unter 69 Jahre,3532
2017,Bremen,m,11 bis unter 12 Jahre,3028
2017,Bremen,m,55 bis unter 56 Jahre,5106
2017,Bremen,m,75 bis unter 80 Jahre,14987
2017,Bremen,m,42 bis unter 43 Jahre,4005
2017,Bremen,m,19 bis unter 20 Jahre,4416
2017,Bremen,m,72 bis unter 73 Jahre,2351
2017,Bremen,m,6 bis unter 7 Jahre,2871
2017,Bremen,m,37 bis unter 38 Jahre,4497
2017,Bremen,m,36 bis unter 37 Jahre,4638
2017,Bremen,m,10 bis unter 11 Jahre,3084
2017,Bremen,m,23 bis unter 24 Jahre,4609
2017,Bremen,m,54 bis unter 55 Jahre,5200
2017,Bremen,m,67 bis unter 68 Jahre,3514
2017,Bremen,m,41 bis unter 42 Jahre,4093
2017,Bremen,m,85 bis unter 90 Jahre,3897
2017,Bremen,m,40 bis unter 41 Jahre,4054
2017,Bremen,m,18 bis unter 19 Jahre,3842
2017,Bremen,m,71 bis unter 72 Jahre,3062
2017,Bremen,m,5 bis unter 6 Jahre,3008
2017,Bremen,m,49 bis unter 50 Jahre,5313
2017,Bremen,m,35 bis unter 36 Jahre,4710
2017,Bremen,m,48 bis unter 49 Jahre,5045
2017,Bremen,m,22 bis unter 23 Jahre,4349
2017,Bremen,m,66 bis unter 67 Jahre,3513
2017,Bremen,m,53 bis unter 54 Jahre,5476
2017,Bremen,m,17 bis unter 18 Jahre,3430
2017,Bremen,m,70 bis unter 71 Jahre,3033
2017,Bremen,m,4 bis unter 5 Jahre,3043
2017,Bremen,m,47 bis unter 48 Jahre,4732
2017,Bremen,m,34 bis unter 35 Jahre,4720
2017,Bremen,m,21 bis unter 22 Jahre,4554
2017,Bremen,m,52 bis unter 53 Jahre,5494
2017,Bremen,m,65 bis unter 66 Jahre,3467
2017,Bremen,m,51 bis unter 52 Jahre,5554
2017,Bremen,m,16 bis unter 17 Jahre,3218
2017,Bremen,m,29 bis unter 30 Jahre,5483
2017,Bremen,m,3 bis unter 4 Jahre,3342
2017,Bremen,m,59 bis unter 60 Jahre,4353
2017,Bremen,m,2 bis unter 3 Jahre,3439
2017,Bremen,m,33 bis unter 34 Jahre,4634
2017,Bremen,m,46 bis unter 47 Jahre,4494
2017,Bremen,m,20 bis unter 21 Jahre,4458
2017,Bremen,m,64 bis unter 65 Jahre,3544
2017,Bremen,f,unter 1 Jahr,3305
2017,Bremen,f,57 bis unter 58 Jahre,4797
2017,Bremen,f,26 bis unter 27 Jahre,4823
2017,Bremen,f,13 bis unter 14 Jahre,2791
2017,Bremen,f,39 bis unter 40 Jahre,3862
2017,Bremen,f,9 bis unter 10 Jahre,2883
2017,Bremen,f,62 bis unter 63 Jahre,4204
2017,Bremen,f,31 bis unter 32 Jahre,4684
2017,Bremen,f,44 bis unter 45 Jahre,3854
2017,Bremen,f,58 bis unter 59 Jahre,4747
2017,Bremen,f,45 bis unter 46 Jahre,4079
2017,Bremen,f,14 bis unter 15 Jahre,2876
2017,Bremen,f,1 bis unter 2 Jahre,3324
2017,Bremen,f,27 bis unter 28 Jahre,4916
2017,Bremen,f,80 bis unter 85 Jahre,13947
2017,Bremen,f,50 bis unter 51 Jahre,5117
2017,Bremen,f,63 bis unter 64 Jahre,4158
2017,Bremen,f,32 bis unter 33 Jahre,4413
2017,Bremen,f,46 bis unter 47 Jahre,4368
2017,Bremen,f,2 bis unter 3 Jahre,3212
2017,Bremen,f,59 bis unter 60 Jahre,4549
2017,Bremen,f,90 Jahre und mehr,5231
2017,Bremen,f,28 bis unter 29 Jahre,4953
2017,Bremen,f,15 bis unter 16 Jahre,2733
2017,Bremen,f,51 bis unter 52 Jahre,5224
2017,Bremen,f,64 bis unter 65 Jahre,3953
2017,Bremen,f,33 bis unter 34 Jahre,4375
2017,Bremen,f,20 bis unter 21 Jahre,4041
2017,Bremen,f,34 bis unter 35 Jahre,4494
2017,Bremen,f,47 bis unter 48 Jahre,4457
2017,Bremen,f,16 bis unter 17 Jahre,2953
2017,Bremen,f,3 bis unter 4 Jahre,3051
2017,Bremen,f,29 bis unter 30 Jahre,5070
2017,Bremen,f,52 bis unter 53 Jahre,5283
2017,Bremen,f,65 bis unter 66 Jahre,3984
2017,Bremen,f,21 bis unter 22 Jahre,4076
2017,Bremen,f,35 bis unter 36 Jahre,4601
2017,Bremen,f,22 bis unter 23 Jahre,4292
2017,Bremen,f,48 bis unter 49 Jahre,4761
2017,Bremen,f,4 bis unter 5 Jahre,2946
2017,Bremen,f,17 bis unter 18 Jahre,3062
2017,Bremen,f,70 bis unter 71 Jahre,3562
2017,Bremen,f,85 bis unter 90 Jahre,7909
2017,Bremen,f,40 bis unter 41 Jahre,3957
2017,Bremen,f,53 bis unter 54 Jahre,5210
2017,Bremen,f,66 bis unter 67 Jahre,3973
2017,Bremen,f,23 bis unter 24 Jahre,4317
2017,Bremen,f,49 bis unter 50 Jahre,5098
2017,Bremen,f,36 bis unter 37 Jahre,4185
2017,Bremen,f,75 bis unter 80 Jahre,19076
2017,Bremen,f,5 bis unter 6 Jahre,2862
2017,Bremen,f,18 bis unter 19 Jahre,3357
2017,Bremen,f,71 bis unter 72 Jahre,3357
2017,Bremen,f,19 bis unter 20 Jahre,3534
2017,Bremen,f,72 bis unter 73 Jahre,2740
2017,Bremen,f,54 bis unter 55 Jahre,5247
2017,Bremen,f,41 bis unter 42 Jahre,3940
2017,Bremen,f,67 bis unter 68 Jahre,3943
2017,Bremen,f,10 bis unter 11 Jahre,2935
2017,Bremen,f,68 bis unter 69 Jahre,3931
2017,Bremen,f,11 bis unter 12 Jahre,2812
2017,Bremen,f,37 bis unter 38 Jahre,4209
2017,Bremen,f,24 bis unter 25 Jahre,4517
2017,Bremen,f,6 bis unter 7 Jahre,2651
2017,Bremen,f,73 bis unter 74 Jahre,3380
2017,Bremen,f,60 bis unter 61 Jahre,4569
2017,Bremen,f,42 bis unter 43 Jahre,3896
2017,Bremen,f,55 bis unter 56 Jahre,5150
2017,Bremen,f,69 bis unter 70 Jahre,3650
2017,Bremen,f,12 bis unter 13 Jahre,2651
2017,Bremen,f,25 bis unter 26 Jahre,4599
2017,Bremen,f,38 bis unter 39 Jahre,3923
2017,Bremen,f,7 bis unter 8 Jahre,2834
2017,Bremen,f,61 bis unter 62 Jahre,4293
2017,Bremen,f,8 bis unter 9 Jahre,2801
2017,Bremen,f,74 bis unter 75 Jahre,3395
2017,Bremen,f,30 bis unter 31 Jahre,4817
2017,Bremen,f,56 bis unter 57 Jahre,4899
2017,Bremen,f,43 bis unter 44 Jahre,3739
2017,Saarland,m,54 bis unter 55 Jahre,8817
2017,Saarland,m,41 bis unter 42 Jahre,5172
2017,Saarland,m,6 bis unter 7 Jahre,4070
2017,Saarland,m,72 bis unter 73 Jahre,3294
2017,Saarland,m,19 bis unter 20 Jahre,5348
2017,Saarland,m,36 bis unter 37 Jahre,5995
2017,Saarland,m,49 bis unter 50 Jahre,7745
2017,Saarland,m,67 bis unter 68 Jahre,6613
2017,Saarland,m,10 bis unter 11 Jahre,4058
2017,Saarland,m,23 bis unter 24 Jahre,5653
2017,Saarland,m,73 bis unter 74 Jahre,4343
2017,Saarland,m,42 bis unter 43 Jahre,5078
2017,Saarland,m,60 bis unter 61 Jahre,8007
2017,Saarland,m,7 bis unter 8 Jahre,3952
2017,Saarland,m,37 bis unter 38 Jahre,5944
2017,Saarland,m,24 bis unter 25 Jahre,5979
2017,Saarland,m,55 bis unter 56 Jahre,8756
2017,Saarland,m,68 bis unter 69 Jahre,6765
2017,Saarland,m,11 bis unter 12 Jahre,4127
2017,Saarland,m,74 bis unter 75 Jahre,4130
2017,Saarland,m,30 bis unter 31 Jahre,6332
2017,Saarland,m,61 bis unter 62 Jahre,7571
2017,Saarland,m,90 Jahre und mehr,2516
2017,Saarland,m,8 bis unter 9 Jahre,3936
2017,Saarland,m,25 bis unter 26 Jahre,6105
2017,Saarland,m,38 bis unter 39 Jahre,5386
2017,Saarland,m,56 bis unter 57 Jahre,8985
2017,Saarland,m,80 bis unter 85 Jahre,16042
2017,Saarland,m,43 bis unter 44 Jahre,5083
2017,Saarland,m,69 bis unter 70 Jahre,5695
2017,Saarland,m,12 bis unter 13 Jahre,4148
2017,Saarland,m,62 bis unter 63 Jahre,7128
2017,Saarland,m,9 bis unter 10 Jahre,4127
2017,Saarland,m,13 bis unter 14 Jahre,4269
2017,Saarland,m,39 bis unter 40 Jahre,5190
2017,Saarland,m,26 bis unter 27 Jahre,6361
2017,Saarland,m,44 bis unter 45 Jahre,5110
2017,Saarland,m,31 bis unter 32 Jahre,6230
2017,Saarland,m,unter 1 Jahr,4247
2017,Saarland,m,57 bis unter 58 Jahre,8492
2017,Saarland,m,63 bis unter 64 Jahre,7156
2017,Saarland,m,50 bis unter 51 Jahre,8126
2017,Saarland,m,28 bis unter 29 Jahre,6357
2017,Saarland,m,14 bis unter 15 Jahre,4250
2017,Saarland,m,1 bis unter 2 Jahre,4136
2017,Saarland,m,27 bis unter 28 Jahre,6517
2017,Saarland,m,75 bis unter 80 Jahre,23128
2017,Saarland,m,32 bis unter 33 Jahre,5908
2017,Saarland,m,58 bis unter 59 Jahre,8793
2017,Saarland,m,45 bis unter 46 Jahre,5678
2017,Saarland,m,51 bis unter 52 Jahre,8492
2017,Saarland,m,64 bis unter 65 Jahre,6956
2017,Saarland,m,85 bis unter 90 Jahre,7188
2017,Saarland,m,29 bis unter 30 Jahre,6440
2017,Saarland,m,2 bis unter 3 Jahre,4198
2017,Saarland,m,59 bis unter 60 Jahre,8327
2017,Saarland,m,15 bis unter 16 Jahre,4442
2017,Saarland,m,33 bis unter 34 Jahre,5749
2017,Saarland,m,20 bis unter 21 Jahre,5591
2017,Saarland,m,46 bis unter 47 Jahre,6220
2017,Saarland,m,65 bis unter 66 Jahre,6866
2017,Saarland,m,52 bis unter 53 Jahre,8436
2017,Saarland,m,70 bis unter 71 Jahre,4584
2017,Saarland,m,17 bis unter 18 Jahre,4929
2017,Saarland,m,47 bis unter 48 Jahre,6507
2017,Saarland,m,16 bis unter 17 Jahre,4617
2017,Saarland,m,3 bis unter 4 Jahre,4094
2017,Saarland,m,21 bis unter 22 Jahre,5676
2017,Saarland,m,34 bis unter 35 Jahre,5871
2017,Saarland,m,40 bis unter 41 Jahre,5301
2017,Saarland,m,53 bis unter 54 Jahre,8714
2017,Saarland,m,18 bis unter 19 Jahre,5134
2017,Saarland,m,5 bis unter 6 Jahre,3957
2017,Saarland,m,71 bis unter 72 Jahre,3587
2017,Saarland,m,48 bis unter 49 Jahre,7238
2017,Saarland,m,4 bis unter 5 Jahre,3916
2017,Saarland,m,66 bis unter 67 Jahre,6503
2017,Saarland,m,35 bis unter 36 Jahre,5984
2017,Saarland,m,22 bis unter 23 Jahre,5530
2017,Saarland,f,48 bis unter 49 Jahre,7393
2017,Saarland,f,4 bis unter 5 Jahre,3548
2017,Saarland,f,17 bis unter 18 Jahre,4492
2017,Saarland,f,70 bis unter 71 Jahre,4933
2017,Saarland,f,40 bis unter 41 Jahre,5455
2017,Saarland,f,53 bis unter 54 Jahre,9043
2017,Saarland,f,66 bis unter 67 Jahre,6923
2017,Saarland,f,22 bis unter 23 Jahre,4905
2017,Saarland,f,90 Jahre und mehr,7620
2017,Saarland,f,35 bis unter 36 Jahre,5658
2017,Saarland,f,3 bis unter 4 Jahre,3890
2017,Saarland,f,16 bis unter 17 Jahre,4264
2017,Saarland,f,29 bis unter 30 Jahre,5890
2017,Saarland,f,52 bis unter 53 Jahre,8810
2017,Saarland,f,65 bis unter 66 Jahre,7104
2017,Saarland,f,21 bis unter 22 Jahre,5019
2017,Saarland,f,34 bis unter 35 Jahre,5517
2017,Saarland,f,47 bis unter 48 Jahre,6563
2017,Saarland,f,37 bis unter 38 Jahre,5602
2017,Saarland,f,6 bis unter 7 Jahre,3749
2017,Saarland,f,19 bis unter 20 Jahre,4662
2017,Saarland,f,72 bis unter 73 Jahre,3748
2017,Saarland,f,42 bis unter 43 Jahre,4975
2017,Saarland,f,55 bis unter 56 Jahre,8880
2017,Saarland,f,68 bis unter 69 Jahre,7061
2017,Saarland,f,11 bis unter 12 Jahre,3686
2017,Saarland,f,24 bis unter 25 Jahre,5394
2017,Saarland,f,36 bis unter 37 Jahre,5538
2017,Saarland,f,49 bis unter 50 Jahre,7908
2017,Saarland,f,5 bis unter 6 Jahre,3679
2017,Saarland,f,18 bis unter 19 Jahre,4682
2017,Saarland,f,71 bis unter 72 Jahre,4061
2017,Saarland,f,41 bis unter 42 Jahre,5156
2017,Saarland,f,54 bis unter 55 Jahre,8963
2017,Saarland,f,67 bis unter 68 Jahre,6911
2017,Saarland,f,10 bis unter 11 Jahre,3782
2017,Saarland,f,23 bis unter 24 Jahre,5251
2017,Saarland,f,13 bis unter 14 Jahre,3932
2017,Saarland,f,26 bis unter 27 Jahre,5640
2017,Saarland,f,39 bis unter 40 Jahre,5407
2017,Saarland,f,8 bis unter 9 Jahre,3765
2017,Saarland,f,61 bis unter 62 Jahre,7764
2017,Saarland,f,31 bis unter 32 Jahre,5756
2017,Saarland,f,44 bis unter 45 Jahre,5230
2017,Saarland,f,75 bis unter 80 Jahre,30067
2017,Saarland,f,unter 1 Jahr,4034
2017,Saarland,f,57 bis unter 58 Jahre,8698
2017,Saarland,f,25 bis unter 26 Jahre,5640
2017,Saarland,f,38 bis unter 39 Jahre,5531
2017,Saarland,f,7 bis unter 8 Jahre,3845
2017,Saarland,f,60 bis unter 61 Jahre,7994
2017,Saarland,f,73 bis unter 74 Jahre,5111
2017,Saarland,f,74 bis unter 75 Jahre,4922
2017,Saarland,f,30 bis unter 31 Jahre,5812
2017,Saarland,f,43 bis unter 44 Jahre,5180
2017,Saarland,f,56 bis unter 57 Jahre,8854
2017,Saarland,f,69 bis unter 70 Jahre,6075
2017,Saarland,f,12 bis unter 13 Jahre,3902
2017,Saarland,f,2 bis unter 3 Jahre,3761
2017,Saarland,f,59 bis unter 60 Jahre,8355
2017,Saarland,f,15 bis unter 16 Jahre,4089
2017,Saarland,f,28 bis unter 29 Jahre,5685
2017,Saarland,f,50 bis unter 51 Jahre,8120
2017,Saarland,f,51 bis unter 52 Jahre,8453
2017,Saarland,f,64 bis unter 65 Jahre,7351
2017,Saarland,f,20 bis unter 21 Jahre,5026
2017,Saarland,f,33 bis unter 34 Jahre,5485
2017,Saarland,f,46 bis unter 47 Jahre,6477
2017,Saarland,f,80 bis unter 85 Jahre,23715
2017,Saarland,f,14 bis unter 15 Jahre,3936
2017,Saarland,f,27 bis unter 28 Jahre,5830
2017,Saarland,f,85 bis unter 90 Jahre,13350
2017,Saarland,f,62 bis unter 63 Jahre,7404
2017,Saarland,f,9 bis unter 10 Jahre,3866
2017,Saarland,f,63 bis unter 64 Jahre,7534
2017,Saarland,f,32 bis unter 33 Jahre,5460
2017,Saarland,f,45 bis unter 46 Jahre,5774
2017,Saarland,f,1 bis unter 2 Jahre,4147
2017,Saarland,f,58 bis unter 59 Jahre,8600
2017,Rheinland-Pfalz,m,3 bis unter 4 Jahre,18637
2017,Rheinland-Pfalz,m,47 bis unter 48 Jahre,28695
2017,Rheinland-Pfalz,m,34 bis unter 35 Jahre,24309
2017,Rheinland-Pfalz,m,21 bis unter 22 Jahre,24248
2017,Rheinland-Pfalz,m,52 bis unter 53 Jahre,35453
2017,Rheinland-Pfalz,m,65 bis unter 66 Jahre,25664
2017,Rheinland-Pfalz,m,17 bis unter 18 Jahre,21787
2017,Rheinland-Pfalz,m,70 bis unter 71 Jahre,17966
2017,Rheinland-Pfalz,m,15 bis unter 16 Jahre,19466
2017,Rheinland-Pfalz,m,2 bis unter 3 Jahre,18990
2017,Rheinland-Pfalz,m,59 bis unter 60 Jahre,30496
2017,Rheinland-Pfalz,m,33 bis unter 34 Jahre,24159
2017,Rheinland-Pfalz,m,46 bis unter 47 Jahre,27264
2017,Rheinland-Pfalz,m,20 bis unter 21 Jahre,24557
2017,Rheinland-Pfalz,m,64 bis unter 65 Jahre,25809
2017,Rheinland-Pfalz,m,51 bis unter 52 Jahre,35597
2017,Rheinland-Pfalz,m,16 bis unter 17 Jahre,20436
2017,Rheinland-Pfalz,m,29 bis unter 30 Jahre,26986
2017,Rheinland-Pfalz,m,49 bis unter 50 Jahre,33183
2017,Rheinland-Pfalz,m,85 bis unter 90 Jahre,27263
2017,Rheinland-Pfalz,m,36 bis unter 37 Jahre,24651
2017,Rheinland-Pfalz,m,10 bis unter 11 Jahre,18485
2017,Rheinland-Pfalz,m,23 bis unter 24 Jahre,24261
2017,Rheinland-Pfalz,m,54 bis unter 55 Jahre,36307
2017,Rheinland-Pfalz,m,67 bis unter 68 Jahre,25136
2017,Rheinland-Pfalz,m,41 bis unter 42 Jahre,22536
2017,Rheinland-Pfalz,m,72 bis unter 73 Jahre,12880
2017,Rheinland-Pfalz,m,19 bis unter 20 Jahre,23181
2017,Rheinland-Pfalz,m,6 bis unter 7 Jahre,17798
2017,Rheinland-Pfalz,m,80 bis unter 85 Jahre,59827
2017,Rheinland-Pfalz,m,4 bis unter 5 Jahre,18026
2017,Rheinland-Pfalz,m,35 bis unter 36 Jahre,24938
2017,Rheinland-Pfalz,m,48 bis unter 49 Jahre,31135
2017,Rheinland-Pfalz,m,22 bis unter 23 Jahre,23669
2017,Rheinland-Pfalz,m,66 bis unter 67 Jahre,24961
2017,Rheinland-Pfalz,m,53 bis unter 54 Jahre,36185
2017,Rheinland-Pfalz,m,40 bis unter 41 Jahre,22578
2017,Rheinland-Pfalz,m,71 bis unter 72 Jahre,15850
2017,Rheinland-Pfalz,m,18 bis unter 19 Jahre,22518
2017,Rheinland-Pfalz,m,5 bis unter 6 Jahre,17979
2017,Rheinland-Pfalz,m,75 bis unter 80 Jahre,90605
2017,Rheinland-Pfalz,m,38 bis unter 39 Jahre,23354
2017,Rheinland-Pfalz,m,12 bis unter 13 Jahre,18268
2017,Rheinland-Pfalz,m,25 bis unter 26 Jahre,25597
2017,Rheinland-Pfalz,m,56 bis unter 57 Jahre,34800
2017,Rheinland-Pfalz,m,69 bis unter 70 Jahre,20550
2017,Rheinland-Pfalz,m,43 bis unter 44 Jahre,22091
2017,Rheinland-Pfalz,m,30 bis unter 31 Jahre,25730
2017,Rheinland-Pfalz,m,74 bis unter 75 Jahre,16487
2017,Rheinland-Pfalz,m,61 bis unter 62 Jahre,28703
2017,Rheinland-Pfalz,m,8 bis unter 9 Jahre,17710
2017,Rheinland-Pfalz,m,39 bis unter 40 Jahre,23089
2017,Rheinland-Pfalz,m,37 bis unter 38 Jahre,24062
2017,Rheinland-Pfalz,m,24 bis unter 25 Jahre,25250
2017,Rheinland-Pfalz,m,68 bis unter 69 Jahre,23969
2017,Rheinland-Pfalz,m,11 bis unter 12 Jahre,18086
2017,Rheinland-Pfalz,m,55 bis unter 56 Jahre,35074
2017,Rheinland-Pfalz,m,42 bis unter 43 Jahre,22129
2017,Rheinland-Pfalz,m,73 bis unter 74 Jahre,16718
2017,Rheinland-Pfalz,m,60 bis unter 61 Jahre,30237
2017,Rheinland-Pfalz,m,7 bis unter 8 Jahre,18097
2017,Rheinland-Pfalz,m,14 bis unter 15 Jahre,19070
2017,Rheinland-Pfalz,m,27 bis unter 28 Jahre,27108
2017,Rheinland-Pfalz,m,1 bis unter 2 Jahre,19635
2017,Rheinland-Pfalz,m,58 bis unter 59 Jahre,32474
2017,Rheinland-Pfalz,m,45 bis unter 46 Jahre,24694
2017,Rheinland-Pfalz,m,32 bis unter 33 Jahre,24316
2017,Rheinland-Pfalz,m,50 bis unter 51 Jahre,33816
2017,Rheinland-Pfalz,m,63 bis unter 64 Jahre,26798
2017,Rheinland-Pfalz,m,28 bis unter 29 Jahre,26399
2017,Rheinland-Pfalz,m,26 bis unter 27 Jahre,26319
2017,Rheinland-Pfalz,m,13 bis unter 14 Jahre,18965
2017,Rheinland-Pfalz,m,90 Jahre und mehr,10194
2017,Rheinland-Pfalz,m,unter 1 Jahr,19476
2017,Rheinland-Pfalz,m,57 bis unter 58 Jahre,33275
2017,Rheinland-Pfalz,m,31 bis unter 32 Jahre,25294
2017,Rheinland-Pfalz,m,44 bis unter 45 Jahre,22798
2017,Rheinland-Pfalz,m,62 bis unter 63 Jahre,27502
2017,Rheinland-Pfalz,m,9 bis unter 10 Jahre,18518
2017,Rheinland-Pfalz,f,63 bis unter 64 Jahre,27824
2017,Rheinland-Pfalz,f,45 bis unter 46 Jahre,25420
2017,Rheinland-Pfalz,f,32 bis unter 33 Jahre,23133
2017,Rheinland-Pfalz,f,1 bis unter 2 Jahre,18499
2017,Rheinland-Pfalz,f,58 bis unter 59 Jahre,32405
2017,Rheinland-Pfalz,f,14 bis unter 15 Jahre,18020
2017,Rheinland-Pfalz,f,27 bis unter 28 Jahre,24630
2017,Rheinland-Pfalz,f,9 bis unter 10 Jahre,17320
2017,Rheinland-Pfalz,f,62 bis unter 63 Jahre,28350
2017,Rheinland-Pfalz,f,31 bis unter 32 Jahre,23920
2017,Rheinland-Pfalz,f,44 bis unter 45 Jahre,23185
2017,Rheinland-Pfalz,f,unter 1 Jahr,18127
2017,Rheinland-Pfalz,f,57 bis unter 58 Jahre,33942
2017,Rheinland-Pfalz,f,26 bis unter 27 Jahre,23831
2017,Rheinland-Pfalz,f,13 bis unter 14 Jahre,17469
2017,Rheinland-Pfalz,f,39 bis unter 40 Jahre,22909
2017,Rheinland-Pfalz,f,61 bis unter 62 Jahre,29254
2017,Rheinland-Pfalz,f,8 bis unter 9 Jahre,16673
2017,Rheinland-Pfalz,f,52 bis unter 53 Jahre,35056
2017,Rheinland-Pfalz,f,65 bis unter 66 Jahre,26693
2017,Rheinland-Pfalz,f,21 bis unter 22 Jahre,21893
2017,Rheinland-Pfalz,f,47 bis unter 48 Jahre,28837
2017,Rheinland-Pfalz,f,34 bis unter 35 Jahre,23328
2017,Rheinland-Pfalz,f,3 bis unter 4 Jahre,17822
2017,Rheinland-Pfalz,f,16 bis unter 17 Jahre,18877
2017,Rheinland-Pfalz,f,29 bis unter 30 Jahre,24619
2017,Rheinland-Pfalz,f,51 bis unter 52 Jahre,34812
2017,Rheinland-Pfalz,f,64 bis unter 65 Jahre,27163
2017,Rheinland-Pfalz,f,33 bis unter 34 Jahre,23241
2017,Rheinland-Pfalz,f,20 bis unter 21 Jahre,22277
2017,Rheinland-Pfalz,f,46 bis unter 47 Jahre,27593
2017,Rheinland-Pfalz,f,2 bis unter 3 Jahre,18061
2017,Rheinland-Pfalz,f,59 bis unter 60 Jahre,30872
2017,Rheinland-Pfalz,f,28 bis unter 29 Jahre,24175
2017,Rheinland-Pfalz,f,15 bis unter 16 Jahre,18369
2017,Rheinland-Pfalz,f,50 bis unter 51 Jahre,33999
2017,Rheinland-Pfalz,f,54 bis unter 55 Jahre,35659
2017,Rheinland-Pfalz,f,41 bis unter 42 Jahre,22544
2017,Rheinland-Pfalz,f,10 bis unter 11 Jahre,17125
2017,Rheinland-Pfalz,f,67 bis unter 68 Jahre,26274
2017,Rheinland-Pfalz,f,23 bis unter 24 Jahre,22399
2017,Rheinland-Pfalz,f,49 bis unter 50 Jahre,32876
2017,Rheinland-Pfalz,f,36 bis unter 37 Jahre,24463
2017,Rheinland-Pfalz,f,5 bis unter 6 Jahre,16789
2017,Rheinland-Pfalz,f,71 bis unter 72 Jahre,17183
2017,Rheinland-Pfalz,f,18 bis unter 19 Jahre,20592
2017,Rheinland-Pfalz,f,75 bis unter 80 Jahre,110942
2017,Rheinland-Pfalz,f,40 bis unter 41 Jahre,22969
2017,Rheinland-Pfalz,f,53 bis unter 54 Jahre,35779
2017,Rheinland-Pfalz,f,66 bis unter 67 Jahre,26067
2017,Rheinland-Pfalz,f,35 bis unter 36 Jahre,24137
2017,Rheinland-Pfalz,f,22 bis unter 23 Jahre,21593
2017,Rheinland-Pfalz,f,48 bis unter 49 Jahre,31229
2017,Rheinland-Pfalz,f,4 bis unter 5 Jahre,17188
2017,Rheinland-Pfalz,f,80 bis unter 85 Jahre,83226
2017,Rheinland-Pfalz,f,70 bis unter 71 Jahre,19311
2017,Rheinland-Pfalz,f,17 bis unter 18 Jahre,20035
2017,Rheinland-Pfalz,f,74 bis unter 75 Jahre,18872
2017,Rheinland-Pfalz,f,30 bis unter 31 Jahre,24258
2017,Rheinland-Pfalz,f,56 bis unter 57 Jahre,34806
2017,Rheinland-Pfalz,f,43 bis unter 44 Jahre,22784
2017,Rheinland-Pfalz,f,12 bis unter 13 Jahre,17323
2017,Rheinland-Pfalz,f,69 bis unter 70 Jahre,21772
2017,Rheinland-Pfalz,f,25 bis unter 26 Jahre,23733
2017,Rheinland-Pfalz,f,38 bis unter 39 Jahre,23210
2017,Rheinland-Pfalz,f,7 bis unter 8 Jahre,17045
2017,Rheinland-Pfalz,f,73 bis unter 74 Jahre,18993
2017,Rheinland-Pfalz,f,85 bis unter 90 Jahre,48683
2017,Rheinland-Pfalz,f,60 bis unter 61 Jahre,30289
2017,Rheinland-Pfalz,f,42 bis unter 43 Jahre,22370
2017,Rheinland-Pfalz,f,68 bis unter 69 Jahre,25379
2017,Rheinland-Pfalz,f,55 bis unter 56 Jahre,35000
2017,Rheinland-Pfalz,f,24 bis unter 25 Jahre,23176
2017,Rheinland-Pfalz,f,11 bis unter 12 Jahre,16732
2017,Rheinland-Pfalz,f,37 bis unter 38 Jahre,24347
2017,Rheinland-Pfalz,f,90 Jahre und mehr,29891
2017,Rheinland-Pfalz,f,6 bis unter 7 Jahre,16801
2017,Rheinland-Pfalz,f,72 bis unter 73 Jahre,14565
2017,Rheinland-Pfalz,f,19 bis unter 20 Jahre,21549
2017,Hamburg,m,24 bis unter 25 Jahre,12320
2017,Hamburg,m,68 bis unter 69 Jahre,7753
2017,Hamburg,m,11 bis unter 12 Jahre,8141
2017,Hamburg,m,6 bis unter 7 Jahre,8222
2017,Hamburg,m,37 bis unter 38 Jahre,14379
2017,Hamburg,m,73 bis unter 74 Jahre,7272
2017,Hamburg,m,7 bis unter 8 Jahre,8364
2017,Hamburg,m,60 bis unter 61 Jahre,9856
2017,Hamburg,m,55 bis unter 56 Jahre,12787
2017,Hamburg,m,42 bis unter 43 Jahre,12027
2017,Hamburg,m,36 bis unter 37 Jahre,14324
2017,Hamburg,m,10 bis unter 11 Jahre,8261
2017,Hamburg,m,23 bis unter 24 Jahre,11820
2017,Hamburg,m,5 bis unter 6 Jahre,8830
2017,Hamburg,m,49 bis unter 50 Jahre,14874
2017,Hamburg,m,72 bis unter 73 Jahre,5771
2017,Hamburg,m,19 bis unter 20 Jahre,9496
2017,Hamburg,m,54 bis unter 55 Jahre,13716
2017,Hamburg,m,67 bis unter 68 Jahre,7770
2017,Hamburg,m,41 bis unter 42 Jahre,12539
2017,Hamburg,m,13 bis unter 14 Jahre,7927
2017,Hamburg,m,unter 1 Jahr,10710
2017,Hamburg,m,57 bis unter 58 Jahre,11826
2017,Hamburg,m,39 bis unter 40 Jahre,13156
2017,Hamburg,m,26 bis unter 27 Jahre,13932
2017,Hamburg,m,9 bis unter 10 Jahre,8386
2017,Hamburg,m,62 bis unter 63 Jahre,8856
2017,Hamburg,m,31 bis unter 32 Jahre,15402
2017,Hamburg,m,44 bis unter 45 Jahre,11542
2017,Hamburg,m,12 bis unter 13 Jahre,7985
2017,Hamburg,m,25 bis unter 26 Jahre,12860
2017,Hamburg,m,56 bis unter 57 Jahre,12098
2017,Hamburg,m,69 bis unter 70 Jahre,7597
2017,Hamburg,m,38 bis unter 39 Jahre,13436
2017,Hamburg,m,61 bis unter 62 Jahre,9288
2017,Hamburg,m,90 Jahre und mehr,4133
2017,Hamburg,m,74 bis unter 75 Jahre,7245
2017,Hamburg,m,8 bis unter 9 Jahre,8294
2017,Hamburg,m,43 bis unter 44 Jahre,12153
2017,Hamburg,m,30 bis unter 31 Jahre,15677
2017,Hamburg,m,2 bis unter 3 Jahre,9940
2017,Hamburg,m,59 bis unter 60 Jahre,10428
2017,Hamburg,m,33 bis unter 34 Jahre,14783
2017,Hamburg,m,46 bis unter 47 Jahre,12943
2017,Hamburg,m,28 bis unter 29 Jahre,15325
2017,Hamburg,m,75 bis unter 80 Jahre,35619
2017,Hamburg,m,15 bis unter 16 Jahre,7621
2017,Hamburg,m,51 bis unter 52 Jahre,14900
2017,Hamburg,m,20 bis unter 21 Jahre,10584
2017,Hamburg,m,64 bis unter 65 Jahre,7813
2017,Hamburg,m,1 bis unter 2 Jahre,10540
2017,Hamburg,m,58 bis unter 59 Jahre,11071
2017,Hamburg,m,45 bis unter 46 Jahre,12189
2017,Hamburg,m,14 bis unter 15 Jahre,7809
2017,Hamburg,m,27 bis unter 28 Jahre,15321
2017,Hamburg,m,50 bis unter 51 Jahre,14910
2017,Hamburg,m,63 bis unter 64 Jahre,8397
2017,Hamburg,m,80 bis unter 85 Jahre,22198
2017,Hamburg,m,32 bis unter 33 Jahre,14855
2017,Hamburg,m,35 bis unter 36 Jahre,14605
2017,Hamburg,m,48 bis unter 49 Jahre,13892
2017,Hamburg,m,22 bis unter 23 Jahre,11058
2017,Hamburg,m,70 bis unter 71 Jahre,7340
2017,Hamburg,m,17 bis unter 18 Jahre,8584
2017,Hamburg,m,4 bis unter 5 Jahre,9067
2017,Hamburg,m,40 bis unter 41 Jahre,12980
2017,Hamburg,m,71 bis unter 72 Jahre,6645
2017,Hamburg,m,18 bis unter 19 Jahre,8869
2017,Hamburg,m,66 bis unter 67 Jahre,7615
2017,Hamburg,m,53 bis unter 54 Jahre,14467
2017,Hamburg,m,47 bis unter 48 Jahre,13277
2017,Hamburg,m,34 bis unter 35 Jahre,14522
2017,Hamburg,m,16 bis unter 17 Jahre,7889
2017,Hamburg,m,29 bis unter 30 Jahre,15936
2017,Hamburg,m,3 bis unter 4 Jahre,9489
2017,Hamburg,m,85 bis unter 90 Jahre,9498
2017,Hamburg,m,21 bis unter 22 Jahre,10877
2017,Hamburg,m,52 bis unter 53 Jahre,14396
2017,Hamburg,m,65 bis unter 66 Jahre,7930
2017,Hamburg,f,40 bis unter 41 Jahre,12498
2017,Hamburg,f,49 bis unter 50 Jahre,14107
2017,Hamburg,f,71 bis unter 72 Jahre,7596
2017,Hamburg,f,18 bis unter 19 Jahre,7900
2017,Hamburg,f,5 bis unter 6 Jahre,8339
2017,Hamburg,f,23 bis unter 24 Jahre,11739
2017,Hamburg,f,36 bis unter 37 Jahre,14692
2017,Hamburg,f,54 bis unter 55 Jahre,13598
2017,Hamburg,f,41 bis unter 42 Jahre,12546
2017,Hamburg,f,10 bis unter 11 Jahre,7634
2017,Hamburg,f,67 bis unter 68 Jahre,9036
2017,Hamburg,f,72 bis unter 73 Jahre,6886
2017,Hamburg,f,19 bis unter 20 Jahre,8793
2017,Hamburg,f,6 bis unter 7 Jahre,7869
2017,Hamburg,f,11 bis unter 12 Jahre,7415
2017,Hamburg,f,68 bis unter 69 Jahre,8985
2017,Hamburg,f,37 bis unter 38 Jahre,14457
2017,Hamburg,f,24 bis unter 25 Jahre,12549
2017,Hamburg,f,42 bis unter 43 Jahre,11792
2017,Hamburg,f,55 bis unter 56 Jahre,12747
2017,Hamburg,f,51 bis unter 52 Jahre,14427
2017,Hamburg,f,16 bis unter 17 Jahre,7439
2017,Hamburg,f,3 bis unter 4 Jahre,9227
2017,Hamburg,f,29 bis unter 30 Jahre,16512
2017,Hamburg,f,34 bis unter 35 Jahre,14655
2017,Hamburg,f,47 bis unter 48 Jahre,12816
2017,Hamburg,f,65 bis unter 66 Jahre,8846
2017,Hamburg,f,21 bis unter 22 Jahre,10411
2017,Hamburg,f,52 bis unter 53 Jahre,13908
2017,Hamburg,f,4 bis unter 5 Jahre,8655
2017,Hamburg,f,70 bis unter 71 Jahre,8168
2017,Hamburg,f,17 bis unter 18 Jahre,7629
2017,Hamburg,f,35 bis unter 36 Jahre,14655
2017,Hamburg,f,22 bis unter 23 Jahre,10697
2017,Hamburg,f,48 bis unter 49 Jahre,13251
2017,Hamburg,f,90 Jahre und mehr,12340
2017,Hamburg,f,53 bis unter 54 Jahre,14105
2017,Hamburg,f,66 bis unter 67 Jahre,8752
2017,Hamburg,f,9 bis unter 10 Jahre,7872
2017,Hamburg,f,62 bis unter 63 Jahre,9290
2017,Hamburg,f,27 bis unter 28 Jahre,15827
2017,Hamburg,f,58 bis unter 59 Jahre,11223
2017,Hamburg,f,45 bis unter 46 Jahre,11860
2017,Hamburg,f,14 bis unter 15 Jahre,7225
2017,Hamburg,f,1 bis unter 2 Jahre,10218
2017,Hamburg,f,32 bis unter 33 Jahre,15108
2017,Hamburg,f,50 bis unter 51 Jahre,14258
2017,Hamburg,f,63 bis unter 64 Jahre,9142
2017,Hamburg,f,28 bis unter 29 Jahre,15902
2017,Hamburg,f,15 bis unter 16 Jahre,7263
2017,Hamburg,f,46 bis unter 47 Jahre,12520
2017,Hamburg,f,2 bis unter 3 Jahre,9434
2017,Hamburg,f,59 bis unter 60 Jahre,10742
2017,Hamburg,f,64 bis unter 65 Jahre,8802
2017,Hamburg,f,33 bis unter 34 Jahre,14775
2017,Hamburg,f,20 bis unter 21 Jahre,9853
2017,Hamburg,f,73 bis unter 74 Jahre,8525
2017,Hamburg,f,60 bis unter 61 Jahre,10289
2017,Hamburg,f,38 bis unter 39 Jahre,13396
2017,Hamburg,f,7 bis unter 8 Jahre,7915
2017,Hamburg,f,85 bis unter 90 Jahre,18036
2017,Hamburg,f,12 bis unter 13 Jahre,7520
2017,Hamburg,f,69 bis unter 70 Jahre,8596
2017,Hamburg,f,25 bis unter 26 Jahre,13319
2017,Hamburg,f,30 bis unter 31 Jahre,15774
2017,Hamburg,f,56 bis unter 57 Jahre,12242
2017,Hamburg,f,43 bis unter 44 Jahre,11606
2017,Hamburg,f,61 bis unter 62 Jahre,9871
2017,Hamburg,f,8 bis unter 9 Jahre,7680
2017,Hamburg,f,80 bis unter 85 Jahre,32439
2017,Hamburg,f,74 bis unter 75 Jahre,8568
2017,Hamburg,f,39 bis unter 40 Jahre,12817
2017,Hamburg,f,26 bis unter 27 Jahre,14415
2017,Hamburg,f,unter 1 Jahr,10079
2017,Hamburg,f,57 bis unter 58 Jahre,11753
2017,Hamburg,f,75 bis unter 80 Jahre,45161
2017,Hamburg,f,13 bis unter 14 Jahre,7395
2017,Hamburg,f,31 bis unter 32 Jahre,15449
2017,Hamburg,f,44 bis unter 45 Jahre,11547
2017,Mecklenburg-Vorpommern,m,38 bis unter 39 Jahre,10586
2017,Mecklenburg-Vorpommern,m,25 bis unter 26 Jahre,6349
2017,Mecklenburg-Vorpommern,m,69 bis unter 70 Jahre,8029
2017,Mecklenburg-Vorpommern,m,12 bis unter 13 Jahre,6430
2017,Mecklenburg-Vorpommern,m,43 bis unter 44 Jahre,8239
2017,Mecklenburg-Vorpommern,m,56 bis unter 57 Jahre,15432
2017,Mecklenburg-Vorpommern,m,30 bis unter 31 Jahre,11377
2017,Mecklenburg-Vorpommern,m,74 bis unter 75 Jahre,7882
2017,Mecklenburg-Vorpommern,m,8 bis unter 9 Jahre,7065
2017,Mecklenburg-Vorpommern,m,61 bis unter 62 Jahre,13166
2017,Mecklenburg-Vorpommern,m,26 bis unter 27 Jahre,6990
2017,Mecklenburg-Vorpommern,m,39 bis unter 40 Jahre,10459
2017,Mecklenburg-Vorpommern,m,13 bis unter 14 Jahre,6834
2017,Mecklenburg-Vorpommern,m,85 bis unter 90 Jahre,10952
2017,Mecklenburg-Vorpommern,m,57 bis unter 58 Jahre,14899
2017,Mecklenburg-Vorpommern,m,unter 1 Jahr,6694
2017,Mecklenburg-Vorpommern,m,44 bis unter 45 Jahre,8454
2017,Mecklenburg-Vorpommern,m,31 bis unter 32 Jahre,10864
2017,Mecklenburg-Vorpommern,m,9 bis unter 10 Jahre,7155
2017,Mecklenburg-Vorpommern,m,62 bis unter 63 Jahre,13214
2017,Mecklenburg-Vorpommern,m,5 bis unter 6 Jahre,7087
2017,Mecklenburg-Vorpommern,m,18 bis unter 19 Jahre,6852
2017,Mecklenburg-Vorpommern,m,49 bis unter 50 Jahre,11760
2017,Mecklenburg-Vorpommern,m,36 bis unter 37 Jahre,10535
2017,Mecklenburg-Vorpommern,m,23 bis unter 24 Jahre,5616
2017,Mecklenburg-Vorpommern,m,67 bis unter 68 Jahre,11057
2017,Mecklenburg-Vorpommern,m,10 bis unter 11 Jahre,6884
2017,Mecklenburg-Vorpommern,m,41 bis unter 42 Jahre,8880
2017,Mecklenburg-Vorpommern,m,54 bis unter 55 Jahre,15320
2017,Mecklenburg-Vorpommern,m,19 bis unter 20 Jahre,6623
2017,Mecklenburg-Vorpommern,m,72 bis unter 73 Jahre,5042
2017,Mecklenburg-Vorpommern,m,6 bis unter 7 Jahre,7035
2017,Mecklenburg-Vorpommern,m,24 bis unter 25 Jahre,5828
2017,Mecklenburg-Vorpommern,m,37 bis unter 38 Jahre,10643
2017,Mecklenburg-Vorpommern,m,68 bis unter 69 Jahre,9395
2017,Mecklenburg-Vorpommern,m,11 bis unter 12 Jahre,6779
2017,Mecklenburg-Vorpommern,m,55 bis unter 56 Jahre,15250
2017,Mecklenburg-Vorpommern,m,42 bis unter 43 Jahre,8429
2017,Mecklenburg-Vorpommern,m,7 bis unter 8 Jahre,7280
2017,Mecklenburg-Vorpommern,m,60 bis unter 61 Jahre,13307
2017,Mecklenburg-Vorpommern,m,73 bis unter 74 Jahre,7389
2017,Mecklenburg-Vorpommern,m,29 bis unter 30 Jahre,11250
2017,Mecklenburg-Vorpommern,m,3 bis unter 4 Jahre,7019
2017,Mecklenburg-Vorpommern,m,16 bis unter 17 Jahre,6828
2017,Mecklenburg-Vorpommern,m,47 bis unter 48 Jahre,10732
2017,Mecklenburg-Vorpommern,m,34 bis unter 35 Jahre,10668
2017,Mecklenburg-Vorpommern,m,21 bis unter 22 Jahre,6565
2017,Mecklenburg-Vorpommern,m,65 bis unter 66 Jahre,12277
2017,Mecklenburg-Vorpommern,m,80 bis unter 85 Jahre,25897
2017,Mecklenburg-Vorpommern,m,52 bis unter 53 Jahre,14074
2017,Mecklenburg-Vorpommern,m,17 bis unter 18 Jahre,7131
2017,Mecklenburg-Vorpommern,m,70 bis unter 71 Jahre,7346
2017,Mecklenburg-Vorpommern,m,4 bis unter 5 Jahre,6924
2017,Mecklenburg-Vorpommern,m,75 bis unter 80 Jahre,41660
2017,Mecklenburg-Vorpommern,m,48 bis unter 49 Jahre,11108
2017,Mecklenburg-Vorpommern,m,22 bis unter 23 Jahre,5865
2017,Mecklenburg-Vorpommern,m,35 bis unter 36 Jahre,10914
2017,Mecklenburg-Vorpommern,m,66 bis unter 67 Jahre,11856
2017,Mecklenburg-Vorpommern,m,53 bis unter 54 Jahre,14779
2017,Mecklenburg-Vorpommern,m,40 bis unter 41 Jahre,10212
2017,Mecklenburg-Vorpommern,m,71 bis unter 72 Jahre,4906
2017,Mecklenburg-Vorpommern,m,27 bis unter 28 Jahre,10232
2017,Mecklenburg-Vorpommern,m,1 bis unter 2 Jahre,6942
2017,Mecklenburg-Vorpommern,m,14 bis unter 15 Jahre,6696
2017,Mecklenburg-Vorpommern,m,45 bis unter 46 Jahre,9154
2017,Mecklenburg-Vorpommern,m,58 bis unter 59 Jahre,14489
2017,Mecklenburg-Vorpommern,m,32 bis unter 33 Jahre,10774
2017,Mecklenburg-Vorpommern,m,50 bis unter 51 Jahre,12141
2017,Mecklenburg-Vorpommern,m,63 bis unter 64 Jahre,13201
2017,Mecklenburg-Vorpommern,m,28 bis unter 29 Jahre,10720
2017,Mecklenburg-Vorpommern,m,15 bis unter 16 Jahre,6655
2017,Mecklenburg-Vorpommern,m,59 bis unter 60 Jahre,13696
2017,Mecklenburg-Vorpommern,m,2 bis unter 3 Jahre,7139
2017,Mecklenburg-Vorpommern,m,46 bis unter 47 Jahre,10685
2017,Mecklenburg-Vorpommern,m,20 bis unter 21 Jahre,6867
2017,Mecklenburg-Vorpommern,m,33 bis unter 34 Jahre,10548
2017,Mecklenburg-Vorpommern,m,64 bis unter 65 Jahre,12785
2017,Mecklenburg-Vorpommern,m,51 bis unter 52 Jahre,13217
2017,Mecklenburg-Vorpommern,m,90 Jahre und mehr,2860
2017,Mecklenburg-Vorpommern,f,54 bis unter 55 Jahre,15028
2017,Mecklenburg-Vorpommern,f,10 bis unter 11 Jahre,6588
2017,Mecklenburg-Vorpommern,f,67 bis unter 68 Jahre,11642
2017,Mecklenburg-Vorpommern,f,23 bis unter 24 Jahre,5024
2017,Mecklenburg-Vorpommern,f,49 bis unter 50 Jahre,11273
2017,Mecklenburg-Vorpommern,f,36 bis unter 37 Jahre,9412
2017,Mecklenburg-Vorpommern,f,5 bis unter 6 Jahre,6666
2017,Mecklenburg-Vorpommern,f,71 bis unter 72 Jahre,5300
2017,Mecklenburg-Vorpommern,f,18 bis unter 19 Jahre,6137
2017,Mecklenburg-Vorpommern,f,40 bis unter 41 Jahre,8909
2017,Mecklenburg-Vorpommern,f,42 bis unter 43 Jahre,7407
2017,Mecklenburg-Vorpommern,f,68 bis unter 69 Jahre,10126
2017,Mecklenburg-Vorpommern,f,55 bis unter 56 Jahre,15034
2017,Mecklenburg-Vorpommern,f,24 bis unter 25 Jahre,5122
2017,Mecklenburg-Vorpommern,f,11 bis unter 12 Jahre,6302
2017,Mecklenburg-Vorpommern,f,37 bis unter 38 Jahre,9794
2017,Mecklenburg-Vorpommern,f,19 bis unter 20 Jahre,6117
2017,Mecklenburg-Vorpommern,f,6 bis unter 7 Jahre,6614
2017,Mecklenburg-Vorpommern,f,72 bis unter 73 Jahre,5864
2017,Mecklenburg-Vorpommern,f,41 bis unter 42 Jahre,7827
2017,Mecklenburg-Vorpommern,f,65 bis unter 66 Jahre,13133
2017,Mecklenburg-Vorpommern,f,21 bis unter 22 Jahre,5797
2017,Mecklenburg-Vorpommern,f,47 bis unter 48 Jahre,10032
2017,Mecklenburg-Vorpommern,f,34 bis unter 35 Jahre,9687
2017,Mecklenburg-Vorpommern,f,3 bis unter 4 Jahre,6717
2017,Mecklenburg-Vorpommern,f,16 bis unter 17 Jahre,6285
2017,Mecklenburg-Vorpommern,f,29 bis unter 30 Jahre,10011
2017,Mecklenburg-Vorpommern,f,64 bis unter 65 Jahre,13491
2017,Mecklenburg-Vorpommern,f,51 bis unter 52 Jahre,12919
2017,Mecklenburg-Vorpommern,f,66 bis unter 67 Jahre,12645
2017,Mecklenburg-Vorpommern,f,53 bis unter 54 Jahre,14358
2017,Mecklenburg-Vorpommern,f,22 bis unter 23 Jahre,5380
2017,Mecklenburg-Vorpommern,f,35 bis unter 36 Jahre,9772
2017,Mecklenburg-Vorpommern,f,48 bis unter 49 Jahre,10459
2017,Mecklenburg-Vorpommern,f,17 bis unter 18 Jahre,6375
2017,Mecklenburg-Vorpommern,f,4 bis unter 5 Jahre,6697
2017,Mecklenburg-Vorpommern,f,70 bis unter 71 Jahre,8141
2017,Mecklenburg-Vorpommern,f,52 bis unter 53 Jahre,13653
2017,Mecklenburg-Vorpommern,f,80 bis unter 85 Jahre,40522
2017,Mecklenburg-Vorpommern,f,45 bis unter 46 Jahre,8406
2017,Mecklenburg-Vorpommern,f,32 bis unter 33 Jahre,9906
2017,Mecklenburg-Vorpommern,f,58 bis unter 59 Jahre,14640
2017,Mecklenburg-Vorpommern,f,1 bis unter 2 Jahre,6732
2017,Mecklenburg-Vorpommern,f,14 bis unter 15 Jahre,6343
2017,Mecklenburg-Vorpommern,f,27 bis unter 28 Jahre,9382
2017,Mecklenburg-Vorpommern,f,9 bis unter 10 Jahre,6861
2017,Mecklenburg-Vorpommern,f,62 bis unter 63 Jahre,13694
2017,Mecklenburg-Vorpommern,f,20 bis unter 21 Jahre,6124
2017,Mecklenburg-Vorpommern,f,33 bis unter 34 Jahre,9717
2017,Mecklenburg-Vorpommern,f,46 bis unter 47 Jahre,9631
2017,Mecklenburg-Vorpommern,f,59 bis unter 60 Jahre,13745
2017,Mecklenburg-Vorpommern,f,2 bis unter 3 Jahre,6858
2017,Mecklenburg-Vorpommern,f,28 bis unter 29 Jahre,9688
2017,Mecklenburg-Vorpommern,f,15 bis unter 16 Jahre,6091
2017,Mecklenburg-Vorpommern,f,50 bis unter 51 Jahre,11975
2017,Mecklenburg-Vorpommern,f,63 bis unter 64 Jahre,13580
2017,Mecklenburg-Vorpommern,f,43 bis unter 44 Jahre,7321
2017,Mecklenburg-Vorpommern,f,30 bis unter 31 Jahre,10255
2017,Mecklenburg-Vorpommern,f,56 bis unter 57 Jahre,15193
2017,Mecklenburg-Vorpommern,f,12 bis unter 13 Jahre,6313
2017,Mecklenburg-Vorpommern,f,69 bis unter 70 Jahre,8664
2017,Mecklenburg-Vorpommern,f,25 bis unter 26 Jahre,5689
2017,Mecklenburg-Vorpommern,f,38 bis unter 39 Jahre,9285
2017,Mecklenburg-Vorpommern,f,7 bis unter 8 Jahre,7000
2017,Mecklenburg-Vorpommern,f,75 bis unter 80 Jahre,55109
2017,Mecklenburg-Vorpommern,f,60 bis unter 61 Jahre,13354
2017,Mecklenburg-Vorpommern,f,73 bis unter 74 Jahre,8704
2017,Mecklenburg-Vorpommern,f,85 bis unter 90 Jahre,21808
2017,Mecklenburg-Vorpommern,f,31 bis unter 32 Jahre,9993
2017,Mecklenburg-Vorpommern,f,44 bis unter 45 Jahre,7617
2017,Mecklenburg-Vorpommern,f,90 Jahre und mehr,10785
2017,Mecklenburg-Vorpommern,f,57 bis unter 58 Jahre,15013
2017,Mecklenburg-Vorpommern,f,unter 1 Jahr,6415
2017,Mecklenburg-Vorpommern,f,26 bis unter 27 Jahre,6381
2017,Mecklenburg-Vorpommern,f,13 bis unter 14 Jahre,6488
2017,Mecklenburg-Vorpommern,f,39 bis unter 40 Jahre,9292
2017,Mecklenburg-Vorpommern,f,8 bis unter 9 Jahre,6895
2017,Mecklenburg-Vorpommern,f,61 bis unter 62 Jahre,13546
2017,Mecklenburg-Vorpommern,f,74 bis unter 75 Jahre,9493
2017,Thüringen,m,unter 1 Jahr,9226
2017,Thüringen,m,57 bis unter 58 Jahre,18347
2017,Thüringen,m,44 bis unter 45 Jahre,12194
2017,Thüringen,m,31 bis unter 32 Jahre,14495
2017,Thüringen,m,9 bis unter 10 Jahre,9395
2017,Thüringen,m,62 bis unter 63 Jahre,16932
2017,Thüringen,m,61 bis unter 62 Jahre,17022
2017,Thüringen,m,8 bis unter 9 Jahre,8976
2017,Thüringen,m,85 bis unter 90 Jahre,14451
2017,Thüringen,m,39 bis unter 40 Jahre,13437
2017,Thüringen,m,26 bis unter 27 Jahre,9596
2017,Thüringen,m,13 bis unter 14 Jahre,9060
2017,Thüringen,m,69 bis unter 70 Jahre,11292
2017,Thüringen,m,12 bis unter 13 Jahre,8757
2017,Thüringen,m,56 bis unter 57 Jahre,19308
2017,Thüringen,m,43 bis unter 44 Jahre,11859
2017,Thüringen,m,30 bis unter 31 Jahre,14755
2017,Thüringen,m,75 bis unter 80 Jahre,58895
2017,Thüringen,m,74 bis unter 75 Jahre,11282
2017,Thüringen,m,73 bis unter 74 Jahre,11315
2017,Thüringen,m,60 bis unter 61 Jahre,16789
2017,Thüringen,m,7 bis unter 8 Jahre,9470
2017,Thüringen,m,38 bis unter 39 Jahre,13947
2017,Thüringen,m,25 bis unter 26 Jahre,8576
2017,Thüringen,m,68 bis unter 69 Jahre,13248
2017,Thüringen,m,11 bis unter 12 Jahre,8731
2017,Thüringen,m,55 bis unter 56 Jahre,18788
2017,Thüringen,m,42 bis unter 43 Jahre,11447
2017,Thüringen,m,80 bis unter 85 Jahre,34449
2017,Thüringen,m,72 bis unter 73 Jahre,7885
2017,Thüringen,m,19 bis unter 20 Jahre,9021
2017,Thüringen,m,6 bis unter 7 Jahre,9350
2017,Thüringen,m,37 bis unter 38 Jahre,14634
2017,Thüringen,m,24 bis unter 25 Jahre,8202
2017,Thüringen,m,23 bis unter 24 Jahre,7956
2017,Thüringen,m,67 bis unter 68 Jahre,14892
2017,Thüringen,m,10 bis unter 11 Jahre,9228
2017,Thüringen,m,54 bis unter 55 Jahre,19009
2017,Thüringen,m,41 bis unter 42 Jahre,11815
2017,Thüringen,m,71 bis unter 72 Jahre,8477
2017,Thüringen,m,18 bis unter 19 Jahre,9360
2017,Thüringen,m,5 bis unter 6 Jahre,9475
2017,Thüringen,m,49 bis unter 50 Jahre,15772
2017,Thüringen,m,36 bis unter 37 Jahre,14192
2017,Thüringen,m,35 bis unter 36 Jahre,14675
2017,Thüringen,m,22 bis unter 23 Jahre,8441
2017,Thüringen,m,66 bis unter 67 Jahre,16052
2017,Thüringen,m,90 Jahre und mehr,4687
2017,Thüringen,m,53 bis unter 54 Jahre,18722
2017,Thüringen,m,40 bis unter 41 Jahre,13207
2017,Thüringen,m,70 bis unter 71 Jahre,10623
2017,Thüringen,m,17 bis unter 18 Jahre,9371
2017,Thüringen,m,4 bis unter 5 Jahre,9490
2017,Thüringen,m,48 bis unter 49 Jahre,15624
2017,Thüringen,m,34 bis unter 35 Jahre,14313
2017,Thüringen,m,21 bis unter 22 Jahre,8722
2017,Thüringen,m,65 bis unter 66 Jahre,16232
2017,Thüringen,m,52 bis unter 53 Jahre,17738
2017,Thüringen,m,29 bis unter 30 Jahre,14698
2017,Thüringen,m,16 bis unter 17 Jahre,9092
2017,Thüringen,m,3 bis unter 4 Jahre,9687
2017,Thüringen,m,47 bis unter 48 Jahre,15548
2017,Thüringen,m,46 bis unter 47 Jahre,15519
2017,Thüringen,m,33 bis unter 34 Jahre,14246
2017,Thüringen,m,20 bis unter 21 Jahre,9253
2017,Thüringen,m,64 bis unter 65 Jahre,16495
2017,Thüringen,m,51 bis unter 52 Jahre,17345
2017,Thüringen,m,50 bis unter 51 Jahre,16078
2017,Thüringen,m,28 bis unter 29 Jahre,13628
2017,Thüringen,m,15 bis unter 16 Jahre,8802
2017,Thüringen,m,2 bis unter 3 Jahre,9656
2017,Thüringen,m,59 bis unter 60 Jahre,16940
2017,Thüringen,m,58 bis unter 59 Jahre,18360
2017,Thüringen,m,45 bis unter 46 Jahre,13928
2017,Thüringen,m,32 bis unter 33 Jahre,14143
2017,Thüringen,m,63 bis unter 64 Jahre,16565
2017,Thüringen,m,27 bis unter 28 Jahre,13576
2017,Thüringen,m,14 bis unter 15 Jahre,8741
2017,Thüringen,m,1 bis unter 2 Jahre,9500
2017,Thüringen,f,73 bis unter 74 Jahre,13436
2017,Thüringen,f,7 bis unter 8 Jahre,9108
2017,Thüringen,f,60 bis unter 61 Jahre,17078
2017,Thüringen,f,42 bis unter 43 Jahre,10036
2017,Thüringen,f,75 bis unter 80 Jahre,76282
2017,Thüringen,f,69 bis unter 70 Jahre,12464
2017,Thüringen,f,12 bis unter 13 Jahre,8297
2017,Thüringen,f,56 bis unter 57 Jahre,19302
2017,Thüringen,f,25 bis unter 26 Jahre,7771
2017,Thüringen,f,38 bis unter 39 Jahre,12223
2017,Thüringen,f,8 bis unter 9 Jahre,8775
2017,Thüringen,f,61 bis unter 62 Jahre,17459
2017,Thüringen,f,30 bis unter 31 Jahre,12988
2017,Thüringen,f,43 bis unter 44 Jahre,10333
2017,Thüringen,f,74 bis unter 75 Jahre,13390
2017,Thüringen,f,57 bis unter 58 Jahre,18410
2017,Thüringen,f,unter 1 Jahr,8806
2017,Thüringen,f,90 Jahre und mehr,16082
2017,Thüringen,f,44 bis unter 45 Jahre,10798
2017,Thüringen,f,39 bis unter 40 Jahre,11861
2017,Thüringen,f,13 bis unter 14 Jahre,8506
2017,Thüringen,f,26 bis unter 27 Jahre,8478
2017,Thüringen,f,9 bis unter 10 Jahre,8840
2017,Thüringen,f,62 bis unter 63 Jahre,17650
2017,Thüringen,f,31 bis unter 32 Jahre,12512
2017,Thüringen,f,58 bis unter 59 Jahre,18318
2017,Thüringen,f,1 bis unter 2 Jahre,9129
2017,Thüringen,f,32 bis unter 33 Jahre,12509
2017,Thüringen,f,45 bis unter 46 Jahre,12025
2017,Thüringen,f,27 bis unter 28 Jahre,11870
2017,Thüringen,f,14 bis unter 15 Jahre,8362
2017,Thüringen,f,50 bis unter 51 Jahre,15610
2017,Thüringen,f,63 bis unter 64 Jahre,17395
2017,Thüringen,f,46 bis unter 47 Jahre,13669
2017,Thüringen,f,59 bis unter 60 Jahre,17116
2017,Thüringen,f,33 bis unter 34 Jahre,12501
2017,Thüringen,f,28 bis unter 29 Jahre,12238
2017,Thüringen,f,2 bis unter 3 Jahre,9022
2017,Thüringen,f,15 bis unter 16 Jahre,8259
2017,Thüringen,f,29 bis unter 30 Jahre,12965
2017,Thüringen,f,20 bis unter 21 Jahre,8212
2017,Thüringen,f,51 bis unter 52 Jahre,16582
2017,Thüringen,f,64 bis unter 65 Jahre,17259
2017,Thüringen,f,34 bis unter 35 Jahre,12617
2017,Thüringen,f,47 bis unter 48 Jahre,14178
2017,Thüringen,f,21 bis unter 22 Jahre,7941
2017,Thüringen,f,16 bis unter 17 Jahre,8478
2017,Thüringen,f,3 bis unter 4 Jahre,9132
2017,Thüringen,f,70 bis unter 71 Jahre,11908
2017,Thüringen,f,65 bis unter 66 Jahre,17151
2017,Thüringen,f,52 bis unter 53 Jahre,17308
2017,Thüringen,f,35 bis unter 36 Jahre,12807
2017,Thüringen,f,22 bis unter 23 Jahre,7293
2017,Thüringen,f,4 bis unter 5 Jahre,9044
2017,Thüringen,f,17 bis unter 18 Jahre,8459
2017,Thüringen,f,48 bis unter 49 Jahre,14384
2017,Thüringen,f,80 bis unter 85 Jahre,52480
2017,Thüringen,f,18 bis unter 19 Jahre,7893
2017,Thüringen,f,71 bis unter 72 Jahre,9887
2017,Thüringen,f,53 bis unter 54 Jahre,18256
2017,Thüringen,f,66 bis unter 67 Jahre,17026
2017,Thüringen,f,40 bis unter 41 Jahre,11688
2017,Thüringen,f,23 bis unter 24 Jahre,6960
2017,Thüringen,f,36 bis unter 37 Jahre,12500
2017,Thüringen,f,67 bis unter 68 Jahre,16369
2017,Thüringen,f,10 bis unter 11 Jahre,8553
2017,Thüringen,f,5 bis unter 6 Jahre,8949
2017,Thüringen,f,49 bis unter 50 Jahre,14826
2017,Thüringen,f,72 bis unter 73 Jahre,9301
2017,Thüringen,f,6 bis unter 7 Jahre,8866
2017,Thüringen,f,19 bis unter 20 Jahre,7970
2017,Thüringen,f,54 bis unter 55 Jahre,18807
2017,Thüringen,f,85 bis unter 90 Jahre,29528
2017,Thüringen,f,41 bis unter 42 Jahre,10581
2017,Thüringen,f,11 bis unter 12 Jahre,8053
2017,Thüringen,f,24 bis unter 25 Jahre,7237
2017,Thüringen,f,55 bis unter 56 Jahre,18682
2017,Thüringen,f,68 bis unter 69 Jahre,14341
2017,Thüringen,f,37 bis unter 38 Jahre,12822
2017,Berlin,m,21 bis unter 22 Jahre,18731
2017,Berlin,m,85 bis unter 90 Jahre,17695
2017,Berlin,m,65 bis unter 66 Jahre,17172
2017,Berlin,m,52 bis unter 53 Jahre,28686
2017,Berlin,m,47 bis unter 48 Jahre,24504
2017,Berlin,m,34 bis unter 35 Jahre,30537
2017,Berlin,m,29 bis unter 30 Jahre,33601
2017,Berlin,m,16 bis unter 17 Jahre,14405
2017,Berlin,m,3 bis unter 4 Jahre,19011
2017,Berlin,m,51 bis unter 52 Jahre,27669
2017,Berlin,m,33 bis unter 34 Jahre,31212
2017,Berlin,m,20 bis unter 21 Jahre,18102
2017,Berlin,m,64 bis unter 65 Jahre,17822
2017,Berlin,m,2 bis unter 3 Jahre,19637
2017,Berlin,m,59 bis unter 60 Jahre,21307
2017,Berlin,m,46 bis unter 47 Jahre,24263
2017,Berlin,m,28 bis unter 29 Jahre,32478
2017,Berlin,m,90 Jahre und mehr,6538
2017,Berlin,m,15 bis unter 16 Jahre,14502
2017,Berlin,m,63 bis unter 64 Jahre,18496
2017,Berlin,m,50 bis unter 51 Jahre,26909
2017,Berlin,m,32 bis unter 33 Jahre,32147
2017,Berlin,m,14 bis unter 15 Jahre,14303
2017,Berlin,m,1 bis unter 2 Jahre,20467
2017,Berlin,m,58 bis unter 59 Jahre,23382
2017,Berlin,m,45 bis unter 46 Jahre,22083
2017,Berlin,m,27 bis unter 28 Jahre,31311
2017,Berlin,m,9 bis unter 10 Jahre,16729
2017,Berlin,m,62 bis unter 63 Jahre,19109
2017,Berlin,m,44 bis unter 45 Jahre,21130
2017,Berlin,m,31 bis unter 32 Jahre,32755
2017,Berlin,m,13 bis unter 14 Jahre,14921
2017,Berlin,m,unter 1 Jahr,20606
2017,Berlin,m,57 bis unter 58 Jahre,24700
2017,Berlin,m,39 bis unter 40 Jahre,25745
2017,Berlin,m,26 bis unter 27 Jahre,26205
2017,Berlin,m,74 bis unter 75 Jahre,16617
2017,Berlin,m,8 bis unter 9 Jahre,16520
2017,Berlin,m,61 bis unter 62 Jahre,19651
2017,Berlin,m,56 bis unter 57 Jahre,25505
2017,Berlin,m,43 bis unter 44 Jahre,21995
2017,Berlin,m,30 bis unter 31 Jahre,33440
2017,Berlin,m,25 bis unter 26 Jahre,23669
2017,Berlin,m,69 bis unter 70 Jahre,15222
2017,Berlin,m,12 bis unter 13 Jahre,14978
2017,Berlin,m,38 bis unter 39 Jahre,26869
2017,Berlin,m,73 bis unter 74 Jahre,15893
2017,Berlin,m,7 bis unter 8 Jahre,16911
2017,Berlin,m,60 bis unter 61 Jahre,20253
2017,Berlin,m,55 bis unter 56 Jahre,27182
2017,Berlin,m,42 bis unter 43 Jahre,22600
2017,Berlin,m,37 bis unter 38 Jahre,29232
2017,Berlin,m,24 bis unter 25 Jahre,22073
2017,Berlin,m,68 bis unter 69 Jahre,16598
2017,Berlin,m,11 bis unter 12 Jahre,15188
2017,Berlin,m,6 bis unter 7 Jahre,16881
2017,Berlin,m,72 bis unter 73 Jahre,12194
2017,Berlin,m,19 bis unter 20 Jahre,16371
2017,Berlin,m,67 bis unter 68 Jahre,17682
2017,Berlin,m,10 bis unter 11 Jahre,16245
2017,Berlin,m,54 bis unter 55 Jahre,28696
2017,Berlin,m,41 bis unter 42 Jahre,23546
2017,Berlin,m,36 bis unter 37 Jahre,29449
2017,Berlin,m,23 bis unter 24 Jahre,20644
2017,Berlin,m,18 bis unter 19 Jahre,15595
2017,Berlin,m,5 bis unter 6 Jahre,18050
2017,Berlin,m,49 bis unter 50 Jahre,26718
2017,Berlin,m,40 bis unter 41 Jahre,24814
2017,Berlin,m,71 bis unter 72 Jahre,11156
2017,Berlin,m,66 bis unter 67 Jahre,17261
2017,Berlin,m,80 bis unter 85 Jahre,44242
2017,Berlin,m,53 bis unter 54 Jahre,28920
2017,Berlin,m,48 bis unter 49 Jahre,25686
2017,Berlin,m,35 bis unter 36 Jahre,30480
2017,Berlin,m,22 bis unter 23 Jahre,19376
2017,Berlin,m,70 bis unter 71 Jahre,14033
2017,Berlin,m,17 bis unter 18 Jahre,15214
2017,Berlin,m,4 bis unter 5 Jahre,18101
2017,Berlin,m,75 bis unter 80 Jahre,75647
2017,Berlin,f,15 bis unter 16 Jahre,13469
2017,Berlin,f,28 bis unter 29 Jahre,32971
2017,Berlin,f,59 bis unter 60 Jahre,21448
2017,Berlin,f,2 bis unter 3 Jahre,18357
2017,Berlin,f,46 bis unter 47 Jahre,23046
2017,Berlin,f,32 bis unter 33 Jahre,31137
2017,Berlin,f,45 bis unter 46 Jahre,20983
2017,Berlin,f,63 bis unter 64 Jahre,20276
2017,Berlin,f,50 bis unter 51 Jahre,25679
2017,Berlin,f,85 bis unter 90 Jahre,32695
2017,Berlin,f,29 bis unter 30 Jahre,33835
2017,Berlin,f,75 bis unter 80 Jahre,96429
2017,Berlin,f,16 bis unter 17 Jahre,13690
2017,Berlin,f,3 bis unter 4 Jahre,18314
2017,Berlin,f,34 bis unter 35 Jahre,29430
2017,Berlin,f,47 bis unter 48 Jahre,23385
2017,Berlin,f,33 bis unter 34 Jahre,29923
2017,Berlin,f,20 bis unter 21 Jahre,17357
2017,Berlin,f,51 bis unter 52 Jahre,27096
2017,Berlin,f,64 bis unter 65 Jahre,19952
2017,Berlin,f,70 bis unter 71 Jahre,16635
2017,Berlin,f,17 bis unter 18 Jahre,14008
2017,Berlin,f,4 bis unter 5 Jahre,17100
2017,Berlin,f,48 bis unter 49 Jahre,24268
2017,Berlin,f,35 bis unter 36 Jahre,29155
2017,Berlin,f,21 bis unter 22 Jahre,18706
2017,Berlin,f,65 bis unter 66 Jahre,19898
2017,Berlin,f,52 bis unter 53 Jahre,27576
2017,Berlin,f,71 bis unter 72 Jahre,12596
2017,Berlin,f,18 bis unter 19 Jahre,14368
2017,Berlin,f,5 bis unter 6 Jahre,16975
2017,Berlin,f,36 bis unter 37 Jahre,28633
2017,Berlin,f,49 bis unter 50 Jahre,25581
2017,Berlin,f,23 bis unter 24 Jahre,20980
2017,Berlin,f,22 bis unter 23 Jahre,19544
2017,Berlin,f,53 bis unter 54 Jahre,28195
2017,Berlin,f,66 bis unter 67 Jahre,20130
2017,Berlin,f,40 bis unter 41 Jahre,23663
2017,Berlin,f,6 bis unter 7 Jahre,15910
2017,Berlin,f,19 bis unter 20 Jahre,15654
2017,Berlin,f,37 bis unter 38 Jahre,27496
2017,Berlin,f,11 bis unter 12 Jahre,14687
2017,Berlin,f,24 bis unter 25 Jahre,22527
2017,Berlin,f,67 bis unter 68 Jahre,21095
2017,Berlin,f,10 bis unter 11 Jahre,15059
2017,Berlin,f,54 bis unter 55 Jahre,28037
2017,Berlin,f,41 bis unter 42 Jahre,22698
2017,Berlin,f,72 bis unter 73 Jahre,14479
2017,Berlin,f,60 bis unter 61 Jahre,20680
2017,Berlin,f,7 bis unter 8 Jahre,16111
2017,Berlin,f,38 bis unter 39 Jahre,25633
2017,Berlin,f,25 bis unter 26 Jahre,24443
2017,Berlin,f,69 bis unter 70 Jahre,17650
2017,Berlin,f,12 bis unter 13 Jahre,14041
2017,Berlin,f,55 bis unter 56 Jahre,26614
2017,Berlin,f,68 bis unter 69 Jahre,19482
2017,Berlin,f,42 bis unter 43 Jahre,21417
2017,Berlin,f,80 bis unter 85 Jahre,65166
2017,Berlin,f,90 Jahre und mehr,21393
2017,Berlin,f,73 bis unter 74 Jahre,18843
2017,Berlin,f,39 bis unter 40 Jahre,24194
2017,Berlin,f,13 bis unter 14 Jahre,14119
2017,Berlin,f,26 bis unter 27 Jahre,26614
2017,Berlin,f,57 bis unter 58 Jahre,23993
2017,Berlin,f,unter 1 Jahr,19300
2017,Berlin,f,56 bis unter 57 Jahre,25548
2017,Berlin,f,30 bis unter 31 Jahre,33010
2017,Berlin,f,43 bis unter 44 Jahre,20887
2017,Berlin,f,74 bis unter 75 Jahre,19840
2017,Berlin,f,8 bis unter 9 Jahre,15857
2017,Berlin,f,61 bis unter 62 Jahre,20388
2017,Berlin,f,27 bis unter 28 Jahre,31937
2017,Berlin,f,14 bis unter 15 Jahre,13591
2017,Berlin,f,58 bis unter 59 Jahre,23250
2017,Berlin,f,1 bis unter 2 Jahre,19603
2017,Berlin,f,44 bis unter 45 Jahre,20396
2017,Berlin,f,31 bis unter 32 Jahre,32141
2017,Berlin,f,9 bis unter 10 Jahre,15599
2017,Berlin,f,62 bis unter 63 Jahre,20363
2017,Hessen,m,23 bis unter 24 Jahre,38180
2017,Hessen,m,10 bis unter 11 Jahre,29401
2017,Hessen,m,36 bis unter 37 Jahre,39746
2017,Hessen,m,49 bis unter 50 Jahre,51962
2017,Hessen,m,5 bis unter 6 Jahre,28795
2017,Hessen,m,18 bis unter 19 Jahre,34225
2017,Hessen,m,71 bis unter 72 Jahre,24677
2017,Hessen,m,40 bis unter 41 Jahre,37449
2017,Hessen,m,53 bis unter 54 Jahre,54002
2017,Hessen,m,80 bis unter 85 Jahre,85415
2017,Hessen,m,66 bis unter 67 Jahre,33175
2017,Hessen,m,22 bis unter 23 Jahre,37489
2017,Hessen,m,48 bis unter 49 Jahre,49376
2017,Hessen,m,35 bis unter 36 Jahre,40398
2017,Hessen,m,4 bis unter 5 Jahre,28732
2017,Hessen,m,17 bis unter 18 Jahre,32869
2017,Hessen,m,70 bis unter 71 Jahre,28989
2017,Hessen,m,65 bis unter 66 Jahre,34099
2017,Hessen,m,52 bis unter 53 Jahre,53530
2017,Hessen,m,21 bis unter 22 Jahre,38050
2017,Hessen,m,69 bis unter 70 Jahre,31467
2017,Hessen,m,56 bis unter 57 Jahre,48700
2017,Hessen,m,25 bis unter 26 Jahre,39536
2017,Hessen,m,12 bis unter 13 Jahre,29330
2017,Hessen,m,38 bis unter 39 Jahre,38597
2017,Hessen,m,7 bis unter 8 Jahre,28826
2017,Hessen,m,60 bis unter 61 Jahre,41538
2017,Hessen,m,73 bis unter 74 Jahre,26575
2017,Hessen,m,42 bis unter 43 Jahre,37019
2017,Hessen,m,55 bis unter 56 Jahre,50361
2017,Hessen,m,11 bis unter 12 Jahre,28544
2017,Hessen,m,68 bis unter 69 Jahre,33582
2017,Hessen,m,24 bis unter 25 Jahre,39003
2017,Hessen,m,37 bis unter 38 Jahre,40298
2017,Hessen,m,6 bis unter 7 Jahre,28561
2017,Hessen,m,72 bis unter 73 Jahre,20138
2017,Hessen,m,19 bis unter 20 Jahre,35971
2017,Hessen,m,41 bis unter 42 Jahre,37643
2017,Hessen,m,67 bis unter 68 Jahre,33991
2017,Hessen,m,54 bis unter 55 Jahre,52769
2017,Hessen,m,45 bis unter 46 Jahre,40308
2017,Hessen,m,58 bis unter 59 Jahre,45306
2017,Hessen,m,1 bis unter 2 Jahre,31381
2017,Hessen,m,27 bis unter 28 Jahre,43248
2017,Hessen,m,14 bis unter 15 Jahre,29499
2017,Hessen,m,62 bis unter 63 Jahre,37550
2017,Hessen,m,9 bis unter 10 Jahre,29147
2017,Hessen,m,44 bis unter 45 Jahre,37670
2017,Hessen,m,31 bis unter 32 Jahre,41047
2017,Hessen,m,57 bis unter 58 Jahre,46918
2017,Hessen,m,unter 1 Jahr,31116
2017,Hessen,m,13 bis unter 14 Jahre,29732
2017,Hessen,m,26 bis unter 27 Jahre,40857
2017,Hessen,m,85 bis unter 90 Jahre,38815
2017,Hessen,m,39 bis unter 40 Jahre,38138
2017,Hessen,m,61 bis unter 62 Jahre,39620
2017,Hessen,m,8 bis unter 9 Jahre,28682
2017,Hessen,m,74 bis unter 75 Jahre,26064
2017,Hessen,m,30 bis unter 31 Jahre,41887
2017,Hessen,m,43 bis unter 44 Jahre,37699
2017,Hessen,m,34 bis unter 35 Jahre,39294
2017,Hessen,m,47 bis unter 48 Jahre,45724
2017,Hessen,m,3 bis unter 4 Jahre,29580
2017,Hessen,m,29 bis unter 30 Jahre,43445
2017,Hessen,m,16 bis unter 17 Jahre,31301
2017,Hessen,m,51 bis unter 52 Jahre,53613
2017,Hessen,m,75 bis unter 80 Jahre,134518
2017,Hessen,m,64 bis unter 65 Jahre,34041
2017,Hessen,m,20 bis unter 21 Jahre,38726
2017,Hessen,m,46 bis unter 47 Jahre,43675
2017,Hessen,m,33 bis unter 34 Jahre,39685
2017,Hessen,m,59 bis unter 60 Jahre,42785
2017,Hessen,m,2 bis unter 3 Jahre,30639
2017,Hessen,m,15 bis unter 16 Jahre,30242
2017,Hessen,m,28 bis unter 29 Jahre,42802
2017,Hessen,m,90 Jahre und mehr,15298
2017,Hessen,m,63 bis unter 64 Jahre,36280
2017,Hessen,m,50 bis unter 51 Jahre,52576
2017,Hessen,m,32 bis unter 33 Jahre,39720
2017,Hessen,f,52 bis unter 53 Jahre,52697
2017,Hessen,f,4 bis unter 5 Jahre,27294
2017,Hessen,f,17 bis unter 18 Jahre,30315
2017,Hessen,f,70 bis unter 71 Jahre,32217
2017,Hessen,f,34 bis unter 35 Jahre,38805
2017,Hessen,f,47 bis unter 48 Jahre,45645
2017,Hessen,f,3 bis unter 4 Jahre,28331
2017,Hessen,f,65 bis unter 66 Jahre,37276
2017,Hessen,f,80 bis unter 85 Jahre,117445
2017,Hessen,f,21 bis unter 22 Jahre,34545
2017,Hessen,f,40 bis unter 41 Jahre,38542
2017,Hessen,f,5 bis unter 6 Jahre,27062
2017,Hessen,f,18 bis unter 19 Jahre,30306
2017,Hessen,f,71 bis unter 72 Jahre,27254
2017,Hessen,f,22 bis unter 23 Jahre,33990
2017,Hessen,f,35 bis unter 36 Jahre,40123
2017,Hessen,f,48 bis unter 49 Jahre,48513
2017,Hessen,f,53 bis unter 54 Jahre,52679
2017,Hessen,f,66 bis unter 67 Jahre,36554
2017,Hessen,f,50 bis unter 51 Jahre,51654
2017,Hessen,f,63 bis unter 64 Jahre,38481
2017,Hessen,f,15 bis unter 16 Jahre,28006
2017,Hessen,f,28 bis unter 29 Jahre,40260
2017,Hessen,f,45 bis unter 46 Jahre,40633
2017,Hessen,f,58 bis unter 59 Jahre,45630
2017,Hessen,f,1 bis unter 2 Jahre,30103
2017,Hessen,f,14 bis unter 15 Jahre,27801
2017,Hessen,f,75 bis unter 80 Jahre,162946
2017,Hessen,f,32 bis unter 33 Jahre,37816
2017,Hessen,f,85 bis unter 90 Jahre,67661
2017,Hessen,f,51 bis unter 52 Jahre,52509
2017,Hessen,f,16 bis unter 17 Jahre,28658
2017,Hessen,f,29 bis unter 30 Jahre,40606
2017,Hessen,f,46 bis unter 47 Jahre,43808
2017,Hessen,f,59 bis unter 60 Jahre,43170
2017,Hessen,f,2 bis unter 3 Jahre,28773
2017,Hessen,f,64 bis unter 65 Jahre,36901
2017,Hessen,f,20 bis unter 21 Jahre,34357
2017,Hessen,f,33 bis unter 34 Jahre,38905
2017,Hessen,f,8 bis unter 9 Jahre,27012
2017,Hessen,f,61 bis unter 62 Jahre,40732
2017,Hessen,f,74 bis unter 75 Jahre,29556
2017,Hessen,f,39 bis unter 40 Jahre,38760
2017,Hessen,f,69 bis unter 70 Jahre,34220
2017,Hessen,f,12 bis unter 13 Jahre,27633
2017,Hessen,f,25 bis unter 26 Jahre,36824
2017,Hessen,f,30 bis unter 31 Jahre,39825
2017,Hessen,f,43 bis unter 44 Jahre,37798
2017,Hessen,f,56 bis unter 57 Jahre,48862
2017,Hessen,f,9 bis unter 10 Jahre,27831
2017,Hessen,f,62 bis unter 63 Jahre,39207
2017,Hessen,f,27 bis unter 28 Jahre,40689
2017,Hessen,f,57 bis unter 58 Jahre,47069
2017,Hessen,f,unter 1 Jahr,29716
2017,Hessen,f,13 bis unter 14 Jahre,27964
2017,Hessen,f,26 bis unter 27 Jahre,38573
2017,Hessen,f,31 bis unter 32 Jahre,39537
2017,Hessen,f,44 bis unter 45 Jahre,38146
2017,Hessen,f,19 bis unter 20 Jahre,32007
2017,Hessen,f,72 bis unter 73 Jahre,22731
2017,Hessen,f,90 Jahre und mehr,43395
2017,Hessen,f,6 bis unter 7 Jahre,26958
2017,Hessen,f,23 bis unter 24 Jahre,35141
2017,Hessen,f,36 bis unter 37 Jahre,40493
2017,Hessen,f,49 bis unter 50 Jahre,50597
2017,Hessen,f,41 bis unter 42 Jahre,38498
2017,Hessen,f,54 bis unter 55 Jahre,51804
2017,Hessen,f,67 bis unter 68 Jahre,37124
2017,Hessen,f,10 bis unter 11 Jahre,27520
2017,Hessen,f,60 bis unter 61 Jahre,42181
2017,Hessen,f,73 bis unter 74 Jahre,30104
2017,Hessen,f,38 bis unter 39 Jahre,39191
2017,Hessen,f,7 bis unter 8 Jahre,27599
2017,Hessen,f,11 bis unter 12 Jahre,27195
2017,Hessen,f,24 bis unter 25 Jahre,36405
2017,Hessen,f,37 bis unter 38 Jahre,40617
2017,Hessen,f,42 bis unter 43 Jahre,37184
2017,Hessen,f,55 bis unter 56 Jahre,49845
2017,Hessen,f,68 bis unter 69 Jahre,36812
2017,Brandenburg,m,1 bis unter 2 Jahre,11214
2017,Brandenburg,m,14 bis unter 15 Jahre,10926
2017,Brandenburg,m,27 bis unter 28 Jahre,13497
2017,Brandenburg,m,80 bis unter 85 Jahre,41705
2017,Brandenburg,m,62 bis unter 63 Jahre,19903
2017,Brandenburg,m,9 bis unter 10 Jahre,11629
2017,Brandenburg,m,31 bis unter 32 Jahre,15095
2017,Brandenburg,m,44 bis unter 45 Jahre,13523
2017,Brandenburg,m,57 bis unter 58 Jahre,23161
2017,Brandenburg,m,unter 1 Jahr,10633
2017,Brandenburg,m,59 bis unter 60 Jahre,20793
2017,Brandenburg,m,2 bis unter 3 Jahre,10984
2017,Brandenburg,m,15 bis unter 16 Jahre,10645
2017,Brandenburg,m,28 bis unter 29 Jahre,14411
2017,Brandenburg,m,50 bis unter 51 Jahre,20808
2017,Brandenburg,m,63 bis unter 64 Jahre,19204
2017,Brandenburg,m,32 bis unter 33 Jahre,15645
2017,Brandenburg,m,45 bis unter 46 Jahre,15258
2017,Brandenburg,m,58 bis unter 59 Jahre,22805
2017,Brandenburg,m,75 bis unter 80 Jahre,68050
2017,Brandenburg,m,25 bis unter 26 Jahre,8455
2017,Brandenburg,m,38 bis unter 39 Jahre,16042
2017,Brandenburg,m,60 bis unter 61 Jahre,20220
2017,Brandenburg,m,7 bis unter 8 Jahre,11810
2017,Brandenburg,m,73 bis unter 74 Jahre,12460
2017,Brandenburg,m,42 bis unter 43 Jahre,13668
2017,Brandenburg,m,55 bis unter 56 Jahre,24789
2017,Brandenburg,m,11 bis unter 12 Jahre,10918
2017,Brandenburg,m,68 bis unter 69 Jahre,13760
2017,Brandenburg,m,13 bis unter 14 Jahre,10940
2017,Brandenburg,m,26 bis unter 27 Jahre,9331
2017,Brandenburg,m,39 bis unter 40 Jahre,16013
2017,Brandenburg,m,61 bis unter 62 Jahre,19972
2017,Brandenburg,m,8 bis unter 9 Jahre,11337
2017,Brandenburg,m,74 bis unter 75 Jahre,13274
2017,Brandenburg,m,30 bis unter 31 Jahre,15435
2017,Brandenburg,m,43 bis unter 44 Jahre,13256
2017,Brandenburg,m,85 bis unter 90 Jahre,17253
2017,Brandenburg,m,56 bis unter 57 Jahre,24356
2017,Brandenburg,m,12 bis unter 13 Jahre,10683
2017,Brandenburg,m,69 bis unter 70 Jahre,11857
2017,Brandenburg,m,36 bis unter 37 Jahre,15890
2017,Brandenburg,m,49 bis unter 50 Jahre,19618
2017,Brandenburg,m,5 bis unter 6 Jahre,11178
2017,Brandenburg,m,18 bis unter 19 Jahre,11112
2017,Brandenburg,m,71 bis unter 72 Jahre,7340
2017,Brandenburg,m,40 bis unter 41 Jahre,15474
2017,Brandenburg,m,53 bis unter 54 Jahre,24407
2017,Brandenburg,m,66 bis unter 67 Jahre,17754
2017,Brandenburg,m,22 bis unter 23 Jahre,8622
2017,Brandenburg,m,35 bis unter 36 Jahre,16155
2017,Brandenburg,m,24 bis unter 25 Jahre,7851
2017,Brandenburg,m,37 bis unter 38 Jahre,16633
2017,Brandenburg,m,6 bis unter 7 Jahre,11162
2017,Brandenburg,m,19 bis unter 20 Jahre,10543
2017,Brandenburg,m,72 bis unter 73 Jahre,8408
2017,Brandenburg,m,41 bis unter 42 Jahre,14252
2017,Brandenburg,m,54 bis unter 55 Jahre,25025
2017,Brandenburg,m,10 bis unter 11 Jahre,11354
2017,Brandenburg,m,67 bis unter 68 Jahre,16320
2017,Brandenburg,m,23 bis unter 24 Jahre,8080
2017,Brandenburg,m,47 bis unter 48 Jahre,17901
2017,Brandenburg,m,3 bis unter 4 Jahre,11350
2017,Brandenburg,m,16 bis unter 17 Jahre,10764
2017,Brandenburg,m,29 bis unter 30 Jahre,15062
2017,Brandenburg,m,51 bis unter 52 Jahre,22138
2017,Brandenburg,m,64 bis unter 65 Jahre,18813
2017,Brandenburg,m,20 bis unter 21 Jahre,10112
2017,Brandenburg,m,33 bis unter 34 Jahre,15338
2017,Brandenburg,m,90 Jahre und mehr,5049
2017,Brandenburg,m,46 bis unter 47 Jahre,17803
2017,Brandenburg,m,48 bis unter 49 Jahre,18584
2017,Brandenburg,m,4 bis unter 5 Jahre,10987
2017,Brandenburg,m,17 bis unter 18 Jahre,11339
2017,Brandenburg,m,70 bis unter 71 Jahre,11044
2017,Brandenburg,m,52 bis unter 53 Jahre,23361
2017,Brandenburg,m,65 bis unter 66 Jahre,18181
2017,Brandenburg,m,21 bis unter 22 Jahre,9609
2017,Brandenburg,m,34 bis unter 35 Jahre,15640
2017,Brandenburg,f,61 bis unter 62 Jahre,19921
2017,Brandenburg,f,8 bis unter 9 Jahre,10766
2017,Brandenburg,f,43 bis unter 44 Jahre,12699
2017,Brandenburg,f,30 bis unter 31 Jahre,14614
2017,Brandenburg,f,74 bis unter 75 Jahre,15631
2017,Brandenburg,f,12 bis unter 13 Jahre,10133
2017,Brandenburg,f,90 Jahre und mehr,17009
2017,Brandenburg,f,69 bis unter 70 Jahre,12689
2017,Brandenburg,f,56 bis unter 57 Jahre,23924
2017,Brandenburg,f,38 bis unter 39 Jahre,15047
2017,Brandenburg,f,25 bis unter 26 Jahre,7168
2017,Brandenburg,f,73 bis unter 74 Jahre,14759
2017,Brandenburg,f,60 bis unter 61 Jahre,19972
2017,Brandenburg,f,7 bis unter 8 Jahre,10941
2017,Brandenburg,f,42 bis unter 43 Jahre,12747
2017,Brandenburg,f,24 bis unter 25 Jahre,6853
2017,Brandenburg,f,11 bis unter 12 Jahre,10180
2017,Brandenburg,f,68 bis unter 69 Jahre,14863
2017,Brandenburg,f,55 bis unter 56 Jahre,24127
2017,Brandenburg,f,37 bis unter 38 Jahre,15594
2017,Brandenburg,f,72 bis unter 73 Jahre,10004
2017,Brandenburg,f,19 bis unter 20 Jahre,9028
2017,Brandenburg,f,6 bis unter 7 Jahre,10731
2017,Brandenburg,f,54 bis unter 55 Jahre,24365
2017,Brandenburg,f,75 bis unter 80 Jahre,86579
2017,Brandenburg,f,41 bis unter 42 Jahre,13449
2017,Brandenburg,f,23 bis unter 24 Jahre,6791
2017,Brandenburg,f,10 bis unter 11 Jahre,10738
2017,Brandenburg,f,67 bis unter 68 Jahre,17489
2017,Brandenburg,f,5 bis unter 6 Jahre,10774
2017,Brandenburg,f,49 bis unter 50 Jahre,19253
2017,Brandenburg,f,36 bis unter 37 Jahre,15180
2017,Brandenburg,f,71 bis unter 72 Jahre,8289
2017,Brandenburg,f,18 bis unter 19 Jahre,9752
2017,Brandenburg,f,66 bis unter 67 Jahre,18448
2017,Brandenburg,f,80 bis unter 85 Jahre,60823
2017,Brandenburg,f,53 bis unter 54 Jahre,23469
2017,Brandenburg,f,40 bis unter 41 Jahre,14779
2017,Brandenburg,f,35 bis unter 36 Jahre,14985
2017,Brandenburg,f,22 bis unter 23 Jahre,7121
2017,Brandenburg,f,4 bis unter 5 Jahre,10354
2017,Brandenburg,f,48 bis unter 49 Jahre,18169
2017,Brandenburg,f,17 bis unter 18 Jahre,10547
2017,Brandenburg,f,70 bis unter 71 Jahre,12268
2017,Brandenburg,f,65 bis unter 66 Jahre,19191
2017,Brandenburg,f,52 bis unter 53 Jahre,22615
2017,Brandenburg,f,47 bis unter 48 Jahre,17318
2017,Brandenburg,f,34 bis unter 35 Jahre,14769
2017,Brandenburg,f,21 bis unter 22 Jahre,7953
2017,Brandenburg,f,16 bis unter 17 Jahre,9919
2017,Brandenburg,f,3 bis unter 4 Jahre,10852
2017,Brandenburg,f,29 bis unter 30 Jahre,14013
2017,Brandenburg,f,20 bis unter 21 Jahre,8493
2017,Brandenburg,f,64 bis unter 65 Jahre,19602
2017,Brandenburg,f,51 bis unter 52 Jahre,21894
2017,Brandenburg,f,46 bis unter 47 Jahre,16764
2017,Brandenburg,f,33 bis unter 34 Jahre,14615
2017,Brandenburg,f,85 bis unter 90 Jahre,32374
2017,Brandenburg,f,28 bis unter 29 Jahre,13370
2017,Brandenburg,f,15 bis unter 16 Jahre,10077
2017,Brandenburg,f,2 bis unter 3 Jahre,10303
2017,Brandenburg,f,59 bis unter 60 Jahre,20542
2017,Brandenburg,f,50 bis unter 51 Jahre,20290
2017,Brandenburg,f,63 bis unter 64 Jahre,19943
2017,Brandenburg,f,1 bis unter 2 Jahre,10682
2017,Brandenburg,f,58 bis unter 59 Jahre,22326
2017,Brandenburg,f,45 bis unter 46 Jahre,14215
2017,Brandenburg,f,32 bis unter 33 Jahre,14627
2017,Brandenburg,f,27 bis unter 28 Jahre,12506
2017,Brandenburg,f,14 bis unter 15 Jahre,10126
2017,Brandenburg,f,62 bis unter 63 Jahre,19974
2017,Brandenburg,f,9 bis unter 10 Jahre,11014
2017,Brandenburg,f,31 bis unter 32 Jahre,14436
2017,Brandenburg,f,unter 1 Jahr,10080
2017,Brandenburg,f,57 bis unter 58 Jahre,23142
2017,Brandenburg,f,44 bis unter 45 Jahre,13089
2017,Brandenburg,f,39 bis unter 40 Jahre,15315
2017,Brandenburg,f,26 bis unter 27 Jahre,8431
2017,Brandenburg,f,13 bis unter 14 Jahre,10187
2017,Bayern,m,42 bis unter 43 Jahre,77865
2017,Bayern,m,73 bis unter 74 Jahre,54090
2017,Bayern,m,68 bis unter 69 Jahre,66143
2017,Bayern,m,11 bis unter 12 Jahre,57984
2017,Bayern,m,55 bis unter 56 Jahre,105431
2017,Bayern,m,38 bis unter 39 Jahre,82078
2017,Bayern,m,12 bis unter 13 Jahre,58855
2017,Bayern,m,25 bis unter 26 Jahre,85747
2017,Bayern,m,7 bis unter 8 Jahre,57880
2017,Bayern,m,60 bis unter 61 Jahre,86937
2017,Bayern,m,41 bis unter 42 Jahre,79382
2017,Bayern,m,10 bis unter 11 Jahre,58673
2017,Bayern,m,23 bis unter 24 Jahre,80935
2017,Bayern,m,54 bis unter 55 Jahre,109211
2017,Bayern,m,67 bis unter 68 Jahre,68283
2017,Bayern,m,37 bis unter 38 Jahre,85755
2017,Bayern,m,24 bis unter 25 Jahre,84876
2017,Bayern,m,19 bis unter 20 Jahre,76508
2017,Bayern,m,72 bis unter 73 Jahre,41946
2017,Bayern,m,6 bis unter 7 Jahre,57425
2017,Bayern,m,53 bis unter 54 Jahre,111535
2017,Bayern,m,40 bis unter 41 Jahre,80481
2017,Bayern,m,22 bis unter 23 Jahre,79299
2017,Bayern,m,66 bis unter 67 Jahre,67778
2017,Bayern,m,49 bis unter 50 Jahre,108247
2017,Bayern,m,36 bis unter 37 Jahre,86244
2017,Bayern,m,18 bis unter 19 Jahre,71991
2017,Bayern,m,71 bis unter 72 Jahre,52591
2017,Bayern,m,5 bis unter 6 Jahre,59580
2017,Bayern,m,52 bis unter 53 Jahre,110835
2017,Bayern,m,65 bis unter 66 Jahre,70395
2017,Bayern,m,34 bis unter 35 Jahre,85665
2017,Bayern,m,21 bis unter 22 Jahre,79757
2017,Bayern,m,4 bis unter 5 Jahre,59482
2017,Bayern,m,35 bis unter 36 Jahre,87012
2017,Bayern,m,48 bis unter 49 Jahre,103815
2017,Bayern,m,17 bis unter 18 Jahre,67965
2017,Bayern,m,70 bis unter 71 Jahre,61125
2017,Bayern,m,64 bis unter 65 Jahre,70872
2017,Bayern,m,51 bis unter 52 Jahre,111110
2017,Bayern,m,33 bis unter 34 Jahre,85097
2017,Bayern,m,46 bis unter 47 Jahre,91857
2017,Bayern,m,20 bis unter 21 Jahre,80241
2017,Bayern,m,85 bis unter 90 Jahre,78902
2017,Bayern,m,3 bis unter 4 Jahre,61704
2017,Bayern,m,47 bis unter 48 Jahre,95426
2017,Bayern,m,16 bis unter 17 Jahre,64611
2017,Bayern,m,29 bis unter 30 Jahre,92918
2017,Bayern,m,50 bis unter 51 Jahre,110511
2017,Bayern,m,63 bis unter 64 Jahre,74617
2017,Bayern,m,90 Jahre und mehr,29615
2017,Bayern,m,45 bis unter 46 Jahre,84688
2017,Bayern,m,75 bis unter 80 Jahre,282021
2017,Bayern,m,32 bis unter 33 Jahre,85329
2017,Bayern,m,15 bis unter 16 Jahre,61919
2017,Bayern,m,59 bis unter 60 Jahre,90442
2017,Bayern,m,2 bis unter 3 Jahre,62672
2017,Bayern,m,28 bis unter 29 Jahre,90536
2017,Bayern,m,9 bis unter 10 Jahre,58950
2017,Bayern,m,62 bis unter 63 Jahre,77613
2017,Bayern,m,57 bis unter 58 Jahre,99166
2017,Bayern,m,unter 1 Jahr,64554
2017,Bayern,m,31 bis unter 32 Jahre,89379
2017,Bayern,m,44 bis unter 45 Jahre,78645
2017,Bayern,m,14 bis unter 15 Jahre,60715
2017,Bayern,m,27 bis unter 28 Jahre,93475
2017,Bayern,m,58 bis unter 59 Jahre,95701
2017,Bayern,m,1 bis unter 2 Jahre,65048
2017,Bayern,m,80 bis unter 85 Jahre,171067
2017,Bayern,m,30 bis unter 31 Jahre,90752
2017,Bayern,m,74 bis unter 75 Jahre,53358
2017,Bayern,m,56 bis unter 57 Jahre,103785
2017,Bayern,m,69 bis unter 70 Jahre,62931
2017,Bayern,m,43 bis unter 44 Jahre,78920
2017,Bayern,m,26 bis unter 27 Jahre,88711
2017,Bayern,m,13 bis unter 14 Jahre,59805
2017,Bayern,m,8 bis unter 9 Jahre,57303
2017,Bayern,m,61 bis unter 62 Jahre,83374
2017,Bayern,m,39 bis unter 40 Jahre,80362
2017,Bayern,f,49 bis unter 50 Jahre,104916
2017,Bayern,f,36 bis unter 37 Jahre,84655
2017,Bayern,f,5 bis unter 6 Jahre,56192
2017,Bayern,f,10 bis unter 11 Jahre,55981
2017,Bayern,f,67 bis unter 68 Jahre,74323
2017,Bayern,f,23 bis unter 24 Jahre,73434
2017,Bayern,f,54 bis unter 55 Jahre,108137
2017,Bayern,f,41 bis unter 42 Jahre,78417
2017,Bayern,f,6 bis unter 7 Jahre,54129
2017,Bayern,f,19 bis unter 20 Jahre,67469
2017,Bayern,f,72 bis unter 73 Jahre,47488
2017,Bayern,f,37 bis unter 38 Jahre,84264
2017,Bayern,f,68 bis unter 69 Jahre,72407
2017,Bayern,f,55 bis unter 56 Jahre,104813
2017,Bayern,f,24 bis unter 25 Jahre,77591
2017,Bayern,f,11 bis unter 12 Jahre,54554
2017,Bayern,f,42 bis unter 43 Jahre,77059
2017,Bayern,f,7 bis unter 8 Jahre,55166
2017,Bayern,f,73 bis unter 74 Jahre,60818
2017,Bayern,f,60 bis unter 61 Jahre,88111
2017,Bayern,f,80 bis unter 85 Jahre,242392
2017,Bayern,f,25 bis unter 26 Jahre,79733
2017,Bayern,f,38 bis unter 39 Jahre,80738
2017,Bayern,f,56 bis unter 57 Jahre,103147
2017,Bayern,f,12 bis unter 13 Jahre,55626
2017,Bayern,f,69 bis unter 70 Jahre,68519
2017,Bayern,f,74 bis unter 75 Jahre,60599
2017,Bayern,f,43 bis unter 44 Jahre,78588
2017,Bayern,f,30 bis unter 31 Jahre,83361
2017,Bayern,f,61 bis unter 62 Jahre,84315
2017,Bayern,f,8 bis unter 9 Jahre,54330
2017,Bayern,f,26 bis unter 27 Jahre,81039
2017,Bayern,f,13 bis unter 14 Jahre,57580
2017,Bayern,f,39 bis unter 40 Jahre,79787
2017,Bayern,f,44 bis unter 45 Jahre,78167
2017,Bayern,f,85 bis unter 90 Jahre,141606
2017,Bayern,f,57 bis unter 58 Jahre,98726
2017,Bayern,f,unter 1 Jahr,62073
2017,Bayern,f,62 bis unter 63 Jahre,80506
2017,Bayern,f,31 bis unter 32 Jahre,83563
2017,Bayern,f,9 bis unter 10 Jahre,55920
2017,Bayern,f,14 bis unter 15 Jahre,57869
2017,Bayern,f,27 bis unter 28 Jahre,85922
2017,Bayern,f,45 bis unter 46 Jahre,84425
2017,Bayern,f,32 bis unter 33 Jahre,80916
2017,Bayern,f,58 bis unter 59 Jahre,95400
2017,Bayern,f,1 bis unter 2 Jahre,61640
2017,Bayern,f,63 bis unter 64 Jahre,79154
2017,Bayern,f,75 bis unter 80 Jahre,344869
2017,Bayern,f,50 bis unter 51 Jahre,107679
2017,Bayern,f,59 bis unter 60 Jahre,90699
2017,Bayern,f,2 bis unter 3 Jahre,59640
2017,Bayern,f,28 bis unter 29 Jahre,84612
2017,Bayern,f,15 bis unter 16 Jahre,58726
2017,Bayern,f,33 bis unter 34 Jahre,81120
2017,Bayern,f,20 bis unter 21 Jahre,71419
2017,Bayern,f,46 bis unter 47 Jahre,90951
2017,Bayern,f,51 bis unter 52 Jahre,108383
2017,Bayern,f,64 bis unter 65 Jahre,76169
2017,Bayern,f,29 bis unter 30 Jahre,86082
2017,Bayern,f,90 Jahre und mehr,84316
2017,Bayern,f,3 bis unter 4 Jahre,58278
2017,Bayern,f,16 bis unter 17 Jahre,59640
2017,Bayern,f,21 bis unter 22 Jahre,71888
2017,Bayern,f,47 bis unter 48 Jahre,94268
2017,Bayern,f,34 bis unter 35 Jahre,81704
2017,Bayern,f,52 bis unter 53 Jahre,106957
2017,Bayern,f,65 bis unter 66 Jahre,76725
2017,Bayern,f,17 bis unter 18 Jahre,62942
2017,Bayern,f,70 bis unter 71 Jahre,66494
2017,Bayern,f,48 bis unter 49 Jahre,101089
2017,Bayern,f,4 bis unter 5 Jahre,57122
2017,Bayern,f,22 bis unter 23 Jahre,71552
2017,Bayern,f,35 bis unter 36 Jahre,84613
2017,Bayern,f,40 bis unter 41 Jahre,78885
2017,Bayern,f,66 bis unter 67 Jahre,73949
2017,Bayern,f,53 bis unter 54 Jahre,109290
2017,Bayern,f,18 bis unter 19 Jahre,64002
2017,Bayern,f,71 bis unter 72 Jahre,59073
2017,Schleswig-Holstein,m,44 bis unter 45 Jahre,16489
2017,Schleswig-Holstein,m,31 bis unter 32 Jahre,16422
2017,Schleswig-Holstein,m,57 bis unter 58 Jahre,21991
2017,Schleswig-Holstein,m,unter 1 Jahr,12924
2017,Schleswig-Holstein,m,62 bis unter 63 Jahre,17483
2017,Schleswig-Holstein,m,9 bis unter 10 Jahre,13156
2017,Schleswig-Holstein,m,58 bis unter 59 Jahre,21260
2017,Schleswig-Holstein,m,1 bis unter 2 Jahre,13170
2017,Schleswig-Holstein,m,27 bis unter 28 Jahre,17745
2017,Schleswig-Holstein,m,14 bis unter 15 Jahre,14023
2017,Schleswig-Holstein,m,32 bis unter 33 Jahre,15792
2017,Schleswig-Holstein,m,45 bis unter 46 Jahre,17883
2017,Schleswig-Holstein,m,63 bis unter 64 Jahre,17218
2017,Schleswig-Holstein,m,50 bis unter 51 Jahre,25999
2017,Schleswig-Holstein,m,28 bis unter 29 Jahre,17151
2017,Schleswig-Holstein,m,59 bis unter 60 Jahre,20055
2017,Schleswig-Holstein,m,2 bis unter 3 Jahre,12907
2017,Schleswig-Holstein,m,15 bis unter 16 Jahre,14399
2017,Schleswig-Holstein,m,55 bis unter 56 Jahre,23852
2017,Schleswig-Holstein,m,11 bis unter 12 Jahre,13287
2017,Schleswig-Holstein,m,68 bis unter 69 Jahre,16352
2017,Schleswig-Holstein,m,73 bis unter 74 Jahre,14243
2017,Schleswig-Holstein,m,42 bis unter 43 Jahre,15864
2017,Schleswig-Holstein,m,60 bis unter 61 Jahre,19095
2017,Schleswig-Holstein,m,7 bis unter 8 Jahre,13116
2017,Schleswig-Holstein,m,85 bis unter 90 Jahre,17637
2017,Schleswig-Holstein,m,25 bis unter 26 Jahre,16610
2017,Schleswig-Holstein,m,12 bis unter 13 Jahre,13303
2017,Schleswig-Holstein,m,38 bis unter 39 Jahre,15951
2017,Schleswig-Holstein,m,43 bis unter 44 Jahre,15958
2017,Schleswig-Holstein,m,75 bis unter 80 Jahre,75197
2017,Schleswig-Holstein,m,69 bis unter 70 Jahre,15734
2017,Schleswig-Holstein,m,56 bis unter 57 Jahre,23135
2017,Schleswig-Holstein,m,74 bis unter 75 Jahre,14623
2017,Schleswig-Holstein,m,61 bis unter 62 Jahre,18084
2017,Schleswig-Holstein,m,30 bis unter 31 Jahre,17155
2017,Schleswig-Holstein,m,90 Jahre und mehr,6886
2017,Schleswig-Holstein,m,80 bis unter 85 Jahre,45136
2017,Schleswig-Holstein,m,39 bis unter 40 Jahre,16195
2017,Schleswig-Holstein,m,8 bis unter 9 Jahre,12997
2017,Schleswig-Holstein,m,13 bis unter 14 Jahre,13956
2017,Schleswig-Holstein,m,26 bis unter 27 Jahre,16923
2017,Schleswig-Holstein,m,66 bis unter 67 Jahre,16478
2017,Schleswig-Holstein,m,22 bis unter 23 Jahre,16158
2017,Schleswig-Holstein,m,53 bis unter 54 Jahre,26059
2017,Schleswig-Holstein,m,40 bis unter 41 Jahre,16016
2017,Schleswig-Holstein,m,5 bis unter 6 Jahre,12868
2017,Schleswig-Holstein,m,18 bis unter 19 Jahre,16877
2017,Schleswig-Holstein,m,71 bis unter 72 Jahre,13424
2017,Schleswig-Holstein,m,36 bis unter 37 Jahre,16341
2017,Schleswig-Holstein,m,49 bis unter 50 Jahre,25010
2017,Schleswig-Holstein,m,67 bis unter 68 Jahre,16396
2017,Schleswig-Holstein,m,54 bis unter 55 Jahre,24976
2017,Schleswig-Holstein,m,23 bis unter 24 Jahre,16472
2017,Schleswig-Holstein,m,10 bis unter 11 Jahre,13504
2017,Schleswig-Holstein,m,41 bis unter 42 Jahre,16032
2017,Schleswig-Holstein,m,6 bis unter 7 Jahre,12408
2017,Schleswig-Holstein,m,19 bis unter 20 Jahre,16366
2017,Schleswig-Holstein,m,72 bis unter 73 Jahre,10711
2017,Schleswig-Holstein,m,24 bis unter 25 Jahre,16636
2017,Schleswig-Holstein,m,37 bis unter 38 Jahre,16693
2017,Schleswig-Holstein,m,20 bis unter 21 Jahre,17250
2017,Schleswig-Holstein,m,46 bis unter 47 Jahre,20138
2017,Schleswig-Holstein,m,33 bis unter 34 Jahre,15704
2017,Schleswig-Holstein,m,51 bis unter 52 Jahre,26024
2017,Schleswig-Holstein,m,64 bis unter 65 Jahre,16625
2017,Schleswig-Holstein,m,29 bis unter 30 Jahre,17697
2017,Schleswig-Holstein,m,16 bis unter 17 Jahre,14891
2017,Schleswig-Holstein,m,47 bis unter 48 Jahre,21221
2017,Schleswig-Holstein,m,3 bis unter 4 Jahre,12823
2017,Schleswig-Holstein,m,21 bis unter 22 Jahre,16699
2017,Schleswig-Holstein,m,34 bis unter 35 Jahre,15910
2017,Schleswig-Holstein,m,65 bis unter 66 Jahre,16349
2017,Schleswig-Holstein,m,52 bis unter 53 Jahre,25481
2017,Schleswig-Holstein,m,17 bis unter 18 Jahre,15947
2017,Schleswig-Holstein,m,70 bis unter 71 Jahre,14534
2017,Schleswig-Holstein,m,48 bis unter 49 Jahre,23578
2017,Schleswig-Holstein,m,35 bis unter 36 Jahre,16317
2017,Schleswig-Holstein,m,4 bis unter 5 Jahre,12566
2017,Schleswig-Holstein,f,7 bis unter 8 Jahre,12387
2017,Schleswig-Holstein,f,60 bis unter 61 Jahre,20356
2017,Schleswig-Holstein,f,73 bis unter 74 Jahre,16187
2017,Schleswig-Holstein,f,80 bis unter 85 Jahre,61095
2017,Schleswig-Holstein,f,42 bis unter 43 Jahre,16299
2017,Schleswig-Holstein,f,55 bis unter 56 Jahre,24259
2017,Schleswig-Holstein,f,68 bis unter 69 Jahre,17537
2017,Schleswig-Holstein,f,11 bis unter 12 Jahre,12492
2017,Schleswig-Holstein,f,24 bis unter 25 Jahre,15104
2017,Schleswig-Holstein,f,37 bis unter 38 Jahre,17438
2017,Schleswig-Holstein,f,8 bis unter 9 Jahre,12051
2017,Schleswig-Holstein,f,61 bis unter 62 Jahre,19054
2017,Schleswig-Holstein,f,74 bis unter 75 Jahre,16567
2017,Schleswig-Holstein,f,75 bis unter 80 Jahre,89142
2017,Schleswig-Holstein,f,30 bis unter 31 Jahre,15882
2017,Schleswig-Holstein,f,43 bis unter 44 Jahre,16390
2017,Schleswig-Holstein,f,56 bis unter 57 Jahre,23709
2017,Schleswig-Holstein,f,69 bis unter 70 Jahre,17245
2017,Schleswig-Holstein,f,12 bis unter 13 Jahre,12574
2017,Schleswig-Holstein,f,25 bis unter 26 Jahre,15143
2017,Schleswig-Holstein,f,38 bis unter 39 Jahre,16585
2017,Schleswig-Holstein,f,5 bis unter 6 Jahre,12098
2017,Schleswig-Holstein,f,18 bis unter 19 Jahre,15073
2017,Schleswig-Holstein,f,71 bis unter 72 Jahre,14922
2017,Schleswig-Holstein,f,40 bis unter 41 Jahre,16528
2017,Schleswig-Holstein,f,53 bis unter 54 Jahre,26031
2017,Schleswig-Holstein,f,66 bis unter 67 Jahre,17611
2017,Schleswig-Holstein,f,22 bis unter 23 Jahre,14563
2017,Schleswig-Holstein,f,35 bis unter 36 Jahre,16772
2017,Schleswig-Holstein,f,48 bis unter 49 Jahre,23738
2017,Schleswig-Holstein,f,4 bis unter 5 Jahre,11931
2017,Schleswig-Holstein,f,6 bis unter 7 Jahre,11902
2017,Schleswig-Holstein,f,90 Jahre und mehr,20724
2017,Schleswig-Holstein,f,19 bis unter 20 Jahre,15231
2017,Schleswig-Holstein,f,72 bis unter 73 Jahre,12481
2017,Schleswig-Holstein,f,41 bis unter 42 Jahre,16744
2017,Schleswig-Holstein,f,54 bis unter 55 Jahre,25459
2017,Schleswig-Holstein,f,67 bis unter 68 Jahre,17844
2017,Schleswig-Holstein,f,10 bis unter 11 Jahre,12678
2017,Schleswig-Holstein,f,23 bis unter 24 Jahre,14741
2017,Schleswig-Holstein,f,36 bis unter 37 Jahre,16909
2017,Schleswig-Holstein,f,49 bis unter 50 Jahre,25334
2017,Schleswig-Holstein,f,29 bis unter 30 Jahre,16095
2017,Schleswig-Holstein,f,51 bis unter 52 Jahre,26352
2017,Schleswig-Holstein,f,64 bis unter 65 Jahre,17644
2017,Schleswig-Holstein,f,20 bis unter 21 Jahre,15327
2017,Schleswig-Holstein,f,33 bis unter 34 Jahre,15586
2017,Schleswig-Holstein,f,46 bis unter 47 Jahre,20669
2017,Schleswig-Holstein,f,59 bis unter 60 Jahre,20498
2017,Schleswig-Holstein,f,2 bis unter 3 Jahre,12225
2017,Schleswig-Holstein,f,15 bis unter 16 Jahre,13611
2017,Schleswig-Holstein,f,70 bis unter 71 Jahre,15895
2017,Schleswig-Holstein,f,17 bis unter 18 Jahre,14974
2017,Schleswig-Holstein,f,52 bis unter 53 Jahre,26082
2017,Schleswig-Holstein,f,65 bis unter 66 Jahre,17638
2017,Schleswig-Holstein,f,21 bis unter 22 Jahre,15174
2017,Schleswig-Holstein,f,34 bis unter 35 Jahre,16006
2017,Schleswig-Holstein,f,47 bis unter 48 Jahre,21385
2017,Schleswig-Holstein,f,3 bis unter 4 Jahre,12337
2017,Schleswig-Holstein,f,16 bis unter 17 Jahre,14087
2017,Schleswig-Holstein,f,9 bis unter 10 Jahre,12732
2017,Schleswig-Holstein,f,62 bis unter 63 Jahre,18597
2017,Schleswig-Holstein,f,31 bis unter 32 Jahre,15785
2017,Schleswig-Holstein,f,44 bis unter 45 Jahre,16938
2017,Schleswig-Holstein,f,85 bis unter 90 Jahre,31973
2017,Schleswig-Holstein,f,57 bis unter 58 Jahre,22612
2017,Schleswig-Holstein,f,unter 1 Jahr,12288
2017,Schleswig-Holstein,f,13 bis unter 14 Jahre,13117
2017,Schleswig-Holstein,f,26 bis unter 27 Jahre,15477
2017,Schleswig-Holstein,f,39 bis unter 40 Jahre,16491
2017,Schleswig-Holstein,f,28 bis unter 29 Jahre,15896
2017,Schleswig-Holstein,f,50 bis unter 51 Jahre,26136
2017,Schleswig-Holstein,f,63 bis unter 64 Jahre,18664
2017,Schleswig-Holstein,f,32 bis unter 33 Jahre,15510
2017,Schleswig-Holstein,f,45 bis unter 46 Jahre,18462
2017,Schleswig-Holstein,f,58 bis unter 59 Jahre,21955
2017,Schleswig-Holstein,f,1 bis unter 2 Jahre,12659
2017,Schleswig-Holstein,f,14 bis unter 15 Jahre,13308
2017,Schleswig-Holstein,f,27 bis unter 28 Jahre,16291
2017,Nordrhein-Westfalen,m,30 bis unter 31 Jahre,117511
2017,Nordrhein-Westfalen,m,74 bis unter 75 Jahre,72744
2017,Nordrhein-Westfalen,m,69 bis unter 70 Jahre,84986
2017,Nordrhein-Westfalen,m,56 bis unter 57 Jahre,141756
2017,Nordrhein-Westfalen,m,43 bis unter 44 Jahre,101619
2017,Nordrhein-Westfalen,m,38 bis unter 39 Jahre,103387
2017,Nordrhein-Westfalen,m,25 bis unter 26 Jahre,116107
2017,Nordrhein-Westfalen,m,12 bis unter 13 Jahre,84138
2017,Nordrhein-Westfalen,m,60 bis unter 61 Jahre,123384
2017,Nordrhein-Westfalen,m,7 bis unter 8 Jahre,82081
2017,Nordrhein-Westfalen,m,9 bis unter 10 Jahre,83838
2017,Nordrhein-Westfalen,m,62 bis unter 63 Jahre,111470
2017,Nordrhein-Westfalen,m,unter 1 Jahr,88393
2017,Nordrhein-Westfalen,m,57 bis unter 58 Jahre,138158
2017,Nordrhein-Westfalen,m,44 bis unter 45 Jahre,103092
2017,Nordrhein-Westfalen,m,31 bis unter 32 Jahre,114423
2017,Nordrhein-Westfalen,m,26 bis unter 27 Jahre,117978
2017,Nordrhein-Westfalen,m,13 bis unter 14 Jahre,85921
2017,Nordrhein-Westfalen,m,61 bis unter 62 Jahre,117922
2017,Nordrhein-Westfalen,m,8 bis unter 9 Jahre,80874
2017,Nordrhein-Westfalen,m,39 bis unter 40 Jahre,102404
2017,Nordrhein-Westfalen,m,41 bis unter 42 Jahre,102905
2017,Nordrhein-Westfalen,m,23 bis unter 24 Jahre,111456
2017,Nordrhein-Westfalen,m,10 bis unter 11 Jahre,83394
2017,Nordrhein-Westfalen,m,67 bis unter 68 Jahre,94479
2017,Nordrhein-Westfalen,m,54 bis unter 55 Jahre,152662
2017,Nordrhein-Westfalen,m,49 bis unter 50 Jahre,147535
2017,Nordrhein-Westfalen,m,36 bis unter 37 Jahre,109603
2017,Nordrhein-Westfalen,m,71 bis unter 72 Jahre,69577
2017,Nordrhein-Westfalen,m,18 bis unter 19 Jahre,100418
2017,Nordrhein-Westfalen,m,5 bis unter 6 Jahre,81506
2017,Nordrhein-Westfalen,m,42 bis unter 43 Jahre,100558
2017,Nordrhein-Westfalen,m,73 bis unter 74 Jahre,73615
2017,Nordrhein-Westfalen,m,11 bis unter 12 Jahre,82759
2017,Nordrhein-Westfalen,m,68 bis unter 69 Jahre,94070
2017,Nordrhein-Westfalen,m,55 bis unter 56 Jahre,145740
2017,Nordrhein-Westfalen,m,37 bis unter 38 Jahre,109685
2017,Nordrhein-Westfalen,m,24 bis unter 25 Jahre,114804
2017,Nordrhein-Westfalen,m,72 bis unter 73 Jahre,57048
2017,Nordrhein-Westfalen,m,19 bis unter 20 Jahre,104176
2017,Nordrhein-Westfalen,m,6 bis unter 7 Jahre,79541
2017,Nordrhein-Westfalen,m,65 bis unter 66 Jahre,99184
2017,Nordrhein-Westfalen,m,52 bis unter 53 Jahre,154208
2017,Nordrhein-Westfalen,m,34 bis unter 35 Jahre,109060
2017,Nordrhein-Westfalen,m,21 bis unter 22 Jahre,109789
2017,Nordrhein-Westfalen,m,3 bis unter 4 Jahre,84972
2017,Nordrhein-Westfalen,m,47 bis unter 48 Jahre,128480
2017,Nordrhein-Westfalen,m,29 bis unter 30 Jahre,120452
2017,Nordrhein-Westfalen,m,90 Jahre und mehr,40999
2017,Nordrhein-Westfalen,m,16 bis unter 17 Jahre,92187
2017,Nordrhein-Westfalen,m,53 bis unter 54 Jahre,156140
2017,Nordrhein-Westfalen,m,40 bis unter 41 Jahre,103158
2017,Nordrhein-Westfalen,m,22 bis unter 23 Jahre,108617
2017,Nordrhein-Westfalen,m,66 bis unter 67 Jahre,95046
2017,Nordrhein-Westfalen,m,4 bis unter 5 Jahre,81760
2017,Nordrhein-Westfalen,m,80 bis unter 85 Jahre,254571
2017,Nordrhein-Westfalen,m,48 bis unter 49 Jahre,140902
2017,Nordrhein-Westfalen,m,35 bis unter 36 Jahre,111253
2017,Nordrhein-Westfalen,m,70 bis unter 71 Jahre,77477
2017,Nordrhein-Westfalen,m,17 bis unter 18 Jahre,97728
2017,Nordrhein-Westfalen,m,75 bis unter 80 Jahre,385935
2017,Nordrhein-Westfalen,m,63 bis unter 64 Jahre,107880
2017,Nordrhein-Westfalen,m,50 bis unter 51 Jahre,151504
2017,Nordrhein-Westfalen,m,45 bis unter 46 Jahre,111786
2017,Nordrhein-Westfalen,m,32 bis unter 33 Jahre,109817
2017,Nordrhein-Westfalen,m,27 bis unter 28 Jahre,122712
2017,Nordrhein-Westfalen,m,14 bis unter 15 Jahre,87058
2017,Nordrhein-Westfalen,m,1 bis unter 2 Jahre,89091
2017,Nordrhein-Westfalen,m,58 bis unter 59 Jahre,133992
2017,Nordrhein-Westfalen,m,64 bis unter 65 Jahre,101243
2017,Nordrhein-Westfalen,m,51 bis unter 52 Jahre,154963
2017,Nordrhein-Westfalen,m,46 bis unter 47 Jahre,122293
2017,Nordrhein-Westfalen,m,33 bis unter 34 Jahre,109187
2017,Nordrhein-Westfalen,m,20 bis unter 21 Jahre,109953
2017,Nordrhein-Westfalen,m,15 bis unter 16 Jahre,89056
2017,Nordrhein-Westfalen,m,85 bis unter 90 Jahre,116163
2017,Nordrhein-Westfalen,m,2 bis unter 3 Jahre,86357
2017,Nordrhein-Westfalen,m,59 bis unter 60 Jahre,126735
2017,Nordrhein-Westfalen,m,28 bis unter 29 Jahre,118154
2017,Nordrhein-Westfalen,f,24 bis unter 25 Jahre,106147
2017,Nordrhein-Westfalen,f,37 bis unter 38 Jahre,110792
2017,Nordrhein-Westfalen,f,85 bis unter 90 Jahre,213021
2017,Nordrhein-Westfalen,f,11 bis unter 12 Jahre,77842
2017,Nordrhein-Westfalen,f,68 bis unter 69 Jahre,103681
2017,Nordrhein-Westfalen,f,55 bis unter 56 Jahre,145408
2017,Nordrhein-Westfalen,f,41 bis unter 42 Jahre,104809
2017,Nordrhein-Westfalen,f,54 bis unter 55 Jahre,151331
2017,Nordrhein-Westfalen,f,72 bis unter 73 Jahre,67834
2017,Nordrhein-Westfalen,f,19 bis unter 20 Jahre,94133
2017,Nordrhein-Westfalen,f,6 bis unter 7 Jahre,75285
2017,Nordrhein-Westfalen,f,5 bis unter 6 Jahre,77244
2017,Nordrhein-Westfalen,f,36 bis unter 37 Jahre,109543
2017,Nordrhein-Westfalen,f,49 bis unter 50 Jahre,146953
2017,Nordrhein-Westfalen,f,23 bis unter 24 Jahre,101622
2017,Nordrhein-Westfalen,f,10 bis unter 11 Jahre,78671
2017,Nordrhein-Westfalen,f,67 bis unter 68 Jahre,104681
2017,Nordrhein-Westfalen,f,53 bis unter 54 Jahre,154002
2017,Nordrhein-Westfalen,f,40 bis unter 41 Jahre,103847
2017,Nordrhein-Westfalen,f,71 bis unter 72 Jahre,79839
2017,Nordrhein-Westfalen,f,18 bis unter 19 Jahre,90786
2017,Nordrhein-Westfalen,f,4 bis unter 5 Jahre,76329
2017,Nordrhein-Westfalen,f,48 bis unter 49 Jahre,140662
2017,Nordrhein-Westfalen,f,22 bis unter 23 Jahre,98721
2017,Nordrhein-Westfalen,f,35 bis unter 36 Jahre,109886
2017,Nordrhein-Westfalen,f,66 bis unter 67 Jahre,105438
2017,Nordrhein-Westfalen,f,65 bis unter 66 Jahre,109394
2017,Nordrhein-Westfalen,f,52 bis unter 53 Jahre,152303
2017,Nordrhein-Westfalen,f,70 bis unter 71 Jahre,87099
2017,Nordrhein-Westfalen,f,17 bis unter 18 Jahre,89911
2017,Nordrhein-Westfalen,f,16 bis unter 17 Jahre,85554
2017,Nordrhein-Westfalen,f,3 bis unter 4 Jahre,80246
2017,Nordrhein-Westfalen,f,34 bis unter 35 Jahre,107208
2017,Nordrhein-Westfalen,f,47 bis unter 48 Jahre,128723
2017,Nordrhein-Westfalen,f,21 bis unter 22 Jahre,100078
2017,Nordrhein-Westfalen,f,64 bis unter 65 Jahre,110635
2017,Nordrhein-Westfalen,f,51 bis unter 52 Jahre,153264
2017,Nordrhein-Westfalen,f,29 bis unter 30 Jahre,114029
2017,Nordrhein-Westfalen,f,15 bis unter 16 Jahre,83377
2017,Nordrhein-Westfalen,f,28 bis unter 29 Jahre,112269
2017,Nordrhein-Westfalen,f,59 bis unter 60 Jahre,129387
2017,Nordrhein-Westfalen,f,2 bis unter 3 Jahre,81335
2017,Nordrhein-Westfalen,f,46 bis unter 47 Jahre,123843
2017,Nordrhein-Westfalen,f,20 bis unter 21 Jahre,99696
2017,Nordrhein-Westfalen,f,33 bis unter 34 Jahre,106393
2017,Nordrhein-Westfalen,f,63 bis unter 64 Jahre,115893
2017,Nordrhein-Westfalen,f,50 bis unter 51 Jahre,149968
2017,Nordrhein-Westfalen,f,27 bis unter 28 Jahre,114592
2017,Nordrhein-Westfalen,f,1 bis unter 2 Jahre,84919
2017,Nordrhein-Westfalen,f,14 bis unter 15 Jahre,81386
2017,Nordrhein-Westfalen,f,45 bis unter 46 Jahre,113139
2017,Nordrhein-Westfalen,f,58 bis unter 59 Jahre,136594
2017,Nordrhein-Westfalen,f,32 bis unter 33 Jahre,106788
2017,Nordrhein-Westfalen,f,31 bis unter 32 Jahre,110583
2017,Nordrhein-Westfalen,f,62 bis unter 63 Jahre,117998
2017,Nordrhein-Westfalen,f,9 bis unter 10 Jahre,78759
2017,Nordrhein-Westfalen,f,90 Jahre und mehr,125685
2017,Nordrhein-Westfalen,f,39 bis unter 40 Jahre,104220
2017,Nordrhein-Westfalen,f,13 bis unter 14 Jahre,81012
2017,Nordrhein-Westfalen,f,26 bis unter 27 Jahre,110789
2017,Nordrhein-Westfalen,f,57 bis unter 58 Jahre,140234
2017,Nordrhein-Westfalen,f,unter 1 Jahr,83129
2017,Nordrhein-Westfalen,f,75 bis unter 80 Jahre,488779
2017,Nordrhein-Westfalen,f,44 bis unter 45 Jahre,105258
2017,Nordrhein-Westfalen,f,30 bis unter 31 Jahre,111747
2017,Nordrhein-Westfalen,f,74 bis unter 75 Jahre,86594
2017,Nordrhein-Westfalen,f,8 bis unter 9 Jahre,76221
2017,Nordrhein-Westfalen,f,61 bis unter 62 Jahre,121800
2017,Nordrhein-Westfalen,f,38 bis unter 39 Jahre,105428
2017,Nordrhein-Westfalen,f,25 bis unter 26 Jahre,107763
2017,Nordrhein-Westfalen,f,69 bis unter 70 Jahre,94707
2017,Nordrhein-Westfalen,f,80 bis unter 85 Jahre,368887
2017,Nordrhein-Westfalen,f,12 bis unter 13 Jahre,78841
2017,Nordrhein-Westfalen,f,43 bis unter 44 Jahre,103995
2017,Nordrhein-Westfalen,f,56 bis unter 57 Jahre,143393
2017,Nordrhein-Westfalen,f,42 bis unter 43 Jahre,102141
2017,Nordrhein-Westfalen,f,60 bis unter 61 Jahre,126042
2017,Nordrhein-Westfalen,f,73 bis unter 74 Jahre,86901
2017,Nordrhein-Westfalen,f,7 bis unter 8 Jahre,77119
2017,Sachsen-Anhalt,m,64 bis unter 65 Jahre,16977
2017,Sachsen-Anhalt,m,33 bis unter 34 Jahre,14130
2017,Sachsen-Anhalt,m,20 bis unter 21 Jahre,9616
2017,Sachsen-Anhalt,m,46 bis unter 47 Jahre,16181
2017,Sachsen-Anhalt,m,2 bis unter 3 Jahre,9338
2017,Sachsen-Anhalt,m,59 bis unter 60 Jahre,17669
2017,Sachsen-Anhalt,m,16 bis unter 17 Jahre,9233
2017,Sachsen-Anhalt,m,3 bis unter 4 Jahre,9592
2017,Sachsen-Anhalt,m,29 bis unter 30 Jahre,14881
2017,Sachsen-Anhalt,m,51 bis unter 52 Jahre,18358
2017,Sachsen-Anhalt,m,65 bis unter 66 Jahre,16849
2017,Sachsen-Anhalt,m,21 bis unter 22 Jahre,9305
2017,Sachsen-Anhalt,m,34 bis unter 35 Jahre,14354
2017,Sachsen-Anhalt,m,47 bis unter 48 Jahre,16063
2017,Sachsen-Anhalt,m,4 bis unter 5 Jahre,9284
2017,Sachsen-Anhalt,m,70 bis unter 71 Jahre,10896
2017,Sachsen-Anhalt,m,90 Jahre und mehr,4688
2017,Sachsen-Anhalt,m,17 bis unter 18 Jahre,9786
2017,Sachsen-Anhalt,m,52 bis unter 53 Jahre,19037
2017,Sachsen-Anhalt,m,53 bis unter 54 Jahre,19756
2017,Sachsen-Anhalt,m,66 bis unter 67 Jahre,15769
2017,Sachsen-Anhalt,m,35 bis unter 36 Jahre,14162
2017,Sachsen-Anhalt,m,80 bis unter 85 Jahre,36801
2017,Sachsen-Anhalt,m,22 bis unter 23 Jahre,8791
2017,Sachsen-Anhalt,m,48 bis unter 49 Jahre,16566
2017,Sachsen-Anhalt,m,49 bis unter 50 Jahre,16988
2017,Sachsen-Anhalt,m,18 bis unter 19 Jahre,9740
2017,Sachsen-Anhalt,m,71 bis unter 72 Jahre,8673
2017,Sachsen-Anhalt,m,5 bis unter 6 Jahre,9320
2017,Sachsen-Anhalt,m,40 bis unter 41 Jahre,13066
2017,Sachsen-Anhalt,m,54 bis unter 55 Jahre,20526
2017,Sachsen-Anhalt,m,41 bis unter 42 Jahre,11720
2017,Sachsen-Anhalt,m,10 bis unter 11 Jahre,9200
2017,Sachsen-Anhalt,m,67 bis unter 68 Jahre,15469
2017,Sachsen-Anhalt,m,23 bis unter 24 Jahre,8524
2017,Sachsen-Anhalt,m,36 bis unter 37 Jahre,14121
2017,Sachsen-Anhalt,m,6 bis unter 7 Jahre,9190
2017,Sachsen-Anhalt,m,19 bis unter 20 Jahre,9217
2017,Sachsen-Anhalt,m,72 bis unter 73 Jahre,8602
2017,Sachsen-Anhalt,m,85 bis unter 90 Jahre,15292
2017,Sachsen-Anhalt,m,42 bis unter 43 Jahre,11335
2017,Sachsen-Anhalt,m,55 bis unter 56 Jahre,19957
2017,Sachsen-Anhalt,m,11 bis unter 12 Jahre,8994
2017,Sachsen-Anhalt,m,68 bis unter 69 Jahre,13416
2017,Sachsen-Anhalt,m,37 bis unter 38 Jahre,14330
2017,Sachsen-Anhalt,m,24 bis unter 25 Jahre,8547
2017,Sachsen-Anhalt,m,38 bis unter 39 Jahre,13735
2017,Sachsen-Anhalt,m,73 bis unter 74 Jahre,11851
2017,Sachsen-Anhalt,m,7 bis unter 8 Jahre,9288
2017,Sachsen-Anhalt,m,60 bis unter 61 Jahre,17147
2017,Sachsen-Anhalt,m,75 bis unter 80 Jahre,63036
2017,Sachsen-Anhalt,m,30 bis unter 31 Jahre,14623
2017,Sachsen-Anhalt,m,56 bis unter 57 Jahre,20023
2017,Sachsen-Anhalt,m,43 bis unter 44 Jahre,11430
2017,Sachsen-Anhalt,m,12 bis unter 13 Jahre,8811
2017,Sachsen-Anhalt,m,69 bis unter 70 Jahre,11275
2017,Sachsen-Anhalt,m,25 bis unter 26 Jahre,8937
2017,Sachsen-Anhalt,m,39 bis unter 40 Jahre,13604
2017,Sachsen-Anhalt,m,26 bis unter 27 Jahre,9880
2017,Sachsen-Anhalt,m,8 bis unter 9 Jahre,9259
2017,Sachsen-Anhalt,m,61 bis unter 62 Jahre,17059
2017,Sachsen-Anhalt,m,74 bis unter 75 Jahre,12117
2017,Sachsen-Anhalt,m,31 bis unter 32 Jahre,14218
2017,Sachsen-Anhalt,m,44 bis unter 45 Jahre,11961
2017,Sachsen-Anhalt,m,unter 1 Jahr,9207
2017,Sachsen-Anhalt,m,57 bis unter 58 Jahre,19524
2017,Sachsen-Anhalt,m,13 bis unter 14 Jahre,8949
2017,Sachsen-Anhalt,m,27 bis unter 28 Jahre,14221
2017,Sachsen-Anhalt,m,9 bis unter 10 Jahre,9516
2017,Sachsen-Anhalt,m,62 bis unter 63 Jahre,17827
2017,Sachsen-Anhalt,m,32 bis unter 33 Jahre,14139
2017,Sachsen-Anhalt,m,58 bis unter 59 Jahre,18748
2017,Sachsen-Anhalt,m,45 bis unter 46 Jahre,13633
2017,Sachsen-Anhalt,m,14 bis unter 15 Jahre,8696
2017,Sachsen-Anhalt,m,1 bis unter 2 Jahre,9521
2017,Sachsen-Anhalt,m,15 bis unter 16 Jahre,9104
2017,Sachsen-Anhalt,m,28 bis unter 29 Jahre,14315
2017,Sachsen-Anhalt,m,50 bis unter 51 Jahre,17575
2017,Sachsen-Anhalt,m,63 bis unter 64 Jahre,17338
2017,Sachsen-Anhalt,f,27 bis unter 28 Jahre,11999
2017,Sachsen-Anhalt,f,1 bis unter 2 Jahre,8930
2017,Sachsen-Anhalt,f,58 bis unter 59 Jahre,19192
2017,Sachsen-Anhalt,f,14 bis unter 15 Jahre,8047
2017,Sachsen-Anhalt,f,32 bis unter 33 Jahre,12490
2017,Sachsen-Anhalt,f,45 bis unter 46 Jahre,12291
2017,Sachsen-Anhalt,f,50 bis unter 51 Jahre,16882
2017,Sachsen-Anhalt,f,63 bis unter 64 Jahre,18004
2017,Sachsen-Anhalt,f,39 bis unter 40 Jahre,12041
2017,Sachsen-Anhalt,f,unter 1 Jahr,8695
2017,Sachsen-Anhalt,f,57 bis unter 58 Jahre,19287
2017,Sachsen-Anhalt,f,13 bis unter 14 Jahre,8329
2017,Sachsen-Anhalt,f,26 bis unter 27 Jahre,8649
2017,Sachsen-Anhalt,f,31 bis unter 32 Jahre,12535
2017,Sachsen-Anhalt,f,44 bis unter 45 Jahre,10580
2017,Sachsen-Anhalt,f,62 bis unter 63 Jahre,18356
2017,Sachsen-Anhalt,f,9 bis unter 10 Jahre,8988
2017,Sachsen-Anhalt,f,16 bis unter 17 Jahre,8337
2017,Sachsen-Anhalt,f,29 bis unter 30 Jahre,13046
2017,Sachsen-Anhalt,f,34 bis unter 35 Jahre,12534
2017,Sachsen-Anhalt,f,47 bis unter 48 Jahre,14987
2017,Sachsen-Anhalt,f,3 bis unter 4 Jahre,8880
2017,Sachsen-Anhalt,f,65 bis unter 66 Jahre,18105
2017,Sachsen-Anhalt,f,80 bis unter 85 Jahre,58225
2017,Sachsen-Anhalt,f,21 bis unter 22 Jahre,7994
2017,Sachsen-Anhalt,f,52 bis unter 53 Jahre,18530
2017,Sachsen-Anhalt,f,28 bis unter 29 Jahre,12558
2017,Sachsen-Anhalt,f,46 bis unter 47 Jahre,14544
2017,Sachsen-Anhalt,f,59 bis unter 60 Jahre,17885
2017,Sachsen-Anhalt,f,2 bis unter 3 Jahre,8977
2017,Sachsen-Anhalt,f,15 bis unter 16 Jahre,8233
2017,Sachsen-Anhalt,f,20 bis unter 21 Jahre,8370
2017,Sachsen-Anhalt,f,33 bis unter 34 Jahre,12609
2017,Sachsen-Anhalt,f,51 bis unter 52 Jahre,17533
2017,Sachsen-Anhalt,f,64 bis unter 65 Jahre,18387
2017,Sachsen-Anhalt,f,5 bis unter 6 Jahre,8926
2017,Sachsen-Anhalt,f,18 bis unter 19 Jahre,8085
2017,Sachsen-Anhalt,f,71 bis unter 72 Jahre,10139
2017,Sachsen-Anhalt,f,23 bis unter 24 Jahre,7310
2017,Sachsen-Anhalt,f,36 bis unter 37 Jahre,12282
2017,Sachsen-Anhalt,f,49 bis unter 50 Jahre,15966
2017,Sachsen-Anhalt,f,54 bis unter 55 Jahre,19991
2017,Sachsen-Anhalt,f,67 bis unter 68 Jahre,17065
2017,Sachsen-Anhalt,f,10 bis unter 11 Jahre,8681
2017,Sachsen-Anhalt,f,75 bis unter 80 Jahre,82620
2017,Sachsen-Anhalt,f,72 bis unter 73 Jahre,10395
2017,Sachsen-Anhalt,f,41 bis unter 42 Jahre,10358
2017,Sachsen-Anhalt,f,4 bis unter 5 Jahre,8821
2017,Sachsen-Anhalt,f,17 bis unter 18 Jahre,8439
2017,Sachsen-Anhalt,f,70 bis unter 71 Jahre,12613
2017,Sachsen-Anhalt,f,90 Jahre und mehr,17245
2017,Sachsen-Anhalt,f,35 bis unter 36 Jahre,12352
2017,Sachsen-Anhalt,f,48 bis unter 49 Jahre,15558
2017,Sachsen-Anhalt,f,53 bis unter 54 Jahre,19426
2017,Sachsen-Anhalt,f,66 bis unter 67 Jahre,17498
2017,Sachsen-Anhalt,f,85 bis unter 90 Jahre,32502
2017,Sachsen-Anhalt,f,22 bis unter 23 Jahre,7422
2017,Sachsen-Anhalt,f,40 bis unter 41 Jahre,11581
2017,Sachsen-Anhalt,f,60 bis unter 61 Jahre,17844
2017,Sachsen-Anhalt,f,7 bis unter 8 Jahre,8942
2017,Sachsen-Anhalt,f,69 bis unter 70 Jahre,12924
2017,Sachsen-Anhalt,f,12 bis unter 13 Jahre,8503
2017,Sachsen-Anhalt,f,25 bis unter 26 Jahre,7929
2017,Sachsen-Anhalt,f,38 bis unter 39 Jahre,11990
2017,Sachsen-Anhalt,f,30 bis unter 31 Jahre,13063
2017,Sachsen-Anhalt,f,43 bis unter 44 Jahre,10308
2017,Sachsen-Anhalt,f,56 bis unter 57 Jahre,19955
2017,Sachsen-Anhalt,f,61 bis unter 62 Jahre,18310
2017,Sachsen-Anhalt,f,8 bis unter 9 Jahre,8717
2017,Sachsen-Anhalt,f,74 bis unter 75 Jahre,14747
2017,Sachsen-Anhalt,f,6 bis unter 7 Jahre,8673
2017,Sachsen-Anhalt,f,19 bis unter 20 Jahre,8232
2017,Sachsen-Anhalt,f,11 bis unter 12 Jahre,8128
2017,Sachsen-Anhalt,f,24 bis unter 25 Jahre,7361
2017,Sachsen-Anhalt,f,37 bis unter 38 Jahre,12587
2017,Sachsen-Anhalt,f,42 bis unter 43 Jahre,9786
2017,Sachsen-Anhalt,f,55 bis unter 56 Jahre,20100
2017,Sachsen-Anhalt,f,68 bis unter 69 Jahre,15342
2017,Sachsen-Anhalt,f,73 bis unter 74 Jahre,14460
2017,Sachsen,m,71 bis unter 72 Jahre,13939
2017,Sachsen,m,18 bis unter 19 Jahre,17469
2017,Sachsen,m,5 bis unter 6 Jahre,18878
2017,Sachsen,m,53 bis unter 54 Jahre,33184
2017,Sachsen,m,40 bis unter 41 Jahre,26485
2017,Sachsen,m,23 bis unter 24 Jahre,16040
2017,Sachsen,m,10 bis unter 11 Jahre,17911
2017,Sachsen,m,67 bis unter 68 Jahre,27734
2017,Sachsen,m,49 bis unter 50 Jahre,28787
2017,Sachsen,m,36 bis unter 37 Jahre,27604
2017,Sachsen,m,70 bis unter 71 Jahre,18521
2017,Sachsen,m,17 bis unter 18 Jahre,17608
2017,Sachsen,m,65 bis unter 66 Jahre,28922
2017,Sachsen,m,52 bis unter 53 Jahre,32397
2017,Sachsen,m,35 bis unter 36 Jahre,28534
2017,Sachsen,m,22 bis unter 23 Jahre,16238
2017,Sachsen,m,66 bis unter 67 Jahre,29041
2017,Sachsen,m,4 bis unter 5 Jahre,18988
2017,Sachsen,m,48 bis unter 49 Jahre,28416
2017,Sachsen,m,73 bis unter 74 Jahre,23196
2017,Sachsen,m,60 bis unter 61 Jahre,28027
2017,Sachsen,m,7 bis unter 8 Jahre,18657
2017,Sachsen,m,42 bis unter 43 Jahre,22526
2017,Sachsen,m,12 bis unter 13 Jahre,17034
2017,Sachsen,m,69 bis unter 70 Jahre,19054
2017,Sachsen,m,56 bis unter 57 Jahre,32723
2017,Sachsen,m,43 bis unter 44 Jahre,22336
2017,Sachsen,m,38 bis unter 39 Jahre,27267
2017,Sachsen,m,25 bis unter 26 Jahre,17186
2017,Sachsen,m,72 bis unter 73 Jahre,15911
2017,Sachsen,m,19 bis unter 20 Jahre,17046
2017,Sachsen,m,6 bis unter 7 Jahre,18641
2017,Sachsen,m,54 bis unter 55 Jahre,33900
2017,Sachsen,m,41 bis unter 42 Jahre,23433
2017,Sachsen,m,11 bis unter 12 Jahre,17025
2017,Sachsen,m,68 bis unter 69 Jahre,24030
2017,Sachsen,m,55 bis unter 56 Jahre,33219
2017,Sachsen,m,37 bis unter 38 Jahre,28137
2017,Sachsen,m,24 bis unter 25 Jahre,16530
2017,Sachsen,m,31 bis unter 32 Jahre,28067
2017,Sachsen,m,62 bis unter 63 Jahre,29040
2017,Sachsen,m,9 bis unter 10 Jahre,18403
2017,Sachsen,m,58 bis unter 59 Jahre,30872
2017,Sachsen,m,45 bis unter 46 Jahre,24754
2017,Sachsen,m,32 bis unter 33 Jahre,28623
2017,Sachsen,m,27 bis unter 28 Jahre,27770
2017,Sachsen,m,90 Jahre und mehr,10681
2017,Sachsen,m,14 bis unter 15 Jahre,16549
2017,Sachsen,m,1 bis unter 2 Jahre,19498
2017,Sachsen,m,61 bis unter 62 Jahre,28362
2017,Sachsen,m,8 bis unter 9 Jahre,18418
2017,Sachsen,m,30 bis unter 31 Jahre,29600
2017,Sachsen,m,74 bis unter 75 Jahre,22365
2017,Sachsen,m,unter 1 Jahr,18841
2017,Sachsen,m,57 bis unter 58 Jahre,31390
2017,Sachsen,m,44 bis unter 45 Jahre,22633
2017,Sachsen,m,39 bis unter 40 Jahre,27061
2017,Sachsen,m,26 bis unter 27 Jahre,19643
2017,Sachsen,m,13 bis unter 14 Jahre,17171
2017,Sachsen,m,85 bis unter 90 Jahre,31351
2017,Sachsen,m,29 bis unter 30 Jahre,29153
2017,Sachsen,m,64 bis unter 65 Jahre,28458
2017,Sachsen,m,51 bis unter 52 Jahre,31032
2017,Sachsen,m,34 bis unter 35 Jahre,28007
2017,Sachsen,m,21 bis unter 22 Jahre,16913
2017,Sachsen,m,16 bis unter 17 Jahre,16853
2017,Sachsen,m,3 bis unter 4 Jahre,19245
2017,Sachsen,m,47 bis unter 48 Jahre,28579
2017,Sachsen,m,50 bis unter 51 Jahre,29703
2017,Sachsen,m,28 bis unter 29 Jahre,28629
2017,Sachsen,m,63 bis unter 64 Jahre,28368
2017,Sachsen,m,46 bis unter 47 Jahre,28819
2017,Sachsen,m,75 bis unter 80 Jahre,113023
2017,Sachsen,m,33 bis unter 34 Jahre,27793
2017,Sachsen,m,20 bis unter 21 Jahre,17347
2017,Sachsen,m,15 bis unter 16 Jahre,16361
2017,Sachsen,m,2 bis unter 3 Jahre,19450
2017,Sachsen,m,59 bis unter 60 Jahre,28244
2017,Sachsen,m,80 bis unter 85 Jahre,70571
2017,Sachsen,f,34 bis unter 35 Jahre,25140
2017,Sachsen,f,47 bis unter 48 Jahre,25556
2017,Sachsen,f,21 bis unter 22 Jahre,15533
2017,Sachsen,f,65 bis unter 66 Jahre,31257
2017,Sachsen,f,52 bis unter 53 Jahre,30792
2017,Sachsen,f,70 bis unter 71 Jahre,21936
2017,Sachsen,f,17 bis unter 18 Jahre,16067
2017,Sachsen,f,4 bis unter 5 Jahre,17665
2017,Sachsen,f,48 bis unter 49 Jahre,26049
2017,Sachsen,f,75 bis unter 80 Jahre,147374
2017,Sachsen,f,35 bis unter 36 Jahre,25135
2017,Sachsen,f,22 bis unter 23 Jahre,14499
2017,Sachsen,f,53 bis unter 54 Jahre,32629
2017,Sachsen,f,66 bis unter 67 Jahre,32216
2017,Sachsen,f,40 bis unter 41 Jahre,23322
2017,Sachsen,f,71 bis unter 72 Jahre,16237
2017,Sachsen,f,18 bis unter 19 Jahre,15612
2017,Sachsen,f,5 bis unter 6 Jahre,17930
2017,Sachsen,f,80 bis unter 85 Jahre,105393
2017,Sachsen,f,36 bis unter 37 Jahre,24403
2017,Sachsen,f,49 bis unter 50 Jahre,26690
2017,Sachsen,f,1 bis unter 2 Jahre,18572
2017,Sachsen,f,58 bis unter 59 Jahre,31276
2017,Sachsen,f,32 bis unter 33 Jahre,25403
2017,Sachsen,f,45 bis unter 46 Jahre,21614
2017,Sachsen,f,63 bis unter 64 Jahre,30683
2017,Sachsen,f,50 bis unter 51 Jahre,27662
2017,Sachsen,f,28 bis unter 29 Jahre,25385
2017,Sachsen,f,85 bis unter 90 Jahre,61716
2017,Sachsen,f,15 bis unter 16 Jahre,15627
2017,Sachsen,f,59 bis unter 60 Jahre,29084
2017,Sachsen,f,2 bis unter 3 Jahre,18232
2017,Sachsen,f,46 bis unter 47 Jahre,25392
2017,Sachsen,f,33 bis unter 34 Jahre,25076
2017,Sachsen,f,20 bis unter 21 Jahre,16028
2017,Sachsen,f,51 bis unter 52 Jahre,29716
2017,Sachsen,f,64 bis unter 65 Jahre,30867
2017,Sachsen,f,29 bis unter 30 Jahre,26203
2017,Sachsen,f,16 bis unter 17 Jahre,15405
2017,Sachsen,f,3 bis unter 4 Jahre,18380
2017,Sachsen,f,12 bis unter 13 Jahre,16249
2017,Sachsen,f,69 bis unter 70 Jahre,21685
2017,Sachsen,f,56 bis unter 57 Jahre,32685
2017,Sachsen,f,30 bis unter 31 Jahre,26557
2017,Sachsen,f,43 bis unter 44 Jahre,19508
2017,Sachsen,f,74 bis unter 75 Jahre,27709
2017,Sachsen,f,61 bis unter 62 Jahre,29505
2017,Sachsen,f,8 bis unter 9 Jahre,17149
2017,Sachsen,f,39 bis unter 40 Jahre,24069
2017,Sachsen,f,26 bis unter 27 Jahre,17600
2017,Sachsen,f,13 bis unter 14 Jahre,16435
2017,Sachsen,f,57 bis unter 58 Jahre,31333
2017,Sachsen,f,unter 1 Jahr,18040
2017,Sachsen,f,44 bis unter 45 Jahre,19806
2017,Sachsen,f,31 bis unter 32 Jahre,25677
2017,Sachsen,f,9 bis unter 10 Jahre,17496
2017,Sachsen,f,62 bis unter 63 Jahre,30686
2017,Sachsen,f,27 bis unter 28 Jahre,24737
2017,Sachsen,f,14 bis unter 15 Jahre,15913
2017,Sachsen,f,23 bis unter 24 Jahre,14297
2017,Sachsen,f,10 bis unter 11 Jahre,16948
2017,Sachsen,f,67 bis unter 68 Jahre,30810
2017,Sachsen,f,54 bis unter 55 Jahre,32770
2017,Sachsen,f,41 bis unter 42 Jahre,21106
2017,Sachsen,f,72 bis unter 73 Jahre,19458
2017,Sachsen,f,19 bis unter 20 Jahre,15659
2017,Sachsen,f,6 bis unter 7 Jahre,17538
2017,Sachsen,f,37 bis unter 38 Jahre,25018
2017,Sachsen,f,90 Jahre und mehr,36804
2017,Sachsen,f,24 bis unter 25 Jahre,14700
2017,Sachsen,f,11 bis unter 12 Jahre,16262
2017,Sachsen,f,55 bis unter 56 Jahre,32270
2017,Sachsen,f,68 bis unter 69 Jahre,27008
2017,Sachsen,f,42 bis unter 43 Jahre,19876
2017,Sachsen,f,73 bis unter 74 Jahre,27916
2017,Sachsen,f,7 bis unter 8 Jahre,17924
2017,Sachsen,f,60 bis unter 61 Jahre,29009
2017,Sachsen,f,38 bis unter 39 Jahre,23784
2017,Sachsen,f,25 bis unter 26 Jahre,15342
2017,Baden-Württemberg,m,9 bis unter 10 Jahre,51668
2017,Baden-Württemberg,m,62 bis unter 63 Jahre,66236
2017,Baden-Württemberg,m,75 bis unter 80 Jahre,234617
2017,Baden-Württemberg,m,14 bis unter 15 Jahre,54277
2017,Baden-Württemberg,m,27 bis unter 28 Jahre,80626
2017,Baden-Württemberg,m,45 bis unter 46 Jahre,70796
2017,Baden-Württemberg,m,58 bis unter 59 Jahre,80099
2017,Baden-Württemberg,m,1 bis unter 2 Jahre,55804
2017,Baden-Württemberg,m,32 bis unter 33 Jahre,73363
2017,Baden-Württemberg,m,90 Jahre und mehr,26152
2017,Baden-Württemberg,m,50 bis unter 51 Jahre,91358
2017,Baden-Württemberg,m,63 bis unter 64 Jahre,62814
2017,Baden-Württemberg,m,15 bis unter 16 Jahre,55347
2017,Baden-Württemberg,m,28 bis unter 29 Jahre,78738
2017,Baden-Württemberg,m,33 bis unter 34 Jahre,72630
2017,Baden-Württemberg,m,46 bis unter 47 Jahre,76566
2017,Baden-Württemberg,m,59 bis unter 60 Jahre,75884
2017,Baden-Württemberg,m,2 bis unter 3 Jahre,53413
2017,Baden-Württemberg,m,64 bis unter 65 Jahre,59463
2017,Baden-Württemberg,m,20 bis unter 21 Jahre,71613
2017,Baden-Württemberg,m,51 bis unter 52 Jahre,93228
2017,Baden-Württemberg,m,3 bis unter 4 Jahre,53009
2017,Baden-Württemberg,m,16 bis unter 17 Jahre,56848
2017,Baden-Württemberg,m,29 bis unter 30 Jahre,80475
2017,Baden-Württemberg,m,34 bis unter 35 Jahre,71266
2017,Baden-Württemberg,m,47 bis unter 48 Jahre,79427
2017,Baden-Württemberg,m,52 bis unter 53 Jahre,92990
2017,Baden-Württemberg,m,65 bis unter 66 Jahre,59113
2017,Baden-Württemberg,m,21 bis unter 22 Jahre,71432
2017,Baden-Württemberg,m,4 bis unter 5 Jahre,51245
2017,Baden-Württemberg,m,70 bis unter 71 Jahre,47065
2017,Baden-Württemberg,m,17 bis unter 18 Jahre,60342
2017,Baden-Württemberg,m,22 bis unter 23 Jahre,71012
2017,Baden-Württemberg,m,35 bis unter 36 Jahre,72963
2017,Baden-Württemberg,m,48 bis unter 49 Jahre,85563
2017,Baden-Württemberg,m,53 bis unter 54 Jahre,94237
2017,Baden-Württemberg,m,66 bis unter 67 Jahre,57064
2017,Baden-Württemberg,m,71 bis unter 72 Jahre,40560
2017,Baden-Württemberg,m,18 bis unter 19 Jahre,63982
2017,Baden-Württemberg,m,40 bis unter 41 Jahre,65879
2017,Baden-Württemberg,m,49 bis unter 50 Jahre,89158
2017,Baden-Württemberg,m,5 bis unter 6 Jahre,50379
2017,Baden-Württemberg,m,10 bis unter 11 Jahre,51713
2017,Baden-Württemberg,m,23 bis unter 24 Jahre,72217
2017,Baden-Württemberg,m,36 bis unter 37 Jahre,71940
2017,Baden-Württemberg,m,41 bis unter 42 Jahre,66172
2017,Baden-Württemberg,m,54 bis unter 55 Jahre,92833
2017,Baden-Württemberg,m,67 bis unter 68 Jahre,56518
2017,Baden-Württemberg,m,72 bis unter 73 Jahre,34094
2017,Baden-Württemberg,m,19 bis unter 20 Jahre,67470
2017,Baden-Württemberg,m,37 bis unter 38 Jahre,72326
2017,Baden-Württemberg,m,6 bis unter 7 Jahre,49460
2017,Baden-Württemberg,m,68 bis unter 69 Jahre,55604
2017,Baden-Württemberg,m,11 bis unter 12 Jahre,51381
2017,Baden-Württemberg,m,24 bis unter 25 Jahre,74422
2017,Baden-Württemberg,m,42 bis unter 43 Jahre,64607
2017,Baden-Württemberg,m,55 bis unter 56 Jahre,89342
2017,Baden-Württemberg,m,7 bis unter 8 Jahre,51069
2017,Baden-Württemberg,m,60 bis unter 61 Jahre,73290
2017,Baden-Württemberg,m,73 bis unter 74 Jahre,44116
2017,Baden-Württemberg,m,80 bis unter 85 Jahre,152736
2017,Baden-Württemberg,m,38 bis unter 39 Jahre,67431
2017,Baden-Württemberg,m,56 bis unter 57 Jahre,86698
2017,Baden-Württemberg,m,69 bis unter 70 Jahre,51402
2017,Baden-Württemberg,m,12 bis unter 13 Jahre,52398
2017,Baden-Württemberg,m,25 bis unter 26 Jahre,75406
2017,Baden-Württemberg,m,30 bis unter 31 Jahre,77028
2017,Baden-Württemberg,m,43 bis unter 44 Jahre,65779
2017,Baden-Württemberg,m,8 bis unter 9 Jahre,50395
2017,Baden-Württemberg,m,61 bis unter 62 Jahre,70524
2017,Baden-Württemberg,m,74 bis unter 75 Jahre,43539
2017,Baden-Württemberg,m,26 bis unter 27 Jahre,76637
2017,Baden-Württemberg,m,39 bis unter 40 Jahre,66139
2017,Baden-Württemberg,m,57 bis unter 58 Jahre,83576
2017,Baden-Württemberg,m,unter 1 Jahr,55068
2017,Baden-Württemberg,m,13 bis unter 14 Jahre,53800
2017,Baden-Württemberg,m,85 bis unter 90 Jahre,70287
2017,Baden-Württemberg,m,31 bis unter 32 Jahre,75729
2017,Baden-Württemberg,m,44 bis unter 45 Jahre,65494
2017,Baden-Württemberg,f,56 bis unter 57 Jahre,86207
2017,Baden-Württemberg,f,43 bis unter 44 Jahre,65720
2017,Baden-Württemberg,f,30 bis unter 31 Jahre,70187
2017,Baden-Württemberg,f,75 bis unter 80 Jahre,288536
2017,Baden-Württemberg,f,74 bis unter 75 Jahre,51098
2017,Baden-Württemberg,f,61 bis unter 62 Jahre,72310
2017,Baden-Württemberg,f,8 bis unter 9 Jahre,47886
2017,Baden-Württemberg,f,39 bis unter 40 Jahre,64871
2017,Baden-Württemberg,f,26 bis unter 27 Jahre,69811
2017,Baden-Württemberg,f,13 bis unter 14 Jahre,50482
2017,Baden-Württemberg,f,unter 1 Jahr,52425
2017,Baden-Württemberg,f,57 bis unter 58 Jahre,83927
2017,Baden-Württemberg,f,68 bis unter 69 Jahre,60902
2017,Baden-Württemberg,f,55 bis unter 56 Jahre,87203
2017,Baden-Württemberg,f,42 bis unter 43 Jahre,63812
2017,Baden-Württemberg,f,73 bis unter 74 Jahre,50322
2017,Baden-Württemberg,f,60 bis unter 61 Jahre,73705
2017,Baden-Württemberg,f,7 bis unter 8 Jahre,48253
2017,Baden-Württemberg,f,85 bis unter 90 Jahre,121600
2017,Baden-Württemberg,f,38 bis unter 39 Jahre,66729
2017,Baden-Württemberg,f,25 bis unter 26 Jahre,67143
2017,Baden-Württemberg,f,12 bis unter 13 Jahre,49861
2017,Baden-Württemberg,f,69 bis unter 70 Jahre,55389
2017,Baden-Württemberg,f,45 bis unter 46 Jahre,70385
2017,Baden-Württemberg,f,32 bis unter 33 Jahre,67846
2017,Baden-Württemberg,f,63 bis unter 64 Jahre,67168
2017,Baden-Württemberg,f,50 bis unter 51 Jahre,88814
2017,Baden-Württemberg,f,28 bis unter 29 Jahre,71378
2017,Baden-Württemberg,f,15 bis unter 16 Jahre,51605
2017,Baden-Württemberg,f,2 bis unter 3 Jahre,51557
2017,Baden-Württemberg,f,59 bis unter 60 Jahre,76090
2017,Baden-Württemberg,f,46 bis unter 47 Jahre,75258
2017,Baden-Württemberg,f,44 bis unter 45 Jahre,65220
2017,Baden-Württemberg,f,31 bis unter 32 Jahre,70338
2017,Baden-Württemberg,f,62 bis unter 63 Jahre,68689
2017,Baden-Württemberg,f,9 bis unter 10 Jahre,49301
2017,Baden-Württemberg,f,27 bis unter 28 Jahre,73032
2017,Baden-Württemberg,f,14 bis unter 15 Jahre,50506
2017,Baden-Württemberg,f,1 bis unter 2 Jahre,52667
2017,Baden-Württemberg,f,58 bis unter 59 Jahre,80095
2017,Baden-Württemberg,f,21 bis unter 22 Jahre,63394
2017,Baden-Württemberg,f,65 bis unter 66 Jahre,64370
2017,Baden-Württemberg,f,52 bis unter 53 Jahre,89888
2017,Baden-Württemberg,f,70 bis unter 71 Jahre,51647
2017,Baden-Württemberg,f,17 bis unter 18 Jahre,55807
2017,Baden-Württemberg,f,4 bis unter 5 Jahre,48318
2017,Baden-Württemberg,f,48 bis unter 49 Jahre,83436
2017,Baden-Württemberg,f,35 bis unter 36 Jahre,69740
2017,Baden-Württemberg,f,33 bis unter 34 Jahre,67853
2017,Baden-Württemberg,f,20 bis unter 21 Jahre,63379
2017,Baden-Württemberg,f,64 bis unter 65 Jahre,64763
2017,Baden-Württemberg,f,51 bis unter 52 Jahre,90743
2017,Baden-Württemberg,f,29 bis unter 30 Jahre,72594
2017,Baden-Württemberg,f,16 bis unter 17 Jahre,52852
2017,Baden-Württemberg,f,3 bis unter 4 Jahre,49722
2017,Baden-Württemberg,f,47 bis unter 48 Jahre,78363
2017,Baden-Württemberg,f,34 bis unter 35 Jahre,68226
2017,Baden-Württemberg,f,10 bis unter 11 Jahre,49663
2017,Baden-Württemberg,f,67 bis unter 68 Jahre,62742
2017,Baden-Württemberg,f,54 bis unter 55 Jahre,89970
2017,Baden-Württemberg,f,41 bis unter 42 Jahre,64539
2017,Baden-Württemberg,f,19 bis unter 20 Jahre,59806
2017,Baden-Württemberg,f,72 bis unter 73 Jahre,38887
2017,Baden-Württemberg,f,6 bis unter 7 Jahre,47140
2017,Baden-Württemberg,f,37 bis unter 38 Jahre,70315
2017,Baden-Württemberg,f,90 Jahre und mehr,72499
2017,Baden-Württemberg,f,24 bis unter 25 Jahre,66714
2017,Baden-Württemberg,f,11 bis unter 12 Jahre,48759
2017,Baden-Württemberg,f,22 bis unter 23 Jahre,63097
2017,Baden-Württemberg,f,66 bis unter 67 Jahre,62111
2017,Baden-Württemberg,f,53 bis unter 54 Jahre,91067
2017,Baden-Württemberg,f,40 bis unter 41 Jahre,64651
2017,Baden-Württemberg,f,80 bis unter 85 Jahre,209202
2017,Baden-Württemberg,f,18 bis unter 19 Jahre,56790
2017,Baden-Württemberg,f,71 bis unter 72 Jahre,45152
2017,Baden-Württemberg,f,5 bis unter 6 Jahre,47673
2017,Baden-Württemberg,f,49 bis unter 50 Jahre,87476
2017,Baden-Württemberg,f,36 bis unter 37 Jahre,69890
2017,Baden-Württemberg,f,23 bis unter 24 Jahre,64518
2017,Niedersachsen,m,17 bis unter 18 Jahre,45402
2017,Niedersachsen,m,70 bis unter 71 Jahre,37096
2017,Niedersachsen,m,52 bis unter 53 Jahre,69467
2017,Niedersachsen,m,65 bis unter 66 Jahre,46686
2017,Niedersachsen,m,66 bis unter 67 Jahre,45834
2017,Niedersachsen,m,75 bis unter 80 Jahre,187497
2017,Niedersachsen,m,22 bis unter 23 Jahre,47812
2017,Niedersachsen,m,35 bis unter 36 Jahre,46728
2017,Niedersachsen,m,48 bis unter 49 Jahre,63325
2017,Niedersachsen,m,4 bis unter 5 Jahre,35566
2017,Niedersachsen,m,5 bis unter 6 Jahre,35481
2017,Niedersachsen,m,18 bis unter 19 Jahre,46746
2017,Niedersachsen,m,71 bis unter 72 Jahre,34073
2017,Niedersachsen,m,85 bis unter 90 Jahre,50576
2017,Niedersachsen,m,40 bis unter 41 Jahre,44564
2017,Niedersachsen,m,53 bis unter 54 Jahre,69335
2017,Niedersachsen,m,54 bis unter 55 Jahre,68526
2017,Niedersachsen,m,67 bis unter 68 Jahre,45941
2017,Niedersachsen,m,10 bis unter 11 Jahre,37312
2017,Niedersachsen,m,23 bis unter 24 Jahre,48297
2017,Niedersachsen,m,36 bis unter 37 Jahre,46615
2017,Niedersachsen,m,49 bis unter 50 Jahre,66644
2017,Niedersachsen,m,6 bis unter 7 Jahre,34983
2017,Niedersachsen,m,72 bis unter 73 Jahre,26658
2017,Niedersachsen,m,19 bis unter 20 Jahre,47432
2017,Niedersachsen,m,41 bis unter 42 Jahre,44601
2017,Niedersachsen,m,55 bis unter 56 Jahre,65607
2017,Niedersachsen,m,68 bis unter 69 Jahre,45151
2017,Niedersachsen,m,11 bis unter 12 Jahre,36984
2017,Niedersachsen,m,24 bis unter 25 Jahre,49660
2017,Niedersachsen,m,37 bis unter 38 Jahre,46735
2017,Niedersachsen,m,7 bis unter 8 Jahre,36364
2017,Niedersachsen,m,60 bis unter 61 Jahre,54614
2017,Niedersachsen,m,73 bis unter 74 Jahre,34772
2017,Niedersachsen,m,42 bis unter 43 Jahre,43913
2017,Niedersachsen,m,43 bis unter 44 Jahre,44883
2017,Niedersachsen,m,56 bis unter 57 Jahre,64941
2017,Niedersachsen,m,69 bis unter 70 Jahre,41549
2017,Niedersachsen,m,12 bis unter 13 Jahre,37608
2017,Niedersachsen,m,25 bis unter 26 Jahre,49111
2017,Niedersachsen,m,38 bis unter 39 Jahre,44727
2017,Niedersachsen,m,39 bis unter 40 Jahre,44814
2017,Niedersachsen,m,90 Jahre und mehr,19266
2017,Niedersachsen,m,61 bis unter 62 Jahre,52345
2017,Niedersachsen,m,8 bis unter 9 Jahre,35982
2017,Niedersachsen,m,74 bis unter 75 Jahre,35786
2017,Niedersachsen,m,30 bis unter 31 Jahre,49947
2017,Niedersachsen,m,31 bis unter 32 Jahre,48784
2017,Niedersachsen,m,44 bis unter 45 Jahre,45688
2017,Niedersachsen,m,57 bis unter 58 Jahre,61828
2017,Niedersachsen,m,unter 1 Jahr,37320
2017,Niedersachsen,m,13 bis unter 14 Jahre,38902
2017,Niedersachsen,m,26 bis unter 27 Jahre,49691
2017,Niedersachsen,m,62 bis unter 63 Jahre,50106
2017,Niedersachsen,m,9 bis unter 10 Jahre,36929
2017,Niedersachsen,m,32 bis unter 33 Jahre,46289
2017,Niedersachsen,m,45 bis unter 46 Jahre,50367
2017,Niedersachsen,m,58 bis unter 59 Jahre,59787
2017,Niedersachsen,m,1 bis unter 2 Jahre,38300
2017,Niedersachsen,m,14 bis unter 15 Jahre,39128
2017,Niedersachsen,m,27 bis unter 28 Jahre,51986
2017,Niedersachsen,m,28 bis unter 29 Jahre,50485
2017,Niedersachsen,m,50 bis unter 51 Jahre,68339
2017,Niedersachsen,m,63 bis unter 64 Jahre,48297
2017,Niedersachsen,m,20 bis unter 21 Jahre,49244
2017,Niedersachsen,m,33 bis unter 34 Jahre,46035
2017,Niedersachsen,m,46 bis unter 47 Jahre,55230
2017,Niedersachsen,m,59 bis unter 60 Jahre,56150
2017,Niedersachsen,m,2 bis unter 3 Jahre,37164
2017,Niedersachsen,m,80 bis unter 85 Jahre,116661
2017,Niedersachsen,m,15 bis unter 16 Jahre,40802
2017,Niedersachsen,m,16 bis unter 17 Jahre,42435
2017,Niedersachsen,m,29 bis unter 30 Jahre,51571
2017,Niedersachsen,m,51 bis unter 52 Jahre,70040
2017,Niedersachsen,m,64 bis unter 65 Jahre,46393
2017,Niedersachsen,m,21 bis unter 22 Jahre,48778
2017,Niedersachsen,m,34 bis unter 35 Jahre,46094
2017,Niedersachsen,m,47 bis unter 48 Jahre,57867
2017,Niedersachsen,m,3 bis unter 4 Jahre,37230
2017,Niedersachsen,f,64 bis unter 65 Jahre,49351
2017,Niedersachsen,f,51 bis unter 52 Jahre,69113
2017,Niedersachsen,f,46 bis unter 47 Jahre,55810
2017,Niedersachsen,f,33 bis unter 34 Jahre,43775
2017,Niedersachsen,f,20 bis unter 21 Jahre,44691
2017,Niedersachsen,f,16 bis unter 17 Jahre,39918
2017,Niedersachsen,f,3 bis unter 4 Jahre,34905
2017,Niedersachsen,f,47 bis unter 48 Jahre,58472
2017,Niedersachsen,f,75 bis unter 80 Jahre,227077
2017,Niedersachsen,f,29 bis unter 30 Jahre,46965
2017,Niedersachsen,f,63 bis unter 64 Jahre,51082
2017,Niedersachsen,f,58 bis unter 59 Jahre,60287
2017,Niedersachsen,f,45 bis unter 46 Jahre,50449
2017,Niedersachsen,f,32 bis unter 33 Jahre,44744
2017,Niedersachsen,f,28 bis unter 29 Jahre,45757
2017,Niedersachsen,f,15 bis unter 16 Jahre,38346
2017,Niedersachsen,f,2 bis unter 3 Jahre,34958
2017,Niedersachsen,f,59 bis unter 60 Jahre,56733
2017,Niedersachsen,f,50 bis unter 51 Jahre,68269
2017,Niedersachsen,f,53 bis unter 54 Jahre,68992
2017,Niedersachsen,f,40 bis unter 41 Jahre,44494
2017,Niedersachsen,f,35 bis unter 36 Jahre,46002
2017,Niedersachsen,f,22 bis unter 23 Jahre,42832
2017,Niedersachsen,f,66 bis unter 67 Jahre,48648
2017,Niedersachsen,f,90 Jahre und mehr,57737
2017,Niedersachsen,f,5 bis unter 6 Jahre,33559
2017,Niedersachsen,f,49 bis unter 50 Jahre,65909
2017,Niedersachsen,f,36 bis unter 37 Jahre,46546
2017,Niedersachsen,f,80 bis unter 85 Jahre,163586
2017,Niedersachsen,f,18 bis unter 19 Jahre,41881
2017,Niedersachsen,f,71 bis unter 72 Jahre,37485
2017,Niedersachsen,f,65 bis unter 66 Jahre,49531
2017,Niedersachsen,f,52 bis unter 53 Jahre,68037
2017,Niedersachsen,f,34 bis unter 35 Jahre,44856
2017,Niedersachsen,f,21 bis unter 22 Jahre,43878
2017,Niedersachsen,f,4 bis unter 5 Jahre,33870
2017,Niedersachsen,f,48 bis unter 49 Jahre,62850
2017,Niedersachsen,f,85 bis unter 90 Jahre,93758
2017,Niedersachsen,f,17 bis unter 18 Jahre,41691
2017,Niedersachsen,f,70 bis unter 71 Jahre,40316
2017,Niedersachsen,f,42 bis unter 43 Jahre,43651
2017,Niedersachsen,f,68 bis unter 69 Jahre,47662
2017,Niedersachsen,f,11 bis unter 12 Jahre,34690
2017,Niedersachsen,f,55 bis unter 56 Jahre,65709
2017,Niedersachsen,f,38 bis unter 39 Jahre,44918
2017,Niedersachsen,f,25 bis unter 26 Jahre,44204
2017,Niedersachsen,f,73 bis unter 74 Jahre,39783
2017,Niedersachsen,f,60 bis unter 61 Jahre,55845
2017,Niedersachsen,f,7 bis unter 8 Jahre,34250
2017,Niedersachsen,f,54 bis unter 55 Jahre,67732
2017,Niedersachsen,f,41 bis unter 42 Jahre,44910
2017,Niedersachsen,f,23 bis unter 24 Jahre,43022
2017,Niedersachsen,f,67 bis unter 68 Jahre,48378
2017,Niedersachsen,f,10 bis unter 11 Jahre,34819
2017,Niedersachsen,f,37 bis unter 38 Jahre,47160
2017,Niedersachsen,f,24 bis unter 25 Jahre,44064
2017,Niedersachsen,f,19 bis unter 20 Jahre,43205
2017,Niedersachsen,f,72 bis unter 73 Jahre,29508
2017,Niedersachsen,f,6 bis unter 7 Jahre,33114
2017,Niedersachsen,f,31 bis unter 32 Jahre,45627
2017,Niedersachsen,f,62 bis unter 63 Jahre,51527
2017,Niedersachsen,f,unter 1 Jahr,35993
2017,Niedersachsen,f,57 bis unter 58 Jahre,62050
2017,Niedersachsen,f,44 bis unter 45 Jahre,46616
2017,Niedersachsen,f,27 bis unter 28 Jahre,46630
2017,Niedersachsen,f,14 bis unter 15 Jahre,37239
2017,Niedersachsen,f,1 bis unter 2 Jahre,36560
2017,Niedersachsen,f,9 bis unter 10 Jahre,35058
2017,Niedersachsen,f,30 bis unter 31 Jahre,46138
2017,Niedersachsen,f,74 bis unter 75 Jahre,40312
2017,Niedersachsen,f,69 bis unter 70 Jahre,43764
2017,Niedersachsen,f,12 bis unter 13 Jahre,35547
2017,Niedersachsen,f,56 bis unter 57 Jahre,64816
2017,Niedersachsen,f,43 bis unter 44 Jahre,45490
2017,Niedersachsen,f,39 bis unter 40 Jahre,44681
2017,Niedersachsen,f,26 bis unter 27 Jahre,44842
2017,Niedersachsen,f,13 bis unter 14 Jahre,36974
2017,Niedersachsen,f,61 bis unter 62 Jahre,53457
2017,Niedersachsen,f,8 bis unter 9 Jahre,33794
2014,Brandenburg,m,66 bis unter 67 Jahre,12503
2014,Brandenburg,m,53 bis unter 54 Jahre,24532
2014,Brandenburg,m,40 bis unter 41 Jahre,12707
2014,Brandenburg,m,71 bis unter 72 Jahre,14411
2014,Brandenburg,m,18 bis unter 19 Jahre,9419
2014,Brandenburg,m,5 bis unter 6 Jahre,10502
2014,Brandenburg,m,49 bis unter 50 Jahre,23288
2014,Brandenburg,m,85 bis unter 90 Jahre,13613
2014,Brandenburg,m,36 bis unter 37 Jahre,15075
2014,Brandenburg,m,23 bis unter 24 Jahre,8953
2014,Brandenburg,m,10 bis unter 11 Jahre,10484
2014,Brandenburg,m,21 bis unter 22 Jahre,7414
2014,Brandenburg,m,65 bis unter 66 Jahre,14433
2014,Brandenburg,m,52 bis unter 53 Jahre,24888
2014,Brandenburg,m,70 bis unter 71 Jahre,13366
2014,Brandenburg,m,17 bis unter 18 Jahre,9826
2014,Brandenburg,m,4 bis unter 5 Jahre,10822
2014,Brandenburg,m,48 bis unter 49 Jahre,21990
2014,Brandenburg,m,35 bis unter 36 Jahre,15037
2014,Brandenburg,m,22 bis unter 23 Jahre,7850
2014,Brandenburg,m,55 bis unter 56 Jahre,23196
2014,Brandenburg,m,42 bis unter 43 Jahre,14827
2014,Brandenburg,m,73 bis unter 74 Jahre,16822
2014,Brandenburg,m,80 bis unter 85 Jahre,32497
2014,Brandenburg,m,7 bis unter 8 Jahre,10757
2014,Brandenburg,m,60 bis unter 61 Jahre,19851
2014,Brandenburg,m,38 bis unter 39 Jahre,13470
2014,Brandenburg,m,25 bis unter 26 Jahre,14035
2014,Brandenburg,m,69 bis unter 70 Jahre,8974
2014,Brandenburg,m,12 bis unter 13 Jahre,10200
2014,Brandenburg,m,67 bis unter 68 Jahre,11692
2014,Brandenburg,m,54 bis unter 55 Jahre,23469
2014,Brandenburg,m,41 bis unter 42 Jahre,12955
2014,Brandenburg,m,75 bis unter 80 Jahre,63848
2014,Brandenburg,m,72 bis unter 73 Jahre,13641
2014,Brandenburg,m,19 bis unter 20 Jahre,8395
2014,Brandenburg,m,6 bis unter 7 Jahre,10876
2014,Brandenburg,m,37 bis unter 38 Jahre,14667
2014,Brandenburg,m,24 bis unter 25 Jahre,13245
2014,Brandenburg,m,68 bis unter 69 Jahre,7839
2014,Brandenburg,m,11 bis unter 12 Jahre,10429
2014,Brandenburg,m,44 bis unter 45 Jahre,17546
2014,Brandenburg,m,31 bis unter 32 Jahre,14531
2014,Brandenburg,m,90 Jahre und mehr,3655
2014,Brandenburg,m,9 bis unter 10 Jahre,10129
2014,Brandenburg,m,62 bis unter 63 Jahre,18833
2014,Brandenburg,m,27 bis unter 28 Jahre,14574
2014,Brandenburg,m,14 bis unter 15 Jahre,10589
2014,Brandenburg,m,1 bis unter 2 Jahre,9886
2014,Brandenburg,m,58 bis unter 59 Jahre,20439
2014,Brandenburg,m,45 bis unter 46 Jahre,18203
2014,Brandenburg,m,56 bis unter 57 Jahre,21188
2014,Brandenburg,m,43 bis unter 44 Jahre,17357
2014,Brandenburg,m,30 bis unter 31 Jahre,14359
2014,Brandenburg,m,74 bis unter 75 Jahre,16269
2014,Brandenburg,m,8 bis unter 9 Jahre,10343
2014,Brandenburg,m,61 bis unter 62 Jahre,19448
2014,Brandenburg,m,39 bis unter 40 Jahre,12959
2014,Brandenburg,m,26 bis unter 27 Jahre,14518
2014,Brandenburg,m,13 bis unter 14 Jahre,10213
2014,Brandenburg,m,unter 1 Jahr,10055
2014,Brandenburg,m,57 bis unter 58 Jahre,20683
2014,Brandenburg,m,33 bis unter 34 Jahre,14728
2014,Brandenburg,m,20 bis unter 21 Jahre,7799
2014,Brandenburg,m,64 bis unter 65 Jahre,17067
2014,Brandenburg,m,51 bis unter 52 Jahre,25071
2014,Brandenburg,m,29 bis unter 30 Jahre,14622
2014,Brandenburg,m,16 bis unter 17 Jahre,10152
2014,Brandenburg,m,3 bis unter 4 Jahre,10160
2014,Brandenburg,m,47 bis unter 48 Jahre,20605
2014,Brandenburg,m,34 bis unter 35 Jahre,15471
2014,Brandenburg,m,32 bis unter 33 Jahre,15003
2014,Brandenburg,m,63 bis unter 64 Jahre,18473
2014,Brandenburg,m,50 bis unter 51 Jahre,24383
2014,Brandenburg,m,28 bis unter 29 Jahre,14127
2014,Brandenburg,m,15 bis unter 16 Jahre,10389
2014,Brandenburg,m,2 bis unter 3 Jahre,10182
2014,Brandenburg,m,59 bis unter 60 Jahre,20456
2014,Brandenburg,m,46 bis unter 47 Jahre,19211
2014,Brandenburg,f,29 bis unter 30 Jahre,13223
2014,Brandenburg,f,16 bis unter 17 Jahre,9562
2014,Brandenburg,f,51 bis unter 52 Jahre,24336
2014,Brandenburg,f,64 bis unter 65 Jahre,17758
2014,Brandenburg,f,75 bis unter 80 Jahre,82373
2014,Brandenburg,f,33 bis unter 34 Jahre,13893
2014,Brandenburg,f,20 bis unter 21 Jahre,6780
2014,Brandenburg,f,2 bis unter 3 Jahre,9793
2014,Brandenburg,f,59 bis unter 60 Jahre,20135
2014,Brandenburg,f,46 bis unter 47 Jahre,18924
2014,Brandenburg,f,85 bis unter 90 Jahre,30045
2014,Brandenburg,f,15 bis unter 16 Jahre,9849
2014,Brandenburg,f,28 bis unter 29 Jahre,13187
2014,Brandenburg,f,63 bis unter 64 Jahre,18733
2014,Brandenburg,f,50 bis unter 51 Jahre,23361
2014,Brandenburg,f,32 bis unter 33 Jahre,13680
2014,Brandenburg,f,45 bis unter 46 Jahre,17857
2014,Brandenburg,f,14 bis unter 15 Jahre,10224
2014,Brandenburg,f,1 bis unter 2 Jahre,9387
2014,Brandenburg,f,58 bis unter 59 Jahre,20027
2014,Brandenburg,f,18 bis unter 19 Jahre,8447
2014,Brandenburg,f,71 bis unter 72 Jahre,16248
2014,Brandenburg,f,80 bis unter 85 Jahre,49530
2014,Brandenburg,f,5 bis unter 6 Jahre,9965
2014,Brandenburg,f,40 bis unter 41 Jahre,12231
2014,Brandenburg,f,22 bis unter 23 Jahre,6827
2014,Brandenburg,f,53 bis unter 54 Jahre,23859
2014,Brandenburg,f,66 bis unter 67 Jahre,13005
2014,Brandenburg,f,48 bis unter 49 Jahre,21659
2014,Brandenburg,f,35 bis unter 36 Jahre,14115
2014,Brandenburg,f,17 bis unter 18 Jahre,9418
2014,Brandenburg,f,70 bis unter 71 Jahre,15319
2014,Brandenburg,f,4 bis unter 5 Jahre,10054
2014,Brandenburg,f,52 bis unter 53 Jahre,24106
2014,Brandenburg,f,21 bis unter 22 Jahre,6570
2014,Brandenburg,f,65 bis unter 66 Jahre,15136
2014,Brandenburg,f,3 bis unter 4 Jahre,9707
2014,Brandenburg,f,34 bis unter 35 Jahre,14485
2014,Brandenburg,f,47 bis unter 48 Jahre,20048
2014,Brandenburg,f,7 bis unter 8 Jahre,10132
2014,Brandenburg,f,60 bis unter 61 Jahre,20180
2014,Brandenburg,f,38 bis unter 39 Jahre,12808
2014,Brandenburg,f,73 bis unter 74 Jahre,19525
2014,Brandenburg,f,55 bis unter 56 Jahre,22410
2014,Brandenburg,f,68 bis unter 69 Jahre,8538
2014,Brandenburg,f,42 bis unter 43 Jahre,13805
2014,Brandenburg,f,37 bis unter 38 Jahre,13963
2014,Brandenburg,f,11 bis unter 12 Jahre,9682
2014,Brandenburg,f,24 bis unter 25 Jahre,11924
2014,Brandenburg,f,6 bis unter 7 Jahre,10358
2014,Brandenburg,f,41 bis unter 42 Jahre,12616
2014,Brandenburg,f,19 bis unter 20 Jahre,7360
2014,Brandenburg,f,72 bis unter 73 Jahre,15882
2014,Brandenburg,f,67 bis unter 68 Jahre,12609
2014,Brandenburg,f,10 bis unter 11 Jahre,9750
2014,Brandenburg,f,54 bis unter 55 Jahre,23136
2014,Brandenburg,f,36 bis unter 37 Jahre,14357
2014,Brandenburg,f,49 bis unter 50 Jahre,22477
2014,Brandenburg,f,23 bis unter 24 Jahre,8026
2014,Brandenburg,f,27 bis unter 28 Jahre,13324
2014,Brandenburg,f,9 bis unter 10 Jahre,9675
2014,Brandenburg,f,62 bis unter 63 Jahre,19496
2014,Brandenburg,f,44 bis unter 45 Jahre,16947
2014,Brandenburg,f,31 bis unter 32 Jahre,13482
2014,Brandenburg,f,13 bis unter 14 Jahre,9572
2014,Brandenburg,f,26 bis unter 27 Jahre,12931
2014,Brandenburg,f,unter 1 Jahr,9477
2014,Brandenburg,f,57 bis unter 58 Jahre,20070
2014,Brandenburg,f,39 bis unter 40 Jahre,12193
2014,Brandenburg,f,74 bis unter 75 Jahre,19720
2014,Brandenburg,f,8 bis unter 9 Jahre,9640
2014,Brandenburg,f,61 bis unter 62 Jahre,19818
2014,Brandenburg,f,56 bis unter 57 Jahre,20620
2014,Brandenburg,f,30 bis unter 31 Jahre,13176
2014,Brandenburg,f,43 bis unter 44 Jahre,16377
2014,Brandenburg,f,90 Jahre und mehr,14940
2014,Brandenburg,f,25 bis unter 26 Jahre,12478
2014,Brandenburg,f,69 bis unter 70 Jahre,10364
2014,Brandenburg,f,12 bis unter 13 Jahre,9704
2014,Bremen,m,5 bis unter 6 Jahre,2833
2014,Bremen,m,75 bis unter 80 Jahre,14349
2014,Bremen,m,71 bis unter 72 Jahre,3362
2014,Bremen,m,18 bis unter 19 Jahre,3509
2014,Bremen,m,36 bis unter 37 Jahre,4153
2014,Bremen,m,49 bis unter 50 Jahre,5544
2014,Bremen,m,66 bis unter 67 Jahre,3480
2014,Bremen,m,22 bis unter 23 Jahre,4330
2014,Bremen,m,40 bis unter 41 Jahre,3928
2014,Bremen,m,53 bis unter 54 Jahre,4970
2014,Bremen,m,70 bis unter 71 Jahre,3207
2014,Bremen,m,17 bis unter 18 Jahre,3411
2014,Bremen,m,35 bis unter 36 Jahre,4227
2014,Bremen,m,48 bis unter 49 Jahre,5668
2014,Bremen,m,4 bis unter 5 Jahre,2821
2014,Bremen,m,21 bis unter 22 Jahre,4085
2014,Bremen,m,34 bis unter 35 Jahre,4432
2014,Bremen,m,52 bis unter 53 Jahre,5168
2014,Bremen,m,85 bis unter 90 Jahre,3847
2014,Bremen,m,65 bis unter 66 Jahre,3714
2014,Bremen,m,7 bis unter 8 Jahre,2842
2014,Bremen,m,60 bis unter 61 Jahre,3901
2014,Bremen,m,12 bis unter 13 Jahre,2805
2014,Bremen,m,25 bis unter 26 Jahre,5071
2014,Bremen,m,80 bis unter 85 Jahre,7152
2014,Bremen,m,38 bis unter 39 Jahre,4077
2014,Bremen,m,55 bis unter 56 Jahre,4616
2014,Bremen,m,68 bis unter 69 Jahre,3291
2014,Bremen,m,11 bis unter 12 Jahre,2741
2014,Bremen,m,73 bis unter 74 Jahre,3518
2014,Bremen,m,42 bis unter 43 Jahre,4194
2014,Bremen,m,6 bis unter 7 Jahre,2751
2014,Bremen,m,72 bis unter 73 Jahre,3195
2014,Bremen,m,19 bis unter 20 Jahre,3426
2014,Bremen,m,24 bis unter 25 Jahre,5052
2014,Bremen,m,37 bis unter 38 Jahre,4050
2014,Bremen,m,54 bis unter 55 Jahre,4813
2014,Bremen,m,67 bis unter 68 Jahre,3264
2014,Bremen,m,10 bis unter 11 Jahre,2772
2014,Bremen,m,23 bis unter 24 Jahre,4682
2014,Bremen,m,41 bis unter 42 Jahre,3933
2014,Bremen,m,1 bis unter 2 Jahre,2885
2014,Bremen,m,58 bis unter 59 Jahre,4147
2014,Bremen,m,14 bis unter 15 Jahre,3041
2014,Bremen,m,27 bis unter 28 Jahre,4977
2014,Bremen,m,31 bis unter 32 Jahre,4714
2014,Bremen,m,44 bis unter 45 Jahre,4721
2014,Bremen,m,unter 1 Jahr,3182
2014,Bremen,m,57 bis unter 58 Jahre,4429
2014,Bremen,m,9 bis unter 10 Jahre,2858
2014,Bremen,m,62 bis unter 63 Jahre,3687
2014,Bremen,m,39 bis unter 40 Jahre,3980
2014,Bremen,m,8 bis unter 9 Jahre,2796
2014,Bremen,m,13 bis unter 14 Jahre,2898
2014,Bremen,m,26 bis unter 27 Jahre,5256
2014,Bremen,m,43 bis unter 44 Jahre,4491
2014,Bremen,m,56 bis unter 57 Jahre,4457
2014,Bremen,m,69 bis unter 70 Jahre,2564
2014,Bremen,m,61 bis unter 62 Jahre,3702
2014,Bremen,m,74 bis unter 75 Jahre,3740
2014,Bremen,m,30 bis unter 31 Jahre,4641
2014,Bremen,m,16 bis unter 17 Jahre,3222
2014,Bremen,m,29 bis unter 30 Jahre,4768
2014,Bremen,m,47 bis unter 48 Jahre,5398
2014,Bremen,m,3 bis unter 4 Jahre,2709
2014,Bremen,m,20 bis unter 21 Jahre,3752
2014,Bremen,m,33 bis unter 34 Jahre,4593
2014,Bremen,m,46 bis unter 47 Jahre,5311
2014,Bremen,m,51 bis unter 52 Jahre,5270
2014,Bremen,m,64 bis unter 65 Jahre,3689
2014,Bremen,m,28 bis unter 29 Jahre,5088
2014,Bremen,m,90 Jahre und mehr,1475
2014,Bremen,m,2 bis unter 3 Jahre,2839
2014,Bremen,m,59 bis unter 60 Jahre,4018
2014,Bremen,m,15 bis unter 16 Jahre,2981
2014,Bremen,m,32 bis unter 33 Jahre,4755
2014,Bremen,m,45 bis unter 46 Jahre,4977
2014,Bremen,m,50 bis unter 51 Jahre,5502
2014,Bremen,m,63 bis unter 64 Jahre,3726
2014,Bremen,f,65 bis unter 66 Jahre,4080
2014,Bremen,f,52 bis unter 53 Jahre,5156
2014,Bremen,f,17 bis unter 18 Jahre,3053
2014,Bremen,f,70 bis unter 71 Jahre,3547
2014,Bremen,f,16 bis unter 17 Jahre,2928
2014,Bremen,f,3 bis unter 4 Jahre,2502
2014,Bremen,f,75 bis unter 80 Jahre,19040
2014,Bremen,f,47 bis unter 48 Jahre,5092
2014,Bremen,f,34 bis unter 35 Jahre,4167
2014,Bremen,f,21 bis unter 22 Jahre,4155
2014,Bremen,f,53 bis unter 54 Jahre,4913
2014,Bremen,f,40 bis unter 41 Jahre,3625
2014,Bremen,f,80 bis unter 85 Jahre,11743
2014,Bremen,f,71 bis unter 72 Jahre,3629
2014,Bremen,f,18 bis unter 19 Jahre,3149
2014,Bremen,f,5 bis unter 6 Jahre,2645
2014,Bremen,f,4 bis unter 5 Jahre,2693
2014,Bremen,f,48 bis unter 49 Jahre,5206
2014,Bremen,f,35 bis unter 36 Jahre,3886
2014,Bremen,f,22 bis unter 23 Jahre,4292
2014,Bremen,f,66 bis unter 67 Jahre,3748
2014,Bremen,f,63 bis unter 64 Jahre,4097
2014,Bremen,f,50 bis unter 51 Jahre,5202
2014,Bremen,f,28 bis unter 29 Jahre,4667
2014,Bremen,f,27 bis unter 28 Jahre,4834
2014,Bremen,f,14 bis unter 15 Jahre,2833
2014,Bremen,f,1 bis unter 2 Jahre,2786
2014,Bremen,f,58 bis unter 59 Jahre,4377
2014,Bremen,f,45 bis unter 46 Jahre,4714
2014,Bremen,f,32 bis unter 33 Jahre,4556
2014,Bremen,f,64 bis unter 65 Jahre,4025
2014,Bremen,f,51 bis unter 52 Jahre,5251
2014,Bremen,f,29 bis unter 30 Jahre,4430
2014,Bremen,f,15 bis unter 16 Jahre,2974
2014,Bremen,f,2 bis unter 3 Jahre,2756
2014,Bremen,f,59 bis unter 60 Jahre,4293
2014,Bremen,f,46 bis unter 47 Jahre,5068
2014,Bremen,f,33 bis unter 34 Jahre,4185
2014,Bremen,f,20 bis unter 21 Jahre,3749
2014,Bremen,f,30 bis unter 31 Jahre,4407
2014,Bremen,f,74 bis unter 75 Jahre,4278
2014,Bremen,f,61 bis unter 62 Jahre,4072
2014,Bremen,f,8 bis unter 9 Jahre,2632
2014,Bremen,f,38 bis unter 39 Jahre,3872
2014,Bremen,f,25 bis unter 26 Jahre,4856
2014,Bremen,f,12 bis unter 13 Jahre,2595
2014,Bremen,f,69 bis unter 70 Jahre,2887
2014,Bremen,f,56 bis unter 57 Jahre,4605
2014,Bremen,f,43 bis unter 44 Jahre,4281
2014,Bremen,f,31 bis unter 32 Jahre,4542
2014,Bremen,f,62 bis unter 63 Jahre,4097
2014,Bremen,f,9 bis unter 10 Jahre,2513
2014,Bremen,f,39 bis unter 40 Jahre,3801
2014,Bremen,f,26 bis unter 27 Jahre,5002
2014,Bremen,f,13 bis unter 14 Jahre,2715
2014,Bremen,f,unter 1 Jahr,2913
2014,Bremen,f,57 bis unter 58 Jahre,4578
2014,Bremen,f,44 bis unter 45 Jahre,4383
2014,Bremen,f,54 bis unter 55 Jahre,4806
2014,Bremen,f,41 bis unter 42 Jahre,3813
2014,Bremen,f,72 bis unter 73 Jahre,3702
2014,Bremen,f,19 bis unter 20 Jahre,3440
2014,Bremen,f,6 bis unter 7 Jahre,2698
2014,Bremen,f,49 bis unter 50 Jahre,5261
2014,Bremen,f,36 bis unter 37 Jahre,3779
2014,Bremen,f,90 Jahre und mehr,5029
2014,Bremen,f,23 bis unter 24 Jahre,4497
2014,Bremen,f,10 bis unter 11 Jahre,2560
2014,Bremen,f,67 bis unter 68 Jahre,3705
2014,Bremen,f,42 bis unter 43 Jahre,3995
2014,Bremen,f,73 bis unter 74 Jahre,4201
2014,Bremen,f,60 bis unter 61 Jahre,4225
2014,Bremen,f,7 bis unter 8 Jahre,2771
2014,Bremen,f,37 bis unter 38 Jahre,3849
2014,Bremen,f,24 bis unter 25 Jahre,4745
2014,Bremen,f,85 bis unter 90 Jahre,8314
2014,Bremen,f,11 bis unter 12 Jahre,2685
2014,Bremen,f,68 bis unter 69 Jahre,3546
2014,Bremen,f,55 bis unter 56 Jahre,4769
2014,Schleswig-Holstein,m,65 bis unter 66 Jahre,17018
2014,Schleswig-Holstein,m,52 bis unter 53 Jahre,23908
2014,Schleswig-Holstein,m,48 bis unter 49 Jahre,25960
2014,Schleswig-Holstein,m,35 bis unter 36 Jahre,15008
2014,Schleswig-Holstein,m,22 bis unter 23 Jahre,15802
2014,Schleswig-Holstein,m,70 bis unter 71 Jahre,15381
2014,Schleswig-Holstein,m,17 bis unter 18 Jahre,16387
2014,Schleswig-Holstein,m,4 bis unter 5 Jahre,12222
2014,Schleswig-Holstein,m,71 bis unter 72 Jahre,15817
2014,Schleswig-Holstein,m,18 bis unter 19 Jahre,16227
2014,Schleswig-Holstein,m,66 bis unter 67 Jahre,16602
2014,Schleswig-Holstein,m,53 bis unter 54 Jahre,23237
2014,Schleswig-Holstein,m,40 bis unter 41 Jahre,15407
2014,Schleswig-Holstein,m,85 bis unter 90 Jahre,16449
2014,Schleswig-Holstein,m,36 bis unter 37 Jahre,15298
2014,Schleswig-Holstein,m,23 bis unter 24 Jahre,16083
2014,Schleswig-Holstein,m,10 bis unter 11 Jahre,13302
2014,Schleswig-Holstein,m,5 bis unter 6 Jahre,12158
2014,Schleswig-Holstein,m,49 bis unter 50 Jahre,25395
2014,Schleswig-Holstein,m,72 bis unter 73 Jahre,15032
2014,Schleswig-Holstein,m,19 bis unter 20 Jahre,15598
2014,Schleswig-Holstein,m,67 bis unter 68 Jahre,15341
2014,Schleswig-Holstein,m,54 bis unter 55 Jahre,22079
2014,Schleswig-Holstein,m,75 bis unter 80 Jahre,70679
2014,Schleswig-Holstein,m,41 bis unter 42 Jahre,15954
2014,Schleswig-Holstein,m,24 bis unter 25 Jahre,16727
2014,Schleswig-Holstein,m,11 bis unter 12 Jahre,13336
2014,Schleswig-Holstein,m,68 bis unter 69 Jahre,14285
2014,Schleswig-Holstein,m,6 bis unter 7 Jahre,12315
2014,Schleswig-Holstein,m,37 bis unter 38 Jahre,15219
2014,Schleswig-Holstein,m,73 bis unter 74 Jahre,17951
2014,Schleswig-Holstein,m,60 bis unter 61 Jahre,17504
2014,Schleswig-Holstein,m,7 bis unter 8 Jahre,12692
2014,Schleswig-Holstein,m,55 bis unter 56 Jahre,21482
2014,Schleswig-Holstein,m,42 bis unter 43 Jahre,17370
2014,Schleswig-Holstein,m,25 bis unter 26 Jahre,16109
2014,Schleswig-Holstein,m,80 bis unter 85 Jahre,32813
2014,Schleswig-Holstein,m,12 bis unter 13 Jahre,13695
2014,Schleswig-Holstein,m,69 bis unter 70 Jahre,11466
2014,Schleswig-Holstein,m,56 bis unter 57 Jahre,20248
2014,Schleswig-Holstein,m,38 bis unter 39 Jahre,15355
2014,Schleswig-Holstein,m,74 bis unter 75 Jahre,17909
2014,Schleswig-Holstein,m,61 bis unter 62 Jahre,17051
2014,Schleswig-Holstein,m,8 bis unter 9 Jahre,12539
2014,Schleswig-Holstein,m,43 bis unter 44 Jahre,19750
2014,Schleswig-Holstein,m,90 Jahre und mehr,5691
2014,Schleswig-Holstein,m,30 bis unter 31 Jahre,14823
2014,Schleswig-Holstein,m,13 bis unter 14 Jahre,14147
2014,Schleswig-Holstein,m,unter 1 Jahr,11633
2014,Schleswig-Holstein,m,57 bis unter 58 Jahre,19324
2014,Schleswig-Holstein,m,39 bis unter 40 Jahre,15176
2014,Schleswig-Holstein,m,26 bis unter 27 Jahre,16731
2014,Schleswig-Holstein,m,62 bis unter 63 Jahre,16793
2014,Schleswig-Holstein,m,9 bis unter 10 Jahre,12538
2014,Schleswig-Holstein,m,44 bis unter 45 Jahre,20874
2014,Schleswig-Holstein,m,31 bis unter 32 Jahre,14925
2014,Schleswig-Holstein,m,1 bis unter 2 Jahre,11588
2014,Schleswig-Holstein,m,58 bis unter 59 Jahre,18431
2014,Schleswig-Holstein,m,45 bis unter 46 Jahre,23273
2014,Schleswig-Holstein,m,27 bis unter 28 Jahre,16312
2014,Schleswig-Holstein,m,14 bis unter 15 Jahre,14929
2014,Schleswig-Holstein,m,50 bis unter 51 Jahre,26035
2014,Schleswig-Holstein,m,32 bis unter 33 Jahre,15436
2014,Schleswig-Holstein,m,63 bis unter 64 Jahre,16992
2014,Schleswig-Holstein,m,2 bis unter 3 Jahre,11994
2014,Schleswig-Holstein,m,59 bis unter 60 Jahre,17825
2014,Schleswig-Holstein,m,46 bis unter 47 Jahre,24769
2014,Schleswig-Holstein,m,33 bis unter 34 Jahre,15422
2014,Schleswig-Holstein,m,28 bis unter 29 Jahre,15420
2014,Schleswig-Holstein,m,15 bis unter 16 Jahre,15377
2014,Schleswig-Holstein,m,51 bis unter 52 Jahre,24983
2014,Schleswig-Holstein,m,20 bis unter 21 Jahre,15739
2014,Schleswig-Holstein,m,64 bis unter 65 Jahre,17015
2014,Schleswig-Holstein,m,47 bis unter 48 Jahre,25839
2014,Schleswig-Holstein,m,34 bis unter 35 Jahre,15667
2014,Schleswig-Holstein,m,21 bis unter 22 Jahre,15904
2014,Schleswig-Holstein,m,29 bis unter 30 Jahre,14740
2014,Schleswig-Holstein,m,16 bis unter 17 Jahre,15456
2014,Schleswig-Holstein,m,3 bis unter 4 Jahre,11490
2014,Schleswig-Holstein,f,2 bis unter 3 Jahre,11201
2014,Schleswig-Holstein,f,59 bis unter 60 Jahre,18651
2014,Schleswig-Holstein,f,46 bis unter 47 Jahre,25011
2014,Schleswig-Holstein,f,85 bis unter 90 Jahre,32987
2014,Schleswig-Holstein,f,33 bis unter 34 Jahre,16016
2014,Schleswig-Holstein,f,20 bis unter 21 Jahre,14649
2014,Schleswig-Holstein,f,64 bis unter 65 Jahre,18091
2014,Schleswig-Holstein,f,51 bis unter 52 Jahre,25311
2014,Schleswig-Holstein,f,29 bis unter 30 Jahre,14551
2014,Schleswig-Holstein,f,16 bis unter 17 Jahre,14885
2014,Schleswig-Holstein,f,3 bis unter 4 Jahre,11031
2014,Schleswig-Holstein,f,14 bis unter 15 Jahre,14407
2014,Schleswig-Holstein,f,1 bis unter 2 Jahre,11017
2014,Schleswig-Holstein,f,45 bis unter 46 Jahre,23327
2014,Schleswig-Holstein,f,58 bis unter 59 Jahre,19116
2014,Schleswig-Holstein,f,32 bis unter 33 Jahre,15823
2014,Schleswig-Holstein,f,75 bis unter 80 Jahre,84635
2014,Schleswig-Holstein,f,63 bis unter 64 Jahre,17821
2014,Schleswig-Holstein,f,50 bis unter 51 Jahre,25791
2014,Schleswig-Holstein,f,28 bis unter 29 Jahre,14844
2014,Schleswig-Holstein,f,15 bis unter 16 Jahre,14563
2014,Schleswig-Holstein,f,48 bis unter 49 Jahre,26085
2014,Schleswig-Holstein,f,90 Jahre und mehr,19737
2014,Schleswig-Holstein,f,35 bis unter 36 Jahre,15733
2014,Schleswig-Holstein,f,22 bis unter 23 Jahre,14747
2014,Schleswig-Holstein,f,66 bis unter 67 Jahre,17629
2014,Schleswig-Holstein,f,53 bis unter 54 Jahre,23611
2014,Schleswig-Holstein,f,40 bis unter 41 Jahre,15828
2014,Schleswig-Holstein,f,18 bis unter 19 Jahre,15323
2014,Schleswig-Holstein,f,5 bis unter 6 Jahre,11314
2014,Schleswig-Holstein,f,71 bis unter 72 Jahre,17257
2014,Schleswig-Holstein,f,49 bis unter 50 Jahre,25735
2014,Schleswig-Holstein,f,47 bis unter 48 Jahre,25818
2014,Schleswig-Holstein,f,34 bis unter 35 Jahre,16472
2014,Schleswig-Holstein,f,21 bis unter 22 Jahre,14815
2014,Schleswig-Holstein,f,65 bis unter 66 Jahre,17944
2014,Schleswig-Holstein,f,52 bis unter 53 Jahre,24180
2014,Schleswig-Holstein,f,70 bis unter 71 Jahre,16860
2014,Schleswig-Holstein,f,17 bis unter 18 Jahre,15119
2014,Schleswig-Holstein,f,4 bis unter 5 Jahre,11623
2014,Schleswig-Holstein,f,37 bis unter 38 Jahre,15831
2014,Schleswig-Holstein,f,24 bis unter 25 Jahre,15854
2014,Schleswig-Holstein,f,68 bis unter 69 Jahre,15346
2014,Schleswig-Holstein,f,11 bis unter 12 Jahre,12723
2014,Schleswig-Holstein,f,55 bis unter 56 Jahre,21967
2014,Schleswig-Holstein,f,42 bis unter 43 Jahre,18051
2014,Schleswig-Holstein,f,60 bis unter 61 Jahre,18615
2014,Schleswig-Holstein,f,7 bis unter 8 Jahre,11936
2014,Schleswig-Holstein,f,73 bis unter 74 Jahre,19893
2014,Schleswig-Holstein,f,38 bis unter 39 Jahre,16097
2014,Schleswig-Holstein,f,36 bis unter 37 Jahre,15748
2014,Schleswig-Holstein,f,80 bis unter 85 Jahre,48026
2014,Schleswig-Holstein,f,23 bis unter 24 Jahre,15056
2014,Schleswig-Holstein,f,10 bis unter 11 Jahre,12525
2014,Schleswig-Holstein,f,67 bis unter 68 Jahre,16386
2014,Schleswig-Holstein,f,41 bis unter 42 Jahre,16474
2014,Schleswig-Holstein,f,54 bis unter 55 Jahre,22495
2014,Schleswig-Holstein,f,72 bis unter 73 Jahre,16650
2014,Schleswig-Holstein,f,19 bis unter 20 Jahre,14804
2014,Schleswig-Holstein,f,6 bis unter 7 Jahre,11945
2014,Schleswig-Holstein,f,13 bis unter 14 Jahre,13583
2014,Schleswig-Holstein,f,unter 1 Jahr,11268
2014,Schleswig-Holstein,f,57 bis unter 58 Jahre,20400
2014,Schleswig-Holstein,f,44 bis unter 45 Jahre,20979
2014,Schleswig-Holstein,f,31 bis unter 32 Jahre,14959
2014,Schleswig-Holstein,f,62 bis unter 63 Jahre,17780
2014,Schleswig-Holstein,f,9 bis unter 10 Jahre,11989
2014,Schleswig-Holstein,f,27 bis unter 28 Jahre,15131
2014,Schleswig-Holstein,f,25 bis unter 26 Jahre,15241
2014,Schleswig-Holstein,f,12 bis unter 13 Jahre,13092
2014,Schleswig-Holstein,f,69 bis unter 70 Jahre,12980
2014,Schleswig-Holstein,f,43 bis unter 44 Jahre,20252
2014,Schleswig-Holstein,f,56 bis unter 57 Jahre,20493
2014,Schleswig-Holstein,f,30 bis unter 31 Jahre,14577
2014,Schleswig-Holstein,f,74 bis unter 75 Jahre,19952
2014,Schleswig-Holstein,f,8 bis unter 9 Jahre,11831
2014,Schleswig-Holstein,f,61 bis unter 62 Jahre,17742
2014,Schleswig-Holstein,f,39 bis unter 40 Jahre,15696
2014,Schleswig-Holstein,f,26 bis unter 27 Jahre,15488
2014,Sachsen-Anhalt,m,41 bis unter 42 Jahre,11913
2014,Sachsen-Anhalt,m,54 bis unter 55 Jahre,19964
2014,Sachsen-Anhalt,m,67 bis unter 68 Jahre,11677
2014,Sachsen-Anhalt,m,10 bis unter 11 Jahre,8648
2014,Sachsen-Anhalt,m,23 bis unter 24 Jahre,9711
2014,Sachsen-Anhalt,m,90 Jahre und mehr,3839
2014,Sachsen-Anhalt,m,24 bis unter 25 Jahre,14301
2014,Sachsen-Anhalt,m,37 bis unter 38 Jahre,12906
2014,Sachsen-Anhalt,m,6 bis unter 7 Jahre,9066
2014,Sachsen-Anhalt,m,19 bis unter 20 Jahre,7567
2014,Sachsen-Anhalt,m,72 bis unter 73 Jahre,12874
2014,Sachsen-Anhalt,m,73 bis unter 74 Jahre,15579
2014,Sachsen-Anhalt,m,42 bis unter 43 Jahre,13524
2014,Sachsen-Anhalt,m,55 bis unter 56 Jahre,19243
2014,Sachsen-Anhalt,m,68 bis unter 69 Jahre,9405
2014,Sachsen-Anhalt,m,11 bis unter 12 Jahre,8427
2014,Sachsen-Anhalt,m,25 bis unter 26 Jahre,14430
2014,Sachsen-Anhalt,m,38 bis unter 39 Jahre,11609
2014,Sachsen-Anhalt,m,7 bis unter 8 Jahre,8788
2014,Sachsen-Anhalt,m,60 bis unter 61 Jahre,18056
2014,Sachsen-Anhalt,m,52 bis unter 53 Jahre,20279
2014,Sachsen-Anhalt,m,65 bis unter 66 Jahre,14254
2014,Sachsen-Anhalt,m,21 bis unter 22 Jahre,8009
2014,Sachsen-Anhalt,m,34 bis unter 35 Jahre,14039
2014,Sachsen-Anhalt,m,48 bis unter 49 Jahre,18503
2014,Sachsen-Anhalt,m,4 bis unter 5 Jahre,8831
2014,Sachsen-Anhalt,m,17 bis unter 18 Jahre,8144
2014,Sachsen-Anhalt,m,70 bis unter 71 Jahre,12981
2014,Sachsen-Anhalt,m,85 bis unter 90 Jahre,13218
2014,Sachsen-Anhalt,m,40 bis unter 41 Jahre,11232
2014,Sachsen-Anhalt,m,75 bis unter 80 Jahre,58775
2014,Sachsen-Anhalt,m,53 bis unter 54 Jahre,20461
2014,Sachsen-Anhalt,m,66 bis unter 67 Jahre,12099
2014,Sachsen-Anhalt,m,22 bis unter 23 Jahre,8638
2014,Sachsen-Anhalt,m,35 bis unter 36 Jahre,13553
2014,Sachsen-Anhalt,m,36 bis unter 37 Jahre,13488
2014,Sachsen-Anhalt,m,80 bis unter 85 Jahre,30005
2014,Sachsen-Anhalt,m,49 bis unter 50 Jahre,19223
2014,Sachsen-Anhalt,m,5 bis unter 6 Jahre,8855
2014,Sachsen-Anhalt,m,18 bis unter 19 Jahre,7881
2014,Sachsen-Anhalt,m,71 bis unter 72 Jahre,13287
2014,Sachsen-Anhalt,m,50 bis unter 51 Jahre,20015
2014,Sachsen-Anhalt,m,63 bis unter 64 Jahre,16639
2014,Sachsen-Anhalt,m,32 bis unter 33 Jahre,13976
2014,Sachsen-Anhalt,m,45 bis unter 46 Jahre,16588
2014,Sachsen-Anhalt,m,58 bis unter 59 Jahre,17713
2014,Sachsen-Anhalt,m,59 bis unter 60 Jahre,18491
2014,Sachsen-Anhalt,m,2 bis unter 3 Jahre,8798
2014,Sachsen-Anhalt,m,15 bis unter 16 Jahre,8725
2014,Sachsen-Anhalt,m,28 bis unter 29 Jahre,14225
2014,Sachsen-Anhalt,m,51 bis unter 52 Jahre,20854
2014,Sachsen-Anhalt,m,64 bis unter 65 Jahre,16398
2014,Sachsen-Anhalt,m,20 bis unter 21 Jahre,7680
2014,Sachsen-Anhalt,m,33 bis unter 34 Jahre,13913
2014,Sachsen-Anhalt,m,46 bis unter 47 Jahre,17087
2014,Sachsen-Anhalt,m,47 bis unter 48 Jahre,17688
2014,Sachsen-Anhalt,m,3 bis unter 4 Jahre,8765
2014,Sachsen-Anhalt,m,16 bis unter 17 Jahre,8228
2014,Sachsen-Anhalt,m,29 bis unter 30 Jahre,14053
2014,Sachsen-Anhalt,m,74 bis unter 75 Jahre,15641
2014,Sachsen-Anhalt,m,30 bis unter 31 Jahre,13959
2014,Sachsen-Anhalt,m,43 bis unter 44 Jahre,16233
2014,Sachsen-Anhalt,m,56 bis unter 57 Jahre,18225
2014,Sachsen-Anhalt,m,69 bis unter 70 Jahre,9377
2014,Sachsen-Anhalt,m,12 bis unter 13 Jahre,8709
2014,Sachsen-Anhalt,m,13 bis unter 14 Jahre,8711
2014,Sachsen-Anhalt,m,26 bis unter 27 Jahre,14956
2014,Sachsen-Anhalt,m,39 bis unter 40 Jahre,11125
2014,Sachsen-Anhalt,m,8 bis unter 9 Jahre,8652
2014,Sachsen-Anhalt,m,61 bis unter 62 Jahre,17741
2014,Sachsen-Anhalt,m,9 bis unter 10 Jahre,8432
2014,Sachsen-Anhalt,m,62 bis unter 63 Jahre,17646
2014,Sachsen-Anhalt,m,31 bis unter 32 Jahre,14256
2014,Sachsen-Anhalt,m,44 bis unter 45 Jahre,15945
2014,Sachsen-Anhalt,m,57 bis unter 58 Jahre,17743
2014,Sachsen-Anhalt,m,unter 1 Jahr,8862
2014,Sachsen-Anhalt,m,1 bis unter 2 Jahre,8705
2014,Sachsen-Anhalt,m,14 bis unter 15 Jahre,9033
2014,Sachsen-Anhalt,m,27 bis unter 28 Jahre,14728
2014,Sachsen-Anhalt,f,35 bis unter 36 Jahre,11685
2014,Sachsen-Anhalt,f,22 bis unter 23 Jahre,7874
2014,Sachsen-Anhalt,f,4 bis unter 5 Jahre,8529
2014,Sachsen-Anhalt,f,80 bis unter 85 Jahre,50303
2014,Sachsen-Anhalt,f,48 bis unter 49 Jahre,17651
2014,Sachsen-Anhalt,f,71 bis unter 72 Jahre,15478
2014,Sachsen-Anhalt,f,18 bis unter 19 Jahre,7309
2014,Sachsen-Anhalt,f,66 bis unter 67 Jahre,13359
2014,Sachsen-Anhalt,f,53 bis unter 54 Jahre,20115
2014,Sachsen-Anhalt,f,40 bis unter 41 Jahre,10152
2014,Sachsen-Anhalt,f,47 bis unter 48 Jahre,16904
2014,Sachsen-Anhalt,f,34 bis unter 35 Jahre,12306
2014,Sachsen-Anhalt,f,21 bis unter 22 Jahre,7284
2014,Sachsen-Anhalt,f,16 bis unter 17 Jahre,7906
2014,Sachsen-Anhalt,f,3 bis unter 4 Jahre,8261
2014,Sachsen-Anhalt,f,75 bis unter 80 Jahre,79556
2014,Sachsen-Anhalt,f,17 bis unter 18 Jahre,7613
2014,Sachsen-Anhalt,f,70 bis unter 71 Jahre,15134
2014,Sachsen-Anhalt,f,65 bis unter 66 Jahre,15842
2014,Sachsen-Anhalt,f,52 bis unter 53 Jahre,20234
2014,Sachsen-Anhalt,f,46 bis unter 47 Jahre,15980
2014,Sachsen-Anhalt,f,33 bis unter 34 Jahre,11994
2014,Sachsen-Anhalt,f,28 bis unter 29 Jahre,12299
2014,Sachsen-Anhalt,f,90 Jahre und mehr,15938
2014,Sachsen-Anhalt,f,15 bis unter 16 Jahre,7963
2014,Sachsen-Anhalt,f,59 bis unter 60 Jahre,18641
2014,Sachsen-Anhalt,f,2 bis unter 3 Jahre,8466
2014,Sachsen-Anhalt,f,29 bis unter 30 Jahre,12179
2014,Sachsen-Anhalt,f,20 bis unter 21 Jahre,7047
2014,Sachsen-Anhalt,f,64 bis unter 65 Jahre,17493
2014,Sachsen-Anhalt,f,51 bis unter 52 Jahre,20204
2014,Sachsen-Anhalt,f,58 bis unter 59 Jahre,18608
2014,Sachsen-Anhalt,f,1 bis unter 2 Jahre,8377
2014,Sachsen-Anhalt,f,45 bis unter 46 Jahre,15533
2014,Sachsen-Anhalt,f,32 bis unter 33 Jahre,12043
2014,Sachsen-Anhalt,f,27 bis unter 28 Jahre,12902
2014,Sachsen-Anhalt,f,14 bis unter 15 Jahre,8306
2014,Sachsen-Anhalt,f,50 bis unter 51 Jahre,19611
2014,Sachsen-Anhalt,f,63 bis unter 64 Jahre,17929
2014,Sachsen-Anhalt,f,57 bis unter 58 Jahre,18096
2014,Sachsen-Anhalt,f,unter 1 Jahr,8318
2014,Sachsen-Anhalt,f,44 bis unter 45 Jahre,14962
2014,Sachsen-Anhalt,f,39 bis unter 40 Jahre,9676
2014,Sachsen-Anhalt,f,26 bis unter 27 Jahre,13043
2014,Sachsen-Anhalt,f,13 bis unter 14 Jahre,8229
2014,Sachsen-Anhalt,f,9 bis unter 10 Jahre,8249
2014,Sachsen-Anhalt,f,62 bis unter 63 Jahre,18561
2014,Sachsen-Anhalt,f,31 bis unter 32 Jahre,12211
2014,Sachsen-Anhalt,f,12 bis unter 13 Jahre,8075
2014,Sachsen-Anhalt,f,69 bis unter 70 Jahre,10805
2014,Sachsen-Anhalt,f,56 bis unter 57 Jahre,18129
2014,Sachsen-Anhalt,f,38 bis unter 39 Jahre,10184
2014,Sachsen-Anhalt,f,25 bis unter 26 Jahre,12675
2014,Sachsen-Anhalt,f,8 bis unter 9 Jahre,7836
2014,Sachsen-Anhalt,f,61 bis unter 62 Jahre,18752
2014,Sachsen-Anhalt,f,43 bis unter 44 Jahre,14522
2014,Sachsen-Anhalt,f,30 bis unter 31 Jahre,12288
2014,Sachsen-Anhalt,f,74 bis unter 75 Jahre,19186
2014,Sachsen-Anhalt,f,24 bis unter 25 Jahre,12243
2014,Sachsen-Anhalt,f,11 bis unter 12 Jahre,7842
2014,Sachsen-Anhalt,f,68 bis unter 69 Jahre,10519
2014,Sachsen-Anhalt,f,55 bis unter 56 Jahre,19392
2014,Sachsen-Anhalt,f,37 bis unter 38 Jahre,11403
2014,Sachsen-Anhalt,f,73 bis unter 74 Jahre,18729
2014,Sachsen-Anhalt,f,7 bis unter 8 Jahre,8384
2014,Sachsen-Anhalt,f,60 bis unter 61 Jahre,18334
2014,Sachsen-Anhalt,f,85 bis unter 90 Jahre,32026
2014,Sachsen-Anhalt,f,42 bis unter 43 Jahre,12222
2014,Sachsen-Anhalt,f,23 bis unter 24 Jahre,8787
2014,Sachsen-Anhalt,f,10 bis unter 11 Jahre,8072
2014,Sachsen-Anhalt,f,67 bis unter 68 Jahre,13078
2014,Sachsen-Anhalt,f,5 bis unter 6 Jahre,8399
2014,Sachsen-Anhalt,f,49 bis unter 50 Jahre,18593
2014,Sachsen-Anhalt,f,36 bis unter 37 Jahre,11819
2014,Sachsen-Anhalt,f,72 bis unter 73 Jahre,15550
2014,Sachsen-Anhalt,f,19 bis unter 20 Jahre,6866
2014,Sachsen-Anhalt,f,6 bis unter 7 Jahre,8665
2014,Sachsen-Anhalt,f,54 bis unter 55 Jahre,19519
2014,Sachsen-Anhalt,f,41 bis unter 42 Jahre,10504
2014,Baden-Württemberg,m,4 bis unter 5 Jahre,48725
2014,Baden-Württemberg,m,48 bis unter 49 Jahre,92982
2014,Baden-Württemberg,m,35 bis unter 36 Jahre,64668
2014,Baden-Württemberg,m,17 bis unter 18 Jahre,62150
2014,Baden-Württemberg,m,70 bis unter 71 Jahre,47535
2014,Baden-Württemberg,m,53 bis unter 54 Jahre,87468
2014,Baden-Württemberg,m,40 bis unter 41 Jahre,63620
2014,Baden-Württemberg,m,22 bis unter 23 Jahre,68414
2014,Baden-Württemberg,m,66 bis unter 67 Jahre,54252
2014,Baden-Württemberg,m,49 bis unter 50 Jahre,92911
2014,Baden-Württemberg,m,36 bis unter 37 Jahre,63651
2014,Baden-Württemberg,m,18 bis unter 19 Jahre,62247
2014,Baden-Württemberg,m,71 bis unter 72 Jahre,47091
2014,Baden-Württemberg,m,5 bis unter 6 Jahre,48108
2014,Baden-Württemberg,m,41 bis unter 42 Jahre,63454
2014,Baden-Württemberg,m,23 bis unter 24 Jahre,70255
2014,Baden-Württemberg,m,10 bis unter 11 Jahre,51726
2014,Baden-Württemberg,m,67 bis unter 68 Jahre,49997
2014,Baden-Württemberg,m,54 bis unter 55 Jahre,84486
2014,Baden-Württemberg,m,15 bis unter 16 Jahre,58130
2014,Baden-Württemberg,m,90 Jahre und mehr,20486
2014,Baden-Württemberg,m,59 bis unter 60 Jahre,68030
2014,Baden-Württemberg,m,2 bis unter 3 Jahre,47685
2014,Baden-Württemberg,m,28 bis unter 29 Jahre,71354
2014,Baden-Württemberg,m,64 bis unter 65 Jahre,59254
2014,Baden-Württemberg,m,51 bis unter 52 Jahre,93299
2014,Baden-Württemberg,m,46 bis unter 47 Jahre,88147
2014,Baden-Württemberg,m,33 bis unter 34 Jahre,68820
2014,Baden-Württemberg,m,20 bis unter 21 Jahre,64885
2014,Baden-Württemberg,m,3 bis unter 4 Jahre,47055
2014,Baden-Württemberg,m,47 bis unter 48 Jahre,90697
2014,Baden-Württemberg,m,29 bis unter 30 Jahre,68823
2014,Baden-Württemberg,m,16 bis unter 17 Jahre,59792
2014,Baden-Württemberg,m,65 bis unter 66 Jahre,58570
2014,Baden-Württemberg,m,52 bis unter 53 Jahre,89907
2014,Baden-Württemberg,m,34 bis unter 35 Jahre,68960
2014,Baden-Württemberg,m,21 bis unter 22 Jahre,67252
2014,Baden-Württemberg,m,26 bis unter 27 Jahre,74497
2014,Baden-Württemberg,m,13 bis unter 14 Jahre,54310
2014,Baden-Württemberg,m,8 bis unter 9 Jahre,49111
2014,Baden-Württemberg,m,61 bis unter 62 Jahre,61631
2014,Baden-Württemberg,m,39 bis unter 40 Jahre,62389
2014,Baden-Württemberg,m,80 bis unter 85 Jahre,123679
2014,Baden-Württemberg,m,62 bis unter 63 Jahre,61628
2014,Baden-Württemberg,m,9 bis unter 10 Jahre,50207
2014,Baden-Württemberg,m,57 bis unter 58 Jahre,74830
2014,Baden-Württemberg,m,unter 1 Jahr,49584
2014,Baden-Württemberg,m,44 bis unter 45 Jahre,77962
2014,Baden-Württemberg,m,31 bis unter 32 Jahre,67852
2014,Baden-Württemberg,m,27 bis unter 28 Jahre,71927
2014,Baden-Württemberg,m,14 bis unter 15 Jahre,56832
2014,Baden-Württemberg,m,58 bis unter 59 Jahre,72303
2014,Baden-Württemberg,m,1 bis unter 2 Jahre,48446
2014,Baden-Württemberg,m,63 bis unter 64 Jahre,59706
2014,Baden-Württemberg,m,50 bis unter 51 Jahre,94439
2014,Baden-Württemberg,m,45 bis unter 46 Jahre,84300
2014,Baden-Württemberg,m,32 bis unter 33 Jahre,69644
2014,Baden-Württemberg,m,37 bis unter 38 Jahre,63439
2014,Baden-Württemberg,m,24 bis unter 25 Jahre,73832
2014,Baden-Württemberg,m,19 bis unter 20 Jahre,62935
2014,Baden-Württemberg,m,72 bis unter 73 Jahre,46682
2014,Baden-Württemberg,m,6 bis unter 7 Jahre,49180
2014,Baden-Württemberg,m,85 bis unter 90 Jahre,63565
2014,Baden-Württemberg,m,42 bis unter 43 Jahre,68981
2014,Baden-Württemberg,m,73 bis unter 74 Jahre,54298
2014,Baden-Württemberg,m,11 bis unter 12 Jahre,52170
2014,Baden-Württemberg,m,68 bis unter 69 Jahre,43300
2014,Baden-Württemberg,m,55 bis unter 56 Jahre,81193
2014,Baden-Württemberg,m,38 bis unter 39 Jahre,63817
2014,Baden-Württemberg,m,75 bis unter 80 Jahre,227046
2014,Baden-Württemberg,m,25 bis unter 26 Jahre,72663
2014,Baden-Württemberg,m,12 bis unter 13 Jahre,53106
2014,Baden-Württemberg,m,7 bis unter 8 Jahre,49334
2014,Baden-Württemberg,m,60 bis unter 61 Jahre,64899
2014,Baden-Württemberg,m,30 bis unter 31 Jahre,68690
2014,Baden-Württemberg,m,74 bis unter 75 Jahre,55995
2014,Baden-Württemberg,m,69 bis unter 70 Jahre,36751
2014,Baden-Württemberg,m,56 bis unter 57 Jahre,77032
2014,Baden-Württemberg,m,43 bis unter 44 Jahre,75152
2014,Baden-Württemberg,f,64 bis unter 65 Jahre,64399
2014,Baden-Württemberg,f,51 bis unter 52 Jahre,90085
2014,Baden-Württemberg,f,29 bis unter 30 Jahre,64896
2014,Baden-Württemberg,f,16 bis unter 17 Jahre,56326
2014,Baden-Württemberg,f,3 bis unter 4 Jahre,44985
2014,Baden-Württemberg,f,34 bis unter 35 Jahre,68057
2014,Baden-Württemberg,f,47 bis unter 48 Jahre,88158
2014,Baden-Württemberg,f,21 bis unter 22 Jahre,62650
2014,Baden-Württemberg,f,85 bis unter 90 Jahre,121361
2014,Baden-Württemberg,f,63 bis unter 64 Jahre,63582
2014,Baden-Württemberg,f,50 bis unter 51 Jahre,91189
2014,Baden-Württemberg,f,15 bis unter 16 Jahre,54406
2014,Baden-Württemberg,f,28 bis unter 29 Jahre,67194
2014,Baden-Württemberg,f,90 Jahre und mehr,68003
2014,Baden-Württemberg,f,59 bis unter 60 Jahre,69683
2014,Baden-Württemberg,f,2 bis unter 3 Jahre,45359
2014,Baden-Württemberg,f,46 bis unter 47 Jahre,86722
2014,Baden-Württemberg,f,20 bis unter 21 Jahre,59864
2014,Baden-Württemberg,f,33 bis unter 34 Jahre,67550
2014,Baden-Württemberg,f,31 bis unter 32 Jahre,65711
2014,Baden-Württemberg,f,62 bis unter 63 Jahre,65774
2014,Baden-Württemberg,f,9 bis unter 10 Jahre,47921
2014,Baden-Württemberg,f,27 bis unter 28 Jahre,66985
2014,Baden-Württemberg,f,1 bis unter 2 Jahre,45680
2014,Baden-Württemberg,f,14 bis unter 15 Jahre,54083
2014,Baden-Württemberg,f,45 bis unter 46 Jahre,82546
2014,Baden-Württemberg,f,58 bis unter 59 Jahre,73202
2014,Baden-Württemberg,f,32 bis unter 33 Jahre,67301
2014,Baden-Württemberg,f,30 bis unter 31 Jahre,65112
2014,Baden-Württemberg,f,74 bis unter 75 Jahre,65943
2014,Baden-Württemberg,f,8 bis unter 9 Jahre,46897
2014,Baden-Württemberg,f,61 bis unter 62 Jahre,65951
2014,Baden-Württemberg,f,39 bis unter 40 Jahre,62076
2014,Baden-Württemberg,f,13 bis unter 14 Jahre,51258
2014,Baden-Württemberg,f,26 bis unter 27 Jahre,69266
2014,Baden-Württemberg,f,57 bis unter 58 Jahre,74680
2014,Baden-Württemberg,f,unter 1 Jahr,46727
2014,Baden-Württemberg,f,44 bis unter 45 Jahre,77223
2014,Baden-Württemberg,f,42 bis unter 43 Jahre,69090
2014,Baden-Württemberg,f,60 bis unter 61 Jahre,68386
2014,Baden-Württemberg,f,73 bis unter 74 Jahre,63234
2014,Baden-Württemberg,f,80 bis unter 85 Jahre,177501
2014,Baden-Württemberg,f,7 bis unter 8 Jahre,47629
2014,Baden-Württemberg,f,38 bis unter 39 Jahre,62854
2014,Baden-Württemberg,f,25 bis unter 26 Jahre,67782
2014,Baden-Württemberg,f,69 bis unter 70 Jahre,40391
2014,Baden-Württemberg,f,12 bis unter 13 Jahre,49972
2014,Baden-Württemberg,f,43 bis unter 44 Jahre,74001
2014,Baden-Württemberg,f,56 bis unter 57 Jahre,76769
2014,Baden-Württemberg,f,41 bis unter 42 Jahre,63709
2014,Baden-Württemberg,f,54 bis unter 55 Jahre,84245
2014,Baden-Württemberg,f,19 bis unter 20 Jahre,58471
2014,Baden-Württemberg,f,72 bis unter 73 Jahre,51727
2014,Baden-Württemberg,f,6 bis unter 7 Jahre,47114
2014,Baden-Württemberg,f,75 bis unter 80 Jahre,281014
2014,Baden-Württemberg,f,24 bis unter 25 Jahre,68961
2014,Baden-Württemberg,f,37 bis unter 38 Jahre,62865
2014,Baden-Württemberg,f,68 bis unter 69 Jahre,46780
2014,Baden-Württemberg,f,11 bis unter 12 Jahre,48796
2014,Baden-Württemberg,f,55 bis unter 56 Jahre,80764
2014,Baden-Württemberg,f,53 bis unter 54 Jahre,86639
2014,Baden-Württemberg,f,40 bis unter 41 Jahre,63951
2014,Baden-Württemberg,f,18 bis unter 19 Jahre,58557
2014,Baden-Württemberg,f,71 bis unter 72 Jahre,53527
2014,Baden-Württemberg,f,5 bis unter 6 Jahre,45730
2014,Baden-Württemberg,f,36 bis unter 37 Jahre,62989
2014,Baden-Württemberg,f,49 bis unter 50 Jahre,89719
2014,Baden-Württemberg,f,23 bis unter 24 Jahre,65674
2014,Baden-Württemberg,f,67 bis unter 68 Jahre,53364
2014,Baden-Württemberg,f,10 bis unter 11 Jahre,48773
2014,Baden-Württemberg,f,65 bis unter 66 Jahre,62673
2014,Baden-Württemberg,f,52 bis unter 53 Jahre,87464
2014,Baden-Württemberg,f,17 bis unter 18 Jahre,58761
2014,Baden-Württemberg,f,70 bis unter 71 Jahre,52457
2014,Baden-Württemberg,f,4 bis unter 5 Jahre,46044
2014,Baden-Württemberg,f,48 bis unter 49 Jahre,90294
2014,Baden-Württemberg,f,22 bis unter 23 Jahre,63179
2014,Baden-Württemberg,f,35 bis unter 36 Jahre,64708
2014,Baden-Württemberg,f,66 bis unter 67 Jahre,57058
2014,Saarland,m,9 bis unter 10 Jahre,3858
2014,Saarland,m,62 bis unter 63 Jahre,7144
2014,Saarland,m,27 bis unter 28 Jahre,6183
2014,Saarland,m,57 bis unter 58 Jahre,8210
2014,Saarland,m,unter 1 Jahr,3740
2014,Saarland,m,13 bis unter 14 Jahre,4309
2014,Saarland,m,31 bis unter 32 Jahre,5772
2014,Saarland,m,44 bis unter 45 Jahre,6445
2014,Saarland,m,80 bis unter 85 Jahre,13269
2014,Saarland,m,50 bis unter 51 Jahre,8773
2014,Saarland,m,63 bis unter 64 Jahre,6813
2014,Saarland,m,15 bis unter 16 Jahre,4570
2014,Saarland,m,28 bis unter 29 Jahre,6195
2014,Saarland,m,45 bis unter 46 Jahre,7205
2014,Saarland,m,58 bis unter 59 Jahre,7790
2014,Saarland,m,1 bis unter 2 Jahre,3614
2014,Saarland,m,75 bis unter 80 Jahre,24183
2014,Saarland,m,14 bis unter 15 Jahre,4493
2014,Saarland,m,32 bis unter 33 Jahre,5859
2014,Saarland,m,7 bis unter 8 Jahre,3778
2014,Saarland,m,60 bis unter 61 Jahre,7440
2014,Saarland,m,73 bis unter 74 Jahre,5514
2014,Saarland,m,38 bis unter 39 Jahre,5087
2014,Saarland,m,68 bis unter 69 Jahre,3858
2014,Saarland,m,11 bis unter 12 Jahre,3983
2014,Saarland,m,24 bis unter 25 Jahre,6356
2014,Saarland,m,37 bis unter 38 Jahre,5198
2014,Saarland,m,42 bis unter 43 Jahre,5565
2014,Saarland,m,55 bis unter 56 Jahre,8979
2014,Saarland,m,8 bis unter 9 Jahre,3875
2014,Saarland,m,61 bis unter 62 Jahre,7223
2014,Saarland,m,74 bis unter 75 Jahre,5666
2014,Saarland,m,26 bis unter 27 Jahre,6217
2014,Saarland,m,39 bis unter 40 Jahre,4950
2014,Saarland,m,56 bis unter 57 Jahre,8503
2014,Saarland,m,69 bis unter 70 Jahre,3554
2014,Saarland,m,12 bis unter 13 Jahre,4194
2014,Saarland,m,25 bis unter 26 Jahre,6090
2014,Saarland,m,30 bis unter 31 Jahre,5660
2014,Saarland,m,43 bis unter 44 Jahre,6157
2014,Saarland,m,71 bis unter 72 Jahre,4532
2014,Saarland,m,40 bis unter 41 Jahre,4999
2014,Saarland,m,49 bis unter 50 Jahre,8472
2014,Saarland,m,5 bis unter 6 Jahre,3591
2014,Saarland,m,18 bis unter 19 Jahre,5325
2014,Saarland,m,22 bis unter 23 Jahre,5733
2014,Saarland,m,35 bis unter 36 Jahre,5279
2014,Saarland,m,48 bis unter 49 Jahre,8489
2014,Saarland,m,53 bis unter 54 Jahre,9124
2014,Saarland,m,66 bis unter 67 Jahre,6063
2014,Saarland,m,19 bis unter 20 Jahre,5192
2014,Saarland,m,72 bis unter 73 Jahre,4365
2014,Saarland,m,6 bis unter 7 Jahre,3800
2014,Saarland,m,90 Jahre und mehr,2012
2014,Saarland,m,10 bis unter 11 Jahre,4024
2014,Saarland,m,23 bis unter 24 Jahre,6077
2014,Saarland,m,36 bis unter 37 Jahre,5057
2014,Saarland,m,41 bis unter 42 Jahre,5011
2014,Saarland,m,54 bis unter 55 Jahre,8613
2014,Saarland,m,67 bis unter 68 Jahre,4858
2014,Saarland,m,85 bis unter 90 Jahre,6375
2014,Saarland,m,51 bis unter 52 Jahre,8904
2014,Saarland,m,3 bis unter 4 Jahre,3728
2014,Saarland,m,16 bis unter 17 Jahre,4828
2014,Saarland,m,29 bis unter 30 Jahre,5744
2014,Saarland,m,33 bis unter 34 Jahre,5858
2014,Saarland,m,46 bis unter 47 Jahre,7716
2014,Saarland,m,59 bis unter 60 Jahre,7387
2014,Saarland,m,2 bis unter 3 Jahre,3594
2014,Saarland,m,64 bis unter 65 Jahre,7012
2014,Saarland,m,20 bis unter 21 Jahre,5351
2014,Saarland,m,4 bis unter 5 Jahre,3619
2014,Saarland,m,17 bis unter 18 Jahre,5192
2014,Saarland,m,70 bis unter 71 Jahre,4733
2014,Saarland,m,34 bis unter 35 Jahre,5748
2014,Saarland,m,47 bis unter 48 Jahre,8106
2014,Saarland,m,52 bis unter 53 Jahre,8900
2014,Saarland,m,65 bis unter 66 Jahre,7156
2014,Saarland,m,21 bis unter 22 Jahre,5760
2014,Saarland,f,56 bis unter 57 Jahre,8423
2014,Saarland,f,43 bis unter 44 Jahre,6372
2014,Saarland,f,30 bis unter 31 Jahre,5313
2014,Saarland,f,74 bis unter 75 Jahre,6953
2014,Saarland,f,61 bis unter 62 Jahre,7511
2014,Saarland,f,8 bis unter 9 Jahre,3453
2014,Saarland,f,60 bis unter 61 Jahre,7683
2014,Saarland,f,7 bis unter 8 Jahre,3560
2014,Saarland,f,38 bis unter 39 Jahre,5018
2014,Saarland,f,25 bis unter 26 Jahre,5607
2014,Saarland,f,12 bis unter 13 Jahre,3907
2014,Saarland,f,69 bis unter 70 Jahre,3918
2014,Saarland,f,90 Jahre und mehr,7163
2014,Saarland,f,68 bis unter 69 Jahre,4247
2014,Saarland,f,55 bis unter 56 Jahre,8687
2014,Saarland,f,42 bis unter 43 Jahre,5656
2014,Saarland,f,73 bis unter 74 Jahre,6613
2014,Saarland,f,6 bis unter 7 Jahre,3563
2014,Saarland,f,37 bis unter 38 Jahre,5289
2014,Saarland,f,24 bis unter 25 Jahre,5761
2014,Saarland,f,11 bis unter 12 Jahre,3720
2014,Saarland,f,10 bis unter 11 Jahre,3715
2014,Saarland,f,67 bis unter 68 Jahre,5141
2014,Saarland,f,54 bis unter 55 Jahre,8740
2014,Saarland,f,41 bis unter 42 Jahre,5142
2014,Saarland,f,72 bis unter 73 Jahre,5184
2014,Saarland,f,19 bis unter 20 Jahre,4791
2014,Saarland,f,71 bis unter 72 Jahre,5214
2014,Saarland,f,18 bis unter 19 Jahre,4940
2014,Saarland,f,5 bis unter 6 Jahre,3475
2014,Saarland,f,49 bis unter 50 Jahre,8797
2014,Saarland,f,36 bis unter 37 Jahre,5257
2014,Saarland,f,23 bis unter 24 Jahre,5565
2014,Saarland,f,22 bis unter 23 Jahre,5407
2014,Saarland,f,66 bis unter 67 Jahre,6299
2014,Saarland,f,53 bis unter 54 Jahre,8936
2014,Saarland,f,40 bis unter 41 Jahre,5080
2014,Saarland,f,70 bis unter 71 Jahre,5358
2014,Saarland,f,17 bis unter 18 Jahre,4946
2014,Saarland,f,4 bis unter 5 Jahre,3582
2014,Saarland,f,48 bis unter 49 Jahre,8441
2014,Saarland,f,35 bis unter 36 Jahre,5358
2014,Saarland,f,21 bis unter 22 Jahre,5227
2014,Saarland,f,65 bis unter 66 Jahre,7257
2014,Saarland,f,52 bis unter 53 Jahre,8929
2014,Saarland,f,29 bis unter 30 Jahre,5328
2014,Saarland,f,16 bis unter 17 Jahre,4492
2014,Saarland,f,3 bis unter 4 Jahre,3477
2014,Saarland,f,47 bis unter 48 Jahre,8086
2014,Saarland,f,34 bis unter 35 Jahre,5487
2014,Saarland,f,33 bis unter 34 Jahre,5368
2014,Saarland,f,20 bis unter 21 Jahre,5046
2014,Saarland,f,64 bis unter 65 Jahre,7126
2014,Saarland,f,51 bis unter 52 Jahre,9029
2014,Saarland,f,28 bis unter 29 Jahre,5621
2014,Saarland,f,15 bis unter 16 Jahre,4529
2014,Saarland,f,59 bis unter 60 Jahre,7519
2014,Saarland,f,2 bis unter 3 Jahre,3434
2014,Saarland,f,46 bis unter 47 Jahre,7848
2014,Saarland,f,45 bis unter 46 Jahre,7339
2014,Saarland,f,32 bis unter 33 Jahre,5509
2014,Saarland,f,63 bis unter 64 Jahre,7120
2014,Saarland,f,50 bis unter 51 Jahre,9071
2014,Saarland,f,27 bis unter 28 Jahre,5675
2014,Saarland,f,85 bis unter 90 Jahre,13435
2014,Saarland,f,14 bis unter 15 Jahre,4305
2014,Saarland,f,58 bis unter 59 Jahre,7876
2014,Saarland,f,1 bis unter 2 Jahre,3325
2014,Saarland,f,75 bis unter 80 Jahre,32047
2014,Saarland,f,44 bis unter 45 Jahre,6466
2014,Saarland,f,31 bis unter 32 Jahre,5388
2014,Saarland,f,9 bis unter 10 Jahre,3711
2014,Saarland,f,62 bis unter 63 Jahre,7240
2014,Saarland,f,39 bis unter 40 Jahre,4878
2014,Saarland,f,26 bis unter 27 Jahre,5723
2014,Saarland,f,13 bis unter 14 Jahre,4075
2014,Saarland,f,80 bis unter 85 Jahre,20010
2014,Saarland,f,57 bis unter 58 Jahre,8100
2014,Saarland,f,unter 1 Jahr,3555
2014,Mecklenburg-Vorpommern,m,2 bis unter 3 Jahre,6690
2014,Mecklenburg-Vorpommern,m,90 Jahre und mehr,2163
2014,Mecklenburg-Vorpommern,m,59 bis unter 60 Jahre,13579
2014,Mecklenburg-Vorpommern,m,15 bis unter 16 Jahre,6245
2014,Mecklenburg-Vorpommern,m,33 bis unter 34 Jahre,10303
2014,Mecklenburg-Vorpommern,m,20 bis unter 21 Jahre,5139
2014,Mecklenburg-Vorpommern,m,46 bis unter 47 Jahre,11684
2014,Mecklenburg-Vorpommern,m,51 bis unter 52 Jahre,15485
2014,Mecklenburg-Vorpommern,m,64 bis unter 65 Jahre,11514
2014,Mecklenburg-Vorpommern,m,29 bis unter 30 Jahre,10660
2014,Mecklenburg-Vorpommern,m,47 bis unter 48 Jahre,12101
2014,Mecklenburg-Vorpommern,m,80 bis unter 85 Jahre,21186
2014,Mecklenburg-Vorpommern,m,16 bis unter 17 Jahre,6075
2014,Mecklenburg-Vorpommern,m,3 bis unter 4 Jahre,6676
2014,Mecklenburg-Vorpommern,m,21 bis unter 22 Jahre,5401
2014,Mecklenburg-Vorpommern,m,34 bis unter 35 Jahre,10386
2014,Mecklenburg-Vorpommern,m,65 bis unter 66 Jahre,9787
2014,Mecklenburg-Vorpommern,m,52 bis unter 53 Jahre,15452
2014,Mecklenburg-Vorpommern,m,70 bis unter 71 Jahre,7933
2014,Mecklenburg-Vorpommern,m,17 bis unter 18 Jahre,6123
2014,Mecklenburg-Vorpommern,m,48 bis unter 49 Jahre,13163
2014,Mecklenburg-Vorpommern,m,4 bis unter 5 Jahre,6954
2014,Mecklenburg-Vorpommern,m,66 bis unter 67 Jahre,8472
2014,Mecklenburg-Vorpommern,m,35 bis unter 36 Jahre,10341
2014,Mecklenburg-Vorpommern,m,22 bis unter 23 Jahre,5898
2014,Mecklenburg-Vorpommern,m,40 bis unter 41 Jahre,8099
2014,Mecklenburg-Vorpommern,m,53 bis unter 54 Jahre,15659
2014,Mecklenburg-Vorpommern,m,18 bis unter 19 Jahre,5835
2014,Mecklenburg-Vorpommern,m,5 bis unter 6 Jahre,6775
2014,Mecklenburg-Vorpommern,m,71 bis unter 72 Jahre,8554
2014,Mecklenburg-Vorpommern,m,36 bis unter 37 Jahre,10251
2014,Mecklenburg-Vorpommern,m,49 bis unter 50 Jahre,14076
2014,Mecklenburg-Vorpommern,m,67 bis unter 68 Jahre,7769
2014,Mecklenburg-Vorpommern,m,10 bis unter 11 Jahre,6605
2014,Mecklenburg-Vorpommern,m,23 bis unter 24 Jahre,6808
2014,Mecklenburg-Vorpommern,m,54 bis unter 55 Jahre,15166
2014,Mecklenburg-Vorpommern,m,41 bis unter 42 Jahre,8270
2014,Mecklenburg-Vorpommern,m,6 bis unter 7 Jahre,6866
2014,Mecklenburg-Vorpommern,m,72 bis unter 73 Jahre,8147
2014,Mecklenburg-Vorpommern,m,19 bis unter 20 Jahre,5319
2014,Mecklenburg-Vorpommern,m,37 bis unter 38 Jahre,9992
2014,Mecklenburg-Vorpommern,m,24 bis unter 25 Jahre,10248
2014,Mecklenburg-Vorpommern,m,55 bis unter 56 Jahre,14779
2014,Mecklenburg-Vorpommern,m,68 bis unter 69 Jahre,5183
2014,Mecklenburg-Vorpommern,m,85 bis unter 90 Jahre,8447
2014,Mecklenburg-Vorpommern,m,11 bis unter 12 Jahre,6482
2014,Mecklenburg-Vorpommern,m,73 bis unter 74 Jahre,10182
2014,Mecklenburg-Vorpommern,m,42 bis unter 43 Jahre,9043
2014,Mecklenburg-Vorpommern,m,7 bis unter 8 Jahre,6679
2014,Mecklenburg-Vorpommern,m,60 bis unter 61 Jahre,13587
2014,Mecklenburg-Vorpommern,m,25 bis unter 26 Jahre,10720
2014,Mecklenburg-Vorpommern,m,38 bis unter 39 Jahre,8730
2014,Mecklenburg-Vorpommern,m,56 bis unter 57 Jahre,14000
2014,Mecklenburg-Vorpommern,m,43 bis unter 44 Jahre,10556
2014,Mecklenburg-Vorpommern,m,69 bis unter 70 Jahre,5364
2014,Mecklenburg-Vorpommern,m,12 bis unter 13 Jahre,6434
2014,Mecklenburg-Vorpommern,m,74 bis unter 75 Jahre,9989
2014,Mecklenburg-Vorpommern,m,75 bis unter 80 Jahre,40174
2014,Mecklenburg-Vorpommern,m,30 bis unter 31 Jahre,10350
2014,Mecklenburg-Vorpommern,m,8 bis unter 9 Jahre,6525
2014,Mecklenburg-Vorpommern,m,61 bis unter 62 Jahre,13143
2014,Mecklenburg-Vorpommern,m,13 bis unter 14 Jahre,6515
2014,Mecklenburg-Vorpommern,m,39 bis unter 40 Jahre,8196
2014,Mecklenburg-Vorpommern,m,26 bis unter 27 Jahre,11263
2014,Mecklenburg-Vorpommern,m,44 bis unter 45 Jahre,10586
2014,Mecklenburg-Vorpommern,m,31 bis unter 32 Jahre,10485
2014,Mecklenburg-Vorpommern,m,unter 1 Jahr,6555
2014,Mecklenburg-Vorpommern,m,57 bis unter 58 Jahre,13663
2014,Mecklenburg-Vorpommern,m,9 bis unter 10 Jahre,6199
2014,Mecklenburg-Vorpommern,m,62 bis unter 63 Jahre,12644
2014,Mecklenburg-Vorpommern,m,14 bis unter 15 Jahre,6625
2014,Mecklenburg-Vorpommern,m,1 bis unter 2 Jahre,6535
2014,Mecklenburg-Vorpommern,m,27 bis unter 28 Jahre,11391
2014,Mecklenburg-Vorpommern,m,32 bis unter 33 Jahre,10624
2014,Mecklenburg-Vorpommern,m,58 bis unter 59 Jahre,13479
2014,Mecklenburg-Vorpommern,m,45 bis unter 46 Jahre,11036
2014,Mecklenburg-Vorpommern,m,63 bis unter 64 Jahre,12293
2014,Mecklenburg-Vorpommern,m,50 bis unter 51 Jahre,14864
2014,Mecklenburg-Vorpommern,m,28 bis unter 29 Jahre,10776
2014,Mecklenburg-Vorpommern,f,31 bis unter 32 Jahre,9307
2014,Mecklenburg-Vorpommern,f,44 bis unter 45 Jahre,9868
2014,Mecklenburg-Vorpommern,f,57 bis unter 58 Jahre,13366
2014,Mecklenburg-Vorpommern,f,unter 1 Jahr,6310
2014,Mecklenburg-Vorpommern,f,13 bis unter 14 Jahre,6153
2014,Mecklenburg-Vorpommern,f,26 bis unter 27 Jahre,9805
2014,Mecklenburg-Vorpommern,f,39 bis unter 40 Jahre,7232
2014,Mecklenburg-Vorpommern,f,8 bis unter 9 Jahre,6125
2014,Mecklenburg-Vorpommern,f,61 bis unter 62 Jahre,13522
2014,Mecklenburg-Vorpommern,f,63 bis unter 64 Jahre,12755
2014,Mecklenburg-Vorpommern,f,32 bis unter 33 Jahre,9434
2014,Mecklenburg-Vorpommern,f,45 bis unter 46 Jahre,10335
2014,Mecklenburg-Vorpommern,f,58 bis unter 59 Jahre,13614
2014,Mecklenburg-Vorpommern,f,1 bis unter 2 Jahre,6292
2014,Mecklenburg-Vorpommern,f,14 bis unter 15 Jahre,6246
2014,Mecklenburg-Vorpommern,f,27 bis unter 28 Jahre,10019
2014,Mecklenburg-Vorpommern,f,9 bis unter 10 Jahre,6124
2014,Mecklenburg-Vorpommern,f,62 bis unter 63 Jahre,13194
2014,Mecklenburg-Vorpommern,f,51 bis unter 52 Jahre,14976
2014,Mecklenburg-Vorpommern,f,64 bis unter 65 Jahre,11812
2014,Mecklenburg-Vorpommern,f,20 bis unter 21 Jahre,4854
2014,Mecklenburg-Vorpommern,f,33 bis unter 34 Jahre,8994
2014,Mecklenburg-Vorpommern,f,46 bis unter 47 Jahre,11132
2014,Mecklenburg-Vorpommern,f,59 bis unter 60 Jahre,13752
2014,Mecklenburg-Vorpommern,f,2 bis unter 3 Jahre,6393
2014,Mecklenburg-Vorpommern,f,15 bis unter 16 Jahre,5974
2014,Mecklenburg-Vorpommern,f,28 bis unter 29 Jahre,9634
2014,Mecklenburg-Vorpommern,f,50 bis unter 51 Jahre,14306
2014,Mecklenburg-Vorpommern,f,52 bis unter 53 Jahre,14975
2014,Mecklenburg-Vorpommern,f,65 bis unter 66 Jahre,10243
2014,Mecklenburg-Vorpommern,f,21 bis unter 22 Jahre,4959
2014,Mecklenburg-Vorpommern,f,34 bis unter 35 Jahre,9427
2014,Mecklenburg-Vorpommern,f,47 bis unter 48 Jahre,11921
2014,Mecklenburg-Vorpommern,f,3 bis unter 4 Jahre,6324
2014,Mecklenburg-Vorpommern,f,16 bis unter 17 Jahre,5858
2014,Mecklenburg-Vorpommern,f,29 bis unter 30 Jahre,9524
2014,Mecklenburg-Vorpommern,f,40 bis unter 41 Jahre,7142
2014,Mecklenburg-Vorpommern,f,53 bis unter 54 Jahre,15179
2014,Mecklenburg-Vorpommern,f,66 bis unter 67 Jahre,8859
2014,Mecklenburg-Vorpommern,f,85 bis unter 90 Jahre,19987
2014,Mecklenburg-Vorpommern,f,22 bis unter 23 Jahre,5542
2014,Mecklenburg-Vorpommern,f,35 bis unter 36 Jahre,8982
2014,Mecklenburg-Vorpommern,f,48 bis unter 49 Jahre,12799
2014,Mecklenburg-Vorpommern,f,4 bis unter 5 Jahre,6667
2014,Mecklenburg-Vorpommern,f,70 bis unter 71 Jahre,9065
2014,Mecklenburg-Vorpommern,f,17 bis unter 18 Jahre,5714
2014,Mecklenburg-Vorpommern,f,41 bis unter 42 Jahre,7383
2014,Mecklenburg-Vorpommern,f,54 bis unter 55 Jahre,15006
2014,Mecklenburg-Vorpommern,f,67 bis unter 68 Jahre,8360
2014,Mecklenburg-Vorpommern,f,10 bis unter 11 Jahre,6308
2014,Mecklenburg-Vorpommern,f,23 bis unter 24 Jahre,6322
2014,Mecklenburg-Vorpommern,f,36 bis unter 37 Jahre,9015
2014,Mecklenburg-Vorpommern,f,49 bis unter 50 Jahre,13529
2014,Mecklenburg-Vorpommern,f,5 bis unter 6 Jahre,6603
2014,Mecklenburg-Vorpommern,f,18 bis unter 19 Jahre,5412
2014,Mecklenburg-Vorpommern,f,71 bis unter 72 Jahre,9895
2014,Mecklenburg-Vorpommern,f,42 bis unter 43 Jahre,8263
2014,Mecklenburg-Vorpommern,f,55 bis unter 56 Jahre,14647
2014,Mecklenburg-Vorpommern,f,68 bis unter 69 Jahre,5433
2014,Mecklenburg-Vorpommern,f,90 Jahre und mehr,9087
2014,Mecklenburg-Vorpommern,f,11 bis unter 12 Jahre,6183
2014,Mecklenburg-Vorpommern,f,24 bis unter 25 Jahre,9408
2014,Mecklenburg-Vorpommern,f,37 bis unter 38 Jahre,8719
2014,Mecklenburg-Vorpommern,f,6 bis unter 7 Jahre,6617
2014,Mecklenburg-Vorpommern,f,19 bis unter 20 Jahre,5025
2014,Mecklenburg-Vorpommern,f,72 bis unter 73 Jahre,9652
2014,Mecklenburg-Vorpommern,f,74 bis unter 75 Jahre,12471
2014,Mecklenburg-Vorpommern,f,30 bis unter 31 Jahre,9329
2014,Mecklenburg-Vorpommern,f,43 bis unter 44 Jahre,9511
2014,Mecklenburg-Vorpommern,f,75 bis unter 80 Jahre,54867
2014,Mecklenburg-Vorpommern,f,56 bis unter 57 Jahre,13798
2014,Mecklenburg-Vorpommern,f,69 bis unter 70 Jahre,6088
2014,Mecklenburg-Vorpommern,f,12 bis unter 13 Jahre,5964
2014,Mecklenburg-Vorpommern,f,25 bis unter 26 Jahre,9593
2014,Mecklenburg-Vorpommern,f,38 bis unter 39 Jahre,7608
2014,Mecklenburg-Vorpommern,f,80 bis unter 85 Jahre,34197
2014,Mecklenburg-Vorpommern,f,60 bis unter 61 Jahre,13635
2014,Mecklenburg-Vorpommern,f,7 bis unter 8 Jahre,6317
2014,Mecklenburg-Vorpommern,f,73 bis unter 74 Jahre,12253
2014,Hessen,m,31 bis unter 32 Jahre,37858
2014,Hessen,m,85 bis unter 90 Jahre,37219
2014,Hessen,m,44 bis unter 45 Jahre,45416
2014,Hessen,m,57 bis unter 58 Jahre,42695
2014,Hessen,m,unter 1 Jahr,27878
2014,Hessen,m,13 bis unter 14 Jahre,29638
2014,Hessen,m,26 bis unter 27 Jahre,40417
2014,Hessen,m,39 bis unter 40 Jahre,36200
2014,Hessen,m,8 bis unter 9 Jahre,27130
2014,Hessen,m,61 bis unter 62 Jahre,35583
2014,Hessen,m,30 bis unter 31 Jahre,38009
2014,Hessen,m,43 bis unter 44 Jahre,43181
2014,Hessen,m,56 bis unter 57 Jahre,43838
2014,Hessen,m,12 bis unter 13 Jahre,28900
2014,Hessen,m,25 bis unter 26 Jahre,39376
2014,Hessen,m,38 bis unter 39 Jahre,36877
2014,Hessen,m,7 bis unter 8 Jahre,27926
2014,Hessen,m,60 bis unter 61 Jahre,37716
2014,Hessen,m,75 bis unter 80 Jahre,129306
2014,Hessen,m,42 bis unter 43 Jahre,39666
2014,Hessen,m,55 bis unter 56 Jahre,46271
2014,Hessen,m,11 bis unter 12 Jahre,28129
2014,Hessen,m,24 bis unter 25 Jahre,39283
2014,Hessen,m,37 bis unter 38 Jahre,36555
2014,Hessen,m,6 bis unter 7 Jahre,27659
2014,Hessen,m,19 bis unter 20 Jahre,32870
2014,Hessen,m,41 bis unter 42 Jahre,37107
2014,Hessen,m,54 bis unter 55 Jahre,47747
2014,Hessen,m,10 bis unter 11 Jahre,28404
2014,Hessen,m,23 bis unter 24 Jahre,36763
2014,Hessen,m,36 bis unter 37 Jahre,36979
2014,Hessen,m,70 bis unter 71 Jahre,28791
2014,Hessen,m,49 bis unter 50 Jahre,53850
2014,Hessen,m,5 bis unter 6 Jahre,27089
2014,Hessen,m,18 bis unter 19 Jahre,33358
2014,Hessen,m,40 bis unter 41 Jahre,36823
2014,Hessen,m,53 bis unter 54 Jahre,49566
2014,Hessen,m,66 bis unter 67 Jahre,33496
2014,Hessen,m,22 bis unter 23 Jahre,35438
2014,Hessen,m,35 bis unter 36 Jahre,37572
2014,Hessen,m,71 bis unter 72 Jahre,28463
2014,Hessen,m,48 bis unter 49 Jahre,53813
2014,Hessen,m,4 bis unter 5 Jahre,27308
2014,Hessen,m,17 bis unter 18 Jahre,33297
2014,Hessen,m,67 bis unter 68 Jahre,30947
2014,Hessen,m,52 bis unter 53 Jahre,51136
2014,Hessen,m,65 bis unter 66 Jahre,35546
2014,Hessen,m,21 bis unter 22 Jahre,34739
2014,Hessen,m,34 bis unter 35 Jahre,38984
2014,Hessen,m,72 bis unter 73 Jahre,26598
2014,Hessen,m,47 bis unter 48 Jahre,52453
2014,Hessen,m,3 bis unter 4 Jahre,27142
2014,Hessen,m,16 bis unter 17 Jahre,32001
2014,Hessen,m,29 bis unter 30 Jahre,37772
2014,Hessen,m,68 bis unter 69 Jahre,26499
2014,Hessen,m,51 bis unter 52 Jahre,53361
2014,Hessen,m,64 bis unter 65 Jahre,35812
2014,Hessen,m,80 bis unter 85 Jahre,68688
2014,Hessen,m,20 bis unter 21 Jahre,34043
2014,Hessen,m,33 bis unter 34 Jahre,38695
2014,Hessen,m,73 bis unter 74 Jahre,31530
2014,Hessen,m,46 bis unter 47 Jahre,51777
2014,Hessen,m,59 bis unter 60 Jahre,38780
2014,Hessen,m,2 bis unter 3 Jahre,27245
2014,Hessen,m,15 bis unter 16 Jahre,30822
2014,Hessen,m,90 Jahre und mehr,12375
2014,Hessen,m,28 bis unter 29 Jahre,38887
2014,Hessen,m,69 bis unter 70 Jahre,21721
2014,Hessen,m,50 bis unter 51 Jahre,54552
2014,Hessen,m,63 bis unter 64 Jahre,34908
2014,Hessen,m,32 bis unter 33 Jahre,39213
2014,Hessen,m,74 bis unter 75 Jahre,32920
2014,Hessen,m,45 bis unter 46 Jahre,49277
2014,Hessen,m,58 bis unter 59 Jahre,40899
2014,Hessen,m,1 bis unter 2 Jahre,27096
2014,Hessen,m,14 bis unter 15 Jahre,30683
2014,Hessen,m,27 bis unter 28 Jahre,39508
2014,Hessen,m,9 bis unter 10 Jahre,27948
2014,Hessen,m,62 bis unter 63 Jahre,35735
2014,Hessen,f,38 bis unter 39 Jahre,37580
2014,Hessen,f,25 bis unter 26 Jahre,38055
2014,Hessen,f,73 bis unter 74 Jahre,35512
2014,Hessen,f,60 bis unter 61 Jahre,39374
2014,Hessen,f,7 bis unter 8 Jahre,26239
2014,Hessen,f,42 bis unter 43 Jahre,40086
2014,Hessen,f,85 bis unter 90 Jahre,70113
2014,Hessen,f,68 bis unter 69 Jahre,28412
2014,Hessen,f,11 bis unter 12 Jahre,26935
2014,Hessen,f,55 bis unter 56 Jahre,46152
2014,Hessen,f,39 bis unter 40 Jahre,36400
2014,Hessen,f,26 bis unter 27 Jahre,38680
2014,Hessen,f,13 bis unter 14 Jahre,27689
2014,Hessen,f,61 bis unter 62 Jahre,37869
2014,Hessen,f,8 bis unter 9 Jahre,25969
2014,Hessen,f,30 bis unter 31 Jahre,37396
2014,Hessen,f,74 bis unter 75 Jahre,38141
2014,Hessen,f,69 bis unter 70 Jahre,23751
2014,Hessen,f,12 bis unter 13 Jahre,26985
2014,Hessen,f,56 bis unter 57 Jahre,43767
2014,Hessen,f,43 bis unter 44 Jahre,43287
2014,Hessen,f,27 bis unter 28 Jahre,38092
2014,Hessen,f,14 bis unter 15 Jahre,29092
2014,Hessen,f,1 bis unter 2 Jahre,26011
2014,Hessen,f,9 bis unter 10 Jahre,26495
2014,Hessen,f,31 bis unter 32 Jahre,37439
2014,Hessen,f,62 bis unter 63 Jahre,38241
2014,Hessen,f,unter 1 Jahr,26840
2014,Hessen,f,57 bis unter 58 Jahre,42852
2014,Hessen,f,44 bis unter 45 Jahre,45090
2014,Hessen,f,28 bis unter 29 Jahre,37982
2014,Hessen,f,15 bis unter 16 Jahre,29016
2014,Hessen,f,75 bis unter 80 Jahre,159160
2014,Hessen,f,2 bis unter 3 Jahre,25749
2014,Hessen,f,59 bis unter 60 Jahre,39962
2014,Hessen,f,50 bis unter 51 Jahre,52771
2014,Hessen,f,63 bis unter 64 Jahre,37587
2014,Hessen,f,58 bis unter 59 Jahre,41419
2014,Hessen,f,45 bis unter 46 Jahre,48205
2014,Hessen,f,80 bis unter 85 Jahre,100000
2014,Hessen,f,32 bis unter 33 Jahre,38984
2014,Hessen,f,16 bis unter 17 Jahre,29823
2014,Hessen,f,3 bis unter 4 Jahre,25756
2014,Hessen,f,47 bis unter 48 Jahre,51430
2014,Hessen,f,29 bis unter 30 Jahre,36432
2014,Hessen,f,64 bis unter 65 Jahre,38282
2014,Hessen,f,51 bis unter 52 Jahre,52125
2014,Hessen,f,46 bis unter 47 Jahre,50328
2014,Hessen,f,33 bis unter 34 Jahre,39300
2014,Hessen,f,20 bis unter 21 Jahre,32112
2014,Hessen,f,4 bis unter 5 Jahre,26339
2014,Hessen,f,48 bis unter 49 Jahre,52371
2014,Hessen,f,17 bis unter 18 Jahre,31131
2014,Hessen,f,70 bis unter 71 Jahre,31542
2014,Hessen,f,65 bis unter 66 Jahre,37998
2014,Hessen,f,52 bis unter 53 Jahre,50104
2014,Hessen,f,34 bis unter 35 Jahre,39463
2014,Hessen,f,21 bis unter 22 Jahre,33283
2014,Hessen,f,5 bis unter 6 Jahre,25680
2014,Hessen,f,49 bis unter 50 Jahre,52571
2014,Hessen,f,36 bis unter 37 Jahre,37797
2014,Hessen,f,18 bis unter 19 Jahre,30837
2014,Hessen,f,71 bis unter 72 Jahre,31083
2014,Hessen,f,53 bis unter 54 Jahre,49258
2014,Hessen,f,40 bis unter 41 Jahre,37060
2014,Hessen,f,35 bis unter 36 Jahre,38200
2014,Hessen,f,22 bis unter 23 Jahre,33827
2014,Hessen,f,66 bis unter 67 Jahre,35391
2014,Hessen,f,37 bis unter 38 Jahre,37619
2014,Hessen,f,24 bis unter 25 Jahre,37842
2014,Hessen,f,19 bis unter 20 Jahre,30602
2014,Hessen,f,72 bis unter 73 Jahre,29583
2014,Hessen,f,90 Jahre und mehr,40695
2014,Hessen,f,6 bis unter 7 Jahre,26421
2014,Hessen,f,54 bis unter 55 Jahre,47441
2014,Hessen,f,41 bis unter 42 Jahre,37302
2014,Hessen,f,23 bis unter 24 Jahre,35529
2014,Hessen,f,67 bis unter 68 Jahre,33316
2014,Hessen,f,10 bis unter 11 Jahre,26884
2014,Thüringen,m,65 bis unter 66 Jahre,14062
2014,Thüringen,m,21 bis unter 22 Jahre,7425
2014,Thüringen,m,52 bis unter 53 Jahre,19099
2014,Thüringen,m,16 bis unter 17 Jahre,8266
2014,Thüringen,m,3 bis unter 4 Jahre,8919
2014,Thüringen,m,29 bis unter 30 Jahre,14214
2014,Thüringen,m,34 bis unter 35 Jahre,14523
2014,Thüringen,m,47 bis unter 48 Jahre,16242
2014,Thüringen,m,64 bis unter 65 Jahre,15705
2014,Thüringen,m,33 bis unter 34 Jahre,14079
2014,Thüringen,m,20 bis unter 21 Jahre,7024
2014,Thüringen,m,51 bis unter 52 Jahre,19321
2014,Thüringen,m,15 bis unter 16 Jahre,8496
2014,Thüringen,m,28 bis unter 29 Jahre,14512
2014,Thüringen,m,46 bis unter 47 Jahre,15784
2014,Thüringen,m,2 bis unter 3 Jahre,9026
2014,Thüringen,m,59 bis unter 60 Jahre,17510
2014,Thüringen,m,54 bis unter 55 Jahre,18739
2014,Thüringen,m,41 bis unter 42 Jahre,12084
2014,Thüringen,m,10 bis unter 11 Jahre,8823
2014,Thüringen,m,67 bis unter 68 Jahre,11358
2014,Thüringen,m,72 bis unter 73 Jahre,11184
2014,Thüringen,m,19 bis unter 20 Jahre,7320
2014,Thüringen,m,49 bis unter 50 Jahre,17885
2014,Thüringen,m,18 bis unter 19 Jahre,7659
2014,Thüringen,m,5 bis unter 6 Jahre,8670
2014,Thüringen,m,23 bis unter 24 Jahre,9209
2014,Thüringen,m,36 bis unter 37 Jahre,13302
2014,Thüringen,m,53 bis unter 54 Jahre,19652
2014,Thüringen,m,66 bis unter 67 Jahre,11983
2014,Thüringen,m,90 Jahre und mehr,3800
2014,Thüringen,m,71 bis unter 72 Jahre,12284
2014,Thüringen,m,40 bis unter 41 Jahre,11750
2014,Thüringen,m,4 bis unter 5 Jahre,9096
2014,Thüringen,m,70 bis unter 71 Jahre,12210
2014,Thüringen,m,17 bis unter 18 Jahre,8200
2014,Thüringen,m,35 bis unter 36 Jahre,13809
2014,Thüringen,m,22 bis unter 23 Jahre,7999
2014,Thüringen,m,48 bis unter 49 Jahre,17467
2014,Thüringen,m,30 bis unter 31 Jahre,14307
2014,Thüringen,m,56 bis unter 57 Jahre,17386
2014,Thüringen,m,43 bis unter 44 Jahre,15433
2014,Thüringen,m,61 bis unter 62 Jahre,17149
2014,Thüringen,m,8 bis unter 9 Jahre,8462
2014,Thüringen,m,75 bis unter 80 Jahre,55096
2014,Thüringen,m,74 bis unter 75 Jahre,14693
2014,Thüringen,m,38 bis unter 39 Jahre,11718
2014,Thüringen,m,12 bis unter 13 Jahre,8488
2014,Thüringen,m,69 bis unter 70 Jahre,8507
2014,Thüringen,m,25 bis unter 26 Jahre,13812
2014,Thüringen,m,42 bis unter 43 Jahre,13777
2014,Thüringen,m,55 bis unter 56 Jahre,18737
2014,Thüringen,m,73 bis unter 74 Jahre,14060
2014,Thüringen,m,80 bis unter 85 Jahre,27771
2014,Thüringen,m,60 bis unter 61 Jahre,17194
2014,Thüringen,m,7 bis unter 8 Jahre,8942
2014,Thüringen,m,6 bis unter 7 Jahre,9050
2014,Thüringen,m,11 bis unter 12 Jahre,8498
2014,Thüringen,m,68 bis unter 69 Jahre,9082
2014,Thüringen,m,37 bis unter 38 Jahre,13120
2014,Thüringen,m,24 bis unter 25 Jahre,13714
2014,Thüringen,m,32 bis unter 33 Jahre,14656
2014,Thüringen,m,85 bis unter 90 Jahre,12698
2014,Thüringen,m,63 bis unter 64 Jahre,16872
2014,Thüringen,m,50 bis unter 51 Jahre,18941
2014,Thüringen,m,27 bis unter 28 Jahre,14893
2014,Thüringen,m,58 bis unter 59 Jahre,17595
2014,Thüringen,m,45 bis unter 46 Jahre,15611
2014,Thüringen,m,14 bis unter 15 Jahre,8666
2014,Thüringen,m,1 bis unter 2 Jahre,9097
2014,Thüringen,m,31 bis unter 32 Jahre,14215
2014,Thüringen,m,44 bis unter 45 Jahre,15530
2014,Thüringen,m,62 bis unter 63 Jahre,16934
2014,Thüringen,m,9 bis unter 10 Jahre,8483
2014,Thüringen,m,39 bis unter 40 Jahre,11323
2014,Thüringen,m,26 bis unter 27 Jahre,14666
2014,Thüringen,m,unter 1 Jahr,9179
2014,Thüringen,m,57 bis unter 58 Jahre,17241
2014,Thüringen,m,13 bis unter 14 Jahre,8644
2014,Thüringen,f,15 bis unter 16 Jahre,7814
2014,Thüringen,f,28 bis unter 29 Jahre,12321
2014,Thüringen,f,50 bis unter 51 Jahre,18369
2014,Thüringen,f,63 bis unter 64 Jahre,17322
2014,Thüringen,f,20 bis unter 21 Jahre,6640
2014,Thüringen,f,33 bis unter 34 Jahre,12314
2014,Thüringen,f,46 bis unter 47 Jahre,14838
2014,Thüringen,f,2 bis unter 3 Jahre,8693
2014,Thüringen,f,59 bis unter 60 Jahre,17900
2014,Thüringen,f,16 bis unter 17 Jahre,7870
2014,Thüringen,f,29 bis unter 30 Jahre,12281
2014,Thüringen,f,51 bis unter 52 Jahre,18940
2014,Thüringen,f,64 bis unter 65 Jahre,16707
2014,Thüringen,f,65 bis unter 66 Jahre,14729
2014,Thüringen,f,21 bis unter 22 Jahre,7011
2014,Thüringen,f,34 bis unter 35 Jahre,12564
2014,Thüringen,f,47 bis unter 48 Jahre,15596
2014,Thüringen,f,3 bis unter 4 Jahre,8550
2014,Thüringen,f,39 bis unter 40 Jahre,9838
2014,Thüringen,f,61 bis unter 62 Jahre,17525
2014,Thüringen,f,8 bis unter 9 Jahre,7855
2014,Thüringen,f,74 bis unter 75 Jahre,18405
2014,Thüringen,f,31 bis unter 32 Jahre,12354
2014,Thüringen,f,44 bis unter 45 Jahre,14124
2014,Thüringen,f,90 Jahre und mehr,14500
2014,Thüringen,f,unter 1 Jahr,8747
2014,Thüringen,f,57 bis unter 58 Jahre,17281
2014,Thüringen,f,13 bis unter 14 Jahre,8281
2014,Thüringen,f,26 bis unter 27 Jahre,13039
2014,Thüringen,f,27 bis unter 28 Jahre,12932
2014,Thüringen,f,62 bis unter 63 Jahre,17484
2014,Thüringen,f,9 bis unter 10 Jahre,8060
2014,Thüringen,f,32 bis unter 33 Jahre,12537
2014,Thüringen,f,45 bis unter 46 Jahre,14365
2014,Thüringen,f,1 bis unter 2 Jahre,8636
2014,Thüringen,f,58 bis unter 59 Jahre,17732
2014,Thüringen,f,14 bis unter 15 Jahre,8256
2014,Thüringen,f,6 bis unter 7 Jahre,8602
2014,Thüringen,f,19 bis unter 20 Jahre,6641
2014,Thüringen,f,72 bis unter 73 Jahre,13313
2014,Thüringen,f,41 bis unter 42 Jahre,10674
2014,Thüringen,f,42 bis unter 43 Jahre,11902
2014,Thüringen,f,55 bis unter 56 Jahre,18529
2014,Thüringen,f,68 bis unter 69 Jahre,10271
2014,Thüringen,f,11 bis unter 12 Jahre,8159
2014,Thüringen,f,24 bis unter 25 Jahre,12348
2014,Thüringen,f,37 bis unter 38 Jahre,11548
2014,Thüringen,f,38 bis unter 39 Jahre,10440
2014,Thüringen,f,60 bis unter 61 Jahre,17686
2014,Thüringen,f,7 bis unter 8 Jahre,8310
2014,Thüringen,f,73 bis unter 74 Jahre,17016
2014,Thüringen,f,30 bis unter 31 Jahre,12217
2014,Thüringen,f,43 bis unter 44 Jahre,13552
2014,Thüringen,f,56 bis unter 57 Jahre,17287
2014,Thüringen,f,69 bis unter 70 Jahre,9653
2014,Thüringen,f,12 bis unter 13 Jahre,8102
2014,Thüringen,f,25 bis unter 26 Jahre,12446
2014,Thüringen,f,4 bis unter 5 Jahre,8788
2014,Thüringen,f,17 bis unter 18 Jahre,7807
2014,Thüringen,f,70 bis unter 71 Jahre,13986
2014,Thüringen,f,85 bis unter 90 Jahre,29838
2014,Thüringen,f,52 bis unter 53 Jahre,18792
2014,Thüringen,f,53 bis unter 54 Jahre,19470
2014,Thüringen,f,66 bis unter 67 Jahre,12860
2014,Thüringen,f,22 bis unter 23 Jahre,7628
2014,Thüringen,f,35 bis unter 36 Jahre,12026
2014,Thüringen,f,48 bis unter 49 Jahre,16609
2014,Thüringen,f,5 bis unter 6 Jahre,8503
2014,Thüringen,f,18 bis unter 19 Jahre,7299
2014,Thüringen,f,71 bis unter 72 Jahre,14010
2014,Thüringen,f,80 bis unter 85 Jahre,45070
2014,Thüringen,f,75 bis unter 80 Jahre,73028
2014,Thüringen,f,40 bis unter 41 Jahre,10216
2014,Thüringen,f,54 bis unter 55 Jahre,18505
2014,Thüringen,f,67 bis unter 68 Jahre,12263
2014,Thüringen,f,10 bis unter 11 Jahre,8339
2014,Thüringen,f,23 bis unter 24 Jahre,8590
2014,Thüringen,f,36 bis unter 37 Jahre,11725
2014,Thüringen,f,49 bis unter 50 Jahre,17371
2014,Rheinland-Pfalz,m,11 bis unter 12 Jahre,18352
2014,Rheinland-Pfalz,m,68 bis unter 69 Jahre,16954
2014,Rheinland-Pfalz,m,24 bis unter 25 Jahre,26177
2014,Rheinland-Pfalz,m,42 bis unter 43 Jahre,24133
2014,Rheinland-Pfalz,m,55 bis unter 56 Jahre,32992
2014,Rheinland-Pfalz,m,60 bis unter 61 Jahre,27642
2014,Rheinland-Pfalz,m,7 bis unter 8 Jahre,17580
2014,Rheinland-Pfalz,m,73 bis unter 74 Jahre,20875
2014,Rheinland-Pfalz,m,80 bis unter 85 Jahre,49128
2014,Rheinland-Pfalz,m,38 bis unter 39 Jahre,21708
2014,Rheinland-Pfalz,m,23 bis unter 24 Jahre,25014
2014,Rheinland-Pfalz,m,10 bis unter 11 Jahre,18234
2014,Rheinland-Pfalz,m,36 bis unter 37 Jahre,22286
2014,Rheinland-Pfalz,m,41 bis unter 42 Jahre,22236
2014,Rheinland-Pfalz,m,67 bis unter 68 Jahre,19063
2014,Rheinland-Pfalz,m,54 bis unter 55 Jahre,33637
2014,Rheinland-Pfalz,m,19 bis unter 20 Jahre,22206
2014,Rheinland-Pfalz,m,72 bis unter 73 Jahre,17294
2014,Rheinland-Pfalz,m,37 bis unter 38 Jahre,21847
2014,Rheinland-Pfalz,m,6 bis unter 7 Jahre,17534
2014,Rheinland-Pfalz,m,22 bis unter 23 Jahre,24215
2014,Rheinland-Pfalz,m,48 bis unter 49 Jahre,35498
2014,Rheinland-Pfalz,m,35 bis unter 36 Jahre,22521
2014,Rheinland-Pfalz,m,53 bis unter 54 Jahre,35159
2014,Rheinland-Pfalz,m,66 bis unter 67 Jahre,21773
2014,Rheinland-Pfalz,m,71 bis unter 72 Jahre,17892
2014,Rheinland-Pfalz,m,18 bis unter 19 Jahre,22624
2014,Rheinland-Pfalz,m,40 bis unter 41 Jahre,21689
2014,Rheinland-Pfalz,m,49 bis unter 50 Jahre,35473
2014,Rheinland-Pfalz,m,75 bis unter 80 Jahre,90435
2014,Rheinland-Pfalz,m,5 bis unter 6 Jahre,16837
2014,Rheinland-Pfalz,m,34 bis unter 35 Jahre,23198
2014,Rheinland-Pfalz,m,47 bis unter 48 Jahre,33666
2014,Rheinland-Pfalz,m,65 bis unter 66 Jahre,25167
2014,Rheinland-Pfalz,m,52 bis unter 53 Jahre,35232
2014,Rheinland-Pfalz,m,21 bis unter 22 Jahre,24049
2014,Rheinland-Pfalz,m,4 bis unter 5 Jahre,17130
2014,Rheinland-Pfalz,m,70 bis unter 71 Jahre,18152
2014,Rheinland-Pfalz,m,17 bis unter 18 Jahre,22609
2014,Rheinland-Pfalz,m,46 bis unter 47 Jahre,32975
2014,Rheinland-Pfalz,m,33 bis unter 34 Jahre,23830
2014,Rheinland-Pfalz,m,2 bis unter 3 Jahre,16729
2014,Rheinland-Pfalz,m,59 bis unter 60 Jahre,28178
2014,Rheinland-Pfalz,m,64 bis unter 65 Jahre,26223
2014,Rheinland-Pfalz,m,20 bis unter 21 Jahre,22752
2014,Rheinland-Pfalz,m,51 bis unter 52 Jahre,36473
2014,Rheinland-Pfalz,m,3 bis unter 4 Jahre,16779
2014,Rheinland-Pfalz,m,29 bis unter 30 Jahre,23405
2014,Rheinland-Pfalz,m,16 bis unter 17 Jahre,21473
2014,Rheinland-Pfalz,m,45 bis unter 46 Jahre,30932
2014,Rheinland-Pfalz,m,1 bis unter 2 Jahre,16892
2014,Rheinland-Pfalz,m,58 bis unter 59 Jahre,29396
2014,Rheinland-Pfalz,m,32 bis unter 33 Jahre,23911
2014,Rheinland-Pfalz,m,63 bis unter 64 Jahre,26006
2014,Rheinland-Pfalz,m,90 Jahre und mehr,7841
2014,Rheinland-Pfalz,m,50 bis unter 51 Jahre,36417
2014,Rheinland-Pfalz,m,15 bis unter 16 Jahre,20591
2014,Rheinland-Pfalz,m,85 bis unter 90 Jahre,25642
2014,Rheinland-Pfalz,m,28 bis unter 29 Jahre,24480
2014,Rheinland-Pfalz,m,unter 1 Jahr,17201
2014,Rheinland-Pfalz,m,57 bis unter 58 Jahre,30841
2014,Rheinland-Pfalz,m,13 bis unter 14 Jahre,19495
2014,Rheinland-Pfalz,m,44 bis unter 45 Jahre,28400
2014,Rheinland-Pfalz,m,31 bis unter 32 Jahre,23381
2014,Rheinland-Pfalz,m,9 bis unter 10 Jahre,17511
2014,Rheinland-Pfalz,m,62 bis unter 63 Jahre,26600
2014,Rheinland-Pfalz,m,27 bis unter 28 Jahre,24914
2014,Rheinland-Pfalz,m,14 bis unter 15 Jahre,20435
2014,Rheinland-Pfalz,m,69 bis unter 70 Jahre,13829
2014,Rheinland-Pfalz,m,56 bis unter 57 Jahre,30923
2014,Rheinland-Pfalz,m,25 bis unter 26 Jahre,25470
2014,Rheinland-Pfalz,m,12 bis unter 13 Jahre,18705
2014,Rheinland-Pfalz,m,30 bis unter 31 Jahre,23315
2014,Rheinland-Pfalz,m,43 bis unter 44 Jahre,26918
2014,Rheinland-Pfalz,m,8 bis unter 9 Jahre,17198
2014,Rheinland-Pfalz,m,61 bis unter 62 Jahre,26677
2014,Rheinland-Pfalz,m,74 bis unter 75 Jahre,22012
2014,Rheinland-Pfalz,m,26 bis unter 27 Jahre,26106
2014,Rheinland-Pfalz,m,39 bis unter 40 Jahre,21468
2014,Rheinland-Pfalz,f,40 bis unter 41 Jahre,22233
2014,Rheinland-Pfalz,f,53 bis unter 54 Jahre,34869
2014,Rheinland-Pfalz,f,66 bis unter 67 Jahre,22477
2014,Rheinland-Pfalz,f,22 bis unter 23 Jahre,23256
2014,Rheinland-Pfalz,f,35 bis unter 36 Jahre,22362
2014,Rheinland-Pfalz,f,48 bis unter 49 Jahre,34629
2014,Rheinland-Pfalz,f,80 bis unter 85 Jahre,71945
2014,Rheinland-Pfalz,f,4 bis unter 5 Jahre,16219
2014,Rheinland-Pfalz,f,70 bis unter 71 Jahre,19835
2014,Rheinland-Pfalz,f,17 bis unter 18 Jahre,21375
2014,Rheinland-Pfalz,f,52 bis unter 53 Jahre,35028
2014,Rheinland-Pfalz,f,65 bis unter 66 Jahre,26095
2014,Rheinland-Pfalz,f,21 bis unter 22 Jahre,22454
2014,Rheinland-Pfalz,f,34 bis unter 35 Jahre,23385
2014,Rheinland-Pfalz,f,47 bis unter 48 Jahre,33762
2014,Rheinland-Pfalz,f,3 bis unter 4 Jahre,15912
2014,Rheinland-Pfalz,f,16 bis unter 17 Jahre,20613
2014,Rheinland-Pfalz,f,29 bis unter 30 Jahre,21979
2014,Rheinland-Pfalz,f,51 bis unter 52 Jahre,35536
2014,Rheinland-Pfalz,f,64 bis unter 65 Jahre,26892
2014,Rheinland-Pfalz,f,20 bis unter 21 Jahre,21686
2014,Rheinland-Pfalz,f,33 bis unter 34 Jahre,23612
2014,Rheinland-Pfalz,f,46 bis unter 47 Jahre,32524
2014,Rheinland-Pfalz,f,59 bis unter 60 Jahre,28707
2014,Rheinland-Pfalz,f,2 bis unter 3 Jahre,15795
2014,Rheinland-Pfalz,f,15 bis unter 16 Jahre,19776
2014,Rheinland-Pfalz,f,28 bis unter 29 Jahre,23150
2014,Rheinland-Pfalz,f,50 bis unter 51 Jahre,35709
2014,Rheinland-Pfalz,f,63 bis unter 64 Jahre,26581
2014,Rheinland-Pfalz,f,32 bis unter 33 Jahre,23220
2014,Rheinland-Pfalz,f,45 bis unter 46 Jahre,30889
2014,Rheinland-Pfalz,f,58 bis unter 59 Jahre,29502
2014,Rheinland-Pfalz,f,1 bis unter 2 Jahre,16062
2014,Rheinland-Pfalz,f,14 bis unter 15 Jahre,19450
2014,Rheinland-Pfalz,f,27 bis unter 28 Jahre,23521
2014,Rheinland-Pfalz,f,9 bis unter 10 Jahre,16597
2014,Rheinland-Pfalz,f,62 bis unter 63 Jahre,27144
2014,Rheinland-Pfalz,f,31 bis unter 32 Jahre,22374
2014,Rheinland-Pfalz,f,44 bis unter 45 Jahre,28456
2014,Rheinland-Pfalz,f,57 bis unter 58 Jahre,30596
2014,Rheinland-Pfalz,f,unter 1 Jahr,16431
2014,Rheinland-Pfalz,f,90 Jahre und mehr,27329
2014,Rheinland-Pfalz,f,13 bis unter 14 Jahre,18310
2014,Rheinland-Pfalz,f,26 bis unter 27 Jahre,24092
2014,Rheinland-Pfalz,f,39 bis unter 40 Jahre,21694
2014,Rheinland-Pfalz,f,8 bis unter 9 Jahre,16090
2014,Rheinland-Pfalz,f,61 bis unter 62 Jahre,27530
2014,Rheinland-Pfalz,f,74 bis unter 75 Jahre,26312
2014,Rheinland-Pfalz,f,30 bis unter 31 Jahre,22302
2014,Rheinland-Pfalz,f,43 bis unter 44 Jahre,27167
2014,Rheinland-Pfalz,f,56 bis unter 57 Jahre,31126
2014,Rheinland-Pfalz,f,12 bis unter 13 Jahre,17749
2014,Rheinland-Pfalz,f,69 bis unter 70 Jahre,15199
2014,Rheinland-Pfalz,f,25 bis unter 26 Jahre,23667
2014,Rheinland-Pfalz,f,38 bis unter 39 Jahre,21899
2014,Rheinland-Pfalz,f,7 bis unter 8 Jahre,16415
2014,Rheinland-Pfalz,f,60 bis unter 61 Jahre,28221
2014,Rheinland-Pfalz,f,73 bis unter 74 Jahre,24091
2014,Rheinland-Pfalz,f,42 bis unter 43 Jahre,24924
2014,Rheinland-Pfalz,f,55 bis unter 56 Jahre,32581
2014,Rheinland-Pfalz,f,11 bis unter 12 Jahre,17411
2014,Rheinland-Pfalz,f,68 bis unter 69 Jahre,17854
2014,Rheinland-Pfalz,f,24 bis unter 25 Jahre,24454
2014,Rheinland-Pfalz,f,37 bis unter 38 Jahre,22336
2014,Rheinland-Pfalz,f,75 bis unter 80 Jahre,111550
2014,Rheinland-Pfalz,f,6 bis unter 7 Jahre,16508
2014,Rheinland-Pfalz,f,72 bis unter 73 Jahre,19161
2014,Rheinland-Pfalz,f,19 bis unter 20 Jahre,21123
2014,Rheinland-Pfalz,f,41 bis unter 42 Jahre,22694
2014,Rheinland-Pfalz,f,54 bis unter 55 Jahre,34051
2014,Rheinland-Pfalz,f,10 bis unter 11 Jahre,16898
2014,Rheinland-Pfalz,f,67 bis unter 68 Jahre,20002
2014,Rheinland-Pfalz,f,23 bis unter 24 Jahre,23553
2014,Rheinland-Pfalz,f,36 bis unter 37 Jahre,22177
2014,Rheinland-Pfalz,f,49 bis unter 50 Jahre,34902
2014,Rheinland-Pfalz,f,5 bis unter 6 Jahre,15893
2014,Rheinland-Pfalz,f,85 bis unter 90 Jahre,50309
2014,Rheinland-Pfalz,f,71 bis unter 72 Jahre,19703
2014,Rheinland-Pfalz,f,18 bis unter 19 Jahre,21132
2014,Niedersachsen,m,25 bis unter 26 Jahre,47752
2014,Niedersachsen,m,12 bis unter 13 Jahre,39018
2014,Niedersachsen,m,69 bis unter 70 Jahre,28673
2014,Niedersachsen,m,56 bis unter 57 Jahre,57240
2014,Niedersachsen,m,43 bis unter 44 Jahre,54457
2014,Niedersachsen,m,30 bis unter 31 Jahre,44088
2014,Niedersachsen,m,73 bis unter 74 Jahre,44331
2014,Niedersachsen,m,60 bis unter 61 Jahre,49606
2014,Niedersachsen,m,7 bis unter 8 Jahre,35422
2014,Niedersachsen,m,38 bis unter 39 Jahre,43387
2014,Niedersachsen,m,13 bis unter 14 Jahre,40366
2014,Niedersachsen,m,57 bis unter 58 Jahre,55806
2014,Niedersachsen,m,unter 1 Jahr,34402
2014,Niedersachsen,m,44 bis unter 45 Jahre,57338
2014,Niedersachsen,m,31 bis unter 32 Jahre,44124
2014,Niedersachsen,m,74 bis unter 75 Jahre,45108
2014,Niedersachsen,m,61 bis unter 62 Jahre,47803
2014,Niedersachsen,m,8 bis unter 9 Jahre,35126
2014,Niedersachsen,m,39 bis unter 40 Jahre,42756
2014,Niedersachsen,m,26 bis unter 27 Jahre,49125
2014,Niedersachsen,m,36 bis unter 37 Jahre,43225
2014,Niedersachsen,m,23 bis unter 24 Jahre,46872
2014,Niedersachsen,m,85 bis unter 90 Jahre,47535
2014,Niedersachsen,m,10 bis unter 11 Jahre,37218
2014,Niedersachsen,m,67 bis unter 68 Jahre,39381
2014,Niedersachsen,m,54 bis unter 55 Jahre,62730
2014,Niedersachsen,m,41 bis unter 42 Jahre,44876
2014,Niedersachsen,m,18 bis unter 19 Jahre,45776
2014,Niedersachsen,m,71 bis unter 72 Jahre,38914
2014,Niedersachsen,m,5 bis unter 6 Jahre,33948
2014,Niedersachsen,m,49 bis unter 50 Jahre,69670
2014,Niedersachsen,m,24 bis unter 25 Jahre,49192
2014,Niedersachsen,m,11 bis unter 12 Jahre,37510
2014,Niedersachsen,m,68 bis unter 69 Jahre,36414
2014,Niedersachsen,m,55 bis unter 56 Jahre,60888
2014,Niedersachsen,m,42 bis unter 43 Jahre,49600
2014,Niedersachsen,m,19 bis unter 20 Jahre,44466
2014,Niedersachsen,m,72 bis unter 73 Jahre,37258
2014,Niedersachsen,m,6 bis unter 7 Jahre,34819
2014,Niedersachsen,m,37 bis unter 38 Jahre,43122
2014,Niedersachsen,m,47 bis unter 48 Jahre,68259
2014,Niedersachsen,m,34 bis unter 35 Jahre,44957
2014,Niedersachsen,m,21 bis unter 22 Jahre,46467
2014,Niedersachsen,m,65 bis unter 66 Jahre,47423
2014,Niedersachsen,m,52 bis unter 53 Jahre,66270
2014,Niedersachsen,m,51 bis unter 52 Jahre,68977
2014,Niedersachsen,m,29 bis unter 30 Jahre,44016
2014,Niedersachsen,m,16 bis unter 17 Jahre,44439
2014,Niedersachsen,m,3 bis unter 4 Jahre,32702
2014,Niedersachsen,m,48 bis unter 49 Jahre,70063
2014,Niedersachsen,m,35 bis unter 36 Jahre,43220
2014,Niedersachsen,m,80 bis unter 85 Jahre,91730
2014,Niedersachsen,m,22 bis unter 23 Jahre,46165
2014,Niedersachsen,m,90 Jahre und mehr,15471
2014,Niedersachsen,m,66 bis unter 67 Jahre,43799
2014,Niedersachsen,m,53 bis unter 54 Jahre,65681
2014,Niedersachsen,m,40 bis unter 41 Jahre,43791
2014,Niedersachsen,m,17 bis unter 18 Jahre,46148
2014,Niedersachsen,m,75 bis unter 80 Jahre,180651
2014,Niedersachsen,m,70 bis unter 71 Jahre,37584
2014,Niedersachsen,m,4 bis unter 5 Jahre,34052
2014,Niedersachsen,m,58 bis unter 59 Jahre,53626
2014,Niedersachsen,m,1 bis unter 2 Jahre,33143
2014,Niedersachsen,m,45 bis unter 46 Jahre,62924
2014,Niedersachsen,m,32 bis unter 33 Jahre,44935
2014,Niedersachsen,m,63 bis unter 64 Jahre,47690
2014,Niedersachsen,m,62 bis unter 63 Jahre,48231
2014,Niedersachsen,m,9 bis unter 10 Jahre,35764
2014,Niedersachsen,m,27 bis unter 28 Jahre,47768
2014,Niedersachsen,m,14 bis unter 15 Jahre,42725
2014,Niedersachsen,m,59 bis unter 60 Jahre,51390
2014,Niedersachsen,m,2 bis unter 3 Jahre,33041
2014,Niedersachsen,m,46 bis unter 47 Jahre,66394
2014,Niedersachsen,m,33 bis unter 34 Jahre,44936
2014,Niedersachsen,m,20 bis unter 21 Jahre,45123
2014,Niedersachsen,m,64 bis unter 65 Jahre,48010
2014,Niedersachsen,m,50 bis unter 51 Jahre,69716
2014,Niedersachsen,m,28 bis unter 29 Jahre,46415
2014,Niedersachsen,m,15 bis unter 16 Jahre,43051
2014,Niedersachsen,f,19 bis unter 20 Jahre,41571
2014,Niedersachsen,f,72 bis unter 73 Jahre,40916
2014,Niedersachsen,f,67 bis unter 68 Jahre,41630
2014,Niedersachsen,f,10 bis unter 11 Jahre,35578
2014,Niedersachsen,f,41 bis unter 42 Jahre,45562
2014,Niedersachsen,f,54 bis unter 55 Jahre,62349
2014,Niedersachsen,f,24 bis unter 25 Jahre,44832
2014,Niedersachsen,f,37 bis unter 38 Jahre,43094
2014,Niedersachsen,f,68 bis unter 69 Jahre,38910
2014,Niedersachsen,f,11 bis unter 12 Jahre,35887
2014,Niedersachsen,f,6 bis unter 7 Jahre,33067
2014,Niedersachsen,f,40 bis unter 41 Jahre,44449
2014,Niedersachsen,f,66 bis unter 67 Jahre,45070
2014,Niedersachsen,f,53 bis unter 54 Jahre,64989
2014,Niedersachsen,f,36 bis unter 37 Jahre,43239
2014,Niedersachsen,f,23 bis unter 24 Jahre,43217
2014,Niedersachsen,f,5 bis unter 6 Jahre,31868
2014,Niedersachsen,f,71 bis unter 72 Jahre,42280
2014,Niedersachsen,f,18 bis unter 19 Jahre,42819
2014,Niedersachsen,f,49 bis unter 50 Jahre,67753
2014,Niedersachsen,f,52 bis unter 53 Jahre,65828
2014,Niedersachsen,f,21 bis unter 22 Jahre,42650
2014,Niedersachsen,f,65 bis unter 66 Jahre,48888
2014,Niedersachsen,f,85 bis unter 90 Jahre,96223
2014,Niedersachsen,f,48 bis unter 49 Jahre,68854
2014,Niedersachsen,f,22 bis unter 23 Jahre,42671
2014,Niedersachsen,f,35 bis unter 36 Jahre,43336
2014,Niedersachsen,f,70 bis unter 71 Jahre,41639
2014,Niedersachsen,f,17 bis unter 18 Jahre,44173
2014,Niedersachsen,f,4 bis unter 5 Jahre,32167
2014,Niedersachsen,f,51 bis unter 52 Jahre,67649
2014,Niedersachsen,f,20 bis unter 21 Jahre,41864
2014,Niedersachsen,f,33 bis unter 34 Jahre,44685
2014,Niedersachsen,f,64 bis unter 65 Jahre,49394
2014,Niedersachsen,f,47 bis unter 48 Jahre,67897
2014,Niedersachsen,f,80 bis unter 85 Jahre,138464
2014,Niedersachsen,f,34 bis unter 35 Jahre,45201
2014,Niedersachsen,f,29 bis unter 30 Jahre,42541
2014,Niedersachsen,f,3 bis unter 4 Jahre,31137
2014,Niedersachsen,f,75 bis unter 80 Jahre,222713
2014,Niedersachsen,f,16 bis unter 17 Jahre,42300
2014,Niedersachsen,f,63 bis unter 64 Jahre,49446
2014,Niedersachsen,f,50 bis unter 51 Jahre,68885
2014,Niedersachsen,f,32 bis unter 33 Jahre,44216
2014,Niedersachsen,f,59 bis unter 60 Jahre,52071
2014,Niedersachsen,f,2 bis unter 3 Jahre,31329
2014,Niedersachsen,f,46 bis unter 47 Jahre,65308
2014,Niedersachsen,f,28 bis unter 29 Jahre,43487
2014,Niedersachsen,f,15 bis unter 16 Jahre,40775
2014,Niedersachsen,f,62 bis unter 63 Jahre,50272
2014,Niedersachsen,f,9 bis unter 10 Jahre,34010
2014,Niedersachsen,f,44 bis unter 45 Jahre,57810
2014,Niedersachsen,f,31 bis unter 32 Jahre,42787
2014,Niedersachsen,f,1 bis unter 2 Jahre,31567
2014,Niedersachsen,f,90 Jahre und mehr,54083
2014,Niedersachsen,f,14 bis unter 15 Jahre,40383
2014,Niedersachsen,f,45 bis unter 46 Jahre,62282
2014,Niedersachsen,f,58 bis unter 59 Jahre,54015
2014,Niedersachsen,f,27 bis unter 28 Jahre,44146
2014,Niedersachsen,f,74 bis unter 75 Jahre,52002
2014,Niedersachsen,f,8 bis unter 9 Jahre,33012
2014,Niedersachsen,f,61 bis unter 62 Jahre,49985
2014,Niedersachsen,f,43 bis unter 44 Jahre,55014
2014,Niedersachsen,f,56 bis unter 57 Jahre,57154
2014,Niedersachsen,f,30 bis unter 31 Jahre,41765
2014,Niedersachsen,f,13 bis unter 14 Jahre,38705
2014,Niedersachsen,f,57 bis unter 58 Jahre,56334
2014,Niedersachsen,f,unter 1 Jahr,32272
2014,Niedersachsen,f,26 bis unter 27 Jahre,45024
2014,Niedersachsen,f,39 bis unter 40 Jahre,42546
2014,Niedersachsen,f,60 bis unter 61 Jahre,51668
2014,Niedersachsen,f,7 bis unter 8 Jahre,33072
2014,Niedersachsen,f,73 bis unter 74 Jahre,50045
2014,Niedersachsen,f,55 bis unter 56 Jahre,60614
2014,Niedersachsen,f,42 bis unter 43 Jahre,49670
2014,Niedersachsen,f,25 bis unter 26 Jahre,44085
2014,Niedersachsen,f,69 bis unter 70 Jahre,30697
2014,Niedersachsen,f,12 bis unter 13 Jahre,37003
2014,Niedersachsen,f,38 bis unter 39 Jahre,43757
2014,Bayern,m,50 bis unter 51 Jahre,112152
2014,Bayern,m,63 bis unter 64 Jahre,70863
2014,Bayern,m,32 bis unter 33 Jahre,83652
2014,Bayern,m,33 bis unter 34 Jahre,83616
2014,Bayern,m,46 bis unter 47 Jahre,107696
2014,Bayern,m,2 bis unter 3 Jahre,57114
2014,Bayern,m,59 bis unter 60 Jahre,79927
2014,Bayern,m,15 bis unter 16 Jahre,66131
2014,Bayern,m,28 bis unter 29 Jahre,84611
2014,Bayern,m,62 bis unter 63 Jahre,73410
2014,Bayern,m,9 bis unter 10 Jahre,56894
2014,Bayern,m,80 bis unter 85 Jahre,140305
2014,Bayern,m,31 bis unter 32 Jahre,82202
2014,Bayern,m,44 bis unter 45 Jahre,94415
2014,Bayern,m,45 bis unter 46 Jahre,102895
2014,Bayern,m,75 bis unter 80 Jahre,263996
2014,Bayern,m,1 bis unter 2 Jahre,57085
2014,Bayern,m,58 bis unter 59 Jahre,85601
2014,Bayern,m,14 bis unter 15 Jahre,64293
2014,Bayern,m,27 bis unter 28 Jahre,84859
2014,Bayern,m,85 bis unter 90 Jahre,72573
2014,Bayern,m,52 bis unter 53 Jahre,106517
2014,Bayern,m,65 bis unter 66 Jahre,69679
2014,Bayern,m,21 bis unter 22 Jahre,77190
2014,Bayern,m,90 Jahre und mehr,23839
2014,Bayern,m,22 bis unter 23 Jahre,78030
2014,Bayern,m,35 bis unter 36 Jahre,79377
2014,Bayern,m,48 bis unter 49 Jahre,111364
2014,Bayern,m,4 bis unter 5 Jahre,55693
2014,Bayern,m,17 bis unter 18 Jahre,69992
2014,Bayern,m,70 bis unter 71 Jahre,58375
2014,Bayern,m,51 bis unter 52 Jahre,110153
2014,Bayern,m,64 bis unter 65 Jahre,71535
2014,Bayern,m,20 bis unter 21 Jahre,72821
2014,Bayern,m,34 bis unter 35 Jahre,83002
2014,Bayern,m,47 bis unter 48 Jahre,110095
2014,Bayern,m,3 bis unter 4 Jahre,55201
2014,Bayern,m,16 bis unter 17 Jahre,68309
2014,Bayern,m,29 bis unter 30 Jahre,80806
2014,Bayern,m,72 bis unter 73 Jahre,55329
2014,Bayern,m,19 bis unter 20 Jahre,70092
2014,Bayern,m,41 bis unter 42 Jahre,77164
2014,Bayern,m,54 bis unter 55 Jahre,100515
2014,Bayern,m,67 bis unter 68 Jahre,64743
2014,Bayern,m,68 bis unter 69 Jahre,56305
2014,Bayern,m,11 bis unter 12 Jahre,58649
2014,Bayern,m,24 bis unter 25 Jahre,85565
2014,Bayern,m,37 bis unter 38 Jahre,78321
2014,Bayern,m,6 bis unter 7 Jahre,56621
2014,Bayern,m,18 bis unter 19 Jahre,69839
2014,Bayern,m,71 bis unter 72 Jahre,57825
2014,Bayern,m,40 bis unter 41 Jahre,77244
2014,Bayern,m,53 bis unter 54 Jahre,105083
2014,Bayern,m,66 bis unter 67 Jahre,66423
2014,Bayern,m,10 bis unter 11 Jahre,57834
2014,Bayern,m,23 bis unter 24 Jahre,81475
2014,Bayern,m,36 bis unter 37 Jahre,78242
2014,Bayern,m,49 bis unter 50 Jahre,111403
2014,Bayern,m,5 bis unter 6 Jahre,55275
2014,Bayern,m,61 bis unter 62 Jahre,73538
2014,Bayern,m,8 bis unter 9 Jahre,55813
2014,Bayern,m,74 bis unter 75 Jahre,68296
2014,Bayern,m,30 bis unter 31 Jahre,81282
2014,Bayern,m,43 bis unter 44 Jahre,90642
2014,Bayern,m,unter 1 Jahr,58878
2014,Bayern,m,57 bis unter 58 Jahre,88949
2014,Bayern,m,13 bis unter 14 Jahre,61926
2014,Bayern,m,26 bis unter 27 Jahre,86571
2014,Bayern,m,39 bis unter 40 Jahre,75850
2014,Bayern,m,7 bis unter 8 Jahre,56443
2014,Bayern,m,60 bis unter 61 Jahre,77110
2014,Bayern,m,73 bis unter 74 Jahre,65597
2014,Bayern,m,42 bis unter 43 Jahre,83551
2014,Bayern,m,55 bis unter 56 Jahre,97413
2014,Bayern,m,56 bis unter 57 Jahre,92157
2014,Bayern,m,69 bis unter 70 Jahre,45033
2014,Bayern,m,12 bis unter 13 Jahre,59842
2014,Bayern,m,25 bis unter 26 Jahre,83577
2014,Bayern,m,38 bis unter 39 Jahre,77282
2014,Bayern,f,44 bis unter 45 Jahre,93181
2014,Bayern,f,31 bis unter 32 Jahre,79248
2014,Bayern,f,26 bis unter 27 Jahre,81931
2014,Bayern,f,13 bis unter 14 Jahre,57999
2014,Bayern,f,unter 1 Jahr,55460
2014,Bayern,f,57 bis unter 58 Jahre,89029
2014,Bayern,f,27 bis unter 28 Jahre,79820
2014,Bayern,f,62 bis unter 63 Jahre,78253
2014,Bayern,f,9 bis unter 10 Jahre,53835
2014,Bayern,f,32 bis unter 33 Jahre,82202
2014,Bayern,f,14 bis unter 15 Jahre,61305
2014,Bayern,f,1 bis unter 2 Jahre,54743
2014,Bayern,f,58 bis unter 59 Jahre,85369
2014,Bayern,f,45 bis unter 46 Jahre,100001
2014,Bayern,f,28 bis unter 29 Jahre,80235
2014,Bayern,f,15 bis unter 16 Jahre,61828
2014,Bayern,f,63 bis unter 64 Jahre,75661
2014,Bayern,f,50 bis unter 51 Jahre,109151
2014,Bayern,f,68 bis unter 69 Jahre,61330
2014,Bayern,f,55 bis unter 56 Jahre,96100
2014,Bayern,f,42 bis unter 43 Jahre,83000
2014,Bayern,f,37 bis unter 38 Jahre,76984
2014,Bayern,f,24 bis unter 25 Jahre,81035
2014,Bayern,f,85 bis unter 90 Jahre,142971
2014,Bayern,f,11 bis unter 12 Jahre,56295
2014,Bayern,f,7 bis unter 8 Jahre,54075
2014,Bayern,f,38 bis unter 39 Jahre,76354
2014,Bayern,f,73 bis unter 74 Jahre,75400
2014,Bayern,f,60 bis unter 61 Jahre,80413
2014,Bayern,f,56 bis unter 57 Jahre,91455
2014,Bayern,f,43 bis unter 44 Jahre,89719
2014,Bayern,f,75 bis unter 80 Jahre,329733
2014,Bayern,f,30 bis unter 31 Jahre,78424
2014,Bayern,f,25 bis unter 26 Jahre,79906
2014,Bayern,f,12 bis unter 13 Jahre,57214
2014,Bayern,f,69 bis unter 70 Jahre,49316
2014,Bayern,f,39 bis unter 40 Jahre,75328
2014,Bayern,f,74 bis unter 75 Jahre,80127
2014,Bayern,f,80 bis unter 85 Jahre,209792
2014,Bayern,f,61 bis unter 62 Jahre,77699
2014,Bayern,f,8 bis unter 9 Jahre,52711
2014,Bayern,f,66 bis unter 67 Jahre,70546
2014,Bayern,f,53 bis unter 54 Jahre,103611
2014,Bayern,f,48 bis unter 49 Jahre,108175
2014,Bayern,f,35 bis unter 36 Jahre,78640
2014,Bayern,f,22 bis unter 23 Jahre,74376
2014,Bayern,f,71 bis unter 72 Jahre,63420
2014,Bayern,f,18 bis unter 19 Jahre,65564
2014,Bayern,f,5 bis unter 6 Jahre,52308
2014,Bayern,f,40 bis unter 41 Jahre,76811
2014,Bayern,f,90 Jahre und mehr,79782
2014,Bayern,f,10 bis unter 11 Jahre,55891
2014,Bayern,f,67 bis unter 68 Jahre,68649
2014,Bayern,f,54 bis unter 55 Jahre,99313
2014,Bayern,f,41 bis unter 42 Jahre,76565
2014,Bayern,f,49 bis unter 50 Jahre,106819
2014,Bayern,f,36 bis unter 37 Jahre,77708
2014,Bayern,f,23 bis unter 24 Jahre,76020
2014,Bayern,f,6 bis unter 7 Jahre,53884
2014,Bayern,f,72 bis unter 73 Jahre,61487
2014,Bayern,f,19 bis unter 20 Jahre,65550
2014,Bayern,f,33 bis unter 34 Jahre,82379
2014,Bayern,f,20 bis unter 21 Jahre,68305
2014,Bayern,f,64 bis unter 65 Jahre,76228
2014,Bayern,f,2 bis unter 3 Jahre,53726
2014,Bayern,f,59 bis unter 60 Jahre,81663
2014,Bayern,f,46 bis unter 47 Jahre,104016
2014,Bayern,f,29 bis unter 30 Jahre,77813
2014,Bayern,f,16 bis unter 17 Jahre,63887
2014,Bayern,f,51 bis unter 52 Jahre,108191
2014,Bayern,f,21 bis unter 22 Jahre,72491
2014,Bayern,f,65 bis unter 66 Jahre,74302
2014,Bayern,f,3 bis unter 4 Jahre,52080
2014,Bayern,f,47 bis unter 48 Jahre,106996
2014,Bayern,f,34 bis unter 35 Jahre,82070
2014,Bayern,f,70 bis unter 71 Jahre,63319
2014,Bayern,f,17 bis unter 18 Jahre,66048
2014,Bayern,f,4 bis unter 5 Jahre,53223
2014,Bayern,f,52 bis unter 53 Jahre,105115
2014,Nordrhein-Westfalen,m,51 bis unter 52 Jahre,154583
2014,Nordrhein-Westfalen,m,20 bis unter 21 Jahre,102043
2014,Nordrhein-Westfalen,m,64 bis unter 65 Jahre,100111
2014,Nordrhein-Westfalen,m,59 bis unter 60 Jahre,115642
2014,Nordrhein-Westfalen,m,2 bis unter 3 Jahre,76738
2014,Nordrhein-Westfalen,m,33 bis unter 34 Jahre,106627
2014,Nordrhein-Westfalen,m,46 bis unter 47 Jahre,147807
2014,Nordrhein-Westfalen,m,28 bis unter 29 Jahre,109969
2014,Nordrhein-Westfalen,m,15 bis unter 16 Jahre,92273
2014,Nordrhein-Westfalen,m,21 bis unter 22 Jahre,105932
2014,Nordrhein-Westfalen,m,52 bis unter 53 Jahre,147913
2014,Nordrhein-Westfalen,m,65 bis unter 66 Jahre,99905
2014,Nordrhein-Westfalen,m,47 bis unter 48 Jahre,151965
2014,Nordrhein-Westfalen,m,34 bis unter 35 Jahre,106502
2014,Nordrhein-Westfalen,m,16 bis unter 17 Jahre,95778
2014,Nordrhein-Westfalen,m,29 bis unter 30 Jahre,105517
2014,Nordrhein-Westfalen,m,3 bis unter 4 Jahre,75018
2014,Nordrhein-Westfalen,m,40 bis unter 41 Jahre,100085
2014,Nordrhein-Westfalen,m,18 bis unter 19 Jahre,100265
2014,Nordrhein-Westfalen,m,71 bis unter 72 Jahre,79824
2014,Nordrhein-Westfalen,m,66 bis unter 67 Jahre,90666
2014,Nordrhein-Westfalen,m,53 bis unter 54 Jahre,144454
2014,Nordrhein-Westfalen,m,35 bis unter 36 Jahre,100799
2014,Nordrhein-Westfalen,m,48 bis unter 49 Jahre,156116
2014,Nordrhein-Westfalen,m,22 bis unter 23 Jahre,107616
2014,Nordrhein-Westfalen,m,17 bis unter 18 Jahre,99944
2014,Nordrhein-Westfalen,m,70 bis unter 71 Jahre,80285
2014,Nordrhein-Westfalen,m,4 bis unter 5 Jahre,77566
2014,Nordrhein-Westfalen,m,19 bis unter 20 Jahre,99116
2014,Nordrhein-Westfalen,m,72 bis unter 73 Jahre,76643
2014,Nordrhein-Westfalen,m,54 bis unter 55 Jahre,140754
2014,Nordrhein-Westfalen,m,67 bis unter 68 Jahre,82881
2014,Nordrhein-Westfalen,m,41 bis unter 42 Jahre,101853
2014,Nordrhein-Westfalen,m,36 bis unter 37 Jahre,100007
2014,Nordrhein-Westfalen,m,10 bis unter 11 Jahre,82454
2014,Nordrhein-Westfalen,m,23 bis unter 24 Jahre,110392
2014,Nordrhein-Westfalen,m,5 bis unter 6 Jahre,76349
2014,Nordrhein-Westfalen,m,49 bis unter 50 Jahre,155745
2014,Nordrhein-Westfalen,m,73 bis unter 74 Jahre,89568
2014,Nordrhein-Westfalen,m,7 bis unter 8 Jahre,79254
2014,Nordrhein-Westfalen,m,60 bis unter 61 Jahre,112341
2014,Nordrhein-Westfalen,m,55 bis unter 56 Jahre,137021
2014,Nordrhein-Westfalen,m,42 bis unter 43 Jahre,110769
2014,Nordrhein-Westfalen,m,24 bis unter 25 Jahre,115044
2014,Nordrhein-Westfalen,m,85 bis unter 90 Jahre,106579
2014,Nordrhein-Westfalen,m,68 bis unter 69 Jahre,74974
2014,Nordrhein-Westfalen,m,11 bis unter 12 Jahre,83494
2014,Nordrhein-Westfalen,m,6 bis unter 7 Jahre,79197
2014,Nordrhein-Westfalen,m,37 bis unter 38 Jahre,100993
2014,Nordrhein-Westfalen,m,61 bis unter 62 Jahre,106006
2014,Nordrhein-Westfalen,m,74 bis unter 75 Jahre,94362
2014,Nordrhein-Westfalen,m,8 bis unter 9 Jahre,78759
2014,Nordrhein-Westfalen,m,43 bis unter 44 Jahre,121522
2014,Nordrhein-Westfalen,m,30 bis unter 31 Jahre,105106
2014,Nordrhein-Westfalen,m,12 bis unter 13 Jahre,85380
2014,Nordrhein-Westfalen,m,25 bis unter 26 Jahre,111763
2014,Nordrhein-Westfalen,m,56 bis unter 57 Jahre,130148
2014,Nordrhein-Westfalen,m,69 bis unter 70 Jahre,61801
2014,Nordrhein-Westfalen,m,38 bis unter 39 Jahre,101110
2014,Nordrhein-Westfalen,m,62 bis unter 63 Jahre,104313
2014,Nordrhein-Westfalen,m,9 bis unter 10 Jahre,80321
2014,Nordrhein-Westfalen,m,31 bis unter 32 Jahre,105383
2014,Nordrhein-Westfalen,m,44 bis unter 45 Jahre,127785
2014,Nordrhein-Westfalen,m,13 bis unter 14 Jahre,87716
2014,Nordrhein-Westfalen,m,80 bis unter 85 Jahre,210539
2014,Nordrhein-Westfalen,m,57 bis unter 58 Jahre,127073
2014,Nordrhein-Westfalen,m,unter 1 Jahr,79515
2014,Nordrhein-Westfalen,m,39 bis unter 40 Jahre,98757
2014,Nordrhein-Westfalen,m,26 bis unter 27 Jahre,114916
2014,Nordrhein-Westfalen,m,50 bis unter 51 Jahre,157849
2014,Nordrhein-Westfalen,m,63 bis unter 64 Jahre,100404
2014,Nordrhein-Westfalen,m,32 bis unter 33 Jahre,108117
2014,Nordrhein-Westfalen,m,75 bis unter 80 Jahre,384444
2014,Nordrhein-Westfalen,m,58 bis unter 59 Jahre,121853
2014,Nordrhein-Westfalen,m,1 bis unter 2 Jahre,76840
2014,Nordrhein-Westfalen,m,45 bis unter 46 Jahre,140929
2014,Nordrhein-Westfalen,m,90 Jahre und mehr,31812
2014,Nordrhein-Westfalen,m,14 bis unter 15 Jahre,91812
2014,Nordrhein-Westfalen,m,27 bis unter 28 Jahre,112297
2014,Nordrhein-Westfalen,f,58 bis unter 59 Jahre,124044
2014,Nordrhein-Westfalen,f,45 bis unter 46 Jahre,140050
2014,Nordrhein-Westfalen,f,14 bis unter 15 Jahre,87054
2014,Nordrhein-Westfalen,f,1 bis unter 2 Jahre,72450
2014,Nordrhein-Westfalen,f,32 bis unter 33 Jahre,106890
2014,Nordrhein-Westfalen,f,9 bis unter 10 Jahre,75706
2014,Nordrhein-Westfalen,f,62 bis unter 63 Jahre,112461
2014,Nordrhein-Westfalen,f,27 bis unter 28 Jahre,107716
2014,Nordrhein-Westfalen,f,unter 1 Jahr,75492
2014,Nordrhein-Westfalen,f,57 bis unter 58 Jahre,128244
2014,Nordrhein-Westfalen,f,13 bis unter 14 Jahre,82952
2014,Nordrhein-Westfalen,f,31 bis unter 32 Jahre,103873
2014,Nordrhein-Westfalen,f,44 bis unter 45 Jahre,127977
2014,Nordrhein-Westfalen,f,61 bis unter 62 Jahre,113473
2014,Nordrhein-Westfalen,f,8 bis unter 9 Jahre,74774
2014,Nordrhein-Westfalen,f,74 bis unter 75 Jahre,113803
2014,Nordrhein-Westfalen,f,39 bis unter 40 Jahre,100199
2014,Nordrhein-Westfalen,f,26 bis unter 27 Jahre,110064
2014,Nordrhein-Westfalen,f,34 bis unter 35 Jahre,107697
2014,Nordrhein-Westfalen,f,47 bis unter 48 Jahre,149943
2014,Nordrhein-Westfalen,f,65 bis unter 66 Jahre,107356
2014,Nordrhein-Westfalen,f,21 bis unter 22 Jahre,100468
2014,Nordrhein-Westfalen,f,51 bis unter 52 Jahre,152152
2014,Nordrhein-Westfalen,f,16 bis unter 17 Jahre,90417
2014,Nordrhein-Westfalen,f,3 bis unter 4 Jahre,71567
2014,Nordrhein-Westfalen,f,29 bis unter 30 Jahre,103098
2014,Nordrhein-Westfalen,f,46 bis unter 47 Jahre,146482
2014,Nordrhein-Westfalen,f,2 bis unter 3 Jahre,73219
2014,Nordrhein-Westfalen,f,59 bis unter 60 Jahre,120442
2014,Nordrhein-Westfalen,f,64 bis unter 65 Jahre,108050
2014,Nordrhein-Westfalen,f,33 bis unter 34 Jahre,107074
2014,Nordrhein-Westfalen,f,20 bis unter 21 Jahre,95826
2014,Nordrhein-Westfalen,f,50 bis unter 51 Jahre,154798
2014,Nordrhein-Westfalen,f,63 bis unter 64 Jahre,108597
2014,Nordrhein-Westfalen,f,28 bis unter 29 Jahre,107051
2014,Nordrhein-Westfalen,f,15 bis unter 16 Jahre,87686
2014,Nordrhein-Westfalen,f,23 bis unter 24 Jahre,105678
2014,Nordrhein-Westfalen,f,36 bis unter 37 Jahre,101851
2014,Nordrhein-Westfalen,f,54 bis unter 55 Jahre,141733
2014,Nordrhein-Westfalen,f,41 bis unter 42 Jahre,103491
2014,Nordrhein-Westfalen,f,75 bis unter 80 Jahre,493766
2014,Nordrhein-Westfalen,f,67 bis unter 68 Jahre,90527
2014,Nordrhein-Westfalen,f,10 bis unter 11 Jahre,78296
2014,Nordrhein-Westfalen,f,40 bis unter 41 Jahre,102245
2014,Nordrhein-Westfalen,f,49 bis unter 50 Jahre,152839
2014,Nordrhein-Westfalen,f,18 bis unter 19 Jahre,93960
2014,Nordrhein-Westfalen,f,71 bis unter 72 Jahre,91264
2014,Nordrhein-Westfalen,f,5 bis unter 6 Jahre,72500
2014,Nordrhein-Westfalen,f,85 bis unter 90 Jahre,216016
2014,Nordrhein-Westfalen,f,35 bis unter 36 Jahre,102948
2014,Nordrhein-Westfalen,f,22 bis unter 23 Jahre,102153
2014,Nordrhein-Westfalen,f,48 bis unter 49 Jahre,153582
2014,Nordrhein-Westfalen,f,53 bis unter 54 Jahre,144773
2014,Nordrhein-Westfalen,f,66 bis unter 67 Jahre,98287
2014,Nordrhein-Westfalen,f,52 bis unter 53 Jahre,146460
2014,Nordrhein-Westfalen,f,4 bis unter 5 Jahre,73471
2014,Nordrhein-Westfalen,f,17 bis unter 18 Jahre,94462
2014,Nordrhein-Westfalen,f,70 bis unter 71 Jahre,91279
2014,Nordrhein-Westfalen,f,69 bis unter 70 Jahre,71051
2014,Nordrhein-Westfalen,f,12 bis unter 13 Jahre,80835
2014,Nordrhein-Westfalen,f,25 bis unter 26 Jahre,107386
2014,Nordrhein-Westfalen,f,80 bis unter 85 Jahre,317147
2014,Nordrhein-Westfalen,f,30 bis unter 31 Jahre,102986
2014,Nordrhein-Westfalen,f,56 bis unter 57 Jahre,131063
2014,Nordrhein-Westfalen,f,43 bis unter 44 Jahre,122754
2014,Nordrhein-Westfalen,f,73 bis unter 74 Jahre,105884
2014,Nordrhein-Westfalen,f,60 bis unter 61 Jahre,118660
2014,Nordrhein-Westfalen,f,38 bis unter 39 Jahre,102873
2014,Nordrhein-Westfalen,f,7 bis unter 8 Jahre,75130
2014,Nordrhein-Westfalen,f,68 bis unter 69 Jahre,83407
2014,Nordrhein-Westfalen,f,90 Jahre und mehr,115373
2014,Nordrhein-Westfalen,f,11 bis unter 12 Jahre,78846
2014,Nordrhein-Westfalen,f,37 bis unter 38 Jahre,101656
2014,Nordrhein-Westfalen,f,24 bis unter 25 Jahre,109912
2014,Nordrhein-Westfalen,f,42 bis unter 43 Jahre,111864
2014,Nordrhein-Westfalen,f,55 bis unter 56 Jahre,138400
2014,Nordrhein-Westfalen,f,19 bis unter 20 Jahre,92647
2014,Nordrhein-Westfalen,f,72 bis unter 73 Jahre,88466
2014,Nordrhein-Westfalen,f,6 bis unter 7 Jahre,75029
2014,Hamburg,m,32 bis unter 33 Jahre,14495
2014,Hamburg,m,45 bis unter 46 Jahre,13969
2014,Hamburg,m,1 bis unter 2 Jahre,8946
2014,Hamburg,m,58 bis unter 59 Jahre,9693
2014,Hamburg,m,27 bis unter 28 Jahre,13892
2014,Hamburg,m,14 bis unter 15 Jahre,7811
2014,Hamburg,m,90 Jahre und mehr,3535
2014,Hamburg,m,28 bis unter 29 Jahre,14127
2014,Hamburg,m,80 bis unter 85 Jahre,16581
2014,Hamburg,m,50 bis unter 51 Jahre,14856
2014,Hamburg,m,63 bis unter 64 Jahre,8158
2014,Hamburg,m,44 bis unter 45 Jahre,13379
2014,Hamburg,m,31 bis unter 32 Jahre,14217
2014,Hamburg,m,unter 1 Jahr,9559
2014,Hamburg,m,57 bis unter 58 Jahre,10294
2014,Hamburg,m,13 bis unter 14 Jahre,7467
2014,Hamburg,m,26 bis unter 27 Jahre,13655
2014,Hamburg,m,62 bis unter 63 Jahre,8431
2014,Hamburg,m,9 bis unter 10 Jahre,7706
2014,Hamburg,m,43 bis unter 44 Jahre,12995
2014,Hamburg,m,69 bis unter 70 Jahre,6254
2014,Hamburg,m,56 bis unter 57 Jahre,10799
2014,Hamburg,m,25 bis unter 26 Jahre,12714
2014,Hamburg,m,12 bis unter 13 Jahre,7293
2014,Hamburg,m,38 bis unter 39 Jahre,12676
2014,Hamburg,m,39 bis unter 40 Jahre,12167
2014,Hamburg,m,8 bis unter 9 Jahre,7795
2014,Hamburg,m,74 bis unter 75 Jahre,8502
2014,Hamburg,m,61 bis unter 62 Jahre,8294
2014,Hamburg,m,30 bis unter 31 Jahre,14212
2014,Hamburg,m,55 bis unter 56 Jahre,11518
2014,Hamburg,m,42 bis unter 43 Jahre,12293
2014,Hamburg,m,11 bis unter 12 Jahre,7499
2014,Hamburg,m,68 bis unter 69 Jahre,7210
2014,Hamburg,m,24 bis unter 25 Jahre,12530
2014,Hamburg,m,37 bis unter 38 Jahre,13162
2014,Hamburg,m,60 bis unter 61 Jahre,8828
2014,Hamburg,m,7 bis unter 8 Jahre,8003
2014,Hamburg,m,73 bis unter 74 Jahre,8718
2014,Hamburg,m,67 bis unter 68 Jahre,7903
2014,Hamburg,m,54 bis unter 55 Jahre,12169
2014,Hamburg,m,23 bis unter 24 Jahre,11158
2014,Hamburg,m,10 bis unter 11 Jahre,7656
2014,Hamburg,m,36 bis unter 37 Jahre,13359
2014,Hamburg,m,49 bis unter 50 Jahre,14638
2014,Hamburg,m,6 bis unter 7 Jahre,8066
2014,Hamburg,m,72 bis unter 73 Jahre,7673
2014,Hamburg,m,19 bis unter 20 Jahre,8413
2014,Hamburg,m,41 bis unter 42 Jahre,11527
2014,Hamburg,m,66 bis unter 67 Jahre,8163
2014,Hamburg,m,22 bis unter 23 Jahre,10173
2014,Hamburg,m,48 bis unter 49 Jahre,15145
2014,Hamburg,m,35 bis unter 36 Jahre,13624
2014,Hamburg,m,4 bis unter 5 Jahre,8250
2014,Hamburg,m,5 bis unter 6 Jahre,8086
2014,Hamburg,m,71 bis unter 72 Jahre,7990
2014,Hamburg,m,18 bis unter 19 Jahre,8554
2014,Hamburg,m,53 bis unter 54 Jahre,12412
2014,Hamburg,m,40 bis unter 41 Jahre,12184
2014,Hamburg,m,21 bis unter 22 Jahre,9407
2014,Hamburg,m,34 bis unter 35 Jahre,14410
2014,Hamburg,m,47 bis unter 48 Jahre,15176
2014,Hamburg,m,3 bis unter 4 Jahre,8075
2014,Hamburg,m,70 bis unter 71 Jahre,7961
2014,Hamburg,m,17 bis unter 18 Jahre,8402
2014,Hamburg,m,75 bis unter 80 Jahre,33986
2014,Hamburg,m,65 bis unter 66 Jahre,8373
2014,Hamburg,m,52 bis unter 53 Jahre,13036
2014,Hamburg,m,20 bis unter 21 Jahre,8995
2014,Hamburg,m,46 bis unter 47 Jahre,14998
2014,Hamburg,m,33 bis unter 34 Jahre,14480
2014,Hamburg,m,2 bis unter 3 Jahre,8701
2014,Hamburg,m,59 bis unter 60 Jahre,9260
2014,Hamburg,m,15 bis unter 16 Jahre,7627
2014,Hamburg,m,85 bis unter 90 Jahre,9077
2014,Hamburg,m,29 bis unter 30 Jahre,13895
2014,Hamburg,m,16 bis unter 17 Jahre,7805
2014,Hamburg,m,51 bis unter 52 Jahre,14047
2014,Hamburg,m,64 bis unter 65 Jahre,8359
2014,Hamburg,f,8 bis unter 9 Jahre,7210
2014,Hamburg,f,61 bis unter 62 Jahre,9055
2014,Hamburg,f,13 bis unter 14 Jahre,7098
2014,Hamburg,f,26 bis unter 27 Jahre,15133
2014,Hamburg,f,39 bis unter 40 Jahre,11746
2014,Hamburg,f,44 bis unter 45 Jahre,12743
2014,Hamburg,f,57 bis unter 58 Jahre,10504
2014,Hamburg,f,unter 1 Jahr,9214
2014,Hamburg,f,62 bis unter 63 Jahre,9155
2014,Hamburg,f,80 bis unter 85 Jahre,26562
2014,Hamburg,f,31 bis unter 32 Jahre,14926
2014,Hamburg,f,9 bis unter 10 Jahre,7318
2014,Hamburg,f,1 bis unter 2 Jahre,8669
2014,Hamburg,f,14 bis unter 15 Jahre,7125
2014,Hamburg,f,27 bis unter 28 Jahre,14990
2014,Hamburg,f,32 bis unter 33 Jahre,15001
2014,Hamburg,f,45 bis unter 46 Jahre,13339
2014,Hamburg,f,58 bis unter 59 Jahre,10116
2014,Hamburg,f,63 bis unter 64 Jahre,9116
2014,Hamburg,f,28 bis unter 29 Jahre,15121
2014,Hamburg,f,50 bis unter 51 Jahre,14243
2014,Hamburg,f,59 bis unter 60 Jahre,9561
2014,Hamburg,f,2 bis unter 3 Jahre,8116
2014,Hamburg,f,15 bis unter 16 Jahre,7104
2014,Hamburg,f,20 bis unter 21 Jahre,9043
2014,Hamburg,f,33 bis unter 34 Jahre,15165
2014,Hamburg,f,46 bis unter 47 Jahre,14195
2014,Hamburg,f,51 bis unter 52 Jahre,13788
2014,Hamburg,f,64 bis unter 65 Jahre,9411
2014,Hamburg,f,90 Jahre und mehr,12050
2014,Hamburg,f,29 bis unter 30 Jahre,14825
2014,Hamburg,f,47 bis unter 48 Jahre,14358
2014,Hamburg,f,3 bis unter 4 Jahre,7782
2014,Hamburg,f,16 bis unter 17 Jahre,7389
2014,Hamburg,f,21 bis unter 22 Jahre,9865
2014,Hamburg,f,34 bis unter 35 Jahre,14711
2014,Hamburg,f,52 bis unter 53 Jahre,12923
2014,Hamburg,f,65 bis unter 66 Jahre,9316
2014,Hamburg,f,17 bis unter 18 Jahre,7724
2014,Hamburg,f,70 bis unter 71 Jahre,8980
2014,Hamburg,f,48 bis unter 49 Jahre,14522
2014,Hamburg,f,4 bis unter 5 Jahre,7849
2014,Hamburg,f,66 bis unter 67 Jahre,8940
2014,Hamburg,f,22 bis unter 23 Jahre,10731
2014,Hamburg,f,35 bis unter 36 Jahre,13656
2014,Hamburg,f,40 bis unter 41 Jahre,11541
2014,Hamburg,f,53 bis unter 54 Jahre,12468
2014,Hamburg,f,5 bis unter 6 Jahre,7530
2014,Hamburg,f,18 bis unter 19 Jahre,7918
2014,Hamburg,f,71 bis unter 72 Jahre,8994
2014,Hamburg,f,36 bis unter 37 Jahre,12961
2014,Hamburg,f,85 bis unter 90 Jahre,19259
2014,Hamburg,f,49 bis unter 50 Jahre,14053
2014,Hamburg,f,10 bis unter 11 Jahre,7237
2014,Hamburg,f,67 bis unter 68 Jahre,8511
2014,Hamburg,f,23 bis unter 24 Jahre,11776
2014,Hamburg,f,41 bis unter 42 Jahre,11520
2014,Hamburg,f,54 bis unter 55 Jahre,12001
2014,Hamburg,f,6 bis unter 7 Jahre,7641
2014,Hamburg,f,19 bis unter 20 Jahre,8032
2014,Hamburg,f,72 bis unter 73 Jahre,8719
2014,Hamburg,f,75 bis unter 80 Jahre,44256
2014,Hamburg,f,24 bis unter 25 Jahre,13434
2014,Hamburg,f,37 bis unter 38 Jahre,12618
2014,Hamburg,f,55 bis unter 56 Jahre,11498
2014,Hamburg,f,11 bis unter 12 Jahre,7011
2014,Hamburg,f,68 bis unter 69 Jahre,7992
2014,Hamburg,f,42 bis unter 43 Jahre,11813
2014,Hamburg,f,60 bis unter 61 Jahre,9480
2014,Hamburg,f,7 bis unter 8 Jahre,7457
2014,Hamburg,f,73 bis unter 74 Jahre,9965
2014,Hamburg,f,25 bis unter 26 Jahre,13890
2014,Hamburg,f,38 bis unter 39 Jahre,12532
2014,Hamburg,f,43 bis unter 44 Jahre,12504
2014,Hamburg,f,56 bis unter 57 Jahre,10983
2014,Hamburg,f,12 bis unter 13 Jahre,7021
2014,Hamburg,f,69 bis unter 70 Jahre,7178
2014,Hamburg,f,74 bis unter 75 Jahre,10366
2014,Hamburg,f,30 bis unter 31 Jahre,14798
2014,Berlin,m,73 bis unter 74 Jahre,19263
2014,Berlin,m,42 bis unter 43 Jahre,22261
2014,Berlin,m,55 bis unter 56 Jahre,24129
2014,Berlin,m,11 bis unter 12 Jahre,13767
2014,Berlin,m,68 bis unter 69 Jahre,12100
2014,Berlin,m,37 bis unter 38 Jahre,24889
2014,Berlin,m,90 Jahre und mehr,4948
2014,Berlin,m,24 bis unter 25 Jahre,25416
2014,Berlin,m,6 bis unter 7 Jahre,16235
2014,Berlin,m,72 bis unter 73 Jahre,17052
2014,Berlin,m,19 bis unter 20 Jahre,14532
2014,Berlin,m,41 bis unter 42 Jahre,21239
2014,Berlin,m,67 bis unter 68 Jahre,15161
2014,Berlin,m,54 bis unter 55 Jahre,25567
2014,Berlin,m,23 bis unter 24 Jahre,20277
2014,Berlin,m,10 bis unter 11 Jahre,14438
2014,Berlin,m,36 bis unter 37 Jahre,25916
2014,Berlin,m,49 bis unter 50 Jahre,29246
2014,Berlin,m,18 bis unter 19 Jahre,13971
2014,Berlin,m,5 bis unter 6 Jahre,16219
2014,Berlin,m,71 bis unter 72 Jahre,18160
2014,Berlin,m,62 bis unter 63 Jahre,18200
2014,Berlin,m,9 bis unter 10 Jahre,14447
2014,Berlin,m,44 bis unter 45 Jahre,24721
2014,Berlin,m,31 bis unter 32 Jahre,29474
2014,Berlin,m,unter 1 Jahr,18965
2014,Berlin,m,57 bis unter 58 Jahre,21072
2014,Berlin,m,13 bis unter 14 Jahre,13496
2014,Berlin,m,39 bis unter 40 Jahre,22691
2014,Berlin,m,26 bis unter 27 Jahre,29166
2014,Berlin,m,61 bis unter 62 Jahre,18896
2014,Berlin,m,8 bis unter 9 Jahre,14702
2014,Berlin,m,74 bis unter 75 Jahre,18049
2014,Berlin,m,30 bis unter 31 Jahre,29678
2014,Berlin,m,56 bis unter 57 Jahre,22039
2014,Berlin,m,43 bis unter 44 Jahre,24462
2014,Berlin,m,12 bis unter 13 Jahre,13828
2014,Berlin,m,69 bis unter 70 Jahre,13275
2014,Berlin,m,25 bis unter 26 Jahre,27336
2014,Berlin,m,38 bis unter 39 Jahre,23665
2014,Berlin,m,60 bis unter 61 Jahre,19392
2014,Berlin,m,7 bis unter 8 Jahre,15758
2014,Berlin,m,51 bis unter 52 Jahre,29359
2014,Berlin,m,75 bis unter 80 Jahre,67551
2014,Berlin,m,64 bis unter 65 Jahre,18866
2014,Berlin,m,20 bis unter 21 Jahre,15724
2014,Berlin,m,46 bis unter 47 Jahre,27111
2014,Berlin,m,33 bis unter 34 Jahre,28916
2014,Berlin,m,2 bis unter 3 Jahre,17796
2014,Berlin,m,59 bis unter 60 Jahre,19957
2014,Berlin,m,15 bis unter 16 Jahre,13528
2014,Berlin,m,28 bis unter 29 Jahre,30290
2014,Berlin,m,63 bis unter 64 Jahre,18411
2014,Berlin,m,50 bis unter 51 Jahre,29427
2014,Berlin,m,32 bis unter 33 Jahre,29897
2014,Berlin,m,58 bis unter 59 Jahre,20449
2014,Berlin,m,45 bis unter 46 Jahre,26006
2014,Berlin,m,14 bis unter 15 Jahre,13865
2014,Berlin,m,1 bis unter 2 Jahre,17964
2014,Berlin,m,27 bis unter 28 Jahre,30026
2014,Berlin,m,85 bis unter 90 Jahre,15287
2014,Berlin,m,40 bis unter 41 Jahre,22043
2014,Berlin,m,53 bis unter 54 Jahre,26310
2014,Berlin,m,66 bis unter 67 Jahre,16373
2014,Berlin,m,35 bis unter 36 Jahre,26823
2014,Berlin,m,22 bis unter 23 Jahre,18120
2014,Berlin,m,48 bis unter 49 Jahre,28108
2014,Berlin,m,4 bis unter 5 Jahre,16691
2014,Berlin,m,80 bis unter 85 Jahre,32882
2014,Berlin,m,70 bis unter 71 Jahre,17344
2014,Berlin,m,17 bis unter 18 Jahre,14029
2014,Berlin,m,65 bis unter 66 Jahre,17845
2014,Berlin,m,52 bis unter 53 Jahre,27975
2014,Berlin,m,21 bis unter 22 Jahre,16605
2014,Berlin,m,34 bis unter 35 Jahre,28906
2014,Berlin,m,47 bis unter 48 Jahre,27315
2014,Berlin,m,16 bis unter 17 Jahre,13670
2014,Berlin,m,3 bis unter 4 Jahre,16784
2014,Berlin,m,29 bis unter 30 Jahre,29867
2014,Berlin,f,36 bis unter 37 Jahre,24285
2014,Berlin,f,49 bis unter 50 Jahre,27809
2014,Berlin,f,5 bis unter 6 Jahre,15615
2014,Berlin,f,67 bis unter 68 Jahre,17225
2014,Berlin,f,10 bis unter 11 Jahre,13720
2014,Berlin,f,23 bis unter 24 Jahre,21645
2014,Berlin,f,40 bis unter 41 Jahre,20740
2014,Berlin,f,53 bis unter 54 Jahre,25918
2014,Berlin,f,66 bis unter 67 Jahre,18344
2014,Berlin,f,71 bis unter 72 Jahre,20791
2014,Berlin,f,18 bis unter 19 Jahre,13706
2014,Berlin,f,37 bis unter 38 Jahre,23617
2014,Berlin,f,55 bis unter 56 Jahre,23636
2014,Berlin,f,68 bis unter 69 Jahre,13137
2014,Berlin,f,11 bis unter 12 Jahre,13151
2014,Berlin,f,24 bis unter 25 Jahre,27175
2014,Berlin,f,41 bis unter 42 Jahre,20306
2014,Berlin,f,54 bis unter 55 Jahre,24399
2014,Berlin,f,6 bis unter 7 Jahre,15165
2014,Berlin,f,72 bis unter 73 Jahre,19651
2014,Berlin,f,19 bis unter 20 Jahre,14614
2014,Berlin,f,3 bis unter 4 Jahre,15840
2014,Berlin,f,16 bis unter 17 Jahre,13138
2014,Berlin,f,21 bis unter 22 Jahre,17622
2014,Berlin,f,34 bis unter 35 Jahre,27701
2014,Berlin,f,47 bis unter 48 Jahre,25836
2014,Berlin,f,51 bis unter 52 Jahre,28339
2014,Berlin,f,64 bis unter 65 Jahre,21855
2014,Berlin,f,20 bis unter 21 Jahre,16025
2014,Berlin,f,29 bis unter 30 Jahre,30048
2014,Berlin,f,48 bis unter 49 Jahre,27288
2014,Berlin,f,4 bis unter 5 Jahre,15994
2014,Berlin,f,22 bis unter 23 Jahre,19194
2014,Berlin,f,35 bis unter 36 Jahre,25804
2014,Berlin,f,52 bis unter 53 Jahre,27005
2014,Berlin,f,65 bis unter 66 Jahre,20194
2014,Berlin,f,70 bis unter 71 Jahre,19835
2014,Berlin,f,17 bis unter 18 Jahre,13246
2014,Berlin,f,85 bis unter 90 Jahre,32820
2014,Berlin,f,14 bis unter 15 Jahre,13288
2014,Berlin,f,27 bis unter 28 Jahre,30981
2014,Berlin,f,32 bis unter 33 Jahre,28938
2014,Berlin,f,45 bis unter 46 Jahre,24253
2014,Berlin,f,1 bis unter 2 Jahre,16864
2014,Berlin,f,58 bis unter 59 Jahre,20844
2014,Berlin,f,75 bis unter 80 Jahre,89034
2014,Berlin,f,31 bis unter 32 Jahre,28877
2014,Berlin,f,62 bis unter 63 Jahre,20574
2014,Berlin,f,9 bis unter 10 Jahre,13614
2014,Berlin,f,2 bis unter 3 Jahre,16686
2014,Berlin,f,59 bis unter 60 Jahre,20848
2014,Berlin,f,15 bis unter 16 Jahre,13036
2014,Berlin,f,28 bis unter 29 Jahre,30669
2014,Berlin,f,80 bis unter 85 Jahre,50689
2014,Berlin,f,33 bis unter 34 Jahre,28631
2014,Berlin,f,46 bis unter 47 Jahre,25707
2014,Berlin,f,63 bis unter 64 Jahre,20871
2014,Berlin,f,50 bis unter 51 Jahre,28489
2014,Berlin,f,25 bis unter 26 Jahre,29210
2014,Berlin,f,38 bis unter 39 Jahre,22672
2014,Berlin,f,56 bis unter 57 Jahre,21839
2014,Berlin,f,69 bis unter 70 Jahre,15156
2014,Berlin,f,12 bis unter 13 Jahre,13046
2014,Berlin,f,42 bis unter 43 Jahre,20955
2014,Berlin,f,90 Jahre und mehr,20477
2014,Berlin,f,60 bis unter 61 Jahre,20857
2014,Berlin,f,7 bis unter 8 Jahre,14757
2014,Berlin,f,73 bis unter 74 Jahre,22741
2014,Berlin,f,13 bis unter 14 Jahre,13147
2014,Berlin,f,26 bis unter 27 Jahre,30668
2014,Berlin,f,39 bis unter 40 Jahre,21342
2014,Berlin,f,44 bis unter 45 Jahre,23328
2014,Berlin,f,unter 1 Jahr,18230
2014,Berlin,f,57 bis unter 58 Jahre,21098
2014,Berlin,f,74 bis unter 75 Jahre,21705
2014,Berlin,f,30 bis unter 31 Jahre,29269
2014,Berlin,f,43 bis unter 44 Jahre,22995
2014,Berlin,f,61 bis unter 62 Jahre,20562
2014,Berlin,f,8 bis unter 9 Jahre,14251
2014,Sachsen,m,26 bis unter 27 Jahre,28667
2014,Sachsen,m,39 bis unter 40 Jahre,22236
2014,Sachsen,m,74 bis unter 75 Jahre,27416
2014,Sachsen,m,61 bis unter 62 Jahre,29513
2014,Sachsen,m,8 bis unter 9 Jahre,16586
2014,Sachsen,m,44 bis unter 45 Jahre,28482
2014,Sachsen,m,31 bis unter 32 Jahre,27484
2014,Sachsen,m,13 bis unter 14 Jahre,16138
2014,Sachsen,m,57 bis unter 58 Jahre,28747
2014,Sachsen,m,unter 1 Jahr,18375
2014,Sachsen,m,85 bis unter 90 Jahre,27529
2014,Sachsen,m,38 bis unter 39 Jahre,23069
2014,Sachsen,m,73 bis unter 74 Jahre,27094
2014,Sachsen,m,60 bis unter 61 Jahre,29373
2014,Sachsen,m,7 bis unter 8 Jahre,17454
2014,Sachsen,m,43 bis unter 44 Jahre,28667
2014,Sachsen,m,56 bis unter 57 Jahre,28935
2014,Sachsen,m,30 bis unter 31 Jahre,27446
2014,Sachsen,m,25 bis unter 26 Jahre,27948
2014,Sachsen,m,12 bis unter 13 Jahre,15835
2014,Sachsen,m,69 bis unter 70 Jahre,17088
2014,Sachsen,m,6 bis unter 7 Jahre,17864
2014,Sachsen,m,19 bis unter 20 Jahre,13573
2014,Sachsen,m,72 bis unter 73 Jahre,22034
2014,Sachsen,m,55 bis unter 56 Jahre,31539
2014,Sachsen,m,42 bis unter 43 Jahre,24512
2014,Sachsen,m,24 bis unter 25 Jahre,26657
2014,Sachsen,m,37 bis unter 38 Jahre,26162
2014,Sachsen,m,11 bis unter 12 Jahre,16146
2014,Sachsen,m,68 bis unter 69 Jahre,14844
2014,Sachsen,m,5 bis unter 6 Jahre,17828
2014,Sachsen,m,18 bis unter 19 Jahre,14032
2014,Sachsen,m,49 bis unter 50 Jahre,32587
2014,Sachsen,m,40 bis unter 41 Jahre,22076
2014,Sachsen,m,71 bis unter 72 Jahre,24241
2014,Sachsen,m,10 bis unter 11 Jahre,16784
2014,Sachsen,m,67 bis unter 68 Jahre,19663
2014,Sachsen,m,41 bis unter 42 Jahre,22307
2014,Sachsen,m,54 bis unter 55 Jahre,31998
2014,Sachsen,m,36 bis unter 37 Jahre,26768
2014,Sachsen,m,23 bis unter 24 Jahre,18261
2014,Sachsen,m,17 bis unter 18 Jahre,14377
2014,Sachsen,m,70 bis unter 71 Jahre,24907
2014,Sachsen,m,4 bis unter 5 Jahre,18068
2014,Sachsen,m,66 bis unter 67 Jahre,20135
2014,Sachsen,m,53 bis unter 54 Jahre,33213
2014,Sachsen,m,80 bis unter 85 Jahre,56889
2014,Sachsen,m,48 bis unter 49 Jahre,31216
2014,Sachsen,m,22 bis unter 23 Jahre,15403
2014,Sachsen,m,35 bis unter 36 Jahre,27028
2014,Sachsen,m,29 bis unter 30 Jahre,28111
2014,Sachsen,m,3 bis unter 4 Jahre,17995
2014,Sachsen,m,16 bis unter 17 Jahre,14868
2014,Sachsen,m,51 bis unter 52 Jahre,34351
2014,Sachsen,m,21 bis unter 22 Jahre,14396
2014,Sachsen,m,52 bis unter 53 Jahre,33685
2014,Sachsen,m,65 bis unter 66 Jahre,25283
2014,Sachsen,m,90 Jahre und mehr,8682
2014,Sachsen,m,47 bis unter 48 Jahre,29831
2014,Sachsen,m,34 bis unter 35 Jahre,27674
2014,Sachsen,m,28 bis unter 29 Jahre,27600
2014,Sachsen,m,15 bis unter 16 Jahre,15583
2014,Sachsen,m,50 bis unter 51 Jahre,33600
2014,Sachsen,m,63 bis unter 64 Jahre,30321
2014,Sachsen,m,20 bis unter 21 Jahre,13846
2014,Sachsen,m,33 bis unter 34 Jahre,27285
2014,Sachsen,m,64 bis unter 65 Jahre,29103
2014,Sachsen,m,59 bis unter 60 Jahre,29995
2014,Sachsen,m,75 bis unter 80 Jahre,106986
2014,Sachsen,m,2 bis unter 3 Jahre,18144
2014,Sachsen,m,46 bis unter 47 Jahre,28827
2014,Sachsen,m,27 bis unter 28 Jahre,29090
2014,Sachsen,m,62 bis unter 63 Jahre,30114
2014,Sachsen,m,9 bis unter 10 Jahre,16583
2014,Sachsen,m,32 bis unter 33 Jahre,28124
2014,Sachsen,m,1 bis unter 2 Jahre,18293
2014,Sachsen,m,14 bis unter 15 Jahre,16473
2014,Sachsen,m,45 bis unter 46 Jahre,28390
2014,Sachsen,m,58 bis unter 59 Jahre,29180
2014,Sachsen,f,42 bis unter 43 Jahre,21484
2014,Sachsen,f,68 bis unter 69 Jahre,16746
2014,Sachsen,f,55 bis unter 56 Jahre,31482
2014,Sachsen,f,73 bis unter 74 Jahre,33131
2014,Sachsen,f,38 bis unter 39 Jahre,20751
2014,Sachsen,f,60 bis unter 61 Jahre,30963
2014,Sachsen,f,7 bis unter 8 Jahre,16498
2014,Sachsen,f,12 bis unter 13 Jahre,15373
2014,Sachsen,f,69 bis unter 70 Jahre,20103
2014,Sachsen,f,25 bis unter 26 Jahre,24948
2014,Sachsen,f,43 bis unter 44 Jahre,25239
2014,Sachsen,f,30 bis unter 31 Jahre,24636
2014,Sachsen,f,56 bis unter 57 Jahre,29340
2014,Sachsen,f,61 bis unter 62 Jahre,31253
2014,Sachsen,f,8 bis unter 9 Jahre,15792
2014,Sachsen,f,74 bis unter 75 Jahre,33766
2014,Sachsen,f,39 bis unter 40 Jahre,19607
2014,Sachsen,f,unter 1 Jahr,17602
2014,Sachsen,f,57 bis unter 58 Jahre,29249
2014,Sachsen,f,26 bis unter 27 Jahre,25559
2014,Sachsen,f,13 bis unter 14 Jahre,15110
2014,Sachsen,f,31 bis unter 32 Jahre,24696
2014,Sachsen,f,44 bis unter 45 Jahre,25469
2014,Sachsen,f,62 bis unter 63 Jahre,31580
2014,Sachsen,f,9 bis unter 10 Jahre,15928
2014,Sachsen,f,27 bis unter 28 Jahre,25954
2014,Sachsen,f,1 bis unter 2 Jahre,17034
2014,Sachsen,f,58 bis unter 59 Jahre,29752
2014,Sachsen,f,14 bis unter 15 Jahre,15694
2014,Sachsen,f,75 bis unter 80 Jahre,141028
2014,Sachsen,f,45 bis unter 46 Jahre,25944
2014,Sachsen,f,32 bis unter 33 Jahre,24704
2014,Sachsen,f,50 bis unter 51 Jahre,32722
2014,Sachsen,f,63 bis unter 64 Jahre,32762
2014,Sachsen,f,28 bis unter 29 Jahre,25086
2014,Sachsen,f,15 bis unter 16 Jahre,14849
2014,Sachsen,f,85 bis unter 90 Jahre,62821
2014,Sachsen,f,46 bis unter 47 Jahre,26664
2014,Sachsen,f,2 bis unter 3 Jahre,17338
2014,Sachsen,f,59 bis unter 60 Jahre,31002
2014,Sachsen,f,20 bis unter 21 Jahre,12967
2014,Sachsen,f,33 bis unter 34 Jahre,23919
2014,Sachsen,f,64 bis unter 65 Jahre,31340
2014,Sachsen,f,51 bis unter 52 Jahre,32921
2014,Sachsen,f,16 bis unter 17 Jahre,14243
2014,Sachsen,f,80 bis unter 85 Jahre,90609
2014,Sachsen,f,29 bis unter 30 Jahre,24814
2014,Sachsen,f,47 bis unter 48 Jahre,27617
2014,Sachsen,f,34 bis unter 35 Jahre,24547
2014,Sachsen,f,3 bis unter 4 Jahre,17000
2014,Sachsen,f,65 bis unter 66 Jahre,27552
2014,Sachsen,f,21 bis unter 22 Jahre,13418
2014,Sachsen,f,52 bis unter 53 Jahre,32428
2014,Sachsen,f,4 bis unter 5 Jahre,17509
2014,Sachsen,f,70 bis unter 71 Jahre,28939
2014,Sachsen,f,17 bis unter 18 Jahre,13816
2014,Sachsen,f,35 bis unter 36 Jahre,23411
2014,Sachsen,f,48 bis unter 49 Jahre,29742
2014,Sachsen,f,66 bis unter 67 Jahre,22162
2014,Sachsen,f,53 bis unter 54 Jahre,32805
2014,Sachsen,f,22 bis unter 23 Jahre,14394
2014,Sachsen,f,40 bis unter 41 Jahre,19198
2014,Sachsen,f,90 Jahre und mehr,33608
2014,Sachsen,f,5 bis unter 6 Jahre,16700
2014,Sachsen,f,71 bis unter 72 Jahre,28768
2014,Sachsen,f,18 bis unter 19 Jahre,13326
2014,Sachsen,f,23 bis unter 24 Jahre,16893
2014,Sachsen,f,49 bis unter 50 Jahre,30905
2014,Sachsen,f,36 bis unter 37 Jahre,23751
2014,Sachsen,f,54 bis unter 55 Jahre,31468
2014,Sachsen,f,10 bis unter 11 Jahre,16070
2014,Sachsen,f,67 bis unter 68 Jahre,22515
2014,Sachsen,f,72 bis unter 73 Jahre,26693
2014,Sachsen,f,41 bis unter 42 Jahre,19545
2014,Sachsen,f,19 bis unter 20 Jahre,12715
2014,Sachsen,f,6 bis unter 7 Jahre,17004
2014,Sachsen,f,24 bis unter 25 Jahre,24191
2014,Sachsen,f,11 bis unter 12 Jahre,15584
2014,Sachsen,f,37 bis unter 38 Jahre,22921
2011,Nordrhein-Westfalen,m,6 bis unter 7 Jahre,78603
2011,Nordrhein-Westfalen,m,19 bis unter 20 Jahre,102697
2011,Nordrhein-Westfalen,m,72 bis unter 73 Jahre,100188
2011,Nordrhein-Westfalen,m,41 bis unter 42 Jahre,127000
2011,Nordrhein-Westfalen,m,67 bis unter 68 Jahre,86030
2011,Nordrhein-Westfalen,m,54 bis unter 55 Jahre,129631
2011,Nordrhein-Westfalen,m,23 bis unter 24 Jahre,108682
2011,Nordrhein-Westfalen,m,10 bis unter 11 Jahre,86170
2011,Nordrhein-Westfalen,m,36 bis unter 37 Jahre,96916
2011,Nordrhein-Westfalen,m,49 bis unter 50 Jahre,149159
2011,Nordrhein-Westfalen,m,60 bis unter 61 Jahre,104507
2011,Nordrhein-Westfalen,m,7 bis unter 8 Jahre,80840
2011,Nordrhein-Westfalen,m,73 bis unter 74 Jahre,93076
2011,Nordrhein-Westfalen,m,55 bis unter 56 Jahre,124504
2011,Nordrhein-Westfalen,m,42 bis unter 43 Jahre,140308
2011,Nordrhein-Westfalen,m,11 bis unter 12 Jahre,90191
2011,Nordrhein-Westfalen,m,68 bis unter 69 Jahre,85786
2011,Nordrhein-Westfalen,m,24 bis unter 25 Jahre,107108
2011,Nordrhein-Westfalen,m,37 bis unter 38 Jahre,98216
2011,Nordrhein-Westfalen,m,17 bis unter 18 Jahre,97398
2011,Nordrhein-Westfalen,m,70 bis unter 71 Jahre,97370
2011,Nordrhein-Westfalen,m,65 bis unter 66 Jahre,79711
2011,Nordrhein-Westfalen,m,52 bis unter 53 Jahre,139036
2011,Nordrhein-Westfalen,m,21 bis unter 22 Jahre,108370
2011,Nordrhein-Westfalen,m,34 bis unter 35 Jahre,98966
2011,Nordrhein-Westfalen,m,47 bis unter 48 Jahre,158668
2011,Nordrhein-Westfalen,m,3 bis unter 4 Jahre,77378
2011,Nordrhein-Westfalen,m,5 bis unter 6 Jahre,76998
2011,Nordrhein-Westfalen,m,18 bis unter 19 Jahre,101321
2011,Nordrhein-Westfalen,m,71 bis unter 72 Jahre,103435
2011,Nordrhein-Westfalen,m,53 bis unter 54 Jahre,132344
2011,Nordrhein-Westfalen,m,40 bis unter 41 Jahre,120375
2011,Nordrhein-Westfalen,m,66 bis unter 67 Jahre,66032
2011,Nordrhein-Westfalen,m,22 bis unter 23 Jahre,105444
2011,Nordrhein-Westfalen,m,48 bis unter 49 Jahre,155636
2011,Nordrhein-Westfalen,m,35 bis unter 36 Jahre,99137
2011,Nordrhein-Westfalen,m,4 bis unter 5 Jahre,77443
2011,Nordrhein-Westfalen,m,28 bis unter 29 Jahre,101914
2011,Nordrhein-Westfalen,m,50 bis unter 51 Jahre,145897
2011,Nordrhein-Westfalen,m,63 bis unter 64 Jahre,95666
2011,Nordrhein-Westfalen,m,32 bis unter 33 Jahre,98637
2011,Nordrhein-Westfalen,m,45 bis unter 46 Jahre,156408
2011,Nordrhein-Westfalen,m,58 bis unter 59 Jahre,109615
2011,Nordrhein-Westfalen,m,1 bis unter 2 Jahre,75395
2011,Nordrhein-Westfalen,m,27 bis unter 28 Jahre,101281
2011,Nordrhein-Westfalen,m,14 bis unter 15 Jahre,97977
2011,Nordrhein-Westfalen,m,29 bis unter 30 Jahre,105130
2011,Nordrhein-Westfalen,m,16 bis unter 17 Jahre,94794
2011,Nordrhein-Westfalen,m,51 bis unter 52 Jahre,142500
2011,Nordrhein-Westfalen,m,64 bis unter 65 Jahre,87732
2011,Nordrhein-Westfalen,m,20 bis unter 21 Jahre,104644
2011,Nordrhein-Westfalen,m,46 bis unter 47 Jahre,156200
2011,Nordrhein-Westfalen,m,33 bis unter 34 Jahre,97817
2011,Nordrhein-Westfalen,m,59 bis unter 60 Jahre,108345
2011,Nordrhein-Westfalen,m,2 bis unter 3 Jahre,74365
2011,Nordrhein-Westfalen,m,15 bis unter 16 Jahre,96990
2011,Nordrhein-Westfalen,m,39 bis unter 40 Jahre,109500
2011,Nordrhein-Westfalen,m,8 bis unter 9 Jahre,81818
2011,Nordrhein-Westfalen,m,74 bis unter 75 Jahre,85397
2011,Nordrhein-Westfalen,m,61 bis unter 62 Jahre,104624
2011,Nordrhein-Westfalen,m,85 bis unter 90 Jahre,83660
2011,Nordrhein-Westfalen,m,30 bis unter 31 Jahre,103749
2011,Nordrhein-Westfalen,m,43 bis unter 44 Jahre,147324
2011,Nordrhein-Westfalen,m,69 bis unter 70 Jahre,82827
2011,Nordrhein-Westfalen,m,56 bis unter 57 Jahre,118616
2011,Nordrhein-Westfalen,m,25 bis unter 26 Jahre,105180
2011,Nordrhein-Westfalen,m,12 bis unter 13 Jahre,90578
2011,Nordrhein-Westfalen,m,90 Jahre und mehr,24979
2011,Nordrhein-Westfalen,m,38 bis unter 39 Jahre,100411
2011,Nordrhein-Westfalen,m,80 bis unter 85 Jahre,200730
2011,Nordrhein-Westfalen,m,62 bis unter 63 Jahre,104665
2011,Nordrhein-Westfalen,m,9 bis unter 10 Jahre,83757
2011,Nordrhein-Westfalen,m,75 bis unter 80 Jahre,322782
2011,Nordrhein-Westfalen,m,44 bis unter 45 Jahre,151873
2011,Nordrhein-Westfalen,m,31 bis unter 32 Jahre,103779
2011,Nordrhein-Westfalen,m,57 bis unter 58 Jahre,115722
2011,Nordrhein-Westfalen,m,unter 1 Jahr,72527
2011,Nordrhein-Westfalen,m,13 bis unter 14 Jahre,93976
2011,Nordrhein-Westfalen,m,26 bis unter 27 Jahre,100923
2011,Nordrhein-Westfalen,f,66 bis unter 67 Jahre,73620
2011,Nordrhein-Westfalen,f,22 bis unter 23 Jahre,102965
2011,Nordrhein-Westfalen,f,35 bis unter 36 Jahre,101252
2011,Nordrhein-Westfalen,f,40 bis unter 41 Jahre,121844
2011,Nordrhein-Westfalen,f,53 bis unter 54 Jahre,132370
2011,Nordrhein-Westfalen,f,70 bis unter 71 Jahre,110882
2011,Nordrhein-Westfalen,f,17 bis unter 18 Jahre,92636
2011,Nordrhein-Westfalen,f,48 bis unter 49 Jahre,152483
2011,Nordrhein-Westfalen,f,4 bis unter 5 Jahre,73447
2011,Nordrhein-Westfalen,f,21 bis unter 22 Jahre,104673
2011,Nordrhein-Westfalen,f,75 bis unter 80 Jahre,422061
2011,Nordrhein-Westfalen,f,34 bis unter 35 Jahre,99953
2011,Nordrhein-Westfalen,f,52 bis unter 53 Jahre,139424
2011,Nordrhein-Westfalen,f,65 bis unter 66 Jahre,86306
2011,Nordrhein-Westfalen,f,29 bis unter 30 Jahre,104642
2011,Nordrhein-Westfalen,f,47 bis unter 48 Jahre,155134
2011,Nordrhein-Westfalen,f,80 bis unter 85 Jahre,320492
2011,Nordrhein-Westfalen,f,3 bis unter 4 Jahre,73311
2011,Nordrhein-Westfalen,f,16 bis unter 17 Jahre,90306
2011,Nordrhein-Westfalen,f,20 bis unter 21 Jahre,101034
2011,Nordrhein-Westfalen,f,33 bis unter 34 Jahre,100132
2011,Nordrhein-Westfalen,f,46 bis unter 47 Jahre,152860
2011,Nordrhein-Westfalen,f,85 bis unter 90 Jahre,212120
2011,Nordrhein-Westfalen,f,51 bis unter 52 Jahre,142506
2011,Nordrhein-Westfalen,f,64 bis unter 65 Jahre,93434
2011,Nordrhein-Westfalen,f,28 bis unter 29 Jahre,101785
2011,Nordrhein-Westfalen,f,50 bis unter 51 Jahre,145669
2011,Nordrhein-Westfalen,f,59 bis unter 60 Jahre,114793
2011,Nordrhein-Westfalen,f,2 bis unter 3 Jahre,70754
2011,Nordrhein-Westfalen,f,15 bis unter 16 Jahre,92267
2011,Nordrhein-Westfalen,f,32 bis unter 33 Jahre,100976
2011,Nordrhein-Westfalen,f,45 bis unter 46 Jahre,153494
2011,Nordrhein-Westfalen,f,58 bis unter 59 Jahre,115588
2011,Nordrhein-Westfalen,f,63 bis unter 64 Jahre,101303
2011,Nordrhein-Westfalen,f,9 bis unter 10 Jahre,79369
2011,Nordrhein-Westfalen,f,1 bis unter 2 Jahre,71446
2011,Nordrhein-Westfalen,f,14 bis unter 15 Jahre,92988
2011,Nordrhein-Westfalen,f,27 bis unter 28 Jahre,100529
2011,Nordrhein-Westfalen,f,44 bis unter 45 Jahre,149677
2011,Nordrhein-Westfalen,f,90 Jahre und mehr,99170
2011,Nordrhein-Westfalen,f,57 bis unter 58 Jahre,120593
2011,Nordrhein-Westfalen,f,unter 1 Jahr,69173
2011,Nordrhein-Westfalen,f,62 bis unter 63 Jahre,110339
2011,Nordrhein-Westfalen,f,31 bis unter 32 Jahre,105583
2011,Nordrhein-Westfalen,f,61 bis unter 62 Jahre,110724
2011,Nordrhein-Westfalen,f,8 bis unter 9 Jahre,77287
2011,Nordrhein-Westfalen,f,13 bis unter 14 Jahre,88947
2011,Nordrhein-Westfalen,f,26 bis unter 27 Jahre,100257
2011,Nordrhein-Westfalen,f,39 bis unter 40 Jahre,110695
2011,Nordrhein-Westfalen,f,43 bis unter 44 Jahre,145963
2011,Nordrhein-Westfalen,f,56 bis unter 57 Jahre,122091
2011,Nordrhein-Westfalen,f,69 bis unter 70 Jahre,92329
2011,Nordrhein-Westfalen,f,12 bis unter 13 Jahre,86417
2011,Nordrhein-Westfalen,f,74 bis unter 75 Jahre,104597
2011,Nordrhein-Westfalen,f,30 bis unter 31 Jahre,105194
2011,Nordrhein-Westfalen,f,60 bis unter 61 Jahre,111093
2011,Nordrhein-Westfalen,f,7 bis unter 8 Jahre,76692
2011,Nordrhein-Westfalen,f,73 bis unter 74 Jahre,110769
2011,Nordrhein-Westfalen,f,25 bis unter 26 Jahre,104037
2011,Nordrhein-Westfalen,f,38 bis unter 39 Jahre,102151
2011,Nordrhein-Westfalen,f,55 bis unter 56 Jahre,125535
2011,Nordrhein-Westfalen,f,68 bis unter 69 Jahre,95044
2011,Nordrhein-Westfalen,f,11 bis unter 12 Jahre,85547
2011,Nordrhein-Westfalen,f,42 bis unter 43 Jahre,139252
2011,Nordrhein-Westfalen,f,6 bis unter 7 Jahre,74132
2011,Nordrhein-Westfalen,f,72 bis unter 73 Jahre,117901
2011,Nordrhein-Westfalen,f,19 bis unter 20 Jahre,98153
2011,Nordrhein-Westfalen,f,24 bis unter 25 Jahre,104235
2011,Nordrhein-Westfalen,f,37 bis unter 38 Jahre,100877
2011,Nordrhein-Westfalen,f,67 bis unter 68 Jahre,94823
2011,Nordrhein-Westfalen,f,10 bis unter 11 Jahre,81559
2011,Nordrhein-Westfalen,f,23 bis unter 24 Jahre,105852
2011,Nordrhein-Westfalen,f,41 bis unter 42 Jahre,127109
2011,Nordrhein-Westfalen,f,54 bis unter 55 Jahre,129612
2011,Nordrhein-Westfalen,f,5 bis unter 6 Jahre,73049
2011,Nordrhein-Westfalen,f,71 bis unter 72 Jahre,119672
2011,Nordrhein-Westfalen,f,18 bis unter 19 Jahre,96914
2011,Nordrhein-Westfalen,f,36 bis unter 37 Jahre,98722
2011,Nordrhein-Westfalen,f,49 bis unter 50 Jahre,146946
2011,Baden-Württemberg,m,69 bis unter 70 Jahre,49820
2011,Baden-Württemberg,m,12 bis unter 13 Jahre,57003
2011,Baden-Württemberg,m,56 bis unter 57 Jahre,69054
2011,Baden-Württemberg,m,25 bis unter 26 Jahre,66336
2011,Baden-Württemberg,m,38 bis unter 39 Jahre,61310
2011,Baden-Württemberg,m,74 bis unter 75 Jahre,49396
2011,Baden-Württemberg,m,8 bis unter 9 Jahre,50849
2011,Baden-Württemberg,m,61 bis unter 62 Jahre,61376
2011,Baden-Württemberg,m,30 bis unter 31 Jahre,65472
2011,Baden-Württemberg,m,43 bis unter 44 Jahre,86725
2011,Baden-Württemberg,m,57 bis unter 58 Jahre,66147
2011,Baden-Württemberg,m,13 bis unter 14 Jahre,58398
2011,Baden-Württemberg,m,unter 1 Jahr,45239
2011,Baden-Württemberg,m,26 bis unter 27 Jahre,64443
2011,Baden-Württemberg,m,39 bis unter 40 Jahre,67019
2011,Baden-Württemberg,m,9 bis unter 10 Jahre,51939
2011,Baden-Württemberg,m,62 bis unter 63 Jahre,60944
2011,Baden-Württemberg,m,44 bis unter 45 Jahre,89429
2011,Baden-Württemberg,m,31 bis unter 32 Jahre,65891
2011,Baden-Württemberg,m,1 bis unter 2 Jahre,47059
2011,Baden-Württemberg,m,45 bis unter 46 Jahre,91906
2011,Baden-Württemberg,m,58 bis unter 59 Jahre,62998
2011,Baden-Württemberg,m,27 bis unter 28 Jahre,64545
2011,Baden-Württemberg,m,14 bis unter 15 Jahre,60683
2011,Baden-Württemberg,m,63 bis unter 64 Jahre,56834
2011,Baden-Württemberg,m,50 bis unter 51 Jahre,87636
2011,Baden-Württemberg,m,32 bis unter 33 Jahre,61784
2011,Baden-Württemberg,m,46 bis unter 47 Jahre,92135
2011,Baden-Württemberg,m,33 bis unter 34 Jahre,60776
2011,Baden-Württemberg,m,2 bis unter 3 Jahre,46491
2011,Baden-Württemberg,m,90 Jahre und mehr,16640
2011,Baden-Württemberg,m,59 bis unter 60 Jahre,63433
2011,Baden-Württemberg,m,28 bis unter 29 Jahre,64473
2011,Baden-Württemberg,m,15 bis unter 16 Jahre,59814
2011,Baden-Württemberg,m,51 bis unter 52 Jahre,84778
2011,Baden-Württemberg,m,20 bis unter 21 Jahre,65438
2011,Baden-Württemberg,m,64 bis unter 65 Jahre,52447
2011,Baden-Württemberg,m,34 bis unter 35 Jahre,60588
2011,Baden-Württemberg,m,47 bis unter 48 Jahre,93963
2011,Baden-Württemberg,m,16 bis unter 17 Jahre,59219
2011,Baden-Württemberg,m,29 bis unter 30 Jahre,66135
2011,Baden-Württemberg,m,3 bis unter 4 Jahre,47782
2011,Baden-Württemberg,m,65 bis unter 66 Jahre,45616
2011,Baden-Württemberg,m,52 bis unter 53 Jahre,81592
2011,Baden-Württemberg,m,21 bis unter 22 Jahre,68511
2011,Baden-Württemberg,m,48 bis unter 49 Jahre,92991
2011,Baden-Württemberg,m,22 bis unter 23 Jahre,67302
2011,Baden-Württemberg,m,35 bis unter 36 Jahre,61212
2011,Baden-Württemberg,m,17 bis unter 18 Jahre,59979
2011,Baden-Württemberg,m,70 bis unter 71 Jahre,58281
2011,Baden-Württemberg,m,4 bis unter 5 Jahre,48145
2011,Baden-Württemberg,m,71 bis unter 72 Jahre,60418
2011,Baden-Württemberg,m,40 bis unter 41 Jahre,73271
2011,Baden-Württemberg,m,18 bis unter 19 Jahre,62351
2011,Baden-Württemberg,m,85 bis unter 90 Jahre,50817
2011,Baden-Württemberg,m,53 bis unter 54 Jahre,77752
2011,Baden-Württemberg,m,66 bis unter 67 Jahre,38779
2011,Baden-Württemberg,m,10 bis unter 11 Jahre,53103
2011,Baden-Württemberg,m,36 bis unter 37 Jahre,59685
2011,Baden-Württemberg,m,23 bis unter 24 Jahre,68930
2011,Baden-Württemberg,m,5 bis unter 6 Jahre,47849
2011,Baden-Württemberg,m,49 bis unter 50 Jahre,89845
2011,Baden-Württemberg,m,72 bis unter 73 Jahre,58856
2011,Baden-Württemberg,m,75 bis unter 80 Jahre,186144
2011,Baden-Württemberg,m,19 bis unter 20 Jahre,63859
2011,Baden-Württemberg,m,41 bis unter 42 Jahre,76031
2011,Baden-Württemberg,m,67 bis unter 68 Jahre,50497
2011,Baden-Württemberg,m,54 bis unter 55 Jahre,75528
2011,Baden-Württemberg,m,24 bis unter 25 Jahre,67035
2011,Baden-Württemberg,m,68 bis unter 69 Jahre,50249
2011,Baden-Württemberg,m,11 bis unter 12 Jahre,55742
2011,Baden-Württemberg,m,80 bis unter 85 Jahre,115026
2011,Baden-Württemberg,m,37 bis unter 38 Jahre,61290
2011,Baden-Württemberg,m,6 bis unter 7 Jahre,48879
2011,Baden-Württemberg,m,60 bis unter 61 Jahre,61531
2011,Baden-Württemberg,m,7 bis unter 8 Jahre,50455
2011,Baden-Württemberg,m,73 bis unter 74 Jahre,53766
2011,Baden-Württemberg,m,42 bis unter 43 Jahre,82424
2011,Baden-Württemberg,m,55 bis unter 56 Jahre,73266
2011,Baden-Württemberg,f,19 bis unter 20 Jahre,59906
2011,Baden-Württemberg,f,72 bis unter 73 Jahre,67735
2011,Baden-Württemberg,f,6 bis unter 7 Jahre,46745
2011,Baden-Württemberg,f,68 bis unter 69 Jahre,55310
2011,Baden-Württemberg,f,11 bis unter 12 Jahre,53074
2011,Baden-Württemberg,f,37 bis unter 38 Jahre,62345
2011,Baden-Württemberg,f,24 bis unter 25 Jahre,63792
2011,Baden-Württemberg,f,90 Jahre und mehr,59000
2011,Baden-Württemberg,f,42 bis unter 43 Jahre,81441
2011,Baden-Württemberg,f,55 bis unter 56 Jahre,73658
2011,Baden-Württemberg,f,40 bis unter 41 Jahre,72820
2011,Baden-Württemberg,f,80 bis unter 85 Jahre,176140
2011,Baden-Württemberg,f,49 bis unter 50 Jahre,87288
2011,Baden-Württemberg,f,18 bis unter 19 Jahre,59161
2011,Baden-Württemberg,f,71 bis unter 72 Jahre,68663
2011,Baden-Württemberg,f,5 bis unter 6 Jahre,45752
2011,Baden-Württemberg,f,23 bis unter 24 Jahre,66089
2011,Baden-Württemberg,f,36 bis unter 37 Jahre,60447
2011,Baden-Württemberg,f,54 bis unter 55 Jahre,75073
2011,Baden-Württemberg,f,41 bis unter 42 Jahre,76133
2011,Baden-Württemberg,f,67 bis unter 68 Jahre,54121
2011,Baden-Württemberg,f,10 bis unter 11 Jahre,50206
2011,Baden-Württemberg,f,61 bis unter 62 Jahre,65683
2011,Baden-Württemberg,f,8 bis unter 9 Jahre,47612
2011,Baden-Württemberg,f,74 bis unter 75 Jahre,58138
2011,Baden-Württemberg,f,39 bis unter 40 Jahre,67687
2011,Baden-Württemberg,f,26 bis unter 27 Jahre,62278
2011,Baden-Württemberg,f,unter 1 Jahr,43217
2011,Baden-Württemberg,f,57 bis unter 58 Jahre,69155
2011,Baden-Württemberg,f,13 bis unter 14 Jahre,55389
2011,Baden-Württemberg,f,31 bis unter 32 Jahre,66041
2011,Baden-Württemberg,f,44 bis unter 45 Jahre,87330
2011,Baden-Württemberg,f,73 bis unter 74 Jahre,63271
2011,Baden-Württemberg,f,60 bis unter 61 Jahre,64761
2011,Baden-Württemberg,f,38 bis unter 39 Jahre,62278
2011,Baden-Württemberg,f,7 bis unter 8 Jahre,47588
2011,Baden-Württemberg,f,69 bis unter 70 Jahre,53589
2011,Baden-Württemberg,f,12 bis unter 13 Jahre,53472
2011,Baden-Württemberg,f,25 bis unter 26 Jahre,64200
2011,Baden-Württemberg,f,30 bis unter 31 Jahre,65728
2011,Baden-Württemberg,f,56 bis unter 57 Jahre,70328
2011,Baden-Württemberg,f,43 bis unter 44 Jahre,85734
2011,Baden-Württemberg,f,50 bis unter 51 Jahre,86559
2011,Baden-Württemberg,f,85 bis unter 90 Jahre,119667
2011,Baden-Württemberg,f,63 bis unter 64 Jahre,58400
2011,Baden-Württemberg,f,28 bis unter 29 Jahre,63452
2011,Baden-Württemberg,f,15 bis unter 16 Jahre,56937
2011,Baden-Württemberg,f,46 bis unter 47 Jahre,89161
2011,Baden-Württemberg,f,2 bis unter 3 Jahre,44341
2011,Baden-Württemberg,f,59 bis unter 60 Jahre,66728
2011,Baden-Württemberg,f,64 bis unter 65 Jahre,54743
2011,Baden-Württemberg,f,33 bis unter 34 Jahre,60999
2011,Baden-Württemberg,f,20 bis unter 21 Jahre,62285
2011,Baden-Württemberg,f,9 bis unter 10 Jahre,48883
2011,Baden-Württemberg,f,62 bis unter 63 Jahre,63989
2011,Baden-Württemberg,f,27 bis unter 28 Jahre,62627
2011,Baden-Württemberg,f,75 bis unter 80 Jahre,232793
2011,Baden-Württemberg,f,58 bis unter 59 Jahre,66795
2011,Baden-Württemberg,f,45 bis unter 46 Jahre,89721
2011,Baden-Württemberg,f,14 bis unter 15 Jahre,57761
2011,Baden-Württemberg,f,1 bis unter 2 Jahre,44594
2011,Baden-Württemberg,f,32 bis unter 33 Jahre,62696
2011,Baden-Württemberg,f,52 bis unter 53 Jahre,80913
2011,Baden-Württemberg,f,4 bis unter 5 Jahre,46377
2011,Baden-Württemberg,f,17 bis unter 18 Jahre,56525
2011,Baden-Württemberg,f,70 bis unter 71 Jahre,65559
2011,Baden-Württemberg,f,35 bis unter 36 Jahre,61230
2011,Baden-Württemberg,f,22 bis unter 23 Jahre,63881
2011,Baden-Württemberg,f,48 bis unter 49 Jahre,89822
2011,Baden-Württemberg,f,53 bis unter 54 Jahre,76971
2011,Baden-Württemberg,f,66 bis unter 67 Jahre,41652
2011,Baden-Württemberg,f,51 bis unter 52 Jahre,84375
2011,Baden-Württemberg,f,16 bis unter 17 Jahre,55910
2011,Baden-Württemberg,f,3 bis unter 4 Jahre,45715
2011,Baden-Württemberg,f,29 bis unter 30 Jahre,65252
2011,Baden-Württemberg,f,34 bis unter 35 Jahre,61191
2011,Baden-Württemberg,f,47 bis unter 48 Jahre,90863
2011,Baden-Württemberg,f,65 bis unter 66 Jahre,48005
2011,Baden-Württemberg,f,21 bis unter 22 Jahre,65337
2011,Hamburg,m,85 bis unter 90 Jahre,7832
2011,Hamburg,m,40 bis unter 41 Jahre,13209
2011,Hamburg,m,53 bis unter 54 Jahre,11082
2011,Hamburg,m,66 bis unter 67 Jahre,6812
2011,Hamburg,m,22 bis unter 23 Jahre,10424
2011,Hamburg,m,35 bis unter 36 Jahre,12887
2011,Hamburg,m,48 bis unter 49 Jahre,14294
2011,Hamburg,m,49 bis unter 50 Jahre,13165
2011,Hamburg,m,5 bis unter 6 Jahre,7830
2011,Hamburg,m,18 bis unter 19 Jahre,7658
2011,Hamburg,m,71 bis unter 72 Jahre,9330
2011,Hamburg,m,52 bis unter 53 Jahre,11761
2011,Hamburg,m,65 bis unter 66 Jahre,7810
2011,Hamburg,m,21 bis unter 22 Jahre,10143
2011,Hamburg,m,34 bis unter 35 Jahre,13257
2011,Hamburg,m,47 bis unter 48 Jahre,14996
2011,Hamburg,m,4 bis unter 5 Jahre,8160
2011,Hamburg,m,17 bis unter 18 Jahre,7796
2011,Hamburg,m,70 bis unter 71 Jahre,9547
2011,Hamburg,m,42 bis unter 43 Jahre,14185
2011,Hamburg,m,55 bis unter 56 Jahre,9996
2011,Hamburg,m,68 bis unter 69 Jahre,8662
2011,Hamburg,m,11 bis unter 12 Jahre,7649
2011,Hamburg,m,24 bis unter 25 Jahre,11769
2011,Hamburg,m,38 bis unter 39 Jahre,11590
2011,Hamburg,m,7 bis unter 8 Jahre,7570
2011,Hamburg,m,60 bis unter 61 Jahre,8621
2011,Hamburg,m,73 bis unter 74 Jahre,8136
2011,Hamburg,m,41 bis unter 42 Jahre,13426
2011,Hamburg,m,54 bis unter 55 Jahre,10574
2011,Hamburg,m,67 bis unter 68 Jahre,8577
2011,Hamburg,m,10 bis unter 11 Jahre,7350
2011,Hamburg,m,23 bis unter 24 Jahre,11458
2011,Hamburg,m,36 bis unter 37 Jahre,12332
2011,Hamburg,m,37 bis unter 38 Jahre,12295
2011,Hamburg,m,6 bis unter 7 Jahre,7682
2011,Hamburg,m,19 bis unter 20 Jahre,8069
2011,Hamburg,m,72 bis unter 73 Jahre,8760
2011,Hamburg,m,31 bis unter 32 Jahre,14232
2011,Hamburg,m,44 bis unter 45 Jahre,15248
2011,Hamburg,m,57 bis unter 58 Jahre,9193
2011,Hamburg,m,unter 1 Jahr,8460
2011,Hamburg,m,13 bis unter 14 Jahre,7423
2011,Hamburg,m,14 bis unter 15 Jahre,7665
2011,Hamburg,m,27 bis unter 28 Jahre,12875
2011,Hamburg,m,9 bis unter 10 Jahre,7239
2011,Hamburg,m,62 bis unter 63 Jahre,8979
2011,Hamburg,m,30 bis unter 31 Jahre,14152
2011,Hamburg,m,43 bis unter 44 Jahre,15062
2011,Hamburg,m,56 bis unter 57 Jahre,9567
2011,Hamburg,m,69 bis unter 70 Jahre,8361
2011,Hamburg,m,12 bis unter 13 Jahre,7435
2011,Hamburg,m,25 bis unter 26 Jahre,12139
2011,Hamburg,m,26 bis unter 27 Jahre,12127
2011,Hamburg,m,39 bis unter 40 Jahre,12392
2011,Hamburg,m,8 bis unter 9 Jahre,7393
2011,Hamburg,m,61 bis unter 62 Jahre,8878
2011,Hamburg,m,74 bis unter 75 Jahre,7757
2011,Hamburg,m,64 bis unter 65 Jahre,8464
2011,Hamburg,m,20 bis unter 21 Jahre,8762
2011,Hamburg,m,33 bis unter 34 Jahre,13445
2011,Hamburg,m,46 bis unter 47 Jahre,14787
2011,Hamburg,m,59 bis unter 60 Jahre,8852
2011,Hamburg,m,2 bis unter 3 Jahre,8301
2011,Hamburg,m,3 bis unter 4 Jahre,8162
2011,Hamburg,m,90 Jahre und mehr,2903
2011,Hamburg,m,16 bis unter 17 Jahre,7509
2011,Hamburg,m,29 bis unter 30 Jahre,14013
2011,Hamburg,m,51 bis unter 52 Jahre,12391
2011,Hamburg,m,63 bis unter 64 Jahre,8747
2011,Hamburg,m,80 bis unter 85 Jahre,15910
2011,Hamburg,m,32 bis unter 33 Jahre,13665
2011,Hamburg,m,45 bis unter 46 Jahre,15218
2011,Hamburg,m,58 bis unter 59 Jahre,8686
2011,Hamburg,m,1 bis unter 2 Jahre,8485
2011,Hamburg,m,15 bis unter 16 Jahre,7663
2011,Hamburg,m,28 bis unter 29 Jahre,13285
2011,Hamburg,m,75 bis unter 80 Jahre,26905
2011,Hamburg,m,50 bis unter 51 Jahre,12640
2011,Hamburg,f,47 bis unter 48 Jahre,14283
2011,Hamburg,f,34 bis unter 35 Jahre,12844
2011,Hamburg,f,29 bis unter 30 Jahre,15029
2011,Hamburg,f,16 bis unter 17 Jahre,6895
2011,Hamburg,f,3 bis unter 4 Jahre,7743
2011,Hamburg,f,52 bis unter 53 Jahre,11639
2011,Hamburg,f,85 bis unter 90 Jahre,19900
2011,Hamburg,f,21 bis unter 22 Jahre,10755
2011,Hamburg,f,65 bis unter 66 Jahre,8305
2011,Hamburg,f,48 bis unter 49 Jahre,13873
2011,Hamburg,f,35 bis unter 36 Jahre,12756
2011,Hamburg,f,75 bis unter 80 Jahre,36815
2011,Hamburg,f,22 bis unter 23 Jahre,11423
2011,Hamburg,f,70 bis unter 71 Jahre,10423
2011,Hamburg,f,17 bis unter 18 Jahre,7263
2011,Hamburg,f,4 bis unter 5 Jahre,7537
2011,Hamburg,f,40 bis unter 41 Jahre,12587
2011,Hamburg,f,66 bis unter 67 Jahre,7474
2011,Hamburg,f,90 Jahre und mehr,10841
2011,Hamburg,f,53 bis unter 54 Jahre,11188
2011,Hamburg,f,14 bis unter 15 Jahre,7218
2011,Hamburg,f,1 bis unter 2 Jahre,8017
2011,Hamburg,f,58 bis unter 59 Jahre,9290
2011,Hamburg,f,45 bis unter 46 Jahre,14569
2011,Hamburg,f,27 bis unter 28 Jahre,14031
2011,Hamburg,f,63 bis unter 64 Jahre,9338
2011,Hamburg,f,50 bis unter 51 Jahre,12588
2011,Hamburg,f,32 bis unter 33 Jahre,13861
2011,Hamburg,f,2 bis unter 3 Jahre,7618
2011,Hamburg,f,59 bis unter 60 Jahre,9463
2011,Hamburg,f,46 bis unter 47 Jahre,14138
2011,Hamburg,f,28 bis unter 29 Jahre,14600
2011,Hamburg,f,15 bis unter 16 Jahre,7151
2011,Hamburg,f,51 bis unter 52 Jahre,12149
2011,Hamburg,f,33 bis unter 34 Jahre,13247
2011,Hamburg,f,20 bis unter 21 Jahre,9195
2011,Hamburg,f,64 bis unter 65 Jahre,8865
2011,Hamburg,f,25 bis unter 26 Jahre,13380
2011,Hamburg,f,69 bis unter 70 Jahre,9147
2011,Hamburg,f,12 bis unter 13 Jahre,6950
2011,Hamburg,f,38 bis unter 39 Jahre,11638
2011,Hamburg,f,74 bis unter 75 Jahre,9213
2011,Hamburg,f,61 bis unter 62 Jahre,9765
2011,Hamburg,f,8 bis unter 9 Jahre,6963
2011,Hamburg,f,56 bis unter 57 Jahre,9792
2011,Hamburg,f,43 bis unter 44 Jahre,14191
2011,Hamburg,f,30 bis unter 31 Jahre,15311
2011,Hamburg,f,13 bis unter 14 Jahre,7099
2011,Hamburg,f,unter 1 Jahr,8060
2011,Hamburg,f,57 bis unter 58 Jahre,9718
2011,Hamburg,f,39 bis unter 40 Jahre,11884
2011,Hamburg,f,26 bis unter 27 Jahre,13796
2011,Hamburg,f,62 bis unter 63 Jahre,9673
2011,Hamburg,f,9 bis unter 10 Jahre,6895
2011,Hamburg,f,44 bis unter 45 Jahre,14422
2011,Hamburg,f,31 bis unter 32 Jahre,14924
2011,Hamburg,f,80 bis unter 85 Jahre,27696
2011,Hamburg,f,36 bis unter 37 Jahre,11938
2011,Hamburg,f,23 bis unter 24 Jahre,12640
2011,Hamburg,f,71 bis unter 72 Jahre,10855
2011,Hamburg,f,18 bis unter 19 Jahre,7582
2011,Hamburg,f,5 bis unter 6 Jahre,7244
2011,Hamburg,f,49 bis unter 50 Jahre,13097
2011,Hamburg,f,72 bis unter 73 Jahre,10632
2011,Hamburg,f,19 bis unter 20 Jahre,8181
2011,Hamburg,f,67 bis unter 68 Jahre,9414
2011,Hamburg,f,10 bis unter 11 Jahre,7002
2011,Hamburg,f,54 bis unter 55 Jahre,10706
2011,Hamburg,f,41 bis unter 42 Jahre,12766
2011,Hamburg,f,37 bis unter 38 Jahre,11709
2011,Hamburg,f,24 bis unter 25 Jahre,12950
2011,Hamburg,f,68 bis unter 69 Jahre,9411
2011,Hamburg,f,11 bis unter 12 Jahre,7100
2011,Hamburg,f,6 bis unter 7 Jahre,7312
2011,Hamburg,f,73 bis unter 74 Jahre,9975
2011,Hamburg,f,60 bis unter 61 Jahre,9428
2011,Hamburg,f,7 bis unter 8 Jahre,7129
2011,Hamburg,f,55 bis unter 56 Jahre,10315
2011,Hamburg,f,42 bis unter 43 Jahre,13309
2011,Thüringen,m,80 bis unter 85 Jahre,25206
2011,Thüringen,m,73 bis unter 74 Jahre,13401
2011,Thüringen,m,42 bis unter 43 Jahre,15680
2011,Thüringen,m,60 bis unter 61 Jahre,17430
2011,Thüringen,m,7 bis unter 8 Jahre,8752
2011,Thüringen,m,24 bis unter 25 Jahre,15418
2011,Thüringen,m,37 bis unter 38 Jahre,11718
2011,Thüringen,m,55 bis unter 56 Jahre,18020
2011,Thüringen,m,11 bis unter 12 Jahre,8616
2011,Thüringen,m,68 bis unter 69 Jahre,13130
2011,Thüringen,m,41 bis unter 42 Jahre,15508
2011,Thüringen,m,54 bis unter 55 Jahre,17676
2011,Thüringen,m,6 bis unter 7 Jahre,8441
2011,Thüringen,m,19 bis unter 20 Jahre,7360
2011,Thüringen,m,72 bis unter 73 Jahre,15610
2011,Thüringen,m,36 bis unter 37 Jahre,11346
2011,Thüringen,m,49 bis unter 50 Jahre,19357
2011,Thüringen,m,10 bis unter 11 Jahre,8580
2011,Thüringen,m,67 bis unter 68 Jahre,13059
2011,Thüringen,m,23 bis unter 24 Jahre,15092
2011,Thüringen,m,40 bis unter 41 Jahre,15444
2011,Thüringen,m,53 bis unter 54 Jahre,17720
2011,Thüringen,m,5 bis unter 6 Jahre,8419
2011,Thüringen,m,18 bis unter 19 Jahre,6784
2011,Thüringen,m,71 bis unter 72 Jahre,16070
2011,Thüringen,m,48 bis unter 49 Jahre,19545
2011,Thüringen,m,90 Jahre und mehr,3088
2011,Thüringen,m,4 bis unter 5 Jahre,8882
2011,Thüringen,m,66 bis unter 67 Jahre,8993
2011,Thüringen,m,22 bis unter 23 Jahre,14136
2011,Thüringen,m,35 bis unter 36 Jahre,11667
2011,Thüringen,m,52 bis unter 53 Jahre,19108
2011,Thüringen,m,65 bis unter 66 Jahre,9572
2011,Thüringen,m,17 bis unter 18 Jahre,6447
2011,Thüringen,m,70 bis unter 71 Jahre,15222
2011,Thüringen,m,47 bis unter 48 Jahre,19124
2011,Thüringen,m,3 bis unter 4 Jahre,8952
2011,Thüringen,m,16 bis unter 17 Jahre,7047
2011,Thüringen,m,21 bis unter 22 Jahre,13645
2011,Thüringen,m,34 bis unter 35 Jahre,13084
2011,Thüringen,m,51 bis unter 52 Jahre,19108
2011,Thüringen,m,64 bis unter 65 Jahre,11943
2011,Thüringen,m,29 bis unter 30 Jahre,14905
2011,Thüringen,m,59 bis unter 60 Jahre,17466
2011,Thüringen,m,2 bis unter 3 Jahre,8575
2011,Thüringen,m,15 bis unter 16 Jahre,7487
2011,Thüringen,m,20 bis unter 21 Jahre,8822
2011,Thüringen,m,33 bis unter 34 Jahre,13326
2011,Thüringen,m,46 bis unter 47 Jahre,18040
2011,Thüringen,m,50 bis unter 51 Jahre,19970
2011,Thüringen,m,63 bis unter 64 Jahre,12507
2011,Thüringen,m,28 bis unter 29 Jahre,14446
2011,Thüringen,m,1 bis unter 2 Jahre,8941
2011,Thüringen,m,14 bis unter 15 Jahre,8126
2011,Thüringen,m,27 bis unter 28 Jahre,14629
2011,Thüringen,m,32 bis unter 33 Jahre,13981
2011,Thüringen,m,45 bis unter 46 Jahre,17623
2011,Thüringen,m,58 bis unter 59 Jahre,17691
2011,Thüringen,m,62 bis unter 63 Jahre,14630
2011,Thüringen,m,9 bis unter 10 Jahre,8462
2011,Thüringen,m,75 bis unter 80 Jahre,44096
2011,Thüringen,m,13 bis unter 14 Jahre,8152
2011,Thüringen,m,26 bis unter 27 Jahre,14578
2011,Thüringen,m,39 bis unter 40 Jahre,13778
2011,Thüringen,m,31 bis unter 32 Jahre,14627
2011,Thüringen,m,44 bis unter 45 Jahre,16267
2011,Thüringen,m,57 bis unter 58 Jahre,17666
2011,Thüringen,m,unter 1 Jahr,8666
2011,Thüringen,m,85 bis unter 90 Jahre,10073
2011,Thüringen,m,74 bis unter 75 Jahre,11813
2011,Thüringen,m,30 bis unter 31 Jahre,14309
2011,Thüringen,m,61 bis unter 62 Jahre,16270
2011,Thüringen,m,8 bis unter 9 Jahre,8421
2011,Thüringen,m,25 bis unter 26 Jahre,14958
2011,Thüringen,m,38 bis unter 39 Jahre,12068
2011,Thüringen,m,43 bis unter 44 Jahre,15785
2011,Thüringen,m,56 bis unter 57 Jahre,17995
2011,Thüringen,m,12 bis unter 13 Jahre,8447
2011,Thüringen,m,69 bis unter 70 Jahre,12073
2011,Thüringen,f,23 bis unter 24 Jahre,13609
2011,Thüringen,f,10 bis unter 11 Jahre,8239
2011,Thüringen,f,67 bis unter 68 Jahre,14422
2011,Thüringen,f,54 bis unter 55 Jahre,17471
2011,Thüringen,f,41 bis unter 42 Jahre,14117
2011,Thüringen,f,71 bis unter 72 Jahre,19249
2011,Thüringen,f,18 bis unter 19 Jahre,6345
2011,Thüringen,f,80 bis unter 85 Jahre,45618
2011,Thüringen,f,5 bis unter 6 Jahre,7789
2011,Thüringen,f,49 bis unter 50 Jahre,18903
2011,Thüringen,f,36 bis unter 37 Jahre,9745
2011,Thüringen,f,24 bis unter 25 Jahre,13511
2011,Thüringen,f,11 bis unter 12 Jahre,8230
2011,Thüringen,f,68 bis unter 69 Jahre,14479
2011,Thüringen,f,55 bis unter 56 Jahre,17882
2011,Thüringen,f,42 bis unter 43 Jahre,14416
2011,Thüringen,f,72 bis unter 73 Jahre,18543
2011,Thüringen,f,19 bis unter 20 Jahre,7080
2011,Thüringen,f,6 bis unter 7 Jahre,8012
2011,Thüringen,f,37 bis unter 38 Jahre,10155
2011,Thüringen,f,12 bis unter 13 Jahre,7769
2011,Thüringen,f,69 bis unter 70 Jahre,13821
2011,Thüringen,f,56 bis unter 57 Jahre,18126
2011,Thüringen,f,43 bis unter 44 Jahre,14875
2011,Thüringen,f,30 bis unter 31 Jahre,12286
2011,Thüringen,f,74 bis unter 75 Jahre,15023
2011,Thüringen,f,73 bis unter 74 Jahre,16152
2011,Thüringen,f,60 bis unter 61 Jahre,17581
2011,Thüringen,f,7 bis unter 8 Jahre,8226
2011,Thüringen,f,38 bis unter 39 Jahre,10577
2011,Thüringen,f,25 bis unter 26 Jahre,12824
2011,Thüringen,f,unter 1 Jahr,8362
2011,Thüringen,f,57 bis unter 58 Jahre,17903
2011,Thüringen,f,44 bis unter 45 Jahre,15618
2011,Thüringen,f,31 bis unter 32 Jahre,12462
2011,Thüringen,f,61 bis unter 62 Jahre,17003
2011,Thüringen,f,8 bis unter 9 Jahre,8124
2011,Thüringen,f,90 Jahre und mehr,12165
2011,Thüringen,f,39 bis unter 40 Jahre,11809
2011,Thüringen,f,26 bis unter 27 Jahre,12510
2011,Thüringen,f,13 bis unter 14 Jahre,7835
2011,Thüringen,f,1 bis unter 2 Jahre,8626
2011,Thüringen,f,58 bis unter 59 Jahre,17765
2011,Thüringen,f,45 bis unter 46 Jahre,16702
2011,Thüringen,f,32 bis unter 33 Jahre,11992
2011,Thüringen,f,63 bis unter 64 Jahre,13144
2011,Thüringen,f,62 bis unter 63 Jahre,14973
2011,Thüringen,f,9 bis unter 10 Jahre,8065
2011,Thüringen,f,27 bis unter 28 Jahre,12391
2011,Thüringen,f,14 bis unter 15 Jahre,7806
2011,Thüringen,f,46 bis unter 47 Jahre,17491
2011,Thüringen,f,33 bis unter 34 Jahre,11637
2011,Thüringen,f,20 bis unter 21 Jahre,8412
2011,Thüringen,f,64 bis unter 65 Jahre,12513
2011,Thüringen,f,51 bis unter 52 Jahre,18639
2011,Thüringen,f,85 bis unter 90 Jahre,28397
2011,Thüringen,f,50 bis unter 51 Jahre,19598
2011,Thüringen,f,28 bis unter 29 Jahre,12442
2011,Thüringen,f,15 bis unter 16 Jahre,7250
2011,Thüringen,f,2 bis unter 3 Jahre,8369
2011,Thüringen,f,59 bis unter 60 Jahre,17662
2011,Thüringen,f,75 bis unter 80 Jahre,61033
2011,Thüringen,f,47 bis unter 48 Jahre,18481
2011,Thüringen,f,34 bis unter 35 Jahre,11512
2011,Thüringen,f,21 bis unter 22 Jahre,12587
2011,Thüringen,f,65 bis unter 66 Jahre,10553
2011,Thüringen,f,52 bis unter 53 Jahre,18704
2011,Thüringen,f,29 bis unter 30 Jahre,12558
2011,Thüringen,f,16 bis unter 17 Jahre,6444
2011,Thüringen,f,3 bis unter 4 Jahre,8514
2011,Thüringen,f,35 bis unter 36 Jahre,10328
2011,Thüringen,f,22 bis unter 23 Jahre,12973
2011,Thüringen,f,66 bis unter 67 Jahre,9923
2011,Thüringen,f,53 bis unter 54 Jahre,17440
2011,Thüringen,f,40 bis unter 41 Jahre,13523
2011,Thüringen,f,70 bis unter 71 Jahre,17782
2011,Thüringen,f,17 bis unter 18 Jahre,6179
2011,Thüringen,f,4 bis unter 5 Jahre,8184
2011,Thüringen,f,48 bis unter 49 Jahre,19076
2011,Schleswig-Holstein,m,7 bis unter 8 Jahre,12986
2011,Schleswig-Holstein,m,60 bis unter 61 Jahre,17304
2011,Schleswig-Holstein,m,73 bis unter 74 Jahre,17306
2011,Schleswig-Holstein,m,56 bis unter 57 Jahre,18074
2011,Schleswig-Holstein,m,69 bis unter 70 Jahre,16081
2011,Schleswig-Holstein,m,43 bis unter 44 Jahre,24364
2011,Schleswig-Holstein,m,38 bis unter 39 Jahre,15362
2011,Schleswig-Holstein,m,12 bis unter 13 Jahre,15073
2011,Schleswig-Holstein,m,25 bis unter 26 Jahre,14904
2011,Schleswig-Holstein,m,8 bis unter 9 Jahre,13050
2011,Schleswig-Holstein,m,39 bis unter 40 Jahre,16846
2011,Schleswig-Holstein,m,30 bis unter 31 Jahre,14721
2011,Schleswig-Holstein,m,61 bis unter 62 Jahre,17420
2011,Schleswig-Holstein,m,74 bis unter 75 Jahre,15516
2011,Schleswig-Holstein,m,44 bis unter 45 Jahre,25561
2011,Schleswig-Holstein,m,57 bis unter 58 Jahre,17778
2011,Schleswig-Holstein,m,31 bis unter 32 Jahre,14814
2011,Schleswig-Holstein,m,26 bis unter 27 Jahre,14087
2011,Schleswig-Holstein,m,unter 1 Jahr,10872
2011,Schleswig-Holstein,m,13 bis unter 14 Jahre,15229
2011,Schleswig-Holstein,m,71 bis unter 72 Jahre,19361
2011,Schleswig-Holstein,m,18 bis unter 19 Jahre,15864
2011,Schleswig-Holstein,m,5 bis unter 6 Jahre,12238
2011,Schleswig-Holstein,m,80 bis unter 85 Jahre,29632
2011,Schleswig-Holstein,m,40 bis unter 41 Jahre,19209
2011,Schleswig-Holstein,m,53 bis unter 54 Jahre,20334
2011,Schleswig-Holstein,m,10 bis unter 11 Jahre,13839
2011,Schleswig-Holstein,m,67 bis unter 68 Jahre,16229
2011,Schleswig-Holstein,m,54 bis unter 55 Jahre,19453
2011,Schleswig-Holstein,m,49 bis unter 50 Jahre,23911
2011,Schleswig-Holstein,m,23 bis unter 24 Jahre,16183
2011,Schleswig-Holstein,m,36 bis unter 37 Jahre,14387
2011,Schleswig-Holstein,m,72 bis unter 73 Jahre,18698
2011,Schleswig-Holstein,m,19 bis unter 20 Jahre,15729
2011,Schleswig-Holstein,m,6 bis unter 7 Jahre,12241
2011,Schleswig-Holstein,m,41 bis unter 42 Jahre,20360
2011,Schleswig-Holstein,m,11 bis unter 12 Jahre,14666
2011,Schleswig-Holstein,m,68 bis unter 69 Jahre,16809
2011,Schleswig-Holstein,m,42 bis unter 43 Jahre,22806
2011,Schleswig-Holstein,m,55 bis unter 56 Jahre,18611
2011,Schleswig-Holstein,m,37 bis unter 38 Jahre,14860
2011,Schleswig-Holstein,m,24 bis unter 25 Jahre,15662
2011,Schleswig-Holstein,m,16 bis unter 17 Jahre,15239
2011,Schleswig-Holstein,m,29 bis unter 30 Jahre,14611
2011,Schleswig-Holstein,m,64 bis unter 65 Jahre,15981
2011,Schleswig-Holstein,m,51 bis unter 52 Jahre,22154
2011,Schleswig-Holstein,m,21 bis unter 22 Jahre,16302
2011,Schleswig-Holstein,m,34 bis unter 35 Jahre,14497
2011,Schleswig-Holstein,m,65 bis unter 66 Jahre,14897
2011,Schleswig-Holstein,m,3 bis unter 4 Jahre,11913
2011,Schleswig-Holstein,m,47 bis unter 48 Jahre,25870
2011,Schleswig-Holstein,m,70 bis unter 71 Jahre,19323
2011,Schleswig-Holstein,m,17 bis unter 18 Jahre,15409
2011,Schleswig-Holstein,m,52 bis unter 53 Jahre,21551
2011,Schleswig-Holstein,m,85 bis unter 90 Jahre,13575
2011,Schleswig-Holstein,m,90 Jahre und mehr,4824
2011,Schleswig-Holstein,m,75 bis unter 80 Jahre,53445
2011,Schleswig-Holstein,m,22 bis unter 23 Jahre,15607
2011,Schleswig-Holstein,m,66 bis unter 67 Jahre,12003
2011,Schleswig-Holstein,m,4 bis unter 5 Jahre,12328
2011,Schleswig-Holstein,m,35 bis unter 36 Jahre,14613
2011,Schleswig-Holstein,m,48 bis unter 49 Jahre,24957
2011,Schleswig-Holstein,m,9 bis unter 10 Jahre,13369
2011,Schleswig-Holstein,m,62 bis unter 63 Jahre,17444
2011,Schleswig-Holstein,m,45 bis unter 46 Jahre,25773
2011,Schleswig-Holstein,m,32 bis unter 33 Jahre,14198
2011,Schleswig-Holstein,m,14 bis unter 15 Jahre,16109
2011,Schleswig-Holstein,m,27 bis unter 28 Jahre,14182
2011,Schleswig-Holstein,m,58 bis unter 59 Jahre,17347
2011,Schleswig-Holstein,m,1 bis unter 2 Jahre,11638
2011,Schleswig-Holstein,m,28 bis unter 29 Jahre,14175
2011,Schleswig-Holstein,m,63 bis unter 64 Jahre,17104
2011,Schleswig-Holstein,m,50 bis unter 51 Jahre,23268
2011,Schleswig-Holstein,m,33 bis unter 34 Jahre,14472
2011,Schleswig-Holstein,m,20 bis unter 21 Jahre,16036
2011,Schleswig-Holstein,m,2 bis unter 3 Jahre,11663
2011,Schleswig-Holstein,m,15 bis unter 16 Jahre,15824
2011,Schleswig-Holstein,m,46 bis unter 47 Jahre,25212
2011,Schleswig-Holstein,m,59 bis unter 60 Jahre,17048
2011,Schleswig-Holstein,f,10 bis unter 11 Jahre,13316
2011,Schleswig-Holstein,f,67 bis unter 68 Jahre,17339
2011,Schleswig-Holstein,f,23 bis unter 24 Jahre,15241
2011,Schleswig-Holstein,f,54 bis unter 55 Jahre,20367
2011,Schleswig-Holstein,f,41 bis unter 42 Jahre,20658
2011,Schleswig-Holstein,f,6 bis unter 7 Jahre,11675
2011,Schleswig-Holstein,f,19 bis unter 20 Jahre,15183
2011,Schleswig-Holstein,f,72 bis unter 73 Jahre,20727
2011,Schleswig-Holstein,f,37 bis unter 38 Jahre,15336
2011,Schleswig-Holstein,f,24 bis unter 25 Jahre,14855
2011,Schleswig-Holstein,f,66 bis unter 67 Jahre,13307
2011,Schleswig-Holstein,f,35 bis unter 36 Jahre,15500
2011,Schleswig-Holstein,f,22 bis unter 23 Jahre,14991
2011,Schleswig-Holstein,f,40 bis unter 41 Jahre,19854
2011,Schleswig-Holstein,f,53 bis unter 54 Jahre,20477
2011,Schleswig-Holstein,f,18 bis unter 19 Jahre,15026
2011,Schleswig-Holstein,f,71 bis unter 72 Jahre,20766
2011,Schleswig-Holstein,f,5 bis unter 6 Jahre,11441
2011,Schleswig-Holstein,f,36 bis unter 37 Jahre,15090
2011,Schleswig-Holstein,f,49 bis unter 50 Jahre,23986
2011,Schleswig-Holstein,f,21 bis unter 22 Jahre,15473
2011,Schleswig-Holstein,f,34 bis unter 35 Jahre,15199
2011,Schleswig-Holstein,f,52 bis unter 53 Jahre,21880
2011,Schleswig-Holstein,f,65 bis unter 66 Jahre,15731
2011,Schleswig-Holstein,f,17 bis unter 18 Jahre,14472
2011,Schleswig-Holstein,f,70 bis unter 71 Jahre,20708
2011,Schleswig-Holstein,f,48 bis unter 49 Jahre,25050
2011,Schleswig-Holstein,f,4 bis unter 5 Jahre,11515
2011,Schleswig-Holstein,f,33 bis unter 34 Jahre,15081
2011,Schleswig-Holstein,f,20 bis unter 21 Jahre,15005
2011,Schleswig-Holstein,f,46 bis unter 47 Jahre,25573
2011,Schleswig-Holstein,f,51 bis unter 52 Jahre,22403
2011,Schleswig-Holstein,f,64 bis unter 65 Jahre,16699
2011,Schleswig-Holstein,f,29 bis unter 30 Jahre,15066
2011,Schleswig-Holstein,f,47 bis unter 48 Jahre,25643
2011,Schleswig-Holstein,f,16 bis unter 17 Jahre,14403
2011,Schleswig-Holstein,f,3 bis unter 4 Jahre,11564
2011,Schleswig-Holstein,f,32 bis unter 33 Jahre,15012
2011,Schleswig-Holstein,f,58 bis unter 59 Jahre,17780
2011,Schleswig-Holstein,f,45 bis unter 46 Jahre,25912
2011,Schleswig-Holstein,f,63 bis unter 64 Jahre,17838
2011,Schleswig-Holstein,f,75 bis unter 80 Jahre,66559
2011,Schleswig-Holstein,f,28 bis unter 29 Jahre,14359
2011,Schleswig-Holstein,f,50 bis unter 51 Jahre,23555
2011,Schleswig-Holstein,f,2 bis unter 3 Jahre,10883
2011,Schleswig-Holstein,f,59 bis unter 60 Jahre,17905
2011,Schleswig-Holstein,f,15 bis unter 16 Jahre,15093
2011,Schleswig-Holstein,f,44 bis unter 45 Jahre,25508
2011,Schleswig-Holstein,f,unter 1 Jahr,10428
2011,Schleswig-Holstein,f,57 bis unter 58 Jahre,18675
2011,Schleswig-Holstein,f,90 Jahre und mehr,17539
2011,Schleswig-Holstein,f,9 bis unter 10 Jahre,12808
2011,Schleswig-Holstein,f,62 bis unter 63 Jahre,18060
2011,Schleswig-Holstein,f,31 bis unter 32 Jahre,15641
2011,Schleswig-Holstein,f,14 bis unter 15 Jahre,15017
2011,Schleswig-Holstein,f,1 bis unter 2 Jahre,11145
2011,Schleswig-Holstein,f,27 bis unter 28 Jahre,14055
2011,Schleswig-Holstein,f,56 bis unter 57 Jahre,18678
2011,Schleswig-Holstein,f,43 bis unter 44 Jahre,24680
2011,Schleswig-Holstein,f,12 bis unter 13 Jahre,14361
2011,Schleswig-Holstein,f,69 bis unter 70 Jahre,17233
2011,Schleswig-Holstein,f,80 bis unter 85 Jahre,47143
2011,Schleswig-Holstein,f,74 bis unter 75 Jahre,17503
2011,Schleswig-Holstein,f,30 bis unter 31 Jahre,15211
2011,Schleswig-Holstein,f,8 bis unter 9 Jahre,12441
2011,Schleswig-Holstein,f,61 bis unter 62 Jahre,18195
2011,Schleswig-Holstein,f,13 bis unter 14 Jahre,14618
2011,Schleswig-Holstein,f,39 bis unter 40 Jahre,17595
2011,Schleswig-Holstein,f,26 bis unter 27 Jahre,14130
2011,Schleswig-Holstein,f,55 bis unter 56 Jahre,19145
2011,Schleswig-Holstein,f,85 bis unter 90 Jahre,33425
2011,Schleswig-Holstein,f,11 bis unter 12 Jahre,14113
2011,Schleswig-Holstein,f,68 bis unter 69 Jahre,17849
2011,Schleswig-Holstein,f,42 bis unter 43 Jahre,23060
2011,Schleswig-Holstein,f,73 bis unter 74 Jahre,19277
2011,Schleswig-Holstein,f,7 bis unter 8 Jahre,12249
2011,Schleswig-Holstein,f,60 bis unter 61 Jahre,17886
2011,Schleswig-Holstein,f,25 bis unter 26 Jahre,14684
2011,Schleswig-Holstein,f,38 bis unter 39 Jahre,16027
2011,Mecklenburg-Vorpommern,m,67 bis unter 68 Jahre,8431
2011,Mecklenburg-Vorpommern,m,54 bis unter 55 Jahre,13970
2011,Mecklenburg-Vorpommern,m,41 bis unter 42 Jahre,10533
2011,Mecklenburg-Vorpommern,m,75 bis unter 80 Jahre,33351
2011,Mecklenburg-Vorpommern,m,36 bis unter 37 Jahre,8143
2011,Mecklenburg-Vorpommern,m,23 bis unter 24 Jahre,11520
2011,Mecklenburg-Vorpommern,m,10 bis unter 11 Jahre,6470
2011,Mecklenburg-Vorpommern,m,6 bis unter 7 Jahre,6105
2011,Mecklenburg-Vorpommern,m,72 bis unter 73 Jahre,10681
2011,Mecklenburg-Vorpommern,m,19 bis unter 20 Jahre,5659
2011,Mecklenburg-Vorpommern,m,55 bis unter 56 Jahre,13814
2011,Mecklenburg-Vorpommern,m,90 Jahre und mehr,1674
2011,Mecklenburg-Vorpommern,m,42 bis unter 43 Jahre,11011
2011,Mecklenburg-Vorpommern,m,37 bis unter 38 Jahre,7947
2011,Mecklenburg-Vorpommern,m,24 bis unter 25 Jahre,11769
2011,Mecklenburg-Vorpommern,m,11 bis unter 12 Jahre,6568
2011,Mecklenburg-Vorpommern,m,68 bis unter 69 Jahre,9099
2011,Mecklenburg-Vorpommern,m,38 bis unter 39 Jahre,8178
2011,Mecklenburg-Vorpommern,m,73 bis unter 74 Jahre,9982
2011,Mecklenburg-Vorpommern,m,60 bis unter 61 Jahre,12634
2011,Mecklenburg-Vorpommern,m,7 bis unter 8 Jahre,6556
2011,Mecklenburg-Vorpommern,m,21 bis unter 22 Jahre,10523
2011,Mecklenburg-Vorpommern,m,65 bis unter 66 Jahre,5379
2011,Mecklenburg-Vorpommern,m,52 bis unter 53 Jahre,15072
2011,Mecklenburg-Vorpommern,m,47 bis unter 48 Jahre,14942
2011,Mecklenburg-Vorpommern,m,34 bis unter 35 Jahre,9853
2011,Mecklenburg-Vorpommern,m,70 bis unter 71 Jahre,11068
2011,Mecklenburg-Vorpommern,m,17 bis unter 18 Jahre,4822
2011,Mecklenburg-Vorpommern,m,4 bis unter 5 Jahre,6561
2011,Mecklenburg-Vorpommern,m,66 bis unter 67 Jahre,5617
2011,Mecklenburg-Vorpommern,m,53 bis unter 54 Jahre,14271
2011,Mecklenburg-Vorpommern,m,48 bis unter 49 Jahre,15660
2011,Mecklenburg-Vorpommern,m,35 bis unter 36 Jahre,8563
2011,Mecklenburg-Vorpommern,m,22 bis unter 23 Jahre,11173
2011,Mecklenburg-Vorpommern,m,18 bis unter 19 Jahre,5080
2011,Mecklenburg-Vorpommern,m,5 bis unter 6 Jahre,6410
2011,Mecklenburg-Vorpommern,m,49 bis unter 50 Jahre,15569
2011,Mecklenburg-Vorpommern,m,40 bis unter 41 Jahre,10486
2011,Mecklenburg-Vorpommern,m,71 bis unter 72 Jahre,10942
2011,Mecklenburg-Vorpommern,m,32 bis unter 33 Jahre,10172
2011,Mecklenburg-Vorpommern,m,14 bis unter 15 Jahre,6064
2011,Mecklenburg-Vorpommern,m,1 bis unter 2 Jahre,6769
2011,Mecklenburg-Vorpommern,m,58 bis unter 59 Jahre,13583
2011,Mecklenburg-Vorpommern,m,45 bis unter 46 Jahre,13234
2011,Mecklenburg-Vorpommern,m,28 bis unter 29 Jahre,10570
2011,Mecklenburg-Vorpommern,m,15 bis unter 16 Jahre,5719
2011,Mecklenburg-Vorpommern,m,63 bis unter 64 Jahre,8805
2011,Mecklenburg-Vorpommern,m,50 bis unter 51 Jahre,15878
2011,Mecklenburg-Vorpommern,m,20 bis unter 21 Jahre,6706
2011,Mecklenburg-Vorpommern,m,64 bis unter 65 Jahre,8102
2011,Mecklenburg-Vorpommern,m,2 bis unter 3 Jahre,6530
2011,Mecklenburg-Vorpommern,m,59 bis unter 60 Jahre,13044
2011,Mecklenburg-Vorpommern,m,46 bis unter 47 Jahre,14194
2011,Mecklenburg-Vorpommern,m,33 bis unter 34 Jahre,10171
2011,Mecklenburg-Vorpommern,m,29 bis unter 30 Jahre,10644
2011,Mecklenburg-Vorpommern,m,16 bis unter 17 Jahre,5074
2011,Mecklenburg-Vorpommern,m,3 bis unter 4 Jahre,6699
2011,Mecklenburg-Vorpommern,m,51 bis unter 52 Jahre,15421
2011,Mecklenburg-Vorpommern,m,43 bis unter 44 Jahre,11608
2011,Mecklenburg-Vorpommern,m,80 bis unter 85 Jahre,17772
2011,Mecklenburg-Vorpommern,m,30 bis unter 31 Jahre,10281
2011,Mecklenburg-Vorpommern,m,25 bis unter 26 Jahre,11080
2011,Mecklenburg-Vorpommern,m,12 bis unter 13 Jahre,6202
2011,Mecklenburg-Vorpommern,m,69 bis unter 70 Jahre,8703
2011,Mecklenburg-Vorpommern,m,56 bis unter 57 Jahre,13911
2011,Mecklenburg-Vorpommern,m,39 bis unter 40 Jahre,8995
2011,Mecklenburg-Vorpommern,m,26 bis unter 27 Jahre,10947
2011,Mecklenburg-Vorpommern,m,74 bis unter 75 Jahre,8798
2011,Mecklenburg-Vorpommern,m,61 bis unter 62 Jahre,11827
2011,Mecklenburg-Vorpommern,m,8 bis unter 9 Jahre,6432
2011,Mecklenburg-Vorpommern,m,44 bis unter 45 Jahre,12100
2011,Mecklenburg-Vorpommern,m,31 bis unter 32 Jahre,10330
2011,Mecklenburg-Vorpommern,m,13 bis unter 14 Jahre,6013
2011,Mecklenburg-Vorpommern,m,unter 1 Jahr,6474
2011,Mecklenburg-Vorpommern,m,85 bis unter 90 Jahre,5806
2011,Mecklenburg-Vorpommern,m,57 bis unter 58 Jahre,13943
2011,Mecklenburg-Vorpommern,m,27 bis unter 28 Jahre,10525
2011,Mecklenburg-Vorpommern,m,62 bis unter 63 Jahre,10082
2011,Mecklenburg-Vorpommern,m,9 bis unter 10 Jahre,6341
2011,Mecklenburg-Vorpommern,f,70 bis unter 71 Jahre,12762
2011,Mecklenburg-Vorpommern,f,17 bis unter 18 Jahre,4494
2011,Mecklenburg-Vorpommern,f,75 bis unter 80 Jahre,46736
2011,Mecklenburg-Vorpommern,f,4 bis unter 5 Jahre,6226
2011,Mecklenburg-Vorpommern,f,48 bis unter 49 Jahre,14942
2011,Mecklenburg-Vorpommern,f,35 bis unter 36 Jahre,7520
2011,Mecklenburg-Vorpommern,f,22 bis unter 23 Jahre,9905
2011,Mecklenburg-Vorpommern,f,53 bis unter 54 Jahre,13817
2011,Mecklenburg-Vorpommern,f,66 bis unter 67 Jahre,6224
2011,Mecklenburg-Vorpommern,f,40 bis unter 41 Jahre,9447
2011,Mecklenburg-Vorpommern,f,29 bis unter 30 Jahre,9277
2011,Mecklenburg-Vorpommern,f,16 bis unter 17 Jahre,4845
2011,Mecklenburg-Vorpommern,f,3 bis unter 4 Jahre,6447
2011,Mecklenburg-Vorpommern,f,34 bis unter 35 Jahre,8598
2011,Mecklenburg-Vorpommern,f,47 bis unter 48 Jahre,14295
2011,Mecklenburg-Vorpommern,f,21 bis unter 22 Jahre,9809
2011,Mecklenburg-Vorpommern,f,85 bis unter 90 Jahre,17555
2011,Mecklenburg-Vorpommern,f,65 bis unter 66 Jahre,5539
2011,Mecklenburg-Vorpommern,f,90 Jahre und mehr,7774
2011,Mecklenburg-Vorpommern,f,52 bis unter 53 Jahre,14738
2011,Mecklenburg-Vorpommern,f,15 bis unter 16 Jahre,5324
2011,Mecklenburg-Vorpommern,f,28 bis unter 29 Jahre,9195
2011,Mecklenburg-Vorpommern,f,2 bis unter 3 Jahre,6504
2011,Mecklenburg-Vorpommern,f,59 bis unter 60 Jahre,13297
2011,Mecklenburg-Vorpommern,f,46 bis unter 47 Jahre,13541
2011,Mecklenburg-Vorpommern,f,33 bis unter 34 Jahre,8861
2011,Mecklenburg-Vorpommern,f,20 bis unter 21 Jahre,6411
2011,Mecklenburg-Vorpommern,f,51 bis unter 52 Jahre,15001
2011,Mecklenburg-Vorpommern,f,64 bis unter 65 Jahre,8515
2011,Mecklenburg-Vorpommern,f,27 bis unter 28 Jahre,9235
2011,Mecklenburg-Vorpommern,f,14 bis unter 15 Jahre,5674
2011,Mecklenburg-Vorpommern,f,1 bis unter 2 Jahre,6523
2011,Mecklenburg-Vorpommern,f,58 bis unter 59 Jahre,13582
2011,Mecklenburg-Vorpommern,f,32 bis unter 33 Jahre,8784
2011,Mecklenburg-Vorpommern,f,45 bis unter 46 Jahre,12806
2011,Mecklenburg-Vorpommern,f,63 bis unter 64 Jahre,9054
2011,Mecklenburg-Vorpommern,f,50 bis unter 51 Jahre,15214
2011,Mecklenburg-Vorpommern,f,39 bis unter 40 Jahre,8165
2011,Mecklenburg-Vorpommern,f,13 bis unter 14 Jahre,5859
2011,Mecklenburg-Vorpommern,f,26 bis unter 27 Jahre,9550
2011,Mecklenburg-Vorpommern,f,unter 1 Jahr,6128
2011,Mecklenburg-Vorpommern,f,57 bis unter 58 Jahre,13750
2011,Mecklenburg-Vorpommern,f,44 bis unter 45 Jahre,11855
2011,Mecklenburg-Vorpommern,f,31 bis unter 32 Jahre,9243
2011,Mecklenburg-Vorpommern,f,9 bis unter 10 Jahre,5926
2011,Mecklenburg-Vorpommern,f,62 bis unter 63 Jahre,10356
2011,Mecklenburg-Vorpommern,f,60 bis unter 61 Jahre,12817
2011,Mecklenburg-Vorpommern,f,7 bis unter 8 Jahre,6251
2011,Mecklenburg-Vorpommern,f,38 bis unter 39 Jahre,7321
2011,Mecklenburg-Vorpommern,f,25 bis unter 26 Jahre,9684
2011,Mecklenburg-Vorpommern,f,69 bis unter 70 Jahre,9988
2011,Mecklenburg-Vorpommern,f,12 bis unter 13 Jahre,5895
2011,Mecklenburg-Vorpommern,f,56 bis unter 57 Jahre,13836
2011,Mecklenburg-Vorpommern,f,30 bis unter 31 Jahre,8901
2011,Mecklenburg-Vorpommern,f,43 bis unter 44 Jahre,11115
2011,Mecklenburg-Vorpommern,f,74 bis unter 75 Jahre,11314
2011,Mecklenburg-Vorpommern,f,61 bis unter 62 Jahre,11903
2011,Mecklenburg-Vorpommern,f,8 bis unter 9 Jahre,6103
2011,Mecklenburg-Vorpommern,f,6 bis unter 7 Jahre,6027
2011,Mecklenburg-Vorpommern,f,37 bis unter 38 Jahre,7021
2011,Mecklenburg-Vorpommern,f,11 bis unter 12 Jahre,6161
2011,Mecklenburg-Vorpommern,f,24 bis unter 25 Jahre,10308
2011,Mecklenburg-Vorpommern,f,80 bis unter 85 Jahre,31522
2011,Mecklenburg-Vorpommern,f,55 bis unter 56 Jahre,13724
2011,Mecklenburg-Vorpommern,f,68 bis unter 69 Jahre,10204
2011,Mecklenburg-Vorpommern,f,42 bis unter 43 Jahre,10234
2011,Mecklenburg-Vorpommern,f,73 bis unter 74 Jahre,12344
2011,Mecklenburg-Vorpommern,f,71 bis unter 72 Jahre,13070
2011,Mecklenburg-Vorpommern,f,18 bis unter 19 Jahre,4555
2011,Mecklenburg-Vorpommern,f,5 bis unter 6 Jahre,6092
2011,Mecklenburg-Vorpommern,f,36 bis unter 37 Jahre,7108
2011,Mecklenburg-Vorpommern,f,49 bis unter 50 Jahre,15016
2011,Mecklenburg-Vorpommern,f,23 bis unter 24 Jahre,10033
2011,Mecklenburg-Vorpommern,f,67 bis unter 68 Jahre,9304
2011,Mecklenburg-Vorpommern,f,10 bis unter 11 Jahre,6135
2011,Mecklenburg-Vorpommern,f,54 bis unter 55 Jahre,13441
2011,Mecklenburg-Vorpommern,f,41 bis unter 42 Jahre,9827
2011,Mecklenburg-Vorpommern,f,72 bis unter 73 Jahre,13394
2011,Mecklenburg-Vorpommern,f,19 bis unter 20 Jahre,5313
2011,Brandenburg,m,30 bis unter 31 Jahre,14154
2011,Brandenburg,m,74 bis unter 75 Jahre,13881
2011,Brandenburg,m,8 bis unter 9 Jahre,10212
2011,Brandenburg,m,61 bis unter 62 Jahre,17668
2011,Brandenburg,m,26 bis unter 27 Jahre,14671
2011,Brandenburg,m,39 bis unter 40 Jahre,14381
2011,Brandenburg,m,13 bis unter 14 Jahre,9921
2011,Brandenburg,m,57 bis unter 58 Jahre,20300
2011,Brandenburg,m,unter 1 Jahr,9304
2011,Brandenburg,m,31 bis unter 32 Jahre,14764
2011,Brandenburg,m,44 bis unter 45 Jahre,20298
2011,Brandenburg,m,42 bis unter 43 Jahre,17959
2011,Brandenburg,m,73 bis unter 74 Jahre,15226
2011,Brandenburg,m,7 bis unter 8 Jahre,10180
2011,Brandenburg,m,60 bis unter 61 Jahre,19011
2011,Brandenburg,m,38 bis unter 39 Jahre,12546
2011,Brandenburg,m,12 bis unter 13 Jahre,10192
2011,Brandenburg,m,25 bis unter 26 Jahre,14386
2011,Brandenburg,m,56 bis unter 57 Jahre,20948
2011,Brandenburg,m,69 bis unter 70 Jahre,14605
2011,Brandenburg,m,43 bis unter 44 Jahre,18907
2011,Brandenburg,m,41 bis unter 42 Jahre,17182
2011,Brandenburg,m,85 bis unter 90 Jahre,9453
2011,Brandenburg,m,19 bis unter 20 Jahre,8216
2011,Brandenburg,m,72 bis unter 73 Jahre,16906
2011,Brandenburg,m,6 bis unter 7 Jahre,9852
2011,Brandenburg,m,24 bis unter 25 Jahre,15098
2011,Brandenburg,m,37 bis unter 38 Jahre,12206
2011,Brandenburg,m,68 bis unter 69 Jahre,15342
2011,Brandenburg,m,11 bis unter 12 Jahre,10380
2011,Brandenburg,m,55 bis unter 56 Jahre,20844
2011,Brandenburg,m,53 bis unter 54 Jahre,21419
2011,Brandenburg,m,40 bis unter 41 Jahre,17006
2011,Brandenburg,m,71 bis unter 72 Jahre,17695
2011,Brandenburg,m,5 bis unter 6 Jahre,9910
2011,Brandenburg,m,80 bis unter 85 Jahre,27752
2011,Brandenburg,m,18 bis unter 19 Jahre,7833
2011,Brandenburg,m,49 bis unter 50 Jahre,25029
2011,Brandenburg,m,36 bis unter 37 Jahre,12373
2011,Brandenburg,m,10 bis unter 11 Jahre,9967
2011,Brandenburg,m,23 bis unter 24 Jahre,15424
2011,Brandenburg,m,54 bis unter 55 Jahre,20979
2011,Brandenburg,m,67 bis unter 68 Jahre,14178
2011,Brandenburg,m,52 bis unter 53 Jahre,23379
2011,Brandenburg,m,65 bis unter 66 Jahre,8163
2011,Brandenburg,m,17 bis unter 18 Jahre,8026
2011,Brandenburg,m,70 bis unter 71 Jahre,18096
2011,Brandenburg,m,75 bis unter 80 Jahre,51722
2011,Brandenburg,m,4 bis unter 5 Jahre,10235
2011,Brandenburg,m,35 bis unter 36 Jahre,12855
2011,Brandenburg,m,48 bis unter 49 Jahre,24988
2011,Brandenburg,m,22 bis unter 23 Jahre,14892
2011,Brandenburg,m,66 bis unter 67 Jahre,9417
2011,Brandenburg,m,64 bis unter 65 Jahre,12171
2011,Brandenburg,m,51 bis unter 52 Jahre,23677
2011,Brandenburg,m,90 Jahre und mehr,2971
2011,Brandenburg,m,29 bis unter 30 Jahre,14577
2011,Brandenburg,m,3 bis unter 4 Jahre,10203
2011,Brandenburg,m,16 bis unter 17 Jahre,8492
2011,Brandenburg,m,47 bis unter 48 Jahre,24348
2011,Brandenburg,m,34 bis unter 35 Jahre,13999
2011,Brandenburg,m,21 bis unter 22 Jahre,14194
2011,Brandenburg,m,50 bis unter 51 Jahre,24702
2011,Brandenburg,m,63 bis unter 64 Jahre,12969
2011,Brandenburg,m,28 bis unter 29 Jahre,14203
2011,Brandenburg,m,15 bis unter 16 Jahre,9312
2011,Brandenburg,m,59 bis unter 60 Jahre,19412
2011,Brandenburg,m,2 bis unter 3 Jahre,9915
2011,Brandenburg,m,33 bis unter 34 Jahre,14313
2011,Brandenburg,m,46 bis unter 47 Jahre,23168
2011,Brandenburg,m,20 bis unter 21 Jahre,9441
2011,Brandenburg,m,9 bis unter 10 Jahre,9974
2011,Brandenburg,m,62 bis unter 63 Jahre,14989
2011,Brandenburg,m,27 bis unter 28 Jahre,14135
2011,Brandenburg,m,1 bis unter 2 Jahre,10064
2011,Brandenburg,m,14 bis unter 15 Jahre,9631
2011,Brandenburg,m,45 bis unter 46 Jahre,21745
2011,Brandenburg,m,58 bis unter 59 Jahre,19938
2011,Brandenburg,m,32 bis unter 33 Jahre,14315
2011,Brandenburg,f,37 bis unter 38 Jahre,11844
2011,Brandenburg,f,6 bis unter 7 Jahre,9440
2011,Brandenburg,f,72 bis unter 73 Jahre,20080
2011,Brandenburg,f,19 bis unter 20 Jahre,7461
2011,Brandenburg,f,41 bis unter 42 Jahre,16684
2011,Brandenburg,f,54 bis unter 55 Jahre,20086
2011,Brandenburg,f,10 bis unter 11 Jahre,9377
2011,Brandenburg,f,67 bis unter 68 Jahre,15726
2011,Brandenburg,f,23 bis unter 24 Jahre,13327
2011,Brandenburg,f,49 bis unter 50 Jahre,24066
2011,Brandenburg,f,36 bis unter 37 Jahre,11717
2011,Brandenburg,f,5 bis unter 6 Jahre,9283
2011,Brandenburg,f,71 bis unter 72 Jahre,20572
2011,Brandenburg,f,18 bis unter 19 Jahre,7303
2011,Brandenburg,f,40 bis unter 41 Jahre,16081
2011,Brandenburg,f,66 bis unter 67 Jahre,10579
2011,Brandenburg,f,53 bis unter 54 Jahre,20679
2011,Brandenburg,f,22 bis unter 23 Jahre,13185
2011,Brandenburg,f,35 bis unter 36 Jahre,12203
2011,Brandenburg,f,48 bis unter 49 Jahre,24325
2011,Brandenburg,f,4 bis unter 5 Jahre,9614
2011,Brandenburg,f,70 bis unter 71 Jahre,20306
2011,Brandenburg,f,17 bis unter 18 Jahre,7577
2011,Brandenburg,f,52 bis unter 53 Jahre,22430
2011,Brandenburg,f,65 bis unter 66 Jahre,8693
2011,Brandenburg,f,21 bis unter 22 Jahre,12591
2011,Brandenburg,f,47 bis unter 48 Jahre,23291
2011,Brandenburg,f,34 bis unter 35 Jahre,13359
2011,Brandenburg,f,3 bis unter 4 Jahre,9812
2011,Brandenburg,f,16 bis unter 17 Jahre,7947
2011,Brandenburg,f,29 bis unter 30 Jahre,12836
2011,Brandenburg,f,64 bis unter 65 Jahre,12856
2011,Brandenburg,f,51 bis unter 52 Jahre,23135
2011,Brandenburg,f,20 bis unter 21 Jahre,8609
2011,Brandenburg,f,33 bis unter 34 Jahre,13670
2011,Brandenburg,f,46 bis unter 47 Jahre,22383
2011,Brandenburg,f,59 bis unter 60 Jahre,19663
2011,Brandenburg,f,2 bis unter 3 Jahre,9399
2011,Brandenburg,f,28 bis unter 29 Jahre,12657
2011,Brandenburg,f,15 bis unter 16 Jahre,8645
2011,Brandenburg,f,50 bis unter 51 Jahre,23830
2011,Brandenburg,f,63 bis unter 64 Jahre,13215
2011,Brandenburg,f,45 bis unter 46 Jahre,21516
2011,Brandenburg,f,32 bis unter 33 Jahre,13302
2011,Brandenburg,f,58 bis unter 59 Jahre,20048
2011,Brandenburg,f,1 bis unter 2 Jahre,9399
2011,Brandenburg,f,14 bis unter 15 Jahre,9308
2011,Brandenburg,f,27 bis unter 28 Jahre,12473
2011,Brandenburg,f,80 bis unter 85 Jahre,46189
2011,Brandenburg,f,62 bis unter 63 Jahre,15288
2011,Brandenburg,f,9 bis unter 10 Jahre,9464
2011,Brandenburg,f,75 bis unter 80 Jahre,68094
2011,Brandenburg,f,31 bis unter 32 Jahre,13592
2011,Brandenburg,f,44 bis unter 45 Jahre,19933
2011,Brandenburg,f,57 bis unter 58 Jahre,20307
2011,Brandenburg,f,unter 1 Jahr,9006
2011,Brandenburg,f,26 bis unter 27 Jahre,12615
2011,Brandenburg,f,13 bis unter 14 Jahre,9435
2011,Brandenburg,f,39 bis unter 40 Jahre,13517
2011,Brandenburg,f,85 bis unter 90 Jahre,26884
2011,Brandenburg,f,61 bis unter 62 Jahre,17959
2011,Brandenburg,f,8 bis unter 9 Jahre,9501
2011,Brandenburg,f,74 bis unter 75 Jahre,16867
2011,Brandenburg,f,43 bis unter 44 Jahre,18738
2011,Brandenburg,f,90 Jahre und mehr,12665
2011,Brandenburg,f,30 bis unter 31 Jahre,13026
2011,Brandenburg,f,56 bis unter 57 Jahre,20264
2011,Brandenburg,f,12 bis unter 13 Jahre,9715
2011,Brandenburg,f,69 bis unter 70 Jahre,16419
2011,Brandenburg,f,25 bis unter 26 Jahre,12852
2011,Brandenburg,f,38 bis unter 39 Jahre,12216
2011,Brandenburg,f,60 bis unter 61 Jahre,18868
2011,Brandenburg,f,7 bis unter 8 Jahre,9551
2011,Brandenburg,f,73 bis unter 74 Jahre,18520
2011,Brandenburg,f,42 bis unter 43 Jahre,17616
2011,Brandenburg,f,68 bis unter 69 Jahre,16761
2011,Brandenburg,f,55 bis unter 56 Jahre,20131
2011,Brandenburg,f,24 bis unter 25 Jahre,13427
2011,Brandenburg,f,11 bis unter 12 Jahre,9989
2011,Saarland,m,4 bis unter 5 Jahre,3701
2011,Saarland,m,48 bis unter 49 Jahre,8961
2011,Saarland,m,35 bis unter 36 Jahre,4984
2011,Saarland,m,70 bis unter 71 Jahre,6006
2011,Saarland,m,17 bis unter 18 Jahre,5172
2011,Saarland,m,65 bis unter 66 Jahre,4107
2011,Saarland,m,52 bis unter 53 Jahre,9100
2011,Saarland,m,34 bis unter 35 Jahre,5110
2011,Saarland,m,21 bis unter 22 Jahre,6048
2011,Saarland,m,49 bis unter 50 Jahre,8964
2011,Saarland,m,36 bis unter 37 Jahre,4882
2011,Saarland,m,71 bis unter 72 Jahre,6198
2011,Saarland,m,18 bis unter 19 Jahre,5529
2011,Saarland,m,5 bis unter 6 Jahre,3794
2011,Saarland,m,53 bis unter 54 Jahre,8643
2011,Saarland,m,40 bis unter 41 Jahre,6114
2011,Saarland,m,22 bis unter 23 Jahre,5863
2011,Saarland,m,66 bis unter 67 Jahre,3782
2011,Saarland,m,37 bis unter 38 Jahre,4958
2011,Saarland,m,24 bis unter 25 Jahre,5971
2011,Saarland,m,72 bis unter 73 Jahre,6158
2011,Saarland,m,19 bis unter 20 Jahre,5565
2011,Saarland,m,6 bis unter 7 Jahre,3800
2011,Saarland,m,41 bis unter 42 Jahre,6438
2011,Saarland,m,23 bis unter 24 Jahre,5996
2011,Saarland,m,10 bis unter 11 Jahre,4269
2011,Saarland,m,67 bis unter 68 Jahre,5039
2011,Saarland,m,54 bis unter 55 Jahre,8375
2011,Saarland,m,38 bis unter 39 Jahre,4987
2011,Saarland,m,25 bis unter 26 Jahre,6013
2011,Saarland,m,12 bis unter 13 Jahre,4530
2011,Saarland,m,7 bis unter 8 Jahre,3980
2011,Saarland,m,60 bis unter 61 Jahre,7070
2011,Saarland,m,42 bis unter 43 Jahre,7187
2011,Saarland,m,73 bis unter 74 Jahre,5687
2011,Saarland,m,11 bis unter 12 Jahre,4449
2011,Saarland,m,68 bis unter 69 Jahre,4899
2011,Saarland,m,55 bis unter 56 Jahre,7971
2011,Saarland,m,39 bis unter 40 Jahre,5465
2011,Saarland,m,26 bis unter 27 Jahre,5652
2011,Saarland,m,13 bis unter 14 Jahre,4705
2011,Saarland,m,8 bis unter 9 Jahre,3913
2011,Saarland,m,61 bis unter 62 Jahre,7268
2011,Saarland,m,90 Jahre und mehr,1449
2011,Saarland,m,30 bis unter 31 Jahre,5773
2011,Saarland,m,74 bis unter 75 Jahre,5442
2011,Saarland,m,69 bis unter 70 Jahre,4723
2011,Saarland,m,56 bis unter 57 Jahre,7589
2011,Saarland,m,43 bis unter 44 Jahre,7732
2011,Saarland,m,80 bis unter 85 Jahre,12582
2011,Saarland,m,27 bis unter 28 Jahre,5648
2011,Saarland,m,14 bis unter 15 Jahre,5042
2011,Saarland,m,58 bis unter 59 Jahre,7431
2011,Saarland,m,1 bis unter 2 Jahre,3577
2011,Saarland,m,9 bis unter 10 Jahre,4128
2011,Saarland,m,62 bis unter 63 Jahre,7454
2011,Saarland,m,57 bis unter 58 Jahre,7643
2011,Saarland,m,unter 1 Jahr,3644
2011,Saarland,m,44 bis unter 45 Jahre,8115
2011,Saarland,m,31 bis unter 32 Jahre,5654
2011,Saarland,m,15 bis unter 16 Jahre,5130
2011,Saarland,m,75 bis unter 80 Jahre,20551
2011,Saarland,m,59 bis unter 60 Jahre,7394
2011,Saarland,m,2 bis unter 3 Jahre,3519
2011,Saarland,m,28 bis unter 29 Jahre,5733
2011,Saarland,m,63 bis unter 64 Jahre,6379
2011,Saarland,m,50 bis unter 51 Jahre,9259
2011,Saarland,m,45 bis unter 46 Jahre,8498
2011,Saarland,m,32 bis unter 33 Jahre,5173
2011,Saarland,m,16 bis unter 17 Jahre,5022
2011,Saarland,m,3 bis unter 4 Jahre,3736
2011,Saarland,m,47 bis unter 48 Jahre,8837
2011,Saarland,m,85 bis unter 90 Jahre,5316
2011,Saarland,m,29 bis unter 30 Jahre,5812
2011,Saarland,m,64 bis unter 65 Jahre,5124
2011,Saarland,m,51 bis unter 52 Jahre,8751
2011,Saarland,m,46 bis unter 47 Jahre,8509
2011,Saarland,m,33 bis unter 34 Jahre,5092
2011,Saarland,m,20 bis unter 21 Jahre,5840
2011,Saarland,f,20 bis unter 21 Jahre,5469
2011,Saarland,f,51 bis unter 52 Jahre,8788
2011,Saarland,f,64 bis unter 65 Jahre,5301
2011,Saarland,f,29 bis unter 30 Jahre,5522
2011,Saarland,f,15 bis unter 16 Jahre,4901
2011,Saarland,f,28 bis unter 29 Jahre,5366
2011,Saarland,f,59 bis unter 60 Jahre,7352
2011,Saarland,f,2 bis unter 3 Jahre,3418
2011,Saarland,f,46 bis unter 47 Jahre,8808
2011,Saarland,f,33 bis unter 34 Jahre,5207
2011,Saarland,f,63 bis unter 64 Jahre,6466
2011,Saarland,f,50 bis unter 51 Jahre,8976
2011,Saarland,f,27 bis unter 28 Jahre,5350
2011,Saarland,f,85 bis unter 90 Jahre,13639
2011,Saarland,f,14 bis unter 15 Jahre,4880
2011,Saarland,f,58 bis unter 59 Jahre,7594
2011,Saarland,f,1 bis unter 2 Jahre,3508
2011,Saarland,f,32 bis unter 33 Jahre,5304
2011,Saarland,f,45 bis unter 46 Jahre,8438
2011,Saarland,f,53 bis unter 54 Jahre,8503
2011,Saarland,f,66 bis unter 67 Jahre,4070
2011,Saarland,f,40 bis unter 41 Jahre,6353
2011,Saarland,f,18 bis unter 19 Jahre,5170
2011,Saarland,f,71 bis unter 72 Jahre,7300
2011,Saarland,f,4 bis unter 5 Jahre,3524
2011,Saarland,f,48 bis unter 49 Jahre,9031
2011,Saarland,f,35 bis unter 36 Jahre,4994
2011,Saarland,f,22 bis unter 23 Jahre,5530
2011,Saarland,f,65 bis unter 66 Jahre,4401
2011,Saarland,f,52 bis unter 53 Jahre,8745
2011,Saarland,f,17 bis unter 18 Jahre,5056
2011,Saarland,f,70 bis unter 71 Jahre,6915
2011,Saarland,f,16 bis unter 17 Jahre,4738
2011,Saarland,f,3 bis unter 4 Jahre,3485
2011,Saarland,f,34 bis unter 35 Jahre,5249
2011,Saarland,f,47 bis unter 48 Jahre,9096
2011,Saarland,f,21 bis unter 22 Jahre,5673
2011,Saarland,f,42 bis unter 43 Jahre,7322
2011,Saarland,f,73 bis unter 74 Jahre,6876
2011,Saarland,f,7 bis unter 8 Jahre,3662
2011,Saarland,f,60 bis unter 61 Jahre,7248
2011,Saarland,f,37 bis unter 38 Jahre,5045
2011,Saarland,f,11 bis unter 12 Jahre,4222
2011,Saarland,f,24 bis unter 25 Jahre,5682
2011,Saarland,f,80 bis unter 85 Jahre,20362
2011,Saarland,f,55 bis unter 56 Jahre,8005
2011,Saarland,f,68 bis unter 69 Jahre,5435
2011,Saarland,f,54 bis unter 55 Jahre,8165
2011,Saarland,f,41 bis unter 42 Jahre,6439
2011,Saarland,f,19 bis unter 20 Jahre,5345
2011,Saarland,f,72 bis unter 73 Jahre,7554
2011,Saarland,f,6 bis unter 7 Jahre,3651
2011,Saarland,f,5 bis unter 6 Jahre,3382
2011,Saarland,f,36 bis unter 37 Jahre,4790
2011,Saarland,f,49 bis unter 50 Jahre,8975
2011,Saarland,f,23 bis unter 24 Jahre,5666
2011,Saarland,f,67 bis unter 68 Jahre,5553
2011,Saarland,f,10 bis unter 11 Jahre,3989
2011,Saarland,f,31 bis unter 32 Jahre,5485
2011,Saarland,f,90 Jahre und mehr,5683
2011,Saarland,f,9 bis unter 10 Jahre,3852
2011,Saarland,f,62 bis unter 63 Jahre,7431
2011,Saarland,f,39 bis unter 40 Jahre,5619
2011,Saarland,f,13 bis unter 14 Jahre,4438
2011,Saarland,f,26 bis unter 27 Jahre,5297
2011,Saarland,f,57 bis unter 58 Jahre,7770
2011,Saarland,f,unter 1 Jahr,3383
2011,Saarland,f,75 bis unter 80 Jahre,27248
2011,Saarland,f,44 bis unter 45 Jahre,8079
2011,Saarland,f,30 bis unter 31 Jahre,5434
2011,Saarland,f,43 bis unter 44 Jahre,7808
2011,Saarland,f,74 bis unter 75 Jahre,7001
2011,Saarland,f,8 bis unter 9 Jahre,3677
2011,Saarland,f,61 bis unter 62 Jahre,7286
2011,Saarland,f,38 bis unter 39 Jahre,5081
2011,Saarland,f,25 bis unter 26 Jahre,5658
2011,Saarland,f,69 bis unter 70 Jahre,5413
2011,Saarland,f,12 bis unter 13 Jahre,4496
2011,Saarland,f,56 bis unter 57 Jahre,7624
2011,Sachsen,m,47 bis unter 48 Jahre,33852
2011,Sachsen,m,16 bis unter 17 Jahre,12063
2011,Sachsen,m,3 bis unter 4 Jahre,17596
2011,Sachsen,m,29 bis unter 30 Jahre,27815
2011,Sachsen,m,65 bis unter 66 Jahre,15598
2011,Sachsen,m,52 bis unter 53 Jahre,32020
2011,Sachsen,m,21 bis unter 22 Jahre,24809
2011,Sachsen,m,34 bis unter 35 Jahre,25942
2011,Sachsen,m,2 bis unter 3 Jahre,17550
2011,Sachsen,m,59 bis unter 60 Jahre,31101
2011,Sachsen,m,15 bis unter 16 Jahre,13342
2011,Sachsen,m,28 bis unter 29 Jahre,27250
2011,Sachsen,m,51 bis unter 52 Jahre,32464
2011,Sachsen,m,80 bis unter 85 Jahre,52760
2011,Sachsen,m,64 bis unter 65 Jahre,20558
2011,Sachsen,m,20 bis unter 21 Jahre,16398
2011,Sachsen,m,46 bis unter 47 Jahre,32821
2011,Sachsen,m,33 bis unter 34 Jahre,26448
2011,Sachsen,m,36 bis unter 37 Jahre,21898
2011,Sachsen,m,49 bis unter 50 Jahre,34072
2011,Sachsen,m,18 bis unter 19 Jahre,12107
2011,Sachsen,m,5 bis unter 6 Jahre,16477
2011,Sachsen,m,71 bis unter 72 Jahre,29629
2011,Sachsen,m,41 bis unter 42 Jahre,28347
2011,Sachsen,m,67 bis unter 68 Jahre,26365
2011,Sachsen,m,54 bis unter 55 Jahre,29399
2011,Sachsen,m,23 bis unter 24 Jahre,27633
2011,Sachsen,m,10 bis unter 11 Jahre,15995
2011,Sachsen,m,90 Jahre und mehr,7287
2011,Sachsen,m,48 bis unter 49 Jahre,34625
2011,Sachsen,m,4 bis unter 5 Jahre,17257
2011,Sachsen,m,70 bis unter 71 Jahre,29075
2011,Sachsen,m,17 bis unter 18 Jahre,11659
2011,Sachsen,m,40 bis unter 41 Jahre,28550
2011,Sachsen,m,53 bis unter 54 Jahre,29502
2011,Sachsen,m,66 bis unter 67 Jahre,18055
2011,Sachsen,m,35 bis unter 36 Jahre,22890
2011,Sachsen,m,22 bis unter 23 Jahre,26582
2011,Sachsen,m,25 bis unter 26 Jahre,27037
2011,Sachsen,m,38 bis unter 39 Jahre,22113
2011,Sachsen,m,7 bis unter 8 Jahre,16650
2011,Sachsen,m,60 bis unter 61 Jahre,31429
2011,Sachsen,m,74 bis unter 75 Jahre,22741
2011,Sachsen,m,85 bis unter 90 Jahre,21030
2011,Sachsen,m,30 bis unter 31 Jahre,26942
2011,Sachsen,m,56 bis unter 57 Jahre,30783
2011,Sachsen,m,43 bis unter 44 Jahre,28850
2011,Sachsen,m,69 bis unter 70 Jahre,23537
2011,Sachsen,m,12 bis unter 13 Jahre,15503
2011,Sachsen,m,37 bis unter 38 Jahre,21841
2011,Sachsen,m,24 bis unter 25 Jahre,28418
2011,Sachsen,m,6 bis unter 7 Jahre,16410
2011,Sachsen,m,72 bis unter 73 Jahre,28432
2011,Sachsen,m,19 bis unter 20 Jahre,13249
2011,Sachsen,m,73 bis unter 74 Jahre,25588
2011,Sachsen,m,42 bis unter 43 Jahre,28305
2011,Sachsen,m,55 bis unter 56 Jahre,29923
2011,Sachsen,m,11 bis unter 12 Jahre,16328
2011,Sachsen,m,68 bis unter 69 Jahre,25803
2011,Sachsen,m,75 bis unter 80 Jahre,87760
2011,Sachsen,m,14 bis unter 15 Jahre,14152
2011,Sachsen,m,1 bis unter 2 Jahre,17770
2011,Sachsen,m,27 bis unter 28 Jahre,26912
2011,Sachsen,m,63 bis unter 64 Jahre,20968
2011,Sachsen,m,50 bis unter 51 Jahre,33638
2011,Sachsen,m,32 bis unter 33 Jahre,26630
2011,Sachsen,m,58 bis unter 59 Jahre,30398
2011,Sachsen,m,45 bis unter 46 Jahre,31304
2011,Sachsen,m,13 bis unter 14 Jahre,14732
2011,Sachsen,m,39 bis unter 40 Jahre,24390
2011,Sachsen,m,26 bis unter 27 Jahre,27624
2011,Sachsen,m,8 bis unter 9 Jahre,16040
2011,Sachsen,m,61 bis unter 62 Jahre,30130
2011,Sachsen,m,9 bis unter 10 Jahre,15670
2011,Sachsen,m,62 bis unter 63 Jahre,26336
2011,Sachsen,m,44 bis unter 45 Jahre,29923
2011,Sachsen,m,31 bis unter 32 Jahre,27322
2011,Sachsen,m,unter 1 Jahr,17592
2011,Sachsen,m,57 bis unter 58 Jahre,30184
2011,Sachsen,f,63 bis unter 64 Jahre,22480
2011,Sachsen,f,50 bis unter 51 Jahre,33041
2011,Sachsen,f,2 bis unter 3 Jahre,16445
2011,Sachsen,f,59 bis unter 60 Jahre,31916
2011,Sachsen,f,15 bis unter 16 Jahre,12821
2011,Sachsen,f,28 bis unter 29 Jahre,24341
2011,Sachsen,f,33 bis unter 34 Jahre,23451
2011,Sachsen,f,46 bis unter 47 Jahre,30997
2011,Sachsen,f,51 bis unter 52 Jahre,31674
2011,Sachsen,f,64 bis unter 65 Jahre,22878
2011,Sachsen,f,20 bis unter 21 Jahre,15614
2011,Sachsen,f,29 bis unter 30 Jahre,24398
2011,Sachsen,f,3 bis unter 4 Jahre,16766
2011,Sachsen,f,16 bis unter 17 Jahre,11528
2011,Sachsen,f,21 bis unter 22 Jahre,23300
2011,Sachsen,f,34 bis unter 35 Jahre,22784
2011,Sachsen,f,47 bis unter 48 Jahre,32812
2011,Sachsen,f,74 bis unter 75 Jahre,28633
2011,Sachsen,f,30 bis unter 31 Jahre,23561
2011,Sachsen,f,80 bis unter 85 Jahre,92354
2011,Sachsen,f,43 bis unter 44 Jahre,26677
2011,Sachsen,f,8 bis unter 9 Jahre,15463
2011,Sachsen,f,61 bis unter 62 Jahre,31747
2011,Sachsen,f,13 bis unter 14 Jahre,14065
2011,Sachsen,f,26 bis unter 27 Jahre,24326
2011,Sachsen,f,39 bis unter 40 Jahre,21367
2011,Sachsen,f,44 bis unter 45 Jahre,27672
2011,Sachsen,f,unter 1 Jahr,16656
2011,Sachsen,f,57 bis unter 58 Jahre,31237
2011,Sachsen,f,31 bis unter 32 Jahre,24371
2011,Sachsen,f,9 bis unter 10 Jahre,15292
2011,Sachsen,f,62 bis unter 63 Jahre,27910
2011,Sachsen,f,75 bis unter 80 Jahre,119208
2011,Sachsen,f,14 bis unter 15 Jahre,13678
2011,Sachsen,f,27 bis unter 28 Jahre,24222
2011,Sachsen,f,32 bis unter 33 Jahre,23184
2011,Sachsen,f,45 bis unter 46 Jahre,29809
2011,Sachsen,f,1 bis unter 2 Jahre,17078
2011,Sachsen,f,58 bis unter 59 Jahre,31582
2011,Sachsen,f,41 bis unter 42 Jahre,25439
2011,Sachsen,f,54 bis unter 55 Jahre,29506
2011,Sachsen,f,6 bis unter 7 Jahre,15727
2011,Sachsen,f,72 bis unter 73 Jahre,34519
2011,Sachsen,f,19 bis unter 20 Jahre,12675
2011,Sachsen,f,37 bis unter 38 Jahre,19083
2011,Sachsen,f,55 bis unter 56 Jahre,29996
2011,Sachsen,f,85 bis unter 90 Jahre,59846
2011,Sachsen,f,68 bis unter 69 Jahre,29523
2011,Sachsen,f,11 bis unter 12 Jahre,15578
2011,Sachsen,f,24 bis unter 25 Jahre,25588
2011,Sachsen,f,42 bis unter 43 Jahre,25879
2011,Sachsen,f,7 bis unter 8 Jahre,15961
2011,Sachsen,f,60 bis unter 61 Jahre,33114
2011,Sachsen,f,90 Jahre und mehr,29632
2011,Sachsen,f,73 bis unter 74 Jahre,31320
2011,Sachsen,f,25 bis unter 26 Jahre,24740
2011,Sachsen,f,38 bis unter 39 Jahre,19412
2011,Sachsen,f,56 bis unter 57 Jahre,31278
2011,Sachsen,f,69 bis unter 70 Jahre,27589
2011,Sachsen,f,12 bis unter 13 Jahre,14692
2011,Sachsen,f,52 bis unter 53 Jahre,31700
2011,Sachsen,f,65 bis unter 66 Jahre,17053
2011,Sachsen,f,70 bis unter 71 Jahre,34346
2011,Sachsen,f,17 bis unter 18 Jahre,11000
2011,Sachsen,f,48 bis unter 49 Jahre,33107
2011,Sachsen,f,4 bis unter 5 Jahre,16339
2011,Sachsen,f,22 bis unter 23 Jahre,24179
2011,Sachsen,f,35 bis unter 36 Jahre,20516
2011,Sachsen,f,40 bis unter 41 Jahre,25178
2011,Sachsen,f,53 bis unter 54 Jahre,29545
2011,Sachsen,f,66 bis unter 67 Jahre,20552
2011,Sachsen,f,71 bis unter 72 Jahre,35117
2011,Sachsen,f,18 bis unter 19 Jahre,11468
2011,Sachsen,f,36 bis unter 37 Jahre,19403
2011,Sachsen,f,49 bis unter 50 Jahre,32612
2011,Sachsen,f,5 bis unter 6 Jahre,15702
2011,Sachsen,f,67 bis unter 68 Jahre,29769
2011,Sachsen,f,10 bis unter 11 Jahre,15056
2011,Sachsen,f,23 bis unter 24 Jahre,24927
2011,Hessen,m,70 bis unter 71 Jahre,34105
2011,Hessen,m,17 bis unter 18 Jahre,31452
2011,Hessen,m,4 bis unter 5 Jahre,27319
2011,Hessen,m,35 bis unter 36 Jahre,35687
2011,Hessen,m,48 bis unter 49 Jahre,53354
2011,Hessen,m,22 bis unter 23 Jahre,35476
2011,Hessen,m,66 bis unter 67 Jahre,23022
2011,Hessen,m,40 bis unter 41 Jahre,42447
2011,Hessen,m,53 bis unter 54 Jahre,44422
2011,Hessen,m,71 bis unter 72 Jahre,35818
2011,Hessen,m,18 bis unter 19 Jahre,32231
2011,Hessen,m,5 bis unter 6 Jahre,26449
2011,Hessen,m,49 bis unter 50 Jahre,51271
2011,Hessen,m,36 bis unter 37 Jahre,35140
2011,Hessen,m,10 bis unter 11 Jahre,28926
2011,Hessen,m,23 bis unter 24 Jahre,36657
2011,Hessen,m,54 bis unter 55 Jahre,43314
2011,Hessen,m,67 bis unter 68 Jahre,30707
2011,Hessen,m,41 bis unter 42 Jahre,44679
2011,Hessen,m,50 bis unter 51 Jahre,49712
2011,Hessen,m,28 bis unter 29 Jahre,35745
2011,Hessen,m,15 bis unter 16 Jahre,31796
2011,Hessen,m,2 bis unter 3 Jahre,26322
2011,Hessen,m,59 bis unter 60 Jahre,37023
2011,Hessen,m,33 bis unter 34 Jahre,35837
2011,Hessen,m,46 bis unter 47 Jahre,53788
2011,Hessen,m,20 bis unter 21 Jahre,33403
2011,Hessen,m,64 bis unter 65 Jahre,32643
2011,Hessen,m,80 bis unter 85 Jahre,66083
2011,Hessen,m,51 bis unter 52 Jahre,48061
2011,Hessen,m,85 bis unter 90 Jahre,30649
2011,Hessen,m,16 bis unter 17 Jahre,31013
2011,Hessen,m,29 bis unter 30 Jahre,37228
2011,Hessen,m,3 bis unter 4 Jahre,26978
2011,Hessen,m,47 bis unter 48 Jahre,54451
2011,Hessen,m,34 bis unter 35 Jahre,35337
2011,Hessen,m,21 bis unter 22 Jahre,35421
2011,Hessen,m,52 bis unter 53 Jahre,46730
2011,Hessen,m,65 bis unter 66 Jahre,27984
2011,Hessen,m,61 bis unter 62 Jahre,37253
2011,Hessen,m,74 bis unter 75 Jahre,28157
2011,Hessen,m,8 bis unter 9 Jahre,27458
2011,Hessen,m,39 bis unter 40 Jahre,38713
2011,Hessen,m,26 bis unter 27 Jahre,35063
2011,Hessen,m,13 bis unter 14 Jahre,31009
2011,Hessen,m,unter 1 Jahr,26193
2011,Hessen,m,57 bis unter 58 Jahre,38667
2011,Hessen,m,31 bis unter 32 Jahre,37307
2011,Hessen,m,75 bis unter 80 Jahre,105185
2011,Hessen,m,44 bis unter 45 Jahre,52100
2011,Hessen,m,9 bis unter 10 Jahre,28308
2011,Hessen,m,62 bis unter 63 Jahre,37233
2011,Hessen,m,14 bis unter 15 Jahre,32206
2011,Hessen,m,27 bis unter 28 Jahre,35462
2011,Hessen,m,1 bis unter 2 Jahre,26517
2011,Hessen,m,58 bis unter 59 Jahre,36693
2011,Hessen,m,45 bis unter 46 Jahre,53667
2011,Hessen,m,32 bis unter 33 Jahre,36141
2011,Hessen,m,63 bis unter 64 Jahre,35264
2011,Hessen,m,90 Jahre und mehr,9949
2011,Hessen,m,72 bis unter 73 Jahre,34238
2011,Hessen,m,19 bis unter 20 Jahre,32566
2011,Hessen,m,6 bis unter 7 Jahre,27315
2011,Hessen,m,37 bis unter 38 Jahre,35815
2011,Hessen,m,24 bis unter 25 Jahre,36153
2011,Hessen,m,68 bis unter 69 Jahre,30462
2011,Hessen,m,11 bis unter 12 Jahre,29985
2011,Hessen,m,55 bis unter 56 Jahre,41679
2011,Hessen,m,42 bis unter 43 Jahre,48680
2011,Hessen,m,73 bis unter 74 Jahre,30814
2011,Hessen,m,7 bis unter 8 Jahre,27705
2011,Hessen,m,60 bis unter 61 Jahre,36305
2011,Hessen,m,38 bis unter 39 Jahre,36197
2011,Hessen,m,12 bis unter 13 Jahre,30123
2011,Hessen,m,25 bis unter 26 Jahre,35860
2011,Hessen,m,56 bis unter 57 Jahre,39676
2011,Hessen,m,69 bis unter 70 Jahre,28534
2011,Hessen,m,43 bis unter 44 Jahre,51238
2011,Hessen,m,30 bis unter 31 Jahre,37058
2011,Hessen,f,46 bis unter 47 Jahre,52240
2011,Hessen,f,2 bis unter 3 Jahre,24936
2011,Hessen,f,59 bis unter 60 Jahre,38975
2011,Hessen,f,15 bis unter 16 Jahre,30072
2011,Hessen,f,90 Jahre und mehr,34800
2011,Hessen,f,28 bis unter 29 Jahre,36023
2011,Hessen,f,50 bis unter 51 Jahre,49316
2011,Hessen,f,63 bis unter 64 Jahre,36452
2011,Hessen,f,32 bis unter 33 Jahre,37186
2011,Hessen,f,34 bis unter 35 Jahre,36776
2011,Hessen,f,47 bis unter 48 Jahre,52633
2011,Hessen,f,16 bis unter 17 Jahre,29273
2011,Hessen,f,3 bis unter 4 Jahre,25737
2011,Hessen,f,29 bis unter 30 Jahre,37837
2011,Hessen,f,51 bis unter 52 Jahre,47522
2011,Hessen,f,64 bis unter 65 Jahre,34326
2011,Hessen,f,33 bis unter 34 Jahre,36967
2011,Hessen,f,20 bis unter 21 Jahre,32584
2011,Hessen,f,unter 1 Jahr,24979
2011,Hessen,f,57 bis unter 58 Jahre,39918
2011,Hessen,f,13 bis unter 14 Jahre,29255
2011,Hessen,f,39 bis unter 40 Jahre,39373
2011,Hessen,f,26 bis unter 27 Jahre,34673
2011,Hessen,f,61 bis unter 62 Jahre,39238
2011,Hessen,f,8 bis unter 9 Jahre,26314
2011,Hessen,f,80 bis unter 85 Jahre,101252
2011,Hessen,f,74 bis unter 75 Jahre,33100
2011,Hessen,f,30 bis unter 31 Jahre,38197
2011,Hessen,f,56 bis unter 57 Jahre,40440
2011,Hessen,f,43 bis unter 44 Jahre,49848
2011,Hessen,f,58 bis unter 59 Jahre,38563
2011,Hessen,f,45 bis unter 46 Jahre,52107
2011,Hessen,f,14 bis unter 15 Jahre,30458
2011,Hessen,f,1 bis unter 2 Jahre,25549
2011,Hessen,f,27 bis unter 28 Jahre,35785
2011,Hessen,f,9 bis unter 10 Jahre,26515
2011,Hessen,f,62 bis unter 63 Jahre,38985
2011,Hessen,f,31 bis unter 32 Jahre,38372
2011,Hessen,f,44 bis unter 45 Jahre,51061
2011,Hessen,f,11 bis unter 12 Jahre,28546
2011,Hessen,f,68 bis unter 69 Jahre,32264
2011,Hessen,f,37 bis unter 38 Jahre,36272
2011,Hessen,f,24 bis unter 25 Jahre,35603
2011,Hessen,f,6 bis unter 7 Jahre,25933
2011,Hessen,f,72 bis unter 73 Jahre,38911
2011,Hessen,f,19 bis unter 20 Jahre,31392
2011,Hessen,f,54 bis unter 55 Jahre,43078
2011,Hessen,f,75 bis unter 80 Jahre,132774
2011,Hessen,f,41 bis unter 42 Jahre,44461
2011,Hessen,f,10 bis unter 11 Jahre,27134
2011,Hessen,f,67 bis unter 68 Jahre,32700
2011,Hessen,f,12 bis unter 13 Jahre,28443
2011,Hessen,f,69 bis unter 70 Jahre,30778
2011,Hessen,f,25 bis unter 26 Jahre,35766
2011,Hessen,f,38 bis unter 39 Jahre,36594
2011,Hessen,f,73 bis unter 74 Jahre,35515
2011,Hessen,f,85 bis unter 90 Jahre,71443
2011,Hessen,f,7 bis unter 8 Jahre,26334
2011,Hessen,f,60 bis unter 61 Jahre,38439
2011,Hessen,f,42 bis unter 43 Jahre,47790
2011,Hessen,f,55 bis unter 56 Jahre,41823
2011,Hessen,f,35 bis unter 36 Jahre,36888
2011,Hessen,f,22 bis unter 23 Jahre,34953
2011,Hessen,f,48 bis unter 49 Jahre,52014
2011,Hessen,f,4 bis unter 5 Jahre,25749
2011,Hessen,f,17 bis unter 18 Jahre,29968
2011,Hessen,f,70 bis unter 71 Jahre,37096
2011,Hessen,f,52 bis unter 53 Jahre,46352
2011,Hessen,f,65 bis unter 66 Jahre,29372
2011,Hessen,f,21 bis unter 22 Jahre,34661
2011,Hessen,f,23 bis unter 24 Jahre,36092
2011,Hessen,f,36 bis unter 37 Jahre,35606
2011,Hessen,f,49 bis unter 50 Jahre,50115
2011,Hessen,f,18 bis unter 19 Jahre,30986
2011,Hessen,f,71 bis unter 72 Jahre,39957
2011,Hessen,f,5 bis unter 6 Jahre,25365
2011,Hessen,f,40 bis unter 41 Jahre,42740
2011,Hessen,f,53 bis unter 54 Jahre,44007
2011,Hessen,f,66 bis unter 67 Jahre,24592
2011,Bremen,m,13 bis unter 14 Jahre,3038
2011,Bremen,m,unter 1 Jahr,2689
2011,Bremen,m,57 bis unter 58 Jahre,4006
2011,Bremen,m,39 bis unter 40 Jahre,4096
2011,Bremen,m,26 bis unter 27 Jahre,4592
2011,Bremen,m,74 bis unter 75 Jahre,3213
2011,Bremen,m,61 bis unter 62 Jahre,3851
2011,Bremen,m,8 bis unter 9 Jahre,2663
2011,Bremen,m,43 bis unter 44 Jahre,5251
2011,Bremen,m,30 bis unter 31 Jahre,4639
2011,Bremen,m,25 bis unter 26 Jahre,4875
2011,Bremen,m,12 bis unter 13 Jahre,2893
2011,Bremen,m,69 bis unter 70 Jahre,3442
2011,Bremen,m,56 bis unter 57 Jahre,4107
2011,Bremen,m,38 bis unter 39 Jahre,3903
2011,Bremen,m,73 bis unter 74 Jahre,3563
2011,Bremen,m,60 bis unter 61 Jahre,3881
2011,Bremen,m,7 bis unter 8 Jahre,2682
2011,Bremen,m,55 bis unter 56 Jahre,4236
2011,Bremen,m,42 bis unter 43 Jahre,4954
2011,Bremen,m,24 bis unter 25 Jahre,4677
2011,Bremen,m,11 bis unter 12 Jahre,2971
2011,Bremen,m,68 bis unter 69 Jahre,3630
2011,Bremen,m,6 bis unter 7 Jahre,2759
2011,Bremen,m,37 bis unter 38 Jahre,3882
2011,Bremen,m,72 bis unter 73 Jahre,3739
2011,Bremen,m,19 bis unter 20 Jahre,3571
2011,Bremen,m,67 bis unter 68 Jahre,3442
2011,Bremen,m,54 bis unter 55 Jahre,4469
2011,Bremen,m,41 bis unter 42 Jahre,4628
2011,Bremen,m,36 bis unter 37 Jahre,3878
2011,Bremen,m,23 bis unter 24 Jahre,4770
2011,Bremen,m,10 bis unter 11 Jahre,2815
2011,Bremen,m,5 bis unter 6 Jahre,2790
2011,Bremen,m,49 bis unter 50 Jahre,5147
2011,Bremen,m,71 bis unter 72 Jahre,4098
2011,Bremen,m,18 bis unter 19 Jahre,3281
2011,Bremen,m,66 bis unter 67 Jahre,2754
2011,Bremen,m,53 bis unter 54 Jahre,4501
2011,Bremen,m,40 bis unter 41 Jahre,4366
2011,Bremen,m,48 bis unter 49 Jahre,5243
2011,Bremen,m,35 bis unter 36 Jahre,3995
2011,Bremen,m,22 bis unter 23 Jahre,4444
2011,Bremen,m,70 bis unter 71 Jahre,3858
2011,Bremen,m,17 bis unter 18 Jahre,3075
2011,Bremen,m,80 bis unter 85 Jahre,6902
2011,Bremen,m,4 bis unter 5 Jahre,2809
2011,Bremen,m,65 bis unter 66 Jahre,3430
2011,Bremen,m,52 bis unter 53 Jahre,4643
2011,Bremen,m,47 bis unter 48 Jahre,5500
2011,Bremen,m,34 bis unter 35 Jahre,3979
2011,Bremen,m,21 bis unter 22 Jahre,4353
2011,Bremen,m,75 bis unter 80 Jahre,11495
2011,Bremen,m,29 bis unter 30 Jahre,4666
2011,Bremen,m,16 bis unter 17 Jahre,3028
2011,Bremen,m,3 bis unter 4 Jahre,2714
2011,Bremen,m,51 bis unter 52 Jahre,4849
2011,Bremen,m,20 bis unter 21 Jahre,3954
2011,Bremen,m,64 bis unter 65 Jahre,3452
2011,Bremen,m,2 bis unter 3 Jahre,2794
2011,Bremen,m,59 bis unter 60 Jahre,3821
2011,Bremen,m,46 bis unter 47 Jahre,5512
2011,Bremen,m,90 Jahre und mehr,1271
2011,Bremen,m,33 bis unter 34 Jahre,4126
2011,Bremen,m,28 bis unter 29 Jahre,4647
2011,Bremen,m,15 bis unter 16 Jahre,3145
2011,Bremen,m,50 bis unter 51 Jahre,5004
2011,Bremen,m,85 bis unter 90 Jahre,3289
2011,Bremen,m,32 bis unter 33 Jahre,4164
2011,Bremen,m,63 bis unter 64 Jahre,3700
2011,Bremen,m,1 bis unter 2 Jahre,2817
2011,Bremen,m,58 bis unter 59 Jahre,3825
2011,Bremen,m,45 bis unter 46 Jahre,5650
2011,Bremen,m,27 bis unter 28 Jahre,4508
2011,Bremen,m,14 bis unter 15 Jahre,3154
2011,Bremen,m,62 bis unter 63 Jahre,3917
2011,Bremen,m,9 bis unter 10 Jahre,2706
2011,Bremen,m,44 bis unter 45 Jahre,5347
2011,Bremen,m,31 bis unter 32 Jahre,4532
2011,Bremen,f,7 bis unter 8 Jahre,2483
2011,Bremen,f,60 bis unter 61 Jahre,4139
2011,Bremen,f,73 bis unter 74 Jahre,4311
2011,Bremen,f,38 bis unter 39 Jahre,3749
2011,Bremen,f,24 bis unter 25 Jahre,4744
2011,Bremen,f,37 bis unter 38 Jahre,3607
2011,Bremen,f,11 bis unter 12 Jahre,2756
2011,Bremen,f,68 bis unter 69 Jahre,3783
2011,Bremen,f,55 bis unter 56 Jahre,4444
2011,Bremen,f,42 bis unter 43 Jahre,4673
2011,Bremen,f,74 bis unter 75 Jahre,4070
2011,Bremen,f,8 bis unter 9 Jahre,2561
2011,Bremen,f,61 bis unter 62 Jahre,4101
2011,Bremen,f,26 bis unter 27 Jahre,4429
2011,Bremen,f,39 bis unter 40 Jahre,3988
2011,Bremen,f,25 bis unter 26 Jahre,4575
2011,Bremen,f,12 bis unter 13 Jahre,2852
2011,Bremen,f,69 bis unter 70 Jahre,3849
2011,Bremen,f,43 bis unter 44 Jahre,5065
2011,Bremen,f,56 bis unter 57 Jahre,4382
2011,Bremen,f,30 bis unter 31 Jahre,4377
2011,Bremen,f,9 bis unter 10 Jahre,2519
2011,Bremen,f,62 bis unter 63 Jahre,4188
2011,Bremen,f,27 bis unter 28 Jahre,4488
2011,Bremen,f,13 bis unter 14 Jahre,2834
2011,Bremen,f,57 bis unter 58 Jahre,4251
2011,Bremen,f,unter 1 Jahr,2486
2011,Bremen,f,44 bis unter 45 Jahre,5057
2011,Bremen,f,31 bis unter 32 Jahre,4268
2011,Bremen,f,63 bis unter 64 Jahre,3841
2011,Bremen,f,50 bis unter 51 Jahre,4902
2011,Bremen,f,28 bis unter 29 Jahre,4616
2011,Bremen,f,15 bis unter 16 Jahre,2867
2011,Bremen,f,1 bis unter 2 Jahre,2685
2011,Bremen,f,14 bis unter 15 Jahre,2908
2011,Bremen,f,45 bis unter 46 Jahre,5164
2011,Bremen,f,58 bis unter 59 Jahre,4117
2011,Bremen,f,32 bis unter 33 Jahre,3896
2011,Bremen,f,51 bis unter 52 Jahre,4839
2011,Bremen,f,80 bis unter 85 Jahre,12090
2011,Bremen,f,29 bis unter 30 Jahre,4622
2011,Bremen,f,3 bis unter 4 Jahre,2685
2011,Bremen,f,16 bis unter 17 Jahre,2971
2011,Bremen,f,59 bis unter 60 Jahre,4192
2011,Bremen,f,2 bis unter 3 Jahre,2610
2011,Bremen,f,46 bis unter 47 Jahre,5239
2011,Bremen,f,20 bis unter 21 Jahre,3966
2011,Bremen,f,33 bis unter 34 Jahre,3820
2011,Bremen,f,64 bis unter 65 Jahre,3801
2011,Bremen,f,52 bis unter 53 Jahre,4801
2011,Bremen,f,17 bis unter 18 Jahre,2884
2011,Bremen,f,70 bis unter 71 Jahre,4381
2011,Bremen,f,4 bis unter 5 Jahre,2730
2011,Bremen,f,47 bis unter 48 Jahre,5158
2011,Bremen,f,34 bis unter 35 Jahre,3915
2011,Bremen,f,21 bis unter 22 Jahre,4415
2011,Bremen,f,65 bis unter 66 Jahre,3679
2011,Bremen,f,40 bis unter 41 Jahre,4260
2011,Bremen,f,5 bis unter 6 Jahre,2541
2011,Bremen,f,18 bis unter 19 Jahre,3154
2011,Bremen,f,71 bis unter 72 Jahre,4483
2011,Bremen,f,75 bis unter 80 Jahre,16077
2011,Bremen,f,49 bis unter 50 Jahre,5163
2011,Bremen,f,48 bis unter 49 Jahre,5216
2011,Bremen,f,22 bis unter 23 Jahre,4669
2011,Bremen,f,35 bis unter 36 Jahre,3792
2011,Bremen,f,66 bis unter 67 Jahre,2988
2011,Bremen,f,53 bis unter 54 Jahre,4618
2011,Bremen,f,19 bis unter 20 Jahre,3420
2011,Bremen,f,72 bis unter 73 Jahre,4470
2011,Bremen,f,85 bis unter 90 Jahre,8423
2011,Bremen,f,6 bis unter 7 Jahre,2473
2011,Bremen,f,36 bis unter 37 Jahre,3739
2011,Bremen,f,90 Jahre und mehr,4603
2011,Bremen,f,23 bis unter 24 Jahre,4904
2011,Bremen,f,10 bis unter 11 Jahre,2668
2011,Bremen,f,67 bis unter 68 Jahre,3692
2011,Bremen,f,41 bis unter 42 Jahre,4328
2011,Bremen,f,54 bis unter 55 Jahre,4618
2011,Rheinland-Pfalz,m,32 bis unter 33 Jahre,21767
2011,Rheinland-Pfalz,m,45 bis unter 46 Jahre,35318
2011,Rheinland-Pfalz,m,50 bis unter 51 Jahre,35252
2011,Rheinland-Pfalz,m,63 bis unter 64 Jahre,22594
2011,Rheinland-Pfalz,m,28 bis unter 29 Jahre,22651
2011,Rheinland-Pfalz,m,59 bis unter 60 Jahre,27347
2011,Rheinland-Pfalz,m,2 bis unter 3 Jahre,16182
2011,Rheinland-Pfalz,m,15 bis unter 16 Jahre,21988
2011,Rheinland-Pfalz,m,85 bis unter 90 Jahre,20626
2011,Rheinland-Pfalz,m,31 bis unter 32 Jahre,22407
2011,Rheinland-Pfalz,m,44 bis unter 45 Jahre,33401
2011,Rheinland-Pfalz,m,57 bis unter 58 Jahre,28210
2011,Rheinland-Pfalz,m,unter 1 Jahr,15921
2011,Rheinland-Pfalz,m,9 bis unter 10 Jahre,18328
2011,Rheinland-Pfalz,m,62 bis unter 63 Jahre,26167
2011,Rheinland-Pfalz,m,58 bis unter 59 Jahre,27295
2011,Rheinland-Pfalz,m,1 bis unter 2 Jahre,16514
2011,Rheinland-Pfalz,m,14 bis unter 15 Jahre,22255
2011,Rheinland-Pfalz,m,75 bis unter 80 Jahre,75088
2011,Rheinland-Pfalz,m,27 bis unter 28 Jahre,22813
2011,Rheinland-Pfalz,m,21 bis unter 22 Jahre,25328
2011,Rheinland-Pfalz,m,34 bis unter 35 Jahre,21064
2011,Rheinland-Pfalz,m,52 bis unter 53 Jahre,33238
2011,Rheinland-Pfalz,m,65 bis unter 66 Jahre,17766
2011,Rheinland-Pfalz,m,17 bis unter 18 Jahre,22179
2011,Rheinland-Pfalz,m,70 bis unter 71 Jahre,22589
2011,Rheinland-Pfalz,m,90 Jahre und mehr,6215
2011,Rheinland-Pfalz,m,35 bis unter 36 Jahre,21058
2011,Rheinland-Pfalz,m,48 bis unter 49 Jahre,36623
2011,Rheinland-Pfalz,m,4 bis unter 5 Jahre,17116
2011,Rheinland-Pfalz,m,20 bis unter 21 Jahre,24121
2011,Rheinland-Pfalz,m,33 bis unter 34 Jahre,21394
2011,Rheinland-Pfalz,m,46 bis unter 47 Jahre,35327
2011,Rheinland-Pfalz,m,51 bis unter 52 Jahre,33865
2011,Rheinland-Pfalz,m,64 bis unter 65 Jahre,19910
2011,Rheinland-Pfalz,m,16 bis unter 17 Jahre,21416
2011,Rheinland-Pfalz,m,29 bis unter 30 Jahre,23364
2011,Rheinland-Pfalz,m,47 bis unter 48 Jahre,36380
2011,Rheinland-Pfalz,m,3 bis unter 4 Jahre,17011
2011,Rheinland-Pfalz,m,54 bis unter 55 Jahre,31198
2011,Rheinland-Pfalz,m,67 bis unter 68 Jahre,19177
2011,Rheinland-Pfalz,m,10 bis unter 11 Jahre,19101
2011,Rheinland-Pfalz,m,23 bis unter 24 Jahre,25315
2011,Rheinland-Pfalz,m,41 bis unter 42 Jahre,27818
2011,Rheinland-Pfalz,m,6 bis unter 7 Jahre,17102
2011,Rheinland-Pfalz,m,19 bis unter 20 Jahre,23430
2011,Rheinland-Pfalz,m,72 bis unter 73 Jahre,23609
2011,Rheinland-Pfalz,m,24 bis unter 25 Jahre,24260
2011,Rheinland-Pfalz,m,37 bis unter 38 Jahre,20964
2011,Rheinland-Pfalz,m,66 bis unter 67 Jahre,14583
2011,Rheinland-Pfalz,m,22 bis unter 23 Jahre,24582
2011,Rheinland-Pfalz,m,40 bis unter 41 Jahre,26373
2011,Rheinland-Pfalz,m,53 bis unter 54 Jahre,31259
2011,Rheinland-Pfalz,m,80 bis unter 85 Jahre,47336
2011,Rheinland-Pfalz,m,5 bis unter 6 Jahre,16754
2011,Rheinland-Pfalz,m,18 bis unter 19 Jahre,23543
2011,Rheinland-Pfalz,m,71 bis unter 72 Jahre,23964
2011,Rheinland-Pfalz,m,36 bis unter 37 Jahre,20769
2011,Rheinland-Pfalz,m,49 bis unter 50 Jahre,35313
2011,Rheinland-Pfalz,m,43 bis unter 44 Jahre,32586
2011,Rheinland-Pfalz,m,56 bis unter 57 Jahre,28712
2011,Rheinland-Pfalz,m,69 bis unter 70 Jahre,18539
2011,Rheinland-Pfalz,m,61 bis unter 62 Jahre,27096
2011,Rheinland-Pfalz,m,74 bis unter 75 Jahre,19834
2011,Rheinland-Pfalz,m,30 bis unter 31 Jahre,23128
2011,Rheinland-Pfalz,m,39 bis unter 40 Jahre,23608
2011,Rheinland-Pfalz,m,8 bis unter 9 Jahre,17965
2011,Rheinland-Pfalz,m,13 bis unter 14 Jahre,21128
2011,Rheinland-Pfalz,m,26 bis unter 27 Jahre,22825
2011,Rheinland-Pfalz,m,55 bis unter 56 Jahre,29799
2011,Rheinland-Pfalz,m,68 bis unter 69 Jahre,19039
2011,Rheinland-Pfalz,m,11 bis unter 12 Jahre,20106
2011,Rheinland-Pfalz,m,73 bis unter 74 Jahre,21628
2011,Rheinland-Pfalz,m,42 bis unter 43 Jahre,30555
2011,Rheinland-Pfalz,m,7 bis unter 8 Jahre,17791
2011,Rheinland-Pfalz,m,60 bis unter 61 Jahre,26709
2011,Rheinland-Pfalz,m,12 bis unter 13 Jahre,20241
2011,Rheinland-Pfalz,m,25 bis unter 26 Jahre,24063
2011,Rheinland-Pfalz,m,38 bis unter 39 Jahre,21734
2011,Rheinland-Pfalz,f,39 bis unter 40 Jahre,24436
2011,Rheinland-Pfalz,f,26 bis unter 27 Jahre,21730
2011,Rheinland-Pfalz,f,13 bis unter 14 Jahre,20339
2011,Rheinland-Pfalz,f,unter 1 Jahr,15154
2011,Rheinland-Pfalz,f,57 bis unter 58 Jahre,28527
2011,Rheinland-Pfalz,f,44 bis unter 45 Jahre,33479
2011,Rheinland-Pfalz,f,31 bis unter 32 Jahre,22862
2011,Rheinland-Pfalz,f,62 bis unter 63 Jahre,26656
2011,Rheinland-Pfalz,f,9 bis unter 10 Jahre,17430
2011,Rheinland-Pfalz,f,85 bis unter 90 Jahre,50562
2011,Rheinland-Pfalz,f,27 bis unter 28 Jahre,21993
2011,Rheinland-Pfalz,f,14 bis unter 15 Jahre,21187
2011,Rheinland-Pfalz,f,1 bis unter 2 Jahre,15583
2011,Rheinland-Pfalz,f,58 bis unter 59 Jahre,27805
2011,Rheinland-Pfalz,f,45 bis unter 46 Jahre,34452
2011,Rheinland-Pfalz,f,32 bis unter 33 Jahre,21770
2011,Rheinland-Pfalz,f,63 bis unter 64 Jahre,22908
2011,Rheinland-Pfalz,f,50 bis unter 51 Jahre,34841
2011,Rheinland-Pfalz,f,28 bis unter 29 Jahre,21887
2011,Rheinland-Pfalz,f,37 bis unter 38 Jahre,21700
2011,Rheinland-Pfalz,f,24 bis unter 25 Jahre,23600
2011,Rheinland-Pfalz,f,68 bis unter 69 Jahre,20325
2011,Rheinland-Pfalz,f,11 bis unter 12 Jahre,19143
2011,Rheinland-Pfalz,f,55 bis unter 56 Jahre,29695
2011,Rheinland-Pfalz,f,42 bis unter 43 Jahre,30480
2011,Rheinland-Pfalz,f,73 bis unter 74 Jahre,24907
2011,Rheinland-Pfalz,f,60 bis unter 61 Jahre,26940
2011,Rheinland-Pfalz,f,7 bis unter 8 Jahre,16538
2011,Rheinland-Pfalz,f,38 bis unter 39 Jahre,22217
2011,Rheinland-Pfalz,f,25 bis unter 26 Jahre,23261
2011,Rheinland-Pfalz,f,69 bis unter 70 Jahre,19856
2011,Rheinland-Pfalz,f,12 bis unter 13 Jahre,19503
2011,Rheinland-Pfalz,f,56 bis unter 57 Jahre,28936
2011,Rheinland-Pfalz,f,43 bis unter 44 Jahre,32205
2011,Rheinland-Pfalz,f,30 bis unter 31 Jahre,23006
2011,Rheinland-Pfalz,f,74 bis unter 75 Jahre,23332
2011,Rheinland-Pfalz,f,61 bis unter 62 Jahre,27250
2011,Rheinland-Pfalz,f,8 bis unter 9 Jahre,17038
2011,Rheinland-Pfalz,f,4 bis unter 5 Jahre,16080
2011,Rheinland-Pfalz,f,48 bis unter 49 Jahre,35490
2011,Rheinland-Pfalz,f,35 bis unter 36 Jahre,21333
2011,Rheinland-Pfalz,f,90 Jahre und mehr,22802
2011,Rheinland-Pfalz,f,22 bis unter 23 Jahre,23585
2011,Rheinland-Pfalz,f,66 bis unter 67 Jahre,15630
2011,Rheinland-Pfalz,f,53 bis unter 54 Jahre,31161
2011,Rheinland-Pfalz,f,40 bis unter 41 Jahre,26741
2011,Rheinland-Pfalz,f,18 bis unter 19 Jahre,21961
2011,Rheinland-Pfalz,f,71 bis unter 72 Jahre,27471
2011,Rheinland-Pfalz,f,5 bis unter 6 Jahre,15677
2011,Rheinland-Pfalz,f,49 bis unter 50 Jahre,34973
2011,Rheinland-Pfalz,f,36 bis unter 37 Jahre,21188
2011,Rheinland-Pfalz,f,23 bis unter 24 Jahre,24243
2011,Rheinland-Pfalz,f,67 bis unter 68 Jahre,20476
2011,Rheinland-Pfalz,f,10 bis unter 11 Jahre,17943
2011,Rheinland-Pfalz,f,54 bis unter 55 Jahre,30759
2011,Rheinland-Pfalz,f,41 bis unter 42 Jahre,28069
2011,Rheinland-Pfalz,f,19 bis unter 20 Jahre,22593
2011,Rheinland-Pfalz,f,72 bis unter 73 Jahre,26693
2011,Rheinland-Pfalz,f,6 bis unter 7 Jahre,16201
2011,Rheinland-Pfalz,f,15 bis unter 16 Jahre,20668
2011,Rheinland-Pfalz,f,2 bis unter 3 Jahre,15337
2011,Rheinland-Pfalz,f,59 bis unter 60 Jahre,27483
2011,Rheinland-Pfalz,f,46 bis unter 47 Jahre,34752
2011,Rheinland-Pfalz,f,80 bis unter 85 Jahre,73745
2011,Rheinland-Pfalz,f,33 bis unter 34 Jahre,21616
2011,Rheinland-Pfalz,f,20 bis unter 21 Jahre,22963
2011,Rheinland-Pfalz,f,64 bis unter 65 Jahre,20509
2011,Rheinland-Pfalz,f,51 bis unter 52 Jahre,34067
2011,Rheinland-Pfalz,f,29 bis unter 30 Jahre,22759
2011,Rheinland-Pfalz,f,16 bis unter 17 Jahre,20526
2011,Rheinland-Pfalz,f,3 bis unter 4 Jahre,16006
2011,Rheinland-Pfalz,f,47 bis unter 48 Jahre,35560
2011,Rheinland-Pfalz,f,34 bis unter 35 Jahre,21748
2011,Rheinland-Pfalz,f,21 bis unter 22 Jahre,24040
2011,Rheinland-Pfalz,f,75 bis unter 80 Jahre,94942
2011,Rheinland-Pfalz,f,65 bis unter 66 Jahre,18327
2011,Rheinland-Pfalz,f,52 bis unter 53 Jahre,32657
2011,Rheinland-Pfalz,f,70 bis unter 71 Jahre,25047
2011,Rheinland-Pfalz,f,17 bis unter 18 Jahre,21055
2011,Niedersachsen,m,20 bis unter 21 Jahre,45460
2011,Niedersachsen,m,46 bis unter 47 Jahre,69663
2011,Niedersachsen,m,33 bis unter 34 Jahre,41588
2011,Niedersachsen,m,51 bis unter 52 Jahre,63173
2011,Niedersachsen,m,64 bis unter 65 Jahre,41108
2011,Niedersachsen,m,28 bis unter 29 Jahre,42219
2011,Niedersachsen,m,2 bis unter 3 Jahre,32642
2011,Niedersachsen,m,59 bis unter 60 Jahre,49518
2011,Niedersachsen,m,80 bis unter 85 Jahre,87581
2011,Niedersachsen,m,15 bis unter 16 Jahre,44913
2011,Niedersachsen,m,65 bis unter 66 Jahre,38266
2011,Niedersachsen,m,34 bis unter 35 Jahre,41594
2011,Niedersachsen,m,21 bis unter 22 Jahre,47098
2011,Niedersachsen,m,52 bis unter 53 Jahre,61455
2011,Niedersachsen,m,29 bis unter 30 Jahre,43104
2011,Niedersachsen,m,16 bis unter 17 Jahre,43529
2011,Niedersachsen,m,47 bis unter 48 Jahre,69748
2011,Niedersachsen,m,3 bis unter 4 Jahre,33775
2011,Niedersachsen,m,66 bis unter 67 Jahre,30179
2011,Niedersachsen,m,22 bis unter 23 Jahre,45599
2011,Niedersachsen,m,53 bis unter 54 Jahre,57878
2011,Niedersachsen,m,40 bis unter 41 Jahre,53487
2011,Niedersachsen,m,70 bis unter 71 Jahre,47920
2011,Niedersachsen,m,17 bis unter 18 Jahre,44358
2011,Niedersachsen,m,48 bis unter 49 Jahre,69143
2011,Niedersachsen,m,35 bis unter 36 Jahre,42008
2011,Niedersachsen,m,4 bis unter 5 Jahre,34319
2011,Niedersachsen,m,75 bis unter 80 Jahre,143581
2011,Niedersachsen,m,67 bis unter 68 Jahre,39777
2011,Niedersachsen,m,54 bis unter 55 Jahre,56601
2011,Niedersachsen,m,23 bis unter 24 Jahre,46709
2011,Niedersachsen,m,10 bis unter 11 Jahre,39667
2011,Niedersachsen,m,41 bis unter 42 Jahre,56705
2011,Niedersachsen,m,5 bis unter 6 Jahre,34216
2011,Niedersachsen,m,71 bis unter 72 Jahre,49099
2011,Niedersachsen,m,18 bis unter 19 Jahre,45661
2011,Niedersachsen,m,36 bis unter 37 Jahre,41617
2011,Niedersachsen,m,85 bis unter 90 Jahre,39028
2011,Niedersachsen,m,49 bis unter 50 Jahre,66526
2011,Niedersachsen,m,55 bis unter 56 Jahre,54504
2011,Niedersachsen,m,42 bis unter 43 Jahre,62127
2011,Niedersachsen,m,11 bis unter 12 Jahre,41996
2011,Niedersachsen,m,68 bis unter 69 Jahre,41429
2011,Niedersachsen,m,73 bis unter 74 Jahre,44474
2011,Niedersachsen,m,6 bis unter 7 Jahre,34949
2011,Niedersachsen,m,72 bis unter 73 Jahre,47438
2011,Niedersachsen,m,19 bis unter 20 Jahre,44874
2011,Niedersachsen,m,24 bis unter 25 Jahre,45514
2011,Niedersachsen,m,37 bis unter 38 Jahre,42757
2011,Niedersachsen,m,43 bis unter 44 Jahre,65906
2011,Niedersachsen,m,69 bis unter 70 Jahre,40014
2011,Niedersachsen,m,56 bis unter 57 Jahre,52424
2011,Niedersachsen,m,74 bis unter 75 Jahre,40124
2011,Niedersachsen,m,61 bis unter 62 Jahre,49519
2011,Niedersachsen,m,30 bis unter 31 Jahre,43023
2011,Niedersachsen,m,60 bis unter 61 Jahre,49109
2011,Niedersachsen,m,7 bis unter 8 Jahre,36390
2011,Niedersachsen,m,25 bis unter 26 Jahre,44401
2011,Niedersachsen,m,12 bis unter 13 Jahre,42380
2011,Niedersachsen,m,38 bis unter 39 Jahre,43906
2011,Niedersachsen,m,31 bis unter 32 Jahre,43043
2011,Niedersachsen,m,57 bis unter 58 Jahre,50685
2011,Niedersachsen,m,44 bis unter 45 Jahre,67881
2011,Niedersachsen,m,62 bis unter 63 Jahre,49178
2011,Niedersachsen,m,9 bis unter 10 Jahre,38328
2011,Niedersachsen,m,90 Jahre und mehr,12742
2011,Niedersachsen,m,39 bis unter 40 Jahre,48627
2011,Niedersachsen,m,8 bis unter 9 Jahre,36645
2011,Niedersachsen,m,13 bis unter 14 Jahre,43727
2011,Niedersachsen,m,unter 1 Jahr,31182
2011,Niedersachsen,m,26 bis unter 27 Jahre,41955
2011,Niedersachsen,m,32 bis unter 33 Jahre,41597
2011,Niedersachsen,m,45 bis unter 46 Jahre,69901
2011,Niedersachsen,m,50 bis unter 51 Jahre,65987
2011,Niedersachsen,m,63 bis unter 64 Jahre,45477
2011,Niedersachsen,m,1 bis unter 2 Jahre,32680
2011,Niedersachsen,m,58 bis unter 59 Jahre,48963
2011,Niedersachsen,m,27 bis unter 28 Jahre,42049
2011,Niedersachsen,m,14 bis unter 15 Jahre,45467
2011,Niedersachsen,f,62 bis unter 63 Jahre,49716
2011,Niedersachsen,f,9 bis unter 10 Jahre,36381
2011,Niedersachsen,f,31 bis unter 32 Jahre,43768
2011,Niedersachsen,f,32 bis unter 33 Jahre,42187
2011,Niedersachsen,f,45 bis unter 46 Jahre,68573
2011,Niedersachsen,f,58 bis unter 59 Jahre,50362
2011,Niedersachsen,f,80 bis unter 85 Jahre,139905
2011,Niedersachsen,f,1 bis unter 2 Jahre,30941
2011,Niedersachsen,f,14 bis unter 15 Jahre,43622
2011,Niedersachsen,f,27 bis unter 28 Jahre,40309
2011,Niedersachsen,f,61 bis unter 62 Jahre,50060
2011,Niedersachsen,f,8 bis unter 9 Jahre,35101
2011,Niedersachsen,f,74 bis unter 75 Jahre,46539
2011,Niedersachsen,f,30 bis unter 31 Jahre,43120
2011,Niedersachsen,f,44 bis unter 45 Jahre,67387
2011,Niedersachsen,f,unter 1 Jahr,29641
2011,Niedersachsen,f,57 bis unter 58 Jahre,52083
2011,Niedersachsen,f,13 bis unter 14 Jahre,41754
2011,Niedersachsen,f,26 bis unter 27 Jahre,41006
2011,Niedersachsen,f,39 bis unter 40 Jahre,48902
2011,Niedersachsen,f,29 bis unter 30 Jahre,42641
2011,Niedersachsen,f,51 bis unter 52 Jahre,62420
2011,Niedersachsen,f,64 bis unter 65 Jahre,42545
2011,Niedersachsen,f,21 bis unter 22 Jahre,44066
2011,Niedersachsen,f,34 bis unter 35 Jahre,42019
2011,Niedersachsen,f,47 bis unter 48 Jahre,68656
2011,Niedersachsen,f,75 bis unter 80 Jahre,184387
2011,Niedersachsen,f,3 bis unter 4 Jahre,32099
2011,Niedersachsen,f,16 bis unter 17 Jahre,41630
2011,Niedersachsen,f,28 bis unter 29 Jahre,41369
2011,Niedersachsen,f,50 bis unter 51 Jahre,64940
2011,Niedersachsen,f,63 bis unter 64 Jahre,45958
2011,Niedersachsen,f,20 bis unter 21 Jahre,42877
2011,Niedersachsen,f,33 bis unter 34 Jahre,42020
2011,Niedersachsen,f,46 bis unter 47 Jahre,67702
2011,Niedersachsen,f,2 bis unter 3 Jahre,30669
2011,Niedersachsen,f,59 bis unter 60 Jahre,50696
2011,Niedersachsen,f,15 bis unter 16 Jahre,42428
2011,Niedersachsen,f,5 bis unter 6 Jahre,32155
2011,Niedersachsen,f,71 bis unter 72 Jahre,54378
2011,Niedersachsen,f,18 bis unter 19 Jahre,43088
2011,Niedersachsen,f,40 bis unter 41 Jahre,54316
2011,Niedersachsen,f,53 bis unter 54 Jahre,57174
2011,Niedersachsen,f,10 bis unter 11 Jahre,37938
2011,Niedersachsen,f,67 bis unter 68 Jahre,42887
2011,Niedersachsen,f,23 bis unter 24 Jahre,43873
2011,Niedersachsen,f,36 bis unter 37 Jahre,41568
2011,Niedersachsen,f,90 Jahre und mehr,46841
2011,Niedersachsen,f,49 bis unter 50 Jahre,65889
2011,Niedersachsen,f,70 bis unter 71 Jahre,52082
2011,Niedersachsen,f,17 bis unter 18 Jahre,42406
2011,Niedersachsen,f,52 bis unter 53 Jahre,60762
2011,Niedersachsen,f,65 bis unter 66 Jahre,40019
2011,Niedersachsen,f,66 bis unter 67 Jahre,31517
2011,Niedersachsen,f,22 bis unter 23 Jahre,42632
2011,Niedersachsen,f,35 bis unter 36 Jahre,42715
2011,Niedersachsen,f,48 bis unter 49 Jahre,67615
2011,Niedersachsen,f,4 bis unter 5 Jahre,32207
2011,Niedersachsen,f,85 bis unter 90 Jahre,96408
2011,Niedersachsen,f,60 bis unter 61 Jahre,50032
2011,Niedersachsen,f,7 bis unter 8 Jahre,34894
2011,Niedersachsen,f,73 bis unter 74 Jahre,50868
2011,Niedersachsen,f,42 bis unter 43 Jahre,61851
2011,Niedersachsen,f,43 bis unter 44 Jahre,64764
2011,Niedersachsen,f,56 bis unter 57 Jahre,52424
2011,Niedersachsen,f,12 bis unter 13 Jahre,40193
2011,Niedersachsen,f,69 bis unter 70 Jahre,42452
2011,Niedersachsen,f,25 bis unter 26 Jahre,42054
2011,Niedersachsen,f,38 bis unter 39 Jahre,44743
2011,Niedersachsen,f,6 bis unter 7 Jahre,33166
2011,Niedersachsen,f,72 bis unter 73 Jahre,53578
2011,Niedersachsen,f,19 bis unter 20 Jahre,42690
2011,Niedersachsen,f,41 bis unter 42 Jahre,57105
2011,Niedersachsen,f,54 bis unter 55 Jahre,56585
2011,Niedersachsen,f,55 bis unter 56 Jahre,54256
2011,Niedersachsen,f,11 bis unter 12 Jahre,39717
2011,Niedersachsen,f,68 bis unter 69 Jahre,43652
2011,Niedersachsen,f,24 bis unter 25 Jahre,42713
2011,Niedersachsen,f,37 bis unter 38 Jahre,43683
2011,Berlin,m,50 bis unter 51 Jahre,26655
2011,Berlin,m,63 bis unter 64 Jahre,17293
2011,Berlin,m,32 bis unter 33 Jahre,25760
2011,Berlin,m,45 bis unter 46 Jahre,28270
2011,Berlin,m,1 bis unter 2 Jahre,16809
2011,Berlin,m,58 bis unter 59 Jahre,19648
2011,Berlin,m,14 bis unter 15 Jahre,13362
2011,Berlin,m,27 bis unter 28 Jahre,25956
2011,Berlin,m,62 bis unter 63 Jahre,18841
2011,Berlin,m,9 bis unter 10 Jahre,13643
2011,Berlin,m,31 bis unter 32 Jahre,27507
2011,Berlin,m,44 bis unter 45 Jahre,27297
2011,Berlin,m,unter 1 Jahr,16708
2011,Berlin,m,57 bis unter 58 Jahre,19991
2011,Berlin,m,80 bis unter 85 Jahre,28361
2011,Berlin,m,13 bis unter 14 Jahre,13255
2011,Berlin,m,26 bis unter 27 Jahre,25641
2011,Berlin,m,39 bis unter 40 Jahre,21861
2011,Berlin,m,75 bis unter 80 Jahre,53262
2011,Berlin,m,61 bis unter 62 Jahre,19818
2011,Berlin,m,8 bis unter 9 Jahre,13547
2011,Berlin,m,74 bis unter 75 Jahre,14805
2011,Berlin,m,30 bis unter 31 Jahre,27137
2011,Berlin,m,43 bis unter 44 Jahre,27076
2011,Berlin,m,56 bis unter 57 Jahre,20520
2011,Berlin,m,69 bis unter 70 Jahre,18416
2011,Berlin,m,12 bis unter 13 Jahre,13194
2011,Berlin,m,25 bis unter 26 Jahre,25335
2011,Berlin,m,38 bis unter 39 Jahre,20891
2011,Berlin,m,85 bis unter 90 Jahre,11014
2011,Berlin,m,60 bis unter 61 Jahre,19302
2011,Berlin,m,7 bis unter 8 Jahre,14190
2011,Berlin,m,73 bis unter 74 Jahre,16306
2011,Berlin,m,42 bis unter 43 Jahre,25768
2011,Berlin,m,55 bis unter 56 Jahre,20977
2011,Berlin,m,68 bis unter 69 Jahre,19494
2011,Berlin,m,11 bis unter 12 Jahre,13643
2011,Berlin,m,24 bis unter 25 Jahre,24593
2011,Berlin,m,37 bis unter 38 Jahre,21682
2011,Berlin,m,6 bis unter 7 Jahre,14153
2011,Berlin,m,19 bis unter 20 Jahre,14010
2011,Berlin,m,72 bis unter 73 Jahre,17982
2011,Berlin,m,41 bis unter 42 Jahre,24641
2011,Berlin,m,54 bis unter 55 Jahre,21553
2011,Berlin,m,67 bis unter 68 Jahre,18578
2011,Berlin,m,10 bis unter 11 Jahre,13312
2011,Berlin,m,23 bis unter 24 Jahre,23377
2011,Berlin,m,36 bis unter 37 Jahre,22303
2011,Berlin,m,49 bis unter 50 Jahre,28272
2011,Berlin,m,5 bis unter 6 Jahre,14605
2011,Berlin,m,18 bis unter 19 Jahre,13008
2011,Berlin,m,71 bis unter 72 Jahre,19751
2011,Berlin,m,40 bis unter 41 Jahre,24233
2011,Berlin,m,53 bis unter 54 Jahre,22544
2011,Berlin,m,66 bis unter 67 Jahre,14163
2011,Berlin,m,22 bis unter 23 Jahre,21520
2011,Berlin,m,35 bis unter 36 Jahre,23102
2011,Berlin,m,48 bis unter 49 Jahre,29719
2011,Berlin,m,4 bis unter 5 Jahre,15834
2011,Berlin,m,17 bis unter 18 Jahre,12753
2011,Berlin,m,70 bis unter 71 Jahre,20966
2011,Berlin,m,52 bis unter 53 Jahre,24627
2011,Berlin,m,65 bis unter 66 Jahre,12917
2011,Berlin,m,21 bis unter 22 Jahre,20060
2011,Berlin,m,34 bis unter 35 Jahre,24355
2011,Berlin,m,47 bis unter 48 Jahre,29684
2011,Berlin,m,3 bis unter 4 Jahre,16310
2011,Berlin,m,16 bis unter 17 Jahre,12577
2011,Berlin,m,29 bis unter 30 Jahre,27768
2011,Berlin,m,51 bis unter 52 Jahre,25874
2011,Berlin,m,64 bis unter 65 Jahre,16068
2011,Berlin,m,20 bis unter 21 Jahre,15606
2011,Berlin,m,90 Jahre und mehr,4396
2011,Berlin,m,33 bis unter 34 Jahre,25170
2011,Berlin,m,46 bis unter 47 Jahre,29537
2011,Berlin,m,59 bis unter 60 Jahre,18904
2011,Berlin,m,2 bis unter 3 Jahre,16155
2011,Berlin,m,15 bis unter 16 Jahre,12955
2011,Berlin,m,28 bis unter 29 Jahre,26598
2011,Berlin,f,44 bis unter 45 Jahre,25796
2011,Berlin,f,80 bis unter 85 Jahre,47649
2011,Berlin,f,31 bis unter 32 Jahre,27130
2011,Berlin,f,26 bis unter 27 Jahre,27244
2011,Berlin,f,13 bis unter 14 Jahre,12799
2011,Berlin,f,unter 1 Jahr,15794
2011,Berlin,f,57 bis unter 58 Jahre,21154
2011,Berlin,f,39 bis unter 40 Jahre,20811
2011,Berlin,f,74 bis unter 75 Jahre,19021
2011,Berlin,f,8 bis unter 9 Jahre,12924
2011,Berlin,f,61 bis unter 62 Jahre,22425
2011,Berlin,f,45 bis unter 46 Jahre,27200
2011,Berlin,f,32 bis unter 33 Jahre,25435
2011,Berlin,f,14 bis unter 15 Jahre,12716
2011,Berlin,f,1 bis unter 2 Jahre,15991
2011,Berlin,f,58 bis unter 59 Jahre,20955
2011,Berlin,f,27 bis unter 28 Jahre,27203
2011,Berlin,f,9 bis unter 10 Jahre,12792
2011,Berlin,f,62 bis unter 63 Jahre,20707
2011,Berlin,f,33 bis unter 34 Jahre,23991
2011,Berlin,f,20 bis unter 21 Jahre,16392
2011,Berlin,f,2 bis unter 3 Jahre,15553
2011,Berlin,f,59 bis unter 60 Jahre,21021
2011,Berlin,f,46 bis unter 47 Jahre,27896
2011,Berlin,f,28 bis unter 29 Jahre,27270
2011,Berlin,f,15 bis unter 16 Jahre,12536
2011,Berlin,f,63 bis unter 64 Jahre,18880
2011,Berlin,f,85 bis unter 90 Jahre,31926
2011,Berlin,f,50 bis unter 51 Jahre,25992
2011,Berlin,f,21 bis unter 22 Jahre,21111
2011,Berlin,f,65 bis unter 66 Jahre,13443
2011,Berlin,f,3 bis unter 4 Jahre,15214
2011,Berlin,f,47 bis unter 48 Jahre,28593
2011,Berlin,f,34 bis unter 35 Jahre,23331
2011,Berlin,f,29 bis unter 30 Jahre,27636
2011,Berlin,f,16 bis unter 17 Jahre,12146
2011,Berlin,f,75 bis unter 80 Jahre,72196
2011,Berlin,f,64 bis unter 65 Jahre,17674
2011,Berlin,f,51 bis unter 52 Jahre,24549
2011,Berlin,f,22 bis unter 23 Jahre,23098
2011,Berlin,f,66 bis unter 67 Jahre,15702
2011,Berlin,f,53 bis unter 54 Jahre,22044
2011,Berlin,f,48 bis unter 49 Jahre,28446
2011,Berlin,f,35 bis unter 36 Jahre,22411
2011,Berlin,f,17 bis unter 18 Jahre,12051
2011,Berlin,f,70 bis unter 71 Jahre,23798
2011,Berlin,f,4 bis unter 5 Jahre,14775
2011,Berlin,f,52 bis unter 53 Jahre,23785
2011,Berlin,f,10 bis unter 11 Jahre,12900
2011,Berlin,f,67 bis unter 68 Jahre,20545
2011,Berlin,f,54 bis unter 55 Jahre,21277
2011,Berlin,f,49 bis unter 50 Jahre,27101
2011,Berlin,f,36 bis unter 37 Jahre,21204
2011,Berlin,f,23 bis unter 24 Jahre,25301
2011,Berlin,f,18 bis unter 19 Jahre,12691
2011,Berlin,f,71 bis unter 72 Jahre,22854
2011,Berlin,f,5 bis unter 6 Jahre,14192
2011,Berlin,f,40 bis unter 41 Jahre,22834
2011,Berlin,f,68 bis unter 69 Jahre,21570
2011,Berlin,f,55 bis unter 56 Jahre,21044
2011,Berlin,f,42 bis unter 43 Jahre,24221
2011,Berlin,f,37 bis unter 38 Jahre,20524
2011,Berlin,f,24 bis unter 25 Jahre,26432
2011,Berlin,f,11 bis unter 12 Jahre,13061
2011,Berlin,f,6 bis unter 7 Jahre,13405
2011,Berlin,f,41 bis unter 42 Jahre,23204
2011,Berlin,f,19 bis unter 20 Jahre,14027
2011,Berlin,f,72 bis unter 73 Jahre,21551
2011,Berlin,f,56 bis unter 57 Jahre,21076
2011,Berlin,f,43 bis unter 44 Jahre,25596
2011,Berlin,f,30 bis unter 31 Jahre,27740
2011,Berlin,f,25 bis unter 26 Jahre,26964
2011,Berlin,f,12 bis unter 13 Jahre,12745
2011,Berlin,f,69 bis unter 70 Jahre,20461
2011,Berlin,f,7 bis unter 8 Jahre,13545
2011,Berlin,f,60 bis unter 61 Jahre,21394
2011,Berlin,f,38 bis unter 39 Jahre,20140
2011,Berlin,f,73 bis unter 74 Jahre,19830
2011,Berlin,f,90 Jahre und mehr,19599
2011,Sachsen-Anhalt,m,27 bis unter 28 Jahre,14332
2011,Sachsen-Anhalt,m,14 bis unter 15 Jahre,8106
2011,Sachsen-Anhalt,m,1 bis unter 2 Jahre,8687
2011,Sachsen-Anhalt,m,58 bis unter 59 Jahre,18429
2011,Sachsen-Anhalt,m,45 bis unter 46 Jahre,18658
2011,Sachsen-Anhalt,m,44 bis unter 45 Jahre,17865
2011,Sachsen-Anhalt,m,31 bis unter 32 Jahre,14164
2011,Sachsen-Anhalt,m,9 bis unter 10 Jahre,8663
2011,Sachsen-Anhalt,m,62 bis unter 63 Jahre,15045
2011,Sachsen-Anhalt,m,28 bis unter 29 Jahre,14567
2011,Sachsen-Anhalt,m,15 bis unter 16 Jahre,7662
2011,Sachsen-Anhalt,m,2 bis unter 3 Jahre,8770
2011,Sachsen-Anhalt,m,59 bis unter 60 Jahre,18347
2011,Sachsen-Anhalt,m,46 bis unter 47 Jahre,19455
2011,Sachsen-Anhalt,m,32 bis unter 33 Jahre,13552
2011,Sachsen-Anhalt,m,63 bis unter 64 Jahre,12737
2011,Sachsen-Anhalt,m,50 bis unter 51 Jahre,20872
2011,Sachsen-Anhalt,m,85 bis unter 90 Jahre,10452
2011,Sachsen-Anhalt,m,29 bis unter 30 Jahre,14170
2011,Sachsen-Anhalt,m,16 bis unter 17 Jahre,7084
2011,Sachsen-Anhalt,m,3 bis unter 4 Jahre,8984
2011,Sachsen-Anhalt,m,47 bis unter 48 Jahre,20235
2011,Sachsen-Anhalt,m,34 bis unter 35 Jahre,12918
2011,Sachsen-Anhalt,m,33 bis unter 34 Jahre,13498
2011,Sachsen-Anhalt,m,20 bis unter 21 Jahre,9336
2011,Sachsen-Anhalt,m,64 bis unter 65 Jahre,12345
2011,Sachsen-Anhalt,m,75 bis unter 80 Jahre,48039
2011,Sachsen-Anhalt,m,51 bis unter 52 Jahre,20327
2011,Sachsen-Anhalt,m,70 bis unter 71 Jahre,16981
2011,Sachsen-Anhalt,m,17 bis unter 18 Jahre,6883
2011,Sachsen-Anhalt,m,4 bis unter 5 Jahre,8746
2011,Sachsen-Anhalt,m,48 bis unter 49 Jahre,21116
2011,Sachsen-Anhalt,m,80 bis unter 85 Jahre,27245
2011,Sachsen-Anhalt,m,35 bis unter 36 Jahre,11587
2011,Sachsen-Anhalt,m,22 bis unter 23 Jahre,14766
2011,Sachsen-Anhalt,m,21 bis unter 22 Jahre,14380
2011,Sachsen-Anhalt,m,90 Jahre und mehr,3197
2011,Sachsen-Anhalt,m,65 bis unter 66 Jahre,10037
2011,Sachsen-Anhalt,m,52 bis unter 53 Jahre,19667
2011,Sachsen-Anhalt,m,18 bis unter 19 Jahre,6977
2011,Sachsen-Anhalt,m,5 bis unter 6 Jahre,8603
2011,Sachsen-Anhalt,m,49 bis unter 50 Jahre,20653
2011,Sachsen-Anhalt,m,36 bis unter 37 Jahre,11073
2011,Sachsen-Anhalt,m,23 bis unter 24 Jahre,15498
2011,Sachsen-Anhalt,m,10 bis unter 11 Jahre,8707
2011,Sachsen-Anhalt,m,66 bis unter 67 Jahre,9953
2011,Sachsen-Anhalt,m,53 bis unter 54 Jahre,18597
2011,Sachsen-Anhalt,m,40 bis unter 41 Jahre,16231
2011,Sachsen-Anhalt,m,71 bis unter 72 Jahre,17245
2011,Sachsen-Anhalt,m,6 bis unter 7 Jahre,8372
2011,Sachsen-Anhalt,m,37 bis unter 38 Jahre,11229
2011,Sachsen-Anhalt,m,24 bis unter 25 Jahre,15304
2011,Sachsen-Anhalt,m,68 bis unter 69 Jahre,14309
2011,Sachsen-Anhalt,m,11 bis unter 12 Jahre,8983
2011,Sachsen-Anhalt,m,67 bis unter 68 Jahre,13888
2011,Sachsen-Anhalt,m,54 bis unter 55 Jahre,18198
2011,Sachsen-Anhalt,m,41 bis unter 42 Jahre,16025
2011,Sachsen-Anhalt,m,72 bis unter 73 Jahre,16331
2011,Sachsen-Anhalt,m,19 bis unter 20 Jahre,7906
2011,Sachsen-Anhalt,m,38 bis unter 39 Jahre,11911
2011,Sachsen-Anhalt,m,25 bis unter 26 Jahre,14815
2011,Sachsen-Anhalt,m,69 bis unter 70 Jahre,13875
2011,Sachsen-Anhalt,m,12 bis unter 13 Jahre,8637
2011,Sachsen-Anhalt,m,55 bis unter 56 Jahre,18192
2011,Sachsen-Anhalt,m,42 bis unter 43 Jahre,16661
2011,Sachsen-Anhalt,m,73 bis unter 74 Jahre,14262
2011,Sachsen-Anhalt,m,7 bis unter 8 Jahre,8617
2011,Sachsen-Anhalt,m,60 bis unter 61 Jahre,17357
2011,Sachsen-Anhalt,m,39 bis unter 40 Jahre,13543
2011,Sachsen-Anhalt,m,26 bis unter 27 Jahre,14407
2011,Sachsen-Anhalt,m,13 bis unter 14 Jahre,8149
2011,Sachsen-Anhalt,m,unter 1 Jahr,8562
2011,Sachsen-Anhalt,m,57 bis unter 58 Jahre,18702
2011,Sachsen-Anhalt,m,56 bis unter 57 Jahre,19086
2011,Sachsen-Anhalt,m,43 bis unter 44 Jahre,17198
2011,Sachsen-Anhalt,m,30 bis unter 31 Jahre,14129
2011,Sachsen-Anhalt,m,74 bis unter 75 Jahre,13046
2011,Sachsen-Anhalt,m,8 bis unter 9 Jahre,8368
2011,Sachsen-Anhalt,m,61 bis unter 62 Jahre,17207
2011,Sachsen-Anhalt,f,56 bis unter 57 Jahre,18928
2011,Sachsen-Anhalt,f,30 bis unter 31 Jahre,11965
2011,Sachsen-Anhalt,f,85 bis unter 90 Jahre,30431
2011,Sachsen-Anhalt,f,43 bis unter 44 Jahre,16054
2011,Sachsen-Anhalt,f,25 bis unter 26 Jahre,12827
2011,Sachsen-Anhalt,f,69 bis unter 70 Jahre,16210
2011,Sachsen-Anhalt,f,12 bis unter 13 Jahre,7955
2011,Sachsen-Anhalt,f,39 bis unter 40 Jahre,12277
2011,Sachsen-Anhalt,f,74 bis unter 75 Jahre,16587
2011,Sachsen-Anhalt,f,8 bis unter 9 Jahre,7802
2011,Sachsen-Anhalt,f,61 bis unter 62 Jahre,17889
2011,Sachsen-Anhalt,f,55 bis unter 56 Jahre,18854
2011,Sachsen-Anhalt,f,68 bis unter 69 Jahre,16069
2011,Sachsen-Anhalt,f,42 bis unter 43 Jahre,15592
2011,Sachsen-Anhalt,f,37 bis unter 38 Jahre,10134
2011,Sachsen-Anhalt,f,75 bis unter 80 Jahre,68283
2011,Sachsen-Anhalt,f,11 bis unter 12 Jahre,8303
2011,Sachsen-Anhalt,f,24 bis unter 25 Jahre,13642
2011,Sachsen-Anhalt,f,7 bis unter 8 Jahre,8011
2011,Sachsen-Anhalt,f,60 bis unter 61 Jahre,18256
2011,Sachsen-Anhalt,f,38 bis unter 39 Jahre,10494
2011,Sachsen-Anhalt,f,73 bis unter 74 Jahre,17886
2011,Sachsen-Anhalt,f,32 bis unter 33 Jahre,11652
2011,Sachsen-Anhalt,f,45 bis unter 46 Jahre,17778
2011,Sachsen-Anhalt,f,14 bis unter 15 Jahre,7612
2011,Sachsen-Anhalt,f,58 bis unter 59 Jahre,19034
2011,Sachsen-Anhalt,f,1 bis unter 2 Jahre,8432
2011,Sachsen-Anhalt,f,15 bis unter 16 Jahre,7276
2011,Sachsen-Anhalt,f,28 bis unter 29 Jahre,12358
2011,Sachsen-Anhalt,f,63 bis unter 64 Jahre,13675
2011,Sachsen-Anhalt,f,50 bis unter 51 Jahre,20282
2011,Sachsen-Anhalt,f,44 bis unter 45 Jahre,17024
2011,Sachsen-Anhalt,f,31 bis unter 32 Jahre,12224
2011,Sachsen-Anhalt,f,13 bis unter 14 Jahre,7891
2011,Sachsen-Anhalt,f,26 bis unter 27 Jahre,12418
2011,Sachsen-Anhalt,f,57 bis unter 58 Jahre,18663
2011,Sachsen-Anhalt,f,90 Jahre und mehr,13600
2011,Sachsen-Anhalt,f,unter 1 Jahr,8077
2011,Sachsen-Anhalt,f,27 bis unter 28 Jahre,12421
2011,Sachsen-Anhalt,f,9 bis unter 10 Jahre,8042
2011,Sachsen-Anhalt,f,62 bis unter 63 Jahre,16214
2011,Sachsen-Anhalt,f,21 bis unter 22 Jahre,12960
2011,Sachsen-Anhalt,f,65 bis unter 66 Jahre,10836
2011,Sachsen-Anhalt,f,3 bis unter 4 Jahre,8551
2011,Sachsen-Anhalt,f,34 bis unter 35 Jahre,11372
2011,Sachsen-Anhalt,f,47 bis unter 48 Jahre,19769
2011,Sachsen-Anhalt,f,17 bis unter 18 Jahre,6528
2011,Sachsen-Anhalt,f,70 bis unter 71 Jahre,19619
2011,Sachsen-Anhalt,f,4 bis unter 5 Jahre,8332
2011,Sachsen-Anhalt,f,52 bis unter 53 Jahre,19617
2011,Sachsen-Anhalt,f,33 bis unter 34 Jahre,11826
2011,Sachsen-Anhalt,f,20 bis unter 21 Jahre,8765
2011,Sachsen-Anhalt,f,59 bis unter 60 Jahre,18924
2011,Sachsen-Anhalt,f,2 bis unter 3 Jahre,8227
2011,Sachsen-Anhalt,f,46 bis unter 47 Jahre,18719
2011,Sachsen-Anhalt,f,80 bis unter 85 Jahre,50250
2011,Sachsen-Anhalt,f,29 bis unter 30 Jahre,12083
2011,Sachsen-Anhalt,f,16 bis unter 17 Jahre,6600
2011,Sachsen-Anhalt,f,51 bis unter 52 Jahre,19781
2011,Sachsen-Anhalt,f,64 bis unter 65 Jahre,13436
2011,Sachsen-Anhalt,f,67 bis unter 68 Jahre,15631
2011,Sachsen-Anhalt,f,10 bis unter 11 Jahre,8191
2011,Sachsen-Anhalt,f,54 bis unter 55 Jahre,18353
2011,Sachsen-Anhalt,f,36 bis unter 37 Jahre,9628
2011,Sachsen-Anhalt,f,49 bis unter 50 Jahre,20401
2011,Sachsen-Anhalt,f,23 bis unter 24 Jahre,13747
2011,Sachsen-Anhalt,f,6 bis unter 7 Jahre,8203
2011,Sachsen-Anhalt,f,41 bis unter 42 Jahre,15000
2011,Sachsen-Anhalt,f,19 bis unter 20 Jahre,7435
2011,Sachsen-Anhalt,f,72 bis unter 73 Jahre,19681
2011,Sachsen-Anhalt,f,22 bis unter 23 Jahre,13261
2011,Sachsen-Anhalt,f,53 bis unter 54 Jahre,18378
2011,Sachsen-Anhalt,f,66 bis unter 67 Jahre,11135
2011,Sachsen-Anhalt,f,48 bis unter 49 Jahre,20392
2011,Sachsen-Anhalt,f,35 bis unter 36 Jahre,10149
2011,Sachsen-Anhalt,f,18 bis unter 19 Jahre,6624
2011,Sachsen-Anhalt,f,71 bis unter 72 Jahre,20154
2011,Sachsen-Anhalt,f,5 bis unter 6 Jahre,7823
2011,Sachsen-Anhalt,f,40 bis unter 41 Jahre,14523
2011,Bayern,m,49 bis unter 50 Jahre,106517
2011,Bayern,m,36 bis unter 37 Jahre,72926
2011,Bayern,m,23 bis unter 24 Jahre,79616
2011,Bayern,m,10 bis unter 11 Jahre,60823
2011,Bayern,m,67 bis unter 68 Jahre,61743
2011,Bayern,m,54 bis unter 55 Jahre,90016
2011,Bayern,m,53 bis unter 54 Jahre,93044
2011,Bayern,m,40 bis unter 41 Jahre,88534
2011,Bayern,m,71 bis unter 72 Jahre,73905
2011,Bayern,m,18 bis unter 19 Jahre,71072
2011,Bayern,m,5 bis unter 6 Jahre,54704
2011,Bayern,m,4 bis unter 5 Jahre,55246
2011,Bayern,m,48 bis unter 49 Jahre,110060
2011,Bayern,m,35 bis unter 36 Jahre,74300
2011,Bayern,m,22 bis unter 23 Jahre,76594
2011,Bayern,m,66 bis unter 67 Jahre,47639
2011,Bayern,m,65 bis unter 66 Jahre,59320
2011,Bayern,m,52 bis unter 53 Jahre,98097
2011,Bayern,m,70 bis unter 71 Jahre,70567
2011,Bayern,m,17 bis unter 18 Jahre,67773
2011,Bayern,m,3 bis unter 4 Jahre,55294
2011,Bayern,m,47 bis unter 48 Jahre,111626
2011,Bayern,m,34 bis unter 35 Jahre,75020
2011,Bayern,m,75 bis unter 80 Jahre,210232
2011,Bayern,m,21 bis unter 22 Jahre,78700
2011,Bayern,m,64 bis unter 65 Jahre,67873
2011,Bayern,m,51 bis unter 52 Jahre,100925
2011,Bayern,m,29 bis unter 30 Jahre,78918
2011,Bayern,m,16 bis unter 17 Jahre,66423
2011,Bayern,m,85 bis unter 90 Jahre,58838
2011,Bayern,m,15 bis unter 16 Jahre,67748
2011,Bayern,m,2 bis unter 3 Jahre,53814
2011,Bayern,m,59 bis unter 60 Jahre,75414
2011,Bayern,m,46 bis unter 47 Jahre,110610
2011,Bayern,m,33 bis unter 34 Jahre,74760
2011,Bayern,m,90 Jahre und mehr,19883
2011,Bayern,m,20 bis unter 21 Jahre,75270
2011,Bayern,m,63 bis unter 64 Jahre,69358
2011,Bayern,m,50 bis unter 51 Jahre,105316
2011,Bayern,m,28 bis unter 29 Jahre,77098
2011,Bayern,m,27 bis unter 28 Jahre,75716
2011,Bayern,m,80 bis unter 85 Jahre,132179
2011,Bayern,m,14 bis unter 15 Jahre,68002
2011,Bayern,m,1 bis unter 2 Jahre,54087
2011,Bayern,m,58 bis unter 59 Jahre,75356
2011,Bayern,m,45 bis unter 46 Jahre,110465
2011,Bayern,m,32 bis unter 33 Jahre,75522
2011,Bayern,m,9 bis unter 10 Jahre,58785
2011,Bayern,m,62 bis unter 63 Jahre,72535
2011,Bayern,m,26 bis unter 27 Jahre,74959
2011,Bayern,m,13 bis unter 14 Jahre,66432
2011,Bayern,m,unter 1 Jahr,53458
2011,Bayern,m,57 bis unter 58 Jahre,78786
2011,Bayern,m,44 bis unter 45 Jahre,108716
2011,Bayern,m,31 bis unter 32 Jahre,78868
2011,Bayern,m,30 bis unter 31 Jahre,79434
2011,Bayern,m,74 bis unter 75 Jahre,56724
2011,Bayern,m,8 bis unter 9 Jahre,57605
2011,Bayern,m,61 bis unter 62 Jahre,73994
2011,Bayern,m,39 bis unter 40 Jahre,81234
2011,Bayern,m,38 bis unter 39 Jahre,74699
2011,Bayern,m,25 bis unter 26 Jahre,77983
2011,Bayern,m,12 bis unter 13 Jahre,64796
2011,Bayern,m,69 bis unter 70 Jahre,59053
2011,Bayern,m,56 bis unter 57 Jahre,81353
2011,Bayern,m,43 bis unter 44 Jahre,106092
2011,Bayern,m,42 bis unter 43 Jahre,101345
2011,Bayern,m,73 bis unter 74 Jahre,64035
2011,Bayern,m,60 bis unter 61 Jahre,73174
2011,Bayern,m,7 bis unter 8 Jahre,56705
2011,Bayern,m,37 bis unter 38 Jahre,74433
2011,Bayern,m,24 bis unter 25 Jahre,78009
2011,Bayern,m,11 bis unter 12 Jahre,63100
2011,Bayern,m,68 bis unter 69 Jahre,61473
2011,Bayern,m,55 bis unter 56 Jahre,86635
2011,Bayern,m,41 bis unter 42 Jahre,92423
2011,Bayern,m,19 bis unter 20 Jahre,71825
2011,Bayern,m,72 bis unter 73 Jahre,71987
2011,Bayern,m,6 bis unter 7 Jahre,55818
2011,Bayern,f,65 bis unter 66 Jahre,62888
2011,Bayern,f,52 bis unter 53 Jahre,96145
2011,Bayern,f,34 bis unter 35 Jahre,74755
2011,Bayern,f,21 bis unter 22 Jahre,75544
2011,Bayern,f,4 bis unter 5 Jahre,53011
2011,Bayern,f,48 bis unter 49 Jahre,107805
2011,Bayern,f,70 bis unter 71 Jahre,78250
2011,Bayern,f,17 bis unter 18 Jahre,64113
2011,Bayern,f,53 bis unter 54 Jahre,91663
2011,Bayern,f,40 bis unter 41 Jahre,88297
2011,Bayern,f,22 bis unter 23 Jahre,74394
2011,Bayern,f,35 bis unter 36 Jahre,74531
2011,Bayern,f,66 bis unter 67 Jahre,50730
2011,Bayern,f,5 bis unter 6 Jahre,51805
2011,Bayern,f,85 bis unter 90 Jahre,144804
2011,Bayern,f,36 bis unter 37 Jahre,73362
2011,Bayern,f,49 bis unter 50 Jahre,104828
2011,Bayern,f,71 bis unter 72 Jahre,83560
2011,Bayern,f,18 bis unter 19 Jahre,67150
2011,Bayern,f,41 bis unter 42 Jahre,91835
2011,Bayern,f,54 bis unter 55 Jahre,89378
2011,Bayern,f,75 bis unter 80 Jahre,274128
2011,Bayern,f,23 bis unter 24 Jahre,76544
2011,Bayern,f,10 bis unter 11 Jahre,57024
2011,Bayern,f,67 bis unter 68 Jahre,65300
2011,Bayern,f,24 bis unter 25 Jahre,74753
2011,Bayern,f,37 bis unter 38 Jahre,74980
2011,Bayern,f,72 bis unter 73 Jahre,82260
2011,Bayern,f,19 bis unter 20 Jahre,69083
2011,Bayern,f,6 bis unter 7 Jahre,52685
2011,Bayern,f,42 bis unter 43 Jahre,98690
2011,Bayern,f,11 bis unter 12 Jahre,60268
2011,Bayern,f,68 bis unter 69 Jahre,65406
2011,Bayern,f,55 bis unter 56 Jahre,85837
2011,Bayern,f,38 bis unter 39 Jahre,74929
2011,Bayern,f,25 bis unter 26 Jahre,75887
2011,Bayern,f,60 bis unter 61 Jahre,76757
2011,Bayern,f,73 bis unter 74 Jahre,74210
2011,Bayern,f,90 Jahre und mehr,68671
2011,Bayern,f,7 bis unter 8 Jahre,54790
2011,Bayern,f,30 bis unter 31 Jahre,79482
2011,Bayern,f,74 bis unter 75 Jahre,67830
2011,Bayern,f,12 bis unter 13 Jahre,60854
2011,Bayern,f,69 bis unter 70 Jahre,63687
2011,Bayern,f,43 bis unter 44 Jahre,102887
2011,Bayern,f,56 bis unter 57 Jahre,82227
2011,Bayern,f,26 bis unter 27 Jahre,73762
2011,Bayern,f,39 bis unter 40 Jahre,81506
2011,Bayern,f,13 bis unter 14 Jahre,62915
2011,Bayern,f,8 bis unter 9 Jahre,55354
2011,Bayern,f,61 bis unter 62 Jahre,77526
2011,Bayern,f,80 bis unter 85 Jahre,207967
2011,Bayern,f,31 bis unter 32 Jahre,79431
2011,Bayern,f,62 bis unter 63 Jahre,75694
2011,Bayern,f,57 bis unter 58 Jahre,81045
2011,Bayern,f,unter 1 Jahr,50297
2011,Bayern,f,44 bis unter 45 Jahre,105975
2011,Bayern,f,27 bis unter 28 Jahre,74534
2011,Bayern,f,1 bis unter 2 Jahre,51910
2011,Bayern,f,14 bis unter 15 Jahre,65010
2011,Bayern,f,9 bis unter 10 Jahre,56250
2011,Bayern,f,63 bis unter 64 Jahre,72077
2011,Bayern,f,45 bis unter 46 Jahre,107433
2011,Bayern,f,58 bis unter 59 Jahre,78572
2011,Bayern,f,32 bis unter 33 Jahre,76050
2011,Bayern,f,15 bis unter 16 Jahre,64183
2011,Bayern,f,28 bis unter 29 Jahre,75691
2011,Bayern,f,59 bis unter 60 Jahre,79193
2011,Bayern,f,2 bis unter 3 Jahre,50928
2011,Bayern,f,50 bis unter 51 Jahre,103475
2011,Bayern,f,64 bis unter 65 Jahre,70425
2011,Bayern,f,51 bis unter 52 Jahre,99326
2011,Bayern,f,46 bis unter 47 Jahre,106175
2011,Bayern,f,20 bis unter 21 Jahre,70810
2011,Bayern,f,33 bis unter 34 Jahre,75405
2011,Bayern,f,3 bis unter 4 Jahre,52555
2011,Bayern,f,16 bis unter 17 Jahre,62960
2011,Bayern,f,47 bis unter 48 Jahre,108593
2011,Bayern,f,29 bis unter 30 Jahre,78917
