ags,year,registrations_per_10k
10041,2008,89
10041,2009,93.9
10041,2010,92.8
10041,2011,84.7
10041,2012,77.2
10041,2013,74.5
10041,2014,73.9
10041,2015,73.9
10041,2016,70.8
10041,2017,66.8
10041,2018,71.8
10041,2019,71.1
10041,2020,70.1
10041,2021,76.5
10041,2022,74.8
10041,2023,75.5
10041,2024,77.7
10041,2025,82.7
10042,2008,85.4
10042,2009,84.9
10042,2010,76.2
10042,2011,62.7
10042,2012,53.7
10042,2013,54.6
10042,2014,56.6
10042,2015,53
10042,2016,53.6
10042,2017,49.1
10042,2018,53.3
10042,2019,55
10042,2020,59.5
10042,2021,59.8
10042,2022,55.4
10042,2023,57.2
10042,2024,55.3
10042,2025,60.7
10043,2008,73.5
10043,2009,73.7
10043,2010,70.2
10043,2011,65.1
10043,2012,58.4
10043,2013,61.2
10043,2014,63.3
10043,2015,56.4
10043,2016,58.6
10043,2017,57.5
10043,2018,54.8
10043,2019,57.9
10043,2020,61.8
10043,2021,70
10043,2022,64
10043,2023,65.9
10043,2024,66.3
10043,2025,68.8
10044,2008,79.1
10044,2009,85.3
10044,2010,79.7
10044,2011,69.6
10044,2012,69.9
10044,2013,67.9
10044,2014,70.2
10044,2015,64.9
10044,2016,63.3
10044,2017,61
10044,2018,63.2
10044,2019,66.6
10044,2020,69.5
10044,2021,77.1
10044,2022,71.5
10044,2023,75.6
10044,2024,78.2
10044,2025,80.2
10045,2008,74.6
10045,2009,80.3
10045,2010,79.3
10045,2011,69
10045,2012,68.5
10045,2013,72.1
10045,2014,64.2
10045,2015,68.2
10045,2016,60.4
10045,2017,64.2
10045,2018,61.7
10045,2019,67.7
10045,2020,64
10045,2021,69.5
10045,2022,65.2
10045,2023,68.5
10045,2024,68.1
10045,2025,68.7
10046,2008,67.7
10046,2009,73.6
10046,2010,77.9
10046,2011,61.7
10046,2012,59.2
10046,2013,65.6
10046,2014,56.9
10046,2015,54.3
10046,2016,58.3
10046,2017,51
10046,2018,58.8
10046,2019,62.7
10046,2020,59.6
10046,2021,68.2
10046,2022,61.1
10046,2023,64.2
10046,2024,61.1
10046,2025,68.2
11000,2011,139
11000,2012,136.4
11000,2013,129.3
11000,2014,123.9
11000,2015,114.5
11000,2016,113.3
11000,2017,118.5
11000,2018,115.5
11000,2019,108.8
11000,2020,107.4
11000,2021,111.8
11000,2022,107.6
11000,2023,107.8
11000,2024,109.6
11000,2025,112.5
12051,2008,71.3
12051,2009,72.2
12051,2010,61.4
12051,2011,72
12051,2012,53.9
12051,2013,55.1
12051,2014,49.3
12051,2015,56.4
12051,2016,50
12051,2017,49.9
12051,2018,58.1
12051,2019,54.3
12051,2020,51.7
12051,2021,57.7
12051,2022,49.3
12051,2023,59.8
12051,2024,55.4
12051,2025,63.9
12052,2008,89.8
12052,2009,78.5
12052,2010,76.8
12052,2011,70.3
12052,2012,61.1
12052,2013,63
12052,2014,65.4
12052,2015,65.1
12052,2016,60.8
12052,2017,58.1
12052,2018,52.5
12052,2019,51.5
12052,2020,47.8
12052,2021,53.7
12052,2022,52.4
12052,2023,50.6
12052,2024,52.6
12052,2025,63
12053,2008,86
12053,2009,103.6
12053,2010,96.5
12053,2011,71.9
12053,2012,86.1
12053,2013,93
12053,2014,73.5
12053,2015,62.2
12053,2016,53.7
12053,2017,57.9
12053,2018,60.8
12053,2019,51
12053,2020,54.7
12053,2021,52.6
12053,2022,53.2
12053,2023,49.5
12053,2024,54.5
12053,2025,65.8
12054,2008,115.7
12054,2009,113.2
12054,2010,109.1
12054,2011,99.1
12054,2012,85.7
12054,2013,83.5
12054,2014,91.5
12054,2015,77
12054,2016,81.8
12054,2017,82.6
12054,2018,82.1
12054,2019,77.6
12054,2020,75.7
12054,2021,75.4
12054,2022,74.1
12054,2023,72.4
12054,2024,69
12054,2025,75.7
12060,2008,96.8
12060,2009,94.3
12060,2010,99.7
12060,2011,92.7
12060,2012,79.2
12060,2013,77.8
12060,2014,74.3
12060,2015,72.1
12060,2016,66.3
12060,2017,64.5
12060,2018,66.6
12060,2019,66
12060,2020,59.6
12060,2021,64.5
12060,2022,68.1
12060,2023,65.9
12060,2024,66
12060,2025,68.4
12061,2008,103.1
12061,2009,104.6
12061,2010,99.7
12061,2011,98
12061,2012,97.5
12061,2013,88.5
12061,2014,92.3
12061,2015,81.2
12061,2016,79.7
12061,2017,84.1
12061,2018,82.9
12061,2019,83.5
12061,2020,73.3
12061,2021,77.8
12061,2022,100.3
12061,2023,89.8
12061,2024,102.1
12061,2025,104.7
12062,2008,66.1
12062,2009,62.5
12062,2010,59.5
12062,2011,54.9
12062,2012,44.4
12062,2013,49.4
12062,2014,39.3
12062,2015,40.6
12062,2016,34.6
12062,2017,35.7
12062,2018,41
12062,2019,38.3
12062,2020,41.7
12062,2021,40.4
12062,2022,40.2
12062,2023,42.4
12062,2024,46.1
12062,2025,40.6
12063,2008,88.9
12063,2009,93.6
12063,2010,83.9
12063,2011,74.9
12063,2012,67.7
12063,2013,72
12063,2014,77.1
12063,2015,70.6
12063,2016,65.4
12063,2017,72
12063,2018,66.9
12063,2019,67
12063,2020,66.2
12063,2021,69.8
12063,2022,69.2
12063,2023,67.5
12063,2024,64
12063,2025,74.4
12064,2008,99.8
12064,2009,96.5
12064,2010,89.2
12064,2011,87.6
12064,2012,76.4
12064,2013,73.9
12064,2014,73.5
12064,2015,71.3
12064,2016,68.3
12064,2017,69.8
12064,2018,65
12064,2019,69.6
12064,2020,69.1
12064,2021,69.5
12064,2022,65.2
12064,2023,65.9
12064,2024,66.5
12064,2025,71.1
12065,2008,96.2
12065,2009,89.8
12065,2010,93.3
12065,2011,86.2
12065,2012,80.3
12065,2013,79.9
12065,2014,71.6
12065,2015,67
12065,2016,69.7
12065,2017,67.5
12065,2018,68.3
12065,2019,69.6
12065,2020,69.8
12065,2021,75.6
12065,2022,67
12065,2023,68
12065,2024,71.2
12065,2025,77.5
12066,2008,52.8
12066,2009,54.9
12066,2010,54.9
12066,2011,49.3
12066,2012,45
12066,2013,41.5
12066,2014,41
12066,2015,37.6
12066,2016,36.6
12066,2017,33
12066,2018,36.6
12066,2019,37.4
12066,2020,38.2
12066,2021,37
12066,2022,40.1
12066,2023,38.3
12066,2024,43.3
12066,2025,49.7
12067,2008,82.4
12067,2009,81.6
12067,2010,77.5
12067,2011,73.2
12067,2012,65.9
12067,2013,67.3
12067,2014,68.7
12067,2015,58.7
12067,2016,55.5
12067,2017,54.9
12067,2018,56.1
12067,2019,59.9
12067,2020,55.9
12067,2021,59.3
12067,2022,58.6
12067,2023,60.2
12067,2024,54.5
12067,2025,67.2
12068,2008,65.9
12068,2009,74
12068,2010,64.9
12068,2011,67.8
12068,2012,48
12068,2013,50.6
12068,2014,51.5
12068,2015,49.2
12068,2016,49.5
12068,2017,50.2
12068,2018,51
12068,2019,51.7
12068,2020,48.4
12068,2021,56.2
12068,2022,48.6
12068,2023,58
12068,2024,49.6
12068,2025,62.7
12069,2008,97.2
12069,2009,103
12069,2010,96.7
12069,2011,91.4
12069,2012,81.7
12069,2013,75
12069,2014,84.3
12069,2015,77.4
12069,2016,75.5
12069,2017,79.4
12069,2018,80.3
12069,2019,72.6
12069,2020,75.9
12069,2021,79.6
12069,2022,82.9
12069,2023,72.3
12069,2024,74.5
12069,2025,81.8
12070,2008,71.9
12070,2009,80.8
12070,2010,61.4
12070,2011,58.5
12070,2012,42.7
12070,2013,59.2
12070,2014,48.1
12070,2015,46.2
12070,2016,47
12070,2017,48.2
12070,2018,49.9
12070,2019,50.3
12070,2020,48.2
12070,2021,49.1
12070,2022,51.3
12070,2023,55.1
12070,2024,50.3
12070,2025,53.3
12071,2008,80.4
12071,2009,79.9
12071,2010,74.9
12071,2011,68
12071,2012,59
12071,2013,58.6
12071,2014,53.7
12071,2015,53.9
12071,2016,56.3
12071,2017,55.6
12071,2018,51
12071,2019,53.6
12071,2020,43
12071,2021,50.1
12071,2022,53.9
12071,2023,53.7
12071,2024,54.6
12071,2025,54.8
12072,2008,93.9
12072,2009,87.5
12072,2010,98.9
12072,2011,89.5
12072,2012,81
12072,2013,83.5
12072,2014,74.7
12072,2015,78.5
12072,2016,84.8
12072,2017,80.7
12072,2018,90.9
12072,2019,103.9
12072,2020,104.8
12072,2021,116.1
12072,2022,106.2
12072,2023,102.8
12072,2024,104.4
12072,2025,133.6
12073,2008,60.3
12073,2009,63.6
12073,2010,61.6
12073,2011,58.4
12073,2012,49.6
12073,2013,53.2
12073,2014,52.3
12073,2015,48.5
12073,2016,45.1
12073,2017,44
12073,2018,45.5
12073,2019,47.6
12073,2020,46.4
12073,2021,47.3
12073,2022,46.8
12073,2023,45.6
12073,2024,40.9
12073,2025,49.9
13001,2008,68.3
13001,2009,75.3
13001,2010,76.5
13002,2008,74.5
13002,2009,76.8
13002,2010,65.8
13003,2008,98.6
13003,2009,92.2
13003,2010,98.8
13003,2011,102.7
13003,2012,80.9
13003,2013,89.6
13003,2014,77.2
13003,2015,73.6
13003,2016,65.3
13003,2017,69.1
13003,2018,60.2
13003,2019,61.9
13003,2020,64.1
13003,2021,66
13003,2022,61.5
13003,2023,62.3
13003,2024,64.1
13003,2025,65.6
13004,2008,106.3
13004,2009,85.8
13004,2010,93.4
13004,2011,95.9
13004,2012,78.2
13004,2013,80.9
13004,2014,74.7
13004,2015,76.6
13004,2016,65.2
13004,2017,56.2
13004,2018,61
13004,2019,57
13004,2020,47.5
13004,2021,50.9
13004,2022,56.6
13004,2023,61.8
13004,2024,61.7
13004,2025,62.6
13005,2008,78.8
13005,2009,69.3
13005,2010,72.5
13006,2008,63.1
13006,2009,76.9
13006,2010,73.7
13051,2008,111.5
13051,2009,111.9
13051,2010,99.5
13052,2008,50.2
13052,2009,52.9
13052,2010,49.6
13053,2008,65.3
13053,2009,71.7
13053,2010,75.5
13054,2008,68.4
13054,2009,71.1
13054,2010,61.3
13055,2008,64
13055,2009,65.8
13055,2010,66
13056,2008,79.3
13056,2009,74
13056,2010,78.9
13057,2008,77.1
13057,2009,73.2
13057,2010,72.1
13058,2008,100.9
13058,2009,83.4
13058,2010,72.9
13059,2008,77.6
13059,2009,69.3
13059,2010,61.8
13060,2008,72.5
13060,2009,63.2
13060,2010,67.7
13061,2008,100.8
13061,2009,90.9
13061,2010,78.7
13062,2008,65.7
13062,2009,69.6
13062,2010,55.6
13071,2012,55
13071,2013,54.4
13071,2014,51.9
13071,2015,48.9
13071,2016,47.2
13071,2017,41
13071,2018,44.9
13071,2019,47.4
13071,2020,43.6
13071,2021,49
13071,2022,51
13071,2023,54.4
13071,2024,54.7
13071,2025,60.6
13072,2012,76.4
13072,2013,75.1
13072,2014,71
13072,2015,66.9
13072,2016,64.4
13072,2017,66.9
13072,2018,65.9
13072,2019,67.1
13072,2020,62.8
13072,2021,63.4
13072,2022,70.9
13072,2023,73
13072,2024,70.2
13072,2025,72.1
13073,2012,67.4
13073,2013,67.5
13073,2014,68.9
13073,2015,61.7
13073,2016,68
13073,2017,61.1
13073,2018,56.6
13073,2019,65.2
13073,2020,62.1
13073,2021,64.8
13073,2022,65.9
13073,2023,68.4
13073,2024,67.5
13073,2025,66.7
13074,2012,63.2
13074,2013,66.5
13074,2014,60.6
13074,2015,61
13074,2016,57.7
13074,2017,55.4
13074,2018,56.5
13074,2019,55.7
13074,2020,53.5
13074,2021,59.7
13074,2022,58.3
13074,2023,66.8
13074,2024,59.7
13074,2025,59.3
13075,2012,58.1
13075,2013,57
13075,2014,54.6
13075,2015,54.1
13075,2016,48.7
13075,2017,51.4
13075,2018,47.2
13075,2019,48.7
13075,2020,44.9
13075,2021,49.7
13075,2022,52
13075,2023,55.8
13075,2024,57.6
13075,2025,60.3
13076,2012,59.2
13076,2013,57.5
13076,2014,55
13076,2015,53.2
13076,2016,54.8
13076,2017,50.4
13076,2018,47.7
13076,2019,49.5
13076,2020,47.6
13076,2021,53.8
13076,2022,47.7
13076,2023,57.8
13076,2024,57
13076,2025,59.7
14511,2008,89
14511,2009,91.4
14511,2010,93.9
14511,2011,85.9
14511,2012,77.7
14511,2013,74.7
14511,2014,68
14511,2015,66.8
14511,2016,61.3
14511,2017,58.8
14511,2018,62.2
14511,2019,63.8
14511,2020,54.7
14511,2021,61.2
14511,2022,62.3
14511,2023,64.9
14511,2024,71.6
14511,2025,83.4
14521,2008,69.5
14521,2009,68
14521,2010,66
14521,2011,63.8
14521,2012,53.2
14521,2013,49.6
14521,2014,46.7
14521,2015,44.5
14521,2016,43.7
14521,2017,43.4
14521,2018,43
14521,2019,42.8
14521,2020,44.9
14521,2021,44.3
14521,2022,45.7
14521,2023,43.3
14521,2024,45.5
14521,2025,50.9
14522,2008,71.9
14522,2009,68.5
14522,2010,68.8
14522,2011,65
14522,2012,60.5
14522,2013,54.2
14522,2014,53.1
14522,2015,49.1
14522,2016,49
14522,2017,48.2
14522,2018,44.6
14522,2019,45.8
14522,2020,48.8
14522,2021,47.5
14522,2022,51.4
14522,2023,52
14522,2024,51.3
14522,2025,56
14523,2008,72.6
14523,2009,69.8
14523,2010,73.9
14523,2011,63.3
14523,2012,58.7
14523,2013,56.3
14523,2014,49.8
14523,2015,51.6
14523,2016,46.6
14523,2017,47.5
14523,2018,49.7
14523,2019,50.2
14523,2020,46.2
14523,2021,50.8
14523,2022,49.7
14523,2023,48.7
14523,2024,51.3
14523,2025,57.6
14524,2008,77.6
14524,2009,73.9
14524,2010,67
14524,2011,66.8
14524,2012,54.6
14524,2013,53.1
14524,2014,50.6
14524,2015,49.6
14524,2016,47
14524,2017,45.7
14524,2018,43
14524,2019,45.3
14524,2020,44.5
14524,2021,46.4
14524,2022,46.9
14524,2023,46.7
14524,2024,51.6
14524,2025,58.8
14612,2008,108.2
14612,2009,117.9
14612,2010,118.1
14612,2011,117.6
14612,2012,100.4
14612,2013,97.6
14612,2014,94.2
14612,2015,89.9
14612,2016,80.6
14612,2017,75.1
14612,2018,71.1
14612,2019,71.2
14612,2020,64.1
14612,2021,65.4
14612,2022,63.4
14612,2023,66.5
14612,2024,66.3
14612,2025,73.7
14625,2008,66.2
14625,2009,63.6
14625,2010,63
14625,2011,58.9
14625,2012,51.2
14625,2013,53.6
14625,2014,49.2
14625,2015,45.6
14625,2016,45.9
14625,2017,43.1
14625,2018,43.3
14625,2019,40
14625,2020,44.7
14625,2021,45.5
14625,2022,47.1
14625,2023,48.1
14625,2024,50.1
14625,2025,54
14626,2008,93.2
14626,2009,91.9
14626,2010,79.7
14626,2011,79.4
14626,2012,82.6
14626,2013,87.5
14626,2014,86.5
14626,2015,99.2
14626,2016,94.6
14626,2017,97.7
14626,2018,106.9
14626,2019,99.2
14626,2020,90.6
14626,2021,83.2
14626,2022,79.1
14626,2023,80.8
14626,2024,72.6
14626,2025,75.1
14627,2008,82.8
14627,2009,76.7
14627,2010,75.8
14627,2011,77.3
14627,2012,63.7
14627,2013,68.5
14627,2014,64
14627,2015,63.8
14627,2016,54.1
14627,2017,54.2
14627,2018,48.7
14627,2019,51.9
14627,2020,55.7
14627,2021,57
14627,2022,50.4
14627,2023,55.3
14627,2024,52.2
14627,2025,59.7
14628,2008,81.7
14628,2009,75.7
14628,2010,75.9
14628,2011,74.9
14628,2012,61.7
14628,2013,61.1
14628,2014,58.4
14628,2015,57.9
14628,2016,55.4
14628,2017,55.7
14628,2018,54.5
14628,2019,56.7
14628,2020,53.3
14628,2021,55.4
14628,2022,58
14628,2023,57.7
14628,2024,59
14628,2025,64.4
14713,2008,124.3
14713,2009,116
14713,2010,123.1
14713,2011,130.2
14713,2012,122.5
14713,2013,105.4
14713,2014,103.5
14713,2015,104
14713,2016,99.6
14713,2017,91.8
14713,2018,88.9
14713,2019,88.9
14713,2020,83.5
14713,2021,86.8
14713,2022,87.6
14713,2023,84.4
14713,2024,81.4
14713,2025,86.8
14729,2008,84.9
14729,2009,81.5
14729,2010,84.3
14729,2011,80.7
14729,2012,63.5
14729,2013,63.6
14729,2014,63.7
14729,2015,55.7
14729,2016,55.7
14729,2017,52.8
14729,2018,56.7
14729,2019,54.5
14729,2020,53.7
14729,2021,54.4
14729,2022,55.3
14729,2023,61
14729,2024,58.5
14729,2025,61.6
14730,2008,86.4
14730,2009,83
14730,2010,81.1
14730,2011,75.1
14730,2012,67.9
14730,2013,57.7
14730,2014,57.7
14730,2015,52.3
14730,2016,50.5
14730,2017,53.7
14730,2018,52.8
14730,2019,50.1
14730,2020,52.6
14730,2021,53.7
14730,2022,47.3
14730,2023,53.7
14730,2024,52.4
14730,2025,58.8
15001,2008,66.2
15001,2009,72.1
15001,2010,65.3
15001,2011,57.3
15001,2012,51.6
15001,2013,51.2
15001,2014,50
15001,2015,46.2
15001,2016,45.8
15001,2017,40
15001,2018,38.1
15001,2019,39.9
15001,2020,31.9
15001,2021,35.8
15001,2022,36.4
15001,2023,47.7
15001,2024,44.9
15001,2025,47.9
15002,2008,71.5
15002,2009,73.3
15002,2010,74.4
15002,2011,73.4
15002,2012,69.1
15002,2013,69.8
15002,2014,67.8
15002,2015,62.5
15002,2016,53.5
15002,2017,54.7
15002,2018,53.1
15002,2019,49.3
15002,2020,45.4
15002,2021,48.6
15002,2022,50.1
15002,2023,53
15002,2024,55.3
15002,2025,63
15003,2008,91.5
15003,2009,92.8
15003,2010,88.6
15003,2011,84.2
15003,2012,76.7
15003,2013,75.9
15003,2014,77.7
15003,2015,77.2
15003,2016,69.7
15003,2017,63.3
15003,2018,52.7
15003,2019,53
15003,2020,53.3
15003,2021,56.6
15003,2022,57.2
15003,2023,53.4
15003,2024,56.2
15003,2025,62.3
15081,2008,51.1
15081,2009,58
15081,2010,63
15081,2011,55.1
15081,2012,43.8
15081,2013,39.7
15081,2014,38.6
15081,2015,39.4
15081,2016,41.4
15081,2017,41.1
15081,2018,43.8
15081,2019,47.7
15081,2020,45.1
15081,2021,46.4
15081,2022,42.7
15081,2023,48.6
15081,2024,41.9
15081,2025,52.6
15082,2008,54.5
15082,2009,62.9
15082,2010,60.7
15082,2011,55.2
15082,2012,49.3
15082,2013,46.6
15082,2014,46.8
15082,2015,49.2
15082,2016,52.3
15082,2017,48.6
15082,2018,44.2
15082,2019,50.6
15082,2020,38.1
15082,2021,45.5
15082,2022,45.2
15082,2023,44.1
15082,2024,48.6
15082,2025,51.8
15083,2008,66.9
15083,2009,62.2
15083,2010,66.4
15083,2011,50.4
15083,2012,46.7
15083,2013,48.8
15083,2014,50.5
15083,2015,46.3
15083,2016,43.6
15083,2017,44.9
15083,2018,43.9
15083,2019,47.1
15083,2020,41.6
15083,2021,43.9
15083,2022,48.7
15083,2023,51.1
15083,2024,49.2
15083,2025,52
15084,2008,64.1
15084,2009,62.2
15084,2010,61.6
15084,2011,51.5
15084,2012,47.9
15084,2013,44
15084,2014,45.7
15084,2015,41.7
15084,2016,41.1
15084,2017,42.8
15084,2018,39.2
15084,2019,41.9
15084,2020,38
15084,2021,43
15084,2022,46.2
15084,2023,44.8
15084,2024,48
15084,2025,48.4
15085,2008,57.7
15085,2009,57.6
15085,2010,67.6
15085,2011,57.8
15085,2012,52.8
15085,2013,52.1
15085,2014,49.8
15085,2015,44.4
15085,2016,41.7
15085,2017,40.5
15085,2018,41
15085,2019,43
15085,2020,38.6
15085,2021,42.5
15085,2022,44.7
15085,2023,46.7
15085,2024,45.7
15085,2025,53.1
15086,2008,62.2
15086,2009,65.7
15086,2010,63
15086,2011,72
15086,2012,58
15086,2013,56.1
15086,2014,55.1
15086,2015,57.1
15086,2016,61.2
15086,2017,51.3
15086,2018,56.5
15086,2019,52.1
15086,2020,48.5
15086,2021,60.4
15086,2022,54.4
15086,2023,51
15086,2024,56.4
15086,2025,52.7
15087,2008,58.3
15087,2009,64.7
15087,2010,58.2
15087,2011,54.1
15087,2012,49.4
15087,2013,48.2
15087,2014,39.1
15087,2015,42.1
15087,2016,39.3
15087,2017,42.6
15087,2018,43.7
15087,2019,42.6
15087,2020,40.1
15087,2021,41.7
15087,2022,44.7
15087,2023,46.5
15087,2024,44.3
15087,2025,47.2
15088,2008,68.5
15088,2009,71.8
15088,2010,62.1
15088,2011,59
15088,2012,53.7
15088,2013,47.4
15088,2014,46.5
15088,2015,45.3
15088,2016,45.7
15088,2017,45.3
15088,2018,43.5
15088,2019,46.7
15088,2020,40.7
15088,2021,47.2
15088,2022,43.9
15088,2023,48.3
15088,2024,44.9
15088,2025,53.5
15089,2008,57
15089,2009,57.7
15089,2010,53.5
15089,2011,53.9
15089,2012,48.3
15089,2013,42.8
15089,2014,46.6
15089,2015,44.4
15089,2016,40.8
15089,2017,38.1
15089,2018,37.8
15089,2019,37.8
15089,2020,39.3
15089,2021,40
15089,2022,39.3
15089,2023,43
15089,2024,43.8
15089,2025,46.1
15090,2008,50.3
15090,2009,53.1
15090,2010,53.8
15090,2011,43.8
15090,2012,41.4
15090,2013,40
15090,2014,42.5
15090,2015,37.1
15090,2016,37
15090,2017,41.1
15090,2018,36.2
15090,2019,37
15090,2020,35.6
15090,2021,41
15090,2022,44
15090,2023,44.2
15090,2024,47.8
15090,2025,52.5
15091,2008,69.7
15091,2009,74.2
15091,2010,65.2
15091,2011,59.6
15091,2012,56.8
15091,2013,43.9
15091,2014,45.4
15091,2015,43.8
15091,2016,41
15091,2017,43.4
15091,2018,41.4
15091,2019,39.8
15091,2020,36
15091,2021,41.5
15091,2022,46.8
15091,2023,40.5
15091,2024,48
15091,2025,51.9
16051,2008,94.4
16051,2009,93.6
16051,2010,101.9
16051,2011,99.9
16051,2012,92.4
16051,2013,86.8
16051,2014,81.9
16051,2015,72
16051,2016,69.4
16051,2017,69.2
16051,2018,67.8
16051,2019,68.5
16051,2020,61.9
16051,2021,67
16051,2022,63.7
16051,2023,71.2
16051,2024,68.7
16051,2025,69.5
16052,2008,82.3
16052,2009,82.5
16052,2010,82.5
16052,2011,69.7
16052,2012,70.4
16052,2013,74.3
16052,2014,55.4
16052,2015,54.9
16052,2016,48.6
16052,2017,42.9
16052,2018,47.2
16052,2019,43.3
16052,2020,43.2
16052,2021,47.5
16052,2022,44.8
16052,2023,50.1
16052,2024,46.8
16052,2025,47.4
16053,2008,98
16053,2009,95.2
16053,2010,85.1
16053,2011,79.2
16053,2012,73.1
16053,2013,75
16053,2014,69.9
16053,2015,69
16053,2016,67.2
16053,2017,56.3
16053,2018,57.4
16053,2019,52.1
16053,2020,51.3
16053,2021,54.7
16053,2022,47.7
16053,2023,49.2
16053,2024,45.2
16053,2025,56.7
16054,2008,83.1
16054,2009,83.9
16054,2010,69
16054,2011,73.3
16054,2012,77.2
16054,2013,94.4
16054,2014,68.5
16054,2015,60.6
16054,2016,61.9
16054,2017,49.7
16054,2018,46
16054,2019,45.8
16054,2020,39.6
16054,2021,46.4
16054,2022,46.2
16054,2023,47.1
16054,2024,49.3
16054,2025,55.3
16055,2008,95.2
16055,2009,90.8
16055,2010,88.9
16055,2011,83.7
16055,2012,74.8
16055,2013,76.6
16055,2014,66.3
16055,2015,72.6
16055,2016,65.8
16055,2017,64.3
16055,2018,65.3
16055,2019,67.1
16055,2020,58.8
16055,2021,57.4
16055,2022,57.3
16055,2023,56.9
16055,2024,52
16055,2025,59
16056,2008,80.4
16056,2009,84.1
16056,2010,72.3
16056,2011,71.4
16056,2012,67.6
16056,2013,67.5
16056,2014,58
16056,2015,63.6
16056,2016,62.6
16056,2017,50.2
16056,2018,56.9
16056,2019,59.3
16056,2020,50.1
16061,2008,67.7
16061,2009,64.7
16061,2010,67.7
16061,2011,59.1
16061,2012,53
16061,2013,52.7
16061,2014,51
16061,2015,43.5
16061,2016,44.4
16061,2017,45.2
16061,2018,44.2
16061,2019,44.1
16061,2020,42.9
16061,2021,44.5
16061,2022,45.8
16061,2023,41.3
16061,2024,49
16061,2025,50.7
16062,2008,62.4
16062,2009,66.7
16062,2010,59.1
16062,2011,58.2
16062,2012,48.8
16062,2013,50.9
16062,2014,46
16062,2015,44.5
16062,2016,37.8
16062,2017,40
16062,2018,38.1
16062,2019,42.2
16062,2020,37.7
16062,2021,37.3
16062,2022,42.4
16062,2023,45.8
16062,2024,50.5
16062,2025,57.1
16063,2008,49.9
16063,2009,52.2
16063,2010,50.9
16063,2011,47.7
16063,2012,41
16063,2013,47.1
16063,2014,42.1
16063,2015,42.1
16063,2016,36.3
16063,2017,39.4
16063,2018,36.1
16063,2019,40.5
16063,2020,33.5
16063,2021,26.3
16063,2022,41.1
16063,2023,44.2
16063,2024,47.2
16063,2025,46.8
16064,2008,61.5
16064,2009,62.5
16064,2010,62.3
16064,2011,56.3
16064,2012,48.9
16064,2013,51.7
16064,2014,46.4
16064,2015,46.1
16064,2016,45.1
16064,2017,41.9
16064,2018,39.2
16064,2019,44.2
16064,2020,42.9
16064,2021,43.7
16064,2022,37.5
16064,2023,46.6
16064,2024,46
16064,2025,50.1
16065,2008,66.7
16065,2009,64.9
16065,2010,58.3
16065,2011,52.8
16065,2012,41.2
16065,2013,45.7
16065,2014,41.2
16065,2015,38
16065,2016,36.9
16065,2017,36.6
16065,2018,34.2
16065,2019,33.8
16065,2020,27.1
16065,2021,32.8
16065,2022,34.3
16065,2023,40.5
16065,2024,37.7
16065,2025,40
16066,2008,67.6
16066,2009,72.1
16066,2010,74.3
16066,2011,66
16066,2012,54.6
16066,2013,57.6
16066,2014,53.6
16066,2015,48.1
16066,2016,46.2
16066,2017,47.6
16066,2018,50.3
16066,2019,47.8
16066,2020,46.4
16066,2021,51.4
16066,2022,51.5
16066,2023,46.1
16066,2024,52.1
16066,2025,55
16067,2008,62.7
16067,2009,67.9
16067,2010,68.3
16067,2011,58.2
16067,2012,49.2
16067,2013,48.9
16067,2014,49.5
16067,2015,48
16067,2016,43.3
16067,2017,40.4
16067,2018,46.4
16067,2019,42.2
16067,2020,45.1
16067,2021,41.5
16067,2022,45.2
16067,2023,46.6
16067,2024,44.1
16067,2025,46.6
16068,2008,59.6
16068,2009,63.8
16068,2010,68.1
16068,2011,56.3
16068,2012,47.4
16068,2013,47
16068,2014,41.5
16068,2015,41.8
16068,2016,47.3
16068,2017,41.2
16068,2018,40.2
16068,2019,41.8
16068,2020,38.4
16068,2021,42.5
16068,2022,43
16068,2023,47.6
16068,2024,45.2
16068,2025,51.3
16069,2008,56.8
16069,2009,71.8
16069,2010,50.6
16069,2011,54.1
16069,2012,48.5
16069,2013,52.5
16069,2014,44.3
16069,2015,39.2
16069,2016,40.8
16069,2017,40.2
16069,2018,37.7
16069,2019,41.2
16069,2020,40.5
16069,2021,46.5
16069,2022,48.4
16069,2023,45.4
16069,2024,50.5
16069,2025,48.8
16070,2008,75.2
16070,2009,75.8
16070,2010,73.9
16070,2011,78.6
16070,2012,72.5
16070,2013,62.7
16070,2014,55
16070,2015,53.5
16070,2016,54
16070,2017,53.2
16070,2018,49.6
16070,2019,51
16070,2020,47.4
16070,2021,50.3
16070,2022,43.6
16070,2023,44.3
16070,2024,45.6
16070,2025,48.3
16071,2008,81
16071,2009,90.2
16071,2010,74.3
16071,2011,69.8
16071,2012,61.3
16071,2013,61
16071,2014,57.3
16071,2015,55.2
16071,2016,46.2
16071,2017,53
16071,2018,50
16071,2019,51.6
16071,2020,45.4
16071,2021,49.5
16071,2022,48.7
16071,2023,51
16071,2024,46.5
16071,2025,53.2
16072,2008,82.4
16072,2009,78.5
16072,2010,63.1
16072,2011,73
16072,2012,56.2
16072,2013,53.7
16072,2014,52.8
16072,2015,48.2
16072,2016,45.5
16072,2017,36.7
16072,2018,49.6
16072,2019,42.4
16072,2020,45
16072,2021,43
16072,2022,49.1
16072,2023,48.1
16072,2024,49
16072,2025,51.1
16073,2008,62.6
16073,2009,65.7
16073,2010,58.9
16073,2011,55.9
16073,2012,45.9
16073,2013,45.9
16073,2014,46.7
16073,2015,43.7
16073,2016,45.4
16073,2017,40.2
16073,2018,42.2
16073,2019,43.9
16073,2020,40.9
16073,2021,45.8
16073,2022,44.6
16073,2023,45.3
16073,2024,51.3
16073,2025,52.8
16074,2008,73.7
16074,2009,78.2
16074,2010,70.1
16074,2011,65.5
16074,2012,54.2
16074,2013,48.6
16074,2014,50.2
16074,2015,49.5
16074,2016,44.2
16074,2017,46.6
16074,2018,42.8
16074,2019,41.2
16074,2020,34.6
16074,2021,45.1
16074,2022,36.8
16074,2023,45.2
16074,2024,39.1
16074,2025,47.1
16075,2008,64.2
16075,2009,74.7
16075,2010,63.7
16075,2011,61.4
16075,2012,57.6
16075,2013,56.5
16075,2014,50.4
16075,2015,51.7
16075,2016,49.6
16075,2017,45.5
16075,2018,45.8
16075,2019,50.5
16075,2020,45.5
16075,2021,52.3
16075,2022,52.4
16075,2023,56.1
16075,2024,57
16075,2025,53.8
16076,2008,71.5
16076,2009,81.8
16076,2010,71
16076,2011,66.5
16076,2012,55.1
16076,2013,58.2
16076,2014,50.5
16076,2015,53.8
16076,2016,53.6
16076,2017,45
16076,2018,43
16076,2019,48.6
16076,2020,45.7
16076,2021,42.2
16076,2022,40.9
16076,2023,48.2
16076,2024,49.5
16076,2025,55.3
16077,2008,67.6
16077,2009,73.2
16077,2010,61.2
16077,2011,50.7
16077,2012,51.8
16077,2013,40.6
16077,2014,37.4
16077,2015,42.4
16077,2016,48.7
16077,2017,34.7
16077,2018,36.5
16077,2019,36.4
16077,2020,36.6
16077,2021,42.8
16077,2022,38.4
16077,2023,42.4
16077,2024,37.7
16077,2025,40.5
10041100,2010,107.4
10041100,2011,95.5
10041100,2012,88.1
10041100,2013,81.1
10041100,2014,79.1
10041100,2015,81.2
10041100,2016,77.1
10041100,2017,73.3
10041100,2018,76.7
10041100,2019,77.7
10041100,2020,73.8
10041100,2021,83.2
10041100,2022,80.9
10041100,2023,81.1
10041100,2024,85.4
10041100,2025,91.6
11001001,2022,177.7
11001001,2023,167.8
11001001,2024,164.1
11001001,2025,160.8
11002002,2022,139.2
11002002,2023,136.2
11002002,2024,132
11002002,2025,137.2
11003003,2022,90
11003003,2023,94.1
11003003,2024,101.8
11003003,2025,102.4
11004004,2022,123.6
11004004,2023,124
11004004,2024,129.4
11004004,2025,114.4
11005005,2022,94
11005005,2023,98.4
11005005,2024,95.3
11005005,2025,98.1
11006006,2022,82.5
11006006,2023,84.6
11006006,2024,83.5
11006006,2025,87.5
11007007,2022,122.6
11007007,2023,132.9
11007007,2024,161.3
11007007,2025,187.4
11008008,2022,125.1
11008008,2023,123.8
11008008,2024,115.2
11008008,2025,116
11009009,2022,93.4
11009009,2023,79.2
11009009,2024,81.2
11009009,2025,87
11010010,2022,70.8
11010010,2023,76.5
11010010,2024,77.5
11010010,2025,80
11011011,2022,69.1
11011011,2023,67.4
11011011,2024,67.7
11011011,2025,67.4
11012012,2022,84.1
11012012,2023,90.7
11012012,2024,82
11012012,2025,89.3
09463,2008,87.6
09463,2009,83
09463,2010,89.4
09463,2011,86.9
09463,2012,62.7
09463,2013,60.2
09463,2014,68.2
09463,2015,57.3
09463,2016,57.8
09463,2017,59
09463,2018,62.6
09463,2019,63.4
09463,2020,73.5
09463,2021,73.6
09463,2022,79.9
09463,2023,79.7
09463,2024,76.1
09463,2025,79.7
05911,2008,76.7
05911,2009,79.6
05911,2010,76.4
05911,2011,77.9
05911,2012,76.6
05911,2013,75.3
05911,2014,76.3
05911,2015,76.2
05911,2016,67.7
05911,2017,67.5
05911,2018,70.5
05911,2019,70
05911,2020,70.9
05911,2021,80
05911,2022,79.1
05911,2023,78.9
05911,2024,81.8
05911,2025,83.5
09576,2008,94.8
09576,2009,109.7
09576,2010,101
09576,2011,95.7
09576,2012,86.3
09576,2013,87
09576,2014,80.8
09576,2015,84.3
09576,2016,79.2
09576,2017,86.5
09576,2018,82
09576,2019,87.7
09576,2020,88.1
09576,2021,94.1
09576,2022,88.9
09576,2023,85.9
09576,2024,81.1
09576,2025,89.5
07133,2008,105.7
07133,2009,111.1
07133,2010,112.1
07133,2011,102.3
07133,2012,94.5
07133,2013,96.3
07133,2014,95.2
07133,2015,90.4
07133,2016,88.5
07133,2017,81.9
07133,2018,82.9
07133,2019,77.1
07133,2020,70.4
07133,2021,76
07133,2022,71
07133,2023,82
07133,2024,80.6
07133,2025,80.9
08236,2008,90.9
08236,2009,89.1
08236,2010,88.3
08236,2011,87.3
08236,2012,77.1
08236,2013,78.4
08236,2014,81.6
08236,2015,77.4
08236,2016,76
08236,2017,75.3
08236,2018,74.9
08236,2019,68.1
08236,2020,71.8
08236,2021,77
08236,2022,75.5
08236,2023,86.7
08236,2024,84.7
08236,2025,93.9
09779,2008,102.5
09779,2009,100.6
09779,2010,93.6
09779,2011,83.5
09779,2012,74.9
09779,2013,72.8
09779,2014,67.6
09779,2015,63.1
09779,2016,64.4
09779,2017,71.8
09779,2018,67.4
09779,2019,64.4
09779,2020,70.4
09779,2021,82.5
09779,2022,71.3
09779,2023,72.9
09779,2024,75.3
09779,2025,73.6
09673,2008,67.8
09673,2009,70
09673,2010,70.9
09673,2011,62.5
09673,2012,59.2
09673,2013,63.7
09673,2014,58.1
09673,2015,59
09673,2016,64.4
09673,2017,61.9
09673,2018,59.3
09673,2019,61.6
09673,2020,66.9
09673,2021,77.7
09673,2022,71.2
09673,2023,68
09673,2024,69.5
09673,2025,73.8
05119,2008,78.5
05119,2009,83.2
05119,2010,81.8
05119,2011,80
05119,2012,78.5
05119,2013,76.3
05119,2014,72.5
05119,2015,76.6
05119,2016,72.4
05119,2017,75.7
05119,2018,73.8
05119,2019,73.7
05119,2020,67.9
05119,2021,78.1
05119,2022,77.9
05119,2023,76.5
05119,2024,84.1
05119,2025,90.1
09163,2008,124.3
09163,2009,126.4
09163,2010,132.5
09163,2011,135.1
09163,2012,125.5
09163,2013,115.3
09163,2014,109.6
09163,2015,107.9
09163,2016,118.4
09163,2017,124.7
09163,2018,113.1
09163,2019,115.7
09163,2020,117.3
09163,2021,117.2
09163,2022,117.8
09163,2023,108
09163,2024,116.6
09163,2025,101.3
08316,2008,88.5
08316,2009,92.2
08316,2010,93.6
08316,2011,90
08316,2012,74.7
08316,2013,78.2
08316,2014,74.3
08316,2015,73.8
08316,2016,69.3
08316,2017,74.2
08316,2018,66
08316,2019,73.4
08316,2020,71.2
08316,2021,82.4
08316,2022,78.6
08316,2023,79.8
08316,2024,78.1
08316,2025,90.8
03254,2008,82.1
03254,2009,86.3
03254,2010,79.7
03254,2011,73.6
03254,2012,67.9
03254,2013,65.9
03254,2014,65.3
03254,2015,64.9
03254,2016,62.4
03254,2017,62.1
03254,2018,68.1
03254,2019,64.6
03254,2020,64.7
03254,2021,71.2
03254,2022,71.8
03254,2023,77.2
03254,2024,77.6
03254,2025,84.3
09180,2008,113.7
09180,2009,105.2
09180,2010,131.5
09180,2011,119.4
09180,2012,103.5
09180,2013,111.3
09180,2014,101.1
09180,2015,94.4
09180,2016,103.2
09180,2017,94.8
09180,2018,85.8
09180,2019,86.8
09180,2020,89.2
09180,2021,85
09180,2022,85.7
09180,2023,85.2
09180,2024,96.4
09180,2025,92.4
09183,2008,102
09183,2009,112.9
09183,2010,107.4
09183,2011,98.9
09183,2012,94
09183,2013,100.9
09183,2014,105.5
09183,2015,91.4
09183,2016,95.4
09183,2017,89.7
09183,2018,86.2
09183,2019,87.7
09183,2020,91.8
09183,2021,96
09183,2022,78.6
09183,2023,87.1
09183,2024,85
09183,2025,98.7
08436,2008,93.6
08436,2009,93.4
08436,2010,94.1
08436,2011,87.6
08436,2012,82.9
08436,2013,81.2
08436,2014,82.6
08436,2015,75.7
08436,2016,72.1
08436,2017,71.8
08436,2018,74.2
08436,2019,72.7
08436,2020,78.8
08436,2021,79.2
08436,2022,76.6
08436,2023,81.5
08436,2024,81.6
08436,2025,86.7
05711,2008,84.8
05711,2009,92.2
05711,2010,89
05711,2011,89.3
05711,2012,85.6
05711,2013,81.7
05711,2014,75
05711,2015,71.4
05711,2016,74.1
05711,2017,74
05711,2018,71.6
05711,2019,74
05711,2020,69
05711,2021,77.5
05711,2022,74.6
05711,2023,73.4
05711,2024,77.6
05711,2025,81.2
03454,2008,80.5
03454,2009,99
03454,2010,108.5
03454,2011,88.4
03454,2012,81.3
03454,2013,76.3
03454,2014,69
03454,2015,65.6
03454,2016,61.4
03454,2017,60.5
03454,2018,63.4
03454,2019,63.8
03454,2020,69.3
03454,2021,75.6
03454,2022,74.3
03454,2023,74.8
03454,2024,75.5
03454,2025,82.9
08116,2008,97.5
08116,2009,103.9
08116,2010,105.7
08116,2011,103.3
08116,2012,95.3
08116,2013,96.2
08116,2014,88.4
08116,2015,87.2
08116,2016,83.2
08116,2017,81.6
08116,2018,76.3
08116,2019,77.2
08116,2020,79.7
08116,2021,84
08116,2022,84
08116,2023,84.8
08116,2024,83.9
08116,2025,92.2
05111,2008,131.6
05111,2009,130.9
05111,2010,137.9
05111,2011,139.4
05111,2012,128.8
05111,2013,130.7
05111,2014,125.7
05111,2015,125.8
05111,2016,115.5
05111,2017,118.1
05111,2018,109.4
05111,2019,105.7
05111,2020,96.5
05111,2021,121.8
05111,2022,114.6
05111,2023,112.6
05111,2024,119.7
05111,2025,114.8
09363,2008,72.6
09363,2009,77.6
09363,2010,75.5
09363,2011,76
09363,2012,78.6
09363,2013,73.9
09363,2014,72.1
09363,2015,73.7
09363,2016,65.1
09363,2017,58.6
09363,2018,64
09363,2019,73.2
09363,2020,62.6
09363,2021,78.8
09363,2022,71
09363,2023,85.7
09363,2024,81.1
09363,2025,85.3
03404,2008,94
03404,2009,106.7
03404,2010,105.1
03404,2011,101.4
03404,2012,90.7
03404,2013,90.1
03404,2014,89.8
03404,2015,81.2
03404,2016,73.1
03404,2017,77.8
03404,2018,74.2
03404,2019,76.9
03404,2020,56.8
03404,2021,71.4
03404,2022,72.1
03404,2023,83.7
03404,2024,82.1
03404,2025,84.5
05116,2008,105
05116,2009,114.1
05116,2010,111.9
05116,2011,103.7
05116,2012,94.9
05116,2013,97.8
05116,2014,98.9
05116,2015,97.7
05116,2016,95.2
05116,2017,89.9
05116,2018,91.1
05116,2019,86.6
05116,2020,82
05116,2021,90.9
05116,2022,86.6
05116,2023,89.8
05116,2024,90.5
05116,2025,99.6
07143,2008,102.1
07143,2009,99.2
07143,2010,96
07143,2011,93.4
07143,2012,84.4
07143,2013,82.3
07143,2014,88.8
07143,2015,78.9
07143,2016,73.2
07143,2017,73.1
07143,2018,74.5
07143,2019,74.2
07143,2020,73
07143,2021,82.3
07143,2022,78
07143,2023,85.8
07143,2024,83.1
07143,2025,91
06439,2008,112.5
06439,2009,120.8
06439,2010,114.1
06439,2011,111.9
06439,2012,105.5
06439,2013,108.3
06439,2014,98.6
06439,2015,94.3
06439,2016,97.8
06439,2017,87.8
06439,2018,90
06439,2019,95.5
06439,2020,87.6
06439,2021,91.3
06439,2022,95.3
06439,2023,89.6
06439,2024,88
06439,2025,94
04011,2008,85.7
04011,2009,93.7
04011,2010,88.1
04011,2011,83.1
04011,2012,81.4
04011,2013,83.8
04011,2014,74.9
04011,2015,65.7
04011,2016,51.6
04011,2018,94.6
04011,2019,80
04011,2020,66.7
04011,2021,76.5
04011,2022,86.9
04011,2023,88.3
04011,2024,80.6
04011,2025,80
05334,2009,86.1
05334,2010,83.2
05334,2011,85.4
05334,2012,82
05334,2013,81.6
05334,2014,80
05334,2015,75.3
05334,2016,75.8
05334,2017,76.9
05334,2018,72.7
05334,2019,71.7
05334,2020,73.3
05334,2021,71.9
05334,2022,71.4
05334,2023,75.7
05334,2024,72.5
05334,2025,78.4
03257,2008,80
03257,2009,89.9
03257,2010,78.7
03257,2011,80.5
03257,2012,68.9
03257,2013,71.5
03257,2014,71.9
03257,2015,68.4
03257,2016,66.6
03257,2017,64.6
03257,2018,62.9
03257,2019,61.4
03257,2020,63.7
03257,2021,71.5
03257,2022,73.4
03257,2023,80.1
03257,2024,70.4
03257,2025,81.1
03151,2008,65.6
03151,2009,63
03151,2010,72.3
03151,2011,57.9
03151,2012,54.3
03151,2013,54.4
03151,2014,60.5
03151,2015,54.2
03151,2016,57.3
03151,2017,56.6
03151,2018,55.6
03151,2019,60.2
03151,2020,64.6
03151,2021,74.2
03151,2022,69.3
03151,2023,74.1
03151,2024,71.3
03151,2025,82.1
03354,2008,76.5
03354,2009,72.2
03354,2010,76.1
03354,2011,73.8
03354,2012,62.9
03354,2013,59.6
03354,2014,64.9
03354,2015,65.8
03354,2016,59
03354,2017,69.6
03354,2018,64.1
03354,2019,68.6
03354,2020,66
03354,2021,67
03354,2022,65.5
03354,2023,72.2
03354,2024,74.6
03354,2025,87.1
09661,2008,119.3
09661,2009,130.3
09661,2010,110.8
09661,2011,122.3
09661,2012,119.1
09661,2013,112.5
09661,2014,122.2
09661,2015,105.3
09661,2016,90
09661,2017,82.5
09661,2018,98.1
09661,2019,102.5
09661,2020,90.1
09661,2021,105
09661,2022,111.4
09661,2023,119.9
09661,2024,106.1
09661,2025,110.5
03101,2008,83.6
03101,2009,79.9
03101,2010,79.2
03101,2011,72.7
03101,2012,71.2
03101,2013,69.4
03101,2014,65.8
03101,2015,65.7
03101,2016,61.7
03101,2017,61.5
03101,2018,60.7
03101,2019,60.3
03101,2020,61.3
03101,2021,66.7
03101,2022,63.3
03101,2023,60
03101,2024,57.8
03101,2025,73
06634,2008,85.5
06634,2009,80.4
06634,2010,73
06634,2011,60.7
06634,2012,54.6
06634,2013,56.6
06634,2014,59
06634,2015,58.2
06634,2016,56.6
06634,2017,53.3
06634,2018,55.4
06634,2019,60.5
06634,2020,65
06634,2021,67.6
06634,2022,67.4
06634,2023,67.2
06634,2024,68.3
06634,2025,73.9
06631,2008,80.6
06631,2009,86.4
06631,2010,83.3
06631,2011,76.6
06631,2012,66.2
06631,2013,69.5
06631,2014,64.9
06631,2015,65.4
06631,2016,63.5
06631,2017,70.2
06631,2018,66.1
06631,2019,72.2
06631,2020,70.8
06631,2021,77.3
06631,2022,74.5
06631,2023,78.8
06631,2024,72.4
06631,2025,83.6
03154,2008,61
03154,2009,69.4
03154,2010,55.4
03154,2011,54.9
03154,2012,56
03154,2013,61.3
03154,2014,53.8
03154,2015,54.4
03154,2016,52.3
03154,2017,57.6
03154,2018,55.4
03154,2019,57
03154,2020,60.3
03154,2021,72.2
03154,2022,62.4
03154,2023,63.4
03154,2024,60.9
03154,2025,69.4
09263,2008,92.3
09263,2009,110.4
09263,2010,104.5
09263,2011,91.2
09263,2012,89.4
09263,2013,93.8
09263,2014,87.2
09263,2015,86.2
09263,2016,78.6
09263,2017,81.7
09263,2018,89.3
09263,2019,81
09263,2020,82.2
09263,2021,85.5
09263,2022,88.6
09263,2023,96.5
09263,2024,69.2
09263,2025,87.9
09563,2008,113.1
09563,2009,128.1
09563,2010,134.4
09563,2011,135.8
09563,2012,130.2
09563,2013,143.2
09563,2014,111.1
09563,2015,103.5
09563,2016,94.2
09563,2017,88.8
09563,2018,98.2
09563,2019,89.3
09563,2020,91.1
09563,2021,104.9
09563,2022,91.5
09563,2023,93.8
09563,2024,89.8
09563,2025,97
01057,2008,87
01057,2009,86.8
01057,2010,88.9
01057,2011,90.2
01057,2012,75.9
01057,2013,70.3
01057,2014,72
01057,2015,70.5
01057,2016,69.4
01057,2017,64.2
01057,2018,61.1
01057,2019,65.9
01057,2020,58
01057,2021,75
01057,2022,73.7
01057,2023,74.1
01057,2024,73.6
01057,2025,81.4
03351,2008,81.3
03351,2009,83.4
03351,2010,79.8
03351,2011,75.2
03351,2012,67.5
03351,2013,72.4
03351,2014,73.5
03351,2015,70.3
03351,2016,62.4
03351,2017,64.4
03351,2018,68.5
03351,2019,69.1
03351,2020,76.5
03351,2021,79.9
03351,2022,78.8
03351,2023,83.3
03351,2024,80.4
03351,2025,91.5
08119,2008,93.5
08119,2009,95.9
08119,2010,99.1
08119,2011,94.5
08119,2012,92.5
08119,2013,92.8
08119,2014,84
08119,2015,81
08119,2016,83.1
08119,2017,76.8
08119,2018,75.2
08119,2019,73.9
08119,2020,78
08119,2021,85.1
08119,2022,78.5
08119,2023,80.2
08119,2024,81.9
08119,2025,95.7
07333,2008,89.4
07333,2009,95.5
07333,2010,84.2
07333,2011,75.6
07333,2012,75.2
07333,2013,69.5
07333,2014,74.6
07333,2015,74.8
07333,2016,61.3
07333,2017,68.9
07333,2018,57.9
07333,2019,59.4
07333,2020,66.8
07333,2021,73.2
07333,2022,60.9
07333,2023,69.9
07333,2024,74.5
07333,2025,84.6
08216,2008,79.9
08216,2009,81.4
08216,2010,81.8
08216,2011,82.8
08216,2012,74.3
08216,2013,76.6
08216,2014,70.2
08216,2015,74
08216,2016,70.9
08216,2017,67.3
08216,2018,67
08216,2019,69.6
08216,2020,74.3
08216,2021,78.1
08216,2022,81.1
08216,2023,80.8
08216,2024,83.2
08216,2025,86
07211,2008,88.4
07211,2009,85.7
07211,2010,89.3
07211,2011,86.1
07211,2012,87.3
07211,2013,72.9
07211,2014,77.9
07211,2015,74.8
07211,2016,81.8
07211,2017,84.4
07211,2018,77
07211,2019,70.3
07211,2020,57
07211,2021,67.9
07211,2022,66.3
07211,2023,73.2
07211,2024,80.7
07211,2025,85.6
03457,2008,92.2
03457,2009,89.8
03457,2010,96.2
03457,2011,80.4
03457,2012,78.8
03457,2013,81
03457,2014,73.3
03457,2015,73.8
03457,2016,78.1
03457,2017,75.7
03457,2018,69.1
03457,2019,70.4
03457,2020,76
03457,2021,83.6
03457,2022,69
03457,2023,78.7
03457,2024,74.4
03457,2025,74.6
01061,2008,97.2
01061,2009,103.3
01061,2010,98.4
01061,2011,88.1
01061,2012,84.6
01061,2013,85.3
01061,2014,82.8
01061,2015,81.9
01061,2016,76.9
01061,2017,73.5
01061,2018,70
01061,2019,80.7
01061,2020,67.5
01061,2021,81.9
01061,2022,77.9
01061,2023,76.6
01061,2024,76.6
01061,2025,79.6
05962,2008,75.9
05962,2009,80.3
05962,2010,73.1
05962,2011,67.1
05962,2012,66.8
05962,2013,69.5
05962,2014,65.8
05962,2015,60.2
05962,2016,62.8
05962,2017,58.3
05962,2018,57.4
05962,2019,62.2
05962,2020,61.7
05962,2021,65.7
05962,2022,61.6
05962,2023,60.1
05962,2024,78.1
05962,2025,75.7
09676,2008,99.1
09676,2009,116.8
09676,2010,100.7
09676,2011,98.3
09676,2012,96.2
09676,2013,82.8
09676,2014,80.2
09676,2015,83.6
09676,2016,81.9
09676,2017,79.9
09676,2018,76.6
09676,2019,75.3
09676,2020,80.6
09676,2021,80.9
09676,2022,89.4
09676,2023,87.1
09676,2024,83.6
09676,2025,94.4
01004,2008,95.8
01004,2009,108.7
01004,2010,116.4
01004,2011,118.6
01004,2012,106.9
01004,2013,109.9
01004,2014,97.5
01004,2015,106.3
01004,2016,85.5
01004,2017,93.3
01004,2018,93.7
01004,2019,98.8
01004,2020,88.4
01004,2021,81.2
01004,2022,78.1
01004,2023,88.6
01004,2024,90.7
01004,2025,88.4
03241,2008,83.8
03241,2009,84.8
03241,2010,86
03241,2011,91.3
03241,2012,83.1
03241,2013,81.4
03241,2014,80.3
03241,2015,77.2
03241,2016,71.6
03241,2017,73.2
03241,2018,72.7
03241,2019,76.1
03241,2020,72.2
03241,2021,75.4
03241,2022,77
03241,2023,80.5
03241,2024,80.3
03241,2025,90
05774,2008,93
05774,2009,96.3
05774,2010,98.8
05774,2011,83.9
05774,2012,74.8
05774,2013,75.5
05774,2014,75.3
05774,2015,74.1
05774,2016,81.3
05774,2017,74.5
05774,2018,72.8
05774,2019,77.5
05774,2020,76.8
05774,2021,79.5
05774,2022,72.5
05774,2023,79.3
05774,2024,82.2
05774,2025,86.1
07320,2008,88.4
07320,2009,89.4
07320,2010,94.3
07320,2011,68.6
07320,2012,86.5
07320,2013,93.9
07320,2014,99
07320,2015,111
07320,2016,125.5
07320,2017,125.8
07320,2018,106
07320,2019,90.1
07320,2020,89.5
07320,2021,81.4
07320,2022,92.1
07320,2023,113.8
07320,2024,94.8
07320,2025,84.2
03361,2008,88.4
03361,2009,93.7
03361,2010,89.8
03361,2011,89.1
03361,2012,70.2
03361,2013,72
03361,2014,72.7
03361,2015,70.9
03361,2016,69.7
03361,2017,68.5
03361,2018,69.1
03361,2019,72.8
03361,2020,72
03361,2021,85.8
03361,2022,85.2
03361,2023,87.4
03361,2024,82.8
03361,2025,93.9
01062,2008,106.4
01062,2009,112.8
01062,2010,113.4
01062,2011,116
01062,2012,107.5
01062,2013,108.3
01062,2014,98.3
01062,2015,101.8
01062,2016,98.1
01062,2017,96
01062,2018,92.9
01062,2019,92.4
01062,2020,94.7
01062,2021,96
01062,2022,94.9
01062,2023,97.9
01062,2024,94
01062,2025,99.6
05754,2008,80.3
05754,2009,82.1
05754,2010,80.9
05754,2011,76.8
05754,2012,71.3
05754,2013,74.2
05754,2014,72.2
05754,2015,66.7
05754,2016,70.8
05754,2017,71.3
05754,2018,69.4
05754,2019,73.9
05754,2020,71
05754,2021,74.7
05754,2022,74.4
05754,2023,79
05754,2024,82.1
05754,2025,81.9
09476,2008,61.1
09476,2009,66
09476,2010,64.5
09476,2011,59
09476,2012,57.5
09476,2013,53.2
09476,2014,53.8
09476,2015,51.4
09476,2016,51.6
09476,2017,46
09476,2018,49.5
09476,2019,51.2
09476,2020,59.4
09476,2021,66.6
09476,2022,62.9
09476,2023,63
09476,2024,67.8
09476,2025,74.2
05762,2008,75.4
05762,2009,95.5
05762,2010,90
05762,2011,62.3
05762,2012,59.2
05762,2013,54.1
05762,2014,55.7
05762,2015,57
05762,2016,52.2
05762,2017,56.6
05762,2018,53.6
05762,2019,58
05762,2020,57.4
05762,2021,57.1
05762,2022,61.9
05762,2023,63.2
05762,2024,60.7
05762,2025,67.9
08426,2008,76.1
08426,2009,81.9
08426,2010,78
08426,2011,75.6
08426,2012,72.7
08426,2013,73.6
08426,2014,71.7
08426,2015,71.2
08426,2016,66.4
08426,2017,60.8
08426,2018,64
08426,2019,61.4
08426,2020,65.7
08426,2021,71.9
08426,2022,73.6
08426,2023,75.7
08426,2024,74.1
08426,2025,82.3
09188,2008,145.9
09188,2009,148.9
09188,2010,146.6
09188,2011,149.5
09188,2012,142.7
09188,2013,131.5
09188,2014,134.9
09188,2015,128.7
09188,2016,127
09188,2017,115.9
09188,2018,113
09188,2019,109.3
09188,2020,112
09188,2021,113.8
09188,2022,105.6
09188,2023,106.1
09188,2024,104.3
09188,2025,113.9
09176,2008,85.8
09176,2009,84.5
09176,2010,84.7
09176,2011,76.8
09176,2012,73.6
09176,2013,70.9
09176,2014,68.2
09176,2015,63.8
09176,2016,63.3
09176,2017,59.9
09176,2018,70.8
09176,2019,65.8
09176,2020,66.7
09176,2021,78.1
09176,2022,78.7
09176,2023,76.4
09176,2024,80.6
09176,2025,81
09761,2008,110.5
09761,2009,116.6
09761,2010,123.1
09761,2011,117.2
09761,2012,106.5
09761,2013,114.2
09761,2014,106
09761,2015,100.7
09761,2016,91.5
09761,2017,89.2
09761,2018,89
09761,2019,89.4
09761,2020,88.4
09761,2021,87.2
09761,2022,82
09761,2023,82.5
09761,2024,83.4
09761,2025,94.5
08136,2008,77.9
08136,2009,81
08136,2010,80.6
08136,2011,65.3
08136,2012,61.7
08136,2013,65.5
08136,2014,64.1
08136,2015,66.5
08136,2016,68
08136,2017,65.5
08136,2018,64.4
08136,2019,64.5
08136,2020,70.8
08136,2021,75.6
08136,2022,72.5
08136,2023,74.2
08136,2024,73.7
08136,2025,80.2
09771,2008,115.3
09771,2009,116.3
09771,2010,129.7
09771,2011,116
09771,2012,109.4
09771,2013,91.1
09771,2014,101.1
09771,2015,90.2
09771,2016,88.1
09771,2017,91.5
09771,2018,86.7
09771,2019,90.1
09771,2020,90.4
09771,2021,102.1
09771,2022,92.9
09771,2023,93.2
09771,2024,88.8
09771,2025,90.6
06414,2008,126.4
06414,2009,129.2
06414,2010,134.2
06414,2011,140
06414,2012,134.9
06414,2013,143.5
06414,2014,116.1
06414,2015,116.3
06414,2016,110
06414,2017,98.7
06414,2018,92.8
06414,2019,96.4
06414,2020,87.5
06414,2021,91.6
06414,2022,88.9
06414,2023,96.6
06414,2024,95.7
06414,2025,108.9
03251,2008,86.9
03251,2009,109.2
03251,2010,110.4
03251,2011,97.6
03251,2012,88.7
03251,2013,84.9
03251,2014,80.4
03251,2015,79.4
03251,2016,77.6
03251,2017,81.2
03251,2018,76.3
03251,2019,78
03251,2020,81.1
03251,2021,89
03251,2022,92.1
03251,2023,89.4
03251,2024,87.7
03251,2025,97
07231,2008,88.2
07231,2009,102.6
07231,2010,91.4
07231,2011,72.2
07231,2012,69.2
07231,2013,72.9
07231,2014,65.5
07231,2015,65.8
07231,2016,68.4
07231,2017,64.2
07231,2018,61
07231,2019,64.5
07231,2020,67.2
07231,2021,69.5
07231,2022,66
07231,2023,75.8
07231,2024,65.8
07231,2025,67.6
08416,2008,77.6
08416,2009,79.4
08416,2010,79.5
08416,2011,78.6
08416,2012,72
08416,2013,65.6
08416,2014,65.7
08416,2015,64
08416,2016,59.4
08416,2017,61.7
08416,2018,58.6
08416,2019,60.6
08416,2020,62.6
08416,2021,65.5
08416,2022,60.1
08416,2023,62.9
08416,2024,65.9
08416,2025,69
06534,2008,100.5
06534,2009,109.6
06534,2010,98.3
06534,2011,118.2
06534,2012,107.8
06534,2013,101.6
06534,2014,95.7
06534,2015,103.3
06534,2016,102.5
06534,2017,103.6
06534,2018,97.1
06534,2019,113.9
06534,2020,98.9
06534,2021,116.4
06534,2022,99.6
06534,2023,112.5
06534,2024,100.3
06534,2025,114.5
07111,2008,117.9
07111,2009,112.8
07111,2010,110.6
07111,2011,114.4
07111,2012,120.4
07111,2013,103.2
07111,2014,102
07111,2015,103.9
07111,2016,93.9
07111,2017,81.6
07111,2018,78.1
07111,2019,85.3
07111,2020,89.3
07111,2021,87.7
07111,2022,79.2
07111,2023,93.4
07111,2024,102.9
07111,2025,108
05374,2008,78.5
05374,2009,85.5
05374,2010,79.9
05374,2011,83.5
05374,2012,77.9
05374,2013,76.7
05374,2014,81.2
05374,2015,77.4
05374,2016,75.6
05374,2017,76.2
05374,2018,77.9
05374,2019,71.9
05374,2020,71.6
05374,2021,77.6
05374,2022,79.1
05374,2023,81.7
05374,2024,85.6
05374,2025,87.4
07331,2008,100.6
07331,2009,110.3
07331,2010,104.7
07331,2011,105.9
07331,2012,99.2
07331,2013,97.8
07331,2014,87.3
07331,2015,80.4
07331,2016,86.6
07331,2017,72.8
07331,2018,75.5
07331,2019,74.6
07331,2020,78.7
07331,2021,86.1
07331,2022,80.3
07331,2023,88.9
07331,2024,77.1
07331,2025,82.3
09663,2008,88.5
09663,2009,86.9
09663,2010,99.4
09663,2011,98.6
09663,2012,86.2
09663,2013,88
09663,2014,82.4
09663,2015,80.9
09663,2016,81.1
09663,2017,80.3
09663,2018,80.9
09663,2019,73
09663,2020,78.6
09663,2021,84.9
09663,2022,69.5
09663,2023,80.2
09663,2024,82.7
09663,2025,92.2
09190,2008,96
09190,2009,102.7
09190,2010,116.6
09190,2011,104.8
09190,2012,99.8
09190,2013,99
09190,2014,100.8
09190,2015,93.5
09190,2016,82.8
09190,2017,89.9
09190,2018,86.1
09190,2019,91
09190,2020,87.6
09190,2021,95.2
09190,2022,89.1
09190,2023,86.2
09190,2024,87.1
09190,2025,93
09273,2008,100.5
09273,2009,98.3
09273,2010,94.3
09273,2011,88.1
09273,2012,81.6
09273,2013,77.8
09273,2014,78.1
09273,2015,82.1
09273,2016,77.8
09273,2017,77.6
09273,2018,82.8
09273,2019,79.9
09273,2020,83.3
09273,2021,86.8
09273,2022,89
09273,2023,85.8
09273,2024,81.9
09273,2025,87.9
07316,2008,91.5
07316,2009,80
07316,2010,89.4
07316,2011,101
07316,2012,85.7
07316,2013,89.8
07316,2014,84.8
07316,2015,87.9
07316,2016,70.8
07316,2017,77
07316,2018,84.5
07316,2019,76.1
07316,2020,83.9
07316,2021,75.3
07316,2022,78.8
07316,2023,81
07316,2024,82.2
07316,2025,81.1
03357,2008,82.4
03357,2009,89.1
03357,2010,93.7
03357,2011,84.2
03357,2012,77.2
03357,2013,70
03357,2014,75.9
03357,2015,73.9
03357,2016,64
03357,2017,66.7
03357,2018,69
03357,2019,70.9
03357,2020,71
03357,2021,81.5
03357,2022,78.2
03357,2023,80.7
03357,2024,80.8
03357,2025,88.1
05117,2008,85.9
05117,2009,66.7
05117,2010,64.7
05117,2011,90.5
05117,2012,80.2
05117,2013,78.8
05117,2014,74.5
05117,2015,72.5
05117,2016,71
05117,2017,69.3
05117,2018,72.4
05117,2019,72.6
05117,2020,66.5
05117,2021,68.1
05117,2022,66.2
05117,2023,68.8
05117,2024,71.1
05117,2025,77.2
09371,2008,75.7
09371,2009,73.6
09371,2010,77.6
09371,2011,74.1
09371,2012,75.1
09371,2013,60.7
09371,2014,65
09371,2015,70.8
09371,2016,63.4
09371,2017,64.6
09371,2018,59.3
09371,2019,60.1
09371,2020,66.3
09371,2021,71.5
09371,2022,66.6
09371,2023,66.1
09371,2024,70.9
09371,2025,69
07339,2008,103.3
07339,2009,100.3
07339,2010,98.3
07339,2011,94
07339,2012,92.6
07339,2013,86.3
07339,2014,85.4
07339,2015,82.6
07339,2016,82.4
07339,2017,79
07339,2018,76.2
07339,2019,73.9
07339,2020,75.3
07339,2021,73.5
07339,2022,70.9
07339,2023,82.5
07339,2024,83.3
07339,2025,85.1
07233,2008,84.8
07233,2009,105.1
07233,2010,99.6
07233,2011,71.5
07233,2012,61.5
07233,2013,61.6
07233,2014,77.5
07233,2015,79.3
07233,2016,76.7
07233,2017,60.3
07233,2018,76.3
07233,2019,74.9
07233,2020,66.4
07233,2021,69.7
07233,2022,58.2
07233,2023,71
07233,2024,78.1
07233,2025,76.1
01059,2008,104.9
01059,2009,111.1
01059,2010,117.8
01059,2011,91.8
01059,2012,79.7
01059,2013,84.1
01059,2014,81
01059,2015,82
01059,2016,80.9
01059,2017,80
01059,2018,77.9
01059,2019,80.6
01059,2020,77.9
01059,2021,87.8
01059,2022,81.5
01059,2023,83.4
01059,2024,85.3
01059,2025,86.8
09175,2008,126.9
09175,2009,131.7
09175,2010,136.2
09175,2011,138.5
09175,2012,127.3
09175,2013,122.6
09175,2014,115.5
09175,2015,102.8
09175,2016,107.1
09175,2017,102.1
09175,2018,96.3
09175,2019,102.3
09175,2020,94
09175,2021,103.1
09175,2022,93
09175,2023,101.6
09175,2024,96.6
09175,2025,100.5
06413,2008,234.7
06413,2009,259
06413,2010,306.8
06413,2011,332.5
06413,2012,304.7
06413,2013,311.3
06413,2014,175.4
06413,2015,177.8
06413,2016,168.7
06413,2017,165.7
06413,2018,147.6
06413,2019,103.6
06413,2020,110
06413,2021,113.7
06413,2022,118.2
06413,2023,128.8
06413,2024,136.7
06413,2025,139.8
01051,2008,101.8
01051,2009,108.6
01051,2010,117.3
01051,2011,94.7
01051,2012,88.4
01051,2013,77.8
01051,2014,84.6
01051,2015,76.9
01051,2016,68.4
01051,2017,71.6
01051,2018,70.9
01051,2019,72.8
01051,2020,67
01051,2021,77.8
01051,2022,80
01051,2023,76.7
01051,2024,82.5
01051,2025,85.8
09674,2008,71.7
09674,2009,77.5
09674,2010,75.7
09674,2011,67.3
09674,2012,63.2
09674,2013,66.4
09674,2014,60.4
09674,2015,67
09674,2016,60.7
09674,2017,59.1
09674,2018,68.7
09674,2019,61.3
09674,2020,72.7
09674,2021,77.8
09674,2022,66
09674,2023,70.8
09674,2024,72.1
09674,2025,82.7
07314,2008,90.7
07314,2009,97.4
07314,2010,115.6
07314,2011,106.2
07314,2012,94.5
07314,2013,79.7
07314,2014,71.8
07314,2015,68.3
07314,2016,55.3
07314,2017,63.6
07314,2018,61.1
07314,2019,64.7
07314,2020,62.4
07314,2021,64.1
07314,2022,67.8
07314,2023,81.9
07314,2024,73.7
07314,2025,77.6
03252,2008,80.2
03252,2009,83.4
03252,2010,83.5
03252,2011,81.7
03252,2012,66.6
03252,2013,75.9
03252,2014,68.9
03252,2015,61.8
03252,2016,57.5
03252,2017,62.7
03252,2018,64.1
03252,2019,67
03252,2020,68.1
03252,2021,73
03252,2022,67.2
03252,2023,72
03252,2024,72.8
03252,2025,74.3
08135,2008,68.7
08135,2009,76.5
08135,2010,73.2
08135,2011,74.2
08135,2012,65.9
08135,2013,77.6
08135,2014,63.5
08135,2015,69.8
08135,2016,57.3
08135,2017,65.1
08135,2018,60.9
08135,2019,65.5
08135,2020,64.1
08135,2021,69.7
08135,2022,71.5
08135,2023,71.7
08135,2024,69.1
08135,2025,75.2
05554,2008,87.3
05554,2009,110.4
05554,2010,106.4
05554,2011,73.6
05554,2012,68.9
05554,2013,63.1
05554,2014,65.4
05554,2015,64.7
05554,2016,61.6
05554,2017,63.7
05554,2018,63.6
05554,2019,66.7
05554,2020,71.3
05554,2021,71.7
05554,2022,70.6
05554,2023,74.5
05554,2024,74.6
05554,2025,75.8
09773,2008,91.9
09773,2009,94.2
09773,2010,98.6
09773,2011,76.5
09773,2012,73.3
09773,2013,63
09773,2014,64.7
09773,2015,70
09773,2016,61.5
09773,2017,68.7
09773,2018,61.3
09773,2019,68.5
09773,2020,66.2
09773,2021,72.9
09773,2022,66.2
09773,2023,74
09773,2024,77
09773,2025,76.4
05166,2008,107.4
05166,2009,117.7
05166,2010,116.4
05166,2011,105.9
05166,2012,101.4
05166,2013,103.2
05166,2014,102.5
05166,2015,99.3
05166,2016,101.5
05166,2017,104.2
05166,2018,87.7
05166,2019,91.2
05166,2020,85.3
05166,2021,86.8
05166,2022,82.6
05166,2023,87.1
05166,2024,83.8
05166,2025,90.2
08111,2008,87.7
08111,2009,85.8
08111,2010,87.8
08111,2011,83.4
08111,2012,79
08111,2013,83.4
08111,2014,79.5
08111,2015,79.1
08111,2016,74
08111,2017,67.9
08111,2018,67.8
08111,2019,65.1
08111,2020,58.2
08111,2021,71.3
08111,2022,68.8
08111,2023,67.3
08111,2024,63.9
08111,2025,69.9
09375,2008,89.1
09375,2009,97.5
09375,2010,96
09375,2011,92.1
09375,2012,76.8
09375,2013,81.7
09375,2014,82.3
09375,2015,80.7
09375,2016,72.8
09375,2017,71.4
09375,2018,69.3
09375,2019,78.3
09375,2020,69
09375,2021,65.2
09375,2022,67.2
09375,2023,85.8
09375,2024,86.9
09375,2025,78.2
07313,2008,100.2
07313,2009,95.3
07313,2010,99.7
07313,2011,99.7
07313,2012,78.7
07313,2013,78.2
07313,2014,70.2
07313,2015,71.5
07313,2016,77.7
07313,2017,63.5
07313,2018,64.8
07313,2019,65.4
07313,2020,52.6
07313,2021,75
07313,2022,70.7
07313,2023,90.9
07313,2024,91.3
07313,2025,92.7
07317,2009,93
07317,2010,87.5
07317,2011,91.1
07317,2012,88.7
07317,2013,94.3
07317,2014,86.1
07317,2015,82.6
07317,2016,84.7
07317,2017,64.2
07317,2018,76.8
07317,2019,84.3
07317,2020,66.4
07317,2021,68.1
07317,2022,76.7
07317,2023,85.9
07317,2024,89.5
07317,2025,86.7
05366,2008,98.1
05366,2009,101.3
05366,2010,100.3
05366,2011,92.8
05366,2012,93.4
05366,2013,84.6
05366,2014,90.4
05366,2015,85.4
05366,2016,88.1
05366,2017,88.2
05366,2018,86.4
05366,2019,85.2
05366,2020,85
05366,2021,85.8
05366,2022,95.4
05366,2023,89.5
05366,2024,86.2
05366,2025,90.7
03159,2016,53.5
03159,2017,49
03159,2018,51
03159,2019,51.9
03159,2020,53.2
03159,2021,57
03159,2022,55
03159,2023,56.3
03159,2024,59.6
03159,2025,64.6
06633,2008,84.5
06633,2009,83.4
06633,2010,80.8
06633,2011,69.2
06633,2012,61.9
06633,2013,63.2
06633,2014,60.7
06633,2015,61.1
06633,2016,62
06633,2017,61.2
06633,2018,61.4
06633,2019,62.2
06633,2020,66.4
06633,2021,70.5
06633,2022,75.6
06633,2023,75.7
06633,2024,74.5
06633,2025,78.1
08311,2008,90.6
08311,2009,86.8
08311,2010,88.3
08311,2011,91.9
08311,2012,87.9
08311,2013,81.8
08311,2014,84.7
08311,2015,77.3
08311,2016,71.5
08311,2017,67.7
08311,2018,66.1
08311,2019,64.1
08311,2020,64.6
08311,2021,66.2
08311,2022,64.2
08311,2023,74.6
08311,2024,67.5
08311,2025,75.8
09778,2008,98.1
09778,2009,102.9
09778,2010,110
09778,2011,106.6
09778,2012,92.8
09778,2013,87
09778,2014,93.3
09778,2015,81.2
09778,2016,82.4
09778,2017,79.3
09778,2018,74.9
09778,2019,79.1
09778,2020,87.1
09778,2021,95.6
09778,2022,97.6
09778,2023,87.7
09778,2024,94.3
09778,2025,95.9
09173,2008,136.3
09173,2009,140.4
09173,2010,128.8
09173,2011,145.3
09173,2012,130.2
09173,2013,128.3
09173,2014,123.6
09173,2015,113.3
09173,2016,99
09173,2017,103.9
09173,2018,104.8
09173,2019,101.4
09173,2020,109.2
09173,2021,96.6
09173,2022,104.8
09173,2023,94.3
09173,2024,95.1
09173,2025,106.8
08231,2008,89.2
08231,2009,97.8
08231,2010,99.1
08231,2011,104
08231,2012,102.7
08231,2013,107.5
08231,2014,94
08231,2015,99.4
08231,2016,84.5
08231,2017,78.8
08231,2018,72
08231,2019,73.2
08231,2020,71.7
08231,2021,83.8
08231,2022,80.8
08231,2023,86.7
08231,2024,89.3
08231,2025,89.6
09162,2008,144.9
09162,2009,152.3
09162,2010,152.6
09162,2011,151.6
09162,2012,136.2
09162,2013,131.8
09162,2014,116.2
09162,2015,109.6
09162,2016,92.7
09162,2017,83.2
09162,2018,82.5
09162,2019,68.9
09162,2020,92
09162,2021,85
09162,2022,61.8
09162,2023,82.8
09162,2024,80
09162,2025,98.5
03359,2008,87.6
03359,2009,87
03359,2010,92.8
03359,2011,95.1
03359,2012,86.7
03359,2013,87.3
03359,2014,80.2
03359,2015,78.5
03359,2016,70.2
03359,2017,69.3
03359,2018,75.4
03359,2019,71.8
03359,2020,78.6
03359,2021,88.1
03359,2022,82.7
03359,2023,82.3
03359,2024,82.3
03359,2025,85.7
01054,2008,111.7
01054,2009,129.5
01054,2010,129.6
01054,2011,100.4
01054,2012,93.2
01054,2013,84.6
01054,2014,95.4
01054,2015,91.6
01054,2016,85.7
01054,2017,93.9
01054,2018,88.2
01054,2019,94.1
01054,2020,95.8
01054,2021,105.3
01054,2022,92.3
01054,2023,93.3
01054,2024,94.6
01054,2025,94.8
06433,2008,113.9
06433,2009,117.3
06433,2010,126.3
06433,2011,126.1
06433,2012,123.4
06433,2013,119.1
06433,2014,105.9
06433,2015,100.3
06433,2016,97.2
06433,2017,91.8
06433,2018,95.2
06433,2019,94.8
06433,2020,92.8
06433,2021,96.8
06433,2022,99.7
06433,2023,102.9
06433,2024,96.3
06433,2025,102
09479,2008,76.2
09479,2009,74.4
09479,2010,68.8
09479,2011,60.2
09479,2012,55.6
09479,2013,61.7
09479,2014,60.7
09479,2015,56.9
09479,2016,61.2
09479,2017,60.9
09479,2018,61.5
09479,2019,62
09479,2020,68.7
09479,2021,68.2
09479,2022,63.1
09479,2023,64.4
09479,2024,69
09479,2025,74.1
06434,2008,125.1
06434,2009,125.9
06434,2010,133.4
06434,2011,129.1
06434,2012,126.5
06434,2013,118.8
06434,2014,111.1
06434,2015,108.4
06434,2016,102.3
06434,2017,100
06434,2018,98
06434,2019,98.8
06434,2020,101.4
06434,2021,103.8
06434,2022,97.5
06434,2023,105.6
06434,2024,96.1
06434,2025,103.8
07340,2008,78.7
07340,2009,76
07340,2010,70
07340,2011,66.1
07340,2012,59
07340,2013,68.3
07340,2014,60.7
07340,2015,62.1
07340,2016,62
07340,2017,60.6
07340,2018,58.6
07340,2019,60.3
07340,2020,65.2
07340,2021,71.4
07340,2022,60.8
07340,2023,71.2
07340,2024,62.3
07340,2025,68.9
08115,2008,93.5
08115,2009,93.7
08115,2010,98.4
08115,2011,98.9
08115,2012,91
08115,2013,86.3
08115,2014,86.4
08115,2015,84.4
08115,2016,74.2
08115,2017,72
08115,2018,70.9
08115,2019,73.6
08115,2020,80.3
08115,2021,86.3
08115,2022,79.7
08115,2023,81
08115,2024,82.6
08115,2025,94
09373,2008,92.5
09373,2009,89.5
09373,2010,89.5
09373,2011,81
09373,2012,73.9
09373,2013,72.8
09373,2014,71.5
09373,2015,72.9
09373,2016,70.7
09373,2017,69.8
09373,2018,71
09373,2019,71.8
09373,2020,75.4
09373,2021,78.4
09373,2022,80.1
09373,2023,75.8
09373,2024,74.9
09373,2025,75.4
09279,2008,100.2
09279,2009,86
09279,2010,89.3
09279,2011,89.2
09279,2012,74.7
09279,2013,71.7
09279,2014,65.5
09279,2015,69.4
09279,2016,64.6
09279,2017,67.8
09279,2018,74.6
09279,2019,72.1
09279,2020,81
09279,2021,83.8
09279,2022,74.7
09279,2023,81.8
09279,2024,80
09279,2025,71.2
08126,2008,70.3
08126,2009,69.9
08126,2010,74.1
08126,2011,64.8
08126,2012,61.9
08126,2013,64.5
08126,2014,62.9
08126,2015,57.4
08126,2016,63
08126,2017,63.4
08126,2018,60.7
08126,2019,60.4
08126,2020,66.4
08126,2021,73.1
08126,2022,77.1
08126,2023,79.4
08126,2024,75.2
08126,2025,88.8
09362,2008,100.6
09362,2009,91.9
09362,2010,93.3
09362,2011,86.9
09362,2012,88.6
09362,2013,89.2
09362,2014,99.2
09362,2015,88.1
09362,2016,76.8
09362,2017,76.4
09362,2018,75.3
09362,2019,84.5
09362,2020,69.2
09362,2021,86
09362,2022,83.1
09362,2023,102.2
09362,2024,89.1
09362,2025,100
09464,2008,94.9
09464,2009,93.2
09464,2010,88.8
09464,2011,92.8
09464,2012,75.5
09464,2013,74.6
09464,2014,75.6
09464,2015,73.5
09464,2016,64.1
09464,2017,52.9
09464,2018,53.8
09464,2019,63
09464,2020,59.3
09464,2021,66
09464,2022,60.4
09464,2023,59.2
09464,2024,56
09464,2025,77.9
08337,2008,69.9
08337,2009,73.4
08337,2010,70.8
08337,2011,71.2
08337,2012,64.2
08337,2013,68.2
08337,2014,64.3
08337,2015,62
08337,2016,62.8
08337,2017,64
08337,2018,60.1
08337,2019,67.2
08337,2020,73.1
08337,2021,83.6
08337,2022,72.7
08337,2023,73
08337,2024,71.1
08337,2025,77.7
09677,2008,72.5
09677,2009,84.5
09677,2010,85.6
09677,2011,82.6
09677,2012,62.8
09677,2013,69.9
09677,2014,61.6
09677,2015,64.4
09677,2016,62.4
09677,2017,68.6
09677,2018,62.1
09677,2019,66.8
09677,2020,69.2
09677,2021,75.2
09677,2022,61.9
09677,2023,51.9
09677,2024,58.4
09677,2025,72.6
09179,2008,129
09179,2009,122.8
09179,2010,128.8
09179,2011,130.7
09179,2012,115.6
09179,2013,115.8
09179,2014,106.8
09179,2015,103.8
09179,2016,97.1
09179,2017,95.9
09179,2018,92.6
09179,2019,91.8
09179,2020,95.1
09179,2021,95.9
09179,2022,94.1
09179,2023,92.2
09179,2024,88.8
09179,2025,90
08128,2008,78
08128,2009,70.8
08128,2010,70.9
08128,2011,60
08128,2012,60.8
08128,2013,54.9
08128,2014,55.7
08128,2015,54.4
08128,2016,57
08128,2017,54.4
08128,2018,59.1
08128,2019,57.2
08128,2020,67.3
08128,2021,69.6
08128,2022,66.4
08128,2023,73.8
08128,2024,73.4
08128,2025,78.2
09780,2008,98.8
09780,2009,103.7
09780,2010,103
09780,2011,102
09780,2012,96.2
09780,2013,78.5
09780,2014,92.5
09780,2015,79.1
09780,2016,83
09780,2017,73
09780,2018,76.7
09780,2019,62
09780,2020,60.3
09780,2021,58.8
09780,2022,85.8
09780,2023,89
09780,2024,91.4
09780,2025,99.3
05966,2008,64.5
05966,2009,83.8
05966,2010,76.1
05966,2011,68.9
05966,2012,59.7
05966,2013,62.8
05966,2014,62.5
05966,2015,64.4
05966,2016,64.6
05966,2017,62.4
05966,2018,61.3
05966,2019,64.2
05966,2020,65.8
05966,2021,73.9
05966,2022,67.9
05966,2023,68.3
05966,2024,78.3
05966,2025,82.6
09678,2008,59.5
09678,2009,73.7
09678,2010,81.7
09678,2011,72.7
09678,2012,66.2
09678,2013,67.2
09678,2014,64.4
09678,2015,61.8
09678,2016,56.4
09678,2017,59.3
09678,2018,62.2
09678,2019,71.8
09678,2020,71.9
09678,2021,80
09678,2022,77.5
09678,2023,80.4
09678,2024,72.5
09678,2025,68.5
08336,2008,71
08336,2009,75.2
08336,2010,75.1
08336,2011,69.1
08336,2012,60.6
08336,2013,66.9
08336,2014,62.8
08336,2015,63.6
08336,2016,55.9
08336,2017,62.1
08336,2018,62.2
08336,2019,62
08336,2020,61.9
08336,2021,69.4
08336,2022,68.8
08336,2023,66.8
08336,2024,64.4
08336,2025,70.6
05562,2008,75.9
05562,2009,77
05562,2010,76.3
05562,2011,73.7
05562,2012,65.5
05562,2013,70.1
05562,2014,69.2
05562,2015,71.4
05562,2016,67.5
05562,2017,65.5
05562,2018,65
05562,2019,66.2
05562,2020,60.2
05562,2021,67
05562,2022,67
05562,2023,72.6
05562,2024,72.6
05562,2025,75.4
07235,2008,70.7
07235,2009,72.2
07235,2010,71.4
07235,2011,64.6
07235,2012,60
07235,2013,62.1
07235,2014,59.1
07235,2015,58.8
07235,2016,56.7
07235,2017,51.1
07235,2018,51.6
07235,2019,51.6
07235,2020,47.8
07235,2021,59.8
07235,2022,48.7
07235,2023,58.1
07235,2024,57.8
07235,2025,59.9
05954,2008,79
05954,2009,83.1
05954,2010,80.4
05954,2011,75.9
05954,2012,71.2
05954,2013,75.7
05954,2014,74
05954,2015,69.8
05954,2016,71.5
05954,2017,68
05954,2018,65.1
05954,2019,62.8
05954,2020,65
05954,2021,69
05954,2022,72.1
05954,2023,74.2
05954,2024,75.9
05954,2025,82.2
09178,2008,124.6
09178,2009,129.7
09178,2010,134.3
09178,2011,115.6
09178,2012,111
09178,2013,99.1
09178,2014,101
09178,2015,100
09178,2016,91.6
09178,2017,93.4
09178,2018,88.3
09178,2019,93.2
09178,2020,99.4
09178,2021,98.9
09178,2022,93.6
09178,2023,85.9
09178,2024,91.1
09178,2025,97.7
09376,2008,82.8
09376,2009,94.3
09376,2010,91.5
09376,2011,79.9
09376,2012,76.6
09376,2013,78.8
09376,2014,70.4
09376,2015,71.3
09376,2016,79.6
09376,2017,71.6
09376,2018,76.5
09376,2019,73.7
09376,2020,77.3
09376,2021,86.8
09376,2022,70.1
09376,2023,74.4
09376,2024,80.7
09376,2025,79.3
07311,2008,84.8
07311,2009,102.1
07311,2010,94.3
07311,2011,95.9
07311,2012,89.7
07311,2013,76.3
07311,2014,77.6
07311,2015,78.1
07311,2016,66.5
07311,2017,67.1
07311,2018,72.6
07311,2019,69.9
07311,2020,63
07311,2021,75.1
07311,2022,63.2
07311,2023,67.8
07311,2024,81.5
07311,2025,81.4
07131,2008,108
07131,2009,107.6
07131,2010,101
07131,2011,99.4
07131,2012,89.1
07131,2013,92.5
07131,2014,91.6
07131,2015,92.5
07131,2016,89
07131,2017,84.2
07131,2018,85.1
07131,2019,84.4
07131,2020,81.4
07131,2021,84.1
07131,2022,82.5
07131,2023,90.1
07131,2024,81.6
07131,2025,87.9
05914,2008,71.8
05914,2009,73.7
05914,2010,67.5
05914,2011,71.2
05914,2012,61.9
05914,2013,70.5
05914,2014,70.8
05914,2015,62.4
05914,2016,60.2
05914,2017,60
05914,2018,57.8
05914,2019,63.3
05914,2020,66.6
05914,2021,67.3
05914,2022,69.5
05914,2023,71.6
05914,2024,65.8
05914,2025,72.4
03157,2008,82.5
03157,2009,83.6
03157,2010,81.1
03157,2011,71.3
03157,2012,70.9
03157,2013,72.9
03157,2014,64.9
03157,2015,69.7
03157,2016,63.3
03157,2017,60.7
03157,2018,66
03157,2019,63.4
03157,2020,63.8
03157,2021,76.9
03157,2022,73.7
03157,2023,69.4
03157,2024,70.1
03157,2025,69.1
04012,2008,91.5
04012,2009,103.1
04012,2010,101.7
04012,2011,110.4
04012,2012,101.9
04012,2013,109.7
04012,2014,99.1
04012,2015,103.5
04012,2016,71.1
04012,2018,86.5
04012,2019,68.1
04012,2020,76.1
04012,2021,83.1
04012,2022,78.5
04012,2023,87.2
04012,2024,84.7
04012,2025,80.7
03461,2008,72.1
03461,2009,92.2
03461,2010,89.8
03461,2011,72.4
03461,2012,63.9
03461,2013,70.1
03461,2014,66.4
03461,2015,62.2
03461,2016,56.1
03461,2017,62.5
03461,2018,64.8
03461,2019,64.3
03461,2020,74.1
03461,2021,77.4
03461,2022,72.6
03461,2023,70.3
03461,2024,76.5
03461,2025,83.2
09571,2008,74
09571,2009,79.8
09571,2010,75.8
09571,2011,65.2
09571,2012,56
09571,2013,56.4
09571,2014,56.7
09571,2015,56.8
09571,2016,61.8
09571,2017,65.9
09571,2018,65.4
09571,2019,65.2
09571,2020,55.3
09571,2021,57.9
09571,2022,64.3
09571,2023,68.4
09571,2024,74.5
09571,2025,79.9
05124,2008,93.4
05124,2009,88.8
05124,2010,98.4
05124,2011,104.8
05124,2012,91.3
05124,2013,109.3
05124,2014,104
05124,2015,99.6
05124,2016,91
05124,2017,85.5
05124,2018,77.8
05124,2019,85.7
05124,2020,78.6
05124,2021,89.8
05124,2022,81
05124,2023,79.7
05124,2024,77.1
05124,2025,86.4
03462,2008,83.1
03462,2009,80.5
03462,2010,78.2
03462,2011,77.2
03462,2012,63.2
03462,2013,65.4
03462,2014,66.9
03462,2015,73
03462,2016,69.8
03462,2017,68.1
03462,2018,65
03462,2019,66.8
03462,2020,80.5
03462,2021,72.8
03462,2022,87.2
03462,2023,82
03462,2024,86.8
03462,2025,86.6
09679,2008,84.6
09679,2009,85.4
09679,2010,95.5
09679,2011,85.9
09679,2012,78.6
09679,2013,75
09679,2014,84.3
09679,2015,77.8
09679,2016,70.7
09679,2017,74.3
09679,2018,72.7
09679,2019,72.6
09679,2020,66.8
09679,2021,74.9
09679,2022,77.2
09679,2023,79.9
09679,2024,75.6
09679,2025,85.2
05113,2008,102.8
05113,2009,97.3
05113,2010,102.3
05113,2011,105.6
05113,2012,92.6
05113,2013,97.7
05113,2014,95.5
05113,2015,90
05113,2016,91.6
05113,2017,90.6
05113,2018,86.7
05113,2019,86.9
05113,2020,79
05113,2021,83.5
05113,2022,80.9
05113,2023,70.5
05113,2024,86.9
05113,2025,127.7
06636,2008,78.1
06636,2009,69.8
06636,2010,68.5
06636,2011,54.2
06636,2012,47.4
06636,2013,53.9
06636,2014,59
06636,2015,49.4
06636,2016,54.6
06636,2017,54.6
06636,2018,51.9
06636,2019,51.1
06636,2020,54.8
06636,2021,62.7
06636,2022,65.7
06636,2023,66.3
06636,2024,68.3
06636,2025,71.1
08325,2008,80
08325,2009,93
08325,2010,91.8
08325,2011,86.3
08325,2012,74.4
08325,2013,75
08325,2014,67.7
08325,2015,66.8
08325,2016,65.5
08325,2017,64.1
08325,2018,70.8
08325,2019,69.6
08325,2020,72.3
08325,2021,80.2
08325,2022,84.3
08325,2023,80.8
08325,2024,83.9
08325,2025,88.2
03451,2008,88.4
03451,2009,96.5
03451,2010,98.6
03451,2011,87.7
03451,2012,76
03451,2013,75.8
03451,2014,74.9
03451,2015,78.6
03451,2016,75.3
03451,2017,73.3
03451,2018,75.1
03451,2019,75.6
03451,2020,71
03451,2021,81.9
03451,2022,78.4
03451,2023,85.2
03451,2024,80.3
03451,2025,82.7
03241001,2009,86.5
03241001,2010,90.8
03241001,2011,101.4
03241001,2012,90.2
03241001,2013,84
03241001,2014,85.7
03241001,2015,79.8
03241001,2016,72.1
03241001,2017,74.8
03241001,2018,76.3
03241001,2019,78.9
03241001,2020,69.9
03241001,2021,72.9
03241001,2022,75.7
03241001,2023,84.4
03241001,2024,82.5
03241001,2025,93.3
09672,2008,67.9
09672,2009,69.5
09672,2010,68.1
09672,2011,68.9
09672,2012,56.2
09672,2013,63.3
09672,2014,61.2
09672,2015,55.9
09672,2016,59.5
09672,2017,60.3
09672,2018,62.1
09672,2019,57.7
09672,2020,67.4
09672,2021,73.4
09672,2022,65.8
09672,2023,67.8
09672,2024,71.5
09672,2025,75.9
09174,2008,126.2
09174,2009,137.9
09174,2010,143.8
09174,2011,122.5
09174,2012,118.6
09174,2013,120.2
09174,2014,110.2
09174,2015,105.4
09174,2016,98.4
09174,2017,101.7
09174,2018,95.4
09174,2019,98.9
09174,2020,104.6
09174,2021,105.7
09174,2022,110
09174,2023,104.1
09174,2024,102.8
09174,2025,110.2
05170,2008,82.9
05170,2009,87
05170,2010,89
05170,2011,80.7
05170,2012,73.8
05170,2013,75.4
05170,2014,75.2
05170,2015,67.7
05170,2016,69.8
05170,2017,69.8
05170,2018,68.6
05170,2019,67.5
05170,2020,68.3
05170,2021,74.9
05170,2022,73
05170,2023,77.1
05170,2024,72.7
05170,2025,79
09575,2008,79.8
09575,2009,84.1
09575,2010,89.3
09575,2011,80.6
09575,2012,78.7
09575,2013,68.8
09575,2014,62.6
09575,2015,71.7
09575,2016,68.1
09575,2017,73.1
09575,2018,66.3
09575,2019,72.9
09575,2020,75.6
09575,2021,80.3
09575,2022,80.5
09575,2023,71.8
09575,2024,76.2
09575,2025,81.9
09372,2008,89.4
09372,2009,100.6
09372,2010,82.4
09372,2011,80.7
09372,2012,80
09372,2013,71.6
09372,2014,75.4
09372,2015,67.4
09372,2016,62.8
09372,2017,67
09372,2018,61.3
09372,2019,65.9
09372,2020,69.3
09372,2021,76.7
09372,2022,69.2
09372,2023,70.8
09372,2024,71
09372,2025,73.5
01053,2008,90.8
01053,2009,94.4
01053,2010,86.3
01053,2011,79.3
01053,2012,88.4
01053,2013,95
01053,2014,92.3
01053,2015,83.3
01053,2016,79.1
01053,2017,75.5
01053,2018,81.2
01053,2019,82
01053,2020,71.3
01053,2021,84.8
01053,2022,77.8
01053,2023,84
01053,2024,86.4
01053,2025,88.3
03158,2008,71.3
03158,2009,81.9
03158,2010,73
03158,2011,67.7
03158,2012,58.5
03158,2013,62.7
03158,2014,61.2
03158,2015,51.4
03158,2016,54.3
03158,2017,56.6
03158,2018,52.2
03158,2019,51.8
03158,2020,56.5
03158,2021,57.6
03158,2022,59.2
03158,2023,61.1
03158,2024,60.7
03158,2025,74
03405,2008,65.4
03405,2009,67.3
03405,2010,71.9
03405,2011,83.5
03405,2012,72.8
03405,2013,81.4
03405,2014,77.1
03405,2015,79.6
03405,2016,65.4
03405,2017,68.5
03405,2018,72
03405,2019,73.8
03405,2020,66.2
03405,2021,78.2
03405,2022,70.5
03405,2023,72.4
03405,2024,74.5
03405,2025,82.2
07141,2008,95.8
07141,2009,92.4
07141,2010,93.5
07141,2011,86.4
07141,2012,80.6
07141,2013,88.2
07141,2014,82
07141,2015,83
07141,2016,83.8
07141,2017,74
07141,2018,77.8
07141,2019,75.8
07141,2020,77.9
07141,2021,76.6
07141,2022,71.3
07141,2023,82.3
07141,2024,85.4
07141,2025,88.6
08327,2008,72.4
08327,2009,81.2
08327,2010,84.1
08327,2011,82.8
08327,2012,72.8
08327,2013,74.2
08327,2014,65.6
08327,2015,64.1
08327,2016,66.5
08327,2017,67.3
08327,2018,68.1
08327,2019,63
08327,2020,71.3
08327,2021,78.6
08327,2022,74.9
08327,2023,85.9
08327,2024,80.9
08327,2025,91.4
07134,2008,81.6
07134,2009,84.1
07134,2010,80.4
07134,2011,78.5
07134,2012,67.1
07134,2013,71.9
07134,2014,72.4
07134,2015,70.3
07134,2016,64.8
07134,2017,72.1
07134,2018,66.2
07134,2019,60.1
07134,2020,61.3
07134,2021,65.1
07134,2022,61.1
07134,2023,72
07134,2024,74
07134,2025,76.2
09472,2008,87.7
09472,2009,85.4
09472,2010,91.9
09472,2011,85.8
09472,2012,66
09472,2013,65
09472,2014,69.9
09472,2015,66.9
09472,2016,61.7
09472,2017,64.6
09472,2018,60.7
09472,2019,61.8
09472,2020,62.3
09472,2021,70.3
09472,2022,67.2
09472,2023,64.8
09472,2024,66.4
09472,2025,73.8
06412,2008,187.3
06412,2009,189.6
06412,2010,198.5
06412,2011,206.9
06412,2012,177.3
06412,2013,140.7
06412,2014,113.9
06412,2015,112.8
06412,2016,107.4
06412,2017,104.6
06412,2018,102.5
06412,2019,106.3
06412,2020,96.5
06412,2021,101.6
06412,2022,95.5
06412,2023,98.3
06412,2024,99.8
06412,2025,97.8
09764,2008,93.4
09764,2009,101.4
09764,2010,113.2
09764,2011,99.6
09764,2012,90.3
09764,2013,87.8
09764,2014,69.3
09764,2015,76.9
09764,2016,73.4
09764,2017,75.6
09764,2018,70.3
09764,2019,69.6
09764,2020,78.2
09764,2021,95.6
09764,2022,80.5
09764,2023,91.9
09764,2024,93.2
09764,2025,104.3
07334,2008,88.7
07334,2009,86.9
07334,2010,102.2
07334,2011,90.5
07334,2012,86.5
07334,2013,83.6
07334,2014,77.3
07334,2015,86.2
07334,2016,87.4
07334,2017,78.2
07334,2018,83.2
07334,2019,82.1
07334,2020,79.6
07334,2021,89.3
07334,2022,83.2
07334,2023,89.8
07334,2024,85.2
07334,2025,80.9
03458,2008,95.8
03458,2009,104
03458,2010,102.7
03458,2011,100.2
03458,2012,90.6
03458,2013,85.8
03458,2014,88.1
03458,2015,79.9
03458,2016,72.7
03458,2017,78.3
03458,2018,73.4
03458,2019,75.8
03458,2020,74.9
03458,2021,80
03458,2022,77.6
03458,2023,87.2
03458,2024,83.7
03458,2025,89.9
09172,2008,101.7
09172,2009,109.7
09172,2010,103.5
09172,2011,99.9
09172,2012,92.8
09172,2013,95.2
09172,2014,85.1
09172,2015,91.2
09172,2016,83.9
09172,2017,88.9
09172,2018,86.2
09172,2019,84.1
09172,2020,78
09172,2021,80.6
09172,2022,79.1
09172,2023,88.1
09172,2024,81.6
09172,2025,90.2
05566,2008,73.6
05566,2009,82.6
05566,2010,83.2
05566,2011,70.1
05566,2012,65.7
05566,2013,61.5
05566,2014,63.3
05566,2015,60.5
05566,2016,61.7
05566,2017,64.8
05566,2018,58.3
05566,2019,59.9
05566,2020,58.3
05566,2021,62.7
05566,2022,68.3
05566,2023,70.5
05566,2024,69.7
05566,2025,71.8
06635,2008,73.2
06635,2009,74
06635,2010,71.8
06635,2011,64.5
06635,2012,62.2
06635,2013,60.2
06635,2014,57.2
06635,2015,48.8
06635,2016,56.5
06635,2017,58.8
06635,2018,53.9
06635,2019,58.7
06635,2020,57.4
06635,2021,65.4
06635,2022,68.1
06635,2023,64.5
06635,2024,71.4
06635,2025,70.6
08127,2008,81.9
08127,2009,80.1
08127,2010,77.4
08127,2011,69.2
08127,2012,66.9
08127,2013,68.9
08127,2014,65.1
08127,2015,62.5
08127,2016,62.9
08127,2017,59.7
08127,2018,63.5
08127,2019,62.8
08127,2020,69.5
08127,2021,77.2
08127,2022,72.5
08127,2023,79.2
08127,2024,73.2
08127,2025,82.1
05515,2008,79.3
05515,2009,84.8
05515,2010,82.5
05515,2011,80.3
05515,2012,70.3
05515,2013,69.1
05515,2014,65.3
05515,2015,61.7
05515,2016,59.3
05515,2017,57.2
05515,2018,51.3
05515,2019,53.6
05515,2020,50
05515,2021,53.8
05515,2022,56.9
05515,2023,68.8
05515,2024,70.9
05515,2025,74.9
09475,2008,72.9
09475,2009,77.8
09475,2010,74.6
09475,2011,65.9
09475,2012,59.5
09475,2013,58.3
09475,2014,60.8
09475,2015,57.3
09475,2016,50.8
09475,2017,54.2
09475,2018,59.9
09475,2019,56.5
09475,2020,62.7
09475,2021,66.5
09475,2022,64.3
09475,2023,61.5
09475,2024,63
09475,2025,69.5
09775,2008,94.8
09775,2009,103.2
09775,2010,105
09775,2011,109.6
09775,2012,95.9
09775,2013,103.6
09775,2014,91.7
09775,2015,83.7
09775,2016,81.9
09775,2017,81.4
09775,2018,76.2
09775,2019,81.4
09775,2020,82.5
09775,2021,89.7
09775,2022,81.9
09775,2023,85.2
09775,2024,82.9
09775,2025,85.5
06438,2008,131.7
06438,2009,138.9
06438,2010,144.5
06438,2011,142.5
06438,2012,139
06438,2013,146.5
06438,2014,129.4
06438,2015,122.3
06438,2016,117.8
06438,2017,110.4
06438,2018,111
06438,2019,111.3
06438,2020,104.3
06438,2021,108.5
06438,2022,107.3
06438,2023,109.6
06438,2024,108
06438,2025,119.1
09177,2008,118.7
09177,2009,137.5
09177,2010,128.4
09177,2011,117.1
09177,2012,105.1
09177,2013,95
09177,2014,96.8
09177,2015,90
09177,2016,92.6
09177,2017,88.8
09177,2018,86.9
09177,2019,86.9
09177,2020,95.1
09177,2021,99.5
09177,2022,94.7
09177,2023,99.7
09177,2024,87.9
09177,2025,99.4
05766,2008,82.3
05766,2009,91
05766,2010,88.8
05766,2011,81.7
05766,2012,75.5
05766,2013,76.1
05766,2014,68.4
05766,2015,71.8
05766,2016,71.3
05766,2017,75.7
05766,2018,69.6
05766,2019,72.6
05766,2020,68.6
05766,2021,77
05766,2022,75.2
05766,2023,78.6
05766,2024,83.5
05766,2025,89.5
05512,2008,87.6
05512,2009,86.7
05512,2010,76.5
05512,2011,76.5
05512,2012,69.3
05512,2013,64.9
05512,2014,67.4
05512,2015,58.6
05512,2016,58.9
05512,2017,66.3
05512,2018,63
05512,2019,61.6
05512,2020,53.6
05512,2021,55
05512,2022,55.3
05512,2023,54.8
05512,2024,55.1
05512,2025,68.4
05315,2008,117.2
05315,2009,125.7
05315,2010,114.8
05315,2011,124.6
05315,2012,107.9
05315,2013,108.4
05315,2014,102.4
05315,2015,101
05315,2016,99.7
05315,2017,92.1
05315,2018,88.9
05315,2019,90.2
05315,2020,82.5
05315,2021,76.9
05315,2022,48.8
05315,2023,127.5
05315,2024,107.6
05315,2025,110.9
09161,2008,83.2
09161,2009,93
09161,2010,91
09161,2011,88.8
09161,2012,88.5
09161,2013,89.8
09161,2014,87.1
09161,2015,71.1
09161,2016,66
09161,2017,72.9
09161,2018,76.3
09161,2019,83
09161,2020,83.5
09161,2021,89.8
09161,2022,83.8
09161,2023,80.8
09161,2024,79.9
09161,2025,88
03355,2008,92.8
03355,2009,98.8
03355,2010,103.5
03355,2011,96.5
03355,2012,91.6
03355,2013,89.9
03355,2014,93.1
03355,2015,87.3
03355,2016,82.7
03355,2017,80.5
03355,2018,78.9
03355,2019,77.4
03355,2020,76.7
03355,2021,89.8
03355,2022,88.4
03355,2023,84.1
03355,2024,84.4
03355,2025,90.1
09562,2008,76.9
09562,2009,77.7
09562,2010,83.4
09562,2011,76.3
09562,2012,71.6
09562,2013,72.1
09562,2014,68.3
09562,2015,74.5
09562,2016,71.1
09562,2017,68.4
09562,2018,76.5
09562,2019,75.4
09562,2020,71.6
09562,2021,68.9
09562,2022,74.9
09562,2023,68.6
09562,2024,65
09562,2025,63.5
06532,2008,81.5
06532,2009,82.6
06532,2010,81.4
06532,2011,81.2
06532,2012,70.1
06532,2013,78.3
06532,2014,72.8
06532,2015,71.7
06532,2016,70.5
06532,2017,68
06532,2018,62.8
06532,2019,71.1
06532,2020,71.5
06532,2021,82.3
06532,2022,75.4
06532,2023,84.3
06532,2024,79.7
06532,2025,80.2
08437,2008,82.2
08437,2009,89.2
08437,2010,93.3
08437,2011,79.7
08437,2012,77.6
08437,2013,73.6
08437,2014,69.9
08437,2015,67.8
08437,2016,71.4
08437,2017,61.9
08437,2018,66.9
08437,2019,68.2
08437,2020,68.5
08437,2021,80.6
08437,2022,76.6
08437,2023,71.8
08437,2024,78.1
08437,2025,90.6
09565,2008,103.6
09565,2009,100.9
09565,2010,106.9
09565,2011,119.3
09565,2012,108.8
09565,2013,109
09565,2014,96.1
09565,2015,90.1
09565,2016,94.2
09565,2017,82
09565,2018,91.7
09565,2019,84.4
09565,2020,92.6
09565,2021,98.3
09565,2022,86.4
09565,2023,88.7
09565,2024,83.1
09565,2025,95.4
08417,2008,85.7
08417,2009,89
08417,2010,86.1
08417,2011,79.6
08417,2012,68.9
08417,2013,73.1
08417,2014,72
08417,2015,69.6
08417,2016,68.5
08417,2017,67.3
08417,2018,65.2
08417,2019,67.1
08417,2020,71.3
08417,2021,81.7
08417,2022,75.8
08417,2023,79.2
08417,2024,78.7
08417,2025,84.3
03455,2008,72.4
03455,2009,82.4
03455,2010,86.6
03455,2011,80.3
03455,2012,74.4
03455,2013,67.6
03455,2014,65.8
03455,2015,69.6
03455,2016,65.5
03455,2017,66.2
03455,2018,62.8
03455,2019,68.3
03455,2020,71.1
03455,2021,74.3
03455,2022,72.3
03455,2023,83
03455,2024,77.7
03455,2025,88.1
09762,2008,93.3
09762,2009,105.2
09762,2010,99.7
09762,2011,110.1
09762,2012,85.5
09762,2013,93.6
09762,2014,90.2
09762,2015,89.9
09762,2016,91.3
09762,2017,79.9
09762,2018,80.3
09762,2019,93.6
09762,2020,82.6
09762,2021,88.7
09762,2022,85.8
09762,2023,87.2
09762,2024,79.6
09762,2025,94.3
09675,2008,90.3
09675,2009,97.3
09675,2010,103.6
09675,2011,90.6
09675,2012,79.9
09675,2013,77.8
09675,2014,66.8
09675,2015,74.6
09675,2016,65.2
09675,2017,74.4
09675,2018,68.5
09675,2019,70
09675,2020,75.3
09675,2021,87.3
09675,2022,75
09675,2023,76.8
09675,2024,76.1
09675,2025,75.2
09185,2008,87.2
09185,2009,92.9
09185,2010,105.3
09185,2011,92.6
09185,2012,81.9
09185,2013,81.7
09185,2014,87.8
09185,2015,75
09185,2016,71.5
09185,2017,73.3
09185,2018,71.7
09185,2019,67.5
09185,2020,77.2
09185,2021,94.7
09185,2022,98.3
09185,2023,95.5
09185,2024,80.6
09185,2025,64.8
06440,2008,109.9
06440,2009,118.6
06440,2010,121.1
06440,2011,119
06440,2012,113.3
06440,2013,118
06440,2014,107.3
06440,2015,102.9
06440,2016,96.5
06440,2017,98.4
06440,2018,92.5
06440,2019,92.8
06440,2020,87.3
06440,2021,95
06440,2022,96.8
06440,2023,92.7
06440,2024,89.2
06440,2025,97.8
03358,2008,83.5
03358,2009,90.1
03358,2010,92.8
03358,2011,91.1
03358,2012,89
03358,2013,78.8
03358,2014,78.5
03358,2015,70.7
03358,2016,70.2
03358,2017,69.4
03358,2018,69.6
03358,2019,71.5
03358,2020,76.6
03358,2021,80.9
03358,2022,77.3
03358,2023,77.7
03358,2024,85
03358,2025,93
01001,2008,113.3
01001,2009,104.6
01001,2010,101.1
01001,2011,108.8
01001,2012,85.4
01001,2013,83.6
01001,2014,95.3
01001,2015,91.9
01001,2016,72.6
01001,2017,82.5
01001,2018,82.7
01001,2019,94
01001,2020,70.6
01001,2021,74.8
01001,2022,63.8
01001,2023,73.1
01001,2024,70.5
01001,2025,79.6
09187,2008,123.3
09187,2009,137.3
09187,2010,133.5
09187,2011,134.6
09187,2012,128
09187,2013,124.7
09187,2014,119.7
09187,2015,107.8
09187,2016,107.5
09187,2017,107.1
09187,2018,104.4
09187,2019,102.7
09187,2020,102.9
09187,2021,106.7
09187,2022,95.4
09187,2023,102.1
09187,2024,107.6
09187,2025,109.4
03102,2008,56.5
03102,2009,58.7
03102,2010,59.2
03102,2011,56.8
03102,2012,51.9
03102,2013,64.9
03102,2014,77.4
03102,2015,82.4
03102,2016,63
03102,2017,65.3
03102,2018,63.3
03102,2019,63.7
03102,2020,63.8
03102,2021,63.9
03102,2022,60
03102,2023,66.6
03102,2024,72.2
03102,2025,77.1
07338,2008,97.5
07338,2009,100.3
07338,2010,105.5
07338,2011,112.2
07338,2012,93.7
07338,2013,93.2
07338,2014,98.1
07338,2015,93.7
07338,2016,86.1
07338,2017,77.8
07338,2018,86.2
07338,2019,79.1
07338,2020,74.7
07338,2021,83.1
07338,2022,74.7
07338,2023,78.7
07338,2024,84.5
07338,2025,77.5
05958,2008,84
05958,2009,92.3
05958,2010,90
05958,2011,71.1
05958,2012,69.9
05958,2013,61.7
05958,2014,67.5
05958,2015,65.7
05958,2016,68.7
05958,2017,57.6
05958,2018,58.1
05958,2019,62.5
05958,2020,61.7
05958,2021,68.5
05958,2022,61.9
05958,2023,57.6
05958,2024,79.4
05958,2025,73.1
08221,2008,99.3
08221,2009,98.3
08221,2010,97.8
08221,2011,89.4
08221,2012,87
08221,2013,90.1
08221,2014,83
08221,2015,84.8
08221,2016,74.6
08221,2017,74.4
08221,2018,74
08221,2019,77.5
08221,2020,67.9
08221,2021,66.5
08221,2022,65.2
08221,2023,71.3
08221,2024,64.7
08221,2025,76.1
07135,2008,83.2
07135,2009,89.6
07135,2010,90.1
07135,2011,76.2
07135,2012,75.3
07135,2013,73.3
07135,2014,70.7
07135,2015,76.2
07135,2016,73.6
07135,2017,75.4
07135,2018,73.8
07135,2019,74.7
07135,2020,68.6
07135,2021,79.1
07135,2022,75.7
07135,2023,85.2
07135,2024,77.3
07135,2025,80
09272,2008,86.5
09272,2009,91.7
09272,2010,89.3
09272,2011,77.5
09272,2012,69.8
09272,2013,73.1
09272,2014,69.2
09272,2015,62.3
09272,2016,66.3
09272,2017,62.5
09272,2018,70.6
09272,2019,68.3
09272,2020,69.2
09272,2021,71.7
09272,2022,65.8
09272,2023,77.6
09272,2024,71.6
09272,2025,82.6
06435,2008,119.5
06435,2009,117.8
06435,2010,127.2
06435,2011,127.4
06435,2012,114.2
06435,2013,117.2
06435,2014,106.9
06435,2015,103.4
06435,2016,99
06435,2017,96.9
06435,2018,91.7
06435,2019,93.1
06435,2020,84.3
06435,2021,91.9
06435,2022,96.1
06435,2023,104.8
06435,2024,98.4
06435,2025,103.4
08125,2008,85.7
08125,2009,91.4
08125,2010,94.7
08125,2011,93
08125,2012,85.2
08125,2013,85.6
08125,2014,80.7
08125,2015,77.2
08125,2016,72.9
08125,2017,69.6
08125,2018,73.2
08125,2019,72.5
08125,2020,78
08125,2021,84.4
08125,2022,85.3
08125,2023,86.6
08125,2024,89.7
08125,2025,94.7
08235,2008,83.2
08235,2009,91.6
08235,2010,89.4
08235,2011,86
08235,2012,88.9
08235,2013,90.4
08235,2014,80
08235,2015,73
08235,2016,74.6
08235,2017,72.9
08235,2018,72.4
08235,2019,73.2
08235,2020,75.8
08235,2021,82.5
08235,2022,82.6
08235,2023,82.3
08235,2024,77.7
08235,2025,93.3
09361,2008,78.8
09361,2009,81.5
09361,2010,76.1
09361,2011,74.7
09361,2012,69.1
09361,2013,69.3
09361,2014,66.9
09361,2015,70
09361,2016,58.9
09361,2017,72.6
09361,2018,64.8
09361,2019,69.6
09361,2020,65
09361,2021,69.5
09361,2022,79
09361,2023,75.2
09361,2024,63.7
09361,2025,75.4
05314,2008,97.7
05314,2009,94.8
05314,2010,98.1
05314,2011,102
05314,2012,92.7
05314,2013,92.9
05314,2014,86
05314,2015,84.5
05314,2016,81.5
05314,2017,76.9
05314,2018,67.3
05314,2019,70.8
05314,2020,61.5
05314,2021,72.1
05314,2022,68.4
05314,2023,117.3
05314,2024,95.4
05314,2025,91.9
05334002,2008,84.5
05334002,2010,82.5
05334002,2011,88
05334002,2012,81.5
05334002,2013,77
05334002,2014,83.5
05334002,2015,75.5
05334002,2016,73.6
05334002,2017,76.7
05334002,2018,68.7
05334002,2019,68.7
05334002,2020,68.3
05334002,2021,65
05334002,2022,65.9
05334002,2023,68.3
05334002,2024,68.2
05334002,2025,72
05120,2008,76.2
05120,2009,84.6
05120,2010,81.8
05120,2011,79.3
05120,2012,69.2
05120,2013,69.1
05120,2014,69.3
05120,2015,72.9
05120,2016,70.7
05120,2017,66.6
05120,2018,71.1
05120,2019,77.5
05120,2020,66.1
05120,2021,76
05120,2022,75.1
05120,2023,77.3
05120,2024,80.5
05120,2025,89.9
09662,2008,97.5
09662,2009,124.9
09662,2010,103.8
09662,2011,83.2
09662,2012,83.7
09662,2013,94.9
09662,2014,89.3
09662,2015,91.3
09662,2016,80.6
09662,2017,82.5
09662,2018,78.9
09662,2019,80.4
09662,2020,71.4
09662,2021,83.6
09662,2022,92.8
09662,2023,82.2
09662,2024,88.7
09662,2025,82.7
03356,2008,84.6
03356,2009,85
03356,2010,90
03356,2011,86.8
03356,2012,66.8
03356,2013,73.1
03356,2014,66.9
03356,2015,61.7
03356,2016,59.1
03356,2017,61
03356,2018,65.2
03356,2019,68.6
03356,2020,71
03356,2021,72.4
03356,2022,79.3
03356,2023,76.7
03356,2024,82.5
03356,2025,84.4
09477,2008,79.3
09477,2009,96.6
09477,2010,83.7
09477,2011,70.3
09477,2012,60.4
09477,2013,65.4
09477,2014,63.9
09477,2015,61.7
09477,2016,58.3
09477,2017,61.5
09477,2018,59.6
09477,2019,59.3
09477,2020,61.4
09477,2021,72.7
09477,2022,69.8
09477,2023,73
09477,2024,76.6
09477,2025,75.6
05570,2008,72.5
05570,2009,81.6
05570,2010,78.5
05570,2011,65
05570,2012,60.2
05570,2013,60.2
05570,2014,61.5
05570,2015,62.2
05570,2016,58.8
05570,2017,55.6
05570,2018,53.2
05570,2019,54.5
05570,2020,57.9
05570,2021,55.9
05570,2022,59.4
05570,2023,66.5
05570,2024,69.6
05570,2025,73.1
03103,2008,56.2
03103,2009,64.6
03103,2010,65.1
03103,2011,51.1
03103,2012,46.5
03103,2013,47.2
03103,2014,46.1
03103,2015,46.9
03103,2016,46.3
03103,2017,46.6
03103,2018,52.5
03103,2019,58.7
03103,2020,53.1
03103,2021,64.9
03103,2022,60.3
03103,2023,64.4
03103,2024,67.2
03103,2025,79.8
05154,2008,98.4
05154,2009,115.6
05154,2010,110.4
05154,2011,96
05154,2012,85.2
05154,2013,90.5
05154,2014,93.2
05154,2015,90.8
05154,2016,86.5
05154,2017,86.7
05154,2018,77
05154,2019,76
05154,2020,75.1
05154,2021,76.7
05154,2022,73
05154,2023,75.7
05154,2024,72.1
05154,2025,77.6
08222,2008,127
08222,2009,138.9
08222,2010,143.7
08222,2011,146.7
08222,2012,97.6
08222,2013,102.3
08222,2014,91.8
08222,2015,87.4
08222,2016,85.2
08222,2017,78.9
08222,2018,73.2
08222,2019,84.6
08222,2020,85.1
08222,2021,85.3
08222,2022,86.6
08222,2023,72.6
08222,2024,75.6
08222,2025,89.8
01002,2008,103.4
01002,2009,103.6
01002,2010,106.4
01002,2011,100
01002,2012,93.5
01002,2013,92.9
01002,2014,87
01002,2015,86.5
01002,2016,79.4
01002,2017,75.8
01002,2018,71.9
01002,2019,72.8
01002,2020,76.3
01002,2021,78.6
01002,2022,74.8
01002,2023,84.3
01002,2024,76.4
01002,2025,82.9
07232,2008,73
07232,2009,84.6
07232,2010,86.8
07232,2011,70.1
07232,2012,70.1
07232,2013,71.6
07232,2014,60
07232,2015,71.2
07232,2016,66.2
07232,2017,62
07232,2018,64.2
07232,2019,60.1
07232,2020,55.8
07232,2021,70.9
07232,2022,65.4
07232,2023,66.7
07232,2024,60.2
07232,2025,61
08211,2008,122.9
08211,2009,131.1
08211,2010,143.6
08211,2011,147.7
08211,2012,140.4
08211,2013,122
08211,2014,122
08211,2015,116.3
08211,2016,110.3
08211,2017,106.2
08211,2018,111.6
08211,2019,98.1
08211,2020,93.8
08211,2021,129.9
08211,2022,100.8
08211,2023,121.6
08211,2024,113.6
08211,2025,124.2
06436,2008,127.7
06436,2009,132.3
06436,2010,137.4
06436,2011,133.4
06436,2012,124.6
06436,2013,134.3
06436,2014,123.3
06436,2015,122.2
06436,2016,113.4
06436,2017,114.4
06436,2018,106.3
06436,2019,110.6
06436,2020,106.2
06436,2021,113.8
06436,2022,107.3
06436,2023,107.9
06436,2024,113.8
06436,2025,113.4
07315,2008,103.9
07315,2009,112.2
07315,2010,99.3
07315,2011,108.1
07315,2012,103
07315,2013,112.5
07315,2014,109.7
07315,2015,110.1
07315,2016,82.9
07315,2017,75.4
07315,2018,79.9
07315,2019,84.6
07315,2020,82
07315,2021,93
07315,2022,84.5
07315,2023,71.6
07315,2024,81.3
07315,2025,86.3
03152,2008,79.5
03152,2009,77.4
03152,2010,78.6
03152,2011,75
03152,2012,64.9
03152,2013,66.7
03152,2014,64.6
03152,2015,55.8
09478,2008,75.1
09478,2009,79.5
09478,2010,68.6
09478,2011,72.2
09478,2012,62.2
09478,2013,51.6
09478,2014,58.3
09478,2015,56
09478,2016,60.5
09478,2017,63
09478,2018,58.2
09478,2019,53.6
09478,2020,64.4
09478,2021,71.9
09478,2022,53
09478,2023,76
09478,2024,72.2
09478,2025,79.6
08317,2008,79.1
08317,2009,82.9
08317,2010,83.1
08317,2011,79.8
08317,2012,72.3
08317,2013,70.8
08317,2014,69.5
08317,2015,67
08317,2016,67.6
08317,2017,64.8
08317,2018,67
08317,2019,65.7
08317,2020,73.7
08317,2021,83.7
08317,2022,80.3
08317,2023,82.6
08317,2024,81.7
08317,2025,88.4
08435,2008,91.3
08435,2009,87.1
08435,2010,94.2
08435,2011,96.4
08435,2012,85.2
08435,2013,82.9
08435,2014,86
08435,2015,76.6
08435,2016,79.6
08435,2017,80.1
08435,2018,77
08435,2019,79.3
08435,2020,84.7
08435,2021,89.5
08435,2022,83.4
08435,2023,85.2
08435,2024,83.8
08435,2025,94.3
03401,2008,76.4
03401,2009,87.2
03401,2010,79.3
03401,2011,87.6
03401,2012,72.5
03401,2013,70.3
03401,2014,66.4
03401,2015,63.4
03401,2016,65.1
03401,2017,60.4
03401,2018,63.6
03401,2019,74.4
03401,2020,68.1
03401,2021,78.6
03401,2022,68.4
03401,2023,73.9
03401,2024,86.7
03401,2025,101.5
06533,2008,102.1
06533,2009,113.8
06533,2010,111
06533,2011,103.8
06533,2012,101.7
06533,2013,105.8
06533,2014,97
06533,2015,99.4
06533,2016,88.8
06533,2017,89.7
06533,2018,91.7
06533,2019,86.5
06533,2020,87
06533,2021,96.2
06533,2022,96.1
06533,2023,88.3
06533,2024,90.2
06533,2025,100.6
09171,2008,100.2
09171,2009,98.3
09171,2010,87.5
09171,2011,88.5
09171,2012,84.5
09171,2013,81.1
09171,2014,78.8
09171,2015,73.4
09171,2016,74
09171,2017,70
09171,2018,73.2
09171,2019,72.4
09171,2020,73.2
09171,2021,74.5
09171,2022,78.8
09171,2023,84.9
09171,2024,80.5
09171,2025,92
03456,2008,82.4
03456,2009,83.5
03456,2010,87.1
03456,2011,78.4
03456,2012,71.7
03456,2013,67.9
03456,2014,69.4
03456,2015,62.1
03456,2016,60.8
03456,2017,67.8
03456,2018,59.2
03456,2019,67.1
03456,2020,73.9
03456,2021,83.5
03456,2022,71.8
03456,2023,77.4
03456,2024,75.5
03456,2025,81.3
05362,2008,98.8
05362,2009,101.5
05362,2010,98.8
05362,2011,101.2
05362,2012,96.6
05362,2013,98
05362,2014,96.7
05362,2015,98.8
05362,2016,100.2
05362,2017,92.9
05362,2018,91
05362,2019,87.7
05362,2020,80.7
05362,2021,89.5
05362,2022,87
05362,2023,86.9
05362,2024,84.7
05362,2025,93.3
03402,2008,59.6
03402,2009,50.6
03402,2010,52
03402,2011,59.9
03402,2012,63.7
03402,2013,63.7
03402,2014,61.9
03402,2015,44.9
03402,2016,49.6
03402,2017,53.4
03402,2018,45.4
03402,2019,47.9
03402,2020,54.3
03402,2021,56.7
03402,2022,46.1
03402,2023,53.6
03402,2024,58
03402,2025,70.3
03353,2008,99.8
03353,2009,110.8
03353,2010,113.3
03353,2011,115
03353,2012,110.1
03353,2013,115.4
03353,2014,105.9
03353,2015,110.2
03353,2016,103.7
03353,2017,97.3
03353,2018,93.7
03353,2019,95.6
03353,2020,90.5
03353,2021,98.1
03353,2022,89.2
03353,2023,95.7
03353,2024,95.4
03353,2025,100.8
09262,2008,143.4
09262,2009,136.6
09262,2010,141.9
09262,2011,128.3
09262,2012,124.5
09262,2013,121.6
09262,2014,117.1
09262,2015,105.7
09262,2016,108.8
09262,2017,109.5
09262,2018,105.5
09262,2019,110.6
09262,2020,106.3
09262,2021,129.1
09262,2022,114.7
09262,2023,105.6
09262,2024,108.2
09262,2025,121.6
09574,2008,92.2
09574,2009,100.3
09574,2010,98
09574,2011,95.8
09574,2012,86.4
09574,2013,93.7
09574,2014,87.8
09574,2015,86.5
09574,2016,75.3
09574,2017,79.6
09574,2018,76
09574,2019,80.2
09574,2020,75.2
09574,2021,83
09574,2022,72.5
09574,2023,89.5
09574,2024,82.1
09574,2025,89.8
06535,2008,70.4
06535,2009,75.7
06535,2010,74.1
06535,2011,69.9
06535,2012,65.1
06535,2013,63.2
06535,2014,59.7
06535,2015,57.1
06535,2016,62.2
06535,2017,56.9
06535,2018,61.4
06535,2019,63
06535,2020,57.7
06535,2021,68.2
06535,2022,72.5
06535,2023,69
06535,2024,78.5
06535,2025,74.7
03453,2008,92.6
03453,2009,116.6
03453,2010,132
03453,2011,114.7
03453,2012,98.7
03453,2013,83.8
03453,2014,78.6
03453,2015,72.5
03453,2016,70.6
03453,2017,78.5
03453,2018,74.4
03453,2019,77.9
03453,2020,84.9
03453,2021,90.6
03453,2022,84.5
03453,2023,83.9
03453,2024,85.9
03453,2025,93.8
05354,2008,89.9
05316,2008,78.7
05316,2009,83.8
05316,2010,87.4
05316,2011,89.8
05316,2012,81.7
05316,2013,79.1
05316,2014,79.1
05316,2015,80.3
05316,2016,79.8
05316,2017,95.5
05316,2018,112.5
05316,2019,123.5
05316,2020,127.6
05316,2021,124.9
05316,2022,131.1
05316,2023,160.4
05316,2024,150.3
05316,2025,139.8
09774,2008,84.8
09774,2009,98.3
09774,2010,100.2
09774,2011,95.6
09774,2012,83.2
09774,2013,99.6
09774,2014,84.6
09774,2015,77
09774,2016,87.3
09774,2017,82.3
09774,2018,84.1
09774,2019,83.6
09774,2020,79.1
09774,2021,78.7
09774,2022,90.2
09774,2023,78.7
09774,2024,81.5
09774,2025,93.5
09275,2008,103.4
09275,2009,114.1
09275,2010,103.3
09275,2011,93.3
09275,2012,81.9
09275,2013,82.7
09275,2014,76.5
09275,2015,76.2
09275,2016,73.3
09275,2017,86.3
09275,2018,74.6
09275,2019,74
09275,2020,84.7
09275,2021,84.2
09275,2022,69.3
09275,2023,85.2
09275,2024,88.7
09275,2025,92.4
09271,2008,112.4
09271,2009,109.1
09271,2010,100
09271,2011,102.8
09271,2012,90.8
09271,2013,80.7
09271,2014,85.4
09271,2015,78.6
09271,2016,74.4
09271,2017,84.3
09271,2018,76.4
09271,2019,82.2
09271,2020,83.1
09271,2021,77.8
09271,2022,62.8
09271,2023,93.1
09271,2024,85.4
09271,2025,97
08315,2008,91.1
08315,2009,94.4
08315,2010,90
08315,2011,87.5
08315,2012,83
08315,2013,83.1
08315,2014,80.6
08315,2015,85.6
08315,2016,81.4
08315,2017,74.2
08315,2018,72.1
08315,2019,76.9
08315,2020,73.1
08315,2021,83.1
08315,2022,76.7
08315,2023,81.9
08315,2024,83.6
08315,2025,81
08421,2008,90
08421,2009,92.6
08421,2010,85.9
08421,2011,86.2
08421,2012,79.1
08421,2013,75
08421,2014,66.8
08421,2015,71.3
08421,2016,76.3
08421,2017,72.8
08421,2018,71.2
08421,2019,73
08421,2020,71.8
08421,2021,77.2
08421,2022,74
08421,2023,83.6
08421,2024,72.7
08421,2025,83.8
05758,2008,88.8
05758,2009,99.4
05758,2010,98.3
05758,2011,90.7
05758,2012,87.9
05758,2013,85.8
05758,2014,78.6
05758,2015,76.7
05758,2016,84
05758,2017,82.7
05758,2018,81.9
05758,2019,88.7
05758,2020,79.5
05758,2021,91
05758,2022,83
05758,2023,88.2
05758,2024,90.8
05758,2025,94.1
05970,2008,68.3
05970,2009,71.5
05970,2010,73.8
05970,2011,70.4
05970,2012,64.8
05970,2013,76.1
05970,2014,74.5
05970,2015,66.9
05970,2016,68
05970,2017,68
05970,2018,60.4
05970,2019,67.2
05970,2020,66
05970,2021,70.1
05970,2022,68.6
05970,2023,61.2
05970,2024,78.7
05970,2025,80.5
09184,2008,167.4
09184,2009,172.9
09184,2010,181
09184,2011,186
09184,2012,166.8
09184,2013,160.7
09184,2014,145.8
09184,2015,159.5
09184,2016,147.1
09184,2017,146
09184,2018,155.8
09184,2019,149
09184,2020,153.7
09184,2021,154.5
09184,2022,138.7
09184,2023,128.9
09184,2024,142.1
09184,2025,139.6
09763,2008,107.1
09763,2009,110
09763,2010,110.3
09763,2011,100.7
09763,2012,95.1
09763,2013,90.4
09763,2014,85.9
09763,2015,80.7
09763,2016,85.1
09763,2017,79.6
09763,2018,79
09763,2019,86.2
09763,2020,98.8
09763,2021,98.6
09763,2022,103
09763,2023,99.9
09763,2024,95.5
09763,2025,90.7
07140,2008,98.1
07140,2009,103.7
07140,2010,99.3
07140,2011,83
07140,2012,77.4
07140,2013,85.6
07140,2014,82.6
07140,2015,88.8
07140,2016,73.8
07140,2017,76.2
07140,2018,77.6
07140,2019,73.1
07140,2020,76.6
07140,2021,78.3
07140,2022,76.6
07140,2023,81
07140,2024,74.6
07140,2025,80.6
07137,2008,90.5
07137,2009,93.9
07137,2010,95
07137,2011,88.4
07137,2012,77.4
07137,2013,78
07137,2014,76.4
07137,2015,77.4
07137,2016,75.6
07137,2017,66.3
07137,2018,67.3
07137,2019,70
07137,2020,77.1
07137,2021,79.1
07137,2022,75.2
07137,2023,88
07137,2024,79.9
07137,2025,83
09561,2008,71.6
09561,2009,92.6
09561,2010,80.5
09561,2011,75.8
09561,2012,65.1
09561,2013,76
09561,2014,74.9
09561,2015,75.4
09561,2016,82.7
09561,2017,70
09561,2018,73.5
09561,2019,76.8
09561,2020,76.9
09561,2021,80.6
09561,2022,76.8
09561,2023,83
09561,2024,91.7
09561,2025,79.2
03155,2008,65.4
03155,2009,76.1
03155,2010,68.6
03155,2011,65.4
03155,2012,52.7
03155,2013,53.7
03155,2014,54.1
03155,2015,52.8
03155,2016,49.4
03155,2017,48.9
03155,2018,45.7
03155,2019,51.4
03155,2020,52.5
03155,2021,56.8
03155,2022,62.5
03155,2023,65.6
03155,2024,68.7
03155,2025,66.8
07138,2008,106.5
07138,2009,111.4
07138,2010,102.9
07138,2011,104.4
07138,2012,89.1
07138,2013,92.6
07138,2014,88.3
07138,2015,89.8
07138,2016,85.4
07138,2017,83.1
07138,2018,86.8
07138,2019,81.6
07138,2020,79.7
07138,2021,82.7
07138,2022,80.4
07138,2023,83.7
07138,2024,80.9
07138,2025,97.8
01056,2008,103.6
01056,2009,105.6
01056,2010,113
01056,2011,111.8
01056,2012,107.7
01056,2013,117
01056,2014,110.6
01056,2015,94.9
01056,2016,96.2
01056,2017,94.7
01056,2018,93.9
01056,2019,96.5
01056,2020,92.2
01056,2021,90.7
01056,2022,91.1
01056,2023,95.1
01056,2024,94.5
01056,2025,102.5
07335,2008,87.2
07335,2009,98.5
07335,2010,88.1
07335,2011,86.5
07335,2012,79.6
07335,2013,81.3
07335,2014,80
07335,2015,72.2
07335,2016,75.6
07335,2017,72.6
07335,2018,73.9
07335,2019,72.3
07335,2020,67.5
07335,2021,78.7
07335,2022,81.3
07335,2023,74.7
07335,2024,75.4
07335,2025,79.2
05974,2008,88.4
05974,2009,92.5
05974,2010,96.4
05974,2011,76.9
05974,2012,75.2
05974,2013,70.4
05974,2014,67.1
05974,2015,66.6
05974,2016,68.5
05974,2017,61.3
05974,2018,61.6
05974,2019,61.8
05974,2020,63.6
05974,2021,70.9
05974,2022,63
05974,2023,63.9
05974,2024,74.7
05974,2025,72.3
03452,2008,81.6
03452,2009,78.4
03452,2010,77
03452,2011,74.5
03452,2012,67
03452,2013,71
03452,2014,72.3
03452,2015,68.7
03452,2016,63.8
03452,2017,69.6
03452,2018,70.7
03452,2019,70.6
03452,2020,66
03452,2021,78
03452,2022,69.3
03452,2023,71.2
03452,2024,71.2
03452,2025,77.3
05114,2008,96.8
05114,2009,99.6
05114,2010,98.7
05114,2011,103
05114,2012,93.4
05114,2013,91.6
05114,2014,95.4
05114,2015,90.3
05114,2016,94.1
05114,2017,94.2
05114,2018,85
05114,2019,81
05114,2020,51.4
05114,2021,66
05114,2022,59.8
05114,2023,78.7
05114,2024,86.9
05114,2025,108.5
03352,2008,66.5
03352,2009,77.5
03352,2010,80.8
03352,2011,72.8
03352,2012,67.1
03352,2013,66.6
03352,2014,63.2
03352,2015,64.2
03352,2016,63.5
03352,2017,61.2
03352,2018,57.1
03352,2019,61.2
03352,2020,68.7
03352,2021,72.2
03352,2022,70.9
03352,2023,77.1
03352,2024,71.1
03352,2025,72.1
09573,2008,96.7
09573,2009,113.7
09573,2010,109.8
09573,2011,106.6
09573,2012,93
09573,2013,92.6
09573,2014,92.5
09573,2015,93.3
09573,2016,85.6
09573,2017,85.7
09573,2018,91.7
09573,2019,88.3
09573,2020,86.7
09573,2021,96.3
09573,2022,90.2
09573,2023,86.8
09573,2024,96.4
09573,2025,100.6
08237,2008,76.9
08237,2009,83.2
08237,2010,71.6
08237,2011,70.1
08237,2012,66
08237,2013,57.7
08237,2014,58.1
08237,2015,63.3
08237,2016,56
08237,2017,60
08237,2018,60.7
08237,2019,58.6
08237,2020,63
08237,2021,71.2
08237,2022,74.8
08237,2023,70.9
08237,2024,73.6
08237,2025,81.4
07336,2008,63.8
07336,2009,58.7
07336,2010,64.3
07336,2011,63
07336,2012,58
07336,2013,60.1
07336,2014,60.7
07336,2015,57.2
07336,2016,51.6
07336,2017,44.3
07336,2018,53.5
07336,2019,48.6
07336,2020,51.2
07336,2021,58.7
07336,2022,55
07336,2023,66.7
07336,2024,58.6
07336,2025,62.1
09276,2008,83.7
09276,2009,86.9
09276,2010,85.3
09276,2011,78.2
09276,2012,67.3
09276,2013,69.1
09276,2014,61.9
09276,2015,60
09276,2016,65.1
09276,2017,59.5
09276,2018,60.7
09276,2019,71.2
09276,2020,71.4
09276,2021,77.5
09276,2022,61.3
09276,2023,66.5
09276,2024,76.9
09276,2025,82.8
05915,2008,80.4
05915,2009,81.1
05915,2010,90.2
05915,2011,80.8
05915,2012,77
05915,2013,83.7
05915,2014,74.5
05915,2015,61.4
05915,2016,65
05915,2017,66.5
05915,2018,67.4
05915,2019,63.6
05915,2020,62.1
05915,2021,59.6
05915,2022,66.7
05915,2023,74
05915,2024,73
05915,2025,75.9
03255,2008,63.7
03255,2009,64.2
03255,2010,62.3
03255,2011,62.9
03255,2012,61.3
03255,2013,58.8
03255,2014,55.5
03255,2015,48.8
03255,2016,44.1
03255,2017,55.8
03255,2018,53.3
03255,2019,57.1
03255,2020,59
03255,2021,60.4
03255,2022,63.6
03255,2023,65.3
03255,2024,72
03255,2025,77.6
09473,2008,78.3
09473,2009,89.7
09473,2010,86.7
09473,2011,83.5
09473,2012,67.7
09473,2013,62.7
09473,2014,58.5
09473,2015,57.2
09473,2016,60.3
09473,2017,58.4
09473,2018,60.1
09473,2019,59
09473,2020,63.5
09473,2021,68.3
09473,2022,62.1
09473,2023,67
09473,2024,70.4
09473,2025,79.8
02000,2011,133.6
02000,2012,121.6
02000,2013,121.1
02000,2014,106.7
02000,2015,104.6
02000,2016,102.6
02000,2017,103.5
02000,2018,100.9
02000,2019,103.5
02000,2020,92
02000,2021,100.4
02000,2022,93.2
02000,2023,109.8
02000,2024,107.7
02000,2025,105.7
08226,2008,93.8
08226,2009,96.9
08226,2010,96.9
08226,2011,98.6
08226,2012,93.9
08226,2013,93.2
08226,2014,85.5
08226,2015,83.4
08226,2016,80.4
08226,2017,76.6
08226,2018,76.7
08226,2019,81.5
08226,2020,84.8
08226,2021,87.9
08226,2022,84.8
08226,2023,88.7
08226,2024,86.9
08226,2025,96.1
07319,2008,96.9
07319,2009,101
07319,2010,113.1
07319,2011,119.2
07319,2012,107.9
07319,2013,107
07319,2014,90.8
07319,2015,96.1
07319,2016,70.9
07319,2017,69.2
07319,2018,65.4
07319,2019,69.4
07319,2020,71.5
07319,2021,68
07319,2022,55.2
07319,2023,70
07319,2024,70.2
07319,2025,71.9
09278,2008,118.2
09278,2009,103.9
09278,2010,93.2
09278,2011,96.2
09278,2012,72.8
09278,2013,70.9
09278,2014,68.6
09278,2015,71.5
09278,2016,70.8
09278,2017,65.6
09278,2018,67.2
09278,2019,75.4
09278,2020,73.8
09278,2021,91.6
09278,2022,76.1
09278,2023,79.7
09278,2024,77.7
09278,2025,82.9
06431,2008,111.3
06431,2009,116.2
06431,2010,109.9
06431,2011,111.4
06431,2012,105.9
06431,2013,100.4
06431,2014,94.2
06431,2015,96.8
06431,2016,90.1
06431,2017,85.7
06431,2018,86.6
06431,2019,87.3
06431,2020,84.4
06431,2021,88.7
06431,2022,85.4
06431,2023,81.1
06431,2024,89.7
06431,2025,91.4
09776,2008,102.3
09776,2009,100.5
09776,2010,102.9
09776,2011,103.2
09776,2012,85.7
09776,2013,82.1
09776,2014,84.3
09776,2015,82.5
09776,2016,82.3
09776,2017,79.5
09776,2018,84.4
09776,2019,77.8
09776,2020,90.6
09776,2021,96.3
09776,2022,102.2
09776,2023,90.6
09776,2024,96.9
09776,2025,100.1
05513,2008,69.6
05513,2009,72.7
05513,2010,97.3
05513,2011,101.7
05513,2012,93.8
05513,2013,93.9
05513,2014,82.9
05513,2015,75.9
05513,2016,67.7
05513,2017,71.4
05513,2018,72.3
05513,2019,68
05513,2020,55.2
05513,2021,63.2
05513,2022,54.8
05513,2023,58.3
05513,2024,75.6
05513,2025,69.9
08117,2008,90.7
08117,2009,104
08117,2010,100.6
08117,2011,93.9
08117,2012,89.9
08117,2013,89.6
08117,2014,83.3
08117,2015,79.8
08117,2016,75.1
08117,2017,72.1
08117,2018,75.5
08117,2019,75.4
08117,2020,82.2
08117,2021,86
08117,2022,80.8
08117,2023,88.3
08117,2024,87.2
08117,2025,98.7
09462,2008,92.4
09462,2009,96.7
09462,2010,89.5
09462,2011,84.7
09462,2012,80.3
09462,2013,77.2
09462,2014,77.4
09462,2015,76.5
09462,2016,78.8
09462,2017,73.8
09462,2018,78.8
09462,2019,68.9
09462,2020,64.1
09462,2021,81
09462,2022,72.9
09462,2023,70.3
09462,2024,69.2
09462,2025,78.4
09182,2008,143.5
09182,2009,157.7
09182,2010,158.9
09182,2011,147.4
09182,2012,144.7
09182,2013,135.8
09182,2014,131.7
09182,2015,126.9
09182,2016,123
09182,2017,114.7
09182,2018,117
09182,2019,120.9
09182,2020,119.3
09182,2021,123
09182,2022,110.6
09182,2023,113.2
09182,2024,120
09182,2025,114.9
03459,2008,73.9
03459,2009,85.5
03459,2010,85.4
03459,2011,75.9
03459,2012,66.4
03459,2013,71.4
03459,2014,64.9
03459,2015,60.6
03459,2016,59.2
03459,2017,60.5
03459,2018,60.6
03459,2019,64.6
03459,2020,64.2
03459,2021,73.9
03459,2022,74.6
03459,2023,74.7
03459,2024,79.2
03459,2025,82.6
05162,2008,93.1
05162,2009,100.2
05162,2010,102.8
05162,2011,98.1
05162,2012,90.2
05162,2013,92.7
05162,2014,87.4
05162,2015,88.1
05162,2016,88.8
05162,2017,89.2
05162,2018,84.9
05162,2019,87.2
05162,2020,83.2
05162,2021,89.6
05162,2022,89.1
05162,2023,92.9
05162,2024,95.1
05162,2025,98.7
05158,2008,97.9
05158,2009,101.8
05158,2010,97.1
05158,2011,98.9
05158,2012,92.7
05158,2013,94.1
05158,2014,91.6
05158,2015,92
05158,2016,88.1
05158,2017,88.9
05158,2018,88.1
05158,2019,88.8
05158,2020,83.3
05158,2021,98.3
05158,2022,91.8
05158,2023,93.6
05158,2024,95.1
05158,2025,102.7
05382,2008,90.7
05382,2009,98.8
05382,2010,93.9
05382,2011,100.8
05382,2012,92.3
05382,2013,97.2
05382,2014,93.2
05382,2015,96.3
05382,2016,93.6
05382,2017,90
05382,2018,85.6
05382,2019,86.7
05382,2020,81.4
05382,2021,82.2
05382,2022,81.5
05382,2023,83.8
05382,2024,80.2
05382,2025,93.7
09277,2008,130.9
09277,2009,110.3
09277,2010,98.9
09277,2011,100.6
09277,2012,79.6
09277,2013,76.4
09277,2014,81.2
09277,2015,78.1
09277,2016,87.6
09277,2017,82.1
09277,2018,85.8
09277,2019,86.2
09277,2020,84.9
09277,2021,88.3
09277,2022,84
09277,2023,86
09277,2024,88
09277,2025,93.1
06432,2008,113.7
06432,2009,120.3
06432,2010,111.2
06432,2011,106.1
06432,2012,102.9
06432,2013,104.3
06432,2014,98.2
06432,2015,98.9
06432,2016,93.2
06432,2017,88.1
06432,2018,85.4
06432,2019,85.5
06432,2020,86.9
06432,2021,91.1
06432,2022,92.7
06432,2023,94.8
06432,2024,84.5
06432,2025,87.4
05370,2008,100.9
05370,2009,103.5
05370,2010,102.1
05370,2011,87.1
05370,2012,81.5
05370,2013,87.2
05370,2014,80.2
05370,2015,80.3
05370,2016,79.6
05370,2017,73.9
05370,2018,78.8
05370,2019,80.6
05370,2020,73.2
05370,2021,79.1
05370,2022,76.3
05370,2023,79.3
05370,2024,80.4
05370,2025,82.8
01055,2008,92.7
01055,2009,101.3
01055,2010,100.3
01055,2011,96.8
01055,2012,85.9
01055,2013,80.3
01055,2014,83
01055,2015,79.3
01055,2016,82.4
01055,2017,82.1
01055,2018,79.6
01055,2019,81.7
01055,2020,86.6
01055,2021,91.2
01055,2022,85.1
01055,2023,86.5
01055,2024,90
01055,2025,95.6
03156,2008,67.1
03156,2009,68.2
03156,2010,70.1
03156,2011,59.6
03156,2012,52.2
03156,2013,57.6
03156,2014,55.9
03156,2015,50.9
08415,2008,91.5
08415,2009,95
08415,2010,95.7
08415,2011,91.6
08415,2012,85
08415,2013,83
08415,2014,84.5
08415,2015,79.6
08415,2016,70.4
08415,2017,76.1
08415,2018,75.6
08415,2019,74.3
08415,2020,73.4
08415,2021,79.5
08415,2022,79.7
08415,2023,78
08415,2024,75.7
08415,2025,89.8
03256,2008,74.2
03256,2009,72.2
03256,2010,79.9
03256,2011,64.5
03256,2012,59.7
03256,2013,60.9
03256,2014,56.1
03256,2015,54.2
03256,2016,57
03256,2017,57
03256,2018,57.4
03256,2019,64.5
03256,2020,62.7
03256,2021,69.3
03256,2022,64.1
03256,2023,71.3
03256,2024,73
03256,2025,77.3
08118,2008,92
08118,2009,96.7
08118,2010,102.3
08118,2011,99.2
08118,2012,91.8
08118,2013,96.7
08118,2014,89.6
08118,2015,85.1
08118,2016,79.4
08118,2017,78.6
08118,2018,76.2
08118,2019,76
08118,2020,81.5
08118,2021,82.7
08118,2022,84.5
08118,2023,86.1
08118,2024,83.2
08118,2025,95.1
08121,2008,97.5
08121,2009,97
08121,2010,107.8
08121,2011,111.5
08121,2012,94.4
08121,2013,106.7
08121,2014,94.2
08121,2015,88.3
08121,2016,85.6
08121,2017,80.9
08121,2018,86
08121,2019,81.7
08121,2020,82.1
08121,2021,84.2
08121,2022,86.3
08121,2023,90.6
08121,2024,92.3
08121,2025,97.8
03153,2008,77.7
03153,2009,82
03153,2010,72.9
03153,2011,70.1
03153,2012,65.1
03153,2013,71
03153,2014,60.9
03153,2015,59
03153,2016,57.3
03153,2017,56.4
03153,2018,54.7
03153,2019,57.7
03153,2020,61.3
03153,2021,61
03153,2022,67.3
03153,2023,70.8
03153,2024,72.4
03153,2025,81.9
08335,2008,91.9
08335,2009,96.3
08335,2010,98.6
08335,2011,94.4
08335,2012,88.6
08335,2013,80.3
08335,2014,77.3
08335,2015,75.2
08335,2016,77.7
08335,2017,74.8
08335,2018,79.1
08335,2019,79
08335,2020,82.2
08335,2021,89.3
08335,2022,80.6
08335,2023,83.5
08335,2024,79.4
08335,2025,90.1
08212,2008,95
08212,2009,98
08212,2010,100.2
08212,2011,98.6
08212,2012,88.6
08212,2013,90.6
08212,2014,81.6
08212,2015,74.9
08212,2016,71.1
08212,2017,68
08212,2018,67.8
08212,2019,70.7
08212,2020,72.9
08212,2021,80.3
08212,2022,73.6
08212,2023,75.9
08212,2024,72
08212,2025,77.9
01058,2008,83.7
01058,2009,95.6
01058,2010,102.1
01058,2011,86.7
01058,2012,81.5
01058,2013,76.2
01058,2014,73.1
01058,2015,71.1
01058,2016,71.8
01058,2017,72.8
01058,2018,69.4
01058,2019,75.8
01058,2020,74.6
01058,2021,76.2
01058,2022,75.8
01058,2023,75
01058,2024,77.8
01058,2025,75.5
08225,2008,81.5
08225,2009,78.5
08225,2010,76.9
08225,2011,74.5
08225,2012,70.1
08225,2013,73.6
08225,2014,62.4
08225,2015,62.3
08225,2016,63
08225,2017,64.3
08225,2018,60.7
08225,2019,65.6
08225,2020,68.3
08225,2021,69.5
08225,2022,71.4
08225,2023,76.9
08225,2024,75.5
08225,2025,78.7
05558,2008,79
05558,2009,78
05558,2010,79.1
05558,2011,68.3
05558,2012,65
05558,2013,62.3
05558,2014,60.3
05558,2015,66.7
05558,2016,61.8
05558,2017,61.6
05558,2018,61
05558,2019,60.1
05558,2020,56.5
05558,2021,63.9
05558,2022,61
05558,2023,61
05558,2024,65.6
05558,2025,65.2
08425,2008,84.8
08425,2009,80.5
08425,2010,85.3
08425,2011,80.7
08425,2012,77.1
08425,2013,74.2
08425,2014,66.1
08425,2015,70.7
08425,2016,68.5
08425,2017,68.4
08425,2018,65.5
08425,2019,70.4
08425,2020,71.8
08425,2021,80.4
08425,2022,75.3
08425,2023,81.1
08425,2024,76.6
08425,2025,85.4
03403,2008,88.8
03403,2009,94.5
03403,2010,92.8
03403,2011,92.6
03403,2012,82.4
03403,2013,84.8
03403,2014,79.6
03403,2015,79.4
03403,2016,77.4
03403,2017,75.2
03403,2018,69.7
03403,2019,76.2
03403,2020,77.2
03403,2021,81.5
03403,2022,76.2
03403,2023,79.8
03403,2024,76.7
03403,2025,84.7
05122,2008,89.7
05122,2009,91.4
05122,2010,88.4
05122,2011,90.7
05122,2012,87.8
05122,2013,86.3
05122,2014,93
05122,2015,84.1
05122,2016,62.3
05122,2017,78.6
05122,2018,73.6
05122,2019,81
05122,2020,69.8
05122,2021,83.9
05122,2022,74.5
05122,2023,80.6
05122,2024,77.7
05122,2025,79.3
07132,2008,80.3
07132,2009,90.1
07132,2010,85.8
07132,2011,82.1
07132,2012,69.5
07132,2013,74.6
07132,2014,74.1
07132,2015,72.5
07132,2016,70.8
07132,2017,67.7
07132,2018,66.2
07132,2019,66.5
07132,2020,65.1
07132,2021,74
07132,2022,69.9
07132,2023,76.9
07132,2024,75.1
07132,2025,86.5
07337,2008,93.5
07337,2009,95.7
07337,2010,92.3
07337,2011,88.3
07337,2012,87.5
07337,2013,93.2
07337,2014,78.7
07337,2015,71
07337,2016,73.8
07337,2017,72.4
07337,2018,73.6
07337,2019,70.1
07337,2020,78
07337,2021,72.8
07337,2022,65.7
07337,2023,75
07337,2024,79.2
07337,2025,81.8
07332,2008,95.1
07332,2009,100
07332,2010,107.3
07332,2011,98.1
07332,2012,92.5
07332,2013,86.3
07332,2014,87.1
07332,2015,81.7
07332,2016,81.8
07332,2017,77.8
07332,2018,73.6
07332,2019,68.7
07332,2020,74.2
07332,2021,72.4
07332,2022,68.4
07332,2023,79.1
07332,2024,73.8
07332,2025,77.8
06632,2008,64.7
06632,2009,72.3
06632,2010,66
06632,2011,64.2
06632,2012,56.4
06632,2013,59.2
06632,2014,56.5
06632,2015,55.5
06632,2016,56.7
06632,2017,55.5
06632,2018,55.3
06632,2019,59.1
06632,2020,57.2
06632,2021,64.7
06632,2022,61.2
06632,2023,67.4
06632,2024,70.9
06632,2025,77.3
05378,2008,96.2
05378,2009,103.6
05378,2010,100.1
05378,2011,89.8
05378,2012,86.8
05378,2013,89.2
05378,2014,86.8
05378,2015,78.6
05378,2016,86.2
05378,2017,74.3
05378,2018,76.7
05378,2019,79.4
05378,2020,77.3
05378,2021,87.1
05378,2022,69.6
05378,2023,64.8
05378,2024,88.3
05378,2025,80.4
09374,2008,61.2
09374,2009,75.7
09374,2010,67.2
09374,2011,64.5
09374,2012,59
09374,2013,58
09374,2014,61.4
09374,2015,61.3
09374,2016,59.8
09374,2017,58.4
09374,2018,57.2
09374,2019,62.4
09374,2020,70.2
09374,2021,71.4
09374,2022,68.6
09374,2023,74
09374,2024,69
09374,2025,78.1
05978,2008,76.3
05978,2009,77.3
05978,2010,73.6
05978,2011,75.9
05978,2012,70.1
05978,2013,70.2
05978,2014,67.9
05978,2015,67.2
05978,2016,62.9
05978,2017,63.5
05978,2018,58.7
05978,2019,62.8
05978,2020,64.2
05978,2021,64.7
05978,2022,65.2
05978,2023,69.8
05978,2024,69.7
05978,2025,76.3
05913,2008,108.3
05913,2009,106.7
05913,2010,112.1
05913,2011,103.5
05913,2012,91.6
05913,2013,84.9
05913,2014,78.9
05913,2015,77.5
05913,2016,64.1
05913,2017,67.7
05913,2018,60.3
05913,2019,61.9
05913,2020,66.4
05913,2021,65.6
05913,2022,68.3
05913,2023,78.1
05913,2024,78.4
05913,2025,80.8
05770,2008,81.9
05770,2009,92.2
05770,2010,95.7
05770,2011,78.6
05770,2012,69.1
05770,2013,69.6
05770,2014,68.5
05770,2015,69.5
05770,2016,70.1
05770,2017,67.6
05770,2018,67.3
05770,2019,68.4
05770,2020,68
05770,2021,76.2
05770,2022,71.9
05770,2023,77.8
05770,2024,79.8
05770,2025,87.6
07318,2008,104.1
07318,2009,117.5
07318,2010,113.8
07318,2011,113
07318,2012,100.3
07318,2013,83.6
07318,2014,79.5
07318,2015,77.3
07318,2016,59.7
07318,2017,78.8
07318,2018,64.9
07318,2019,71.9
07318,2020,80.9
07318,2021,77.8
07318,2022,81.3
07318,2023,89.8
07318,2024,84.3
07318,2025,83.4
03460,2008,93.6
03460,2009,100.8
03460,2010,104.9
03460,2011,110.2
03460,2012,90.1
03460,2013,93.2
03460,2014,75
03460,2015,72.9
03460,2016,70
03460,2017,67.6
03460,2018,72.3
03460,2019,75.5
03460,2020,85.5
03460,2021,89.5
03460,2022,89
03460,2023,90.8
03460,2024,83.2
03460,2025,83.2
05112,2008,91
05112,2009,93
05112,2010,101.5
05112,2011,96.6
05112,2012,93.3
05112,2013,100.9
05112,2014,93.2
05112,2015,90.3
05112,2016,86.9
05112,2017,81.9
05112,2018,85.2
05112,2019,77
05112,2020,72.4
05112,2021,65.9
05112,2022,63.2
05112,2023,73.4
05112,2024,66.7
05112,2025,88.4
06531,2008,95.3
06531,2009,96.4
06531,2010,98.1
06531,2011,99.6
06531,2012,96.1
06531,2013,95.6
06531,2014,91.9
06531,2015,93.6
06531,2016,90.8
06531,2017,94.3
06531,2018,88.5
06531,2019,89.6
06531,2020,80.3
06531,2021,87
06531,2022,85.7
06531,2023,88.1
06531,2024,87.4
06531,2025,91.8
07312,2008,99.6
07312,2009,127.4
07312,2010,111.5
07312,2011,114.7
07312,2012,103.4
07312,2013,104.6
07312,2014,96.2
07312,2015,91
07312,2016,71.4
07312,2017,77.3
07312,2018,77.7
07312,2019,75.3
07312,2020,65.7
07312,2021,73.2
07312,2022,65.7
07312,2023,67.4
07312,2024,84.9
07312,2025,86.2
08215,2008,95.6
08215,2009,93.4
08215,2010,102.4
08215,2011,100.1
08215,2012,91.7
08215,2013,91
08215,2014,83.9
08215,2015,80.6
08215,2016,77.3
08215,2017,76.4
08215,2018,76.9
08215,2019,76.2
08215,2020,80.7
08215,2021,86.6
08215,2022,84.2
08215,2023,83.7
08215,2024,83.1
08215,2025,96.8
01003,2008,104.9
01003,2009,94.1
01003,2010,90.6
01003,2011,88.6
01003,2012,83.4
01003,2013,83.9
01003,2014,84.4
01003,2015,79.4
01003,2016,78.6
01003,2017,69
01003,2018,64.1
01003,2019,72.6
01003,2020,72.6
01003,2021,72.6
01003,2022,68.5
01003,2023,74.1
01003,2024,78.1
01003,2025,80.3
06611,2008,105.1
06611,2009,105.7
06611,2010,112.9
06611,2011,105.3
06611,2012,102.2
06611,2013,101.2
06611,2014,86.8
06611,2015,92.9
06611,2016,93.6
06611,2017,82.1
06611,2018,77.3
06611,2019,80.5
06611,2020,61.9
06611,2021,78.1
06611,2022,88.6
06611,2023,93.9
06611,2024,85.7
06611,2025,94
08326,2008,81.2
08326,2009,85
08326,2010,86.4
08326,2011,80.1
08326,2012,75.6
08326,2013,79.3
08326,2014,71.7
08326,2015,68.5
08326,2016,69
08326,2017,64.9
08326,2018,61.7
08326,2019,62.9
08326,2020,70.6
08326,2021,82.3
08326,2022,72.8
08326,2023,80.6
08326,2024,76.7
08326,2025,85.1
01060,2008,108.7
01060,2009,115.7
01060,2010,120.1
01060,2011,110.4
01060,2012,97
01060,2013,102.8
01060,2014,103.6
01060,2015,95.5
01060,2016,90.7
01060,2017,90.9
01060,2018,83.3
01060,2019,88.2
01060,2020,81.4
01060,2021,86.8
01060,2022,84.7
01060,2023,88.8
01060,2024,87
01060,2025,91.6
06411,2008,116.8
06411,2009,118.9
06411,2010,123.1
06411,2011,114.5
06411,2012,101.2
06411,2013,107.7
06411,2014,93.6
06411,2015,92.8
06411,2016,89.1
06411,2017,88.3
06411,2018,85.6
06411,2019,81.5
06411,2020,72.3
06411,2021,79.2
06411,2022,75.4
06411,2023,75.8
06411,2024,78.6
06411,2025,85.1
03360,2008,76.4
03360,2009,78.3
03360,2010,77.5
03360,2011,74.4
03360,2012,67.4
03360,2013,69.2
03360,2014,64
03360,2015,62.7
03360,2016,67.7
03360,2017,65.8
03360,2018,69.8
03360,2019,70.3
03360,2020,62.1
03360,2021,66.1
03360,2022,69.1
03360,2023,69.3
03360,2024,75.2
03360,2025,75.4
06437,2008,89.8
06437,2009,99.2
06437,2010,111.8
06437,2011,108.9
06437,2012,101.5
06437,2013,108.9
06437,2014,96
06437,2015,84.4
06437,2016,79
06437,2017,78
06437,2018,81.8
06437,2019,81.5
06437,2020,71.6
06437,2021,80.2
06437,2022,84.6
06437,2023,83.2
06437,2024,85.7
06437,2025,82.5
09772,2008,106.8
09772,2009,118.5
09772,2010,118.6
09772,2011,119.6
09772,2012,107.4
09772,2013,103.3
09772,2014,103.3
09772,2015,100.1
09772,2016,96.1
09772,2017,94.9
09772,2018,88.6
09772,2019,95.6
09772,2020,93.6
09772,2021,101.2
09772,2022,92.6
09772,2023,93.5
09772,2024,87.9
09772,2025,98.2
09186,2008,114.4
09186,2009,116.8
09186,2010,123.4
09186,2011,119.1
09186,2012,112
09186,2013,105
09186,2014,107.4
09186,2015,94.9
09186,2016,89.7
09186,2017,87.8
09186,2018,85.9
09186,2019,86.4
09186,2020,89.1
09186,2021,89.6
09186,2022,85.9
09186,2023,87.2
09186,2024,94.1
09186,2025,95.6
09471,2008,91.7
09471,2009,96.7
09471,2010,92.6
09471,2011,83
09471,2012,73.3
09471,2013,72.5
09471,2014,74.2
09471,2015,65.9
09471,2016,69.5
09471,2017,67.6
09471,2018,67.2
09471,2019,72.9
09471,2020,63.9
09471,2021,71.3
09471,2022,68.4
09471,2023,72.9
09471,2024,72.3
09471,2025,77.5
09461,2008,114.9
09461,2009,133.6
09461,2010,118.8
09461,2011,108
09461,2012,91.7
09461,2013,109.1
09461,2014,90
09461,2015,96.2
09461,2016,94
09461,2017,83.8
09461,2018,80.5
09461,2019,87
09461,2020,74.4
09461,2021,79.8
09461,2022,89
09461,2023,86
09461,2024,86.6
09461,2025,84.9
09189,2008,101.5
09189,2009,114.9
09189,2010,119
09189,2011,105.3
09189,2012,99.6
09189,2013,94.5
09189,2014,93.4
09189,2015,85.3
09189,2016,83.3
09189,2017,86
09189,2018,84.4
09189,2019,88.7
09189,2020,86.4
09189,2021,92
09189,2022,84.2
09189,2023,93.5
09189,2024,85.6
09189,2025,94.7
09474,2008,88.9
09474,2009,95.8
09474,2010,95.5
09474,2011,84.5
09474,2012,69.7
09474,2013,70
09474,2014,69.3
09474,2015,68
09474,2016,63.6
09474,2017,68.8
09474,2018,70.2
09474,2019,67.9
09474,2020,71.3
09474,2021,84.8
09474,2022,67.1
09474,2023,76.1
09474,2024,70.4
09474,2025,75
05916,2008,67.7
05916,2009,70.6
05916,2010,68.2
05916,2011,79.1
05916,2012,76.8
05916,2013,73.9
05916,2014,70.7
05916,2015,70.3
05916,2016,75.1
05916,2017,74.1
05916,2018,78
05916,2019,78.4
05916,2020,78.1
05916,2021,83.2
05916,2022,80.6
05916,2023,82.6
05916,2024,84.2
05916,2025,83.2
09181,2008,123.8
09181,2009,126.5
09181,2010,128.7
09181,2011,122.1
09181,2012,116.6
09181,2013,114.3
09181,2014,119.4
09181,2015,107.3
09181,2016,103.9
09181,2017,100.2
09181,2018,99.2
09181,2019,97
09181,2020,95.6
09181,2021,97.8
09181,2022,97.1
09181,2023,91.1
09181,2024,88.9
09181,2025,105.1
09572,2008,85.5
09572,2009,89.7
09572,2010,100.3
09572,2011,89.8
09572,2012,76.2
09572,2013,71.7
09572,2014,75.1
09572,2015,75
09572,2016,74.3
09572,2017,70.8
09572,2018,72.6
09572,2019,70.6
09572,2020,79.6
09572,2021,81
09572,2022,67.2
09572,2023,79.2
09572,2024,76.1
09572,2025,83.2
09274,2008,107.5
09274,2009,117
09274,2010,107.9
09274,2011,101.3
09274,2012,90.4
09274,2013,87.2
09274,2014,91.1
09274,2015,89.8
09274,2016,85.1
09274,2017,78.5
09274,2018,88
09274,2019,92.2
09274,2020,94.7
09274,2021,104.1
09274,2022,93.3
09274,2023,87.6
09274,2024,94.4
09274,2025,104
09261,2008,96.4
09261,2009,98
09261,2010,108.6
09261,2011,98.6
09261,2012,94.9
09261,2013,96.7
09261,2014,95.3
09261,2015,83.4
09261,2016,69.5
09261,2017,67.8
09261,2018,66.3
09261,2019,68.3
09261,2020,71.8
09261,2021,75.6
09261,2022,89
09261,2023,85.5
09261,2024,84.5
09261,2025,89.2
09377,2008,77.5
09377,2009,95.8
09377,2010,90
09377,2011,81.9
09377,2012,66.2
09377,2013,59.3
09377,2014,61.8
09377,2015,55.8
09377,2016,56.2
09377,2017,59.6
09377,2018,54.9
09377,2019,65.9
09377,2020,69
09377,2021,77
09377,2022,71.8
09377,2023,72.9
09377,2024,67.6
09377,2025,73.2
09777,2008,95.5
09777,2009,104.9
09777,2010,111.3
09777,2011,95.6
09777,2012,83.4
09777,2013,83.5
09777,2014,86.3
09777,2015,82.9
09777,2016,71.5
09777,2017,82.4
09777,2018,78.2
09777,2019,73.7
09777,2020,77.4
09777,2021,86.2
09777,2022,86.1
09777,2023,91.5
09777,2024,86.1
09777,2025,100.2
09671,2008,105.4
09671,2009,113.5
09671,2010,111.3
09671,2011,106.1
09671,2012,92
09671,2013,94.5
09671,2014,94.9
09671,2015,93.8
09671,2016,87.3
09671,2017,88.4
09671,2018,81.3
09671,2019,84.4
09671,2020,97.6
09671,2021,96
09671,2022,92.4
09671,2023,94.2
09671,2024,92.5
09671,2025,97.5
05358,2008,82.9
05358,2009,90.7
05358,2010,89.1
05358,2011,83.2
05358,2012,80.2
05358,2013,79.4
05358,2014,76.8
05358,2015,80.7
05358,2016,80.5
05358,2017,80.8
05358,2018,74.7
05358,2019,78.3
05358,2020,73.4
05358,2021,76.7
05358,2022,74.9
05358,2023,74.8
05358,2024,76.2
05358,2025,83.6
09577,2008,95.9
09577,2009,117
09577,2010,97.5
09577,2011,96.6
09577,2012,75.9
09577,2013,82.5
09577,2014,73.4
09577,2015,71.9
09577,2016,69
09577,2017,75.6
09577,2018,88.7
09577,2019,80.8
09577,2020,86.1
09577,2021,87.5
09577,2022,83.1
09577,2023,92.6
09577,2024,88.3
09577,2025,91.9
09564,2008,107
09564,2009,111.3
09564,2010,116.7
09564,2011,124.1
09564,2012,111.2
09564,2013,103.9
09564,2014,92.4
09564,2015,87.3
09564,2016,82.1
09564,2017,80
09564,2018,78.8
09564,2019,80.7
09564,2020,73.1
09564,2021,82.6
09564,2022,80.4
09564,2023,83.2
09564,2024,85.1
09564,2025,90.7
