{"type":"FeatureCollection","features":[{"type":"Feature","properties":{"gebiet_nr":"0101","name":"Mitte 1","bezirk_nr":"01"},"geometry":{"type":"MultiPolygon","coordinates":[[[[13.403448422,52.540362655],[13.401504111,52.539836859],[13.393245441,52.537447537],[13.391197806,52.536171893],[13.389425866,52.537084981],[13.388407026,52.536353231],[13.387160163,52.536972644],[13.386189424,52.53612449],[13.385370057,52.535201269],[13.38236964,52.537735872],[13.379709235,52.540347273],[13.37456174,52.537277137],[13.373220673,52.538031837],[13.368602716,52.535857913],[13.368522751,52.53592334],[13.367751026,52.536587556],[13.366612062,52.53604587],[13.365298429,52.536879622],[13.362876205,52.53775403],[13.361710049,52.537572595],[13.36108753,52.537668256],[13.357463593,52.535960724],[13.364180057,52.527946346],[13.360836118,52.526912962],[13.362891823,52.524464593],[13.370943147,52.526918224],[13.373748132,52.527800919],[13.37379274,52.526960774],[13.373366473,52.526525814],[13.371048778,52.526526225],[13.370992069,52.525381219],[13.370683111,52.524796428],[13.370693534,52.523510477],[13.371047354,52.522710542],[13.372583639,52.52277316],[13.374207784,52.522416274],[13.375417972,52.52179069],[13.375935619,52.521179805],[13.376283706,52.520072502],[13.376862205,52.51963608],[13.37684364,52.51797443],[13.377191513,52.51715649],[13.377130614,52.516725008],[13.3766489,52.516208164],[13.397960044,52.517594739],[13.399306106,52.517666529],[13.402499827,52.518826489],[13.400873067,52.520626993],[13.40050972,52.521382965],[13.40036509,52.522292125],[13.398476669,52.522230088],[13.397259527,52.521988695],[13.395942339,52.522286285],[13.39414825,52.522496654],[13.39516801,52.524411883],[13.396154953,52.52501321],[13.398859149,52.52547406],[13.398388418,52.526562683],[13.400725617,52.52569356],[13.403303495,52.524992624],[13.403687626,52.525924398],[13.403354688,52.527033284],[13.402999527,52.527616206],[13.401889488,52.528961334],[13.401384924,52.52971783],[13.40356822,52.52981093],[13.405505972,52.529505429],[13.405583269,52.529664635],[13.406083984,52.53060376],[13.405990269,52.530779721],[13.406420079,52.532346868],[13.408349443,52.534346344],[13.407485638,52.534688032],[13.405516727,52.538513519],[13.404703634,52.540183872],[13.404188124,52.540399992],[13.403448422,52.540362655]]]]}},{"type":"Feature","properties":{"gebiet_nr":"0102","name":"Mitte 2","bezirk_nr":"01"},"geometry":{"type":"MultiPolygon","coordinates":[[[[13.405583269,52.529664635],[13.405505972,52.529505429],[13.40356822,52.52981093],[13.401384924,52.52971783],[13.401889488,52.528961334],[13.402999527,52.527616206],[13.403354688,52.527033284],[13.403687626,52.525924398],[13.403303495,52.524992624],[13.400725617,52.52569356],[13.398388418,52.526562683],[13.398859149,52.52547406],[13.396154953,52.52501321],[13.39516801,52.524411883],[13.39414825,52.522496654],[13.395942339,52.522286285],[13.397259527,52.521988695],[13.398476669,52.522230088],[13.40036509,52.522292125],[13.40050972,52.521382965],[13.400873067,52.520626993],[13.402499827,52.518826489],[13.399306106,52.517666529],[13.397960044,52.517594739],[13.3766489,52.516208164],[13.377372465,52.515637248],[13.376696409,52.512768217],[13.376824871,52.512193349],[13.376389831,52.510210896],[13.376374595,52.50900397],[13.377648566,52.507966913],[13.378937211,52.506928974],[13.392123204,52.507696329],[13.398551319,52.508098908],[13.399228927,52.508075948],[13.400188407,52.509375445],[13.402751015,52.508533788],[13.404436817,52.507771311],[13.405284415,52.508209646],[13.40802802,52.506178394],[13.409969839,52.506924254],[13.411523556,52.504889582],[13.414072152,52.504037127],[13.41490587,52.504917505],[13.417600042,52.504167425],[13.418210133,52.505015932],[13.418943331,52.505059458],[13.419429501,52.50564803],[13.421825498,52.505039318],[13.423227778,52.504980628],[13.424949923,52.505179482],[13.426706998,52.505798041],[13.427199486,52.505665872],[13.428816464,52.507978126],[13.429399982,52.508571312],[13.429118659,52.508903344],[13.428080064,52.50928623],[13.424498825,52.511379422],[13.422780399,52.512234689],[13.423841598,52.513367017],[13.425100523,52.515080202],[13.426751999,52.517957791],[13.425925075,52.51839044],[13.426914796,52.519741889],[13.428399007,52.519584424],[13.429179818,52.521223072],[13.425567635,52.522792329],[13.426518722,52.522937722],[13.42650092,52.523289066],[13.425433555,52.523440028],[13.423701354,52.523988844],[13.419752883,52.525543865],[13.415428141,52.52746114],[13.411310069,52.52862107],[13.408155245,52.529231765],[13.405583269,52.529664635]]]]}},{"type":"Feature","properties":{"gebiet_nr":"0103","name":"Mitte 3","bezirk_nr":"01"},"geometry":{"type":"MultiPolygon","coordinates":[[[[13.360836118,52.526912962],[13.356381016,52.52554018],[13.355364592,52.526700712],[13.349941961,52.526297249],[13.348678067,52.526250254],[13.345365812,52.526253215],[13.339917214,52.526376594],[13.337674191,52.526537536],[13.330570859,52.527186785],[13.319442509,52.528363509],[13.317025807,52.528807435],[13.314649221,52.529613575],[13.314330958,52.530441295],[13.313352338,52.530258976],[13.316644905,52.520962079],[13.317795272,52.520365685],[13.318778571,52.521114132],[13.31868495,52.522071855],[13.318940192,52.523073621],[13.32001028,52.52406492],[13.321369986,52.524517763],[13.323250302,52.524687054],[13.325186634,52.524424204],[13.326918226,52.52371687],[13.328772919,52.522445465],[13.329455919,52.521444284],[13.329489079,52.52046034],[13.329169762,52.519533023],[13.329154791,52.518696338],[13.329634168,52.517952557],[13.331159181,52.517028065],[13.332280918,52.516702852],[13.334211691,52.516771442],[13.334791666,52.515502175],[13.335376308,52.51485838],[13.33613369,52.514374967],[13.335852122,52.513293193],[13.331875361,52.513029935],[13.330558399,52.512828942],[13.330976744,52.512386951],[13.333735632,52.511715326],[13.33340567,52.511276863],[13.332515715,52.510882841],[13.330042265,52.510074166],[13.333897601,52.508842722],[13.334403841,52.508905082],[13.334844735,52.508160285],[13.333748229,52.506720624],[13.335390013,52.505881735],[13.336592844,52.505717539],[13.338637143,52.505919338],[13.339063871,52.505072942],[13.339714264,52.505156299],[13.341420063,52.504866561],[13.341499117,52.504939543],[13.351387026,52.50255096],[13.357517541,52.501104743],[13.362535886,52.499660225],[13.363043029,52.499560707],[13.368791895,52.498779859],[13.369527623,52.49886863],[13.37087315,52.499940947],[13.371428775,52.501637911],[13.373026912,52.503363172],[13.373604022,52.504161516],[13.374149275,52.503583945],[13.374976619,52.503376321],[13.377648566,52.507966913],[13.376374595,52.50900397],[13.376389831,52.510210896],[13.376824871,52.512193349],[13.376696409,52.512768217],[13.377372465,52.515637248],[13.3766489,52.516208164],[13.377130614,52.516725008],[13.377191513,52.51715649],[13.37684364,52.51797443],[13.376862205,52.51963608],[13.376283706,52.520072502],[13.375935619,52.521179805],[13.375417972,52.52179069],[13.374207784,52.522416274],[13.372583639,52.52277316],[13.371047354,52.522710542],[13.370693534,52.523510477],[13.370683111,52.524796428],[13.370992069,52.525381219],[13.371048778,52.526526225],[13.373366473,52.526525814],[13.37379274,52.526960774],[13.373748132,52.527800919],[13.370943147,52.526918224],[13.362891823,52.524464593],[13.360836118,52.526912962]]]]}},{"type":"Feature","properties":{"gebiet_nr":"0104","name":"Mitte 4","bezirk_nr":"01"},"geometry":{"type":"MultiPolygon","coordinates":[[[[13.36108753,52.537668256],[13.36079746,52.537868004],[13.358056158,52.538596915],[13.356772118,52.539132288],[13.355294636,52.53948298],[13.353928636,52.539677545],[13.35287786,52.539663438],[13.349739677,52.539012707],[13.348625107,52.53883396],[13.346951117,52.53878868],[13.345020032,52.539075266],[13.348028878,52.541287674],[13.349385198,52.542173333],[13.350813536,52.542630487],[13.351153713,52.542208913],[13.357766303,52.543581972],[13.358866078,52.543874462],[13.361860351,52.544863713],[13.355520847,52.548456523],[13.351986635,52.550449673],[13.335701414,52.541896072],[13.334129205,52.541158],[13.333171739,52.541292226],[13.331560855,52.541275642],[13.329314303,52.541101072],[13.32797535,52.541194755],[13.327325229,52.541429458],[13.32714223,52.539731441],[13.32913327,52.538229423],[13.328282915,52.538006214],[13.311411631,52.535612495],[13.312552887,52.532640088],[13.313025495,52.531872992],[13.317031824,52.532350843],[13.317304224,52.531543666],[13.31661137,52.53116262],[13.316744346,52.530903258],[13.314330958,52.530441295],[13.314649221,52.529613575],[13.317025807,52.528807435],[13.319442509,52.528363509],[13.330570859,52.527186785],[13.337674191,52.526537536],[13.339917214,52.526376594],[13.345365812,52.526253215],[13.348678067,52.526250254],[13.349941961,52.526297249],[13.355364592,52.526700712],[13.356381016,52.52554018],[13.360836118,52.526912962],[13.364180057,52.527946346],[13.357463593,52.535960724],[13.36108753,52.537668256]]]]}},{"type":"Feature","properties":{"gebiet_nr":"0105","name":"Mitte 5","bezirk_nr":"01"},"geometry":{"type":"MultiPolygon","coordinates":[[[[13.377008194,52.560662469],[13.370828997,52.560539653],[13.369999194,52.559969912],[13.366656388,52.558226436],[13.365101456,52.558116973],[13.36452292,52.56117559],[13.360094587,52.560471054],[13.359713132,52.561853214],[13.356894157,52.562015774],[13.349089578,52.561927652],[13.348711175,52.562070549],[13.34578171,52.562669328],[13.337099082,52.564454708],[13.331788286,52.561657595],[13.330919382,52.562149685],[13.326794755,52.562381945],[13.326419142,52.561672858],[13.32563289,52.561068767],[13.324966745,52.560800172],[13.323408573,52.560520306],[13.319226057,52.559979315],[13.317282058,52.559637257],[13.31254515,52.55849518],[13.309666607,52.557720958],[13.30376458,52.551455789],[13.3015138,52.548805794],[13.305077539,52.548716679],[13.312943285,52.548365747],[13.317931283,52.548235977],[13.319325032,52.54729602],[13.320283259,52.546442988],[13.323461845,52.54402751],[13.326231491,52.541873316],[13.327325229,52.541429458],[13.32797535,52.541194755],[13.329314303,52.541101072],[13.331560855,52.541275642],[13.333171739,52.541292226],[13.334129205,52.541158],[13.335701414,52.541896072],[13.351986635,52.550449673],[13.355520847,52.548456523],[13.357877148,52.55004801],[13.3594133,52.550772203],[13.362312635,52.550853297],[13.362078676,52.552004843],[13.366985754,52.552138816],[13.367321087,52.551524875],[13.369864093,52.55305632],[13.371546838,52.553977477],[13.371280472,52.554401065],[13.372373781,52.556046145],[13.372516791,52.556812999],[13.377072014,52.556432669],[13.376999707,52.556703011],[13.376927437,52.560342381],[13.377008194,52.560662469]]]]}},{"type":"Feature","properties":{"gebiet_nr":"0106","name":"Mitte 6","bezirk_nr":"01"},"geometry":{"type":"MultiPolygon","coordinates":[[[[13.388396668,52.567666603],[13.387900128,52.567308841],[13.384545587,52.567734283],[13.384296467,52.567712206],[13.381159392,52.566421583],[13.378582808,52.566191555],[13.377145338,52.560660961],[13.377008194,52.560662469],[13.376927437,52.560342381],[13.376999707,52.556703011],[13.377072014,52.556432669],[13.372516791,52.556812999],[13.372373781,52.556046145],[13.371280472,52.554401065],[13.371546838,52.553977477],[13.369864093,52.55305632],[13.367321087,52.551524875],[13.366985754,52.552138816],[13.362078676,52.552004843],[13.362312635,52.550853297],[13.364305793,52.549619389],[13.366683003,52.548236217],[13.369168985,52.548391722],[13.36935267,52.545467017],[13.370501,52.545207101],[13.370227093,52.544655636],[13.371018285,52.544464136],[13.375714703,52.546500634],[13.37858569,52.544766897],[13.383479098,52.548570242],[13.386326043,52.549317438],[13.387298492,52.549953852],[13.391247362,52.550328415],[13.396844492,52.550702459],[13.39762654,52.551416601],[13.398066026,52.552804962],[13.397305182,52.555653103],[13.397176259,52.556343014],[13.397096918,52.558267762],[13.39653414,52.560431511],[13.39590312,52.561819591],[13.394901824,52.562946336],[13.393389959,52.564403669],[13.388916453,52.566999953],[13.389051858,52.567323737],[13.388396668,52.567666603]]]]}},{"type":"Feature","properties":{"gebiet_nr":"0107","name":"Mitte 7","bezirk_nr":"01"},"geometry":{"type":"MultiPolygon","coordinates":[[[[13.396844492,52.550702459],[13.391247362,52.550328415],[13.387298492,52.549953852],[13.386326043,52.549317438],[13.383479098,52.548570242],[13.37858569,52.544766897],[13.375714703,52.546500634],[13.371018285,52.544464136],[13.370227093,52.544655636],[13.370501,52.545207101],[13.36935267,52.545467017],[13.369168985,52.548391722],[13.366683003,52.548236217],[13.364305793,52.549619389],[13.362312635,52.550853297],[13.3594133,52.550772203],[13.357877148,52.55004801],[13.355520847,52.548456523],[13.361860351,52.544863713],[13.358866078,52.543874462],[13.357766303,52.543581972],[13.351153713,52.542208913],[13.350813536,52.542630487],[13.349385198,52.542173333],[13.348028878,52.541287674],[13.345020032,52.539075266],[13.346951117,52.53878868],[13.348625107,52.53883396],[13.349739677,52.539012707],[13.35287786,52.539663438],[13.353928636,52.539677545],[13.355294636,52.53948298],[13.356772118,52.539132288],[13.358056158,52.538596915],[13.36079746,52.537868004],[13.36108753,52.537668256],[13.361710049,52.537572595],[13.362876205,52.53775403],[13.365298429,52.536879622],[13.366612062,52.53604587],[13.367751026,52.536587556],[13.368522751,52.53592334],[13.368602716,52.535857913],[13.373220673,52.538031837],[13.37456174,52.537277137],[13.379709235,52.540347273],[13.38236964,52.537735872],[13.385370057,52.535201269],[13.386189424,52.53612449],[13.387160163,52.536972644],[13.388407026,52.536353231],[13.389425866,52.537084981],[13.391197806,52.536171893],[13.393245441,52.537447537],[13.401504111,52.539836859],[13.403448422,52.540362655],[13.402025857,52.540126316],[13.400903688,52.541957427],[13.400244976,52.543363455],[13.399835812,52.544962267],[13.399207139,52.546530102],[13.400304743,52.546645434],[13.39923088,52.549067032],[13.398897155,52.550884355],[13.396844492,52.550702459]]]]}},{"type":"Feature","properties":{"gebiet_nr":"0201","name":"Friedrichshain-Kreuzberg 1","bezirk_nr":"02"},"geometry":{"type":"MultiPolygon","coordinates":[[[[13.429399982,52.508571312],[13.428816464,52.507978126],[13.427199486,52.505665872],[13.426706998,52.505798041],[13.424949923,52.505179482],[13.423227778,52.504980628],[13.421825498,52.505039318],[13.419429501,52.50564803],[13.418943331,52.505059458],[13.418210133,52.505015932],[13.417600042,52.504167425],[13.41490587,52.504917505],[13.414072152,52.504037127],[13.411523556,52.504889582],[13.409969839,52.506924254],[13.40802802,52.506178394],[13.405284415,52.508209646],[13.404436817,52.507771311],[13.402751015,52.508533788],[13.400188407,52.509375445],[13.399228927,52.508075948],[13.398551319,52.508098908],[13.392123204,52.507696329],[13.378937211,52.506928974],[13.377648566,52.507966913],[13.374976619,52.503376321],[13.374149275,52.503583945],[13.373604022,52.504161516],[13.373026912,52.503363172],[13.371428775,52.501637911],[13.37087315,52.499940947],[13.369527623,52.49886863],[13.369598316,52.498108516],[13.368676364,52.497384883],[13.368410697,52.494473531],[13.368580109,52.493954472],[13.368212739,52.493329998],[13.369236643,52.493278896],[13.371072286,52.492911905],[13.371066456,52.492756557],[13.376429857,52.491675907],[13.376417734,52.491549512],[13.376746196,52.491520444],[13.38351245,52.49369493],[13.384055675,52.495190198],[13.385315301,52.498944116],[13.388983667,52.498054677],[13.390880196,52.497840627],[13.392229743,52.497911975],[13.395819423,52.498228171],[13.396419347,52.498390201],[13.399286194,52.498402933],[13.399548571,52.498349517],[13.408330108,52.498411875],[13.412547847,52.498599313],[13.414156192,52.498517739],[13.417268555,52.498924986],[13.420284948,52.499084853],[13.425158669,52.499139982],[13.430133199,52.499375705],[13.431299732,52.499306644],[13.440931398,52.500704281],[13.44156515,52.500572274],[13.442034909,52.500919886],[13.442873885,52.501011957],[13.444493421,52.500724195],[13.444946363,52.501228138],[13.441464018,52.502914007],[13.438502341,52.504002099],[13.437125949,52.504559764],[13.43547921,52.505643588],[13.432108086,52.507328463],[13.429399982,52.508571312]]]]}},{"type":"Feature","properties":{"gebiet_nr":"0202","name":"Friedrichshain-Kreuzberg 2","bezirk_nr":"02"},"geometry":{"type":"MultiPolygon","coordinates":[[[[13.414156192,52.498517739],[13.412547847,52.498599313],[13.408330108,52.498411875],[13.399548571,52.498349517],[13.399286194,52.498402933],[13.396419347,52.498390201],[13.395819423,52.498228171],[13.392229743,52.497911975],[13.390880196,52.497840627],[13.388983667,52.498054677],[13.385315301,52.498944116],[13.384055675,52.495190198],[13.38351245,52.49369493],[13.376746196,52.491520444],[13.376417734,52.491549512],[13.375472883,52.490453729],[13.375397891,52.48943314],[13.374728188,52.489379141],[13.373519353,52.487876957],[13.37416359,52.487710015],[13.374017674,52.485169177],[13.371641725,52.485182952],[13.371568002,52.48494914],[13.376583381,52.484919406],[13.386266703,52.48486219],[13.386289424,52.485825605],[13.39425061,52.485770515],[13.394246189,52.484094496],[13.394638105,52.48402517],[13.40022643,52.48390479],[13.40404797,52.483273091],[13.406393863,52.482769735],[13.406762922,52.485213892],[13.407189352,52.485898567],[13.408527196,52.487142097],[13.40790377,52.488476362],[13.407885679,52.488859159],[13.420842682,52.487166854],[13.423678732,52.486356665],[13.423842893,52.486511516],[13.424938195,52.487783201],[13.425409369,52.488085055],[13.424007966,52.490338523],[13.420455706,52.491221852],[13.420206255,52.491673445],[13.413962179,52.493253021],[13.41501819,52.494710749],[13.415194469,52.495409326],[13.413259935,52.4953744],[13.411597794,52.49564099],[13.411832876,52.496315065],[13.41292811,52.497830847],[13.41385563,52.497943852],[13.414156192,52.498517739]]]]}},{"type":"Feature","properties":{"gebiet_nr":"0203","name":"Friedrichshain-Kreuzberg 3","bezirk_nr":"02"},"geometry":{"type":"MultiPolygon","coordinates":[[[[13.490704766,52.487441179],[13.491451543,52.488265211],[13.488810405,52.489247997],[13.488459497,52.489887436],[13.486086371,52.490797683],[13.485772981,52.491198114],[13.484935451,52.49160331],[13.484143208,52.491657177],[13.473078759,52.498988101],[13.46857203,52.499649867],[13.46887503,52.500156213],[13.469750726,52.502356382],[13.470202317,52.503742702],[13.471293543,52.505000456],[13.471266176,52.505243955],[13.470307001,52.506200656],[13.468560614,52.506945116],[13.461333246,52.508658859],[13.456201529,52.509910594],[13.451828328,52.510723786],[13.45087065,52.508582677],[13.448785153,52.505294085],[13.447461379,52.503435471],[13.446798727,52.502703861],[13.444946363,52.501228138],[13.444493421,52.500724195],[13.442873885,52.501011957],[13.442034909,52.500919886],[13.44156515,52.500572274],[13.440931398,52.500704281],[13.431299732,52.499306644],[13.430133199,52.499375705],[13.425158669,52.499139982],[13.420284948,52.499084853],[13.417268555,52.498924986],[13.414156192,52.498517739],[13.41385563,52.497943852],[13.41292811,52.497830847],[13.411832876,52.496315065],[13.411597794,52.49564099],[13.413259935,52.4953744],[13.415194469,52.495409326],[13.41501819,52.494710749],[13.413962179,52.493253021],[13.420206255,52.491673445],[13.420455706,52.491221852],[13.424007966,52.490338523],[13.420790672,52.495474012],[13.420482626,52.495857205],[13.422834961,52.495338258],[13.43094178,52.492699987],[13.438268972,52.490374455],[13.439251102,52.489641806],[13.439657767,52.489908454],[13.439890391,52.490599893],[13.440815355,52.491200758],[13.444955326,52.494406428],[13.445766827,52.494706926],[13.44742193,52.494662714],[13.447880565,52.494844938],[13.450906085,52.497105113],[13.452671151,52.497574127],[13.45406415,52.497558193],[13.455070368,52.497420363],[13.459496921,52.496539718],[13.461934388,52.495584263],[13.463838256,52.495163628],[13.463965479,52.495001145],[13.46319688,52.494213756],[13.464213065,52.493739762],[13.467055516,52.492684106],[13.468492228,52.492339151],[13.471015769,52.491486071],[13.473786632,52.491032263],[13.476128209,52.489954173],[13.477683857,52.488782487],[13.477914664,52.488004534],[13.47863044,52.48703128],[13.479234141,52.487869589],[13.480055361,52.48793711],[13.481681584,52.487633568],[13.482051714,52.487441706],[13.482954249,52.486045384],[13.485945571,52.487400568],[13.487550417,52.487787992],[13.488499787,52.487834936],[13.490704766,52.487441179]]]]}},{"type":"Feature","properties":{"gebiet_nr":"0204","name":"Friedrichshain-Kreuzberg 4","bezirk_nr":"02"},"geometry":{"type":"MultiPolygon","coordinates":[[[[13.455130921,52.523529221],[13.452412946,52.527524032],[13.452180545,52.527794182],[13.450781989,52.527485674],[13.447167587,52.526408162],[13.446476523,52.527136816],[13.442277165,52.531024202],[13.438745767,52.52877652],[13.438306566,52.528800086],[13.437481151,52.529546447],[13.425024775,52.528093445],[13.424853372,52.527876579],[13.423640538,52.527914046],[13.419752883,52.525543865],[13.423701354,52.523988844],[13.425433555,52.523440028],[13.42650092,52.523289066],[13.426518722,52.522937722],[13.425567635,52.522792329],[13.429179818,52.521223072],[13.428399007,52.519584424],[13.426914796,52.519741889],[13.425925075,52.51839044],[13.426751999,52.517957791],[13.425100523,52.515080202],[13.423841598,52.513367017],[13.422780399,52.512234689],[13.424498825,52.511379422],[13.428080064,52.50928623],[13.429118659,52.508903344],[13.429399982,52.508571312],[13.432108086,52.507328463],[13.43547921,52.505643588],[13.437125949,52.504559764],[13.438502341,52.504002099],[13.441464018,52.502914007],[13.444946363,52.501228138],[13.446798727,52.502703861],[13.447461379,52.503435471],[13.448785153,52.505294085],[13.45087065,52.508582677],[13.451828328,52.510723786],[13.453984678,52.515602138],[13.454017689,52.515824153],[13.453185209,52.518121686],[13.453747383,52.518265394],[13.454028243,52.518771744],[13.453806887,52.519245011],[13.45278273,52.518947855],[13.450482861,52.522330572],[13.455130921,52.523529221]]]]}},{"type":"Feature","properties":{"gebiet_nr":"0205","name":"Friedrichshain-Kreuzberg 5","bezirk_nr":"02"},"geometry":{"type":"MultiPolygon","coordinates":[[[[13.472107453,52.520692874],[13.462692001,52.519927142],[13.455288392,52.521270027],[13.456154491,52.522455698],[13.45579906,52.522551343],[13.455130921,52.523529221],[13.450482861,52.522330572],[13.45278273,52.518947855],[13.453806887,52.519245011],[13.454028243,52.518771744],[13.453747383,52.518265394],[13.453185209,52.518121686],[13.454017689,52.515824153],[13.453984678,52.515602138],[13.451828328,52.510723786],[13.456201529,52.509910594],[13.461333246,52.508658859],[13.468560614,52.506945116],[13.470307001,52.506200656],[13.471266176,52.505243955],[13.471746028,52.50573435],[13.472709957,52.506357475],[13.473066436,52.507126167],[13.475415941,52.509631158],[13.475826201,52.510256244],[13.476264493,52.510439228],[13.475631027,52.51305799],[13.475435312,52.513432478],[13.475885579,52.514861009],[13.477483939,52.514387647],[13.47774351,52.514728563],[13.476711319,52.515045383],[13.474196041,52.519115754],[13.473770396,52.519086448],[13.472554421,52.520526308],[13.472107453,52.520692874]]]]}},{"type":"Feature","properties":{"gebiet_nr":"0301","name":"Pankow 1","bezirk_nr":"03"},"geometry":{"type":"MultiPolygon","coordinates":[[[[13.496659449,52.605026732],[13.497120588,52.606700934],[13.498509248,52.610741779],[13.500227332,52.613618641],[13.501204782,52.615553951],[13.503306407,52.618990766],[13.504614421,52.619588816],[13.505438065,52.619684916],[13.505854409,52.62573634],[13.507849551,52.626577385],[13.511389463,52.627785805],[13.514651069,52.628632748],[13.51781512,52.629563085],[13.518453885,52.631658399],[13.519739486,52.634427373],[13.520411398,52.635708537],[13.521057032,52.637492911],[13.521718965,52.638659032],[13.522440764,52.640758886],[13.522814833,52.643125328],[13.523021596,52.645033316],[13.520393694,52.644873736],[13.519941577,52.645497884],[13.519265824,52.646944082],[13.517161395,52.646561141],[13.515187172,52.646118076],[13.512825144,52.645397826],[13.511933148,52.645826518],[13.50679316,52.648548814],[13.504721829,52.649562168],[13.503160408,52.649964045],[13.490759046,52.654795957],[13.485357843,52.659423921],[13.488422689,52.670785388],[13.485217066,52.669638547],[13.483785761,52.669300744],[13.479934555,52.668108049],[13.477974476,52.667676062],[13.475832066,52.666545572],[13.475563418,52.66686784],[13.475695762,52.667497952],[13.47513089,52.667988786],[13.474529948,52.668220764],[13.476465989,52.671355871],[13.477261835,52.672069493],[13.479845921,52.674722791],[13.480083498,52.674856083],[13.47948405,52.675504154],[13.47727039,52.673900023],[13.475517621,52.675019299],[13.473553878,52.673442375],[13.470712201,52.671022246],[13.470522804,52.67107232],[13.465926538,52.667116682],[13.459553098,52.668974345],[13.455503564,52.665747863],[13.455215782,52.665633321],[13.450784519,52.662664931],[13.453944726,52.661849118],[13.462382312,52.657537758],[13.473512343,52.656529995],[13.474261326,52.65575184],[13.474062328,52.654331738],[13.47361309,52.653911495],[13.472175577,52.653409092],[13.470493275,52.652359078],[13.469966049,52.651862335],[13.467656029,52.651587874],[13.467073614,52.651651794],[13.465721889,52.651166501],[13.465024558,52.650737802],[13.463868945,52.650375868],[13.46305796,52.649923636],[13.462119297,52.648849365],[13.46041121,52.648475846],[13.459730103,52.648079489],[13.456451706,52.648413618],[13.456273071,52.648376518],[13.452084519,52.648698432],[13.452096904,52.649671675],[13.450976204,52.649849748],[13.447491405,52.650022468],[13.444910772,52.649500927],[13.443308959,52.649536205],[13.442771383,52.649122898],[13.44160751,52.649021339],[13.440820443,52.649261843],[13.439788388,52.645265773],[13.439408739,52.645255289],[13.43569859,52.644661665],[13.434005716,52.644276108],[13.433821556,52.643822894],[13.433390148,52.641476743],[13.43401135,52.638948981],[13.438295053,52.636920441],[13.441330024,52.635644658],[13.434711544,52.628465674],[13.433152355,52.626707195],[13.432686321,52.626564448],[13.430161404,52.623837406],[13.429584184,52.623141798],[13.429441677,52.622650004],[13.429953401,52.620820318],[13.423959352,52.623828767],[13.422678308,52.622718545],[13.421826056,52.622132958],[13.42096471,52.621286743],[13.420037857,52.620561725],[13.417682287,52.618477239],[13.415783982,52.617144785],[13.414118838,52.616164987],[13.412732582,52.6152315],[13.411978339,52.614888652],[13.412275266,52.614247558],[13.41268312,52.612046616],[13.415324391,52.610779771],[13.416415236,52.610184111],[13.41704085,52.610558156],[13.419279544,52.612285691],[13.424110177,52.610003395],[13.424701501,52.610464509],[13.426442883,52.609619141],[13.426953349,52.610010912],[13.429541004,52.60873018],[13.429691277,52.608346281],[13.426595993,52.60769655],[13.42667511,52.607473961],[13.427976822,52.606736729],[13.426438535,52.6032154],[13.423402516,52.604642812],[13.423167483,52.604468202],[13.421825151,52.600275681],[13.417242343,52.60079563],[13.416685358,52.600605031],[13.416899271,52.59969598],[13.418109492,52.598761725],[13.41922622,52.597614321],[13.419604898,52.59774259],[13.421006751,52.596953997],[13.430703562,52.593644778],[13.431326146,52.593346558],[13.434627899,52.591499143],[13.435670811,52.59110007],[13.435385993,52.590609337],[13.434686469,52.590120145],[13.43537735,52.588948416],[13.435849786,52.58776053],[13.436166039,52.587405811],[13.436390693,52.587460529],[13.438165477,52.589044498],[13.442849925,52.593423152],[13.444062171,52.594719523],[13.444896342,52.595823159],[13.445812615,52.597565618],[13.449018461,52.604525636],[13.449693914,52.606502766],[13.449728902,52.608079939],[13.45037193,52.608592226],[13.451342176,52.610714464],[13.452058824,52.611661794],[13.45294648,52.612304729],[13.456264349,52.609938987],[13.456942905,52.609572606],[13.456973007,52.6091751],[13.460360952,52.606615571],[13.463049986,52.604663889],[13.463412982,52.60460454],[13.466045013,52.602514332],[13.467197193,52.601485087],[13.470242064,52.599079107],[13.470904067,52.598915489],[13.47336516,52.59853977],[13.476248555,52.598550179],[13.479261625,52.599028065],[13.481511399,52.599659601],[13.481723053,52.59954011],[13.483954668,52.60017833],[13.485454683,52.60051934],[13.488087765,52.601013845],[13.492096022,52.601916313],[13.493703214,52.602231002],[13.494433522,52.602704942],[13.495062524,52.603438118],[13.496038283,52.604252305],[13.496659449,52.605026732]]]]}},{"type":"Feature","properties":{"gebiet_nr":"0302","name":"Pankow 2","bezirk_nr":"03"},"geometry":{"type":"MultiPolygon","coordinates":[[[[13.43401135,52.638948981],[13.434257972,52.63795279],[13.432722787,52.637376957],[13.427630467,52.637510508],[13.424377843,52.635572929],[13.424353229,52.63546505],[13.420790286,52.637404476],[13.416548561,52.639433357],[13.414260479,52.641240941],[13.414749815,52.641779202],[13.414736552,52.642384862],[13.413628171,52.642466449],[13.412290683,52.643480401],[13.407884752,52.642685149],[13.406587756,52.643845589],[13.403892325,52.644861411],[13.403240617,52.645186392],[13.397905222,52.648112975],[13.397269703,52.64814949],[13.39638701,52.647422578],[13.394552758,52.647553798],[13.392930735,52.645561925],[13.393172383,52.645406037],[13.392091096,52.644818889],[13.392259004,52.643808252],[13.390669853,52.642617098],[13.389687558,52.641224944],[13.390244385,52.640695858],[13.390368799,52.639811844],[13.389611878,52.639371797],[13.389213348,52.637673467],[13.388639134,52.637599526],[13.388093523,52.6371554],[13.387615963,52.637237114],[13.386327713,52.636730373],[13.384243068,52.636271417],[13.383229412,52.636602737],[13.38183057,52.636339251],[13.382690588,52.635746124],[13.382858964,52.635216272],[13.380080829,52.634383778],[13.379399868,52.63386654],[13.378705902,52.634347661],[13.377683316,52.633388466],[13.376792412,52.632915704],[13.377120902,52.632550649],[13.376867521,52.632174483],[13.375956354,52.631635173],[13.37680147,52.630024793],[13.377022482,52.629336899],[13.376126838,52.628934215],[13.376195246,52.628333168],[13.375233736,52.628606118],[13.374571017,52.627766278],[13.373542958,52.627799135],[13.37297495,52.627444754],[13.371483544,52.62716028],[13.370705802,52.627322157],[13.369870682,52.626687707],[13.369508393,52.626012041],[13.36852889,52.625578564],[13.367966272,52.625574642],[13.367655092,52.626005311],[13.366913537,52.625792508],[13.366935359,52.625348626],[13.367907195,52.624071084],[13.369517079,52.622256631],[13.371043105,52.620366489],[13.372448514,52.618374522],[13.373133993,52.617285036],[13.375224462,52.61422511],[13.37571583,52.613236744],[13.376284419,52.611127928],[13.376352286,52.609319998],[13.376210725,52.607738083],[13.37426571,52.604764443],[13.37165711,52.601025011],[13.371019321,52.600040927],[13.370145637,52.599077227],[13.368101151,52.597379961],[13.367843688,52.597243705],[13.360647002,52.591267078],[13.359126726,52.591092016],[13.355691341,52.590886511],[13.353690381,52.590897197],[13.351755076,52.590791178],[13.350193617,52.590603324],[13.347555653,52.590081321],[13.351384351,52.588022495],[13.353324236,52.586898288],[13.357817604,52.58438607],[13.358813318,52.584169954],[13.359214078,52.583773658],[13.363449068,52.581432285],[13.364007987,52.581466775],[13.365278893,52.580605089],[13.368141747,52.578948875],[13.371176994,52.57728937],[13.374273039,52.576047786],[13.375145729,52.575629974],[13.378158186,52.5736151],[13.378913522,52.573454203],[13.379037292,52.573065777],[13.379687901,52.572522273],[13.382204166,52.572025762],[13.38308202,52.572329023],[13.384112349,52.572774085],[13.38835454,52.573754438],[13.392285297,52.575460816],[13.393096557,52.576053127],[13.395734947,52.578401062],[13.39763409,52.57941662],[13.398303282,52.579238182],[13.398360912,52.579787364],[13.399572322,52.58030731],[13.401328401,52.580485896],[13.403863476,52.580944503],[13.404230729,52.58148176],[13.403270337,52.583284352],[13.402901052,52.584242507],[13.402643914,52.585483945],[13.405573016,52.585984597],[13.412296965,52.588004511],[13.412503578,52.587707495],[13.414931699,52.589705241],[13.416153254,52.590398846],[13.420527249,52.591785574],[13.421250699,52.592408656],[13.424416572,52.594135756],[13.422797709,52.594743967],[13.420952847,52.595737374],[13.420351305,52.596483458],[13.41922622,52.597614321],[13.418109492,52.598761725],[13.416899271,52.59969598],[13.416685358,52.600605031],[13.417242343,52.60079563],[13.421825151,52.600275681],[13.423167483,52.604468202],[13.423402516,52.604642812],[13.426438535,52.6032154],[13.427976822,52.606736729],[13.42667511,52.607473961],[13.426595993,52.60769655],[13.429691277,52.608346281],[13.429541004,52.60873018],[13.426953349,52.610010912],[13.426442883,52.609619141],[13.424701501,52.610464509],[13.424110177,52.610003395],[13.419279544,52.612285691],[13.41704085,52.610558156],[13.416415236,52.610184111],[13.415324391,52.610779771],[13.41268312,52.612046616],[13.412275266,52.614247558],[13.411978339,52.614888652],[13.412732582,52.6152315],[13.414118838,52.616164987],[13.415783982,52.617144785],[13.417682287,52.618477239],[13.420037857,52.620561725],[13.42096471,52.621286743],[13.421826056,52.622132958],[13.422678308,52.622718545],[13.423959352,52.623828767],[13.429953401,52.620820318],[13.429441677,52.622650004],[13.429584184,52.623141798],[13.430161404,52.623837406],[13.432686321,52.626564448],[13.433152355,52.626707195],[13.434711544,52.628465674],[13.441330024,52.635644658],[13.438295053,52.636920441],[13.43401135,52.638948981]]]]}},{"type":"Feature","properties":{"gebiet_nr":"0303","name":"Pankow 3","bezirk_nr":"03"},"geometry":{"type":"MultiPolygon","coordinates":[[[[13.436166039,52.587405811],[13.435849786,52.58776053],[13.43537735,52.588948416],[13.434686469,52.590120145],[13.435385993,52.590609337],[13.435670811,52.59110007],[13.434627899,52.591499143],[13.431326146,52.593346558],[13.430703562,52.593644778],[13.421006751,52.596953997],[13.419604898,52.59774259],[13.41922622,52.597614321],[13.420351305,52.596483458],[13.420952847,52.595737374],[13.422797709,52.594743967],[13.424416572,52.594135756],[13.421250699,52.592408656],[13.420527249,52.591785574],[13.416153254,52.590398846],[13.414931699,52.589705241],[13.412503578,52.587707495],[13.412296965,52.588004511],[13.405573016,52.585984597],[13.402643914,52.585483945],[13.402901052,52.584242507],[13.403270337,52.583284352],[13.404230729,52.58148176],[13.403863476,52.580944503],[13.401328401,52.580485896],[13.399572322,52.58030731],[13.398360912,52.579787364],[13.398303282,52.579238182],[13.39763409,52.57941662],[13.395734947,52.578401062],[13.393096557,52.576053127],[13.392285297,52.575460816],[13.38835454,52.573754438],[13.384112349,52.572774085],[13.38308202,52.572329023],[13.388260029,52.569475302],[13.387774676,52.56914391],[13.389281399,52.568240816],[13.388396668,52.567666603],[13.389051858,52.567323737],[13.388916453,52.566999953],[13.393389959,52.564403669],[13.394901824,52.562946336],[13.39590312,52.561819591],[13.39653414,52.560431511],[13.397096918,52.558267762],[13.397919535,52.558579386],[13.39866312,52.558494549],[13.399188973,52.559169545],[13.400009982,52.559799273],[13.403017067,52.561422707],[13.405112806,52.562737954],[13.407568009,52.564171106],[13.408915166,52.564840637],[13.412336174,52.566290534],[13.413272531,52.566369634],[13.415965292,52.567938992],[13.421952739,52.570533986],[13.424108269,52.571341078],[13.42597263,52.571662831],[13.425758604,52.572298027],[13.426745084,52.572819638],[13.427792744,52.574265075],[13.429622637,52.574601244],[13.429856135,52.57552916],[13.429768441,52.5761635],[13.43384921,52.578810015],[13.433459527,52.580015114],[13.433014643,52.580206697],[13.433409933,52.580893905],[13.432868908,52.581140149],[13.43387851,52.582028754],[13.433275177,52.582351283],[13.431544116,52.582473358],[13.431535522,52.583084216],[13.436166039,52.587405811]]]]}},{"type":"Feature","properties":{"gebiet_nr":"0304","name":"Pankow 4","bezirk_nr":"03"},"geometry":{"type":"MultiPolygon","coordinates":[[[[13.496659449,52.605026732],[13.496038283,52.604252305],[13.495062524,52.603438118],[13.494433522,52.602704942],[13.493703214,52.602231002],[13.492096022,52.601916313],[13.488087765,52.601013845],[13.485454683,52.60051934],[13.483954668,52.60017833],[13.481723053,52.59954011],[13.481511399,52.599659601],[13.479261625,52.599028065],[13.476248555,52.598550179],[13.47336516,52.59853977],[13.470904067,52.598915489],[13.470242064,52.599079107],[13.467197193,52.601485087],[13.466045013,52.602514332],[13.463412982,52.60460454],[13.463049986,52.604663889],[13.460360952,52.606615571],[13.456973007,52.6091751],[13.456942905,52.609572606],[13.456264349,52.609938987],[13.45294648,52.612304729],[13.452058824,52.611661794],[13.451342176,52.610714464],[13.45037193,52.608592226],[13.449728902,52.608079939],[13.449693914,52.606502766],[13.449018461,52.604525636],[13.445812615,52.597565618],[13.444896342,52.595823159],[13.444062171,52.594719523],[13.442849925,52.593423152],[13.438165477,52.589044498],[13.436390693,52.587460529],[13.436166039,52.587405811],[13.431535522,52.583084216],[13.431544116,52.582473358],[13.433275177,52.582351283],[13.43387851,52.582028754],[13.432868908,52.581140149],[13.433409933,52.580893905],[13.433014643,52.580206697],[13.433459527,52.580015114],[13.43384921,52.578810015],[13.434176027,52.578724367],[13.435172741,52.57994351],[13.435638869,52.580114778],[13.436565218,52.578507263],[13.4398182,52.579205497],[13.441659287,52.579339788],[13.442833194,52.579323756],[13.444696273,52.579121221],[13.444498336,52.576099274],[13.446403963,52.575728785],[13.449721077,52.578687062],[13.45088015,52.57783694],[13.451670099,52.576632314],[13.451699765,52.57602427],[13.453709459,52.57718091],[13.457501954,52.57558325],[13.446349633,52.568497609],[13.447566778,52.568475325],[13.449242826,52.56831519],[13.453170491,52.567511326],[13.448585434,52.565053782],[13.448376429,52.564651381],[13.447369421,52.564789687],[13.447962199,52.56407616],[13.445898014,52.563269642],[13.44249673,52.562036857],[13.439355317,52.560604587],[13.436956868,52.559585602],[13.435605196,52.558798014],[13.434275884,52.558303405],[13.432385211,52.557722492],[13.432979173,52.557203885],[13.448543531,52.55299185],[13.448731143,52.552611503],[13.449494417,52.552713295],[13.453588132,52.551632942],[13.458759064,52.550219609],[13.458865235,52.55003666],[13.462002422,52.550720166],[13.463819806,52.551210642],[13.465504995,52.551981288],[13.466235193,52.551053079],[13.467210357,52.548212214],[13.468524503,52.548229915],[13.469541815,52.547773857],[13.479644039,52.54754663],[13.480456197,52.548120269],[13.4797602,52.549102305],[13.48008062,52.549468727],[13.481607853,52.549475998],[13.482220561,52.549644793],[13.485676753,52.552193919],[13.486113967,52.552396633],[13.490325212,52.551697014],[13.494414564,52.550795813],[13.495441443,52.552997735],[13.495671809,52.553863385],[13.495529832,52.555002709],[13.494904422,52.556081287],[13.491613388,52.55949962],[13.491073815,52.55994563],[13.489970675,52.560480854],[13.486974549,52.561357134],[13.485396124,52.56155027],[13.48518447,52.561795346],[13.485593896,52.562415899],[13.486067609,52.564150843],[13.483676269,52.564423867],[13.484107771,52.565970052],[13.483594088,52.566115913],[13.487586752,52.569216487],[13.482923282,52.571474605],[13.482795609,52.572631003],[13.482026131,52.572493473],[13.479459036,52.572692509],[13.479790733,52.574511772],[13.480075193,52.575020755],[13.479913102,52.57541416],[13.47998811,52.577693207],[13.480210122,52.577913649],[13.479943258,52.579200173],[13.479733919,52.579600707],[13.479730174,52.581164339],[13.480473234,52.583525087],[13.481612883,52.583314407],[13.481973554,52.584001408],[13.483563737,52.584075228],[13.484327344,52.585636187],[13.484644618,52.585616797],[13.485499205,52.587349815],[13.486005187,52.58801432],[13.486946442,52.588839509],[13.488408437,52.589785583],[13.489039231,52.590079516],[13.501818412,52.595121463],[13.505174582,52.596463933],[13.498970701,52.605159429],[13.496659449,52.605026732]]]]}},{"type":"Feature","properties":{"gebiet_nr":"0305","name":"Pankow 5","bezirk_nr":"03"},"geometry":{"type":"MultiPolygon","coordinates":[[[[13.432385211,52.557722492],[13.434275884,52.558303405],[13.435605196,52.558798014],[13.436956868,52.559585602],[13.439355317,52.560604587],[13.44249673,52.562036857],[13.445898014,52.563269642],[13.447962199,52.56407616],[13.447369421,52.564789687],[13.448376429,52.564651381],[13.448585434,52.565053782],[13.453170491,52.567511326],[13.449242826,52.56831519],[13.447566778,52.568475325],[13.446349633,52.568497609],[13.457501954,52.57558325],[13.453709459,52.57718091],[13.451699765,52.57602427],[13.451670099,52.576632314],[13.45088015,52.57783694],[13.449721077,52.578687062],[13.446403963,52.575728785],[13.444498336,52.576099274],[13.444696273,52.579121221],[13.442833194,52.579323756],[13.441659287,52.579339788],[13.4398182,52.579205497],[13.436565218,52.578507263],[13.435638869,52.580114778],[13.435172741,52.57994351],[13.434176027,52.578724367],[13.43384921,52.578810015],[13.429768441,52.5761635],[13.429856135,52.57552916],[13.429622637,52.574601244],[13.427792744,52.574265075],[13.426745084,52.572819638],[13.425758604,52.572298027],[13.42597263,52.571662831],[13.424108269,52.571341078],[13.421952739,52.570533986],[13.415965292,52.567938992],[13.413272531,52.566369634],[13.412336174,52.566290534],[13.408915166,52.564840637],[13.407568009,52.564171106],[13.405112806,52.562737954],[13.403017067,52.561422707],[13.400009982,52.559799273],[13.399188973,52.559169545],[13.39866312,52.558494549],[13.402549364,52.558017594],[13.413664186,52.55745305],[13.414621714,52.557237322],[13.415024983,52.55463017],[13.414933821,52.553950308],[13.427281977,52.552582686],[13.42997707,52.551547378],[13.430218948,52.551707424],[13.428958571,52.5564057],[13.429608837,52.556724904],[13.432385211,52.557722492]]]]}},{"type":"Feature","properties":{"gebiet_nr":"0306","name":"Pankow 6","bezirk_nr":"03"},"geometry":{"type":"MultiPolygon","coordinates":[[[[13.414933821,52.553950308],[13.415024983,52.55463017],[13.414621714,52.557237322],[13.413664186,52.55745305],[13.402549364,52.558017594],[13.39866312,52.558494549],[13.397919535,52.558579386],[13.397096918,52.558267762],[13.397176259,52.556343014],[13.397305182,52.555653103],[13.398066026,52.552804962],[13.39762654,52.551416601],[13.396844492,52.550702459],[13.398897155,52.550884355],[13.39923088,52.549067032],[13.400304743,52.546645434],[13.399207139,52.546530102],[13.399835812,52.544962267],[13.400244976,52.543363455],[13.400903688,52.541957427],[13.402025857,52.540126316],[13.403448422,52.540362655],[13.404188124,52.540399992],[13.404580965,52.540640426],[13.408208985,52.541331687],[13.408538147,52.541342565],[13.412598182,52.540991524],[13.418540949,52.540059432],[13.424226311,52.539195407],[13.427086033,52.544056049],[13.427289599,52.544495551],[13.425208191,52.545335241],[13.420476591,52.547831631],[13.417379413,52.548911448],[13.414846093,52.549525534],[13.413732969,52.549634534],[13.414575421,52.553994023],[13.414933821,52.553950308]]]]}},{"type":"Feature","properties":{"gebiet_nr":"0307","name":"Pankow 7","bezirk_nr":"03"},"geometry":{"type":"MultiPolygon","coordinates":[[[[13.458865235,52.55003666],[13.458759064,52.550219609],[13.453588132,52.551632942],[13.449494417,52.552713295],[13.448731143,52.552611503],[13.448543531,52.55299185],[13.432979173,52.557203885],[13.432385211,52.557722492],[13.429608837,52.556724904],[13.428958571,52.5564057],[13.430218948,52.551707424],[13.42997707,52.551547378],[13.427281977,52.552582686],[13.414933821,52.553950308],[13.414575421,52.553994023],[13.413732969,52.549634534],[13.414846093,52.549525534],[13.417379413,52.548911448],[13.420476591,52.547831631],[13.425208191,52.545335241],[13.427289599,52.544495551],[13.429273661,52.543682282],[13.431196965,52.543076188],[13.432898394,52.542635949],[13.438336604,52.540730599],[13.442793894,52.544557753],[13.443580608,52.545011889],[13.446330426,52.546271517],[13.44789148,52.546960759],[13.450742234,52.548220393],[13.458865235,52.55003666]]]]}},{"type":"Feature","properties":{"gebiet_nr":"0308","name":"Pankow 8","bezirk_nr":"03"},"geometry":{"type":"MultiPolygon","coordinates":[[[[13.423640538,52.527914046],[13.423815926,52.528224381],[13.425223606,52.52940132],[13.427451464,52.531377625],[13.432174183,52.535406932],[13.438336604,52.540730599],[13.432898394,52.542635949],[13.431196965,52.543076188],[13.429273661,52.543682282],[13.427289599,52.544495551],[13.427086033,52.544056049],[13.424226311,52.539195407],[13.418540949,52.540059432],[13.412598182,52.540991524],[13.408538147,52.541342565],[13.408208985,52.541331687],[13.404580965,52.540640426],[13.404188124,52.540399992],[13.404703634,52.540183872],[13.405516727,52.538513519],[13.407485638,52.534688032],[13.408349443,52.534346344],[13.406420079,52.532346868],[13.405990269,52.530779721],[13.406083984,52.53060376],[13.405583269,52.529664635],[13.408155245,52.529231765],[13.411310069,52.52862107],[13.415428141,52.52746114],[13.419752883,52.525543865],[13.423640538,52.527914046]]]]}},{"type":"Feature","properties":{"gebiet_nr":"0309","name":"Pankow 9","bezirk_nr":"03"},"geometry":{"type":"MultiPolygon","coordinates":[[[[13.467519254,52.538404561],[13.467310317,52.538494903],[13.469838386,52.540458518],[13.468701847,52.54352363],[13.467700077,52.546241494],[13.467525416,52.546693019],[13.46701556,52.54806973],[13.467210357,52.548212214],[13.466235193,52.551053079],[13.465504995,52.551981288],[13.463819806,52.551210642],[13.462002422,52.550720166],[13.458865235,52.55003666],[13.450742234,52.548220393],[13.44789148,52.546960759],[13.446330426,52.546271517],[13.443580608,52.545011889],[13.442793894,52.544557753],[13.438336604,52.540730599],[13.432174183,52.535406932],[13.427451464,52.531377625],[13.425223606,52.52940132],[13.423815926,52.528224381],[13.423640538,52.527914046],[13.424853372,52.527876579],[13.425024775,52.528093445],[13.437481151,52.529546447],[13.438306566,52.528800086],[13.438745767,52.52877652],[13.442277165,52.531024202],[13.446476523,52.527136816],[13.447167587,52.526408162],[13.450781989,52.527485674],[13.452180545,52.527794182],[13.452412946,52.527524032],[13.455130921,52.523529221],[13.45579906,52.522551343],[13.456154491,52.522455698],[13.455288392,52.521270027],[13.462692001,52.519927142],[13.472107453,52.520692874],[13.471037025,52.521774345],[13.470298255,52.522378164],[13.468581536,52.5232979],[13.467094565,52.523816224],[13.466022568,52.524060106],[13.462753067,52.524503154],[13.460261632,52.525284201],[13.459114983,52.525766956],[13.458178444,52.526397378],[13.456196852,52.528263734],[13.456330434,52.528394231],[13.460672104,52.529355659],[13.460845342,52.529524848],[13.463248308,52.532398472],[13.463387435,52.532632313],[13.46444271,52.532988729],[13.464524452,52.533200922],[13.46695729,52.53405345],[13.467353591,52.534085436],[13.468742497,52.534710059],[13.467803086,52.536122376],[13.466381941,52.536654259],[13.467519254,52.538404561]]]]}},{"type":"Feature","properties":{"gebiet_nr":"0401","name":"Charlottenburg-Wilmersdorf 1","bezirk_nr":"04"},"geometry":{"type":"MultiPolygon","coordinates":[[[[13.3015138,52.548805794],[13.283401235,52.549098837],[13.270330565,52.549343285],[13.270299324,52.54865033],[13.270659322,52.547884862],[13.273365763,52.542941391],[13.273464578,52.542016072],[13.272304896,52.538865519],[13.273595545,52.538553049],[13.275223638,52.537692491],[13.276027969,52.53644395],[13.276271658,52.535638578],[13.279774058,52.534602863],[13.282180528,52.534049132],[13.282039335,52.5332606],[13.281414361,52.531588179],[13.281241074,52.530573091],[13.281020766,52.530292966],[13.283669576,52.529430775],[13.284487081,52.529280371],[13.285655038,52.529351142],[13.287321605,52.529732469],[13.291329584,52.531285988],[13.292246561,52.531426975],[13.293446961,52.531309043],[13.294469179,52.530783509],[13.295911943,52.528216498],[13.296367467,52.527205885],[13.296675116,52.525870443],[13.29704164,52.523556528],[13.297789474,52.522455958],[13.298385257,52.522181725],[13.300117113,52.521882772],[13.299439289,52.520709052],[13.299581409,52.519624766],[13.299861805,52.519559041],[13.306577416,52.517426018],[13.315202826,52.514682078],[13.317675998,52.517838354],[13.319440443,52.517258823],[13.318153031,52.515773589],[13.322432368,52.514484316],[13.322731002,52.514967662],[13.32433972,52.516876036],[13.325021996,52.517487965],[13.328499876,52.521864246],[13.328772919,52.522445465],[13.326918226,52.52371687],[13.325186634,52.524424204],[13.323250302,52.524687054],[13.321369986,52.524517763],[13.32001028,52.52406492],[13.318940192,52.523073621],[13.31868495,52.522071855],[13.318778571,52.521114132],[13.317795272,52.520365685],[13.316644905,52.520962079],[13.313352338,52.530258976],[13.314330958,52.530441295],[13.316744346,52.530903258],[13.31661137,52.53116262],[13.317304224,52.531543666],[13.317031824,52.532350843],[13.313025495,52.531872992],[13.312552887,52.532640088],[13.311411631,52.535612495],[13.328282915,52.538006214],[13.32913327,52.538229423],[13.32714223,52.539731441],[13.327325229,52.541429458],[13.326231491,52.541873316],[13.323461845,52.54402751],[13.320283259,52.546442988],[13.319325032,52.54729602],[13.317931283,52.548235977],[13.312943285,52.548365747],[13.305077539,52.548716679],[13.3015138,52.548805794]]]]}},{"type":"Feature","properties":{"gebiet_nr":"0402","name":"Charlottenburg-Wilmersdorf 2","bezirk_nr":"04"},"geometry":{"type":"MultiPolygon","coordinates":[[[[13.299581409,52.519624766],[13.299439289,52.520709052],[13.300117113,52.521882772],[13.298385257,52.522181725],[13.297789474,52.522455958],[13.29704164,52.523556528],[13.296675116,52.525870443],[13.296367467,52.527205885],[13.295911943,52.528216498],[13.294469179,52.530783509],[13.293446961,52.531309043],[13.292246561,52.531426975],[13.291329584,52.531285988],[13.287321605,52.529732469],[13.285655038,52.529351142],[13.284487081,52.529280371],[13.283669576,52.529430775],[13.281020766,52.530292966],[13.279078631,52.530290872],[13.277360135,52.529960498],[13.27621252,52.529370283],[13.275013681,52.528924587],[13.273324581,52.528797338],[13.269900382,52.52894972],[13.265799189,52.528818661],[13.263925929,52.528512782],[13.260926571,52.527542886],[13.259789407,52.527323687],[13.25573052,52.527089065],[13.253737249,52.527052245],[13.251208533,52.527083789],[13.249802041,52.527179069],[13.248564879,52.527459098],[13.246678843,52.528312173],[13.246337969,52.527687409],[13.247124291,52.527234315],[13.24727751,52.525698102],[13.247696869,52.52456534],[13.247507751,52.524284353],[13.246136976,52.524518096],[13.24399594,52.525053082],[13.242241046,52.525569514],[13.240552098,52.525954032],[13.239824874,52.525880663],[13.238300683,52.526124598],[13.236445585,52.526131076],[13.233853235,52.526032633],[13.231272697,52.525768818],[13.230931395,52.525873719],[13.22817628,52.526017244],[13.22803319,52.52571032],[13.227300318,52.525612591],[13.225944629,52.525791334],[13.224057845,52.525880187],[13.22201594,52.526173374],[13.221816033,52.525640684],[13.220390702,52.523304677],[13.219891659,52.522621779],[13.219385658,52.521418531],[13.219343686,52.52085942],[13.21948802,52.518155849],[13.219836961,52.515785486],[13.220095398,52.514598345],[13.220945517,52.513619926],[13.219751312,52.513576284],[13.21945581,52.513992246],[13.218825252,52.513367301],[13.218468472,52.513401118],[13.217430505,52.512396425],[13.216434368,52.511649782],[13.215849776,52.510684389],[13.214978493,52.509508607],[13.214083875,52.509099295],[13.213231127,52.509095419],[13.211859003,52.509346734],[13.211011046,52.508522381],[13.210493331,52.507198629],[13.20932913,52.505872595],[13.208759657,52.505045613],[13.209345491,52.504300893],[13.209725362,52.502909305],[13.211593918,52.502622014],[13.211859828,52.502220346],[13.21416392,52.502438691],[13.214492426,52.502584521],[13.223378973,52.503318805],[13.254131317,52.505207992],[13.253803542,52.50495803],[13.255502453,52.504155478],[13.253408964,52.50251153],[13.253760849,52.502346388],[13.25251572,52.501395267],[13.25523913,52.500103488],[13.251804494,52.497408346],[13.256498276,52.495178263],[13.257498507,52.49212952],[13.258511355,52.490728062],[13.25935092,52.489973995],[13.261643074,52.488916172],[13.262938846,52.489599556],[13.264432793,52.49071669],[13.267558053,52.494190578],[13.271016742,52.496914101],[13.271216334,52.496813151],[13.273063239,52.497857545],[13.273384583,52.49781447],[13.272586253,52.497478678],[13.272876236,52.497122776],[13.275868754,52.495023421],[13.280815119,52.497571326],[13.281659995,52.497964607],[13.282232214,52.497873818],[13.283228235,52.497036463],[13.284297362,52.495691565],[13.285548838,52.494747988],[13.286527437,52.495580275],[13.288524184,52.496517916],[13.290310727,52.497033452],[13.290299706,52.497706521],[13.29062826,52.500192254],[13.294975898,52.501864351],[13.294857794,52.50190356],[13.295173694,52.501997906],[13.295989203,52.502236536],[13.29580124,52.502557731],[13.295574515,52.502941723],[13.29535979,52.503296092],[13.294749105,52.503234169],[13.290696411,52.502648484],[13.290490446,52.502621838],[13.289930235,52.502894335],[13.288797688,52.502905484],[13.285437896,52.503185207],[13.284626157,52.503793951],[13.283825813,52.505641336],[13.283671388,52.506125004],[13.283661593,52.506309591],[13.283362852,52.506596804],[13.283739806,52.507173937],[13.283728315,52.508839119],[13.284611961,52.510174387],[13.277793012,52.509737496],[13.276558785,52.512141355],[13.277190813,52.513609835],[13.28127199,52.513862661],[13.280738214,52.516932713],[13.283197862,52.516569232],[13.283705652,52.516856879],[13.284324529,52.516131039],[13.284930112,52.514775266],[13.285376901,52.512879985],[13.288381764,52.513067709],[13.28775781,52.515181777],[13.290739471,52.515348445],[13.290302688,52.517761896],[13.292665921,52.517914174],[13.292387969,52.51921015],[13.299581409,52.519624766]]]]}},{"type":"Feature","properties":{"gebiet_nr":"0403","name":"Charlottenburg-Wilmersdorf 3","bezirk_nr":"04"},"geometry":{"type":"MultiPolygon","coordinates":[[[[13.307082292,52.499820882],[13.311765899,52.500307936],[13.311774198,52.500795032],[13.308236576,52.503106795],[13.307801343,52.503013959],[13.306655452,52.506687276],[13.305606377,52.506750934],[13.300620867,52.506775939],[13.300019943,52.509759623],[13.29813363,52.509701378],[13.297858291,52.510478851],[13.297223991,52.510606492],[13.297340526,52.510977064],[13.296276112,52.510910291],[13.296138902,52.511725889],[13.296626252,52.511751513],[13.296511304,52.5123488],[13.295689216,52.512568471],[13.295446431,52.512926356],[13.296413267,52.513047682],[13.297212765,52.51348576],[13.304971531,52.513417248],[13.30449802,52.5173359],[13.306577416,52.517426018],[13.299861805,52.519559041],[13.299581409,52.519624766],[13.292387969,52.51921015],[13.292665921,52.517914174],[13.290302688,52.517761896],[13.290739471,52.515348445],[13.28775781,52.515181777],[13.288381764,52.513067709],[13.285376901,52.512879985],[13.284930112,52.514775266],[13.284324529,52.516131039],[13.283705652,52.516856879],[13.283197862,52.516569232],[13.280738214,52.516932713],[13.28127199,52.513862661],[13.277190813,52.513609835],[13.276558785,52.512141355],[13.277793012,52.509737496],[13.284611961,52.510174387],[13.283728315,52.508839119],[13.283739806,52.507173937],[13.283362852,52.506596804],[13.283661593,52.506309591],[13.283671388,52.506125004],[13.283825813,52.505641336],[13.284626157,52.503793951],[13.285437896,52.503185207],[13.288797688,52.502905484],[13.289930235,52.502894335],[13.290490446,52.502621838],[13.290696411,52.502648484],[13.294749105,52.503234169],[13.29535979,52.503296092],[13.295574515,52.502941723],[13.29580124,52.502557731],[13.295989203,52.502236536],[13.295173694,52.501997906],[13.294857794,52.50190356],[13.294975898,52.501864351],[13.30175445,52.499648201],[13.301639937,52.498803146],[13.307082292,52.499820882]]]]}},{"type":"Feature","properties":{"gebiet_nr":"0404","name":"Charlottenburg-Wilmersdorf 4","bezirk_nr":"04"},"geometry":{"type":"MultiPolygon","coordinates":[[[[13.341420063,52.504866561],[13.339714264,52.505156299],[13.339063871,52.505072942],[13.338637143,52.505919338],[13.336592844,52.505717539],[13.335390013,52.505881735],[13.333748229,52.506720624],[13.334844735,52.508160285],[13.334403841,52.508905082],[13.333897601,52.508842722],[13.330042265,52.510074166],[13.332515715,52.510882841],[13.33340567,52.511276863],[13.333735632,52.511715326],[13.330976744,52.512386951],[13.330558399,52.512828942],[13.331875361,52.513029935],[13.335852122,52.513293193],[13.33613369,52.514374967],[13.335376308,52.51485838],[13.334791666,52.515502175],[13.334211691,52.516771442],[13.332280918,52.516702852],[13.331159181,52.517028065],[13.329634168,52.517952557],[13.329154791,52.518696338],[13.329169762,52.519533023],[13.329489079,52.52046034],[13.329455919,52.521444284],[13.328772919,52.522445465],[13.328499876,52.521864246],[13.325021996,52.517487965],[13.32433972,52.516876036],[13.322731002,52.514967662],[13.322432368,52.514484316],[13.318153031,52.515773589],[13.319440443,52.517258823],[13.317675998,52.517838354],[13.315202826,52.514682078],[13.306577416,52.517426018],[13.30449802,52.5173359],[13.304971531,52.513417248],[13.297212765,52.51348576],[13.296413267,52.513047682],[13.295446431,52.512926356],[13.295689216,52.512568471],[13.296511304,52.5123488],[13.296626252,52.511751513],[13.296138902,52.511725889],[13.296276112,52.510910291],[13.297340526,52.510977064],[13.297223991,52.510606492],[13.297858291,52.510478851],[13.29813363,52.509701378],[13.300019943,52.509759623],[13.300620867,52.506775939],[13.305606377,52.506750934],[13.306655452,52.506687276],[13.307801343,52.503013959],[13.308236576,52.503106795],[13.311774198,52.500795032],[13.311765899,52.500307936],[13.307082292,52.499820882],[13.307591854,52.498184898],[13.312054417,52.498053067],[13.311558067,52.49703985],[13.318172043,52.496232313],[13.318720879,52.498184744],[13.32029937,52.497974063],[13.320626423,52.499647317],[13.324628678,52.499874183],[13.325101484,52.499856518],[13.331274061,52.500340296],[13.331721974,52.500301873],[13.332645277,52.501182159],[13.336041227,52.499813804],[13.336974943,52.500689589],[13.337141394,52.500905674],[13.341420063,52.504866561]]]]}},{"type":"Feature","properties":{"gebiet_nr":"0405","name":"Charlottenburg-Wilmersdorf 5","bezirk_nr":"04"},"geometry":{"type":"MultiPolygon","coordinates":[[[[13.273063239,52.497857545],[13.271216334,52.496813151],[13.271016742,52.496914101],[13.267558053,52.494190578],[13.264432793,52.49071669],[13.262938846,52.489599556],[13.261643074,52.488916172],[13.25935092,52.489973995],[13.258511355,52.490728062],[13.257498507,52.49212952],[13.256498276,52.495178263],[13.251804494,52.497408346],[13.25523913,52.500103488],[13.25251572,52.501395267],[13.253760849,52.502346388],[13.253408964,52.50251153],[13.255502453,52.504155478],[13.253803542,52.50495803],[13.254131317,52.505207992],[13.223378973,52.503318805],[13.214492426,52.502584521],[13.21416392,52.502438691],[13.211859828,52.502220346],[13.211593918,52.502622014],[13.209725362,52.502909305],[13.205129443,52.501346417],[13.19907362,52.499879629],[13.19520366,52.499738863],[13.191697715,52.498675485],[13.189835883,52.497544391],[13.18945048,52.49497997],[13.18953114,52.492932206],[13.187545933,52.491209296],[13.186594839,52.489291599],[13.187146394,52.487126961],[13.189809161,52.484332982],[13.190164702,52.482616939],[13.187246969,52.478652888],[13.188293212,52.474082542],[13.188168363,52.471835404],[13.194557707,52.470975529],[13.195229035,52.471247581],[13.196618804,52.471338916],[13.196992784,52.47116773],[13.197718911,52.470345387],[13.197618935,52.469730334],[13.198089459,52.469010407],[13.199148593,52.468743741],[13.200634877,52.46904297],[13.201558435,52.469864983],[13.202207528,52.470156686],[13.203548053,52.470470633],[13.205094181,52.470521987],[13.207706552,52.470021725],[13.210168428,52.46971319],[13.211470386,52.469438282],[13.213226532,52.469530707],[13.214227426,52.46981908],[13.216536429,52.470120078],[13.221591076,52.469975739],[13.223776252,52.469984103],[13.225518761,52.470124827],[13.226782168,52.470360064],[13.228679308,52.47049048],[13.230205961,52.470747236],[13.231464088,52.470755042],[13.233875766,52.47011963],[13.235098289,52.46965997],[13.23833264,52.469168279],[13.247801095,52.467544542],[13.252629865,52.46674482],[13.255608009,52.466750608],[13.259091543,52.466497279],[13.260278358,52.46692783],[13.261622164,52.467772242],[13.2623143,52.467171369],[13.263549193,52.4669505],[13.272729778,52.467980989],[13.278331252,52.468638635],[13.278724954,52.468535548],[13.281090154,52.468847133],[13.282915087,52.46919125],[13.28583555,52.469827873],[13.284262462,52.470968233],[13.28844056,52.473043601],[13.284377448,52.476067612],[13.284272713,52.476288381],[13.282548383,52.476593417],[13.281519653,52.4764008],[13.280942464,52.476809805],[13.28527586,52.479600176],[13.287472814,52.480819699],[13.300507314,52.48788484],[13.301547656,52.488346923],[13.302142065,52.488393489],[13.306390092,52.488275662],[13.307914828,52.4885368],[13.314246628,52.490403151],[13.316805336,52.491243844],[13.318172043,52.496232313],[13.311558067,52.49703985],[13.312054417,52.498053067],[13.307591854,52.498184898],[13.307082292,52.499820882],[13.301639937,52.498803146],[13.30175445,52.499648201],[13.294975898,52.501864351],[13.29062826,52.500192254],[13.290299706,52.497706521],[13.290310727,52.497033452],[13.288524184,52.496517916],[13.286527437,52.495580275],[13.285548838,52.494747988],[13.284297362,52.495691565],[13.283228235,52.497036463],[13.282232214,52.497873818],[13.281659995,52.497964607],[13.280815119,52.497571326],[13.275868754,52.495023421],[13.272876236,52.497122776],[13.272586253,52.497478678],[13.273384583,52.49781447],[13.273063239,52.497857545]]]]}},{"type":"Feature","properties":{"gebiet_nr":"0406","name":"Charlottenburg-Wilmersdorf 6","bezirk_nr":"04"},"geometry":{"type":"MultiPolygon","coordinates":[[[[13.336974943,52.500689589],[13.336041227,52.499813804],[13.332645277,52.501182159],[13.331721974,52.500301873],[13.331274061,52.500340296],[13.325101484,52.499856518],[13.324628678,52.499874183],[13.320626423,52.499647317],[13.32029937,52.497974063],[13.318720879,52.498184744],[13.318172043,52.496232313],[13.316805336,52.491243844],[13.317663139,52.49152827],[13.317919872,52.491237772],[13.318075806,52.489360867],[13.319413456,52.489442534],[13.319502774,52.487608589],[13.319223969,52.487268168],[13.320247161,52.486621987],[13.320533993,52.486017928],[13.320197124,52.484075936],[13.320361948,52.483233414],[13.3228648,52.482735718],[13.322830024,52.481800116],[13.324272736,52.481768767],[13.324232948,52.477478427],[13.332866888,52.477414819],[13.332984709,52.477845573],[13.337064134,52.478130621],[13.337047012,52.48208651],[13.33711772,52.48252703],[13.337051304,52.485919333],[13.337168486,52.488252556],[13.33690557,52.489282682],[13.336958867,52.490358515],[13.337530695,52.490714887],[13.337084162,52.491007658],[13.337100792,52.492287398],[13.337348201,52.494073651],[13.337280572,52.495854639],[13.33781678,52.497389969],[13.338988874,52.499417509],[13.338920862,52.499910707],[13.336974943,52.500689589]]]]}},{"type":"Feature","properties":{"gebiet_nr":"0407","name":"Charlottenburg-Wilmersdorf 7","bezirk_nr":"04"},"geometry":{"type":"MultiPolygon","coordinates":[[[[13.324232948,52.477478427],[13.324272736,52.481768767],[13.322830024,52.481800116],[13.3228648,52.482735718],[13.320361948,52.483233414],[13.320197124,52.484075936],[13.320533993,52.486017928],[13.320247161,52.486621987],[13.319223969,52.487268168],[13.319502774,52.487608589],[13.319413456,52.489442534],[13.318075806,52.489360867],[13.317919872,52.491237772],[13.317663139,52.49152827],[13.316805336,52.491243844],[13.314246628,52.490403151],[13.307914828,52.4885368],[13.306390092,52.488275662],[13.302142065,52.488393489],[13.301547656,52.488346923],[13.300507314,52.48788484],[13.287472814,52.480819699],[13.28527586,52.479600176],[13.280942464,52.476809805],[13.281519653,52.4764008],[13.282548383,52.476593417],[13.284272713,52.476288381],[13.284377448,52.476067612],[13.28844056,52.473043601],[13.284262462,52.470968233],[13.28583555,52.469827873],[13.289080839,52.470526462],[13.289881802,52.469890691],[13.290174248,52.470328277],[13.292365559,52.469917509],[13.297701617,52.468896308],[13.306370183,52.467486729],[13.307470944,52.467878829],[13.308564616,52.467418962],[13.309105519,52.467706192],[13.310308083,52.467037211],[13.311421356,52.467122862],[13.319980284,52.466979116],[13.320093069,52.469597231],[13.320525488,52.470264265],[13.320141032,52.470743158],[13.320426965,52.477468633],[13.324232948,52.477478427]]]]}},{"type":"Feature","properties":{"gebiet_nr":"0501","name":"Spandau 1","bezirk_nr":"05"},"geometry":{"type":"MultiPolygon","coordinates":[[[[13.217393859,52.587475347],[13.211241363,52.588226764],[13.207341662,52.588373879],[13.206712386,52.586595918],[13.20537612,52.58685178],[13.202553979,52.587877851],[13.200342441,52.588765865],[13.19847798,52.589006268],[13.196628565,52.58951629],[13.193755526,52.589829338],[13.191733386,52.590189477],[13.190858516,52.590472032],[13.189112521,52.591398394],[13.186709012,52.592107511],[13.185624379,52.592551904],[13.184470969,52.593376159],[13.183420062,52.593690353],[13.181214924,52.594025364],[13.178337433,52.594879009],[13.17685243,52.59491921],[13.174728394,52.595106131],[13.173666515,52.595328535],[13.171966861,52.596286274],[13.170074138,52.596785832],[13.167897965,52.597007478],[13.164530556,52.598793486],[13.157057439,52.597623712],[13.153885789,52.595712248],[13.152233481,52.594158164],[13.149092574,52.59176861],[13.143338706,52.589655007],[13.141717679,52.589331158],[13.139339228,52.589051801],[13.137900037,52.588701687],[13.135993008,52.587569588],[13.135474452,52.587364344],[13.132659786,52.586919488],[13.131073539,52.586929037],[13.128959399,52.587300304],[13.128429491,52.586017494],[13.129346698,52.58593328],[13.127960647,52.583127246],[13.129540573,52.583273179],[13.130257302,52.583038042],[13.131075412,52.581662033],[13.131680278,52.580222221],[13.132070338,52.579776321],[13.13260639,52.57959703],[13.136030628,52.580105524],[13.137514445,52.580528637],[13.139155022,52.580388022],[13.140045925,52.580801471],[13.142030109,52.58134161],[13.14383778,52.581570062],[13.144630842,52.582032504],[13.149610397,52.58335661],[13.149882643,52.582876927],[13.151241346,52.582203006],[13.151307792,52.581652398],[13.151928803,52.580568417],[13.153157499,52.578944076],[13.153202834,52.578296328],[13.153593907,52.577460345],[13.153446386,52.57677588],[13.15366963,52.575770279],[13.153495349,52.575379566],[13.153690633,52.574778248],[13.153460088,52.574544576],[13.15354478,52.573254446],[13.152774298,52.572482117],[13.152861973,52.571600887],[13.152386067,52.570460386],[13.151262882,52.569985886],[13.151181937,52.569151609],[13.150367302,52.567972894],[13.14986424,52.566762177],[13.148133767,52.565185245],[13.147511065,52.564406288],[13.147380306,52.562467357],[13.147137751,52.561450893],[13.146017583,52.560861326],[13.146264331,52.559331914],[13.14685162,52.558618066],[13.146926319,52.557042123],[13.147284496,52.555835778],[13.147132678,52.554749585],[13.148795072,52.554273727],[13.152787123,52.553506142],[13.153529803,52.553405766],[13.162045174,52.551776971],[13.161281348,52.548446242],[13.16251527,52.548303706],[13.163235455,52.549208779],[13.164893148,52.550407775],[13.165389498,52.551155596],[13.169868183,52.550318341],[13.188776836,52.546761026],[13.18950191,52.550043804],[13.189699532,52.550333002],[13.190882211,52.550001265],[13.194832871,52.548377493],[13.194967651,52.54936471],[13.194814475,52.550101049],[13.19751199,52.549379354],[13.200564792,52.549408356],[13.200848216,52.548455902],[13.210108392,52.54898581],[13.209626117,52.547920103],[13.211699604,52.547520299],[13.215778806,52.547020499],[13.216333029,52.546551526],[13.218423134,52.545935985],[13.221150039,52.545953447],[13.221658904,52.546560884],[13.222551151,52.547960444],[13.222836546,52.548827721],[13.221947292,52.553989253],[13.222219279,52.555676058],[13.222809054,52.556959553],[13.224376937,52.559641081],[13.225602479,52.560751482],[13.227823285,52.561880503],[13.228326716,52.562629878],[13.228044243,52.563370316],[13.227899694,52.563861392],[13.228557734,52.56512801],[13.228710587,52.565674006],[13.228518246,52.566394079],[13.227042416,52.567808078],[13.226723294,52.569328418],[13.225298977,52.571221551],[13.225264223,52.572604458],[13.225076396,52.573143911],[13.22391768,52.574201282],[13.222037599,52.574938057],[13.220238033,52.576053411],[13.218855951,52.577156696],[13.217958009,52.57853932],[13.218007691,52.579700548],[13.218305785,52.580959687],[13.21807984,52.581460355],[13.2172036,52.58240181],[13.216159756,52.582960752],[13.215428601,52.583526162],[13.215168765,52.584332247],[13.215358062,52.584757067],[13.216430602,52.585712458],[13.217393859,52.587475347]]]]}},{"type":"Feature","properties":{"gebiet_nr":"0502","name":"Spandau 2","bezirk_nr":"05"},"geometry":{"type":"MultiPolygon","coordinates":[[[[13.221150039,52.545953447],[13.218423134,52.545935985],[13.216333029,52.546551526],[13.215778806,52.547020499],[13.211699604,52.547520299],[13.209626117,52.547920103],[13.210108392,52.54898581],[13.200848216,52.548455902],[13.200564792,52.549408356],[13.19751199,52.549379354],[13.194814475,52.550101049],[13.194967651,52.54936471],[13.194832871,52.548377493],[13.190882211,52.550001265],[13.189699532,52.550333002],[13.18950191,52.550043804],[13.188776836,52.546761026],[13.169868183,52.550318341],[13.168318893,52.543230927],[13.170733259,52.542951783],[13.171145056,52.542613676],[13.173591855,52.542042534],[13.17553068,52.541700362],[13.174719735,52.540291766],[13.173490143,52.538895042],[13.175527085,52.538600875],[13.176751405,52.538068138],[13.181925905,52.537205214],[13.182078281,52.536272978],[13.181830678,52.535545033],[13.181674577,52.534076037],[13.179254774,52.533930317],[13.178951775,52.531265543],[13.179159032,52.530737016],[13.178660466,52.530640771],[13.177299683,52.530850391],[13.179008592,52.527997331],[13.177462568,52.527740747],[13.175961722,52.527390852],[13.176813897,52.526043408],[13.177416632,52.525311492],[13.176783397,52.52499096],[13.174228106,52.523455291],[13.173722858,52.522871924],[13.175246686,52.522544344],[13.176087539,52.52272818],[13.177324116,52.521960933],[13.179791478,52.523452169],[13.180654188,52.523227165],[13.181983158,52.524100273],[13.187551265,52.522596041],[13.188230426,52.522303799],[13.188924642,52.5216818],[13.189912507,52.522198586],[13.192570851,52.524238443],[13.194287635,52.526007001],[13.195427364,52.52848517],[13.196222021,52.530399512],[13.199725828,52.534537049],[13.201016817,52.534077991],[13.202918743,52.533529446],[13.203630917,52.533948972],[13.206199107,52.535076055],[13.207423199,52.53575529],[13.208624861,52.53616214],[13.208219606,52.536468947],[13.209173881,52.537633383],[13.209508783,52.538840562],[13.209295929,52.539682752],[13.20860311,52.54124397],[13.208539054,52.542245746],[13.209236314,52.543014762],[13.210303803,52.543292612],[13.211090716,52.54378245],[13.215078517,52.543562734],[13.217053665,52.544040482],[13.218769849,52.544631434],[13.220280078,52.545342074],[13.221150039,52.545953447]]]]}},{"type":"Feature","properties":{"gebiet_nr":"0503","name":"Spandau 3","bezirk_nr":"05"},"geometry":{"type":"MultiPolygon","coordinates":[[[[13.249133514,52.55203734],[13.241113803,52.556023978],[13.238945021,52.557016197],[13.238134395,52.55747994],[13.233153405,52.559975223],[13.230728224,52.561396894],[13.228325423,52.563098071],[13.228044243,52.563370316],[13.228326716,52.562629878],[13.227823285,52.561880503],[13.225602479,52.560751482],[13.224376937,52.559641081],[13.222809054,52.556959553],[13.222219279,52.555676058],[13.221947292,52.553989253],[13.222836546,52.548827721],[13.222551151,52.547960444],[13.221658904,52.546560884],[13.221150039,52.545953447],[13.220280078,52.545342074],[13.218769849,52.544631434],[13.217053665,52.544040482],[13.215078517,52.543562734],[13.211090716,52.54378245],[13.210303803,52.543292612],[13.209236314,52.543014762],[13.208539054,52.542245746],[13.20860311,52.54124397],[13.209295929,52.539682752],[13.209508783,52.538840562],[13.209173881,52.537633383],[13.208219606,52.536468947],[13.208624861,52.53616214],[13.207423199,52.53575529],[13.206199107,52.535076055],[13.203630917,52.533948972],[13.202918743,52.533529446],[13.201016817,52.534077991],[13.199725828,52.534537049],[13.196222021,52.530399512],[13.195427364,52.52848517],[13.194287635,52.526007001],[13.192570851,52.524238443],[13.189912507,52.522198586],[13.191649633,52.521740378],[13.191223951,52.520985734],[13.194025862,52.521008594],[13.194051678,52.51943064],[13.197815445,52.519458721],[13.197700665,52.517479454],[13.198607032,52.517894323],[13.201276145,52.517919227],[13.204405329,52.516976059],[13.205122859,52.51680967],[13.203847314,52.513876382],[13.206424083,52.513210668],[13.207280576,52.513293689],[13.207982203,52.513553191],[13.208627076,52.514050633],[13.210536655,52.514305396],[13.212846469,52.514921892],[13.213981994,52.514942933],[13.214020511,52.515234233],[13.215268759,52.515173877],[13.215836756,52.514606999],[13.215506835,52.513655968],[13.21615422,52.512312921],[13.216047336,52.511927923],[13.216434368,52.511649782],[13.217430505,52.512396425],[13.218468472,52.513401118],[13.218825252,52.513367301],[13.21945581,52.513992246],[13.219751312,52.513576284],[13.220945517,52.513619926],[13.220095398,52.514598345],[13.219836961,52.515785486],[13.21948802,52.518155849],[13.219343686,52.52085942],[13.219385658,52.521418531],[13.219891659,52.522621779],[13.220390702,52.523304677],[13.221816033,52.525640684],[13.22201594,52.526173374],[13.224057845,52.525880187],[13.225944629,52.525791334],[13.227300318,52.525612591],[13.22803319,52.52571032],[13.22817628,52.526017244],[13.230931395,52.525873719],[13.231272697,52.525768818],[13.233853235,52.526032633],[13.236445585,52.526131076],[13.238300683,52.526124598],[13.239824874,52.525880663],[13.240552098,52.525954032],[13.242241046,52.525569514],[13.24399594,52.525053082],[13.246136976,52.524518096],[13.247507751,52.524284353],[13.247696869,52.52456534],[13.24727751,52.525698102],[13.247124291,52.527234315],[13.246337969,52.527687409],[13.246678843,52.528312173],[13.248564879,52.527459098],[13.249802041,52.527179069],[13.251208533,52.527083789],[13.253737249,52.527052245],[13.25573052,52.527089065],[13.259789407,52.527323687],[13.260926571,52.527542886],[13.263925929,52.528512782],[13.265799189,52.528818661],[13.269900382,52.52894972],[13.273324581,52.528797338],[13.275013681,52.528924587],[13.27621252,52.529370283],[13.277360135,52.529960498],[13.279078631,52.530290872],[13.281020766,52.530292966],[13.281241074,52.530573091],[13.281414361,52.531588179],[13.282039335,52.5332606],[13.282180528,52.534049132],[13.279774058,52.534602863],[13.276271658,52.535638578],[13.276027969,52.53644395],[13.275223638,52.537692491],[13.273595545,52.538553049],[13.272304896,52.538865519],[13.273464578,52.542016072],[13.273365763,52.542941391],[13.270659322,52.547884862],[13.270299324,52.54865033],[13.270330565,52.549343285],[13.262766933,52.54946316],[13.258371401,52.549574477],[13.256944966,52.549678768],[13.254243358,52.550127713],[13.252987512,52.550451763],[13.250590239,52.551332939],[13.249133514,52.55203734]]]]}},{"type":"Feature","properties":{"gebiet_nr":"0504","name":"Spandau 4","bezirk_nr":"05"},"geometry":{"type":"MultiPolygon","coordinates":[[[[13.147132678,52.554749585],[13.146022669,52.553380921],[13.145847738,52.552929085],[13.145237403,52.55252131],[13.144582536,52.552545604],[13.144217199,52.552115457],[13.143209181,52.552078095],[13.141370176,52.552458756],[13.137773812,52.552571605],[13.136324538,52.552704904],[13.134444923,52.553349531],[13.133559459,52.553951543],[13.132481077,52.554924787],[13.130497571,52.556008362],[13.129930322,52.554927593],[13.127975153,52.55038564],[13.126487108,52.547190019],[13.125642508,52.545499662],[13.124960312,52.543792015],[13.125601434,52.543540409],[13.124304193,52.539546654],[13.123100962,52.536630777],[13.121703365,52.534870635],[13.121195482,52.533282328],[13.120347018,52.532224571],[13.119964444,52.531534558],[13.119245097,52.529380078],[13.118914695,52.526342078],[13.118504343,52.523213865],[13.118361327,52.521180473],[13.117380647,52.517058575],[13.11926691,52.517002873],[13.122803868,52.517393626],[13.126994718,52.517547094],[13.130084799,52.517992358],[13.132607579,52.518191637],[13.133570273,52.51839156],[13.135836979,52.518702934],[13.137427931,52.518844321],[13.138528567,52.519095999],[13.141459001,52.519610402],[13.142671243,52.519764544],[13.142877172,52.521805352],[13.143037237,52.522121437],[13.143406761,52.524160214],[13.16259168,52.52009596],[13.162846563,52.52065413],[13.162721322,52.521354596],[13.1640277,52.521534949],[13.165840415,52.521338924],[13.166129916,52.521831619],[13.165581951,52.522103577],[13.165844231,52.522663567],[13.169045586,52.522962664],[13.16944781,52.523671466],[13.173458123,52.522826876],[13.173722858,52.522871924],[13.174228106,52.523455291],[13.176783397,52.52499096],[13.177416632,52.525311492],[13.176813897,52.526043408],[13.175961722,52.527390852],[13.177462568,52.527740747],[13.179008592,52.527997331],[13.177299683,52.530850391],[13.178660466,52.530640771],[13.179159032,52.530737016],[13.178951775,52.531265543],[13.179254774,52.533930317],[13.181674577,52.534076037],[13.181830678,52.535545033],[13.182078281,52.536272978],[13.181925905,52.537205214],[13.176751405,52.538068138],[13.175527085,52.538600875],[13.173490143,52.538895042],[13.174719735,52.540291766],[13.17553068,52.541700362],[13.173591855,52.542042534],[13.171145056,52.542613676],[13.170733259,52.542951783],[13.168318893,52.543230927],[13.169868183,52.550318341],[13.165389498,52.551155596],[13.164893148,52.550407775],[13.163235455,52.549208779],[13.16251527,52.548303706],[13.161281348,52.548446242],[13.162045174,52.551776971],[13.153529803,52.553405766],[13.152787123,52.553506142],[13.148795072,52.554273727],[13.147132678,52.554749585]]]]}},{"type":"Feature","properties":{"gebiet_nr":"0505","name":"Spandau 5","bezirk_nr":"05"},"geometry":{"type":"MultiPolygon","coordinates":[[[[13.173722858,52.522871924],[13.173458123,52.522826876],[13.16944781,52.523671466],[13.169045586,52.522962664],[13.165844231,52.522663567],[13.165581951,52.522103577],[13.166129916,52.521831619],[13.165840415,52.521338924],[13.1640277,52.521534949],[13.162721322,52.521354596],[13.162846563,52.52065413],[13.16259168,52.52009596],[13.143406761,52.524160214],[13.143037237,52.522121437],[13.142877172,52.521805352],[13.142671243,52.519764544],[13.14318321,52.519695642],[13.144351115,52.519190866],[13.14503974,52.518055064],[13.145629558,52.517465243],[13.147497526,52.517193337],[13.15182125,52.515549136],[13.154379816,52.514330004],[13.157376538,52.513172764],[13.15858543,52.512937609],[13.160260575,52.512348409],[13.163383374,52.51108008],[13.168821555,52.509226638],[13.167974108,52.508854903],[13.166644347,52.507845932],[13.161190698,52.504200289],[13.158580503,52.502589469],[13.1512212,52.497307422],[13.149587186,52.496314107],[13.146201503,52.493659222],[13.140255346,52.489056208],[13.131626931,52.482348694],[13.128330285,52.479819474],[13.126275471,52.47865511],[13.118351069,52.477369476],[13.117687861,52.477318994],[13.117512657,52.47438947],[13.117231135,52.473278398],[13.116203289,52.471677027],[13.113785157,52.469798227],[13.113950444,52.468617189],[13.111852481,52.467444296],[13.110553465,52.465655667],[13.111425052,52.463721029],[13.111336392,52.461862186],[13.11049898,52.459994684],[13.112402657,52.458992867],[13.112669364,52.457692746],[13.112169328,52.455531956],[13.112027865,52.454416085],[13.11107303,52.45278802],[13.109904841,52.451549041],[13.109297773,52.450632434],[13.11535975,52.445650476],[13.116624238,52.445172448],[13.119012864,52.444008155],[13.119016087,52.442959414],[13.119926769,52.441519146],[13.123117664,52.4396141],[13.124114401,52.440675184],[13.126875291,52.441143411],[13.128040596,52.440961406],[13.129479357,52.441308061],[13.130801738,52.441412468],[13.13171849,52.441099973],[13.133267785,52.442086903],[13.136085227,52.442379011],[13.148516152,52.443372633],[13.15451297,52.446596009],[13.157954519,52.449377616],[13.161724798,52.452133454],[13.166059385,52.454001682],[13.170844916,52.456112338],[13.177408008,52.455914585],[13.181213097,52.459622525],[13.185301487,52.462577412],[13.186361224,52.465636846],[13.188168363,52.471835404],[13.188293212,52.474082542],[13.187246969,52.478652888],[13.190164702,52.482616939],[13.189809161,52.484332982],[13.187146394,52.487126961],[13.186594839,52.489291599],[13.187545933,52.491209296],[13.18953114,52.492932206],[13.18945048,52.49497997],[13.189835883,52.497544391],[13.191697715,52.498675485],[13.19520366,52.499738863],[13.19907362,52.499879629],[13.205129443,52.501346417],[13.209725362,52.502909305],[13.209345491,52.504300893],[13.208759657,52.505045613],[13.20932913,52.505872595],[13.210493331,52.507198629],[13.211011046,52.508522381],[13.211859003,52.509346734],[13.213231127,52.509095419],[13.214083875,52.509099295],[13.214978493,52.509508607],[13.215849776,52.510684389],[13.216434368,52.511649782],[13.216047336,52.511927923],[13.21615422,52.512312921],[13.215506835,52.513655968],[13.215836756,52.514606999],[13.215268759,52.515173877],[13.214020511,52.515234233],[13.213981994,52.514942933],[13.212846469,52.514921892],[13.210536655,52.514305396],[13.208627076,52.514050633],[13.207982203,52.513553191],[13.207280576,52.513293689],[13.206424083,52.513210668],[13.203847314,52.513876382],[13.205122859,52.51680967],[13.204405329,52.516976059],[13.201276145,52.517919227],[13.198607032,52.517894323],[13.197700665,52.517479454],[13.197815445,52.519458721],[13.194051678,52.51943064],[13.194025862,52.521008594],[13.191223951,52.520985734],[13.191649633,52.521740378],[13.189912507,52.522198586],[13.188924642,52.5216818],[13.188230426,52.522303799],[13.187551265,52.522596041],[13.181983158,52.524100273],[13.180654188,52.523227165],[13.179791478,52.523452169],[13.177324116,52.521960933],[13.176087539,52.52272818],[13.175246686,52.522544344],[13.173722858,52.522871924]]]]}},{"type":"Feature","properties":{"gebiet_nr":"0601","name":"Steglitz-Zehlendorf 1","bezirk_nr":"06"},"geometry":{"type":"MultiPolygon","coordinates":[[[[13.319980284,52.466979116],[13.311421356,52.467122862],[13.310308083,52.467037211],[13.309105519,52.467706192],[13.308564616,52.467418962],[13.307470944,52.467878829],[13.306370183,52.467486729],[13.297701617,52.468896308],[13.292365559,52.469917509],[13.294397339,52.468213068],[13.304348915,52.459955776],[13.304105613,52.458419284],[13.303608958,52.458337947],[13.295984004,52.451060098],[13.295193293,52.45011605],[13.293162128,52.446470741],[13.293523918,52.445887624],[13.295773494,52.443814412],[13.301608302,52.445724999],[13.302452378,52.444940079],[13.306745361,52.446770686],[13.308976397,52.44474121],[13.312357704,52.446153997],[13.315294278,52.447072996],[13.315363475,52.449568791],[13.315456203,52.450186422],[13.31584581,52.450629593],[13.319074038,52.452164878],[13.319901151,52.453160959],[13.322721437,52.45523878],[13.326622969,52.45844262],[13.327595566,52.459070558],[13.328694366,52.460053081],[13.329487721,52.459693614],[13.329726142,52.4581485],[13.331311505,52.458227959],[13.331231995,52.458898169],[13.332424133,52.459266],[13.333096914,52.460083665],[13.335330353,52.460128703],[13.335319313,52.459281255],[13.339381371,52.459487099],[13.339282489,52.458630426],[13.347643193,52.45907731],[13.347820147,52.45924488],[13.34495471,52.461717521],[13.342617031,52.463295387],[13.338901904,52.465563636],[13.338483132,52.466377709],[13.33627214,52.46741386],[13.334827847,52.4661989],[13.334661069,52.466275775],[13.331409111,52.465856112],[13.330601145,52.465222327],[13.3293643,52.465572401],[13.328164676,52.464331013],[13.327869267,52.464499216],[13.320989817,52.466961061],[13.319980284,52.466979116]]]]}},{"type":"Feature","properties":{"gebiet_nr":"0602","name":"Steglitz-Zehlendorf 2","bezirk_nr":"06"},"geometry":{"type":"MultiPolygon","coordinates":[[[[13.347643193,52.45907731],[13.339282489,52.458630426],[13.339381371,52.459487099],[13.335319313,52.459281255],[13.335330353,52.460128703],[13.333096914,52.460083665],[13.332424133,52.459266],[13.331231995,52.458898169],[13.331311505,52.458227959],[13.329726142,52.4581485],[13.329487721,52.459693614],[13.328694366,52.460053081],[13.327595566,52.459070558],[13.326622969,52.45844262],[13.322721437,52.45523878],[13.319901151,52.453160959],[13.319074038,52.452164878],[13.31584581,52.450629593],[13.315456203,52.450186422],[13.315363475,52.449568791],[13.315294278,52.447072996],[13.315288729,52.44681686],[13.315861184,52.441750751],[13.314564211,52.441162152],[13.315095796,52.440803332],[13.316260232,52.440420864],[13.316359809,52.440061657],[13.316381021,52.439763353],[13.316214051,52.439248873],[13.316089679,52.438951086],[13.3156681,52.437841014],[13.319631776,52.437096488],[13.32299507,52.440893982],[13.324368663,52.442172718],[13.325948251,52.443231788],[13.325652531,52.443402024],[13.327459116,52.444243033],[13.327547112,52.444279203],[13.32766005,52.444324422],[13.328902678,52.444775996],[13.330618925,52.44522425],[13.333383089,52.445562747],[13.33565373,52.445586329],[13.342002406,52.445197376],[13.344671122,52.445064475],[13.346275677,52.444830141],[13.349967858,52.444008463],[13.353768041,52.443298354],[13.355933318,52.44297891],[13.35748469,52.44300312],[13.358900055,52.443144727],[13.36017456,52.443478318],[13.361170673,52.443887656],[13.362379878,52.444572456],[13.3597049,52.449408491],[13.357257062,52.45332564],[13.356116309,52.455609254],[13.354196393,52.455639895],[13.353679392,52.456699134],[13.353297854,52.457021775],[13.352475184,52.457073791],[13.350889237,52.456618073],[13.349075882,52.456772896],[13.349041319,52.458761572],[13.347916779,52.458852389],[13.347643193,52.45907731]]]]}},{"type":"Feature","properties":{"gebiet_nr":"0603","name":"Steglitz-Zehlendorf 3","bezirk_nr":"06"},"geometry":{"type":"MultiPolygon","coordinates":[[[[13.315861184,52.441750751],[13.315288729,52.44681686],[13.315294278,52.447072996],[13.312357704,52.446153997],[13.308976397,52.44474121],[13.306745361,52.446770686],[13.302452378,52.444940079],[13.301608302,52.445724999],[13.295773494,52.443814412],[13.293523918,52.445887624],[13.288741664,52.444078504],[13.286170789,52.443140103],[13.283111915,52.442184053],[13.2826184,52.440593763],[13.282423308,52.440341567],[13.281936195,52.438878904],[13.281937465,52.438527525],[13.28092719,52.435712625],[13.2809493,52.435517677],[13.280198919,52.433139385],[13.279811782,52.43244627],[13.27864645,52.429940035],[13.274189799,52.430732944],[13.273370121,52.430827555],[13.266508431,52.430655874],[13.263484067,52.430487556],[13.262595238,52.4302287],[13.261426319,52.429527722],[13.259867378,52.429237117],[13.260283647,52.427260423],[13.258592661,52.426771682],[13.256740625,52.426560105],[13.257533326,52.42564144],[13.257824958,52.424869489],[13.257172426,52.424640189],[13.253611377,52.424049256],[13.252957209,52.425616279],[13.252812265,52.425720067],[13.250870824,52.422716826],[13.248863315,52.418874873],[13.247442096,52.417317408],[13.248504192,52.413944478],[13.249031341,52.411760577],[13.248968187,52.408828885],[13.248736679,52.408405767],[13.249145081,52.407902912],[13.249776879,52.404978829],[13.251168396,52.405497302],[13.253306261,52.406033396],[13.254502324,52.406213308],[13.257135456,52.406398608],[13.258965447,52.40633242],[13.261361599,52.405857259],[13.263593399,52.404990618],[13.264624235,52.404713392],[13.266962591,52.404280177],[13.270054873,52.404187097],[13.271996336,52.404315158],[13.275812632,52.405195569],[13.280347846,52.407362178],[13.288972277,52.412154617],[13.286987446,52.413604788],[13.28741908,52.414430115],[13.288043431,52.415233525],[13.285203813,52.416962501],[13.28488522,52.417297686],[13.287105295,52.417880267],[13.289656918,52.418548863],[13.286963801,52.422375785],[13.286894351,52.422474463],[13.292884386,52.424040844],[13.295907779,52.42390106],[13.296414245,52.424190052],[13.296627475,52.426937899],[13.300393272,52.426830656],[13.300590844,52.429115187],[13.303151132,52.429041756],[13.303409635,52.432293869],[13.304730227,52.432256133],[13.307391217,52.433305811],[13.306599407,52.43402261],[13.304494803,52.435913097],[13.303725099,52.436610165],[13.306644794,52.437805746],[13.306731703,52.437841292],[13.309356467,52.438917031],[13.310556292,52.438109641],[13.311464249,52.437580891],[13.311524419,52.437619752],[13.313087795,52.438617842],[13.313324005,52.438486364],[13.315064476,52.438077061],[13.315732442,52.438728174],[13.316089679,52.438951086],[13.316214051,52.439248873],[13.316381021,52.439763353],[13.316359809,52.440061657],[13.316260232,52.440420864],[13.315095796,52.440803332],[13.314564211,52.441162152],[13.315861184,52.441750751]]]]}},{"type":"Feature","properties":{"gebiet_nr":"0604","name":"Steglitz-Zehlendorf 4","bezirk_nr":"06"},"geometry":{"type":"MultiPolygon","coordinates":[[[[13.311464249,52.437580891],[13.310556292,52.438109641],[13.309356467,52.438917031],[13.306731703,52.437841292],[13.306644794,52.437805746],[13.303725099,52.436610165],[13.304494803,52.435913097],[13.306599407,52.43402261],[13.307391217,52.433305811],[13.304730227,52.432256133],[13.303409635,52.432293869],[13.303151132,52.429041756],[13.300590844,52.429115187],[13.300393272,52.426830656],[13.296627475,52.426937899],[13.296414245,52.424190052],[13.295907779,52.42390106],[13.292884386,52.424040844],[13.286894351,52.422474463],[13.286963801,52.422375785],[13.289656918,52.418548863],[13.287105295,52.417880267],[13.28488522,52.417297686],[13.285203813,52.416962501],[13.288043431,52.415233525],[13.28741908,52.414430115],[13.286987446,52.413604788],[13.288972277,52.412154617],[13.290366552,52.412979983],[13.293223409,52.414558066],[13.295529265,52.415749902],[13.296750866,52.416251555],[13.297089993,52.415767744],[13.296719945,52.414738625],[13.295928081,52.414500958],[13.297553618,52.412913039],[13.301088426,52.409674106],[13.303784853,52.407280233],[13.30827714,52.402967976],[13.309510492,52.401653828],[13.311287201,52.399952888],[13.312060169,52.399103],[13.313806329,52.400449363],[13.318993968,52.402592848],[13.320842275,52.403241099],[13.326929939,52.405587863],[13.328995341,52.406328201],[13.33572067,52.408819003],[13.338900168,52.410026519],[13.342209966,52.41133761],[13.343306777,52.411718586],[13.343066852,52.412236548],[13.34309237,52.413299744],[13.342741456,52.414164328],[13.345485257,52.415260189],[13.34366955,52.415659255],[13.343828099,52.416147616],[13.344659777,52.41609425],[13.345345319,52.419082717],[13.344323635,52.419105445],[13.342763537,52.419433311],[13.342629535,52.419465351],[13.342883176,52.420253201],[13.343408323,52.421568323],[13.342322475,52.421501912],[13.342101926,52.421511266],[13.341897523,52.421524255],[13.341863698,52.421526869],[13.341798994,52.421531207],[13.340872247,52.421638609],[13.340020633,52.42181098],[13.339880947,52.422179908],[13.339796183,52.42233068],[13.339376617,52.42288055],[13.338910654,52.423329653],[13.33867396,52.42352738],[13.336724263,52.425204342],[13.339316022,52.426325025],[13.338010617,52.427446987],[13.337688045,52.428037836],[13.337443711,52.428485369],[13.340552459,52.429946087],[13.33923804,52.431086014],[13.341092283,52.431955031],[13.339906724,52.4329425],[13.336156753,52.43081068],[13.335153618,52.430430768],[13.334683473,52.430826823],[13.334144583,52.431834702],[13.331937699,52.431175888],[13.331348374,52.432239345],[13.33103317,52.431883582],[13.3289801,52.43065803],[13.327326468,52.429516133],[13.326560028,52.429782416],[13.32281859,52.43108294],[13.322779745,52.431096447],[13.318538496,52.432560732],[13.319415855,52.433465284],[13.316631421,52.434407863],[13.316406372,52.434474724],[13.317803563,52.43547681],[13.319631776,52.437096488],[13.3156681,52.437841014],[13.316089679,52.438951086],[13.315732442,52.438728174],[13.315064476,52.438077061],[13.313324005,52.438486364],[13.313087795,52.438617842],[13.311524419,52.437619752],[13.311464249,52.437580891]]]]}},{"type":"Feature","properties":{"gebiet_nr":"0605","name":"Steglitz-Zehlendorf 5","bezirk_nr":"06"},"geometry":{"type":"MultiPolygon","coordinates":[[[[13.362379878,52.444572456],[13.361170673,52.443887656],[13.36017456,52.443478318],[13.358900055,52.443144727],[13.35748469,52.44300312],[13.355933318,52.44297891],[13.353768041,52.443298354],[13.349967858,52.444008463],[13.346275677,52.444830141],[13.344671122,52.445064475],[13.342002406,52.445197376],[13.33565373,52.445586329],[13.333383089,52.445562747],[13.330618925,52.44522425],[13.328902678,52.444775996],[13.32766005,52.444324422],[13.327547112,52.444279203],[13.327459116,52.444243033],[13.325652531,52.443402024],[13.325948251,52.443231788],[13.324368663,52.442172718],[13.32299507,52.440893982],[13.319631776,52.437096488],[13.317803563,52.43547681],[13.316406371,52.434474724],[13.316631421,52.434407863],[13.319415855,52.433465284],[13.318538496,52.432560732],[13.322779745,52.431096447],[13.32281859,52.43108294],[13.326560028,52.429782416],[13.327326468,52.429516133],[13.3289801,52.43065803],[13.33103317,52.431883582],[13.331348374,52.432239345],[13.331937699,52.431175888],[13.334144583,52.431834702],[13.334683473,52.430826823],[13.335153618,52.430430768],[13.336156753,52.43081068],[13.339906724,52.4329425],[13.341092283,52.431955031],[13.33923804,52.431086014],[13.340552459,52.429946087],[13.337443711,52.428485369],[13.337688045,52.428037836],[13.338010617,52.427446987],[13.339316022,52.426325025],[13.336724263,52.425204342],[13.33867396,52.42352738],[13.338910654,52.423329653],[13.339376617,52.42288055],[13.339796183,52.42233068],[13.339880947,52.422179908],[13.340020633,52.42181098],[13.340872247,52.421638609],[13.341798994,52.421531207],[13.341863698,52.421526869],[13.341897523,52.421524255],[13.342101926,52.421511266],[13.342322475,52.421501912],[13.343408323,52.421568323],[13.342883176,52.420253201],[13.342629535,52.419465351],[13.342763537,52.419433311],[13.344323635,52.419105445],[13.345345319,52.419082717],[13.344659777,52.41609425],[13.343828099,52.416147616],[13.34366955,52.415659255],[13.345485257,52.415260189],[13.348420376,52.416254669],[13.350813057,52.416972925],[13.352396477,52.417607479],[13.355176295,52.418493698],[13.358831042,52.419823085],[13.360287577,52.420572276],[13.363201795,52.421409181],[13.364157807,52.42230459],[13.367914839,52.427607861],[13.36855873,52.427611964],[13.371151064,52.428796655],[13.371548676,52.429190233],[13.371203505,52.429898542],[13.369437948,52.432652745],[13.367531537,52.435819103],[13.366098089,52.438531743],[13.363412477,52.442814261],[13.362487918,52.444458566],[13.362379878,52.444572456]]]]}},{"type":"Feature","properties":{"gebiet_nr":"0606","name":"Steglitz-Zehlendorf 6","bezirk_nr":"06"},"geometry":{"type":"MultiPolygon","coordinates":[[[[13.292365559,52.469917509],[13.290174248,52.470328277],[13.289881802,52.469890691],[13.289080839,52.470526462],[13.28583555,52.469827873],[13.282915087,52.46919125],[13.281090154,52.468847133],[13.278724954,52.468535548],[13.278331252,52.468638635],[13.272729778,52.467980989],[13.263549193,52.4669505],[13.2623143,52.467171369],[13.261622164,52.467772242],[13.260278358,52.46692783],[13.259091543,52.466497279],[13.255608009,52.466750608],[13.252629865,52.46674482],[13.247801095,52.467544542],[13.23833264,52.469168279],[13.237142677,52.46844453],[13.228552832,52.461667806],[13.228314517,52.46133809],[13.226792263,52.460307567],[13.218861298,52.454046394],[13.218123845,52.45312481],[13.227543981,52.448592319],[13.228519947,52.447850609],[13.229968487,52.447054759],[13.231872915,52.446423075],[13.233766169,52.445553175],[13.23634846,52.444590261],[13.237607783,52.444043525],[13.242342344,52.441626299],[13.240130945,52.440741085],[13.239203661,52.440163797],[13.238078973,52.43912753],[13.237511712,52.438251253],[13.239180379,52.438458037],[13.241109523,52.438981081],[13.243071696,52.439770209],[13.246724253,52.436379621],[13.249491301,52.436238655],[13.250765267,52.434963645],[13.255811241,52.435709304],[13.256794774,52.43572946],[13.260455692,52.43506685],[13.259561262,52.433171467],[13.25729265,52.433688328],[13.256638396,52.433331306],[13.256226067,52.432705436],[13.256682183,52.431788418],[13.257291861,52.43149466],[13.258436061,52.431278053],[13.259092876,52.431325031],[13.259286595,52.430836754],[13.257691114,52.43034021],[13.257121758,52.42985764],[13.254315333,52.428960044],[13.25465666,52.428057051],[13.254998989,52.427732807],[13.252812265,52.425720067],[13.252957209,52.425616279],[13.253611377,52.424049256],[13.257172426,52.424640189],[13.257824958,52.424869489],[13.257533326,52.42564144],[13.256740625,52.426560105],[13.258592661,52.426771682],[13.260283647,52.427260423],[13.259867378,52.429237117],[13.261426319,52.429527722],[13.262595238,52.4302287],[13.263484067,52.430487556],[13.266508431,52.430655874],[13.273370121,52.430827555],[13.274189799,52.430732944],[13.27864645,52.429940035],[13.279811782,52.43244627],[13.280198919,52.433139385],[13.2809493,52.435517677],[13.28092719,52.435712625],[13.281937465,52.438527525],[13.281936195,52.438878904],[13.282423308,52.440341567],[13.2826184,52.440593763],[13.283111915,52.442184053],[13.286170789,52.443140103],[13.288741664,52.444078504],[13.293523918,52.445887624],[13.293162128,52.446470741],[13.295193293,52.45011605],[13.295984004,52.451060098],[13.303608958,52.458337947],[13.304105613,52.458419284],[13.304348915,52.459955776],[13.294397339,52.468213068],[13.292365559,52.469917509]]]]}},{"type":"Feature","properties":{"gebiet_nr":"0607","name":"Steglitz-Zehlendorf 7","bezirk_nr":"06"},"geometry":{"type":"MultiPolygon","coordinates":[[[[13.23833264,52.469168279],[13.235098289,52.46965997],[13.233875766,52.47011963],[13.231464088,52.470755042],[13.230205961,52.470747236],[13.228679308,52.47049048],[13.226782168,52.470360064],[13.225518761,52.470124827],[13.223776252,52.469984103],[13.221591076,52.469975739],[13.216536429,52.470120078],[13.214227426,52.46981908],[13.213226532,52.469530707],[13.211470386,52.469438282],[13.210168428,52.46971319],[13.207706552,52.470021725],[13.205094181,52.470521987],[13.203548053,52.470470633],[13.202207528,52.470156686],[13.201558435,52.469864983],[13.200634877,52.46904297],[13.199148593,52.468743741],[13.198089459,52.469010407],[13.197618935,52.469730334],[13.197718911,52.470345387],[13.196992784,52.47116773],[13.196618804,52.471338916],[13.195229035,52.471247581],[13.194557707,52.470975529],[13.188168363,52.471835404],[13.186361224,52.465636846],[13.185301487,52.462577412],[13.181213097,52.459622525],[13.177408008,52.455914585],[13.170844916,52.456112338],[13.166059385,52.454001682],[13.161724798,52.452133454],[13.157954519,52.449377616],[13.15451297,52.446596009],[13.148516152,52.443372633],[13.136085227,52.442379011],[13.133267785,52.442086903],[13.13171849,52.441099973],[13.130801738,52.441412468],[13.129479357,52.441308061],[13.128040596,52.440961406],[13.126875291,52.441143411],[13.124114401,52.440675184],[13.123117664,52.4396141],[13.123151522,52.43870748],[13.12213751,52.437877274],[13.117214916,52.436163062],[13.113927338,52.432964839],[13.112070587,52.432308827],[13.112780182,52.429195296],[13.108019978,52.426659111],[13.106913151,52.425643238],[13.105404686,52.425281619],[13.104565911,52.423982023],[13.103483131,52.424300762],[13.101596029,52.424634795],[13.100947353,52.425161235],[13.099970776,52.425445366],[13.09930899,52.425342663],[13.098397093,52.424887455],[13.097720241,52.423464515],[13.09583593,52.42197325],[13.088345531,52.419629778],[13.090208163,52.41354788],[13.090271382,52.412212726],[13.090764297,52.411558024],[13.092121661,52.411240643],[13.093408726,52.410535597],[13.097388516,52.409419343],[13.098697331,52.410328369],[13.098851045,52.4111172],[13.097604242,52.411779348],[13.096445202,52.413086232],[13.096808308,52.413201093],[13.100302181,52.413781968],[13.100855069,52.413758367],[13.10072461,52.412987617],[13.10111763,52.411574839],[13.100997703,52.410536329],[13.10462082,52.409740871],[13.105120115,52.409895851],[13.105911921,52.409546159],[13.106543144,52.409604655],[13.107129752,52.409958619],[13.107215118,52.411199175],[13.107410455,52.412086133],[13.107102217,52.413179373],[13.107773547,52.413331502],[13.109624072,52.412937897],[13.110132774,52.41128475],[13.111508323,52.411412073],[13.111794015,52.41047779],[13.110419963,52.410350477],[13.110626026,52.409441011],[13.108501908,52.4092421],[13.106929595,52.409483235],[13.106550062,52.408766216],[13.108604971,52.408472381],[13.109446128,52.408044696],[13.108322407,52.407253429],[13.109691552,52.406534187],[13.11109903,52.405295657],[13.111200778,52.404507956],[13.111813732,52.403983999],[13.116335069,52.402321267],[13.117745025,52.402117053],[13.118458449,52.401278954],[13.12022768,52.399847755],[13.121998281,52.398544147],[13.124203286,52.397272015],[13.124776425,52.396868245],[13.125655857,52.396659885],[13.126917404,52.396568166],[13.128457237,52.396943126],[13.132519313,52.39866228],[13.133504673,52.399363772],[13.134958961,52.398591569],[13.136631629,52.398127604],[13.138097948,52.397854182],[13.138039619,52.397681394],[13.135123812,52.39737364],[13.13570863,52.396172732],[13.138577573,52.396097963],[13.138223073,52.395701452],[13.134487548,52.39368459],[13.131740999,52.391796671],[13.131527274,52.391730172],[13.130160287,52.390495937],[13.129848144,52.390693226],[13.130908597,52.391751844],[13.127290716,52.39160541],[13.126728906,52.389582792],[13.130748989,52.387378172],[13.131982734,52.387515447],[13.133177798,52.387302061],[13.13397266,52.388733387],[13.132867985,52.388741361],[13.130373252,52.390367421],[13.132092398,52.391768485],[13.134701915,52.393562363],[13.138387801,52.395551153],[13.140426717,52.396370169],[13.14182168,52.397104731],[13.141989259,52.396961629],[13.143198201,52.39724517],[13.143278815,52.396724263],[13.143855241,52.396137082],[13.145735244,52.395503083],[13.150017705,52.39508726],[13.153284653,52.394837969],[13.158864855,52.393938129],[13.167959367,52.394388958],[13.168764361,52.394392978],[13.171754267,52.395640213],[13.171303886,52.397578738],[13.171163258,52.397824435],[13.16873814,52.39735404],[13.161244348,52.396625599],[13.157791855,52.396353137],[13.157775277,52.397224794],[13.159383603,52.399905643],[13.159231389,52.402771836],[13.159346569,52.402856768],[13.163942832,52.40438373],[13.167330866,52.405549951],[13.173039398,52.407426871],[13.187834998,52.412370642],[13.197252604,52.415532628],[13.199442256,52.415407558],[13.201335541,52.41553301],[13.204507335,52.415831058],[13.209485472,52.416756394],[13.21196354,52.417381607],[13.213034291,52.417774486],[13.214215073,52.418033836],[13.216368415,52.418820483],[13.217094258,52.419166295],[13.21804399,52.419303484],[13.221411315,52.42012029],[13.223588212,52.420766692],[13.225056783,52.421076342],[13.225264751,52.420836203],[13.226476053,52.420825931],[13.229245181,52.420519836],[13.233140525,52.420343246],[13.235633222,52.420870054],[13.237622678,52.420794838],[13.239677004,52.420864488],[13.245949413,52.42117243],[13.247144864,52.418898127],[13.247442096,52.417317408],[13.248863315,52.418874873],[13.250870824,52.422716826],[13.252812265,52.425720067],[13.254998989,52.427732807],[13.25465666,52.428057051],[13.254315333,52.428960044],[13.257121758,52.42985764],[13.257691114,52.43034021],[13.259286595,52.430836754],[13.259092876,52.431325031],[13.258436061,52.431278053],[13.257291861,52.43149466],[13.256682183,52.431788418],[13.256226067,52.432705436],[13.256638396,52.433331306],[13.25729265,52.433688328],[13.259561262,52.433171467],[13.260455692,52.43506685],[13.256794774,52.43572946],[13.255811241,52.435709304],[13.250765267,52.434963645],[13.249491301,52.436238655],[13.246724253,52.436379621],[13.243071696,52.439770209],[13.241109523,52.438981081],[13.239180379,52.438458037],[13.237511712,52.438251253],[13.238078973,52.43912753],[13.239203661,52.440163797],[13.240130945,52.440741085],[13.242342344,52.441626299],[13.237607783,52.444043525],[13.23634846,52.444590261],[13.233766169,52.445553175],[13.231872915,52.446423075],[13.229968487,52.447054759],[13.228519947,52.447850609],[13.227543981,52.448592319],[13.218123845,52.45312481],[13.218861298,52.454046394],[13.226792263,52.460307567],[13.228314517,52.46133809],[13.228552832,52.461667806],[13.237142677,52.46844453],[13.23833264,52.469168279]]]]}},{"type":"Feature","properties":{"gebiet_nr":"0701","name":"Tempelhof-Schöneberg 1","bezirk_nr":"07"},"geometry":{"type":"MultiPolygon","coordinates":[[[[13.369527623,52.49886863],[13.368791895,52.498779859],[13.363043029,52.499560707],[13.362535886,52.499660225],[13.357517541,52.501104743],[13.351387026,52.50255096],[13.341499117,52.504939543],[13.341420063,52.504866561],[13.337141394,52.500905674],[13.336974943,52.500689589],[13.338920862,52.499910707],[13.338988874,52.499417509],[13.33781678,52.497389969],[13.337280572,52.495854639],[13.337348201,52.494073651],[13.337100792,52.492287398],[13.337084162,52.491007658],[13.337530695,52.490714887],[13.336958867,52.490358515],[13.33690557,52.489282682],[13.337168486,52.488252556],[13.339378131,52.488485304],[13.340139658,52.488193287],[13.340591985,52.488588896],[13.349044186,52.4894358],[13.349345807,52.488292507],[13.353699723,52.488641427],[13.355324985,52.486725616],[13.356022595,52.486031646],[13.356559699,52.486305169],[13.358858024,52.488905739],[13.360275288,52.490440263],[13.361093281,52.49028843],[13.36540324,52.490797412],[13.366409202,52.491575446],[13.369311081,52.490806245],[13.369138998,52.490031221],[13.369394486,52.489362111],[13.370650544,52.48932905],[13.370563956,52.488040511],[13.373519353,52.487876957],[13.374728188,52.489379141],[13.375397891,52.48943314],[13.375472883,52.490453729],[13.376417734,52.491549512],[13.376429857,52.491675907],[13.371066456,52.492756557],[13.371072286,52.492911905],[13.369236643,52.493278896],[13.368212739,52.493329998],[13.368580109,52.493954472],[13.368410697,52.494473531],[13.368676364,52.497384883],[13.369598316,52.498108516],[13.369527623,52.49886863]]]]}},{"type":"Feature","properties":{"gebiet_nr":"0702","name":"Tempelhof-Schöneberg 2","bezirk_nr":"07"},"geometry":{"type":"MultiPolygon","coordinates":[[[[13.373519353,52.487876957],[13.370563956,52.488040511],[13.370650544,52.48932905],[13.369394486,52.489362111],[13.369138998,52.490031221],[13.369311081,52.490806245],[13.366409202,52.491575446],[13.36540324,52.490797412],[13.361093281,52.49028843],[13.360275288,52.490440263],[13.358858024,52.488905739],[13.356559699,52.486305169],[13.356022595,52.486031646],[13.355324985,52.486725616],[13.353699723,52.488641427],[13.349345807,52.488292507],[13.349044186,52.4894358],[13.340591985,52.488588896],[13.340139658,52.488193287],[13.339378131,52.488485304],[13.337168486,52.488252556],[13.337051304,52.485919333],[13.33711772,52.48252703],[13.337047012,52.48208651],[13.337064134,52.478130621],[13.340845372,52.47833213],[13.342870827,52.478294768],[13.343769626,52.478139654],[13.34248862,52.477308013],[13.342786651,52.476965438],[13.343391936,52.472546342],[13.343681851,52.471167581],[13.349070048,52.470343686],[13.35064103,52.470208967],[13.352495211,52.470439743],[13.354368287,52.471189064],[13.358104927,52.47404099],[13.360159345,52.474290073],[13.361667071,52.474168545],[13.362946109,52.473896411],[13.363917315,52.474159185],[13.365444729,52.473443633],[13.365618307,52.474452321],[13.366690201,52.474615543],[13.371339577,52.474560963],[13.371441059,52.478899946],[13.374391846,52.478940423],[13.37439276,52.478780462],[13.376719443,52.478828536],[13.37688445,52.47958017],[13.377482714,52.48076138],[13.377433896,52.482108377],[13.376634996,52.484123298],[13.376583381,52.484919406],[13.371568002,52.48494914],[13.371641725,52.485182952],[13.374017674,52.485169177],[13.37416359,52.487710015],[13.373519353,52.487876957]]]]}},{"type":"Feature","properties":{"gebiet_nr":"0703","name":"Tempelhof-Schöneberg 3","bezirk_nr":"07"},"geometry":{"type":"MultiPolygon","coordinates":[[[[13.365444729,52.473443633],[13.363917315,52.474159185],[13.362946109,52.473896411],[13.361667071,52.474168545],[13.360159345,52.474290073],[13.358104927,52.47404099],[13.354368287,52.471189064],[13.352495211,52.470439743],[13.35064103,52.470208967],[13.349070048,52.470343686],[13.343681851,52.471167581],[13.343391936,52.472546342],[13.342786651,52.476965438],[13.34248862,52.477308013],[13.343769626,52.478139654],[13.342870827,52.478294768],[13.340845372,52.47833213],[13.337064134,52.478130621],[13.332984709,52.477845573],[13.332866888,52.477414819],[13.324232948,52.477478427],[13.320426965,52.477468633],[13.320141032,52.470743158],[13.320525488,52.470264265],[13.320093069,52.469597231],[13.319980284,52.466979116],[13.320989817,52.466961061],[13.327869267,52.464499216],[13.328164676,52.464331013],[13.3293643,52.465572401],[13.330601145,52.465222327],[13.331409111,52.465856112],[13.334661069,52.466275775],[13.334827847,52.4661989],[13.33627214,52.46741386],[13.338483132,52.466377709],[13.338901904,52.465563636],[13.342617031,52.463295387],[13.34495471,52.461717521],[13.347820147,52.45924488],[13.347643193,52.45907731],[13.347916779,52.458852389],[13.349041319,52.458761572],[13.349075882,52.456772896],[13.350889237,52.456618073],[13.352475184,52.457073791],[13.353297854,52.457021775],[13.353679392,52.456699134],[13.354196393,52.455639895],[13.356116309,52.455609254],[13.357257062,52.45332564],[13.3597049,52.449408491],[13.362379878,52.444572456],[13.362487918,52.444458566],[13.363516231,52.445148342],[13.364920556,52.445927012],[13.36583743,52.446322656],[13.374326274,52.451011463],[13.372540429,52.45257582],[13.371756135,52.452714582],[13.370424934,52.454904204],[13.369854295,52.455136621],[13.36800633,52.455194603],[13.367527738,52.455782184],[13.369883246,52.455723516],[13.369452574,52.456421745],[13.369583852,52.458383827],[13.368264254,52.458883308],[13.36798618,52.459641177],[13.368450866,52.460180495],[13.369748725,52.460642541],[13.37026434,52.467114075],[13.370622805,52.470510917],[13.36963883,52.470932057],[13.370364588,52.471137628],[13.368964721,52.471459007],[13.366518463,52.472790871],[13.365444729,52.473443633]]]]}},{"type":"Feature","properties":{"gebiet_nr":"0704","name":"Tempelhof-Schöneberg 4","bezirk_nr":"07"},"geometry":{"type":"MultiPolygon","coordinates":[[[[13.406393863,52.482769735],[13.40404797,52.483273091],[13.40022643,52.48390479],[13.394638105,52.48402517],[13.394246189,52.484094496],[13.39425061,52.485770515],[13.386289424,52.485825605],[13.386266703,52.48486219],[13.376583381,52.484919406],[13.376634996,52.484123298],[13.377433896,52.482108377],[13.377482714,52.48076138],[13.37688445,52.47958017],[13.376719443,52.478828536],[13.37439276,52.478780462],[13.374391846,52.478940423],[13.371441059,52.478899946],[13.371339577,52.474560963],[13.366690201,52.474615543],[13.365618307,52.474452321],[13.365444729,52.473443633],[13.366518463,52.472790871],[13.368964721,52.471459007],[13.370364588,52.471137628],[13.36963883,52.470932057],[13.370622805,52.470510917],[13.37026434,52.467114075],[13.369748725,52.460642541],[13.368450866,52.460180495],[13.36798618,52.459641177],[13.368264254,52.458883308],[13.369583852,52.458383827],[13.369452574,52.456421745],[13.369883246,52.455723516],[13.367527738,52.455782184],[13.36800633,52.455194603],[13.369854295,52.455136621],[13.370424934,52.454904204],[13.371756135,52.452714582],[13.372540429,52.45257582],[13.374326274,52.451011463],[13.376352748,52.451865911],[13.378869394,52.452672824],[13.382588923,52.453565747],[13.38426264,52.453881925],[13.384556373,52.453967002],[13.384865993,52.45410603],[13.399803103,52.457723108],[13.401563586,52.458100317],[13.404052373,52.458466291],[13.40600083,52.458629006],[13.409013497,52.458680419],[13.410985387,52.458569001],[13.411794259,52.458418328],[13.411311013,52.459371207],[13.411300783,52.459960715],[13.412197153,52.464420637],[13.413458824,52.465184089],[13.416856306,52.465475041],[13.415778243,52.470308853],[13.413487702,52.478708178],[13.410936566,52.477901046],[13.410881517,52.477721212],[13.406621084,52.478232795],[13.406801934,52.4788604],[13.406237651,52.480154327],[13.406062766,52.480984369],[13.406393863,52.482769735]]]]}},{"type":"Feature","properties":{"gebiet_nr":"0705","name":"Tempelhof-Schöneberg 5","bezirk_nr":"07"},"geometry":{"type":"MultiPolygon","coordinates":[[[[13.426565978,52.456698392],[13.424369592,52.45799503],[13.4206074,52.459366196],[13.421422334,52.460653608],[13.423230148,52.460402407],[13.423008188,52.461317768],[13.421971518,52.461515483],[13.422136103,52.462510594],[13.421706331,52.463495688],[13.421618507,52.465299163],[13.421357124,52.465819937],[13.416875662,52.465395716],[13.416856306,52.465475041],[13.413458824,52.465184089],[13.412197153,52.464420637],[13.411300783,52.459960715],[13.411311013,52.459371207],[13.411794259,52.458418328],[13.410985387,52.458569001],[13.409013497,52.458680419],[13.40600083,52.458629006],[13.404052373,52.458466291],[13.401563586,52.458100317],[13.399803103,52.457723108],[13.384865993,52.45410603],[13.384556373,52.453967002],[13.38426264,52.453881925],[13.382588923,52.453565747],[13.378869394,52.452672824],[13.376352748,52.451865911],[13.374326274,52.451011463],[13.36583743,52.446322656],[13.364920556,52.445927012],[13.363516231,52.445148342],[13.362487918,52.444458566],[13.363412477,52.442814261],[13.366098089,52.438531743],[13.367531537,52.435819103],[13.369437948,52.432652745],[13.371203505,52.429898542],[13.371548676,52.429190233],[13.372003339,52.429124711],[13.372762761,52.427958967],[13.373491637,52.426472325],[13.373896813,52.426057105],[13.375201376,52.428276916],[13.375906026,52.429753136],[13.381825717,52.429362933],[13.382301247,52.431105547],[13.384910192,52.430969816],[13.386794524,52.43106352],[13.386089126,52.433707782],[13.389924691,52.434352681],[13.392474532,52.429861695],[13.393379192,52.430047711],[13.397535597,52.429452827],[13.399371429,52.429249674],[13.405544666,52.428373487],[13.405141106,52.42793418],[13.406202105,52.427432006],[13.406866377,52.43013825],[13.408865573,52.433180362],[13.409154569,52.434209874],[13.41037726,52.436142465],[13.410567852,52.437460267],[13.411258216,52.439122272],[13.41249991,52.442339074],[13.41397964,52.445944516],[13.414765784,52.447009954],[13.415102936,52.448473593],[13.415728669,52.449264641],[13.416074236,52.45082445],[13.416835334,52.452236714],[13.417679825,52.452200464],[13.41965692,52.454678877],[13.420757116,52.456284023],[13.421194802,52.456749396],[13.422113167,52.456662019],[13.424943834,52.456596783],[13.426565978,52.456698392]]]]}},{"type":"Feature","properties":{"gebiet_nr":"0706","name":"Tempelhof-Schöneberg 6","bezirk_nr":"07"},"geometry":{"type":"MultiPolygon","coordinates":[[[[13.406202105,52.427432006],[13.405141106,52.42793418],[13.405544666,52.428373487],[13.399371429,52.429249674],[13.397535597,52.429452827],[13.393379192,52.430047711],[13.392474532,52.429861695],[13.389924691,52.434352681],[13.386089126,52.433707782],[13.386794524,52.43106352],[13.384910192,52.430969816],[13.382301247,52.431105547],[13.381825717,52.429362933],[13.375906026,52.429753136],[13.375201376,52.428276916],[13.373896813,52.426057105],[13.373491637,52.426472325],[13.372762761,52.427958967],[13.372003339,52.429124711],[13.371548676,52.429190233],[13.371151064,52.428796655],[13.36855873,52.427611964],[13.367914839,52.427607861],[13.364157807,52.42230459],[13.363201795,52.421409181],[13.360287577,52.420572276],[13.358831042,52.419823085],[13.355176295,52.418493698],[13.352396477,52.417607479],[13.350813057,52.416972925],[13.348420376,52.416254669],[13.345485257,52.415260189],[13.342741456,52.414164328],[13.34309237,52.413299744],[13.343066852,52.412236548],[13.343306777,52.411718586],[13.34305488,52.407683819],[13.35086118,52.402885372],[13.352527909,52.402086728],[13.354411041,52.400970427],[13.357632143,52.399432972],[13.359306778,52.398499448],[13.362437827,52.397220472],[13.364218682,52.396675343],[13.371947977,52.393795792],[13.370354297,52.388424508],[13.375091093,52.388193836],[13.378698716,52.388155625],[13.385099718,52.388442078],[13.387299312,52.388572368],[13.385628428,52.388994949],[13.385912065,52.391403101],[13.388236143,52.391350487],[13.388224814,52.392645275],[13.388434796,52.394301073],[13.391256728,52.39431032],[13.389023606,52.398463159],[13.390904976,52.398855156],[13.391665344,52.398702995],[13.392646134,52.398261891],[13.392977771,52.39861483],[13.392888886,52.399310231],[13.393511286,52.399690702],[13.395671541,52.399869282],[13.395512112,52.400294948],[13.394042917,52.402807466],[13.398643566,52.40332418],[13.397104286,52.406048687],[13.394040429,52.41110854],[13.393068469,52.412052032],[13.392715632,52.412632778],[13.395438789,52.413206097],[13.401430763,52.414602521],[13.399493819,52.418016479],[13.400117558,52.418771664],[13.404813376,52.420000069],[13.405467471,52.421762696],[13.402599107,52.422159004],[13.405135661,52.425499662],[13.405757116,52.426457912],[13.406202105,52.427432006]]]]}},{"type":"Feature","properties":{"gebiet_nr":"0707","name":"Tempelhof-Schöneberg 7","bezirk_nr":"07"},"geometry":{"type":"MultiPolygon","coordinates":[[[[13.419583,52.410182764],[13.419674146,52.410489372],[13.418160534,52.410795857],[13.414266263,52.412312183],[13.411484682,52.41313753],[13.409965325,52.413386385],[13.408466023,52.413439346],[13.406071473,52.413242586],[13.402502945,52.412708353],[13.401430763,52.414602521],[13.395438789,52.413206097],[13.392715632,52.412632778],[13.393068469,52.412052032],[13.394040429,52.41110854],[13.397104286,52.406048687],[13.398643566,52.40332418],[13.394042917,52.402807466],[13.395512112,52.400294948],[13.395671541,52.399869282],[13.393511286,52.399690702],[13.392888886,52.399310231],[13.392977771,52.39861483],[13.392646134,52.398261891],[13.391665344,52.398702995],[13.390904976,52.398855156],[13.389023606,52.398463159],[13.391256728,52.39431032],[13.388434796,52.394301073],[13.388224814,52.392645275],[13.388236143,52.391350487],[13.385912065,52.391403101],[13.385628428,52.388994949],[13.387299312,52.388572368],[13.387986862,52.384178293],[13.388222589,52.38212797],[13.38808227,52.381730468],[13.388237296,52.381030705],[13.388089152,52.379357953],[13.388427618,52.377858729],[13.39512369,52.37760872],[13.397119476,52.377581159],[13.400714074,52.377331959],[13.404131561,52.376982442],[13.407180618,52.376845372],[13.409883824,52.37658345],[13.4128325,52.376873704],[13.412639444,52.376407836],[13.420809543,52.376136564],[13.422274996,52.378373238],[13.427454876,52.385779151],[13.427415227,52.386431529],[13.426981475,52.387840832],[13.425826341,52.390580757],[13.424472957,52.393598025],[13.421004621,52.401205666],[13.41841758,52.40707579],[13.418287185,52.407930202],[13.41848082,52.409250699],[13.418744856,52.409977294],[13.419583,52.410182764]]]]}},{"type":"Feature","properties":{"gebiet_nr":"0801","name":"Neukölln 1","bezirk_nr":"08"},"geometry":{"type":"MultiPolygon","coordinates":[[[[13.439657767,52.489908454],[13.439251102,52.489641806],[13.438268972,52.490374455],[13.43094178,52.492699987],[13.422834961,52.495338258],[13.420482626,52.495857205],[13.420790672,52.495474012],[13.424007966,52.490338523],[13.425409369,52.488085055],[13.424938195,52.487783201],[13.423842893,52.486511516],[13.42433084,52.486361376],[13.431434649,52.483130029],[13.432445496,52.483888368],[13.434668206,52.482872909],[13.437780994,52.48124774],[13.439476074,52.480188675],[13.439887351,52.4794005],[13.440538378,52.479500434],[13.442147604,52.478557735],[13.445370404,52.476522746],[13.445569309,52.476469131],[13.446111367,52.476357626],[13.446355311,52.476807331],[13.447825664,52.477879873],[13.455883089,52.473858565],[13.456239601,52.47452499],[13.456652381,52.476251022],[13.457148235,52.478964804],[13.458423197,52.485433414],[13.458555361,52.485517178],[13.458134674,52.48581943],[13.456065134,52.484252789],[13.45044377,52.487147237],[13.45032331,52.48708415],[13.44676204,52.488954302],[13.44444369,52.487455378],[13.439657767,52.489908454]]]]}},{"type":"Feature","properties":{"gebiet_nr":"0802","name":"Neukölln 2","bezirk_nr":"08"},"geometry":{"type":"MultiPolygon","coordinates":[[[[13.423842893,52.486511516],[13.423678732,52.486356665],[13.420842682,52.487166854],[13.407885679,52.488859159],[13.40790377,52.488476362],[13.408527196,52.487142097],[13.407189352,52.485898567],[13.406762922,52.485213892],[13.406393863,52.482769735],[13.406062766,52.480984369],[13.406237651,52.480154327],[13.406801934,52.4788604],[13.406621084,52.478232795],[13.410881517,52.477721212],[13.410936566,52.477901046],[13.413487702,52.478708178],[13.415778243,52.470308853],[13.416856306,52.465475041],[13.416875662,52.465395716],[13.421357124,52.465819937],[13.421169087,52.466703899],[13.427873998,52.467435187],[13.43152704,52.467893298],[13.435868039,52.468529445],[13.436022757,52.468480268],[13.438533213,52.46879882],[13.440091795,52.469081672],[13.441721414,52.46927295],[13.441066297,52.472844124],[13.440604785,52.473754646],[13.443395221,52.474065447],[13.445103351,52.474180414],[13.44454544,52.474929942],[13.445363587,52.475315828],[13.444981449,52.475550692],[13.445569309,52.476469131],[13.445370404,52.476522746],[13.442147604,52.478557735],[13.440538378,52.479500434],[13.439887351,52.4794005],[13.439476074,52.480188675],[13.437780994,52.48124774],[13.434668206,52.482872909],[13.432445496,52.483888368],[13.431434649,52.483130029],[13.42433084,52.486361376],[13.423842893,52.486511516]]]]}},{"type":"Feature","properties":{"gebiet_nr":"0803","name":"Neukölln 3","bezirk_nr":"08"},"geometry":{"type":"MultiPolygon","coordinates":[[[[13.474964806,52.458806733],[13.474975761,52.459471761],[13.475794699,52.460912474],[13.477196067,52.461990856],[13.478547366,52.463980408],[13.478335714,52.46522929],[13.476348783,52.467129261],[13.474969353,52.468188825],[13.470973242,52.47203164],[13.469793587,52.473331435],[13.469604336,52.473992602],[13.470381555,52.476019223],[13.470571222,52.47690376],[13.461158009,52.483535697],[13.461179472,52.483700183],[13.458555361,52.485517178],[13.458423197,52.485433414],[13.457148235,52.478964804],[13.456652381,52.476251022],[13.456239601,52.47452499],[13.455883089,52.473858565],[13.447825664,52.477879873],[13.446355311,52.476807331],[13.446111367,52.476357626],[13.445569309,52.476469131],[13.444981449,52.475550692],[13.445363587,52.475315828],[13.44454544,52.474929942],[13.445103351,52.474180414],[13.443395221,52.474065447],[13.440604785,52.473754646],[13.441066297,52.472844124],[13.441721414,52.46927295],[13.440091795,52.469081672],[13.438533213,52.46879882],[13.436022757,52.468480268],[13.435868039,52.468529445],[13.43152704,52.467893298],[13.427873998,52.467435187],[13.421169087,52.466703899],[13.421357124,52.465819937],[13.421618507,52.465299163],[13.421706331,52.463495688],[13.422136103,52.462510594],[13.421971518,52.461515483],[13.423008188,52.461317768],[13.423230148,52.460402407],[13.421422334,52.460653608],[13.4206074,52.459366196],[13.424369592,52.45799503],[13.426565978,52.456698392],[13.426758571,52.456724779],[13.431392301,52.453774099],[13.432960189,52.452474505],[13.438507572,52.452593611],[13.44019907,52.452738662],[13.441904245,52.452657761],[13.443955759,52.452413814],[13.445104743,52.452370649],[13.451891212,52.452486014],[13.452199928,52.452532302],[13.452517299,52.452621738],[13.457128791,52.453371635],[13.460565032,52.454142175],[13.459029393,52.456445095],[13.457546888,52.458277167],[13.456972727,52.459151648],[13.457335786,52.459234846],[13.471791354,52.458855643],[13.474964806,52.458806733]]]]}},{"type":"Feature","properties":{"gebiet_nr":"0804","name":"Neukölln 4","bezirk_nr":"08"},"geometry":{"type":"MultiPolygon","coordinates":[[[[13.48911387,52.437776168],[13.484807316,52.439877688],[13.484270113,52.44002083],[13.479136947,52.442528122],[13.476675125,52.443832592],[13.476162855,52.443973931],[13.46613884,52.44882795],[13.46472687,52.449624943],[13.463760937,52.450310201],[13.462560674,52.451506468],[13.461424404,52.452879851],[13.460565032,52.454142175],[13.457128791,52.453371635],[13.452517299,52.452621738],[13.452199928,52.452532302],[13.455038438,52.445445949],[13.4499328,52.445646024],[13.449588988,52.444461063],[13.44863927,52.44328148],[13.447166703,52.442307792],[13.446660571,52.441645601],[13.44659317,52.440502389],[13.447636988,52.436938943],[13.450364677,52.436927763],[13.451352262,52.436693779],[13.45078956,52.435097801],[13.450530276,52.433378256],[13.449623087,52.433012939],[13.449816159,52.432529742],[13.44916934,52.432503611],[13.448916554,52.431746549],[13.447613575,52.428924548],[13.446926122,52.428058084],[13.446275439,52.427553836],[13.447868363,52.426268456],[13.448693656,52.425393495],[13.449337691,52.424988262],[13.452115738,52.423949933],[13.455730949,52.42306283],[13.455777637,52.423153663],[13.461649407,52.421781639],[13.461646225,52.421452719],[13.463355732,52.421055182],[13.463545265,52.421077911],[13.468018015,52.420032806],[13.46693942,52.422256212],[13.467388423,52.422885888],[13.468230915,52.4232393],[13.469000737,52.423363447],[13.471753239,52.423162187],[13.473295379,52.42312106],[13.473325216,52.42341856],[13.475512697,52.423373746],[13.475526417,52.42366044],[13.479112916,52.423740457],[13.480494016,52.423948867],[13.482140745,52.423846644],[13.48227961,52.42408676],[13.482288112,52.425534533],[13.483239959,52.425763953],[13.479753428,52.428284945],[13.483555957,52.431232758],[13.488730993,52.435536355],[13.487196287,52.436449027],[13.48911387,52.437776168]]]]}},{"type":"Feature","properties":{"gebiet_nr":"0805","name":"Neukölln 5","bezirk_nr":"08"},"geometry":{"type":"MultiPolygon","coordinates":[[[[13.426565978,52.456698392],[13.424943834,52.456596783],[13.422113167,52.456662019],[13.421194802,52.456749396],[13.420757116,52.456284023],[13.41965692,52.454678877],[13.417679825,52.452200464],[13.416835334,52.452236714],[13.416074236,52.45082445],[13.415728669,52.449264641],[13.415102936,52.448473593],[13.414765784,52.447009954],[13.41397964,52.445944516],[13.41249991,52.442339074],[13.411258216,52.439122272],[13.410567852,52.437460267],[13.41037726,52.436142465],[13.409154569,52.434209874],[13.408865573,52.433180362],[13.406866377,52.43013825],[13.406202105,52.427432006],[13.405757116,52.426457912],[13.405135661,52.425499662],[13.402599107,52.422159004],[13.405467471,52.421762696],[13.404813376,52.420000069],[13.400117558,52.418771664],[13.399493819,52.418016479],[13.401430763,52.414602521],[13.402502945,52.412708353],[13.406071473,52.413242586],[13.408466023,52.413439346],[13.409965325,52.413386385],[13.411484682,52.41313753],[13.414266263,52.412312183],[13.418160534,52.410795857],[13.419674146,52.410489372],[13.419583,52.410182764],[13.421776878,52.410531677],[13.424693587,52.411252939],[13.427953177,52.411892028],[13.431933306,52.412515204],[13.43536015,52.413565745],[13.438665117,52.414421863],[13.440609631,52.414820049],[13.44705759,52.416683768],[13.447902258,52.417156852],[13.451931572,52.418474939],[13.454686615,52.419452241],[13.457222596,52.420090366],[13.459459399,52.420568049],[13.463355732,52.421055182],[13.461646225,52.421452719],[13.461649407,52.421781639],[13.455777637,52.423153663],[13.455730949,52.42306283],[13.452115738,52.423949933],[13.449337691,52.424988262],[13.448693656,52.425393495],[13.447868363,52.426268456],[13.446275439,52.427553836],[13.446926122,52.428058084],[13.447613575,52.428924548],[13.448916554,52.431746549],[13.44916934,52.432503611],[13.449816159,52.432529742],[13.449623087,52.433012939],[13.450530276,52.433378256],[13.45078956,52.435097801],[13.451352262,52.436693779],[13.450364677,52.436927763],[13.447636988,52.436938943],[13.44659317,52.440502389],[13.446660571,52.441645601],[13.447166703,52.442307792],[13.44863927,52.44328148],[13.449588988,52.444461063],[13.4499328,52.445646024],[13.455038438,52.445445949],[13.452199928,52.452532302],[13.451891212,52.452486014],[13.445104743,52.452370649],[13.443955759,52.452413814],[13.441904245,52.452657761],[13.44019907,52.452738662],[13.438507572,52.452593611],[13.432960189,52.452474505],[13.431392301,52.453774099],[13.426758571,52.456724779],[13.426565978,52.456698392]]]]}},{"type":"Feature","properties":{"gebiet_nr":"0806","name":"Neukölln 6","bezirk_nr":"08"},"geometry":{"type":"MultiPolygon","coordinates":[[[[13.515999901,52.401785601],[13.515984215,52.402182801],[13.516975821,52.402837059],[13.516649879,52.403331029],[13.518766847,52.404662114],[13.519049314,52.405121594],[13.520703961,52.406291361],[13.521784187,52.407441726],[13.522337044,52.408541293],[13.523204608,52.410811207],[13.522932204,52.411039232],[13.523478883,52.411668781],[13.523011934,52.412133888],[13.523222343,52.412652607],[13.524062259,52.413590653],[13.522626563,52.414150176],[13.522259961,52.414427545],[13.522958602,52.41544905],[13.522495218,52.416252958],[13.522138715,52.417224111],[13.522119693,52.418431013],[13.520842706,52.41954244],[13.520501539,52.420834427],[13.519910879,52.421345243],[13.519481485,52.421419446],[13.518645985,52.422262543],[13.518434201,52.422909395],[13.519604535,52.424628718],[13.52045915,52.426241704],[13.519993468,52.426713989],[13.515850068,52.426990579],[13.514022161,52.427217122],[13.51139527,52.427709769],[13.508685212,52.428495241],[13.505966851,52.429593381],[13.498533426,52.43320454],[13.497971387,52.433336036],[13.497086052,52.433909321],[13.495074682,52.434884855],[13.494438911,52.435077361],[13.489379084,52.437541146],[13.48911387,52.437776168],[13.487196287,52.436449027],[13.488730993,52.435536355],[13.483555957,52.431232758],[13.479753428,52.428284945],[13.483239959,52.425763953],[13.482288112,52.425534533],[13.48227961,52.42408676],[13.482140745,52.423846644],[13.480494016,52.423948867],[13.479112916,52.423740457],[13.475526417,52.42366044],[13.475512697,52.423373746],[13.473325216,52.42341856],[13.473295379,52.42312106],[13.471753239,52.423162187],[13.469000737,52.423363447],[13.468230915,52.4232393],[13.467388423,52.422885888],[13.46693942,52.422256212],[13.468018015,52.420032806],[13.468795571,52.418246124],[13.471009137,52.414059438],[13.473172854,52.41056552],[13.474180291,52.408630178],[13.475819574,52.406239106],[13.477033563,52.403990364],[13.47760703,52.403427618],[13.477605013,52.402717661],[13.478949741,52.399979283],[13.479170388,52.398576723],[13.479760899,52.395944322],[13.483544952,52.396934816],[13.486741556,52.397449092],[13.490557375,52.397756401],[13.495028453,52.39856758],[13.497539998,52.398809397],[13.500707502,52.399327747],[13.50574227,52.399903647],[13.511743039,52.400815477],[13.513878266,52.401219234],[13.515999901,52.401785601]]]]}},{"type":"Feature","properties":{"gebiet_nr":"0901","name":"Treptow-Köpenick 1","bezirk_nr":"09"},"geometry":{"type":"MultiPolygon","coordinates":[[[[13.490704766,52.487441179],[13.488499787,52.487834936],[13.487550417,52.487787992],[13.485945571,52.487400568],[13.482954249,52.486045384],[13.482051714,52.487441706],[13.481681584,52.487633568],[13.480055361,52.48793711],[13.479234141,52.487869589],[13.47863044,52.48703128],[13.477914664,52.488004534],[13.477683857,52.488782487],[13.476128209,52.489954173],[13.473786632,52.491032263],[13.471015769,52.491486071],[13.468492228,52.492339151],[13.467055516,52.492684106],[13.464213065,52.493739762],[13.46319688,52.494213756],[13.463965479,52.495001145],[13.463838256,52.495163628],[13.461934388,52.495584263],[13.459496921,52.496539718],[13.455070368,52.497420363],[13.45406415,52.497558193],[13.452671151,52.497574127],[13.450906085,52.497105113],[13.447880565,52.494844938],[13.44742193,52.494662714],[13.445766827,52.494706926],[13.444955326,52.494406428],[13.440815355,52.491200758],[13.439890391,52.490599893],[13.439657767,52.489908454],[13.44444369,52.487455378],[13.44676204,52.488954302],[13.45032331,52.48708415],[13.45044377,52.487147237],[13.456065134,52.484252789],[13.458134674,52.48581943],[13.458555361,52.485517178],[13.461179472,52.483700183],[13.461158009,52.483535697],[13.470571222,52.47690376],[13.470381555,52.476019223],[13.469604336,52.473992602],[13.469793587,52.473331435],[13.470973242,52.47203164],[13.474969353,52.468188825],[13.476348783,52.467129261],[13.478335714,52.46522929],[13.478547366,52.463980408],[13.477196067,52.461990856],[13.475794699,52.460912474],[13.474975761,52.459471761],[13.474964806,52.458806733],[13.479457997,52.458721676],[13.482047101,52.458775166],[13.484201247,52.459095005],[13.485566939,52.459427368],[13.488551087,52.460633289],[13.490403107,52.46166441],[13.491825591,52.46269771],[13.493965786,52.464829072],[13.496010299,52.467043864],[13.497913064,52.468989765],[13.499026967,52.468996361],[13.498443822,52.469651759],[13.497528494,52.470170194],[13.496481308,52.470484478],[13.495823279,52.471561253],[13.495521876,52.471470154],[13.494842517,52.472777857],[13.494503885,52.474305211],[13.494480601,52.475200255],[13.494956194,52.476600906],[13.495511764,52.477843478],[13.495607619,52.478771006],[13.494921484,52.481325148],[13.494178673,52.483118951],[13.493616795,52.484446546],[13.492739737,52.48581602],[13.491215054,52.48713532],[13.490704766,52.487441179]]]]}},{"type":"Feature","properties":{"gebiet_nr":"0902","name":"Treptow-Köpenick 2","bezirk_nr":"09"},"geometry":{"type":"MultiPolygon","coordinates":[[[[13.542435439,52.47394896],[13.542238204,52.473965895],[13.539906478,52.475028237],[13.534915217,52.471138664],[13.531440901,52.468386914],[13.530766478,52.467934342],[13.527436237,52.470698602],[13.525578351,52.472327215],[13.523666097,52.473861392],[13.522426333,52.474750889],[13.521580476,52.47521655],[13.520313166,52.474067828],[13.516881229,52.475257236],[13.515511699,52.475592962],[13.514500357,52.47570075],[13.512965461,52.475659749],[13.507856219,52.474904364],[13.504322595,52.478122491],[13.501887418,52.482575536],[13.500594733,52.482685606],[13.497852218,52.48328207],[13.496637776,52.483305006],[13.494178673,52.483118951],[13.494921484,52.481325148],[13.495607619,52.478771006],[13.495511764,52.477843478],[13.494956194,52.476600906],[13.494480601,52.475200255],[13.494503885,52.474305211],[13.494842517,52.472777857],[13.495521876,52.471470154],[13.495823279,52.471561253],[13.496481308,52.470484478],[13.497528494,52.470170194],[13.498443822,52.469651759],[13.499026967,52.468996361],[13.499621972,52.467792786],[13.501089375,52.465597108],[13.502606089,52.463602763],[13.504677857,52.462481576],[13.508162105,52.461288079],[13.510251979,52.460458879],[13.511305301,52.459920706],[13.5146766,52.458446523],[13.515661502,52.458165266],[13.518179324,52.457875525],[13.519143646,52.457573551],[13.520047286,52.4568087],[13.520442217,52.45591488],[13.520890878,52.455305983],[13.521772371,52.454542897],[13.522881451,52.453944459],[13.524237359,52.453460355],[13.526589216,52.45291507],[13.52851082,52.45267583],[13.530807881,52.452935622],[13.533154539,52.453404799],[13.535362262,52.454217114],[13.53748989,52.455397781],[13.538189759,52.455570848],[13.540146178,52.455608234],[13.542610442,52.455472505],[13.545990226,52.455036295],[13.549488499,52.454099508],[13.553242273,52.453342509],[13.555101969,52.453103697],[13.557145295,52.453004257],[13.558219596,52.453139179],[13.558801103,52.453252076],[13.559887682,52.453132485],[13.561896891,52.453214902],[13.562849422,52.453454737],[13.564126644,52.453348165],[13.565011815,52.453132604],[13.565877852,52.452326944],[13.566507221,52.451389053],[13.568095283,52.449561953],[13.569020142,52.449793362],[13.571827754,52.448809745],[13.573303838,52.448105859],[13.571516862,52.44453823],[13.571172653,52.442253653],[13.571994262,52.441436243],[13.573933642,52.441695034],[13.575043335,52.443465],[13.576602998,52.444097935],[13.576727539,52.444268096],[13.578306071,52.444031629],[13.579715969,52.444470742],[13.57908151,52.445024969],[13.581804047,52.446196988],[13.584106637,52.446798141],[13.58503991,52.447494039],[13.58733592,52.449001882],[13.589051929,52.449525458],[13.593070283,52.449516767],[13.594901288,52.449789562],[13.594843516,52.450356606],[13.596077692,52.450419173],[13.597749398,52.450287132],[13.598858253,52.450103148],[13.599872548,52.450170938],[13.601700857,52.450100323],[13.603010021,52.449866026],[13.603603502,52.449636906],[13.604626969,52.450429141],[13.608836544,52.449077227],[13.611977717,52.447947078],[13.612082067,52.44812462],[13.61198015,52.449617933],[13.612558316,52.453083913],[13.612439811,52.454141554],[13.611229678,52.456271497],[13.610661055,52.456803489],[13.611476719,52.45721398],[13.61152806,52.457737932],[13.610059835,52.457759257],[13.608712216,52.457932581],[13.608232741,52.4578471],[13.605471224,52.458021901],[13.601419653,52.458218792],[13.601085742,52.458124394],[13.601228336,52.457504782],[13.599912272,52.457419569],[13.597114602,52.456857248],[13.597049901,52.45900864],[13.590186795,52.459179293],[13.587242899,52.459283505],[13.586717769,52.459197958],[13.583144463,52.459036749],[13.582433847,52.45908232],[13.579706383,52.45901388],[13.579294994,52.458514957],[13.577848573,52.458773191],[13.57487155,52.459524121],[13.571836702,52.460553536],[13.56817563,52.462189167],[13.563851844,52.464067876],[13.553107612,52.468831845],[13.552795329,52.46902756],[13.553331365,52.469665046],[13.551894753,52.469908589],[13.551004033,52.470169538],[13.542435439,52.47394896]]]]}},{"type":"Feature","properties":{"gebiet_nr":"0903","name":"Treptow-Köpenick 3","bezirk_nr":"09"},"geometry":{"type":"MultiPolygon","coordinates":[[[[13.499026967,52.468996361],[13.497913064,52.468989765],[13.496010299,52.467043864],[13.493965786,52.464829072],[13.491825591,52.46269771],[13.490403107,52.46166441],[13.488551087,52.460633289],[13.485566939,52.459427368],[13.484201247,52.459095005],[13.482047101,52.458775166],[13.479457997,52.458721676],[13.474964806,52.458806733],[13.471791354,52.458855643],[13.457335786,52.459234846],[13.456972727,52.459151648],[13.457546888,52.458277167],[13.459029393,52.456445095],[13.460565032,52.454142175],[13.461424404,52.452879851],[13.462560674,52.451506468],[13.463760937,52.450310201],[13.46472687,52.449624943],[13.46613884,52.44882795],[13.476162855,52.443973931],[13.476675125,52.443832592],[13.479136947,52.442528122],[13.484270113,52.44002083],[13.484807316,52.439877688],[13.48911387,52.437776168],[13.489379084,52.437541146],[13.494438911,52.435077361],[13.495074682,52.434884855],[13.497086052,52.433909321],[13.497971387,52.433336036],[13.498533426,52.43320454],[13.505966851,52.429593381],[13.508685212,52.428495241],[13.51139527,52.427709769],[13.514022161,52.427217122],[13.515850068,52.426990579],[13.519993468,52.426713989],[13.52045915,52.426241704],[13.521297552,52.426048338],[13.523416214,52.42592079],[13.523999695,52.425977912],[13.543728505,52.424888854],[13.545242848,52.424771276],[13.547759399,52.42484217],[13.549423208,52.424989746],[13.549962451,52.425138376],[13.554358435,52.425685726],[13.555390028,52.425919103],[13.549196788,52.430041932],[13.547329085,52.431168534],[13.542716218,52.434276335],[13.541274992,52.435470082],[13.537267941,52.438154314],[13.520024832,52.449804428],[13.52208813,52.449734482],[13.523917271,52.450047834],[13.524180363,52.449497177],[13.530791242,52.447918398],[13.532983983,52.446434591],[13.532790019,52.447736609],[13.540415234,52.448152179],[13.542328201,52.449206791],[13.542870086,52.450181455],[13.553312741,52.447983373],[13.554960303,52.45082609],[13.557261024,52.450293867],[13.558499571,52.449840784],[13.558219596,52.453139179],[13.557145295,52.453004257],[13.555101969,52.453103697],[13.553242273,52.453342509],[13.549488499,52.454099508],[13.545990226,52.455036295],[13.542610442,52.455472505],[13.540146178,52.455608234],[13.538189759,52.455570848],[13.53748989,52.455397781],[13.535362262,52.454217114],[13.533154539,52.453404799],[13.530807881,52.452935622],[13.52851082,52.45267583],[13.526589216,52.45291507],[13.524237359,52.453460355],[13.522881451,52.453944459],[13.521772371,52.454542897],[13.520890878,52.455305983],[13.520442217,52.45591488],[13.520047286,52.4568087],[13.519143646,52.457573551],[13.518179324,52.457875525],[13.515661502,52.458165266],[13.5146766,52.458446523],[13.511305301,52.459920706],[13.510251979,52.460458879],[13.508162105,52.461288079],[13.504677857,52.462481576],[13.502606089,52.463602763],[13.501089375,52.465597108],[13.499621972,52.467792786],[13.499026967,52.468996361]]]]}},{"type":"Feature","properties":{"gebiet_nr":"0904","name":"Treptow-Köpenick 4","bezirk_nr":"09"},"geometry":{"type":"MultiPolygon","coordinates":[[[[13.554358435,52.425685726],[13.549962451,52.425138376],[13.549423208,52.424989746],[13.547759399,52.42484217],[13.545242848,52.424771276],[13.543728505,52.424888854],[13.523999695,52.425977912],[13.523416214,52.42592079],[13.521297552,52.426048338],[13.52045915,52.426241704],[13.519604535,52.424628718],[13.518434201,52.422909395],[13.518645985,52.422262543],[13.519481485,52.421419446],[13.519910879,52.421345243],[13.520501539,52.420834427],[13.520842706,52.41954244],[13.522119693,52.418431013],[13.522138715,52.417224111],[13.522495218,52.416252958],[13.522958602,52.41544905],[13.522259961,52.414427545],[13.522626563,52.414150176],[13.524062259,52.413590653],[13.523222343,52.412652607],[13.523011934,52.412133888],[13.523478883,52.411668781],[13.522932204,52.411039232],[13.523204608,52.410811207],[13.522337044,52.408541293],[13.521784187,52.407441726],[13.520703961,52.406291361],[13.519049314,52.405121594],[13.518766847,52.404662114],[13.516649879,52.403331029],[13.516975821,52.402837059],[13.515984215,52.402182801],[13.515999901,52.401785601],[13.517136221,52.401550303],[13.518627167,52.40108975],[13.521807813,52.400574965],[13.522815447,52.400055518],[13.524594752,52.399374965],[13.526394034,52.398929856],[13.52969881,52.397300599],[13.533687095,52.398867493],[13.535055537,52.399262177],[13.537049207,52.399987132],[13.538427496,52.400633413],[13.538206963,52.399973621],[13.537074772,52.398244616],[13.536302867,52.397820752],[13.536689023,52.397207247],[13.535829914,52.395616826],[13.535101629,52.393304858],[13.534820429,52.390768561],[13.535486553,52.388990582],[13.545369341,52.38872995],[13.551593118,52.388512069],[13.553680493,52.388399236],[13.560615089,52.38817772],[13.56415644,52.388134699],[13.565767286,52.388450074],[13.568018525,52.388793601],[13.57072049,52.389330516],[13.5743579,52.390110427],[13.575615108,52.390235889],[13.581658528,52.391222379],[13.585400599,52.391981321],[13.587823871,52.39251595],[13.590603913,52.393356189],[13.592693921,52.393812432],[13.592675864,52.394376799],[13.5932552,52.395610852],[13.592991887,52.396078092],[13.592991265,52.396903081],[13.591040076,52.397191891],[13.590343739,52.397169215],[13.589294887,52.398815274],[13.588555185,52.399644518],[13.586463285,52.39940119],[13.585386878,52.400437895],[13.584300276,52.401329899],[13.585561207,52.402534218],[13.586786749,52.403566981],[13.584425657,52.404830608],[13.581925563,52.406375556],[13.581634455,52.40622584],[13.580675838,52.406946643],[13.578641659,52.408152308],[13.577267955,52.409230866],[13.576244217,52.409718701],[13.575223568,52.410569748],[13.57408888,52.411311025],[13.574501027,52.41153482],[13.572531897,52.413123838],[13.570649001,52.414515912],[13.566000903,52.41736333],[13.554358435,52.425685726]]]]}},{"type":"Feature","properties":{"gebiet_nr":"0905","name":"Treptow-Köpenick 5","bezirk_nr":"09"},"geometry":{"type":"MultiPolygon","coordinates":[[[[13.571994262,52.441436243],[13.571172653,52.442253653],[13.571516862,52.44453823],[13.573303838,52.448105859],[13.571827754,52.448809745],[13.569020142,52.449793362],[13.568095283,52.449561953],[13.566507221,52.451389053],[13.565877852,52.452326944],[13.565011815,52.453132604],[13.564126644,52.453348165],[13.562849422,52.453454737],[13.561896891,52.453214902],[13.559887682,52.453132485],[13.558801103,52.453252076],[13.558219596,52.453139179],[13.558499571,52.449840784],[13.557261024,52.450293867],[13.554960303,52.45082609],[13.553312741,52.447983373],[13.542870086,52.450181455],[13.542328201,52.449206791],[13.540415234,52.448152179],[13.532790019,52.447736609],[13.532983983,52.446434591],[13.530791242,52.447918398],[13.524180363,52.449497177],[13.523917271,52.450047834],[13.52208813,52.449734482],[13.520024832,52.449804428],[13.537267941,52.438154314],[13.541274992,52.435470082],[13.542716218,52.434276335],[13.547329085,52.431168534],[13.549196788,52.430041932],[13.555390028,52.425919103],[13.554358435,52.425685726],[13.566000903,52.41736333],[13.570649001,52.414515912],[13.572531897,52.413123838],[13.574501027,52.41153482],[13.57408888,52.411311025],[13.575223568,52.410569748],[13.576244217,52.409718701],[13.577267955,52.409230866],[13.578641659,52.408152308],[13.580675838,52.406946643],[13.581634455,52.40622584],[13.581925563,52.406375556],[13.584425657,52.404830608],[13.586786749,52.403566981],[13.585561207,52.402534218],[13.584300276,52.401329899],[13.585386878,52.400437895],[13.586463285,52.39940119],[13.588555185,52.399644518],[13.589294887,52.398815274],[13.590343739,52.397169215],[13.591040076,52.397191891],[13.592991265,52.396903081],[13.592991887,52.396078092],[13.5932552,52.395610852],[13.592675864,52.394376799],[13.592693921,52.393812432],[13.594090389,52.392543882],[13.59423025,52.392115248],[13.593986761,52.391631692],[13.593672178,52.389959158],[13.594319231,52.388920458],[13.595005149,52.38895569],[13.595245128,52.388160419],[13.594941743,52.387233798],[13.596119088,52.385978644],[13.598986409,52.385404183],[13.599385899,52.385403376],[13.600479258,52.384314415],[13.60139005,52.383938062],[13.60299588,52.382838401],[13.603707297,52.381661263],[13.604848741,52.380942528],[13.605426155,52.380375562],[13.606394493,52.379117572],[13.60632864,52.378610703],[13.605466939,52.377969793],[13.606504223,52.376750456],[13.606804102,52.37602437],[13.606576992,52.374920748],[13.605812577,52.37362112],[13.607368847,52.373972764],[13.612153609,52.37564768],[13.620295444,52.378449567],[13.628510277,52.381349747],[13.633235362,52.376239644],[13.642677697,52.377505852],[13.642830854,52.37474687],[13.642841792,52.372580139],[13.642530092,52.371429866],[13.642095269,52.370806238],[13.643536936,52.370464535],[13.646828533,52.370151264],[13.646866149,52.368950614],[13.647262111,52.368015911],[13.647188233,52.367017485],[13.646942621,52.366076604],[13.646099588,52.365270627],[13.644734111,52.364801736],[13.643737108,52.364265372],[13.641142741,52.36309474],[13.640241039,52.361930152],[13.639082565,52.360977676],[13.638431943,52.359732166],[13.638714965,52.35875077],[13.638297829,52.357746081],[13.638092025,52.356568822],[13.637790436,52.348210155],[13.636700084,52.348141058],[13.636318239,52.346811931],[13.636824127,52.345224802],[13.63716297,52.344727796],[13.638700336,52.343189986],[13.640856856,52.341881247],[13.642816402,52.33993802],[13.644494874,52.339913508],[13.64550382,52.338782796],[13.6474373,52.338267515],[13.64884433,52.338336452],[13.650942695,52.338943546],[13.651692717,52.339463728],[13.65114281,52.342595779],[13.652299772,52.343847404],[13.652762539,52.34478014],[13.653627503,52.34589252],[13.655574152,52.347214922],[13.656111638,52.347810618],[13.656007892,52.348472977],[13.656770301,52.349611421],[13.656817926,52.350573904],[13.657085742,52.35161182],[13.657514489,52.35191097],[13.658982419,52.352354524],[13.658963673,52.352806569],[13.659568711,52.353304273],[13.662020414,52.35421123],[13.661947271,52.354510515],[13.662684517,52.355078261],[13.662382675,52.355698448],[13.663148488,52.357052533],[13.664166274,52.357777451],[13.664901941,52.358122308],[13.666200923,52.358085928],[13.665750206,52.359622835],[13.666160543,52.360515093],[13.666342064,52.361588063],[13.66663481,52.362277256],[13.667172719,52.362969958],[13.66847599,52.364206091],[13.668909308,52.364470149],[13.669898973,52.364690864],[13.670413376,52.365284704],[13.670914944,52.366240717],[13.671815432,52.366779584],[13.674417516,52.367342026],[13.676135903,52.367954215],[13.677422707,52.368572858],[13.67840416,52.36918713],[13.679207559,52.369442897],[13.680116338,52.369418221],[13.682148585,52.369637453],[13.682828192,52.369505922],[13.684749137,52.368812997],[13.68668271,52.367732701],[13.687234139,52.367304644],[13.688927026,52.367409802],[13.689984705,52.367849591],[13.691276554,52.367774296],[13.693081191,52.367974593],[13.692675781,52.368818687],[13.693221515,52.369509467],[13.695086495,52.370699152],[13.696436554,52.372104798],[13.697037776,52.372542098],[13.697383657,52.373060432],[13.697964199,52.373406972],[13.698711321,52.374150626],[13.69921327,52.374907009],[13.699955927,52.375586851],[13.700616454,52.377189689],[13.700404055,52.377503463],[13.699418732,52.37750947],[13.699285473,52.377734224],[13.697201252,52.37743893],[13.698098091,52.379919652],[13.698806421,52.38111986],[13.698300352,52.381482339],[13.695180254,52.380954879],[13.694280525,52.381283421],[13.689726339,52.38325048],[13.687907745,52.382953981],[13.68730904,52.383315563],[13.687057203,52.38387737],[13.686117407,52.383988389],[13.686822698,52.3853037],[13.687586252,52.385176591],[13.688028867,52.386061066],[13.687288182,52.387377608],[13.683743347,52.388001268],[13.68205037,52.388370542],[13.679047976,52.388264108],[13.67920369,52.387059799],[13.678505404,52.386571227],[13.672931673,52.385360345],[13.671599155,52.38497533],[13.669699192,52.382528033],[13.669281861,52.382278352],[13.6675061,52.382054316],[13.666580469,52.381604396],[13.665905074,52.38177897],[13.657446559,52.380518857],[13.656270852,52.38140796],[13.655317815,52.381516939],[13.654523578,52.381935918],[13.64877289,52.385497738],[13.648504263,52.385793456],[13.645183393,52.392487421],[13.644381817,52.393636062],[13.642721074,52.395470514],[13.641187686,52.396353223],[13.639211957,52.396968155],[13.628264498,52.403779919],[13.627734083,52.40424544],[13.627382922,52.40489249],[13.626821631,52.406753649],[13.626508641,52.40743125],[13.625616666,52.408348795],[13.624263239,52.409077605],[13.623033254,52.409242036],[13.614764496,52.40870142],[13.613678508,52.408824428],[13.605498253,52.411051988],[13.601830746,52.412727314],[13.600315286,52.413197897],[13.598307727,52.413254955],[13.596026978,52.41306747],[13.592985317,52.412441177],[13.591683275,52.412397668],[13.590438399,52.412540187],[13.588942007,52.412919863],[13.587851178,52.4133356],[13.586364657,52.41411965],[13.585414577,52.414841859],[13.584640442,52.415974817],[13.584535357,52.416744942],[13.584879099,52.418490286],[13.58477385,52.41943116],[13.584505786,52.42001071],[13.583637658,52.420944121],[13.582451964,52.42190347],[13.582005688,52.422781307],[13.581877662,52.424370111],[13.581113373,52.42568368],[13.580482134,52.426246006],[13.579233177,52.427052524],[13.578383047,52.427432321],[13.576481523,52.428023761],[13.575841613,52.428374871],[13.575308663,52.429027977],[13.574965442,52.43085932],[13.57464981,52.431712022],[13.573989136,52.432156574],[13.574010199,52.432988752],[13.575129871,52.4348423],[13.576204805,52.43603889],[13.576785979,52.437015089],[13.57545169,52.438809169],[13.573630608,52.440548198],[13.571994262,52.441436243]]]]}},{"type":"Feature","properties":{"gebiet_nr":"0906","name":"Treptow-Köpenick 6","bezirk_nr":"09"},"geometry":{"type":"MultiPolygon","coordinates":[[[[13.731403403,52.419738459],[13.730788682,52.419602406],[13.730271775,52.41980776],[13.729919027,52.419187087],[13.730068233,52.418253235],[13.729763238,52.417934474],[13.728877526,52.417547919],[13.728126203,52.417433539],[13.726399922,52.416447374],[13.72607711,52.416683999],[13.725132851,52.416381042],[13.723500317,52.417212773],[13.722830062,52.417870253],[13.72101012,52.418401945],[13.720641894,52.418729357],[13.719774183,52.42127419],[13.717684081,52.422753245],[13.715245875,52.425178827],[13.713709159,52.425658069],[13.711614498,52.425744976],[13.708940184,52.425595903],[13.707449813,52.425739827],[13.705577523,52.426055635],[13.704169309,52.426118581],[13.702427739,52.426388421],[13.701613764,52.426653153],[13.699754279,52.427648256],[13.69894553,52.428435094],[13.698409433,52.428747262],[13.696081747,52.429411882],[13.693111198,52.429867431],[13.690584189,52.430044077],[13.689138549,52.429738409],[13.688391175,52.429368553],[13.687067425,52.428936982],[13.685469036,52.428696053],[13.68265415,52.429061394],[13.681756168,52.429294576],[13.678030903,52.430698197],[13.677895957,52.430968755],[13.67620442,52.43290522],[13.674986582,52.433854725],[13.674786956,52.434167545],[13.67574465,52.438593095],[13.672378512,52.445513311],[13.662190577,52.446983481],[13.661798237,52.447427542],[13.660256922,52.447503484],[13.657718684,52.447963407],[13.656562643,52.447967304],[13.655068579,52.448373876],[13.653444721,52.448229576],[13.652469689,52.448418517],[13.651420964,52.448347751],[13.648735312,52.448423781],[13.647286213,52.44766737],[13.645276894,52.447118625],[13.641958666,52.446590697],[13.639934946,52.446683513],[13.637192087,52.447059443],[13.635709558,52.44706047],[13.633110667,52.446690399],[13.631867826,52.446208779],[13.629605752,52.44491029],[13.628187984,52.444212956],[13.627214399,52.44402245],[13.625859905,52.444810587],[13.624852502,52.444379219],[13.622886235,52.444114971],[13.622406821,52.443878607],[13.621224378,52.444158948],[13.618934708,52.443274539],[13.617699395,52.443163921],[13.617046396,52.443339112],[13.615343188,52.444148669],[13.614898949,52.444512588],[13.612526558,52.445100067],[13.611658684,52.445580751],[13.60935519,52.4464881],[13.608599032,52.446967879],[13.607404597,52.447374792],[13.605457154,52.447663838],[13.604331864,52.447944918],[13.602803364,52.448586275],[13.60164562,52.44896438],[13.598623021,52.449045492],[13.596417942,52.449490697],[13.594948693,52.44932047],[13.594901288,52.449789562],[13.593070283,52.449516767],[13.589051929,52.449525458],[13.58733592,52.449001882],[13.58503991,52.447494039],[13.584106637,52.446798141],[13.581804047,52.446196988],[13.57908151,52.445024969],[13.579715969,52.444470742],[13.578306071,52.444031629],[13.576727539,52.444268096],[13.576602998,52.444097935],[13.575043335,52.443465],[13.573933642,52.441695034],[13.571994262,52.441436243],[13.573630608,52.440548198],[13.57545169,52.438809169],[13.576785979,52.437015089],[13.576204805,52.43603889],[13.575129871,52.4348423],[13.574010199,52.432988752],[13.573989136,52.432156574],[13.57464981,52.431712022],[13.574965442,52.43085932],[13.575308663,52.429027977],[13.575841613,52.428374871],[13.576481523,52.428023761],[13.578383047,52.427432321],[13.579233177,52.427052524],[13.580482134,52.426246006],[13.581113373,52.42568368],[13.581877662,52.424370111],[13.582005688,52.422781307],[13.582451964,52.42190347],[13.583637658,52.420944121],[13.584505786,52.42001071],[13.58477385,52.41943116],[13.584879099,52.418490286],[13.584535357,52.416744942],[13.584640442,52.415974817],[13.585414577,52.414841859],[13.586364657,52.41411965],[13.587851178,52.4133356],[13.588942007,52.412919863],[13.590438399,52.412540187],[13.591683275,52.412397668],[13.592985317,52.412441177],[13.596026978,52.41306747],[13.598307727,52.413254955],[13.600315286,52.413197897],[13.601830746,52.412727314],[13.605498253,52.411051988],[13.613678508,52.408824428],[13.614764496,52.40870142],[13.623033254,52.409242036],[13.624263239,52.409077605],[13.625616666,52.408348795],[13.626508641,52.40743125],[13.626821631,52.406753649],[13.627382922,52.40489249],[13.627734083,52.40424544],[13.628264498,52.403779919],[13.639211957,52.396968155],[13.641187686,52.396353223],[13.642721074,52.395470514],[13.644381817,52.393636062],[13.645183393,52.392487421],[13.648504263,52.385793456],[13.64877289,52.385497738],[13.654523578,52.381935918],[13.655317815,52.381516939],[13.656270852,52.38140796],[13.657446559,52.380518857],[13.665905074,52.38177897],[13.666580469,52.381604396],[13.6675061,52.382054316],[13.669281861,52.382278352],[13.669699192,52.382528033],[13.671599155,52.38497533],[13.672931673,52.385360345],[13.678505404,52.386571227],[13.67920369,52.387059799],[13.679047976,52.388264108],[13.68205037,52.388370542],[13.683743347,52.388001268],[13.687288182,52.387377608],[13.688028867,52.386061066],[13.689074094,52.385204566],[13.690084706,52.38530198],[13.690895927,52.385638544],[13.694171625,52.387844766],[13.695421704,52.388870334],[13.695978563,52.388980544],[13.696831602,52.38968011],[13.697506087,52.389854049],[13.697745957,52.391040164],[13.698287619,52.391720136],[13.699036832,52.391757421],[13.698511334,52.391088226],[13.698777843,52.390580307],[13.70017421,52.391133927],[13.701869592,52.393010198],[13.702557661,52.393354848],[13.703568136,52.393249045],[13.704529248,52.393476676],[13.705449801,52.394018865],[13.7065564,52.395073168],[13.707881575,52.395128876],[13.709163469,52.39560608],[13.709725941,52.396292276],[13.710063501,52.396119489],[13.711372926,52.397134959],[13.712547941,52.3977515],[13.713595972,52.398027522],[13.714126587,52.398898846],[13.715145479,52.399279121],[13.715835373,52.399700977],[13.716778634,52.399720927],[13.717564476,52.398921399],[13.718796731,52.398741602],[13.719840518,52.3990661],[13.72279172,52.398226154],[13.724642743,52.398845612],[13.725442413,52.399702279],[13.7262913,52.399566761],[13.72761792,52.400185716],[13.728224032,52.399894023],[13.729466175,52.400183215],[13.729788319,52.399719216],[13.730289188,52.399665754],[13.731305366,52.40007465],[13.732513656,52.40094079],[13.733169661,52.401242153],[13.734267882,52.40213174],[13.734160625,52.403339659],[13.735360206,52.40598156],[13.737973178,52.406715131],[13.738648976,52.407240214],[13.737620583,52.408496638],[13.736881433,52.409674597],[13.736069813,52.410088745],[13.734601142,52.410443281],[13.734083149,52.410754696],[13.733505848,52.412067287],[13.731092809,52.414574059],[13.730223213,52.415396216],[13.729806553,52.416341986],[13.73044341,52.417787392],[13.73139908,52.419155223],[13.731403403,52.419738459]]]]}},{"type":"Feature","properties":{"gebiet_nr":"0907","name":"Treptow-Köpenick 7","bezirk_nr":"09"},"geometry":{"type":"MultiPolygon","coordinates":[[[[13.611497111,52.47062567],[13.611311748,52.47047557],[13.608149146,52.471089817],[13.608373563,52.472852132],[13.604903453,52.47290458],[13.603063986,52.472788307],[13.599893183,52.474327057],[13.597331609,52.475628625],[13.595254193,52.476789174],[13.593929167,52.477392723],[13.591552731,52.478641193],[13.588921484,52.479941659],[13.586343187,52.481115372],[13.581872727,52.479968886],[13.579709443,52.481023087],[13.577914461,52.480363647],[13.575117285,52.479480061],[13.574441899,52.477519729],[13.573838499,52.476966763],[13.57151926,52.475988174],[13.568185106,52.474704091],[13.567717697,52.474580639],[13.567053461,52.473867668],[13.565669705,52.473598728],[13.565126942,52.473954759],[13.563094241,52.473465184],[13.560867586,52.473259714],[13.55734561,52.473288947],[13.555051702,52.473611276],[13.552590389,52.473650167],[13.55153232,52.473622544],[13.549186093,52.473861882],[13.547991103,52.473864693],[13.548477733,52.473309639],[13.542435439,52.47394896],[13.551004033,52.470169538],[13.551894753,52.469908589],[13.553331365,52.469665046],[13.552795329,52.46902756],[13.553107612,52.468831845],[13.563851844,52.464067876],[13.56817563,52.462189167],[13.571836702,52.460553536],[13.57487155,52.459524121],[13.577848573,52.458773191],[13.579294994,52.458514957],[13.579706383,52.45901388],[13.582433847,52.45908232],[13.583144463,52.459036749],[13.586717769,52.459197958],[13.587242899,52.459283505],[13.590186795,52.459179293],[13.597049901,52.45900864],[13.597114602,52.456857248],[13.599912272,52.457419569],[13.601228336,52.457504782],[13.601085742,52.458124394],[13.601419653,52.458218792],[13.605471224,52.458021901],[13.608232741,52.4578471],[13.608712216,52.457932581],[13.610059835,52.457759257],[13.61152806,52.457737932],[13.611476719,52.45721398],[13.610661055,52.456803489],[13.611229678,52.456271497],[13.612439811,52.454141554],[13.612558316,52.453083913],[13.61198015,52.449617933],[13.612082067,52.44812462],[13.611977717,52.447947078],[13.608836544,52.449077227],[13.604626969,52.450429141],[13.603603502,52.449636906],[13.603010021,52.449866026],[13.601700857,52.450100323],[13.599872548,52.450170938],[13.598858253,52.450103148],[13.597749398,52.450287132],[13.596077692,52.450419173],[13.594843516,52.450356606],[13.594901288,52.449789562],[13.594948693,52.44932047],[13.596417942,52.449490697],[13.598623021,52.449045492],[13.60164562,52.44896438],[13.602803364,52.448586275],[13.604331864,52.447944918],[13.605457154,52.447663838],[13.607404597,52.447374792],[13.608599032,52.446967879],[13.60935519,52.4464881],[13.611658684,52.445580751],[13.612526558,52.445100067],[13.614898949,52.444512588],[13.615343188,52.444148669],[13.617046396,52.443339112],[13.617699395,52.443163921],[13.618934708,52.443274539],[13.621224378,52.444158948],[13.622406821,52.443878607],[13.622886235,52.444114971],[13.624852502,52.444379219],[13.625859905,52.444810587],[13.627214399,52.44402245],[13.628187984,52.444212956],[13.629605752,52.44491029],[13.631867826,52.446208779],[13.633110667,52.446690399],[13.635709558,52.44706047],[13.637192087,52.447059443],[13.639934946,52.446683513],[13.641958666,52.446590697],[13.645276894,52.447118625],[13.647286213,52.44766737],[13.648735312,52.448423781],[13.651420964,52.448347751],[13.652469689,52.448418517],[13.653444721,52.448229576],[13.655068579,52.448373876],[13.656562643,52.447967304],[13.657718684,52.447963407],[13.660256922,52.447503484],[13.661798237,52.447427542],[13.662190577,52.446983481],[13.672378512,52.445513311],[13.67574465,52.438593095],[13.674786956,52.434167545],[13.674986582,52.433854725],[13.67620442,52.43290522],[13.677895957,52.430968755],[13.678030903,52.430698197],[13.681756168,52.429294576],[13.68265415,52.429061394],[13.685469036,52.428696053],[13.687067425,52.428936982],[13.688391175,52.429368553],[13.689138549,52.429738409],[13.690584189,52.430044077],[13.693111198,52.429867431],[13.696081747,52.429411882],[13.698409433,52.428747262],[13.69894553,52.428435094],[13.699754279,52.427648256],[13.701613764,52.426653153],[13.702427739,52.426388421],[13.704169309,52.426118581],[13.705577523,52.426055635],[13.707449813,52.425739827],[13.708940184,52.425595903],[13.711614498,52.425744976],[13.713709159,52.425658069],[13.715245875,52.425178827],[13.717684081,52.422753245],[13.719774183,52.42127419],[13.720641894,52.418729357],[13.72101012,52.418401945],[13.722830062,52.417870253],[13.723500317,52.417212773],[13.725132851,52.416381042],[13.72607711,52.416683999],[13.726399922,52.416447374],[13.728126203,52.417433539],[13.728877526,52.417547919],[13.729763238,52.417934474],[13.730068233,52.418253235],[13.729919027,52.419187087],[13.730271775,52.41980776],[13.730788682,52.419602406],[13.731403403,52.419738459],[13.731258428,52.420586935],[13.737656019,52.426690247],[13.739494427,52.426426086],[13.739615578,52.426662321],[13.740766023,52.426416772],[13.741272626,52.42676137],[13.741595047,52.428071319],[13.74132212,52.42827109],[13.738931699,52.428861127],[13.739370025,52.42952213],[13.74009947,52.432472666],[13.734141944,52.433101936],[13.731647808,52.433509489],[13.729699259,52.433977622],[13.727219227,52.434807444],[13.725225948,52.435703309],[13.724149448,52.436290139],[13.722806653,52.436822359],[13.722804399,52.437137794],[13.724418993,52.436497509],[13.726569198,52.435399323],[13.728105804,52.434785115],[13.731426477,52.433799058],[13.734233729,52.433358872],[13.738184919,52.43295888],[13.738279843,52.433285007],[13.742888333,52.432930963],[13.74324147,52.434700996],[13.74407235,52.438064792],[13.750515233,52.441475833],[13.756303857,52.44161339],[13.754452818,52.436686206],[13.759884504,52.436178728],[13.760971777,52.43735565],[13.760923368,52.437876935],[13.755313652,52.438417007],[13.757081369,52.442960536],[13.754366026,52.443277147],[13.756431968,52.446169504],[13.755384308,52.446000805],[13.75501525,52.446539511],[13.753811833,52.447441283],[13.752612889,52.447866743],[13.75025354,52.448323969],[13.74923375,52.448667428],[13.746450206,52.448934501],[13.744774258,52.449233654],[13.743290856,52.448934078],[13.740775216,52.449303201],[13.737856425,52.449634907],[13.73647158,52.449916592],[13.735613434,52.450256187],[13.735558421,52.450613009],[13.734345246,52.45073904],[13.732702808,52.450355902],[13.729067785,52.450783293],[13.720572838,52.456750345],[13.717597264,52.460535172],[13.716177079,52.462483672],[13.71596462,52.46291699],[13.714718656,52.463030263],[13.713354678,52.462989938],[13.711538191,52.463286026],[13.705699673,52.46555114],[13.703529777,52.466624687],[13.701911289,52.467532489],[13.70125472,52.468223981],[13.699079971,52.468281059],[13.700656794,52.466168213],[13.702089799,52.464361882],[13.702560287,52.463307444],[13.702965602,52.461162964],[13.703353541,52.460047467],[13.70525696,52.459869172],[13.705582622,52.457696876],[13.705231732,52.455616697],[13.704624132,52.454753483],[13.70149251,52.454866954],[13.698346616,52.455259837],[13.698681064,52.456480921],[13.698480848,52.457293438],[13.69768987,52.458505322],[13.697528269,52.460477993],[13.69708449,52.461731],[13.695439033,52.464184435],[13.69411222,52.464404479],[13.690975797,52.464741442],[13.689838818,52.465008963],[13.686565192,52.465132899],[13.682774651,52.466065792],[13.6801724,52.467825696],[13.678636381,52.469235495],[13.676406449,52.470012909],[13.675241702,52.470657741],[13.673373597,52.471387318],[13.670075985,52.47308976],[13.667549779,52.473735012],[13.667238291,52.474283305],[13.665722166,52.473948621],[13.663836722,52.473658069],[13.662647709,52.473755498],[13.661504464,52.474045215],[13.658361679,52.474998695],[13.656812648,52.475967866],[13.655463515,52.476643104],[13.65232475,52.477459826],[13.648304481,52.478728661],[13.645775959,52.478870197],[13.643216591,52.479220173],[13.642567327,52.478703534],[13.636146713,52.476144856],[13.631041166,52.475023644],[13.629438434,52.474098975],[13.628178671,52.473541831],[13.625341336,52.473696415],[13.624796979,52.470140395],[13.624707264,52.469054807],[13.625207583,52.468742976],[13.622903235,52.468780678],[13.622607533,52.468059041],[13.623374266,52.466710166],[13.622754822,52.466449537],[13.621381976,52.466636412],[13.621952845,52.467003987],[13.621917371,52.468484087],[13.621021241,52.468494836],[13.621162256,52.470462019],[13.617121241,52.47120138],[13.615071741,52.469711219],[13.613492648,52.470228691],[13.611497111,52.47062567]]]]}},{"type":"Feature","properties":{"gebiet_nr":"1001","name":"Marzahn-Hellersdorf 1","bezirk_nr":"10"},"geometry":{"type":"MultiPolygon","coordinates":[[[[13.586408627,52.549980108],[13.586905907,52.551092799],[13.586911327,52.551623002],[13.587541477,52.552564093],[13.587769321,52.55332622],[13.587599223,52.555621306],[13.586890535,52.556713825],[13.586348397,52.55783695],[13.584694159,52.559275111],[13.584429669,52.559853745],[13.584316232,52.561287043],[13.583834253,52.5625944],[13.583933401,52.563759977],[13.583166625,52.565210112],[13.583192153,52.566243562],[13.583433527,52.566739701],[13.58336182,52.567676961],[13.58209098,52.570173823],[13.5815399,52.57110461],[13.577888005,52.571124738],[13.576964008,52.572901514],[13.575073729,52.573769961],[13.574682787,52.573834588],[13.571407561,52.573236414],[13.569079876,52.573363816],[13.568571351,52.573102064],[13.568269549,52.57378758],[13.567703665,52.574506215],[13.566747593,52.573608892],[13.566465323,52.572928477],[13.564407302,52.572193227],[13.560609264,52.571244008],[13.549630088,52.568665484],[13.545732253,52.567789412],[13.544529034,52.566881855],[13.553417622,52.563229287],[13.554163885,52.564069977],[13.558579738,52.5626725],[13.554351134,52.55779306],[13.558245595,52.556580396],[13.559714683,52.556208294],[13.561001841,52.556209012],[13.562590941,52.556425553],[13.563917984,52.556376835],[13.570284878,52.555641775],[13.56972477,52.553836376],[13.569874539,52.553522528],[13.569358377,52.551983404],[13.570919853,52.551803516],[13.570774503,52.551328065],[13.571976773,52.550713949],[13.572872011,52.550398033],[13.571497267,52.546297778],[13.57161745,52.54610529],[13.575134024,52.547064149],[13.584292206,52.549425809],[13.586243876,52.549586445],[13.586408627,52.549980108]]]]}},{"type":"Feature","properties":{"gebiet_nr":"1002","name":"Marzahn-Hellersdorf 2","bezirk_nr":"10"},"geometry":{"type":"MultiPolygon","coordinates":[[[[13.575134024,52.547064149],[13.57161745,52.54610529],[13.571497267,52.546297778],[13.572872011,52.550398033],[13.571976773,52.550713949],[13.570774503,52.551328065],[13.570919853,52.551803516],[13.569358377,52.551983404],[13.569874539,52.553522528],[13.56972477,52.553836376],[13.570284878,52.555641775],[13.563917984,52.556376835],[13.562590941,52.556425553],[13.561001841,52.556209012],[13.559714683,52.556208294],[13.558245595,52.556580396],[13.554351134,52.55779306],[13.558579738,52.5626725],[13.554163885,52.564069977],[13.553417622,52.563229287],[13.544529034,52.566881855],[13.54251435,52.56618849],[13.541202161,52.566015913],[13.53592665,52.56189801],[13.533949439,52.560386762],[13.529418487,52.5575587],[13.526150719,52.555782954],[13.525354141,52.555317678],[13.526299293,52.553989384],[13.526928484,52.552840548],[13.527484326,52.551515512],[13.528196607,52.549437537],[13.52949858,52.545968937],[13.530007472,52.544469512],[13.530447269,52.54354606],[13.530990676,52.541734827],[13.531894515,52.539525778],[13.531575453,52.539171457],[13.531589953,52.538598131],[13.531661153,52.538386107],[13.534392474,52.53892565],[13.535344024,52.53918879],[13.537416911,52.539586668],[13.53642696,52.538632456],[13.535867529,52.537613862],[13.534943608,52.535417757],[13.534850456,52.534857827],[13.537166065,52.534643019],[13.537133954,52.534490224],[13.54139595,52.534434047],[13.550333401,52.533823645],[13.551157548,52.533607596],[13.551880916,52.533722182],[13.566520956,52.53426068],[13.566713664,52.535104829],[13.569093509,52.538807215],[13.571021873,52.544539795],[13.577275409,52.543774665],[13.576813858,52.544758043],[13.575134024,52.547064149]]]]}},{"type":"Feature","properties":{"gebiet_nr":"1003","name":"Marzahn-Hellersdorf 3","bezirk_nr":"10"},"geometry":{"type":"MultiPolygon","coordinates":[[[[13.625686069,52.530182405],[13.624806242,52.533577498],[13.625742003,52.534038513],[13.624816391,52.538105794],[13.625737523,52.537774199],[13.627537014,52.537483032],[13.628385919,52.537633094],[13.628854602,52.53797547],[13.630581859,52.537619555],[13.631607659,52.537999642],[13.633945044,52.537650838],[13.634901641,52.538221414],[13.637648031,52.540925218],[13.637213558,52.542263348],[13.635447786,52.542302139],[13.634388114,52.542823433],[13.62610298,52.543587561],[13.61871378,52.544211879],[13.613656222,52.545044494],[13.587410078,52.54945024],[13.586408627,52.549980108],[13.586243876,52.549586445],[13.584292206,52.549425809],[13.575134024,52.547064149],[13.576813858,52.544758043],[13.577275409,52.543774665],[13.571021873,52.544539795],[13.569093509,52.538807215],[13.566713664,52.535104829],[13.567081574,52.535128744],[13.568740626,52.5347647],[13.570766193,52.534477299],[13.57313548,52.534053549],[13.574863416,52.534266394],[13.575945259,52.533846784],[13.576545571,52.533468931],[13.577426349,52.532487973],[13.578267834,52.53203981],[13.581370858,52.530980632],[13.584147158,52.530156958],[13.585109725,52.530421473],[13.586795854,52.529985031],[13.589092319,52.529716],[13.589417767,52.530347418],[13.59071562,52.530120641],[13.591303062,52.531328722],[13.592146362,52.532429955],[13.593650428,52.533436419],[13.594988122,52.53396249],[13.601337609,52.535759525],[13.603990927,52.536472657],[13.605019906,52.53646765],[13.606321783,52.534585909],[13.606862898,52.53397312],[13.607809179,52.533526642],[13.610892287,52.532862981],[13.618388904,52.531331518],[13.622864231,52.530367479],[13.625055747,52.529604684],[13.625686069,52.530182405]]]]}},{"type":"Feature","properties":{"gebiet_nr":"1004","name":"Marzahn-Hellersdorf 4","bezirk_nr":"10"},"geometry":{"type":"MultiPolygon","coordinates":[[[[13.566713664,52.535104829],[13.566520956,52.53426068],[13.551880916,52.533722182],[13.551157548,52.533607596],[13.550333401,52.533823645],[13.54139595,52.534434047],[13.537133954,52.534490224],[13.537166065,52.534643019],[13.534850456,52.534857827],[13.534943608,52.535417757],[13.535867529,52.537613862],[13.53642696,52.538632456],[13.537416911,52.539586668],[13.535344024,52.53918879],[13.534392474,52.53892565],[13.531661153,52.538386107],[13.531589953,52.538598131],[13.53059396,52.538456243],[13.527843815,52.537800671],[13.523710046,52.536442899],[13.522396189,52.536135315],[13.517122043,52.535396373],[13.518182629,52.533796855],[13.518613673,52.532895005],[13.519039164,52.528825413],[13.519152369,52.527115388],[13.519116492,52.526116956],[13.519289641,52.525804383],[13.519434382,52.523841864],[13.518952535,52.518436948],[13.518757075,52.514027093],[13.519302406,52.513894586],[13.522018737,52.513839495],[13.52369778,52.513911056],[13.52473652,52.513790634],[13.526162399,52.513779266],[13.52958012,52.513604174],[13.530191107,52.513742165],[13.533981361,52.513620266],[13.535723371,52.5131624],[13.536909043,52.512470441],[13.537580617,52.511784376],[13.537826514,52.511092598],[13.537846539,52.509923467],[13.536212996,52.509992331],[13.536296726,52.507941671],[13.536123021,52.507900201],[13.536296927,52.506403178],[13.53601498,52.506003963],[13.535198558,52.505548619],[13.539490612,52.498544145],[13.541732204,52.498295938],[13.542144587,52.498248602],[13.544083236,52.496207306],[13.543916344,52.495694952],[13.54444975,52.495478745],[13.544840492,52.493199378],[13.546252828,52.491763111],[13.54782259,52.489103222],[13.550138687,52.485489412],[13.549887308,52.484448598],[13.549103975,52.483739045],[13.548276012,52.482480375],[13.547909443,52.482511586],[13.547880469,52.47977873],[13.548450082,52.479775511],[13.55085395,52.477013674],[13.552044245,52.473745983],[13.552590389,52.473650167],[13.555051702,52.473611276],[13.55734561,52.473288947],[13.560867586,52.473259714],[13.563094241,52.473465184],[13.565126942,52.473954759],[13.565669705,52.473598728],[13.567053461,52.473867668],[13.567717697,52.474580639],[13.568185106,52.474704091],[13.567767816,52.476196287],[13.567459496,52.476702617],[13.566550004,52.47735395],[13.564347819,52.478557313],[13.56351143,52.479368653],[13.563620977,52.480368265],[13.563576079,52.482000586],[13.564055723,52.482752089],[13.563940216,52.483377233],[13.564260473,52.484118197],[13.563701078,52.484527317],[13.564876931,52.485389227],[13.565994964,52.486981332],[13.566281201,52.487580886],[13.566779451,52.489250851],[13.567613003,52.490122969],[13.568548949,52.491521747],[13.56900069,52.491704394],[13.569526511,52.492665317],[13.569165384,52.492985067],[13.569184873,52.493845994],[13.568682969,52.494845962],[13.568439962,52.496011407],[13.568186255,52.49635547],[13.568716289,52.497499724],[13.569252629,52.498345623],[13.569346758,52.498430143],[13.570036758,52.498891483],[13.570470911,52.499074114],[13.570949263,52.49924059],[13.571249477,52.49938092],[13.571896544,52.500057006],[13.571980374,52.500140619],[13.572663259,52.500444675],[13.573954665,52.500456934],[13.576619811,52.500596473],[13.577307107,52.500940044],[13.578235056,52.502070032],[13.578439459,52.502335217],[13.578467374,52.502393641],[13.57857461,52.502638118],[13.578656473,52.503194417],[13.578657239,52.503845941],[13.579122249,52.50417144],[13.579317958,52.5043171],[13.579498869,52.50453105],[13.579519132,52.504864459],[13.579471831,52.505028894],[13.579427531,52.505140309],[13.579297257,52.505772011],[13.578677809,52.506607511],[13.577805268,52.507218242],[13.576793833,52.508209038],[13.575411447,52.508983092],[13.574920404,52.50948972],[13.57389737,52.510227066],[13.573388059,52.512423146],[13.573783406,52.513154825],[13.574675646,52.514730553],[13.575596873,52.516772688],[13.575583032,52.517278622],[13.575886794,52.518298721],[13.576413568,52.518835439],[13.576926535,52.52118293],[13.577100504,52.522384499],[13.576975527,52.523472712],[13.577781991,52.525631603],[13.581325979,52.528022512],[13.583809818,52.529979789],[13.584147158,52.530156958],[13.581370858,52.530980632],[13.578267834,52.53203981],[13.577426349,52.532487973],[13.576545571,52.533468931],[13.575945259,52.533846784],[13.574863416,52.534266394],[13.57313548,52.534053549],[13.570766193,52.534477299],[13.568740626,52.5347647],[13.567081574,52.535128744],[13.566713664,52.535104829]]]]}},{"type":"Feature","properties":{"gebiet_nr":"1005","name":"Marzahn-Hellersdorf 5","bezirk_nr":"10"},"geometry":{"type":"MultiPolygon","coordinates":[[[[13.611497111,52.47062567],[13.611366135,52.470649019],[13.616483213,52.474827439],[13.615449968,52.475296453],[13.61354549,52.475613493],[13.614890732,52.480761174],[13.629711985,52.49303199],[13.627487353,52.493307026],[13.625836894,52.493600895],[13.62399941,52.49419579],[13.624445483,52.495041437],[13.625755843,52.49705355],[13.626764463,52.499068343],[13.627207707,52.500374985],[13.628132834,52.503547013],[13.628894574,52.505550434],[13.629502367,52.506718545],[13.632056579,52.510322048],[13.633136406,52.511709512],[13.634177959,52.512845344],[13.63577346,52.514213875],[13.637367524,52.515316382],[13.639645252,52.516679402],[13.641407479,52.517907648],[13.642455105,52.518549146],[13.646934437,52.520618044],[13.655021595,52.523919799],[13.655739342,52.524275488],[13.658500121,52.525942666],[13.65809083,52.526378624],[13.657555476,52.527746514],[13.656908602,52.52983515],[13.653124551,52.529773164],[13.650982065,52.529803287],[13.648537404,52.529636623],[13.646250521,52.529676573],[13.643680785,52.529887263],[13.64167399,52.530317996],[13.640621914,52.53041698],[13.636756826,52.530501859],[13.634400618,52.530471491],[13.631556684,52.530566011],[13.626776486,52.530159938],[13.626007298,52.530397183],[13.625686069,52.530182405],[13.625055747,52.529604684],[13.625273502,52.529285549],[13.621399909,52.527046914],[13.620798696,52.527455774],[13.619132359,52.526665772],[13.618407369,52.527044058],[13.61815263,52.526166958],[13.617589771,52.526263972],[13.61773135,52.52559269],[13.616873882,52.525403909],[13.616819516,52.524720929],[13.615153229,52.524426028],[13.614879423,52.523523756],[13.613180621,52.523756331],[13.612503386,52.522199791],[13.612111532,52.522090109],[13.611753783,52.521326212],[13.610565323,52.520089516],[13.610001196,52.519801871],[13.610477169,52.519434387],[13.609542333,52.517787929],[13.610890359,52.517452015],[13.609432496,52.516108332],[13.606681795,52.513911604],[13.605112277,52.512481578],[13.60392513,52.512388799],[13.603485013,52.511827956],[13.602570363,52.511762176],[13.597672794,52.511928246],[13.595769652,52.512102111],[13.591474426,52.512296835],[13.590340144,52.512443875],[13.58977615,52.512271162],[13.588902639,52.512340086],[13.586976064,52.512305314],[13.584941787,52.512461886],[13.584351197,52.512398774],[13.580147286,52.512526618],[13.579089735,52.512503735],[13.577990157,52.513195256],[13.573783406,52.513154825],[13.573388059,52.512423146],[13.57389737,52.510227066],[13.574920404,52.50948972],[13.575411447,52.508983092],[13.576793833,52.508209038],[13.577805268,52.507218242],[13.578677809,52.506607511],[13.579297257,52.505772011],[13.579427531,52.505140309],[13.579471831,52.505028894],[13.579519132,52.504864459],[13.579498869,52.50453105],[13.579317958,52.5043171],[13.579122249,52.50417144],[13.578657239,52.503845941],[13.578656473,52.503194417],[13.57857461,52.502638118],[13.578467374,52.502393641],[13.578439459,52.502335217],[13.578235056,52.502070032],[13.577307107,52.500940044],[13.576619811,52.500596473],[13.573954665,52.500456934],[13.572663259,52.500444675],[13.571980374,52.500140619],[13.571896544,52.500057006],[13.571249477,52.49938092],[13.570949263,52.49924059],[13.570470911,52.499074114],[13.570036758,52.498891483],[13.569346758,52.498430143],[13.569252629,52.498345623],[13.568716289,52.497499724],[13.568186255,52.49635547],[13.568439962,52.496011407],[13.568682969,52.494845962],[13.569184873,52.493845994],[13.569165384,52.492985067],[13.569526511,52.492665317],[13.56900069,52.491704394],[13.568548949,52.491521747],[13.567613003,52.490122969],[13.566779451,52.489250851],[13.566281201,52.487580886],[13.565994964,52.486981332],[13.564876931,52.485389227],[13.563701078,52.484527317],[13.564260473,52.484118197],[13.563940216,52.483377233],[13.564055723,52.482752089],[13.563576079,52.482000586],[13.563620977,52.480368265],[13.56351143,52.479368653],[13.564347819,52.478557313],[13.566550004,52.47735395],[13.567459496,52.476702617],[13.567767816,52.476196287],[13.568185106,52.474704091],[13.57151926,52.475988174],[13.573838499,52.476966763],[13.574441899,52.477519729],[13.575117285,52.479480061],[13.577914461,52.480363647],[13.579709443,52.481023087],[13.581872727,52.479968886],[13.586343187,52.481115372],[13.588921484,52.479941659],[13.591552731,52.478641193],[13.593929167,52.477392723],[13.595254193,52.476789174],[13.597331609,52.475628625],[13.599893183,52.474327057],[13.603063986,52.472788307],[13.604903453,52.47290458],[13.608373563,52.472852132],[13.608149146,52.471089817],[13.611311748,52.47047557],[13.611497111,52.47062567]]]]}},{"type":"Feature","properties":{"gebiet_nr":"1006","name":"Marzahn-Hellersdorf 6","bezirk_nr":"10"},"geometry":{"type":"MultiPolygon","coordinates":[[[[13.625055747,52.529604684],[13.622864231,52.530367479],[13.618388904,52.531331518],[13.610892287,52.532862981],[13.607809179,52.533526642],[13.606862898,52.53397312],[13.606321783,52.534585909],[13.605019906,52.53646765],[13.603990927,52.536472657],[13.601337609,52.535759525],[13.594988122,52.53396249],[13.593650428,52.533436419],[13.592146362,52.532429955],[13.591303062,52.531328722],[13.59071562,52.530120641],[13.589417767,52.530347418],[13.589092319,52.529716],[13.586795854,52.529985031],[13.585109725,52.530421473],[13.584147158,52.530156958],[13.583809818,52.529979789],[13.581325979,52.528022512],[13.577781991,52.525631603],[13.576975527,52.523472712],[13.577100504,52.522384499],[13.576926535,52.52118293],[13.576413568,52.518835439],[13.575886794,52.518298721],[13.575583032,52.517278622],[13.575596873,52.516772688],[13.574675646,52.514730553],[13.573783406,52.513154825],[13.577990157,52.513195256],[13.579089735,52.512503735],[13.580147286,52.512526618],[13.584351197,52.512398774],[13.584941787,52.512461886],[13.586976064,52.512305314],[13.588902639,52.512340086],[13.58977615,52.512271162],[13.590340144,52.512443875],[13.591474426,52.512296835],[13.595769652,52.512102111],[13.597672794,52.511928246],[13.602570363,52.511762176],[13.603485013,52.511827956],[13.60392513,52.512388799],[13.605112277,52.512481578],[13.606681795,52.513911604],[13.609432496,52.516108332],[13.610890359,52.517452015],[13.609542333,52.517787929],[13.610477169,52.519434387],[13.610001196,52.519801871],[13.610565323,52.520089516],[13.611753783,52.521326212],[13.612111532,52.522090109],[13.612503386,52.522199791],[13.613180621,52.523756331],[13.614879423,52.523523756],[13.615153229,52.524426028],[13.616819516,52.524720929],[13.616873882,52.525403909],[13.61773135,52.52559269],[13.617589771,52.526263972],[13.61815263,52.526166958],[13.618407369,52.527044058],[13.619132359,52.526665772],[13.620798696,52.527455774],[13.621399909,52.527046914],[13.625273502,52.529285549],[13.625055747,52.529604684]]]]}},{"type":"Feature","properties":{"gebiet_nr":"1101","name":"Lichtenberg 1","bezirk_nr":"11"},"geometry":{"type":"MultiPolygon","coordinates":[[[[13.567703665,52.574506215],[13.566898472,52.575470057],[13.566500725,52.576171696],[13.565206908,52.577355445],[13.564522739,52.578199812],[13.563328049,52.579102317],[13.56205332,52.580229426],[13.559511936,52.581897694],[13.555486712,52.584149142],[13.5526814,52.585432485],[13.550180302,52.58646254],[13.546982393,52.587645744],[13.547206066,52.587977492],[13.541679638,52.589142796],[13.534026965,52.590857068],[13.527689235,52.592234957],[13.527177208,52.592229138],[13.522874554,52.592749359],[13.514616298,52.592403061],[13.508143412,52.592150545],[13.505174582,52.596463933],[13.501818412,52.595121463],[13.489039231,52.590079516],[13.488408437,52.589785583],[13.486946442,52.588839509],[13.486005187,52.58801432],[13.485499205,52.587349815],[13.485711076,52.587078358],[13.48800636,52.585369154],[13.488057197,52.585155338],[13.489111726,52.584329816],[13.490304595,52.583601498],[13.494025825,52.580517089],[13.496509674,52.578668641],[13.498944956,52.576708656],[13.498371248,52.576166157],[13.498230357,52.575414741],[13.49507262,52.573813495],[13.495953816,52.573108137],[13.495644004,52.572139059],[13.496808323,52.570939754],[13.502088331,52.566300334],[13.501540382,52.566068806],[13.502654564,52.565277373],[13.505027231,52.563194977],[13.501946815,52.562111611],[13.50548609,52.560961419],[13.509710863,52.559801015],[13.510196543,52.560147469],[13.513559414,52.561514862],[13.512320091,52.562909268],[13.515322145,52.564196283],[13.517511996,52.562428888],[13.520431214,52.560200203],[13.523091347,52.558293834],[13.523925966,52.557634055],[13.525484984,52.556123874],[13.526150719,52.555782954],[13.529418487,52.5575587],[13.533949439,52.560386762],[13.53592665,52.56189801],[13.541202161,52.566015913],[13.54251435,52.56618849],[13.544529034,52.566881855],[13.545732253,52.567789412],[13.549630088,52.568665484],[13.560609264,52.571244008],[13.564407302,52.572193227],[13.566465323,52.572928477],[13.566747593,52.573608892],[13.567703665,52.574506215]]]]}},{"type":"Feature","properties":{"gebiet_nr":"1102","name":"Lichtenberg 2","bezirk_nr":"11"},"geometry":{"type":"MultiPolygon","coordinates":[[[[13.526150719,52.555782954],[13.525484984,52.556123874],[13.523925966,52.557634055],[13.523091347,52.558293834],[13.520431214,52.560200203],[13.517511996,52.562428888],[13.515322145,52.564196283],[13.512320091,52.562909268],[13.513559414,52.561514862],[13.510196543,52.560147469],[13.509710863,52.559801015],[13.50548609,52.560961419],[13.501946815,52.562111611],[13.505027231,52.563194977],[13.502654564,52.565277373],[13.501540382,52.566068806],[13.502088331,52.566300334],[13.496808323,52.570939754],[13.495644004,52.572139059],[13.495953816,52.573108137],[13.49507262,52.573813495],[13.498230357,52.575414741],[13.498371248,52.576166157],[13.498944956,52.576708656],[13.496509674,52.578668641],[13.494025825,52.580517089],[13.490304595,52.583601498],[13.489111726,52.584329816],[13.488057197,52.585155338],[13.48800636,52.585369154],[13.485711076,52.587078358],[13.485499205,52.587349815],[13.484644618,52.585616797],[13.484327344,52.585636187],[13.483563737,52.584075228],[13.481973554,52.584001408],[13.481612883,52.583314407],[13.480473234,52.583525087],[13.479730174,52.581164339],[13.479733919,52.579600707],[13.479943258,52.579200173],[13.480210122,52.577913649],[13.47998811,52.577693207],[13.479913102,52.57541416],[13.480075193,52.575020755],[13.479790733,52.574511772],[13.479459036,52.572692509],[13.482026131,52.572493473],[13.482795609,52.572631003],[13.482923282,52.571474605],[13.487586752,52.569216487],[13.483594088,52.566115913],[13.484107771,52.565970052],[13.483676269,52.564423867],[13.486067609,52.564150843],[13.485593896,52.562415899],[13.48518447,52.561795346],[13.485396124,52.56155027],[13.486974549,52.561357134],[13.489970675,52.560480854],[13.491073815,52.55994563],[13.491613388,52.55949962],[13.494904422,52.556081287],[13.495529832,52.555002709],[13.495671809,52.553863385],[13.495441443,52.552997735],[13.494414564,52.550795813],[13.490325212,52.551697014],[13.486113967,52.552396633],[13.485676753,52.552193919],[13.482220561,52.549644793],[13.481607853,52.549475998],[13.48008062,52.549468727],[13.4797602,52.549102305],[13.480456197,52.548120269],[13.479644039,52.54754663],[13.469541815,52.547773857],[13.468524503,52.548229915],[13.467210357,52.548212214],[13.46701556,52.54806973],[13.467525416,52.546693019],[13.467700077,52.546241494],[13.468701847,52.54352363],[13.469838386,52.540458518],[13.469863317,52.540279569],[13.471399526,52.538066426],[13.473257707,52.536031612],[13.476665905,52.537059536],[13.481190156,52.538668855],[13.484287334,52.53688292],[13.486497954,52.538281155],[13.488436591,52.537157428],[13.491263233,52.536214416],[13.495139934,52.53645243],[13.495349049,52.536010528],[13.497787677,52.536147104],[13.498892252,52.538942193],[13.500947247,52.53877634],[13.501148315,52.537654674],[13.502937776,52.537760107],[13.503076538,52.536892152],[13.505556279,52.537029667],[13.505615327,52.535711685],[13.505526012,52.534634741],[13.517122043,52.535396373],[13.522396189,52.536135315],[13.523710046,52.536442899],[13.527843815,52.537800671],[13.53059396,52.538456243],[13.531589953,52.538598131],[13.531575453,52.539171457],[13.531894515,52.539525778],[13.530990676,52.541734827],[13.530447269,52.54354606],[13.530007472,52.544469512],[13.52949858,52.545968937],[13.528196607,52.549437537],[13.527484326,52.551515512],[13.526928484,52.552840548],[13.526299293,52.553989384],[13.525354141,52.555317678],[13.526150719,52.555782954]]]]}},{"type":"Feature","properties":{"gebiet_nr":"1103","name":"Lichtenberg 3","bezirk_nr":"11"},"geometry":{"type":"MultiPolygon","coordinates":[[[[13.517122043,52.535396373],[13.505526012,52.534634741],[13.505615327,52.535711685],[13.505556279,52.537029667],[13.503076538,52.536892152],[13.502937776,52.537760107],[13.501148315,52.537654674],[13.500947247,52.53877634],[13.498892252,52.538942193],[13.497787677,52.536147104],[13.495349049,52.536010528],[13.495139934,52.53645243],[13.491263233,52.536214416],[13.488436591,52.537157428],[13.486497954,52.538281155],[13.484287334,52.53688292],[13.481190156,52.538668855],[13.476665905,52.537059536],[13.473257707,52.536031612],[13.471399526,52.538066426],[13.469863317,52.540279569],[13.469838386,52.540458518],[13.467310317,52.538494903],[13.467519254,52.538404561],[13.466381941,52.536654259],[13.467803086,52.536122376],[13.468742497,52.534710059],[13.467353591,52.534085436],[13.46695729,52.53405345],[13.464524452,52.533200922],[13.46444271,52.532988729],[13.463387435,52.532632313],[13.463248308,52.532398472],[13.460845342,52.529524848],[13.469506112,52.528029622],[13.471988787,52.527642876],[13.477651623,52.526666115],[13.478938107,52.526610212],[13.480492057,52.526763113],[13.481819624,52.526759352],[13.49977885,52.526362075],[13.499251463,52.518166728],[13.500670477,52.518032546],[13.499598344,52.51383291],[13.501034919,52.513689755],[13.500737723,52.512535573],[13.497968938,52.511402101],[13.500080193,52.511202175],[13.503169955,52.510815413],[13.504956973,52.510669878],[13.512013169,52.510257227],[13.51894893,52.509650835],[13.519983,52.509597849],[13.522100858,52.50964017],[13.52620016,52.510130774],[13.527937829,52.510271521],[13.530484286,52.510335615],[13.532653969,52.510269951],[13.532627727,52.51014322],[13.536212996,52.509992331],[13.537846539,52.509923467],[13.537826514,52.511092598],[13.537580617,52.511784376],[13.536909043,52.512470441],[13.535723371,52.5131624],[13.533981361,52.513620266],[13.530191107,52.513742165],[13.52958012,52.513604174],[13.526162399,52.513779266],[13.52473652,52.513790634],[13.52369778,52.513911056],[13.522018737,52.513839495],[13.519302406,52.513894586],[13.518757075,52.514027093],[13.518952535,52.518436948],[13.519434382,52.523841864],[13.519289641,52.525804383],[13.519116492,52.526116956],[13.519152369,52.527115388],[13.519039164,52.528825413],[13.518613673,52.532895005],[13.518182629,52.533796855],[13.517122043,52.535396373]]]]}},{"type":"Feature","properties":{"gebiet_nr":"1104","name":"Lichtenberg 4","bezirk_nr":"11"},"geometry":{"type":"MultiPolygon","coordinates":[[[[13.500080193,52.511202175],[13.497968938,52.511402101],[13.500737723,52.512535573],[13.501034919,52.513689755],[13.499598344,52.51383291],[13.500670477,52.518032546],[13.499251463,52.518166728],[13.49977885,52.526362075],[13.481819624,52.526759352],[13.480492057,52.526763113],[13.478938107,52.526610212],[13.477651623,52.526666115],[13.471988787,52.527642876],[13.469506112,52.528029622],[13.460845342,52.529524848],[13.460672104,52.529355659],[13.456330434,52.528394231],[13.456196852,52.528263734],[13.458178444,52.526397378],[13.459114983,52.525766956],[13.460261632,52.525284201],[13.462753067,52.524503154],[13.466022568,52.524060106],[13.467094565,52.523816224],[13.468581536,52.5232979],[13.470298255,52.522378164],[13.471037025,52.521774345],[13.472107453,52.520692874],[13.472554421,52.520526308],[13.473770396,52.519086448],[13.474196041,52.519115754],[13.476711319,52.515045383],[13.47774351,52.514728563],[13.477483939,52.514387647],[13.475885579,52.514861009],[13.475435312,52.513432478],[13.475631027,52.51305799],[13.476264493,52.510439228],[13.475826201,52.510256244],[13.475415941,52.509631158],[13.473066436,52.507126167],[13.472709957,52.506357475],[13.471746028,52.50573435],[13.471266176,52.505243955],[13.471293543,52.505000456],[13.470202317,52.503742702],[13.469750726,52.502356382],[13.475163862,52.501546558],[13.475415691,52.501971044],[13.475535517,52.502241692],[13.477800648,52.502161886],[13.479852902,52.502327105],[13.481392369,52.502594107],[13.484330967,52.503279754],[13.486775384,52.504259503],[13.488525016,52.505168298],[13.489505293,52.505816467],[13.495687426,52.508913032],[13.496128288,52.508748167],[13.496960618,52.509185826],[13.497298024,52.509142161],[13.497631478,52.509946818],[13.500080193,52.511202175]]]]}},{"type":"Feature","properties":{"gebiet_nr":"1105","name":"Lichtenberg 5","bezirk_nr":"11"},"geometry":{"type":"MultiPolygon","coordinates":[[[[13.536212996,52.509992331],[13.532627727,52.51014322],[13.532653969,52.510269951],[13.530484286,52.510335615],[13.527937829,52.510271521],[13.52620016,52.510130774],[13.522100858,52.50964017],[13.519983,52.509597849],[13.51894893,52.509650835],[13.512013169,52.510257227],[13.504956973,52.510669878],[13.503169955,52.510815413],[13.500080193,52.511202175],[13.497631478,52.509946818],[13.497298024,52.509142161],[13.496960618,52.509185826],[13.496128288,52.508748167],[13.495687426,52.508913032],[13.489505293,52.505816467],[13.488525016,52.505168298],[13.486775384,52.504259503],[13.484330967,52.503279754],[13.481392369,52.502594107],[13.479852902,52.502327105],[13.477800648,52.502161886],[13.475535517,52.502241692],[13.475415691,52.501971044],[13.477765789,52.501582211],[13.478881406,52.501321203],[13.482904601,52.499925157],[13.48801215,52.497785258],[13.49276774,52.495988018],[13.493119284,52.496106139],[13.491837618,52.497291819],[13.492967389,52.498127059],[13.493579471,52.498768493],[13.494945244,52.500481954],[13.49555946,52.500426021],[13.49786922,52.499641336],[13.503785176,52.497748743],[13.508092365,52.496557],[13.513726761,52.495616197],[13.514089588,52.495373004],[13.515086986,52.493972031],[13.515497076,52.493661479],[13.524531981,52.495874002],[13.525595704,52.494303151],[13.529710043,52.495358011],[13.541209671,52.498195812],[13.541732204,52.498295938],[13.539490612,52.498544145],[13.535198558,52.505548619],[13.53601498,52.506003963],[13.536296927,52.506403178],[13.536123021,52.507900201],[13.536296726,52.507941671],[13.536212996,52.509992331]]]]}},{"type":"Feature","properties":{"gebiet_nr":"1106","name":"Lichtenberg 6","bezirk_nr":"11"},"geometry":{"type":"MultiPolygon","coordinates":[[[[13.475415691,52.501971044],[13.475163862,52.501546558],[13.469750726,52.502356382],[13.46887503,52.500156213],[13.46857203,52.499649867],[13.473078759,52.498988101],[13.484143208,52.491657177],[13.484935451,52.49160331],[13.485772981,52.491198114],[13.486086371,52.490797683],[13.488459497,52.489887436],[13.488810405,52.489247997],[13.491451543,52.488265211],[13.490704766,52.487441179],[13.491215054,52.48713532],[13.492739737,52.48581602],[13.493616795,52.484446546],[13.494178673,52.483118951],[13.496637776,52.483305006],[13.497852218,52.48328207],[13.500594733,52.482685606],[13.501887418,52.482575536],[13.504322595,52.478122491],[13.507856219,52.474904364],[13.512965461,52.475659749],[13.514500357,52.47570075],[13.515511699,52.475592962],[13.516881229,52.475257236],[13.520313166,52.474067828],[13.521580476,52.47521655],[13.522426333,52.474750889],[13.523666097,52.473861392],[13.525578351,52.472327215],[13.527436237,52.470698602],[13.530766478,52.467934342],[13.531440901,52.468386914],[13.534915217,52.471138664],[13.539906478,52.475028237],[13.542238204,52.473965895],[13.542435439,52.47394896],[13.548477733,52.473309639],[13.547991103,52.473864693],[13.549186093,52.473861882],[13.55153232,52.473622544],[13.552590389,52.473650167],[13.552044245,52.473745983],[13.55085395,52.477013674],[13.548450082,52.479775511],[13.547880469,52.47977873],[13.547909443,52.482511586],[13.548276012,52.482480375],[13.549103975,52.483739045],[13.549887308,52.484448598],[13.550138687,52.485489412],[13.54782259,52.489103222],[13.546252828,52.491763111],[13.544840492,52.493199378],[13.54444975,52.495478745],[13.543916344,52.495694952],[13.544083236,52.496207306],[13.542144587,52.498248602],[13.541732204,52.498295938],[13.541209671,52.498195812],[13.529710043,52.495358011],[13.525595704,52.494303151],[13.524531981,52.495874002],[13.515497076,52.493661479],[13.515086986,52.493972031],[13.514089588,52.495373004],[13.513726761,52.495616197],[13.508092365,52.496557],[13.503785176,52.497748743],[13.49786922,52.499641336],[13.49555946,52.500426021],[13.494945244,52.500481954],[13.493579471,52.498768493],[13.492967389,52.498127059],[13.491837618,52.497291819],[13.493119284,52.496106139],[13.49276774,52.495988018],[13.48801215,52.497785258],[13.482904601,52.499925157],[13.478881406,52.501321203],[13.477765789,52.501582211],[13.475415691,52.501971044]]]]}},{"type":"Feature","properties":{"gebiet_nr":"1201","name":"Reinickendorf 1","bezirk_nr":"12"},"geometry":{"type":"MultiPolygon","coordinates":[[[[13.38308202,52.572329023],[13.382204166,52.572025762],[13.379687901,52.572522273],[13.379037292,52.573065777],[13.378913522,52.573454203],[13.378158186,52.5736151],[13.375145729,52.575629974],[13.374273039,52.576047786],[13.371176994,52.57728937],[13.368141747,52.578948875],[13.365278893,52.580605089],[13.364007987,52.581466775],[13.363449068,52.581432285],[13.359214078,52.583773658],[13.358813318,52.584169954],[13.357817604,52.58438607],[13.353324236,52.586898288],[13.351384351,52.588022495],[13.347555653,52.590081321],[13.3474757,52.590124267],[13.345500323,52.589601081],[13.340323395,52.58835395],[13.340078492,52.588123305],[13.345631338,52.580885437],[13.341079812,52.579582304],[13.341170563,52.579464801],[13.338803839,52.578640409],[13.342400711,52.578578997],[13.342385357,52.578444164],[13.344717469,52.578464113],[13.346688613,52.578413969],[13.347418077,52.578298866],[13.347772713,52.577739845],[13.347907124,52.577014955],[13.347729359,52.574344659],[13.345937024,52.574602831],[13.345497664,52.57411023],[13.343275512,52.573543283],[13.342206552,52.573023101],[13.341938483,52.571143387],[13.341746092,52.571016215],[13.340890989,52.566425663],[13.34310348,52.566600823],[13.346418105,52.566934919],[13.3457727,52.562925422],[13.34578171,52.562669328],[13.348711175,52.562070549],[13.349089578,52.561927652],[13.356894157,52.562015774],[13.359713132,52.561853214],[13.360094587,52.560471054],[13.36452292,52.56117559],[13.365101456,52.558116973],[13.366656388,52.558226436],[13.369999194,52.559969912],[13.370828997,52.560539653],[13.377008194,52.560662469],[13.377145338,52.560660961],[13.378582808,52.566191555],[13.381159392,52.566421583],[13.384296467,52.567712206],[13.384545587,52.567734283],[13.387900128,52.567308841],[13.388396668,52.567666603],[13.389281399,52.568240816],[13.387774676,52.56914391],[13.388260029,52.569475302],[13.38308202,52.572329023]]]]}},{"type":"Feature","properties":{"gebiet_nr":"1202","name":"Reinickendorf 2","bezirk_nr":"12"},"geometry":{"type":"MultiPolygon","coordinates":[[[[13.34578171,52.562669328],[13.3457727,52.562925422],[13.346418105,52.566934919],[13.34310348,52.566600823],[13.340890989,52.566425663],[13.341746092,52.571016215],[13.341938483,52.571143387],[13.342206552,52.573023101],[13.343275512,52.573543283],[13.345497664,52.57411023],[13.345937024,52.574602831],[13.347729359,52.574344659],[13.347907124,52.577014955],[13.347772713,52.577739845],[13.347418077,52.578298866],[13.346688613,52.578413969],[13.344717469,52.578464113],[13.342385357,52.578444164],[13.342400711,52.578578997],[13.338803839,52.578640409],[13.341170563,52.579464801],[13.341079812,52.579582304],[13.345631338,52.580885437],[13.340078492,52.588123305],[13.338482691,52.587766889],[13.337214706,52.58760859],[13.33318903,52.587345274],[13.329908585,52.587368576],[13.330079764,52.586889968],[13.332762936,52.581504643],[13.333871371,52.581393864],[13.333134353,52.57891946],[13.332856708,52.578304098],[13.330533637,52.578257875],[13.326893899,52.578116616],[13.324790803,52.578690901],[13.323686125,52.578657526],[13.322812909,52.578431525],[13.319845424,52.578140801],[13.317413643,52.577823543],[13.309434658,52.577605634],[13.307422315,52.577842861],[13.303772118,52.578938301],[13.299348647,52.580439479],[13.298735864,52.580711871],[13.295536613,52.581811899],[13.294115912,52.582786545],[13.293398777,52.582609293],[13.292744463,52.582708098],[13.289870162,52.58256606],[13.290705449,52.58156734],[13.294153642,52.577216834],[13.294715163,52.576307181],[13.292688993,52.575643673],[13.291995204,52.575515904],[13.282105034,52.575678052],[13.266645724,52.575914235],[13.265533292,52.575760774],[13.264902479,52.57551801],[13.261448303,52.57368854],[13.261222988,52.573467676],[13.259002546,52.569655019],[13.252824104,52.558922849],[13.250040701,52.554045125],[13.249133514,52.55203734],[13.250590239,52.551332939],[13.252987512,52.550451763],[13.254243358,52.550127713],[13.256944966,52.549678768],[13.258371401,52.549574477],[13.262766933,52.54946316],[13.270330565,52.549343285],[13.283401235,52.549098837],[13.3015138,52.548805794],[13.30376458,52.551455789],[13.309666607,52.557720958],[13.31254515,52.55849518],[13.317282058,52.559637257],[13.319226057,52.559979315],[13.323408573,52.560520306],[13.324966745,52.560800172],[13.32563289,52.561068767],[13.326419142,52.561672858],[13.326794755,52.562381945],[13.330919382,52.562149685],[13.331788286,52.561657595],[13.337099082,52.564454708],[13.34578171,52.562669328]]]]}},{"type":"Feature","properties":{"gebiet_nr":"1203","name":"Reinickendorf 3","bezirk_nr":"12"},"geometry":{"type":"MultiPolygon","coordinates":[[[[13.264231298,52.626861928],[13.263429728,52.627178491],[13.260301569,52.627741295],[13.257011828,52.627664577],[13.255684059,52.627501366],[13.25173079,52.627305598],[13.249128658,52.627474367],[13.247996006,52.627294618],[13.24605998,52.627284819],[13.245001591,52.627568082],[13.243305207,52.628188061],[13.242088888,52.628287462],[13.240312841,52.627882687],[13.238702408,52.627792052],[13.235785619,52.627795945],[13.23271344,52.62750629],[13.230398864,52.627385342],[13.228098032,52.627541177],[13.225927183,52.627854669],[13.225253537,52.628200164],[13.224241449,52.628409709],[13.223004327,52.628196116],[13.22054574,52.628315321],[13.220696665,52.627805409],[13.220301653,52.626923383],[13.22025747,52.626112654],[13.21976207,52.624433185],[13.218180747,52.622342887],[13.216765836,52.620157886],[13.214826681,52.61925611],[13.209633293,52.612296798],[13.206886578,52.609132846],[13.206038974,52.608543023],[13.205028746,52.60813504],[13.20264771,52.607519055],[13.201958969,52.607149041],[13.201629713,52.606546665],[13.201703433,52.605487424],[13.202326544,52.604244131],[13.205085871,52.602028931],[13.206339613,52.600882218],[13.207266139,52.599837678],[13.208189117,52.599006098],[13.211292893,52.596819827],[13.215322982,52.594962905],[13.218116787,52.593192352],[13.218856292,52.59237713],[13.219256438,52.591396284],[13.218873906,52.590480143],[13.217393859,52.587475347],[13.216430602,52.585712458],[13.215358062,52.584757067],[13.215168765,52.584332247],[13.215428601,52.583526162],[13.216159756,52.582960752],[13.2172036,52.58240181],[13.21807984,52.581460355],[13.218305785,52.580959687],[13.218007691,52.579700548],[13.217958009,52.57853932],[13.218855951,52.577156696],[13.220238033,52.576053411],[13.222037599,52.574938057],[13.22391768,52.574201282],[13.225076396,52.573143911],[13.225264223,52.572604458],[13.225298977,52.571221551],[13.226723294,52.569328418],[13.227042416,52.567808078],[13.228518246,52.566394079],[13.228710587,52.565674006],[13.228557734,52.56512801],[13.227899694,52.563861392],[13.228044243,52.563370316],[13.228325423,52.563098071],[13.230728224,52.561396894],[13.233153405,52.559975223],[13.238134395,52.55747994],[13.238945021,52.557016197],[13.241113803,52.556023978],[13.249133514,52.55203734],[13.250040701,52.554045125],[13.252824104,52.558922849],[13.259002546,52.569655019],[13.261222988,52.573467676],[13.261448303,52.57368854],[13.264902479,52.57551801],[13.265533292,52.575760774],[13.266645724,52.575914235],[13.282105034,52.575678052],[13.291995204,52.575515904],[13.292688993,52.575643673],[13.294715163,52.576307181],[13.294153642,52.577216834],[13.290705449,52.58156734],[13.289870162,52.58256606],[13.28774739,52.585217303],[13.285567488,52.587782074],[13.28325312,52.589960894],[13.282432949,52.590871538],[13.281889173,52.591720075],[13.281266308,52.593240567],[13.280839542,52.593840516],[13.281982633,52.593913043],[13.284287569,52.594493064],[13.285673919,52.594978737],[13.285120635,52.595912633],[13.284190944,52.59704314],[13.282689299,52.598458648],[13.2835286,52.598516799],[13.283910371,52.598766829],[13.284826982,52.598753302],[13.285090736,52.599377724],[13.285906884,52.599379176],[13.286913698,52.600299588],[13.287814238,52.600651741],[13.288574909,52.600768941],[13.289271696,52.601133981],[13.288466246,52.602231628],[13.288636979,52.603061567],[13.288480935,52.603391824],[13.288998517,52.603840827],[13.289149756,52.604328324],[13.289633743,52.604348574],[13.285516418,52.60728345],[13.281345673,52.61018298],[13.293513198,52.61656136],[13.285442024,52.622186369],[13.289533658,52.624321579],[13.289103658,52.624741819],[13.288398868,52.626134503],[13.285886909,52.625748975],[13.283914578,52.625668698],[13.282125204,52.625421772],[13.281232311,52.625164856],[13.280106135,52.625091473],[13.278225342,52.624832539],[13.276149275,52.624804847],[13.274933118,52.625089707],[13.272578993,52.626029865],[13.270430896,52.626136655],[13.268280301,52.626005257],[13.267226996,52.626230322],[13.265799788,52.626307759],[13.264231298,52.626861928]]]]}},{"type":"Feature","properties":{"gebiet_nr":"1204","name":"Reinickendorf 4","bezirk_nr":"12"},"geometry":{"type":"MultiPolygon","coordinates":[[[[13.3474757,52.590124267],[13.346042124,52.59094314],[13.340015243,52.594197086],[13.337433679,52.595627747],[13.335942824,52.595680714],[13.335631872,52.596283839],[13.336167975,52.596892637],[13.338249401,52.598604242],[13.341732249,52.600449499],[13.342504784,52.600808116],[13.345903547,52.60200782],[13.346879372,52.602206032],[13.348062997,52.602687798],[13.349204869,52.603708642],[13.34947304,52.604484801],[13.349280729,52.605488139],[13.348626852,52.606651252],[13.344195614,52.605722361],[13.343665594,52.605968225],[13.34159326,52.607318418],[13.340341367,52.608244601],[13.33703872,52.611226372],[13.336428205,52.611287792],[13.333074373,52.61345735],[13.331053064,52.614865488],[13.330423269,52.614334613],[13.329545636,52.613996322],[13.328840686,52.614103288],[13.326893289,52.61324736],[13.326355491,52.61309143],[13.323454687,52.612849495],[13.321526369,52.613096165],[13.32084778,52.613020726],[13.319254811,52.61238845],[13.31835841,52.612428357],[13.317580292,52.612652787],[13.316419064,52.612562584],[13.315894131,52.612055271],[13.315391188,52.610737435],[13.319139246,52.607594774],[13.319754545,52.606996973],[13.321547913,52.605526927],[13.321810098,52.604968644],[13.320153657,52.604376655],[13.318384771,52.604039566],[13.317965555,52.603832684],[13.317424045,52.603176159],[13.316025653,52.603054777],[13.31563186,52.602595434],[13.314969057,52.602399584],[13.313549238,52.603633277],[13.312190886,52.604605803],[13.309205025,52.60334182],[13.303947236,52.600888202],[13.29833694,52.598360168],[13.293999838,52.596360265],[13.291598926,52.595950905],[13.288656737,52.595697216],[13.287106351,52.595424985],[13.285673919,52.594978737],[13.284287569,52.594493064],[13.281982633,52.593913043],[13.280839542,52.593840516],[13.281266308,52.593240567],[13.281889173,52.591720075],[13.282432949,52.590871538],[13.28325312,52.589960894],[13.285567488,52.587782074],[13.28774739,52.585217303],[13.289870162,52.58256606],[13.292744463,52.582708098],[13.293398777,52.582609293],[13.294115912,52.582786545],[13.295536613,52.581811899],[13.298735864,52.580711871],[13.299348647,52.580439479],[13.303772118,52.578938301],[13.307422315,52.577842861],[13.309434658,52.577605634],[13.317413643,52.577823543],[13.319845424,52.578140801],[13.322812909,52.578431525],[13.323686125,52.578657526],[13.324790803,52.578690901],[13.326893899,52.578116616],[13.330533637,52.578257875],[13.332856708,52.578304098],[13.333134353,52.57891946],[13.333871371,52.581393864],[13.332762936,52.581504643],[13.330079764,52.586889968],[13.329908585,52.587368576],[13.33318903,52.587345274],[13.337214706,52.58760859],[13.338482691,52.587766889],[13.340078492,52.588123305],[13.340323395,52.58835395],[13.345500323,52.589601081],[13.3474757,52.590124267]]]]}},{"type":"Feature","properties":{"gebiet_nr":"1205","name":"Reinickendorf 5","bezirk_nr":"12"},"geometry":{"type":"MultiPolygon","coordinates":[[[[13.366935359,52.625348626],[13.365266008,52.625454593],[13.364600162,52.625179037],[13.364741095,52.624823486],[13.363520577,52.624947492],[13.362664867,52.624815287],[13.361844158,52.624267082],[13.360940578,52.624239899],[13.360542894,52.623826529],[13.359555082,52.623810829],[13.358867859,52.623418369],[13.357117881,52.623196033],[13.356045838,52.623192693],[13.354940124,52.623619716],[13.354365744,52.623373069],[13.352962915,52.623370737],[13.35248625,52.623085665],[13.351356997,52.622786496],[13.351068218,52.623860602],[13.347081222,52.623615823],[13.343976443,52.623737867],[13.343569485,52.623414283],[13.342849974,52.623470975],[13.342200485,52.623204318],[13.341526304,52.623330306],[13.340570655,52.623140188],[13.338775192,52.623339834],[13.33790488,52.622973767],[13.336681409,52.622646371],[13.335481242,52.622147378],[13.334825906,52.62210353],[13.334209502,52.621756932],[13.333552221,52.620898902],[13.331853359,52.619914269],[13.330352418,52.619587912],[13.329937758,52.619113288],[13.329871195,52.618475084],[13.330285173,52.617954906],[13.331407366,52.617507488],[13.331168365,52.617259765],[13.331053064,52.614865488],[13.333074373,52.61345735],[13.336428205,52.611287792],[13.33703872,52.611226372],[13.340341367,52.608244601],[13.34159326,52.607318418],[13.343665594,52.605968225],[13.344195614,52.605722361],[13.348626852,52.606651252],[13.349280729,52.605488139],[13.34947304,52.604484801],[13.349204869,52.603708642],[13.348062997,52.602687798],[13.346879372,52.602206032],[13.345903547,52.60200782],[13.342504784,52.600808116],[13.341732249,52.600449499],[13.338249401,52.598604242],[13.336167975,52.596892637],[13.335631872,52.596283839],[13.335942824,52.595680714],[13.337433679,52.595627747],[13.340015243,52.594197086],[13.346042124,52.59094314],[13.3474757,52.590124267],[13.347555653,52.590081321],[13.350193617,52.590603324],[13.351755076,52.590791178],[13.353690381,52.590897197],[13.355691341,52.590886511],[13.359126726,52.591092016],[13.360647002,52.591267078],[13.367843688,52.597243705],[13.368101151,52.597379961],[13.370145637,52.599077227],[13.371019321,52.600040927],[13.37165711,52.601025011],[13.37426571,52.604764443],[13.376210725,52.607738083],[13.376352286,52.609319998],[13.376284419,52.611127928],[13.37571583,52.613236744],[13.375224462,52.61422511],[13.373133993,52.617285036],[13.372448514,52.618374522],[13.371043105,52.620366489],[13.369517079,52.622256631],[13.367907195,52.624071084],[13.366935359,52.625348626]]]]}},{"type":"Feature","properties":{"gebiet_nr":"1206","name":"Reinickendorf 6","bezirk_nr":"12"},"geometry":{"type":"MultiPolygon","coordinates":[[[[13.336681409,52.622646371],[13.332862783,52.624191623],[13.332549351,52.624026393],[13.329309794,52.625287193],[13.327442089,52.625665313],[13.326185829,52.625814004],[13.323836831,52.62637956],[13.319595055,52.626656208],[13.317349485,52.627195843],[13.314984986,52.627629981],[13.312982875,52.62818545],[13.312328543,52.628198094],[13.308505328,52.627947951],[13.307208659,52.627745862],[13.305346001,52.627595244],[13.302624205,52.627196023],[13.303048281,52.627766023],[13.304817505,52.628171637],[13.306448303,52.62872962],[13.308818642,52.629141291],[13.309694947,52.629478833],[13.310280401,52.630009698],[13.309683113,52.63009527],[13.310187379,52.630621425],[13.309712536,52.632157733],[13.309337166,52.632801055],[13.308576816,52.633574544],[13.307796967,52.634588812],[13.306186476,52.636477905],[13.305781251,52.637353883],[13.307062015,52.637546958],[13.306808516,52.638684853],[13.306270007,52.639605404],[13.307303472,52.639687274],[13.307272358,52.640105958],[13.308227205,52.640234337],[13.308153897,52.640768832],[13.308940761,52.641453013],[13.30918214,52.641985656],[13.309030921,52.642671812],[13.309405793,52.64272314],[13.30919604,52.643944729],[13.30843319,52.643813279],[13.300427672,52.653504007],[13.309969485,52.657350907],[13.309669407,52.657361787],[13.30864066,52.657997962],[13.308835642,52.658215057],[13.30767625,52.658928156],[13.307127354,52.659619528],[13.30408901,52.659387534],[13.302514936,52.659202612],[13.300567899,52.659290728],[13.295523774,52.659300103],[13.293678916,52.659358736],[13.29019315,52.659859316],[13.289030808,52.659950367],[13.287164287,52.659938743],[13.285433537,52.660332766],[13.283313726,52.660580059],[13.282773021,52.660740246],[13.281907663,52.652751527],[13.285131435,52.652627865],[13.285023725,52.651089083],[13.284658556,52.648839632],[13.284466234,52.64659697],[13.283848786,52.641662545],[13.283836803,52.641116137],[13.280777983,52.640848438],[13.276460614,52.640204909],[13.274250113,52.640271144],[13.271975472,52.639864461],[13.269601317,52.639710851],[13.266244692,52.640112266],[13.262152401,52.640682964],[13.262409629,52.639059011],[13.263776536,52.637392631],[13.264686401,52.635967471],[13.265203408,52.634530323],[13.264231298,52.626861928],[13.265799788,52.626307759],[13.267226996,52.626230322],[13.268280301,52.626005257],[13.270430896,52.626136655],[13.272578993,52.626029865],[13.274933118,52.625089707],[13.276149275,52.624804847],[13.278225342,52.624832539],[13.280106135,52.625091473],[13.281232311,52.625164856],[13.282125204,52.625421772],[13.283914578,52.625668698],[13.285886909,52.625748975],[13.288398868,52.626134503],[13.289103658,52.624741819],[13.289533658,52.624321579],[13.285442024,52.622186369],[13.293513198,52.61656136],[13.281345673,52.61018298],[13.285516418,52.60728345],[13.289633743,52.604348574],[13.289149756,52.604328324],[13.288998517,52.603840827],[13.288480935,52.603391824],[13.288636979,52.603061567],[13.288466246,52.602231628],[13.289271696,52.601133981],[13.288574909,52.600768941],[13.287814238,52.600651741],[13.286913698,52.600299588],[13.285906884,52.599379176],[13.285090736,52.599377724],[13.284826982,52.598753302],[13.283910371,52.598766829],[13.2835286,52.598516799],[13.282689299,52.598458648],[13.284190944,52.59704314],[13.285120635,52.595912633],[13.285673919,52.594978737],[13.287106351,52.595424985],[13.288656737,52.595697216],[13.291598926,52.595950905],[13.293999838,52.596360265],[13.29833694,52.598360168],[13.303947236,52.600888202],[13.309205025,52.60334182],[13.312190886,52.604605803],[13.313549238,52.603633277],[13.314969057,52.602399584],[13.31563186,52.602595434],[13.316025653,52.603054777],[13.317424045,52.603176159],[13.317965555,52.603832684],[13.318384771,52.604039566],[13.320153657,52.604376655],[13.321810098,52.604968644],[13.321547913,52.605526927],[13.319754545,52.606996973],[13.319139246,52.607594774],[13.315391188,52.610737435],[13.315894131,52.612055271],[13.316419064,52.612562584],[13.317580292,52.612652787],[13.31835841,52.612428357],[13.319254811,52.61238845],[13.32084778,52.613020726],[13.321526369,52.613096165],[13.323454687,52.612849495],[13.326355491,52.61309143],[13.326893289,52.61324736],[13.328840686,52.614103288],[13.329545636,52.613996322],[13.330423269,52.614334613],[13.331053064,52.614865488],[13.331168365,52.617259765],[13.331407366,52.617507488],[13.330285173,52.617954906],[13.329871195,52.618475084],[13.329937758,52.619113288],[13.330352418,52.619587912],[13.331853359,52.619914269],[13.333552221,52.620898902],[13.334209502,52.621756932],[13.334825906,52.62210353],[13.335481242,52.622147378],[13.336681409,52.622646371]]]]}}]}